Timestamp,PM2.5 (µg/m³),PM10 (µg/m³),NO (µg/m³),NO2 (µg/m³),NOx (ppb),NH3 (µg/m³),SO2 (µg/m³),CO (mg/m³),Ozone (µg/m³),Benzene (µg/m³),Toluene (µg/m³),Xylene (µg/m³),O Xylene (µg/m³),Eth-Benzene (µg/m³),MP-Xylene (µg/m³),AT (°C),RH (%),WS (m/s),WD (deg),RF (mm),TOT-RF (mm),SR (W/mt2),BP (mmHg),VWS (m/s)
2020-01-01 00:00:00,336.48,448.85,12.25,2.62,14.87,NA,NA,4.84,46.45,NA,NA,NA,NA,NA,NA,NA,NA,NA,NA,NA,0.00,NA,NA,NA
2020-01-01 01:00:00,387.56,519.61,12.57,2.67,15.25,NA,NA,5.35,47.28,NA,NA,NA,NA,NA,NA,NA,NA,NA,NA,NA,0.00,NA,NA,NA
2020-01-01 02:00:00,456.46,584.78,18.77,5.23,24.00,NA,NA,7.37,57.37,NA,NA,NA,NA,NA,NA,NA,NA,NA,NA,NA,0.00,NA,NA,NA
2020-01-01 03:00:00,545.85,750.44,33.34,10.54,43.91,NA,NA,4.83,63.19,NA,NA,NA,NA,NA,NA,NA,NA,NA,NA,NA,0.00,NA,NA,NA
2020-01-01 04:00:00,635.35,774.76,38.29,12.57,50.86,NA,NA,0.01,64.14,NA,NA,NA,NA,NA,NA,NA,NA,NA,NA,NA,0.00,NA,NA,NA
2020-01-01 05:00:00,635.64,752.43,39.99,13.35,53.34,NA,NA,0.01,61.25,NA,NA,NA,NA,NA,NA,NA,NA,NA,NA,NA,0.00,NA,NA,NA
2020-01-01 06:00:00,623.85,736.00,39.49,13.29,52.76,NA,NA,1.67,57.90,NA,NA,NA,NA,NA,NA,NA,NA,NA,NA,NA,0.00,NA,NA,NA
2020-01-01 07:00:00,528.08,630.79,27.07,9.37,36.42,NA,NA,8.07,47.49,NA,NA,NA,NA,NA,NA,NA,NA,NA,NA,NA,0.00,NA,NA,NA
2020-01-01 08:00:00,437.37,556.27,21.12,7.44,28.53,NA,NA,7.74,49.87,NA,NA,NA,NA,NA,NA,NA,NA,NA,NA,NA,0.00,NA,NA,NA
2020-01-01 09:00:00,417.77,477.83,8.54,11.13,19.67,NA,NA,4.44,41.62,NA,NA,NA,NA,NA,NA,NA,NA,NA,NA,NA,0.00,NA,NA,NA
2020-01-01 10:00:00,238.97,333.09,24.24,8.85,33.17,NA,NA,2.97,51.31,NA,NA,NA,NA,NA,NA,NA,NA,NA,NA,NA,0.00,NA,NA,NA
2020-01-01 11:00:00,147.00,174.70,17.65,6.71,24.26,NA,NA,2.80,63.31,NA,NA,NA,NA,NA,NA,NA,NA,NA,NA,NA,0.00,NA,NA,NA
2020-01-01 12:00:00,NA,12.23,5.22,3.81,9.03,NA,NA,2.60,72.32,NA,NA,NA,NA,NA,NA,NA,NA,NA,NA,NA,0.00,NA,NA,NA
2020-01-01 13:00:00,NA,23.15,343.01,119.34,198.32,NA,NA,2.64,60.64,NA,NA,NA,NA,NA,NA,NA,NA,NA,NA,NA,0.00,NA,NA,NA
2020-01-01 14:00:00,NA,NA,13.71,5.04,18.83,NA,NA,2.43,76.70,NA,NA,NA,NA,NA,NA,NA,NA,NA,NA,NA,0.00,NA,NA,NA
2020-01-01 15:00:00,7.24,3.74,4.77,1.43,6.20,NA,NA,2.31,77.27,NA,NA,NA,NA,NA,NA,NA,NA,NA,NA,NA,0.00,NA,NA,NA
2020-01-01 16:00:00,39.25,20.50,4.65,0.70,5.35,NA,NA,2.17,74.43,NA,NA,NA,NA,NA,NA,NA,NA,NA,NA,NA,0.00,NA,NA,NA
2020-01-01 17:00:00,37.25,75.51,4.59,0.52,5.11,NA,NA,2.17,64.08,NA,NA,NA,NA,NA,NA,NA,NA,NA,NA,NA,0.00,NA,NA,NA
2020-01-01 18:00:00,91.04,115.92,4.58,0.56,5.14,NA,NA,2.24,41.13,NA,NA,NA,NA,NA,NA,NA,NA,NA,NA,NA,0.00,NA,NA,NA
2020-01-01 19:00:00,140.74,178.75,4.57,1.10,5.67,NA,NA,2.51,37.02,NA,NA,NA,NA,NA,NA,NA,NA,NA,NA,NA,0.00,NA,NA,NA
2020-01-01 20:00:00,181.91,224.57,4.76,1.47,6.23,NA,NA,2.80,35.31,NA,NA,NA,NA,NA,NA,NA,NA,NA,NA,NA,0.00,NA,NA,NA
2020-01-01 21:00:00,204.57,200.27,4.72,0.54,5.21,NA,NA,2.73,30.10,NA,NA,NA,NA,NA,NA,NA,NA,NA,NA,NA,0.00,NA,NA,NA
2020-01-01 22:00:00,221.76,262.49,5.25,0.71,5.86,NA,NA,3.44,38.79,NA,NA,NA,NA,NA,NA,NA,NA,NA,NA,NA,0.00,NA,NA,NA
2020-01-01 23:00:00,303.48,371.53,6.32,0.93,7.25,NA,NA,3.68,41.73,NA,NA,NA,NA,NA,NA,NA,NA,NA,NA,NA,0.00,NA,NA,NA
2020-01-02 00:00:00,238.32,314.49,6.26,0.73,6.92,NA,NA,3.28,33.67,NA,NA,NA,NA,NA,NA,NA,NA,NA,NA,NA,0.00,NA,NA,NA
2020-01-02 01:00:00,251.09,338.42,8.32,2.33,10.65,NA,NA,4.09,35.15,NA,NA,NA,NA,NA,NA,NA,NA,NA,NA,NA,0.00,NA,NA,NA
2020-01-02 02:00:00,273.64,325.49,9.96,2.76,12.72,NA,NA,4.51,33.06,NA,NA,NA,NA,NA,NA,NA,NA,NA,NA,NA,0.00,NA,NA,NA
2020-01-02 03:00:00,280.20,335.19,14.85,4.06,18.92,NA,NA,6.13,39.40,NA,NA,NA,NA,NA,NA,NA,NA,NA,NA,NA,0.00,NA,NA,NA
2020-01-02 04:00:00,361.47,467.60,18.48,5.08,23.56,NA,NA,8.51,47.38,NA,NA,NA,NA,NA,NA,NA,NA,NA,NA,NA,0.00,NA,NA,NA
2020-01-02 05:00:00,436.60,490.74,21.87,6.35,28.22,NA,NA,9.46,48.89,NA,NA,NA,NA,NA,NA,NA,NA,NA,NA,NA,0.00,NA,NA,NA
2020-01-02 06:00:00,396.96,497.49,21.78,6.70,28.48,NA,NA,8.41,46.04,NA,NA,NA,NA,NA,NA,NA,NA,NA,NA,NA,0.00,NA,NA,NA
2020-01-02 07:00:00,336.32,409.86,19.49,5.82,25.31,NA,NA,6.51,41.72,NA,NA,NA,NA,NA,NA,NA,NA,NA,NA,NA,0.00,NA,NA,NA
2020-01-02 08:00:00,307.16,317.02,15.03,4.23,19.26,NA,NA,5.44,43.16,NA,NA,NA,NA,NA,NA,NA,NA,NA,NA,NA,0.00,NA,NA,NA
2020-01-02 09:00:00,329.99,387.89,11.98,10.92,22.89,NA,NA,5.61,50.30,NA,NA,NA,NA,NA,NA,NA,NA,NA,NA,NA,0.00,NA,NA,NA
2020-01-02 10:00:00,327.92,423.89,6.65,6.44,13.08,NA,NA,3.57,50.38,NA,NA,NA,NA,NA,NA,NA,NA,NA,NA,NA,0.00,NA,NA,NA
2020-01-02 11:00:00,165.38,195.61,5.90,7.91,13.82,NA,NA,2.56,58.24,NA,NA,NA,NA,NA,NA,NA,NA,NA,NA,NA,0.00,NA,NA,NA
2020-01-02 12:00:00,105.29,125.88,6.15,11.54,17.70,NA,NA,2.16,54.50,NA,NA,NA,NA,NA,NA,NA,NA,NA,NA,NA,0.00,NA,NA,NA
2020-01-02 13:00:00,88.65,97.02,5.90,11.82,17.72,NA,NA,1.85,57.18,NA,NA,NA,NA,NA,NA,NA,NA,NA,NA,NA,0.00,NA,NA,NA
2020-01-02 14:00:00,92.08,102.43,5.62,9.43,15.04,NA,NA,1.78,62.21,NA,NA,NA,NA,NA,NA,NA,NA,NA,NA,NA,0.00,NA,NA,NA
2020-01-02 15:00:00,71.12,113.50,5.16,6.74,11.90,NA,NA,1.76,68.49,NA,NA,NA,NA,NA,NA,NA,NA,NA,NA,NA,0.00,NA,NA,NA
2020-01-02 16:00:00,81.43,109.15,4.90,4.77,9.67,NA,NA,1.73,71.00,NA,NA,NA,NA,NA,NA,NA,NA,NA,NA,NA,0.00,NA,NA,NA
2020-01-02 17:00:00,70.75,94.87,4.83,4.62,9.45,NA,NA,1.72,59.79,NA,NA,NA,NA,NA,NA,NA,NA,NA,NA,NA,0.00,NA,NA,NA
2020-01-02 18:00:00,83.67,111.17,4.68,6.78,11.46,NA,NA,1.78,42.01,NA,NA,NA,NA,NA,NA,NA,NA,NA,NA,NA,0.00,NA,NA,NA
2020-01-02 19:00:00,123.49,175.76,4.89,13.14,18.05,NA,NA,2.10,20.29,NA,NA,NA,NA,NA,NA,NA,NA,NA,NA,NA,0.00,NA,NA,NA
2020-01-02 20:00:00,247.98,314.53,5.16,17.69,22.86,NA,NA,2.44,10.92,NA,NA,NA,NA,NA,NA,NA,NA,NA,NA,NA,0.00,NA,NA,NA
2020-01-02 21:00:00,238.56,322.01,5.45,13.10,18.53,NA,NA,2.44,10.59,NA,NA,NA,NA,NA,NA,NA,NA,NA,NA,NA,0.00,NA,NA,NA
2020-01-02 22:00:00,238.00,319.43,12.67,20.21,32.93,NA,NA,3.03,8.22,NA,NA,NA,NA,NA,NA,NA,NA,NA,NA,NA,0.00,NA,NA,NA
2020-01-02 23:00:00,283.69,373.71,36.44,36.96,73.51,NA,NA,4.13,8.35,NA,NA,NA,NA,NA,NA,NA,NA,NA,NA,NA,0.00,NA,NA,NA
2020-01-03 00:00:00,248.46,367.40,44.49,32.55,76.99,NA,NA,4.43,8.11,NA,NA,NA,NA,NA,NA,NA,NA,NA,NA,NA,0.00,NA,NA,NA
2020-01-03 01:00:00,319.25,440.77,64.20,44.11,108.41,NA,NA,4.96,8.52,NA,NA,NA,NA,NA,NA,NA,NA,NA,NA,NA,0.00,NA,NA,NA
2020-01-03 02:00:00,348.96,462.95,117.78,69.58,187.40,NA,NA,7.22,8.51,NA,NA,NA,NA,NA,NA,NA,NA,NA,NA,NA,0.00,NA,NA,NA
2020-01-03 03:00:00,375.90,531.97,132.06,64.31,196.46,NA,NA,7.60,7.70,NA,NA,NA,NA,NA,NA,NA,NA,NA,NA,NA,0.00,NA,NA,NA
2020-01-03 04:00:00,377.78,491.69,132.12,63.41,195.39,NA,NA,7.03,7.95,NA,NA,NA,NA,NA,NA,NA,NA,NA,NA,NA,0.00,NA,NA,NA
2020-01-03 05:00:00,229.83,335.56,72.33,40.15,112.27,NA,NA,4.07,6.99,NA,NA,NA,NA,NA,NA,NA,NA,NA,NA,NA,0.00,NA,NA,NA
2020-01-03 06:00:00,90.67,150.99,7.83,12.30,20.13,NA,NA,2.97,6.87,NA,NA,NA,NA,NA,NA,NA,NA,NA,NA,NA,0.00,NA,NA,NA
2020-01-03 07:00:00,82.05,130.31,17.10,12.59,29.70,NA,NA,3.18,7.29,NA,NA,NA,NA,NA,NA,NA,NA,NA,NA,NA,0.00,NA,NA,NA
2020-01-03 08:00:00,128.33,170.63,26.88,19.51,46.46,NA,NA,3.55,8.33,NA,NA,NA,NA,NA,NA,NA,NA,NA,NA,NA,0.00,NA,NA,NA
2020-01-03 09:00:00,188.30,273.34,42.55,64.73,107.25,NA,NA,4.33,11.31,NA,NA,NA,NA,NA,NA,NA,NA,NA,NA,NA,0.00,NA,NA,NA
2020-01-03 10:00:00,189.01,212.45,7.76,13.48,21.19,NA,NA,2.67,29.68,NA,NA,NA,NA,NA,NA,NA,NA,NA,NA,NA,0.00,NA,NA,NA
2020-01-03 11:00:00,52.90,64.62,6.65,10.32,16.96,NA,NA,2.43,43.09,NA,NA,NA,NA,NA,NA,NA,NA,NA,NA,NA,0.00,NA,NA,NA
2020-01-03 12:00:00,56.36,72.46,5.90,7.98,13.87,NA,NA,2.33,51.32,NA,NA,NA,NA,NA,NA,NA,NA,NA,NA,NA,0.00,NA,NA,NA
2020-01-03 13:00:00,53.37,98.66,5.38,5.08,10.46,NA,NA,2.20,55.51,NA,NA,NA,NA,NA,NA,NA,NA,NA,NA,NA,0.00,NA,NA,NA
2020-01-03 14:00:00,42.51,72.84,4.99,2.27,7.26,NA,NA,2.07,55.04,NA,NA,NA,NA,NA,NA,NA,NA,NA,NA,NA,0.00,NA,NA,NA
2020-01-03 15:00:00,30.92,65.15,4.97,2.44,7.40,NA,NA,2.00,57.44,NA,NA,NA,NA,NA,NA,NA,NA,NA,NA,NA,0.00,NA,NA,NA
2020-01-03 16:00:00,34.82,62.11,4.91,2.51,7.42,NA,NA,1.94,57.01,NA,NA,NA,NA,NA,NA,NA,NA,NA,NA,NA,0.00,NA,NA,NA
2020-01-03 17:00:00,34.98,59.52,4.80,2.64,7.45,NA,NA,1.89,54.83,NA,NA,NA,NA,NA,NA,NA,NA,NA,NA,NA,0.00,NA,NA,NA
2020-01-03 18:00:00,38.67,67.86,4.80,6.97,11.77,NA,NA,1.90,35.11,NA,NA,NA,NA,NA,NA,NA,NA,NA,NA,NA,0.00,NA,NA,NA
2020-01-03 19:00:00,47.07,103.99,9.48,22.57,32.03,NA,NA,2.23,12.74,NA,NA,NA,NA,NA,NA,NA,NA,NA,NA,NA,0.00,NA,NA,NA
2020-01-03 20:00:00,120.87,220.05,16.64,34.28,50.92,NA,NA,2.56,7.70,NA,NA,NA,NA,NA,NA,NA,NA,NA,NA,NA,0.00,NA,NA,NA
2020-01-03 21:00:00,142.89,229.39,16.98,29.48,46.48,NA,NA,2.36,8.10,NA,NA,NA,NA,NA,NA,NA,NA,NA,NA,NA,0.00,NA,NA,NA
2020-01-03 22:00:00,87.12,138.05,6.39,13.93,20.33,NA,NA,2.08,10.62,NA,NA,NA,NA,NA,NA,NA,NA,NA,NA,NA,0.00,NA,NA,NA
2020-01-03 23:00:00,82.98,127.26,7.77,12.31,20.07,NA,NA,2.23,7.52,NA,NA,NA,NA,NA,NA,NA,NA,NA,NA,NA,0.00,NA,NA,NA
2020-01-04 00:00:00,119.33,189.89,18.00,16.39,34.38,NA,NA,2.56,7.12,NA,NA,NA,NA,NA,NA,NA,NA,NA,NA,NA,0.00,NA,NA,NA
2020-01-04 01:00:00,140.75,226.29,22.36,14.32,36.68,NA,NA,2.60,7.21,NA,NA,NA,NA,NA,NA,NA,NA,NA,NA,NA,0.00,NA,NA,NA
2020-01-04 02:00:00,134.11,186.51,17.92,11.85,29.78,NA,NA,2.52,7.07,NA,NA,NA,NA,NA,NA,NA,NA,NA,NA,NA,0.00,NA,NA,NA
2020-01-04 03:00:00,129.38,180.41,14.69,9.43,24.12,NA,NA,2.69,7.05,NA,NA,NA,NA,NA,NA,NA,NA,NA,NA,NA,0.00,NA,NA,NA
2020-01-04 04:00:00,146.20,200.63,17.62,8.23,25.84,NA,NA,2.84,7.23,NA,NA,NA,NA,NA,NA,NA,NA,NA,NA,NA,0.00,NA,NA,NA
2020-01-04 05:00:00,150.99,200.99,26.68,14.36,41.04,NA,NA,2.98,7.40,NA,NA,NA,NA,NA,NA,NA,NA,NA,NA,NA,0.00,NA,NA,NA
2020-01-04 06:00:00,189.61,227.32,33.05,18.03,51.06,NA,NA,3.05,7.29,NA,NA,NA,NA,NA,NA,NA,NA,NA,NA,NA,0.00,NA,NA,NA
2020-01-04 07:00:00,193.08,268.42,58.42,24.66,83.05,NA,NA,3.45,7.16,NA,NA,NA,NA,NA,NA,NA,NA,NA,NA,NA,0.00,NA,NA,NA
2020-01-04 08:00:00,205.85,273.72,63.20,28.00,91.16,NA,NA,3.65,8.04,NA,NA,NA,NA,NA,NA,NA,NA,NA,NA,NA,0.00,NA,NA,NA
2020-01-04 09:00:00,219.15,296.72,66.50,63.30,129.90,NA,NA,3.89,9.06,NA,NA,NA,NA,NA,NA,NA,NA,NA,NA,NA,0.00,NA,NA,NA
2020-01-04 10:00:00,231.08,345.79,15.92,42.79,58.73,NA,NA,3.20,19.15,NA,NA,NA,NA,NA,NA,NA,NA,NA,NA,NA,0.00,NA,NA,NA
2020-01-04 11:00:00,214.57,254.26,6.91,16.99,23.90,NA,NA,2.53,50.00,NA,NA,NA,NA,NA,NA,NA,NA,NA,NA,NA,0.00,NA,NA,NA
2020-01-04 12:00:00,159.67,223.92,6.38,15.95,22.33,NA,NA,2.49,61.54,NA,NA,NA,NA,NA,NA,NA,NA,NA,NA,NA,0.00,NA,NA,NA
2020-01-04 13:00:00,109.48,158.65,5.66,10.27,15.93,NA,NA,2.32,65.28,NA,NA,NA,NA,NA,NA,NA,NA,NA,NA,NA,0.00,NA,NA,NA
2020-01-04 14:00:00,88.88,132.98,5.41,8.22,13.63,NA,NA,2.23,67.08,NA,NA,NA,NA,NA,NA,NA,NA,NA,NA,NA,0.00,NA,NA,NA
2020-01-04 15:00:00,84.72,127.87,5.46,9.64,15.10,NA,NA,2.16,66.01,NA,NA,NA,NA,NA,NA,NA,NA,NA,NA,NA,0.00,NA,NA,NA
2020-01-04 16:00:00,98.33,159.53,5.12,9.44,14.56,NA,NA,2.13,65.70,NA,NA,NA,NA,NA,NA,NA,NA,NA,NA,NA,0.00,NA,NA,NA
2020-01-04 17:00:00,100.96,162.61,7.30,27.43,34.73,NA,NA,2.16,42.74,NA,NA,NA,NA,NA,NA,NA,NA,NA,NA,NA,0.00,NA,NA,NA
2020-01-04 18:00:00,107.57,170.69,4.76,13.06,17.83,NA,NA,2.24,41.74,NA,NA,NA,NA,NA,NA,NA,NA,NA,NA,NA,0.00,NA,NA,NA
2020-01-04 19:00:00,136.34,182.74,4.85,17.80,22.64,NA,NA,2.46,26.60,NA,NA,NA,NA,NA,NA,NA,NA,NA,NA,NA,0.00,NA,NA,NA
2020-01-04 20:00:00,220.08,267.29,7.41,39.84,47.24,NA,NA,3.05,8.88,NA,NA,NA,NA,NA,NA,NA,NA,NA,NA,NA,0.00,NA,NA,NA
2020-01-04 21:00:00,241.58,341.01,9.59,46.79,56.39,NA,NA,3.30,7.65,NA,NA,NA,NA,NA,NA,NA,NA,NA,NA,NA,0.00,NA,NA,NA
2020-01-04 22:00:00,225.83,335.45,11.49,35.11,46.60,NA,NA,3.39,7.01,NA,NA,NA,NA,NA,NA,NA,NA,NA,NA,NA,0.00,NA,NA,NA
2020-01-04 23:00:00,218.91,315.44,15.30,33.74,49.04,NA,NA,3.54,7.10,NA,NA,NA,NA,NA,NA,NA,NA,NA,NA,NA,0.00,NA,NA,NA
2020-01-05 00:00:00,196.36,309.06,15.50,30.89,46.39,NA,NA,3.54,6.74,NA,NA,NA,NA,NA,NA,NA,NA,NA,NA,NA,0.00,NA,NA,NA
2020-01-05 01:00:00,188.00,306.84,12.47,25.37,37.85,NA,NA,3.36,6.87,NA,NA,NA,NA,NA,NA,NA,NA,NA,NA,NA,0.00,NA,NA,NA
2020-01-05 02:00:00,192.14,260.92,9.29,19.76,29.06,NA,NA,3.15,6.67,NA,NA,NA,NA,NA,NA,NA,NA,NA,NA,NA,0.00,NA,NA,NA
2020-01-05 03:00:00,173.05,234.29,9.15,16.73,25.89,NA,NA,3.00,6.70,NA,NA,NA,NA,NA,NA,NA,NA,NA,NA,NA,0.00,NA,NA,NA
2020-01-05 04:00:00,151.27,205.32,16.05,18.82,34.86,NA,NA,2.85,6.86,NA,NA,NA,NA,NA,NA,NA,NA,NA,NA,NA,0.00,NA,NA,NA
2020-01-05 05:00:00,138.85,242.67,19.10,23.10,42.22,NA,NA,2.88,7.04,NA,NA,NA,NA,NA,NA,NA,NA,NA,NA,NA,0.00,NA,NA,NA
2020-01-05 06:00:00,157.31,258.20,12.78,21.73,34.51,NA,NA,2.94,7.02,NA,NA,NA,NA,NA,NA,NA,NA,NA,NA,NA,0.00,NA,NA,NA
2020-01-05 07:00:00,173.86,285.82,20.54,20.16,40.70,NA,NA,2.87,6.80,NA,NA,NA,NA,NA,NA,NA,NA,NA,NA,NA,0.00,NA,NA,NA
2020-01-05 08:00:00,191.45,267.21,23.59,18.22,41.81,NA,NA,2.86,8.24,NA,NA,NA,NA,NA,NA,NA,NA,NA,NA,NA,0.00,NA,NA,NA
2020-01-05 09:00:00,243.43,328.46,22.81,49.00,71.83,NA,NA,3.05,13.48,NA,NA,NA,NA,NA,NA,NA,NA,NA,NA,NA,0.00,NA,NA,NA
2020-01-05 10:00:00,265.21,383.87,11.30,33.90,45.21,NA,NA,2.81,34.55,NA,NA,NA,NA,NA,NA,NA,NA,NA,NA,NA,0.00,NA,NA,NA
2020-01-05 11:00:00,181.51,272.23,7.62,21.35,28.97,NA,NA,2.54,55.64,NA,NA,NA,NA,NA,NA,NA,NA,NA,NA,NA,0.00,NA,NA,NA
2020-01-05 12:00:00,134.26,218.57,6.24,13.98,20.23,NA,NA,2.32,66.55,NA,NA,NA,NA,NA,NA,NA,NA,NA,NA,NA,0.00,NA,NA,NA
2020-01-05 13:00:00,76.55,146.43,6.31,11.04,17.35,NA,NA,2.11,62.46,NA,NA,NA,NA,NA,NA,NA,NA,NA,NA,NA,0.00,NA,NA,NA
2020-01-05 14:00:00,83.68,126.88,5.41,6.96,12.37,NA,NA,2.00,65.73,NA,NA,NA,NA,NA,NA,NA,NA,NA,NA,NA,0.00,NA,NA,NA
2020-01-05 15:00:00,82.14,106.70,5.01,4.46,9.47,NA,NA,1.95,69.47,NA,NA,NA,NA,NA,NA,NA,NA,NA,NA,NA,0.00,NA,NA,NA
2020-01-05 16:00:00,82.02,111.44,4.87,5.41,10.28,NA,NA,1.93,65.85,NA,NA,NA,NA,NA,NA,NA,NA,NA,NA,NA,0.00,NA,NA,NA
2020-01-05 17:00:00,89.42,124.29,4.84,8.83,13.67,NA,NA,1.96,58.20,NA,NA,NA,NA,NA,NA,NA,NA,NA,NA,NA,0.00,NA,NA,NA
2020-01-05 18:00:00,112.95,161.54,4.88,16.87,21.75,NA,NA,2.17,40.52,NA,NA,NA,NA,NA,NA,NA,NA,NA,NA,NA,0.00,NA,NA,NA
2020-01-05 19:00:00,145.61,193.39,4.94,17.38,22.33,NA,NA,2.35,31.33,NA,NA,NA,NA,NA,NA,NA,NA,NA,NA,NA,0.00,NA,NA,NA
2020-01-05 20:00:00,156.02,208.86,4.89,16.80,21.69,NA,NA,2.41,20.43,NA,NA,NA,NA,NA,NA,NA,NA,NA,NA,NA,0.00,NA,NA,NA
2020-01-05 21:00:00,209.05,268.20,5.11,21.36,26.47,NA,NA,2.67,14.60,NA,NA,NA,NA,NA,NA,NA,NA,NA,NA,NA,0.00,NA,NA,NA
2020-01-05 22:00:00,210.05,277.49,5.27,24.14,29.41,NA,NA,2.84,10.59,NA,NA,NA,NA,NA,NA,NA,NA,NA,NA,NA,0.00,NA,NA,NA
2020-01-05 23:00:00,199.55,262.39,6.43,24.00,30.44,NA,NA,2.82,7.02,NA,NA,NA,NA,NA,NA,NA,NA,NA,NA,NA,0.00,NA,NA,NA
2020-01-06 00:00:00,189.67,270.18,18.22,31.06,49.27,NA,NA,2.77,6.84,NA,NA,NA,NA,NA,NA,NA,NA,NA,NA,NA,0.00,NA,NA,NA
2020-01-06 01:00:00,162.97,285.50,9.00,24.43,33.45,NA,NA,2.62,7.21,NA,NA,NA,NA,NA,NA,NA,NA,NA,NA,NA,0.00,NA,NA,NA
2020-01-06 02:00:00,171.69,255.43,7.81,19.31,27.11,NA,NA,2.47,8.01,NA,NA,NA,NA,NA,NA,NA,NA,NA,NA,NA,0.00,NA,NA,NA
2020-01-06 03:00:00,187.28,239.70,5.79,14.07,19.85,NA,NA,2.34,10.83,NA,NA,NA,NA,NA,NA,NA,NA,NA,NA,NA,0.00,NA,NA,NA
2020-01-06 04:00:00,171.35,209.39,5.38,10.37,15.74,NA,NA,2.35,9.58,NA,NA,NA,NA,NA,NA,NA,NA,NA,NA,NA,0.00,NA,NA,NA
2020-01-06 05:00:00,155.76,230.37,6.67,11.33,18.00,NA,NA,2.36,7.07,NA,NA,NA,NA,NA,NA,NA,NA,NA,NA,NA,0.00,NA,NA,NA
2020-01-06 06:00:00,146.28,219.23,8.25,15.32,23.57,NA,NA,2.38,6.94,NA,NA,NA,NA,NA,NA,NA,NA,NA,NA,NA,0.00,NA,NA,NA
2020-01-06 07:00:00,151.45,206.79,12.58,14.74,27.31,NA,NA,2.35,7.02,NA,NA,NA,NA,NA,NA,NA,NA,NA,NA,NA,0.00,NA,NA,NA
2020-01-06 08:00:00,161.44,237.23,45.40,31.36,76.71,NA,NA,2.54,7.18,NA,NA,NA,NA,NA,NA,NA,NA,NA,NA,NA,0.00,NA,NA,NA
2020-01-06 09:00:00,197.08,284.45,34.07,34.32,68.46,NA,NA,2.51,10.55,NA,NA,NA,NA,NA,NA,NA,NA,NA,NA,NA,0.00,NA,NA,NA
2020-01-06 10:00:00,140.15,216.88,6.67,13.42,20.09,NA,NA,2.25,29.95,NA,NA,NA,NA,NA,NA,NA,NA,NA,NA,NA,0.00,NA,NA,NA
2020-01-06 11:00:00,99.95,177.25,6.69,16.16,22.84,NA,NA,2.12,37.65,NA,NA,NA,NA,NA,NA,NA,NA,NA,NA,NA,0.00,NA,NA,NA
2020-01-06 12:00:00,73.56,155.52,10.61,31.94,42.56,NA,NA,2.26,35.10,NA,NA,NA,NA,NA,NA,NA,NA,NA,NA,NA,0.00,NA,NA,NA
2020-01-06 13:00:00,69.53,121.16,6.47,13.99,20.47,NA,NA,2.01,44.43,NA,NA,NA,NA,NA,NA,NA,NA,NA,NA,NA,0.00,NA,NA,NA
2020-01-06 14:00:00,53.33,105.08,7.02,23.34,30.36,NA,NA,2.13,43.04,NA,NA,NA,NA,NA,NA,NA,NA,NA,NA,NA,0.00,NA,NA,NA
2020-01-06 15:00:00,88.16,156.73,6.31,26.23,32.54,NA,NA,2.26,40.14,NA,NA,NA,NA,NA,NA,NA,NA,NA,NA,NA,0.00,NA,NA,NA
2020-01-06 16:00:00,90.39,171.08,6.11,27.00,33.11,NA,NA,2.34,35.38,NA,NA,NA,NA,NA,NA,NA,NA,NA,NA,NA,0.00,NA,NA,NA
2020-01-06 17:00:00,103.36,211.32,5.15,19.63,24.79,NA,NA,2.23,31.38,NA,NA,NA,NA,NA,NA,NA,NA,NA,NA,NA,0.00,NA,NA,NA
2020-01-06 18:00:00,94.59,185.30,5.05,19.52,24.57,NA,NA,2.28,25.19,NA,NA,NA,NA,NA,NA,NA,NA,NA,NA,NA,0.00,NA,NA,NA
2020-01-06 19:00:00,124.94,187.32,5.15,23.33,28.47,NA,NA,2.47,17.52,NA,NA,NA,NA,NA,NA,NA,NA,NA,NA,NA,0.00,NA,NA,NA
2020-01-06 20:00:00,134.19,170.49,5.12,24.26,29.38,NA,NA,2.47,16.71,NA,NA,NA,NA,NA,NA,NA,NA,NA,NA,NA,0.00,NA,NA,NA
2020-01-06 21:00:00,119.99,134.44,5.16,22.11,27.26,NA,NA,2.42,14.04,NA,NA,NA,NA,NA,NA,NA,NA,NA,NA,NA,0.00,NA,NA,NA
2020-01-06 22:00:00,117.28,138.03,5.29,23.23,28.51,NA,NA,2.51,9.61,NA,NA,NA,NA,NA,NA,NA,NA,NA,NA,NA,0.00,NA,NA,NA
2020-01-06 23:00:00,110.99,145.29,5.16,21.87,27.03,NA,NA,2.49,11.69,NA,NA,NA,NA,NA,NA,NA,NA,NA,NA,NA,0.00,NA,NA,NA
2020-01-07 00:00:00,103.49,172.40,5.13,17.58,22.71,NA,NA,2.32,18.10,NA,NA,NA,NA,NA,NA,NA,NA,NA,NA,NA,0.00,NA,NA,NA
2020-01-07 01:00:00,91.50,144.72,5.12,14.29,19.41,NA,NA,2.22,18.15,NA,NA,NA,NA,NA,NA,NA,NA,NA,NA,NA,0.00,NA,NA,NA
2020-01-07 02:00:00,83.83,117.91,5.61,10.52,16.13,NA,NA,2.18,10.98,NA,NA,NA,NA,NA,NA,NA,NA,NA,NA,NA,0.00,NA,NA,NA
2020-01-07 03:00:00,66.24,111.58,5.28,14.90,20.18,NA,NA,2.16,11.50,NA,NA,NA,NA,NA,NA,NA,NA,NA,NA,NA,0.00,NA,NA,NA
2020-01-07 04:00:00,59.33,108.16,5.20,10.97,16.17,NA,NA,2.14,12.42,NA,NA,NA,NA,NA,NA,NA,NA,NA,NA,NA,0.00,NA,NA,NA
2020-01-07 05:00:00,68.87,92.91,5.75,5.14,10.89,NA,NA,2.13,8.93,NA,NA,NA,NA,NA,NA,NA,NA,NA,NA,NA,0.00,NA,NA,NA
2020-01-07 06:00:00,73.32,98.40,6.83,8.58,15.42,NA,NA,2.18,7.29,NA,NA,NA,NA,NA,NA,NA,NA,NA,NA,NA,0.00,NA,NA,NA
2020-01-07 07:00:00,83.82,111.62,6.04,13.71,19.74,NA,NA,2.19,8.62,NA,NA,NA,NA,NA,NA,NA,NA,NA,NA,NA,0.00,NA,NA,NA
2020-01-07 08:00:00,74.73,101.53,7.50,13.21,20.72,NA,NA,2.19,10.30,NA,NA,NA,NA,NA,NA,NA,NA,NA,NA,NA,0.00,NA,NA,NA
2020-01-07 09:00:00,105.25,118.32,9.23,15.05,24.27,NA,NA,2.25,16.23,NA,NA,NA,NA,NA,NA,NA,NA,NA,NA,NA,0.00,NA,NA,NA
2020-01-07 10:00:00,121.31,160.52,7.86,16.26,24.13,NA,NA,2.32,27.02,NA,NA,NA,NA,NA,NA,NA,NA,NA,NA,NA,0.00,NA,NA,NA
2020-01-07 11:00:00,161.35,237.22,6.51,11.57,18.08,NA,NA,2.25,31.85,NA,NA,NA,NA,NA,NA,NA,NA,NA,NA,NA,0.00,NA,NA,NA
2020-01-07 12:00:00,111.59,152.02,5.55,7.01,12.57,NA,NA,2.16,32.22,NA,NA,NA,NA,NA,NA,NA,NA,NA,NA,NA,0.00,NA,NA,NA
2020-01-07 13:00:00,91.14,115.26,6.46,8.74,15.20,NA,NA,2.10,41.85,NA,NA,NA,NA,NA,NA,NA,NA,NA,NA,NA,0.00,NA,NA,NA
2020-01-07 14:00:00,75.24,132.22,5.99,8.80,14.80,NA,NA,2.09,45.09,NA,NA,NA,NA,NA,NA,NA,NA,NA,NA,NA,0.00,NA,NA,NA
2020-01-07 15:00:00,75.65,119.22,5.60,8.56,14.16,NA,NA,2.07,42.55,NA,NA,NA,NA,NA,NA,NA,NA,NA,NA,NA,0.00,NA,NA,NA
2020-01-07 16:00:00,77.79,118.72,5.29,7.41,12.69,NA,NA,2.10,41.27,NA,NA,NA,NA,NA,NA,NA,NA,NA,NA,NA,0.00,NA,NA,NA
2020-01-07 17:00:00,105.46,142.96,5.06,7.27,12.33,NA,NA,2.16,36.12,NA,NA,NA,NA,NA,NA,NA,NA,NA,NA,NA,0.00,NA,NA,NA
2020-01-07 18:00:00,110.53,172.20,4.99,11.02,16.02,NA,NA,2.26,28.48,NA,NA,NA,NA,NA,NA,NA,NA,NA,NA,NA,0.00,NA,NA,NA
2020-01-07 19:00:00,135.33,177.19,5.08,14.54,19.64,NA,NA,2.37,21.18,NA,NA,NA,NA,NA,NA,NA,NA,NA,NA,NA,0.00,NA,NA,NA
2020-01-07 20:00:00,176.17,203.99,5.15,16.82,21.96,NA,NA,2.43,15.46,NA,NA,NA,NA,NA,NA,NA,NA,NA,NA,NA,0.00,NA,NA,NA
2020-01-07 21:00:00,168.88,175.56,5.04,11.63,16.65,NA,NA,2.33,20.20,NA,NA,NA,NA,NA,NA,NA,NA,NA,NA,NA,0.00,NA,NA,NA
2020-01-07 22:00:00,120.79,130.10,4.95,8.16,13.11,NA,NA,2.21,23.51,NA,NA,NA,NA,NA,NA,NA,NA,NA,NA,NA,0.00,NA,NA,NA
2020-01-07 23:00:00,86.50,96.59,4.90,7.10,12.01,NA,NA,2.13,26.01,NA,NA,NA,NA,NA,NA,NA,NA,NA,NA,NA,0.00,NA,NA,NA
2020-01-08 00:00:00,86.05,97.84,4.93,7.31,12.24,NA,NA,2.08,26.43,NA,NA,NA,NA,NA,NA,NA,NA,NA,NA,NA,0.00,NA,NA,NA
2020-01-08 01:00:00,90.72,123.79,4.87,4.87,9.74,NA,NA,2.12,21.40,NA,NA,NA,NA,NA,NA,NA,NA,NA,NA,NA,0.00,NA,NA,NA
2020-01-08 02:00:00,80.31,127.46,4.95,7.00,11.97,NA,NA,2.11,15.80,NA,NA,NA,NA,NA,NA,NA,NA,NA,NA,NA,0.00,NA,NA,NA
2020-01-08 03:00:00,91.72,138.07,5.14,7.91,13.05,NA,NA,2.08,14.28,NA,NA,NA,NA,NA,NA,NA,NA,NA,NA,NA,0.00,NA,NA,NA
2020-01-08 04:00:00,92.69,141.71,5.29,8.09,13.33,NA,NA,2.06,14.53,NA,NA,NA,NA,NA,NA,NA,NA,NA,NA,NA,0.00,NA,NA,NA
2020-01-08 05:00:00,92.03,139.40,438.85,268.18,NA,NA,NA,2.59,4.68,NA,NA,NA,NA,NA,NA,NA,NA,NA,NA,NA,0.00,NA,NA,NA
2020-01-08 06:00:00,40.57,68.14,26.14,12.15,37.90,NA,NA,2.43,7.78,NA,NA,NA,NA,NA,NA,NA,NA,NA,NA,NA,0.00,NA,NA,NA
2020-01-08 07:00:00,NA,NA,11.16,8.91,20.11,NA,NA,2.35,7.09,NA,NA,NA,NA,NA,NA,NA,NA,NA,NA,NA,0.00,NA,NA,NA
2020-01-08 08:00:00,35.38,24.38,23.04,21.19,44.27,NA,NA,2.56,7.90,NA,NA,NA,NA,NA,NA,NA,NA,NA,NA,NA,0.00,NA,NA,NA
2020-01-08 09:00:00,61.23,106.14,26.56,24.40,50.95,NA,NA,2.56,7.89,NA,NA,NA,NA,NA,NA,NA,NA,NA,NA,NA,0.00,NA,NA,NA
2020-01-08 10:00:00,34.67,32.04,25.45,24.93,49.18,NA,NA,2.69,7.97,NA,NA,NA,NA,NA,NA,NA,NA,NA,NA,NA,0.00,NA,NA,NA
2020-01-08 11:00:00,60.28,98.13,24.26,27.13,51.39,NA,NA,2.77,7.85,NA,NA,NA,NA,NA,NA,NA,NA,NA,NA,NA,0.00,NA,NA,NA
2020-01-08 12:00:00,99.05,119.84,12.59,22.24,34.85,NA,NA,2.65,9.73,NA,NA,NA,NA,NA,NA,NA,NA,NA,NA,NA,0.00,NA,NA,NA
2020-01-08 13:00:00,125.19,137.79,7.60,16.40,23.99,NA,NA,2.51,10.01,NA,NA,NA,NA,NA,NA,NA,NA,NA,NA,NA,0.00,NA,NA,NA
2020-01-08 14:00:00,141.25,147.82,10.95,20.29,31.23,NA,NA,2.75,8.65,NA,NA,NA,NA,NA,NA,NA,NA,NA,NA,NA,0.00,NA,NA,NA
2020-01-08 15:00:00,153.17,182.44,8.55,19.69,28.25,NA,NA,2.86,9.99,NA,NA,NA,NA,NA,NA,NA,NA,NA,NA,NA,0.00,NA,NA,NA
2020-01-08 16:00:00,136.78,168.07,8.24,18.11,26.34,NA,NA,3.00,7.76,NA,NA,NA,NA,NA,NA,NA,NA,NA,NA,NA,0.00,NA,NA,NA
2020-01-08 17:00:00,143.26,172.78,16.00,23.52,39.51,NA,NA,3.13,7.08,NA,NA,NA,NA,NA,NA,NA,NA,NA,NA,NA,0.00,NA,NA,NA
2020-01-08 18:00:00,119.76,159.77,13.63,22.29,35.93,NA,NA,2.88,7.23,NA,NA,NA,NA,NA,NA,NA,NA,NA,NA,NA,0.00,NA,NA,NA
2020-01-08 19:00:00,112.17,176.15,29.10,24.40,53.46,NA,NA,2.78,7.08,NA,NA,NA,NA,NA,NA,NA,NA,NA,NA,NA,0.00,NA,NA,NA
2020-01-08 20:00:00,134.68,158.02,27.04,22.95,49.98,NA,NA,2.67,7.78,NA,NA,NA,NA,NA,NA,NA,NA,NA,NA,NA,0.00,NA,NA,NA
2020-01-08 21:00:00,119.74,126.19,25.43,20.70,46.18,NA,NA,2.56,9.40,NA,NA,NA,NA,NA,NA,NA,NA,NA,NA,NA,0.00,NA,NA,NA
2020-01-08 22:00:00,92.84,90.97,4.91,8.68,13.59,NA,NA,2.48,15.68,NA,NA,NA,NA,NA,NA,NA,NA,NA,NA,NA,0.00,NA,NA,NA
2020-01-08 23:00:00,74.95,97.43,4.92,4.31,9.23,NA,NA,2.35,21.03,NA,NA,NA,NA,NA,NA,NA,NA,NA,NA,NA,0.00,NA,NA,NA
2020-01-09 00:00:00,68.85,87.57,4.80,3.73,8.53,NA,NA,2.29,22.48,NA,NA,NA,NA,NA,NA,NA,NA,NA,NA,NA,0.00,NA,NA,NA
2020-01-09 01:00:00,68.17,106.72,4.86,3.69,8.55,NA,NA,2.26,23.56,NA,NA,NA,NA,NA,NA,NA,NA,NA,NA,NA,0.00,NA,NA,NA
2020-01-09 02:00:00,57.18,71.65,4.86,3.71,8.58,NA,NA,2.23,24.30,NA,NA,NA,NA,NA,NA,NA,NA,NA,NA,NA,0.00,NA,NA,NA
2020-01-09 03:00:00,50.01,58.26,4.79,3.95,8.74,NA,NA,2.19,23.00,NA,NA,NA,NA,NA,NA,NA,NA,NA,NA,NA,0.00,NA,NA,NA
2020-01-09 04:00:00,48.19,61.30,4.85,7.32,12.17,NA,NA,2.15,18.57,NA,NA,NA,NA,NA,NA,NA,NA,NA,NA,NA,0.00,NA,NA,NA
2020-01-09 05:00:00,44.12,63.83,4.86,8.07,12.93,NA,NA,2.13,18.35,NA,NA,NA,NA,NA,NA,NA,NA,NA,NA,NA,0.00,NA,NA,NA
2020-01-09 06:00:00,45.94,60.60,4.83,6.90,11.73,NA,NA,2.12,17.84,NA,NA,NA,NA,NA,NA,NA,NA,NA,NA,NA,0.00,NA,NA,NA
2020-01-09 07:00:00,50.18,70.60,7.43,12.42,19.85,NA,NA,2.18,13.22,NA,NA,NA,NA,NA,NA,NA,NA,NA,NA,NA,0.00,NA,NA,NA
2020-01-09 08:00:00,89.79,123.48,6.25,11.87,18.12,NA,NA,2.26,13.70,NA,NA,NA,NA,NA,NA,NA,NA,NA,NA,NA,0.00,NA,NA,NA
2020-01-09 09:00:00,76.67,114.68,6.80,10.59,17.39,NA,NA,2.25,17.80,NA,NA,NA,NA,NA,NA,NA,NA,NA,NA,NA,0.00,NA,NA,NA
2020-01-09 10:00:00,80.51,109.46,8.39,10.30,18.69,NA,NA,2.26,23.59,NA,NA,NA,NA,NA,NA,NA,NA,NA,NA,NA,0.00,NA,NA,NA
2020-01-09 11:00:00,75.23,84.65,9.31,12.25,21.56,NA,NA,2.26,30.84,NA,NA,NA,NA,NA,NA,NA,NA,NA,NA,NA,0.00,NA,NA,NA
2020-01-09 12:00:00,96.26,100.03,8.60,11.00,19.60,NA,NA,2.30,35.59,NA,NA,NA,NA,NA,NA,NA,NA,NA,NA,NA,0.00,NA,NA,NA
2020-01-09 13:00:00,98.34,117.62,8.45,12.68,21.13,NA,NA,2.31,39.88,NA,NA,NA,NA,NA,NA,NA,NA,NA,NA,NA,0.00,NA,NA,NA
2020-01-09 14:00:00,93.01,138.46,7.48,11.54,19.03,NA,NA,2.24,43.42,NA,NA,NA,NA,NA,NA,NA,NA,NA,NA,NA,0.00,NA,NA,NA
2020-01-09 15:00:00,87.46,125.72,6.54,9.55,16.09,NA,NA,2.22,43.07,NA,NA,NA,NA,NA,NA,NA,NA,NA,NA,NA,0.00,NA,NA,NA
2020-01-09 16:00:00,76.50,110.66,6.02,10.90,16.92,NA,NA,2.20,41.57,NA,NA,NA,NA,NA,NA,NA,NA,NA,NA,NA,0.00,NA,NA,NA
2020-01-09 17:00:00,68.74,92.26,5.17,9.77,14.94,NA,NA,2.22,38.10,NA,NA,NA,NA,NA,NA,NA,NA,NA,NA,NA,0.00,NA,NA,NA
2020-01-09 18:00:00,67.95,105.50,5.14,9.94,15.08,NA,NA,2.32,26.63,NA,NA,NA,NA,NA,NA,NA,NA,NA,NA,NA,0.00,NA,NA,NA
2020-01-09 19:00:00,84.37,118.66,4.94,12.66,17.60,NA,NA,2.41,21.40,NA,NA,NA,NA,NA,NA,NA,NA,NA,NA,NA,0.00,NA,NA,NA
2020-01-09 20:00:00,101.05,132.82,5.03,15.17,20.20,NA,NA,2.48,15.35,NA,NA,NA,NA,NA,NA,NA,NA,NA,NA,NA,0.00,NA,NA,NA
2020-01-09 21:00:00,109.69,130.43,5.15,12.31,17.46,NA,NA,2.41,14.42,NA,NA,NA,NA,NA,NA,NA,NA,NA,NA,NA,0.00,NA,NA,NA
2020-01-09 22:00:00,106.76,146.03,5.12,13.51,18.64,NA,NA,2.45,13.74,NA,NA,NA,NA,NA,NA,NA,NA,NA,NA,NA,0.00,NA,NA,NA
2020-01-09 23:00:00,91.22,161.36,5.07,9.76,14.83,NA,NA,2.42,15.02,NA,NA,NA,NA,NA,NA,NA,NA,NA,NA,NA,0.00,NA,NA,NA
2020-01-10 00:00:00,100.87,160.01,5.80,7.87,13.68,NA,NA,2.48,8.54,NA,NA,NA,NA,NA,NA,NA,NA,NA,NA,NA,0.00,NA,NA,NA
2020-01-10 01:00:00,102.22,169.47,6.14,9.56,15.70,NA,NA,2.55,10.24,NA,NA,NA,NA,NA,NA,NA,NA,NA,NA,NA,0.00,NA,NA,NA
2020-01-10 02:00:00,97.80,158.67,5.11,12.89,18.00,NA,NA,2.45,13.97,NA,NA,NA,NA,NA,NA,NA,NA,NA,NA,NA,0.00,NA,NA,NA
2020-01-10 03:00:00,91.39,136.97,4.96,11.47,16.43,NA,NA,2.43,15.88,NA,NA,NA,NA,NA,NA,NA,NA,NA,NA,NA,0.00,NA,NA,NA
2020-01-10 04:00:00,72.21,118.91,4.94,12.11,17.05,NA,NA,2.41,18.16,NA,NA,NA,NA,NA,NA,NA,NA,NA,NA,NA,0.00,NA,NA,NA
2020-01-10 05:00:00,57.36,76.49,4.91,6.46,11.37,NA,NA,2.37,25.36,NA,NA,NA,NA,NA,NA,NA,NA,NA,NA,NA,0.00,NA,NA,NA
2020-01-10 06:00:00,62.09,97.64,4.89,5.35,10.24,NA,NA,2.38,28.04,NA,NA,NA,NA,NA,NA,NA,NA,NA,NA,NA,0.00,NA,NA,NA
2020-01-10 07:00:00,60.50,85.38,5.01,7.50,12.52,NA,NA,2.40,24.28,NA,NA,NA,NA,NA,NA,NA,NA,NA,NA,NA,0.00,NA,NA,NA
2020-01-10 08:00:00,68.15,88.47,6.51,10.85,17.36,NA,NA,2.46,22.38,NA,NA,NA,NA,NA,NA,NA,NA,NA,NA,NA,0.00,NA,NA,NA
2020-01-10 09:00:00,94.91,136.36,9.42,18.27,27.70,NA,NA,2.54,23.06,NA,NA,NA,NA,NA,NA,NA,NA,NA,NA,NA,0.00,NA,NA,NA
2020-01-10 10:00:00,133.93,181.73,9.93,19.86,29.79,NA,NA,2.56,30.70,NA,NA,NA,NA,NA,NA,NA,NA,NA,NA,NA,0.00,NA,NA,NA
2020-01-10 11:00:00,142.77,196.16,9.91,20.48,30.39,NA,NA,2.56,39.60,NA,NA,NA,NA,NA,NA,NA,NA,NA,NA,NA,0.00,NA,NA,NA
2020-01-10 12:00:00,136.55,198.19,9.37,21.75,31.11,NA,NA,2.52,48.16,NA,NA,NA,NA,NA,NA,NA,NA,NA,NA,NA,0.00,NA,NA,NA
2020-01-10 13:00:00,120.59,173.68,7.56,14.86,22.41,NA,NA,2.38,51.43,NA,NA,NA,NA,NA,NA,NA,NA,NA,NA,NA,0.00,NA,NA,NA
2020-01-10 14:00:00,92.81,139.51,6.59,11.36,17.95,NA,NA,2.32,54.13,NA,NA,NA,NA,NA,NA,NA,NA,NA,NA,NA,0.00,NA,NA,NA
2020-01-10 15:00:00,86.49,126.90,5.49,8.27,13.76,NA,NA,2.25,64.14,NA,NA,NA,NA,NA,NA,NA,NA,NA,NA,NA,0.00,NA,NA,NA
2020-01-10 16:00:00,91.50,123.96,5.12,8.05,13.17,NA,NA,2.23,67.11,NA,NA,NA,NA,NA,NA,NA,NA,NA,NA,NA,0.00,NA,NA,NA
2020-01-10 17:00:00,83.89,142.60,4.99,11.22,16.21,NA,NA,2.26,57.24,NA,NA,NA,NA,NA,NA,NA,NA,NA,NA,NA,0.00,NA,NA,NA
2020-01-10 18:00:00,80.89,134.85,4.81,12.23,17.05,NA,NA,2.28,46.98,NA,NA,NA,NA,NA,NA,NA,NA,NA,NA,NA,0.00,NA,NA,NA
2020-01-10 19:00:00,99.88,142.82,5.72,30.89,36.71,NA,NA,2.50,17.27,NA,NA,NA,NA,NA,NA,NA,NA,NA,NA,NA,0.00,NA,NA,NA
2020-01-10 20:00:00,127.24,206.03,8.72,41.27,49.95,NA,NA,2.64,10.31,NA,NA,NA,NA,NA,NA,NA,NA,NA,NA,NA,0.00,NA,NA,NA
2020-01-10 21:00:00,134.43,181.13,5.27,25.32,30.58,NA,NA,2.55,22.94,NA,NA,NA,NA,NA,NA,NA,NA,NA,NA,NA,0.00,NA,NA,NA
2020-01-10 22:00:00,142.33,198.01,5.35,31.12,36.48,NA,NA,2.66,16.72,NA,NA,NA,NA,NA,NA,NA,NA,NA,NA,NA,0.00,NA,NA,NA
2020-01-10 23:00:00,127.41,196.49,5.17,26.82,31.98,NA,NA,2.56,17.60,NA,NA,NA,NA,NA,NA,NA,NA,NA,NA,NA,0.00,NA,NA,NA
2020-01-11 00:00:00,123.60,198.87,5.08,24.62,29.66,NA,NA,2.57,16.07,NA,NA,NA,NA,NA,NA,NA,NA,NA,NA,NA,0.00,NA,NA,NA
2020-01-11 01:00:00,127.57,213.75,5.01,21.13,26.13,NA,NA,2.53,15.47,NA,NA,NA,NA,NA,NA,NA,NA,NA,NA,NA,0.00,NA,NA,NA
2020-01-11 02:00:00,129.81,195.70,5.05,23.34,28.40,NA,NA,2.49,14.44,NA,NA,NA,NA,NA,NA,NA,NA,NA,NA,NA,0.00,NA,NA,NA
2020-01-11 03:00:00,110.62,177.25,5.04,22.50,27.55,NA,NA,2.42,15.74,NA,NA,NA,NA,NA,NA,NA,NA,NA,NA,NA,0.00,NA,NA,NA
2020-01-11 04:00:00,106.57,164.63,4.97,17.27,22.22,NA,NA,2.30,20.22,NA,NA,NA,NA,NA,NA,NA,NA,NA,NA,NA,0.00,NA,NA,NA
2020-01-11 05:00:00,117.77,148.66,5.01,15.96,20.98,NA,NA,2.30,17.03,NA,NA,NA,NA,NA,NA,NA,NA,NA,NA,NA,0.00,NA,NA,NA
2020-01-11 06:00:00,138.03,147.77,5.24,19.39,24.64,NA,NA,2.32,13.67,NA,NA,NA,NA,NA,NA,NA,NA,NA,NA,NA,0.00,NA,NA,NA
2020-01-11 07:00:00,132.66,187.99,6.45,21.29,27.78,NA,NA,2.31,11.61,NA,NA,NA,NA,NA,NA,NA,NA,NA,NA,NA,0.00,NA,NA,NA
2020-01-11 08:00:00,126.70,189.23,16.43,27.00,43.45,NA,NA,2.40,10.26,NA,NA,NA,NA,NA,NA,NA,NA,NA,NA,NA,0.00,NA,NA,NA
2020-01-11 09:00:00,151.51,222.98,13.22,26.41,39.61,NA,NA,2.49,21.47,NA,NA,NA,NA,NA,NA,NA,NA,NA,NA,NA,0.00,NA,NA,NA
2020-01-11 10:00:00,105.80,170.02,8.04,18.54,26.59,NA,NA,2.31,45.60,NA,NA,NA,NA,NA,NA,NA,NA,NA,NA,NA,0.00,NA,NA,NA
2020-01-11 11:00:00,77.01,132.40,7.33,15.43,22.75,NA,NA,2.25,53.85,NA,NA,NA,NA,NA,NA,NA,NA,NA,NA,NA,0.00,NA,NA,NA
2020-01-11 12:00:00,68.16,117.59,7.93,17.03,24.96,NA,NA,2.20,53.38,NA,NA,NA,NA,NA,NA,NA,NA,NA,NA,NA,0.00,NA,NA,NA
2020-01-11 13:00:00,59.81,111.42,6.62,13.94,20.56,NA,NA,2.15,60.58,NA,NA,NA,NA,NA,NA,NA,NA,NA,NA,NA,0.00,NA,NA,NA
2020-01-11 14:00:00,63.62,143.38,6.15,12.33,18.48,NA,NA,2.14,67.33,NA,NA,NA,NA,NA,NA,NA,NA,NA,NA,NA,0.00,NA,NA,NA
2020-01-11 15:00:00,52.88,123.76,5.49,10.09,15.58,NA,NA,2.08,69.57,NA,NA,NA,NA,NA,NA,NA,NA,NA,NA,NA,0.00,NA,NA,NA
2020-01-11 16:00:00,76.52,126.50,5.53,14.43,19.96,NA,NA,2.13,64.89,NA,NA,NA,NA,NA,NA,NA,NA,NA,NA,NA,0.00,NA,NA,NA
2020-01-11 17:00:00,81.73,134.05,5.03,14.80,19.83,NA,NA,2.13,58.18,NA,NA,NA,NA,NA,NA,NA,NA,NA,NA,NA,0.00,NA,NA,NA
2020-01-11 18:00:00,99.29,145.84,4.83,15.71,20.54,NA,NA,2.20,38.07,NA,NA,NA,NA,NA,NA,NA,NA,NA,NA,NA,0.00,NA,NA,NA
2020-01-11 19:00:00,123.42,188.30,13.88,39.73,53.59,NA,NA,2.73,10.09,NA,NA,NA,NA,NA,NA,NA,NA,NA,NA,NA,0.00,NA,NA,NA
2020-01-11 20:00:00,174.78,282.50,26.01,44.38,70.38,NA,NA,2.86,7.25,NA,NA,NA,NA,NA,NA,NA,NA,NA,NA,NA,0.00,NA,NA,NA
2020-01-11 21:00:00,206.02,313.63,22.26,30.12,52.39,NA,NA,2.62,7.44,NA,NA,NA,NA,NA,NA,NA,NA,NA,NA,NA,0.00,NA,NA,NA
2020-01-11 22:00:00,189.93,272.29,14.02,35.54,49.56,NA,NA,2.90,7.54,NA,NA,NA,NA,NA,NA,NA,NA,NA,NA,NA,0.00,NA,NA,NA
2020-01-11 23:00:00,203.35,293.37,14.11,32.12,46.23,NA,NA,3.00,7.46,NA,NA,NA,NA,NA,NA,NA,NA,NA,NA,NA,0.00,NA,NA,NA
2020-01-12 00:00:00,189.67,286.43,15.35,30.57,45.92,NA,NA,3.02,7.23,NA,NA,NA,NA,NA,NA,NA,NA,NA,NA,NA,0.00,NA,NA,NA
2020-01-12 01:00:00,204.70,345.24,19.33,28.02,47.34,NA,NA,3.20,6.88,NA,NA,NA,NA,NA,NA,NA,NA,NA,NA,NA,0.00,NA,NA,NA
2020-01-12 02:00:00,226.86,310.64,23.91,24.76,48.67,NA,NA,3.35,7.03,NA,NA,NA,NA,NA,NA,NA,NA,NA,NA,NA,0.00,NA,NA,NA
2020-01-12 03:00:00,221.97,256.78,24.27,17.52,41.80,NA,NA,3.22,7.09,NA,NA,NA,NA,NA,NA,NA,NA,NA,NA,NA,0.00,NA,NA,NA
2020-01-12 04:00:00,190.97,256.54,23.40,17.76,41.16,NA,NA,3.02,7.10,NA,NA,NA,NA,NA,NA,NA,NA,NA,NA,NA,0.00,NA,NA,NA
2020-01-12 05:00:00,165.56,270.49,34.49,28.91,63.38,NA,NA,3.02,7.23,NA,NA,NA,NA,NA,NA,NA,NA,NA,NA,NA,0.00,NA,NA,NA
2020-01-12 06:00:00,181.27,297.71,47.15,32.45,79.59,NA,NA,2.95,7.06,NA,NA,NA,NA,NA,NA,NA,NA,NA,NA,NA,0.00,NA,NA,NA
2020-01-12 07:00:00,217.38,280.94,41.11,24.13,65.25,NA,NA,2.77,6.89,NA,NA,NA,NA,NA,NA,NA,NA,NA,NA,NA,0.00,NA,NA,NA
2020-01-12 08:00:00,212.35,258.32,34.28,32.63,66.93,NA,NA,2.71,8.41,NA,NA,NA,NA,NA,NA,NA,NA,NA,NA,NA,0.00,NA,NA,NA
2020-01-12 09:00:00,208.71,314.63,16.00,32.93,48.94,NA,NA,2.59,15.86,NA,NA,NA,NA,NA,NA,NA,NA,NA,NA,NA,0.00,NA,NA,NA
2020-01-12 10:00:00,200.49,286.46,12.00,31.55,43.56,NA,NA,2.46,31.74,NA,NA,NA,NA,NA,NA,NA,NA,NA,NA,NA,0.00,NA,NA,NA
2020-01-12 11:00:00,140.23,219.29,7.45,18.87,26.32,NA,NA,2.22,53.39,NA,NA,NA,NA,NA,NA,NA,NA,NA,NA,NA,0.00,NA,NA,NA
2020-01-12 12:00:00,90.54,181.66,5.87,11.95,17.82,NA,NA,2.07,66.03,NA,NA,NA,NA,NA,NA,NA,NA,NA,NA,NA,0.00,NA,NA,NA
2020-01-12 13:00:00,93.09,209.75,5.89,14.50,20.39,NA,NA,2.03,72.66,NA,NA,NA,NA,NA,NA,NA,NA,NA,NA,NA,0.00,NA,NA,NA
2020-01-12 14:00:00,104.47,173.13,5.60,11.65,17.26,NA,NA,1.77,74.00,NA,NA,NA,NA,NA,NA,NA,NA,NA,NA,NA,0.00,NA,NA,NA
2020-01-12 15:00:00,83.20,137.24,5.24,9.02,14.25,NA,NA,1.74,71.91,NA,NA,NA,NA,NA,NA,NA,NA,NA,NA,NA,0.00,NA,NA,NA
2020-01-12 16:00:00,71.24,129.51,5.62,14.43,20.04,NA,NA,1.72,66.22,NA,NA,NA,NA,NA,NA,NA,NA,NA,NA,NA,0.00,NA,NA,NA
2020-01-12 17:00:00,82.30,161.70,5.14,20.52,25.66,NA,NA,1.81,56.84,NA,NA,NA,NA,NA,NA,NA,NA,NA,NA,NA,0.00,NA,NA,NA
2020-01-12 18:00:00,101.73,189.43,4.91,16.71,21.62,NA,NA,1.88,41.39,NA,NA,NA,NA,NA,NA,NA,NA,NA,NA,NA,0.00,NA,NA,NA
2020-01-12 19:00:00,118.91,196.32,4.90,15.07,19.96,NA,NA,1.98,24.38,NA,NA,NA,NA,NA,NA,NA,NA,NA,NA,NA,0.00,NA,NA,NA
2020-01-12 20:00:00,154.70,243.74,5.71,20.18,25.89,NA,NA,2.35,9.84,NA,NA,NA,NA,NA,NA,NA,NA,NA,NA,NA,0.00,NA,NA,NA
2020-01-12 21:00:00,206.63,278.95,7.10,27.48,34.58,NA,NA,2.58,7.78,NA,NA,NA,NA,NA,NA,NA,NA,NA,NA,NA,0.00,NA,NA,NA
2020-01-12 22:00:00,207.40,273.01,6.89,22.33,29.23,NA,NA,2.63,6.98,NA,NA,NA,NA,NA,NA,NA,NA,NA,NA,NA,0.00,NA,NA,NA
2020-01-12 23:00:00,184.04,241.90,7.14,22.06,29.20,NA,NA,2.74,7.26,NA,NA,NA,NA,NA,NA,NA,NA,NA,NA,NA,0.00,NA,NA,NA
2020-01-13 00:00:00,175.90,268.42,9.84,14.19,24.02,NA,NA,2.86,6.82,NA,NA,NA,NA,NA,NA,NA,NA,NA,NA,NA,0.00,NA,NA,NA
2020-01-13 01:00:00,179.49,295.66,14.50,34.17,48.66,NA,NA,3.10,8.27,NA,NA,NA,NA,NA,NA,NA,NA,NA,NA,NA,0.00,NA,NA,NA
2020-01-13 02:00:00,204.29,318.19,11.74,26.17,37.92,NA,NA,2.86,8.39,NA,NA,NA,NA,NA,NA,NA,NA,NA,NA,NA,0.00,NA,NA,NA
2020-01-13 03:00:00,204.54,250.61,8.44,16.79,25.23,NA,NA,2.61,8.54,NA,NA,NA,NA,NA,NA,NA,NA,NA,NA,NA,0.00,NA,NA,NA
2020-01-13 04:00:00,202.32,266.44,6.29,13.58,19.87,NA,NA,2.50,8.02,NA,NA,NA,NA,NA,NA,NA,NA,NA,NA,NA,0.00,NA,NA,NA
2020-01-13 05:00:00,187.09,286.64,6.80,12.94,19.73,NA,NA,2.54,7.94,NA,NA,NA,NA,NA,NA,NA,NA,NA,NA,NA,0.00,NA,NA,NA
2020-01-13 06:00:00,186.31,298.66,5.76,12.09,17.86,NA,NA,2.52,22.27,NA,NA,NA,NA,NA,NA,NA,NA,NA,NA,NA,0.00,NA,NA,NA
2020-01-13 07:00:00,197.95,265.90,5.17,10.98,16.15,NA,NA,2.34,29.53,NA,NA,NA,NA,NA,NA,NA,NA,NA,NA,NA,0.00,NA,NA,NA
2020-01-13 08:00:00,214.23,229.97,5.46,10.62,16.08,NA,NA,2.21,38.34,NA,NA,NA,NA,NA,NA,NA,NA,NA,NA,NA,0.00,NA,NA,NA
2020-01-13 09:00:00,170.94,240.55,6.03,11.17,17.21,NA,NA,2.16,46.43,NA,NA,NA,NA,NA,NA,NA,NA,NA,NA,NA,0.00,NA,NA,NA
2020-01-13 10:00:00,176.14,240.48,5.87,10.34,16.21,NA,NA,2.26,49.15,NA,NA,NA,NA,NA,NA,NA,NA,NA,NA,NA,0.00,NA,NA,NA
2020-01-13 11:00:00,182.55,243.40,5.70,8.63,14.33,NA,NA,2.23,53.82,NA,NA,NA,NA,NA,NA,NA,NA,NA,NA,NA,0.00,NA,NA,NA
2020-01-13 12:00:00,167.99,220.82,5.29,7.07,12.37,NA,NA,2.23,57.55,NA,NA,NA,NA,NA,NA,NA,NA,NA,NA,NA,0.00,NA,NA,NA
2020-01-13 13:00:00,176.29,250.43,5.16,5.74,10.91,NA,NA,2.18,56.75,NA,NA,NA,NA,NA,NA,NA,NA,NA,NA,NA,0.00,NA,NA,NA
2020-01-13 14:00:00,177.45,218.21,5.36,5.96,11.32,NA,NA,2.18,58.89,NA,NA,NA,NA,NA,NA,NA,NA,NA,NA,NA,0.00,NA,NA,NA
2020-01-13 15:00:00,147.30,193.51,5.20,6.44,11.63,NA,NA,2.15,58.84,NA,NA,NA,NA,NA,NA,NA,NA,NA,NA,NA,0.00,NA,NA,NA
2020-01-13 16:00:00,131.90,176.91,5.02,5.47,10.49,NA,NA,2.13,54.63,NA,NA,NA,NA,NA,NA,NA,NA,NA,NA,NA,0.00,NA,NA,NA
2020-01-13 17:00:00,120.86,164.97,4.91,6.91,11.82,NA,NA,2.14,49.19,NA,NA,NA,NA,NA,NA,NA,NA,NA,NA,NA,0.00,NA,NA,NA
2020-01-13 18:00:00,125.91,183.05,4.91,9.88,14.79,NA,NA,2.20,37.42,NA,NA,NA,NA,NA,NA,NA,NA,NA,NA,NA,0.00,NA,NA,NA
2020-01-13 19:00:00,197.86,308.95,5.20,9.13,14.33,NA,NA,2.58,14.77,NA,NA,NA,NA,NA,NA,NA,NA,NA,NA,NA,0.00,NA,NA,NA
2020-01-13 20:00:00,236.32,303.14,6.00,19.11,25.11,NA,NA,2.52,10.40,NA,NA,NA,NA,NA,NA,NA,NA,NA,NA,NA,0.00,NA,NA,NA
2020-01-13 21:00:00,173.10,192.26,8.21,22.29,30.50,NA,NA,2.85,7.72,NA,NA,NA,NA,NA,NA,NA,NA,NA,NA,NA,0.00,NA,NA,NA
2020-01-13 22:00:00,118.21,130.29,5.19,13.50,18.69,NA,NA,2.38,12.11,NA,NA,NA,NA,NA,NA,NA,NA,NA,NA,NA,0.00,NA,NA,NA
2020-01-13 23:00:00,79.19,92.17,5.09,9.67,14.75,NA,NA,2.21,16.15,NA,NA,NA,NA,NA,NA,NA,NA,NA,NA,NA,0.00,NA,NA,NA
2020-01-14 00:00:00,74.39,85.38,5.03,7.81,12.83,NA,NA,2.16,18.84,NA,NA,NA,NA,NA,NA,NA,NA,NA,NA,NA,0.00,NA,NA,NA
2020-01-14 01:00:00,63.73,99.33,5.05,7.22,12.27,NA,NA,2.10,20.26,NA,NA,NA,NA,NA,NA,NA,NA,NA,NA,NA,0.00,NA,NA,NA
2020-01-14 02:00:00,71.01,97.51,5.01,8.32,13.33,NA,NA,2.11,17.94,NA,NA,NA,NA,NA,NA,NA,NA,NA,NA,NA,0.00,NA,NA,NA
2020-01-14 03:00:00,73.56,101.49,5.02,7.75,12.77,NA,NA,1.99,16.15,NA,NA,NA,NA,NA,NA,NA,NA,NA,NA,NA,0.00,NA,NA,NA
2020-01-14 04:00:00,78.67,100.65,5.07,7.48,12.55,NA,NA,1.90,15.78,NA,NA,NA,NA,NA,NA,NA,NA,NA,NA,NA,0.00,NA,NA,NA
2020-01-14 05:00:00,67.54,84.41,5.07,7.91,12.98,NA,NA,1.80,16.11,NA,NA,NA,NA,NA,NA,NA,NA,NA,NA,NA,0.00,NA,NA,NA
2020-01-14 06:00:00,55.57,78.37,5.09,9.23,14.32,NA,NA,1.79,15.86,NA,NA,NA,NA,NA,NA,NA,NA,NA,NA,NA,0.00,NA,NA,NA
2020-01-14 07:00:00,62.70,77.71,5.26,9.28,14.53,NA,NA,1.82,14.56,NA,NA,NA,NA,NA,NA,NA,NA,NA,NA,NA,0.00,NA,NA,NA
2020-01-14 08:00:00,62.93,78.28,7.69,12.91,20.59,NA,NA,1.89,11.97,NA,NA,NA,NA,NA,NA,NA,NA,NA,NA,NA,0.00,NA,NA,NA
2020-01-14 09:00:00,66.32,104.39,13.73,18.22,31.96,NA,NA,2.05,11.52,NA,NA,NA,NA,NA,NA,NA,NA,NA,NA,NA,0.00,NA,NA,NA
2020-01-14 10:00:00,105.47,109.50,11.20,17.10,28.30,NA,NA,2.02,20.53,NA,NA,NA,NA,NA,NA,NA,NA,NA,NA,NA,0.00,NA,NA,NA
2020-01-14 11:00:00,126.99,145.46,10.38,17.78,28.16,NA,NA,2.08,28.04,NA,NA,NA,NA,NA,NA,NA,NA,NA,NA,NA,0.00,NA,NA,NA
2020-01-14 12:00:00,142.30,202.63,9.37,17.22,26.58,NA,NA,2.11,34.07,NA,NA,NA,NA,NA,NA,NA,NA,NA,NA,NA,0.00,NA,NA,NA
2020-01-14 13:00:00,129.28,192.10,8.17,12.99,21.17,NA,NA,2.00,35.48,NA,NA,NA,NA,NA,NA,NA,NA,NA,NA,NA,0.00,NA,NA,NA
2020-01-14 14:00:00,74.27,116.90,7.30,11.37,18.67,NA,NA,1.97,38.66,NA,NA,NA,NA,NA,NA,NA,NA,NA,NA,NA,0.00,NA,NA,NA
2020-01-14 15:00:00,110.83,162.14,7.04,12.30,19.34,NA,NA,1.54,43.84,NA,NA,NA,NA,NA,NA,NA,NA,NA,NA,NA,0.00,NA,NA,NA
2020-01-14 16:00:00,86.70,141.38,6.77,12.82,19.58,NA,NA,1.39,42.45,NA,NA,NA,NA,NA,NA,NA,NA,NA,NA,NA,0.00,NA,NA,NA
2020-01-14 17:00:00,56.31,84.76,5.20,9.50,14.70,NA,NA,1.36,39.96,NA,NA,NA,NA,NA,NA,NA,NA,NA,NA,NA,0.00,NA,NA,NA
2020-01-14 18:00:00,59.69,93.43,4.95,10.37,15.32,NA,NA,1.42,28.70,NA,NA,NA,NA,NA,NA,NA,NA,NA,NA,NA,0.00,NA,NA,NA
2020-01-14 19:00:00,89.44,125.52,5.03,19.02,24.05,NA,NA,1.62,12.76,NA,NA,NA,NA,NA,NA,NA,NA,NA,NA,NA,0.00,NA,NA,NA
2020-01-14 20:00:00,97.82,162.65,6.08,19.21,25.30,NA,NA,1.63,8.21,NA,NA,NA,NA,NA,NA,NA,NA,NA,NA,NA,0.00,NA,NA,NA
2020-01-14 21:00:00,129.34,171.64,10.56,17.47,28.03,NA,NA,1.89,7.23,NA,NA,NA,NA,NA,NA,NA,NA,NA,NA,NA,0.00,NA,NA,NA
2020-01-14 22:00:00,115.53,161.97,12.17,16.93,29.10,NA,NA,1.91,6.82,NA,NA,NA,NA,NA,NA,NA,NA,NA,NA,NA,0.00,NA,NA,NA
2020-01-14 23:00:00,108.51,148.60,16.96,19.21,36.20,NA,NA,1.98,7.25,NA,NA,NA,NA,NA,NA,NA,NA,NA,NA,NA,0.00,NA,NA,NA
2020-01-15 00:00:00,103.39,163.17,27.93,28.09,56.00,NA,NA,2.08,7.13,NA,NA,NA,NA,NA,NA,NA,NA,NA,NA,NA,0.00,NA,NA,NA
2020-01-15 01:00:00,76.40,154.07,7.73,19.81,27.54,NA,NA,1.59,7.15,NA,NA,NA,NA,NA,NA,NA,NA,NA,NA,NA,0.00,NA,NA,NA
2020-01-15 02:00:00,84.97,147.23,7.23,12.69,19.93,NA,NA,1.63,7.28,NA,NA,NA,NA,NA,NA,NA,NA,NA,NA,NA,0.00,NA,NA,NA
2020-01-15 03:00:00,82.17,126.65,6.06,13.82,19.88,NA,NA,1.52,7.53,NA,NA,NA,NA,NA,NA,NA,NA,NA,NA,NA,0.00,NA,NA,NA
2020-01-15 04:00:00,84.91,130.65,6.30,12.35,18.65,NA,NA,1.44,7.13,NA,NA,NA,NA,NA,NA,NA,NA,NA,NA,NA,0.00,NA,NA,NA
2020-01-15 05:00:00,78.89,116.27,7.79,14.83,22.63,NA,NA,1.37,6.83,NA,NA,NA,NA,NA,NA,NA,NA,NA,NA,NA,0.00,NA,NA,NA
2020-01-15 06:00:00,67.41,98.92,8.02,10.64,18.67,NA,NA,1.32,6.53,NA,NA,NA,NA,NA,NA,NA,NA,NA,NA,NA,0.00,NA,NA,NA
2020-01-15 07:00:00,59.39,93.90,11.43,10.26,21.69,NA,NA,1.35,7.01,NA,NA,NA,NA,NA,NA,NA,NA,NA,NA,NA,0.00,NA,NA,NA
2020-01-15 08:00:00,63.58,99.12,15.40,11.02,26.43,NA,NA,1.47,8.66,NA,NA,NA,NA,NA,NA,NA,NA,NA,NA,NA,0.00,NA,NA,NA
2020-01-15 09:00:00,109.11,145.47,15.36,34.03,49.37,NA,NA,1.47,16.41,NA,NA,NA,NA,NA,NA,NA,NA,NA,NA,NA,0.00,NA,NA,NA
2020-01-15 10:00:00,85.09,133.69,9.65,17.39,27.05,NA,NA,1.43,27.51,NA,NA,NA,NA,NA,NA,NA,NA,NA,NA,NA,0.00,NA,NA,NA
2020-01-15 11:00:00,91.42,131.18,9.57,19.24,28.80,NA,NA,1.49,36.13,NA,NA,NA,NA,NA,NA,NA,NA,NA,NA,NA,0.00,NA,NA,NA
2020-01-15 12:00:00,86.15,145.53,8.11,19.67,27.80,NA,NA,1.46,45.88,NA,NA,NA,NA,NA,NA,NA,NA,NA,NA,NA,0.00,NA,NA,NA
2020-01-15 13:00:00,123.33,197.86,7.80,24.38,32.16,NA,NA,1.55,45.13,NA,NA,NA,NA,NA,NA,NA,NA,NA,NA,NA,0.00,NA,NA,NA
2020-01-15 14:00:00,109.40,174.46,6.79,17.48,24.26,NA,NA,1.47,56.90,NA,NA,NA,NA,NA,NA,NA,NA,NA,NA,NA,0.00,NA,NA,NA
2020-01-15 15:00:00,92.43,165.90,5.97,18.36,24.33,NA,NA,1.48,71.57,NA,NA,NA,NA,NA,NA,NA,NA,NA,NA,NA,0.00,NA,NA,NA
2020-01-15 16:00:00,106.90,187.31,5.60,19.61,25.20,NA,NA,1.44,65.16,NA,NA,NA,NA,NA,NA,NA,NA,NA,NA,NA,0.00,NA,NA,NA
2020-01-15 17:00:00,85.66,174.80,5.22,14.97,20.18,NA,NA,1.29,46.17,NA,NA,NA,NA,NA,NA,NA,NA,NA,NA,NA,0.00,NA,NA,NA
2020-01-15 18:00:00,94.06,162.72,5.00,15.09,20.10,NA,NA,1.36,29.81,NA,NA,NA,NA,NA,NA,NA,NA,NA,NA,NA,0.00,NA,NA,NA
2020-01-15 19:00:00,112.15,185.60,5.12,21.72,26.87,NA,NA,1.53,15.63,NA,NA,NA,NA,NA,NA,NA,NA,NA,NA,NA,0.00,NA,NA,NA
2020-01-15 20:00:00,174.33,231.31,7.01,31.49,38.53,NA,NA,1.76,7.58,NA,NA,NA,NA,NA,NA,NA,NA,NA,NA,NA,0.00,NA,NA,NA
2020-01-15 21:00:00,189.78,264.69,20.65,38.54,59.18,NA,NA,2.14,7.55,NA,NA,NA,NA,NA,NA,NA,NA,NA,NA,NA,0.00,NA,NA,NA
2020-01-15 22:00:00,195.97,317.44,12.62,29.25,41.85,NA,NA,2.00,7.24,NA,NA,NA,NA,NA,NA,NA,NA,NA,NA,NA,0.00,NA,NA,NA
2020-01-15 23:00:00,205.89,309.22,10.61,24.88,35.45,NA,NA,1.88,7.56,NA,NA,NA,NA,NA,NA,NA,NA,NA,NA,NA,0.00,NA,NA,NA
2020-01-16 00:00:00,184.93,268.97,8.19,22.13,30.33,NA,NA,1.93,8.16,NA,NA,NA,NA,NA,NA,NA,NA,NA,NA,NA,0.00,NA,NA,NA
2020-01-16 01:00:00,119.61,226.55,9.53,23.12,32.64,NA,NA,1.58,7.62,NA,NA,NA,NA,NA,NA,NA,NA,NA,NA,NA,0.00,NA,NA,NA
2020-01-16 02:00:00,96.07,167.07,6.86,18.05,24.90,NA,NA,1.46,7.41,NA,NA,NA,NA,NA,NA,NA,NA,NA,NA,NA,0.00,NA,NA,NA
2020-01-16 03:00:00,120.74,182.88,8.23,16.22,24.46,NA,NA,1.43,7.53,NA,NA,NA,NA,NA,NA,NA,NA,NA,NA,NA,0.00,NA,NA,NA
2020-01-16 04:00:00,116.59,143.88,9.06,16.70,25.75,NA,NA,1.35,6.96,NA,NA,NA,NA,NA,NA,NA,NA,NA,NA,NA,0.00,NA,NA,NA
2020-01-16 05:00:00,113.26,150.05,13.47,14.97,28.44,NA,NA,1.29,6.99,NA,NA,NA,NA,NA,NA,NA,NA,NA,NA,NA,0.00,NA,NA,NA
2020-01-16 06:00:00,92.23,128.26,8.07,12.44,20.50,NA,NA,1.22,7.30,NA,NA,NA,NA,NA,NA,NA,NA,NA,NA,NA,0.00,NA,NA,NA
2020-01-16 07:00:00,90.11,132.74,7.14,11.09,18.23,NA,NA,1.20,7.00,NA,NA,NA,NA,NA,NA,NA,NA,NA,NA,NA,0.00,NA,NA,NA
2020-01-16 08:00:00,95.50,158.26,8.85,12.22,21.06,NA,NA,1.23,8.06,NA,NA,NA,NA,NA,NA,NA,NA,NA,NA,NA,0.00,NA,NA,NA
2020-01-16 09:00:00,106.46,157.46,14.23,15.65,29.86,NA,NA,1.31,7.95,NA,NA,NA,NA,NA,NA,NA,NA,NA,NA,NA,0.00,NA,NA,NA
2020-01-16 10:00:00,107.47,166.03,23.35,23.12,46.48,NA,NA,1.43,8.34,NA,NA,NA,NA,NA,NA,NA,NA,NA,NA,NA,0.00,NA,NA,NA
2020-01-16 11:00:00,99.52,137.09,13.77,22.39,36.17,NA,NA,1.35,14.46,NA,NA,NA,NA,NA,NA,NA,NA,NA,NA,NA,0.00,NA,NA,NA
2020-01-16 12:00:00,87.25,128.39,13.82,25.79,39.61,NA,NA,1.38,17.59,NA,NA,NA,NA,NA,NA,NA,NA,NA,NA,NA,0.00,NA,NA,NA
2020-01-16 13:00:00,87.03,139.63,7.39,20.29,27.69,NA,NA,1.30,27.44,NA,NA,NA,NA,NA,NA,NA,NA,NA,NA,NA,0.00,NA,NA,NA
2020-01-16 14:00:00,91.79,140.55,8.55,20.61,29.15,NA,NA,1.37,19.58,NA,NA,NA,NA,NA,NA,NA,NA,NA,NA,NA,0.00,NA,NA,NA
2020-01-16 15:00:00,116.95,178.01,9.18,23.30,32.48,NA,NA,1.45,17.85,NA,NA,NA,NA,NA,NA,NA,NA,NA,NA,NA,0.00,NA,NA,NA
2020-01-16 16:00:00,118.79,177.95,9.79,24.99,34.78,NA,NA,1.51,15.73,NA,NA,NA,NA,NA,NA,NA,NA,NA,NA,NA,0.00,NA,NA,NA
2020-01-16 17:00:00,147.64,213.41,8.83,24.44,33.27,NA,NA,1.54,9.60,NA,NA,NA,NA,NA,NA,NA,NA,NA,NA,NA,0.00,NA,NA,NA
2020-01-16 18:00:00,131.83,193.00,8.21,20.54,28.75,NA,NA,1.50,7.18,NA,NA,NA,NA,NA,NA,NA,NA,NA,NA,NA,0.00,NA,NA,NA
2020-01-16 19:00:00,150.23,212.61,17.51,25.85,43.35,NA,NA,1.79,7.61,NA,NA,NA,NA,NA,NA,NA,NA,NA,NA,NA,0.00,NA,NA,NA
2020-01-16 20:00:00,166.59,256.74,23.72,26.56,50.28,NA,NA,1.99,7.45,NA,NA,NA,NA,NA,NA,NA,NA,NA,NA,NA,0.00,NA,NA,NA
2020-01-16 21:00:00,195.64,279.19,28.40,25.46,53.86,NA,NA,2.26,7.27,NA,NA,NA,NA,NA,NA,NA,NA,NA,NA,NA,0.00,NA,NA,NA
2020-01-16 22:00:00,190.20,285.85,30.04,26.48,56.52,NA,NA,2.39,7.25,NA,NA,NA,NA,NA,NA,NA,NA,NA,NA,NA,0.00,NA,NA,NA
2020-01-16 23:00:00,180.36,273.83,37.27,31.58,68.85,NA,NA,2.46,7.01,NA,NA,NA,NA,NA,NA,NA,NA,NA,NA,NA,0.00,NA,NA,NA
2020-01-17 00:00:00,155.00,262.87,28.60,27.06,55.67,NA,NA,2.19,6.92,NA,NA,NA,NA,NA,NA,NA,NA,NA,NA,NA,0.00,NA,NA,NA
2020-01-17 01:00:00,119.63,217.09,22.49,23.48,45.99,NA,NA,1.94,6.94,NA,NA,NA,NA,NA,NA,NA,NA,NA,NA,NA,0.00,NA,NA,NA
2020-01-17 02:00:00,58.50,100.13,5.68,14.54,20.23,NA,NA,1.37,8.48,NA,NA,NA,NA,NA,NA,NA,NA,NA,NA,NA,0.00,NA,NA,NA
2020-01-17 03:00:00,40.11,73.27,6.71,15.48,22.18,NA,NA,1.35,8.10,NA,NA,NA,NA,NA,NA,NA,NA,NA,NA,NA,0.00,NA,NA,NA
2020-01-17 04:00:00,49.35,73.23,8.46,18.61,27.08,NA,NA,1.38,6.85,NA,NA,NA,NA,NA,NA,NA,NA,NA,NA,NA,0.00,NA,NA,NA
2020-01-17 05:00:00,42.71,61.37,14.17,18.28,32.42,NA,NA,1.30,6.91,NA,NA,NA,NA,NA,NA,NA,NA,NA,NA,NA,0.00,NA,NA,NA
2020-01-17 06:00:00,77.69,99.25,15.11,15.86,30.96,NA,NA,1.35,6.86,NA,NA,NA,NA,NA,NA,NA,NA,NA,NA,NA,0.00,NA,NA,NA
2020-01-17 07:00:00,94.81,109.75,20.80,16.69,37.50,NA,NA,1.37,7.32,NA,NA,NA,NA,NA,NA,NA,NA,NA,NA,NA,0.00,NA,NA,NA
2020-01-17 08:00:00,74.40,95.49,13.63,12.59,26.22,NA,NA,1.27,9.16,NA,NA,NA,NA,NA,NA,NA,NA,NA,NA,NA,0.00,NA,NA,NA
2020-01-17 09:00:00,67.08,82.77,18.60,17.29,35.88,NA,NA,1.30,9.69,NA,NA,NA,NA,NA,NA,NA,NA,NA,NA,NA,0.00,NA,NA,NA
2020-01-17 10:00:00,77.27,100.90,11.57,14.19,25.76,NA,NA,1.45,13.08,NA,NA,NA,NA,NA,NA,NA,NA,NA,NA,NA,0.00,NA,NA,NA
2020-01-17 11:00:00,107.80,154.24,8.96,11.45,20.42,NA,NA,1.46,16.16,NA,NA,NA,NA,NA,NA,NA,NA,NA,NA,NA,0.00,NA,NA,NA
2020-01-17 12:00:00,96.10,143.25,8.00,9.75,17.75,NA,NA,1.38,24.30,NA,NA,NA,NA,NA,NA,NA,NA,NA,NA,NA,0.00,NA,NA,NA
2020-01-17 13:00:00,64.55,103.66,7.07,8.47,15.54,NA,NA,1.31,36.59,NA,NA,NA,NA,NA,NA,NA,NA,NA,NA,NA,0.00,NA,NA,NA
2020-01-17 14:00:00,41.76,67.66,6.05,5.64,11.69,NA,NA,1.17,39.07,NA,NA,NA,NA,NA,NA,NA,NA,NA,NA,NA,0.00,NA,NA,NA
2020-01-17 15:00:00,42.87,72.25,6.02,6.25,12.27,NA,NA,1.18,38.02,NA,NA,NA,NA,NA,NA,NA,NA,NA,NA,NA,0.00,NA,NA,NA
2020-01-17 16:00:00,55.71,85.26,6.08,8.45,14.52,NA,NA,1.21,34.91,NA,NA,NA,NA,NA,NA,NA,NA,NA,NA,NA,0.00,NA,NA,NA
2020-01-17 17:00:00,70.45,100.23,5.62,10.69,16.31,NA,NA,1.29,25.07,NA,NA,NA,NA,NA,NA,NA,NA,NA,NA,NA,0.00,NA,NA,NA
2020-01-17 18:00:00,83.06,119.90,5.26,10.78,16.04,NA,NA,1.42,16.00,NA,NA,NA,NA,NA,NA,NA,NA,NA,NA,NA,0.00,NA,NA,NA
2020-01-17 19:00:00,97.87,147.58,6.53,11.83,18.36,NA,NA,1.69,8.25,NA,NA,NA,NA,NA,NA,NA,NA,NA,NA,NA,0.00,NA,NA,NA
2020-01-17 20:00:00,128.83,177.39,11.75,10.16,21.90,NA,NA,1.91,7.26,NA,NA,NA,NA,NA,NA,NA,NA,NA,NA,NA,0.00,NA,NA,NA
2020-01-17 21:00:00,127.45,181.92,12.01,16.15,28.16,NA,NA,1.98,7.23,NA,NA,NA,NA,NA,NA,NA,NA,NA,NA,NA,0.00,NA,NA,NA
2020-01-17 22:00:00,102.52,145.12,14.18,11.62,25.80,NA,NA,1.90,6.95,NA,NA,NA,NA,NA,NA,NA,NA,NA,NA,NA,0.00,NA,NA,NA
2020-01-17 23:00:00,100.49,143.56,19.95,12.69,32.62,NA,NA,2.05,6.90,NA,NA,NA,NA,NA,NA,NA,NA,NA,NA,NA,0.00,NA,NA,NA
2020-01-18 00:00:00,105.42,174.47,34.44,17.20,51.61,NA,NA,2.33,6.89,NA,NA,NA,NA,NA,NA,NA,NA,NA,NA,NA,0.00,NA,NA,NA
2020-01-18 01:00:00,125.51,258.22,52.10,21.69,73.79,NA,NA,2.71,6.84,NA,NA,NA,NA,NA,NA,NA,NA,NA,NA,NA,0.00,NA,NA,NA
2020-01-18 02:00:00,116.90,223.05,52.25,20.97,73.23,NA,NA,2.61,7.13,NA,NA,NA,NA,NA,NA,NA,NA,NA,NA,NA,0.00,NA,NA,NA
2020-01-18 03:00:00,110.09,176.66,47.54,20.10,67.67,NA,NA,2.37,7.32,NA,NA,NA,NA,NA,NA,NA,NA,NA,NA,NA,0.00,NA,NA,NA
2020-01-18 04:00:00,84.13,136.88,36.00,21.46,57.45,NA,NA,2.26,7.09,NA,NA,NA,NA,NA,NA,NA,NA,NA,NA,NA,0.00,NA,NA,NA
2020-01-18 05:00:00,75.73,101.00,32.01,22.59,54.61,NA,NA,2.17,6.83,NA,NA,NA,NA,NA,NA,NA,NA,NA,NA,NA,0.00,NA,NA,NA
2020-01-18 06:00:00,56.92,83.43,30.94,23.25,54.17,NA,NA,2.14,6.78,NA,NA,NA,NA,NA,NA,NA,NA,NA,NA,NA,0.00,NA,NA,NA
2020-01-18 07:00:00,67.85,94.05,29.59,21.65,51.25,NA,NA,2.13,6.97,NA,NA,NA,NA,NA,NA,NA,NA,NA,NA,NA,0.00,NA,NA,NA
2020-01-18 08:00:00,79.05,106.94,29.03,22.93,51.96,NA,NA,2.01,7.26,NA,NA,NA,NA,NA,NA,NA,NA,NA,NA,NA,0.00,NA,NA,NA
2020-01-18 09:00:00,74.61,97.23,28.81,24.58,53.40,NA,NA,2.07,7.43,NA,NA,NA,NA,NA,NA,NA,NA,NA,NA,NA,0.00,NA,NA,NA
2020-01-18 10:00:00,78.35,108.25,25.48,25.75,51.23,NA,NA,2.03,8.02,NA,NA,NA,NA,NA,NA,NA,NA,NA,NA,NA,0.00,NA,NA,NA
2020-01-18 11:00:00,95.86,138.07,15.66,29.85,45.52,NA,NA,1.89,14.44,NA,NA,NA,NA,NA,NA,NA,NA,NA,NA,NA,0.00,NA,NA,NA
2020-01-18 12:00:00,121.16,176.17,13.00,39.69,52.70,NA,NA,1.89,21.17,NA,NA,NA,NA,NA,NA,NA,NA,NA,NA,NA,0.00,NA,NA,NA
2020-01-18 13:00:00,105.29,124.24,8.74,19.10,27.85,NA,NA,1.71,41.02,NA,NA,NA,NA,NA,NA,NA,NA,NA,NA,NA,0.00,NA,NA,NA
2020-01-18 14:00:00,94.27,137.08,7.23,18.63,25.86,NA,NA,1.68,49.69,NA,NA,NA,NA,NA,NA,NA,NA,NA,NA,NA,0.00,NA,NA,NA
2020-01-18 15:00:00,135.43,198.86,6.52,15.69,22.21,NA,NA,1.69,50.00,NA,NA,NA,NA,NA,NA,NA,NA,NA,NA,NA,0.00,NA,NA,NA
2020-01-18 16:00:00,96.83,181.26,5.74,11.59,17.33,NA,NA,1.44,50.54,NA,NA,NA,NA,NA,NA,NA,NA,NA,NA,NA,0.00,NA,NA,NA
2020-01-18 17:00:00,76.58,146.03,5.35,13.62,18.97,NA,NA,1.43,39.58,NA,NA,NA,NA,NA,NA,NA,NA,NA,NA,NA,0.00,NA,NA,NA
2020-01-18 18:00:00,99.48,160.97,5.13,15.12,20.25,NA,NA,1.57,20.53,NA,NA,NA,NA,NA,NA,NA,NA,NA,NA,NA,0.00,NA,NA,NA
2020-01-18 19:00:00,129.08,175.88,5.45,10.88,16.33,NA,NA,1.64,11.57,NA,NA,NA,NA,NA,NA,NA,NA,NA,NA,NA,0.00,NA,NA,NA
2020-01-18 20:00:00,142.66,186.17,6.83,11.97,18.80,NA,NA,1.88,7.56,NA,NA,NA,NA,NA,NA,NA,NA,NA,NA,NA,0.00,NA,NA,NA
2020-01-18 21:00:00,167.43,227.80,13.54,15.69,29.22,NA,NA,2.09,7.02,NA,NA,NA,NA,NA,NA,NA,NA,NA,NA,NA,0.00,NA,NA,NA
2020-01-18 22:00:00,177.58,272.95,15.50,14.38,29.88,NA,NA,2.51,7.43,NA,NA,NA,NA,NA,NA,NA,NA,NA,NA,NA,0.00,NA,NA,NA
2020-01-18 23:00:00,154.12,261.05,10.12,14.80,24.93,NA,NA,2.11,6.84,NA,NA,NA,NA,NA,NA,NA,NA,NA,NA,NA,0.00,NA,NA,NA
2020-01-19 00:00:00,127.74,198.92,9.30,13.67,22.97,NA,NA,1.91,7.00,NA,NA,NA,NA,NA,NA,NA,NA,NA,NA,NA,0.00,NA,NA,NA
2020-01-19 01:00:00,118.34,222.66,7.78,11.25,19.02,NA,NA,1.65,7.12,NA,NA,NA,NA,NA,NA,NA,NA,NA,NA,NA,0.00,NA,NA,NA
2020-01-19 02:00:00,102.65,195.92,14.60,14.10,28.70,NA,NA,1.57,6.81,NA,NA,NA,NA,NA,NA,NA,NA,NA,NA,NA,0.00,NA,NA,NA
2020-01-19 03:00:00,89.84,158.19,11.43,12.51,23.95,NA,NA,1.74,7.19,NA,NA,NA,NA,NA,NA,NA,NA,NA,NA,NA,0.00,NA,NA,NA
2020-01-19 04:00:00,68.77,122.08,5.41,9.49,14.90,NA,NA,1.64,10.83,NA,NA,NA,NA,NA,NA,NA,NA,NA,NA,NA,0.00,NA,NA,NA
2020-01-19 05:00:00,51.73,78.03,5.08,5.93,11.01,NA,NA,1.53,15.70,NA,NA,NA,NA,NA,NA,NA,NA,NA,NA,NA,0.00,NA,NA,NA
2020-01-19 06:00:00,68.26,87.08,4.98,5.17,10.14,NA,NA,1.44,19.32,NA,NA,NA,NA,NA,NA,NA,NA,NA,NA,NA,0.00,NA,NA,NA
2020-01-19 07:00:00,85.83,93.87,5.15,4.98,10.14,NA,NA,1.45,21.06,NA,NA,NA,NA,NA,NA,NA,NA,NA,NA,NA,0.00,NA,NA,NA
2020-01-19 08:00:00,110.23,156.66,5.28,4.16,9.43,NA,NA,1.48,33.84,NA,NA,NA,NA,NA,NA,NA,NA,NA,NA,NA,0.00,NA,NA,NA
2020-01-19 09:00:00,93.50,152.77,5.41,5.10,10.52,NA,NA,1.45,37.26,NA,NA,NA,NA,NA,NA,NA,NA,NA,NA,NA,0.00,NA,NA,NA
2020-01-19 10:00:00,113.99,174.55,6.36,10.95,17.31,NA,NA,1.39,38.73,NA,NA,NA,NA,NA,NA,NA,NA,NA,NA,NA,0.00,NA,NA,NA
2020-01-19 11:00:00,123.72,168.33,6.41,8.74,15.15,NA,NA,1.43,43.78,NA,NA,NA,NA,NA,NA,NA,NA,NA,NA,NA,0.00,NA,NA,NA
2020-01-19 12:00:00,119.26,166.58,6.22,7.96,14.18,NA,NA,1.36,47.00,NA,NA,NA,NA,NA,NA,NA,NA,NA,NA,NA,0.00,NA,NA,NA
2020-01-19 13:00:00,96.85,155.64,5.93,7.15,13.08,NA,NA,1.34,50.85,NA,NA,NA,NA,NA,NA,NA,NA,NA,NA,NA,0.00,NA,NA,NA
2020-01-19 14:00:00,86.75,134.90,5.72,6.26,11.97,NA,NA,1.36,52.77,NA,NA,NA,NA,NA,NA,NA,NA,NA,NA,NA,0.00,NA,NA,NA
2020-01-19 15:00:00,82.09,126.48,5.51,5.59,11.10,NA,NA,1.37,53.42,NA,NA,NA,NA,NA,NA,NA,NA,NA,NA,NA,0.00,NA,NA,NA
2020-01-19 16:00:00,83.56,154.66,5.44,5.14,10.58,NA,NA,1.35,47.01,NA,NA,NA,NA,NA,NA,NA,NA,NA,NA,NA,0.00,NA,NA,NA
2020-01-19 17:00:00,106.48,148.10,5.17,5.46,10.63,NA,NA,1.32,37.24,NA,NA,NA,NA,NA,NA,NA,NA,NA,NA,NA,0.00,NA,NA,NA
2020-01-19 18:00:00,106.02,151.40,5.09,6.06,11.15,NA,NA,1.45,25.69,NA,NA,NA,NA,NA,NA,NA,NA,NA,NA,NA,0.00,NA,NA,NA
2020-01-19 19:00:00,114.44,170.85,5.29,9.15,14.43,NA,NA,1.56,15.68,NA,NA,NA,NA,NA,NA,NA,NA,NA,NA,NA,0.00,NA,NA,NA
2020-01-19 20:00:00,111.55,171.90,5.36,10.37,15.73,NA,NA,1.64,11.32,NA,NA,NA,NA,NA,NA,NA,NA,NA,NA,NA,0.00,NA,NA,NA
2020-01-19 21:00:00,147.63,183.57,5.91,9.28,15.19,NA,NA,1.67,7.82,NA,NA,NA,NA,NA,NA,NA,NA,NA,NA,NA,0.00,NA,NA,NA
2020-01-19 22:00:00,126.73,186.42,5.68,8.90,14.58,NA,NA,1.64,8.69,NA,NA,NA,NA,NA,NA,NA,NA,NA,NA,NA,0.00,NA,NA,NA
2020-01-19 23:00:00,106.66,186.68,5.08,7.60,12.68,NA,NA,1.53,13.70,NA,NA,NA,NA,NA,NA,NA,NA,NA,NA,NA,0.00,NA,NA,NA
2020-01-20 00:00:00,83.55,153.99,5.05,5.93,10.98,NA,NA,1.45,17.83,NA,NA,NA,NA,NA,NA,NA,NA,NA,NA,NA,0.00,NA,NA,NA
2020-01-20 01:00:00,60.59,118.44,4.96,4.83,9.79,NA,NA,1.35,18.77,NA,NA,NA,NA,NA,NA,NA,NA,NA,NA,NA,0.00,NA,NA,NA
2020-01-20 02:00:00,54.87,108.50,4.98,4.16,9.14,NA,NA,1.33,20.60,NA,NA,NA,NA,NA,NA,NA,NA,NA,NA,NA,0.00,NA,NA,NA
2020-01-20 03:00:00,49.06,81.61,4.99,3.59,8.59,NA,NA,1.32,21.39,NA,NA,NA,NA,NA,NA,NA,NA,NA,NA,NA,0.00,NA,NA,NA
2020-01-20 04:00:00,43.61,76.23,4.96,3.66,8.62,NA,NA,1.32,20.68,NA,NA,NA,NA,NA,NA,NA,NA,NA,NA,NA,0.00,NA,NA,NA
2020-01-20 05:00:00,42.16,71.27,5.01,2.92,7.93,NA,NA,1.32,23.77,NA,NA,NA,NA,NA,NA,NA,NA,NA,NA,NA,0.00,NA,NA,NA
2020-01-20 06:00:00,47.93,73.14,5.04,2.94,7.98,NA,NA,1.29,23.90,NA,NA,NA,NA,NA,NA,NA,NA,NA,NA,NA,0.00,NA,NA,NA
2020-01-20 07:00:00,51.13,89.23,5.04,3.49,8.53,NA,NA,1.31,24.54,NA,NA,NA,NA,NA,NA,NA,NA,NA,NA,NA,0.00,NA,NA,NA
2020-01-20 08:00:00,57.79,99.59,5.34,5.34,10.70,NA,NA,1.33,22.08,NA,NA,NA,NA,NA,NA,NA,NA,NA,NA,NA,0.00,NA,NA,NA
2020-01-20 09:00:00,71.25,122.16,6.40,8.53,14.93,NA,NA,1.28,18.51,NA,NA,NA,NA,NA,NA,NA,NA,NA,NA,NA,0.00,NA,NA,NA
2020-01-20 10:00:00,77.10,143.39,7.59,10.99,18.58,NA,NA,1.35,21.16,NA,NA,NA,NA,NA,NA,NA,NA,NA,NA,NA,0.00,NA,NA,NA
2020-01-20 11:00:00,97.20,130.49,8.90,13.43,22.34,NA,NA,1.26,25.55,NA,NA,NA,NA,NA,NA,NA,NA,NA,NA,NA,0.00,NA,NA,NA
2020-01-20 12:00:00,119.80,193.26,7.88,13.62,21.49,NA,NA,1.18,33.59,NA,NA,NA,NA,NA,NA,NA,NA,NA,NA,NA,0.00,NA,NA,NA
2020-01-20 13:00:00,141.52,208.10,8.00,15.33,23.34,NA,NA,1.20,37.16,NA,NA,NA,NA,NA,NA,NA,NA,NA,NA,NA,0.00,NA,NA,NA
2020-01-20 14:00:00,143.64,196.62,8.32,17.56,25.89,NA,NA,1.22,37.50,NA,NA,NA,NA,NA,NA,NA,NA,NA,NA,NA,0.00,NA,NA,NA
2020-01-20 15:00:00,132.23,191.86,7.37,19.80,27.16,NA,NA,1.31,34.39,NA,NA,NA,NA,NA,NA,NA,NA,NA,NA,NA,0.00,NA,NA,NA
2020-01-20 16:00:00,112.32,198.60,7.02,20.18,27.21,NA,NA,1.31,31.21,NA,NA,NA,NA,NA,NA,NA,NA,NA,NA,NA,0.00,NA,NA,NA
2020-01-20 17:00:00,105.90,224.07,6.72,22.69,29.41,NA,NA,1.31,22.55,NA,NA,NA,NA,NA,NA,NA,NA,NA,NA,NA,0.00,NA,NA,NA
2020-01-20 18:00:00,117.49,257.02,5.64,19.94,25.56,NA,NA,1.52,13.85,NA,NA,NA,NA,NA,NA,NA,NA,NA,NA,NA,0.00,NA,NA,NA
2020-01-20 19:00:00,145.72,236.21,6.11,14.64,20.76,NA,NA,1.88,8.83,NA,NA,NA,NA,NA,NA,NA,NA,NA,NA,NA,0.00,NA,NA,NA
2020-01-20 20:00:00,145.07,221.04,9.15,11.55,20.71,NA,NA,2.03,6.95,NA,NA,NA,NA,NA,NA,NA,NA,NA,NA,NA,0.00,NA,NA,NA
2020-01-20 21:00:00,148.70,208.32,12.70,7.58,20.26,NA,NA,2.00,7.06,NA,NA,NA,NA,NA,NA,NA,NA,NA,NA,NA,0.00,NA,NA,NA
2020-01-20 22:00:00,171.13,275.98,19.60,9.79,29.43,NA,NA,2.73,7.36,NA,NA,NA,NA,NA,NA,NA,NA,NA,NA,NA,0.00,NA,NA,NA
2020-01-20 23:00:00,190.48,315.60,25.83,15.70,41.52,NA,NA,2.55,7.18,NA,NA,NA,NA,NA,NA,NA,NA,NA,NA,NA,0.00,NA,NA,NA
2020-01-21 00:00:00,156.73,274.06,16.18,16.55,32.72,NA,NA,1.94,7.37,NA,NA,NA,NA,NA,NA,NA,NA,NA,NA,NA,0.00,NA,NA,NA
2020-01-21 01:00:00,139.81,263.75,8.75,12.64,21.38,NA,NA,1.74,7.11,NA,NA,NA,NA,NA,NA,NA,NA,NA,NA,NA,0.00,NA,NA,NA
2020-01-21 02:00:00,115.02,198.28,6.29,10.94,17.24,NA,NA,1.64,8.87,NA,NA,NA,NA,NA,NA,NA,NA,NA,NA,NA,0.00,NA,NA,NA
2020-01-21 03:00:00,97.01,163.43,5.51,7.90,13.40,NA,NA,1.55,10.17,NA,NA,NA,NA,NA,NA,NA,NA,NA,NA,NA,0.00,NA,NA,NA
2020-01-21 04:00:00,115.81,152.40,6.53,7.80,14.33,NA,NA,1.51,8.18,NA,NA,NA,NA,NA,NA,NA,NA,NA,NA,NA,0.00,NA,NA,NA
2020-01-21 05:00:00,130.52,158.91,5.88,7.54,13.42,NA,NA,1.55,8.45,NA,NA,NA,NA,NA,NA,NA,NA,NA,NA,NA,0.00,NA,NA,NA
2020-01-21 06:00:00,125.62,165.32,6.40,6.21,12.61,NA,NA,1.49,7.35,NA,NA,NA,NA,NA,NA,NA,NA,NA,NA,NA,0.00,NA,NA,NA
2020-01-21 07:00:00,116.06,207.93,8.37,4.81,13.16,NA,NA,1.44,7.50,NA,NA,NA,NA,NA,NA,NA,NA,NA,NA,NA,0.00,NA,NA,NA
2020-01-21 08:00:00,108.66,198.10,11.19,9.55,20.75,NA,NA,1.45,8.60,NA,NA,NA,NA,NA,NA,NA,NA,NA,NA,NA,0.00,NA,NA,NA
2020-01-21 09:00:00,123.28,244.99,8.30,12.39,20.69,NA,NA,1.49,14.07,NA,NA,NA,NA,NA,NA,NA,NA,NA,NA,NA,0.00,NA,NA,NA
2020-01-21 10:00:00,136.20,277.73,8.61,15.44,24.06,NA,NA,1.53,22.76,NA,NA,NA,NA,NA,NA,NA,NA,NA,NA,NA,0.00,NA,NA,NA
2020-01-21 11:00:00,180.94,356.55,7.93,15.88,23.80,NA,NA,1.63,43.03,NA,NA,NA,NA,NA,NA,NA,NA,NA,NA,NA,0.00,NA,NA,NA
2020-01-21 12:00:00,267.11,400.97,8.03,18.25,26.28,NA,NA,1.70,54.14,NA,NA,NA,NA,NA,NA,NA,NA,NA,NA,NA,0.00,NA,NA,NA
2020-01-21 13:00:00,186.30,241.90,5.94,7.42,13.35,NA,NA,1.29,59.18,NA,NA,NA,NA,NA,NA,NA,NA,NA,NA,NA,0.00,NA,NA,NA
2020-01-21 14:00:00,86.49,128.59,5.59,5.54,11.13,NA,NA,1.25,61.52,NA,NA,NA,NA,NA,NA,NA,NA,NA,NA,NA,0.00,NA,NA,NA
2020-01-21 15:00:00,89.44,141.80,5.32,3.63,8.95,NA,NA,1.20,66.62,NA,NA,NA,NA,NA,NA,NA,NA,NA,NA,NA,0.00,NA,NA,NA
2020-01-21 16:00:00,74.25,148.90,5.10,3.12,8.22,NA,NA,1.18,65.87,NA,NA,NA,NA,NA,NA,NA,NA,NA,NA,NA,0.00,NA,NA,NA
2020-01-21 17:00:00,88.68,155.64,5.06,5.97,11.04,NA,NA,1.22,59.25,NA,NA,NA,NA,NA,NA,NA,NA,NA,NA,NA,0.00,NA,NA,NA
2020-01-21 18:00:00,94.78,163.16,5.05,6.68,11.73,NA,NA,1.25,38.12,NA,NA,NA,NA,NA,NA,NA,NA,NA,NA,NA,0.00,NA,NA,NA
2020-01-21 19:00:00,92.80,147.10,5.23,7.77,13.00,NA,NA,1.35,24.98,NA,NA,NA,NA,NA,NA,NA,NA,NA,NA,NA,0.00,NA,NA,NA
2020-01-21 20:00:00,116.65,193.18,7.16,14.13,21.29,NA,NA,1.68,9.51,NA,NA,NA,NA,NA,NA,NA,NA,NA,NA,NA,0.00,NA,NA,NA
2020-01-21 21:00:00,192.27,307.58,11.94,16.98,28.92,NA,NA,1.99,7.04,NA,NA,NA,NA,NA,NA,NA,NA,NA,NA,NA,0.00,NA,NA,NA
2020-01-21 22:00:00,198.66,335.09,11.63,10.07,21.69,NA,NA,2.19,7.33,NA,NA,NA,NA,NA,NA,NA,NA,NA,NA,NA,0.00,NA,NA,NA
2020-01-21 23:00:00,182.91,321.51,13.43,9.57,23.00,NA,NA,2.13,6.97,NA,NA,NA,NA,NA,NA,NA,NA,NA,NA,NA,0.00,NA,NA,NA
2020-01-22 00:00:00,177.56,303.55,14.77,7.12,21.89,NA,NA,2.15,7.03,NA,NA,NA,NA,NA,NA,NA,NA,NA,NA,NA,0.00,NA,NA,NA
2020-01-22 01:00:00,143.97,262.31,16.10,7.47,23.56,NA,NA,2.27,8.70,NA,NA,NA,NA,NA,NA,NA,NA,NA,NA,NA,0.00,NA,NA,NA
2020-01-22 02:00:00,148.24,223.34,31.70,15.55,47.22,NA,NA,2.31,8.51,NA,NA,NA,NA,NA,NA,NA,NA,NA,NA,NA,0.00,NA,NA,NA
2020-01-22 03:00:00,169.47,203.91,64.75,27.62,92.27,NA,NA,2.54,7.62,NA,NA,NA,NA,NA,NA,NA,NA,NA,NA,NA,0.00,NA,NA,NA
2020-01-22 04:00:00,151.12,181.81,103.22,44.59,147.81,NA,NA,3.31,8.57,NA,NA,NA,NA,NA,NA,NA,NA,NA,NA,NA,0.00,NA,NA,NA
2020-01-22 05:00:00,141.51,186.62,94.59,41.56,136.17,NA,NA,3.12,8.63,NA,NA,NA,NA,NA,NA,NA,NA,NA,NA,NA,0.00,NA,NA,NA
2020-01-22 06:00:00,153.52,251.56,96.44,46.71,143.15,NA,NA,3.73,7.52,NA,NA,NA,NA,NA,NA,NA,NA,NA,NA,NA,0.00,NA,NA,NA
2020-01-22 07:00:00,150.19,247.22,73.62,39.70,113.38,NA,NA,3.79,7.96,NA,NA,NA,NA,NA,NA,NA,NA,NA,NA,NA,0.00,NA,NA,NA
2020-01-22 08:00:00,123.44,192.36,45.43,34.21,79.66,NA,NA,3.17,7.81,NA,NA,NA,NA,NA,NA,NA,NA,NA,NA,NA,0.00,NA,NA,NA
2020-01-22 09:00:00,115.51,196.94,28.78,31.35,60.15,NA,NA,2.58,8.82,NA,NA,NA,NA,NA,NA,NA,NA,NA,NA,NA,0.00,NA,NA,NA
2020-01-22 10:00:00,152.44,243.97,19.20,46.91,66.12,NA,NA,2.35,13.03,NA,NA,NA,NA,NA,NA,NA,NA,NA,NA,NA,0.00,NA,NA,NA
2020-01-22 11:00:00,153.46,261.10,23.03,36.32,59.35,NA,NA,2.17,21.79,NA,NA,NA,NA,NA,NA,NA,NA,NA,NA,NA,0.00,NA,NA,NA
2020-01-22 12:00:00,155.44,239.69,10.47,22.80,33.28,NA,NA,2.03,44.53,NA,NA,NA,NA,NA,NA,NA,NA,NA,NA,NA,0.00,NA,NA,NA
2020-01-22 13:00:00,126.80,207.87,9.08,19.12,28.20,NA,NA,1.87,49.73,NA,NA,NA,NA,NA,NA,NA,NA,NA,NA,NA,0.00,NA,NA,NA
2020-01-22 14:00:00,119.23,190.66,10.24,20.02,30.27,NA,NA,1.83,42.54,NA,NA,NA,NA,NA,NA,NA,NA,NA,NA,NA,0.00,NA,NA,NA
2020-01-22 15:00:00,117.09,191.28,7.39,13.21,20.61,NA,NA,1.70,46.16,NA,NA,NA,NA,NA,NA,NA,NA,NA,NA,NA,0.00,NA,NA,NA
2020-01-22 16:00:00,96.99,193.72,6.28,10.30,16.58,NA,NA,1.56,47.53,NA,NA,NA,NA,NA,NA,NA,NA,NA,NA,NA,0.00,NA,NA,NA
2020-01-22 17:00:00,85.47,165.88,5.72,12.85,18.58,NA,NA,1.56,39.02,NA,NA,NA,NA,NA,NA,NA,NA,NA,NA,NA,0.00,NA,NA,NA
2020-01-22 18:00:00,101.95,176.70,5.33,14.95,20.28,NA,NA,1.71,26.43,NA,NA,NA,NA,NA,NA,NA,NA,NA,NA,NA,0.00,NA,NA,NA
2020-01-22 19:00:00,123.36,194.72,8.34,22.78,31.11,NA,NA,1.96,9.50,NA,NA,NA,NA,NA,NA,NA,NA,NA,NA,NA,0.00,NA,NA,NA
2020-01-22 20:00:00,151.84,225.71,18.24,29.02,47.25,NA,NA,2.18,7.59,NA,NA,NA,NA,NA,NA,NA,NA,NA,NA,NA,0.00,NA,NA,NA
2020-01-22 21:00:00,126.41,201.82,8.75,20.63,29.40,NA,NA,1.72,19.01,NA,NA,NA,NA,NA,NA,NA,NA,NA,NA,NA,0.00,NA,NA,NA
2020-01-22 22:00:00,70.71,134.20,5.22,12.16,17.38,NA,NA,1.47,27.69,NA,NA,NA,NA,NA,NA,NA,NA,NA,NA,NA,0.00,NA,NA,NA
2020-01-22 23:00:00,52.97,102.53,5.14,10.08,15.23,NA,NA,1.37,28.14,NA,NA,NA,NA,NA,NA,NA,NA,NA,NA,NA,0.00,NA,NA,NA
2020-01-23 00:00:00,52.69,97.64,6.53,10.16,16.64,NA,NA,1.13,28.85,NA,NA,NA,NA,NA,NA,NA,NA,NA,NA,NA,0.00,NA,NA,NA
2020-01-23 01:00:00,51.37,102.58,30.59,37.34,67.93,NA,NA,1.11,12.87,NA,NA,NA,NA,NA,NA,NA,NA,NA,NA,NA,0.00,NA,NA,NA
2020-01-23 02:00:00,53.40,107.50,33.15,37.88,71.05,NA,NA,1.08,9.87,NA,NA,NA,NA,NA,NA,NA,NA,NA,NA,NA,0.00,NA,NA,NA
2020-01-23 03:00:00,57.99,101.67,31.93,34.16,66.06,NA,NA,1.07,9.02,NA,NA,NA,NA,NA,NA,NA,NA,NA,NA,NA,0.00,NA,NA,NA
2020-01-23 04:00:00,60.19,102.53,39.31,37.18,76.51,NA,NA,1.04,8.95,NA,NA,NA,NA,NA,NA,NA,NA,NA,NA,NA,0.00,NA,NA,NA
2020-01-23 05:00:00,56.44,98.46,29.75,32.08,61.86,NA,NA,1.03,11.93,NA,NA,NA,NA,NA,NA,NA,NA,NA,NA,NA,0.00,NA,NA,NA
2020-01-23 06:00:00,48.53,82.10,13.87,19.26,33.13,NA,NA,1.04,18.03,NA,NA,NA,NA,NA,NA,NA,NA,NA,NA,NA,0.00,NA,NA,NA
2020-01-23 07:00:00,60.33,95.78,25.37,27.13,52.46,NA,NA,1.11,11.88,NA,NA,NA,NA,NA,NA,NA,NA,NA,NA,NA,0.00,NA,NA,NA
2020-01-23 08:00:00,54.12,98.17,23.86,27.96,51.85,NA,NA,1.08,14.75,NA,NA,NA,NA,NA,NA,NA,NA,NA,NA,NA,0.00,NA,NA,NA
2020-01-23 09:00:00,54.50,103.78,9.93,14.12,24.07,NA,NA,1.05,30.16,NA,NA,NA,NA,NA,NA,NA,NA,NA,NA,NA,0.00,NA,NA,NA
2020-01-23 10:00:00,47.95,101.42,8.49,13.79,22.28,NA,NA,1.02,37.16,NA,NA,NA,NA,NA,NA,NA,NA,NA,NA,NA,0.00,NA,NA,NA
2020-01-23 11:00:00,44.67,94.91,6.65,8.76,15.42,NA,NA,0.96,44.17,NA,NA,NA,NA,NA,NA,NA,NA,NA,NA,NA,0.00,NA,NA,NA
2020-01-23 12:00:00,40.85,106.14,5.76,5.60,11.35,NA,NA,0.90,41.43,NA,NA,NA,NA,NA,NA,NA,NA,NA,NA,NA,0.00,NA,NA,NA
2020-01-23 13:00:00,40.10,94.86,5.42,2.93,8.34,NA,NA,0.87,51.98,NA,NA,NA,NA,NA,NA,NA,NA,NA,NA,NA,0.00,NA,NA,NA
2020-01-23 14:00:00,37.34,80.36,5.32,3.00,8.32,NA,NA,0.86,60.15,NA,NA,NA,NA,NA,NA,NA,NA,NA,NA,NA,0.00,NA,NA,NA
2020-01-23 15:00:00,28.69,72.98,5.30,2.95,8.25,NA,NA,0.88,62.99,NA,NA,NA,NA,NA,NA,NA,NA,NA,NA,NA,0.00,NA,NA,NA
2020-01-23 16:00:00,42.44,72.16,5.26,3.74,9.01,NA,NA,0.86,63.33,NA,NA,NA,NA,NA,NA,NA,NA,NA,NA,NA,0.00,NA,NA,NA
2020-01-23 17:00:00,47.75,77.30,5.22,7.90,13.12,NA,NA,0.92,58.53,NA,NA,NA,NA,NA,NA,NA,NA,NA,NA,NA,0.00,NA,NA,NA
2020-01-23 18:00:00,44.23,78.05,6.87,16.02,22.87,NA,NA,0.99,45.32,NA,NA,NA,NA,NA,NA,NA,NA,NA,NA,NA,0.00,NA,NA,NA
2020-01-23 19:00:00,51.51,87.63,6.18,14.74,20.93,NA,NA,1.04,43.81,NA,NA,NA,NA,NA,NA,NA,NA,NA,NA,NA,0.00,NA,NA,NA
2020-01-23 20:00:00,47.74,79.02,5.12,12.25,17.37,NA,NA,1.03,46.85,NA,NA,NA,NA,NA,NA,NA,NA,NA,NA,NA,0.00,NA,NA,NA
2020-01-23 21:00:00,49.06,91.31,5.14,15.45,20.59,NA,NA,1.06,40.82,NA,NA,NA,NA,NA,NA,NA,NA,NA,NA,NA,0.00,NA,NA,NA
2020-01-23 22:00:00,59.59,93.98,5.14,13.28,18.42,NA,NA,1.05,42.15,NA,NA,NA,NA,NA,NA,NA,NA,NA,NA,NA,0.00,NA,NA,NA
2020-01-23 23:00:00,48.29,81.86,5.13,7.92,13.04,NA,NA,1.03,48.82,NA,NA,NA,NA,NA,NA,NA,NA,NA,NA,NA,0.00,NA,NA,NA
2020-01-24 00:00:00,40.86,80.47,5.08,6.93,12.00,NA,NA,1.05,48.51,NA,NA,NA,NA,NA,NA,NA,NA,NA,NA,NA,0.00,NA,NA,NA
2020-01-24 01:00:00,34.99,78.92,5.03,6.19,11.22,NA,NA,1.05,48.51,NA,NA,NA,NA,NA,NA,NA,NA,NA,NA,NA,0.00,NA,NA,NA
2020-01-24 02:00:00,48.44,74.26,5.09,5.00,10.09,NA,NA,1.03,46.66,NA,NA,NA,NA,NA,NA,NA,NA,NA,NA,NA,0.00,NA,NA,NA
2020-01-24 03:00:00,38.53,66.48,5.03,4.27,9.30,NA,NA,1.03,45.27,NA,NA,NA,NA,NA,NA,NA,NA,NA,NA,NA,0.00,NA,NA,NA
2020-01-24 04:00:00,40.68,68.56,5.10,3.86,8.96,NA,NA,1.02,45.19,NA,NA,NA,NA,NA,NA,NA,NA,NA,NA,NA,0.00,NA,NA,NA
2020-01-24 05:00:00,30.87,61.47,5.04,4.35,9.38,NA,NA,0.94,43.61,NA,NA,NA,NA,NA,NA,NA,NA,NA,NA,NA,0.00,NA,NA,NA
2020-01-24 06:00:00,36.90,68.60,5.04,4.69,9.72,NA,NA,0.83,42.47,NA,NA,NA,NA,NA,NA,NA,NA,NA,NA,NA,0.00,NA,NA,NA
2020-01-24 07:00:00,40.95,69.96,5.22,7.22,12.44,NA,NA,0.87,39.15,NA,NA,NA,NA,NA,NA,NA,NA,NA,NA,NA,0.00,NA,NA,NA
2020-01-24 08:00:00,41.75,88.57,6.90,11.64,18.54,NA,NA,0.94,35.72,NA,NA,NA,NA,NA,NA,NA,NA,NA,NA,NA,0.00,NA,NA,NA
2020-01-24 09:00:00,45.11,94.94,6.49,9.12,15.61,NA,NA,0.92,41.69,NA,NA,NA,NA,NA,NA,NA,NA,NA,NA,NA,0.00,NA,NA,NA
2020-01-24 10:00:00,45.32,89.15,6.75,10.26,17.01,NA,NA,0.94,45.35,NA,NA,NA,NA,NA,NA,NA,NA,NA,NA,NA,0.00,NA,NA,NA
2020-01-24 11:00:00,39.55,106.51,6.25,8.81,15.05,NA,NA,0.94,51.40,NA,NA,NA,NA,NA,NA,NA,NA,NA,NA,NA,0.00,NA,NA,NA
2020-01-24 12:00:00,41.32,89.13,5.88,7.04,12.92,NA,NA,0.95,56.08,NA,NA,NA,NA,NA,NA,NA,NA,NA,NA,NA,0.00,NA,NA,NA
2020-01-24 13:00:00,28.71,87.06,5.58,5.64,11.22,NA,NA,0.90,62.59,NA,NA,NA,NA,NA,NA,NA,NA,NA,NA,NA,0.00,NA,NA,NA
2020-01-24 14:00:00,44.28,104.10,5.56,5.87,11.43,NA,NA,1.24,59.82,NA,NA,NA,NA,NA,NA,NA,NA,NA,NA,NA,0.00,NA,NA,NA
2020-01-24 15:00:00,47.82,79.77,5.33,5.71,11.04,NA,NA,1.15,70.07,NA,NA,NA,NA,NA,NA,NA,NA,NA,NA,NA,0.00,NA,NA,NA
2020-01-24 16:00:00,36.26,77.86,5.28,5.66,10.94,NA,NA,1.18,68.77,NA,NA,NA,NA,NA,NA,NA,NA,NA,NA,NA,0.00,NA,NA,NA
2020-01-24 17:00:00,34.40,89.57,5.23,8.60,13.83,NA,NA,1.10,62.35,NA,NA,NA,NA,NA,NA,NA,NA,NA,NA,NA,0.00,NA,NA,NA
2020-01-24 18:00:00,39.69,88.00,5.15,22.52,27.67,NA,NA,1.19,37.08,NA,NA,NA,NA,NA,NA,NA,NA,NA,NA,NA,0.00,NA,NA,NA
2020-01-24 19:00:00,52.95,123.77,5.19,26.13,31.31,NA,NA,1.39,26.62,NA,NA,NA,NA,NA,NA,NA,NA,NA,NA,NA,0.00,NA,NA,NA
2020-01-24 20:00:00,58.89,141.29,28.48,42.52,71.05,NA,NA,1.35,17.02,NA,NA,NA,NA,NA,NA,NA,NA,NA,NA,NA,0.00,NA,NA,NA
2020-01-24 21:00:00,82.85,144.69,5.77,28.59,34.32,NA,NA,1.56,21.80,NA,NA,NA,NA,NA,NA,NA,NA,NA,NA,NA,0.00,NA,NA,NA
2020-01-24 22:00:00,99.55,167.02,5.55,31.71,37.26,NA,NA,1.79,15.42,NA,NA,NA,NA,NA,NA,NA,NA,NA,NA,NA,0.00,NA,NA,NA
2020-01-24 23:00:00,99.80,169.89,5.52,28.26,33.78,NA,NA,1.78,19.40,NA,NA,NA,NA,NA,NA,NA,NA,NA,NA,NA,0.00,NA,NA,NA
2020-01-25 00:00:00,82.98,163.33,5.30,25.98,31.29,NA,NA,1.59,16.23,NA,NA,NA,NA,NA,NA,NA,NA,NA,NA,NA,0.00,NA,NA,NA
2020-01-25 01:00:00,68.99,138.81,5.74,24.78,30.53,NA,NA,1.41,13.53,NA,NA,NA,NA,NA,NA,NA,NA,NA,NA,NA,0.00,NA,NA,NA
2020-01-25 02:00:00,65.69,137.81,6.72,28.23,34.97,NA,NA,1.38,8.92,NA,NA,NA,NA,NA,NA,NA,NA,NA,NA,NA,0.00,NA,NA,NA
2020-01-25 03:00:00,70.48,163.63,9.82,25.94,35.75,NA,NA,1.35,6.56,NA,NA,NA,NA,NA,NA,NA,NA,NA,NA,NA,0.00,NA,NA,NA
2020-01-25 04:00:00,80.69,160.92,12.91,28.00,40.94,NA,NA,1.57,7.13,NA,NA,NA,NA,NA,NA,NA,NA,NA,NA,NA,0.00,NA,NA,NA
2020-01-25 05:00:00,75.32,162.63,9.49,29.44,38.90,NA,NA,1.67,7.13,NA,NA,NA,NA,NA,NA,NA,NA,NA,NA,NA,0.00,NA,NA,NA
2020-01-25 06:00:00,79.20,157.83,8.02,17.50,25.49,NA,NA,1.58,6.54,NA,NA,NA,NA,NA,NA,NA,NA,NA,NA,NA,0.00,NA,NA,NA
2020-01-25 07:00:00,81.27,146.97,9.01,13.67,22.68,NA,NA,1.63,7.92,NA,NA,NA,NA,NA,NA,NA,NA,NA,NA,NA,0.00,NA,NA,NA
2020-01-25 08:00:00,85.55,202.35,19.45,27.70,47.24,NA,NA,1.81,10.40,NA,NA,NA,NA,NA,NA,NA,NA,NA,NA,NA,0.00,NA,NA,NA
2020-01-25 09:00:00,97.41,252.79,16.12,33.35,49.42,NA,NA,1.95,24.22,NA,NA,NA,NA,NA,NA,NA,NA,NA,NA,NA,0.00,NA,NA,NA
2020-01-25 10:00:00,117.40,212.71,10.17,26.04,36.23,NA,NA,1.74,44.57,NA,NA,NA,NA,NA,NA,NA,NA,NA,NA,NA,0.00,NA,NA,NA
2020-01-25 11:00:00,85.74,168.52,7.49,17.83,25.27,NA,NA,1.61,61.57,NA,NA,NA,NA,NA,NA,NA,NA,NA,NA,NA,0.00,NA,NA,NA
2020-01-25 12:00:00,49.55,115.19,6.65,12.70,19.33,NA,NA,1.47,63.62,NA,NA,NA,NA,NA,NA,NA,NA,NA,NA,NA,0.00,NA,NA,NA
2020-01-25 13:00:00,49.35,99.65,6.03,9.14,15.16,NA,NA,1.35,72.96,NA,NA,NA,NA,NA,NA,NA,NA,NA,NA,NA,0.00,NA,NA,NA
2020-01-25 14:00:00,38.00,92.01,5.81,8.33,14.17,NA,NA,1.33,72.97,NA,NA,NA,NA,NA,NA,NA,NA,NA,NA,NA,0.00,NA,NA,NA
2020-01-25 15:00:00,37.34,101.39,5.56,6.90,12.44,NA,NA,1.31,72.96,NA,NA,NA,NA,NA,NA,NA,NA,NA,NA,NA,0.00,NA,NA,NA
2020-01-25 16:00:00,37.20,85.56,5.63,10.29,15.94,NA,NA,1.33,67.87,NA,NA,NA,NA,NA,NA,NA,NA,NA,NA,NA,0.00,NA,NA,NA
2020-01-25 17:00:00,45.05,102.58,5.37,11.03,16.40,NA,NA,1.39,67.39,NA,NA,NA,NA,NA,NA,NA,NA,NA,NA,NA,0.00,NA,NA,NA
2020-01-25 18:00:00,57.12,114.04,5.14,11.08,16.22,NA,NA,1.53,53.77,NA,NA,NA,NA,NA,NA,NA,NA,NA,NA,NA,0.00,NA,NA,NA
2020-01-25 19:00:00,88.80,165.50,5.09,15.39,20.50,NA,NA,1.89,36.92,NA,NA,NA,NA,NA,NA,NA,NA,NA,NA,NA,0.00,NA,NA,NA
2020-01-25 20:00:00,125.90,227.72,5.31,16.73,22.03,NA,NA,1.93,26.18,NA,NA,NA,NA,NA,NA,NA,NA,NA,NA,NA,0.00,NA,NA,NA
2020-01-25 21:00:00,169.51,248.09,6.21,22.01,28.22,NA,NA,2.22,10.95,NA,NA,NA,NA,NA,NA,NA,NA,NA,NA,NA,0.00,NA,NA,NA
2020-01-25 22:00:00,155.91,276.41,8.87,23.20,32.10,NA,NA,2.31,6.96,NA,NA,NA,NA,NA,NA,NA,NA,NA,NA,NA,0.00,NA,NA,NA
2020-01-25 23:00:00,140.27,249.98,11.84,23.29,35.12,NA,NA,2.42,6.93,NA,NA,NA,NA,NA,NA,NA,NA,NA,NA,NA,0.00,NA,NA,NA
2020-01-26 00:00:00,148.63,278.70,22.22,25.76,47.96,NA,NA,3.27,7.14,NA,NA,NA,NA,NA,NA,NA,NA,NA,NA,NA,0.00,NA,NA,NA
2020-01-26 01:00:00,177.93,368.25,42.69,36.78,79.44,NA,NA,4.05,7.17,NA,NA,NA,NA,NA,NA,NA,NA,NA,NA,NA,0.00,NA,NA,NA
2020-01-26 02:00:00,187.15,367.56,44.52,33.95,78.48,NA,NA,4.38,7.15,NA,NA,NA,NA,NA,NA,NA,NA,NA,NA,NA,0.00,NA,NA,NA
2020-01-26 03:00:00,207.01,324.28,37.29,28.89,66.19,NA,NA,3.52,6.68,NA,NA,NA,NA,NA,NA,NA,NA,NA,NA,NA,0.00,NA,NA,NA
2020-01-26 04:00:00,189.99,327.08,46.53,30.38,76.90,NA,NA,3.45,6.67,NA,NA,NA,NA,NA,NA,NA,NA,NA,NA,NA,0.00,NA,NA,NA
2020-01-26 05:00:00,176.41,314.07,40.18,23.61,63.79,NA,NA,3.66,7.04,NA,NA,NA,NA,NA,NA,NA,NA,NA,NA,NA,0.00,NA,NA,NA
2020-01-26 06:00:00,183.78,313.54,51.94,24.47,76.41,NA,NA,3.87,6.78,NA,NA,NA,NA,NA,NA,NA,NA,NA,NA,NA,0.00,NA,NA,NA
2020-01-26 07:00:00,177.21,354.08,54.12,26.42,80.54,NA,NA,3.30,7.10,NA,NA,NA,NA,NA,NA,NA,NA,NA,NA,NA,0.00,NA,NA,NA
2020-01-26 08:00:00,155.86,340.12,42.94,42.56,85.52,NA,NA,3.04,8.18,NA,NA,NA,NA,NA,NA,NA,NA,NA,NA,NA,0.00,NA,NA,NA
2020-01-26 09:00:00,213.12,340.67,15.77,35.10,50.89,NA,NA,2.67,18.28,NA,NA,NA,NA,NA,NA,NA,NA,NA,NA,NA,0.00,NA,NA,NA
2020-01-26 10:00:00,179.60,280.90,8.44,20.90,29.35,NA,NA,2.15,38.91,NA,NA,NA,NA,NA,NA,NA,NA,NA,NA,NA,0.00,NA,NA,NA
2020-01-26 11:00:00,119.15,243.67,6.53,13.60,20.13,NA,NA,1.84,44.80,NA,NA,NA,NA,NA,NA,NA,NA,NA,NA,NA,0.00,NA,NA,NA
2020-01-26 12:00:00,81.46,166.45,6.40,10.73,17.12,NA,NA,1.58,6.22,NA,NA,NA,NA,NA,NA,NA,NA,NA,NA,NA,0.00,NA,NA,NA
2020-01-26 13:00:00,45.76,97.61,6.23,9.49,15.73,NA,NA,1.52,6.62,NA,NA,NA,NA,NA,NA,NA,NA,NA,NA,NA,0.00,NA,NA,NA
2020-01-26 14:00:00,37.95,85.34,5.60,5.08,10.68,NA,NA,1.53,9.65,NA,NA,NA,NA,NA,NA,NA,NA,NA,NA,NA,0.00,NA,NA,NA
2020-01-26 15:00:00,36.57,83.79,5.48,4.69,10.17,NA,NA,1.53,6.21,NA,NA,NA,NA,NA,NA,NA,NA,NA,NA,NA,0.00,NA,NA,NA
2020-01-26 16:00:00,35.75,79.61,5.32,3.07,8.38,NA,NA,1.51,6.23,NA,NA,NA,NA,NA,NA,NA,NA,NA,NA,NA,0.00,NA,NA,NA
2020-01-26 17:00:00,51.00,109.16,5.19,4.52,9.71,NA,NA,1.54,6.35,NA,NA,NA,NA,NA,NA,NA,NA,NA,NA,NA,0.00,NA,NA,NA
2020-01-26 18:00:00,60.93,117.13,5.20,7.75,12.96,NA,NA,1.67,6.22,NA,NA,NA,NA,NA,NA,NA,NA,NA,NA,NA,0.00,NA,NA,NA
2020-01-26 19:00:00,71.46,124.11,5.19,9.36,14.55,NA,NA,1.71,6.19,NA,NA,NA,NA,NA,NA,NA,NA,NA,NA,NA,0.00,NA,NA,NA
2020-01-26 20:00:00,84.78,165.23,5.28,12.51,17.79,NA,NA,1.89,5.99,NA,NA,NA,NA,NA,NA,NA,NA,NA,NA,NA,0.00,NA,NA,NA
2020-01-26 21:00:00,145.99,217.13,5.47,17.31,22.77,NA,NA,2.18,5.92,NA,NA,NA,NA,NA,NA,NA,NA,NA,NA,NA,0.00,NA,NA,NA
2020-01-26 22:00:00,136.06,223.41,6.01,19.04,25.06,NA,NA,2.06,6.21,NA,NA,NA,NA,NA,NA,NA,NA,NA,NA,NA,0.00,NA,NA,NA
2020-01-26 23:00:00,117.49,197.27,7.25,14.72,21.97,NA,NA,2.13,6.12,NA,NA,NA,NA,NA,NA,NA,NA,NA,NA,NA,0.00,NA,NA,NA
2020-01-27 00:00:00,121.22,209.24,10.32,15.23,25.51,NA,NA,2.39,6.24,NA,NA,NA,NA,NA,NA,NA,NA,NA,NA,NA,0.00,NA,NA,NA
2020-01-27 01:00:00,119.37,292.91,21.93,29.65,51.60,NA,NA,2.35,6.23,NA,NA,NA,NA,NA,NA,NA,NA,NA,NA,NA,0.00,NA,NA,NA
2020-01-27 02:00:00,119.43,250.35,14.26,14.69,28.96,NA,NA,2.21,6.10,NA,NA,NA,NA,NA,NA,NA,NA,NA,NA,NA,0.00,NA,NA,NA
2020-01-27 03:00:00,118.32,214.10,14.40,13.08,27.48,NA,NA,2.16,6.07,NA,NA,NA,NA,NA,NA,NA,NA,NA,NA,NA,0.00,NA,NA,NA
2020-01-27 04:00:00,111.45,197.16,15.69,16.88,32.56,NA,NA,2.25,6.04,NA,NA,NA,NA,NA,NA,NA,NA,NA,NA,NA,0.00,NA,NA,NA
2020-01-27 05:00:00,138.42,234.47,17.49,21.54,39.04,NA,NA,2.36,6.42,NA,NA,NA,NA,NA,NA,NA,NA,NA,NA,NA,0.00,NA,NA,NA
2020-01-27 06:00:00,150.24,245.46,10.36,13.76,24.12,NA,NA,2.40,6.20,NA,NA,NA,NA,NA,NA,NA,NA,NA,NA,NA,0.00,NA,NA,NA
2020-01-27 07:00:00,137.45,213.05,7.91,16.93,24.84,NA,NA,2.20,6.25,NA,NA,NA,NA,NA,NA,NA,NA,NA,NA,NA,0.00,NA,NA,NA
2020-01-27 08:00:00,120.10,188.65,11.08,12.66,23.70,NA,NA,2.25,6.32,NA,NA,NA,NA,NA,NA,NA,NA,NA,NA,NA,0.00,NA,NA,NA
2020-01-27 09:00:00,129.33,244.03,20.40,30.56,50.99,NA,NA,2.44,6.23,NA,NA,NA,NA,NA,NA,NA,NA,NA,NA,NA,0.00,NA,NA,NA
2020-01-27 10:00:00,122.56,236.69,10.03,28.45,38.49,NA,NA,2.28,6.20,NA,NA,NA,NA,NA,NA,NA,NA,NA,NA,NA,0.00,NA,NA,NA
2020-01-27 11:00:00,97.88,197.16,7.38,16.42,23.80,NA,NA,1.94,6.56,NA,NA,NA,NA,NA,NA,NA,NA,NA,NA,NA,0.00,NA,NA,NA
2020-01-27 12:00:00,64.16,136.79,6.04,8.18,14.22,NA,NA,1.74,8.11,NA,NA,NA,NA,NA,NA,NA,NA,NA,NA,NA,0.00,NA,NA,NA
2020-01-27 13:00:00,62.25,135.06,5.68,6.00,11.68,NA,NA,1.68,7.61,NA,NA,NA,NA,NA,NA,NA,NA,NA,NA,NA,0.00,NA,NA,NA
2020-01-27 14:00:00,52.48,109.93,5.36,3.02,8.38,NA,NA,1.58,6.53,NA,NA,NA,NA,NA,NA,NA,NA,NA,NA,NA,0.00,NA,NA,NA
2020-01-27 15:00:00,65.84,95.17,5.26,2.08,7.34,NA,NA,1.53,6.26,NA,NA,NA,NA,NA,NA,NA,NA,NA,NA,NA,0.00,NA,NA,NA
2020-01-27 16:00:00,60.14,96.83,5.25,2.89,8.14,NA,NA,1.53,5.99,NA,NA,NA,NA,NA,NA,NA,NA,NA,NA,NA,0.00,NA,NA,NA
2020-01-27 17:00:00,60.36,100.10,5.17,4.55,9.72,NA,NA,1.56,5.99,NA,NA,NA,NA,NA,NA,NA,NA,NA,NA,NA,0.00,NA,NA,NA
2020-01-27 18:00:00,62.97,114.67,5.20,14.73,19.93,NA,NA,1.89,5.89,NA,NA,NA,NA,NA,NA,NA,NA,NA,NA,NA,0.00,NA,NA,NA
2020-01-27 19:00:00,120.69,243.33,5.29,20.54,25.83,NA,NA,2.23,6.14,NA,NA,NA,NA,NA,NA,NA,NA,NA,NA,NA,0.00,NA,NA,NA
2020-01-27 20:00:00,153.92,274.51,5.37,27.86,33.23,NA,NA,2.60,6.41,NA,NA,NA,NA,NA,NA,NA,NA,NA,NA,NA,0.00,NA,NA,NA
2020-01-27 21:00:00,211.05,292.48,5.46,28.41,33.87,NA,NA,2.72,6.18,NA,NA,NA,NA,NA,NA,NA,NA,NA,NA,NA,0.00,NA,NA,NA
2020-01-27 22:00:00,205.39,296.31,8.15,38.09,46.24,NA,NA,3.06,6.33,NA,NA,NA,NA,NA,NA,NA,NA,NA,NA,NA,0.00,NA,NA,NA
2020-01-27 23:00:00,194.76,341.21,5.54,20.76,26.30,NA,NA,2.54,6.93,NA,NA,NA,NA,NA,NA,NA,NA,NA,NA,NA,0.00,NA,NA,NA
2020-01-28 00:00:00,160.54,292.47,5.47,11.43,16.90,NA,NA,2.24,6.81,NA,NA,NA,NA,NA,NA,NA,NA,NA,NA,NA,0.00,NA,NA,NA
2020-01-28 01:00:00,135.06,258.60,5.41,11.06,16.47,NA,NA,2.22,6.41,NA,NA,NA,NA,NA,NA,NA,NA,NA,NA,NA,0.00,NA,NA,NA
2020-01-28 02:00:00,134.48,228.38,9.50,20.00,29.49,NA,NA,2.22,6.13,NA,NA,NA,NA,NA,NA,NA,NA,NA,NA,NA,0.00,NA,NA,NA
2020-01-28 03:00:00,113.26,140.70,8.34,23.71,32.06,NA,NA,2.01,6.26,NA,NA,NA,NA,NA,NA,NA,NA,NA,NA,NA,0.00,NA,NA,NA
2020-01-28 04:00:00,104.65,130.37,5.65,16.19,21.84,NA,NA,1.97,5.97,NA,NA,NA,NA,NA,NA,NA,NA,NA,NA,NA,0.00,NA,NA,NA
2020-01-28 05:00:00,86.17,115.47,5.28,7.65,12.93,NA,NA,1.81,6.14,NA,NA,NA,NA,NA,NA,NA,NA,NA,NA,NA,0.00,NA,NA,NA
2020-01-28 06:00:00,60.69,63.96,5.28,5.32,10.60,NA,NA,1.67,6.02,NA,NA,NA,NA,NA,NA,NA,NA,NA,NA,NA,0.00,NA,NA,NA
2020-01-28 07:00:00,50.03,73.37,5.64,11.14,16.77,NA,NA,1.74,6.29,NA,NA,NA,NA,NA,NA,NA,NA,NA,NA,NA,0.00,NA,NA,NA
2020-01-28 08:00:00,62.82,84.78,5.80,7.60,13.39,NA,NA,1.68,6.53,NA,NA,NA,NA,NA,NA,NA,NA,NA,NA,NA,0.00,NA,NA,NA
2020-01-28 09:00:00,51.67,93.16,6.03,5.57,11.60,NA,NA,1.69,6.18,NA,NA,NA,NA,NA,NA,NA,NA,NA,NA,NA,0.00,NA,NA,NA
2020-01-28 10:00:00,67.66,117.28,5.95,5.51,11.46,NA,NA,1.86,6.38,NA,NA,NA,NA,NA,NA,NA,NA,NA,NA,NA,0.00,NA,NA,NA
2020-01-28 11:00:00,90.79,160.48,6.26,6.30,12.56,NA,NA,1.93,6.10,NA,NA,NA,NA,NA,NA,NA,NA,NA,NA,NA,0.00,NA,NA,NA
2020-01-28 12:00:00,102.44,183.83,6.11,6.32,12.43,NA,NA,1.93,6.20,NA,NA,NA,NA,NA,NA,NA,NA,NA,NA,NA,0.00,NA,NA,NA
2020-01-28 13:00:00,100.51,183.37,5.72,5.79,11.52,NA,NA,1.91,6.08,NA,NA,NA,NA,NA,NA,NA,NA,NA,NA,NA,0.00,NA,NA,NA
2020-01-28 14:00:00,99.90,174.35,5.69,5.00,10.69,NA,NA,1.96,6.17,NA,NA,NA,NA,NA,NA,NA,NA,NA,NA,NA,0.00,NA,NA,NA
2020-01-28 15:00:00,116.99,163.76,5.48,4.70,10.18,NA,NA,1.92,6.15,NA,NA,NA,NA,NA,NA,NA,NA,NA,NA,NA,0.00,NA,NA,NA
2020-01-28 16:00:00,128.28,174.32,5.34,4.44,9.78,NA,NA,1.86,6.27,NA,NA,NA,NA,NA,NA,NA,NA,NA,NA,NA,0.00,NA,NA,NA
2020-01-28 17:00:00,116.90,177.86,5.20,4.82,10.03,NA,NA,1.88,6.02,NA,NA,NA,NA,NA,NA,NA,NA,NA,NA,NA,0.00,NA,NA,NA
2020-01-28 18:00:00,119.51,170.61,5.19,7.36,12.55,NA,NA,1.94,6.39,NA,NA,NA,NA,NA,NA,NA,NA,NA,NA,NA,0.00,NA,NA,NA
2020-01-28 19:00:00,129.37,197.63,5.18,8.34,13.52,NA,NA,2.09,6.07,NA,NA,NA,NA,NA,NA,NA,NA,NA,NA,NA,0.00,NA,NA,NA
2020-01-28 20:00:00,128.62,165.74,5.32,7.36,12.67,NA,NA,2.00,6.57,NA,NA,NA,NA,NA,NA,NA,NA,NA,NA,NA,0.00,NA,NA,NA
2020-01-28 21:00:00,122.94,117.29,5.22,6.95,12.17,NA,NA,2.06,6.89,NA,NA,NA,NA,NA,NA,NA,NA,NA,NA,NA,0.00,NA,NA,NA
2020-01-28 22:00:00,110.66,142.36,5.27,6.52,11.79,NA,NA,1.98,6.38,NA,NA,NA,NA,NA,NA,NA,NA,NA,NA,NA,0.00,NA,NA,NA
2020-01-28 23:00:00,90.81,142.02,5.39,8.17,13.56,NA,NA,1.96,10.17,NA,NA,NA,NA,NA,NA,NA,NA,NA,NA,NA,0.00,NA,NA,NA
2020-01-29 00:00:00,79.59,129.31,6.47,19.61,26.08,NA,NA,2.06,7.52,NA,NA,NA,NA,NA,NA,NA,NA,NA,NA,NA,0.00,NA,NA,NA
2020-01-29 01:00:00,67.67,124.87,5.28,7.18,12.46,NA,NA,1.73,6.35,NA,NA,NA,NA,NA,NA,NA,NA,NA,NA,NA,0.00,NA,NA,NA
2020-01-29 02:00:00,59.28,99.79,5.29,4.08,9.37,NA,NA,1.66,6.69,NA,NA,NA,NA,NA,NA,NA,NA,NA,NA,NA,0.00,NA,NA,NA
2020-01-29 03:00:00,53.55,81.87,5.70,9.15,14.85,NA,NA,1.65,6.75,NA,NA,NA,NA,NA,NA,NA,NA,NA,NA,NA,0.00,NA,NA,NA
2020-01-29 04:00:00,44.22,72.31,5.52,7.72,13.24,NA,NA,1.64,6.25,NA,NA,NA,NA,NA,NA,NA,NA,NA,NA,NA,0.00,NA,NA,NA
2020-01-29 05:00:00,33.90,63.40,5.47,4.88,10.35,NA,NA,1.71,6.16,NA,NA,NA,NA,NA,NA,NA,NA,NA,NA,NA,0.00,NA,NA,NA
2020-01-29 06:00:00,40.64,59.67,5.62,4.08,9.70,NA,NA,1.62,6.30,NA,NA,NA,NA,NA,NA,NA,NA,NA,NA,NA,0.00,NA,NA,NA
2020-01-29 07:00:00,46.74,72.05,6.01,6.98,13.00,NA,NA,1.77,6.25,NA,NA,NA,NA,NA,NA,NA,NA,NA,NA,NA,0.00,NA,NA,NA
2020-01-29 08:00:00,40.12,60.82,11.21,15.94,27.18,NA,NA,1.79,6.25,NA,NA,NA,NA,NA,NA,NA,NA,NA,NA,NA,0.00,NA,NA,NA
2020-01-29 09:00:00,59.22,94.25,30.31,34.14,64.45,NA,NA,2.07,5.74,NA,NA,NA,NA,NA,NA,NA,NA,NA,NA,NA,0.00,NA,NA,NA
2020-01-29 10:00:00,62.02,99.97,17.51,25.19,42.68,NA,NA,1.89,6.45,NA,NA,NA,NA,NA,NA,NA,NA,NA,NA,NA,0.00,NA,NA,NA
2020-01-29 11:00:00,29.20,72.22,10.37,16.27,26.64,NA,NA,1.72,5.87,NA,NA,NA,NA,NA,NA,NA,NA,NA,NA,NA,0.00,NA,NA,NA
2020-01-29 12:00:00,29.49,63.75,7.97,13.03,21.00,NA,NA,1.71,6.28,NA,NA,NA,NA,NA,NA,NA,NA,NA,NA,NA,0.00,NA,NA,NA
2020-01-29 13:00:00,35.01,67.91,6.27,7.02,13.29,NA,NA,1.56,5.87,NA,NA,NA,NA,NA,NA,NA,NA,NA,NA,NA,0.00,NA,NA,NA
2020-01-29 14:00:00,25.16,50.11,5.84,5.53,11.36,NA,NA,1.51,7.29,NA,NA,NA,NA,NA,NA,NA,NA,NA,NA,NA,0.00,NA,NA,NA
2020-01-29 15:00:00,22.21,66.52,5.48,4.48,9.96,NA,NA,1.47,6.90,NA,NA,NA,NA,NA,NA,NA,NA,NA,NA,NA,0.00,NA,NA,NA
2020-01-29 16:00:00,20.16,65.63,5.48,4.82,10.30,NA,NA,1.45,6.08,NA,NA,NA,NA,NA,NA,NA,NA,NA,NA,NA,0.00,NA,NA,NA
2020-01-29 17:00:00,33.68,62.03,5.31,4.73,10.03,NA,NA,1.46,6.11,NA,NA,NA,NA,NA,NA,NA,NA,NA,NA,NA,0.00,NA,NA,NA
2020-01-29 18:00:00,47.46,80.68,5.17,7.40,12.57,NA,NA,1.62,6.15,NA,NA,NA,NA,NA,NA,NA,NA,NA,NA,NA,0.00,NA,NA,NA
2020-01-29 19:00:00,55.80,88.59,5.23,11.71,16.94,NA,NA,1.73,6.27,NA,NA,NA,NA,NA,NA,NA,NA,NA,NA,NA,0.00,NA,NA,NA
2020-01-29 20:00:00,68.78,123.17,5.29,17.66,22.95,NA,NA,1.99,6.28,NA,NA,NA,NA,NA,NA,NA,NA,NA,NA,NA,0.00,NA,NA,NA
2020-01-29 21:00:00,92.59,150.86,9.02,26.04,35.09,NA,NA,2.20,6.09,NA,NA,NA,NA,NA,NA,NA,NA,NA,NA,NA,0.00,NA,NA,NA
2020-01-29 22:00:00,97.12,179.94,14.50,29.96,44.46,NA,NA,2.22,6.08,NA,NA,NA,NA,NA,NA,NA,NA,NA,NA,NA,0.00,NA,NA,NA
2020-01-29 23:00:00,103.76,196.25,11.98,30.81,42.81,NA,NA,2.65,6.15,NA,NA,NA,NA,NA,NA,NA,NA,NA,NA,NA,0.00,NA,NA,NA
2020-01-30 00:00:00,117.38,218.92,20.49,29.72,50.21,NA,NA,2.80,6.15,NA,NA,NA,NA,NA,NA,NA,NA,NA,NA,NA,0.00,NA,NA,NA
2020-01-30 01:00:00,106.62,228.94,18.51,29.27,47.91,NA,NA,2.39,6.17,NA,NA,NA,NA,NA,NA,NA,NA,NA,NA,NA,0.00,NA,NA,NA
2020-01-30 02:00:00,85.82,195.22,10.58,25.15,35.68,NA,NA,2.06,6.05,NA,NA,NA,NA,NA,NA,NA,NA,NA,NA,NA,0.00,NA,NA,NA
2020-01-30 03:00:00,68.80,135.86,5.90,18.03,23.91,NA,NA,1.82,5.81,NA,NA,NA,NA,NA,NA,NA,NA,NA,NA,NA,0.00,NA,NA,NA
2020-01-30 04:00:00,93.85,162.09,5.74,17.00,22.75,NA,NA,1.84,6.16,NA,NA,NA,NA,NA,NA,NA,NA,NA,NA,NA,0.00,NA,NA,NA
2020-01-30 05:00:00,84.14,154.24,6.07,18.39,24.45,NA,NA,1.83,5.83,NA,NA,NA,NA,NA,NA,NA,NA,NA,NA,NA,0.00,NA,NA,NA
2020-01-30 06:00:00,56.99,104.89,7.33,15.58,22.91,NA,NA,1.74,6.31,NA,NA,NA,NA,NA,NA,NA,NA,NA,NA,NA,0.00,NA,NA,NA
2020-01-30 07:00:00,58.36,104.44,20.76,22.65,43.43,NA,NA,1.78,6.03,NA,NA,NA,NA,NA,NA,NA,NA,NA,NA,NA,0.00,NA,NA,NA
2020-01-30 08:00:00,60.47,150.46,21.30,27.96,49.32,NA,NA,2.00,6.43,NA,NA,NA,NA,NA,NA,NA,NA,NA,NA,NA,0.00,NA,NA,NA
2020-01-30 09:00:00,87.81,196.34,20.69,28.56,49.21,NA,NA,2.16,6.07,NA,NA,NA,NA,NA,NA,NA,NA,NA,NA,NA,0.00,NA,NA,NA
2020-01-30 10:00:00,94.76,139.76,10.82,16.40,27.20,NA,NA,1.83,6.04,NA,NA,NA,NA,NA,NA,NA,NA,NA,NA,NA,0.00,NA,NA,NA
2020-01-30 11:00:00,66.62,102.20,7.64,11.00,18.63,NA,NA,1.73,6.25,NA,NA,NA,NA,NA,NA,NA,NA,NA,NA,NA,0.00,NA,NA,NA
2020-01-30 12:00:00,45.44,78.01,6.69,7.48,14.16,NA,NA,1.60,6.21,NA,NA,NA,NA,NA,NA,NA,NA,NA,NA,NA,0.00,NA,NA,NA
2020-01-30 13:00:00,37.80,67.19,6.16,5.29,11.44,NA,NA,1.60,6.24,NA,NA,NA,NA,NA,NA,NA,NA,NA,NA,NA,0.00,NA,NA,NA
2020-01-30 14:00:00,34.88,65.06,5.76,3.78,9.54,NA,NA,1.55,6.18,NA,NA,NA,NA,NA,NA,NA,NA,NA,NA,NA,0.00,NA,NA,NA
2020-01-30 15:00:00,38.37,62.58,5.61,3.79,9.41,NA,NA,1.37,5.94,NA,NA,NA,NA,NA,NA,NA,NA,NA,NA,NA,0.00,NA,NA,NA
2020-01-30 16:00:00,33.94,69.39,5.47,3.09,8.56,NA,NA,1.33,6.08,NA,NA,NA,NA,NA,NA,NA,NA,NA,NA,NA,0.00,NA,NA,NA
2020-01-30 17:00:00,26.37,48.70,5.33,3.44,8.78,NA,NA,1.43,6.41,NA,NA,NA,NA,NA,NA,NA,NA,NA,NA,NA,0.00,NA,NA,NA
2020-01-30 18:00:00,34.70,61.67,5.25,9.15,14.42,NA,NA,1.61,6.24,NA,NA,NA,NA,NA,NA,NA,NA,NA,NA,NA,0.00,NA,NA,NA
2020-01-30 19:00:00,56.81,109.21,7.44,25.38,32.84,NA,NA,1.94,6.85,NA,NA,NA,NA,NA,NA,NA,NA,NA,NA,NA,0.00,NA,NA,NA
2020-01-30 20:00:00,82.56,155.28,5.48,22.86,28.34,NA,NA,2.10,6.78,NA,NA,NA,NA,NA,NA,NA,NA,NA,NA,NA,0.00,NA,NA,NA
2020-01-30 21:00:00,89.82,167.39,5.59,24.96,30.55,NA,NA,2.05,6.14,NA,NA,NA,NA,NA,NA,NA,NA,NA,NA,NA,0.00,NA,NA,NA
2020-01-30 22:00:00,87.47,147.25,5.82,22.38,28.21,NA,NA,2.01,6.60,NA,NA,NA,NA,NA,NA,NA,NA,NA,NA,NA,0.00,NA,NA,NA
2020-01-30 23:00:00,86.88,162.25,5.93,24.66,30.59,NA,NA,2.16,6.10,NA,NA,NA,NA,NA,NA,NA,NA,NA,NA,NA,0.00,NA,NA,NA
2020-01-31 00:00:00,81.06,157.47,5.50,18.18,23.68,NA,NA,1.92,6.11,NA,NA,NA,NA,NA,NA,NA,NA,NA,NA,NA,0.00,NA,NA,NA
2020-01-31 01:00:00,72.88,153.86,5.56,15.73,21.28,NA,NA,1.83,6.12,NA,NA,NA,NA,NA,NA,NA,NA,NA,NA,NA,0.00,NA,NA,NA
2020-01-31 02:00:00,67.08,131.88,6.69,14.60,21.28,NA,NA,1.76,6.40,NA,NA,NA,NA,NA,NA,NA,NA,NA,NA,NA,0.00,NA,NA,NA
2020-01-31 03:00:00,66.58,136.72,15.01,18.42,33.45,NA,NA,1.72,6.41,NA,NA,NA,NA,NA,NA,NA,NA,NA,NA,NA,0.00,NA,NA,NA
2020-01-31 04:00:00,61.47,122.23,18.85,21.36,40.20,NA,NA,1.81,6.72,NA,NA,NA,NA,NA,NA,NA,NA,NA,NA,NA,0.00,NA,NA,NA
2020-01-31 05:00:00,62.45,112.92,9.56,14.50,24.08,NA,NA,1.73,6.32,NA,NA,NA,NA,NA,NA,NA,NA,NA,NA,NA,0.00,NA,NA,NA
2020-01-31 06:00:00,55.70,110.37,12.57,18.19,30.76,NA,NA,1.77,6.16,NA,NA,NA,NA,NA,NA,NA,NA,NA,NA,NA,0.00,NA,NA,NA
2020-01-31 07:00:00,68.24,118.04,16.43,17.20,33.61,NA,NA,1.84,6.17,NA,NA,NA,NA,NA,NA,NA,NA,NA,NA,NA,0.00,NA,NA,NA
2020-01-31 08:00:00,71.08,142.89,17.81,20.94,38.75,NA,NA,2.01,5.87,NA,NA,NA,NA,NA,NA,NA,NA,NA,NA,NA,0.00,NA,NA,NA
2020-01-31 09:00:00,70.58,162.71,11.78,23.34,35.14,NA,NA,1.94,6.18,NA,NA,NA,NA,NA,NA,NA,NA,NA,NA,NA,0.00,NA,NA,NA
2020-01-31 10:00:00,61.50,162.21,8.62,12.93,21.56,NA,NA,1.78,6.12,NA,NA,NA,NA,NA,NA,NA,NA,NA,NA,NA,0.00,NA,NA,NA
2020-01-31 11:00:00,33.58,88.91,7.42,9.13,16.55,NA,NA,1.55,6.31,NA,NA,NA,NA,NA,NA,NA,NA,NA,NA,NA,0.00,NA,NA,NA
2020-01-31 12:00:00,25.41,60.99,6.53,7.27,13.80,NA,NA,1.52,6.31,NA,NA,NA,NA,NA,NA,NA,NA,NA,NA,NA,0.00,NA,NA,NA
2020-01-31 13:00:00,33.13,55.25,6.13,6.12,12.25,NA,NA,1.52,6.17,NA,NA,NA,NA,NA,NA,NA,NA,NA,NA,NA,0.00,NA,NA,NA
2020-01-31 14:00:00,42.72,68.96,5.91,6.22,12.13,NA,NA,1.55,6.26,NA,NA,NA,NA,NA,NA,NA,NA,NA,NA,NA,0.00,NA,NA,NA
2020-01-31 15:00:00,44.15,75.70,6.33,7.59,13.92,NA,NA,1.54,6.04,NA,NA,NA,NA,NA,NA,NA,NA,NA,NA,NA,0.00,NA,NA,NA
2020-01-31 16:00:00,52.01,76.10,7.21,13.09,20.30,NA,NA,1.56,5.92,NA,NA,NA,NA,NA,NA,NA,NA,NA,NA,NA,0.00,NA,NA,NA
2020-01-31 17:00:00,44.28,82.79,5.77,6.69,12.46,NA,NA,1.54,5.78,NA,NA,NA,NA,NA,NA,NA,NA,NA,NA,NA,0.00,NA,NA,NA
2020-01-31 18:00:00,45.33,71.68,5.17,7.75,12.92,NA,NA,1.60,6.02,NA,NA,NA,NA,NA,NA,NA,NA,NA,NA,NA,0.00,NA,NA,NA
2020-01-31 19:00:00,66.49,103.70,5.17,9.22,14.39,NA,NA,1.75,6.27,NA,NA,NA,NA,NA,NA,NA,NA,NA,NA,NA,0.00,NA,NA,NA
2020-01-31 20:00:00,90.47,132.54,5.60,16.00,21.59,NA,NA,2.11,5.78,NA,NA,NA,NA,NA,NA,NA,NA,NA,NA,NA,0.00,NA,NA,NA
2020-01-31 21:00:00,147.92,243.79,13.17,21.97,35.11,NA,NA,3.20,6.10,NA,NA,NA,NA,NA,NA,NA,NA,NA,NA,NA,0.00,NA,NA,NA
2020-01-31 22:00:00,173.22,316.95,28.72,27.63,56.35,NA,NA,3.58,6.15,NA,NA,NA,NA,NA,NA,NA,NA,NA,NA,NA,0.00,NA,NA,NA
2020-01-31 23:00:00,160.11,291.31,34.67,29.20,63.84,NA,NA,3.38,6.11,NA,NA,NA,NA,NA,NA,NA,NA,NA,NA,NA,0.00,NA,NA,NA
2020-02-01 00:00:00,119.94,243.16,54.58,40.70,95.26,NA,NA,3.88,5.99,NA,NA,NA,NA,NA,NA,NA,NA,NA,NA,NA,0.00,NA,NA,NA
2020-02-01 01:00:00,107.29,253.76,53.02,34.67,87.71,NA,NA,3.72,6.03,NA,NA,NA,NA,NA,NA,NA,NA,NA,NA,NA,0.00,NA,NA,NA
2020-02-01 02:00:00,93.64,210.07,37.67,27.33,65.01,NA,NA,3.23,6.11,NA,NA,NA,NA,NA,NA,NA,NA,NA,NA,NA,0.00,NA,NA,NA
2020-02-01 03:00:00,87.00,183.64,39.38,20.96,60.32,NA,NA,3.02,6.17,NA,NA,NA,NA,NA,NA,NA,NA,NA,NA,NA,0.00,NA,NA,NA
2020-02-01 04:00:00,86.36,190.14,39.27,18.44,57.72,NA,NA,2.77,6.30,NA,NA,NA,NA,NA,NA,NA,NA,NA,NA,NA,0.00,NA,NA,NA
2020-02-01 05:00:00,85.14,151.20,32.74,14.47,47.22,NA,NA,2.56,6.46,NA,NA,NA,NA,NA,NA,NA,NA,NA,NA,NA,0.00,NA,NA,NA
2020-02-01 06:00:00,98.26,155.52,29.78,13.65,43.42,NA,NA,2.38,6.29,NA,NA,NA,NA,NA,NA,NA,NA,NA,NA,NA,0.00,NA,NA,NA
2020-02-01 07:00:00,100.08,192.07,40.64,17.50,58.14,NA,NA,2.37,6.35,NA,NA,NA,NA,NA,NA,NA,NA,NA,NA,NA,0.00,NA,NA,NA
2020-02-01 08:00:00,88.91,180.58,35.61,22.62,58.24,NA,NA,2.41,6.17,NA,NA,NA,NA,NA,NA,NA,NA,NA,NA,NA,0.00,NA,NA,NA
2020-02-01 09:00:00,103.75,191.11,34.15,36.97,71.15,NA,NA,2.41,6.14,NA,NA,NA,NA,NA,NA,NA,NA,NA,NA,NA,0.00,NA,NA,NA
2020-02-01 10:00:00,93.19,176.40,13.67,29.43,43.11,NA,NA,2.21,6.34,NA,NA,NA,NA,NA,NA,NA,NA,NA,NA,NA,0.00,NA,NA,NA
2020-02-01 11:00:00,75.39,151.98,8.86,20.34,29.21,NA,NA,1.91,6.31,NA,NA,NA,NA,NA,NA,NA,NA,NA,NA,NA,0.00,NA,NA,NA
2020-02-01 12:00:00,45.91,98.02,6.50,10.89,17.39,NA,NA,1.65,6.10,NA,NA,NA,NA,NA,NA,NA,NA,NA,NA,NA,0.00,NA,NA,NA
2020-02-01 13:00:00,33.00,92.23,5.80,6.72,12.52,NA,NA,1.55,6.13,NA,NA,NA,NA,NA,NA,NA,NA,NA,NA,NA,0.00,NA,NA,NA
2020-02-01 14:00:00,26.57,70.97,5.54,4.47,10.00,NA,NA,1.51,6.10,NA,NA,NA,NA,NA,NA,NA,NA,NA,NA,NA,0.00,NA,NA,NA
2020-02-01 15:00:00,32.21,81.19,5.73,6.21,11.94,NA,NA,1.58,6.20,NA,NA,NA,NA,NA,NA,NA,NA,NA,NA,NA,0.00,NA,NA,NA
2020-02-01 16:00:00,43.93,94.19,5.36,3.92,9.28,NA,NA,1.59,6.26,NA,NA,NA,NA,NA,NA,NA,NA,NA,NA,NA,0.00,NA,NA,NA
2020-02-01 17:00:00,46.44,85.01,5.29,3.98,9.27,NA,NA,1.61,6.05,NA,NA,NA,NA,NA,NA,NA,NA,NA,NA,NA,0.00,NA,NA,NA
2020-02-01 18:00:00,46.83,81.56,5.28,8.22,13.49,NA,NA,1.73,6.13,NA,NA,NA,NA,NA,NA,NA,NA,NA,NA,NA,0.00,NA,NA,NA
2020-02-01 19:00:00,68.48,135.05,5.51,12.64,18.14,NA,NA,2.07,6.07,NA,NA,NA,NA,NA,NA,NA,NA,NA,NA,NA,0.00,NA,NA,NA
2020-02-01 20:00:00,113.86,201.13,5.47,20.17,25.63,NA,NA,2.51,5.78,NA,NA,NA,NA,NA,NA,NA,NA,NA,NA,NA,0.00,NA,NA,NA
2020-02-01 21:00:00,135.15,202.07,6.21,22.84,29.05,NA,NA,2.62,6.09,NA,NA,NA,NA,NA,NA,NA,NA,NA,NA,NA,0.00,NA,NA,NA
2020-02-01 22:00:00,113.49,189.45,8.75,25.18,33.93,NA,NA,2.73,6.03,NA,NA,NA,NA,NA,NA,NA,NA,NA,NA,NA,0.00,NA,NA,NA
2020-02-01 23:00:00,90.74,185.75,10.51,20.62,31.13,NA,NA,2.58,6.41,NA,NA,NA,NA,NA,NA,NA,NA,NA,NA,NA,0.00,NA,NA,NA
2020-02-02 00:00:00,76.07,160.83,10.76,15.82,26.58,NA,NA,2.51,6.11,NA,NA,NA,NA,NA,NA,NA,NA,NA,NA,NA,0.00,NA,NA,NA
2020-02-02 01:00:00,75.66,170.68,17.78,16.64,34.42,NA,NA,2.46,6.15,NA,NA,NA,NA,NA,NA,NA,NA,NA,NA,NA,0.00,NA,NA,NA
2020-02-02 02:00:00,72.66,153.57,8.32,14.72,23.05,NA,NA,2.19,6.16,NA,NA,NA,NA,NA,NA,NA,NA,NA,NA,NA,0.00,NA,NA,NA
2020-02-02 03:00:00,78.98,156.86,9.50,13.34,22.82,NA,NA,1.84,6.13,NA,NA,NA,NA,NA,NA,NA,NA,NA,NA,NA,0.00,NA,NA,NA
2020-02-02 04:00:00,84.33,155.65,21.99,16.62,38.62,NA,NA,1.79,5.97,NA,NA,NA,NA,NA,NA,NA,NA,NA,NA,NA,0.00,NA,NA,NA
2020-02-02 05:00:00,76.51,147.73,26.31,18.73,45.03,NA,NA,1.92,6.47,NA,NA,NA,NA,NA,NA,NA,NA,NA,NA,NA,0.00,NA,NA,NA
2020-02-02 06:00:00,82.28,148.43,17.43,17.90,35.34,NA,NA,1.89,5.92,NA,NA,NA,NA,NA,NA,NA,NA,NA,NA,NA,0.00,NA,NA,NA
2020-02-02 07:00:00,73.63,137.52,10.91,14.46,25.38,NA,NA,1.86,6.17,NA,NA,NA,NA,NA,NA,NA,NA,NA,NA,NA,0.00,NA,NA,NA
2020-02-02 08:00:00,67.28,179.92,13.68,14.73,28.41,NA,NA,1.97,6.20,NA,NA,NA,NA,NA,NA,NA,NA,NA,NA,NA,0.00,NA,NA,NA
2020-02-02 09:00:00,99.44,181.90,9.47,24.83,34.30,NA,NA,1.77,6.08,NA,NA,NA,NA,NA,NA,NA,NA,NA,NA,NA,0.00,NA,NA,NA
2020-02-02 10:00:00,78.11,119.25,6.91,9.17,16.09,NA,NA,1.65,6.21,NA,NA,NA,NA,NA,NA,NA,NA,NA,NA,NA,0.00,NA,NA,NA
2020-02-02 11:00:00,77.66,123.58,6.99,10.05,17.03,NA,NA,1.61,6.14,NA,NA,NA,NA,NA,NA,NA,NA,NA,NA,NA,0.00,NA,NA,NA
2020-02-02 12:00:00,83.20,127.66,7.33,11.42,18.76,NA,NA,1.60,6.09,NA,NA,NA,NA,NA,NA,NA,NA,NA,NA,NA,0.00,NA,NA,NA
2020-02-02 13:00:00,66.79,112.79,6.86,9.42,16.28,NA,NA,1.49,6.03,NA,NA,NA,NA,NA,NA,NA,NA,NA,NA,NA,0.00,NA,NA,NA
2020-02-02 14:00:00,48.93,82.15,7.20,10.25,17.45,NA,NA,1.43,5.94,NA,NA,NA,NA,NA,NA,NA,NA,NA,NA,NA,0.00,NA,NA,NA
2020-02-02 15:00:00,42.45,75.97,5.59,4.05,9.64,NA,NA,1.42,6.03,NA,NA,NA,NA,NA,NA,NA,NA,NA,NA,NA,0.00,NA,NA,NA
2020-02-02 16:00:00,35.66,65.60,5.33,2.92,8.26,NA,NA,1.40,5.96,NA,NA,NA,NA,NA,NA,NA,NA,NA,NA,NA,0.00,NA,NA,NA
2020-02-02 17:00:00,40.19,64.91,5.29,3.08,8.37,NA,NA,1.42,6.14,NA,NA,NA,NA,NA,NA,NA,NA,NA,NA,NA,0.00,NA,NA,NA
2020-02-02 18:00:00,49.42,103.72,5.27,5.32,10.59,NA,NA,1.55,6.03,NA,NA,NA,NA,NA,NA,NA,NA,NA,NA,NA,0.00,NA,NA,NA
2020-02-02 19:00:00,69.23,128.96,5.27,7.78,13.05,NA,NA,1.65,6.08,NA,NA,NA,NA,NA,NA,NA,NA,NA,NA,NA,0.00,NA,NA,NA
2020-02-02 20:00:00,84.65,142.85,5.28,9.71,14.99,NA,NA,1.81,6.17,NA,NA,NA,NA,NA,NA,NA,NA,NA,NA,NA,0.00,NA,NA,NA
2020-02-02 21:00:00,119.70,182.60,5.25,11.94,17.19,NA,NA,1.88,6.30,NA,NA,NA,NA,NA,NA,NA,NA,NA,NA,NA,0.00,NA,NA,NA
2020-02-02 22:00:00,113.66,201.80,5.96,16.59,22.55,NA,NA,2.05,6.06,NA,NA,NA,NA,NA,NA,NA,NA,NA,NA,NA,0.00,NA,NA,NA
2020-02-02 23:00:00,110.47,189.42,6.03,14.79,20.82,NA,NA,1.99,6.39,NA,NA,NA,NA,NA,NA,NA,NA,NA,NA,NA,0.00,NA,NA,NA
2020-02-03 00:00:00,105.19,196.24,9.69,13.85,23.53,NA,NA,2.11,6.08,NA,NA,NA,NA,NA,NA,NA,NA,NA,NA,NA,0.00,NA,NA,NA
2020-02-03 01:00:00,98.33,207.87,6.53,10.51,17.04,NA,NA,1.92,6.72,NA,NA,NA,NA,NA,NA,NA,NA,NA,NA,NA,0.00,NA,NA,NA
2020-02-03 02:00:00,90.94,173.73,5.61,7.46,13.07,NA,NA,1.87,6.72,NA,NA,NA,NA,NA,NA,NA,NA,NA,NA,NA,0.00,NA,NA,NA
2020-02-03 03:00:00,92.69,174.28,5.69,7.05,12.73,NA,NA,1.86,6.16,NA,NA,NA,NA,NA,NA,NA,NA,NA,NA,NA,0.00,NA,NA,NA
2020-02-03 04:00:00,93.31,170.79,6.76,8.12,14.91,NA,NA,1.88,6.32,NA,NA,NA,NA,NA,NA,NA,NA,NA,NA,NA,0.00,NA,NA,NA
2020-02-03 05:00:00,106.25,201.38,23.17,19.61,42.79,NA,NA,2.16,6.18,NA,NA,NA,NA,NA,NA,NA,NA,NA,NA,NA,0.00,NA,NA,NA
2020-02-03 06:00:00,105.01,230.95,20.62,22.83,43.43,NA,NA,2.08,6.23,NA,NA,NA,NA,NA,NA,NA,NA,NA,NA,NA,0.00,NA,NA,NA
2020-02-03 07:00:00,146.80,276.06,25.55,21.31,46.88,NA,NA,2.18,6.04,NA,NA,NA,NA,NA,NA,NA,NA,NA,NA,NA,0.00,NA,NA,NA
2020-02-03 08:00:00,148.07,255.76,28.91,31.32,60.23,NA,NA,2.26,6.14,NA,NA,NA,NA,NA,NA,NA,NA,NA,NA,NA,0.00,NA,NA,NA
2020-02-03 09:00:00,133.26,260.00,17.92,37.17,55.06,NA,NA,2.17,6.35,NA,NA,NA,NA,NA,NA,NA,NA,NA,NA,NA,0.00,NA,NA,NA
2020-02-03 10:00:00,109.37,231.42,8.51,18.43,26.93,NA,NA,1.79,6.22,NA,NA,NA,NA,NA,NA,NA,NA,NA,NA,NA,0.00,NA,NA,NA
2020-02-03 11:00:00,63.16,183.19,6.63,14.61,21.24,NA,NA,1.60,5.98,NA,NA,NA,NA,NA,NA,NA,NA,NA,NA,NA,0.00,NA,NA,NA
2020-02-03 12:00:00,53.60,144.39,5.80,8.77,14.57,NA,NA,1.38,6.12,NA,NA,NA,NA,NA,NA,NA,NA,NA,NA,NA,0.00,NA,NA,NA
2020-02-03 13:00:00,29.11,87.10,5.64,6.52,12.15,NA,NA,1.28,6.58,NA,NA,NA,NA,NA,NA,NA,NA,NA,NA,NA,0.00,NA,NA,NA
2020-02-03 14:00:00,24.94,79.91,5.47,5.67,11.14,NA,NA,1.18,6.07,NA,NA,NA,NA,NA,NA,NA,NA,NA,NA,NA,0.00,NA,NA,NA
2020-02-03 15:00:00,30.31,81.63,5.37,4.82,10.20,NA,NA,1.11,7.95,NA,NA,NA,NA,NA,NA,NA,NA,NA,NA,NA,0.00,NA,NA,NA
2020-02-03 16:00:00,28.38,78.28,5.37,5.78,11.16,NA,NA,1.11,6.18,NA,NA,NA,NA,NA,NA,NA,NA,NA,NA,NA,0.00,NA,NA,NA
2020-02-03 17:00:00,32.08,81.79,5.60,12.06,17.66,NA,NA,1.05,6.62,NA,NA,NA,NA,NA,NA,NA,NA,NA,NA,NA,0.00,NA,NA,NA
2020-02-03 18:00:00,49.80,114.82,5.29,15.74,21.03,NA,NA,1.13,6.24,NA,NA,NA,NA,NA,NA,NA,NA,NA,NA,NA,0.00,NA,NA,NA
2020-02-03 19:00:00,71.80,148.22,5.27,14.09,19.37,NA,NA,1.35,6.25,NA,NA,NA,NA,NA,NA,NA,NA,NA,NA,NA,0.00,NA,NA,NA
2020-02-03 20:00:00,93.45,204.63,5.75,17.86,23.61,NA,NA,1.84,6.31,NA,NA,NA,NA,NA,NA,NA,NA,NA,NA,NA,0.00,NA,NA,NA
2020-02-03 21:00:00,180.42,333.56,8.51,19.10,27.63,NA,NA,2.02,6.19,NA,NA,NA,NA,NA,NA,NA,NA,NA,NA,NA,0.00,NA,NA,NA
2020-02-03 22:00:00,150.23,280.88,13.35,20.53,33.88,NA,NA,2.41,6.32,NA,NA,NA,NA,NA,NA,NA,NA,NA,NA,NA,0.00,NA,NA,NA
2020-02-03 23:00:00,133.76,250.91,9.84,21.61,31.44,NA,NA,1.80,6.38,NA,NA,NA,NA,NA,NA,NA,NA,NA,NA,NA,0.00,NA,NA,NA
2020-02-04 00:00:00,89.10,174.71,6.16,15.77,21.92,NA,NA,1.32,6.55,NA,NA,NA,NA,NA,NA,NA,NA,NA,NA,NA,0.00,NA,NA,NA
2020-02-04 01:00:00,93.59,186.25,5.76,11.04,16.79,NA,NA,1.42,6.21,NA,NA,NA,NA,NA,NA,NA,NA,NA,NA,NA,0.00,NA,NA,NA
2020-02-04 02:00:00,141.19,248.99,6.42,8.21,14.63,NA,NA,1.49,6.15,NA,NA,NA,NA,NA,NA,NA,NA,NA,NA,NA,0.00,NA,NA,NA
2020-02-04 03:00:00,118.73,212.50,6.75,9.81,16.55,NA,NA,1.34,6.45,NA,NA,NA,NA,NA,NA,NA,NA,NA,NA,NA,0.00,NA,NA,NA
2020-02-04 04:00:00,103.99,202.87,7.52,6.43,13.95,NA,NA,1.64,6.22,NA,NA,NA,NA,NA,NA,NA,NA,NA,NA,NA,0.00,NA,NA,NA
2020-02-04 05:00:00,144.34,221.64,6.59,7.05,13.65,NA,NA,1.43,6.44,NA,NA,NA,NA,NA,NA,NA,NA,NA,NA,NA,0.00,NA,NA,NA
2020-02-04 06:00:00,117.87,203.96,7.41,8.26,15.66,NA,NA,1.12,7.21,NA,NA,NA,NA,NA,NA,NA,NA,NA,NA,NA,0.00,NA,NA,NA
2020-02-04 07:00:00,100.88,178.17,7.78,5.01,12.80,NA,NA,1.12,6.17,NA,NA,NA,NA,NA,NA,NA,NA,NA,NA,NA,0.00,NA,NA,NA
2020-02-04 08:00:00,103.97,191.02,15.70,14.27,30.01,NA,NA,1.36,6.24,NA,NA,NA,NA,NA,NA,NA,NA,NA,NA,NA,0.00,NA,NA,NA
2020-02-04 09:00:00,126.86,255.31,7.44,13.32,20.71,NA,NA,1.31,6.08,NA,NA,NA,NA,NA,NA,NA,NA,NA,NA,NA,0.00,NA,NA,NA
2020-02-04 10:00:00,102.43,184.47,5.62,6.05,11.66,NA,NA,1.08,6.14,NA,NA,NA,NA,NA,NA,NA,NA,NA,NA,NA,0.00,NA,NA,NA
2020-02-04 11:00:00,58.12,119.14,5.43,4.54,9.96,NA,NA,0.92,6.15,NA,NA,NA,NA,NA,NA,NA,NA,NA,NA,NA,0.00,NA,NA,NA
2020-02-04 12:00:00,45.67,116.37,5.39,3.82,9.21,NA,NA,0.85,6.17,NA,NA,NA,NA,NA,NA,NA,NA,NA,NA,NA,0.00,NA,NA,NA
2020-02-04 13:00:00,44.95,115.21,5.35,3.33,8.68,NA,NA,0.83,6.21,NA,NA,NA,NA,NA,NA,NA,NA,NA,NA,NA,0.00,NA,NA,NA
2020-02-04 14:00:00,44.48,103.58,5.29,3.03,8.33,NA,NA,0.79,6.23,NA,NA,NA,NA,NA,NA,NA,NA,NA,NA,NA,0.00,NA,NA,NA
2020-02-04 15:00:00,43.79,106.05,5.28,3.05,8.33,NA,NA,0.77,6.57,NA,NA,NA,NA,NA,NA,NA,NA,NA,NA,NA,0.00,NA,NA,NA
2020-02-04 16:00:00,50.67,99.42,5.24,3.18,8.42,NA,NA,0.84,6.23,NA,NA,NA,NA,NA,NA,NA,NA,NA,NA,NA,0.00,NA,NA,NA
2020-02-04 17:00:00,48.12,122.08,5.29,4.68,9.96,NA,NA,0.98,6.21,NA,NA,NA,NA,NA,NA,NA,NA,NA,NA,NA,0.00,NA,NA,NA
2020-02-04 18:00:00,58.53,151.63,5.25,6.44,11.69,NA,NA,1.01,6.39,NA,NA,NA,NA,NA,NA,NA,NA,NA,NA,NA,0.00,NA,NA,NA
2020-02-04 19:00:00,80.66,156.91,5.32,7.89,13.20,NA,NA,0.90,6.68,NA,NA,NA,NA,NA,NA,NA,NA,NA,NA,NA,0.00,NA,NA,NA
2020-02-04 20:00:00,101.43,187.23,5.39,13.38,18.77,NA,NA,1.17,6.17,NA,NA,NA,NA,NA,NA,NA,NA,NA,NA,NA,0.00,NA,NA,NA
2020-02-04 21:00:00,146.99,270.25,5.64,16.26,21.90,NA,NA,1.45,6.09,NA,NA,NA,NA,NA,NA,NA,NA,NA,NA,NA,0.00,NA,NA,NA
2020-02-04 22:00:00,165.16,308.22,7.77,17.26,25.02,NA,NA,1.93,6.08,NA,NA,NA,NA,NA,NA,NA,NA,NA,NA,NA,0.00,NA,NA,NA
2020-02-04 23:00:00,209.83,404.93,15.47,29.93,45.40,NA,NA,2.72,6.19,NA,NA,NA,NA,NA,NA,NA,NA,NA,NA,NA,0.00,NA,NA,NA
2020-02-05 00:00:00,167.58,366.94,16.79,25.14,41.93,NA,NA,2.46,6.34,NA,NA,NA,NA,NA,NA,NA,NA,NA,NA,NA,0.00,NA,NA,NA
2020-02-05 01:00:00,144.03,340.23,13.21,20.71,33.92,NA,NA,2.10,6.34,NA,NA,NA,NA,NA,NA,NA,NA,NA,NA,NA,0.00,NA,NA,NA
2020-02-05 02:00:00,130.85,267.47,7.02,4.49,11.52,NA,NA,1.66,6.31,NA,NA,NA,NA,NA,NA,NA,NA,NA,NA,NA,0.00,NA,NA,NA
2020-02-05 03:00:00,129.45,222.52,6.11,1.91,8.03,NA,NA,1.51,6.24,NA,NA,NA,NA,NA,NA,NA,NA,NA,NA,NA,0.00,NA,NA,NA
2020-02-05 04:00:00,141.05,210.01,6.58,1.37,7.95,NA,NA,1.48,6.27,NA,NA,NA,NA,NA,NA,NA,NA,NA,NA,NA,0.00,NA,NA,NA
2020-02-05 05:00:00,127.04,226.93,6.56,0.63,7.17,NA,NA,1.29,7.18,NA,NA,NA,NA,NA,NA,NA,NA,NA,NA,NA,0.00,NA,NA,NA
2020-02-05 06:00:00,108.36,196.95,6.67,0.68,7.24,NA,NA,1.79,6.46,NA,NA,NA,NA,NA,NA,NA,NA,NA,NA,NA,0.00,NA,NA,NA
2020-02-05 07:00:00,146.74,276.51,9.73,1.36,11.08,NA,NA,1.60,6.60,NA,NA,NA,NA,NA,NA,NA,NA,NA,NA,NA,0.00,NA,NA,NA
2020-02-05 08:00:00,151.32,303.72,17.94,7.43,25.37,NA,NA,2.19,6.20,NA,NA,NA,NA,NA,NA,NA,NA,NA,NA,NA,0.00,NA,NA,NA
2020-02-05 09:00:00,210.47,495.44,10.23,6.46,16.69,NA,NA,2.03,6.24,NA,NA,NA,NA,NA,NA,NA,NA,NA,NA,NA,0.00,NA,NA,NA
2020-02-05 10:00:00,159.24,346.51,7.30,4.40,11.70,NA,NA,1.41,6.17,NA,NA,NA,NA,NA,NA,NA,NA,NA,NA,NA,0.00,NA,NA,NA
2020-02-05 11:00:00,120.63,187.22,6.26,2.48,8.74,NA,NA,1.08,6.94,NA,NA,NA,NA,NA,NA,NA,NA,NA,NA,NA,0.00,NA,NA,NA
2020-02-05 12:00:00,85.66,112.90,5.91,2.19,8.10,NA,NA,1.23,56.25,NA,NA,NA,NA,NA,NA,NA,NA,NA,NA,NA,0.00,NA,NA,NA
2020-02-05 13:00:00,80.67,107.29,5.68,1.37,7.06,NA,NA,1.16,77.67,NA,NA,NA,NA,NA,NA,NA,NA,NA,NA,NA,0.00,NA,NA,NA
2020-02-05 14:00:00,75.18,140.56,5.62,2.04,7.56,NA,NA,1.10,44.91,NA,NA,NA,NA,NA,NA,NA,NA,NA,NA,NA,0.00,NA,NA,NA
2020-02-05 15:00:00,73.13,135.42,5.82,5.03,10.85,NA,NA,1.08,75.34,NA,NA,NA,NA,NA,NA,NA,NA,NA,NA,NA,0.00,NA,NA,NA
2020-02-05 16:00:00,59.39,122.62,5.92,6.24,12.16,NA,NA,1.10,69.79,NA,NA,NA,NA,NA,NA,NA,NA,NA,NA,NA,0.00,NA,NA,NA
2020-02-05 17:00:00,56.42,112.10,5.60,5.70,11.30,NA,NA,1.18,64.16,NA,NA,NA,NA,NA,NA,NA,NA,NA,NA,NA,0.00,NA,NA,NA
2020-02-05 18:00:00,53.53,103.86,5.51,5.94,11.45,NA,NA,1.23,55.81,NA,NA,NA,NA,NA,NA,NA,NA,NA,NA,NA,0.00,NA,NA,NA
2020-02-05 19:00:00,75.87,149.27,5.64,10.33,15.96,NA,NA,1.68,30.33,NA,NA,NA,NA,NA,NA,NA,NA,NA,NA,NA,0.00,NA,NA,NA
2020-02-05 20:00:00,92.83,208.73,5.63,12.02,17.65,NA,NA,1.80,16.97,NA,NA,NA,NA,NA,NA,NA,NA,NA,NA,NA,0.00,NA,NA,NA
2020-02-05 21:00:00,114.24,199.86,5.67,12.18,17.85,NA,NA,1.97,11.82,NA,NA,NA,NA,NA,NA,NA,NA,NA,NA,NA,0.00,NA,NA,NA
2020-02-05 22:00:00,118.60,250.68,6.12,14.23,20.34,NA,NA,2.22,7.79,NA,NA,NA,NA,NA,NA,NA,NA,NA,NA,NA,0.00,NA,NA,NA
2020-02-05 23:00:00,115.69,240.87,6.24,12.65,18.89,NA,NA,2.01,7.17,NA,NA,NA,NA,NA,NA,NA,NA,NA,NA,NA,0.00,NA,NA,NA
2020-02-06 00:00:00,95.79,200.71,6.83,12.75,19.57,NA,NA,1.79,7.36,NA,NA,NA,NA,NA,NA,NA,NA,NA,NA,NA,0.00,NA,NA,NA
2020-02-06 01:00:00,85.57,197.57,6.84,10.91,17.76,NA,NA,1.60,6.69,NA,NA,NA,NA,NA,NA,NA,NA,NA,NA,NA,0.00,NA,NA,NA
2020-02-06 02:00:00,75.91,174.66,6.77,9.80,16.57,NA,NA,1.53,6.81,NA,NA,NA,NA,NA,NA,NA,NA,NA,NA,NA,0.00,NA,NA,NA
2020-02-06 03:00:00,77.97,151.68,6.92,8.81,15.72,NA,NA,1.47,6.81,NA,NA,NA,NA,NA,NA,NA,NA,NA,NA,NA,0.00,NA,NA,NA
2020-02-06 04:00:00,74.14,157.36,8.11,8.61,16.73,NA,NA,1.44,6.59,NA,NA,NA,NA,NA,NA,NA,NA,NA,NA,NA,0.00,NA,NA,NA
2020-02-06 05:00:00,70.54,145.99,8.11,8.46,16.57,NA,NA,1.40,6.63,NA,NA,NA,NA,NA,NA,NA,NA,NA,NA,NA,0.00,NA,NA,NA
2020-02-06 06:00:00,79.31,170.71,7.68,8.13,15.81,NA,NA,1.35,6.77,NA,NA,NA,NA,NA,NA,NA,NA,NA,NA,NA,0.00,NA,NA,NA
2020-02-06 07:00:00,94.15,232.60,10.21,9.88,20.08,NA,NA,1.40,7.26,NA,NA,NA,NA,NA,NA,NA,NA,NA,NA,NA,0.00,NA,NA,NA
2020-02-06 08:00:00,138.43,265.67,12.18,12.15,24.33,NA,NA,1.57,9.63,NA,NA,NA,NA,NA,NA,NA,NA,NA,NA,NA,0.00,NA,NA,NA
2020-02-06 09:00:00,138.44,256.93,8.01,12.99,21.00,NA,NA,1.44,26.98,NA,NA,NA,NA,NA,NA,NA,NA,NA,NA,NA,0.00,NA,NA,NA
2020-02-06 10:00:00,85.19,160.44,6.49,8.95,15.43,NA,NA,1.23,48.61,NA,NA,NA,NA,NA,NA,NA,NA,NA,NA,NA,0.00,NA,NA,NA
2020-02-06 11:00:00,60.81,126.14,5.88,6.69,12.57,NA,NA,1.00,60.68,NA,NA,NA,NA,NA,NA,NA,NA,NA,NA,NA,0.00,NA,NA,NA
2020-02-06 12:00:00,57.26,139.08,5.75,5.61,11.36,NA,NA,0.62,64.73,NA,NA,NA,NA,NA,NA,NA,NA,NA,NA,NA,0.00,NA,NA,NA
2020-02-06 13:00:00,75.14,130.72,5.64,4.97,10.61,NA,NA,0.45,68.87,NA,NA,NA,NA,NA,NA,NA,NA,NA,NA,NA,0.00,NA,NA,NA
2020-02-06 14:00:00,64.30,104.66,9.63,5.96,15.60,NA,NA,0.43,78.99,NA,NA,NA,NA,NA,NA,NA,NA,NA,NA,NA,0.00,NA,NA,NA
2020-02-06 15:00:00,54.99,96.99,5.66,4.59,10.25,NA,NA,0.43,81.26,NA,NA,NA,NA,NA,NA,NA,NA,NA,NA,NA,0.00,NA,NA,NA
2020-02-06 16:00:00,56.03,95.37,5.71,4.94,10.65,NA,NA,0.46,82.02,NA,NA,NA,NA,NA,NA,NA,NA,NA,NA,NA,0.00,NA,NA,NA
2020-02-06 17:00:00,56.32,96.71,5.65,5.62,11.26,NA,NA,0.48,75.75,NA,NA,NA,NA,NA,NA,NA,NA,NA,NA,NA,0.00,NA,NA,NA
2020-02-06 18:00:00,54.90,95.04,5.56,5.88,11.44,NA,NA,0.54,57.15,NA,NA,NA,NA,NA,NA,NA,NA,NA,NA,NA,0.00,NA,NA,NA
2020-02-06 19:00:00,76.07,108.39,5.57,7.42,12.99,NA,NA,0.67,38.56,NA,NA,NA,NA,NA,NA,NA,NA,NA,NA,NA,0.00,NA,NA,NA
2020-02-06 20:00:00,106.43,188.00,5.68,10.85,16.52,NA,NA,1.01,17.09,NA,NA,NA,NA,NA,NA,NA,NA,NA,NA,NA,0.00,NA,NA,NA
2020-02-06 21:00:00,167.91,263.70,6.45,12.72,19.18,NA,NA,1.42,5.20,NA,NA,NA,NA,NA,NA,NA,NA,NA,NA,NA,0.00,NA,NA,NA
2020-02-06 22:00:00,159.51,264.79,8.89,12.65,21.54,NA,NA,1.61,4.80,NA,NA,NA,NA,NA,NA,NA,NA,NA,NA,NA,0.00,NA,NA,NA
2020-02-06 23:00:00,153.86,252.97,12.19,11.82,24.00,NA,NA,1.99,6.05,NA,NA,NA,NA,NA,NA,NA,NA,NA,NA,NA,0.00,NA,NA,NA
2020-02-07 00:00:00,159.61,305.28,20.67,14.78,35.44,NA,NA,2.75,4.97,NA,NA,NA,NA,NA,NA,NA,NA,NA,NA,NA,0.00,NA,NA,NA
2020-02-07 01:00:00,165.78,367.84,24.91,15.03,39.94,NA,NA,2.94,4.93,NA,NA,NA,NA,NA,NA,NA,NA,NA,NA,NA,0.00,NA,NA,NA
2020-02-07 02:00:00,147.17,293.19,24.97,13.43,38.40,NA,NA,2.98,5.04,NA,NA,NA,NA,NA,NA,NA,NA,NA,NA,NA,0.00,NA,NA,NA
2020-02-07 03:00:00,175.00,261.22,20.45,12.91,33.37,NA,NA,2.34,4.67,NA,NA,NA,NA,NA,NA,NA,NA,NA,NA,NA,0.00,NA,NA,NA
2020-02-07 04:00:00,165.25,221.59,16.87,10.80,27.66,NA,NA,1.82,5.02,NA,NA,NA,NA,NA,NA,NA,NA,NA,NA,NA,0.00,NA,NA,NA
2020-02-07 05:00:00,152.01,261.98,19.37,10.35,29.72,NA,NA,1.92,5.19,NA,NA,NA,NA,NA,NA,NA,NA,NA,NA,NA,0.00,NA,NA,NA
2020-02-07 06:00:00,185.26,311.61,25.60,11.85,37.45,NA,NA,2.55,5.81,NA,NA,NA,NA,NA,NA,NA,NA,NA,NA,NA,0.00,NA,NA,NA
2020-02-07 07:00:00,151.78,256.57,14.93,8.20,23.14,NA,NA,1.54,5.16,NA,NA,NA,NA,NA,NA,NA,NA,NA,NA,NA,0.00,NA,NA,NA
2020-02-07 08:00:00,162.11,344.40,24.08,17.44,41.51,NA,NA,2.09,6.39,NA,NA,NA,NA,NA,NA,NA,NA,NA,NA,NA,0.00,NA,NA,NA
2020-02-07 09:00:00,175.98,379.00,17.02,20.99,38.03,NA,NA,2.05,8.38,NA,NA,NA,NA,NA,NA,NA,NA,NA,NA,NA,0.00,NA,NA,NA
2020-02-07 10:00:00,218.08,296.14,6.91,11.69,18.61,NA,NA,1.18,40.45,NA,NA,NA,NA,NA,NA,NA,NA,NA,NA,NA,0.00,NA,NA,NA
2020-02-07 11:00:00,155.68,213.67,5.62,7.35,12.97,NA,NA,0.84,75.45,NA,NA,NA,NA,NA,NA,NA,NA,NA,NA,NA,0.00,NA,NA,NA
2020-02-07 12:00:00,101.63,191.15,5.93,11.30,17.23,NA,NA,0.94,73.48,NA,NA,NA,NA,NA,NA,NA,NA,NA,NA,NA,0.00,NA,NA,NA
2020-02-07 13:00:00,89.41,171.86,5.44,6.26,11.70,NA,NA,0.68,86.91,NA,NA,NA,NA,NA,NA,NA,NA,NA,NA,NA,0.00,NA,NA,NA
2020-02-07 14:00:00,74.90,134.23,5.36,6.75,12.10,NA,NA,0.77,95.41,NA,NA,NA,NA,NA,NA,NA,NA,NA,NA,NA,0.00,NA,NA,NA
2020-02-07 15:00:00,97.21,166.02,5.31,5.25,10.56,NA,NA,0.62,92.51,NA,NA,NA,NA,NA,NA,NA,NA,NA,NA,NA,0.00,NA,NA,NA
2020-02-07 16:00:00,65.88,115.13,5.20,4.63,9.83,NA,NA,0.57,89.91,NA,NA,NA,NA,NA,NA,NA,NA,NA,NA,NA,0.00,NA,NA,NA
2020-02-07 17:00:00,69.42,106.23,5.21,5.31,10.51,NA,NA,0.59,80.63,NA,NA,NA,NA,NA,NA,NA,NA,NA,NA,NA,0.00,NA,NA,NA
2020-02-07 18:00:00,67.62,118.83,5.23,6.26,11.49,NA,NA,0.73,64.34,NA,NA,NA,NA,NA,NA,NA,NA,NA,NA,NA,0.00,NA,NA,NA
2020-02-07 19:00:00,114.62,162.08,5.29,8.66,13.96,NA,NA,1.06,36.16,NA,NA,NA,NA,NA,NA,NA,NA,NA,NA,NA,0.00,NA,NA,NA
2020-02-07 20:00:00,115.57,174.72,5.24,10.42,15.66,NA,NA,1.03,21.58,NA,NA,NA,NA,NA,NA,NA,NA,NA,NA,NA,0.00,NA,NA,NA
2020-02-07 21:00:00,122.59,197.56,5.33,12.59,17.93,NA,NA,1.40,10.37,NA,NA,NA,NA,NA,NA,NA,NA,NA,NA,NA,0.00,NA,NA,NA
2020-02-07 22:00:00,132.62,224.85,6.54,13.94,20.49,NA,NA,1.73,5.52,NA,NA,NA,NA,NA,NA,NA,NA,NA,NA,NA,0.00,NA,NA,NA
2020-02-07 23:00:00,129.06,234.43,8.40,13.26,21.67,NA,NA,1.68,4.77,NA,NA,NA,NA,NA,NA,NA,NA,NA,NA,NA,0.00,NA,NA,NA
2020-02-08 00:00:00,125.46,254.60,11.15,15.51,26.66,NA,NA,1.41,4.78,NA,NA,NA,NA,NA,NA,NA,NA,NA,NA,NA,0.00,NA,NA,NA
2020-02-08 01:00:00,129.00,302.17,10.23,10.43,20.66,NA,NA,1.27,4.41,NA,NA,NA,NA,NA,NA,NA,NA,NA,NA,NA,0.00,NA,NA,NA
2020-02-08 02:00:00,133.54,280.79,12.10,11.63,23.74,NA,NA,1.32,4.96,NA,NA,NA,NA,NA,NA,NA,NA,NA,NA,NA,0.00,NA,NA,NA
2020-02-08 03:00:00,134.68,306.67,13.96,11.21,25.17,NA,NA,1.28,4.35,NA,NA,NA,NA,NA,NA,NA,NA,NA,NA,NA,0.00,NA,NA,NA
2020-02-08 04:00:00,153.21,339.90,16.82,12.68,29.49,NA,NA,1.22,5.49,NA,NA,NA,NA,NA,NA,NA,NA,NA,NA,NA,0.00,NA,NA,NA
2020-02-08 05:00:00,128.24,253.06,6.04,8.19,14.22,NA,NA,0.84,23.84,NA,NA,NA,NA,NA,NA,NA,NA,NA,NA,NA,0.00,NA,NA,NA
2020-02-08 06:00:00,160.83,223.21,5.34,7.59,12.93,NA,NA,0.85,23.93,NA,NA,NA,NA,NA,NA,NA,NA,NA,NA,NA,0.00,NA,NA,NA
2020-02-08 07:00:00,159.53,211.00,7.07,9.05,16.12,NA,NA,1.01,6.43,NA,NA,NA,NA,NA,NA,NA,NA,NA,NA,NA,0.00,NA,NA,NA
2020-02-08 08:00:00,158.34,243.42,8.65,11.08,19.73,NA,NA,1.15,11.28,NA,NA,NA,NA,NA,NA,NA,NA,NA,NA,NA,0.00,NA,NA,NA
2020-02-08 09:00:00,144.78,271.38,6.57,9.11,15.69,NA,NA,0.96,35.34,NA,NA,NA,NA,NA,NA,NA,NA,NA,NA,NA,0.00,NA,NA,NA
2020-02-08 10:00:00,76.25,171.69,5.71,6.64,12.35,NA,NA,0.80,61.58,NA,NA,NA,NA,NA,NA,NA,NA,NA,NA,NA,0.00,NA,NA,NA
2020-02-08 11:00:00,68.67,159.89,5.42,6.00,11.42,NA,NA,0.75,72.39,NA,NA,NA,NA,NA,NA,NA,NA,NA,NA,NA,0.00,NA,NA,NA
2020-02-08 12:00:00,62.78,147.14,5.33,5.55,10.88,NA,NA,0.72,81.44,NA,NA,NA,NA,NA,NA,NA,NA,NA,NA,NA,0.00,NA,NA,NA
2020-02-08 13:00:00,77.51,137.77,5.23,4.94,10.17,NA,NA,0.69,88.16,NA,NA,NA,NA,NA,NA,NA,NA,NA,NA,NA,0.00,NA,NA,NA
2020-02-08 14:00:00,104.05,135.05,5.18,4.94,10.12,NA,NA,0.75,94.75,NA,NA,NA,NA,NA,NA,NA,NA,NA,NA,NA,0.00,NA,NA,NA
2020-02-08 15:00:00,85.15,122.20,5.17,4.39,9.55,NA,NA,0.67,89.62,NA,NA,NA,NA,NA,NA,NA,NA,NA,NA,NA,0.00,NA,NA,NA
2020-02-08 16:00:00,86.76,150.42,5.21,4.28,9.49,NA,NA,0.64,87.81,NA,NA,NA,NA,NA,NA,NA,NA,NA,NA,NA,0.00,NA,NA,NA
2020-02-08 17:00:00,82.92,123.20,5.14,4.62,9.76,NA,NA,0.71,83.69,NA,NA,NA,NA,NA,NA,NA,NA,NA,NA,NA,0.00,NA,NA,NA
2020-02-08 18:00:00,86.98,124.83,5.14,6.61,11.76,NA,NA,0.84,65.00,NA,NA,NA,NA,NA,NA,NA,NA,NA,NA,NA,0.00,NA,NA,NA
2020-02-08 19:00:00,117.66,162.29,5.10,9.19,14.29,NA,NA,1.06,40.82,NA,NA,NA,NA,NA,NA,NA,NA,NA,NA,NA,0.00,NA,NA,NA
2020-02-08 20:00:00,153.24,204.75,5.14,9.57,14.72,NA,NA,1.15,27.25,NA,NA,NA,NA,NA,NA,NA,NA,NA,NA,NA,0.00,NA,NA,NA
2020-02-08 21:00:00,169.64,234.32,5.43,12.68,18.10,NA,NA,1.60,13.87,NA,NA,NA,NA,NA,NA,NA,NA,NA,NA,NA,0.00,NA,NA,NA
2020-02-08 22:00:00,171.37,266.09,5.38,11.87,17.24,NA,NA,1.57,9.46,NA,NA,NA,NA,NA,NA,NA,NA,NA,NA,NA,0.00,NA,NA,NA
2020-02-08 23:00:00,151.53,242.61,5.43,10.66,16.09,NA,NA,1.43,8.73,NA,NA,NA,NA,NA,NA,NA,NA,NA,NA,NA,0.00,NA,NA,NA
2020-02-09 00:00:00,137.84,226.12,6.62,10.63,17.26,NA,NA,1.42,6.63,NA,NA,NA,NA,NA,NA,NA,NA,NA,NA,NA,0.00,NA,NA,NA
2020-02-09 01:00:00,114.15,224.67,6.85,10.27,17.11,NA,NA,1.25,5.20,NA,NA,NA,NA,NA,NA,NA,NA,NA,NA,NA,0.00,NA,NA,NA
2020-02-09 02:00:00,100.31,201.31,5.46,8.52,13.99,NA,NA,1.10,7.81,NA,NA,NA,NA,NA,NA,NA,NA,NA,NA,NA,0.00,NA,NA,NA
2020-02-09 03:00:00,107.71,205.85,5.89,8.38,14.26,NA,NA,1.12,6.42,NA,NA,NA,NA,NA,NA,NA,NA,NA,NA,NA,0.00,NA,NA,NA
2020-02-09 04:00:00,112.89,211.93,6.65,6.85,13.51,NA,NA,1.06,5.45,NA,NA,NA,NA,NA,NA,NA,NA,NA,NA,NA,0.00,NA,NA,NA
2020-02-09 05:00:00,148.04,232.09,6.26,6.03,12.29,NA,NA,1.19,5.30,NA,NA,NA,NA,NA,NA,NA,NA,NA,NA,NA,0.00,NA,NA,NA
2020-02-09 06:00:00,168.36,325.22,6.15,5.51,11.66,NA,NA,1.25,4.97,NA,NA,NA,NA,NA,NA,NA,NA,NA,NA,NA,0.00,NA,NA,NA
2020-02-09 07:00:00,145.88,290.86,7.16,5.36,12.52,NA,NA,1.26,5.68,NA,NA,NA,NA,NA,NA,NA,NA,NA,NA,NA,0.00,NA,NA,NA
2020-02-09 08:00:00,140.08,259.74,10.76,10.43,21.22,NA,NA,1.39,8.94,NA,NA,NA,NA,NA,NA,NA,NA,NA,NA,NA,0.00,NA,NA,NA
2020-02-09 09:00:00,110.89,215.02,9.05,16.02,25.05,NA,NA,1.29,18.51,NA,NA,NA,NA,NA,NA,NA,NA,NA,NA,NA,0.00,NA,NA,NA
2020-02-09 10:00:00,92.68,221.88,6.51,9.04,15.53,NA,NA,0.90,51.16,NA,NA,NA,NA,NA,NA,NA,NA,NA,NA,NA,0.00,NA,NA,NA
2020-02-09 11:00:00,77.04,159.08,5.90,8.18,14.07,NA,NA,0.84,66.42,NA,NA,NA,NA,NA,NA,NA,NA,NA,NA,NA,0.00,NA,NA,NA
2020-02-09 12:00:00,76.42,142.70,5.20,5.18,10.38,NA,NA,0.80,86.69,NA,NA,NA,NA,NA,NA,NA,NA,NA,NA,NA,0.00,NA,NA,NA
2020-02-09 13:00:00,88.45,132.32,5.20,5.09,10.29,NA,NA,0.78,93.20,NA,NA,NA,NA,NA,NA,NA,NA,NA,NA,NA,0.00,NA,NA,NA
2020-02-09 14:00:00,91.44,127.27,5.19,5.16,10.35,NA,NA,0.75,94.96,NA,NA,NA,NA,NA,NA,NA,NA,NA,NA,NA,0.00,NA,NA,NA
2020-02-09 15:00:00,76.64,123.09,5.15,4.69,9.84,NA,NA,0.74,99.42,NA,NA,NA,NA,NA,NA,NA,NA,NA,NA,NA,0.00,NA,NA,NA
2020-02-09 16:00:00,82.14,124.08,5.11,4.79,9.90,NA,NA,0.75,100.01,NA,NA,NA,NA,NA,NA,NA,NA,NA,NA,NA,0.00,NA,NA,NA
2020-02-09 17:00:00,71.72,106.97,5.08,4.86,9.94,NA,NA,0.73,92.42,NA,NA,NA,NA,NA,NA,NA,NA,NA,NA,NA,0.00,NA,NA,NA
2020-02-09 18:00:00,79.71,150.02,5.12,6.17,11.29,NA,NA,0.95,66.07,NA,NA,NA,NA,NA,NA,NA,NA,NA,NA,NA,0.00,NA,NA,NA
2020-02-09 19:00:00,106.11,188.27,5.13,8.12,13.25,NA,NA,1.10,53.49,NA,NA,NA,NA,NA,NA,NA,NA,NA,NA,NA,0.00,NA,NA,NA
2020-02-09 20:00:00,120.52,188.86,5.13,9.24,14.37,NA,NA,1.30,41.24,NA,NA,NA,NA,NA,NA,NA,NA,NA,NA,NA,0.00,NA,NA,NA
2020-02-09 21:00:00,168.13,237.75,5.11,10.74,15.85,NA,NA,1.49,22.32,NA,NA,NA,NA,NA,NA,NA,NA,NA,NA,NA,0.00,NA,NA,NA
2020-02-09 22:00:00,176.46,257.31,5.26,10.33,15.59,NA,NA,1.52,11.83,NA,NA,NA,NA,NA,NA,NA,NA,NA,NA,NA,0.00,NA,NA,NA
2020-02-09 23:00:00,187.30,292.74,5.78,12.53,18.30,NA,NA,1.82,5.09,NA,NA,NA,NA,NA,NA,NA,NA,NA,NA,NA,0.00,NA,NA,NA
2020-02-10 00:00:00,177.61,312.80,6.47,11.19,17.65,NA,NA,1.77,5.05,NA,NA,NA,NA,NA,NA,NA,NA,NA,NA,NA,0.00,NA,NA,NA
2020-02-10 01:00:00,177.18,338.97,7.60,11.01,18.61,NA,NA,1.94,4.87,NA,NA,NA,NA,NA,NA,NA,NA,NA,NA,NA,0.00,NA,NA,NA
2020-02-10 02:00:00,164.92,297.52,7.38,11.30,18.68,NA,NA,1.68,4.73,NA,NA,NA,NA,NA,NA,NA,NA,NA,NA,NA,0.00,NA,NA,NA
2020-02-10 03:00:00,185.20,254.45,7.60,10.10,17.70,NA,NA,1.76,5.19,NA,NA,NA,NA,NA,NA,NA,NA,NA,NA,NA,0.00,NA,NA,NA
2020-02-10 04:00:00,158.37,278.44,7.43,8.75,16.18,NA,NA,1.54,4.37,NA,NA,NA,NA,NA,NA,NA,NA,NA,NA,NA,0.00,NA,NA,NA
2020-02-10 05:00:00,149.90,305.53,8.30,8.52,16.82,NA,NA,1.50,4.57,NA,NA,NA,NA,NA,NA,NA,NA,NA,NA,NA,0.00,NA,NA,NA
2020-02-10 06:00:00,161.50,340.17,12.80,9.53,22.33,NA,NA,1.56,5.60,NA,NA,NA,NA,NA,NA,NA,NA,NA,NA,NA,0.00,NA,NA,NA
2020-02-10 07:00:00,170.97,361.08,15.54,11.75,27.28,NA,NA,1.71,5.46,NA,NA,NA,NA,NA,NA,NA,NA,NA,NA,NA,0.00,NA,NA,NA
2020-02-10 08:00:00,185.58,478.16,16.75,14.55,31.31,NA,NA,2.06,6.43,NA,NA,NA,NA,NA,NA,NA,NA,NA,NA,NA,0.00,NA,NA,NA
2020-02-10 09:00:00,246.75,466.26,8.54,15.96,24.50,NA,NA,1.62,22.12,NA,NA,NA,NA,NA,NA,NA,NA,NA,NA,NA,0.00,NA,NA,NA
2020-02-10 10:00:00,179.05,250.35,5.98,8.37,14.36,NA,NA,1.16,58.65,NA,NA,NA,NA,NA,NA,NA,NA,NA,NA,NA,0.00,NA,NA,NA
2020-02-10 11:00:00,125.86,223.16,5.53,6.61,12.14,NA,NA,1.00,76.59,NA,NA,NA,NA,NA,NA,NA,NA,NA,NA,NA,0.00,NA,NA,NA
2020-02-10 12:00:00,87.82,163.02,5.29,5.65,10.94,NA,NA,0.89,85.18,NA,NA,NA,NA,NA,NA,NA,NA,NA,NA,NA,0.00,NA,NA,NA
2020-02-10 13:00:00,78.62,148.98,5.23,5.28,10.51,NA,NA,0.91,89.51,NA,NA,NA,NA,NA,NA,NA,NA,NA,NA,NA,0.00,NA,NA,NA
2020-02-10 14:00:00,89.68,161.83,5.20,4.61,9.80,NA,NA,0.88,92.36,NA,NA,NA,NA,NA,NA,NA,NA,NA,NA,NA,0.00,NA,NA,NA
2020-02-10 15:00:00,73.25,136.91,5.16,4.58,9.74,NA,NA,0.77,91.42,NA,NA,NA,NA,NA,NA,NA,NA,NA,NA,NA,0.00,NA,NA,NA
2020-02-10 16:00:00,77.34,134.03,5.08,4.55,9.63,NA,NA,0.76,89.27,NA,NA,NA,NA,NA,NA,NA,NA,NA,NA,NA,0.00,NA,NA,NA
2020-02-10 17:00:00,64.75,127.42,5.04,4.53,9.57,NA,NA,0.78,86.24,NA,NA,NA,NA,NA,NA,NA,NA,NA,NA,NA,0.00,NA,NA,NA
2020-02-10 18:00:00,96.68,174.28,5.10,4.97,10.07,NA,NA,0.92,65.11,NA,NA,NA,NA,NA,NA,NA,NA,NA,NA,NA,0.00,NA,NA,NA
2020-02-10 19:00:00,138.23,194.79,5.06,6.60,11.66,NA,NA,1.12,45.28,NA,NA,NA,NA,NA,NA,NA,NA,NA,NA,NA,0.00,NA,NA,NA
2020-02-10 20:00:00,162.79,230.48,5.10,10.11,15.21,NA,NA,1.49,19.22,NA,NA,NA,NA,NA,NA,NA,NA,NA,NA,NA,0.00,NA,NA,NA
2020-02-10 21:00:00,184.86,240.31,5.39,12.38,17.77,NA,NA,1.73,9.35,NA,NA,NA,NA,NA,NA,NA,NA,NA,NA,NA,0.00,NA,NA,NA
2020-02-10 22:00:00,174.84,253.07,6.72,12.76,19.47,NA,NA,2.11,4.83,NA,NA,NA,NA,NA,NA,NA,NA,NA,NA,NA,0.00,NA,NA,NA
2020-02-10 23:00:00,172.06,292.16,8.27,11.86,20.13,NA,NA,2.51,5.66,NA,NA,NA,NA,NA,NA,NA,NA,NA,NA,NA,0.00,NA,NA,NA
2020-02-11 00:00:00,193.36,351.15,9.36,11.45,20.81,NA,NA,2.62,4.85,NA,NA,NA,NA,NA,NA,NA,NA,NA,NA,NA,0.00,NA,NA,NA
2020-02-11 01:00:00,197.78,364.89,13.09,12.59,25.68,NA,NA,2.91,5.14,NA,NA,NA,NA,NA,NA,NA,NA,NA,NA,NA,0.00,NA,NA,NA
2020-02-11 02:00:00,187.33,322.70,12.84,10.84,23.69,NA,NA,3.03,4.77,NA,NA,NA,NA,NA,NA,NA,NA,NA,NA,NA,0.00,NA,NA,NA
2020-02-11 03:00:00,190.31,258.12,13.20,9.96,23.16,NA,NA,3.08,4.45,NA,NA,NA,NA,NA,NA,NA,NA,NA,NA,NA,0.00,NA,NA,NA
2020-02-11 04:00:00,170.09,287.39,16.04,10.55,26.59,NA,NA,3.58,4.80,NA,NA,NA,NA,NA,NA,NA,NA,NA,NA,NA,0.00,NA,NA,NA
2020-02-11 05:00:00,173.28,306.59,20.05,12.24,32.29,NA,NA,3.52,4.67,NA,NA,NA,NA,NA,NA,NA,NA,NA,NA,NA,0.00,NA,NA,NA
2020-02-11 06:00:00,171.28,302.80,18.81,10.81,29.62,NA,NA,3.16,4.28,NA,NA,NA,NA,NA,NA,NA,NA,NA,NA,NA,0.00,NA,NA,NA
2020-02-11 07:00:00,162.81,265.15,15.81,10.43,26.24,NA,NA,2.99,5.26,NA,NA,NA,NA,NA,NA,NA,NA,NA,NA,NA,0.00,NA,NA,NA
2020-02-11 08:00:00,177.91,294.74,15.74,13.49,29.23,NA,NA,3.10,6.13,NA,NA,NA,NA,NA,NA,NA,NA,NA,NA,NA,0.00,NA,NA,NA
2020-02-11 09:00:00,264.91,393.25,11.79,18.05,29.85,NA,NA,3.04,15.45,NA,NA,NA,NA,NA,NA,NA,NA,NA,NA,NA,0.00,NA,NA,NA
2020-02-11 10:00:00,258.96,366.79,8.19,17.24,25.43,NA,NA,2.10,35.66,NA,NA,NA,NA,NA,NA,NA,NA,NA,NA,NA,0.00,NA,NA,NA
2020-02-11 11:00:00,152.73,278.10,5.83,9.30,15.13,NA,NA,1.27,71.03,NA,NA,NA,NA,NA,NA,NA,NA,NA,NA,NA,0.00,NA,NA,NA
2020-02-11 12:00:00,103.94,197.86,5.71,8.78,14.49,NA,NA,1.17,74.59,NA,NA,NA,NA,NA,NA,NA,NA,NA,NA,NA,0.00,NA,NA,NA
2020-02-11 13:00:00,75.53,156.33,5.26,5.46,10.71,NA,NA,1.05,88.89,NA,NA,NA,NA,NA,NA,NA,NA,NA,NA,NA,0.00,NA,NA,NA
2020-02-11 14:00:00,62.94,115.09,5.22,5.10,10.31,NA,NA,1.01,89.18,NA,NA,NA,NA,NA,NA,NA,NA,NA,NA,NA,0.00,NA,NA,NA
2020-02-11 15:00:00,69.76,136.26,5.24,5.14,10.37,NA,NA,1.04,92.47,NA,NA,NA,NA,NA,NA,NA,NA,NA,NA,NA,0.00,NA,NA,NA
2020-02-11 16:00:00,89.40,116.25,5.17,4.52,9.69,NA,NA,1.02,96.98,NA,NA,NA,NA,NA,NA,NA,NA,NA,NA,NA,0.00,NA,NA,NA
2020-02-11 17:00:00,85.79,116.56,5.10,4.57,9.67,NA,NA,1.02,89.60,NA,NA,NA,NA,NA,NA,NA,NA,NA,NA,NA,0.00,NA,NA,NA
2020-02-11 18:00:00,72.04,117.71,5.08,5.65,10.73,NA,NA,1.13,67.88,NA,NA,NA,NA,NA,NA,NA,NA,NA,NA,NA,0.00,NA,NA,NA
2020-02-11 19:00:00,105.71,170.43,5.13,7.74,12.86,NA,NA,1.40,49.03,NA,NA,NA,NA,NA,NA,NA,NA,NA,NA,NA,0.00,NA,NA,NA
2020-02-11 20:00:00,143.80,217.34,5.21,10.95,16.16,NA,NA,1.69,28.63,NA,NA,NA,NA,NA,NA,NA,NA,NA,NA,NA,0.00,NA,NA,NA
2020-02-11 21:00:00,181.68,275.54,5.40,14.03,19.43,NA,NA,1.91,9.21,NA,NA,NA,NA,NA,NA,NA,NA,NA,NA,NA,0.00,NA,NA,NA
2020-02-11 22:00:00,175.67,277.40,7.03,15.81,22.84,NA,NA,2.40,5.47,NA,NA,NA,NA,NA,NA,NA,NA,NA,NA,NA,0.00,NA,NA,NA
2020-02-11 23:00:00,188.47,321.04,8.25,15.36,23.61,NA,NA,2.67,4.85,NA,NA,NA,NA,NA,NA,NA,NA,NA,NA,NA,0.00,NA,NA,NA
2020-02-12 00:00:00,184.33,356.40,9.33,13.67,23.00,NA,NA,2.89,5.39,NA,NA,NA,NA,NA,NA,NA,NA,NA,NA,NA,0.00,NA,NA,NA
2020-02-12 01:00:00,180.36,357.81,11.24,12.90,24.14,NA,NA,2.71,6.47,NA,NA,NA,NA,NA,NA,NA,NA,NA,NA,NA,0.00,NA,NA,NA
2020-02-12 02:00:00,170.94,369.62,12.91,14.36,27.27,NA,NA,2.56,4.97,NA,NA,NA,NA,NA,NA,NA,NA,NA,NA,NA,0.00,NA,NA,NA
2020-02-12 03:00:00,210.03,384.80,11.99,11.00,22.99,NA,NA,2.31,5.19,NA,NA,NA,NA,NA,NA,NA,NA,NA,NA,NA,0.00,NA,NA,NA
2020-02-12 04:00:00,207.39,443.39,12.00,10.51,22.51,NA,NA,2.01,6.84,NA,NA,NA,NA,NA,NA,NA,NA,NA,NA,NA,0.00,NA,NA,NA
2020-02-12 05:00:00,187.14,427.85,11.81,11.42,23.23,NA,NA,1.95,4.62,NA,NA,NA,NA,NA,NA,NA,NA,NA,NA,NA,0.00,NA,NA,NA
2020-02-12 06:00:00,214.39,509.93,11.36,10.60,21.96,NA,NA,1.98,4.81,NA,NA,NA,NA,NA,NA,NA,NA,NA,NA,NA,0.00,NA,NA,NA
2020-02-12 07:00:00,207.33,495.19,11.09,11.47,22.56,NA,NA,1.81,5.56,NA,NA,NA,NA,NA,NA,NA,NA,NA,NA,NA,0.00,NA,NA,NA
2020-02-12 08:00:00,204.24,339.82,9.14,13.43,22.58,NA,NA,1.62,9.51,NA,NA,NA,NA,NA,NA,NA,NA,NA,NA,NA,0.00,NA,NA,NA
2020-02-12 09:00:00,199.90,360.75,7.24,11.78,19.03,NA,NA,1.64,27.56,NA,NA,NA,NA,NA,NA,NA,NA,NA,NA,NA,0.00,NA,NA,NA
2020-02-12 10:00:00,157.85,264.02,6.10,8.40,14.49,NA,NA,1.34,56.07,NA,NA,NA,NA,NA,NA,NA,NA,NA,NA,NA,0.00,NA,NA,NA
2020-02-12 11:00:00,115.81,194.67,5.49,6.22,11.71,NA,NA,1.24,75.48,NA,NA,NA,NA,NA,NA,NA,NA,NA,NA,NA,0.00,NA,NA,NA
2020-02-12 12:00:00,114.90,198.10,5.27,5.49,10.76,NA,NA,1.07,82.75,NA,NA,NA,NA,NA,NA,NA,NA,NA,NA,NA,0.00,NA,NA,NA
2020-02-12 13:00:00,92.10,188.80,5.29,5.10,10.39,NA,NA,0.94,83.90,NA,NA,NA,NA,NA,NA,NA,NA,NA,NA,NA,0.00,NA,NA,NA
2020-02-12 14:00:00,87.62,201.03,5.17,4.51,9.67,NA,NA,0.89,87.99,NA,NA,NA,NA,NA,NA,NA,NA,NA,NA,NA,0.00,NA,NA,NA
2020-02-12 15:00:00,66.40,164.53,5.11,3.90,9.01,NA,NA,0.85,92.96,NA,NA,NA,NA,NA,NA,NA,NA,NA,NA,NA,0.00,NA,NA,NA
2020-02-12 16:00:00,93.66,149.62,5.15,4.27,9.42,NA,NA,0.91,94.25,NA,NA,NA,NA,NA,NA,NA,NA,NA,NA,NA,0.00,NA,NA,NA
2020-02-12 17:00:00,108.99,154.11,5.14,4.29,9.43,NA,NA,0.79,86.26,NA,NA,NA,NA,NA,NA,NA,NA,NA,NA,NA,0.00,NA,NA,NA
2020-02-12 18:00:00,105.54,157.64,5.12,6.57,11.69,NA,NA,0.86,68.66,NA,NA,NA,NA,NA,NA,NA,NA,NA,NA,NA,0.00,NA,NA,NA
2020-02-12 19:00:00,116.09,186.92,5.14,9.76,14.90,NA,NA,1.09,44.42,NA,NA,NA,NA,NA,NA,NA,NA,NA,NA,NA,0.00,NA,NA,NA
2020-02-12 20:00:00,137.70,245.33,5.21,9.69,14.90,NA,NA,1.16,42.11,NA,NA,NA,NA,NA,NA,NA,NA,NA,NA,NA,0.00,NA,NA,NA
2020-02-12 21:00:00,138.38,207.73,5.21,7.93,13.13,NA,NA,0.99,48.46,NA,NA,NA,NA,NA,NA,NA,NA,NA,NA,NA,0.00,NA,NA,NA
2020-02-12 22:00:00,101.01,155.70,5.08,6.45,11.53,NA,NA,0.86,55.99,NA,NA,NA,NA,NA,NA,NA,NA,NA,NA,NA,0.00,NA,NA,NA
2020-02-12 23:00:00,91.16,133.04,5.17,4.71,9.88,NA,NA,0.77,58.47,NA,NA,NA,NA,NA,NA,NA,NA,NA,NA,NA,0.00,NA,NA,NA
2020-02-13 00:00:00,91.60,141.00,5.14,4.71,9.85,NA,NA,0.73,49.27,NA,NA,NA,NA,NA,NA,NA,NA,NA,NA,NA,0.00,NA,NA,NA
2020-02-13 01:00:00,80.62,142.84,5.20,4.58,9.78,NA,NA,0.74,44.31,NA,NA,NA,NA,NA,NA,NA,NA,NA,NA,NA,0.00,NA,NA,NA
2020-02-13 02:00:00,73.15,122.84,5.20,4.07,9.27,NA,NA,0.71,50.90,NA,NA,NA,NA,NA,NA,NA,NA,NA,NA,NA,0.00,NA,NA,NA
2020-02-13 03:00:00,63.76,98.62,5.10,4.25,9.35,NA,NA,0.68,52.43,NA,NA,NA,NA,NA,NA,NA,NA,NA,NA,NA,0.00,NA,NA,NA
2020-02-13 04:00:00,64.10,102.75,5.10,4.05,9.16,NA,NA,0.71,44.99,NA,NA,NA,NA,NA,NA,NA,NA,NA,NA,NA,0.00,NA,NA,NA
2020-02-13 05:00:00,67.29,100.82,5.11,3.99,9.10,NA,NA,0.83,37.80,NA,NA,NA,NA,NA,NA,NA,NA,NA,NA,NA,0.00,NA,NA,NA
2020-02-13 06:00:00,73.40,103.35,5.20,5.28,10.47,NA,NA,0.87,27.67,NA,NA,NA,NA,NA,NA,NA,NA,NA,NA,NA,0.00,NA,NA,NA
2020-02-13 07:00:00,68.42,112.40,5.41,5.85,11.27,NA,NA,0.91,23.53,NA,NA,NA,NA,NA,NA,NA,NA,NA,NA,NA,0.00,NA,NA,NA
2020-02-13 08:00:00,66.21,109.28,5.94,6.42,12.35,NA,NA,0.99,25.35,NA,NA,NA,NA,NA,NA,NA,NA,NA,NA,NA,0.00,NA,NA,NA
2020-02-13 09:00:00,58.88,122.71,6.13,6.82,12.96,NA,NA,0.98,33.38,NA,NA,NA,NA,NA,NA,NA,NA,NA,NA,NA,0.00,NA,NA,NA
2020-02-13 10:00:00,88.01,159.63,5.78,6.53,12.32,NA,NA,0.96,46.80,NA,NA,NA,NA,NA,NA,NA,NA,NA,NA,NA,0.00,NA,NA,NA
2020-02-13 11:00:00,74.86,159.21,5.44,5.68,11.12,NA,NA,0.88,58.53,NA,NA,NA,NA,NA,NA,NA,NA,NA,NA,NA,0.00,NA,NA,NA
2020-02-13 12:00:00,64.82,135.15,5.27,5.17,10.44,NA,NA,0.85,66.28,NA,NA,NA,NA,NA,NA,NA,NA,NA,NA,NA,0.00,NA,NA,NA
2020-02-13 13:00:00,54.08,123.16,5.19,4.70,9.89,NA,NA,0.80,70.67,NA,NA,NA,NA,NA,NA,NA,NA,NA,NA,NA,0.00,NA,NA,NA
2020-02-13 14:00:00,46.42,119.68,5.16,4.17,9.34,NA,NA,0.78,71.97,NA,NA,NA,NA,NA,NA,NA,NA,NA,NA,NA,0.00,NA,NA,NA
2020-02-13 15:00:00,48.52,137.49,5.19,4.22,9.40,NA,NA,0.78,69.74,NA,NA,NA,NA,NA,NA,NA,NA,NA,NA,NA,0.00,NA,NA,NA
2020-02-13 16:00:00,48.89,136.84,5.17,3.92,9.09,NA,NA,0.79,67.59,NA,NA,NA,NA,NA,NA,NA,NA,NA,NA,NA,0.00,NA,NA,NA
2020-02-13 17:00:00,46.21,110.09,5.07,4.04,9.12,NA,NA,0.81,68.62,NA,NA,NA,NA,NA,NA,NA,NA,NA,NA,NA,0.00,NA,NA,NA
2020-02-13 18:00:00,47.49,110.50,5.12,5.07,10.19,NA,NA,0.89,59.52,NA,NA,NA,NA,NA,NA,NA,NA,NA,NA,NA,0.00,NA,NA,NA
2020-02-13 19:00:00,50.26,117.80,5.09,6.23,11.31,NA,NA,0.98,47.22,NA,NA,NA,NA,NA,NA,NA,NA,NA,NA,NA,0.00,NA,NA,NA
2020-02-13 20:00:00,79.48,133.89,5.06,5.27,10.32,NA,NA,0.90,53.25,NA,NA,NA,NA,NA,NA,NA,NA,NA,NA,NA,0.00,NA,NA,NA
2020-02-13 21:00:00,65.10,117.80,5.06,5.48,10.54,NA,NA,1.00,61.82,NA,NA,NA,NA,NA,NA,NA,NA,NA,NA,NA,0.00,NA,NA,NA
2020-02-13 22:00:00,61.06,104.52,5.07,5.50,10.57,NA,NA,1.07,57.26,NA,NA,NA,NA,NA,NA,NA,NA,NA,NA,NA,0.00,NA,NA,NA
2020-02-13 23:00:00,77.40,113.31,5.10,4.55,9.65,NA,NA,1.07,59.00,NA,NA,NA,NA,NA,NA,NA,NA,NA,NA,NA,0.00,NA,NA,NA
2020-02-14 00:00:00,82.58,121.09,5.10,4.55,9.65,NA,NA,1.06,53.84,NA,NA,NA,NA,NA,NA,NA,NA,NA,NA,NA,0.00,NA,NA,NA
2020-02-14 01:00:00,82.77,132.77,5.11,4.54,9.65,NA,NA,1.06,51.98,NA,NA,NA,NA,NA,NA,NA,NA,NA,NA,NA,0.00,NA,NA,NA
2020-02-14 02:00:00,79.83,127.34,5.16,4.51,9.67,NA,NA,1.06,47.49,NA,NA,NA,NA,NA,NA,NA,NA,NA,NA,NA,0.00,NA,NA,NA
2020-02-14 03:00:00,80.27,125.29,5.12,4.71,9.83,NA,NA,1.08,42.83,NA,NA,NA,NA,NA,NA,NA,NA,NA,NA,NA,0.00,NA,NA,NA
2020-02-14 04:00:00,88.28,126.28,5.15,4.67,9.82,NA,NA,1.09,40.00,NA,NA,NA,NA,NA,NA,NA,NA,NA,NA,NA,0.00,NA,NA,NA
2020-02-14 05:00:00,88.91,132.87,5.12,4.39,9.51,NA,NA,1.11,38.30,NA,NA,NA,NA,NA,NA,NA,NA,NA,NA,NA,0.00,NA,NA,NA
2020-02-14 06:00:00,77.20,114.02,5.17,4.31,9.49,NA,NA,1.12,37.51,NA,NA,NA,NA,NA,NA,NA,NA,NA,NA,NA,0.00,NA,NA,NA
2020-02-14 07:00:00,99.01,135.46,5.49,5.22,10.72,NA,NA,1.17,32.51,NA,NA,NA,NA,NA,NA,NA,NA,NA,NA,NA,0.00,NA,NA,NA
2020-02-14 08:00:00,86.85,126.81,5.59,5.14,10.73,NA,NA,1.18,36.53,NA,NA,NA,NA,NA,NA,NA,NA,NA,NA,NA,0.00,NA,NA,NA
2020-02-14 09:00:00,69.60,148.99,5.58,5.14,10.73,NA,NA,1.15,44.32,NA,NA,NA,NA,NA,NA,NA,NA,NA,NA,NA,0.00,NA,NA,NA
2020-02-14 10:00:00,71.72,150.86,5.49,5.00,10.49,NA,NA,1.15,51.31,NA,NA,NA,NA,NA,NA,NA,NA,NA,NA,NA,0.00,NA,NA,NA
2020-02-14 11:00:00,89.66,139.99,5.34,5.11,10.46,NA,NA,1.15,58.46,NA,NA,NA,NA,NA,NA,NA,NA,NA,NA,NA,0.00,NA,NA,NA
2020-02-14 12:00:00,77.28,154.52,5.23,4.50,9.73,NA,NA,1.06,67.16,NA,NA,NA,NA,NA,NA,NA,NA,NA,NA,NA,0.00,NA,NA,NA
2020-02-14 13:00:00,47.40,154.16,6.32,6.94,13.26,NA,NA,0.92,57.59,NA,NA,NA,NA,NA,NA,NA,NA,NA,NA,NA,0.00,NA,NA,NA
2020-02-14 14:00:00,62.61,220.26,7.03,5.37,12.40,NA,NA,0.82,70.69,NA,NA,NA,NA,NA,NA,NA,NA,NA,NA,NA,0.00,NA,NA,NA
2020-02-14 15:00:00,52.58,200.85,6.53,5.24,11.77,NA,NA,0.85,73.70,NA,NA,NA,NA,NA,NA,NA,NA,NA,NA,NA,0.00,NA,NA,NA
2020-02-14 16:00:00,33.36,137.60,5.30,3.39,8.69,NA,NA,0.86,80.32,NA,NA,NA,NA,NA,NA,NA,NA,NA,NA,NA,0.00,NA,NA,NA
2020-02-14 17:00:00,31.77,107.73,4.95,3.72,8.67,NA,NA,0.97,75.55,NA,NA,NA,NA,NA,NA,NA,NA,NA,NA,NA,0.00,NA,NA,NA
2020-02-14 18:00:00,27.09,91.27,5.05,5.05,10.10,NA,NA,1.12,52.04,NA,NA,NA,NA,NA,NA,NA,NA,NA,NA,NA,0.00,NA,NA,NA
2020-02-14 19:00:00,29.50,97.04,7.49,13.94,21.43,NA,NA,1.14,18.19,NA,NA,NA,NA,NA,NA,NA,NA,NA,NA,NA,0.00,NA,NA,NA
2020-02-14 20:00:00,27.60,105.72,10.25,15.97,26.22,NA,NA,1.23,10.94,NA,NA,NA,NA,NA,NA,NA,NA,NA,NA,NA,0.00,NA,NA,NA
2020-02-14 21:00:00,61.35,138.84,8.41,12.81,21.22,NA,NA,1.28,5.45,NA,NA,NA,NA,NA,NA,NA,NA,NA,NA,NA,0.00,NA,NA,NA
2020-02-14 22:00:00,75.46,134.74,4.93,5.31,10.24,NA,NA,1.24,4.60,NA,NA,NA,NA,NA,NA,NA,NA,NA,NA,NA,0.00,NA,NA,NA
2020-02-14 23:00:00,80.00,126.36,4.91,4.63,9.54,NA,NA,1.16,4.16,NA,NA,NA,NA,NA,NA,NA,NA,NA,NA,NA,0.00,NA,NA,NA
2020-02-15 00:00:00,59.36,103.03,4.91,3.93,8.84,NA,NA,1.11,4.91,NA,NA,NA,NA,NA,NA,NA,NA,NA,NA,NA,0.00,NA,NA,NA
2020-02-15 01:00:00,39.89,105.98,4.91,3.95,8.87,NA,NA,1.12,7.48,NA,NA,NA,NA,NA,NA,NA,NA,NA,NA,NA,0.00,NA,NA,NA
2020-02-15 02:00:00,40.61,102.86,4.91,4.44,9.36,NA,NA,1.15,5.34,NA,NA,NA,NA,NA,NA,NA,NA,NA,NA,NA,0.00,NA,NA,NA
2020-02-15 03:00:00,45.50,98.68,4.88,4.10,8.98,NA,NA,1.14,4.18,NA,NA,NA,NA,NA,NA,NA,NA,NA,NA,NA,0.00,NA,NA,NA
2020-02-15 04:00:00,32.23,82.49,4.92,3.48,8.40,NA,NA,1.10,4.92,NA,NA,NA,NA,NA,NA,NA,NA,NA,NA,NA,0.00,NA,NA,NA
2020-02-15 05:00:00,28.69,78.50,4.90,3.34,8.24,NA,NA,1.10,9.68,NA,NA,NA,NA,NA,NA,NA,NA,NA,NA,NA,0.00,NA,NA,NA
2020-02-15 06:00:00,37.96,87.74,4.94,4.79,9.72,NA,NA,1.14,4.25,NA,NA,NA,NA,NA,NA,NA,NA,NA,NA,NA,0.00,NA,NA,NA
2020-02-15 07:00:00,36.87,87.75,5.09,5.86,10.95,NA,NA,1.19,4.23,NA,NA,NA,NA,NA,NA,NA,NA,NA,NA,NA,0.00,NA,NA,NA
2020-02-15 08:00:00,30.20,90.88,5.36,5.69,11.05,NA,NA,1.21,4.95,NA,NA,NA,NA,NA,NA,NA,NA,NA,NA,NA,0.00,NA,NA,NA
2020-02-15 09:00:00,34.93,105.78,5.14,4.97,10.11,NA,NA,1.19,4.51,NA,NA,NA,NA,NA,NA,NA,NA,NA,NA,NA,0.00,NA,NA,NA
2020-02-15 10:00:00,36.21,114.51,5.04,4.77,9.81,NA,NA,1.20,5.51,NA,NA,NA,NA,NA,NA,NA,NA,NA,NA,NA,0.00,NA,NA,NA
2020-02-15 11:00:00,45.95,129.52,4.99,4.61,9.60,NA,NA,1.16,4.26,NA,NA,NA,NA,NA,NA,NA,NA,NA,NA,NA,0.00,NA,NA,NA
2020-02-15 12:00:00,45.73,134.27,4.98,4.12,9.10,NA,NA,1.16,6.31,NA,NA,NA,NA,NA,NA,NA,NA,NA,NA,NA,0.00,NA,NA,NA
2020-02-15 13:00:00,29.14,130.39,4.95,3.90,8.85,NA,NA,1.12,4.30,NA,NA,NA,NA,NA,NA,NA,NA,NA,NA,NA,0.00,NA,NA,NA
2020-02-15 14:00:00,42.22,117.32,4.95,3.83,8.79,NA,NA,1.16,7.01,NA,NA,NA,NA,NA,NA,NA,NA,NA,NA,NA,0.00,NA,NA,NA
2020-02-15 15:00:00,53.08,131.04,4.92,3.40,8.32,NA,NA,1.16,6.47,NA,NA,NA,NA,NA,NA,NA,NA,NA,NA,NA,0.00,NA,NA,NA
2020-02-15 16:00:00,50.06,125.91,4.92,3.32,8.24,NA,NA,1.14,6.21,NA,NA,NA,NA,NA,NA,NA,NA,NA,NA,NA,0.00,NA,NA,NA
2020-02-15 17:00:00,31.97,92.24,4.90,3.45,8.36,NA,NA,1.13,4.74,NA,NA,NA,NA,NA,NA,NA,NA,NA,NA,NA,0.00,NA,NA,NA
2020-02-15 18:00:00,41.06,88.26,4.86,4.12,8.99,NA,NA,1.19,6.80,NA,NA,NA,NA,NA,NA,NA,NA,NA,NA,NA,0.00,NA,NA,NA
2020-02-15 19:00:00,60.74,116.21,4.90,6.33,11.24,NA,NA,1.39,4.94,NA,NA,NA,NA,NA,NA,NA,NA,NA,NA,NA,0.00,NA,NA,NA
2020-02-15 20:00:00,74.42,124.84,4.89,6.80,11.68,NA,NA,1.47,4.71,NA,NA,NA,NA,NA,NA,NA,NA,NA,NA,NA,0.00,NA,NA,NA
2020-02-15 21:00:00,95.01,151.04,4.95,9.19,14.15,NA,NA,1.65,4.08,NA,NA,NA,NA,NA,NA,NA,NA,NA,NA,NA,0.00,NA,NA,NA
2020-02-15 22:00:00,92.11,164.34,4.98,8.02,13.00,NA,NA,1.56,4.18,NA,NA,NA,NA,NA,NA,NA,NA,NA,NA,NA,0.00,NA,NA,NA
2020-02-15 23:00:00,110.94,174.72,4.94,5.55,10.49,NA,NA,1.42,5.03,NA,NA,NA,NA,NA,NA,NA,NA,NA,NA,NA,0.00,NA,NA,NA
2020-02-16 00:00:00,119.61,183.03,4.94,5.75,10.69,NA,NA,1.41,4.06,NA,NA,NA,NA,NA,NA,NA,NA,NA,NA,NA,0.00,NA,NA,NA
2020-02-16 01:00:00,121.57,193.60,4.97,7.06,12.03,NA,NA,1.44,4.11,NA,NA,NA,NA,NA,NA,NA,NA,NA,NA,NA,0.00,NA,NA,NA
2020-02-16 02:00:00,103.21,175.80,4.99,10.06,15.05,NA,NA,1.58,4.11,NA,NA,NA,NA,NA,NA,NA,NA,NA,NA,NA,0.00,NA,NA,NA
2020-02-16 03:00:00,128.10,208.40,5.59,11.43,17.02,NA,NA,1.62,6.36,NA,NA,NA,NA,NA,NA,NA,NA,NA,NA,NA,0.00,NA,NA,NA
2020-02-16 04:00:00,119.48,206.97,5.76,11.69,17.45,NA,NA,1.57,4.11,NA,NA,NA,NA,NA,NA,NA,NA,NA,NA,NA,0.00,NA,NA,NA
2020-02-16 05:00:00,85.21,176.57,5.72,10.86,16.58,NA,NA,1.58,4.15,NA,NA,NA,NA,NA,NA,NA,NA,NA,NA,NA,0.00,NA,NA,NA
2020-02-16 06:00:00,111.07,200.82,7.96,12.40,20.36,NA,NA,1.67,4.18,NA,NA,NA,NA,NA,NA,NA,NA,NA,NA,NA,0.00,NA,NA,NA
2020-02-16 07:00:00,132.48,250.40,7.22,11.23,18.46,NA,NA,1.70,4.09,NA,NA,NA,NA,NA,NA,NA,NA,NA,NA,NA,0.00,NA,NA,NA
2020-02-16 08:00:00,129.26,247.02,7.20,10.18,17.39,NA,NA,1.81,4.11,NA,NA,NA,NA,NA,NA,NA,NA,NA,NA,NA,0.00,NA,NA,NA
2020-02-16 09:00:00,118.75,205.71,5.44,6.68,12.12,NA,NA,1.54,4.11,NA,NA,NA,NA,NA,NA,NA,NA,NA,NA,NA,0.00,NA,NA,NA
2020-02-16 10:00:00,94.58,171.21,5.14,5.74,10.88,NA,NA,1.49,4.11,NA,NA,NA,NA,NA,NA,NA,NA,NA,NA,NA,0.00,NA,NA,NA
2020-02-16 11:00:00,78.69,152.09,4.98,4.91,9.89,NA,NA,1.40,4.10,NA,NA,NA,NA,NA,NA,NA,NA,NA,NA,NA,0.00,NA,NA,NA
2020-02-16 12:00:00,65.15,155.31,4.99,4.64,9.63,NA,NA,1.36,4.39,NA,NA,NA,NA,NA,NA,NA,NA,NA,NA,NA,0.00,NA,NA,NA
2020-02-16 13:00:00,73.22,162.20,4.94,4.62,9.56,NA,NA,1.37,4.11,NA,NA,NA,NA,NA,NA,NA,NA,NA,NA,NA,0.00,NA,NA,NA
2020-02-16 14:00:00,62.57,135.70,4.95,4.34,9.29,NA,NA,1.36,4.00,NA,NA,NA,NA,NA,NA,NA,NA,NA,NA,NA,0.00,NA,NA,NA
2020-02-16 15:00:00,53.90,123.47,4.93,3.93,8.86,NA,NA,1.28,4.08,NA,NA,NA,NA,NA,NA,NA,NA,NA,NA,NA,0.00,NA,NA,NA
2020-02-16 16:00:00,62.53,109.96,4.95,4.30,9.25,NA,NA,1.31,4.06,NA,NA,NA,NA,NA,NA,NA,NA,NA,NA,NA,0.00,NA,NA,NA
2020-02-16 17:00:00,74.04,117.43,4.93,4.39,9.32,NA,NA,1.33,4.27,NA,NA,NA,NA,NA,NA,NA,NA,NA,NA,NA,0.00,NA,NA,NA
2020-02-16 18:00:00,73.28,125.17,4.92,5.37,10.29,NA,NA,1.42,4.47,NA,NA,NA,NA,NA,NA,NA,NA,NA,NA,NA,0.00,NA,NA,NA
2020-02-16 19:00:00,85.24,133.00,4.96,6.60,11.57,NA,NA,1.61,4.13,NA,NA,NA,NA,NA,NA,NA,NA,NA,NA,NA,0.00,NA,NA,NA
2020-02-16 20:00:00,133.70,253.79,5.03,7.70,12.73,NA,NA,2.09,4.07,NA,NA,NA,NA,NA,NA,NA,NA,NA,NA,NA,0.00,NA,NA,NA
2020-02-16 21:00:00,200.64,305.91,5.08,12.03,17.11,NA,NA,2.51,4.14,NA,NA,NA,NA,NA,NA,NA,NA,NA,NA,NA,0.00,NA,NA,NA
2020-02-16 22:00:00,191.70,286.36,5.30,12.60,17.90,NA,NA,2.94,4.15,NA,NA,NA,NA,NA,NA,NA,NA,NA,NA,NA,0.00,NA,NA,NA
2020-02-16 23:00:00,197.96,289.52,5.96,13.67,19.63,NA,NA,3.18,4.15,NA,NA,NA,NA,NA,NA,NA,NA,NA,NA,NA,0.00,NA,NA,NA
2020-02-17 00:00:00,166.74,326.21,6.89,12.62,19.51,NA,NA,2.87,4.15,NA,NA,NA,NA,NA,NA,NA,NA,NA,NA,NA,0.00,NA,NA,NA
2020-02-17 01:00:00,152.11,271.59,6.81,12.49,19.29,NA,NA,2.76,4.13,NA,NA,NA,NA,NA,NA,NA,NA,NA,NA,NA,0.00,NA,NA,NA
2020-02-17 02:00:00,142.26,310.64,11.21,14.94,26.14,NA,NA,3.08,4.12,NA,NA,NA,NA,NA,NA,NA,NA,NA,NA,NA,0.00,NA,NA,NA
2020-02-17 03:00:00,180.91,352.18,11.07,15.34,26.43,NA,NA,2.76,4.10,NA,NA,NA,NA,NA,NA,NA,NA,NA,NA,NA,0.00,NA,NA,NA
2020-02-17 04:00:00,176.37,348.15,6.93,11.41,18.34,NA,NA,2.44,4.16,NA,NA,NA,NA,NA,NA,NA,NA,NA,NA,NA,0.00,NA,NA,NA
2020-02-17 05:00:00,180.54,309.08,11.95,11.33,23.27,NA,NA,2.92,4.30,NA,NA,NA,NA,NA,NA,NA,NA,NA,NA,NA,0.00,NA,NA,NA
2020-02-17 06:00:00,193.33,341.67,12.21,10.90,23.11,NA,NA,2.77,4.41,NA,NA,NA,NA,NA,NA,NA,NA,NA,NA,NA,0.00,NA,NA,NA
2020-02-17 07:00:00,170.89,353.80,11.36,13.08,24.44,NA,NA,2.59,3.98,NA,NA,NA,NA,NA,NA,NA,NA,NA,NA,NA,0.00,NA,NA,NA
2020-02-17 08:00:00,159.55,385.64,11.85,16.12,27.97,NA,NA,2.59,4.07,NA,NA,NA,NA,NA,NA,NA,NA,NA,NA,NA,0.00,NA,NA,NA
2020-02-17 09:00:00,211.64,328.41,8.19,13.51,21.70,NA,NA,2.33,4.15,NA,NA,NA,NA,NA,NA,NA,NA,NA,NA,NA,0.00,NA,NA,NA
2020-02-17 10:00:00,146.09,239.14,6.42,10.88,17.30,NA,NA,2.14,4.14,NA,NA,NA,NA,NA,NA,NA,NA,NA,NA,NA,0.00,NA,NA,NA
2020-02-17 11:00:00,93.50,200.50,5.25,6.39,11.64,NA,NA,1.75,3.98,NA,NA,NA,NA,NA,NA,NA,NA,NA,NA,NA,0.00,NA,NA,NA
2020-02-17 12:00:00,69.56,159.89,5.10,5.17,10.26,NA,NA,1.62,4.07,NA,NA,NA,NA,NA,NA,NA,NA,NA,NA,NA,0.00,NA,NA,NA
2020-02-17 13:00:00,76.61,150.79,4.99,4.17,9.15,NA,NA,1.48,4.05,NA,NA,NA,NA,NA,NA,NA,NA,NA,NA,NA,0.00,NA,NA,NA
2020-02-17 14:00:00,51.83,106.59,4.95,3.30,8.25,NA,NA,1.30,4.20,NA,NA,NA,NA,NA,NA,NA,NA,NA,NA,NA,0.00,NA,NA,NA
2020-02-17 15:00:00,31.57,86.55,4.91,3.09,8.00,NA,NA,1.24,3.95,NA,NA,NA,NA,NA,NA,NA,NA,NA,NA,NA,0.00,NA,NA,NA
2020-02-17 16:00:00,42.26,96.23,4.94,3.41,8.35,NA,NA,1.27,4.15,NA,NA,NA,NA,NA,NA,NA,NA,NA,NA,NA,0.00,NA,NA,NA
2020-02-17 17:00:00,40.15,90.74,4.93,3.72,8.65,NA,NA,1.23,4.27,NA,NA,NA,NA,NA,NA,NA,NA,NA,NA,NA,0.00,NA,NA,NA
2020-02-17 18:00:00,44.36,94.59,4.94,5.11,10.06,NA,NA,1.38,4.30,NA,NA,NA,NA,NA,NA,NA,NA,NA,NA,NA,0.00,NA,NA,NA
2020-02-17 19:00:00,58.61,143.99,4.92,7.68,12.60,NA,NA,1.50,4.17,NA,NA,NA,NA,NA,NA,NA,NA,NA,NA,NA,0.00,NA,NA,NA
2020-02-17 20:00:00,65.99,171.78,4.96,7.92,12.88,NA,NA,1.60,4.24,NA,NA,NA,NA,NA,NA,NA,NA,NA,NA,NA,0.00,NA,NA,NA
2020-02-17 21:00:00,101.73,171.97,4.97,6.33,11.31,NA,NA,1.53,4.46,NA,NA,NA,NA,NA,NA,NA,NA,NA,NA,NA,0.00,NA,NA,NA
2020-02-17 22:00:00,91.42,149.56,4.95,5.88,10.83,NA,NA,1.44,4.33,NA,NA,NA,NA,NA,NA,NA,NA,NA,NA,NA,0.00,NA,NA,NA
2020-02-17 23:00:00,79.57,117.73,4.94,4.67,9.61,NA,NA,1.38,4.43,NA,NA,NA,NA,NA,NA,NA,NA,NA,NA,NA,0.00,NA,NA,NA
2020-02-18 00:00:00,72.67,126.46,4.94,4.21,9.15,NA,NA,1.34,4.33,NA,NA,NA,NA,NA,NA,NA,NA,NA,NA,NA,0.00,NA,NA,NA
2020-02-18 01:00:00,70.06,138.83,4.94,7.63,12.57,NA,NA,1.43,4.01,NA,NA,NA,NA,NA,NA,NA,NA,NA,NA,NA,0.00,NA,NA,NA
2020-02-18 02:00:00,93.78,166.66,4.97,8.74,13.71,NA,NA,1.37,4.00,NA,NA,NA,NA,NA,NA,NA,NA,NA,NA,NA,0.00,NA,NA,NA
2020-02-18 03:00:00,85.04,139.92,5.00,8.86,13.86,NA,NA,1.37,4.05,NA,NA,NA,NA,NA,NA,NA,NA,NA,NA,NA,0.00,NA,NA,NA
2020-02-18 04:00:00,69.68,135.32,5.22,7.10,12.32,NA,NA,1.31,4.11,NA,NA,NA,NA,NA,NA,NA,NA,NA,NA,NA,0.00,NA,NA,NA
2020-02-18 05:00:00,61.49,116.96,5.09,7.13,12.23,NA,NA,1.29,4.44,NA,NA,NA,NA,NA,NA,NA,NA,NA,NA,NA,0.00,NA,NA,NA
2020-02-18 06:00:00,55.17,116.98,5.65,7.73,13.39,NA,NA,1.27,4.15,NA,NA,NA,NA,NA,NA,NA,NA,NA,NA,NA,0.00,NA,NA,NA
2020-02-18 07:00:00,59.65,121.57,5.40,7.57,12.96,NA,NA,1.43,4.17,NA,NA,NA,NA,NA,NA,NA,NA,NA,NA,NA,0.00,NA,NA,NA
2020-02-18 08:00:00,76.04,127.03,5.75,8.02,13.78,NA,NA,1.49,4.07,NA,NA,NA,NA,NA,NA,NA,NA,NA,NA,NA,0.00,NA,NA,NA
2020-02-18 09:00:00,94.58,195.04,5.37,6.92,12.29,NA,NA,1.45,4.19,NA,NA,NA,NA,NA,NA,NA,NA,NA,NA,NA,0.00,NA,NA,NA
2020-02-18 10:00:00,74.57,165.41,5.17,6.38,11.55,NA,NA,1.39,3.81,NA,NA,NA,NA,NA,NA,NA,NA,NA,NA,NA,0.00,NA,NA,NA
2020-02-18 11:00:00,66.45,151.12,5.01,5.25,10.26,NA,NA,1.30,4.22,NA,NA,NA,NA,NA,NA,NA,NA,NA,NA,NA,0.00,NA,NA,NA
2020-02-18 12:00:00,61.50,148.35,4.98,4.85,9.82,NA,NA,1.29,4.52,NA,NA,NA,NA,NA,NA,NA,NA,NA,NA,NA,0.00,NA,NA,NA
2020-02-18 13:00:00,59.94,134.56,4.97,4.08,9.05,NA,NA,1.22,4.12,NA,NA,NA,NA,NA,NA,NA,NA,NA,NA,NA,0.00,NA,NA,NA
2020-02-18 14:00:00,46.87,110.82,4.91,3.67,8.58,NA,NA,1.16,3.91,NA,NA,NA,NA,NA,NA,NA,NA,NA,NA,NA,0.00,NA,NA,NA
2020-02-18 15:00:00,38.49,127.80,4.91,3.35,8.25,NA,NA,1.16,4.15,NA,NA,NA,NA,NA,NA,NA,NA,NA,NA,NA,0.00,NA,NA,NA
2020-02-18 16:00:00,35.73,101.02,4.89,3.43,8.32,NA,NA,1.13,4.26,NA,NA,NA,NA,NA,NA,NA,NA,NA,NA,NA,0.00,NA,NA,NA
2020-02-18 17:00:00,41.66,106.98,4.91,3.61,8.53,NA,NA,1.16,4.15,NA,NA,NA,NA,NA,NA,NA,NA,NA,NA,NA,0.00,NA,NA,NA
2020-02-18 18:00:00,49.10,114.12,4.89,4.27,9.17,NA,NA,1.22,3.94,NA,NA,NA,NA,NA,NA,NA,NA,NA,NA,NA,0.00,NA,NA,NA
2020-02-18 19:00:00,52.53,136.72,4.98,9.88,14.89,NA,NA,1.65,4.35,NA,NA,NA,NA,NA,NA,NA,NA,NA,NA,NA,0.00,NA,NA,NA
2020-02-18 20:00:00,115.15,503.22,6.61,15.92,22.55,NA,NA,2.36,3.95,NA,NA,NA,NA,NA,NA,NA,NA,NA,NA,NA,0.00,NA,NA,NA
2020-02-18 21:00:00,149.58,463.24,6.37,13.98,20.33,NA,NA,2.08,4.10,NA,NA,NA,NA,NA,NA,NA,NA,NA,NA,NA,0.00,NA,NA,NA
2020-02-18 22:00:00,107.75,223.23,5.48,12.63,18.12,NA,NA,1.87,4.03,NA,NA,NA,NA,NA,NA,NA,NA,NA,NA,NA,0.00,NA,NA,NA
2020-02-18 23:00:00,107.31,270.98,9.58,15.58,25.17,NA,NA,2.08,4.23,NA,NA,NA,NA,NA,NA,NA,NA,NA,NA,NA,0.00,NA,NA,NA
2020-02-19 00:00:00,104.62,350.70,6.74,13.13,19.86,NA,NA,1.55,4.48,NA,NA,NA,NA,NA,NA,NA,NA,NA,NA,NA,0.00,NA,NA,NA
2020-02-19 01:00:00,91.42,200.38,5.33,11.21,16.54,NA,NA,1.45,4.04,NA,NA,NA,NA,NA,NA,NA,NA,NA,NA,NA,0.00,NA,NA,NA
2020-02-19 02:00:00,89.77,234.27,6.02,11.16,17.17,NA,NA,1.48,4.35,NA,NA,NA,NA,NA,NA,NA,NA,NA,NA,NA,0.00,NA,NA,NA
2020-02-19 03:00:00,71.24,145.84,5.14,6.32,11.46,NA,NA,1.32,3.98,NA,NA,NA,NA,NA,NA,NA,NA,NA,NA,NA,0.00,NA,NA,NA
2020-02-19 04:00:00,51.77,110.17,5.25,6.59,11.85,NA,NA,1.22,5.28,NA,NA,NA,NA,NA,NA,NA,NA,NA,NA,NA,0.00,NA,NA,NA
2020-02-19 05:00:00,55.05,101.27,5.67,6.78,12.45,NA,NA,1.28,4.97,NA,NA,NA,NA,NA,NA,NA,NA,NA,NA,NA,0.00,NA,NA,NA
2020-02-19 06:00:00,80.86,128.17,5.86,6.42,12.28,NA,NA,1.32,4.00,NA,NA,NA,NA,NA,NA,NA,NA,NA,NA,NA,0.00,NA,NA,NA
2020-02-19 07:00:00,80.76,125.61,5.91,4.55,10.46,NA,NA,1.31,4.29,NA,NA,NA,NA,NA,NA,NA,NA,NA,NA,NA,0.00,NA,NA,NA
2020-02-19 08:00:00,102.75,178.59,5.72,6.19,11.91,NA,NA,1.63,3.94,NA,NA,NA,NA,NA,NA,NA,NA,NA,NA,NA,0.00,NA,NA,NA
2020-02-19 09:00:00,170.60,247.31,5.11,5.03,10.14,NA,NA,2.11,4.09,NA,NA,NA,NA,NA,NA,NA,NA,NA,NA,NA,0.00,NA,NA,NA
2020-02-19 10:00:00,160.21,232.72,4.99,4.50,9.49,NA,NA,1.68,4.36,NA,NA,NA,NA,NA,NA,NA,NA,NA,NA,NA,0.00,NA,NA,NA
2020-02-19 11:00:00,86.72,150.59,4.96,3.71,8.67,NA,NA,1.39,3.95,NA,NA,NA,NA,NA,NA,NA,NA,NA,NA,NA,0.00,NA,NA,NA
2020-02-19 12:00:00,49.88,106.03,4.90,3.45,8.35,NA,NA,1.33,4.20,NA,NA,NA,NA,NA,NA,NA,NA,NA,NA,NA,0.00,NA,NA,NA
2020-02-19 13:00:00,26.08,89.16,4.94,3.37,8.30,NA,NA,1.28,4.01,NA,NA,NA,NA,NA,NA,NA,NA,NA,NA,NA,0.00,NA,NA,NA
2020-02-19 14:00:00,28.86,100.70,4.98,3.47,8.45,NA,NA,1.29,4.08,NA,NA,NA,NA,NA,NA,NA,NA,NA,NA,NA,0.00,NA,NA,NA
2020-02-19 15:00:00,44.60,140.16,4.99,3.49,8.48,NA,NA,1.27,4.05,NA,NA,NA,NA,NA,NA,NA,NA,NA,NA,NA,0.00,NA,NA,NA
2020-02-19 16:00:00,71.28,152.61,5.00,3.80,8.79,NA,NA,1.29,4.09,NA,NA,NA,NA,NA,NA,NA,NA,NA,NA,NA,0.00,NA,NA,NA
2020-02-19 17:00:00,78.70,166.12,4.98,3.97,8.95,NA,NA,1.35,3.97,NA,NA,NA,NA,NA,NA,NA,NA,NA,NA,NA,0.00,NA,NA,NA
2020-02-19 18:00:00,78.12,154.66,4.99,4.20,9.20,NA,NA,1.36,4.35,NA,NA,NA,NA,NA,NA,NA,NA,NA,NA,NA,0.00,NA,NA,NA
2020-02-19 19:00:00,89.14,158.05,4.98,4.78,9.76,NA,NA,1.45,4.06,NA,NA,NA,NA,NA,NA,NA,NA,NA,NA,NA,0.00,NA,NA,NA
2020-02-19 20:00:00,80.41,145.92,4.99,4.85,9.85,NA,NA,1.46,4.08,NA,NA,NA,NA,NA,NA,NA,NA,NA,NA,NA,0.00,NA,NA,NA
2020-02-19 21:00:00,93.44,149.28,5.01,4.60,9.61,NA,NA,1.47,3.97,NA,NA,NA,NA,NA,NA,NA,NA,NA,NA,NA,0.00,NA,NA,NA
2020-02-19 22:00:00,105.33,164.42,5.04,5.49,10.53,NA,NA,1.50,4.11,NA,NA,NA,NA,NA,NA,NA,NA,NA,NA,NA,0.00,NA,NA,NA
2020-02-19 23:00:00,97.39,172.35,4.99,4.31,9.31,NA,NA,1.43,4.14,NA,NA,NA,NA,NA,NA,NA,NA,NA,NA,NA,0.00,NA,NA,NA
2020-02-20 00:00:00,86.58,148.24,4.94,3.81,8.75,NA,NA,1.37,4.25,NA,NA,NA,NA,NA,NA,NA,NA,NA,NA,NA,0.00,NA,NA,NA
2020-02-20 01:00:00,81.09,144.49,4.94,3.53,8.48,NA,NA,1.33,4.39,NA,NA,NA,NA,NA,NA,NA,NA,NA,NA,NA,0.00,NA,NA,NA
2020-02-20 02:00:00,74.13,124.67,4.95,3.83,8.78,NA,NA,1.30,4.30,NA,NA,NA,NA,NA,NA,NA,NA,NA,NA,NA,0.00,NA,NA,NA
2020-02-20 03:00:00,81.66,123.27,4.91,4.04,8.95,NA,NA,1.32,4.16,NA,NA,NA,NA,NA,NA,NA,NA,NA,NA,NA,0.00,NA,NA,NA
2020-02-20 04:00:00,98.94,153.37,4.89,4.15,9.03,NA,NA,1.40,4.28,NA,NA,NA,NA,NA,NA,NA,NA,NA,NA,NA,0.00,NA,NA,NA
2020-02-20 05:00:00,99.97,164.41,4.97,4.04,9.01,NA,NA,1.43,3.86,NA,NA,NA,NA,NA,NA,NA,NA,NA,NA,NA,0.00,NA,NA,NA
2020-02-20 06:00:00,101.99,159.29,4.98,4.27,9.25,NA,NA,1.50,4.06,NA,NA,NA,NA,NA,NA,NA,NA,NA,NA,NA,0.00,NA,NA,NA
2020-02-20 07:00:00,100.68,160.00,5.06,4.31,9.37,NA,NA,1.69,4.43,NA,NA,NA,NA,NA,NA,NA,NA,NA,NA,NA,0.00,NA,NA,NA
2020-02-20 08:00:00,109.13,197.78,5.08,4.39,9.47,NA,NA,1.72,4.10,NA,NA,NA,NA,NA,NA,NA,NA,NA,NA,NA,0.00,NA,NA,NA
2020-02-20 09:00:00,118.45,187.36,5.06,4.07,9.12,NA,NA,1.67,4.09,NA,NA,NA,NA,NA,NA,NA,NA,NA,NA,NA,0.00,NA,NA,NA
2020-02-20 10:00:00,106.59,193.06,5.02,3.97,8.99,NA,NA,1.60,4.06,NA,NA,NA,NA,NA,NA,NA,NA,NA,NA,NA,0.00,NA,NA,NA
2020-02-20 11:00:00,101.65,177.70,5.02,3.64,8.66,NA,NA,1.60,38.13,NA,NA,NA,NA,NA,NA,NA,NA,NA,NA,NA,0.00,NA,NA,NA
2020-02-20 12:00:00,93.85,204.58,4.94,3.49,8.44,NA,NA,1.52,88.02,NA,NA,NA,NA,NA,NA,NA,NA,NA,NA,NA,0.00,NA,NA,NA
2020-02-20 13:00:00,78.21,229.90,4.93,3.40,8.33,NA,NA,1.48,93.58,NA,NA,NA,NA,NA,NA,NA,NA,NA,NA,NA,0.00,NA,NA,NA
2020-02-20 14:00:00,70.47,222.75,4.96,3.19,8.16,NA,NA,1.51,93.19,NA,NA,NA,NA,NA,NA,NA,NA,NA,NA,NA,0.00,NA,NA,NA
2020-02-20 15:00:00,62.50,193.65,4.95,3.07,8.02,NA,NA,1.50,93.72,NA,NA,NA,NA,NA,NA,NA,NA,NA,NA,NA,0.00,NA,NA,NA
2020-02-20 16:00:00,61.48,174.26,4.94,3.11,8.05,NA,NA,1.54,91.29,NA,NA,NA,NA,NA,NA,NA,NA,NA,NA,NA,0.00,NA,NA,NA
2020-02-20 17:00:00,67.82,161.44,4.97,3.31,8.28,NA,NA,1.58,85.33,NA,NA,NA,NA,NA,NA,NA,NA,NA,NA,NA,0.00,NA,NA,NA
2020-02-20 18:00:00,69.15,162.99,4.95,3.73,8.67,NA,NA,1.64,77.63,NA,NA,NA,NA,NA,NA,NA,NA,NA,NA,NA,0.00,NA,NA,NA
2020-02-20 19:00:00,79.56,161.36,5.04,3.99,9.04,NA,NA,1.76,68.65,NA,NA,NA,NA,NA,NA,NA,NA,NA,NA,NA,0.00,NA,NA,NA
2020-02-20 20:00:00,91.97,185.58,5.04,4.25,9.29,NA,NA,1.86,68.08,NA,NA,NA,NA,NA,NA,NA,NA,NA,NA,NA,0.00,NA,NA,NA
2020-02-20 21:00:00,120.01,182.22,5.02,3.77,8.80,NA,NA,1.78,71.69,NA,NA,NA,NA,NA,NA,NA,NA,NA,NA,NA,0.00,NA,NA,NA
2020-02-20 22:00:00,107.06,179.40,5.05,3.76,8.82,NA,NA,1.80,64.59,NA,NA,NA,NA,NA,NA,NA,NA,NA,NA,NA,0.00,NA,NA,NA
2020-02-20 23:00:00,113.29,175.79,5.10,3.68,8.77,NA,NA,1.84,46.54,NA,NA,NA,NA,NA,NA,NA,NA,NA,NA,NA,0.00,NA,NA,NA
2020-02-21 00:00:00,87.74,116.96,5.19,4.33,9.52,NA,NA,1.85,42.38,NA,NA,NA,NA,NA,NA,NA,NA,NA,NA,NA,0.00,NA,NA,NA
2020-02-21 01:00:00,98.37,141.39,5.35,4.99,10.34,NA,NA,1.97,26.62,NA,NA,NA,NA,NA,NA,NA,NA,NA,NA,NA,0.00,NA,NA,NA
2020-02-21 02:00:00,103.57,159.72,5.49,6.42,11.92,NA,NA,2.10,17.19,NA,NA,NA,NA,NA,NA,NA,NA,NA,NA,NA,0.00,NA,NA,NA
2020-02-21 03:00:00,105.71,149.57,5.28,4.78,10.07,NA,NA,1.94,35.80,NA,NA,NA,NA,NA,NA,NA,NA,NA,NA,NA,0.00,NA,NA,NA
2020-02-21 04:00:00,106.04,140.28,5.18,3.61,8.79,NA,NA,1.85,41.47,NA,NA,NA,NA,NA,NA,NA,NA,NA,NA,NA,0.00,NA,NA,NA
2020-02-21 05:00:00,77.17,101.16,5.04,2.65,7.70,NA,NA,1.46,57.81,NA,NA,NA,NA,NA,NA,NA,NA,NA,NA,NA,0.00,NA,NA,NA
2020-02-21 06:00:00,29.10,44.12,5.08,2.50,7.58,NA,NA,1.38,60.36,NA,NA,NA,NA,NA,NA,NA,NA,NA,NA,NA,0.00,NA,NA,NA
2020-02-21 07:00:00,30.85,35.97,5.05,2.49,7.54,NA,NA,1.35,56.39,NA,NA,NA,NA,NA,NA,NA,NA,NA,NA,NA,0.00,NA,NA,NA
2020-02-21 08:00:00,19.13,28.42,5.08,2.72,7.80,NA,NA,1.37,54.92,NA,NA,NA,NA,NA,NA,NA,NA,NA,NA,NA,0.00,NA,NA,NA
2020-02-21 09:00:00,21.70,26.65,5.17,2.80,7.97,NA,NA,1.37,55.59,NA,NA,NA,NA,NA,NA,NA,NA,NA,NA,NA,0.00,NA,NA,NA
2020-02-21 10:00:00,38.41,56.59,5.19,2.97,8.16,NA,NA,1.43,61.97,NA,NA,NA,NA,NA,NA,NA,NA,NA,NA,NA,0.00,NA,NA,NA
2020-02-21 11:00:00,53.43,89.68,5.13,2.85,7.98,NA,NA,1.44,62.84,NA,NA,NA,NA,NA,NA,NA,NA,NA,NA,NA,0.00,NA,NA,NA
2020-02-21 12:00:00,52.05,80.02,5.08,2.77,7.85,NA,NA,1.43,61.96,NA,NA,NA,NA,NA,NA,NA,NA,NA,NA,NA,0.00,NA,NA,NA
2020-02-21 13:00:00,52.76,55.90,5.00,3.07,8.07,NA,NA,1.45,53.60,NA,NA,NA,NA,NA,NA,NA,NA,NA,NA,NA,0.00,NA,NA,NA
2020-02-21 14:00:00,38.75,46.12,5.12,3.26,8.38,NA,NA,1.45,46.70,NA,NA,NA,NA,NA,NA,NA,NA,NA,NA,NA,0.00,NA,NA,NA
2020-02-21 15:00:00,11.12,24.48,5.17,3.28,8.45,NA,NA,1.42,51.88,NA,NA,NA,NA,NA,NA,NA,NA,NA,NA,NA,0.00,NA,NA,NA
2020-02-21 16:00:00,13.84,35.70,5.04,3.61,8.65,NA,NA,1.42,58.14,NA,NA,NA,NA,NA,NA,NA,NA,NA,NA,NA,0.00,NA,NA,NA
2020-02-21 17:00:00,22.22,39.21,5.09,4.53,9.62,NA,NA,1.51,50.96,NA,NA,NA,NA,NA,NA,NA,NA,NA,NA,NA,0.00,NA,NA,NA
2020-02-21 18:00:00,25.98,47.04,5.03,5.15,10.18,NA,NA,1.56,46.29,NA,NA,NA,NA,NA,NA,NA,NA,NA,NA,NA,0.00,NA,NA,NA
2020-02-21 19:00:00,30.08,56.05,5.10,6.54,11.64,NA,NA,1.78,31.05,NA,NA,NA,NA,NA,NA,NA,NA,NA,NA,NA,0.00,NA,NA,NA
2020-02-21 20:00:00,53.53,91.81,5.20,7.96,13.17,NA,NA,2.08,14.49,NA,NA,NA,NA,NA,NA,NA,NA,NA,NA,NA,0.00,NA,NA,NA
2020-02-21 21:00:00,57.78,86.46,5.17,6.39,11.56,NA,NA,1.88,19.81,NA,NA,NA,NA,NA,NA,NA,NA,NA,NA,NA,0.00,NA,NA,NA
2020-02-21 22:00:00,46.61,72.48,5.17,5.83,11.00,NA,NA,1.73,13.65,NA,NA,NA,NA,NA,NA,NA,NA,NA,NA,NA,0.00,NA,NA,NA
2020-02-21 23:00:00,54.38,85.88,6.57,8.44,15.01,NA,NA,2.06,5.01,NA,NA,NA,NA,NA,NA,NA,NA,NA,NA,NA,0.00,NA,NA,NA
2020-02-22 00:00:00,58.52,102.16,7.10,8.21,15.30,NA,NA,2.03,4.41,NA,NA,NA,NA,NA,NA,NA,NA,NA,NA,NA,0.00,NA,NA,NA
2020-02-22 01:00:00,68.76,116.21,7.73,7.84,15.57,NA,NA,2.02,4.39,NA,NA,NA,NA,NA,NA,NA,NA,NA,NA,NA,0.00,NA,NA,NA
2020-02-22 02:00:00,66.24,105.38,8.05,7.18,15.23,NA,NA,1.94,4.39,NA,NA,NA,NA,NA,NA,NA,NA,NA,NA,NA,0.00,NA,NA,NA
2020-02-22 03:00:00,54.68,87.80,7.91,7.06,14.98,NA,NA,1.74,4.23,NA,NA,NA,NA,NA,NA,NA,NA,NA,NA,NA,0.00,NA,NA,NA
2020-02-22 04:00:00,48.55,83.10,8.17,6.95,15.11,NA,NA,1.63,4.67,NA,NA,NA,NA,NA,NA,NA,NA,NA,NA,NA,0.00,NA,NA,NA
2020-02-22 05:00:00,45.87,81.96,8.14,6.78,14.92,NA,NA,1.67,4.17,NA,NA,NA,NA,NA,NA,NA,NA,NA,NA,NA,0.00,NA,NA,NA
2020-02-22 06:00:00,53.83,89.70,8.20,5.74,13.95,NA,NA,1.74,4.85,NA,NA,NA,NA,NA,NA,NA,NA,NA,NA,NA,0.00,NA,NA,NA
2020-02-22 07:00:00,52.34,92.48,7.91,5.89,13.80,NA,NA,1.67,4.97,NA,NA,NA,NA,NA,NA,NA,NA,NA,NA,NA,0.00,NA,NA,NA
2020-02-22 08:00:00,53.39,92.15,5.98,4.86,10.84,NA,NA,1.56,14.98,NA,NA,NA,NA,NA,NA,NA,NA,NA,NA,NA,0.00,NA,NA,NA
2020-02-22 09:00:00,38.12,57.76,5.48,3.70,9.18,NA,NA,1.41,35.42,NA,NA,NA,NA,NA,NA,NA,NA,NA,NA,NA,0.00,NA,NA,NA
2020-02-22 10:00:00,44.13,72.71,5.47,3.53,9.00,NA,NA,1.40,46.63,NA,NA,NA,NA,NA,NA,NA,NA,NA,NA,NA,0.00,NA,NA,NA
2020-02-22 11:00:00,46.31,78.88,5.30,3.29,8.59,NA,NA,1.35,55.35,NA,NA,NA,NA,NA,NA,NA,NA,NA,NA,NA,0.00,NA,NA,NA
2020-02-22 12:00:00,54.72,88.35,5.19,3.02,8.20,NA,NA,1.33,63.75,NA,NA,NA,NA,NA,NA,NA,NA,NA,NA,NA,0.00,NA,NA,NA
2020-02-22 13:00:00,52.04,70.61,5.11,3.06,8.17,NA,NA,1.31,68.04,NA,NA,NA,NA,NA,NA,NA,NA,NA,NA,NA,0.00,NA,NA,NA
2020-02-22 14:00:00,47.62,98.25,5.06,3.16,8.22,NA,NA,1.35,73.87,NA,NA,NA,NA,NA,NA,NA,NA,NA,NA,NA,0.00,NA,NA,NA
2020-02-22 15:00:00,57.31,97.98,5.08,2.97,8.05,NA,NA,1.35,74.02,NA,NA,NA,NA,NA,NA,NA,NA,NA,NA,NA,0.00,NA,NA,NA
2020-02-22 16:00:00,48.18,82.42,5.02,3.01,8.02,NA,NA,1.33,71.25,NA,NA,NA,NA,NA,NA,NA,NA,NA,NA,NA,0.00,NA,NA,NA
2020-02-22 17:00:00,55.95,86.34,5.06,3.99,9.05,NA,NA,1.37,63.06,NA,NA,NA,NA,NA,NA,NA,NA,NA,NA,NA,0.00,NA,NA,NA
2020-02-22 18:00:00,58.62,92.32,5.07,4.36,9.42,NA,NA,1.41,47.90,NA,NA,NA,NA,NA,NA,NA,NA,NA,NA,NA,0.00,NA,NA,NA
2020-02-22 19:00:00,78.42,108.73,5.10,5.06,10.15,NA,NA,1.59,24.82,NA,NA,NA,NA,NA,NA,NA,NA,NA,NA,NA,0.00,NA,NA,NA
2020-02-22 20:00:00,98.32,138.48,5.20,4.86,10.06,NA,NA,1.57,15.54,NA,NA,NA,NA,NA,NA,NA,NA,NA,NA,NA,0.00,NA,NA,NA
2020-02-22 21:00:00,108.70,140.96,5.50,5.25,10.75,NA,NA,1.89,7.68,NA,NA,NA,NA,NA,NA,NA,NA,NA,NA,NA,0.00,NA,NA,NA
2020-02-22 22:00:00,121.29,163.57,7.15,7.31,14.47,NA,NA,2.10,4.19,NA,NA,NA,NA,NA,NA,NA,NA,NA,NA,NA,0.00,NA,NA,NA
2020-02-22 23:00:00,118.08,201.24,8.91,8.39,17.31,NA,NA,2.41,4.49,NA,NA,NA,NA,NA,NA,NA,NA,NA,NA,NA,0.00,NA,NA,NA
2020-02-23 00:00:00,115.18,220.19,10.25,7.93,18.19,NA,NA,2.87,4.23,NA,NA,NA,NA,NA,NA,NA,NA,NA,NA,NA,0.00,NA,NA,NA
2020-02-23 01:00:00,134.91,257.79,13.61,7.83,21.45,NA,NA,3.41,4.16,NA,NA,NA,NA,NA,NA,NA,NA,NA,NA,NA,0.00,NA,NA,NA
2020-02-23 02:00:00,133.48,263.04,18.27,9.90,28.17,NA,NA,4.50,4.78,NA,NA,NA,NA,NA,NA,NA,NA,NA,NA,NA,0.00,NA,NA,NA
2020-02-23 03:00:00,127.95,237.06,19.44,10.08,29.52,NA,NA,4.09,5.72,NA,NA,NA,NA,NA,NA,NA,NA,NA,NA,NA,0.00,NA,NA,NA
2020-02-23 04:00:00,115.72,203.89,19.31,10.18,29.49,NA,NA,3.57,3.89,NA,NA,NA,NA,NA,NA,NA,NA,NA,NA,NA,0.00,NA,NA,NA
2020-02-23 05:00:00,111.43,211.20,17.98,8.67,26.64,NA,NA,2.83,5.04,NA,NA,NA,NA,NA,NA,NA,NA,NA,NA,NA,0.00,NA,NA,NA
2020-02-23 06:00:00,114.34,189.71,11.67,7.46,19.12,NA,NA,2.18,4.57,NA,NA,NA,NA,NA,NA,NA,NA,NA,NA,NA,0.00,NA,NA,NA
2020-02-23 07:00:00,108.52,171.51,11.37,6.37,17.74,NA,NA,2.11,4.57,NA,NA,NA,NA,NA,NA,NA,NA,NA,NA,NA,0.00,NA,NA,NA
2020-02-23 08:00:00,105.87,185.45,12.36,10.02,22.39,NA,NA,2.15,5.40,NA,NA,NA,NA,NA,NA,NA,NA,NA,NA,NA,0.00,NA,NA,NA
2020-02-23 09:00:00,141.13,199.70,10.15,10.30,20.43,NA,NA,2.09,10.63,NA,NA,NA,NA,NA,NA,NA,NA,NA,NA,NA,0.00,NA,NA,NA
2020-02-23 10:00:00,93.53,140.44,6.67,7.00,13.67,NA,NA,1.49,33.52,NA,NA,NA,NA,NA,NA,NA,NA,NA,NA,NA,0.00,NA,NA,NA
2020-02-23 11:00:00,66.00,114.34,5.68,4.94,10.61,NA,NA,1.29,56.65,NA,NA,NA,NA,NA,NA,NA,NA,NA,NA,NA,0.00,NA,NA,NA
2020-02-23 12:00:00,54.50,104.14,5.26,4.03,9.29,NA,NA,1.22,71.93,NA,NA,NA,NA,NA,NA,NA,NA,NA,NA,NA,0.00,NA,NA,NA
2020-02-23 13:00:00,57.53,99.80,5.17,4.19,9.37,NA,NA,1.26,82.21,NA,NA,NA,NA,NA,NA,NA,NA,NA,NA,NA,0.00,NA,NA,NA
2020-02-23 14:00:00,83.97,151.42,5.13,5.51,10.63,NA,NA,1.50,98.04,NA,NA,NA,NA,NA,NA,NA,NA,NA,NA,NA,0.00,NA,NA,NA
2020-02-23 15:00:00,86.58,157.70,5.08,4.45,9.53,NA,NA,1.41,106.64,NA,NA,NA,NA,NA,NA,NA,NA,NA,NA,NA,0.00,NA,NA,NA
2020-02-23 16:00:00,81.03,136.35,5.06,3.62,8.68,NA,NA,1.27,90.64,NA,NA,NA,NA,NA,NA,NA,NA,NA,NA,NA,0.00,NA,NA,NA
2020-02-23 17:00:00,64.04,113.34,5.06,3.29,8.35,NA,NA,1.22,76.70,NA,NA,NA,NA,NA,NA,NA,NA,NA,NA,NA,0.00,NA,NA,NA
2020-02-23 18:00:00,69.53,98.22,5.06,3.49,8.54,NA,NA,1.26,61.19,NA,NA,NA,NA,NA,NA,NA,NA,NA,NA,NA,0.00,NA,NA,NA
2020-02-23 19:00:00,79.53,121.68,5.10,5.12,10.22,NA,NA,1.44,39.03,NA,NA,NA,NA,NA,NA,NA,NA,NA,NA,NA,0.00,NA,NA,NA
2020-02-23 20:00:00,101.58,152.06,5.18,5.87,11.06,NA,NA,1.64,28.82,NA,NA,NA,NA,NA,NA,NA,NA,NA,NA,NA,0.00,NA,NA,NA
2020-02-23 21:00:00,113.04,169.73,5.27,6.42,11.69,NA,NA,1.76,20.72,NA,NA,NA,NA,NA,NA,NA,NA,NA,NA,NA,0.00,NA,NA,NA
2020-02-23 22:00:00,67.49,110.54,5.06,3.47,8.52,NA,NA,1.20,40.31,NA,NA,NA,NA,NA,NA,NA,NA,NA,NA,NA,0.00,NA,NA,NA
2020-02-23 23:00:00,31.47,59.04,5.03,3.38,8.41,NA,NA,1.06,30.25,NA,NA,NA,NA,NA,NA,NA,NA,NA,NA,NA,0.00,NA,NA,NA
2020-02-24 00:00:00,28.58,49.07,5.12,3.69,8.82,NA,NA,1.11,14.15,NA,NA,NA,NA,NA,NA,NA,NA,NA,NA,NA,0.00,NA,NA,NA
2020-02-24 01:00:00,33.88,97.02,5.08,4.64,9.72,NA,NA,1.11,12.13,NA,NA,NA,NA,NA,NA,NA,NA,NA,NA,NA,0.00,NA,NA,NA
2020-02-24 02:00:00,32.27,74.20,5.15,4.36,9.51,NA,NA,1.08,12.39,NA,NA,NA,NA,NA,NA,NA,NA,NA,NA,NA,0.00,NA,NA,NA
2020-02-24 03:00:00,34.56,81.87,5.20,4.78,9.98,NA,NA,1.07,12.87,NA,NA,NA,NA,NA,NA,NA,NA,NA,NA,NA,0.00,NA,NA,NA
2020-02-24 04:00:00,36.43,81.10,7.20,5.80,13.00,NA,NA,1.32,3.82,NA,NA,NA,NA,NA,NA,NA,NA,NA,NA,NA,0.00,NA,NA,NA
2020-02-24 05:00:00,74.72,144.16,8.54,6.70,15.24,NA,NA,1.52,3.97,NA,NA,NA,NA,NA,NA,NA,NA,NA,NA,NA,0.00,NA,NA,NA
2020-02-24 06:00:00,78.04,147.96,11.35,6.82,18.17,NA,NA,1.65,4.19,NA,NA,NA,NA,NA,NA,NA,NA,NA,NA,NA,0.00,NA,NA,NA
2020-02-24 07:00:00,73.67,139.47,12.55,6.43,18.97,NA,NA,1.64,5.12,NA,NA,NA,NA,NA,NA,NA,NA,NA,NA,NA,0.00,NA,NA,NA
2020-02-24 08:00:00,84.72,167.87,13.15,9.39,22.55,NA,NA,1.80,6.94,NA,NA,NA,NA,NA,NA,NA,NA,NA,NA,NA,0.00,NA,NA,NA
2020-02-24 09:00:00,98.24,177.44,8.53,8.55,17.08,NA,NA,1.52,18.21,NA,NA,NA,NA,NA,NA,NA,NA,NA,NA,NA,0.00,NA,NA,NA
2020-02-24 10:00:00,59.84,139.58,6.13,5.74,11.87,NA,NA,1.22,47.79,NA,NA,NA,NA,NA,NA,NA,NA,NA,NA,NA,0.00,NA,NA,NA
2020-02-24 11:00:00,49.67,110.60,6.25,6.85,13.10,NA,NA,1.29,54.98,NA,NA,NA,NA,NA,NA,NA,NA,NA,NA,NA,0.00,NA,NA,NA
2020-02-24 12:00:00,56.64,139.78,5.46,6.31,11.77,NA,NA,1.37,79.44,NA,NA,NA,NA,NA,NA,NA,NA,NA,NA,NA,0.00,NA,NA,NA
2020-02-24 13:00:00,57.86,140.39,5.11,4.84,9.95,NA,NA,1.28,98.77,NA,NA,NA,NA,NA,NA,NA,NA,NA,NA,NA,0.00,NA,NA,NA
2020-02-24 14:00:00,69.59,127.11,5.05,4.08,9.13,NA,NA,1.18,99.32,NA,NA,NA,NA,NA,NA,NA,NA,NA,NA,NA,0.00,NA,NA,NA
2020-02-24 15:00:00,74.51,122.59,5.04,3.84,8.88,NA,NA,1.16,95.01,NA,NA,NA,NA,NA,NA,NA,NA,NA,NA,NA,0.00,NA,NA,NA
2020-02-24 16:00:00,73.20,115.58,5.02,3.77,8.78,NA,NA,1.12,85.96,NA,NA,NA,NA,NA,NA,NA,NA,NA,NA,NA,0.00,NA,NA,NA
2020-02-24 17:00:00,67.86,107.46,5.07,3.66,8.73,NA,NA,1.16,75.75,NA,NA,NA,NA,NA,NA,NA,NA,NA,NA,NA,0.00,NA,NA,NA
2020-02-24 18:00:00,72.91,110.67,5.04,4.13,9.17,NA,NA,1.29,68.41,NA,NA,NA,NA,NA,NA,NA,NA,NA,NA,NA,0.00,NA,NA,NA
2020-02-24 19:00:00,89.77,150.68,5.12,5.21,10.33,NA,NA,1.49,44.98,NA,NA,NA,NA,NA,NA,NA,NA,NA,NA,NA,0.00,NA,NA,NA
2020-02-24 20:00:00,94.20,161.45,5.18,7.18,12.36,NA,NA,1.67,25.11,NA,NA,NA,NA,NA,NA,NA,NA,NA,NA,NA,0.00,NA,NA,NA
2020-02-24 21:00:00,112.57,182.62,5.31,8.07,13.37,NA,NA,1.92,13.13,NA,NA,NA,NA,NA,NA,NA,NA,NA,NA,NA,0.00,NA,NA,NA
2020-02-24 22:00:00,119.18,211.60,5.67,10.67,16.33,NA,NA,2.25,5.85,NA,NA,NA,NA,NA,NA,NA,NA,NA,NA,NA,0.00,NA,NA,NA
2020-02-24 23:00:00,139.59,232.33,5.54,9.45,14.99,NA,NA,2.17,7.98,NA,NA,NA,NA,NA,NA,NA,NA,NA,NA,NA,0.00,NA,NA,NA
2020-02-25 00:00:00,123.69,223.50,5.38,7.26,12.64,NA,NA,1.95,11.37,NA,NA,NA,NA,NA,NA,NA,NA,NA,NA,NA,0.00,NA,NA,NA
2020-02-25 01:00:00,99.41,211.90,5.34,6.39,11.72,NA,NA,1.78,9.54,NA,NA,NA,NA,NA,NA,NA,NA,NA,NA,NA,0.00,NA,NA,NA
2020-02-25 02:00:00,96.44,208.41,6.69,7.94,14.63,NA,NA,1.64,5.28,NA,NA,NA,NA,NA,NA,NA,NA,NA,NA,NA,0.00,NA,NA,NA
2020-02-25 03:00:00,91.30,211.08,8.67,8.14,16.80,NA,NA,1.67,3.94,NA,NA,NA,NA,NA,NA,NA,NA,NA,NA,NA,0.00,NA,NA,NA
2020-02-25 04:00:00,124.97,280.27,6.34,7.17,13.52,NA,NA,1.78,7.72,NA,NA,NA,NA,NA,NA,NA,NA,NA,NA,NA,0.00,NA,NA,NA
2020-02-25 05:00:00,124.75,339.61,6.19,6.47,12.66,NA,NA,1.62,5.46,NA,NA,NA,NA,NA,NA,NA,NA,NA,NA,NA,0.00,NA,NA,NA
2020-02-25 06:00:00,124.52,269.28,7.06,6.77,13.83,NA,NA,1.60,4.23,NA,NA,NA,NA,NA,NA,NA,NA,NA,NA,NA,0.00,NA,NA,NA
2020-02-25 07:00:00,115.42,244.56,8.64,6.90,15.54,NA,NA,1.76,4.73,NA,NA,NA,NA,NA,NA,NA,NA,NA,NA,NA,0.00,NA,NA,NA
2020-02-25 08:00:00,112.51,226.21,7.62,8.15,15.78,NA,NA,2.03,11.83,NA,NA,NA,NA,NA,NA,NA,NA,NA,NA,NA,0.00,NA,NA,NA
2020-02-25 09:00:00,99.72,175.49,6.67,7.10,13.77,NA,NA,1.95,25.75,NA,NA,NA,NA,NA,NA,NA,NA,NA,NA,NA,0.00,NA,NA,NA
2020-02-25 10:00:00,107.49,207.89,6.08,6.79,12.87,NA,NA,1.77,51.52,NA,NA,NA,NA,NA,NA,NA,NA,NA,NA,NA,0.00,NA,NA,NA
2020-02-25 11:00:00,82.64,198.94,5.99,6.86,12.85,NA,NA,1.65,62.21,NA,NA,NA,NA,NA,NA,NA,NA,NA,NA,NA,0.00,NA,NA,NA
2020-02-25 12:00:00,87.62,167.35,5.46,5.78,11.24,NA,NA,1.57,78.44,NA,NA,NA,NA,NA,NA,NA,NA,NA,NA,NA,0.00,NA,NA,NA
2020-02-25 13:00:00,85.04,160.15,5.24,5.29,10.53,NA,NA,1.38,86.79,NA,NA,NA,NA,NA,NA,NA,NA,NA,NA,NA,0.00,NA,NA,NA
2020-02-25 14:00:00,81.16,139.71,5.31,5.87,11.18,NA,NA,1.23,82.05,NA,NA,NA,NA,NA,NA,NA,NA,NA,NA,NA,0.00,NA,NA,NA
2020-02-25 15:00:00,70.07,128.16,5.00,3.57,8.57,NA,NA,1.15,91.85,NA,NA,NA,NA,NA,NA,NA,NA,NA,NA,NA,0.00,NA,NA,NA
2020-02-25 16:00:00,59.21,99.23,5.00,3.40,8.40,NA,NA,1.12,85.46,NA,NA,NA,NA,NA,NA,NA,NA,NA,NA,NA,0.00,NA,NA,NA
2020-02-25 17:00:00,47.60,95.84,5.46,7.07,12.53,NA,NA,1.14,61.06,NA,NA,NA,NA,NA,NA,NA,NA,NA,NA,NA,0.00,NA,NA,NA
2020-02-25 18:00:00,63.99,114.48,5.04,4.42,9.46,NA,NA,1.36,69.06,NA,NA,NA,NA,NA,NA,NA,NA,NA,NA,NA,0.00,NA,NA,NA
2020-02-25 19:00:00,93.63,156.81,5.46,7.56,13.02,NA,NA,1.59,41.94,NA,NA,NA,NA,NA,NA,NA,NA,NA,NA,NA,0.00,NA,NA,NA
2020-02-25 20:00:00,109.43,181.55,5.08,7.63,12.71,NA,NA,1.90,29.17,NA,NA,NA,NA,NA,NA,NA,NA,NA,NA,NA,0.00,NA,NA,NA
2020-02-25 21:00:00,127.38,220.63,6.91,9.26,16.17,NA,NA,2.27,13.01,NA,NA,NA,NA,NA,NA,NA,NA,NA,NA,NA,0.00,NA,NA,NA
2020-02-25 22:00:00,138.29,452.67,8.89,11.68,20.58,NA,NA,2.26,5.74,NA,NA,NA,NA,NA,NA,NA,NA,NA,NA,NA,0.00,NA,NA,NA
2020-02-25 23:00:00,149.68,380.93,10.10,11.79,21.89,NA,NA,2.55,5.90,NA,NA,NA,NA,NA,NA,NA,NA,NA,NA,NA,0.00,NA,NA,NA
2020-02-26 00:00:00,132.88,380.83,9.71,10.44,20.15,NA,NA,2.42,3.86,NA,NA,NA,NA,NA,NA,NA,NA,NA,NA,NA,0.00,NA,NA,NA
2020-02-26 01:00:00,125.86,295.09,9.35,8.03,17.38,NA,NA,2.12,5.09,NA,NA,NA,NA,NA,NA,NA,NA,NA,NA,NA,0.00,NA,NA,NA
2020-02-26 02:00:00,120.29,241.39,9.61,7.20,16.80,NA,NA,2.13,3.94,NA,NA,NA,NA,NA,NA,NA,NA,NA,NA,NA,0.00,NA,NA,NA
2020-02-26 03:00:00,119.71,270.47,15.79,10.32,26.11,NA,NA,2.30,4.30,NA,NA,NA,NA,NA,NA,NA,NA,NA,NA,NA,0.00,NA,NA,NA
2020-02-26 04:00:00,108.36,263.09,11.85,8.37,20.22,NA,NA,1.94,8.66,NA,NA,NA,NA,NA,NA,NA,NA,NA,NA,NA,0.00,NA,NA,NA
2020-02-26 05:00:00,108.75,302.45,12.42,8.45,20.88,NA,NA,2.10,6.62,NA,NA,NA,NA,NA,NA,NA,NA,NA,NA,NA,0.00,NA,NA,NA
2020-02-26 06:00:00,149.39,279.21,8.22,5.94,14.17,NA,NA,1.98,4.52,NA,NA,NA,NA,NA,NA,NA,NA,NA,NA,NA,0.00,NA,NA,NA
2020-02-26 07:00:00,134.36,248.14,7.73,4.84,12.57,NA,NA,2.01,4.48,NA,NA,NA,NA,NA,NA,NA,NA,NA,NA,NA,0.00,NA,NA,NA
2020-02-26 08:00:00,140.91,319.85,10.66,8.99,19.65,NA,NA,2.28,7.07,NA,NA,NA,NA,NA,NA,NA,NA,NA,NA,NA,0.00,NA,NA,NA
2020-02-26 09:00:00,175.52,401.99,7.23,7.89,15.13,NA,NA,1.93,24.90,NA,NA,NA,NA,NA,NA,NA,NA,NA,NA,NA,0.00,NA,NA,NA
2020-02-26 10:00:00,153.44,269.13,5.80,4.82,10.62,NA,NA,1.38,59.16,NA,NA,NA,NA,NA,NA,NA,NA,NA,NA,NA,0.00,NA,NA,NA
2020-02-26 11:00:00,89.04,163.42,5.36,3.67,9.03,NA,NA,1.11,82.66,NA,NA,NA,NA,NA,NA,NA,NA,NA,NA,NA,0.00,NA,NA,NA
2020-02-26 12:00:00,61.49,155.50,5.10,3.85,8.95,NA,NA,1.09,91.28,NA,NA,NA,NA,NA,NA,NA,NA,NA,NA,NA,0.00,NA,NA,NA
2020-02-26 13:00:00,86.99,163.46,5.08,4.02,9.10,NA,NA,1.06,108.47,NA,NA,NA,NA,NA,NA,NA,NA,NA,NA,NA,0.00,NA,NA,NA
2020-02-26 14:00:00,62.78,137.33,4.99,3.08,8.07,NA,NA,0.92,90.86,NA,NA,NA,NA,NA,NA,NA,NA,NA,NA,NA,0.00,NA,NA,NA
2020-02-26 15:00:00,49.76,121.17,5.00,2.80,7.81,NA,NA,0.88,81.55,NA,NA,NA,NA,NA,NA,NA,NA,NA,NA,NA,0.00,NA,NA,NA
2020-02-26 16:00:00,41.12,95.95,4.99,2.90,7.89,NA,NA,0.87,82.83,NA,NA,NA,NA,NA,NA,NA,NA,NA,NA,NA,0.00,NA,NA,NA
2020-02-26 17:00:00,45.56,105.52,4.97,3.05,8.02,NA,NA,0.89,76.87,NA,NA,NA,NA,NA,NA,NA,NA,NA,NA,NA,0.00,NA,NA,NA
2020-02-26 18:00:00,45.96,99.48,5.00,3.25,8.25,NA,NA,0.90,60.46,NA,NA,NA,NA,NA,NA,NA,NA,NA,NA,NA,0.00,NA,NA,NA
2020-02-26 19:00:00,55.27,118.75,5.02,4.44,9.45,NA,NA,1.10,43.72,NA,NA,NA,NA,NA,NA,NA,NA,NA,NA,NA,0.00,NA,NA,NA
2020-02-26 20:00:00,80.37,158.50,5.02,6.49,11.51,NA,NA,1.32,30.09,NA,NA,NA,NA,NA,NA,NA,NA,NA,NA,NA,0.00,NA,NA,NA
2020-02-26 21:00:00,154.48,247.43,5.10,6.80,11.91,NA,NA,1.70,26.56,NA,NA,NA,NA,NA,NA,NA,NA,NA,NA,NA,0.00,NA,NA,NA
2020-02-26 22:00:00,216.84,344.65,5.25,6.43,11.69,NA,NA,1.85,24.68,NA,NA,NA,NA,NA,NA,NA,NA,NA,NA,NA,0.00,NA,NA,NA
2020-02-26 23:00:00,163.69,261.95,5.37,5.93,11.30,NA,NA,1.55,16.70,NA,NA,NA,NA,NA,NA,NA,NA,NA,NA,NA,0.00,NA,NA,NA
2020-02-27 00:00:00,111.75,194.99,5.35,5.18,10.54,NA,NA,1.45,7.93,NA,NA,NA,NA,NA,NA,NA,NA,NA,NA,NA,0.00,NA,NA,NA
2020-02-27 01:00:00,86.07,205.73,5.45,5.99,11.44,NA,NA,1.37,5.98,NA,NA,NA,NA,NA,NA,NA,NA,NA,NA,NA,0.00,NA,NA,NA
2020-02-27 02:00:00,79.83,167.35,5.51,4.73,10.24,NA,NA,1.30,4.26,NA,NA,NA,NA,NA,NA,NA,NA,NA,NA,NA,0.00,NA,NA,NA
2020-02-27 03:00:00,71.61,140.28,5.66,4.14,9.80,NA,NA,1.32,4.60,NA,NA,NA,NA,NA,NA,NA,NA,NA,NA,NA,0.00,NA,NA,NA
2020-02-27 04:00:00,73.81,129.08,5.67,4.00,9.68,NA,NA,1.24,4.83,NA,NA,NA,NA,NA,NA,NA,NA,NA,NA,NA,0.00,NA,NA,NA
2020-02-27 05:00:00,63.67,130.38,5.33,3.68,9.01,NA,NA,1.20,6.64,NA,NA,NA,NA,NA,NA,NA,NA,NA,NA,NA,0.00,NA,NA,NA
2020-02-27 06:00:00,90.92,153.38,5.37,3.65,9.02,NA,NA,1.39,9.37,NA,NA,NA,NA,NA,NA,NA,NA,NA,NA,NA,0.00,NA,NA,NA
2020-02-27 07:00:00,123.94,186.73,5.52,3.54,9.07,NA,NA,1.70,7.93,NA,NA,NA,NA,NA,NA,NA,NA,NA,NA,NA,0.00,NA,NA,NA
2020-02-27 08:00:00,97.38,196.55,5.99,4.20,10.19,NA,NA,1.77,19.92,NA,NA,NA,NA,NA,NA,NA,NA,NA,NA,NA,0.00,NA,NA,NA
2020-02-27 09:00:00,95.99,166.62,5.61,3.98,9.59,NA,NA,1.52,42.64,NA,NA,NA,NA,NA,NA,NA,NA,NA,NA,NA,0.00,NA,NA,NA
2020-02-27 10:00:00,108.10,143.82,5.51,3.50,9.01,NA,NA,1.29,56.01,NA,NA,NA,NA,NA,NA,NA,NA,NA,NA,NA,0.00,NA,NA,NA
2020-02-27 11:00:00,83.27,127.84,4.91,3.11,8.00,NA,NA,1.29,65.30,NA,NA,NA,NA,NA,NA,NA,NA,NA,NA,NA,0.00,NA,NA,NA
2020-02-27 12:00:00,86.89,126.35,NA,NA,NA,NA,NA,1.34,68.00,NA,NA,NA,NA,NA,NA,NA,NA,NA,NA,NA,0.00,NA,NA,NA
2020-02-27 13:00:00,87.12,119.38,NA,NA,NA,NA,NA,1.33,77.53,NA,NA,NA,NA,NA,NA,NA,NA,NA,NA,NA,0.00,NA,NA,NA
2020-02-27 14:00:00,81.58,130.21,14.74,15.33,30.33,NA,NA,1.29,83.35,NA,NA,NA,NA,NA,NA,NA,NA,NA,NA,NA,0.00,NA,NA,NA
2020-02-27 15:00:00,94.24,143.09,7.12,10.11,17.23,NA,NA,1.32,86.18,NA,NA,NA,NA,NA,NA,NA,NA,NA,NA,NA,0.00,NA,NA,NA
2020-02-27 16:00:00,91.84,149.12,7.14,9.74,16.88,NA,NA,1.33,85.75,NA,NA,NA,NA,NA,NA,NA,NA,NA,NA,NA,0.00,NA,NA,NA
2020-02-27 17:00:00,95.11,130.25,8.17,9.65,17.81,NA,NA,1.34,87.61,NA,NA,NA,NA,NA,NA,NA,NA,NA,NA,NA,0.00,NA,NA,NA
2020-02-27 18:00:00,87.52,124.23,7.25,11.15,18.40,NA,NA,1.35,73.45,NA,NA,NA,NA,NA,NA,NA,NA,NA,NA,NA,0.00,NA,NA,NA
2020-02-27 19:00:00,89.07,136.36,7.14,19.35,26.49,NA,NA,1.54,47.14,NA,NA,NA,NA,NA,NA,NA,NA,NA,NA,NA,0.00,NA,NA,NA
2020-02-27 20:00:00,96.49,199.63,7.28,27.61,34.89,NA,NA,1.64,30.01,NA,NA,NA,NA,NA,NA,NA,NA,NA,NA,NA,0.00,NA,NA,NA
2020-02-27 21:00:00,100.38,181.79,7.25,23.63,30.87,NA,NA,1.64,36.26,NA,NA,NA,NA,NA,NA,NA,NA,NA,NA,NA,0.00,NA,NA,NA
2020-02-27 22:00:00,108.39,169.07,7.20,23.49,30.69,NA,NA,1.61,37.47,NA,NA,NA,NA,NA,NA,NA,NA,NA,NA,NA,0.00,NA,NA,NA
2020-02-27 23:00:00,108.09,167.65,7.15,16.72,23.87,NA,NA,1.64,42.87,NA,NA,NA,NA,NA,NA,NA,NA,NA,NA,NA,0.00,NA,NA,NA
2020-02-28 00:00:00,99.47,150.78,7.09,14.43,21.52,NA,NA,1.74,43.29,NA,NA,NA,NA,NA,NA,NA,NA,NA,NA,NA,0.00,NA,NA,NA
2020-02-28 01:00:00,92.87,150.06,7.05,13.37,20.42,NA,NA,1.67,46.36,NA,NA,NA,NA,NA,NA,NA,NA,NA,NA,NA,0.00,NA,NA,NA
2020-02-28 02:00:00,78.80,143.07,7.05,12.14,19.19,NA,NA,1.62,46.53,NA,NA,NA,NA,NA,NA,NA,NA,NA,NA,NA,0.00,NA,NA,NA
2020-02-28 03:00:00,84.22,142.48,7.11,12.61,19.73,NA,NA,1.65,40.40,NA,NA,NA,NA,NA,NA,NA,NA,NA,NA,NA,0.00,NA,NA,NA
2020-02-28 04:00:00,89.84,126.28,7.05,11.40,18.46,NA,NA,1.61,42.89,NA,NA,NA,NA,NA,NA,NA,NA,NA,NA,NA,0.00,NA,NA,NA
2020-02-28 05:00:00,76.77,113.36,7.05,11.01,18.06,NA,NA,1.61,46.43,NA,NA,NA,NA,NA,NA,NA,NA,NA,NA,NA,0.00,NA,NA,NA
2020-02-28 06:00:00,78.45,102.90,7.09,11.24,18.33,NA,NA,1.60,37.46,NA,NA,NA,NA,NA,NA,NA,NA,NA,NA,NA,0.00,NA,NA,NA
2020-02-28 07:00:00,78.03,108.43,7.19,11.34,18.53,NA,NA,1.60,36.77,NA,NA,NA,NA,NA,NA,NA,NA,NA,NA,NA,0.00,NA,NA,NA
2020-02-28 08:00:00,88.26,104.43,7.52,12.07,19.60,NA,NA,1.65,39.70,NA,NA,NA,NA,NA,NA,NA,NA,NA,NA,NA,0.00,NA,NA,NA
2020-02-28 09:00:00,101.33,111.16,7.86,11.77,19.62,NA,NA,1.59,45.75,NA,NA,NA,NA,NA,NA,NA,NA,NA,NA,NA,0.00,NA,NA,NA
2020-02-28 10:00:00,87.74,135.29,7.81,11.45,19.27,NA,NA,1.52,57.53,NA,NA,NA,NA,NA,NA,NA,NA,NA,NA,NA,0.00,NA,NA,NA
2020-02-28 11:00:00,74.20,128.09,7.51,10.44,17.95,NA,NA,1.42,66.33,NA,NA,NA,NA,NA,NA,NA,NA,NA,NA,NA,0.00,NA,NA,NA
2020-02-28 12:00:00,80.50,124.20,7.39,9.93,17.32,NA,NA,1.48,74.49,NA,NA,NA,NA,NA,NA,NA,NA,NA,NA,NA,0.00,NA,NA,NA
2020-02-28 13:00:00,77.57,131.08,7.34,9.78,17.12,NA,NA,1.43,81.38,NA,NA,NA,NA,NA,NA,NA,NA,NA,NA,NA,0.00,NA,NA,NA
2020-02-28 14:00:00,79.01,145.35,7.29,9.46,16.75,NA,NA,1.41,80.15,NA,NA,NA,NA,NA,NA,NA,NA,NA,NA,NA,0.00,NA,NA,NA
2020-02-28 15:00:00,70.08,134.01,7.25,9.52,16.76,NA,NA,1.41,80.10,NA,NA,NA,NA,NA,NA,NA,NA,NA,NA,NA,0.00,NA,NA,NA
2020-02-28 16:00:00,76.99,146.99,7.16,10.02,17.18,NA,NA,1.41,78.19,NA,NA,NA,NA,NA,NA,NA,NA,NA,NA,NA,0.00,NA,NA,NA
2020-02-28 17:00:00,74.45,137.07,7.14,10.71,17.84,NA,NA,1.58,75.37,NA,NA,NA,NA,NA,NA,NA,NA,NA,NA,NA,0.00,NA,NA,NA
2020-02-28 18:00:00,72.59,150.43,7.05,12.13,19.19,NA,NA,1.63,69.99,NA,NA,NA,NA,NA,NA,NA,NA,NA,NA,NA,0.00,NA,NA,NA
2020-02-28 19:00:00,71.90,132.68,7.03,12.57,19.60,NA,NA,1.69,57.80,NA,NA,NA,NA,NA,NA,NA,NA,NA,NA,NA,0.00,NA,NA,NA
2020-02-28 20:00:00,69.40,123.97,7.08,12.82,19.90,NA,NA,1.66,56.81,NA,NA,NA,NA,NA,NA,NA,NA,NA,NA,NA,0.00,NA,NA,NA
2020-02-28 21:00:00,73.34,113.89,7.13,13.39,20.52,NA,NA,1.69,51.13,NA,NA,NA,NA,NA,NA,NA,NA,NA,NA,NA,0.00,NA,NA,NA
2020-02-28 22:00:00,74.58,105.83,7.13,13.64,20.77,NA,NA,1.65,41.28,NA,NA,NA,NA,NA,NA,NA,NA,NA,NA,NA,0.00,NA,NA,NA
2020-02-28 23:00:00,69.37,105.03,7.05,12.16,19.21,NA,NA,1.41,45.74,NA,NA,NA,NA,NA,NA,NA,NA,NA,NA,NA,0.00,NA,NA,NA
2020-02-29 00:00:00,59.92,90.08,7.07,11.38,18.45,NA,NA,1.40,47.43,NA,NA,NA,NA,NA,NA,NA,NA,NA,NA,NA,0.00,NA,NA,NA
2020-02-29 01:00:00,64.64,104.66,7.15,11.45,18.60,NA,NA,1.40,45.74,NA,NA,NA,NA,NA,NA,NA,NA,NA,NA,NA,0.00,NA,NA,NA
2020-02-29 02:00:00,70.97,101.04,7.05,11.93,18.98,NA,NA,1.40,44.56,NA,NA,NA,NA,NA,NA,NA,NA,NA,NA,NA,0.00,NA,NA,NA
2020-02-29 03:00:00,70.86,117.28,7.08,13.62,20.70,NA,NA,1.43,39.85,NA,NA,NA,NA,NA,NA,NA,NA,NA,NA,NA,0.00,NA,NA,NA
2020-02-29 04:00:00,67.19,109.89,7.10,13.13,20.22,NA,NA,1.42,36.97,NA,NA,NA,NA,NA,NA,NA,NA,NA,NA,NA,0.00,NA,NA,NA
2020-02-29 05:00:00,64.35,102.43,7.07,12.33,19.40,NA,NA,1.37,42.16,NA,NA,NA,NA,NA,NA,NA,NA,NA,NA,NA,0.00,NA,NA,NA
2020-02-29 06:00:00,62.92,102.97,7.10,12.20,19.30,NA,NA,1.43,39.66,NA,NA,NA,NA,NA,NA,NA,NA,NA,NA,NA,0.00,NA,NA,NA
2020-02-29 07:00:00,75.63,101.75,7.31,11.84,19.15,NA,NA,1.48,36.85,NA,NA,NA,NA,NA,NA,NA,NA,NA,NA,NA,0.00,NA,NA,NA
2020-02-29 08:00:00,75.40,99.17,7.58,11.50,19.08,NA,NA,1.47,42.82,NA,NA,NA,NA,NA,NA,NA,NA,NA,NA,NA,0.00,NA,NA,NA
2020-02-29 09:00:00,71.18,99.26,7.66,10.62,18.28,NA,NA,1.42,47.68,NA,NA,NA,NA,NA,NA,NA,NA,NA,NA,NA,0.00,NA,NA,NA
2020-02-29 10:00:00,67.30,95.60,7.62,10.18,17.80,NA,NA,1.43,54.22,NA,NA,NA,NA,NA,NA,NA,NA,NA,NA,NA,0.00,NA,NA,NA
2020-02-29 11:00:00,63.11,97.18,7.52,10.04,17.57,NA,NA,1.41,61.93,NA,NA,NA,NA,NA,NA,NA,NA,NA,NA,NA,0.00,NA,NA,NA
2020-02-29 12:00:00,72.79,115.51,7.37,9.25,16.62,NA,NA,1.39,68.43,NA,NA,NA,NA,NA,NA,NA,NA,NA,NA,NA,0.00,NA,NA,NA
2020-02-29 13:00:00,65.91,116.38,7.21,8.57,15.78,NA,NA,1.35,74.62,NA,NA,NA,NA,NA,NA,NA,NA,NA,NA,NA,0.00,NA,NA,NA
2020-02-29 14:00:00,69.50,114.75,7.35,9.77,17.11,NA,NA,1.38,76.68,NA,NA,NA,NA,NA,NA,NA,NA,NA,NA,NA,0.00,NA,NA,NA
2020-02-29 15:00:00,67.10,129.18,7.25,9.19,16.44,NA,NA,1.33,73.48,NA,NA,NA,NA,NA,NA,NA,NA,NA,NA,NA,0.00,NA,NA,NA
2020-02-29 16:00:00,66.87,126.46,7.11,9.68,16.78,NA,NA,1.38,73.31,NA,NA,NA,NA,NA,NA,NA,NA,NA,NA,NA,0.00,NA,NA,NA
2020-02-29 17:00:00,75.71,132.61,7.06,10.08,17.15,NA,NA,1.41,63.29,NA,NA,NA,NA,NA,NA,NA,NA,NA,NA,NA,0.00,NA,NA,NA
2020-02-29 18:00:00,69.79,117.16,7.20,16.22,23.41,NA,NA,1.43,43.34,NA,NA,NA,NA,NA,NA,NA,NA,NA,NA,NA,0.00,NA,NA,NA
2020-02-29 19:00:00,62.10,98.64,7.52,16.30,23.83,NA,NA,1.30,39.57,NA,NA,NA,NA,NA,NA,NA,NA,NA,NA,NA,0.00,NA,NA,NA
2020-02-29 20:00:00,36.85,56.31,7.25,14.05,21.30,NA,NA,1.08,40.93,NA,NA,NA,NA,NA,NA,NA,NA,NA,NA,NA,0.00,NA,NA,NA
2020-02-29 21:00:00,42.57,68.68,7.50,12.72,20.21,NA,NA,0.95,45.24,NA,NA,NA,NA,NA,NA,NA,NA,NA,NA,NA,0.00,NA,NA,NA
2020-02-29 22:00:00,29.27,64.34,7.41,12.65,20.06,NA,NA,0.96,42.97,NA,NA,NA,NA,NA,NA,NA,NA,NA,NA,NA,0.00,NA,NA,NA
2020-02-29 23:00:00,26.13,51.02,284.71,99.24,162.28,NA,NA,1.03,26.71,NA,NA,NA,NA,NA,NA,NA,NA,NA,NA,NA,0.00,NA,NA,NA
2020-03-01 00:00:00,NA,NA,9.77,11.41,21.21,NA,NA,0.94,40.69,NA,NA,NA,NA,NA,NA,NA,NA,NA,NA,NA,0.00,NA,NA,NA
2020-03-01 01:00:00,NA,NA,6.79,10.22,17.01,NA,NA,0.89,43.76,NA,NA,NA,NA,NA,NA,NA,NA,NA,NA,NA,0.00,NA,NA,NA
2020-03-01 02:00:00,NA,NA,6.85,10.95,17.80,NA,NA,0.86,42.99,NA,NA,NA,NA,NA,NA,NA,NA,NA,NA,NA,0.00,NA,NA,NA
2020-03-01 03:00:00,NA,NA,6.90,11.24,18.14,NA,NA,0.85,40.85,NA,NA,NA,NA,NA,NA,NA,NA,NA,NA,NA,0.00,NA,NA,NA
2020-03-01 04:00:00,NA,NA,6.97,9.36,16.33,NA,NA,0.86,43.83,NA,NA,NA,NA,NA,NA,NA,NA,NA,NA,NA,0.00,NA,NA,NA
2020-03-01 05:00:00,4.35,NA,6.95,11.29,18.24,NA,NA,0.86,44.16,NA,NA,NA,NA,NA,NA,NA,NA,NA,NA,NA,0.00,NA,NA,NA
2020-03-01 06:00:00,4.68,14.34,7.02,13.87,20.88,NA,NA,0.85,32.30,NA,NA,NA,NA,NA,NA,NA,NA,NA,NA,NA,0.00,NA,NA,NA
2020-03-01 07:00:00,15.51,14.39,7.48,13.03,20.51,NA,NA,0.91,24.72,NA,NA,NA,NA,NA,NA,NA,NA,NA,NA,NA,0.00,NA,NA,NA
2020-03-01 08:00:00,17.95,46.07,8.95,16.06,25.01,NA,NA,1.09,29.88,NA,NA,NA,NA,NA,NA,NA,NA,NA,NA,NA,0.00,NA,NA,NA
2020-03-01 09:00:00,44.17,52.19,8.73,14.39,23.12,NA,NA,1.13,40.63,NA,NA,NA,NA,NA,NA,NA,NA,NA,NA,NA,0.00,NA,NA,NA
2020-03-01 10:00:00,28.65,56.76,7.87,11.15,19.03,NA,NA,1.03,45.22,NA,NA,NA,NA,NA,NA,NA,NA,NA,NA,NA,0.00,NA,NA,NA
2020-03-01 11:00:00,17.87,92.44,7.37,8.97,16.34,NA,NA,0.95,57.55,NA,NA,NA,NA,NA,NA,NA,NA,NA,NA,NA,0.00,NA,NA,NA
2020-03-01 12:00:00,21.76,13.18,7.18,8.26,15.45,NA,NA,0.96,63.83,NA,NA,NA,NA,NA,NA,NA,NA,NA,NA,NA,0.00,NA,NA,NA
2020-03-01 13:00:00,12.62,6.14,7.14,8.15,15.30,NA,NA,0.97,66.01,NA,NA,NA,NA,NA,NA,NA,NA,NA,NA,NA,0.00,NA,NA,NA
2020-03-01 14:00:00,15.34,20.77,7.19,8.57,15.76,NA,NA,0.97,72.99,NA,NA,NA,NA,NA,NA,NA,NA,NA,NA,NA,0.00,NA,NA,NA
2020-03-01 15:00:00,24.41,44.97,7.22,9.87,17.08,NA,NA,1.01,76.44,NA,NA,NA,NA,NA,NA,NA,NA,NA,NA,NA,0.00,NA,NA,NA
2020-03-01 16:00:00,26.35,48.27,7.19,11.66,18.85,NA,NA,1.10,82.34,NA,NA,NA,NA,NA,NA,NA,NA,NA,NA,NA,0.00,NA,NA,NA
2020-03-01 17:00:00,38.32,65.67,7.04,10.18,17.22,NA,NA,1.15,78.65,NA,NA,NA,NA,NA,NA,NA,NA,NA,NA,NA,0.00,NA,NA,NA
2020-03-01 18:00:00,42.96,71.69,7.06,11.87,18.92,NA,NA,1.18,60.61,NA,NA,NA,NA,NA,NA,NA,NA,NA,NA,NA,0.00,NA,NA,NA
2020-03-01 19:00:00,38.25,58.53,7.19,14.16,21.35,NA,NA,1.19,29.28,NA,NA,NA,NA,NA,NA,NA,NA,NA,NA,NA,0.00,NA,NA,NA
2020-03-01 20:00:00,44.13,58.63,7.51,15.73,23.23,NA,NA,1.21,14.85,NA,NA,NA,NA,NA,NA,NA,NA,NA,NA,NA,0.00,NA,NA,NA
2020-03-01 21:00:00,59.32,69.08,9.84,18.77,28.61,NA,NA,1.42,8.39,NA,NA,NA,NA,NA,NA,NA,NA,NA,NA,NA,0.00,NA,NA,NA
2020-03-01 22:00:00,54.23,116.40,18.27,28.69,46.96,NA,NA,1.63,5.45,NA,NA,NA,NA,NA,NA,NA,NA,NA,NA,NA,0.00,NA,NA,NA
2020-03-01 23:00:00,57.66,109.61,12.84,18.87,31.72,NA,NA,1.46,6.93,NA,NA,NA,NA,NA,NA,NA,NA,NA,NA,NA,0.00,NA,NA,NA
2020-03-02 00:00:00,40.05,65.10,12.29,19.32,31.60,NA,NA,1.54,6.57,NA,NA,NA,NA,NA,NA,NA,NA,NA,NA,NA,0.00,NA,NA,NA
2020-03-02 01:00:00,46.68,79.50,22.41,16.73,39.11,NA,NA,1.66,8.48,NA,NA,NA,NA,NA,NA,NA,NA,NA,NA,NA,0.00,NA,NA,NA
2020-03-02 02:00:00,63.18,110.39,35.05,22.57,57.61,NA,NA,1.88,6.18,NA,NA,NA,NA,NA,NA,NA,NA,NA,NA,NA,0.00,NA,NA,NA
2020-03-02 03:00:00,74.18,125.42,33.65,21.75,55.40,NA,NA,1.87,4.93,NA,NA,NA,NA,NA,NA,NA,NA,NA,NA,NA,0.00,NA,NA,NA
2020-03-02 04:00:00,70.95,171.66,61.22,29.28,90.49,NA,NA,1.84,4.85,NA,NA,NA,NA,NA,NA,NA,NA,NA,NA,NA,0.00,NA,NA,NA
2020-03-02 05:00:00,74.83,154.11,48.41,22.98,71.39,NA,NA,1.81,4.83,NA,NA,NA,NA,NA,NA,NA,NA,NA,NA,NA,0.00,NA,NA,NA
2020-03-02 06:00:00,67.71,136.10,46.32,23.75,70.05,NA,NA,2.16,6.99,NA,NA,NA,NA,NA,NA,NA,NA,NA,NA,NA,0.00,NA,NA,NA
2020-03-02 07:00:00,76.47,127.76,45.33,22.22,67.56,NA,NA,2.16,6.96,NA,NA,NA,NA,NA,NA,NA,NA,NA,NA,NA,0.00,NA,NA,NA
2020-03-02 08:00:00,91.65,150.56,38.32,43.13,81.48,NA,NA,2.39,9.10,NA,NA,NA,NA,NA,NA,NA,NA,NA,NA,NA,0.00,NA,NA,NA
2020-03-02 09:00:00,82.47,166.18,12.87,27.11,40.00,NA,NA,1.58,28.92,NA,NA,NA,NA,NA,NA,NA,NA,NA,NA,NA,0.00,NA,NA,NA
2020-03-02 10:00:00,53.44,99.64,9.07,20.13,29.20,NA,NA,1.41,52.76,NA,NA,NA,NA,NA,NA,NA,NA,NA,NA,NA,0.00,NA,NA,NA
2020-03-02 11:00:00,57.09,112.24,8.50,19.39,27.89,NA,NA,1.49,70.37,NA,NA,NA,NA,NA,NA,NA,NA,NA,NA,NA,0.00,NA,NA,NA
2020-03-02 12:00:00,50.91,114.81,7.78,16.30,24.09,NA,NA,1.52,89.87,NA,NA,NA,NA,NA,NA,NA,NA,NA,NA,NA,0.00,NA,NA,NA
2020-03-02 13:00:00,67.74,132.45,7.49,15.59,23.08,NA,NA,1.53,107.47,NA,NA,NA,NA,NA,NA,NA,NA,NA,NA,NA,0.00,NA,NA,NA
2020-03-02 14:00:00,88.94,154.50,7.39,18.34,25.72,NA,NA,1.67,125.65,NA,NA,NA,NA,NA,NA,NA,NA,NA,NA,NA,0.00,NA,NA,NA
2020-03-02 15:00:00,92.00,185.30,7.33,17.71,25.05,NA,NA,1.62,126.08,NA,NA,NA,NA,NA,NA,NA,NA,NA,NA,NA,0.00,NA,NA,NA
2020-03-02 16:00:00,74.99,185.78,7.44,16.42,23.86,NA,NA,1.63,105.18,NA,NA,NA,NA,NA,NA,NA,NA,NA,NA,NA,0.00,NA,NA,NA
2020-03-02 17:00:00,54.58,163.39,7.33,14.19,21.53,NA,NA,1.59,85.35,NA,NA,NA,NA,NA,NA,NA,NA,NA,NA,NA,0.00,NA,NA,NA
2020-03-02 18:00:00,76.95,161.30,7.15,14.69,21.85,NA,NA,1.69,64.25,NA,NA,NA,NA,NA,NA,NA,NA,NA,NA,NA,0.00,NA,NA,NA
2020-03-02 19:00:00,77.15,137.72,7.21,18.21,25.42,NA,NA,1.82,43.09,NA,NA,NA,NA,NA,NA,NA,NA,NA,NA,NA,0.00,NA,NA,NA
2020-03-02 20:00:00,87.63,157.62,7.48,24.33,31.80,NA,NA,2.04,20.38,NA,NA,NA,NA,NA,NA,NA,NA,NA,NA,NA,0.00,NA,NA,NA
2020-03-02 21:00:00,109.57,177.32,8.28,32.53,40.80,NA,NA,2.35,9.44,NA,NA,NA,NA,NA,NA,NA,NA,NA,NA,NA,0.00,NA,NA,NA
2020-03-02 22:00:00,110.14,175.07,11.99,28.18,40.17,NA,NA,2.52,5.21,NA,NA,NA,NA,NA,NA,NA,NA,NA,NA,NA,0.00,NA,NA,NA
2020-03-02 23:00:00,109.71,187.90,17.35,29.71,47.06,NA,NA,2.72,10.91,NA,NA,NA,NA,NA,NA,NA,NA,NA,NA,NA,0.00,NA,NA,NA
2020-03-03 00:00:00,105.22,306.92,29.92,33.87,63.79,NA,NA,2.94,8.48,NA,NA,NA,NA,NA,NA,NA,NA,NA,NA,NA,0.00,NA,NA,NA
2020-03-03 01:00:00,100.49,216.68,26.14,29.42,55.55,NA,NA,3.00,7.78,NA,NA,NA,NA,NA,NA,NA,NA,NA,NA,NA,0.00,NA,NA,NA
2020-03-03 02:00:00,92.48,200.20,42.75,31.36,74.10,NA,NA,3.24,4.99,NA,NA,NA,NA,NA,NA,NA,NA,NA,NA,NA,0.00,NA,NA,NA
2020-03-03 03:00:00,90.37,193.51,56.14,37.64,93.76,NA,NA,3.28,5.19,NA,NA,NA,NA,NA,NA,NA,NA,NA,NA,NA,0.00,NA,NA,NA
2020-03-03 04:00:00,95.90,230.23,63.86,36.53,100.38,NA,NA,3.21,4.90,NA,NA,NA,NA,NA,NA,NA,NA,NA,NA,NA,0.00,NA,NA,NA
2020-03-03 05:00:00,89.99,179.41,62.47,33.47,95.95,NA,NA,2.98,4.70,NA,NA,NA,NA,NA,NA,NA,NA,NA,NA,NA,0.00,NA,NA,NA
2020-03-03 06:00:00,93.37,162.92,56.54,28.72,85.25,NA,NA,2.65,4.34,NA,NA,NA,NA,NA,NA,NA,NA,NA,NA,NA,0.00,NA,NA,NA
2020-03-03 07:00:00,82.02,147.09,50.54,24.62,75.15,NA,NA,2.43,5.75,NA,NA,NA,NA,NA,NA,NA,NA,NA,NA,NA,0.00,NA,NA,NA
2020-03-03 08:00:00,89.86,179.33,85.95,61.85,147.85,NA,NA,3.22,7.68,NA,NA,NA,NA,NA,NA,NA,NA,NA,NA,NA,0.00,NA,NA,NA
2020-03-03 09:00:00,162.42,348.51,78.09,90.13,168.15,NA,NA,3.23,12.18,NA,NA,NA,NA,NA,NA,NA,NA,NA,NA,NA,0.00,NA,NA,NA
2020-03-03 10:00:00,131.85,263.40,22.62,53.90,76.48,NA,NA,2.45,34.16,NA,NA,NA,NA,NA,NA,NA,NA,NA,NA,NA,0.00,NA,NA,NA
2020-03-03 11:00:00,101.99,265.56,9.79,28.45,38.24,NA,NA,2.05,80.30,NA,NA,NA,NA,NA,NA,NA,NA,NA,NA,NA,0.00,NA,NA,NA
2020-03-03 12:00:00,80.98,206.50,7.88,16.70,24.58,NA,NA,1.70,93.68,NA,NA,NA,NA,NA,NA,NA,NA,NA,NA,NA,0.00,NA,NA,NA
2020-03-03 13:00:00,50.99,133.36,7.65,13.30,20.95,NA,NA,1.51,80.52,NA,NA,NA,NA,NA,NA,NA,NA,NA,NA,NA,0.00,NA,NA,NA
2020-03-03 14:00:00,42.51,100.37,7.41,11.41,18.82,NA,NA,1.52,84.69,NA,NA,NA,NA,NA,NA,NA,NA,NA,NA,NA,0.00,NA,NA,NA
2020-03-03 15:00:00,48.20,95.21,7.32,12.48,19.80,NA,NA,1.51,87.08,NA,NA,NA,NA,NA,NA,NA,NA,NA,NA,NA,0.00,NA,NA,NA
2020-03-03 16:00:00,54.43,112.34,7.37,12.37,19.75,NA,NA,1.52,82.08,NA,NA,NA,NA,NA,NA,NA,NA,NA,NA,NA,0.00,NA,NA,NA
2020-03-03 17:00:00,50.38,108.78,7.65,15.76,23.41,NA,NA,1.54,76.57,NA,NA,NA,NA,NA,NA,NA,NA,NA,NA,NA,0.00,NA,NA,NA
2020-03-03 18:00:00,47.46,96.90,7.10,13.38,20.47,NA,NA,1.54,64.60,NA,NA,NA,NA,NA,NA,NA,NA,NA,NA,NA,0.00,NA,NA,NA
2020-03-03 19:00:00,39.26,86.48,7.15,17.70,24.84,NA,NA,1.62,47.73,NA,NA,NA,NA,NA,NA,NA,NA,NA,NA,NA,0.00,NA,NA,NA
2020-03-03 20:00:00,53.80,118.24,7.44,23.95,31.40,NA,NA,1.93,20.10,NA,NA,NA,NA,NA,NA,NA,NA,NA,NA,NA,0.00,NA,NA,NA
2020-03-03 21:00:00,87.33,167.20,9.00,45.17,54.18,NA,NA,2.42,7.73,NA,NA,NA,NA,NA,NA,NA,NA,NA,NA,NA,0.00,NA,NA,NA
2020-03-03 22:00:00,74.99,154.41,16.36,38.62,54.99,NA,NA,2.74,5.27,NA,NA,NA,NA,NA,NA,NA,NA,NA,NA,NA,0.00,NA,NA,NA
2020-03-03 23:00:00,92.36,182.90,20.14,37.42,57.55,NA,NA,2.86,5.86,NA,NA,NA,NA,NA,NA,NA,NA,NA,NA,NA,0.00,NA,NA,NA
2020-03-04 00:00:00,88.67,184.54,17.92,31.11,49.03,NA,NA,2.55,5.99,NA,NA,NA,NA,NA,NA,NA,NA,NA,NA,NA,0.00,NA,NA,NA
2020-03-04 01:00:00,82.42,178.92,16.90,29.54,46.43,NA,NA,2.42,6.72,NA,NA,NA,NA,NA,NA,NA,NA,NA,NA,NA,0.00,NA,NA,NA
2020-03-04 02:00:00,82.35,187.56,17.71,29.56,47.33,NA,NA,2.40,6.11,NA,NA,NA,NA,NA,NA,NA,NA,NA,NA,NA,0.00,NA,NA,NA
2020-03-04 03:00:00,102.34,211.59,18.05,27.90,45.92,NA,NA,2.36,4.63,NA,NA,NA,NA,NA,NA,NA,NA,NA,NA,NA,0.00,NA,NA,NA
2020-03-04 04:00:00,97.36,181.50,15.49,23.88,39.35,NA,NA,2.24,4.60,NA,NA,NA,NA,NA,NA,NA,NA,NA,NA,NA,0.00,NA,NA,NA
2020-03-04 05:00:00,93.71,161.39,19.17,21.37,40.57,NA,NA,2.20,4.84,NA,NA,NA,NA,NA,NA,NA,NA,NA,NA,NA,0.00,NA,NA,NA
2020-03-04 06:00:00,91.19,167.02,22.49,22.01,44.50,NA,NA,2.23,4.85,NA,NA,NA,NA,NA,NA,NA,NA,NA,NA,NA,0.00,NA,NA,NA
2020-03-04 07:00:00,93.62,178.41,28.13,20.20,48.35,NA,NA,2.29,5.93,NA,NA,NA,NA,NA,NA,NA,NA,NA,NA,NA,0.00,NA,NA,NA
2020-03-04 08:00:00,116.66,188.82,21.64,31.32,52.95,NA,NA,2.34,16.62,NA,NA,NA,NA,NA,NA,NA,NA,NA,NA,NA,0.00,NA,NA,NA
2020-03-04 09:00:00,113.79,248.47,9.87,24.93,34.76,NA,NA,2.10,51.98,NA,NA,NA,NA,NA,NA,NA,NA,NA,NA,NA,0.00,NA,NA,NA
2020-03-04 10:00:00,97.36,197.62,8.38,19.01,27.39,NA,NA,2.01,70.32,NA,NA,NA,NA,NA,NA,NA,NA,NA,NA,NA,0.00,NA,NA,NA
2020-03-04 11:00:00,99.91,180.22,7.83,16.09,23.90,NA,NA,1.91,82.71,NA,NA,NA,NA,NA,NA,NA,NA,NA,NA,NA,0.00,NA,NA,NA
2020-03-04 12:00:00,84.93,142.01,7.44,12.98,20.42,NA,NA,1.87,91.36,NA,NA,NA,NA,NA,NA,NA,NA,NA,NA,NA,0.00,NA,NA,NA
2020-03-04 13:00:00,78.08,158.67,7.32,11.47,18.78,NA,NA,1.87,90.15,NA,NA,NA,NA,NA,NA,NA,NA,NA,NA,NA,0.00,NA,NA,NA
2020-03-04 14:00:00,78.07,159.96,7.31,10.76,18.08,NA,NA,1.92,92.79,NA,NA,NA,NA,NA,NA,NA,NA,NA,NA,NA,0.00,NA,NA,NA
2020-03-04 15:00:00,88.06,154.50,7.17,10.22,17.39,NA,NA,1.93,89.42,NA,NA,NA,NA,NA,NA,NA,NA,NA,NA,NA,0.00,NA,NA,NA
2020-03-04 16:00:00,73.40,140.02,7.23,11.88,19.12,NA,NA,1.89,81.28,NA,NA,NA,NA,NA,NA,NA,NA,NA,NA,NA,0.00,NA,NA,NA
2020-03-04 17:00:00,62.25,137.32,7.21,10.61,17.81,NA,NA,1.79,66.48,NA,NA,NA,NA,NA,NA,NA,NA,NA,NA,NA,0.00,NA,NA,NA
2020-03-04 18:00:00,41.46,77.79,7.22,11.80,19.03,NA,NA,1.67,55.85,NA,NA,NA,NA,NA,NA,NA,NA,NA,NA,NA,0.00,NA,NA,NA
2020-03-04 19:00:00,13.34,37.42,7.28,10.25,17.53,NA,NA,1.57,53.85,NA,NA,NA,NA,NA,NA,NA,NA,NA,NA,NA,0.00,NA,NA,NA
2020-03-04 20:00:00,12.97,23.90,7.25,13.95,21.20,NA,NA,1.64,42.09,NA,NA,NA,NA,NA,NA,NA,NA,NA,NA,NA,0.00,NA,NA,NA
2020-03-04 21:00:00,22.19,38.48,7.33,16.94,24.29,NA,NA,1.76,40.44,NA,NA,NA,NA,NA,NA,NA,NA,NA,NA,NA,0.00,NA,NA,NA
2020-03-04 22:00:00,28.94,50.96,7.42,24.80,32.23,NA,NA,1.92,36.14,NA,NA,NA,NA,NA,NA,NA,NA,NA,NA,NA,0.00,NA,NA,NA
2020-03-04 23:00:00,28.89,67.69,7.25,21.37,28.63,NA,NA,1.76,39.79,NA,NA,NA,NA,NA,NA,NA,NA,NA,NA,NA,0.00,NA,NA,NA
2020-03-05 00:00:00,21.17,42.74,7.41,20.99,28.41,NA,NA,1.71,31.24,NA,NA,NA,NA,NA,NA,NA,NA,NA,NA,NA,0.00,NA,NA,NA
2020-03-05 01:00:00,21.47,63.72,7.48,20.49,27.97,NA,NA,1.74,26.97,NA,NA,NA,NA,NA,NA,NA,NA,NA,NA,NA,0.00,NA,NA,NA
2020-03-05 02:00:00,31.70,67.42,7.28,14.93,22.22,NA,NA,1.60,37.87,NA,NA,NA,NA,NA,NA,NA,NA,NA,NA,NA,0.00,NA,NA,NA
2020-03-05 03:00:00,25.81,49.65,7.85,17.92,25.77,NA,NA,1.56,28.69,NA,NA,NA,NA,NA,NA,NA,NA,NA,NA,NA,0.00,NA,NA,NA
2020-03-05 04:00:00,13.54,5.72,7.80,16.86,24.66,NA,NA,1.61,25.62,NA,NA,NA,NA,NA,NA,NA,NA,NA,NA,NA,0.00,NA,NA,NA
2020-03-05 05:00:00,8.56,6.53,8.05,25.85,33.91,NA,NA,1.62,16.38,NA,NA,NA,NA,NA,NA,NA,NA,NA,NA,NA,0.00,NA,NA,NA
2020-03-05 06:00:00,25.79,32.07,7.80,24.25,32.05,NA,NA,1.67,17.08,NA,NA,NA,NA,NA,NA,NA,NA,NA,NA,NA,0.00,NA,NA,NA
2020-03-05 07:00:00,24.16,33.52,8.91,22.29,31.20,NA,NA,1.68,21.96,NA,NA,NA,NA,NA,NA,NA,NA,NA,NA,NA,0.00,NA,NA,NA
2020-03-05 08:00:00,27.57,40.10,10.52,21.43,31.94,NA,NA,1.75,30.61,NA,NA,NA,NA,NA,NA,NA,NA,NA,NA,NA,0.00,NA,NA,NA
2020-03-05 09:00:00,31.22,72.21,9.20,16.36,25.55,NA,NA,1.79,44.66,NA,NA,NA,NA,NA,NA,NA,NA,NA,NA,NA,0.00,NA,NA,NA
2020-03-05 10:00:00,54.93,94.62,8.47,15.46,23.93,NA,NA,1.83,51.50,NA,NA,NA,NA,NA,NA,NA,NA,NA,NA,NA,0.00,NA,NA,NA
2020-03-05 11:00:00,36.48,74.83,8.21,13.47,21.68,NA,NA,1.91,63.43,NA,NA,NA,NA,NA,NA,NA,NA,NA,NA,NA,0.00,NA,NA,NA
2020-03-05 12:00:00,42.72,74.51,7.81,11.22,19.03,NA,NA,2.04,68.38,NA,NA,NA,NA,NA,NA,NA,NA,NA,NA,NA,0.00,NA,NA,NA
2020-03-05 13:00:00,45.84,76.69,7.67,10.48,18.14,NA,NA,1.95,67.82,NA,NA,NA,NA,NA,NA,NA,NA,NA,NA,NA,0.00,NA,NA,NA
2020-03-05 14:00:00,36.17,70.70,7.55,10.07,17.62,NA,NA,1.97,69.07,NA,NA,NA,NA,NA,NA,NA,NA,NA,NA,NA,0.00,NA,NA,NA
2020-03-05 15:00:00,33.19,61.59,7.46,9.64,17.10,NA,NA,1.88,67.67,NA,NA,NA,NA,NA,NA,NA,NA,NA,NA,NA,0.00,NA,NA,NA
2020-03-05 16:00:00,36.27,65.91,7.33,9.00,16.33,NA,NA,1.89,66.62,NA,NA,NA,NA,NA,NA,NA,NA,NA,NA,NA,0.00,NA,NA,NA
2020-03-05 17:00:00,35.30,57.05,7.21,9.49,16.71,NA,NA,1.94,67.21,NA,NA,NA,NA,NA,NA,NA,NA,NA,NA,NA,0.00,NA,NA,NA
2020-03-05 18:00:00,36.44,61.66,7.15,12.50,19.66,NA,NA,1.94,54.78,NA,NA,NA,NA,NA,NA,NA,NA,NA,NA,NA,0.00,NA,NA,NA
2020-03-05 19:00:00,42.12,67.29,7.22,14.93,22.16,NA,NA,1.96,42.02,NA,NA,NA,NA,NA,NA,NA,NA,NA,NA,NA,0.00,NA,NA,NA
2020-03-05 20:00:00,48.91,69.27,7.26,11.69,18.96,NA,NA,1.78,49.82,NA,NA,NA,NA,NA,NA,NA,NA,NA,NA,NA,0.00,NA,NA,NA
2020-03-05 21:00:00,21.15,8.38,7.15,8.37,15.52,NA,NA,1.68,53.75,NA,NA,NA,NA,NA,NA,NA,NA,NA,NA,NA,0.00,NA,NA,NA
2020-03-05 22:00:00,1.15,1.91,7.16,9.36,16.51,NA,NA,1.74,50.25,NA,NA,NA,NA,NA,NA,NA,NA,NA,NA,NA,0.00,NA,NA,NA
2020-03-05 23:00:00,12.41,37.69,7.17,9.81,16.98,NA,NA,1.77,49.69,NA,NA,NA,NA,NA,NA,NA,NA,NA,NA,NA,0.00,NA,NA,NA
2020-03-06 00:00:00,28.68,55.08,7.21,12.90,20.11,NA,NA,1.66,41.68,NA,NA,NA,NA,NA,NA,NA,NA,NA,NA,NA,0.00,NA,NA,NA
2020-03-06 01:00:00,20.20,24.95,7.24,8.74,15.99,NA,NA,1.63,51.58,NA,NA,NA,NA,NA,NA,NA,NA,NA,NA,NA,0.00,NA,NA,NA
2020-03-06 02:00:00,18.68,17.29,7.13,9.83,16.96,NA,NA,1.57,50.29,NA,NA,NA,NA,NA,NA,NA,NA,NA,NA,NA,0.00,NA,NA,NA
2020-03-06 03:00:00,12.23,11.92,7.24,11.10,18.34,NA,NA,1.59,45.20,NA,NA,NA,NA,NA,NA,NA,NA,NA,NA,NA,0.00,NA,NA,NA
2020-03-06 04:00:00,22.35,30.84,7.09,7.27,14.36,NA,NA,1.54,55.88,NA,NA,NA,NA,NA,NA,NA,NA,NA,NA,NA,0.00,NA,NA,NA
2020-03-06 05:00:00,2.95,11.68,7.16,10.02,17.19,NA,NA,1.55,53.08,NA,NA,NA,NA,NA,NA,NA,NA,NA,NA,NA,0.00,NA,NA,NA
2020-03-06 06:00:00,23.83,32.87,7.14,13.04,20.18,NA,NA,1.58,35.31,NA,NA,NA,NA,NA,NA,NA,NA,NA,NA,NA,0.00,NA,NA,NA
2020-03-06 07:00:00,20.79,28.10,7.22,13.62,20.84,NA,NA,1.61,29.78,NA,NA,NA,NA,NA,NA,NA,NA,NA,NA,NA,0.00,NA,NA,NA
2020-03-06 08:00:00,20.23,32.09,7.72,14.67,22.39,NA,NA,1.71,29.47,NA,NA,NA,NA,NA,NA,NA,NA,NA,NA,NA,0.00,NA,NA,NA
2020-03-06 09:00:00,19.30,30.55,9.96,15.86,25.82,NA,NA,1.72,37.50,NA,NA,NA,NA,NA,NA,NA,NA,NA,NA,NA,0.00,NA,NA,NA
2020-03-06 10:00:00,31.95,41.14,8.02,10.18,18.19,NA,NA,1.64,48.78,NA,NA,NA,NA,NA,NA,NA,NA,NA,NA,NA,0.00,NA,NA,NA
2020-03-06 11:00:00,17.00,19.99,8.02,10.56,18.58,NA,NA,1.60,54.84,NA,NA,NA,NA,NA,NA,NA,NA,NA,NA,NA,0.00,NA,NA,NA
2020-03-06 12:00:00,16.73,28.93,7.61,9.01,16.61,NA,NA,1.57,61.03,NA,NA,NA,NA,NA,NA,NA,NA,NA,NA,NA,0.00,NA,NA,NA
2020-03-06 13:00:00,21.93,35.43,7.42,8.50,15.92,NA,NA,1.59,60.07,NA,NA,NA,NA,NA,NA,NA,NA,NA,NA,NA,0.00,NA,NA,NA
2020-03-06 14:00:00,26.08,45.47,7.40,8.44,15.85,NA,NA,1.60,58.88,NA,NA,NA,NA,NA,NA,NA,NA,NA,NA,NA,0.00,NA,NA,NA
2020-03-06 15:00:00,25.34,39.75,7.28,8.88,16.15,NA,NA,1.61,57.73,NA,NA,NA,NA,NA,NA,NA,NA,NA,NA,NA,0.00,NA,NA,NA
2020-03-06 16:00:00,27.56,45.29,7.13,10.97,18.10,NA,NA,1.56,51.77,NA,NA,NA,NA,NA,NA,NA,NA,NA,NA,NA,0.00,NA,NA,NA
2020-03-06 17:00:00,9.98,8.24,7.14,10.68,17.82,NA,NA,1.51,49.39,NA,NA,NA,NA,NA,NA,NA,NA,NA,NA,NA,0.00,NA,NA,NA
2020-03-06 18:00:00,2.77,2.88,7.10,11.47,18.57,NA,NA,1.53,40.97,NA,NA,NA,NA,NA,NA,NA,NA,NA,NA,NA,0.00,NA,NA,NA
2020-03-06 19:00:00,13.62,18.60,7.43,21.04,28.47,NA,NA,1.69,30.50,NA,NA,NA,NA,NA,NA,NA,NA,NA,NA,NA,0.00,NA,NA,NA
2020-03-06 20:00:00,11.01,21.77,7.38,18.40,25.78,NA,NA,1.70,26.77,NA,NA,NA,NA,NA,NA,NA,NA,NA,NA,NA,0.00,NA,NA,NA
2020-03-06 21:00:00,14.56,24.54,7.28,20.06,27.34,NA,NA,1.72,28.50,NA,NA,NA,NA,NA,NA,NA,NA,NA,NA,NA,0.00,NA,NA,NA
2020-03-06 22:00:00,18.19,23.39,7.19,15.33,22.52,NA,NA,1.66,33.35,NA,NA,NA,NA,NA,NA,NA,NA,NA,NA,NA,0.00,NA,NA,NA
2020-03-06 23:00:00,16.23,17.28,7.17,11.41,18.58,NA,NA,1.62,37.04,NA,NA,NA,NA,NA,NA,NA,NA,NA,NA,NA,0.00,NA,NA,NA
2020-03-07 00:00:00,17.46,28.18,7.12,10.86,17.99,NA,NA,1.57,37.55,NA,NA,NA,NA,NA,NA,NA,NA,NA,NA,NA,0.00,NA,NA,NA
2020-03-07 01:00:00,21.59,32.25,7.15,9.87,17.02,NA,NA,1.57,38.34,NA,NA,NA,NA,NA,NA,NA,NA,NA,NA,NA,0.00,NA,NA,NA
2020-03-07 02:00:00,14.37,26.65,7.15,9.43,16.59,NA,NA,1.54,39.59,NA,NA,NA,NA,NA,NA,NA,NA,NA,NA,NA,0.00,NA,NA,NA
2020-03-07 03:00:00,20.34,29.36,7.80,12.31,20.11,NA,NA,1.53,32.09,NA,NA,NA,NA,NA,NA,NA,NA,NA,NA,NA,0.00,NA,NA,NA
2020-03-07 04:00:00,22.63,35.46,7.58,11.03,18.61,NA,NA,1.54,34.20,NA,NA,NA,NA,NA,NA,NA,NA,NA,NA,NA,0.00,NA,NA,NA
2020-03-07 05:00:00,22.49,39.65,7.17,9.72,16.89,NA,NA,1.51,35.98,NA,NA,NA,NA,NA,NA,NA,NA,NA,NA,NA,0.00,NA,NA,NA
2020-03-07 06:00:00,15.38,23.47,7.08,9.40,16.49,NA,NA,1.49,34.51,NA,NA,NA,NA,NA,NA,NA,NA,NA,NA,NA,0.00,NA,NA,NA
2020-03-07 07:00:00,13.46,28.55,7.34,12.93,20.27,NA,NA,1.53,29.60,NA,NA,NA,NA,NA,NA,NA,NA,NA,NA,NA,0.00,NA,NA,NA
2020-03-07 08:00:00,19.30,31.83,7.46,9.34,16.80,NA,NA,1.56,37.88,NA,NA,NA,NA,NA,NA,NA,NA,NA,NA,NA,0.00,NA,NA,NA
2020-03-07 09:00:00,27.35,42.82,7.43,8.60,16.03,NA,NA,1.59,41.94,NA,NA,NA,NA,NA,NA,NA,NA,NA,NA,NA,0.00,NA,NA,NA
2020-03-07 10:00:00,28.36,37.04,7.67,9.23,16.89,NA,NA,1.61,42.35,NA,NA,NA,NA,NA,NA,NA,NA,NA,NA,NA,0.00,NA,NA,NA
2020-03-07 11:00:00,33.38,130.17,7.57,9.10,16.68,NA,NA,1.59,46.55,NA,NA,NA,NA,NA,NA,NA,NA,NA,NA,NA,0.00,NA,NA,NA
2020-03-07 12:00:00,31.32,126.69,7.46,8.91,16.37,NA,NA,1.57,51.06,NA,NA,NA,NA,NA,NA,NA,NA,NA,NA,NA,0.00,NA,NA,NA
2020-03-07 13:00:00,33.98,48.31,7.38,8.86,16.24,NA,NA,1.61,53.40,NA,NA,NA,NA,NA,NA,NA,NA,NA,NA,NA,0.00,NA,NA,NA
2020-03-07 14:00:00,36.13,58.20,7.25,8.55,15.81,NA,NA,1.60,55.93,NA,NA,NA,NA,NA,NA,NA,NA,NA,NA,NA,0.00,NA,NA,NA
2020-03-07 15:00:00,32.13,60.75,7.18,8.48,15.66,NA,NA,1.63,55.82,NA,NA,NA,NA,NA,NA,NA,NA,NA,NA,NA,0.00,NA,NA,NA
2020-03-07 16:00:00,48.03,104.28,7.26,9.14,16.40,NA,NA,1.58,57.23,NA,NA,NA,NA,NA,NA,NA,NA,NA,NA,NA,0.00,NA,NA,NA
2020-03-07 17:00:00,46.89,87.41,7.39,9.14,16.54,NA,NA,1.60,57.17,NA,NA,NA,NA,NA,NA,NA,NA,NA,NA,NA,0.00,NA,NA,NA
2020-03-07 18:00:00,40.16,53.25,7.19,10.00,17.18,NA,NA,1.63,52.05,NA,NA,NA,NA,NA,NA,NA,NA,NA,NA,NA,0.00,NA,NA,NA
2020-03-07 19:00:00,37.06,59.61,7.20,15.55,22.74,NA,NA,1.58,35.43,NA,NA,NA,NA,NA,NA,NA,NA,NA,NA,NA,0.00,NA,NA,NA
2020-03-07 20:00:00,56.08,106.56,7.24,19.02,26.26,NA,NA,1.75,17.85,NA,NA,NA,NA,NA,NA,NA,NA,NA,NA,NA,0.00,NA,NA,NA
2020-03-07 21:00:00,72.47,144.15,7.49,14.63,22.12,NA,NA,1.80,8.97,NA,NA,NA,NA,NA,NA,NA,NA,NA,NA,NA,0.00,NA,NA,NA
2020-03-07 22:00:00,90.33,158.52,8.47,18.90,27.36,NA,NA,1.87,7.05,NA,NA,NA,NA,NA,NA,NA,NA,NA,NA,NA,0.00,NA,NA,NA
2020-03-07 23:00:00,NA,NA,NA,NA,NA,NA,NA,NA,NA,NA,NA,NA,NA,NA,NA,NA,NA,NA,NA,NA,0.00,NA,NA,NA
2020-03-08 00:00:00,NA,NA,NA,NA,NA,NA,NA,NA,NA,NA,NA,NA,NA,NA,NA,NA,NA,NA,NA,NA,0.00,NA,NA,NA
2020-03-08 01:00:00,NA,NA,NA,NA,NA,NA,NA,NA,NA,NA,NA,NA,NA,NA,NA,NA,NA,NA,NA,NA,0.00,NA,NA,NA
2020-03-08 02:00:00,NA,NA,NA,NA,NA,NA,NA,NA,NA,NA,NA,NA,NA,NA,NA,NA,NA,NA,NA,NA,0.00,NA,NA,NA
2020-03-08 03:00:00,NA,NA,NA,NA,NA,NA,NA,NA,NA,NA,NA,NA,NA,NA,NA,NA,NA,NA,NA,NA,0.00,NA,NA,NA
2020-03-08 04:00:00,NA,NA,NA,NA,NA,NA,NA,NA,NA,NA,NA,NA,NA,NA,NA,NA,NA,NA,NA,NA,0.00,NA,NA,NA
2020-03-08 05:00:00,NA,NA,NA,NA,NA,NA,NA,NA,NA,NA,NA,NA,NA,NA,NA,NA,NA,NA,NA,NA,0.00,NA,NA,NA
2020-03-08 06:00:00,NA,NA,NA,NA,NA,NA,NA,NA,NA,NA,NA,NA,NA,NA,NA,NA,NA,NA,NA,NA,0.00,NA,NA,NA
2020-03-08 07:00:00,NA,NA,NA,NA,NA,NA,NA,NA,NA,NA,NA,NA,NA,NA,NA,NA,NA,NA,NA,NA,0.00,NA,NA,NA
2020-03-08 08:00:00,NA,NA,NA,NA,NA,NA,NA,NA,NA,NA,NA,NA,NA,NA,NA,NA,NA,NA,NA,NA,0.00,NA,NA,NA
2020-03-08 09:00:00,70.11,114.37,49.60,16.53,66.56,NA,NA,2.17,18.36,NA,NA,NA,NA,NA,NA,NA,NA,NA,NA,NA,0.00,NA,NA,NA
2020-03-08 10:00:00,NA,NA,7.70,17.26,24.96,NA,NA,1.64,43.77,NA,NA,NA,NA,NA,NA,NA,NA,NA,NA,NA,0.00,NA,NA,NA
2020-03-08 11:00:00,22.95,71.52,8.91,23.45,32.36,NA,NA,1.70,60.42,NA,NA,NA,NA,NA,NA,NA,NA,NA,NA,NA,0.00,NA,NA,NA
2020-03-08 12:00:00,18.20,42.34,8.42,14.35,22.77,NA,NA,1.37,66.21,NA,NA,NA,NA,NA,NA,NA,NA,NA,NA,NA,0.00,NA,NA,NA
2020-03-08 13:00:00,8.99,43.91,7.05,11.14,18.19,NA,NA,1.35,75.33,NA,NA,NA,NA,NA,NA,NA,NA,NA,NA,NA,0.00,NA,NA,NA
2020-03-08 14:00:00,7.70,30.98,6.77,9.49,16.26,NA,NA,1.32,82.65,NA,NA,NA,NA,NA,NA,NA,NA,NA,NA,NA,0.00,NA,NA,NA
2020-03-08 15:00:00,6.37,52.63,6.81,10.37,17.18,NA,NA,1.39,90.82,NA,NA,NA,NA,NA,NA,NA,NA,NA,NA,NA,0.00,NA,NA,NA
2020-03-08 16:00:00,23.74,45.98,6.82,11.16,17.98,NA,NA,1.40,87.28,NA,NA,NA,NA,NA,NA,NA,NA,NA,NA,NA,0.00,NA,NA,NA
2020-03-08 17:00:00,4.59,45.03,6.89,9.86,16.75,NA,NA,1.33,71.91,NA,NA,NA,NA,NA,NA,NA,NA,NA,NA,NA,0.00,NA,NA,NA
2020-03-08 18:00:00,24.63,32.75,6.63,10.10,16.73,NA,NA,1.37,64.04,NA,NA,NA,NA,NA,NA,NA,NA,NA,NA,NA,0.00,NA,NA,NA
2020-03-08 19:00:00,19.13,51.92,6.66,14.02,20.68,NA,NA,1.39,45.07,NA,NA,NA,NA,NA,NA,NA,NA,NA,NA,NA,0.00,NA,NA,NA
2020-03-08 20:00:00,24.80,78.56,6.75,20.22,26.97,NA,NA,1.44,26.41,NA,NA,NA,NA,NA,NA,NA,NA,NA,NA,NA,0.00,NA,NA,NA
2020-03-08 21:00:00,44.61,111.24,6.85,21.43,28.28,NA,NA,1.45,23.55,NA,NA,NA,NA,NA,NA,NA,NA,NA,NA,NA,0.00,NA,NA,NA
2020-03-08 22:00:00,52.52,107.32,6.84,21.88,28.72,NA,NA,1.46,20.08,NA,NA,NA,NA,NA,NA,NA,NA,NA,NA,NA,0.00,NA,NA,NA
2020-03-08 23:00:00,45.03,103.37,6.77,18.16,24.93,NA,NA,1.35,23.57,NA,NA,NA,NA,NA,NA,NA,NA,NA,NA,NA,0.00,NA,NA,NA
2020-03-09 00:00:00,54.23,104.36,6.75,18.06,24.81,NA,NA,1.33,25.21,NA,NA,NA,NA,NA,NA,NA,NA,NA,NA,NA,0.00,NA,NA,NA
2020-03-09 01:00:00,86.22,143.57,6.85,17.06,23.92,NA,NA,1.36,23.63,NA,NA,NA,NA,NA,NA,NA,NA,NA,NA,NA,0.00,NA,NA,NA
2020-03-09 02:00:00,88.17,158.80,6.83,15.24,22.06,NA,NA,1.34,27.65,NA,NA,NA,NA,NA,NA,NA,NA,NA,NA,NA,0.00,NA,NA,NA
2020-03-09 03:00:00,64.49,106.67,6.73,15.05,21.79,NA,NA,1.27,28.28,NA,NA,NA,NA,NA,NA,NA,NA,NA,NA,NA,0.00,NA,NA,NA
2020-03-09 04:00:00,53.90,95.92,6.79,15.83,22.62,NA,NA,1.24,24.19,NA,NA,NA,NA,NA,NA,NA,NA,NA,NA,NA,0.00,NA,NA,NA
2020-03-09 05:00:00,47.21,98.00,6.88,17.17,24.05,NA,NA,1.28,20.73,NA,NA,NA,NA,NA,NA,NA,NA,NA,NA,NA,0.00,NA,NA,NA
2020-03-09 06:00:00,57.35,99.60,6.84,13.77,20.61,NA,NA,1.30,24.70,NA,NA,NA,NA,NA,NA,NA,NA,NA,NA,NA,0.00,NA,NA,NA
2020-03-09 07:00:00,74.02,114.90,7.58,14.64,22.22,NA,NA,1.34,24.65,NA,NA,NA,NA,NA,NA,NA,NA,NA,NA,NA,0.00,NA,NA,NA
2020-03-09 08:00:00,63.59,98.18,9.38,16.06,25.44,NA,NA,1.30,32.32,NA,NA,NA,NA,NA,NA,NA,NA,NA,NA,NA,0.00,NA,NA,NA
2020-03-09 09:00:00,23.57,57.72,9.51,16.61,26.13,NA,NA,1.21,41.22,NA,NA,NA,NA,NA,NA,NA,NA,NA,NA,NA,0.00,NA,NA,NA
2020-03-09 10:00:00,12.21,58.53,8.94,16.98,25.93,NA,NA,1.22,51.02,NA,NA,NA,NA,NA,NA,NA,NA,NA,NA,NA,0.00,NA,NA,NA
2020-03-09 11:00:00,5.65,83.60,7.57,12.55,20.12,NA,NA,1.05,63.52,NA,NA,NA,NA,NA,NA,NA,NA,NA,NA,NA,0.00,NA,NA,NA
2020-03-09 12:00:00,5.75,98.38,7.10,9.35,16.44,NA,NA,0.98,67.97,NA,NA,NA,NA,NA,NA,NA,NA,NA,NA,NA,0.00,NA,NA,NA
2020-03-09 13:00:00,9.40,95.50,7.05,8.82,15.88,NA,NA,0.98,68.67,NA,NA,NA,NA,NA,NA,NA,NA,NA,NA,NA,0.00,NA,NA,NA
2020-03-09 14:00:00,18.60,92.91,6.93,8.43,15.35,NA,NA,1.00,67.13,NA,NA,NA,NA,NA,NA,NA,NA,NA,NA,NA,0.00,NA,NA,NA
2020-03-09 15:00:00,21.44,92.16,6.94,8.41,15.35,NA,NA,1.02,67.54,NA,NA,NA,NA,NA,NA,NA,NA,NA,NA,NA,0.00,NA,NA,NA
2020-03-09 16:00:00,31.59,89.24,6.95,8.50,15.45,NA,NA,1.03,67.16,NA,NA,NA,NA,NA,NA,NA,NA,NA,NA,NA,0.00,NA,NA,NA
2020-03-09 17:00:00,29.56,86.76,6.93,8.33,15.27,NA,NA,1.03,67.43,NA,NA,NA,NA,NA,NA,NA,NA,NA,NA,NA,0.00,NA,NA,NA
2020-03-09 18:00:00,21.23,82.32,6.83,9.18,16.01,NA,NA,1.00,62.45,NA,NA,NA,NA,NA,NA,NA,NA,NA,NA,NA,0.00,NA,NA,NA
2020-03-09 19:00:00,29.29,92.53,6.76,12.60,19.36,NA,NA,1.08,51.44,NA,NA,NA,NA,NA,NA,NA,NA,NA,NA,NA,0.00,NA,NA,NA
2020-03-09 20:00:00,51.90,109.03,6.80,16.01,22.82,NA,NA,1.22,37.80,NA,NA,NA,NA,NA,NA,NA,NA,NA,NA,NA,0.00,NA,NA,NA
2020-03-09 21:00:00,72.95,143.80,6.84,19.05,25.89,NA,NA,1.37,32.64,NA,NA,NA,NA,NA,NA,NA,NA,NA,NA,NA,0.00,NA,NA,NA
2020-03-09 22:00:00,78.80,139.43,6.91,18.89,25.80,NA,NA,1.47,27.92,NA,NA,NA,NA,NA,NA,NA,NA,NA,NA,NA,0.00,NA,NA,NA
2020-03-09 23:00:00,87.75,167.87,7.26,22.39,29.65,NA,NA,1.53,12.24,NA,NA,NA,NA,NA,NA,NA,NA,NA,NA,NA,0.00,NA,NA,NA
2020-03-10 00:00:00,98.79,208.56,9.37,24.56,33.93,NA,NA,1.81,5.96,NA,NA,NA,NA,NA,NA,NA,NA,NA,NA,NA,0.00,NA,NA,NA
2020-03-10 01:00:00,135.67,244.45,7.07,20.85,27.92,NA,NA,1.63,18.87,NA,NA,NA,NA,NA,NA,NA,NA,NA,NA,NA,0.00,NA,NA,NA
2020-03-10 02:00:00,155.07,235.42,7.01,18.35,25.37,NA,NA,1.42,23.86,NA,NA,NA,NA,NA,NA,NA,NA,NA,NA,NA,0.00,NA,NA,NA
2020-03-10 03:00:00,120.27,202.50,7.04,19.31,26.35,NA,NA,1.48,18.48,NA,NA,NA,NA,NA,NA,NA,NA,NA,NA,NA,0.00,NA,NA,NA
2020-03-10 04:00:00,111.26,197.75,7.33,21.87,29.20,NA,NA,1.50,12.44,NA,NA,NA,NA,NA,NA,NA,NA,NA,NA,NA,0.00,NA,NA,NA
2020-03-10 05:00:00,89.37,178.92,7.53,23.84,31.37,NA,NA,1.51,9.52,NA,NA,NA,NA,NA,NA,NA,NA,NA,NA,NA,0.00,NA,NA,NA
2020-03-10 06:00:00,85.10,157.47,7.50,20.58,28.08,NA,NA,1.27,11.93,NA,NA,NA,NA,NA,NA,NA,NA,NA,NA,NA,0.00,NA,NA,NA
2020-03-10 07:00:00,73.84,132.53,9.12,15.94,25.05,NA,NA,1.45,14.45,NA,NA,NA,NA,NA,NA,NA,NA,NA,NA,NA,0.00,NA,NA,NA
2020-03-10 08:00:00,104.16,157.32,10.13,19.87,30.00,NA,NA,1.66,29.38,NA,NA,NA,NA,NA,NA,NA,NA,NA,NA,NA,0.00,NA,NA,NA
2020-03-10 09:00:00,68.92,115.78,8.56,17.17,25.74,NA,NA,1.43,54.15,NA,NA,NA,NA,NA,NA,NA,NA,NA,NA,NA,0.00,NA,NA,NA
2020-03-10 10:00:00,31.67,81.36,7.51,13.74,21.25,NA,NA,1.27,63.87,NA,NA,NA,NA,NA,NA,NA,NA,NA,NA,NA,0.00,NA,NA,NA
2020-03-10 11:00:00,49.84,115.54,7.29,13.12,20.41,NA,NA,1.41,80.96,NA,NA,NA,NA,NA,NA,NA,NA,NA,NA,NA,0.00,NA,NA,NA
2020-03-10 12:00:00,73.15,133.77,7.03,12.26,19.29,NA,NA,1.44,92.65,NA,NA,NA,NA,NA,NA,NA,NA,NA,NA,NA,0.00,NA,NA,NA
2020-03-10 13:00:00,63.59,120.84,6.93,11.03,17.96,NA,NA,1.36,91.38,NA,NA,NA,NA,NA,NA,NA,NA,NA,NA,NA,0.00,NA,NA,NA
2020-03-10 14:00:00,64.57,123.96,6.96,10.13,17.09,NA,NA,1.31,89.94,NA,NA,NA,NA,NA,NA,NA,NA,NA,NA,NA,0.00,NA,NA,NA
2020-03-10 15:00:00,53.95,118.79,6.94,9.43,16.37,NA,NA,1.26,87.18,NA,NA,NA,NA,NA,NA,NA,NA,NA,NA,NA,0.00,NA,NA,NA
2020-03-10 16:00:00,40.32,92.88,6.93,8.81,15.74,NA,NA,1.22,82.72,NA,NA,NA,NA,NA,NA,NA,NA,NA,NA,NA,0.00,NA,NA,NA
2020-03-10 17:00:00,39.25,84.22,6.88,8.39,15.27,NA,NA,1.20,78.08,NA,NA,NA,NA,NA,NA,NA,NA,NA,NA,NA,0.00,NA,NA,NA
2020-03-10 18:00:00,37.14,85.84,6.85,9.63,16.49,NA,NA,1.21,64.35,NA,NA,NA,NA,NA,NA,NA,NA,NA,NA,NA,0.00,NA,NA,NA
2020-03-10 19:00:00,31.18,83.03,6.87,10.78,17.65,NA,NA,1.21,46.98,NA,NA,NA,NA,NA,NA,NA,NA,NA,NA,NA,0.00,NA,NA,NA
2020-03-10 20:00:00,35.18,94.89,6.89,12.09,18.98,NA,NA,1.31,44.02,NA,NA,NA,NA,NA,NA,NA,NA,NA,NA,NA,0.00,NA,NA,NA
2020-03-10 21:00:00,52.55,153.93,6.95,10.32,17.27,NA,NA,1.33,27.47,NA,NA,NA,NA,NA,NA,NA,NA,NA,NA,NA,0.00,NA,NA,NA
2020-03-10 22:00:00,38.80,163.78,6.95,8.89,15.84,NA,NA,1.29,24.68,NA,NA,NA,NA,NA,NA,NA,NA,NA,NA,NA,0.00,NA,NA,NA
2020-03-10 23:00:00,51.72,80.80,6.92,10.90,17.82,NA,NA,1.41,30.53,NA,NA,NA,NA,NA,NA,NA,NA,NA,NA,NA,0.00,NA,NA,NA
2020-03-11 00:00:00,64.52,92.91,6.93,12.87,19.80,NA,NA,1.46,25.76,NA,NA,NA,NA,NA,NA,NA,NA,NA,NA,NA,0.00,NA,NA,NA
2020-03-11 01:00:00,51.53,98.26,7.20,13.01,20.20,NA,NA,1.42,22.61,NA,NA,NA,NA,NA,NA,NA,NA,NA,NA,NA,0.00,NA,NA,NA
2020-03-11 02:00:00,55.67,100.40,7.68,18.92,26.60,NA,NA,1.55,18.33,NA,NA,NA,NA,NA,NA,NA,NA,NA,NA,NA,0.00,NA,NA,NA
2020-03-11 03:00:00,54.71,106.30,7.61,14.83,22.44,NA,NA,1.45,23.67,NA,NA,NA,NA,NA,NA,NA,NA,NA,NA,NA,0.00,NA,NA,NA
2020-03-11 04:00:00,52.36,96.47,7.25,11.79,19.05,NA,NA,1.41,23.65,NA,NA,NA,NA,NA,NA,NA,NA,NA,NA,NA,0.00,NA,NA,NA
2020-03-11 05:00:00,63.49,102.89,7.12,10.51,17.63,NA,NA,1.44,31.86,NA,NA,NA,NA,NA,NA,NA,NA,NA,NA,NA,0.00,NA,NA,NA
2020-03-11 06:00:00,58.16,89.76,6.98,8.91,15.89,NA,NA,1.43,39.32,NA,NA,NA,NA,NA,NA,NA,NA,NA,NA,NA,0.00,NA,NA,NA
2020-03-11 07:00:00,57.01,81.77,7.16,9.43,16.59,NA,NA,1.42,39.79,NA,NA,NA,NA,NA,NA,NA,NA,NA,NA,NA,0.00,NA,NA,NA
2020-03-11 08:00:00,50.88,72.96,7.68,11.99,19.67,NA,NA,1.47,45.95,NA,NA,NA,NA,NA,NA,NA,NA,NA,NA,NA,0.00,NA,NA,NA
2020-03-11 09:00:00,57.38,84.12,7.71,11.90,19.61,NA,NA,1.42,59.73,NA,NA,NA,NA,NA,NA,NA,NA,NA,NA,NA,0.00,NA,NA,NA
2020-03-11 10:00:00,59.82,102.03,8.52,15.58,24.10,NA,NA,1.42,60.55,NA,NA,NA,NA,NA,NA,NA,NA,NA,NA,NA,0.00,NA,NA,NA
2020-03-11 11:00:00,54.97,96.99,7.27,10.45,17.72,NA,NA,1.38,75.16,NA,NA,NA,NA,NA,NA,NA,NA,NA,NA,NA,0.00,NA,NA,NA
2020-03-11 12:00:00,57.27,111.88,7.09,9.42,16.51,NA,NA,1.37,76.13,NA,NA,NA,NA,NA,NA,NA,NA,NA,NA,NA,0.00,NA,NA,NA
2020-03-11 13:00:00,52.37,100.14,7.05,8.48,15.53,NA,NA,1.37,72.80,NA,NA,NA,NA,NA,NA,NA,NA,NA,NA,NA,0.00,NA,NA,NA
2020-03-11 14:00:00,47.49,96.81,6.94,8.14,15.09,NA,NA,1.34,72.20,NA,NA,NA,NA,NA,NA,NA,NA,NA,NA,NA,0.00,NA,NA,NA
2020-03-11 15:00:00,45.97,92.38,7.01,7.63,14.64,NA,NA,1.33,73.10,NA,NA,NA,NA,NA,NA,NA,NA,NA,NA,NA,0.00,NA,NA,NA
2020-03-11 16:00:00,38.40,86.81,6.91,7.54,14.46,NA,NA,1.35,74.03,NA,NA,NA,NA,NA,NA,NA,NA,NA,NA,NA,0.00,NA,NA,NA
2020-03-11 17:00:00,44.45,80.45,6.90,7.68,14.58,NA,NA,1.37,73.67,NA,NA,NA,NA,NA,NA,NA,NA,NA,NA,NA,0.00,NA,NA,NA
2020-03-11 18:00:00,47.67,85.59,6.93,9.45,16.38,NA,NA,1.39,67.37,NA,NA,NA,NA,NA,NA,NA,NA,NA,NA,NA,0.00,NA,NA,NA
2020-03-11 19:00:00,47.85,94.41,6.87,10.71,17.58,NA,NA,1.48,54.41,NA,NA,NA,NA,NA,NA,NA,NA,NA,NA,NA,0.00,NA,NA,NA
2020-03-11 20:00:00,51.49,91.10,6.86,10.16,17.02,NA,NA,1.49,53.65,NA,NA,NA,NA,NA,NA,NA,NA,NA,NA,NA,0.00,NA,NA,NA
2020-03-11 21:00:00,52.18,87.27,6.88,9.17,16.05,NA,NA,1.46,54.49,NA,NA,NA,NA,NA,NA,NA,NA,NA,NA,NA,0.00,NA,NA,NA
2020-03-11 22:00:00,60.35,92.94,6.91,9.49,16.40,NA,NA,1.47,42.38,NA,NA,NA,NA,NA,NA,NA,NA,NA,NA,NA,0.00,NA,NA,NA
2020-03-11 23:00:00,45.96,68.94,6.97,10.28,17.25,NA,NA,1.45,39.81,NA,NA,NA,NA,NA,NA,NA,NA,NA,NA,NA,0.00,NA,NA,NA
2020-03-12 00:00:00,52.45,74.65,6.93,9.15,16.09,NA,NA,1.49,36.38,NA,NA,NA,NA,NA,NA,NA,NA,NA,NA,NA,0.00,NA,NA,NA
2020-03-12 01:00:00,54.92,100.51,7.09,9.58,16.67,NA,NA,1.47,28.21,NA,NA,NA,NA,NA,NA,NA,NA,NA,NA,NA,0.00,NA,NA,NA
2020-03-12 02:00:00,38.59,151.74,6.89,9.25,16.15,NA,NA,1.35,42.83,NA,NA,NA,NA,NA,NA,NA,NA,NA,NA,NA,0.00,NA,NA,NA
2020-03-12 03:00:00,34.67,190.85,6.94,11.31,18.25,NA,NA,1.39,30.45,NA,NA,NA,NA,NA,NA,NA,NA,NA,NA,NA,0.00,NA,NA,NA
2020-03-12 04:00:00,28.62,172.43,7.23,13.71,20.94,NA,NA,1.43,18.56,NA,NA,NA,NA,NA,NA,NA,NA,NA,NA,NA,0.00,NA,NA,NA
2020-03-12 05:00:00,34.70,177.89,7.33,15.81,23.14,NA,NA,1.44,13.52,NA,NA,NA,NA,NA,NA,NA,NA,NA,NA,NA,0.00,NA,NA,NA
2020-03-12 06:00:00,35.96,188.88,7.68,13.69,21.36,NA,NA,1.44,9.10,NA,NA,NA,NA,NA,NA,NA,NA,NA,NA,NA,0.00,NA,NA,NA
2020-03-12 07:00:00,36.72,163.01,10.84,14.41,25.27,NA,NA,1.59,8.18,NA,NA,NA,NA,NA,NA,NA,NA,NA,NA,NA,0.00,NA,NA,NA
2020-03-12 08:00:00,66.75,200.82,13.80,22.85,36.67,NA,NA,1.84,15.35,NA,NA,NA,NA,NA,NA,NA,NA,NA,NA,NA,0.00,NA,NA,NA
2020-03-12 09:00:00,79.41,171.97,10.68,19.82,30.47,NA,NA,1.68,36.68,NA,NA,NA,NA,NA,NA,NA,NA,NA,NA,NA,0.00,NA,NA,NA
2020-03-12 10:00:00,78.53,162.32,8.44,14.19,22.62,NA,NA,1.66,49.38,NA,NA,NA,NA,NA,NA,NA,NA,NA,NA,NA,0.00,NA,NA,NA
2020-03-12 11:00:00,93.12,164.75,8.01,13.12,21.12,NA,NA,1.57,57.37,NA,NA,NA,NA,NA,NA,NA,NA,NA,NA,NA,0.00,NA,NA,NA
2020-03-12 12:00:00,53.79,143.90,7.19,8.56,15.74,NA,NA,1.38,63.98,NA,NA,NA,NA,NA,NA,NA,NA,NA,NA,NA,0.00,NA,NA,NA
2020-03-12 13:00:00,43.47,122.07,7.12,8.05,15.17,NA,NA,1.36,67.85,NA,NA,NA,NA,NA,NA,NA,NA,NA,NA,NA,0.00,NA,NA,NA
2020-03-12 14:00:00,29.01,93.81,7.06,7.06,14.12,NA,NA,1.28,65.15,NA,NA,NA,NA,NA,NA,NA,NA,NA,NA,NA,0.00,NA,NA,NA
2020-03-12 15:00:00,23.69,91.79,6.99,7.07,14.06,NA,NA,1.27,64.53,NA,NA,NA,NA,NA,NA,NA,NA,NA,NA,NA,0.00,NA,NA,NA
2020-03-12 16:00:00,21.92,93.02,6.98,6.96,13.94,NA,NA,1.27,65.67,NA,NA,NA,NA,NA,NA,NA,NA,NA,NA,NA,0.00,NA,NA,NA
2020-03-12 17:00:00,23.98,93.91,6.91,7.41,14.32,NA,NA,1.24,65.49,NA,NA,NA,NA,NA,NA,NA,NA,NA,NA,NA,0.00,NA,NA,NA
2020-03-12 18:00:00,22.84,92.49,6.93,8.09,15.02,NA,NA,1.28,59.11,NA,NA,NA,NA,NA,NA,NA,NA,NA,NA,NA,0.00,NA,NA,NA
2020-03-12 19:00:00,28.89,128.54,7.05,18.68,25.75,NA,NA,1.44,42.13,NA,NA,NA,NA,NA,NA,NA,NA,NA,NA,NA,0.00,NA,NA,NA
2020-03-12 20:00:00,73.75,187.86,7.12,28.99,36.12,NA,NA,1.82,22.52,NA,NA,NA,NA,NA,NA,NA,NA,NA,NA,NA,0.00,NA,NA,NA
2020-03-12 21:00:00,81.12,183.79,7.21,27.10,34.31,NA,NA,1.77,19.84,NA,NA,NA,NA,NA,NA,NA,NA,NA,NA,NA,0.00,NA,NA,NA
2020-03-12 22:00:00,59.77,160.03,7.15,25.73,32.88,NA,NA,1.78,20.89,NA,NA,NA,NA,NA,NA,NA,NA,NA,NA,NA,0.00,NA,NA,NA
2020-03-12 23:00:00,67.67,147.05,7.22,29.76,36.99,NA,NA,1.78,16.10,NA,NA,NA,NA,NA,NA,NA,NA,NA,NA,NA,0.00,NA,NA,NA
2020-03-13 00:00:00,72.27,187.31,7.21,25.46,32.67,NA,NA,1.78,17.62,NA,NA,NA,NA,NA,NA,NA,NA,NA,NA,NA,0.00,NA,NA,NA
2020-03-13 01:00:00,86.33,209.94,7.72,22.41,30.12,NA,NA,1.61,13.56,NA,NA,NA,NA,NA,NA,NA,NA,NA,NA,NA,0.00,NA,NA,NA
2020-03-13 02:00:00,90.93,203.68,7.30,16.69,23.99,NA,NA,1.59,15.81,NA,NA,NA,NA,NA,NA,NA,NA,NA,NA,NA,0.00,NA,NA,NA
2020-03-13 03:00:00,67.24,170.79,8.78,20.60,29.38,NA,NA,1.52,9.57,NA,NA,NA,NA,NA,NA,NA,NA,NA,NA,NA,0.00,NA,NA,NA
2020-03-13 04:00:00,48.26,209.49,12.65,21.75,34.40,NA,NA,1.50,7.01,NA,NA,NA,NA,NA,NA,NA,NA,NA,NA,NA,0.00,NA,NA,NA
2020-03-13 05:00:00,55.03,177.88,7.73,15.98,23.72,NA,NA,1.37,12.79,NA,NA,NA,NA,NA,NA,NA,NA,NA,NA,NA,0.00,NA,NA,NA
2020-03-13 06:00:00,42.50,120.64,8.91,16.58,25.49,NA,NA,1.38,7.19,NA,NA,NA,NA,NA,NA,NA,NA,NA,NA,NA,0.00,NA,NA,NA
2020-03-13 07:00:00,31.13,117.02,8.32,15.37,23.69,NA,NA,1.39,20.49,NA,NA,NA,NA,NA,NA,NA,NA,NA,NA,NA,0.00,NA,NA,NA
2020-03-13 08:00:00,41.49,130.90,10.91,19.55,30.45,NA,NA,1.48,24.60,NA,NA,NA,NA,NA,NA,NA,NA,NA,NA,NA,0.00,NA,NA,NA
2020-03-13 09:00:00,69.90,197.78,10.69,20.35,31.05,NA,NA,1.54,35.55,NA,NA,NA,NA,NA,NA,NA,NA,NA,NA,NA,0.00,NA,NA,NA
2020-03-13 10:00:00,67.43,198.99,9.90,20.44,30.33,NA,NA,1.50,45.26,NA,NA,NA,NA,NA,NA,NA,NA,NA,NA,NA,0.00,NA,NA,NA
2020-03-13 11:00:00,53.46,181.98,8.27,15.98,24.25,NA,NA,1.41,55.39,NA,NA,NA,NA,NA,NA,NA,NA,NA,NA,NA,0.00,NA,NA,NA
2020-03-13 12:00:00,44.42,210.95,7.33,11.47,18.80,NA,NA,1.29,65.25,NA,NA,NA,NA,NA,NA,NA,NA,NA,NA,NA,0.00,NA,NA,NA
2020-03-13 13:00:00,44.72,279.77,7.33,12.45,19.78,NA,NA,1.32,78.28,NA,NA,NA,NA,NA,NA,NA,NA,NA,NA,NA,0.00,NA,NA,NA
2020-03-13 14:00:00,40.49,284.64,7.10,9.76,16.86,NA,NA,1.27,82.19,NA,NA,NA,NA,NA,NA,NA,NA,NA,NA,NA,0.00,NA,NA,NA
2020-03-13 15:00:00,28.28,249.06,7.07,8.68,15.75,NA,NA,1.22,78.04,NA,NA,NA,NA,NA,NA,NA,NA,NA,NA,NA,0.00,NA,NA,NA
2020-03-13 16:00:00,30.03,214.02,7.20,9.85,17.05,NA,NA,1.25,75.47,NA,NA,NA,NA,NA,NA,NA,NA,NA,NA,NA,0.00,NA,NA,NA
2020-03-13 17:00:00,39.11,294.11,7.15,11.49,18.64,NA,NA,1.29,65.72,NA,NA,NA,NA,NA,NA,NA,NA,NA,NA,NA,0.00,NA,NA,NA
2020-03-13 18:00:00,43.81,310.62,7.04,13.63,20.67,NA,NA,1.37,57.23,NA,NA,NA,NA,NA,NA,NA,NA,NA,NA,NA,0.00,NA,NA,NA
2020-03-13 19:00:00,52.82,278.63,7.02,17.85,24.87,NA,NA,1.53,41.16,NA,NA,NA,NA,NA,NA,NA,NA,NA,NA,NA,0.00,NA,NA,NA
2020-03-13 20:00:00,41.35,124.48,7.04,13.08,20.12,NA,NA,1.46,42.13,NA,NA,NA,NA,NA,NA,NA,NA,NA,NA,NA,0.00,NA,NA,NA
2020-03-13 21:00:00,30.27,64.17,6.99,11.85,18.84,NA,NA,1.43,38.36,NA,NA,NA,NA,NA,NA,NA,NA,NA,NA,NA,0.00,NA,NA,NA
2020-03-13 22:00:00,34.00,52.69,7.02,10.54,17.56,NA,NA,1.42,26.78,NA,NA,NA,NA,NA,NA,NA,NA,NA,NA,NA,0.00,NA,NA,NA
2020-03-13 23:00:00,26.41,47.55,7.18,12.81,19.98,NA,NA,1.43,15.47,NA,NA,NA,NA,NA,NA,NA,NA,NA,NA,NA,0.00,NA,NA,NA
2020-03-14 00:00:00,27.38,49.43,7.14,13.64,20.78,NA,NA,1.46,17.56,NA,NA,NA,NA,NA,NA,NA,NA,NA,NA,NA,0.00,NA,NA,NA
2020-03-14 01:00:00,32.59,62.52,7.13,16.08,23.21,NA,NA,1.51,20.31,NA,NA,NA,NA,NA,NA,NA,NA,NA,NA,NA,0.00,NA,NA,NA
2020-03-14 02:00:00,24.31,55.43,6.98,10.34,17.32,NA,NA,1.40,26.88,NA,NA,NA,NA,NA,NA,NA,NA,NA,NA,NA,0.00,NA,NA,NA
2020-03-14 03:00:00,30.59,50.44,7.09,10.23,17.33,NA,NA,1.41,21.42,NA,NA,NA,NA,NA,NA,NA,NA,NA,NA,NA,0.00,NA,NA,NA
2020-03-14 04:00:00,22.00,44.37,7.12,9.57,16.70,NA,NA,1.40,21.75,NA,NA,NA,NA,NA,NA,NA,NA,NA,NA,NA,0.00,NA,NA,NA
2020-03-14 05:00:00,27.15,42.80,7.14,9.70,16.84,NA,NA,1.40,12.85,NA,NA,NA,NA,NA,NA,NA,NA,NA,NA,NA,0.00,NA,NA,NA
2020-03-14 06:00:00,25.32,45.95,7.30,10.08,17.37,NA,NA,1.43,12.29,NA,NA,NA,NA,NA,NA,NA,NA,NA,NA,NA,0.00,NA,NA,NA
2020-03-14 07:00:00,23.21,43.18,7.63,10.91,18.54,NA,NA,1.45,16.63,NA,NA,NA,NA,NA,NA,NA,NA,NA,NA,NA,0.00,NA,NA,NA
2020-03-14 08:00:00,30.01,57.40,8.91,12.08,20.99,NA,NA,1.50,18.07,NA,NA,NA,NA,NA,NA,NA,NA,NA,NA,NA,0.00,NA,NA,NA
2020-03-14 09:00:00,36.25,67.52,8.59,11.26,19.86,NA,NA,1.50,25.53,NA,NA,NA,NA,NA,NA,NA,NA,NA,NA,NA,0.00,NA,NA,NA
2020-03-14 10:00:00,38.64,56.84,8.73,12.11,20.84,NA,NA,1.51,32.56,NA,NA,NA,NA,NA,NA,NA,NA,NA,NA,NA,0.00,NA,NA,NA
2020-03-14 11:00:00,49.66,104.84,7.99,10.79,18.78,NA,NA,1.49,42.94,NA,NA,NA,NA,NA,NA,NA,NA,NA,NA,NA,0.00,NA,NA,NA
2020-03-14 12:00:00,48.64,94.39,7.47,9.26,16.73,NA,NA,1.43,48.30,NA,NA,NA,NA,NA,NA,NA,NA,NA,NA,NA,0.00,NA,NA,NA
2020-03-14 13:00:00,39.27,90.02,7.22,7.93,15.14,NA,NA,1.19,56.17,NA,NA,NA,NA,NA,NA,NA,NA,NA,NA,NA,0.00,NA,NA,NA
2020-03-14 14:00:00,43.20,124.17,7.22,8.27,15.49,NA,NA,1.17,59.97,NA,NA,NA,NA,NA,NA,NA,NA,NA,NA,NA,0.00,NA,NA,NA
2020-03-14 15:00:00,53.62,142.86,7.30,9.62,16.92,NA,NA,1.21,71.01,NA,NA,NA,NA,NA,NA,NA,NA,NA,NA,NA,0.00,NA,NA,NA
2020-03-14 16:00:00,45.09,168.93,7.86,14.17,22.03,NA,NA,1.30,61.70,NA,NA,NA,NA,NA,NA,NA,NA,NA,NA,NA,0.00,NA,NA,NA
2020-03-14 17:00:00,59.82,124.84,7.50,17.60,25.10,NA,NA,1.45,55.41,NA,NA,NA,NA,NA,NA,NA,NA,NA,NA,NA,0.00,NA,NA,NA
2020-03-14 18:00:00,61.18,151.15,7.14,13.53,20.67,NA,NA,1.32,54.68,NA,NA,NA,NA,NA,NA,NA,NA,NA,NA,NA,0.00,NA,NA,NA
2020-03-14 19:00:00,54.66,170.77,7.04,14.70,21.74,NA,NA,1.40,40.88,NA,NA,NA,NA,NA,NA,NA,NA,NA,NA,NA,0.00,NA,NA,NA
2020-03-14 20:00:00,64.15,151.26,7.14,16.52,23.67,NA,NA,1.61,22.50,NA,NA,NA,NA,NA,NA,NA,NA,NA,NA,NA,0.00,NA,NA,NA
2020-03-14 21:00:00,95.38,172.42,7.28,18.86,26.14,NA,NA,1.71,13.47,NA,NA,NA,NA,NA,NA,NA,NA,NA,NA,NA,0.00,NA,NA,NA
2020-03-14 22:00:00,72.00,138.34,8.11,25.37,33.48,NA,NA,1.85,6.39,NA,NA,NA,NA,NA,NA,NA,NA,NA,NA,NA,0.00,NA,NA,NA
2020-03-14 23:00:00,61.82,151.58,12.69,30.73,43.40,NA,NA,2.05,4.81,NA,NA,NA,NA,NA,NA,NA,NA,NA,NA,NA,0.00,NA,NA,NA
2020-03-15 00:00:00,67.58,136.00,11.12,32.98,44.12,NA,NA,1.86,5.48,NA,NA,NA,NA,NA,NA,NA,NA,NA,NA,NA,0.00,NA,NA,NA
2020-03-15 01:00:00,63.92,119.10,8.27,17.42,25.69,NA,NA,1.59,7.11,NA,NA,NA,NA,NA,NA,NA,NA,NA,NA,NA,0.00,NA,NA,NA
2020-03-15 02:00:00,47.86,96.90,11.38,15.83,27.19,NA,NA,1.48,5.76,NA,NA,NA,NA,NA,NA,NA,NA,NA,NA,NA,0.00,NA,NA,NA
2020-03-15 03:00:00,52.42,162.97,30.42,24.87,55.28,NA,NA,1.52,5.30,NA,NA,NA,NA,NA,NA,NA,NA,NA,NA,NA,0.00,NA,NA,NA
2020-03-15 04:00:00,50.22,121.66,27.26,24.61,51.86,NA,NA,1.57,5.15,NA,NA,NA,NA,NA,NA,NA,NA,NA,NA,NA,0.00,NA,NA,NA
2020-03-15 05:00:00,58.52,121.10,22.38,20.61,43.01,NA,NA,1.65,5.22,NA,NA,NA,NA,NA,NA,NA,NA,NA,NA,NA,0.00,NA,NA,NA
2020-03-15 06:00:00,52.32,121.46,16.21,20.86,37.07,NA,NA,1.62,5.08,NA,NA,NA,NA,NA,NA,NA,NA,NA,NA,NA,0.00,NA,NA,NA
2020-03-15 07:00:00,69.63,144.72,21.65,24.19,45.83,NA,NA,1.67,6.00,NA,NA,NA,NA,NA,NA,NA,NA,NA,NA,NA,0.00,NA,NA,NA
2020-03-15 08:00:00,71.97,160.53,22.14,34.68,56.83,NA,NA,1.76,11.19,NA,NA,NA,NA,NA,NA,NA,NA,NA,NA,NA,0.00,NA,NA,NA
2020-03-15 09:00:00,63.06,164.94,10.59,19.82,30.42,NA,NA,1.39,36.07,NA,NA,NA,NA,NA,NA,NA,NA,NA,NA,NA,0.00,NA,NA,NA
2020-03-15 10:00:00,50.59,144.07,9.83,20.27,30.10,NA,NA,1.29,50.35,NA,NA,NA,NA,NA,NA,NA,NA,NA,NA,NA,0.00,NA,NA,NA
2020-03-15 11:00:00,48.65,126.88,9.30,21.57,30.87,NA,NA,1.27,61.30,NA,NA,NA,NA,NA,NA,NA,NA,NA,NA,NA,0.00,NA,NA,NA
2020-03-15 12:00:00,44.37,100.35,7.39,11.66,19.05,NA,NA,1.05,70.87,NA,NA,NA,NA,NA,NA,NA,NA,NA,NA,NA,0.00,NA,NA,NA
2020-03-15 13:00:00,29.12,83.78,7.14,9.12,16.27,NA,NA,0.98,73.62,NA,NA,NA,NA,NA,NA,NA,NA,NA,NA,NA,0.00,NA,NA,NA
2020-03-15 14:00:00,25.69,81.27,7.20,7.93,15.12,NA,NA,0.95,70.43,NA,NA,NA,NA,NA,NA,NA,NA,NA,NA,NA,0.00,NA,NA,NA
2020-03-15 15:00:00,23.16,82.89,7.15,8.00,15.15,NA,NA,0.95,71.12,NA,NA,NA,NA,NA,NA,NA,NA,NA,NA,NA,0.00,NA,NA,NA
2020-03-15 16:00:00,31.93,76.82,7.11,7.83,14.94,NA,NA,0.94,74.41,NA,NA,NA,NA,NA,NA,NA,NA,NA,NA,NA,0.00,NA,NA,NA
2020-03-15 17:00:00,24.65,68.34,7.04,7.90,14.94,NA,NA,0.95,75.64,NA,NA,NA,NA,NA,NA,NA,NA,NA,NA,NA,0.00,NA,NA,NA
2020-03-15 18:00:00,27.75,77.45,7.04,9.28,16.32,NA,NA,0.98,57.47,NA,NA,NA,NA,NA,NA,NA,NA,NA,NA,NA,0.00,NA,NA,NA
2020-03-15 19:00:00,37.85,98.15,7.05,16.79,23.84,NA,NA,1.22,56.09,NA,NA,NA,NA,NA,NA,NA,NA,NA,NA,NA,0.00,NA,NA,NA
2020-03-15 20:00:00,79.49,171.02,7.10,19.00,26.10,NA,NA,1.33,57.71,NA,NA,NA,NA,NA,NA,NA,NA,NA,NA,NA,0.00,NA,NA,NA
2020-03-15 21:00:00,93.74,175.64,7.13,20.45,27.57,NA,NA,1.41,40.16,NA,NA,NA,NA,NA,NA,NA,NA,NA,NA,NA,0.00,NA,NA,NA
2020-03-15 22:00:00,105.10,189.76,7.20,20.49,27.69,NA,NA,1.44,31.51,NA,NA,NA,NA,NA,NA,NA,NA,NA,NA,NA,0.00,NA,NA,NA
2020-03-15 23:00:00,94.08,175.89,7.23,20.87,28.09,NA,NA,1.42,24.12,NA,NA,NA,NA,NA,NA,NA,NA,NA,NA,NA,0.00,NA,NA,NA
2020-03-16 00:00:00,86.50,176.28,7.20,19.26,26.46,NA,NA,1.35,22.30,NA,NA,NA,NA,NA,NA,NA,NA,NA,NA,NA,0.00,NA,NA,NA
2020-03-16 01:00:00,72.19,174.21,7.43,18.24,25.68,NA,NA,1.33,17.95,NA,NA,NA,NA,NA,NA,NA,NA,NA,NA,NA,0.00,NA,NA,NA
2020-03-16 02:00:00,69.55,156.91,7.66,19.47,27.13,NA,NA,1.31,11.21,NA,NA,NA,NA,NA,NA,NA,NA,NA,NA,NA,0.00,NA,NA,NA
2020-03-16 03:00:00,53.81,134.34,7.87,21.34,29.22,NA,NA,1.26,10.38,NA,NA,NA,NA,NA,NA,NA,NA,NA,NA,NA,0.00,NA,NA,NA
2020-03-16 04:00:00,56.88,120.90,7.67,18.56,26.23,NA,NA,1.22,13.49,NA,NA,NA,NA,NA,NA,NA,NA,NA,NA,NA,0.00,NA,NA,NA
2020-03-16 05:00:00,47.35,110.68,7.47,18.04,25.51,NA,NA,1.21,19.36,NA,NA,NA,NA,NA,NA,NA,NA,NA,NA,NA,0.00,NA,NA,NA
2020-03-16 06:00:00,61.14,130.18,10.97,24.34,35.31,NA,NA,1.09,10.96,NA,NA,NA,NA,NA,NA,NA,NA,NA,NA,NA,0.00,NA,NA,NA
2020-03-16 07:00:00,70.39,139.72,8.85,20.65,29.50,NA,NA,1.10,20.21,NA,NA,NA,NA,NA,NA,NA,NA,NA,NA,NA,0.00,NA,NA,NA
2020-03-16 08:00:00,82.13,153.26,11.85,25.85,37.70,NA,NA,1.23,26.08,NA,NA,NA,NA,NA,NA,NA,NA,NA,NA,NA,0.00,NA,NA,NA
2020-03-16 09:00:00,67.85,176.55,10.31,22.20,32.51,NA,NA,1.17,40.50,NA,NA,NA,NA,NA,NA,NA,NA,NA,NA,NA,0.00,NA,NA,NA
2020-03-16 10:00:00,53.15,155.84,10.14,21.73,31.87,NA,NA,1.16,46.87,NA,NA,NA,NA,NA,NA,NA,NA,NA,NA,NA,0.00,NA,NA,NA
2020-03-16 11:00:00,38.78,147.82,9.10,18.38,27.47,NA,NA,1.17,66.58,NA,NA,NA,NA,NA,NA,NA,NA,NA,NA,NA,0.00,NA,NA,NA
2020-03-16 12:00:00,75.55,160.81,6.96,17.64,25.93,NA,NA,1.10,66.30,NA,NA,NA,NA,NA,NA,NA,NA,NA,NA,NA,0.00,NA,NA,NA
2020-03-16 13:00:00,47.92,116.68,14.69,11.45,31.47,NA,NA,1.05,65.23,NA,NA,NA,NA,NA,NA,NA,NA,NA,NA,NA,0.00,NA,NA,NA
2020-03-16 14:00:00,46.50,111.48,6.84,11.56,18.39,NA,NA,0.99,83.04,NA,NA,NA,NA,NA,NA,NA,NA,NA,NA,NA,0.00,NA,NA,NA
2020-03-16 15:00:00,41.07,115.60,6.85,10.08,16.93,NA,NA,0.97,84.60,NA,NA,NA,NA,NA,NA,NA,NA,NA,NA,NA,0.00,NA,NA,NA
2020-03-16 16:00:00,44.95,99.57,7.62,10.70,18.32,NA,NA,0.95,85.34,NA,NA,NA,NA,NA,NA,NA,NA,NA,NA,NA,0.00,NA,NA,NA
2020-03-16 17:00:00,44.19,107.50,6.92,10.99,17.91,NA,NA,0.96,81.47,NA,NA,NA,NA,NA,NA,NA,NA,NA,NA,NA,0.00,NA,NA,NA
2020-03-16 18:00:00,40.80,97.09,6.77,11.93,18.70,NA,NA,1.01,68.81,NA,NA,NA,NA,NA,NA,NA,NA,NA,NA,NA,0.00,NA,NA,NA
2020-03-16 19:00:00,39.99,106.91,6.78,14.88,21.65,NA,NA,1.15,48.42,NA,NA,NA,NA,NA,NA,NA,NA,NA,NA,NA,0.00,NA,NA,NA
2020-03-16 20:00:00,58.28,121.42,6.78,20.90,27.68,NA,NA,1.34,33.39,NA,NA,NA,NA,NA,NA,NA,NA,NA,NA,NA,0.00,NA,NA,NA
2020-03-16 21:00:00,56.13,127.39,6.90,24.14,31.04,NA,NA,1.40,21.06,NA,NA,NA,NA,NA,NA,NA,NA,NA,NA,NA,0.00,NA,NA,NA
2020-03-16 22:00:00,58.28,148.81,11.76,33.18,44.93,NA,NA,1.67,6.59,NA,NA,NA,NA,NA,NA,NA,NA,NA,NA,NA,0.00,NA,NA,NA
2020-03-16 23:00:00,80.66,196.23,8.58,28.09,36.67,NA,NA,1.54,13.77,NA,NA,NA,NA,NA,NA,NA,NA,NA,NA,NA,0.00,NA,NA,NA
2020-03-17 00:00:00,109.78,244.46,7.41,27.23,34.64,NA,NA,1.54,12.24,NA,NA,NA,NA,NA,NA,NA,NA,NA,NA,NA,0.00,NA,NA,NA
2020-03-17 01:00:00,83.11,220.12,7.45,24.67,32.12,NA,NA,1.42,13.29,NA,NA,NA,NA,NA,NA,NA,NA,NA,NA,NA,0.00,NA,NA,NA
2020-03-17 02:00:00,69.25,161.92,7.16,26.45,33.61,NA,NA,1.35,15.67,NA,NA,NA,NA,NA,NA,NA,NA,NA,NA,NA,0.00,NA,NA,NA
2020-03-17 03:00:00,63.43,139.98,7.24,22.89,30.13,NA,NA,1.26,18.53,NA,NA,NA,NA,NA,NA,NA,NA,NA,NA,NA,0.00,NA,NA,NA
2020-03-17 04:00:00,60.84,128.22,7.15,21.87,29.01,NA,NA,1.23,17.30,NA,NA,NA,NA,NA,NA,NA,NA,NA,NA,NA,0.00,NA,NA,NA
2020-03-17 05:00:00,66.01,128.71,7.03,21.65,28.68,NA,NA,1.21,20.38,NA,NA,NA,NA,NA,NA,NA,NA,NA,NA,NA,0.00,NA,NA,NA
2020-03-17 06:00:00,68.68,130.86,7.11,21.10,28.21,NA,NA,1.23,19.39,NA,NA,NA,NA,NA,NA,NA,NA,NA,NA,NA,0.00,NA,NA,NA
2020-03-17 07:00:00,86.66,155.34,8.57,21.64,30.21,NA,NA,1.31,26.10,NA,NA,NA,NA,NA,NA,NA,NA,NA,NA,NA,0.00,NA,NA,NA
2020-03-17 08:00:00,104.88,225.39,12.77,28.38,41.15,NA,NA,1.30,32.66,NA,NA,NA,NA,NA,NA,NA,NA,NA,NA,NA,0.00,NA,NA,NA
2020-03-17 09:00:00,43.66,145.17,9.38,19.44,28.81,NA,NA,1.12,61.63,NA,NA,NA,NA,NA,NA,NA,NA,NA,NA,NA,0.00,NA,NA,NA
2020-03-17 10:00:00,26.50,123.21,8.40,18.00,26.40,NA,NA,1.12,78.88,NA,NA,NA,NA,NA,NA,NA,NA,NA,NA,NA,0.00,NA,NA,NA
2020-03-17 11:00:00,39.83,133.20,7.60,16.37,23.97,NA,NA,1.10,89.93,NA,NA,NA,NA,NA,NA,NA,NA,NA,NA,NA,0.00,NA,NA,NA
2020-03-17 12:00:00,62.78,130.22,7.21,12.29,19.50,NA,NA,0.89,96.27,NA,NA,NA,NA,NA,NA,NA,NA,NA,NA,NA,0.00,NA,NA,NA
2020-03-17 13:00:00,40.39,99.05,6.98,10.08,17.06,NA,NA,0.86,92.01,NA,NA,NA,NA,NA,NA,NA,NA,NA,NA,NA,0.00,NA,NA,NA
2020-03-17 14:00:00,38.64,78.19,6.97,9.08,16.05,NA,NA,0.86,91.43,NA,NA,NA,NA,NA,NA,NA,NA,NA,NA,NA,0.00,NA,NA,NA
2020-03-17 15:00:00,34.36,77.83,6.95,9.18,16.13,NA,NA,0.85,89.14,NA,NA,NA,NA,NA,NA,NA,NA,NA,NA,NA,0.00,NA,NA,NA
2020-03-17 16:00:00,36.59,90.71,7.87,14.34,22.19,NA,NA,0.87,79.69,NA,NA,NA,NA,NA,NA,NA,NA,NA,NA,NA,0.00,NA,NA,NA
2020-03-17 17:00:00,37.12,82.80,11.06,21.56,32.59,NA,NA,0.86,67.43,NA,NA,NA,NA,NA,NA,NA,NA,NA,NA,NA,0.00,NA,NA,NA
2020-03-17 18:00:00,33.41,80.05,6.95,10.77,17.73,NA,NA,0.88,75.75,NA,NA,NA,NA,NA,NA,NA,NA,NA,NA,NA,0.00,NA,NA,NA
2020-03-17 19:00:00,42.91,84.73,6.82,15.78,22.63,NA,NA,1.01,52.63,NA,NA,NA,NA,NA,NA,NA,NA,NA,NA,NA,0.00,NA,NA,NA
2020-03-17 20:00:00,55.91,110.24,6.93,23.12,30.07,NA,NA,1.22,33.96,NA,NA,NA,NA,NA,NA,NA,NA,NA,NA,NA,0.00,NA,NA,NA
2020-03-17 21:00:00,76.67,169.77,7.06,25.87,32.93,NA,NA,1.49,17.20,NA,NA,NA,NA,NA,NA,NA,NA,NA,NA,NA,0.00,NA,NA,NA
2020-03-17 22:00:00,138.68,217.51,7.61,27.23,34.83,NA,NA,1.63,7.71,NA,NA,NA,NA,NA,NA,NA,NA,NA,NA,NA,0.00,NA,NA,NA
2020-03-17 23:00:00,87.72,163.29,8.04,26.28,34.34,NA,NA,1.56,6.47,NA,NA,NA,NA,NA,NA,NA,NA,NA,NA,NA,0.00,NA,NA,NA
2020-03-18 00:00:00,82.25,161.17,10.10,27.83,37.96,NA,NA,1.70,5.55,NA,NA,NA,NA,NA,NA,NA,NA,NA,NA,NA,0.00,NA,NA,NA
2020-03-18 01:00:00,89.79,200.76,13.62,35.52,49.16,NA,NA,1.89,5.00,NA,NA,NA,NA,NA,NA,NA,NA,NA,NA,NA,0.00,NA,NA,NA
2020-03-18 02:00:00,86.91,216.25,24.95,32.79,57.74,NA,NA,1.86,4.91,NA,NA,NA,NA,NA,NA,NA,NA,NA,NA,NA,0.00,NA,NA,NA
2020-03-18 03:00:00,85.27,221.06,22.52,31.81,54.30,NA,NA,1.91,5.12,NA,NA,NA,NA,NA,NA,NA,NA,NA,NA,NA,0.00,NA,NA,NA
2020-03-18 04:00:00,89.21,235.07,33.77,36.10,69.88,NA,NA,1.55,4.92,NA,NA,NA,NA,NA,NA,NA,NA,NA,NA,NA,0.00,NA,NA,NA
2020-03-18 05:00:00,97.58,224.27,9.42,30.25,39.63,NA,NA,1.34,10.67,NA,NA,NA,NA,NA,NA,NA,NA,NA,NA,NA,0.00,NA,NA,NA
2020-03-18 06:00:00,110.98,236.04,7.58,27.71,35.26,NA,NA,1.32,16.03,NA,NA,NA,NA,NA,NA,NA,NA,NA,NA,NA,0.00,NA,NA,NA
2020-03-18 07:00:00,105.58,184.12,9.60,26.12,35.75,NA,NA,1.26,22.38,NA,NA,NA,NA,NA,NA,NA,NA,NA,NA,NA,0.00,NA,NA,NA
2020-03-18 08:00:00,110.48,146.70,10.94,26.73,37.66,NA,NA,1.25,40.57,NA,NA,NA,NA,NA,NA,NA,NA,NA,NA,NA,0.00,NA,NA,NA
2020-03-18 09:00:00,85.42,123.16,10.04,25.13,35.16,NA,NA,1.24,65.30,NA,NA,NA,NA,NA,NA,NA,NA,NA,NA,NA,0.00,NA,NA,NA
2020-03-18 10:00:00,71.59,129.87,8.44,18.89,27.32,NA,NA,1.15,80.28,NA,NA,NA,NA,NA,NA,NA,NA,NA,NA,NA,0.00,NA,NA,NA
2020-03-18 11:00:00,70.43,130.24,7.70,16.27,23.96,NA,NA,1.15,90.77,NA,NA,NA,NA,NA,NA,NA,NA,NA,NA,NA,0.00,NA,NA,NA
2020-03-18 12:00:00,84.42,137.42,7.42,13.92,21.34,NA,NA,1.14,98.04,NA,NA,NA,NA,NA,NA,NA,NA,NA,NA,NA,0.00,NA,NA,NA
2020-03-18 13:00:00,65.64,140.53,7.22,11.55,18.78,NA,NA,1.01,92.86,NA,NA,NA,NA,NA,NA,NA,NA,NA,NA,NA,0.00,NA,NA,NA
2020-03-18 14:00:00,48.21,106.82,7.14,10.69,17.83,NA,NA,0.96,90.42,NA,NA,NA,NA,NA,NA,NA,NA,NA,NA,NA,0.00,NA,NA,NA
2020-03-18 15:00:00,38.35,95.15,7.82,13.73,21.55,NA,NA,0.93,82.82,NA,NA,NA,NA,NA,NA,NA,NA,NA,NA,NA,0.00,NA,NA,NA
2020-03-18 16:00:00,35.52,92.15,10.67,19.93,30.59,NA,NA,0.91,69.23,NA,NA,NA,NA,NA,NA,NA,NA,NA,NA,NA,0.00,NA,NA,NA
2020-03-18 17:00:00,36.96,89.00,11.03,26.95,37.95,NA,NA,0.93,60.58,NA,NA,NA,NA,NA,NA,NA,NA,NA,NA,NA,0.00,NA,NA,NA
2020-03-18 18:00:00,42.78,94.79,9.16,30.07,39.25,NA,NA,1.03,42.98,NA,NA,NA,NA,NA,NA,NA,NA,NA,NA,NA,0.00,NA,NA,NA
2020-03-18 19:00:00,45.17,103.47,9.51,43.86,53.37,NA,NA,1.22,24.58,NA,NA,NA,NA,NA,NA,NA,NA,NA,NA,NA,0.00,NA,NA,NA
2020-03-18 20:00:00,63.83,126.54,8.49,33.99,42.47,NA,NA,1.42,25.38,NA,NA,NA,NA,NA,NA,NA,NA,NA,NA,NA,0.00,NA,NA,NA
2020-03-18 21:00:00,63.12,136.32,7.04,29.37,36.41,NA,NA,1.58,25.19,NA,NA,NA,NA,NA,NA,NA,NA,NA,NA,NA,0.00,NA,NA,NA
2020-03-18 22:00:00,71.47,154.19,7.33,29.29,36.62,NA,NA,1.66,19.61,NA,NA,NA,NA,NA,NA,NA,NA,NA,NA,NA,0.00,NA,NA,NA
2020-03-18 23:00:00,91.82,175.75,7.99,32.05,40.05,NA,NA,1.85,8.22,NA,NA,NA,NA,NA,NA,NA,NA,NA,NA,NA,0.00,NA,NA,NA
2020-03-19 00:00:00,98.07,192.39,9.46,32.97,42.43,NA,NA,2.02,6.12,NA,NA,NA,NA,NA,NA,NA,NA,NA,NA,NA,0.00,NA,NA,NA
2020-03-19 01:00:00,100.06,198.26,9.27,31.36,40.64,NA,NA,1.88,8.17,NA,NA,NA,NA,NA,NA,NA,NA,NA,NA,NA,0.00,NA,NA,NA
2020-03-19 02:00:00,75.78,144.73,8.03,22.89,30.92,NA,NA,1.63,10.11,NA,NA,NA,NA,NA,NA,NA,NA,NA,NA,NA,0.00,NA,NA,NA
2020-03-19 03:00:00,74.79,182.57,16.71,25.49,42.17,NA,NA,1.69,8.13,NA,NA,NA,NA,NA,NA,NA,NA,NA,NA,NA,0.00,NA,NA,NA
2020-03-19 04:00:00,79.59,237.30,31.92,34.97,66.91,NA,NA,1.71,8.06,NA,NA,NA,NA,NA,NA,NA,NA,NA,NA,NA,0.00,NA,NA,NA
2020-03-19 05:00:00,76.34,187.68,10.25,28.42,38.66,NA,NA,1.58,5.51,NA,NA,NA,NA,NA,NA,NA,NA,NA,NA,NA,0.00,NA,NA,NA
2020-03-19 06:00:00,87.12,215.80,17.07,26.76,43.82,NA,NA,1.57,5.10,NA,NA,NA,NA,NA,NA,NA,NA,NA,NA,NA,0.00,NA,NA,NA
2020-03-19 07:00:00,83.54,198.65,20.97,26.13,47.08,NA,NA,1.60,11.76,NA,NA,NA,NA,NA,NA,NA,NA,NA,NA,NA,0.00,NA,NA,NA
2020-03-19 08:00:00,109.65,229.60,27.84,43.65,71.50,NA,NA,1.80,15.44,NA,NA,NA,NA,NA,NA,NA,NA,NA,NA,NA,0.00,NA,NA,NA
2020-03-19 09:00:00,148.44,257.20,14.08,34.92,49.01,NA,NA,1.68,40.78,NA,NA,NA,NA,NA,NA,NA,NA,NA,NA,NA,0.00,NA,NA,NA
2020-03-19 10:00:00,107.71,167.75,8.77,20.54,29.31,NA,NA,1.43,73.48,NA,NA,NA,NA,NA,NA,NA,NA,NA,NA,NA,0.00,NA,NA,NA
2020-03-19 11:00:00,78.56,150.96,7.68,17.03,24.71,NA,NA,1.34,96.42,NA,NA,NA,NA,NA,NA,NA,NA,NA,NA,NA,0.00,NA,NA,NA
2020-03-19 12:00:00,80.41,171.82,7.30,13.90,21.20,NA,NA,1.24,112.35,NA,NA,NA,NA,NA,NA,NA,NA,NA,NA,NA,0.00,NA,NA,NA
2020-03-19 13:00:00,70.28,153.46,7.14,11.49,18.62,NA,NA,1.13,107.29,NA,NA,NA,NA,NA,NA,NA,NA,NA,NA,NA,0.00,NA,NA,NA
2020-03-19 14:00:00,56.61,138.10,7.03,11.40,18.43,NA,NA,1.12,112.56,NA,NA,NA,NA,NA,NA,NA,NA,NA,NA,NA,0.00,NA,NA,NA
2020-03-19 15:00:00,49.13,112.89,7.07,9.65,16.72,NA,NA,1.07,99.00,NA,NA,NA,NA,NA,NA,NA,NA,NA,NA,NA,0.00,NA,NA,NA
2020-03-19 16:00:00,50.86,110.74,6.97,9.21,16.18,NA,NA,1.01,90.52,NA,NA,NA,NA,NA,NA,NA,NA,NA,NA,NA,0.00,NA,NA,NA
2020-03-19 17:00:00,44.97,100.81,7.00,9.46,16.47,NA,NA,1.05,90.88,NA,NA,NA,NA,NA,NA,NA,NA,NA,NA,NA,0.00,NA,NA,NA
2020-03-19 18:00:00,56.27,106.11,6.90,10.78,17.68,NA,NA,1.11,77.79,NA,NA,NA,NA,NA,NA,NA,NA,NA,NA,NA,0.00,NA,NA,NA
2020-03-19 19:00:00,49.42,104.23,7.01,15.59,22.60,NA,NA,1.32,57.46,NA,NA,NA,NA,NA,NA,NA,NA,NA,NA,NA,0.00,NA,NA,NA
2020-03-19 20:00:00,77.83,154.17,7.22,26.99,34.20,NA,NA,1.75,33.57,NA,NA,NA,NA,NA,NA,NA,NA,NA,NA,NA,0.00,NA,NA,NA
2020-03-19 21:00:00,94.80,186.30,7.79,41.06,48.85,NA,NA,2.03,10.88,NA,NA,NA,NA,NA,NA,NA,NA,NA,NA,NA,0.00,NA,NA,NA
2020-03-19 22:00:00,80.21,159.10,7.93,33.85,41.79,NA,NA,1.94,9.71,NA,NA,NA,NA,NA,NA,NA,NA,NA,NA,NA,0.00,NA,NA,NA
2020-03-19 23:00:00,88.97,166.21,9.28,32.01,41.28,NA,NA,2.23,5.89,NA,NA,NA,NA,NA,NA,NA,NA,NA,NA,NA,0.00,NA,NA,NA
2020-03-20 00:00:00,99.94,169.07,10.00,25.04,35.05,NA,NA,2.09,6.62,NA,NA,NA,NA,NA,NA,NA,NA,NA,NA,NA,0.00,NA,NA,NA
2020-03-20 01:00:00,113.01,252.04,16.91,29.92,46.83,NA,NA,2.06,6.01,NA,NA,NA,NA,NA,NA,NA,NA,NA,NA,NA,0.00,NA,NA,NA
2020-03-20 02:00:00,92.83,177.24,7.98,22.42,30.41,NA,NA,1.56,23.68,NA,NA,NA,NA,NA,NA,NA,NA,NA,NA,NA,0.00,NA,NA,NA
2020-03-20 03:00:00,65.95,117.40,7.24,20.62,27.86,NA,NA,1.36,30.43,NA,NA,NA,NA,NA,NA,NA,NA,NA,NA,NA,0.00,NA,NA,NA
2020-03-20 04:00:00,61.75,120.00,7.44,24.74,32.18,NA,NA,1.28,20.68,NA,NA,NA,NA,NA,NA,NA,NA,NA,NA,NA,0.00,NA,NA,NA
2020-03-20 05:00:00,65.24,107.12,7.29,15.31,22.59,NA,NA,1.34,18.05,NA,NA,NA,NA,NA,NA,NA,NA,NA,NA,NA,0.00,NA,NA,NA
2020-03-20 06:00:00,55.43,95.71,7.44,12.62,20.06,NA,NA,1.32,11.08,NA,NA,NA,NA,NA,NA,NA,NA,NA,NA,NA,0.00,NA,NA,NA
2020-03-20 07:00:00,60.28,98.84,12.75,18.30,31.04,NA,NA,1.50,9.05,NA,NA,NA,NA,NA,NA,NA,NA,NA,NA,NA,0.00,NA,NA,NA
2020-03-20 08:00:00,91.45,129.92,14.10,32.47,46.58,NA,NA,1.67,26.63,NA,NA,NA,NA,NA,NA,NA,NA,NA,NA,NA,0.00,NA,NA,NA
2020-03-20 09:00:00,107.33,184.79,9.27,21.89,31.16,NA,NA,1.39,55.50,NA,NA,NA,NA,NA,NA,NA,NA,NA,NA,NA,0.00,NA,NA,NA
2020-03-20 10:00:00,94.98,166.44,7.72,15.80,23.52,NA,NA,1.25,83.84,NA,NA,NA,NA,NA,NA,NA,NA,NA,NA,NA,0.00,NA,NA,NA
2020-03-20 11:00:00,112.25,208.93,7.76,20.31,28.08,NA,NA,1.43,105.29,NA,NA,NA,NA,NA,NA,NA,NA,NA,NA,NA,0.00,NA,NA,NA
2020-03-20 12:00:00,108.21,213.55,7.14,14.98,22.11,NA,NA,1.26,114.83,NA,NA,NA,NA,NA,NA,NA,NA,NA,NA,NA,0.00,NA,NA,NA
2020-03-20 13:00:00,101.05,196.29,7.49,12.72,20.21,NA,NA,1.15,119.59,NA,NA,NA,NA,NA,NA,NA,NA,NA,NA,NA,0.00,NA,NA,NA
2020-03-20 14:00:00,103.72,224.60,7.54,11.02,18.56,NA,NA,1.10,108.41,NA,NA,NA,NA,NA,NA,NA,NA,NA,NA,NA,0.00,NA,NA,NA
2020-03-20 15:00:00,62.58,141.15,7.35,10.77,18.12,NA,NA,1.17,108.28,NA,NA,NA,NA,NA,NA,NA,NA,NA,NA,NA,0.00,NA,NA,NA
2020-03-20 16:00:00,63.69,121.62,7.15,10.31,17.46,NA,NA,1.16,102.15,NA,NA,NA,NA,NA,NA,NA,NA,NA,NA,NA,0.00,NA,NA,NA
2020-03-20 17:00:00,66.95,115.66,7.07,9.91,16.97,NA,NA,1.10,93.76,NA,NA,NA,NA,NA,NA,NA,NA,NA,NA,NA,0.00,NA,NA,NA
2020-03-20 18:00:00,60.80,116.95,6.98,11.74,18.72,NA,NA,1.18,82.27,NA,NA,NA,NA,NA,NA,NA,NA,NA,NA,NA,0.00,NA,NA,NA
2020-03-20 19:00:00,75.38,151.23,7.01,17.07,24.07,NA,NA,1.32,66.52,NA,NA,NA,NA,NA,NA,NA,NA,NA,NA,NA,0.00,NA,NA,NA
2020-03-20 20:00:00,87.19,222.73,7.16,20.78,27.94,NA,NA,1.51,41.81,NA,NA,NA,NA,NA,NA,NA,NA,NA,NA,NA,0.00,NA,NA,NA
2020-03-20 21:00:00,103.88,199.51,7.27,18.65,25.92,NA,NA,1.58,39.36,NA,NA,NA,NA,NA,NA,NA,NA,NA,NA,NA,0.00,NA,NA,NA
2020-03-20 22:00:00,124.40,220.49,7.27,18.13,25.40,NA,NA,1.56,39.01,NA,NA,NA,NA,NA,NA,NA,NA,NA,NA,NA,0.00,NA,NA,NA
2020-03-20 23:00:00,83.06,167.42,7.07,14.77,21.84,NA,NA,1.16,54.57,NA,NA,NA,NA,NA,NA,NA,NA,NA,NA,NA,0.00,NA,NA,NA
2020-03-21 00:00:00,57.59,145.62,7.06,15.06,22.13,NA,NA,1.03,33.22,NA,NA,NA,NA,NA,NA,NA,NA,NA,NA,NA,0.00,NA,NA,NA
2020-03-21 01:00:00,47.95,153.66,7.11,18.75,25.86,NA,NA,1.01,30.24,NA,NA,NA,NA,NA,NA,NA,NA,NA,NA,NA,0.00,NA,NA,NA
2020-03-21 02:00:00,44.12,104.01,7.08,15.75,22.83,NA,NA,0.99,32.77,NA,NA,NA,NA,NA,NA,NA,NA,NA,NA,NA,0.00,NA,NA,NA
2020-03-21 03:00:00,37.90,102.72,6.99,14.08,21.07,NA,NA,0.92,42.17,NA,NA,NA,NA,NA,NA,NA,NA,NA,NA,NA,0.00,NA,NA,NA
2020-03-21 04:00:00,24.66,72.84,6.98,10.82,17.80,NA,NA,0.88,46.50,NA,NA,NA,NA,NA,NA,NA,NA,NA,NA,NA,0.00,NA,NA,NA
2020-03-21 05:00:00,26.41,53.35,7.03,10.05,17.09,NA,NA,0.90,31.64,NA,NA,NA,NA,NA,NA,NA,NA,NA,NA,NA,0.00,NA,NA,NA
2020-03-21 06:00:00,24.41,73.11,21.44,26.07,47.48,NA,NA,1.00,10.92,NA,NA,NA,NA,NA,NA,NA,NA,NA,NA,NA,0.00,NA,NA,NA
2020-03-21 07:00:00,42.82,216.68,13.18,22.71,35.92,NA,NA,1.04,24.04,NA,NA,NA,NA,NA,NA,NA,NA,NA,NA,NA,0.00,NA,NA,NA
2020-03-21 08:00:00,32.72,79.80,8.47,16.31,24.79,NA,NA,1.03,45.47,NA,NA,NA,NA,NA,NA,NA,NA,NA,NA,NA,0.00,NA,NA,NA
2020-03-21 09:00:00,53.26,104.79,8.31,15.64,23.95,NA,NA,1.09,52.97,NA,NA,NA,NA,NA,NA,NA,NA,NA,NA,NA,0.00,NA,NA,NA
2020-03-21 10:00:00,78.05,141.02,7.79,14.35,22.15,NA,NA,1.19,69.23,NA,NA,NA,NA,NA,NA,NA,NA,NA,NA,NA,0.00,NA,NA,NA
2020-03-21 11:00:00,67.91,152.92,7.48,13.83,21.31,NA,NA,1.18,87.04,NA,NA,NA,NA,NA,NA,NA,NA,NA,NA,NA,0.00,NA,NA,NA
2020-03-21 12:00:00,68.96,155.25,7.22,12.43,19.65,NA,NA,1.14,99.40,NA,NA,NA,NA,NA,NA,NA,NA,NA,NA,NA,0.00,NA,NA,NA
2020-03-21 13:00:00,60.25,135.54,7.21,13.08,20.29,NA,NA,1.16,110.41,NA,NA,NA,NA,NA,NA,NA,NA,NA,NA,NA,0.00,NA,NA,NA
2020-03-21 14:00:00,77.33,137.97,7.09,11.43,18.52,NA,NA,1.10,107.62,NA,NA,NA,NA,NA,NA,NA,NA,NA,NA,NA,0.00,NA,NA,NA
2020-03-21 15:00:00,62.74,120.42,7.14,11.46,18.61,NA,NA,1.13,107.33,NA,NA,NA,NA,NA,NA,NA,NA,NA,NA,NA,0.00,NA,NA,NA
2020-03-21 16:00:00,71.65,130.88,7.20,10.65,17.84,NA,NA,1.05,83.05,NA,NA,NA,NA,NA,NA,NA,NA,NA,NA,NA,0.00,NA,NA,NA
2020-03-21 17:00:00,30.08,59.08,7.05,9.28,16.33,NA,NA,0.98,74.42,NA,NA,NA,NA,NA,NA,NA,NA,NA,NA,NA,0.00,NA,NA,NA
2020-03-21 18:00:00,37.99,70.53,7.04,11.09,18.13,NA,NA,0.99,62.32,NA,NA,NA,NA,NA,NA,NA,NA,NA,NA,NA,0.00,NA,NA,NA
2020-03-21 19:00:00,46.02,86.19,7.00,12.96,19.96,NA,NA,1.10,49.83,NA,NA,NA,NA,NA,NA,NA,NA,NA,NA,NA,0.00,NA,NA,NA
2020-03-21 20:00:00,44.12,93.91,7.02,14.18,21.20,NA,NA,1.20,30.04,NA,NA,NA,NA,NA,NA,NA,NA,NA,NA,NA,0.00,NA,NA,NA
2020-03-21 21:00:00,71.66,124.71,7.19,19.51,26.70,NA,NA,1.49,18.11,NA,NA,NA,NA,NA,NA,NA,NA,NA,NA,NA,0.00,NA,NA,NA
2020-03-21 22:00:00,95.14,152.55,7.33,23.31,30.64,NA,NA,1.74,15.53,NA,NA,NA,NA,NA,NA,NA,NA,NA,NA,NA,0.00,NA,NA,NA
2020-03-21 23:00:00,101.77,196.61,7.94,33.85,41.79,NA,NA,2.20,9.42,NA,NA,NA,NA,NA,NA,NA,NA,NA,NA,NA,0.00,NA,NA,NA
2020-03-22 00:00:00,124.69,221.88,9.32,39.90,49.21,NA,NA,2.33,6.31,NA,NA,NA,NA,NA,NA,NA,NA,NA,NA,NA,0.00,NA,NA,NA
2020-03-22 01:00:00,121.51,232.40,13.45,41.71,55.16,NA,NA,2.21,4.81,NA,NA,NA,NA,NA,NA,NA,NA,NA,NA,NA,0.00,NA,NA,NA
2020-03-22 02:00:00,121.06,223.36,14.14,31.95,46.09,NA,NA,2.09,4.87,NA,NA,NA,NA,NA,NA,NA,NA,NA,NA,NA,0.00,NA,NA,NA
2020-03-22 03:00:00,116.72,214.64,10.67,28.09,38.76,NA,NA,1.79,6.71,NA,NA,NA,NA,NA,NA,NA,NA,NA,NA,NA,0.00,NA,NA,NA
2020-03-22 04:00:00,129.32,205.04,9.33,20.95,30.28,NA,NA,1.69,6.12,NA,NA,NA,NA,NA,NA,NA,NA,NA,NA,NA,0.00,NA,NA,NA
2020-03-22 05:00:00,124.47,204.36,9.47,17.57,27.05,NA,NA,1.52,5.60,NA,NA,NA,NA,NA,NA,NA,NA,NA,NA,NA,0.00,NA,NA,NA
2020-03-22 06:00:00,135.72,275.04,29.51,24.84,54.36,NA,NA,1.47,5.19,NA,NA,NA,NA,NA,NA,NA,NA,NA,NA,NA,0.00,NA,NA,NA
2020-03-22 07:00:00,135.50,247.51,23.38,20.94,44.32,NA,NA,1.49,6.43,NA,NA,NA,NA,NA,NA,NA,NA,NA,NA,NA,0.00,NA,NA,NA
2020-03-22 08:00:00,123.89,188.36,13.45,24.90,38.34,NA,NA,1.47,23.82,NA,NA,NA,NA,NA,NA,NA,NA,NA,NA,NA,0.00,NA,NA,NA
2020-03-22 09:00:00,119.64,174.83,10.09,22.79,32.87,NA,NA,1.30,52.93,NA,NA,NA,NA,NA,NA,NA,NA,NA,NA,NA,0.00,NA,NA,NA
2020-03-22 10:00:00,84.65,132.83,7.67,13.29,20.96,NA,NA,0.97,74.85,NA,NA,NA,NA,NA,NA,NA,NA,NA,NA,NA,0.00,NA,NA,NA
2020-03-22 11:00:00,76.27,108.74,7.43,13.47,20.89,NA,NA,0.99,97.13,NA,NA,NA,NA,NA,NA,NA,NA,NA,NA,NA,0.00,NA,NA,NA
2020-03-22 12:00:00,59.74,106.80,7.17,8.82,15.99,NA,NA,0.83,81.85,NA,NA,NA,NA,NA,NA,NA,NA,NA,NA,NA,0.00,NA,NA,NA
2020-03-22 13:00:00,38.29,80.05,7.19,8.23,15.43,NA,NA,0.83,82.46,NA,NA,NA,NA,NA,NA,NA,NA,NA,NA,NA,0.00,NA,NA,NA
2020-03-22 14:00:00,53.82,87.80,7.15,8.56,15.71,NA,NA,0.86,89.02,NA,NA,NA,NA,NA,NA,NA,NA,NA,NA,NA,0.00,NA,NA,NA
2020-03-22 15:00:00,59.31,94.24,7.03,7.71,14.74,NA,NA,0.80,77.85,NA,NA,NA,NA,NA,NA,NA,NA,NA,NA,NA,0.00,NA,NA,NA
2020-03-22 16:00:00,31.76,62.65,7.01,7.24,14.25,NA,NA,0.76,75.53,NA,NA,NA,NA,NA,NA,NA,NA,NA,NA,NA,0.00,NA,NA,NA
2020-03-22 17:00:00,43.71,81.06,7.06,7.83,14.90,NA,NA,0.83,83.89,NA,NA,NA,NA,NA,NA,NA,NA,NA,NA,NA,0.00,NA,NA,NA
2020-03-22 18:00:00,51.81,78.73,7.03,8.61,15.66,NA,NA,0.86,77.23,NA,NA,NA,NA,NA,NA,NA,NA,NA,NA,NA,0.00,NA,NA,NA
2020-03-22 19:00:00,46.85,76.21,7.05,11.23,18.28,NA,NA,0.90,58.09,NA,NA,NA,NA,NA,NA,NA,NA,NA,NA,NA,0.00,NA,NA,NA
2020-03-22 20:00:00,49.39,81.99,7.06,11.43,18.49,NA,NA,0.96,48.48,NA,NA,NA,NA,NA,NA,NA,NA,NA,NA,NA,0.00,NA,NA,NA
2020-03-22 21:00:00,54.17,81.82,7.11,12.39,19.50,NA,NA,1.02,43.13,NA,NA,NA,NA,NA,NA,NA,NA,NA,NA,NA,0.00,NA,NA,NA
2020-03-22 22:00:00,61.30,99.80,7.24,14.13,21.38,NA,NA,1.05,35.53,NA,NA,NA,NA,NA,NA,NA,NA,NA,NA,NA,0.00,NA,NA,NA
2020-03-22 23:00:00,61.38,85.99,7.31,14.89,22.20,NA,NA,1.03,30.93,NA,NA,NA,NA,NA,NA,NA,NA,NA,NA,NA,0.00,NA,NA,NA
2020-03-23 00:00:00,55.22,73.26,7.39,13.84,21.23,NA,NA,1.02,24.93,NA,NA,NA,NA,NA,NA,NA,NA,NA,NA,NA,0.00,NA,NA,NA
2020-03-23 01:00:00,49.09,82.07,7.38,14.76,22.15,NA,NA,1.04,24.93,NA,NA,NA,NA,NA,NA,NA,NA,NA,NA,NA,0.00,NA,NA,NA
2020-03-23 02:00:00,49.12,85.01,7.54,14.42,21.96,NA,NA,1.03,17.87,NA,NA,NA,NA,NA,NA,NA,NA,NA,NA,NA,0.00,NA,NA,NA
2020-03-23 03:00:00,52.77,80.20,7.66,13.24,20.89,NA,NA,1.05,15.81,NA,NA,NA,NA,NA,NA,NA,NA,NA,NA,NA,0.00,NA,NA,NA
2020-03-23 04:00:00,57.65,85.06,7.57,12.99,20.58,NA,NA,0.98,15.69,NA,NA,NA,NA,NA,NA,NA,NA,NA,NA,NA,0.00,NA,NA,NA
2020-03-23 05:00:00,49.86,80.83,7.61,14.21,21.82,NA,NA,0.93,13.89,NA,NA,NA,NA,NA,NA,NA,NA,NA,NA,NA,0.00,NA,NA,NA
2020-03-23 06:00:00,45.66,82.22,7.40,11.29,18.69,NA,NA,0.89,16.09,NA,NA,NA,NA,NA,NA,NA,NA,NA,NA,NA,0.00,NA,NA,NA
2020-03-23 07:00:00,53.80,84.06,10.54,14.18,24.71,NA,NA,1.05,14.30,NA,NA,NA,NA,NA,NA,NA,NA,NA,NA,NA,0.00,NA,NA,NA
2020-03-23 08:00:00,81.96,162.97,10.65,17.68,28.33,NA,NA,1.17,27.20,NA,NA,NA,NA,NA,NA,NA,NA,NA,NA,NA,0.00,NA,NA,NA
2020-03-23 09:00:00,92.52,151.71,8.50,14.54,23.04,NA,NA,1.03,56.14,NA,NA,NA,NA,NA,NA,NA,NA,NA,NA,NA,0.00,NA,NA,NA
2020-03-23 10:00:00,59.63,129.51,7.45,10.66,18.11,NA,NA,0.88,65.94,NA,NA,NA,NA,NA,NA,NA,NA,NA,NA,NA,0.00,NA,NA,NA
2020-03-23 11:00:00,38.61,82.01,7.28,9.45,16.73,NA,NA,0.86,70.06,NA,NA,NA,NA,NA,NA,NA,NA,NA,NA,NA,0.00,NA,NA,NA
2020-03-23 12:00:00,40.27,87.19,7.18,8.31,15.49,NA,NA,0.82,74.52,NA,NA,NA,NA,NA,NA,NA,NA,NA,NA,NA,0.00,NA,NA,NA
2020-03-23 13:00:00,25.10,66.00,7.08,7.70,14.78,NA,NA,0.78,75.72,NA,NA,NA,NA,NA,NA,NA,NA,NA,NA,NA,0.00,NA,NA,NA
2020-03-23 14:00:00,19.88,57.17,7.08,7.38,14.46,NA,NA,0.74,75.18,NA,NA,NA,NA,NA,NA,NA,NA,NA,NA,NA,0.00,NA,NA,NA
2020-03-23 15:00:00,27.01,63.74,7.11,7.78,14.89,NA,NA,0.75,79.04,NA,NA,NA,NA,NA,NA,NA,NA,NA,NA,NA,0.00,NA,NA,NA
2020-03-23 16:00:00,27.23,66.78,7.09,8.49,15.59,NA,NA,0.80,85.70,NA,NA,NA,NA,NA,NA,NA,NA,NA,NA,NA,0.00,NA,NA,NA
2020-03-23 17:00:00,33.32,86.81,7.10,9.50,16.59,NA,NA,0.81,80.21,NA,NA,NA,NA,NA,NA,NA,NA,NA,NA,NA,0.00,NA,NA,NA
2020-03-23 18:00:00,38.04,81.58,7.08,10.40,17.48,NA,NA,0.98,66.01,NA,NA,NA,NA,NA,NA,NA,NA,NA,NA,NA,0.00,NA,NA,NA
2020-03-23 19:00:00,38.22,82.62,7.03,10.70,17.72,NA,NA,1.17,52.16,NA,NA,NA,NA,NA,NA,NA,NA,NA,NA,NA,0.00,NA,NA,NA
2020-03-23 20:00:00,53.16,101.75,7.14,12.04,19.18,NA,NA,1.29,40.02,NA,NA,NA,NA,NA,NA,NA,NA,NA,NA,NA,0.00,NA,NA,NA
2020-03-23 21:00:00,108.94,161.98,7.17,13.70,20.87,NA,NA,1.70,25.31,NA,NA,NA,NA,NA,NA,NA,NA,NA,NA,NA,0.00,NA,NA,NA
2020-03-23 22:00:00,124.68,176.69,7.25,15.48,22.73,NA,NA,1.64,20.88,NA,NA,NA,NA,NA,NA,NA,NA,NA,NA,NA,0.00,NA,NA,NA
2020-03-23 23:00:00,99.50,157.56,7.21,15.11,22.32,NA,NA,1.60,24.19,NA,NA,NA,NA,NA,NA,NA,NA,NA,NA,NA,0.00,NA,NA,NA
2020-03-24 00:00:00,84.93,155.11,7.43,14.72,22.14,NA,NA,1.60,12.12,NA,NA,NA,NA,NA,NA,NA,NA,NA,NA,NA,0.00,NA,NA,NA
2020-03-24 01:00:00,84.29,143.55,7.78,15.41,23.19,NA,NA,1.65,10.61,NA,NA,NA,NA,NA,NA,NA,NA,NA,NA,NA,0.00,NA,NA,NA
2020-03-24 02:00:00,80.55,140.16,8.12,17.13,25.25,NA,NA,1.52,18.13,NA,NA,NA,NA,NA,NA,NA,NA,NA,NA,NA,0.00,NA,NA,NA
2020-03-24 03:00:00,87.68,140.39,8.28,17.41,25.69,NA,NA,1.50,17.79,NA,NA,NA,NA,NA,NA,NA,NA,NA,NA,NA,0.00,NA,NA,NA
2020-03-24 04:00:00,72.30,117.82,8.00,15.36,23.36,NA,NA,1.37,25.14,NA,NA,NA,NA,NA,NA,NA,NA,NA,NA,NA,0.00,NA,NA,NA
2020-03-24 05:00:00,69.51,108.87,7.88,12.43,20.31,NA,NA,1.36,20.15,NA,NA,NA,NA,NA,NA,NA,NA,NA,NA,NA,0.00,NA,NA,NA
2020-03-24 06:00:00,60.46,89.44,7.82,12.21,20.03,NA,NA,1.31,21.95,NA,NA,NA,NA,NA,NA,NA,NA,NA,NA,NA,0.00,NA,NA,NA
2020-03-24 07:00:00,65.44,106.76,8.80,13.32,22.12,NA,NA,1.40,19.03,NA,NA,NA,NA,NA,NA,NA,NA,NA,NA,NA,0.00,NA,NA,NA
2020-03-24 08:00:00,84.22,144.41,8.89,14.80,23.69,NA,NA,1.47,35.60,NA,NA,NA,NA,NA,NA,NA,NA,NA,NA,NA,0.00,NA,NA,NA
2020-03-24 09:00:00,98.64,139.97,7.78,11.48,19.26,NA,NA,1.35,50.47,NA,NA,NA,NA,NA,NA,NA,NA,NA,NA,NA,0.00,NA,NA,NA
2020-03-24 10:00:00,72.84,113.02,7.57,10.62,18.19,NA,NA,1.27,62.58,NA,NA,NA,NA,NA,NA,NA,NA,NA,NA,NA,0.00,NA,NA,NA
2020-03-24 11:00:00,77.07,118.18,7.31,9.76,17.07,NA,NA,1.26,79.09,NA,NA,NA,NA,NA,NA,NA,NA,NA,NA,NA,0.00,NA,NA,NA
2020-03-24 12:00:00,83.58,125.83,7.25,8.75,16.00,NA,NA,1.22,76.85,NA,NA,NA,NA,NA,NA,NA,NA,NA,NA,NA,0.00,NA,NA,NA
2020-03-24 13:00:00,71.06,112.54,7.24,8.67,15.91,NA,NA,1.21,80.45,NA,NA,NA,NA,NA,NA,NA,NA,NA,NA,NA,0.00,NA,NA,NA
2020-03-24 14:00:00,73.34,132.05,7.12,8.04,15.16,NA,NA,1.16,82.69,NA,NA,NA,NA,NA,NA,NA,NA,NA,NA,NA,0.00,NA,NA,NA
2020-03-24 15:00:00,66.89,127.38,7.15,8.46,15.61,NA,NA,1.17,78.74,NA,NA,NA,NA,NA,NA,NA,NA,NA,NA,NA,0.00,NA,NA,NA
2020-03-24 16:00:00,58.18,122.23,7.30,8.47,15.77,NA,NA,1.05,54.61,NA,NA,NA,NA,NA,NA,NA,NA,NA,NA,NA,0.00,NA,NA,NA
2020-03-24 17:00:00,8.60,22.25,7.20,7.69,14.89,NA,NA,0.97,46.30,NA,NA,NA,NA,NA,NA,NA,NA,NA,NA,NA,0.00,NA,NA,NA
2020-03-24 18:00:00,6.26,20.33,7.18,9.06,16.24,NA,NA,0.99,41.14,NA,NA,NA,NA,NA,NA,NA,NA,NA,NA,NA,0.00,NA,NA,NA
2020-03-24 19:00:00,14.55,41.16,7.10,10.51,17.61,NA,NA,1.03,36.05,NA,NA,NA,NA,NA,NA,NA,NA,NA,NA,NA,0.00,NA,NA,NA
2020-03-24 20:00:00,19.04,43.74,7.33,10.61,17.94,NA,NA,1.08,30.48,NA,NA,NA,NA,NA,NA,NA,NA,NA,NA,NA,0.00,NA,NA,NA
2020-03-24 21:00:00,24.56,42.16,7.36,10.55,17.91,NA,NA,1.10,21.65,NA,NA,NA,NA,NA,NA,NA,NA,NA,NA,NA,0.00,NA,NA,NA
2020-03-24 22:00:00,26.88,41.78,7.59,10.88,18.47,NA,NA,1.15,14.34,NA,NA,NA,NA,NA,NA,NA,NA,NA,NA,NA,0.00,NA,NA,NA
2020-03-24 23:00:00,28.72,48.90,8.57,10.56,19.13,NA,NA,1.16,8.42,NA,NA,NA,NA,NA,NA,NA,NA,NA,NA,NA,0.00,NA,NA,NA
2020-03-25 00:00:00,31.12,55.00,9.29,11.10,20.38,NA,NA,1.22,8.06,NA,NA,NA,NA,NA,NA,NA,NA,NA,NA,NA,0.00,NA,NA,NA
2020-03-25 01:00:00,25.60,49.23,9.13,11.34,20.47,NA,NA,1.13,12.21,NA,NA,NA,NA,NA,NA,NA,NA,NA,NA,NA,0.00,NA,NA,NA
2020-03-25 02:00:00,33.40,48.76,8.52,12.07,20.58,NA,NA,1.15,8.53,NA,NA,NA,NA,NA,NA,NA,NA,NA,NA,NA,0.00,NA,NA,NA
2020-03-25 03:00:00,25.59,51.55,9.11,13.06,22.17,NA,NA,1.22,6.45,NA,NA,NA,NA,NA,NA,NA,NA,NA,NA,NA,0.00,NA,NA,NA
2020-03-25 04:00:00,35.33,55.72,9.40,16.27,25.67,NA,NA,1.26,6.20,NA,NA,NA,NA,NA,NA,NA,NA,NA,NA,NA,0.00,NA,NA,NA
2020-03-25 05:00:00,30.31,59.57,9.41,16.96,26.37,NA,NA,1.31,6.16,NA,NA,NA,NA,NA,NA,NA,NA,NA,NA,NA,0.00,NA,NA,NA
2020-03-25 06:00:00,31.14,60.47,10.08,14.40,24.48,NA,NA,1.31,6.06,NA,NA,NA,NA,NA,NA,NA,NA,NA,NA,NA,0.00,NA,NA,NA
2020-03-25 07:00:00,35.60,53.34,11.36,11.91,23.26,NA,NA,1.36,8.98,NA,NA,NA,NA,NA,NA,NA,NA,NA,NA,NA,0.00,NA,NA,NA
2020-03-25 08:00:00,46.61,69.90,9.91,12.80,22.72,NA,NA,1.27,23.01,NA,NA,NA,NA,NA,NA,NA,NA,NA,NA,NA,0.00,NA,NA,NA
2020-03-25 09:00:00,47.46,66.84,8.30,9.99,18.29,NA,NA,1.03,45.08,NA,NA,NA,NA,NA,NA,NA,NA,NA,NA,NA,0.00,NA,NA,NA
2020-03-25 10:00:00,26.25,60.91,7.88,9.94,17.83,NA,NA,0.97,54.10,NA,NA,NA,NA,NA,NA,NA,NA,NA,NA,NA,0.00,NA,NA,NA
2020-03-25 11:00:00,34.38,59.24,7.58,10.00,17.57,NA,NA,0.95,58.40,NA,NA,NA,NA,NA,NA,NA,NA,NA,NA,NA,0.00,NA,NA,NA
2020-03-25 12:00:00,31.49,69.15,7.28,8.63,15.92,NA,NA,0.98,67.81,NA,NA,NA,NA,NA,NA,NA,NA,NA,NA,NA,0.00,NA,NA,NA
2020-03-25 13:00:00,27.67,72.20,7.16,8.03,15.19,NA,NA,0.96,65.88,NA,NA,NA,NA,NA,NA,NA,NA,NA,NA,NA,0.00,NA,NA,NA
2020-03-25 14:00:00,20.35,58.85,7.13,7.07,14.20,NA,NA,0.93,60.18,NA,NA,NA,NA,NA,NA,NA,NA,NA,NA,NA,0.00,NA,NA,NA
2020-03-25 15:00:00,17.33,47.93,7.69,9.14,16.83,NA,NA,0.89,53.95,NA,NA,NA,NA,NA,NA,NA,NA,NA,NA,NA,0.00,NA,NA,NA
2020-03-25 16:00:00,22.05,49.56,7.94,10.24,18.18,NA,NA,0.89,51.66,NA,NA,NA,NA,NA,NA,NA,NA,NA,NA,NA,0.00,NA,NA,NA
2020-03-25 17:00:00,18.63,60.50,7.16,7.07,14.22,NA,NA,0.96,55.98,NA,NA,NA,NA,NA,NA,NA,NA,NA,NA,NA,0.00,NA,NA,NA
2020-03-25 18:00:00,24.09,51.71,7.12,7.80,14.92,NA,NA,0.98,52.09,NA,NA,NA,NA,NA,NA,NA,NA,NA,NA,NA,0.00,NA,NA,NA
2020-03-25 19:00:00,27.96,62.93,7.21,8.69,15.90,NA,NA,0.93,45.86,NA,NA,NA,NA,NA,NA,NA,NA,NA,NA,NA,0.00,NA,NA,NA
2020-03-25 20:00:00,33.70,60.43,7.15,9.57,16.71,NA,NA,0.99,36.27,NA,NA,NA,NA,NA,NA,NA,NA,NA,NA,NA,0.00,NA,NA,NA
2020-03-25 21:00:00,44.70,70.21,7.18,10.15,17.33,NA,NA,0.99,27.03,NA,NA,NA,NA,NA,NA,NA,NA,NA,NA,NA,0.00,NA,NA,NA
2020-03-25 22:00:00,43.34,70.78,7.32,10.86,18.18,NA,NA,0.97,29.43,NA,NA,NA,NA,NA,NA,NA,NA,NA,NA,NA,0.00,NA,NA,NA
2020-03-25 23:00:00,53.99,80.39,7.28,10.65,17.93,NA,NA,1.00,22.54,NA,NA,NA,NA,NA,NA,NA,NA,NA,NA,NA,0.00,NA,NA,NA
2020-03-26 00:00:00,53.98,96.66,7.24,10.00,17.24,NA,NA,0.93,18.03,NA,NA,NA,NA,NA,NA,NA,NA,NA,NA,NA,0.00,NA,NA,NA
2020-03-26 01:00:00,62.98,105.23,7.24,9.66,16.90,NA,NA,0.95,24.42,NA,NA,NA,NA,NA,NA,NA,NA,NA,NA,NA,0.00,NA,NA,NA
2020-03-26 02:00:00,36.58,84.87,7.06,7.56,14.62,NA,NA,0.82,38.11,NA,NA,NA,NA,NA,NA,NA,NA,NA,NA,NA,0.00,NA,NA,NA
2020-03-26 03:00:00,20.36,56.62,6.99,7.38,14.37,NA,NA,0.79,31.38,NA,NA,NA,NA,NA,NA,NA,NA,NA,NA,NA,0.00,NA,NA,NA
2020-03-26 04:00:00,18.72,36.15,7.13,7.36,14.49,NA,NA,0.78,24.95,NA,NA,NA,NA,NA,NA,NA,NA,NA,NA,NA,0.00,NA,NA,NA
2020-03-26 05:00:00,18.43,37.85,9.49,14.11,23.61,NA,NA,0.75,18.43,NA,NA,NA,NA,NA,NA,NA,NA,NA,NA,NA,0.00,NA,NA,NA
2020-03-26 06:00:00,51.04,66.51,9.02,14.66,23.68,NA,NA,0.80,20.56,NA,NA,NA,NA,NA,NA,NA,NA,NA,NA,NA,0.00,NA,NA,NA
2020-03-26 07:00:00,38.77,72.35,7.79,9.88,17.67,NA,NA,0.87,29.65,NA,NA,NA,NA,NA,NA,NA,NA,NA,NA,NA,0.00,NA,NA,NA
2020-03-26 08:00:00,41.43,70.48,8.01,10.35,18.36,NA,NA,0.88,35.69,NA,NA,NA,NA,NA,NA,NA,NA,NA,NA,NA,0.00,NA,NA,NA
2020-03-26 09:00:00,31.14,62.62,12.13,17.13,29.24,NA,NA,0.85,34.25,NA,NA,NA,NA,NA,NA,NA,NA,NA,NA,NA,0.00,NA,NA,NA
2020-03-26 10:00:00,17.30,52.89,7.35,8.28,15.62,NA,NA,0.70,45.78,NA,NA,NA,NA,NA,NA,NA,NA,NA,NA,NA,0.00,NA,NA,NA
2020-03-26 11:00:00,14.19,53.03,7.23,7.48,14.71,NA,NA,0.71,42.19,NA,NA,NA,NA,NA,NA,NA,NA,NA,NA,NA,0.00,NA,NA,NA
2020-03-26 12:00:00,12.92,42.21,7.28,7.26,14.54,NA,NA,0.73,42.51,NA,NA,NA,NA,NA,NA,NA,NA,NA,NA,NA,0.00,NA,NA,NA
2020-03-26 13:00:00,19.54,51.66,7.61,8.39,16.00,NA,NA,0.74,40.61,NA,NA,NA,NA,NA,NA,NA,NA,NA,NA,NA,0.00,NA,NA,NA
2020-03-26 14:00:00,14.11,36.52,10.29,14.49,24.78,NA,NA,0.74,31.20,NA,NA,NA,NA,NA,NA,NA,NA,NA,NA,NA,0.00,NA,NA,NA
2020-03-26 15:00:00,17.27,37.68,11.88,17.50,29.39,NA,NA,0.74,28.33,NA,NA,NA,NA,NA,NA,NA,NA,NA,NA,NA,0.00,NA,NA,NA
2020-03-26 16:00:00,25.19,45.82,11.87,19.86,31.72,NA,NA,0.76,25.18,NA,NA,NA,NA,NA,NA,NA,NA,NA,NA,NA,0.00,NA,NA,NA
2020-03-26 17:00:00,13.08,32.55,10.95,16.60,27.55,NA,NA,0.77,28.79,NA,NA,NA,NA,NA,NA,NA,NA,NA,NA,NA,0.00,NA,NA,NA
2020-03-26 18:00:00,24.44,48.14,7.20,8.72,15.92,NA,NA,0.78,37.67,NA,NA,NA,NA,NA,NA,NA,NA,NA,NA,NA,0.00,NA,NA,NA
2020-03-26 19:00:00,37.34,67.10,7.23,9.14,16.36,NA,NA,0.85,35.91,NA,NA,NA,NA,NA,NA,NA,NA,NA,NA,NA,0.00,NA,NA,NA
2020-03-26 20:00:00,36.60,76.54,7.30,11.62,18.93,NA,NA,0.93,27.72,NA,NA,NA,NA,NA,NA,NA,NA,NA,NA,NA,0.00,NA,NA,NA
2020-03-26 21:00:00,35.08,64.40,7.12,9.57,16.69,NA,NA,0.91,32.71,NA,NA,NA,NA,NA,NA,NA,NA,NA,NA,NA,0.00,NA,NA,NA
2020-03-26 22:00:00,39.75,74.89,7.24,12.22,19.47,NA,NA,0.91,22.49,NA,NA,NA,NA,NA,NA,NA,NA,NA,NA,NA,0.00,NA,NA,NA
2020-03-26 23:00:00,43.51,64.06,7.24,11.65,18.89,NA,NA,0.91,19.37,NA,NA,NA,NA,NA,NA,NA,NA,NA,NA,NA,0.00,NA,NA,NA
2020-03-27 00:00:00,70.79,106.05,7.12,9.38,16.50,NA,NA,0.96,25.18,NA,NA,NA,NA,NA,NA,NA,NA,NA,NA,NA,0.00,NA,NA,NA
2020-03-27 01:00:00,18.79,51.43,7.06,6.87,13.93,NA,NA,0.75,31.55,NA,NA,NA,NA,NA,NA,NA,NA,NA,NA,NA,0.00,NA,NA,NA
2020-03-27 02:00:00,2.69,27.03,7.04,6.84,13.89,NA,NA,0.72,32.20,NA,NA,NA,NA,NA,NA,NA,NA,NA,NA,NA,0.00,NA,NA,NA
2020-03-27 03:00:00,8.90,22.80,7.05,6.59,13.64,NA,NA,0.70,31.35,NA,NA,NA,NA,NA,NA,NA,NA,NA,NA,NA,0.00,NA,NA,NA
2020-03-27 04:00:00,9.08,26.34,7.04,7.74,14.77,NA,NA,0.74,29.09,NA,NA,NA,NA,NA,NA,NA,NA,NA,NA,NA,0.00,NA,NA,NA
2020-03-27 05:00:00,13.24,34.50,7.11,7.26,14.37,NA,NA,0.75,24.63,NA,NA,NA,NA,NA,NA,NA,NA,NA,NA,NA,0.00,NA,NA,NA
2020-03-27 06:00:00,13.35,25.93,7.16,8.21,15.37,NA,NA,0.77,15.61,NA,NA,NA,NA,NA,NA,NA,NA,NA,NA,NA,0.00,NA,NA,NA
2020-03-27 07:00:00,16.32,43.07,7.33,7.64,14.96,NA,NA,0.78,17.90,NA,NA,NA,NA,NA,NA,NA,NA,NA,NA,NA,0.00,NA,NA,NA
2020-03-27 08:00:00,14.92,27.81,7.45,7.60,15.05,NA,NA,0.78,14.69,NA,NA,NA,NA,NA,NA,NA,NA,NA,NA,NA,0.00,NA,NA,NA
2020-03-27 09:00:00,22.26,31.76,7.60,8.15,15.75,NA,NA,0.84,17.07,NA,NA,NA,NA,NA,NA,NA,NA,NA,NA,NA,0.00,NA,NA,NA
2020-03-27 10:00:00,19.88,35.19,7.76,8.54,16.31,NA,NA,0.87,22.69,NA,NA,NA,NA,NA,NA,NA,NA,NA,NA,NA,0.00,NA,NA,NA
2020-03-27 11:00:00,24.19,36.52,8.04,9.79,17.83,NA,NA,0.87,26.95,NA,NA,NA,NA,NA,NA,NA,NA,NA,NA,NA,0.00,NA,NA,NA
2020-03-27 12:00:00,21.36,36.26,8.41,10.45,18.86,NA,NA,1.02,44.81,NA,NA,NA,NA,NA,NA,NA,NA,NA,NA,NA,0.00,NA,NA,NA
2020-03-27 13:00:00,19.20,30.26,7.35,7.87,15.22,NA,NA,0.95,47.41,NA,NA,NA,NA,NA,NA,NA,NA,NA,NA,NA,0.00,NA,NA,NA
2020-03-27 14:00:00,12.46,21.92,7.80,8.19,16.00,NA,NA,0.94,47.69,NA,NA,NA,NA,NA,NA,NA,NA,NA,NA,NA,0.00,NA,NA,NA
2020-03-27 15:00:00,14.15,27.06,7.25,6.76,14.01,NA,NA,0.95,50.17,NA,NA,NA,NA,NA,NA,NA,NA,NA,NA,NA,0.00,NA,NA,NA
2020-03-27 16:00:00,16.78,27.93,7.21,6.75,13.96,NA,NA,0.96,50.52,NA,NA,NA,NA,NA,NA,NA,NA,NA,NA,NA,0.00,NA,NA,NA
2020-03-27 17:00:00,21.18,40.03,7.19,6.83,14.03,NA,NA,0.97,51.33,NA,NA,NA,NA,NA,NA,NA,NA,NA,NA,NA,0.00,NA,NA,NA
2020-03-27 18:00:00,19.01,39.96,7.05,7.08,14.13,NA,NA,0.95,48.09,NA,NA,NA,NA,NA,NA,NA,NA,NA,NA,NA,0.00,NA,NA,NA
2020-03-27 19:00:00,17.07,22.02,7.14,7.77,14.91,NA,NA,0.78,39.50,NA,NA,NA,NA,NA,NA,NA,NA,NA,NA,NA,0.00,NA,NA,NA
2020-03-27 20:00:00,7.94,13.08,7.15,7.71,14.87,NA,NA,0.76,38.61,NA,NA,NA,NA,NA,NA,NA,NA,NA,NA,NA,0.00,NA,NA,NA
2020-03-27 21:00:00,18.99,28.31,7.21,8.36,15.58,NA,NA,0.81,37.87,NA,NA,NA,NA,NA,NA,NA,NA,NA,NA,NA,0.00,NA,NA,NA
2020-03-27 22:00:00,20.57,30.19,7.41,9.08,16.49,NA,NA,0.84,29.10,NA,NA,NA,NA,NA,NA,NA,NA,NA,NA,NA,0.00,NA,NA,NA
2020-03-27 23:00:00,18.03,19.42,7.40,9.19,16.60,NA,NA,0.85,26.63,NA,NA,NA,NA,NA,NA,NA,NA,NA,NA,NA,0.00,NA,NA,NA
2020-03-28 00:00:00,17.00,15.10,7.39,9.24,16.63,NA,NA,0.84,18.84,NA,NA,NA,NA,NA,NA,NA,NA,NA,NA,NA,0.00,NA,NA,NA
2020-03-28 01:00:00,17.15,22.29,7.52,9.80,17.32,NA,NA,0.84,14.41,NA,NA,NA,NA,NA,NA,NA,NA,NA,NA,NA,0.00,NA,NA,NA
2020-03-28 02:00:00,19.33,21.36,7.67,9.43,17.10,NA,NA,0.84,10.85,NA,NA,NA,NA,NA,NA,NA,NA,NA,NA,NA,0.00,NA,NA,NA
2020-03-28 03:00:00,14.85,24.45,9.05,8.88,17.92,NA,NA,0.84,8.57,NA,NA,NA,NA,NA,NA,NA,NA,NA,NA,NA,0.00,NA,NA,NA
2020-03-28 04:00:00,13.41,16.93,7.79,8.52,16.31,NA,NA,0.82,16.90,NA,NA,NA,NA,NA,NA,NA,NA,NA,NA,NA,0.00,NA,NA,NA
2020-03-28 05:00:00,12.66,16.05,7.70,8.22,15.91,NA,NA,0.84,16.16,NA,NA,NA,NA,NA,NA,NA,NA,NA,NA,NA,0.00,NA,NA,NA
2020-03-28 06:00:00,8.33,10.77,8.02,10.75,18.77,NA,NA,0.84,13.37,NA,NA,NA,NA,NA,NA,NA,NA,NA,NA,NA,0.00,NA,NA,NA
2020-03-28 07:00:00,18.01,38.84,9.55,13.97,23.52,NA,NA,0.91,18.45,NA,NA,NA,NA,NA,NA,NA,NA,NA,NA,NA,0.00,NA,NA,NA
2020-03-28 08:00:00,38.78,53.02,9.23,11.41,20.63,NA,NA,0.71,30.73,NA,NA,NA,NA,NA,NA,NA,NA,NA,NA,NA,0.00,NA,NA,NA
2020-03-28 09:00:00,16.52,21.21,8.12,9.99,18.12,NA,NA,0.56,47.54,NA,NA,NA,NA,NA,NA,NA,NA,NA,NA,NA,0.00,NA,NA,NA
2020-03-28 10:00:00,9.88,16.99,7.57,8.74,16.31,NA,NA,0.55,49.15,NA,NA,NA,NA,NA,NA,NA,NA,NA,NA,NA,0.00,NA,NA,NA
2020-03-28 11:00:00,9.88,24.27,7.29,8.26,15.55,NA,NA,0.50,55.09,NA,NA,NA,NA,NA,NA,NA,NA,NA,NA,NA,0.00,NA,NA,NA
2020-03-28 12:00:00,34.26,58.33,7.25,7.95,15.19,NA,NA,0.51,55.04,NA,NA,NA,NA,NA,NA,NA,NA,NA,NA,NA,0.00,NA,NA,NA
2020-03-28 13:00:00,27.43,56.65,7.39,7.36,14.74,NA,NA,0.48,54.83,NA,NA,NA,NA,NA,NA,NA,NA,NA,NA,NA,0.00,NA,NA,NA
2020-03-28 14:00:00,6.16,10.29,7.35,7.42,14.77,NA,NA,0.41,56.55,NA,NA,NA,NA,NA,NA,NA,NA,NA,NA,NA,0.00,NA,NA,NA
2020-03-28 15:00:00,8.75,8.21,7.62,8.35,15.97,NA,NA,0.41,55.91,NA,NA,NA,NA,NA,NA,NA,NA,NA,NA,NA,0.00,NA,NA,NA
2020-03-28 16:00:00,7.20,23.53,7.22,6.97,14.19,NA,NA,0.41,55.68,NA,NA,NA,NA,NA,NA,NA,NA,NA,NA,NA,0.00,NA,NA,NA
2020-03-28 17:00:00,6.34,21.48,7.16,6.74,13.89,NA,NA,0.41,55.48,NA,NA,NA,NA,NA,NA,NA,NA,NA,NA,NA,0.00,NA,NA,NA
2020-03-28 18:00:00,5.87,22.66,7.19,7.40,14.59,NA,NA,0.42,53.43,NA,NA,NA,NA,NA,NA,NA,NA,NA,NA,NA,0.00,NA,NA,NA
2020-03-28 19:00:00,15.07,30.78,7.14,8.80,15.94,NA,NA,0.48,45.24,NA,NA,NA,NA,NA,NA,NA,NA,NA,NA,NA,0.00,NA,NA,NA
2020-03-28 20:00:00,20.94,35.36,7.11,8.63,15.74,NA,NA,0.56,39.57,NA,NA,NA,NA,NA,NA,NA,NA,NA,NA,NA,0.00,NA,NA,NA
2020-03-28 21:00:00,26.50,38.78,7.17,13.02,20.19,NA,NA,0.76,27.93,NA,NA,NA,NA,NA,NA,NA,NA,NA,NA,NA,0.00,NA,NA,NA
2020-03-28 22:00:00,26.51,34.75,7.31,16.12,23.43,NA,NA,0.71,22.13,NA,NA,NA,NA,NA,NA,NA,NA,NA,NA,NA,0.00,NA,NA,NA
2020-03-28 23:00:00,29.96,42.48,7.28,11.90,19.18,NA,NA,0.74,26.79,NA,NA,NA,NA,NA,NA,NA,NA,NA,NA,NA,0.00,NA,NA,NA
2020-03-29 00:00:00,33.31,42.89,7.24,9.44,16.68,NA,NA,0.70,30.21,NA,NA,NA,NA,NA,NA,NA,NA,NA,NA,NA,0.00,NA,NA,NA
2020-03-29 01:00:00,28.57,51.79,7.20,8.62,15.82,NA,NA,0.68,27.59,NA,NA,NA,NA,NA,NA,NA,NA,NA,NA,NA,0.00,NA,NA,NA
2020-03-29 02:00:00,20.00,37.34,7.18,8.20,15.38,NA,NA,0.63,28.66,NA,NA,NA,NA,NA,NA,NA,NA,NA,NA,NA,0.00,NA,NA,NA
2020-03-29 03:00:00,21.84,40.20,7.19,8.14,15.33,NA,NA,0.65,26.91,NA,NA,NA,NA,NA,NA,NA,NA,NA,NA,NA,0.00,NA,NA,NA
2020-03-29 04:00:00,20.99,49.03,7.29,11.41,18.70,NA,NA,0.66,20.43,NA,NA,NA,NA,NA,NA,NA,NA,NA,NA,NA,0.00,NA,NA,NA
2020-03-29 05:00:00,26.44,51.78,7.11,9.55,16.66,NA,NA,0.65,28.10,NA,NA,NA,NA,NA,NA,NA,NA,NA,NA,NA,0.00,NA,NA,NA
2020-03-29 06:00:00,25.66,47.55,7.17,7.85,15.01,NA,NA,0.69,31.01,NA,NA,NA,NA,NA,NA,NA,NA,NA,NA,NA,0.00,NA,NA,NA
2020-03-29 07:00:00,65.04,93.41,7.61,8.65,16.26,NA,NA,0.69,30.24,NA,NA,NA,NA,NA,NA,NA,NA,NA,NA,NA,0.00,NA,NA,NA
2020-03-29 08:00:00,25.01,49.54,8.14,10.23,18.37,NA,NA,0.67,41.01,NA,NA,NA,NA,NA,NA,NA,NA,NA,NA,NA,0.00,NA,NA,NA
2020-03-29 09:00:00,7.98,40.74,9.78,14.60,24.37,NA,NA,0.69,41.51,NA,NA,NA,NA,NA,NA,NA,NA,NA,NA,NA,0.00,NA,NA,NA
2020-03-29 10:00:00,12.43,47.29,11.19,18.23,29.42,NA,NA,0.64,43.04,NA,NA,NA,NA,NA,NA,NA,NA,NA,NA,NA,0.00,NA,NA,NA
2020-03-29 11:00:00,18.41,60.60,9.10,14.53,23.64,NA,NA,0.58,50.07,NA,NA,NA,NA,NA,NA,NA,NA,NA,NA,NA,0.00,NA,NA,NA
2020-03-29 12:00:00,19.57,68.53,8.79,12.43,21.22,NA,NA,0.57,53.74,NA,NA,NA,NA,NA,NA,NA,NA,NA,NA,NA,0.00,NA,NA,NA
2020-03-29 13:00:00,16.52,47.67,8.29,10.68,18.98,NA,NA,0.52,57.19,NA,NA,NA,NA,NA,NA,NA,NA,NA,NA,NA,0.00,NA,NA,NA
2020-03-29 14:00:00,12.57,47.72,7.48,8.06,15.54,NA,NA,0.52,61.87,NA,NA,NA,NA,NA,NA,NA,NA,NA,NA,NA,0.00,NA,NA,NA
2020-03-29 15:00:00,15.68,49.05,7.19,6.89,14.08,NA,NA,0.52,62.87,NA,NA,NA,NA,NA,NA,NA,NA,NA,NA,NA,0.00,NA,NA,NA
2020-03-29 16:00:00,16.12,46.25,7.13,6.89,14.02,NA,NA,0.53,63.65,NA,NA,NA,NA,NA,NA,NA,NA,NA,NA,NA,0.00,NA,NA,NA
2020-03-29 17:00:00,16.52,46.80,7.14,7.10,14.24,NA,NA,0.53,61.83,NA,NA,NA,NA,NA,NA,NA,NA,NA,NA,NA,0.00,NA,NA,NA
2020-03-29 18:00:00,19.49,55.34,7.10,7.26,14.35,NA,NA,0.54,59.47,NA,NA,NA,NA,NA,NA,NA,NA,NA,NA,NA,0.00,NA,NA,NA
2020-03-29 19:00:00,17.09,46.56,7.07,7.95,15.02,NA,NA,0.59,53.73,NA,NA,NA,NA,NA,NA,NA,NA,NA,NA,NA,0.00,NA,NA,NA
2020-03-29 20:00:00,24.26,51.79,7.07,8.79,15.86,NA,NA,0.64,48.24,NA,NA,NA,NA,NA,NA,NA,NA,NA,NA,NA,0.00,NA,NA,NA
2020-03-29 21:00:00,34.13,49.00,7.20,15.39,22.60,NA,NA,0.64,36.40,NA,NA,NA,NA,NA,NA,NA,NA,NA,NA,NA,0.00,NA,NA,NA
2020-03-29 22:00:00,31.16,56.09,7.17,13.73,20.90,NA,NA,0.64,34.98,NA,NA,NA,NA,NA,NA,NA,NA,NA,NA,NA,0.00,NA,NA,NA
2020-03-29 23:00:00,30.76,55.72,7.19,9.28,16.47,NA,NA,0.60,37.81,NA,NA,NA,NA,NA,NA,NA,NA,NA,NA,NA,0.00,NA,NA,NA
2020-03-30 00:00:00,30.00,50.05,7.21,8.29,15.50,NA,NA,0.61,36.70,NA,NA,NA,NA,NA,NA,NA,NA,NA,NA,NA,0.00,NA,NA,NA
2020-03-30 01:00:00,23.21,45.88,7.22,8.44,15.66,NA,NA,0.61,33.77,NA,NA,NA,NA,NA,NA,NA,NA,NA,NA,NA,0.00,NA,NA,NA
2020-03-30 02:00:00,26.21,44.37,7.31,8.05,15.36,NA,NA,0.61,29.50,NA,NA,NA,NA,NA,NA,NA,NA,NA,NA,NA,0.00,NA,NA,NA
2020-03-30 03:00:00,27.99,47.53,7.33,8.67,16.00,NA,NA,0.62,28.08,NA,NA,NA,NA,NA,NA,NA,NA,NA,NA,NA,0.00,NA,NA,NA
2020-03-30 04:00:00,27.93,51.65,7.35,12.16,19.50,NA,NA,0.62,23.27,NA,NA,NA,NA,NA,NA,NA,NA,NA,NA,NA,0.00,NA,NA,NA
2020-03-30 05:00:00,32.45,57.35,7.25,9.40,16.65,NA,NA,0.64,26.37,NA,NA,NA,NA,NA,NA,NA,NA,NA,NA,NA,0.00,NA,NA,NA
2020-03-30 06:00:00,39.64,71.48,7.29,8.90,16.20,NA,NA,0.67,19.24,NA,NA,NA,NA,NA,NA,NA,NA,NA,NA,NA,0.00,NA,NA,NA
2020-03-30 07:00:00,51.60,102.10,8.08,10.21,18.29,NA,NA,0.78,22.52,NA,NA,NA,NA,NA,NA,NA,NA,NA,NA,NA,0.00,NA,NA,NA
2020-03-30 08:00:00,55.21,82.97,8.22,10.91,19.13,NA,NA,0.72,39.64,NA,NA,NA,NA,NA,NA,NA,NA,NA,NA,NA,0.00,NA,NA,NA
2020-03-30 09:00:00,18.47,38.40,7.92,10.49,18.41,NA,NA,0.65,52.78,NA,NA,NA,NA,NA,NA,NA,NA,NA,NA,NA,0.00,NA,NA,NA
2020-03-30 10:00:00,18.37,41.84,7.45,8.93,16.39,NA,NA,0.63,58.66,NA,NA,NA,NA,NA,NA,NA,NA,NA,NA,NA,0.00,NA,NA,NA
2020-03-30 11:00:00,37.72,68.68,7.93,10.61,18.54,NA,NA,0.63,58.22,NA,NA,NA,NA,NA,NA,NA,NA,NA,NA,NA,0.00,NA,NA,NA
2020-03-30 12:00:00,44.33,72.50,7.27,7.76,15.04,NA,NA,0.61,66.41,NA,NA,NA,NA,NA,NA,NA,NA,NA,NA,NA,0.00,NA,NA,NA
2020-03-30 13:00:00,19.92,45.18,7.16,7.15,14.32,NA,NA,0.56,65.38,NA,NA,NA,NA,NA,NA,NA,NA,NA,NA,NA,0.00,NA,NA,NA
2020-03-30 14:00:00,12.97,41.20,7.16,7.10,14.27,NA,NA,0.58,69.92,NA,NA,NA,NA,NA,NA,NA,NA,NA,NA,NA,0.00,NA,NA,NA
2020-03-30 15:00:00,19.55,54.40,7.20,7.19,14.39,NA,NA,0.58,69.76,NA,NA,NA,NA,NA,NA,NA,NA,NA,NA,NA,0.00,NA,NA,NA
2020-03-30 16:00:00,27.28,51.25,7.20,7.33,14.53,NA,NA,0.62,69.49,NA,NA,NA,NA,NA,NA,NA,NA,NA,NA,NA,0.00,NA,NA,NA
2020-03-30 17:00:00,21.38,48.07,7.13,7.62,14.75,NA,NA,0.62,70.77,NA,NA,NA,NA,NA,NA,NA,NA,NA,NA,NA,0.00,NA,NA,NA
2020-03-30 18:00:00,23.82,47.48,7.14,8.49,15.64,NA,NA,0.62,63.74,NA,NA,NA,NA,NA,NA,NA,NA,NA,NA,NA,0.00,NA,NA,NA
2020-03-30 19:00:00,23.59,44.14,7.19,8.40,15.59,NA,NA,0.65,56.52,NA,NA,NA,NA,NA,NA,NA,NA,NA,NA,NA,0.00,NA,NA,NA
2020-03-30 20:00:00,26.63,41.04,7.17,10.82,17.99,NA,NA,0.72,45.68,NA,NA,NA,NA,NA,NA,NA,NA,NA,NA,NA,0.00,NA,NA,NA
2020-03-30 21:00:00,36.54,68.90,7.14,12.57,19.71,NA,NA,0.71,38.51,NA,NA,NA,NA,NA,NA,NA,NA,NA,NA,NA,0.00,NA,NA,NA
2020-03-30 22:00:00,42.47,64.74,7.31,14.07,21.37,NA,NA,0.69,30.72,NA,NA,NA,NA,NA,NA,NA,NA,NA,NA,NA,0.00,NA,NA,NA
2020-03-30 23:00:00,40.21,61.78,7.19,9.76,16.94,NA,NA,0.61,39.00,NA,NA,NA,NA,NA,NA,NA,NA,NA,NA,NA,0.00,NA,NA,NA
2020-03-31 00:00:00,35.89,51.82,7.13,9.07,16.20,NA,NA,0.58,38.86,NA,NA,NA,NA,NA,NA,NA,NA,NA,NA,NA,0.00,NA,NA,NA
2020-03-31 01:00:00,36.93,59.69,7.20,13.10,20.30,NA,NA,0.57,32.83,NA,NA,NA,NA,NA,NA,NA,NA,NA,NA,NA,0.00,NA,NA,NA
2020-03-31 02:00:00,38.23,59.24,7.31,15.22,22.54,NA,NA,0.61,31.86,NA,NA,NA,NA,NA,NA,NA,NA,NA,NA,NA,0.00,NA,NA,NA
2020-03-31 03:00:00,40.03,54.72,7.38,10.42,17.80,NA,NA,0.62,36.08,NA,NA,NA,NA,NA,NA,NA,NA,NA,NA,NA,0.00,NA,NA,NA
2020-03-31 04:00:00,36.87,61.79,7.27,9.48,16.75,NA,NA,0.61,38.39,NA,NA,NA,NA,NA,NA,NA,NA,NA,NA,NA,0.00,NA,NA,NA
2020-03-31 05:00:00,40.54,47.26,7.29,10.10,17.39,NA,NA,0.60,36.57,NA,NA,NA,NA,NA,NA,NA,NA,NA,NA,NA,0.00,NA,NA,NA
2020-03-31 06:00:00,35.55,59.82,7.34,9.38,16.72,NA,NA,0.59,34.11,NA,NA,NA,NA,NA,NA,NA,NA,NA,NA,NA,0.00,NA,NA,NA
2020-03-31 07:00:00,32.48,50.13,7.81,10.20,18.01,NA,NA,0.62,34.41,NA,NA,NA,NA,NA,NA,NA,NA,NA,NA,NA,0.00,NA,NA,NA
2020-03-31 08:00:00,42.68,80.41,8.00,10.90,18.90,NA,NA,0.63,46.13,NA,NA,NA,NA,NA,NA,NA,NA,NA,NA,NA,0.00,NA,NA,NA
2020-03-31 09:00:00,22.22,43.44,7.74,10.14,17.87,NA,NA,0.52,55.82,NA,NA,NA,NA,NA,NA,NA,NA,NA,NA,NA,0.00,NA,NA,NA
2020-03-31 10:00:00,19.08,45.48,7.52,10.53,18.05,NA,NA,0.52,66.00,NA,NA,NA,NA,NA,NA,NA,NA,NA,NA,NA,0.00,NA,NA,NA
2020-03-31 11:00:00,22.79,51.47,7.43,10.30,17.73,NA,NA,0.48,65.76,NA,NA,NA,NA,NA,NA,NA,NA,NA,NA,NA,0.00,NA,NA,NA
2020-03-31 12:00:00,21.14,53.65,7.24,8.66,15.90,NA,NA,0.47,73.33,NA,NA,NA,NA,NA,NA,NA,NA,NA,NA,NA,0.00,NA,NA,NA
2020-03-31 13:00:00,23.71,49.67,7.28,7.87,15.15,NA,NA,0.46,66.40,NA,NA,NA,NA,NA,NA,NA,NA,NA,NA,NA,0.00,NA,NA,NA
2020-03-31 14:00:00,18.81,48.40,7.25,7.56,14.82,NA,NA,0.46,67.58,NA,NA,NA,NA,NA,NA,NA,NA,NA,NA,NA,0.00,NA,NA,NA
2020-03-31 15:00:00,23.34,60.24,7.20,7.52,14.72,NA,NA,0.48,68.49,NA,NA,NA,NA,NA,NA,NA,NA,NA,NA,NA,0.00,NA,NA,NA
2020-03-31 16:00:00,18.45,50.09,7.24,7.20,14.45,NA,NA,0.48,67.85,NA,NA,NA,NA,NA,NA,NA,NA,NA,NA,NA,0.00,NA,NA,NA
2020-03-31 17:00:00,19.52,54.96,7.18,7.89,15.07,NA,NA,0.49,62.05,NA,NA,NA,NA,NA,NA,NA,NA,NA,NA,NA,0.00,NA,NA,NA
2020-03-31 18:00:00,21.36,56.76,7.17,8.68,15.85,NA,NA,0.52,54.23,NA,NA,NA,NA,NA,NA,NA,NA,NA,NA,NA,0.00,NA,NA,NA
2020-03-31 19:00:00,29.16,62.88,7.18,9.42,16.60,NA,NA,0.63,51.58,NA,NA,NA,NA,NA,NA,NA,NA,NA,NA,NA,0.00,NA,NA,NA
2020-03-31 20:00:00,31.84,64.39,7.21,9.21,16.44,NA,NA,0.64,49.81,NA,NA,NA,NA,NA,NA,NA,NA,NA,NA,NA,0.00,NA,NA,NA
2020-03-31 21:00:00,26.86,71.28,7.16,8.11,15.27,NA,NA,0.63,44.68,NA,NA,NA,NA,NA,NA,NA,NA,NA,NA,NA,0.00,NA,NA,NA
2020-03-31 22:00:00,31.46,77.01,7.28,8.21,15.50,NA,NA,0.64,38.91,NA,NA,NA,NA,NA,NA,NA,NA,NA,NA,NA,0.00,NA,NA,NA
2020-03-31 23:00:00,14.55,32.56,7.28,8.68,15.94,NA,NA,0.62,36.43,NA,NA,NA,NA,NA,NA,NA,NA,NA,NA,NA,0.00,NA,NA,NA
2020-04-01 00:00:00,16.42,26.71,7.24,7.96,15.21,NA,NA,0.59,38.23,NA,NA,NA,NA,NA,NA,NA,NA,NA,NA,NA,0.00,NA,NA,NA
2020-04-01 01:00:00,20.58,40.62,7.41,10.09,17.50,NA,NA,0.65,29.81,NA,NA,NA,NA,NA,NA,NA,NA,NA,NA,NA,0.00,NA,NA,NA
2020-04-01 02:00:00,14.58,44.64,7.33,9.69,17.02,NA,NA,0.63,27.41,NA,NA,NA,NA,NA,NA,NA,NA,NA,NA,NA,0.00,NA,NA,NA
2020-04-01 03:00:00,24.43,42.43,7.79,10.42,18.21,NA,NA,0.62,16.88,NA,NA,NA,NA,NA,NA,NA,NA,NA,NA,NA,0.00,NA,NA,NA
2020-04-01 04:00:00,20.86,52.50,8.34,10.82,19.17,NA,NA,0.63,11.19,NA,NA,NA,NA,NA,NA,NA,NA,NA,NA,NA,0.00,NA,NA,NA
2020-04-01 05:00:00,25.47,45.58,7.84,10.42,18.26,NA,NA,0.63,11.93,NA,NA,NA,NA,NA,NA,NA,NA,NA,NA,NA,0.00,NA,NA,NA
2020-04-01 06:00:00,21.66,44.95,8.50,9.85,18.35,NA,NA,0.64,9.34,NA,NA,NA,NA,NA,NA,NA,NA,NA,NA,NA,0.00,NA,NA,NA
2020-04-01 07:00:00,23.33,46.04,9.98,10.99,20.98,NA,NA,0.72,12.29,NA,NA,NA,NA,NA,NA,NA,NA,NA,NA,NA,0.00,NA,NA,NA
2020-04-01 08:00:00,39.02,71.73,11.37,16.46,27.84,NA,NA,0.81,21.65,NA,NA,NA,NA,NA,NA,NA,NA,NA,NA,NA,0.00,NA,NA,NA
2020-04-01 09:00:00,49.17,91.85,9.80,15.78,25.56,NA,NA,0.83,38.24,NA,NA,NA,NA,NA,NA,NA,NA,NA,NA,NA,0.00,NA,NA,NA
2020-04-01 10:00:00,53.75,96.64,8.24,13.13,21.36,NA,NA,0.82,52.63,NA,NA,NA,NA,NA,NA,NA,NA,NA,NA,NA,0.00,NA,NA,NA
2020-04-01 11:00:00,48.90,97.49,7.59,11.29,18.87,NA,NA,0.75,67.94,NA,NA,NA,NA,NA,NA,NA,NA,NA,NA,NA,0.00,NA,NA,NA
2020-04-01 12:00:00,41.77,79.24,7.31,8.34,15.64,NA,NA,0.63,68.44,NA,NA,NA,NA,NA,NA,NA,NA,NA,NA,NA,0.00,NA,NA,NA
2020-04-01 13:00:00,30.78,68.78,7.24,8.05,15.29,NA,NA,0.66,79.42,NA,NA,NA,NA,NA,NA,NA,NA,NA,NA,NA,0.00,NA,NA,NA
2020-04-01 14:00:00,32.18,67.31,7.26,7.67,14.92,NA,NA,0.64,76.75,NA,NA,NA,NA,NA,NA,NA,NA,NA,NA,NA,0.00,NA,NA,NA
2020-04-01 15:00:00,25.17,71.70,7.25,7.35,14.60,NA,NA,0.62,74.04,NA,NA,NA,NA,NA,NA,NA,NA,NA,NA,NA,0.00,NA,NA,NA
2020-04-01 16:00:00,34.51,82.00,7.26,7.29,14.55,NA,NA,0.66,72.11,NA,NA,NA,NA,NA,NA,NA,NA,NA,NA,NA,0.00,NA,NA,NA
2020-04-01 17:00:00,31.28,69.21,7.27,6.94,14.21,NA,NA,0.60,67.66,NA,NA,NA,NA,NA,NA,NA,NA,NA,NA,NA,0.00,NA,NA,NA
2020-04-01 18:00:00,22.09,54.18,7.21,7.00,14.21,NA,NA,0.63,62.79,NA,NA,NA,NA,NA,NA,NA,NA,NA,NA,NA,0.00,NA,NA,NA
2020-04-01 19:00:00,22.28,49.33,7.19,7.78,14.98,NA,NA,0.68,56.08,NA,NA,NA,NA,NA,NA,NA,NA,NA,NA,NA,0.00,NA,NA,NA
2020-04-01 20:00:00,21.44,40.02,7.20,8.22,15.42,NA,NA,0.70,48.89,NA,NA,NA,NA,NA,NA,NA,NA,NA,NA,NA,0.00,NA,NA,NA
2020-04-01 21:00:00,26.16,46.34,7.19,9.36,16.54,NA,NA,0.73,43.71,NA,NA,NA,NA,NA,NA,NA,NA,NA,NA,NA,0.00,NA,NA,NA
2020-04-01 22:00:00,25.37,45.64,7.14,12.92,20.06,NA,NA,0.72,37.59,NA,NA,NA,NA,NA,NA,NA,NA,NA,NA,NA,0.00,NA,NA,NA
2020-04-01 23:00:00,26.99,44.18,7.27,15.94,23.21,NA,NA,0.71,32.77,NA,NA,NA,NA,NA,NA,NA,NA,NA,NA,NA,0.00,NA,NA,NA
2020-04-02 00:00:00,31.85,44.38,7.24,12.73,19.97,NA,NA,0.70,32.40,NA,NA,NA,NA,NA,NA,NA,NA,NA,NA,NA,0.00,NA,NA,NA
2020-04-02 01:00:00,22.36,48.14,7.18,13.17,20.36,NA,NA,0.68,27.14,NA,NA,NA,NA,NA,NA,NA,NA,NA,NA,NA,0.00,NA,NA,NA
2020-04-02 02:00:00,24.17,49.87,7.17,9.01,16.17,NA,NA,0.71,30.09,NA,NA,NA,NA,NA,NA,NA,NA,NA,NA,NA,0.00,NA,NA,NA
2020-04-02 03:00:00,34.64,51.22,7.23,11.15,18.38,NA,NA,0.71,27.35,NA,NA,NA,NA,NA,NA,NA,NA,NA,NA,NA,0.00,NA,NA,NA
2020-04-02 04:00:00,30.56,53.31,7.26,14.12,21.38,NA,NA,0.62,21.65,NA,NA,NA,NA,NA,NA,NA,NA,NA,NA,NA,0.00,NA,NA,NA
2020-04-02 05:00:00,25.60,47.78,7.20,9.13,16.33,NA,NA,0.62,29.86,NA,NA,NA,NA,NA,NA,NA,NA,NA,NA,NA,0.00,NA,NA,NA
2020-04-02 06:00:00,22.18,45.65,7.26,9.36,16.62,NA,NA,0.62,29.68,NA,NA,NA,NA,NA,NA,NA,NA,NA,NA,NA,0.00,NA,NA,NA
2020-04-02 07:00:00,29.85,56.67,7.77,10.16,17.93,NA,NA,0.67,37.11,NA,NA,NA,NA,NA,NA,NA,NA,NA,NA,NA,0.00,NA,NA,NA
2020-04-02 08:00:00,32.49,63.25,8.17,11.87,20.05,NA,NA,0.65,42.33,NA,NA,NA,NA,NA,NA,NA,NA,NA,NA,NA,0.00,NA,NA,NA
2020-04-02 09:00:00,52.77,112.71,8.25,12.31,20.56,NA,NA,0.64,49.04,NA,NA,NA,NA,NA,NA,NA,NA,NA,NA,NA,0.00,NA,NA,NA
2020-04-02 10:00:00,62.69,129.44,8.82,9.96,18.78,NA,NA,0.59,57.20,NA,NA,NA,NA,NA,NA,NA,NA,NA,NA,NA,0.00,NA,NA,NA
2020-04-02 11:00:00,NA,NA,NA,NA,NA,NA,NA,NA,NA,NA,NA,NA,NA,NA,NA,NA,NA,NA,NA,NA,0.00,NA,NA,NA
2020-04-02 12:00:00,34.50,83.49,299.60,121.09,94.23,NA,NA,0.74,36.11,NA,NA,NA,NA,NA,NA,NA,NA,NA,NA,NA,0.00,NA,NA,NA
2020-04-02 13:00:00,NA,NA,9.62,8.26,17.84,NA,NA,0.64,27.31,NA,NA,NA,NA,NA,NA,NA,NA,NA,NA,NA,0.00,NA,NA,NA
2020-04-02 14:00:00,NA,NA,NA,NA,NA,NA,NA,NA,NA,NA,NA,NA,NA,NA,NA,NA,NA,NA,NA,NA,0.00,NA,NA,NA
2020-04-02 15:00:00,NA,NA,NA,NA,NA,NA,NA,NA,NA,NA,NA,NA,NA,NA,NA,NA,NA,NA,NA,NA,0.00,NA,NA,NA
2020-04-02 16:00:00,NA,NA,NA,NA,NA,NA,NA,NA,NA,NA,NA,NA,NA,NA,NA,NA,NA,NA,NA,NA,0.00,NA,NA,NA
2020-04-02 17:00:00,NA,NA,NA,NA,NA,NA,NA,NA,NA,NA,NA,NA,NA,NA,NA,NA,NA,NA,NA,NA,0.00,NA,NA,NA
2020-04-02 18:00:00,NA,NA,157.14,58.31,101.83,NA,NA,0.65,26.74,NA,NA,NA,NA,NA,NA,NA,NA,NA,NA,NA,0.00,NA,NA,NA
2020-04-02 19:00:00,NA,NA,6.51,8.40,14.91,NA,NA,0.63,30.02,NA,NA,NA,NA,NA,NA,NA,NA,NA,NA,NA,0.00,NA,NA,NA
2020-04-02 20:00:00,NA,NA,6.27,9.55,15.82,NA,NA,0.70,22.01,NA,NA,NA,NA,NA,NA,NA,NA,NA,NA,NA,0.00,NA,NA,NA
2020-04-02 21:00:00,1.89,7.59,6.29,10.03,16.32,NA,NA,0.68,19.78,NA,NA,NA,NA,NA,NA,NA,NA,NA,NA,NA,0.00,NA,NA,NA
2020-04-02 22:00:00,NA,27.00,6.37,10.42,16.79,NA,NA,0.66,18.54,NA,NA,NA,NA,NA,NA,NA,NA,NA,NA,NA,0.00,NA,NA,NA
2020-04-02 23:00:00,6.60,18.30,6.34,10.13,16.46,NA,NA,0.55,20.96,NA,NA,NA,NA,NA,NA,NA,NA,NA,NA,NA,0.00,NA,NA,NA
2020-04-03 00:00:00,2.37,15.57,6.47,9.42,15.90,NA,NA,0.51,21.40,NA,NA,NA,NA,NA,NA,NA,NA,NA,NA,NA,0.00,NA,NA,NA
2020-04-03 01:00:00,6.21,10.58,6.53,8.98,15.51,NA,NA,0.44,22.67,NA,NA,NA,NA,NA,NA,NA,NA,NA,NA,NA,0.00,NA,NA,NA
2020-04-03 02:00:00,8.03,18.09,6.51,8.33,14.84,NA,NA,0.36,23.39,NA,NA,NA,NA,NA,NA,NA,NA,NA,NA,NA,0.00,NA,NA,NA
2020-04-03 03:00:00,6.46,30.72,7.13,11.99,19.13,NA,NA,0.41,18.06,NA,NA,NA,NA,NA,NA,NA,NA,NA,NA,NA,0.00,NA,NA,NA
2020-04-03 04:00:00,29.06,45.66,6.57,12.78,19.34,NA,NA,0.45,16.39,NA,NA,NA,NA,NA,NA,NA,NA,NA,NA,NA,0.00,NA,NA,NA
2020-04-03 05:00:00,45.92,82.18,6.56,10.95,17.51,NA,NA,0.52,14.80,NA,NA,NA,NA,NA,NA,NA,NA,NA,NA,NA,0.00,NA,NA,NA
2020-04-03 06:00:00,61.13,94.73,6.67,11.64,18.31,NA,NA,0.56,12.56,NA,NA,NA,NA,NA,NA,NA,NA,NA,NA,NA,0.00,NA,NA,NA
2020-04-03 07:00:00,49.36,69.28,7.30,12.12,19.41,NA,NA,0.57,17.86,NA,NA,NA,NA,NA,NA,NA,NA,NA,NA,NA,0.00,NA,NA,NA
2020-04-03 08:00:00,23.97,78.07,25.23,12.93,38.17,NA,NA,0.43,25.75,NA,NA,NA,NA,NA,NA,NA,NA,NA,NA,NA,0.00,NA,NA,NA
2020-04-03 09:00:00,NA,19.96,8.61,10.93,19.52,NA,NA,0.49,28.46,NA,NA,NA,NA,NA,NA,NA,NA,NA,NA,NA,0.00,NA,NA,NA
2020-04-03 10:00:00,NA,NA,7.42,9.56,16.97,NA,NA,0.46,35.29,NA,NA,NA,NA,NA,NA,NA,NA,NA,NA,NA,0.00,NA,NA,NA
2020-04-03 11:00:00,NA,NA,6.81,8.12,14.93,NA,NA,0.35,39.07,NA,NA,NA,NA,NA,NA,NA,NA,NA,NA,NA,0.00,NA,NA,NA
2020-04-03 12:00:00,NA,NA,7.03,9.72,16.75,NA,NA,0.34,38.53,NA,NA,NA,NA,NA,NA,NA,NA,NA,NA,NA,0.00,NA,NA,NA
2020-04-03 13:00:00,NA,9.59,7.26,11.05,18.31,NA,NA,0.34,38.08,NA,NA,NA,NA,NA,NA,NA,NA,NA,NA,NA,0.00,NA,NA,NA
2020-04-03 14:00:00,NA,14.25,7.01,10.25,17.26,NA,NA,0.30,39.17,NA,NA,NA,NA,NA,NA,NA,NA,NA,NA,NA,0.00,NA,NA,NA
2020-04-03 15:00:00,1.75,30.80,7.38,12.08,19.46,NA,NA,0.32,38.11,NA,NA,NA,NA,NA,NA,NA,NA,NA,NA,NA,0.00,NA,NA,NA
2020-04-03 16:00:00,2.99,26.21,6.76,8.24,15.00,NA,NA,0.37,43.04,NA,NA,NA,NA,NA,NA,NA,NA,NA,NA,NA,0.00,NA,NA,NA
2020-04-03 17:00:00,6.43,30.27,6.62,7.34,13.96,NA,NA,0.37,39.28,NA,NA,NA,NA,NA,NA,NA,NA,NA,NA,NA,0.00,NA,NA,NA
2020-04-03 18:00:00,16.09,31.38,6.68,7.59,14.27,NA,NA,0.39,37.81,NA,NA,NA,NA,NA,NA,NA,NA,NA,NA,NA,0.00,NA,NA,NA
2020-04-03 19:00:00,17.05,37.06,6.60,8.59,15.20,NA,NA,0.43,33.74,NA,NA,NA,NA,NA,NA,NA,NA,NA,NA,NA,0.00,NA,NA,NA
2020-04-03 20:00:00,14.92,44.59,6.67,9.61,16.28,NA,NA,0.44,28.83,NA,NA,NA,NA,NA,NA,NA,NA,NA,NA,NA,0.00,NA,NA,NA
2020-04-03 21:00:00,28.67,49.53,6.67,10.21,16.88,NA,NA,0.43,27.23,NA,NA,NA,NA,NA,NA,NA,NA,NA,NA,NA,0.00,NA,NA,NA
2020-04-03 22:00:00,28.77,51.20,6.69,11.64,18.32,NA,NA,0.48,25.65,NA,NA,NA,NA,NA,NA,NA,NA,NA,NA,NA,0.00,NA,NA,NA
2020-04-03 23:00:00,46.42,76.53,6.72,10.28,17.01,NA,NA,0.48,21.89,NA,NA,NA,NA,NA,NA,NA,NA,NA,NA,NA,0.00,NA,NA,NA
2020-04-04 00:00:00,43.18,62.51,6.70,10.44,17.14,NA,NA,0.46,20.13,NA,NA,NA,NA,NA,NA,NA,NA,NA,NA,NA,0.00,NA,NA,NA
2020-04-04 01:00:00,45.92,68.79,6.81,10.75,17.55,NA,NA,0.47,22.58,NA,NA,NA,NA,NA,NA,NA,NA,NA,NA,NA,0.00,NA,NA,NA
2020-04-04 02:00:00,35.28,63.42,6.83,10.41,17.25,NA,NA,0.42,14.77,NA,NA,NA,NA,NA,NA,NA,NA,NA,NA,NA,0.00,NA,NA,NA
2020-04-04 03:00:00,42.63,56.53,6.90,10.12,17.02,NA,NA,0.47,11.96,NA,NA,NA,NA,NA,NA,NA,NA,NA,NA,NA,0.00,NA,NA,NA
2020-04-04 04:00:00,47.17,67.38,6.86,10.13,16.99,NA,NA,0.46,14.85,NA,NA,NA,NA,NA,NA,NA,NA,NA,NA,NA,0.00,NA,NA,NA
2020-04-04 05:00:00,48.60,73.53,6.96,10.31,17.27,NA,NA,0.45,14.15,NA,NA,NA,NA,NA,NA,NA,NA,NA,NA,NA,0.00,NA,NA,NA
2020-04-04 06:00:00,64.50,90.13,7.03,10.10,17.12,NA,NA,0.46,15.28,NA,NA,NA,NA,NA,NA,NA,NA,NA,NA,NA,0.00,NA,NA,NA
2020-04-04 07:00:00,97.67,133.06,7.47,11.61,19.09,NA,NA,0.55,18.36,NA,NA,NA,NA,NA,NA,NA,NA,NA,NA,NA,0.00,NA,NA,NA
2020-04-04 08:00:00,95.46,126.26,7.32,11.07,18.38,NA,NA,0.47,27.24,NA,NA,NA,NA,NA,NA,NA,NA,NA,NA,NA,0.00,NA,NA,NA
2020-04-04 09:00:00,53.14,78.57,7.02,10.16,17.19,NA,NA,0.45,36.17,NA,NA,NA,NA,NA,NA,NA,NA,NA,NA,NA,0.00,NA,NA,NA
2020-04-04 10:00:00,30.26,46.94,6.97,10.38,17.35,NA,NA,0.43,38.81,NA,NA,NA,NA,NA,NA,NA,NA,NA,NA,NA,0.00,NA,NA,NA
2020-04-04 11:00:00,5.32,28.92,6.84,8.67,15.50,NA,NA,0.37,39.98,NA,NA,NA,NA,NA,NA,NA,NA,NA,NA,NA,0.00,NA,NA,NA
2020-04-04 12:00:00,0.13,18.39,6.80,7.45,14.25,NA,NA,0.32,38.18,NA,NA,NA,NA,NA,NA,NA,NA,NA,NA,NA,0.00,NA,NA,NA
2020-04-04 13:00:00,0.74,19.63,6.87,7.72,14.60,NA,NA,0.33,37.89,NA,NA,NA,NA,NA,NA,NA,NA,NA,NA,NA,0.00,NA,NA,NA
2020-04-04 14:00:00,2.32,36.46,7.70,13.43,21.13,NA,NA,0.30,36.74,NA,NA,NA,NA,NA,NA,NA,NA,NA,NA,NA,0.00,NA,NA,NA
2020-04-04 15:00:00,9.42,40.21,7.23,10.56,17.80,NA,NA,0.27,37.18,NA,NA,NA,NA,NA,NA,NA,NA,NA,NA,NA,0.00,NA,NA,NA
2020-04-04 16:00:00,7.52,42.37,7.01,8.89,15.89,NA,NA,0.25,36.80,NA,NA,NA,NA,NA,NA,NA,NA,NA,NA,NA,0.00,NA,NA,NA
2020-04-04 17:00:00,10.90,45.41,6.80,7.03,13.83,NA,NA,0.19,33.88,NA,NA,NA,NA,NA,NA,NA,NA,NA,NA,NA,0.00,NA,NA,NA
2020-04-04 18:00:00,15.16,45.15,6.81,8.04,14.86,NA,NA,0.14,34.54,NA,NA,NA,NA,NA,NA,NA,NA,NA,NA,NA,0.00,NA,NA,NA
2020-04-04 19:00:00,14.93,51.15,6.81,8.88,15.69,NA,NA,0.23,30.29,NA,NA,NA,NA,NA,NA,NA,NA,NA,NA,NA,0.00,NA,NA,NA
2020-04-04 20:00:00,27.53,54.39,6.77,9.56,16.34,NA,NA,0.30,26.25,NA,NA,NA,NA,NA,NA,NA,NA,NA,NA,NA,0.00,NA,NA,NA
2020-04-04 21:00:00,62.19,85.95,6.70,10.40,17.10,NA,NA,0.39,20.69,NA,NA,NA,NA,NA,NA,NA,NA,NA,NA,NA,0.00,NA,NA,NA
2020-04-04 22:00:00,42.41,73.92,6.78,10.86,17.65,NA,NA,0.35,17.97,NA,NA,NA,NA,NA,NA,NA,NA,NA,NA,NA,0.00,NA,NA,NA
2020-04-04 23:00:00,53.99,77.36,6.78,11.52,18.30,NA,NA,0.48,15.26,NA,NA,NA,NA,NA,NA,NA,NA,NA,NA,NA,0.00,NA,NA,NA
2020-04-05 00:00:00,66.00,106.37,6.93,12.26,19.18,NA,NA,0.57,11.84,NA,NA,NA,NA,NA,NA,NA,NA,NA,NA,NA,0.00,NA,NA,NA
2020-04-05 01:00:00,76.12,113.69,6.93,13.76,20.69,NA,NA,0.63,9.84,NA,NA,NA,NA,NA,NA,NA,NA,NA,NA,NA,0.00,NA,NA,NA
2020-04-05 02:00:00,68.24,110.39,6.99,12.38,19.37,NA,NA,0.51,9.71,NA,NA,NA,NA,NA,NA,NA,NA,NA,NA,NA,0.00,NA,NA,NA
2020-04-05 03:00:00,56.04,85.10,6.88,11.79,18.67,NA,NA,0.45,12.06,NA,NA,NA,NA,NA,NA,NA,NA,NA,NA,NA,0.00,NA,NA,NA
2020-04-05 04:00:00,47.25,77.51,6.98,11.75,18.73,NA,NA,0.45,12.10,NA,NA,NA,NA,NA,NA,NA,NA,NA,NA,NA,0.00,NA,NA,NA
2020-04-05 05:00:00,51.85,76.88,7.02,11.99,19.01,NA,NA,0.42,13.31,NA,NA,NA,NA,NA,NA,NA,NA,NA,NA,NA,0.00,NA,NA,NA
2020-04-05 06:00:00,48.26,77.25,7.17,11.48,18.65,NA,NA,0.41,10.42,NA,NA,NA,NA,NA,NA,NA,NA,NA,NA,NA,0.00,NA,NA,NA
2020-04-05 07:00:00,55.22,83.25,8.28,13.71,21.99,NA,NA,0.53,10.12,NA,NA,NA,NA,NA,NA,NA,NA,NA,NA,NA,0.00,NA,NA,NA
2020-04-05 08:00:00,80.62,128.46,8.18,15.75,23.93,NA,NA,0.49,24.46,NA,NA,NA,NA,NA,NA,NA,NA,NA,NA,NA,0.00,NA,NA,NA
2020-04-05 09:00:00,80.36,129.22,7.39,13.22,20.61,NA,NA,0.43,34.12,NA,NA,NA,NA,NA,NA,NA,NA,NA,NA,NA,0.00,NA,NA,NA
2020-04-05 10:00:00,113.28,171.80,7.12,11.71,18.83,NA,NA,0.46,40.51,NA,NA,NA,NA,NA,NA,NA,NA,NA,NA,NA,0.00,NA,NA,NA
2020-04-05 11:00:00,50.51,125.56,7.06,8.95,16.00,NA,NA,0.33,39.93,NA,NA,NA,NA,NA,NA,NA,NA,NA,NA,NA,0.00,NA,NA,NA
2020-04-05 12:00:00,4.21,69.52,6.85,8.14,15.00,NA,NA,0.31,40.83,NA,NA,NA,NA,NA,NA,NA,NA,NA,NA,NA,0.00,NA,NA,NA
2020-04-05 13:00:00,2.51,54.54,6.80,7.68,14.48,NA,NA,0.27,38.60,NA,NA,NA,NA,NA,NA,NA,NA,NA,NA,NA,0.00,NA,NA,NA
2020-04-05 14:00:00,7.89,58.40,6.84,7.49,14.34,NA,NA,0.26,39.07,NA,NA,NA,NA,NA,NA,NA,NA,NA,NA,NA,0.00,NA,NA,NA
2020-04-05 15:00:00,12.81,66.19,6.85,7.36,14.21,NA,NA,0.26,41.16,NA,NA,NA,NA,NA,NA,NA,NA,NA,NA,NA,0.00,NA,NA,NA
2020-04-05 16:00:00,17.53,67.25,6.78,7.33,14.11,NA,NA,0.26,41.92,NA,NA,NA,NA,NA,NA,NA,NA,NA,NA,NA,0.00,NA,NA,NA
2020-04-05 17:00:00,28.54,64.51,6.83,7.78,14.60,NA,NA,0.28,42.75,NA,NA,NA,NA,NA,NA,NA,NA,NA,NA,NA,0.00,NA,NA,NA
2020-04-05 18:00:00,20.70,68.84,6.89,8.76,15.65,NA,NA,0.34,43.37,NA,NA,NA,NA,NA,NA,NA,NA,NA,NA,NA,0.00,NA,NA,NA
2020-04-05 19:00:00,35.23,79.37,6.79,9.78,16.56,NA,NA,0.41,37.74,NA,NA,NA,NA,NA,NA,NA,NA,NA,NA,NA,0.00,NA,NA,NA
2020-04-05 20:00:00,52.23,100.18,6.89,11.97,18.86,NA,NA,0.57,31.24,NA,NA,NA,NA,NA,NA,NA,NA,NA,NA,NA,0.00,NA,NA,NA
2020-04-05 21:00:00,78.36,115.03,6.93,11.90,18.84,NA,NA,0.59,26.29,NA,NA,NA,NA,NA,NA,NA,NA,NA,NA,NA,0.00,NA,NA,NA
2020-04-05 22:00:00,75.72,132.56,7.04,11.39,18.43,NA,NA,0.59,24.73,NA,NA,NA,NA,NA,NA,NA,NA,NA,NA,NA,0.00,NA,NA,NA
2020-04-05 23:00:00,78.86,116.52,7.00,11.26,18.27,NA,NA,0.57,21.66,NA,NA,NA,NA,NA,NA,NA,NA,NA,NA,NA,0.00,NA,NA,NA
2020-04-06 00:00:00,92.11,118.48,6.94,11.73,18.67,NA,NA,0.60,18.48,NA,NA,NA,NA,NA,NA,NA,NA,NA,NA,NA,0.00,NA,NA,NA
2020-04-06 01:00:00,88.53,132.59,6.97,11.79,18.76,NA,NA,0.61,13.58,NA,NA,NA,NA,NA,NA,NA,NA,NA,NA,NA,0.00,NA,NA,NA
2020-04-06 02:00:00,88.40,133.45,7.03,11.97,19.00,NA,NA,0.64,11.65,NA,NA,NA,NA,NA,NA,NA,NA,NA,NA,NA,0.00,NA,NA,NA
2020-04-06 03:00:00,94.58,135.64,7.11,12.69,19.80,NA,NA,0.66,13.65,NA,NA,NA,NA,NA,NA,NA,NA,NA,NA,NA,0.00,NA,NA,NA
2020-04-06 04:00:00,96.17,135.32,7.19,12.97,20.16,NA,NA,0.72,14.24,NA,NA,NA,NA,NA,NA,NA,NA,NA,NA,NA,0.00,NA,NA,NA
2020-04-06 05:00:00,96.78,134.31,7.31,13.37,20.68,NA,NA,0.76,14.49,NA,NA,NA,NA,NA,NA,NA,NA,NA,NA,NA,0.00,NA,NA,NA
2020-04-06 06:00:00,91.80,136.23,7.51,12.68,20.20,NA,NA,0.77,15.24,NA,NA,NA,NA,NA,NA,NA,NA,NA,NA,NA,0.00,NA,NA,NA
2020-04-06 07:00:00,72.16,114.29,8.12,11.63,19.75,NA,NA,0.76,13.67,NA,NA,NA,NA,NA,NA,NA,NA,NA,NA,NA,0.00,NA,NA,NA
2020-04-06 08:00:00,80.79,113.09,8.43,13.95,22.38,NA,NA,0.69,25.02,NA,NA,NA,NA,NA,NA,NA,NA,NA,NA,NA,0.00,NA,NA,NA
2020-04-06 09:00:00,75.87,107.69,7.32,9.81,17.13,NA,NA,0.44,32.46,NA,NA,NA,NA,NA,NA,NA,NA,NA,NA,NA,0.00,NA,NA,NA
2020-04-06 10:00:00,36.78,86.71,7.07,8.03,15.09,NA,NA,0.32,33.89,NA,NA,NA,NA,NA,NA,NA,NA,NA,NA,NA,0.00,NA,NA,NA
2020-04-06 11:00:00,33.06,94.69,7.02,7.69,14.71,NA,NA,0.27,34.71,NA,NA,NA,NA,NA,NA,NA,NA,NA,NA,NA,0.00,NA,NA,NA
2020-04-06 12:00:00,26.44,68.17,6.92,7.63,14.55,NA,NA,0.28,38.37,NA,NA,NA,NA,NA,NA,NA,NA,NA,NA,NA,0.00,NA,NA,NA
2020-04-06 13:00:00,20.49,65.36,6.98,7.35,14.32,NA,NA,0.24,36.95,NA,NA,NA,NA,NA,NA,NA,NA,NA,NA,NA,0.00,NA,NA,NA
2020-04-06 14:00:00,23.74,73.23,7.21,8.67,15.88,NA,NA,0.24,34.59,NA,NA,NA,NA,NA,NA,NA,NA,NA,NA,NA,0.00,NA,NA,NA
2020-04-06 15:00:00,20.08,66.36,7.36,10.27,17.63,NA,NA,0.26,34.85,NA,NA,NA,NA,NA,NA,NA,NA,NA,NA,NA,0.00,NA,NA,NA
2020-04-06 16:00:00,23.11,76.22,6.96,6.81,13.77,NA,NA,0.22,35.54,NA,NA,NA,NA,NA,NA,NA,NA,NA,NA,NA,0.00,NA,NA,NA
2020-04-06 17:00:00,17.74,66.63,6.98,6.75,13.72,NA,NA,0.25,36.96,NA,NA,NA,NA,NA,NA,NA,NA,NA,NA,NA,0.00,NA,NA,NA
2020-04-06 18:00:00,19.85,78.92,6.93,7.24,14.17,NA,NA,0.30,34.27,NA,NA,NA,NA,NA,NA,NA,NA,NA,NA,NA,0.00,NA,NA,NA
2020-04-06 19:00:00,20.73,78.27,6.97,9.96,16.93,NA,NA,0.44,27.87,NA,NA,NA,NA,NA,NA,NA,NA,NA,NA,NA,0.00,NA,NA,NA
2020-04-06 20:00:00,85.83,148.65,6.97,9.86,16.83,NA,NA,0.45,21.79,NA,NA,NA,NA,NA,NA,NA,NA,NA,NA,NA,0.00,NA,NA,NA
2020-04-06 21:00:00,49.70,104.29,6.92,9.80,16.73,NA,NA,0.30,22.70,NA,NA,NA,NA,NA,NA,NA,NA,NA,NA,NA,0.00,NA,NA,NA
2020-04-06 22:00:00,37.60,104.78,6.93,10.34,17.27,NA,NA,0.28,21.39,NA,NA,NA,NA,NA,NA,NA,NA,NA,NA,NA,0.00,NA,NA,NA
2020-04-06 23:00:00,39.09,88.41,6.93,10.12,17.05,NA,NA,0.24,20.72,NA,NA,NA,NA,NA,NA,NA,NA,NA,NA,NA,0.00,NA,NA,NA
2020-04-07 00:00:00,36.13,84.37,6.92,10.89,17.81,NA,NA,0.24,19.37,NA,NA,NA,NA,NA,NA,NA,NA,NA,NA,NA,0.00,NA,NA,NA
2020-04-07 01:00:00,36.76,89.64,6.97,10.96,17.93,NA,NA,0.23,19.39,NA,NA,NA,NA,NA,NA,NA,NA,NA,NA,NA,0.00,NA,NA,NA
2020-04-07 02:00:00,33.70,74.24,7.05,11.39,18.45,NA,NA,0.24,18.66,NA,NA,NA,NA,NA,NA,NA,NA,NA,NA,NA,0.00,NA,NA,NA
2020-04-07 03:00:00,35.21,71.50,7.03,11.43,18.46,NA,NA,0.23,18.37,NA,NA,NA,NA,NA,NA,NA,NA,NA,NA,NA,0.00,NA,NA,NA
2020-04-07 04:00:00,39.39,68.27,7.05,10.55,17.60,NA,NA,0.21,19.72,NA,NA,NA,NA,NA,NA,NA,NA,NA,NA,NA,0.00,NA,NA,NA
2020-04-07 05:00:00,49.86,78.84,6.97,10.74,17.71,NA,NA,0.22,16.83,NA,NA,NA,NA,NA,NA,NA,NA,NA,NA,NA,0.00,NA,NA,NA
2020-04-07 06:00:00,38.21,58.24,7.05,10.79,17.84,NA,NA,0.25,14.20,NA,NA,NA,NA,NA,NA,NA,NA,NA,NA,NA,0.00,NA,NA,NA
2020-04-07 07:00:00,51.42,88.13,7.60,11.39,18.99,NA,NA,0.33,17.56,NA,NA,NA,NA,NA,NA,NA,NA,NA,NA,NA,0.00,NA,NA,NA
2020-04-07 08:00:00,74.32,123.14,8.04,13.28,21.32,NA,NA,0.34,22.99,NA,NA,NA,NA,NA,NA,NA,NA,NA,NA,NA,0.00,NA,NA,NA
2020-04-07 09:00:00,54.68,98.84,7.35,10.49,17.85,NA,NA,0.30,29.08,NA,NA,NA,NA,NA,NA,NA,NA,NA,NA,NA,0.00,NA,NA,NA
2020-04-07 10:00:00,24.06,71.86,7.15,8.79,15.94,NA,NA,0.21,31.65,NA,NA,NA,NA,NA,NA,NA,NA,NA,NA,NA,0.00,NA,NA,NA
2020-04-07 11:00:00,7.95,80.38,7.04,8.63,15.67,NA,NA,0.22,33.21,NA,NA,NA,NA,NA,NA,NA,NA,NA,NA,NA,0.00,NA,NA,NA
2020-04-07 12:00:00,18.54,90.73,7.00,7.87,14.87,NA,NA,0.18,36.05,NA,NA,NA,NA,NA,NA,NA,NA,NA,NA,NA,0.00,NA,NA,NA
2020-04-07 13:00:00,15.74,94.68,6.99,7.77,14.76,NA,NA,0.17,37.73,NA,NA,NA,NA,NA,NA,NA,NA,NA,NA,NA,0.00,NA,NA,NA
2020-04-07 14:00:00,22.44,118.80,6.96,7.57,14.53,NA,NA,0.14,38.80,NA,NA,NA,NA,NA,NA,NA,NA,NA,NA,NA,0.00,NA,NA,NA
2020-04-07 15:00:00,18.97,80.78,6.96,6.85,13.82,NA,NA,0.12,36.99,NA,NA,NA,NA,NA,NA,NA,NA,NA,NA,NA,0.00,NA,NA,NA
2020-04-07 16:00:00,19.32,79.61,6.90,6.90,13.81,NA,NA,0.12,35.11,NA,NA,NA,NA,NA,NA,NA,NA,NA,NA,NA,0.00,NA,NA,NA
2020-04-07 17:00:00,13.75,69.76,6.91,7.11,14.02,NA,NA,0.11,33.51,NA,NA,NA,NA,NA,NA,NA,NA,NA,NA,NA,0.00,NA,NA,NA
2020-04-07 18:00:00,19.71,76.46,6.85,7.78,14.63,NA,NA,0.14,31.83,NA,NA,NA,NA,NA,NA,NA,NA,NA,NA,NA,0.00,NA,NA,NA
2020-04-07 19:00:00,14.03,80.55,6.91,8.67,15.58,NA,NA,0.17,30.67,NA,NA,NA,NA,NA,NA,NA,NA,NA,NA,NA,0.00,NA,NA,NA
2020-04-07 20:00:00,18.33,82.99,6.90,8.90,15.80,NA,NA,0.20,27.98,NA,NA,NA,NA,NA,NA,NA,NA,NA,NA,NA,0.00,NA,NA,NA
2020-04-07 21:00:00,17.77,80.24,6.91,8.67,15.58,NA,NA,0.19,27.75,NA,NA,NA,NA,NA,NA,NA,NA,NA,NA,NA,0.00,NA,NA,NA
2020-04-07 22:00:00,14.90,160.18,6.90,7.38,14.28,NA,NA,0.16,28.65,NA,NA,NA,NA,NA,NA,NA,NA,NA,NA,NA,0.00,NA,NA,NA
2020-04-07 23:00:00,17.45,96.09,6.88,7.97,14.86,NA,NA,0.18,26.25,NA,NA,NA,NA,NA,NA,NA,NA,NA,NA,NA,0.00,NA,NA,NA
2020-04-08 00:00:00,18.75,100.81,6.98,8.43,15.41,NA,NA,0.19,23.51,NA,NA,NA,NA,NA,NA,NA,NA,NA,NA,NA,0.00,NA,NA,NA
2020-04-08 01:00:00,28.76,97.10,6.95,8.98,15.93,NA,NA,0.20,19.38,NA,NA,NA,NA,NA,NA,NA,NA,NA,NA,NA,0.00,NA,NA,NA
2020-04-08 02:00:00,24.64,86.54,6.98,10.65,17.63,NA,NA,0.23,16.80,NA,NA,NA,NA,NA,NA,NA,NA,NA,NA,NA,0.00,NA,NA,NA
2020-04-08 03:00:00,33.66,90.01,7.02,10.16,17.18,NA,NA,0.21,18.81,NA,NA,NA,NA,NA,NA,NA,NA,NA,NA,NA,0.00,NA,NA,NA
2020-04-08 04:00:00,53.48,100.43,7.00,10.19,17.19,NA,NA,0.23,18.58,NA,NA,NA,NA,NA,NA,NA,NA,NA,NA,NA,0.00,NA,NA,NA
2020-04-08 05:00:00,33.00,65.07,7.01,8.48,15.48,NA,NA,0.21,22.48,NA,NA,NA,NA,NA,NA,NA,NA,NA,NA,NA,0.00,NA,NA,NA
2020-04-08 06:00:00,38.97,71.54,7.08,9.57,16.65,NA,NA,0.25,20.22,NA,NA,NA,NA,NA,NA,NA,NA,NA,NA,NA,0.00,NA,NA,NA
2020-04-08 07:00:00,40.21,71.05,7.17,9.97,17.14,NA,NA,0.24,24.11,NA,NA,NA,NA,NA,NA,NA,NA,NA,NA,NA,0.00,NA,NA,NA
2020-04-08 08:00:00,48.88,96.41,7.36,10.34,17.70,NA,NA,0.34,24.44,NA,NA,NA,NA,NA,NA,NA,NA,NA,NA,NA,0.00,NA,NA,NA
2020-04-08 09:00:00,49.30,102.15,7.29,10.09,17.38,NA,NA,0.35,29.57,NA,NA,NA,NA,NA,NA,NA,NA,NA,NA,NA,0.00,NA,NA,NA
2020-04-08 10:00:00,14.25,58.10,7.06,8.47,15.53,NA,NA,0.28,33.30,NA,NA,NA,NA,NA,NA,NA,NA,NA,NA,NA,0.00,NA,NA,NA
2020-04-08 11:00:00,6.13,61.76,7.05,8.36,15.40,NA,NA,0.27,36.14,NA,NA,NA,NA,NA,NA,NA,NA,NA,NA,NA,0.00,NA,NA,NA
2020-04-08 12:00:00,18.15,73.83,7.38,11.14,18.52,NA,NA,0.24,34.80,NA,NA,NA,NA,NA,NA,NA,NA,NA,NA,NA,0.00,NA,NA,NA
2020-04-08 13:00:00,28.16,104.46,7.08,7.59,14.67,NA,NA,0.19,36.82,NA,NA,NA,NA,NA,NA,NA,NA,NA,NA,NA,0.00,NA,NA,NA
2020-04-08 14:00:00,7.44,59.88,7.02,7.20,14.22,NA,NA,0.20,36.99,NA,NA,NA,NA,NA,NA,NA,NA,NA,NA,NA,0.00,NA,NA,NA
2020-04-08 15:00:00,17.82,66.48,6.95,7.02,13.98,NA,NA,0.21,38.14,NA,NA,NA,NA,NA,NA,NA,NA,NA,NA,NA,0.00,NA,NA,NA
2020-04-08 16:00:00,17.49,60.50,6.90,6.81,13.72,NA,NA,0.20,38.31,NA,NA,NA,NA,NA,NA,NA,NA,NA,NA,NA,0.00,NA,NA,NA
2020-04-08 17:00:00,14.93,69.01,6.88,7.02,13.90,NA,NA,0.22,38.53,NA,NA,NA,NA,NA,NA,NA,NA,NA,NA,NA,0.00,NA,NA,NA
2020-04-08 18:00:00,19.33,65.10,6.93,7.11,14.04,NA,NA,0.24,36.09,NA,NA,NA,NA,NA,NA,NA,NA,NA,NA,NA,0.00,NA,NA,NA
2020-04-08 19:00:00,13.06,63.62,6.93,8.13,15.06,NA,NA,0.28,31.47,NA,NA,NA,NA,NA,NA,NA,NA,NA,NA,NA,0.00,NA,NA,NA
2020-04-08 20:00:00,18.26,63.93,6.94,8.80,15.75,NA,NA,0.29,29.06,NA,NA,NA,NA,NA,NA,NA,NA,NA,NA,NA,0.00,NA,NA,NA
2020-04-08 21:00:00,25.65,62.50,6.95,10.24,17.19,NA,NA,0.39,26.36,NA,NA,NA,NA,NA,NA,NA,NA,NA,NA,NA,0.00,NA,NA,NA
2020-04-08 22:00:00,39.32,84.62,6.98,11.27,18.25,NA,NA,0.44,22.80,NA,NA,NA,NA,NA,NA,NA,NA,NA,NA,NA,0.00,NA,NA,NA
2020-04-08 23:00:00,41.65,81.43,6.94,9.30,16.24,NA,NA,0.35,26.76,NA,NA,NA,NA,NA,NA,NA,NA,NA,NA,NA,0.00,NA,NA,NA
2020-04-09 00:00:00,25.03,59.57,6.93,8.75,15.68,NA,NA,0.30,27.09,NA,NA,NA,NA,NA,NA,NA,NA,NA,NA,NA,0.00,NA,NA,NA
2020-04-09 01:00:00,39.20,84.70,7.08,8.75,15.83,NA,NA,0.27,26.35,NA,NA,NA,NA,NA,NA,NA,NA,NA,NA,NA,0.00,NA,NA,NA
2020-04-09 02:00:00,24.70,56.31,7.05,9.18,16.23,NA,NA,0.24,23.85,NA,NA,NA,NA,NA,NA,NA,NA,NA,NA,NA,0.00,NA,NA,NA
2020-04-09 03:00:00,27.79,59.03,7.03,10.16,17.19,NA,NA,0.26,20.65,NA,NA,NA,NA,NA,NA,NA,NA,NA,NA,NA,0.00,NA,NA,NA
2020-04-09 04:00:00,30.20,50.42,6.99,9.86,16.85,NA,NA,0.27,20.54,NA,NA,NA,NA,NA,NA,NA,NA,NA,NA,NA,0.00,NA,NA,NA
2020-04-09 05:00:00,33.72,67.17,7.02,10.14,17.16,NA,NA,0.29,17.77,NA,NA,NA,NA,NA,NA,NA,NA,NA,NA,NA,0.00,NA,NA,NA
2020-04-09 06:00:00,61.09,98.26,7.10,10.81,17.91,NA,NA,0.37,16.18,NA,NA,NA,NA,NA,NA,NA,NA,NA,NA,NA,0.00,NA,NA,NA
2020-04-09 07:00:00,90.50,140.84,7.77,12.58,20.36,NA,NA,0.46,17.09,NA,NA,NA,NA,NA,NA,NA,NA,NA,NA,NA,0.00,NA,NA,NA
2020-04-09 08:00:00,92.32,148.03,7.53,11.51,19.03,NA,NA,0.44,27.53,NA,NA,NA,NA,NA,NA,NA,NA,NA,NA,NA,0.00,NA,NA,NA
2020-04-09 09:00:00,47.18,86.57,7.19,10.10,17.28,NA,NA,0.33,36.61,NA,NA,NA,NA,NA,NA,NA,NA,NA,NA,NA,0.00,NA,NA,NA
2020-04-09 10:00:00,4.26,37.11,7.00,9.19,16.19,NA,NA,0.26,39.37,NA,NA,NA,NA,NA,NA,NA,NA,NA,NA,NA,0.00,NA,NA,NA
2020-04-09 11:00:00,11.19,43.45,7.08,8.06,15.14,NA,NA,0.22,41.11,NA,NA,NA,NA,NA,NA,NA,NA,NA,NA,NA,0.00,NA,NA,NA
2020-04-09 12:00:00,22.49,67.46,6.88,7.92,14.79,NA,NA,0.17,42.05,NA,NA,NA,NA,NA,NA,NA,NA,NA,NA,NA,0.00,NA,NA,NA
2020-04-09 13:00:00,14.26,66.11,7.14,7.46,14.60,NA,NA,0.16,42.18,NA,NA,NA,NA,NA,NA,NA,NA,NA,NA,NA,0.00,NA,NA,NA
2020-04-09 14:00:00,2.61,38.12,7.15,7.17,14.31,NA,NA,0.17,42.51,NA,NA,NA,NA,NA,NA,NA,NA,NA,NA,NA,0.00,NA,NA,NA
2020-04-09 15:00:00,7.48,46.25,7.05,7.32,14.36,NA,NA,0.17,42.69,NA,NA,NA,NA,NA,NA,NA,NA,NA,NA,NA,0.00,NA,NA,NA
2020-04-09 16:00:00,6.06,47.53,7.03,7.39,14.43,NA,NA,0.14,43.30,NA,NA,NA,NA,NA,NA,NA,NA,NA,NA,NA,0.00,NA,NA,NA
2020-04-09 17:00:00,12.66,48.31,6.97,7.32,14.30,NA,NA,0.15,41.99,NA,NA,NA,NA,NA,NA,NA,NA,NA,NA,NA,0.00,NA,NA,NA
2020-04-09 18:00:00,13.16,46.04,6.95,7.73,14.69,NA,NA,0.18,38.26,NA,NA,NA,NA,NA,NA,NA,NA,NA,NA,NA,0.00,NA,NA,NA
2020-04-09 19:00:00,22.17,53.84,6.89,9.62,16.52,NA,NA,0.20,34.19,NA,NA,NA,NA,NA,NA,NA,NA,NA,NA,NA,0.00,NA,NA,NA
2020-04-09 20:00:00,23.13,70.28,6.93,10.67,17.60,NA,NA,0.29,28.13,NA,NA,NA,NA,NA,NA,NA,NA,NA,NA,NA,0.00,NA,NA,NA
2020-04-09 21:00:00,34.16,64.68,6.95,10.80,17.75,NA,NA,0.31,25.25,NA,NA,NA,NA,NA,NA,NA,NA,NA,NA,NA,0.00,NA,NA,NA
2020-04-09 22:00:00,36.03,61.68,6.98,9.55,16.52,NA,NA,0.29,22.68,NA,NA,NA,NA,NA,NA,NA,NA,NA,NA,NA,0.00,NA,NA,NA
2020-04-09 23:00:00,34.25,64.65,6.90,9.44,16.34,NA,NA,0.31,19.09,NA,NA,NA,NA,NA,NA,NA,NA,NA,NA,NA,0.00,NA,NA,NA
2020-04-10 00:00:00,32.54,57.51,6.92,9.83,16.75,NA,NA,0.33,17.83,NA,NA,NA,NA,NA,NA,NA,NA,NA,NA,NA,0.00,NA,NA,NA
2020-04-10 01:00:00,40.24,62.57,7.04,9.68,16.71,NA,NA,0.30,17.16,NA,NA,NA,NA,NA,NA,NA,NA,NA,NA,NA,0.00,NA,NA,NA
2020-04-10 02:00:00,35.06,59.17,6.96,9.45,16.41,NA,NA,0.30,16.80,NA,NA,NA,NA,NA,NA,NA,NA,NA,NA,NA,0.00,NA,NA,NA
2020-04-10 03:00:00,39.21,63.27,7.01,9.81,16.81,NA,NA,0.31,16.53,NA,NA,NA,NA,NA,NA,NA,NA,NA,NA,NA,0.00,NA,NA,NA
2020-04-10 04:00:00,40.66,67.63,7.00,10.04,17.04,NA,NA,0.33,14.92,NA,NA,NA,NA,NA,NA,NA,NA,NA,NA,NA,0.00,NA,NA,NA
2020-04-10 05:00:00,53.38,84.62,7.04,11.07,18.11,NA,NA,0.38,10.95,NA,NA,NA,NA,NA,NA,NA,NA,NA,NA,NA,0.00,NA,NA,NA
2020-04-10 06:00:00,63.40,99.53,7.20,10.93,18.14,NA,NA,0.39,8.28,NA,NA,NA,NA,NA,NA,NA,NA,NA,NA,NA,0.00,NA,NA,NA
2020-04-10 07:00:00,90.89,136.03,8.04,14.60,22.65,NA,NA,0.65,13.13,NA,NA,NA,NA,NA,NA,NA,NA,NA,NA,NA,0.00,NA,NA,NA
2020-04-10 08:00:00,172.96,251.10,7.97,15.94,23.92,NA,NA,0.67,23.23,NA,NA,NA,NA,NA,NA,NA,NA,NA,NA,NA,0.00,NA,NA,NA
2020-04-10 09:00:00,124.36,200.06,7.34,12.02,19.35,NA,NA,0.45,36.17,NA,NA,NA,NA,NA,NA,NA,NA,NA,NA,NA,0.00,NA,NA,NA
2020-04-10 10:00:00,28.57,82.65,7.06,9.27,16.33,NA,NA,0.28,41.41,NA,NA,NA,NA,NA,NA,NA,NA,NA,NA,NA,0.00,NA,NA,NA
2020-04-10 11:00:00,14.75,91.95,7.09,8.85,15.93,NA,NA,0.25,43.90,NA,NA,NA,NA,NA,NA,NA,NA,NA,NA,NA,0.00,NA,NA,NA
2020-04-10 12:00:00,6.02,80.38,7.07,8.60,15.66,NA,NA,0.25,45.83,NA,NA,NA,NA,NA,NA,NA,NA,NA,NA,NA,0.00,NA,NA,NA
2020-04-10 13:00:00,5.31,79.49,7.03,7.99,15.03,NA,NA,0.22,42.37,NA,NA,NA,NA,NA,NA,NA,NA,NA,NA,NA,0.00,NA,NA,NA
2020-04-10 14:00:00,3.50,56.29,6.99,7.49,14.48,NA,NA,0.19,39.77,NA,NA,NA,NA,NA,NA,NA,NA,NA,NA,NA,0.00,NA,NA,NA
2020-04-10 15:00:00,9.02,68.25,7.06,7.17,14.24,NA,NA,0.20,40.76,NA,NA,NA,NA,NA,NA,NA,NA,NA,NA,NA,0.00,NA,NA,NA
2020-04-10 16:00:00,18.59,75.56,7.01,7.24,14.25,NA,NA,0.19,42.29,NA,NA,NA,NA,NA,NA,NA,NA,NA,NA,NA,0.00,NA,NA,NA
2020-04-10 17:00:00,9.05,63.58,7.00,7.04,14.04,NA,NA,0.18,39.72,NA,NA,NA,NA,NA,NA,NA,NA,NA,NA,NA,0.00,NA,NA,NA
2020-04-10 18:00:00,15.47,63.02,6.98,7.45,14.43,NA,NA,0.19,35.27,NA,NA,NA,NA,NA,NA,NA,NA,NA,NA,NA,0.00,NA,NA,NA
2020-04-10 19:00:00,34.25,68.12,7.05,8.52,15.57,NA,NA,0.28,27.47,NA,NA,NA,NA,NA,NA,NA,NA,NA,NA,NA,0.00,NA,NA,NA
2020-04-10 20:00:00,61.66,108.72,7.11,13.08,20.19,NA,NA,0.55,19.63,NA,NA,NA,NA,NA,NA,NA,NA,NA,NA,NA,0.00,NA,NA,NA
2020-04-10 21:00:00,88.21,142.10,7.08,15.55,22.63,NA,NA,0.73,14.55,NA,NA,NA,NA,NA,NA,NA,NA,NA,NA,NA,0.00,NA,NA,NA
2020-04-10 22:00:00,85.65,135.50,7.08,13.54,20.63,NA,NA,0.65,12.45,NA,NA,NA,NA,NA,NA,NA,NA,NA,NA,NA,0.00,NA,NA,NA
2020-04-10 23:00:00,63.75,126.53,7.11,13.73,20.84,NA,NA,0.67,11.84,NA,NA,NA,NA,NA,NA,NA,NA,NA,NA,NA,0.00,NA,NA,NA
2020-04-11 00:00:00,57.63,102.44,7.26,14.29,21.55,NA,NA,0.68,10.35,NA,NA,NA,NA,NA,NA,NA,NA,NA,NA,NA,0.00,NA,NA,NA
2020-04-11 01:00:00,64.23,122.10,7.28,12.99,20.27,NA,NA,0.67,8.27,NA,NA,NA,NA,NA,NA,NA,NA,NA,NA,NA,0.00,NA,NA,NA
2020-04-11 02:00:00,75.10,136.83,7.48,13.78,21.26,NA,NA,0.80,8.51,NA,NA,NA,NA,NA,NA,NA,NA,NA,NA,NA,0.00,NA,NA,NA
2020-04-11 03:00:00,72.53,127.12,7.35,13.30,20.66,NA,NA,0.86,9.24,NA,NA,NA,NA,NA,NA,NA,NA,NA,NA,NA,0.00,NA,NA,NA
2020-04-11 04:00:00,84.51,138.45,7.54,13.92,21.47,NA,NA,0.94,8.49,NA,NA,NA,NA,NA,NA,NA,NA,NA,NA,NA,0.00,NA,NA,NA
2020-04-11 05:00:00,87.91,139.89,7.72,15.04,22.76,NA,NA,1.04,6.69,NA,NA,NA,NA,NA,NA,NA,NA,NA,NA,NA,0.00,NA,NA,NA
2020-04-11 06:00:00,95.68,135.24,7.93,14.77,22.70,NA,NA,1.01,6.72,NA,NA,NA,NA,NA,NA,NA,NA,NA,NA,NA,0.00,NA,NA,NA
2020-04-11 07:00:00,86.79,130.45,8.55,13.58,22.12,NA,NA,0.98,8.50,NA,NA,NA,NA,NA,NA,NA,NA,NA,NA,NA,0.00,NA,NA,NA
2020-04-11 08:00:00,84.84,144.35,8.26,15.38,23.64,NA,NA,1.10,22.74,NA,NA,NA,NA,NA,NA,NA,NA,NA,NA,NA,0.00,NA,NA,NA
2020-04-11 09:00:00,83.09,133.97,7.42,10.23,17.65,NA,NA,0.76,33.37,NA,NA,NA,NA,NA,NA,NA,NA,NA,NA,NA,0.00,NA,NA,NA
2020-04-11 10:00:00,51.36,89.66,7.27,9.64,16.92,NA,NA,0.67,41.84,NA,NA,NA,NA,NA,NA,NA,NA,NA,NA,NA,0.00,NA,NA,NA
2020-04-11 11:00:00,45.63,99.06,7.20,9.31,16.50,NA,NA,0.67,44.45,NA,NA,NA,NA,NA,NA,NA,NA,NA,NA,NA,0.00,NA,NA,NA
2020-04-11 12:00:00,40.97,91.07,7.17,8.64,15.81,NA,NA,0.65,46.09,NA,NA,NA,NA,NA,NA,NA,NA,NA,NA,NA,0.00,NA,NA,NA
2020-04-11 13:00:00,36.81,90.81,7.11,8.40,15.51,NA,NA,0.64,47.17,NA,NA,NA,NA,NA,NA,NA,NA,NA,NA,NA,0.00,NA,NA,NA
2020-04-11 14:00:00,42.64,96.59,7.13,8.14,15.27,NA,NA,0.63,50.93,NA,NA,NA,NA,NA,NA,NA,NA,NA,NA,NA,0.00,NA,NA,NA
2020-04-11 15:00:00,35.28,95.75,7.06,8.00,15.07,NA,NA,0.61,48.77,NA,NA,NA,NA,NA,NA,NA,NA,NA,NA,NA,0.00,NA,NA,NA
2020-04-11 16:00:00,41.78,110.83,7.07,7.52,14.59,NA,NA,0.58,46.56,NA,NA,NA,NA,NA,NA,NA,NA,NA,NA,NA,0.00,NA,NA,NA
2020-04-11 17:00:00,32.21,95.04,7.09,7.11,14.21,NA,NA,0.59,41.36,NA,NA,NA,NA,NA,NA,NA,NA,NA,NA,NA,0.00,NA,NA,NA
2020-04-11 18:00:00,27.65,103.45,7.04,8.74,15.78,NA,NA,0.62,39.63,NA,NA,NA,NA,NA,NA,NA,NA,NA,NA,NA,0.00,NA,NA,NA
2020-04-11 19:00:00,28.78,103.98,7.05,10.46,17.52,NA,NA,0.68,33.66,NA,NA,NA,NA,NA,NA,NA,NA,NA,NA,NA,0.00,NA,NA,NA
2020-04-11 20:00:00,35.91,95.42,7.03,10.71,17.74,NA,NA,0.63,31.23,NA,NA,NA,NA,NA,NA,NA,NA,NA,NA,NA,0.00,NA,NA,NA
2020-04-11 21:00:00,27.75,84.51,7.03,9.63,16.66,NA,NA,0.65,29.93,NA,NA,NA,NA,NA,NA,NA,NA,NA,NA,NA,0.00,NA,NA,NA
2020-04-11 22:00:00,36.08,91.02,11.57,21.73,33.28,NA,NA,0.68,19.02,NA,NA,NA,NA,NA,NA,NA,NA,NA,NA,NA,0.00,NA,NA,NA
2020-04-11 23:00:00,28.61,81.41,7.58,15.75,23.34,NA,NA,0.62,23.88,NA,NA,NA,NA,NA,NA,NA,NA,NA,NA,NA,0.00,NA,NA,NA
2020-04-12 00:00:00,38.52,91.28,6.98,10.30,17.28,NA,NA,0.61,25.69,NA,NA,NA,NA,NA,NA,NA,NA,NA,NA,NA,0.00,NA,NA,NA
2020-04-12 01:00:00,49.83,108.91,7.28,8.78,16.06,NA,NA,0.64,25.85,NA,NA,NA,NA,NA,NA,NA,NA,NA,NA,NA,0.00,NA,NA,NA
2020-04-12 02:00:00,18.72,51.52,7.18,9.28,16.46,NA,NA,0.67,23.56,NA,NA,NA,NA,NA,NA,NA,NA,NA,NA,NA,0.00,NA,NA,NA
2020-04-12 03:00:00,23.26,45.33,7.15,9.29,16.44,NA,NA,0.69,23.51,NA,NA,NA,NA,NA,NA,NA,NA,NA,NA,NA,0.00,NA,NA,NA
2020-04-12 04:00:00,25.01,45.72,7.00,8.88,15.89,NA,NA,0.67,23.64,NA,NA,NA,NA,NA,NA,NA,NA,NA,NA,NA,0.00,NA,NA,NA
2020-04-12 05:00:00,32.46,53.87,7.10,9.82,16.92,NA,NA,0.69,20.78,NA,NA,NA,NA,NA,NA,NA,NA,NA,NA,NA,0.00,NA,NA,NA
2020-04-12 06:00:00,35.40,67.42,7.20,11.21,18.41,NA,NA,0.78,17.94,NA,NA,NA,NA,NA,NA,NA,NA,NA,NA,NA,0.00,NA,NA,NA
2020-04-12 07:00:00,65.47,111.33,7.50,11.44,18.94,NA,NA,0.87,19.82,NA,NA,NA,NA,NA,NA,NA,NA,NA,NA,NA,0.00,NA,NA,NA
2020-04-12 08:00:00,52.95,105.63,7.26,11.37,18.63,NA,NA,0.71,28.28,NA,NA,NA,NA,NA,NA,NA,NA,NA,NA,NA,0.00,NA,NA,NA
2020-04-12 09:00:00,32.78,92.47,7.65,11.14,18.79,NA,NA,0.65,34.57,NA,NA,NA,NA,NA,NA,NA,NA,NA,NA,NA,0.00,NA,NA,NA
2020-04-12 10:00:00,32.27,93.52,NA,244.30,NA,NA,NA,0.55,24.06,NA,NA,NA,NA,NA,NA,NA,NA,NA,NA,NA,0.00,NA,NA,NA
2020-04-12 11:00:00,16.43,49.91,46.19,17.68,64.38,NA,NA,0.58,38.98,NA,NA,NA,NA,NA,NA,NA,NA,NA,NA,NA,0.00,NA,NA,NA
2020-04-12 12:00:00,NA,NA,7.67,8.08,15.75,NA,NA,0.59,40.99,NA,NA,NA,NA,NA,NA,NA,NA,NA,NA,NA,0.00,NA,NA,NA
2020-04-12 13:00:00,NA,NA,6.77,7.55,14.32,NA,NA,0.56,40.46,NA,NA,NA,NA,NA,NA,NA,NA,NA,NA,NA,0.00,NA,NA,NA
2020-04-12 14:00:00,NA,NA,6.70,7.38,14.08,NA,NA,0.54,40.46,NA,NA,NA,NA,NA,NA,NA,NA,NA,NA,NA,0.00,NA,NA,NA
2020-04-12 15:00:00,NA,24.04,6.64,7.28,13.91,NA,NA,0.53,39.54,NA,NA,NA,NA,NA,NA,NA,NA,NA,NA,NA,0.00,NA,NA,NA
2020-04-12 16:00:00,4.59,40.05,6.61,6.87,13.48,NA,NA,0.48,37.61,NA,NA,NA,NA,NA,NA,NA,NA,NA,NA,NA,0.00,NA,NA,NA
2020-04-12 17:00:00,6.43,62.54,6.65,7.11,13.76,NA,NA,0.46,36.42,NA,NA,NA,NA,NA,NA,NA,NA,NA,NA,NA,0.00,NA,NA,NA
2020-04-12 18:00:00,33.36,80.85,9.22,28.61,37.82,NA,NA,0.48,22.14,NA,NA,NA,NA,NA,NA,NA,NA,NA,NA,NA,0.00,NA,NA,NA
2020-04-12 19:00:00,2.29,38.39,7.41,25.97,33.38,NA,NA,0.56,19.72,NA,NA,NA,NA,NA,NA,NA,NA,NA,NA,NA,0.00,NA,NA,NA
2020-04-12 20:00:00,9.48,36.89,6.62,9.51,16.13,NA,NA,0.59,26.80,NA,NA,NA,NA,NA,NA,NA,NA,NA,NA,NA,0.00,NA,NA,NA
2020-04-12 21:00:00,19.02,77.02,6.74,9.43,16.17,NA,NA,0.61,26.60,NA,NA,NA,NA,NA,NA,NA,NA,NA,NA,NA,0.00,NA,NA,NA
2020-04-12 22:00:00,31.23,66.92,6.77,10.57,17.34,NA,NA,0.71,21.94,NA,NA,NA,NA,NA,NA,NA,NA,NA,NA,NA,0.00,NA,NA,NA
2020-04-12 23:00:00,44.30,103.74,6.85,11.35,18.20,NA,NA,0.81,20.48,NA,NA,NA,NA,NA,NA,NA,NA,NA,NA,NA,0.00,NA,NA,NA
2020-04-13 00:00:00,59.05,132.48,6.80,10.77,17.57,NA,NA,0.79,20.39,NA,NA,NA,NA,NA,NA,NA,NA,NA,NA,NA,0.00,NA,NA,NA
2020-04-13 01:00:00,72.67,152.49,6.82,10.83,17.65,NA,NA,0.79,16.99,NA,NA,NA,NA,NA,NA,NA,NA,NA,NA,NA,0.00,NA,NA,NA
2020-04-13 02:00:00,70.03,125.36,6.84,11.48,18.32,NA,NA,0.84,12.83,NA,NA,NA,NA,NA,NA,NA,NA,NA,NA,NA,0.00,NA,NA,NA
2020-04-13 03:00:00,82.83,151.10,6.88,11.58,18.46,NA,NA,0.89,13.02,NA,NA,NA,NA,NA,NA,NA,NA,NA,NA,NA,0.00,NA,NA,NA
2020-04-13 04:00:00,91.50,156.33,6.96,11.78,18.74,NA,NA,0.88,9.38,NA,NA,NA,NA,NA,NA,NA,NA,NA,NA,NA,0.00,NA,NA,NA
2020-04-13 05:00:00,91.22,165.62,6.96,12.41,19.37,NA,NA,0.90,10.89,NA,NA,NA,NA,NA,NA,NA,NA,NA,NA,NA,0.00,NA,NA,NA
2020-04-13 06:00:00,99.12,193.43,7.05,13.12,20.17,NA,NA,0.94,12.42,NA,NA,NA,NA,NA,NA,NA,NA,NA,NA,NA,0.00,NA,NA,NA
2020-04-13 07:00:00,115.68,254.86,7.80,14.38,22.18,NA,NA,0.98,15.09,NA,NA,NA,NA,NA,NA,NA,NA,NA,NA,NA,0.00,NA,NA,NA
2020-04-13 08:00:00,94.75,263.55,7.54,14.40,21.93,NA,NA,0.94,25.50,NA,NA,NA,NA,NA,NA,NA,NA,NA,NA,NA,0.00,NA,NA,NA
2020-04-13 09:00:00,42.20,161.03,7.02,11.37,18.40,NA,NA,0.70,39.36,NA,NA,NA,NA,NA,NA,NA,NA,NA,NA,NA,0.00,NA,NA,NA
2020-04-13 10:00:00,43.04,77.22,7.02,9.42,16.44,NA,NA,0.58,43.15,NA,NA,NA,NA,NA,NA,NA,NA,NA,NA,NA,0.00,NA,NA,NA
2020-04-13 11:00:00,35.23,51.32,6.94,8.26,15.20,NA,NA,0.53,43.44,NA,NA,NA,NA,NA,NA,NA,NA,NA,NA,NA,0.00,NA,NA,NA
2020-04-13 12:00:00,26.24,60.62,6.89,7.77,14.67,NA,NA,0.51,42.73,NA,NA,NA,NA,NA,NA,NA,NA,NA,NA,NA,0.00,NA,NA,NA
2020-04-13 13:00:00,23.12,68.79,6.85,7.14,14.00,NA,NA,0.49,38.87,NA,NA,NA,NA,NA,NA,NA,NA,NA,NA,NA,0.00,NA,NA,NA
2020-04-13 14:00:00,22.20,86.66,6.84,6.95,13.79,NA,NA,0.50,38.54,NA,NA,NA,NA,NA,NA,NA,NA,NA,NA,NA,0.00,NA,NA,NA
2020-04-13 15:00:00,26.72,140.50,6.83,6.90,13.73,NA,NA,0.47,39.23,NA,NA,NA,NA,NA,NA,NA,NA,NA,NA,NA,0.00,NA,NA,NA
2020-04-13 16:00:00,22.63,98.63,6.80,6.92,13.72,NA,NA,0.47,40.00,NA,NA,NA,NA,NA,NA,NA,NA,NA,NA,NA,0.00,NA,NA,NA
2020-04-13 17:00:00,27.90,92.70,6.88,7.29,14.17,NA,NA,0.50,39.51,NA,NA,NA,NA,NA,NA,NA,NA,NA,NA,NA,0.00,NA,NA,NA
2020-04-13 18:00:00,27.37,93.47,6.85,9.19,16.04,NA,NA,0.56,35.94,NA,NA,NA,NA,NA,NA,NA,NA,NA,NA,NA,0.00,NA,NA,NA
2020-04-13 19:00:00,50.64,122.92,6.90,11.20,18.10,NA,NA,0.68,29.59,NA,NA,NA,NA,NA,NA,NA,NA,NA,NA,NA,0.00,NA,NA,NA
2020-04-13 20:00:00,49.29,118.17,6.87,10.05,16.93,NA,NA,0.69,24.10,NA,NA,NA,NA,NA,NA,NA,NA,NA,NA,NA,0.00,NA,NA,NA
2020-04-13 21:00:00,52.24,110.74,6.86,11.14,18.00,NA,NA,0.76,22.76,NA,NA,NA,NA,NA,NA,NA,NA,NA,NA,NA,0.00,NA,NA,NA
2020-04-13 22:00:00,52.52,109.96,6.80,10.39,17.19,NA,NA,0.78,21.50,NA,NA,NA,NA,NA,NA,NA,NA,NA,NA,NA,0.00,NA,NA,NA
2020-04-13 23:00:00,45.21,110.23,6.88,11.26,18.14,NA,NA,0.71,19.50,NA,NA,NA,NA,NA,NA,NA,NA,NA,NA,NA,0.00,NA,NA,NA
2020-04-14 00:00:00,56.36,112.45,6.89,11.36,18.26,NA,NA,0.78,19.13,NA,NA,NA,NA,NA,NA,NA,NA,NA,NA,NA,0.00,NA,NA,NA
2020-04-14 01:00:00,67.39,130.35,6.94,12.30,19.25,NA,NA,0.78,16.28,NA,NA,NA,NA,NA,NA,NA,NA,NA,NA,NA,0.00,NA,NA,NA
2020-04-14 02:00:00,63.15,124.66,7.06,12.86,19.92,NA,NA,0.74,13.10,NA,NA,NA,NA,NA,NA,NA,NA,NA,NA,NA,0.00,NA,NA,NA
2020-04-14 03:00:00,64.95,124.50,7.15,13.13,20.27,NA,NA,0.72,11.06,NA,NA,NA,NA,NA,NA,NA,NA,NA,NA,NA,0.00,NA,NA,NA
2020-04-14 04:00:00,59.62,116.79,7.17,13.15,20.31,NA,NA,0.72,10.65,NA,NA,NA,NA,NA,NA,NA,NA,NA,NA,NA,0.00,NA,NA,NA
2020-04-14 05:00:00,58.78,108.78,7.21,12.88,20.09,NA,NA,0.68,8.96,NA,NA,NA,NA,NA,NA,NA,NA,NA,NA,NA,0.00,NA,NA,NA
2020-04-14 06:00:00,55.36,91.22,7.30,12.83,20.13,NA,NA,0.69,10.80,NA,NA,NA,NA,NA,NA,NA,NA,NA,NA,NA,0.00,NA,NA,NA
2020-04-14 07:00:00,52.31,96.40,7.76,12.64,20.40,NA,NA,0.73,9.05,NA,NA,NA,NA,NA,NA,NA,NA,NA,NA,NA,0.00,NA,NA,NA
2020-04-14 08:00:00,70.57,122.48,8.28,16.90,25.18,NA,NA,0.83,15.65,NA,NA,NA,NA,NA,NA,NA,NA,NA,NA,NA,0.00,NA,NA,NA
2020-04-14 09:00:00,82.87,172.73,7.58,12.71,20.29,NA,NA,0.65,26.73,NA,NA,NA,NA,NA,NA,NA,NA,NA,NA,NA,0.00,NA,NA,NA
2020-04-14 10:00:00,30.33,98.94,7.12,8.06,15.18,NA,NA,0.48,33.95,NA,NA,NA,NA,NA,NA,NA,NA,NA,NA,NA,0.00,NA,NA,NA
2020-04-14 11:00:00,27.32,98.78,6.95,7.96,14.91,NA,NA,0.48,36.46,NA,NA,NA,NA,NA,NA,NA,NA,NA,NA,NA,0.00,NA,NA,NA
2020-04-14 12:00:00,27.79,117.82,7.11,7.68,14.79,NA,NA,0.55,37.20,NA,NA,NA,NA,NA,NA,NA,NA,NA,NA,NA,0.00,NA,NA,NA
2020-04-14 13:00:00,49.92,154.15,7.22,7.38,14.61,NA,NA,0.62,40.96,NA,NA,NA,NA,NA,NA,NA,NA,NA,NA,NA,0.00,NA,NA,NA
2020-04-14 14:00:00,18.75,102.30,7.01,7.13,14.14,NA,NA,0.56,40.77,NA,NA,NA,NA,NA,NA,NA,NA,NA,NA,NA,0.00,NA,NA,NA
2020-04-14 15:00:00,27.65,120.69,7.01,6.57,13.58,NA,NA,0.53,38.07,NA,NA,NA,NA,NA,NA,NA,NA,NA,NA,NA,0.00,NA,NA,NA
2020-04-14 16:00:00,26.74,131.50,6.94,6.69,13.63,NA,NA,0.57,39.89,NA,NA,NA,NA,NA,NA,NA,NA,NA,NA,NA,0.00,NA,NA,NA
2020-04-14 17:00:00,22.69,136.25,6.95,6.97,13.92,NA,NA,0.57,37.25,NA,NA,NA,NA,NA,NA,NA,NA,NA,NA,NA,0.00,NA,NA,NA
2020-04-14 18:00:00,19.74,169.04,6.94,7.78,14.72,NA,NA,0.60,28.90,NA,NA,NA,NA,NA,NA,NA,NA,NA,NA,NA,0.00,NA,NA,NA
2020-04-14 19:00:00,29.47,129.29,6.91,8.14,15.05,NA,NA,0.64,19.38,NA,NA,NA,NA,NA,NA,NA,NA,NA,NA,NA,0.00,NA,NA,NA
2020-04-14 20:00:00,26.06,112.04,6.93,9.15,16.08,NA,NA,0.71,18.36,NA,NA,NA,NA,NA,NA,NA,NA,NA,NA,NA,0.00,NA,NA,NA
2020-04-14 21:00:00,54.29,150.20,6.89,9.91,16.81,NA,NA,0.77,24.01,NA,NA,NA,NA,NA,NA,NA,NA,NA,NA,NA,0.00,NA,NA,NA
2020-04-14 22:00:00,44.89,171.58,7.02,10.10,17.12,NA,NA,0.74,21.63,NA,NA,NA,NA,NA,NA,NA,NA,NA,NA,NA,0.00,NA,NA,NA
2020-04-14 23:00:00,54.17,210.24,6.98,11.98,18.97,NA,NA,0.79,16.30,NA,NA,NA,NA,NA,NA,NA,NA,NA,NA,NA,0.00,NA,NA,NA
2020-04-15 00:00:00,59.17,219.99,6.96,11.69,18.65,NA,NA,0.84,14.44,NA,NA,NA,NA,NA,NA,NA,NA,NA,NA,NA,0.00,NA,NA,NA
2020-04-15 01:00:00,60.84,216.98,6.95,11.76,18.71,NA,NA,0.83,14.34,NA,NA,NA,NA,NA,NA,NA,NA,NA,NA,NA,0.00,NA,NA,NA
2020-04-15 02:00:00,63.01,197.29,7.02,12.58,19.59,NA,NA,0.86,14.08,NA,NA,NA,NA,NA,NA,NA,NA,NA,NA,NA,0.00,NA,NA,NA
2020-04-15 03:00:00,79.01,209.94,7.03,12.58,19.62,NA,NA,0.92,12.63,NA,NA,NA,NA,NA,NA,NA,NA,NA,NA,NA,0.00,NA,NA,NA
2020-04-15 04:00:00,72.52,202.70,7.00,12.46,19.46,NA,NA,0.95,12.55,NA,NA,NA,NA,NA,NA,NA,NA,NA,NA,NA,0.00,NA,NA,NA
2020-04-15 05:00:00,57.76,170.02,7.00,11.86,18.86,NA,NA,0.93,13.43,NA,NA,NA,NA,NA,NA,NA,NA,NA,NA,NA,0.00,NA,NA,NA
2020-04-15 06:00:00,72.27,183.42,7.43,13.60,21.03,NA,NA,1.03,9.64,NA,NA,NA,NA,NA,NA,NA,NA,NA,NA,NA,0.00,NA,NA,NA
2020-04-15 07:00:00,80.62,202.94,7.45,12.55,20.00,NA,NA,1.04,14.26,NA,NA,NA,NA,NA,NA,NA,NA,NA,NA,NA,0.00,NA,NA,NA
2020-04-15 08:00:00,66.92,224.23,7.47,13.18,20.65,NA,NA,1.08,19.61,NA,NA,NA,NA,NA,NA,NA,NA,NA,NA,NA,0.00,NA,NA,NA
2020-04-15 09:00:00,85.55,277.98,7.32,12.37,19.68,NA,NA,1.07,28.92,NA,NA,NA,NA,NA,NA,NA,NA,NA,NA,NA,0.00,NA,NA,NA
2020-04-15 10:00:00,103.74,321.40,7.17,11.86,19.03,NA,NA,1.05,36.15,NA,NA,NA,NA,NA,NA,NA,NA,NA,NA,NA,0.00,NA,NA,NA
2020-04-15 11:00:00,84.84,322.59,7.15,9.99,17.14,NA,NA,0.81,39.45,NA,NA,NA,NA,NA,NA,NA,NA,NA,NA,NA,0.00,NA,NA,NA
2020-04-15 12:00:00,54.15,264.97,7.04,7.45,14.48,NA,NA,0.52,34.51,NA,NA,NA,NA,NA,NA,NA,NA,NA,NA,NA,0.00,NA,NA,NA
2020-04-15 13:00:00,33.94,224.88,7.00,6.98,13.98,NA,NA,0.49,37.28,NA,NA,NA,NA,NA,NA,NA,NA,NA,NA,NA,0.00,NA,NA,NA
2020-04-15 14:00:00,33.11,195.95,7.01,6.74,13.74,NA,NA,0.47,35.65,NA,NA,NA,NA,NA,NA,NA,NA,NA,NA,NA,0.00,NA,NA,NA
2020-04-15 15:00:00,25.17,162.18,6.99,6.84,13.83,NA,NA,0.47,35.77,NA,NA,NA,NA,NA,NA,NA,NA,NA,NA,NA,0.00,NA,NA,NA
2020-04-15 16:00:00,30.10,180.08,6.95,7.04,13.99,NA,NA,0.41,36.90,NA,NA,NA,NA,NA,NA,NA,NA,NA,NA,NA,0.00,NA,NA,NA
2020-04-15 17:00:00,23.78,146.45,6.97,7.14,14.10,NA,NA,0.50,34.16,NA,NA,NA,NA,NA,NA,NA,NA,NA,NA,NA,0.00,NA,NA,NA
2020-04-15 18:00:00,28.52,133.77,6.90,7.42,14.33,NA,NA,0.53,27.34,NA,NA,NA,NA,NA,NA,NA,NA,NA,NA,NA,0.00,NA,NA,NA
2020-04-15 19:00:00,21.21,112.01,6.95,8.78,15.75,NA,NA,0.61,23.32,NA,NA,NA,NA,NA,NA,NA,NA,NA,NA,NA,0.00,NA,NA,NA
2020-04-15 20:00:00,23.95,123.05,6.97,10.35,17.31,NA,NA,0.76,16.04,NA,NA,NA,NA,NA,NA,NA,NA,NA,NA,NA,0.00,NA,NA,NA
2020-04-15 21:00:00,41.58,123.58,6.95,10.16,17.11,NA,NA,0.70,14.83,NA,NA,NA,NA,NA,NA,NA,NA,NA,NA,NA,0.00,NA,NA,NA
2020-04-15 22:00:00,54.66,132.45,6.97,11.35,18.33,NA,NA,0.73,13.13,NA,NA,NA,NA,NA,NA,NA,NA,NA,NA,NA,0.00,NA,NA,NA
2020-04-15 23:00:00,62.83,149.59,7.02,11.65,18.67,NA,NA,0.77,13.80,NA,NA,NA,NA,NA,NA,NA,NA,NA,NA,NA,0.00,NA,NA,NA
2020-04-16 00:00:00,66.00,162.71,7.06,12.36,19.43,NA,NA,0.92,10.20,NA,NA,NA,NA,NA,NA,NA,NA,NA,NA,NA,0.00,NA,NA,NA
2020-04-16 01:00:00,86.33,185.60,7.06,12.83,19.88,NA,NA,1.03,11.27,NA,NA,NA,NA,NA,NA,NA,NA,NA,NA,NA,0.00,NA,NA,NA
2020-04-16 02:00:00,87.83,205.24,7.15,14.53,21.69,NA,NA,1.05,10.41,NA,NA,NA,NA,NA,NA,NA,NA,NA,NA,NA,0.00,NA,NA,NA
2020-04-16 03:00:00,99.12,209.02,7.10,15.06,22.15,NA,NA,0.98,10.74,NA,NA,NA,NA,NA,NA,NA,NA,NA,NA,NA,0.00,NA,NA,NA
2020-04-16 04:00:00,108.42,219.65,7.08,13.72,20.80,NA,NA,0.86,12.50,NA,NA,NA,NA,NA,NA,NA,NA,NA,NA,NA,0.00,NA,NA,NA
2020-04-16 05:00:00,75.34,183.48,7.17,14.58,21.75,NA,NA,0.84,13.20,NA,NA,NA,NA,NA,NA,NA,NA,NA,NA,NA,0.00,NA,NA,NA
2020-04-16 06:00:00,65.79,192.37,7.23,14.46,21.69,NA,NA,0.84,14.69,NA,NA,NA,NA,NA,NA,NA,NA,NA,NA,NA,0.00,NA,NA,NA
2020-04-16 07:00:00,66.03,201.20,7.69,14.75,22.44,NA,NA,0.87,15.09,NA,NA,NA,NA,NA,NA,NA,NA,NA,NA,NA,0.00,NA,NA,NA
2020-04-16 08:00:00,83.01,245.50,7.72,15.31,23.02,NA,NA,1.00,22.55,NA,NA,NA,NA,NA,NA,NA,NA,NA,NA,NA,0.00,NA,NA,NA
2020-04-16 09:00:00,90.35,269.68,7.47,15.55,23.02,NA,NA,1.01,35.01,NA,NA,NA,NA,NA,NA,NA,NA,NA,NA,NA,0.00,NA,NA,NA
2020-04-16 10:00:00,122.64,275.42,7.20,14.53,21.74,NA,NA,1.03,43.80,NA,NA,NA,NA,NA,NA,NA,NA,NA,NA,NA,0.00,NA,NA,NA
2020-04-16 11:00:00,99.60,258.64,7.16,11.14,18.30,NA,NA,0.88,48.99,NA,NA,NA,NA,NA,NA,NA,NA,NA,NA,NA,0.00,NA,NA,NA
2020-04-16 12:00:00,79.31,232.60,7.10,9.02,16.12,NA,NA,0.66,44.97,NA,NA,NA,NA,NA,NA,NA,NA,NA,NA,NA,0.00,NA,NA,NA
2020-04-16 13:00:00,37.37,145.12,7.11,7.33,14.44,NA,NA,0.56,40.11,NA,NA,NA,NA,NA,NA,NA,NA,NA,NA,NA,0.00,NA,NA,NA
2020-04-16 14:00:00,17.19,107.49,7.08,6.61,13.69,NA,NA,0.50,36.58,NA,NA,NA,NA,NA,NA,NA,NA,NA,NA,NA,0.00,NA,NA,NA
2020-04-16 15:00:00,18.66,99.61,7.03,6.56,13.58,NA,NA,0.49,37.29,NA,NA,NA,NA,NA,NA,NA,NA,NA,NA,NA,0.00,NA,NA,NA
2020-04-16 16:00:00,19.40,111.95,7.03,6.58,13.60,NA,NA,0.51,36.71,NA,NA,NA,NA,NA,NA,NA,NA,NA,NA,NA,0.00,NA,NA,NA
2020-04-16 17:00:00,18.81,111.42,7.05,6.96,14.02,NA,NA,0.43,35.10,NA,NA,NA,NA,NA,NA,NA,NA,NA,NA,NA,0.00,NA,NA,NA
2020-04-16 18:00:00,17.53,105.99,7.08,8.71,15.79,NA,NA,0.47,32.91,NA,NA,NA,NA,NA,NA,NA,NA,NA,NA,NA,0.00,NA,NA,NA
2020-04-16 19:00:00,16.31,112.13,7.03,14.14,21.18,NA,NA,0.57,24.55,NA,NA,NA,NA,NA,NA,NA,NA,NA,NA,NA,0.00,NA,NA,NA
2020-04-16 20:00:00,27.64,99.26,7.06,13.78,20.84,NA,NA,0.68,23.73,NA,NA,NA,NA,NA,NA,NA,NA,NA,NA,NA,0.00,NA,NA,NA
2020-04-16 21:00:00,34.58,122.85,7.00,13.29,20.29,NA,NA,0.68,20.99,NA,NA,NA,NA,NA,NA,NA,NA,NA,NA,NA,0.00,NA,NA,NA
2020-04-16 22:00:00,61.82,147.96,7.07,14.26,21.33,NA,NA,0.78,19.53,NA,NA,NA,NA,NA,NA,NA,NA,NA,NA,NA,0.00,NA,NA,NA
2020-04-16 23:00:00,52.36,123.19,7.18,13.52,20.71,NA,NA,0.70,22.76,NA,NA,NA,NA,NA,NA,NA,NA,NA,NA,NA,0.00,NA,NA,NA
2020-04-17 00:00:00,27.00,91.30,7.13,11.61,18.74,NA,NA,0.60,26.40,NA,NA,NA,NA,NA,NA,NA,NA,NA,NA,NA,0.00,NA,NA,NA
2020-04-17 01:00:00,28.90,94.67,7.05,10.68,17.74,NA,NA,0.69,27.34,NA,NA,NA,NA,NA,NA,NA,NA,NA,NA,NA,0.00,NA,NA,NA
2020-04-17 02:00:00,27.02,95.54,7.05,11.05,18.10,NA,NA,0.77,28.20,NA,NA,NA,NA,NA,NA,NA,NA,NA,NA,NA,0.00,NA,NA,NA
2020-04-17 03:00:00,23.53,83.80,7.05,10.83,17.88,NA,NA,0.72,26.17,NA,NA,NA,NA,NA,NA,NA,NA,NA,NA,NA,0.00,NA,NA,NA
2020-04-17 04:00:00,34.49,120.77,7.01,9.60,16.61,NA,NA,0.81,27.09,NA,NA,NA,NA,NA,NA,NA,NA,NA,NA,NA,0.00,NA,NA,NA
2020-04-17 05:00:00,23.80,102.10,7.06,9.69,16.75,NA,NA,0.80,28.69,NA,NA,NA,NA,NA,NA,NA,NA,NA,NA,NA,0.00,NA,NA,NA
2020-04-17 06:00:00,20.15,88.12,7.05,8.32,15.37,NA,NA,0.78,27.29,NA,NA,NA,NA,NA,NA,NA,NA,NA,NA,NA,0.00,NA,NA,NA
2020-04-17 07:00:00,24.82,76.91,7.18,9.97,17.15,NA,NA,0.82,25.65,NA,NA,NA,NA,NA,NA,NA,NA,NA,NA,NA,0.00,NA,NA,NA
2020-04-17 08:00:00,28.17,101.70,7.13,9.25,16.38,NA,NA,0.83,29.79,NA,NA,NA,NA,NA,NA,NA,NA,NA,NA,NA,0.00,NA,NA,NA
2020-04-17 09:00:00,24.41,128.00,7.15,9.29,16.44,NA,NA,0.83,30.51,NA,NA,NA,NA,NA,NA,NA,NA,NA,NA,NA,0.00,NA,NA,NA
2020-04-17 10:00:00,26.84,80.80,7.15,8.73,15.88,NA,NA,0.81,31.58,NA,NA,NA,NA,NA,NA,NA,NA,NA,NA,NA,0.00,NA,NA,NA
2020-04-17 11:00:00,20.58,64.73,7.14,8.59,15.73,NA,NA,0.79,34.29,NA,NA,NA,NA,NA,NA,NA,NA,NA,NA,NA,0.00,NA,NA,NA
2020-04-17 12:00:00,23.69,72.99,7.08,7.97,15.05,NA,NA,0.78,37.71,NA,NA,NA,NA,NA,NA,NA,NA,NA,NA,NA,0.00,NA,NA,NA
2020-04-17 13:00:00,22.93,60.39,7.14,7.43,14.58,NA,NA,0.66,35.99,NA,NA,NA,NA,NA,NA,NA,NA,NA,NA,NA,0.00,NA,NA,NA
2020-04-17 14:00:00,19.95,73.22,6.94,7.08,14.02,NA,NA,0.61,36.42,NA,NA,NA,NA,NA,NA,NA,NA,NA,NA,NA,0.00,NA,NA,NA
2020-04-17 15:00:00,49.59,140.25,7.26,6.95,14.21,NA,NA,0.58,36.17,NA,NA,NA,NA,NA,NA,NA,NA,NA,NA,NA,0.00,NA,NA,NA
2020-04-17 16:00:00,20.99,146.62,7.13,6.85,13.98,NA,NA,0.65,39.16,NA,NA,NA,NA,NA,NA,NA,NA,NA,NA,NA,0.00,NA,NA,NA
2020-04-17 17:00:00,27.19,92.01,7.02,7.05,14.06,NA,NA,0.65,38.68,NA,NA,NA,NA,NA,NA,NA,NA,NA,NA,NA,0.00,NA,NA,NA
2020-04-17 18:00:00,23.58,115.35,6.98,8.99,15.97,NA,NA,0.69,37.21,NA,NA,NA,NA,NA,NA,NA,NA,NA,NA,NA,0.00,NA,NA,NA
2020-04-17 19:00:00,27.69,90.37,7.22,8.22,15.44,NA,NA,0.67,34.94,NA,NA,NA,NA,NA,NA,NA,NA,NA,NA,NA,0.00,NA,NA,NA
2020-04-17 20:00:00,10.83,44.69,7.06,7.82,14.88,NA,NA,0.67,35.80,NA,NA,NA,NA,NA,NA,NA,NA,NA,NA,NA,0.00,NA,NA,NA
2020-04-17 21:00:00,NA,13.34,52.56,19.32,72.30,NA,NA,0.59,28.94,NA,NA,NA,NA,NA,NA,NA,NA,NA,NA,NA,0.00,NA,NA,NA
2020-04-17 22:00:00,NA,NA,7.10,8.84,15.94,NA,NA,0.64,30.41,NA,NA,NA,NA,NA,NA,NA,NA,NA,NA,NA,0.00,NA,NA,NA
2020-04-17 23:00:00,NA,NA,7.02,9.19,16.21,NA,NA,0.66,26.55,NA,NA,NA,NA,NA,NA,NA,NA,NA,NA,NA,0.00,NA,NA,NA
2020-04-18 00:00:00,NA,2.88,6.99,9.21,16.20,NA,NA,0.68,25.38,NA,NA,NA,NA,NA,NA,NA,NA,NA,NA,NA,0.00,NA,NA,NA
2020-04-18 01:00:00,NA,35.12,7.09,12.23,19.31,NA,NA,0.67,22.36,NA,NA,NA,NA,NA,NA,NA,NA,NA,NA,NA,0.00,NA,NA,NA
2020-04-18 02:00:00,13.87,44.98,7.06,11.55,18.60,NA,NA,0.68,21.18,NA,NA,NA,NA,NA,NA,NA,NA,NA,NA,NA,0.00,NA,NA,NA
2020-04-18 03:00:00,19.73,70.54,7.00,11.02,18.02,NA,NA,0.71,19.89,NA,NA,NA,NA,NA,NA,NA,NA,NA,NA,NA,0.00,NA,NA,NA
2020-04-18 04:00:00,7.00,80.29,7.01,9.69,16.70,NA,NA,0.66,20.20,NA,NA,NA,NA,NA,NA,NA,NA,NA,NA,NA,0.00,NA,NA,NA
2020-04-18 05:00:00,10.16,65.75,7.05,9.84,16.89,NA,NA,0.65,19.51,NA,NA,NA,NA,NA,NA,NA,NA,NA,NA,NA,0.00,NA,NA,NA
2020-04-18 06:00:00,10.51,70.49,7.12,9.39,16.51,NA,NA,0.57,20.50,NA,NA,NA,NA,NA,NA,NA,NA,NA,NA,NA,0.00,NA,NA,NA
2020-04-18 07:00:00,12.97,70.44,7.31,9.74,17.05,NA,NA,0.59,20.98,NA,NA,NA,NA,NA,NA,NA,NA,NA,NA,NA,0.00,NA,NA,NA
2020-04-18 08:00:00,10.50,54.86,7.33,9.69,17.02,NA,NA,0.57,24.48,NA,NA,NA,NA,NA,NA,NA,NA,NA,NA,NA,0.00,NA,NA,NA
2020-04-18 09:00:00,14.48,53.64,7.27,9.69,16.96,NA,NA,0.61,28.13,NA,NA,NA,NA,NA,NA,NA,NA,NA,NA,NA,0.00,NA,NA,NA
2020-04-18 10:00:00,20.10,98.81,7.11,8.52,15.63,NA,NA,0.65,33.97,NA,NA,NA,NA,NA,NA,NA,NA,NA,NA,NA,0.00,NA,NA,NA
2020-04-18 11:00:00,31.13,125.05,7.09,7.69,14.78,NA,NA,0.63,36.94,NA,NA,NA,NA,NA,NA,NA,NA,NA,NA,NA,0.00,NA,NA,NA
2020-04-18 12:00:00,20.34,92.27,7.06,7.33,14.40,NA,NA,0.56,39.05,NA,NA,NA,NA,NA,NA,NA,NA,NA,NA,NA,0.00,NA,NA,NA
2020-04-18 13:00:00,14.26,103.61,7.08,7.15,14.24,NA,NA,0.63,38.04,NA,NA,NA,NA,NA,NA,NA,NA,NA,NA,NA,0.00,NA,NA,NA
2020-04-18 14:00:00,21.66,122.21,7.01,6.84,13.85,NA,NA,0.63,39.12,NA,NA,NA,NA,NA,NA,NA,NA,NA,NA,NA,0.00,NA,NA,NA
2020-04-18 15:00:00,21.09,149.95,7.05,6.63,13.68,NA,NA,0.64,38.29,NA,NA,NA,NA,NA,NA,NA,NA,NA,NA,NA,0.00,NA,NA,NA
2020-04-18 16:00:00,21.48,136.40,7.00,6.46,13.46,NA,NA,0.62,36.61,NA,NA,NA,NA,NA,NA,NA,NA,NA,NA,NA,0.00,NA,NA,NA
2020-04-18 17:00:00,28.07,132.82,6.97,6.50,13.48,NA,NA,0.61,39.38,NA,NA,NA,NA,NA,NA,NA,NA,NA,NA,NA,0.00,NA,NA,NA
2020-04-18 18:00:00,23.61,123.76,7.72,7.75,15.46,NA,NA,0.62,36.52,NA,NA,NA,NA,NA,NA,NA,NA,NA,NA,NA,0.00,NA,NA,NA
2020-04-18 19:00:00,25.20,217.89,7.04,8.51,15.55,NA,NA,0.69,35.44,NA,NA,NA,NA,NA,NA,NA,NA,NA,NA,NA,0.00,NA,NA,NA
2020-04-18 20:00:00,13.93,98.08,7.03,10.29,17.32,NA,NA,0.72,33.04,NA,NA,NA,NA,NA,NA,NA,NA,NA,NA,NA,0.00,NA,NA,NA
2020-04-18 21:00:00,24.65,61.29,7.08,14.17,21.25,NA,NA,0.79,25.42,NA,NA,NA,NA,NA,NA,NA,NA,NA,NA,NA,0.00,NA,NA,NA
2020-04-18 22:00:00,35.39,88.87,7.05,10.56,17.61,NA,NA,0.80,29.39,NA,NA,NA,NA,NA,NA,NA,NA,NA,NA,NA,0.00,NA,NA,NA
2020-04-18 23:00:00,20.72,61.42,7.00,9.01,16.01,NA,NA,0.74,27.27,NA,NA,NA,NA,NA,NA,NA,NA,NA,NA,NA,0.00,NA,NA,NA
2020-04-19 00:00:00,17.83,51.63,7.07,9.07,16.14,NA,NA,0.76,26.02,NA,NA,NA,NA,NA,NA,NA,NA,NA,NA,NA,0.00,NA,NA,NA
2020-04-19 01:00:00,23.09,56.43,7.05,9.56,16.61,NA,NA,0.77,22.15,NA,NA,NA,NA,NA,NA,NA,NA,NA,NA,NA,0.00,NA,NA,NA
2020-04-19 02:00:00,19.45,47.16,7.02,9.66,16.68,NA,NA,0.77,24.52,NA,NA,NA,NA,NA,NA,NA,NA,NA,NA,NA,0.00,NA,NA,NA
2020-04-19 03:00:00,17.55,45.72,7.10,10.10,17.20,NA,NA,0.77,23.72,NA,NA,NA,NA,NA,NA,NA,NA,NA,NA,NA,0.00,NA,NA,NA
2020-04-19 04:00:00,21.23,59.26,7.10,9.58,16.68,NA,NA,0.79,19.07,NA,NA,NA,NA,NA,NA,NA,NA,NA,NA,NA,0.00,NA,NA,NA
2020-04-19 05:00:00,16.91,36.83,7.11,10.02,17.14,NA,NA,0.82,16.47,NA,NA,NA,NA,NA,NA,NA,NA,NA,NA,NA,0.00,NA,NA,NA
2020-04-19 06:00:00,22.18,49.56,7.32,10.92,18.24,NA,NA,0.81,10.81,NA,NA,NA,NA,NA,NA,NA,NA,NA,NA,NA,0.00,NA,NA,NA
2020-04-19 07:00:00,17.44,40.40,7.89,11.78,19.67,NA,NA,0.92,10.28,NA,NA,NA,NA,NA,NA,NA,NA,NA,NA,NA,0.00,NA,NA,NA
2020-04-19 08:00:00,35.58,78.00,7.81,12.61,20.42,NA,NA,0.98,23.79,NA,NA,NA,NA,NA,NA,NA,NA,NA,NA,NA,0.00,NA,NA,NA
2020-04-19 09:00:00,60.27,133.71,7.52,11.59,19.11,NA,NA,0.96,29.72,NA,NA,NA,NA,NA,NA,NA,NA,NA,NA,NA,0.00,NA,NA,NA
2020-04-19 10:00:00,46.87,94.80,7.25,9.42,16.67,NA,NA,0.92,34.93,NA,NA,NA,NA,NA,NA,NA,NA,NA,NA,NA,0.00,NA,NA,NA
2020-04-19 11:00:00,40.37,96.38,7.11,8.55,15.65,NA,NA,0.86,38.50,NA,NA,NA,NA,NA,NA,NA,NA,NA,NA,NA,0.00,NA,NA,NA
2020-04-19 12:00:00,19.69,112.32,7.17,8.46,15.63,NA,NA,0.83,40.38,NA,NA,NA,NA,NA,NA,NA,NA,NA,NA,NA,0.00,NA,NA,NA
2020-04-19 13:00:00,51.91,124.78,7.34,7.62,14.96,NA,NA,0.81,43.31,NA,NA,NA,NA,NA,NA,NA,NA,NA,NA,NA,0.00,NA,NA,NA
2020-04-19 14:00:00,24.51,64.11,7.20,7.01,14.21,NA,NA,0.77,41.35,NA,NA,NA,NA,NA,NA,NA,NA,NA,NA,NA,0.00,NA,NA,NA
2020-04-19 15:00:00,10.74,38.89,7.19,6.64,13.83,NA,NA,0.75,42.79,NA,NA,NA,NA,NA,NA,NA,NA,NA,NA,NA,0.00,NA,NA,NA
2020-04-19 16:00:00,20.77,38.83,7.14,6.65,13.79,NA,NA,0.76,42.24,NA,NA,NA,NA,NA,NA,NA,NA,NA,NA,NA,0.00,NA,NA,NA
2020-04-19 17:00:00,11.90,37.74,7.06,7.12,14.18,NA,NA,0.75,40.99,NA,NA,NA,NA,NA,NA,NA,NA,NA,NA,NA,0.00,NA,NA,NA
2020-04-19 18:00:00,12.37,40.73,7.05,8.16,15.21,NA,NA,0.77,38.82,NA,NA,NA,NA,NA,NA,NA,NA,NA,NA,NA,0.00,NA,NA,NA
2020-04-19 19:00:00,14.47,43.26,7.04,10.50,17.54,NA,NA,0.75,30.16,NA,NA,NA,NA,NA,NA,NA,NA,NA,NA,NA,0.00,NA,NA,NA
2020-04-19 20:00:00,17.23,46.95,7.05,11.16,18.21,NA,NA,0.88,19.94,NA,NA,NA,NA,NA,NA,NA,NA,NA,NA,NA,0.00,NA,NA,NA
2020-04-19 21:00:00,30.13,49.79,7.19,10.96,18.15,NA,NA,0.85,16.54,NA,NA,NA,NA,NA,NA,NA,NA,NA,NA,NA,0.00,NA,NA,NA
2020-04-19 22:00:00,24.10,48.39,7.14,10.28,17.42,NA,NA,0.90,14.77,NA,NA,NA,NA,NA,NA,NA,NA,NA,NA,NA,0.00,NA,NA,NA
2020-04-19 23:00:00,81.22,103.28,7.22,11.85,19.07,NA,NA,1.33,13.29,NA,NA,NA,NA,NA,NA,NA,NA,NA,NA,NA,0.00,NA,NA,NA
2020-04-20 00:00:00,102.32,152.55,7.27,13.57,20.83,NA,NA,1.45,8.91,NA,NA,NA,NA,NA,NA,NA,NA,NA,NA,NA,0.00,NA,NA,NA
2020-04-20 01:00:00,87.38,133.28,7.31,13.48,20.79,NA,NA,1.21,11.32,NA,NA,NA,NA,NA,NA,NA,NA,NA,NA,NA,0.00,NA,NA,NA
2020-04-20 02:00:00,67.78,121.78,7.44,13.48,20.92,NA,NA,1.11,11.77,NA,NA,NA,NA,NA,NA,NA,NA,NA,NA,NA,0.00,NA,NA,NA
2020-04-20 03:00:00,68.84,102.84,7.35,13.72,21.07,NA,NA,1.08,11.62,NA,NA,NA,NA,NA,NA,NA,NA,NA,NA,NA,0.00,NA,NA,NA
2020-04-20 04:00:00,66.33,111.47,7.35,14.10,21.45,NA,NA,1.08,8.17,NA,NA,NA,NA,NA,NA,NA,NA,NA,NA,NA,0.00,NA,NA,NA
2020-04-20 05:00:00,70.31,105.53,7.37,13.29,20.67,NA,NA,1.07,10.04,NA,NA,NA,NA,NA,NA,NA,NA,NA,NA,NA,0.00,NA,NA,NA
2020-04-20 06:00:00,61.12,93.12,7.49,12.41,19.89,NA,NA,0.97,14.44,NA,NA,NA,NA,NA,NA,NA,NA,NA,NA,NA,0.00,NA,NA,NA
2020-04-20 07:00:00,48.55,95.78,7.64,13.61,21.25,NA,NA,0.97,14.27,NA,NA,NA,NA,NA,NA,NA,NA,NA,NA,NA,0.00,NA,NA,NA
2020-04-20 08:00:00,76.23,153.08,7.45,12.70,20.14,NA,NA,1.01,20.40,NA,NA,NA,NA,NA,NA,NA,NA,NA,NA,NA,0.00,NA,NA,NA
2020-04-20 09:00:00,52.15,178.79,7.10,8.19,15.29,NA,NA,0.54,26.51,NA,NA,NA,NA,NA,NA,NA,NA,NA,NA,NA,0.00,NA,NA,NA
2020-04-20 10:00:00,32.20,151.92,7.43,7.89,15.32,NA,NA,0.48,27.40,NA,NA,NA,NA,NA,NA,NA,NA,NA,NA,NA,0.00,NA,NA,NA
2020-04-20 11:00:00,12.73,65.94,8.62,11.17,19.79,NA,NA,0.53,25.95,NA,NA,NA,NA,NA,NA,NA,NA,NA,NA,NA,0.00,NA,NA,NA
2020-04-20 12:00:00,2.49,49.05,7.36,7.37,14.73,NA,NA,0.53,31.23,NA,NA,NA,NA,NA,NA,NA,NA,NA,NA,NA,0.00,NA,NA,NA
2020-04-20 13:00:00,6.15,36.93,7.24,6.88,14.12,NA,NA,0.49,28.98,NA,NA,NA,NA,NA,NA,NA,NA,NA,NA,NA,0.00,NA,NA,NA
2020-04-20 14:00:00,8.44,35.20,85.65,25.57,110.50,NA,NA,0.35,26.46,NA,NA,NA,NA,NA,NA,NA,NA,NA,NA,NA,0.00,NA,NA,NA
2020-04-20 15:00:00,NA,NA,7.57,6.97,14.53,NA,NA,0.46,28.24,NA,NA,NA,NA,NA,NA,NA,NA,NA,NA,NA,0.00,NA,NA,NA
2020-04-20 16:00:00,NA,NA,7.22,6.62,13.84,NA,NA,0.46,33.00,NA,NA,NA,NA,NA,NA,NA,NA,NA,NA,NA,0.00,NA,NA,NA
2020-04-20 17:00:00,NA,NA,7.13,6.89,14.03,NA,NA,0.44,29.93,NA,NA,NA,NA,NA,NA,NA,NA,NA,NA,NA,0.00,NA,NA,NA
2020-04-20 18:00:00,NA,NA,7.12,7.32,14.44,NA,NA,0.49,26.53,NA,NA,NA,NA,NA,NA,NA,NA,NA,NA,NA,0.00,NA,NA,NA
2020-04-20 19:00:00,NA,NA,7.07,7.98,15.05,NA,NA,0.52,19.32,NA,NA,NA,NA,NA,NA,NA,NA,NA,NA,NA,0.00,NA,NA,NA
2020-04-20 20:00:00,NA,4.69,7.08,9.49,16.57,NA,NA,0.54,13.95,NA,NA,NA,NA,NA,NA,NA,NA,NA,NA,NA,0.00,NA,NA,NA
2020-04-20 21:00:00,11.13,16.70,7.15,11.92,19.06,NA,NA,0.56,14.70,NA,NA,NA,NA,NA,NA,NA,NA,NA,NA,NA,0.00,NA,NA,NA
2020-04-20 22:00:00,6.98,56.60,7.15,11.29,18.44,NA,NA,0.68,18.19,NA,NA,NA,NA,NA,NA,NA,NA,NA,NA,NA,0.00,NA,NA,NA
2020-04-20 23:00:00,18.65,58.34,7.20,9.25,16.44,NA,NA,0.59,27.48,NA,NA,NA,NA,NA,NA,NA,NA,NA,NA,NA,0.00,NA,NA,NA
2020-04-21 00:00:00,19.23,49.98,7.87,10.66,18.54,NA,NA,0.63,23.70,NA,NA,NA,NA,NA,NA,NA,NA,NA,NA,NA,0.00,NA,NA,NA
2020-04-21 01:00:00,27.65,63.70,7.28,10.52,17.81,NA,NA,0.67,21.64,NA,NA,NA,NA,NA,NA,NA,NA,NA,NA,NA,0.00,NA,NA,NA
2020-04-21 02:00:00,40.27,80.32,7.32,11.00,18.33,NA,NA,0.71,15.75,NA,NA,NA,NA,NA,NA,NA,NA,NA,NA,NA,0.00,NA,NA,NA
2020-04-21 03:00:00,35.88,78.00,7.32,12.32,19.64,NA,NA,0.71,12.51,NA,NA,NA,NA,NA,NA,NA,NA,NA,NA,NA,0.00,NA,NA,NA
2020-04-21 04:00:00,37.47,71.45,7.35,12.44,19.79,NA,NA,0.70,10.81,NA,NA,NA,NA,NA,NA,NA,NA,NA,NA,NA,0.00,NA,NA,NA
2020-04-21 05:00:00,33.69,77.18,7.38,11.77,19.15,NA,NA,0.70,10.88,NA,NA,NA,NA,NA,NA,NA,NA,NA,NA,NA,0.00,NA,NA,NA
2020-04-21 06:00:00,37.61,75.77,7.55,11.65,19.20,NA,NA,0.69,9.60,NA,NA,NA,NA,NA,NA,NA,NA,NA,NA,NA,0.00,NA,NA,NA
2020-04-21 07:00:00,33.90,72.48,8.31,12.76,21.08,NA,NA,0.84,12.42,NA,NA,NA,NA,NA,NA,NA,NA,NA,NA,NA,0.00,NA,NA,NA
2020-04-21 08:00:00,50.00,101.77,7.86,11.98,19.84,NA,NA,0.87,23.88,NA,NA,NA,NA,NA,NA,NA,NA,NA,NA,NA,0.00,NA,NA,NA
2020-04-21 09:00:00,43.15,90.13,7.49,9.95,17.44,NA,NA,0.74,32.01,NA,NA,NA,NA,NA,NA,NA,NA,NA,NA,NA,0.00,NA,NA,NA
2020-04-21 10:00:00,29.11,69.96,7.32,8.37,15.69,NA,NA,0.73,34.03,NA,NA,NA,NA,NA,NA,NA,NA,NA,NA,NA,0.00,NA,NA,NA
2020-04-21 11:00:00,28.68,71.36,7.24,8.37,15.62,NA,NA,0.71,40.84,NA,NA,NA,NA,NA,NA,NA,NA,NA,NA,NA,0.00,NA,NA,NA
2020-04-21 12:00:00,28.01,70.23,7.22,8.05,15.26,NA,NA,0.72,43.71,NA,NA,NA,NA,NA,NA,NA,NA,NA,NA,NA,0.00,NA,NA,NA
2020-04-21 13:00:00,25.02,72.56,7.25,7.44,14.69,NA,NA,0.73,42.03,NA,NA,NA,NA,NA,NA,NA,NA,NA,NA,NA,0.00,NA,NA,NA
2020-04-21 14:00:00,31.41,83.61,7.34,8.41,15.74,NA,NA,0.70,41.63,NA,NA,NA,NA,NA,NA,NA,NA,NA,NA,NA,0.00,NA,NA,NA
2020-04-21 15:00:00,26.57,65.67,7.18,6.84,14.02,NA,NA,0.66,41.43,NA,NA,NA,NA,NA,NA,NA,NA,NA,NA,NA,0.00,NA,NA,NA
2020-04-21 16:00:00,22.73,69.97,7.08,6.91,13.99,NA,NA,0.67,42.06,NA,NA,NA,NA,NA,NA,NA,NA,NA,NA,NA,0.00,NA,NA,NA
2020-04-21 17:00:00,28.28,79.15,7.22,7.00,14.22,NA,NA,0.69,41.90,NA,NA,NA,NA,NA,NA,NA,NA,NA,NA,NA,0.00,NA,NA,NA
2020-04-21 18:00:00,22.51,66.79,7.26,8.10,15.36,NA,NA,0.68,41.00,NA,NA,NA,NA,NA,NA,NA,NA,NA,NA,NA,0.00,NA,NA,NA
2020-04-21 19:00:00,18.83,58.88,7.24,8.60,15.84,NA,NA,0.74,32.72,NA,NA,NA,NA,NA,NA,NA,NA,NA,NA,NA,0.00,NA,NA,NA
2020-04-21 20:00:00,29.79,68.01,7.27,10.07,17.34,NA,NA,0.87,29.92,NA,NA,NA,NA,NA,NA,NA,NA,NA,NA,NA,0.00,NA,NA,NA
2020-04-21 21:00:00,38.14,73.62,7.15,10.19,17.35,NA,NA,0.93,27.16,NA,NA,NA,NA,NA,NA,NA,NA,NA,NA,NA,0.00,NA,NA,NA
2020-04-21 22:00:00,45.45,76.72,7.29,10.61,17.90,NA,NA,0.97,24.94,NA,NA,NA,NA,NA,NA,NA,NA,NA,NA,NA,0.00,NA,NA,NA
2020-04-21 23:00:00,46.55,83.61,7.25,11.13,18.38,NA,NA,0.96,22.28,NA,NA,NA,NA,NA,NA,NA,NA,NA,NA,NA,0.00,NA,NA,NA
2020-04-22 00:00:00,46.39,73.88,7.25,11.37,18.62,NA,NA,0.99,22.92,NA,NA,NA,NA,NA,NA,NA,NA,NA,NA,NA,0.00,NA,NA,NA
2020-04-22 01:00:00,47.37,94.10,7.33,12.10,19.43,NA,NA,1.00,18.18,NA,NA,NA,NA,NA,NA,NA,NA,NA,NA,NA,0.00,NA,NA,NA
2020-04-22 02:00:00,54.10,101.34,7.37,11.67,19.03,NA,NA,1.03,13.18,NA,NA,NA,NA,NA,NA,NA,NA,NA,NA,NA,0.00,NA,NA,NA
2020-04-22 03:00:00,60.58,112.49,7.40,11.49,18.88,NA,NA,1.05,11.45,NA,NA,NA,NA,NA,NA,NA,NA,NA,NA,NA,0.00,NA,NA,NA
2020-04-22 04:00:00,68.69,121.39,7.45,11.70,19.15,NA,NA,1.05,10.40,NA,NA,NA,NA,NA,NA,NA,NA,NA,NA,NA,0.00,NA,NA,NA
2020-04-22 05:00:00,67.44,124.15,7.50,12.16,19.66,NA,NA,1.08,10.26,NA,NA,NA,NA,NA,NA,NA,NA,NA,NA,NA,0.00,NA,NA,NA
2020-04-22 06:00:00,65.89,118.45,7.84,12.22,20.06,NA,NA,1.09,9.12,NA,NA,NA,NA,NA,NA,NA,NA,NA,NA,NA,0.00,NA,NA,NA
2020-04-22 07:00:00,99.66,185.60,8.76,17.74,26.51,NA,NA,1.25,14.47,NA,NA,NA,NA,NA,NA,NA,NA,NA,NA,NA,0.00,NA,NA,NA
2020-04-22 08:00:00,182.47,347.85,8.17,17.15,25.33,NA,NA,1.35,28.22,NA,NA,NA,NA,NA,NA,NA,NA,NA,NA,NA,0.00,NA,NA,NA
2020-04-22 09:00:00,115.81,264.94,7.45,11.44,18.89,NA,NA,0.92,35.62,NA,NA,NA,NA,NA,NA,NA,NA,NA,NA,NA,0.00,NA,NA,NA
2020-04-22 10:00:00,18.53,41.63,7.30,7.92,15.22,NA,NA,0.75,39.63,NA,NA,NA,NA,NA,NA,NA,NA,NA,NA,NA,0.00,NA,NA,NA
2020-04-22 11:00:00,NA,41.74,7.34,8.74,16.07,NA,NA,0.78,42.48,NA,NA,NA,NA,NA,NA,NA,NA,NA,NA,NA,0.00,NA,NA,NA
2020-04-22 12:00:00,2.37,54.75,7.43,8.42,15.85,NA,NA,0.76,42.24,NA,NA,NA,NA,NA,NA,NA,NA,NA,NA,NA,0.00,NA,NA,NA
2020-04-22 13:00:00,37.35,137.48,8.60,9.44,18.04,NA,NA,0.71,44.61,NA,NA,NA,NA,NA,NA,NA,NA,NA,NA,NA,0.00,NA,NA,NA
2020-04-22 14:00:00,18.73,84.65,7.63,8.81,16.44,NA,NA,0.74,46.11,NA,NA,NA,NA,NA,NA,NA,NA,NA,NA,NA,0.00,NA,NA,NA
2020-04-22 15:00:00,2.82,47.00,8.09,10.57,18.66,NA,NA,0.67,41.35,NA,NA,NA,NA,NA,NA,NA,NA,NA,NA,NA,0.00,NA,NA,NA
2020-04-22 16:00:00,33.19,99.27,8.54,9.38,17.93,NA,NA,0.62,43.77,NA,NA,NA,NA,NA,NA,NA,NA,NA,NA,NA,0.00,NA,NA,NA
2020-04-22 17:00:00,18.42,44.67,7.55,7.68,15.24,NA,NA,0.61,44.70,NA,NA,NA,NA,NA,NA,NA,NA,NA,NA,NA,0.00,NA,NA,NA
2020-04-22 18:00:00,5.90,17.66,7.37,7.84,15.21,NA,NA,0.70,42.50,NA,NA,NA,NA,NA,NA,NA,NA,NA,NA,NA,0.00,NA,NA,NA
2020-04-22 19:00:00,17.39,29.89,7.25,9.11,16.36,NA,NA,0.82,34.36,NA,NA,NA,NA,NA,NA,NA,NA,NA,NA,NA,0.00,NA,NA,NA
2020-04-22 20:00:00,26.26,51.80,7.21,9.04,16.25,NA,NA,0.72,27.66,NA,NA,NA,NA,NA,NA,NA,NA,NA,NA,NA,0.00,NA,NA,NA
2020-04-22 21:00:00,40.06,59.83,7.18,9.68,16.86,NA,NA,0.94,22.64,NA,NA,NA,NA,NA,NA,NA,NA,NA,NA,NA,0.00,NA,NA,NA
2020-04-22 22:00:00,52.96,72.45,7.24,9.94,17.18,NA,NA,1.00,16.68,NA,NA,NA,NA,NA,NA,NA,NA,NA,NA,NA,0.00,NA,NA,NA
2020-04-22 23:00:00,54.02,104.63,7.33,9.83,17.16,NA,NA,1.02,17.18,NA,NA,NA,NA,NA,NA,NA,NA,NA,NA,NA,0.00,NA,NA,NA
2020-04-23 00:00:00,63.87,121.08,7.29,10.33,17.62,NA,NA,1.05,17.68,NA,NA,NA,NA,NA,NA,NA,NA,NA,NA,NA,0.00,NA,NA,NA
2020-04-23 01:00:00,58.79,124.67,7.27,10.81,18.07,NA,NA,1.26,20.88,NA,NA,NA,NA,NA,NA,NA,NA,NA,NA,NA,0.00,NA,NA,NA
2020-04-23 02:00:00,71.17,142.64,7.31,10.53,17.85,NA,NA,1.21,21.08,NA,NA,NA,NA,NA,NA,NA,NA,NA,NA,NA,0.00,NA,NA,NA
2020-04-23 03:00:00,78.50,139.86,7.36,10.90,18.26,NA,NA,1.17,19.47,NA,NA,NA,NA,NA,NA,NA,NA,NA,NA,NA,0.00,NA,NA,NA
2020-04-23 04:00:00,81.03,143.99,7.25,11.16,18.41,NA,NA,1.14,25.99,NA,NA,NA,NA,NA,NA,NA,NA,NA,NA,NA,0.00,NA,NA,NA
2020-04-23 05:00:00,83.89,146.04,7.27,10.36,17.63,NA,NA,1.13,22.97,NA,NA,NA,NA,NA,NA,NA,NA,NA,NA,NA,0.00,NA,NA,NA
2020-04-23 06:00:00,81.04,136.31,7.34,11.15,18.48,NA,NA,1.28,21.82,NA,NA,NA,NA,NA,NA,NA,NA,NA,NA,NA,0.00,NA,NA,NA
2020-04-23 07:00:00,96.78,178.83,7.60,13.06,20.66,NA,NA,1.38,23.93,NA,NA,NA,NA,NA,NA,NA,NA,NA,NA,NA,0.00,NA,NA,NA
2020-04-23 08:00:00,131.49,243.72,7.60,11.89,19.50,NA,NA,1.27,29.29,NA,NA,NA,NA,NA,NA,NA,NA,NA,NA,NA,0.00,NA,NA,NA
2020-04-23 09:00:00,85.17,143.49,7.42,9.07,16.49,NA,NA,0.99,33.45,NA,NA,NA,NA,NA,NA,NA,NA,NA,NA,NA,0.00,NA,NA,NA
2020-04-23 10:00:00,38.35,67.86,7.32,8.08,15.40,NA,NA,0.88,34.72,NA,NA,NA,NA,NA,NA,NA,NA,NA,NA,NA,0.00,NA,NA,NA
2020-04-23 11:00:00,25.69,54.32,7.35,7.43,14.78,NA,NA,0.84,33.79,NA,NA,NA,NA,NA,NA,NA,NA,NA,NA,NA,0.00,NA,NA,NA
2020-04-23 12:00:00,21.98,56.77,7.21,7.13,14.35,NA,NA,0.82,34.72,NA,NA,NA,NA,NA,NA,NA,NA,NA,NA,NA,0.00,NA,NA,NA
2020-04-23 13:00:00,27.91,74.99,7.31,7.70,15.01,NA,NA,0.77,39.67,NA,NA,NA,NA,NA,NA,NA,NA,NA,NA,NA,0.00,NA,NA,NA
2020-04-23 14:00:00,27.54,91.62,7.30,8.00,15.30,NA,NA,0.72,36.39,NA,NA,NA,NA,NA,NA,NA,NA,NA,NA,NA,0.00,NA,NA,NA
2020-04-23 15:00:00,23.24,109.06,7.67,7.61,15.27,NA,NA,0.63,35.42,NA,NA,NA,NA,NA,NA,NA,NA,NA,NA,NA,0.00,NA,NA,NA
2020-04-23 16:00:00,57.90,109.28,9.38,8.38,17.76,NA,NA,0.56,34.55,NA,NA,NA,NA,NA,NA,NA,NA,NA,NA,NA,0.00,NA,NA,NA
2020-04-23 17:00:00,NA,NA,NA,NA,NA,NA,NA,NA,NA,NA,NA,NA,NA,NA,NA,NA,NA,NA,NA,NA,0.00,NA,NA,NA
2020-04-23 18:00:00,41.37,85.03,375.22,210.63,148.34,NA,NA,0.55,20.04,NA,NA,NA,NA,NA,NA,NA,NA,NA,NA,NA,0.00,NA,NA,NA
2020-04-23 19:00:00,NA,NA,8.34,9.42,17.75,NA,NA,0.63,19.01,NA,NA,NA,NA,NA,NA,NA,NA,NA,NA,NA,0.00,NA,NA,NA
2020-04-23 20:00:00,NA,NA,6.74,10.48,17.21,NA,NA,0.73,16.68,NA,NA,NA,NA,NA,NA,NA,NA,NA,NA,NA,0.00,NA,NA,NA
2020-04-23 21:00:00,NA,NA,6.78,10.31,17.09,NA,NA,0.63,16.57,NA,NA,NA,NA,NA,NA,NA,NA,NA,NA,NA,0.00,NA,NA,NA
2020-04-23 22:00:00,NA,NA,6.75,10.66,17.41,NA,NA,0.54,14.37,NA,NA,NA,NA,NA,NA,NA,NA,NA,NA,NA,0.00,NA,NA,NA
2020-04-23 23:00:00,23.36,25.21,6.76,11.65,18.41,NA,NA,0.66,14.90,NA,NA,NA,NA,NA,NA,NA,NA,NA,NA,NA,0.00,NA,NA,NA
2020-04-24 00:00:00,22.94,68.19,6.78,12.21,18.98,NA,NA,0.82,13.82,NA,NA,NA,NA,NA,NA,NA,NA,NA,NA,NA,0.00,NA,NA,NA
2020-04-24 01:00:00,53.67,86.47,6.87,12.20,19.07,NA,NA,0.84,9.91,NA,NA,NA,NA,NA,NA,NA,NA,NA,NA,NA,0.00,NA,NA,NA
2020-04-24 02:00:00,78.32,121.63,7.07,13.10,20.18,NA,NA,0.82,9.72,NA,NA,NA,NA,NA,NA,NA,NA,NA,NA,NA,0.00,NA,NA,NA
2020-04-24 03:00:00,69.17,109.69,7.57,14.36,21.93,NA,NA,0.89,8.87,NA,NA,NA,NA,NA,NA,NA,NA,NA,NA,NA,0.00,NA,NA,NA
2020-04-24 04:00:00,70.13,108.55,7.04,13.81,20.85,NA,NA,0.91,10.79,NA,NA,NA,NA,NA,NA,NA,NA,NA,NA,NA,0.00,NA,NA,NA
2020-04-24 05:00:00,84.60,145.05,7.33,14.72,22.05,NA,NA,0.86,7.96,NA,NA,NA,NA,NA,NA,NA,NA,NA,NA,NA,0.00,NA,NA,NA
2020-04-24 06:00:00,73.85,134.57,8.02,14.47,22.49,NA,NA,0.90,6.52,NA,NA,NA,NA,NA,NA,NA,NA,NA,NA,NA,0.00,NA,NA,NA
2020-04-24 07:00:00,66.90,114.27,8.19,14.05,22.24,NA,NA,0.86,14.21,NA,NA,NA,NA,NA,NA,NA,NA,NA,NA,NA,0.00,NA,NA,NA
2020-04-24 08:00:00,62.28,107.78,7.58,12.30,19.87,NA,NA,0.73,26.44,NA,NA,NA,NA,NA,NA,NA,NA,NA,NA,NA,0.00,NA,NA,NA
2020-04-24 09:00:00,54.08,100.27,7.18,11.19,18.37,NA,NA,0.70,33.95,NA,NA,NA,NA,NA,NA,NA,NA,NA,NA,NA,0.00,NA,NA,NA
2020-04-24 10:00:00,40.75,85.44,7.05,9.57,16.62,NA,NA,0.59,38.71,NA,NA,NA,NA,NA,NA,NA,NA,NA,NA,NA,0.00,NA,NA,NA
2020-04-24 11:00:00,52.61,95.69,6.98,8.55,15.53,NA,NA,0.52,41.43,NA,NA,NA,NA,NA,NA,NA,NA,NA,NA,NA,0.00,NA,NA,NA
2020-04-24 12:00:00,54.70,76.38,6.95,7.76,14.70,NA,NA,0.49,42.18,NA,NA,NA,NA,NA,NA,NA,NA,NA,NA,NA,0.00,NA,NA,NA
2020-04-24 13:00:00,29.45,84.36,6.97,7.77,14.74,NA,NA,0.50,45.93,NA,NA,NA,NA,NA,NA,NA,NA,NA,NA,NA,0.00,NA,NA,NA
2020-04-24 14:00:00,42.74,88.67,7.05,7.50,14.56,NA,NA,0.49,46.85,NA,NA,NA,NA,NA,NA,NA,NA,NA,NA,NA,0.00,NA,NA,NA
2020-04-24 15:00:00,129.80,74.14,6.94,7.17,14.11,NA,NA,0.44,43.57,NA,NA,NA,NA,NA,NA,NA,NA,NA,NA,NA,0.00,NA,NA,NA
2020-04-24 16:00:00,35.60,80.80,7.02,8.26,15.28,NA,NA,0.45,45.45,NA,NA,NA,NA,NA,NA,NA,NA,NA,NA,NA,0.00,NA,NA,NA
2020-04-24 17:00:00,34.07,80.98,7.08,7.17,14.25,NA,NA,0.44,45.21,NA,NA,NA,NA,NA,NA,NA,NA,NA,NA,NA,0.00,NA,NA,NA
2020-04-24 18:00:00,35.06,71.85,7.01,7.56,14.57,NA,NA,0.41,48.55,NA,NA,NA,NA,NA,NA,NA,NA,NA,NA,NA,0.00,NA,NA,NA
2020-04-24 19:00:00,36.70,73.63,7.01,8.08,15.09,NA,NA,0.45,44.37,NA,NA,NA,NA,NA,NA,NA,NA,NA,NA,NA,0.00,NA,NA,NA
2020-04-24 20:00:00,26.33,73.04,6.93,10.38,17.31,NA,NA,0.56,39.57,NA,NA,NA,NA,NA,NA,NA,NA,NA,NA,NA,0.00,NA,NA,NA
2020-04-24 21:00:00,60.39,117.75,7.04,13.30,20.34,NA,NA,0.68,36.41,NA,NA,NA,NA,NA,NA,NA,NA,NA,NA,NA,0.00,NA,NA,NA
2020-04-24 22:00:00,73.24,150.87,6.98,11.96,18.94,NA,NA,0.71,35.09,NA,NA,NA,NA,NA,NA,NA,NA,NA,NA,NA,0.00,NA,NA,NA
2020-04-24 23:00:00,74.41,142.16,6.98,10.69,17.67,NA,NA,0.61,34.26,NA,NA,NA,NA,NA,NA,NA,NA,NA,NA,NA,0.00,NA,NA,NA
2020-04-25 00:00:00,29.86,101.43,6.92,6.99,13.90,NA,NA,0.38,30.85,NA,NA,NA,NA,NA,NA,NA,NA,NA,NA,NA,0.00,NA,NA,NA
2020-04-25 01:00:00,11.10,60.65,6.96,7.37,14.34,NA,NA,0.42,24.50,NA,NA,NA,NA,NA,NA,NA,NA,NA,NA,NA,0.00,NA,NA,NA
2020-04-25 02:00:00,12.84,59.55,6.97,8.61,15.58,NA,NA,0.44,25.83,NA,NA,NA,NA,NA,NA,NA,NA,NA,NA,NA,0.00,NA,NA,NA
2020-04-25 03:00:00,16.55,63.44,6.95,8.27,15.23,NA,NA,0.44,24.46,NA,NA,NA,NA,NA,NA,NA,NA,NA,NA,NA,0.00,NA,NA,NA
2020-04-25 04:00:00,15.38,59.48,6.88,8.55,15.43,NA,NA,0.44,22.75,NA,NA,NA,NA,NA,NA,NA,NA,NA,NA,NA,0.00,NA,NA,NA
2020-04-25 05:00:00,13.82,43.09,6.98,7.47,14.45,NA,NA,0.43,28.35,NA,NA,NA,NA,NA,NA,NA,NA,NA,NA,NA,0.00,NA,NA,NA
2020-04-25 06:00:00,11.02,41.95,6.95,6.94,13.89,NA,NA,0.39,30.94,NA,NA,NA,NA,NA,NA,NA,NA,NA,NA,NA,0.00,NA,NA,NA
2020-04-25 07:00:00,11.67,35.47,6.99,7.86,14.86,NA,NA,0.45,26.05,NA,NA,NA,NA,NA,NA,NA,NA,NA,NA,NA,0.00,NA,NA,NA
2020-04-25 08:00:00,13.94,43.31,7.12,8.25,15.37,NA,NA,0.47,29.39,NA,NA,NA,NA,NA,NA,NA,NA,NA,NA,NA,0.00,NA,NA,NA
2020-04-25 09:00:00,14.47,58.95,7.08,7.30,14.37,NA,NA,0.44,32.56,NA,NA,NA,NA,NA,NA,NA,NA,NA,NA,NA,0.00,NA,NA,NA
2020-04-25 10:00:00,17.16,52.35,7.02,6.85,13.88,NA,NA,0.43,34.43,NA,NA,NA,NA,NA,NA,NA,NA,NA,NA,NA,0.00,NA,NA,NA
2020-04-25 11:00:00,16.46,49.53,6.99,6.78,13.77,NA,NA,0.38,36.09,NA,NA,NA,NA,NA,NA,NA,NA,NA,NA,NA,0.00,NA,NA,NA
2020-04-25 12:00:00,21.69,48.14,7.05,7.60,14.64,NA,NA,0.39,40.83,NA,NA,NA,NA,NA,NA,NA,NA,NA,NA,NA,0.00,NA,NA,NA
2020-04-25 13:00:00,25.05,50.71,6.95,6.94,13.89,NA,NA,0.38,40.19,NA,NA,NA,NA,NA,NA,NA,NA,NA,NA,NA,0.00,NA,NA,NA
2020-04-25 14:00:00,24.08,56.12,7.01,6.82,13.83,NA,NA,0.39,43.66,NA,NA,NA,NA,NA,NA,NA,NA,NA,NA,NA,0.00,NA,NA,NA
2020-04-25 15:00:00,30.81,65.74,7.05,7.12,14.17,NA,NA,0.37,39.10,NA,NA,NA,NA,NA,NA,NA,NA,NA,NA,NA,0.00,NA,NA,NA
2020-04-25 16:00:00,56.55,113.17,7.28,7.74,15.03,NA,NA,0.36,40.95,NA,NA,NA,NA,NA,NA,NA,NA,NA,NA,NA,0.00,NA,NA,NA
2020-04-25 17:00:00,22.28,65.97,7.26,7.63,14.89,NA,NA,0.40,41.69,NA,NA,NA,NA,NA,NA,NA,NA,NA,NA,NA,0.00,NA,NA,NA
2020-04-25 18:00:00,23.08,57.39,7.08,7.65,14.73,NA,NA,0.43,40.17,NA,NA,NA,NA,NA,NA,NA,NA,NA,NA,NA,0.00,NA,NA,NA
2020-04-25 19:00:00,17.14,47.13,7.08,7.85,14.93,NA,NA,0.44,33.19,NA,NA,NA,NA,NA,NA,NA,NA,NA,NA,NA,0.00,NA,NA,NA
2020-04-25 20:00:00,27.32,57.43,7.04,8.27,15.30,NA,NA,0.46,34.19,NA,NA,NA,NA,NA,NA,NA,NA,NA,NA,NA,0.00,NA,NA,NA
2020-04-25 21:00:00,29.63,57.21,7.03,8.57,15.60,NA,NA,0.47,31.06,NA,NA,NA,NA,NA,NA,NA,NA,NA,NA,NA,0.00,NA,NA,NA
2020-04-25 22:00:00,48.19,104.91,7.08,10.92,17.99,NA,NA,0.50,29.29,NA,NA,NA,NA,NA,NA,NA,NA,NA,NA,NA,0.00,NA,NA,NA
2020-04-25 23:00:00,72.88,138.28,7.10,11.72,18.82,NA,NA,0.51,22.89,NA,NA,NA,NA,NA,NA,NA,NA,NA,NA,NA,0.00,NA,NA,NA
2020-04-26 00:00:00,74.90,138.83,7.17,10.87,18.04,NA,NA,0.53,27.02,NA,NA,NA,NA,NA,NA,NA,NA,NA,NA,NA,0.00,NA,NA,NA
2020-04-26 01:00:00,68.47,136.33,7.13,11.46,18.59,NA,NA,0.46,23.64,NA,NA,NA,NA,NA,NA,NA,NA,NA,NA,NA,0.00,NA,NA,NA
2020-04-26 02:00:00,96.24,176.80,7.12,12.00,19.12,NA,NA,0.50,24.65,NA,NA,NA,NA,NA,NA,NA,NA,NA,NA,NA,0.00,NA,NA,NA
2020-04-26 03:00:00,91.81,197.91,7.12,9.96,17.08,NA,NA,0.51,26.96,NA,NA,NA,NA,NA,NA,NA,NA,NA,NA,NA,0.00,NA,NA,NA
2020-04-26 04:00:00,92.39,204.46,7.08,10.00,17.08,NA,NA,0.54,27.42,NA,NA,NA,NA,NA,NA,NA,NA,NA,NA,NA,0.00,NA,NA,NA
2020-04-26 05:00:00,87.86,179.63,7.20,9.89,17.09,NA,NA,0.56,21.92,NA,NA,NA,NA,NA,NA,NA,NA,NA,NA,NA,0.00,NA,NA,NA
2020-04-26 06:00:00,82.16,176.95,7.17,10.07,17.24,NA,NA,0.58,23.77,NA,NA,NA,NA,NA,NA,NA,NA,NA,NA,NA,0.00,NA,NA,NA
2020-04-26 07:00:00,93.26,228.52,7.20,11.52,18.71,NA,NA,0.60,22.37,NA,NA,NA,NA,NA,NA,NA,NA,NA,NA,NA,0.00,NA,NA,NA
2020-04-26 08:00:00,75.64,202.12,7.25,9.58,16.83,NA,NA,0.62,25.39,NA,NA,NA,NA,NA,NA,NA,NA,NA,NA,NA,0.00,NA,NA,NA
2020-04-26 09:00:00,17.21,63.61,7.46,14.55,22.01,NA,NA,0.64,22.27,NA,NA,NA,NA,NA,NA,NA,NA,NA,NA,NA,0.00,NA,NA,NA
2020-04-26 10:00:00,23.03,68.99,7.41,9.37,16.78,NA,NA,0.62,20.13,NA,NA,NA,NA,NA,NA,NA,NA,NA,NA,NA,0.00,NA,NA,NA
2020-04-26 11:00:00,39.39,81.56,8.28,9.30,17.58,NA,NA,0.60,31.93,NA,NA,NA,NA,NA,NA,NA,NA,NA,NA,NA,0.00,NA,NA,NA
2020-04-26 12:00:00,NA,NA,NA,NA,NA,NA,NA,NA,NA,NA,NA,NA,NA,NA,NA,NA,NA,NA,NA,NA,0.00,NA,NA,NA
2020-04-26 13:00:00,NA,NA,NA,NA,NA,NA,NA,NA,NA,NA,NA,NA,NA,NA,NA,NA,NA,NA,NA,NA,0.00,NA,NA,NA
2020-04-26 14:00:00,NA,NA,NA,NA,NA,NA,NA,NA,NA,NA,NA,NA,NA,NA,NA,NA,NA,NA,NA,NA,0.00,NA,NA,NA
2020-04-26 15:00:00,NA,NA,NA,NA,NA,NA,NA,NA,NA,NA,NA,NA,NA,NA,NA,NA,NA,NA,NA,NA,0.00,NA,NA,NA
2020-04-26 16:00:00,NA,NA,NA,NA,NA,NA,NA,NA,NA,NA,NA,NA,NA,NA,NA,NA,NA,NA,NA,NA,0.00,NA,NA,NA
2020-04-26 17:00:00,44.15,94.93,439.64,126.28,NA,NA,NA,0.96,NA,NA,NA,NA,NA,NA,NA,NA,NA,NA,NA,NA,0.00,NA,NA,NA
2020-04-26 18:00:00,17.52,53.53,28.19,11.49,39.47,NA,NA,0.80,18.89,NA,NA,NA,NA,NA,NA,NA,NA,NA,NA,NA,0.00,NA,NA,NA
2020-04-26 19:00:00,NA,NA,100.22,30.23,62.38,NA,NA,0.68,15.29,NA,NA,NA,NA,NA,NA,NA,NA,NA,NA,NA,0.00,NA,NA,NA
2020-04-26 20:00:00,NA,NA,7.70,10.40,18.10,NA,NA,0.70,12.80,NA,NA,NA,NA,NA,NA,NA,NA,NA,NA,NA,0.00,NA,NA,NA
2020-04-26 21:00:00,NA,NA,7.39,12.45,19.84,NA,NA,0.65,7.61,NA,NA,NA,NA,NA,NA,NA,NA,NA,NA,NA,0.00,NA,NA,NA
2020-04-26 22:00:00,NA,NA,8.97,11.98,20.95,NA,NA,0.63,3.93,NA,NA,NA,NA,NA,NA,NA,NA,NA,NA,NA,0.00,NA,NA,NA
2020-04-26 23:00:00,NA,NA,8.00,11.89,19.88,NA,NA,0.62,5.97,NA,NA,NA,NA,NA,NA,NA,NA,NA,NA,NA,0.00,NA,NA,NA
2020-04-27 00:00:00,NA,NA,7.08,11.12,18.21,NA,NA,0.64,6.49,NA,NA,NA,NA,NA,NA,NA,NA,NA,NA,NA,0.00,NA,NA,NA
2020-04-27 01:00:00,3.35,6.59,6.77,10.13,16.89,NA,NA,0.59,9.58,NA,NA,NA,NA,NA,NA,NA,NA,NA,NA,NA,0.00,NA,NA,NA
2020-04-27 02:00:00,15.56,9.71,6.81,10.33,17.14,NA,NA,0.61,10.20,NA,NA,NA,NA,NA,NA,NA,NA,NA,NA,NA,0.00,NA,NA,NA
2020-04-27 03:00:00,5.38,10.83,6.95,10.23,17.18,NA,NA,0.62,9.64,NA,NA,NA,NA,NA,NA,NA,NA,NA,NA,NA,0.00,NA,NA,NA
2020-04-27 04:00:00,17.63,16.21,6.83,9.66,16.49,NA,NA,0.58,9.91,NA,NA,NA,NA,NA,NA,NA,NA,NA,NA,NA,0.00,NA,NA,NA
2020-04-27 05:00:00,18.99,42.87,6.81,8.42,15.23,NA,NA,0.60,12.07,NA,NA,NA,NA,NA,NA,NA,NA,NA,NA,NA,0.00,NA,NA,NA
2020-04-27 06:00:00,10.61,10.63,6.85,7.97,14.82,NA,NA,0.61,14.25,NA,NA,NA,NA,NA,NA,NA,NA,NA,NA,NA,0.00,NA,NA,NA
2020-04-27 07:00:00,10.46,25.16,7.08,8.29,15.37,NA,NA,0.57,15.53,NA,NA,NA,NA,NA,NA,NA,NA,NA,NA,NA,0.00,NA,NA,NA
2020-04-27 08:00:00,19.52,32.84,7.32,8.98,16.30,NA,NA,0.59,19.33,NA,NA,NA,NA,NA,NA,NA,NA,NA,NA,NA,0.00,NA,NA,NA
2020-04-27 09:00:00,22.37,31.12,7.18,9.10,16.28,NA,NA,0.60,23.58,NA,NA,NA,NA,NA,NA,NA,NA,NA,NA,NA,0.00,NA,NA,NA
2020-04-27 10:00:00,31.23,44.17,7.04,8.79,15.83,NA,NA,0.61,28.26,NA,NA,NA,NA,NA,NA,NA,NA,NA,NA,NA,0.00,NA,NA,NA
2020-04-27 11:00:00,29.95,39.11,6.90,8.44,15.34,NA,NA,0.61,31.51,NA,NA,NA,NA,NA,NA,NA,NA,NA,NA,NA,0.00,NA,NA,NA
2020-04-27 12:00:00,22.04,36.27,6.76,8.12,14.89,NA,NA,0.64,33.74,NA,NA,NA,NA,NA,NA,NA,NA,NA,NA,NA,0.00,NA,NA,NA
2020-04-27 13:00:00,42.08,91.99,7.05,8.34,15.39,NA,NA,0.63,37.37,NA,NA,NA,NA,NA,NA,NA,NA,NA,NA,NA,0.00,NA,NA,NA
2020-04-27 14:00:00,25.31,41.51,7.04,7.92,14.96,NA,NA,0.65,39.79,NA,NA,NA,NA,NA,NA,NA,NA,NA,NA,NA,0.00,NA,NA,NA
2020-04-27 15:00:00,14.97,28.72,6.90,8.01,14.91,NA,NA,0.65,42.99,NA,NA,NA,NA,NA,NA,NA,NA,NA,NA,NA,0.00,NA,NA,NA
2020-04-27 16:00:00,18.27,30.49,6.96,7.75,14.70,NA,NA,0.65,45.85,NA,NA,NA,NA,NA,NA,NA,NA,NA,NA,NA,0.00,NA,NA,NA
2020-04-27 17:00:00,20.43,40.42,6.85,7.84,14.70,NA,NA,0.64,49.20,NA,NA,NA,NA,NA,NA,NA,NA,NA,NA,NA,0.00,NA,NA,NA
2020-04-27 18:00:00,28.77,48.00,6.74,8.22,14.96,NA,NA,0.64,45.03,NA,NA,NA,NA,NA,NA,NA,NA,NA,NA,NA,0.00,NA,NA,NA
2020-04-27 19:00:00,28.87,49.82,6.83,8.44,15.28,NA,NA,0.64,37.73,NA,NA,NA,NA,NA,NA,NA,NA,NA,NA,NA,0.00,NA,NA,NA
2020-04-27 20:00:00,41.65,63.13,6.79,8.67,15.44,NA,NA,0.66,31.68,NA,NA,NA,NA,NA,NA,NA,NA,NA,NA,NA,0.00,NA,NA,NA
2020-04-27 21:00:00,41.70,55.71,6.85,7.94,14.79,NA,NA,0.62,29.19,NA,NA,NA,NA,NA,NA,NA,NA,NA,NA,NA,0.00,NA,NA,NA
2020-04-27 22:00:00,26.07,33.29,6.84,7.53,14.37,NA,NA,0.65,28.57,NA,NA,NA,NA,NA,NA,NA,NA,NA,NA,NA,0.00,NA,NA,NA
2020-04-27 23:00:00,25.51,29.27,6.86,7.82,14.68,NA,NA,0.65,27.09,NA,NA,NA,NA,NA,NA,NA,NA,NA,NA,NA,0.00,NA,NA,NA
2020-04-28 00:00:00,27.77,33.85,6.81,7.99,14.80,NA,NA,0.67,23.89,NA,NA,NA,NA,NA,NA,NA,NA,NA,NA,NA,0.00,NA,NA,NA
2020-04-28 01:00:00,24.02,39.01,6.81,8.19,15.00,NA,NA,0.69,23.63,NA,NA,NA,NA,NA,NA,NA,NA,NA,NA,NA,0.00,NA,NA,NA
2020-04-28 02:00:00,25.48,33.87,6.87,8.31,15.18,NA,NA,0.88,20.80,NA,NA,NA,NA,NA,NA,NA,NA,NA,NA,NA,0.00,NA,NA,NA
2020-04-28 03:00:00,29.53,39.40,6.86,8.86,15.71,NA,NA,0.87,18.30,NA,NA,NA,NA,NA,NA,NA,NA,NA,NA,NA,0.00,NA,NA,NA
2020-04-28 04:00:00,24.31,35.00,6.88,8.27,15.15,NA,NA,0.82,19.63,NA,NA,NA,NA,NA,NA,NA,NA,NA,NA,NA,0.00,NA,NA,NA
2020-04-28 05:00:00,29.15,45.43,6.96,8.64,15.59,NA,NA,0.84,18.08,NA,NA,NA,NA,NA,NA,NA,NA,NA,NA,NA,0.00,NA,NA,NA
2020-04-28 06:00:00,33.05,44.15,7.10,9.18,16.29,NA,NA,0.83,17.33,NA,NA,NA,NA,NA,NA,NA,NA,NA,NA,NA,0.00,NA,NA,NA
2020-04-28 07:00:00,33.87,53.70,7.39,9.27,16.66,NA,NA,0.85,17.64,NA,NA,NA,NA,NA,NA,NA,NA,NA,NA,NA,0.00,NA,NA,NA
2020-04-28 08:00:00,39.37,58.90,7.35,9.25,16.60,NA,NA,0.80,21.57,NA,NA,NA,NA,NA,NA,NA,NA,NA,NA,NA,0.00,NA,NA,NA
2020-04-28 09:00:00,37.75,66.35,7.20,8.76,15.96,NA,NA,0.80,27.76,NA,NA,NA,NA,NA,NA,NA,NA,NA,NA,NA,0.00,NA,NA,NA
2020-04-28 10:00:00,42.24,65.45,7.10,8.55,15.65,NA,NA,0.77,34.60,NA,NA,NA,NA,NA,NA,NA,NA,NA,NA,NA,0.00,NA,NA,NA
2020-04-28 11:00:00,46.69,72.45,6.97,8.17,15.14,NA,NA,0.78,37.40,NA,NA,NA,NA,NA,NA,NA,NA,NA,NA,NA,0.00,NA,NA,NA
2020-04-28 12:00:00,40.23,67.28,6.88,8.02,14.90,NA,NA,0.78,40.40,NA,NA,NA,NA,NA,NA,NA,NA,NA,NA,NA,0.00,NA,NA,NA
2020-04-28 13:00:00,41.61,63.65,6.84,7.86,14.70,NA,NA,0.79,41.23,NA,NA,NA,NA,NA,NA,NA,NA,NA,NA,NA,0.00,NA,NA,NA
2020-04-28 14:00:00,46.59,68.58,6.96,7.58,14.54,NA,NA,0.80,42.01,NA,NA,NA,NA,NA,NA,NA,NA,NA,NA,NA,0.00,NA,NA,NA
2020-04-28 15:00:00,44.18,68.26,6.93,7.46,14.39,NA,NA,0.80,43.44,NA,NA,NA,NA,NA,NA,NA,NA,NA,NA,NA,0.00,NA,NA,NA
2020-04-28 16:00:00,37.28,64.01,6.89,7.35,14.24,NA,NA,0.80,43.77,NA,NA,NA,NA,NA,NA,NA,NA,NA,NA,NA,0.00,NA,NA,NA
2020-04-28 17:00:00,47.83,116.41,6.81,7.39,14.21,NA,NA,0.80,46.07,NA,NA,NA,NA,NA,NA,NA,NA,NA,NA,NA,0.00,NA,NA,NA
2020-04-28 18:00:00,41.74,160.05,6.84,7.89,14.73,NA,NA,0.81,42.64,NA,NA,NA,NA,NA,NA,NA,NA,NA,NA,NA,0.00,NA,NA,NA
2020-04-28 19:00:00,43.66,65.00,6.79,9.19,15.98,NA,NA,0.83,36.07,NA,NA,NA,NA,NA,NA,NA,NA,NA,NA,NA,0.00,NA,NA,NA
2020-04-28 20:00:00,30.09,68.48,6.86,10.62,17.48,NA,NA,0.83,26.76,NA,NA,NA,NA,NA,NA,NA,NA,NA,NA,NA,0.00,NA,NA,NA
2020-04-28 21:00:00,46.52,68.22,7.14,12.25,19.39,NA,NA,0.83,9.07,NA,NA,NA,NA,NA,NA,NA,NA,NA,NA,NA,0.00,NA,NA,NA
2020-04-28 22:00:00,46.00,64.51,7.12,12.70,19.82,NA,NA,0.83,6.32,NA,NA,NA,NA,NA,NA,NA,NA,NA,NA,NA,0.00,NA,NA,NA
2020-04-28 23:00:00,59.44,87.01,7.17,11.81,18.98,NA,NA,0.83,19.21,NA,NA,NA,NA,NA,NA,NA,NA,NA,NA,NA,0.00,NA,NA,NA
2020-04-29 00:00:00,80.10,117.56,7.24,11.76,19.00,NA,NA,0.84,19.69,NA,NA,NA,NA,NA,NA,NA,NA,NA,NA,NA,0.00,NA,NA,NA
2020-04-29 01:00:00,76.84,139.50,7.27,10.93,18.20,NA,NA,0.84,17.21,NA,NA,NA,NA,NA,NA,NA,NA,NA,NA,NA,0.00,NA,NA,NA
2020-04-29 02:00:00,73.05,126.37,7.29,11.42,18.71,NA,NA,0.84,11.38,NA,NA,NA,NA,NA,NA,NA,NA,NA,NA,NA,0.00,NA,NA,NA
2020-04-29 03:00:00,76.48,129.18,7.23,10.95,18.18,NA,NA,0.85,10.08,NA,NA,NA,NA,NA,NA,NA,NA,NA,NA,NA,0.00,NA,NA,NA
2020-04-29 04:00:00,79.34,127.23,7.10,10.73,17.83,NA,NA,0.83,9.31,NA,NA,NA,NA,NA,NA,NA,NA,NA,NA,NA,0.00,NA,NA,NA
2020-04-29 05:00:00,66.84,107.81,7.21,10.67,17.89,NA,NA,0.87,8.53,NA,NA,NA,NA,NA,NA,NA,NA,NA,NA,NA,0.00,NA,NA,NA
2020-04-29 06:00:00,67.13,103.69,7.12,9.83,16.95,NA,NA,0.88,14.76,NA,NA,NA,NA,NA,NA,NA,NA,NA,NA,NA,0.00,NA,NA,NA
2020-04-29 07:00:00,66.41,109.29,7.20,9.35,16.55,NA,NA,0.81,22.65,NA,NA,NA,NA,NA,NA,NA,NA,NA,NA,NA,0.00,NA,NA,NA
2020-04-29 08:00:00,34.74,53.91,7.15,8.56,15.71,NA,NA,0.84,30.78,NA,NA,NA,NA,NA,NA,NA,NA,NA,NA,NA,0.00,NA,NA,NA
2020-04-29 09:00:00,53.38,79.50,7.21,9.57,16.78,NA,NA,0.88,33.65,NA,NA,NA,NA,NA,NA,NA,NA,NA,NA,NA,0.00,NA,NA,NA
2020-04-29 10:00:00,49.20,88.55,7.04,8.75,15.79,NA,NA,0.86,37.04,NA,NA,NA,NA,NA,NA,NA,NA,NA,NA,NA,0.00,NA,NA,NA
2020-04-29 11:00:00,47.95,93.20,6.95,8.38,15.33,NA,NA,0.88,39.24,NA,NA,NA,NA,NA,NA,NA,NA,NA,NA,NA,0.00,NA,NA,NA
2020-04-29 12:00:00,50.38,102.62,6.98,7.53,14.51,NA,NA,0.74,39.52,NA,NA,NA,NA,NA,NA,NA,NA,NA,NA,NA,0.00,NA,NA,NA
2020-04-29 13:00:00,35.85,76.96,6.95,6.89,13.84,NA,NA,0.75,36.08,NA,NA,NA,NA,NA,NA,NA,NA,NA,NA,NA,0.00,NA,NA,NA
2020-04-29 14:00:00,34.99,72.38,6.88,7.11,13.99,NA,NA,0.75,40.58,NA,NA,NA,NA,NA,NA,NA,NA,NA,NA,NA,0.00,NA,NA,NA
2020-04-29 15:00:00,36.78,84.97,6.98,7.19,14.17,NA,NA,0.75,43.59,NA,NA,NA,NA,NA,NA,NA,NA,NA,NA,NA,0.00,NA,NA,NA
2020-04-29 16:00:00,45.22,78.44,6.93,7.10,14.03,NA,NA,0.76,42.90,NA,NA,NA,NA,NA,NA,NA,NA,NA,NA,NA,0.00,NA,NA,NA
2020-04-29 17:00:00,41.56,77.82,6.90,7.35,14.25,NA,NA,0.76,39.83,NA,NA,NA,NA,NA,NA,NA,NA,NA,NA,NA,0.00,NA,NA,NA
2020-04-29 18:00:00,48.64,87.78,6.89,8.09,14.98,NA,NA,0.72,33.29,NA,NA,NA,NA,NA,NA,NA,NA,NA,NA,NA,0.00,NA,NA,NA
2020-04-29 19:00:00,46.78,86.82,6.83,10.13,16.96,NA,NA,0.68,32.31,NA,NA,NA,NA,NA,NA,NA,NA,NA,NA,NA,0.00,NA,NA,NA
2020-04-29 20:00:00,42.86,74.09,6.95,10.41,17.36,NA,NA,0.61,26.51,NA,NA,NA,NA,NA,NA,NA,NA,NA,NA,NA,0.00,NA,NA,NA
2020-04-29 21:00:00,58.63,92.15,7.07,12.05,19.12,NA,NA,0.62,25.36,NA,NA,NA,NA,NA,NA,NA,NA,NA,NA,NA,0.00,NA,NA,NA
2020-04-29 22:00:00,78.40,136.79,6.93,10.89,17.82,NA,NA,0.66,25.72,NA,NA,NA,NA,NA,NA,NA,NA,NA,NA,NA,0.00,NA,NA,NA
2020-04-29 23:00:00,64.01,134.87,6.86,9.40,16.26,NA,NA,0.66,23.96,NA,NA,NA,NA,NA,NA,NA,NA,NA,NA,NA,0.00,NA,NA,NA
2020-04-30 00:00:00,60.34,122.88,6.94,9.39,16.32,NA,NA,0.67,22.49,NA,NA,NA,NA,NA,NA,NA,NA,NA,NA,NA,0.00,NA,NA,NA
2020-04-30 01:00:00,58.09,122.47,6.95,9.50,16.45,NA,NA,0.67,18.12,NA,NA,NA,NA,NA,NA,NA,NA,NA,NA,NA,0.00,NA,NA,NA
2020-04-30 02:00:00,57.26,110.59,7.00,9.32,16.32,NA,NA,0.68,16.82,NA,NA,NA,NA,NA,NA,NA,NA,NA,NA,NA,0.00,NA,NA,NA
2020-04-30 03:00:00,53.79,96.33,7.08,9.61,16.68,NA,NA,0.68,15.52,NA,NA,NA,NA,NA,NA,NA,NA,NA,NA,NA,0.00,NA,NA,NA
2020-04-30 04:00:00,53.17,98.03,7.04,9.63,16.67,NA,NA,0.69,18.53,NA,NA,NA,NA,NA,NA,NA,NA,NA,NA,NA,0.00,NA,NA,NA
2020-04-30 05:00:00,64.71,111.76,7.07,10.00,17.07,NA,NA,0.71,13.21,NA,NA,NA,NA,NA,NA,NA,NA,NA,NA,NA,0.00,NA,NA,NA
2020-04-30 06:00:00,60.01,105.93,7.29,9.29,16.58,NA,NA,0.67,11.66,NA,NA,NA,NA,NA,NA,NA,NA,NA,NA,NA,0.00,NA,NA,NA
2020-04-30 07:00:00,77.28,122.68,7.42,10.41,17.83,NA,NA,0.65,17.73,NA,NA,NA,NA,NA,NA,NA,NA,NA,NA,NA,0.00,NA,NA,NA
2020-04-30 08:00:00,90.77,149.93,7.53,10.67,18.21,NA,NA,0.67,19.88,NA,NA,NA,NA,NA,NA,NA,NA,NA,NA,NA,0.00,NA,NA,NA
2020-04-30 09:00:00,86.44,155.54,7.37,10.62,18.00,NA,NA,0.67,23.29,NA,NA,NA,NA,NA,NA,NA,NA,NA,NA,NA,0.00,NA,NA,NA
2020-04-30 10:00:00,71.06,173.91,7.12,9.78,16.90,NA,NA,0.68,30.05,NA,NA,NA,NA,NA,NA,NA,NA,NA,NA,NA,0.00,NA,NA,NA
2020-04-30 11:00:00,69.22,162.05,7.12,8.75,15.87,NA,NA,0.68,35.52,NA,NA,NA,NA,NA,NA,NA,NA,NA,NA,NA,0.00,NA,NA,NA
2020-04-30 12:00:00,61.52,132.67,7.09,7.56,14.65,NA,NA,0.66,37.10,NA,NA,NA,NA,NA,NA,NA,NA,NA,NA,NA,0.00,NA,NA,NA
2020-04-30 13:00:00,54.88,109.03,7.03,7.69,14.73,NA,NA,0.69,36.57,NA,NA,NA,NA,NA,NA,NA,NA,NA,NA,NA,0.00,NA,NA,NA
2020-04-30 14:00:00,40.13,99.41,7.00,7.41,14.40,NA,NA,0.69,40.02,NA,NA,NA,NA,NA,NA,NA,NA,NA,NA,NA,0.00,NA,NA,NA
2020-04-30 15:00:00,45.43,98.14,6.96,7.56,14.52,NA,NA,0.71,42.87,NA,NA,NA,NA,NA,NA,NA,NA,NA,NA,NA,0.00,NA,NA,NA
2020-04-30 16:00:00,59.22,115.08,6.98,7.78,14.76,NA,NA,0.72,43.75,NA,NA,NA,NA,NA,NA,NA,NA,NA,NA,NA,0.00,NA,NA,NA
2020-04-30 17:00:00,55.81,115.80,6.93,7.74,14.67,NA,NA,0.72,41.75,NA,NA,NA,NA,NA,NA,NA,NA,NA,NA,NA,0.00,NA,NA,NA
2020-04-30 18:00:00,60.23,110.74,6.89,8.70,15.59,NA,NA,0.71,29.03,NA,NA,NA,NA,NA,NA,NA,NA,NA,NA,NA,0.00,NA,NA,NA
2020-04-30 19:00:00,74.30,191.21,7.32,10.39,17.71,NA,NA,0.64,31.43,NA,NA,NA,NA,NA,NA,NA,NA,NA,NA,NA,0.00,NA,NA,NA
2020-04-30 20:00:00,98.24,226.82,7.45,9.55,17.00,NA,NA,0.58,28.65,NA,NA,NA,NA,NA,NA,NA,NA,NA,NA,NA,0.00,NA,NA,NA
2020-04-30 21:00:00,47.66,103.80,7.24,9.58,16.82,NA,NA,0.62,19.26,NA,NA,NA,NA,NA,NA,NA,NA,NA,NA,NA,0.00,NA,NA,NA
2020-04-30 22:00:00,34.48,87.64,7.23,11.21,18.44,NA,NA,0.64,19.62,NA,NA,NA,NA,NA,NA,NA,NA,NA,NA,NA,0.00,NA,NA,NA
2020-04-30 23:00:00,49.37,127.54,7.15,11.69,18.83,NA,NA,0.65,15.92,NA,NA,NA,NA,NA,NA,NA,NA,NA,NA,NA,0.00,NA,NA,NA
2020-05-01 00:00:00,52.27,115.63,7.12,9.70,16.82,NA,NA,0.65,27.46,NA,NA,NA,NA,NA,NA,NA,NA,NA,NA,NA,0.00,NA,NA,NA
2020-05-01 01:00:00,60.88,115.72,7.22,10.47,17.70,NA,NA,0.63,23.00,NA,NA,NA,NA,NA,NA,NA,NA,NA,NA,NA,0.00,NA,NA,NA
2020-05-01 02:00:00,78.49,133.76,7.29,10.50,17.78,NA,NA,0.65,19.95,NA,NA,NA,NA,NA,NA,NA,NA,NA,NA,NA,0.00,NA,NA,NA
2020-05-01 03:00:00,64.67,106.18,7.18,10.02,17.21,NA,NA,0.66,19.67,NA,NA,NA,NA,NA,NA,NA,NA,NA,NA,NA,0.00,NA,NA,NA
2020-05-01 04:00:00,49.45,107.65,7.35,9.65,17.01,NA,NA,0.62,15.40,NA,NA,NA,NA,NA,NA,NA,NA,NA,NA,NA,0.00,NA,NA,NA
2020-05-01 05:00:00,61.96,104.46,7.29,9.81,17.10,NA,NA,0.67,10.79,NA,NA,NA,NA,NA,NA,NA,NA,NA,NA,NA,0.00,NA,NA,NA
2020-05-01 06:00:00,58.26,106.20,7.53,9.67,17.19,NA,NA,0.68,7.83,NA,NA,NA,NA,NA,NA,NA,NA,NA,NA,NA,0.00,NA,NA,NA
2020-05-01 07:00:00,57.71,116.98,7.64,10.27,17.91,NA,NA,0.68,13.80,NA,NA,NA,NA,NA,NA,NA,NA,NA,NA,NA,0.00,NA,NA,NA
2020-05-01 08:00:00,75.21,154.25,7.56,10.28,17.83,NA,NA,0.69,21.34,NA,NA,NA,NA,NA,NA,NA,NA,NA,NA,NA,0.00,NA,NA,NA
2020-05-01 09:00:00,85.29,170.95,7.57,10.47,18.04,NA,NA,0.69,25.92,NA,NA,NA,NA,NA,NA,NA,NA,NA,NA,NA,0.00,NA,NA,NA
2020-05-01 10:00:00,88.37,194.01,7.48,10.00,17.48,NA,NA,0.69,32.84,NA,NA,NA,NA,NA,NA,NA,NA,NA,NA,NA,0.00,NA,NA,NA
2020-05-01 11:00:00,75.62,179.79,7.33,8.69,16.02,NA,NA,0.69,35.78,NA,NA,NA,NA,NA,NA,NA,NA,NA,NA,NA,0.00,NA,NA,NA
2020-05-01 12:00:00,57.44,157.89,7.17,7.70,14.88,NA,NA,0.66,40.15,NA,NA,NA,NA,NA,NA,NA,NA,NA,NA,NA,0.00,NA,NA,NA
2020-05-01 13:00:00,50.89,133.98,7.12,7.72,14.84,NA,NA,0.70,41.76,NA,NA,NA,NA,NA,NA,NA,NA,NA,NA,NA,0.00,NA,NA,NA
2020-05-01 14:00:00,51.23,156.29,7.14,7.70,14.84,NA,NA,0.70,46.84,NA,NA,NA,NA,NA,NA,NA,NA,NA,NA,NA,0.00,NA,NA,NA
2020-05-01 15:00:00,63.54,155.93,7.15,9.00,16.16,NA,NA,0.71,45.61,NA,NA,NA,NA,NA,NA,NA,NA,NA,NA,NA,0.00,NA,NA,NA
2020-05-01 16:00:00,58.07,172.88,7.09,8.73,15.82,NA,NA,0.71,47.48,NA,NA,NA,NA,NA,NA,NA,NA,NA,NA,NA,0.00,NA,NA,NA
2020-05-01 17:00:00,61.18,153.67,7.13,8.23,15.36,NA,NA,0.68,50.72,NA,NA,NA,NA,NA,NA,NA,NA,NA,NA,NA,0.00,NA,NA,NA
2020-05-01 18:00:00,61.47,146.99,7.16,8.75,15.90,NA,NA,0.70,48.54,NA,NA,NA,NA,NA,NA,NA,NA,NA,NA,NA,0.00,NA,NA,NA
2020-05-01 19:00:00,60.50,158.40,7.14,8.63,15.77,NA,NA,0.72,41.21,NA,NA,NA,NA,NA,NA,NA,NA,NA,NA,NA,0.00,NA,NA,NA
2020-05-01 20:00:00,54.66,157.26,7.29,8.81,16.09,NA,NA,0.72,36.41,NA,NA,NA,NA,NA,NA,NA,NA,NA,NA,NA,0.00,NA,NA,NA
2020-05-01 21:00:00,56.18,136.51,7.17,8.89,16.07,NA,NA,0.72,32.15,NA,NA,NA,NA,NA,NA,NA,NA,NA,NA,NA,0.00,NA,NA,NA
2020-05-01 22:00:00,49.50,115.80,7.15,8.72,15.87,NA,NA,0.65,30.00,NA,NA,NA,NA,NA,NA,NA,NA,NA,NA,NA,0.00,NA,NA,NA
2020-05-01 23:00:00,35.61,87.69,7.19,8.38,15.57,NA,NA,0.65,29.36,NA,NA,NA,NA,NA,NA,NA,NA,NA,NA,NA,0.00,NA,NA,NA
2020-05-02 00:00:00,37.85,81.73,7.19,8.47,15.66,NA,NA,0.67,27.13,NA,NA,NA,NA,NA,NA,NA,NA,NA,NA,NA,0.00,NA,NA,NA
2020-05-02 01:00:00,34.83,92.36,7.18,8.45,15.63,NA,NA,0.65,25.24,NA,NA,NA,NA,NA,NA,NA,NA,NA,NA,NA,0.00,NA,NA,NA
2020-05-02 02:00:00,36.65,91.00,7.22,8.49,15.72,NA,NA,0.80,24.41,NA,NA,NA,NA,NA,NA,NA,NA,NA,NA,NA,0.00,NA,NA,NA
2020-05-02 03:00:00,32.16,81.97,7.22,8.21,15.43,NA,NA,0.81,23.38,NA,NA,NA,NA,NA,NA,NA,NA,NA,NA,NA,0.00,NA,NA,NA
2020-05-02 04:00:00,36.93,78.78,7.14,8.00,15.14,NA,NA,0.81,23.01,NA,NA,NA,NA,NA,NA,NA,NA,NA,NA,NA,0.00,NA,NA,NA
2020-05-02 05:00:00,29.93,74.73,7.21,8.06,15.26,NA,NA,0.80,21.33,NA,NA,NA,NA,NA,NA,NA,NA,NA,NA,NA,0.00,NA,NA,NA
2020-05-02 06:00:00,33.71,70.08,7.19,8.37,15.56,NA,NA,0.79,18.84,NA,NA,NA,NA,NA,NA,NA,NA,NA,NA,NA,0.00,NA,NA,NA
2020-05-02 07:00:00,29.24,60.45,7.31,8.56,15.88,NA,NA,0.80,21.89,NA,NA,NA,NA,NA,NA,NA,NA,NA,NA,NA,0.00,NA,NA,NA
2020-05-02 08:00:00,35.97,73.81,7.44,8.73,16.17,NA,NA,0.80,27.05,NA,NA,NA,NA,NA,NA,NA,NA,NA,NA,NA,0.00,NA,NA,NA
2020-05-02 09:00:00,40.66,83.09,7.37,9.19,16.55,NA,NA,0.80,27.63,NA,NA,NA,NA,NA,NA,NA,NA,NA,NA,NA,0.00,NA,NA,NA
2020-05-02 10:00:00,47.88,104.99,7.34,9.11,16.45,NA,NA,0.78,32.56,NA,NA,NA,NA,NA,NA,NA,NA,NA,NA,NA,0.00,NA,NA,NA
2020-05-02 11:00:00,63.41,139.25,7.41,8.77,16.18,NA,NA,0.73,36.36,NA,NA,NA,NA,NA,NA,NA,NA,NA,NA,NA,0.00,NA,NA,NA
2020-05-02 12:00:00,50.52,126.67,7.35,8.33,15.68,NA,NA,0.77,39.20,NA,NA,NA,NA,NA,NA,NA,NA,NA,NA,NA,0.00,NA,NA,NA
2020-05-02 13:00:00,41.61,131.65,7.22,7.93,15.15,NA,NA,0.77,41.83,NA,NA,NA,NA,NA,NA,NA,NA,NA,NA,NA,0.00,NA,NA,NA
2020-05-02 14:00:00,45.17,140.18,7.09,7.57,14.66,NA,NA,0.77,42.78,NA,NA,NA,NA,NA,NA,NA,NA,NA,NA,NA,0.00,NA,NA,NA
2020-05-02 15:00:00,60.91,170.96,8.09,7.58,15.67,NA,NA,0.71,43.58,NA,NA,NA,NA,NA,NA,NA,NA,NA,NA,NA,0.00,NA,NA,NA
2020-05-02 16:00:00,77.38,203.86,7.73,7.36,15.10,NA,NA,0.73,45.25,NA,NA,NA,NA,NA,NA,NA,NA,NA,NA,NA,0.00,NA,NA,NA
2020-05-02 17:00:00,37.84,116.30,7.45,7.37,14.82,NA,NA,0.74,44.73,NA,NA,NA,NA,NA,NA,NA,NA,NA,NA,NA,0.00,NA,NA,NA
2020-05-02 18:00:00,31.08,96.33,7.15,7.35,14.49,NA,NA,0.75,42.84,NA,NA,NA,NA,NA,NA,NA,NA,NA,NA,NA,0.00,NA,NA,NA
2020-05-02 19:00:00,29.60,94.80,7.20,7.85,15.05,NA,NA,0.73,39.80,NA,NA,NA,NA,NA,NA,NA,NA,NA,NA,NA,0.00,NA,NA,NA
2020-05-02 20:00:00,29.89,105.74,7.17,8.57,15.74,NA,NA,0.72,35.81,NA,NA,NA,NA,NA,NA,NA,NA,NA,NA,NA,0.00,NA,NA,NA
2020-05-02 21:00:00,34.71,107.78,7.21,8.28,15.49,NA,NA,0.71,34.23,NA,NA,NA,NA,NA,NA,NA,NA,NA,NA,NA,0.00,NA,NA,NA
2020-05-02 22:00:00,38.99,107.25,7.15,8.03,15.18,NA,NA,0.72,32.15,NA,NA,NA,NA,NA,NA,NA,NA,NA,NA,NA,0.00,NA,NA,NA
2020-05-02 23:00:00,32.06,78.88,7.18,7.55,14.73,NA,NA,0.65,30.80,NA,NA,NA,NA,NA,NA,NA,NA,NA,NA,NA,0.00,NA,NA,NA
2020-05-03 00:00:00,28.99,59.75,7.14,7.45,14.59,NA,NA,0.68,32.39,NA,NA,NA,NA,NA,NA,NA,NA,NA,NA,NA,0.00,NA,NA,NA
2020-05-03 01:00:00,32.92,68.19,7.16,7.71,14.87,NA,NA,0.67,27.05,NA,NA,NA,NA,NA,NA,NA,NA,NA,NA,NA,0.00,NA,NA,NA
2020-05-03 02:00:00,29.19,67.14,7.19,8.20,15.39,NA,NA,0.67,28.37,NA,NA,NA,NA,NA,NA,NA,NA,NA,NA,NA,0.00,NA,NA,NA
2020-05-03 03:00:00,32.26,75.01,7.25,8.11,15.36,NA,NA,0.67,24.13,NA,NA,NA,NA,NA,NA,NA,NA,NA,NA,NA,0.00,NA,NA,NA
2020-05-03 04:00:00,34.49,77.80,7.21,8.17,15.38,NA,NA,0.64,21.43,NA,NA,NA,NA,NA,NA,NA,NA,NA,NA,NA,0.00,NA,NA,NA
2020-05-03 05:00:00,37.91,82.75,7.28,8.35,15.63,NA,NA,0.66,21.85,NA,NA,NA,NA,NA,NA,NA,NA,NA,NA,NA,0.00,NA,NA,NA
2020-05-03 06:00:00,35.82,73.78,7.25,8.16,15.41,NA,NA,0.66,22.03,NA,NA,NA,NA,NA,NA,NA,NA,NA,NA,NA,0.00,NA,NA,NA
2020-05-03 07:00:00,38.32,82.56,7.38,9.25,16.62,NA,NA,0.66,17.98,NA,NA,NA,NA,NA,NA,NA,NA,NA,NA,NA,0.00,NA,NA,NA
2020-05-03 08:00:00,48.59,98.77,7.51,9.66,17.17,NA,NA,0.66,14.94,NA,NA,NA,NA,NA,NA,NA,NA,NA,NA,NA,0.00,NA,NA,NA
2020-05-03 09:00:00,43.76,70.90,7.63,9.20,16.84,NA,NA,0.66,23.41,NA,NA,NA,NA,NA,NA,NA,NA,NA,NA,NA,0.00,NA,NA,NA
2020-05-03 10:00:00,45.03,84.87,7.51,9.32,16.84,NA,NA,0.66,24.83,NA,NA,NA,NA,NA,NA,NA,NA,NA,NA,NA,0.00,NA,NA,NA
2020-05-03 11:00:00,34.28,97.49,7.40,8.86,16.26,NA,NA,0.66,31.67,NA,NA,NA,NA,NA,NA,NA,NA,NA,NA,NA,0.00,NA,NA,NA
2020-05-03 12:00:00,50.20,105.04,7.43,8.26,15.70,NA,NA,0.61,36.59,NA,NA,NA,NA,NA,NA,NA,NA,NA,NA,NA,0.00,NA,NA,NA
2020-05-03 13:00:00,60.43,105.72,7.42,8.51,15.93,NA,NA,0.66,38.21,NA,NA,NA,NA,NA,NA,NA,NA,NA,NA,NA,0.00,NA,NA,NA
2020-05-03 14:00:00,54.97,103.72,7.33,8.21,15.55,NA,NA,0.69,40.35,NA,NA,NA,NA,NA,NA,NA,NA,NA,NA,NA,0.00,NA,NA,NA
2020-05-03 15:00:00,59.76,107.67,7.26,8.03,15.29,NA,NA,0.84,38.39,NA,NA,NA,NA,NA,NA,NA,NA,NA,NA,NA,0.00,NA,NA,NA
2020-05-03 16:00:00,52.23,100.61,7.34,9.26,16.60,NA,NA,0.72,28.05,NA,NA,NA,NA,NA,NA,NA,NA,NA,NA,NA,0.00,NA,NA,NA
2020-05-03 17:00:00,50.38,95.59,7.50,9.58,17.07,NA,NA,0.77,26.35,NA,NA,NA,NA,NA,NA,NA,NA,NA,NA,NA,0.00,NA,NA,NA
2020-05-03 18:00:00,37.53,68.47,7.35,8.04,15.39,NA,NA,0.78,31.37,NA,NA,NA,NA,NA,NA,NA,NA,NA,NA,NA,0.00,NA,NA,NA
2020-05-03 19:00:00,36.73,74.78,7.38,9.35,16.74,NA,NA,0.68,22.60,NA,NA,NA,NA,NA,NA,NA,NA,NA,NA,NA,0.00,NA,NA,NA
2020-05-03 20:00:00,28.73,166.95,7.40,9.48,16.88,NA,NA,0.67,22.78,NA,NA,NA,NA,NA,NA,NA,NA,NA,NA,NA,0.00,NA,NA,NA
2020-05-03 21:00:00,3.03,12.42,7.29,7.35,14.63,NA,NA,0.62,26.76,NA,NA,NA,NA,NA,NA,NA,NA,NA,NA,NA,0.00,NA,NA,NA
2020-05-03 22:00:00,9.74,14.19,7.32,8.15,15.47,NA,NA,0.57,19.18,NA,NA,NA,NA,NA,NA,NA,NA,NA,NA,NA,0.00,NA,NA,NA
2020-05-03 23:00:00,10.38,16.17,7.47,8.99,16.47,NA,NA,0.56,14.89,NA,NA,NA,NA,NA,NA,NA,NA,NA,NA,NA,0.00,NA,NA,NA
2020-05-04 00:00:00,7.40,13.21,7.49,10.07,17.56,NA,NA,0.56,11.48,NA,NA,NA,NA,NA,NA,NA,NA,NA,NA,NA,0.00,NA,NA,NA
2020-05-04 01:00:00,11.23,10.96,7.46,9.09,16.55,NA,NA,0.52,14.03,NA,NA,NA,NA,NA,NA,NA,NA,NA,NA,NA,0.00,NA,NA,NA
2020-05-04 02:00:00,12.42,21.38,8.67,12.47,21.13,NA,NA,0.54,10.78,NA,NA,NA,NA,NA,NA,NA,NA,NA,NA,NA,0.00,NA,NA,NA
2020-05-04 03:00:00,9.84,14.14,9.72,12.02,21.73,NA,NA,0.53,9.69,NA,NA,NA,NA,NA,NA,NA,NA,NA,NA,NA,0.00,NA,NA,NA
2020-05-04 04:00:00,12.04,13.50,9.81,12.09,21.90,NA,NA,0.53,9.80,NA,NA,NA,NA,NA,NA,NA,NA,NA,NA,NA,0.00,NA,NA,NA
2020-05-04 05:00:00,9.83,19.72,11.46,11.16,22.62,NA,NA,0.54,7.21,NA,NA,NA,NA,NA,NA,NA,NA,NA,NA,NA,0.00,NA,NA,NA
2020-05-04 06:00:00,8.91,19.05,10.01,11.19,21.20,NA,NA,0.50,6.49,NA,NA,NA,NA,NA,NA,NA,NA,NA,NA,NA,0.00,NA,NA,NA
2020-05-04 07:00:00,17.52,27.29,8.30,10.22,18.52,NA,NA,0.51,14.29,NA,NA,NA,NA,NA,NA,NA,NA,NA,NA,NA,0.00,NA,NA,NA
2020-05-04 08:00:00,32.07,58.30,8.73,13.25,21.98,NA,NA,0.51,19.59,NA,NA,NA,NA,NA,NA,NA,NA,NA,NA,NA,0.00,NA,NA,NA
2020-05-04 09:00:00,35.49,57.44,8.26,12.94,21.20,NA,NA,0.51,26.72,NA,NA,NA,NA,NA,NA,NA,NA,NA,NA,NA,0.00,NA,NA,NA
2020-05-04 10:00:00,38.32,75.89,7.71,11.09,18.80,NA,NA,0.52,30.44,NA,NA,NA,NA,NA,NA,NA,NA,NA,NA,NA,0.00,NA,NA,NA
2020-05-04 11:00:00,44.81,76.96,7.52,10.56,18.08,NA,NA,0.50,36.02,NA,NA,NA,NA,NA,NA,NA,NA,NA,NA,NA,0.00,NA,NA,NA
2020-05-04 12:00:00,32.84,70.02,7.36,9.38,16.74,NA,NA,0.52,39.50,NA,NA,NA,NA,NA,NA,NA,NA,NA,NA,NA,0.00,NA,NA,NA
2020-05-04 13:00:00,25.65,58.60,7.28,8.33,15.61,NA,NA,0.54,36.43,NA,NA,NA,NA,NA,NA,NA,NA,NA,NA,NA,0.00,NA,NA,NA
2020-05-04 14:00:00,29.84,59.46,7.27,7.50,14.77,NA,NA,0.53,35.27,NA,NA,NA,NA,NA,NA,NA,NA,NA,NA,NA,0.00,NA,NA,NA
2020-05-04 15:00:00,23.43,57.04,7.17,7.59,14.76,NA,NA,0.54,39.39,NA,NA,NA,NA,NA,NA,NA,NA,NA,NA,NA,0.00,NA,NA,NA
2020-05-04 16:00:00,24.60,60.25,7.24,7.63,14.87,NA,NA,0.51,42.09,NA,NA,NA,NA,NA,NA,NA,NA,NA,NA,NA,0.00,NA,NA,NA
2020-05-04 17:00:00,28.47,59.79,7.18,8.18,15.37,NA,NA,0.50,40.65,NA,NA,NA,NA,NA,NA,NA,NA,NA,NA,NA,0.00,NA,NA,NA
2020-05-04 18:00:00,17.40,36.57,7.16,7.88,15.04,NA,NA,0.50,39.01,NA,NA,NA,NA,NA,NA,NA,NA,NA,NA,NA,0.00,NA,NA,NA
2020-05-04 19:00:00,26.30,56.64,7.17,8.94,16.11,NA,NA,0.49,30.13,NA,NA,NA,NA,NA,NA,NA,NA,NA,NA,NA,0.00,NA,NA,NA
2020-05-04 20:00:00,46.24,64.77,7.19,11.36,18.55,NA,NA,0.49,17.78,NA,NA,NA,NA,NA,NA,NA,NA,NA,NA,NA,0.00,NA,NA,NA
2020-05-04 21:00:00,75.92,102.95,7.23,11.93,19.15,NA,NA,0.50,15.46,NA,NA,NA,NA,NA,NA,NA,NA,NA,NA,NA,0.00,NA,NA,NA
2020-05-04 22:00:00,96.13,127.45,7.37,14.38,21.75,NA,NA,0.48,13.48,NA,NA,NA,NA,NA,NA,NA,NA,NA,NA,NA,0.00,NA,NA,NA
2020-05-04 23:00:00,87.45,132.76,7.54,13.74,21.28,NA,NA,0.52,18.79,NA,NA,NA,NA,NA,NA,NA,NA,NA,NA,NA,0.00,NA,NA,NA
2020-05-05 00:00:00,53.99,92.82,7.75,13.05,20.79,NA,NA,0.53,14.30,NA,NA,NA,NA,NA,NA,NA,NA,NA,NA,NA,0.00,NA,NA,NA
2020-05-05 01:00:00,60.08,102.86,7.89,12.33,20.23,NA,NA,0.53,10.25,NA,NA,NA,NA,NA,NA,NA,NA,NA,NA,NA,0.00,NA,NA,NA
2020-05-05 02:00:00,62.25,103.79,7.99,11.96,19.94,NA,NA,0.55,9.50,NA,NA,NA,NA,NA,NA,NA,NA,NA,NA,NA,0.00,NA,NA,NA
2020-05-05 03:00:00,59.48,97.59,8.04,11.99,20.03,NA,NA,0.57,8.79,NA,NA,NA,NA,NA,NA,NA,NA,NA,NA,NA,0.00,NA,NA,NA
2020-05-05 04:00:00,72.42,106.70,8.09,11.43,19.52,NA,NA,0.59,7.12,NA,NA,NA,NA,NA,NA,NA,NA,NA,NA,NA,0.00,NA,NA,NA
2020-05-05 05:00:00,70.68,106.24,7.93,10.69,18.62,NA,NA,0.56,8.11,NA,NA,NA,NA,NA,NA,NA,NA,NA,NA,NA,0.00,NA,NA,NA
2020-05-05 06:00:00,74.37,111.03,8.22,10.75,18.97,NA,NA,0.61,7.65,NA,NA,NA,NA,NA,NA,NA,NA,NA,NA,NA,0.00,NA,NA,NA
2020-05-05 07:00:00,92.87,137.45,9.24,14.68,23.92,NA,NA,0.61,11.43,NA,NA,NA,NA,NA,NA,NA,NA,NA,NA,NA,0.00,NA,NA,NA
2020-05-05 08:00:00,83.11,128.01,8.32,12.49,20.81,NA,NA,0.64,23.39,NA,NA,NA,NA,NA,NA,NA,NA,NA,NA,NA,0.00,NA,NA,NA
2020-05-05 09:00:00,46.27,82.06,7.82,12.42,20.24,NA,NA,0.61,35.63,NA,NA,NA,NA,NA,NA,NA,NA,NA,NA,NA,0.00,NA,NA,NA
2020-05-05 10:00:00,81.47,140.54,7.54,11.29,18.83,NA,NA,0.65,39.36,NA,NA,NA,NA,NA,NA,NA,NA,NA,NA,NA,0.00,NA,NA,NA
2020-05-05 11:00:00,65.33,122.68,7.43,9.47,16.90,NA,NA,0.63,40.08,NA,NA,NA,NA,NA,NA,NA,NA,NA,NA,NA,0.00,NA,NA,NA
2020-05-05 12:00:00,53.10,86.93,7.32,8.72,16.03,NA,NA,0.66,41.61,NA,NA,NA,NA,NA,NA,NA,NA,NA,NA,NA,0.00,NA,NA,NA
2020-05-05 13:00:00,49.51,84.41,7.36,8.62,15.98,NA,NA,0.68,42.54,NA,NA,NA,NA,NA,NA,NA,NA,NA,NA,NA,0.00,NA,NA,NA
2020-05-05 14:00:00,41.05,78.91,7.25,8.31,15.57,NA,NA,0.69,41.91,NA,NA,NA,NA,NA,NA,NA,NA,NA,NA,NA,0.00,NA,NA,NA
2020-05-05 15:00:00,46.40,89.84,7.55,10.47,18.02,NA,NA,0.69,43.13,NA,NA,NA,NA,NA,NA,NA,NA,NA,NA,NA,0.00,NA,NA,NA
2020-05-05 16:00:00,45.09,77.69,7.55,11.73,19.28,NA,NA,0.69,41.78,NA,NA,NA,NA,NA,NA,NA,NA,NA,NA,NA,0.00,NA,NA,NA
2020-05-05 17:00:00,35.15,78.05,7.49,13.63,21.12,NA,NA,0.69,42.29,NA,NA,NA,NA,NA,NA,NA,NA,NA,NA,NA,0.00,NA,NA,NA
2020-05-05 18:00:00,44.11,76.19,7.31,10.45,17.77,NA,NA,0.68,43.25,NA,NA,NA,NA,NA,NA,NA,NA,NA,NA,NA,0.00,NA,NA,NA
2020-05-05 19:00:00,37.65,77.86,7.23,9.67,16.90,NA,NA,0.69,34.86,NA,NA,NA,NA,NA,NA,NA,NA,NA,NA,NA,0.00,NA,NA,NA
2020-05-05 20:00:00,60.25,94.80,7.19,11.46,18.64,NA,NA,0.69,26.32,NA,NA,NA,NA,NA,NA,NA,NA,NA,NA,NA,0.00,NA,NA,NA
2020-05-05 21:00:00,68.04,109.39,7.23,12.79,20.02,NA,NA,0.69,26.93,NA,NA,NA,NA,NA,NA,NA,NA,NA,NA,NA,0.00,NA,NA,NA
2020-05-05 22:00:00,94.85,136.52,7.30,13.21,20.51,NA,NA,0.69,19.06,NA,NA,NA,NA,NA,NA,NA,NA,NA,NA,NA,0.00,NA,NA,NA
2020-05-05 23:00:00,79.73,140.71,7.42,12.65,20.07,NA,NA,0.67,11.39,NA,NA,NA,NA,NA,NA,NA,NA,NA,NA,NA,0.00,NA,NA,NA
2020-05-06 00:00:00,79.75,134.68,7.48,12.25,19.74,NA,NA,0.69,15.31,NA,NA,NA,NA,NA,NA,NA,NA,NA,NA,NA,0.00,NA,NA,NA
2020-05-06 01:00:00,64.09,233.05,7.28,10.26,17.54,NA,NA,0.59,26.09,NA,NA,NA,NA,NA,NA,NA,NA,NA,NA,NA,0.00,NA,NA,NA
2020-05-06 02:00:00,35.63,273.49,7.17,7.63,14.80,NA,NA,0.61,30.13,NA,NA,NA,NA,NA,NA,NA,NA,NA,NA,NA,0.00,NA,NA,NA
2020-05-06 03:00:00,23.40,207.64,7.20,8.17,15.37,NA,NA,0.58,25.27,NA,NA,NA,NA,NA,NA,NA,NA,NA,NA,NA,0.00,NA,NA,NA
2020-05-06 04:00:00,26.66,207.61,7.20,8.87,16.07,NA,NA,0.61,21.88,NA,NA,NA,NA,NA,NA,NA,NA,NA,NA,NA,0.00,NA,NA,NA
2020-05-06 05:00:00,36.38,201.94,7.25,11.57,18.81,NA,NA,0.61,14.59,NA,NA,NA,NA,NA,NA,NA,NA,NA,NA,NA,0.00,NA,NA,NA
2020-05-06 06:00:00,26.97,175.33,7.39,10.90,18.29,NA,NA,0.61,19.47,NA,NA,NA,NA,NA,NA,NA,NA,NA,NA,NA,0.00,NA,NA,NA
2020-05-06 07:00:00,22.79,124.58,7.61,10.96,18.57,NA,NA,0.61,21.10,NA,NA,NA,NA,NA,NA,NA,NA,NA,NA,NA,0.00,NA,NA,NA
2020-05-06 08:00:00,68.96,195.34,7.69,10.97,18.66,NA,NA,0.62,23.48,NA,NA,NA,NA,NA,NA,NA,NA,NA,NA,NA,0.00,NA,NA,NA
2020-05-06 09:00:00,61.75,168.53,7.45,9.94,17.38,NA,NA,0.59,30.71,NA,NA,NA,NA,NA,NA,NA,NA,NA,NA,NA,0.00,NA,NA,NA
2020-05-06 10:00:00,38.89,129.91,7.41,10.07,17.48,NA,NA,0.60,40.19,NA,NA,NA,NA,NA,NA,NA,NA,NA,NA,NA,0.00,NA,NA,NA
2020-05-06 11:00:00,69.28,198.06,7.38,9.53,16.90,NA,NA,0.61,41.75,NA,NA,NA,NA,NA,NA,NA,NA,NA,NA,NA,0.00,NA,NA,NA
2020-05-06 12:00:00,49.24,165.77,7.43,10.92,18.34,NA,NA,0.59,42.17,NA,NA,NA,NA,NA,NA,NA,NA,NA,NA,NA,0.00,NA,NA,NA
2020-05-06 13:00:00,43.03,149.39,8.07,14.51,22.53,NA,NA,0.59,37.35,NA,NA,NA,NA,NA,NA,NA,NA,NA,NA,NA,0.00,NA,NA,NA
2020-05-06 14:00:00,40.48,125.82,7.26,9.25,16.52,NA,NA,0.60,38.26,NA,NA,NA,NA,NA,NA,NA,NA,NA,NA,NA,0.00,NA,NA,NA
2020-05-06 15:00:00,24.76,86.82,7.26,7.99,15.23,NA,NA,0.53,37.22,NA,NA,NA,NA,NA,NA,NA,NA,NA,NA,NA,0.00,NA,NA,NA
2020-05-06 16:00:00,28.97,79.45,7.27,7.53,14.81,NA,NA,0.54,37.34,NA,NA,NA,NA,NA,NA,NA,NA,NA,NA,NA,0.00,NA,NA,NA
2020-05-06 17:00:00,34.97,91.84,7.21,8.24,15.45,NA,NA,0.55,42.82,NA,NA,NA,NA,NA,NA,NA,NA,NA,NA,NA,0.00,NA,NA,NA
2020-05-06 18:00:00,44.27,101.18,7.23,10.74,17.98,NA,NA,0.52,45.42,NA,NA,NA,NA,NA,NA,NA,NA,NA,NA,NA,0.00,NA,NA,NA
2020-05-06 19:00:00,59.91,146.80,7.23,11.24,18.48,NA,NA,0.54,39.62,NA,NA,NA,NA,NA,NA,NA,NA,NA,NA,NA,0.00,NA,NA,NA
2020-05-06 20:00:00,69.03,155.24,7.25,11.90,19.15,NA,NA,0.54,31.73,NA,NA,NA,NA,NA,NA,NA,NA,NA,NA,NA,0.00,NA,NA,NA
2020-05-06 21:00:00,85.12,164.22,7.27,12.74,20.01,NA,NA,0.54,28.51,NA,NA,NA,NA,NA,NA,NA,NA,NA,NA,NA,0.00,NA,NA,NA
2020-05-06 22:00:00,99.71,185.21,7.34,12.44,19.78,NA,NA,0.54,28.68,NA,NA,NA,NA,NA,NA,NA,NA,NA,NA,NA,0.00,NA,NA,NA
2020-05-06 23:00:00,85.15,170.33,7.38,11.82,19.20,NA,NA,0.55,23.82,NA,NA,NA,NA,NA,NA,NA,NA,NA,NA,NA,0.00,NA,NA,NA
2020-05-07 00:00:00,94.14,176.81,7.42,11.49,18.91,NA,NA,0.55,21.74,NA,NA,NA,NA,NA,NA,NA,NA,NA,NA,NA,0.00,NA,NA,NA
2020-05-07 01:00:00,99.67,174.13,7.50,12.40,19.90,NA,NA,0.54,21.74,NA,NA,NA,NA,NA,NA,NA,NA,NA,NA,NA,0.00,NA,NA,NA
2020-05-07 02:00:00,91.49,218.48,7.43,11.34,18.76,NA,NA,0.55,28.29,NA,NA,NA,NA,NA,NA,NA,NA,NA,NA,NA,0.00,NA,NA,NA
2020-05-07 03:00:00,76.61,222.37,7.42,10.61,18.03,NA,NA,0.56,25.78,NA,NA,NA,NA,NA,NA,NA,NA,NA,NA,NA,0.00,NA,NA,NA
2020-05-07 04:00:00,53.14,130.42,7.44,9.84,17.28,NA,NA,0.56,26.78,NA,NA,NA,NA,NA,NA,NA,NA,NA,NA,NA,0.00,NA,NA,NA
2020-05-07 05:00:00,12.57,37.68,7.27,7.95,15.22,NA,NA,0.57,29.86,NA,NA,NA,NA,NA,NA,NA,NA,NA,NA,NA,0.00,NA,NA,NA
2020-05-07 06:00:00,10.31,21.97,7.27,7.64,14.90,NA,NA,0.58,30.67,NA,NA,NA,NA,NA,NA,NA,NA,NA,NA,NA,0.00,NA,NA,NA
2020-05-07 07:00:00,0.59,9.39,7.40,7.78,15.18,NA,NA,0.57,29.71,NA,NA,NA,NA,NA,NA,NA,NA,NA,NA,NA,0.00,NA,NA,NA
2020-05-07 08:00:00,10.36,32.44,7.42,8.43,15.85,NA,NA,0.53,30.91,NA,NA,NA,NA,NA,NA,NA,NA,NA,NA,NA,0.00,NA,NA,NA
2020-05-07 09:00:00,18.01,49.17,7.35,8.48,15.82,NA,NA,0.54,32.65,NA,NA,NA,NA,NA,NA,NA,NA,NA,NA,NA,0.00,NA,NA,NA
2020-05-07 10:00:00,17.08,48.70,7.32,8.40,15.72,NA,NA,0.57,35.28,NA,NA,NA,NA,NA,NA,NA,NA,NA,NA,NA,0.00,NA,NA,NA
2020-05-07 11:00:00,25.01,57.43,7.24,7.83,15.07,NA,NA,0.57,38.64,NA,NA,NA,NA,NA,NA,NA,NA,NA,NA,NA,0.00,NA,NA,NA
2020-05-07 12:00:00,23.92,66.32,7.20,7.23,14.43,NA,NA,0.56,38.55,NA,NA,NA,NA,NA,NA,NA,NA,NA,NA,NA,0.00,NA,NA,NA
2020-05-07 13:00:00,20.12,57.78,7.25,7.17,14.42,NA,NA,0.50,38.64,NA,NA,NA,NA,NA,NA,NA,NA,NA,NA,NA,0.00,NA,NA,NA
2020-05-07 14:00:00,25.04,76.57,7.22,7.06,14.28,NA,NA,0.53,39.70,NA,NA,NA,NA,NA,NA,NA,NA,NA,NA,NA,0.00,NA,NA,NA
2020-05-07 15:00:00,18.47,65.78,7.22,7.09,14.31,NA,NA,0.53,42.97,NA,NA,NA,NA,NA,NA,NA,NA,NA,NA,NA,0.00,NA,NA,NA
2020-05-07 16:00:00,19.83,64.93,7.20,6.84,14.04,NA,NA,0.52,42.08,NA,NA,NA,NA,NA,NA,NA,NA,NA,NA,NA,0.00,NA,NA,NA
2020-05-07 17:00:00,21.16,67.01,7.21,7.29,14.50,NA,NA,0.50,43.89,NA,NA,NA,NA,NA,NA,NA,NA,NA,NA,NA,0.00,NA,NA,NA
2020-05-07 18:00:00,29.36,81.20,7.24,8.03,15.27,NA,NA,0.51,42.48,NA,NA,NA,NA,NA,NA,NA,NA,NA,NA,NA,0.00,NA,NA,NA
2020-05-07 19:00:00,41.56,85.64,7.21,9.23,16.44,NA,NA,0.51,29.64,NA,NA,NA,NA,NA,NA,NA,NA,NA,NA,NA,0.00,NA,NA,NA
2020-05-07 20:00:00,52.50,106.08,7.25,13.00,20.25,NA,NA,0.45,26.54,NA,NA,NA,NA,NA,NA,NA,NA,NA,NA,NA,0.00,NA,NA,NA
2020-05-07 21:00:00,77.94,140.84,7.35,15.78,23.13,NA,NA,0.42,24.15,NA,NA,NA,NA,NA,NA,NA,NA,NA,NA,NA,0.00,NA,NA,NA
2020-05-07 22:00:00,69.30,132.89,7.33,12.34,19.67,NA,NA,0.42,28.80,NA,NA,NA,NA,NA,NA,NA,NA,NA,NA,NA,0.00,NA,NA,NA
2020-05-07 23:00:00,69.45,124.61,7.27,11.64,18.91,NA,NA,0.42,24.62,NA,NA,NA,NA,NA,NA,NA,NA,NA,NA,NA,0.00,NA,NA,NA
2020-05-08 00:00:00,81.41,128.99,7.36,11.03,18.39,NA,NA,0.40,21.54,NA,NA,NA,NA,NA,NA,NA,NA,NA,NA,NA,0.00,NA,NA,NA
2020-05-08 01:00:00,62.18,103.92,7.45,10.58,18.03,NA,NA,0.42,17.31,NA,NA,NA,NA,NA,NA,NA,NA,NA,NA,NA,0.00,NA,NA,NA
2020-05-08 02:00:00,55.52,86.09,7.46,11.48,18.94,NA,NA,0.43,12.89,NA,NA,NA,NA,NA,NA,NA,NA,NA,NA,NA,0.00,NA,NA,NA
2020-05-08 03:00:00,47.26,82.26,7.51,11.67,19.19,NA,NA,0.45,11.93,NA,NA,NA,NA,NA,NA,NA,NA,NA,NA,NA,0.00,NA,NA,NA
2020-05-08 04:00:00,44.65,74.25,7.41,11.68,19.09,NA,NA,0.45,10.35,NA,NA,NA,NA,NA,NA,NA,NA,NA,NA,NA,0.00,NA,NA,NA
2020-05-08 05:00:00,46.05,83.03,7.48,14.73,22.21,NA,NA,0.46,13.62,NA,NA,NA,NA,NA,NA,NA,NA,NA,NA,NA,0.00,NA,NA,NA
2020-05-08 06:00:00,43.25,86.43,7.52,11.81,19.33,NA,NA,0.46,14.94,NA,NA,NA,NA,NA,NA,NA,NA,NA,NA,NA,0.00,NA,NA,NA
2020-05-08 07:00:00,52.11,90.55,7.71,10.93,18.64,NA,NA,0.45,23.37,NA,NA,NA,NA,NA,NA,NA,NA,NA,NA,NA,0.00,NA,NA,NA
2020-05-08 08:00:00,41.13,82.01,7.49,9.14,16.64,NA,NA,0.44,31.91,NA,NA,NA,NA,NA,NA,NA,NA,NA,NA,NA,0.00,NA,NA,NA
2020-05-08 09:00:00,38.75,84.62,7.50,9.10,16.60,NA,NA,0.47,36.45,NA,NA,NA,NA,NA,NA,NA,NA,NA,NA,NA,0.00,NA,NA,NA
2020-05-08 10:00:00,34.52,107.07,7.38,8.52,15.90,NA,NA,0.48,40.42,NA,NA,NA,NA,NA,NA,NA,NA,NA,NA,NA,0.00,NA,NA,NA
2020-05-08 11:00:00,33.86,109.11,7.36,7.67,15.03,NA,NA,0.49,44.17,NA,NA,NA,NA,NA,NA,NA,NA,NA,NA,NA,0.00,NA,NA,NA
2020-05-08 12:00:00,33.79,88.83,7.25,7.12,14.37,NA,NA,0.49,43.95,NA,NA,NA,NA,NA,NA,NA,NA,NA,NA,NA,0.00,NA,NA,NA
2020-05-08 13:00:00,30.89,89.83,7.27,6.87,14.13,NA,NA,0.45,44.88,NA,NA,NA,NA,NA,NA,NA,NA,NA,NA,NA,0.00,NA,NA,NA
2020-05-08 14:00:00,29.64,86.46,7.26,7.06,14.32,NA,NA,0.59,47.73,NA,NA,NA,NA,NA,NA,NA,NA,NA,NA,NA,0.00,NA,NA,NA
2020-05-08 15:00:00,29.31,91.23,7.23,7.08,14.31,NA,NA,0.62,48.32,NA,NA,NA,NA,NA,NA,NA,NA,NA,NA,NA,0.00,NA,NA,NA
2020-05-08 16:00:00,28.01,96.46,7.24,7.04,14.28,NA,NA,0.55,48.88,NA,NA,NA,NA,NA,NA,NA,NA,NA,NA,NA,0.00,NA,NA,NA
2020-05-08 17:00:00,32.32,97.83,7.25,7.51,14.75,NA,NA,0.53,52.68,NA,NA,NA,NA,NA,NA,NA,NA,NA,NA,NA,0.00,NA,NA,NA
2020-05-08 18:00:00,13.29,125.17,7.26,9.87,17.13,NA,NA,0.55,51.74,NA,NA,NA,NA,NA,NA,NA,NA,NA,NA,NA,0.00,NA,NA,NA
2020-05-08 19:00:00,55.06,128.12,7.33,12.55,19.88,NA,NA,0.56,44.71,NA,NA,NA,NA,NA,NA,NA,NA,NA,NA,NA,0.00,NA,NA,NA
2020-05-08 20:00:00,65.95,148.28,7.28,13.45,20.73,NA,NA,0.57,37.89,NA,NA,NA,NA,NA,NA,NA,NA,NA,NA,NA,0.00,NA,NA,NA
2020-05-08 21:00:00,77.61,154.14,7.30,10.98,18.28,NA,NA,0.57,44.80,NA,NA,NA,NA,NA,NA,NA,NA,NA,NA,NA,0.00,NA,NA,NA
2020-05-08 22:00:00,94.51,163.27,7.36,10.59,17.95,NA,NA,0.57,36.84,NA,NA,NA,NA,NA,NA,NA,NA,NA,NA,NA,0.00,NA,NA,NA
2020-05-08 23:00:00,79.96,134.70,7.25,9.63,16.89,NA,NA,0.60,35.18,NA,NA,NA,NA,NA,NA,NA,NA,NA,NA,NA,0.00,NA,NA,NA
2020-05-09 00:00:00,69.36,130.94,7.39,10.14,17.53,NA,NA,0.61,30.96,NA,NA,NA,NA,NA,NA,NA,NA,NA,NA,NA,0.00,NA,NA,NA
2020-05-09 01:00:00,65.93,119.41,7.34,10.55,17.88,NA,NA,0.53,20.65,NA,NA,NA,NA,NA,NA,NA,NA,NA,NA,NA,0.00,NA,NA,NA
2020-05-09 02:00:00,63.59,104.84,7.38,9.49,16.87,NA,NA,0.52,24.68,NA,NA,NA,NA,NA,NA,NA,NA,NA,NA,NA,0.00,NA,NA,NA
2020-05-09 03:00:00,70.51,118.46,7.32,9.62,16.94,NA,NA,0.49,21.44,NA,NA,NA,NA,NA,NA,NA,NA,NA,NA,NA,0.00,NA,NA,NA
2020-05-09 04:00:00,67.46,111.09,7.34,9.77,17.12,NA,NA,0.52,20.06,NA,NA,NA,NA,NA,NA,NA,NA,NA,NA,NA,0.00,NA,NA,NA
2020-05-09 05:00:00,63.80,111.57,7.35,9.86,17.21,NA,NA,0.53,20.93,NA,NA,NA,NA,NA,NA,NA,NA,NA,NA,NA,0.00,NA,NA,NA
2020-05-09 06:00:00,62.50,111.59,7.47,9.98,17.45,NA,NA,0.52,15.24,NA,NA,NA,NA,NA,NA,NA,NA,NA,NA,NA,0.00,NA,NA,NA
2020-05-09 07:00:00,65.45,107.35,7.52,10.17,17.69,NA,NA,0.53,21.18,NA,NA,NA,NA,NA,NA,NA,NA,NA,NA,NA,0.00,NA,NA,NA
2020-05-09 08:00:00,68.76,122.17,7.45,9.02,16.47,NA,NA,0.55,37.49,NA,NA,NA,NA,NA,NA,NA,NA,NA,NA,NA,0.00,NA,NA,NA
2020-05-09 09:00:00,72.10,140.17,7.57,9.53,17.10,NA,NA,0.56,38.72,NA,NA,NA,NA,NA,NA,NA,NA,NA,NA,NA,0.00,NA,NA,NA
2020-05-09 10:00:00,66.05,137.80,7.46,9.03,16.49,NA,NA,0.57,41.67,NA,NA,NA,NA,NA,NA,NA,NA,NA,NA,NA,0.00,NA,NA,NA
2020-05-09 11:00:00,57.13,132.85,7.36,7.85,15.20,NA,NA,0.52,47.53,NA,NA,NA,NA,NA,NA,NA,NA,NA,NA,NA,0.00,NA,NA,NA
2020-05-09 12:00:00,63.34,144.67,7.32,7.85,15.17,NA,NA,0.53,51.02,NA,NA,NA,NA,NA,NA,NA,NA,NA,NA,NA,0.00,NA,NA,NA
2020-05-09 13:00:00,61.10,140.37,7.26,7.92,15.18,NA,NA,0.54,52.66,NA,NA,NA,NA,NA,NA,NA,NA,NA,NA,NA,0.00,NA,NA,NA
2020-05-09 14:00:00,67.86,144.33,7.25,7.39,14.64,NA,NA,0.53,53.48,NA,NA,NA,NA,NA,NA,NA,NA,NA,NA,NA,0.00,NA,NA,NA
2020-05-09 15:00:00,54.56,135.53,7.28,6.74,14.02,NA,NA,0.54,50.25,NA,NA,NA,NA,NA,NA,NA,NA,NA,NA,NA,0.00,NA,NA,NA
2020-05-09 16:00:00,50.33,114.56,7.24,6.76,14.00,NA,NA,0.53,47.65,NA,NA,NA,NA,NA,NA,NA,NA,NA,NA,NA,0.00,NA,NA,NA
2020-05-09 17:00:00,48.57,115.87,7.23,7.26,14.49,NA,NA,0.54,46.37,NA,NA,NA,NA,NA,NA,NA,NA,NA,NA,NA,0.00,NA,NA,NA
2020-05-09 18:00:00,54.98,120.44,7.27,8.11,15.38,NA,NA,0.49,45.99,NA,NA,NA,NA,NA,NA,NA,NA,NA,NA,NA,0.00,NA,NA,NA
2020-05-09 19:00:00,75.70,160.58,7.31,9.67,16.98,NA,NA,0.53,49.26,NA,NA,NA,NA,NA,NA,NA,NA,NA,NA,NA,0.00,NA,NA,NA
2020-05-09 20:00:00,86.08,153.43,7.36,9.02,16.38,NA,NA,0.51,48.13,NA,NA,NA,NA,NA,NA,NA,NA,NA,NA,NA,0.00,NA,NA,NA
2020-05-09 21:00:00,66.50,136.82,7.32,8.79,16.10,NA,NA,0.52,45.16,NA,NA,NA,NA,NA,NA,NA,NA,NA,NA,NA,0.00,NA,NA,NA
2020-05-09 22:00:00,68.15,107.81,7.25,8.24,15.49,NA,NA,0.52,44.27,NA,NA,NA,NA,NA,NA,NA,NA,NA,NA,NA,0.00,NA,NA,NA
2020-05-09 23:00:00,64.28,111.69,7.34,8.58,15.92,NA,NA,0.55,40.33,NA,NA,NA,NA,NA,NA,NA,NA,NA,NA,NA,0.00,NA,NA,NA
2020-05-10 00:00:00,67.99,103.23,7.36,8.96,16.32,NA,NA,0.56,37.09,NA,NA,NA,NA,NA,NA,NA,NA,NA,NA,NA,0.00,NA,NA,NA
2020-05-10 01:00:00,76.49,120.35,7.49,8.81,16.30,NA,NA,0.56,34.14,NA,NA,NA,NA,NA,NA,NA,NA,NA,NA,NA,0.00,NA,NA,NA
2020-05-10 02:00:00,68.32,123.77,7.39,9.06,16.45,NA,NA,0.54,26.95,NA,NA,NA,NA,NA,NA,NA,NA,NA,NA,NA,0.00,NA,NA,NA
2020-05-10 03:00:00,75.05,131.73,7.37,8.96,16.33,NA,NA,0.57,32.62,NA,NA,NA,NA,NA,NA,NA,NA,NA,NA,NA,0.00,NA,NA,NA
2020-05-10 04:00:00,77.99,142.20,7.41,8.99,16.39,NA,NA,0.58,29.41,NA,NA,NA,NA,NA,NA,NA,NA,NA,NA,NA,0.00,NA,NA,NA
2020-05-10 05:00:00,75.37,131.98,7.40,9.34,16.74,NA,NA,0.58,25.87,NA,NA,NA,NA,NA,NA,NA,NA,NA,NA,NA,0.00,NA,NA,NA
2020-05-10 06:00:00,67.41,126.26,7.45,9.78,17.23,NA,NA,0.58,24.85,NA,NA,NA,NA,NA,NA,NA,NA,NA,NA,NA,0.00,NA,NA,NA
2020-05-10 07:00:00,65.56,128.26,7.55,9.61,17.16,NA,NA,0.57,28.76,NA,NA,NA,NA,NA,NA,NA,NA,NA,NA,NA,0.00,NA,NA,NA
2020-05-10 08:00:00,67.78,136.43,7.64,9.63,17.27,NA,NA,0.54,33.10,NA,NA,NA,NA,NA,NA,NA,NA,NA,NA,NA,0.00,NA,NA,NA
2020-05-10 09:00:00,71.40,139.20,7.55,9.28,16.83,NA,NA,0.52,36.33,NA,NA,NA,NA,NA,NA,NA,NA,NA,NA,NA,0.00,NA,NA,NA
2020-05-10 10:00:00,76.76,168.27,7.59,9.29,16.87,NA,NA,0.54,39.46,NA,NA,NA,NA,NA,NA,NA,NA,NA,NA,NA,0.00,NA,NA,NA
2020-05-10 11:00:00,66.30,165.50,7.49,8.46,15.96,NA,NA,0.53,41.39,NA,NA,NA,NA,NA,NA,NA,NA,NA,NA,NA,0.00,NA,NA,NA
2020-05-10 12:00:00,84.60,475.00,7.43,8.44,15.87,NA,NA,0.54,34.91,NA,NA,NA,NA,NA,NA,NA,NA,NA,NA,NA,0.00,NA,NA,NA
2020-05-10 13:00:00,21.60,123.41,7.41,8.51,15.92,NA,NA,0.56,35.65,NA,NA,NA,NA,NA,NA,NA,NA,NA,NA,NA,0.00,NA,NA,NA
2020-05-10 14:00:00,6.49,31.36,7.45,8.86,16.31,NA,NA,0.56,35.31,NA,NA,NA,NA,NA,NA,NA,NA,NA,NA,NA,0.00,NA,NA,NA
2020-05-10 15:00:00,9.90,50.62,7.46,8.83,16.29,NA,NA,0.56,34.02,NA,NA,NA,NA,NA,NA,NA,NA,NA,NA,NA,0.00,NA,NA,NA
2020-05-10 16:00:00,9.37,33.92,7.56,8.79,16.35,NA,NA,0.53,34.46,NA,NA,NA,NA,NA,NA,NA,NA,NA,NA,NA,0.00,NA,NA,NA
2020-05-10 17:00:00,15.58,35.49,7.33,7.55,14.88,NA,NA,0.55,36.43,NA,NA,NA,NA,NA,NA,NA,NA,NA,NA,NA,0.00,NA,NA,NA
2020-05-10 18:00:00,16.76,41.68,7.32,7.88,15.20,NA,NA,0.54,34.65,NA,NA,NA,NA,NA,NA,NA,NA,NA,NA,NA,0.00,NA,NA,NA
2020-05-10 19:00:00,10.54,25.80,7.24,8.10,15.34,NA,NA,0.54,30.57,NA,NA,NA,NA,NA,NA,NA,NA,NA,NA,NA,0.00,NA,NA,NA
2020-05-10 20:00:00,14.48,35.16,7.26,9.64,16.90,NA,NA,0.52,22.27,NA,NA,NA,NA,NA,NA,NA,NA,NA,NA,NA,0.00,NA,NA,NA
2020-05-10 21:00:00,21.86,39.38,7.29,8.80,16.09,NA,NA,0.46,26.49,NA,NA,NA,NA,NA,NA,NA,NA,NA,NA,NA,0.00,NA,NA,NA
2020-05-10 22:00:00,21.79,40.55,7.21,9.44,16.65,NA,NA,0.39,23.25,NA,NA,NA,NA,NA,NA,NA,NA,NA,NA,NA,0.00,NA,NA,NA
2020-05-10 23:00:00,35.39,54.44,7.52,10.80,18.32,NA,NA,0.38,20.33,NA,NA,NA,NA,NA,NA,NA,NA,NA,NA,NA,0.00,NA,NA,NA
2020-05-11 00:00:00,41.42,59.00,7.48,9.09,16.57,NA,NA,0.40,24.65,NA,NA,NA,NA,NA,NA,NA,NA,NA,NA,NA,0.00,NA,NA,NA
2020-05-11 01:00:00,20.84,41.37,7.44,9.48,16.92,NA,NA,0.37,24.49,NA,NA,NA,NA,NA,NA,NA,NA,NA,NA,NA,0.00,NA,NA,NA
2020-05-11 02:00:00,33.16,48.97,7.50,10.20,17.70,NA,NA,0.38,19.67,NA,NA,NA,NA,NA,NA,NA,NA,NA,NA,NA,0.00,NA,NA,NA
2020-05-11 03:00:00,46.00,67.36,7.49,9.41,16.91,NA,NA,0.39,18.97,NA,NA,NA,NA,NA,NA,NA,NA,NA,NA,NA,0.00,NA,NA,NA
2020-05-11 04:00:00,29.81,43.55,7.55,9.64,17.19,NA,NA,0.38,16.36,NA,NA,NA,NA,NA,NA,NA,NA,NA,NA,NA,0.00,NA,NA,NA
2020-05-11 05:00:00,31.73,49.80,7.52,10.28,17.80,NA,NA,0.35,14.28,NA,NA,NA,NA,NA,NA,NA,NA,NA,NA,NA,0.00,NA,NA,NA
2020-05-11 06:00:00,32.44,55.41,7.72,10.20,17.91,NA,NA,0.37,14.71,NA,NA,NA,NA,NA,NA,NA,NA,NA,NA,NA,0.00,NA,NA,NA
2020-05-11 07:00:00,28.68,44.30,7.94,9.83,17.77,NA,NA,0.37,17.65,NA,NA,NA,NA,NA,NA,NA,NA,NA,NA,NA,0.00,NA,NA,NA
2020-05-11 08:00:00,35.25,65.02,7.95,9.89,17.84,NA,NA,0.38,22.25,NA,NA,NA,NA,NA,NA,NA,NA,NA,NA,NA,0.00,NA,NA,NA
2020-05-11 09:00:00,40.10,84.60,7.74,9.94,17.68,NA,NA,0.41,27.32,NA,NA,NA,NA,NA,NA,NA,NA,NA,NA,NA,0.00,NA,NA,NA
2020-05-11 10:00:00,50.21,130.19,7.65,9.92,17.56,NA,NA,0.39,34.12,NA,NA,NA,NA,NA,NA,NA,NA,NA,NA,NA,0.00,NA,NA,NA
2020-05-11 11:00:00,54.72,149.26,7.52,9.14,16.65,NA,NA,0.41,36.71,NA,NA,NA,NA,NA,NA,NA,NA,NA,NA,NA,0.00,NA,NA,NA
2020-05-11 12:00:00,58.16,130.37,7.35,8.14,15.49,NA,NA,0.38,38.75,NA,NA,NA,NA,NA,NA,NA,NA,NA,NA,NA,0.00,NA,NA,NA
2020-05-11 13:00:00,48.12,119.55,7.48,8.50,15.97,NA,NA,0.39,37.12,NA,NA,NA,NA,NA,NA,NA,NA,NA,NA,NA,0.00,NA,NA,NA
2020-05-11 14:00:00,76.37,165.85,7.46,7.98,15.45,NA,NA,0.31,39.73,NA,NA,NA,NA,NA,NA,NA,NA,NA,NA,NA,0.00,NA,NA,NA
2020-05-11 15:00:00,130.33,195.09,7.73,9.25,16.97,NA,NA,0.34,48.17,NA,NA,NA,NA,NA,NA,NA,NA,NA,NA,NA,0.00,NA,NA,NA
2020-05-11 16:00:00,70.64,171.36,7.71,10.25,17.96,NA,NA,0.31,57.09,NA,NA,NA,NA,NA,NA,NA,NA,NA,NA,NA,0.00,NA,NA,NA
2020-05-11 17:00:00,59.33,137.11,7.57,10.68,18.26,NA,NA,0.31,58.72,NA,NA,NA,NA,NA,NA,NA,NA,NA,NA,NA,0.00,NA,NA,NA
2020-05-11 18:00:00,53.28,127.12,7.46,10.83,18.28,NA,NA,0.33,54.68,NA,NA,NA,NA,NA,NA,NA,NA,NA,NA,NA,0.00,NA,NA,NA
2020-05-11 19:00:00,52.55,124.87,7.45,11.20,18.66,NA,NA,0.35,49.53,NA,NA,NA,NA,NA,NA,NA,NA,NA,NA,NA,0.00,NA,NA,NA
2020-05-11 20:00:00,42.81,104.12,7.48,11.72,19.20,NA,NA,0.37,42.43,NA,NA,NA,NA,NA,NA,NA,NA,NA,NA,NA,0.00,NA,NA,NA
2020-05-11 21:00:00,62.78,106.02,7.42,12.18,19.60,NA,NA,0.34,31.66,NA,NA,NA,NA,NA,NA,NA,NA,NA,NA,NA,0.00,NA,NA,NA
2020-05-11 22:00:00,69.27,111.29,7.48,12.71,20.19,NA,NA,0.31,24.96,NA,NA,NA,NA,NA,NA,NA,NA,NA,NA,NA,0.00,NA,NA,NA
2020-05-11 23:00:00,70.44,108.73,7.45,13.03,20.49,NA,NA,0.32,27.41,NA,NA,NA,NA,NA,NA,NA,NA,NA,NA,NA,0.00,NA,NA,NA
2020-05-12 00:00:00,77.77,125.39,7.51,12.72,20.23,NA,NA,0.36,31.78,NA,NA,NA,NA,NA,NA,NA,NA,NA,NA,NA,0.00,NA,NA,NA
2020-05-12 01:00:00,79.38,152.92,7.83,14.38,22.23,NA,NA,0.38,26.77,NA,NA,NA,NA,NA,NA,NA,NA,NA,NA,NA,0.00,NA,NA,NA
2020-05-12 02:00:00,90.44,151.68,7.79,15.90,23.69,NA,NA,0.39,20.10,NA,NA,NA,NA,NA,NA,NA,NA,NA,NA,NA,0.00,NA,NA,NA
2020-05-12 03:00:00,78.18,130.76,7.87,13.33,21.21,NA,NA,0.42,22.97,NA,NA,NA,NA,NA,NA,NA,NA,NA,NA,NA,0.00,NA,NA,NA
2020-05-12 04:00:00,37.32,57.51,7.71,10.68,18.39,NA,NA,0.39,25.58,NA,NA,NA,NA,NA,NA,NA,NA,NA,NA,NA,0.00,NA,NA,NA
2020-05-12 05:00:00,14.42,37.15,7.56,10.25,17.81,NA,NA,0.40,27.22,NA,NA,NA,NA,NA,NA,NA,NA,NA,NA,NA,0.00,NA,NA,NA
2020-05-12 06:00:00,22.78,53.93,7.64,12.26,19.90,NA,NA,0.43,25.60,NA,NA,NA,NA,NA,NA,NA,NA,NA,NA,NA,0.00,NA,NA,NA
2020-05-12 07:00:00,35.31,73.61,7.79,11.42,19.21,NA,NA,0.42,28.59,NA,NA,NA,NA,NA,NA,NA,NA,NA,NA,NA,0.00,NA,NA,NA
2020-05-12 08:00:00,36.52,87.27,7.82,11.36,19.18,NA,NA,0.59,32.57,NA,NA,NA,NA,NA,NA,NA,NA,NA,NA,NA,0.00,NA,NA,NA
2020-05-12 09:00:00,38.84,86.06,8.10,12.57,20.68,NA,NA,0.56,36.53,NA,NA,NA,NA,NA,NA,NA,NA,NA,NA,NA,0.00,NA,NA,NA
2020-05-12 10:00:00,45.01,104.19,7.84,10.63,18.48,NA,NA,0.58,43.72,NA,NA,NA,NA,NA,NA,NA,NA,NA,NA,NA,0.00,NA,NA,NA
2020-05-12 11:00:00,45.12,93.60,7.58,9.20,16.78,NA,NA,0.57,43.41,NA,NA,NA,NA,NA,NA,NA,NA,NA,NA,NA,0.00,NA,NA,NA
2020-05-12 12:00:00,34.99,98.35,7.56,8.37,15.93,NA,NA,0.57,44.98,NA,NA,NA,NA,NA,NA,NA,NA,NA,NA,NA,0.00,NA,NA,NA
2020-05-12 13:00:00,37.12,99.40,7.57,8.48,16.05,NA,NA,0.56,49.58,NA,NA,NA,NA,NA,NA,NA,NA,NA,NA,NA,0.00,NA,NA,NA
2020-05-12 14:00:00,34.95,86.28,7.50,8.29,15.80,NA,NA,0.53,51.42,NA,NA,NA,NA,NA,NA,NA,NA,NA,NA,NA,0.00,NA,NA,NA
2020-05-12 15:00:00,40.37,81.34,7.51,8.06,15.57,NA,NA,0.52,51.08,NA,NA,NA,NA,NA,NA,NA,NA,NA,NA,NA,0.00,NA,NA,NA
2020-05-12 16:00:00,46.45,81.91,7.55,8.37,15.91,NA,NA,0.47,55.40,NA,NA,NA,NA,NA,NA,NA,NA,NA,NA,NA,0.00,NA,NA,NA
2020-05-12 17:00:00,40.45,74.52,7.53,8.94,16.47,NA,NA,0.40,56.19,NA,NA,NA,NA,NA,NA,NA,NA,NA,NA,NA,0.00,NA,NA,NA
2020-05-12 18:00:00,37.62,67.96,7.51,8.82,16.32,NA,NA,0.38,48.88,NA,NA,NA,NA,NA,NA,NA,NA,NA,NA,NA,0.00,NA,NA,NA
2020-05-12 19:00:00,31.55,69.93,7.47,11.11,18.58,NA,NA,0.37,40.27,NA,NA,NA,NA,NA,NA,NA,NA,NA,NA,NA,0.00,NA,NA,NA
2020-05-12 20:00:00,53.55,92.44,7.47,11.00,18.47,NA,NA,0.38,41.35,NA,NA,NA,NA,NA,NA,NA,NA,NA,NA,NA,0.00,NA,NA,NA
2020-05-12 21:00:00,75.38,120.21,7.58,10.80,18.38,NA,NA,0.39,42.07,NA,NA,NA,NA,NA,NA,NA,NA,NA,NA,NA,0.00,NA,NA,NA
2020-05-12 22:00:00,83.67,120.51,7.56,10.93,18.49,NA,NA,0.40,37.47,NA,NA,NA,NA,NA,NA,NA,NA,NA,NA,NA,0.00,NA,NA,NA
2020-05-12 23:00:00,82.11,117.98,7.58,11.72,19.30,NA,NA,0.42,33.05,NA,NA,NA,NA,NA,NA,NA,NA,NA,NA,NA,0.00,NA,NA,NA
2020-05-13 00:00:00,76.96,117.55,7.68,13.16,20.84,NA,NA,0.44,28.09,NA,NA,NA,NA,NA,NA,NA,NA,NA,NA,NA,0.00,NA,NA,NA
2020-05-13 01:00:00,77.96,117.78,7.61,13.58,21.19,NA,NA,0.43,23.26,NA,NA,NA,NA,NA,NA,NA,NA,NA,NA,NA,0.00,NA,NA,NA
2020-05-13 02:00:00,75.95,110.70,7.65,14.43,22.08,NA,NA,0.46,15.56,NA,NA,NA,NA,NA,NA,NA,NA,NA,NA,NA,0.00,NA,NA,NA
2020-05-13 03:00:00,72.48,100.78,7.59,14.47,22.06,NA,NA,0.48,15.49,NA,NA,NA,NA,NA,NA,NA,NA,NA,NA,NA,0.00,NA,NA,NA
2020-05-13 04:00:00,70.15,109.67,7.47,14.15,21.63,NA,NA,0.49,17.99,NA,NA,NA,NA,NA,NA,NA,NA,NA,NA,NA,0.00,NA,NA,NA
2020-05-13 05:00:00,68.20,98.67,7.59,13.19,20.78,NA,NA,0.67,21.07,NA,NA,NA,NA,NA,NA,NA,NA,NA,NA,NA,0.00,NA,NA,NA
2020-05-13 06:00:00,104.87,153.22,7.73,15.22,22.95,NA,NA,0.69,20.75,NA,NA,NA,NA,NA,NA,NA,NA,NA,NA,NA,0.00,NA,NA,NA
2020-05-13 07:00:00,151.52,233.72,7.91,14.82,22.73,NA,NA,0.71,19.36,NA,NA,NA,NA,NA,NA,NA,NA,NA,NA,NA,0.00,NA,NA,NA
2020-05-13 08:00:00,94.58,225.98,7.87,13.75,21.62,NA,NA,0.74,28.62,NA,NA,NA,NA,NA,NA,NA,NA,NA,NA,NA,0.00,NA,NA,NA
2020-05-13 09:00:00,25.97,236.93,7.92,12.03,19.95,NA,NA,0.73,33.61,NA,NA,NA,NA,NA,NA,NA,NA,NA,NA,NA,0.00,NA,NA,NA
2020-05-13 10:00:00,52.45,223.78,7.89,12.06,19.94,NA,NA,0.72,40.04,NA,NA,NA,NA,NA,NA,NA,NA,NA,NA,NA,0.00,NA,NA,NA
2020-05-13 11:00:00,68.59,193.01,7.70,12.15,19.85,NA,NA,0.76,45.99,NA,NA,NA,NA,NA,NA,NA,NA,NA,NA,NA,0.00,NA,NA,NA
2020-05-13 12:00:00,70.79,201.48,7.69,12.65,20.34,NA,NA,0.68,50.49,NA,NA,NA,NA,NA,NA,NA,NA,NA,NA,NA,0.00,NA,NA,NA
2020-05-13 13:00:00,78.50,209.96,7.69,12.59,20.27,NA,NA,0.64,53.16,NA,NA,NA,NA,NA,NA,NA,NA,NA,NA,NA,0.00,NA,NA,NA
2020-05-13 14:00:00,77.61,209.11,7.64,11.49,19.13,NA,NA,0.67,58.09,NA,NA,NA,NA,NA,NA,NA,NA,NA,NA,NA,0.00,NA,NA,NA
2020-05-13 15:00:00,80.15,198.71,7.62,10.78,18.40,NA,NA,0.67,58.28,NA,NA,NA,NA,NA,NA,NA,NA,NA,NA,NA,0.00,NA,NA,NA
2020-05-13 16:00:00,67.43,157.62,7.53,9.50,17.03,NA,NA,0.69,52.80,NA,NA,NA,NA,NA,NA,NA,NA,NA,NA,NA,0.00,NA,NA,NA
2020-05-13 17:00:00,50.40,118.90,7.48,9.11,16.59,NA,NA,0.68,52.15,NA,NA,NA,NA,NA,NA,NA,NA,NA,NA,NA,0.00,NA,NA,NA
2020-05-13 18:00:00,58.59,184.72,7.53,9.59,17.12,NA,NA,0.68,45.04,NA,NA,NA,NA,NA,NA,NA,NA,NA,NA,NA,0.00,NA,NA,NA
2020-05-13 19:00:00,34.73,85.38,7.55,8.55,16.10,NA,NA,0.67,35.03,NA,NA,NA,NA,NA,NA,NA,NA,NA,NA,NA,0.00,NA,NA,NA
2020-05-13 20:00:00,13.04,29.31,7.47,8.72,16.19,NA,NA,0.66,27.74,NA,NA,NA,NA,NA,NA,NA,NA,NA,NA,NA,0.00,NA,NA,NA
2020-05-13 21:00:00,22.87,28.44,7.41,9.53,16.94,NA,NA,0.65,25.22,NA,NA,NA,NA,NA,NA,NA,NA,NA,NA,NA,0.00,NA,NA,NA
2020-05-13 22:00:00,25.95,35.37,7.48,10.28,17.76,NA,NA,0.61,21.78,NA,NA,NA,NA,NA,NA,NA,NA,NA,NA,NA,0.00,NA,NA,NA
2020-05-13 23:00:00,35.47,45.15,7.44,12.41,19.84,NA,NA,0.62,16.96,NA,NA,NA,NA,NA,NA,NA,NA,NA,NA,NA,0.00,NA,NA,NA
2020-05-14 00:00:00,39.24,45.22,7.51,11.70,19.21,NA,NA,0.62,16.17,NA,NA,NA,NA,NA,NA,NA,NA,NA,NA,NA,0.00,NA,NA,NA
2020-05-14 01:00:00,38.57,74.92,7.56,14.88,22.44,NA,NA,0.62,12.16,NA,NA,NA,NA,NA,NA,NA,NA,NA,NA,NA,0.00,NA,NA,NA
2020-05-14 02:00:00,43.38,75.69,7.57,15.01,22.58,NA,NA,0.62,9.58,NA,NA,NA,NA,NA,NA,NA,NA,NA,NA,NA,0.00,NA,NA,NA
2020-05-14 03:00:00,36.65,56.86,8.20,17.51,25.70,NA,NA,0.62,6.24,NA,NA,NA,NA,NA,NA,NA,NA,NA,NA,NA,0.00,NA,NA,NA
2020-05-14 04:00:00,40.14,68.30,8.16,18.94,27.10,NA,NA,0.62,4.92,NA,NA,NA,NA,NA,NA,NA,NA,NA,NA,NA,0.00,NA,NA,NA
2020-05-14 05:00:00,40.07,62.90,7.91,18.87,26.79,NA,NA,0.62,5.79,NA,NA,NA,NA,NA,NA,NA,NA,NA,NA,NA,0.00,NA,NA,NA
2020-05-14 06:00:00,45.37,80.82,11.67,21.50,33.18,NA,NA,0.62,6.64,NA,NA,NA,NA,NA,NA,NA,NA,NA,NA,NA,0.00,NA,NA,NA
2020-05-14 07:00:00,50.53,94.21,8.66,16.39,25.05,NA,NA,0.64,15.46,NA,NA,NA,NA,NA,NA,NA,NA,NA,NA,NA,0.00,NA,NA,NA
2020-05-14 08:00:00,73.35,120.51,8.09,12.33,20.42,NA,NA,0.64,23.81,NA,NA,NA,NA,NA,NA,NA,NA,NA,NA,NA,0.00,NA,NA,NA
2020-05-14 09:00:00,40.03,89.37,7.88,11.18,19.06,NA,NA,0.63,33.97,NA,NA,NA,NA,NA,NA,NA,NA,NA,NA,NA,0.00,NA,NA,NA
2020-05-14 10:00:00,61.97,142.31,7.65,9.97,17.62,NA,NA,0.57,47.74,NA,NA,NA,NA,NA,NA,NA,NA,NA,NA,NA,0.00,NA,NA,NA
2020-05-14 11:00:00,73.63,157.52,7.43,9.25,16.68,NA,NA,0.51,52.51,NA,NA,NA,NA,NA,NA,NA,NA,NA,NA,NA,0.00,NA,NA,NA
2020-05-14 12:00:00,80.32,183.16,8.86,9.31,18.16,NA,NA,0.48,49.41,NA,NA,NA,NA,NA,NA,NA,NA,NA,NA,NA,0.00,NA,NA,NA
2020-05-14 13:00:00,113.31,214.81,11.45,10.19,21.64,NA,NA,0.43,53.18,NA,NA,NA,NA,NA,NA,NA,NA,NA,NA,NA,0.00,NA,NA,NA
2020-05-14 14:00:00,112.49,223.71,25.01,14.03,39.01,NA,NA,0.37,46.02,NA,NA,NA,NA,NA,NA,NA,NA,NA,NA,NA,0.00,NA,NA,NA
2020-05-14 15:00:00,96.09,221.33,46.76,21.73,68.46,NA,NA,0.30,45.35,NA,NA,NA,NA,NA,NA,NA,NA,NA,NA,NA,0.00,NA,NA,NA
2020-05-14 16:00:00,96.68,234.57,62.79,26.21,88.98,NA,NA,0.08,43.46,NA,NA,NA,NA,NA,NA,NA,NA,NA,NA,NA,0.00,NA,NA,NA
2020-05-14 17:00:00,97.33,240.57,81.55,34.61,116.10,NA,NA,NA,45.29,NA,NA,NA,NA,NA,NA,NA,NA,NA,NA,NA,0.00,NA,NA,NA
2020-05-14 18:00:00,100.67,545.98,92.21,36.64,128.88,NA,NA,NA,45.82,NA,NA,NA,NA,NA,NA,NA,NA,NA,NA,NA,0.00,NA,NA,NA
2020-05-14 19:00:00,64.60,239.11,88.80,36.70,125.12,NA,NA,0.13,42.89,NA,NA,NA,NA,NA,NA,NA,NA,NA,NA,NA,0.00,NA,NA,NA
2020-05-14 20:00:00,32.61,86.59,77.65,33.01,110.67,NA,NA,0.14,39.48,NA,NA,NA,NA,NA,NA,NA,NA,NA,NA,NA,0.00,NA,NA,NA
2020-05-14 21:00:00,20.09,40.62,71.04,34.73,104.86,NA,NA,0.13,30.62,NA,NA,NA,NA,NA,NA,NA,NA,NA,NA,NA,0.00,NA,NA,NA
2020-05-14 22:00:00,34.26,55.67,68.89,36.39,104.95,NA,NA,0.17,25.65,NA,NA,NA,NA,NA,NA,NA,NA,NA,NA,NA,0.00,NA,NA,NA
2020-05-14 23:00:00,28.50,42.69,65.09,40.90,105.97,NA,NA,0.15,18.98,NA,NA,NA,NA,NA,NA,NA,NA,NA,NA,NA,0.00,NA,NA,NA
2020-05-15 00:00:00,26.26,55.73,75.07,37.84,106.00,NA,NA,0.12,23.47,NA,NA,NA,NA,NA,NA,NA,NA,NA,NA,NA,0.00,NA,NA,NA
2020-05-15 01:00:00,62.42,101.40,72.28,51.74,118.75,NA,NA,0.18,25.41,NA,NA,NA,NA,NA,NA,NA,NA,NA,NA,NA,0.00,NA,NA,NA
2020-05-15 02:00:00,58.51,95.65,79.02,47.14,114.81,NA,NA,0.28,23.50,NA,NA,NA,NA,NA,NA,NA,NA,NA,NA,NA,0.00,NA,NA,NA
2020-05-15 03:00:00,36.13,77.88,70.82,33.65,99.93,NA,NA,0.27,21.33,NA,NA,NA,NA,NA,NA,NA,NA,NA,NA,NA,0.00,NA,NA,NA
2020-05-15 04:00:00,43.26,91.20,62.09,26.16,86.88,NA,NA,0.34,16.65,NA,NA,NA,NA,NA,NA,NA,NA,NA,NA,NA,0.00,NA,NA,NA
2020-05-15 05:00:00,36.13,78.41,64.94,22.06,82.00,NA,NA,0.28,15.66,NA,NA,NA,NA,NA,NA,NA,NA,NA,NA,NA,0.00,NA,NA,NA
2020-05-15 06:00:00,31.40,64.74,57.35,26.73,83.60,NA,NA,0.25,15.50,NA,NA,NA,NA,NA,NA,NA,NA,NA,NA,NA,0.00,NA,NA,NA
2020-05-15 07:00:00,33.57,74.00,58.32,23.88,82.14,NA,NA,0.27,22.05,NA,NA,NA,NA,NA,NA,NA,NA,NA,NA,NA,0.00,NA,NA,NA
2020-05-15 08:00:00,31.71,90.46,63.60,24.93,87.95,NA,NA,0.19,28.88,NA,NA,NA,NA,NA,NA,NA,NA,NA,NA,NA,0.00,NA,NA,NA
2020-05-15 09:00:00,53.67,119.90,68.85,26.46,94.99,NA,NA,0.12,36.75,NA,NA,NA,NA,NA,NA,NA,NA,NA,NA,NA,0.00,NA,NA,NA
2020-05-15 10:00:00,62.09,160.26,115.16,66.87,152.61,NA,NA,0.04,42.43,NA,NA,NA,NA,NA,NA,NA,NA,NA,NA,NA,0.00,NA,NA,NA
2020-05-15 11:00:00,55.86,188.33,126.29,54.28,164.59,NA,NA,NA,43.51,NA,NA,NA,NA,NA,NA,NA,NA,NA,NA,NA,0.00,NA,NA,NA
2020-05-15 12:00:00,63.16,160.78,147.91,66.90,204.49,NA,NA,NA,45.36,NA,NA,NA,NA,NA,NA,NA,NA,NA,NA,NA,0.00,NA,NA,NA
2020-05-15 13:00:00,62.71,162.51,181.10,53.38,216.83,NA,NA,NA,50.19,NA,NA,NA,NA,NA,NA,NA,NA,NA,NA,NA,0.00,NA,NA,NA
2020-05-15 14:00:00,71.62,182.97,205.52,66.41,261.34,NA,NA,NA,52.65,NA,NA,NA,NA,NA,NA,NA,NA,NA,NA,NA,0.00,NA,NA,NA
2020-05-15 15:00:00,69.84,185.20,253.81,80.66,297.23,NA,NA,NA,51.77,NA,NA,NA,NA,NA,NA,NA,NA,NA,NA,NA,0.00,NA,NA,NA
2020-05-15 16:00:00,66.09,172.70,303.39,133.43,399.11,NA,NA,NA,54.92,NA,NA,NA,NA,NA,NA,NA,NA,NA,NA,NA,0.00,NA,NA,NA
2020-05-15 17:00:00,58.49,160.49,373.89,126.68,426.51,NA,NA,NA,51.09,NA,NA,NA,NA,NA,NA,NA,NA,NA,NA,NA,0.00,NA,NA,NA
2020-05-15 18:00:00,55.38,128.94,394.50,134.46,479.46,NA,NA,NA,48.16,NA,NA,NA,NA,NA,NA,NA,NA,NA,NA,NA,0.00,NA,NA,NA
2020-05-15 19:00:00,42.32,113.27,446.14,214.08,444.16,NA,NA,NA,39.36,NA,NA,NA,NA,NA,NA,NA,NA,NA,NA,NA,0.00,NA,NA,NA
2020-05-15 20:00:00,37.39,100.61,402.99,187.77,472.59,NA,NA,NA,35.77,NA,NA,NA,NA,NA,NA,NA,NA,NA,NA,NA,0.00,NA,NA,NA
2020-05-15 21:00:00,57.00,112.01,361.33,177.73,434.89,NA,NA,NA,31.31,NA,NA,NA,NA,NA,NA,NA,NA,NA,NA,NA,0.00,NA,NA,NA
2020-05-15 22:00:00,69.91,107.50,292.19,173.35,413.19,NA,NA,NA,27.12,NA,NA,NA,NA,NA,NA,NA,NA,NA,NA,NA,0.00,NA,NA,NA
2020-05-15 23:00:00,82.08,108.26,298.36,180.21,383.55,NA,NA,NA,23.84,NA,NA,NA,NA,NA,NA,NA,NA,NA,NA,NA,0.00,NA,NA,NA
2020-05-16 00:00:00,95.47,124.90,292.41,127.14,337.27,NA,NA,NA,26.44,NA,NA,NA,NA,NA,NA,NA,NA,NA,NA,NA,0.00,NA,NA,NA
2020-05-16 01:00:00,119.44,156.70,247.22,147.05,327.60,NA,NA,NA,23.80,NA,NA,NA,NA,NA,NA,NA,NA,NA,NA,NA,0.00,NA,NA,NA
2020-05-16 02:00:00,118.92,153.04,272.61,183.87,341.50,NA,NA,NA,21.43,NA,NA,NA,NA,NA,NA,NA,NA,NA,NA,NA,0.00,NA,NA,NA
2020-05-16 03:00:00,118.41,125.83,227.71,178.76,345.79,NA,NA,NA,22.10,NA,NA,NA,NA,NA,NA,NA,NA,NA,NA,NA,0.00,NA,NA,NA
2020-05-16 04:00:00,95.87,130.27,228.73,179.72,315.47,NA,NA,NA,27.41,NA,NA,NA,NA,NA,NA,NA,NA,NA,NA,NA,0.00,NA,NA,NA
2020-05-16 05:00:00,81.48,89.66,194.40,164.68,268.06,NA,NA,NA,26.71,NA,NA,NA,NA,NA,NA,NA,NA,NA,NA,NA,0.00,NA,NA,NA
2020-05-16 06:00:00,74.24,84.87,182.74,155.19,306.42,NA,NA,NA,23.83,NA,NA,NA,NA,NA,NA,NA,NA,NA,NA,NA,0.00,NA,NA,NA
2020-05-16 07:00:00,76.63,105.03,186.88,150.11,266.84,NA,NA,NA,32.92,NA,NA,NA,NA,NA,NA,NA,NA,NA,NA,NA,0.00,NA,NA,NA
2020-05-16 08:00:00,86.74,145.13,204.30,121.02,289.80,NA,NA,NA,45.96,NA,NA,NA,NA,NA,NA,NA,NA,NA,NA,NA,0.00,NA,NA,NA
2020-05-16 09:00:00,85.27,175.63,263.31,155.60,321.48,NA,NA,NA,55.25,NA,NA,NA,NA,NA,NA,NA,NA,NA,NA,NA,0.00,NA,NA,NA
2020-05-16 10:00:00,69.81,158.96,327.38,143.44,369.41,NA,NA,NA,56.40,NA,NA,NA,NA,NA,NA,NA,NA,NA,NA,NA,0.00,NA,NA,NA
2020-05-16 11:00:00,NA,119.78,179.94,129.54,301.65,NA,NA,0.41,56.61,NA,NA,NA,NA,NA,NA,NA,NA,NA,NA,NA,0.00,NA,NA,NA
2020-05-16 12:00:00,NA,NA,119.18,54.80,127.29,NA,NA,0.26,51.12,NA,NA,NA,NA,NA,NA,NA,NA,NA,NA,NA,0.00,NA,NA,NA
2020-05-16 13:00:00,NA,NA,26.66,17.72,29.64,NA,NA,0.31,52.43,NA,NA,NA,NA,NA,NA,NA,NA,NA,NA,NA,0.00,NA,NA,NA
2020-05-16 14:00:00,2.50,NA,11.03,17.39,28.37,NA,NA,0.39,58.30,NA,NA,NA,NA,NA,NA,NA,NA,NA,NA,NA,0.00,NA,NA,NA
2020-05-16 15:00:00,41.89,NA,26.92,26.82,32.83,NA,NA,0.40,55.95,NA,NA,NA,NA,NA,NA,NA,NA,NA,NA,NA,0.00,NA,NA,NA
2020-05-16 16:00:00,77.10,3.26,21.74,20.11,29.62,NA,NA,0.46,57.44,NA,NA,NA,NA,NA,NA,NA,NA,NA,NA,NA,0.00,NA,NA,NA
2020-05-16 17:00:00,68.09,34.64,7.36,24.05,31.32,NA,NA,0.49,50.87,NA,NA,NA,NA,NA,NA,NA,NA,NA,NA,NA,0.00,NA,NA,NA
2020-05-16 18:00:00,68.29,43.28,24.51,32.71,45.22,NA,NA,0.51,38.64,NA,NA,NA,NA,NA,NA,NA,NA,NA,NA,NA,0.00,NA,NA,NA
2020-05-16 19:00:00,74.42,75.25,7.02,30.92,37.94,NA,NA,0.58,35.57,NA,NA,NA,NA,NA,NA,NA,NA,NA,NA,NA,0.00,NA,NA,NA
2020-05-16 20:00:00,72.34,92.91,6.26,25.32,31.58,NA,NA,0.63,33.60,NA,NA,NA,NA,NA,NA,NA,NA,NA,NA,NA,0.00,NA,NA,NA
2020-05-16 21:00:00,62.57,103.44,6.48,27.52,34.00,NA,NA,0.70,28.30,NA,NA,NA,NA,NA,NA,NA,NA,NA,NA,NA,0.00,NA,NA,NA
2020-05-16 22:00:00,67.46,110.87,6.34,18.40,24.73,NA,NA,0.73,26.48,NA,NA,NA,NA,NA,NA,NA,NA,NA,NA,NA,0.00,NA,NA,NA
2020-05-16 23:00:00,66.05,103.19,6.05,20.48,26.54,NA,NA,0.75,20.35,NA,NA,NA,NA,NA,NA,NA,NA,NA,NA,NA,0.00,NA,NA,NA
2020-05-17 00:00:00,61.38,111.27,5.99,21.36,27.35,NA,NA,0.83,18.43,NA,NA,NA,NA,NA,NA,NA,NA,NA,NA,NA,0.00,NA,NA,NA
2020-05-17 01:00:00,77.50,113.92,6.18,22.26,28.45,NA,NA,0.94,12.97,NA,NA,NA,NA,NA,NA,NA,NA,NA,NA,NA,0.00,NA,NA,NA
2020-05-17 02:00:00,91.24,144.06,6.41,25.24,31.65,NA,NA,0.96,11.26,NA,NA,NA,NA,NA,NA,NA,NA,NA,NA,NA,0.00,NA,NA,NA
2020-05-17 03:00:00,90.20,136.86,6.57,23.98,30.55,NA,NA,0.99,10.13,NA,NA,NA,NA,NA,NA,NA,NA,NA,NA,NA,0.00,NA,NA,NA
2020-05-17 04:00:00,101.47,178.25,6.67,26.28,32.95,NA,NA,1.12,9.41,NA,NA,NA,NA,NA,NA,NA,NA,NA,NA,NA,0.00,NA,NA,NA
2020-05-17 05:00:00,150.77,202.98,6.88,27.43,34.32,NA,NA,1.20,7.08,NA,NA,NA,NA,NA,NA,NA,NA,NA,NA,NA,0.00,NA,NA,NA
2020-05-17 06:00:00,160.84,215.39,7.82,24.89,32.71,NA,NA,1.23,6.48,NA,NA,NA,NA,NA,NA,NA,NA,NA,NA,NA,0.00,NA,NA,NA
2020-05-17 07:00:00,141.12,218.83,8.01,29.66,37.66,NA,NA,1.30,14.55,NA,NA,NA,NA,NA,NA,NA,NA,NA,NA,NA,0.00,NA,NA,NA
2020-05-17 08:00:00,183.90,277.38,7.24,28.03,35.28,NA,NA,1.18,38.04,NA,NA,NA,NA,NA,NA,NA,NA,NA,NA,NA,0.00,NA,NA,NA
2020-05-17 09:00:00,131.10,178.56,7.07,19.44,26.52,NA,NA,0.84,52.20,NA,NA,NA,NA,NA,NA,NA,NA,NA,NA,NA,0.00,NA,NA,NA
2020-05-17 10:00:00,89.25,107.91,7.22,18.38,25.61,NA,NA,0.78,57.21,NA,NA,NA,NA,NA,NA,NA,NA,NA,NA,NA,0.00,NA,NA,NA
2020-05-17 11:00:00,84.43,114.07,7.21,17.94,25.15,NA,NA,0.76,60.45,NA,NA,NA,NA,NA,NA,NA,NA,NA,NA,NA,0.00,NA,NA,NA
2020-05-17 12:00:00,49.03,89.53,7.32,16.69,24.01,NA,NA,0.64,57.57,NA,NA,NA,NA,NA,NA,NA,NA,NA,NA,NA,0.00,NA,NA,NA
2020-05-17 13:00:00,45.34,93.20,7.34,16.11,23.45,NA,NA,0.67,55.87,NA,NA,NA,NA,NA,NA,NA,NA,NA,NA,NA,0.00,NA,NA,NA
2020-05-17 14:00:00,53.36,95.11,7.50,15.80,23.30,NA,NA,0.67,53.73,NA,NA,NA,NA,NA,NA,NA,NA,NA,NA,NA,0.00,NA,NA,NA
2020-05-17 15:00:00,39.95,90.95,7.48,16.21,23.68,NA,NA,0.68,52.06,NA,NA,NA,NA,NA,NA,NA,NA,NA,NA,NA,0.00,NA,NA,NA
2020-05-17 16:00:00,37.37,83.32,7.73,15.76,23.48,NA,NA,0.62,48.79,NA,NA,NA,NA,NA,NA,NA,NA,NA,NA,NA,0.00,NA,NA,NA
2020-05-17 17:00:00,37.51,84.33,7.77,16.47,24.27,NA,NA,0.58,43.20,NA,NA,NA,NA,NA,NA,NA,NA,NA,NA,NA,0.00,NA,NA,NA
2020-05-17 18:00:00,34.18,105.10,7.64,20.93,28.55,NA,NA,0.62,38.13,NA,NA,NA,NA,NA,NA,NA,NA,NA,NA,NA,0.00,NA,NA,NA
2020-05-17 19:00:00,42.95,219.90,7.62,17.90,25.53,NA,NA,0.68,37.91,NA,NA,NA,NA,NA,NA,NA,NA,NA,NA,NA,0.00,NA,NA,NA
2020-05-17 20:00:00,40.58,167.19,7.72,18.67,26.39,NA,NA,0.70,29.83,NA,NA,NA,NA,NA,NA,NA,NA,NA,NA,NA,0.00,NA,NA,NA
2020-05-17 21:00:00,44.16,153.46,7.66,19.40,27.06,NA,NA,0.72,25.03,NA,NA,NA,NA,NA,NA,NA,NA,NA,NA,NA,0.00,NA,NA,NA
2020-05-17 22:00:00,42.59,125.54,7.83,19.46,27.29,NA,NA,0.71,21.10,NA,NA,NA,NA,NA,NA,NA,NA,NA,NA,NA,0.00,NA,NA,NA
2020-05-17 23:00:00,47.99,105.14,7.79,19.56,27.35,NA,NA,0.79,19.85,NA,NA,NA,NA,NA,NA,NA,NA,NA,NA,NA,0.00,NA,NA,NA
2020-05-18 00:00:00,68.21,100.51,7.73,22.22,29.95,NA,NA,0.97,16.65,NA,NA,NA,NA,NA,NA,NA,NA,NA,NA,NA,0.00,NA,NA,NA
2020-05-18 01:00:00,87.21,132.41,7.74,21.48,29.21,NA,NA,1.00,12.48,NA,NA,NA,NA,NA,NA,NA,NA,NA,NA,NA,0.00,NA,NA,NA
2020-05-18 02:00:00,96.84,146.76,8.11,22.93,31.04,NA,NA,1.03,11.02,NA,NA,NA,NA,NA,NA,NA,NA,NA,NA,NA,0.00,NA,NA,NA
2020-05-18 03:00:00,112.76,176.21,7.83,28.17,36.00,NA,NA,1.02,9.78,NA,NA,NA,NA,NA,NA,NA,NA,NA,NA,NA,0.00,NA,NA,NA
2020-05-18 04:00:00,138.20,206.96,7.75,26.17,33.93,NA,NA,1.04,10.60,NA,NA,NA,NA,NA,NA,NA,NA,NA,NA,NA,0.00,NA,NA,NA
2020-05-18 05:00:00,118.01,177.62,7.81,25.29,33.10,NA,NA,0.95,12.64,NA,NA,NA,NA,NA,NA,NA,NA,NA,NA,NA,0.00,NA,NA,NA
2020-05-18 06:00:00,107.22,134.23,8.53,25.82,34.35,NA,NA,0.94,10.50,NA,NA,NA,NA,NA,NA,NA,NA,NA,NA,NA,0.00,NA,NA,NA
2020-05-18 07:00:00,93.37,137.01,8.99,28.04,37.03,NA,NA,0.86,18.10,NA,NA,NA,NA,NA,NA,NA,NA,NA,NA,NA,0.00,NA,NA,NA
2020-05-18 08:00:00,70.21,156.22,8.36,23.32,31.68,NA,NA,0.83,31.23,NA,NA,NA,NA,NA,NA,NA,NA,NA,NA,NA,0.00,NA,NA,NA
2020-05-18 09:00:00,70.29,150.40,8.11,21.23,29.34,NA,NA,0.73,40.66,NA,NA,NA,NA,NA,NA,NA,NA,NA,NA,NA,0.00,NA,NA,NA
2020-05-18 10:00:00,88.77,176.30,8.14,21.99,30.13,NA,NA,0.76,54.74,NA,NA,NA,NA,NA,NA,NA,NA,NA,NA,NA,0.00,NA,NA,NA
2020-05-18 11:00:00,81.83,172.02,8.33,19.63,27.96,NA,NA,0.65,56.94,NA,NA,NA,NA,NA,NA,NA,NA,NA,NA,NA,0.00,NA,NA,NA
2020-05-18 12:00:00,62.75,141.84,9.09,24.16,33.26,NA,NA,0.57,53.74,NA,NA,NA,NA,NA,NA,NA,NA,NA,NA,NA,0.00,NA,NA,NA
2020-05-18 13:00:00,54.72,105.44,8.78,18.41,27.19,NA,NA,0.51,55.34,NA,NA,NA,NA,NA,NA,NA,NA,NA,NA,NA,0.00,NA,NA,NA
2020-05-18 14:00:00,40.23,102.04,9.12,19.04,28.16,NA,NA,0.45,50.83,NA,NA,NA,NA,NA,NA,NA,NA,NA,NA,NA,0.00,NA,NA,NA
2020-05-18 15:00:00,36.42,86.03,9.22,21.62,30.83,NA,NA,0.47,50.88,NA,NA,NA,NA,NA,NA,NA,NA,NA,NA,NA,0.00,NA,NA,NA
2020-05-18 16:00:00,39.25,100.74,8.91,15.93,24.84,NA,NA,0.46,55.87,NA,NA,NA,NA,NA,NA,NA,NA,NA,NA,NA,0.00,NA,NA,NA
2020-05-18 17:00:00,24.51,90.16,8.91,16.08,24.99,NA,NA,0.44,53.73,NA,NA,NA,NA,NA,NA,NA,NA,NA,NA,NA,0.00,NA,NA,NA
2020-05-18 18:00:00,34.60,95.03,8.93,17.00,25.93,NA,NA,0.49,49.92,NA,NA,NA,NA,NA,NA,NA,NA,NA,NA,NA,0.00,NA,NA,NA
2020-05-18 19:00:00,36.00,92.25,8.91,19.16,28.06,NA,NA,0.57,39.63,NA,NA,NA,NA,NA,NA,NA,NA,NA,NA,NA,0.00,NA,NA,NA
2020-05-18 20:00:00,46.87,110.20,8.95,20.90,29.85,NA,NA,0.69,32.25,NA,NA,NA,NA,NA,NA,NA,NA,NA,NA,NA,0.00,NA,NA,NA
2020-05-18 21:00:00,56.41,132.96,8.94,20.42,29.36,NA,NA,0.71,24.60,NA,NA,NA,NA,NA,NA,NA,NA,NA,NA,NA,0.00,NA,NA,NA
2020-05-18 22:00:00,45.66,122.61,8.98,20.09,29.08,NA,NA,0.65,18.30,NA,NA,NA,NA,NA,NA,NA,NA,NA,NA,NA,0.00,NA,NA,NA
2020-05-18 23:00:00,51.43,109.71,8.95,21.54,30.50,NA,NA,0.73,16.36,NA,NA,NA,NA,NA,NA,NA,NA,NA,NA,NA,0.00,NA,NA,NA
2020-05-19 00:00:00,63.29,118.90,8.98,23.16,32.14,NA,NA,0.81,12.07,NA,NA,NA,NA,NA,NA,NA,NA,NA,NA,NA,0.00,NA,NA,NA
2020-05-19 01:00:00,77.46,142.92,8.98,22.63,31.61,NA,NA,0.88,11.72,NA,NA,NA,NA,NA,NA,NA,NA,NA,NA,NA,0.00,NA,NA,NA
2020-05-19 02:00:00,91.76,161.85,9.02,23.95,32.97,NA,NA,1.01,8.22,NA,NA,NA,NA,NA,NA,NA,NA,NA,NA,NA,0.00,NA,NA,NA
2020-05-19 03:00:00,116.35,194.95,9.09,27.22,36.31,NA,NA,1.12,5.55,NA,NA,NA,NA,NA,NA,NA,NA,NA,NA,NA,0.00,NA,NA,NA
2020-05-19 04:00:00,136.24,235.16,9.32,27.31,36.63,NA,NA,1.16,4.91,NA,NA,NA,NA,NA,NA,NA,NA,NA,NA,NA,0.00,NA,NA,NA
2020-05-19 05:00:00,152.23,247.24,9.64,27.49,37.13,NA,NA,1.15,4.93,NA,NA,NA,NA,NA,NA,NA,NA,NA,NA,NA,0.00,NA,NA,NA
2020-05-19 06:00:00,137.32,217.22,10.86,26.04,36.89,NA,NA,1.18,5.56,NA,NA,NA,NA,NA,NA,NA,NA,NA,NA,NA,0.00,NA,NA,NA
2020-05-19 07:00:00,149.03,248.50,13.95,36.56,50.51,NA,NA,1.33,10.31,NA,NA,NA,NA,NA,NA,NA,NA,NA,NA,NA,0.00,NA,NA,NA
2020-05-19 08:00:00,198.44,329.01,10.40,33.84,44.24,NA,NA,1.35,30.31,NA,NA,NA,NA,NA,NA,NA,NA,NA,NA,NA,0.00,NA,NA,NA
2020-05-19 09:00:00,132.90,194.48,9.16,19.08,28.24,NA,NA,0.80,42.17,NA,NA,NA,NA,NA,NA,NA,NA,NA,NA,NA,0.00,NA,NA,NA
2020-05-19 10:00:00,44.87,69.41,9.10,16.84,25.95,NA,NA,0.67,47.65,NA,NA,NA,NA,NA,NA,NA,NA,NA,NA,NA,0.00,NA,NA,NA
2020-05-19 11:00:00,56.25,103.70,9.04,17.85,26.89,NA,NA,0.77,59.10,NA,NA,NA,NA,NA,NA,NA,NA,NA,NA,NA,0.00,NA,NA,NA
2020-05-19 12:00:00,54.11,138.47,9.18,18.20,27.38,NA,NA,0.77,58.52,NA,NA,NA,NA,NA,NA,NA,NA,NA,NA,NA,0.00,NA,NA,NA
2020-05-19 13:00:00,59.44,131.01,9.32,20.21,29.53,NA,NA,0.83,61.61,NA,NA,NA,NA,NA,NA,NA,NA,NA,NA,NA,0.00,NA,NA,NA
2020-05-19 14:00:00,39.27,101.16,9.31,16.38,25.69,NA,NA,0.70,54.14,NA,NA,NA,NA,NA,NA,NA,NA,NA,NA,NA,0.00,NA,NA,NA
2020-05-19 15:00:00,23.36,71.60,10.07,23.63,33.70,NA,NA,0.68,43.96,NA,NA,NA,NA,NA,NA,NA,NA,NA,NA,NA,0.00,NA,NA,NA
2020-05-19 16:00:00,23.51,76.15,9.59,18.04,27.63,NA,NA,0.69,52.07,NA,NA,NA,NA,NA,NA,NA,NA,NA,NA,NA,0.00,NA,NA,NA
2020-05-19 17:00:00,28.39,100.19,9.60,20.52,30.12,NA,NA,0.70,46.87,NA,NA,NA,NA,NA,NA,NA,NA,NA,NA,NA,0.00,NA,NA,NA
2020-05-19 18:00:00,30.10,175.97,9.24,16.46,25.71,NA,NA,0.68,49.15,NA,NA,NA,NA,NA,NA,NA,NA,NA,NA,NA,0.00,NA,NA,NA
2020-05-19 19:00:00,29.36,111.62,9.25,20.95,30.20,NA,NA,0.80,41.44,NA,NA,NA,NA,NA,NA,NA,NA,NA,NA,NA,0.00,NA,NA,NA
2020-05-19 20:00:00,46.51,139.22,9.14,25.76,34.89,NA,NA,1.19,36.11,NA,NA,NA,NA,NA,NA,NA,NA,NA,NA,NA,0.00,NA,NA,NA
2020-05-19 21:00:00,77.25,172.80,9.11,23.95,33.06,NA,NA,1.20,27.82,NA,NA,NA,NA,NA,NA,NA,NA,NA,NA,NA,0.00,NA,NA,NA
2020-05-19 22:00:00,85.45,161.52,9.13,25.27,34.40,NA,NA,1.37,21.84,NA,NA,NA,NA,NA,NA,NA,NA,NA,NA,NA,0.00,NA,NA,NA
2020-05-19 23:00:00,90.82,158.94,9.21,25.33,34.54,NA,NA,1.33,20.56,NA,NA,NA,NA,NA,NA,NA,NA,NA,NA,NA,0.00,NA,NA,NA
2020-05-20 00:00:00,78.36,131.38,9.21,23.11,32.31,NA,NA,1.09,22.72,NA,NA,NA,NA,NA,NA,NA,NA,NA,NA,NA,0.00,NA,NA,NA
2020-05-20 01:00:00,69.32,120.65,9.25,21.53,30.78,NA,NA,0.97,21.80,NA,NA,NA,NA,NA,NA,NA,NA,NA,NA,NA,0.00,NA,NA,NA
2020-05-20 02:00:00,61.88,122.48,9.30,20.97,30.27,NA,NA,1.01,16.36,NA,NA,NA,NA,NA,NA,NA,NA,NA,NA,NA,0.00,NA,NA,NA
2020-05-20 03:00:00,70.97,137.41,9.28,23.19,32.47,NA,NA,1.14,12.94,NA,NA,NA,NA,NA,NA,NA,NA,NA,NA,NA,0.00,NA,NA,NA
2020-05-20 04:00:00,112.63,209.57,9.28,23.90,33.17,NA,NA,1.30,11.00,NA,NA,NA,NA,NA,NA,NA,NA,NA,NA,NA,0.00,NA,NA,NA
2020-05-20 05:00:00,170.39,236.54,9.34,25.37,34.71,NA,NA,1.38,10.35,NA,NA,NA,NA,NA,NA,NA,NA,NA,NA,NA,0.00,NA,NA,NA
2020-05-20 06:00:00,181.33,239.82,9.58,25.21,34.79,NA,NA,1.30,11.02,NA,NA,NA,NA,NA,NA,NA,NA,NA,NA,NA,0.00,NA,NA,NA
2020-05-20 07:00:00,165.65,236.41,9.83,25.71,35.55,NA,NA,1.24,18.77,NA,NA,NA,NA,NA,NA,NA,NA,NA,NA,NA,0.00,NA,NA,NA
2020-05-20 08:00:00,126.11,217.27,9.41,22.83,32.24,NA,NA,1.09,35.58,NA,NA,NA,NA,NA,NA,NA,NA,NA,NA,NA,0.00,NA,NA,NA
2020-05-20 09:00:00,107.82,155.03,9.32,21.39,30.71,NA,NA,0.91,50.10,NA,NA,NA,NA,NA,NA,NA,NA,NA,NA,NA,0.00,NA,NA,NA
2020-05-20 10:00:00,67.58,101.08,9.20,19.79,29.00,NA,NA,0.81,57.35,NA,NA,NA,NA,NA,NA,NA,NA,NA,NA,NA,0.00,NA,NA,NA
2020-05-20 11:00:00,45.28,81.63,9.22,18.36,27.58,NA,NA,0.78,61.97,NA,NA,NA,NA,NA,NA,NA,NA,NA,NA,NA,0.00,NA,NA,NA
2020-05-20 12:00:00,48.33,82.82,9.32,19.57,28.89,NA,NA,0.75,57.39,NA,NA,NA,NA,NA,NA,NA,NA,NA,NA,NA,0.00,NA,NA,NA
2020-05-20 13:00:00,46.44,95.90,9.66,21.81,31.47,NA,NA,0.75,56.52,NA,NA,NA,NA,NA,NA,NA,NA,NA,NA,NA,0.00,NA,NA,NA
2020-05-20 14:00:00,36.85,95.91,9.48,21.39,30.87,NA,NA,0.67,55.56,NA,NA,NA,NA,NA,NA,NA,NA,NA,NA,NA,0.00,NA,NA,NA
2020-05-20 15:00:00,40.54,105.34,9.13,18.25,27.38,NA,NA,0.65,58.65,NA,NA,NA,NA,NA,NA,NA,NA,NA,NA,NA,0.00,NA,NA,NA
2020-05-20 16:00:00,44.97,116.34,9.42,20.28,29.69,NA,NA,0.70,55.97,NA,NA,NA,NA,NA,NA,NA,NA,NA,NA,NA,0.00,NA,NA,NA
2020-05-20 17:00:00,24.65,89.29,9.66,21.69,31.36,NA,NA,0.71,50.64,NA,NA,NA,NA,NA,NA,NA,NA,NA,NA,NA,0.00,NA,NA,NA
2020-05-20 18:00:00,22.80,78.41,9.32,20.15,29.47,NA,NA,0.72,48.97,NA,NA,NA,NA,NA,NA,NA,NA,NA,NA,NA,0.00,NA,NA,NA
2020-05-20 19:00:00,23.47,98.44,9.17,19.67,28.83,NA,NA,0.81,44.20,NA,NA,NA,NA,NA,NA,NA,NA,NA,NA,NA,0.00,NA,NA,NA
2020-05-20 20:00:00,33.42,130.85,9.23,20.02,29.25,NA,NA,0.94,40.03,NA,NA,NA,NA,NA,NA,NA,NA,NA,NA,NA,0.00,NA,NA,NA
2020-05-20 21:00:00,43.91,137.00,9.21,19.14,28.35,NA,NA,1.00,40.48,NA,NA,NA,NA,NA,NA,NA,NA,NA,NA,NA,0.00,NA,NA,NA
2020-05-20 22:00:00,53.73,158.34,9.32,19.34,28.67,NA,NA,1.05,39.37,NA,NA,NA,NA,NA,NA,NA,NA,NA,NA,NA,0.00,NA,NA,NA
2020-05-20 23:00:00,63.72,164.25,9.22,22.06,31.28,NA,NA,1.07,33.85,NA,NA,NA,NA,NA,NA,NA,NA,NA,NA,NA,0.00,NA,NA,NA
2020-05-21 00:00:00,62.89,160.43,9.24,19.75,28.99,NA,NA,1.06,34.53,NA,NA,NA,NA,NA,NA,NA,NA,NA,NA,NA,0.00,NA,NA,NA
2020-05-21 01:00:00,63.61,154.83,9.14,20.90,30.04,NA,NA,1.07,30.59,NA,NA,NA,NA,NA,NA,NA,NA,NA,NA,NA,0.00,NA,NA,NA
2020-05-21 02:00:00,59.75,153.50,9.17,19.58,28.75,NA,NA,1.06,33.80,NA,NA,NA,NA,NA,NA,NA,NA,NA,NA,NA,0.00,NA,NA,NA
2020-05-21 03:00:00,58.29,136.93,9.08,19.65,28.73,NA,NA,1.04,32.47,NA,NA,NA,NA,NA,NA,NA,NA,NA,NA,NA,0.00,NA,NA,NA
2020-05-21 04:00:00,58.58,128.62,9.05,19.96,29.01,NA,NA,1.05,28.34,NA,NA,NA,NA,NA,NA,NA,NA,NA,NA,NA,0.00,NA,NA,NA
2020-05-21 05:00:00,57.36,129.35,8.96,18.63,27.59,NA,NA,1.09,28.42,NA,NA,NA,NA,NA,NA,NA,NA,NA,NA,NA,0.00,NA,NA,NA
2020-05-21 06:00:00,79.44,159.60,9.33,22.40,31.73,NA,NA,1.18,23.46,NA,NA,NA,NA,NA,NA,NA,NA,NA,NA,NA,0.00,NA,NA,NA
2020-05-21 07:00:00,95.37,159.48,9.36,21.68,31.04,NA,NA,1.20,32.00,NA,NA,NA,NA,NA,NA,NA,NA,NA,NA,NA,0.00,NA,NA,NA
2020-05-21 08:00:00,84.32,170.98,9.29,21.49,30.77,NA,NA,1.14,42.31,NA,NA,NA,NA,NA,NA,NA,NA,NA,NA,NA,0.00,NA,NA,NA
2020-05-21 09:00:00,79.33,188.04,9.11,19.53,28.64,NA,NA,1.19,52.54,NA,NA,NA,NA,NA,NA,NA,NA,NA,NA,NA,0.00,NA,NA,NA
2020-05-21 10:00:00,66.26,174.48,9.03,18.42,27.45,NA,NA,1.04,55.40,NA,NA,NA,NA,NA,NA,NA,NA,NA,NA,NA,0.00,NA,NA,NA
2020-05-21 11:00:00,25.99,106.20,9.09,17.17,26.26,NA,NA,0.88,52.52,NA,NA,NA,NA,NA,NA,NA,NA,NA,NA,NA,0.00,NA,NA,NA
2020-05-21 12:00:00,20.56,96.78,9.35,17.67,27.02,NA,NA,0.85,52.09,NA,NA,NA,NA,NA,NA,NA,NA,NA,NA,NA,0.00,NA,NA,NA
2020-05-21 13:00:00,26.16,96.71,9.81,21.67,31.48,NA,NA,0.82,47.07,NA,NA,NA,NA,NA,NA,NA,NA,NA,NA,NA,0.00,NA,NA,NA
2020-05-21 14:00:00,27.29,109.68,9.35,17.27,26.62,NA,NA,0.80,49.41,NA,NA,NA,NA,NA,NA,NA,NA,NA,NA,NA,0.00,NA,NA,NA
2020-05-21 15:00:00,23.64,115.23,9.28,15.59,24.87,NA,NA,0.79,49.83,NA,NA,NA,NA,NA,NA,NA,NA,NA,NA,NA,0.00,NA,NA,NA
2020-05-21 16:00:00,23.17,111.20,9.26,15.59,24.85,NA,NA,0.79,49.21,NA,NA,NA,NA,NA,NA,NA,NA,NA,NA,NA,0.00,NA,NA,NA
2020-05-21 17:00:00,21.55,105.38,9.30,15.57,24.87,NA,NA,0.79,47.33,NA,NA,NA,NA,NA,NA,NA,NA,NA,NA,NA,0.00,NA,NA,NA
2020-05-21 18:00:00,18.69,118.63,9.33,17.55,26.88,NA,NA,0.84,43.68,NA,NA,NA,NA,NA,NA,NA,NA,NA,NA,NA,0.00,NA,NA,NA
2020-05-21 19:00:00,23.93,124.60,9.35,19.57,28.92,NA,NA,0.92,34.64,NA,NA,NA,NA,NA,NA,NA,NA,NA,NA,NA,0.00,NA,NA,NA
2020-05-21 20:00:00,37.63,133.61,9.33,20.01,29.34,NA,NA,1.10,28.19,NA,NA,NA,NA,NA,NA,NA,NA,NA,NA,NA,0.00,NA,NA,NA
2020-05-21 21:00:00,39.42,141.31,9.21,20.88,30.09,NA,NA,1.12,23.66,NA,NA,NA,NA,NA,NA,NA,NA,NA,NA,NA,0.00,NA,NA,NA
2020-05-21 22:00:00,49.41,153.69,9.34,22.40,31.74,NA,NA,1.23,16.40,NA,NA,NA,NA,NA,NA,NA,NA,NA,NA,NA,0.00,NA,NA,NA
2020-05-21 23:00:00,55.24,175.09,9.31,23.70,33.01,NA,NA,1.29,18.03,NA,NA,NA,NA,NA,NA,NA,NA,NA,NA,NA,0.00,NA,NA,NA
2020-05-22 00:00:00,67.97,203.58,9.23,22.56,31.80,NA,NA,1.28,17.12,NA,NA,NA,NA,NA,NA,NA,NA,NA,NA,NA,0.00,NA,NA,NA
2020-05-22 01:00:00,70.73,202.45,9.24,22.99,32.23,NA,NA,1.30,14.69,NA,NA,NA,NA,NA,NA,NA,NA,NA,NA,NA,0.00,NA,NA,NA
2020-05-22 02:00:00,75.14,206.18,9.23,22.58,31.80,NA,NA,1.24,10.84,NA,NA,NA,NA,NA,NA,NA,NA,NA,NA,NA,0.00,NA,NA,NA
2020-05-22 03:00:00,70.81,172.22,9.24,24.75,34.01,NA,NA,1.30,9.00,NA,NA,NA,NA,NA,NA,NA,NA,NA,NA,NA,0.00,NA,NA,NA
2020-05-22 04:00:00,65.65,175.90,9.20,24.78,33.99,NA,NA,1.29,11.75,NA,NA,NA,NA,NA,NA,NA,NA,NA,NA,NA,0.00,NA,NA,NA
2020-05-22 05:00:00,62.38,178.52,9.23,25.97,35.21,NA,NA,1.27,10.23,NA,NA,NA,NA,NA,NA,NA,NA,NA,NA,NA,0.00,NA,NA,NA
2020-05-22 06:00:00,88.90,188.10,10.04,26.06,36.10,NA,NA,1.26,9.91,NA,NA,NA,NA,NA,NA,NA,NA,NA,NA,NA,0.00,NA,NA,NA
2020-05-22 07:00:00,69.04,175.50,11.17,29.32,40.49,NA,NA,1.36,15.48,NA,NA,NA,NA,NA,NA,NA,NA,NA,NA,NA,0.00,NA,NA,NA
2020-05-22 08:00:00,85.22,210.61,9.64,24.80,34.43,NA,NA,1.27,33.59,NA,NA,NA,NA,NA,NA,NA,NA,NA,NA,NA,0.00,NA,NA,NA
2020-05-22 09:00:00,86.46,203.00,9.34,22.78,32.11,NA,NA,1.31,49.98,NA,NA,NA,NA,NA,NA,NA,NA,NA,NA,NA,0.00,NA,NA,NA
2020-05-22 10:00:00,76.63,180.37,9.22,19.52,28.74,NA,NA,1.17,61.47,NA,NA,NA,NA,NA,NA,NA,NA,NA,NA,NA,0.00,NA,NA,NA
2020-05-22 11:00:00,66.57,162.33,9.14,18.41,27.55,NA,NA,1.11,62.83,NA,NA,NA,NA,NA,NA,NA,NA,NA,NA,NA,0.00,NA,NA,NA
2020-05-22 12:00:00,53.23,127.58,9.11,17.13,26.24,NA,NA,1.02,56.05,NA,NA,NA,NA,NA,NA,NA,NA,NA,NA,NA,0.00,NA,NA,NA
2020-05-22 13:00:00,45.60,128.94,9.32,17.43,26.74,NA,NA,1.03,53.94,NA,NA,NA,NA,NA,NA,NA,NA,NA,NA,NA,0.00,NA,NA,NA
2020-05-22 14:00:00,40.93,126.91,9.37,17.73,27.14,NA,NA,1.01,49.98,NA,NA,NA,NA,NA,NA,NA,NA,NA,NA,NA,0.00,NA,NA,NA
2020-05-22 15:00:00,32.37,114.58,9.59,19.50,29.08,NA,NA,0.98,45.90,NA,NA,NA,NA,NA,NA,NA,NA,NA,NA,NA,0.00,NA,NA,NA
2020-05-22 16:00:00,36.55,103.57,9.55,19.67,29.18,NA,NA,0.97,44.27,NA,NA,NA,NA,NA,NA,NA,NA,NA,NA,NA,0.00,NA,NA,NA
2020-05-22 17:00:00,26.73,98.05,9.38,16.46,25.84,NA,NA,0.98,46.61,NA,NA,NA,NA,NA,NA,NA,NA,NA,NA,NA,0.00,NA,NA,NA
2020-05-22 18:00:00,29.75,98.86,9.31,19.13,28.43,NA,NA,1.01,38.35,NA,NA,NA,NA,NA,NA,NA,NA,NA,NA,NA,0.00,NA,NA,NA
2020-05-22 19:00:00,30.42,103.82,9.10,21.49,30.61,NA,NA,1.15,27.88,NA,NA,NA,NA,NA,NA,NA,NA,NA,NA,NA,0.00,NA,NA,NA
2020-05-22 20:00:00,50.17,150.12,8.99,20.70,29.70,NA,NA,1.37,37.38,NA,NA,NA,NA,NA,NA,NA,NA,NA,NA,NA,0.00,NA,NA,NA
2020-05-22 21:00:00,79.09,171.65,8.86,20.97,29.83,NA,NA,1.50,22.09,NA,NA,NA,NA,NA,NA,NA,NA,NA,NA,NA,0.00,NA,NA,NA
2020-05-22 22:00:00,84.84,174.52,8.75,21.24,29.99,NA,NA,1.52,17.68,NA,NA,NA,NA,NA,NA,NA,NA,NA,NA,NA,0.00,NA,NA,NA
2020-05-22 23:00:00,92.98,185.74,8.80,21.53,30.33,NA,NA,1.55,18.99,NA,NA,NA,NA,NA,NA,NA,NA,NA,NA,NA,0.00,NA,NA,NA
2020-05-23 00:00:00,112.67,224.32,8.90,24.39,33.29,NA,NA,1.61,16.08,NA,NA,NA,NA,NA,NA,NA,NA,NA,NA,NA,0.00,NA,NA,NA
2020-05-23 01:00:00,113.21,215.20,8.86,22.52,31.38,NA,NA,1.54,22.91,NA,NA,NA,NA,NA,NA,NA,NA,NA,NA,NA,0.00,NA,NA,NA
2020-05-23 02:00:00,88.71,166.01,8.91,20.22,29.13,NA,NA,1.37,29.84,NA,NA,NA,NA,NA,NA,NA,NA,NA,NA,NA,0.00,NA,NA,NA
2020-05-23 03:00:00,90.33,160.26,6.03,15.16,21.20,NA,NA,1.36,38.77,NA,NA,NA,NA,NA,NA,NA,NA,NA,NA,NA,0.00,NA,NA,NA
2020-05-23 04:00:00,90.25,154.46,2.94,11.58,14.52,NA,NA,1.35,38.45,NA,NA,NA,NA,NA,NA,NA,NA,NA,NA,NA,0.00,NA,NA,NA
2020-05-23 05:00:00,84.99,146.25,2.91,11.46,14.37,NA,NA,1.34,31.48,NA,NA,NA,NA,NA,NA,NA,NA,NA,NA,NA,0.00,NA,NA,NA
2020-05-23 06:00:00,83.34,157.23,2.89,11.49,14.38,NA,NA,1.39,16.72,NA,NA,NA,NA,NA,NA,NA,NA,NA,NA,NA,0.00,NA,NA,NA
2020-05-23 07:00:00,77.11,163.95,2.92,11.42,14.34,NA,NA,1.37,13.42,NA,NA,NA,NA,NA,NA,NA,NA,NA,NA,NA,0.00,NA,NA,NA
2020-05-23 08:00:00,70.76,204.20,2.90,11.37,14.27,NA,NA,1.09,21.84,NA,NA,NA,NA,NA,NA,NA,NA,NA,NA,NA,0.00,NA,NA,NA
2020-05-23 09:00:00,54.33,223.34,2.84,11.41,14.26,NA,NA,1.02,31.34,NA,NA,NA,NA,NA,NA,NA,NA,NA,NA,NA,0.00,NA,NA,NA
2020-05-23 10:00:00,51.58,229.91,2.93,11.44,14.36,NA,NA,1.00,38.03,NA,NA,NA,NA,NA,NA,NA,NA,NA,NA,NA,0.00,NA,NA,NA
2020-05-23 11:00:00,50.56,291.60,2.86,11.48,14.35,NA,NA,0.94,38.80,NA,NA,NA,NA,NA,NA,NA,NA,NA,NA,NA,0.00,NA,NA,NA
2020-05-23 12:00:00,44.40,288.08,2.96,11.39,14.36,NA,NA,0.91,37.33,NA,NA,NA,NA,NA,NA,NA,NA,NA,NA,NA,0.00,NA,NA,NA
2020-05-23 13:00:00,36.00,192.54,2.92,11.41,14.32,NA,NA,0.86,32.66,NA,NA,NA,NA,NA,NA,NA,NA,NA,NA,NA,0.00,NA,NA,NA
2020-05-23 14:00:00,33.07,149.30,2.97,11.48,14.45,NA,NA,0.82,31.89,NA,NA,NA,NA,NA,NA,NA,NA,NA,NA,NA,0.00,NA,NA,NA
2020-05-23 15:00:00,23.22,136.59,3.00,11.38,14.38,NA,NA,0.84,32.46,NA,NA,NA,NA,NA,NA,NA,NA,NA,NA,NA,0.00,NA,NA,NA
2020-05-23 16:00:00,24.88,111.64,3.42,11.42,14.84,NA,NA,0.86,31.74,NA,NA,NA,NA,NA,NA,NA,NA,NA,NA,NA,0.00,NA,NA,NA
2020-05-23 17:00:00,22.63,116.12,3.81,11.61,15.41,NA,NA,0.88,31.50,NA,NA,NA,NA,NA,NA,NA,NA,NA,NA,NA,0.00,NA,NA,NA
2020-05-23 18:00:00,26.77,119.70,3.74,11.66,15.40,NA,NA,0.92,22.68,NA,NA,NA,NA,NA,NA,NA,NA,NA,NA,NA,0.00,NA,NA,NA
2020-05-23 19:00:00,26.84,137.75,3.31,11.49,14.80,NA,NA,1.03,18.69,NA,NA,NA,NA,NA,NA,NA,NA,NA,NA,NA,0.00,NA,NA,NA
2020-05-23 20:00:00,38.24,184.92,3.11,11.43,14.54,NA,NA,1.27,13.28,NA,NA,NA,NA,NA,NA,NA,NA,NA,NA,NA,0.00,NA,NA,NA
2020-05-23 21:00:00,46.20,301.82,2.70,11.43,14.14,NA,NA,0.93,26.07,NA,NA,NA,NA,NA,NA,NA,NA,NA,NA,NA,0.00,NA,NA,NA
2020-05-23 22:00:00,22.98,207.94,2.67,11.40,14.06,NA,NA,0.95,22.91,NA,NA,NA,NA,NA,NA,NA,NA,NA,NA,NA,0.00,NA,NA,NA
2020-05-23 23:00:00,28.22,152.42,2.72,11.37,14.09,NA,NA,0.97,20.41,NA,NA,NA,NA,NA,NA,NA,NA,NA,NA,NA,0.00,NA,NA,NA
2020-05-24 00:00:00,27.11,151.20,2.70,11.41,14.12,NA,NA,0.94,19.95,NA,NA,NA,NA,NA,NA,NA,NA,NA,NA,NA,0.00,NA,NA,NA
2020-05-24 01:00:00,30.36,174.81,2.68,11.36,14.05,NA,NA,1.03,17.47,NA,NA,NA,NA,NA,NA,NA,NA,NA,NA,NA,0.00,NA,NA,NA
2020-05-24 02:00:00,36.42,181.60,2.71,11.39,14.10,NA,NA,1.00,18.87,NA,NA,NA,NA,NA,NA,NA,NA,NA,NA,NA,0.00,NA,NA,NA
2020-05-24 03:00:00,36.71,189.58,2.79,11.36,14.16,NA,NA,1.07,19.45,NA,NA,NA,NA,NA,NA,NA,NA,NA,NA,NA,0.00,NA,NA,NA
2020-05-24 04:00:00,44.03,201.06,2.86,11.38,14.23,NA,NA,1.13,16.05,NA,NA,NA,NA,NA,NA,NA,NA,NA,NA,NA,0.00,NA,NA,NA
2020-05-24 05:00:00,46.34,201.56,2.90,11.41,14.31,NA,NA,1.16,9.22,NA,NA,NA,NA,NA,NA,NA,NA,NA,NA,NA,0.00,NA,NA,NA
2020-05-24 06:00:00,49.23,188.36,2.91,11.40,14.31,NA,NA,1.23,9.31,NA,NA,NA,NA,NA,NA,NA,NA,NA,NA,NA,0.00,NA,NA,NA
2020-05-24 07:00:00,43.30,204.36,2.85,11.34,14.19,NA,NA,1.27,11.68,NA,NA,NA,NA,NA,NA,NA,NA,NA,NA,NA,0.00,NA,NA,NA
2020-05-24 08:00:00,50.82,204.09,2.76,11.34,14.10,NA,NA,1.26,24.57,NA,NA,NA,NA,NA,NA,NA,NA,NA,NA,NA,0.00,NA,NA,NA
2020-05-24 09:00:00,61.91,202.55,2.78,11.48,14.26,NA,NA,1.18,39.88,NA,NA,NA,NA,NA,NA,NA,NA,NA,NA,NA,0.00,NA,NA,NA
2020-05-24 10:00:00,52.75,207.83,2.81,11.36,14.17,NA,NA,1.12,44.33,NA,NA,NA,NA,NA,NA,NA,NA,NA,NA,NA,0.00,NA,NA,NA
2020-05-24 11:00:00,50.59,213.37,2.92,11.26,14.18,NA,NA,1.08,42.89,NA,NA,NA,NA,NA,NA,NA,NA,NA,NA,NA,0.00,NA,NA,NA
2020-05-24 12:00:00,30.71,134.17,2.85,11.36,14.21,NA,NA,1.00,39.46,NA,NA,NA,NA,NA,NA,NA,NA,NA,NA,NA,0.00,NA,NA,NA
2020-05-24 13:00:00,25.43,135.14,2.80,11.39,14.19,NA,NA,0.97,38.72,NA,NA,NA,NA,NA,NA,NA,NA,NA,NA,NA,0.00,NA,NA,NA
2020-05-24 14:00:00,18.84,106.76,2.77,11.36,14.13,NA,NA,0.95,37.83,NA,NA,NA,NA,NA,NA,NA,NA,NA,NA,NA,0.00,NA,NA,NA
2020-05-24 15:00:00,33.15,123.69,2.89,11.33,14.22,NA,NA,0.97,42.08,NA,NA,NA,NA,NA,NA,NA,NA,NA,NA,NA,0.00,NA,NA,NA
2020-05-24 16:00:00,21.77,94.94,2.75,11.32,14.08,NA,NA,0.99,41.50,NA,NA,NA,NA,NA,NA,NA,NA,NA,NA,NA,0.00,NA,NA,NA
2020-05-24 17:00:00,15.47,82.60,2.72,11.42,14.14,NA,NA,0.98,43.70,NA,NA,NA,NA,NA,NA,NA,NA,NA,NA,NA,0.00,NA,NA,NA
2020-05-24 18:00:00,23.35,82.80,2.71,11.38,14.09,NA,NA,1.03,40.18,NA,NA,NA,NA,NA,NA,NA,NA,NA,NA,NA,0.00,NA,NA,NA
2020-05-24 19:00:00,23.28,99.11,2.71,11.38,14.09,NA,NA,1.14,31.90,NA,NA,NA,NA,NA,NA,NA,NA,NA,NA,NA,0.00,NA,NA,NA
2020-05-24 20:00:00,27.29,119.07,2.70,11.32,14.02,NA,NA,1.30,25.54,NA,NA,NA,NA,NA,NA,NA,NA,NA,NA,NA,0.00,NA,NA,NA
2020-05-24 21:00:00,53.29,171.06,2.78,11.50,14.28,NA,NA,1.29,25.92,NA,NA,NA,NA,NA,NA,NA,NA,NA,NA,NA,0.00,NA,NA,NA
2020-05-24 22:00:00,75.62,183.68,2.98,11.41,14.39,NA,NA,1.33,24.17,NA,NA,NA,NA,NA,NA,NA,NA,NA,NA,NA,0.00,NA,NA,NA
2020-05-24 23:00:00,67.15,154.09,2.85,11.39,14.24,NA,NA,1.39,20.42,NA,NA,NA,NA,NA,NA,NA,NA,NA,NA,NA,0.00,NA,NA,NA
2020-05-25 00:00:00,64.89,140.22,2.75,11.42,14.18,NA,NA,1.42,18.66,NA,NA,NA,NA,NA,NA,NA,NA,NA,NA,NA,0.00,NA,NA,NA
2020-05-25 01:00:00,61.16,140.30,2.73,11.38,14.11,NA,NA,1.38,17.29,NA,NA,NA,NA,NA,NA,NA,NA,NA,NA,NA,0.00,NA,NA,NA
2020-05-25 02:00:00,61.05,138.22,2.78,11.37,14.15,NA,NA,1.38,16.76,NA,NA,NA,NA,NA,NA,NA,NA,NA,NA,NA,0.00,NA,NA,NA
2020-05-25 03:00:00,64.34,152.57,2.68,11.36,14.04,NA,NA,1.45,14.14,NA,NA,NA,NA,NA,NA,NA,NA,NA,NA,NA,0.00,NA,NA,NA
2020-05-25 04:00:00,100.57,217.35,2.69,11.34,14.04,NA,NA,1.68,11.76,NA,NA,NA,NA,NA,NA,NA,NA,NA,NA,NA,0.00,NA,NA,NA
2020-05-25 05:00:00,120.74,239.22,2.67,11.44,14.11,NA,NA,1.57,10.61,NA,NA,NA,NA,NA,NA,NA,NA,NA,NA,NA,0.00,NA,NA,NA
2020-05-25 06:00:00,83.72,178.43,2.77,11.29,14.06,NA,NA,1.59,12.98,NA,NA,NA,NA,NA,NA,NA,NA,NA,NA,NA,0.00,NA,NA,NA
2020-05-25 07:00:00,86.47,209.93,2.74,11.35,14.08,NA,NA,1.48,26.83,NA,NA,NA,NA,NA,NA,NA,NA,NA,NA,NA,0.00,NA,NA,NA
2020-05-25 08:00:00,66.07,165.84,2.68,11.40,14.08,NA,NA,1.38,38.63,NA,NA,NA,NA,NA,NA,NA,NA,NA,NA,NA,0.00,NA,NA,NA
2020-05-25 09:00:00,61.90,158.53,2.72,11.40,14.12,NA,NA,1.35,47.57,NA,NA,NA,NA,NA,NA,NA,NA,NA,NA,NA,0.00,NA,NA,NA
2020-05-25 10:00:00,54.26,147.49,2.71,11.44,14.15,NA,NA,1.26,51.81,NA,NA,NA,NA,NA,NA,NA,NA,NA,NA,NA,0.00,NA,NA,NA
2020-05-25 11:00:00,44.96,123.15,2.74,11.38,14.13,NA,NA,1.17,49.91,NA,NA,NA,NA,NA,NA,NA,NA,NA,NA,NA,0.00,NA,NA,NA
2020-05-25 12:00:00,35.35,94.31,2.71,11.43,14.14,NA,NA,1.11,48.24,NA,NA,NA,NA,NA,NA,NA,NA,NA,NA,NA,0.00,NA,NA,NA
2020-05-25 13:00:00,24.64,99.64,2.64,11.43,14.07,NA,NA,1.02,46.19,NA,NA,NA,NA,NA,NA,NA,NA,NA,NA,NA,0.00,NA,NA,NA
2020-05-25 14:00:00,61.51,160.01,2.89,11.42,14.30,NA,NA,0.97,43.85,NA,NA,NA,NA,NA,NA,NA,NA,NA,NA,NA,0.00,NA,NA,NA
2020-05-25 15:00:00,59.17,169.34,3.19,11.56,14.74,NA,NA,0.98,42.74,NA,NA,NA,NA,NA,NA,NA,NA,NA,NA,NA,0.00,NA,NA,NA
2020-05-25 16:00:00,25.09,97.07,3.04,11.47,14.51,NA,NA,1.09,42.51,NA,NA,NA,NA,NA,NA,NA,NA,NA,NA,NA,0.00,NA,NA,NA
2020-05-25 17:00:00,3.12,70.64,2.83,11.41,14.24,NA,NA,1.06,40.92,NA,NA,NA,NA,NA,NA,NA,NA,NA,NA,NA,0.00,NA,NA,NA
2020-05-25 18:00:00,10.13,56.67,2.78,11.39,14.17,NA,NA,1.05,39.29,NA,NA,NA,NA,NA,NA,NA,NA,NA,NA,NA,0.00,NA,NA,NA
2020-05-25 19:00:00,12.31,77.26,2.66,11.42,14.09,NA,NA,0.83,31.35,NA,NA,NA,NA,NA,NA,NA,NA,NA,NA,NA,0.00,NA,NA,NA
2020-05-25 20:00:00,36.43,162.27,2.91,11.45,14.35,NA,NA,0.84,24.13,NA,NA,NA,NA,NA,NA,NA,NA,NA,NA,NA,0.00,NA,NA,NA
2020-05-25 21:00:00,54.85,151.85,3.11,11.42,14.53,NA,NA,0.99,14.62,NA,NA,NA,NA,NA,NA,NA,NA,NA,NA,NA,0.00,NA,NA,NA
2020-05-25 22:00:00,27.36,85.40,2.88,11.42,14.30,NA,NA,1.07,10.42,NA,NA,NA,NA,NA,NA,NA,NA,NA,NA,NA,0.00,NA,NA,NA
2020-05-25 23:00:00,25.94,100.85,2.75,11.43,14.18,NA,NA,1.09,10.46,NA,NA,NA,NA,NA,NA,NA,NA,NA,NA,NA,0.00,NA,NA,NA
2020-05-26 00:00:00,32.39,103.13,2.82,11.37,14.19,NA,NA,1.05,10.69,NA,NA,NA,NA,NA,NA,NA,NA,NA,NA,NA,0.00,NA,NA,NA
2020-05-26 01:00:00,38.98,103.02,2.74,11.40,14.14,NA,NA,1.06,9.62,NA,NA,NA,NA,NA,NA,NA,NA,NA,NA,NA,0.00,NA,NA,NA
2020-05-26 02:00:00,42.40,119.93,2.77,11.39,14.15,NA,NA,1.17,7.39,NA,NA,NA,NA,NA,NA,NA,NA,NA,NA,NA,0.00,NA,NA,NA
2020-05-26 03:00:00,57.80,150.91,2.74,11.40,14.14,NA,NA,1.18,7.51,NA,NA,NA,NA,NA,NA,NA,NA,NA,NA,NA,0.00,NA,NA,NA
2020-05-26 04:00:00,62.37,149.40,2.82,11.37,14.19,NA,NA,1.06,8.16,NA,NA,NA,NA,NA,NA,NA,NA,NA,NA,NA,0.00,NA,NA,NA
2020-05-26 05:00:00,58.06,146.32,2.77,11.34,14.11,NA,NA,1.05,10.76,NA,NA,NA,NA,NA,NA,NA,NA,NA,NA,NA,0.00,NA,NA,NA
2020-05-26 06:00:00,53.13,162.65,2.67,11.41,14.08,NA,NA,0.99,11.08,NA,NA,NA,NA,NA,NA,NA,NA,NA,NA,NA,0.00,NA,NA,NA
2020-05-26 07:00:00,43.40,163.55,2.73,11.29,14.02,NA,NA,0.84,16.64,NA,NA,NA,NA,NA,NA,NA,NA,NA,NA,NA,0.00,NA,NA,NA
2020-05-26 08:00:00,35.71,160.86,2.77,11.34,14.11,NA,NA,0.84,22.07,NA,NA,NA,NA,NA,NA,NA,NA,NA,NA,NA,0.00,NA,NA,NA
2020-05-26 09:00:00,43.51,229.58,2.75,11.37,14.12,NA,NA,0.86,29.06,NA,NA,NA,NA,NA,NA,NA,NA,NA,NA,NA,0.00,NA,NA,NA
2020-05-26 10:00:00,37.87,281.02,2.75,11.33,14.07,NA,NA,0.82,32.21,NA,NA,NA,NA,NA,NA,NA,NA,NA,NA,NA,0.00,NA,NA,NA
2020-05-26 11:00:00,42.48,273.14,2.73,11.34,14.07,NA,NA,0.80,36.33,NA,NA,NA,NA,NA,NA,NA,NA,NA,NA,NA,0.00,NA,NA,NA
2020-05-26 12:00:00,33.59,264.50,2.82,11.38,14.20,NA,NA,0.78,37.59,NA,NA,NA,NA,NA,NA,NA,NA,NA,NA,NA,0.00,NA,NA,NA
2020-05-26 13:00:00,33.39,208.93,2.74,11.36,14.10,NA,NA,0.77,34.46,NA,NA,NA,NA,NA,NA,NA,NA,NA,NA,NA,0.00,NA,NA,NA
2020-05-26 14:00:00,25.21,150.64,2.73,11.37,14.10,NA,NA,0.76,35.32,NA,NA,NA,NA,NA,NA,NA,NA,NA,NA,NA,0.00,NA,NA,NA
2020-05-26 15:00:00,22.74,133.65,2.73,11.43,14.16,NA,NA,0.75,34.43,NA,NA,NA,NA,NA,NA,NA,NA,NA,NA,NA,0.00,NA,NA,NA
2020-05-26 16:00:00,20.53,117.26,2.73,11.40,14.13,NA,NA,0.76,36.75,NA,NA,NA,NA,NA,NA,NA,NA,NA,NA,NA,0.00,NA,NA,NA
2020-05-26 17:00:00,15.73,105.99,2.69,11.36,14.05,NA,NA,0.78,34.73,NA,NA,NA,NA,NA,NA,NA,NA,NA,NA,NA,0.00,NA,NA,NA
2020-05-26 18:00:00,18.60,121.79,2.71,11.40,14.11,NA,NA,0.80,31.51,NA,NA,NA,NA,NA,NA,NA,NA,NA,NA,NA,0.00,NA,NA,NA
2020-05-26 19:00:00,28.99,154.55,2.69,11.31,14.00,NA,NA,0.89,20.57,NA,NA,NA,NA,NA,NA,NA,NA,NA,NA,NA,0.00,NA,NA,NA
2020-05-26 20:00:00,21.41,144.61,2.74,11.32,14.06,NA,NA,0.96,13.72,NA,NA,NA,NA,NA,NA,NA,NA,NA,NA,NA,0.00,NA,NA,NA
2020-05-26 21:00:00,26.44,159.99,2.76,11.32,14.07,NA,NA,1.07,9.32,NA,NA,NA,NA,NA,NA,NA,NA,NA,NA,NA,0.00,NA,NA,NA
2020-05-26 22:00:00,35.72,165.47,2.70,11.38,14.08,NA,NA,1.20,9.75,NA,NA,NA,NA,NA,NA,NA,NA,NA,NA,NA,0.00,NA,NA,NA
2020-05-26 23:00:00,62.11,242.87,2.71,11.29,14.00,NA,NA,1.38,27.37,NA,NA,NA,NA,NA,NA,NA,NA,NA,NA,NA,0.00,NA,NA,NA
2020-05-27 00:00:00,50.02,210.50,2.71,11.41,14.12,NA,NA,1.00,37.06,NA,NA,NA,NA,NA,NA,NA,NA,NA,NA,NA,0.00,NA,NA,NA
2020-05-27 01:00:00,40.30,102.70,2.76,11.37,14.13,NA,NA,1.02,31.08,NA,NA,NA,NA,NA,NA,NA,NA,NA,NA,NA,0.00,NA,NA,NA
2020-05-27 02:00:00,38.29,173.19,2.67,11.44,14.11,NA,NA,0.88,26.53,NA,NA,NA,NA,NA,NA,NA,NA,NA,NA,NA,0.00,NA,NA,NA
2020-05-27 03:00:00,30.36,92.41,2.69,11.41,14.10,NA,NA,0.94,24.82,NA,NA,NA,NA,NA,NA,NA,NA,NA,NA,NA,0.00,NA,NA,NA
2020-05-27 04:00:00,31.37,82.38,2.70,11.34,14.04,NA,NA,0.96,19.34,NA,NA,NA,NA,NA,NA,NA,NA,NA,NA,NA,0.00,NA,NA,NA
2020-05-27 05:00:00,32.32,83.68,2.69,11.33,14.03,NA,NA,1.00,14.73,NA,NA,NA,NA,NA,NA,NA,NA,NA,NA,NA,0.00,NA,NA,NA
2020-05-27 06:00:00,40.83,104.66,2.78,11.29,14.07,NA,NA,1.05,14.98,NA,NA,NA,NA,NA,NA,NA,NA,NA,NA,NA,0.00,NA,NA,NA
2020-05-27 07:00:00,34.28,90.52,2.72,11.32,14.05,NA,NA,1.04,24.68,NA,NA,NA,NA,NA,NA,NA,NA,NA,NA,NA,0.00,NA,NA,NA
2020-05-27 08:00:00,59.15,168.08,2.76,11.26,14.02,NA,NA,1.03,26.15,NA,NA,NA,NA,NA,NA,NA,NA,NA,NA,NA,0.00,NA,NA,NA
2020-05-27 09:00:00,56.04,257.17,2.76,11.30,14.05,NA,NA,0.95,27.78,NA,NA,NA,NA,NA,NA,NA,NA,NA,NA,NA,0.00,NA,NA,NA
2020-05-27 10:00:00,52.71,311.66,2.71,11.35,14.07,NA,NA,0.95,33.44,NA,NA,NA,NA,NA,NA,NA,NA,NA,NA,NA,0.00,NA,NA,NA
2020-05-27 11:00:00,76.07,311.22,2.86,11.36,14.22,NA,NA,0.86,35.06,NA,NA,NA,NA,NA,NA,NA,NA,NA,NA,NA,0.00,NA,NA,NA
2020-05-27 12:00:00,58.56,224.91,2.81,11.30,14.12,NA,NA,0.85,40.75,NA,NA,NA,NA,NA,NA,NA,NA,NA,NA,NA,0.00,NA,NA,NA
2020-05-27 13:00:00,48.21,170.39,2.72,11.45,14.17,NA,NA,0.85,41.26,NA,NA,NA,NA,NA,NA,NA,NA,NA,NA,NA,0.00,NA,NA,NA
2020-05-27 14:00:00,20.94,162.57,2.79,11.41,14.20,NA,NA,0.83,42.49,NA,NA,NA,NA,NA,NA,NA,NA,NA,NA,NA,0.00,NA,NA,NA
2020-05-27 15:00:00,23.74,100.12,2.76,11.31,14.08,NA,NA,0.83,44.01,NA,NA,NA,NA,NA,NA,NA,NA,NA,NA,NA,0.00,NA,NA,NA
2020-05-27 16:00:00,24.28,101.29,2.75,11.38,14.12,NA,NA,0.85,43.30,NA,NA,NA,NA,NA,NA,NA,NA,NA,NA,NA,0.00,NA,NA,NA
2020-05-27 17:00:00,23.63,83.33,2.68,11.34,14.02,NA,NA,0.85,42.75,NA,NA,NA,NA,NA,NA,NA,NA,NA,NA,NA,0.00,NA,NA,NA
2020-05-27 18:00:00,37.43,124.71,2.79,11.35,14.14,NA,NA,0.96,54.32,NA,NA,NA,NA,NA,NA,NA,NA,NA,NA,NA,0.00,NA,NA,NA
2020-05-27 19:00:00,52.97,152.91,2.74,11.41,14.15,NA,NA,0.99,52.27,NA,NA,NA,NA,NA,NA,NA,NA,NA,NA,NA,0.00,NA,NA,NA
2020-05-27 20:00:00,48.33,163.62,2.82,11.42,14.24,NA,NA,1.10,41.86,NA,NA,NA,NA,NA,NA,NA,NA,NA,NA,NA,0.00,NA,NA,NA
2020-05-27 21:00:00,60.84,191.54,2.81,11.35,14.15,NA,NA,1.14,33.79,NA,NA,NA,NA,NA,NA,NA,NA,NA,NA,NA,0.00,NA,NA,NA
2020-05-27 22:00:00,71.64,243.69,2.71,11.50,14.21,NA,NA,1.15,33.34,NA,NA,NA,NA,NA,NA,NA,NA,NA,NA,NA,0.00,NA,NA,NA
2020-05-27 23:00:00,63.99,306.78,2.75,11.41,14.16,NA,NA,0.90,35.00,NA,NA,NA,NA,NA,NA,NA,NA,NA,NA,NA,0.00,NA,NA,NA
2020-05-28 00:00:00,27.87,211.05,2.75,11.32,14.07,NA,NA,0.76,40.78,NA,NA,NA,NA,NA,NA,NA,NA,NA,NA,NA,0.00,NA,NA,NA
2020-05-28 01:00:00,148.59,130.68,2.74,11.29,14.03,NA,NA,0.80,38.73,NA,NA,NA,NA,NA,NA,NA,NA,NA,NA,NA,0.00,NA,NA,NA
2020-05-28 02:00:00,80.14,170.85,2.78,11.36,14.14,NA,NA,0.91,32.23,NA,NA,NA,NA,NA,NA,NA,NA,NA,NA,NA,0.00,NA,NA,NA
2020-05-28 03:00:00,40.96,422.14,2.79,11.31,14.10,NA,NA,0.92,28.84,NA,NA,NA,NA,NA,NA,NA,NA,NA,NA,NA,0.00,NA,NA,NA
2020-05-28 04:00:00,33.72,353.80,2.72,11.36,14.09,NA,NA,0.92,27.66,NA,NA,NA,NA,NA,NA,NA,NA,NA,NA,NA,0.00,NA,NA,NA
2020-05-28 05:00:00,29.95,262.00,2.74,11.42,14.17,NA,NA,0.94,26.43,NA,NA,NA,NA,NA,NA,NA,NA,NA,NA,NA,0.00,NA,NA,NA
2020-05-28 06:00:00,32.68,216.47,2.77,11.33,14.11,NA,NA,0.96,24.26,NA,NA,NA,NA,NA,NA,NA,NA,NA,NA,NA,0.00,NA,NA,NA
2020-05-28 07:00:00,35.10,222.42,2.75,11.37,14.11,NA,NA,1.02,23.08,NA,NA,NA,NA,NA,NA,NA,NA,NA,NA,NA,0.00,NA,NA,NA
2020-05-28 08:00:00,33.04,210.13,2.75,11.38,14.13,NA,NA,0.95,24.12,NA,NA,NA,NA,NA,NA,NA,NA,NA,NA,NA,0.00,NA,NA,NA
2020-05-28 09:00:00,38.24,236.53,2.78,11.31,14.09,NA,NA,1.01,28.46,NA,NA,NA,NA,NA,NA,NA,NA,NA,NA,NA,0.00,NA,NA,NA
2020-05-28 10:00:00,56.04,316.65,2.80,11.33,14.13,NA,NA,1.02,31.39,NA,NA,NA,NA,NA,NA,NA,NA,NA,NA,NA,0.00,NA,NA,NA
2020-05-28 11:00:00,53.08,267.81,2.74,11.38,14.12,NA,NA,0.98,36.19,NA,NA,NA,NA,NA,NA,NA,NA,NA,NA,NA,0.00,NA,NA,NA
2020-05-28 12:00:00,40.08,250.43,2.76,11.41,14.17,NA,NA,0.93,38.83,NA,NA,NA,NA,NA,NA,NA,NA,NA,NA,NA,0.00,NA,NA,NA
2020-05-28 13:00:00,36.28,243.92,2.80,11.27,14.07,NA,NA,0.94,41.33,NA,NA,NA,NA,NA,NA,NA,NA,NA,NA,NA,0.00,NA,NA,NA
2020-05-28 14:00:00,37.80,242.83,2.81,11.33,14.15,NA,NA,0.89,44.62,NA,NA,NA,NA,NA,NA,NA,NA,NA,NA,NA,0.00,NA,NA,NA
2020-05-28 15:00:00,36.53,236.17,2.73,11.41,14.14,NA,NA,0.91,46.88,NA,NA,NA,NA,NA,NA,NA,NA,NA,NA,NA,0.00,NA,NA,NA
2020-05-28 16:00:00,43.16,230.31,2.70,11.43,14.14,NA,NA,0.92,46.93,NA,NA,NA,NA,NA,NA,NA,NA,NA,NA,NA,0.00,NA,NA,NA
2020-05-28 17:00:00,39.96,210.46,2.76,11.34,14.10,NA,NA,0.88,45.98,NA,NA,NA,NA,NA,NA,NA,NA,NA,NA,NA,0.00,NA,NA,NA
2020-05-28 18:00:00,33.69,210.27,2.74,11.46,14.20,NA,NA,0.92,43.65,NA,NA,NA,NA,NA,NA,NA,NA,NA,NA,NA,0.00,NA,NA,NA
2020-05-28 19:00:00,37.64,183.60,2.72,11.37,14.08,NA,NA,1.11,41.83,NA,NA,NA,NA,NA,NA,NA,NA,NA,NA,NA,0.00,NA,NA,NA
2020-05-28 20:00:00,32.40,286.42,2.72,11.34,14.07,NA,NA,1.16,38.73,NA,NA,NA,NA,NA,NA,NA,NA,NA,NA,NA,0.00,NA,NA,NA
2020-05-28 21:00:00,37.18,297.08,2.75,11.31,14.07,NA,NA,1.15,39.65,NA,NA,NA,NA,NA,NA,NA,NA,NA,NA,NA,0.00,NA,NA,NA
2020-05-28 22:00:00,45.47,181.99,2.67,11.44,14.11,NA,NA,1.14,25.19,NA,NA,NA,NA,NA,NA,NA,NA,NA,NA,NA,0.00,NA,NA,NA
2020-05-28 23:00:00,17.56,37.95,2.70,11.40,14.10,NA,NA,1.07,24.45,NA,NA,NA,NA,NA,NA,NA,NA,NA,NA,NA,0.00,NA,NA,NA
2020-05-29 00:00:00,15.08,21.49,2.72,11.39,14.10,NA,NA,1.06,28.88,NA,NA,NA,NA,NA,NA,NA,NA,NA,NA,NA,0.00,NA,NA,NA
2020-05-29 01:00:00,18.63,37.91,2.65,11.33,13.99,NA,NA,1.06,28.09,NA,NA,NA,NA,NA,NA,NA,NA,NA,NA,NA,0.00,NA,NA,NA
2020-05-29 02:00:00,16.79,48.71,2.66,11.37,14.03,NA,NA,1.07,27.77,NA,NA,NA,NA,NA,NA,NA,NA,NA,NA,NA,0.00,NA,NA,NA
2020-05-29 03:00:00,14.76,39.62,2.71,11.40,14.12,NA,NA,1.04,28.44,NA,NA,NA,NA,NA,NA,NA,NA,NA,NA,NA,0.00,NA,NA,NA
2020-05-29 04:00:00,23.12,52.67,2.70,11.37,14.06,NA,NA,1.02,20.14,NA,NA,NA,NA,NA,NA,NA,NA,NA,NA,NA,0.00,NA,NA,NA
2020-05-29 05:00:00,8.54,30.49,2.64,11.37,14.01,NA,NA,1.07,28.10,NA,NA,NA,NA,NA,NA,NA,NA,NA,NA,NA,0.00,NA,NA,NA
2020-05-29 06:00:00,16.67,34.09,2.72,11.29,14.00,NA,NA,1.11,28.71,NA,NA,NA,NA,NA,NA,NA,NA,NA,NA,NA,0.00,NA,NA,NA
2020-05-29 07:00:00,23.78,47.11,2.70,11.38,14.08,NA,NA,1.18,23.54,NA,NA,NA,NA,NA,NA,NA,NA,NA,NA,NA,0.00,NA,NA,NA
2020-05-29 08:00:00,29.16,59.45,2.73,11.32,14.05,NA,NA,1.17,33.70,NA,NA,NA,NA,NA,NA,NA,NA,NA,NA,NA,0.00,NA,NA,NA
2020-05-29 09:00:00,31.27,69.79,2.68,11.37,14.05,NA,NA,1.20,31.39,NA,NA,NA,NA,NA,NA,NA,NA,NA,NA,NA,0.00,NA,NA,NA
2020-05-29 10:00:00,36.51,91.93,2.65,11.36,14.02,NA,NA,1.22,37.42,NA,NA,NA,NA,NA,NA,NA,NA,NA,NA,NA,0.00,NA,NA,NA
2020-05-29 11:00:00,34.57,84.79,2.72,11.25,13.96,NA,NA,1.19,37.79,NA,NA,NA,NA,NA,NA,NA,NA,NA,NA,NA,0.00,NA,NA,NA
2020-05-29 12:00:00,28.29,69.84,2.69,11.24,13.93,NA,NA,1.20,40.97,NA,NA,NA,NA,NA,NA,NA,NA,NA,NA,NA,0.00,NA,NA,NA
2020-05-29 13:00:00,33.20,79.24,2.72,11.34,14.06,NA,NA,1.14,44.49,NA,NA,NA,NA,NA,NA,NA,NA,NA,NA,NA,0.00,NA,NA,NA
2020-05-29 14:00:00,33.92,81.93,2.71,11.35,14.06,NA,NA,1.14,47.49,NA,NA,NA,NA,NA,NA,NA,NA,NA,NA,NA,0.00,NA,NA,NA
2020-05-29 15:00:00,40.93,79.66,2.72,11.40,14.13,NA,NA,1.18,48.75,NA,NA,NA,NA,NA,NA,NA,NA,NA,NA,NA,0.00,NA,NA,NA
2020-05-29 16:00:00,37.35,95.78,2.71,11.40,14.11,NA,NA,1.20,47.53,NA,NA,NA,NA,NA,NA,NA,NA,NA,NA,NA,0.00,NA,NA,NA
2020-05-29 17:00:00,47.00,105.25,2.71,11.45,14.16,NA,NA,1.26,34.04,NA,NA,NA,NA,NA,NA,NA,NA,NA,NA,NA,0.00,NA,NA,NA
2020-05-29 18:00:00,37.22,105.78,2.73,11.40,14.13,NA,NA,1.26,24.59,NA,NA,NA,NA,NA,NA,NA,NA,NA,NA,NA,0.00,NA,NA,NA
2020-05-29 19:00:00,25.74,32.74,2.76,11.37,14.12,NA,NA,1.19,23.80,NA,NA,NA,NA,NA,NA,NA,NA,NA,NA,NA,0.00,NA,NA,NA
2020-05-29 20:00:00,5.46,28.53,2.73,11.35,14.08,NA,NA,1.20,23.75,NA,NA,NA,NA,NA,NA,NA,NA,NA,NA,NA,0.00,NA,NA,NA
2020-05-29 21:00:00,11.17,27.31,2.69,11.32,14.01,NA,NA,1.21,24.21,NA,NA,NA,NA,NA,NA,NA,NA,NA,NA,NA,0.00,NA,NA,NA
2020-05-29 22:00:00,15.30,25.41,2.66,11.39,14.06,NA,NA,1.20,23.27,NA,NA,NA,NA,NA,NA,NA,NA,NA,NA,NA,0.00,NA,NA,NA
2020-05-29 23:00:00,30.78,39.66,2.71,11.37,14.07,NA,NA,1.23,18.21,NA,NA,NA,NA,NA,NA,NA,NA,NA,NA,NA,0.00,NA,NA,NA
2020-05-30 00:00:00,18.38,34.44,2.72,11.25,13.97,NA,NA,1.19,26.09,NA,NA,NA,NA,NA,NA,NA,NA,NA,NA,NA,0.00,NA,NA,NA
2020-05-30 01:00:00,22.83,29.97,2.66,11.43,14.09,NA,NA,1.19,27.16,NA,NA,NA,NA,NA,NA,NA,NA,NA,NA,NA,0.00,NA,NA,NA
2020-05-30 02:00:00,11.39,27.37,2.69,11.33,14.02,NA,NA,1.18,24.73,NA,NA,NA,NA,NA,NA,NA,NA,NA,NA,NA,0.00,NA,NA,NA
2020-05-30 03:00:00,12.86,22.44,2.71,11.41,14.12,NA,NA,1.19,19.61,NA,NA,NA,NA,NA,NA,NA,NA,NA,NA,NA,0.00,NA,NA,NA
2020-05-30 04:00:00,15.94,28.60,2.70,11.36,14.06,NA,NA,1.17,15.98,NA,NA,NA,NA,NA,NA,NA,NA,NA,NA,NA,0.00,NA,NA,NA
2020-05-30 05:00:00,15.91,27.31,2.67,11.42,14.09,NA,NA,1.13,21.43,NA,NA,NA,NA,NA,NA,NA,NA,NA,NA,NA,0.00,NA,NA,NA
2020-05-30 06:00:00,13.55,29.96,2.71,11.37,14.08,NA,NA,1.17,21.71,NA,NA,NA,NA,NA,NA,NA,NA,NA,NA,NA,0.00,NA,NA,NA
2020-05-30 07:00:00,18.31,39.85,2.69,11.33,14.01,NA,NA,1.23,23.02,NA,NA,NA,NA,NA,NA,NA,NA,NA,NA,NA,0.00,NA,NA,NA
2020-05-30 08:00:00,25.41,55.11,2.71,11.39,14.10,NA,NA,1.25,29.74,NA,NA,NA,NA,NA,NA,NA,NA,NA,NA,NA,0.00,NA,NA,NA
2020-05-30 09:00:00,36.31,53.15,2.77,11.33,14.10,NA,NA,1.26,30.60,NA,NA,NA,NA,NA,NA,NA,NA,NA,NA,NA,0.00,NA,NA,NA
2020-05-30 10:00:00,17.09,40.81,2.75,11.37,14.12,NA,NA,1.24,33.03,NA,NA,NA,NA,NA,NA,NA,NA,NA,NA,NA,0.00,NA,NA,NA
2020-05-30 11:00:00,26.10,46.63,2.73,11.45,14.18,NA,NA,1.24,37.12,NA,NA,NA,NA,NA,NA,NA,NA,NA,NA,NA,0.00,NA,NA,NA
2020-05-30 12:00:00,29.65,55.52,2.74,11.39,14.13,NA,NA,1.24,37.22,NA,NA,NA,NA,NA,NA,NA,NA,NA,NA,NA,0.00,NA,NA,NA
2020-05-30 13:00:00,31.92,48.64,2.72,11.38,14.10,NA,NA,1.27,37.46,NA,NA,NA,NA,NA,NA,NA,NA,NA,NA,NA,0.00,NA,NA,NA
2020-05-30 14:00:00,28.23,42.41,2.73,11.42,14.15,NA,NA,1.26,36.01,NA,NA,NA,NA,NA,NA,NA,NA,NA,NA,NA,0.00,NA,NA,NA
2020-05-30 15:00:00,24.49,50.69,2.83,11.33,14.15,NA,NA,1.23,39.16,NA,NA,NA,NA,NA,NA,NA,NA,NA,NA,NA,0.00,NA,NA,NA
2020-05-30 16:00:00,25.63,46.16,2.77,11.34,14.11,NA,NA,1.21,39.85,NA,NA,NA,NA,NA,NA,NA,NA,NA,NA,NA,0.00,NA,NA,NA
2020-05-30 17:00:00,24.80,55.54,2.83,11.30,14.13,NA,NA,1.22,43.44,NA,NA,NA,NA,NA,NA,NA,NA,NA,NA,NA,0.00,NA,NA,NA
2020-05-30 18:00:00,25.25,52.29,2.80,11.40,14.20,NA,NA,1.20,42.93,NA,NA,NA,NA,NA,NA,NA,NA,NA,NA,NA,0.00,NA,NA,NA
2020-05-30 19:00:00,23.47,51.77,2.80,11.40,14.20,NA,NA,1.20,41.56,NA,NA,NA,NA,NA,NA,NA,NA,NA,NA,NA,0.00,NA,NA,NA
2020-05-30 20:00:00,16.93,49.66,2.85,11.29,14.14,NA,NA,1.29,37.82,NA,NA,NA,NA,NA,NA,NA,NA,NA,NA,NA,0.00,NA,NA,NA
2020-05-30 21:00:00,32.41,65.28,2.80,11.33,14.13,NA,NA,1.36,32.95,NA,NA,NA,NA,NA,NA,NA,NA,NA,NA,NA,0.00,NA,NA,NA
2020-05-30 22:00:00,44.21,76.31,2.70,11.38,14.09,NA,NA,1.41,24.51,NA,NA,NA,NA,NA,NA,NA,NA,NA,NA,NA,0.00,NA,NA,NA
2020-05-30 23:00:00,46.42,58.58,2.65,11.46,14.11,NA,NA,1.41,20.73,NA,NA,NA,NA,NA,NA,NA,NA,NA,NA,NA,0.00,NA,NA,NA
2020-05-31 00:00:00,45.89,60.03,2.72,11.37,14.09,NA,NA,1.35,17.27,NA,NA,NA,NA,NA,NA,NA,NA,NA,NA,NA,0.00,NA,NA,NA
2020-05-31 01:00:00,40.80,60.62,2.76,11.28,14.04,NA,NA,1.33,15.69,NA,NA,NA,NA,NA,NA,NA,NA,NA,NA,NA,0.00,NA,NA,NA
2020-05-31 02:00:00,40.02,71.23,2.81,11.30,14.11,NA,NA,1.30,16.81,NA,NA,NA,NA,NA,NA,NA,NA,NA,NA,NA,0.00,NA,NA,NA
2020-05-31 03:00:00,37.29,59.35,2.75,11.29,14.03,NA,NA,1.21,16.86,NA,NA,NA,NA,NA,NA,NA,NA,NA,NA,NA,0.00,NA,NA,NA
2020-05-31 04:00:00,24.49,44.00,2.68,11.45,14.13,NA,NA,1.15,26.97,NA,NA,NA,NA,NA,NA,NA,NA,NA,NA,NA,0.00,NA,NA,NA
2020-05-31 05:00:00,1.41,5.93,2.70,11.42,14.12,NA,NA,1.12,25.53,NA,NA,NA,NA,NA,NA,NA,NA,NA,NA,NA,0.00,NA,NA,NA
2020-05-31 06:00:00,2.54,4.75,2.75,11.26,14.01,NA,NA,1.14,21.07,NA,NA,NA,NA,NA,NA,NA,NA,NA,NA,NA,0.00,NA,NA,NA
2020-05-31 07:00:00,3.95,8.19,2.73,11.29,14.02,NA,NA,1.14,23.79,NA,NA,NA,NA,NA,NA,NA,NA,NA,NA,NA,0.00,NA,NA,NA
2020-05-31 08:00:00,5.56,18.05,2.68,11.44,14.12,NA,NA,1.21,27.33,NA,NA,NA,NA,NA,NA,NA,NA,NA,NA,NA,0.00,NA,NA,NA
2020-05-31 09:00:00,26.83,48.13,2.64,11.42,14.05,NA,NA,1.14,29.15,NA,NA,NA,NA,NA,NA,NA,NA,NA,NA,NA,0.00,NA,NA,NA
2020-05-31 10:00:00,38.48,72.68,2.77,11.36,14.14,NA,NA,1.21,33.40,NA,NA,NA,NA,NA,NA,NA,NA,NA,NA,NA,0.00,NA,NA,NA
2020-05-31 11:00:00,36.32,71.67,2.71,11.37,14.08,NA,NA,1.20,40.22,NA,NA,NA,NA,NA,NA,NA,NA,NA,NA,NA,0.00,NA,NA,NA
2020-05-31 12:00:00,28.44,64.61,2.77,11.34,14.11,NA,NA,1.20,39.35,NA,NA,NA,NA,NA,NA,NA,NA,NA,NA,NA,0.00,NA,NA,NA
2020-05-31 13:00:00,27.51,63.16,2.77,11.38,14.14,NA,NA,1.19,41.13,NA,NA,NA,NA,NA,NA,NA,NA,NA,NA,NA,0.00,NA,NA,NA
2020-05-31 14:00:00,25.14,52.90,2.70,11.35,14.05,NA,NA,1.19,39.34,NA,NA,NA,NA,NA,NA,NA,NA,NA,NA,NA,0.00,NA,NA,NA
2020-05-31 15:00:00,31.02,62.02,2.84,11.38,14.23,NA,NA,1.18,37.61,NA,NA,NA,NA,NA,NA,NA,NA,NA,NA,NA,0.00,NA,NA,NA
2020-05-31 16:00:00,31.47,79.51,2.81,11.37,14.18,NA,NA,1.17,35.11,NA,NA,NA,NA,NA,NA,NA,NA,NA,NA,NA,0.00,NA,NA,NA
2020-05-31 17:00:00,32.35,82.97,2.84,11.48,14.31,NA,NA,1.13,30.79,NA,NA,NA,NA,NA,NA,NA,NA,NA,NA,NA,0.00,NA,NA,NA
2020-05-31 18:00:00,NA,NA,NA,NA,NA,NA,NA,NA,NA,NA,NA,NA,NA,NA,NA,NA,NA,NA,NA,NA,0.00,NA,NA,NA
2020-05-31 19:00:00,19.06,51.93,362.63,106.97,255.00,NA,NA,1.56,7.95,NA,NA,NA,NA,NA,NA,NA,NA,NA,NA,NA,0.00,NA,NA,NA
2020-05-31 20:00:00,NA,NA,5.59,12.08,17.69,NA,NA,1.41,26.64,NA,NA,NA,NA,NA,NA,NA,NA,NA,NA,NA,0.00,NA,NA,NA
2020-05-31 21:00:00,NA,NA,2.67,11.36,14.03,NA,NA,1.23,27.57,NA,NA,NA,NA,NA,NA,NA,NA,NA,NA,NA,0.00,NA,NA,NA
2020-05-31 22:00:00,NA,NA,2.36,11.21,13.57,NA,NA,1.22,25.34,NA,NA,NA,NA,NA,NA,NA,NA,NA,NA,NA,0.00,NA,NA,NA
2020-05-31 23:00:00,NA,NA,2.27,11.25,13.52,NA,NA,1.24,18.68,NA,NA,NA,NA,NA,NA,NA,NA,NA,NA,NA,0.00,NA,NA,NA
2020-06-01 00:00:00,NA,NA,2.25,11.29,13.54,NA,NA,1.32,8.92,NA,NA,NA,NA,NA,NA,NA,NA,NA,NA,NA,0.00,NA,NA,NA
2020-06-01 01:00:00,2.19,2.81,2.28,11.23,13.52,NA,NA,1.36,8.26,NA,NA,NA,NA,NA,NA,NA,NA,NA,NA,NA,0.00,NA,NA,NA
2020-06-01 02:00:00,NA,3.76,2.35,11.19,13.54,NA,NA,1.36,4.91,NA,NA,NA,NA,NA,NA,NA,NA,NA,NA,NA,0.00,NA,NA,NA
2020-06-01 03:00:00,6.19,16.30,2.32,11.27,13.59,NA,NA,1.34,3.58,NA,NA,NA,NA,NA,NA,NA,NA,NA,NA,NA,0.00,NA,NA,NA
2020-06-01 04:00:00,11.04,13.27,2.32,11.29,13.61,NA,NA,1.40,3.57,NA,NA,NA,NA,NA,NA,NA,NA,NA,NA,NA,0.00,NA,NA,NA
2020-06-01 05:00:00,14.40,20.06,2.37,11.16,13.53,NA,NA,1.41,3.99,NA,NA,NA,NA,NA,NA,NA,NA,NA,NA,NA,0.00,NA,NA,NA
2020-06-01 06:00:00,12.04,7.51,2.34,11.37,13.71,NA,NA,1.37,4.40,NA,NA,NA,NA,NA,NA,NA,NA,NA,NA,NA,0.00,NA,NA,NA
2020-06-01 07:00:00,20.53,43.22,2.40,11.35,13.75,NA,NA,1.45,11.41,NA,NA,NA,NA,NA,NA,NA,NA,NA,NA,NA,0.00,NA,NA,NA
2020-06-01 08:00:00,36.51,37.63,2.42,11.26,13.68,NA,NA,1.42,18.05,NA,NA,NA,NA,NA,NA,NA,NA,NA,NA,NA,0.00,NA,NA,NA
2020-06-01 09:00:00,50.79,42.75,2.36,11.31,13.67,NA,NA,1.35,27.79,NA,NA,NA,NA,NA,NA,NA,NA,NA,NA,NA,0.00,NA,NA,NA
2020-06-01 10:00:00,14.17,39.45,2.43,11.30,13.73,NA,NA,1.28,34.59,NA,NA,NA,NA,NA,NA,NA,NA,NA,NA,NA,0.00,NA,NA,NA
2020-06-01 11:00:00,25.39,50.94,2.37,11.26,13.64,NA,NA,1.30,36.74,NA,NA,NA,NA,NA,NA,NA,NA,NA,NA,NA,0.00,NA,NA,NA
2020-06-01 12:00:00,36.59,59.78,2.39,11.31,13.69,NA,NA,1.32,41.92,NA,NA,NA,NA,NA,NA,NA,NA,NA,NA,NA,0.00,NA,NA,NA
2020-06-01 13:00:00,36.38,64.25,2.43,11.22,13.65,NA,NA,1.33,48.64,NA,NA,NA,NA,NA,NA,NA,NA,NA,NA,NA,0.00,NA,NA,NA
2020-06-01 14:00:00,33.59,58.05,2.35,11.46,13.81,NA,NA,1.35,50.62,NA,NA,NA,NA,NA,NA,NA,NA,NA,NA,NA,0.00,NA,NA,NA
2020-06-01 15:00:00,64.07,111.48,2.42,11.20,13.63,NA,NA,1.44,58.98,NA,NA,NA,NA,NA,NA,NA,NA,NA,NA,NA,0.00,NA,NA,NA
2020-06-01 16:00:00,58.00,98.23,2.36,11.33,13.70,NA,NA,1.42,57.23,NA,NA,NA,NA,NA,NA,NA,NA,NA,NA,NA,0.00,NA,NA,NA
2020-06-01 17:00:00,56.47,101.05,2.45,11.17,13.63,NA,NA,1.42,57.73,NA,NA,NA,NA,NA,NA,NA,NA,NA,NA,NA,0.00,NA,NA,NA
2020-06-01 18:00:00,55.82,103.79,2.39,11.34,13.73,NA,NA,1.46,55.63,NA,NA,NA,NA,NA,NA,NA,NA,NA,NA,NA,0.00,NA,NA,NA
2020-06-01 19:00:00,58.97,99.02,2.44,11.29,13.73,NA,NA,1.48,35.75,NA,NA,NA,NA,NA,NA,NA,NA,NA,NA,NA,0.00,NA,NA,NA
2020-06-01 20:00:00,69.12,102.53,2.45,11.26,13.71,NA,NA,1.42,17.19,NA,NA,NA,NA,NA,NA,NA,NA,NA,NA,NA,0.00,NA,NA,NA
2020-06-01 21:00:00,69.36,104.36,2.49,11.20,13.69,NA,NA,1.47,13.17,NA,NA,NA,NA,NA,NA,NA,NA,NA,NA,NA,0.00,NA,NA,NA
2020-06-01 22:00:00,80.29,116.22,2.41,11.23,13.64,NA,NA,1.52,14.44,NA,NA,NA,NA,NA,NA,NA,NA,NA,NA,NA,0.00,NA,NA,NA
2020-06-01 23:00:00,87.89,133.53,2.38,11.25,13.63,NA,NA,1.60,21.22,NA,NA,NA,NA,NA,NA,NA,NA,NA,NA,NA,0.00,NA,NA,NA
2020-06-02 00:00:00,90.18,141.12,2.42,11.27,13.69,NA,NA,1.71,15.12,NA,NA,NA,NA,NA,NA,NA,NA,NA,NA,NA,0.00,NA,NA,NA
2020-06-02 01:00:00,98.25,169.26,2.42,11.30,13.73,NA,NA,1.73,8.10,NA,NA,NA,NA,NA,NA,NA,NA,NA,NA,NA,0.00,NA,NA,NA
2020-06-02 02:00:00,87.85,150.08,2.45,11.31,13.76,NA,NA,1.74,10.90,NA,NA,NA,NA,NA,NA,NA,NA,NA,NA,NA,0.00,NA,NA,NA
2020-06-02 03:00:00,88.80,141.24,2.41,11.29,13.70,NA,NA,1.76,7.79,NA,NA,NA,NA,NA,NA,NA,NA,NA,NA,NA,0.00,NA,NA,NA
2020-06-02 04:00:00,125.99,188.66,2.39,11.28,13.67,NA,NA,1.77,12.22,NA,NA,NA,NA,NA,NA,NA,NA,NA,NA,NA,0.00,NA,NA,NA
2020-06-02 05:00:00,88.66,141.72,2.43,11.24,13.67,NA,NA,1.67,9.21,NA,NA,NA,NA,NA,NA,NA,NA,NA,NA,NA,0.00,NA,NA,NA
2020-06-02 06:00:00,29.16,52.69,2.45,11.19,13.64,NA,NA,1.44,14.22,NA,NA,NA,NA,NA,NA,NA,NA,NA,NA,NA,0.00,NA,NA,NA
2020-06-02 07:00:00,23.00,56.34,2.41,11.29,13.70,NA,NA,1.37,21.07,NA,NA,NA,NA,NA,NA,NA,NA,NA,NA,NA,0.00,NA,NA,NA
2020-06-02 08:00:00,11.88,31.23,2.47,11.29,13.76,NA,NA,1.31,29.61,NA,NA,NA,NA,NA,NA,NA,NA,NA,NA,NA,0.00,NA,NA,NA
2020-06-02 09:00:00,11.09,84.94,2.44,11.26,13.70,NA,NA,1.38,32.73,NA,NA,NA,NA,NA,NA,NA,NA,NA,NA,NA,0.00,NA,NA,NA
2020-06-02 10:00:00,23.69,76.70,2.48,11.26,13.74,NA,NA,1.42,38.75,NA,NA,NA,NA,NA,NA,NA,NA,NA,NA,NA,0.00,NA,NA,NA
2020-06-02 11:00:00,38.85,73.40,2.45,11.26,13.72,NA,NA,1.37,40.33,NA,NA,NA,NA,NA,NA,NA,NA,NA,NA,NA,0.00,NA,NA,NA
2020-06-02 12:00:00,36.50,94.66,2.44,11.35,13.79,NA,NA,1.36,44.75,NA,NA,NA,NA,NA,NA,NA,NA,NA,NA,NA,0.00,NA,NA,NA
2020-06-02 13:00:00,32.67,81.26,2.51,11.26,13.77,NA,NA,1.34,46.01,NA,NA,NA,NA,NA,NA,NA,NA,NA,NA,NA,0.00,NA,NA,NA
2020-06-02 14:00:00,35.63,88.34,2.43,11.39,13.82,NA,NA,1.37,52.79,NA,NA,NA,NA,NA,NA,NA,NA,NA,NA,NA,0.00,NA,NA,NA
2020-06-02 15:00:00,37.71,96.08,2.50,11.20,13.69,NA,NA,1.34,50.73,NA,NA,NA,NA,NA,NA,NA,NA,NA,NA,NA,0.00,NA,NA,NA
2020-06-02 16:00:00,28.31,79.50,2.43,11.39,13.82,NA,NA,1.31,47.68,NA,NA,NA,NA,NA,NA,NA,NA,NA,NA,NA,0.00,NA,NA,NA
2020-06-02 17:00:00,31.64,79.15,2.43,11.34,13.78,NA,NA,1.22,46.43,NA,NA,NA,NA,NA,NA,NA,NA,NA,NA,NA,0.00,NA,NA,NA
2020-06-02 18:00:00,23.80,77.27,2.50,11.29,13.79,NA,NA,1.26,43.04,NA,NA,NA,NA,NA,NA,NA,NA,NA,NA,NA,0.00,NA,NA,NA
2020-06-02 19:00:00,24.94,74.06,2.49,11.33,13.82,NA,NA,1.31,31.72,NA,NA,NA,NA,NA,NA,NA,NA,NA,NA,NA,0.00,NA,NA,NA
2020-06-02 20:00:00,24.24,98.45,2.49,11.30,13.79,NA,NA,1.23,35.87,NA,NA,NA,NA,NA,NA,NA,NA,NA,NA,NA,0.00,NA,NA,NA
2020-06-02 21:00:00,19.57,49.36,2.45,11.30,13.75,NA,NA,1.25,28.11,NA,NA,NA,NA,NA,NA,NA,NA,NA,NA,NA,0.00,NA,NA,NA
2020-06-02 22:00:00,27.81,56.13,2.46,11.25,13.70,NA,NA,1.22,20.66,NA,NA,NA,NA,NA,NA,NA,NA,NA,NA,NA,0.00,NA,NA,NA
2020-06-02 23:00:00,24.05,63.12,2.52,11.23,13.75,NA,NA,1.23,15.73,NA,NA,NA,NA,NA,NA,NA,NA,NA,NA,NA,0.00,NA,NA,NA
2020-06-03 00:00:00,19.91,50.11,2.44,11.28,13.72,NA,NA,1.24,14.69,NA,NA,NA,NA,NA,NA,NA,NA,NA,NA,NA,0.00,NA,NA,NA
2020-06-03 01:00:00,25.86,54.09,2.51,11.21,13.72,NA,NA,1.20,13.42,NA,NA,NA,NA,NA,NA,NA,NA,NA,NA,NA,0.00,NA,NA,NA
2020-06-03 02:00:00,36.46,83.00,2.48,11.20,13.68,NA,NA,1.30,12.91,NA,NA,NA,NA,NA,NA,NA,NA,NA,NA,NA,0.00,NA,NA,NA
2020-06-03 03:00:00,38.09,100.21,2.46,11.25,13.71,NA,NA,1.30,9.08,NA,NA,NA,NA,NA,NA,NA,NA,NA,NA,NA,0.00,NA,NA,NA
2020-06-03 04:00:00,39.73,94.60,2.44,11.29,13.74,NA,NA,1.32,5.19,NA,NA,NA,NA,NA,NA,NA,NA,NA,NA,NA,0.00,NA,NA,NA
2020-06-03 05:00:00,39.44,83.71,2.48,11.32,13.80,NA,NA,1.27,4.15,NA,NA,NA,NA,NA,NA,NA,NA,NA,NA,NA,0.00,NA,NA,NA
2020-06-03 06:00:00,37.33,79.15,2.44,11.32,13.77,NA,NA,1.31,6.80,NA,NA,NA,NA,NA,NA,NA,NA,NA,NA,NA,0.00,NA,NA,NA
2020-06-03 07:00:00,66.07,111.56,2.47,11.31,13.78,NA,NA,1.42,20.04,NA,NA,NA,NA,NA,NA,NA,NA,NA,NA,NA,0.00,NA,NA,NA
2020-06-03 08:00:00,76.01,128.35,2.53,11.24,13.76,NA,NA,1.42,30.45,NA,NA,NA,NA,NA,NA,NA,NA,NA,NA,NA,0.00,NA,NA,NA
2020-06-03 09:00:00,72.34,135.46,2.47,11.33,13.81,NA,NA,1.51,40.59,NA,NA,NA,NA,NA,NA,NA,NA,NA,NA,NA,0.00,NA,NA,NA
2020-06-03 10:00:00,87.41,156.29,2.51,11.31,13.82,NA,NA,1.46,44.77,NA,NA,NA,NA,NA,NA,NA,NA,NA,NA,NA,0.00,NA,NA,NA
2020-06-03 11:00:00,70.50,169.54,2.55,11.32,13.86,NA,NA,1.32,43.35,NA,NA,NA,NA,NA,NA,NA,NA,NA,NA,NA,0.00,NA,NA,NA
2020-06-03 12:00:00,55.72,133.42,2.57,11.27,13.85,NA,NA,1.25,47.90,NA,NA,NA,NA,NA,NA,NA,NA,NA,NA,NA,0.00,NA,NA,NA
2020-06-03 13:00:00,54.12,126.58,2.55,11.34,13.90,NA,NA,1.26,56.17,NA,NA,NA,NA,NA,NA,NA,NA,NA,NA,NA,0.00,NA,NA,NA
2020-06-03 14:00:00,43.39,116.40,2.52,11.29,13.81,NA,NA,1.21,57.62,NA,NA,NA,NA,NA,NA,NA,NA,NA,NA,NA,0.00,NA,NA,NA
2020-06-03 15:00:00,51.80,109.70,2.59,11.29,13.88,NA,NA,1.09,53.29,NA,NA,NA,NA,NA,NA,NA,NA,NA,NA,NA,0.00,NA,NA,NA
2020-06-03 16:00:00,37.93,113.61,2.56,11.27,13.83,NA,NA,1.15,44.60,NA,NA,NA,NA,NA,NA,NA,NA,NA,NA,NA,0.00,NA,NA,NA
2020-06-03 17:00:00,30.36,110.90,2.54,11.27,13.81,NA,NA,1.19,47.30,NA,NA,NA,NA,NA,NA,NA,NA,NA,NA,NA,0.00,NA,NA,NA
2020-06-03 18:00:00,31.13,109.05,2.49,11.36,13.85,NA,NA,1.16,35.99,NA,NA,NA,NA,NA,NA,NA,NA,NA,NA,NA,0.00,NA,NA,NA
2020-06-03 19:00:00,22.91,87.41,2.56,11.39,13.95,NA,NA,1.16,29.81,NA,NA,NA,NA,NA,NA,NA,NA,NA,NA,NA,0.00,NA,NA,NA
2020-06-03 20:00:00,34.68,96.76,2.55,11.32,13.87,NA,NA,1.19,18.40,NA,NA,NA,NA,NA,NA,NA,NA,NA,NA,NA,0.00,NA,NA,NA
2020-06-03 21:00:00,38.30,91.22,2.57,11.28,13.86,NA,NA,1.14,16.20,NA,NA,NA,NA,NA,NA,NA,NA,NA,NA,NA,0.00,NA,NA,NA
2020-06-03 22:00:00,37.14,106.41,2.50,11.25,13.75,NA,NA,1.28,12.55,NA,NA,NA,NA,NA,NA,NA,NA,NA,NA,NA,0.00,NA,NA,NA
2020-06-03 23:00:00,49.04,109.52,2.46,11.28,13.74,NA,NA,1.27,8.57,NA,NA,NA,NA,NA,NA,NA,NA,NA,NA,NA,0.00,NA,NA,NA
2020-06-04 00:00:00,40.47,102.93,2.52,11.23,13.74,NA,NA,1.24,8.55,NA,NA,NA,NA,NA,NA,NA,NA,NA,NA,NA,0.00,NA,NA,NA
2020-06-04 01:00:00,39.22,93.17,2.51,11.23,13.75,NA,NA,1.20,8.19,NA,NA,NA,NA,NA,NA,NA,NA,NA,NA,NA,0.00,NA,NA,NA
2020-06-04 02:00:00,32.48,83.54,2.52,11.31,13.83,NA,NA,1.18,7.71,NA,NA,NA,NA,NA,NA,NA,NA,NA,NA,NA,0.00,NA,NA,NA
2020-06-04 03:00:00,40.05,86.37,2.48,11.26,13.74,NA,NA,1.22,5.46,NA,NA,NA,NA,NA,NA,NA,NA,NA,NA,NA,0.00,NA,NA,NA
2020-06-04 04:00:00,36.06,92.73,2.53,11.32,13.84,NA,NA,1.28,6.11,NA,NA,NA,NA,NA,NA,NA,NA,NA,NA,NA,0.00,NA,NA,NA
2020-06-04 05:00:00,56.39,104.00,2.55,11.25,13.80,NA,NA,1.28,7.15,NA,NA,NA,NA,NA,NA,NA,NA,NA,NA,NA,0.00,NA,NA,NA
2020-06-04 06:00:00,58.73,120.27,2.48,11.30,13.77,NA,NA,1.37,7.16,NA,NA,NA,NA,NA,NA,NA,NA,NA,NA,NA,0.00,NA,NA,NA
2020-06-04 07:00:00,131.38,200.83,2.44,11.31,13.75,NA,NA,1.60,11.62,NA,NA,NA,NA,NA,NA,NA,NA,NA,NA,NA,0.00,NA,NA,NA
2020-06-04 08:00:00,162.77,270.35,2.51,11.33,13.84,NA,NA,1.74,20.00,NA,NA,NA,NA,NA,NA,NA,NA,NA,NA,NA,0.00,NA,NA,NA
2020-06-04 09:00:00,87.84,260.64,2.48,11.36,13.84,NA,NA,1.57,26.44,NA,NA,NA,NA,NA,NA,NA,NA,NA,NA,NA,0.00,NA,NA,NA
2020-06-04 10:00:00,5.88,139.37,2.49,11.45,13.94,NA,NA,1.45,37.56,NA,NA,NA,NA,NA,NA,NA,NA,NA,NA,NA,0.00,NA,NA,NA
2020-06-04 11:00:00,17.55,134.44,2.48,11.32,13.80,NA,NA,1.32,42.74,NA,NA,NA,NA,NA,NA,NA,NA,NA,NA,NA,0.00,NA,NA,NA
2020-06-04 12:00:00,32.27,128.17,2.51,11.35,13.86,NA,NA,1.33,39.96,NA,NA,NA,NA,NA,NA,NA,NA,NA,NA,NA,0.00,NA,NA,NA
2020-06-04 13:00:00,51.27,137.00,2.56,11.34,13.89,NA,NA,1.43,42.85,NA,NA,NA,NA,NA,NA,NA,NA,NA,NA,NA,0.00,NA,NA,NA
2020-06-04 14:00:00,75.01,135.64,2.51,11.36,13.87,NA,NA,1.40,42.60,NA,NA,NA,NA,NA,NA,NA,NA,NA,NA,NA,0.00,NA,NA,NA
2020-06-04 15:00:00,73.25,134.57,2.52,11.32,13.85,NA,NA,1.49,45.36,NA,NA,NA,NA,NA,NA,NA,NA,NA,NA,NA,0.00,NA,NA,NA
2020-06-04 16:00:00,84.18,160.25,2.49,11.39,13.88,NA,NA,1.42,38.73,NA,NA,NA,NA,NA,NA,NA,NA,NA,NA,NA,0.00,NA,NA,NA
2020-06-04 17:00:00,56.84,118.30,2.61,11.31,13.92,NA,NA,1.22,28.89,NA,NA,NA,NA,NA,NA,NA,NA,NA,NA,NA,0.00,NA,NA,NA
2020-06-04 18:00:00,32.75,57.74,2.54,11.33,13.87,NA,NA,1.31,29.08,NA,NA,NA,NA,NA,NA,NA,NA,NA,NA,NA,0.00,NA,NA,NA
2020-06-04 19:00:00,42.62,74.03,2.51,11.34,13.84,NA,NA,1.31,24.34,NA,NA,NA,NA,NA,NA,NA,NA,NA,NA,NA,0.00,NA,NA,NA
2020-06-04 20:00:00,50.61,71.07,2.53,11.22,13.75,NA,NA,1.27,25.12,NA,NA,NA,NA,NA,NA,NA,NA,NA,NA,NA,0.00,NA,NA,NA
2020-06-04 21:00:00,51.63,71.34,2.51,11.29,13.79,NA,NA,1.30,20.02,NA,NA,NA,NA,NA,NA,NA,NA,NA,NA,NA,0.00,NA,NA,NA
2020-06-04 22:00:00,58.72,92.18,2.50,11.39,13.89,NA,NA,1.27,17.68,NA,NA,NA,NA,NA,NA,NA,NA,NA,NA,NA,0.00,NA,NA,NA
2020-06-04 23:00:00,59.78,83.69,2.50,11.36,13.85,NA,NA,1.31,16.51,NA,NA,NA,NA,NA,NA,NA,NA,NA,NA,NA,0.00,NA,NA,NA
2020-06-05 00:00:00,60.44,93.90,2.51,11.25,13.77,NA,NA,1.33,13.40,NA,NA,NA,NA,NA,NA,NA,NA,NA,NA,NA,0.00,NA,NA,NA
2020-06-05 01:00:00,54.01,89.02,2.53,11.28,13.82,NA,NA,1.32,7.69,NA,NA,NA,NA,NA,NA,NA,NA,NA,NA,NA,0.00,NA,NA,NA
2020-06-05 02:00:00,47.98,80.27,2.48,11.28,13.77,NA,NA,1.32,9.22,NA,NA,NA,NA,NA,NA,NA,NA,NA,NA,NA,0.00,NA,NA,NA
2020-06-05 03:00:00,48.58,74.45,2.52,11.43,13.95,NA,NA,1.29,6.07,NA,NA,NA,NA,NA,NA,NA,NA,NA,NA,NA,0.00,NA,NA,NA
2020-06-05 04:00:00,46.88,70.15,2.54,11.28,13.82,NA,NA,1.32,6.47,NA,NA,NA,NA,NA,NA,NA,NA,NA,NA,NA,0.00,NA,NA,NA
2020-06-05 05:00:00,44.22,70.07,2.58,11.25,13.83,NA,NA,1.30,5.40,NA,NA,NA,NA,NA,NA,NA,NA,NA,NA,NA,0.00,NA,NA,NA
2020-06-05 06:00:00,38.74,67.47,2.53,11.33,13.86,NA,NA,1.33,7.58,NA,NA,NA,NA,NA,NA,NA,NA,NA,NA,NA,0.00,NA,NA,NA
2020-06-05 07:00:00,39.15,96.14,2.54,11.28,13.82,NA,NA,1.33,14.67,NA,NA,NA,NA,NA,NA,NA,NA,NA,NA,NA,0.00,NA,NA,NA
2020-06-05 08:00:00,31.32,40.21,2.54,11.18,13.73,NA,NA,1.23,23.61,NA,NA,NA,NA,NA,NA,NA,NA,NA,NA,NA,0.00,NA,NA,NA
2020-06-05 09:00:00,34.29,53.29,2.53,11.35,13.87,NA,NA,1.22,28.35,NA,NA,NA,NA,NA,NA,NA,NA,NA,NA,NA,0.00,NA,NA,NA
2020-06-05 10:00:00,35.24,56.31,2.51,11.29,13.80,NA,NA,1.18,30.65,NA,NA,NA,NA,NA,NA,NA,NA,NA,NA,NA,0.00,NA,NA,NA
2020-06-05 11:00:00,30.06,52.01,2.57,11.27,13.84,NA,NA,1.15,32.40,NA,NA,NA,NA,NA,NA,NA,NA,NA,NA,NA,0.00,NA,NA,NA
2020-06-05 12:00:00,25.07,45.01,2.57,11.26,13.83,NA,NA,1.15,32.52,NA,NA,NA,NA,NA,NA,NA,NA,NA,NA,NA,0.00,NA,NA,NA
2020-06-05 13:00:00,30.46,46.11,2.54,11.34,13.88,NA,NA,1.16,34.28,NA,NA,NA,NA,NA,NA,NA,NA,NA,NA,NA,0.00,NA,NA,NA
2020-06-05 14:00:00,28.06,61.00,2.61,11.30,13.91,NA,NA,1.17,36.81,NA,NA,NA,NA,NA,NA,NA,NA,NA,NA,NA,0.00,NA,NA,NA
2020-06-05 15:00:00,37.22,56.61,2.60,11.33,13.93,NA,NA,1.18,38.35,NA,NA,NA,NA,NA,NA,NA,NA,NA,NA,NA,0.00,NA,NA,NA
2020-06-05 16:00:00,40.84,86.70,2.58,11.27,13.85,NA,NA,1.19,36.72,NA,NA,NA,NA,NA,NA,NA,NA,NA,NA,NA,0.00,NA,NA,NA
2020-06-05 17:00:00,17.28,31.24,2.65,11.27,13.91,NA,NA,1.17,32.88,NA,NA,NA,NA,NA,NA,NA,NA,NA,NA,NA,0.00,NA,NA,NA
2020-06-05 18:00:00,4.85,0.81,2.56,11.33,13.90,NA,NA,1.10,22.97,NA,NA,NA,NA,NA,NA,NA,NA,NA,NA,NA,0.00,NA,NA,NA
2020-06-05 19:00:00,21.48,27.58,2.49,11.35,13.84,NA,NA,1.29,16.52,NA,NA,NA,NA,NA,NA,NA,NA,NA,NA,NA,0.00,NA,NA,NA
2020-06-05 20:00:00,26.96,43.48,2.55,11.23,13.79,NA,NA,1.32,9.29,NA,NA,NA,NA,NA,NA,NA,NA,NA,NA,NA,0.00,NA,NA,NA
2020-06-05 21:00:00,38.96,46.45,2.52,11.32,13.84,NA,NA,1.55,9.72,NA,NA,NA,NA,NA,NA,NA,NA,NA,NA,NA,0.00,NA,NA,NA
2020-06-05 22:00:00,58.40,82.77,2.53,11.30,13.83,NA,NA,1.40,13.69,NA,NA,NA,NA,NA,NA,NA,NA,NA,NA,NA,0.00,NA,NA,NA
2020-06-05 23:00:00,60.17,86.02,2.59,11.41,14.00,NA,NA,1.33,12.27,NA,NA,NA,NA,NA,NA,NA,NA,NA,NA,NA,0.00,NA,NA,NA
2020-06-06 00:00:00,47.96,77.54,2.59,11.27,13.86,NA,NA,1.36,13.64,NA,NA,NA,NA,NA,NA,NA,NA,NA,NA,NA,0.00,NA,NA,NA
2020-06-06 01:00:00,54.17,92.44,2.51,11.41,13.92,NA,NA,1.36,18.19,NA,NA,NA,NA,NA,NA,NA,NA,NA,NA,NA,0.00,NA,NA,NA
2020-06-06 02:00:00,38.10,78.29,2.54,11.26,13.80,NA,NA,1.31,18.13,NA,NA,NA,NA,NA,NA,NA,NA,NA,NA,NA,0.00,NA,NA,NA
2020-06-06 03:00:00,32.19,50.73,2.53,11.33,13.86,NA,NA,1.31,16.95,NA,NA,NA,NA,NA,NA,NA,NA,NA,NA,NA,0.00,NA,NA,NA
2020-06-06 04:00:00,24.71,50.63,2.54,11.29,13.82,NA,NA,1.28,16.50,NA,NA,NA,NA,NA,NA,NA,NA,NA,NA,NA,0.00,NA,NA,NA
2020-06-06 05:00:00,30.57,46.29,2.52,11.26,13.78,NA,NA,1.17,14.82,NA,NA,NA,NA,NA,NA,NA,NA,NA,NA,NA,0.00,NA,NA,NA
2020-06-06 06:00:00,38.45,65.52,2.59,11.23,13.82,NA,NA,1.22,12.49,NA,NA,NA,NA,NA,NA,NA,NA,NA,NA,NA,0.00,NA,NA,NA
2020-06-06 07:00:00,33.69,70.11,2.56,11.27,13.83,NA,NA,1.28,16.70,NA,NA,NA,NA,NA,NA,NA,NA,NA,NA,NA,0.00,NA,NA,NA
2020-06-06 08:00:00,44.61,61.19,2.56,11.32,13.88,NA,NA,1.25,21.41,NA,NA,NA,NA,NA,NA,NA,NA,NA,NA,NA,0.00,NA,NA,NA
2020-06-06 09:00:00,33.27,57.79,2.61,11.27,13.88,NA,NA,1.25,25.55,NA,NA,NA,NA,NA,NA,NA,NA,NA,NA,NA,0.00,NA,NA,NA
2020-06-06 10:00:00,46.41,64.76,2.58,11.32,13.89,NA,NA,1.26,28.06,NA,NA,NA,NA,NA,NA,NA,NA,NA,NA,NA,0.00,NA,NA,NA
2020-06-06 11:00:00,42.15,81.39,2.72,11.34,14.07,NA,NA,1.26,31.81,NA,NA,NA,NA,NA,NA,NA,NA,NA,NA,NA,0.00,NA,NA,NA
2020-06-06 12:00:00,44.48,90.67,2.63,11.32,13.95,NA,NA,1.25,34.67,NA,NA,NA,NA,NA,NA,NA,NA,NA,NA,NA,0.00,NA,NA,NA
2020-06-06 13:00:00,43.87,91.95,2.53,11.36,13.89,NA,NA,1.25,38.58,NA,NA,NA,NA,NA,NA,NA,NA,NA,NA,NA,0.00,NA,NA,NA
2020-06-06 14:00:00,43.38,76.99,2.62,11.33,13.94,NA,NA,1.24,42.07,NA,NA,NA,NA,NA,NA,NA,NA,NA,NA,NA,0.00,NA,NA,NA
2020-06-06 15:00:00,38.08,83.68,2.65,11.29,13.94,NA,NA,1.14,40.47,NA,NA,NA,NA,NA,NA,NA,NA,NA,NA,NA,0.00,NA,NA,NA
2020-06-06 16:00:00,31.30,65.58,2.63,11.32,13.95,NA,NA,1.14,37.91,NA,NA,NA,NA,NA,NA,NA,NA,NA,NA,NA,0.00,NA,NA,NA
2020-06-06 17:00:00,34.14,71.71,2.59,11.37,13.96,NA,NA,1.13,38.11,NA,NA,NA,NA,NA,NA,NA,NA,NA,NA,NA,0.00,NA,NA,NA
2020-06-06 18:00:00,36.93,87.18,2.61,11.26,13.87,NA,NA,1.14,33.94,NA,NA,NA,NA,NA,NA,NA,NA,NA,NA,NA,0.00,NA,NA,NA
2020-06-06 19:00:00,25.05,65.37,2.55,11.29,13.84,NA,NA,1.09,28.18,NA,NA,NA,NA,NA,NA,NA,NA,NA,NA,NA,0.00,NA,NA,NA
2020-06-06 20:00:00,22.30,60.95,2.53,11.37,13.90,NA,NA,1.18,19.27,NA,NA,NA,NA,NA,NA,NA,NA,NA,NA,NA,0.00,NA,NA,NA
2020-06-06 21:00:00,30.39,66.98,2.56,11.32,13.89,NA,NA,1.22,16.42,NA,NA,NA,NA,NA,NA,NA,NA,NA,NA,NA,0.00,NA,NA,NA
2020-06-06 22:00:00,32.49,63.78,2.59,11.33,13.92,NA,NA,1.22,11.99,NA,NA,NA,NA,NA,NA,NA,NA,NA,NA,NA,0.00,NA,NA,NA
2020-06-06 23:00:00,37.80,61.57,2.56,11.33,13.88,NA,NA,1.20,12.51,NA,NA,NA,NA,NA,NA,NA,NA,NA,NA,NA,0.00,NA,NA,NA
2020-06-07 00:00:00,35.94,74.00,2.57,11.34,13.91,NA,NA,1.31,15.73,NA,NA,NA,NA,NA,NA,NA,NA,NA,NA,NA,0.00,NA,NA,NA
2020-06-07 01:00:00,55.95,105.37,2.60,11.29,13.89,NA,NA,1.33,10.80,NA,NA,NA,NA,NA,NA,NA,NA,NA,NA,NA,0.00,NA,NA,NA
2020-06-07 02:00:00,52.11,100.03,2.54,11.35,13.88,NA,NA,1.36,6.12,NA,NA,NA,NA,NA,NA,NA,NA,NA,NA,NA,0.00,NA,NA,NA
2020-06-07 03:00:00,71.65,146.54,2.58,11.23,13.81,NA,NA,1.49,8.48,NA,NA,NA,NA,NA,NA,NA,NA,NA,NA,NA,0.00,NA,NA,NA
2020-06-07 04:00:00,83.93,150.91,2.53,11.35,13.88,NA,NA,1.46,8.84,NA,NA,NA,NA,NA,NA,NA,NA,NA,NA,NA,0.00,NA,NA,NA
2020-06-07 05:00:00,53.22,104.68,2.61,11.24,13.85,NA,NA,1.39,10.30,NA,NA,NA,NA,NA,NA,NA,NA,NA,NA,NA,0.00,NA,NA,NA
2020-06-07 06:00:00,16.19,26.47,2.50,11.41,13.91,NA,NA,1.12,28.35,NA,NA,NA,NA,NA,NA,NA,NA,NA,NA,NA,0.00,NA,NA,NA
2020-06-07 07:00:00,6.49,6.62,2.56,11.37,13.93,NA,NA,1.14,24.11,NA,NA,NA,NA,NA,NA,NA,NA,NA,NA,NA,0.00,NA,NA,NA
2020-06-07 08:00:00,13.74,33.79,2.56,11.32,13.89,NA,NA,1.22,24.44,NA,NA,NA,NA,NA,NA,NA,NA,NA,NA,NA,0.00,NA,NA,NA
2020-06-07 09:00:00,16.47,23.85,2.56,11.36,13.91,NA,NA,1.20,27.42,NA,NA,NA,NA,NA,NA,NA,NA,NA,NA,NA,0.00,NA,NA,NA
2020-06-07 10:00:00,50.51,78.63,2.60,11.32,13.92,NA,NA,1.31,28.58,NA,NA,NA,NA,NA,NA,NA,NA,NA,NA,NA,0.00,NA,NA,NA
2020-06-07 11:00:00,97.30,161.64,2.64,11.32,13.96,NA,NA,1.37,24.40,NA,NA,NA,NA,NA,NA,NA,NA,NA,NA,NA,0.00,NA,NA,NA
2020-06-07 12:00:00,57.35,79.17,2.62,11.35,13.97,NA,NA,1.39,33.14,NA,NA,NA,NA,NA,NA,NA,NA,NA,NA,NA,0.00,NA,NA,NA
2020-06-07 13:00:00,65.45,114.24,2.62,11.39,14.00,NA,NA,1.35,38.65,NA,NA,NA,NA,NA,NA,NA,NA,NA,NA,NA,0.00,NA,NA,NA
2020-06-07 14:00:00,48.01,97.76,2.61,11.35,13.96,NA,NA,1.31,40.53,NA,NA,NA,NA,NA,NA,NA,NA,NA,NA,NA,0.00,NA,NA,NA
2020-06-07 15:00:00,34.17,70.37,2.59,11.33,13.92,NA,NA,1.29,44.71,NA,NA,NA,NA,NA,NA,NA,NA,NA,NA,NA,0.00,NA,NA,NA
2020-06-07 16:00:00,44.51,77.35,2.63,11.30,13.93,NA,NA,1.27,41.46,NA,NA,NA,NA,NA,NA,NA,NA,NA,NA,NA,0.00,NA,NA,NA
2020-06-07 17:00:00,39.92,87.74,2.63,11.27,13.89,NA,NA,1.23,38.18,NA,NA,NA,NA,NA,NA,NA,NA,NA,NA,NA,0.00,NA,NA,NA
2020-06-07 18:00:00,42.93,103.14,2.59,11.38,13.97,NA,NA,1.25,35.64,NA,NA,NA,NA,NA,NA,NA,NA,NA,NA,NA,0.00,NA,NA,NA
2020-06-07 19:00:00,38.82,81.23,2.60,11.32,13.92,NA,NA,1.32,25.29,NA,NA,NA,NA,NA,NA,NA,NA,NA,NA,NA,0.00,NA,NA,NA
2020-06-07 20:00:00,30.99,78.97,2.64,11.33,13.97,NA,NA,1.32,14.34,NA,NA,NA,NA,NA,NA,NA,NA,NA,NA,NA,0.00,NA,NA,NA
2020-06-07 21:00:00,31.01,83.39,2.63,11.32,13.95,NA,NA,1.36,8.67,NA,NA,NA,NA,NA,NA,NA,NA,NA,NA,NA,0.00,NA,NA,NA
2020-06-07 22:00:00,33.82,90.93,2.55,11.34,13.89,NA,NA,1.40,13.40,NA,NA,NA,NA,NA,NA,NA,NA,NA,NA,NA,0.00,NA,NA,NA
2020-06-07 23:00:00,43.37,86.36,2.55,11.33,13.89,NA,NA,1.39,8.24,NA,NA,NA,NA,NA,NA,NA,NA,NA,NA,NA,0.00,NA,NA,NA
2020-06-08 00:00:00,42.16,81.39,2.59,11.38,13.96,NA,NA,1.39,7.17,NA,NA,NA,NA,NA,NA,NA,NA,NA,NA,NA,0.00,NA,NA,NA
2020-06-08 01:00:00,39.12,94.36,2.55,11.36,13.91,NA,NA,1.34,6.63,NA,NA,NA,NA,NA,NA,NA,NA,NA,NA,NA,0.00,NA,NA,NA
2020-06-08 02:00:00,30.26,68.24,2.58,11.32,13.90,NA,NA,1.34,5.57,NA,NA,NA,NA,NA,NA,NA,NA,NA,NA,NA,0.00,NA,NA,NA
2020-06-08 03:00:00,27.05,48.33,2.59,11.40,13.99,NA,NA,1.26,6.01,NA,NA,NA,NA,NA,NA,NA,NA,NA,NA,NA,0.00,NA,NA,NA
2020-06-08 04:00:00,23.00,47.60,2.56,11.39,13.95,NA,NA,1.30,5.90,NA,NA,NA,NA,NA,NA,NA,NA,NA,NA,NA,0.00,NA,NA,NA
2020-06-08 05:00:00,27.07,54.05,2.60,11.29,13.88,NA,NA,1.32,5.98,NA,NA,NA,NA,NA,NA,NA,NA,NA,NA,NA,0.00,NA,NA,NA
2020-06-08 06:00:00,27.14,58.97,2.54,11.30,13.83,NA,NA,1.37,8.95,NA,NA,NA,NA,NA,NA,NA,NA,NA,NA,NA,0.00,NA,NA,NA
2020-06-08 07:00:00,46.52,79.42,2.59,11.33,13.92,NA,NA,1.61,11.27,NA,NA,NA,NA,NA,NA,NA,NA,NA,NA,NA,0.00,NA,NA,NA
2020-06-08 08:00:00,73.86,117.33,2.60,11.26,13.86,NA,NA,1.60,18.28,NA,NA,NA,NA,NA,NA,NA,NA,NA,NA,NA,0.00,NA,NA,NA
2020-06-08 09:00:00,84.17,112.30,2.57,11.38,13.95,NA,NA,1.49,25.62,NA,NA,NA,NA,NA,NA,NA,NA,NA,NA,NA,0.00,NA,NA,NA
2020-06-08 10:00:00,74.32,98.45,2.62,11.33,13.95,NA,NA,1.48,30.47,NA,NA,NA,NA,NA,NA,NA,NA,NA,NA,NA,0.00,NA,NA,NA
2020-06-08 11:00:00,69.35,95.21,2.59,11.41,14.00,NA,NA,1.48,35.33,NA,NA,NA,NA,NA,NA,NA,NA,NA,NA,NA,0.00,NA,NA,NA
2020-06-08 12:00:00,70.79,112.59,2.64,11.35,13.98,NA,NA,1.51,46.12,NA,NA,NA,NA,NA,NA,NA,NA,NA,NA,NA,0.00,NA,NA,NA
2020-06-08 13:00:00,56.48,104.79,2.58,11.36,13.93,NA,NA,1.32,43.98,NA,NA,NA,NA,NA,NA,NA,NA,NA,NA,NA,0.00,NA,NA,NA
2020-06-08 14:00:00,52.43,103.08,2.64,11.31,13.95,NA,NA,1.31,44.80,NA,NA,NA,NA,NA,NA,NA,NA,NA,NA,NA,0.00,NA,NA,NA
2020-06-08 15:00:00,55.28,109.94,2.65,11.34,13.98,NA,NA,1.28,43.41,NA,NA,NA,NA,NA,NA,NA,NA,NA,NA,NA,0.00,NA,NA,NA
2020-06-08 16:00:00,39.91,91.94,2.61,11.32,13.93,NA,NA,1.26,37.81,NA,NA,NA,NA,NA,NA,NA,NA,NA,NA,NA,0.00,NA,NA,NA
2020-06-08 17:00:00,43.65,99.86,2.63,11.30,13.92,NA,NA,1.29,39.11,NA,NA,NA,NA,NA,NA,NA,NA,NA,NA,NA,0.00,NA,NA,NA
2020-06-08 18:00:00,40.40,106.25,2.61,11.37,13.99,NA,NA,1.26,35.22,NA,NA,NA,NA,NA,NA,NA,NA,NA,NA,NA,0.00,NA,NA,NA
2020-06-08 19:00:00,40.19,103.32,2.60,11.40,13.99,NA,NA,1.23,24.01,NA,NA,NA,NA,NA,NA,NA,NA,NA,NA,NA,0.00,NA,NA,NA
2020-06-08 20:00:00,46.55,93.59,2.57,11.31,13.89,NA,NA,1.37,18.48,NA,NA,NA,NA,NA,NA,NA,NA,NA,NA,NA,0.00,NA,NA,NA
2020-06-08 21:00:00,60.70,112.39,2.58,11.36,13.94,NA,NA,1.58,14.98,NA,NA,NA,NA,NA,NA,NA,NA,NA,NA,NA,0.00,NA,NA,NA
2020-06-08 22:00:00,67.70,115.28,2.51,11.38,13.88,NA,NA,1.58,15.55,NA,NA,NA,NA,NA,NA,NA,NA,NA,NA,NA,0.00,NA,NA,NA
2020-06-08 23:00:00,79.28,122.40,2.54,11.33,13.87,NA,NA,1.79,17.35,NA,NA,NA,NA,NA,NA,NA,NA,NA,NA,NA,0.00,NA,NA,NA
2020-06-09 00:00:00,100.08,128.70,2.61,11.27,13.88,NA,NA,1.60,15.05,NA,NA,NA,NA,NA,NA,NA,NA,NA,NA,NA,0.00,NA,NA,NA
2020-06-09 01:00:00,84.09,135.66,2.56,11.40,13.96,NA,NA,1.45,8.46,NA,NA,NA,NA,NA,NA,NA,NA,NA,NA,NA,0.00,NA,NA,NA
2020-06-09 02:00:00,80.98,156.62,2.53,11.37,13.90,NA,NA,1.43,7.44,NA,NA,NA,NA,NA,NA,NA,NA,NA,NA,NA,0.00,NA,NA,NA
2020-06-09 03:00:00,75.87,126.93,2.54,11.38,13.91,NA,NA,1.47,7.68,NA,NA,NA,NA,NA,NA,NA,NA,NA,NA,NA,0.00,NA,NA,NA
2020-06-09 04:00:00,70.40,120.76,2.57,11.27,13.85,NA,NA,1.42,6.05,NA,NA,NA,NA,NA,NA,NA,NA,NA,NA,NA,0.00,NA,NA,NA
2020-06-09 05:00:00,64.40,96.35,2.60,11.30,13.90,NA,NA,1.35,8.00,NA,NA,NA,NA,NA,NA,NA,NA,NA,NA,NA,0.00,NA,NA,NA
2020-06-09 06:00:00,57.87,92.40,2.57,11.33,13.90,NA,NA,1.36,6.63,NA,NA,NA,NA,NA,NA,NA,NA,NA,NA,NA,0.00,NA,NA,NA
2020-06-09 07:00:00,51.01,70.92,2.56,11.33,13.89,NA,NA,1.16,13.59,NA,NA,NA,NA,NA,NA,NA,NA,NA,NA,NA,0.00,NA,NA,NA
2020-06-09 08:00:00,49.66,76.95,2.59,11.35,13.94,NA,NA,1.15,25.46,NA,NA,NA,NA,NA,NA,NA,NA,NA,NA,NA,0.00,NA,NA,NA
2020-06-09 09:00:00,58.02,138.98,2.59,11.32,13.92,NA,NA,1.12,28.35,NA,NA,NA,NA,NA,NA,NA,NA,NA,NA,NA,0.00,NA,NA,NA
2020-06-09 10:00:00,58.77,108.69,2.65,11.31,13.96,NA,NA,1.00,31.70,NA,NA,NA,NA,NA,NA,NA,NA,NA,NA,NA,0.00,NA,NA,NA
2020-06-09 11:00:00,52.80,141.36,2.57,11.40,13.96,NA,NA,1.01,35.30,NA,NA,NA,NA,NA,NA,NA,NA,NA,NA,NA,0.00,NA,NA,NA
2020-06-09 12:00:00,48.63,158.03,2.63,11.31,13.94,NA,NA,1.01,39.88,NA,NA,NA,NA,NA,NA,NA,NA,NA,NA,NA,0.00,NA,NA,NA
2020-06-09 13:00:00,49.60,163.76,2.21,11.30,13.96,NA,NA,0.93,33.22,NA,NA,NA,NA,NA,NA,NA,NA,NA,NA,NA,0.00,NA,NA,NA
2020-06-09 14:00:00,55.12,161.09,15.26,17.39,37.96,NA,NA,0.84,34.23,NA,NA,NA,NA,NA,NA,NA,NA,NA,NA,NA,0.00,NA,NA,NA
2020-06-09 15:00:00,74.67,184.06,4.47,20.33,24.89,NA,NA,0.67,42.38,NA,NA,NA,NA,NA,NA,NA,NA,NA,NA,NA,0.00,NA,NA,NA
2020-06-09 16:00:00,91.76,224.07,5.00,16.99,21.99,NA,NA,0.61,41.65,NA,NA,NA,NA,NA,NA,NA,NA,NA,NA,NA,0.00,NA,NA,NA
2020-06-09 17:00:00,68.82,221.83,4.33,16.64,20.97,NA,NA,0.61,51.42,NA,NA,NA,NA,NA,NA,NA,NA,NA,NA,NA,0.00,NA,NA,NA
2020-06-09 18:00:00,38.57,134.46,4.13,17.13,21.26,NA,NA,0.64,52.32,NA,NA,NA,NA,NA,NA,NA,NA,NA,NA,NA,0.00,NA,NA,NA
2020-06-09 19:00:00,32.53,98.27,3.88,19.06,22.94,NA,NA,0.71,46.09,NA,NA,NA,NA,NA,NA,NA,NA,NA,NA,NA,0.00,NA,NA,NA
2020-06-09 20:00:00,48.02,105.16,3.81,21.48,25.30,NA,NA,0.77,37.01,NA,NA,NA,NA,NA,NA,NA,NA,NA,NA,NA,0.00,NA,NA,NA
2020-06-09 21:00:00,59.72,125.01,3.85,25.26,29.10,NA,NA,0.84,31.98,NA,NA,NA,NA,NA,NA,NA,NA,NA,NA,NA,0.00,NA,NA,NA
2020-06-09 22:00:00,53.02,133.00,3.85,23.55,27.39,NA,NA,0.86,31.46,NA,NA,NA,NA,NA,NA,NA,NA,NA,NA,NA,0.00,NA,NA,NA
2020-06-09 23:00:00,34.89,102.95,3.94,22.32,26.26,NA,NA,0.82,27.98,NA,NA,NA,NA,NA,NA,NA,NA,NA,NA,NA,0.00,NA,NA,NA
2020-06-10 00:00:00,41.10,105.35,4.15,22.32,26.48,NA,NA,0.82,24.28,NA,NA,NA,NA,NA,NA,NA,NA,NA,NA,NA,0.00,NA,NA,NA
2020-06-10 01:00:00,37.94,106.88,4.39,21.99,26.37,NA,NA,0.80,24.11,NA,NA,NA,NA,NA,NA,NA,NA,NA,NA,NA,0.00,NA,NA,NA
2020-06-10 02:00:00,45.37,107.11,4.66,21.65,26.32,NA,NA,0.78,23.18,NA,NA,NA,NA,NA,NA,NA,NA,NA,NA,NA,0.00,NA,NA,NA
2020-06-10 03:00:00,45.11,120.35,7.81,25.60,33.42,NA,NA,0.81,23.49,NA,NA,NA,NA,NA,NA,NA,NA,NA,NA,NA,0.00,NA,NA,NA
2020-06-10 04:00:00,62.32,135.96,6.71,23.27,29.98,NA,NA,0.84,25.56,NA,NA,NA,NA,NA,NA,NA,NA,NA,NA,NA,0.00,NA,NA,NA
2020-06-10 05:00:00,53.36,132.66,6.26,22.33,28.59,NA,NA,0.87,26.78,NA,NA,NA,NA,NA,NA,NA,NA,NA,NA,NA,0.00,NA,NA,NA
2020-06-10 06:00:00,43.54,93.76,6.24,20.43,26.67,NA,NA,0.85,24.70,NA,NA,NA,NA,NA,NA,NA,NA,NA,NA,NA,0.00,NA,NA,NA
2020-06-10 07:00:00,40.98,106.00,6.67,22.43,29.10,NA,NA,0.86,30.23,NA,NA,NA,NA,NA,NA,NA,NA,NA,NA,NA,0.00,NA,NA,NA
2020-06-10 08:00:00,52.80,121.71,4.79,20.96,25.74,NA,NA,0.87,44.85,NA,NA,NA,NA,NA,NA,NA,NA,NA,NA,NA,0.00,NA,NA,NA
2020-06-10 09:00:00,65.46,144.62,3.97,17.95,21.92,NA,NA,0.87,64.11,NA,NA,NA,NA,NA,NA,NA,NA,NA,NA,NA,0.00,NA,NA,NA
2020-06-10 10:00:00,56.98,130.16,3.85,17.38,21.23,NA,NA,0.86,73.52,NA,NA,NA,NA,NA,NA,NA,NA,NA,NA,NA,0.00,NA,NA,NA
2020-06-10 11:00:00,51.88,145.39,3.91,16.70,20.60,NA,NA,0.85,73.16,NA,NA,NA,NA,NA,NA,NA,NA,NA,NA,NA,0.00,NA,NA,NA
2020-06-10 12:00:00,53.56,134.61,3.84,17.13,20.97,NA,NA,0.85,72.84,NA,NA,NA,NA,NA,NA,NA,NA,NA,NA,NA,0.00,NA,NA,NA
2020-06-10 13:00:00,48.25,145.03,3.82,17.57,21.40,NA,NA,0.85,76.00,NA,NA,NA,NA,NA,NA,NA,NA,NA,NA,NA,0.00,NA,NA,NA
2020-06-10 14:00:00,35.62,123.06,3.85,18.11,21.96,NA,NA,0.85,71.07,NA,NA,NA,NA,NA,NA,NA,NA,NA,NA,NA,0.00,NA,NA,NA
2020-06-10 15:00:00,36.25,121.34,3.81,20.68,24.49,NA,NA,0.82,69.74,NA,NA,NA,NA,NA,NA,NA,NA,NA,NA,NA,0.00,NA,NA,NA
2020-06-10 16:00:00,41.58,136.11,3.98,21.40,25.38,NA,NA,0.66,75.68,NA,NA,NA,NA,NA,NA,NA,NA,NA,NA,NA,0.00,NA,NA,NA
2020-06-10 17:00:00,39.30,238.08,3.97,20.98,24.95,NA,NA,0.70,61.49,NA,NA,NA,NA,NA,NA,NA,NA,NA,NA,NA,0.00,NA,NA,NA
2020-06-10 18:00:00,17.21,141.23,3.83,17.93,21.76,NA,NA,0.67,64.51,NA,NA,NA,NA,NA,NA,NA,NA,NA,NA,NA,0.00,NA,NA,NA
2020-06-10 19:00:00,35.65,120.23,4.20,19.40,23.60,NA,NA,0.70,54.08,NA,NA,NA,NA,NA,NA,NA,NA,NA,NA,NA,0.00,NA,NA,NA
2020-06-10 20:00:00,28.42,65.61,3.85,19.19,23.04,NA,NA,0.74,47.07,NA,NA,NA,NA,NA,NA,NA,NA,NA,NA,NA,0.00,NA,NA,NA
2020-06-10 21:00:00,43.57,71.69,3.83,19.28,23.11,NA,NA,0.76,42.26,NA,NA,NA,NA,NA,NA,NA,NA,NA,NA,NA,0.00,NA,NA,NA
2020-06-10 22:00:00,42.17,83.93,3.72,17.67,21.39,NA,NA,0.77,48.71,NA,NA,NA,NA,NA,NA,NA,NA,NA,NA,NA,0.00,NA,NA,NA
2020-06-10 23:00:00,37.41,107.42,3.92,19.39,23.31,NA,NA,0.73,39.76,NA,NA,NA,NA,NA,NA,NA,NA,NA,NA,NA,0.00,NA,NA,NA
2020-06-11 00:00:00,31.44,90.57,4.20,20.74,24.94,NA,NA,0.76,34.88,NA,NA,NA,NA,NA,NA,NA,NA,NA,NA,NA,0.00,NA,NA,NA
2020-06-11 01:00:00,32.20,79.59,4.31,20.23,24.55,NA,NA,0.78,32.72,NA,NA,NA,NA,NA,NA,NA,NA,NA,NA,NA,0.00,NA,NA,NA
2020-06-11 02:00:00,24.81,67.47,5.86,18.77,24.64,NA,NA,0.75,32.62,NA,NA,NA,NA,NA,NA,NA,NA,NA,NA,NA,0.00,NA,NA,NA
2020-06-11 03:00:00,30.80,66.89,4.75,18.37,23.12,NA,NA,0.76,31.99,NA,NA,NA,NA,NA,NA,NA,NA,NA,NA,NA,0.00,NA,NA,NA
2020-06-11 04:00:00,24.90,70.69,4.88,18.44,23.32,NA,NA,0.76,32.35,NA,NA,NA,NA,NA,NA,NA,NA,NA,NA,NA,0.00,NA,NA,NA
2020-06-11 05:00:00,31.79,75.98,5.41,18.00,23.41,NA,NA,0.76,31.62,NA,NA,NA,NA,NA,NA,NA,NA,NA,NA,NA,0.00,NA,NA,NA
2020-06-11 06:00:00,29.93,71.14,6.02,16.25,22.27,NA,NA,0.72,31.27,NA,NA,NA,NA,NA,NA,NA,NA,NA,NA,NA,0.00,NA,NA,NA
2020-06-11 07:00:00,41.81,87.25,5.96,18.72,24.69,NA,NA,0.77,36.10,NA,NA,NA,NA,NA,NA,NA,NA,NA,NA,NA,0.00,NA,NA,NA
2020-06-11 08:00:00,65.52,130.73,5.36,23.34,28.71,NA,NA,0.81,51.28,NA,NA,NA,NA,NA,NA,NA,NA,NA,NA,NA,0.00,NA,NA,NA
2020-06-11 09:00:00,69.80,144.35,4.62,25.26,29.88,NA,NA,0.85,60.71,NA,NA,NA,NA,NA,NA,NA,NA,NA,NA,NA,0.00,NA,NA,NA
2020-06-11 10:00:00,53.35,141.82,3.92,22.48,26.40,NA,NA,0.85,70.01,NA,NA,NA,NA,NA,NA,NA,NA,NA,NA,NA,0.00,NA,NA,NA
2020-06-11 11:00:00,40.04,118.18,3.63,18.70,22.33,NA,NA,0.83,72.80,NA,NA,NA,NA,NA,NA,NA,NA,NA,NA,NA,0.00,NA,NA,NA
2020-06-11 12:00:00,32.76,95.74,3.63,18.77,22.41,NA,NA,0.81,76.92,NA,NA,NA,NA,NA,NA,NA,NA,NA,NA,NA,0.00,NA,NA,NA
2020-06-11 13:00:00,42.32,115.70,3.65,18.02,21.67,NA,NA,0.82,78.85,NA,NA,NA,NA,NA,NA,NA,NA,NA,NA,NA,0.00,NA,NA,NA
2020-06-11 14:00:00,43.89,112.87,3.46,17.08,20.54,NA,NA,0.77,81.74,NA,NA,NA,NA,NA,NA,NA,NA,NA,NA,NA,0.00,NA,NA,NA
2020-06-11 15:00:00,54.27,115.57,3.52,17.06,20.58,NA,NA,0.81,81.89,NA,NA,NA,NA,NA,NA,NA,NA,NA,NA,NA,0.00,NA,NA,NA
2020-06-11 16:00:00,37.45,110.31,3.48,16.96,20.44,NA,NA,0.81,80.17,NA,NA,NA,NA,NA,NA,NA,NA,NA,NA,NA,0.00,NA,NA,NA
2020-06-11 17:00:00,36.62,122.50,3.51,17.46,20.97,NA,NA,0.80,82.02,NA,NA,NA,NA,NA,NA,NA,NA,NA,NA,NA,0.00,NA,NA,NA
2020-06-11 18:00:00,45.83,134.35,3.48,18.79,22.27,NA,NA,0.83,80.24,NA,NA,NA,NA,NA,NA,NA,NA,NA,NA,NA,0.00,NA,NA,NA
2020-06-11 19:00:00,41.41,116.95,3.47,19.77,23.24,NA,NA,0.86,72.40,NA,NA,NA,NA,NA,NA,NA,NA,NA,NA,NA,0.00,NA,NA,NA
2020-06-11 20:00:00,43.32,124.63,3.51,21.34,24.84,NA,NA,0.76,70.11,NA,NA,NA,NA,NA,NA,NA,NA,NA,NA,NA,0.00,NA,NA,NA
2020-06-11 21:00:00,75.65,147.44,3.44,22.93,26.37,NA,NA,0.81,63.09,NA,NA,NA,NA,NA,NA,NA,NA,NA,NA,NA,0.00,NA,NA,NA
2020-06-11 22:00:00,72.64,160.22,3.54,24.02,27.56,NA,NA,0.86,57.61,NA,NA,NA,NA,NA,NA,NA,NA,NA,NA,NA,0.00,NA,NA,NA
2020-06-11 23:00:00,85.17,175.98,3.50,21.76,25.27,NA,NA,0.87,65.11,NA,NA,NA,NA,NA,NA,NA,NA,NA,NA,NA,0.00,NA,NA,NA
2020-06-12 00:00:00,89.14,185.49,3.47,19.90,23.37,NA,NA,0.88,61.64,NA,NA,NA,NA,NA,NA,NA,NA,NA,NA,NA,0.00,NA,NA,NA
2020-06-12 01:00:00,80.03,152.26,3.41,19.39,22.79,NA,NA,0.87,90.45,NA,NA,NA,NA,NA,NA,NA,NA,NA,NA,NA,0.00,NA,NA,NA
2020-06-12 02:00:00,68.37,145.29,3.51,18.51,22.02,NA,NA,0.93,93.87,NA,NA,NA,NA,NA,NA,NA,NA,NA,NA,NA,0.00,NA,NA,NA
2020-06-12 03:00:00,68.61,131.39,3.44,17.73,21.17,NA,NA,0.95,92.02,NA,NA,NA,NA,NA,NA,NA,NA,NA,NA,NA,0.00,NA,NA,NA
2020-06-12 04:00:00,76.67,141.36,3.59,17.54,21.14,NA,NA,0.96,88.49,NA,NA,NA,NA,NA,NA,NA,NA,NA,NA,NA,0.00,NA,NA,NA
2020-06-12 05:00:00,71.40,135.53,3.60,17.86,21.46,NA,NA,0.96,87.13,NA,NA,NA,NA,NA,NA,NA,NA,NA,NA,NA,0.00,NA,NA,NA
2020-06-12 06:00:00,79.54,156.76,3.98,19.17,23.15,NA,NA,0.98,87.80,NA,NA,NA,NA,NA,NA,NA,NA,NA,NA,NA,0.00,NA,NA,NA
2020-06-12 07:00:00,80.17,155.64,3.78,18.33,22.11,NA,NA,0.97,98.65,NA,NA,NA,NA,NA,NA,NA,NA,NA,NA,NA,0.00,NA,NA,NA
2020-06-12 08:00:00,71.94,113.06,3.77,19.72,23.49,NA,NA,0.99,108.71,NA,NA,NA,NA,NA,NA,NA,NA,NA,NA,NA,0.00,NA,NA,NA
2020-06-12 09:00:00,83.45,143.04,3.73,19.18,22.91,NA,NA,1.00,115.92,NA,NA,NA,NA,NA,NA,NA,NA,NA,NA,NA,0.00,NA,NA,NA
2020-06-12 10:00:00,66.05,123.40,3.60,17.37,20.97,NA,NA,0.97,122.13,NA,NA,NA,NA,NA,NA,NA,NA,NA,NA,NA,0.00,NA,NA,NA
2020-06-12 11:00:00,76.73,128.54,3.47,16.88,20.35,NA,NA,0.94,125.63,NA,NA,NA,NA,NA,NA,NA,NA,NA,NA,NA,0.00,NA,NA,NA
2020-06-12 12:00:00,75.30,124.24,3.46,15.99,19.45,NA,NA,0.94,129.05,NA,NA,NA,NA,NA,NA,NA,NA,NA,NA,NA,0.00,NA,NA,NA
2020-06-12 13:00:00,70.91,131.50,3.37,15.75,19.12,NA,NA,0.91,130.70,NA,NA,NA,NA,NA,NA,NA,NA,NA,NA,NA,0.00,NA,NA,NA
2020-06-12 14:00:00,64.54,140.68,3.37,16.12,19.49,NA,NA,0.90,136.48,NA,NA,NA,NA,NA,NA,NA,NA,NA,NA,NA,0.00,NA,NA,NA
2020-06-12 15:00:00,63.41,123.04,3.39,15.89,19.28,NA,NA,0.84,136.87,NA,NA,NA,NA,NA,NA,NA,NA,NA,NA,NA,0.00,NA,NA,NA
2020-06-12 16:00:00,59.56,127.89,3.42,16.73,20.15,NA,NA,0.78,143.66,NA,NA,NA,NA,NA,NA,NA,NA,NA,NA,NA,0.00,NA,NA,NA
2020-06-12 17:00:00,61.94,143.67,3.40,16.78,20.18,NA,NA,0.78,139.17,NA,NA,NA,NA,NA,NA,NA,NA,NA,NA,NA,0.00,NA,NA,NA
2020-06-12 18:00:00,64.35,147.61,3.32,17.34,20.67,NA,NA,0.79,132.83,NA,NA,NA,NA,NA,NA,NA,NA,NA,NA,NA,0.00,NA,NA,NA
2020-06-12 19:00:00,60.89,150.41,3.36,17.26,20.62,NA,NA,0.80,122.48,NA,NA,NA,NA,NA,NA,NA,NA,NA,NA,NA,0.00,NA,NA,NA
2020-06-12 20:00:00,54.90,135.05,3.39,19.56,22.95,NA,NA,0.81,117.64,NA,NA,NA,NA,NA,NA,NA,NA,NA,NA,NA,0.00,NA,NA,NA
2020-06-12 21:00:00,67.85,171.49,3.38,21.65,25.03,NA,NA,0.84,114.65,NA,NA,NA,NA,NA,NA,NA,NA,NA,NA,NA,0.00,NA,NA,NA
2020-06-12 22:00:00,74.71,161.91,3.39,18.84,22.23,NA,NA,0.85,110.74,NA,NA,NA,NA,NA,NA,NA,NA,NA,NA,NA,0.00,NA,NA,NA
2020-06-12 23:00:00,76.84,158.48,3.52,18.79,22.31,NA,NA,0.85,103.69,NA,NA,NA,NA,NA,NA,NA,NA,NA,NA,NA,0.00,NA,NA,NA
2020-06-13 00:00:00,96.09,152.11,3.53,18.76,22.29,NA,NA,0.86,107.54,NA,NA,NA,NA,NA,NA,NA,NA,NA,NA,NA,0.00,NA,NA,NA
2020-06-13 01:00:00,86.46,154.59,3.48,17.12,20.60,NA,NA,0.89,109.14,NA,NA,NA,NA,NA,NA,NA,NA,NA,NA,NA,0.00,NA,NA,NA
2020-06-13 02:00:00,67.63,121.06,3.44,17.62,21.07,NA,NA,0.90,105.76,NA,NA,NA,NA,NA,NA,NA,NA,NA,NA,NA,0.00,NA,NA,NA
2020-06-13 03:00:00,68.76,118.51,3.44,17.72,21.16,NA,NA,0.91,106.21,NA,NA,NA,NA,NA,NA,NA,NA,NA,NA,NA,0.00,NA,NA,NA
2020-06-13 04:00:00,66.25,113.85,3.44,17.09,20.53,NA,NA,0.92,102.52,NA,NA,NA,NA,NA,NA,NA,NA,NA,NA,NA,0.00,NA,NA,NA
2020-06-13 05:00:00,65.50,106.66,3.40,16.78,20.18,NA,NA,0.88,101.51,NA,NA,NA,NA,NA,NA,NA,NA,NA,NA,NA,0.00,NA,NA,NA
2020-06-13 06:00:00,63.48,93.08,3.58,16.30,19.88,NA,NA,0.92,101.51,NA,NA,NA,NA,NA,NA,NA,NA,NA,NA,NA,0.00,NA,NA,NA
2020-06-13 07:00:00,63.98,112.12,3.58,16.32,19.90,NA,NA,0.87,106.70,NA,NA,NA,NA,NA,NA,NA,NA,NA,NA,NA,0.00,NA,NA,NA
2020-06-13 08:00:00,77.34,137.16,3.62,15.82,19.44,NA,NA,0.90,112.89,NA,NA,NA,NA,NA,NA,NA,NA,NA,NA,NA,0.00,NA,NA,NA
2020-06-13 09:00:00,62.33,98.10,3.51,15.58,19.09,NA,NA,0.89,117.85,NA,NA,NA,NA,NA,NA,NA,NA,NA,NA,NA,0.00,NA,NA,NA
2020-06-13 10:00:00,62.72,105.33,3.51,15.56,19.07,NA,NA,0.88,123.85,NA,NA,NA,NA,NA,NA,NA,NA,NA,NA,NA,0.00,NA,NA,NA
2020-06-13 11:00:00,59.11,129.34,3.46,15.45,18.91,NA,NA,0.83,129.01,NA,NA,NA,NA,NA,NA,NA,NA,NA,NA,NA,0.00,NA,NA,NA
2020-06-13 12:00:00,71.85,130.75,3.40,15.49,18.88,NA,NA,0.85,132.46,NA,NA,NA,NA,NA,NA,NA,NA,NA,NA,NA,0.00,NA,NA,NA
2020-06-13 13:00:00,62.28,120.77,3.34,15.79,19.12,NA,NA,0.84,129.20,NA,NA,NA,NA,NA,NA,NA,NA,NA,NA,NA,0.00,NA,NA,NA
2020-06-13 14:00:00,38.79,172.51,3.52,18.49,22.01,NA,NA,0.83,125.15,NA,NA,NA,NA,NA,NA,NA,NA,NA,NA,NA,0.00,NA,NA,NA
2020-06-13 15:00:00,33.51,79.26,3.42,15.88,19.30,NA,NA,0.76,126.58,NA,NA,NA,NA,NA,NA,NA,NA,NA,NA,NA,0.00,NA,NA,NA
2020-06-13 16:00:00,35.00,74.09,3.43,16.42,19.85,NA,NA,0.77,120.53,NA,NA,NA,NA,NA,NA,NA,NA,NA,NA,NA,0.00,NA,NA,NA
2020-06-13 17:00:00,32.42,50.67,3.58,16.93,20.52,NA,NA,0.69,116.72,NA,NA,NA,NA,NA,NA,NA,NA,NA,NA,NA,0.00,NA,NA,NA
2020-06-13 18:00:00,32.91,94.65,3.42,16.43,19.86,NA,NA,0.68,122.89,NA,NA,NA,NA,NA,NA,NA,NA,NA,NA,NA,0.00,NA,NA,NA
2020-06-13 19:00:00,45.99,157.39,3.40,17.49,20.90,NA,NA,0.68,119.88,NA,NA,NA,NA,NA,NA,NA,NA,NA,NA,NA,0.00,NA,NA,NA
2020-06-13 20:00:00,39.38,160.57,3.43,17.93,21.35,NA,NA,0.70,115.55,NA,NA,NA,NA,NA,NA,NA,NA,NA,NA,NA,0.00,NA,NA,NA
2020-06-13 21:00:00,51.72,210.89,3.49,18.08,21.58,NA,NA,0.71,110.25,NA,NA,NA,NA,NA,NA,NA,NA,NA,NA,NA,0.00,NA,NA,NA
2020-06-13 22:00:00,56.77,249.31,3.52,18.57,22.09,NA,NA,0.74,107.87,NA,NA,NA,NA,NA,NA,NA,NA,NA,NA,NA,0.00,NA,NA,NA
2020-06-13 23:00:00,70.43,240.16,3.62,17.37,20.99,NA,NA,0.74,103.35,NA,NA,NA,NA,NA,NA,NA,NA,NA,NA,NA,0.00,NA,NA,NA
2020-06-14 00:00:00,76.83,246.26,4.07,18.57,22.64,NA,NA,0.81,99.74,NA,NA,NA,NA,NA,NA,NA,NA,NA,NA,NA,0.00,NA,NA,NA
2020-06-14 01:00:00,67.61,239.13,3.86,19.71,23.56,NA,NA,0.85,99.44,NA,NA,NA,NA,NA,NA,NA,NA,NA,NA,NA,0.00,NA,NA,NA
2020-06-14 02:00:00,67.11,222.47,3.75,18.46,22.21,NA,NA,0.88,100.12,NA,NA,NA,NA,NA,NA,NA,NA,NA,NA,NA,0.00,NA,NA,NA
2020-06-14 03:00:00,66.69,191.95,3.69,18.50,22.19,NA,NA,0.87,102.65,NA,NA,NA,NA,NA,NA,NA,NA,NA,NA,NA,0.00,NA,NA,NA
2020-06-14 04:00:00,64.80,174.67,3.71,17.30,21.01,NA,NA,0.90,101.68,NA,NA,NA,NA,NA,NA,NA,NA,NA,NA,NA,0.00,NA,NA,NA
2020-06-14 05:00:00,66.05,164.19,4.17,16.15,20.32,NA,NA,0.90,101.18,NA,NA,NA,NA,NA,NA,NA,NA,NA,NA,NA,0.00,NA,NA,NA
2020-06-14 06:00:00,68.28,163.56,5.77,15.56,21.32,NA,NA,0.93,100.75,NA,NA,NA,NA,NA,NA,NA,NA,NA,NA,NA,0.00,NA,NA,NA
2020-06-14 07:00:00,105.63,218.43,5.86,16.22,22.08,NA,NA,0.96,105.64,NA,NA,NA,NA,NA,NA,NA,NA,NA,NA,NA,0.00,NA,NA,NA
2020-06-14 08:00:00,107.24,207.47,4.78,17.84,22.62,NA,NA,0.98,115.77,NA,NA,NA,NA,NA,NA,NA,NA,NA,NA,NA,0.00,NA,NA,NA
2020-06-14 09:00:00,72.75,140.68,4.09,18.66,22.75,NA,NA,0.95,124.60,NA,NA,NA,NA,NA,NA,NA,NA,NA,NA,NA,0.00,NA,NA,NA
2020-06-14 10:00:00,67.82,131.82,3.78,18.99,22.77,NA,NA,0.90,131.15,NA,NA,NA,NA,NA,NA,NA,NA,NA,NA,NA,0.00,NA,NA,NA
2020-06-14 11:00:00,67.01,134.29,3.64,21.18,24.83,NA,NA,0.89,138.19,NA,NA,NA,NA,NA,NA,NA,NA,NA,NA,NA,0.00,NA,NA,NA
2020-06-14 12:00:00,74.70,120.13,3.53,18.80,22.32,NA,NA,0.89,140.02,NA,NA,NA,NA,NA,NA,NA,NA,NA,NA,NA,0.00,NA,NA,NA
2020-06-14 13:00:00,59.73,91.15,3.54,17.63,21.16,NA,NA,0.82,142.20,NA,NA,NA,NA,NA,NA,NA,NA,NA,NA,NA,0.00,NA,NA,NA
2020-06-14 14:00:00,62.94,110.86,3.38,16.23,19.61,NA,NA,0.84,144.37,NA,NA,NA,NA,NA,NA,NA,NA,NA,NA,NA,0.00,NA,NA,NA
2020-06-14 15:00:00,62.88,109.35,3.44,16.60,20.04,NA,NA,0.82,146.58,NA,NA,NA,NA,NA,NA,NA,NA,NA,NA,NA,0.00,NA,NA,NA
2020-06-14 16:00:00,64.98,111.83,3.35,16.41,19.76,NA,NA,0.81,148.97,NA,NA,NA,NA,NA,NA,NA,NA,NA,NA,NA,0.00,NA,NA,NA
2020-06-14 17:00:00,55.98,110.60,3.45,15.78,19.23,NA,NA,0.79,145.29,NA,NA,NA,NA,NA,NA,NA,NA,NA,NA,NA,0.00,NA,NA,NA
2020-06-14 18:00:00,60.45,116.32,3.45,16.74,20.19,NA,NA,0.61,142.68,NA,NA,NA,NA,NA,NA,NA,NA,NA,NA,NA,0.00,NA,NA,NA
2020-06-14 19:00:00,65.21,128.21,3.45,17.69,21.14,NA,NA,0.67,135.95,NA,NA,NA,NA,NA,NA,NA,NA,NA,NA,NA,0.00,NA,NA,NA
2020-06-14 20:00:00,82.58,130.55,3.44,17.51,20.95,NA,NA,0.62,125.55,NA,NA,NA,NA,NA,NA,NA,NA,NA,NA,NA,0.00,NA,NA,NA
2020-06-14 21:00:00,78.80,129.01,3.41,18.34,21.75,NA,NA,0.59,125.44,NA,NA,NA,NA,NA,NA,NA,NA,NA,NA,NA,0.00,NA,NA,NA
2020-06-14 22:00:00,76.04,139.37,3.50,17.63,21.13,NA,NA,0.63,125.43,NA,NA,NA,NA,NA,NA,NA,NA,NA,NA,NA,0.00,NA,NA,NA
2020-06-14 23:00:00,60.91,117.65,3.41,16.50,19.91,NA,NA,0.66,124.93,NA,NA,NA,NA,NA,NA,NA,NA,NA,NA,NA,0.00,NA,NA,NA
2020-06-15 00:00:00,61.85,120.70,3.46,16.59,20.03,NA,NA,0.61,123.64,NA,NA,NA,NA,NA,NA,NA,NA,NA,NA,NA,0.00,NA,NA,NA
2020-06-15 01:00:00,48.23,106.90,3.45,16.67,20.12,NA,NA,0.63,124.42,NA,NA,NA,NA,NA,NA,NA,NA,NA,NA,NA,0.00,NA,NA,NA
2020-06-15 02:00:00,50.68,96.52,3.47,17.49,20.96,NA,NA,0.63,122.93,NA,NA,NA,NA,NA,NA,NA,NA,NA,NA,NA,0.00,NA,NA,NA
2020-06-15 03:00:00,50.37,91.90,3.51,17.28,20.79,NA,NA,0.64,120.10,NA,NA,NA,NA,NA,NA,NA,NA,NA,NA,NA,0.00,NA,NA,NA
2020-06-15 04:00:00,41.26,88.58,3.45,17.47,20.92,NA,NA,0.64,117.16,NA,NA,NA,NA,NA,NA,NA,NA,NA,NA,NA,0.00,NA,NA,NA
2020-06-15 05:00:00,47.65,91.70,3.51,18.40,21.91,NA,NA,0.66,113.17,NA,NA,NA,NA,NA,NA,NA,NA,NA,NA,NA,0.00,NA,NA,NA
2020-06-15 06:00:00,48.12,97.55,4.04,17.86,21.90,NA,NA,0.73,112.57,NA,NA,NA,NA,NA,NA,NA,NA,NA,NA,NA,0.00,NA,NA,NA
2020-06-15 07:00:00,52.00,113.05,4.04,17.80,21.85,NA,NA,0.77,118.08,NA,NA,NA,NA,NA,NA,NA,NA,NA,NA,NA,0.00,NA,NA,NA
2020-06-15 08:00:00,61.41,119.34,3.95,17.97,21.91,NA,NA,0.67,124.31,NA,NA,NA,NA,NA,NA,NA,NA,NA,NA,NA,0.00,NA,NA,NA
2020-06-15 09:00:00,56.46,121.39,3.72,17.27,20.99,NA,NA,0.68,132.84,NA,NA,NA,NA,NA,NA,NA,NA,NA,NA,NA,0.00,NA,NA,NA
2020-06-15 10:00:00,51.55,120.10,3.62,17.12,20.74,NA,NA,0.67,138.49,NA,NA,NA,NA,NA,NA,NA,NA,NA,NA,NA,0.00,NA,NA,NA
2020-06-15 11:00:00,48.83,118.17,3.52,16.44,19.95,NA,NA,0.68,137.14,NA,NA,NA,NA,NA,NA,NA,NA,NA,NA,NA,0.00,NA,NA,NA
2020-06-15 12:00:00,51.01,118.33,3.54,15.41,18.96,NA,NA,0.65,136.08,NA,NA,NA,NA,NA,NA,NA,NA,NA,NA,NA,0.00,NA,NA,NA
2020-06-15 13:00:00,44.01,120.61,3.42,15.37,18.80,NA,NA,0.58,140.92,NA,NA,NA,NA,NA,NA,NA,NA,NA,NA,NA,0.00,NA,NA,NA
2020-06-15 14:00:00,46.20,120.84,3.46,15.31,18.77,NA,NA,0.56,139.81,NA,NA,NA,NA,NA,NA,NA,NA,NA,NA,NA,0.00,NA,NA,NA
2020-06-15 15:00:00,38.88,127.03,3.39,15.22,18.61,NA,NA,0.53,139.35,NA,NA,NA,NA,NA,NA,NA,NA,NA,NA,NA,0.00,NA,NA,NA
2020-06-15 16:00:00,39.89,106.11,3.42,15.41,18.83,NA,NA,0.53,134.19,NA,NA,NA,NA,NA,NA,NA,NA,NA,NA,NA,0.00,NA,NA,NA
2020-06-15 17:00:00,37.32,111.64,3.64,24.91,28.54,NA,NA,0.51,134.15,NA,NA,NA,NA,NA,NA,NA,NA,NA,NA,NA,0.00,NA,NA,NA
2020-06-15 18:00:00,34.98,99.33,3.50,18.46,21.96,NA,NA,0.48,131.86,NA,NA,NA,NA,NA,NA,NA,NA,NA,NA,NA,0.00,NA,NA,NA
2020-06-15 19:00:00,34.88,114.91,3.65,24.76,28.41,NA,NA,0.43,121.37,NA,NA,NA,NA,NA,NA,NA,NA,NA,NA,NA,0.00,NA,NA,NA
2020-06-15 20:00:00,48.59,115.13,3.81,26.05,29.87,NA,NA,0.45,112.36,NA,NA,NA,NA,NA,NA,NA,NA,NA,NA,NA,0.00,NA,NA,NA
2020-06-15 21:00:00,45.42,128.28,3.46,17.12,20.58,NA,NA,0.42,117.13,NA,NA,NA,NA,NA,NA,NA,NA,NA,NA,NA,0.00,NA,NA,NA
2020-06-15 22:00:00,68.39,148.73,3.47,17.98,21.45,NA,NA,0.42,114.57,NA,NA,NA,NA,NA,NA,NA,NA,NA,NA,NA,0.00,NA,NA,NA
2020-06-15 23:00:00,77.51,174.95,3.55,16.92,20.47,NA,NA,0.48,113.37,NA,NA,NA,NA,NA,NA,NA,NA,NA,NA,NA,0.00,NA,NA,NA
2020-06-16 00:00:00,79.65,172.63,3.59,17.37,20.96,NA,NA,0.51,108.25,NA,NA,NA,NA,NA,NA,NA,NA,NA,NA,NA,0.00,NA,NA,NA
2020-06-16 01:00:00,72.75,155.49,3.55,15.23,18.78,NA,NA,0.52,105.59,NA,NA,NA,NA,NA,NA,NA,NA,NA,NA,NA,0.00,NA,NA,NA
2020-06-16 02:00:00,63.67,128.68,3.53,14.65,18.18,NA,NA,0.54,101.10,NA,NA,NA,NA,NA,NA,NA,NA,NA,NA,NA,0.00,NA,NA,NA
2020-06-16 03:00:00,56.44,113.41,3.48,14.65,18.13,NA,NA,0.55,97.95,NA,NA,NA,NA,NA,NA,NA,NA,NA,NA,NA,0.00,NA,NA,NA
2020-06-16 04:00:00,49.48,90.93,3.54,14.93,18.47,NA,NA,0.62,95.97,NA,NA,NA,NA,NA,NA,NA,NA,NA,NA,NA,0.00,NA,NA,NA
2020-06-16 05:00:00,30.40,71.66,3.55,15.18,18.72,NA,NA,0.70,95.89,NA,NA,NA,NA,NA,NA,NA,NA,NA,NA,NA,0.00,NA,NA,NA
2020-06-16 06:00:00,23.20,55.79,3.56,14.81,18.37,NA,NA,0.68,95.54,NA,NA,NA,NA,NA,NA,NA,NA,NA,NA,NA,0.00,NA,NA,NA
2020-06-16 07:00:00,27.37,56.66,3.61,14.88,18.49,NA,NA,0.66,95.45,NA,NA,NA,NA,NA,NA,NA,NA,NA,NA,NA,0.00,NA,NA,NA
2020-06-16 08:00:00,23.96,48.85,3.69,13.91,17.60,NA,NA,0.65,98.41,NA,NA,NA,NA,NA,NA,NA,NA,NA,NA,NA,0.00,NA,NA,NA
2020-06-16 09:00:00,37.40,78.56,3.61,13.97,17.57,NA,NA,0.58,102.67,NA,NA,NA,NA,NA,NA,NA,NA,NA,NA,NA,0.00,NA,NA,NA
2020-06-16 10:00:00,43.34,85.10,3.57,13.94,17.51,NA,NA,0.61,106.21,NA,NA,NA,NA,NA,NA,NA,NA,NA,NA,NA,0.00,NA,NA,NA
2020-06-16 11:00:00,38.28,99.47,3.51,13.90,17.41,NA,NA,0.60,93.73,NA,NA,NA,NA,NA,NA,NA,NA,NA,NA,NA,0.00,NA,NA,NA
2020-06-16 12:00:00,45.75,113.00,11.23,10.86,22.61,NA,NA,0.56,34.53,NA,NA,NA,NA,NA,NA,NA,NA,NA,NA,NA,0.00,NA,NA,NA
2020-06-16 13:00:00,50.26,123.10,3.51,19.20,22.71,NA,NA,0.54,51.64,NA,NA,NA,NA,NA,NA,NA,NA,NA,NA,NA,0.00,NA,NA,NA
2020-06-16 14:00:00,49.23,132.59,3.32,17.43,20.75,NA,NA,0.49,60.67,NA,NA,NA,NA,NA,NA,NA,NA,NA,NA,NA,0.00,NA,NA,NA
2020-06-16 15:00:00,43.50,109.66,3.25,15.74,19.00,NA,NA,0.47,60.93,NA,NA,NA,NA,NA,NA,NA,NA,NA,NA,NA,0.00,NA,NA,NA
2020-06-16 16:00:00,24.57,74.60,3.21,15.31,18.52,NA,NA,0.45,54.72,NA,NA,NA,NA,NA,NA,NA,NA,NA,NA,NA,0.00,NA,NA,NA
2020-06-16 17:00:00,32.46,81.77,3.14,17.62,20.76,NA,NA,0.60,59.90,NA,NA,NA,NA,NA,NA,NA,NA,NA,NA,NA,0.00,NA,NA,NA
2020-06-16 18:00:00,27.54,73.93,3.21,18.40,21.61,NA,NA,0.64,56.27,NA,NA,NA,NA,NA,NA,NA,NA,NA,NA,NA,0.00,NA,NA,NA
2020-06-16 19:00:00,50.07,118.40,3.12,20.39,23.51,NA,NA,0.70,39.07,NA,NA,NA,NA,NA,NA,NA,NA,NA,NA,NA,0.00,NA,NA,NA
2020-06-16 20:00:00,45.55,114.47,3.64,22.29,25.94,NA,NA,0.70,43.26,NA,NA,NA,NA,NA,NA,NA,NA,NA,NA,NA,0.00,NA,NA,NA
2020-06-16 21:00:00,45.87,120.66,3.31,26.49,29.80,NA,NA,0.76,30.70,NA,NA,NA,NA,NA,NA,NA,NA,NA,NA,NA,0.00,NA,NA,NA
2020-06-16 22:00:00,51.19,135.66,3.25,25.15,28.40,NA,NA,0.80,29.70,NA,NA,NA,NA,NA,NA,NA,NA,NA,NA,NA,0.00,NA,NA,NA
2020-06-16 23:00:00,55.21,151.06,3.24,23.33,26.58,NA,NA,0.79,31.36,NA,NA,NA,NA,NA,NA,NA,NA,NA,NA,NA,0.00,NA,NA,NA
2020-06-17 00:00:00,55.81,144.05,3.24,18.88,22.12,NA,NA,0.94,31.04,NA,NA,NA,NA,NA,NA,NA,NA,NA,NA,NA,0.00,NA,NA,NA
2020-06-17 01:00:00,62.20,126.66,3.22,17.00,20.22,NA,NA,0.81,22.81,NA,NA,NA,NA,NA,NA,NA,NA,NA,NA,NA,0.00,NA,NA,NA
2020-06-17 02:00:00,47.87,87.27,3.23,15.96,19.19,NA,NA,0.77,19.93,NA,NA,NA,NA,NA,NA,NA,NA,NA,NA,NA,0.00,NA,NA,NA
2020-06-17 03:00:00,35.26,72.75,3.19,16.02,19.21,NA,NA,0.75,16.99,NA,NA,NA,NA,NA,NA,NA,NA,NA,NA,NA,0.00,NA,NA,NA
2020-06-17 04:00:00,30.19,50.07,3.12,15.49,18.62,NA,NA,0.64,15.66,NA,NA,NA,NA,NA,NA,NA,NA,NA,NA,NA,0.00,NA,NA,NA
2020-06-17 05:00:00,23.23,55.84,3.20,15.91,19.10,NA,NA,0.68,16.03,NA,NA,NA,NA,NA,NA,NA,NA,NA,NA,NA,0.00,NA,NA,NA
2020-06-17 06:00:00,24.71,56.90,3.34,16.84,20.18,NA,NA,0.68,14.19,NA,NA,NA,NA,NA,NA,NA,NA,NA,NA,NA,0.00,NA,NA,NA
2020-06-17 07:00:00,20.21,42.82,3.94,18.35,22.29,NA,NA,0.68,12.90,NA,NA,NA,NA,NA,NA,NA,NA,NA,NA,NA,0.00,NA,NA,NA
2020-06-17 08:00:00,27.77,66.81,3.66,16.71,20.38,NA,NA,0.71,17.11,NA,NA,NA,NA,NA,NA,NA,NA,NA,NA,NA,0.00,NA,NA,NA
2020-06-17 09:00:00,35.88,81.73,3.57,16.79,20.36,NA,NA,0.70,23.20,NA,NA,NA,NA,NA,NA,NA,NA,NA,NA,NA,0.00,NA,NA,NA
2020-06-17 10:00:00,41.34,100.92,3.46,17.29,20.75,NA,NA,0.69,29.66,NA,NA,NA,NA,NA,NA,NA,NA,NA,NA,NA,0.00,NA,NA,NA
2020-06-17 11:00:00,41.57,108.11,3.52,18.24,21.76,NA,NA,0.70,38.80,NA,NA,NA,NA,NA,NA,NA,NA,NA,NA,NA,0.00,NA,NA,NA
2020-06-17 12:00:00,36.98,97.64,3.43,17.18,20.62,NA,NA,0.71,46.69,NA,NA,NA,NA,NA,NA,NA,NA,NA,NA,NA,0.00,NA,NA,NA
2020-06-17 13:00:00,42.59,99.80,3.31,16.40,19.72,NA,NA,0.71,52.02,NA,NA,NA,NA,NA,NA,NA,NA,NA,NA,NA,0.00,NA,NA,NA
2020-06-17 14:00:00,36.42,93.55,3.21,15.40,18.62,NA,NA,0.70,54.23,NA,NA,NA,NA,NA,NA,NA,NA,NA,NA,NA,0.00,NA,NA,NA
2020-06-17 15:00:00,39.81,85.02,3.23,14.86,18.09,NA,NA,0.62,53.48,NA,NA,NA,NA,NA,NA,NA,NA,NA,NA,NA,0.00,NA,NA,NA
2020-06-17 16:00:00,41.37,105.73,3.23,14.68,17.90,NA,NA,0.63,54.77,NA,NA,NA,NA,NA,NA,NA,NA,NA,NA,NA,0.00,NA,NA,NA
2020-06-17 17:00:00,43.75,93.77,3.25,16.00,19.24,NA,NA,0.65,59.16,NA,NA,NA,NA,NA,NA,NA,NA,NA,NA,NA,0.00,NA,NA,NA
2020-06-17 18:00:00,28.80,83.68,3.20,19.70,22.90,NA,NA,0.69,60.24,NA,NA,NA,NA,NA,NA,NA,NA,NA,NA,NA,0.00,NA,NA,NA
2020-06-17 19:00:00,35.76,102.06,3.19,17.79,20.98,NA,NA,0.67,45.94,NA,NA,NA,NA,NA,NA,NA,NA,NA,NA,NA,0.00,NA,NA,NA
2020-06-17 20:00:00,32.16,89.93,3.14,16.53,19.67,NA,NA,0.71,39.16,NA,NA,NA,NA,NA,NA,NA,NA,NA,NA,NA,0.00,NA,NA,NA
2020-06-17 21:00:00,46.11,89.79,3.24,16.85,20.09,NA,NA,0.74,34.92,NA,NA,NA,NA,NA,NA,NA,NA,NA,NA,NA,0.00,NA,NA,NA
2020-06-17 22:00:00,50.58,89.63,3.26,16.99,20.25,NA,NA,0.74,28.83,NA,NA,NA,NA,NA,NA,NA,NA,NA,NA,NA,0.00,NA,NA,NA
2020-06-17 23:00:00,35.29,94.11,3.24,15.14,18.39,NA,NA,0.69,20.65,NA,NA,NA,NA,NA,NA,NA,NA,NA,NA,NA,0.00,NA,NA,NA
2020-06-18 00:00:00,29.62,62.03,3.18,14.97,18.14,NA,NA,0.69,17.84,NA,NA,NA,NA,NA,NA,NA,NA,NA,NA,NA,0.00,NA,NA,NA
2020-06-18 01:00:00,29.33,70.21,3.21,14.96,18.17,NA,NA,0.69,17.27,NA,NA,NA,NA,NA,NA,NA,NA,NA,NA,NA,0.00,NA,NA,NA
2020-06-18 02:00:00,36.55,61.39,3.20,15.18,18.38,NA,NA,0.70,15.80,NA,NA,NA,NA,NA,NA,NA,NA,NA,NA,NA,0.00,NA,NA,NA
2020-06-18 03:00:00,38.32,65.80,3.36,16.61,19.97,NA,NA,0.72,12.61,NA,NA,NA,NA,NA,NA,NA,NA,NA,NA,NA,0.00,NA,NA,NA
2020-06-18 04:00:00,36.23,65.39,3.20,16.72,19.93,NA,NA,0.74,11.04,NA,NA,NA,NA,NA,NA,NA,NA,NA,NA,NA,0.00,NA,NA,NA
2020-06-18 05:00:00,40.17,67.44,3.27,16.32,19.59,NA,NA,0.75,9.32,NA,NA,NA,NA,NA,NA,NA,NA,NA,NA,NA,0.00,NA,NA,NA
2020-06-18 06:00:00,43.18,78.95,3.70,18.54,22.24,NA,NA,0.81,6.75,NA,NA,NA,NA,NA,NA,NA,NA,NA,NA,NA,0.00,NA,NA,NA
2020-06-18 07:00:00,57.20,91.67,3.90,19.49,23.39,NA,NA,0.93,9.55,NA,NA,NA,NA,NA,NA,NA,NA,NA,NA,NA,0.00,NA,NA,NA
2020-06-18 08:00:00,40.30,58.21,3.72,16.79,20.51,NA,NA,0.67,15.64,NA,NA,NA,NA,NA,NA,NA,NA,NA,NA,NA,0.00,NA,NA,NA
2020-06-18 09:00:00,39.89,54.87,3.47,16.53,20.00,NA,NA,0.68,21.44,NA,NA,NA,NA,NA,NA,NA,NA,NA,NA,NA,0.00,NA,NA,NA
2020-06-18 10:00:00,45.23,86.35,3.38,16.58,19.96,NA,NA,0.71,24.63,NA,NA,NA,NA,NA,NA,NA,NA,NA,NA,NA,0.00,NA,NA,NA
2020-06-18 11:00:00,46.93,107.92,3.29,15.87,19.16,NA,NA,0.68,27.57,NA,NA,NA,NA,NA,NA,NA,NA,NA,NA,NA,0.00,NA,NA,NA
2020-06-18 12:00:00,46.85,173.37,3.33,14.99,18.32,NA,NA,0.66,32.33,NA,NA,NA,NA,NA,NA,NA,NA,NA,NA,NA,0.00,NA,NA,NA
2020-06-18 13:00:00,37.55,199.90,3.24,15.29,18.54,NA,NA,0.65,40.61,NA,NA,NA,NA,NA,NA,NA,NA,NA,NA,NA,0.00,NA,NA,NA
2020-06-18 14:00:00,36.80,178.12,3.23,15.88,19.12,NA,NA,0.66,54.49,NA,NA,NA,NA,NA,NA,NA,NA,NA,NA,NA,0.00,NA,NA,NA
2020-06-18 15:00:00,40.33,144.47,3.22,15.77,18.99,NA,NA,0.60,53.63,NA,NA,NA,NA,NA,NA,NA,NA,NA,NA,NA,0.00,NA,NA,NA
2020-06-18 16:00:00,42.60,146.93,3.27,20.69,23.96,NA,NA,0.56,48.89,NA,NA,NA,NA,NA,NA,NA,NA,NA,NA,NA,0.00,NA,NA,NA
2020-06-18 17:00:00,63.63,176.84,3.68,21.38,25.06,NA,NA,0.51,51.93,NA,NA,NA,NA,NA,NA,NA,NA,NA,NA,NA,0.00,NA,NA,NA
2020-06-18 18:00:00,42.95,131.29,3.53,15.99,19.52,NA,NA,0.48,55.13,NA,NA,NA,NA,NA,NA,NA,NA,NA,NA,NA,0.00,NA,NA,NA
2020-06-18 19:00:00,26.73,91.52,3.36,16.93,20.30,NA,NA,0.59,48.89,NA,NA,NA,NA,NA,NA,NA,NA,NA,NA,NA,0.00,NA,NA,NA
2020-06-18 20:00:00,41.16,130.94,3.33,18.99,22.30,NA,NA,0.75,48.10,NA,NA,NA,NA,NA,NA,NA,NA,NA,NA,NA,0.00,NA,NA,NA
2020-06-18 21:00:00,47.12,116.27,3.27,16.82,20.09,NA,NA,0.68,35.10,NA,NA,NA,NA,NA,NA,NA,NA,NA,NA,NA,0.00,NA,NA,NA
2020-06-18 22:00:00,46.07,99.34,3.32,17.74,21.07,NA,NA,0.91,32.85,NA,NA,NA,NA,NA,NA,NA,NA,NA,NA,NA,0.00,NA,NA,NA
2020-06-18 23:00:00,47.80,95.67,3.34,17.46,20.79,NA,NA,0.95,34.52,NA,NA,NA,NA,NA,NA,NA,NA,NA,NA,NA,0.00,NA,NA,NA
2020-06-19 00:00:00,62.37,109.07,3.34,18.94,22.29,NA,NA,1.24,27.78,NA,NA,NA,NA,NA,NA,NA,NA,NA,NA,NA,0.00,NA,NA,NA
2020-06-19 01:00:00,65.77,138.22,3.39,16.49,19.88,NA,NA,1.30,21.22,NA,NA,NA,NA,NA,NA,NA,NA,NA,NA,NA,0.00,NA,NA,NA
2020-06-19 02:00:00,61.74,121.38,3.31,15.88,19.19,NA,NA,1.11,20.65,NA,NA,NA,NA,NA,NA,NA,NA,NA,NA,NA,0.00,NA,NA,NA
2020-06-19 03:00:00,40.50,80.88,3.32,15.40,18.71,NA,NA,1.05,19.12,NA,NA,NA,NA,NA,NA,NA,NA,NA,NA,NA,0.00,NA,NA,NA
2020-06-19 04:00:00,38.89,65.05,3.34,14.83,18.16,NA,NA,1.06,17.49,NA,NA,NA,NA,NA,NA,NA,NA,NA,NA,NA,0.00,NA,NA,NA
2020-06-19 05:00:00,42.42,54.28,3.40,15.01,18.41,NA,NA,1.05,13.79,NA,NA,NA,NA,NA,NA,NA,NA,NA,NA,NA,0.00,NA,NA,NA
2020-06-19 06:00:00,39.56,59.71,3.50,15.58,19.09,NA,NA,1.06,13.27,NA,NA,NA,NA,NA,NA,NA,NA,NA,NA,NA,0.00,NA,NA,NA
2020-06-19 07:00:00,33.48,49.41,3.65,15.59,19.24,NA,NA,1.05,12.72,NA,NA,NA,NA,NA,NA,NA,NA,NA,NA,NA,0.00,NA,NA,NA
2020-06-19 08:00:00,40.80,65.95,3.65,16.11,19.76,NA,NA,1.08,13.03,NA,NA,NA,NA,NA,NA,NA,NA,NA,NA,NA,0.00,NA,NA,NA
2020-06-19 09:00:00,46.39,95.36,3.69,16.22,19.91,NA,NA,1.05,6.04,NA,NA,NA,NA,NA,NA,NA,NA,NA,NA,NA,0.00,NA,NA,NA
2020-06-19 10:00:00,42.70,168.76,3.60,16.68,20.28,NA,NA,1.04,10.32,NA,NA,NA,NA,NA,NA,NA,NA,NA,NA,NA,0.00,NA,NA,NA
2020-06-19 11:00:00,45.34,284.95,3.42,15.55,18.97,NA,NA,0.93,17.13,NA,NA,NA,NA,NA,NA,NA,NA,NA,NA,NA,0.00,NA,NA,NA
2020-06-19 12:00:00,42.27,453.04,3.41,15.12,18.53,NA,NA,0.95,24.23,NA,NA,NA,NA,NA,NA,NA,NA,NA,NA,NA,0.00,NA,NA,NA
2020-06-19 13:00:00,50.52,492.13,3.30,14.91,18.22,NA,NA,0.92,24.26,NA,NA,NA,NA,NA,NA,NA,NA,NA,NA,NA,0.00,NA,NA,NA
2020-06-19 14:00:00,44.93,488.20,3.30,14.65,17.95,NA,NA,0.90,23.54,NA,NA,NA,NA,NA,NA,NA,NA,NA,NA,NA,0.00,NA,NA,NA
2020-06-19 15:00:00,45.47,449.52,3.34,14.39,17.73,NA,NA,0.86,24.41,NA,NA,NA,NA,NA,NA,NA,NA,NA,NA,NA,0.00,NA,NA,NA
2020-06-19 16:00:00,47.75,481.41,3.27,14.72,18.00,NA,NA,0.89,26.35,NA,NA,NA,NA,NA,NA,NA,NA,NA,NA,NA,0.00,NA,NA,NA
2020-06-19 17:00:00,56.96,423.14,3.28,14.63,17.91,NA,NA,0.86,26.23,NA,NA,NA,NA,NA,NA,NA,NA,NA,NA,NA,0.00,NA,NA,NA
2020-06-19 18:00:00,54.92,396.12,3.36,16.79,20.15,NA,NA,1.12,50.47,NA,NA,NA,NA,NA,NA,NA,NA,NA,NA,NA,0.00,NA,NA,NA
2020-06-19 19:00:00,66.59,327.16,3.28,17.62,20.89,NA,NA,1.14,42.30,NA,NA,NA,NA,NA,NA,NA,NA,NA,NA,NA,0.00,NA,NA,NA
2020-06-19 20:00:00,58.34,259.03,3.25,16.27,19.51,NA,NA,1.08,32.59,NA,NA,NA,NA,NA,NA,NA,NA,NA,NA,NA,0.00,NA,NA,NA
2020-06-19 21:00:00,62.06,252.70,3.26,16.88,20.14,NA,NA,1.08,23.81,NA,NA,NA,NA,NA,NA,NA,NA,NA,NA,NA,0.00,NA,NA,NA
2020-06-19 22:00:00,56.55,202.49,3.29,16.64,19.93,NA,NA,1.09,25.91,NA,NA,NA,NA,NA,NA,NA,NA,NA,NA,NA,0.00,NA,NA,NA
2020-06-19 23:00:00,61.43,149.77,3.28,16.52,19.79,NA,NA,1.04,22.87,NA,NA,NA,NA,NA,NA,NA,NA,NA,NA,NA,0.00,NA,NA,NA
2020-06-20 00:00:00,49.09,125.59,3.25,16.58,19.82,NA,NA,0.97,19.49,NA,NA,NA,NA,NA,NA,NA,NA,NA,NA,NA,0.00,NA,NA,NA
2020-06-20 01:00:00,48.23,90.20,3.34,17.66,21.00,NA,NA,0.88,17.08,NA,NA,NA,NA,NA,NA,NA,NA,NA,NA,NA,0.00,NA,NA,NA
2020-06-20 02:00:00,40.42,79.58,3.24,15.98,19.22,NA,NA,0.87,11.22,NA,NA,NA,NA,NA,NA,NA,NA,NA,NA,NA,0.00,NA,NA,NA
2020-06-20 03:00:00,34.52,63.77,3.26,15.68,18.94,NA,NA,0.86,10.54,NA,NA,NA,NA,NA,NA,NA,NA,NA,NA,NA,0.00,NA,NA,NA
2020-06-20 04:00:00,36.69,64.40,3.31,16.03,19.34,NA,NA,0.88,12.03,NA,NA,NA,NA,NA,NA,NA,NA,NA,NA,NA,0.00,NA,NA,NA
2020-06-20 05:00:00,31.68,63.72,3.20,15.34,18.55,NA,NA,0.82,16.21,NA,NA,NA,NA,NA,NA,NA,NA,NA,NA,NA,0.00,NA,NA,NA
2020-06-20 06:00:00,15.53,62.05,3.34,15.41,18.75,NA,NA,0.74,21.62,NA,NA,NA,NA,NA,NA,NA,NA,NA,NA,NA,0.00,NA,NA,NA
2020-06-20 07:00:00,19.31,55.46,3.64,18.15,21.79,NA,NA,0.80,14.78,NA,NA,NA,NA,NA,NA,NA,NA,NA,NA,NA,0.00,NA,NA,NA
2020-06-20 08:00:00,23.52,138.47,3.43,16.44,19.88,NA,NA,0.77,19.83,NA,NA,NA,NA,NA,NA,NA,NA,NA,NA,NA,0.00,NA,NA,NA
2020-06-20 09:00:00,38.38,348.08,3.56,16.72,20.29,NA,NA,0.74,20.19,NA,NA,NA,NA,NA,NA,NA,NA,NA,NA,NA,0.00,NA,NA,NA
2020-06-20 10:00:00,16.92,185.86,5.12,20.59,25.71,NA,NA,0.77,17.05,NA,NA,NA,NA,NA,NA,NA,NA,NA,NA,NA,0.00,NA,NA,NA
2020-06-20 11:00:00,31.48,114.64,4.08,21.69,25.77,NA,NA,0.93,20.94,NA,NA,NA,NA,NA,NA,NA,NA,NA,NA,NA,0.00,NA,NA,NA
2020-06-20 12:00:00,32.20,134.18,3.56,19.81,23.37,NA,NA,0.83,26.23,NA,NA,NA,NA,NA,NA,NA,NA,NA,NA,NA,0.00,NA,NA,NA
2020-06-20 13:00:00,36.10,138.02,3.56,23.56,27.12,NA,NA,0.82,33.75,NA,NA,NA,NA,NA,NA,NA,NA,NA,NA,NA,0.00,NA,NA,NA
2020-06-20 14:00:00,39.90,158.84,3.49,20.98,24.47,NA,NA,0.77,34.34,NA,NA,NA,NA,NA,NA,NA,NA,NA,NA,NA,0.00,NA,NA,NA
2020-06-20 15:00:00,34.22,164.83,3.41,19.03,22.44,NA,NA,0.79,35.52,NA,NA,NA,NA,NA,NA,NA,NA,NA,NA,NA,0.00,NA,NA,NA
2020-06-20 16:00:00,40.06,169.94,3.37,18.04,21.41,NA,NA,0.82,42.66,NA,NA,NA,NA,NA,NA,NA,NA,NA,NA,NA,0.00,NA,NA,NA
2020-06-20 17:00:00,46.21,210.60,3.27,19.18,22.46,NA,NA,0.85,39.84,NA,NA,NA,NA,NA,NA,NA,NA,NA,NA,NA,0.00,NA,NA,NA
2020-06-20 18:00:00,30.45,228.56,3.31,16.89,20.20,NA,NA,0.68,24.37,NA,NA,NA,NA,NA,NA,NA,NA,NA,NA,NA,0.00,NA,NA,NA
2020-06-20 19:00:00,12.61,77.24,3.25,16.87,20.12,NA,NA,0.72,22.23,NA,NA,NA,NA,NA,NA,NA,NA,NA,NA,NA,0.00,NA,NA,NA
2020-06-20 20:00:00,17.40,66.18,3.34,19.71,23.05,NA,NA,0.76,18.43,NA,NA,NA,NA,NA,NA,NA,NA,NA,NA,NA,0.00,NA,NA,NA
2020-06-20 21:00:00,25.39,83.36,3.36,22.52,25.87,NA,NA,0.84,13.87,NA,NA,NA,NA,NA,NA,NA,NA,NA,NA,NA,0.00,NA,NA,NA
2020-06-20 22:00:00,31.71,87.63,3.35,21.55,24.89,NA,NA,0.86,10.73,NA,NA,NA,NA,NA,NA,NA,NA,NA,NA,NA,0.00,NA,NA,NA
2020-06-20 23:00:00,34.08,92.28,3.47,26.05,29.52,NA,NA,0.88,5.17,NA,NA,NA,NA,NA,NA,NA,NA,NA,NA,NA,0.00,NA,NA,NA
2020-06-21 00:00:00,31.33,92.20,3.51,26.66,30.17,NA,NA,0.79,5.69,NA,NA,NA,NA,NA,NA,NA,NA,NA,NA,NA,0.00,NA,NA,NA
2020-06-21 01:00:00,34.03,96.52,3.35,21.24,24.59,NA,NA,0.74,11.65,NA,NA,NA,NA,NA,NA,NA,NA,NA,NA,NA,0.00,NA,NA,NA
2020-06-21 02:00:00,27.78,82.99,3.49,22.52,26.01,NA,NA,0.74,7.28,NA,NA,NA,NA,NA,NA,NA,NA,NA,NA,NA,0.00,NA,NA,NA
2020-06-21 03:00:00,28.83,87.29,3.47,21.23,24.70,NA,NA,0.74,10.67,NA,NA,NA,NA,NA,NA,NA,NA,NA,NA,NA,0.00,NA,NA,NA
2020-06-21 04:00:00,26.42,81.65,3.39,20.72,24.11,NA,NA,0.73,19.20,NA,NA,NA,NA,NA,NA,NA,NA,NA,NA,NA,0.00,NA,NA,NA
2020-06-21 05:00:00,26.70,88.15,3.45,22.37,25.82,NA,NA,0.68,11.01,NA,NA,NA,NA,NA,NA,NA,NA,NA,NA,NA,0.00,NA,NA,NA
2020-06-21 06:00:00,27.68,80.50,3.60,21.43,25.02,NA,NA,0.63,15.85,NA,NA,NA,NA,NA,NA,NA,NA,NA,NA,NA,0.00,NA,NA,NA
2020-06-21 07:00:00,25.48,60.53,3.50,18.26,21.76,NA,NA,0.55,22.29,NA,NA,NA,NA,NA,NA,NA,NA,NA,NA,NA,0.00,NA,NA,NA
2020-06-21 08:00:00,20.29,50.52,3.85,20.87,24.72,NA,NA,0.56,18.80,NA,NA,NA,NA,NA,NA,NA,NA,NA,NA,NA,0.00,NA,NA,NA
2020-06-21 09:00:00,29.35,63.40,4.17,20.64,24.81,NA,NA,0.59,17.44,NA,NA,NA,NA,NA,NA,NA,NA,NA,NA,NA,0.00,NA,NA,NA
2020-06-21 10:00:00,34.87,102.94,3.77,19.20,22.96,NA,NA,0.60,19.50,NA,NA,NA,NA,NA,NA,NA,NA,NA,NA,NA,0.00,NA,NA,NA
2020-06-21 11:00:00,45.34,99.87,3.48,18.58,22.05,NA,NA,0.52,33.38,NA,NA,NA,NA,NA,NA,NA,NA,NA,NA,NA,0.00,NA,NA,NA
2020-06-21 12:00:00,50.39,125.25,3.43,17.33,20.76,NA,NA,0.59,36.39,NA,NA,NA,NA,NA,NA,NA,NA,NA,NA,NA,0.00,NA,NA,NA
2020-06-21 13:00:00,33.47,85.95,3.45,17.58,21.03,NA,NA,0.52,36.22,NA,NA,NA,NA,NA,NA,NA,NA,NA,NA,NA,0.00,NA,NA,NA
2020-06-21 14:00:00,40.83,106.08,3.37,17.00,20.37,NA,NA,0.53,39.67,NA,NA,NA,NA,NA,NA,NA,NA,NA,NA,NA,0.00,NA,NA,NA
2020-06-21 15:00:00,46.12,127.34,3.42,16.42,19.84,NA,NA,0.52,45.89,NA,NA,NA,NA,NA,NA,NA,NA,NA,NA,NA,0.00,NA,NA,NA
2020-06-21 16:00:00,46.59,125.84,3.39,16.20,19.59,NA,NA,0.53,49.67,NA,NA,NA,NA,NA,NA,NA,NA,NA,NA,NA,0.00,NA,NA,NA
2020-06-21 17:00:00,48.07,122.76,3.41,16.08,19.49,NA,NA,0.52,50.05,NA,NA,NA,NA,NA,NA,NA,NA,NA,NA,NA,0.00,NA,NA,NA
2020-06-21 18:00:00,37.41,117.93,3.37,16.55,19.92,NA,NA,0.48,49.48,NA,NA,NA,NA,NA,NA,NA,NA,NA,NA,NA,0.00,NA,NA,NA
2020-06-21 19:00:00,9.41,111.46,3.36,16.99,20.35,NA,NA,0.50,42.86,NA,NA,NA,NA,NA,NA,NA,NA,NA,NA,NA,0.00,NA,NA,NA
2020-06-21 20:00:00,NA,95.16,3.33,17.73,21.06,NA,NA,0.52,35.97,NA,NA,NA,NA,NA,NA,NA,NA,NA,NA,NA,0.00,NA,NA,NA
2020-06-21 21:00:00,36.88,88.30,3.37,19.02,22.38,NA,NA,0.63,30.32,NA,NA,NA,NA,NA,NA,NA,NA,NA,NA,NA,0.00,NA,NA,NA
2020-06-21 22:00:00,49.56,96.12,3.36,18.08,21.44,NA,NA,0.66,27.27,NA,NA,NA,NA,NA,NA,NA,NA,NA,NA,NA,0.00,NA,NA,NA
2020-06-21 23:00:00,50.92,79.93,3.35,16.38,19.72,NA,NA,0.60,24.11,NA,NA,NA,NA,NA,NA,NA,NA,NA,NA,NA,0.00,NA,NA,NA
2020-06-22 00:00:00,54.71,102.27,3.43,16.28,19.71,NA,NA,0.66,24.22,NA,NA,NA,NA,NA,NA,NA,NA,NA,NA,NA,0.00,NA,NA,NA
2020-06-22 01:00:00,62.05,135.87,3.34,16.02,19.36,NA,NA,0.68,25.19,NA,NA,NA,NA,NA,NA,NA,NA,NA,NA,NA,0.00,NA,NA,NA
2020-06-22 02:00:00,53.52,98.80,3.32,16.04,19.37,NA,NA,0.84,23.24,NA,NA,NA,NA,NA,NA,NA,NA,NA,NA,NA,0.00,NA,NA,NA
2020-06-22 03:00:00,48.48,75.07,3.32,15.61,18.92,NA,NA,0.84,24.83,NA,NA,NA,NA,NA,NA,NA,NA,NA,NA,NA,0.00,NA,NA,NA
2020-06-22 04:00:00,50.89,78.82,3.37,15.96,19.33,NA,NA,0.83,20.89,NA,NA,NA,NA,NA,NA,NA,NA,NA,NA,NA,0.00,NA,NA,NA
2020-06-22 05:00:00,55.61,82.44,3.41,16.67,20.08,NA,NA,0.88,10.17,NA,NA,NA,NA,NA,NA,NA,NA,NA,NA,NA,0.00,NA,NA,NA
2020-06-22 06:00:00,61.85,97.75,3.40,16.18,19.57,NA,NA,0.75,14.73,NA,NA,NA,NA,NA,NA,NA,NA,NA,NA,NA,0.00,NA,NA,NA
2020-06-22 07:00:00,27.43,41.27,3.41,14.87,18.28,NA,NA,0.83,19.65,NA,NA,NA,NA,NA,NA,NA,NA,NA,NA,NA,0.00,NA,NA,NA
2020-06-22 08:00:00,23.54,61.79,3.94,16.38,20.32,NA,NA,0.88,13.96,NA,NA,NA,NA,NA,NA,NA,NA,NA,NA,NA,0.00,NA,NA,NA
2020-06-22 09:00:00,26.26,93.22,4.43,17.25,21.68,NA,NA,0.92,6.75,NA,NA,NA,NA,NA,NA,NA,NA,NA,NA,NA,0.00,NA,NA,NA
2020-06-22 10:00:00,26.02,50.22,3.96,17.75,21.71,NA,NA,0.89,16.29,NA,NA,NA,NA,NA,NA,NA,NA,NA,NA,NA,0.00,NA,NA,NA
2020-06-22 11:00:00,37.27,57.77,3.71,19.51,23.22,NA,NA,0.86,28.87,NA,NA,NA,NA,NA,NA,NA,NA,NA,NA,NA,0.00,NA,NA,NA
2020-06-22 12:00:00,28.90,56.11,3.60,18.35,21.95,NA,NA,0.84,41.58,NA,NA,NA,NA,NA,NA,NA,NA,NA,NA,NA,0.00,NA,NA,NA
2020-06-22 13:00:00,32.42,62.60,3.49,18.50,21.99,NA,NA,0.86,41.43,NA,NA,NA,NA,NA,NA,NA,NA,NA,NA,NA,0.00,NA,NA,NA
2020-06-22 14:00:00,37.11,74.59,3.50,18.17,21.67,NA,NA,0.86,47.95,NA,NA,NA,NA,NA,NA,NA,NA,NA,NA,NA,0.00,NA,NA,NA
2020-06-22 15:00:00,43.06,66.74,3.43,18.23,21.67,NA,NA,0.88,52.18,NA,NA,NA,NA,NA,NA,NA,NA,NA,NA,NA,0.00,NA,NA,NA
2020-06-22 16:00:00,36.71,65.58,3.43,18.08,21.51,NA,NA,0.88,54.40,NA,NA,NA,NA,NA,NA,NA,NA,NA,NA,NA,0.00,NA,NA,NA
2020-06-22 17:00:00,37.40,60.98,3.50,18.10,21.60,NA,NA,0.88,53.20,NA,NA,NA,NA,NA,NA,NA,NA,NA,NA,NA,0.00,NA,NA,NA
2020-06-22 18:00:00,34.51,63.49,3.44,19.56,23.01,NA,NA,0.87,50.12,NA,NA,NA,NA,NA,NA,NA,NA,NA,NA,NA,0.00,NA,NA,NA
2020-06-22 19:00:00,40.02,82.17,3.37,24.42,27.78,NA,NA,0.96,30.65,NA,NA,NA,NA,NA,NA,NA,NA,NA,NA,NA,0.00,NA,NA,NA
2020-06-22 20:00:00,53.22,89.46,3.46,27.09,30.56,NA,NA,1.12,24.49,NA,NA,NA,NA,NA,NA,NA,NA,NA,NA,NA,0.00,NA,NA,NA
2020-06-22 21:00:00,82.95,127.81,3.50,24.93,28.44,NA,NA,1.42,30.89,NA,NA,NA,NA,NA,NA,NA,NA,NA,NA,NA,0.00,NA,NA,NA
2020-06-22 22:00:00,87.32,132.50,3.61,24.82,28.43,NA,NA,1.31,26.72,NA,NA,NA,NA,NA,NA,NA,NA,NA,NA,NA,0.00,NA,NA,NA
2020-06-22 23:00:00,99.89,149.64,3.71,24.86,28.57,NA,NA,1.23,16.04,NA,NA,NA,NA,NA,NA,NA,NA,NA,NA,NA,0.00,NA,NA,NA
2020-06-23 00:00:00,56.90,103.35,3.54,20.59,24.14,NA,NA,0.96,17.42,NA,NA,NA,NA,NA,NA,NA,NA,NA,NA,NA,0.00,NA,NA,NA
2020-06-23 01:00:00,46.38,101.86,3.49,18.57,22.06,NA,NA,0.85,10.44,NA,NA,NA,NA,NA,NA,NA,NA,NA,NA,NA,0.00,NA,NA,NA
2020-06-23 02:00:00,36.15,79.21,3.50,18.04,21.55,NA,NA,0.86,11.04,NA,NA,NA,NA,NA,NA,NA,NA,NA,NA,NA,0.00,NA,NA,NA
2020-06-23 03:00:00,28.95,54.53,3.48,17.62,21.10,NA,NA,0.82,11.92,NA,NA,NA,NA,NA,NA,NA,NA,NA,NA,NA,0.00,NA,NA,NA
2020-06-23 04:00:00,21.70,44.78,3.46,18.18,21.64,NA,NA,0.82,9.36,NA,NA,NA,NA,NA,NA,NA,NA,NA,NA,NA,0.00,NA,NA,NA
2020-06-23 05:00:00,25.69,41.52,3.78,20.08,23.87,NA,NA,0.83,11.42,NA,NA,NA,NA,NA,NA,NA,NA,NA,NA,NA,0.00,NA,NA,NA
2020-06-23 06:00:00,24.43,45.97,4.00,18.78,22.78,NA,NA,0.83,5.90,NA,NA,NA,NA,NA,NA,NA,NA,NA,NA,NA,0.00,NA,NA,NA
2020-06-23 07:00:00,24.59,42.31,4.19,18.93,23.12,NA,NA,0.77,7.47,NA,NA,NA,NA,NA,NA,NA,NA,NA,NA,NA,0.00,NA,NA,NA
2020-06-23 08:00:00,32.06,54.76,3.93,18.09,22.02,NA,NA,0.82,9.67,NA,NA,NA,NA,NA,NA,NA,NA,NA,NA,NA,0.00,NA,NA,NA
2020-06-23 09:00:00,30.21,60.10,3.80,17.67,21.46,NA,NA,0.78,14.05,NA,NA,NA,NA,NA,NA,NA,NA,NA,NA,NA,0.00,NA,NA,NA
2020-06-23 10:00:00,27.03,43.29,3.64,17.94,21.58,NA,NA,0.75,21.76,NA,NA,NA,NA,NA,NA,NA,NA,NA,NA,NA,0.00,NA,NA,NA
2020-06-23 11:00:00,35.37,48.67,3.58,17.81,21.39,NA,NA,0.75,21.22,NA,NA,NA,NA,NA,NA,NA,NA,NA,NA,NA,0.00,NA,NA,NA
2020-06-23 12:00:00,37.32,52.37,3.56,17.85,21.41,NA,NA,0.77,22.80,NA,NA,NA,NA,NA,NA,NA,NA,NA,NA,NA,0.00,NA,NA,NA
2020-06-23 13:00:00,24.14,52.71,3.49,16.97,20.46,NA,NA,0.75,26.53,NA,NA,NA,NA,NA,NA,NA,NA,NA,NA,NA,0.00,NA,NA,NA
2020-06-23 14:00:00,18.23,31.94,3.43,16.61,20.04,NA,NA,0.76,30.50,NA,NA,NA,NA,NA,NA,NA,NA,NA,NA,NA,0.00,NA,NA,NA
2020-06-23 15:00:00,16.39,27.24,3.43,16.21,19.64,NA,NA,0.75,28.42,NA,NA,NA,NA,NA,NA,NA,NA,NA,NA,NA,0.00,NA,NA,NA
2020-06-23 16:00:00,21.07,42.57,3.43,15.87,19.30,NA,NA,0.76,27.96,NA,NA,NA,NA,NA,NA,NA,NA,NA,NA,NA,0.00,NA,NA,NA
2020-06-23 17:00:00,27.60,51.26,3.42,15.99,19.40,NA,NA,0.77,29.18,NA,NA,NA,NA,NA,NA,NA,NA,NA,NA,NA,0.00,NA,NA,NA
2020-06-23 18:00:00,27.02,60.73,3.38,16.07,19.45,NA,NA,0.77,23.80,NA,NA,NA,NA,NA,NA,NA,NA,NA,NA,NA,0.00,NA,NA,NA
2020-06-23 19:00:00,20.59,172.43,3.33,16.60,19.93,NA,NA,0.78,24.75,NA,NA,NA,NA,NA,NA,NA,NA,NA,NA,NA,0.00,NA,NA,NA
2020-06-23 20:00:00,24.76,49.41,3.41,17.12,20.54,NA,NA,0.83,24.64,NA,NA,NA,NA,NA,NA,NA,NA,NA,NA,NA,0.00,NA,NA,NA
2020-06-23 21:00:00,39.79,68.35,3.46,16.28,19.73,NA,NA,0.87,22.37,NA,NA,NA,NA,NA,NA,NA,NA,NA,NA,NA,0.00,NA,NA,NA
2020-06-23 22:00:00,48.22,83.51,3.34,17.32,20.66,NA,NA,0.95,15.59,NA,NA,NA,NA,NA,NA,NA,NA,NA,NA,NA,0.00,NA,NA,NA
2020-06-23 23:00:00,56.94,90.12,3.41,17.11,20.53,NA,NA,0.93,14.48,NA,NA,NA,NA,NA,NA,NA,NA,NA,NA,NA,0.00,NA,NA,NA
2020-06-24 00:00:00,44.71,72.60,3.42,17.42,20.84,NA,NA,0.92,9.49,NA,NA,NA,NA,NA,NA,NA,NA,NA,NA,NA,0.00,NA,NA,NA
2020-06-24 01:00:00,48.76,81.37,3.38,17.12,20.50,NA,NA,1.01,8.83,NA,NA,NA,NA,NA,NA,NA,NA,NA,NA,NA,0.00,NA,NA,NA
2020-06-24 02:00:00,38.32,71.19,3.44,16.48,19.92,NA,NA,0.98,10.61,NA,NA,NA,NA,NA,NA,NA,NA,NA,NA,NA,0.00,NA,NA,NA
2020-06-24 03:00:00,41.73,63.37,3.39,16.54,19.94,NA,NA,0.95,10.35,NA,NA,NA,NA,NA,NA,NA,NA,NA,NA,NA,0.00,NA,NA,NA
2020-06-24 04:00:00,38.99,70.03,3.48,17.88,21.36,NA,NA,0.94,6.42,NA,NA,NA,NA,NA,NA,NA,NA,NA,NA,NA,0.00,NA,NA,NA
2020-06-24 05:00:00,42.15,67.33,3.40,17.80,21.21,NA,NA,0.92,9.10,NA,NA,NA,NA,NA,NA,NA,NA,NA,NA,NA,0.00,NA,NA,NA
2020-06-24 06:00:00,34.30,45.96,3.79,19.01,22.80,NA,NA,0.88,8.78,NA,NA,NA,NA,NA,NA,NA,NA,NA,NA,NA,0.00,NA,NA,NA
2020-06-24 07:00:00,29.15,50.81,3.67,16.80,20.47,NA,NA,0.91,10.99,NA,NA,NA,NA,NA,NA,NA,NA,NA,NA,NA,0.00,NA,NA,NA
2020-06-24 08:00:00,32.80,49.59,3.02,12.13,15.15,NA,NA,0.89,12.54,NA,NA,NA,NA,NA,NA,NA,NA,NA,NA,NA,0.00,NA,NA,NA
2020-06-24 09:00:00,31.27,61.09,2.95,11.46,14.41,NA,NA,0.92,16.31,NA,NA,NA,NA,NA,NA,NA,NA,NA,NA,NA,0.00,NA,NA,NA
2020-06-24 10:00:00,51.30,83.54,2.89,11.45,14.33,NA,NA,0.94,18.57,NA,NA,NA,NA,NA,NA,NA,NA,NA,NA,NA,0.00,NA,NA,NA
2020-06-24 11:00:00,53.87,93.14,2.88,11.35,14.23,NA,NA,0.92,19.73,NA,NA,NA,NA,NA,NA,NA,NA,NA,NA,NA,0.00,NA,NA,NA
2020-06-24 12:00:00,28.49,52.49,2.89,11.33,14.22,NA,NA,0.81,14.16,NA,NA,NA,NA,NA,NA,NA,NA,NA,NA,NA,0.00,NA,NA,NA
2020-06-24 13:00:00,2.78,6.27,2.81,11.45,14.25,NA,NA,0.82,18.52,NA,NA,NA,NA,NA,NA,NA,NA,NA,NA,NA,0.00,NA,NA,NA
2020-06-24 14:00:00,22.35,15.99,2.79,11.39,14.19,NA,NA,0.83,24.08,NA,NA,NA,NA,NA,NA,NA,NA,NA,NA,NA,0.00,NA,NA,NA
2020-06-24 15:00:00,23.66,37.24,2.82,11.30,14.12,NA,NA,0.84,25.40,NA,NA,NA,NA,NA,NA,NA,NA,NA,NA,NA,0.00,NA,NA,NA
2020-06-24 16:00:00,38.32,54.10,2.86,11.30,14.17,NA,NA,0.79,22.15,NA,NA,NA,NA,NA,NA,NA,NA,NA,NA,NA,0.00,NA,NA,NA
2020-06-24 17:00:00,38.74,50.71,2.83,11.34,14.18,NA,NA,0.71,26.78,NA,NA,NA,NA,NA,NA,NA,NA,NA,NA,NA,0.00,NA,NA,NA
2020-06-24 18:00:00,33.97,53.53,2.85,11.44,14.29,NA,NA,0.74,25.69,NA,NA,NA,NA,NA,NA,NA,NA,NA,NA,NA,0.00,NA,NA,NA
2020-06-24 19:00:00,35.76,53.00,2.79,11.49,14.29,NA,NA,0.75,24.47,NA,NA,NA,NA,NA,NA,NA,NA,NA,NA,NA,0.00,NA,NA,NA
2020-06-24 20:00:00,29.20,35.82,2.75,11.47,14.22,NA,NA,0.74,21.14,NA,NA,NA,NA,NA,NA,NA,NA,NA,NA,NA,0.00,NA,NA,NA
2020-06-24 21:00:00,30.64,45.03,2.86,11.30,14.16,NA,NA,0.77,12.20,NA,NA,NA,NA,NA,NA,NA,NA,NA,NA,NA,0.00,NA,NA,NA
2020-06-24 22:00:00,35.25,45.74,2.87,11.35,14.21,NA,NA,0.77,13.42,NA,NA,NA,NA,NA,NA,NA,NA,NA,NA,NA,0.00,NA,NA,NA
2020-06-24 23:00:00,45.05,61.76,2.78,11.43,14.21,NA,NA,0.82,11.04,NA,NA,NA,NA,NA,NA,NA,NA,NA,NA,NA,0.00,NA,NA,NA
2020-06-25 00:00:00,52.78,69.70,2.82,11.37,14.19,NA,NA,0.86,7.54,NA,NA,NA,NA,NA,NA,NA,NA,NA,NA,NA,0.00,NA,NA,NA
2020-06-25 01:00:00,56.89,87.38,2.84,11.37,14.21,NA,NA,0.87,0.88,NA,NA,NA,NA,NA,NA,NA,NA,NA,NA,NA,0.00,NA,NA,NA
2020-06-25 02:00:00,66.44,97.20,2.83,11.31,14.14,NA,NA,0.91,2.34,NA,NA,NA,NA,NA,NA,NA,NA,NA,NA,NA,0.00,NA,NA,NA
2020-06-25 03:00:00,62.11,104.12,2.82,11.38,14.20,NA,NA,0.89,3.03,NA,NA,NA,NA,NA,NA,NA,NA,NA,NA,NA,0.00,NA,NA,NA
2020-06-25 04:00:00,51.08,72.28,2.86,11.35,14.21,NA,NA,0.78,0.56,NA,NA,NA,NA,NA,NA,NA,NA,NA,NA,NA,0.00,NA,NA,NA
2020-06-25 05:00:00,38.25,61.19,2.92,11.23,14.15,NA,NA,0.76,2.73,NA,NA,NA,NA,NA,NA,NA,NA,NA,NA,NA,0.00,NA,NA,NA
2020-06-25 06:00:00,39.72,63.02,2.84,11.41,14.25,NA,NA,0.79,3.68,NA,NA,NA,NA,NA,NA,NA,NA,NA,NA,NA,0.00,NA,NA,NA
2020-06-25 07:00:00,36.39,69.69,2.84,11.40,14.24,NA,NA,0.74,3.40,NA,NA,NA,NA,NA,NA,NA,NA,NA,NA,NA,0.00,NA,NA,NA
2020-06-25 08:00:00,38.31,58.42,2.79,11.41,14.20,NA,NA,0.70,7.32,NA,NA,NA,NA,NA,NA,NA,NA,NA,NA,NA,0.00,NA,NA,NA
2020-06-25 09:00:00,36.26,60.41,2.91,11.29,14.20,NA,NA,0.68,11.86,NA,NA,NA,NA,NA,NA,NA,NA,NA,NA,NA,0.00,NA,NA,NA
2020-06-25 10:00:00,30.84,55.12,2.86,11.41,14.27,NA,NA,0.64,15.87,NA,NA,NA,NA,NA,NA,NA,NA,NA,NA,NA,0.00,NA,NA,NA
2020-06-25 11:00:00,29.64,59.95,2.85,11.28,14.13,NA,NA,0.64,21.98,NA,NA,NA,NA,NA,NA,NA,NA,NA,NA,NA,0.00,NA,NA,NA
2020-06-25 12:00:00,21.01,35.52,2.90,11.30,14.20,NA,NA,0.62,23.29,NA,NA,NA,NA,NA,NA,NA,NA,NA,NA,NA,0.00,NA,NA,NA
2020-06-25 13:00:00,22.38,42.96,2.84,11.33,14.17,NA,NA,0.58,25.94,NA,NA,NA,NA,NA,NA,NA,NA,NA,NA,NA,0.00,NA,NA,NA
2020-06-25 14:00:00,31.06,50.80,2.78,11.38,14.16,NA,NA,0.59,28.04,NA,NA,NA,NA,NA,NA,NA,NA,NA,NA,NA,0.00,NA,NA,NA
2020-06-25 15:00:00,43.58,212.48,2.82,11.34,14.16,NA,NA,0.57,21.97,NA,NA,NA,NA,NA,NA,NA,NA,NA,NA,NA,0.00,NA,NA,NA
2020-06-25 16:00:00,17.04,97.67,2.88,11.35,14.23,NA,NA,0.55,19.19,NA,NA,NA,NA,NA,NA,NA,NA,NA,NA,NA,0.00,NA,NA,NA
2020-06-25 17:00:00,28.39,74.50,2.90,11.36,14.25,NA,NA,0.59,18.87,NA,NA,NA,NA,NA,NA,NA,NA,NA,NA,NA,0.00,NA,NA,NA
2020-06-25 18:00:00,34.10,85.44,2.91,11.39,14.30,NA,NA,0.61,20.53,NA,NA,NA,NA,NA,NA,NA,NA,NA,NA,NA,0.00,NA,NA,NA
2020-06-25 19:00:00,36.88,94.20,2.91,11.45,14.35,NA,NA,0.68,24.97,NA,NA,NA,NA,NA,NA,NA,NA,NA,NA,NA,0.00,NA,NA,NA
2020-06-25 20:00:00,57.57,103.47,2.96,11.35,14.31,NA,NA,0.83,11.52,NA,NA,NA,NA,NA,NA,NA,NA,NA,NA,NA,0.00,NA,NA,NA
2020-06-25 21:00:00,48.30,93.60,2.84,11.42,14.26,NA,NA,0.89,3.02,NA,NA,NA,NA,NA,NA,NA,NA,NA,NA,NA,0.00,NA,NA,NA
2020-06-25 22:00:00,43.71,75.74,2.91,11.37,14.28,NA,NA,0.84,2.95,NA,NA,NA,NA,NA,NA,NA,NA,NA,NA,NA,0.00,NA,NA,NA
2020-06-25 23:00:00,46.71,83.14,2.93,11.34,14.27,NA,NA,0.85,1.84,NA,NA,NA,NA,NA,NA,NA,NA,NA,NA,NA,0.00,NA,NA,NA
2020-06-26 00:00:00,55.13,87.24,2.85,11.35,14.20,NA,NA,0.91,1.74,NA,NA,NA,NA,NA,NA,NA,NA,NA,NA,NA,0.00,NA,NA,NA
2020-06-26 01:00:00,61.81,110.23,2.85,11.39,14.24,NA,NA,0.93,2.16,NA,NA,NA,NA,NA,NA,NA,NA,NA,NA,NA,0.00,NA,NA,NA
2020-06-26 02:00:00,59.89,103.04,2.84,11.44,14.28,NA,NA,0.93,0.69,NA,NA,NA,NA,NA,NA,NA,NA,NA,NA,NA,0.00,NA,NA,NA
2020-06-26 03:00:00,71.26,127.12,2.83,11.34,14.16,NA,NA,1.06,1.06,NA,NA,NA,NA,NA,NA,NA,NA,NA,NA,NA,0.00,NA,NA,NA
2020-06-26 04:00:00,78.93,131.79,2.88,11.41,14.29,NA,NA,1.11,0.68,NA,NA,NA,NA,NA,NA,NA,NA,NA,NA,NA,0.00,NA,NA,NA
2020-06-26 05:00:00,82.28,130.48,2.90,11.38,14.28,NA,NA,0.99,1.31,NA,NA,NA,NA,NA,NA,NA,NA,NA,NA,NA,0.00,NA,NA,NA
2020-06-26 06:00:00,73.16,128.42,3.00,11.44,14.44,NA,NA,0.91,0.31,NA,NA,NA,NA,NA,NA,NA,NA,NA,NA,NA,0.00,NA,NA,NA
2020-06-26 07:00:00,68.80,111.70,2.90,11.38,14.28,NA,NA,0.77,0.80,NA,NA,NA,NA,NA,NA,NA,NA,NA,NA,NA,0.00,NA,NA,NA
2020-06-26 08:00:00,64.42,87.09,3.00,11.47,14.46,NA,NA,0.73,2.99,NA,NA,NA,NA,NA,NA,NA,NA,NA,NA,NA,0.00,NA,NA,NA
2020-06-26 09:00:00,55.48,94.35,2.93,11.41,14.33,NA,NA,0.60,9.39,NA,NA,NA,NA,NA,NA,NA,NA,NA,NA,NA,0.00,NA,NA,NA
2020-06-26 10:00:00,68.05,130.18,2.91,11.35,14.26,NA,NA,0.65,18.12,NA,NA,NA,NA,NA,NA,NA,NA,NA,NA,NA,0.00,NA,NA,NA
2020-06-26 11:00:00,58.30,179.49,2.92,11.34,14.26,NA,NA,0.44,11.58,NA,NA,NA,NA,NA,NA,NA,NA,NA,NA,NA,0.00,NA,NA,NA
2020-06-26 12:00:00,9.46,72.18,2.90,11.45,14.35,NA,NA,0.54,14.61,NA,NA,NA,NA,NA,NA,NA,NA,NA,NA,NA,0.00,NA,NA,NA
2020-06-26 13:00:00,13.23,52.39,2.92,11.34,14.26,NA,NA,0.52,18.62,NA,NA,NA,NA,NA,NA,NA,NA,NA,NA,NA,0.00,NA,NA,NA
2020-06-26 14:00:00,15.39,67.83,2.88,11.42,14.31,NA,NA,0.45,20.26,NA,NA,NA,NA,NA,NA,NA,NA,NA,NA,NA,0.00,NA,NA,NA
2020-06-26 15:00:00,17.17,80.92,2.84,11.38,14.22,NA,NA,0.40,20.35,NA,NA,NA,NA,NA,NA,NA,NA,NA,NA,NA,0.00,NA,NA,NA
2020-06-26 16:00:00,22.23,96.45,2.76,11.47,14.22,NA,NA,0.41,18.69,NA,NA,NA,NA,NA,NA,NA,NA,NA,NA,NA,0.00,NA,NA,NA
2020-06-26 17:00:00,31.35,128.56,2.97,11.37,14.34,NA,NA,0.39,18.40,NA,NA,NA,NA,NA,NA,NA,NA,NA,NA,NA,0.00,NA,NA,NA
2020-06-26 18:00:00,33.18,132.11,2.96,11.39,14.35,NA,NA,0.43,18.90,NA,NA,NA,NA,NA,NA,NA,NA,NA,NA,NA,0.00,NA,NA,NA
2020-06-26 19:00:00,19.28,111.28,2.93,11.39,14.32,NA,NA,0.45,16.87,NA,NA,NA,NA,NA,NA,NA,NA,NA,NA,NA,0.00,NA,NA,NA
2020-06-26 20:00:00,18.23,113.94,2.88,11.33,14.21,NA,NA,0.44,12.57,NA,NA,NA,NA,NA,NA,NA,NA,NA,NA,NA,0.00,NA,NA,NA
2020-06-26 21:00:00,24.35,120.03,2.89,11.38,14.27,NA,NA,0.49,11.17,NA,NA,NA,NA,NA,NA,NA,NA,NA,NA,NA,0.00,NA,NA,NA
2020-06-26 22:00:00,23.84,128.14,2.88,11.36,14.24,NA,NA,0.48,6.67,NA,NA,NA,NA,NA,NA,NA,NA,NA,NA,NA,0.00,NA,NA,NA
2020-06-26 23:00:00,29.26,121.21,2.91,11.40,14.31,NA,NA,0.48,6.55,NA,NA,NA,NA,NA,NA,NA,NA,NA,NA,NA,0.00,NA,NA,NA
2020-06-27 00:00:00,30.72,143.45,2.90,11.45,14.35,NA,NA,0.50,4.37,NA,NA,NA,NA,NA,NA,NA,NA,NA,NA,NA,0.00,NA,NA,NA
2020-06-27 01:00:00,34.13,108.57,2.85,11.44,14.29,NA,NA,0.47,4.18,NA,NA,NA,NA,NA,NA,NA,NA,NA,NA,NA,0.00,NA,NA,NA
2020-06-27 02:00:00,36.69,103.37,2.85,11.43,14.28,NA,NA,0.48,2.14,NA,NA,NA,NA,NA,NA,NA,NA,NA,NA,NA,0.00,NA,NA,NA
2020-06-27 03:00:00,41.93,106.14,2.87,11.42,14.29,NA,NA,0.49,2.89,NA,NA,NA,NA,NA,NA,NA,NA,NA,NA,NA,0.00,NA,NA,NA
2020-06-27 04:00:00,36.65,98.50,2.80,11.43,14.24,NA,NA,0.53,3.53,NA,NA,NA,NA,NA,NA,NA,NA,NA,NA,NA,0.00,NA,NA,NA
2020-06-27 05:00:00,44.48,101.55,2.91,11.37,14.29,NA,NA,0.54,2.35,NA,NA,NA,NA,NA,NA,NA,NA,NA,NA,NA,0.00,NA,NA,NA
2020-06-27 06:00:00,45.41,116.55,2.91,11.40,14.30,NA,NA,0.69,4.37,NA,NA,NA,NA,NA,NA,NA,NA,NA,NA,NA,0.00,NA,NA,NA
2020-06-27 07:00:00,36.28,93.79,2.93,11.38,14.31,NA,NA,0.69,4.17,NA,NA,NA,NA,NA,NA,NA,NA,NA,NA,NA,0.00,NA,NA,NA
2020-06-27 08:00:00,35.76,95.18,2.88,11.43,14.31,NA,NA,0.69,6.66,NA,NA,NA,NA,NA,NA,NA,NA,NA,NA,NA,0.00,NA,NA,NA
2020-06-27 09:00:00,30.68,102.99,2.90,11.39,14.29,NA,NA,0.81,11.90,NA,NA,NA,NA,NA,NA,NA,NA,NA,NA,NA,0.00,NA,NA,NA
2020-06-27 10:00:00,28.04,101.83,2.88,11.46,14.34,NA,NA,0.85,12.16,NA,NA,NA,NA,NA,NA,NA,NA,NA,NA,NA,0.00,NA,NA,NA
2020-06-27 11:00:00,21.86,124.25,2.88,11.43,14.30,NA,NA,0.81,11.31,NA,NA,NA,NA,NA,NA,NA,NA,NA,NA,NA,0.00,NA,NA,NA
2020-06-27 12:00:00,25.46,172.03,2.90,11.31,14.21,NA,NA,0.78,13.45,NA,NA,NA,NA,NA,NA,NA,NA,NA,NA,NA,0.00,NA,NA,NA
2020-06-27 13:00:00,23.44,169.00,2.93,11.29,14.22,NA,NA,0.79,17.00,NA,NA,NA,NA,NA,NA,NA,NA,NA,NA,NA,0.00,NA,NA,NA
2020-06-27 14:00:00,24.61,171.96,2.89,11.27,14.17,NA,NA,0.80,16.41,NA,NA,NA,NA,NA,NA,NA,NA,NA,NA,NA,0.00,NA,NA,NA
2020-06-27 15:00:00,27.93,166.28,2.89,11.35,14.24,NA,NA,0.80,19.67,NA,NA,NA,NA,NA,NA,NA,NA,NA,NA,NA,0.00,NA,NA,NA
2020-06-27 16:00:00,29.80,257.75,2.87,11.40,14.27,NA,NA,0.97,18.23,NA,NA,NA,NA,NA,NA,NA,NA,NA,NA,NA,0.00,NA,NA,NA
2020-06-27 17:00:00,30.38,229.75,2.92,11.37,14.29,NA,NA,1.00,16.36,NA,NA,NA,NA,NA,NA,NA,NA,NA,NA,NA,0.00,NA,NA,NA
2020-06-27 18:00:00,19.24,150.23,2.96,11.30,14.26,NA,NA,1.08,15.35,NA,NA,NA,NA,NA,NA,NA,NA,NA,NA,NA,0.00,NA,NA,NA
2020-06-27 19:00:00,34.90,251.77,2.90,11.41,14.31,NA,NA,1.10,10.14,NA,NA,NA,NA,NA,NA,NA,NA,NA,NA,NA,0.00,NA,NA,NA
2020-06-27 20:00:00,40.53,205.46,2.97,11.33,14.30,NA,NA,1.07,6.21,NA,NA,NA,NA,NA,NA,NA,NA,NA,NA,NA,0.00,NA,NA,NA
2020-06-27 21:00:00,47.61,265.03,2.94,11.44,14.39,NA,NA,1.15,2.84,NA,NA,NA,NA,NA,NA,NA,NA,NA,NA,NA,0.00,NA,NA,NA
2020-06-27 22:00:00,52.91,295.11,2.88,11.35,14.23,NA,NA,1.13,3.21,NA,NA,NA,NA,NA,NA,NA,NA,NA,NA,NA,0.00,NA,NA,NA
2020-06-27 23:00:00,47.89,311.64,2.85,11.45,14.30,NA,NA,1.03,4.73,NA,NA,NA,NA,NA,NA,NA,NA,NA,NA,NA,0.00,NA,NA,NA
2020-06-28 00:00:00,44.61,280.89,2.88,11.40,14.28,NA,NA,0.94,2.52,NA,NA,NA,NA,NA,NA,NA,NA,NA,NA,NA,0.00,NA,NA,NA
2020-06-28 01:00:00,41.99,62.41,2.94,11.32,14.27,NA,NA,0.94,2.97,NA,NA,NA,NA,NA,NA,NA,NA,NA,NA,NA,0.00,NA,NA,NA
2020-06-28 02:00:00,49.07,NA,2.86,11.46,14.32,NA,NA,1.01,4.74,NA,NA,NA,NA,NA,NA,NA,NA,NA,NA,NA,0.00,NA,NA,NA
2020-06-28 03:00:00,49.66,NA,2.88,11.40,14.27,NA,NA,1.06,3.18,NA,NA,NA,NA,NA,NA,NA,NA,NA,NA,NA,0.00,NA,NA,NA
2020-06-28 04:00:00,47.60,NA,2.87,11.46,14.33,NA,NA,1.06,1.42,NA,NA,NA,NA,NA,NA,NA,NA,NA,NA,NA,0.00,NA,NA,NA
2020-06-28 05:00:00,43.00,NA,2.95,11.28,14.23,NA,NA,0.97,2.39,NA,NA,NA,NA,NA,NA,NA,NA,NA,NA,NA,0.00,NA,NA,NA
2020-06-28 06:00:00,53.89,NA,2.90,11.37,14.27,NA,NA,1.05,1.42,NA,NA,NA,NA,NA,NA,NA,NA,NA,NA,NA,0.00,NA,NA,NA
2020-06-28 07:00:00,47.53,NA,2.93,11.34,14.27,NA,NA,0.97,2.41,NA,NA,NA,NA,NA,NA,NA,NA,NA,NA,NA,0.00,NA,NA,NA
2020-06-28 08:00:00,29.45,NA,2.89,11.44,14.32,NA,NA,0.82,3.56,NA,NA,NA,NA,NA,NA,NA,NA,NA,NA,NA,0.00,NA,NA,NA
2020-06-28 09:00:00,23.04,NA,2.88,11.43,14.31,NA,NA,0.81,6.38,NA,NA,NA,NA,NA,NA,NA,NA,NA,NA,NA,0.00,NA,NA,NA
2020-06-28 10:00:00,21.00,NA,2.90,11.42,14.32,NA,NA,0.80,8.12,NA,NA,NA,NA,NA,NA,NA,NA,NA,NA,NA,0.00,NA,NA,NA
2020-06-28 11:00:00,23.57,NA,2.92,11.32,14.25,NA,NA,0.81,10.90,NA,NA,NA,NA,NA,NA,NA,NA,NA,NA,NA,0.00,NA,NA,NA
2020-06-28 12:00:00,24.49,NA,2.87,11.43,14.30,NA,NA,0.81,13.83,NA,NA,NA,NA,NA,NA,NA,NA,NA,NA,NA,0.00,NA,NA,NA
2020-06-28 13:00:00,19.62,NA,2.88,11.35,14.22,NA,NA,0.81,15.96,NA,NA,NA,NA,NA,NA,NA,NA,NA,NA,NA,0.00,NA,NA,NA
2020-06-28 14:00:00,25.16,NA,2.90,11.37,14.27,NA,NA,0.81,15.90,NA,NA,NA,NA,NA,NA,NA,NA,NA,NA,NA,0.00,NA,NA,NA
2020-06-28 15:00:00,26.59,NA,2.81,11.38,14.19,NA,NA,0.81,16.83,NA,NA,NA,NA,NA,NA,NA,NA,NA,NA,NA,0.00,NA,NA,NA
2020-06-28 16:00:00,44.59,NA,2.79,11.35,14.14,NA,NA,0.77,11.99,NA,NA,NA,NA,NA,NA,NA,NA,NA,NA,NA,0.00,NA,NA,NA
2020-06-28 17:00:00,68.17,NA,2.91,11.49,14.41,NA,NA,0.85,11.26,NA,NA,NA,NA,NA,NA,NA,NA,NA,NA,NA,0.00,NA,NA,NA
2020-06-28 18:00:00,NA,NA,NA,NA,NA,NA,NA,NA,NA,NA,NA,NA,NA,NA,NA,NA,NA,NA,NA,NA,0.00,NA,NA,NA
2020-06-28 19:00:00,60.81,NA,159.93,113.66,108.24,NA,NA,1.34,11.69,NA,NA,NA,NA,NA,NA,NA,NA,NA,NA,NA,0.00,NA,NA,NA
2020-06-28 20:00:00,NA,NA,3.55,11.59,15.13,NA,NA,1.18,2.11,NA,NA,NA,NA,NA,NA,NA,NA,NA,NA,NA,0.00,NA,NA,NA
2020-06-28 21:00:00,NA,NA,2.71,11.28,13.99,NA,NA,1.16,5.29,NA,NA,NA,NA,NA,NA,NA,NA,NA,NA,NA,0.00,NA,NA,NA
2020-06-28 22:00:00,NA,NA,2.50,11.38,13.88,NA,NA,1.18,6.48,NA,NA,NA,NA,NA,NA,NA,NA,NA,NA,NA,0.00,NA,NA,NA
2020-06-28 23:00:00,NA,NA,2.54,11.27,13.80,NA,NA,1.13,7.40,NA,NA,NA,NA,NA,NA,NA,NA,NA,NA,NA,0.00,NA,NA,NA
2020-06-29 00:00:00,11.21,NA,2.96,11.38,14.34,NA,NA,1.15,7.19,NA,NA,NA,NA,NA,NA,NA,NA,NA,NA,NA,0.00,NA,NA,NA
2020-06-29 01:00:00,4.97,NA,2.54,11.28,13.82,NA,NA,1.16,5.98,NA,NA,NA,NA,NA,NA,NA,NA,NA,NA,NA,0.00,NA,NA,NA
2020-06-29 02:00:00,2.46,NA,2.54,11.24,13.77,NA,NA,1.16,6.10,NA,NA,NA,NA,NA,NA,NA,NA,NA,NA,NA,0.00,NA,NA,NA
2020-06-29 03:00:00,2.97,NA,2.52,11.41,13.94,NA,NA,1.02,5.87,NA,NA,NA,NA,NA,NA,NA,NA,NA,NA,NA,0.00,NA,NA,NA
2020-06-29 04:00:00,10.96,NA,2.60,11.34,13.94,NA,NA,1.03,4.78,NA,NA,NA,NA,NA,NA,NA,NA,NA,NA,NA,0.00,NA,NA,NA
2020-06-29 05:00:00,34.65,NA,2.56,11.27,13.83,NA,NA,0.97,5.09,NA,NA,NA,NA,NA,NA,NA,NA,NA,NA,NA,0.00,NA,NA,NA
2020-06-29 06:00:00,6.10,NA,2.57,11.24,13.81,NA,NA,0.99,6.15,NA,NA,NA,NA,NA,NA,NA,NA,NA,NA,NA,0.00,NA,NA,NA
2020-06-29 07:00:00,9.70,NA,2.62,11.24,13.87,NA,NA,0.97,6.27,NA,NA,NA,NA,NA,NA,NA,NA,NA,NA,NA,0.00,NA,NA,NA
2020-06-29 08:00:00,17.11,NA,2.55,11.28,13.84,NA,NA,0.99,5.89,NA,NA,NA,NA,NA,NA,NA,NA,NA,NA,NA,0.00,NA,NA,NA
2020-06-29 09:00:00,15.69,NA,2.63,11.27,13.89,NA,NA,0.99,8.08,NA,NA,NA,NA,NA,NA,NA,NA,NA,NA,NA,0.00,NA,NA,NA
2020-06-29 10:00:00,19.48,NA,2.67,11.24,13.91,NA,NA,1.04,8.35,NA,NA,NA,NA,NA,NA,NA,NA,NA,NA,NA,0.00,NA,NA,NA
2020-06-29 11:00:00,22.94,191.33,19.69,13.90,42.74,NA,NA,0.96,14.44,NA,NA,NA,NA,NA,NA,NA,NA,NA,NA,NA,0.00,NA,NA,NA
2020-06-29 12:00:00,41.67,326.48,4.42,11.99,20.65,NA,NA,0.66,15.12,NA,NA,NA,NA,NA,NA,NA,NA,NA,NA,NA,0.00,NA,NA,NA
2020-06-29 13:00:00,52.83,339.75,4.49,18.64,23.13,NA,NA,0.51,22.35,NA,NA,NA,NA,NA,NA,NA,NA,NA,NA,NA,0.00,NA,NA,NA
2020-06-29 14:00:00,39.85,309.25,4.09,18.23,22.31,NA,NA,0.57,25.97,NA,NA,NA,NA,NA,NA,NA,NA,NA,NA,NA,0.00,NA,NA,NA
2020-06-29 15:00:00,41.14,257.69,4.07,21.00,25.06,NA,NA,0.70,77.27,NA,NA,NA,NA,NA,NA,NA,NA,NA,NA,NA,0.00,NA,NA,NA
2020-06-29 16:00:00,68.50,251.94,4.01,23.36,27.38,NA,NA,0.87,68.76,NA,NA,NA,NA,NA,NA,NA,NA,NA,NA,NA,0.00,NA,NA,NA
2020-06-29 17:00:00,50.43,174.47,3.97,19.49,23.45,NA,NA,0.84,61.36,NA,NA,NA,NA,NA,NA,NA,NA,NA,NA,NA,0.00,NA,NA,NA
2020-06-29 18:00:00,16.60,33.16,4.01,17.70,21.70,NA,NA,0.72,64.26,NA,NA,NA,NA,NA,NA,NA,NA,NA,NA,NA,0.00,NA,NA,NA
2020-06-29 19:00:00,NA,9.89,4.11,18.17,22.29,NA,NA,0.76,46.50,NA,NA,NA,NA,NA,NA,NA,NA,NA,NA,NA,0.00,NA,NA,NA
2020-06-29 20:00:00,18.49,42.82,4.22,19.25,23.47,NA,NA,0.82,25.47,NA,NA,NA,NA,NA,NA,NA,NA,NA,NA,NA,0.00,NA,NA,NA
2020-06-29 21:00:00,37.33,67.26,4.55,18.43,22.98,NA,NA,0.82,32.31,NA,NA,NA,NA,NA,NA,NA,NA,NA,NA,NA,0.00,NA,NA,NA
2020-06-29 22:00:00,17.36,47.89,4.60,17.75,22.35,NA,NA,0.83,23.27,NA,NA,NA,NA,NA,NA,NA,NA,NA,NA,NA,0.00,NA,NA,NA
2020-06-29 23:00:00,20.38,44.53,4.72,17.83,22.54,NA,NA,0.76,20.55,NA,NA,NA,NA,NA,NA,NA,NA,NA,NA,NA,0.00,NA,NA,NA
2020-06-30 00:00:00,17.67,40.28,4.87,18.27,23.13,NA,NA,0.80,17.21,NA,NA,NA,NA,NA,NA,NA,NA,NA,NA,NA,0.00,NA,NA,NA
2020-06-30 01:00:00,28.58,61.39,5.32,18.58,23.90,NA,NA,0.88,11.25,NA,NA,NA,NA,NA,NA,NA,NA,NA,NA,NA,0.00,NA,NA,NA
2020-06-30 02:00:00,33.96,75.03,5.39,19.13,24.52,NA,NA,0.90,15.75,NA,NA,NA,NA,NA,NA,NA,NA,NA,NA,NA,0.00,NA,NA,NA
2020-06-30 03:00:00,33.93,72.25,5.42,18.25,23.66,NA,NA,0.81,19.21,NA,NA,NA,NA,NA,NA,NA,NA,NA,NA,NA,0.00,NA,NA,NA
2020-06-30 04:00:00,25.59,56.62,5.67,18.31,23.98,NA,NA,0.80,14.61,NA,NA,NA,NA,NA,NA,NA,NA,NA,NA,NA,0.00,NA,NA,NA
2020-06-30 05:00:00,22.52,57.75,5.86,18.04,23.90,NA,NA,0.80,9.72,NA,NA,NA,NA,NA,NA,NA,NA,NA,NA,NA,0.00,NA,NA,NA
2020-06-30 06:00:00,24.72,55.11,6.13,17.63,23.76,NA,NA,0.85,16.89,NA,NA,NA,NA,NA,NA,NA,NA,NA,NA,NA,0.00,NA,NA,NA
2020-06-30 07:00:00,36.24,60.41,6.21,17.23,23.44,NA,NA,0.90,24.71,NA,NA,NA,NA,NA,NA,NA,NA,NA,NA,NA,0.00,NA,NA,NA
2020-06-30 08:00:00,46.96,72.31,5.98,16.90,22.88,NA,NA,0.90,28.91,NA,NA,NA,NA,NA,NA,NA,NA,NA,NA,NA,0.00,NA,NA,NA
2020-06-30 09:00:00,51.15,79.65,5.85,17.18,23.03,NA,NA,0.92,38.45,NA,NA,NA,NA,NA,NA,NA,NA,NA,NA,NA,0.00,NA,NA,NA
2020-06-30 10:00:00,54.62,91.64,5.75,17.21,22.95,NA,NA,0.88,44.06,NA,NA,NA,NA,NA,NA,NA,NA,NA,NA,NA,0.00,NA,NA,NA
2020-06-30 11:00:00,55.74,80.93,5.49,17.29,22.77,NA,NA,0.87,56.59,NA,NA,NA,NA,NA,NA,NA,NA,NA,NA,NA,0.00,NA,NA,NA
2020-06-30 12:00:00,47.49,92.45,5.38,18.22,23.59,NA,NA,0.86,74.31,NA,NA,NA,NA,NA,NA,NA,NA,NA,NA,NA,0.00,NA,NA,NA
2020-06-30 13:00:00,53.57,90.74,5.22,18.81,24.04,NA,NA,0.84,84.54,NA,NA,NA,NA,NA,NA,NA,NA,NA,NA,NA,0.00,NA,NA,NA
2020-06-30 14:00:00,39.61,85.30,5.02,18.91,23.93,NA,NA,0.80,92.23,NA,NA,NA,NA,NA,NA,NA,NA,NA,NA,NA,0.00,NA,NA,NA
2020-06-30 15:00:00,43.23,86.31,5.12,18.87,23.99,NA,NA,0.79,101.64,NA,NA,NA,NA,NA,NA,NA,NA,NA,NA,NA,0.00,NA,NA,NA
2020-06-30 16:00:00,47.44,113.42,5.07,19.50,24.56,NA,NA,0.80,105.88,NA,NA,NA,NA,NA,NA,NA,NA,NA,NA,NA,0.00,NA,NA,NA
2020-06-30 17:00:00,44.51,111.81,5.69,19.57,25.26,NA,NA,0.81,94.29,NA,NA,NA,NA,NA,NA,NA,NA,NA,NA,NA,0.00,NA,NA,NA
2020-06-30 18:00:00,41.33,101.55,5.07,19.48,24.55,NA,NA,0.87,84.31,NA,NA,NA,NA,NA,NA,NA,NA,NA,NA,NA,0.00,NA,NA,NA
2020-06-30 19:00:00,37.38,99.64,5.11,19.66,24.77,NA,NA,0.90,69.31,NA,NA,NA,NA,NA,NA,NA,NA,NA,NA,NA,0.00,NA,NA,NA
2020-06-30 20:00:00,40.75,98.96,5.37,19.45,24.82,NA,NA,0.93,36.97,NA,NA,NA,NA,NA,NA,NA,NA,NA,NA,NA,0.00,NA,NA,NA
2020-06-30 21:00:00,39.78,123.03,5.78,19.47,25.25,NA,NA,1.04,21.14,NA,NA,NA,NA,NA,NA,NA,NA,NA,NA,NA,0.00,NA,NA,NA
2020-06-30 22:00:00,47.19,119.50,6.28,19.26,25.55,NA,NA,1.14,21.87,NA,NA,NA,NA,NA,NA,NA,NA,NA,NA,NA,0.00,NA,NA,NA
2020-06-30 23:00:00,59.31,121.02,6.37,19.26,25.63,NA,NA,1.21,22.72,NA,NA,NA,NA,NA,NA,NA,NA,NA,NA,NA,0.00,NA,NA,NA
2020-07-01 00:00:00,74.54,144.96,6.47,19.01,25.48,NA,NA,1.22,23.61,NA,NA,NA,NA,NA,NA,NA,NA,NA,NA,NA,0.00,NA,NA,NA
2020-07-01 01:00:00,63.34,140.39,6.43,18.83,25.26,NA,NA,1.14,35.33,NA,NA,NA,NA,NA,NA,NA,NA,NA,NA,NA,0.00,NA,NA,NA
2020-07-01 02:00:00,61.63,127.68,6.06,18.45,24.51,NA,NA,1.15,35.14,NA,NA,NA,NA,NA,NA,NA,NA,NA,NA,NA,0.00,NA,NA,NA
2020-07-01 03:00:00,67.26,115.64,6.04,18.25,24.29,NA,NA,1.16,24.12,NA,NA,NA,NA,NA,NA,NA,NA,NA,NA,NA,0.00,NA,NA,NA
2020-07-01 04:00:00,66.42,117.78,6.08,18.78,24.86,NA,NA,1.17,21.39,NA,NA,NA,NA,NA,NA,NA,NA,NA,NA,NA,0.00,NA,NA,NA
2020-07-01 05:00:00,64.04,121.52,6.23,18.48,24.71,NA,NA,1.18,21.36,NA,NA,NA,NA,NA,NA,NA,NA,NA,NA,NA,0.00,NA,NA,NA
2020-07-01 06:00:00,63.41,117.99,6.51,17.78,24.29,NA,NA,1.22,23.65,NA,NA,NA,NA,NA,NA,NA,NA,NA,NA,NA,0.00,NA,NA,NA
2020-07-01 07:00:00,72.04,129.13,6.20,17.32,23.52,NA,NA,1.27,37.22,NA,NA,NA,NA,NA,NA,NA,NA,NA,NA,NA,0.00,NA,NA,NA
2020-07-01 08:00:00,83.61,135.27,5.70,17.54,23.25,NA,NA,1.17,48.48,NA,NA,NA,NA,NA,NA,NA,NA,NA,NA,NA,0.00,NA,NA,NA
2020-07-01 09:00:00,76.24,110.54,5.28,17.70,22.98,NA,NA,1.13,55.60,NA,NA,NA,NA,NA,NA,NA,NA,NA,NA,NA,0.00,NA,NA,NA
2020-07-01 10:00:00,65.27,112.50,4.96,17.50,22.46,NA,NA,1.10,64.46,NA,NA,NA,NA,NA,NA,NA,NA,NA,NA,NA,0.00,NA,NA,NA
2020-07-01 11:00:00,47.52,122.22,4.98,17.42,22.40,NA,NA,1.04,70.20,NA,NA,NA,NA,NA,NA,NA,NA,NA,NA,NA,0.00,NA,NA,NA
2020-07-01 12:00:00,50.77,100.37,4.81,17.51,22.31,NA,NA,0.90,77.54,NA,NA,NA,NA,NA,NA,NA,NA,NA,NA,NA,0.00,NA,NA,NA
2020-07-01 13:00:00,50.92,113.30,4.85,17.68,22.53,NA,NA,0.91,84.25,NA,NA,NA,NA,NA,NA,NA,NA,NA,NA,NA,0.00,NA,NA,NA
2020-07-01 14:00:00,59.17,128.64,4.82,18.17,22.99,NA,NA,0.90,97.66,NA,NA,NA,NA,NA,NA,NA,NA,NA,NA,NA,0.00,NA,NA,NA
2020-07-01 15:00:00,59.48,128.76,4.89,18.14,23.03,NA,NA,0.86,97.16,NA,NA,NA,NA,NA,NA,NA,NA,NA,NA,NA,0.00,NA,NA,NA
2020-07-01 16:00:00,52.94,141.12,4.86,18.41,23.27,NA,NA,0.85,105.21,NA,NA,NA,NA,NA,NA,NA,NA,NA,NA,NA,0.00,NA,NA,NA
2020-07-01 17:00:00,56.76,135.89,4.84,18.68,23.52,NA,NA,0.94,105.13,NA,NA,NA,NA,NA,NA,NA,NA,NA,NA,NA,0.00,NA,NA,NA
2020-07-01 18:00:00,53.92,125.23,4.77,19.09,23.86,NA,NA,0.97,113.35,NA,NA,NA,NA,NA,NA,NA,NA,NA,NA,NA,0.00,NA,NA,NA
2020-07-01 19:00:00,52.26,138.00,4.83,19.29,24.12,NA,NA,0.98,80.74,NA,NA,NA,NA,NA,NA,NA,NA,NA,NA,NA,0.00,NA,NA,NA
2020-07-01 20:00:00,49.44,146.65,4.93,22.26,27.19,NA,NA,1.08,55.68,NA,NA,NA,NA,NA,NA,NA,NA,NA,NA,NA,0.00,NA,NA,NA
2020-07-01 21:00:00,63.24,205.23,5.03,24.19,29.22,NA,NA,1.12,40.82,NA,NA,NA,NA,NA,NA,NA,NA,NA,NA,NA,0.00,NA,NA,NA
2020-07-01 22:00:00,56.48,147.22,5.27,22.85,28.12,NA,NA,1.04,43.56,NA,NA,NA,NA,NA,NA,NA,NA,NA,NA,NA,0.00,NA,NA,NA
2020-07-01 23:00:00,57.53,131.49,5.22,20.39,25.61,NA,NA,0.95,45.66,NA,NA,NA,NA,NA,NA,NA,NA,NA,NA,NA,0.00,NA,NA,NA
2020-07-02 00:00:00,60.94,125.89,5.31,19.13,24.45,NA,NA,0.92,44.75,NA,NA,NA,NA,NA,NA,NA,NA,NA,NA,NA,0.00,NA,NA,NA
2020-07-02 01:00:00,55.91,113.79,5.25,18.84,24.09,NA,NA,0.89,35.24,NA,NA,NA,NA,NA,NA,NA,NA,NA,NA,NA,0.00,NA,NA,NA
2020-07-02 02:00:00,57.70,98.37,5.25,18.65,23.90,NA,NA,0.88,35.60,NA,NA,NA,NA,NA,NA,NA,NA,NA,NA,NA,0.00,NA,NA,NA
2020-07-02 03:00:00,55.77,101.04,5.23,18.42,23.65,NA,NA,0.89,34.47,NA,NA,NA,NA,NA,NA,NA,NA,NA,NA,NA,0.00,NA,NA,NA
2020-07-02 04:00:00,62.64,109.07,5.47,18.37,23.83,NA,NA,0.86,20.61,NA,NA,NA,NA,NA,NA,NA,NA,NA,NA,NA,0.00,NA,NA,NA
2020-07-02 05:00:00,58.98,95.69,6.10,18.66,24.75,NA,NA,0.86,12.08,NA,NA,NA,NA,NA,NA,NA,NA,NA,NA,NA,0.00,NA,NA,NA
2020-07-02 06:00:00,55.86,97.25,6.17,20.29,26.46,NA,NA,0.99,18.46,NA,NA,NA,NA,NA,NA,NA,NA,NA,NA,NA,0.00,NA,NA,NA
2020-07-02 07:00:00,67.12,112.53,6.75,18.56,25.31,NA,NA,1.02,22.46,NA,NA,NA,NA,NA,NA,NA,NA,NA,NA,NA,0.00,NA,NA,NA
2020-07-02 08:00:00,64.42,97.35,6.32,17.63,23.95,NA,NA,0.93,36.23,NA,NA,NA,NA,NA,NA,NA,NA,NA,NA,NA,0.00,NA,NA,NA
2020-07-02 09:00:00,64.20,106.83,6.08,17.66,23.74,NA,NA,0.85,40.77,NA,NA,NA,NA,NA,NA,NA,NA,NA,NA,NA,0.00,NA,NA,NA
2020-07-02 10:00:00,59.02,113.45,5.41,18.19,23.60,NA,NA,0.84,52.97,NA,NA,NA,NA,NA,NA,NA,NA,NA,NA,NA,0.00,NA,NA,NA
2020-07-02 11:00:00,60.82,151.13,5.12,18.83,23.95,NA,NA,0.74,80.49,NA,NA,NA,NA,NA,NA,NA,NA,NA,NA,NA,0.00,NA,NA,NA
2020-07-02 12:00:00,61.14,178.05,4.77,18.63,23.40,NA,NA,0.71,92.98,NA,NA,NA,NA,NA,NA,NA,NA,NA,NA,NA,0.00,NA,NA,NA
2020-07-02 13:00:00,58.34,172.51,4.74,19.06,23.80,NA,NA,0.70,110.43,NA,NA,NA,NA,NA,NA,NA,NA,NA,NA,NA,0.00,NA,NA,NA
2020-07-02 14:00:00,60.68,163.80,4.67,19.46,24.13,NA,NA,0.77,125.75,NA,NA,NA,NA,NA,NA,NA,NA,NA,NA,NA,0.00,NA,NA,NA
2020-07-02 15:00:00,67.78,145.41,4.51,20.14,24.65,NA,NA,0.86,156.25,NA,NA,NA,NA,NA,NA,NA,NA,NA,NA,NA,0.00,NA,NA,NA
2020-07-02 16:00:00,89.43,161.93,4.46,20.44,24.90,NA,NA,0.81,156.82,NA,NA,NA,NA,NA,NA,NA,NA,NA,NA,NA,0.00,NA,NA,NA
2020-07-02 17:00:00,94.82,168.29,4.43,20.11,24.53,NA,NA,0.76,136.69,NA,NA,NA,NA,NA,NA,NA,NA,NA,NA,NA,0.00,NA,NA,NA
2020-07-02 18:00:00,87.65,154.95,4.51,20.25,24.76,NA,NA,0.78,119.47,NA,NA,NA,NA,NA,NA,NA,NA,NA,NA,NA,0.00,NA,NA,NA
2020-07-02 19:00:00,79.80,150.26,4.55,21.38,25.93,NA,NA,0.83,106.26,NA,NA,NA,NA,NA,NA,NA,NA,NA,NA,NA,0.00,NA,NA,NA
2020-07-02 20:00:00,79.27,164.74,4.52,21.80,26.31,NA,NA,0.90,86.04,NA,NA,NA,NA,NA,NA,NA,NA,NA,NA,NA,0.00,NA,NA,NA
2020-07-02 21:00:00,86.73,166.08,4.58,21.71,26.30,NA,NA,0.87,70.30,NA,NA,NA,NA,NA,NA,NA,NA,NA,NA,NA,0.00,NA,NA,NA
2020-07-02 22:00:00,92.66,192.27,4.74,22.69,27.43,NA,NA,0.98,54.51,NA,NA,NA,NA,NA,NA,NA,NA,NA,NA,NA,0.00,NA,NA,NA
2020-07-02 23:00:00,105.83,225.66,4.89,21.18,26.07,NA,NA,0.99,56.78,NA,NA,NA,NA,NA,NA,NA,NA,NA,NA,NA,0.00,NA,NA,NA
2020-07-03 00:00:00,92.47,176.36,4.80,19.22,24.02,NA,NA,0.84,61.12,NA,NA,NA,NA,NA,NA,NA,NA,NA,NA,NA,0.00,NA,NA,NA
2020-07-03 01:00:00,88.15,171.39,4.77,19.35,24.13,NA,NA,0.81,54.70,NA,NA,NA,NA,NA,NA,NA,NA,NA,NA,NA,0.00,NA,NA,NA
2020-07-03 02:00:00,74.67,146.55,4.56,19.46,24.01,NA,NA,0.78,55.87,NA,NA,NA,NA,NA,NA,NA,NA,NA,NA,NA,0.00,NA,NA,NA
2020-07-03 03:00:00,81.00,150.09,4.59,19.74,24.33,NA,NA,0.79,50.65,NA,NA,NA,NA,NA,NA,NA,NA,NA,NA,NA,0.00,NA,NA,NA
2020-07-03 04:00:00,82.28,151.25,4.64,20.15,24.79,NA,NA,0.81,50.52,NA,NA,NA,NA,NA,NA,NA,NA,NA,NA,NA,0.00,NA,NA,NA
2020-07-03 05:00:00,80.22,137.08,4.62,20.64,25.26,NA,NA,0.82,35.91,NA,NA,NA,NA,NA,NA,NA,NA,NA,NA,NA,0.00,NA,NA,NA
2020-07-03 06:00:00,73.68,129.72,5.27,20.32,25.59,NA,NA,0.83,15.30,NA,NA,NA,NA,NA,NA,NA,NA,NA,NA,NA,0.00,NA,NA,NA
2020-07-03 07:00:00,75.28,190.48,5.67,20.18,25.84,NA,NA,0.89,26.44,NA,NA,NA,NA,NA,NA,NA,NA,NA,NA,NA,0.00,NA,NA,NA
2020-07-03 08:00:00,76.67,142.91,5.49,19.51,25.00,NA,NA,0.88,36.27,NA,NA,NA,NA,NA,NA,NA,NA,NA,NA,NA,0.00,NA,NA,NA
2020-07-03 09:00:00,79.86,167.34,5.18,19.20,24.38,NA,NA,0.81,46.86,NA,NA,NA,NA,NA,NA,NA,NA,NA,NA,NA,0.00,NA,NA,NA
2020-07-03 10:00:00,74.85,171.72,4.90,18.82,23.72,NA,NA,0.69,58.05,NA,NA,NA,NA,NA,NA,NA,NA,NA,NA,NA,0.00,NA,NA,NA
2020-07-03 11:00:00,59.72,166.64,4.66,17.43,22.09,NA,NA,0.62,63.75,NA,NA,NA,NA,NA,NA,NA,NA,NA,NA,NA,0.00,NA,NA,NA
2020-07-03 12:00:00,60.33,190.15,4.52,18.92,23.44,NA,NA,0.73,110.47,NA,NA,NA,NA,NA,NA,NA,NA,NA,NA,NA,0.00,NA,NA,NA
2020-07-03 13:00:00,90.90,205.17,4.35,19.44,23.78,NA,NA,0.83,145.83,NA,NA,NA,NA,NA,NA,NA,NA,NA,NA,NA,0.00,NA,NA,NA
2020-07-03 14:00:00,90.47,204.25,4.26,18.30,22.56,NA,NA,0.78,135.32,NA,NA,NA,NA,NA,NA,NA,NA,NA,NA,NA,0.00,NA,NA,NA
2020-07-03 15:00:00,82.32,179.08,4.15,18.53,22.69,NA,NA,0.67,114.67,NA,NA,NA,NA,NA,NA,NA,NA,NA,NA,NA,0.00,NA,NA,NA
2020-07-03 16:00:00,27.65,47.33,4.21,22.45,26.66,NA,NA,0.63,100.28,NA,NA,NA,NA,NA,NA,NA,NA,NA,NA,NA,0.00,NA,NA,NA
2020-07-03 17:00:00,25.82,49.03,4.35,23.00,27.35,NA,NA,0.64,91.31,NA,NA,NA,NA,NA,NA,NA,NA,NA,NA,NA,0.00,NA,NA,NA
2020-07-03 18:00:00,48.94,114.89,4.58,28.38,32.96,NA,NA,0.72,69.12,NA,NA,NA,NA,NA,NA,NA,NA,NA,NA,NA,0.00,NA,NA,NA
2020-07-03 19:00:00,59.55,134.12,4.32,26.17,30.49,NA,NA,0.76,67.57,NA,NA,NA,NA,NA,NA,NA,NA,NA,NA,NA,0.00,NA,NA,NA
2020-07-03 20:00:00,48.27,105.02,4.23,21.12,25.35,NA,NA,0.71,76.01,NA,NA,NA,NA,NA,NA,NA,NA,NA,NA,NA,0.00,NA,NA,NA
2020-07-03 21:00:00,50.57,87.70,4.23,20.95,25.18,NA,NA,0.75,66.80,NA,NA,NA,NA,NA,NA,NA,NA,NA,NA,NA,0.00,NA,NA,NA
2020-07-03 22:00:00,50.22,90.89,4.19,20.19,24.37,NA,NA,0.70,63.16,NA,NA,NA,NA,NA,NA,NA,NA,NA,NA,NA,0.00,NA,NA,NA
2020-07-03 23:00:00,47.82,87.72,4.23,19.64,23.87,NA,NA,0.71,62.21,NA,NA,NA,NA,NA,NA,NA,NA,NA,NA,NA,0.00,NA,NA,NA
2020-07-04 00:00:00,52.79,100.44,4.24,20.50,24.75,NA,NA,0.68,59.89,NA,NA,NA,NA,NA,NA,NA,NA,NA,NA,NA,0.00,NA,NA,NA
2020-07-04 01:00:00,44.12,91.13,4.33,20.19,24.52,NA,NA,0.61,57.17,NA,NA,NA,NA,NA,NA,NA,NA,NA,NA,NA,0.00,NA,NA,NA
2020-07-04 02:00:00,37.87,76.80,4.15,20.02,24.16,NA,NA,0.57,60.72,NA,NA,NA,NA,NA,NA,NA,NA,NA,NA,NA,0.00,NA,NA,NA
2020-07-04 03:00:00,28.05,56.37,4.14,20.31,24.45,NA,NA,0.55,54.77,NA,NA,NA,NA,NA,NA,NA,NA,NA,NA,NA,0.00,NA,NA,NA
2020-07-04 04:00:00,29.70,56.50,4.22,20.87,25.09,NA,NA,0.56,54.55,NA,NA,NA,NA,NA,NA,NA,NA,NA,NA,NA,0.00,NA,NA,NA
2020-07-04 05:00:00,33.48,72.56,4.32,23.65,27.96,NA,NA,0.63,37.56,NA,NA,NA,NA,NA,NA,NA,NA,NA,NA,NA,0.00,NA,NA,NA
2020-07-04 06:00:00,63.18,94.46,4.51,22.42,26.93,NA,NA,0.74,25.91,NA,NA,NA,NA,NA,NA,NA,NA,NA,NA,NA,0.00,NA,NA,NA
2020-07-04 07:00:00,79.95,119.35,4.69,19.98,24.67,NA,NA,0.81,30.75,NA,NA,NA,NA,NA,NA,NA,NA,NA,NA,NA,0.00,NA,NA,NA
2020-07-04 08:00:00,65.75,92.26,4.80,19.53,24.33,NA,NA,0.99,35.98,NA,NA,NA,NA,NA,NA,NA,NA,NA,NA,NA,0.00,NA,NA,NA
2020-07-04 09:00:00,65.02,88.12,4.68,21.96,26.64,NA,NA,0.92,47.98,NA,NA,NA,NA,NA,NA,NA,NA,NA,NA,NA,0.00,NA,NA,NA
2020-07-04 10:00:00,63.76,93.56,4.63,23.31,27.94,NA,NA,0.87,61.26,NA,NA,NA,NA,NA,NA,NA,NA,NA,NA,NA,0.00,NA,NA,NA
2020-07-04 11:00:00,63.24,103.94,4.54,23.88,28.42,NA,NA,0.85,67.94,NA,NA,NA,NA,NA,NA,NA,NA,NA,NA,NA,0.00,NA,NA,NA
2020-07-04 12:00:00,64.91,114.97,4.40,21.92,26.31,NA,NA,0.92,81.80,NA,NA,NA,NA,NA,NA,NA,NA,NA,NA,NA,0.00,NA,NA,NA
2020-07-04 13:00:00,38.74,78.81,4.36,22.07,26.44,NA,NA,0.94,97.29,NA,NA,NA,NA,NA,NA,NA,NA,NA,NA,NA,0.00,NA,NA,NA
2020-07-04 14:00:00,29.82,101.01,4.37,23.63,28.00,NA,NA,1.00,98.41,NA,NA,NA,NA,NA,NA,NA,NA,NA,NA,NA,0.00,NA,NA,NA
2020-07-04 15:00:00,38.57,96.63,4.38,24.82,29.20,NA,NA,1.00,99.36,NA,NA,NA,NA,NA,NA,NA,NA,NA,NA,NA,0.00,NA,NA,NA
2020-07-04 16:00:00,37.51,90.32,4.39,23.64,28.03,NA,NA,1.01,99.72,NA,NA,NA,NA,NA,NA,NA,NA,NA,NA,NA,0.00,NA,NA,NA
2020-07-04 17:00:00,38.49,105.71,4.38,24.26,28.63,NA,NA,1.07,98.06,NA,NA,NA,NA,NA,NA,NA,NA,NA,NA,NA,0.00,NA,NA,NA
2020-07-04 18:00:00,28.21,107.21,4.28,25.14,29.41,NA,NA,1.08,100.78,NA,NA,NA,NA,NA,NA,NA,NA,NA,NA,NA,0.00,NA,NA,NA
2020-07-04 19:00:00,17.55,44.91,4.25,25.38,29.64,NA,NA,1.11,94.08,NA,NA,NA,NA,NA,NA,NA,NA,NA,NA,NA,0.00,NA,NA,NA
2020-07-04 20:00:00,41.55,66.91,4.17,25.60,29.78,NA,NA,1.22,78.98,NA,NA,NA,NA,NA,NA,NA,NA,NA,NA,NA,0.00,NA,NA,NA
2020-07-04 21:00:00,56.44,93.90,4.25,24.89,29.14,NA,NA,1.31,69.19,NA,NA,NA,NA,NA,NA,NA,NA,NA,NA,NA,0.00,NA,NA,NA
2020-07-04 22:00:00,70.42,100.58,4.18,22.77,26.94,NA,NA,1.28,67.37,NA,NA,NA,NA,NA,NA,NA,NA,NA,NA,NA,0.00,NA,NA,NA
2020-07-04 23:00:00,79.78,119.26,4.21,23.17,27.39,NA,NA,1.26,62.53,NA,NA,NA,NA,NA,NA,NA,NA,NA,NA,NA,0.00,NA,NA,NA
2020-07-05 00:00:00,75.10,91.89,4.25,23.40,27.66,NA,NA,1.18,51.83,NA,NA,NA,NA,NA,NA,NA,NA,NA,NA,NA,0.00,NA,NA,NA
2020-07-05 01:00:00,72.29,98.04,4.24,24.06,28.30,NA,NA,1.20,47.15,NA,NA,NA,NA,NA,NA,NA,NA,NA,NA,NA,0.00,NA,NA,NA
2020-07-05 02:00:00,70.10,106.35,4.32,24.93,29.25,NA,NA,1.17,45.27,NA,NA,NA,NA,NA,NA,NA,NA,NA,NA,NA,0.00,NA,NA,NA
2020-07-05 03:00:00,66.88,95.96,4.31,25.34,29.65,NA,NA,1.09,48.19,NA,NA,NA,NA,NA,NA,NA,NA,NA,NA,NA,0.00,NA,NA,NA
2020-07-05 04:00:00,24.43,34.42,4.20,26.01,30.21,NA,NA,0.94,68.54,NA,NA,NA,NA,NA,NA,NA,NA,NA,NA,NA,0.00,NA,NA,NA
2020-07-05 05:00:00,NA,1.82,4.28,25.67,29.95,NA,NA,0.97,62.67,NA,NA,NA,NA,NA,NA,NA,NA,NA,NA,NA,0.00,NA,NA,NA
2020-07-05 06:00:00,4.64,1.92,4.29,26.08,30.38,NA,NA,0.97,65.37,NA,NA,NA,NA,NA,NA,NA,NA,NA,NA,NA,0.00,NA,NA,NA
2020-07-05 07:00:00,3.30,8.88,4.58,31.28,35.86,NA,NA,0.97,58.16,NA,NA,NA,NA,NA,NA,NA,NA,NA,NA,NA,0.00,NA,NA,NA
2020-07-05 08:00:00,6.88,6.36,5.46,34.14,39.60,NA,NA,1.00,49.00,NA,NA,NA,NA,NA,NA,NA,NA,NA,NA,NA,0.00,NA,NA,NA
2020-07-05 09:00:00,7.81,16.14,5.29,33.78,39.07,NA,NA,1.00,56.21,NA,NA,NA,NA,NA,NA,NA,NA,NA,NA,NA,0.00,NA,NA,NA
2020-07-05 10:00:00,13.72,16.65,5.05,36.29,41.34,NA,NA,1.01,65.82,NA,NA,NA,NA,NA,NA,NA,NA,NA,NA,NA,0.00,NA,NA,NA
2020-07-05 11:00:00,13.14,25.19,4.69,38.49,43.18,NA,NA,1.00,74.63,NA,NA,NA,NA,NA,NA,NA,NA,NA,NA,NA,0.00,NA,NA,NA
2020-07-05 12:00:00,27.42,34.97,5.03,54.80,59.82,NA,NA,0.97,93.71,NA,NA,NA,NA,NA,NA,NA,NA,NA,NA,NA,0.00,NA,NA,NA
2020-07-05 13:00:00,21.71,36.49,5.38,79.19,84.57,NA,NA,0.91,99.12,NA,NA,NA,NA,NA,NA,NA,NA,NA,NA,NA,0.00,NA,NA,NA
2020-07-05 14:00:00,20.74,30.42,4.49,20.43,24.92,NA,NA,0.93,106.22,NA,NA,NA,NA,NA,NA,NA,NA,NA,NA,NA,0.00,NA,NA,NA
2020-07-05 15:00:00,37.86,52.33,4.26,17.71,21.97,NA,NA,0.94,106.53,NA,NA,NA,NA,NA,NA,NA,NA,NA,NA,NA,0.00,NA,NA,NA
2020-07-05 16:00:00,28.32,37.61,4.24,18.15,22.39,NA,NA,0.97,119.27,NA,NA,NA,NA,NA,NA,NA,NA,NA,NA,NA,0.00,NA,NA,NA
2020-07-05 17:00:00,46.23,62.07,4.18,19.95,24.13,NA,NA,1.02,140.99,NA,NA,NA,NA,NA,NA,NA,NA,NA,NA,NA,0.00,NA,NA,NA
2020-07-05 18:00:00,40.37,59.30,4.20,19.67,23.87,NA,NA,1.02,139.57,NA,NA,NA,NA,NA,NA,NA,NA,NA,NA,NA,0.00,NA,NA,NA
2020-07-05 19:00:00,45.91,66.10,4.20,19.95,24.15,NA,NA,1.00,72.65,NA,NA,NA,NA,NA,NA,NA,NA,NA,NA,NA,0.00,NA,NA,NA
2020-07-05 20:00:00,29.03,45.84,4.28,21.71,25.99,NA,NA,1.05,56.07,NA,NA,NA,NA,NA,NA,NA,NA,NA,NA,NA,0.00,NA,NA,NA
2020-07-05 21:00:00,39.85,57.45,4.35,22.74,27.09,NA,NA,1.15,39.95,NA,NA,NA,NA,NA,NA,NA,NA,NA,NA,NA,0.00,NA,NA,NA
2020-07-05 22:00:00,40.29,44.05,4.42,23.07,27.50,NA,NA,1.14,24.97,NA,NA,NA,NA,NA,NA,NA,NA,NA,NA,NA,0.00,NA,NA,NA
2020-07-05 23:00:00,38.13,55.12,4.43,23.33,27.76,NA,NA,1.11,36.51,NA,NA,NA,NA,NA,NA,NA,NA,NA,NA,NA,0.00,NA,NA,NA
2020-07-06 00:00:00,36.00,46.83,4.46,22.80,27.25,NA,NA,1.10,31.05,NA,NA,NA,NA,NA,NA,NA,NA,NA,NA,NA,0.00,NA,NA,NA
2020-07-06 01:00:00,36.17,48.19,4.48,21.97,26.45,NA,NA,1.04,32.77,NA,NA,NA,NA,NA,NA,NA,NA,NA,NA,NA,0.00,NA,NA,NA
2020-07-06 02:00:00,38.31,51.53,4.65,21.35,26.00,NA,NA,1.03,20.72,NA,NA,NA,NA,NA,NA,NA,NA,NA,NA,NA,0.00,NA,NA,NA
2020-07-06 03:00:00,40.42,60.80,4.72,21.42,26.14,NA,NA,1.01,15.61,NA,NA,NA,NA,NA,NA,NA,NA,NA,NA,NA,0.00,NA,NA,NA
2020-07-06 04:00:00,41.35,67.10,4.78,21.48,26.26,NA,NA,1.01,15.19,NA,NA,NA,NA,NA,NA,NA,NA,NA,NA,NA,0.00,NA,NA,NA
2020-07-06 05:00:00,40.64,56.31,4.77,21.15,25.91,NA,NA,0.97,16.61,NA,NA,NA,NA,NA,NA,NA,NA,NA,NA,NA,0.00,NA,NA,NA
2020-07-06 06:00:00,43.47,59.35,5.06,18.37,23.43,NA,NA,1.06,20.99,NA,NA,NA,NA,NA,NA,NA,NA,NA,NA,NA,0.00,NA,NA,NA
2020-07-06 07:00:00,50.65,67.26,5.28,16.88,22.16,NA,NA,1.03,23.35,NA,NA,NA,NA,NA,NA,NA,NA,NA,NA,NA,0.00,NA,NA,NA
2020-07-06 08:00:00,59.38,70.36,5.27,17.05,22.32,NA,NA,1.05,32.64,NA,NA,NA,NA,NA,NA,NA,NA,NA,NA,NA,0.00,NA,NA,NA
2020-07-06 09:00:00,78.01,108.45,5.00,17.85,22.84,NA,NA,1.10,45.23,NA,NA,NA,NA,NA,NA,NA,NA,NA,NA,NA,0.00,NA,NA,NA
2020-07-06 10:00:00,82.92,123.74,4.71,17.64,22.35,NA,NA,1.07,63.84,NA,NA,NA,NA,NA,NA,NA,NA,NA,NA,NA,0.00,NA,NA,NA
2020-07-06 11:00:00,75.95,98.13,4.48,16.29,20.77,NA,NA,0.99,74.37,NA,NA,NA,NA,NA,NA,NA,NA,NA,NA,NA,0.00,NA,NA,NA
2020-07-06 12:00:00,63.44,84.89,4.41,15.83,20.24,NA,NA,0.93,72.92,NA,NA,NA,NA,NA,NA,NA,NA,NA,NA,NA,0.00,NA,NA,NA
2020-07-06 13:00:00,53.99,68.37,4.33,15.87,20.21,NA,NA,0.76,88.17,NA,NA,NA,NA,NA,NA,NA,NA,NA,NA,NA,0.00,NA,NA,NA
2020-07-06 14:00:00,46.53,57.69,4.49,22.14,26.63,NA,NA,0.76,86.69,NA,NA,NA,NA,NA,NA,NA,NA,NA,NA,NA,0.00,NA,NA,NA
2020-07-06 15:00:00,44.22,55.09,4.33,16.35,20.68,NA,NA,0.79,94.85,NA,NA,NA,NA,NA,NA,NA,NA,NA,NA,NA,0.00,NA,NA,NA
2020-07-06 16:00:00,54.73,72.57,4.33,16.08,20.42,NA,NA,0.80,103.15,NA,NA,NA,NA,NA,NA,NA,NA,NA,NA,NA,0.00,NA,NA,NA
2020-07-06 17:00:00,49.23,68.47,4.33,16.49,20.81,NA,NA,0.72,93.67,NA,NA,NA,NA,NA,NA,NA,NA,NA,NA,NA,0.00,NA,NA,NA
2020-07-06 18:00:00,40.05,88.18,4.26,18.65,22.91,NA,NA,0.80,77.12,NA,NA,NA,NA,NA,NA,NA,NA,NA,NA,NA,0.00,NA,NA,NA
2020-07-06 19:00:00,25.09,46.02,4.25,18.21,22.45,NA,NA,0.73,68.88,NA,NA,NA,NA,NA,NA,NA,NA,NA,NA,NA,0.00,NA,NA,NA
2020-07-06 20:00:00,29.00,38.97,4.21,18.08,22.28,NA,NA,0.73,58.17,NA,NA,NA,NA,NA,NA,NA,NA,NA,NA,NA,0.00,NA,NA,NA
2020-07-06 21:00:00,30.06,41.03,4.23,20.65,24.88,NA,NA,0.77,41.91,NA,NA,NA,NA,NA,NA,NA,NA,NA,NA,NA,0.00,NA,NA,NA
2020-07-06 22:00:00,33.81,56.30,4.26,22.75,27.01,NA,NA,0.83,36.15,NA,NA,NA,NA,NA,NA,NA,NA,NA,NA,NA,0.00,NA,NA,NA
2020-07-06 23:00:00,37.05,52.88,4.23,18.21,22.44,NA,NA,0.78,44.51,NA,NA,NA,NA,NA,NA,NA,NA,NA,NA,NA,0.00,NA,NA,NA
2020-07-07 00:00:00,41.36,52.00,4.26,18.48,22.74,NA,NA,0.75,39.05,NA,NA,NA,NA,NA,NA,NA,NA,NA,NA,NA,0.00,NA,NA,NA
2020-07-07 01:00:00,41.41,49.01,4.30,18.93,23.23,NA,NA,0.72,32.61,NA,NA,NA,NA,NA,NA,NA,NA,NA,NA,NA,0.00,NA,NA,NA
2020-07-07 02:00:00,34.40,52.47,4.33,18.63,22.96,NA,NA,0.66,27.81,NA,NA,NA,NA,NA,NA,NA,NA,NA,NA,NA,0.00,NA,NA,NA
2020-07-07 03:00:00,32.40,49.00,4.37,17.68,22.05,NA,NA,0.65,26.02,NA,NA,NA,NA,NA,NA,NA,NA,NA,NA,NA,0.00,NA,NA,NA
2020-07-07 04:00:00,25.89,40.12,4.39,17.62,22.00,NA,NA,0.64,26.15,NA,NA,NA,NA,NA,NA,NA,NA,NA,NA,NA,0.00,NA,NA,NA
2020-07-07 05:00:00,23.55,34.27,4.39,17.08,21.47,NA,NA,0.63,24.29,NA,NA,NA,NA,NA,NA,NA,NA,NA,NA,NA,0.00,NA,NA,NA
2020-07-07 06:00:00,13.96,24.97,4.55,16.63,21.18,NA,NA,0.60,23.29,NA,NA,NA,NA,NA,NA,NA,NA,NA,NA,NA,0.00,NA,NA,NA
2020-07-07 07:00:00,6.92,9.06,5.16,17.18,22.35,NA,NA,0.59,25.56,NA,NA,NA,NA,NA,NA,NA,NA,NA,NA,NA,0.00,NA,NA,NA
2020-07-07 08:00:00,12.89,31.32,5.09,17.15,22.24,NA,NA,0.61,32.46,NA,NA,NA,NA,NA,NA,NA,NA,NA,NA,NA,0.00,NA,NA,NA
2020-07-07 09:00:00,33.78,50.39,5.10,17.65,22.75,NA,NA,0.65,40.35,NA,NA,NA,NA,NA,NA,NA,NA,NA,NA,NA,0.00,NA,NA,NA
2020-07-07 10:00:00,28.30,42.81,4.70,16.53,21.23,NA,NA,0.59,44.76,NA,NA,NA,NA,NA,NA,NA,NA,NA,NA,NA,0.00,NA,NA,NA
2020-07-07 11:00:00,15.59,28.19,4.41,14.90,19.31,NA,NA,0.54,46.24,NA,NA,NA,NA,NA,NA,NA,NA,NA,NA,NA,0.00,NA,NA,NA
2020-07-07 12:00:00,16.87,21.96,4.30,14.87,19.16,NA,NA,0.53,54.12,NA,NA,NA,NA,NA,NA,NA,NA,NA,NA,NA,0.00,NA,NA,NA
2020-07-07 13:00:00,29.23,43.71,4.36,15.32,19.69,NA,NA,0.53,51.97,NA,NA,NA,NA,NA,NA,NA,NA,NA,NA,NA,0.00,NA,NA,NA
2020-07-07 14:00:00,3.66,17.65,4.46,14.95,19.42,NA,NA,0.52,41.20,NA,NA,NA,NA,NA,NA,NA,NA,NA,NA,NA,0.00,NA,NA,NA
2020-07-07 15:00:00,11.19,29.58,4.45,14.67,19.12,NA,NA,0.51,34.10,NA,NA,NA,NA,NA,NA,NA,NA,NA,NA,NA,0.00,NA,NA,NA
2020-07-07 16:00:00,8.12,17.00,4.55,14.75,19.30,NA,NA,0.49,32.06,NA,NA,NA,NA,NA,NA,NA,NA,NA,NA,NA,0.00,NA,NA,NA
2020-07-07 17:00:00,5.42,11.87,4.46,15.08,19.53,NA,NA,0.57,34.86,NA,NA,NA,NA,NA,NA,NA,NA,NA,NA,NA,0.00,NA,NA,NA
2020-07-07 18:00:00,8.32,13.97,4.31,15.76,20.08,NA,NA,0.61,32.40,NA,NA,NA,NA,NA,NA,NA,NA,NA,NA,NA,0.00,NA,NA,NA
2020-07-07 19:00:00,3.16,9.74,4.24,16.81,21.05,NA,NA,0.63,28.76,NA,NA,NA,NA,NA,NA,NA,NA,NA,NA,NA,0.00,NA,NA,NA
2020-07-07 20:00:00,2.05,15.30,4.29,18.06,22.35,NA,NA,0.65,25.78,NA,NA,NA,NA,NA,NA,NA,NA,NA,NA,NA,0.00,NA,NA,NA
2020-07-07 21:00:00,8.10,11.14,4.29,17.83,22.11,NA,NA,0.65,27.06,NA,NA,NA,NA,NA,NA,NA,NA,NA,NA,NA,0.00,NA,NA,NA
2020-07-07 22:00:00,14.35,22.06,4.24,16.88,21.12,NA,NA,0.65,30.56,NA,NA,NA,NA,NA,NA,NA,NA,NA,NA,NA,0.00,NA,NA,NA
2020-07-07 23:00:00,18.76,15.89,4.28,16.67,20.95,NA,NA,0.64,32.11,NA,NA,NA,NA,NA,NA,NA,NA,NA,NA,NA,0.00,NA,NA,NA
2020-07-08 00:00:00,27.31,26.56,4.33,17.18,21.52,NA,NA,0.64,28.89,NA,NA,NA,NA,NA,NA,NA,NA,NA,NA,NA,0.00,NA,NA,NA
2020-07-08 01:00:00,24.53,31.66,4.39,17.73,22.12,NA,NA,0.55,29.45,NA,NA,NA,NA,NA,NA,NA,NA,NA,NA,NA,0.00,NA,NA,NA
2020-07-08 02:00:00,24.30,25.20,4.34,16.58,20.92,NA,NA,0.73,28.01,NA,NA,NA,NA,NA,NA,NA,NA,NA,NA,NA,0.00,NA,NA,NA
2020-07-08 03:00:00,25.46,25.12,4.30,16.41,20.71,NA,NA,0.70,29.96,NA,NA,NA,NA,NA,NA,NA,NA,NA,NA,NA,0.00,NA,NA,NA
2020-07-08 04:00:00,25.14,31.79,4.32,16.91,21.23,NA,NA,0.69,26.85,NA,NA,NA,NA,NA,NA,NA,NA,NA,NA,NA,0.00,NA,NA,NA
2020-07-08 05:00:00,23.46,31.31,4.36,17.12,21.48,NA,NA,0.69,29.09,NA,NA,NA,NA,NA,NA,NA,NA,NA,NA,NA,0.00,NA,NA,NA
2020-07-08 06:00:00,29.64,32.14,4.50,17.53,22.02,NA,NA,0.76,26.29,NA,NA,NA,NA,NA,NA,NA,NA,NA,NA,NA,0.00,NA,NA,NA
2020-07-08 07:00:00,29.42,43.96,4.65,17.67,22.31,NA,NA,0.76,29.09,NA,NA,NA,NA,NA,NA,NA,NA,NA,NA,NA,0.00,NA,NA,NA
2020-07-08 08:00:00,29.73,45.10,4.97,17.72,22.70,NA,NA,0.76,28.84,NA,NA,NA,NA,NA,NA,NA,NA,NA,NA,NA,0.00,NA,NA,NA
2020-07-08 09:00:00,31.15,43.07,5.01,17.25,22.26,NA,NA,0.75,36.72,NA,NA,NA,NA,NA,NA,NA,NA,NA,NA,NA,0.00,NA,NA,NA
2020-07-08 10:00:00,38.57,52.50,4.88,16.91,21.79,NA,NA,0.73,41.60,NA,NA,NA,NA,NA,NA,NA,NA,NA,NA,NA,0.00,NA,NA,NA
2020-07-08 11:00:00,35.11,56.40,4.56,16.63,21.19,NA,NA,0.72,51.06,NA,NA,NA,NA,NA,NA,NA,NA,NA,NA,NA,0.00,NA,NA,NA
2020-07-08 12:00:00,34.85,47.54,4.51,16.12,20.64,NA,NA,0.70,63.76,NA,NA,NA,NA,NA,NA,NA,NA,NA,NA,NA,0.00,NA,NA,NA
2020-07-08 13:00:00,35.89,70.60,4.37,15.40,19.77,NA,NA,0.67,64.47,NA,NA,NA,NA,NA,NA,NA,NA,NA,NA,NA,0.00,NA,NA,NA
2020-07-08 14:00:00,36.24,52.80,4.37,15.19,19.56,NA,NA,0.67,70.60,NA,NA,NA,NA,NA,NA,NA,NA,NA,NA,NA,0.00,NA,NA,NA
2020-07-08 15:00:00,35.14,45.94,4.31,15.26,19.57,NA,NA,0.66,67.85,NA,NA,NA,NA,NA,NA,NA,NA,NA,NA,NA,0.00,NA,NA,NA
2020-07-08 16:00:00,37.07,59.56,4.25,15.39,19.64,NA,NA,0.64,56.95,NA,NA,NA,NA,NA,NA,NA,NA,NA,NA,NA,0.00,NA,NA,NA
2020-07-08 17:00:00,15.28,21.50,4.20,18.53,22.73,NA,NA,0.65,36.85,NA,NA,NA,NA,NA,NA,NA,NA,NA,NA,NA,0.00,NA,NA,NA
2020-07-08 18:00:00,8.41,10.69,5.53,36.47,42.01,NA,NA,0.80,13.84,NA,NA,NA,NA,NA,NA,NA,NA,NA,NA,NA,0.00,NA,NA,NA
2020-07-08 19:00:00,16.30,27.18,4.70,29.78,34.48,NA,NA,0.88,17.06,NA,NA,NA,NA,NA,NA,NA,NA,NA,NA,NA,0.00,NA,NA,NA
2020-07-08 20:00:00,24.85,42.49,4.57,25.46,30.03,NA,NA,0.92,17.89,NA,NA,NA,NA,NA,NA,NA,NA,NA,NA,NA,0.00,NA,NA,NA
2020-07-08 21:00:00,35.68,45.14,4.58,23.51,28.09,NA,NA,0.99,15.01,NA,NA,NA,NA,NA,NA,NA,NA,NA,NA,NA,0.00,NA,NA,NA
2020-07-08 22:00:00,34.66,41.23,4.97,22.32,27.29,NA,NA,1.01,14.69,NA,NA,NA,NA,NA,NA,NA,NA,NA,NA,NA,0.00,NA,NA,NA
2020-07-08 23:00:00,34.96,46.10,6.21,26.26,32.47,NA,NA,1.14,6.74,NA,NA,NA,NA,NA,NA,NA,NA,NA,NA,NA,0.00,NA,NA,NA
2020-07-09 00:00:00,38.32,59.87,6.08,25.16,31.24,NA,NA,1.02,9.64,NA,NA,NA,NA,NA,NA,NA,NA,NA,NA,NA,0.00,NA,NA,NA
2020-07-09 01:00:00,34.43,60.48,5.31,22.98,28.29,NA,NA,0.99,17.60,NA,NA,NA,NA,NA,NA,NA,NA,NA,NA,NA,0.00,NA,NA,NA
2020-07-09 02:00:00,33.59,61.67,5.67,22.25,27.92,NA,NA,0.96,5.68,NA,NA,NA,NA,NA,NA,NA,NA,NA,NA,NA,0.00,NA,NA,NA
2020-07-09 03:00:00,33.86,61.23,6.61,20.06,26.68,NA,NA,0.95,9.23,NA,NA,NA,NA,NA,NA,NA,NA,NA,NA,NA,0.00,NA,NA,NA
2020-07-09 04:00:00,33.58,55.87,6.29,19.77,26.05,NA,NA,0.90,6.19,NA,NA,NA,NA,NA,NA,NA,NA,NA,NA,NA,0.00,NA,NA,NA
2020-07-09 05:00:00,30.92,54.26,5.54,20.00,25.54,NA,NA,0.91,13.78,NA,NA,NA,NA,NA,NA,NA,NA,NA,NA,NA,0.00,NA,NA,NA
2020-07-09 06:00:00,38.65,54.63,7.44,20.46,27.90,NA,NA,0.96,9.20,NA,NA,NA,NA,NA,NA,NA,NA,NA,NA,NA,0.00,NA,NA,NA
2020-07-09 07:00:00,39.95,128.68,6.36,17.99,24.35,NA,NA,0.87,13.36,NA,NA,NA,NA,NA,NA,NA,NA,NA,NA,NA,0.00,NA,NA,NA
2020-07-09 08:00:00,29.62,74.21,6.09,16.76,22.84,NA,NA,0.85,18.07,NA,NA,NA,NA,NA,NA,NA,NA,NA,NA,NA,0.00,NA,NA,NA
2020-07-09 09:00:00,24.05,33.25,5.43,16.78,22.22,NA,NA,0.79,21.35,NA,NA,NA,NA,NA,NA,NA,NA,NA,NA,NA,0.00,NA,NA,NA
2020-07-09 10:00:00,35.27,53.51,5.44,20.66,26.11,NA,NA,0.79,39.16,NA,NA,NA,NA,NA,NA,NA,NA,NA,NA,NA,0.00,NA,NA,NA
2020-07-09 11:00:00,26.11,45.04,4.88,19.32,24.20,NA,NA,0.75,51.61,NA,NA,NA,NA,NA,NA,NA,NA,NA,NA,NA,0.00,NA,NA,NA
2020-07-09 12:00:00,25.50,43.41,4.56,18.00,22.56,NA,NA,0.63,61.73,NA,NA,NA,NA,NA,NA,NA,NA,NA,NA,NA,0.00,NA,NA,NA
2020-07-09 13:00:00,21.92,42.83,4.74,19.55,24.29,NA,NA,0.66,62.43,NA,NA,NA,NA,NA,NA,NA,NA,NA,NA,NA,0.00,NA,NA,NA
2020-07-09 14:00:00,24.63,37.49,4.43,16.76,21.19,NA,NA,0.64,69.06,NA,NA,NA,NA,NA,NA,NA,NA,NA,NA,NA,0.00,NA,NA,NA
2020-07-09 15:00:00,27.28,41.15,4.50,17.61,22.11,NA,NA,0.64,59.73,NA,NA,NA,NA,NA,NA,NA,NA,NA,NA,NA,0.00,NA,NA,NA
2020-07-09 16:00:00,29.88,50.26,4.36,16.56,20.91,NA,NA,0.64,59.85,NA,NA,NA,NA,NA,NA,NA,NA,NA,NA,NA,0.00,NA,NA,NA
2020-07-09 17:00:00,30.55,47.12,4.47,18.13,22.60,NA,NA,0.64,54.53,NA,NA,NA,NA,NA,NA,NA,NA,NA,NA,NA,0.00,NA,NA,NA
2020-07-09 18:00:00,24.43,42.41,4.40,18.50,22.90,NA,NA,0.65,49.14,NA,NA,NA,NA,NA,NA,NA,NA,NA,NA,NA,0.00,NA,NA,NA
2020-07-09 19:00:00,17.67,38.86,4.38,20.51,24.90,NA,NA,0.69,38.67,NA,NA,NA,NA,NA,NA,NA,NA,NA,NA,NA,0.00,NA,NA,NA
2020-07-09 20:00:00,21.62,50.47,4.49,21.36,25.86,NA,NA,0.71,38.05,NA,NA,NA,NA,NA,NA,NA,NA,NA,NA,NA,0.00,NA,NA,NA
2020-07-09 21:00:00,25.63,51.39,4.53,23.17,27.71,NA,NA,0.78,23.80,NA,NA,NA,NA,NA,NA,NA,NA,NA,NA,NA,0.00,NA,NA,NA
2020-07-09 22:00:00,31.23,49.74,4.58,21.58,26.14,NA,NA,0.78,28.15,NA,NA,NA,NA,NA,NA,NA,NA,NA,NA,NA,0.00,NA,NA,NA
2020-07-09 23:00:00,25.28,44.35,4.45,18.10,22.56,NA,NA,0.73,32.44,NA,NA,NA,NA,NA,NA,NA,NA,NA,NA,NA,0.00,NA,NA,NA
2020-07-10 00:00:00,15.85,41.60,4.48,18.40,22.89,NA,NA,0.71,21.26,NA,NA,NA,NA,NA,NA,NA,NA,NA,NA,NA,0.00,NA,NA,NA
2020-07-10 01:00:00,22.25,42.28,4.69,23.84,28.53,NA,NA,0.67,16.79,NA,NA,NA,NA,NA,NA,NA,NA,NA,NA,NA,0.00,NA,NA,NA
2020-07-10 02:00:00,20.57,40.71,4.70,19.84,24.55,NA,NA,0.68,24.15,NA,NA,NA,NA,NA,NA,NA,NA,NA,NA,NA,0.00,NA,NA,NA
2020-07-10 03:00:00,18.38,35.81,4.90,21.20,26.11,NA,NA,0.66,5.63,NA,NA,NA,NA,NA,NA,NA,NA,NA,NA,NA,0.00,NA,NA,NA
2020-07-10 04:00:00,19.32,44.78,5.26,24.21,29.47,NA,NA,0.66,7.48,NA,NA,NA,NA,NA,NA,NA,NA,NA,NA,NA,0.00,NA,NA,NA
2020-07-10 05:00:00,18.83,37.57,4.85,21.04,25.90,NA,NA,0.64,12.81,NA,NA,NA,NA,NA,NA,NA,NA,NA,NA,NA,0.00,NA,NA,NA
2020-07-10 06:00:00,20.38,44.13,5.25,20.27,25.52,NA,NA,0.64,12.55,NA,NA,NA,NA,NA,NA,NA,NA,NA,NA,NA,0.00,NA,NA,NA
2020-07-10 07:00:00,10.42,45.70,5.40,18.10,23.51,NA,NA,0.63,20.99,NA,NA,NA,NA,NA,NA,NA,NA,NA,NA,NA,0.00,NA,NA,NA
2020-07-10 08:00:00,23.29,61.30,5.47,17.58,23.04,NA,NA,0.63,23.27,NA,NA,NA,NA,NA,NA,NA,NA,NA,NA,NA,0.00,NA,NA,NA
2020-07-10 09:00:00,17.16,62.41,5.37,17.62,22.99,NA,NA,0.62,30.20,NA,NA,NA,NA,NA,NA,NA,NA,NA,NA,NA,0.00,NA,NA,NA
2020-07-10 10:00:00,21.14,76.65,4.91,16.37,21.29,NA,NA,0.61,38.75,NA,NA,NA,NA,NA,NA,NA,NA,NA,NA,NA,0.00,NA,NA,NA
2020-07-10 11:00:00,21.29,73.97,4.55,15.55,20.11,NA,NA,0.56,49.71,NA,NA,NA,NA,NA,NA,NA,NA,NA,NA,NA,0.00,NA,NA,NA
2020-07-10 12:00:00,21.04,83.90,7.09,22.49,29.56,NA,NA,0.59,49.53,NA,NA,NA,NA,NA,NA,NA,NA,NA,NA,NA,0.00,NA,NA,NA
2020-07-10 13:00:00,25.35,79.95,6.60,21.22,27.84,NA,NA,0.58,54.48,NA,NA,NA,NA,NA,NA,NA,NA,NA,NA,NA,0.00,NA,NA,NA
2020-07-10 14:00:00,21.45,87.55,4.60,16.06,20.66,NA,NA,0.58,62.38,NA,NA,NA,NA,NA,NA,NA,NA,NA,NA,NA,0.00,NA,NA,NA
2020-07-10 15:00:00,23.36,85.35,6.59,22.68,29.27,NA,NA,0.57,56.11,NA,NA,NA,NA,NA,NA,NA,NA,NA,NA,NA,0.00,NA,NA,NA
2020-07-10 16:00:00,24.93,113.23,4.34,15.33,19.67,NA,NA,0.56,67.19,NA,NA,NA,NA,NA,NA,NA,NA,NA,NA,NA,0.00,NA,NA,NA
2020-07-10 17:00:00,23.80,152.04,4.41,15.91,20.32,NA,NA,0.57,64.19,NA,NA,NA,NA,NA,NA,NA,NA,NA,NA,NA,0.00,NA,NA,NA
2020-07-10 18:00:00,25.43,186.10,4.43,18.48,22.92,NA,NA,0.59,60.93,NA,NA,NA,NA,NA,NA,NA,NA,NA,NA,NA,0.00,NA,NA,NA
2020-07-10 19:00:00,23.28,197.58,4.49,23.27,27.76,NA,NA,0.64,36.09,NA,NA,NA,NA,NA,NA,NA,NA,NA,NA,NA,0.00,NA,NA,NA
2020-07-10 20:00:00,26.28,194.15,4.83,24.76,29.58,NA,NA,0.68,16.73,NA,NA,NA,NA,NA,NA,NA,NA,NA,NA,NA,0.00,NA,NA,NA
2020-07-10 21:00:00,29.71,162.87,4.76,21.25,26.01,NA,NA,0.66,36.57,NA,NA,NA,NA,NA,NA,NA,NA,NA,NA,NA,0.00,NA,NA,NA
2020-07-10 22:00:00,15.26,91.59,4.44,21.06,25.50,NA,NA,0.59,41.54,NA,NA,NA,NA,NA,NA,NA,NA,NA,NA,NA,0.00,NA,NA,NA
2020-07-10 23:00:00,16.77,58.41,4.35,25.64,29.99,NA,NA,0.58,41.85,NA,NA,NA,NA,NA,NA,NA,NA,NA,NA,NA,0.00,NA,NA,NA
2020-07-11 00:00:00,16.40,59.36,4.52,27.26,31.78,NA,NA,0.57,34.75,NA,NA,NA,NA,NA,NA,NA,NA,NA,NA,NA,0.00,NA,NA,NA
2020-07-11 01:00:00,15.72,45.31,4.61,24.98,29.59,NA,NA,0.58,22.37,NA,NA,NA,NA,NA,NA,NA,NA,NA,NA,NA,0.00,NA,NA,NA
2020-07-11 02:00:00,20.68,89.86,4.33,20.42,24.76,NA,NA,0.60,57.87,NA,NA,NA,NA,NA,NA,NA,NA,NA,NA,NA,0.00,NA,NA,NA
2020-07-11 03:00:00,7.78,14.56,4.23,17.03,21.27,NA,NA,0.56,52.78,NA,NA,NA,NA,NA,NA,NA,NA,NA,NA,NA,0.00,NA,NA,NA
2020-07-11 04:00:00,6.96,8.78,4.26,17.63,21.89,NA,NA,0.55,45.06,NA,NA,NA,NA,NA,NA,NA,NA,NA,NA,NA,0.00,NA,NA,NA
2020-07-11 05:00:00,5.48,11.51,4.27,16.60,20.87,NA,NA,0.55,48.86,NA,NA,NA,NA,NA,NA,NA,NA,NA,NA,NA,0.00,NA,NA,NA
2020-07-11 06:00:00,10.43,12.25,4.37,16.16,20.53,NA,NA,0.55,34.92,NA,NA,NA,NA,NA,NA,NA,NA,NA,NA,NA,0.00,NA,NA,NA
2020-07-11 07:00:00,7.39,19.27,4.56,17.50,22.05,NA,NA,0.57,31.60,NA,NA,NA,NA,NA,NA,NA,NA,NA,NA,NA,0.00,NA,NA,NA
2020-07-11 08:00:00,14.16,22.01,4.97,19.29,24.27,NA,NA,0.54,49.33,NA,NA,NA,NA,NA,NA,NA,NA,NA,NA,NA,0.00,NA,NA,NA
2020-07-11 09:00:00,15.94,31.07,4.77,18.70,23.47,NA,NA,0.56,53.43,NA,NA,NA,NA,NA,NA,NA,NA,NA,NA,NA,0.00,NA,NA,NA
2020-07-11 10:00:00,12.09,13.99,4.96,18.87,23.83,NA,NA,0.58,49.43,NA,NA,NA,NA,NA,NA,NA,NA,NA,NA,NA,0.00,NA,NA,NA
2020-07-11 11:00:00,16.61,42.36,4.76,17.56,22.32,NA,NA,0.56,45.68,NA,NA,NA,NA,NA,NA,NA,NA,NA,NA,NA,0.00,NA,NA,NA
2020-07-11 12:00:00,23.26,52.08,4.45,15.35,19.80,NA,NA,0.50,52.16,NA,NA,NA,NA,NA,NA,NA,NA,NA,NA,NA,0.00,NA,NA,NA
2020-07-11 13:00:00,19.90,55.83,4.43,15.76,20.19,NA,NA,0.52,61.19,NA,NA,NA,NA,NA,NA,NA,NA,NA,NA,NA,0.00,NA,NA,NA
2020-07-11 14:00:00,26.64,55.66,4.34,15.65,19.99,NA,NA,0.53,70.55,NA,NA,NA,NA,NA,NA,NA,NA,NA,NA,NA,0.00,NA,NA,NA
2020-07-11 15:00:00,25.65,60.28,4.32,15.03,19.35,NA,NA,0.47,66.58,NA,NA,NA,NA,NA,NA,NA,NA,NA,NA,NA,0.00,NA,NA,NA
2020-07-11 16:00:00,22.25,57.32,4.35,15.16,19.52,NA,NA,0.44,68.30,NA,NA,NA,NA,NA,NA,NA,NA,NA,NA,NA,0.00,NA,NA,NA
2020-07-11 17:00:00,23.43,59.92,4.38,15.34,19.72,NA,NA,0.48,68.14,NA,NA,NA,NA,NA,NA,NA,NA,NA,NA,NA,0.00,NA,NA,NA
2020-07-11 18:00:00,28.43,66.03,4.43,16.01,20.44,NA,NA,0.49,62.72,NA,NA,NA,NA,NA,NA,NA,NA,NA,NA,NA,0.00,NA,NA,NA
2020-07-11 19:00:00,27.64,74.41,4.44,18.31,22.74,NA,NA,0.52,36.95,NA,NA,NA,NA,NA,NA,NA,NA,NA,NA,NA,0.00,NA,NA,NA
2020-07-11 20:00:00,25.17,86.55,4.52,21.42,25.93,NA,NA,0.58,42.24,NA,NA,NA,NA,NA,NA,NA,NA,NA,NA,NA,0.00,NA,NA,NA
2020-07-11 21:00:00,38.15,86.50,4.45,20.83,25.28,NA,NA,0.64,48.46,NA,NA,NA,NA,NA,NA,NA,NA,NA,NA,NA,0.00,NA,NA,NA
2020-07-11 22:00:00,43.89,86.62,4.52,20.06,24.58,NA,NA,0.67,39.03,NA,NA,NA,NA,NA,NA,NA,NA,NA,NA,NA,0.00,NA,NA,NA
2020-07-11 23:00:00,43.78,100.95,4.67,23.01,27.68,NA,NA,0.73,31.57,NA,NA,NA,NA,NA,NA,NA,NA,NA,NA,NA,0.00,NA,NA,NA
2020-07-12 00:00:00,59.95,124.03,4.71,23.44,28.15,NA,NA,0.72,29.10,NA,NA,NA,NA,NA,NA,NA,NA,NA,NA,NA,0.00,NA,NA,NA
2020-07-12 01:00:00,39.39,87.76,4.62,19.64,24.26,NA,NA,0.61,30.40,NA,NA,NA,NA,NA,NA,NA,NA,NA,NA,NA,0.00,NA,NA,NA
2020-07-12 02:00:00,40.84,75.31,5.06,18.40,23.45,NA,NA,0.59,15.16,NA,NA,NA,NA,NA,NA,NA,NA,NA,NA,NA,0.00,NA,NA,NA
2020-07-12 03:00:00,40.59,70.48,6.37,19.54,25.91,NA,NA,0.60,10.51,NA,NA,NA,NA,NA,NA,NA,NA,NA,NA,NA,0.00,NA,NA,NA
2020-07-12 04:00:00,45.89,71.48,6.56,19.57,26.13,NA,NA,0.60,14.13,NA,NA,NA,NA,NA,NA,NA,NA,NA,NA,NA,0.00,NA,NA,NA
2020-07-12 05:00:00,24.92,40.50,5.24,18.45,23.69,NA,NA,0.50,14.40,NA,NA,NA,NA,NA,NA,NA,NA,NA,NA,NA,0.00,NA,NA,NA
2020-07-12 06:00:00,17.11,40.62,4.80,16.92,21.72,NA,NA,0.46,40.74,NA,NA,NA,NA,NA,NA,NA,NA,NA,NA,NA,0.00,NA,NA,NA
2020-07-12 07:00:00,6.04,27.15,4.56,18.16,22.72,NA,NA,0.44,55.39,NA,NA,NA,NA,NA,NA,NA,NA,NA,NA,NA,0.00,NA,NA,NA
2020-07-12 08:00:00,2.17,3.10,5.21,21.17,26.38,NA,NA,0.47,55.38,NA,NA,NA,NA,NA,NA,NA,NA,NA,NA,NA,0.00,NA,NA,NA
2020-07-12 09:00:00,12.61,24.01,4.93,28.87,33.79,NA,NA,0.46,67.04,NA,NA,NA,NA,NA,NA,NA,NA,NA,NA,NA,0.00,NA,NA,NA
2020-07-12 10:00:00,13.96,23.90,4.72,22.11,26.83,NA,NA,0.47,72.64,NA,NA,NA,NA,NA,NA,NA,NA,NA,NA,NA,0.00,NA,NA,NA
2020-07-12 11:00:00,28.87,59.09,4.73,18.47,23.20,NA,NA,0.47,59.90,NA,NA,NA,NA,NA,NA,NA,NA,NA,NA,NA,0.00,NA,NA,NA
2020-07-12 12:00:00,3.93,14.45,4.36,16.05,20.41,NA,NA,0.42,72.00,NA,NA,NA,NA,NA,NA,NA,NA,NA,NA,NA,0.00,NA,NA,NA
2020-07-12 13:00:00,11.23,29.41,4.53,17.13,21.66,NA,NA,0.44,60.22,NA,NA,NA,NA,NA,NA,NA,NA,NA,NA,NA,0.00,NA,NA,NA
2020-07-12 14:00:00,10.57,27.64,4.72,19.07,23.79,NA,NA,0.46,61.59,NA,NA,NA,NA,NA,NA,NA,NA,NA,NA,NA,0.00,NA,NA,NA
2020-07-12 15:00:00,17.34,45.27,4.67,19.84,24.50,NA,NA,0.46,74.09,NA,NA,NA,NA,NA,NA,NA,NA,NA,NA,NA,0.00,NA,NA,NA
2020-07-12 16:00:00,18.76,42.49,4.53,18.38,22.91,NA,NA,0.45,84.82,NA,NA,NA,NA,NA,NA,NA,NA,NA,NA,NA,0.00,NA,NA,NA
2020-07-12 17:00:00,21.95,52.84,4.60,17.43,22.03,NA,NA,0.41,61.73,NA,NA,NA,NA,NA,NA,NA,NA,NA,NA,NA,0.00,NA,NA,NA
2020-07-12 18:00:00,19.24,45.18,4.51,17.67,22.18,NA,NA,0.42,59.18,NA,NA,NA,NA,NA,NA,NA,NA,NA,NA,NA,0.00,NA,NA,NA
2020-07-12 19:00:00,16.37,48.96,4.39,18.24,22.63,NA,NA,0.46,51.35,NA,NA,NA,NA,NA,NA,NA,NA,NA,NA,NA,0.00,NA,NA,NA
2020-07-12 20:00:00,12.82,32.40,4.36,20.62,24.98,NA,NA,0.47,44.87,NA,NA,NA,NA,NA,NA,NA,NA,NA,NA,NA,0.00,NA,NA,NA
2020-07-12 21:00:00,8.28,36.96,4.34,19.99,24.32,NA,NA,0.48,42.54,NA,NA,NA,NA,NA,NA,NA,NA,NA,NA,NA,0.00,NA,NA,NA
2020-07-12 22:00:00,19.27,31.41,4.33,21.38,25.71,NA,NA,0.54,41.42,NA,NA,NA,NA,NA,NA,NA,NA,NA,NA,NA,0.00,NA,NA,NA
2020-07-12 23:00:00,22.09,43.85,4.40,18.74,23.13,NA,NA,0.47,36.90,NA,NA,NA,NA,NA,NA,NA,NA,NA,NA,NA,0.00,NA,NA,NA
2020-07-13 00:00:00,16.94,33.49,4.45,18.44,22.89,NA,NA,0.49,29.58,NA,NA,NA,NA,NA,NA,NA,NA,NA,NA,NA,0.00,NA,NA,NA
2020-07-13 01:00:00,17.25,43.60,4.65,24.96,29.61,NA,NA,0.56,19.27,NA,NA,NA,NA,NA,NA,NA,NA,NA,NA,NA,0.00,NA,NA,NA
2020-07-13 02:00:00,15.35,47.74,4.98,21.24,26.22,NA,NA,0.53,11.69,NA,NA,NA,NA,NA,NA,NA,NA,NA,NA,NA,0.00,NA,NA,NA
2020-07-13 03:00:00,25.63,42.38,4.99,20.17,25.16,NA,NA,0.58,10.21,NA,NA,NA,NA,NA,NA,NA,NA,NA,NA,NA,0.00,NA,NA,NA
2020-07-13 04:00:00,26.58,57.03,4.99,21.60,26.59,NA,NA,0.59,12.47,NA,NA,NA,NA,NA,NA,NA,NA,NA,NA,NA,0.00,NA,NA,NA
2020-07-13 05:00:00,24.57,63.34,8.52,28.37,36.89,NA,NA,0.62,4.34,NA,NA,NA,NA,NA,NA,NA,NA,NA,NA,NA,0.00,NA,NA,NA
2020-07-13 06:00:00,26.01,62.93,12.81,27.20,40.01,NA,NA,0.63,5.08,NA,NA,NA,NA,NA,NA,NA,NA,NA,NA,NA,0.00,NA,NA,NA
2020-07-13 07:00:00,20.50,57.25,9.39,25.59,34.98,NA,NA,0.63,11.70,NA,NA,NA,NA,NA,NA,NA,NA,NA,NA,NA,0.00,NA,NA,NA
2020-07-13 08:00:00,37.83,82.98,7.24,26.04,33.28,NA,NA,0.66,23.79,NA,NA,NA,NA,NA,NA,NA,NA,NA,NA,NA,0.00,NA,NA,NA
2020-07-13 09:00:00,29.22,140.02,5.95,22.52,28.47,NA,NA,0.63,38.07,NA,NA,NA,NA,NA,NA,NA,NA,NA,NA,NA,0.00,NA,NA,NA
2020-07-13 10:00:00,35.13,90.74,5.04,20.24,25.28,NA,NA,0.61,50.49,NA,NA,NA,NA,NA,NA,NA,NA,NA,NA,NA,0.00,NA,NA,NA
2020-07-13 11:00:00,26.62,80.47,4.68,18.81,23.49,NA,NA,0.58,60.30,NA,NA,NA,NA,NA,NA,NA,NA,NA,NA,NA,0.00,NA,NA,NA
2020-07-13 12:00:00,23.93,80.28,4.49,16.22,20.71,NA,NA,0.52,61.06,NA,NA,NA,NA,NA,NA,NA,NA,NA,NA,NA,0.00,NA,NA,NA
2020-07-13 13:00:00,18.02,78.02,4.45,15.80,20.25,NA,NA,0.51,63.56,NA,NA,NA,NA,NA,NA,NA,NA,NA,NA,NA,0.00,NA,NA,NA
2020-07-13 14:00:00,14.69,118.69,4.47,15.86,20.33,NA,NA,0.50,64.16,NA,NA,NA,NA,NA,NA,NA,NA,NA,NA,NA,0.00,NA,NA,NA
2020-07-13 15:00:00,20.90,142.46,4.48,15.93,20.41,NA,NA,0.51,68.31,NA,NA,NA,NA,NA,NA,NA,NA,NA,NA,NA,0.00,NA,NA,NA
2020-07-13 16:00:00,22.53,163.63,4.47,16.21,20.69,NA,NA,0.49,70.43,NA,NA,NA,NA,NA,NA,NA,NA,NA,NA,NA,0.00,NA,NA,NA
2020-07-13 17:00:00,22.67,191.52,4.46,17.56,22.02,NA,NA,0.44,59.30,NA,NA,NA,NA,NA,NA,NA,NA,NA,NA,NA,0.00,NA,NA,NA
2020-07-13 18:00:00,20.91,206.77,4.33,18.26,22.59,NA,NA,0.50,56.23,NA,NA,NA,NA,NA,NA,NA,NA,NA,NA,NA,0.00,NA,NA,NA
2020-07-13 19:00:00,24.17,219.09,4.31,17.77,22.09,NA,NA,0.52,48.90,NA,NA,NA,NA,NA,NA,NA,NA,NA,NA,NA,0.00,NA,NA,NA
2020-07-13 20:00:00,28.43,200.07,4.41,18.56,22.97,NA,NA,0.54,29.42,NA,NA,NA,NA,NA,NA,NA,NA,NA,NA,NA,0.00,NA,NA,NA
2020-07-13 21:00:00,23.58,188.72,4.49,20.78,25.27,NA,NA,0.55,22.20,NA,NA,NA,NA,NA,NA,NA,NA,NA,NA,NA,0.00,NA,NA,NA
2020-07-13 22:00:00,25.61,125.20,4.60,21.55,26.16,NA,NA,0.60,22.13,NA,NA,NA,NA,NA,NA,NA,NA,NA,NA,NA,0.00,NA,NA,NA
2020-07-13 23:00:00,30.05,106.41,4.67,22.20,26.87,NA,NA,0.56,16.83,NA,NA,NA,NA,NA,NA,NA,NA,NA,NA,NA,0.00,NA,NA,NA
2020-07-14 00:00:00,24.27,114.38,4.88,27.10,31.98,NA,NA,0.55,12.13,NA,NA,NA,NA,NA,NA,NA,NA,NA,NA,NA,0.00,NA,NA,NA
2020-07-14 01:00:00,29.55,83.81,4.94,22.28,27.23,NA,NA,0.51,13.18,NA,NA,NA,NA,NA,NA,NA,NA,NA,NA,NA,0.00,NA,NA,NA
2020-07-14 02:00:00,19.13,77.43,5.18,24.57,29.75,NA,NA,0.53,11.66,NA,NA,NA,NA,NA,NA,NA,NA,NA,NA,NA,0.00,NA,NA,NA
2020-07-14 03:00:00,21.94,95.03,7.10,28.15,35.24,NA,NA,0.55,5.68,NA,NA,NA,NA,NA,NA,NA,NA,NA,NA,NA,0.00,NA,NA,NA
2020-07-14 04:00:00,26.73,84.58,9.76,32.13,41.92,NA,NA,0.56,3.65,NA,NA,NA,NA,NA,NA,NA,NA,NA,NA,NA,0.00,NA,NA,NA
2020-07-14 05:00:00,26.31,90.38,10.62,34.22,44.83,NA,NA,0.56,3.79,NA,NA,NA,NA,NA,NA,NA,NA,NA,NA,NA,0.00,NA,NA,NA
2020-07-14 06:00:00,23.38,77.31,12.72,28.89,41.59,NA,NA,0.58,5.73,NA,NA,NA,NA,NA,NA,NA,NA,NA,NA,NA,0.00,NA,NA,NA
2020-07-14 07:00:00,25.06,87.36,9.28,25.24,34.49,NA,NA,0.63,10.60,NA,NA,NA,NA,NA,NA,NA,NA,NA,NA,NA,0.00,NA,NA,NA
2020-07-14 08:00:00,31.44,93.26,7.50,22.72,30.22,NA,NA,0.61,17.11,NA,NA,NA,NA,NA,NA,NA,NA,NA,NA,NA,0.00,NA,NA,NA
2020-07-14 09:00:00,31.91,125.74,6.81,23.24,30.07,NA,NA,0.62,28.81,NA,NA,NA,NA,NA,NA,NA,NA,NA,NA,NA,0.00,NA,NA,NA
2020-07-14 10:00:00,31.48,114.93,5.23,20.70,25.90,NA,NA,0.60,46.04,NA,NA,NA,NA,NA,NA,NA,NA,NA,NA,NA,0.00,NA,NA,NA
2020-07-14 11:00:00,34.32,144.70,4.75,17.63,22.38,NA,NA,0.58,50.31,NA,NA,NA,NA,NA,NA,NA,NA,NA,NA,NA,0.00,NA,NA,NA
2020-07-14 12:00:00,31.71,155.54,4.57,16.67,21.25,NA,NA,0.64,70.59,NA,NA,NA,NA,NA,NA,NA,NA,NA,NA,NA,0.00,NA,NA,NA
2020-07-14 13:00:00,31.08,184.75,4.51,15.95,20.46,NA,NA,0.61,72.35,NA,NA,NA,NA,NA,NA,NA,NA,NA,NA,NA,0.00,NA,NA,NA
2020-07-14 14:00:00,31.63,172.95,4.43,15.85,20.28,NA,NA,0.60,77.32,NA,NA,NA,NA,NA,NA,NA,NA,NA,NA,NA,0.00,NA,NA,NA
2020-07-14 15:00:00,27.78,171.17,4.38,15.40,19.78,NA,NA,0.66,81.98,NA,NA,NA,NA,NA,NA,NA,NA,NA,NA,NA,0.00,NA,NA,NA
2020-07-14 16:00:00,31.21,172.39,4.34,15.82,20.17,NA,NA,0.73,85.53,NA,NA,NA,NA,NA,NA,NA,NA,NA,NA,NA,0.00,NA,NA,NA
2020-07-14 17:00:00,32.99,159.48,4.32,20.43,24.76,NA,NA,0.88,131.51,NA,NA,NA,NA,NA,NA,NA,NA,NA,NA,NA,0.00,NA,NA,NA
2020-07-14 18:00:00,53.96,209.84,4.38,20.66,25.04,NA,NA,0.88,121.35,NA,NA,NA,NA,NA,NA,NA,NA,NA,NA,NA,0.00,NA,NA,NA
2020-07-14 19:00:00,68.97,229.75,4.26,22.56,26.83,NA,NA,0.93,131.80,NA,NA,NA,NA,NA,NA,NA,NA,NA,NA,NA,0.00,NA,NA,NA
2020-07-14 20:00:00,80.90,234.12,4.35,22.27,26.62,NA,NA,0.96,89.04,NA,NA,NA,NA,NA,NA,NA,NA,NA,NA,NA,0.00,NA,NA,NA
2020-07-14 21:00:00,88.45,227.84,4.31,22.29,26.59,NA,NA,1.28,66.17,NA,NA,NA,NA,NA,NA,NA,NA,NA,NA,NA,0.00,NA,NA,NA
2020-07-14 22:00:00,65.82,199.87,4.48,23.20,27.68,NA,NA,1.08,47.45,NA,NA,NA,NA,NA,NA,NA,NA,NA,NA,NA,0.00,NA,NA,NA
2020-07-14 23:00:00,49.58,190.31,4.41,22.45,26.86,NA,NA,1.04,47.70,NA,NA,NA,NA,NA,NA,NA,NA,NA,NA,NA,0.00,NA,NA,NA
2020-07-15 00:00:00,58.09,182.27,4.33,18.24,22.58,NA,NA,1.00,56.66,NA,NA,NA,NA,NA,NA,NA,NA,NA,NA,NA,0.00,NA,NA,NA
2020-07-15 01:00:00,70.72,170.26,4.38,16.87,21.25,NA,NA,1.02,62.46,NA,NA,NA,NA,NA,NA,NA,NA,NA,NA,NA,0.00,NA,NA,NA
2020-07-15 02:00:00,79.15,144.62,4.35,16.85,21.20,NA,NA,1.01,62.27,NA,NA,NA,NA,NA,NA,NA,NA,NA,NA,NA,0.00,NA,NA,NA
2020-07-15 03:00:00,73.47,134.86,4.41,17.03,21.44,NA,NA,0.99,54.45,NA,NA,NA,NA,NA,NA,NA,NA,NA,NA,NA,0.00,NA,NA,NA
2020-07-15 04:00:00,66.73,127.90,4.27,17.29,21.56,NA,NA,1.04,49.94,NA,NA,NA,NA,NA,NA,NA,NA,NA,NA,NA,0.00,NA,NA,NA
2020-07-15 05:00:00,54.49,110.74,4.37,17.69,22.06,NA,NA,0.99,51.03,NA,NA,NA,NA,NA,NA,NA,NA,NA,NA,NA,0.00,NA,NA,NA
2020-07-15 06:00:00,47.70,97.63,4.41,17.61,22.03,NA,NA,0.99,43.65,NA,NA,NA,NA,NA,NA,NA,NA,NA,NA,NA,0.00,NA,NA,NA
2020-07-15 07:00:00,39.07,77.13,4.80,17.60,22.41,NA,NA,1.02,41.41,NA,NA,NA,NA,NA,NA,NA,NA,NA,NA,NA,0.00,NA,NA,NA
2020-07-15 08:00:00,42.95,78.67,4.94,17.50,22.44,NA,NA,1.03,48.71,NA,NA,NA,NA,NA,NA,NA,NA,NA,NA,NA,0.00,NA,NA,NA
2020-07-15 09:00:00,42.77,91.92,4.76,17.01,21.77,NA,NA,1.00,59.10,NA,NA,NA,NA,NA,NA,NA,NA,NA,NA,NA,0.00,NA,NA,NA
2020-07-15 10:00:00,46.19,77.06,4.54,16.71,21.25,NA,NA,0.98,71.35,NA,NA,NA,NA,NA,NA,NA,NA,NA,NA,NA,0.00,NA,NA,NA
2020-07-15 11:00:00,45.86,102.03,4.55,15.90,20.44,NA,NA,0.91,69.04,NA,NA,NA,NA,NA,NA,NA,NA,NA,NA,NA,0.00,NA,NA,NA
2020-07-15 12:00:00,26.90,61.92,4.53,17.81,22.35,NA,NA,0.90,80.43,NA,NA,NA,NA,NA,NA,NA,NA,NA,NA,NA,0.00,NA,NA,NA
2020-07-15 13:00:00,35.33,76.53,4.44,18.38,22.82,NA,NA,0.91,76.92,NA,NA,NA,NA,NA,NA,NA,NA,NA,NA,NA,0.00,NA,NA,NA
2020-07-15 14:00:00,22.54,51.00,4.49,17.45,21.94,NA,NA,0.91,85.12,NA,NA,NA,NA,NA,NA,NA,NA,NA,NA,NA,0.00,NA,NA,NA
2020-07-15 15:00:00,38.30,75.13,4.40,16.75,21.15,NA,NA,0.89,94.11,NA,NA,NA,NA,NA,NA,NA,NA,NA,NA,NA,0.00,NA,NA,NA
2020-07-15 16:00:00,45.10,82.78,4.37,16.96,21.33,NA,NA,0.89,96.74,NA,NA,NA,NA,NA,NA,NA,NA,NA,NA,NA,0.00,NA,NA,NA
2020-07-15 17:00:00,40.10,82.47,4.40,16.67,21.08,NA,NA,0.89,96.25,NA,NA,NA,NA,NA,NA,NA,NA,NA,NA,NA,0.00,NA,NA,NA
2020-07-15 18:00:00,40.86,86.66,4.33,16.92,21.25,NA,NA,0.89,91.04,NA,NA,NA,NA,NA,NA,NA,NA,NA,NA,NA,0.00,NA,NA,NA
2020-07-15 19:00:00,35.32,75.08,4.20,17.34,21.54,NA,NA,0.91,70.17,NA,NA,NA,NA,NA,NA,NA,NA,NA,NA,NA,0.00,NA,NA,NA
2020-07-15 20:00:00,31.58,67.02,4.35,20.25,24.60,NA,NA,0.99,56.67,NA,NA,NA,NA,NA,NA,NA,NA,NA,NA,NA,0.00,NA,NA,NA
2020-07-15 21:00:00,36.67,67.93,4.35,18.77,23.11,NA,NA,0.94,53.22,NA,NA,NA,NA,NA,NA,NA,NA,NA,NA,NA,0.00,NA,NA,NA
2020-07-15 22:00:00,23.52,41.62,4.37,18.13,22.50,NA,NA,0.92,47.81,NA,NA,NA,NA,NA,NA,NA,NA,NA,NA,NA,0.00,NA,NA,NA
2020-07-15 23:00:00,31.65,48.38,4.41,17.58,21.99,NA,NA,0.92,44.50,NA,NA,NA,NA,NA,NA,NA,NA,NA,NA,NA,0.00,NA,NA,NA
2020-07-16 00:00:00,27.83,41.18,4.37,17.93,22.30,NA,NA,0.90,43.04,NA,NA,NA,NA,NA,NA,NA,NA,NA,NA,NA,0.00,NA,NA,NA
2020-07-16 01:00:00,37.33,62.69,4.43,19.68,24.11,NA,NA,0.91,37.32,NA,NA,NA,NA,NA,NA,NA,NA,NA,NA,NA,0.00,NA,NA,NA
2020-07-16 02:00:00,40.45,59.03,4.48,20.58,25.06,NA,NA,0.91,35.12,NA,NA,NA,NA,NA,NA,NA,NA,NA,NA,NA,0.00,NA,NA,NA
2020-07-16 03:00:00,34.40,64.29,4.49,18.66,23.15,NA,NA,0.87,34.04,NA,NA,NA,NA,NA,NA,NA,NA,NA,NA,NA,0.00,NA,NA,NA
2020-07-16 04:00:00,33.99,49.05,4.50,23.22,27.72,NA,NA,0.86,28.20,NA,NA,NA,NA,NA,NA,NA,NA,NA,NA,NA,0.00,NA,NA,NA
2020-07-16 05:00:00,33.48,51.35,4.49,21.59,26.08,NA,NA,0.86,29.28,NA,NA,NA,NA,NA,NA,NA,NA,NA,NA,NA,0.00,NA,NA,NA
2020-07-16 06:00:00,29.18,42.05,4.71,20.87,25.58,NA,NA,0.84,32.55,NA,NA,NA,NA,NA,NA,NA,NA,NA,NA,NA,0.00,NA,NA,NA
2020-07-16 07:00:00,21.39,27.54,4.51,16.11,20.62,NA,NA,0.80,47.60,NA,NA,NA,NA,NA,NA,NA,NA,NA,NA,NA,0.00,NA,NA,NA
2020-07-16 08:00:00,30.50,46.51,4.92,17.72,22.64,NA,NA,0.87,41.04,NA,NA,NA,NA,NA,NA,NA,NA,NA,NA,NA,0.00,NA,NA,NA
2020-07-16 09:00:00,34.72,52.48,5.27,20.50,25.77,NA,NA,0.90,40.45,NA,NA,NA,NA,NA,NA,NA,NA,NA,NA,NA,0.00,NA,NA,NA
2020-07-16 10:00:00,47.24,66.85,5.06,18.30,23.36,NA,NA,0.89,50.51,NA,NA,NA,NA,NA,NA,NA,NA,NA,NA,NA,0.00,NA,NA,NA
2020-07-16 11:00:00,37.98,59.24,4.63,16.32,20.94,NA,NA,0.82,60.01,NA,NA,NA,NA,NA,NA,NA,NA,NA,NA,NA,0.00,NA,NA,NA
2020-07-16 12:00:00,37.26,52.96,4.42,16.51,20.93,NA,NA,0.79,63.34,NA,NA,NA,NA,NA,NA,NA,NA,NA,NA,NA,0.00,NA,NA,NA
2020-07-16 13:00:00,36.91,54.35,4.36,15.51,19.87,NA,NA,0.76,72.79,NA,NA,NA,NA,NA,NA,NA,NA,NA,NA,NA,0.00,NA,NA,NA
2020-07-16 14:00:00,39.97,54.73,4.35,14.92,19.27,NA,NA,0.74,76.38,NA,NA,NA,NA,NA,NA,NA,NA,NA,NA,NA,0.00,NA,NA,NA
2020-07-16 15:00:00,53.24,64.89,4.32,15.10,19.42,NA,NA,0.76,80.63,NA,NA,NA,NA,NA,NA,NA,NA,NA,NA,NA,0.00,NA,NA,NA
2020-07-16 16:00:00,47.02,75.82,4.26,15.60,19.86,NA,NA,0.74,63.53,NA,NA,NA,NA,NA,NA,NA,NA,NA,NA,NA,0.00,NA,NA,NA
2020-07-16 17:00:00,21.16,53.92,4.46,16.19,20.66,NA,NA,0.74,45.61,NA,NA,NA,NA,NA,NA,NA,NA,NA,NA,NA,0.00,NA,NA,NA
2020-07-16 18:00:00,15.14,22.56,4.57,17.43,22.00,NA,NA,0.75,39.29,NA,NA,NA,NA,NA,NA,NA,NA,NA,NA,NA,0.00,NA,NA,NA
2020-07-16 19:00:00,23.16,45.43,4.42,20.49,24.90,NA,NA,0.81,31.78,NA,NA,NA,NA,NA,NA,NA,NA,NA,NA,NA,0.00,NA,NA,NA
2020-07-16 20:00:00,41.07,64.82,4.63,23.26,27.90,NA,NA,0.95,23.00,NA,NA,NA,NA,NA,NA,NA,NA,NA,NA,NA,0.00,NA,NA,NA
2020-07-16 21:00:00,53.44,87.41,4.77,26.43,31.20,NA,NA,1.07,21.27,NA,NA,NA,NA,NA,NA,NA,NA,NA,NA,NA,0.00,NA,NA,NA
2020-07-16 22:00:00,46.62,79.21,4.85,28.12,32.98,NA,NA,1.03,22.79,NA,NA,NA,NA,NA,NA,NA,NA,NA,NA,NA,0.00,NA,NA,NA
2020-07-16 23:00:00,50.92,84.10,4.95,24.92,29.87,NA,NA,0.97,26.77,NA,NA,NA,NA,NA,NA,NA,NA,NA,NA,NA,0.00,NA,NA,NA
2020-07-17 00:00:00,41.19,66.54,4.65,23.39,28.03,NA,NA,0.85,23.84,NA,NA,NA,NA,NA,NA,NA,NA,NA,NA,NA,0.00,NA,NA,NA
2020-07-17 01:00:00,41.08,75.30,4.66,21.74,26.39,NA,NA,0.85,17.97,NA,NA,NA,NA,NA,NA,NA,NA,NA,NA,NA,0.00,NA,NA,NA
2020-07-17 02:00:00,41.75,67.56,4.60,19.24,23.84,NA,NA,0.80,28.24,NA,NA,NA,NA,NA,NA,NA,NA,NA,NA,NA,0.00,NA,NA,NA
2020-07-17 03:00:00,40.52,59.91,4.45,19.09,23.54,NA,NA,0.88,30.72,NA,NA,NA,NA,NA,NA,NA,NA,NA,NA,NA,0.00,NA,NA,NA
2020-07-17 04:00:00,37.27,66.03,4.41,18.28,22.69,NA,NA,0.90,37.01,NA,NA,NA,NA,NA,NA,NA,NA,NA,NA,NA,0.00,NA,NA,NA
2020-07-17 05:00:00,44.49,63.15,4.40,20.13,24.53,NA,NA,0.89,29.73,NA,NA,NA,NA,NA,NA,NA,NA,NA,NA,NA,0.00,NA,NA,NA
2020-07-17 06:00:00,43.16,57.83,4.61,20.56,25.17,NA,NA,0.88,31.79,NA,NA,NA,NA,NA,NA,NA,NA,NA,NA,NA,0.00,NA,NA,NA
2020-07-17 07:00:00,43.50,66.18,4.88,18.14,23.02,NA,NA,0.91,32.97,NA,NA,NA,NA,NA,NA,NA,NA,NA,NA,NA,0.00,NA,NA,NA
2020-07-17 08:00:00,42.85,72.44,5.37,18.94,24.31,NA,NA,0.92,39.74,NA,NA,NA,NA,NA,NA,NA,NA,NA,NA,NA,0.00,NA,NA,NA
2020-07-17 09:00:00,61.58,87.64,5.18,18.92,24.10,NA,NA,0.91,52.20,NA,NA,NA,NA,NA,NA,NA,NA,NA,NA,NA,0.00,NA,NA,NA
2020-07-17 10:00:00,71.59,92.60,4.85,17.14,21.99,NA,NA,0.87,54.04,NA,NA,NA,NA,NA,NA,NA,NA,NA,NA,NA,0.00,NA,NA,NA
2020-07-17 11:00:00,73.90,84.93,4.72,16.78,21.50,NA,NA,0.87,62.97,NA,NA,NA,NA,NA,NA,NA,NA,NA,NA,NA,0.00,NA,NA,NA
2020-07-17 12:00:00,67.81,80.79,4.58,16.95,21.53,NA,NA,0.86,74.92,NA,NA,NA,NA,NA,NA,NA,NA,NA,NA,NA,0.00,NA,NA,NA
2020-07-17 13:00:00,77.69,99.14,4.44,17.05,21.49,NA,NA,0.84,82.12,NA,NA,NA,NA,NA,NA,NA,NA,NA,NA,NA,0.00,NA,NA,NA
2020-07-17 14:00:00,62.40,83.15,4.39,15.26,19.65,NA,NA,0.81,76.06,NA,NA,NA,NA,NA,NA,NA,NA,NA,NA,NA,0.00,NA,NA,NA
2020-07-17 15:00:00,52.87,70.73,4.36,14.61,18.98,NA,NA,0.76,72.58,NA,NA,NA,NA,NA,NA,NA,NA,NA,NA,NA,0.00,NA,NA,NA
2020-07-17 16:00:00,64.40,91.91,4.69,17.55,22.24,NA,NA,0.64,73.39,NA,NA,NA,NA,NA,NA,NA,NA,NA,NA,NA,0.00,NA,NA,NA
2020-07-17 17:00:00,67.50,106.09,4.50,17.30,21.80,NA,NA,0.70,77.44,NA,NA,NA,NA,NA,NA,NA,NA,NA,NA,NA,0.00,NA,NA,NA
2020-07-17 18:00:00,69.25,101.54,4.33,17.11,21.43,NA,NA,0.71,74.93,NA,NA,NA,NA,NA,NA,NA,NA,NA,NA,NA,0.00,NA,NA,NA
2020-07-17 19:00:00,79.45,90.52,4.32,18.41,22.73,NA,NA,0.77,69.75,NA,NA,NA,NA,NA,NA,NA,NA,NA,NA,NA,0.00,NA,NA,NA
2020-07-17 20:00:00,87.40,112.49,4.36,20.53,24.89,NA,NA,0.82,58.84,NA,NA,NA,NA,NA,NA,NA,NA,NA,NA,NA,0.00,NA,NA,NA
2020-07-17 21:00:00,78.43,82.23,4.33,18.60,22.92,NA,NA,0.79,55.53,NA,NA,NA,NA,NA,NA,NA,NA,NA,NA,NA,0.00,NA,NA,NA
2020-07-17 22:00:00,52.95,67.91,4.37,19.01,23.38,NA,NA,0.77,45.19,NA,NA,NA,NA,NA,NA,NA,NA,NA,NA,NA,0.00,NA,NA,NA
2020-07-17 23:00:00,52.40,79.74,4.43,19.47,23.90,NA,NA,0.72,38.81,NA,NA,NA,NA,NA,NA,NA,NA,NA,NA,NA,0.00,NA,NA,NA
2020-07-18 00:00:00,52.35,67.28,4.44,20.23,24.67,NA,NA,0.70,42.04,NA,NA,NA,NA,NA,NA,NA,NA,NA,NA,NA,0.00,NA,NA,NA
2020-07-18 01:00:00,54.94,79.89,4.33,15.89,20.22,NA,NA,0.64,51.66,NA,NA,NA,NA,NA,NA,NA,NA,NA,NA,NA,0.00,NA,NA,NA
2020-07-18 02:00:00,52.87,56.74,4.33,15.09,19.41,NA,NA,0.62,55.95,NA,NA,NA,NA,NA,NA,NA,NA,NA,NA,NA,0.00,NA,NA,NA
2020-07-18 03:00:00,58.43,65.15,4.36,15.29,19.66,NA,NA,0.62,47.02,NA,NA,NA,NA,NA,NA,NA,NA,NA,NA,NA,0.00,NA,NA,NA
2020-07-18 04:00:00,62.67,67.70,4.38,18.05,22.43,NA,NA,0.65,33.37,NA,NA,NA,NA,NA,NA,NA,NA,NA,NA,NA,0.00,NA,NA,NA
2020-07-18 05:00:00,64.75,100.48,4.50,19.90,24.40,NA,NA,0.70,27.78,NA,NA,NA,NA,NA,NA,NA,NA,NA,NA,NA,0.00,NA,NA,NA
2020-07-18 06:00:00,62.58,99.15,4.59,17.69,22.28,NA,NA,0.86,32.14,NA,NA,NA,NA,NA,NA,NA,NA,NA,NA,NA,0.00,NA,NA,NA
2020-07-18 07:00:00,58.09,89.73,4.75,17.22,21.96,NA,NA,0.89,28.13,NA,NA,NA,NA,NA,NA,NA,NA,NA,NA,NA,0.00,NA,NA,NA
2020-07-18 08:00:00,67.65,102.88,5.19,19.42,24.61,NA,NA,0.98,31.72,NA,NA,NA,NA,NA,NA,NA,NA,NA,NA,NA,0.00,NA,NA,NA
2020-07-18 09:00:00,64.10,98.12,5.54,19.45,24.99,NA,NA,0.89,31.80,NA,NA,NA,NA,NA,NA,NA,NA,NA,NA,NA,0.00,NA,NA,NA
2020-07-18 10:00:00,58.57,87.73,5.20,19.11,24.31,NA,NA,0.87,52.53,NA,NA,NA,NA,NA,NA,NA,NA,NA,NA,NA,0.00,NA,NA,NA
2020-07-18 11:00:00,62.83,102.36,4.83,18.82,23.66,NA,NA,0.86,73.35,NA,NA,NA,NA,NA,NA,NA,NA,NA,NA,NA,0.00,NA,NA,NA
2020-07-18 12:00:00,68.96,108.76,4.61,18.67,23.28,NA,NA,0.86,90.55,NA,NA,NA,NA,NA,NA,NA,NA,NA,NA,NA,0.00,NA,NA,NA
2020-07-18 13:00:00,49.99,92.24,4.59,18.71,23.30,NA,NA,0.86,92.45,NA,NA,NA,NA,NA,NA,NA,NA,NA,NA,NA,0.00,NA,NA,NA
2020-07-18 14:00:00,43.34,80.30,4.42,17.54,21.96,NA,NA,0.81,92.31,NA,NA,NA,NA,NA,NA,NA,NA,NA,NA,NA,0.00,NA,NA,NA
2020-07-18 15:00:00,49.85,73.87,4.50,18.23,22.73,NA,NA,0.80,93.90,NA,NA,NA,NA,NA,NA,NA,NA,NA,NA,NA,0.00,NA,NA,NA
2020-07-18 16:00:00,49.75,70.40,4.67,19.68,24.35,NA,NA,0.78,82.02,NA,NA,NA,NA,NA,NA,NA,NA,NA,NA,NA,0.00,NA,NA,NA
2020-07-18 17:00:00,41.32,69.90,4.57,19.36,23.93,NA,NA,0.86,77.10,NA,NA,NA,NA,NA,NA,NA,NA,NA,NA,NA,0.00,NA,NA,NA
2020-07-18 18:00:00,39.40,58.04,4.40,17.73,22.13,NA,NA,0.81,67.56,NA,NA,NA,NA,NA,NA,NA,NA,NA,NA,NA,0.00,NA,NA,NA
2020-07-18 19:00:00,32.46,56.39,4.36,18.09,22.45,NA,NA,0.81,48.41,NA,NA,NA,NA,NA,NA,NA,NA,NA,NA,NA,0.00,NA,NA,NA
2020-07-18 20:00:00,25.63,63.57,4.36,21.47,25.83,NA,NA,0.82,41.78,NA,NA,NA,NA,NA,NA,NA,NA,NA,NA,NA,0.00,NA,NA,NA
2020-07-18 21:00:00,37.03,55.69,4.43,21.43,25.86,NA,NA,0.85,36.51,NA,NA,NA,NA,NA,NA,NA,NA,NA,NA,NA,0.00,NA,NA,NA
2020-07-18 22:00:00,35.11,66.17,4.44,20.73,25.17,NA,NA,0.87,33.35,NA,NA,NA,NA,NA,NA,NA,NA,NA,NA,NA,0.00,NA,NA,NA
2020-07-18 23:00:00,37.37,47.57,4.39,16.26,20.65,NA,NA,0.82,36.43,NA,NA,NA,NA,NA,NA,NA,NA,NA,NA,NA,0.00,NA,NA,NA
2020-07-19 00:00:00,34.78,67.76,4.36,16.17,20.54,NA,NA,0.81,33.93,NA,NA,NA,NA,NA,NA,NA,NA,NA,NA,NA,0.00,NA,NA,NA
2020-07-19 01:00:00,35.38,58.05,4.32,16.30,20.62,NA,NA,0.81,32.64,NA,NA,NA,NA,NA,NA,NA,NA,NA,NA,NA,0.00,NA,NA,NA
2020-07-19 02:00:00,32.00,49.39,4.38,15.82,20.20,NA,NA,0.78,32.23,NA,NA,NA,NA,NA,NA,NA,NA,NA,NA,NA,0.00,NA,NA,NA
2020-07-19 03:00:00,38.54,49.15,4.44,18.38,22.83,NA,NA,0.73,25.69,NA,NA,NA,NA,NA,NA,NA,NA,NA,NA,NA,0.00,NA,NA,NA
2020-07-19 04:00:00,35.66,66.48,4.51,19.66,24.17,NA,NA,0.73,21.10,NA,NA,NA,NA,NA,NA,NA,NA,NA,NA,NA,0.00,NA,NA,NA
2020-07-19 05:00:00,37.10,56.38,4.63,20.14,24.77,NA,NA,0.74,17.32,NA,NA,NA,NA,NA,NA,NA,NA,NA,NA,NA,0.00,NA,NA,NA
2020-07-19 06:00:00,37.99,56.24,4.68,18.59,23.27,NA,NA,0.74,23.32,NA,NA,NA,NA,NA,NA,NA,NA,NA,NA,NA,0.00,NA,NA,NA
2020-07-19 07:00:00,24.17,29.37,4.53,17.39,21.92,NA,NA,0.61,34.07,NA,NA,NA,NA,NA,NA,NA,NA,NA,NA,NA,0.00,NA,NA,NA
2020-07-19 08:00:00,3.25,3.75,5.16,24.66,29.84,NA,NA,0.55,26.26,NA,NA,NA,NA,NA,NA,NA,NA,NA,NA,NA,0.00,NA,NA,NA
2020-07-19 09:00:00,5.57,6.96,4.97,22.23,27.22,NA,NA,0.59,24.85,NA,NA,NA,NA,NA,NA,NA,NA,NA,NA,NA,0.00,NA,NA,NA
2020-07-19 10:00:00,12.25,19.64,6.21,24.94,31.15,NA,NA,0.62,18.50,NA,NA,NA,NA,NA,NA,NA,NA,NA,NA,NA,0.00,NA,NA,NA
2020-07-19 11:00:00,10.29,20.75,6.85,26.60,33.44,NA,NA,0.60,34.03,NA,NA,NA,NA,NA,NA,NA,NA,NA,NA,NA,0.00,NA,NA,NA
2020-07-19 12:00:00,12.67,19.90,7.76,26.02,33.77,NA,NA,0.53,37.71,NA,NA,NA,NA,NA,NA,NA,NA,NA,NA,NA,0.00,NA,NA,NA
2020-07-19 13:00:00,25.17,34.48,5.42,21.38,26.80,NA,NA,0.51,54.08,NA,NA,NA,NA,NA,NA,NA,NA,NA,NA,NA,0.00,NA,NA,NA
2020-07-19 14:00:00,16.07,33.12,4.98,19.17,24.14,NA,NA,0.50,60.63,NA,NA,NA,NA,NA,NA,NA,NA,NA,NA,NA,0.00,NA,NA,NA
2020-07-19 15:00:00,24.02,41.27,4.68,17.77,22.45,NA,NA,0.46,64.33,NA,NA,NA,NA,NA,NA,NA,NA,NA,NA,NA,0.00,NA,NA,NA
2020-07-19 16:00:00,22.87,49.86,4.63,17.65,22.29,NA,NA,0.47,63.67,NA,NA,NA,NA,NA,NA,NA,NA,NA,NA,NA,0.00,NA,NA,NA
2020-07-19 17:00:00,29.60,56.41,4.48,17.42,21.91,NA,NA,0.57,65.64,NA,NA,NA,NA,NA,NA,NA,NA,NA,NA,NA,0.00,NA,NA,NA
2020-07-19 18:00:00,29.38,59.74,4.44,18.10,22.54,NA,NA,0.61,70.19,NA,NA,NA,NA,NA,NA,NA,NA,NA,NA,NA,0.00,NA,NA,NA
2020-07-19 19:00:00,30.23,63.79,4.37,19.76,24.13,NA,NA,0.57,54.22,NA,NA,NA,NA,NA,NA,NA,NA,NA,NA,NA,0.00,NA,NA,NA
2020-07-19 20:00:00,33.62,55.15,4.81,22.67,27.49,NA,NA,0.59,19.04,NA,NA,NA,NA,NA,NA,NA,NA,NA,NA,NA,0.00,NA,NA,NA
2020-07-19 21:00:00,35.72,48.94,5.60,23.39,28.98,NA,NA,0.61,15.60,NA,NA,NA,NA,NA,NA,NA,NA,NA,NA,NA,0.00,NA,NA,NA
2020-07-19 22:00:00,35.18,53.57,5.66,24.11,29.77,NA,NA,0.62,14.89,NA,NA,NA,NA,NA,NA,NA,NA,NA,NA,NA,0.00,NA,NA,NA
2020-07-19 23:00:00,44.15,73.31,4.92,22.42,27.34,NA,NA,0.71,29.13,NA,NA,NA,NA,NA,NA,NA,NA,NA,NA,NA,0.00,NA,NA,NA
2020-07-20 00:00:00,27.81,78.56,4.46,16.38,20.84,NA,NA,0.50,53.09,NA,NA,NA,NA,NA,NA,NA,NA,NA,NA,NA,0.00,NA,NA,NA
2020-07-20 01:00:00,2.10,14.60,4.38,18.09,22.48,NA,NA,0.51,37.44,NA,NA,NA,NA,NA,NA,NA,NA,NA,NA,NA,0.00,NA,NA,NA
2020-07-20 02:00:00,5.32,5.61,4.39,18.74,23.14,NA,NA,0.53,42.07,NA,NA,NA,NA,NA,NA,NA,NA,NA,NA,NA,0.00,NA,NA,NA
2020-07-20 03:00:00,5.66,10.84,4.42,20.73,25.15,NA,NA,0.53,16.63,NA,NA,NA,NA,NA,NA,NA,NA,NA,NA,NA,0.00,NA,NA,NA
2020-07-20 04:00:00,8.35,13.88,4.50,23.09,27.59,NA,NA,0.56,23.02,NA,NA,NA,NA,NA,NA,NA,NA,NA,NA,NA,0.00,NA,NA,NA
2020-07-20 05:00:00,13.13,16.47,4.47,20.93,25.40,NA,NA,0.54,34.02,NA,NA,NA,NA,NA,NA,NA,NA,NA,NA,NA,0.00,NA,NA,NA
2020-07-20 06:00:00,6.69,18.85,4.56,21.71,26.27,NA,NA,0.56,27.25,NA,NA,NA,NA,NA,NA,NA,NA,NA,NA,NA,0.00,NA,NA,NA
2020-07-20 07:00:00,10.85,25.78,5.00,20.96,25.96,NA,NA,0.65,21.06,NA,NA,NA,NA,NA,NA,NA,NA,NA,NA,NA,0.00,NA,NA,NA
2020-07-20 08:00:00,8.57,21.11,5.37,18.29,23.66,NA,NA,0.64,24.77,NA,NA,NA,NA,NA,NA,NA,NA,NA,NA,NA,0.00,NA,NA,NA
2020-07-20 09:00:00,22.45,30.63,4.95,18.92,23.87,NA,NA,0.64,41.96,NA,NA,NA,NA,NA,NA,NA,NA,NA,NA,NA,0.00,NA,NA,NA
2020-07-20 10:00:00,18.12,32.04,5.16,21.62,26.78,NA,NA,0.62,43.97,NA,NA,NA,NA,NA,NA,NA,NA,NA,NA,NA,0.00,NA,NA,NA
2020-07-20 11:00:00,21.36,63.84,4.69,17.80,22.49,NA,NA,0.57,174.89,NA,NA,NA,NA,NA,NA,NA,NA,NA,NA,NA,0.00,NA,NA,NA
2020-07-20 12:00:00,36.19,58.31,4.82,17.41,22.23,NA,NA,0.64,50.07,NA,NA,NA,NA,NA,NA,NA,NA,NA,NA,NA,0.00,NA,NA,NA
2020-07-20 13:00:00,23.85,39.55,3.00,15.82,20.37,NA,NA,0.67,63.29,NA,NA,NA,NA,NA,NA,NA,NA,NA,NA,NA,0.00,NA,NA,NA
2020-07-20 14:00:00,9.87,21.37,38.22,28.94,66.92,NA,NA,0.32,58.12,NA,NA,NA,NA,NA,NA,NA,NA,NA,NA,NA,0.00,NA,NA,NA
2020-07-20 15:00:00,29.15,28.17,10.14,12.20,22.46,NA,NA,0.23,68.00,NA,NA,NA,NA,NA,NA,NA,NA,NA,NA,NA,0.00,NA,NA,NA
2020-07-20 16:00:00,30.15,32.88,8.17,10.65,18.82,NA,NA,0.39,89.04,NA,NA,NA,NA,NA,NA,NA,NA,NA,NA,NA,0.00,NA,NA,NA
2020-07-20 17:00:00,30.47,48.35,8.02,10.30,18.31,NA,NA,0.35,101.02,NA,NA,NA,NA,NA,NA,NA,NA,NA,NA,NA,0.00,NA,NA,NA
2020-07-20 18:00:00,41.16,72.36,8.04,9.65,17.69,NA,NA,0.48,93.02,NA,NA,NA,NA,NA,NA,NA,NA,NA,NA,NA,0.00,NA,NA,NA
2020-07-20 19:00:00,30.84,68.45,8.10,11.81,19.91,NA,NA,0.49,72.45,NA,NA,NA,NA,NA,NA,NA,NA,NA,NA,NA,0.00,NA,NA,NA
2020-07-20 20:00:00,35.47,69.06,8.18,17.38,25.56,NA,NA,0.75,71.46,NA,NA,NA,NA,NA,NA,NA,NA,NA,NA,NA,0.00,NA,NA,NA
2020-07-20 21:00:00,38.37,86.38,8.20,16.56,24.76,NA,NA,0.75,50.32,NA,NA,NA,NA,NA,NA,NA,NA,NA,NA,NA,0.00,NA,NA,NA
2020-07-20 22:00:00,57.78,90.24,8.24,15.64,23.88,NA,NA,0.69,51.43,NA,NA,NA,NA,NA,NA,NA,NA,NA,NA,NA,0.00,NA,NA,NA
2020-07-20 23:00:00,27.36,49.32,8.12,9.19,17.31,NA,NA,0.52,36.87,NA,NA,NA,NA,NA,NA,NA,NA,NA,NA,NA,0.00,NA,NA,NA
2020-07-21 00:00:00,19.45,38.18,8.06,7.44,15.50,NA,NA,0.41,48.51,NA,NA,NA,NA,NA,NA,NA,NA,NA,NA,NA,0.00,NA,NA,NA
2020-07-21 01:00:00,15.53,18.67,7.98,7.91,15.89,NA,NA,0.35,60.35,NA,NA,NA,NA,NA,NA,NA,NA,NA,NA,NA,0.00,NA,NA,NA
2020-07-21 02:00:00,4.28,23.61,7.85,6.61,14.46,NA,NA,0.34,54.14,NA,NA,NA,NA,NA,NA,NA,NA,NA,NA,NA,0.00,NA,NA,NA
2020-07-21 03:00:00,NA,5.44,7.87,6.42,14.29,NA,NA,0.33,48.76,NA,NA,NA,NA,NA,NA,NA,NA,NA,NA,NA,0.00,NA,NA,NA
2020-07-21 04:00:00,2.93,4.72,8.02,10.63,18.65,NA,NA,0.34,38.69,NA,NA,NA,NA,NA,NA,NA,NA,NA,NA,NA,0.00,NA,NA,NA
2020-07-21 05:00:00,7.94,18.30,8.19,13.37,21.56,NA,NA,0.34,27.71,NA,NA,NA,NA,NA,NA,NA,NA,NA,NA,NA,0.00,NA,NA,NA
2020-07-21 06:00:00,16.66,21.36,8.51,13.83,22.35,NA,NA,0.32,31.00,NA,NA,NA,NA,NA,NA,NA,NA,NA,NA,NA,0.00,NA,NA,NA
2020-07-21 07:00:00,16.59,31.85,8.73,10.34,19.07,NA,NA,0.37,27.29,NA,NA,NA,NA,NA,NA,NA,NA,NA,NA,NA,0.00,NA,NA,NA
2020-07-21 08:00:00,28.53,36.38,9.97,10.37,20.34,NA,NA,0.42,29.22,NA,NA,NA,NA,NA,NA,NA,NA,NA,NA,NA,0.00,NA,NA,NA
2020-07-21 09:00:00,40.28,59.18,9.62,10.37,20.00,NA,NA,0.47,38.11,NA,NA,NA,NA,NA,NA,NA,NA,NA,NA,NA,0.00,NA,NA,NA
2020-07-21 10:00:00,34.44,48.64,8.80,9.30,18.10,NA,NA,0.37,51.17,NA,NA,NA,NA,NA,NA,NA,NA,NA,NA,NA,0.00,NA,NA,NA
2020-07-21 11:00:00,29.16,37.01,8.51,9.16,17.67,NA,NA,0.34,55.49,NA,NA,NA,NA,NA,NA,NA,NA,NA,NA,NA,0.00,NA,NA,NA
2020-07-21 12:00:00,23.08,32.54,8.22,7.31,15.53,NA,NA,0.34,67.74,NA,NA,NA,NA,NA,NA,NA,NA,NA,NA,NA,0.00,NA,NA,NA
2020-07-21 13:00:00,24.93,37.31,8.15,6.26,14.41,NA,NA,0.31,57.63,NA,NA,NA,NA,NA,NA,NA,NA,NA,NA,NA,0.00,NA,NA,NA
2020-07-21 14:00:00,29.06,55.09,8.47,10.71,19.17,NA,NA,0.25,45.70,NA,NA,NA,NA,NA,NA,NA,NA,NA,NA,NA,0.00,NA,NA,NA
2020-07-21 15:00:00,8.83,20.04,8.37,15.49,23.85,NA,NA,0.40,35.81,NA,NA,NA,NA,NA,NA,NA,NA,NA,NA,NA,0.00,NA,NA,NA
2020-07-21 16:00:00,NA,4.69,8.93,13.33,22.26,NA,NA,0.41,36.69,NA,NA,NA,NA,NA,NA,NA,NA,NA,NA,NA,0.00,NA,NA,NA
2020-07-21 17:00:00,4.68,12.48,9.72,16.09,25.81,NA,NA,0.49,39.46,NA,NA,NA,NA,NA,NA,NA,NA,NA,NA,NA,0.00,NA,NA,NA
2020-07-21 18:00:00,20.57,26.61,8.91,16.85,25.76,NA,NA,0.53,43.32,NA,NA,NA,NA,NA,NA,NA,NA,NA,NA,NA,0.00,NA,NA,NA
2020-07-21 19:00:00,26.54,36.55,8.44,24.15,32.59,NA,NA,0.56,30.81,NA,NA,NA,NA,NA,NA,NA,NA,NA,NA,NA,0.00,NA,NA,NA
2020-07-21 20:00:00,32.75,48.04,8.35,27.28,35.63,NA,NA,0.67,19.72,NA,NA,NA,NA,NA,NA,NA,NA,NA,NA,NA,0.00,NA,NA,NA
2020-07-21 21:00:00,27.32,41.84,8.49,32.66,41.15,NA,NA,0.65,18.56,NA,NA,NA,NA,NA,NA,NA,NA,NA,NA,NA,0.00,NA,NA,NA
2020-07-21 22:00:00,32.37,43.59,8.57,31.36,39.93,NA,NA,0.56,16.29,NA,NA,NA,NA,NA,NA,NA,NA,NA,NA,NA,0.00,NA,NA,NA
2020-07-21 23:00:00,32.24,46.83,8.91,33.42,42.34,NA,NA,0.58,16.14,NA,NA,NA,NA,NA,NA,NA,NA,NA,NA,NA,0.00,NA,NA,NA
2020-07-22 00:00:00,20.16,28.08,9.31,16.70,26.01,NA,NA,0.59,11.90,NA,NA,NA,NA,NA,NA,NA,NA,NA,NA,NA,0.00,NA,NA,NA
2020-07-22 01:00:00,19.63,28.47,8.48,11.74,20.22,NA,NA,0.51,20.16,NA,NA,NA,NA,NA,NA,NA,NA,NA,NA,NA,0.00,NA,NA,NA
2020-07-22 02:00:00,15.99,23.59,8.06,9.75,17.82,NA,NA,0.46,23.75,NA,NA,NA,NA,NA,NA,NA,NA,NA,NA,NA,0.00,NA,NA,NA
2020-07-22 03:00:00,18.12,30.65,8.33,8.70,17.03,NA,NA,0.34,31.09,NA,NA,NA,NA,NA,NA,NA,NA,NA,NA,NA,0.00,NA,NA,NA
2020-07-22 04:00:00,NA,NA,NA,NA,NA,NA,NA,NA,NA,NA,NA,NA,NA,NA,NA,NA,NA,NA,NA,NA,0.00,NA,NA,NA
2020-07-22 05:00:00,NA,NA,NA,NA,NA,NA,NA,NA,NA,NA,NA,NA,NA,NA,NA,NA,NA,NA,NA,NA,0.00,NA,NA,NA
2020-07-22 06:00:00,NA,NA,NA,NA,NA,NA,NA,NA,NA,NA,NA,NA,NA,NA,NA,NA,NA,NA,NA,NA,0.00,NA,NA,NA
2020-07-22 07:00:00,NA,NA,NA,NA,NA,NA,NA,NA,NA,NA,NA,NA,NA,NA,NA,NA,NA,NA,NA,NA,0.00,NA,NA,NA
2020-07-22 08:00:00,22.93,45.97,447.71,134.58,NA,NA,NA,2.10,2.68,NA,NA,NA,NA,NA,NA,NA,NA,NA,NA,NA,0.00,NA,NA,NA
2020-07-22 09:00:00,8.36,22.02,28.90,13.65,42.81,NA,NA,1.05,13.28,NA,NA,NA,NA,NA,NA,NA,NA,NA,NA,NA,0.00,NA,NA,NA
2020-07-22 10:00:00,NA,NA,10.48,11.22,21.70,NA,NA,0.71,23.10,NA,NA,NA,NA,NA,NA,NA,NA,NA,NA,NA,0.00,NA,NA,NA
2020-07-22 11:00:00,NA,NA,8.56,11.72,20.28,NA,NA,0.54,22.05,NA,NA,NA,NA,NA,NA,NA,NA,NA,NA,NA,0.00,NA,NA,NA
2020-07-22 12:00:00,NA,NA,8.91,9.64,18.55,NA,NA,0.43,33.84,NA,NA,NA,NA,NA,NA,NA,NA,NA,NA,NA,0.00,NA,NA,NA
2020-07-22 13:00:00,3.92,NA,8.21,8.59,16.80,NA,NA,0.43,46.80,NA,NA,NA,NA,NA,NA,NA,NA,NA,NA,NA,0.00,NA,NA,NA
2020-07-22 14:00:00,2.13,NA,8.22,8.47,16.69,NA,NA,0.35,40.75,NA,NA,NA,NA,NA,NA,NA,NA,NA,NA,NA,0.00,NA,NA,NA
2020-07-22 15:00:00,15.30,15.15,8.12,8.17,16.29,NA,NA,0.26,43.85,NA,NA,NA,NA,NA,NA,NA,NA,NA,NA,NA,0.00,NA,NA,NA
2020-07-22 16:00:00,1.26,7.50,11.28,16.49,27.76,NA,NA,0.27,36.86,NA,NA,NA,NA,NA,NA,NA,NA,NA,NA,NA,0.00,NA,NA,NA
2020-07-22 17:00:00,4.75,7.50,8.19,12.03,20.23,NA,NA,0.33,39.20,NA,NA,NA,NA,NA,NA,NA,NA,NA,NA,NA,0.00,NA,NA,NA
2020-07-22 18:00:00,3.41,13.49,8.13,13.54,21.67,NA,NA,0.32,32.75,NA,NA,NA,NA,NA,NA,NA,NA,NA,NA,NA,0.00,NA,NA,NA
2020-07-22 19:00:00,5.26,7.41,8.17,17.63,25.80,NA,NA,0.36,22.02,NA,NA,NA,NA,NA,NA,NA,NA,NA,NA,NA,0.00,NA,NA,NA
2020-07-22 20:00:00,11.66,25.13,7.92,18.86,26.77,NA,NA,0.43,23.55,NA,NA,NA,NA,NA,NA,NA,NA,NA,NA,NA,0.00,NA,NA,NA
2020-07-22 21:00:00,8.23,24.80,8.10,15.95,24.05,NA,NA,0.41,16.18,NA,NA,NA,NA,NA,NA,NA,NA,NA,NA,NA,0.00,NA,NA,NA
2020-07-22 22:00:00,19.40,15.06,8.60,12.06,20.66,NA,NA,0.41,9.23,NA,NA,NA,NA,NA,NA,NA,NA,NA,NA,NA,0.00,NA,NA,NA
2020-07-22 23:00:00,7.34,22.02,10.94,16.75,27.67,NA,NA,0.44,8.80,NA,NA,NA,NA,NA,NA,NA,NA,NA,NA,NA,0.00,NA,NA,NA
2020-07-23 00:00:00,13.27,37.60,12.10,15.77,27.87,NA,NA,0.48,8.86,NA,NA,NA,NA,NA,NA,NA,NA,NA,NA,NA,0.00,NA,NA,NA
2020-07-23 01:00:00,19.94,35.46,10.72,15.22,25.93,NA,NA,0.41,8.89,NA,NA,NA,NA,NA,NA,NA,NA,NA,NA,NA,0.00,NA,NA,NA
2020-07-23 02:00:00,18.97,35.48,9.04,13.86,22.90,NA,NA,0.35,9.45,NA,NA,NA,NA,NA,NA,NA,NA,NA,NA,NA,0.00,NA,NA,NA
2020-07-23 03:00:00,13.60,18.47,10.96,8.60,19.56,NA,NA,0.34,7.41,NA,NA,NA,NA,NA,NA,NA,NA,NA,NA,NA,0.00,NA,NA,NA
2020-07-23 04:00:00,14.58,20.08,11.77,8.66,20.44,NA,NA,0.34,7.87,NA,NA,NA,NA,NA,NA,NA,NA,NA,NA,NA,0.00,NA,NA,NA
2020-07-23 05:00:00,12.40,20.89,9.94,9.09,19.02,NA,NA,0.32,8.97,NA,NA,NA,NA,NA,NA,NA,NA,NA,NA,NA,0.00,NA,NA,NA
2020-07-23 06:00:00,14.48,29.78,16.33,12.22,28.54,NA,NA,0.34,12.51,NA,NA,NA,NA,NA,NA,NA,NA,NA,NA,NA,0.00,NA,NA,NA
2020-07-23 07:00:00,19.79,46.52,17.04,15.75,32.81,NA,NA,0.39,21.41,NA,NA,NA,NA,NA,NA,NA,NA,NA,NA,NA,0.00,NA,NA,NA
2020-07-23 08:00:00,32.75,53.47,9.81,12.80,22.62,NA,NA,0.32,25.18,NA,NA,NA,NA,NA,NA,NA,NA,NA,NA,NA,0.00,NA,NA,NA
2020-07-23 09:00:00,30.89,58.67,8.92,16.87,25.79,NA,NA,0.30,41.10,NA,NA,NA,NA,NA,NA,NA,NA,NA,NA,NA,0.00,NA,NA,NA
2020-07-23 10:00:00,41.42,59.27,8.20,12.78,20.98,NA,NA,0.33,62.74,NA,NA,NA,NA,NA,NA,NA,NA,NA,NA,NA,0.00,NA,NA,NA
2020-07-23 11:00:00,42.96,68.30,8.02,10.25,18.27,NA,NA,0.29,70.74,NA,NA,NA,NA,NA,NA,NA,NA,NA,NA,NA,0.00,NA,NA,NA
2020-07-23 12:00:00,43.19,65.00,7.97,8.62,16.59,NA,NA,0.24,72.21,NA,NA,NA,NA,NA,NA,NA,NA,NA,NA,NA,0.00,NA,NA,NA
2020-07-23 13:00:00,28.69,44.29,7.98,7.61,15.59,NA,NA,0.19,68.63,NA,NA,NA,NA,NA,NA,NA,NA,NA,NA,NA,0.00,NA,NA,NA
2020-07-23 14:00:00,36.60,57.96,7.94,6.79,14.73,NA,NA,0.11,71.32,NA,NA,NA,NA,NA,NA,NA,NA,NA,NA,NA,0.00,NA,NA,NA
2020-07-23 15:00:00,62.74,112.16,8.50,7.26,15.75,NA,NA,0.09,80.16,NA,NA,NA,NA,NA,NA,NA,NA,NA,NA,NA,0.00,NA,NA,NA
2020-07-23 16:00:00,28.48,59.49,8.14,7.04,15.18,NA,NA,0.17,77.84,NA,NA,NA,NA,NA,NA,NA,NA,NA,NA,NA,0.00,NA,NA,NA
2020-07-23 17:00:00,17.21,34.23,8.10,7.35,15.45,NA,NA,0.21,78.63,NA,NA,NA,NA,NA,NA,NA,NA,NA,NA,NA,0.00,NA,NA,NA
2020-07-23 18:00:00,28.12,34.81,8.01,11.38,19.39,NA,NA,0.26,63.91,NA,NA,NA,NA,NA,NA,NA,NA,NA,NA,NA,0.00,NA,NA,NA
2020-07-23 19:00:00,25.77,48.24,7.98,11.08,19.06,NA,NA,0.31,35.04,NA,NA,NA,NA,NA,NA,NA,NA,NA,NA,NA,0.00,NA,NA,NA
2020-07-23 20:00:00,29.26,46.55,8.10,11.19,19.29,NA,NA,0.38,16.61,NA,NA,NA,NA,NA,NA,NA,NA,NA,NA,NA,0.00,NA,NA,NA
2020-07-23 21:00:00,36.35,54.31,8.30,11.00,19.30,NA,NA,0.53,15.94,NA,NA,NA,NA,NA,NA,NA,NA,NA,NA,NA,0.00,NA,NA,NA
2020-07-23 22:00:00,55.60,70.90,8.15,14.20,22.35,NA,NA,0.54,28.31,NA,NA,NA,NA,NA,NA,NA,NA,NA,NA,NA,0.00,NA,NA,NA
2020-07-23 23:00:00,53.10,96.52,7.98,27.41,35.39,NA,NA,0.68,30.60,NA,NA,NA,NA,NA,NA,NA,NA,NA,NA,NA,0.00,NA,NA,NA
2020-07-24 00:00:00,70.48,113.95,8.04,25.74,33.78,NA,NA,0.70,30.24,NA,NA,NA,NA,NA,NA,NA,NA,NA,NA,NA,0.00,NA,NA,NA
2020-07-24 01:00:00,71.47,116.43,7.88,18.93,26.81,NA,NA,0.59,37.94,NA,NA,NA,NA,NA,NA,NA,NA,NA,NA,NA,0.00,NA,NA,NA
2020-07-24 02:00:00,73.35,109.41,7.91,14.06,21.97,NA,NA,0.47,39.50,NA,NA,NA,NA,NA,NA,NA,NA,NA,NA,NA,0.00,NA,NA,NA
2020-07-24 03:00:00,66.70,93.28,7.84,11.02,18.85,NA,NA,0.40,35.15,NA,NA,NA,NA,NA,NA,NA,NA,NA,NA,NA,0.00,NA,NA,NA
2020-07-24 04:00:00,55.60,79.61,7.86,10.64,18.51,NA,NA,0.38,30.38,NA,NA,NA,NA,NA,NA,NA,NA,NA,NA,NA,0.00,NA,NA,NA
2020-07-24 05:00:00,54.27,68.14,7.92,10.73,18.66,NA,NA,0.37,29.55,NA,NA,NA,NA,NA,NA,NA,NA,NA,NA,NA,0.00,NA,NA,NA
2020-07-24 06:00:00,48.02,71.43,8.29,11.51,19.80,NA,NA,0.41,25.78,NA,NA,NA,NA,NA,NA,NA,NA,NA,NA,NA,0.00,NA,NA,NA
2020-07-24 07:00:00,53.51,76.09,8.68,10.37,19.05,NA,NA,0.41,29.04,NA,NA,NA,NA,NA,NA,NA,NA,NA,NA,NA,0.00,NA,NA,NA
2020-07-24 08:00:00,42.49,62.83,8.42,8.90,17.31,NA,NA,0.37,38.12,NA,NA,NA,NA,NA,NA,NA,NA,NA,NA,NA,0.00,NA,NA,NA
2020-07-24 09:00:00,39.00,82.49,8.37,8.78,17.15,NA,NA,0.39,55.03,NA,NA,NA,NA,NA,NA,NA,NA,NA,NA,NA,0.00,NA,NA,NA
2020-07-24 10:00:00,43.14,86.51,8.09,7.85,15.93,NA,NA,0.35,63.39,NA,NA,NA,NA,NA,NA,NA,NA,NA,NA,NA,0.00,NA,NA,NA
2020-07-24 11:00:00,45.99,91.23,7.98,7.52,15.50,NA,NA,0.32,74.42,NA,NA,NA,NA,NA,NA,NA,NA,NA,NA,NA,0.00,NA,NA,NA
2020-07-24 12:00:00,43.06,69.84,7.91,7.04,14.95,NA,NA,0.32,73.87,NA,NA,NA,NA,NA,NA,NA,NA,NA,NA,NA,0.00,NA,NA,NA
2020-07-24 13:00:00,34.70,66.53,7.87,6.62,14.49,NA,NA,0.31,81.49,NA,NA,NA,NA,NA,NA,NA,NA,NA,NA,NA,0.00,NA,NA,NA
2020-07-24 14:00:00,35.99,57.23,7.85,6.41,14.26,NA,NA,0.32,80.91,NA,NA,NA,NA,NA,NA,NA,NA,NA,NA,NA,0.00,NA,NA,NA
2020-07-24 15:00:00,36.81,84.15,7.80,6.69,14.48,NA,NA,0.32,75.52,NA,NA,NA,NA,NA,NA,NA,NA,NA,NA,NA,0.00,NA,NA,NA
2020-07-24 16:00:00,47.62,77.36,7.94,7.58,15.52,NA,NA,0.32,59.94,NA,NA,NA,NA,NA,NA,NA,NA,NA,NA,NA,0.00,NA,NA,NA
2020-07-24 17:00:00,23.58,40.26,8.25,11.19,19.44,NA,NA,0.29,42.89,NA,NA,NA,NA,NA,NA,NA,NA,NA,NA,NA,0.00,NA,NA,NA
2020-07-24 18:00:00,28.24,68.14,7.80,13.28,21.14,NA,NA,0.25,47.72,NA,NA,NA,NA,NA,NA,NA,NA,NA,NA,NA,0.00,NA,NA,NA
2020-07-24 19:00:00,39.53,56.82,8.33,18.64,26.91,NA,NA,0.26,47.69,NA,NA,NA,NA,NA,NA,NA,NA,NA,NA,NA,0.00,NA,NA,NA
2020-07-24 20:00:00,25.67,21.85,7.95,14.44,22.40,NA,NA,0.36,43.51,NA,NA,NA,NA,NA,NA,NA,NA,NA,NA,NA,0.00,NA,NA,NA
2020-07-24 21:00:00,27.61,33.26,7.82,15.83,23.67,NA,NA,0.47,38.69,NA,NA,NA,NA,NA,NA,NA,NA,NA,NA,NA,0.00,NA,NA,NA
2020-07-24 22:00:00,34.58,34.72,7.82,17.56,25.39,NA,NA,0.44,33.30,NA,NA,NA,NA,NA,NA,NA,NA,NA,NA,NA,0.00,NA,NA,NA
2020-07-24 23:00:00,34.77,47.36,7.92,17.81,25.73,NA,NA,0.42,27.65,NA,NA,NA,NA,NA,NA,NA,NA,NA,NA,NA,0.00,NA,NA,NA
2020-07-25 00:00:00,35.57,53.16,7.91,14.91,22.82,NA,NA,0.37,25.65,NA,NA,NA,NA,NA,NA,NA,NA,NA,NA,NA,0.00,NA,NA,NA
2020-07-25 01:00:00,25.56,43.81,7.87,11.43,19.29,NA,NA,0.31,23.54,NA,NA,NA,NA,NA,NA,NA,NA,NA,NA,NA,0.00,NA,NA,NA
2020-07-25 02:00:00,19.33,37.73,7.81,9.62,17.42,NA,NA,0.28,25.20,NA,NA,NA,NA,NA,NA,NA,NA,NA,NA,NA,0.00,NA,NA,NA
2020-07-25 03:00:00,19.63,27.22,7.81,8.85,16.65,NA,NA,0.28,25.70,NA,NA,NA,NA,NA,NA,NA,NA,NA,NA,NA,0.00,NA,NA,NA
2020-07-25 04:00:00,14.87,31.92,7.79,8.33,16.11,NA,NA,0.34,25.26,NA,NA,NA,NA,NA,NA,NA,NA,NA,NA,NA,0.00,NA,NA,NA
2020-07-25 05:00:00,20.17,30.02,7.72,8.76,16.47,NA,NA,0.33,25.32,NA,NA,NA,NA,NA,NA,NA,NA,NA,NA,NA,0.00,NA,NA,NA
2020-07-25 06:00:00,19.87,33.30,7.89,8.88,16.77,NA,NA,0.36,24.40,NA,NA,NA,NA,NA,NA,NA,NA,NA,NA,NA,0.00,NA,NA,NA
2020-07-25 07:00:00,22.07,34.25,8.20,8.78,16.99,NA,NA,0.39,26.49,NA,NA,NA,NA,NA,NA,NA,NA,NA,NA,NA,0.00,NA,NA,NA
2020-07-25 08:00:00,32.80,39.08,8.25,8.00,16.25,NA,NA,0.41,31.33,NA,NA,NA,NA,NA,NA,NA,NA,NA,NA,NA,0.00,NA,NA,NA
2020-07-25 09:00:00,31.95,53.71,8.31,7.71,16.03,NA,NA,0.43,36.10,NA,NA,NA,NA,NA,NA,NA,NA,NA,NA,NA,0.00,NA,NA,NA
2020-07-25 10:00:00,36.50,58.71,8.37,8.54,16.91,NA,NA,0.43,41.48,NA,NA,NA,NA,NA,NA,NA,NA,NA,NA,NA,0.00,NA,NA,NA
2020-07-25 11:00:00,49.94,71.96,8.15,8.11,16.26,NA,NA,0.42,57.71,NA,NA,NA,NA,NA,NA,NA,NA,NA,NA,NA,0.00,NA,NA,NA
2020-07-25 12:00:00,37.95,84.06,7.88,7.03,14.91,NA,NA,0.42,66.82,NA,NA,NA,NA,NA,NA,NA,NA,NA,NA,NA,0.00,NA,NA,NA
2020-07-25 13:00:00,43.74,65.56,7.88,6.73,14.60,NA,NA,0.40,69.52,NA,NA,NA,NA,NA,NA,NA,NA,NA,NA,NA,0.00,NA,NA,NA
2020-07-25 14:00:00,35.91,55.70,7.81,6.47,14.28,NA,NA,0.35,70.73,NA,NA,NA,NA,NA,NA,NA,NA,NA,NA,NA,0.00,NA,NA,NA
2020-07-25 15:00:00,37.73,59.97,7.85,6.12,13.97,NA,NA,0.35,75.71,NA,NA,NA,NA,NA,NA,NA,NA,NA,NA,NA,0.00,NA,NA,NA
2020-07-25 16:00:00,44.28,65.94,7.87,6.68,14.55,NA,NA,0.28,77.19,NA,NA,NA,NA,NA,NA,NA,NA,NA,NA,NA,0.00,NA,NA,NA
2020-07-25 17:00:00,30.90,59.81,7.88,7.03,14.91,NA,NA,0.29,65.71,NA,NA,NA,NA,NA,NA,NA,NA,NA,NA,NA,0.00,NA,NA,NA
2020-07-25 18:00:00,28.82,51.27,7.82,7.54,15.36,NA,NA,0.30,54.64,NA,NA,NA,NA,NA,NA,NA,NA,NA,NA,NA,0.00,NA,NA,NA
2020-07-25 19:00:00,24.28,33.77,7.78,10.60,18.38,NA,NA,0.33,40.50,NA,NA,NA,NA,NA,NA,NA,NA,NA,NA,NA,0.00,NA,NA,NA
2020-07-25 20:00:00,24.65,57.99,7.85,13.16,21.01,NA,NA,0.36,31.69,NA,NA,NA,NA,NA,NA,NA,NA,NA,NA,NA,0.00,NA,NA,NA
2020-07-25 21:00:00,28.41,71.67,8.05,12.43,20.48,NA,NA,0.41,20.88,NA,NA,NA,NA,NA,NA,NA,NA,NA,NA,NA,0.00,NA,NA,NA
2020-07-25 22:00:00,38.20,85.08,8.32,10.30,18.63,NA,NA,0.44,20.27,NA,NA,NA,NA,NA,NA,NA,NA,NA,NA,NA,0.00,NA,NA,NA
2020-07-25 23:00:00,38.05,61.71,8.63,9.63,18.27,NA,NA,0.40,17.02,NA,NA,NA,NA,NA,NA,NA,NA,NA,NA,NA,0.00,NA,NA,NA
2020-07-26 00:00:00,28.30,50.43,8.74,11.72,20.46,NA,NA,0.40,15.11,NA,NA,NA,NA,NA,NA,NA,NA,NA,NA,NA,0.00,NA,NA,NA
2020-07-26 01:00:00,43.14,82.31,8.63,14.59,23.22,NA,NA,0.45,17.74,NA,NA,NA,NA,NA,NA,NA,NA,NA,NA,NA,0.00,NA,NA,NA
2020-07-26 02:00:00,32.30,60.16,8.68,12.38,21.06,NA,NA,0.40,16.78,NA,NA,NA,NA,NA,NA,NA,NA,NA,NA,NA,0.00,NA,NA,NA
2020-07-26 03:00:00,26.57,43.05,9.33,10.66,19.99,NA,NA,0.37,14.73,NA,NA,NA,NA,NA,NA,NA,NA,NA,NA,NA,0.00,NA,NA,NA
2020-07-26 04:00:00,27.49,48.73,8.42,10.30,18.72,NA,NA,0.37,18.89,NA,NA,NA,NA,NA,NA,NA,NA,NA,NA,NA,0.00,NA,NA,NA
2020-07-26 05:00:00,27.27,42.29,9.08,9.79,18.87,NA,NA,0.36,13.14,NA,NA,NA,NA,NA,NA,NA,NA,NA,NA,NA,0.00,NA,NA,NA
2020-07-26 06:00:00,30.06,48.44,9.61,12.82,22.43,NA,NA,0.40,16.68,NA,NA,NA,NA,NA,NA,NA,NA,NA,NA,NA,0.00,NA,NA,NA
2020-07-26 07:00:00,31.04,59.57,9.54,7.53,17.07,NA,NA,0.41,24.48,NA,NA,NA,NA,NA,NA,NA,NA,NA,NA,NA,0.00,NA,NA,NA
2020-07-26 08:00:00,42.38,60.54,8.46,9.26,17.72,NA,NA,0.34,39.29,NA,NA,NA,NA,NA,NA,NA,NA,NA,NA,NA,0.00,NA,NA,NA
2020-07-26 09:00:00,38.78,52.39,8.44,12.52,20.96,NA,NA,0.28,42.67,NA,NA,NA,NA,NA,NA,NA,NA,NA,NA,NA,0.00,NA,NA,NA
2020-07-26 10:00:00,36.36,50.59,8.09,11.08,19.17,NA,NA,0.21,51.71,NA,NA,NA,NA,NA,NA,NA,NA,NA,NA,NA,0.00,NA,NA,NA
2020-07-26 11:00:00,38.86,79.40,7.98,6.83,14.81,NA,NA,0.22,56.15,NA,NA,NA,NA,NA,NA,NA,NA,NA,NA,NA,0.00,NA,NA,NA
2020-07-26 12:00:00,44.80,90.26,7.89,7.59,15.48,NA,NA,0.29,81.48,NA,NA,NA,NA,NA,NA,NA,NA,NA,NA,NA,0.00,NA,NA,NA
2020-07-26 13:00:00,57.82,94.55,7.92,6.90,14.83,NA,NA,0.26,84.11,NA,NA,NA,NA,NA,NA,NA,NA,NA,NA,NA,0.00,NA,NA,NA
2020-07-26 14:00:00,36.67,69.36,7.73,6.22,13.95,NA,NA,0.21,68.99,NA,NA,NA,NA,NA,NA,NA,NA,NA,NA,NA,0.00,NA,NA,NA
2020-07-26 15:00:00,68.67,99.45,8.71,6.20,14.90,NA,NA,0.13,64.48,NA,NA,NA,NA,NA,NA,NA,NA,NA,NA,NA,0.00,NA,NA,NA
2020-07-26 16:00:00,NA,NA,NA,NA,NA,NA,NA,NA,NA,NA,NA,NA,NA,NA,NA,NA,NA,NA,NA,NA,0.00,NA,NA,NA
2020-07-26 17:00:00,NA,NA,NA,NA,NA,NA,NA,NA,NA,NA,NA,NA,NA,NA,NA,NA,NA,NA,NA,NA,0.00,NA,NA,NA
2020-07-26 18:00:00,NA,NA,NA,NA,NA,NA,NA,NA,NA,NA,NA,NA,NA,NA,NA,NA,NA,NA,NA,NA,0.00,NA,NA,NA
2020-07-26 19:00:00,NA,NA,NA,NA,NA,NA,NA,NA,NA,NA,NA,NA,NA,NA,NA,NA,NA,NA,NA,NA,0.00,NA,NA,NA
2020-07-26 20:00:00,NA,NA,NA,NA,NA,NA,NA,NA,NA,NA,NA,NA,NA,NA,NA,NA,NA,NA,NA,NA,0.00,NA,NA,NA
2020-07-26 21:00:00,NA,NA,NA,NA,NA,NA,NA,NA,NA,NA,NA,NA,NA,NA,NA,NA,NA,NA,NA,NA,0.00,NA,NA,NA
2020-07-26 22:00:00,NA,NA,NA,NA,NA,NA,NA,NA,NA,NA,NA,NA,NA,NA,NA,NA,NA,NA,NA,NA,0.00,NA,NA,NA
2020-07-26 23:00:00,NA,NA,NA,NA,NA,NA,NA,NA,NA,NA,NA,NA,NA,NA,NA,NA,NA,NA,NA,NA,0.00,NA,NA,NA
2020-07-27 00:00:00,NA,NA,NA,NA,NA,NA,NA,NA,NA,NA,NA,NA,NA,NA,NA,NA,NA,NA,NA,NA,0.00,NA,NA,NA
2020-07-27 01:00:00,NA,NA,NA,NA,NA,NA,NA,NA,NA,NA,NA,NA,NA,NA,NA,NA,NA,NA,NA,NA,0.00,NA,NA,NA
2020-07-27 02:00:00,NA,NA,NA,NA,NA,NA,NA,NA,NA,NA,NA,NA,NA,NA,NA,NA,NA,NA,NA,NA,0.00,NA,NA,NA
2020-07-27 03:00:00,NA,NA,NA,NA,NA,NA,NA,NA,NA,NA,NA,NA,NA,NA,NA,NA,NA,NA,NA,NA,0.00,NA,NA,NA
2020-07-27 04:00:00,NA,NA,NA,NA,NA,NA,NA,NA,NA,NA,NA,NA,NA,NA,NA,NA,NA,NA,NA,NA,0.00,NA,NA,NA
2020-07-27 05:00:00,NA,NA,NA,NA,NA,NA,NA,NA,NA,NA,NA,NA,NA,NA,NA,NA,NA,NA,NA,NA,0.00,NA,NA,NA
2020-07-27 06:00:00,NA,NA,NA,NA,NA,NA,NA,NA,NA,NA,NA,NA,NA,NA,NA,NA,NA,NA,NA,NA,0.00,NA,NA,NA
2020-07-27 07:00:00,NA,NA,NA,NA,NA,NA,NA,NA,NA,NA,NA,NA,NA,NA,NA,NA,NA,NA,NA,NA,0.00,NA,NA,NA
2020-07-27 08:00:00,NA,NA,NA,NA,NA,NA,NA,NA,NA,NA,NA,NA,NA,NA,NA,NA,NA,NA,NA,NA,0.00,NA,NA,NA
2020-07-27 09:00:00,NA,NA,NA,NA,NA,NA,NA,NA,NA,NA,NA,NA,NA,NA,NA,NA,NA,NA,NA,NA,0.00,NA,NA,NA
2020-07-27 10:00:00,NA,NA,NA,NA,NA,NA,NA,NA,NA,NA,NA,NA,NA,NA,NA,NA,NA,NA,NA,NA,0.00,NA,NA,NA
2020-07-27 11:00:00,30.94,73.68,8.06,7.77,15.84,NA,NA,0.38,44.53,NA,NA,NA,NA,NA,NA,NA,NA,NA,NA,NA,0.00,NA,NA,NA
2020-07-27 12:00:00,14.17,72.98,7.95,7.54,15.48,NA,NA,0.35,28.31,NA,NA,NA,NA,NA,NA,NA,NA,NA,NA,NA,0.00,NA,NA,NA
2020-07-27 13:00:00,19.38,55.95,7.57,7.75,15.37,NA,NA,0.30,29.78,NA,NA,NA,NA,NA,NA,NA,NA,NA,NA,NA,0.00,NA,NA,NA
2020-07-27 14:00:00,25.70,63.70,7.70,5.79,13.49,NA,NA,0.36,40.36,NA,NA,NA,NA,NA,NA,NA,NA,NA,NA,NA,0.00,NA,NA,NA
2020-07-27 15:00:00,20.80,60.52,7.61,5.74,13.35,NA,NA,0.41,48.98,NA,NA,NA,NA,NA,NA,NA,NA,NA,NA,NA,0.00,NA,NA,NA
2020-07-27 16:00:00,16.61,44.02,7.58,5.99,13.57,NA,NA,0.39,48.45,NA,NA,NA,NA,NA,NA,NA,NA,NA,NA,NA,0.00,NA,NA,NA
2020-07-27 17:00:00,23.71,49.13,7.77,8.19,15.98,NA,NA,0.40,54.59,NA,NA,NA,NA,NA,NA,NA,NA,NA,NA,NA,0.00,NA,NA,NA
2020-07-27 18:00:00,23.28,87.67,7.59,6.72,14.30,NA,NA,0.42,60.64,NA,NA,NA,NA,NA,NA,NA,NA,NA,NA,NA,0.00,NA,NA,NA
2020-07-27 19:00:00,14.71,64.25,7.57,11.25,18.85,NA,NA,0.48,50.22,NA,NA,NA,NA,NA,NA,NA,NA,NA,NA,NA,0.00,NA,NA,NA
2020-07-27 20:00:00,10.47,58.37,7.51,12.42,19.93,NA,NA,0.43,41.24,NA,NA,NA,NA,NA,NA,NA,NA,NA,NA,NA,0.00,NA,NA,NA
2020-07-27 21:00:00,15.93,58.50,7.64,12.03,19.67,NA,NA,0.34,32.74,NA,NA,NA,NA,NA,NA,NA,NA,NA,NA,NA,0.00,NA,NA,NA
2020-07-27 22:00:00,17.21,39.12,7.60,15.16,22.76,NA,NA,0.43,22.70,NA,NA,NA,NA,NA,NA,NA,NA,NA,NA,NA,0.00,NA,NA,NA
2020-07-27 23:00:00,31.78,49.91,7.66,14.91,22.56,NA,NA,0.45,18.18,NA,NA,NA,NA,NA,NA,NA,NA,NA,NA,NA,0.00,NA,NA,NA
2020-07-28 00:00:00,18.77,53.81,7.73,17.52,25.24,NA,NA,0.44,17.43,NA,NA,NA,NA,NA,NA,NA,NA,NA,NA,NA,0.00,NA,NA,NA
2020-07-28 01:00:00,24.91,55.96,7.91,18.36,26.26,NA,NA,0.46,15.04,NA,NA,NA,NA,NA,NA,NA,NA,NA,NA,NA,0.00,NA,NA,NA
2020-07-28 02:00:00,31.98,66.64,8.28,15.52,23.80,NA,NA,0.45,13.53,NA,NA,NA,NA,NA,NA,NA,NA,NA,NA,NA,0.00,NA,NA,NA
2020-07-28 03:00:00,25.47,55.34,8.29,14.08,22.37,NA,NA,0.42,12.15,NA,NA,NA,NA,NA,NA,NA,NA,NA,NA,NA,0.00,NA,NA,NA
2020-07-28 04:00:00,21.74,46.56,8.14,17.07,25.21,NA,NA,0.43,13.36,NA,NA,NA,NA,NA,NA,NA,NA,NA,NA,NA,0.00,NA,NA,NA
2020-07-28 05:00:00,23.72,53.59,8.15,17.31,25.46,NA,NA,0.43,13.15,NA,NA,NA,NA,NA,NA,NA,NA,NA,NA,NA,0.00,NA,NA,NA
2020-07-28 06:00:00,25.73,49.13,8.09,15.17,23.26,NA,NA,0.41,16.65,NA,NA,NA,NA,NA,NA,NA,NA,NA,NA,NA,0.00,NA,NA,NA
2020-07-28 07:00:00,15.60,38.64,8.46,12.24,20.71,NA,NA,0.41,14.85,NA,NA,NA,NA,NA,NA,NA,NA,NA,NA,NA,0.00,NA,NA,NA
2020-07-28 08:00:00,19.37,44.74,8.50,10.59,19.09,NA,NA,0.41,17.16,NA,NA,NA,NA,NA,NA,NA,NA,NA,NA,NA,0.00,NA,NA,NA
2020-07-28 09:00:00,30.99,84.89,8.44,12.55,20.99,NA,NA,0.40,21.94,NA,NA,NA,NA,NA,NA,NA,NA,NA,NA,NA,0.00,NA,NA,NA
2020-07-28 10:00:00,22.52,71.17,8.83,10.59,19.43,NA,NA,0.39,25.04,NA,NA,NA,NA,NA,NA,NA,NA,NA,NA,NA,0.00,NA,NA,NA
2020-07-28 11:00:00,19.77,69.11,9.26,10.73,20.00,NA,NA,0.36,30.79,NA,NA,NA,NA,NA,NA,NA,NA,NA,NA,NA,0.00,NA,NA,NA
2020-07-28 12:00:00,17.68,85.13,9.35,9.83,19.19,NA,NA,0.36,36.14,NA,NA,NA,NA,NA,NA,NA,NA,NA,NA,NA,0.00,NA,NA,NA
2020-07-28 13:00:00,26.41,94.32,8.58,8.39,16.97,NA,NA,0.37,44.19,NA,NA,NA,NA,NA,NA,NA,NA,NA,NA,NA,0.00,NA,NA,NA
2020-07-28 14:00:00,19.18,68.40,11.93,15.91,27.82,NA,NA,0.37,40.14,NA,NA,NA,NA,NA,NA,NA,NA,NA,NA,NA,0.00,NA,NA,NA
2020-07-28 15:00:00,37.68,90.02,10.78,16.38,27.16,NA,NA,0.31,44.28,NA,NA,NA,NA,NA,NA,NA,NA,NA,NA,NA,0.00,NA,NA,NA
2020-07-28 16:00:00,39.92,101.61,10.76,15.64,26.40,NA,NA,0.34,47.99,NA,NA,NA,NA,NA,NA,NA,NA,NA,NA,NA,0.00,NA,NA,NA
2020-07-28 17:00:00,20.99,51.11,8.94,13.82,22.75,NA,NA,0.37,50.75,NA,NA,NA,NA,NA,NA,NA,NA,NA,NA,NA,0.00,NA,NA,NA
2020-07-28 18:00:00,28.22,63.77,9.53,27.96,37.49,NA,NA,0.40,39.17,NA,NA,NA,NA,NA,NA,NA,NA,NA,NA,NA,0.00,NA,NA,NA
2020-07-28 19:00:00,23.54,59.59,7.93,19.03,26.96,NA,NA,0.44,25.98,NA,NA,NA,NA,NA,NA,NA,NA,NA,NA,NA,0.00,NA,NA,NA
2020-07-28 20:00:00,26.67,62.87,7.92,13.65,21.58,NA,NA,0.50,16.24,NA,NA,NA,NA,NA,NA,NA,NA,NA,NA,NA,0.00,NA,NA,NA
2020-07-28 21:00:00,28.07,76.42,7.96,17.12,25.08,NA,NA,0.56,19.43,NA,NA,NA,NA,NA,NA,NA,NA,NA,NA,NA,0.00,NA,NA,NA
2020-07-28 22:00:00,27.47,74.72,8.15,12.72,20.87,NA,NA,0.49,16.09,NA,NA,NA,NA,NA,NA,NA,NA,NA,NA,NA,0.00,NA,NA,NA
2020-07-28 23:00:00,31.85,73.85,8.39,13.16,21.55,NA,NA,0.51,14.62,NA,NA,NA,NA,NA,NA,NA,NA,NA,NA,NA,0.00,NA,NA,NA
2020-07-29 00:00:00,35.91,74.31,7.63,10.87,18.50,NA,NA,0.47,26.08,NA,NA,NA,NA,NA,NA,NA,NA,NA,NA,NA,0.00,NA,NA,NA
2020-07-29 01:00:00,19.98,65.26,7.78,8.95,16.73,NA,NA,0.39,24.48,NA,NA,NA,NA,NA,NA,NA,NA,NA,NA,NA,0.00,NA,NA,NA
2020-07-29 02:00:00,15.87,70.00,7.67,9.09,16.76,NA,NA,0.39,21.59,NA,NA,NA,NA,NA,NA,NA,NA,NA,NA,NA,0.00,NA,NA,NA
2020-07-29 03:00:00,18.44,54.11,7.73,8.67,16.39,NA,NA,0.39,19.62,NA,NA,NA,NA,NA,NA,NA,NA,NA,NA,NA,0.00,NA,NA,NA
2020-07-29 04:00:00,15.03,48.06,7.64,10.00,17.64,NA,NA,0.39,21.24,NA,NA,NA,NA,NA,NA,NA,NA,NA,NA,NA,0.00,NA,NA,NA
2020-07-29 05:00:00,18.43,44.39,7.81,11.16,18.97,NA,NA,0.40,18.12,NA,NA,NA,NA,NA,NA,NA,NA,NA,NA,NA,0.00,NA,NA,NA
2020-07-29 06:00:00,21.12,52.97,8.01,11.69,19.70,NA,NA,0.42,18.99,NA,NA,NA,NA,NA,NA,NA,NA,NA,NA,NA,0.00,NA,NA,NA
2020-07-29 07:00:00,22.12,40.68,8.80,9.47,18.28,NA,NA,0.37,17.32,NA,NA,NA,NA,NA,NA,NA,NA,NA,NA,NA,0.00,NA,NA,NA
2020-07-29 08:00:00,17.46,37.90,9.40,8.36,17.76,NA,NA,0.38,16.81,NA,NA,NA,NA,NA,NA,NA,NA,NA,NA,NA,0.00,NA,NA,NA
2020-07-29 09:00:00,32.96,58.08,8.55,7.54,16.10,NA,NA,0.38,16.93,NA,NA,NA,NA,NA,NA,NA,NA,NA,NA,NA,0.00,NA,NA,NA
2020-07-29 10:00:00,27.26,69.87,8.12,9.11,17.23,NA,NA,0.40,34.44,NA,NA,NA,NA,NA,NA,NA,NA,NA,NA,NA,0.00,NA,NA,NA
2020-07-29 11:00:00,39.90,110.01,7.83,8.40,16.24,NA,NA,0.38,34.55,NA,NA,NA,NA,NA,NA,NA,NA,NA,NA,NA,0.00,NA,NA,NA
2020-07-29 12:00:00,21.23,115.70,7.91,7.47,15.38,NA,NA,0.34,39.33,NA,NA,NA,NA,NA,NA,NA,NA,NA,NA,NA,0.00,NA,NA,NA
2020-07-29 13:00:00,44.51,128.03,7.73,7.58,15.30,NA,NA,0.39,57.67,NA,NA,NA,NA,NA,NA,NA,NA,NA,NA,NA,0.00,NA,NA,NA
2020-07-29 14:00:00,27.84,55.76,7.63,6.33,13.96,NA,NA,0.33,56.78,NA,NA,NA,NA,NA,NA,NA,NA,NA,NA,NA,0.00,NA,NA,NA
2020-07-29 15:00:00,NA,3.72,7.64,7.63,15.26,NA,NA,0.33,47.35,NA,NA,NA,NA,NA,NA,NA,NA,NA,NA,NA,0.00,NA,NA,NA
2020-07-29 16:00:00,5.14,6.61,7.71,9.79,17.50,NA,NA,0.35,41.39,NA,NA,NA,NA,NA,NA,NA,NA,NA,NA,NA,0.00,NA,NA,NA
2020-07-29 17:00:00,5.16,11.40,7.57,9.48,17.06,NA,NA,0.34,57.92,NA,NA,NA,NA,NA,NA,NA,NA,NA,NA,NA,0.00,NA,NA,NA
2020-07-29 18:00:00,6.24,14.85,7.75,13.55,21.30,NA,NA,0.38,43.91,NA,NA,NA,NA,NA,NA,NA,NA,NA,NA,NA,0.00,NA,NA,NA
2020-07-29 19:00:00,17.07,32.57,7.80,15.34,23.14,NA,NA,0.40,24.79,NA,NA,NA,NA,NA,NA,NA,NA,NA,NA,NA,0.00,NA,NA,NA
2020-07-29 20:00:00,19.62,28.87,7.86,14.77,22.63,NA,NA,0.38,30.70,NA,NA,NA,NA,NA,NA,NA,NA,NA,NA,NA,0.00,NA,NA,NA
2020-07-29 21:00:00,20.31,41.11,7.77,18.89,26.66,NA,NA,0.40,26.19,NA,NA,NA,NA,NA,NA,NA,NA,NA,NA,NA,0.00,NA,NA,NA
2020-07-29 22:00:00,17.05,28.19,7.72,17.30,25.02,NA,NA,0.40,21.72,NA,NA,NA,NA,NA,NA,NA,NA,NA,NA,NA,0.00,NA,NA,NA
2020-07-29 23:00:00,22.20,36.81,7.73,18.94,26.67,NA,NA,0.44,20.29,NA,NA,NA,NA,NA,NA,NA,NA,NA,NA,NA,0.00,NA,NA,NA
2020-07-30 00:00:00,22.97,47.53,7.96,21.78,29.74,NA,NA,0.51,13.48,NA,NA,NA,NA,NA,NA,NA,NA,NA,NA,NA,0.00,NA,NA,NA
2020-07-30 01:00:00,29.06,64.82,8.13,19.81,27.94,NA,NA,0.54,16.43,NA,NA,NA,NA,NA,NA,NA,NA,NA,NA,NA,0.00,NA,NA,NA
2020-07-30 02:00:00,44.32,73.71,8.09,14.48,22.58,NA,NA,0.47,19.35,NA,NA,NA,NA,NA,NA,NA,NA,NA,NA,NA,0.00,NA,NA,NA
2020-07-30 03:00:00,30.33,57.89,8.08,14.77,22.84,NA,NA,0.46,17.58,NA,NA,NA,NA,NA,NA,NA,NA,NA,NA,NA,0.00,NA,NA,NA
2020-07-30 04:00:00,32.98,49.31,7.86,11.85,19.72,NA,NA,0.41,21.51,NA,NA,NA,NA,NA,NA,NA,NA,NA,NA,NA,0.00,NA,NA,NA
2020-07-30 05:00:00,15.77,32.63,7.87,10.96,18.83,NA,NA,0.32,26.66,NA,NA,NA,NA,NA,NA,NA,NA,NA,NA,NA,0.00,NA,NA,NA
2020-07-30 06:00:00,20.68,35.19,8.18,11.68,19.86,NA,NA,0.31,19.75,NA,NA,NA,NA,NA,NA,NA,NA,NA,NA,NA,0.00,NA,NA,NA
2020-07-30 07:00:00,14.36,21.23,8.21,9.17,17.38,NA,NA,0.30,24.16,NA,NA,NA,NA,NA,NA,NA,NA,NA,NA,NA,0.00,NA,NA,NA
2020-07-30 08:00:00,11.50,15.02,8.17,8.27,16.44,NA,NA,0.29,24.30,NA,NA,NA,NA,NA,NA,NA,NA,NA,NA,NA,0.00,NA,NA,NA
2020-07-30 09:00:00,20.93,40.59,8.16,7.48,15.64,NA,NA,0.29,29.01,NA,NA,NA,NA,NA,NA,NA,NA,NA,NA,NA,0.00,NA,NA,NA
2020-07-30 10:00:00,20.68,30.08,7.92,6.92,14.85,NA,NA,0.30,33.48,NA,NA,NA,NA,NA,NA,NA,NA,NA,NA,NA,0.00,NA,NA,NA
2020-07-30 11:00:00,34.79,46.14,7.99,8.69,16.68,NA,NA,0.28,37.58,NA,NA,NA,NA,NA,NA,NA,NA,NA,NA,NA,0.00,NA,NA,NA
2020-07-30 12:00:00,5.71,17.36,8.13,7.87,16.00,NA,NA,0.18,43.62,NA,NA,NA,NA,NA,NA,NA,NA,NA,NA,NA,0.00,NA,NA,NA
2020-07-30 13:00:00,6.84,24.93,8.44,9.51,17.95,NA,NA,0.20,48.51,NA,NA,NA,NA,NA,NA,NA,NA,NA,NA,NA,0.00,NA,NA,NA
2020-07-30 14:00:00,11.24,18.42,8.07,7.96,16.03,NA,NA,0.21,55.94,NA,NA,NA,NA,NA,NA,NA,NA,NA,NA,NA,0.00,NA,NA,NA
2020-07-30 15:00:00,5.54,9.39,7.85,8.61,16.46,NA,NA,0.24,70.33,NA,NA,NA,NA,NA,NA,NA,NA,NA,NA,NA,0.00,NA,NA,NA
2020-07-30 16:00:00,15.92,38.07,7.92,10.64,18.56,NA,NA,0.29,80.25,NA,NA,NA,NA,NA,NA,NA,NA,NA,NA,NA,0.00,NA,NA,NA
2020-07-30 17:00:00,21.63,38.32,7.85,10.94,18.79,NA,NA,0.28,82.99,NA,NA,NA,NA,NA,NA,NA,NA,NA,NA,NA,0.00,NA,NA,NA
2020-07-30 18:00:00,17.06,44.94,7.77,12.13,19.91,NA,NA,0.31,81.25,NA,NA,NA,NA,NA,NA,NA,NA,NA,NA,NA,0.00,NA,NA,NA
2020-07-30 19:00:00,13.29,42.11,7.77,13.53,21.29,NA,NA,0.36,50.37,NA,NA,NA,NA,NA,NA,NA,NA,NA,NA,NA,0.00,NA,NA,NA
2020-07-30 20:00:00,23.35,44.01,7.92,16.49,24.40,NA,NA,0.43,25.09,NA,NA,NA,NA,NA,NA,NA,NA,NA,NA,NA,0.00,NA,NA,NA
2020-07-30 21:00:00,22.15,57.45,8.23,15.31,23.54,NA,NA,0.61,12.11,NA,NA,NA,NA,NA,NA,NA,NA,NA,NA,NA,0.00,NA,NA,NA
2020-07-30 22:00:00,18.91,30.55,8.40,11.87,20.27,NA,NA,0.63,9.48,NA,NA,NA,NA,NA,NA,NA,NA,NA,NA,NA,0.00,NA,NA,NA
2020-07-30 23:00:00,22.09,42.67,8.15,11.47,19.61,NA,NA,0.58,11.17,NA,NA,NA,NA,NA,NA,NA,NA,NA,NA,NA,0.00,NA,NA,NA
2020-07-31 00:00:00,20.12,41.39,8.07,12.47,20.54,NA,NA,0.55,14.56,NA,NA,NA,NA,NA,NA,NA,NA,NA,NA,NA,0.00,NA,NA,NA
2020-07-31 01:00:00,19.46,31.41,8.55,10.79,19.35,NA,NA,0.56,8.08,NA,NA,NA,NA,NA,NA,NA,NA,NA,NA,NA,0.00,NA,NA,NA
2020-07-31 02:00:00,22.50,46.56,8.32,13.37,21.69,NA,NA,0.63,13.43,NA,NA,NA,NA,NA,NA,NA,NA,NA,NA,NA,0.00,NA,NA,NA
2020-07-31 03:00:00,31.24,51.66,9.13,9.73,18.86,NA,NA,0.61,8.21,NA,NA,NA,NA,NA,NA,NA,NA,NA,NA,NA,0.00,NA,NA,NA
2020-07-31 04:00:00,27.07,45.60,9.26,11.45,20.71,NA,NA,0.65,8.50,NA,NA,NA,NA,NA,NA,NA,NA,NA,NA,NA,0.00,NA,NA,NA
2020-07-31 05:00:00,36.94,60.53,11.12,10.80,21.92,NA,NA,0.65,8.10,NA,NA,NA,NA,NA,NA,NA,NA,NA,NA,NA,0.00,NA,NA,NA
2020-07-31 06:00:00,30.87,50.96,12.50,10.97,23.47,NA,NA,0.64,9.94,NA,NA,NA,NA,NA,NA,NA,NA,NA,NA,NA,0.00,NA,NA,NA
2020-07-31 07:00:00,47.41,65.99,10.27,7.11,17.38,NA,NA,0.61,13.52,NA,NA,NA,NA,NA,NA,NA,NA,NA,NA,NA,0.00,NA,NA,NA
2020-07-31 08:00:00,35.20,58.37,9.63,7.65,17.28,NA,NA,0.59,17.99,NA,NA,NA,NA,NA,NA,NA,NA,NA,NA,NA,0.00,NA,NA,NA
2020-07-31 09:00:00,43.45,65.34,8.82,9.85,18.67,NA,NA,0.61,30.62,NA,NA,NA,NA,NA,NA,NA,NA,NA,NA,NA,0.00,NA,NA,NA
2020-07-31 10:00:00,47.85,86.23,8.58,9.92,18.51,NA,NA,0.64,38.22,NA,NA,NA,NA,NA,NA,NA,NA,NA,NA,NA,0.00,NA,NA,NA
2020-07-31 11:00:00,59.90,101.26,8.15,8.88,17.03,NA,NA,0.61,44.69,NA,NA,NA,NA,NA,NA,NA,NA,NA,NA,NA,0.00,NA,NA,NA
2020-07-31 12:00:00,44.40,79.45,8.19,9.96,18.15,NA,NA,0.57,40.50,NA,NA,NA,NA,NA,NA,NA,NA,NA,NA,NA,0.00,NA,NA,NA
2020-07-31 13:00:00,29.32,35.27,8.04,10.35,18.39,NA,NA,0.61,64.15,NA,NA,NA,NA,NA,NA,NA,NA,NA,NA,NA,0.00,NA,NA,NA
2020-07-31 14:00:00,53.54,69.64,7.89,9.44,17.33,NA,NA,0.56,76.13,NA,NA,NA,NA,NA,NA,NA,NA,NA,NA,NA,0.00,NA,NA,NA
2020-07-31 15:00:00,65.76,86.05,7.92,9.68,17.59,NA,NA,0.51,67.07,NA,NA,NA,NA,NA,NA,NA,NA,NA,NA,NA,0.00,NA,NA,NA
2020-07-31 16:00:00,46.17,90.54,8.09,11.37,19.46,NA,NA,0.53,68.68,NA,NA,NA,NA,NA,NA,NA,NA,NA,NA,NA,0.00,NA,NA,NA
2020-07-31 17:00:00,22.46,66.21,7.83,9.05,16.88,NA,NA,0.46,53.04,NA,NA,NA,NA,NA,NA,NA,NA,NA,NA,NA,0.00,NA,NA,NA
2020-07-31 18:00:00,5.00,8.10,7.81,9.89,17.70,NA,NA,0.48,42.58,NA,NA,NA,NA,NA,NA,NA,NA,NA,NA,NA,0.00,NA,NA,NA
2020-07-31 19:00:00,17.96,24.03,7.74,10.93,18.68,NA,NA,0.51,36.23,NA,NA,NA,NA,NA,NA,NA,NA,NA,NA,NA,0.00,NA,NA,NA
2020-07-31 20:00:00,14.71,33.43,7.85,9.17,17.03,NA,NA,0.49,21.52,NA,NA,NA,NA,NA,NA,NA,NA,NA,NA,NA,0.00,NA,NA,NA
2020-07-31 21:00:00,21.26,39.15,7.92,10.73,18.66,NA,NA,0.49,22.96,NA,NA,NA,NA,NA,NA,NA,NA,NA,NA,NA,0.00,NA,NA,NA
2020-07-31 22:00:00,25.39,38.75,8.02,9.88,17.91,NA,NA,0.50,18.37,NA,NA,NA,NA,NA,NA,NA,NA,NA,NA,NA,0.00,NA,NA,NA
2020-07-31 23:00:00,29.52,42.73,7.98,10.47,18.44,NA,NA,0.52,25.48,NA,NA,NA,NA,NA,NA,NA,NA,NA,NA,NA,0.00,NA,NA,NA
2020-08-01 00:00:00,32.26,55.02,7.78,10.36,18.15,NA,NA,0.56,22.60,NA,NA,NA,NA,NA,NA,NA,NA,NA,NA,NA,0.00,NA,NA,NA
2020-08-01 01:00:00,40.78,79.18,8.02,12.98,21.01,NA,NA,0.62,15.59,NA,NA,NA,NA,NA,NA,NA,NA,NA,NA,NA,0.00,NA,NA,NA
2020-08-01 02:00:00,43.51,71.19,8.10,10.89,18.99,NA,NA,0.59,13.95,NA,NA,NA,NA,NA,NA,NA,NA,NA,NA,NA,0.00,NA,NA,NA
2020-08-01 03:00:00,37.27,64.45,8.09,10.12,18.20,NA,NA,0.57,16.49,NA,NA,NA,NA,NA,NA,NA,NA,NA,NA,NA,0.00,NA,NA,NA
2020-08-01 04:00:00,33.81,55.87,8.04,9.44,17.48,NA,NA,0.57,12.51,NA,NA,NA,NA,NA,NA,NA,NA,NA,NA,NA,0.00,NA,NA,NA
2020-08-01 05:00:00,42.71,56.12,8.13,10.11,18.24,NA,NA,0.60,11.05,NA,NA,NA,NA,NA,NA,NA,NA,NA,NA,NA,0.00,NA,NA,NA
2020-08-01 06:00:00,38.78,59.53,8.40,10.77,19.16,NA,NA,0.58,13.18,NA,NA,NA,NA,NA,NA,NA,NA,NA,NA,NA,0.00,NA,NA,NA
2020-08-01 07:00:00,33.27,46.83,9.32,8.50,17.81,NA,NA,0.57,13.77,NA,NA,NA,NA,NA,NA,NA,NA,NA,NA,NA,0.00,NA,NA,NA
2020-08-01 08:00:00,34.88,47.35,8.75,8.06,16.82,NA,NA,0.61,17.58,NA,NA,NA,NA,NA,NA,NA,NA,NA,NA,NA,0.00,NA,NA,NA
2020-08-01 09:00:00,32.93,59.90,8.91,9.64,18.56,NA,NA,0.62,24.10,NA,NA,NA,NA,NA,NA,NA,NA,NA,NA,NA,0.00,NA,NA,NA
2020-08-01 10:00:00,50.57,92.69,9.06,10.52,19.57,NA,NA,0.59,33.14,NA,NA,NA,NA,NA,NA,NA,NA,NA,NA,NA,0.00,NA,NA,NA
2020-08-01 11:00:00,42.82,66.23,8.16,10.11,18.28,NA,NA,0.57,50.37,NA,NA,NA,NA,NA,NA,NA,NA,NA,NA,NA,0.00,NA,NA,NA
2020-08-01 12:00:00,54.98,92.33,8.04,10.44,18.48,NA,NA,0.57,57.60,NA,NA,NA,NA,NA,NA,NA,NA,NA,NA,NA,0.00,NA,NA,NA
2020-08-01 13:00:00,42.41,74.07,7.79,9.72,17.51,NA,NA,0.56,72.22,NA,NA,NA,NA,NA,NA,NA,NA,NA,NA,NA,0.00,NA,NA,NA
2020-08-01 14:00:00,49.73,90.12,8.00,12.29,20.30,NA,NA,0.58,62.42,NA,NA,NA,NA,NA,NA,NA,NA,NA,NA,NA,0.00,NA,NA,NA
2020-08-01 15:00:00,42.02,56.88,7.80,9.02,16.82,NA,NA,0.48,62.72,NA,NA,NA,NA,NA,NA,NA,NA,NA,NA,NA,0.00,NA,NA,NA
2020-08-01 16:00:00,7.72,7.68,8.13,11.53,19.66,NA,NA,0.50,29.46,NA,NA,NA,NA,NA,NA,NA,NA,NA,NA,NA,0.00,NA,NA,NA
2020-08-01 17:00:00,7.67,19.92,8.77,14.61,23.38,NA,NA,0.56,18.15,NA,NA,NA,NA,NA,NA,NA,NA,NA,NA,NA,0.00,NA,NA,NA
2020-08-01 18:00:00,27.92,35.69,8.03,11.20,19.23,NA,NA,0.57,25.61,NA,NA,NA,NA,NA,NA,NA,NA,NA,NA,NA,0.00,NA,NA,NA
2020-08-01 19:00:00,27.30,35.97,7.96,12.11,20.08,NA,NA,0.61,14.70,NA,NA,NA,NA,NA,NA,NA,NA,NA,NA,NA,0.00,NA,NA,NA
2020-08-01 20:00:00,35.33,46.09,7.93,15.39,23.32,NA,NA,0.65,14.84,NA,NA,NA,NA,NA,NA,NA,NA,NA,NA,NA,0.00,NA,NA,NA
2020-08-01 21:00:00,30.14,43.78,7.98,13.85,21.83,NA,NA,0.64,15.63,NA,NA,NA,NA,NA,NA,NA,NA,NA,NA,NA,0.00,NA,NA,NA
2020-08-01 22:00:00,30.24,51.26,8.49,18.79,27.27,NA,NA,0.65,11.31,NA,NA,NA,NA,NA,NA,NA,NA,NA,NA,NA,0.00,NA,NA,NA
2020-08-01 23:00:00,28.26,54.86,10.07,17.75,27.82,NA,NA,0.65,8.76,NA,NA,NA,NA,NA,NA,NA,NA,NA,NA,NA,0.00,NA,NA,NA
2020-08-02 00:00:00,34.34,50.22,10.62,16.95,27.57,NA,NA,0.64,8.17,NA,NA,NA,NA,NA,NA,NA,NA,NA,NA,NA,0.00,NA,NA,NA
2020-08-02 01:00:00,33.98,59.36,9.26,16.84,26.10,NA,NA,0.69,10.17,NA,NA,NA,NA,NA,NA,NA,NA,NA,NA,NA,0.00,NA,NA,NA
2020-08-02 02:00:00,22.72,60.06,8.98,14.59,23.56,NA,NA,0.62,8.97,NA,NA,NA,NA,NA,NA,NA,NA,NA,NA,NA,0.00,NA,NA,NA
2020-08-02 03:00:00,25.88,42.59,9.36,12.55,21.91,NA,NA,0.60,7.86,NA,NA,NA,NA,NA,NA,NA,NA,NA,NA,NA,0.00,NA,NA,NA
2020-08-02 04:00:00,19.34,43.73,11.00,11.63,22.62,NA,NA,0.61,7.36,NA,NA,NA,NA,NA,NA,NA,NA,NA,NA,NA,0.00,NA,NA,NA
2020-08-02 05:00:00,23.26,46.53,12.67,17.69,30.38,NA,NA,0.62,8.32,NA,NA,NA,NA,NA,NA,NA,NA,NA,NA,NA,0.00,NA,NA,NA
2020-08-02 06:00:00,21.91,42.84,12.68,17.66,30.34,NA,NA,0.68,8.24,NA,NA,NA,NA,NA,NA,NA,NA,NA,NA,NA,0.00,NA,NA,NA
2020-08-02 07:00:00,25.23,44.97,11.42,15.94,27.36,NA,NA,0.75,13.13,NA,NA,NA,NA,NA,NA,NA,NA,NA,NA,NA,0.00,NA,NA,NA
2020-08-02 08:00:00,22.05,52.59,9.55,10.53,20.07,NA,NA,0.70,11.23,NA,NA,NA,NA,NA,NA,NA,NA,NA,NA,NA,0.00,NA,NA,NA
2020-08-02 09:00:00,28.57,45.25,8.68,9.95,18.63,NA,NA,0.66,16.35,NA,NA,NA,NA,NA,NA,NA,NA,NA,NA,NA,0.00,NA,NA,NA
2020-08-02 10:00:00,22.81,47.89,8.27,9.37,17.64,NA,NA,0.64,25.54,NA,NA,NA,NA,NA,NA,NA,NA,NA,NA,NA,0.00,NA,NA,NA
2020-08-02 11:00:00,24.29,46.73,7.97,8.62,16.59,NA,NA,0.60,31.88,NA,NA,NA,NA,NA,NA,NA,NA,NA,NA,NA,0.00,NA,NA,NA
2020-08-02 12:00:00,19.35,38.02,8.01,10.59,18.60,NA,NA,0.59,35.65,NA,NA,NA,NA,NA,NA,NA,NA,NA,NA,NA,0.00,NA,NA,NA
2020-08-02 13:00:00,18.43,49.46,8.05,10.61,18.66,NA,NA,0.57,37.41,NA,NA,NA,NA,NA,NA,NA,NA,NA,NA,NA,0.00,NA,NA,NA
2020-08-02 14:00:00,23.75,51.18,8.07,9.33,17.41,NA,NA,0.57,39.20,NA,NA,NA,NA,NA,NA,NA,NA,NA,NA,NA,0.00,NA,NA,NA
2020-08-02 15:00:00,21.38,60.94,8.00,8.70,16.71,NA,NA,0.57,46.79,NA,NA,NA,NA,NA,NA,NA,NA,NA,NA,NA,0.00,NA,NA,NA
2020-08-02 16:00:00,25.31,66.71,8.00,8.79,16.79,NA,NA,0.57,45.80,NA,NA,NA,NA,NA,NA,NA,NA,NA,NA,NA,0.00,NA,NA,NA
2020-08-02 17:00:00,21.42,64.41,7.95,8.46,16.42,NA,NA,0.57,45.99,NA,NA,NA,NA,NA,NA,NA,NA,NA,NA,NA,0.00,NA,NA,NA
2020-08-02 18:00:00,31.74,68.61,7.89,8.01,15.90,NA,NA,0.56,44.83,NA,NA,NA,NA,NA,NA,NA,NA,NA,NA,NA,0.00,NA,NA,NA
2020-08-02 19:00:00,20.66,67.38,7.71,6.69,14.41,NA,NA,0.38,36.45,NA,NA,NA,NA,NA,NA,NA,NA,NA,NA,NA,0.00,NA,NA,NA
2020-08-02 20:00:00,3.57,23.80,7.95,7.05,15.00,NA,NA,0.45,17.31,NA,NA,NA,NA,NA,NA,NA,NA,NA,NA,NA,0.00,NA,NA,NA
2020-08-02 21:00:00,3.80,18.66,8.17,10.44,18.61,NA,NA,0.53,9.31,NA,NA,NA,NA,NA,NA,NA,NA,NA,NA,NA,0.00,NA,NA,NA
2020-08-02 22:00:00,9.60,31.10,8.11,11.76,19.86,NA,NA,0.60,9.61,NA,NA,NA,NA,NA,NA,NA,NA,NA,NA,NA,0.00,NA,NA,NA
2020-08-02 23:00:00,21.82,25.98,8.55,10.16,18.72,NA,NA,0.67,9.56,NA,NA,NA,NA,NA,NA,NA,NA,NA,NA,NA,0.00,NA,NA,NA
2020-08-03 00:00:00,31.95,31.97,8.51,9.68,18.19,NA,NA,0.64,8.94,NA,NA,NA,NA,NA,NA,NA,NA,NA,NA,NA,0.00,NA,NA,NA
2020-08-03 01:00:00,27.96,34.93,9.14,13.04,22.18,NA,NA,0.59,11.39,NA,NA,NA,NA,NA,NA,NA,NA,NA,NA,NA,0.00,NA,NA,NA
2020-08-03 02:00:00,25.96,51.70,9.49,13.29,22.77,NA,NA,0.58,6.33,NA,NA,NA,NA,NA,NA,NA,NA,NA,NA,NA,0.00,NA,NA,NA
2020-08-03 03:00:00,31.87,63.40,10.55,14.58,25.13,NA,NA,0.58,12.88,NA,NA,NA,NA,NA,NA,NA,NA,NA,NA,NA,0.00,NA,NA,NA
2020-08-03 04:00:00,32.48,59.37,8.23,11.77,20.00,NA,NA,0.53,8.34,NA,NA,NA,NA,NA,NA,NA,NA,NA,NA,NA,0.00,NA,NA,NA
2020-08-03 05:00:00,31.42,54.49,8.15,11.35,19.51,NA,NA,0.49,8.92,NA,NA,NA,NA,NA,NA,NA,NA,NA,NA,NA,0.00,NA,NA,NA
2020-08-03 06:00:00,20.93,45.13,8.07,9.49,17.56,NA,NA,0.47,14.06,NA,NA,NA,NA,NA,NA,NA,NA,NA,NA,NA,0.00,NA,NA,NA
2020-08-03 07:00:00,21.40,41.49,8.09,7.69,15.77,NA,NA,0.46,18.97,NA,NA,NA,NA,NA,NA,NA,NA,NA,NA,NA,0.00,NA,NA,NA
2020-08-03 08:00:00,19.78,35.03,8.20,7.19,15.39,NA,NA,0.45,19.13,NA,NA,NA,NA,NA,NA,NA,NA,NA,NA,NA,0.00,NA,NA,NA
2020-08-03 09:00:00,18.98,39.68,8.26,7.14,15.40,NA,NA,0.43,24.81,NA,NA,NA,NA,NA,NA,NA,NA,NA,NA,NA,0.00,NA,NA,NA
2020-08-03 10:00:00,22.03,39.26,8.27,7.87,16.14,NA,NA,0.42,21.63,NA,NA,NA,NA,NA,NA,NA,NA,NA,NA,NA,0.00,NA,NA,NA
2020-08-03 11:00:00,22.02,50.46,8.13,7.76,15.89,NA,NA,0.43,29.92,NA,NA,NA,NA,NA,NA,NA,NA,NA,NA,NA,0.00,NA,NA,NA
2020-08-03 12:00:00,28.45,60.94,8.15,8.03,16.18,NA,NA,0.43,31.06,NA,NA,NA,NA,NA,NA,NA,NA,NA,NA,NA,0.00,NA,NA,NA
2020-08-03 13:00:00,25.87,60.44,8.03,7.19,15.22,NA,NA,0.42,36.03,NA,NA,NA,NA,NA,NA,NA,NA,NA,NA,NA,0.00,NA,NA,NA
2020-08-03 14:00:00,29.73,62.08,7.97,6.66,14.62,NA,NA,0.41,36.61,NA,NA,NA,NA,NA,NA,NA,NA,NA,NA,NA,0.00,NA,NA,NA
2020-08-03 15:00:00,26.24,58.17,7.93,6.68,14.61,NA,NA,0.40,39.36,NA,NA,NA,NA,NA,NA,NA,NA,NA,NA,NA,0.00,NA,NA,NA
2020-08-03 16:00:00,27.44,61.80,7.99,6.78,14.77,NA,NA,0.40,41.77,NA,NA,NA,NA,NA,NA,NA,NA,NA,NA,NA,0.00,NA,NA,NA
2020-08-03 17:00:00,22.21,61.22,7.89,6.39,14.28,NA,NA,0.39,43.87,NA,NA,NA,NA,NA,NA,NA,NA,NA,NA,NA,0.00,NA,NA,NA
2020-08-03 18:00:00,31.59,73.63,7.95,9.72,17.66,NA,NA,0.40,38.71,NA,NA,NA,NA,NA,NA,NA,NA,NA,NA,NA,0.00,NA,NA,NA
2020-08-03 19:00:00,20.10,68.83,7.88,11.65,19.53,NA,NA,0.44,29.62,NA,NA,NA,NA,NA,NA,NA,NA,NA,NA,NA,0.00,NA,NA,NA
2020-08-03 20:00:00,18.67,37.36,7.95,11.04,18.99,NA,NA,0.46,18.48,NA,NA,NA,NA,NA,NA,NA,NA,NA,NA,NA,0.00,NA,NA,NA
2020-08-03 21:00:00,19.12,43.70,8.24,11.03,19.27,NA,NA,0.48,11.94,NA,NA,NA,NA,NA,NA,NA,NA,NA,NA,NA,0.00,NA,NA,NA
2020-08-03 22:00:00,21.00,52.05,8.11,11.06,19.16,NA,NA,0.48,15.73,NA,NA,NA,NA,NA,NA,NA,NA,NA,NA,NA,0.00,NA,NA,NA
2020-08-03 23:00:00,20.98,50.67,7.99,10.80,18.79,NA,NA,0.45,17.70,NA,NA,NA,NA,NA,NA,NA,NA,NA,NA,NA,0.00,NA,NA,NA
2020-08-04 00:00:00,26.35,58.80,7.76,8.62,16.38,NA,NA,0.39,30.87,NA,NA,NA,NA,NA,NA,NA,NA,NA,NA,NA,0.00,NA,NA,NA
2020-08-04 01:00:00,12.98,45.29,7.86,11.12,18.97,NA,NA,0.36,24.40,NA,NA,NA,NA,NA,NA,NA,NA,NA,NA,NA,0.00,NA,NA,NA
2020-08-04 02:00:00,13.58,38.36,7.92,11.68,19.60,NA,NA,0.35,19.14,NA,NA,NA,NA,NA,NA,NA,NA,NA,NA,NA,0.00,NA,NA,NA
2020-08-04 03:00:00,18.09,35.75,8.02,11.44,19.46,NA,NA,0.35,17.23,NA,NA,NA,NA,NA,NA,NA,NA,NA,NA,NA,0.00,NA,NA,NA
2020-08-04 04:00:00,20.19,41.07,8.40,9.09,17.48,NA,NA,0.36,11.72,NA,NA,NA,NA,NA,NA,NA,NA,NA,NA,NA,0.00,NA,NA,NA
2020-08-04 05:00:00,22.90,43.40,8.65,14.81,23.46,NA,NA,0.38,11.26,NA,NA,NA,NA,NA,NA,NA,NA,NA,NA,NA,0.00,NA,NA,NA
2020-08-04 06:00:00,24.79,40.70,8.02,11.70,19.71,NA,NA,0.37,19.03,NA,NA,NA,NA,NA,NA,NA,NA,NA,NA,NA,0.00,NA,NA,NA
2020-08-04 07:00:00,18.49,39.78,8.22,8.86,17.08,NA,NA,0.36,23.68,NA,NA,NA,NA,NA,NA,NA,NA,NA,NA,NA,0.00,NA,NA,NA
2020-08-04 08:00:00,21.50,32.62,8.10,7.27,15.37,NA,NA,0.34,30.12,NA,NA,NA,NA,NA,NA,NA,NA,NA,NA,NA,0.00,NA,NA,NA
2020-08-04 09:00:00,23.11,47.63,8.29,8.17,16.46,NA,NA,0.44,29.92,NA,NA,NA,NA,NA,NA,NA,NA,NA,NA,NA,0.00,NA,NA,NA
2020-08-04 10:00:00,32.20,55.17,8.14,8.41,16.55,NA,NA,0.55,36.31,NA,NA,NA,NA,NA,NA,NA,NA,NA,NA,NA,0.00,NA,NA,NA
2020-08-04 11:00:00,31.51,58.66,8.23,8.52,16.74,NA,NA,0.57,40.51,NA,NA,NA,NA,NA,NA,NA,NA,NA,NA,NA,0.00,NA,NA,NA
2020-08-04 12:00:00,33.85,63.85,8.00,8.34,16.33,NA,NA,0.57,53.31,NA,NA,NA,NA,NA,NA,NA,NA,NA,NA,NA,0.00,NA,NA,NA
2020-08-04 13:00:00,36.57,77.68,7.93,8.66,16.60,NA,NA,0.59,69.81,NA,NA,NA,NA,NA,NA,NA,NA,NA,NA,NA,0.00,NA,NA,NA
2020-08-04 14:00:00,40.95,73.75,8.15,10.95,19.10,NA,NA,0.59,70.82,NA,NA,NA,NA,NA,NA,NA,NA,NA,NA,NA,0.00,NA,NA,NA
2020-08-04 15:00:00,37.45,73.76,7.95,9.33,17.28,NA,NA,0.59,91.54,NA,NA,NA,NA,NA,NA,NA,NA,NA,NA,NA,0.00,NA,NA,NA
2020-08-04 16:00:00,43.76,95.82,7.96,9.96,17.92,NA,NA,0.59,90.44,NA,NA,NA,NA,NA,NA,NA,NA,NA,NA,NA,0.00,NA,NA,NA
2020-08-04 17:00:00,32.59,98.47,7.98,9.26,17.23,NA,NA,0.60,70.76,NA,NA,NA,NA,NA,NA,NA,NA,NA,NA,NA,0.00,NA,NA,NA
2020-08-04 18:00:00,28.77,81.98,7.97,11.36,19.33,NA,NA,0.60,60.03,NA,NA,NA,NA,NA,NA,NA,NA,NA,NA,NA,0.00,NA,NA,NA
2020-08-04 19:00:00,18.59,77.97,8.01,13.27,21.28,NA,NA,0.69,30.06,NA,NA,NA,NA,NA,NA,NA,NA,NA,NA,NA,0.00,NA,NA,NA
2020-08-04 20:00:00,18.20,57.31,8.08,12.26,20.34,NA,NA,0.73,17.38,NA,NA,NA,NA,NA,NA,NA,NA,NA,NA,NA,0.00,NA,NA,NA
2020-08-04 21:00:00,27.07,56.44,8.31,12.97,21.28,NA,NA,0.79,11.12,NA,NA,NA,NA,NA,NA,NA,NA,NA,NA,NA,0.00,NA,NA,NA
2020-08-04 22:00:00,36.26,67.50,8.69,12.55,21.24,NA,NA,0.82,10.60,NA,NA,NA,NA,NA,NA,NA,NA,NA,NA,NA,0.00,NA,NA,NA
2020-08-04 23:00:00,42.46,65.54,10.02,12.74,22.76,NA,NA,0.92,8.40,NA,NA,NA,NA,NA,NA,NA,NA,NA,NA,NA,0.00,NA,NA,NA
2020-08-05 00:00:00,40.36,72.10,10.60,14.03,24.63,NA,NA,0.94,7.36,NA,NA,NA,NA,NA,NA,NA,NA,NA,NA,NA,0.00,NA,NA,NA
2020-08-05 01:00:00,39.32,71.81,11.37,13.53,24.90,NA,NA,0.95,9.05,NA,NA,NA,NA,NA,NA,NA,NA,NA,NA,NA,0.00,NA,NA,NA
2020-08-05 02:00:00,34.28,70.45,10.13,17.67,27.81,NA,NA,0.94,9.70,NA,NA,NA,NA,NA,NA,NA,NA,NA,NA,NA,0.00,NA,NA,NA
2020-08-05 03:00:00,37.92,71.40,11.43,14.57,26.00,NA,NA,0.91,9.40,NA,NA,NA,NA,NA,NA,NA,NA,NA,NA,NA,0.00,NA,NA,NA
2020-08-05 04:00:00,32.77,62.15,12.39,13.71,26.10,NA,NA,0.88,10.44,NA,NA,NA,NA,NA,NA,NA,NA,NA,NA,NA,0.00,NA,NA,NA
2020-08-05 05:00:00,35.65,60.98,9.31,16.24,25.54,NA,NA,0.85,12.38,NA,NA,NA,NA,NA,NA,NA,NA,NA,NA,NA,0.00,NA,NA,NA
2020-08-05 06:00:00,41.05,76.28,10.71,9.73,20.44,NA,NA,0.81,8.07,NA,NA,NA,NA,NA,NA,NA,NA,NA,NA,NA,0.00,NA,NA,NA
2020-08-05 07:00:00,41.71,68.96,9.86,9.62,19.47,NA,NA,0.81,15.01,NA,NA,NA,NA,NA,NA,NA,NA,NA,NA,NA,0.00,NA,NA,NA
2020-08-05 08:00:00,41.34,79.09,8.52,9.67,18.19,NA,NA,0.70,31.39,NA,NA,NA,NA,NA,NA,NA,NA,NA,NA,NA,0.00,NA,NA,NA
2020-08-05 09:00:00,40.99,69.05,8.04,8.69,16.73,NA,NA,0.67,46.19,NA,NA,NA,NA,NA,NA,NA,NA,NA,NA,NA,0.00,NA,NA,NA
2020-08-05 10:00:00,36.64,74.71,7.92,8.28,16.21,NA,NA,0.67,53.31,NA,NA,NA,NA,NA,NA,NA,NA,NA,NA,NA,0.00,NA,NA,NA
2020-08-05 11:00:00,49.77,75.32,7.94,7.61,15.55,NA,NA,0.65,49.03,NA,NA,NA,NA,NA,NA,NA,NA,NA,NA,NA,0.00,NA,NA,NA
2020-08-05 12:00:00,34.06,69.89,8.44,9.48,17.93,NA,NA,0.48,26.99,NA,NA,NA,NA,NA,NA,NA,NA,NA,NA,NA,0.00,NA,NA,NA
2020-08-05 13:00:00,17.49,26.27,9.05,11.53,20.57,NA,NA,0.47,27.15,NA,NA,NA,NA,NA,NA,NA,NA,NA,NA,NA,0.00,NA,NA,NA
2020-08-05 14:00:00,13.42,14.15,8.66,10.89,19.55,NA,NA,0.48,23.05,NA,NA,NA,NA,NA,NA,NA,NA,NA,NA,NA,0.00,NA,NA,NA
2020-08-05 15:00:00,12.36,32.06,8.55,9.67,18.21,NA,NA,0.45,26.68,NA,NA,NA,NA,NA,NA,NA,NA,NA,NA,NA,0.00,NA,NA,NA
2020-08-05 16:00:00,20.80,28.45,8.09,7.97,16.08,NA,NA,0.46,29.79,NA,NA,NA,NA,NA,NA,NA,NA,NA,NA,NA,0.00,NA,NA,NA
2020-08-05 17:00:00,19.42,24.96,8.22,11.16,19.40,NA,NA,0.53,37.15,NA,NA,NA,NA,NA,NA,NA,NA,NA,NA,NA,0.00,NA,NA,NA
2020-08-05 18:00:00,39.95,56.37,8.31,19.91,28.23,NA,NA,0.67,42.52,NA,NA,NA,NA,NA,NA,NA,NA,NA,NA,NA,0.00,NA,NA,NA
2020-08-05 19:00:00,39.11,63.26,8.02,15.58,23.59,NA,NA,0.74,21.86,NA,NA,NA,NA,NA,NA,NA,NA,NA,NA,NA,0.00,NA,NA,NA
2020-08-05 20:00:00,43.71,73.65,8.10,16.04,24.16,NA,NA,0.83,15.65,NA,NA,NA,NA,NA,NA,NA,NA,NA,NA,NA,0.00,NA,NA,NA
2020-08-05 21:00:00,55.06,87.48,7.92,16.93,24.83,NA,NA,0.82,16.77,NA,NA,NA,NA,NA,NA,NA,NA,NA,NA,NA,0.00,NA,NA,NA
2020-08-05 22:00:00,36.27,47.69,8.04,14.42,22.46,NA,NA,0.65,15.84,NA,NA,NA,NA,NA,NA,NA,NA,NA,NA,NA,0.00,NA,NA,NA
2020-08-05 23:00:00,39.62,48.12,8.32,14.37,22.70,NA,NA,0.67,14.80,NA,NA,NA,NA,NA,NA,NA,NA,NA,NA,NA,0.00,NA,NA,NA
2020-08-06 00:00:00,38.89,51.92,9.08,13.43,22.50,NA,NA,0.65,8.46,NA,NA,NA,NA,NA,NA,NA,NA,NA,NA,NA,0.00,NA,NA,NA
2020-08-06 01:00:00,29.19,60.31,7.98,12.59,20.56,NA,NA,0.59,11.75,NA,NA,NA,NA,NA,NA,NA,NA,NA,NA,NA,0.00,NA,NA,NA
2020-08-06 02:00:00,29.36,44.37,7.90,11.87,19.76,NA,NA,0.56,14.10,NA,NA,NA,NA,NA,NA,NA,NA,NA,NA,NA,0.00,NA,NA,NA
2020-08-06 03:00:00,24.78,47.74,7.89,11.89,19.78,NA,NA,0.54,8.28,NA,NA,NA,NA,NA,NA,NA,NA,NA,NA,NA,0.00,NA,NA,NA
2020-08-06 04:00:00,18.66,33.73,7.92,10.32,18.23,NA,NA,0.50,11.44,NA,NA,NA,NA,NA,NA,NA,NA,NA,NA,NA,0.00,NA,NA,NA
2020-08-06 05:00:00,21.35,28.63,7.87,10.59,18.47,NA,NA,0.49,11.93,NA,NA,NA,NA,NA,NA,NA,NA,NA,NA,NA,0.00,NA,NA,NA
2020-08-06 06:00:00,16.82,32.46,8.14,9.64,17.78,NA,NA,0.47,14.08,NA,NA,NA,NA,NA,NA,NA,NA,NA,NA,NA,0.00,NA,NA,NA
2020-08-06 07:00:00,13.72,25.50,8.29,7.43,15.73,NA,NA,0.44,17.26,NA,NA,NA,NA,NA,NA,NA,NA,NA,NA,NA,0.00,NA,NA,NA
2020-08-06 08:00:00,15.28,23.63,8.33,7.15,15.47,NA,NA,0.44,23.54,NA,NA,NA,NA,NA,NA,NA,NA,NA,NA,NA,0.00,NA,NA,NA
2020-08-06 09:00:00,19.52,46.41,8.09,6.43,14.53,NA,NA,0.40,27.19,NA,NA,NA,NA,NA,NA,NA,NA,NA,NA,NA,0.00,NA,NA,NA
2020-08-06 10:00:00,13.71,29.84,8.08,6.56,14.64,NA,NA,0.38,32.23,NA,NA,NA,NA,NA,NA,NA,NA,NA,NA,NA,0.00,NA,NA,NA
2020-08-06 11:00:00,14.10,28.91,8.01,6.56,14.57,NA,NA,0.35,34.08,NA,NA,NA,NA,NA,NA,NA,NA,NA,NA,NA,0.00,NA,NA,NA
2020-08-06 12:00:00,14.53,41.12,7.96,6.54,14.50,NA,NA,0.35,42.56,NA,NA,NA,NA,NA,NA,NA,NA,NA,NA,NA,0.00,NA,NA,NA
2020-08-06 13:00:00,15.55,41.94,7.96,7.40,15.36,NA,NA,0.32,42.55,NA,NA,NA,NA,NA,NA,NA,NA,NA,NA,NA,0.00,NA,NA,NA
2020-08-06 14:00:00,7.72,22.89,8.13,6.24,14.37,NA,NA,0.27,14.69,NA,NA,NA,NA,NA,NA,NA,NA,NA,NA,NA,0.00,NA,NA,NA
2020-08-06 15:00:00,19.50,20.37,7.90,7.30,15.20,NA,NA,0.26,46.89,NA,NA,NA,NA,NA,NA,NA,NA,NA,NA,NA,0.00,NA,NA,NA
2020-08-06 16:00:00,16.12,45.99,8.05,5.88,13.93,NA,NA,0.23,41.22,NA,NA,NA,NA,NA,NA,NA,NA,NA,NA,NA,0.00,NA,NA,NA
2020-08-06 17:00:00,17.50,47.70,8.08,6.07,14.15,NA,NA,0.23,51.37,NA,NA,NA,NA,NA,NA,NA,NA,NA,NA,NA,0.00,NA,NA,NA
2020-08-06 18:00:00,9.80,29.57,7.86,6.57,14.43,NA,NA,0.24,43.96,NA,NA,NA,NA,NA,NA,NA,NA,NA,NA,NA,0.00,NA,NA,NA
2020-08-06 19:00:00,4.77,20.74,7.93,7.08,15.01,NA,NA,0.25,39.03,NA,NA,NA,NA,NA,NA,NA,NA,NA,NA,NA,0.00,NA,NA,NA
2020-08-06 20:00:00,5.87,19.40,7.85,6.84,14.70,NA,NA,0.25,38.92,NA,NA,NA,NA,NA,NA,NA,NA,NA,NA,NA,0.00,NA,NA,NA
2020-08-06 21:00:00,11.98,21.10,7.83,6.93,14.76,NA,NA,0.31,36.58,NA,NA,NA,NA,NA,NA,NA,NA,NA,NA,NA,0.00,NA,NA,NA
2020-08-06 22:00:00,9.29,25.25,7.86,6.69,14.55,NA,NA,0.36,37.74,NA,NA,NA,NA,NA,NA,NA,NA,NA,NA,NA,0.00,NA,NA,NA
2020-08-06 23:00:00,16.14,20.78,7.82,7.00,14.82,NA,NA,0.40,35.78,NA,NA,NA,NA,NA,NA,NA,NA,NA,NA,NA,0.00,NA,NA,NA
2020-08-07 00:00:00,17.73,36.49,7.87,6.97,14.84,NA,NA,0.38,37.43,NA,NA,NA,NA,NA,NA,NA,NA,NA,NA,NA,0.00,NA,NA,NA
2020-08-07 01:00:00,13.50,25.22,7.82,6.26,14.08,NA,NA,0.36,32.79,NA,NA,NA,NA,NA,NA,NA,NA,NA,NA,NA,0.00,NA,NA,NA
2020-08-07 02:00:00,15.64,22.99,7.81,6.12,13.93,NA,NA,0.36,33.44,NA,NA,NA,NA,NA,NA,NA,NA,NA,NA,NA,0.00,NA,NA,NA
2020-08-07 03:00:00,18.35,21.63,7.86,6.08,13.94,NA,NA,0.40,37.72,NA,NA,NA,NA,NA,NA,NA,NA,NA,NA,NA,0.00,NA,NA,NA
2020-08-07 04:00:00,18.28,18.52,7.81,6.37,14.19,NA,NA,0.37,34.31,NA,NA,NA,NA,NA,NA,NA,NA,NA,NA,NA,0.00,NA,NA,NA
2020-08-07 05:00:00,12.53,24.16,7.91,7.13,15.03,NA,NA,0.42,32.36,NA,NA,NA,NA,NA,NA,NA,NA,NA,NA,NA,0.00,NA,NA,NA
2020-08-07 06:00:00,14.71,16.14,7.94,8.16,16.09,NA,NA,0.40,31.27,NA,NA,NA,NA,NA,NA,NA,NA,NA,NA,NA,0.00,NA,NA,NA
2020-08-07 07:00:00,16.91,20.37,8.04,7.40,15.44,NA,NA,0.40,34.38,NA,NA,NA,NA,NA,NA,NA,NA,NA,NA,NA,0.00,NA,NA,NA
2020-08-07 08:00:00,22.42,25.69,8.22,6.94,15.16,NA,NA,0.42,36.80,NA,NA,NA,NA,NA,NA,NA,NA,NA,NA,NA,0.00,NA,NA,NA
2020-08-07 09:00:00,28.23,32.21,8.36,6.97,15.32,NA,NA,0.42,41.22,NA,NA,NA,NA,NA,NA,NA,NA,NA,NA,NA,0.00,NA,NA,NA
2020-08-07 10:00:00,34.63,51.62,8.22,7.06,15.28,NA,NA,0.42,46.98,NA,NA,NA,NA,NA,NA,NA,NA,NA,NA,NA,0.00,NA,NA,NA
2020-08-07 11:00:00,47.06,61.67,8.12,6.75,14.87,NA,NA,0.42,61.34,NA,NA,NA,NA,NA,NA,NA,NA,NA,NA,NA,0.00,NA,NA,NA
2020-08-07 12:00:00,33.13,70.02,8.12,6.60,14.72,NA,NA,0.41,11.59,NA,NA,NA,NA,NA,NA,NA,NA,NA,NA,NA,0.00,NA,NA,NA
2020-08-07 13:00:00,53.21,70.50,8.03,6.86,14.90,NA,NA,0.41,63.36,NA,NA,NA,NA,NA,NA,NA,NA,NA,NA,NA,0.00,NA,NA,NA
2020-08-07 14:00:00,57.65,88.46,8.15,6.71,14.86,NA,NA,0.41,59.95,NA,NA,NA,NA,NA,NA,NA,NA,NA,NA,NA,0.00,NA,NA,NA
2020-08-07 15:00:00,48.21,58.42,8.08,6.83,14.91,NA,NA,0.40,66.82,NA,NA,NA,NA,NA,NA,NA,NA,NA,NA,NA,0.00,NA,NA,NA
2020-08-07 16:00:00,55.51,85.68,8.08,6.71,14.80,NA,NA,0.39,63.03,NA,NA,NA,NA,NA,NA,NA,NA,NA,NA,NA,0.00,NA,NA,NA
2020-08-07 17:00:00,50.01,78.41,8.01,7.22,15.23,NA,NA,0.40,63.28,NA,NA,NA,NA,NA,NA,NA,NA,NA,NA,NA,0.00,NA,NA,NA
2020-08-07 18:00:00,53.80,70.66,7.94,7.38,15.32,NA,NA,0.40,58.68,NA,NA,NA,NA,NA,NA,NA,NA,NA,NA,NA,0.00,NA,NA,NA
2020-08-07 19:00:00,46.28,72.47,7.89,9.43,17.32,NA,NA,0.42,33.33,NA,NA,NA,NA,NA,NA,NA,NA,NA,NA,NA,0.00,NA,NA,NA
2020-08-07 20:00:00,40.31,61.22,7.98,11.94,19.92,NA,NA,0.44,20.99,NA,NA,NA,NA,NA,NA,NA,NA,NA,NA,NA,0.00,NA,NA,NA
2020-08-07 21:00:00,46.97,92.98,8.23,12.32,20.55,NA,NA,0.49,20.18,NA,NA,NA,NA,NA,NA,NA,NA,NA,NA,NA,0.00,NA,NA,NA
2020-08-07 22:00:00,56.20,74.62,8.10,12.37,20.48,NA,NA,0.49,23.01,NA,NA,NA,NA,NA,NA,NA,NA,NA,NA,NA,0.00,NA,NA,NA
2020-08-07 23:00:00,63.13,67.31,8.53,12.09,20.62,NA,NA,0.49,16.66,NA,NA,NA,NA,NA,NA,NA,NA,NA,NA,NA,0.00,NA,NA,NA
2020-08-08 00:00:00,66.71,90.37,9.23,12.33,21.56,NA,NA,0.47,13.98,NA,NA,NA,NA,NA,NA,NA,NA,NA,NA,NA,0.00,NA,NA,NA
2020-08-08 01:00:00,55.92,81.84,8.75,11.99,20.74,NA,NA,0.46,15.41,NA,NA,NA,NA,NA,NA,NA,NA,NA,NA,NA,0.00,NA,NA,NA
2020-08-08 02:00:00,53.91,71.54,9.85,10.42,20.26,NA,NA,0.45,12.48,NA,NA,NA,NA,NA,NA,NA,NA,NA,NA,NA,0.00,NA,NA,NA
2020-08-08 03:00:00,56.03,67.68,10.89,10.91,21.81,NA,NA,0.46,12.52,NA,NA,NA,NA,NA,NA,NA,NA,NA,NA,NA,0.00,NA,NA,NA
2020-08-08 04:00:00,60.98,78.44,13.14,10.78,23.91,NA,NA,0.49,12.91,NA,NA,NA,NA,NA,NA,NA,NA,NA,NA,NA,0.00,NA,NA,NA
2020-08-08 05:00:00,58.20,85.67,20.96,13.44,34.39,NA,NA,0.50,12.65,NA,NA,NA,NA,NA,NA,NA,NA,NA,NA,NA,0.00,NA,NA,NA
2020-08-08 06:00:00,53.69,61.12,15.05,10.31,25.37,NA,NA,0.46,12.51,NA,NA,NA,NA,NA,NA,NA,NA,NA,NA,NA,0.00,NA,NA,NA
2020-08-08 07:00:00,46.99,63.19,9.67,9.15,18.84,NA,NA,0.48,16.69,NA,NA,NA,NA,NA,NA,NA,NA,NA,NA,NA,0.00,NA,NA,NA
2020-08-08 08:00:00,40.59,49.71,8.37,7.75,16.12,NA,NA,0.43,28.50,NA,NA,NA,NA,NA,NA,NA,NA,NA,NA,NA,0.00,NA,NA,NA
2020-08-08 09:00:00,46.21,53.16,8.08,7.15,15.23,NA,NA,0.40,38.32,NA,NA,NA,NA,NA,NA,NA,NA,NA,NA,NA,0.00,NA,NA,NA
2020-08-08 10:00:00,50.12,79.52,8.04,7.37,15.42,NA,NA,0.39,47.74,NA,NA,NA,NA,NA,NA,NA,NA,NA,NA,NA,0.00,NA,NA,NA
2020-08-08 11:00:00,55.34,81.87,7.96,8.57,16.54,NA,NA,0.38,61.14,NA,NA,NA,NA,NA,NA,NA,NA,NA,NA,NA,0.00,NA,NA,NA
2020-08-08 12:00:00,46.75,53.44,7.89,6.61,14.50,NA,NA,0.45,72.61,NA,NA,NA,NA,NA,NA,NA,NA,NA,NA,NA,0.00,NA,NA,NA
2020-08-08 13:00:00,40.44,66.02,7.91,7.21,15.11,NA,NA,0.44,82.59,NA,NA,NA,NA,NA,NA,NA,NA,NA,NA,NA,0.00,NA,NA,NA
2020-08-08 14:00:00,56.39,83.40,7.96,7.26,15.22,NA,NA,0.45,93.23,NA,NA,NA,NA,NA,NA,NA,NA,NA,NA,NA,0.00,NA,NA,NA
2020-08-08 15:00:00,48.77,71.56,7.99,6.76,14.75,NA,NA,0.41,81.00,NA,NA,NA,NA,NA,NA,NA,NA,NA,NA,NA,0.00,NA,NA,NA
2020-08-08 16:00:00,38.79,72.36,7.98,6.56,14.54,NA,NA,0.39,75.98,NA,NA,NA,NA,NA,NA,NA,NA,NA,NA,NA,0.00,NA,NA,NA
2020-08-08 17:00:00,37.92,63.54,7.91,9.05,16.96,NA,NA,0.42,67.75,NA,NA,NA,NA,NA,NA,NA,NA,NA,NA,NA,0.00,NA,NA,NA
2020-08-08 18:00:00,52.14,79.75,8.03,14.27,22.29,NA,NA,0.62,81.03,NA,NA,NA,NA,NA,NA,NA,NA,NA,NA,NA,0.00,NA,NA,NA
2020-08-08 19:00:00,64.06,89.14,7.92,15.74,23.66,NA,NA,0.64,47.26,NA,NA,NA,NA,NA,NA,NA,NA,NA,NA,NA,0.00,NA,NA,NA
2020-08-08 20:00:00,74.01,115.71,8.15,22.70,30.86,NA,NA,0.85,26.45,NA,NA,NA,NA,NA,NA,NA,NA,NA,NA,NA,0.00,NA,NA,NA
2020-08-08 21:00:00,73.62,128.21,8.24,18.15,26.39,NA,NA,0.83,21.36,NA,NA,NA,NA,NA,NA,NA,NA,NA,NA,NA,0.00,NA,NA,NA
2020-08-08 22:00:00,78.85,115.65,8.50,18.18,26.68,NA,NA,0.74,19.89,NA,NA,NA,NA,NA,NA,NA,NA,NA,NA,NA,0.00,NA,NA,NA
2020-08-08 23:00:00,64.97,96.67,7.90,14.82,22.72,NA,NA,0.49,31.09,NA,NA,NA,NA,NA,NA,NA,NA,NA,NA,NA,0.00,NA,NA,NA
2020-08-09 00:00:00,23.84,31.81,7.95,10.85,18.79,NA,NA,0.32,29.00,NA,NA,NA,NA,NA,NA,NA,NA,NA,NA,NA,0.00,NA,NA,NA
2020-08-09 01:00:00,15.08,27.73,7.92,11.75,19.67,NA,NA,0.32,27.83,NA,NA,NA,NA,NA,NA,NA,NA,NA,NA,NA,0.00,NA,NA,NA
2020-08-09 02:00:00,12.06,24.77,7.89,12.99,20.88,NA,NA,0.30,29.70,NA,NA,NA,NA,NA,NA,NA,NA,NA,NA,NA,0.00,NA,NA,NA
2020-08-09 03:00:00,12.92,39.20,7.82,9.24,17.06,NA,NA,0.29,36.16,NA,NA,NA,NA,NA,NA,NA,NA,NA,NA,NA,0.00,NA,NA,NA
2020-08-09 04:00:00,16.49,15.89,7.94,8.40,16.34,NA,NA,0.30,47.06,NA,NA,NA,NA,NA,NA,NA,NA,NA,NA,NA,0.00,NA,NA,NA
2020-08-09 05:00:00,10.66,11.47,7.90,10.60,18.50,NA,NA,0.29,37.28,NA,NA,NA,NA,NA,NA,NA,NA,NA,NA,NA,0.00,NA,NA,NA
2020-08-09 06:00:00,11.75,18.34,8.05,9.23,17.29,NA,NA,0.35,29.74,NA,NA,NA,NA,NA,NA,NA,NA,NA,NA,NA,0.00,NA,NA,NA
2020-08-09 07:00:00,6.58,14.98,8.53,9.15,17.67,NA,NA,0.33,23.90,NA,NA,NA,NA,NA,NA,NA,NA,NA,NA,NA,0.00,NA,NA,NA
2020-08-09 08:00:00,16.94,33.68,8.62,8.25,16.87,NA,NA,0.31,26.57,NA,NA,NA,NA,NA,NA,NA,NA,NA,NA,NA,0.00,NA,NA,NA
2020-08-09 09:00:00,23.29,49.69,8.80,8.57,17.37,NA,NA,0.31,32.64,NA,NA,NA,NA,NA,NA,NA,NA,NA,NA,NA,0.00,NA,NA,NA
2020-08-09 10:00:00,25.66,51.12,8.48,8.08,16.56,NA,NA,0.31,38.57,NA,NA,NA,NA,NA,NA,NA,NA,NA,NA,NA,0.00,NA,NA,NA
2020-08-09 11:00:00,38.24,62.23,8.16,7.82,15.98,NA,NA,0.32,49.50,NA,NA,NA,NA,NA,NA,NA,NA,NA,NA,NA,0.00,NA,NA,NA
2020-08-09 12:00:00,40.36,65.74,8.14,8.37,16.51,NA,NA,0.31,63.32,NA,NA,NA,NA,NA,NA,NA,NA,NA,NA,NA,0.00,NA,NA,NA
2020-08-09 13:00:00,43.42,68.69,8.03,7.99,16.02,NA,NA,0.30,66.82,NA,NA,NA,NA,NA,NA,NA,NA,NA,NA,NA,0.00,NA,NA,NA
2020-08-09 14:00:00,45.11,51.65,8.10,7.85,15.95,NA,NA,0.30,57.21,NA,NA,NA,NA,NA,NA,NA,NA,NA,NA,NA,0.00,NA,NA,NA
2020-08-09 15:00:00,19.31,23.08,8.20,9.02,17.22,NA,NA,0.29,57.41,NA,NA,NA,NA,NA,NA,NA,NA,NA,NA,NA,0.00,NA,NA,NA
2020-08-09 16:00:00,18.13,21.53,8.03,9.12,17.15,NA,NA,0.30,52.63,NA,NA,NA,NA,NA,NA,NA,NA,NA,NA,NA,0.00,NA,NA,NA
2020-08-09 17:00:00,30.15,48.59,8.38,15.74,24.12,NA,NA,0.34,52.45,NA,NA,NA,NA,NA,NA,NA,NA,NA,NA,NA,0.00,NA,NA,NA
2020-08-09 18:00:00,23.81,57.39,8.26,19.35,27.61,NA,NA,0.36,43.72,NA,NA,NA,NA,NA,NA,NA,NA,NA,NA,NA,0.00,NA,NA,NA
2020-08-09 19:00:00,26.78,60.08,8.10,18.94,27.04,NA,NA,0.35,29.98,NA,NA,NA,NA,NA,NA,NA,NA,NA,NA,NA,0.00,NA,NA,NA
2020-08-09 20:00:00,32.43,59.62,8.06,16.86,24.91,NA,NA,0.37,20.24,NA,NA,NA,NA,NA,NA,NA,NA,NA,NA,NA,0.00,NA,NA,NA
2020-08-09 21:00:00,35.94,53.29,7.99,12.70,20.69,NA,NA,0.31,37.07,NA,NA,NA,NA,NA,NA,NA,NA,NA,NA,NA,0.00,NA,NA,NA
2020-08-09 22:00:00,27.87,31.44,7.92,11.43,19.36,NA,NA,0.29,29.28,NA,NA,NA,NA,NA,NA,NA,NA,NA,NA,NA,0.00,NA,NA,NA
2020-08-09 23:00:00,25.52,20.48,7.94,12.84,20.78,NA,NA,0.31,23.18,NA,NA,NA,NA,NA,NA,NA,NA,NA,NA,NA,0.00,NA,NA,NA
2020-08-10 00:00:00,24.46,37.33,8.12,14.69,22.81,NA,NA,0.38,18.23,NA,NA,NA,NA,NA,NA,NA,NA,NA,NA,NA,0.00,NA,NA,NA
2020-08-10 01:00:00,25.42,42.20,8.05,18.99,27.04,NA,NA,0.39,17.78,NA,NA,NA,NA,NA,NA,NA,NA,NA,NA,NA,0.00,NA,NA,NA
2020-08-10 02:00:00,36.30,48.99,8.01,15.47,23.49,NA,NA,0.37,18.74,NA,NA,NA,NA,NA,NA,NA,NA,NA,NA,NA,0.00,NA,NA,NA
2020-08-10 03:00:00,32.28,49.49,7.98,9.27,17.25,NA,NA,0.33,22.38,NA,NA,NA,NA,NA,NA,NA,NA,NA,NA,NA,0.00,NA,NA,NA
2020-08-10 04:00:00,27.61,41.89,7.95,8.73,16.68,NA,NA,0.22,20.70,NA,NA,NA,NA,NA,NA,NA,NA,NA,NA,NA,0.00,NA,NA,NA
2020-08-10 05:00:00,23.87,32.79,7.91,8.88,16.78,NA,NA,0.30,19.53,NA,NA,NA,NA,NA,NA,NA,NA,NA,NA,NA,0.00,NA,NA,NA
2020-08-10 06:00:00,22.05,29.30,8.45,10.09,18.55,NA,NA,0.28,16.11,NA,NA,NA,NA,NA,NA,NA,NA,NA,NA,NA,0.00,NA,NA,NA
2020-08-10 07:00:00,22.53,34.39,8.90,9.88,18.77,NA,NA,0.33,23.59,NA,NA,NA,NA,NA,NA,NA,NA,NA,NA,NA,0.00,NA,NA,NA
2020-08-10 08:00:00,37.32,38.04,8.33,8.86,17.20,NA,NA,0.25,28.08,NA,NA,NA,NA,NA,NA,NA,NA,NA,NA,NA,0.00,NA,NA,NA
2020-08-10 09:00:00,36.63,47.53,8.61,9.97,18.58,NA,NA,0.31,29.25,NA,NA,NA,NA,NA,NA,NA,NA,NA,NA,NA,0.00,NA,NA,NA
2020-08-10 10:00:00,40.94,58.75,8.56,8.66,17.21,NA,NA,0.32,36.14,NA,NA,NA,NA,NA,NA,NA,NA,NA,NA,NA,0.00,NA,NA,NA
2020-08-10 11:00:00,61.32,67.34,8.68,8.99,17.68,NA,NA,0.31,46.96,NA,NA,NA,NA,NA,NA,NA,NA,NA,NA,NA,0.00,NA,NA,NA
2020-08-10 12:00:00,66.59,74.40,8.23,7.93,16.17,NA,NA,0.29,58.01,NA,NA,NA,NA,NA,NA,NA,NA,NA,NA,NA,0.00,NA,NA,NA
2020-08-10 13:00:00,49.38,72.33,7.97,6.80,14.77,NA,NA,0.25,63.20,NA,NA,NA,NA,NA,NA,NA,NA,NA,NA,NA,0.00,NA,NA,NA
2020-08-10 14:00:00,41.40,65.70,8.15,7.84,16.00,NA,NA,0.30,66.92,NA,NA,NA,NA,NA,NA,NA,NA,NA,NA,NA,0.00,NA,NA,NA
2020-08-10 15:00:00,35.53,47.55,7.96,7.17,15.13,NA,NA,0.36,63.52,NA,NA,NA,NA,NA,NA,NA,NA,NA,NA,NA,0.00,NA,NA,NA
2020-08-10 16:00:00,42.77,71.86,8.11,6.39,14.49,NA,NA,0.29,55.30,NA,NA,NA,NA,NA,NA,NA,NA,NA,NA,NA,0.00,NA,NA,NA
2020-08-10 17:00:00,31.67,36.14,8.18,6.42,14.60,NA,NA,0.28,45.01,NA,NA,NA,NA,NA,NA,NA,NA,NA,NA,NA,0.00,NA,NA,NA
2020-08-10 18:00:00,13.48,14.55,8.18,7.80,15.99,NA,NA,0.27,34.30,NA,NA,NA,NA,NA,NA,NA,NA,NA,NA,NA,0.00,NA,NA,NA
2020-08-10 19:00:00,20.67,22.30,8.09,9.95,18.03,NA,NA,0.28,27.33,NA,NA,NA,NA,NA,NA,NA,NA,NA,NA,NA,0.00,NA,NA,NA
2020-08-10 20:00:00,18.27,31.47,8.27,8.92,17.20,NA,NA,0.27,16.94,NA,NA,NA,NA,NA,NA,NA,NA,NA,NA,NA,0.00,NA,NA,NA
2020-08-10 21:00:00,24.99,26.54,9.22,10.75,19.97,NA,NA,0.29,11.69,NA,NA,NA,NA,NA,NA,NA,NA,NA,NA,NA,0.00,NA,NA,NA
2020-08-10 22:00:00,23.87,26.15,8.77,12.09,20.86,NA,NA,0.31,13.50,NA,NA,NA,NA,NA,NA,NA,NA,NA,NA,NA,0.00,NA,NA,NA
2020-08-10 23:00:00,33.39,36.58,8.24,15.49,23.75,NA,NA,0.34,14.76,NA,NA,NA,NA,NA,NA,NA,NA,NA,NA,NA,0.00,NA,NA,NA
2020-08-11 00:00:00,32.86,49.35,10.53,18.08,28.61,NA,NA,0.42,11.02,NA,NA,NA,NA,NA,NA,NA,NA,NA,NA,NA,0.00,NA,NA,NA
2020-08-11 01:00:00,41.26,48.54,9.42,13.95,23.35,NA,NA,0.36,12.13,NA,NA,NA,NA,NA,NA,NA,NA,NA,NA,NA,0.00,NA,NA,NA
2020-08-11 02:00:00,37.17,49.47,9.27,13.75,23.01,NA,NA,0.32,12.35,NA,NA,NA,NA,NA,NA,NA,NA,NA,NA,NA,0.00,NA,NA,NA
2020-08-11 03:00:00,42.77,67.42,9.75,11.96,21.71,NA,NA,0.32,12.48,NA,NA,NA,NA,NA,NA,NA,NA,NA,NA,NA,0.00,NA,NA,NA
2020-08-11 04:00:00,40.38,54.73,12.04,10.01,22.04,NA,NA,0.31,11.31,NA,NA,NA,NA,NA,NA,NA,NA,NA,NA,NA,0.00,NA,NA,NA
2020-08-11 05:00:00,36.71,53.40,10.23,9.97,20.19,NA,NA,0.25,11.65,NA,NA,NA,NA,NA,NA,NA,NA,NA,NA,NA,0.00,NA,NA,NA
2020-08-11 06:00:00,34.63,50.06,9.95,10.12,20.07,NA,NA,0.25,11.95,NA,NA,NA,NA,NA,NA,NA,NA,NA,NA,NA,0.00,NA,NA,NA
2020-08-11 07:00:00,41.56,48.53,9.50,9.79,19.29,NA,NA,0.25,15.18,NA,NA,NA,NA,NA,NA,NA,NA,NA,NA,NA,0.00,NA,NA,NA
2020-08-11 08:00:00,47.16,64.06,9.22,8.40,17.61,NA,NA,0.23,23.85,NA,NA,NA,NA,NA,NA,NA,NA,NA,NA,NA,0.00,NA,NA,NA
2020-08-11 09:00:00,56.19,68.52,8.36,6.97,15.33,NA,NA,0.21,29.51,NA,NA,NA,NA,NA,NA,NA,NA,NA,NA,NA,0.00,NA,NA,NA
2020-08-11 10:00:00,40.18,44.70,8.25,6.05,14.30,NA,NA,0.18,32.66,NA,NA,NA,NA,NA,NA,NA,NA,NA,NA,NA,0.00,NA,NA,NA
2020-08-11 11:00:00,48.64,56.19,8.00,6.67,14.61,NA,NA,0.21,50.96,NA,NA,NA,NA,NA,NA,NA,NA,NA,NA,NA,0.00,NA,NA,NA
2020-08-11 12:00:00,44.27,54.50,7.96,9.86,17.83,NA,NA,0.47,74.53,NA,NA,NA,NA,NA,NA,NA,NA,NA,NA,NA,0.00,NA,NA,NA
2020-08-11 13:00:00,50.29,74.85,8.09,8.31,16.40,NA,NA,0.64,64.82,NA,NA,NA,NA,NA,NA,NA,NA,NA,NA,NA,0.00,NA,NA,NA
2020-08-11 14:00:00,47.62,58.17,8.09,7.13,15.22,NA,NA,0.79,35.67,NA,NA,NA,NA,NA,NA,NA,NA,NA,NA,NA,0.00,NA,NA,NA
2020-08-11 15:00:00,55.38,78.35,8.18,8.98,17.15,NA,NA,0.58,47.65,NA,NA,NA,NA,NA,NA,NA,NA,NA,NA,NA,0.00,NA,NA,NA
2020-08-11 16:00:00,45.63,55.29,8.11,9.22,17.33,NA,NA,0.45,60.27,NA,NA,NA,NA,NA,NA,NA,NA,NA,NA,NA,0.00,NA,NA,NA
2020-08-11 17:00:00,32.00,34.59,8.07,9.07,17.14,NA,NA,0.39,37.58,NA,NA,NA,NA,NA,NA,NA,NA,NA,NA,NA,0.00,NA,NA,NA
2020-08-11 18:00:00,23.45,27.32,8.40,14.98,23.38,NA,NA,0.36,23.29,NA,NA,NA,NA,NA,NA,NA,NA,NA,NA,NA,0.00,NA,NA,NA
2020-08-11 19:00:00,37.83,53.82,8.26,18.55,26.81,NA,NA,0.36,15.50,NA,NA,NA,NA,NA,NA,NA,NA,NA,NA,NA,0.00,NA,NA,NA
2020-08-11 20:00:00,33.95,62.15,8.30,17.28,25.58,NA,NA,0.38,9.64,NA,NA,NA,NA,NA,NA,NA,NA,NA,NA,NA,0.00,NA,NA,NA
2020-08-11 21:00:00,41.12,54.08,8.26,15.11,23.37,NA,NA,0.42,14.10,NA,NA,NA,NA,NA,NA,NA,NA,NA,NA,NA,0.00,NA,NA,NA
2020-08-11 22:00:00,44.50,51.82,8.60,15.48,24.07,NA,NA,0.44,11.17,NA,NA,NA,NA,NA,NA,NA,NA,NA,NA,NA,0.00,NA,NA,NA
2020-08-11 23:00:00,43.96,63.26,9.29,16.22,25.51,NA,NA,0.46,7.12,NA,NA,NA,NA,NA,NA,NA,NA,NA,NA,NA,0.00,NA,NA,NA
2020-08-12 00:00:00,36.39,58.22,8.60,14.10,22.70,NA,NA,0.48,7.17,NA,NA,NA,NA,NA,NA,NA,NA,NA,NA,NA,0.00,NA,NA,NA
2020-08-12 01:00:00,18.59,33.20,8.25,12.31,20.56,NA,NA,0.49,8.60,NA,NA,NA,NA,NA,NA,NA,NA,NA,NA,NA,0.00,NA,NA,NA
2020-08-12 02:00:00,13.30,28.05,8.36,12.46,20.81,NA,NA,0.49,9.66,NA,NA,NA,NA,NA,NA,NA,NA,NA,NA,NA,0.00,NA,NA,NA
2020-08-12 03:00:00,8.76,27.09,7.96,9.23,17.19,NA,NA,0.49,17.18,NA,NA,NA,NA,NA,NA,NA,NA,NA,NA,NA,0.00,NA,NA,NA
2020-08-12 04:00:00,8.94,26.41,8.10,8.88,16.98,NA,NA,0.47,15.72,NA,NA,NA,NA,NA,NA,NA,NA,NA,NA,NA,0.00,NA,NA,NA
2020-08-12 05:00:00,10.42,23.91,7.98,9.58,17.55,NA,NA,0.46,16.22,NA,NA,NA,NA,NA,NA,NA,NA,NA,NA,NA,0.00,NA,NA,NA
2020-08-12 06:00:00,7.38,27.28,8.22,10.26,18.48,NA,NA,0.44,14.84,NA,NA,NA,NA,NA,NA,NA,NA,NA,NA,NA,0.00,NA,NA,NA
2020-08-12 07:00:00,11.34,29.01,10.11,11.53,21.64,NA,NA,0.43,14.10,NA,NA,NA,NA,NA,NA,NA,NA,NA,NA,NA,0.00,NA,NA,NA
2020-08-12 08:00:00,10.09,37.32,9.60,8.42,18.03,NA,NA,0.42,17.95,NA,NA,NA,NA,NA,NA,NA,NA,NA,NA,NA,0.00,NA,NA,NA
2020-08-12 09:00:00,15.54,54.53,9.59,8.73,18.32,NA,NA,0.40,23.26,NA,NA,NA,NA,NA,NA,NA,NA,NA,NA,NA,0.00,NA,NA,NA
2020-08-12 10:00:00,21.59,65.28,9.26,8.72,17.98,NA,NA,0.37,28.62,NA,NA,NA,NA,NA,NA,NA,NA,NA,NA,NA,0.00,NA,NA,NA
2020-08-12 11:00:00,30.41,91.43,8.17,7.12,15.29,NA,NA,0.36,34.96,NA,NA,NA,NA,NA,NA,NA,NA,NA,NA,NA,0.00,NA,NA,NA
2020-08-12 12:00:00,24.88,76.83,8.21,7.23,15.45,NA,NA,0.35,37.60,NA,NA,NA,NA,NA,NA,NA,NA,NA,NA,NA,0.00,NA,NA,NA
2020-08-12 13:00:00,19.54,76.07,8.20,6.71,14.92,NA,NA,0.34,40.18,NA,NA,NA,NA,NA,NA,NA,NA,NA,NA,NA,0.00,NA,NA,NA
2020-08-12 14:00:00,24.90,75.82,8.19,6.60,14.80,NA,NA,0.34,47.11,NA,NA,NA,NA,NA,NA,NA,NA,NA,NA,NA,0.00,NA,NA,NA
2020-08-12 15:00:00,19.29,70.66,8.20,6.59,14.79,NA,NA,0.33,44.04,NA,NA,NA,NA,NA,NA,NA,NA,NA,NA,NA,0.00,NA,NA,NA
2020-08-12 16:00:00,26.46,67.96,8.09,6.51,14.59,NA,NA,0.33,43.04,NA,NA,NA,NA,NA,NA,NA,NA,NA,NA,NA,0.00,NA,NA,NA
2020-08-12 17:00:00,23.74,78.36,8.07,6.78,14.85,NA,NA,0.33,41.44,NA,NA,NA,NA,NA,NA,NA,NA,NA,NA,NA,0.00,NA,NA,NA
2020-08-12 18:00:00,23.74,77.60,8.01,9.11,17.12,NA,NA,0.33,49.25,NA,NA,NA,NA,NA,NA,NA,NA,NA,NA,NA,0.00,NA,NA,NA
2020-08-12 19:00:00,33.93,87.91,7.95,11.61,19.56,NA,NA,0.34,51.22,NA,NA,NA,NA,NA,NA,NA,NA,NA,NA,NA,0.00,NA,NA,NA
2020-08-12 20:00:00,20.23,41.72,7.91,7.61,15.52,NA,NA,0.35,53.67,NA,NA,NA,NA,NA,NA,NA,NA,NA,NA,NA,0.00,NA,NA,NA
2020-08-12 21:00:00,15.71,16.90,7.88,7.88,15.76,NA,NA,0.35,41.74,NA,NA,NA,NA,NA,NA,NA,NA,NA,NA,NA,0.00,NA,NA,NA
2020-08-12 22:00:00,15.61,13.81,7.90,6.15,14.05,NA,NA,0.37,53.75,NA,NA,NA,NA,NA,NA,NA,NA,NA,NA,NA,0.00,NA,NA,NA
2020-08-12 23:00:00,2.48,7.32,7.93,9.35,17.28,NA,NA,0.37,30.95,NA,NA,NA,NA,NA,NA,NA,NA,NA,NA,NA,0.00,NA,NA,NA
2020-08-13 00:00:00,4.20,9.65,8.04,9.98,18.01,NA,NA,0.37,26.59,NA,NA,NA,NA,NA,NA,NA,NA,NA,NA,NA,0.00,NA,NA,NA
2020-08-13 01:00:00,11.79,15.98,8.04,11.29,19.33,NA,NA,0.37,26.05,NA,NA,NA,NA,NA,NA,NA,NA,NA,NA,NA,0.00,NA,NA,NA
2020-08-13 02:00:00,13.58,21.82,8.03,12.57,20.61,NA,NA,0.37,20.43,NA,NA,NA,NA,NA,NA,NA,NA,NA,NA,NA,0.00,NA,NA,NA
2020-08-13 03:00:00,11.16,16.74,8.00,11.83,19.83,NA,NA,0.37,38.47,NA,NA,NA,NA,NA,NA,NA,NA,NA,NA,NA,0.00,NA,NA,NA
2020-08-13 04:00:00,8.78,12.66,10.98,27.21,38.19,NA,NA,0.36,32.65,NA,NA,NA,NA,NA,NA,NA,NA,NA,NA,NA,0.00,NA,NA,NA
2020-08-13 05:00:00,2.47,11.23,8.11,13.92,22.03,NA,NA,0.34,37.17,NA,NA,NA,NA,NA,NA,NA,NA,NA,NA,NA,0.00,NA,NA,NA
2020-08-13 06:00:00,18.54,49.02,7.99,10.33,18.31,NA,NA,0.30,35.12,NA,NA,NA,NA,NA,NA,NA,NA,NA,NA,NA,0.00,NA,NA,NA
2020-08-13 07:00:00,29.96,49.20,8.24,14.39,22.63,NA,NA,0.29,29.22,NA,NA,NA,NA,NA,NA,NA,NA,NA,NA,NA,0.00,NA,NA,NA
2020-08-13 08:00:00,15.36,23.82,36.04,10.99,47.18,NA,NA,0.44,25.41,NA,NA,NA,NA,NA,NA,NA,NA,NA,NA,NA,0.00,NA,NA,NA
2020-08-13 09:00:00,NA,13.28,206.34,63.34,161.90,NA,NA,0.66,23.54,NA,NA,NA,NA,NA,NA,NA,NA,NA,NA,NA,0.00,NA,NA,NA
2020-08-13 10:00:00,NA,NA,308.96,84.55,298.67,NA,NA,0.74,20.20,NA,NA,NA,NA,NA,NA,NA,NA,NA,NA,NA,0.00,NA,NA,NA
2020-08-13 11:00:00,NA,NA,NA,NA,NA,NA,NA,NA,NA,NA,NA,NA,NA,NA,NA,NA,NA,NA,NA,NA,0.00,NA,NA,NA
2020-08-13 12:00:00,NA,NA,NA,NA,NA,NA,NA,NA,NA,NA,NA,NA,NA,NA,NA,NA,NA,NA,NA,NA,0.00,NA,NA,NA
2020-08-13 13:00:00,NA,NA,NA,NA,NA,NA,NA,NA,NA,NA,NA,NA,NA,NA,NA,NA,NA,NA,NA,NA,0.00,NA,NA,NA
2020-08-13 14:00:00,NA,NA,NA,NA,NA,NA,NA,NA,NA,NA,NA,NA,NA,NA,NA,NA,NA,NA,NA,NA,0.00,NA,NA,NA
2020-08-13 15:00:00,NA,NA,NA,NA,NA,NA,NA,NA,NA,NA,NA,NA,NA,NA,NA,NA,NA,NA,NA,NA,0.00,NA,NA,NA
2020-08-13 16:00:00,NA,NA,NA,NA,NA,NA,NA,NA,NA,NA,NA,NA,NA,NA,NA,NA,NA,NA,NA,NA,0.00,NA,NA,NA
2020-08-13 17:00:00,NA,NA,NA,NA,NA,NA,NA,NA,NA,NA,NA,NA,NA,NA,NA,NA,NA,NA,NA,NA,0.00,NA,NA,NA
2020-08-13 18:00:00,NA,NA,NA,NA,NA,NA,NA,NA,NA,NA,NA,NA,NA,NA,NA,NA,NA,NA,NA,NA,0.00,NA,NA,NA
2020-08-13 19:00:00,NA,NA,NA,NA,NA,NA,NA,NA,NA,NA,NA,NA,NA,NA,NA,NA,NA,NA,NA,NA,0.00,NA,NA,NA
2020-08-13 20:00:00,NA,NA,NA,NA,NA,NA,NA,NA,NA,NA,NA,NA,NA,NA,NA,NA,NA,NA,NA,NA,0.00,NA,NA,NA
2020-08-13 21:00:00,NA,NA,NA,NA,NA,NA,NA,NA,NA,NA,NA,NA,NA,NA,NA,NA,NA,NA,NA,NA,0.00,NA,NA,NA
2020-08-13 22:00:00,NA,NA,NA,NA,NA,NA,NA,NA,NA,NA,NA,NA,NA,NA,NA,NA,NA,NA,NA,NA,0.00,NA,NA,NA
2020-08-13 23:00:00,NA,NA,NA,NA,NA,NA,NA,NA,NA,NA,NA,NA,NA,NA,NA,NA,NA,NA,NA,NA,0.00,NA,NA,NA
2020-08-14 00:00:00,NA,NA,NA,NA,NA,NA,NA,NA,NA,NA,NA,NA,NA,NA,NA,NA,NA,NA,NA,NA,0.00,NA,NA,NA
2020-08-14 01:00:00,NA,NA,NA,NA,NA,NA,NA,NA,NA,NA,NA,NA,NA,NA,NA,NA,NA,NA,NA,NA,0.00,NA,NA,NA
2020-08-14 02:00:00,NA,NA,NA,NA,NA,NA,NA,NA,NA,NA,NA,NA,NA,NA,NA,NA,NA,NA,NA,NA,0.00,NA,NA,NA
2020-08-14 03:00:00,NA,NA,NA,NA,NA,NA,NA,NA,NA,NA,NA,NA,NA,NA,NA,NA,NA,NA,NA,NA,0.00,NA,NA,NA
2020-08-14 04:00:00,NA,NA,NA,NA,NA,NA,NA,NA,NA,NA,NA,NA,NA,NA,NA,NA,NA,NA,NA,NA,0.00,NA,NA,NA
2020-08-14 05:00:00,NA,NA,NA,NA,NA,NA,NA,NA,NA,NA,NA,NA,NA,NA,NA,NA,NA,NA,NA,NA,0.00,NA,NA,NA
2020-08-14 06:00:00,NA,NA,NA,NA,NA,NA,NA,NA,NA,NA,NA,NA,NA,NA,NA,NA,NA,NA,NA,NA,0.00,NA,NA,NA
2020-08-14 07:00:00,NA,NA,NA,NA,NA,NA,NA,NA,NA,NA,NA,NA,NA,NA,NA,NA,NA,NA,NA,NA,0.00,NA,NA,NA
2020-08-14 08:00:00,NA,NA,NA,NA,NA,NA,NA,NA,NA,NA,NA,NA,NA,NA,NA,NA,NA,NA,NA,NA,0.00,NA,NA,NA
2020-08-14 09:00:00,NA,NA,NA,NA,NA,NA,NA,NA,NA,NA,NA,NA,NA,NA,NA,NA,NA,NA,NA,NA,0.00,NA,NA,NA
2020-08-14 10:00:00,13.66,14.03,8.25,7.09,15.33,NA,NA,0.55,36.70,NA,NA,NA,NA,NA,NA,NA,NA,NA,NA,NA,0.00,NA,NA,NA
2020-08-14 11:00:00,19.12,39.81,7.98,6.18,14.15,NA,NA,0.52,46.21,NA,NA,NA,NA,NA,NA,NA,NA,NA,NA,NA,0.00,NA,NA,NA
2020-08-14 12:00:00,22.50,35.26,7.93,6.47,14.42,NA,NA,0.49,48.21,NA,NA,NA,NA,NA,NA,NA,NA,NA,NA,NA,0.00,NA,NA,NA
2020-08-14 13:00:00,11.94,28.31,7.90,6.43,14.32,NA,NA,0.48,50.20,NA,NA,NA,NA,NA,NA,NA,NA,NA,NA,NA,0.00,NA,NA,NA
2020-08-14 14:00:00,12.06,18.32,7.81,6.01,13.82,NA,NA,0.47,48.88,NA,NA,NA,NA,NA,NA,NA,NA,NA,NA,NA,0.00,NA,NA,NA
2020-08-14 15:00:00,20.90,24.49,7.70,5.67,13.37,NA,NA,0.46,50.63,NA,NA,NA,NA,NA,NA,NA,NA,NA,NA,NA,0.00,NA,NA,NA
2020-08-14 16:00:00,23.83,32.44,7.74,6.32,14.07,NA,NA,0.46,42.66,NA,NA,NA,NA,NA,NA,NA,NA,NA,NA,NA,0.00,NA,NA,NA
2020-08-14 17:00:00,10.87,25.85,8.09,8.53,16.62,NA,NA,0.46,26.49,NA,NA,NA,NA,NA,NA,NA,NA,NA,NA,NA,0.00,NA,NA,NA
2020-08-14 18:00:00,16.81,18.02,8.00,11.12,19.11,NA,NA,0.47,35.75,NA,NA,NA,NA,NA,NA,NA,NA,NA,NA,NA,0.00,NA,NA,NA
2020-08-14 19:00:00,29.75,46.96,7.64,10.68,18.32,NA,NA,0.48,23.43,NA,NA,NA,NA,NA,NA,NA,NA,NA,NA,NA,0.00,NA,NA,NA
2020-08-14 20:00:00,30.92,47.72,7.73,13.54,21.29,NA,NA,0.49,17.40,NA,NA,NA,NA,NA,NA,NA,NA,NA,NA,NA,0.00,NA,NA,NA
2020-08-14 21:00:00,49.23,64.81,7.73,15.42,23.14,NA,NA,0.51,11.84,NA,NA,NA,NA,NA,NA,NA,NA,NA,NA,NA,0.00,NA,NA,NA
2020-08-14 22:00:00,44.66,65.42,7.89,14.86,22.75,NA,NA,0.54,7.90,NA,NA,NA,NA,NA,NA,NA,NA,NA,NA,NA,0.00,NA,NA,NA
2020-08-14 23:00:00,42.95,57.61,7.73,13.55,21.27,NA,NA,0.58,12.82,NA,NA,NA,NA,NA,NA,NA,NA,NA,NA,NA,0.00,NA,NA,NA
2020-08-15 00:00:00,41.66,52.00,7.67,10.77,18.44,NA,NA,0.61,16.11,NA,NA,NA,NA,NA,NA,NA,NA,NA,NA,NA,0.00,NA,NA,NA
2020-08-15 01:00:00,40.56,54.44,7.69,8.43,16.11,NA,NA,0.64,16.09,NA,NA,NA,NA,NA,NA,NA,NA,NA,NA,NA,0.00,NA,NA,NA
2020-08-15 02:00:00,26.50,40.77,7.59,7.09,14.69,NA,NA,0.65,17.25,NA,NA,NA,NA,NA,NA,NA,NA,NA,NA,NA,0.00,NA,NA,NA
2020-08-15 03:00:00,19.29,31.32,7.60,6.90,14.50,NA,NA,0.66,20.26,NA,NA,NA,NA,NA,NA,NA,NA,NA,NA,NA,0.00,NA,NA,NA
2020-08-15 04:00:00,27.73,40.83,7.64,6.86,14.50,NA,NA,0.65,24.27,NA,NA,NA,NA,NA,NA,NA,NA,NA,NA,NA,0.00,NA,NA,NA
2020-08-15 05:00:00,25.50,36.77,7.63,7.16,14.79,NA,NA,0.63,22.75,NA,NA,NA,NA,NA,NA,NA,NA,NA,NA,NA,0.00,NA,NA,NA
2020-08-15 06:00:00,35.42,43.94,7.68,6.46,14.14,NA,NA,0.62,21.56,NA,NA,NA,NA,NA,NA,NA,NA,NA,NA,NA,0.00,NA,NA,NA
2020-08-15 07:00:00,29.21,42.24,7.98,6.50,14.48,NA,NA,0.61,21.75,NA,NA,NA,NA,NA,NA,NA,NA,NA,NA,NA,0.00,NA,NA,NA
2020-08-15 08:00:00,29.52,31.25,8.12,6.63,14.74,NA,NA,0.60,29.81,NA,NA,NA,NA,NA,NA,NA,NA,NA,NA,NA,0.00,NA,NA,NA
2020-08-15 09:00:00,34.43,45.59,7.81,6.22,14.03,NA,NA,0.59,33.30,NA,NA,NA,NA,NA,NA,NA,NA,NA,NA,NA,0.00,NA,NA,NA
2020-08-15 10:00:00,30.03,33.20,7.83,6.03,13.86,NA,NA,0.58,39.43,NA,NA,NA,NA,NA,NA,NA,NA,NA,NA,NA,0.00,NA,NA,NA
2020-08-15 11:00:00,30.09,45.18,7.79,6.00,13.79,NA,NA,0.56,47.00,NA,NA,NA,NA,NA,NA,NA,NA,NA,NA,NA,0.00,NA,NA,NA
2020-08-15 12:00:00,42.47,45.50,7.69,5.54,13.24,NA,NA,0.55,46.16,NA,NA,NA,NA,NA,NA,NA,NA,NA,NA,NA,0.00,NA,NA,NA
2020-08-15 13:00:00,29.11,44.61,7.70,5.49,13.19,NA,NA,0.53,44.65,NA,NA,NA,NA,NA,NA,NA,NA,NA,NA,NA,0.00,NA,NA,NA
2020-08-15 14:00:00,21.19,33.70,7.72,5.74,13.45,NA,NA,0.52,48.65,NA,NA,NA,NA,NA,NA,NA,NA,NA,NA,NA,0.00,NA,NA,NA
2020-08-15 15:00:00,22.94,34.87,7.73,5.70,13.43,NA,NA,0.51,48.67,NA,NA,NA,NA,NA,NA,NA,NA,NA,NA,NA,0.00,NA,NA,NA
2020-08-15 16:00:00,24.34,40.91,7.68,5.67,13.35,NA,NA,0.50,45.74,NA,NA,NA,NA,NA,NA,NA,NA,NA,NA,NA,0.00,NA,NA,NA
2020-08-15 17:00:00,17.72,35.87,7.72,5.74,13.46,NA,NA,0.50,42.18,NA,NA,NA,NA,NA,NA,NA,NA,NA,NA,NA,0.00,NA,NA,NA
2020-08-15 18:00:00,32.23,41.93,7.66,5.36,13.03,NA,NA,0.49,36.99,NA,NA,NA,NA,NA,NA,NA,NA,NA,NA,NA,0.00,NA,NA,NA
2020-08-15 19:00:00,14.24,18.43,7.62,5.80,13.42,NA,NA,0.50,25.39,NA,NA,NA,NA,NA,NA,NA,NA,NA,NA,NA,0.00,NA,NA,NA
2020-08-15 20:00:00,4.65,25.09,7.64,6.56,14.20,NA,NA,0.51,21.91,NA,NA,NA,NA,NA,NA,NA,NA,NA,NA,NA,0.00,NA,NA,NA
2020-08-15 21:00:00,14.75,17.20,7.63,7.06,14.69,NA,NA,0.52,31.58,NA,NA,NA,NA,NA,NA,NA,NA,NA,NA,NA,0.00,NA,NA,NA
2020-08-15 22:00:00,27.75,34.93,7.60,7.23,14.83,NA,NA,0.53,24.19,NA,NA,NA,NA,NA,NA,NA,NA,NA,NA,NA,0.00,NA,NA,NA
2020-08-15 23:00:00,28.83,34.28,7.69,7.03,14.72,NA,NA,0.55,19.43,NA,NA,NA,NA,NA,NA,NA,NA,NA,NA,NA,0.00,NA,NA,NA
2020-08-16 00:00:00,33.71,39.25,7.62,7.15,14.76,NA,NA,0.56,16.05,NA,NA,NA,NA,NA,NA,NA,NA,NA,NA,NA,0.00,NA,NA,NA
2020-08-16 01:00:00,22.07,32.75,7.65,6.14,13.79,NA,NA,0.56,20.10,NA,NA,NA,NA,NA,NA,NA,NA,NA,NA,NA,0.00,NA,NA,NA
2020-08-16 02:00:00,20.33,27.25,7.63,6.30,13.94,NA,NA,0.58,18.08,NA,NA,NA,NA,NA,NA,NA,NA,NA,NA,NA,0.00,NA,NA,NA
2020-08-16 03:00:00,19.58,27.89,7.62,7.30,14.92,NA,NA,0.61,13.91,NA,NA,NA,NA,NA,NA,NA,NA,NA,NA,NA,0.00,NA,NA,NA
2020-08-16 04:00:00,28.15,47.97,7.72,8.05,15.77,NA,NA,0.60,10.97,NA,NA,NA,NA,NA,NA,NA,NA,NA,NA,NA,0.00,NA,NA,NA
2020-08-16 05:00:00,27.42,45.53,7.69,8.41,16.09,NA,NA,0.61,13.55,NA,NA,NA,NA,NA,NA,NA,NA,NA,NA,NA,0.00,NA,NA,NA
2020-08-16 06:00:00,16.00,23.15,7.64,6.49,14.13,NA,NA,0.60,21.01,NA,NA,NA,NA,NA,NA,NA,NA,NA,NA,NA,0.00,NA,NA,NA
2020-08-16 07:00:00,9.35,8.61,7.83,6.03,13.86,NA,NA,0.59,23.81,NA,NA,NA,NA,NA,NA,NA,NA,NA,NA,NA,0.00,NA,NA,NA
2020-08-16 08:00:00,3.97,14.76,8.15,6.36,14.50,NA,NA,0.59,23.20,NA,NA,NA,NA,NA,NA,NA,NA,NA,NA,NA,0.00,NA,NA,NA
2020-08-16 09:00:00,18.38,20.76,8.05,5.77,13.82,NA,NA,0.58,28.45,NA,NA,NA,NA,NA,NA,NA,NA,NA,NA,NA,0.00,NA,NA,NA
2020-08-16 10:00:00,28.95,43.31,7.80,6.02,13.82,NA,NA,0.58,37.81,NA,NA,NA,NA,NA,NA,NA,NA,NA,NA,NA,0.00,NA,NA,NA
2020-08-16 11:00:00,21.57,29.61,7.87,6.28,14.15,NA,NA,0.57,37.54,NA,NA,NA,NA,NA,NA,NA,NA,NA,NA,NA,0.00,NA,NA,NA
2020-08-16 12:00:00,19.46,29.15,7.79,6.68,14.47,NA,NA,0.56,47.82,NA,NA,NA,NA,NA,NA,NA,NA,NA,NA,NA,0.00,NA,NA,NA
2020-08-16 13:00:00,23.42,48.02,7.70,6.29,13.99,NA,NA,0.55,46.83,NA,NA,NA,NA,NA,NA,NA,NA,NA,NA,NA,0.00,NA,NA,NA
2020-08-16 14:00:00,10.91,14.21,7.72,5.98,13.70,NA,NA,0.54,38.43,NA,NA,NA,NA,NA,NA,NA,NA,NA,NA,NA,0.00,NA,NA,NA
2020-08-16 15:00:00,19.11,27.65,7.80,6.05,13.85,NA,NA,0.52,38.48,NA,NA,NA,NA,NA,NA,NA,NA,NA,NA,NA,0.00,NA,NA,NA
2020-08-16 16:00:00,16.79,32.10,7.77,6.21,13.99,NA,NA,0.52,41.19,NA,NA,NA,NA,NA,NA,NA,NA,NA,NA,NA,0.00,NA,NA,NA
2020-08-16 17:00:00,21.62,37.46,7.87,7.76,15.63,NA,NA,0.51,34.78,NA,NA,NA,NA,NA,NA,NA,NA,NA,NA,NA,0.00,NA,NA,NA
2020-08-16 18:00:00,20.43,45.83,7.75,9.07,16.82,NA,NA,0.52,27.50,NA,NA,NA,NA,NA,NA,NA,NA,NA,NA,NA,0.00,NA,NA,NA
2020-08-16 19:00:00,18.45,36.22,7.65,10.36,18.01,NA,NA,0.66,21.00,NA,NA,NA,NA,NA,NA,NA,NA,NA,NA,NA,0.00,NA,NA,NA
2020-08-16 20:00:00,25.25,49.97,7.60,10.39,17.99,NA,NA,0.69,22.46,NA,NA,NA,NA,NA,NA,NA,NA,NA,NA,NA,0.00,NA,NA,NA
2020-08-16 21:00:00,36.61,61.61,7.72,12.11,19.83,NA,NA,0.70,14.55,NA,NA,NA,NA,NA,NA,NA,NA,NA,NA,NA,0.00,NA,NA,NA
2020-08-16 22:00:00,39.32,79.07,7.74,13.22,20.96,NA,NA,0.74,11.95,NA,NA,NA,NA,NA,NA,NA,NA,NA,NA,NA,0.00,NA,NA,NA
2020-08-16 23:00:00,40.91,75.88,7.77,11.30,19.07,NA,NA,0.76,14.13,NA,NA,NA,NA,NA,NA,NA,NA,NA,NA,NA,0.00,NA,NA,NA
2020-08-17 00:00:00,42.48,69.84,7.84,9.42,17.26,NA,NA,0.82,12.70,NA,NA,NA,NA,NA,NA,NA,NA,NA,NA,NA,0.00,NA,NA,NA
2020-08-17 01:00:00,45.46,67.96,7.78,10.84,18.62,NA,NA,0.81,10.98,NA,NA,NA,NA,NA,NA,NA,NA,NA,NA,NA,0.00,NA,NA,NA
2020-08-17 02:00:00,68.20,95.74,7.77,9.44,17.21,NA,NA,0.81,7.08,NA,NA,NA,NA,NA,NA,NA,NA,NA,NA,NA,0.00,NA,NA,NA
2020-08-17 03:00:00,49.67,70.25,7.81,9.70,17.51,NA,NA,0.80,4.12,NA,NA,NA,NA,NA,NA,NA,NA,NA,NA,NA,0.00,NA,NA,NA
2020-08-17 04:00:00,41.68,73.59,7.97,10.02,17.99,NA,NA,0.80,6.02,NA,NA,NA,NA,NA,NA,NA,NA,NA,NA,NA,0.00,NA,NA,NA
2020-08-17 05:00:00,38.45,49.77,7.86,8.84,16.70,NA,NA,0.80,11.56,NA,NA,NA,NA,NA,NA,NA,NA,NA,NA,NA,0.00,NA,NA,NA
2020-08-17 06:00:00,39.24,55.71,7.98,8.25,16.23,NA,NA,0.81,11.63,NA,NA,NA,NA,NA,NA,NA,NA,NA,NA,NA,0.00,NA,NA,NA
2020-08-17 07:00:00,24.82,33.00,8.32,7.11,15.43,NA,NA,0.80,13.81,NA,NA,NA,NA,NA,NA,NA,NA,NA,NA,NA,0.00,NA,NA,NA
2020-08-17 08:00:00,32.02,37.87,8.40,7.60,16.00,NA,NA,0.79,20.23,NA,NA,NA,NA,NA,NA,NA,NA,NA,NA,NA,0.00,NA,NA,NA
2020-08-17 09:00:00,38.52,57.63,8.25,7.76,16.01,NA,NA,0.78,26.88,NA,NA,NA,NA,NA,NA,NA,NA,NA,NA,NA,0.00,NA,NA,NA
2020-08-17 10:00:00,32.26,40.61,7.98,7.32,15.31,NA,NA,0.76,30.42,NA,NA,NA,NA,NA,NA,NA,NA,NA,NA,NA,0.00,NA,NA,NA
2020-08-17 11:00:00,34.52,40.47,7.89,7.22,15.11,NA,NA,0.74,34.54,NA,NA,NA,NA,NA,NA,NA,NA,NA,NA,NA,0.00,NA,NA,NA
2020-08-17 12:00:00,23.79,39.94,7.82,7.01,14.84,NA,NA,0.71,38.81,NA,NA,NA,NA,NA,NA,NA,NA,NA,NA,NA,0.00,NA,NA,NA
2020-08-17 13:00:00,38.46,44.50,7.94,7.43,15.37,NA,NA,0.69,37.01,NA,NA,NA,NA,NA,NA,NA,NA,NA,NA,NA,0.00,NA,NA,NA
2020-08-17 14:00:00,18.25,35.62,7.83,7.20,15.03,NA,NA,0.68,36.81,NA,NA,NA,NA,NA,NA,NA,NA,NA,NA,NA,0.00,NA,NA,NA
2020-08-17 15:00:00,27.45,40.03,7.99,7.82,15.81,NA,NA,0.67,26.27,NA,NA,NA,NA,NA,NA,NA,NA,NA,NA,NA,0.00,NA,NA,NA
2020-08-17 16:00:00,18.97,26.52,7.87,10.37,18.24,NA,NA,0.67,31.53,NA,NA,NA,NA,NA,NA,NA,NA,NA,NA,NA,0.00,NA,NA,NA
2020-08-17 17:00:00,42.34,45.74,7.94,14.86,22.81,NA,NA,0.69,32.50,NA,NA,NA,NA,NA,NA,NA,NA,NA,NA,NA,0.00,NA,NA,NA
2020-08-17 18:00:00,10.66,17.49,7.95,17.31,25.25,NA,NA,0.64,20.43,NA,NA,NA,NA,NA,NA,NA,NA,NA,NA,NA,0.00,NA,NA,NA
2020-08-17 19:00:00,21.86,35.00,7.94,20.06,28.00,NA,NA,0.70,9.14,NA,NA,NA,NA,NA,NA,NA,NA,NA,NA,NA,0.00,NA,NA,NA
2020-08-17 20:00:00,24.80,49.61,7.91,18.52,26.43,NA,NA,0.73,7.72,NA,NA,NA,NA,NA,NA,NA,NA,NA,NA,NA,0.00,NA,NA,NA
2020-08-17 21:00:00,38.32,89.62,8.03,15.83,23.86,NA,NA,0.76,6.63,NA,NA,NA,NA,NA,NA,NA,NA,NA,NA,NA,0.00,NA,NA,NA
2020-08-17 22:00:00,36.01,85.45,7.82,15.96,23.78,NA,NA,0.79,11.37,NA,NA,NA,NA,NA,NA,NA,NA,NA,NA,NA,0.00,NA,NA,NA
2020-08-17 23:00:00,25.31,63.81,8.21,13.56,21.78,NA,NA,0.80,9.58,NA,NA,NA,NA,NA,NA,NA,NA,NA,NA,NA,0.00,NA,NA,NA
2020-08-18 00:00:00,29.98,72.68,9.41,11.64,21.04,NA,NA,0.79,5.45,NA,NA,NA,NA,NA,NA,NA,NA,NA,NA,NA,0.00,NA,NA,NA
2020-08-18 01:00:00,25.79,67.09,15.72,14.27,30.00,NA,NA,0.78,4.11,NA,NA,NA,NA,NA,NA,NA,NA,NA,NA,NA,0.00,NA,NA,NA
2020-08-18 02:00:00,29.65,70.95,12.28,12.84,25.13,NA,NA,0.78,4.53,NA,NA,NA,NA,NA,NA,NA,NA,NA,NA,NA,0.00,NA,NA,NA
2020-08-18 03:00:00,31.45,84.69,8.46,11.28,19.75,NA,NA,0.77,4.76,NA,NA,NA,NA,NA,NA,NA,NA,NA,NA,NA,0.00,NA,NA,NA
2020-08-18 04:00:00,33.35,71.92,8.55,10.10,18.66,NA,NA,0.76,4.54,NA,NA,NA,NA,NA,NA,NA,NA,NA,NA,NA,0.00,NA,NA,NA
2020-08-18 05:00:00,41.94,67.63,8.43,9.78,18.21,NA,NA,0.76,5.51,NA,NA,NA,NA,NA,NA,NA,NA,NA,NA,NA,0.00,NA,NA,NA
2020-08-18 06:00:00,35.07,53.15,8.22,10.63,18.85,NA,NA,0.82,10.27,NA,NA,NA,NA,NA,NA,NA,NA,NA,NA,NA,0.00,NA,NA,NA
2020-08-18 07:00:00,48.89,71.30,8.91,8.60,17.51,NA,NA,0.81,8.91,NA,NA,NA,NA,NA,NA,NA,NA,NA,NA,NA,0.00,NA,NA,NA
2020-08-18 08:00:00,30.82,47.19,8.65,8.15,16.80,NA,NA,0.82,16.23,NA,NA,NA,NA,NA,NA,NA,NA,NA,NA,NA,0.00,NA,NA,NA
2020-08-18 09:00:00,41.33,60.81,8.20,8.38,16.58,NA,NA,0.80,24.36,NA,NA,NA,NA,NA,NA,NA,NA,NA,NA,NA,0.00,NA,NA,NA
2020-08-18 10:00:00,37.78,61.39,8.11,8.20,16.31,NA,NA,0.79,27.43,NA,NA,NA,NA,NA,NA,NA,NA,NA,NA,NA,0.00,NA,NA,NA
2020-08-18 11:00:00,36.44,47.34,7.97,7.95,15.92,NA,NA,0.76,35.57,NA,NA,NA,NA,NA,NA,NA,NA,NA,NA,NA,0.00,NA,NA,NA
2020-08-18 12:00:00,28.62,37.38,7.83,7.50,15.33,NA,NA,0.74,41.38,NA,NA,NA,NA,NA,NA,NA,NA,NA,NA,NA,0.00,NA,NA,NA
2020-08-18 13:00:00,23.38,38.06,7.85,9.05,16.91,NA,NA,0.66,42.79,NA,NA,NA,NA,NA,NA,NA,NA,NA,NA,NA,0.00,NA,NA,NA
2020-08-18 14:00:00,25.82,49.22,7.95,12.97,20.93,NA,NA,0.63,40.66,NA,NA,NA,NA,NA,NA,NA,NA,NA,NA,NA,0.00,NA,NA,NA
2020-08-18 15:00:00,29.86,60.56,8.05,11.84,19.89,NA,NA,0.60,35.46,NA,NA,NA,NA,NA,NA,NA,NA,NA,NA,NA,0.00,NA,NA,NA
2020-08-18 16:00:00,4.49,9.39,9.08,14.66,23.73,NA,NA,0.69,23.99,NA,NA,NA,NA,NA,NA,NA,NA,NA,NA,NA,0.00,NA,NA,NA
2020-08-18 17:00:00,14.57,13.78,8.95,16.56,25.51,NA,NA,0.70,25.70,NA,NA,NA,NA,NA,NA,NA,NA,NA,NA,NA,0.00,NA,NA,NA
2020-08-18 18:00:00,7.87,30.43,8.12,14.64,22.76,NA,NA,0.69,30.13,NA,NA,NA,NA,NA,NA,NA,NA,NA,NA,NA,0.00,NA,NA,NA
2020-08-18 19:00:00,10.43,25.98,7.81,14.90,22.71,NA,NA,0.69,24.24,NA,NA,NA,NA,NA,NA,NA,NA,NA,NA,NA,0.00,NA,NA,NA
2020-08-18 20:00:00,8.43,29.10,7.96,16.91,24.87,NA,NA,0.70,12.37,NA,NA,NA,NA,NA,NA,NA,NA,NA,NA,NA,0.00,NA,NA,NA
2020-08-18 21:00:00,18.17,41.23,8.51,15.80,24.32,NA,NA,0.72,8.00,NA,NA,NA,NA,NA,NA,NA,NA,NA,NA,NA,0.00,NA,NA,NA
2020-08-18 22:00:00,13.09,32.42,8.03,14.09,22.12,NA,NA,0.74,10.46,NA,NA,NA,NA,NA,NA,NA,NA,NA,NA,NA,0.00,NA,NA,NA
2020-08-18 23:00:00,19.31,30.37,7.89,13.54,21.43,NA,NA,0.73,13.24,NA,NA,NA,NA,NA,NA,NA,NA,NA,NA,NA,0.00,NA,NA,NA
2020-08-19 00:00:00,23.64,27.61,8.03,11.88,19.91,NA,NA,0.73,8.73,NA,NA,NA,NA,NA,NA,NA,NA,NA,NA,NA,0.00,NA,NA,NA
2020-08-19 01:00:00,21.14,30.93,7.98,12.37,20.36,NA,NA,0.72,12.09,NA,NA,NA,NA,NA,NA,NA,NA,NA,NA,NA,0.00,NA,NA,NA
2020-08-19 02:00:00,24.36,47.33,8.19,12.20,20.40,NA,NA,0.71,6.84,NA,NA,NA,NA,NA,NA,NA,NA,NA,NA,NA,0.00,NA,NA,NA
2020-08-19 03:00:00,26.07,47.91,8.32,12.98,21.29,NA,NA,0.71,7.98,NA,NA,NA,NA,NA,NA,NA,NA,NA,NA,NA,0.00,NA,NA,NA
2020-08-19 04:00:00,24.03,45.82,8.49,13.57,22.06,NA,NA,0.71,8.96,NA,NA,NA,NA,NA,NA,NA,NA,NA,NA,NA,0.00,NA,NA,NA
2020-08-19 05:00:00,16.67,28.12,8.05,11.89,19.95,NA,NA,0.70,9.99,NA,NA,NA,NA,NA,NA,NA,NA,NA,NA,NA,0.00,NA,NA,NA
2020-08-19 06:00:00,14.33,30.77,7.86,9.47,17.32,NA,NA,0.62,13.08,NA,NA,NA,NA,NA,NA,NA,NA,NA,NA,NA,0.00,NA,NA,NA
2020-08-19 07:00:00,18.09,24.79,8.42,10.81,19.23,NA,NA,0.61,10.12,NA,NA,NA,NA,NA,NA,NA,NA,NA,NA,NA,0.00,NA,NA,NA
2020-08-19 08:00:00,14.36,24.89,8.06,9.06,17.11,NA,NA,0.59,16.35,NA,NA,NA,NA,NA,NA,NA,NA,NA,NA,NA,0.00,NA,NA,NA
2020-08-19 09:00:00,11.46,13.89,7.89,10.82,18.72,NA,NA,0.58,38.25,NA,NA,NA,NA,NA,NA,NA,NA,NA,NA,NA,0.00,NA,NA,NA
2020-08-19 10:00:00,5.94,5.29,7.75,12.24,20.01,NA,NA,0.65,53.89,NA,NA,NA,NA,NA,NA,NA,NA,NA,NA,NA,0.00,NA,NA,NA
2020-08-19 11:00:00,9.97,0.53,7.87,13.20,21.05,NA,NA,0.62,40.35,NA,NA,NA,NA,NA,NA,NA,NA,NA,NA,NA,0.00,NA,NA,NA
2020-08-19 12:00:00,1.30,13.22,8.31,16.39,24.75,NA,NA,0.61,33.77,NA,NA,NA,NA,NA,NA,NA,NA,NA,NA,NA,0.00,NA,NA,NA
2020-08-19 13:00:00,17.00,14.02,8.89,21.90,30.77,NA,NA,0.61,31.64,NA,NA,NA,NA,NA,NA,NA,NA,NA,NA,NA,0.00,NA,NA,NA
2020-08-19 14:00:00,7.19,15.73,9.27,21.83,31.08,NA,NA,0.62,30.17,NA,NA,NA,NA,NA,NA,NA,NA,NA,NA,NA,0.00,NA,NA,NA
2020-08-19 15:00:00,19.89,20.36,9.01,19.73,28.76,NA,NA,0.63,31.53,NA,NA,NA,NA,NA,NA,NA,NA,NA,NA,NA,0.00,NA,NA,NA
2020-08-19 16:00:00,41.88,48.95,8.77,20.42,29.18,NA,NA,0.64,25.48,NA,NA,NA,NA,NA,NA,NA,NA,NA,NA,NA,0.00,NA,NA,NA
2020-08-19 17:00:00,28.91,58.64,8.64,20.69,29.34,NA,NA,0.66,17.23,NA,NA,NA,NA,NA,NA,NA,NA,NA,NA,NA,0.00,NA,NA,NA
2020-08-19 18:00:00,37.82,57.70,8.46,19.89,28.34,NA,NA,0.68,17.08,NA,NA,NA,NA,NA,NA,NA,NA,NA,NA,NA,0.00,NA,NA,NA
2020-08-19 19:00:00,24.13,37.28,8.06,16.67,24.70,NA,NA,0.69,9.58,NA,NA,NA,NA,NA,NA,NA,NA,NA,NA,NA,0.00,NA,NA,NA
2020-08-19 20:00:00,21.70,36.71,8.33,14.93,23.27,NA,NA,0.71,5.95,NA,NA,NA,NA,NA,NA,NA,NA,NA,NA,NA,0.00,NA,NA,NA
2020-08-19 21:00:00,42.25,45.18,8.35,17.94,26.30,NA,NA,0.74,8.00,NA,NA,NA,NA,NA,NA,NA,NA,NA,NA,NA,0.00,NA,NA,NA
2020-08-19 22:00:00,47.97,50.09,8.61,22.27,30.89,NA,NA,0.78,4.81,NA,NA,NA,NA,NA,NA,NA,NA,NA,NA,NA,0.00,NA,NA,NA
2020-08-19 23:00:00,33.54,42.55,8.01,19.47,27.46,NA,NA,0.81,7.07,NA,NA,NA,NA,NA,NA,NA,NA,NA,NA,NA,0.00,NA,NA,NA
2020-08-20 00:00:00,31.77,21.09,7.86,13.84,21.70,NA,NA,0.86,11.68,NA,NA,NA,NA,NA,NA,NA,NA,NA,NA,NA,0.00,NA,NA,NA
2020-08-20 01:00:00,31.52,40.35,7.88,12.04,19.92,NA,NA,0.82,14.53,NA,NA,NA,NA,NA,NA,NA,NA,NA,NA,NA,0.00,NA,NA,NA
2020-08-20 02:00:00,19.75,38.27,7.75,10.36,18.10,NA,NA,0.88,17.34,NA,NA,NA,NA,NA,NA,NA,NA,NA,NA,NA,0.00,NA,NA,NA
2020-08-20 03:00:00,20.51,24.52,7.81,8.90,16.71,NA,NA,0.85,29.97,NA,NA,NA,NA,NA,NA,NA,NA,NA,NA,NA,0.00,NA,NA,NA
2020-08-20 04:00:00,8.57,5.20,7.88,7.90,15.77,NA,NA,0.78,56.09,NA,NA,NA,NA,NA,NA,NA,NA,NA,NA,NA,0.00,NA,NA,NA
2020-08-20 05:00:00,3.90,3.09,12.36,11.65,24.01,NA,NA,0.74,48.91,NA,NA,NA,NA,NA,NA,NA,NA,NA,NA,NA,0.00,NA,NA,NA
2020-08-20 06:00:00,6.76,8.50,12.86,16.98,29.84,NA,NA,0.72,36.50,NA,NA,NA,NA,NA,NA,NA,NA,NA,NA,NA,0.00,NA,NA,NA
2020-08-20 07:00:00,5.70,9.01,11.50,26.16,37.66,NA,NA,0.67,41.57,NA,NA,NA,NA,NA,NA,NA,NA,NA,NA,NA,0.00,NA,NA,NA
2020-08-20 08:00:00,3.72,4.51,10.56,16.66,27.22,NA,NA,0.66,58.36,NA,NA,NA,NA,NA,NA,NA,NA,NA,NA,NA,0.00,NA,NA,NA
2020-08-20 09:00:00,0.86,4.03,9.48,13.26,22.74,NA,NA,0.66,59.20,NA,NA,NA,NA,NA,NA,NA,NA,NA,NA,NA,0.00,NA,NA,NA
2020-08-20 10:00:00,2.40,3.26,8.82,12.14,20.96,NA,NA,0.65,52.51,NA,NA,NA,NA,NA,NA,NA,NA,NA,NA,NA,0.00,NA,NA,NA
2020-08-20 11:00:00,4.76,11.66,8.22,11.11,19.33,NA,NA,0.64,43.67,NA,NA,NA,NA,NA,NA,NA,NA,NA,NA,NA,0.00,NA,NA,NA
2020-08-20 12:00:00,8.96,12.86,8.69,12.05,20.74,NA,NA,0.64,35.38,NA,NA,NA,NA,NA,NA,NA,NA,NA,NA,NA,0.00,NA,NA,NA
2020-08-20 13:00:00,19.88,18.40,8.52,11.43,19.95,NA,NA,0.63,42.24,NA,NA,NA,NA,NA,NA,NA,NA,NA,NA,NA,0.00,NA,NA,NA
2020-08-20 14:00:00,16.92,20.71,8.26,12.65,20.91,NA,NA,0.63,44.09,NA,NA,NA,NA,NA,NA,NA,NA,NA,NA,NA,0.00,NA,NA,NA
2020-08-20 15:00:00,48.74,56.52,8.83,17.23,26.07,NA,NA,0.63,42.06,NA,NA,NA,NA,NA,NA,NA,NA,NA,NA,NA,0.00,NA,NA,NA
2020-08-20 16:00:00,38.02,54.49,8.50,17.47,25.97,NA,NA,0.61,36.36,NA,NA,NA,NA,NA,NA,NA,NA,NA,NA,NA,0.00,NA,NA,NA
2020-08-20 17:00:00,NA,NA,NA,NA,NA,NA,NA,NA,NA,NA,NA,NA,NA,NA,NA,NA,NA,NA,NA,NA,0.00,NA,NA,NA
2020-08-20 18:00:00,NA,NA,NA,NA,NA,NA,NA,NA,NA,NA,NA,NA,NA,NA,NA,NA,NA,NA,NA,NA,0.00,NA,NA,NA
2020-08-20 19:00:00,NA,NA,NA,NA,NA,NA,NA,NA,NA,NA,NA,NA,NA,NA,NA,NA,NA,NA,NA,NA,0.00,NA,NA,NA
2020-08-20 20:00:00,NA,NA,NA,NA,NA,NA,NA,NA,NA,NA,NA,NA,NA,NA,NA,NA,NA,NA,NA,NA,0.00,NA,NA,NA
2020-08-20 21:00:00,NA,NA,NA,NA,NA,NA,NA,NA,NA,NA,NA,NA,NA,NA,NA,NA,NA,NA,NA,NA,0.00,NA,NA,NA
2020-08-20 22:00:00,NA,NA,NA,NA,NA,NA,NA,NA,NA,NA,NA,NA,NA,NA,NA,NA,NA,NA,NA,NA,0.00,NA,NA,NA
2020-08-20 23:00:00,NA,NA,NA,NA,NA,NA,NA,NA,NA,NA,NA,NA,NA,NA,NA,NA,NA,NA,NA,NA,0.00,NA,NA,NA
2020-08-21 00:00:00,NA,NA,NA,NA,NA,NA,NA,NA,NA,NA,NA,NA,NA,NA,NA,NA,NA,NA,NA,NA,0.00,NA,NA,NA
2020-08-21 01:00:00,NA,NA,NA,NA,NA,NA,NA,NA,NA,NA,NA,NA,NA,NA,NA,NA,NA,NA,NA,NA,0.00,NA,NA,NA
2020-08-21 02:00:00,NA,NA,NA,NA,NA,NA,NA,NA,NA,NA,NA,NA,NA,NA,NA,NA,NA,NA,NA,NA,0.00,NA,NA,NA
2020-08-21 03:00:00,NA,NA,NA,NA,NA,NA,NA,NA,NA,NA,NA,NA,NA,NA,NA,NA,NA,NA,NA,NA,0.00,NA,NA,NA
2020-08-21 04:00:00,NA,NA,NA,NA,NA,NA,NA,NA,NA,NA,NA,NA,NA,NA,NA,NA,NA,NA,NA,NA,0.00,NA,NA,NA
2020-08-21 05:00:00,NA,NA,NA,NA,NA,NA,NA,NA,NA,NA,NA,NA,NA,NA,NA,NA,NA,NA,NA,NA,0.00,NA,NA,NA
2020-08-21 06:00:00,NA,NA,NA,NA,NA,NA,NA,NA,NA,NA,NA,NA,NA,NA,NA,NA,NA,NA,NA,NA,0.00,NA,NA,NA
2020-08-21 07:00:00,NA,NA,NA,NA,NA,NA,NA,NA,NA,NA,NA,NA,NA,NA,NA,NA,NA,NA,NA,NA,0.00,NA,NA,NA
2020-08-21 08:00:00,NA,NA,NA,NA,NA,NA,NA,NA,NA,NA,NA,NA,NA,NA,NA,NA,NA,NA,NA,NA,0.00,NA,NA,NA
2020-08-21 09:00:00,NA,NA,NA,NA,NA,NA,NA,NA,NA,NA,NA,NA,NA,NA,NA,NA,NA,NA,NA,NA,0.00,NA,NA,NA
2020-08-21 10:00:00,32.02,43.24,230.36,65.84,296.27,NA,NA,2.63,6.06,NA,NA,NA,NA,NA,NA,NA,NA,NA,NA,NA,0.00,NA,NA,NA
2020-08-21 11:00:00,8.04,NA,69.72,31.81,144.33,NA,NA,1.88,NA,NA,NA,NA,NA,NA,NA,NA,NA,NA,NA,NA,0.00,NA,NA,NA
2020-08-21 12:00:00,NA,NA,37.55,101.78,157.33,NA,NA,1.62,18.93,NA,NA,NA,NA,NA,NA,NA,NA,NA,NA,NA,0.00,NA,NA,NA
2020-08-21 13:00:00,NA,NA,12.94,31.89,44.80,NA,NA,0.92,1.04,NA,NA,NA,NA,NA,NA,NA,NA,NA,NA,NA,0.00,NA,NA,NA
2020-08-21 14:00:00,NA,NA,7.80,26.51,34.31,NA,NA,0.54,26.75,NA,NA,NA,NA,NA,NA,NA,NA,NA,NA,NA,0.00,NA,NA,NA
2020-08-21 15:00:00,NA,NA,7.78,23.27,31.04,NA,NA,0.55,32.21,NA,NA,NA,NA,NA,NA,NA,NA,NA,NA,NA,0.00,NA,NA,NA
2020-08-21 16:00:00,NA,NA,7.84,20.50,28.33,NA,NA,0.57,37.12,NA,NA,NA,NA,NA,NA,NA,NA,NA,NA,NA,0.00,NA,NA,NA
2020-08-21 17:00:00,NA,10.66,8.08,18.54,26.61,NA,NA,0.56,34.67,NA,NA,NA,NA,NA,NA,NA,NA,NA,NA,NA,0.00,NA,NA,NA
2020-08-21 18:00:00,2.66,1.71,7.86,16.80,24.66,NA,NA,0.53,30.02,NA,NA,NA,NA,NA,NA,NA,NA,NA,NA,NA,0.00,NA,NA,NA
2020-08-21 19:00:00,11.26,0.26,7.89,16.48,24.37,NA,NA,0.57,18.01,NA,NA,NA,NA,NA,NA,NA,NA,NA,NA,NA,0.00,NA,NA,NA
2020-08-21 20:00:00,10.29,13.48,8.24,18.85,27.08,NA,NA,0.62,15.08,NA,NA,NA,NA,NA,NA,NA,NA,NA,NA,NA,0.00,NA,NA,NA
2020-08-21 21:00:00,12.24,3.80,8.30,20.09,28.39,NA,NA,0.62,12.10,NA,NA,NA,NA,NA,NA,NA,NA,NA,NA,NA,0.00,NA,NA,NA
2020-08-21 22:00:00,23.03,6.59,8.47,21.29,29.76,NA,NA,0.63,10.44,NA,NA,NA,NA,NA,NA,NA,NA,NA,NA,NA,0.00,NA,NA,NA
2020-08-21 23:00:00,15.95,14.29,8.40,20.25,28.65,NA,NA,0.64,7.68,NA,NA,NA,NA,NA,NA,NA,NA,NA,NA,NA,0.00,NA,NA,NA
2020-08-22 00:00:00,5.87,10.10,8.49,19.78,28.27,NA,NA,0.72,7.73,NA,NA,NA,NA,NA,NA,NA,NA,NA,NA,NA,0.00,NA,NA,NA
2020-08-22 01:00:00,6.79,21.32,8.37,18.15,26.53,NA,NA,0.61,9.60,NA,NA,NA,NA,NA,NA,NA,NA,NA,NA,NA,0.00,NA,NA,NA
2020-08-22 02:00:00,9.98,22.38,8.65,17.73,26.38,NA,NA,0.55,6.90,NA,NA,NA,NA,NA,NA,NA,NA,NA,NA,NA,0.00,NA,NA,NA
2020-08-22 03:00:00,13.19,23.14,8.86,17.89,26.75,NA,NA,0.48,9.83,NA,NA,NA,NA,NA,NA,NA,NA,NA,NA,NA,0.00,NA,NA,NA
2020-08-22 04:00:00,3.23,16.41,8.15,13.49,21.64,NA,NA,0.42,16.69,NA,NA,NA,NA,NA,NA,NA,NA,NA,NA,NA,0.00,NA,NA,NA
2020-08-22 05:00:00,7.80,16.32,8.02,12.31,20.33,NA,NA,0.42,15.90,NA,NA,NA,NA,NA,NA,NA,NA,NA,NA,NA,0.00,NA,NA,NA
2020-08-22 06:00:00,6.52,17.53,8.22,12.23,20.45,NA,NA,0.39,14.53,NA,NA,NA,NA,NA,NA,NA,NA,NA,NA,NA,0.00,NA,NA,NA
2020-08-22 07:00:00,3.57,8.69,8.54,11.61,20.16,NA,NA,0.40,18.73,NA,NA,NA,NA,NA,NA,NA,NA,NA,NA,NA,0.00,NA,NA,NA
2020-08-22 08:00:00,17.03,30.73,8.18,9.65,17.82,NA,NA,0.38,26.81,NA,NA,NA,NA,NA,NA,NA,NA,NA,NA,NA,0.00,NA,NA,NA
2020-08-22 09:00:00,16.29,25.37,8.05,8.84,16.89,NA,NA,0.37,32.87,NA,NA,NA,NA,NA,NA,NA,NA,NA,NA,NA,0.00,NA,NA,NA
2020-08-22 10:00:00,15.18,32.06,7.88,8.32,16.20,NA,NA,0.37,37.36,NA,NA,NA,NA,NA,NA,NA,NA,NA,NA,NA,0.00,NA,NA,NA
2020-08-22 11:00:00,16.36,26.74,7.86,8.13,15.99,NA,NA,0.37,39.36,NA,NA,NA,NA,NA,NA,NA,NA,NA,NA,NA,0.00,NA,NA,NA
2020-08-22 12:00:00,13.95,32.40,7.83,7.65,15.49,NA,NA,0.36,41.98,NA,NA,NA,NA,NA,NA,NA,NA,NA,NA,NA,0.00,NA,NA,NA
2020-08-22 13:00:00,15.06,28.43,7.77,7.68,15.46,NA,NA,0.36,42.54,NA,NA,NA,NA,NA,NA,NA,NA,NA,NA,NA,0.00,NA,NA,NA
2020-08-22 14:00:00,11.07,24.68,7.89,8.01,15.89,NA,NA,0.36,42.54,NA,NA,NA,NA,NA,NA,NA,NA,NA,NA,NA,0.00,NA,NA,NA
2020-08-22 15:00:00,16.03,27.19,8.01,8.25,16.26,NA,NA,0.36,41.93,NA,NA,NA,NA,NA,NA,NA,NA,NA,NA,NA,0.00,NA,NA,NA
2020-08-22 16:00:00,25.13,33.78,8.02,8.67,16.69,NA,NA,0.31,41.27,NA,NA,NA,NA,NA,NA,NA,NA,NA,NA,NA,0.00,NA,NA,NA
2020-08-22 17:00:00,13.43,25.07,7.82,8.08,15.90,NA,NA,0.31,40.78,NA,NA,NA,NA,NA,NA,NA,NA,NA,NA,NA,0.00,NA,NA,NA
2020-08-22 18:00:00,11.18,17.00,8.45,9.24,17.69,NA,NA,0.26,33.69,NA,NA,NA,NA,NA,NA,NA,NA,NA,NA,NA,0.00,NA,NA,NA
2020-08-22 19:00:00,10.88,34.77,7.90,11.53,19.43,NA,NA,0.33,25.99,NA,NA,NA,NA,NA,NA,NA,NA,NA,NA,NA,0.00,NA,NA,NA
2020-08-22 20:00:00,1.22,19.09,7.73,10.64,18.38,NA,NA,0.32,29.62,NA,NA,NA,NA,NA,NA,NA,NA,NA,NA,NA,0.00,NA,NA,NA
2020-08-22 21:00:00,5.47,21.10,7.67,10.82,18.49,NA,NA,0.33,29.90,NA,NA,NA,NA,NA,NA,NA,NA,NA,NA,NA,0.00,NA,NA,NA
2020-08-22 22:00:00,15.77,25.78,7.71,9.88,17.58,NA,NA,0.33,29.88,NA,NA,NA,NA,NA,NA,NA,NA,NA,NA,NA,0.00,NA,NA,NA
2020-08-22 23:00:00,16.90,19.71,7.60,8.88,16.48,NA,NA,0.32,30.15,NA,NA,NA,NA,NA,NA,NA,NA,NA,NA,NA,0.00,NA,NA,NA
2020-08-23 00:00:00,13.86,29.70,7.72,10.13,17.85,NA,NA,0.36,24.00,NA,NA,NA,NA,NA,NA,NA,NA,NA,NA,NA,0.00,NA,NA,NA
2020-08-23 01:00:00,32.35,30.32,7.70,9.57,17.28,NA,NA,0.33,25.80,NA,NA,NA,NA,NA,NA,NA,NA,NA,NA,NA,0.00,NA,NA,NA
2020-08-23 02:00:00,7.86,22.14,7.68,9.06,16.73,NA,NA,0.31,26.27,NA,NA,NA,NA,NA,NA,NA,NA,NA,NA,NA,0.00,NA,NA,NA
2020-08-23 03:00:00,17.32,32.86,7.55,8.94,16.49,NA,NA,0.30,25.98,NA,NA,NA,NA,NA,NA,NA,NA,NA,NA,NA,0.00,NA,NA,NA
2020-08-23 04:00:00,20.40,23.01,7.60,8.37,15.97,NA,NA,0.30,25.77,NA,NA,NA,NA,NA,NA,NA,NA,NA,NA,NA,0.00,NA,NA,NA
2020-08-23 05:00:00,21.92,34.04,7.57,8.43,15.99,NA,NA,0.31,24.22,NA,NA,NA,NA,NA,NA,NA,NA,NA,NA,NA,0.00,NA,NA,NA
2020-08-23 06:00:00,22.55,31.97,7.65,8.13,15.78,NA,NA,0.31,24.75,NA,NA,NA,NA,NA,NA,NA,NA,NA,NA,NA,0.00,NA,NA,NA
2020-08-23 07:00:00,20.67,31.07,7.82,8.12,15.94,NA,NA,0.33,24.91,NA,NA,NA,NA,NA,NA,NA,NA,NA,NA,NA,0.00,NA,NA,NA
2020-08-23 08:00:00,27.20,27.32,8.00,7.52,15.51,NA,NA,0.34,25.94,NA,NA,NA,NA,NA,NA,NA,NA,NA,NA,NA,0.00,NA,NA,NA
2020-08-23 09:00:00,22.67,29.77,7.88,6.99,14.88,NA,NA,0.32,30.15,NA,NA,NA,NA,NA,NA,NA,NA,NA,NA,NA,0.00,NA,NA,NA
2020-08-23 10:00:00,20.58,34.97,7.84,6.87,14.70,NA,NA,0.32,32.32,NA,NA,NA,NA,NA,NA,NA,NA,NA,NA,NA,0.00,NA,NA,NA
2020-08-23 11:00:00,21.98,23.89,7.69,6.41,14.11,NA,NA,0.31,40.43,NA,NA,NA,NA,NA,NA,NA,NA,NA,NA,NA,0.00,NA,NA,NA
2020-08-23 12:00:00,19.87,39.56,7.69,6.31,14.00,NA,NA,0.31,45.25,NA,NA,NA,NA,NA,NA,NA,NA,NA,NA,NA,0.00,NA,NA,NA
2020-08-23 13:00:00,19.15,32.66,7.75,6.19,13.94,NA,NA,0.31,48.12,NA,NA,NA,NA,NA,NA,NA,NA,NA,NA,NA,0.00,NA,NA,NA
2020-08-23 14:00:00,30.81,42.34,7.68,6.72,14.40,NA,NA,0.31,46.67,NA,NA,NA,NA,NA,NA,NA,NA,NA,NA,NA,0.00,NA,NA,NA
2020-08-23 15:00:00,18.93,33.03,8.19,7.81,16.01,NA,NA,0.33,43.48,NA,NA,NA,NA,NA,NA,NA,NA,NA,NA,NA,0.00,NA,NA,NA
2020-08-23 16:00:00,16.44,26.04,7.67,7.00,14.67,NA,NA,0.30,44.35,NA,NA,NA,NA,NA,NA,NA,NA,NA,NA,NA,0.00,NA,NA,NA
2020-08-23 17:00:00,13.13,27.90,7.75,7.29,15.04,NA,NA,0.31,39.94,NA,NA,NA,NA,NA,NA,NA,NA,NA,NA,NA,0.00,NA,NA,NA
2020-08-23 18:00:00,13.53,27.74,7.66,8.59,16.25,NA,NA,0.31,34.47,NA,NA,NA,NA,NA,NA,NA,NA,NA,NA,NA,0.00,NA,NA,NA
2020-08-23 19:00:00,7.43,9.62,7.61,8.75,16.37,NA,NA,0.31,27.43,NA,NA,NA,NA,NA,NA,NA,NA,NA,NA,NA,0.00,NA,NA,NA
2020-08-23 20:00:00,0.94,9.27,7.63,10.28,17.91,NA,NA,0.35,24.80,NA,NA,NA,NA,NA,NA,NA,NA,NA,NA,NA,0.00,NA,NA,NA
2020-08-23 21:00:00,5.26,19.33,7.58,10.81,18.38,NA,NA,0.35,24.19,NA,NA,NA,NA,NA,NA,NA,NA,NA,NA,NA,0.00,NA,NA,NA
2020-08-23 22:00:00,11.51,18.15,7.61,10.33,17.94,NA,NA,0.33,24.19,NA,NA,NA,NA,NA,NA,NA,NA,NA,NA,NA,0.00,NA,NA,NA
2020-08-23 23:00:00,10.82,19.65,7.60,10.69,18.29,NA,NA,0.33,21.78,NA,NA,NA,NA,NA,NA,NA,NA,NA,NA,NA,0.00,NA,NA,NA
2020-08-24 00:00:00,12.27,14.52,7.65,9.49,17.15,NA,NA,0.32,21.97,NA,NA,NA,NA,NA,NA,NA,NA,NA,NA,NA,0.00,NA,NA,NA
2020-08-24 01:00:00,10.48,25.17,7.66,10.17,17.84,NA,NA,0.30,18.08,NA,NA,NA,NA,NA,NA,NA,NA,NA,NA,NA,0.00,NA,NA,NA
2020-08-24 02:00:00,14.28,17.34,7.64,10.28,17.92,NA,NA,0.30,18.38,NA,NA,NA,NA,NA,NA,NA,NA,NA,NA,NA,0.00,NA,NA,NA
2020-08-24 03:00:00,9.47,17.87,7.60,10.86,18.46,NA,NA,0.30,17.17,NA,NA,NA,NA,NA,NA,NA,NA,NA,NA,NA,0.00,NA,NA,NA
2020-08-24 04:00:00,9.56,15.89,7.57,8.51,16.08,NA,NA,0.31,19.26,NA,NA,NA,NA,NA,NA,NA,NA,NA,NA,NA,0.00,NA,NA,NA
2020-08-24 05:00:00,9.89,12.76,7.50,8.60,16.10,NA,NA,0.30,18.18,NA,NA,NA,NA,NA,NA,NA,NA,NA,NA,NA,0.00,NA,NA,NA
2020-08-24 06:00:00,23.98,56.31,7.69,9.23,16.92,NA,NA,0.25,17.64,NA,NA,NA,NA,NA,NA,NA,NA,NA,NA,NA,0.00,NA,NA,NA
2020-08-24 07:00:00,28.21,58.94,7.95,9.65,17.60,NA,NA,0.24,16.51,NA,NA,NA,NA,NA,NA,NA,NA,NA,NA,NA,0.00,NA,NA,NA
2020-08-24 08:00:00,18.87,37.70,165.50,55.35,109.01,NA,NA,0.71,14.47,NA,NA,NA,NA,NA,NA,NA,NA,NA,NA,NA,0.00,NA,NA,NA
2020-08-24 09:00:00,NA,NA,9.72,12.17,21.89,NA,NA,0.67,15.88,NA,NA,NA,NA,NA,NA,NA,NA,NA,NA,NA,0.00,NA,NA,NA
2020-08-24 10:00:00,NA,NA,9.83,9.62,19.45,NA,NA,0.64,21.63,NA,NA,NA,NA,NA,NA,NA,NA,NA,NA,NA,0.00,NA,NA,NA
2020-08-24 11:00:00,NA,NA,8.78,9.39,18.18,NA,NA,0.63,30.19,NA,NA,NA,NA,NA,NA,NA,NA,NA,NA,NA,0.00,NA,NA,NA
2020-08-24 12:00:00,NA,NA,8.21,8.29,16.50,NA,NA,0.57,37.04,NA,NA,NA,NA,NA,NA,NA,NA,NA,NA,NA,0.00,NA,NA,NA
2020-08-24 13:00:00,5.15,4.55,7.75,6.62,14.37,NA,NA,0.53,43.91,NA,NA,NA,NA,NA,NA,NA,NA,NA,NA,NA,0.00,NA,NA,NA
2020-08-24 14:00:00,17.15,13.16,7.76,6.27,14.03,NA,NA,0.52,41.89,NA,NA,NA,NA,NA,NA,NA,NA,NA,NA,NA,0.00,NA,NA,NA
2020-08-24 15:00:00,11.63,NA,7.69,6.09,13.78,NA,NA,0.52,41.76,NA,NA,NA,NA,NA,NA,NA,NA,NA,NA,NA,0.00,NA,NA,NA
2020-08-24 16:00:00,NA,NA,7.66,5.97,13.63,NA,NA,0.51,41.78,NA,NA,NA,NA,NA,NA,NA,NA,NA,NA,NA,0.00,NA,NA,NA
2020-08-24 17:00:00,NA,2.65,7.61,6.35,13.96,NA,NA,0.52,40.72,NA,NA,NA,NA,NA,NA,NA,NA,NA,NA,NA,0.00,NA,NA,NA
2020-08-24 18:00:00,7.96,9.41,7.55,6.54,14.09,NA,NA,0.52,39.15,NA,NA,NA,NA,NA,NA,NA,NA,NA,NA,NA,0.00,NA,NA,NA
2020-08-24 19:00:00,3.35,11.15,7.57,9.18,16.76,NA,NA,0.58,28.50,NA,NA,NA,NA,NA,NA,NA,NA,NA,NA,NA,0.00,NA,NA,NA
2020-08-24 20:00:00,18.68,19.44,7.62,10.80,18.42,NA,NA,0.63,24.22,NA,NA,NA,NA,NA,NA,NA,NA,NA,NA,NA,0.00,NA,NA,NA
2020-08-24 21:00:00,25.17,47.46,7.71,15.78,23.49,NA,NA,0.76,13.51,NA,NA,NA,NA,NA,NA,NA,NA,NA,NA,NA,0.00,NA,NA,NA
2020-08-24 22:00:00,24.47,50.96,7.66,12.44,20.10,NA,NA,0.69,20.23,NA,NA,NA,NA,NA,NA,NA,NA,NA,NA,NA,0.00,NA,NA,NA
2020-08-24 23:00:00,24.26,28.92,7.62,11.17,18.79,NA,NA,0.66,17.16,NA,NA,NA,NA,NA,NA,NA,NA,NA,NA,NA,0.00,NA,NA,NA
2020-08-25 00:00:00,17.01,19.43,7.66,10.61,18.27,NA,NA,0.59,16.56,NA,NA,NA,NA,NA,NA,NA,NA,NA,NA,NA,0.00,NA,NA,NA
2020-08-25 01:00:00,19.51,39.38,7.67,13.30,20.98,NA,NA,0.59,14.55,NA,NA,NA,NA,NA,NA,NA,NA,NA,NA,NA,0.00,NA,NA,NA
2020-08-25 02:00:00,16.65,57.12,7.63,11.66,19.29,NA,NA,0.61,16.44,NA,NA,NA,NA,NA,NA,NA,NA,NA,NA,NA,0.00,NA,NA,NA
2020-08-25 03:00:00,24.11,43.03,7.72,11.60,19.32,NA,NA,0.61,13.80,NA,NA,NA,NA,NA,NA,NA,NA,NA,NA,NA,0.00,NA,NA,NA
2020-08-25 04:00:00,23.01,38.30,7.73,12.00,19.73,NA,NA,0.62,10.64,NA,NA,NA,NA,NA,NA,NA,NA,NA,NA,NA,0.00,NA,NA,NA
2020-08-25 05:00:00,18.78,40.57,7.84,12.70,20.53,NA,NA,0.67,8.23,NA,NA,NA,NA,NA,NA,NA,NA,NA,NA,NA,0.00,NA,NA,NA
2020-08-25 06:00:00,20.30,34.04,8.94,14.58,23.52,NA,NA,0.65,5.87,NA,NA,NA,NA,NA,NA,NA,NA,NA,NA,NA,0.00,NA,NA,NA
2020-08-25 07:00:00,16.44,43.01,8.84,11.51,20.36,NA,NA,0.62,10.53,NA,NA,NA,NA,NA,NA,NA,NA,NA,NA,NA,0.00,NA,NA,NA
2020-08-25 08:00:00,23.62,33.01,8.85,8.50,17.35,NA,NA,0.48,15.18,NA,NA,NA,NA,NA,NA,NA,NA,NA,NA,NA,0.00,NA,NA,NA
2020-08-25 09:00:00,17.07,32.92,8.09,6.78,14.87,NA,NA,0.45,20.71,NA,NA,NA,NA,NA,NA,NA,NA,NA,NA,NA,0.00,NA,NA,NA
2020-08-25 10:00:00,15.05,19.15,7.88,5.96,13.83,NA,NA,0.42,23.65,NA,NA,NA,NA,NA,NA,NA,NA,NA,NA,NA,0.00,NA,NA,NA
2020-08-25 11:00:00,26.10,42.31,7.90,6.07,13.97,NA,NA,0.39,28.48,NA,NA,NA,NA,NA,NA,NA,NA,NA,NA,NA,0.00,NA,NA,NA
2020-08-25 12:00:00,49.88,90.69,7.88,6.00,13.88,NA,NA,0.36,32.01,NA,NA,NA,NA,NA,NA,NA,NA,NA,NA,NA,0.00,NA,NA,NA
2020-08-25 13:00:00,19.85,63.28,7.61,6.05,13.65,NA,NA,0.34,41.61,NA,NA,NA,NA,NA,NA,NA,NA,NA,NA,NA,0.00,NA,NA,NA
2020-08-25 14:00:00,29.86,44.69,12.50,5.97,18.46,NA,NA,0.30,43.21,NA,NA,NA,NA,NA,NA,NA,NA,NA,NA,NA,0.00,NA,NA,NA
2020-08-25 15:00:00,NA,NA,7.97,6.42,14.39,NA,NA,0.38,41.33,NA,NA,NA,NA,NA,NA,NA,NA,NA,NA,NA,0.00,NA,NA,NA
2020-08-25 16:00:00,NA,NA,7.85,6.70,14.55,NA,NA,0.38,32.12,NA,NA,NA,NA,NA,NA,NA,NA,NA,NA,NA,0.00,NA,NA,NA
2020-08-25 17:00:00,NA,NA,43.60,15.43,59.29,NA,NA,0.39,30.47,NA,NA,NA,NA,NA,NA,NA,NA,NA,NA,NA,0.00,NA,NA,NA
2020-08-25 18:00:00,NA,NA,8.05,8.24,16.29,NA,NA,0.44,28.20,NA,NA,NA,NA,NA,NA,NA,NA,NA,NA,NA,0.00,NA,NA,NA
2020-08-25 19:00:00,NA,NA,7.67,10.55,18.23,NA,NA,0.47,27.02,NA,NA,NA,NA,NA,NA,NA,NA,NA,NA,NA,0.00,NA,NA,NA
2020-08-25 20:00:00,NA,NA,7.72,12.86,20.58,NA,NA,0.50,22.73,NA,NA,NA,NA,NA,NA,NA,NA,NA,NA,NA,0.00,NA,NA,NA
2020-08-25 21:00:00,NA,NA,7.74,12.41,20.15,NA,NA,0.50,23.24,NA,NA,NA,NA,NA,NA,NA,NA,NA,NA,NA,0.00,NA,NA,NA
2020-08-25 22:00:00,4.27,7.87,7.74,12.91,20.65,NA,NA,0.54,18.67,NA,NA,NA,NA,NA,NA,NA,NA,NA,NA,NA,0.00,NA,NA,NA
2020-08-25 23:00:00,0.12,17.60,7.82,13.42,21.24,NA,NA,0.54,13.05,NA,NA,NA,NA,NA,NA,NA,NA,NA,NA,NA,0.00,NA,NA,NA
2020-08-26 00:00:00,3.18,30.96,7.99,13.72,21.71,NA,NA,0.49,9.45,NA,NA,NA,NA,NA,NA,NA,NA,NA,NA,NA,0.00,NA,NA,NA
2020-08-26 01:00:00,1.94,17.82,8.04,12.50,20.54,NA,NA,0.43,8.75,NA,NA,NA,NA,NA,NA,NA,NA,NA,NA,NA,0.00,NA,NA,NA
2020-08-26 02:00:00,0.89,30.36,8.19,10.97,19.15,NA,NA,0.40,6.90,NA,NA,NA,NA,NA,NA,NA,NA,NA,NA,NA,0.00,NA,NA,NA
2020-08-26 03:00:00,6.14,45.38,8.14,14.26,22.40,NA,NA,0.41,7.99,NA,NA,NA,NA,NA,NA,NA,NA,NA,NA,NA,0.00,NA,NA,NA
2020-08-26 04:00:00,2.37,26.53,8.12,12.51,20.62,NA,NA,0.40,5.71,NA,NA,NA,NA,NA,NA,NA,NA,NA,NA,NA,0.00,NA,NA,NA
2020-08-26 05:00:00,6.97,17.63,8.17,13.08,21.24,NA,NA,0.40,6.56,NA,NA,NA,NA,NA,NA,NA,NA,NA,NA,NA,0.00,NA,NA,NA
2020-08-26 06:00:00,11.93,24.52,14.72,17.92,32.63,NA,NA,0.43,4.96,NA,NA,NA,NA,NA,NA,NA,NA,NA,NA,NA,0.00,NA,NA,NA
2020-08-26 07:00:00,11.73,30.88,10.08,13.25,23.33,NA,NA,0.43,7.92,NA,NA,NA,NA,NA,NA,NA,NA,NA,NA,NA,0.00,NA,NA,NA
2020-08-26 08:00:00,7.79,29.27,9.33,9.81,19.14,NA,NA,0.43,13.48,NA,NA,NA,NA,NA,NA,NA,NA,NA,NA,NA,0.00,NA,NA,NA
2020-08-26 09:00:00,14.14,33.32,9.11,10.09,19.20,NA,NA,0.44,20.59,NA,NA,NA,NA,NA,NA,NA,NA,NA,NA,NA,0.00,NA,NA,NA
2020-08-26 10:00:00,21.86,47.21,9.44,11.69,21.12,NA,NA,0.46,26.04,NA,NA,NA,NA,NA,NA,NA,NA,NA,NA,NA,0.00,NA,NA,NA
2020-08-26 11:00:00,11.34,43.31,8.20,8.99,17.20,NA,NA,0.45,38.13,NA,NA,NA,NA,NA,NA,NA,NA,NA,NA,NA,0.00,NA,NA,NA
2020-08-26 12:00:00,23.16,51.21,8.29,9.67,17.97,NA,NA,0.44,38.54,NA,NA,NA,NA,NA,NA,NA,NA,NA,NA,NA,0.00,NA,NA,NA
2020-08-26 13:00:00,9.22,42.57,8.17,8.96,17.13,NA,NA,0.43,36.60,NA,NA,NA,NA,NA,NA,NA,NA,NA,NA,NA,0.00,NA,NA,NA
2020-08-26 14:00:00,11.12,31.44,8.05,8.42,16.46,NA,NA,0.44,41.34,NA,NA,NA,NA,NA,NA,NA,NA,NA,NA,NA,0.00,NA,NA,NA
2020-08-26 15:00:00,11.65,38.19,8.55,7.69,16.24,NA,NA,0.42,44.15,NA,NA,NA,NA,NA,NA,NA,NA,NA,NA,NA,0.00,NA,NA,NA
2020-08-26 16:00:00,15.25,49.39,8.26,8.30,16.55,NA,NA,0.40,41.10,NA,NA,NA,NA,NA,NA,NA,NA,NA,NA,NA,0.00,NA,NA,NA
2020-08-26 17:00:00,10.20,40.07,8.39,10.18,18.57,NA,NA,0.40,36.12,NA,NA,NA,NA,NA,NA,NA,NA,NA,NA,NA,0.00,NA,NA,NA
2020-08-26 18:00:00,15.57,37.39,7.88,10.48,18.36,NA,NA,0.44,29.95,NA,NA,NA,NA,NA,NA,NA,NA,NA,NA,NA,0.00,NA,NA,NA
2020-08-26 19:00:00,14.34,54.07,7.91,9.85,17.76,NA,NA,0.46,12.34,NA,NA,NA,NA,NA,NA,NA,NA,NA,NA,NA,0.00,NA,NA,NA
2020-08-26 20:00:00,6.88,41.39,9.23,12.94,22.18,NA,NA,0.59,5.17,NA,NA,NA,NA,NA,NA,NA,NA,NA,NA,NA,0.00,NA,NA,NA
2020-08-26 21:00:00,20.22,51.40,9.11,12.87,21.97,NA,NA,0.61,5.21,NA,NA,NA,NA,NA,NA,NA,NA,NA,NA,NA,0.00,NA,NA,NA
2020-08-26 22:00:00,20.31,56.64,11.99,13.61,25.59,NA,NA,0.62,4.03,NA,NA,NA,NA,NA,NA,NA,NA,NA,NA,NA,0.00,NA,NA,NA
2020-08-26 23:00:00,21.47,51.64,16.92,17.49,34.41,NA,NA,0.60,4.19,NA,NA,NA,NA,NA,NA,NA,NA,NA,NA,NA,0.00,NA,NA,NA
2020-08-27 00:00:00,25.63,60.70,20.86,16.19,37.04,NA,NA,0.61,4.44,NA,NA,NA,NA,NA,NA,NA,NA,NA,NA,NA,0.00,NA,NA,NA
2020-08-27 01:00:00,29.67,63.89,18.14,15.04,33.19,NA,NA,0.53,4.01,NA,NA,NA,NA,NA,NA,NA,NA,NA,NA,NA,0.00,NA,NA,NA
2020-08-27 02:00:00,18.29,50.16,13.97,13.34,27.31,NA,NA,0.50,4.37,NA,NA,NA,NA,NA,NA,NA,NA,NA,NA,NA,0.00,NA,NA,NA
2020-08-27 03:00:00,18.08,40.78,11.71,10.57,22.28,NA,NA,0.47,4.41,NA,NA,NA,NA,NA,NA,NA,NA,NA,NA,NA,0.00,NA,NA,NA
2020-08-27 04:00:00,14.06,26.14,9.69,13.70,23.40,NA,NA,0.41,4.43,NA,NA,NA,NA,NA,NA,NA,NA,NA,NA,NA,0.00,NA,NA,NA
2020-08-27 05:00:00,18.66,39.04,7.79,14.56,22.35,NA,NA,0.37,8.91,NA,NA,NA,NA,NA,NA,NA,NA,NA,NA,NA,0.00,NA,NA,NA
2020-08-27 06:00:00,8.40,35.86,7.69,10.27,17.96,NA,NA,0.32,13.05,NA,NA,NA,NA,NA,NA,NA,NA,NA,NA,NA,0.00,NA,NA,NA
2020-08-27 07:00:00,NA,NA,NA,NA,NA,NA,NA,NA,NA,NA,NA,NA,NA,NA,NA,NA,NA,NA,NA,NA,0.00,NA,NA,NA
2020-08-27 08:00:00,NA,NA,NA,NA,NA,NA,NA,NA,NA,NA,NA,NA,NA,NA,NA,NA,NA,NA,NA,NA,0.00,NA,NA,NA
2020-08-27 09:00:00,NA,NA,NA,NA,NA,NA,NA,NA,NA,NA,NA,NA,NA,NA,NA,NA,NA,NA,NA,NA,0.00,NA,NA,NA
2020-08-27 10:00:00,NA,NA,NA,NA,NA,NA,NA,NA,NA,NA,NA,NA,NA,NA,NA,NA,NA,NA,NA,NA,0.00,NA,NA,NA
2020-08-27 11:00:00,NA,NA,NA,NA,NA,NA,NA,NA,NA,NA,NA,NA,NA,NA,NA,NA,NA,NA,NA,NA,0.00,NA,NA,NA
2020-08-27 12:00:00,NA,NA,NA,NA,NA,NA,NA,NA,NA,NA,NA,NA,NA,NA,NA,NA,NA,NA,NA,NA,0.00,NA,NA,NA
2020-08-27 13:00:00,NA,NA,NA,NA,NA,NA,NA,NA,NA,NA,NA,NA,NA,NA,NA,NA,NA,NA,NA,NA,0.00,NA,NA,NA
2020-08-27 14:00:00,NA,NA,NA,NA,NA,NA,NA,NA,NA,NA,NA,NA,NA,NA,NA,NA,NA,NA,NA,NA,0.00,NA,NA,NA
2020-08-27 15:00:00,NA,NA,NA,NA,NA,NA,NA,NA,NA,NA,NA,NA,NA,NA,NA,NA,NA,NA,NA,NA,0.00,NA,NA,NA
2020-08-27 16:00:00,NA,NA,NA,NA,NA,NA,NA,NA,NA,NA,NA,NA,NA,NA,NA,NA,NA,NA,NA,NA,0.00,NA,NA,NA
2020-08-27 17:00:00,NA,NA,NA,NA,NA,NA,NA,NA,NA,NA,NA,NA,NA,NA,NA,NA,NA,NA,NA,NA,0.00,NA,NA,NA
2020-08-27 18:00:00,NA,NA,NA,NA,NA,NA,NA,NA,NA,NA,NA,NA,NA,NA,NA,NA,NA,NA,NA,NA,0.00,NA,NA,NA
2020-08-27 19:00:00,NA,NA,NA,NA,NA,NA,NA,NA,NA,NA,NA,NA,NA,NA,NA,NA,NA,NA,NA,NA,0.00,NA,NA,NA
2020-08-27 20:00:00,NA,NA,NA,NA,NA,NA,NA,NA,NA,NA,NA,NA,NA,NA,NA,NA,NA,NA,NA,NA,0.00,NA,NA,NA
2020-08-27 21:00:00,NA,NA,NA,NA,NA,NA,NA,NA,NA,NA,NA,NA,NA,NA,NA,NA,NA,NA,NA,NA,0.00,NA,NA,NA
2020-08-27 22:00:00,7.29,17.96,249.66,157.43,83.88,NA,NA,1.85,8.38,NA,NA,NA,NA,NA,NA,NA,NA,NA,NA,NA,0.00,NA,NA,NA
2020-08-27 23:00:00,NA,NA,20.68,18.38,39.07,NA,NA,1.18,5.62,NA,NA,NA,NA,NA,NA,NA,NA,NA,NA,NA,0.00,NA,NA,NA
2020-08-28 00:00:00,NA,NA,9.42,11.10,20.52,NA,NA,0.95,5.13,NA,NA,NA,NA,NA,NA,NA,NA,NA,NA,NA,0.00,NA,NA,NA
2020-08-28 01:00:00,NA,3.04,14.43,14.84,29.25,NA,NA,0.99,4.42,NA,NA,NA,NA,NA,NA,NA,NA,NA,NA,NA,0.00,NA,NA,NA
2020-08-28 02:00:00,NA,16.17,15.18,14.20,29.40,NA,NA,0.94,3.13,NA,NA,NA,NA,NA,NA,NA,NA,NA,NA,NA,0.00,NA,NA,NA
2020-08-28 03:00:00,NA,NA,NA,NA,NA,NA,NA,NA,NA,NA,NA,NA,NA,NA,NA,NA,NA,NA,NA,NA,0.00,NA,NA,NA
2020-08-28 04:00:00,NA,NA,NA,NA,NA,NA,NA,NA,NA,NA,NA,NA,NA,NA,NA,NA,NA,NA,NA,NA,0.00,NA,NA,NA
2020-08-28 05:00:00,NA,NA,NA,NA,NA,NA,NA,NA,NA,NA,NA,NA,NA,NA,NA,NA,NA,NA,NA,NA,0.00,NA,NA,NA
2020-08-28 06:00:00,NA,NA,NA,NA,NA,NA,NA,NA,NA,NA,NA,NA,NA,NA,NA,NA,NA,NA,NA,NA,0.00,NA,NA,NA
2020-08-28 07:00:00,NA,NA,NA,NA,NA,NA,NA,NA,NA,NA,NA,NA,NA,NA,NA,NA,NA,NA,NA,NA,0.00,NA,NA,NA
2020-08-28 08:00:00,NA,NA,NA,NA,NA,NA,NA,NA,NA,NA,NA,NA,NA,NA,NA,NA,NA,NA,NA,NA,0.00,NA,NA,NA
2020-08-28 09:00:00,NA,20.23,233.84,66.71,177.87,NA,NA,1.71,39.30,NA,NA,NA,NA,NA,NA,NA,NA,NA,NA,NA,0.00,NA,NA,NA
2020-08-28 10:00:00,NA,NA,8.16,10.18,18.34,NA,NA,1.01,38.22,NA,NA,NA,NA,NA,NA,NA,NA,NA,NA,NA,0.00,NA,NA,NA
2020-08-28 11:00:00,NA,NA,6.84,7.61,14.45,NA,NA,0.80,57.58,NA,NA,NA,NA,NA,NA,NA,NA,NA,NA,NA,0.00,NA,NA,NA
2020-08-28 12:00:00,NA,23.34,28.65,20.46,48.97,NA,NA,0.74,41.94,NA,NA,NA,NA,NA,NA,NA,NA,NA,NA,NA,0.00,NA,NA,NA
2020-08-28 13:00:00,NA,22.36,38.12,29.11,66.99,NA,NA,0.64,44.50,NA,NA,NA,NA,NA,NA,NA,NA,NA,NA,NA,0.00,NA,NA,NA
2020-08-28 14:00:00,NA,NA,131.69,53.78,246.22,NA,NA,0.59,32.92,NA,NA,NA,NA,NA,NA,NA,NA,NA,NA,NA,0.00,NA,NA,NA
2020-08-28 15:00:00,NA,NA,38.11,29.47,67.65,NA,NA,0.84,33.38,NA,NA,NA,NA,NA,NA,NA,NA,NA,NA,NA,0.00,NA,NA,NA
2020-08-28 16:00:00,23.88,37.91,6.06,14.32,20.38,NA,NA,0.74,28.60,NA,NA,NA,NA,NA,NA,NA,NA,NA,NA,NA,0.00,NA,NA,NA
2020-08-28 17:00:00,87.20,103.60,4.59,13.98,18.57,NA,NA,0.75,27.06,NA,NA,NA,NA,NA,NA,NA,NA,NA,NA,NA,0.00,NA,NA,NA
2020-08-28 18:00:00,NA,NA,3.86,13.16,17.03,NA,NA,0.83,21.11,NA,NA,NA,NA,NA,NA,NA,NA,NA,NA,NA,0.00,NA,NA,NA
2020-08-28 19:00:00,NA,NA,3.61,11.61,15.22,NA,NA,0.75,13.39,NA,NA,NA,NA,NA,NA,NA,NA,NA,NA,NA,0.00,NA,NA,NA
2020-08-28 20:00:00,NA,NA,3.82,12.51,16.34,NA,NA,0.75,10.47,NA,NA,NA,NA,NA,NA,NA,NA,NA,NA,NA,0.00,NA,NA,NA
2020-08-28 21:00:00,10.44,3.41,4.26,15.11,19.36,NA,NA,0.76,8.56,NA,NA,NA,NA,NA,NA,NA,NA,NA,NA,NA,0.00,NA,NA,NA
2020-08-28 22:00:00,11.93,11.68,5.84,16.58,22.41,NA,NA,0.95,6.46,NA,NA,NA,NA,NA,NA,NA,NA,NA,NA,NA,0.00,NA,NA,NA
2020-08-28 23:00:00,19.97,16.04,8.01,11.17,19.18,NA,NA,0.91,5.47,NA,NA,NA,NA,NA,NA,NA,NA,NA,NA,NA,0.00,NA,NA,NA
2020-08-29 00:00:00,16.99,24.90,9.32,9.36,18.68,NA,NA,0.91,4.89,NA,NA,NA,NA,NA,NA,NA,NA,NA,NA,NA,0.00,NA,NA,NA
2020-08-29 01:00:00,34.25,40.70,8.85,9.94,18.79,NA,NA,0.91,4.79,NA,NA,NA,NA,NA,NA,NA,NA,NA,NA,NA,0.00,NA,NA,NA
2020-08-29 02:00:00,31.70,42.09,8.64,10.05,18.69,NA,NA,0.89,5.43,NA,NA,NA,NA,NA,NA,NA,NA,NA,NA,NA,0.00,NA,NA,NA
2020-08-29 03:00:00,32.68,51.22,9.15,11.65,20.81,NA,NA,0.86,5.19,NA,NA,NA,NA,NA,NA,NA,NA,NA,NA,NA,0.00,NA,NA,NA
2020-08-29 04:00:00,34.93,42.64,6.22,14.15,20.37,NA,NA,0.92,4.51,NA,NA,NA,NA,NA,NA,NA,NA,NA,NA,NA,0.00,NA,NA,NA
2020-08-29 05:00:00,40.43,56.59,7.13,13.52,20.65,NA,NA,0.84,4.39,NA,NA,NA,NA,NA,NA,NA,NA,NA,NA,NA,0.00,NA,NA,NA
2020-08-29 06:00:00,29.50,47.57,6.67,15.29,21.95,NA,NA,0.78,5.75,NA,NA,NA,NA,NA,NA,NA,NA,NA,NA,NA,0.00,NA,NA,NA
2020-08-29 07:00:00,33.10,45.53,9.63,18.72,28.35,NA,NA,0.79,9.69,NA,NA,NA,NA,NA,NA,NA,NA,NA,NA,NA,0.00,NA,NA,NA
2020-08-29 08:00:00,55.13,66.69,5.37,13.01,18.39,NA,NA,0.70,21.17,NA,NA,NA,NA,NA,NA,NA,NA,NA,NA,NA,0.00,NA,NA,NA
2020-08-29 09:00:00,40.77,43.29,4.08,8.38,12.46,NA,NA,0.58,34.91,NA,NA,NA,NA,NA,NA,NA,NA,NA,NA,NA,0.00,NA,NA,NA
2020-08-29 10:00:00,19.07,27.75,4.00,7.99,12.00,NA,NA,0.54,46.89,NA,NA,NA,NA,NA,NA,NA,NA,NA,NA,NA,0.00,NA,NA,NA
2020-08-29 11:00:00,24.28,60.71,3.66,7.60,11.26,NA,NA,0.56,64.13,NA,NA,NA,NA,NA,NA,NA,NA,NA,NA,NA,0.00,NA,NA,NA
2020-08-29 12:00:00,26.94,58.70,3.64,6.65,10.29,NA,NA,0.52,71.80,NA,NA,NA,NA,NA,NA,NA,NA,NA,NA,NA,0.00,NA,NA,NA
2020-08-29 13:00:00,35.19,47.48,3.59,6.26,9.85,NA,NA,0.48,67.91,NA,NA,NA,NA,NA,NA,NA,NA,NA,NA,NA,0.00,NA,NA,NA
2020-08-29 14:00:00,23.96,43.12,3.51,5.92,9.42,NA,NA,0.47,65.20,NA,NA,NA,NA,NA,NA,NA,NA,NA,NA,NA,0.00,NA,NA,NA
2020-08-29 15:00:00,32.59,40.45,3.55,5.82,9.37,NA,NA,0.46,69.30,NA,NA,NA,NA,NA,NA,NA,NA,NA,NA,NA,0.00,NA,NA,NA
2020-08-29 16:00:00,24.90,41.82,3.56,5.79,9.35,NA,NA,0.45,65.24,NA,NA,NA,NA,NA,NA,NA,NA,NA,NA,NA,0.00,NA,NA,NA
2020-08-29 17:00:00,27.42,32.05,3.49,6.27,9.76,NA,NA,0.45,62.61,NA,NA,NA,NA,NA,NA,NA,NA,NA,NA,NA,0.00,NA,NA,NA
2020-08-29 18:00:00,26.18,40.44,3.51,6.74,10.25,NA,NA,0.46,51.75,NA,NA,NA,NA,NA,NA,NA,NA,NA,NA,NA,0.00,NA,NA,NA
2020-08-29 19:00:00,25.24,34.59,3.56,9.42,12.98,NA,NA,0.53,30.03,NA,NA,NA,NA,NA,NA,NA,NA,NA,NA,NA,0.00,NA,NA,NA
2020-08-29 20:00:00,26.10,37.20,4.38,10.70,15.08,NA,NA,0.67,10.03,NA,NA,NA,NA,NA,NA,NA,NA,NA,NA,NA,0.00,NA,NA,NA
2020-08-29 21:00:00,35.62,51.39,5.28,10.82,16.10,NA,NA,0.81,5.11,NA,NA,NA,NA,NA,NA,NA,NA,NA,NA,NA,0.00,NA,NA,NA
2020-08-29 22:00:00,37.75,74.09,4.65,13.29,17.95,NA,NA,0.73,6.56,NA,NA,NA,NA,NA,NA,NA,NA,NA,NA,NA,0.00,NA,NA,NA
2020-08-29 23:00:00,42.52,56.42,5.01,13.42,18.43,NA,NA,0.84,5.56,NA,NA,NA,NA,NA,NA,NA,NA,NA,NA,NA,0.00,NA,NA,NA
2020-08-30 00:00:00,50.29,82.33,4.70,13.11,17.82,NA,NA,0.75,9.83,NA,NA,NA,NA,NA,NA,NA,NA,NA,NA,NA,0.00,NA,NA,NA
2020-08-30 01:00:00,49.00,69.79,4.10,11.61,15.71,NA,NA,0.65,10.19,NA,NA,NA,NA,NA,NA,NA,NA,NA,NA,NA,0.00,NA,NA,NA
2020-08-30 02:00:00,40.24,47.20,3.51,10.78,14.29,NA,NA,0.57,19.99,NA,NA,NA,NA,NA,NA,NA,NA,NA,NA,NA,0.00,NA,NA,NA
2020-08-30 03:00:00,31.74,44.85,3.51,9.15,12.66,NA,NA,0.53,25.92,NA,NA,NA,NA,NA,NA,NA,NA,NA,NA,NA,0.00,NA,NA,NA
2020-08-30 04:00:00,28.37,41.09,3.46,7.99,11.45,NA,NA,0.50,29.40,NA,NA,NA,NA,NA,NA,NA,NA,NA,NA,NA,0.00,NA,NA,NA
2020-08-30 05:00:00,23.56,31.20,3.45,6.91,10.36,NA,NA,0.47,33.80,NA,NA,NA,NA,NA,NA,NA,NA,NA,NA,NA,0.00,NA,NA,NA
2020-08-30 06:00:00,21.92,37.78,3.42,6.67,10.08,NA,NA,0.46,31.88,NA,NA,NA,NA,NA,NA,NA,NA,NA,NA,NA,0.00,NA,NA,NA
2020-08-30 07:00:00,22.61,27.34,3.73,6.59,10.32,NA,NA,0.45,29.56,NA,NA,NA,NA,NA,NA,NA,NA,NA,NA,NA,0.00,NA,NA,NA
2020-08-30 08:00:00,23.41,21.61,3.82,6.23,10.05,NA,NA,0.44,31.33,NA,NA,NA,NA,NA,NA,NA,NA,NA,NA,NA,0.00,NA,NA,NA
2020-08-30 09:00:00,13.58,30.52,3.69,5.86,9.55,NA,NA,0.42,35.28,NA,NA,NA,NA,NA,NA,NA,NA,NA,NA,NA,0.00,NA,NA,NA
2020-08-30 10:00:00,21.33,34.62,3.76,5.89,9.65,NA,NA,0.40,34.45,NA,NA,NA,NA,NA,NA,NA,NA,NA,NA,NA,0.00,NA,NA,NA
2020-08-30 11:00:00,16.09,29.99,3.79,5.86,9.65,NA,NA,0.40,34.40,NA,NA,NA,NA,NA,NA,NA,NA,NA,NA,NA,0.00,NA,NA,NA
2020-08-30 12:00:00,9.88,21.61,3.67,6.48,10.15,NA,NA,0.41,34.70,NA,NA,NA,NA,NA,NA,NA,NA,NA,NA,NA,0.00,NA,NA,NA
2020-08-30 13:00:00,10.34,23.50,3.72,6.36,10.08,NA,NA,0.41,38.98,NA,NA,NA,NA,NA,NA,NA,NA,NA,NA,NA,0.00,NA,NA,NA
2020-08-30 14:00:00,13.56,31.33,3.82,6.88,10.70,NA,NA,0.41,36.30,NA,NA,NA,NA,NA,NA,NA,NA,NA,NA,NA,0.00,NA,NA,NA
2020-08-30 15:00:00,14.11,21.64,3.82,6.19,10.01,NA,NA,0.40,38.95,NA,NA,NA,NA,NA,NA,NA,NA,NA,NA,NA,0.00,NA,NA,NA
2020-08-30 16:00:00,10.51,17.16,3.67,5.72,9.39,NA,NA,0.39,44.13,NA,NA,NA,NA,NA,NA,NA,NA,NA,NA,NA,0.00,NA,NA,NA
2020-08-30 17:00:00,17.72,28.88,3.55,6.08,9.64,NA,NA,0.39,37.97,NA,NA,NA,NA,NA,NA,NA,NA,NA,NA,NA,0.00,NA,NA,NA
2020-08-30 18:00:00,12.67,18.30,3.52,7.23,10.75,NA,NA,0.41,34.13,NA,NA,NA,NA,NA,NA,NA,NA,NA,NA,NA,0.00,NA,NA,NA
2020-08-30 19:00:00,12.02,22.18,3.45,7.35,10.80,NA,NA,0.43,33.93,NA,NA,NA,NA,NA,NA,NA,NA,NA,NA,NA,0.00,NA,NA,NA
2020-08-30 20:00:00,12.00,23.70,3.51,7.94,11.45,NA,NA,0.43,32.02,NA,NA,NA,NA,NA,NA,NA,NA,NA,NA,NA,0.00,NA,NA,NA
2020-08-30 21:00:00,8.88,19.95,3.46,8.54,12.00,NA,NA,0.42,29.19,NA,NA,NA,NA,NA,NA,NA,NA,NA,NA,NA,0.00,NA,NA,NA
2020-08-30 22:00:00,14.76,18.68,3.51,8.25,11.77,NA,NA,0.44,26.38,NA,NA,NA,NA,NA,NA,NA,NA,NA,NA,NA,0.00,NA,NA,NA
2020-08-30 23:00:00,16.49,21.03,3.53,7.58,11.11,NA,NA,0.43,25.62,NA,NA,NA,NA,NA,NA,NA,NA,NA,NA,NA,0.00,NA,NA,NA
2020-08-31 00:00:00,15.49,16.74,3.46,7.76,11.22,NA,NA,0.42,24.47,NA,NA,NA,NA,NA,NA,NA,NA,NA,NA,NA,0.00,NA,NA,NA
2020-08-31 01:00:00,16.17,27.62,3.51,7.39,10.90,NA,NA,0.40,25.83,NA,NA,NA,NA,NA,NA,NA,NA,NA,NA,NA,0.00,NA,NA,NA
2020-08-31 02:00:00,7.76,16.24,3.42,7.07,10.49,NA,NA,0.34,27.05,NA,NA,NA,NA,NA,NA,NA,NA,NA,NA,NA,0.00,NA,NA,NA
2020-08-31 03:00:00,10.00,15.22,3.46,7.00,10.46,NA,NA,0.34,25.19,NA,NA,NA,NA,NA,NA,NA,NA,NA,NA,NA,0.00,NA,NA,NA
2020-08-31 04:00:00,13.84,22.96,3.47,7.00,10.48,NA,NA,0.34,24.49,NA,NA,NA,NA,NA,NA,NA,NA,NA,NA,NA,0.00,NA,NA,NA
2020-08-31 05:00:00,6.40,10.52,3.44,6.84,10.28,NA,NA,0.33,24.54,NA,NA,NA,NA,NA,NA,NA,NA,NA,NA,NA,0.00,NA,NA,NA
2020-08-31 06:00:00,7.58,11.34,3.50,6.99,10.49,NA,NA,0.33,22.97,NA,NA,NA,NA,NA,NA,NA,NA,NA,NA,NA,0.00,NA,NA,NA
2020-08-31 07:00:00,5.29,11.62,3.70,6.80,10.50,NA,NA,0.34,22.96,NA,NA,NA,NA,NA,NA,NA,NA,NA,NA,NA,0.00,NA,NA,NA
2020-08-31 08:00:00,10.76,15.44,4.28,7.73,12.01,NA,NA,0.37,23.22,NA,NA,NA,NA,NA,NA,NA,NA,NA,NA,NA,0.00,NA,NA,NA
2020-08-31 09:00:00,10.92,15.37,4.13,6.34,10.46,NA,NA,0.35,27.53,NA,NA,NA,NA,NA,NA,NA,NA,NA,NA,NA,0.00,NA,NA,NA
2020-08-31 10:00:00,15.25,27.00,3.71,5.38,9.09,NA,NA,0.34,33.34,NA,NA,NA,NA,NA,NA,NA,NA,NA,NA,NA,0.00,NA,NA,NA
2020-08-31 11:00:00,18.26,25.23,3.64,5.72,9.36,NA,NA,0.35,40.82,NA,NA,NA,NA,NA,NA,NA,NA,NA,NA,NA,0.00,NA,NA,NA
2020-08-31 12:00:00,19.90,34.63,3.57,5.51,9.07,NA,NA,0.33,40.94,NA,NA,NA,NA,NA,NA,NA,NA,NA,NA,NA,0.00,NA,NA,NA
2020-08-31 13:00:00,14.42,23.53,3.59,5.07,8.67,NA,NA,0.33,45.14,NA,NA,NA,NA,NA,NA,NA,NA,NA,NA,NA,0.00,NA,NA,NA
2020-08-31 14:00:00,13.25,26.74,3.69,5.97,9.67,NA,NA,0.34,42.90,NA,NA,NA,NA,NA,NA,NA,NA,NA,NA,NA,0.00,NA,NA,NA
2020-08-31 15:00:00,11.66,26.22,3.79,5.63,9.42,NA,NA,0.34,44.54,NA,NA,NA,NA,NA,NA,NA,NA,NA,NA,NA,0.00,NA,NA,NA
2020-08-31 16:00:00,10.95,27.82,3.65,5.69,9.35,NA,NA,0.32,41.36,NA,NA,NA,NA,NA,NA,NA,NA,NA,NA,NA,0.00,NA,NA,NA
2020-08-31 17:00:00,25.05,60.93,3.75,6.52,10.28,NA,NA,0.31,36.87,NA,NA,NA,NA,NA,NA,NA,NA,NA,NA,NA,0.00,NA,NA,NA
2020-08-31 18:00:00,11.13,16.08,3.80,6.58,10.39,NA,NA,0.34,34.37,NA,NA,NA,NA,NA,NA,NA,NA,NA,NA,NA,0.00,NA,NA,NA
2020-08-31 19:00:00,14.66,32.67,3.58,9.08,12.67,NA,NA,0.39,24.00,NA,NA,NA,NA,NA,NA,NA,NA,NA,NA,NA,0.00,NA,NA,NA
2020-08-31 20:00:00,9.10,25.38,3.71,12.32,16.04,NA,NA,0.42,14.82,NA,NA,NA,NA,NA,NA,NA,NA,NA,NA,NA,0.00,NA,NA,NA
2020-08-31 21:00:00,14.58,34.54,3.94,15.11,19.06,NA,NA,0.50,11.55,NA,NA,NA,NA,NA,NA,NA,NA,NA,NA,NA,0.00,NA,NA,NA
2020-08-31 22:00:00,30.92,43.93,4.80,18.33,23.14,NA,NA,0.52,8.56,NA,NA,NA,NA,NA,NA,NA,NA,NA,NA,NA,0.00,NA,NA,NA
2020-08-31 23:00:00,30.60,35.95,3.99,14.29,18.27,NA,NA,0.45,13.10,NA,NA,NA,NA,NA,NA,NA,NA,NA,NA,NA,0.00,NA,NA,NA
2020-09-01 00:00:00,21.05,30.99,3.90,13.37,17.27,NA,NA,0.43,13.63,NA,NA,NA,NA,NA,NA,NA,NA,NA,NA,NA,0.00,NA,NA,NA
2020-09-01 01:00:00,16.37,32.17,3.81,10.52,14.33,NA,NA,0.40,14.39,NA,NA,NA,NA,NA,NA,NA,NA,NA,NA,NA,0.00,NA,NA,NA
2020-09-01 02:00:00,17.99,39.29,3.81,12.57,16.38,NA,NA,0.42,12.57,NA,NA,NA,NA,NA,NA,NA,NA,NA,NA,NA,0.00,NA,NA,NA
2020-09-01 03:00:00,23.73,34.97,4.07,14.65,18.72,NA,NA,0.42,11.27,NA,NA,NA,NA,NA,NA,NA,NA,NA,NA,NA,0.00,NA,NA,NA
2020-09-01 04:00:00,17.03,40.19,3.96,11.15,15.10,NA,NA,0.33,10.76,NA,NA,NA,NA,NA,NA,NA,NA,NA,NA,NA,0.00,NA,NA,NA
2020-09-01 05:00:00,19.61,32.52,4.17,10.76,14.94,NA,NA,0.33,9.41,NA,NA,NA,NA,NA,NA,NA,NA,NA,NA,NA,0.00,NA,NA,NA
2020-09-01 06:00:00,10.68,29.93,4.26,9.57,13.82,NA,NA,0.33,10.77,NA,NA,NA,NA,NA,NA,NA,NA,NA,NA,NA,0.00,NA,NA,NA
2020-09-01 07:00:00,6.88,21.77,5.49,9.51,15.00,NA,NA,0.34,14.32,NA,NA,NA,NA,NA,NA,NA,NA,NA,NA,NA,0.00,NA,NA,NA
2020-09-01 08:00:00,11.23,29.33,4.23,6.83,11.07,NA,NA,0.32,25.93,NA,NA,NA,NA,NA,NA,NA,NA,NA,NA,NA,0.00,NA,NA,NA
2020-09-01 09:00:00,18.95,37.39,4.07,6.53,10.61,NA,NA,0.32,35.09,NA,NA,NA,NA,NA,NA,NA,NA,NA,NA,NA,0.00,NA,NA,NA
2020-09-01 10:00:00,16.32,42.09,3.86,5.87,9.73,NA,NA,0.31,41.67,NA,NA,NA,NA,NA,NA,NA,NA,NA,NA,NA,0.00,NA,NA,NA
2020-09-01 11:00:00,19.68,33.93,3.99,5.90,9.89,NA,NA,0.30,33.78,NA,NA,NA,NA,NA,NA,NA,NA,NA,NA,NA,0.00,NA,NA,NA
2020-09-01 12:00:00,25.61,58.54,3.86,5.42,9.29,NA,NA,0.31,NA,NA,NA,NA,NA,NA,NA,NA,NA,NA,NA,NA,0.00,NA,NA,NA
2020-09-01 13:00:00,12.14,40.97,3.61,5.00,8.62,NA,NA,0.33,123.04,NA,NA,NA,NA,NA,NA,NA,NA,NA,NA,NA,0.00,NA,NA,NA
2020-09-01 14:00:00,12.68,30.07,3.57,5.27,8.85,NA,NA,0.35,62.83,NA,NA,NA,NA,NA,NA,NA,NA,NA,NA,NA,0.00,NA,NA,NA
2020-09-01 15:00:00,23.50,43.72,3.75,5.53,9.27,NA,NA,0.35,56.30,NA,NA,NA,NA,NA,NA,NA,NA,NA,NA,NA,0.00,NA,NA,NA
2020-09-01 16:00:00,18.38,41.91,3.71,5.98,9.69,NA,NA,0.36,45.89,NA,NA,NA,NA,NA,NA,NA,NA,NA,NA,NA,0.00,NA,NA,NA
2020-09-01 17:00:00,13.46,31.48,3.79,7.08,10.87,NA,NA,0.37,42.61,NA,NA,NA,NA,NA,NA,NA,NA,NA,NA,NA,0.00,NA,NA,NA
2020-09-01 18:00:00,7.44,31.55,3.69,8.90,12.59,NA,NA,0.41,33.98,NA,NA,NA,NA,NA,NA,NA,NA,NA,NA,NA,0.00,NA,NA,NA
2020-09-01 19:00:00,10.87,24.72,3.55,11.62,15.17,NA,NA,0.45,26.56,NA,NA,NA,NA,NA,NA,NA,NA,NA,NA,NA,0.00,NA,NA,NA
2020-09-01 20:00:00,15.35,25.66,3.66,11.28,14.94,NA,NA,0.44,23.32,NA,NA,NA,NA,NA,NA,NA,NA,NA,NA,NA,0.00,NA,NA,NA
2020-09-01 21:00:00,12.61,31.29,3.62,10.60,14.21,NA,NA,0.41,24.22,NA,NA,NA,NA,NA,NA,NA,NA,NA,NA,NA,0.00,NA,NA,NA
2020-09-01 22:00:00,16.63,38.69,3.73,12.10,15.83,NA,NA,0.39,14.59,NA,NA,NA,NA,NA,NA,NA,NA,NA,NA,NA,0.00,NA,NA,NA
2020-09-01 23:00:00,20.22,44.78,4.23,10.26,14.49,NA,NA,0.37,6.58,NA,NA,NA,NA,NA,NA,NA,NA,NA,NA,NA,0.00,NA,NA,NA
2020-09-02 00:00:00,25.55,38.23,4.91,13.55,18.46,NA,NA,0.40,6.68,NA,NA,NA,NA,NA,NA,NA,NA,NA,NA,NA,0.00,NA,NA,NA
2020-09-02 01:00:00,19.73,47.30,3.99,12.46,16.45,NA,NA,0.38,9.95,NA,NA,NA,NA,NA,NA,NA,NA,NA,NA,NA,0.00,NA,NA,NA
2020-09-02 02:00:00,14.26,34.39,3.76,10.67,14.43,NA,NA,0.36,13.80,NA,NA,NA,NA,NA,NA,NA,NA,NA,NA,NA,0.00,NA,NA,NA
2020-09-02 03:00:00,11.28,18.18,3.60,9.57,13.17,NA,NA,0.36,18.64,NA,NA,NA,NA,NA,NA,NA,NA,NA,NA,NA,0.00,NA,NA,NA
2020-09-02 04:00:00,7.20,14.05,3.65,9.16,12.81,NA,NA,0.35,17.88,NA,NA,NA,NA,NA,NA,NA,NA,NA,NA,NA,0.00,NA,NA,NA
2020-09-02 05:00:00,5.55,12.43,3.73,9.85,13.58,NA,NA,0.36,12.89,NA,NA,NA,NA,NA,NA,NA,NA,NA,NA,NA,0.00,NA,NA,NA
2020-09-02 06:00:00,4.50,12.90,3.94,10.05,13.98,NA,NA,0.37,13.10,NA,NA,NA,NA,NA,NA,NA,NA,NA,NA,NA,0.00,NA,NA,NA
2020-09-02 07:00:00,4.48,19.57,5.49,10.87,16.36,NA,NA,0.41,14.00,NA,NA,NA,NA,NA,NA,NA,NA,NA,NA,NA,0.00,NA,NA,NA
2020-09-02 08:00:00,13.44,32.61,5.01,9.28,14.30,NA,NA,0.41,26.37,NA,NA,NA,NA,NA,NA,NA,NA,NA,NA,NA,0.00,NA,NA,NA
2020-09-02 09:00:00,17.62,34.20,4.15,8.09,12.24,NA,NA,0.40,35.15,NA,NA,NA,NA,NA,NA,NA,NA,NA,NA,NA,0.00,NA,NA,NA
2020-09-02 10:00:00,15.62,38.69,4.05,7.78,11.84,NA,NA,0.39,51.26,NA,NA,NA,NA,NA,NA,NA,NA,NA,NA,NA,0.00,NA,NA,NA
2020-09-02 11:00:00,15.45,30.74,3.77,7.23,11.00,NA,NA,0.40,63.10,NA,NA,NA,NA,NA,NA,NA,NA,NA,NA,NA,0.00,NA,NA,NA
2020-09-02 12:00:00,19.36,41.02,3.64,6.03,9.67,NA,NA,0.38,69.31,NA,NA,NA,NA,NA,NA,NA,NA,NA,NA,NA,0.00,NA,NA,NA
2020-09-02 13:00:00,17.22,37.32,3.60,5.67,9.27,NA,NA,0.36,67.29,NA,NA,NA,NA,NA,NA,NA,NA,NA,NA,NA,0.00,NA,NA,NA
2020-09-02 14:00:00,17.45,29.60,3.55,5.49,9.05,NA,NA,0.37,72.92,NA,NA,NA,NA,NA,NA,NA,NA,NA,NA,NA,0.00,NA,NA,NA
2020-09-02 15:00:00,30.95,58.59,3.62,6.81,10.43,NA,NA,0.45,99.62,NA,NA,NA,NA,NA,NA,NA,NA,NA,NA,NA,0.00,NA,NA,NA
2020-09-02 16:00:00,41.88,91.31,3.64,7.93,11.57,NA,NA,0.48,106.34,NA,NA,NA,NA,NA,NA,NA,NA,NA,NA,NA,0.00,NA,NA,NA
2020-09-02 17:00:00,39.73,89.75,3.62,7.52,11.14,NA,NA,0.46,83.96,NA,NA,NA,NA,NA,NA,NA,NA,NA,NA,NA,0.00,NA,NA,NA
2020-09-02 18:00:00,36.61,67.07,3.60,7.56,11.16,NA,NA,0.42,40.48,NA,NA,NA,NA,NA,NA,NA,NA,NA,NA,NA,0.00,NA,NA,NA
2020-09-02 19:00:00,22.11,40.59,3.57,9.35,12.93,NA,NA,0.43,35.98,NA,NA,NA,NA,NA,NA,NA,NA,NA,NA,NA,0.00,NA,NA,NA
2020-09-02 20:00:00,13.97,41.46,3.68,11.34,15.02,NA,NA,0.47,26.05,NA,NA,NA,NA,NA,NA,NA,NA,NA,NA,NA,0.00,NA,NA,NA
2020-09-02 21:00:00,34.02,55.16,3.64,11.76,15.39,NA,NA,0.48,21.21,NA,NA,NA,NA,NA,NA,NA,NA,NA,NA,NA,0.00,NA,NA,NA
2020-09-02 22:00:00,37.32,64.44,4.05,9.62,13.67,NA,NA,0.49,9.53,NA,NA,NA,NA,NA,NA,NA,NA,NA,NA,NA,0.00,NA,NA,NA
2020-09-02 23:00:00,36.59,55.19,4.87,10.18,15.05,NA,NA,0.50,4.69,NA,NA,NA,NA,NA,NA,NA,NA,NA,NA,NA,0.00,NA,NA,NA
2020-09-03 00:00:00,44.30,83.54,6.64,11.92,18.55,NA,NA,0.52,3.88,NA,NA,NA,NA,NA,NA,NA,NA,NA,NA,NA,0.00,NA,NA,NA
2020-09-03 01:00:00,44.24,75.03,6.99,10.32,17.31,NA,NA,0.52,4.42,NA,NA,NA,NA,NA,NA,NA,NA,NA,NA,NA,0.00,NA,NA,NA
2020-09-03 02:00:00,48.61,87.72,4.73,18.77,23.49,NA,NA,0.61,6.20,NA,NA,NA,NA,NA,NA,NA,NA,NA,NA,NA,0.00,NA,NA,NA
2020-09-03 03:00:00,71.45,152.11,8.93,21.58,30.50,NA,NA,0.65,3.90,NA,NA,NA,NA,NA,NA,NA,NA,NA,NA,NA,0.00,NA,NA,NA
2020-09-03 04:00:00,56.45,102.99,5.83,16.69,22.52,NA,NA,0.57,6.13,NA,NA,NA,NA,NA,NA,NA,NA,NA,NA,NA,0.00,NA,NA,NA
2020-09-03 05:00:00,41.28,62.43,3.68,14.03,17.71,NA,NA,0.50,14.92,NA,NA,NA,NA,NA,NA,NA,NA,NA,NA,NA,0.00,NA,NA,NA
2020-09-03 06:00:00,37.27,54.27,3.72,10.41,14.13,NA,NA,0.48,18.35,NA,NA,NA,NA,NA,NA,NA,NA,NA,NA,NA,0.00,NA,NA,NA
2020-09-03 07:00:00,32.19,54.02,3.96,9.17,13.13,NA,NA,0.47,23.13,NA,NA,NA,NA,NA,NA,NA,NA,NA,NA,NA,0.00,NA,NA,NA
2020-09-03 08:00:00,28.33,46.01,4.09,8.02,12.11,NA,NA,0.45,37.43,NA,NA,NA,NA,NA,NA,NA,NA,NA,NA,NA,0.00,NA,NA,NA
2020-09-03 09:00:00,28.40,48.27,4.06,7.54,11.60,NA,NA,0.45,46.71,NA,NA,NA,NA,NA,NA,NA,NA,NA,NA,NA,0.00,NA,NA,NA
2020-09-03 10:00:00,46.07,71.82,3.98,7.35,11.32,NA,NA,0.45,53.87,NA,NA,NA,NA,NA,NA,NA,NA,NA,NA,NA,0.00,NA,NA,NA
2020-09-03 11:00:00,36.54,58.40,3.83,6.69,10.51,NA,NA,0.40,63.06,NA,NA,NA,NA,NA,NA,NA,NA,NA,NA,NA,0.00,NA,NA,NA
2020-09-03 12:00:00,40.28,61.25,3.76,6.39,10.15,NA,NA,0.39,60.94,NA,NA,NA,NA,NA,NA,NA,NA,NA,NA,NA,0.00,NA,NA,NA
2020-09-03 13:00:00,23.45,39.73,3.63,5.83,9.46,NA,NA,0.39,62.86,NA,NA,NA,NA,NA,NA,NA,NA,NA,NA,NA,0.00,NA,NA,NA
2020-09-03 14:00:00,35.45,45.93,3.68,5.50,9.18,NA,NA,0.38,61.19,NA,NA,NA,NA,NA,NA,NA,NA,NA,NA,NA,0.00,NA,NA,NA
2020-09-03 15:00:00,29.63,47.93,3.70,5.85,9.55,NA,NA,0.38,60.51,NA,NA,NA,NA,NA,NA,NA,NA,NA,NA,NA,0.00,NA,NA,NA
2020-09-03 16:00:00,35.85,51.36,3.70,6.57,10.27,NA,NA,0.41,61.22,NA,NA,NA,NA,NA,NA,NA,NA,NA,NA,NA,0.00,NA,NA,NA
2020-09-03 17:00:00,30.67,50.48,3.85,7.16,11.01,NA,NA,0.42,58.18,NA,NA,NA,NA,NA,NA,NA,NA,NA,NA,NA,0.00,NA,NA,NA
2020-09-03 18:00:00,37.61,52.30,3.61,7.83,11.44,NA,NA,0.43,59.21,NA,NA,NA,NA,NA,NA,NA,NA,NA,NA,NA,0.00,NA,NA,NA
2020-09-03 19:00:00,31.61,47.53,3.56,9.74,13.29,NA,NA,0.50,42.55,NA,NA,NA,NA,NA,NA,NA,NA,NA,NA,NA,0.00,NA,NA,NA
2020-09-03 20:00:00,43.39,71.07,3.55,9.95,13.50,NA,NA,0.51,33.80,NA,NA,NA,NA,NA,NA,NA,NA,NA,NA,NA,0.00,NA,NA,NA
2020-09-03 21:00:00,60.29,91.83,4.02,10.12,14.14,NA,NA,0.57,15.04,NA,NA,NA,NA,NA,NA,NA,NA,NA,NA,NA,0.00,NA,NA,NA
2020-09-03 22:00:00,52.25,54.66,4.42,10.09,14.51,NA,NA,0.61,8.68,NA,NA,NA,NA,NA,NA,NA,NA,NA,NA,NA,0.00,NA,NA,NA
2020-09-03 23:00:00,52.96,55.45,3.67,13.66,17.32,NA,NA,0.54,24.00,NA,NA,NA,NA,NA,NA,NA,NA,NA,NA,NA,0.00,NA,NA,NA
2020-09-04 00:00:00,43.46,57.71,3.64,11.65,15.30,NA,NA,0.49,30.78,NA,NA,NA,NA,NA,NA,NA,NA,NA,NA,NA,0.00,NA,NA,NA
2020-09-04 01:00:00,49.37,60.97,3.64,10.29,13.94,NA,NA,0.47,28.12,NA,NA,NA,NA,NA,NA,NA,NA,NA,NA,NA,0.00,NA,NA,NA
2020-09-04 02:00:00,45.42,65.15,3.66,9.80,13.46,NA,NA,0.45,28.55,NA,NA,NA,NA,NA,NA,NA,NA,NA,NA,NA,0.00,NA,NA,NA
2020-09-04 03:00:00,44.23,61.84,3.72,9.79,13.51,NA,NA,0.46,19.20,NA,NA,NA,NA,NA,NA,NA,NA,NA,NA,NA,0.00,NA,NA,NA
2020-09-04 04:00:00,44.82,55.56,3.74,9.81,13.55,NA,NA,0.46,13.85,NA,NA,NA,NA,NA,NA,NA,NA,NA,NA,NA,0.00,NA,NA,NA
2020-09-04 05:00:00,43.89,82.18,3.82,10.66,14.48,NA,NA,0.48,14.27,NA,NA,NA,NA,NA,NA,NA,NA,NA,NA,NA,0.00,NA,NA,NA
2020-09-04 06:00:00,47.20,70.19,3.87,13.01,16.88,NA,NA,0.48,18.57,NA,NA,NA,NA,NA,NA,NA,NA,NA,NA,NA,0.00,NA,NA,NA
2020-09-04 07:00:00,50.43,80.60,4.30,11.11,15.41,NA,NA,0.52,31.40,NA,NA,NA,NA,NA,NA,NA,NA,NA,NA,NA,0.00,NA,NA,NA
2020-09-04 08:00:00,52.24,82.90,3.97,7.70,11.67,NA,NA,0.47,44.22,NA,NA,NA,NA,NA,NA,NA,NA,NA,NA,NA,0.00,NA,NA,NA
2020-09-04 09:00:00,47.98,48.38,3.83,6.19,10.02,NA,NA,0.39,47.68,NA,NA,NA,NA,NA,NA,NA,NA,NA,NA,NA,0.00,NA,NA,NA
2020-09-04 10:00:00,45.92,36.38,3.66,5.68,9.34,NA,NA,0.36,51.99,NA,NA,NA,NA,NA,NA,NA,NA,NA,NA,NA,0.00,NA,NA,NA
2020-09-04 11:00:00,32.25,46.93,3.75,5.82,9.58,NA,NA,0.37,51.28,NA,NA,NA,NA,NA,NA,NA,NA,NA,NA,NA,0.00,NA,NA,NA
2020-09-04 12:00:00,28.46,42.23,3.81,6.19,10.00,NA,NA,0.37,52.57,NA,NA,NA,NA,NA,NA,NA,NA,NA,NA,NA,0.00,NA,NA,NA
2020-09-04 13:00:00,33.28,45.08,3.85,6.99,10.84,NA,NA,0.36,58.23,NA,NA,NA,NA,NA,NA,NA,NA,NA,NA,NA,0.00,NA,NA,NA
2020-09-04 14:00:00,29.74,43.11,3.81,6.43,10.24,NA,NA,0.36,68.14,NA,NA,NA,NA,NA,NA,NA,NA,NA,NA,NA,0.00,NA,NA,NA
2020-09-04 15:00:00,36.90,45.90,3.73,6.51,10.24,NA,NA,0.34,73.50,NA,NA,NA,NA,NA,NA,NA,NA,NA,NA,NA,0.00,NA,NA,NA
2020-09-04 16:00:00,52.46,58.81,3.69,6.74,10.42,NA,NA,0.29,70.34,NA,NA,NA,NA,NA,NA,NA,NA,NA,NA,NA,0.00,NA,NA,NA
2020-09-04 17:00:00,49.22,76.26,3.81,9.71,13.52,NA,NA,0.32,41.72,NA,NA,NA,NA,NA,NA,NA,NA,NA,NA,NA,0.00,NA,NA,NA
2020-09-04 18:00:00,36.85,75.42,3.73,11.49,15.22,NA,NA,0.36,33.71,NA,NA,NA,NA,NA,NA,NA,NA,NA,NA,NA,0.00,NA,NA,NA
2020-09-04 19:00:00,22.09,45.76,3.69,12.24,15.94,NA,NA,0.41,22.39,NA,NA,NA,NA,NA,NA,NA,NA,NA,NA,NA,0.00,NA,NA,NA
2020-09-04 20:00:00,13.01,35.92,3.83,10.64,14.47,NA,NA,0.44,11.11,NA,NA,NA,NA,NA,NA,NA,NA,NA,NA,NA,0.00,NA,NA,NA
2020-09-04 21:00:00,14.88,42.19,4.36,11.25,15.62,NA,NA,0.45,5.64,NA,NA,NA,NA,NA,NA,NA,NA,NA,NA,NA,0.00,NA,NA,NA
2020-09-04 22:00:00,20.12,30.75,6.38,14.48,20.86,NA,NA,0.45,3.89,NA,NA,NA,NA,NA,NA,NA,NA,NA,NA,NA,0.00,NA,NA,NA
2020-09-04 23:00:00,31.17,41.57,4.73,14.80,19.54,NA,NA,0.47,6.72,NA,NA,NA,NA,NA,NA,NA,NA,NA,NA,NA,0.00,NA,NA,NA
2020-09-05 00:00:00,37.49,62.82,5.70,14.48,20.19,NA,NA,0.47,4.42,NA,NA,NA,NA,NA,NA,NA,NA,NA,NA,NA,0.00,NA,NA,NA
2020-09-05 01:00:00,33.04,49.04,8.45,15.62,24.06,NA,NA,0.44,2.98,NA,NA,NA,NA,NA,NA,NA,NA,NA,NA,NA,0.00,NA,NA,NA
2020-09-05 02:00:00,25.76,43.64,5.28,13.64,18.92,NA,NA,0.41,4.53,NA,NA,NA,NA,NA,NA,NA,NA,NA,NA,NA,0.00,NA,NA,NA
2020-09-05 03:00:00,24.96,33.01,5.61,13.51,19.13,NA,NA,0.42,4.59,NA,NA,NA,NA,NA,NA,NA,NA,NA,NA,NA,0.00,NA,NA,NA
2020-09-05 04:00:00,25.27,48.84,4.38,12.04,16.41,NA,NA,0.39,12.86,NA,NA,NA,NA,NA,NA,NA,NA,NA,NA,NA,0.00,NA,NA,NA
2020-09-05 05:00:00,20.03,30.03,5.74,8.44,14.22,NA,NA,0.37,4.57,NA,NA,NA,NA,NA,NA,NA,NA,NA,NA,NA,0.00,NA,NA,NA
2020-09-05 06:00:00,30.87,43.22,17.58,14.86,32.42,NA,NA,0.43,3.72,NA,NA,NA,NA,NA,NA,NA,NA,NA,NA,NA,0.00,NA,NA,NA
2020-09-05 07:00:00,30.33,56.32,8.85,12.75,21.59,NA,NA,0.49,8.22,NA,NA,NA,NA,NA,NA,NA,NA,NA,NA,NA,0.00,NA,NA,NA
2020-09-05 08:00:00,48.02,61.05,5.03,9.84,14.86,NA,NA,0.44,20.95,NA,NA,NA,NA,NA,NA,NA,NA,NA,NA,NA,0.00,NA,NA,NA
2020-09-05 09:00:00,28.03,48.95,4.29,8.68,12.96,NA,NA,0.42,40.23,NA,NA,NA,NA,NA,NA,NA,NA,NA,NA,NA,0.00,NA,NA,NA
2020-09-05 10:00:00,33.37,52.55,3.97,7.31,11.28,NA,NA,0.38,53.93,NA,NA,NA,NA,NA,NA,NA,NA,NA,NA,NA,0.00,NA,NA,NA
2020-09-05 11:00:00,27.68,46.15,3.71,6.44,10.15,NA,NA,0.34,58.82,NA,NA,NA,NA,NA,NA,NA,NA,NA,NA,NA,0.00,NA,NA,NA
2020-09-05 12:00:00,42.48,86.55,3.93,5.79,9.72,NA,NA,0.28,67.48,NA,NA,NA,NA,NA,NA,NA,NA,NA,NA,NA,0.00,NA,NA,NA
2020-09-05 13:00:00,32.10,49.42,3.98,5.71,9.69,NA,NA,0.32,64.41,NA,NA,NA,NA,NA,NA,NA,NA,NA,NA,NA,0.00,NA,NA,NA
2020-09-05 14:00:00,19.31,26.50,3.74,5.68,9.42,NA,NA,0.34,71.54,NA,NA,NA,NA,NA,NA,NA,NA,NA,NA,NA,0.00,NA,NA,NA
2020-09-05 15:00:00,29.72,32.85,3.65,5.98,9.63,NA,NA,0.35,82.22,NA,NA,NA,NA,NA,NA,NA,NA,NA,NA,NA,0.00,NA,NA,NA
2020-09-05 16:00:00,34.66,51.43,3.64,5.73,9.37,NA,NA,0.35,78.25,NA,NA,NA,NA,NA,NA,NA,NA,NA,NA,NA,0.00,NA,NA,NA
2020-09-05 17:00:00,41.35,65.74,3.66,8.76,12.44,NA,NA,0.41,63.78,NA,NA,NA,NA,NA,NA,NA,NA,NA,NA,NA,0.00,NA,NA,NA
2020-09-05 18:00:00,20.26,34.43,3.65,11.56,15.20,NA,NA,0.42,68.70,NA,NA,NA,NA,NA,NA,NA,NA,NA,NA,NA,0.00,NA,NA,NA
2020-09-05 19:00:00,14.80,44.45,3.64,9.71,13.35,NA,NA,0.36,64.04,NA,NA,NA,NA,NA,NA,NA,NA,NA,NA,NA,0.00,NA,NA,NA
2020-09-05 20:00:00,1.60,15.88,3.69,19.22,22.90,NA,NA,0.44,37.17,NA,NA,NA,NA,NA,NA,NA,NA,NA,NA,NA,0.00,NA,NA,NA
2020-09-05 21:00:00,4.76,4.48,3.65,20.08,23.75,NA,NA,0.49,25.14,NA,NA,NA,NA,NA,NA,NA,NA,NA,NA,NA,0.00,NA,NA,NA
2020-09-05 22:00:00,13.18,12.43,4.24,33.30,37.55,NA,NA,0.66,13.56,NA,NA,NA,NA,NA,NA,NA,NA,NA,NA,NA,0.00,NA,NA,NA
2020-09-05 23:00:00,16.65,12.57,3.66,21.63,25.27,NA,NA,0.48,27.85,NA,NA,NA,NA,NA,NA,NA,NA,NA,NA,NA,0.00,NA,NA,NA
2020-09-06 00:00:00,4.78,6.15,4.04,17.59,21.63,NA,NA,0.44,17.76,NA,NA,NA,NA,NA,NA,NA,NA,NA,NA,NA,0.00,NA,NA,NA
2020-09-06 01:00:00,12.86,15.08,4.36,21.41,25.78,NA,NA,0.45,7.64,NA,NA,NA,NA,NA,NA,NA,NA,NA,NA,NA,0.00,NA,NA,NA
2020-09-06 02:00:00,8.35,13.34,4.16,14.01,18.17,NA,NA,0.44,7.30,NA,NA,NA,NA,NA,NA,NA,NA,NA,NA,NA,0.00,NA,NA,NA
2020-09-06 03:00:00,13.03,22.07,4.74,22.14,26.88,NA,NA,0.42,6.18,NA,NA,NA,NA,NA,NA,NA,NA,NA,NA,NA,0.00,NA,NA,NA
2020-09-06 04:00:00,9.88,12.52,3.84,17.23,21.07,NA,NA,0.38,12.30,NA,NA,NA,NA,NA,NA,NA,NA,NA,NA,NA,0.00,NA,NA,NA
2020-09-06 05:00:00,6.28,19.00,3.91,13.74,17.65,NA,NA,0.37,9.59,NA,NA,NA,NA,NA,NA,NA,NA,NA,NA,NA,0.00,NA,NA,NA
2020-09-06 06:00:00,7.64,18.57,4.08,12.11,16.19,NA,NA,0.38,11.23,NA,NA,NA,NA,NA,NA,NA,NA,NA,NA,NA,0.00,NA,NA,NA
2020-09-06 07:00:00,12.54,25.88,5.45,13.18,18.63,NA,NA,0.44,13.44,NA,NA,NA,NA,NA,NA,NA,NA,NA,NA,NA,0.00,NA,NA,NA
2020-09-06 08:00:00,21.67,22.05,7.65,14.78,22.43,NA,NA,0.47,16.36,NA,NA,NA,NA,NA,NA,NA,NA,NA,NA,NA,0.00,NA,NA,NA
2020-09-06 09:00:00,29.86,32.69,6.37,14.63,20.99,NA,NA,0.48,31.17,NA,NA,NA,NA,NA,NA,NA,NA,NA,NA,NA,0.00,NA,NA,NA
2020-09-06 10:00:00,31.74,43.88,4.92,13.27,18.19,NA,NA,0.48,52.31,NA,NA,NA,NA,NA,NA,NA,NA,NA,NA,NA,0.00,NA,NA,NA
2020-09-06 11:00:00,33.24,46.14,4.04,10.22,14.26,NA,NA,0.43,72.72,NA,NA,NA,NA,NA,NA,NA,NA,NA,NA,NA,0.00,NA,NA,NA
2020-09-06 12:00:00,39.22,54.92,3.87,8.37,12.24,NA,NA,0.45,84.37,NA,NA,NA,NA,NA,NA,NA,NA,NA,NA,NA,0.00,NA,NA,NA
2020-09-06 13:00:00,38.60,42.03,3.75,8.06,11.81,NA,NA,0.46,103.33,NA,NA,NA,NA,NA,NA,NA,NA,NA,NA,NA,0.00,NA,NA,NA
2020-09-06 14:00:00,40.08,56.36,3.79,7.55,11.33,NA,NA,0.46,100.48,NA,NA,NA,NA,NA,NA,NA,NA,NA,NA,NA,0.00,NA,NA,NA
2020-09-06 15:00:00,36.89,51.09,3.74,7.31,11.05,NA,NA,0.45,98.45,NA,NA,NA,NA,NA,NA,NA,NA,NA,NA,NA,0.00,NA,NA,NA
2020-09-06 16:00:00,42.57,61.76,3.71,7.51,11.22,NA,NA,0.46,102.03,NA,NA,NA,NA,NA,NA,NA,NA,NA,NA,NA,0.00,NA,NA,NA
2020-09-06 17:00:00,47.95,61.86,3.69,7.76,11.45,NA,NA,0.46,95.22,NA,NA,NA,NA,NA,NA,NA,NA,NA,NA,NA,0.00,NA,NA,NA
2020-09-06 18:00:00,47.55,63.29,3.66,7.75,11.40,NA,NA,0.47,78.01,NA,NA,NA,NA,NA,NA,NA,NA,NA,NA,NA,0.00,NA,NA,NA
2020-09-06 19:00:00,47.66,63.11,3.62,7.65,11.26,NA,NA,0.49,29.91,NA,NA,NA,NA,NA,NA,NA,NA,NA,NA,NA,0.00,NA,NA,NA
2020-09-06 20:00:00,31.31,43.44,3.79,9.79,13.58,NA,NA,0.53,19.43,NA,NA,NA,NA,NA,NA,NA,NA,NA,NA,NA,0.00,NA,NA,NA
2020-09-06 21:00:00,42.05,54.78,3.84,18.04,21.88,NA,NA,0.80,15.04,NA,NA,NA,NA,NA,NA,NA,NA,NA,NA,NA,0.00,NA,NA,NA
2020-09-06 22:00:00,53.53,58.09,4.88,15.92,20.81,NA,NA,0.86,5.95,NA,NA,NA,NA,NA,NA,NA,NA,NA,NA,NA,0.00,NA,NA,NA
2020-09-06 23:00:00,41.91,47.10,5.96,12.60,18.56,NA,NA,0.82,3.54,NA,NA,NA,NA,NA,NA,NA,NA,NA,NA,NA,0.00,NA,NA,NA
2020-09-07 00:00:00,37.84,33.72,5.96,15.65,21.61,NA,NA,0.94,3.75,NA,NA,NA,NA,NA,NA,NA,NA,NA,NA,NA,0.00,NA,NA,NA
2020-09-07 01:00:00,33.29,53.81,7.72,19.89,27.61,NA,NA,1.13,3.51,NA,NA,NA,NA,NA,NA,NA,NA,NA,NA,NA,0.00,NA,NA,NA
2020-09-07 02:00:00,21.33,50.25,21.08,10.05,31.07,NA,NA,1.24,4.39,NA,NA,NA,NA,NA,NA,NA,NA,NA,NA,NA,0.00,NA,NA,NA
2020-09-07 03:00:00,NA,6.59,11.82,11.78,23.60,NA,NA,1.35,6.03,NA,NA,NA,NA,NA,NA,NA,NA,NA,NA,NA,0.00,NA,NA,NA
2020-09-07 04:00:00,NA,NA,10.50,11.57,22.07,NA,NA,1.27,4.82,NA,NA,NA,NA,NA,NA,NA,NA,NA,NA,NA,0.00,NA,NA,NA
2020-09-07 05:00:00,NA,NA,16.88,11.85,28.75,NA,NA,1.27,5.50,NA,NA,NA,NA,NA,NA,NA,NA,NA,NA,NA,0.00,NA,NA,NA
2020-09-07 06:00:00,NA,15.81,30.75,14.70,45.46,NA,NA,1.25,6.06,NA,NA,NA,NA,NA,NA,NA,NA,NA,NA,NA,0.00,NA,NA,NA
2020-09-07 07:00:00,6.99,40.71,27.93,24.05,51.97,NA,NA,1.31,8.14,NA,NA,NA,NA,NA,NA,NA,NA,NA,NA,NA,0.00,NA,NA,NA
2020-09-07 08:00:00,35.47,98.92,15.19,32.06,47.23,NA,NA,1.31,21.83,NA,NA,NA,NA,NA,NA,NA,NA,NA,NA,NA,0.00,NA,NA,NA
2020-09-07 09:00:00,58.08,89.90,5.89,23.75,29.64,NA,NA,0.96,57.08,NA,NA,NA,NA,NA,NA,NA,NA,NA,NA,NA,0.00,NA,NA,NA
2020-09-07 10:00:00,52.47,67.07,4.11,11.36,15.47,NA,NA,0.74,73.65,NA,NA,NA,NA,NA,NA,NA,NA,NA,NA,NA,0.00,NA,NA,NA
2020-09-07 11:00:00,48.13,69.94,3.80,9.67,13.46,NA,NA,0.71,94.81,NA,NA,NA,NA,NA,NA,NA,NA,NA,NA,NA,0.00,NA,NA,NA
2020-09-07 12:00:00,49.02,63.32,3.59,10.99,14.58,NA,NA,0.68,102.55,NA,NA,NA,NA,NA,NA,NA,NA,NA,NA,NA,0.00,NA,NA,NA
2020-09-07 13:00:00,62.19,104.41,3.97,11.22,15.19,NA,NA,0.70,114.19,NA,NA,NA,NA,NA,NA,NA,NA,NA,NA,NA,0.00,NA,NA,NA
2020-09-07 14:00:00,48.24,68.96,4.21,12.88,17.09,NA,NA,0.62,71.18,NA,NA,NA,NA,NA,NA,NA,NA,NA,NA,NA,0.00,NA,NA,NA
2020-09-07 15:00:00,23.03,27.04,3.81,8.84,12.65,NA,NA,0.61,57.98,NA,NA,NA,NA,NA,NA,NA,NA,NA,NA,NA,0.00,NA,NA,NA
2020-09-07 16:00:00,4.72,14.61,4.47,11.84,16.31,NA,NA,0.65,29.54,NA,NA,NA,NA,NA,NA,NA,NA,NA,NA,NA,0.00,NA,NA,NA
2020-09-07 17:00:00,14.43,16.63,3.73,11.13,14.86,NA,NA,0.66,35.48,NA,NA,NA,NA,NA,NA,NA,NA,NA,NA,NA,0.00,NA,NA,NA
2020-09-07 18:00:00,19.03,19.14,3.70,12.19,15.89,NA,NA,0.71,28.44,NA,NA,NA,NA,NA,NA,NA,NA,NA,NA,NA,0.00,NA,NA,NA
2020-09-07 19:00:00,32.81,38.68,3.62,14.55,18.17,NA,NA,0.79,22.02,NA,NA,NA,NA,NA,NA,NA,NA,NA,NA,NA,0.00,NA,NA,NA
2020-09-07 20:00:00,53.88,55.40,3.88,22.10,25.98,NA,NA,0.88,14.14,NA,NA,NA,NA,NA,NA,NA,NA,NA,NA,NA,0.00,NA,NA,NA
2020-09-07 21:00:00,62.43,70.58,4.34,23.41,27.77,NA,NA,0.96,7.25,NA,NA,NA,NA,NA,NA,NA,NA,NA,NA,NA,0.00,NA,NA,NA
2020-09-07 22:00:00,62.30,87.19,5.02,23.25,28.22,NA,NA,1.07,5.46,NA,NA,NA,NA,NA,NA,NA,NA,NA,NA,NA,0.00,NA,NA,NA
2020-09-07 23:00:00,52.41,66.02,4.69,18.85,23.54,NA,NA,0.88,8.72,NA,NA,NA,NA,NA,NA,NA,NA,NA,NA,NA,0.00,NA,NA,NA
2020-09-08 00:00:00,28.39,44.62,3.91,16.69,20.59,NA,NA,0.68,11.68,NA,NA,NA,NA,NA,NA,NA,NA,NA,NA,NA,0.00,NA,NA,NA
2020-09-08 01:00:00,19.52,44.99,4.12,15.01,19.14,NA,NA,0.66,8.82,NA,NA,NA,NA,NA,NA,NA,NA,NA,NA,NA,0.00,NA,NA,NA
2020-09-08 02:00:00,19.88,32.47,3.71,13.05,16.75,NA,NA,0.63,16.05,NA,NA,NA,NA,NA,NA,NA,NA,NA,NA,NA,0.00,NA,NA,NA
2020-09-08 03:00:00,17.78,36.72,3.75,11.80,15.56,NA,NA,0.61,16.78,NA,NA,NA,NA,NA,NA,NA,NA,NA,NA,NA,0.00,NA,NA,NA
2020-09-08 04:00:00,16.10,25.31,4.17,10.18,14.35,NA,NA,0.57,7.82,NA,NA,NA,NA,NA,NA,NA,NA,NA,NA,NA,0.00,NA,NA,NA
2020-09-08 05:00:00,18.33,33.08,7.14,12.82,19.97,NA,NA,0.59,3.84,NA,NA,NA,NA,NA,NA,NA,NA,NA,NA,NA,0.00,NA,NA,NA
2020-09-08 06:00:00,20.56,34.17,6.91,12.45,19.36,NA,NA,0.59,4.58,NA,NA,NA,NA,NA,NA,NA,NA,NA,NA,NA,0.00,NA,NA,NA
2020-09-08 07:00:00,11.41,31.35,8.27,14.96,23.23,NA,NA,0.64,9.87,NA,NA,NA,NA,NA,NA,NA,NA,NA,NA,NA,0.00,NA,NA,NA
2020-09-08 08:00:00,26.97,44.80,6.37,14.03,20.42,NA,NA,0.65,25.08,NA,NA,NA,NA,NA,NA,NA,NA,NA,NA,NA,0.00,NA,NA,NA
2020-09-08 09:00:00,32.37,50.37,5.60,14.31,19.90,NA,NA,0.71,41.82,NA,NA,NA,NA,NA,NA,NA,NA,NA,NA,NA,0.00,NA,NA,NA
2020-09-08 10:00:00,39.10,65.87,4.27,9.19,13.45,NA,NA,0.68,56.11,NA,NA,NA,NA,NA,NA,NA,NA,NA,NA,NA,0.00,NA,NA,NA
2020-09-08 11:00:00,41.73,68.74,4.12,9.86,13.98,NA,NA,0.69,71.56,NA,NA,NA,NA,NA,NA,NA,NA,NA,NA,NA,0.00,NA,NA,NA
2020-09-08 12:00:00,47.03,67.57,3.79,9.13,12.92,NA,NA,0.65,92.97,NA,NA,NA,NA,NA,NA,NA,NA,NA,NA,NA,0.00,NA,NA,NA
2020-09-08 13:00:00,37.43,66.01,3.74,8.44,12.18,NA,NA,0.63,93.59,NA,NA,NA,NA,NA,NA,NA,NA,NA,NA,NA,0.00,NA,NA,NA
2020-09-08 14:00:00,41.63,61.90,3.69,7.76,11.45,NA,NA,0.64,94.79,NA,NA,NA,NA,NA,NA,NA,NA,NA,NA,NA,0.00,NA,NA,NA
2020-09-08 15:00:00,45.63,73.33,3.68,7.64,11.33,NA,NA,0.62,92.65,NA,NA,NA,NA,NA,NA,NA,NA,NA,NA,NA,0.00,NA,NA,NA
2020-09-08 16:00:00,36.40,59.93,3.67,7.27,10.95,NA,NA,0.61,83.63,NA,NA,NA,NA,NA,NA,NA,NA,NA,NA,NA,0.00,NA,NA,NA
2020-09-08 17:00:00,42.93,64.28,3.87,9.47,13.34,NA,NA,0.63,68.92,NA,NA,NA,NA,NA,NA,NA,NA,NA,NA,NA,0.00,NA,NA,NA
2020-09-08 18:00:00,45.69,80.97,3.69,10.52,14.22,NA,NA,0.68,53.71,NA,NA,NA,NA,NA,NA,NA,NA,NA,NA,NA,0.00,NA,NA,NA
2020-09-08 19:00:00,39.16,68.56,3.66,12.91,16.57,NA,NA,0.80,24.82,NA,NA,NA,NA,NA,NA,NA,NA,NA,NA,NA,0.00,NA,NA,NA
2020-09-08 20:00:00,47.15,82.90,3.94,13.63,17.57,NA,NA,0.90,12.41,NA,NA,NA,NA,NA,NA,NA,NA,NA,NA,NA,0.00,NA,NA,NA
2020-09-08 21:00:00,55.64,92.48,4.90,12.54,17.44,NA,NA,1.02,5.46,NA,NA,NA,NA,NA,NA,NA,NA,NA,NA,NA,0.00,NA,NA,NA
2020-09-08 22:00:00,49.34,82.94,5.53,11.68,17.21,NA,NA,1.05,4.35,NA,NA,NA,NA,NA,NA,NA,NA,NA,NA,NA,0.00,NA,NA,NA
2020-09-08 23:00:00,50.12,73.32,6.53,10.07,16.60,NA,NA,1.05,3.35,NA,NA,NA,NA,NA,NA,NA,NA,NA,NA,NA,0.00,NA,NA,NA
2020-09-09 00:00:00,50.72,57.87,8.90,10.24,19.14,NA,NA,1.10,2.96,NA,NA,NA,NA,NA,NA,NA,NA,NA,NA,NA,0.00,NA,NA,NA
2020-09-09 01:00:00,51.57,79.95,15.04,13.59,28.63,NA,NA,1.09,3.47,NA,NA,NA,NA,NA,NA,NA,NA,NA,NA,NA,0.00,NA,NA,NA
2020-09-09 02:00:00,58.38,94.13,11.55,14.98,26.54,NA,NA,1.07,3.15,NA,NA,NA,NA,NA,NA,NA,NA,NA,NA,NA,0.00,NA,NA,NA
2020-09-09 03:00:00,58.19,117.34,8.04,13.84,21.89,NA,NA,0.96,3.32,NA,NA,NA,NA,NA,NA,NA,NA,NA,NA,NA,0.00,NA,NA,NA
2020-09-09 04:00:00,62.70,111.13,10.45,12.97,23.41,NA,NA,0.97,3.55,NA,NA,NA,NA,NA,NA,NA,NA,NA,NA,NA,0.00,NA,NA,NA
2020-09-09 05:00:00,75.92,128.89,16.07,11.92,27.99,NA,NA,0.96,3.44,NA,NA,NA,NA,NA,NA,NA,NA,NA,NA,NA,0.00,NA,NA,NA
2020-09-09 06:00:00,68.20,112.15,17.68,11.27,28.94,NA,NA,1.00,3.86,NA,NA,NA,NA,NA,NA,NA,NA,NA,NA,NA,0.00,NA,NA,NA
2020-09-09 07:00:00,77.83,132.27,26.72,21.43,48.15,NA,NA,1.14,6.17,NA,NA,NA,NA,NA,NA,NA,NA,NA,NA,NA,0.00,NA,NA,NA
2020-09-09 08:00:00,85.57,145.19,10.14,22.41,32.57,NA,NA,1.11,19.11,NA,NA,NA,NA,NA,NA,NA,NA,NA,NA,NA,0.00,NA,NA,NA
2020-09-09 09:00:00,71.81,115.82,5.06,15.04,20.10,NA,NA,0.89,49.89,NA,NA,NA,NA,NA,NA,NA,NA,NA,NA,NA,0.00,NA,NA,NA
2020-09-09 10:00:00,64.64,120.17,4.26,11.00,15.26,NA,NA,0.83,75.69,NA,NA,NA,NA,NA,NA,NA,NA,NA,NA,NA,0.00,NA,NA,NA
2020-09-09 11:00:00,57.13,111.94,3.85,16.46,20.32,NA,NA,0.73,89.88,NA,NA,NA,NA,NA,NA,NA,NA,NA,NA,NA,0.00,NA,NA,NA
2020-09-09 12:00:00,NA,NA,NA,NA,NA,NA,NA,NA,NA,NA,NA,NA,NA,NA,NA,NA,NA,NA,NA,NA,0.00,NA,NA,NA
2020-09-09 13:00:00,NA,NA,NA,NA,NA,NA,NA,NA,NA,NA,NA,NA,NA,NA,NA,NA,NA,NA,NA,NA,0.00,NA,NA,NA
2020-09-09 14:00:00,NA,NA,NA,NA,NA,NA,NA,NA,NA,NA,NA,NA,NA,NA,NA,NA,NA,NA,NA,NA,0.00,NA,NA,NA
2020-09-09 15:00:00,NA,NA,NA,NA,NA,NA,NA,NA,NA,NA,NA,NA,NA,NA,NA,NA,NA,NA,NA,NA,0.00,NA,NA,NA
2020-09-09 16:00:00,NA,NA,NA,NA,NA,NA,NA,NA,NA,NA,NA,NA,NA,NA,NA,NA,NA,NA,NA,NA,0.00,NA,NA,NA
2020-09-09 17:00:00,NA,NA,NA,NA,NA,NA,NA,NA,NA,NA,NA,NA,NA,NA,NA,NA,NA,NA,NA,NA,0.00,NA,NA,NA
2020-09-09 18:00:00,NA,NA,NA,NA,NA,NA,NA,NA,NA,NA,NA,NA,NA,NA,NA,NA,NA,NA,NA,NA,0.00,NA,NA,NA
2020-09-09 19:00:00,NA,NA,NA,NA,NA,NA,NA,NA,NA,NA,NA,NA,NA,NA,NA,NA,NA,NA,NA,NA,0.00,NA,NA,NA
2020-09-09 20:00:00,NA,NA,NA,NA,NA,NA,NA,NA,NA,NA,NA,NA,NA,NA,NA,NA,NA,NA,NA,NA,0.00,NA,NA,NA
2020-09-09 21:00:00,NA,NA,NA,NA,NA,NA,NA,NA,NA,NA,NA,NA,NA,NA,NA,NA,NA,NA,NA,NA,0.00,NA,NA,NA
2020-09-09 22:00:00,NA,NA,NA,NA,NA,NA,NA,NA,NA,NA,NA,NA,NA,NA,NA,NA,NA,NA,NA,NA,0.00,NA,NA,NA
2020-09-09 23:00:00,NA,NA,NA,NA,NA,NA,NA,NA,NA,NA,NA,NA,NA,NA,NA,NA,NA,NA,NA,NA,0.00,NA,NA,NA
2020-09-10 00:00:00,NA,NA,NA,NA,NA,NA,NA,NA,NA,NA,NA,NA,NA,NA,NA,NA,NA,NA,NA,NA,0.00,NA,NA,NA
2020-09-10 01:00:00,NA,NA,NA,NA,NA,NA,NA,NA,NA,NA,NA,NA,NA,NA,NA,NA,NA,NA,NA,NA,0.00,NA,NA,NA
2020-09-10 02:00:00,NA,NA,NA,NA,NA,NA,NA,NA,NA,NA,NA,NA,NA,NA,NA,NA,NA,NA,NA,NA,0.00,NA,NA,NA
2020-09-10 03:00:00,NA,NA,NA,NA,NA,NA,NA,NA,NA,NA,NA,NA,NA,NA,NA,NA,NA,NA,NA,NA,0.00,NA,NA,NA
2020-09-10 04:00:00,NA,NA,NA,NA,NA,NA,NA,NA,NA,NA,NA,NA,NA,NA,NA,NA,NA,NA,NA,NA,0.00,NA,NA,NA
2020-09-10 05:00:00,NA,NA,NA,NA,NA,NA,NA,NA,NA,NA,NA,NA,NA,NA,NA,NA,NA,NA,NA,NA,0.00,NA,NA,NA
2020-09-10 06:00:00,NA,NA,NA,NA,NA,NA,NA,NA,NA,NA,NA,NA,NA,NA,NA,NA,NA,NA,NA,NA,0.00,NA,NA,NA
2020-09-10 07:00:00,NA,NA,NA,NA,NA,NA,NA,NA,NA,NA,NA,NA,NA,NA,NA,NA,NA,NA,NA,NA,0.00,NA,NA,NA
2020-09-10 08:00:00,NA,NA,NA,NA,NA,NA,NA,NA,NA,NA,NA,NA,NA,NA,NA,NA,NA,NA,NA,NA,0.00,NA,NA,NA
2020-09-10 09:00:00,NA,NA,NA,NA,NA,NA,NA,NA,NA,NA,NA,NA,NA,NA,NA,NA,NA,NA,NA,NA,0.00,NA,NA,NA
2020-09-10 10:00:00,NA,NA,NA,NA,NA,NA,NA,NA,NA,NA,NA,NA,NA,NA,NA,NA,NA,NA,NA,NA,0.00,NA,NA,NA
2020-09-10 11:00:00,NA,NA,NA,NA,NA,NA,NA,NA,NA,NA,NA,NA,NA,NA,NA,NA,NA,NA,NA,NA,0.00,NA,NA,NA
2020-09-10 12:00:00,NA,NA,NA,NA,NA,NA,NA,NA,NA,NA,NA,NA,NA,NA,NA,NA,NA,NA,NA,NA,0.00,NA,NA,NA
2020-09-10 13:00:00,34.21,92.63,91.16,81.41,123.98,NA,NA,1.95,71.81,NA,NA,NA,NA,NA,NA,NA,NA,NA,NA,NA,0.00,NA,NA,NA
2020-09-10 14:00:00,NA,NA,8.84,7.03,15.94,NA,NA,1.32,84.05,NA,NA,NA,NA,NA,NA,NA,NA,NA,NA,NA,0.00,NA,NA,NA
2020-09-10 15:00:00,NA,9.85,3.17,6.40,9.57,NA,NA,1.09,83.91,NA,NA,NA,NA,NA,NA,NA,NA,NA,NA,NA,0.00,NA,NA,NA
2020-09-10 16:00:00,1.62,43.97,2.72,6.66,9.38,NA,NA,1.07,85.76,NA,NA,NA,NA,NA,NA,NA,NA,NA,NA,NA,0.00,NA,NA,NA
2020-09-10 17:00:00,6.54,40.18,2.60,7.87,10.47,NA,NA,1.11,75.57,NA,NA,NA,NA,NA,NA,NA,NA,NA,NA,NA,0.00,NA,NA,NA
2020-09-10 18:00:00,29.07,47.89,2.69,9.25,11.93,NA,NA,1.10,55.22,NA,NA,NA,NA,NA,NA,NA,NA,NA,NA,NA,0.00,NA,NA,NA
2020-09-10 19:00:00,16.57,50.59,2.70,9.40,12.10,NA,NA,1.07,31.67,NA,NA,NA,NA,NA,NA,NA,NA,NA,NA,NA,0.00,NA,NA,NA
2020-09-10 20:00:00,8.70,87.23,2.86,9.36,12.22,NA,NA,1.12,15.55,NA,NA,NA,NA,NA,NA,NA,NA,NA,NA,NA,0.00,NA,NA,NA
2020-09-10 21:00:00,49.13,64.16,3.56,13.91,17.47,NA,NA,1.28,7.56,NA,NA,NA,NA,NA,NA,NA,NA,NA,NA,NA,0.00,NA,NA,NA
2020-09-10 22:00:00,37.71,82.58,4.13,12.59,16.72,NA,NA,1.24,5.45,NA,NA,NA,NA,NA,NA,NA,NA,NA,NA,NA,0.00,NA,NA,NA
2020-09-10 23:00:00,49.05,65.65,4.42,10.18,14.60,NA,NA,1.19,4.89,NA,NA,NA,NA,NA,NA,NA,NA,NA,NA,NA,0.00,NA,NA,NA
2020-09-11 00:00:00,62.01,83.06,7.31,13.27,20.57,NA,NA,1.20,4.42,NA,NA,NA,NA,NA,NA,NA,NA,NA,NA,NA,0.00,NA,NA,NA
2020-09-11 01:00:00,65.91,110.23,5.27,11.43,16.70,NA,NA,1.07,5.01,NA,NA,NA,NA,NA,NA,NA,NA,NA,NA,NA,0.00,NA,NA,NA
2020-09-11 02:00:00,59.96,90.84,5.05,9.93,14.98,NA,NA,1.03,3.90,NA,NA,NA,NA,NA,NA,NA,NA,NA,NA,NA,0.00,NA,NA,NA
2020-09-11 03:00:00,71.35,100.11,6.83,11.27,18.10,NA,NA,1.09,3.99,NA,NA,NA,NA,NA,NA,NA,NA,NA,NA,NA,0.00,NA,NA,NA
2020-09-11 04:00:00,67.89,136.52,5.07,11.96,17.02,NA,NA,1.10,4.83,NA,NA,NA,NA,NA,NA,NA,NA,NA,NA,NA,0.00,NA,NA,NA
2020-09-11 05:00:00,77.44,150.99,3.96,11.16,15.12,NA,NA,1.06,6.52,NA,NA,NA,NA,NA,NA,NA,NA,NA,NA,NA,0.00,NA,NA,NA
2020-09-11 06:00:00,75.32,111.19,5.08,7.69,12.77,NA,NA,0.98,3.72,NA,NA,NA,NA,NA,NA,NA,NA,NA,NA,NA,0.00,NA,NA,NA
2020-09-11 07:00:00,66.70,104.24,7.92,10.69,18.59,NA,NA,1.03,6.89,NA,NA,NA,NA,NA,NA,NA,NA,NA,NA,NA,0.00,NA,NA,NA
2020-09-11 08:00:00,77.78,154.31,9.95,26.61,36.58,NA,NA,1.26,23.56,NA,NA,NA,NA,NA,NA,NA,NA,NA,NA,NA,0.00,NA,NA,NA
2020-09-11 09:00:00,96.00,156.98,4.23,15.40,19.64,NA,NA,1.04,59.92,NA,NA,NA,NA,NA,NA,NA,NA,NA,NA,NA,0.00,NA,NA,NA
2020-09-11 10:00:00,57.27,114.97,3.18,7.80,10.99,NA,NA,0.87,81.82,NA,NA,NA,NA,NA,NA,NA,NA,NA,NA,NA,0.00,NA,NA,NA
2020-09-11 11:00:00,58.76,110.86,3.09,6.52,9.61,NA,NA,0.83,84.32,NA,NA,NA,NA,NA,NA,NA,NA,NA,NA,NA,0.00,NA,NA,NA
2020-09-11 12:00:00,53.21,107.23,3.07,8.04,11.12,NA,NA,0.89,118.29,NA,NA,NA,NA,NA,NA,NA,NA,NA,NA,NA,0.00,NA,NA,NA
2020-09-11 13:00:00,68.49,143.79,3.01,9.91,12.92,NA,NA,0.92,143.01,NA,NA,NA,NA,NA,NA,NA,NA,NA,NA,NA,0.00,NA,NA,NA
2020-09-11 14:00:00,55.86,112.42,2.98,7.75,10.73,NA,NA,0.81,115.26,NA,NA,NA,NA,NA,NA,NA,NA,NA,NA,NA,0.00,NA,NA,NA
2020-09-11 15:00:00,54.41,97.53,2.93,7.79,10.72,NA,NA,0.83,111.92,NA,NA,NA,NA,NA,NA,NA,NA,NA,NA,NA,0.00,NA,NA,NA
2020-09-11 16:00:00,65.86,122.33,3.04,7.74,10.79,NA,NA,0.81,108.37,NA,NA,NA,NA,NA,NA,NA,NA,NA,NA,NA,0.00,NA,NA,NA
2020-09-11 17:00:00,56.11,103.13,2.98,8.55,11.53,NA,NA,0.86,94.38,NA,NA,NA,NA,NA,NA,NA,NA,NA,NA,NA,0.00,NA,NA,NA
2020-09-11 18:00:00,61.14,110.48,3.02,10.86,13.88,NA,NA,0.90,41.73,NA,NA,NA,NA,NA,NA,NA,NA,NA,NA,NA,0.00,NA,NA,NA
2020-09-11 19:00:00,53.25,92.76,3.03,12.16,15.19,NA,NA,0.97,22.40,NA,NA,NA,NA,NA,NA,NA,NA,NA,NA,NA,0.00,NA,NA,NA
2020-09-11 20:00:00,76.04,110.08,3.37,11.50,14.86,NA,NA,1.04,9.82,NA,NA,NA,NA,NA,NA,NA,NA,NA,NA,NA,0.00,NA,NA,NA
2020-09-11 21:00:00,75.08,106.61,3.56,12.52,16.08,NA,NA,1.02,7.91,NA,NA,NA,NA,NA,NA,NA,NA,NA,NA,NA,0.00,NA,NA,NA
2020-09-11 22:00:00,68.82,95.39,4.63,12.89,17.51,NA,NA,1.12,4.65,NA,NA,NA,NA,NA,NA,NA,NA,NA,NA,NA,0.00,NA,NA,NA
2020-09-11 23:00:00,88.75,122.00,8.75,25.77,34.51,NA,NA,1.62,3.59,NA,NA,NA,NA,NA,NA,NA,NA,NA,NA,NA,0.00,NA,NA,NA
2020-09-12 00:00:00,67.94,115.38,11.39,16.37,27.76,NA,NA,1.50,3.79,NA,NA,NA,NA,NA,NA,NA,NA,NA,NA,NA,0.00,NA,NA,NA
2020-09-12 01:00:00,61.37,109.78,14.30,17.43,31.73,NA,NA,1.66,4.03,NA,NA,NA,NA,NA,NA,NA,NA,NA,NA,NA,0.00,NA,NA,NA
2020-09-12 02:00:00,71.18,120.58,13.83,15.19,29.03,NA,NA,1.51,10.09,NA,NA,NA,NA,NA,NA,NA,NA,NA,NA,NA,0.00,NA,NA,NA
2020-09-12 03:00:00,62.10,117.12,7.41,14.34,21.76,NA,NA,1.32,22.06,NA,NA,NA,NA,NA,NA,NA,NA,NA,NA,NA,0.00,NA,NA,NA
2020-09-12 04:00:00,64.56,87.79,6.47,9.34,15.81,NA,NA,1.11,20.61,NA,NA,NA,NA,NA,NA,NA,NA,NA,NA,NA,0.00,NA,NA,NA
2020-09-12 05:00:00,55.25,80.06,5.08,9.22,14.30,NA,NA,0.95,14.56,NA,NA,NA,NA,NA,NA,NA,NA,NA,NA,NA,0.00,NA,NA,NA
2020-09-12 06:00:00,46.67,72.79,8.30,7.94,16.24,NA,NA,0.95,7.37,NA,NA,NA,NA,NA,NA,NA,NA,NA,NA,NA,0.00,NA,NA,NA
2020-09-12 07:00:00,44.21,71.44,13.72,10.86,24.58,NA,NA,1.04,11.65,NA,NA,NA,NA,NA,NA,NA,NA,NA,NA,NA,0.00,NA,NA,NA
2020-09-12 08:00:00,68.21,108.36,8.04,25.82,33.86,NA,NA,1.39,46.46,NA,NA,NA,NA,NA,NA,NA,NA,NA,NA,NA,0.00,NA,NA,NA
2020-09-12 09:00:00,97.26,170.11,4.76,20.38,25.14,NA,NA,1.06,95.76,NA,NA,NA,NA,NA,NA,NA,NA,NA,NA,NA,0.00,NA,NA,NA
2020-09-12 10:00:00,33.71,129.60,3.85,16.93,20.77,NA,NA,0.96,115.20,NA,NA,NA,NA,NA,NA,NA,NA,NA,NA,NA,0.00,NA,NA,NA
2020-09-12 11:00:00,NA,156.31,3.43,14.51,17.94,NA,NA,0.95,134.74,NA,NA,NA,NA,NA,NA,NA,NA,NA,NA,NA,0.00,NA,NA,NA
2020-09-12 12:00:00,NA,136.74,3.21,10.20,13.41,NA,NA,0.85,141.39,NA,NA,NA,NA,NA,NA,NA,NA,NA,NA,NA,0.00,NA,NA,NA
2020-09-12 13:00:00,NA,113.26,3.11,9.68,12.79,NA,NA,0.86,153.44,NA,NA,NA,NA,NA,NA,NA,NA,NA,NA,NA,0.00,NA,NA,NA
2020-09-12 14:00:00,0.73,123.87,3.07,10.01,13.08,NA,NA,0.88,172.40,NA,NA,NA,NA,NA,NA,NA,NA,NA,NA,NA,0.00,NA,NA,NA
2020-09-12 15:00:00,11.97,127.45,3.12,10.23,13.34,NA,NA,0.87,168.59,NA,NA,NA,NA,NA,NA,NA,NA,NA,NA,NA,0.00,NA,NA,NA
2020-09-12 16:00:00,20.86,134.46,3.06,9.86,12.92,NA,NA,0.86,146.30,NA,NA,NA,NA,NA,NA,NA,NA,NA,NA,NA,0.00,NA,NA,NA
2020-09-12 17:00:00,25.16,139.31,3.05,10.34,13.39,NA,NA,0.89,102.65,NA,NA,NA,NA,NA,NA,NA,NA,NA,NA,NA,0.00,NA,NA,NA
2020-09-12 18:00:00,27.08,126.80,3.03,9.87,12.90,NA,NA,0.84,47.26,NA,NA,NA,NA,NA,NA,NA,NA,NA,NA,NA,0.00,NA,NA,NA
2020-09-12 19:00:00,24.80,110.31,3.16,9.64,12.80,NA,NA,0.86,22.76,NA,NA,NA,NA,NA,NA,NA,NA,NA,NA,NA,0.00,NA,NA,NA
2020-09-12 20:00:00,28.14,117.09,3.30,11.75,15.05,NA,NA,1.10,10.09,NA,NA,NA,NA,NA,NA,NA,NA,NA,NA,NA,0.00,NA,NA,NA
2020-09-12 21:00:00,70.87,123.79,4.05,13.29,17.35,NA,NA,1.21,6.48,NA,NA,NA,NA,NA,NA,NA,NA,NA,NA,NA,0.00,NA,NA,NA
2020-09-12 22:00:00,74.46,147.96,4.28,13.26,17.54,NA,NA,1.29,4.80,NA,NA,NA,NA,NA,NA,NA,NA,NA,NA,NA,0.00,NA,NA,NA
2020-09-12 23:00:00,83.89,134.32,5.17,11.48,16.65,NA,NA,1.31,3.56,NA,NA,NA,NA,NA,NA,NA,NA,NA,NA,NA,0.00,NA,NA,NA
2020-09-13 00:00:00,83.65,137.51,5.61,13.48,19.09,NA,NA,1.40,3.56,NA,NA,NA,NA,NA,NA,NA,NA,NA,NA,NA,0.00,NA,NA,NA
2020-09-13 01:00:00,83.13,144.37,7.21,13.86,21.08,NA,NA,1.47,3.18,NA,NA,NA,NA,NA,NA,NA,NA,NA,NA,NA,0.00,NA,NA,NA
2020-09-13 02:00:00,72.66,131.76,8.66,12.69,21.35,NA,NA,1.42,3.07,NA,NA,NA,NA,NA,NA,NA,NA,NA,NA,NA,0.00,NA,NA,NA
2020-09-13 03:00:00,71.89,106.57,7.50,11.26,18.76,NA,NA,1.34,2.98,NA,NA,NA,NA,NA,NA,NA,NA,NA,NA,NA,0.00,NA,NA,NA
2020-09-13 04:00:00,63.17,92.01,7.48,10.41,17.89,NA,NA,1.24,3.35,NA,NA,NA,NA,NA,NA,NA,NA,NA,NA,NA,0.00,NA,NA,NA
2020-09-13 05:00:00,60.35,94.18,9.19,10.53,19.73,NA,NA,1.26,3.05,NA,NA,NA,NA,NA,NA,NA,NA,NA,NA,NA,0.00,NA,NA,NA
2020-09-13 06:00:00,65.61,90.98,11.77,9.69,21.46,NA,NA,1.27,4.31,NA,NA,NA,NA,NA,NA,NA,NA,NA,NA,NA,0.00,NA,NA,NA
2020-09-13 07:00:00,55.64,84.05,15.19,13.40,28.65,NA,NA,1.20,4.62,NA,NA,NA,NA,NA,NA,NA,NA,NA,NA,NA,0.00,NA,NA,NA
2020-09-13 08:00:00,69.36,121.50,32.29,39.77,72.09,NA,NA,1.57,7.50,NA,NA,NA,NA,NA,NA,NA,NA,NA,NA,NA,0.00,NA,NA,NA
2020-09-13 09:00:00,99.70,194.64,6.80,23.89,30.58,NA,NA,1.14,47.59,NA,NA,NA,NA,NA,NA,NA,NA,NA,NA,NA,0.00,NA,NA,NA
2020-09-13 10:00:00,36.77,150.83,3.56,9.92,13.47,NA,NA,0.82,84.38,NA,NA,NA,NA,NA,NA,NA,NA,NA,NA,NA,0.00,NA,NA,NA
2020-09-13 11:00:00,NA,131.31,3.38,9.62,13.00,NA,NA,0.80,108.16,NA,NA,NA,NA,NA,NA,NA,NA,NA,NA,NA,0.00,NA,NA,NA
2020-09-13 12:00:00,18.64,146.73,3.28,10.69,13.97,NA,NA,0.86,127.43,NA,NA,NA,NA,NA,NA,NA,NA,NA,NA,NA,0.00,NA,NA,NA
2020-09-13 13:00:00,14.23,131.99,3.20,10.47,13.68,NA,NA,0.84,141.50,NA,NA,NA,NA,NA,NA,NA,NA,NA,NA,NA,0.00,NA,NA,NA
2020-09-13 14:00:00,27.65,144.02,3.18,11.54,14.72,NA,NA,0.87,141.88,NA,NA,NA,NA,NA,NA,NA,NA,NA,NA,NA,0.00,NA,NA,NA
2020-09-13 15:00:00,21.48,143.37,3.15,10.65,13.80,NA,NA,0.84,119.97,NA,NA,NA,NA,NA,NA,NA,NA,NA,NA,NA,0.00,NA,NA,NA
2020-09-13 16:00:00,22.32,127.48,3.15,9.08,12.22,NA,NA,0.79,107.40,NA,NA,NA,NA,NA,NA,NA,NA,NA,NA,NA,0.00,NA,NA,NA
2020-09-13 17:00:00,28.32,135.44,3.14,10.24,13.39,NA,NA,0.82,75.35,NA,NA,NA,NA,NA,NA,NA,NA,NA,NA,NA,0.00,NA,NA,NA
2020-09-13 18:00:00,33.49,149.25,3.18,10.79,13.97,NA,NA,0.95,36.02,NA,NA,NA,NA,NA,NA,NA,NA,NA,NA,NA,0.00,NA,NA,NA
2020-09-13 19:00:00,42.85,156.13,3.18,12.03,15.21,NA,NA,1.03,20.30,NA,NA,NA,NA,NA,NA,NA,NA,NA,NA,NA,0.00,NA,NA,NA
2020-09-13 20:00:00,101.54,161.01,3.45,12.63,16.09,NA,NA,1.19,13.72,NA,NA,NA,NA,NA,NA,NA,NA,NA,NA,NA,0.00,NA,NA,NA
2020-09-13 21:00:00,117.84,160.83,3.90,11.78,15.67,NA,NA,1.17,6.48,NA,NA,NA,NA,NA,NA,NA,NA,NA,NA,NA,0.00,NA,NA,NA
2020-09-13 22:00:00,100.27,135.67,4.20,11.46,15.66,NA,NA,1.13,5.18,NA,NA,NA,NA,NA,NA,NA,NA,NA,NA,NA,0.00,NA,NA,NA
2020-09-13 23:00:00,91.86,113.60,5.11,10.32,15.43,NA,NA,1.12,4.30,NA,NA,NA,NA,NA,NA,NA,NA,NA,NA,NA,0.00,NA,NA,NA
2020-09-14 00:00:00,89.91,116.15,5.24,11.20,16.44,NA,NA,1.14,3.54,NA,NA,NA,NA,NA,NA,NA,NA,NA,NA,NA,0.00,NA,NA,NA
2020-09-14 01:00:00,92.56,122.75,4.46,13.80,18.27,NA,NA,1.31,8.98,NA,NA,NA,NA,NA,NA,NA,NA,NA,NA,NA,0.00,NA,NA,NA
2020-09-14 02:00:00,105.77,138.20,5.44,11.14,16.58,NA,NA,1.20,11.13,NA,NA,NA,NA,NA,NA,NA,NA,NA,NA,NA,0.00,NA,NA,NA
2020-09-14 03:00:00,88.99,118.17,5.46,10.72,16.18,NA,NA,1.06,10.37,NA,NA,NA,NA,NA,NA,NA,NA,NA,NA,NA,0.00,NA,NA,NA
2020-09-14 04:00:00,84.57,115.50,5.03,10.07,15.10,NA,NA,0.98,6.50,NA,NA,NA,NA,NA,NA,NA,NA,NA,NA,NA,0.00,NA,NA,NA
2020-09-14 05:00:00,82.36,107.01,5.78,10.16,15.94,NA,NA,0.99,5.42,NA,NA,NA,NA,NA,NA,NA,NA,NA,NA,NA,0.00,NA,NA,NA
2020-09-14 06:00:00,81.02,109.84,15.78,11.91,27.66,NA,NA,1.06,6.48,NA,NA,NA,NA,NA,NA,NA,NA,NA,NA,NA,0.00,NA,NA,NA
2020-09-14 07:00:00,86.56,123.59,27.19,17.67,44.85,NA,NA,1.08,6.31,NA,NA,NA,NA,NA,NA,NA,NA,NA,NA,NA,0.00,NA,NA,NA
2020-09-14 08:00:00,94.69,157.63,9.15,23.65,32.82,NA,NA,1.16,16.65,NA,NA,NA,NA,NA,NA,NA,NA,NA,NA,NA,0.00,NA,NA,NA
2020-09-14 09:00:00,128.08,164.94,5.19,20.23,25.41,NA,NA,1.20,46.00,NA,NA,NA,NA,NA,NA,NA,NA,NA,NA,NA,0.00,NA,NA,NA
2020-09-14 10:00:00,119.52,181.21,3.80,12.84,16.64,NA,NA,1.01,90.50,NA,NA,NA,NA,NA,NA,NA,NA,NA,NA,NA,0.00,NA,NA,NA
2020-09-14 11:00:00,111.84,177.24,3.46,12.89,16.35,NA,NA,0.97,94.13,NA,NA,NA,NA,NA,NA,NA,NA,NA,NA,NA,0.00,NA,NA,NA
2020-09-14 12:00:00,112.21,177.11,3.45,12.39,15.84,NA,NA,0.91,104.92,NA,NA,NA,NA,NA,NA,NA,NA,NA,NA,NA,0.00,NA,NA,NA
2020-09-14 13:00:00,80.76,133.11,3.32,10.10,13.42,NA,NA,0.83,113.30,NA,NA,NA,NA,NA,NA,NA,NA,NA,NA,NA,0.00,NA,NA,NA
2020-09-14 14:00:00,80.61,140.97,3.28,8.60,11.88,NA,NA,0.81,115.14,NA,NA,NA,NA,NA,NA,NA,NA,NA,NA,NA,0.00,NA,NA,NA
2020-09-14 15:00:00,71.94,119.24,3.20,8.56,11.75,NA,NA,0.78,110.30,NA,NA,NA,NA,NA,NA,NA,NA,NA,NA,NA,0.00,NA,NA,NA
2020-09-14 16:00:00,70.51,121.64,3.13,9.24,12.36,NA,NA,0.76,100.80,NA,NA,NA,NA,NA,NA,NA,NA,NA,NA,NA,0.00,NA,NA,NA
2020-09-14 17:00:00,73.25,118.71,3.26,10.71,13.97,NA,NA,0.83,89.65,NA,NA,NA,NA,NA,NA,NA,NA,NA,NA,NA,0.00,NA,NA,NA
2020-09-14 18:00:00,96.77,145.26,3.23,9.31,12.54,NA,NA,0.85,32.94,NA,NA,NA,NA,NA,NA,NA,NA,NA,NA,NA,0.00,NA,NA,NA
2020-09-14 19:00:00,81.97,111.93,3.13,9.49,12.63,NA,NA,0.88,18.64,NA,NA,NA,NA,NA,NA,NA,NA,NA,NA,NA,0.00,NA,NA,NA
2020-09-14 20:00:00,67.69,120.13,154.60,33.21,187.36,NA,NA,0.98,10.12,NA,NA,NA,NA,NA,NA,NA,NA,NA,NA,NA,0.00,NA,NA,NA
2020-09-14 21:00:00,42.87,55.13,28.63,12.05,40.50,NA,NA,1.23,5.31,NA,NA,NA,NA,NA,NA,NA,NA,NA,NA,NA,0.00,NA,NA,NA
2020-09-14 22:00:00,NA,NA,5.10,12.45,17.55,NA,NA,1.22,3.57,NA,NA,NA,NA,NA,NA,NA,NA,NA,NA,NA,0.00,NA,NA,NA
2020-09-14 23:00:00,NA,NA,5.39,12.91,18.29,NA,NA,1.26,3.02,NA,NA,NA,NA,NA,NA,NA,NA,NA,NA,NA,0.00,NA,NA,NA
2020-09-15 00:00:00,7.96,5.83,9.02,11.92,20.96,NA,NA,1.41,3.11,NA,NA,NA,NA,NA,NA,NA,NA,NA,NA,NA,0.00,NA,NA,NA
2020-09-15 01:00:00,23.99,31.00,9.69,11.47,21.15,NA,NA,1.39,3.21,NA,NA,NA,NA,NA,NA,NA,NA,NA,NA,NA,0.00,NA,NA,NA
2020-09-15 02:00:00,11.43,54.51,11.75,12.11,23.87,NA,NA,1.52,4.19,NA,NA,NA,NA,NA,NA,NA,NA,NA,NA,NA,0.00,NA,NA,NA
2020-09-15 03:00:00,45.82,87.65,13.13,12.57,25.70,NA,NA,1.44,4.13,NA,NA,NA,NA,NA,NA,NA,NA,NA,NA,NA,0.00,NA,NA,NA
2020-09-15 04:00:00,50.21,70.37,17.05,13.43,30.48,NA,NA,1.41,4.28,NA,NA,NA,NA,NA,NA,NA,NA,NA,NA,NA,0.00,NA,NA,NA
2020-09-15 05:00:00,48.31,84.98,18.34,12.77,31.12,NA,NA,1.30,2.82,NA,NA,NA,NA,NA,NA,NA,NA,NA,NA,NA,0.00,NA,NA,NA
2020-09-15 06:00:00,53.54,69.66,17.30,10.33,27.62,NA,NA,1.19,4.05,NA,NA,NA,NA,NA,NA,NA,NA,NA,NA,NA,0.00,NA,NA,NA
2020-09-15 07:00:00,40.02,76.97,24.41,17.48,41.92,NA,NA,1.21,5.11,NA,NA,NA,NA,NA,NA,NA,NA,NA,NA,NA,0.00,NA,NA,NA
2020-09-15 08:00:00,58.52,127.05,15.23,28.80,43.99,NA,NA,1.12,18.83,NA,NA,NA,NA,NA,NA,NA,NA,NA,NA,NA,0.00,NA,NA,NA
2020-09-15 09:00:00,60.48,114.48,4.23,12.61,16.84,NA,NA,0.79,55.57,NA,NA,NA,NA,NA,NA,NA,NA,NA,NA,NA,0.00,NA,NA,NA
2020-09-15 10:00:00,58.76,103.72,3.50,8.35,11.85,NA,NA,0.77,77.61,NA,NA,NA,NA,NA,NA,NA,NA,NA,NA,NA,0.00,NA,NA,NA
2020-09-15 11:00:00,63.64,111.71,3.36,8.13,11.50,NA,NA,0.74,79.78,NA,NA,NA,NA,NA,NA,NA,NA,NA,NA,NA,0.00,NA,NA,NA
2020-09-15 12:00:00,31.25,102.77,3.33,9.61,12.94,NA,NA,0.79,113.43,NA,NA,NA,NA,NA,NA,NA,NA,NA,NA,NA,0.00,NA,NA,NA
2020-09-15 13:00:00,NA,108.33,3.41,12.22,15.62,NA,NA,0.83,132.90,NA,NA,NA,NA,NA,NA,NA,NA,NA,NA,NA,0.00,NA,NA,NA
2020-09-15 14:00:00,NA,135.94,3.25,10.49,13.74,NA,NA,0.82,146.43,NA,NA,NA,NA,NA,NA,NA,NA,NA,NA,NA,0.00,NA,NA,NA
2020-09-15 15:00:00,11.98,135.65,3.25,8.94,12.18,NA,NA,0.74,118.76,NA,NA,NA,NA,NA,NA,NA,NA,NA,NA,NA,0.00,NA,NA,NA
2020-09-15 16:00:00,19.22,126.88,3.24,8.32,11.56,NA,NA,0.78,101.20,NA,NA,NA,NA,NA,NA,NA,NA,NA,NA,NA,0.00,NA,NA,NA
2020-09-15 17:00:00,16.71,117.43,3.20,8.99,12.20,NA,NA,0.80,90.74,NA,NA,NA,NA,NA,NA,NA,NA,NA,NA,NA,0.00,NA,NA,NA
2020-09-15 18:00:00,24.77,108.30,3.15,9.80,12.96,NA,NA,0.81,71.82,NA,NA,NA,NA,NA,NA,NA,NA,NA,NA,NA,0.00,NA,NA,NA
2020-09-15 19:00:00,23.92,115.26,3.19,10.94,14.13,NA,NA,0.94,39.06,NA,NA,NA,NA,NA,NA,NA,NA,NA,NA,NA,0.00,NA,NA,NA
2020-09-15 20:00:00,29.24,119.05,3.24,11.12,14.36,NA,NA,1.07,24.72,NA,NA,NA,NA,NA,NA,NA,NA,NA,NA,NA,0.00,NA,NA,NA
2020-09-15 21:00:00,61.58,121.91,3.54,12.53,16.07,NA,NA,1.07,9.82,NA,NA,NA,NA,NA,NA,NA,NA,NA,NA,NA,0.00,NA,NA,NA
2020-09-15 22:00:00,75.98,110.27,3.83,11.04,14.88,NA,NA,1.05,6.66,NA,NA,NA,NA,NA,NA,NA,NA,NA,NA,NA,0.00,NA,NA,NA
2020-09-15 23:00:00,79.76,128.82,3.98,11.08,15.04,NA,NA,1.16,6.17,NA,NA,NA,NA,NA,NA,NA,NA,NA,NA,NA,0.00,NA,NA,NA
2020-09-16 00:00:00,90.84,123.13,4.71,9.83,14.54,NA,NA,1.16,3.66,NA,NA,NA,NA,NA,NA,NA,NA,NA,NA,NA,0.00,NA,NA,NA
2020-09-16 01:00:00,103.35,130.64,5.35,11.78,17.13,NA,NA,1.32,3.23,NA,NA,NA,NA,NA,NA,NA,NA,NA,NA,NA,0.00,NA,NA,NA
2020-09-16 02:00:00,88.78,130.34,6.36,10.88,17.23,NA,NA,1.28,4.05,NA,NA,NA,NA,NA,NA,NA,NA,NA,NA,NA,0.00,NA,NA,NA
2020-09-16 03:00:00,81.42,114.11,7.24,11.48,18.73,NA,NA,1.30,2.86,NA,NA,NA,NA,NA,NA,NA,NA,NA,NA,NA,0.00,NA,NA,NA
2020-09-16 04:00:00,76.12,125.24,19.54,18.87,38.45,NA,NA,1.30,3.65,NA,NA,NA,NA,NA,NA,NA,NA,NA,NA,NA,0.00,NA,NA,NA
2020-09-16 05:00:00,81.36,137.01,13.80,15.88,29.66,NA,NA,1.23,3.14,NA,NA,NA,NA,NA,NA,NA,NA,NA,NA,NA,0.00,NA,NA,NA
2020-09-16 06:00:00,84.98,179.52,17.15,16.15,33.33,NA,NA,1.25,3.40,NA,NA,NA,NA,NA,NA,NA,NA,NA,NA,NA,0.00,NA,NA,NA
2020-09-16 07:00:00,97.41,228.28,16.88,19.52,36.41,NA,NA,1.34,5.33,NA,NA,NA,NA,NA,NA,NA,NA,NA,NA,NA,0.00,NA,NA,NA
2020-09-16 08:00:00,136.17,247.94,7.08,21.44,28.49,NA,NA,1.37,20.52,NA,NA,NA,NA,NA,NA,NA,NA,NA,NA,NA,0.00,NA,NA,NA
2020-09-16 09:00:00,146.22,239.44,3.92,13.64,17.53,NA,NA,1.08,57.07,NA,NA,NA,NA,NA,NA,NA,NA,NA,NA,NA,0.00,NA,NA,NA
2020-09-16 10:00:00,101.38,166.50,3.54,10.44,13.97,NA,NA,0.95,88.21,NA,NA,NA,NA,NA,NA,NA,NA,NA,NA,NA,0.00,NA,NA,NA
2020-09-16 11:00:00,101.43,186.05,3.41,10.65,14.06,NA,NA,0.96,117.02,NA,NA,NA,NA,NA,NA,NA,NA,NA,NA,NA,0.00,NA,NA,NA
2020-09-16 12:00:00,95.86,186.86,3.62,9.02,12.64,NA,NA,0.88,113.11,NA,NA,NA,NA,NA,NA,NA,NA,NA,NA,NA,0.00,NA,NA,NA
2020-09-16 13:00:00,79.97,146.27,3.56,7.16,10.72,NA,NA,0.78,99.56,NA,NA,NA,NA,NA,NA,NA,NA,NA,NA,NA,0.00,NA,NA,NA
2020-09-16 14:00:00,64.21,138.42,3.33,7.33,10.66,NA,NA,0.75,99.91,NA,NA,NA,NA,NA,NA,NA,NA,NA,NA,NA,0.00,NA,NA,NA
2020-09-16 15:00:00,65.04,128.30,3.25,7.52,10.76,NA,NA,0.71,95.36,NA,NA,NA,NA,NA,NA,NA,NA,NA,NA,NA,0.00,NA,NA,NA
2020-09-16 16:00:00,54.10,117.54,3.35,9.29,12.63,NA,NA,0.66,83.81,NA,NA,NA,NA,NA,NA,NA,NA,NA,NA,NA,0.00,NA,NA,NA
2020-09-16 17:00:00,52.32,108.55,3.28,9.71,12.99,NA,NA,0.69,79.85,NA,NA,NA,NA,NA,NA,NA,NA,NA,NA,NA,0.00,NA,NA,NA
2020-09-16 18:00:00,52.10,116.71,3.21,9.82,13.02,NA,NA,0.72,55.50,NA,NA,NA,NA,NA,NA,NA,NA,NA,NA,NA,0.00,NA,NA,NA
2020-09-16 19:00:00,62.52,124.70,3.23,10.58,13.81,NA,NA,0.73,30.86,NA,NA,NA,NA,NA,NA,NA,NA,NA,NA,NA,0.00,NA,NA,NA
2020-09-16 20:00:00,65.83,127.90,3.45,12.05,15.50,NA,NA,0.91,14.73,NA,NA,NA,NA,NA,NA,NA,NA,NA,NA,NA,0.00,NA,NA,NA
2020-09-16 21:00:00,87.56,155.87,3.60,15.52,19.12,NA,NA,1.12,12.20,NA,NA,NA,NA,NA,NA,NA,NA,NA,NA,NA,0.00,NA,NA,NA
2020-09-16 22:00:00,75.89,124.50,3.68,14.38,18.06,NA,NA,1.07,11.35,NA,NA,NA,NA,NA,NA,NA,NA,NA,NA,NA,0.00,NA,NA,NA
2020-09-16 23:00:00,70.77,125.73,3.79,19.61,23.40,NA,NA,0.95,11.02,NA,NA,NA,NA,NA,NA,NA,NA,NA,NA,NA,0.00,NA,NA,NA
2020-09-17 00:00:00,59.22,108.29,3.78,15.31,19.08,NA,NA,0.84,10.41,NA,NA,NA,NA,NA,NA,NA,NA,NA,NA,NA,0.00,NA,NA,NA
2020-09-17 01:00:00,58.58,113.64,3.74,13.19,16.93,NA,NA,0.79,8.67,NA,NA,NA,NA,NA,NA,NA,NA,NA,NA,NA,0.00,NA,NA,NA
2020-09-17 02:00:00,53.49,96.56,3.89,8.94,12.83,NA,NA,0.76,7.18,NA,NA,NA,NA,NA,NA,NA,NA,NA,NA,NA,0.00,NA,NA,NA
2020-09-17 03:00:00,52.79,92.44,4.14,8.61,12.75,NA,NA,0.74,5.79,NA,NA,NA,NA,NA,NA,NA,NA,NA,NA,NA,0.00,NA,NA,NA
2020-09-17 04:00:00,52.90,90.32,5.15,10.86,16.00,NA,NA,0.78,4.96,NA,NA,NA,NA,NA,NA,NA,NA,NA,NA,NA,0.00,NA,NA,NA
2020-09-17 05:00:00,52.69,104.83,10.43,18.50,28.93,NA,NA,0.82,3.17,NA,NA,NA,NA,NA,NA,NA,NA,NA,NA,NA,0.00,NA,NA,NA
2020-09-17 06:00:00,56.90,118.68,11.79,13.47,25.24,NA,NA,0.84,3.05,NA,NA,NA,NA,NA,NA,NA,NA,NA,NA,NA,0.00,NA,NA,NA
2020-09-17 07:00:00,57.63,127.98,24.58,24.53,49.12,NA,NA,0.98,6.57,NA,NA,NA,NA,NA,NA,NA,NA,NA,NA,NA,0.00,NA,NA,NA
2020-09-17 08:00:00,71.89,149.79,6.10,17.85,23.96,NA,NA,0.98,26.06,NA,NA,NA,NA,NA,NA,NA,NA,NA,NA,NA,0.00,NA,NA,NA
2020-09-17 09:00:00,74.08,150.18,4.00,12.40,16.40,NA,NA,0.90,61.78,NA,NA,NA,NA,NA,NA,NA,NA,NA,NA,NA,0.00,NA,NA,NA
2020-09-17 10:00:00,68.07,163.33,3.65,9.80,13.45,NA,NA,0.81,74.84,NA,NA,NA,NA,NA,NA,NA,NA,NA,NA,NA,0.00,NA,NA,NA
2020-09-17 11:00:00,75.57,127.44,3.56,8.70,12.26,NA,NA,0.71,78.88,NA,NA,NA,NA,NA,NA,NA,NA,NA,NA,NA,0.00,NA,NA,NA
2020-09-17 12:00:00,56.12,96.56,3.47,7.17,10.64,NA,NA,0.60,75.44,NA,NA,NA,NA,NA,NA,NA,NA,NA,NA,NA,0.00,NA,NA,NA
2020-09-17 13:00:00,39.54,78.53,3.39,5.93,9.32,NA,NA,0.58,75.04,NA,NA,NA,NA,NA,NA,NA,NA,NA,NA,NA,0.00,NA,NA,NA
2020-09-17 14:00:00,37.37,70.67,3.38,5.88,9.26,NA,NA,0.58,71.21,NA,NA,NA,NA,NA,NA,NA,NA,NA,NA,NA,0.00,NA,NA,NA
2020-09-17 15:00:00,27.76,69.76,3.41,6.36,9.77,NA,NA,0.59,70.67,NA,NA,NA,NA,NA,NA,NA,NA,NA,NA,NA,0.00,NA,NA,NA
2020-09-17 16:00:00,43.93,84.81,3.38,6.79,10.17,NA,NA,0.62,74.43,NA,NA,NA,NA,NA,NA,NA,NA,NA,NA,NA,0.00,NA,NA,NA
2020-09-17 17:00:00,45.04,89.27,3.41,8.26,11.67,NA,NA,0.65,75.41,NA,NA,NA,NA,NA,NA,NA,NA,NA,NA,NA,0.00,NA,NA,NA
2020-09-17 18:00:00,50.66,99.11,3.22,8.86,12.08,NA,NA,0.67,65.18,NA,NA,NA,NA,NA,NA,NA,NA,NA,NA,NA,0.00,NA,NA,NA
2020-09-17 19:00:00,59.40,107.69,3.27,11.86,15.12,NA,NA,0.82,41.97,NA,NA,NA,NA,NA,NA,NA,NA,NA,NA,NA,0.00,NA,NA,NA
2020-09-17 20:00:00,70.54,118.63,3.37,11.96,15.33,NA,NA,0.88,18.12,NA,NA,NA,NA,NA,NA,NA,NA,NA,NA,NA,0.00,NA,NA,NA
2020-09-17 21:00:00,58.32,105.46,3.50,12.40,15.90,NA,NA,0.94,10.35,NA,NA,NA,NA,NA,NA,NA,NA,NA,NA,NA,0.00,NA,NA,NA
2020-09-17 22:00:00,59.52,104.82,4.41,12.83,17.24,NA,NA,0.94,4.76,NA,NA,NA,NA,NA,NA,NA,NA,NA,NA,NA,0.00,NA,NA,NA
2020-09-17 23:00:00,62.46,110.92,4.28,16.08,20.36,NA,NA,0.89,5.89,NA,NA,NA,NA,NA,NA,NA,NA,NA,NA,NA,0.00,NA,NA,NA
2020-09-18 00:00:00,55.33,116.70,4.73,11.84,16.56,NA,NA,0.90,4.14,NA,NA,NA,NA,NA,NA,NA,NA,NA,NA,NA,0.00,NA,NA,NA
2020-09-18 01:00:00,59.08,132.52,5.63,15.74,21.37,NA,NA,0.90,4.06,NA,NA,NA,NA,NA,NA,NA,NA,NA,NA,NA,0.00,NA,NA,NA
2020-09-18 02:00:00,63.13,122.56,4.30,12.66,16.96,NA,NA,0.89,5.61,NA,NA,NA,NA,NA,NA,NA,NA,NA,NA,NA,0.00,NA,NA,NA
2020-09-18 03:00:00,70.57,134.35,5.51,13.51,19.02,NA,NA,0.94,3.26,NA,NA,NA,NA,NA,NA,NA,NA,NA,NA,NA,0.00,NA,NA,NA
2020-09-18 04:00:00,71.07,132.04,9.36,16.44,25.79,NA,NA,0.99,3.12,NA,NA,NA,NA,NA,NA,NA,NA,NA,NA,NA,0.00,NA,NA,NA
2020-09-18 05:00:00,60.78,113.98,7.70,18.01,25.71,NA,NA,0.83,3.44,NA,NA,NA,NA,NA,NA,NA,NA,NA,NA,NA,0.00,NA,NA,NA
2020-09-18 06:00:00,42.01,89.52,5.09,14.17,19.26,NA,NA,0.71,7.95,NA,NA,NA,NA,NA,NA,NA,NA,NA,NA,NA,0.00,NA,NA,NA
2020-09-18 07:00:00,32.48,73.63,5.32,14.50,19.82,NA,NA,0.73,13.44,NA,NA,NA,NA,NA,NA,NA,NA,NA,NA,NA,0.00,NA,NA,NA
2020-09-18 08:00:00,37.03,86.03,4.74,13.06,17.80,NA,NA,0.71,29.08,NA,NA,NA,NA,NA,NA,NA,NA,NA,NA,NA,0.00,NA,NA,NA
2020-09-18 09:00:00,41.20,93.62,4.14,11.04,15.18,NA,NA,0.69,47.67,NA,NA,NA,NA,NA,NA,NA,NA,NA,NA,NA,0.00,NA,NA,NA
2020-09-18 10:00:00,32.30,110.92,3.79,10.30,14.09,NA,NA,0.67,63.01,NA,NA,NA,NA,NA,NA,NA,NA,NA,NA,NA,0.00,NA,NA,NA
2020-09-18 11:00:00,NA,112.71,3.61,8.56,12.18,NA,NA,0.64,70.52,NA,NA,NA,NA,NA,NA,NA,NA,NA,NA,NA,0.00,NA,NA,NA
2020-09-18 12:00:00,4.83,96.62,3.46,7.38,10.84,NA,NA,0.62,73.87,NA,NA,NA,NA,NA,NA,NA,NA,NA,NA,NA,0.00,NA,NA,NA
2020-09-18 13:00:00,0.77,85.20,4.09,9.17,13.25,NA,NA,0.59,61.95,NA,NA,NA,NA,NA,NA,NA,NA,NA,NA,NA,0.00,NA,NA,NA
2020-09-18 14:00:00,NA,92.80,5.74,12.12,17.86,NA,NA,0.56,57.99,NA,NA,NA,NA,NA,NA,NA,NA,NA,NA,NA,0.00,NA,NA,NA
2020-09-18 15:00:00,NA,67.71,3.52,6.38,9.90,NA,NA,0.59,67.46,NA,NA,NA,NA,NA,NA,NA,NA,NA,NA,NA,0.00,NA,NA,NA
2020-09-18 16:00:00,16.36,82.39,3.56,6.89,10.44,NA,NA,0.58,67.30,NA,NA,NA,NA,NA,NA,NA,NA,NA,NA,NA,0.00,NA,NA,NA
2020-09-18 17:00:00,NA,78.34,3.54,8.23,11.76,NA,NA,0.58,63.35,NA,NA,NA,NA,NA,NA,NA,NA,NA,NA,NA,0.00,NA,NA,NA
2020-09-18 18:00:00,NA,84.61,3.40,10.19,13.59,NA,NA,0.64,57.40,NA,NA,NA,NA,NA,NA,NA,NA,NA,NA,NA,0.00,NA,NA,NA
2020-09-18 19:00:00,10.42,95.80,3.20,5.81,9.01,NA,NA,0.73,34.98,NA,NA,NA,NA,NA,NA,NA,NA,NA,NA,NA,0.00,NA,NA,NA
2020-09-18 20:00:00,47.43,123.16,3.11,3.51,6.62,NA,NA,0.83,19.19,NA,NA,NA,NA,NA,NA,NA,NA,NA,NA,NA,0.00,NA,NA,NA
2020-09-18 21:00:00,39.84,102.50,3.06,3.42,6.48,NA,NA,0.90,13.28,NA,NA,NA,NA,NA,NA,NA,NA,NA,NA,NA,0.00,NA,NA,NA
2020-09-18 22:00:00,29.81,102.19,2.99,3.47,6.46,NA,NA,0.94,10.29,NA,NA,NA,NA,NA,NA,NA,NA,NA,NA,NA,0.00,NA,NA,NA
2020-09-18 23:00:00,48.86,105.81,2.90,3.49,6.39,NA,NA,0.87,9.95,NA,NA,NA,NA,NA,NA,NA,NA,NA,NA,NA,0.00,NA,NA,NA
2020-09-19 00:00:00,40.46,90.66,2.99,3.41,6.40,NA,NA,0.80,6.47,NA,NA,NA,NA,NA,NA,NA,NA,NA,NA,NA,0.00,NA,NA,NA
2020-09-19 01:00:00,48.83,86.06,2.96,3.47,6.43,NA,NA,0.72,5.64,NA,NA,NA,NA,NA,NA,NA,NA,NA,NA,NA,0.00,NA,NA,NA
2020-09-19 02:00:00,47.17,95.10,2.96,3.38,6.34,NA,NA,0.75,3.95,NA,NA,NA,NA,NA,NA,NA,NA,NA,NA,NA,0.00,NA,NA,NA
2020-09-19 03:00:00,50.51,128.66,2.97,3.41,6.38,NA,NA,0.73,3.17,NA,NA,NA,NA,NA,NA,NA,NA,NA,NA,NA,0.00,NA,NA,NA
2020-09-19 04:00:00,50.46,99.14,3.01,3.38,6.39,NA,NA,0.76,3.25,NA,NA,NA,NA,NA,NA,NA,NA,NA,NA,NA,0.00,NA,NA,NA
2020-09-19 05:00:00,51.11,107.56,2.93,3.44,6.37,NA,NA,0.79,2.78,NA,NA,NA,NA,NA,NA,NA,NA,NA,NA,NA,0.00,NA,NA,NA
2020-09-19 06:00:00,51.48,84.55,2.97,3.36,6.33,NA,NA,0.74,3.29,NA,NA,NA,NA,NA,NA,NA,NA,NA,NA,NA,0.00,NA,NA,NA
2020-09-19 07:00:00,49.57,79.22,2.97,3.44,6.40,NA,NA,0.79,4.88,NA,NA,NA,NA,NA,NA,NA,NA,NA,NA,NA,0.00,NA,NA,NA
2020-09-19 08:00:00,46.42,102.93,2.95,3.44,6.39,NA,NA,0.83,18.53,NA,NA,NA,NA,NA,NA,NA,NA,NA,NA,NA,0.00,NA,NA,NA
2020-09-19 09:00:00,62.93,120.04,2.98,3.41,6.39,NA,NA,0.74,49.47,NA,NA,NA,NA,NA,NA,NA,NA,NA,NA,NA,0.00,NA,NA,NA
2020-09-19 10:00:00,56.71,120.54,1.48,3.40,6.37,NA,NA,0.79,82.45,NA,NA,NA,NA,NA,NA,NA,NA,NA,NA,NA,0.00,NA,NA,NA
2020-09-19 11:00:00,79.76,128.96,43.58,17.68,104.81,NA,NA,0.90,113.78,NA,NA,NA,NA,NA,NA,NA,NA,NA,NA,NA,0.00,NA,NA,NA
2020-09-19 12:00:00,96.22,139.37,4.38,8.38,12.77,NA,NA,0.77,121.67,NA,NA,NA,NA,NA,NA,NA,NA,NA,NA,NA,0.00,NA,NA,NA
2020-09-19 13:00:00,91.04,146.71,3.35,8.93,12.28,NA,NA,0.63,122.01,NA,NA,NA,NA,NA,NA,NA,NA,NA,NA,NA,0.00,NA,NA,NA
2020-09-19 14:00:00,99.22,162.15,3.65,8.44,12.09,NA,NA,0.61,120.98,NA,NA,NA,NA,NA,NA,NA,NA,NA,NA,NA,0.00,NA,NA,NA
2020-09-19 15:00:00,69.84,117.55,3.48,8.43,11.91,NA,NA,0.63,120.71,NA,NA,NA,NA,NA,NA,NA,NA,NA,NA,NA,0.00,NA,NA,NA
2020-09-19 16:00:00,57.74,94.31,3.46,8.16,11.62,NA,NA,0.58,107.21,NA,NA,NA,NA,NA,NA,NA,NA,NA,NA,NA,0.00,NA,NA,NA
2020-09-19 17:00:00,74.90,113.73,3.47,10.21,13.68,NA,NA,0.72,89.12,NA,NA,NA,NA,NA,NA,NA,NA,NA,NA,NA,0.00,NA,NA,NA
2020-09-19 18:00:00,89.61,134.04,3.53,10.08,13.60,NA,NA,0.74,46.95,NA,NA,NA,NA,NA,NA,NA,NA,NA,NA,NA,0.00,NA,NA,NA
2020-09-19 19:00:00,76.85,120.02,3.60,10.33,13.94,NA,NA,0.77,20.38,NA,NA,NA,NA,NA,NA,NA,NA,NA,NA,NA,0.00,NA,NA,NA
2020-09-19 20:00:00,85.17,128.76,3.78,11.31,15.09,NA,NA,0.92,10.76,NA,NA,NA,NA,NA,NA,NA,NA,NA,NA,NA,0.00,NA,NA,NA
2020-09-19 21:00:00,103.93,149.80,4.38,13.84,18.23,NA,NA,1.17,4.73,NA,NA,NA,NA,NA,NA,NA,NA,NA,NA,NA,0.00,NA,NA,NA
2020-09-19 22:00:00,105.34,144.37,5.82,15.64,21.47,NA,NA,1.32,3.62,NA,NA,NA,NA,NA,NA,NA,NA,NA,NA,NA,0.00,NA,NA,NA
2020-09-19 23:00:00,100.82,144.68,8.44,16.76,25.20,NA,NA,1.50,3.85,NA,NA,NA,NA,NA,NA,NA,NA,NA,NA,NA,0.00,NA,NA,NA
2020-09-20 00:00:00,90.94,129.68,9.35,17.20,26.55,NA,NA,1.51,3.68,NA,NA,NA,NA,NA,NA,NA,NA,NA,NA,NA,0.00,NA,NA,NA
2020-09-20 01:00:00,78.92,123.20,13.82,15.41,29.23,NA,NA,1.52,3.10,NA,NA,NA,NA,NA,NA,NA,NA,NA,NA,NA,0.00,NA,NA,NA
2020-09-20 02:00:00,80.76,122.38,19.31,17.23,36.54,NA,NA,1.56,4.57,NA,NA,NA,NA,NA,NA,NA,NA,NA,NA,NA,0.00,NA,NA,NA
2020-09-20 03:00:00,76.32,116.60,18.10,16.63,34.73,NA,NA,1.48,3.55,NA,NA,NA,NA,NA,NA,NA,NA,NA,NA,NA,0.00,NA,NA,NA
2020-09-20 04:00:00,76.22,131.40,20.28,16.00,36.28,NA,NA,1.34,3.12,NA,NA,NA,NA,NA,NA,NA,NA,NA,NA,NA,0.00,NA,NA,NA
2020-09-20 05:00:00,74.52,148.83,22.77,13.80,36.59,NA,NA,1.24,3.07,NA,NA,NA,NA,NA,NA,NA,NA,NA,NA,NA,0.00,NA,NA,NA
2020-09-20 06:00:00,78.15,144.00,26.60,13.22,39.81,NA,NA,1.13,3.56,NA,NA,NA,NA,NA,NA,NA,NA,NA,NA,NA,0.00,NA,NA,NA
2020-09-20 07:00:00,24.37,142.32,28.80,19.26,48.06,NA,NA,1.19,4.57,NA,NA,NA,NA,NA,NA,NA,NA,NA,NA,NA,0.00,NA,NA,NA
2020-09-20 08:00:00,7.37,155.90,13.79,25.05,38.81,NA,NA,0.99,19.90,NA,NA,NA,NA,NA,NA,NA,NA,NA,NA,NA,0.00,NA,NA,NA
2020-09-20 09:00:00,11.82,176.35,7.64,17.48,25.12,NA,NA,0.88,52.82,NA,NA,NA,NA,NA,NA,NA,NA,NA,NA,NA,0.00,NA,NA,NA
2020-09-20 10:00:00,6.13,154.74,3.92,6.75,10.67,NA,NA,0.77,89.55,NA,NA,NA,NA,NA,NA,NA,NA,NA,NA,NA,0.00,NA,NA,NA
2020-09-20 11:00:00,14.37,154.93,3.06,3.40,6.46,NA,NA,0.75,115.28,NA,NA,NA,NA,NA,NA,NA,NA,NA,NA,NA,0.00,NA,NA,NA
2020-09-20 12:00:00,10.96,142.48,3.09,3.30,6.39,NA,NA,0.72,126.16,NA,NA,NA,NA,NA,NA,NA,NA,NA,NA,NA,0.00,NA,NA,NA
2020-09-20 13:00:00,17.34,145.48,3.01,3.43,6.45,NA,NA,0.66,128.39,NA,NA,NA,NA,NA,NA,NA,NA,NA,NA,NA,0.00,NA,NA,NA
2020-09-20 14:00:00,11.36,123.67,3.03,3.48,6.51,NA,NA,0.62,114.96,NA,NA,NA,NA,NA,NA,NA,NA,NA,NA,NA,0.00,NA,NA,NA
2020-09-20 15:00:00,15.20,120.15,3.06,3.40,6.46,NA,NA,0.58,97.37,NA,NA,NA,NA,NA,NA,NA,NA,NA,NA,NA,0.00,NA,NA,NA
2020-09-20 16:00:00,15.56,106.58,3.41,6.36,9.78,NA,NA,0.56,94.66,NA,NA,NA,NA,NA,NA,NA,NA,NA,NA,NA,0.00,NA,NA,NA
2020-09-20 17:00:00,20.72,139.64,3.13,3.44,6.57,NA,NA,0.61,88.09,NA,NA,NA,NA,NA,NA,NA,NA,NA,NA,NA,0.00,NA,NA,NA
2020-09-20 18:00:00,16.70,118.61,3.08,3.35,6.43,NA,NA,0.66,63.65,NA,NA,NA,NA,NA,NA,NA,NA,NA,NA,NA,0.00,NA,NA,NA
2020-09-20 19:00:00,14.05,108.27,3.07,3.33,6.40,NA,NA,0.70,27.22,NA,NA,NA,NA,NA,NA,NA,NA,NA,NA,NA,0.00,NA,NA,NA
2020-09-20 20:00:00,4.77,108.63,3.03,3.40,6.43,NA,NA,0.83,22.23,NA,NA,NA,NA,NA,NA,NA,NA,NA,NA,NA,0.00,NA,NA,NA
2020-09-20 21:00:00,60.83,140.97,3.04,3.50,6.54,NA,NA,0.98,18.47,NA,NA,NA,NA,NA,NA,NA,NA,NA,NA,NA,0.00,NA,NA,NA
2020-09-20 22:00:00,86.27,145.60,3.06,3.40,6.46,NA,NA,0.92,14.16,NA,NA,NA,NA,NA,NA,NA,NA,NA,NA,NA,0.00,NA,NA,NA
2020-09-20 23:00:00,76.64,125.79,3.04,3.43,6.47,NA,NA,0.85,19.07,NA,NA,NA,NA,NA,NA,NA,NA,NA,NA,NA,0.00,NA,NA,NA
2020-09-21 00:00:00,71.27,117.46,3.00,3.49,6.49,NA,NA,0.76,17.24,NA,NA,NA,NA,NA,NA,NA,NA,NA,NA,NA,0.00,NA,NA,NA
2020-09-21 01:00:00,67.86,110.83,2.94,3.50,6.44,NA,NA,0.75,7.11,NA,NA,NA,NA,NA,NA,NA,NA,NA,NA,NA,0.00,NA,NA,NA
2020-09-21 02:00:00,65.29,102.53,3.03,3.39,6.42,NA,NA,0.74,5.47,NA,NA,NA,NA,NA,NA,NA,NA,NA,NA,NA,0.00,NA,NA,NA
2020-09-21 03:00:00,62.17,93.62,3.04,3.42,6.46,NA,NA,0.74,4.58,NA,NA,NA,NA,NA,NA,NA,NA,NA,NA,NA,0.00,NA,NA,NA
2020-09-21 04:00:00,62.97,91.20,3.05,3.46,6.50,NA,NA,0.72,4.14,NA,NA,NA,NA,NA,NA,NA,NA,NA,NA,NA,0.00,NA,NA,NA
2020-09-21 05:00:00,58.55,82.73,3.02,3.45,6.48,NA,NA,0.69,3.68,NA,NA,NA,NA,NA,NA,NA,NA,NA,NA,NA,0.00,NA,NA,NA
2020-09-21 06:00:00,57.25,89.45,2.95,3.49,6.44,NA,NA,0.74,4.38,NA,NA,NA,NA,NA,NA,NA,NA,NA,NA,NA,0.00,NA,NA,NA
2020-09-21 07:00:00,68.65,109.62,2.99,3.52,6.52,NA,NA,0.81,6.51,NA,NA,NA,NA,NA,NA,NA,NA,NA,NA,NA,0.00,NA,NA,NA
2020-09-21 08:00:00,79.66,117.35,3.02,3.41,6.43,NA,NA,0.85,25.64,NA,NA,NA,NA,NA,NA,NA,NA,NA,NA,NA,0.00,NA,NA,NA
2020-09-21 09:00:00,84.79,146.26,3.03,3.41,6.44,NA,NA,0.79,62.39,NA,NA,NA,NA,NA,NA,NA,NA,NA,NA,NA,0.00,NA,NA,NA
2020-09-21 10:00:00,72.63,135.60,3.06,3.37,6.43,NA,NA,0.72,96.75,NA,NA,NA,NA,NA,NA,NA,NA,NA,NA,NA,0.00,NA,NA,NA
2020-09-21 11:00:00,72.60,146.13,1.10,2.39,4.59,NA,NA,0.78,120.39,NA,NA,NA,NA,NA,NA,NA,NA,NA,NA,NA,0.00,NA,NA,NA
2020-09-21 12:00:00,90.02,153.23,NA,NA,NA,NA,NA,0.84,136.99,NA,NA,NA,NA,NA,NA,NA,NA,NA,NA,NA,0.00,NA,NA,NA
2020-09-21 13:00:00,105.21,150.59,NA,NA,NA,NA,NA,0.81,159.07,NA,NA,NA,NA,NA,NA,NA,NA,NA,NA,NA,0.00,NA,NA,NA
2020-09-21 14:00:00,95.01,147.15,NA,NA,NA,NA,NA,0.79,32.25,NA,NA,NA,NA,NA,NA,NA,NA,NA,NA,NA,0.00,NA,NA,NA
2020-09-21 15:00:00,85.74,139.51,142.68,52.64,344.67,NA,NA,0.77,46.65,NA,NA,NA,NA,NA,NA,NA,NA,NA,NA,NA,0.00,NA,NA,NA
2020-09-21 16:00:00,48.17,78.04,39.78,14.21,54.35,NA,NA,0.85,66.21,NA,NA,NA,NA,NA,NA,NA,NA,NA,NA,NA,0.00,NA,NA,NA
2020-09-21 17:00:00,NA,NA,3.92,12.41,16.33,NA,NA,0.84,92.49,NA,NA,NA,NA,NA,NA,NA,NA,NA,NA,NA,0.00,NA,NA,NA
2020-09-21 18:00:00,NA,NA,NA,NA,NA,NA,NA,NA,NA,NA,NA,NA,NA,NA,NA,NA,NA,NA,NA,NA,0.00,NA,NA,NA
2020-09-21 19:00:00,NA,NA,NA,NA,NA,NA,NA,NA,NA,NA,NA,NA,NA,NA,NA,NA,NA,NA,NA,NA,0.00,NA,NA,NA
2020-09-21 20:00:00,NA,NA,NA,NA,NA,NA,NA,NA,NA,NA,NA,NA,NA,NA,NA,NA,NA,NA,NA,NA,0.00,NA,NA,NA
2020-09-21 21:00:00,NA,NA,NA,NA,NA,NA,NA,NA,NA,NA,NA,NA,NA,NA,NA,NA,NA,NA,NA,NA,0.00,NA,NA,NA
2020-09-21 22:00:00,NA,NA,NA,NA,NA,NA,NA,NA,NA,NA,NA,NA,NA,NA,NA,NA,NA,NA,NA,NA,0.00,NA,NA,NA
2020-09-21 23:00:00,NA,NA,216.80,81.57,58.93,NA,NA,2.46,22.12,NA,NA,NA,NA,NA,NA,NA,NA,NA,NA,NA,0.00,NA,NA,NA
2020-09-22 00:00:00,NA,NA,4.80,11.41,16.22,NA,NA,1.32,20.94,NA,NA,NA,NA,NA,NA,NA,NA,NA,NA,NA,0.00,NA,NA,NA
2020-09-22 01:00:00,NA,18.98,3.22,12.81,16.03,NA,NA,1.28,16.76,NA,NA,NA,NA,NA,NA,NA,NA,NA,NA,NA,0.00,NA,NA,NA
2020-09-22 02:00:00,3.84,62.74,3.16,21.76,24.92,NA,NA,1.27,13.42,NA,NA,NA,NA,NA,NA,NA,NA,NA,NA,NA,0.00,NA,NA,NA
2020-09-22 03:00:00,22.61,73.04,3.56,15.49,19.05,NA,NA,1.11,11.98,NA,NA,NA,NA,NA,NA,NA,NA,NA,NA,NA,0.00,NA,NA,NA
2020-09-22 04:00:00,47.16,97.09,4.12,11.92,16.03,NA,NA,1.06,9.80,NA,NA,NA,NA,NA,NA,NA,NA,NA,NA,NA,0.00,NA,NA,NA
2020-09-22 05:00:00,48.13,86.08,7.64,15.59,23.23,NA,NA,1.05,9.81,NA,NA,NA,NA,NA,NA,NA,NA,NA,NA,NA,0.00,NA,NA,NA
2020-09-22 06:00:00,70.48,96.79,4.57,22.72,27.29,NA,NA,0.90,10.78,NA,NA,NA,NA,NA,NA,NA,NA,NA,NA,NA,0.00,NA,NA,NA
2020-09-22 07:00:00,53.75,130.03,4.85,18.47,23.32,NA,NA,0.79,14.92,NA,NA,NA,NA,NA,NA,NA,NA,NA,NA,NA,0.00,NA,NA,NA
2020-09-22 08:00:00,30.71,63.03,3.91,10.35,14.27,NA,NA,0.57,19.38,NA,NA,NA,NA,NA,NA,NA,NA,NA,NA,NA,0.00,NA,NA,NA
2020-09-22 09:00:00,22.38,34.05,3.69,9.03,12.72,NA,NA,0.58,22.21,NA,NA,NA,NA,NA,NA,NA,NA,NA,NA,NA,0.00,NA,NA,NA
2020-09-22 10:00:00,23.50,40.93,3.44,8.44,11.88,NA,NA,0.55,29.07,NA,NA,NA,NA,NA,NA,NA,NA,NA,NA,NA,0.00,NA,NA,NA
2020-09-22 11:00:00,24.44,27.99,3.32,6.95,10.27,NA,NA,0.49,30.24,NA,NA,NA,NA,NA,NA,NA,NA,NA,NA,NA,0.00,NA,NA,NA
2020-09-22 12:00:00,NA,52.70,3.11,6.82,9.93,NA,NA,0.49,39.96,NA,NA,NA,NA,NA,NA,NA,NA,NA,NA,NA,0.00,NA,NA,NA
2020-09-22 13:00:00,3.25,56.26,3.08,7.71,10.79,NA,NA,0.52,66.55,NA,NA,NA,NA,NA,NA,NA,NA,NA,NA,NA,0.00,NA,NA,NA
2020-09-22 14:00:00,NA,37.39,3.98,7.11,12.31,NA,NA,0.49,89.54,NA,NA,NA,NA,NA,NA,NA,NA,NA,NA,NA,0.00,NA,NA,NA
2020-09-22 15:00:00,NA,NA,NA,NA,NA,NA,NA,0.56,67.61,NA,NA,NA,NA,NA,NA,NA,NA,NA,NA,NA,0.00,NA,NA,NA
2020-09-22 16:00:00,NA,NA,NA,NA,NA,NA,NA,0.49,65.28,NA,NA,NA,NA,NA,NA,NA,NA,NA,NA,NA,0.00,NA,NA,NA
2020-09-22 17:00:00,7.80,11.40,13.52,7.39,36.08,NA,NA,0.51,48.90,NA,NA,NA,NA,NA,NA,NA,NA,NA,NA,NA,0.00,NA,NA,NA
2020-09-22 18:00:00,NA,12.24,2.69,3.40,6.08,NA,NA,0.51,38.08,NA,NA,NA,NA,NA,NA,NA,NA,NA,NA,NA,0.00,NA,NA,NA
2020-09-22 19:00:00,0.38,20.41,2.66,3.40,6.06,NA,NA,0.56,10.28,NA,NA,NA,NA,NA,NA,NA,NA,NA,NA,NA,0.00,NA,NA,NA
2020-09-22 20:00:00,NA,36.73,2.79,3.37,6.16,NA,NA,0.64,10.48,NA,NA,NA,NA,NA,NA,NA,NA,NA,NA,NA,0.00,NA,NA,NA
2020-09-22 21:00:00,19.31,40.65,2.67,3.38,6.06,NA,NA,0.65,6.59,NA,NA,NA,NA,NA,NA,NA,NA,NA,NA,NA,0.00,NA,NA,NA
2020-09-22 22:00:00,30.55,53.51,2.66,3.37,6.03,NA,NA,0.72,7.40,NA,NA,NA,NA,NA,NA,NA,NA,NA,NA,NA,0.00,NA,NA,NA
2020-09-22 23:00:00,38.24,141.78,2.59,3.43,6.02,NA,NA,0.88,3.58,NA,NA,NA,NA,NA,NA,NA,NA,NA,NA,NA,0.00,NA,NA,NA
2020-09-23 00:00:00,45.56,136.15,2.56,3.30,5.85,NA,NA,0.85,2.41,NA,NA,NA,NA,NA,NA,NA,NA,NA,NA,NA,0.00,NA,NA,NA
2020-09-23 01:00:00,36.95,115.64,2.53,3.46,5.99,NA,NA,0.79,2.80,NA,NA,NA,NA,NA,NA,NA,NA,NA,NA,NA,0.00,NA,NA,NA
2020-09-23 02:00:00,51.86,73.01,2.61,3.40,6.01,NA,NA,0.67,6.64,NA,NA,NA,NA,NA,NA,NA,NA,NA,NA,NA,0.00,NA,NA,NA
2020-09-23 03:00:00,27.36,90.82,2.63,3.34,5.97,NA,NA,0.57,16.28,NA,NA,NA,NA,NA,NA,NA,NA,NA,NA,NA,0.00,NA,NA,NA
2020-09-23 04:00:00,29.93,41.29,2.59,3.36,5.96,NA,NA,0.56,12.51,NA,NA,NA,NA,NA,NA,NA,NA,NA,NA,NA,0.00,NA,NA,NA
2020-09-23 05:00:00,24.82,41.07,2.66,3.32,5.98,NA,NA,0.54,6.11,NA,NA,NA,NA,NA,NA,NA,NA,NA,NA,NA,0.00,NA,NA,NA
2020-09-23 06:00:00,26.07,48.09,2.61,3.32,5.93,NA,NA,0.53,7.74,NA,NA,NA,NA,NA,NA,NA,NA,NA,NA,NA,0.00,NA,NA,NA
2020-09-23 07:00:00,26.36,89.34,2.62,3.45,6.07,NA,NA,0.80,11.49,NA,NA,NA,NA,NA,NA,NA,NA,NA,NA,NA,0.00,NA,NA,NA
2020-09-23 08:00:00,35.64,177.76,2.72,3.35,6.07,NA,NA,0.59,22.90,NA,NA,NA,NA,NA,NA,NA,NA,NA,NA,NA,0.00,NA,NA,NA
2020-09-23 09:00:00,25.72,63.01,2.79,3.40,6.19,NA,NA,0.50,35.75,NA,NA,NA,NA,NA,NA,NA,NA,NA,NA,NA,0.00,NA,NA,NA
2020-09-23 10:00:00,21.17,51.51,2.80,3.38,6.18,NA,NA,0.44,42.82,NA,NA,NA,NA,NA,NA,NA,NA,NA,NA,NA,0.00,NA,NA,NA
2020-09-23 11:00:00,16.25,38.28,2.37,3.40,6.25,NA,NA,0.43,53.46,NA,NA,NA,NA,NA,NA,NA,NA,NA,NA,NA,0.00,NA,NA,NA
2020-09-23 12:00:00,20.68,47.91,19.36,6.00,20.79,NA,NA,0.46,67.89,NA,NA,NA,NA,NA,NA,NA,NA,NA,NA,NA,0.00,NA,NA,NA
2020-09-23 13:00:00,9.25,63.36,4.17,6.90,11.07,NA,NA,0.40,22.15,NA,NA,NA,NA,NA,NA,NA,NA,NA,NA,NA,0.00,NA,NA,NA
2020-09-23 14:00:00,41.53,54.07,4.21,6.59,10.81,NA,NA,0.40,95.59,NA,NA,NA,NA,NA,NA,NA,NA,NA,NA,NA,0.00,NA,NA,NA
2020-09-23 15:00:00,40.26,65.40,4.09,6.81,10.90,NA,NA,0.42,41.69,NA,NA,NA,NA,NA,NA,NA,NA,NA,NA,NA,0.00,NA,NA,NA
2020-09-23 16:00:00,31.76,62.87,16.66,13.17,29.74,NA,NA,0.40,74.54,NA,NA,NA,NA,NA,NA,NA,NA,NA,NA,NA,0.00,NA,NA,NA
2020-09-23 17:00:00,39.14,68.48,25.39,18.57,33.43,NA,NA,0.44,70.16,NA,NA,NA,NA,NA,NA,NA,NA,NA,NA,NA,0.00,NA,NA,NA
2020-09-23 18:00:00,29.88,41.79,4.50,7.91,12.41,NA,NA,0.44,45.07,NA,NA,NA,NA,NA,NA,NA,NA,NA,NA,NA,0.00,NA,NA,NA
2020-09-23 19:00:00,12.48,34.90,4.03,11.04,15.07,NA,NA,0.49,30.52,NA,NA,NA,NA,NA,NA,NA,NA,NA,NA,NA,0.00,NA,NA,NA
2020-09-23 20:00:00,15.95,45.25,4.13,11.24,15.37,NA,NA,0.55,27.24,NA,NA,NA,NA,NA,NA,NA,NA,NA,NA,NA,0.00,NA,NA,NA
2020-09-23 21:00:00,33.12,48.71,4.25,10.01,14.26,NA,NA,0.57,18.12,NA,NA,NA,NA,NA,NA,NA,NA,NA,NA,NA,0.00,NA,NA,NA
2020-09-23 22:00:00,43.36,74.44,5.04,16.27,21.31,NA,NA,0.77,11.69,NA,NA,NA,NA,NA,NA,NA,NA,NA,NA,NA,0.00,NA,NA,NA
2020-09-23 23:00:00,49.02,112.89,5.44,22.47,27.91,NA,NA,0.70,14.58,NA,NA,NA,NA,NA,NA,NA,NA,NA,NA,NA,0.00,NA,NA,NA
2020-09-24 00:00:00,30.98,57.32,4.36,8.27,12.63,NA,NA,0.54,26.38,NA,NA,NA,NA,NA,NA,NA,NA,NA,NA,NA,0.00,NA,NA,NA
2020-09-24 01:00:00,14.74,30.95,4.29,7.42,11.71,NA,NA,0.50,22.81,NA,NA,NA,NA,NA,NA,NA,NA,NA,NA,NA,0.00,NA,NA,NA
2020-09-24 02:00:00,11.78,27.92,4.24,7.03,11.27,NA,NA,0.47,19.17,NA,NA,NA,NA,NA,NA,NA,NA,NA,NA,NA,0.00,NA,NA,NA
2020-09-24 03:00:00,7.93,29.26,4.42,7.90,12.32,NA,NA,0.48,11.70,NA,NA,NA,NA,NA,NA,NA,NA,NA,NA,NA,0.00,NA,NA,NA
2020-09-24 04:00:00,9.07,23.67,4.71,7.45,12.16,NA,NA,0.48,7.36,NA,NA,NA,NA,NA,NA,NA,NA,NA,NA,NA,0.00,NA,NA,NA
2020-09-24 05:00:00,16.87,42.57,5.03,8.05,13.08,NA,NA,0.50,6.29,NA,NA,NA,NA,NA,NA,NA,NA,NA,NA,NA,0.00,NA,NA,NA
2020-09-24 06:00:00,15.85,46.34,4.94,9.89,14.83,NA,NA,0.50,6.91,NA,NA,NA,NA,NA,NA,NA,NA,NA,NA,NA,0.00,NA,NA,NA
2020-09-24 07:00:00,11.74,36.84,6.60,10.33,16.94,NA,NA,0.57,9.20,NA,NA,NA,NA,NA,NA,NA,NA,NA,NA,NA,0.00,NA,NA,NA
2020-09-24 08:00:00,30.32,66.48,5.47,8.79,14.26,NA,NA,0.54,19.35,NA,NA,NA,NA,NA,NA,NA,NA,NA,NA,NA,0.00,NA,NA,NA
2020-09-24 09:00:00,21.72,43.17,5.24,8.53,13.77,NA,NA,0.48,28.39,NA,NA,NA,NA,NA,NA,NA,NA,NA,NA,NA,0.00,NA,NA,NA
2020-09-24 10:00:00,23.76,43.68,5.02,8.71,13.72,NA,NA,0.49,41.61,NA,NA,NA,NA,NA,NA,NA,NA,NA,NA,NA,0.00,NA,NA,NA
2020-09-24 11:00:00,30.29,76.77,4.79,8.60,13.39,NA,NA,0.52,63.15,NA,NA,NA,NA,NA,NA,NA,NA,NA,NA,NA,0.00,NA,NA,NA
2020-09-24 12:00:00,35.79,83.43,4.46,7.74,12.20,NA,NA,0.51,77.11,NA,NA,NA,NA,NA,NA,NA,NA,NA,NA,NA,0.00,NA,NA,NA
2020-09-24 13:00:00,36.06,77.75,4.35,7.47,11.81,NA,NA,0.52,90.36,NA,NA,NA,NA,NA,NA,NA,NA,NA,NA,NA,0.00,NA,NA,NA
2020-09-24 14:00:00,37.13,88.17,4.20,9.39,13.58,NA,NA,0.57,129.92,NA,NA,NA,NA,NA,NA,NA,NA,NA,NA,NA,0.00,NA,NA,NA
2020-09-24 15:00:00,9.94,108.29,3.91,10.68,14.59,NA,NA,0.64,158.09,NA,NA,NA,NA,NA,NA,NA,NA,NA,NA,NA,0.00,NA,NA,NA
2020-09-24 16:00:00,26.42,118.63,3.73,11.75,15.48,NA,NA,0.72,169.25,NA,NA,NA,NA,NA,NA,NA,NA,NA,NA,NA,0.00,NA,NA,NA
2020-09-24 17:00:00,175.48,135.68,3.94,10.40,14.34,NA,NA,0.69,125.26,NA,NA,NA,NA,NA,NA,NA,NA,NA,NA,NA,0.00,NA,NA,NA
2020-09-24 18:00:00,43.51,118.06,3.87,9.79,13.66,NA,NA,0.75,56.13,NA,NA,NA,NA,NA,NA,NA,NA,NA,NA,NA,0.00,NA,NA,NA
2020-09-24 19:00:00,48.51,129.13,3.90,10.43,14.33,NA,NA,0.82,32.66,NA,NA,NA,NA,NA,NA,NA,NA,NA,NA,NA,0.00,NA,NA,NA
2020-09-24 20:00:00,49.25,126.67,3.99,12.24,16.23,NA,NA,0.85,25.80,NA,NA,NA,NA,NA,NA,NA,NA,NA,NA,NA,0.00,NA,NA,NA
2020-09-24 21:00:00,51.44,126.37,4.29,10.79,15.08,NA,NA,0.83,14.37,NA,NA,NA,NA,NA,NA,NA,NA,NA,NA,NA,0.00,NA,NA,NA
2020-09-24 22:00:00,33.98,112.06,4.76,15.66,20.41,NA,NA,0.84,7.22,NA,NA,NA,NA,NA,NA,NA,NA,NA,NA,NA,0.00,NA,NA,NA
2020-09-24 23:00:00,38.18,100.21,5.08,16.01,21.10,NA,NA,0.77,11.44,NA,NA,NA,NA,NA,NA,NA,NA,NA,NA,NA,0.00,NA,NA,NA
2020-09-25 00:00:00,30.03,69.09,4.01,10.30,14.30,NA,NA,0.64,27.18,NA,NA,NA,NA,NA,NA,NA,NA,NA,NA,NA,0.00,NA,NA,NA
2020-09-25 01:00:00,22.43,69.12,3.83,9.78,13.61,NA,NA,0.61,19.79,NA,NA,NA,NA,NA,NA,NA,NA,NA,NA,NA,0.00,NA,NA,NA
2020-09-25 02:00:00,19.97,52.74,3.92,9.60,13.52,NA,NA,0.59,15.25,NA,NA,NA,NA,NA,NA,NA,NA,NA,NA,NA,0.00,NA,NA,NA
2020-09-25 03:00:00,16.05,55.95,4.09,9.21,13.30,NA,NA,0.59,10.52,NA,NA,NA,NA,NA,NA,NA,NA,NA,NA,NA,0.00,NA,NA,NA
2020-09-25 04:00:00,19.31,55.68,4.84,10.47,15.31,NA,NA,0.62,8.69,NA,NA,NA,NA,NA,NA,NA,NA,NA,NA,NA,0.00,NA,NA,NA
2020-09-25 05:00:00,21.32,72.44,5.22,10.92,16.14,NA,NA,0.65,6.84,NA,NA,NA,NA,NA,NA,NA,NA,NA,NA,NA,0.00,NA,NA,NA
2020-09-25 06:00:00,25.30,63.94,8.60,13.55,22.15,NA,NA,0.68,6.58,NA,NA,NA,NA,NA,NA,NA,NA,NA,NA,NA,0.00,NA,NA,NA
2020-09-25 07:00:00,23.03,68.26,8.16,14.32,22.49,NA,NA,0.69,9.37,NA,NA,NA,NA,NA,NA,NA,NA,NA,NA,NA,0.00,NA,NA,NA
2020-09-25 08:00:00,26.06,61.46,5.11,10.53,15.64,NA,NA,0.68,25.90,NA,NA,NA,NA,NA,NA,NA,NA,NA,NA,NA,0.00,NA,NA,NA
2020-09-25 09:00:00,33.60,97.67,4.45,10.35,14.80,NA,NA,0.70,56.24,NA,NA,NA,NA,NA,NA,NA,NA,NA,NA,NA,0.00,NA,NA,NA
2020-09-25 10:00:00,43.52,147.49,4.29,9.39,13.68,NA,NA,0.68,87.90,NA,NA,NA,NA,NA,NA,NA,NA,NA,NA,NA,0.00,NA,NA,NA
2020-09-25 11:00:00,54.27,161.59,4.12,8.82,12.94,NA,NA,0.67,122.76,NA,NA,NA,NA,NA,NA,NA,NA,NA,NA,NA,0.00,NA,NA,NA
2020-09-25 12:00:00,55.88,143.47,4.12,8.18,12.30,NA,NA,0.61,124.04,NA,NA,NA,NA,NA,NA,NA,NA,NA,NA,NA,0.00,NA,NA,NA
2020-09-25 13:00:00,40.66,130.60,3.98,7.05,11.03,NA,NA,0.57,122.89,NA,NA,NA,NA,NA,NA,NA,NA,NA,NA,NA,0.00,NA,NA,NA
2020-09-25 14:00:00,38.63,125.18,3.84,6.91,10.76,NA,NA,0.52,116.23,NA,NA,NA,NA,NA,NA,NA,NA,NA,NA,NA,0.00,NA,NA,NA
2020-09-25 15:00:00,44.11,131.15,3.84,9.06,12.90,NA,NA,0.52,122.43,NA,NA,NA,NA,NA,NA,NA,NA,NA,NA,NA,0.00,NA,NA,NA
2020-09-25 16:00:00,47.81,149.79,4.00,7.65,11.65,NA,NA,0.47,105.22,NA,NA,NA,NA,NA,NA,NA,NA,NA,NA,NA,0.00,NA,NA,NA
2020-09-25 17:00:00,39.46,108.09,3.86,8.43,12.29,NA,NA,0.58,101.63,NA,NA,NA,NA,NA,NA,NA,NA,NA,NA,NA,0.00,NA,NA,NA
2020-09-25 18:00:00,42.47,121.50,3.83,10.00,13.83,NA,NA,0.69,59.29,NA,NA,NA,NA,NA,NA,NA,NA,NA,NA,NA,0.00,NA,NA,NA
2020-09-25 19:00:00,45.05,132.74,3.83,11.32,15.15,NA,NA,0.76,42.36,NA,NA,NA,NA,NA,NA,NA,NA,NA,NA,NA,0.00,NA,NA,NA
2020-09-25 20:00:00,44.12,130.79,3.88,11.21,15.09,NA,NA,0.83,19.49,NA,NA,NA,NA,NA,NA,NA,NA,NA,NA,NA,0.00,NA,NA,NA
2020-09-25 21:00:00,45.36,106.85,4.03,12.38,16.41,NA,NA,0.96,12.70,NA,NA,NA,NA,NA,NA,NA,NA,NA,NA,NA,0.00,NA,NA,NA
2020-09-25 22:00:00,51.14,121.54,4.47,15.70,20.17,NA,NA,1.27,7.45,NA,NA,NA,NA,NA,NA,NA,NA,NA,NA,NA,0.00,NA,NA,NA
2020-09-25 23:00:00,53.93,146.22,4.93,16.15,21.09,NA,NA,1.46,6.37,NA,NA,NA,NA,NA,NA,NA,NA,NA,NA,NA,0.00,NA,NA,NA
2020-09-26 00:00:00,55.51,139.30,5.55,16.61,22.17,NA,NA,1.47,7.17,NA,NA,NA,NA,NA,NA,NA,NA,NA,NA,NA,0.00,NA,NA,NA
2020-09-26 01:00:00,54.53,136.87,6.89,15.46,22.35,NA,NA,1.37,6.01,NA,NA,NA,NA,NA,NA,NA,NA,NA,NA,NA,0.00,NA,NA,NA
2020-09-26 02:00:00,57.32,146.11,10.43,18.59,29.02,NA,NA,1.37,5.68,NA,NA,NA,NA,NA,NA,NA,NA,NA,NA,NA,0.00,NA,NA,NA
2020-09-26 03:00:00,63.13,159.79,10.40,16.45,26.84,NA,NA,1.24,5.73,NA,NA,NA,NA,NA,NA,NA,NA,NA,NA,NA,0.00,NA,NA,NA
2020-09-26 04:00:00,60.87,175.69,11.79,16.65,28.45,NA,NA,1.10,5.63,NA,NA,NA,NA,NA,NA,NA,NA,NA,NA,NA,0.00,NA,NA,NA
2020-09-26 05:00:00,59.74,137.35,6.86,12.77,19.66,NA,NA,1.06,4.70,NA,NA,NA,NA,NA,NA,NA,NA,NA,NA,NA,0.00,NA,NA,NA
2020-09-26 06:00:00,73.35,173.90,16.31,18.29,34.60,NA,NA,1.19,5.92,NA,NA,NA,NA,NA,NA,NA,NA,NA,NA,NA,0.00,NA,NA,NA
2020-09-26 07:00:00,77.18,202.88,14.89,18.32,33.21,NA,NA,1.23,7.50,NA,NA,NA,NA,NA,NA,NA,NA,NA,NA,NA,0.00,NA,NA,NA
2020-09-26 08:00:00,63.48,193.99,7.04,18.96,25.99,NA,NA,0.94,30.23,NA,NA,NA,NA,NA,NA,NA,NA,NA,NA,NA,0.00,NA,NA,NA
2020-09-26 09:00:00,38.08,148.58,4.99,11.57,16.56,NA,NA,0.71,50.41,NA,NA,NA,NA,NA,NA,NA,NA,NA,NA,NA,0.00,NA,NA,NA
2020-09-26 10:00:00,27.39,138.19,4.44,9.19,13.63,NA,NA,0.59,58.28,NA,NA,NA,NA,NA,NA,NA,NA,NA,NA,NA,0.00,NA,NA,NA
2020-09-26 11:00:00,37.67,154.89,4.51,9.37,13.89,NA,NA,0.58,54.38,NA,NA,NA,NA,NA,NA,NA,NA,NA,NA,NA,0.00,NA,NA,NA
2020-09-26 12:00:00,26.89,136.72,5.16,11.23,16.38,NA,NA,0.56,52.47,NA,NA,NA,NA,NA,NA,NA,NA,NA,NA,NA,0.00,NA,NA,NA
2020-09-26 13:00:00,42.76,153.75,3.97,9.14,13.11,NA,NA,0.56,48.47,NA,NA,NA,NA,NA,NA,NA,NA,NA,NA,NA,0.00,NA,NA,NA
2020-09-26 14:00:00,23.10,95.15,4.41,9.71,14.12,NA,NA,0.57,59.98,NA,NA,NA,NA,NA,NA,NA,NA,NA,NA,NA,0.00,NA,NA,NA
2020-09-26 15:00:00,26.60,104.56,4.46,12.21,16.67,NA,NA,0.65,69.23,NA,NA,NA,NA,NA,NA,NA,NA,NA,NA,NA,0.00,NA,NA,NA
2020-09-26 16:00:00,24.56,110.55,4.54,16.45,20.99,NA,NA,0.65,52.69,NA,NA,NA,NA,NA,NA,NA,NA,NA,NA,NA,0.00,NA,NA,NA
2020-09-26 17:00:00,38.49,146.40,4.33,17.59,21.92,NA,NA,0.72,42.82,NA,NA,NA,NA,NA,NA,NA,NA,NA,NA,NA,0.00,NA,NA,NA
2020-09-26 18:00:00,33.95,117.61,3.82,13.40,17.22,NA,NA,0.65,39.26,NA,NA,NA,NA,NA,NA,NA,NA,NA,NA,NA,0.00,NA,NA,NA
2020-09-26 19:00:00,35.48,123.98,3.85,20.29,24.15,NA,NA,0.79,29.42,NA,NA,NA,NA,NA,NA,NA,NA,NA,NA,NA,0.00,NA,NA,NA
2020-09-26 20:00:00,28.62,110.89,3.80,16.32,20.13,NA,NA,0.78,25.79,NA,NA,NA,NA,NA,NA,NA,NA,NA,NA,NA,0.00,NA,NA,NA
2020-09-26 21:00:00,29.65,98.84,3.86,16.34,20.20,NA,NA,0.80,15.03,NA,NA,NA,NA,NA,NA,NA,NA,NA,NA,NA,0.00,NA,NA,NA
2020-09-26 22:00:00,35.05,104.73,4.63,19.06,23.69,NA,NA,0.84,7.99,NA,NA,NA,NA,NA,NA,NA,NA,NA,NA,NA,0.00,NA,NA,NA
2020-09-26 23:00:00,38.10,109.93,4.53,14.99,19.52,NA,NA,0.78,8.93,NA,NA,NA,NA,NA,NA,NA,NA,NA,NA,NA,0.00,NA,NA,NA
2020-09-27 00:00:00,35.55,95.77,4.04,14.72,18.76,NA,NA,0.75,13.42,NA,NA,NA,NA,NA,NA,NA,NA,NA,NA,NA,0.00,NA,NA,NA
2020-09-27 01:00:00,32.41,89.33,4.08,17.06,21.16,NA,NA,0.71,10.80,NA,NA,NA,NA,NA,NA,NA,NA,NA,NA,NA,0.00,NA,NA,NA
2020-09-27 02:00:00,32.22,80.10,4.29,15.19,19.48,NA,NA,0.69,8.34,NA,NA,NA,NA,NA,NA,NA,NA,NA,NA,NA,0.00,NA,NA,NA
2020-09-27 03:00:00,23.67,64.66,4.00,12.02,15.99,NA,NA,0.65,16.50,NA,NA,NA,NA,NA,NA,NA,NA,NA,NA,NA,0.00,NA,NA,NA
2020-09-27 04:00:00,18.91,50.21,3.87,13.25,17.13,NA,NA,0.61,24.20,NA,NA,NA,NA,NA,NA,NA,NA,NA,NA,NA,0.00,NA,NA,NA
2020-09-27 05:00:00,14.93,40.35,3.79,11.51,15.29,NA,NA,0.60,19.13,NA,NA,NA,NA,NA,NA,NA,NA,NA,NA,NA,0.00,NA,NA,NA
2020-09-27 06:00:00,17.71,39.94,3.85,8.64,12.48,NA,NA,0.62,15.60,NA,NA,NA,NA,NA,NA,NA,NA,NA,NA,NA,0.00,NA,NA,NA
2020-09-27 07:00:00,15.47,35.95,4.98,9.36,14.35,NA,NA,0.67,12.92,NA,NA,NA,NA,NA,NA,NA,NA,NA,NA,NA,0.00,NA,NA,NA
2020-09-27 08:00:00,16.98,53.76,5.41,12.46,17.87,NA,NA,0.69,34.25,NA,NA,NA,NA,NA,NA,NA,NA,NA,NA,NA,0.00,NA,NA,NA
2020-09-27 09:00:00,21.15,65.05,4.99,11.56,16.54,NA,NA,0.63,49.82,NA,NA,NA,NA,NA,NA,NA,NA,NA,NA,NA,0.00,NA,NA,NA
2020-09-27 10:00:00,20.09,84.76,4.47,10.01,14.48,NA,NA,0.61,61.29,NA,NA,NA,NA,NA,NA,NA,NA,NA,NA,NA,0.00,NA,NA,NA
2020-09-27 11:00:00,37.90,116.61,4.32,8.92,13.23,NA,NA,0.59,75.79,NA,NA,NA,NA,NA,NA,NA,NA,NA,NA,NA,0.00,NA,NA,NA
2020-09-27 12:00:00,NA,NA,NA,NA,NA,NA,NA,NA,NA,NA,NA,NA,NA,NA,NA,NA,NA,NA,NA,NA,0.00,NA,NA,NA
2020-09-27 13:00:00,NA,NA,NA,NA,NA,NA,NA,NA,NA,NA,NA,NA,NA,NA,NA,NA,NA,NA,NA,NA,0.00,NA,NA,NA
2020-09-27 14:00:00,NA,NA,NA,NA,NA,NA,NA,NA,NA,NA,NA,NA,NA,NA,NA,NA,NA,NA,NA,NA,0.00,NA,NA,NA
2020-09-27 15:00:00,NA,NA,NA,NA,NA,NA,NA,NA,NA,NA,NA,NA,NA,NA,NA,NA,NA,NA,NA,NA,0.00,NA,NA,NA
2020-09-27 16:00:00,18.09,93.99,336.72,244.31,196.99,NA,NA,1.93,98.37,NA,NA,NA,NA,NA,NA,NA,NA,NA,NA,NA,0.00,NA,NA,NA
2020-09-27 17:00:00,NA,NA,15.33,9.18,24.38,NA,NA,1.00,81.21,NA,NA,NA,NA,NA,NA,NA,NA,NA,NA,NA,0.00,NA,NA,NA
2020-09-27 18:00:00,NA,NA,3.90,9.46,13.37,NA,NA,0.91,51.77,NA,NA,NA,NA,NA,NA,NA,NA,NA,NA,NA,0.00,NA,NA,NA
2020-09-27 19:00:00,NA,13.05,3.56,11.82,15.39,NA,NA,0.98,33.96,NA,NA,NA,NA,NA,NA,NA,NA,NA,NA,NA,0.00,NA,NA,NA
2020-09-27 20:00:00,NA,19.66,3.47,11.54,15.01,NA,NA,1.04,19.84,NA,NA,NA,NA,NA,NA,NA,NA,NA,NA,NA,0.00,NA,NA,NA
2020-09-27 21:00:00,5.50,41.86,3.66,11.25,14.91,NA,NA,1.09,11.04,NA,NA,NA,NA,NA,NA,NA,NA,NA,NA,NA,0.00,NA,NA,NA
2020-09-27 22:00:00,3.60,65.40,3.88,11.40,15.28,NA,NA,1.21,8.14,NA,NA,NA,NA,NA,NA,NA,NA,NA,NA,NA,0.00,NA,NA,NA
2020-09-27 23:00:00,18.67,129.00,6.68,17.92,24.62,NA,NA,1.27,6.45,NA,NA,NA,NA,NA,NA,NA,NA,NA,NA,NA,0.00,NA,NA,NA
2020-09-28 00:00:00,14.09,110.21,5.87,15.29,21.15,NA,NA,1.15,5.54,NA,NA,NA,NA,NA,NA,NA,NA,NA,NA,NA,0.00,NA,NA,NA
2020-09-28 01:00:00,30.12,104.43,5.38,14.80,20.18,NA,NA,1.15,6.07,NA,NA,NA,NA,NA,NA,NA,NA,NA,NA,NA,0.00,NA,NA,NA
2020-09-28 02:00:00,20.93,104.72,7.29,13.66,20.95,NA,NA,1.14,5.27,NA,NA,NA,NA,NA,NA,NA,NA,NA,NA,NA,0.00,NA,NA,NA
2020-09-28 03:00:00,47.76,116.56,9.79,15.06,24.86,NA,NA,1.13,5.77,NA,NA,NA,NA,NA,NA,NA,NA,NA,NA,NA,0.00,NA,NA,NA
2020-09-28 04:00:00,24.81,119.49,5.14,11.99,17.11,NA,NA,0.92,6.59,NA,NA,NA,NA,NA,NA,NA,NA,NA,NA,NA,0.00,NA,NA,NA
2020-09-28 05:00:00,34.40,119.30,4.66,10.22,14.88,NA,NA,0.87,7.29,NA,NA,NA,NA,NA,NA,NA,NA,NA,NA,NA,0.00,NA,NA,NA
2020-09-28 06:00:00,39.63,119.10,4.42,11.38,15.80,NA,NA,0.88,7.34,NA,NA,NA,NA,NA,NA,NA,NA,NA,NA,NA,0.00,NA,NA,NA
2020-09-28 07:00:00,54.40,142.87,9.90,13.86,23.74,NA,NA,0.90,7.92,NA,NA,NA,NA,NA,NA,NA,NA,NA,NA,NA,0.00,NA,NA,NA
2020-09-28 08:00:00,74.18,183.06,15.55,33.96,49.53,NA,NA,1.23,22.14,NA,NA,NA,NA,NA,NA,NA,NA,NA,NA,NA,0.00,NA,NA,NA
2020-09-28 09:00:00,76.24,202.91,5.94,25.16,31.10,NA,NA,1.08,68.71,NA,NA,NA,NA,NA,NA,NA,NA,NA,NA,NA,0.00,NA,NA,NA
2020-09-28 10:00:00,57.49,201.19,4.57,15.42,19.99,NA,NA,0.89,87.41,NA,NA,NA,NA,NA,NA,NA,NA,NA,NA,NA,0.00,NA,NA,NA
2020-09-28 11:00:00,52.43,175.27,3.99,10.83,14.82,NA,NA,0.82,105.94,NA,NA,NA,NA,NA,NA,NA,NA,NA,NA,NA,0.00,NA,NA,NA
2020-09-28 12:00:00,55.67,193.99,3.95,8.73,12.68,NA,NA,0.70,103.77,NA,NA,NA,NA,NA,NA,NA,NA,NA,NA,NA,0.00,NA,NA,NA
2020-09-28 13:00:00,45.47,173.07,4.26,9.96,14.22,NA,NA,0.65,97.16,NA,NA,NA,NA,NA,NA,NA,NA,NA,NA,NA,0.00,NA,NA,NA
2020-09-28 14:00:00,40.54,153.39,5.14,15.15,20.29,NA,NA,0.65,91.42,NA,NA,NA,NA,NA,NA,NA,NA,NA,NA,NA,0.00,NA,NA,NA
2020-09-28 15:00:00,29.45,134.41,3.76,6.87,10.63,NA,NA,0.64,95.15,NA,NA,NA,NA,NA,NA,NA,NA,NA,NA,NA,0.00,NA,NA,NA
2020-09-28 16:00:00,34.72,124.68,14.76,7.63,22.46,NA,NA,0.62,83.27,NA,NA,NA,NA,NA,NA,NA,NA,NA,NA,NA,0.00,NA,NA,NA
2020-09-28 17:00:00,NA,NA,4.26,7.64,11.90,NA,NA,0.73,87.54,NA,NA,NA,NA,NA,NA,NA,NA,NA,NA,NA,0.00,NA,NA,NA
2020-09-28 18:00:00,NA,5.34,3.62,9.24,12.86,NA,NA,0.77,72.30,NA,NA,NA,NA,NA,NA,NA,NA,NA,NA,NA,0.00,NA,NA,NA
2020-09-28 19:00:00,NA,55.63,3.64,10.69,14.33,NA,NA,0.89,40.46,NA,NA,NA,NA,NA,NA,NA,NA,NA,NA,NA,0.00,NA,NA,NA
2020-09-28 20:00:00,0.96,127.91,3.69,15.62,19.31,NA,NA,1.10,28.04,NA,NA,NA,NA,NA,NA,NA,NA,NA,NA,NA,0.00,NA,NA,NA
2020-09-28 21:00:00,30.16,161.69,3.71,19.31,23.02,NA,NA,1.38,20.58,NA,NA,NA,NA,NA,NA,NA,NA,NA,NA,NA,0.00,NA,NA,NA
2020-09-28 22:00:00,44.32,173.77,3.76,20.20,23.95,NA,NA,1.40,15.63,NA,NA,NA,NA,NA,NA,NA,NA,NA,NA,NA,0.00,NA,NA,NA
2020-09-28 23:00:00,46.12,172.82,4.43,17.54,21.97,NA,NA,1.32,11.56,NA,NA,NA,NA,NA,NA,NA,NA,NA,NA,NA,0.00,NA,NA,NA
2020-09-29 00:00:00,51.90,147.31,4.01,15.28,19.30,NA,NA,1.20,10.66,NA,NA,NA,NA,NA,NA,NA,NA,NA,NA,NA,0.00,NA,NA,NA
2020-09-29 01:00:00,50.59,137.41,4.73,19.37,24.09,NA,NA,1.19,7.51,NA,NA,NA,NA,NA,NA,NA,NA,NA,NA,NA,0.00,NA,NA,NA
2020-09-29 02:00:00,53.57,162.41,5.21,19.59,24.80,NA,NA,1.10,9.24,NA,NA,NA,NA,NA,NA,NA,NA,NA,NA,NA,0.00,NA,NA,NA
2020-09-29 03:00:00,59.10,159.98,5.40,17.06,22.47,NA,NA,1.03,6.38,NA,NA,NA,NA,NA,NA,NA,NA,NA,NA,NA,0.00,NA,NA,NA
2020-09-29 04:00:00,57.51,150.37,4.66,13.68,18.34,NA,NA,0.98,7.00,NA,NA,NA,NA,NA,NA,NA,NA,NA,NA,NA,0.00,NA,NA,NA
2020-09-29 05:00:00,54.91,166.33,4.76,11.41,16.17,NA,NA,0.90,6.04,NA,NA,NA,NA,NA,NA,NA,NA,NA,NA,NA,0.00,NA,NA,NA
2020-09-29 06:00:00,63.77,190.55,4.76,14.12,18.89,NA,NA,0.93,7.54,NA,NA,NA,NA,NA,NA,NA,NA,NA,NA,NA,0.00,NA,NA,NA
2020-09-29 07:00:00,66.65,167.01,13.56,20.78,34.33,NA,NA,1.06,8.87,NA,NA,NA,NA,NA,NA,NA,NA,NA,NA,NA,0.00,NA,NA,NA
2020-09-29 08:00:00,78.02,240.58,11.08,31.00,42.10,NA,NA,1.15,29.29,NA,NA,NA,NA,NA,NA,NA,NA,NA,NA,NA,0.00,NA,NA,NA
2020-09-29 09:00:00,86.47,264.20,4.78,17.80,22.58,NA,NA,0.93,82.65,NA,NA,NA,NA,NA,NA,NA,NA,NA,NA,NA,0.00,NA,NA,NA
2020-09-29 10:00:00,69.90,229.20,4.30,14.24,18.54,NA,NA,0.88,108.89,NA,NA,NA,NA,NA,NA,NA,NA,NA,NA,NA,0.00,NA,NA,NA
2020-09-29 11:00:00,65.57,215.97,4.25,12.77,17.02,NA,NA,0.79,118.19,NA,NA,NA,NA,NA,NA,NA,NA,NA,NA,NA,0.00,NA,NA,NA
2020-09-29 12:00:00,64.34,214.60,3.97,8.81,12.78,NA,NA,0.70,112.92,NA,NA,NA,NA,NA,NA,NA,NA,NA,NA,NA,0.00,NA,NA,NA
2020-09-29 13:00:00,56.70,174.28,3.88,7.21,11.09,NA,NA,0.56,91.57,NA,NA,NA,NA,NA,NA,NA,NA,NA,NA,NA,0.00,NA,NA,NA
2020-09-29 14:00:00,31.07,134.48,3.82,5.98,9.81,NA,NA,0.51,79.78,NA,NA,NA,NA,NA,NA,NA,NA,NA,NA,NA,0.00,NA,NA,NA
2020-09-29 15:00:00,15.77,113.11,3.86,5.84,9.70,NA,NA,0.50,82.82,NA,NA,NA,NA,NA,NA,NA,NA,NA,NA,NA,0.00,NA,NA,NA
2020-09-29 16:00:00,15.48,125.71,3.79,6.86,10.64,NA,NA,0.59,91.84,NA,NA,NA,NA,NA,NA,NA,NA,NA,NA,NA,0.00,NA,NA,NA
2020-09-29 17:00:00,45.56,143.40,3.69,7.81,11.50,NA,NA,0.65,92.14,NA,NA,NA,NA,NA,NA,NA,NA,NA,NA,NA,0.00,NA,NA,NA
2020-09-29 18:00:00,43.97,133.28,3.65,8.93,12.58,NA,NA,0.67,69.95,NA,NA,NA,NA,NA,NA,NA,NA,NA,NA,NA,0.00,NA,NA,NA
2020-09-29 19:00:00,47.65,150.49,3.59,11.47,15.06,NA,NA,0.81,44.15,NA,NA,NA,NA,NA,NA,NA,NA,NA,NA,NA,0.00,NA,NA,NA
2020-09-29 20:00:00,69.68,175.60,3.69,15.50,19.19,NA,NA,1.04,37.87,NA,NA,NA,NA,NA,NA,NA,NA,NA,NA,NA,0.00,NA,NA,NA
2020-09-29 21:00:00,101.16,224.55,3.76,14.40,18.16,NA,NA,1.38,19.95,NA,NA,NA,NA,NA,NA,NA,NA,NA,NA,NA,0.00,NA,NA,NA
2020-09-29 22:00:00,89.90,198.47,3.83,13.14,16.97,NA,NA,1.14,16.71,NA,NA,NA,NA,NA,NA,NA,NA,NA,NA,NA,0.00,NA,NA,NA
2020-09-29 23:00:00,60.05,148.49,3.89,14.18,18.07,NA,NA,1.03,15.72,NA,NA,NA,NA,NA,NA,NA,NA,NA,NA,NA,0.00,NA,NA,NA
2020-09-30 00:00:00,56.78,140.66,3.90,13.58,17.48,NA,NA,0.93,13.76,NA,NA,NA,NA,NA,NA,NA,NA,NA,NA,NA,0.00,NA,NA,NA
2020-09-30 01:00:00,55.00,135.91,4.23,19.30,23.53,NA,NA,0.88,8.24,NA,NA,NA,NA,NA,NA,NA,NA,NA,NA,NA,0.00,NA,NA,NA
2020-09-30 02:00:00,56.54,148.48,4.57,15.62,20.20,NA,NA,0.82,8.46,NA,NA,NA,NA,NA,NA,NA,NA,NA,NA,NA,0.00,NA,NA,NA
2020-09-30 03:00:00,57.73,156.92,4.52,15.71,20.23,NA,NA,0.87,7.96,NA,NA,NA,NA,NA,NA,NA,NA,NA,NA,NA,0.00,NA,NA,NA
2020-09-30 04:00:00,61.32,152.54,7.34,20.85,28.19,NA,NA,0.88,6.19,NA,NA,NA,NA,NA,NA,NA,NA,NA,NA,NA,0.00,NA,NA,NA
2020-09-30 05:00:00,60.16,154.30,9.86,23.75,33.61,NA,NA,0.90,5.87,NA,NA,NA,NA,NA,NA,NA,NA,NA,NA,NA,0.00,NA,NA,NA
2020-09-30 06:00:00,62.86,165.50,11.83,21.17,32.99,NA,NA,0.94,5.88,NA,NA,NA,NA,NA,NA,NA,NA,NA,NA,NA,0.00,NA,NA,NA
2020-09-30 07:00:00,61.89,157.67,16.79,28.31,45.11,NA,NA,0.98,11.67,NA,NA,NA,NA,NA,NA,NA,NA,NA,NA,NA,0.00,NA,NA,NA
2020-09-30 08:00:00,59.04,173.81,6.86,21.77,28.64,NA,NA,0.94,30.41,NA,NA,NA,NA,NA,NA,NA,NA,NA,NA,NA,0.00,NA,NA,NA
2020-09-30 09:00:00,53.68,177.98,5.98,12.25,18.24,NA,NA,0.83,73.51,NA,NA,NA,NA,NA,NA,NA,NA,NA,NA,NA,0.00,NA,NA,NA
2020-09-30 10:00:00,35.39,89.83,6.22,11.96,18.19,NA,NA,0.88,94.80,NA,NA,NA,NA,NA,NA,NA,NA,NA,NA,NA,0.00,NA,NA,NA
2020-09-30 11:00:00,NA,46.43,4.14,10.27,14.41,NA,NA,0.79,105.62,NA,NA,NA,NA,NA,NA,NA,NA,NA,NA,NA,0.00,NA,NA,NA
2020-09-30 12:00:00,NA,107.72,3.91,7.26,11.17,NA,NA,0.66,98.20,NA,NA,NA,NA,NA,NA,NA,NA,NA,NA,NA,0.00,NA,NA,NA
2020-09-30 13:00:00,3.97,113.70,3.91,6.75,10.66,NA,NA,0.62,95.07,NA,NA,NA,NA,NA,NA,NA,NA,NA,NA,NA,0.00,NA,NA,NA
2020-09-30 14:00:00,14.31,112.20,3.89,6.68,10.57,NA,NA,0.60,92.45,NA,NA,NA,NA,NA,NA,NA,NA,NA,NA,NA,0.00,NA,NA,NA
2020-09-30 15:00:00,20.74,115.63,3.91,6.63,10.55,NA,NA,0.58,90.74,NA,NA,NA,NA,NA,NA,NA,NA,NA,NA,NA,0.00,NA,NA,NA
2020-09-30 16:00:00,18.25,114.11,5.04,13.33,18.37,NA,NA,0.56,83.89,NA,NA,NA,NA,NA,NA,NA,NA,NA,NA,NA,0.00,NA,NA,NA
2020-09-30 17:00:00,32.97,122.92,3.77,8.20,11.97,NA,NA,0.61,96.38,NA,NA,NA,NA,NA,NA,NA,NA,NA,NA,NA,0.00,NA,NA,NA
2020-09-30 18:00:00,37.91,127.85,3.66,10.46,14.12,NA,NA,0.69,72.73,NA,NA,NA,NA,NA,NA,NA,NA,NA,NA,NA,0.00,NA,NA,NA
2020-09-30 19:00:00,39.91,131.46,3.77,15.20,18.97,NA,NA,0.85,43.47,NA,NA,NA,NA,NA,NA,NA,NA,NA,NA,NA,0.00,NA,NA,NA
2020-09-30 20:00:00,49.99,158.64,3.75,23.54,27.30,NA,NA,1.14,25.36,NA,NA,NA,NA,NA,NA,NA,NA,NA,NA,NA,0.00,NA,NA,NA
2020-09-30 21:00:00,52.64,164.58,3.82,20.71,24.52,NA,NA,1.15,16.53,NA,NA,NA,NA,NA,NA,NA,NA,NA,NA,NA,0.00,NA,NA,NA
2020-09-30 22:00:00,54.71,148.52,3.95,16.82,20.77,NA,NA,1.14,14.27,NA,NA,NA,NA,NA,NA,NA,NA,NA,NA,NA,0.00,NA,NA,NA
2020-09-30 23:00:00,53.53,144.53,5.35,24.51,29.86,NA,NA,1.09,6.88,NA,NA,NA,NA,NA,NA,NA,NA,NA,NA,NA,0.00,NA,NA,NA
2020-10-01 00:00:00,48.14,121.86,4.43,17.06,21.49,NA,NA,0.99,7.73,NA,NA,NA,NA,NA,NA,NA,NA,NA,NA,NA,0.00,NA,NA,NA
2020-10-01 01:00:00,50.26,119.37,10.65,21.25,31.89,NA,NA,1.03,5.90,NA,NA,NA,NA,NA,NA,NA,NA,NA,NA,NA,0.00,NA,NA,NA
2020-10-01 02:00:00,53.77,145.01,8.62,16.58,25.21,NA,NA,0.98,5.96,NA,NA,NA,NA,NA,NA,NA,NA,NA,NA,NA,0.00,NA,NA,NA
2020-10-01 03:00:00,55.34,133.44,7.28,14.31,21.58,NA,NA,0.97,5.80,NA,NA,NA,NA,NA,NA,NA,NA,NA,NA,NA,0.00,NA,NA,NA
2020-10-01 04:00:00,66.76,166.62,9.38,22.83,32.21,NA,NA,0.96,5.92,NA,NA,NA,NA,NA,NA,NA,NA,NA,NA,NA,0.00,NA,NA,NA
2020-10-01 05:00:00,62.91,172.46,7.86,18.29,26.15,NA,NA,0.91,5.88,NA,NA,NA,NA,NA,NA,NA,NA,NA,NA,NA,0.00,NA,NA,NA
2020-10-01 06:00:00,63.34,165.18,9.05,22.18,31.23,NA,NA,0.93,6.19,NA,NA,NA,NA,NA,NA,NA,NA,NA,NA,NA,0.00,NA,NA,NA
2020-10-01 07:00:00,66.60,182.44,12.37,20.31,32.65,NA,NA,0.96,8.56,NA,NA,NA,NA,NA,NA,NA,NA,NA,NA,NA,0.00,NA,NA,NA
2020-10-01 08:00:00,67.26,281.19,13.52,33.49,47.03,NA,NA,1.08,25.82,NA,NA,NA,NA,NA,NA,NA,NA,NA,NA,NA,0.00,NA,NA,NA
2020-10-01 09:00:00,87.92,337.55,5.93,25.02,30.96,NA,NA,0.98,58.56,NA,NA,NA,NA,NA,NA,NA,NA,NA,NA,NA,0.00,NA,NA,NA
2020-10-01 10:00:00,73.60,165.41,158.03,33.64,119.46,NA,NA,1.11,91.08,NA,NA,NA,NA,NA,NA,NA,NA,NA,NA,NA,0.00,NA,NA,NA
2020-10-01 11:00:00,NA,NA,4.65,9.99,14.63,NA,NA,0.89,106.10,NA,NA,NA,NA,NA,NA,NA,NA,NA,NA,NA,0.00,NA,NA,NA
2020-10-01 12:00:00,NA,6.75,4.20,8.84,13.04,NA,NA,0.79,106.00,NA,NA,NA,NA,NA,NA,NA,NA,NA,NA,NA,0.00,NA,NA,NA
2020-10-01 13:00:00,NA,52.56,4.08,7.40,11.48,NA,NA,0.69,101.54,NA,NA,NA,NA,NA,NA,NA,NA,NA,NA,NA,0.00,NA,NA,NA
2020-10-01 14:00:00,NA,64.50,4.12,7.31,11.43,NA,NA,0.67,105.30,NA,NA,NA,NA,NA,NA,NA,NA,NA,NA,NA,0.00,NA,NA,NA
2020-10-01 15:00:00,4.56,63.10,4.17,7.22,11.39,NA,NA,0.63,105.73,NA,NA,NA,NA,NA,NA,NA,NA,NA,NA,NA,0.00,NA,NA,NA
2020-10-01 16:00:00,8.20,82.95,4.01,7.35,11.36,NA,NA,0.62,98.78,NA,NA,NA,NA,NA,NA,NA,NA,NA,NA,NA,0.00,NA,NA,NA
2020-10-01 17:00:00,22.83,73.35,3.92,9.23,13.15,NA,NA,0.68,92.51,NA,NA,NA,NA,NA,NA,NA,NA,NA,NA,NA,0.00,NA,NA,NA
2020-10-01 18:00:00,17.22,112.12,3.84,10.33,14.17,NA,NA,0.79,63.57,NA,NA,NA,NA,NA,NA,NA,NA,NA,NA,NA,0.00,NA,NA,NA
2020-10-01 19:00:00,32.29,118.60,3.74,11.97,15.71,NA,NA,0.89,35.62,NA,NA,NA,NA,NA,NA,NA,NA,NA,NA,NA,0.00,NA,NA,NA
2020-10-01 20:00:00,29.02,124.88,3.81,14.00,17.81,NA,NA,1.03,21.99,NA,NA,NA,NA,NA,NA,NA,NA,NA,NA,NA,0.00,NA,NA,NA
2020-10-01 21:00:00,NA,135.55,3.99,17.50,21.49,NA,NA,1.24,11.85,NA,NA,NA,NA,NA,NA,NA,NA,NA,NA,NA,0.00,NA,NA,NA
2020-10-01 22:00:00,NA,145.76,5.30,24.55,29.85,NA,NA,1.40,7.64,NA,NA,NA,NA,NA,NA,NA,NA,NA,NA,NA,0.00,NA,NA,NA
2020-10-01 23:00:00,NA,182.06,6.50,23.96,30.45,NA,NA,1.43,6.23,NA,NA,NA,NA,NA,NA,NA,NA,NA,NA,NA,0.00,NA,NA,NA
2020-10-02 00:00:00,NA,227.44,16.68,29.86,46.52,NA,NA,1.73,6.19,NA,NA,NA,NA,NA,NA,NA,NA,NA,NA,NA,0.00,NA,NA,NA
2020-10-02 01:00:00,NA,244.51,22.99,33.25,56.24,NA,NA,1.78,5.84,NA,NA,NA,NA,NA,NA,NA,NA,NA,NA,NA,0.00,NA,NA,NA
2020-10-02 02:00:00,NA,215.55,15.91,24.97,40.88,NA,NA,1.49,5.50,NA,NA,NA,NA,NA,NA,NA,NA,NA,NA,NA,0.00,NA,NA,NA
2020-10-02 03:00:00,NA,161.09,12.71,21.01,33.73,NA,NA,1.32,5.84,NA,NA,NA,NA,NA,NA,NA,NA,NA,NA,NA,0.00,NA,NA,NA
2020-10-02 04:00:00,NA,162.64,8.68,18.56,27.25,NA,NA,1.17,6.02,NA,NA,NA,NA,NA,NA,NA,NA,NA,NA,NA,0.00,NA,NA,NA
2020-10-02 05:00:00,NA,131.07,5.81,15.00,20.80,NA,NA,1.08,5.50,NA,NA,NA,NA,NA,NA,NA,NA,NA,NA,NA,0.00,NA,NA,NA
2020-10-02 06:00:00,NA,134.82,10.65,14.28,24.92,NA,NA,1.09,5.77,NA,NA,NA,NA,NA,NA,NA,NA,NA,NA,NA,0.00,NA,NA,NA
2020-10-02 07:00:00,NA,160.82,13.21,18.30,31.51,NA,NA,1.15,7.98,NA,NA,NA,NA,NA,NA,NA,NA,NA,NA,NA,0.00,NA,NA,NA
2020-10-02 08:00:00,NA,161.65,6.52,18.76,25.28,NA,NA,1.01,36.06,NA,NA,NA,NA,NA,NA,NA,NA,NA,NA,NA,0.00,NA,NA,NA
2020-10-02 09:00:00,NA,214.54,4.52,12.97,17.48,NA,NA,0.96,77.81,NA,NA,NA,NA,NA,NA,NA,NA,NA,NA,NA,0.00,NA,NA,NA
2020-10-02 10:00:00,NA,180.95,4.18,10.28,14.45,NA,NA,0.87,93.08,NA,NA,NA,NA,NA,NA,NA,NA,NA,NA,NA,0.00,NA,NA,NA
2020-10-02 11:00:00,NA,168.24,4.16,9.40,13.56,NA,NA,0.83,100.55,NA,NA,NA,NA,NA,NA,NA,NA,NA,NA,NA,0.00,NA,NA,NA
2020-10-02 12:00:00,NA,146.52,4.08,7.77,11.85,NA,NA,0.72,99.46,NA,NA,NA,NA,NA,NA,NA,NA,NA,NA,NA,0.00,NA,NA,NA
2020-10-02 13:00:00,NA,135.88,4.06,7.90,11.96,NA,NA,0.66,107.06,NA,NA,NA,NA,NA,NA,NA,NA,NA,NA,NA,0.00,NA,NA,NA
2020-10-02 14:00:00,NA,125.31,4.11,7.44,11.55,NA,NA,0.59,98.80,NA,NA,NA,NA,NA,NA,NA,NA,NA,NA,NA,0.00,NA,NA,NA
2020-10-02 15:00:00,NA,104.10,4.07,7.31,11.39,NA,NA,0.60,110.11,NA,NA,NA,NA,NA,NA,NA,NA,NA,NA,NA,0.00,NA,NA,NA
2020-10-02 16:00:00,NA,135.46,4.15,7.63,11.79,NA,NA,0.67,119.60,NA,NA,NA,NA,NA,NA,NA,NA,NA,NA,NA,0.00,NA,NA,NA
2020-10-02 17:00:00,NA,153.79,4.35,8.95,13.30,NA,NA,0.78,112.38,NA,NA,NA,NA,NA,NA,NA,NA,NA,NA,NA,0.00,NA,NA,NA
2020-10-02 18:00:00,NA,150.82,3.84,9.62,13.46,NA,NA,0.85,72.73,NA,NA,NA,NA,NA,NA,NA,NA,NA,NA,NA,0.00,NA,NA,NA
2020-10-02 19:00:00,NA,154.34,3.75,11.73,15.48,NA,NA,0.97,44.27,NA,NA,NA,NA,NA,NA,NA,NA,NA,NA,NA,0.00,NA,NA,NA
2020-10-02 20:00:00,NA,174.40,3.74,14.55,18.29,NA,NA,1.20,29.34,NA,NA,NA,NA,NA,NA,NA,NA,NA,NA,NA,0.00,NA,NA,NA
2020-10-02 21:00:00,NA,194.44,3.89,17.72,21.61,NA,NA,1.38,16.55,NA,NA,NA,NA,NA,NA,NA,NA,NA,NA,NA,0.00,NA,NA,NA
2020-10-02 22:00:00,NA,210.65,4.05,19.96,24.01,NA,NA,1.53,12.43,NA,NA,NA,NA,NA,NA,NA,NA,NA,NA,NA,0.00,NA,NA,NA
2020-10-02 23:00:00,NA,192.87,4.08,17.53,21.61,NA,NA,1.44,13.45,NA,NA,NA,NA,NA,NA,NA,NA,NA,NA,NA,0.00,NA,NA,NA
2020-10-03 00:00:00,NA,160.24,4.23,15.21,19.44,NA,NA,1.42,9.25,NA,NA,NA,NA,NA,NA,NA,NA,NA,NA,NA,0.00,NA,NA,NA
2020-10-03 01:00:00,NA,175.98,4.49,15.42,19.91,NA,NA,1.40,7.15,NA,NA,NA,NA,NA,NA,NA,NA,NA,NA,NA,0.00,NA,NA,NA
2020-10-03 02:00:00,NA,167.46,4.82,13.54,18.36,NA,NA,1.33,6.91,NA,NA,NA,NA,NA,NA,NA,NA,NA,NA,NA,0.00,NA,NA,NA
2020-10-03 03:00:00,NA,149.55,4.74,10.39,15.13,NA,NA,1.32,6.47,NA,NA,NA,NA,NA,NA,NA,NA,NA,NA,NA,0.00,NA,NA,NA
2020-10-03 04:00:00,NA,148.01,4.65,8.82,13.48,NA,NA,1.23,6.27,NA,NA,NA,NA,NA,NA,NA,NA,NA,NA,NA,0.00,NA,NA,NA
2020-10-03 05:00:00,NA,137.66,4.81,8.13,12.93,NA,NA,1.20,5.73,NA,NA,NA,NA,NA,NA,NA,NA,NA,NA,NA,0.00,NA,NA,NA
2020-10-03 06:00:00,NA,137.81,8.82,10.27,19.08,NA,NA,1.24,6.25,NA,NA,NA,NA,NA,NA,NA,NA,NA,NA,NA,0.00,NA,NA,NA
2020-10-03 07:00:00,NA,153.00,15.22,16.13,31.32,NA,NA,1.32,8.13,NA,NA,NA,NA,NA,NA,NA,NA,NA,NA,NA,0.00,NA,NA,NA
2020-10-03 08:00:00,NA,268.43,15.76,38.50,54.29,NA,NA,1.50,22.71,NA,NA,NA,NA,NA,NA,NA,NA,NA,NA,NA,0.00,NA,NA,NA
2020-10-03 09:00:00,NA,265.92,6.31,27.49,33.80,NA,NA,1.26,72.76,NA,NA,NA,NA,NA,NA,NA,NA,NA,NA,NA,0.00,NA,NA,NA
2020-10-03 10:00:00,NA,208.84,4.46,15.61,20.07,NA,NA,1.00,120.63,NA,NA,NA,NA,NA,NA,NA,NA,NA,NA,NA,0.00,NA,NA,NA
2020-10-03 11:00:00,NA,201.27,4.27,13.29,17.56,NA,NA,0.91,140.04,NA,NA,NA,NA,NA,NA,NA,NA,NA,NA,NA,0.00,NA,NA,NA
2020-10-03 12:00:00,110.77,165.76,4.50,8.89,13.39,NA,NA,0.70,128.85,NA,NA,NA,NA,NA,NA,NA,NA,NA,NA,NA,0.00,NA,NA,NA
2020-10-03 13:00:00,110.58,122.23,4.17,8.72,12.90,NA,NA,0.70,137.59,NA,NA,NA,NA,NA,NA,NA,NA,NA,NA,NA,0.00,NA,NA,NA
2020-10-03 14:00:00,79.25,132.43,4.10,8.42,12.51,NA,NA,0.70,138.19,NA,NA,NA,NA,NA,NA,NA,NA,NA,NA,NA,0.00,NA,NA,NA
2020-10-03 15:00:00,61.53,121.16,4.05,8.17,12.23,NA,NA,0.69,134.83,NA,NA,NA,NA,NA,NA,NA,NA,NA,NA,NA,0.00,NA,NA,NA
2020-10-03 16:00:00,52.56,114.99,4.01,8.48,12.49,NA,NA,0.67,120.42,NA,NA,NA,NA,NA,NA,NA,NA,NA,NA,NA,0.00,NA,NA,NA
2020-10-03 17:00:00,44.22,110.17,4.00,10.64,14.65,NA,NA,0.67,99.59,NA,NA,NA,NA,NA,NA,NA,NA,NA,NA,NA,0.00,NA,NA,NA
2020-10-03 18:00:00,43.65,128.66,3.88,13.23,17.11,NA,NA,0.76,65.80,NA,NA,NA,NA,NA,NA,NA,NA,NA,NA,NA,0.00,NA,NA,NA
2020-10-03 19:00:00,49.65,136.38,3.82,15.93,19.75,NA,NA,0.93,39.36,NA,NA,NA,NA,NA,NA,NA,NA,NA,NA,NA,0.00,NA,NA,NA
2020-10-03 20:00:00,58.89,176.78,3.96,22.79,26.75,NA,NA,1.15,21.23,NA,NA,NA,NA,NA,NA,NA,NA,NA,NA,NA,0.00,NA,NA,NA
2020-10-03 21:00:00,76.19,191.92,4.27,30.08,34.35,NA,NA,1.50,12.06,NA,NA,NA,NA,NA,NA,NA,NA,NA,NA,NA,0.00,NA,NA,NA
2020-10-03 22:00:00,74.63,206.28,4.64,34.20,38.84,NA,NA,1.66,8.82,NA,NA,NA,NA,NA,NA,NA,NA,NA,NA,NA,0.00,NA,NA,NA
2020-10-03 23:00:00,78.74,171.30,4.86,27.85,32.71,NA,NA,1.66,7.87,NA,NA,NA,NA,NA,NA,NA,NA,NA,NA,NA,0.00,NA,NA,NA
2020-10-04 00:00:00,71.84,160.62,4.79,24.28,29.06,NA,NA,1.60,8.16,NA,NA,NA,NA,NA,NA,NA,NA,NA,NA,NA,0.00,NA,NA,NA
2020-10-04 01:00:00,70.28,156.07,5.49,24.46,29.94,NA,NA,1.63,7.79,NA,NA,NA,NA,NA,NA,NA,NA,NA,NA,NA,0.00,NA,NA,NA
2020-10-04 02:00:00,72.56,160.47,15.77,25.60,41.35,NA,NA,1.62,6.69,NA,NA,NA,NA,NA,NA,NA,NA,NA,NA,NA,0.00,NA,NA,NA
2020-10-04 03:00:00,72.61,164.25,12.73,27.58,40.33,NA,NA,1.37,7.03,NA,NA,NA,NA,NA,NA,NA,NA,NA,NA,NA,0.00,NA,NA,NA
2020-10-04 04:00:00,73.85,181.21,8.32,24.34,32.66,NA,NA,1.28,6.66,NA,NA,NA,NA,NA,NA,NA,NA,NA,NA,NA,0.00,NA,NA,NA
2020-10-04 05:00:00,77.82,170.56,8.11,16.33,24.43,NA,NA,1.20,6.30,NA,NA,NA,NA,NA,NA,NA,NA,NA,NA,NA,0.00,NA,NA,NA
2020-10-04 06:00:00,72.08,138.64,7.18,13.85,21.03,NA,NA,1.14,6.49,NA,NA,NA,NA,NA,NA,NA,NA,NA,NA,NA,0.00,NA,NA,NA
2020-10-04 07:00:00,63.40,126.82,8.36,13.12,21.48,NA,NA,1.14,9.00,NA,NA,NA,NA,NA,NA,NA,NA,NA,NA,NA,0.00,NA,NA,NA
2020-10-04 08:00:00,75.08,171.21,8.14,28.49,36.63,NA,NA,1.36,37.43,NA,NA,NA,NA,NA,NA,NA,NA,NA,NA,NA,0.00,NA,NA,NA
2020-10-04 09:00:00,89.15,226.59,5.16,21.06,26.22,NA,NA,1.07,89.47,NA,NA,NA,NA,NA,NA,NA,NA,NA,NA,NA,0.00,NA,NA,NA
2020-10-04 10:00:00,63.61,175.96,4.55,14.94,19.50,NA,NA,0.87,113.33,NA,NA,NA,NA,NA,NA,NA,NA,NA,NA,NA,0.00,NA,NA,NA
2020-10-04 11:00:00,54.66,161.52,4.36,11.95,16.31,NA,NA,0.77,123.66,NA,NA,NA,NA,NA,NA,NA,NA,NA,NA,NA,0.00,NA,NA,NA
2020-10-04 12:00:00,36.17,110.79,17.86,11.89,29.67,NA,NA,0.80,135.56,NA,NA,NA,NA,NA,NA,NA,NA,NA,NA,NA,0.00,NA,NA,NA
2020-10-04 13:00:00,NA,NA,4.60,11.80,16.41,NA,NA,0.76,133.04,NA,NA,NA,NA,NA,NA,NA,NA,NA,NA,NA,0.00,NA,NA,NA
2020-10-04 14:00:00,NA,NA,9.62,13.45,23.10,NA,NA,0.71,124.53,NA,NA,NA,NA,NA,NA,NA,NA,NA,NA,NA,0.00,NA,NA,NA
2020-10-04 15:00:00,NA,NA,NA,NA,NA,NA,NA,NA,NA,NA,NA,NA,NA,NA,NA,NA,NA,NA,NA,NA,0.00,NA,NA,NA
2020-10-04 16:00:00,NA,NA,NA,NA,NA,NA,NA,NA,NA,NA,NA,NA,NA,NA,NA,NA,NA,NA,NA,NA,0.00,NA,NA,NA
2020-10-04 17:00:00,NA,NA,346.79,90.23,199.18,NA,NA,1.76,90.07,NA,NA,NA,NA,NA,NA,NA,NA,NA,NA,NA,0.00,NA,NA,NA
2020-10-04 18:00:00,NA,NA,12.13,13.38,25.60,NA,NA,1.31,89.55,NA,NA,NA,NA,NA,NA,NA,NA,NA,NA,NA,0.00,NA,NA,NA
2020-10-04 19:00:00,NA,16.37,3.61,15.72,19.33,NA,NA,1.36,51.74,NA,NA,NA,NA,NA,NA,NA,NA,NA,NA,NA,0.00,NA,NA,NA
2020-10-04 20:00:00,NA,91.84,3.59,18.62,22.21,NA,NA,1.41,35.89,NA,NA,NA,NA,NA,NA,NA,NA,NA,NA,NA,0.00,NA,NA,NA
2020-10-04 21:00:00,20.06,113.39,3.62,20.97,24.58,NA,NA,1.44,30.44,NA,NA,NA,NA,NA,NA,NA,NA,NA,NA,NA,0.00,NA,NA,NA
2020-10-04 22:00:00,4.98,101.01,3.56,17.97,21.53,NA,NA,1.32,30.33,NA,NA,NA,NA,NA,NA,NA,NA,NA,NA,NA,0.00,NA,NA,NA
2020-10-04 23:00:00,29.68,110.81,3.62,20.27,23.89,NA,NA,1.28,21.14,NA,NA,NA,NA,NA,NA,NA,NA,NA,NA,NA,0.00,NA,NA,NA
2020-10-05 00:00:00,60.64,108.42,3.65,17.74,21.38,NA,NA,1.24,11.95,NA,NA,NA,NA,NA,NA,NA,NA,NA,NA,NA,0.00,NA,NA,NA
2020-10-05 01:00:00,27.13,120.50,3.83,15.12,18.95,NA,NA,1.19,11.12,NA,NA,NA,NA,NA,NA,NA,NA,NA,NA,NA,0.00,NA,NA,NA
2020-10-05 02:00:00,41.17,111.53,3.85,15.09,18.94,NA,NA,1.23,10.22,NA,NA,NA,NA,NA,NA,NA,NA,NA,NA,NA,0.00,NA,NA,NA
2020-10-05 03:00:00,63.14,153.62,4.04,14.78,18.82,NA,NA,1.25,7.93,NA,NA,NA,NA,NA,NA,NA,NA,NA,NA,NA,0.00,NA,NA,NA
2020-10-05 04:00:00,66.99,153.92,4.61,13.80,18.41,NA,NA,1.25,6.52,NA,NA,NA,NA,NA,NA,NA,NA,NA,NA,NA,0.00,NA,NA,NA
2020-10-05 05:00:00,73.36,162.60,5.01,18.49,23.50,NA,NA,1.23,7.23,NA,NA,NA,NA,NA,NA,NA,NA,NA,NA,NA,0.00,NA,NA,NA
2020-10-05 06:00:00,62.05,147.21,4.28,17.35,21.63,NA,NA,1.20,9.69,NA,NA,NA,NA,NA,NA,NA,NA,NA,NA,NA,0.00,NA,NA,NA
2020-10-05 07:00:00,69.58,146.86,7.04,19.18,26.22,NA,NA,1.28,11.24,NA,NA,NA,NA,NA,NA,NA,NA,NA,NA,NA,0.00,NA,NA,NA
2020-10-05 08:00:00,69.40,154.77,6.43,23.48,29.91,NA,NA,1.26,41.71,NA,NA,NA,NA,NA,NA,NA,NA,NA,NA,NA,0.00,NA,NA,NA
2020-10-05 09:00:00,71.81,216.03,5.01,22.98,27.99,NA,NA,1.28,84.98,NA,NA,NA,NA,NA,NA,NA,NA,NA,NA,NA,0.00,NA,NA,NA
2020-10-05 10:00:00,94.04,252.85,4.63,20.58,25.22,NA,NA,1.28,117.39,NA,NA,NA,NA,NA,NA,NA,NA,NA,NA,NA,0.00,NA,NA,NA
2020-10-05 11:00:00,83.62,216.63,4.24,15.22,19.46,NA,NA,1.13,143.12,NA,NA,NA,NA,NA,NA,NA,NA,NA,NA,NA,0.00,NA,NA,NA
2020-10-05 12:00:00,73.87,179.86,4.65,9.38,14.03,NA,NA,0.89,129.44,NA,NA,NA,NA,NA,NA,NA,NA,NA,NA,NA,0.00,NA,NA,NA
2020-10-05 13:00:00,45.02,128.52,4.04,8.38,12.42,NA,NA,0.81,123.76,NA,NA,NA,NA,NA,NA,NA,NA,NA,NA,NA,0.00,NA,NA,NA
2020-10-05 14:00:00,37.22,122.42,4.08,7.88,11.97,NA,NA,0.79,119.85,NA,NA,NA,NA,NA,NA,NA,NA,NA,NA,NA,0.00,NA,NA,NA
2020-10-05 15:00:00,29.61,121.85,3.95,7.66,11.61,NA,NA,0.78,115.93,NA,NA,NA,NA,NA,NA,NA,NA,NA,NA,NA,0.00,NA,NA,NA
2020-10-05 16:00:00,27.19,127.06,3.94,7.74,11.68,NA,NA,0.78,114.04,NA,NA,NA,NA,NA,NA,NA,NA,NA,NA,NA,0.00,NA,NA,NA
2020-10-05 17:00:00,28.33,118.90,3.88,9.10,12.98,NA,NA,0.78,108.64,NA,NA,NA,NA,NA,NA,NA,NA,NA,NA,NA,0.00,NA,NA,NA
2020-10-05 18:00:00,25.97,123.70,3.88,13.44,17.32,NA,NA,0.85,79.06,NA,NA,NA,NA,NA,NA,NA,NA,NA,NA,NA,0.00,NA,NA,NA
2020-10-05 19:00:00,33.05,141.92,3.80,23.52,27.33,NA,NA,1.15,40.23,NA,NA,NA,NA,NA,NA,NA,NA,NA,NA,NA,0.00,NA,NA,NA
2020-10-05 20:00:00,54.03,176.88,3.83,23.49,27.32,NA,NA,1.35,26.57,NA,NA,NA,NA,NA,NA,NA,NA,NA,NA,NA,0.00,NA,NA,NA
2020-10-05 21:00:00,57.54,159.11,3.83,25.14,28.97,NA,NA,1.42,21.08,NA,NA,NA,NA,NA,NA,NA,NA,NA,NA,NA,0.00,NA,NA,NA
2020-10-05 22:00:00,63.87,161.25,3.96,24.21,28.17,NA,NA,1.35,15.64,NA,NA,NA,NA,NA,NA,NA,NA,NA,NA,NA,0.00,NA,NA,NA
2020-10-05 23:00:00,59.65,152.47,3.82,21.03,24.84,NA,NA,1.32,14.88,NA,NA,NA,NA,NA,NA,NA,NA,NA,NA,NA,0.00,NA,NA,NA
2020-10-06 00:00:00,62.58,145.02,3.99,23.52,27.51,NA,NA,1.31,12.35,NA,NA,NA,NA,NA,NA,NA,NA,NA,NA,NA,0.00,NA,NA,NA
2020-10-06 01:00:00,68.93,152.02,4.26,21.80,26.05,NA,NA,1.35,11.17,NA,NA,NA,NA,NA,NA,NA,NA,NA,NA,NA,0.00,NA,NA,NA
2020-10-06 02:00:00,67.40,159.88,4.68,20.72,25.39,NA,NA,1.32,8.95,NA,NA,NA,NA,NA,NA,NA,NA,NA,NA,NA,0.00,NA,NA,NA
2020-10-06 03:00:00,70.33,160.38,5.61,20.19,25.80,NA,NA,1.38,6.50,NA,NA,NA,NA,NA,NA,NA,NA,NA,NA,NA,0.00,NA,NA,NA
2020-10-06 04:00:00,73.46,163.73,9.62,18.96,28.57,NA,NA,1.40,5.88,NA,NA,NA,NA,NA,NA,NA,NA,NA,NA,NA,0.00,NA,NA,NA
2020-10-06 05:00:00,75.66,173.72,10.83,19.82,30.64,NA,NA,1.34,7.60,NA,NA,NA,NA,NA,NA,NA,NA,NA,NA,NA,0.00,NA,NA,NA
2020-10-06 06:00:00,73.52,169.13,13.40,18.94,32.35,NA,NA,1.30,6.64,NA,NA,NA,NA,NA,NA,NA,NA,NA,NA,NA,0.00,NA,NA,NA
2020-10-06 07:00:00,73.17,137.69,18.79,20.05,38.81,NA,NA,1.37,7.86,NA,NA,NA,NA,NA,NA,NA,NA,NA,NA,NA,0.00,NA,NA,NA
2020-10-06 08:00:00,77.19,204.96,15.04,37.82,52.90,NA,NA,1.42,28.48,NA,NA,NA,NA,NA,NA,NA,NA,NA,NA,NA,0.00,NA,NA,NA
2020-10-06 09:00:00,74.64,212.07,5.38,21.20,26.58,NA,NA,1.15,75.02,NA,NA,NA,NA,NA,NA,NA,NA,NA,NA,NA,0.00,NA,NA,NA
2020-10-06 10:00:00,75.50,226.31,4.71,19.80,24.51,NA,NA,1.18,113.98,NA,NA,NA,NA,NA,NA,NA,NA,NA,NA,NA,0.00,NA,NA,NA
2020-10-06 11:00:00,91.32,225.42,4.36,17.20,21.56,NA,NA,1.16,142.05,NA,NA,NA,NA,NA,NA,NA,NA,NA,NA,NA,0.00,NA,NA,NA
2020-10-06 12:00:00,68.39,220.97,4.22,12.11,16.34,NA,NA,1.00,140.89,NA,NA,NA,NA,NA,NA,NA,NA,NA,NA,NA,0.00,NA,NA,NA
2020-10-06 13:00:00,54.09,164.68,4.15,10.48,14.63,NA,NA,0.92,139.48,NA,NA,NA,NA,NA,NA,NA,NA,NA,NA,NA,0.00,NA,NA,NA
2020-10-06 14:00:00,45.31,140.16,3.99,8.25,12.24,NA,NA,0.83,118.09,NA,NA,NA,NA,NA,NA,NA,NA,NA,NA,NA,0.00,NA,NA,NA
2020-10-06 15:00:00,34.79,117.77,3.95,7.59,11.54,NA,NA,0.78,105.62,NA,NA,NA,NA,NA,NA,NA,NA,NA,NA,NA,0.00,NA,NA,NA
2020-10-06 16:00:00,42.81,135.62,4.06,8.97,13.04,NA,NA,0.77,105.29,NA,NA,NA,NA,NA,NA,NA,NA,NA,NA,NA,0.00,NA,NA,NA
2020-10-06 17:00:00,39.62,178.95,3.94,10.14,14.08,NA,NA,0.83,99.73,NA,NA,NA,NA,NA,NA,NA,NA,NA,NA,NA,0.00,NA,NA,NA
2020-10-06 18:00:00,33.83,132.82,3.63,13.10,16.73,NA,NA,0.94,68.66,NA,NA,NA,NA,NA,NA,NA,NA,NA,NA,NA,0.00,NA,NA,NA
2020-10-06 19:00:00,36.98,125.43,247.54,45.34,181.01,NA,NA,1.76,43.28,NA,NA,NA,NA,NA,NA,NA,NA,NA,NA,NA,0.00,NA,NA,NA
2020-10-06 20:00:00,NA,NA,6.51,26.24,32.78,NA,NA,1.63,22.51,NA,NA,NA,NA,NA,NA,NA,NA,NA,NA,NA,0.00,NA,NA,NA
2020-10-06 21:00:00,NA,NA,4.37,30.50,34.87,NA,NA,1.87,14.48,NA,NA,NA,NA,NA,NA,NA,NA,NA,NA,NA,0.00,NA,NA,NA
2020-10-06 22:00:00,4.11,46.65,4.97,28.15,33.12,NA,NA,2.11,6.94,NA,NA,NA,NA,NA,NA,NA,NA,NA,NA,NA,0.00,NA,NA,NA
2020-10-06 23:00:00,7.11,116.06,10.35,31.31,41.65,NA,NA,2.34,6.93,NA,NA,NA,NA,NA,NA,NA,NA,NA,NA,NA,0.00,NA,NA,NA
2020-10-07 00:00:00,15.70,108.51,9.21,29.70,38.91,NA,NA,2.25,6.51,NA,NA,NA,NA,NA,NA,NA,NA,NA,NA,NA,0.00,NA,NA,NA
2020-10-07 01:00:00,30.31,130.35,15.33,26.24,41.55,NA,NA,2.42,6.60,NA,NA,NA,NA,NA,NA,NA,NA,NA,NA,NA,0.00,NA,NA,NA
2020-10-07 02:00:00,41.18,129.74,19.71,26.24,45.95,NA,NA,2.38,6.77,NA,NA,NA,NA,NA,NA,NA,NA,NA,NA,NA,0.00,NA,NA,NA
2020-10-07 03:00:00,43.44,135.19,17.14,24.40,41.54,NA,NA,2.19,6.91,NA,NA,NA,NA,NA,NA,NA,NA,NA,NA,NA,0.00,NA,NA,NA
2020-10-07 04:00:00,64.89,141.52,16.52,23.78,40.29,NA,NA,1.97,6.62,NA,NA,NA,NA,NA,NA,NA,NA,NA,NA,NA,0.00,NA,NA,NA
2020-10-07 05:00:00,52.86,158.37,28.21,20.58,48.78,NA,NA,1.92,6.39,NA,NA,NA,NA,NA,NA,NA,NA,NA,NA,NA,0.00,NA,NA,NA
2020-10-07 06:00:00,66.30,163.31,33.37,19.41,52.79,NA,NA,1.83,6.76,NA,NA,NA,NA,NA,NA,NA,NA,NA,NA,NA,0.00,NA,NA,NA
2020-10-07 07:00:00,69.03,154.47,30.66,25.51,56.16,NA,NA,1.80,8.16,NA,NA,NA,NA,NA,NA,NA,NA,NA,NA,NA,0.00,NA,NA,NA
2020-10-07 08:00:00,89.84,232.87,21.66,49.19,70.89,NA,NA,1.78,23.34,NA,NA,NA,NA,NA,NA,NA,NA,NA,NA,NA,0.00,NA,NA,NA
2020-10-07 09:00:00,102.23,285.24,7.15,37.08,44.23,NA,NA,1.42,75.26,NA,NA,NA,NA,NA,NA,NA,NA,NA,NA,NA,0.00,NA,NA,NA
2020-10-07 10:00:00,84.31,255.14,4.73,21.74,26.48,NA,NA,1.14,124.79,NA,NA,NA,NA,NA,NA,NA,NA,NA,NA,NA,0.00,NA,NA,NA
2020-10-07 11:00:00,63.34,199.81,4.62,19.35,23.97,NA,NA,1.03,140.86,NA,NA,NA,NA,NA,NA,NA,NA,NA,NA,NA,0.00,NA,NA,NA
2020-10-07 12:00:00,61.17,193.64,4.36,15.50,19.86,NA,NA,0.95,162.33,NA,NA,NA,NA,NA,NA,NA,NA,NA,NA,NA,0.00,NA,NA,NA
2020-10-07 13:00:00,64.19,176.39,4.20,11.24,15.44,NA,NA,0.84,152.41,NA,NA,NA,NA,NA,NA,NA,NA,NA,NA,NA,0.00,NA,NA,NA
2020-10-07 14:00:00,40.91,153.91,4.10,8.68,12.78,NA,NA,0.75,133.52,NA,NA,NA,NA,NA,NA,NA,NA,NA,NA,NA,0.00,NA,NA,NA
2020-10-07 15:00:00,2.88,134.65,4.14,8.00,12.14,NA,NA,0.72,126.03,NA,NA,NA,NA,NA,NA,NA,NA,NA,NA,NA,0.00,NA,NA,NA
2020-10-07 16:00:00,NA,107.13,4.09,7.49,11.59,NA,NA,0.67,103.62,NA,NA,NA,NA,NA,NA,NA,NA,NA,NA,NA,0.00,NA,NA,NA
2020-10-07 17:00:00,9.53,100.32,3.88,8.45,12.33,NA,NA,0.70,96.96,NA,NA,NA,NA,NA,NA,NA,NA,NA,NA,NA,0.00,NA,NA,NA
2020-10-07 18:00:00,23.05,133.46,3.88,11.46,15.34,NA,NA,0.83,75.40,NA,NA,NA,NA,NA,NA,NA,NA,NA,NA,NA,0.00,NA,NA,NA
2020-10-07 19:00:00,28.12,147.95,3.86,16.00,19.86,NA,NA,1.01,50.95,NA,NA,NA,NA,NA,NA,NA,NA,NA,NA,NA,0.00,NA,NA,NA
2020-10-07 20:00:00,36.61,184.18,3.89,25.81,29.70,NA,NA,1.47,30.38,NA,NA,NA,NA,NA,NA,NA,NA,NA,NA,NA,0.00,NA,NA,NA
2020-10-07 21:00:00,75.47,232.76,4.02,33.14,37.15,NA,NA,1.67,19.42,NA,NA,NA,NA,NA,NA,NA,NA,NA,NA,NA,0.00,NA,NA,NA
2020-10-07 22:00:00,80.18,195.77,4.14,29.77,33.91,NA,NA,1.66,14.57,NA,NA,NA,NA,NA,NA,NA,NA,NA,NA,NA,0.00,NA,NA,NA
2020-10-07 23:00:00,80.52,175.63,4.16,25.56,29.72,NA,NA,1.59,11.87,NA,NA,NA,NA,NA,NA,NA,NA,NA,NA,NA,0.00,NA,NA,NA
2020-10-08 00:00:00,71.73,173.36,4.17,21.05,25.22,NA,NA,1.48,10.24,NA,NA,NA,NA,NA,NA,NA,NA,NA,NA,NA,0.00,NA,NA,NA
2020-10-08 01:00:00,65.58,170.11,4.33,19.95,24.28,NA,NA,1.41,9.64,NA,NA,NA,NA,NA,NA,NA,NA,NA,NA,NA,0.00,NA,NA,NA
2020-10-08 02:00:00,64.51,134.74,4.94,18.17,23.11,NA,NA,1.38,6.91,NA,NA,NA,NA,NA,NA,NA,NA,NA,NA,NA,0.00,NA,NA,NA
2020-10-08 03:00:00,63.15,131.31,5.36,16.42,21.78,NA,NA,1.36,6.57,NA,NA,NA,NA,NA,NA,NA,NA,NA,NA,NA,0.00,NA,NA,NA
2020-10-08 04:00:00,62.92,126.59,5.09,11.91,17.00,NA,NA,1.20,6.95,NA,NA,NA,NA,NA,NA,NA,NA,NA,NA,NA,0.00,NA,NA,NA
2020-10-08 05:00:00,59.10,118.25,4.79,11.07,15.86,NA,NA,1.09,6.39,NA,NA,NA,NA,NA,NA,NA,NA,NA,NA,NA,0.00,NA,NA,NA
2020-10-08 06:00:00,60.85,118.35,5.99,12.98,18.96,NA,NA,1.13,6.68,NA,NA,NA,NA,NA,NA,NA,NA,NA,NA,NA,0.00,NA,NA,NA
2020-10-08 07:00:00,74.74,174.66,14.04,15.79,29.83,NA,NA,1.21,8.08,NA,NA,NA,NA,NA,NA,NA,NA,NA,NA,NA,0.00,NA,NA,NA
2020-10-08 08:00:00,75.17,194.36,21.18,38.01,59.20,NA,NA,1.39,16.99,NA,NA,NA,NA,NA,NA,NA,NA,NA,NA,NA,0.00,NA,NA,NA
2020-10-08 09:00:00,106.34,288.76,8.47,43.72,52.20,NA,NA,1.54,67.20,NA,NA,NA,NA,NA,NA,NA,NA,NA,NA,NA,0.00,NA,NA,NA
2020-10-08 10:00:00,107.75,315.88,5.60,37.89,43.49,NA,NA,1.48,134.74,NA,NA,NA,NA,NA,NA,NA,NA,NA,NA,NA,0.00,NA,NA,NA
2020-10-08 11:00:00,93.82,280.77,4.40,19.15,23.55,NA,NA,1.17,167.99,NA,NA,NA,NA,NA,NA,NA,NA,NA,NA,NA,0.00,NA,NA,NA
2020-10-08 12:00:00,92.23,231.38,4.38,13.56,17.94,NA,NA,0.94,161.10,NA,NA,NA,NA,NA,NA,NA,NA,NA,NA,NA,0.00,NA,NA,NA
2020-10-08 13:00:00,64.79,178.50,4.26,10.11,14.37,NA,NA,0.81,138.60,NA,NA,NA,NA,NA,NA,NA,NA,NA,NA,NA,0.00,NA,NA,NA
2020-10-08 14:00:00,50.75,141.26,4.11,9.43,13.54,NA,NA,0.84,147.57,NA,NA,NA,NA,NA,NA,NA,NA,NA,NA,NA,0.00,NA,NA,NA
2020-10-08 15:00:00,52.68,135.30,4.07,7.88,11.95,NA,NA,0.75,127.08,NA,NA,NA,NA,NA,NA,NA,NA,NA,NA,NA,0.00,NA,NA,NA
2020-10-08 16:00:00,40.47,116.64,4.09,9.83,13.92,NA,NA,0.82,123.39,NA,NA,NA,NA,NA,NA,NA,NA,NA,NA,NA,0.00,NA,NA,NA
2020-10-08 17:00:00,52.96,153.95,3.94,11.73,15.67,NA,NA,1.03,115.19,NA,NA,NA,NA,NA,NA,NA,NA,NA,NA,NA,0.00,NA,NA,NA
2020-10-08 18:00:00,51.05,145.64,3.88,17.20,21.07,NA,NA,1.03,73.22,NA,NA,NA,NA,NA,NA,NA,NA,NA,NA,NA,0.00,NA,NA,NA
2020-10-08 19:00:00,48.88,154.97,3.92,20.26,24.18,NA,NA,1.16,43.64,NA,NA,NA,NA,NA,NA,NA,NA,NA,NA,NA,0.00,NA,NA,NA
2020-10-08 20:00:00,60.42,179.92,3.96,25.41,29.37,NA,NA,1.48,30.68,NA,NA,NA,NA,NA,NA,NA,NA,NA,NA,NA,0.00,NA,NA,NA
2020-10-08 21:00:00,65.51,184.86,3.99,28.28,32.27,NA,NA,1.58,22.90,NA,NA,NA,NA,NA,NA,NA,NA,NA,NA,NA,0.00,NA,NA,NA
2020-10-08 22:00:00,70.91,190.53,4.05,29.03,33.08,NA,NA,1.62,15.91,NA,NA,NA,NA,NA,NA,NA,NA,NA,NA,NA,0.00,NA,NA,NA
2020-10-08 23:00:00,71.63,181.91,4.02,25.62,29.63,NA,NA,1.49,18.07,NA,NA,NA,NA,NA,NA,NA,NA,NA,NA,NA,0.00,NA,NA,NA
2020-10-09 00:00:00,72.26,160.88,4.16,22.52,26.68,NA,NA,1.48,11.87,NA,NA,NA,NA,NA,NA,NA,NA,NA,NA,NA,0.00,NA,NA,NA
2020-10-09 01:00:00,69.65,150.09,4.27,20.15,24.42,NA,NA,1.48,8.97,NA,NA,NA,NA,NA,NA,NA,NA,NA,NA,NA,0.00,NA,NA,NA
2020-10-09 02:00:00,64.50,145.40,4.44,16.74,21.18,NA,NA,1.43,8.09,NA,NA,NA,NA,NA,NA,NA,NA,NA,NA,NA,0.00,NA,NA,NA
2020-10-09 03:00:00,60.78,140.39,4.74,17.15,21.89,NA,NA,1.36,7.43,NA,NA,NA,NA,NA,NA,NA,NA,NA,NA,NA,0.00,NA,NA,NA
2020-10-09 04:00:00,65.90,135.44,5.97,17.38,23.35,NA,NA,1.32,6.54,NA,NA,NA,NA,NA,NA,NA,NA,NA,NA,NA,0.00,NA,NA,NA
2020-10-09 05:00:00,61.54,124.29,8.67,15.34,24.01,NA,NA,1.26,6.49,NA,NA,NA,NA,NA,NA,NA,NA,NA,NA,NA,0.00,NA,NA,NA
2020-10-09 06:00:00,69.00,161.71,16.35,16.73,33.08,NA,NA,1.29,6.60,NA,NA,NA,NA,NA,NA,NA,NA,NA,NA,NA,0.00,NA,NA,NA
2020-10-09 07:00:00,73.35,147.34,17.71,16.14,33.85,NA,NA,1.29,8.25,NA,NA,NA,NA,NA,NA,NA,NA,NA,NA,NA,0.00,NA,NA,NA
2020-10-09 08:00:00,78.12,187.78,27.43,44.62,72.06,NA,NA,1.49,12.58,NA,NA,NA,NA,NA,NA,NA,NA,NA,NA,NA,0.00,NA,NA,NA
2020-10-09 09:00:00,99.65,268.43,15.65,46.17,61.79,NA,NA,1.54,40.86,NA,NA,NA,NA,NA,NA,NA,NA,NA,NA,NA,0.00,NA,NA,NA
2020-10-09 10:00:00,75.05,226.87,5.21,23.49,28.70,NA,NA,1.19,106.91,NA,NA,NA,NA,NA,NA,NA,NA,NA,NA,NA,0.00,NA,NA,NA
2020-10-09 11:00:00,80.42,226.81,4.34,13.33,17.67,NA,NA,1.12,134.74,NA,NA,NA,NA,NA,NA,NA,NA,NA,NA,NA,0.00,NA,NA,NA
2020-10-09 12:00:00,80.45,198.22,4.17,9.20,13.37,NA,NA,1.07,146.97,NA,NA,NA,NA,NA,NA,NA,NA,NA,NA,NA,0.00,NA,NA,NA
2020-10-09 13:00:00,89.32,200.77,4.17,10.02,14.19,NA,NA,1.07,165.77,NA,NA,NA,NA,NA,NA,NA,NA,NA,NA,NA,0.00,NA,NA,NA
2020-10-09 14:00:00,80.40,195.72,4.17,12.82,16.99,NA,NA,1.11,185.13,NA,NA,NA,NA,NA,NA,NA,NA,NA,NA,NA,0.00,NA,NA,NA
2020-10-09 15:00:00,68.56,173.77,4.16,11.58,15.75,NA,NA,1.03,177.10,NA,NA,NA,NA,NA,NA,NA,NA,NA,NA,NA,0.00,NA,NA,NA
2020-10-09 16:00:00,62.39,173.63,4.03,11.38,15.41,NA,NA,0.95,144.92,NA,NA,NA,NA,NA,NA,NA,NA,NA,NA,NA,0.00,NA,NA,NA
2020-10-09 17:00:00,54.88,147.01,3.93,11.69,15.62,NA,NA,0.95,123.18,NA,NA,NA,NA,NA,NA,NA,NA,NA,NA,NA,0.00,NA,NA,NA
2020-10-09 18:00:00,54.31,146.16,3.91,15.35,19.26,NA,NA,1.03,80.17,NA,NA,NA,NA,NA,NA,NA,NA,NA,NA,NA,0.00,NA,NA,NA
2020-10-09 19:00:00,59.67,168.05,3.92,20.45,24.37,NA,NA,1.25,49.20,NA,NA,NA,NA,NA,NA,NA,NA,NA,NA,NA,0.00,NA,NA,NA
2020-10-09 20:00:00,63.24,174.72,3.86,25.34,29.20,NA,NA,1.39,28.29,NA,NA,NA,NA,NA,NA,NA,NA,NA,NA,NA,0.00,NA,NA,NA
2020-10-09 21:00:00,64.58,183.14,3.99,27.89,31.88,NA,NA,1.52,39.07,NA,NA,NA,NA,NA,NA,NA,NA,NA,NA,NA,0.00,NA,NA,NA
2020-10-09 22:00:00,72.46,190.07,4.02,22.42,26.44,NA,NA,1.41,36.34,NA,NA,NA,NA,NA,NA,NA,NA,NA,NA,NA,0.00,NA,NA,NA
2020-10-09 23:00:00,72.25,164.10,3.99,20.71,24.70,NA,NA,1.40,24.36,NA,NA,NA,NA,NA,NA,NA,NA,NA,NA,NA,0.00,NA,NA,NA
2020-10-10 00:00:00,66.09,153.92,4.02,18.55,22.57,NA,NA,1.40,15.85,NA,NA,NA,NA,NA,NA,NA,NA,NA,NA,NA,0.00,NA,NA,NA
2020-10-10 01:00:00,69.96,153.01,4.11,17.45,21.55,NA,NA,1.42,11.87,NA,NA,NA,NA,NA,NA,NA,NA,NA,NA,NA,0.00,NA,NA,NA
2020-10-10 02:00:00,64.67,138.34,4.12,16.04,20.16,NA,NA,1.38,9.96,NA,NA,NA,NA,NA,NA,NA,NA,NA,NA,NA,0.00,NA,NA,NA
2020-10-10 03:00:00,66.70,139.34,4.50,19.17,23.67,NA,NA,1.37,7.94,NA,NA,NA,NA,NA,NA,NA,NA,NA,NA,NA,0.00,NA,NA,NA
2020-10-10 04:00:00,67.30,138.56,5.08,17.71,22.78,NA,NA,1.38,6.89,NA,NA,NA,NA,NA,NA,NA,NA,NA,NA,NA,0.00,NA,NA,NA
2020-10-10 05:00:00,62.02,127.77,7.04,16.55,23.64,NA,NA,1.37,6.93,NA,NA,NA,NA,NA,NA,NA,NA,NA,NA,NA,0.00,NA,NA,NA
2020-10-10 06:00:00,71.00,140.60,25.78,19.55,45.34,NA,NA,1.49,6.87,NA,NA,NA,NA,NA,NA,NA,NA,NA,NA,NA,0.00,NA,NA,NA
2020-10-10 07:00:00,72.62,147.74,28.99,19.32,48.38,NA,NA,1.50,7.75,NA,NA,NA,NA,NA,NA,NA,NA,NA,NA,NA,0.00,NA,NA,NA
2020-10-10 08:00:00,88.15,197.27,22.01,48.78,70.77,NA,NA,1.74,20.98,NA,NA,NA,NA,NA,NA,NA,NA,NA,NA,NA,0.00,NA,NA,NA
2020-10-10 09:00:00,103.24,261.07,9.24,41.77,50.94,NA,NA,1.64,56.31,NA,NA,NA,NA,NA,NA,NA,NA,NA,NA,NA,0.00,NA,NA,NA
2020-10-10 10:00:00,85.71,221.03,4.75,19.59,24.31,NA,NA,1.24,115.73,NA,NA,NA,NA,NA,NA,NA,NA,NA,NA,NA,0.00,NA,NA,NA
2020-10-10 11:00:00,78.21,216.73,4.38,18.06,22.43,NA,NA,1.23,156.51,NA,NA,NA,NA,NA,NA,NA,NA,NA,NA,NA,0.00,NA,NA,NA
2020-10-10 12:00:00,79.53,190.21,4.31,13.17,17.48,NA,NA,1.09,148.41,NA,NA,NA,NA,NA,NA,NA,NA,NA,NA,NA,0.00,NA,NA,NA
2020-10-10 13:00:00,72.79,180.06,4.21,11.70,15.91,NA,NA,1.08,149.72,NA,NA,NA,NA,NA,NA,NA,NA,NA,NA,NA,0.00,NA,NA,NA
2020-10-10 14:00:00,73.76,173.10,4.14,9.46,13.59,NA,NA,1.02,141.70,NA,NA,NA,NA,NA,NA,NA,NA,NA,NA,NA,0.00,NA,NA,NA
2020-10-10 15:00:00,57.19,141.62,4.06,8.84,12.91,NA,NA,0.99,142.34,NA,NA,NA,NA,NA,NA,NA,NA,NA,NA,NA,0.00,NA,NA,NA
2020-10-10 16:00:00,60.66,150.46,4.18,11.83,16.01,NA,NA,1.05,141.47,NA,NA,NA,NA,NA,NA,NA,NA,NA,NA,NA,0.00,NA,NA,NA
2020-10-10 17:00:00,63.16,157.62,4.01,12.43,16.45,NA,NA,1.06,115.56,NA,NA,NA,NA,NA,NA,NA,NA,NA,NA,NA,0.00,NA,NA,NA
2020-10-10 18:00:00,61.67,163.65,3.92,17.04,20.97,NA,NA,1.18,74.37,NA,NA,NA,NA,NA,NA,NA,NA,NA,NA,NA,0.00,NA,NA,NA
2020-10-10 19:00:00,66.67,174.34,3.96,20.10,24.06,NA,NA,1.32,50.06,NA,NA,NA,NA,NA,NA,NA,NA,NA,NA,NA,0.00,NA,NA,NA
2020-10-10 20:00:00,66.54,171.80,3.88,20.69,24.58,NA,NA,1.41,47.78,NA,NA,NA,NA,NA,NA,NA,NA,NA,NA,NA,0.00,NA,NA,NA
2020-10-10 21:00:00,72.09,189.69,3.99,26.96,30.96,NA,NA,1.59,40.64,NA,NA,NA,NA,NA,NA,NA,NA,NA,NA,NA,0.00,NA,NA,NA
2020-10-10 22:00:00,86.26,215.44,4.02,30.60,34.62,NA,NA,1.60,23.86,NA,NA,NA,NA,NA,NA,NA,NA,NA,NA,NA,0.00,NA,NA,NA
2020-10-10 23:00:00,89.88,213.57,3.92,28.65,32.58,NA,NA,1.55,22.51,NA,NA,NA,NA,NA,NA,NA,NA,NA,NA,NA,0.00,NA,NA,NA
2020-10-11 00:00:00,90.59,220.51,4.06,24.86,28.92,NA,NA,1.51,14.35,NA,NA,NA,NA,NA,NA,NA,NA,NA,NA,NA,0.00,NA,NA,NA
2020-10-11 01:00:00,83.31,190.28,4.26,23.06,27.32,NA,NA,1.51,9.78,NA,NA,NA,NA,NA,NA,NA,NA,NA,NA,NA,0.00,NA,NA,NA
2020-10-11 02:00:00,78.56,183.21,4.76,19.46,24.23,NA,NA,1.51,7.54,NA,NA,NA,NA,NA,NA,NA,NA,NA,NA,NA,0.00,NA,NA,NA
2020-10-11 03:00:00,81.73,169.31,5.36,18.90,24.25,NA,NA,1.53,6.89,NA,NA,NA,NA,NA,NA,NA,NA,NA,NA,NA,0.00,NA,NA,NA
2020-10-11 04:00:00,78.37,178.93,6.49,18.53,25.02,NA,NA,1.53,6.08,NA,NA,NA,NA,NA,NA,NA,NA,NA,NA,NA,0.00,NA,NA,NA
2020-10-11 05:00:00,77.55,166.43,6.42,19.03,25.45,NA,NA,1.46,6.70,NA,NA,NA,NA,NA,NA,NA,NA,NA,NA,NA,0.00,NA,NA,NA
2020-10-11 06:00:00,78.21,175.13,5.38,16.60,21.98,NA,NA,1.40,6.88,NA,NA,NA,NA,NA,NA,NA,NA,NA,NA,NA,0.00,NA,NA,NA
2020-10-11 07:00:00,77.06,188.75,7.96,18.78,26.73,NA,NA,1.47,9.76,NA,NA,NA,NA,NA,NA,NA,NA,NA,NA,NA,0.00,NA,NA,NA
2020-10-11 08:00:00,75.11,196.83,8.53,29.23,37.76,NA,NA,1.59,25.51,NA,NA,NA,NA,NA,NA,NA,NA,NA,NA,NA,0.00,NA,NA,NA
2020-10-11 09:00:00,80.68,216.19,5.74,23.21,28.95,NA,NA,1.37,59.64,NA,NA,NA,NA,NA,NA,NA,NA,NA,NA,NA,0.00,NA,NA,NA
2020-10-11 10:00:00,81.58,222.50,5.05,20.31,25.37,NA,NA,1.34,95.47,NA,NA,NA,NA,NA,NA,NA,NA,NA,NA,NA,0.00,NA,NA,NA
2020-10-11 11:00:00,90.12,213.45,4.71,17.40,22.11,NA,NA,1.29,126.93,NA,NA,NA,NA,NA,NA,NA,NA,NA,NA,NA,0.00,NA,NA,NA
2020-10-11 12:00:00,85.63,212.68,4.50,15.74,20.24,NA,NA,1.24,145.28,NA,NA,NA,NA,NA,NA,NA,NA,NA,NA,NA,0.00,NA,NA,NA
2020-10-11 13:00:00,82.72,216.94,4.46,15.35,19.81,NA,NA,1.12,142.90,NA,NA,NA,NA,NA,NA,NA,NA,NA,NA,NA,0.00,NA,NA,NA
2020-10-11 14:00:00,75.31,191.64,4.48,14.58,19.06,NA,NA,1.04,131.66,NA,NA,NA,NA,NA,NA,NA,NA,NA,NA,NA,0.00,NA,NA,NA
2020-10-11 15:00:00,49.78,138.25,4.16,12.18,16.34,NA,NA,0.99,126.93,NA,NA,NA,NA,NA,NA,NA,NA,NA,NA,NA,0.00,NA,NA,NA
2020-10-11 16:00:00,64.98,178.05,4.16,10.63,14.79,NA,NA,0.95,124.73,NA,NA,NA,NA,NA,NA,NA,NA,NA,NA,NA,0.00,NA,NA,NA
2020-10-11 17:00:00,50.81,137.02,4.07,10.34,14.41,NA,NA,1.00,110.95,NA,NA,NA,NA,NA,NA,NA,NA,NA,NA,NA,0.00,NA,NA,NA
2020-10-11 18:00:00,48.53,130.55,4.02,15.15,19.17,NA,NA,1.13,73.87,NA,NA,NA,NA,NA,NA,NA,NA,NA,NA,NA,0.00,NA,NA,NA
2020-10-11 19:00:00,50.62,150.81,4.01,20.73,24.74,NA,NA,1.30,50.62,NA,NA,NA,NA,NA,NA,NA,NA,NA,NA,NA,0.00,NA,NA,NA
2020-10-11 20:00:00,66.69,174.53,4.00,25.08,29.08,NA,NA,1.46,34.52,NA,NA,NA,NA,NA,NA,NA,NA,NA,NA,NA,0.00,NA,NA,NA
2020-10-11 21:00:00,74.57,176.87,4.03,24.70,28.73,NA,NA,1.43,23.11,NA,NA,NA,NA,NA,NA,NA,NA,NA,NA,NA,0.00,NA,NA,NA
2020-10-11 22:00:00,71.98,200.28,4.06,27.66,31.71,NA,NA,1.58,20.39,NA,NA,NA,NA,NA,NA,NA,NA,NA,NA,NA,0.00,NA,NA,NA
2020-10-11 23:00:00,81.30,200.26,4.19,26.27,30.46,NA,NA,1.68,11.93,NA,NA,NA,NA,NA,NA,NA,NA,NA,NA,NA,0.00,NA,NA,NA
2020-10-12 00:00:00,76.46,186.86,4.29,23.36,27.65,NA,NA,1.64,10.13,NA,NA,NA,NA,NA,NA,NA,NA,NA,NA,NA,0.00,NA,NA,NA
2020-10-12 01:00:00,77.24,189.88,4.33,19.94,24.27,NA,NA,1.68,10.16,NA,NA,NA,NA,NA,NA,NA,NA,NA,NA,NA,0.00,NA,NA,NA
2020-10-12 02:00:00,81.66,172.16,4.35,16.06,20.42,NA,NA,1.65,8.45,NA,NA,NA,NA,NA,NA,NA,NA,NA,NA,NA,0.00,NA,NA,NA
2020-10-12 03:00:00,81.13,160.90,4.75,17.39,22.14,NA,NA,1.64,7.14,NA,NA,NA,NA,NA,NA,NA,NA,NA,NA,NA,0.00,NA,NA,NA
2020-10-12 04:00:00,75.43,156.11,5.27,17.30,22.57,NA,NA,1.64,6.81,NA,NA,NA,NA,NA,NA,NA,NA,NA,NA,NA,0.00,NA,NA,NA
2020-10-12 05:00:00,79.67,165.78,10.21,20.48,30.68,NA,NA,1.70,6.35,NA,NA,NA,NA,NA,NA,NA,NA,NA,NA,NA,0.00,NA,NA,NA
2020-10-12 06:00:00,80.47,162.12,21.53,20.15,41.67,NA,NA,1.72,6.55,NA,NA,NA,NA,NA,NA,NA,NA,NA,NA,NA,0.00,NA,NA,NA
2020-10-12 07:00:00,76.98,151.08,22.40,19.69,42.09,NA,NA,1.69,7.83,NA,NA,NA,NA,NA,NA,NA,NA,NA,NA,NA,0.00,NA,NA,NA
2020-10-12 08:00:00,80.44,191.48,23.30,44.80,68.10,NA,NA,1.89,14.71,NA,NA,NA,NA,NA,NA,NA,NA,NA,NA,NA,0.00,NA,NA,NA
2020-10-12 09:00:00,126.98,304.41,10.14,46.79,56.95,NA,NA,1.96,57.75,NA,NA,NA,NA,NA,NA,NA,NA,NA,NA,NA,0.00,NA,NA,NA
2020-10-12 10:00:00,131.02,264.57,5.09,24.30,29.40,NA,NA,1.56,118.40,NA,NA,NA,NA,NA,NA,NA,NA,NA,NA,NA,0.00,NA,NA,NA
2020-10-12 11:00:00,114.58,244.30,4.42,14.92,19.34,NA,NA,1.28,96.93,NA,NA,NA,NA,NA,NA,NA,NA,NA,NA,NA,0.00,NA,NA,NA
2020-10-12 12:00:00,104.28,259.37,4.44,15.42,19.86,NA,NA,1.22,88.89,NA,NA,NA,NA,NA,NA,NA,NA,NA,NA,NA,0.00,NA,NA,NA
2020-10-12 13:00:00,92.48,218.59,4.35,12.34,16.68,NA,NA,0.84,184.07,NA,NA,NA,NA,NA,NA,NA,NA,NA,NA,NA,0.00,NA,NA,NA
2020-10-12 14:00:00,83.55,190.50,51.89,36.42,88.30,NA,NA,0.75,177.63,NA,NA,NA,NA,NA,NA,NA,NA,NA,NA,NA,0.00,NA,NA,NA
2020-10-12 15:00:00,100.45,220.22,9.97,13.22,23.31,NA,NA,0.82,194.68,NA,NA,NA,NA,NA,NA,NA,NA,NA,NA,NA,0.00,NA,NA,NA
2020-10-12 16:00:00,96.74,222.43,5.16,10.47,15.63,NA,NA,0.79,167.89,NA,NA,NA,NA,NA,NA,NA,NA,NA,NA,NA,0.00,NA,NA,NA
2020-10-12 17:00:00,84.23,200.65,5.02,10.28,15.30,NA,NA,0.75,101.55,NA,NA,NA,NA,NA,NA,NA,NA,NA,NA,NA,0.00,NA,NA,NA
2020-10-12 18:00:00,76.57,175.63,4.99,13.63,18.61,NA,NA,0.84,58.13,NA,NA,NA,NA,NA,NA,NA,NA,NA,NA,NA,0.00,NA,NA,NA
2020-10-12 19:00:00,72.26,187.30,4.99,20.50,25.49,NA,NA,0.94,33.38,NA,NA,NA,NA,NA,NA,NA,NA,NA,NA,NA,0.00,NA,NA,NA
2020-10-12 20:00:00,79.18,180.43,5.10,22.55,27.64,NA,NA,1.12,18.30,NA,NA,NA,NA,NA,NA,NA,NA,NA,NA,NA,0.00,NA,NA,NA
2020-10-12 21:00:00,84.77,197.49,5.29,23.97,29.26,NA,NA,1.39,9.28,NA,NA,NA,NA,NA,NA,NA,NA,NA,NA,NA,0.00,NA,NA,NA
2020-10-12 22:00:00,99.04,224.10,5.64,32.37,38.00,NA,NA,1.59,5.24,NA,NA,NA,NA,NA,NA,NA,NA,NA,NA,NA,0.00,NA,NA,NA
2020-10-12 23:00:00,98.36,234.28,5.71,33.88,39.59,NA,NA,1.73,6.30,NA,NA,NA,NA,NA,NA,NA,NA,NA,NA,NA,0.00,NA,NA,NA
2020-10-13 00:00:00,100.35,205.54,5.70,20.05,25.75,NA,NA,1.64,3.64,NA,NA,NA,NA,NA,NA,NA,NA,NA,NA,NA,0.00,NA,NA,NA
2020-10-13 01:00:00,93.74,190.92,5.84,23.55,29.39,NA,NA,1.66,4.31,NA,NA,NA,NA,NA,NA,NA,NA,NA,NA,NA,0.00,NA,NA,NA
2020-10-13 02:00:00,104.34,217.00,7.65,29.42,37.06,NA,NA,1.85,5.88,NA,NA,NA,NA,NA,NA,NA,NA,NA,NA,NA,0.00,NA,NA,NA
2020-10-13 03:00:00,105.84,213.47,8.18,27.87,36.05,NA,NA,1.84,6.40,NA,NA,NA,NA,NA,NA,NA,NA,NA,NA,NA,0.00,NA,NA,NA
2020-10-13 04:00:00,118.24,225.35,6.74,18.03,24.77,NA,NA,1.75,5.05,NA,NA,NA,NA,NA,NA,NA,NA,NA,NA,NA,0.00,NA,NA,NA
2020-10-13 05:00:00,115.53,221.68,5.90,14.33,20.23,NA,NA,1.60,5.00,NA,NA,NA,NA,NA,NA,NA,NA,NA,NA,NA,0.00,NA,NA,NA
2020-10-13 06:00:00,119.88,240.58,6.14,13.40,19.54,NA,NA,1.46,4.37,NA,NA,NA,NA,NA,NA,NA,NA,NA,NA,NA,0.00,NA,NA,NA
2020-10-13 07:00:00,119.48,209.71,7.05,10.44,17.48,NA,NA,1.36,5.50,NA,NA,NA,NA,NA,NA,NA,NA,NA,NA,NA,0.00,NA,NA,NA
2020-10-13 08:00:00,136.35,228.60,7.82,21.27,29.09,NA,NA,1.57,30.03,NA,NA,NA,NA,NA,NA,NA,NA,NA,NA,NA,0.00,NA,NA,NA
2020-10-13 09:00:00,137.29,279.18,5.89,15.36,21.25,NA,NA,1.26,88.95,NA,NA,NA,NA,NA,NA,NA,NA,NA,NA,NA,0.00,NA,NA,NA
2020-10-13 10:00:00,121.09,275.86,5.52,10.75,16.28,NA,NA,1.05,115.88,NA,NA,NA,NA,NA,NA,NA,NA,NA,NA,NA,0.00,NA,NA,NA
2020-10-13 11:00:00,100.49,232.36,5.39,8.64,14.03,NA,NA,0.93,126.40,NA,NA,NA,NA,NA,NA,NA,NA,NA,NA,NA,0.00,NA,NA,NA
2020-10-13 12:00:00,78.62,180.70,5.40,5.60,11.00,NA,NA,0.76,133.99,NA,NA,NA,NA,NA,NA,NA,NA,NA,NA,NA,0.00,NA,NA,NA
2020-10-13 13:00:00,65.50,161.33,5.35,5.39,10.74,NA,NA,0.75,141.05,NA,NA,NA,NA,NA,NA,NA,NA,NA,NA,NA,0.00,NA,NA,NA
2020-10-13 14:00:00,81.83,180.04,5.17,5.12,10.29,NA,NA,0.68,143.55,NA,NA,NA,NA,NA,NA,NA,NA,NA,NA,NA,0.00,NA,NA,NA
2020-10-13 15:00:00,76.93,172.02,5.20,6.24,11.44,NA,NA,0.70,138.62,NA,NA,NA,NA,NA,NA,NA,NA,NA,NA,NA,0.00,NA,NA,NA
2020-10-13 16:00:00,69.87,149.69,5.05,5.06,10.11,NA,NA,0.69,139.03,NA,NA,NA,NA,NA,NA,NA,NA,NA,NA,NA,0.00,NA,NA,NA
2020-10-13 17:00:00,64.85,153.71,4.99,6.92,11.91,NA,NA,0.71,102.64,NA,NA,NA,NA,NA,NA,NA,NA,NA,NA,NA,0.00,NA,NA,NA
2020-10-13 18:00:00,70.52,202.38,4.94,13.46,18.40,NA,NA,0.86,68.29,NA,NA,NA,NA,NA,NA,NA,NA,NA,NA,NA,0.00,NA,NA,NA
2020-10-13 19:00:00,93.96,207.06,5.01,21.26,26.27,NA,NA,1.22,33.49,NA,NA,NA,NA,NA,NA,NA,NA,NA,NA,NA,0.00,NA,NA,NA
2020-10-13 20:00:00,105.80,241.85,5.21,26.42,31.63,NA,NA,1.58,30.36,NA,NA,NA,NA,NA,NA,NA,NA,NA,NA,NA,0.00,NA,NA,NA
2020-10-13 21:00:00,140.14,281.53,5.17,26.22,31.39,NA,NA,1.60,30.02,NA,NA,NA,NA,NA,NA,NA,NA,NA,NA,NA,0.00,NA,NA,NA
2020-10-13 22:00:00,149.68,296.36,5.20,23.77,28.96,NA,NA,1.48,32.05,NA,NA,NA,NA,NA,NA,NA,NA,NA,NA,NA,0.00,NA,NA,NA
2020-10-13 23:00:00,109.03,229.13,5.18,19.68,24.85,NA,NA,1.21,41.95,NA,NA,NA,NA,NA,NA,NA,NA,NA,NA,NA,0.00,NA,NA,NA
2020-10-14 00:00:00,103.61,226.24,5.13,17.70,22.83,NA,NA,1.21,22.47,NA,NA,NA,NA,NA,NA,NA,NA,NA,NA,NA,0.00,NA,NA,NA
2020-10-14 01:00:00,99.73,207.22,5.44,12.93,18.36,NA,NA,1.18,8.38,NA,NA,NA,NA,NA,NA,NA,NA,NA,NA,NA,0.00,NA,NA,NA
2020-10-14 02:00:00,100.38,203.64,7.14,23.68,30.82,NA,NA,1.11,8.72,NA,NA,NA,NA,NA,NA,NA,NA,NA,NA,NA,0.00,NA,NA,NA
2020-10-14 03:00:00,83.97,189.71,5.57,20.10,25.67,NA,NA,1.00,7.17,NA,NA,NA,NA,NA,NA,NA,NA,NA,NA,NA,0.00,NA,NA,NA
2020-10-14 04:00:00,82.29,178.97,6.37,21.08,27.45,NA,NA,0.95,9.93,NA,NA,NA,NA,NA,NA,NA,NA,NA,NA,NA,0.00,NA,NA,NA
2020-10-14 05:00:00,84.94,175.55,5.40,15.73,21.13,NA,NA,0.93,11.71,NA,NA,NA,NA,NA,NA,NA,NA,NA,NA,NA,0.00,NA,NA,NA
2020-10-14 06:00:00,85.71,178.22,5.98,15.24,21.21,NA,NA,0.96,6.62,NA,NA,NA,NA,NA,NA,NA,NA,NA,NA,NA,0.00,NA,NA,NA
2020-10-14 07:00:00,87.76,184.84,8.87,17.27,26.14,NA,NA,1.06,5.61,NA,NA,NA,NA,NA,NA,NA,NA,NA,NA,NA,0.00,NA,NA,NA
2020-10-14 08:00:00,124.73,218.41,7.61,26.65,34.27,NA,NA,1.27,31.34,NA,NA,NA,NA,NA,NA,NA,NA,NA,NA,NA,0.00,NA,NA,NA
2020-10-14 09:00:00,116.57,225.49,6.33,21.10,27.43,NA,NA,1.15,73.57,NA,NA,NA,NA,NA,NA,NA,NA,NA,NA,NA,0.00,NA,NA,NA
2020-10-14 10:00:00,104.84,221.23,5.76,13.90,19.66,NA,NA,0.91,93.27,NA,NA,NA,NA,NA,NA,NA,NA,NA,NA,NA,0.00,NA,NA,NA
2020-10-14 11:00:00,68.31,157.82,5.22,8.25,13.47,NA,NA,0.72,118.48,NA,NA,NA,NA,NA,NA,NA,NA,NA,NA,NA,0.00,NA,NA,NA
2020-10-14 12:00:00,49.80,105.14,130.84,30.47,162.27,NA,NA,0.96,138.77,NA,NA,NA,NA,NA,NA,NA,NA,NA,NA,NA,0.00,NA,NA,NA
2020-10-14 13:00:00,NA,NA,6.12,9.55,15.67,NA,NA,0.88,176.01,NA,NA,NA,NA,NA,NA,NA,NA,NA,NA,NA,0.00,NA,NA,NA
2020-10-14 14:00:00,NA,1.86,5.29,9.12,14.41,NA,NA,0.82,187.19,NA,NA,NA,NA,NA,NA,NA,NA,NA,NA,NA,0.00,NA,NA,NA
2020-10-14 15:00:00,NA,52.21,5.24,14.54,19.78,NA,NA,0.97,190.50,NA,NA,NA,NA,NA,NA,NA,NA,NA,NA,NA,0.00,NA,NA,NA
2020-10-14 16:00:00,24.33,123.05,5.11,15.25,20.36,NA,NA,1.01,172.09,NA,NA,NA,NA,NA,NA,NA,NA,NA,NA,NA,0.00,NA,NA,NA
2020-10-14 17:00:00,40.75,142.24,4.96,14.96,19.92,NA,NA,1.00,100.24,NA,NA,NA,NA,NA,NA,NA,NA,NA,NA,NA,0.00,NA,NA,NA
2020-10-14 18:00:00,61.28,167.26,5.07,20.42,25.49,NA,NA,1.24,46.05,NA,NA,NA,NA,NA,NA,NA,NA,NA,NA,NA,0.00,NA,NA,NA
2020-10-14 19:00:00,108.80,203.66,5.10,24.08,29.18,NA,NA,1.48,20.77,NA,NA,NA,NA,NA,NA,NA,NA,NA,NA,NA,0.00,NA,NA,NA
2020-10-14 20:00:00,76.39,186.55,5.18,26.14,31.32,NA,NA,1.64,10.90,NA,NA,NA,NA,NA,NA,NA,NA,NA,NA,NA,0.00,NA,NA,NA
2020-10-14 21:00:00,90.20,199.16,5.46,27.14,32.60,NA,NA,1.97,12.00,NA,NA,NA,NA,NA,NA,NA,NA,NA,NA,NA,0.00,NA,NA,NA
2020-10-14 22:00:00,101.82,216.32,7.46,34.96,42.41,NA,NA,2.27,13.79,NA,NA,NA,NA,NA,NA,NA,NA,NA,NA,NA,0.00,NA,NA,NA
2020-10-14 23:00:00,127.13,260.37,20.45,44.04,64.46,NA,NA,2.96,10.30,NA,NA,NA,NA,NA,NA,NA,NA,NA,NA,NA,0.00,NA,NA,NA
2020-10-15 00:00:00,123.32,267.54,44.16,46.11,90.23,NA,NA,3.33,10.34,NA,NA,NA,NA,NA,NA,NA,NA,NA,NA,NA,0.00,NA,NA,NA
2020-10-15 01:00:00,121.80,256.21,57.27,44.96,102.24,NA,NA,3.28,9.19,NA,NA,NA,NA,NA,NA,NA,NA,NA,NA,NA,0.00,NA,NA,NA
2020-10-15 02:00:00,112.42,239.40,61.06,48.60,109.65,NA,NA,3.39,6.09,NA,NA,NA,NA,NA,NA,NA,NA,NA,NA,NA,0.00,NA,NA,NA
2020-10-15 03:00:00,115.11,238.32,53.67,50.28,104.00,NA,NA,3.02,7.18,NA,NA,NA,NA,NA,NA,NA,NA,NA,NA,NA,0.00,NA,NA,NA
2020-10-15 04:00:00,153.37,273.81,28.23,40.66,68.91,NA,NA,2.43,4.69,NA,NA,NA,NA,NA,NA,NA,NA,NA,NA,NA,0.00,NA,NA,NA
2020-10-15 05:00:00,189.65,298.89,18.75,33.10,51.85,NA,NA,2.03,5.64,NA,NA,NA,NA,NA,NA,NA,NA,NA,NA,NA,0.00,NA,NA,NA
2020-10-15 06:00:00,186.27,295.92,12.12,23.50,35.64,NA,NA,1.85,4.15,NA,NA,NA,NA,NA,NA,NA,NA,NA,NA,NA,0.00,NA,NA,NA
2020-10-15 07:00:00,191.37,299.75,23.86,27.84,51.67,NA,NA,1.94,5.51,NA,NA,NA,NA,NA,NA,NA,NA,NA,NA,NA,0.00,NA,NA,NA
2020-10-15 08:00:00,181.72,291.22,15.83,32.51,48.36,NA,NA,1.82,18.47,NA,NA,NA,NA,NA,NA,NA,NA,NA,NA,NA,0.00,NA,NA,NA
2020-10-15 09:00:00,187.06,360.65,7.03,32.01,39.05,NA,NA,1.71,71.84,NA,NA,NA,NA,NA,NA,NA,NA,NA,NA,NA,0.00,NA,NA,NA
2020-10-15 10:00:00,178.14,368.99,5.98,24.37,30.35,NA,NA,1.45,118.90,NA,NA,NA,NA,NA,NA,NA,NA,NA,NA,NA,0.00,NA,NA,NA
2020-10-15 11:00:00,155.28,293.72,5.47,14.15,19.62,NA,NA,1.05,140.90,NA,NA,NA,NA,NA,NA,NA,NA,NA,NA,NA,0.00,NA,NA,NA
2020-10-15 12:00:00,76.60,165.22,82.69,21.65,104.97,NA,NA,0.63,116.43,NA,NA,NA,NA,NA,NA,NA,NA,NA,NA,NA,0.00,NA,NA,NA
2020-10-15 13:00:00,NA,NA,5.90,8.74,14.64,NA,NA,0.61,148.30,NA,NA,NA,NA,NA,NA,NA,NA,NA,NA,NA,0.00,NA,NA,NA
2020-10-15 14:00:00,NA,10.25,5.35,7.46,12.81,NA,NA,0.56,156.35,NA,NA,NA,NA,NA,NA,NA,NA,NA,NA,NA,0.00,NA,NA,NA
2020-10-15 15:00:00,NA,18.58,111.65,26.24,138.60,NA,NA,0.44,114.88,NA,NA,NA,NA,NA,NA,NA,NA,NA,NA,NA,0.00,NA,NA,NA
2020-10-15 16:00:00,NA,NA,5.87,6.79,12.67,NA,NA,0.44,116.05,NA,NA,NA,NA,NA,NA,NA,NA,NA,NA,NA,0.00,NA,NA,NA
2020-10-15 17:00:00,NA,NA,5.34,8.16,13.50,NA,NA,0.46,72.42,NA,NA,NA,NA,NA,NA,NA,NA,NA,NA,NA,0.00,NA,NA,NA
2020-10-15 18:00:00,NA,10.86,5.11,12.76,17.87,NA,NA,0.58,48.63,NA,NA,NA,NA,NA,NA,NA,NA,NA,NA,NA,0.00,NA,NA,NA
2020-10-15 19:00:00,2.68,53.83,5.19,22.18,27.37,NA,NA,0.76,25.13,NA,NA,NA,NA,NA,NA,NA,NA,NA,NA,NA,0.00,NA,NA,NA
2020-10-15 20:00:00,15.67,107.43,5.46,33.23,38.70,NA,NA,1.18,9.85,NA,NA,NA,NA,NA,NA,NA,NA,NA,NA,NA,0.00,NA,NA,NA
2020-10-15 21:00:00,29.76,163.24,7.46,44.39,51.84,NA,NA,1.45,3.76,NA,NA,NA,NA,NA,NA,NA,NA,NA,NA,NA,0.00,NA,NA,NA
2020-10-15 22:00:00,52.00,178.19,13.47,44.44,57.90,NA,NA,1.62,3.74,NA,NA,NA,NA,NA,NA,NA,NA,NA,NA,NA,0.00,NA,NA,NA
2020-10-15 23:00:00,59.33,158.70,13.99,44.93,58.93,NA,NA,1.57,3.30,NA,NA,NA,NA,NA,NA,NA,NA,NA,NA,NA,0.00,NA,NA,NA
2020-10-16 00:00:00,74.06,162.92,13.51,42.92,56.42,NA,NA,1.50,4.00,NA,NA,NA,NA,NA,NA,NA,NA,NA,NA,NA,0.00,NA,NA,NA
2020-10-16 01:00:00,88.72,177.55,14.02,37.80,51.83,NA,NA,1.40,4.49,NA,NA,NA,NA,NA,NA,NA,NA,NA,NA,NA,0.00,NA,NA,NA
2020-10-16 02:00:00,72.11,156.25,9.40,32.14,41.54,NA,NA,1.22,5.93,NA,NA,NA,NA,NA,NA,NA,NA,NA,NA,NA,0.00,NA,NA,NA
2020-10-16 03:00:00,77.21,165.91,11.66,29.36,41.02,NA,NA,1.19,7.52,NA,NA,NA,NA,NA,NA,NA,NA,NA,NA,NA,0.00,NA,NA,NA
2020-10-16 04:00:00,80.06,159.14,14.36,27.67,42.03,NA,NA,1.17,7.20,NA,NA,NA,NA,NA,NA,NA,NA,NA,NA,NA,0.00,NA,NA,NA
2020-10-16 05:00:00,74.18,147.04,17.44,24.77,42.23,NA,NA,1.08,4.44,NA,NA,NA,NA,NA,NA,NA,NA,NA,NA,NA,0.00,NA,NA,NA
2020-10-16 06:00:00,74.89,146.35,24.31,28.88,53.19,NA,NA,1.05,3.64,NA,NA,NA,NA,NA,NA,NA,NA,NA,NA,NA,0.00,NA,NA,NA
2020-10-16 07:00:00,71.42,159.85,26.43,24.40,50.87,NA,NA,1.05,5.22,NA,NA,NA,NA,NA,NA,NA,NA,NA,NA,NA,0.00,NA,NA,NA
2020-10-16 08:00:00,83.00,210.82,49.37,64.40,113.72,NA,NA,1.24,9.45,NA,NA,NA,NA,NA,NA,NA,NA,NA,NA,NA,0.00,NA,NA,NA
2020-10-16 09:00:00,93.96,233.53,10.45,38.89,49.31,NA,NA,0.93,58.71,NA,NA,NA,NA,NA,NA,NA,NA,NA,NA,NA,0.00,NA,NA,NA
2020-10-16 10:00:00,64.31,188.70,6.49,22.42,28.91,NA,NA,0.69,116.72,NA,NA,NA,NA,NA,NA,NA,NA,NA,NA,NA,0.00,NA,NA,NA
2020-10-16 11:00:00,41.90,139.43,5.71,12.80,18.51,NA,NA,0.47,127.45,NA,NA,NA,NA,NA,NA,NA,NA,NA,NA,NA,0.00,NA,NA,NA
2020-10-16 12:00:00,45.06,130.23,5.83,12.83,18.66,NA,NA,0.36,136.64,NA,NA,NA,NA,NA,NA,NA,NA,NA,NA,NA,0.00,NA,NA,NA
2020-10-16 13:00:00,33.13,98.79,5.53,8.34,13.87,NA,NA,0.30,143.84,NA,NA,NA,NA,NA,NA,NA,NA,NA,NA,NA,0.00,NA,NA,NA
2020-10-16 14:00:00,31.95,99.63,5.54,9.22,14.50,NA,NA,0.34,146.74,NA,NA,NA,NA,NA,NA,NA,NA,NA,NA,NA,0.00,NA,NA,NA
2020-10-16 15:00:00,50.29,118.33,5.60,9.13,14.73,NA,NA,0.42,156.81,NA,NA,NA,NA,NA,NA,NA,NA,NA,NA,NA,0.00,NA,NA,NA
2020-10-16 16:00:00,47.82,115.88,5.50,13.79,19.29,NA,NA,0.46,146.60,NA,NA,NA,NA,NA,NA,NA,NA,NA,NA,NA,0.00,NA,NA,NA
2020-10-16 17:00:00,58.50,134.94,5.26,12.48,17.74,NA,NA,0.54,98.73,NA,NA,NA,NA,NA,NA,NA,NA,NA,NA,NA,0.00,NA,NA,NA
2020-10-16 18:00:00,75.17,162.53,5.18,14.60,19.78,NA,NA,1.01,66.70,NA,NA,NA,NA,NA,NA,NA,NA,NA,NA,NA,0.00,NA,NA,NA
2020-10-16 19:00:00,161.61,280.09,5.34,31.73,37.07,NA,NA,1.20,38.71,NA,NA,NA,NA,NA,NA,NA,NA,NA,NA,NA,0.00,NA,NA,NA
2020-10-16 20:00:00,105.47,229.53,5.63,53.57,59.20,NA,NA,1.47,11.91,NA,NA,NA,NA,NA,NA,NA,NA,NA,NA,NA,0.00,NA,NA,NA
2020-10-16 21:00:00,88.21,198.88,8.14,59.76,67.89,NA,NA,1.64,3.58,NA,NA,NA,NA,NA,NA,NA,NA,NA,NA,NA,0.00,NA,NA,NA
2020-10-16 22:00:00,83.67,205.08,10.93,53.16,64.08,NA,NA,1.79,3.19,NA,NA,NA,NA,NA,NA,NA,NA,NA,NA,NA,0.00,NA,NA,NA
2020-10-16 23:00:00,88.50,196.23,9.90,49.11,59.01,NA,NA,1.75,2.76,NA,NA,NA,NA,NA,NA,NA,NA,NA,NA,NA,0.00,NA,NA,NA
2020-10-17 00:00:00,85.03,185.03,8.86,43.15,52.01,NA,NA,1.72,3.04,NA,NA,NA,NA,NA,NA,NA,NA,NA,NA,NA,0.00,NA,NA,NA
2020-10-17 01:00:00,84.87,189.22,11.11,38.43,49.53,NA,NA,1.72,2.93,NA,NA,NA,NA,NA,NA,NA,NA,NA,NA,NA,0.00,NA,NA,NA
2020-10-17 02:00:00,80.46,186.10,13.82,40.21,54.03,NA,NA,1.83,2.94,NA,NA,NA,NA,NA,NA,NA,NA,NA,NA,NA,0.00,NA,NA,NA
2020-10-17 03:00:00,82.66,180.14,17.06,40.60,57.65,NA,NA,1.84,2.50,NA,NA,NA,NA,NA,NA,NA,NA,NA,NA,NA,0.00,NA,NA,NA
2020-10-17 04:00:00,84.60,194.89,32.19,37.66,69.81,NA,NA,2.02,3.00,NA,NA,NA,NA,NA,NA,NA,NA,NA,NA,NA,0.00,NA,NA,NA
2020-10-17 05:00:00,95.04,229.63,62.15,37.33,99.47,NA,NA,1.99,2.57,NA,NA,NA,NA,NA,NA,NA,NA,NA,NA,NA,0.00,NA,NA,NA
2020-10-17 06:00:00,101.51,227.88,57.67,34.80,92.48,NA,NA,1.70,2.79,NA,NA,NA,NA,NA,NA,NA,NA,NA,NA,NA,0.00,NA,NA,NA
2020-10-17 07:00:00,98.36,218.39,52.23,31.87,84.11,NA,NA,1.54,3.71,NA,NA,NA,NA,NA,NA,NA,NA,NA,NA,NA,0.00,NA,NA,NA
2020-10-17 08:00:00,99.55,234.79,42.34,68.05,110.43,NA,NA,1.64,8.93,NA,NA,NA,NA,NA,NA,NA,NA,NA,NA,NA,0.00,NA,NA,NA
2020-10-17 09:00:00,160.55,335.74,14.55,74.12,88.68,NA,NA,1.77,54.63,NA,NA,NA,NA,NA,NA,NA,NA,NA,NA,NA,0.00,NA,NA,NA
2020-10-17 10:00:00,150.18,317.80,7.22,35.60,42.83,NA,NA,1.08,131.36,NA,NA,NA,NA,NA,NA,NA,NA,NA,NA,NA,0.00,NA,NA,NA
2020-10-17 11:00:00,92.94,202.23,5.71,12.11,17.83,NA,NA,0.60,141.87,NA,NA,NA,NA,NA,NA,NA,NA,NA,NA,NA,0.00,NA,NA,NA
2020-10-17 12:00:00,61.36,147.08,5.66,9.71,15.37,NA,NA,0.50,146.91,NA,NA,NA,NA,NA,NA,NA,NA,NA,NA,NA,0.00,NA,NA,NA
2020-10-17 13:00:00,56.64,130.12,5.65,9.16,14.82,NA,NA,0.51,166.26,NA,NA,NA,NA,NA,NA,NA,NA,NA,NA,NA,0.00,NA,NA,NA
2020-10-17 14:00:00,65.88,156.06,5.60,12.94,18.54,NA,NA,0.60,189.29,NA,NA,NA,NA,NA,NA,NA,NA,NA,NA,NA,0.00,NA,NA,NA
2020-10-17 15:00:00,65.61,160.46,5.49,10.98,16.48,NA,NA,0.53,177.06,NA,NA,NA,NA,NA,NA,NA,NA,NA,NA,NA,0.00,NA,NA,NA
2020-10-17 16:00:00,63.62,157.84,5.44,15.09,20.53,NA,NA,0.57,158.60,NA,NA,NA,NA,NA,NA,NA,NA,NA,NA,NA,0.00,NA,NA,NA
2020-10-17 17:00:00,65.07,157.90,5.31,15.08,20.39,NA,NA,0.58,86.98,NA,NA,NA,NA,NA,NA,NA,NA,NA,NA,NA,0.00,NA,NA,NA
2020-10-17 18:00:00,73.83,175.28,5.24,19.97,25.21,NA,NA,0.79,55.73,NA,NA,NA,NA,NA,NA,NA,NA,NA,NA,NA,0.00,NA,NA,NA
2020-10-17 19:00:00,93.84,217.01,5.38,29.39,34.77,NA,NA,1.07,38.21,NA,NA,NA,NA,NA,NA,NA,NA,NA,NA,NA,0.00,NA,NA,NA
2020-10-17 20:00:00,88.13,212.59,5.47,32.12,37.59,NA,NA,1.14,19.02,NA,NA,NA,NA,NA,NA,NA,NA,NA,NA,NA,0.00,NA,NA,NA
2020-10-17 21:00:00,88.81,203.51,5.90,40.06,45.96,NA,NA,1.47,7.25,NA,NA,NA,NA,NA,NA,NA,NA,NA,NA,NA,0.00,NA,NA,NA
2020-10-17 22:00:00,98.11,210.60,6.07,37.54,43.61,NA,NA,1.49,4.66,NA,NA,NA,NA,NA,NA,NA,NA,NA,NA,NA,0.00,NA,NA,NA
2020-10-17 23:00:00,106.41,214.77,6.29,35.91,42.20,NA,NA,1.53,5.40,NA,NA,NA,NA,NA,NA,NA,NA,NA,NA,NA,0.00,NA,NA,NA
2020-10-18 00:00:00,96.25,230.96,5.77,34.54,40.30,NA,NA,1.43,7.42,NA,NA,NA,NA,NA,NA,NA,NA,NA,NA,NA,0.00,NA,NA,NA
2020-10-18 01:00:00,109.01,229.67,5.61,32.52,38.13,NA,NA,1.27,11.58,NA,NA,NA,NA,NA,NA,NA,NA,NA,NA,NA,0.00,NA,NA,NA
2020-10-18 02:00:00,106.62,218.02,5.80,35.86,41.66,NA,NA,1.21,9.24,NA,NA,NA,NA,NA,NA,NA,NA,NA,NA,NA,0.00,NA,NA,NA
2020-10-18 03:00:00,112.65,235.10,6.56,35.92,42.47,NA,NA,1.23,5.34,NA,NA,NA,NA,NA,NA,NA,NA,NA,NA,NA,0.00,NA,NA,NA
2020-10-18 04:00:00,114.66,236.90,8.17,34.07,42.25,NA,NA,1.18,3.42,NA,NA,NA,NA,NA,NA,NA,NA,NA,NA,NA,0.00,NA,NA,NA
2020-10-18 05:00:00,111.59,237.30,10.01,39.76,49.76,NA,NA,1.13,2.91,NA,NA,NA,NA,NA,NA,NA,NA,NA,NA,NA,0.00,NA,NA,NA
2020-10-18 06:00:00,110.07,246.70,11.36,37.57,48.92,NA,NA,1.04,4.83,NA,NA,NA,NA,NA,NA,NA,NA,NA,NA,NA,0.00,NA,NA,NA
2020-10-18 07:00:00,120.19,239.27,10.79,30.58,41.36,NA,NA,1.10,7.23,NA,NA,NA,NA,NA,NA,NA,NA,NA,NA,NA,0.00,NA,NA,NA
2020-10-18 08:00:00,140.92,276.36,12.02,41.21,53.24,NA,NA,1.24,23.20,NA,NA,NA,NA,NA,NA,NA,NA,NA,NA,NA,0.00,NA,NA,NA
2020-10-18 09:00:00,146.59,298.90,7.18,27.45,34.64,NA,NA,1.06,67.43,NA,NA,NA,NA,NA,NA,NA,NA,NA,NA,NA,0.00,NA,NA,NA
2020-10-18 10:00:00,110.95,259.74,6.01,17.24,23.26,NA,NA,0.82,115.33,NA,NA,NA,NA,NA,NA,NA,NA,NA,NA,NA,0.00,NA,NA,NA
2020-10-18 11:00:00,89.53,220.25,6.01,16.99,23.00,NA,NA,0.77,146.88,NA,NA,NA,NA,NA,NA,NA,NA,NA,NA,NA,0.00,NA,NA,NA
2020-10-18 12:00:00,75.78,190.62,5.81,10.52,16.33,NA,NA,0.47,140.79,NA,NA,NA,NA,NA,NA,NA,NA,NA,NA,NA,0.00,NA,NA,NA
2020-10-18 13:00:00,43.35,133.44,5.67,6.88,12.54,NA,NA,0.37,141.43,NA,NA,NA,NA,NA,NA,NA,NA,NA,NA,NA,0.00,NA,NA,NA
2020-10-18 14:00:00,38.34,115.29,5.54,5.93,11.47,NA,NA,0.34,133.20,NA,NA,NA,NA,NA,NA,NA,NA,NA,NA,NA,0.00,NA,NA,NA
2020-10-18 15:00:00,35.51,109.64,5.56,5.80,11.37,NA,NA,0.31,123.12,NA,NA,NA,NA,NA,NA,NA,NA,NA,NA,NA,0.00,NA,NA,NA
2020-10-18 16:00:00,34.77,87.92,5.54,7.12,12.66,NA,NA,0.30,115.88,NA,NA,NA,NA,NA,NA,NA,NA,NA,NA,NA,0.00,NA,NA,NA
2020-10-18 17:00:00,33.95,113.90,5.40,10.82,16.22,NA,NA,0.37,90.09,NA,NA,NA,NA,NA,NA,NA,NA,NA,NA,NA,0.00,NA,NA,NA
2020-10-18 18:00:00,37.06,121.48,5.32,17.13,22.45,NA,NA,0.50,59.26,NA,NA,NA,NA,NA,NA,NA,NA,NA,NA,NA,0.00,NA,NA,NA
2020-10-18 19:00:00,61.42,163.14,5.43,19.85,25.27,NA,NA,0.68,37.63,NA,NA,NA,NA,NA,NA,NA,NA,NA,NA,NA,0.00,NA,NA,NA
2020-10-18 20:00:00,64.80,169.01,5.49,27.91,33.40,NA,NA,0.86,23.48,NA,NA,NA,NA,NA,NA,NA,NA,NA,NA,NA,0.00,NA,NA,NA
2020-10-18 21:00:00,64.27,163.96,5.37,27.79,33.16,NA,NA,0.91,18.37,NA,NA,NA,NA,NA,NA,NA,NA,NA,NA,NA,0.00,NA,NA,NA
2020-10-18 22:00:00,76.68,159.12,5.49,27.84,33.33,NA,NA,0.89,14.24,NA,NA,NA,NA,NA,NA,NA,NA,NA,NA,NA,0.00,NA,NA,NA
2020-10-18 23:00:00,72.92,160.97,5.46,30.02,35.48,NA,NA,0.89,20.76,NA,NA,NA,NA,NA,NA,NA,NA,NA,NA,NA,0.00,NA,NA,NA
2020-10-19 00:00:00,92.45,193.08,5.54,25.51,31.05,NA,NA,0.91,10.56,NA,NA,NA,NA,NA,NA,NA,NA,NA,NA,NA,0.00,NA,NA,NA
2020-10-19 01:00:00,97.37,215.93,5.56,23.75,29.30,NA,NA,0.91,11.42,NA,NA,NA,NA,NA,NA,NA,NA,NA,NA,NA,0.00,NA,NA,NA
2020-10-19 02:00:00,103.64,202.96,5.51,24.79,30.30,NA,NA,0.81,16.64,NA,NA,NA,NA,NA,NA,NA,NA,NA,NA,NA,0.00,NA,NA,NA
2020-10-19 03:00:00,96.18,201.73,5.55,31.71,37.26,NA,NA,0.74,16.45,NA,NA,NA,NA,NA,NA,NA,NA,NA,NA,NA,0.00,NA,NA,NA
2020-10-19 04:00:00,91.91,195.06,5.46,25.31,30.76,NA,NA,0.73,15.29,NA,NA,NA,NA,NA,NA,NA,NA,NA,NA,NA,0.00,NA,NA,NA
2020-10-19 05:00:00,93.09,190.71,5.44,19.79,25.23,NA,NA,0.71,22.99,NA,NA,NA,NA,NA,NA,NA,NA,NA,NA,NA,0.00,NA,NA,NA
2020-10-19 06:00:00,97.58,199.33,5.67,19.75,25.42,NA,NA,0.73,12.33,NA,NA,NA,NA,NA,NA,NA,NA,NA,NA,NA,0.00,NA,NA,NA
2020-10-19 07:00:00,81.90,189.84,7.93,15.38,23.31,NA,NA,0.73,7.55,NA,NA,NA,NA,NA,NA,NA,NA,NA,NA,NA,0.00,NA,NA,NA
2020-10-19 08:00:00,96.60,229.09,15.12,42.60,57.72,NA,NA,1.12,22.96,NA,NA,NA,NA,NA,NA,NA,NA,NA,NA,NA,0.00,NA,NA,NA
2020-10-19 09:00:00,152.85,314.17,8.01,36.53,44.54,NA,NA,1.10,81.31,NA,NA,NA,NA,NA,NA,NA,NA,NA,NA,NA,0.00,NA,NA,NA
2020-10-19 10:00:00,124.07,288.03,6.57,29.55,36.13,NA,NA,0.90,134.96,NA,NA,NA,NA,NA,NA,NA,NA,NA,NA,NA,0.00,NA,NA,NA
2020-10-19 11:00:00,108.92,279.81,5.98,17.10,23.08,NA,NA,0.76,157.19,NA,NA,NA,NA,NA,NA,NA,NA,NA,NA,NA,0.00,NA,NA,NA
2020-10-19 12:00:00,84.20,217.43,5.79,13.14,18.93,NA,NA,0.60,160.15,NA,NA,NA,NA,NA,NA,NA,NA,NA,NA,NA,0.00,NA,NA,NA
2020-10-19 13:00:00,68.37,187.97,5.62,10.66,16.27,NA,NA,0.62,161.81,NA,NA,NA,NA,NA,NA,NA,NA,NA,NA,NA,0.00,NA,NA,NA
2020-10-19 14:00:00,57.28,155.98,5.55,6.77,12.32,NA,NA,0.51,140.50,NA,NA,NA,NA,NA,NA,NA,NA,NA,NA,NA,0.00,NA,NA,NA
2020-10-19 15:00:00,41.93,125.77,5.49,5.43,10.92,NA,NA,0.44,123.33,NA,NA,NA,NA,NA,NA,NA,NA,NA,NA,NA,0.00,NA,NA,NA
2020-10-19 16:00:00,30.33,104.39,5.42,5.94,11.36,NA,NA,0.39,111.29,NA,NA,NA,NA,NA,NA,NA,NA,NA,NA,NA,0.00,NA,NA,NA
2020-10-19 17:00:00,39.45,115.70,5.40,12.91,18.31,NA,NA,0.44,92.44,NA,NA,NA,NA,NA,NA,NA,NA,NA,NA,NA,0.00,NA,NA,NA
2020-10-19 18:00:00,37.60,132.18,5.49,22.36,27.84,NA,NA,0.64,67.32,NA,NA,NA,NA,NA,NA,NA,NA,NA,NA,NA,0.00,NA,NA,NA
2020-10-19 19:00:00,56.74,158.67,5.63,34.54,40.17,NA,NA,1.05,44.44,NA,NA,NA,NA,NA,NA,NA,NA,NA,NA,NA,0.00,NA,NA,NA
2020-10-19 20:00:00,62.01,175.37,5.56,40.50,46.06,NA,NA,1.09,38.71,NA,NA,NA,NA,NA,NA,NA,NA,NA,NA,NA,0.00,NA,NA,NA
2020-10-19 21:00:00,65.23,181.09,5.51,46.19,51.70,NA,NA,1.19,35.94,NA,NA,NA,NA,NA,NA,NA,NA,NA,NA,NA,0.00,NA,NA,NA
2020-10-19 22:00:00,72.24,185.30,5.55,42.02,47.57,NA,NA,1.15,33.23,NA,NA,NA,NA,NA,NA,NA,NA,NA,NA,NA,0.00,NA,NA,NA
2020-10-19 23:00:00,62.98,150.10,5.43,30.13,35.55,NA,NA,0.92,39.23,NA,NA,NA,NA,NA,NA,NA,NA,NA,NA,NA,0.00,NA,NA,NA
2020-10-20 00:00:00,65.76,152.49,5.60,38.86,44.46,NA,NA,0.98,19.45,NA,NA,NA,NA,NA,NA,NA,NA,NA,NA,NA,0.00,NA,NA,NA
2020-10-20 01:00:00,78.66,203.36,5.73,35.88,41.61,NA,NA,1.04,10.66,NA,NA,NA,NA,NA,NA,NA,NA,NA,NA,NA,0.00,NA,NA,NA
2020-10-20 02:00:00,86.28,210.22,5.93,36.19,42.12,NA,NA,1.03,7.22,NA,NA,NA,NA,NA,NA,NA,NA,NA,NA,NA,0.00,NA,NA,NA
2020-10-20 03:00:00,87.60,187.78,6.21,29.68,35.89,NA,NA,1.00,5.01,NA,NA,NA,NA,NA,NA,NA,NA,NA,NA,NA,0.00,NA,NA,NA
2020-10-20 04:00:00,80.96,161.03,5.92,25.69,31.62,NA,NA,0.93,6.83,NA,NA,NA,NA,NA,NA,NA,NA,NA,NA,NA,0.00,NA,NA,NA
2020-10-20 05:00:00,69.37,131.71,5.57,19.63,25.21,NA,NA,0.87,7.78,NA,NA,NA,NA,NA,NA,NA,NA,NA,NA,NA,0.00,NA,NA,NA
2020-10-20 06:00:00,74.99,141.11,6.51,21.64,28.16,NA,NA,0.88,5.19,NA,NA,NA,NA,NA,NA,NA,NA,NA,NA,NA,0.00,NA,NA,NA
2020-10-20 07:00:00,71.17,149.48,9.89,17.88,27.78,NA,NA,0.95,7.68,NA,NA,NA,NA,NA,NA,NA,NA,NA,NA,NA,0.00,NA,NA,NA
2020-10-20 08:00:00,76.88,189.16,33.03,53.55,86.56,NA,NA,1.25,13.40,NA,NA,NA,NA,NA,NA,NA,NA,NA,NA,NA,0.00,NA,NA,NA
2020-10-20 09:00:00,103.00,240.30,9.90,43.70,53.55,NA,NA,1.29,71.84,NA,NA,NA,NA,NA,NA,NA,NA,NA,NA,NA,0.00,NA,NA,NA
2020-10-20 10:00:00,115.96,271.47,6.45,27.01,33.44,NA,NA,1.34,139.31,NA,NA,NA,NA,NA,NA,NA,NA,NA,NA,NA,0.00,NA,NA,NA
2020-10-20 11:00:00,122.61,260.97,6.12,26.22,32.32,NA,NA,1.35,181.99,NA,NA,NA,NA,NA,NA,NA,NA,NA,NA,NA,0.00,NA,NA,NA
2020-10-20 12:00:00,96.86,235.01,5.87,11.74,17.59,NA,NA,0.94,164.02,NA,NA,NA,NA,NA,NA,NA,NA,NA,NA,NA,0.00,NA,NA,NA
2020-10-20 13:00:00,71.85,170.41,5.69,9.77,15.45,NA,NA,0.97,162.83,NA,NA,NA,NA,NA,NA,NA,NA,NA,NA,NA,0.00,NA,NA,NA
2020-10-20 14:00:00,58.96,139.13,5.67,8.61,14.27,NA,NA,1.07,155.07,NA,NA,NA,NA,NA,NA,NA,NA,NA,NA,NA,0.00,NA,NA,NA
2020-10-20 15:00:00,41.16,112.12,5.47,4.38,9.84,NA,NA,1.11,112.99,NA,NA,NA,NA,NA,NA,NA,NA,NA,NA,NA,0.00,NA,NA,NA
2020-10-20 16:00:00,32.57,120.79,5.51,5.13,10.65,NA,NA,1.11,104.70,NA,NA,NA,NA,NA,NA,NA,NA,NA,NA,NA,0.00,NA,NA,NA
2020-10-20 17:00:00,34.18,93.09,5.44,8.83,14.29,NA,NA,1.10,80.76,NA,NA,NA,NA,NA,NA,NA,NA,NA,NA,NA,0.00,NA,NA,NA
2020-10-20 18:00:00,34.25,114.11,5.49,16.46,21.97,NA,NA,1.09,49.31,NA,NA,NA,NA,NA,NA,NA,NA,NA,NA,NA,0.00,NA,NA,NA
2020-10-20 19:00:00,49.75,139.15,5.47,24.42,29.93,NA,NA,1.07,27.29,NA,NA,NA,NA,NA,NA,NA,NA,NA,NA,NA,0.00,NA,NA,NA
2020-10-20 20:00:00,80.21,206.26,6.25,44.28,50.58,NA,NA,1.07,8.61,NA,NA,NA,NA,NA,NA,NA,NA,NA,NA,NA,0.00,NA,NA,NA
2020-10-20 21:00:00,81.45,203.79,10.73,54.31,65.05,NA,NA,1.12,3.94,NA,NA,NA,NA,NA,NA,NA,NA,NA,NA,NA,0.00,NA,NA,NA
2020-10-20 22:00:00,75.73,198.91,11.69,53.02,64.75,NA,NA,1.18,3.04,NA,NA,NA,NA,NA,NA,NA,NA,NA,NA,NA,0.00,NA,NA,NA
2020-10-20 23:00:00,83.55,201.62,22.39,55.23,77.63,NA,NA,1.27,2.87,NA,NA,NA,NA,NA,NA,NA,NA,NA,NA,NA,0.00,NA,NA,NA
2020-10-21 00:00:00,80.75,185.05,26.95,50.97,77.87,NA,NA,1.37,2.70,NA,NA,NA,NA,NA,NA,NA,NA,NA,NA,NA,0.00,NA,NA,NA
2020-10-21 01:00:00,86.60,192.11,20.29,40.76,60.99,NA,NA,1.46,3.12,NA,NA,NA,NA,NA,NA,NA,NA,NA,NA,NA,0.00,NA,NA,NA
2020-10-21 02:00:00,69.83,150.48,13.66,34.21,47.87,NA,NA,1.53,3.85,NA,NA,NA,NA,NA,NA,NA,NA,NA,NA,NA,0.00,NA,NA,NA
2020-10-21 03:00:00,67.65,142.25,7.15,27.17,34.31,NA,NA,1.54,3.68,NA,NA,NA,NA,NA,NA,NA,NA,NA,NA,NA,0.00,NA,NA,NA
2020-10-21 04:00:00,71.88,150.40,7.94,26.32,34.26,NA,NA,1.54,3.83,NA,NA,NA,NA,NA,NA,NA,NA,NA,NA,NA,0.00,NA,NA,NA
2020-10-21 05:00:00,83.30,146.24,6.03,20.32,26.34,NA,NA,1.55,4.79,NA,NA,NA,NA,NA,NA,NA,NA,NA,NA,NA,0.00,NA,NA,NA
2020-10-21 06:00:00,89.89,167.81,8.54,20.93,29.47,NA,NA,1.54,8.08,NA,NA,NA,NA,NA,NA,NA,NA,NA,NA,NA,0.00,NA,NA,NA
2020-10-21 07:00:00,92.25,161.01,7.51,15.71,23.21,NA,NA,1.53,9.86,NA,NA,NA,NA,NA,NA,NA,NA,NA,NA,NA,0.00,NA,NA,NA
2020-10-21 08:00:00,103.21,194.57,7.60,20.84,28.43,NA,NA,1.53,29.42,NA,NA,NA,NA,NA,NA,NA,NA,NA,NA,NA,0.00,NA,NA,NA
2020-10-21 09:00:00,113.57,234.11,9.82,37.31,47.13,NA,NA,1.55,59.61,NA,NA,NA,NA,NA,NA,NA,NA,NA,NA,NA,0.00,NA,NA,NA
2020-10-21 10:00:00,113.00,225.21,6.37,17.60,23.97,NA,NA,1.55,104.27,NA,NA,NA,NA,NA,NA,NA,NA,NA,NA,NA,0.00,NA,NA,NA
2020-10-21 11:00:00,60.31,128.19,5.81,7.25,13.06,NA,NA,1.55,107.32,NA,NA,NA,NA,NA,NA,NA,NA,NA,NA,NA,0.00,NA,NA,NA
2020-10-21 12:00:00,47.66,104.29,5.78,6.62,12.40,NA,NA,1.53,123.16,NA,NA,NA,NA,NA,NA,NA,NA,NA,NA,NA,0.00,NA,NA,NA
2020-10-21 13:00:00,27.21,80.34,5.71,6.53,12.24,NA,NA,1.49,127.82,NA,NA,NA,NA,NA,NA,NA,NA,NA,NA,NA,0.00,NA,NA,NA
2020-10-21 14:00:00,29.51,76.11,5.67,11.39,17.06,NA,NA,1.42,158.88,NA,NA,NA,NA,NA,NA,NA,NA,NA,NA,NA,0.00,NA,NA,NA
2020-10-21 15:00:00,31.95,87.52,5.63,13.27,18.90,NA,NA,1.38,192.18,NA,NA,NA,NA,NA,NA,NA,NA,NA,NA,NA,0.00,NA,NA,NA
2020-10-21 16:00:00,36.62,118.97,5.60,14.97,20.58,NA,NA,1.32,150.19,NA,NA,NA,NA,NA,NA,NA,NA,NA,NA,NA,0.00,NA,NA,NA
2020-10-21 17:00:00,41.11,131.54,5.54,16.98,22.52,NA,NA,1.26,67.31,NA,NA,NA,NA,NA,NA,NA,NA,NA,NA,NA,0.00,NA,NA,NA
2020-10-21 18:00:00,41.23,136.99,5.48,26.76,32.24,NA,NA,1.21,26.09,NA,NA,NA,NA,NA,NA,NA,NA,NA,NA,NA,0.00,NA,NA,NA
2020-10-21 19:00:00,50.22,139.73,5.57,29.35,34.92,NA,NA,1.20,13.39,NA,NA,NA,NA,NA,NA,NA,NA,NA,NA,NA,0.00,NA,NA,NA
2020-10-21 20:00:00,49.33,129.62,10.32,44.84,55.15,NA,NA,1.19,4.57,NA,NA,NA,NA,NA,NA,NA,NA,NA,NA,NA,0.00,NA,NA,NA
2020-10-21 21:00:00,56.95,136.67,22.98,53.08,76.04,NA,NA,1.21,2.83,NA,NA,NA,NA,NA,NA,NA,NA,NA,NA,NA,0.00,NA,NA,NA
2020-10-21 22:00:00,58.89,156.36,30.26,46.71,76.95,NA,NA,1.27,3.70,NA,NA,NA,NA,NA,NA,NA,NA,NA,NA,NA,0.00,NA,NA,NA
2020-10-21 23:00:00,68.59,177.40,49.47,52.14,101.56,NA,NA,1.35,3.78,NA,NA,NA,NA,NA,NA,NA,NA,NA,NA,NA,0.00,NA,NA,NA
2020-10-22 00:00:00,81.84,229.89,66.35,67.99,134.32,NA,NA,1.47,5.05,NA,NA,NA,NA,NA,NA,NA,NA,NA,NA,NA,0.00,NA,NA,NA
2020-10-22 01:00:00,73.50,205.13,33.72,50.32,84.14,NA,NA,1.59,17.32,NA,NA,NA,NA,NA,NA,NA,NA,NA,NA,NA,0.00,NA,NA,NA
2020-10-22 02:00:00,47.93,121.55,6.53,18.61,25.13,NA,NA,1.66,15.06,NA,NA,NA,NA,NA,NA,NA,NA,NA,NA,NA,0.00,NA,NA,NA
2020-10-22 03:00:00,39.96,71.90,10.44,15.89,26.33,NA,NA,1.66,3.15,NA,NA,NA,NA,NA,NA,NA,NA,NA,NA,NA,0.00,NA,NA,NA
2020-10-22 04:00:00,38.16,72.75,10.35,29.46,39.81,NA,NA,1.64,8.15,NA,NA,NA,NA,NA,NA,NA,NA,NA,NA,NA,0.00,NA,NA,NA
2020-10-22 05:00:00,44.08,90.89,17.25,24.47,41.71,NA,NA,1.60,3.01,NA,NA,NA,NA,NA,NA,NA,NA,NA,NA,NA,0.00,NA,NA,NA
2020-10-22 06:00:00,50.34,104.23,31.39,21.55,52.91,NA,NA,1.55,1.70,NA,NA,NA,NA,NA,NA,NA,NA,NA,NA,NA,0.00,NA,NA,NA
2020-10-22 07:00:00,53.39,97.06,31.95,21.27,53.23,NA,NA,1.52,3.13,NA,NA,NA,NA,NA,NA,NA,NA,NA,NA,NA,0.00,NA,NA,NA
2020-10-22 08:00:00,46.27,108.58,50.89,45.09,95.94,NA,NA,1.49,3.73,NA,NA,NA,NA,NA,NA,NA,NA,NA,NA,NA,0.00,NA,NA,NA
2020-10-22 09:00:00,103.08,196.59,14.82,55.90,70.78,NA,NA,1.49,41.84,NA,NA,NA,NA,NA,NA,NA,NA,NA,NA,NA,0.00,NA,NA,NA
2020-10-22 10:00:00,141.09,271.26,7.51,41.35,48.86,NA,NA,1.50,95.57,NA,NA,NA,NA,NA,NA,NA,NA,NA,NA,NA,0.00,NA,NA,NA
2020-10-22 11:00:00,145.47,287.98,7.85,56.29,64.14,NA,NA,1.51,151.29,NA,NA,NA,NA,NA,NA,NA,NA,NA,NA,NA,0.00,NA,NA,NA
2020-10-22 12:00:00,168.29,307.13,6.84,49.23,56.07,NA,NA,1.55,187.24,NA,NA,NA,NA,NA,NA,NA,NA,NA,NA,NA,0.00,NA,NA,NA
2020-10-22 13:00:00,122.04,221.43,5.99,19.96,25.95,NA,NA,1.59,162.89,NA,NA,NA,NA,NA,NA,NA,NA,NA,NA,NA,0.00,NA,NA,NA
2020-10-22 14:00:00,72.24,152.50,6.02,16.42,22.43,NA,NA,1.63,149.41,NA,NA,NA,NA,NA,NA,NA,NA,NA,NA,NA,0.00,NA,NA,NA
2020-10-22 15:00:00,46.92,125.42,5.74,15.37,21.11,NA,NA,1.62,131.68,NA,NA,NA,NA,NA,NA,NA,NA,NA,NA,NA,0.00,NA,NA,NA
2020-10-22 16:00:00,57.25,178.31,5.67,23.61,29.27,NA,NA,1.59,134.68,NA,NA,NA,NA,NA,NA,NA,NA,NA,NA,NA,0.00,NA,NA,NA
2020-10-22 17:00:00,85.05,203.32,5.40,27.16,32.56,NA,NA,1.56,84.77,NA,NA,NA,NA,NA,NA,NA,NA,NA,NA,NA,0.00,NA,NA,NA
2020-10-22 18:00:00,90.21,189.04,6.01,20.84,26.85,NA,NA,1.52,23.18,NA,NA,NA,NA,NA,NA,NA,NA,NA,NA,NA,0.00,NA,NA,NA
2020-10-22 19:00:00,125.46,199.17,11.70,20.22,31.90,NA,NA,1.53,2.15,NA,NA,NA,NA,NA,NA,NA,NA,NA,NA,NA,0.00,NA,NA,NA
2020-10-22 20:00:00,141.79,264.88,18.27,27.66,45.92,NA,NA,1.56,2.39,NA,NA,NA,NA,NA,NA,NA,NA,NA,NA,NA,0.00,NA,NA,NA
2020-10-22 21:00:00,153.07,285.86,21.99,30.86,52.84,NA,NA,1.63,1.92,NA,NA,NA,NA,NA,NA,NA,NA,NA,NA,NA,0.00,NA,NA,NA
2020-10-22 22:00:00,123.63,244.99,28.68,36.98,65.66,NA,NA,1.72,2.09,NA,NA,NA,NA,NA,NA,NA,NA,NA,NA,NA,0.00,NA,NA,NA
2020-10-22 23:00:00,125.46,253.98,33.42,38.31,71.72,NA,NA,1.84,3.51,NA,NA,NA,NA,NA,NA,NA,NA,NA,NA,NA,0.00,NA,NA,NA
2020-10-23 00:00:00,139.06,233.74,44.85,32.01,76.83,NA,NA,1.96,2.69,NA,NA,NA,NA,NA,NA,NA,NA,NA,NA,NA,0.00,NA,NA,NA
2020-10-23 01:00:00,136.99,269.75,39.60,31.62,71.24,NA,NA,2.10,2.03,NA,NA,NA,NA,NA,NA,NA,NA,NA,NA,NA,0.00,NA,NA,NA
2020-10-23 02:00:00,132.49,250.31,37.30,33.97,71.27,NA,NA,2.23,3.66,NA,NA,NA,NA,NA,NA,NA,NA,NA,NA,NA,0.00,NA,NA,NA
2020-10-23 03:00:00,150.08,267.51,35.51,29.03,64.54,NA,NA,2.34,2.54,NA,NA,NA,NA,NA,NA,NA,NA,NA,NA,NA,0.00,NA,NA,NA
2020-10-23 04:00:00,165.74,274.09,37.73,27.04,64.77,NA,NA,2.43,2.92,NA,NA,NA,NA,NA,NA,NA,NA,NA,NA,NA,0.00,NA,NA,NA
2020-10-23 05:00:00,183.47,305.94,34.99,24.66,59.66,NA,NA,2.52,3.60,NA,NA,NA,NA,NA,NA,NA,NA,NA,NA,NA,0.00,NA,NA,NA
2020-10-23 06:00:00,187.37,303.55,38.43,26.65,65.08,NA,NA,2.62,3.44,NA,NA,NA,NA,NA,NA,NA,NA,NA,NA,NA,0.00,NA,NA,NA
2020-10-23 07:00:00,180.12,275.79,36.83,28.12,64.95,NA,NA,2.68,5.42,NA,NA,NA,NA,NA,NA,NA,NA,NA,NA,NA,0.00,NA,NA,NA
2020-10-23 08:00:00,168.70,288.79,24.17,58.40,82.61,NA,NA,2.73,12.00,NA,NA,NA,NA,NA,NA,NA,NA,NA,NA,NA,0.00,NA,NA,NA
2020-10-23 09:00:00,225.27,449.77,9.53,56.70,66.23,NA,NA,2.79,71.81,NA,NA,NA,NA,NA,NA,NA,NA,NA,NA,NA,0.00,NA,NA,NA
2020-10-23 10:00:00,257.49,412.29,6.62,37.40,44.02,NA,NA,2.84,160.88,NA,NA,NA,NA,NA,NA,NA,NA,NA,NA,NA,0.00,NA,NA,NA
2020-10-23 11:00:00,217.11,381.29,6.44,39.00,45.45,NA,NA,2.82,195.33,NA,NA,NA,NA,NA,NA,NA,NA,NA,NA,NA,0.00,NA,NA,NA
2020-10-23 12:00:00,143.30,281.23,6.11,25.06,31.18,NA,NA,2.78,193.40,NA,NA,NA,NA,NA,NA,NA,NA,NA,NA,NA,0.00,NA,NA,NA
2020-10-23 13:00:00,96.64,223.52,11.51,13.68,25.21,NA,NA,2.36,35.20,NA,NA,NA,NA,NA,NA,NA,NA,NA,NA,NA,0.00,NA,NA,NA
2020-10-23 14:00:00,NA,55.18,6.52,14.36,20.88,NA,NA,2.67,182.31,NA,NA,NA,NA,NA,NA,NA,NA,NA,NA,NA,0.00,NA,NA,NA
2020-10-23 15:00:00,NA,14.61,5.74,9.96,15.70,NA,NA,2.53,163.10,NA,NA,NA,NA,NA,NA,NA,NA,NA,NA,NA,0.00,NA,NA,NA
2020-10-23 16:00:00,1.73,88.80,5.59,12.19,17.78,NA,NA,2.36,155.10,NA,NA,NA,NA,NA,NA,NA,NA,NA,NA,NA,0.00,NA,NA,NA
2020-10-23 17:00:00,15.73,104.93,5.51,15.37,20.88,NA,NA,2.19,65.01,NA,NA,NA,NA,NA,NA,NA,NA,NA,NA,NA,0.00,NA,NA,NA
2020-10-23 18:00:00,41.33,128.63,5.55,21.48,27.03,NA,NA,2.05,35.45,NA,NA,NA,NA,NA,NA,NA,NA,NA,NA,NA,0.00,NA,NA,NA
2020-10-23 19:00:00,84.40,215.15,5.68,42.11,47.78,NA,NA,1.95,18.44,NA,NA,NA,NA,NA,NA,NA,NA,NA,NA,NA,0.00,NA,NA,NA
2020-10-23 20:00:00,126.70,274.30,7.76,52.45,60.20,NA,NA,1.88,6.80,NA,NA,NA,NA,NA,NA,NA,NA,NA,NA,NA,0.00,NA,NA,NA
2020-10-23 21:00:00,137.03,274.86,10.00,50.59,60.59,NA,NA,1.88,2.38,NA,NA,NA,NA,NA,NA,NA,NA,NA,NA,NA,0.00,NA,NA,NA
2020-10-23 22:00:00,117.19,253.40,9.33,58.06,67.39,NA,NA,1.96,2.53,NA,NA,NA,NA,NA,NA,NA,NA,NA,NA,NA,0.00,NA,NA,NA
2020-10-23 23:00:00,115.75,238.11,9.22,44.13,53.35,NA,NA,2.03,3.70,NA,NA,NA,NA,NA,NA,NA,NA,NA,NA,NA,0.00,NA,NA,NA
2020-10-24 00:00:00,116.28,251.43,9.29,39.78,49.07,NA,NA,2.07,3.46,NA,NA,NA,NA,NA,NA,NA,NA,NA,NA,NA,0.00,NA,NA,NA
2020-10-24 01:00:00,118.22,250.18,13.96,49.23,63.19,NA,NA,2.17,4.43,NA,NA,NA,NA,NA,NA,NA,NA,NA,NA,NA,0.00,NA,NA,NA
2020-10-24 02:00:00,116.80,242.81,19.86,39.19,59.04,NA,NA,2.21,2.89,NA,NA,NA,NA,NA,NA,NA,NA,NA,NA,NA,0.00,NA,NA,NA
2020-10-24 03:00:00,108.85,220.22,33.34,36.71,69.99,NA,NA,2.33,2.85,NA,NA,NA,NA,NA,NA,NA,NA,NA,NA,NA,0.00,NA,NA,NA
2020-10-24 04:00:00,110.16,245.08,93.07,43.85,136.88,NA,NA,2.51,3.28,NA,NA,NA,NA,NA,NA,NA,NA,NA,NA,NA,0.00,NA,NA,NA
2020-10-24 05:00:00,126.61,311.22,105.15,45.90,151.05,NA,NA,2.61,3.05,NA,NA,NA,NA,NA,NA,NA,NA,NA,NA,NA,0.00,NA,NA,NA
2020-10-24 06:00:00,139.08,300.66,92.97,39.44,132.41,NA,NA,2.66,4.03,NA,NA,NA,NA,NA,NA,NA,NA,NA,NA,NA,0.00,NA,NA,NA
2020-10-24 07:00:00,154.22,310.41,98.65,48.20,146.82,NA,NA,2.85,5.24,NA,NA,NA,NA,NA,NA,NA,NA,NA,NA,NA,0.00,NA,NA,NA
2020-10-24 08:00:00,175.95,353.35,89.14,86.45,175.73,NA,NA,3.01,7.36,NA,NA,NA,NA,NA,NA,NA,NA,NA,NA,NA,0.00,NA,NA,NA
2020-10-24 09:00:00,177.91,379.76,9.50,41.62,51.14,NA,NA,3.10,60.28,NA,NA,NA,NA,NA,NA,NA,NA,NA,NA,NA,0.00,NA,NA,NA
2020-10-24 10:00:00,135.15,288.69,7.01,32.89,39.91,NA,NA,3.16,110.56,NA,NA,NA,NA,NA,NA,NA,NA,NA,NA,NA,0.00,NA,NA,NA
2020-10-24 11:00:00,135.83,304.88,6.28,25.91,32.19,NA,NA,3.15,152.95,NA,NA,NA,NA,NA,NA,NA,NA,NA,NA,NA,0.00,NA,NA,NA
2020-10-24 12:00:00,123.18,278.08,6.03,16.75,22.78,NA,NA,3.13,159.90,NA,NA,NA,NA,NA,NA,NA,NA,NA,NA,NA,0.00,NA,NA,NA
2020-10-24 13:00:00,94.12,220.91,5.85,14.11,19.96,NA,NA,3.08,164.24,NA,NA,NA,NA,NA,NA,NA,NA,NA,NA,NA,0.00,NA,NA,NA
2020-10-24 14:00:00,106.47,218.20,5.83,10.41,16.25,NA,NA,3.02,155.84,NA,NA,NA,NA,NA,NA,NA,NA,NA,NA,NA,0.00,NA,NA,NA
2020-10-24 15:00:00,68.93,140.43,5.70,8.32,14.02,NA,NA,2.72,138.39,NA,NA,NA,NA,NA,NA,NA,NA,NA,NA,NA,0.00,NA,NA,NA
2020-10-24 16:00:00,65.79,143.60,5.68,9.92,15.60,NA,NA,2.50,130.09,NA,NA,NA,NA,NA,NA,NA,NA,NA,NA,NA,0.00,NA,NA,NA
2020-10-24 17:00:00,75.66,166.64,5.67,15.66,21.33,NA,NA,2.43,112.19,NA,NA,NA,NA,NA,NA,NA,NA,NA,NA,NA,0.00,NA,NA,NA
2020-10-24 18:00:00,75.44,176.83,5.53,19.73,25.26,NA,NA,2.39,73.19,NA,NA,NA,NA,NA,NA,NA,NA,NA,NA,NA,0.00,NA,NA,NA
2020-10-24 19:00:00,90.36,211.73,5.49,25.47,30.96,NA,NA,2.38,40.78,NA,NA,NA,NA,NA,NA,NA,NA,NA,NA,NA,0.00,NA,NA,NA
2020-10-24 20:00:00,108.19,233.95,5.64,29.69,35.33,NA,NA,2.34,20.11,NA,NA,NA,NA,NA,NA,NA,NA,NA,NA,NA,0.00,NA,NA,NA
2020-10-24 21:00:00,125.48,249.82,5.99,38.26,44.25,NA,NA,2.29,9.48,NA,NA,NA,NA,NA,NA,NA,NA,NA,NA,NA,0.00,NA,NA,NA
2020-10-24 22:00:00,135.86,249.83,6.12,31.14,37.25,NA,NA,2.26,6.17,NA,NA,NA,NA,NA,NA,NA,NA,NA,NA,NA,0.00,NA,NA,NA
2020-10-24 23:00:00,128.83,219.50,6.03,26.16,32.19,NA,NA,2.23,7.23,NA,NA,NA,NA,NA,NA,NA,NA,NA,NA,NA,0.00,NA,NA,NA
2020-10-25 00:00:00,119.49,212.53,6.28,29.64,35.92,NA,NA,2.22,5.27,NA,NA,NA,NA,NA,NA,NA,NA,NA,NA,NA,0.00,NA,NA,NA
2020-10-25 01:00:00,118.43,208.42,6.18,32.97,39.15,NA,NA,2.21,7.73,NA,NA,NA,NA,NA,NA,NA,NA,NA,NA,NA,0.00,NA,NA,NA
2020-10-25 02:00:00,123.83,214.63,5.99,20.43,26.42,NA,NA,2.20,8.79,NA,NA,NA,NA,NA,NA,NA,NA,NA,NA,NA,0.00,NA,NA,NA
2020-10-25 03:00:00,111.71,183.40,5.77,12.62,18.39,NA,NA,2.20,13.58,NA,NA,NA,NA,NA,NA,NA,NA,NA,NA,NA,0.00,NA,NA,NA
2020-10-25 04:00:00,100.06,169.32,5.69,9.78,15.47,NA,NA,2.18,13.14,NA,NA,NA,NA,NA,NA,NA,NA,NA,NA,NA,0.00,NA,NA,NA
2020-10-25 05:00:00,112.63,185.01,5.78,12.29,18.06,NA,NA,2.16,9.99,NA,NA,NA,NA,NA,NA,NA,NA,NA,NA,NA,0.00,NA,NA,NA
2020-10-25 06:00:00,124.24,183.74,6.76,17.08,23.84,NA,NA,2.14,7.36,NA,NA,NA,NA,NA,NA,NA,NA,NA,NA,NA,0.00,NA,NA,NA
2020-10-25 07:00:00,126.08,218.75,12.17,17.72,29.89,NA,NA,2.13,6.66,NA,NA,NA,NA,NA,NA,NA,NA,NA,NA,NA,0.00,NA,NA,NA
2020-10-25 08:00:00,135.61,250.82,30.50,57.76,88.31,NA,NA,2.13,9.76,NA,NA,NA,NA,NA,NA,NA,NA,NA,NA,NA,0.00,NA,NA,NA
2020-10-25 09:00:00,166.71,315.38,18.45,73.24,91.63,NA,NA,2.14,51.72,NA,NA,NA,NA,NA,NA,NA,NA,NA,NA,NA,0.00,NA,NA,NA
2020-10-25 10:00:00,183.03,353.84,6.33,28.73,35.06,NA,NA,2.13,148.18,NA,NA,NA,NA,NA,NA,NA,NA,NA,NA,NA,0.00,NA,NA,NA
2020-10-25 11:00:00,155.27,325.74,5.87,13.24,19.11,NA,NA,2.14,153.77,NA,NA,NA,NA,NA,NA,NA,NA,NA,NA,NA,0.00,NA,NA,NA
2020-10-25 12:00:00,118.71,244.92,5.78,11.00,16.77,NA,NA,2.14,157.86,NA,NA,NA,NA,NA,NA,NA,NA,NA,NA,NA,0.00,NA,NA,NA
2020-10-25 13:00:00,93.94,209.06,5.74,9.03,14.78,NA,NA,2.14,153.92,NA,NA,NA,NA,NA,NA,NA,NA,NA,NA,NA,0.00,NA,NA,NA
2020-10-25 14:00:00,97.44,193.42,5.74,8.98,14.73,NA,NA,2.12,155.52,NA,NA,NA,NA,NA,NA,NA,NA,NA,NA,NA,0.00,NA,NA,NA
2020-10-25 15:00:00,78.65,162.43,5.75,13.55,19.31,NA,NA,2.11,159.75,NA,NA,NA,NA,NA,NA,NA,NA,NA,NA,NA,0.00,NA,NA,NA
2020-10-25 16:00:00,73.42,152.57,5.56,14.36,19.92,NA,NA,2.09,157.72,NA,NA,NA,NA,NA,NA,NA,NA,NA,NA,NA,0.00,NA,NA,NA
2020-10-25 17:00:00,95.51,202.87,5.46,16.88,22.36,NA,NA,2.07,83.33,NA,NA,NA,NA,NA,NA,NA,NA,NA,NA,NA,0.00,NA,NA,NA
2020-10-25 18:00:00,108.03,213.43,5.45,19.91,25.36,NA,NA,2.06,56.50,NA,NA,NA,NA,NA,NA,NA,NA,NA,NA,NA,0.00,NA,NA,NA
2020-10-25 19:00:00,119.73,213.12,5.44,18.99,24.43,NA,NA,2.04,64.20,NA,NA,NA,NA,NA,NA,NA,NA,NA,NA,NA,0.00,NA,NA,NA
2020-10-25 20:00:00,109.69,187.15,5.42,22.01,27.44,NA,NA,2.02,55.64,NA,NA,NA,NA,NA,NA,NA,NA,NA,NA,NA,0.00,NA,NA,NA
2020-10-25 21:00:00,112.12,210.09,5.52,28.29,33.81,NA,NA,2.00,31.63,NA,NA,NA,NA,NA,NA,NA,NA,NA,NA,NA,0.00,NA,NA,NA
2020-10-25 22:00:00,134.36,245.22,5.52,27.27,32.77,NA,NA,2.00,19.87,NA,NA,NA,NA,NA,NA,NA,NA,NA,NA,NA,0.00,NA,NA,NA
2020-10-25 23:00:00,110.60,227.20,9.07,31.97,41.09,NA,NA,2.00,12.06,NA,NA,NA,NA,NA,NA,NA,NA,NA,NA,NA,0.00,NA,NA,NA
2020-10-26 00:00:00,114.04,231.21,6.28,37.55,43.82,NA,NA,1.99,9.60,NA,NA,NA,NA,NA,NA,NA,NA,NA,NA,NA,0.00,NA,NA,NA
2020-10-26 01:00:00,110.85,213.58,7.80,32.78,40.61,NA,NA,2.00,14.75,NA,NA,NA,NA,NA,NA,NA,NA,NA,NA,NA,0.00,NA,NA,NA
2020-10-26 02:00:00,107.41,210.77,8.75,39.19,47.93,NA,NA,2.00,13.91,NA,NA,NA,NA,NA,NA,NA,NA,NA,NA,NA,0.00,NA,NA,NA
2020-10-26 03:00:00,127.75,243.64,8.93,31.34,40.24,NA,NA,2.01,6.23,NA,NA,NA,NA,NA,NA,NA,NA,NA,NA,NA,0.00,NA,NA,NA
2020-10-26 04:00:00,123.19,212.27,8.44,25.38,33.79,NA,NA,2.01,7.36,NA,NA,NA,NA,NA,NA,NA,NA,NA,NA,NA,0.00,NA,NA,NA
2020-10-26 05:00:00,114.00,233.02,13.77,25.43,39.22,NA,NA,2.01,6.70,NA,NA,NA,NA,NA,NA,NA,NA,NA,NA,NA,0.00,NA,NA,NA
2020-10-26 06:00:00,115.62,207.92,7.05,31.07,38.20,NA,NA,2.03,7.62,NA,NA,NA,NA,NA,NA,NA,NA,NA,NA,NA,0.00,NA,NA,NA
2020-10-26 07:00:00,120.21,218.63,17.51,40.16,57.68,NA,NA,2.03,11.34,NA,NA,NA,NA,NA,NA,NA,NA,NA,NA,NA,0.00,NA,NA,NA
2020-10-26 08:00:00,136.05,248.71,9.00,34.76,43.69,NA,NA,2.04,31.04,NA,NA,NA,NA,NA,NA,NA,NA,NA,NA,NA,0.00,NA,NA,NA
2020-10-26 09:00:00,145.98,263.25,7.47,32.25,39.73,NA,NA,2.05,63.03,NA,NA,NA,NA,NA,NA,NA,NA,NA,NA,NA,0.00,NA,NA,NA
2020-10-26 10:00:00,136.19,259.51,7.09,41.28,48.38,NA,NA,2.05,114.00,NA,NA,NA,NA,NA,NA,NA,NA,NA,NA,NA,0.00,NA,NA,NA
2020-10-26 11:00:00,159.55,368.14,6.95,49.81,56.76,NA,NA,2.06,169.11,NA,NA,NA,NA,NA,NA,NA,NA,NA,NA,NA,0.00,NA,NA,NA
2020-10-26 12:00:00,133.02,306.87,6.25,30.61,36.86,NA,NA,2.08,191.01,NA,NA,NA,NA,NA,NA,NA,NA,NA,NA,NA,0.00,NA,NA,NA
2020-10-26 13:00:00,87.56,228.45,5.83,22.44,28.27,NA,NA,2.08,NA,NA,NA,NA,NA,NA,NA,NA,NA,NA,NA,NA,0.00,NA,NA,NA
2020-10-26 14:00:00,102.60,224.60,5.79,15.24,21.03,NA,NA,2.06,150.75,NA,NA,NA,NA,NA,NA,NA,NA,NA,NA,NA,0.00,NA,NA,NA
2020-10-26 15:00:00,73.77,152.71,5.75,12.59,18.34,NA,NA,2.05,157.30,NA,NA,NA,NA,NA,NA,NA,NA,NA,NA,NA,0.00,NA,NA,NA
2020-10-26 16:00:00,86.13,179.42,5.71,12.72,18.43,NA,NA,2.04,118.54,NA,NA,NA,NA,NA,NA,NA,NA,NA,NA,NA,0.00,NA,NA,NA
2020-10-26 17:00:00,79.14,165.54,5.52,14.48,19.99,NA,NA,2.03,67.16,NA,NA,NA,NA,NA,NA,NA,NA,NA,NA,NA,0.00,NA,NA,NA
2020-10-26 18:00:00,82.74,175.90,5.53,22.89,28.42,NA,NA,2.01,47.86,NA,NA,NA,NA,NA,NA,NA,NA,NA,NA,NA,0.00,NA,NA,NA
2020-10-26 19:00:00,85.03,205.53,5.70,39.52,45.21,NA,NA,1.99,20.69,NA,NA,NA,NA,NA,NA,NA,NA,NA,NA,NA,0.00,NA,NA,NA
2020-10-26 20:00:00,81.34,224.26,5.91,51.40,57.31,NA,NA,1.99,10.21,NA,NA,NA,NA,NA,NA,NA,NA,NA,NA,NA,0.00,NA,NA,NA
2020-10-26 21:00:00,94.54,243.42,6.33,47.26,53.59,NA,NA,1.97,6.38,NA,NA,NA,NA,NA,NA,NA,NA,NA,NA,NA,0.00,NA,NA,NA
2020-10-26 22:00:00,104.31,238.66,9.60,55.49,65.09,NA,NA,1.95,5.72,NA,NA,NA,NA,NA,NA,NA,NA,NA,NA,NA,0.00,NA,NA,NA
2020-10-26 23:00:00,109.08,229.02,6.06,42.78,48.83,NA,NA,1.96,16.64,NA,NA,NA,NA,NA,NA,NA,NA,NA,NA,NA,0.00,NA,NA,NA
2020-10-27 00:00:00,141.23,278.07,5.92,41.62,47.54,NA,NA,1.97,12.25,NA,NA,NA,NA,NA,NA,NA,NA,NA,NA,NA,0.00,NA,NA,NA
2020-10-27 01:00:00,170.90,323.26,5.83,33.57,39.40,NA,NA,1.98,12.60,NA,NA,NA,NA,NA,NA,NA,NA,NA,NA,NA,0.00,NA,NA,NA
2020-10-27 02:00:00,168.91,291.97,5.83,24.66,30.49,NA,NA,2.01,11.51,NA,NA,NA,NA,NA,NA,NA,NA,NA,NA,NA,0.00,NA,NA,NA
2020-10-27 03:00:00,156.61,261.39,5.93,26.28,32.20,NA,NA,2.01,8.13,NA,NA,NA,NA,NA,NA,NA,NA,NA,NA,NA,0.00,NA,NA,NA
2020-10-27 04:00:00,155.87,308.60,8.18,32.43,40.61,NA,NA,2.01,4.14,NA,NA,NA,NA,NA,NA,NA,NA,NA,NA,NA,0.00,NA,NA,NA
2020-10-27 05:00:00,181.42,326.96,13.45,42.18,55.61,NA,NA,2.04,4.64,NA,NA,NA,NA,NA,NA,NA,NA,NA,NA,NA,0.00,NA,NA,NA
2020-10-27 06:00:00,181.17,326.20,19.60,45.08,64.69,NA,NA,2.04,4.53,NA,NA,NA,NA,NA,NA,NA,NA,NA,NA,NA,0.00,NA,NA,NA
2020-10-27 07:00:00,184.87,315.56,10.15,33.76,43.92,NA,NA,2.04,11.53,NA,NA,NA,NA,NA,NA,NA,NA,NA,NA,NA,0.00,NA,NA,NA
2020-10-27 08:00:00,185.76,353.26,8.49,33.36,41.84,NA,NA,2.05,25.78,NA,NA,NA,NA,NA,NA,NA,NA,NA,NA,NA,0.00,NA,NA,NA
2020-10-27 09:00:00,168.11,358.48,6.97,26.39,33.37,NA,NA,2.08,69.37,NA,NA,NA,NA,NA,NA,NA,NA,NA,NA,NA,0.00,NA,NA,NA
2020-10-27 10:00:00,146.01,301.50,6.35,22.73,29.08,NA,NA,2.09,103.97,NA,NA,NA,NA,NA,NA,NA,NA,NA,NA,NA,0.00,NA,NA,NA
2020-10-27 11:00:00,137.26,268.79,23.42,27.48,50.88,NA,NA,1.81,117.74,NA,NA,NA,NA,NA,NA,NA,NA,NA,NA,NA,0.00,NA,NA,NA
2020-10-27 12:00:00,179.93,337.26,16.15,19.34,35.49,NA,NA,1.24,114.54,NA,NA,NA,NA,NA,NA,NA,NA,NA,NA,NA,0.00,NA,NA,NA
2020-10-27 13:00:00,131.31,176.08,11.00,12.59,23.60,NA,NA,1.33,108.66,NA,NA,NA,NA,NA,NA,NA,NA,NA,NA,NA,0.00,NA,NA,NA
2020-10-27 14:00:00,96.45,221.20,12.59,11.33,23.92,NA,NA,1.17,108.06,NA,NA,NA,NA,NA,NA,NA,NA,NA,NA,NA,0.00,NA,NA,NA
2020-10-27 15:00:00,81.29,195.37,7.69,9.73,17.41,NA,NA,1.04,105.86,NA,NA,NA,NA,NA,NA,NA,NA,NA,NA,NA,0.00,NA,NA,NA
2020-10-27 16:00:00,80.54,169.45,6.45,9.12,15.58,NA,NA,1.00,94.09,NA,NA,NA,NA,NA,NA,NA,NA,NA,NA,NA,0.00,NA,NA,NA
2020-10-27 17:00:00,62.33,205.94,5.64,10.96,16.61,NA,NA,1.05,63.68,NA,NA,NA,NA,NA,NA,NA,NA,NA,NA,NA,0.00,NA,NA,NA
2020-10-27 18:00:00,89.26,166.11,5.54,16.09,21.63,NA,NA,1.44,35.91,NA,NA,NA,NA,NA,NA,NA,NA,NA,NA,NA,0.00,NA,NA,NA
2020-10-27 19:00:00,104.26,226.79,5.65,19.26,24.91,NA,NA,1.52,20.00,NA,NA,NA,NA,NA,NA,NA,NA,NA,NA,NA,0.00,NA,NA,NA
2020-10-27 20:00:00,83.85,196.43,5.70,25.25,30.95,NA,NA,1.79,15.02,NA,NA,NA,NA,NA,NA,NA,NA,NA,NA,NA,0.00,NA,NA,NA
2020-10-27 21:00:00,122.41,237.05,7.46,37.70,45.15,NA,NA,2.42,4.59,NA,NA,NA,NA,NA,NA,NA,NA,NA,NA,NA,0.00,NA,NA,NA
2020-10-27 22:00:00,116.37,235.74,14.00,47.24,61.24,NA,NA,2.53,2.29,NA,NA,NA,NA,NA,NA,NA,NA,NA,NA,NA,0.00,NA,NA,NA
2020-10-27 23:00:00,99.06,203.81,9.70,40.50,50.21,NA,NA,2.43,2.40,NA,NA,NA,NA,NA,NA,NA,NA,NA,NA,NA,0.00,NA,NA,NA
2020-10-28 00:00:00,90.30,207.57,14.07,41.62,55.68,NA,NA,2.59,1.82,NA,NA,NA,NA,NA,NA,NA,NA,NA,NA,NA,0.00,NA,NA,NA
2020-10-28 01:00:00,104.19,227.58,29.04,48.15,77.18,NA,NA,2.66,2.06,NA,NA,NA,NA,NA,NA,NA,NA,NA,NA,NA,0.00,NA,NA,NA
2020-10-28 02:00:00,99.01,231.64,27.13,41.20,68.34,NA,NA,2.42,1.76,NA,NA,NA,NA,NA,NA,NA,NA,NA,NA,NA,0.00,NA,NA,NA
2020-10-28 03:00:00,106.76,243.65,32.54,37.83,70.35,NA,NA,2.45,1.76,NA,NA,NA,NA,NA,NA,NA,NA,NA,NA,NA,0.00,NA,NA,NA
2020-10-28 04:00:00,124.72,259.98,44.24,35.07,79.30,NA,NA,2.45,1.88,NA,NA,NA,NA,NA,NA,NA,NA,NA,NA,NA,0.00,NA,NA,NA
2020-10-28 05:00:00,127.88,267.02,54.82,40.63,95.43,NA,NA,2.28,1.88,NA,NA,NA,NA,NA,NA,NA,NA,NA,NA,NA,0.00,NA,NA,NA
2020-10-28 06:00:00,129.98,303.11,62.70,49.47,112.16,NA,NA,2.08,2.38,NA,NA,NA,NA,NA,NA,NA,NA,NA,NA,NA,0.00,NA,NA,NA
2020-10-28 07:00:00,142.59,302.35,61.30,48.90,110.22,NA,NA,2.00,2.62,NA,NA,NA,NA,NA,NA,NA,NA,NA,NA,NA,0.00,NA,NA,NA
2020-10-28 08:00:00,126.67,234.04,47.28,49.29,96.60,NA,NA,2.08,3.39,NA,NA,NA,NA,NA,NA,NA,NA,NA,NA,NA,0.00,NA,NA,NA
2020-10-28 09:00:00,149.38,309.37,17.59,64.38,82.00,NA,NA,2.04,24.02,NA,NA,NA,NA,NA,NA,NA,NA,NA,NA,NA,0.00,NA,NA,NA
2020-10-28 10:00:00,170.82,369.74,9.84,55.57,65.41,NA,NA,2.13,56.84,NA,NA,NA,NA,NA,NA,NA,NA,NA,NA,NA,0.00,NA,NA,NA
2020-10-28 11:00:00,174.04,387.48,7.26,40.87,48.14,NA,NA,1.99,97.49,NA,NA,NA,NA,NA,NA,NA,NA,NA,NA,NA,0.00,NA,NA,NA
2020-10-28 12:00:00,195.48,392.27,6.25,23.11,29.36,NA,NA,1.76,140.74,NA,NA,NA,NA,NA,NA,NA,NA,NA,NA,NA,0.00,NA,NA,NA
2020-10-28 13:00:00,170.75,325.03,5.96,15.41,21.37,NA,NA,1.46,142.86,NA,NA,NA,NA,NA,NA,NA,NA,NA,NA,NA,0.00,NA,NA,NA
2020-10-28 14:00:00,152.51,251.27,5.90,13.53,19.44,NA,NA,1.34,145.87,NA,NA,NA,NA,NA,NA,NA,NA,NA,NA,NA,0.00,NA,NA,NA
2020-10-28 15:00:00,132.63,228.58,5.86,14.03,19.89,NA,NA,1.26,146.92,NA,NA,NA,NA,NA,NA,NA,NA,NA,NA,NA,0.00,NA,NA,NA
2020-10-28 16:00:00,133.82,232.77,5.71,17.67,23.39,NA,NA,1.35,140.04,NA,NA,NA,NA,NA,NA,NA,NA,NA,NA,NA,0.00,NA,NA,NA
2020-10-28 17:00:00,135.37,264.04,5.63,18.86,24.49,NA,NA,1.51,72.31,NA,NA,NA,NA,NA,NA,NA,NA,NA,NA,NA,0.00,NA,NA,NA
2020-10-28 18:00:00,130.61,233.07,5.65,19.39,25.03,NA,NA,1.63,49.34,NA,NA,NA,NA,NA,NA,NA,NA,NA,NA,NA,0.00,NA,NA,NA
2020-10-28 19:00:00,147.05,267.81,5.61,19.18,24.79,NA,NA,1.76,44.99,NA,NA,NA,NA,NA,NA,NA,NA,NA,NA,NA,0.00,NA,NA,NA
2020-10-28 20:00:00,154.41,276.27,5.63,20.38,26.00,NA,NA,1.98,38.22,NA,NA,NA,NA,NA,NA,NA,NA,NA,NA,NA,0.00,NA,NA,NA
2020-10-28 21:00:00,196.81,343.99,5.73,25.72,31.45,NA,NA,2.29,19.55,NA,NA,NA,NA,NA,NA,NA,NA,NA,NA,NA,0.00,NA,NA,NA
2020-10-28 22:00:00,176.72,297.49,5.88,27.70,33.58,NA,NA,2.22,12.00,NA,NA,NA,NA,NA,NA,NA,NA,NA,NA,NA,0.00,NA,NA,NA
2020-10-28 23:00:00,175.12,308.59,6.44,36.07,42.51,NA,NA,2.73,4.33,NA,NA,NA,NA,NA,NA,NA,NA,NA,NA,NA,0.00,NA,NA,NA
2020-10-29 00:00:00,184.06,351.71,6.91,36.19,43.10,NA,NA,3.30,2.53,NA,NA,NA,NA,NA,NA,NA,NA,NA,NA,NA,0.00,NA,NA,NA
2020-10-29 01:00:00,182.10,358.40,8.38,42.48,50.86,NA,NA,3.65,2.46,NA,NA,NA,NA,NA,NA,NA,NA,NA,NA,NA,0.00,NA,NA,NA
2020-10-29 02:00:00,188.39,341.15,9.20,35.10,44.29,NA,NA,3.79,1.94,NA,NA,NA,NA,NA,NA,NA,NA,NA,NA,NA,0.00,NA,NA,NA
2020-10-29 03:00:00,207.96,338.96,12.68,33.96,46.63,NA,NA,3.88,6.78,NA,NA,NA,NA,NA,NA,NA,NA,NA,NA,NA,0.00,NA,NA,NA
2020-10-29 04:00:00,200.01,359.01,20.61,40.24,60.84,NA,NA,3.82,3.15,NA,NA,NA,NA,NA,NA,NA,NA,NA,NA,NA,0.00,NA,NA,NA
2020-10-29 05:00:00,204.09,353.51,29.07,36.21,65.25,NA,NA,3.14,4.12,NA,NA,NA,NA,NA,NA,NA,NA,NA,NA,NA,0.00,NA,NA,NA
2020-10-29 06:00:00,200.96,349.95,70.63,45.42,116.02,NA,NA,4.11,4.88,NA,NA,NA,NA,NA,NA,NA,NA,NA,NA,NA,0.00,NA,NA,NA
2020-10-29 07:00:00,207.89,420.74,87.29,48.14,135.41,NA,NA,4.09,4.93,NA,NA,NA,NA,NA,NA,NA,NA,NA,NA,NA,0.00,NA,NA,NA
2020-10-29 08:00:00,221.77,383.32,73.98,76.62,150.67,NA,NA,4.13,7.86,NA,NA,NA,NA,NA,NA,NA,NA,NA,NA,NA,0.00,NA,NA,NA
2020-10-29 09:00:00,274.77,445.99,16.94,89.34,106.33,NA,NA,3.46,49.74,NA,NA,NA,NA,NA,NA,NA,NA,NA,NA,NA,0.00,NA,NA,NA
2020-10-29 10:00:00,264.26,469.78,7.89,56.72,64.62,NA,NA,2.63,106.48,NA,NA,NA,NA,NA,NA,NA,NA,NA,NA,NA,0.00,NA,NA,NA
2020-10-29 11:00:00,171.20,349.14,6.36,32.27,38.62,NA,NA,1.91,150.37,NA,NA,NA,NA,NA,NA,NA,NA,NA,NA,NA,0.00,NA,NA,NA
2020-10-29 12:00:00,140.71,302.77,6.05,23.07,29.12,NA,NA,1.62,171.53,NA,NA,NA,NA,NA,NA,NA,NA,NA,NA,NA,0.00,NA,NA,NA
2020-10-29 13:00:00,131.38,279.43,5.95,16.57,22.52,NA,NA,1.38,168.93,NA,NA,NA,NA,NA,NA,NA,NA,NA,NA,NA,0.00,NA,NA,NA
2020-10-29 14:00:00,112.69,237.58,6.00,15.45,21.45,NA,NA,1.33,175.01,NA,NA,NA,NA,NA,NA,NA,NA,NA,NA,NA,0.00,NA,NA,NA
2020-10-29 15:00:00,116.78,219.38,5.85,21.30,27.15,NA,NA,1.40,174.44,NA,NA,NA,NA,NA,NA,NA,NA,NA,NA,NA,0.00,NA,NA,NA
2020-10-29 16:00:00,100.15,208.45,5.81,22.76,28.57,NA,NA,1.40,127.65,NA,NA,NA,NA,NA,NA,NA,NA,NA,NA,NA,0.00,NA,NA,NA
2020-10-29 17:00:00,97.97,193.07,5.70,23.30,28.99,NA,NA,1.43,75.80,NA,NA,NA,NA,NA,NA,NA,NA,NA,NA,NA,0.00,NA,NA,NA
2020-10-29 18:00:00,108.25,220.21,5.60,25.01,30.61,NA,NA,1.62,49.21,NA,NA,NA,NA,NA,NA,NA,NA,NA,NA,NA,0.00,NA,NA,NA
2020-10-29 19:00:00,117.25,273.82,5.67,32.56,38.22,NA,NA,2.06,37.41,NA,NA,NA,NA,NA,NA,NA,NA,NA,NA,NA,0.00,NA,NA,NA
2020-10-29 20:00:00,156.62,337.59,5.81,44.49,50.30,NA,NA,2.45,19.21,NA,NA,NA,NA,NA,NA,NA,NA,NA,NA,NA,0.00,NA,NA,NA
2020-10-29 21:00:00,179.35,347.16,6.18,61.27,67.45,NA,NA,2.93,6.82,NA,NA,NA,NA,NA,NA,NA,NA,NA,NA,NA,0.00,NA,NA,NA
2020-10-29 22:00:00,184.74,363.80,6.40,51.79,58.19,NA,NA,2.97,4.84,NA,NA,NA,NA,NA,NA,NA,NA,NA,NA,NA,0.00,NA,NA,NA
2020-10-29 23:00:00,187.51,326.63,8.73,51.12,59.85,NA,NA,3.02,4.39,NA,NA,NA,NA,NA,NA,NA,NA,NA,NA,NA,0.00,NA,NA,NA
2020-10-30 00:00:00,177.01,325.83,7.16,38.55,45.71,NA,NA,2.93,4.73,NA,NA,NA,NA,NA,NA,NA,NA,NA,NA,NA,0.00,NA,NA,NA
2020-10-30 01:00:00,180.20,348.62,6.52,37.00,43.52,NA,NA,3.04,3.86,NA,NA,NA,NA,NA,NA,NA,NA,NA,NA,NA,0.00,NA,NA,NA
2020-10-30 02:00:00,185.63,343.52,6.64,34.25,40.88,NA,NA,3.10,3.11,NA,NA,NA,NA,NA,NA,NA,NA,NA,NA,NA,0.00,NA,NA,NA
2020-10-30 03:00:00,205.79,318.85,13.42,33.77,47.24,NA,NA,3.55,4.18,NA,NA,NA,NA,NA,NA,NA,NA,NA,NA,NA,0.00,NA,NA,NA
2020-10-30 04:00:00,218.13,417.14,52.17,48.95,101.14,NA,NA,4.14,2.44,NA,NA,NA,NA,NA,NA,NA,NA,NA,NA,NA,0.00,NA,NA,NA
2020-10-30 05:00:00,221.96,432.14,59.27,47.13,106.41,NA,NA,3.77,1.81,NA,NA,NA,NA,NA,NA,NA,NA,NA,NA,NA,0.00,NA,NA,NA
2020-10-30 06:00:00,204.54,386.83,63.49,43.43,106.92,NA,NA,3.27,2.97,NA,NA,NA,NA,NA,NA,NA,NA,NA,NA,NA,0.00,NA,NA,NA
2020-10-30 07:00:00,223.03,403.48,54.26,38.11,92.35,NA,NA,2.78,2.48,NA,NA,NA,NA,NA,NA,NA,NA,NA,NA,NA,0.00,NA,NA,NA
2020-10-30 08:00:00,249.18,405.79,37.21,69.45,106.62,NA,NA,3.05,9.07,NA,NA,NA,NA,NA,NA,NA,NA,NA,NA,NA,0.00,NA,NA,NA
2020-10-30 09:00:00,305.63,527.41,11.96,70.53,82.48,NA,NA,3.16,48.25,NA,NA,NA,NA,NA,NA,NA,NA,NA,NA,NA,0.00,NA,NA,NA
2020-10-30 10:00:00,267.65,533.75,8.08,50.06,58.11,NA,NA,2.27,96.81,NA,NA,NA,NA,NA,NA,NA,NA,NA,NA,NA,0.00,NA,NA,NA
2020-10-30 11:00:00,144.24,313.24,6.34,21.21,27.52,NA,NA,1.37,117.81,NA,NA,NA,NA,NA,NA,NA,NA,NA,NA,NA,0.00,NA,NA,NA
2020-10-30 12:00:00,70.75,179.91,6.17,12.03,18.21,NA,NA,1.08,105.28,NA,NA,NA,NA,NA,NA,NA,NA,NA,NA,NA,0.00,NA,NA,NA
2020-10-30 13:00:00,81.84,173.27,6.11,13.39,19.49,NA,NA,1.16,117.77,NA,NA,NA,NA,NA,NA,NA,NA,NA,NA,NA,0.00,NA,NA,NA
2020-10-30 14:00:00,91.86,211.30,5.97,12.39,18.35,NA,NA,1.08,120.70,NA,NA,NA,NA,NA,NA,NA,NA,NA,NA,NA,0.00,NA,NA,NA
2020-10-30 15:00:00,68.09,165.65,6.57,20.47,27.11,NA,NA,0.97,90.75,NA,NA,NA,NA,NA,NA,NA,NA,NA,NA,NA,0.00,NA,NA,NA
2020-10-30 16:00:00,56.14,126.58,5.89,12.48,18.31,NA,NA,0.93,86.82,NA,NA,NA,NA,NA,NA,NA,NA,NA,NA,NA,0.00,NA,NA,NA
2020-10-30 17:00:00,49.18,138.59,5.67,16.62,22.30,NA,NA,1.00,63.97,NA,NA,NA,NA,NA,NA,NA,NA,NA,NA,NA,0.00,NA,NA,NA
2020-10-30 18:00:00,67.78,170.23,5.61,25.01,30.65,NA,NA,1.18,49.97,NA,NA,NA,NA,NA,NA,NA,NA,NA,NA,NA,0.00,NA,NA,NA
2020-10-30 19:00:00,72.91,200.98,5.70,34.53,40.23,NA,NA,1.52,30.96,NA,NA,NA,NA,NA,NA,NA,NA,NA,NA,NA,0.00,NA,NA,NA
2020-10-30 20:00:00,88.75,220.52,5.70,41.84,47.55,NA,NA,1.75,18.82,NA,NA,NA,NA,NA,NA,NA,NA,NA,NA,NA,0.00,NA,NA,NA
2020-10-30 21:00:00,121.70,272.17,5.76,41.86,47.61,NA,NA,2.05,21.21,NA,NA,NA,NA,NA,NA,NA,NA,NA,NA,NA,0.00,NA,NA,NA
2020-10-30 22:00:00,180.55,358.00,5.75,37.38,43.10,NA,NA,2.33,28.11,NA,NA,NA,NA,NA,NA,NA,NA,NA,NA,NA,0.00,NA,NA,NA
2020-10-30 23:00:00,247.14,471.03,5.74,33.28,39.02,NA,NA,2.62,31.04,NA,NA,NA,NA,NA,NA,NA,NA,NA,NA,NA,0.00,NA,NA,NA
2020-10-31 00:00:00,299.21,511.03,5.84,33.90,39.76,NA,NA,2.90,16.74,NA,NA,NA,NA,NA,NA,NA,NA,NA,NA,NA,0.00,NA,NA,NA
2020-10-31 01:00:00,339.66,568.94,6.30,43.51,49.81,NA,NA,2.98,7.90,NA,NA,NA,NA,NA,NA,NA,NA,NA,NA,NA,0.00,NA,NA,NA
2020-10-31 02:00:00,350.86,566.04,6.66,40.82,47.48,NA,NA,2.89,5.86,NA,NA,NA,NA,NA,NA,NA,NA,NA,NA,NA,0.00,NA,NA,NA
2020-10-31 03:00:00,322.68,564.28,8.48,44.93,53.40,NA,NA,2.84,2.46,NA,NA,NA,NA,NA,NA,NA,NA,NA,NA,NA,0.00,NA,NA,NA
2020-10-31 04:00:00,317.56,571.05,15.89,46.80,62.74,NA,NA,2.80,4.27,NA,NA,NA,NA,NA,NA,NA,NA,NA,NA,NA,0.00,NA,NA,NA
2020-10-31 05:00:00,329.34,554.60,17.36,42.71,60.05,NA,NA,2.83,3.02,NA,NA,NA,NA,NA,NA,NA,NA,NA,NA,NA,0.00,NA,NA,NA
2020-10-31 06:00:00,329.31,556.90,27.27,43.06,70.34,NA,NA,2.89,2.05,NA,NA,NA,NA,NA,NA,NA,NA,NA,NA,NA,0.00,NA,NA,NA
2020-10-31 07:00:00,333.78,605.37,25.69,47.51,73.20,NA,NA,3.05,4.38,NA,NA,NA,NA,NA,NA,NA,NA,NA,NA,NA,0.00,NA,NA,NA
2020-10-31 08:00:00,350.92,609.50,14.05,47.46,61.52,NA,NA,3.18,15.63,NA,NA,NA,NA,NA,NA,NA,NA,NA,NA,NA,0.00,NA,NA,NA
2020-10-31 09:00:00,314.84,586.97,7.29,32.44,39.73,NA,NA,2.36,60.63,NA,NA,NA,NA,NA,NA,NA,NA,NA,NA,NA,0.00,NA,NA,NA
2020-10-31 10:00:00,187.11,393.45,6.55,24.75,31.31,NA,NA,1.91,95.08,NA,NA,NA,NA,NA,NA,NA,NA,NA,NA,NA,0.00,NA,NA,NA
2020-10-31 11:00:00,152.97,382.98,6.37,21.52,27.90,NA,NA,1.81,113.46,NA,NA,NA,NA,NA,NA,NA,NA,NA,NA,NA,0.00,NA,NA,NA
2020-10-31 12:00:00,153.28,324.22,10.11,18.08,33.90,NA,NA,1.51,117.17,NA,NA,NA,NA,NA,NA,NA,NA,NA,NA,NA,0.00,NA,NA,NA
2020-10-31 13:00:00,123.48,230.03,0.85,2.69,6.26,NA,NA,1.55,114.67,NA,NA,NA,NA,NA,NA,NA,NA,NA,NA,NA,0.00,NA,NA,NA
2020-10-31 14:00:00,75.33,169.22,7.26,15.92,26.82,NA,NA,1.18,103.74,NA,NA,NA,NA,NA,NA,NA,NA,NA,NA,NA,0.00,NA,NA,NA
2020-10-31 15:00:00,64.44,171.50,5.32,20.47,36.51,NA,NA,1.05,96.54,NA,NA,NA,NA,NA,NA,NA,NA,NA,NA,NA,0.00,NA,NA,NA
2020-10-31 16:00:00,67.95,165.39,16.11,15.42,31.56,NA,NA,1.43,97.54,NA,NA,NA,NA,NA,NA,NA,NA,NA,NA,NA,0.00,NA,NA,NA
2020-10-31 17:00:00,77.29,174.32,5.71,18.78,24.48,NA,NA,1.42,76.83,NA,NA,NA,NA,NA,NA,NA,NA,NA,NA,NA,0.00,NA,NA,NA
2020-10-31 18:00:00,76.73,201.46,5.76,34.79,40.55,NA,NA,1.45,47.62,NA,NA,NA,NA,NA,NA,NA,NA,NA,NA,NA,0.00,NA,NA,NA
2020-10-31 19:00:00,75.32,207.53,5.79,31.97,37.75,NA,NA,1.08,53.46,NA,NA,NA,NA,NA,NA,NA,NA,NA,NA,NA,0.00,NA,NA,NA
2020-10-31 20:00:00,93.00,243.17,5.82,32.94,38.77,NA,NA,1.56,49.62,NA,NA,NA,NA,NA,NA,NA,NA,NA,NA,NA,0.00,NA,NA,NA
2020-10-31 21:00:00,111.84,271.23,5.80,33.81,39.61,NA,NA,1.62,40.78,NA,NA,NA,NA,NA,NA,NA,NA,NA,NA,NA,0.00,NA,NA,NA
2020-10-31 22:00:00,136.27,279.13,5.77,35.57,41.34,NA,NA,1.81,28.17,NA,NA,NA,NA,NA,NA,NA,NA,NA,NA,NA,0.00,NA,NA,NA
2020-10-31 23:00:00,206.95,347.47,6.06,36.47,42.53,NA,NA,2.35,20.54,NA,NA,NA,NA,NA,NA,NA,NA,NA,NA,NA,0.00,NA,NA,NA
2020-11-01 00:00:00,289.27,455.81,5.97,40.39,46.35,NA,NA,2.58,14.96,NA,NA,NA,NA,NA,NA,NA,NA,NA,NA,NA,0.00,NA,NA,NA
2020-11-01 01:00:00,304.27,504.89,6.18,40.14,46.32,NA,NA,2.62,8.94,NA,NA,NA,NA,NA,NA,NA,NA,NA,NA,NA,0.00,NA,NA,NA
2020-11-01 02:00:00,354.48,486.25,6.76,41.41,48.16,NA,NA,2.66,5.43,NA,NA,NA,NA,NA,NA,NA,NA,NA,NA,NA,0.00,NA,NA,NA
2020-11-01 03:00:00,348.45,541.26,10.86,44.78,55.63,NA,NA,2.67,4.08,NA,NA,NA,NA,NA,NA,NA,NA,NA,NA,NA,0.00,NA,NA,NA
2020-11-01 04:00:00,316.46,499.87,12.18,35.15,47.33,NA,NA,2.48,2.58,NA,NA,NA,NA,NA,NA,NA,NA,NA,NA,NA,0.00,NA,NA,NA
2020-11-01 05:00:00,313.68,478.93,14.26,38.24,52.49,NA,NA,2.29,2.37,NA,NA,NA,NA,NA,NA,NA,NA,NA,NA,NA,0.00,NA,NA,NA
2020-11-01 06:00:00,309.91,484.57,30.71,47.20,77.90,NA,NA,2.24,3.17,NA,NA,NA,NA,NA,NA,NA,NA,NA,NA,NA,0.00,NA,NA,NA
2020-11-01 07:00:00,281.17,497.15,28.22,52.86,81.08,NA,NA,2.18,4.63,NA,NA,NA,NA,NA,NA,NA,NA,NA,NA,NA,0.00,NA,NA,NA
2020-11-01 08:00:00,252.72,502.60,16.40,50.66,67.08,NA,NA,2.06,16.41,NA,NA,NA,NA,NA,NA,NA,NA,NA,NA,NA,0.00,NA,NA,NA
2020-11-01 09:00:00,282.12,506.70,7.68,35.85,43.53,NA,NA,1.85,57.34,NA,NA,NA,NA,NA,NA,NA,NA,NA,NA,NA,0.00,NA,NA,NA
2020-11-01 10:00:00,268.66,518.80,6.68,29.13,35.81,NA,NA,1.76,90.94,NA,NA,NA,NA,NA,NA,NA,NA,NA,NA,NA,0.00,NA,NA,NA
2020-11-01 11:00:00,183.13,384.09,6.50,20.89,27.38,NA,NA,1.22,106.87,NA,NA,NA,NA,NA,NA,NA,NA,NA,NA,NA,0.00,NA,NA,NA
2020-11-01 12:00:00,98.58,263.53,6.33,14.36,20.68,NA,NA,0.97,108.42,NA,NA,NA,NA,NA,NA,NA,NA,NA,NA,NA,0.00,NA,NA,NA
2020-11-01 13:00:00,59.57,204.08,6.17,8.98,15.15,NA,NA,0.78,99.35,NA,NA,NA,NA,NA,NA,NA,NA,NA,NA,NA,0.00,NA,NA,NA
2020-11-01 14:00:00,41.38,154.23,6.05,8.32,14.37,NA,NA,0.70,97.69,NA,NA,NA,NA,NA,NA,NA,NA,NA,NA,NA,0.00,NA,NA,NA
2020-11-01 15:00:00,41.13,142.20,6.00,8.39,14.40,NA,NA,0.71,98.20,NA,NA,NA,NA,NA,NA,NA,NA,NA,NA,NA,0.00,NA,NA,NA
2020-11-01 16:00:00,43.01,139.39,5.89,9.18,15.07,NA,NA,0.75,93.87,NA,NA,NA,NA,NA,NA,NA,NA,NA,NA,NA,0.00,NA,NA,NA
2020-11-01 17:00:00,49.78,163.80,5.75,12.63,18.38,NA,NA,0.83,74.02,NA,NA,NA,NA,NA,NA,NA,NA,NA,NA,NA,0.00,NA,NA,NA
2020-11-01 18:00:00,49.43,163.76,5.68,15.74,21.43,NA,NA,0.94,51.22,NA,NA,NA,NA,NA,NA,NA,NA,NA,NA,NA,0.00,NA,NA,NA
2020-11-01 19:00:00,58.22,164.48,5.63,19.17,24.80,NA,NA,1.08,37.16,NA,NA,NA,NA,NA,NA,NA,NA,NA,NA,NA,0.00,NA,NA,NA
2020-11-01 20:00:00,76.61,178.72,5.66,24.33,29.99,NA,NA,1.23,24.14,NA,NA,NA,NA,NA,NA,NA,NA,NA,NA,NA,0.00,NA,NA,NA
2020-11-01 21:00:00,83.22,203.19,5.79,31.52,37.31,NA,NA,1.41,13.52,NA,NA,NA,NA,NA,NA,NA,NA,NA,NA,NA,0.00,NA,NA,NA
2020-11-01 22:00:00,95.69,237.78,6.53,43.75,50.28,NA,NA,1.74,5.80,NA,NA,NA,NA,NA,NA,NA,NA,NA,NA,NA,0.00,NA,NA,NA
2020-11-01 23:00:00,114.37,269.77,6.86,47.67,54.53,NA,NA,1.65,6.22,NA,NA,NA,NA,NA,NA,NA,NA,NA,NA,NA,0.00,NA,NA,NA
2020-11-02 00:00:00,93.29,259.31,6.31,39.68,45.99,NA,NA,1.60,4.66,NA,NA,NA,NA,NA,NA,NA,NA,NA,NA,NA,0.00,NA,NA,NA
2020-11-02 01:00:00,70.29,194.74,8.29,44.16,52.44,NA,NA,1.55,2.98,NA,NA,NA,NA,NA,NA,NA,NA,NA,NA,NA,0.00,NA,NA,NA
2020-11-02 02:00:00,100.95,235.89,12.29,37.51,49.80,NA,NA,1.54,1.68,NA,NA,NA,NA,NA,NA,NA,NA,NA,NA,NA,0.00,NA,NA,NA
2020-11-02 03:00:00,105.16,225.23,11.76,36.83,48.60,NA,NA,1.34,1.88,NA,NA,NA,NA,NA,NA,NA,NA,NA,NA,NA,0.00,NA,NA,NA
2020-11-02 04:00:00,99.87,221.58,8.07,38.78,46.85,NA,NA,1.23,1.75,NA,NA,NA,NA,NA,NA,NA,NA,NA,NA,NA,0.00,NA,NA,NA
2020-11-02 05:00:00,96.54,233.24,12.64,44.84,57.48,NA,NA,1.20,1.52,NA,NA,NA,NA,NA,NA,NA,NA,NA,NA,NA,0.00,NA,NA,NA
2020-11-02 06:00:00,87.72,222.70,9.13,37.84,46.97,NA,NA,1.00,3.03,NA,NA,NA,NA,NA,NA,NA,NA,NA,NA,NA,0.00,NA,NA,NA
2020-11-02 07:00:00,82.34,204.64,13.39,34.34,47.72,NA,NA,1.05,6.23,NA,NA,NA,NA,NA,NA,NA,NA,NA,NA,NA,0.00,NA,NA,NA
2020-11-02 08:00:00,89.31,206.78,17.66,46.40,64.06,NA,NA,1.26,9.21,NA,NA,NA,NA,NA,NA,NA,NA,NA,NA,NA,0.00,NA,NA,NA
2020-11-02 09:00:00,110.85,275.18,11.65,46.20,57.86,NA,NA,1.32,32.49,NA,NA,NA,NA,NA,NA,NA,NA,NA,NA,NA,0.00,NA,NA,NA
2020-11-02 10:00:00,139.23,309.00,8.46,39.17,47.64,NA,NA,1.44,65.28,NA,NA,NA,NA,NA,NA,NA,NA,NA,NA,NA,0.00,NA,NA,NA
2020-11-02 11:00:00,163.61,355.03,7.08,28.15,35.23,NA,NA,1.36,85.70,NA,NA,NA,NA,NA,NA,NA,NA,NA,NA,NA,0.00,NA,NA,NA
2020-11-02 12:00:00,157.42,311.74,6.61,21.85,28.45,NA,NA,1.34,105.25,NA,NA,NA,NA,NA,NA,NA,NA,NA,NA,NA,0.00,NA,NA,NA
2020-11-02 13:00:00,144.03,272.53,6.24,17.20,23.44,NA,NA,1.19,117.12,NA,NA,NA,NA,NA,NA,NA,NA,NA,NA,NA,0.00,NA,NA,NA
2020-11-02 14:00:00,113.08,254.78,6.11,11.54,17.65,NA,NA,0.93,112.93,NA,NA,NA,NA,NA,NA,NA,NA,NA,NA,NA,0.00,NA,NA,NA
2020-11-02 15:00:00,69.36,170.44,5.97,8.57,14.55,NA,NA,0.78,96.75,NA,NA,NA,NA,NA,NA,NA,NA,NA,NA,NA,0.00,NA,NA,NA
2020-11-02 16:00:00,57.68,137.91,5.88,9.75,15.64,NA,NA,0.82,87.04,NA,NA,NA,NA,NA,NA,NA,NA,NA,NA,NA,0.00,NA,NA,NA
2020-11-02 17:00:00,52.10,135.47,5.73,12.78,18.51,NA,NA,0.83,60.91,NA,NA,NA,NA,NA,NA,NA,NA,NA,NA,NA,0.00,NA,NA,NA
2020-11-02 18:00:00,47.64,128.92,5.68,15.33,21.02,NA,NA,0.93,42.99,NA,NA,NA,NA,NA,NA,NA,NA,NA,NA,NA,0.00,NA,NA,NA
2020-11-02 19:00:00,63.24,141.27,5.75,23.72,29.47,NA,NA,1.21,24.78,NA,NA,NA,NA,NA,NA,NA,NA,NA,NA,NA,0.00,NA,NA,NA
2020-11-02 20:00:00,79.95,174.24,5.89,41.63,47.53,NA,NA,1.63,7.62,NA,NA,NA,NA,NA,NA,NA,NA,NA,NA,NA,0.00,NA,NA,NA
2020-11-02 21:00:00,100.56,216.38,6.10,41.53,47.63,NA,NA,1.75,4.86,NA,NA,NA,NA,NA,NA,NA,NA,NA,NA,NA,0.00,NA,NA,NA
2020-11-02 22:00:00,110.42,235.71,7.07,41.95,49.03,NA,NA,1.77,3.93,NA,NA,NA,NA,NA,NA,NA,NA,NA,NA,NA,0.00,NA,NA,NA
2020-11-02 23:00:00,107.76,210.06,6.56,38.70,45.26,NA,NA,1.87,4.20,NA,NA,NA,NA,NA,NA,NA,NA,NA,NA,NA,0.00,NA,NA,NA
2020-11-03 00:00:00,111.08,185.09,6.35,32.23,38.58,NA,NA,1.51,6.97,NA,NA,NA,NA,NA,NA,NA,NA,NA,NA,NA,0.00,NA,NA,NA
2020-11-03 01:00:00,96.40,196.35,26.15,56.52,82.61,NA,NA,1.47,1.97,NA,NA,NA,NA,NA,NA,NA,NA,NA,NA,NA,0.00,NA,NA,NA
2020-11-03 02:00:00,97.58,201.85,18.51,58.00,76.56,NA,NA,1.20,1.47,NA,NA,NA,NA,NA,NA,NA,NA,NA,NA,NA,0.00,NA,NA,NA
2020-11-03 03:00:00,83.42,188.46,6.67,37.63,44.31,NA,NA,1.10,7.02,NA,NA,NA,NA,NA,NA,NA,NA,NA,NA,NA,0.00,NA,NA,NA
2020-11-03 04:00:00,73.64,156.53,6.52,25.35,31.87,NA,NA,1.31,4.93,NA,NA,NA,NA,NA,NA,NA,NA,NA,NA,NA,0.00,NA,NA,NA
2020-11-03 05:00:00,83.86,163.88,9.62,32.51,42.13,NA,NA,1.19,2.57,NA,NA,NA,NA,NA,NA,NA,NA,NA,NA,NA,0.00,NA,NA,NA
2020-11-03 06:00:00,72.34,130.94,7.14,25.91,33.05,NA,NA,1.06,3.90,NA,NA,NA,NA,NA,NA,NA,NA,NA,NA,NA,0.00,NA,NA,NA
2020-11-03 07:00:00,53.00,115.09,9.11,23.76,32.87,NA,NA,1.03,5.82,NA,NA,NA,NA,NA,NA,NA,NA,NA,NA,NA,0.00,NA,NA,NA
2020-11-03 08:00:00,55.01,121.41,10.15,25.32,35.47,NA,NA,1.21,12.85,NA,NA,NA,NA,NA,NA,NA,NA,NA,NA,NA,0.00,NA,NA,NA
2020-11-03 09:00:00,65.14,143.15,7.43,21.75,29.18,NA,NA,0.98,53.25,NA,NA,NA,NA,NA,NA,NA,NA,NA,NA,NA,0.00,NA,NA,NA
2020-11-03 10:00:00,72.62,157.92,6.10,9.88,15.98,NA,NA,0.88,86.69,NA,NA,NA,NA,NA,NA,NA,NA,NA,NA,NA,0.00,NA,NA,NA
2020-11-03 11:00:00,62.87,146.67,6.15,8.07,14.22,NA,NA,0.82,95.38,NA,NA,NA,NA,NA,NA,NA,NA,NA,NA,NA,0.00,NA,NA,NA
2020-11-03 12:00:00,45.76,117.29,6.06,5.77,11.83,NA,NA,0.70,87.34,NA,NA,NA,NA,NA,NA,NA,NA,NA,NA,NA,0.00,NA,NA,NA
2020-11-03 13:00:00,32.60,93.38,6.07,6.91,12.98,NA,NA,0.70,90.50,NA,NA,NA,NA,NA,NA,NA,NA,NA,NA,NA,0.00,NA,NA,NA
2020-11-03 14:00:00,31.74,99.42,6.05,6.64,12.69,NA,NA,0.70,90.59,NA,NA,NA,NA,NA,NA,NA,NA,NA,NA,NA,0.00,NA,NA,NA
2020-11-03 15:00:00,27.07,96.44,5.96,6.86,12.82,NA,NA,0.72,91.59,NA,NA,NA,NA,NA,NA,NA,NA,NA,NA,NA,0.00,NA,NA,NA
2020-11-03 16:00:00,35.03,106.00,5.84,9.80,15.64,NA,NA,0.76,94.08,NA,NA,NA,NA,NA,NA,NA,NA,NA,NA,NA,0.00,NA,NA,NA
2020-11-03 17:00:00,37.98,135.11,5.76,14.00,19.77,NA,NA,0.85,69.31,NA,NA,NA,NA,NA,NA,NA,NA,NA,NA,NA,0.00,NA,NA,NA
2020-11-03 18:00:00,46.75,150.21,5.76,15.82,21.59,NA,NA,0.91,48.36,NA,NA,NA,NA,NA,NA,NA,NA,NA,NA,NA,0.00,NA,NA,NA
2020-11-03 19:00:00,57.94,137.83,5.85,24.52,30.37,NA,NA,1.32,26.94,NA,NA,NA,NA,NA,NA,NA,NA,NA,NA,NA,0.00,NA,NA,NA
2020-11-03 20:00:00,79.84,146.63,5.83,36.93,42.76,NA,NA,1.96,10.05,NA,NA,NA,NA,NA,NA,NA,NA,NA,NA,NA,0.00,NA,NA,NA
2020-11-03 21:00:00,49.50,182.77,6.36,43.64,50.00,NA,NA,2.08,3.12,NA,NA,NA,NA,NA,NA,NA,NA,NA,NA,NA,0.00,NA,NA,NA
2020-11-03 22:00:00,85.47,181.61,8.06,45.46,53.53,NA,NA,2.08,1.69,NA,NA,NA,NA,NA,NA,NA,NA,NA,NA,NA,0.00,NA,NA,NA
2020-11-03 23:00:00,99.57,210.04,6.79,50.92,57.71,NA,NA,2.52,2.98,NA,NA,NA,NA,NA,NA,NA,NA,NA,NA,NA,0.00,NA,NA,NA
2020-11-04 00:00:00,126.03,253.84,6.74,44.84,51.58,NA,NA,2.47,2.92,NA,NA,NA,NA,NA,NA,NA,NA,NA,NA,NA,0.00,NA,NA,NA
2020-11-04 01:00:00,139.76,272.35,7.37,50.68,58.05,NA,NA,2.12,3.51,NA,NA,NA,NA,NA,NA,NA,NA,NA,NA,NA,0.00,NA,NA,NA
2020-11-04 02:00:00,125.89,269.03,6.77,53.08,59.85,NA,NA,1.82,5.76,NA,NA,NA,NA,NA,NA,NA,NA,NA,NA,NA,0.00,NA,NA,NA
2020-11-04 03:00:00,100.51,214.78,6.11,38.23,44.34,NA,NA,1.51,8.40,NA,NA,NA,NA,NA,NA,NA,NA,NA,NA,NA,0.00,NA,NA,NA
2020-11-04 04:00:00,86.83,187.98,9.13,44.99,54.13,NA,NA,1.44,5.37,NA,NA,NA,NA,NA,NA,NA,NA,NA,NA,NA,0.00,NA,NA,NA
2020-11-04 05:00:00,93.10,198.65,8.19,29.40,37.59,NA,NA,1.59,7.62,NA,NA,NA,NA,NA,NA,NA,NA,NA,NA,NA,0.00,NA,NA,NA
2020-11-04 06:00:00,71.61,157.62,16.13,40.79,57.02,NA,NA,1.66,2.46,NA,NA,NA,NA,NA,NA,NA,NA,NA,NA,NA,0.00,NA,NA,NA
2020-11-04 07:00:00,83.35,249.75,30.13,54.88,84.97,NA,NA,1.73,3.55,NA,NA,NA,NA,NA,NA,NA,NA,NA,NA,NA,0.00,NA,NA,NA
2020-11-04 08:00:00,149.28,324.49,31.56,60.08,91.66,NA,NA,1.97,5.93,NA,NA,NA,NA,NA,NA,NA,NA,NA,NA,NA,0.00,NA,NA,NA
2020-11-04 09:00:00,204.47,421.13,12.70,56.31,68.95,NA,NA,2.08,28.80,NA,NA,NA,NA,NA,NA,NA,NA,NA,NA,NA,0.00,NA,NA,NA
2020-11-04 10:00:00,195.34,447.16,8.52,46.29,54.78,NA,NA,2.00,58.86,NA,NA,NA,NA,NA,NA,NA,NA,NA,NA,NA,0.00,NA,NA,NA
2020-11-04 11:00:00,166.08,387.03,7.14,37.52,44.63,NA,NA,1.69,80.90,NA,NA,NA,NA,NA,NA,NA,NA,NA,NA,NA,0.00,NA,NA,NA
2020-11-04 12:00:00,163.41,351.53,6.52,30.10,36.62,NA,NA,1.87,92.29,NA,NA,NA,NA,NA,NA,NA,NA,NA,NA,NA,0.00,NA,NA,NA
2020-11-04 13:00:00,274.75,533.03,6.27,31.89,38.16,NA,NA,2.50,79.74,NA,NA,NA,NA,NA,NA,NA,NA,NA,NA,NA,0.00,NA,NA,NA
2020-11-04 14:00:00,391.36,611.16,6.40,32.62,39.02,NA,NA,2.92,71.56,NA,NA,NA,NA,NA,NA,NA,NA,NA,NA,NA,0.00,NA,NA,NA
2020-11-04 15:00:00,419.53,681.16,6.21,30.87,37.08,NA,NA,2.93,88.96,NA,NA,NA,NA,NA,NA,NA,NA,NA,NA,NA,0.00,NA,NA,NA
2020-11-04 16:00:00,401.46,650.97,6.01,34.15,40.18,NA,NA,2.87,85.09,NA,NA,NA,NA,NA,NA,NA,NA,NA,NA,NA,0.00,NA,NA,NA
2020-11-04 17:00:00,401.13,663.26,5.91,41.44,47.37,NA,NA,3.22,48.24,NA,NA,NA,NA,NA,NA,NA,NA,NA,NA,NA,0.00,NA,NA,NA
2020-11-04 18:00:00,396.05,732.51,5.85,49.60,55.44,NA,NA,3.25,25.11,NA,NA,NA,NA,NA,NA,NA,NA,NA,NA,NA,0.00,NA,NA,NA
2020-11-04 19:00:00,405.49,718.08,6.08,53.60,59.69,NA,NA,3.26,18.10,NA,NA,NA,NA,NA,NA,NA,NA,NA,NA,NA,0.00,NA,NA,NA
2020-11-04 20:00:00,380.22,611.47,6.26,51.26,57.51,NA,NA,3.53,11.18,NA,NA,NA,NA,NA,NA,NA,NA,NA,NA,NA,0.00,NA,NA,NA
2020-11-04 21:00:00,298.06,502.36,6.17,49.03,55.20,NA,NA,3.42,10.53,NA,NA,NA,NA,NA,NA,NA,NA,NA,NA,NA,0.00,NA,NA,NA
2020-11-04 22:00:00,274.52,474.10,5.91,41.56,47.46,NA,NA,3.31,4.31,NA,NA,NA,NA,NA,NA,NA,NA,NA,NA,NA,0.00,NA,NA,NA
2020-11-04 23:00:00,271.46,429.58,6.05,43.79,49.83,NA,NA,3.13,3.17,NA,NA,NA,NA,NA,NA,NA,NA,NA,NA,NA,0.00,NA,NA,NA
2020-11-05 00:00:00,287.27,506.16,6.71,40.67,47.38,NA,NA,3.21,4.29,NA,NA,NA,NA,NA,NA,NA,NA,NA,NA,NA,0.00,NA,NA,NA
2020-11-05 01:00:00,301.25,491.41,6.44,35.78,42.22,NA,NA,3.01,4.74,NA,NA,NA,NA,NA,NA,NA,NA,NA,NA,NA,0.00,NA,NA,NA
2020-11-05 02:00:00,261.85,411.21,6.36,30.99,37.34,NA,NA,2.75,4.98,NA,NA,NA,NA,NA,NA,NA,NA,NA,NA,NA,0.00,NA,NA,NA
2020-11-05 03:00:00,243.85,434.78,6.55,35.96,42.51,NA,NA,2.87,4.12,NA,NA,NA,NA,NA,NA,NA,NA,NA,NA,NA,0.00,NA,NA,NA
2020-11-05 04:00:00,265.52,460.73,9.77,37.21,46.98,NA,NA,3.40,1.84,NA,NA,NA,NA,NA,NA,NA,NA,NA,NA,NA,0.00,NA,NA,NA
2020-11-05 05:00:00,294.71,466.28,16.71,40.52,57.22,NA,NA,3.33,1.59,NA,NA,NA,NA,NA,NA,NA,NA,NA,NA,NA,0.00,NA,NA,NA
2020-11-05 06:00:00,269.55,445.87,14.95,36.04,50.99,NA,NA,2.75,2.26,NA,NA,NA,NA,NA,NA,NA,NA,NA,NA,NA,0.00,NA,NA,NA
2020-11-05 07:00:00,251.98,420.08,16.29,36.81,53.09,NA,NA,2.40,3.89,NA,NA,NA,NA,NA,NA,NA,NA,NA,NA,NA,0.00,NA,NA,NA
2020-11-05 08:00:00,256.37,453.92,22.99,71.81,94.79,NA,NA,2.82,9.22,NA,NA,NA,NA,NA,NA,NA,NA,NA,NA,NA,0.00,NA,NA,NA
2020-11-05 09:00:00,274.02,511.02,12.87,65.18,78.07,NA,NA,2.62,36.22,NA,NA,NA,NA,NA,NA,NA,NA,NA,NA,NA,0.00,NA,NA,NA
2020-11-05 10:00:00,225.48,450.12,8.65,49.73,58.38,NA,NA,2.21,71.16,NA,NA,NA,NA,NA,NA,NA,NA,NA,NA,NA,0.00,NA,NA,NA
2020-11-05 11:00:00,212.83,462.80,6.93,32.70,39.63,NA,NA,2.21,97.35,NA,NA,NA,NA,NA,NA,NA,NA,NA,NA,NA,0.00,NA,NA,NA
2020-11-05 12:00:00,241.86,485.28,6.72,35.55,42.28,NA,NA,2.16,143.67,NA,NA,NA,NA,NA,NA,NA,NA,NA,NA,NA,0.00,NA,NA,NA
2020-11-05 13:00:00,197.43,368.83,6.40,15.96,22.36,NA,NA,1.61,123.17,NA,NA,NA,NA,NA,NA,NA,NA,NA,NA,NA,0.00,NA,NA,NA
2020-11-05 14:00:00,182.69,317.86,6.30,15.69,21.99,NA,NA,1.74,125.51,NA,NA,NA,NA,NA,NA,NA,NA,NA,NA,NA,0.00,NA,NA,NA
2020-11-05 15:00:00,155.66,280.13,6.11,12.84,18.95,NA,NA,1.58,117.55,NA,NA,NA,NA,NA,NA,NA,NA,NA,NA,NA,0.00,NA,NA,NA
2020-11-05 16:00:00,154.81,294.25,5.96,15.23,21.18,NA,NA,1.59,97.57,NA,NA,NA,NA,NA,NA,NA,NA,NA,NA,NA,0.00,NA,NA,NA
2020-11-05 17:00:00,138.94,293.69,5.93,21.84,27.77,NA,NA,1.69,59.41,NA,NA,NA,NA,NA,NA,NA,NA,NA,NA,NA,0.00,NA,NA,NA
2020-11-05 18:00:00,140.27,281.88,5.95,26.35,32.30,NA,NA,1.93,38.16,NA,NA,NA,NA,NA,NA,NA,NA,NA,NA,NA,0.00,NA,NA,NA
2020-11-05 19:00:00,156.76,285.15,5.88,29.19,35.07,NA,NA,2.05,24.62,NA,NA,NA,NA,NA,NA,NA,NA,NA,NA,NA,0.00,NA,NA,NA
2020-11-05 20:00:00,168.82,296.87,6.05,34.93,40.98,NA,NA,2.19,13.15,NA,NA,NA,NA,NA,NA,NA,NA,NA,NA,NA,0.00,NA,NA,NA
2020-11-05 21:00:00,172.97,306.38,6.33,37.01,43.34,NA,NA,2.35,6.25,NA,NA,NA,NA,NA,NA,NA,NA,NA,NA,NA,0.00,NA,NA,NA
2020-11-05 22:00:00,168.00,280.87,6.35,36.96,43.31,NA,NA,2.53,5.59,NA,NA,NA,NA,NA,NA,NA,NA,NA,NA,NA,0.00,NA,NA,NA
2020-11-05 23:00:00,182.90,296.78,6.31,34.53,40.84,NA,NA,2.55,5.76,NA,NA,NA,NA,NA,NA,NA,NA,NA,NA,NA,0.00,NA,NA,NA
2020-11-06 00:00:00,163.08,287.40,6.40,29.10,35.50,NA,NA,2.54,8.86,NA,NA,NA,NA,NA,NA,NA,NA,NA,NA,NA,0.00,NA,NA,NA
2020-11-06 01:00:00,157.16,287.13,6.57,26.69,33.26,NA,NA,2.56,7.30,NA,NA,NA,NA,NA,NA,NA,NA,NA,NA,NA,0.00,NA,NA,NA
2020-11-06 02:00:00,130.82,194.39,6.43,26.94,33.37,NA,NA,2.83,7.68,NA,NA,NA,NA,NA,NA,NA,NA,NA,NA,NA,0.00,NA,NA,NA
2020-11-06 03:00:00,122.54,231.90,15.00,39.76,54.70,NA,NA,3.59,5.07,NA,NA,NA,NA,NA,NA,NA,NA,NA,NA,NA,0.00,NA,NA,NA
2020-11-06 04:00:00,179.70,267.05,64.11,55.25,119.30,NA,NA,4.75,0.80,NA,NA,NA,NA,NA,NA,NA,NA,NA,NA,NA,0.00,NA,NA,NA
2020-11-06 05:00:00,212.15,380.85,86.70,56.97,143.68,NA,NA,4.22,0.84,NA,NA,NA,NA,NA,NA,NA,NA,NA,NA,NA,0.00,NA,NA,NA
2020-11-06 06:00:00,211.71,382.66,77.87,55.07,132.97,NA,NA,3.28,1.93,NA,NA,NA,NA,NA,NA,NA,NA,NA,NA,NA,0.00,NA,NA,NA
2020-11-06 07:00:00,196.82,351.21,62.32,43.24,105.58,NA,NA,2.94,2.40,NA,NA,NA,NA,NA,NA,NA,NA,NA,NA,NA,0.00,NA,NA,NA
2020-11-06 08:00:00,182.89,394.00,49.23,45.09,94.32,NA,NA,2.83,2.34,NA,NA,NA,NA,NA,NA,NA,NA,NA,NA,NA,0.00,NA,NA,NA
2020-11-06 09:00:00,220.77,409.49,28.66,84.29,113.00,NA,NA,2.71,12.56,NA,NA,NA,NA,NA,NA,NA,NA,NA,NA,NA,0.00,NA,NA,NA
2020-11-06 10:00:00,286.48,536.33,11.21,79.74,90.96,NA,NA,2.91,41.68,NA,NA,NA,NA,NA,NA,NA,NA,NA,NA,NA,0.00,NA,NA,NA
2020-11-06 11:00:00,302.19,636.28,9.04,78.72,87.77,NA,NA,2.62,71.54,NA,NA,NA,NA,NA,NA,NA,NA,NA,NA,NA,0.00,NA,NA,NA
2020-11-06 12:00:00,254.18,555.18,7.34,49.92,57.27,NA,NA,2.10,96.86,NA,NA,NA,NA,NA,NA,NA,NA,NA,NA,NA,0.00,NA,NA,NA
2020-11-06 13:00:00,249.64,492.11,6.97,40.56,47.53,NA,NA,2.23,104.15,NA,NA,NA,NA,NA,NA,NA,NA,NA,NA,NA,0.00,NA,NA,NA
2020-11-06 14:00:00,258.99,455.00,6.61,36.06,42.66,NA,NA,2.28,124.28,NA,NA,NA,NA,NA,NA,NA,NA,NA,NA,NA,0.00,NA,NA,NA
2020-11-06 15:00:00,233.44,443.38,6.26,21.75,28.00,NA,NA,2.03,124.36,NA,NA,NA,NA,NA,NA,NA,NA,NA,NA,NA,0.00,NA,NA,NA
2020-11-06 16:00:00,196.55,361.23,6.12,19.98,26.10,NA,NA,1.82,112.00,NA,NA,NA,NA,NA,NA,NA,NA,NA,NA,NA,0.00,NA,NA,NA
2020-11-06 17:00:00,148.40,338.90,6.02,33.79,39.81,NA,NA,2.24,63.42,NA,NA,NA,NA,NA,NA,NA,NA,NA,NA,NA,0.00,NA,NA,NA
2020-11-06 18:00:00,220.76,552.80,6.05,58.08,64.12,NA,NA,2.78,32.02,NA,NA,NA,NA,NA,NA,NA,NA,NA,NA,NA,0.00,NA,NA,NA
2020-11-06 19:00:00,244.80,519.72,6.22,55.39,61.61,NA,NA,2.91,16.78,NA,NA,NA,NA,NA,NA,NA,NA,NA,NA,NA,0.00,NA,NA,NA
2020-11-06 20:00:00,231.19,471.53,6.22,43.79,50.01,NA,NA,2.70,13.65,NA,NA,NA,NA,NA,NA,NA,NA,NA,NA,NA,0.00,NA,NA,NA
2020-11-06 21:00:00,216.52,363.51,6.18,36.32,42.50,NA,NA,2.55,13.87,NA,NA,NA,NA,NA,NA,NA,NA,NA,NA,NA,0.00,NA,NA,NA
2020-11-06 22:00:00,202.61,335.37,6.33,34.01,40.35,NA,NA,2.60,8.43,NA,NA,NA,NA,NA,NA,NA,NA,NA,NA,NA,0.00,NA,NA,NA
2020-11-06 23:00:00,122.15,235.24,97.88,35.46,133.95,NA,NA,3.05,1.76,NA,NA,NA,NA,NA,NA,NA,NA,NA,NA,NA,0.00,NA,NA,NA
2020-11-07 00:00:00,NA,21.72,12.65,45.28,57.95,NA,NA,3.05,2.06,NA,NA,NA,NA,NA,NA,NA,NA,NA,NA,NA,0.00,NA,NA,NA
2020-11-07 01:00:00,72.70,221.91,11.94,47.99,59.92,NA,NA,3.08,2.25,NA,NA,NA,NA,NA,NA,NA,NA,NA,NA,NA,0.00,NA,NA,NA
2020-11-07 02:00:00,200.32,406.73,33.95,61.37,95.30,NA,NA,3.22,1.77,NA,NA,NA,NA,NA,NA,NA,NA,NA,NA,NA,0.00,NA,NA,NA
2020-11-07 03:00:00,248.41,489.42,43.20,53.94,97.13,NA,NA,3.44,1.70,NA,NA,NA,NA,NA,NA,NA,NA,NA,NA,NA,0.00,NA,NA,NA
2020-11-07 04:00:00,268.72,565.52,43.60,54.73,98.33,NA,NA,3.65,1.79,NA,NA,NA,NA,NA,NA,NA,NA,NA,NA,NA,0.00,NA,NA,NA
2020-11-07 05:00:00,308.09,531.99,45.14,64.00,109.13,NA,NA,4.05,2.42,NA,NA,NA,NA,NA,NA,NA,NA,NA,NA,NA,0.00,NA,NA,NA
2020-11-07 06:00:00,337.10,585.06,48.72,69.83,118.55,NA,NA,4.11,2.35,NA,NA,NA,NA,NA,NA,NA,NA,NA,NA,NA,0.00,NA,NA,NA
2020-11-07 07:00:00,326.47,588.15,52.30,83.19,135.51,NA,NA,4.06,4.26,NA,NA,NA,NA,NA,NA,NA,NA,NA,NA,NA,0.00,NA,NA,NA
2020-11-07 08:00:00,390.22,660.73,42.19,93.81,136.04,NA,NA,4.33,6.28,NA,NA,NA,NA,NA,NA,NA,NA,NA,NA,NA,0.00,NA,NA,NA
2020-11-07 09:00:00,411.25,690.19,14.65,80.92,95.59,NA,NA,4.39,33.60,NA,NA,NA,NA,NA,NA,NA,NA,NA,NA,NA,0.00,NA,NA,NA
2020-11-07 10:00:00,403.79,681.26,7.41,45.39,52.81,NA,NA,3.26,91.24,NA,NA,NA,NA,NA,NA,NA,NA,NA,NA,NA,0.00,NA,NA,NA
2020-11-07 11:00:00,286.08,531.61,6.62,34.40,41.03,NA,NA,2.57,123.31,NA,NA,NA,NA,NA,NA,NA,NA,NA,NA,NA,0.00,NA,NA,NA
2020-11-07 12:00:00,195.11,389.16,5.66,25.42,33.88,NA,NA,2.13,134.94,NA,NA,NA,NA,NA,NA,NA,NA,NA,NA,NA,0.00,NA,NA,NA
2020-11-07 13:00:00,169.22,342.58,6.91,20.18,27.08,NA,NA,2.41,135.78,NA,NA,NA,NA,NA,NA,NA,NA,NA,NA,NA,0.00,NA,NA,NA
2020-11-07 14:00:00,243.92,388.43,8.43,16.32,24.75,NA,NA,2.01,133.96,NA,NA,NA,NA,NA,NA,NA,NA,NA,NA,NA,0.00,NA,NA,NA
2020-11-07 15:00:00,323.55,294.97,10.18,15.23,25.41,NA,NA,1.76,128.71,NA,NA,NA,NA,NA,NA,NA,NA,NA,NA,NA,0.00,NA,NA,NA
2020-11-07 16:00:00,215.09,285.52,5.87,17.35,23.22,NA,NA,1.14,114.85,NA,NA,NA,NA,NA,NA,NA,NA,NA,NA,NA,0.00,NA,NA,NA
2020-11-07 17:00:00,218.37,279.71,5.79,22.74,28.54,NA,NA,1.66,75.03,NA,NA,NA,NA,NA,NA,NA,NA,NA,NA,NA,0.00,NA,NA,NA
2020-11-07 18:00:00,194.97,282.43,5.84,26.76,32.60,NA,NA,1.83,45.99,NA,NA,NA,NA,NA,NA,NA,NA,NA,NA,NA,0.00,NA,NA,NA
2020-11-07 19:00:00,172.58,247.62,5.87,28.14,34.01,NA,NA,1.57,32.21,NA,NA,NA,NA,NA,NA,NA,NA,NA,NA,NA,0.00,NA,NA,NA
2020-11-07 20:00:00,165.09,241.55,5.87,34.16,40.03,NA,NA,1.39,19.46,NA,NA,NA,NA,NA,NA,NA,NA,NA,NA,NA,0.00,NA,NA,NA
2020-11-07 21:00:00,173.05,267.26,6.20,37.02,43.21,NA,NA,1.72,11.44,NA,NA,NA,NA,NA,NA,NA,NA,NA,NA,NA,0.00,NA,NA,NA
2020-11-07 22:00:00,195.16,282.68,6.79,45.96,52.75,NA,NA,2.63,5.78,NA,NA,NA,NA,NA,NA,NA,NA,NA,NA,NA,0.00,NA,NA,NA
2020-11-07 23:00:00,188.60,226.76,8.63,35.60,44.17,NA,NA,2.77,3.90,NA,NA,NA,NA,NA,NA,NA,NA,NA,NA,NA,0.00,NA,NA,NA
2020-11-08 00:00:00,221.22,329.09,20.65,49.52,70.22,NA,NA,2.79,2.13,NA,NA,NA,NA,NA,NA,NA,NA,NA,NA,NA,0.00,NA,NA,NA
2020-11-08 01:00:00,255.30,336.89,13.70,38.69,52.39,NA,NA,2.84,2.88,NA,NA,NA,NA,NA,NA,NA,NA,NA,NA,NA,0.00,NA,NA,NA
2020-11-08 02:00:00,268.01,347.59,14.73,38.53,53.25,NA,NA,3.48,2.29,NA,NA,NA,NA,NA,NA,NA,NA,NA,NA,NA,0.00,NA,NA,NA
2020-11-08 03:00:00,284.30,365.60,22.88,39.90,62.74,NA,NA,3.72,2.29,NA,NA,NA,NA,NA,NA,NA,NA,NA,NA,NA,0.00,NA,NA,NA
2020-11-08 04:00:00,276.78,409.23,46.19,48.86,95.04,NA,NA,3.75,1.64,NA,NA,NA,NA,NA,NA,NA,NA,NA,NA,NA,0.00,NA,NA,NA
2020-11-08 05:00:00,332.36,446.61,48.06,75.54,123.60,NA,NA,3.47,1.52,NA,NA,NA,NA,NA,NA,NA,NA,NA,NA,NA,0.00,NA,NA,NA
2020-11-08 06:00:00,356.08,479.02,38.14,71.66,109.81,NA,NA,3.02,2.03,NA,NA,NA,NA,NA,NA,NA,NA,NA,NA,NA,0.00,NA,NA,NA
2020-11-08 07:00:00,324.64,452.56,40.69,52.78,93.47,NA,NA,3.11,2.20,NA,NA,NA,NA,NA,NA,NA,NA,NA,NA,NA,0.00,NA,NA,NA
2020-11-08 08:00:00,307.42,360.10,40.17,37.86,78.03,NA,NA,3.43,2.07,NA,NA,NA,NA,NA,NA,NA,NA,NA,NA,NA,0.00,NA,NA,NA
2020-11-08 09:00:00,401.23,452.87,17.42,69.43,86.88,NA,NA,3.66,14.58,NA,NA,NA,NA,NA,NA,NA,NA,NA,NA,NA,0.00,NA,NA,NA
2020-11-08 10:00:00,481.86,604.90,9.94,72.82,82.76,NA,NA,4.21,40.74,NA,NA,NA,NA,NA,NA,NA,NA,NA,NA,NA,0.00,NA,NA,NA
2020-11-08 11:00:00,662.43,719.71,6.70,42.82,49.53,NA,NA,3.97,78.94,NA,NA,NA,NA,NA,NA,NA,NA,NA,NA,NA,0.00,NA,NA,NA
2020-11-08 12:00:00,710.30,741.27,6.44,39.84,46.28,NA,NA,4.02,103.87,NA,NA,NA,NA,NA,NA,NA,NA,NA,NA,NA,0.00,NA,NA,NA
2020-11-08 13:00:00,769.12,793.31,6.39,42.27,48.66,NA,NA,4.11,137.36,NA,NA,NA,NA,NA,NA,NA,NA,NA,NA,NA,0.00,NA,NA,NA
2020-11-08 14:00:00,715.88,746.57,6.36,43.05,49.41,NA,NA,3.82,142.60,NA,NA,NA,NA,NA,NA,NA,NA,NA,NA,NA,0.00,NA,NA,NA
2020-11-08 15:00:00,615.02,676.21,6.20,39.08,45.28,NA,NA,3.34,147.30,NA,NA,NA,NA,NA,NA,NA,NA,NA,NA,NA,0.00,NA,NA,NA
2020-11-08 16:00:00,460.81,588.49,6.06,38.77,44.82,NA,NA,3.25,119.67,NA,NA,NA,NA,NA,NA,NA,NA,NA,NA,NA,0.00,NA,NA,NA
2020-11-08 17:00:00,476.34,542.45,6.08,42.90,48.99,NA,NA,3.41,66.13,NA,NA,NA,NA,NA,NA,NA,NA,NA,NA,NA,0.00,NA,NA,NA
2020-11-08 18:00:00,439.95,540.72,5.96,42.13,48.10,NA,NA,3.51,53.58,NA,NA,NA,NA,NA,NA,NA,NA,NA,NA,NA,0.00,NA,NA,NA
2020-11-08 19:00:00,175.62,512.02,6.01,41.92,47.93,NA,NA,3.59,40.74,NA,NA,NA,NA,NA,NA,NA,NA,NA,NA,NA,0.00,NA,NA,NA
2020-11-08 20:00:00,NA,534.17,6.11,43.77,49.87,NA,NA,3.70,23.14,NA,NA,NA,NA,NA,NA,NA,NA,NA,NA,NA,0.00,NA,NA,NA
2020-11-08 21:00:00,NA,519.23,6.28,38.76,45.04,NA,NA,3.83,10.07,NA,NA,NA,NA,NA,NA,NA,NA,NA,NA,NA,0.00,NA,NA,NA
2020-11-08 22:00:00,NA,520.35,6.70,33.01,39.71,NA,NA,3.68,6.01,NA,NA,NA,NA,NA,NA,NA,NA,NA,NA,NA,0.00,NA,NA,NA
2020-11-08 23:00:00,NA,446.02,6.83,27.81,34.65,NA,NA,3.67,5.89,NA,NA,NA,NA,NA,NA,NA,NA,NA,NA,NA,0.00,NA,NA,NA
2020-11-09 00:00:00,NA,351.85,6.46,27.12,33.58,NA,NA,3.98,7.95,NA,NA,NA,NA,NA,NA,NA,NA,NA,NA,NA,0.00,NA,NA,NA
2020-11-09 01:00:00,NA,409.99,6.62,32.29,38.92,NA,NA,4.63,4.67,NA,NA,NA,NA,NA,NA,NA,NA,NA,NA,NA,0.00,NA,NA,NA
2020-11-09 02:00:00,NA,438.89,10.15,36.15,46.27,NA,NA,5.14,2.48,NA,NA,NA,NA,NA,NA,NA,NA,NA,NA,NA,0.00,NA,NA,NA
2020-11-09 03:00:00,NA,594.42,37.22,48.40,85.61,NA,NA,6.26,1.22,NA,NA,NA,NA,NA,NA,NA,NA,NA,NA,NA,0.00,NA,NA,NA
2020-11-09 04:00:00,NA,693.16,41.17,43.17,84.33,NA,NA,6.11,0.87,NA,NA,NA,NA,NA,NA,NA,NA,NA,NA,NA,0.00,NA,NA,NA
2020-11-09 05:00:00,NA,716.80,34.05,41.62,75.68,NA,NA,5.49,2.37,NA,NA,NA,NA,NA,NA,NA,NA,NA,NA,NA,0.00,NA,NA,NA
2020-11-09 06:00:00,NA,701.16,35.54,51.29,86.81,NA,NA,4.87,3.10,NA,NA,NA,NA,NA,NA,NA,NA,NA,NA,NA,0.00,NA,NA,NA
2020-11-09 07:00:00,NA,766.78,31.09,57.61,88.73,NA,NA,4.64,2.68,NA,NA,NA,NA,NA,NA,NA,NA,NA,NA,NA,0.00,NA,NA,NA
2020-11-09 08:00:00,NA,742.41,25.39,52.27,77.66,NA,NA,5.06,4.25,NA,NA,NA,NA,NA,NA,NA,NA,NA,NA,NA,0.00,NA,NA,NA
2020-11-09 09:00:00,NA,760.10,14.09,75.56,89.64,NA,NA,4.82,24.58,NA,NA,NA,NA,NA,NA,NA,NA,NA,NA,NA,0.00,NA,NA,NA
2020-11-09 10:00:00,NA,774.70,8.63,65.86,74.49,NA,NA,4.10,59.77,NA,NA,NA,NA,NA,NA,NA,NA,NA,NA,NA,0.00,NA,NA,NA
2020-11-09 11:00:00,289.92,736.30,8.12,55.89,64.02,NA,NA,3.76,86.98,NA,NA,NA,NA,NA,NA,NA,NA,NA,NA,NA,0.00,NA,NA,NA
2020-11-09 12:00:00,594.60,705.41,18.08,72.39,90.48,NA,NA,3.95,104.09,NA,NA,NA,NA,NA,NA,NA,NA,NA,NA,NA,0.00,NA,NA,NA
2020-11-09 13:00:00,345.57,695.75,16.78,44.25,61.03,NA,NA,3.40,133.95,NA,NA,NA,NA,NA,NA,NA,NA,NA,NA,NA,0.00,NA,NA,NA
2020-11-09 14:00:00,201.67,679.64,15.37,39.91,55.28,NA,NA,3.30,127.38,NA,NA,NA,NA,NA,NA,NA,NA,NA,NA,NA,0.00,NA,NA,NA
2020-11-09 15:00:00,117.88,719.57,12.59,45.21,57.80,NA,NA,3.56,125.51,NA,NA,NA,NA,NA,NA,NA,NA,NA,NA,NA,0.00,NA,NA,NA
2020-11-09 16:00:00,517.81,668.31,8.74,55.89,64.63,NA,NA,3.75,80.14,NA,NA,NA,NA,NA,NA,NA,NA,NA,NA,NA,0.00,NA,NA,NA
2020-11-09 17:00:00,587.92,700.16,6.65,74.41,81.06,NA,NA,4.18,28.04,NA,NA,NA,NA,NA,NA,NA,NA,NA,NA,NA,0.00,NA,NA,NA
2020-11-09 18:00:00,599.47,735.99,6.63,70.97,77.60,NA,NA,4.62,10.67,NA,NA,NA,NA,NA,NA,NA,NA,NA,NA,NA,0.00,NA,NA,NA
2020-11-09 19:00:00,675.56,745.83,8.08,64.92,73.00,NA,NA,5.09,2.53,NA,NA,NA,NA,NA,NA,NA,NA,NA,NA,NA,0.00,NA,NA,NA
2020-11-09 20:00:00,654.17,750.71,9.54,54.35,63.89,NA,NA,5.04,1.48,NA,NA,NA,NA,NA,NA,NA,NA,NA,NA,NA,0.00,NA,NA,NA
2020-11-09 21:00:00,677.30,698.19,9.05,40.55,49.60,NA,NA,5.00,1.44,NA,NA,NA,NA,NA,NA,NA,NA,NA,NA,NA,0.00,NA,NA,NA
2020-11-09 22:00:00,724.08,741.10,9.44,35.21,44.65,NA,NA,5.10,1.66,NA,NA,NA,NA,NA,NA,NA,NA,NA,NA,NA,0.00,NA,NA,NA
2020-11-09 23:00:00,799.18,715.14,9.80,28.35,38.16,NA,NA,5.50,1.59,NA,NA,NA,NA,NA,NA,NA,NA,NA,NA,NA,0.00,NA,NA,NA
2020-11-10 00:00:00,869.35,804.67,9.47,27.30,36.77,NA,NA,6.01,1.94,NA,NA,NA,NA,NA,NA,NA,NA,NA,NA,NA,0.00,NA,NA,NA
2020-11-10 01:00:00,947.45,804.15,9.79,24.23,34.01,NA,NA,5.90,1.38,NA,NA,NA,NA,NA,NA,NA,NA,NA,NA,NA,0.00,NA,NA,NA
2020-11-10 02:00:00,979.18,814.73,10.55,26.44,36.99,NA,NA,6.61,1.94,NA,NA,NA,NA,NA,NA,NA,NA,NA,NA,NA,0.00,NA,NA,NA
2020-11-10 03:00:00,980.46,857.30,11.65,27.73,39.39,NA,NA,6.36,2.82,NA,NA,NA,NA,NA,NA,NA,NA,NA,NA,NA,0.00,NA,NA,NA
2020-11-10 04:00:00,NA,885.38,20.54,28.12,48.71,NA,NA,7.01,1.72,NA,NA,NA,NA,NA,NA,NA,NA,NA,NA,NA,0.00,NA,NA,NA
2020-11-10 05:00:00,977.31,902.79,50.76,32.36,83.17,NA,NA,7.84,1.26,NA,NA,NA,NA,NA,NA,NA,NA,NA,NA,NA,0.00,NA,NA,NA
2020-11-10 06:00:00,972.60,950.64,74.96,39.53,114.50,NA,NA,7.91,1.41,NA,NA,NA,NA,NA,NA,NA,NA,NA,NA,NA,0.00,NA,NA,NA
2020-11-10 07:00:00,922.49,924.01,57.64,33.20,90.83,NA,NA,7.20,1.66,NA,NA,NA,NA,NA,NA,NA,NA,NA,NA,NA,0.00,NA,NA,NA
2020-11-10 08:00:00,929.41,864.53,38.91,68.97,107.96,NA,NA,8.03,6.01,NA,NA,NA,NA,NA,NA,NA,NA,NA,NA,NA,0.00,NA,NA,NA
2020-11-10 09:00:00,NA,963.34,11.99,76.65,88.61,NA,NA,7.34,45.37,NA,NA,NA,NA,NA,NA,NA,NA,NA,NA,NA,0.00,NA,NA,NA
2020-11-10 10:00:00,NA,NA,7.78,61.67,69.40,NA,NA,6.60,99.87,NA,NA,NA,NA,NA,NA,NA,NA,NA,NA,NA,0.00,NA,NA,NA
2020-11-10 11:00:00,NA,971.04,6.87,48.55,55.31,NA,NA,5.25,138.58,NA,NA,NA,NA,NA,NA,NA,NA,NA,NA,NA,0.00,NA,NA,NA
2020-11-10 12:00:00,614.83,472.84,7.92,14.55,22.49,NA,NA,1.91,114.35,NA,NA,NA,NA,NA,NA,NA,NA,NA,NA,NA,0.00,NA,NA,NA
2020-11-10 13:00:00,NA,232.08,17.25,18.03,35.26,NA,NA,1.89,130.18,NA,NA,NA,NA,NA,NA,NA,NA,NA,NA,NA,0.00,NA,NA,NA
2020-11-10 14:00:00,30.71,243.15,16.00,13.22,29.19,NA,NA,1.67,119.13,NA,NA,NA,NA,NA,NA,NA,NA,NA,NA,NA,0.00,NA,NA,NA
2020-11-10 15:00:00,NA,187.92,6.16,8.52,14.68,NA,NA,1.53,106.48,NA,NA,NA,NA,NA,NA,NA,NA,NA,NA,NA,0.00,NA,NA,NA
2020-11-10 16:00:00,10.58,143.36,6.17,9.81,15.99,NA,NA,1.58,99.20,NA,NA,NA,NA,NA,NA,NA,NA,NA,NA,NA,0.00,NA,NA,NA
2020-11-10 17:00:00,20.41,146.40,6.12,15.48,21.61,NA,NA,1.62,52.82,NA,NA,NA,NA,NA,NA,NA,NA,NA,NA,NA,0.00,NA,NA,NA
2020-11-10 18:00:00,35.49,135.75,6.19,21.96,28.16,NA,NA,1.73,28.85,NA,NA,NA,NA,NA,NA,NA,NA,NA,NA,NA,0.00,NA,NA,NA
2020-11-10 19:00:00,52.11,148.01,6.35,25.29,31.65,NA,NA,1.86,13.97,NA,NA,NA,NA,NA,NA,NA,NA,NA,NA,NA,0.00,NA,NA,NA
2020-11-10 20:00:00,66.63,160.81,6.58,28.60,35.21,NA,NA,2.22,8.32,NA,NA,NA,NA,NA,NA,NA,NA,NA,NA,NA,0.00,NA,NA,NA
2020-11-10 21:00:00,81.17,194.91,8.86,36.63,45.49,NA,NA,2.52,4.27,NA,NA,NA,NA,NA,NA,NA,NA,NA,NA,NA,0.00,NA,NA,NA
2020-11-10 22:00:00,135.34,207.29,6.88,29.53,36.41,NA,NA,2.55,4.22,NA,NA,NA,NA,NA,NA,NA,NA,NA,NA,NA,0.00,NA,NA,NA
2020-11-10 23:00:00,136.70,219.31,6.99,25.50,32.46,NA,NA,2.42,4.57,NA,NA,NA,NA,NA,NA,NA,NA,NA,NA,NA,0.00,NA,NA,NA
2020-11-11 00:00:00,123.82,218.46,7.66,30.80,38.48,NA,NA,2.58,2.32,NA,NA,NA,NA,NA,NA,NA,NA,NA,NA,NA,0.00,NA,NA,NA
2020-11-11 01:00:00,137.25,234.91,8.86,30.35,39.21,NA,NA,2.73,2.53,NA,NA,NA,NA,NA,NA,NA,NA,NA,NA,NA,0.00,NA,NA,NA
2020-11-11 02:00:00,143.84,215.97,11.64,29.27,40.90,NA,NA,2.57,1.60,NA,NA,NA,NA,NA,NA,NA,NA,NA,NA,NA,0.00,NA,NA,NA
2020-11-11 03:00:00,159.57,217.54,17.44,30.42,47.87,NA,NA,2.50,1.54,NA,NA,NA,NA,NA,NA,NA,NA,NA,NA,NA,0.00,NA,NA,NA
2020-11-11 04:00:00,122.01,171.53,12.21,27.76,39.97,NA,NA,2.23,2.00,NA,NA,NA,NA,NA,NA,NA,NA,NA,NA,NA,0.00,NA,NA,NA
2020-11-11 05:00:00,115.13,157.27,9.22,18.96,28.19,NA,NA,2.04,1.80,NA,NA,NA,NA,NA,NA,NA,NA,NA,NA,NA,0.00,NA,NA,NA
2020-11-11 06:00:00,110.43,152.29,7.92,14.86,22.77,NA,NA,1.99,1.86,NA,NA,NA,NA,NA,NA,NA,NA,NA,NA,NA,0.00,NA,NA,NA
2020-11-11 07:00:00,109.84,165.06,8.90,14.98,23.88,NA,NA,2.18,3.20,NA,NA,NA,NA,NA,NA,NA,NA,NA,NA,NA,0.00,NA,NA,NA
2020-11-11 08:00:00,181.97,248.04,14.46,32.63,47.10,NA,NA,2.85,8.11,NA,NA,NA,NA,NA,NA,NA,NA,NA,NA,NA,0.00,NA,NA,NA
2020-11-11 09:00:00,240.21,310.58,9.06,30.96,40.03,NA,NA,2.46,46.52,NA,NA,NA,NA,NA,NA,NA,NA,NA,NA,NA,0.00,NA,NA,NA
2020-11-11 10:00:00,161.69,213.11,7.08,20.44,27.51,NA,NA,1.95,82.45,NA,NA,NA,NA,NA,NA,NA,NA,NA,NA,NA,0.00,NA,NA,NA
2020-11-11 11:00:00,126.71,200.44,8.66,15.23,23.89,NA,NA,1.70,98.61,NA,NA,NA,NA,NA,NA,NA,NA,NA,NA,NA,0.00,NA,NA,NA
2020-11-11 12:00:00,107.36,203.99,6.96,10.71,17.66,NA,NA,1.51,107.91,NA,NA,NA,NA,NA,NA,NA,NA,NA,NA,NA,0.00,NA,NA,NA
2020-11-11 13:00:00,108.10,168.51,19.71,12.23,31.94,NA,NA,1.47,114.90,NA,NA,NA,NA,NA,NA,NA,NA,NA,NA,NA,0.00,NA,NA,NA
2020-11-11 14:00:00,120.53,168.28,11.39,10.25,21.67,NA,NA,1.48,119.16,NA,NA,NA,NA,NA,NA,NA,NA,NA,NA,NA,0.00,NA,NA,NA
2020-11-11 15:00:00,79.52,105.65,6.24,8.10,14.34,NA,NA,1.45,118.37,NA,NA,NA,NA,NA,NA,NA,NA,NA,NA,NA,0.00,NA,NA,NA
2020-11-11 16:00:00,68.16,97.09,6.22,8.99,15.21,NA,NA,1.48,110.75,NA,NA,NA,NA,NA,NA,NA,NA,NA,NA,NA,0.00,NA,NA,NA
2020-11-11 17:00:00,60.51,97.75,6.14,12.08,18.22,NA,NA,1.46,59.89,NA,NA,NA,NA,NA,NA,NA,NA,NA,NA,NA,0.00,NA,NA,NA
2020-11-11 18:00:00,48.65,72.40,6.12,13.75,19.87,NA,NA,1.46,40.69,NA,NA,NA,NA,NA,NA,NA,NA,NA,NA,NA,0.00,NA,NA,NA
2020-11-11 19:00:00,53.40,86.51,6.26,17.31,23.57,NA,NA,1.60,23.75,NA,NA,NA,NA,NA,NA,NA,NA,NA,NA,NA,0.00,NA,NA,NA
2020-11-11 20:00:00,69.47,121.67,6.43,25.11,31.54,NA,NA,1.98,16.74,NA,NA,NA,NA,NA,NA,NA,NA,NA,NA,NA,0.00,NA,NA,NA
2020-11-11 21:00:00,94.37,147.74,6.44,22.74,29.18,NA,NA,1.97,18.66,NA,NA,NA,NA,NA,NA,NA,NA,NA,NA,NA,0.00,NA,NA,NA
2020-11-11 22:00:00,75.13,120.32,6.31,18.39,24.70,NA,NA,1.68,22.09,NA,NA,NA,NA,NA,NA,NA,NA,NA,NA,NA,0.00,NA,NA,NA
2020-11-11 23:00:00,77.27,104.44,6.31,17.18,23.49,NA,NA,1.68,17.78,NA,NA,NA,NA,NA,NA,NA,NA,NA,NA,NA,0.00,NA,NA,NA
2020-11-12 00:00:00,76.30,105.70,6.38,16.28,22.66,NA,NA,1.63,15.44,NA,NA,NA,NA,NA,NA,NA,NA,NA,NA,NA,0.00,NA,NA,NA
2020-11-12 01:00:00,81.75,115.74,6.40,17.91,24.32,NA,NA,1.81,13.39,NA,NA,NA,NA,NA,NA,NA,NA,NA,NA,NA,0.00,NA,NA,NA
2020-11-12 02:00:00,93.98,141.41,6.59,18.17,24.77,NA,NA,2.01,12.90,NA,NA,NA,NA,NA,NA,NA,NA,NA,NA,NA,0.00,NA,NA,NA
2020-11-12 03:00:00,106.46,142.02,6.54,14.91,21.45,NA,NA,1.93,11.60,NA,NA,NA,NA,NA,NA,NA,NA,NA,NA,NA,0.00,NA,NA,NA
2020-11-12 04:00:00,96.98,138.34,6.54,13.46,20.00,NA,NA,1.88,11.25,NA,NA,NA,NA,NA,NA,NA,NA,NA,NA,NA,0.00,NA,NA,NA
2020-11-12 05:00:00,92.90,111.11,6.41,11.83,18.24,NA,NA,1.82,11.37,NA,NA,NA,NA,NA,NA,NA,NA,NA,NA,NA,0.00,NA,NA,NA
2020-11-12 06:00:00,97.51,108.32,6.73,12.51,19.24,NA,NA,1.82,11.76,NA,NA,NA,NA,NA,NA,NA,NA,NA,NA,NA,0.00,NA,NA,NA
2020-11-12 07:00:00,NA,NA,NA,NA,NA,NA,NA,NA,NA,NA,NA,NA,NA,NA,NA,NA,NA,NA,NA,NA,0.00,NA,NA,NA
2020-11-12 08:00:00,NA,NA,NA,NA,NA,NA,NA,NA,NA,NA,NA,NA,NA,NA,NA,NA,NA,NA,NA,NA,0.00,NA,NA,NA
2020-11-12 09:00:00,NA,NA,NA,NA,NA,NA,NA,NA,NA,NA,NA,NA,NA,NA,NA,NA,NA,NA,NA,NA,0.00,NA,NA,NA
2020-11-12 10:00:00,NA,NA,NA,NA,NA,NA,NA,NA,NA,NA,NA,NA,NA,NA,NA,NA,NA,NA,NA,NA,0.00,NA,NA,NA
2020-11-12 11:00:00,NA,NA,NA,NA,NA,NA,NA,NA,NA,NA,NA,NA,NA,NA,NA,NA,NA,NA,NA,NA,0.00,NA,NA,NA
2020-11-12 12:00:00,NA,NA,NA,NA,NA,NA,NA,NA,NA,NA,NA,NA,NA,NA,NA,NA,NA,NA,NA,NA,0.00,NA,NA,NA
2020-11-12 13:00:00,NA,NA,NA,NA,NA,NA,NA,NA,NA,NA,NA,NA,NA,NA,NA,NA,NA,NA,NA,NA,0.00,NA,NA,NA
2020-11-12 14:00:00,NA,NA,NA,NA,NA,NA,NA,NA,NA,NA,NA,NA,NA,NA,NA,NA,NA,NA,NA,NA,0.00,NA,NA,NA
2020-11-12 15:00:00,NA,NA,NA,NA,NA,NA,NA,NA,NA,NA,NA,NA,NA,NA,NA,NA,NA,NA,NA,NA,0.00,NA,NA,NA
2020-11-12 16:00:00,NA,NA,NA,NA,NA,NA,NA,NA,NA,NA,NA,NA,NA,NA,NA,NA,NA,NA,NA,NA,0.00,NA,NA,NA
2020-11-12 17:00:00,NA,NA,NA,NA,NA,NA,NA,NA,NA,NA,NA,NA,NA,NA,NA,NA,NA,NA,NA,NA,0.00,NA,NA,NA
2020-11-12 18:00:00,NA,NA,NA,NA,NA,NA,NA,NA,NA,NA,NA,NA,NA,NA,NA,NA,NA,NA,NA,NA,0.00,NA,NA,NA
2020-11-12 19:00:00,NA,NA,NA,NA,NA,NA,NA,NA,NA,NA,NA,NA,NA,NA,NA,NA,NA,NA,NA,NA,0.00,NA,NA,NA
2020-11-12 20:00:00,NA,NA,NA,NA,NA,NA,NA,NA,NA,NA,NA,NA,NA,NA,NA,NA,NA,NA,NA,NA,0.00,NA,NA,NA
2020-11-12 21:00:00,NA,NA,NA,NA,NA,NA,NA,NA,NA,NA,NA,NA,NA,NA,NA,NA,NA,NA,NA,NA,0.00,NA,NA,NA
2020-11-12 22:00:00,NA,NA,NA,NA,NA,NA,NA,NA,NA,NA,NA,NA,NA,NA,NA,NA,NA,NA,NA,NA,0.00,NA,NA,NA
2020-11-12 23:00:00,NA,NA,NA,NA,NA,NA,NA,NA,NA,NA,NA,NA,NA,NA,NA,NA,NA,NA,NA,NA,0.00,NA,NA,NA
2020-11-13 00:00:00,NA,NA,NA,NA,NA,NA,NA,NA,NA,NA,NA,NA,NA,NA,NA,NA,NA,NA,NA,NA,0.00,NA,NA,NA
2020-11-13 01:00:00,NA,NA,NA,NA,NA,NA,NA,NA,NA,NA,NA,NA,NA,NA,NA,NA,NA,NA,NA,NA,0.00,NA,NA,NA
2020-11-13 02:00:00,NA,NA,NA,NA,NA,NA,NA,NA,NA,NA,NA,NA,NA,NA,NA,NA,NA,NA,NA,NA,0.00,NA,NA,NA
2020-11-13 03:00:00,NA,NA,NA,NA,NA,NA,NA,NA,NA,NA,NA,NA,NA,NA,NA,NA,NA,NA,NA,NA,0.00,NA,NA,NA
2020-11-13 04:00:00,NA,NA,NA,NA,NA,NA,NA,NA,NA,NA,NA,NA,NA,NA,NA,NA,NA,NA,NA,NA,0.00,NA,NA,NA
2020-11-13 05:00:00,NA,NA,NA,NA,NA,NA,NA,NA,NA,NA,NA,NA,NA,NA,NA,NA,NA,NA,NA,NA,0.00,NA,NA,NA
2020-11-13 06:00:00,NA,NA,NA,NA,NA,NA,NA,NA,NA,NA,NA,NA,NA,NA,NA,NA,NA,NA,NA,NA,0.00,NA,NA,NA
2020-11-13 07:00:00,NA,NA,NA,NA,NA,NA,NA,NA,NA,NA,NA,NA,NA,NA,NA,NA,NA,NA,NA,NA,0.00,NA,NA,NA
2020-11-13 08:00:00,NA,NA,NA,NA,NA,NA,NA,NA,NA,NA,NA,NA,NA,NA,NA,NA,NA,NA,NA,NA,0.00,NA,NA,NA
2020-11-13 09:00:00,NA,NA,NA,NA,NA,NA,NA,NA,NA,NA,NA,NA,NA,NA,NA,NA,NA,NA,NA,NA,0.00,NA,NA,NA
2020-11-13 10:00:00,NA,NA,NA,NA,NA,NA,NA,NA,NA,NA,NA,NA,NA,NA,NA,NA,NA,NA,NA,NA,0.00,NA,NA,NA
2020-11-13 11:00:00,NA,NA,NA,NA,NA,NA,NA,NA,NA,NA,NA,NA,NA,NA,NA,NA,NA,NA,NA,NA,0.00,NA,NA,NA
2020-11-13 12:00:00,NA,NA,NA,NA,NA,NA,NA,NA,NA,NA,NA,NA,NA,NA,NA,NA,NA,NA,NA,NA,0.00,NA,NA,NA
2020-11-13 13:00:00,NA,NA,NA,NA,NA,NA,NA,NA,NA,NA,NA,NA,NA,NA,NA,NA,NA,NA,NA,NA,0.00,NA,NA,NA
2020-11-13 14:00:00,NA,NA,NA,NA,NA,NA,NA,NA,NA,NA,NA,NA,NA,NA,NA,NA,NA,NA,NA,NA,0.00,NA,NA,NA
2020-11-13 15:00:00,NA,NA,NA,NA,NA,NA,NA,NA,NA,NA,NA,NA,NA,NA,NA,NA,NA,NA,NA,NA,0.00,NA,NA,NA
2020-11-13 16:00:00,103.46,160.31,17.48,19.72,37.19,NA,NA,1.50,99.18,NA,NA,NA,NA,NA,NA,NA,NA,NA,NA,NA,0.00,NA,NA,NA
2020-11-13 17:00:00,102.04,166.24,6.98,19.61,26.59,NA,NA,1.85,77.29,NA,NA,NA,NA,NA,NA,NA,NA,NA,NA,NA,0.00,NA,NA,NA
2020-11-13 18:00:00,93.85,167.58,5.97,22.81,28.79,NA,NA,1.95,57.72,NA,NA,NA,NA,NA,NA,NA,NA,NA,NA,NA,0.00,NA,NA,NA
2020-11-13 19:00:00,78.03,147.80,5.98,24.45,30.44,NA,NA,1.99,42.11,NA,NA,NA,NA,NA,NA,NA,NA,NA,NA,NA,0.00,NA,NA,NA
2020-11-13 20:00:00,91.73,150.16,6.06,25.15,31.20,NA,NA,2.16,28.60,NA,NA,NA,NA,NA,NA,NA,NA,NA,NA,NA,0.00,NA,NA,NA
2020-11-13 21:00:00,115.08,182.35,6.09,28.15,34.28,NA,NA,2.63,18.11,NA,NA,NA,NA,NA,NA,NA,NA,NA,NA,NA,0.00,NA,NA,NA
2020-11-13 22:00:00,137.61,221.22,6.50,39.12,45.64,NA,NA,3.21,12.33,NA,NA,NA,NA,NA,NA,NA,NA,NA,NA,NA,0.00,NA,NA,NA
2020-11-13 23:00:00,207.14,306.66,8.45,47.97,56.43,NA,NA,4.07,9.03,NA,NA,NA,NA,NA,NA,NA,NA,NA,NA,NA,0.00,NA,NA,NA
2020-11-14 00:00:00,246.95,343.54,9.45,42.05,51.46,NA,NA,4.20,8.02,NA,NA,NA,NA,NA,NA,NA,NA,NA,NA,NA,0.00,NA,NA,NA
2020-11-14 01:00:00,257.44,363.97,9.09,35.15,44.24,NA,NA,4.21,7.69,NA,NA,NA,NA,NA,NA,NA,NA,NA,NA,NA,0.00,NA,NA,NA
2020-11-14 02:00:00,283.81,362.13,10.92,36.15,47.07,NA,NA,4.61,7.46,NA,NA,NA,NA,NA,NA,NA,NA,NA,NA,NA,0.00,NA,NA,NA
2020-11-14 03:00:00,310.11,420.79,14.05,38.81,52.85,NA,NA,4.72,7.69,NA,NA,NA,NA,NA,NA,NA,NA,NA,NA,NA,0.00,NA,NA,NA
2020-11-14 04:00:00,319.64,407.36,12.16,30.36,42.52,NA,NA,4.23,7.70,NA,NA,NA,NA,NA,NA,NA,NA,NA,NA,NA,0.00,NA,NA,NA
2020-11-14 05:00:00,355.48,392.23,11.32,28.50,39.81,NA,NA,4.05,8.46,NA,NA,NA,NA,NA,NA,NA,NA,NA,NA,NA,0.00,NA,NA,NA
2020-11-14 06:00:00,322.91,412.20,17.78,27.23,44.99,NA,NA,4.37,7.75,NA,NA,NA,NA,NA,NA,NA,NA,NA,NA,NA,0.00,NA,NA,NA
2020-11-14 07:00:00,319.07,397.39,27.61,26.42,54.04,NA,NA,4.30,8.58,NA,NA,NA,NA,NA,NA,NA,NA,NA,NA,NA,0.00,NA,NA,NA
2020-11-14 08:00:00,316.30,358.25,21.54,23.72,45.27,NA,NA,4.17,11.14,NA,NA,NA,NA,NA,NA,NA,NA,NA,NA,NA,0.00,NA,NA,NA
2020-11-14 09:00:00,NA,NA,NA,NA,NA,NA,NA,NA,NA,NA,NA,NA,NA,NA,NA,NA,NA,NA,NA,NA,0.00,NA,NA,NA
2020-11-14 10:00:00,247.68,253.68,204.97,45.25,79.93,NA,NA,4.76,61.97,NA,NA,NA,NA,NA,NA,NA,NA,NA,NA,NA,0.00,NA,NA,NA
2020-11-14 11:00:00,67.10,47.84,8.10,30.48,38.59,NA,NA,3.67,105.22,NA,NA,NA,NA,NA,NA,NA,NA,NA,NA,NA,0.00,NA,NA,NA
2020-11-14 12:00:00,261.93,280.32,6.23,22.32,28.56,NA,NA,3.04,126.56,NA,NA,NA,NA,NA,NA,NA,NA,NA,NA,NA,0.00,NA,NA,NA
2020-11-14 13:00:00,262.98,248.83,6.19,17.31,23.50,NA,NA,2.64,137.45,NA,NA,NA,NA,NA,NA,NA,NA,NA,NA,NA,0.00,NA,NA,NA
2020-11-14 14:00:00,157.51,189.61,6.16,13.22,19.37,NA,NA,2.14,144.30,NA,NA,NA,NA,NA,NA,NA,NA,NA,NA,NA,0.00,NA,NA,NA
2020-11-14 15:00:00,109.07,135.31,6.01,11.47,17.48,NA,NA,2.06,146.36,NA,NA,NA,NA,NA,NA,NA,NA,NA,NA,NA,0.00,NA,NA,NA
2020-11-14 16:00:00,102.29,135.20,5.85,11.81,17.66,NA,NA,2.09,116.78,NA,NA,NA,NA,NA,NA,NA,NA,NA,NA,NA,0.00,NA,NA,NA
2020-11-14 17:00:00,143.92,159.82,5.89,15.79,21.68,NA,NA,2.30,72.30,NA,NA,NA,NA,NA,NA,NA,NA,NA,NA,NA,0.00,NA,NA,NA
2020-11-14 18:00:00,146.72,176.84,5.93,19.47,25.39,NA,NA,2.57,54.94,NA,NA,NA,NA,NA,NA,NA,NA,NA,NA,NA,0.00,NA,NA,NA
2020-11-14 19:00:00,190.53,287.74,6.02,22.02,28.05,NA,NA,2.92,34.86,NA,NA,NA,NA,NA,NA,NA,NA,NA,NA,NA,0.00,NA,NA,NA
2020-11-14 20:00:00,187.27,229.63,6.06,24.04,30.10,NA,NA,3.20,34.50,NA,NA,NA,NA,NA,NA,NA,NA,NA,NA,NA,0.00,NA,NA,NA
2020-11-14 21:00:00,306.12,358.60,5.98,26.28,32.26,NA,NA,3.18,96.42,NA,NA,NA,NA,NA,NA,NA,NA,NA,NA,NA,0.00,NA,NA,NA
2020-11-14 22:00:00,317.91,401.85,5.99,19.04,25.03,NA,NA,2.99,64.93,NA,NA,NA,NA,NA,NA,NA,NA,NA,NA,NA,0.00,NA,NA,NA
2020-11-14 23:00:00,323.52,381.67,6.12,17.53,23.65,NA,NA,3.17,24.42,NA,NA,NA,NA,NA,NA,NA,NA,NA,NA,NA,0.00,NA,NA,NA
2020-11-15 00:00:00,350.65,392.03,6.18,15.91,22.09,NA,NA,3.56,19.30,NA,NA,NA,NA,NA,NA,NA,NA,NA,NA,NA,0.00,NA,NA,NA
2020-11-15 01:00:00,326.82,367.11,6.06,17.34,23.39,NA,NA,2.73,58.24,NA,NA,NA,NA,NA,NA,NA,NA,NA,NA,NA,0.00,NA,NA,NA
2020-11-15 02:00:00,343.03,376.03,6.08,14.73,20.81,NA,NA,2.86,42.95,NA,NA,NA,NA,NA,NA,NA,NA,NA,NA,NA,0.00,NA,NA,NA
2020-11-15 03:00:00,368.78,418.90,6.11,15.85,21.96,NA,NA,3.11,24.71,NA,NA,NA,NA,NA,NA,NA,NA,NA,NA,NA,0.00,NA,NA,NA
2020-11-15 04:00:00,406.21,465.70,6.31,17.22,23.53,NA,NA,3.28,21.48,NA,NA,NA,NA,NA,NA,NA,NA,NA,NA,NA,0.00,NA,NA,NA
2020-11-15 05:00:00,403.79,449.70,6.20,14.72,20.91,NA,NA,3.20,24.21,NA,NA,NA,NA,NA,NA,NA,NA,NA,NA,NA,0.00,NA,NA,NA
2020-11-15 06:00:00,354.36,414.44,6.13,16.76,22.89,NA,NA,3.14,37.54,NA,NA,NA,NA,NA,NA,NA,NA,NA,NA,NA,0.00,NA,NA,NA
2020-11-15 07:00:00,339.15,385.93,6.36,15.34,21.69,NA,NA,2.98,35.40,NA,NA,NA,NA,NA,NA,NA,NA,NA,NA,NA,0.00,NA,NA,NA
2020-11-15 08:00:00,281.09,337.63,6.95,15.23,22.18,NA,NA,2.88,88.61,NA,NA,NA,NA,NA,NA,NA,NA,NA,NA,NA,0.00,NA,NA,NA
2020-11-15 09:00:00,278.74,340.45,6.37,15.49,21.85,NA,NA,2.86,111.30,NA,NA,NA,NA,NA,NA,NA,NA,NA,NA,NA,0.00,NA,NA,NA
2020-11-15 10:00:00,256.39,324.78,6.35,16.21,22.56,NA,NA,2.77,112.97,NA,NA,NA,NA,NA,NA,NA,NA,NA,NA,NA,0.00,NA,NA,NA
2020-11-15 11:00:00,247.11,327.64,6.45,14.58,21.04,NA,NA,2.51,117.08,NA,NA,NA,NA,NA,NA,NA,NA,NA,NA,NA,0.00,NA,NA,NA
2020-11-15 12:00:00,201.95,281.34,6.39,13.88,20.26,NA,NA,2.40,121.87,NA,NA,NA,NA,NA,NA,NA,NA,NA,NA,NA,0.00,NA,NA,NA
2020-11-15 13:00:00,169.55,242.00,6.17,11.63,17.80,NA,NA,2.22,129.35,NA,NA,NA,NA,NA,NA,NA,NA,NA,NA,NA,0.00,NA,NA,NA
2020-11-15 14:00:00,136.82,210.31,6.17,10.92,17.09,NA,NA,2.16,131.60,NA,NA,NA,NA,NA,NA,NA,NA,NA,NA,NA,0.00,NA,NA,NA
2020-11-15 15:00:00,134.55,230.57,5.87,11.42,17.29,NA,NA,2.17,126.23,NA,NA,NA,NA,NA,NA,NA,NA,NA,NA,NA,0.00,NA,NA,NA
2020-11-15 16:00:00,124.29,220.18,6.08,15.81,21.89,NA,NA,2.17,82.75,NA,NA,NA,NA,NA,NA,NA,NA,NA,NA,NA,0.00,NA,NA,NA
2020-11-15 17:00:00,115.84,198.55,149.82,31.56,182.14,NA,NA,2.25,73.27,NA,NA,NA,NA,NA,NA,NA,NA,NA,NA,NA,0.00,NA,NA,NA
2020-11-15 18:00:00,NA,NA,7.87,16.98,24.87,NA,NA,2.41,84.12,NA,NA,NA,NA,NA,NA,NA,NA,NA,NA,NA,0.00,NA,NA,NA
2020-11-15 19:00:00,5.08,NA,6.01,15.67,21.69,NA,NA,2.45,90.22,NA,NA,NA,NA,NA,NA,NA,NA,NA,NA,NA,0.00,NA,NA,NA
2020-11-15 20:00:00,44.94,49.18,5.92,14.38,20.31,NA,NA,2.45,91.52,NA,NA,NA,NA,NA,NA,NA,NA,NA,NA,NA,0.00,NA,NA,NA
2020-11-15 21:00:00,101.96,97.21,5.88,13.06,18.94,NA,NA,2.35,83.44,NA,NA,NA,NA,NA,NA,NA,NA,NA,NA,NA,0.00,NA,NA,NA
2020-11-15 22:00:00,92.81,115.76,5.84,11.66,17.50,NA,NA,2.26,78.23,NA,NA,NA,NA,NA,NA,NA,NA,NA,NA,NA,0.00,NA,NA,NA
2020-11-15 23:00:00,93.34,111.72,5.81,10.57,16.38,NA,NA,2.20,76.84,NA,NA,NA,NA,NA,NA,NA,NA,NA,NA,NA,0.00,NA,NA,NA
2020-11-16 00:00:00,88.11,103.02,5.87,10.02,15.89,NA,NA,2.12,66.32,NA,NA,NA,NA,NA,NA,NA,NA,NA,NA,NA,0.00,NA,NA,NA
2020-11-16 01:00:00,85.59,116.12,5.90,9.88,15.78,NA,NA,2.07,57.90,NA,NA,NA,NA,NA,NA,NA,NA,NA,NA,NA,0.00,NA,NA,NA
2020-11-16 02:00:00,113.32,108.61,5.81,10.68,16.49,NA,NA,2.06,51.59,NA,NA,NA,NA,NA,NA,NA,NA,NA,NA,NA,0.00,NA,NA,NA
2020-11-16 03:00:00,87.95,103.02,5.81,8.58,14.39,NA,NA,1.93,60.24,NA,NA,NA,NA,NA,NA,NA,NA,NA,NA,NA,0.00,NA,NA,NA
2020-11-16 04:00:00,85.27,86.86,5.84,7.73,13.57,NA,NA,1.89,59.56,NA,NA,NA,NA,NA,NA,NA,NA,NA,NA,NA,0.00,NA,NA,NA
2020-11-16 05:00:00,94.43,92.46,5.77,8.51,14.28,NA,NA,1.90,53.89,NA,NA,NA,NA,NA,NA,NA,NA,NA,NA,NA,0.00,NA,NA,NA
2020-11-16 06:00:00,87.15,84.30,5.78,10.16,15.94,NA,NA,1.82,51.18,NA,NA,NA,NA,NA,NA,NA,NA,NA,NA,NA,0.00,NA,NA,NA
2020-11-16 07:00:00,82.82,87.71,6.04,14.68,20.72,NA,NA,2.03,43.89,NA,NA,NA,NA,NA,NA,NA,NA,NA,NA,NA,0.00,NA,NA,NA
2020-11-16 08:00:00,107.81,125.66,6.09,12.31,18.40,NA,NA,2.02,50.30,NA,NA,NA,NA,NA,NA,NA,NA,NA,NA,NA,0.00,NA,NA,NA
2020-11-16 09:00:00,81.92,94.04,6.39,11.43,17.82,NA,NA,1.89,56.48,NA,NA,NA,NA,NA,NA,NA,NA,NA,NA,NA,0.00,NA,NA,NA
2020-11-16 10:00:00,69.90,84.02,6.39,11.61,18.00,NA,NA,1.83,60.98,NA,NA,NA,NA,NA,NA,NA,NA,NA,NA,NA,0.00,NA,NA,NA
2020-11-16 11:00:00,77.48,94.32,6.42,11.68,18.10,NA,NA,1.85,64.23,NA,NA,NA,NA,NA,NA,NA,NA,NA,NA,NA,0.00,NA,NA,NA
2020-11-16 12:00:00,62.05,82.40,6.13,9.33,15.46,NA,NA,1.77,70.13,NA,NA,NA,NA,NA,NA,NA,NA,NA,NA,NA,0.00,NA,NA,NA
2020-11-16 13:00:00,52.41,60.58,6.06,9.45,15.51,NA,NA,1.74,72.34,NA,NA,NA,NA,NA,NA,NA,NA,NA,NA,NA,0.00,NA,NA,NA
2020-11-16 14:00:00,48.96,60.61,5.92,8.39,14.32,NA,NA,1.71,76.12,NA,NA,NA,NA,NA,NA,NA,NA,NA,NA,NA,0.00,NA,NA,NA
2020-11-16 15:00:00,52.85,67.00,5.88,8.47,14.35,NA,NA,1.72,74.95,NA,NA,NA,NA,NA,NA,NA,NA,NA,NA,NA,0.00,NA,NA,NA
2020-11-16 16:00:00,54.75,68.81,5.81,9.81,15.62,NA,NA,1.74,68.60,NA,NA,NA,NA,NA,NA,NA,NA,NA,NA,NA,0.00,NA,NA,NA
2020-11-16 17:00:00,55.33,69.53,5.74,8.63,14.38,NA,NA,1.74,51.19,NA,NA,NA,NA,NA,NA,NA,NA,NA,NA,NA,0.00,NA,NA,NA
2020-11-16 18:00:00,57.12,67.55,5.92,8.20,14.12,NA,NA,1.74,29.08,NA,NA,NA,NA,NA,NA,NA,NA,NA,NA,NA,0.00,NA,NA,NA
2020-11-16 19:00:00,42.22,75.77,5.88,14.31,20.19,NA,NA,1.94,26.35,NA,NA,NA,NA,NA,NA,NA,NA,NA,NA,NA,0.00,NA,NA,NA
2020-11-16 20:00:00,86.65,105.92,5.88,14.38,20.26,NA,NA,2.01,33.13,NA,NA,NA,NA,NA,NA,NA,NA,NA,NA,NA,0.00,NA,NA,NA
2020-11-16 21:00:00,93.22,103.72,5.94,17.06,23.00,NA,NA,2.19,20.01,NA,NA,NA,NA,NA,NA,NA,NA,NA,NA,NA,0.00,NA,NA,NA
2020-11-16 22:00:00,96.77,133.17,6.65,18.15,24.80,NA,NA,2.25,9.41,NA,NA,NA,NA,NA,NA,NA,NA,NA,NA,NA,0.00,NA,NA,NA
2020-11-16 23:00:00,82.18,132.77,7.14,15.67,22.81,NA,NA,2.23,8.67,NA,NA,NA,NA,NA,NA,NA,NA,NA,NA,NA,0.00,NA,NA,NA
2020-11-17 00:00:00,87.24,134.19,10.23,28.64,38.87,NA,NA,2.44,8.62,NA,NA,NA,NA,NA,NA,NA,NA,NA,NA,NA,0.00,NA,NA,NA
2020-11-17 01:00:00,97.20,152.51,8.36,18.95,27.31,NA,NA,2.41,7.80,NA,NA,NA,NA,NA,NA,NA,NA,NA,NA,NA,0.00,NA,NA,NA
2020-11-17 02:00:00,103.55,148.63,8.61,12.36,20.96,NA,NA,2.41,6.11,NA,NA,NA,NA,NA,NA,NA,NA,NA,NA,NA,0.00,NA,NA,NA
2020-11-17 03:00:00,103.21,144.72,11.66,13.39,25.05,NA,NA,2.41,8.57,NA,NA,NA,NA,NA,NA,NA,NA,NA,NA,NA,0.00,NA,NA,NA
2020-11-17 04:00:00,97.98,136.61,19.35,15.41,34.77,NA,NA,2.41,7.73,NA,NA,NA,NA,NA,NA,NA,NA,NA,NA,NA,0.00,NA,NA,NA
2020-11-17 05:00:00,109.74,127.96,19.39,13.08,32.48,NA,NA,2.35,7.55,NA,NA,NA,NA,NA,NA,NA,NA,NA,NA,NA,0.00,NA,NA,NA
2020-11-17 06:00:00,113.67,115.52,21.10,12.91,34.00,NA,NA,2.29,8.07,NA,NA,NA,NA,NA,NA,NA,NA,NA,NA,NA,0.00,NA,NA,NA
2020-11-17 07:00:00,98.92,105.85,19.13,13.22,32.36,NA,NA,2.31,8.93,NA,NA,NA,NA,NA,NA,NA,NA,NA,NA,NA,0.00,NA,NA,NA
2020-11-17 08:00:00,99.09,140.08,29.92,30.38,60.37,NA,NA,2.52,10.48,NA,NA,NA,NA,NA,NA,NA,NA,NA,NA,NA,0.00,NA,NA,NA
2020-11-17 09:00:00,104.19,168.53,17.31,39.30,56.60,NA,NA,2.38,18.35,NA,NA,NA,NA,NA,NA,NA,NA,NA,NA,NA,0.00,NA,NA,NA
2020-11-17 10:00:00,87.82,140.91,11.81,32.82,44.59,NA,NA,2.09,37.64,NA,NA,NA,NA,NA,NA,NA,NA,NA,NA,NA,0.00,NA,NA,NA
2020-11-17 11:00:00,48.21,95.90,8.16,21.93,30.07,NA,NA,1.77,57.48,NA,NA,NA,NA,NA,NA,NA,NA,NA,NA,NA,0.00,NA,NA,NA
2020-11-17 12:00:00,32.50,75.99,6.93,14.48,21.40,NA,NA,1.64,68.65,NA,NA,NA,NA,NA,NA,NA,NA,NA,NA,NA,0.00,NA,NA,NA
2020-11-17 13:00:00,52.42,60.12,6.76,15.33,22.09,NA,NA,1.72,81.43,NA,NA,NA,NA,NA,NA,NA,NA,NA,NA,NA,0.00,NA,NA,NA
2020-11-17 14:00:00,79.17,79.88,20.52,15.31,35.86,NA,NA,1.65,75.94,NA,NA,NA,NA,NA,NA,NA,NA,NA,NA,NA,0.00,NA,NA,NA
2020-11-17 15:00:00,67.08,103.03,16.14,13.55,29.65,NA,NA,1.60,83.51,NA,NA,NA,NA,NA,NA,NA,NA,NA,NA,NA,0.00,NA,NA,NA
2020-11-17 16:00:00,53.57,83.04,5.97,8.99,14.95,NA,NA,1.59,83.51,NA,NA,NA,NA,NA,NA,NA,NA,NA,NA,NA,0.00,NA,NA,NA
2020-11-17 17:00:00,43.98,75.93,5.79,10.75,16.55,NA,NA,1.66,67.29,NA,NA,NA,NA,NA,NA,NA,NA,NA,NA,NA,0.00,NA,NA,NA
2020-11-17 18:00:00,45.93,78.27,5.72,13.23,18.95,NA,NA,1.74,56.28,NA,NA,NA,NA,NA,NA,NA,NA,NA,NA,NA,0.00,NA,NA,NA
2020-11-17 19:00:00,54.71,92.37,5.82,22.80,28.63,NA,NA,2.08,38.75,NA,NA,NA,NA,NA,NA,NA,NA,NA,NA,NA,0.00,NA,NA,NA
2020-11-17 20:00:00,66.12,105.05,5.86,22.68,28.55,NA,NA,2.09,36.60,NA,NA,NA,NA,NA,NA,NA,NA,NA,NA,NA,0.00,NA,NA,NA
2020-11-17 21:00:00,81.76,122.80,5.86,25.97,31.83,NA,NA,2.20,33.65,NA,NA,NA,NA,NA,NA,NA,NA,NA,NA,NA,0.00,NA,NA,NA
2020-11-17 22:00:00,88.27,129.17,5.89,22.58,28.47,NA,NA,2.13,30.24,NA,NA,NA,NA,NA,NA,NA,NA,NA,NA,NA,0.00,NA,NA,NA
2020-11-17 23:00:00,94.92,129.65,5.90,22.60,28.50,NA,NA,2.18,35.24,NA,NA,NA,NA,NA,NA,NA,NA,NA,NA,NA,0.00,NA,NA,NA
2020-11-18 00:00:00,101.00,162.30,5.98,17.80,23.78,NA,NA,2.11,27.44,NA,NA,NA,NA,NA,NA,NA,NA,NA,NA,NA,0.00,NA,NA,NA
2020-11-18 01:00:00,95.17,160.23,6.20,19.02,25.22,NA,NA,2.07,19.44,NA,NA,NA,NA,NA,NA,NA,NA,NA,NA,NA,0.00,NA,NA,NA
2020-11-18 02:00:00,78.89,128.31,6.17,15.24,21.40,NA,NA,2.03,23.57,NA,NA,NA,NA,NA,NA,NA,NA,NA,NA,NA,0.00,NA,NA,NA
2020-11-18 03:00:00,104.55,134.26,5.91,18.16,24.07,NA,NA,2.05,28.10,NA,NA,NA,NA,NA,NA,NA,NA,NA,NA,NA,0.00,NA,NA,NA
2020-11-18 04:00:00,114.61,132.25,6.10,14.34,20.44,NA,NA,2.05,22.37,NA,NA,NA,NA,NA,NA,NA,NA,NA,NA,NA,0.00,NA,NA,NA
2020-11-18 05:00:00,108.61,120.67,6.41,11.53,17.93,NA,NA,2.01,19.85,NA,NA,NA,NA,NA,NA,NA,NA,NA,NA,NA,0.00,NA,NA,NA
2020-11-18 06:00:00,114.82,125.33,6.44,13.27,19.71,NA,NA,2.05,20.19,NA,NA,NA,NA,NA,NA,NA,NA,NA,NA,NA,0.00,NA,NA,NA
2020-11-18 07:00:00,119.57,135.05,6.61,14.74,21.34,NA,NA,2.08,21.46,NA,NA,NA,NA,NA,NA,NA,NA,NA,NA,NA,0.00,NA,NA,NA
2020-11-18 08:00:00,NA,NA,NA,NA,NA,NA,NA,NA,NA,NA,NA,NA,NA,NA,NA,NA,NA,NA,NA,NA,0.00,NA,NA,NA
2020-11-18 09:00:00,58.53,61.45,176.67,46.62,115.16,NA,NA,2.93,49.47,NA,NA,NA,NA,NA,NA,NA,NA,NA,NA,NA,0.00,NA,NA,NA
2020-11-18 10:00:00,NA,NA,7.52,24.05,31.57,NA,NA,1.45,85.98,NA,NA,NA,NA,NA,NA,NA,NA,NA,NA,NA,0.00,NA,NA,NA
2020-11-18 11:00:00,NA,NA,6.74,21.13,27.87,NA,NA,1.55,100.64,NA,NA,NA,NA,NA,NA,NA,NA,NA,NA,NA,0.00,NA,NA,NA
2020-11-18 12:00:00,23.42,46.25,6.39,18.18,24.57,NA,NA,1.66,111.03,NA,NA,NA,NA,NA,NA,NA,NA,NA,NA,NA,0.00,NA,NA,NA
2020-11-18 13:00:00,21.56,43.71,6.25,16.14,22.39,NA,NA,1.68,115.55,NA,NA,NA,NA,NA,NA,NA,NA,NA,NA,NA,0.00,NA,NA,NA
2020-11-18 14:00:00,35.47,79.66,6.26,17.33,23.60,NA,NA,1.62,113.10,NA,NA,NA,NA,NA,NA,NA,NA,NA,NA,NA,0.00,NA,NA,NA
2020-11-18 15:00:00,61.15,84.87,6.04,14.18,20.21,NA,NA,1.78,113.89,NA,NA,NA,NA,NA,NA,NA,NA,NA,NA,NA,0.00,NA,NA,NA
2020-11-18 16:00:00,56.34,70.32,5.83,14.45,20.28,NA,NA,1.87,110.66,NA,NA,NA,NA,NA,NA,NA,NA,NA,NA,NA,0.00,NA,NA,NA
2020-11-18 17:00:00,80.85,108.44,5.65,14.52,20.17,NA,NA,1.92,78.53,NA,NA,NA,NA,NA,NA,NA,NA,NA,NA,NA,0.00,NA,NA,NA
2020-11-18 18:00:00,90.08,126.37,5.61,15.41,21.02,NA,NA,1.46,54.94,NA,NA,NA,NA,NA,NA,NA,NA,NA,NA,NA,0.00,NA,NA,NA
2020-11-18 19:00:00,100.08,131.39,5.75,18.09,23.84,NA,NA,1.69,43.97,NA,NA,NA,NA,NA,NA,NA,NA,NA,NA,NA,0.00,NA,NA,NA
2020-11-18 20:00:00,128.55,157.42,5.89,30.86,36.76,NA,NA,1.97,34.23,NA,NA,NA,NA,NA,NA,NA,NA,NA,NA,NA,0.00,NA,NA,NA
2020-11-18 21:00:00,152.08,196.93,6.08,46.17,52.25,NA,NA,2.23,29.06,NA,NA,NA,NA,NA,NA,NA,NA,NA,NA,NA,0.00,NA,NA,NA
2020-11-18 22:00:00,127.86,192.11,6.21,38.40,44.60,NA,NA,2.17,25.55,NA,NA,NA,NA,NA,NA,NA,NA,NA,NA,NA,0.00,NA,NA,NA
2020-11-18 23:00:00,116.33,196.42,7.07,37.96,45.03,NA,NA,2.26,22.35,NA,NA,NA,NA,NA,NA,NA,NA,NA,NA,NA,0.00,NA,NA,NA
2020-11-19 00:00:00,126.40,227.03,11.06,38.13,49.19,NA,NA,2.30,21.83,NA,NA,NA,NA,NA,NA,NA,NA,NA,NA,NA,0.00,NA,NA,NA
2020-11-19 01:00:00,140.00,194.93,13.91,37.36,51.26,NA,NA,2.27,23.16,NA,NA,NA,NA,NA,NA,NA,NA,NA,NA,NA,0.00,NA,NA,NA
2020-11-19 02:00:00,137.41,200.66,28.18,43.90,72.07,NA,NA,2.52,22.86,NA,NA,NA,NA,NA,NA,NA,NA,NA,NA,NA,0.00,NA,NA,NA
2020-11-19 03:00:00,142.19,206.47,36.49,32.59,69.08,NA,NA,2.48,22.94,NA,NA,NA,NA,NA,NA,NA,NA,NA,NA,NA,0.00,NA,NA,NA
2020-11-19 04:00:00,120.97,175.78,33.38,35.22,68.61,NA,NA,2.51,21.39,NA,NA,NA,NA,NA,NA,NA,NA,NA,NA,NA,0.00,NA,NA,NA
2020-11-19 05:00:00,121.06,181.45,30.81,28.97,59.78,NA,NA,2.26,20.18,NA,NA,NA,NA,NA,NA,NA,NA,NA,NA,NA,0.00,NA,NA,NA
2020-11-19 06:00:00,119.54,174.15,26.35,24.85,51.20,NA,NA,2.03,21.15,NA,NA,NA,NA,NA,NA,NA,NA,NA,NA,NA,0.00,NA,NA,NA
2020-11-19 07:00:00,116.90,155.73,22.03,24.74,46.76,NA,NA,2.05,21.67,NA,NA,NA,NA,NA,NA,NA,NA,NA,NA,NA,0.00,NA,NA,NA
2020-11-19 08:00:00,131.88,179.35,31.20,52.96,84.15,NA,NA,2.54,31.17,NA,NA,NA,NA,NA,NA,NA,NA,NA,NA,NA,0.00,NA,NA,NA
2020-11-19 09:00:00,175.19,239.25,17.98,66.29,84.31,NA,NA,2.11,63.12,NA,NA,NA,NA,NA,NA,NA,NA,NA,NA,NA,0.00,NA,NA,NA
2020-11-19 10:00:00,134.19,196.00,8.10,33.78,41.87,NA,NA,1.37,95.05,NA,NA,NA,NA,NA,NA,NA,NA,NA,NA,NA,0.00,NA,NA,NA
2020-11-19 11:00:00,110.16,171.40,7.40,26.01,33.41,NA,NA,1.24,106.69,NA,NA,NA,NA,NA,NA,NA,NA,NA,NA,NA,0.00,NA,NA,NA
2020-11-19 12:00:00,92.39,146.80,6.73,20.05,26.78,NA,NA,1.17,120.24,NA,NA,NA,NA,NA,NA,NA,NA,NA,NA,NA,0.00,NA,NA,NA
2020-11-19 13:00:00,82.00,136.29,6.42,14.96,21.38,NA,NA,1.15,118.88,NA,NA,NA,NA,NA,NA,NA,NA,NA,NA,NA,0.00,NA,NA,NA
2020-11-19 14:00:00,79.90,122.71,6.23,12.38,18.62,NA,NA,1.11,118.39,NA,NA,NA,NA,NA,NA,NA,NA,NA,NA,NA,0.00,NA,NA,NA
2020-11-19 15:00:00,71.59,109.00,6.06,11.01,17.07,NA,NA,1.08,116.27,NA,NA,NA,NA,NA,NA,NA,NA,NA,NA,NA,0.00,NA,NA,NA
2020-11-19 16:00:00,75.00,116.31,5.91,12.28,18.19,NA,NA,1.12,118.73,NA,NA,NA,NA,NA,NA,NA,NA,NA,NA,NA,0.00,NA,NA,NA
2020-11-19 17:00:00,80.74,121.79,5.82,13.50,19.32,NA,NA,1.16,88.26,NA,NA,NA,NA,NA,NA,NA,NA,NA,NA,NA,0.00,NA,NA,NA
2020-11-19 18:00:00,81.01,146.59,5.84,15.95,21.79,NA,NA,1.28,66.00,NA,NA,NA,NA,NA,NA,NA,NA,NA,NA,NA,0.00,NA,NA,NA
2020-11-19 19:00:00,98.57,175.22,5.82,23.10,28.92,NA,NA,1.57,43.97,NA,NA,NA,NA,NA,NA,NA,NA,NA,NA,NA,0.00,NA,NA,NA
2020-11-19 20:00:00,146.60,230.14,6.04,41.89,47.94,NA,NA,2.21,32.28,NA,NA,NA,NA,NA,NA,NA,NA,NA,NA,NA,0.00,NA,NA,NA
2020-11-19 21:00:00,173.31,263.46,9.20,58.31,67.50,NA,NA,2.64,28.24,NA,NA,NA,NA,NA,NA,NA,NA,NA,NA,NA,0.00,NA,NA,NA
2020-11-19 22:00:00,164.80,252.63,15.12,69.90,85.01,NA,NA,2.81,25.33,NA,NA,NA,NA,NA,NA,NA,NA,NA,NA,NA,0.00,NA,NA,NA
2020-11-19 23:00:00,160.10,264.55,22.95,54.39,77.33,NA,NA,3.04,24.89,NA,NA,NA,NA,NA,NA,NA,NA,NA,NA,NA,0.00,NA,NA,NA
2020-11-20 00:00:00,173.12,250.56,16.60,43.71,60.32,NA,NA,2.87,26.70,NA,NA,NA,NA,NA,NA,NA,NA,NA,NA,NA,0.00,NA,NA,NA
2020-11-20 01:00:00,185.88,255.86,12.85,44.16,57.02,NA,NA,2.80,27.96,NA,NA,NA,NA,NA,NA,NA,NA,NA,NA,NA,0.00,NA,NA,NA
2020-11-20 02:00:00,202.75,289.44,11.26,62.65,73.90,NA,NA,2.64,35.39,NA,NA,NA,NA,NA,NA,NA,NA,NA,NA,NA,0.00,NA,NA,NA
2020-11-20 03:00:00,199.22,263.03,6.30,47.24,53.55,NA,NA,2.07,42.32,NA,NA,NA,NA,NA,NA,NA,NA,NA,NA,NA,0.00,NA,NA,NA
2020-11-20 04:00:00,240.67,286.33,6.42,50.58,56.99,NA,NA,2.00,45.83,NA,NA,NA,NA,NA,NA,NA,NA,NA,NA,NA,0.00,NA,NA,NA
2020-11-20 05:00:00,256.48,295.40,6.09,40.15,46.24,NA,NA,1.89,47.74,NA,NA,NA,NA,NA,NA,NA,NA,NA,NA,NA,0.00,NA,NA,NA
2020-11-20 06:00:00,231.79,267.95,6.04,30.22,36.26,NA,NA,1.77,44.39,NA,NA,NA,NA,NA,NA,NA,NA,NA,NA,NA,0.00,NA,NA,NA
2020-11-20 07:00:00,203.91,252.69,9.80,35.43,45.25,NA,NA,1.79,36.89,NA,NA,NA,NA,NA,NA,NA,NA,NA,NA,NA,0.00,NA,NA,NA
2020-11-20 08:00:00,200.00,310.82,11.86,44.23,56.08,NA,NA,2.01,52.43,NA,NA,NA,NA,NA,NA,NA,NA,NA,NA,NA,0.00,NA,NA,NA
2020-11-20 09:00:00,220.91,314.15,9.47,41.52,50.98,NA,NA,1.86,78.72,NA,NA,NA,NA,NA,NA,NA,NA,NA,NA,NA,0.00,NA,NA,NA
2020-11-20 10:00:00,147.93,192.70,7.65,28.78,36.43,NA,NA,1.52,100.31,NA,NA,NA,NA,NA,NA,NA,NA,NA,NA,NA,0.00,NA,NA,NA
2020-11-20 11:00:00,112.86,168.58,7.14,23.70,30.84,NA,NA,1.44,112.73,NA,NA,NA,NA,NA,NA,NA,NA,NA,NA,NA,0.00,NA,NA,NA
2020-11-20 12:00:00,104.37,181.79,6.92,19.70,26.62,NA,NA,1.37,116.10,NA,NA,NA,NA,NA,NA,NA,NA,NA,NA,NA,0.00,NA,NA,NA
2020-11-20 13:00:00,92.60,186.47,6.53,17.60,24.12,NA,NA,1.33,125.32,NA,NA,NA,NA,NA,NA,NA,NA,NA,NA,NA,0.00,NA,NA,NA
2020-11-20 14:00:00,82.60,138.65,6.36,13.94,20.30,NA,NA,1.21,120.57,NA,NA,NA,NA,NA,NA,NA,NA,NA,NA,NA,0.00,NA,NA,NA
2020-11-20 15:00:00,68.14,122.93,6.20,12.10,18.29,NA,NA,1.19,114.66,NA,NA,NA,NA,NA,NA,NA,NA,NA,NA,NA,0.00,NA,NA,NA
2020-11-20 16:00:00,84.00,135.19,6.09,14.05,20.14,NA,NA,1.27,118.30,NA,NA,NA,NA,NA,NA,NA,NA,NA,NA,NA,0.00,NA,NA,NA
2020-11-20 17:00:00,89.65,128.93,5.83,17.70,23.52,NA,NA,1.25,97.39,NA,NA,NA,NA,NA,NA,NA,NA,NA,NA,NA,0.00,NA,NA,NA
2020-11-20 18:00:00,78.26,146.75,5.86,25.40,31.25,NA,NA,1.40,73.57,NA,NA,NA,NA,NA,NA,NA,NA,NA,NA,NA,0.00,NA,NA,NA
2020-11-20 19:00:00,96.77,168.76,5.90,33.29,39.19,NA,NA,1.61,58.51,NA,NA,NA,NA,NA,NA,NA,NA,NA,NA,NA,0.00,NA,NA,NA
2020-11-20 20:00:00,114.26,194.12,5.92,37.53,43.46,NA,NA,1.75,49.70,NA,NA,NA,NA,NA,NA,NA,NA,NA,NA,NA,0.00,NA,NA,NA
2020-11-20 21:00:00,114.39,187.74,6.10,50.37,56.50,NA,NA,1.83,35.50,NA,NA,NA,NA,NA,NA,NA,NA,NA,NA,NA,0.00,NA,NA,NA
2020-11-20 22:00:00,141.07,202.98,6.05,32.89,38.87,NA,NA,1.68,55.46,NA,NA,NA,NA,NA,NA,NA,NA,NA,NA,NA,0.00,NA,NA,NA
2020-11-20 23:00:00,167.44,214.45,6.39,30.12,36.52,NA,NA,1.68,54.13,NA,NA,NA,NA,NA,NA,NA,NA,NA,NA,NA,0.00,NA,NA,NA
2020-11-21 00:00:00,166.16,252.22,6.12,33.09,39.21,NA,NA,1.65,50.19,NA,NA,NA,NA,NA,NA,NA,NA,NA,NA,NA,0.00,NA,NA,NA
2020-11-21 01:00:00,156.79,235.46,5.99,28.25,34.23,NA,NA,1.55,57.26,NA,NA,NA,NA,NA,NA,NA,NA,NA,NA,NA,0.00,NA,NA,NA
2020-11-21 02:00:00,148.54,215.17,5.92,25.44,31.36,NA,NA,1.57,52.13,NA,NA,NA,NA,NA,NA,NA,NA,NA,NA,NA,0.00,NA,NA,NA
2020-11-21 03:00:00,162.63,191.05,6.03,23.97,29.99,NA,NA,1.50,56.27,NA,NA,NA,NA,NA,NA,NA,NA,NA,NA,NA,0.00,NA,NA,NA
2020-11-21 04:00:00,137.75,151.82,5.90,21.58,27.49,NA,NA,1.35,54.28,NA,NA,NA,NA,NA,NA,NA,NA,NA,NA,NA,0.00,NA,NA,NA
2020-11-21 05:00:00,137.98,159.62,6.37,30.45,36.86,NA,NA,1.47,37.25,NA,NA,NA,NA,NA,NA,NA,NA,NA,NA,NA,0.00,NA,NA,NA
2020-11-21 06:00:00,168.88,217.62,6.22,31.96,38.17,NA,NA,1.62,34.15,NA,NA,NA,NA,NA,NA,NA,NA,NA,NA,NA,0.00,NA,NA,NA
2020-11-21 07:00:00,168.70,220.44,6.32,21.96,28.25,NA,NA,1.58,58.56,NA,NA,NA,NA,NA,NA,NA,NA,NA,NA,NA,0.00,NA,NA,NA
2020-11-21 08:00:00,155.36,208.53,7.43,26.33,33.78,NA,NA,1.55,74.93,NA,NA,NA,NA,NA,NA,NA,NA,NA,NA,NA,0.00,NA,NA,NA
2020-11-21 09:00:00,149.08,206.69,7.36,26.55,33.92,NA,NA,1.55,83.78,NA,NA,NA,NA,NA,NA,NA,NA,NA,NA,NA,0.00,NA,NA,NA
2020-11-21 10:00:00,164.41,213.16,7.46,25.72,33.16,NA,NA,1.52,90.05,NA,NA,NA,NA,NA,NA,NA,NA,NA,NA,NA,0.00,NA,NA,NA
2020-11-21 11:00:00,139.99,202.75,7.00,19.95,26.95,NA,NA,1.39,100.63,NA,NA,NA,NA,NA,NA,NA,NA,NA,NA,NA,0.00,NA,NA,NA
2020-11-21 12:00:00,105.03,160.49,6.65,15.89,22.52,NA,NA,1.27,109.42,NA,NA,NA,NA,NA,NA,NA,NA,NA,NA,NA,0.00,NA,NA,NA
2020-11-21 13:00:00,60.09,121.39,6.43,10.38,16.80,NA,NA,1.07,98.13,NA,NA,NA,NA,NA,NA,NA,NA,NA,NA,NA,0.00,NA,NA,NA
2020-11-21 14:00:00,48.13,138.60,6.30,10.61,16.91,NA,NA,1.00,96.93,NA,NA,NA,NA,NA,NA,NA,NA,NA,NA,NA,0.00,NA,NA,NA
2020-11-21 15:00:00,54.20,127.80,6.25,8.88,15.13,NA,NA,1.00,99.09,NA,NA,NA,NA,NA,NA,NA,NA,NA,NA,NA,0.00,NA,NA,NA
2020-11-21 16:00:00,46.36,81.77,6.12,10.08,16.20,NA,NA,1.03,101.48,NA,NA,NA,NA,NA,NA,NA,NA,NA,NA,NA,0.00,NA,NA,NA
2020-11-21 17:00:00,63.40,98.01,5.92,15.01,20.93,NA,NA,1.15,89.92,NA,NA,NA,NA,NA,NA,NA,NA,NA,NA,NA,0.00,NA,NA,NA
2020-11-21 18:00:00,75.35,137.66,5.91,22.22,28.14,NA,NA,1.36,69.05,NA,NA,NA,NA,NA,NA,NA,NA,NA,NA,NA,0.00,NA,NA,NA
2020-11-21 19:00:00,83.32,136.93,5.92,31.47,37.40,NA,NA,1.48,48.27,NA,NA,NA,NA,NA,NA,NA,NA,NA,NA,NA,0.00,NA,NA,NA
2020-11-21 20:00:00,98.44,167.88,6.42,46.80,53.22,NA,NA,1.71,35.66,NA,NA,NA,NA,NA,NA,NA,NA,NA,NA,NA,0.00,NA,NA,NA
2020-11-21 21:00:00,112.22,172.34,6.04,28.78,34.82,NA,NA,1.53,59.05,NA,NA,NA,NA,NA,NA,NA,NA,NA,NA,NA,0.00,NA,NA,NA
2020-11-21 22:00:00,108.03,171.18,6.00,24.95,30.96,NA,NA,1.52,59.96,NA,NA,NA,NA,NA,NA,NA,NA,NA,NA,NA,0.00,NA,NA,NA
2020-11-21 23:00:00,111.40,185.14,6.01,30.78,36.79,NA,NA,1.64,54.77,NA,NA,NA,NA,NA,NA,NA,NA,NA,NA,NA,0.00,NA,NA,NA
2020-11-22 00:00:00,128.27,203.70,5.94,30.72,36.66,NA,NA,1.59,50.68,NA,NA,NA,NA,NA,NA,NA,NA,NA,NA,NA,0.00,NA,NA,NA
2020-11-22 01:00:00,145.59,209.94,6.03,28.00,34.03,NA,NA,1.55,40.40,NA,NA,NA,NA,NA,NA,NA,NA,NA,NA,NA,0.00,NA,NA,NA
2020-11-22 02:00:00,139.62,188.48,6.06,25.02,31.08,NA,NA,1.57,31.94,NA,NA,NA,NA,NA,NA,NA,NA,NA,NA,NA,0.00,NA,NA,NA
2020-11-22 03:00:00,136.56,194.93,6.07,33.10,39.17,NA,NA,1.59,32.44,NA,NA,NA,NA,NA,NA,NA,NA,NA,NA,NA,0.00,NA,NA,NA
2020-11-22 04:00:00,144.88,211.64,8.83,40.17,48.99,NA,NA,1.61,26.77,NA,NA,NA,NA,NA,NA,NA,NA,NA,NA,NA,0.00,NA,NA,NA
2020-11-22 05:00:00,150.41,245.07,10.90,46.59,57.50,NA,NA,1.58,24.98,NA,NA,NA,NA,NA,NA,NA,NA,NA,NA,NA,0.00,NA,NA,NA
2020-11-22 06:00:00,158.57,232.57,6.32,30.49,36.80,NA,NA,1.47,26.63,NA,NA,NA,NA,NA,NA,NA,NA,NA,NA,NA,0.00,NA,NA,NA
2020-11-22 07:00:00,146.66,211.06,11.36,33.63,44.97,NA,NA,1.68,29.04,NA,NA,NA,NA,NA,NA,NA,NA,NA,NA,NA,0.00,NA,NA,NA
2020-11-22 08:00:00,158.19,225.55,13.87,39.03,52.91,NA,NA,1.76,42.97,NA,NA,NA,NA,NA,NA,NA,NA,NA,NA,NA,0.00,NA,NA,NA
2020-11-22 09:00:00,188.51,269.65,9.44,36.81,46.26,NA,NA,1.67,67.33,NA,NA,NA,NA,NA,NA,NA,NA,NA,NA,NA,0.00,NA,NA,NA
2020-11-22 10:00:00,159.14,247.51,7.55,27.98,35.52,NA,NA,1.48,95.57,NA,NA,NA,NA,NA,NA,NA,NA,NA,NA,NA,0.00,NA,NA,NA
2020-11-22 11:00:00,99.07,164.07,6.97,20.10,27.07,NA,NA,1.29,103.68,NA,NA,NA,NA,NA,NA,NA,NA,NA,NA,NA,0.00,NA,NA,NA
2020-11-22 12:00:00,71.22,128.64,6.77,17.58,24.35,NA,NA,1.20,106.04,NA,NA,NA,NA,NA,NA,NA,NA,NA,NA,NA,0.00,NA,NA,NA
2020-11-22 13:00:00,70.01,114.43,6.49,13.51,20.00,NA,NA,1.13,109.54,NA,NA,NA,NA,NA,NA,NA,NA,NA,NA,NA,0.00,NA,NA,NA
2020-11-22 14:00:00,71.70,127.66,6.30,13.16,19.46,NA,NA,1.16,119.81,NA,NA,NA,NA,NA,NA,NA,NA,NA,NA,NA,0.00,NA,NA,NA
2020-11-22 15:00:00,79.76,116.72,6.25,11.91,18.16,NA,NA,1.12,112.54,NA,NA,NA,NA,NA,NA,NA,NA,NA,NA,NA,0.00,NA,NA,NA
2020-11-22 16:00:00,73.06,140.64,6.06,12.96,19.02,NA,NA,1.15,102.01,NA,NA,NA,NA,NA,NA,NA,NA,NA,NA,NA,0.00,NA,NA,NA
2020-11-22 17:00:00,70.78,119.16,6.00,15.27,21.27,NA,NA,1.25,71.79,NA,NA,NA,NA,NA,NA,NA,NA,NA,NA,NA,0.00,NA,NA,NA
2020-11-22 18:00:00,85.03,149.16,5.93,23.36,29.29,NA,NA,1.45,54.29,NA,NA,NA,NA,NA,NA,NA,NA,NA,NA,NA,0.00,NA,NA,NA
2020-11-22 19:00:00,86.10,152.97,6.07,39.45,45.52,NA,NA,1.58,34.82,NA,NA,NA,NA,NA,NA,NA,NA,NA,NA,NA,0.00,NA,NA,NA
2020-11-22 20:00:00,103.55,167.03,6.10,31.47,37.57,NA,NA,1.60,33.27,NA,NA,NA,NA,NA,NA,NA,NA,NA,NA,NA,0.00,NA,NA,NA
2020-11-22 21:00:00,96.59,169.39,6.14,28.04,34.18,NA,NA,1.72,32.01,NA,NA,NA,NA,NA,NA,NA,NA,NA,NA,NA,0.00,NA,NA,NA
2020-11-22 22:00:00,121.84,172.81,6.15,32.22,38.37,NA,NA,1.92,27.38,NA,NA,NA,NA,NA,NA,NA,NA,NA,NA,NA,0.00,NA,NA,NA
2020-11-22 23:00:00,134.08,206.38,6.38,32.61,38.99,NA,NA,2.07,27.89,NA,NA,NA,NA,NA,NA,NA,NA,NA,NA,NA,0.00,NA,NA,NA
2020-11-23 00:00:00,132.91,217.32,6.48,32.79,39.27,NA,NA,2.03,25.92,NA,NA,NA,NA,NA,NA,NA,NA,NA,NA,NA,0.00,NA,NA,NA
2020-11-23 01:00:00,131.43,214.54,6.71,35.55,42.26,NA,NA,1.93,22.58,NA,NA,NA,NA,NA,NA,NA,NA,NA,NA,NA,0.00,NA,NA,NA
2020-11-23 02:00:00,130.17,188.10,8.50,32.98,41.48,NA,NA,1.97,19.19,NA,NA,NA,NA,NA,NA,NA,NA,NA,NA,NA,0.00,NA,NA,NA
2020-11-23 03:00:00,133.73,201.02,14.75,32.50,47.24,NA,NA,2.17,23.80,NA,NA,NA,NA,NA,NA,NA,NA,NA,NA,NA,0.00,NA,NA,NA
2020-11-23 04:00:00,141.53,202.98,21.20,31.96,53.14,NA,NA,2.23,23.69,NA,NA,NA,NA,NA,NA,NA,NA,NA,NA,NA,0.00,NA,NA,NA
2020-11-23 05:00:00,146.70,216.34,30.31,32.71,63.01,NA,NA,2.44,24.24,NA,NA,NA,NA,NA,NA,NA,NA,NA,NA,NA,0.00,NA,NA,NA
2020-11-23 06:00:00,161.99,237.41,31.49,32.90,64.41,NA,NA,2.26,24.31,NA,NA,NA,NA,NA,NA,NA,NA,NA,NA,NA,0.00,NA,NA,NA
2020-11-23 07:00:00,149.93,209.82,31.45,28.44,59.88,NA,NA,2.25,24.99,NA,NA,NA,NA,NA,NA,NA,NA,NA,NA,NA,0.00,NA,NA,NA
2020-11-23 08:00:00,142.03,207.02,41.16,54.02,95.16,NA,NA,2.42,30.14,NA,NA,NA,NA,NA,NA,NA,NA,NA,NA,NA,0.00,NA,NA,NA
2020-11-23 09:00:00,184.51,259.39,15.48,53.46,68.98,NA,NA,1.79,61.71,NA,NA,NA,NA,NA,NA,NA,NA,NA,NA,NA,0.00,NA,NA,NA
2020-11-23 10:00:00,140.16,204.24,7.47,25.70,33.17,NA,NA,1.36,98.57,NA,NA,NA,NA,NA,NA,NA,NA,NA,NA,NA,0.00,NA,NA,NA
2020-11-23 11:00:00,91.41,141.49,6.81,19.13,25.93,NA,NA,1.30,108.54,NA,NA,NA,NA,NA,NA,NA,NA,NA,NA,NA,0.00,NA,NA,NA
2020-11-23 12:00:00,95.48,156.14,6.45,14.58,21.03,NA,NA,1.25,123.89,NA,NA,NA,NA,NA,NA,NA,NA,NA,NA,NA,0.00,NA,NA,NA
2020-11-23 13:00:00,89.18,131.38,6.31,13.40,19.70,NA,NA,1.24,127.86,NA,NA,NA,NA,NA,NA,NA,NA,NA,NA,NA,0.00,NA,NA,NA
2020-11-23 14:00:00,108.23,128.52,6.25,13.92,20.17,NA,NA,1.27,134.37,NA,NA,NA,NA,NA,NA,NA,NA,NA,NA,NA,0.00,NA,NA,NA
2020-11-23 15:00:00,100.53,130.43,6.17,10.87,17.04,NA,NA,1.23,129.02,NA,NA,NA,NA,NA,NA,NA,NA,NA,NA,NA,0.00,NA,NA,NA
2020-11-23 16:00:00,87.88,121.60,6.02,12.10,18.12,NA,NA,1.24,126.48,NA,NA,NA,NA,NA,NA,NA,NA,NA,NA,NA,0.00,NA,NA,NA
2020-11-23 17:00:00,79.01,129.15,5.97,14.42,20.39,NA,NA,1.28,87.63,NA,NA,NA,NA,NA,NA,NA,NA,NA,NA,NA,0.00,NA,NA,NA
2020-11-23 18:00:00,70.84,120.09,5.90,14.85,20.75,NA,NA,1.29,59.10,NA,NA,NA,NA,NA,NA,NA,NA,NA,NA,NA,0.00,NA,NA,NA
2020-11-23 19:00:00,62.19,104.76,5.96,17.13,23.09,NA,NA,1.34,47.48,NA,NA,NA,NA,NA,NA,NA,NA,NA,NA,NA,0.00,NA,NA,NA
2020-11-23 20:00:00,128.07,165.71,6.47,36.28,42.75,NA,NA,2.43,41.22,NA,NA,NA,NA,NA,NA,NA,NA,NA,NA,NA,0.00,NA,NA,NA
2020-11-23 21:00:00,209.07,267.07,6.49,37.39,43.88,NA,NA,2.78,33.29,NA,NA,NA,NA,NA,NA,NA,NA,NA,NA,NA,0.00,NA,NA,NA
2020-11-23 22:00:00,163.99,226.27,6.06,23.21,29.27,NA,NA,1.80,37.88,NA,NA,NA,NA,NA,NA,NA,NA,NA,NA,NA,0.00,NA,NA,NA
2020-11-23 23:00:00,121.36,171.36,6.07,16.25,22.33,NA,NA,1.66,40.72,NA,NA,NA,NA,NA,NA,NA,NA,NA,NA,NA,0.00,NA,NA,NA
2020-11-24 00:00:00,115.67,166.89,6.08,14.83,20.90,NA,NA,1.60,42.46,NA,NA,NA,NA,NA,NA,NA,NA,NA,NA,NA,0.00,NA,NA,NA
2020-11-24 01:00:00,143.09,191.50,6.49,37.43,43.92,NA,NA,2.20,33.79,NA,NA,NA,NA,NA,NA,NA,NA,NA,NA,NA,0.00,NA,NA,NA
2020-11-24 02:00:00,176.82,246.84,6.74,27.31,34.05,NA,NA,2.10,28.61,NA,NA,NA,NA,NA,NA,NA,NA,NA,NA,NA,0.00,NA,NA,NA
2020-11-24 03:00:00,174.46,240.44,7.07,28.93,36.00,NA,NA,2.18,26.76,NA,NA,NA,NA,NA,NA,NA,NA,NA,NA,NA,0.00,NA,NA,NA
2020-11-24 04:00:00,166.48,225.00,7.12,31.46,38.59,NA,NA,2.27,27.24,NA,NA,NA,NA,NA,NA,NA,NA,NA,NA,NA,0.00,NA,NA,NA
2020-11-24 05:00:00,200.99,270.23,11.28,30.85,42.13,NA,NA,2.20,25.35,NA,NA,NA,NA,NA,NA,NA,NA,NA,NA,NA,0.00,NA,NA,NA
2020-11-24 06:00:00,177.19,236.59,9.07,26.27,35.35,NA,NA,1.83,26.67,NA,NA,NA,NA,NA,NA,NA,NA,NA,NA,NA,0.00,NA,NA,NA
2020-11-24 07:00:00,143.95,189.35,11.49,28.96,40.44,NA,NA,2.00,24.26,NA,NA,NA,NA,NA,NA,NA,NA,NA,NA,NA,0.00,NA,NA,NA
2020-11-24 08:00:00,149.71,202.74,13.26,38.73,51.99,NA,NA,1.85,36.99,NA,NA,NA,NA,NA,NA,NA,NA,NA,NA,NA,0.00,NA,NA,NA
2020-11-24 09:00:00,165.75,241.33,10.76,45.21,55.98,NA,NA,1.86,74.53,NA,NA,NA,NA,NA,NA,NA,NA,NA,NA,NA,0.00,NA,NA,NA
2020-11-24 10:00:00,156.21,221.83,6.57,18.25,24.82,NA,NA,1.46,117.93,NA,NA,NA,NA,NA,NA,NA,NA,NA,NA,NA,0.00,NA,NA,NA
2020-11-24 11:00:00,102.81,157.33,6.49,16.26,22.75,NA,NA,1.44,140.48,NA,NA,NA,NA,NA,NA,NA,NA,NA,NA,NA,0.00,NA,NA,NA
2020-11-24 12:00:00,117.86,184.26,6.22,15.24,21.46,NA,NA,1.45,146.38,NA,NA,NA,NA,NA,NA,NA,NA,NA,NA,NA,0.00,NA,NA,NA
2020-11-24 13:00:00,102.19,157.49,6.33,16.08,22.41,NA,NA,1.49,155.42,NA,NA,NA,NA,NA,NA,NA,NA,NA,NA,NA,0.00,NA,NA,NA
2020-11-24 14:00:00,111.37,155.20,6.24,15.18,21.42,NA,NA,1.37,154.89,NA,NA,NA,NA,NA,NA,NA,NA,NA,NA,NA,0.00,NA,NA,NA
2020-11-24 15:00:00,126.18,176.19,6.10,14.57,20.67,NA,NA,1.10,161.62,NA,NA,NA,NA,NA,NA,NA,NA,NA,NA,NA,0.00,NA,NA,NA
2020-11-24 16:00:00,111.83,173.33,5.99,15.71,21.69,NA,NA,1.07,143.82,NA,NA,NA,NA,NA,NA,NA,NA,NA,NA,NA,0.00,NA,NA,NA
2020-11-24 17:00:00,105.64,164.67,6.00,23.30,29.30,NA,NA,1.12,129.69,NA,NA,NA,NA,NA,NA,NA,NA,NA,NA,NA,0.00,NA,NA,NA
2020-11-24 18:00:00,123.55,208.24,5.99,29.87,35.87,NA,NA,1.27,107.45,NA,NA,NA,NA,NA,NA,NA,NA,NA,NA,NA,0.00,NA,NA,NA
2020-11-24 19:00:00,137.25,246.37,6.14,23.98,30.12,NA,NA,1.43,61.74,NA,NA,NA,NA,NA,NA,NA,NA,NA,NA,NA,0.00,NA,NA,NA
2020-11-24 20:00:00,186.41,278.32,6.35,33.30,39.64,NA,NA,1.97,51.68,NA,NA,NA,NA,NA,NA,NA,NA,NA,NA,NA,0.00,NA,NA,NA
2020-11-24 21:00:00,213.34,334.40,6.25,41.58,47.82,NA,NA,2.22,47.08,NA,NA,NA,NA,NA,NA,NA,NA,NA,NA,NA,0.00,NA,NA,NA
2020-11-24 22:00:00,214.95,312.41,6.69,29.55,36.24,NA,NA,2.09,36.03,NA,NA,NA,NA,NA,NA,NA,NA,NA,NA,NA,0.00,NA,NA,NA
2020-11-24 23:00:00,156.67,295.59,6.37,26.64,33.00,NA,NA,2.43,36.53,NA,NA,NA,NA,NA,NA,NA,NA,NA,NA,NA,0.00,NA,NA,NA
2020-11-25 00:00:00,169.32,345.39,6.39,30.97,37.36,NA,NA,2.23,29.86,NA,NA,NA,NA,NA,NA,NA,NA,NA,NA,NA,0.00,NA,NA,NA
2020-11-25 01:00:00,139.02,279.31,6.61,37.66,44.26,NA,NA,2.27,28.49,NA,NA,NA,NA,NA,NA,NA,NA,NA,NA,NA,0.00,NA,NA,NA
2020-11-25 02:00:00,176.98,281.92,6.35,33.98,40.33,NA,NA,2.22,33.37,NA,NA,NA,NA,NA,NA,NA,NA,NA,NA,NA,0.00,NA,NA,NA
2020-11-25 03:00:00,175.83,240.71,6.27,30.53,36.80,NA,NA,1.94,40.15,NA,NA,NA,NA,NA,NA,NA,NA,NA,NA,NA,0.00,NA,NA,NA
2020-11-25 04:00:00,192.84,238.18,6.22,24.13,30.35,NA,NA,2.10,31.91,NA,NA,NA,NA,NA,NA,NA,NA,NA,NA,NA,0.00,NA,NA,NA
2020-11-25 05:00:00,207.26,253.44,6.15,24.13,30.28,NA,NA,1.94,33.52,NA,NA,NA,NA,NA,NA,NA,NA,NA,NA,NA,0.00,NA,NA,NA
2020-11-25 06:00:00,189.17,237.19,6.18,26.16,32.35,NA,NA,1.82,48.61,NA,NA,NA,NA,NA,NA,NA,NA,NA,NA,NA,0.00,NA,NA,NA
2020-11-25 07:00:00,172.49,226.71,6.80,31.76,38.56,NA,NA,1.89,39.50,NA,NA,NA,NA,NA,NA,NA,NA,NA,NA,NA,0.00,NA,NA,NA
2020-11-25 08:00:00,170.38,260.45,7.72,36.86,44.58,NA,NA,2.04,52.83,NA,NA,NA,NA,NA,NA,NA,NA,NA,NA,NA,0.00,NA,NA,NA
2020-11-25 09:00:00,216.50,339.79,8.82,45.11,53.93,NA,NA,2.11,74.17,NA,NA,NA,NA,NA,NA,NA,NA,NA,NA,NA,0.00,NA,NA,NA
2020-11-25 10:00:00,180.02,251.01,6.83,23.85,30.68,NA,NA,1.49,121.94,NA,NA,NA,NA,NA,NA,NA,NA,NA,NA,NA,0.00,NA,NA,NA
2020-11-25 11:00:00,161.45,239.11,6.77,25.68,32.45,NA,NA,1.60,132.08,NA,NA,NA,NA,NA,NA,NA,NA,NA,NA,NA,0.00,NA,NA,NA
2020-11-25 12:00:00,158.93,248.52,6.50,17.96,24.46,NA,NA,1.46,142.60,NA,NA,NA,NA,NA,NA,NA,NA,NA,NA,NA,0.00,NA,NA,NA
2020-11-25 13:00:00,179.99,242.09,6.31,18.75,25.06,NA,NA,1.49,146.73,NA,NA,NA,NA,NA,NA,NA,NA,NA,NA,NA,0.00,NA,NA,NA
2020-11-25 14:00:00,155.33,236.68,6.23,18.87,25.10,NA,NA,1.47,140.82,NA,NA,NA,NA,NA,NA,NA,NA,NA,NA,NA,0.00,NA,NA,NA
2020-11-25 15:00:00,122.74,163.79,6.10,16.60,22.71,NA,NA,1.45,131.73,NA,NA,NA,NA,NA,NA,NA,NA,NA,NA,NA,0.00,NA,NA,NA
2020-11-25 16:00:00,136.19,166.25,6.14,21.19,27.33,NA,NA,1.58,120.48,NA,NA,NA,NA,NA,NA,NA,NA,NA,NA,NA,0.00,NA,NA,NA
2020-11-25 17:00:00,156.24,189.54,6.06,32.17,38.28,NA,NA,1.93,89.99,NA,NA,NA,NA,NA,NA,NA,NA,NA,NA,NA,0.00,NA,NA,NA
2020-11-25 18:00:00,205.94,273.72,10.02,84.64,94.86,NA,NA,3.23,44.74,NA,NA,NA,NA,NA,NA,NA,NA,NA,NA,NA,0.00,NA,NA,NA
2020-11-25 19:00:00,273.42,476.20,8.32,89.25,97.46,NA,NA,3.77,47.24,NA,NA,NA,NA,NA,NA,NA,NA,NA,NA,NA,0.00,NA,NA,NA
2020-11-25 20:00:00,300.08,462.02,6.81,73.28,80.11,NA,NA,3.58,47.50,NA,NA,NA,NA,NA,NA,NA,NA,NA,NA,NA,0.00,NA,NA,NA
2020-11-25 21:00:00,327.25,462.73,6.86,65.22,71.97,NA,NA,3.46,44.12,NA,NA,NA,NA,NA,NA,NA,NA,NA,NA,NA,0.00,NA,NA,NA
2020-11-25 22:00:00,255.55,373.91,6.28,36.22,42.47,NA,NA,2.72,49.99,NA,NA,NA,NA,NA,NA,NA,NA,NA,NA,NA,0.00,NA,NA,NA
2020-11-25 23:00:00,223.31,311.26,6.24,37.07,43.31,NA,NA,2.32,52.90,NA,NA,NA,NA,NA,NA,NA,NA,NA,NA,NA,0.00,NA,NA,NA
2020-11-26 00:00:00,207.58,280.82,6.21,33.74,39.94,NA,NA,2.24,45.94,NA,NA,NA,NA,NA,NA,NA,NA,NA,NA,NA,0.00,NA,NA,NA
2020-11-26 01:00:00,203.65,285.16,6.26,31.84,38.11,NA,NA,2.28,37.32,NA,NA,NA,NA,NA,NA,NA,NA,NA,NA,NA,0.00,NA,NA,NA
2020-11-26 02:00:00,189.64,266.59,6.49,36.10,42.60,NA,NA,2.27,33.71,NA,NA,NA,NA,NA,NA,NA,NA,NA,NA,NA,0.00,NA,NA,NA
2020-11-26 03:00:00,164.75,232.26,11.24,38.18,49.47,NA,NA,2.41,26.20,NA,NA,NA,NA,NA,NA,NA,NA,NA,NA,NA,0.00,NA,NA,NA
2020-11-26 04:00:00,195.38,263.73,30.61,45.77,76.39,NA,NA,2.66,26.97,NA,NA,NA,NA,NA,NA,NA,NA,NA,NA,NA,0.00,NA,NA,NA
2020-11-26 05:00:00,208.63,294.68,25.95,42.58,68.52,NA,NA,2.71,27.67,NA,NA,NA,NA,NA,NA,NA,NA,NA,NA,NA,0.00,NA,NA,NA
2020-11-26 06:00:00,204.77,272.92,30.41,43.24,73.65,NA,NA,2.81,28.67,NA,NA,NA,NA,NA,NA,NA,NA,NA,NA,NA,0.00,NA,NA,NA
2020-11-26 07:00:00,191.29,253.80,34.09,37.23,71.35,NA,NA,2.90,29.85,NA,NA,NA,NA,NA,NA,NA,NA,NA,NA,NA,0.00,NA,NA,NA
2020-11-26 08:00:00,175.29,270.04,25.91,48.40,74.28,NA,NA,2.57,29.48,NA,NA,NA,NA,NA,NA,NA,NA,NA,NA,NA,0.00,NA,NA,NA
2020-11-26 09:00:00,125.27,180.83,15.78,42.11,57.85,NA,NA,1.94,35.02,NA,NA,NA,NA,NA,NA,NA,NA,NA,NA,NA,0.00,NA,NA,NA
2020-11-26 10:00:00,79.24,110.07,11.44,33.92,45.36,NA,NA,1.63,49.93,NA,NA,NA,NA,NA,NA,NA,NA,NA,NA,NA,0.00,NA,NA,NA
2020-11-26 11:00:00,61.91,96.68,8.52,24.55,33.07,NA,NA,1.50,71.45,NA,NA,NA,NA,NA,NA,NA,NA,NA,NA,NA,0.00,NA,NA,NA
2020-11-26 12:00:00,53.06,86.33,7.64,19.42,27.06,NA,NA,1.40,83.99,NA,NA,NA,NA,NA,NA,NA,NA,NA,NA,NA,0.00,NA,NA,NA
2020-11-26 13:00:00,61.35,92.32,6.77,18.28,25.04,NA,NA,1.37,95.75,NA,NA,NA,NA,NA,NA,NA,NA,NA,NA,NA,0.00,NA,NA,NA
2020-11-26 14:00:00,42.61,72.38,6.63,16.99,23.61,NA,NA,1.34,99.74,NA,NA,NA,NA,NA,NA,NA,NA,NA,NA,NA,0.00,NA,NA,NA
2020-11-26 15:00:00,45.62,81.86,6.54,17.01,23.54,NA,NA,1.31,99.33,NA,NA,NA,NA,NA,NA,NA,NA,NA,NA,NA,0.00,NA,NA,NA
2020-11-26 16:00:00,34.52,79.82,6.35,16.02,22.37,NA,NA,1.25,90.18,NA,NA,NA,NA,NA,NA,NA,NA,NA,NA,NA,0.00,NA,NA,NA
2020-11-26 17:00:00,39.34,83.18,6.06,17.78,23.84,NA,NA,1.28,69.29,NA,NA,NA,NA,NA,NA,NA,NA,NA,NA,NA,0.00,NA,NA,NA
2020-11-26 18:00:00,44.30,107.03,6.13,27.34,33.47,NA,NA,1.56,49.83,NA,NA,NA,NA,NA,NA,NA,NA,NA,NA,NA,0.00,NA,NA,NA
2020-11-26 19:00:00,68.27,157.97,6.39,41.68,48.07,NA,NA,1.95,34.29,NA,NA,NA,NA,NA,NA,NA,NA,NA,NA,NA,0.00,NA,NA,NA
2020-11-26 20:00:00,63.49,140.51,6.43,38.35,44.78,NA,NA,1.89,34.23,NA,NA,NA,NA,NA,NA,NA,NA,NA,NA,NA,0.00,NA,NA,NA
2020-11-26 21:00:00,63.06,112.53,6.23,34.44,40.67,NA,NA,1.77,28.07,NA,NA,NA,NA,NA,NA,NA,NA,NA,NA,NA,0.00,NA,NA,NA
2020-11-26 22:00:00,69.01,105.05,6.35,34.34,40.69,NA,NA,1.70,26.96,NA,NA,NA,NA,NA,NA,NA,NA,NA,NA,NA,0.00,NA,NA,NA
2020-11-26 23:00:00,59.23,92.32,6.20,30.10,36.30,NA,NA,1.55,29.10,NA,NA,NA,NA,NA,NA,NA,NA,NA,NA,NA,0.00,NA,NA,NA
2020-11-27 00:00:00,58.12,84.00,6.35,25.18,31.53,NA,NA,1.46,30.72,NA,NA,NA,NA,NA,NA,NA,NA,NA,NA,NA,0.00,NA,NA,NA
2020-11-27 01:00:00,59.35,103.94,6.19,26.49,32.68,NA,NA,1.47,27.53,NA,NA,NA,NA,NA,NA,NA,NA,NA,NA,NA,0.00,NA,NA,NA
2020-11-27 02:00:00,57.79,98.96,6.28,26.38,32.66,NA,NA,1.50,22.57,NA,NA,NA,NA,NA,NA,NA,NA,NA,NA,NA,0.00,NA,NA,NA
2020-11-27 03:00:00,52.24,92.07,6.17,24.59,30.77,NA,NA,1.48,28.27,NA,NA,NA,NA,NA,NA,NA,NA,NA,NA,NA,0.00,NA,NA,NA
2020-11-27 04:00:00,57.33,89.32,6.19,23.59,29.78,NA,NA,1.46,26.11,NA,NA,NA,NA,NA,NA,NA,NA,NA,NA,NA,0.00,NA,NA,NA
2020-11-27 05:00:00,61.96,84.01,6.10,22.78,28.88,NA,NA,1.45,27.74,NA,NA,NA,NA,NA,NA,NA,NA,NA,NA,NA,0.00,NA,NA,NA
2020-11-27 06:00:00,70.10,82.56,6.13,20.05,26.19,NA,NA,1.44,29.78,NA,NA,NA,NA,NA,NA,NA,NA,NA,NA,NA,0.00,NA,NA,NA
2020-11-27 07:00:00,73.34,83.36,7.02,19.66,26.67,NA,NA,1.47,31.29,NA,NA,NA,NA,NA,NA,NA,NA,NA,NA,NA,0.00,NA,NA,NA
2020-11-27 08:00:00,53.41,75.12,14.39,30.24,44.63,NA,NA,1.48,33.03,NA,NA,NA,NA,NA,NA,NA,NA,NA,NA,NA,0.00,NA,NA,NA
2020-11-27 09:00:00,66.63,100.63,10.41,27.19,37.60,NA,NA,1.52,45.75,NA,NA,NA,NA,NA,NA,NA,NA,NA,NA,NA,0.00,NA,NA,NA
2020-11-27 10:00:00,66.17,110.64,9.63,26.02,35.65,NA,NA,1.54,56.61,NA,NA,NA,NA,NA,NA,NA,NA,NA,NA,NA,0.00,NA,NA,NA
2020-11-27 11:00:00,72.05,136.63,8.69,24.34,33.03,NA,NA,1.49,69.87,NA,NA,NA,NA,NA,NA,NA,NA,NA,NA,NA,0.00,NA,NA,NA
2020-11-27 12:00:00,56.12,121.37,7.66,19.15,26.81,NA,NA,1.40,83.37,NA,NA,NA,NA,NA,NA,NA,NA,NA,NA,NA,0.00,NA,NA,NA
2020-11-27 13:00:00,46.96,99.57,6.99,15.15,22.14,NA,NA,1.37,96.83,NA,NA,NA,NA,NA,NA,NA,NA,NA,NA,NA,0.00,NA,NA,NA
2020-11-27 14:00:00,46.46,90.46,6.64,12.29,18.93,NA,NA,1.31,98.51,NA,NA,NA,NA,NA,NA,NA,NA,NA,NA,NA,0.00,NA,NA,NA
2020-11-27 15:00:00,40.27,84.47,6.46,12.10,18.55,NA,NA,1.31,100.14,NA,NA,NA,NA,NA,NA,NA,NA,NA,NA,NA,0.00,NA,NA,NA
2020-11-27 16:00:00,37.45,86.81,6.33,11.86,18.19,NA,NA,1.32,96.58,NA,NA,NA,NA,NA,NA,NA,NA,NA,NA,NA,0.00,NA,NA,NA
2020-11-27 17:00:00,53.82,100.68,6.05,15.32,21.37,NA,NA,1.44,80.05,NA,NA,NA,NA,NA,NA,NA,NA,NA,NA,NA,0.00,NA,NA,NA
2020-11-27 18:00:00,63.07,105.70,6.11,19.57,25.69,NA,NA,1.55,65.17,NA,NA,NA,NA,NA,NA,NA,NA,NA,NA,NA,0.00,NA,NA,NA
2020-11-27 19:00:00,85.00,135.25,6.11,41.86,47.97,NA,NA,1.98,43.00,NA,NA,NA,NA,NA,NA,NA,NA,NA,NA,NA,0.00,NA,NA,NA
2020-11-27 20:00:00,101.67,187.42,6.19,47.82,54.01,NA,NA,2.05,32.68,NA,NA,NA,NA,NA,NA,NA,NA,NA,NA,NA,0.00,NA,NA,NA
2020-11-27 21:00:00,89.33,156.97,6.18,37.43,43.61,NA,NA,1.90,38.62,NA,NA,NA,NA,NA,NA,NA,NA,NA,NA,NA,0.00,NA,NA,NA
2020-11-27 22:00:00,84.26,142.80,6.14,29.92,36.06,NA,NA,1.84,42.54,NA,NA,NA,NA,NA,NA,NA,NA,NA,NA,NA,0.00,NA,NA,NA
2020-11-27 23:00:00,81.85,129.43,10.16,40.11,50.25,NA,NA,2.00,36.06,NA,NA,NA,NA,NA,NA,NA,NA,NA,NA,NA,0.00,NA,NA,NA
2020-11-28 00:00:00,113.88,174.55,16.40,56.86,73.28,NA,NA,2.13,22.99,NA,NA,NA,NA,NA,NA,NA,NA,NA,NA,NA,0.00,NA,NA,NA
2020-11-28 01:00:00,112.45,175.12,10.15,48.72,58.86,NA,NA,1.97,21.83,NA,NA,NA,NA,NA,NA,NA,NA,NA,NA,NA,0.00,NA,NA,NA
2020-11-28 02:00:00,119.83,184.23,12.67,46.12,58.79,NA,NA,1.90,23.70,NA,NA,NA,NA,NA,NA,NA,NA,NA,NA,NA,0.00,NA,NA,NA
2020-11-28 03:00:00,120.10,177.36,6.69,35.28,41.97,NA,NA,1.78,30.85,NA,NA,NA,NA,NA,NA,NA,NA,NA,NA,NA,0.00,NA,NA,NA
2020-11-28 04:00:00,100.27,144.99,6.17,22.97,29.14,NA,NA,1.68,43.14,NA,NA,NA,NA,NA,NA,NA,NA,NA,NA,NA,0.00,NA,NA,NA
2020-11-28 05:00:00,97.66,133.85,6.14,22.59,28.73,NA,NA,1.69,42.56,NA,NA,NA,NA,NA,NA,NA,NA,NA,NA,NA,0.00,NA,NA,NA
2020-11-28 06:00:00,113.18,139.13,6.20,23.73,29.93,NA,NA,1.74,36.32,NA,NA,NA,NA,NA,NA,NA,NA,NA,NA,NA,0.00,NA,NA,NA
2020-11-28 07:00:00,100.50,161.81,7.07,22.89,29.95,NA,NA,1.82,34.91,NA,NA,NA,NA,NA,NA,NA,NA,NA,NA,NA,0.00,NA,NA,NA
2020-11-28 08:00:00,98.89,159.47,8.41,27.15,35.56,NA,NA,1.83,49.07,NA,NA,NA,NA,NA,NA,NA,NA,NA,NA,NA,0.00,NA,NA,NA
2020-11-28 09:00:00,103.47,163.20,8.39,27.79,36.18,NA,NA,1.81,63.34,NA,NA,NA,NA,NA,NA,NA,NA,NA,NA,NA,0.00,NA,NA,NA
2020-11-28 10:00:00,79.03,131.20,7.42,20.79,28.21,NA,NA,1.66,79.07,NA,NA,NA,NA,NA,NA,NA,NA,NA,NA,NA,0.00,NA,NA,NA
2020-11-28 11:00:00,70.38,136.45,7.11,16.97,24.07,NA,NA,1.88,91.82,NA,NA,NA,NA,NA,NA,NA,NA,NA,NA,NA,0.00,NA,NA,NA
2020-11-28 12:00:00,60.86,135.12,6.87,17.29,24.16,NA,NA,2.01,100.15,NA,NA,NA,NA,NA,NA,NA,NA,NA,NA,NA,0.00,NA,NA,NA
2020-11-28 13:00:00,62.49,114.12,6.55,12.91,19.46,NA,NA,1.86,103.76,NA,NA,NA,NA,NA,NA,NA,NA,NA,NA,NA,0.00,NA,NA,NA
2020-11-28 14:00:00,55.49,91.17,6.37,11.68,18.05,NA,NA,1.81,105.17,NA,NA,NA,NA,NA,NA,NA,NA,NA,NA,NA,0.00,NA,NA,NA
2020-11-28 15:00:00,54.31,83.69,6.16,10.94,17.10,NA,NA,1.74,101.85,NA,NA,NA,NA,NA,NA,NA,NA,NA,NA,NA,0.00,NA,NA,NA
2020-11-28 16:00:00,48.72,88.79,6.06,12.13,18.19,NA,NA,1.76,102.82,NA,NA,NA,NA,NA,NA,NA,NA,NA,NA,NA,0.00,NA,NA,NA
2020-11-28 17:00:00,66.48,105.34,5.94,17.80,23.74,NA,NA,2.01,86.77,NA,NA,NA,NA,NA,NA,NA,NA,NA,NA,NA,0.00,NA,NA,NA
2020-11-28 18:00:00,94.21,145.01,5.90,23.59,29.49,NA,NA,2.27,64.73,NA,NA,NA,NA,NA,NA,NA,NA,NA,NA,NA,0.00,NA,NA,NA
2020-11-28 19:00:00,88.77,159.08,5.99,33.60,39.59,NA,NA,2.44,49.58,NA,NA,NA,NA,NA,NA,NA,NA,NA,NA,NA,0.00,NA,NA,NA
2020-11-28 20:00:00,103.11,166.99,6.06,37.36,43.42,NA,NA,2.56,40.20,NA,NA,NA,NA,NA,NA,NA,NA,NA,NA,NA,0.00,NA,NA,NA
2020-11-28 21:00:00,112.47,175.59,6.11,36.26,42.37,NA,NA,2.54,36.63,NA,NA,NA,NA,NA,NA,NA,NA,NA,NA,NA,0.00,NA,NA,NA
2020-11-28 22:00:00,104.68,152.52,6.05,32.41,38.46,NA,NA,2.40,35.86,NA,NA,NA,NA,NA,NA,NA,NA,NA,NA,NA,0.00,NA,NA,NA
2020-11-28 23:00:00,114.83,191.26,10.76,60.19,70.93,NA,NA,2.92,25.76,NA,NA,NA,NA,NA,NA,NA,NA,NA,NA,NA,0.00,NA,NA,NA
2020-11-29 00:00:00,123.19,259.18,10.09,55.15,65.25,NA,NA,2.68,23.43,NA,NA,NA,NA,NA,NA,NA,NA,NA,NA,NA,0.00,NA,NA,NA
2020-11-29 01:00:00,128.67,212.72,7.94,44.61,52.55,NA,NA,2.53,23.12,NA,NA,NA,NA,NA,NA,NA,NA,NA,NA,NA,0.00,NA,NA,NA
2020-11-29 02:00:00,113.28,164.98,8.10,44.69,52.80,NA,NA,2.42,22.78,NA,NA,NA,NA,NA,NA,NA,NA,NA,NA,NA,0.00,NA,NA,NA
2020-11-29 03:00:00,99.45,151.36,6.82,48.35,55.17,NA,NA,2.31,23.46,NA,NA,NA,NA,NA,NA,NA,NA,NA,NA,NA,0.00,NA,NA,NA
2020-11-29 04:00:00,106.57,168.93,6.78,45.89,52.67,NA,NA,2.08,22.06,NA,NA,NA,NA,NA,NA,NA,NA,NA,NA,NA,0.00,NA,NA,NA
2020-11-29 05:00:00,102.80,146.14,6.14,37.71,43.85,NA,NA,1.98,28.38,NA,NA,NA,NA,NA,NA,NA,NA,NA,NA,NA,0.00,NA,NA,NA
2020-11-29 06:00:00,113.24,141.59,7.47,30.53,37.99,NA,NA,2.05,23.78,NA,NA,NA,NA,NA,NA,NA,NA,NA,NA,NA,0.00,NA,NA,NA
2020-11-29 07:00:00,90.68,141.00,8.47,22.03,30.49,NA,NA,2.07,21.27,NA,NA,NA,NA,NA,NA,NA,NA,NA,NA,NA,0.00,NA,NA,NA
2020-11-29 08:00:00,72.30,116.30,11.43,26.03,37.46,NA,NA,2.24,29.08,NA,NA,NA,NA,NA,NA,NA,NA,NA,NA,NA,0.00,NA,NA,NA
2020-11-29 09:00:00,125.58,187.81,11.21,44.33,55.55,NA,NA,2.46,66.75,NA,NA,NA,NA,NA,NA,NA,NA,NA,NA,NA,0.00,NA,NA,NA
2020-11-29 10:00:00,153.32,226.32,9.43,39.28,48.71,NA,NA,2.32,81.62,NA,NA,NA,NA,NA,NA,NA,NA,NA,NA,NA,0.00,NA,NA,NA
2020-11-29 11:00:00,121.40,201.87,7.43,25.61,33.03,NA,NA,2.07,103.36,NA,NA,NA,NA,NA,NA,NA,NA,NA,NA,NA,0.00,NA,NA,NA
2020-11-29 12:00:00,82.00,148.26,6.98,19.82,26.80,NA,NA,1.85,118.72,NA,NA,NA,NA,NA,NA,NA,NA,NA,NA,NA,0.00,NA,NA,NA
2020-11-29 13:00:00,76.24,140.29,6.68,16.58,23.26,NA,NA,1.81,127.24,NA,NA,NA,NA,NA,NA,NA,NA,NA,NA,NA,0.00,NA,NA,NA
2020-11-29 14:00:00,62.80,117.72,6.70,16.79,23.49,NA,NA,1.71,115.83,NA,NA,NA,NA,NA,NA,NA,NA,NA,NA,NA,0.00,NA,NA,NA
2020-11-29 15:00:00,54.77,105.57,6.36,17.15,23.51,NA,NA,1.79,124.33,NA,NA,NA,NA,NA,NA,NA,NA,NA,NA,NA,0.00,NA,NA,NA
2020-11-29 16:00:00,66.51,140.22,6.21,18.88,25.09,NA,NA,1.84,122.98,NA,NA,NA,NA,NA,NA,NA,NA,NA,NA,NA,0.00,NA,NA,NA
2020-11-29 17:00:00,86.40,144.45,6.10,19.31,25.41,NA,NA,1.92,85.92,NA,NA,NA,NA,NA,NA,NA,NA,NA,NA,NA,0.00,NA,NA,NA
2020-11-29 18:00:00,89.22,131.30,5.92,20.84,26.77,NA,NA,2.01,64.12,NA,NA,NA,NA,NA,NA,NA,NA,NA,NA,NA,0.00,NA,NA,NA
2020-11-29 19:00:00,90.83,142.97,6.01,25.10,31.11,NA,NA,2.14,51.68,NA,NA,NA,NA,NA,NA,NA,NA,NA,NA,NA,0.00,NA,NA,NA
2020-11-29 20:00:00,96.70,157.20,6.00,38.30,44.30,NA,NA,2.23,33.95,NA,NA,NA,NA,NA,NA,NA,NA,NA,NA,NA,0.00,NA,NA,NA
2020-11-29 21:00:00,94.04,170.57,6.17,31.67,37.84,NA,NA,2.29,29.64,NA,NA,NA,NA,NA,NA,NA,NA,NA,NA,NA,0.00,NA,NA,NA
2020-11-29 22:00:00,96.40,175.28,6.19,27.59,33.78,NA,NA,2.32,29.55,NA,NA,NA,NA,NA,NA,NA,NA,NA,NA,NA,0.00,NA,NA,NA
2020-11-29 23:00:00,112.07,176.55,6.28,25.73,32.01,NA,NA,2.38,26.30,NA,NA,NA,NA,NA,NA,NA,NA,NA,NA,NA,0.00,NA,NA,NA
2020-11-30 00:00:00,130.22,151.04,6.34,23.92,30.26,NA,NA,2.68,24.75,NA,NA,NA,NA,NA,NA,NA,NA,NA,NA,NA,0.00,NA,NA,NA
2020-11-30 01:00:00,127.56,153.89,6.79,31.19,37.99,NA,NA,3.12,24.22,NA,NA,NA,NA,NA,NA,NA,NA,NA,NA,NA,0.00,NA,NA,NA
2020-11-30 02:00:00,131.94,176.60,18.32,47.73,66.01,NA,NA,3.50,26.58,NA,NA,NA,NA,NA,NA,NA,NA,NA,NA,NA,0.00,NA,NA,NA
2020-11-30 03:00:00,168.74,192.77,26.58,57.83,84.44,NA,NA,3.14,26.81,NA,NA,NA,NA,NA,NA,NA,NA,NA,NA,NA,0.00,NA,NA,NA
2020-11-30 04:00:00,139.67,146.72,7.99,39.43,47.43,NA,NA,2.26,26.11,NA,NA,NA,NA,NA,NA,NA,NA,NA,NA,NA,0.00,NA,NA,NA
2020-11-30 05:00:00,122.72,176.56,6.27,23.39,29.66,NA,NA,2.20,26.93,NA,NA,NA,NA,NA,NA,NA,NA,NA,NA,NA,0.00,NA,NA,NA
2020-11-30 06:00:00,139.28,190.74,6.42,18.23,24.65,NA,NA,2.29,28.35,NA,NA,NA,NA,NA,NA,NA,NA,NA,NA,NA,0.00,NA,NA,NA
2020-11-30 07:00:00,128.56,172.62,7.75,14.62,22.36,NA,NA,2.29,26.97,NA,NA,NA,NA,NA,NA,NA,NA,NA,NA,NA,0.00,NA,NA,NA
2020-11-30 08:00:00,104.59,144.83,11.78,24.81,36.55,NA,NA,2.55,28.56,NA,NA,NA,NA,NA,NA,NA,NA,NA,NA,NA,0.00,NA,NA,NA
2020-11-30 09:00:00,144.74,218.76,17.29,63.40,80.72,NA,NA,2.94,67.14,NA,NA,NA,NA,NA,NA,NA,NA,NA,NA,NA,0.00,NA,NA,NA
2020-11-30 10:00:00,206.54,311.89,10.48,58.38,68.86,NA,NA,2.92,95.35,NA,NA,NA,NA,NA,NA,NA,NA,NA,NA,NA,0.00,NA,NA,NA
2020-11-30 11:00:00,147.19,252.08,7.71,31.23,38.95,NA,NA,2.28,112.95,NA,NA,NA,NA,NA,NA,NA,NA,NA,NA,NA,0.00,NA,NA,NA
2020-11-30 12:00:00,102.71,187.44,7.02,22.15,29.17,NA,NA,2.11,126.36,NA,NA,NA,NA,NA,NA,NA,NA,NA,NA,NA,0.00,NA,NA,NA
2020-11-30 13:00:00,96.60,158.83,6.62,17.01,23.63,NA,NA,2.03,136.49,NA,NA,NA,NA,NA,NA,NA,NA,NA,NA,NA,0.00,NA,NA,NA
2020-11-30 14:00:00,109.91,158.67,6.56,18.85,25.41,NA,NA,2.07,140.31,NA,NA,NA,NA,NA,NA,NA,NA,NA,NA,NA,0.00,NA,NA,NA
2020-11-30 15:00:00,107.28,149.67,6.30,13.73,20.03,NA,NA,1.94,136.66,NA,NA,NA,NA,NA,NA,NA,NA,NA,NA,NA,0.00,NA,NA,NA
2020-11-30 16:00:00,96.06,153.81,6.33,15.38,21.71,NA,NA,1.98,123.40,NA,NA,NA,NA,NA,NA,NA,NA,NA,NA,NA,0.00,NA,NA,NA
2020-11-30 17:00:00,112.99,177.64,5.94,22.46,28.41,NA,NA,2.13,81.16,NA,NA,NA,NA,NA,NA,NA,NA,NA,NA,NA,0.00,NA,NA,NA
2020-11-30 18:00:00,108.09,202.53,5.90,22.22,28.11,NA,NA,2.14,64.80,NA,NA,NA,NA,NA,NA,NA,NA,NA,NA,NA,0.00,NA,NA,NA
2020-11-30 19:00:00,112.58,191.81,6.05,24.23,30.28,NA,NA,2.54,49.84,NA,NA,NA,NA,NA,NA,NA,NA,NA,NA,NA,0.00,NA,NA,NA
2020-11-30 20:00:00,133.74,219.67,6.06,31.49,37.55,NA,NA,2.68,40.01,NA,NA,NA,NA,NA,NA,NA,NA,NA,NA,NA,0.00,NA,NA,NA
2020-11-30 21:00:00,131.53,203.40,6.19,36.99,43.18,NA,NA,2.01,30.54,NA,NA,NA,NA,NA,NA,NA,NA,NA,NA,NA,0.00,NA,NA,NA
2020-11-30 22:00:00,132.89,213.88,6.27,35.22,41.49,NA,NA,1.98,26.84,NA,NA,NA,NA,NA,NA,NA,NA,NA,NA,NA,0.00,NA,NA,NA
2020-11-30 23:00:00,164.42,238.15,6.27,34.11,40.39,NA,NA,2.08,28.87,NA,NA,NA,NA,NA,NA,NA,NA,NA,NA,NA,0.00,NA,NA,NA
2020-12-01 00:00:00,169.04,236.18,6.35,28.37,34.72,NA,NA,2.47,28.94,NA,NA,NA,NA,NA,NA,NA,NA,NA,NA,NA,0.00,NA,NA,NA
2020-12-01 01:00:00,178.63,276.54,6.39,35.45,41.83,NA,NA,2.47,29.41,NA,NA,NA,NA,NA,NA,NA,NA,NA,NA,NA,0.00,NA,NA,NA
2020-12-01 02:00:00,186.33,282.77,7.20,33.43,40.63,NA,NA,2.66,28.06,NA,NA,NA,NA,NA,NA,NA,NA,NA,NA,NA,0.00,NA,NA,NA
2020-12-01 03:00:00,202.89,293.87,19.86,42.79,62.63,NA,NA,3.04,27.70,NA,NA,NA,NA,NA,NA,NA,NA,NA,NA,NA,0.00,NA,NA,NA
2020-12-01 04:00:00,206.13,315.45,28.14,38.70,66.83,NA,NA,2.56,28.18,NA,NA,NA,NA,NA,NA,NA,NA,NA,NA,NA,0.00,NA,NA,NA
2020-12-01 05:00:00,217.97,321.32,31.95,40.71,72.66,NA,NA,3.15,28.81,NA,NA,NA,NA,NA,NA,NA,NA,NA,NA,NA,0.00,NA,NA,NA
2020-12-01 06:00:00,207.82,299.19,33.35,47.97,81.33,NA,NA,2.31,27.53,NA,NA,NA,NA,NA,NA,NA,NA,NA,NA,NA,0.00,NA,NA,NA
2020-12-01 07:00:00,182.85,306.39,20.95,39.34,60.30,NA,NA,2.10,27.44,NA,NA,NA,NA,NA,NA,NA,NA,NA,NA,NA,0.00,NA,NA,NA
2020-12-01 08:00:00,194.46,337.32,29.47,63.01,92.48,NA,NA,2.38,35.11,NA,NA,NA,NA,NA,NA,NA,NA,NA,NA,NA,0.00,NA,NA,NA
2020-12-01 09:00:00,280.06,369.84,15.50,65.97,81.49,NA,NA,2.48,59.39,NA,NA,NA,NA,NA,NA,NA,NA,NA,NA,NA,0.00,NA,NA,NA
2020-12-01 10:00:00,267.55,421.91,10.64,61.46,72.10,NA,NA,2.41,90.39,NA,NA,NA,NA,NA,NA,NA,NA,NA,NA,NA,0.00,NA,NA,NA
2020-12-01 11:00:00,237.15,329.00,7.85,40.87,48.72,NA,NA,1.93,119.29,NA,NA,NA,NA,NA,NA,NA,NA,NA,NA,NA,0.00,NA,NA,NA
2020-12-01 12:00:00,187.28,242.51,7.20,29.59,36.78,NA,NA,1.69,132.00,NA,NA,NA,NA,NA,NA,NA,NA,NA,NA,NA,0.00,NA,NA,NA
2020-12-01 13:00:00,113.47,205.81,6.81,20.65,27.45,NA,NA,1.37,127.63,NA,NA,NA,NA,NA,NA,NA,NA,NA,NA,NA,0.00,NA,NA,NA
2020-12-01 14:00:00,92.83,156.17,6.58,18.40,24.98,NA,NA,1.37,126.39,NA,NA,NA,NA,NA,NA,NA,NA,NA,NA,NA,0.00,NA,NA,NA
2020-12-01 15:00:00,92.37,162.42,6.41,18.83,25.24,NA,NA,1.48,133.30,NA,NA,NA,NA,NA,NA,NA,NA,NA,NA,NA,0.00,NA,NA,NA
2020-12-01 16:00:00,106.75,178.98,6.31,23.02,29.33,NA,NA,1.51,123.41,NA,NA,NA,NA,NA,NA,NA,NA,NA,NA,NA,0.00,NA,NA,NA
2020-12-01 17:00:00,131.70,197.49,6.41,58.57,64.97,NA,NA,1.56,60.75,NA,NA,NA,NA,NA,NA,NA,NA,NA,NA,NA,0.00,NA,NA,NA
2020-12-01 18:00:00,146.41,188.66,NA,130.87,NA,NA,NA,2.62,24.39,NA,NA,NA,NA,NA,NA,NA,NA,NA,NA,NA,0.00,NA,NA,NA
2020-12-01 19:00:00,81.39,98.57,50.51,28.59,79.34,NA,NA,2.40,53.89,NA,NA,NA,NA,NA,NA,NA,NA,NA,NA,NA,0.00,NA,NA,NA
2020-12-01 20:00:00,32.65,25.09,6.29,37.13,43.42,NA,NA,2.48,41.10,NA,NA,NA,NA,NA,NA,NA,NA,NA,NA,NA,0.00,NA,NA,NA
2020-12-01 21:00:00,50.85,90.98,6.34,44.91,51.26,NA,NA,2.75,31.30,NA,NA,NA,NA,NA,NA,NA,NA,NA,NA,NA,0.00,NA,NA,NA
2020-12-01 22:00:00,91.65,161.90,6.77,47.34,54.11,NA,NA,3.05,27.62,NA,NA,NA,NA,NA,NA,NA,NA,NA,NA,NA,0.00,NA,NA,NA
2020-12-01 23:00:00,136.08,178.45,6.98,46.31,53.29,NA,NA,3.04,27.78,NA,NA,NA,NA,NA,NA,NA,NA,NA,NA,NA,0.00,NA,NA,NA
2020-12-02 00:00:00,153.96,201.65,7.32,40.43,47.75,NA,NA,2.90,27.18,NA,NA,NA,NA,NA,NA,NA,NA,NA,NA,NA,0.00,NA,NA,NA
2020-12-02 01:00:00,152.99,248.75,15.85,45.67,61.53,NA,NA,2.99,28.22,NA,NA,NA,NA,NA,NA,NA,NA,NA,NA,NA,0.00,NA,NA,NA
2020-12-02 02:00:00,173.40,244.39,17.93,39.02,56.96,NA,NA,3.27,28.14,NA,NA,NA,NA,NA,NA,NA,NA,NA,NA,NA,0.00,NA,NA,NA
2020-12-02 03:00:00,202.97,271.92,36.11,48.29,84.43,NA,NA,3.88,28.63,NA,NA,NA,NA,NA,NA,NA,NA,NA,NA,NA,0.00,NA,NA,NA
2020-12-02 04:00:00,199.00,332.40,50.06,60.55,110.60,NA,NA,3.53,29.68,NA,NA,NA,NA,NA,NA,NA,NA,NA,NA,NA,0.00,NA,NA,NA
2020-12-02 05:00:00,218.33,350.73,44.60,47.76,92.35,NA,NA,3.23,29.12,NA,NA,NA,NA,NA,NA,NA,NA,NA,NA,NA,0.00,NA,NA,NA
2020-12-02 06:00:00,218.32,306.49,34.21,73.41,107.60,NA,NA,2.61,28.30,NA,NA,NA,NA,NA,NA,NA,NA,NA,NA,NA,0.00,NA,NA,NA
2020-12-02 07:00:00,217.71,341.30,30.01,50.85,80.86,NA,NA,2.56,29.67,NA,NA,NA,NA,NA,NA,NA,NA,NA,NA,NA,0.00,NA,NA,NA
2020-12-02 08:00:00,235.88,351.72,25.90,76.06,101.94,NA,NA,2.67,39.75,NA,NA,NA,NA,NA,NA,NA,NA,NA,NA,NA,0.00,NA,NA,NA
2020-12-02 09:00:00,245.69,344.70,10.97,53.46,64.42,NA,NA,2.40,69.01,NA,NA,NA,NA,NA,NA,NA,NA,NA,NA,NA,0.00,NA,NA,NA
2020-12-02 10:00:00,199.88,336.29,8.26,39.21,47.47,NA,NA,2.10,91.22,NA,NA,NA,NA,NA,NA,NA,NA,NA,NA,NA,0.00,NA,NA,NA
2020-12-02 11:00:00,151.06,272.20,8.11,34.70,42.81,NA,NA,1.93,103.84,NA,NA,NA,NA,NA,NA,NA,NA,NA,NA,NA,0.00,NA,NA,NA
2020-12-02 12:00:00,150.06,227.21,7.72,26.74,34.46,NA,NA,1.76,115.12,NA,NA,NA,NA,NA,NA,NA,NA,NA,NA,NA,0.00,NA,NA,NA
2020-12-02 13:00:00,110.18,168.01,6.84,20.22,27.06,NA,NA,1.67,125.36,NA,NA,NA,NA,NA,NA,NA,NA,NA,NA,NA,0.00,NA,NA,NA
2020-12-02 14:00:00,107.90,216.94,6.49,18.75,25.22,NA,NA,1.64,130.35,NA,NA,NA,NA,NA,NA,NA,NA,NA,NA,NA,0.00,NA,NA,NA
2020-12-02 15:00:00,100.70,186.16,6.32,14.40,20.72,NA,NA,1.55,125.85,NA,NA,NA,NA,NA,NA,NA,NA,NA,NA,NA,0.00,NA,NA,NA
2020-12-02 16:00:00,91.65,157.22,6.17,15.94,22.12,NA,NA,1.58,113.53,NA,NA,NA,NA,NA,NA,NA,NA,NA,NA,NA,0.00,NA,NA,NA
2020-12-02 17:00:00,128.54,184.32,6.02,18.53,24.55,NA,NA,1.71,88.59,NA,NA,NA,NA,NA,NA,NA,NA,NA,NA,NA,0.00,NA,NA,NA
2020-12-02 18:00:00,120.44,171.50,6.21,38.77,45.02,NA,NA,1.75,68.82,NA,NA,NA,NA,NA,NA,NA,NA,NA,NA,NA,0.00,NA,NA,NA
2020-12-02 19:00:00,107.06,163.94,5.99,28.07,34.03,NA,NA,1.82,53.46,NA,NA,NA,NA,NA,NA,NA,NA,NA,NA,NA,0.00,NA,NA,NA
2020-12-02 20:00:00,111.40,201.23,6.18,38.42,44.69,NA,NA,2.33,37.82,NA,NA,NA,NA,NA,NA,NA,NA,NA,NA,NA,0.00,NA,NA,NA
2020-12-02 21:00:00,139.64,296.66,12.19,71.02,83.30,NA,NA,3.32,26.31,NA,NA,NA,NA,NA,NA,NA,NA,NA,NA,NA,0.00,NA,NA,NA
2020-12-02 22:00:00,179.09,307.68,17.69,67.60,85.15,NA,NA,3.11,31.39,NA,NA,NA,NA,NA,NA,NA,NA,NA,NA,NA,0.00,NA,NA,NA
2020-12-02 23:00:00,155.92,237.10,6.23,43.48,49.74,NA,NA,2.34,47.49,NA,NA,NA,NA,NA,NA,NA,NA,NA,NA,NA,0.00,NA,NA,NA
2020-12-03 00:00:00,158.24,261.09,6.22,42.51,48.69,NA,NA,2.41,39.51,NA,NA,NA,NA,NA,NA,NA,NA,NA,NA,NA,0.00,NA,NA,NA
2020-12-03 01:00:00,165.11,244.36,6.20,31.86,38.05,NA,NA,2.16,42.43,NA,NA,NA,NA,NA,NA,NA,NA,NA,NA,NA,0.00,NA,NA,NA
2020-12-03 02:00:00,159.43,208.15,6.19,28.12,34.33,NA,NA,2.11,39.64,NA,NA,NA,NA,NA,NA,NA,NA,NA,NA,NA,0.00,NA,NA,NA
2020-12-03 03:00:00,157.61,217.40,6.82,49.43,56.31,NA,NA,2.36,29.84,NA,NA,NA,NA,NA,NA,NA,NA,NA,NA,NA,0.00,NA,NA,NA
2020-12-03 04:00:00,163.05,244.61,7.21,55.76,62.95,NA,NA,2.25,25.83,NA,NA,NA,NA,NA,NA,NA,NA,NA,NA,NA,0.00,NA,NA,NA
2020-12-03 05:00:00,171.08,289.04,7.54,45.18,52.68,NA,NA,2.20,25.68,NA,NA,NA,NA,NA,NA,NA,NA,NA,NA,NA,0.00,NA,NA,NA
2020-12-03 06:00:00,171.04,258.61,6.81,37.81,44.59,NA,NA,2.07,26.09,NA,NA,NA,NA,NA,NA,NA,NA,NA,NA,NA,0.00,NA,NA,NA
2020-12-03 07:00:00,156.18,226.06,7.96,27.69,35.64,NA,NA,1.98,25.61,NA,NA,NA,NA,NA,NA,NA,NA,NA,NA,NA,0.00,NA,NA,NA
2020-12-03 08:00:00,136.48,193.54,14.25,34.10,48.45,NA,NA,2.04,31.95,NA,NA,NA,NA,NA,NA,NA,NA,NA,NA,NA,0.00,NA,NA,NA
2020-12-03 09:00:00,187.34,282.00,14.53,58.37,72.88,NA,NA,2.32,55.33,NA,NA,NA,NA,NA,NA,NA,NA,NA,NA,NA,0.00,NA,NA,NA
2020-12-03 10:00:00,224.20,347.75,8.59,41.32,49.90,NA,NA,2.32,85.97,NA,NA,NA,NA,NA,NA,NA,NA,NA,NA,NA,0.00,NA,NA,NA
2020-12-03 11:00:00,174.80,296.62,7.54,30.47,38.00,NA,NA,2.10,105.43,NA,NA,NA,NA,NA,NA,NA,NA,NA,NA,NA,0.00,NA,NA,NA
2020-12-03 12:00:00,144.93,286.96,7.21,27.84,35.05,NA,NA,2.09,126.29,NA,NA,NA,NA,NA,NA,NA,NA,NA,NA,NA,0.00,NA,NA,NA
2020-12-03 13:00:00,143.26,253.52,6.68,21.63,28.31,NA,NA,1.99,142.06,NA,NA,NA,NA,NA,NA,NA,NA,NA,NA,NA,0.00,NA,NA,NA
2020-12-03 14:00:00,127.45,191.36,6.62,18.52,25.13,NA,NA,1.89,123.68,NA,NA,NA,NA,NA,NA,NA,NA,NA,NA,NA,0.00,NA,NA,NA
2020-12-03 15:00:00,100.05,156.91,6.35,16.58,22.93,NA,NA,1.82,118.99,NA,NA,NA,NA,NA,NA,NA,NA,NA,NA,NA,0.00,NA,NA,NA
2020-12-03 16:00:00,116.79,187.62,6.28,16.63,22.91,NA,NA,1.84,111.63,NA,NA,NA,NA,NA,NA,NA,NA,NA,NA,NA,0.00,NA,NA,NA
2020-12-03 17:00:00,103.46,180.57,6.14,22.73,28.87,NA,NA,2.02,77.94,NA,NA,NA,NA,NA,NA,NA,NA,NA,NA,NA,0.00,NA,NA,NA
2020-12-03 18:00:00,119.88,198.79,6.16,35.93,42.08,NA,NA,2.36,54.11,NA,NA,NA,NA,NA,NA,NA,NA,NA,NA,NA,0.00,NA,NA,NA
2020-12-03 19:00:00,125.08,199.60,6.26,38.79,45.06,NA,NA,2.45,40.53,NA,NA,NA,NA,NA,NA,NA,NA,NA,NA,NA,0.00,NA,NA,NA
2020-12-03 20:00:00,132.49,189.90,6.30,33.86,40.16,NA,NA,2.54,32.02,NA,NA,NA,NA,NA,NA,NA,NA,NA,NA,NA,0.00,NA,NA,NA
2020-12-03 21:00:00,128.73,200.02,6.32,30.01,36.33,NA,NA,2.60,29.11,NA,NA,NA,NA,NA,NA,NA,NA,NA,NA,NA,0.00,NA,NA,NA
2020-12-03 22:00:00,144.55,226.92,6.39,26.95,33.34,NA,NA,2.63,27.31,NA,NA,NA,NA,NA,NA,NA,NA,NA,NA,NA,0.00,NA,NA,NA
2020-12-03 23:00:00,140.90,204.72,6.50,19.31,25.81,NA,NA,2.50,23.19,NA,NA,NA,NA,NA,NA,NA,NA,NA,NA,NA,0.00,NA,NA,NA
2020-12-04 00:00:00,139.45,199.53,6.37,16.71,23.08,NA,NA,2.36,23.98,NA,NA,NA,NA,NA,NA,NA,NA,NA,NA,NA,0.00,NA,NA,NA
2020-12-04 01:00:00,133.99,191.16,6.21,13.71,19.92,NA,NA,2.00,27.85,NA,NA,NA,NA,NA,NA,NA,NA,NA,NA,NA,0.00,NA,NA,NA
2020-12-04 02:00:00,120.23,156.32,6.29,12.52,18.80,NA,NA,2.05,26.09,NA,NA,NA,NA,NA,NA,NA,NA,NA,NA,NA,0.00,NA,NA,NA
2020-12-04 03:00:00,115.26,157.59,6.35,11.86,18.22,NA,NA,2.17,25.28,NA,NA,NA,NA,NA,NA,NA,NA,NA,NA,NA,0.00,NA,NA,NA
2020-12-04 04:00:00,136.25,184.63,8.99,19.22,28.19,NA,NA,3.43,27.53,NA,NA,NA,NA,NA,NA,NA,NA,NA,NA,NA,0.00,NA,NA,NA
2020-12-04 05:00:00,185.27,282.60,22.02,43.59,65.60,NA,NA,4.18,30.52,NA,NA,NA,NA,NA,NA,NA,NA,NA,NA,NA,0.00,NA,NA,NA
2020-12-04 06:00:00,219.92,338.88,22.39,52.36,74.75,NA,NA,4.14,28.42,NA,NA,NA,NA,NA,NA,NA,NA,NA,NA,NA,0.00,NA,NA,NA
2020-12-04 07:00:00,267.46,392.43,26.31,37.21,63.53,NA,NA,4.26,31.55,NA,NA,NA,NA,NA,NA,NA,NA,NA,NA,NA,0.00,NA,NA,NA
2020-12-04 08:00:00,207.89,344.41,16.88,31.76,48.66,NA,NA,3.66,34.18,NA,NA,NA,NA,NA,NA,NA,NA,NA,NA,NA,0.00,NA,NA,NA
2020-12-04 09:00:00,231.96,324.36,9.17,37.66,46.84,NA,NA,2.77,69.74,NA,NA,NA,NA,NA,NA,NA,NA,NA,NA,NA,0.00,NA,NA,NA
2020-12-04 10:00:00,137.86,195.84,6.68,18.81,25.49,NA,NA,2.10,102.71,NA,NA,NA,NA,NA,NA,NA,NA,NA,NA,NA,0.00,NA,NA,NA
2020-12-04 11:00:00,133.21,194.92,6.75,18.03,24.77,NA,NA,2.03,113.14,NA,NA,NA,NA,NA,NA,NA,NA,NA,NA,NA,0.00,NA,NA,NA
2020-12-04 12:00:00,120.96,213.13,6.77,16.24,23.02,NA,NA,2.00,123.03,NA,NA,NA,NA,NA,NA,NA,NA,NA,NA,NA,0.00,NA,NA,NA
2020-12-04 13:00:00,128.54,225.04,6.63,15.24,21.87,NA,NA,1.98,131.56,NA,NA,NA,NA,NA,NA,NA,NA,NA,NA,NA,0.00,NA,NA,NA
2020-12-04 14:00:00,130.19,203.14,6.45,13.97,20.42,NA,NA,1.96,133.14,NA,NA,NA,NA,NA,NA,NA,NA,NA,NA,NA,0.00,NA,NA,NA
2020-12-04 15:00:00,126.04,193.98,6.33,13.75,20.08,NA,NA,1.89,129.35,NA,NA,NA,NA,NA,NA,NA,NA,NA,NA,NA,0.00,NA,NA,NA
2020-12-04 16:00:00,111.28,170.92,6.11,13.55,19.66,NA,NA,1.94,128.84,NA,NA,NA,NA,NA,NA,NA,NA,NA,NA,NA,0.00,NA,NA,NA
2020-12-04 17:00:00,135.30,216.82,6.09,21.59,27.68,NA,NA,2.22,103.42,NA,NA,NA,NA,NA,NA,NA,NA,NA,NA,NA,0.00,NA,NA,NA
2020-12-04 18:00:00,155.20,298.37,6.21,51.20,57.40,NA,NA,2.64,85.29,NA,NA,NA,NA,NA,NA,NA,NA,NA,NA,NA,0.00,NA,NA,NA
2020-12-04 19:00:00,170.89,291.65,6.20,48.89,55.09,NA,NA,2.68,86.03,NA,NA,NA,NA,NA,NA,NA,NA,NA,NA,NA,0.00,NA,NA,NA
2020-12-04 20:00:00,219.90,317.36,6.23,43.85,50.08,NA,NA,3.18,91.59,NA,NA,NA,NA,NA,NA,NA,NA,NA,NA,NA,0.00,NA,NA,NA
2020-12-04 21:00:00,258.21,407.57,6.37,44.32,50.70,NA,NA,3.73,71.43,NA,NA,NA,NA,NA,NA,NA,NA,NA,NA,NA,0.00,NA,NA,NA
2020-12-04 22:00:00,261.91,393.96,6.39,34.22,40.61,NA,NA,3.63,52.44,NA,NA,NA,NA,NA,NA,NA,NA,NA,NA,NA,0.00,NA,NA,NA
2020-12-04 23:00:00,276.64,397.34,6.33,33.58,39.91,NA,NA,3.18,67.96,NA,NA,NA,NA,NA,NA,NA,NA,NA,NA,NA,0.00,NA,NA,NA
2020-12-05 00:00:00,260.01,360.52,6.23,27.26,33.49,NA,NA,3.02,67.17,NA,NA,NA,NA,NA,NA,NA,NA,NA,NA,NA,0.00,NA,NA,NA
2020-12-05 01:00:00,238.59,353.72,6.23,23.47,29.70,NA,NA,2.82,69.77,NA,NA,NA,NA,NA,NA,NA,NA,NA,NA,NA,0.00,NA,NA,NA
2020-12-05 02:00:00,229.58,317.22,6.23,26.96,33.19,NA,NA,2.84,77.26,NA,NA,NA,NA,NA,NA,NA,NA,NA,NA,NA,0.00,NA,NA,NA
2020-12-05 03:00:00,276.76,332.35,6.23,23.32,29.56,NA,NA,2.90,48.52,NA,NA,NA,NA,NA,NA,NA,NA,NA,NA,NA,0.00,NA,NA,NA
2020-12-05 04:00:00,239.27,350.40,6.13,21.89,28.02,NA,NA,2.94,52.53,NA,NA,NA,NA,NA,NA,NA,NA,NA,NA,NA,0.00,NA,NA,NA
2020-12-05 05:00:00,260.35,334.20,6.33,17.01,23.34,NA,NA,3.38,36.91,NA,NA,NA,NA,NA,NA,NA,NA,NA,NA,NA,0.00,NA,NA,NA
2020-12-05 06:00:00,257.80,359.33,6.37,16.73,23.10,NA,NA,3.22,39.62,NA,NA,NA,NA,NA,NA,NA,NA,NA,NA,NA,0.00,NA,NA,NA
2020-12-05 07:00:00,235.84,343.08,6.88,13.66,20.54,NA,NA,3.44,34.84,NA,NA,NA,NA,NA,NA,NA,NA,NA,NA,NA,0.00,NA,NA,NA
2020-12-05 08:00:00,242.09,342.55,8.04,20.33,28.38,NA,NA,3.18,54.21,NA,NA,NA,NA,NA,NA,NA,NA,NA,NA,NA,0.00,NA,NA,NA
2020-12-05 09:00:00,242.22,315.63,7.20,25.77,32.97,NA,NA,2.71,93.64,NA,NA,NA,NA,NA,NA,NA,NA,NA,NA,NA,0.00,NA,NA,NA
2020-12-05 10:00:00,253.21,330.64,7.13,25.12,32.25,NA,NA,2.69,110.54,NA,NA,NA,NA,NA,NA,NA,NA,NA,NA,NA,0.00,NA,NA,NA
2020-12-05 11:00:00,234.22,320.53,7.17,23.43,30.60,NA,NA,2.62,116.92,NA,NA,NA,NA,NA,NA,NA,NA,NA,NA,NA,0.00,NA,NA,NA
2020-12-05 12:00:00,205.80,330.76,6.99,22.50,29.48,NA,NA,2.54,125.60,NA,NA,NA,NA,NA,NA,NA,NA,NA,NA,NA,0.00,NA,NA,NA
2020-12-05 13:00:00,192.00,320.42,6.87,20.33,27.20,NA,NA,2.47,131.17,NA,NA,NA,NA,NA,NA,NA,NA,NA,NA,NA,0.00,NA,NA,NA
2020-12-05 14:00:00,197.49,298.88,6.59,20.26,26.86,NA,NA,2.56,134.33,NA,NA,NA,NA,NA,NA,NA,NA,NA,NA,NA,0.00,NA,NA,NA
2020-12-05 15:00:00,187.80,311.50,6.49,19.98,26.47,NA,NA,2.54,132.19,NA,NA,NA,NA,NA,NA,NA,NA,NA,NA,NA,0.00,NA,NA,NA
2020-12-05 16:00:00,166.85,297.80,6.24,20.52,26.77,NA,NA,2.55,122.06,NA,NA,NA,NA,NA,NA,NA,NA,NA,NA,NA,0.00,NA,NA,NA
2020-12-05 17:00:00,164.85,275.87,6.10,22.34,28.44,NA,NA,2.59,83.61,NA,NA,NA,NA,NA,NA,NA,NA,NA,NA,NA,0.00,NA,NA,NA
2020-12-05 18:00:00,178.41,302.12,6.22,25.21,31.43,NA,NA,3.02,46.58,NA,NA,NA,NA,NA,NA,NA,NA,NA,NA,NA,0.00,NA,NA,NA
2020-12-05 19:00:00,234.22,407.71,6.38,30.32,36.70,NA,NA,3.37,35.62,NA,NA,NA,NA,NA,NA,NA,NA,NA,NA,NA,0.00,NA,NA,NA
2020-12-05 20:00:00,224.24,351.77,6.42,31.12,37.54,NA,NA,3.63,32.51,NA,NA,NA,NA,NA,NA,NA,NA,NA,NA,NA,0.00,NA,NA,NA
2020-12-05 21:00:00,216.82,351.89,6.36,30.02,36.39,NA,NA,3.59,37.99,NA,NA,NA,NA,NA,NA,NA,NA,NA,NA,NA,0.00,NA,NA,NA
2020-12-05 22:00:00,268.04,398.90,6.42,30.40,36.82,NA,NA,3.78,43.77,NA,NA,NA,NA,NA,NA,NA,NA,NA,NA,NA,0.00,NA,NA,NA
2020-12-05 23:00:00,285.42,366.44,6.31,28.43,34.74,NA,NA,3.36,48.90,NA,NA,NA,NA,NA,NA,NA,NA,NA,NA,NA,0.00,NA,NA,NA
2020-12-06 00:00:00,259.71,403.58,6.39,27.91,34.29,NA,NA,3.41,42.60,NA,NA,NA,NA,NA,NA,NA,NA,NA,NA,NA,0.00,NA,NA,NA
2020-12-06 01:00:00,243.47,392.12,6.40,28.64,35.04,NA,NA,3.40,41.06,NA,NA,NA,NA,NA,NA,NA,NA,NA,NA,NA,0.00,NA,NA,NA
2020-12-06 02:00:00,277.17,347.70,6.30,25.48,31.78,NA,NA,3.32,47.18,NA,NA,NA,NA,NA,NA,NA,NA,NA,NA,NA,0.00,NA,NA,NA
2020-12-06 03:00:00,276.36,359.26,6.54,22.86,29.40,NA,NA,3.53,37.90,NA,NA,NA,NA,NA,NA,NA,NA,NA,NA,NA,0.00,NA,NA,NA
2020-12-06 04:00:00,234.35,340.47,6.38,20.38,26.76,NA,NA,3.24,42.09,NA,NA,NA,NA,NA,NA,NA,NA,NA,NA,NA,0.00,NA,NA,NA
2020-12-06 05:00:00,226.05,289.84,6.32,17.50,23.82,NA,NA,3.02,36.84,NA,NA,NA,NA,NA,NA,NA,NA,NA,NA,NA,0.00,NA,NA,NA
2020-12-06 06:00:00,230.47,294.29,6.42,14.67,21.09,NA,NA,3.17,35.85,NA,NA,NA,NA,NA,NA,NA,NA,NA,NA,NA,0.00,NA,NA,NA
2020-12-06 07:00:00,217.17,318.25,6.46,14.88,21.34,NA,NA,3.13,39.83,NA,NA,NA,NA,NA,NA,NA,NA,NA,NA,NA,0.00,NA,NA,NA
2020-12-06 08:00:00,222.94,290.87,7.23,18.84,26.06,NA,NA,3.05,47.92,NA,NA,NA,NA,NA,NA,NA,NA,NA,NA,NA,0.00,NA,NA,NA
2020-12-06 09:00:00,230.14,311.99,7.02,24.01,31.04,NA,NA,2.91,79.84,NA,NA,NA,NA,NA,NA,NA,NA,NA,NA,NA,0.00,NA,NA,NA
2020-12-06 10:00:00,253.97,329.51,6.95,23.19,30.14,NA,NA,2.95,86.59,NA,NA,NA,NA,NA,NA,NA,NA,NA,NA,NA,0.00,NA,NA,NA
2020-12-06 11:00:00,201.56,266.27,6.84,20.16,27.00,NA,NA,2.50,94.41,NA,NA,NA,NA,NA,NA,NA,NA,NA,NA,NA,0.00,NA,NA,NA
2020-12-06 12:00:00,158.91,238.10,6.86,19.90,26.76,NA,NA,2.44,110.34,NA,NA,NA,NA,NA,NA,NA,NA,NA,NA,NA,0.00,NA,NA,NA
2020-12-06 13:00:00,146.40,245.16,6.75,20.22,26.97,NA,NA,2.31,121.49,NA,NA,NA,NA,NA,NA,NA,NA,NA,NA,NA,0.00,NA,NA,NA
2020-12-06 14:00:00,105.68,186.10,6.49,13.26,19.74,NA,NA,1.96,109.54,NA,NA,NA,NA,NA,NA,NA,NA,NA,NA,NA,0.00,NA,NA,NA
2020-12-06 15:00:00,82.31,158.21,6.32,12.14,18.47,NA,NA,1.92,105.85,NA,NA,NA,NA,NA,NA,NA,NA,NA,NA,NA,0.00,NA,NA,NA
2020-12-06 16:00:00,95.49,144.86,6.21,12.67,18.88,NA,NA,1.97,100.88,NA,NA,NA,NA,NA,NA,NA,NA,NA,NA,NA,0.00,NA,NA,NA
2020-12-06 17:00:00,121.13,193.38,6.10,16.60,22.69,NA,NA,1.94,83.12,NA,NA,NA,NA,NA,NA,NA,NA,NA,NA,NA,0.00,NA,NA,NA
2020-12-06 18:00:00,135.06,234.62,6.06,30.27,36.33,NA,NA,2.27,62.17,NA,NA,NA,NA,NA,NA,NA,NA,NA,NA,NA,0.00,NA,NA,NA
2020-12-06 19:00:00,136.64,235.95,6.17,33.49,39.65,NA,NA,2.38,46.41,NA,NA,NA,NA,NA,NA,NA,NA,NA,NA,NA,0.00,NA,NA,NA
2020-12-06 20:00:00,153.78,282.41,6.22,33.52,39.74,NA,NA,2.36,40.11,NA,NA,NA,NA,NA,NA,NA,NA,NA,NA,NA,0.00,NA,NA,NA
2020-12-06 21:00:00,185.36,296.15,8.42,48.75,57.19,NA,NA,3.03,31.61,NA,NA,NA,NA,NA,NA,NA,NA,NA,NA,NA,0.00,NA,NA,NA
2020-12-06 22:00:00,251.18,388.22,8.01,57.06,65.05,NA,NA,3.49,45.67,NA,NA,NA,NA,NA,NA,NA,NA,NA,NA,NA,0.00,NA,NA,NA
2020-12-06 23:00:00,335.48,480.89,6.51,42.58,49.08,NA,NA,3.84,58.61,NA,NA,NA,NA,NA,NA,NA,NA,NA,NA,NA,0.00,NA,NA,NA
2020-12-07 00:00:00,345.59,487.65,6.38,34.21,40.59,NA,NA,3.98,52.94,NA,NA,NA,NA,NA,NA,NA,NA,NA,NA,NA,0.00,NA,NA,NA
2020-12-07 01:00:00,341.80,490.54,6.49,35.44,41.93,NA,NA,3.55,56.88,NA,NA,NA,NA,NA,NA,NA,NA,NA,NA,NA,0.00,NA,NA,NA
2020-12-07 02:00:00,329.58,465.38,6.26,32.18,38.43,NA,NA,3.23,60.39,NA,NA,NA,NA,NA,NA,NA,NA,NA,NA,NA,0.00,NA,NA,NA
2020-12-07 03:00:00,320.34,483.12,7.07,37.01,44.09,NA,NA,3.24,39.90,NA,NA,NA,NA,NA,NA,NA,NA,NA,NA,NA,0.00,NA,NA,NA
2020-12-07 04:00:00,334.24,445.30,9.66,35.40,45.06,NA,NA,3.31,36.90,NA,NA,NA,NA,NA,NA,NA,NA,NA,NA,NA,0.00,NA,NA,NA
2020-12-07 05:00:00,292.70,459.20,6.33,28.62,34.95,NA,NA,3.20,39.91,NA,NA,NA,NA,NA,NA,NA,NA,NA,NA,NA,0.00,NA,NA,NA
2020-12-07 06:00:00,267.06,418.95,6.31,26.52,32.83,NA,NA,3.10,39.97,NA,NA,NA,NA,NA,NA,NA,NA,NA,NA,NA,0.00,NA,NA,NA
2020-12-07 07:00:00,234.86,437.29,9.44,31.75,41.21,NA,NA,3.17,36.56,NA,NA,NA,NA,NA,NA,NA,NA,NA,NA,NA,0.00,NA,NA,NA
2020-12-07 08:00:00,222.40,397.03,12.13,33.18,45.30,NA,NA,3.29,40.13,NA,NA,NA,NA,NA,NA,NA,NA,NA,NA,NA,0.00,NA,NA,NA
2020-12-07 09:00:00,254.78,434.19,11.60,45.11,56.72,NA,NA,3.37,49.16,NA,NA,NA,NA,NA,NA,NA,NA,NA,NA,NA,0.00,NA,NA,NA
2020-12-07 10:00:00,334.74,445.73,9.71,44.78,54.48,NA,NA,3.21,73.29,NA,NA,NA,NA,NA,NA,NA,NA,NA,NA,NA,0.00,NA,NA,NA
2020-12-07 11:00:00,269.50,378.21,8.07,34.69,42.77,NA,NA,2.70,97.46,NA,NA,NA,NA,NA,NA,NA,NA,NA,NA,NA,0.00,NA,NA,NA
2020-12-07 12:00:00,242.32,380.63,7.15,23.91,31.04,NA,NA,2.46,116.09,NA,NA,NA,NA,NA,NA,NA,NA,NA,NA,NA,0.00,NA,NA,NA
2020-12-07 13:00:00,220.74,281.28,6.70,16.84,23.53,NA,NA,2.14,117.88,NA,NA,NA,NA,NA,NA,NA,NA,NA,NA,NA,0.00,NA,NA,NA
2020-12-07 14:00:00,158.45,206.17,6.56,16.03,22.59,NA,NA,2.08,118.69,NA,NA,NA,NA,NA,NA,NA,NA,NA,NA,NA,0.00,NA,NA,NA
2020-12-07 15:00:00,165.28,229.51,8.05,39.64,47.75,NA,NA,2.12,99.73,NA,NA,NA,NA,NA,NA,NA,NA,NA,NA,NA,0.00,NA,NA,NA
2020-12-07 16:00:00,163.20,258.02,6.62,25.46,32.03,NA,NA,2.14,106.36,NA,NA,NA,NA,NA,NA,NA,NA,NA,NA,NA,0.00,NA,NA,NA
2020-12-07 17:00:00,160.42,237.90,6.00,18.37,24.38,NA,NA,2.24,84.41,NA,NA,NA,NA,NA,NA,NA,NA,NA,NA,NA,0.00,NA,NA,NA
2020-12-07 18:00:00,157.54,231.40,6.09,22.50,28.61,NA,NA,2.34,53.21,NA,NA,NA,NA,NA,NA,NA,NA,NA,NA,NA,0.00,NA,NA,NA
2020-12-07 19:00:00,184.36,242.16,6.22,26.19,32.41,NA,NA,2.51,39.29,NA,NA,NA,NA,NA,NA,NA,NA,NA,NA,NA,0.00,NA,NA,NA
2020-12-07 20:00:00,194.05,287.24,6.26,28.36,34.63,NA,NA,2.85,31.98,NA,NA,NA,NA,NA,NA,NA,NA,NA,NA,NA,0.00,NA,NA,NA
2020-12-07 21:00:00,186.68,301.98,6.79,33.17,39.98,NA,NA,3.18,29.08,NA,NA,NA,NA,NA,NA,NA,NA,NA,NA,NA,0.00,NA,NA,NA
2020-12-07 22:00:00,190.88,301.58,11.30,41.97,53.32,NA,NA,3.75,28.40,NA,NA,NA,NA,NA,NA,NA,NA,NA,NA,NA,0.00,NA,NA,NA
2020-12-07 23:00:00,194.21,378.77,19.34,37.70,56.98,NA,NA,3.95,29.93,NA,NA,NA,NA,NA,NA,NA,NA,NA,NA,NA,0.00,NA,NA,NA
2020-12-08 00:00:00,236.92,365.76,19.54,29.69,49.24,NA,NA,4.10,29.67,NA,NA,NA,NA,NA,NA,NA,NA,NA,NA,NA,0.00,NA,NA,NA
2020-12-08 01:00:00,226.02,348.54,21.66,24.99,46.65,NA,NA,4.00,28.51,NA,NA,NA,NA,NA,NA,NA,NA,NA,NA,NA,0.00,NA,NA,NA
2020-12-08 02:00:00,196.65,303.15,20.74,26.01,46.75,NA,NA,3.98,27.58,NA,NA,NA,NA,NA,NA,NA,NA,NA,NA,NA,0.00,NA,NA,NA
2020-12-08 03:00:00,235.72,327.08,24.73,29.94,54.68,NA,NA,4.40,30.59,NA,NA,NA,NA,NA,NA,NA,NA,NA,NA,NA,0.00,NA,NA,NA
2020-12-08 04:00:00,217.38,326.03,33.70,27.69,61.40,NA,NA,3.79,29.03,NA,NA,NA,NA,NA,NA,NA,NA,NA,NA,NA,0.00,NA,NA,NA
2020-12-08 05:00:00,225.59,310.67,27.59,32.59,60.19,NA,NA,3.03,28.13,NA,NA,NA,NA,NA,NA,NA,NA,NA,NA,NA,0.00,NA,NA,NA
2020-12-08 06:00:00,197.95,281.45,20.39,22.30,42.62,NA,NA,2.65,31.56,NA,NA,NA,NA,NA,NA,NA,NA,NA,NA,NA,0.00,NA,NA,NA
2020-12-08 07:00:00,182.51,249.68,13.13,14.27,27.40,NA,NA,2.63,28.26,NA,NA,NA,NA,NA,NA,NA,NA,NA,NA,NA,0.00,NA,NA,NA
2020-12-08 08:00:00,168.72,243.03,17.51,19.58,37.09,NA,NA,3.07,32.07,NA,NA,NA,NA,NA,NA,NA,NA,NA,NA,NA,0.00,NA,NA,NA
2020-12-08 09:00:00,213.60,298.17,10.78,44.68,55.48,NA,NA,3.20,74.00,NA,NA,NA,NA,NA,NA,NA,NA,NA,NA,NA,0.00,NA,NA,NA
2020-12-08 10:00:00,258.60,382.14,7.62,34.27,41.90,NA,NA,2.83,114.19,NA,NA,NA,NA,NA,NA,NA,NA,NA,NA,NA,0.00,NA,NA,NA
2020-12-08 11:00:00,219.11,282.96,7.10,24.52,31.61,NA,NA,2.30,115.77,NA,NA,NA,NA,NA,NA,NA,NA,NA,NA,NA,0.00,NA,NA,NA
2020-12-08 12:00:00,135.87,192.65,6.89,19.31,26.19,NA,NA,2.08,119.43,NA,NA,NA,NA,NA,NA,NA,NA,NA,NA,NA,0.00,NA,NA,NA
2020-12-08 13:00:00,145.82,201.55,6.77,22.21,28.99,NA,NA,2.18,136.70,NA,NA,NA,NA,NA,NA,NA,NA,NA,NA,NA,0.00,NA,NA,NA
2020-12-08 14:00:00,114.70,207.19,6.64,20.70,27.35,NA,NA,1.95,132.17,NA,NA,NA,NA,NA,NA,NA,NA,NA,NA,NA,0.00,NA,NA,NA
2020-12-08 15:00:00,105.33,194.58,6.45,20.73,27.18,NA,NA,1.92,142.86,NA,NA,NA,NA,NA,NA,NA,NA,NA,NA,NA,0.00,NA,NA,NA
2020-12-08 16:00:00,107.52,187.70,6.25,23.94,30.19,NA,NA,2.11,137.26,NA,NA,NA,NA,NA,NA,NA,NA,NA,NA,NA,0.00,NA,NA,NA
2020-12-08 17:00:00,128.80,223.96,6.18,25.56,31.74,NA,NA,2.23,102.55,NA,NA,NA,NA,NA,NA,NA,NA,NA,NA,NA,0.00,NA,NA,NA
2020-12-08 18:00:00,126.05,208.84,6.14,25.14,31.28,NA,NA,2.27,73.67,NA,NA,NA,NA,NA,NA,NA,NA,NA,NA,NA,0.00,NA,NA,NA
2020-12-08 19:00:00,143.08,229.72,6.16,24.69,30.85,NA,NA,2.25,54.93,NA,NA,NA,NA,NA,NA,NA,NA,NA,NA,NA,0.00,NA,NA,NA
2020-12-08 20:00:00,121.47,209.77,6.22,25.76,31.99,NA,NA,2.22,42.62,NA,NA,NA,NA,NA,NA,NA,NA,NA,NA,NA,0.00,NA,NA,NA
2020-12-08 21:00:00,122.86,192.94,6.28,22.98,29.26,NA,NA,2.28,33.16,NA,NA,NA,NA,NA,NA,NA,NA,NA,NA,NA,0.00,NA,NA,NA
2020-12-08 22:00:00,118.98,197.86,6.35,21.40,27.75,NA,NA,2.35,28.42,NA,NA,NA,NA,NA,NA,NA,NA,NA,NA,NA,0.00,NA,NA,NA
2020-12-08 23:00:00,126.18,192.42,6.29,21.49,27.78,NA,NA,2.43,27.12,NA,NA,NA,NA,NA,NA,NA,NA,NA,NA,NA,0.00,NA,NA,NA
2020-12-09 00:00:00,153.21,246.36,8.09,32.62,40.71,NA,NA,2.62,21.45,NA,NA,NA,NA,NA,NA,NA,NA,NA,NA,NA,0.00,NA,NA,NA
2020-12-09 01:00:00,147.51,239.80,7.15,27.13,34.27,NA,NA,2.40,22.68,NA,NA,NA,NA,NA,NA,NA,NA,NA,NA,NA,0.00,NA,NA,NA
2020-12-09 02:00:00,118.49,200.32,6.70,18.53,25.24,NA,NA,2.27,23.71,NA,NA,NA,NA,NA,NA,NA,NA,NA,NA,NA,0.00,NA,NA,NA
2020-12-09 03:00:00,124.29,211.84,6.76,13.19,19.95,NA,NA,2.25,24.54,NA,NA,NA,NA,NA,NA,NA,NA,NA,NA,NA,0.00,NA,NA,NA
2020-12-09 04:00:00,126.00,199.61,7.01,12.68,19.69,NA,NA,2.32,24.25,NA,NA,NA,NA,NA,NA,NA,NA,NA,NA,NA,0.00,NA,NA,NA
2020-12-09 05:00:00,140.89,223.23,6.93,13.37,20.31,NA,NA,2.40,23.10,NA,NA,NA,NA,NA,NA,NA,NA,NA,NA,NA,0.00,NA,NA,NA
2020-12-09 06:00:00,136.84,193.50,8.44,13.66,22.09,NA,NA,2.64,22.65,NA,NA,NA,NA,NA,NA,NA,NA,NA,NA,NA,0.00,NA,NA,NA
2020-12-09 07:00:00,172.33,227.48,51.63,34.76,86.29,NA,NA,4.06,26.10,NA,NA,NA,NA,NA,NA,NA,NA,NA,NA,NA,0.00,NA,NA,NA
2020-12-09 08:00:00,171.80,266.24,80.97,55.95,136.87,NA,NA,4.70,30.98,NA,NA,NA,NA,NA,NA,NA,NA,NA,NA,NA,0.00,NA,NA,NA
2020-12-09 09:00:00,213.58,336.32,37.25,94.03,131.41,NA,NA,4.04,47.41,NA,NA,NA,NA,NA,NA,NA,NA,NA,NA,NA,0.00,NA,NA,NA
2020-12-09 10:00:00,208.70,289.38,9.17,44.40,53.57,NA,NA,2.54,87.47,NA,NA,NA,NA,NA,NA,NA,NA,NA,NA,NA,0.00,NA,NA,NA
2020-12-09 11:00:00,177.82,240.83,8.20,44.13,52.32,NA,NA,2.57,110.19,NA,NA,NA,NA,NA,NA,NA,NA,NA,NA,NA,0.00,NA,NA,NA
2020-12-09 12:00:00,157.51,246.63,7.63,35.55,43.19,NA,NA,2.27,118.67,NA,NA,NA,NA,NA,NA,NA,NA,NA,NA,NA,0.00,NA,NA,NA
2020-12-09 13:00:00,131.46,254.84,7.20,34.45,41.66,NA,NA,2.26,134.14,NA,NA,NA,NA,NA,NA,NA,NA,NA,NA,NA,0.00,NA,NA,NA
2020-12-09 14:00:00,101.85,203.36,6.75,22.67,29.42,NA,NA,1.94,122.77,NA,NA,NA,NA,NA,NA,NA,NA,NA,NA,NA,0.00,NA,NA,NA
2020-12-09 15:00:00,67.02,143.82,6.50,18.65,25.15,NA,NA,1.81,109.15,NA,NA,NA,NA,NA,NA,NA,NA,NA,NA,NA,0.00,NA,NA,NA
2020-12-09 16:00:00,72.22,144.96,6.34,17.42,23.77,NA,NA,1.76,96.80,NA,NA,NA,NA,NA,NA,NA,NA,NA,NA,NA,0.00,NA,NA,NA
2020-12-09 17:00:00,74.33,138.69,6.17,18.22,24.39,NA,NA,1.88,66.31,NA,NA,NA,NA,NA,NA,NA,NA,NA,NA,NA,0.00,NA,NA,NA
2020-12-09 18:00:00,77.25,140.20,6.10,19.85,25.95,NA,NA,1.89,55.53,NA,NA,NA,NA,NA,NA,NA,NA,NA,NA,NA,0.00,NA,NA,NA
2020-12-09 19:00:00,100.13,171.23,6.23,23.70,29.93,NA,NA,2.18,48.60,NA,NA,NA,NA,NA,NA,NA,NA,NA,NA,NA,0.00,NA,NA,NA
2020-12-09 20:00:00,145.19,229.78,6.33,32.50,38.83,NA,NA,2.96,38.11,NA,NA,NA,NA,NA,NA,NA,NA,NA,NA,NA,0.00,NA,NA,NA
2020-12-09 21:00:00,199.90,294.61,7.47,43.29,50.75,NA,NA,3.84,33.02,NA,NA,NA,NA,NA,NA,NA,NA,NA,NA,NA,0.00,NA,NA,NA
2020-12-09 22:00:00,213.03,325.89,21.95,68.38,90.31,NA,NA,4.71,32.52,NA,NA,NA,NA,NA,NA,NA,NA,NA,NA,NA,0.00,NA,NA,NA
2020-12-09 23:00:00,187.95,311.17,45.77,63.64,109.38,NA,NA,5.09,28.11,NA,NA,NA,NA,NA,NA,NA,NA,NA,NA,NA,0.00,NA,NA,NA
2020-12-10 00:00:00,183.14,295.15,62.96,61.40,124.34,NA,NA,5.08,31.57,NA,NA,NA,NA,NA,NA,NA,NA,NA,NA,NA,0.00,NA,NA,NA
2020-12-10 01:00:00,153.39,262.76,71.45,60.93,132.39,NA,NA,4.85,28.65,NA,NA,NA,NA,NA,NA,NA,NA,NA,NA,NA,0.00,NA,NA,NA
2020-12-10 02:00:00,143.26,241.86,62.79,50.93,113.74,NA,NA,4.21,25.07,NA,NA,NA,NA,NA,NA,NA,NA,NA,NA,NA,0.00,NA,NA,NA
2020-12-10 03:00:00,154.10,233.11,55.53,43.76,99.29,NA,NA,3.78,25.25,NA,NA,NA,NA,NA,NA,NA,NA,NA,NA,NA,0.00,NA,NA,NA
2020-12-10 04:00:00,155.38,242.89,57.56,36.67,94.22,NA,NA,3.51,22.46,NA,NA,NA,NA,NA,NA,NA,NA,NA,NA,NA,0.00,NA,NA,NA
2020-12-10 05:00:00,137.61,248.20,65.56,36.75,102.29,NA,NA,3.55,22.32,NA,NA,NA,NA,NA,NA,NA,NA,NA,NA,NA,0.00,NA,NA,NA
2020-12-10 06:00:00,146.68,236.33,73.45,36.32,109.75,NA,NA,3.65,23.45,NA,NA,NA,NA,NA,NA,NA,NA,NA,NA,NA,0.00,NA,NA,NA
2020-12-10 07:00:00,151.67,243.94,92.25,55.41,147.65,NA,NA,3.51,24.55,NA,NA,NA,NA,NA,NA,NA,NA,NA,NA,NA,0.00,NA,NA,NA
2020-12-10 08:00:00,147.67,293.18,73.96,66.38,140.39,NA,NA,3.39,32.38,NA,NA,NA,NA,NA,NA,NA,NA,NA,NA,NA,0.00,NA,NA,NA
2020-12-10 09:00:00,207.39,315.07,32.22,68.20,100.46,NA,NA,3.05,37.80,NA,NA,NA,NA,NA,NA,NA,NA,NA,NA,NA,0.00,NA,NA,NA
2020-12-10 10:00:00,185.07,278.87,17.72,61.88,79.62,NA,NA,2.56,48.02,NA,NA,NA,NA,NA,NA,NA,NA,NA,NA,NA,0.00,NA,NA,NA
2020-12-10 11:00:00,109.36,194.93,11.30,41.29,52.60,NA,NA,2.09,55.06,NA,NA,NA,NA,NA,NA,NA,NA,NA,NA,NA,0.00,NA,NA,NA
2020-12-10 12:00:00,74.34,168.52,8.87,29.61,38.49,NA,NA,1.88,73.41,NA,NA,NA,NA,NA,NA,NA,NA,NA,NA,NA,0.00,NA,NA,NA
2020-12-10 13:00:00,64.18,142.95,7.86,22.45,30.31,NA,NA,1.74,77.68,NA,NA,NA,NA,NA,NA,NA,NA,NA,NA,NA,0.00,NA,NA,NA
2020-12-10 14:00:00,63.05,122.33,7.27,20.82,28.09,NA,NA,1.75,87.09,NA,NA,NA,NA,NA,NA,NA,NA,NA,NA,NA,0.00,NA,NA,NA
2020-12-10 15:00:00,64.03,133.24,6.82,19.41,26.23,NA,NA,1.79,96.89,NA,NA,NA,NA,NA,NA,NA,NA,NA,NA,NA,0.00,NA,NA,NA
2020-12-10 16:00:00,72.08,148.99,6.61,22.98,29.59,NA,NA,1.86,93.36,NA,NA,NA,NA,NA,NA,NA,NA,NA,NA,NA,0.00,NA,NA,NA
2020-12-10 17:00:00,74.10,170.07,6.33,23.20,29.53,NA,NA,1.95,75.07,NA,NA,NA,NA,NA,NA,NA,NA,NA,NA,NA,0.00,NA,NA,NA
2020-12-10 18:00:00,86.16,184.30,6.36,24.55,30.91,NA,NA,2.12,45.95,NA,NA,NA,NA,NA,NA,NA,NA,NA,NA,NA,0.00,NA,NA,NA
2020-12-10 19:00:00,99.31,200.67,6.38,32.78,39.15,NA,NA,2.42,34.71,NA,NA,NA,NA,NA,NA,NA,NA,NA,NA,NA,0.00,NA,NA,NA
2020-12-10 20:00:00,132.50,242.27,7.23,53.61,60.84,NA,NA,3.03,26.02,NA,NA,NA,NA,NA,NA,NA,NA,NA,NA,NA,0.00,NA,NA,NA
2020-12-10 21:00:00,124.74,231.48,20.01,59.35,79.33,NA,NA,3.73,24.28,NA,NA,NA,NA,NA,NA,NA,NA,NA,NA,NA,0.00,NA,NA,NA
2020-12-10 22:00:00,128.83,242.20,34.13,63.38,97.48,NA,NA,3.97,23.26,NA,NA,NA,NA,NA,NA,NA,NA,NA,NA,NA,0.00,NA,NA,NA
2020-12-10 23:00:00,125.74,219.80,45.08,57.86,102.94,NA,NA,3.89,22.24,NA,NA,NA,NA,NA,NA,NA,NA,NA,NA,NA,0.00,NA,NA,NA
2020-12-11 00:00:00,113.36,186.01,39.85,49.43,89.29,NA,NA,3.55,22.25,NA,NA,NA,NA,NA,NA,NA,NA,NA,NA,NA,0.00,NA,NA,NA
2020-12-11 01:00:00,111.01,185.61,40.07,49.08,89.14,NA,NA,3.50,21.71,NA,NA,NA,NA,NA,NA,NA,NA,NA,NA,NA,0.00,NA,NA,NA
2020-12-11 02:00:00,98.49,171.85,41.01,47.62,88.64,NA,NA,3.50,20.27,NA,NA,NA,NA,NA,NA,NA,NA,NA,NA,NA,0.00,NA,NA,NA
2020-12-11 03:00:00,87.81,152.60,35.10,36.00,71.12,NA,NA,3.20,19.51,NA,NA,NA,NA,NA,NA,NA,NA,NA,NA,NA,0.00,NA,NA,NA
2020-12-11 04:00:00,83.55,135.08,32.20,37.50,69.68,NA,NA,3.02,19.84,NA,NA,NA,NA,NA,NA,NA,NA,NA,NA,NA,0.00,NA,NA,NA
2020-12-11 05:00:00,79.18,134.77,51.28,40.81,92.07,NA,NA,2.94,19.15,NA,NA,NA,NA,NA,NA,NA,NA,NA,NA,NA,0.00,NA,NA,NA
2020-12-11 06:00:00,96.18,146.39,60.95,36.71,97.64,NA,NA,2.92,19.23,NA,NA,NA,NA,NA,NA,NA,NA,NA,NA,NA,0.00,NA,NA,NA
2020-12-11 07:00:00,107.99,174.98,61.56,31.46,93.03,NA,NA,2.93,20.58,NA,NA,NA,NA,NA,NA,NA,NA,NA,NA,NA,0.00,NA,NA,NA
2020-12-11 08:00:00,93.09,155.32,51.14,35.39,86.55,NA,NA,3.28,24.75,NA,NA,NA,NA,NA,NA,NA,NA,NA,NA,NA,0.00,NA,NA,NA
2020-12-11 09:00:00,115.05,177.63,28.05,66.18,94.25,NA,NA,3.12,37.41,NA,NA,NA,NA,NA,NA,NA,NA,NA,NA,NA,0.00,NA,NA,NA
2020-12-11 10:00:00,161.44,226.47,15.24,66.68,81.94,NA,NA,2.99,53.00,NA,NA,NA,NA,NA,NA,NA,NA,NA,NA,NA,0.00,NA,NA,NA
2020-12-11 11:00:00,159.66,237.24,11.18,53.09,64.28,NA,NA,2.62,61.45,NA,NA,NA,NA,NA,NA,NA,NA,NA,NA,NA,0.00,NA,NA,NA
2020-12-11 12:00:00,198.06,299.78,9.83,64.40,74.23,NA,NA,3.10,92.04,NA,NA,NA,NA,NA,NA,NA,NA,NA,NA,NA,0.00,NA,NA,NA
2020-12-11 13:00:00,178.82,267.64,8.06,37.97,46.03,NA,NA,2.31,84.88,NA,NA,NA,NA,NA,NA,NA,NA,NA,NA,NA,0.00,NA,NA,NA
2020-12-11 14:00:00,98.25,156.29,7.87,27.54,35.41,NA,NA,2.05,91.30,NA,NA,NA,NA,NA,NA,NA,NA,NA,NA,NA,0.00,NA,NA,NA
2020-12-11 15:00:00,106.17,173.74,7.13,24.22,31.35,NA,NA,1.97,85.43,NA,NA,NA,NA,NA,NA,NA,NA,NA,NA,NA,0.00,NA,NA,NA
2020-12-11 16:00:00,81.71,173.21,6.70,25.91,32.61,NA,NA,1.94,72.14,NA,NA,NA,NA,NA,NA,NA,NA,NA,NA,NA,0.00,NA,NA,NA
2020-12-11 17:00:00,89.04,171.64,6.46,26.54,33.01,NA,NA,2.00,56.42,NA,NA,NA,NA,NA,NA,NA,NA,NA,NA,NA,0.00,NA,NA,NA
2020-12-11 18:00:00,122.57,203.47,6.28,31.18,37.46,NA,NA,2.30,66.25,NA,NA,NA,NA,NA,NA,NA,NA,NA,NA,NA,0.00,NA,NA,NA
2020-12-11 19:00:00,155.51,271.97,6.47,31.65,38.12,NA,NA,2.59,45.88,NA,NA,NA,NA,NA,NA,NA,NA,NA,NA,NA,0.00,NA,NA,NA
2020-12-11 20:00:00,203.79,292.70,6.74,44.86,51.60,NA,NA,3.20,43.37,NA,NA,NA,NA,NA,NA,NA,NA,NA,NA,NA,0.00,NA,NA,NA
2020-12-11 21:00:00,220.37,332.92,7.18,33.57,40.75,NA,NA,3.33,36.42,NA,NA,NA,NA,NA,NA,NA,NA,NA,NA,NA,0.00,NA,NA,NA
2020-12-11 22:00:00,226.64,303.38,6.93,33.80,40.73,NA,NA,3.29,39.62,NA,NA,NA,NA,NA,NA,NA,NA,NA,NA,NA,0.00,NA,NA,NA
2020-12-11 23:00:00,246.91,294.07,6.72,32.27,38.99,NA,NA,3.36,44.76,NA,NA,NA,NA,NA,NA,NA,NA,NA,NA,NA,0.00,NA,NA,NA
2020-12-12 00:00:00,266.61,390.42,6.79,39.97,46.76,NA,NA,3.69,48.14,NA,NA,NA,NA,NA,NA,NA,NA,NA,NA,NA,0.00,NA,NA,NA
2020-12-12 01:00:00,270.83,432.78,9.27,47.17,56.44,NA,NA,3.72,39.24,NA,NA,NA,NA,NA,NA,NA,NA,NA,NA,NA,0.00,NA,NA,NA
2020-12-12 02:00:00,261.52,339.66,6.91,36.46,43.37,NA,NA,3.42,41.02,NA,NA,NA,NA,NA,NA,NA,NA,NA,NA,NA,0.00,NA,NA,NA
2020-12-12 03:00:00,241.00,345.93,6.93,32.48,39.41,NA,NA,3.40,37.29,NA,NA,NA,NA,NA,NA,NA,NA,NA,NA,NA,0.00,NA,NA,NA
2020-12-12 04:00:00,208.85,324.94,7.05,22.62,29.68,NA,NA,3.35,33.69,NA,NA,NA,NA,NA,NA,NA,NA,NA,NA,NA,0.00,NA,NA,NA
2020-12-12 05:00:00,222.42,281.68,18.10,25.14,43.27,NA,NA,3.43,31.83,NA,NA,NA,NA,NA,NA,NA,NA,NA,NA,NA,0.00,NA,NA,NA
2020-12-12 06:00:00,229.68,376.12,25.19,23.06,48.26,NA,NA,3.39,30.02,NA,NA,NA,NA,NA,NA,NA,NA,NA,NA,NA,0.00,NA,NA,NA
2020-12-12 07:00:00,190.81,292.68,25.37,29.08,54.44,NA,NA,3.32,31.39,NA,NA,NA,NA,NA,NA,NA,NA,NA,NA,NA,0.00,NA,NA,NA
2020-12-12 08:00:00,142.56,214.95,11.96,25.25,37.19,NA,NA,2.51,27.82,NA,NA,NA,NA,NA,NA,NA,NA,NA,NA,NA,0.00,NA,NA,NA
2020-12-12 09:00:00,99.80,153.99,10.44,24.35,34.79,NA,NA,2.28,30.38,NA,NA,NA,NA,NA,NA,NA,NA,NA,NA,NA,0.00,NA,NA,NA
2020-12-12 10:00:00,90.48,188.94,11.04,29.48,40.52,NA,NA,2.31,39.40,NA,NA,NA,NA,NA,NA,NA,NA,NA,NA,NA,0.00,NA,NA,NA
2020-12-12 11:00:00,117.60,227.00,10.77,30.91,41.69,NA,NA,2.37,46.14,NA,NA,NA,NA,NA,NA,NA,NA,NA,NA,NA,0.00,NA,NA,NA
2020-12-12 12:00:00,134.21,217.95,9.84,29.90,39.73,NA,NA,2.35,55.33,NA,NA,NA,NA,NA,NA,NA,NA,NA,NA,NA,0.00,NA,NA,NA
2020-12-12 13:00:00,130.71,204.14,8.90,30.92,39.85,NA,NA,2.45,70.47,NA,NA,NA,NA,NA,NA,NA,NA,NA,NA,NA,0.00,NA,NA,NA
2020-12-12 14:00:00,134.69,207.55,7.71,30.03,37.74,NA,NA,2.39,84.06,NA,NA,NA,NA,NA,NA,NA,NA,NA,NA,NA,0.00,NA,NA,NA
2020-12-12 15:00:00,153.58,263.60,7.60,35.28,42.87,NA,NA,2.53,87.54,NA,NA,NA,NA,NA,NA,NA,NA,NA,NA,NA,0.00,NA,NA,NA
2020-12-12 16:00:00,160.00,249.88,6.85,33.67,40.60,NA,NA,2.79,83.40,NA,NA,NA,NA,NA,NA,NA,NA,NA,NA,NA,0.00,NA,NA,NA
2020-12-12 17:00:00,258.84,387.16,7.72,61.20,68.91,NA,NA,4.57,46.28,NA,NA,NA,NA,NA,NA,NA,NA,NA,NA,NA,0.00,NA,NA,NA
2020-12-12 18:00:00,318.17,443.86,7.69,51.71,59.36,NA,NA,4.63,33.46,NA,NA,NA,NA,NA,NA,NA,NA,NA,NA,NA,0.00,NA,NA,NA
2020-12-12 19:00:00,254.96,381.91,10.03,32.65,42.65,NA,NA,4.70,34.48,NA,NA,NA,NA,NA,NA,NA,NA,NA,NA,NA,0.00,NA,NA,NA
2020-12-12 20:00:00,231.71,374.53,13.93,24.01,37.94,NA,NA,4.70,32.61,NA,NA,NA,NA,NA,NA,NA,NA,NA,NA,NA,0.00,NA,NA,NA
2020-12-12 21:00:00,268.53,388.16,16.37,23.30,39.67,NA,NA,4.93,34.45,NA,NA,NA,NA,NA,NA,NA,NA,NA,NA,NA,0.00,NA,NA,NA
2020-12-12 22:00:00,245.81,335.65,21.32,19.25,40.60,NA,NA,5.17,32.91,NA,NA,NA,NA,NA,NA,NA,NA,NA,NA,NA,0.00,NA,NA,NA
2020-12-12 23:00:00,234.38,367.13,28.05,22.62,50.74,NA,NA,5.71,35.18,NA,NA,NA,NA,NA,NA,NA,NA,NA,NA,NA,0.00,NA,NA,NA
2020-12-13 00:00:00,245.73,398.97,25.94,40.27,66.19,NA,NA,5.25,34.97,NA,NA,NA,NA,NA,NA,NA,NA,NA,NA,NA,0.00,NA,NA,NA
2020-12-13 01:00:00,257.06,377.29,14.34,39.45,53.78,NA,NA,4.53,32.83,NA,NA,NA,NA,NA,NA,NA,NA,NA,NA,NA,0.00,NA,NA,NA
2020-12-13 02:00:00,217.75,301.36,8.89,30.81,39.65,NA,NA,3.20,32.71,NA,NA,NA,NA,NA,NA,NA,NA,NA,NA,NA,0.00,NA,NA,NA
2020-12-13 03:00:00,104.75,131.75,6.36,14.99,21.35,NA,NA,2.33,38.27,NA,NA,NA,NA,NA,NA,NA,NA,NA,NA,NA,0.00,NA,NA,NA
2020-12-13 04:00:00,89.48,139.88,6.44,15.02,21.47,NA,NA,2.33,38.24,NA,NA,NA,NA,NA,NA,NA,NA,NA,NA,NA,0.00,NA,NA,NA
2020-12-13 05:00:00,103.05,148.89,6.33,16.46,22.80,NA,NA,2.22,31.55,NA,NA,NA,NA,NA,NA,NA,NA,NA,NA,NA,0.00,NA,NA,NA
2020-12-13 06:00:00,102.11,120.42,6.43,19.14,25.56,NA,NA,2.39,26.30,NA,NA,NA,NA,NA,NA,NA,NA,NA,NA,NA,0.00,NA,NA,NA
2020-12-13 07:00:00,84.66,99.89,7.65,16.66,24.31,NA,NA,2.46,20.13,NA,NA,NA,NA,NA,NA,NA,NA,NA,NA,NA,0.00,NA,NA,NA
2020-12-13 08:00:00,113.65,150.56,16.83,22.40,39.21,NA,NA,2.53,25.05,NA,NA,NA,NA,NA,NA,NA,NA,NA,NA,NA,0.00,NA,NA,NA
2020-12-13 09:00:00,107.10,142.11,12.71,29.17,41.90,NA,NA,2.25,31.76,NA,NA,NA,NA,NA,NA,NA,NA,NA,NA,NA,0.00,NA,NA,NA
2020-12-13 10:00:00,82.02,97.18,10.35,26.58,36.94,NA,NA,2.07,44.93,NA,NA,NA,NA,NA,NA,NA,NA,NA,NA,NA,0.00,NA,NA,NA
2020-12-13 11:00:00,61.53,84.36,9.46,22.54,32.01,NA,NA,1.89,50.11,NA,NA,NA,NA,NA,NA,NA,NA,NA,NA,NA,0.00,NA,NA,NA
2020-12-13 12:00:00,40.35,64.65,8.31,16.77,25.08,NA,NA,1.64,54.59,NA,NA,NA,NA,NA,NA,NA,NA,NA,NA,NA,0.00,NA,NA,NA
2020-12-13 13:00:00,26.09,71.41,7.67,11.96,19.64,NA,NA,1.52,58.19,NA,NA,NA,NA,NA,NA,NA,NA,NA,NA,NA,0.00,NA,NA,NA
2020-12-13 14:00:00,19.40,40.48,7.30,10.36,17.66,NA,NA,1.47,61.26,NA,NA,NA,NA,NA,NA,NA,NA,NA,NA,NA,0.00,NA,NA,NA
2020-12-13 15:00:00,19.17,57.94,6.99,11.20,18.19,NA,NA,1.54,65.97,NA,NA,NA,NA,NA,NA,NA,NA,NA,NA,NA,0.00,NA,NA,NA
2020-12-13 16:00:00,39.63,72.28,6.67,12.11,18.79,NA,NA,1.58,63.48,NA,NA,NA,NA,NA,NA,NA,NA,NA,NA,NA,0.00,NA,NA,NA
2020-12-13 17:00:00,37.71,82.38,6.30,16.84,23.15,NA,NA,1.75,51.68,NA,NA,NA,NA,NA,NA,NA,NA,NA,NA,NA,0.00,NA,NA,NA
2020-12-13 18:00:00,49.00,90.67,6.27,21.32,27.59,NA,NA,1.87,36.86,NA,NA,NA,NA,NA,NA,NA,NA,NA,NA,NA,0.00,NA,NA,NA
2020-12-13 19:00:00,57.28,105.92,6.31,26.46,32.78,NA,NA,2.07,28.99,NA,NA,NA,NA,NA,NA,NA,NA,NA,NA,NA,0.00,NA,NA,NA
2020-12-13 20:00:00,73.90,114.05,6.42,26.90,33.32,NA,NA,2.25,23.57,NA,NA,NA,NA,NA,NA,NA,NA,NA,NA,NA,0.00,NA,NA,NA
2020-12-13 21:00:00,82.95,117.36,6.62,25.90,32.52,NA,NA,2.26,20.12,NA,NA,NA,NA,NA,NA,NA,NA,NA,NA,NA,0.00,NA,NA,NA
2020-12-13 22:00:00,84.32,95.35,7.00,21.99,28.99,NA,NA,2.26,19.55,NA,NA,NA,NA,NA,NA,NA,NA,NA,NA,NA,0.00,NA,NA,NA
2020-12-13 23:00:00,81.08,107.81,8.09,23.43,31.51,NA,NA,2.38,19.79,NA,NA,NA,NA,NA,NA,NA,NA,NA,NA,NA,0.00,NA,NA,NA
2020-12-14 00:00:00,76.70,114.91,12.81,23.57,36.38,NA,NA,2.41,19.83,NA,NA,NA,NA,NA,NA,NA,NA,NA,NA,NA,0.00,NA,NA,NA
2020-12-14 01:00:00,63.46,104.60,8.63,23.42,32.06,NA,NA,2.18,21.89,NA,NA,NA,NA,NA,NA,NA,NA,NA,NA,NA,0.00,NA,NA,NA
2020-12-14 02:00:00,45.72,84.93,6.34,16.59,22.93,NA,NA,1.88,24.05,NA,NA,NA,NA,NA,NA,NA,NA,NA,NA,NA,0.00,NA,NA,NA
2020-12-14 03:00:00,48.75,83.45,6.28,17.56,23.84,NA,NA,1.83,21.77,NA,NA,NA,NA,NA,NA,NA,NA,NA,NA,NA,0.00,NA,NA,NA
2020-12-14 04:00:00,43.84,91.64,6.23,13.62,19.85,NA,NA,1.70,30.66,NA,NA,NA,NA,NA,NA,NA,NA,NA,NA,NA,0.00,NA,NA,NA
2020-12-14 05:00:00,36.48,65.82,6.25,13.26,19.50,NA,NA,1.68,32.09,NA,NA,NA,NA,NA,NA,NA,NA,NA,NA,NA,0.00,NA,NA,NA
2020-12-14 06:00:00,64.33,67.81,6.18,14.22,20.40,NA,NA,1.66,31.12,NA,NA,NA,NA,NA,NA,NA,NA,NA,NA,NA,0.00,NA,NA,NA
2020-12-14 07:00:00,53.26,62.69,6.37,15.76,22.13,NA,NA,1.68,29.39,NA,NA,NA,NA,NA,NA,NA,NA,NA,NA,NA,0.00,NA,NA,NA
2020-12-14 08:00:00,58.66,66.20,7.48,16.84,24.33,NA,NA,1.70,32.52,NA,NA,NA,NA,NA,NA,NA,NA,NA,NA,NA,0.00,NA,NA,NA
2020-12-14 09:00:00,60.94,82.01,9.73,23.16,32.89,NA,NA,1.72,38.56,NA,NA,NA,NA,NA,NA,NA,NA,NA,NA,NA,0.00,NA,NA,NA
2020-12-14 10:00:00,83.57,108.04,9.32,22.59,31.92,NA,NA,1.75,49.03,NA,NA,NA,NA,NA,NA,NA,NA,NA,NA,NA,0.00,NA,NA,NA
2020-12-14 11:00:00,70.69,110.23,8.65,20.78,29.43,NA,NA,1.75,55.11,NA,NA,NA,NA,NA,NA,NA,NA,NA,NA,NA,0.00,NA,NA,NA
2020-12-14 12:00:00,56.30,110.41,8.24,18.47,26.71,NA,NA,1.72,62.17,NA,NA,NA,NA,NA,NA,NA,NA,NA,NA,NA,0.00,NA,NA,NA
2020-12-14 13:00:00,50.77,99.90,8.06,17.39,25.45,NA,NA,1.71,68.36,NA,NA,NA,NA,NA,NA,NA,NA,NA,NA,NA,0.00,NA,NA,NA
2020-12-14 14:00:00,51.92,93.04,7.36,16.06,23.42,NA,NA,1.73,79.90,NA,NA,NA,NA,NA,NA,NA,NA,NA,NA,NA,0.00,NA,NA,NA
2020-12-14 15:00:00,63.19,115.55,7.43,21.22,28.64,NA,NA,1.78,80.30,NA,NA,NA,NA,NA,NA,NA,NA,NA,NA,NA,0.00,NA,NA,NA
2020-12-14 16:00:00,58.76,104.89,6.72,15.70,22.42,NA,NA,1.69,70.38,NA,NA,NA,NA,NA,NA,NA,NA,NA,NA,NA,0.00,NA,NA,NA
2020-12-14 17:00:00,44.76,86.15,6.29,14.37,20.66,NA,NA,1.71,57.22,NA,NA,NA,NA,NA,NA,NA,NA,NA,NA,NA,0.00,NA,NA,NA
2020-12-14 18:00:00,56.62,95.68,6.29,19.08,25.37,NA,NA,1.88,40.01,NA,NA,NA,NA,NA,NA,NA,NA,NA,NA,NA,0.00,NA,NA,NA
2020-12-14 19:00:00,75.99,120.22,6.36,22.77,29.14,NA,NA,2.08,29.42,NA,NA,NA,NA,NA,NA,NA,NA,NA,NA,NA,0.00,NA,NA,NA
2020-12-14 20:00:00,77.65,123.78,6.65,26.64,33.28,NA,NA,2.39,24.15,NA,NA,NA,NA,NA,NA,NA,NA,NA,NA,NA,0.00,NA,NA,NA
2020-12-14 21:00:00,94.86,140.27,7.11,30.51,37.62,NA,NA,2.48,22.79,NA,NA,NA,NA,NA,NA,NA,NA,NA,NA,NA,0.00,NA,NA,NA
2020-12-14 22:00:00,97.62,143.64,7.52,27.13,34.65,NA,NA,2.58,22.89,NA,NA,NA,NA,NA,NA,NA,NA,NA,NA,NA,0.00,NA,NA,NA
2020-12-14 23:00:00,87.32,132.66,9.58,26.19,35.76,NA,NA,2.62,22.28,NA,NA,NA,NA,NA,NA,NA,NA,NA,NA,NA,0.00,NA,NA,NA
2020-12-15 00:00:00,89.72,126.31,12.56,20.07,32.64,NA,NA,2.58,21.98,NA,NA,NA,NA,NA,NA,NA,NA,NA,NA,NA,0.00,NA,NA,NA
2020-12-15 01:00:00,86.98,141.85,14.88,17.78,32.65,NA,NA,2.57,22.41,NA,NA,NA,NA,NA,NA,NA,NA,NA,NA,NA,0.00,NA,NA,NA
2020-12-15 02:00:00,84.20,144.96,16.58,14.55,31.13,NA,NA,2.56,21.13,NA,NA,NA,NA,NA,NA,NA,NA,NA,NA,NA,0.00,NA,NA,NA
2020-12-15 03:00:00,85.82,129.48,19.30,15.74,35.04,NA,NA,2.43,24.02,NA,NA,NA,NA,NA,NA,NA,NA,NA,NA,NA,0.00,NA,NA,NA
2020-12-15 04:00:00,79.65,126.98,18.82,16.54,35.36,NA,NA,2.41,23.71,NA,NA,NA,NA,NA,NA,NA,NA,NA,NA,NA,0.00,NA,NA,NA
2020-12-15 05:00:00,89.21,115.17,15.22,18.98,34.21,NA,NA,2.14,22.20,NA,NA,NA,NA,NA,NA,NA,NA,NA,NA,NA,0.00,NA,NA,NA
2020-12-15 06:00:00,89.31,97.85,10.77,20.13,30.90,NA,NA,2.19,22.11,NA,NA,NA,NA,NA,NA,NA,NA,NA,NA,NA,0.00,NA,NA,NA
2020-12-15 07:00:00,94.31,115.19,16.69,24.89,41.55,NA,NA,2.25,25.16,NA,NA,NA,NA,NA,NA,NA,NA,NA,NA,NA,0.00,NA,NA,NA
2020-12-15 08:00:00,91.60,154.15,25.21,28.32,53.54,NA,NA,2.43,29.46,NA,NA,NA,NA,NA,NA,NA,NA,NA,NA,NA,0.00,NA,NA,NA
2020-12-15 09:00:00,91.91,178.30,18.93,36.86,55.79,NA,NA,2.33,34.17,NA,NA,NA,NA,NA,NA,NA,NA,NA,NA,NA,0.00,NA,NA,NA
2020-12-15 10:00:00,113.92,194.24,14.62,36.36,50.98,NA,NA,2.15,42.10,NA,NA,NA,NA,NA,NA,NA,NA,NA,NA,NA,0.00,NA,NA,NA
2020-12-15 11:00:00,140.57,209.83,12.28,33.97,46.26,NA,NA,2.03,54.84,NA,NA,NA,NA,NA,NA,NA,NA,NA,NA,NA,0.00,NA,NA,NA
2020-12-15 12:00:00,151.18,220.64,10.20,32.78,42.98,NA,NA,1.80,71.36,NA,NA,NA,NA,NA,NA,NA,NA,NA,NA,NA,0.00,NA,NA,NA
2020-12-15 13:00:00,155.71,237.55,8.72,29.42,38.15,NA,NA,1.84,88.14,NA,NA,NA,NA,NA,NA,NA,NA,NA,NA,NA,0.00,NA,NA,NA
2020-12-15 14:00:00,125.96,189.50,7.57,22.78,30.35,NA,NA,1.65,96.01,NA,NA,NA,NA,NA,NA,NA,NA,NA,NA,NA,0.00,NA,NA,NA
2020-12-15 15:00:00,102.09,151.75,7.25,20.39,27.64,NA,NA,1.55,80.96,NA,NA,NA,NA,NA,NA,NA,NA,NA,NA,NA,0.00,NA,NA,NA
2020-12-15 16:00:00,82.09,128.79,7.06,23.16,30.21,NA,NA,1.61,70.97,NA,NA,NA,NA,NA,NA,NA,NA,NA,NA,NA,0.00,NA,NA,NA
2020-12-15 17:00:00,72.55,124.07,6.35,20.04,26.39,NA,NA,1.75,58.42,NA,NA,NA,NA,NA,NA,NA,NA,NA,NA,NA,0.00,NA,NA,NA
2020-12-15 18:00:00,86.25,137.63,6.32,26.31,32.63,NA,NA,2.27,41.26,NA,NA,NA,NA,NA,NA,NA,NA,NA,NA,NA,0.00,NA,NA,NA
2020-12-15 19:00:00,119.30,175.35,44.62,26.31,71.03,NA,NA,2.88,22.60,NA,NA,NA,NA,NA,NA,NA,NA,NA,NA,NA,0.00,NA,NA,NA
2020-12-15 20:00:00,80.06,129.54,16.69,32.01,48.80,NA,NA,3.06,34.03,NA,NA,NA,NA,NA,NA,NA,NA,NA,NA,NA,0.00,NA,NA,NA
2020-12-15 21:00:00,NA,NA,6.49,40.99,47.49,NA,NA,3.07,33.90,NA,NA,NA,NA,NA,NA,NA,NA,NA,NA,NA,0.00,NA,NA,NA
2020-12-15 22:00:00,13.42,23.21,6.41,34.65,41.06,NA,NA,2.86,33.80,NA,NA,NA,NA,NA,NA,NA,NA,NA,NA,NA,0.00,NA,NA,NA
2020-12-15 23:00:00,86.09,114.63,6.56,30.93,37.49,NA,NA,2.98,26.56,NA,NA,NA,NA,NA,NA,NA,NA,NA,NA,NA,0.00,NA,NA,NA
2020-12-16 00:00:00,96.17,127.44,6.73,22.30,29.03,NA,NA,2.76,26.28,NA,NA,NA,NA,NA,NA,NA,NA,NA,NA,NA,0.00,NA,NA,NA
2020-12-16 01:00:00,75.15,132.15,6.58,26.46,33.04,NA,NA,2.48,32.30,NA,NA,NA,NA,NA,NA,NA,NA,NA,NA,NA,0.00,NA,NA,NA
2020-12-16 02:00:00,91.19,125.64,6.24,23.41,29.65,NA,NA,2.12,34.13,NA,NA,NA,NA,NA,NA,NA,NA,NA,NA,NA,0.00,NA,NA,NA
2020-12-16 03:00:00,84.03,127.94,6.20,23.05,29.25,NA,NA,2.14,29.62,NA,NA,NA,NA,NA,NA,NA,NA,NA,NA,NA,0.00,NA,NA,NA
2020-12-16 04:00:00,87.88,131.63,6.38,19.51,25.89,NA,NA,2.25,26.81,NA,NA,NA,NA,NA,NA,NA,NA,NA,NA,NA,0.00,NA,NA,NA
2020-12-16 05:00:00,102.99,136.70,6.75,23.05,29.80,NA,NA,2.35,25.60,NA,NA,NA,NA,NA,NA,NA,NA,NA,NA,NA,0.00,NA,NA,NA
2020-12-16 06:00:00,117.11,135.40,7.08,24.18,31.25,NA,NA,2.26,27.19,NA,NA,NA,NA,NA,NA,NA,NA,NA,NA,NA,0.00,NA,NA,NA
2020-12-16 07:00:00,113.13,135.17,9.51,27.29,36.80,NA,NA,2.31,29.68,NA,NA,NA,NA,NA,NA,NA,NA,NA,NA,NA,0.00,NA,NA,NA
2020-12-16 08:00:00,102.07,159.54,14.50,27.85,42.34,NA,NA,2.34,33.23,NA,NA,NA,NA,NA,NA,NA,NA,NA,NA,NA,0.00,NA,NA,NA
2020-12-16 09:00:00,96.79,156.34,13.75,31.03,44.77,NA,NA,2.26,34.20,NA,NA,NA,NA,NA,NA,NA,NA,NA,NA,NA,0.00,NA,NA,NA
2020-12-16 10:00:00,89.51,138.21,13.48,29.33,42.82,NA,NA,2.25,41.24,NA,NA,NA,NA,NA,NA,NA,NA,NA,NA,NA,0.00,NA,NA,NA
2020-12-16 11:00:00,98.77,141.32,11.65,26.99,38.65,NA,NA,2.15,49.50,NA,NA,NA,NA,NA,NA,NA,NA,NA,NA,NA,0.00,NA,NA,NA
2020-12-16 12:00:00,105.13,159.38,12.06,27.00,39.06,NA,NA,2.10,58.66,NA,NA,NA,NA,NA,NA,NA,NA,NA,NA,NA,0.00,NA,NA,NA
2020-12-16 13:00:00,102.04,132.84,13.27,25.61,38.88,NA,NA,2.06,51.05,NA,NA,NA,NA,NA,NA,NA,NA,NA,NA,NA,0.00,NA,NA,NA
2020-12-16 14:00:00,93.10,116.35,25.45,28.13,53.54,NA,NA,2.07,50.41,NA,NA,NA,NA,NA,NA,NA,NA,NA,NA,NA,0.00,NA,NA,NA
2020-12-16 15:00:00,108.14,181.73,24.82,24.81,49.66,NA,NA,1.53,65.94,NA,NA,NA,NA,NA,NA,NA,NA,NA,NA,NA,0.00,NA,NA,NA
2020-12-16 16:00:00,81.90,128.04,7.03,21.86,28.89,NA,NA,1.81,61.13,NA,NA,NA,NA,NA,NA,NA,NA,NA,NA,NA,0.00,NA,NA,NA
2020-12-16 17:00:00,87.88,127.38,6.40,27.31,33.71,NA,NA,2.10,47.58,NA,NA,NA,NA,NA,NA,NA,NA,NA,NA,NA,0.00,NA,NA,NA
2020-12-16 18:00:00,104.63,154.04,6.26,31.07,37.33,NA,NA,2.29,36.41,NA,NA,NA,NA,NA,NA,NA,NA,NA,NA,NA,0.00,NA,NA,NA
2020-12-16 19:00:00,107.04,156.23,6.29,33.33,39.62,NA,NA,2.49,34.69,NA,NA,NA,NA,NA,NA,NA,NA,NA,NA,NA,0.00,NA,NA,NA
2020-12-16 20:00:00,132.48,189.38,6.25,28.25,34.50,NA,NA,2.45,44.52,NA,NA,NA,NA,NA,NA,NA,NA,NA,NA,NA,0.00,NA,NA,NA
2020-12-16 21:00:00,142.56,209.04,6.16,26.56,32.72,NA,NA,2.38,38.85,NA,NA,NA,NA,NA,NA,NA,NA,NA,NA,NA,0.00,NA,NA,NA
2020-12-16 22:00:00,128.89,198.24,6.25,29.83,36.08,NA,NA,2.43,37.86,NA,NA,NA,NA,NA,NA,NA,NA,NA,NA,NA,0.00,NA,NA,NA
2020-12-16 23:00:00,153.05,224.35,6.24,26.60,32.84,NA,NA,2.46,35.54,NA,NA,NA,NA,NA,NA,NA,NA,NA,NA,NA,0.00,NA,NA,NA
2020-12-17 00:00:00,160.35,199.33,6.21,23.25,29.46,NA,NA,2.37,33.12,NA,NA,NA,NA,NA,NA,NA,NA,NA,NA,NA,0.00,NA,NA,NA
2020-12-17 01:00:00,136.14,205.89,6.85,18.88,25.73,NA,NA,2.26,27.85,NA,NA,NA,NA,NA,NA,NA,NA,NA,NA,NA,0.00,NA,NA,NA
2020-12-17 02:00:00,108.65,164.33,6.32,15.94,22.27,NA,NA,2.13,28.07,NA,NA,NA,NA,NA,NA,NA,NA,NA,NA,NA,0.00,NA,NA,NA
2020-12-17 03:00:00,88.71,137.75,6.10,11.43,17.52,NA,NA,1.99,33.79,NA,NA,NA,NA,NA,NA,NA,NA,NA,NA,NA,0.00,NA,NA,NA
2020-12-17 04:00:00,81.41,125.14,6.13,12.02,18.15,NA,NA,1.96,31.80,NA,NA,NA,NA,NA,NA,NA,NA,NA,NA,NA,0.00,NA,NA,NA
2020-12-17 05:00:00,80.52,109.81,6.28,10.86,17.14,NA,NA,1.92,35.00,NA,NA,NA,NA,NA,NA,NA,NA,NA,NA,NA,0.00,NA,NA,NA
2020-12-17 06:00:00,NA,NA,NA,NA,NA,NA,NA,NA,28.41,NA,NA,NA,NA,NA,NA,NA,NA,NA,NA,NA,0.00,NA,NA,NA
2020-12-17 07:00:00,NA,NA,NA,NA,NA,NA,NA,NA,20.74,NA,NA,NA,NA,NA,NA,NA,NA,NA,NA,NA,0.00,NA,NA,NA
2020-12-17 08:00:00,NA,NA,NA,NA,NA,NA,NA,NA,33.21,NA,NA,NA,NA,NA,NA,NA,NA,NA,NA,NA,0.00,NA,NA,NA
2020-12-17 09:00:00,NA,NA,NA,NA,NA,NA,NA,NA,32.88,NA,NA,NA,NA,NA,NA,NA,NA,NA,NA,NA,0.00,NA,NA,NA
2020-12-17 10:00:00,NA,NA,NA,NA,NA,NA,NA,NA,39.54,NA,NA,NA,NA,NA,NA,NA,NA,NA,NA,NA,0.00,NA,NA,NA
2020-12-17 11:00:00,NA,NA,NA,NA,NA,NA,NA,NA,44.51,NA,NA,NA,NA,NA,NA,NA,NA,NA,NA,NA,0.00,NA,NA,NA
2020-12-17 12:00:00,NA,NA,NA,NA,NA,NA,NA,NA,48.92,NA,NA,NA,NA,NA,NA,NA,NA,NA,NA,NA,0.00,NA,NA,NA
2020-12-17 13:00:00,NA,NA,NA,NA,NA,NA,NA,NA,59.15,NA,NA,NA,NA,NA,NA,NA,NA,NA,NA,NA,0.00,NA,NA,NA
2020-12-17 14:00:00,100.60,132.71,11.42,18.93,40.98,NA,NA,2.05,61.38,NA,NA,NA,NA,NA,NA,NA,NA,NA,NA,NA,0.00,NA,NA,NA
2020-12-17 15:00:00,82.43,119.98,7.21,15.03,22.23,NA,NA,2.06,68.34,NA,NA,NA,NA,NA,NA,NA,NA,NA,NA,NA,0.00,NA,NA,NA
2020-12-17 16:00:00,78.70,114.46,6.49,13.34,19.82,NA,NA,2.03,70.09,NA,NA,NA,NA,NA,NA,NA,NA,NA,NA,NA,0.00,NA,NA,NA
2020-12-17 17:00:00,89.90,134.15,6.20,16.52,22.73,NA,NA,2.15,67.39,NA,NA,NA,NA,NA,NA,NA,NA,NA,NA,NA,0.00,NA,NA,NA
2020-12-17 18:00:00,129.03,172.52,6.14,21.84,27.97,NA,NA,2.34,60.05,NA,NA,NA,NA,NA,NA,NA,NA,NA,NA,NA,0.00,NA,NA,NA
2020-12-17 19:00:00,183.70,212.87,6.27,31.88,38.16,NA,NA,2.89,48.25,NA,NA,NA,NA,NA,NA,NA,NA,NA,NA,NA,0.00,NA,NA,NA
2020-12-17 20:00:00,171.06,222.94,6.23,27.13,33.34,NA,NA,2.53,51.11,NA,NA,NA,NA,NA,NA,NA,NA,NA,NA,NA,0.00,NA,NA,NA
2020-12-17 21:00:00,144.61,182.45,9.13,45.15,54.32,NA,NA,3.23,35.43,NA,NA,NA,NA,NA,NA,NA,NA,NA,NA,NA,0.00,NA,NA,NA
2020-12-17 22:00:00,171.81,264.55,8.43,39.40,47.77,NA,NA,3.07,32.95,NA,NA,NA,NA,NA,NA,NA,NA,NA,NA,NA,0.00,NA,NA,NA
2020-12-17 23:00:00,131.23,213.86,11.58,41.18,52.81,NA,NA,2.72,30.69,NA,NA,NA,NA,NA,NA,NA,NA,NA,NA,NA,0.00,NA,NA,NA
2020-12-18 00:00:00,135.01,194.47,6.44,24.28,30.66,NA,NA,2.17,42.77,NA,NA,NA,NA,NA,NA,NA,NA,NA,NA,NA,0.00,NA,NA,NA
2020-12-18 01:00:00,115.80,156.77,6.27,23.44,29.72,NA,NA,2.17,36.28,NA,NA,NA,NA,NA,NA,NA,NA,NA,NA,NA,0.00,NA,NA,NA
2020-12-18 02:00:00,104.81,142.31,6.34,20.67,27.00,NA,NA,2.08,47.32,NA,NA,NA,NA,NA,NA,NA,NA,NA,NA,NA,0.00,NA,NA,NA
2020-12-18 03:00:00,91.85,118.73,6.66,15.91,22.56,NA,NA,1.98,51.00,NA,NA,NA,NA,NA,NA,NA,NA,NA,NA,NA,0.00,NA,NA,NA
2020-12-18 04:00:00,76.21,100.85,6.23,15.31,21.54,NA,NA,1.94,49.23,NA,NA,NA,NA,NA,NA,NA,NA,NA,NA,NA,0.00,NA,NA,NA
2020-12-18 05:00:00,79.20,95.18,6.11,14.51,20.62,NA,NA,1.92,55.64,NA,NA,NA,NA,NA,NA,NA,NA,NA,NA,NA,0.00,NA,NA,NA
2020-12-18 06:00:00,90.21,102.71,6.08,19.14,25.25,NA,NA,1.97,48.21,NA,NA,NA,NA,NA,NA,NA,NA,NA,NA,NA,0.00,NA,NA,NA
2020-12-18 07:00:00,97.61,95.00,6.46,22.59,29.05,NA,NA,2.02,46.20,NA,NA,NA,NA,NA,NA,NA,NA,NA,NA,NA,0.00,NA,NA,NA
2020-12-18 08:00:00,85.52,103.41,7.67,23.58,31.25,NA,NA,2.06,51.76,NA,NA,NA,NA,NA,NA,NA,NA,NA,NA,NA,0.00,NA,NA,NA
2020-12-18 09:00:00,78.38,156.42,8.01,21.51,29.51,NA,NA,1.98,61.65,NA,NA,NA,NA,NA,NA,NA,NA,NA,NA,NA,0.00,NA,NA,NA
2020-12-18 10:00:00,82.08,160.44,7.85,20.19,28.06,NA,NA,1.89,70.33,NA,NA,NA,NA,NA,NA,NA,NA,NA,NA,NA,0.00,NA,NA,NA
2020-12-18 11:00:00,73.96,149.06,8.83,22.07,30.87,NA,NA,1.79,72.59,NA,NA,NA,NA,NA,NA,NA,NA,NA,NA,NA,0.00,NA,NA,NA
2020-12-18 12:00:00,63.53,122.41,7.03,13.14,20.16,NA,NA,1.72,85.09,NA,NA,NA,NA,NA,NA,NA,NA,NA,NA,NA,0.00,NA,NA,NA
2020-12-18 13:00:00,78.76,121.72,6.99,12.68,19.66,NA,NA,1.71,89.81,NA,NA,NA,NA,NA,NA,NA,NA,NA,NA,NA,0.00,NA,NA,NA
2020-12-18 14:00:00,67.93,110.56,6.74,11.81,18.55,NA,NA,1.67,91.67,NA,NA,NA,NA,NA,NA,NA,NA,NA,NA,NA,0.00,NA,NA,NA
2020-12-18 15:00:00,56.71,97.07,6.59,11.62,18.22,NA,NA,1.64,90.29,NA,NA,NA,NA,NA,NA,NA,NA,NA,NA,NA,0.00,NA,NA,NA
2020-12-18 16:00:00,46.19,81.40,6.38,12.60,18.98,NA,NA,1.64,86.63,NA,NA,NA,NA,NA,NA,NA,NA,NA,NA,NA,0.00,NA,NA,NA
2020-12-18 17:00:00,63.48,114.80,6.28,19.27,25.55,NA,NA,1.82,76.99,NA,NA,NA,NA,NA,NA,NA,NA,NA,NA,NA,0.00,NA,NA,NA
2020-12-18 18:00:00,82.40,145.71,6.07,26.48,32.55,NA,NA,1.93,57.60,NA,NA,NA,NA,NA,NA,NA,NA,NA,NA,NA,0.00,NA,NA,NA
2020-12-18 19:00:00,102.14,209.55,6.53,59.16,65.69,NA,NA,2.57,33.01,NA,NA,NA,NA,NA,NA,NA,NA,NA,NA,NA,0.00,NA,NA,NA
2020-12-18 20:00:00,128.09,198.94,6.26,35.69,41.95,NA,NA,2.24,48.59,NA,NA,NA,NA,NA,NA,NA,NA,NA,NA,NA,0.00,NA,NA,NA
2020-12-18 21:00:00,118.16,154.07,6.20,29.76,35.97,NA,NA,2.23,51.32,NA,NA,NA,NA,NA,NA,NA,NA,NA,NA,NA,0.00,NA,NA,NA
2020-12-18 22:00:00,120.25,164.38,6.34,40.53,46.87,NA,NA,2.34,49.48,NA,NA,NA,NA,NA,NA,NA,NA,NA,NA,NA,0.00,NA,NA,NA
2020-12-18 23:00:00,132.32,201.81,6.48,46.31,52.79,NA,NA,2.86,43.41,NA,NA,NA,NA,NA,NA,NA,NA,NA,NA,NA,0.00,NA,NA,NA
2020-12-19 00:00:00,160.32,224.42,6.73,49.39,56.12,NA,NA,2.69,38.74,NA,NA,NA,NA,NA,NA,NA,NA,NA,NA,NA,0.00,NA,NA,NA
2020-12-19 01:00:00,159.76,216.04,6.44,43.41,49.85,NA,NA,2.44,39.36,NA,NA,NA,NA,NA,NA,NA,NA,NA,NA,NA,0.00,NA,NA,NA
2020-12-19 02:00:00,162.64,212.19,12.39,54.89,67.26,NA,NA,2.45,26.14,NA,NA,NA,NA,NA,NA,NA,NA,NA,NA,NA,0.00,NA,NA,NA
2020-12-19 03:00:00,166.09,231.72,14.92,52.51,67.44,NA,NA,2.41,24.44,NA,NA,NA,NA,NA,NA,NA,NA,NA,NA,NA,0.00,NA,NA,NA
2020-12-19 04:00:00,151.58,197.23,7.59,43.22,50.81,NA,NA,2.23,24.50,NA,NA,NA,NA,NA,NA,NA,NA,NA,NA,NA,0.00,NA,NA,NA
2020-12-19 05:00:00,157.19,191.89,8.88,44.05,52.93,NA,NA,2.21,21.81,NA,NA,NA,NA,NA,NA,NA,NA,NA,NA,NA,0.00,NA,NA,NA
2020-12-19 06:00:00,144.02,188.71,10.14,44.86,55.00,NA,NA,2.17,20.86,NA,NA,NA,NA,NA,NA,NA,NA,NA,NA,NA,0.00,NA,NA,NA
2020-12-19 07:00:00,137.23,181.96,6.88,26.13,33.01,NA,NA,2.08,48.19,NA,NA,NA,NA,NA,NA,NA,NA,NA,NA,NA,0.00,NA,NA,NA
2020-12-19 08:00:00,121.09,156.81,9.55,32.38,41.93,NA,NA,2.21,56.35,NA,NA,NA,NA,NA,NA,NA,NA,NA,NA,NA,0.00,NA,NA,NA
2020-12-19 09:00:00,146.32,209.34,9.31,31.73,41.05,NA,NA,2.36,66.27,NA,NA,NA,NA,NA,NA,NA,NA,NA,NA,NA,0.00,NA,NA,NA
2020-12-19 10:00:00,140.28,199.44,8.08,25.21,33.29,NA,NA,2.18,77.09,NA,NA,NA,NA,NA,NA,NA,NA,NA,NA,NA,0.00,NA,NA,NA
2020-12-19 11:00:00,113.04,191.85,7.45,19.83,27.28,NA,NA,2.02,86.57,NA,NA,NA,NA,NA,NA,NA,NA,NA,NA,NA,0.00,NA,NA,NA
2020-12-19 12:00:00,80.73,143.37,8.02,21.98,30.00,NA,NA,1.94,87.42,NA,NA,NA,NA,NA,NA,NA,NA,NA,NA,NA,0.00,NA,NA,NA
2020-12-19 13:00:00,68.20,132.52,8.72,27.29,36.02,NA,NA,1.99,88.90,NA,NA,NA,NA,NA,NA,NA,NA,NA,NA,NA,0.00,NA,NA,NA
2020-12-19 14:00:00,NA,NA,NA,NA,NA,NA,NA,NA,NA,NA,NA,NA,NA,NA,NA,NA,NA,NA,NA,NA,0.00,NA,NA,NA
2020-12-19 15:00:00,44.73,101.78,314.47,68.46,63.56,NA,NA,2.25,69.51,NA,NA,NA,NA,NA,NA,NA,NA,NA,NA,NA,0.00,NA,NA,NA
2020-12-19 16:00:00,NA,NA,5.30,0.04,5.04,NA,NA,1.74,98.48,NA,NA,NA,NA,NA,NA,NA,NA,NA,NA,NA,0.00,NA,NA,NA
2020-12-19 17:00:00,0.19,22.38,5.77,20.66,23.26,NA,NA,1.42,91.97,NA,NA,NA,NA,NA,NA,NA,NA,NA,NA,NA,0.00,NA,NA,NA
2020-12-19 18:00:00,28.67,90.91,6.12,40.56,46.76,NA,NA,1.78,57.17,NA,NA,NA,NA,NA,NA,NA,NA,NA,NA,NA,0.00,NA,NA,NA
2020-12-19 19:00:00,112.70,250.60,8.40,70.68,79.14,NA,NA,2.69,35.48,NA,NA,NA,NA,NA,NA,NA,NA,NA,NA,NA,0.00,NA,NA,NA
2020-12-19 20:00:00,147.50,267.22,11.51,82.00,93.49,NA,NA,2.58,33.34,NA,NA,NA,NA,NA,NA,NA,NA,NA,NA,NA,0.00,NA,NA,NA
2020-12-19 21:00:00,156.94,226.45,7.30,73.27,80.59,NA,NA,2.69,35.83,NA,NA,NA,NA,NA,NA,NA,NA,NA,NA,NA,0.00,NA,NA,NA
2020-12-19 22:00:00,179.37,265.16,19.64,80.36,100.06,NA,NA,2.94,30.73,NA,NA,NA,NA,NA,NA,NA,NA,NA,NA,NA,0.00,NA,NA,NA
2020-12-19 23:00:00,155.41,263.38,26.21,68.84,94.95,NA,NA,2.58,28.45,NA,NA,NA,NA,NA,NA,NA,NA,NA,NA,NA,0.00,NA,NA,NA
2020-12-20 00:00:00,154.97,242.07,10.51,40.62,51.05,NA,NA,2.29,30.90,NA,NA,NA,NA,NA,NA,NA,NA,NA,NA,NA,0.00,NA,NA,NA
2020-12-20 01:00:00,134.57,167.76,6.39,32.43,38.81,NA,NA,1.94,29.07,NA,NA,NA,NA,NA,NA,NA,NA,NA,NA,NA,0.00,NA,NA,NA
2020-12-20 02:00:00,110.62,153.12,6.35,27.40,33.74,NA,NA,1.80,28.15,NA,NA,NA,NA,NA,NA,NA,NA,NA,NA,NA,0.00,NA,NA,NA
2020-12-20 03:00:00,114.05,166.65,7.58,38.70,46.35,NA,NA,1.80,24.51,NA,NA,NA,NA,NA,NA,NA,NA,NA,NA,NA,0.00,NA,NA,NA
2020-12-20 04:00:00,156.95,221.72,15.23,49.34,64.59,NA,NA,2.09,23.27,NA,NA,NA,NA,NA,NA,NA,NA,NA,NA,NA,0.00,NA,NA,NA
2020-12-20 05:00:00,153.65,167.45,12.09,37.21,49.28,NA,NA,2.10,22.29,NA,NA,NA,NA,NA,NA,NA,NA,NA,NA,NA,0.00,NA,NA,NA
2020-12-20 06:00:00,154.30,193.81,7.36,30.18,37.54,NA,NA,2.11,29.75,NA,NA,NA,NA,NA,NA,NA,NA,NA,NA,NA,0.00,NA,NA,NA
2020-12-20 07:00:00,157.99,205.82,7.13,26.66,33.79,NA,NA,2.10,31.41,NA,NA,NA,NA,NA,NA,NA,NA,NA,NA,NA,0.00,NA,NA,NA
2020-12-20 08:00:00,162.36,205.34,18.79,47.99,66.77,NA,NA,2.43,37.19,NA,NA,NA,NA,NA,NA,NA,NA,NA,NA,NA,0.00,NA,NA,NA
2020-12-20 09:00:00,215.87,275.81,12.83,44.79,57.64,NA,NA,2.43,60.09,NA,NA,NA,NA,NA,NA,NA,NA,NA,NA,NA,0.00,NA,NA,NA
2020-12-20 10:00:00,194.22,250.43,8.27,27.68,35.95,NA,NA,1.96,81.68,NA,NA,NA,NA,NA,NA,NA,NA,NA,NA,NA,0.00,NA,NA,NA
2020-12-20 11:00:00,117.86,196.27,7.65,21.53,29.18,NA,NA,1.73,89.50,NA,NA,NA,NA,NA,NA,NA,NA,NA,NA,NA,0.00,NA,NA,NA
2020-12-20 12:00:00,66.73,135.72,7.36,18.41,25.77,NA,NA,1.64,94.81,NA,NA,NA,NA,NA,NA,NA,NA,NA,NA,NA,0.00,NA,NA,NA
2020-12-20 13:00:00,62.76,134.72,7.15,15.47,22.63,NA,NA,1.62,102.50,NA,NA,NA,NA,NA,NA,NA,NA,NA,NA,NA,0.00,NA,NA,NA
2020-12-20 14:00:00,82.82,124.81,6.86,14.28,21.14,NA,NA,1.61,105.03,NA,NA,NA,NA,NA,NA,NA,NA,NA,NA,NA,0.00,NA,NA,NA
2020-12-20 15:00:00,93.61,143.34,6.72,19.06,25.79,NA,NA,1.75,117.86,NA,NA,NA,NA,NA,NA,NA,NA,NA,NA,NA,0.00,NA,NA,NA
2020-12-20 16:00:00,108.98,193.19,6.44,18.59,25.03,NA,NA,1.75,111.02,NA,NA,NA,NA,NA,NA,NA,NA,NA,NA,NA,0.00,NA,NA,NA
2020-12-20 17:00:00,98.40,172.48,6.15,19.98,26.13,NA,NA,1.77,96.63,NA,NA,NA,NA,NA,NA,NA,NA,NA,NA,NA,0.00,NA,NA,NA
2020-12-20 18:00:00,105.33,177.03,6.57,29.67,36.24,NA,NA,2.01,71.48,NA,NA,NA,NA,NA,NA,NA,NA,NA,NA,NA,0.00,NA,NA,NA
2020-12-20 19:00:00,146.56,266.00,7.02,58.33,65.35,NA,NA,2.80,40.10,NA,NA,NA,NA,NA,NA,NA,NA,NA,NA,NA,0.00,NA,NA,NA
2020-12-20 20:00:00,224.10,334.87,7.73,77.90,85.64,NA,NA,3.22,33.35,NA,NA,NA,NA,NA,NA,NA,NA,NA,NA,NA,0.00,NA,NA,NA
2020-12-20 21:00:00,241.36,378.72,7.91,67.42,75.33,NA,NA,3.24,35.91,NA,NA,NA,NA,NA,NA,NA,NA,NA,NA,NA,0.00,NA,NA,NA
2020-12-20 22:00:00,256.10,344.44,7.63,59.63,67.27,NA,NA,3.03,35.52,NA,NA,NA,NA,NA,NA,NA,NA,NA,NA,NA,0.00,NA,NA,NA
2020-12-20 23:00:00,224.76,310.87,7.41,46.10,53.52,NA,NA,2.80,38.19,NA,NA,NA,NA,NA,NA,NA,NA,NA,NA,NA,0.00,NA,NA,NA
2020-12-21 00:00:00,177.04,261.84,6.39,33.74,40.13,NA,NA,2.10,51.95,NA,NA,NA,NA,NA,NA,NA,NA,NA,NA,NA,0.00,NA,NA,NA
2020-12-21 01:00:00,147.91,199.37,6.35,28.30,34.65,NA,NA,1.93,48.98,NA,NA,NA,NA,NA,NA,NA,NA,NA,NA,NA,0.00,NA,NA,NA
2020-12-21 02:00:00,143.48,185.13,6.38,26.61,32.99,NA,NA,1.93,37.81,NA,NA,NA,NA,NA,NA,NA,NA,NA,NA,NA,0.00,NA,NA,NA
2020-12-21 03:00:00,134.18,169.27,6.58,25.39,31.97,NA,NA,1.90,30.94,NA,NA,NA,NA,NA,NA,NA,NA,NA,NA,NA,0.00,NA,NA,NA
2020-12-21 04:00:00,125.65,160.94,7.29,37.01,44.29,NA,NA,1.90,25.45,NA,NA,NA,NA,NA,NA,NA,NA,NA,NA,NA,0.00,NA,NA,NA
2020-12-21 05:00:00,139.04,172.89,9.53,43.38,52.91,NA,NA,1.94,23.73,NA,NA,NA,NA,NA,NA,NA,NA,NA,NA,NA,0.00,NA,NA,NA
2020-12-21 06:00:00,142.01,188.31,7.19,35.29,42.48,NA,NA,1.84,30.62,NA,NA,NA,NA,NA,NA,NA,NA,NA,NA,NA,0.00,NA,NA,NA
2020-12-21 07:00:00,138.50,188.27,8.56,32.37,40.93,NA,NA,1.82,23.18,NA,NA,NA,NA,NA,NA,NA,NA,NA,NA,NA,0.00,NA,NA,NA
2020-12-21 08:00:00,149.59,220.98,24.80,46.88,71.64,NA,NA,2.27,30.22,NA,NA,NA,NA,NA,NA,NA,NA,NA,NA,NA,0.00,NA,NA,NA
2020-12-21 09:00:00,202.44,287.38,19.67,58.30,77.99,NA,NA,2.43,53.06,NA,NA,NA,NA,NA,NA,NA,NA,NA,NA,NA,0.00,NA,NA,NA
2020-12-21 10:00:00,211.22,310.12,10.78,43.09,53.88,NA,NA,2.03,75.71,NA,NA,NA,NA,NA,NA,NA,NA,NA,NA,NA,0.00,NA,NA,NA
2020-12-21 11:00:00,154.31,257.53,9.07,41.29,50.36,NA,NA,1.98,97.99,NA,NA,NA,NA,NA,NA,NA,NA,NA,NA,NA,0.00,NA,NA,NA
2020-12-21 12:00:00,111.57,190.25,7.87,28.87,36.75,NA,NA,1.68,103.57,NA,NA,NA,NA,NA,NA,NA,NA,NA,NA,NA,0.00,NA,NA,NA
2020-12-21 13:00:00,81.15,150.83,7.15,22.02,29.17,NA,NA,1.59,105.62,NA,NA,NA,NA,NA,NA,NA,NA,NA,NA,NA,0.00,NA,NA,NA
2020-12-21 14:00:00,102.62,137.23,7.02,22.98,30.00,NA,NA,1.65,115.76,NA,NA,NA,NA,NA,NA,NA,NA,NA,NA,NA,0.00,NA,NA,NA
2020-12-21 15:00:00,124.66,173.89,6.79,24.65,31.44,NA,NA,1.70,123.13,NA,NA,NA,NA,NA,NA,NA,NA,NA,NA,NA,0.00,NA,NA,NA
2020-12-21 16:00:00,130.80,213.35,6.58,24.39,30.97,NA,NA,1.72,123.79,NA,NA,NA,NA,NA,NA,NA,NA,NA,NA,NA,0.00,NA,NA,NA
2020-12-21 17:00:00,130.83,214.66,6.27,23.76,30.04,NA,NA,1.74,107.08,NA,NA,NA,NA,NA,NA,NA,NA,NA,NA,NA,0.00,NA,NA,NA
2020-12-21 18:00:00,124.48,197.02,6.19,32.04,38.23,NA,NA,1.94,73.97,NA,NA,NA,NA,NA,NA,NA,NA,NA,NA,NA,0.00,NA,NA,NA
2020-12-21 19:00:00,160.47,257.82,7.40,63.10,70.50,NA,NA,2.70,41.45,NA,NA,NA,NA,NA,NA,NA,NA,NA,NA,NA,0.00,NA,NA,NA
2020-12-21 20:00:00,217.59,343.48,7.49,69.54,77.03,NA,NA,2.91,32.31,NA,NA,NA,NA,NA,NA,NA,NA,NA,NA,NA,0.00,NA,NA,NA
2020-12-21 21:00:00,222.79,362.80,9.47,64.29,73.76,NA,NA,3.07,33.87,NA,NA,NA,NA,NA,NA,NA,NA,NA,NA,NA,0.00,NA,NA,NA
2020-12-21 22:00:00,257.29,359.01,12.63,62.57,75.19,NA,NA,3.46,35.32,NA,NA,NA,NA,NA,NA,NA,NA,NA,NA,NA,0.00,NA,NA,NA
2020-12-21 23:00:00,261.31,383.21,21.50,60.60,82.10,NA,NA,3.40,36.79,NA,NA,NA,NA,NA,NA,NA,NA,NA,NA,NA,0.00,NA,NA,NA
2020-12-22 00:00:00,233.77,304.47,13.42,47.90,61.33,NA,NA,3.07,35.78,NA,NA,NA,NA,NA,NA,NA,NA,NA,NA,NA,0.00,NA,NA,NA
2020-12-22 01:00:00,249.00,281.88,11.29,42.76,54.05,NA,NA,3.27,32.91,NA,NA,NA,NA,NA,NA,NA,NA,NA,NA,NA,0.00,NA,NA,NA
2020-12-22 02:00:00,253.78,270.35,22.46,53.89,76.33,NA,NA,3.88,38.01,NA,NA,NA,NA,NA,NA,NA,NA,NA,NA,NA,0.00,NA,NA,NA
2020-12-22 03:00:00,266.11,363.34,43.78,53.64,97.40,NA,NA,4.58,41.16,NA,NA,NA,NA,NA,NA,NA,NA,NA,NA,NA,0.00,NA,NA,NA
2020-12-22 04:00:00,300.26,421.56,56.79,48.79,105.59,NA,NA,4.30,40.23,NA,NA,NA,NA,NA,NA,NA,NA,NA,NA,NA,0.00,NA,NA,NA
2020-12-22 05:00:00,295.29,385.35,50.30,39.61,89.92,NA,NA,3.74,37.07,NA,NA,NA,NA,NA,NA,NA,NA,NA,NA,NA,0.00,NA,NA,NA
2020-12-22 06:00:00,293.59,415.80,62.12,39.78,101.88,NA,NA,4.09,37.58,NA,NA,NA,NA,NA,NA,NA,NA,NA,NA,NA,0.00,NA,NA,NA
2020-12-22 07:00:00,270.79,385.21,73.60,36.19,109.76,NA,NA,3.69,37.32,NA,NA,NA,NA,NA,NA,NA,NA,NA,NA,NA,0.00,NA,NA,NA
2020-12-22 08:00:00,289.29,403.63,78.10,66.05,144.15,NA,NA,3.83,44.99,NA,NA,NA,NA,NA,NA,NA,NA,NA,NA,NA,0.00,NA,NA,NA
2020-12-22 09:00:00,389.30,542.98,63.66,109.65,173.38,NA,NA,4.07,60.87,NA,NA,NA,NA,NA,NA,NA,NA,NA,NA,NA,0.00,NA,NA,NA
2020-12-22 10:00:00,429.42,425.82,25.62,101.90,127.55,NA,NA,3.70,79.21,NA,NA,NA,NA,NA,NA,NA,NA,NA,NA,NA,0.00,NA,NA,NA
2020-12-22 11:00:00,409.61,364.97,12.43,72.40,84.84,NA,NA,2.74,109.48,NA,NA,NA,NA,NA,NA,NA,NA,NA,NA,NA,0.00,NA,NA,NA
2020-12-22 12:00:00,247.08,416.61,9.02,43.50,52.52,NA,NA,1.87,116.37,NA,NA,NA,NA,NA,NA,NA,NA,NA,NA,NA,0.00,NA,NA,NA
2020-12-22 13:00:00,174.14,270.49,7.72,33.09,40.81,NA,NA,1.68,130.84,NA,NA,NA,NA,NA,NA,NA,NA,NA,NA,NA,0.00,NA,NA,NA
2020-12-22 14:00:00,129.20,192.76,7.32,24.39,31.70,NA,NA,1.42,115.07,NA,NA,NA,NA,NA,NA,NA,NA,NA,NA,NA,0.00,NA,NA,NA
2020-12-22 15:00:00,95.94,148.80,7.53,24.52,32.05,NA,NA,1.26,93.45,NA,NA,NA,NA,NA,NA,NA,NA,NA,NA,NA,0.00,NA,NA,NA
2020-12-22 16:00:00,86.45,141.34,7.26,29.20,36.46,NA,NA,1.33,90.54,NA,NA,NA,NA,NA,NA,NA,NA,NA,NA,NA,0.00,NA,NA,NA
2020-12-22 17:00:00,89.31,164.59,6.48,24.08,30.56,NA,NA,1.32,71.49,NA,NA,NA,NA,NA,NA,NA,NA,NA,NA,NA,0.00,NA,NA,NA
2020-12-22 18:00:00,93.60,166.50,6.40,34.81,41.21,NA,NA,1.58,42.55,NA,NA,NA,NA,NA,NA,NA,NA,NA,NA,NA,0.00,NA,NA,NA
2020-12-22 19:00:00,93.15,157.03,6.44,33.63,40.07,NA,NA,1.60,36.64,NA,NA,NA,NA,NA,NA,NA,NA,NA,NA,NA,0.00,NA,NA,NA
2020-12-22 20:00:00,136.23,174.43,6.48,28.27,34.76,NA,NA,1.65,37.98,NA,NA,NA,NA,NA,NA,NA,NA,NA,NA,NA,0.00,NA,NA,NA
2020-12-22 21:00:00,155.23,195.22,6.58,28.97,35.56,NA,NA,1.85,32.87,NA,NA,NA,NA,NA,NA,NA,NA,NA,NA,NA,0.00,NA,NA,NA
2020-12-22 22:00:00,182.21,212.48,6.80,35.54,42.34,NA,NA,2.47,29.29,NA,NA,NA,NA,NA,NA,NA,NA,NA,NA,NA,0.00,NA,NA,NA
2020-12-22 23:00:00,225.12,307.54,7.70,39.03,46.73,NA,NA,3.34,35.35,NA,NA,NA,NA,NA,NA,NA,NA,NA,NA,NA,0.00,NA,NA,NA
2020-12-23 00:00:00,282.54,357.90,9.41,48.61,58.02,NA,NA,3.17,36.92,NA,NA,NA,NA,NA,NA,NA,NA,NA,NA,NA,0.00,NA,NA,NA
2020-12-23 01:00:00,251.71,336.38,9.82,38.62,48.44,NA,NA,2.96,35.85,NA,NA,NA,NA,NA,NA,NA,NA,NA,NA,NA,0.00,NA,NA,NA
2020-12-23 02:00:00,229.63,297.33,8.85,28.25,37.10,NA,NA,2.90,34.39,NA,NA,NA,NA,NA,NA,NA,NA,NA,NA,NA,0.00,NA,NA,NA
2020-12-23 03:00:00,258.56,302.78,10.53,32.74,43.27,NA,NA,3.13,33.89,NA,NA,NA,NA,NA,NA,NA,NA,NA,NA,NA,0.00,NA,NA,NA
2020-12-23 04:00:00,248.48,334.03,22.77,32.12,54.87,NA,NA,3.90,34.37,NA,NA,NA,NA,NA,NA,NA,NA,NA,NA,NA,0.00,NA,NA,NA
2020-12-23 05:00:00,288.40,355.81,48.80,34.61,83.36,NA,NA,4.91,36.39,NA,NA,NA,NA,NA,NA,NA,NA,NA,NA,NA,0.00,NA,NA,NA
2020-12-23 06:00:00,318.95,373.09,59.23,37.15,96.39,NA,NA,5.61,37.68,NA,NA,NA,NA,NA,NA,NA,NA,NA,NA,NA,0.00,NA,NA,NA
2020-12-23 07:00:00,329.71,433.23,54.63,32.01,86.65,NA,NA,5.25,37.91,NA,NA,NA,NA,NA,NA,NA,NA,NA,NA,NA,0.00,NA,NA,NA
2020-12-23 08:00:00,341.66,393.79,49.59,41.02,90.59,NA,NA,5.62,43.82,NA,NA,NA,NA,NA,NA,NA,NA,NA,NA,NA,0.00,NA,NA,NA
2020-12-23 09:00:00,381.58,522.45,50.13,111.12,161.30,NA,NA,5.60,66.74,NA,NA,NA,NA,NA,NA,NA,NA,NA,NA,NA,0.00,NA,NA,NA
2020-12-23 10:00:00,422.89,534.65,11.70,69.68,81.38,NA,NA,3.44,111.84,NA,NA,NA,NA,NA,NA,NA,NA,NA,NA,NA,0.00,NA,NA,NA
2020-12-23 11:00:00,341.65,445.85,9.46,64.07,73.53,NA,NA,3.26,138.22,NA,NA,NA,NA,NA,NA,NA,NA,NA,NA,NA,0.00,NA,NA,NA
2020-12-23 12:00:00,347.76,464.26,9.11,83.34,92.46,NA,NA,3.43,155.04,NA,NA,NA,NA,NA,NA,NA,NA,NA,NA,NA,0.00,NA,NA,NA
2020-12-23 13:00:00,382.76,530.18,9.17,88.63,97.80,NA,NA,3.11,147.75,NA,NA,NA,NA,NA,NA,NA,NA,NA,NA,NA,0.00,NA,NA,NA
2020-12-23 14:00:00,208.48,301.54,7.84,37.14,44.98,NA,NA,1.92,126.03,NA,NA,NA,NA,NA,NA,NA,NA,NA,NA,NA,0.00,NA,NA,NA
2020-12-23 15:00:00,135.14,207.91,7.75,33.88,41.62,NA,NA,1.72,108.92,NA,NA,NA,NA,NA,NA,NA,NA,NA,NA,NA,0.00,NA,NA,NA
2020-12-23 16:00:00,115.86,225.47,6.88,25.54,32.42,NA,NA,1.76,107.23,NA,NA,NA,NA,NA,NA,NA,NA,NA,NA,NA,0.00,NA,NA,NA
2020-12-23 17:00:00,175.11,254.99,6.59,28.39,34.98,NA,NA,1.98,95.26,NA,NA,NA,NA,NA,NA,NA,NA,NA,NA,NA,0.00,NA,NA,NA
2020-12-23 18:00:00,213.18,279.60,6.49,30.76,37.25,NA,NA,2.27,83.06,NA,NA,NA,NA,NA,NA,NA,NA,NA,NA,NA,0.00,NA,NA,NA
2020-12-23 19:00:00,211.99,273.68,6.50,30.48,36.98,NA,NA,2.23,62.16,NA,NA,NA,NA,NA,NA,NA,NA,NA,NA,NA,0.00,NA,NA,NA
2020-12-23 20:00:00,223.23,310.44,6.55,30.14,36.69,NA,NA,2.45,46.14,NA,NA,NA,NA,NA,NA,NA,NA,NA,NA,NA,0.00,NA,NA,NA
2020-12-23 21:00:00,243.29,318.37,6.76,29.38,36.14,NA,NA,2.63,38.37,NA,NA,NA,NA,NA,NA,NA,NA,NA,NA,NA,0.00,NA,NA,NA
2020-12-23 22:00:00,270.99,329.38,7.38,35.87,43.24,NA,NA,3.24,36.50,NA,NA,NA,NA,NA,NA,NA,NA,NA,NA,NA,0.00,NA,NA,NA
2020-12-23 23:00:00,276.51,374.15,8.09,28.88,36.97,NA,NA,3.33,36.75,NA,NA,NA,NA,NA,NA,NA,NA,NA,NA,NA,0.00,NA,NA,NA
2020-12-24 00:00:00,273.52,393.71,11.77,29.74,41.52,NA,NA,4.17,39.46,NA,NA,NA,NA,NA,NA,NA,NA,NA,NA,NA,0.00,NA,NA,NA
2020-12-24 01:00:00,325.66,414.50,24.95,31.66,56.63,NA,NA,5.28,42.32,NA,NA,NA,NA,NA,NA,NA,NA,NA,NA,NA,0.00,NA,NA,NA
2020-12-24 02:00:00,352.08,452.79,41.97,32.41,74.40,NA,NA,6.44,46.29,NA,NA,NA,NA,NA,NA,NA,NA,NA,NA,NA,0.00,NA,NA,NA
2020-12-24 03:00:00,365.08,482.78,50.18,36.38,86.57,NA,NA,6.04,49.88,NA,NA,NA,NA,NA,NA,NA,NA,NA,NA,NA,0.00,NA,NA,NA
2020-12-24 04:00:00,360.94,465.76,69.20,37.28,106.50,NA,NA,6.24,46.96,NA,NA,NA,NA,NA,NA,NA,NA,NA,NA,NA,0.00,NA,NA,NA
2020-12-24 05:00:00,344.77,456.35,64.43,32.21,96.61,NA,NA,5.26,44.43,NA,NA,NA,NA,NA,NA,NA,NA,NA,NA,NA,0.00,NA,NA,NA
2020-12-24 06:00:00,336.48,421.72,61.39,29.74,91.14,NA,NA,5.41,41.58,NA,NA,NA,NA,NA,NA,NA,NA,NA,NA,NA,0.00,NA,NA,NA
2020-12-24 07:00:00,347.97,459.32,77.04,30.40,107.51,NA,NA,6.16,42.01,NA,NA,NA,NA,NA,NA,NA,NA,NA,NA,NA,0.00,NA,NA,NA
2020-12-24 08:00:00,372.69,489.42,90.57,39.88,130.49,NA,NA,4.44,43.59,NA,NA,NA,NA,NA,NA,NA,NA,NA,NA,NA,0.00,NA,NA,NA
2020-12-24 09:00:00,408.47,574.61,47.82,96.13,143.97,NA,NA,4.66,68.51,NA,NA,NA,NA,NA,NA,NA,NA,NA,NA,NA,0.00,NA,NA,NA
2020-12-24 10:00:00,493.05,617.50,18.42,92.06,110.42,NA,NA,3.86,90.38,NA,NA,NA,NA,NA,NA,NA,NA,NA,NA,NA,0.00,NA,NA,NA
2020-12-24 11:00:00,358.95,480.30,10.21,50.98,61.07,NA,NA,2.36,111.48,NA,NA,NA,NA,NA,NA,NA,NA,NA,NA,NA,0.00,NA,NA,NA
2020-12-24 12:00:00,187.11,256.76,8.63,36.90,45.52,NA,NA,2.01,113.83,NA,NA,NA,NA,NA,NA,NA,NA,NA,NA,NA,0.00,NA,NA,NA
2020-12-24 13:00:00,235.07,185.68,8.38,30.12,38.47,NA,NA,1.72,104.51,NA,NA,NA,NA,NA,NA,NA,NA,NA,NA,NA,0.00,NA,NA,NA
2020-12-24 14:00:00,182.65,169.72,7.48,22.00,29.47,NA,NA,1.68,106.85,NA,NA,NA,NA,NA,NA,NA,NA,NA,NA,NA,0.00,NA,NA,NA
2020-12-24 15:00:00,103.92,176.36,7.26,21.54,28.79,NA,NA,1.72,104.05,NA,NA,NA,NA,NA,NA,NA,NA,NA,NA,NA,0.00,NA,NA,NA
2020-12-24 16:00:00,113.09,198.55,6.96,26.82,33.80,NA,NA,1.90,114.97,NA,NA,NA,NA,NA,NA,NA,NA,NA,NA,NA,0.00,NA,NA,NA
2020-12-24 17:00:00,104.02,211.43,6.66,26.06,32.72,NA,NA,1.89,89.57,NA,NA,NA,NA,NA,NA,NA,NA,NA,NA,NA,0.00,NA,NA,NA
2020-12-24 18:00:00,89.21,206.89,6.62,29.57,36.21,NA,NA,2.05,58.17,NA,NA,NA,NA,NA,NA,NA,NA,NA,NA,NA,0.00,NA,NA,NA
2020-12-24 19:00:00,115.07,258.47,6.67,35.57,42.26,NA,NA,2.26,41.97,NA,NA,NA,NA,NA,NA,NA,NA,NA,NA,NA,0.00,NA,NA,NA
2020-12-24 20:00:00,245.57,331.70,7.57,50.52,58.14,NA,NA,3.31,38.62,NA,NA,NA,NA,NA,NA,NA,NA,NA,NA,NA,0.00,NA,NA,NA
2020-12-24 21:00:00,257.66,330.81,18.45,63.01,81.50,NA,NA,3.65,34.04,NA,NA,NA,NA,NA,NA,NA,NA,NA,NA,NA,0.00,NA,NA,NA
2020-12-24 22:00:00,230.41,345.88,31.01,61.69,92.66,NA,NA,3.90,33.80,NA,NA,NA,NA,NA,NA,NA,NA,NA,NA,NA,0.00,NA,NA,NA
2020-12-24 23:00:00,187.28,294.11,30.28,51.10,81.36,NA,NA,3.97,33.24,NA,NA,NA,NA,NA,NA,NA,NA,NA,NA,NA,0.00,NA,NA,NA
2020-12-25 00:00:00,203.39,297.29,33.69,47.97,81.65,NA,NA,4.27,34.15,NA,NA,NA,NA,NA,NA,NA,NA,NA,NA,NA,0.00,NA,NA,NA
2020-12-25 01:00:00,228.92,348.18,58.51,59.82,118.33,NA,NA,4.36,35.20,NA,NA,NA,NA,NA,NA,NA,NA,NA,NA,NA,0.00,NA,NA,NA
2020-12-25 02:00:00,220.90,331.53,27.11,55.90,83.06,NA,NA,3.44,33.25,NA,NA,NA,NA,NA,NA,NA,NA,NA,NA,NA,0.00,NA,NA,NA
2020-12-25 03:00:00,212.21,309.14,12.49,39.50,52.00,NA,NA,2.88,31.99,NA,NA,NA,NA,NA,NA,NA,NA,NA,NA,NA,0.00,NA,NA,NA
2020-12-25 04:00:00,222.04,304.74,15.21,31.39,46.59,NA,NA,2.97,31.62,NA,NA,NA,NA,NA,NA,NA,NA,NA,NA,NA,0.00,NA,NA,NA
2020-12-25 05:00:00,240.73,306.95,30.38,29.23,59.59,NA,NA,4.23,39.48,NA,NA,NA,NA,NA,NA,NA,NA,NA,NA,NA,0.00,NA,NA,NA
2020-12-25 06:00:00,229.75,285.28,44.58,32.21,76.79,NA,NA,3.21,32.59,NA,NA,NA,NA,NA,NA,NA,NA,NA,NA,NA,0.00,NA,NA,NA
2020-12-25 07:00:00,208.01,286.20,47.17,29.96,77.13,NA,NA,2.82,30.58,NA,NA,NA,NA,NA,NA,NA,NA,NA,NA,NA,0.00,NA,NA,NA
2020-12-25 08:00:00,175.41,248.25,41.20,38.32,79.53,NA,NA,3.17,32.65,NA,NA,NA,NA,NA,NA,NA,NA,NA,NA,NA,0.00,NA,NA,NA
2020-12-25 09:00:00,239.79,289.16,18.62,60.76,79.41,NA,NA,2.92,66.03,NA,NA,NA,NA,NA,NA,NA,NA,NA,NA,NA,0.00,NA,NA,NA
2020-12-25 10:00:00,211.38,291.08,10.04,44.13,54.17,NA,NA,2.12,90.71,NA,NA,NA,NA,NA,NA,NA,NA,NA,NA,NA,0.00,NA,NA,NA
2020-12-25 11:00:00,156.99,248.14,8.65,28.75,37.41,NA,NA,1.76,95.37,NA,NA,NA,NA,NA,NA,NA,NA,NA,NA,NA,0.00,NA,NA,NA
2020-12-25 12:00:00,112.04,188.00,8.51,25.87,34.38,NA,NA,1.70,97.49,NA,NA,NA,NA,NA,NA,NA,NA,NA,NA,NA,0.00,NA,NA,NA
2020-12-25 13:00:00,90.94,152.51,8.33,23.90,32.24,NA,NA,1.57,97.64,NA,NA,NA,NA,NA,NA,NA,NA,NA,NA,NA,0.00,NA,NA,NA
2020-12-25 14:00:00,50.17,110.19,8.06,10.70,18.75,NA,NA,1.49,93.61,NA,NA,NA,NA,NA,NA,NA,NA,NA,NA,NA,0.00,NA,NA,NA
2020-12-25 15:00:00,18.12,28.26,7.44,4.75,11.98,NA,NA,1.60,101.01,NA,NA,NA,NA,NA,NA,NA,NA,NA,NA,NA,0.00,NA,NA,NA
2020-12-25 16:00:00,43.66,86.62,6.88,12.87,19.75,NA,NA,1.61,101.72,NA,NA,NA,NA,NA,NA,NA,NA,NA,NA,NA,0.00,NA,NA,NA
2020-12-25 17:00:00,69.34,113.58,6.59,17.21,23.81,NA,NA,1.73,93.14,NA,NA,NA,NA,NA,NA,NA,NA,NA,NA,NA,0.00,NA,NA,NA
2020-12-25 18:00:00,90.68,146.79,6.54,25.93,32.49,NA,NA,1.99,70.28,NA,NA,NA,NA,NA,NA,NA,NA,NA,NA,NA,0.00,NA,NA,NA
2020-12-25 19:00:00,130.93,197.57,6.78,42.46,49.24,NA,NA,2.67,56.21,NA,NA,NA,NA,NA,NA,NA,NA,NA,NA,NA,0.00,NA,NA,NA
2020-12-25 20:00:00,168.01,238.76,6.85,40.89,47.74,NA,NA,2.89,39.55,NA,NA,NA,NA,NA,NA,NA,NA,NA,NA,NA,0.00,NA,NA,NA
2020-12-25 21:00:00,197.39,278.60,6.93,55.67,62.60,NA,NA,3.42,40.72,NA,NA,NA,NA,NA,NA,NA,NA,NA,NA,NA,0.00,NA,NA,NA
2020-12-25 22:00:00,241.96,355.55,8.55,65.00,73.56,NA,NA,3.86,37.94,NA,NA,NA,NA,NA,NA,NA,NA,NA,NA,NA,0.00,NA,NA,NA
2020-12-25 23:00:00,220.04,303.47,7.75,53.05,60.80,NA,NA,3.29,35.86,NA,NA,NA,NA,NA,NA,NA,NA,NA,NA,NA,0.00,NA,NA,NA
2020-12-26 00:00:00,186.69,268.90,7.95,49.02,56.97,NA,NA,2.93,32.35,NA,NA,NA,NA,NA,NA,NA,NA,NA,NA,NA,0.00,NA,NA,NA
2020-12-26 01:00:00,194.62,261.78,7.30,37.28,44.58,NA,NA,2.79,31.90,NA,NA,NA,NA,NA,NA,NA,NA,NA,NA,NA,0.00,NA,NA,NA
2020-12-26 02:00:00,193.70,251.86,8.09,36.35,44.43,NA,NA,2.80,30.88,NA,NA,NA,NA,NA,NA,NA,NA,NA,NA,NA,0.00,NA,NA,NA
2020-12-26 03:00:00,185.88,274.01,13.23,54.73,67.97,NA,NA,2.79,30.29,NA,NA,NA,NA,NA,NA,NA,NA,NA,NA,NA,0.00,NA,NA,NA
2020-12-26 04:00:00,173.24,277.87,8.49,49.90,58.39,NA,NA,2.38,29.64,NA,NA,NA,NA,NA,NA,NA,NA,NA,NA,NA,0.00,NA,NA,NA
2020-12-26 05:00:00,184.54,267.73,8.53,34.93,43.46,NA,NA,2.25,26.17,NA,NA,NA,NA,NA,NA,NA,NA,NA,NA,NA,0.00,NA,NA,NA
2020-12-26 06:00:00,194.07,243.31,15.57,31.57,47.13,NA,NA,2.24,26.03,NA,NA,NA,NA,NA,NA,NA,NA,NA,NA,NA,0.00,NA,NA,NA
2020-12-26 07:00:00,174.50,229.05,17.85,31.82,49.67,NA,NA,2.20,26.93,NA,NA,NA,NA,NA,NA,NA,NA,NA,NA,NA,0.00,NA,NA,NA
2020-12-26 08:00:00,198.09,272.50,25.09,60.42,85.51,NA,NA,2.61,43.87,NA,NA,NA,NA,NA,NA,NA,NA,NA,NA,NA,0.00,NA,NA,NA
2020-12-26 09:00:00,249.77,366.93,19.39,67.94,87.34,NA,NA,2.67,62.18,NA,NA,NA,NA,NA,NA,NA,NA,NA,NA,NA,0.00,NA,NA,NA
2020-12-26 10:00:00,251.44,340.19,10.57,49.58,60.15,NA,NA,2.22,95.18,NA,NA,NA,NA,NA,NA,NA,NA,NA,NA,NA,0.00,NA,NA,NA
2020-12-26 11:00:00,180.49,257.61,8.44,30.82,39.27,NA,NA,1.86,105.00,NA,NA,NA,NA,NA,NA,NA,NA,NA,NA,NA,0.00,NA,NA,NA
2020-12-26 12:00:00,104.78,201.03,8.57,26.48,35.05,NA,NA,1.57,94.02,NA,NA,NA,NA,NA,NA,NA,NA,NA,NA,NA,0.00,NA,NA,NA
2020-12-26 13:00:00,73.40,145.73,8.03,20.56,28.59,NA,NA,1.50,95.68,NA,NA,NA,NA,NA,NA,NA,NA,NA,NA,NA,0.00,NA,NA,NA
2020-12-26 14:00:00,69.06,112.03,7.19,14.31,21.50,NA,NA,1.43,99.14,NA,NA,NA,NA,NA,NA,NA,NA,NA,NA,NA,0.00,NA,NA,NA
2020-12-26 15:00:00,74.02,116.60,7.05,15.36,22.41,NA,NA,1.44,99.69,NA,NA,NA,NA,NA,NA,NA,NA,NA,NA,NA,0.00,NA,NA,NA
2020-12-26 16:00:00,61.15,105.03,53.65,17.14,70.59,NA,NA,1.61,90.86,NA,NA,NA,NA,NA,NA,NA,NA,NA,NA,NA,0.00,NA,NA,NA
2020-12-26 17:00:00,NA,NA,7.77,0.46,8.11,NA,NA,1.68,82.10,NA,NA,NA,NA,NA,NA,NA,NA,NA,NA,NA,0.00,NA,NA,NA
2020-12-26 18:00:00,4.90,0.04,6.31,13.22,18.72,NA,NA,1.82,64.38,NA,NA,NA,NA,NA,NA,NA,NA,NA,NA,NA,0.00,NA,NA,NA
2020-12-26 19:00:00,15.82,24.55,6.75,19.90,26.65,NA,NA,1.66,50.36,NA,NA,NA,NA,NA,NA,NA,NA,NA,NA,NA,0.00,NA,NA,NA
2020-12-26 20:00:00,43.36,81.50,6.83,19.63,26.46,NA,NA,1.76,36.74,NA,NA,NA,NA,NA,NA,NA,NA,NA,NA,NA,0.00,NA,NA,NA
2020-12-26 21:00:00,80.50,118.71,6.86,19.98,26.84,NA,NA,1.97,32.51,NA,NA,NA,NA,NA,NA,NA,NA,NA,NA,NA,0.00,NA,NA,NA
2020-12-26 22:00:00,122.87,170.22,8.59,28.99,37.63,NA,NA,3.16,34.93,NA,NA,NA,NA,NA,NA,NA,NA,NA,NA,NA,0.00,NA,NA,NA
2020-12-26 23:00:00,265.51,308.70,29.12,44.78,74.02,NA,NA,4.71,42.04,NA,NA,NA,NA,NA,NA,NA,NA,NA,NA,NA,0.00,NA,NA,NA
2020-12-27 00:00:00,243.32,307.94,64.94,55.29,120.28,NA,NA,5.34,40.48,NA,NA,NA,NA,NA,NA,NA,NA,NA,NA,NA,0.00,NA,NA,NA
2020-12-27 01:00:00,242.94,363.49,83.67,57.27,140.95,NA,NA,5.82,40.48,NA,NA,NA,NA,NA,NA,NA,NA,NA,NA,NA,0.00,NA,NA,NA
2020-12-27 02:00:00,291.42,367.30,72.21,49.59,121.72,NA,NA,6.03,41.72,NA,NA,NA,NA,NA,NA,NA,NA,NA,NA,NA,0.00,NA,NA,NA
2020-12-27 03:00:00,277.42,350.75,55.98,41.12,97.07,NA,NA,5.07,40.58,NA,NA,NA,NA,NA,NA,NA,NA,NA,NA,NA,0.00,NA,NA,NA
2020-12-27 04:00:00,261.60,321.98,37.44,33.73,71.12,NA,NA,4.17,36.73,NA,NA,NA,NA,NA,NA,NA,NA,NA,NA,NA,0.00,NA,NA,NA
2020-12-27 05:00:00,271.85,314.03,32.22,30.52,62.74,NA,NA,4.63,36.71,NA,NA,NA,NA,NA,NA,NA,NA,NA,NA,NA,0.00,NA,NA,NA
2020-12-27 06:00:00,270.77,361.08,42.25,37.39,79.68,NA,NA,4.50,36.46,NA,NA,NA,NA,NA,NA,NA,NA,NA,NA,NA,0.00,NA,NA,NA
2020-12-27 07:00:00,286.51,399.36,55.89,40.47,96.37,NA,NA,4.62,37.72,NA,NA,NA,NA,NA,NA,NA,NA,NA,NA,NA,0.00,NA,NA,NA
2020-12-27 08:00:00,296.33,360.45,47.43,50.45,97.90,NA,NA,4.52,40.54,NA,NA,NA,NA,NA,NA,NA,NA,NA,NA,NA,0.00,NA,NA,NA
2020-12-27 09:00:00,290.46,381.68,15.23,47.95,63.22,NA,NA,2.98,67.37,NA,NA,NA,NA,NA,NA,NA,NA,NA,NA,NA,0.00,NA,NA,NA
2020-12-27 10:00:00,192.54,259.43,8.23,28.20,36.43,NA,NA,2.09,95.37,NA,NA,NA,NA,NA,NA,NA,NA,NA,NA,NA,0.00,NA,NA,NA
2020-12-27 11:00:00,212.05,276.42,8.22,27.61,35.82,NA,NA,2.24,107.38,NA,NA,NA,NA,NA,NA,NA,NA,NA,NA,NA,0.00,NA,NA,NA
2020-12-27 12:00:00,250.63,318.17,8.03,27.35,35.38,NA,NA,2.23,123.64,NA,NA,NA,NA,NA,NA,NA,NA,NA,NA,NA,0.00,NA,NA,NA
2020-12-27 13:00:00,222.83,318.64,7.54,19.40,26.93,NA,NA,1.95,121.54,NA,NA,NA,NA,NA,NA,NA,NA,NA,NA,NA,0.00,NA,NA,NA
2020-12-27 14:00:00,183.17,244.82,7.25,16.93,24.18,NA,NA,2.02,122.77,NA,NA,NA,NA,NA,NA,NA,NA,NA,NA,NA,0.00,NA,NA,NA
2020-12-27 15:00:00,205.73,262.22,7.10,17.32,24.42,NA,NA,2.05,123.19,NA,NA,NA,NA,NA,NA,NA,NA,NA,NA,NA,0.00,NA,NA,NA
2020-12-27 16:00:00,224.30,303.38,6.82,18.33,25.15,NA,NA,2.34,119.98,NA,NA,NA,NA,NA,NA,NA,NA,NA,NA,NA,0.00,NA,NA,NA
2020-12-27 17:00:00,209.39,282.32,6.67,16.87,23.54,NA,NA,2.30,112.20,NA,NA,NA,NA,NA,NA,NA,NA,NA,NA,NA,0.00,NA,NA,NA
2020-12-27 18:00:00,205.66,288.56,6.59,20.31,26.91,NA,NA,2.37,105.64,NA,NA,NA,NA,NA,NA,NA,NA,NA,NA,NA,0.00,NA,NA,NA
2020-12-27 19:00:00,250.14,338.59,6.69,22.69,29.38,NA,NA,2.39,100.09,NA,NA,NA,NA,NA,NA,NA,NA,NA,NA,NA,0.00,NA,NA,NA
2020-12-27 20:00:00,228.90,294.21,6.69,20.44,27.14,NA,NA,2.31,98.92,NA,NA,NA,NA,NA,NA,NA,NA,NA,NA,NA,0.00,NA,NA,NA
2020-12-27 21:00:00,196.56,287.11,6.62,16.86,23.48,NA,NA,1.97,81.73,NA,NA,NA,NA,NA,NA,NA,NA,NA,NA,NA,0.00,NA,NA,NA
2020-12-27 22:00:00,75.66,404.96,6.60,11.96,18.56,NA,NA,1.42,58.78,NA,NA,NA,NA,NA,NA,NA,NA,NA,NA,NA,0.00,NA,NA,NA
2020-12-27 23:00:00,52.81,313.61,6.56,11.82,18.38,NA,NA,1.41,59.35,NA,NA,NA,NA,NA,NA,NA,NA,NA,NA,NA,0.00,NA,NA,NA
2020-12-28 00:00:00,61.95,260.99,6.61,18.74,25.35,NA,NA,1.49,50.29,NA,NA,NA,NA,NA,NA,NA,NA,NA,NA,NA,0.00,NA,NA,NA
2020-12-28 01:00:00,86.39,262.68,6.65,18.68,25.34,NA,NA,1.82,47.33,NA,NA,NA,NA,NA,NA,NA,NA,NA,NA,NA,0.00,NA,NA,NA
2020-12-28 02:00:00,108.86,271.18,6.66,27.95,34.61,NA,NA,1.80,36.70,NA,NA,NA,NA,NA,NA,NA,NA,NA,NA,NA,0.00,NA,NA,NA
2020-12-28 03:00:00,105.45,239.86,6.69,31.98,38.67,NA,NA,1.73,26.09,NA,NA,NA,NA,NA,NA,NA,NA,NA,NA,NA,0.00,NA,NA,NA
2020-12-28 04:00:00,110.50,253.64,6.81,32.56,39.37,NA,NA,1.87,25.48,NA,NA,NA,NA,NA,NA,NA,NA,NA,NA,NA,0.00,NA,NA,NA
2020-12-28 05:00:00,112.98,238.52,7.01,35.92,42.92,NA,NA,2.06,21.24,NA,NA,NA,NA,NA,NA,NA,NA,NA,NA,NA,0.00,NA,NA,NA
2020-12-28 06:00:00,131.13,239.95,6.96,31.91,38.87,NA,NA,2.09,29.44,NA,NA,NA,NA,NA,NA,NA,NA,NA,NA,NA,0.00,NA,NA,NA
2020-12-28 07:00:00,144.11,261.00,8.78,34.79,43.57,NA,NA,2.11,24.19,NA,NA,NA,NA,NA,NA,NA,NA,NA,NA,NA,0.00,NA,NA,NA
2020-12-28 08:00:00,143.06,260.66,16.50,37.95,54.45,NA,NA,2.21,30.39,NA,NA,NA,NA,NA,NA,NA,NA,NA,NA,NA,0.00,NA,NA,NA
2020-12-28 09:00:00,125.30,268.91,12.14,32.57,44.72,NA,NA,1.85,45.13,NA,NA,NA,NA,NA,NA,NA,NA,NA,NA,NA,0.00,NA,NA,NA
2020-12-28 10:00:00,63.78,226.00,9.86,23.35,33.21,NA,NA,1.54,53.10,NA,NA,NA,NA,NA,NA,NA,NA,NA,NA,NA,0.00,NA,NA,NA
2020-12-28 11:00:00,64.37,228.78,8.64,19.55,28.18,NA,NA,1.49,61.43,NA,NA,NA,NA,NA,NA,NA,NA,NA,NA,NA,0.00,NA,NA,NA
2020-12-28 12:00:00,39.82,209.37,7.67,13.61,21.28,NA,NA,1.39,65.59,NA,NA,NA,NA,NA,NA,NA,NA,NA,NA,NA,0.00,NA,NA,NA
2020-12-28 13:00:00,60.44,176.32,7.64,12.53,20.17,NA,NA,1.37,68.18,NA,NA,NA,NA,NA,NA,NA,NA,NA,NA,NA,0.00,NA,NA,NA
2020-12-28 14:00:00,31.44,169.33,7.95,14.85,22.79,NA,NA,1.35,66.64,NA,NA,NA,NA,NA,NA,NA,NA,NA,NA,NA,0.00,NA,NA,NA
2020-12-28 15:00:00,33.17,161.57,7.18,12.14,19.31,NA,NA,1.35,72.35,NA,NA,NA,NA,NA,NA,NA,NA,NA,NA,NA,0.00,NA,NA,NA
2020-12-28 16:00:00,35.43,155.45,6.93,12.30,19.23,NA,NA,1.37,68.58,NA,NA,NA,NA,NA,NA,NA,NA,NA,NA,NA,0.00,NA,NA,NA
2020-12-28 17:00:00,37.13,156.06,6.74,15.44,22.18,NA,NA,1.43,63.68,NA,NA,NA,NA,NA,NA,NA,NA,NA,NA,NA,0.00,NA,NA,NA
2020-12-28 18:00:00,60.30,171.39,6.54,27.66,34.20,NA,NA,1.79,49.54,NA,NA,NA,NA,NA,NA,NA,NA,NA,NA,NA,0.00,NA,NA,NA
2020-12-28 19:00:00,80.93,243.72,47.53,30.99,78.36,NA,NA,2.32,29.58,NA,NA,NA,NA,NA,NA,NA,NA,NA,NA,NA,0.00,NA,NA,NA
2020-12-28 20:00:00,NA,77.20,8.95,55.58,64.50,NA,NA,2.48,24.76,NA,NA,NA,NA,NA,NA,NA,NA,NA,NA,NA,0.00,NA,NA,NA
2020-12-28 21:00:00,NA,46.34,8.32,51.52,59.85,NA,NA,2.75,27.41,NA,NA,NA,NA,NA,NA,NA,NA,NA,NA,NA,0.00,NA,NA,NA
2020-12-28 22:00:00,40.92,187.67,9.82,47.73,57.51,NA,NA,2.91,27.29,NA,NA,NA,NA,NA,NA,NA,NA,NA,NA,NA,0.00,NA,NA,NA
2020-12-28 23:00:00,75.90,218.77,12.33,43.43,55.75,NA,NA,2.96,27.53,NA,NA,NA,NA,NA,NA,NA,NA,NA,NA,NA,0.00,NA,NA,NA
2020-12-29 00:00:00,103.37,261.50,18.34,53.10,71.50,NA,NA,3.10,27.23,NA,NA,NA,NA,NA,NA,NA,NA,NA,NA,NA,0.00,NA,NA,NA
2020-12-29 01:00:00,97.72,248.86,13.45,50.14,63.56,NA,NA,2.55,22.72,NA,NA,NA,NA,NA,NA,NA,NA,NA,NA,NA,0.00,NA,NA,NA
2020-12-29 02:00:00,84.40,225.59,11.02,44.73,55.75,NA,NA,2.32,20.48,NA,NA,NA,NA,NA,NA,NA,NA,NA,NA,NA,0.00,NA,NA,NA
2020-12-29 03:00:00,91.30,225.69,9.58,39.37,48.92,NA,NA,2.15,19.29,NA,NA,NA,NA,NA,NA,NA,NA,NA,NA,NA,0.00,NA,NA,NA
2020-12-29 04:00:00,96.75,223.99,8.19,35.76,43.92,NA,NA,2.20,22.15,NA,NA,NA,NA,NA,NA,NA,NA,NA,NA,NA,0.00,NA,NA,NA
2020-12-29 05:00:00,105.85,246.74,7.18,30.79,37.96,NA,NA,2.19,25.02,NA,NA,NA,NA,NA,NA,NA,NA,NA,NA,NA,0.00,NA,NA,NA
2020-12-29 06:00:00,129.55,244.76,7.00,28.01,35.01,NA,NA,2.11,23.81,NA,NA,NA,NA,NA,NA,NA,NA,NA,NA,NA,0.00,NA,NA,NA
2020-12-29 07:00:00,119.87,244.34,8.21,22.93,31.13,NA,NA,2.15,21.53,NA,NA,NA,NA,NA,NA,NA,NA,NA,NA,NA,0.00,NA,NA,NA
2020-12-29 08:00:00,135.66,235.35,21.81,38.35,60.26,NA,NA,2.65,33.38,NA,NA,NA,NA,NA,NA,NA,NA,NA,NA,NA,0.00,NA,NA,NA
2020-12-29 09:00:00,161.96,323.47,16.60,40.80,57.37,NA,NA,2.46,46.06,NA,NA,NA,NA,NA,NA,NA,NA,NA,NA,NA,0.00,NA,NA,NA
2020-12-29 10:00:00,149.38,304.98,10.26,27.91,38.15,NA,NA,2.06,61.90,NA,NA,NA,NA,NA,NA,NA,NA,NA,NA,NA,0.00,NA,NA,NA
2020-12-29 11:00:00,114.97,269.27,8.99,22.22,31.21,NA,NA,1.87,72.32,NA,NA,NA,NA,NA,NA,NA,NA,NA,NA,NA,0.00,NA,NA,NA
2020-12-29 12:00:00,96.97,258.01,8.55,20.55,29.11,NA,NA,1.90,82.87,NA,NA,NA,NA,NA,NA,NA,NA,NA,NA,NA,0.00,NA,NA,NA
2020-12-29 13:00:00,107.64,256.79,8.21,18.98,27.19,NA,NA,1.92,90.32,NA,NA,NA,NA,NA,NA,NA,NA,NA,NA,NA,0.00,NA,NA,NA
2020-12-29 14:00:00,107.52,237.56,8.46,23.96,32.42,NA,NA,1.95,91.14,NA,NA,NA,NA,NA,NA,NA,NA,NA,NA,NA,0.00,NA,NA,NA
2020-12-29 15:00:00,99.67,239.97,8.06,23.46,31.51,NA,NA,1.92,91.42,NA,NA,NA,NA,NA,NA,NA,NA,NA,NA,NA,0.00,NA,NA,NA
2020-12-29 16:00:00,106.19,255.72,7.08,19.05,26.14,NA,NA,1.96,95.19,NA,NA,NA,NA,NA,NA,NA,NA,NA,NA,NA,0.00,NA,NA,NA
2020-12-29 17:00:00,107.65,229.11,6.77,20.09,26.87,NA,NA,1.91,78.20,NA,NA,NA,NA,NA,NA,NA,NA,NA,NA,NA,0.00,NA,NA,NA
2020-12-29 18:00:00,92.22,193.27,6.69,22.80,29.49,NA,NA,2.03,59.19,NA,NA,NA,NA,NA,NA,NA,NA,NA,NA,NA,0.00,NA,NA,NA
2020-12-29 19:00:00,98.51,188.71,7.28,24.48,31.76,NA,NA,2.09,55.30,NA,NA,NA,NA,NA,NA,NA,NA,NA,NA,NA,0.00,NA,NA,NA
2020-12-29 20:00:00,99.31,178.74,6.78,22.46,29.24,NA,NA,2.07,52.63,NA,NA,NA,NA,NA,NA,NA,NA,NA,NA,NA,0.00,NA,NA,NA
2020-12-29 21:00:00,89.54,163.66,6.68,22.60,29.28,NA,NA,2.06,53.65,NA,NA,NA,NA,NA,NA,NA,NA,NA,NA,NA,0.00,NA,NA,NA
2020-12-29 22:00:00,96.00,166.03,6.71,22.70,29.42,NA,NA,2.05,46.78,NA,NA,NA,NA,NA,NA,NA,NA,NA,NA,NA,0.00,NA,NA,NA
2020-12-29 23:00:00,93.97,162.47,6.83,24.31,31.14,NA,NA,2.04,43.46,NA,NA,NA,NA,NA,NA,NA,NA,NA,NA,NA,0.00,NA,NA,NA
2020-12-30 00:00:00,123.93,165.67,6.86,29.70,36.56,NA,NA,2.21,37.41,NA,NA,NA,NA,NA,NA,NA,NA,NA,NA,NA,0.00,NA,NA,NA
2020-12-30 01:00:00,144.53,206.15,6.74,27.75,34.49,NA,NA,2.17,34.04,NA,NA,NA,NA,NA,NA,NA,NA,NA,NA,NA,0.00,NA,NA,NA
2020-12-30 02:00:00,133.42,185.71,6.79,19.79,26.58,NA,NA,2.09,36.32,NA,NA,NA,NA,NA,NA,NA,NA,NA,NA,NA,0.00,NA,NA,NA
2020-12-30 03:00:00,103.23,159.29,6.75,19.96,26.71,NA,NA,2.06,34.54,NA,NA,NA,NA,NA,NA,NA,NA,NA,NA,NA,0.00,NA,NA,NA
2020-12-30 04:00:00,113.54,181.92,6.75,17.71,24.46,NA,NA,2.11,35.97,NA,NA,NA,NA,NA,NA,NA,NA,NA,NA,NA,0.00,NA,NA,NA
2020-12-30 05:00:00,126.14,171.81,6.67,15.16,21.83,NA,NA,2.15,38.08,NA,NA,NA,NA,NA,NA,NA,NA,NA,NA,NA,0.00,NA,NA,NA
2020-12-30 06:00:00,132.18,202.12,6.66,15.24,21.90,NA,NA,2.23,38.83,NA,NA,NA,NA,NA,NA,NA,NA,NA,NA,NA,0.00,NA,NA,NA
2020-12-30 07:00:00,132.15,202.81,6.75,16.28,23.03,NA,NA,2.27,38.93,NA,NA,NA,NA,NA,NA,NA,NA,NA,NA,NA,0.00,NA,NA,NA
2020-12-30 08:00:00,107.15,165.53,7.69,16.80,24.48,NA,NA,2.23,41.99,NA,NA,NA,NA,NA,NA,NA,NA,NA,NA,NA,0.00,NA,NA,NA
2020-12-30 09:00:00,116.99,162.12,9.10,26.17,35.27,NA,NA,2.29,42.95,NA,NA,NA,NA,NA,NA,NA,NA,NA,NA,NA,0.00,NA,NA,NA
2020-12-30 10:00:00,132.96,177.23,11.04,24.86,35.90,NA,NA,2.33,49.39,NA,NA,NA,NA,NA,NA,NA,NA,NA,NA,NA,0.00,NA,NA,NA
2020-12-30 11:00:00,129.83,193.31,10.52,25.90,36.42,NA,NA,2.27,61.34,NA,NA,NA,NA,NA,NA,NA,NA,NA,NA,NA,0.00,NA,NA,NA
2020-12-30 12:00:00,121.75,222.94,10.48,25.83,36.30,NA,NA,2.27,65.58,NA,NA,NA,NA,NA,NA,NA,NA,NA,NA,NA,0.00,NA,NA,NA
2020-12-30 13:00:00,137.51,194.02,9.78,24.24,34.02,NA,NA,2.24,73.41,NA,NA,NA,NA,NA,NA,NA,NA,NA,NA,NA,0.00,NA,NA,NA
2020-12-30 14:00:00,135.72,183.60,9.24,26.01,35.25,NA,NA,2.26,79.05,NA,NA,NA,NA,NA,NA,NA,NA,NA,NA,NA,0.00,NA,NA,NA
2020-12-30 15:00:00,143.15,208.19,8.70,26.60,35.30,NA,NA,2.24,79.43,NA,NA,NA,NA,NA,NA,NA,NA,NA,NA,NA,0.00,NA,NA,NA
2020-12-30 16:00:00,138.01,217.54,8.75,33.03,41.79,NA,NA,2.28,71.43,NA,NA,NA,NA,NA,NA,NA,NA,NA,NA,NA,0.00,NA,NA,NA
2020-12-30 17:00:00,148.99,230.46,6.81,23.41,30.21,NA,NA,2.43,73.26,NA,NA,NA,NA,NA,NA,NA,NA,NA,NA,NA,0.00,NA,NA,NA
2020-12-30 18:00:00,162.47,237.29,6.72,29.85,36.56,NA,NA,2.86,59.64,NA,NA,NA,NA,NA,NA,NA,NA,NA,NA,NA,0.00,NA,NA,NA
2020-12-30 19:00:00,219.06,296.05,6.78,36.33,43.10,NA,NA,3.61,43.91,NA,NA,NA,NA,NA,NA,NA,NA,NA,NA,NA,0.00,NA,NA,NA
2020-12-30 20:00:00,230.89,287.30,7.62,40.16,47.77,NA,NA,4.00,38.40,NA,NA,NA,NA,NA,NA,NA,NA,NA,NA,NA,0.00,NA,NA,NA
2020-12-30 21:00:00,237.70,300.12,13.10,37.21,50.30,NA,NA,4.43,39.93,NA,NA,NA,NA,NA,NA,NA,NA,NA,NA,NA,0.00,NA,NA,NA
2020-12-30 22:00:00,239.03,339.33,19.64,34.00,53.63,NA,NA,4.62,41.95,NA,NA,NA,NA,NA,NA,NA,NA,NA,NA,NA,0.00,NA,NA,NA
2020-12-30 23:00:00,203.54,342.37,35.75,34.82,70.55,NA,NA,3.93,38.31,NA,NA,NA,NA,NA,NA,NA,NA,NA,NA,NA,0.00,NA,NA,NA
2020-12-31 00:00:00,211.87,313.11,33.24,26.16,59.42,NA,NA,3.62,36.27,NA,NA,NA,NA,NA,NA,NA,NA,NA,NA,NA,0.00,NA,NA,NA
2020-12-31 01:00:00,190.30,289.19,15.81,22.87,38.69,NA,NA,3.51,32.84,NA,NA,NA,NA,NA,NA,NA,NA,NA,NA,NA,0.00,NA,NA,NA
2020-12-31 02:00:00,173.70,253.76,16.80,19.78,36.57,NA,NA,3.29,31.26,NA,NA,NA,NA,NA,NA,NA,NA,NA,NA,NA,0.00,NA,NA,NA
2020-12-31 03:00:00,152.24,226.94,20.59,17.50,38.10,NA,NA,3.33,32.64,NA,NA,NA,NA,NA,NA,NA,NA,NA,NA,NA,0.00,NA,NA,NA
2020-12-31 04:00:00,144.50,202.77,6.74,18.48,25.22,NA,NA,2.83,41.21,NA,NA,NA,NA,NA,NA,NA,NA,NA,NA,NA,0.00,NA,NA,NA
2020-12-31 05:00:00,146.74,216.89,6.71,20.40,27.11,NA,NA,2.77,40.44,NA,NA,NA,NA,NA,NA,NA,NA,NA,NA,NA,0.00,NA,NA,NA
2020-12-31 06:00:00,147.72,191.90,6.73,26.68,33.41,NA,NA,2.78,34.97,NA,NA,NA,NA,NA,NA,NA,NA,NA,NA,NA,0.00,NA,NA,NA
2020-12-31 07:00:00,133.39,173.22,7.50,22.40,29.90,NA,NA,2.75,37.36,NA,NA,NA,NA,NA,NA,NA,NA,NA,NA,NA,0.00,NA,NA,NA
2020-12-31 08:00:00,130.44,175.50,7.48,18.32,25.80,NA,NA,2.71,42.63,NA,NA,NA,NA,NA,NA,NA,NA,NA,NA,NA,0.00,NA,NA,NA
2020-12-31 09:00:00,130.71,179.29,9.65,37.73,47.37,NA,NA,2.76,47.57,NA,NA,NA,NA,NA,NA,NA,NA,NA,NA,NA,0.00,NA,NA,NA
2020-12-31 10:00:00,135.02,224.20,12.02,31.05,43.07,NA,NA,2.91,56.74,NA,NA,NA,NA,NA,NA,NA,NA,NA,NA,NA,0.00,NA,NA,NA
2020-12-31 11:00:00,185.55,267.91,12.29,35.44,47.73,NA,NA,2.92,69.29,NA,NA,NA,NA,NA,NA,NA,NA,NA,NA,NA,0.00,NA,NA,NA
2020-12-31 12:00:00,213.55,273.57,13.62,30.35,43.97,NA,NA,3.08,73.03,NA,NA,NA,NA,NA,NA,NA,NA,NA,NA,NA,0.00,NA,NA,NA
2020-12-31 13:00:00,223.32,316.47,6.60,27.17,40.15,NA,NA,3.56,62.86,NA,NA,NA,NA,NA,NA,NA,NA,NA,NA,NA,0.00,NA,NA,NA
2020-12-31 14:00:00,196.26,316.08,50.07,20.83,84.73,NA,NA,3.80,50.19,NA,NA,NA,NA,NA,NA,NA,NA,NA,NA,NA,0.00,NA,NA,NA
2020-12-31 15:00:00,171.06,282.31,17.10,33.52,50.62,NA,NA,3.95,47.53,NA,NA,NA,NA,NA,NA,NA,NA,NA,NA,NA,0.00,NA,NA,NA
2020-12-31 16:00:00,168.96,256.61,8.21,27.53,35.74,NA,NA,3.58,54.07,NA,NA,NA,NA,NA,NA,NA,NA,NA,NA,NA,0.00,NA,NA,NA
2020-12-31 17:00:00,189.34,313.66,7.37,33.07,40.44,NA,NA,3.80,34.00,NA,NA,NA,NA,NA,NA,NA,NA,NA,NA,NA,0.00,NA,NA,NA
2020-12-31 18:00:00,197.25,324.91,6.76,33.84,40.60,NA,NA,4.32,16.23,NA,NA,NA,NA,NA,NA,NA,NA,NA,NA,NA,0.00,NA,NA,NA
2020-12-31 19:00:00,221.52,337.21,8.79,34.18,42.96,NA,NA,4.73,7.28,NA,NA,NA,NA,NA,NA,NA,NA,NA,NA,NA,0.00,NA,NA,NA
2020-12-31 20:00:00,207.95,344.63,13.18,32.76,45.94,NA,NA,4.82,3.71,NA,NA,NA,NA,NA,NA,NA,NA,NA,NA,NA,0.00,NA,NA,NA
2020-12-31 21:00:00,233.05,321.48,15.88,26.30,42.17,NA,NA,5.37,3.94,NA,NA,NA,NA,NA,NA,NA,NA,NA,NA,NA,0.00,NA,NA,NA
2020-12-31 22:00:00,242.13,331.55,23.88,24.21,48.07,NA,NA,6.31,4.35,NA,NA,NA,NA,NA,NA,NA,NA,NA,NA,NA,0.00,NA,NA,NA
2020-12-31 23:00:00,260.61,398.76,27.34,21.00,48.35,NA,NA,6.23,5.87,NA,NA,NA,NA,NA,NA,NA,NA,NA,NA,NA,0.00,NA,NA,NA
