Timestamp,PM2.5 (µg/m³),PM10 (µg/m³),NO (µg/m³),NO2 (µg/m³),NOx (ppb),NH3 (µg/m³),SO2 (µg/m³),CO (mg/m³),Ozone (µg/m³),Benzene (µg/m³),Toluene (µg/m³),Xylene (µg/m³),O Xylene (µg/m³),Eth-Benzene (µg/m³),MP-Xylene (µg/m³),AT (°C),RH (%),WS (m/s),WD (deg),RF (mm),TOT-RF (mm),SR (W/mt2),BP (mmHg),VWS (m/s)
2022-01-01 00:00:00,149.06,132.81,11.55,22.49,34.03,NA,NA,1.07,7.60,NA,NA,NA,NA,NA,NA,NA,NA,NA,NA,NA,0.00,NA,NA,NA
2022-01-01 01:00:00,162.34,169.17,13.91,22.43,36.34,NA,NA,1.11,9.45,NA,NA,NA,NA,NA,NA,NA,NA,NA,NA,NA,0.00,NA,NA,NA
2022-01-01 02:00:00,167.62,169.61,12.76,21.56,34.32,NA,NA,1.15,7.41,NA,NA,NA,NA,NA,NA,NA,NA,NA,NA,NA,0.00,NA,NA,NA
2022-01-01 03:00:00,176.17,166.24,15.82,21.73,37.56,NA,NA,1.24,8.26,NA,NA,NA,NA,NA,NA,NA,NA,NA,NA,NA,0.00,NA,NA,NA
2022-01-01 04:00:00,209.35,188.07,20.54,25.02,45.56,NA,NA,1.52,6.79,NA,NA,NA,NA,NA,NA,NA,NA,NA,NA,NA,0.00,NA,NA,NA
2022-01-01 05:00:00,188.37,176.04,21.75,33.40,55.16,NA,NA,1.45,7.57,NA,NA,NA,NA,NA,NA,NA,NA,NA,NA,NA,0.00,NA,NA,NA
2022-01-01 06:00:00,225.04,221.54,22.83,26.76,49.59,NA,NA,1.24,7.08,NA,NA,NA,NA,NA,NA,NA,NA,NA,NA,NA,0.00,NA,NA,NA
2022-01-01 07:00:00,186.34,179.12,21.16,25.58,46.74,NA,NA,1.15,6.47,NA,NA,NA,NA,NA,NA,NA,NA,NA,NA,NA,0.00,NA,NA,NA
2022-01-01 08:00:00,176.91,191.82,21.31,37.89,59.19,NA,NA,1.35,7.35,NA,NA,NA,NA,NA,NA,NA,NA,NA,NA,NA,0.00,NA,NA,NA
2022-01-01 09:00:00,176.85,180.48,14.64,37.88,52.52,NA,NA,1.26,11.83,NA,NA,NA,NA,NA,NA,NA,NA,NA,NA,NA,0.00,NA,NA,NA
2022-01-01 10:00:00,268.81,211.23,9.80,40.22,50.02,NA,NA,1.32,16.43,NA,NA,NA,NA,NA,NA,NA,NA,NA,NA,NA,0.00,NA,NA,NA
2022-01-01 11:00:00,246.89,249.03,7.11,30.12,37.23,NA,NA,0.94,38.22,NA,NA,NA,NA,NA,NA,NA,NA,NA,NA,NA,0.00,NA,NA,NA
2022-01-01 12:00:00,190.06,205.37,6.46,22.21,28.68,NA,NA,0.76,55.12,NA,NA,NA,NA,NA,NA,NA,NA,NA,NA,NA,0.00,NA,NA,NA
2022-01-01 13:00:00,163.55,175.12,6.17,20.05,26.22,NA,NA,0.70,58.31,NA,NA,NA,NA,NA,NA,NA,NA,NA,NA,NA,0.00,NA,NA,NA
2022-01-01 14:00:00,167.13,144.17,6.05,17.50,23.55,NA,NA,0.66,57.68,NA,NA,NA,NA,NA,NA,NA,NA,NA,NA,NA,0.00,NA,NA,NA
2022-01-01 15:00:00,143.35,117.21,5.94,16.83,22.77,NA,NA,0.60,57.40,NA,NA,NA,NA,NA,NA,NA,NA,NA,NA,NA,0.00,NA,NA,NA
2022-01-01 16:00:00,147.33,161.78,5.95,19.60,25.55,NA,NA,0.69,56.30,NA,NA,NA,NA,NA,NA,NA,NA,NA,NA,NA,0.00,NA,NA,NA
2022-01-01 17:00:00,180.19,195.28,6.00,22.64,28.64,NA,NA,0.83,34.83,NA,NA,NA,NA,NA,NA,NA,NA,NA,NA,NA,0.00,NA,NA,NA
2022-01-01 18:00:00,194.18,191.25,6.10,26.46,32.57,NA,NA,0.96,19.78,NA,NA,NA,NA,NA,NA,NA,NA,NA,NA,NA,0.00,NA,NA,NA
2022-01-01 19:00:00,192.94,212.34,6.26,29.87,36.13,NA,NA,1.04,11.64,NA,NA,NA,NA,NA,NA,NA,NA,NA,NA,NA,0.00,NA,NA,NA
2022-01-01 20:00:00,171.35,189.44,5.99,22.36,28.35,NA,NA,1.01,12.33,NA,NA,NA,NA,NA,NA,NA,NA,NA,NA,NA,0.00,NA,NA,NA
2022-01-01 21:00:00,153.09,201.29,6.38,24.48,30.87,NA,NA,1.17,9.90,NA,NA,NA,NA,NA,NA,NA,NA,NA,NA,NA,0.00,NA,NA,NA
2022-01-01 22:00:00,169.35,239.58,7.16,22.66,29.81,NA,NA,1.42,7.68,NA,NA,NA,NA,NA,NA,NA,NA,NA,NA,NA,0.00,NA,NA,NA
2022-01-01 23:00:00,192.95,243.06,8.33,22.93,31.27,NA,NA,1.51,7.80,NA,NA,NA,NA,NA,NA,NA,NA,NA,NA,NA,0.00,NA,NA,NA
2022-01-02 00:00:00,240.15,243.62,10.58,22.35,32.92,NA,NA,1.55,8.69,NA,NA,NA,NA,NA,NA,NA,NA,NA,NA,NA,0.00,NA,NA,NA
2022-01-02 01:00:00,241.52,240.66,7.86,18.46,26.31,NA,NA,1.60,8.01,NA,NA,NA,NA,NA,NA,NA,NA,NA,NA,NA,0.00,NA,NA,NA
2022-01-02 02:00:00,206.77,204.40,7.17,17.70,24.89,NA,NA,1.54,8.24,NA,NA,NA,NA,NA,NA,NA,NA,NA,NA,NA,0.00,NA,NA,NA
2022-01-02 03:00:00,212.47,209.11,15.76,22.82,38.58,NA,NA,2.04,7.91,NA,NA,NA,NA,NA,NA,NA,NA,NA,NA,NA,0.00,NA,NA,NA
2022-01-02 04:00:00,262.30,233.10,21.43,22.59,44.05,NA,NA,2.30,7.39,NA,NA,NA,NA,NA,NA,NA,NA,NA,NA,NA,0.00,NA,NA,NA
2022-01-02 05:00:00,287.10,275.87,21.72,30.42,52.13,NA,NA,2.06,7.08,NA,NA,NA,NA,NA,NA,NA,NA,NA,NA,NA,0.00,NA,NA,NA
2022-01-02 06:00:00,251.87,232.78,13.85,21.57,35.40,NA,NA,1.66,6.69,NA,NA,NA,NA,NA,NA,NA,NA,NA,NA,NA,0.00,NA,NA,NA
2022-01-02 07:00:00,208.48,201.56,12.31,22.43,34.74,NA,NA,1.54,12.28,NA,NA,NA,NA,NA,NA,NA,NA,NA,NA,NA,0.00,NA,NA,NA
2022-01-02 08:00:00,209.20,193.48,12.65,28.45,41.14,NA,NA,1.59,8.04,NA,NA,NA,NA,NA,NA,NA,NA,NA,NA,NA,0.00,NA,NA,NA
2022-01-02 09:00:00,241.72,255.19,12.17,33.25,45.42,NA,NA,1.71,13.87,NA,NA,NA,NA,NA,NA,NA,NA,NA,NA,NA,0.00,NA,NA,NA
2022-01-02 10:00:00,295.56,281.26,8.91,33.94,42.85,NA,NA,1.65,27.06,NA,NA,NA,NA,NA,NA,NA,NA,NA,NA,NA,0.00,NA,NA,NA
2022-01-02 11:00:00,276.22,241.08,7.19,31.63,38.79,NA,NA,1.31,39.41,NA,NA,NA,NA,NA,NA,NA,NA,NA,NA,NA,0.00,NA,NA,NA
2022-01-02 12:00:00,205.64,190.21,6.54,24.20,30.72,NA,NA,1.19,59.74,NA,NA,NA,NA,NA,NA,NA,NA,NA,NA,NA,0.00,NA,NA,NA
2022-01-02 13:00:00,175.35,191.28,6.36,21.32,27.68,NA,NA,1.12,68.47,NA,NA,NA,NA,NA,NA,NA,NA,NA,NA,NA,0.00,NA,NA,NA
2022-01-02 14:00:00,185.00,186.43,6.15,19.36,25.51,NA,NA,1.07,62.47,NA,NA,NA,NA,NA,NA,NA,NA,NA,NA,NA,0.00,NA,NA,NA
2022-01-02 15:00:00,149.18,154.85,6.06,17.99,24.05,NA,NA,1.02,67.42,NA,NA,NA,NA,NA,NA,NA,NA,NA,NA,NA,0.00,NA,NA,NA
2022-01-02 16:00:00,138.79,138.15,6.00,20.67,26.68,NA,NA,1.02,62.17,NA,NA,NA,NA,NA,NA,NA,NA,NA,NA,NA,0.00,NA,NA,NA
2022-01-02 17:00:00,153.70,157.44,5.99,22.46,28.47,NA,NA,1.08,41.68,NA,NA,NA,NA,NA,NA,NA,NA,NA,NA,NA,0.00,NA,NA,NA
2022-01-02 18:00:00,163.33,160.07,6.04,28.71,34.76,NA,NA,1.17,23.62,NA,NA,NA,NA,NA,NA,NA,NA,NA,NA,NA,0.00,NA,NA,NA
2022-01-02 19:00:00,153.48,190.23,6.20,30.61,36.83,NA,NA,1.40,21.63,NA,NA,NA,NA,NA,NA,NA,NA,NA,NA,NA,0.00,NA,NA,NA
2022-01-02 20:00:00,159.21,212.34,6.77,35.59,42.35,NA,NA,1.51,11.86,NA,NA,NA,NA,NA,NA,NA,NA,NA,NA,NA,0.00,NA,NA,NA
2022-01-02 21:00:00,184.66,257.90,14.74,43.47,58.22,NA,NA,2.38,7.83,NA,NA,NA,NA,NA,NA,NA,NA,NA,NA,NA,0.00,NA,NA,NA
2022-01-02 22:00:00,193.64,257.57,10.42,33.07,43.45,NA,NA,2.09,7.63,NA,NA,NA,NA,NA,NA,NA,NA,NA,NA,NA,0.00,NA,NA,NA
2022-01-02 23:00:00,183.33,216.51,7.16,27.22,34.38,NA,NA,1.81,6.92,NA,NA,NA,NA,NA,NA,NA,NA,NA,NA,NA,0.00,NA,NA,NA
2022-01-03 00:00:00,219.37,227.63,6.80,24.48,31.26,NA,NA,1.70,5.23,NA,NA,NA,NA,NA,NA,NA,NA,NA,NA,NA,0.00,NA,NA,NA
2022-01-03 01:00:00,208.63,206.03,6.83,20.98,27.82,NA,NA,1.57,8.90,NA,NA,NA,NA,NA,NA,NA,NA,NA,NA,NA,0.00,NA,NA,NA
2022-01-03 02:00:00,194.78,197.13,7.22,19.57,26.78,NA,NA,1.59,10.52,NA,NA,NA,NA,NA,NA,NA,NA,NA,NA,NA,0.00,NA,NA,NA
2022-01-03 03:00:00,189.26,180.10,7.81,19.67,27.49,NA,NA,1.65,11.06,NA,NA,NA,NA,NA,NA,NA,NA,NA,NA,NA,0.00,NA,NA,NA
2022-01-03 04:00:00,183.68,181.55,11.46,21.94,33.41,NA,NA,1.69,8.21,NA,NA,NA,NA,NA,NA,NA,NA,NA,NA,NA,0.00,NA,NA,NA
2022-01-03 05:00:00,218.03,194.95,11.12,20.61,31.73,NA,NA,1.56,6.98,NA,NA,NA,NA,NA,NA,NA,NA,NA,NA,NA,0.00,NA,NA,NA
2022-01-03 06:00:00,224.42,227.88,18.67,28.44,47.10,NA,NA,1.63,6.45,NA,NA,NA,NA,NA,NA,NA,NA,NA,NA,NA,0.00,NA,NA,NA
2022-01-03 07:00:00,220.43,221.78,19.19,28.20,47.39,NA,NA,1.54,6.83,NA,NA,NA,NA,NA,NA,NA,NA,NA,NA,NA,0.00,NA,NA,NA
2022-01-03 08:00:00,196.42,216.09,20.84,33.80,54.63,NA,NA,1.61,7.30,NA,NA,NA,NA,NA,NA,NA,NA,NA,NA,NA,0.00,NA,NA,NA
2022-01-03 09:00:00,214.78,237.72,15.02,40.95,55.98,NA,NA,1.79,13.01,NA,NA,NA,NA,NA,NA,NA,NA,NA,NA,NA,0.00,NA,NA,NA
2022-01-03 10:00:00,285.26,301.68,9.50,41.71,51.21,NA,NA,1.65,26.38,NA,NA,NA,NA,NA,NA,NA,NA,NA,NA,NA,0.00,NA,NA,NA
2022-01-03 11:00:00,258.40,273.34,8.02,38.55,46.58,NA,NA,1.46,46.66,NA,NA,NA,NA,NA,NA,NA,NA,NA,NA,NA,0.00,NA,NA,NA
2022-01-03 12:00:00,205.22,231.07,6.93,27.60,34.53,NA,NA,1.27,67.74,NA,NA,NA,NA,NA,NA,NA,NA,NA,NA,NA,0.00,NA,NA,NA
2022-01-03 13:00:00,136.65,175.34,6.57,23.27,29.85,NA,NA,1.16,73.87,NA,NA,NA,NA,NA,NA,NA,NA,NA,NA,NA,0.00,NA,NA,NA
2022-01-03 14:00:00,111.62,158.12,6.16,18.55,24.71,NA,NA,1.09,80.10,NA,NA,NA,NA,NA,NA,NA,NA,NA,NA,NA,0.00,NA,NA,NA
2022-01-03 15:00:00,118.77,142.53,6.10,18.61,24.72,NA,NA,1.11,75.30,NA,NA,NA,NA,NA,NA,NA,NA,NA,NA,NA,0.00,NA,NA,NA
2022-01-03 16:00:00,144.55,155.30,5.93,19.20,25.13,NA,NA,1.13,70.78,NA,NA,NA,NA,NA,NA,NA,NA,NA,NA,NA,0.00,NA,NA,NA
2022-01-03 17:00:00,148.41,153.50,5.91,22.78,28.70,NA,NA,1.17,52.83,NA,NA,NA,NA,NA,NA,NA,NA,NA,NA,NA,0.00,NA,NA,NA
2022-01-03 18:00:00,149.65,168.87,6.01,29.32,35.33,NA,NA,1.29,27.13,NA,NA,NA,NA,NA,NA,NA,NA,NA,NA,NA,0.00,NA,NA,NA
2022-01-03 19:00:00,165.51,182.53,6.79,40.87,47.67,NA,NA,1.61,10.04,NA,NA,NA,NA,NA,NA,NA,NA,NA,NA,NA,0.00,NA,NA,NA
2022-01-03 20:00:00,182.81,231.72,6.53,32.99,39.53,NA,NA,1.68,7.88,NA,NA,NA,NA,NA,NA,NA,NA,NA,NA,NA,0.00,NA,NA,NA
2022-01-03 21:00:00,209.99,221.59,9.76,34.70,44.45,NA,NA,1.82,9.39,NA,NA,NA,NA,NA,NA,NA,NA,NA,NA,NA,0.00,NA,NA,NA
2022-01-03 22:00:00,236.03,251.01,20.61,46.02,66.62,NA,NA,2.04,6.69,NA,NA,NA,NA,NA,NA,NA,NA,NA,NA,NA,0.00,NA,NA,NA
2022-01-03 23:00:00,247.99,265.89,16.09,42.76,58.84,NA,NA,1.96,5.62,NA,NA,NA,NA,NA,NA,NA,NA,NA,NA,NA,0.00,NA,NA,NA
2022-01-04 00:00:00,250.17,294.79,18.90,42.15,61.07,NA,NA,2.15,7.42,NA,NA,NA,NA,NA,NA,NA,NA,NA,NA,NA,0.00,NA,NA,NA
2022-01-04 01:00:00,247.80,286.38,9.02,31.09,40.11,NA,NA,1.71,9.45,NA,NA,NA,NA,NA,NA,NA,NA,NA,NA,NA,0.00,NA,NA,NA
2022-01-04 02:00:00,230.98,221.50,7.49,22.47,29.95,NA,NA,1.55,7.51,NA,NA,NA,NA,NA,NA,NA,NA,NA,NA,NA,0.00,NA,NA,NA
2022-01-04 03:00:00,198.37,192.80,7.36,21.29,28.65,NA,NA,1.47,6.91,NA,NA,NA,NA,NA,NA,NA,NA,NA,NA,NA,0.00,NA,NA,NA
2022-01-04 04:00:00,164.55,162.02,7.05,20.97,28.02,NA,NA,1.44,5.85,NA,NA,NA,NA,NA,NA,NA,NA,NA,NA,NA,0.00,NA,NA,NA
2022-01-04 05:00:00,165.06,188.26,6.90,20.20,27.10,NA,NA,1.45,9.46,NA,NA,NA,NA,NA,NA,NA,NA,NA,NA,NA,0.00,NA,NA,NA
2022-01-04 06:00:00,186.55,201.46,9.46,21.29,30.74,NA,NA,1.65,11.91,NA,NA,NA,NA,NA,NA,NA,NA,NA,NA,NA,0.00,NA,NA,NA
2022-01-04 07:00:00,182.53,181.78,10.15,19.21,29.36,NA,NA,1.59,7.88,NA,NA,NA,NA,NA,NA,NA,NA,NA,NA,NA,0.00,NA,NA,NA
2022-01-04 08:00:00,162.84,176.58,14.07,24.02,38.08,NA,NA,1.63,7.81,NA,NA,NA,NA,NA,NA,NA,NA,NA,NA,NA,0.00,NA,NA,NA
2022-01-04 09:00:00,176.36,184.44,18.60,38.40,57.01,NA,NA,1.83,9.69,NA,NA,NA,NA,NA,NA,NA,NA,NA,NA,NA,0.00,NA,NA,NA
2022-01-04 10:00:00,245.94,237.83,11.60,51.84,63.45,NA,NA,2.01,21.84,NA,NA,NA,NA,NA,NA,NA,NA,NA,NA,NA,0.00,NA,NA,NA
2022-01-04 11:00:00,282.05,272.26,8.30,40.80,49.10,NA,NA,1.64,47.00,NA,NA,NA,NA,NA,NA,NA,NA,NA,NA,NA,0.00,NA,NA,NA
2022-01-04 12:00:00,197.13,204.75,7.53,24.43,31.97,NA,NA,1.19,88.07,NA,NA,NA,NA,NA,NA,NA,NA,NA,NA,NA,0.00,NA,NA,NA
2022-01-04 13:00:00,247.27,170.70,7.38,20.23,27.61,NA,NA,1.12,113.85,NA,NA,NA,NA,NA,NA,NA,NA,NA,NA,NA,0.00,NA,NA,NA
2022-01-04 14:00:00,265.38,227.21,20.92,22.51,53.80,NA,NA,1.04,86.09,NA,NA,NA,NA,NA,NA,NA,NA,NA,NA,NA,0.00,NA,NA,NA
2022-01-04 15:00:00,7.40,143.05,11.22,17.23,28.52,NA,NA,0.94,87.38,NA,NA,NA,NA,NA,NA,NA,NA,NA,NA,NA,0.00,NA,NA,NA
2022-01-04 16:00:00,18.84,126.22,6.65,18.57,25.22,NA,NA,1.08,64.95,NA,NA,NA,NA,NA,NA,NA,NA,NA,NA,NA,0.00,NA,NA,NA
2022-01-04 17:00:00,63.89,141.67,6.57,19.61,26.18,NA,NA,1.10,46.00,NA,NA,NA,NA,NA,NA,NA,NA,NA,NA,NA,0.00,NA,NA,NA
2022-01-04 18:00:00,38.53,136.41,6.71,21.18,27.89,NA,NA,1.21,46.64,NA,NA,NA,NA,NA,NA,NA,NA,NA,NA,NA,0.00,NA,NA,NA
2022-01-04 19:00:00,87.38,161.13,7.27,26.63,33.90,NA,NA,1.38,44.73,NA,NA,NA,NA,NA,NA,NA,NA,NA,NA,NA,0.00,NA,NA,NA
2022-01-04 20:00:00,104.49,170.47,7.34,32.04,39.38,NA,NA,1.50,43.87,NA,NA,NA,NA,NA,NA,NA,NA,NA,NA,NA,0.00,NA,NA,NA
2022-01-04 21:00:00,99.62,151.73,6.88,26.28,33.16,NA,NA,1.41,50.77,NA,NA,NA,NA,NA,NA,NA,NA,NA,NA,NA,0.00,NA,NA,NA
2022-01-04 22:00:00,137.69,199.38,7.31,33.29,40.60,NA,NA,1.49,54.53,NA,NA,NA,NA,NA,NA,NA,NA,NA,NA,NA,0.00,NA,NA,NA
2022-01-04 23:00:00,169.66,238.05,7.81,34.10,41.91,NA,NA,1.58,47.87,NA,NA,NA,NA,NA,NA,NA,NA,NA,NA,NA,0.00,NA,NA,NA
2022-01-05 00:00:00,183.68,241.51,17.72,42.49,60.21,NA,NA,1.65,45.22,NA,NA,NA,NA,NA,NA,NA,NA,NA,NA,NA,0.00,NA,NA,NA
2022-01-05 01:00:00,206.55,264.10,8.11,29.91,38.02,NA,NA,1.90,46.66,NA,NA,NA,NA,NA,NA,NA,NA,NA,NA,NA,0.00,NA,NA,NA
2022-01-05 02:00:00,209.87,253.75,9.68,26.76,36.43,NA,NA,1.99,49.39,NA,NA,NA,NA,NA,NA,NA,NA,NA,NA,NA,0.00,NA,NA,NA
2022-01-05 03:00:00,221.38,256.43,10.18,25.10,35.28,NA,NA,2.21,49.53,NA,NA,NA,NA,NA,NA,NA,NA,NA,NA,NA,0.00,NA,NA,NA
2022-01-05 04:00:00,238.83,245.65,13.08,24.67,37.75,NA,NA,2.12,48.13,NA,NA,NA,NA,NA,NA,NA,NA,NA,NA,NA,0.00,NA,NA,NA
2022-01-05 05:00:00,241.82,270.18,13.25,23.53,36.79,NA,NA,2.21,53.36,NA,NA,NA,NA,NA,NA,NA,NA,NA,NA,NA,0.00,NA,NA,NA
2022-01-05 06:00:00,261.98,251.63,12.20,21.81,34.01,NA,NA,2.11,49.12,NA,NA,NA,NA,NA,NA,NA,NA,NA,NA,NA,0.00,NA,NA,NA
2022-01-05 07:00:00,255.26,265.84,28.48,35.09,63.55,NA,NA,2.20,46.27,NA,NA,NA,NA,NA,NA,NA,NA,NA,NA,NA,0.00,NA,NA,NA
2022-01-05 08:00:00,259.93,311.65,24.41,29.88,54.30,NA,NA,2.22,51.95,NA,NA,NA,NA,NA,NA,NA,NA,NA,NA,NA,0.00,NA,NA,NA
2022-01-05 09:00:00,319.52,367.14,24.14,38.67,62.80,NA,NA,3.12,49.43,NA,NA,NA,NA,NA,NA,NA,NA,NA,NA,NA,0.00,NA,NA,NA
2022-01-05 10:00:00,466.21,478.24,22.23,43.37,65.61,NA,NA,3.49,48.03,NA,NA,NA,NA,NA,NA,NA,NA,NA,NA,NA,0.00,NA,NA,NA
2022-01-05 11:00:00,428.38,438.90,12.32,36.55,48.88,NA,NA,2.57,53.24,NA,NA,NA,NA,NA,NA,NA,NA,NA,NA,NA,0.00,NA,NA,NA
2022-01-05 12:00:00,263.65,261.73,9.62,30.15,39.76,NA,NA,2.47,48.09,NA,NA,NA,NA,NA,NA,NA,NA,NA,NA,NA,0.00,NA,NA,NA
2022-01-05 13:00:00,136.77,176.42,9.54,41.91,51.45,NA,NA,2.81,54.55,NA,NA,NA,NA,NA,NA,NA,NA,NA,NA,NA,0.00,NA,NA,NA
2022-01-05 14:00:00,213.13,218.22,7.37,24.37,31.75,NA,NA,1.77,60.04,NA,NA,NA,NA,NA,NA,NA,NA,NA,NA,NA,0.00,NA,NA,NA
2022-01-05 15:00:00,138.56,147.66,6.98,19.47,26.45,NA,NA,1.44,61.32,NA,NA,NA,NA,NA,NA,NA,NA,NA,NA,NA,0.00,NA,NA,NA
2022-01-05 16:00:00,77.20,82.12,6.72,14.63,21.34,NA,NA,1.23,57.62,NA,NA,NA,NA,NA,NA,NA,NA,NA,NA,NA,0.00,NA,NA,NA
2022-01-05 17:00:00,51.94,61.67,6.63,14.80,21.44,NA,NA,1.14,57.98,NA,NA,NA,NA,NA,NA,NA,NA,NA,NA,NA,0.00,NA,NA,NA
2022-01-05 18:00:00,85.01,96.92,6.61,14.76,21.37,NA,NA,1.26,57.38,NA,NA,NA,NA,NA,NA,NA,NA,NA,NA,NA,0.00,NA,NA,NA
2022-01-05 19:00:00,111.60,114.37,6.53,13.26,19.80,NA,NA,1.21,56.63,NA,NA,NA,NA,NA,NA,NA,NA,NA,NA,NA,0.00,NA,NA,NA
2022-01-05 20:00:00,125.45,136.90,6.52,13.78,20.29,NA,NA,1.35,60.15,NA,NA,NA,NA,NA,NA,NA,NA,NA,NA,NA,0.00,NA,NA,NA
2022-01-05 21:00:00,186.24,199.65,6.50,13.87,20.37,NA,NA,1.42,62.36,NA,NA,NA,NA,NA,NA,NA,NA,NA,NA,NA,0.00,NA,NA,NA
2022-01-05 22:00:00,167.52,167.12,6.39,14.17,20.56,NA,NA,1.29,61.23,NA,NA,NA,NA,NA,NA,NA,NA,NA,NA,NA,0.00,NA,NA,NA
2022-01-05 23:00:00,137.92,130.27,6.44,15.67,22.12,NA,NA,1.21,56.50,NA,NA,NA,NA,NA,NA,NA,NA,NA,NA,NA,0.00,NA,NA,NA
2022-01-06 00:00:00,110.13,120.58,6.34,12.65,18.99,NA,NA,1.09,58.18,NA,NA,NA,NA,NA,NA,NA,NA,NA,NA,NA,0.00,NA,NA,NA
2022-01-06 01:00:00,90.20,124.48,6.32,12.61,18.93,NA,NA,1.02,57.70,NA,NA,NA,NA,NA,NA,NA,NA,NA,NA,NA,0.00,NA,NA,NA
2022-01-06 02:00:00,102.74,128.74,6.36,13.29,19.65,NA,NA,1.21,57.76,NA,NA,NA,NA,NA,NA,NA,NA,NA,NA,NA,0.00,NA,NA,NA
2022-01-06 03:00:00,91.86,102.00,6.42,13.13,19.56,NA,NA,1.19,57.06,NA,NA,NA,NA,NA,NA,NA,NA,NA,NA,NA,0.00,NA,NA,NA
2022-01-06 04:00:00,61.46,85.22,6.30,11.53,17.83,NA,NA,1.09,56.52,NA,NA,NA,NA,NA,NA,NA,NA,NA,NA,NA,0.00,NA,NA,NA
2022-01-06 05:00:00,115.44,113.26,6.28,11.17,17.45,NA,NA,1.11,60.02,NA,NA,NA,NA,NA,NA,NA,NA,NA,NA,NA,0.00,NA,NA,NA
2022-01-06 06:00:00,161.66,160.13,6.27,11.05,17.31,NA,NA,1.39,60.30,NA,NA,NA,NA,NA,NA,NA,NA,NA,NA,NA,0.00,NA,NA,NA
2022-01-06 07:00:00,161.55,158.22,6.24,11.32,17.56,NA,NA,1.47,60.20,NA,NA,NA,NA,NA,NA,NA,NA,NA,NA,NA,0.00,NA,NA,NA
2022-01-06 08:00:00,165.55,191.39,6.32,12.10,18.42,NA,NA,1.51,61.71,NA,NA,NA,NA,NA,NA,NA,NA,NA,NA,NA,0.00,NA,NA,NA
2022-01-06 09:00:00,171.98,179.31,6.45,12.02,18.46,NA,NA,1.46,62.56,NA,NA,NA,NA,NA,NA,NA,NA,NA,NA,NA,0.00,NA,NA,NA
2022-01-06 10:00:00,164.17,152.71,6.70,13.12,19.82,NA,NA,1.44,62.77,NA,NA,NA,NA,NA,NA,NA,NA,NA,NA,NA,0.00,NA,NA,NA
2022-01-06 11:00:00,153.59,144.68,6.60,11.78,18.38,NA,NA,1.32,61.82,NA,NA,NA,NA,NA,NA,NA,NA,NA,NA,NA,0.00,NA,NA,NA
2022-01-06 12:00:00,141.55,110.33,6.46,11.46,17.92,NA,NA,1.21,62.71,NA,NA,NA,NA,NA,NA,NA,NA,NA,NA,NA,0.00,NA,NA,NA
2022-01-06 13:00:00,107.86,103.50,6.31,10.73,17.04,NA,NA,1.08,63.01,NA,NA,NA,NA,NA,NA,NA,NA,NA,NA,NA,0.00,NA,NA,NA
2022-01-06 14:00:00,74.80,76.79,6.20,9.63,15.83,NA,NA,1.03,62.33,NA,NA,NA,NA,NA,NA,NA,NA,NA,NA,NA,0.00,NA,NA,NA
2022-01-06 15:00:00,NA,NA,NA,NA,NA,NA,NA,NA,NA,NA,NA,NA,NA,NA,NA,NA,NA,NA,NA,NA,0.00,NA,NA,NA
2022-01-06 16:00:00,NA,NA,NA,NA,NA,NA,NA,NA,NA,NA,NA,NA,NA,NA,NA,NA,NA,NA,NA,NA,0.00,NA,NA,NA
2022-01-06 17:00:00,NA,NA,NA,NA,NA,NA,NA,NA,NA,NA,NA,NA,NA,NA,NA,NA,NA,NA,NA,NA,0.00,NA,NA,NA
2022-01-06 18:00:00,NA,NA,NA,NA,NA,NA,NA,NA,NA,NA,NA,NA,NA,NA,NA,NA,NA,NA,NA,NA,0.00,NA,NA,NA
2022-01-06 19:00:00,NA,NA,NA,NA,NA,NA,NA,NA,NA,NA,NA,NA,NA,NA,NA,NA,NA,NA,NA,NA,0.00,NA,NA,NA
2022-01-06 20:00:00,NA,NA,NA,NA,NA,NA,NA,NA,NA,NA,NA,NA,NA,NA,NA,NA,NA,NA,NA,NA,0.00,NA,NA,NA
2022-01-06 21:00:00,NA,NA,NA,NA,NA,NA,NA,NA,NA,NA,NA,NA,NA,NA,NA,NA,NA,NA,NA,NA,0.00,NA,NA,NA
2022-01-06 22:00:00,NA,NA,NA,NA,NA,NA,NA,NA,NA,NA,NA,NA,NA,NA,NA,NA,NA,NA,NA,NA,0.00,NA,NA,NA
2022-01-06 23:00:00,NA,NA,NA,NA,NA,NA,NA,NA,NA,NA,NA,NA,NA,NA,NA,NA,NA,NA,NA,NA,0.00,NA,NA,NA
2022-01-07 00:00:00,99.40,86.08,6.06,10.80,16.86,NA,NA,1.13,60.91,NA,NA,NA,NA,NA,NA,NA,NA,NA,NA,NA,0.00,NA,NA,NA
2022-01-07 01:00:00,108.05,120.55,6.02,10.97,16.99,NA,NA,1.15,61.95,NA,NA,NA,NA,NA,NA,NA,NA,NA,NA,NA,0.00,NA,NA,NA
2022-01-07 02:00:00,105.33,115.79,5.94,10.25,16.18,NA,NA,1.10,62.20,NA,NA,NA,NA,NA,NA,NA,NA,NA,NA,NA,0.00,NA,NA,NA
2022-01-07 03:00:00,73.15,98.19,5.98,9.80,15.78,NA,NA,1.10,62.28,NA,NA,NA,NA,NA,NA,NA,NA,NA,NA,NA,0.00,NA,NA,NA
2022-01-07 04:00:00,80.59,91.82,5.90,9.91,15.81,NA,NA,1.11,61.93,NA,NA,NA,NA,NA,NA,NA,NA,NA,NA,NA,0.00,NA,NA,NA
2022-01-07 05:00:00,70.44,92.84,5.88,9.69,15.57,NA,NA,1.11,61.52,NA,NA,NA,NA,NA,NA,NA,NA,NA,NA,NA,0.00,NA,NA,NA
2022-01-07 06:00:00,71.25,100.55,5.90,10.95,16.85,NA,NA,1.13,59.12,NA,NA,NA,NA,NA,NA,NA,NA,NA,NA,NA,0.00,NA,NA,NA
2022-01-07 07:00:00,74.12,106.63,5.96,10.34,16.29,NA,NA,1.18,59.80,NA,NA,NA,NA,NA,NA,NA,NA,NA,NA,NA,0.00,NA,NA,NA
2022-01-07 08:00:00,67.65,92.35,6.08,10.49,16.57,NA,NA,1.23,58.70,NA,NA,NA,NA,NA,NA,NA,NA,NA,NA,NA,0.00,NA,NA,NA
2022-01-07 09:00:00,65.51,72.52,6.28,10.70,16.98,NA,NA,1.26,59.09,NA,NA,NA,NA,NA,NA,NA,NA,NA,NA,NA,0.00,NA,NA,NA
2022-01-07 10:00:00,75.34,77.44,6.23,10.70,16.93,NA,NA,1.25,59.97,NA,NA,NA,NA,NA,NA,NA,NA,NA,NA,NA,0.00,NA,NA,NA
2022-01-07 11:00:00,73.31,74.80,6.16,10.21,16.37,NA,NA,1.20,58.62,NA,NA,NA,NA,NA,NA,NA,NA,NA,NA,NA,0.00,NA,NA,NA
2022-01-07 12:00:00,68.15,81.81,6.23,10.48,16.71,NA,NA,1.21,59.22,NA,NA,NA,NA,NA,NA,NA,NA,NA,NA,NA,0.00,NA,NA,NA
2022-01-07 13:00:00,67.53,75.19,6.24,10.41,16.66,NA,NA,1.16,54.64,NA,NA,NA,NA,NA,NA,NA,NA,NA,NA,NA,0.00,NA,NA,NA
2022-01-07 14:00:00,57.62,57.58,6.05,9.59,15.64,NA,NA,1.08,56.05,NA,NA,NA,NA,NA,NA,NA,NA,NA,NA,NA,0.00,NA,NA,NA
2022-01-07 15:00:00,51.18,53.05,5.89,9.09,14.98,NA,NA,1.01,56.68,NA,NA,NA,NA,NA,NA,NA,NA,NA,NA,NA,0.00,NA,NA,NA
2022-01-07 16:00:00,34.42,32.65,5.81,9.41,15.22,NA,NA,1.00,56.76,NA,NA,NA,NA,NA,NA,NA,NA,NA,NA,NA,0.00,NA,NA,NA
2022-01-07 17:00:00,38.08,47.12,5.79,9.56,15.35,NA,NA,1.01,55.41,NA,NA,NA,NA,NA,NA,NA,NA,NA,NA,NA,0.00,NA,NA,NA
2022-01-07 18:00:00,43.52,40.74,5.81,10.95,16.77,NA,NA,1.10,55.81,NA,NA,NA,NA,NA,NA,NA,NA,NA,NA,NA,0.00,NA,NA,NA
2022-01-07 19:00:00,69.24,72.72,5.85,13.66,19.51,NA,NA,1.20,55.40,NA,NA,NA,NA,NA,NA,NA,NA,NA,NA,NA,0.00,NA,NA,NA
2022-01-07 20:00:00,57.27,80.27,5.89,12.09,17.98,NA,NA,1.14,57.54,NA,NA,NA,NA,NA,NA,NA,NA,NA,NA,NA,0.00,NA,NA,NA
2022-01-07 21:00:00,52.38,49.68,5.81,10.64,16.45,NA,NA,1.08,58.02,NA,NA,NA,NA,NA,NA,NA,NA,NA,NA,NA,0.00,NA,NA,NA
2022-01-07 22:00:00,40.37,43.42,5.83,10.30,16.13,NA,NA,1.01,56.84,NA,NA,NA,NA,NA,NA,NA,NA,NA,NA,NA,0.00,NA,NA,NA
2022-01-07 23:00:00,44.00,47.02,5.77,10.19,15.96,NA,NA,0.99,57.23,NA,NA,NA,NA,NA,NA,NA,NA,NA,NA,NA,0.00,NA,NA,NA
2022-01-08 00:00:00,54.24,58.24,5.76,9.92,15.68,NA,NA,1.01,59.75,NA,NA,NA,NA,NA,NA,NA,NA,NA,NA,NA,0.00,NA,NA,NA
2022-01-08 01:00:00,50.64,67.25,5.77,9.54,15.32,NA,NA,1.02,60.13,NA,NA,NA,NA,NA,NA,NA,NA,NA,NA,NA,0.00,NA,NA,NA
2022-01-08 02:00:00,59.90,55.89,5.76,9.17,14.93,NA,NA,1.02,60.11,NA,NA,NA,NA,NA,NA,NA,NA,NA,NA,NA,0.00,NA,NA,NA
2022-01-08 03:00:00,NA,NA,NA,NA,NA,NA,NA,NA,NA,NA,NA,NA,NA,NA,NA,NA,NA,NA,NA,NA,0.00,NA,NA,NA
2022-01-08 04:00:00,NA,NA,NA,NA,NA,NA,NA,NA,NA,NA,NA,NA,NA,NA,NA,NA,NA,NA,NA,NA,0.00,NA,NA,NA
2022-01-08 05:00:00,37.77,31.26,144.92,61.67,106.78,NA,NA,1.63,18.08,NA,NA,NA,NA,NA,NA,NA,NA,NA,NA,NA,0.00,NA,NA,NA
2022-01-08 06:00:00,NA,NA,345.56,143.81,490.54,NA,NA,1.58,NA,NA,NA,NA,NA,NA,NA,NA,NA,NA,NA,NA,0.00,NA,NA,NA
2022-01-08 07:00:00,NA,NA,229.82,98.13,330.83,NA,NA,1.63,62.12,NA,NA,NA,NA,NA,NA,NA,NA,NA,NA,NA,0.00,NA,NA,NA
2022-01-08 08:00:00,NA,NA,NA,NA,NA,NA,NA,NA,NA,NA,NA,NA,NA,NA,NA,NA,NA,NA,NA,NA,0.00,NA,NA,NA
2022-01-08 09:00:00,NA,NA,256.62,106.59,363.60,NA,NA,1.38,13.44,NA,NA,NA,NA,NA,NA,NA,NA,NA,NA,NA,0.00,NA,NA,NA
2022-01-08 10:00:00,NA,NA,16.13,13.85,30.13,NA,NA,1.35,18.93,NA,NA,NA,NA,NA,NA,NA,NA,NA,NA,NA,0.00,NA,NA,NA
2022-01-08 11:00:00,NA,NA,5.95,10.51,16.46,NA,NA,1.21,40.56,NA,NA,NA,NA,NA,NA,NA,NA,NA,NA,NA,0.00,NA,NA,NA
2022-01-08 12:00:00,NA,NA,5.97,10.26,16.23,NA,NA,1.18,44.50,NA,NA,NA,NA,NA,NA,NA,NA,NA,NA,NA,0.00,NA,NA,NA
2022-01-08 13:00:00,NA,NA,5.71,10.35,16.06,NA,NA,1.19,44.44,NA,NA,NA,NA,NA,NA,NA,NA,NA,NA,NA,0.00,NA,NA,NA
2022-01-08 14:00:00,9.87,NA,5.52,10.57,16.10,NA,NA,1.17,47.40,NA,NA,NA,NA,NA,NA,NA,NA,NA,NA,NA,0.00,NA,NA,NA
2022-01-08 15:00:00,8.29,1.64,5.52,10.15,15.67,NA,NA,1.14,46.97,NA,NA,NA,NA,NA,NA,NA,NA,NA,NA,NA,0.00,NA,NA,NA
2022-01-08 16:00:00,28.10,22.09,5.53,9.44,14.97,NA,NA,1.06,49.19,NA,NA,NA,NA,NA,NA,NA,NA,NA,NA,NA,0.00,NA,NA,NA
2022-01-08 17:00:00,12.91,10.07,5.42,9.20,14.61,NA,NA,1.02,47.42,NA,NA,NA,NA,NA,NA,NA,NA,NA,NA,NA,0.00,NA,NA,NA
2022-01-08 18:00:00,31.21,12.92,5.48,9.90,15.38,NA,NA,1.01,49.55,NA,NA,NA,NA,NA,NA,NA,NA,NA,NA,NA,0.00,NA,NA,NA
2022-01-08 19:00:00,17.95,15.03,5.43,9.78,15.22,NA,NA,1.00,50.82,NA,NA,NA,NA,NA,NA,NA,NA,NA,NA,NA,0.00,NA,NA,NA
2022-01-08 20:00:00,27.03,25.04,5.52,9.53,15.05,NA,NA,1.00,50.32,NA,NA,NA,NA,NA,NA,NA,NA,NA,NA,NA,0.00,NA,NA,NA
2022-01-08 21:00:00,20.80,20.48,23.69,13.21,36.96,NA,NA,0.90,31.08,NA,NA,NA,NA,NA,NA,NA,NA,NA,NA,NA,0.00,NA,NA,NA
2022-01-08 22:00:00,32.21,12.58,73.45,35.81,109.78,NA,NA,1.08,19.79,NA,NA,NA,NA,NA,NA,NA,NA,NA,NA,NA,0.00,NA,NA,NA
2022-01-08 23:00:00,NA,NA,5.64,9.17,14.80,NA,NA,1.02,41.02,NA,NA,NA,NA,NA,NA,NA,NA,NA,NA,NA,0.00,NA,NA,NA
2022-01-09 00:00:00,NA,NA,5.46,9.17,14.64,NA,NA,1.02,45.50,NA,NA,NA,NA,NA,NA,NA,NA,NA,NA,NA,0.00,NA,NA,NA
2022-01-09 01:00:00,NA,NA,5.52,8.85,14.37,NA,NA,1.05,47.23,NA,NA,NA,NA,NA,NA,NA,NA,NA,NA,NA,0.00,NA,NA,NA
2022-01-09 02:00:00,NA,NA,5.51,8.80,14.30,NA,NA,1.06,47.82,NA,NA,NA,NA,NA,NA,NA,NA,NA,NA,NA,0.00,NA,NA,NA
2022-01-09 03:00:00,NA,NA,5.48,9.32,14.80,NA,NA,1.00,48.57,NA,NA,NA,NA,NA,NA,NA,NA,NA,NA,NA,0.00,NA,NA,NA
2022-01-09 04:00:00,0.07,NA,5.47,8.76,14.23,NA,NA,0.97,47.39,NA,NA,NA,NA,NA,NA,NA,NA,NA,NA,NA,0.00,NA,NA,NA
2022-01-09 05:00:00,6.14,NA,5.47,10.30,15.77,NA,NA,1.01,47.30,NA,NA,NA,NA,NA,NA,NA,NA,NA,NA,NA,0.00,NA,NA,NA
2022-01-09 06:00:00,6.65,NA,5.51,11.08,16.59,NA,NA,1.03,47.61,NA,NA,NA,NA,NA,NA,NA,NA,NA,NA,NA,0.00,NA,NA,NA
2022-01-09 07:00:00,NA,NA,5.52,11.05,16.57,NA,NA,1.03,48.22,NA,NA,NA,NA,NA,NA,NA,NA,NA,NA,NA,0.00,NA,NA,NA
2022-01-09 08:00:00,2.07,NA,5.53,10.94,16.47,NA,NA,1.03,47.55,NA,NA,NA,NA,NA,NA,NA,NA,NA,NA,NA,0.00,NA,NA,NA
2022-01-09 09:00:00,25.35,10.77,5.80,11.17,16.97,NA,NA,1.05,47.64,NA,NA,NA,NA,NA,NA,NA,NA,NA,NA,NA,0.00,NA,NA,NA
2022-01-09 10:00:00,13.77,16.52,6.03,11.75,17.78,NA,NA,1.06,47.38,NA,NA,NA,NA,NA,NA,NA,NA,NA,NA,NA,0.00,NA,NA,NA
2022-01-09 11:00:00,29.13,14.90,7.21,11.63,18.85,NA,NA,1.10,46.22,NA,NA,NA,NA,NA,NA,NA,NA,NA,NA,NA,0.00,NA,NA,NA
2022-01-09 12:00:00,8.06,12.70,6.77,11.96,18.74,NA,NA,1.11,41.95,NA,NA,NA,NA,NA,NA,NA,NA,NA,NA,NA,0.00,NA,NA,NA
2022-01-09 13:00:00,NA,NA,168.05,73.31,242.11,NA,NA,1.04,19.50,NA,NA,NA,NA,NA,NA,NA,NA,NA,NA,NA,0.00,NA,NA,NA
2022-01-09 14:00:00,NA,NA,7.43,11.71,19.15,NA,NA,1.14,33.50,NA,NA,NA,NA,NA,NA,NA,NA,NA,NA,NA,0.00,NA,NA,NA
2022-01-09 15:00:00,NA,NA,5.78,11.06,16.84,NA,NA,1.09,45.26,NA,NA,NA,NA,NA,NA,NA,NA,NA,NA,NA,0.00,NA,NA,NA
2022-01-09 16:00:00,NA,NA,5.59,10.66,16.25,NA,NA,1.06,49.33,NA,NA,NA,NA,NA,NA,NA,NA,NA,NA,NA,0.00,NA,NA,NA
2022-01-09 17:00:00,1.85,NA,5.55,10.49,16.04,NA,NA,1.05,50.35,NA,NA,NA,NA,NA,NA,NA,NA,NA,NA,NA,0.00,NA,NA,NA
2022-01-09 18:00:00,8.32,0.32,5.46,10.85,16.31,NA,NA,1.06,50.44,NA,NA,NA,NA,NA,NA,NA,NA,NA,NA,NA,0.00,NA,NA,NA
2022-01-09 19:00:00,22.59,10.66,5.52,11.87,17.40,NA,NA,1.13,52.08,NA,NA,NA,NA,NA,NA,NA,NA,NA,NA,NA,0.00,NA,NA,NA
2022-01-09 20:00:00,37.04,39.86,5.49,12.19,17.69,NA,NA,1.12,51.36,NA,NA,NA,NA,NA,NA,NA,NA,NA,NA,NA,0.00,NA,NA,NA
2022-01-09 21:00:00,55.13,43.84,5.62,13.95,19.57,NA,NA,1.17,49.19,NA,NA,NA,NA,NA,NA,NA,NA,NA,NA,NA,0.00,NA,NA,NA
2022-01-09 22:00:00,76.19,52.25,5.55,12.22,17.77,NA,NA,1.11,48.62,NA,NA,NA,NA,NA,NA,NA,NA,NA,NA,NA,0.00,NA,NA,NA
2022-01-09 23:00:00,49.77,41.48,5.52,10.35,15.87,NA,NA,1.02,49.90,NA,NA,NA,NA,NA,NA,NA,NA,NA,NA,NA,0.00,NA,NA,NA
2022-01-10 00:00:00,41.20,36.50,5.52,10.50,16.02,NA,NA,0.99,50.17,NA,NA,NA,NA,NA,NA,NA,NA,NA,NA,NA,0.00,NA,NA,NA
2022-01-10 01:00:00,43.90,47.78,5.52,11.52,17.04,NA,NA,1.01,49.35,NA,NA,NA,NA,NA,NA,NA,NA,NA,NA,NA,0.00,NA,NA,NA
2022-01-10 02:00:00,36.69,55.45,5.46,11.69,17.14,NA,NA,1.00,50.38,NA,NA,NA,NA,NA,NA,NA,NA,NA,NA,NA,0.00,NA,NA,NA
2022-01-10 03:00:00,36.66,40.14,5.48,11.95,17.43,NA,NA,1.00,51.43,NA,NA,NA,NA,NA,NA,NA,NA,NA,NA,NA,0.00,NA,NA,NA
2022-01-10 04:00:00,39.38,47.45,5.49,10.97,16.45,NA,NA,1.01,52.14,NA,NA,NA,NA,NA,NA,NA,NA,NA,NA,NA,0.00,NA,NA,NA
2022-01-10 05:00:00,22.65,42.79,5.54,11.88,17.42,NA,NA,1.03,52.01,NA,NA,NA,NA,NA,NA,NA,NA,NA,NA,NA,0.00,NA,NA,NA
2022-01-10 06:00:00,51.42,54.56,5.56,13.09,18.65,NA,NA,1.07,50.23,NA,NA,NA,NA,NA,NA,NA,NA,NA,NA,NA,0.00,NA,NA,NA
2022-01-10 07:00:00,59.88,63.35,5.75,14.49,20.24,NA,NA,1.10,50.13,NA,NA,NA,NA,NA,NA,NA,NA,NA,NA,NA,0.00,NA,NA,NA
2022-01-10 08:00:00,67.00,68.88,6.67,14.18,20.85,NA,NA,1.19,50.74,NA,NA,NA,NA,NA,NA,NA,NA,NA,NA,NA,0.00,NA,NA,NA
2022-01-10 09:00:00,79.19,74.98,7.70,15.35,23.05,NA,NA,1.27,51.46,NA,NA,NA,NA,NA,NA,NA,NA,NA,NA,NA,0.00,NA,NA,NA
2022-01-10 10:00:00,98.09,98.28,7.83,17.97,25.81,NA,NA,1.26,51.79,NA,NA,NA,NA,NA,NA,NA,NA,NA,NA,NA,0.00,NA,NA,NA
2022-01-10 11:00:00,87.31,70.49,7.08,16.32,23.40,NA,NA,1.16,50.57,NA,NA,NA,NA,NA,NA,NA,NA,NA,NA,NA,0.00,NA,NA,NA
2022-01-10 12:00:00,112.28,217.62,7.12,14.42,21.55,NA,NA,1.03,37.65,NA,NA,NA,NA,NA,NA,NA,NA,NA,NA,NA,0.00,NA,NA,NA
2022-01-10 13:00:00,177.63,496.36,7.24,16.57,23.81,NA,NA,1.11,19.00,NA,NA,NA,NA,NA,NA,NA,NA,NA,NA,NA,0.00,NA,NA,NA
2022-01-10 14:00:00,169.64,211.99,6.89,17.44,24.33,NA,NA,1.16,73.48,NA,NA,NA,NA,NA,NA,NA,NA,NA,NA,NA,0.00,NA,NA,NA
2022-01-10 15:00:00,149.15,196.03,6.97,15.83,22.80,NA,NA,1.14,59.80,NA,NA,NA,NA,NA,NA,NA,NA,NA,NA,NA,0.00,NA,NA,NA
2022-01-10 16:00:00,112.15,137.09,6.12,16.52,22.65,NA,NA,1.07,65.36,NA,NA,NA,NA,NA,NA,NA,NA,NA,NA,NA,0.00,NA,NA,NA
2022-01-10 17:00:00,85.10,114.77,6.06,18.42,24.48,NA,NA,1.06,47.27,NA,NA,NA,NA,NA,NA,NA,NA,NA,NA,NA,0.00,NA,NA,NA
2022-01-10 18:00:00,76.19,98.15,27.58,22.08,49.74,NA,NA,1.10,34.17,NA,NA,NA,NA,NA,NA,NA,NA,NA,NA,NA,0.00,NA,NA,NA
2022-01-10 19:00:00,30.44,44.76,16.26,20.62,37.01,NA,NA,1.41,17.52,NA,NA,NA,NA,NA,NA,NA,NA,NA,NA,NA,0.00,NA,NA,NA
2022-01-10 20:00:00,NA,NA,13.47,25.08,38.55,NA,NA,1.66,11.85,NA,NA,NA,NA,NA,NA,NA,NA,NA,NA,NA,0.00,NA,NA,NA
2022-01-10 21:00:00,3.69,37.69,11.85,20.04,31.88,NA,NA,1.69,11.98,NA,NA,NA,NA,NA,NA,NA,NA,NA,NA,NA,0.00,NA,NA,NA
2022-01-10 22:00:00,18.48,73.54,17.39,24.52,41.92,NA,NA,1.65,11.79,NA,NA,NA,NA,NA,NA,NA,NA,NA,NA,NA,0.00,NA,NA,NA
2022-01-10 23:00:00,30.26,87.17,9.28,15.90,25.19,NA,NA,1.51,11.82,NA,NA,NA,NA,NA,NA,NA,NA,NA,NA,NA,0.00,NA,NA,NA
2022-01-11 00:00:00,29.03,90.47,8.11,18.65,26.76,NA,NA,1.64,12.51,NA,NA,NA,NA,NA,NA,NA,NA,NA,NA,NA,0.00,NA,NA,NA
2022-01-11 01:00:00,49.39,134.73,8.37,21.48,29.86,NA,NA,1.62,12.34,NA,NA,NA,NA,NA,NA,NA,NA,NA,NA,NA,0.00,NA,NA,NA
2022-01-11 02:00:00,67.76,135.98,7.61,21.15,28.77,NA,NA,1.53,14.08,NA,NA,NA,NA,NA,NA,NA,NA,NA,NA,NA,0.00,NA,NA,NA
2022-01-11 03:00:00,69.28,122.44,6.14,19.07,25.21,NA,NA,1.31,18.42,NA,NA,NA,NA,NA,NA,NA,NA,NA,NA,NA,0.00,NA,NA,NA
2022-01-11 04:00:00,61.04,99.95,6.95,18.71,25.65,NA,NA,1.22,18.09,NA,NA,NA,NA,NA,NA,NA,NA,NA,NA,NA,0.00,NA,NA,NA
2022-01-11 05:00:00,69.79,114.68,7.81,19.33,27.15,NA,NA,1.26,14.79,NA,NA,NA,NA,NA,NA,NA,NA,NA,NA,NA,0.00,NA,NA,NA
2022-01-11 06:00:00,81.90,112.07,6.62,18.05,24.67,NA,NA,1.26,14.10,NA,NA,NA,NA,NA,NA,NA,NA,NA,NA,NA,0.00,NA,NA,NA
2022-01-11 07:00:00,59.43,77.24,10.07,19.79,29.86,NA,NA,1.26,12.78,NA,NA,NA,NA,NA,NA,NA,NA,NA,NA,NA,0.00,NA,NA,NA
2022-01-11 08:00:00,53.86,72.57,9.14,19.79,28.93,NA,NA,1.30,20.20,NA,NA,NA,NA,NA,NA,NA,NA,NA,NA,NA,0.00,NA,NA,NA
2022-01-11 09:00:00,67.04,110.71,9.85,20.97,30.82,NA,NA,1.33,29.81,NA,NA,NA,NA,NA,NA,NA,NA,NA,NA,NA,0.00,NA,NA,NA
2022-01-11 10:00:00,75.78,125.07,7.63,18.40,26.03,NA,NA,1.22,49.70,NA,NA,NA,NA,NA,NA,NA,NA,NA,NA,NA,0.00,NA,NA,NA
2022-01-11 11:00:00,55.18,96.60,6.49,12.85,19.34,NA,NA,1.01,56.97,NA,NA,NA,NA,NA,NA,NA,NA,NA,NA,NA,0.00,NA,NA,NA
2022-01-11 12:00:00,58.51,85.62,6.46,12.51,18.97,NA,NA,1.02,68.40,NA,NA,NA,NA,NA,NA,NA,NA,NA,NA,NA,0.00,NA,NA,NA
2022-01-11 13:00:00,71.00,107.20,6.48,14.78,21.26,NA,NA,1.10,78.47,NA,NA,NA,NA,NA,NA,NA,NA,NA,NA,NA,0.00,NA,NA,NA
2022-01-11 14:00:00,74.59,114.07,6.62,16.21,22.83,NA,NA,1.07,79.47,NA,NA,NA,NA,NA,NA,NA,NA,NA,NA,NA,0.00,NA,NA,NA
2022-01-11 15:00:00,74.60,112.37,6.46,16.41,22.87,NA,NA,1.07,79.89,NA,NA,NA,NA,NA,NA,NA,NA,NA,NA,NA,0.00,NA,NA,NA
2022-01-11 16:00:00,86.53,127.16,6.09,13.50,19.59,NA,NA,1.09,69.10,NA,NA,NA,NA,NA,NA,NA,NA,NA,NA,NA,0.00,NA,NA,NA
2022-01-11 17:00:00,73.76,103.67,5.98,13.78,19.76,NA,NA,1.08,50.28,NA,NA,NA,NA,NA,NA,NA,NA,NA,NA,NA,0.00,NA,NA,NA
2022-01-11 18:00:00,66.76,117.11,5.85,14.42,20.27,NA,NA,1.13,37.57,NA,NA,NA,NA,NA,NA,NA,NA,NA,NA,NA,0.00,NA,NA,NA
2022-01-11 19:00:00,70.25,117.34,5.83,14.10,19.93,NA,NA,1.13,37.74,NA,NA,NA,NA,NA,NA,NA,NA,NA,NA,NA,0.00,NA,NA,NA
2022-01-11 20:00:00,77.55,101.98,5.78,12.31,18.09,NA,NA,1.05,40.34,NA,NA,NA,NA,NA,NA,NA,NA,NA,NA,NA,0.00,NA,NA,NA
2022-01-11 21:00:00,71.16,95.93,5.79,10.40,16.19,NA,NA,0.98,46.82,NA,NA,NA,NA,NA,NA,NA,NA,NA,NA,NA,0.00,NA,NA,NA
2022-01-11 22:00:00,77.33,109.97,5.78,12.09,17.87,NA,NA,1.04,37.89,NA,NA,NA,NA,NA,NA,NA,NA,NA,NA,NA,0.00,NA,NA,NA
2022-01-11 23:00:00,71.92,107.51,5.80,12.84,18.64,NA,NA,1.01,32.13,NA,NA,NA,NA,NA,NA,NA,NA,NA,NA,NA,0.00,NA,NA,NA
2022-01-12 00:00:00,60.85,102.82,5.79,10.87,16.66,NA,NA,0.98,37.58,NA,NA,NA,NA,NA,NA,NA,NA,NA,NA,NA,0.00,NA,NA,NA
2022-01-12 01:00:00,64.93,120.09,5.64,11.61,17.24,NA,NA,0.97,33.90,NA,NA,NA,NA,NA,NA,NA,NA,NA,NA,NA,0.00,NA,NA,NA
2022-01-12 02:00:00,48.39,98.18,5.75,11.91,17.66,NA,NA,0.96,30.28,NA,NA,NA,NA,NA,NA,NA,NA,NA,NA,NA,0.00,NA,NA,NA
2022-01-12 03:00:00,46.10,93.37,5.69,12.58,18.28,NA,NA,0.98,25.70,NA,NA,NA,NA,NA,NA,NA,NA,NA,NA,NA,0.00,NA,NA,NA
2022-01-12 04:00:00,44.14,80.49,5.75,11.31,17.06,NA,NA,0.95,32.25,NA,NA,NA,NA,NA,NA,NA,NA,NA,NA,NA,0.00,NA,NA,NA
2022-01-12 05:00:00,32.64,75.84,5.85,10.82,16.68,NA,NA,0.98,24.43,NA,NA,NA,NA,NA,NA,NA,NA,NA,NA,NA,0.00,NA,NA,NA
2022-01-12 06:00:00,61.32,87.90,5.73,11.49,17.22,NA,NA,0.96,19.08,NA,NA,NA,NA,NA,NA,NA,NA,NA,NA,NA,0.00,NA,NA,NA
2022-01-12 07:00:00,51.44,84.73,5.96,10.90,16.86,NA,NA,0.98,15.48,NA,NA,NA,NA,NA,NA,NA,NA,NA,NA,NA,0.00,NA,NA,NA
2022-01-12 08:00:00,52.80,73.04,39.73,23.40,63.37,NA,NA,1.15,16.90,NA,NA,NA,NA,NA,NA,NA,NA,NA,NA,NA,0.00,NA,NA,NA
2022-01-12 09:00:00,NA,NA,8.19,16.13,24.33,NA,NA,1.20,24.05,NA,NA,NA,NA,NA,NA,NA,NA,NA,NA,NA,0.00,NA,NA,NA
2022-01-12 10:00:00,NA,0.55,7.00,15.67,22.68,NA,NA,1.16,34.29,NA,NA,NA,NA,NA,NA,NA,NA,NA,NA,NA,0.00,NA,NA,NA
2022-01-12 11:00:00,7.28,47.28,7.02,16.64,23.67,NA,NA,1.14,42.45,NA,NA,NA,NA,NA,NA,NA,NA,NA,NA,NA,0.00,NA,NA,NA
2022-01-12 12:00:00,22.08,72.40,6.59,14.13,20.73,NA,NA,1.11,61.39,NA,NA,NA,NA,NA,NA,NA,NA,NA,NA,NA,0.00,NA,NA,NA
2022-01-12 13:00:00,31.17,74.75,6.24,13.45,19.69,NA,NA,1.08,72.43,NA,NA,NA,NA,NA,NA,NA,NA,NA,NA,NA,0.00,NA,NA,NA
2022-01-12 14:00:00,39.77,94.77,6.09,13.29,19.38,NA,NA,1.08,79.89,NA,NA,NA,NA,NA,NA,NA,NA,NA,NA,NA,0.00,NA,NA,NA
2022-01-12 15:00:00,58.95,117.29,6.00,13.70,19.70,NA,NA,1.09,83.74,NA,NA,NA,NA,NA,NA,NA,NA,NA,NA,NA,0.00,NA,NA,NA
2022-01-12 16:00:00,62.47,113.34,5.81,13.12,18.93,NA,NA,1.06,83.39,NA,NA,NA,NA,NA,NA,NA,NA,NA,NA,NA,0.00,NA,NA,NA
2022-01-12 17:00:00,66.60,112.09,5.81,14.77,20.59,NA,NA,1.06,59.65,NA,NA,NA,NA,NA,NA,NA,NA,NA,NA,NA,0.00,NA,NA,NA
2022-01-12 18:00:00,72.76,123.22,5.83,14.36,20.20,NA,NA,1.16,33.57,NA,NA,NA,NA,NA,NA,NA,NA,NA,NA,NA,0.00,NA,NA,NA
2022-01-12 19:00:00,83.66,143.08,5.81,13.60,19.40,NA,NA,1.24,17.62,NA,NA,NA,NA,NA,NA,NA,NA,NA,NA,NA,0.00,NA,NA,NA
2022-01-12 20:00:00,83.61,152.55,5.90,12.35,18.25,NA,NA,1.38,12.86,NA,NA,NA,NA,NA,NA,NA,NA,NA,NA,NA,0.00,NA,NA,NA
2022-01-12 21:00:00,112.02,183.25,6.48,12.89,19.37,NA,NA,1.69,12.00,NA,NA,NA,NA,NA,NA,NA,NA,NA,NA,NA,0.00,NA,NA,NA
2022-01-12 22:00:00,144.40,220.25,7.53,13.19,20.72,NA,NA,2.00,11.81,NA,NA,NA,NA,NA,NA,NA,NA,NA,NA,NA,0.00,NA,NA,NA
2022-01-12 23:00:00,130.49,256.05,9.70,14.44,24.14,NA,NA,2.05,11.95,NA,NA,NA,NA,NA,NA,NA,NA,NA,NA,NA,0.00,NA,NA,NA
2022-01-13 00:00:00,129.17,244.01,10.68,13.72,24.40,NA,NA,1.98,11.91,NA,NA,NA,NA,NA,NA,NA,NA,NA,NA,NA,0.00,NA,NA,NA
2022-01-13 01:00:00,125.81,213.19,9.25,11.77,21.02,NA,NA,1.90,12.08,NA,NA,NA,NA,NA,NA,NA,NA,NA,NA,NA,0.00,NA,NA,NA
2022-01-13 02:00:00,93.99,163.17,10.22,12.90,23.11,NA,NA,1.81,12.20,NA,NA,NA,NA,NA,NA,NA,NA,NA,NA,NA,0.00,NA,NA,NA
2022-01-13 03:00:00,84.84,153.21,7.79,11.96,19.75,NA,NA,1.60,11.79,NA,NA,NA,NA,NA,NA,NA,NA,NA,NA,NA,0.00,NA,NA,NA
2022-01-13 04:00:00,77.61,147.36,8.30,11.99,20.29,NA,NA,1.81,12.03,NA,NA,NA,NA,NA,NA,NA,NA,NA,NA,NA,0.00,NA,NA,NA
2022-01-13 05:00:00,100.18,138.17,9.71,12.39,22.10,NA,NA,1.71,11.84,NA,NA,NA,NA,NA,NA,NA,NA,NA,NA,NA,0.00,NA,NA,NA
2022-01-13 06:00:00,85.08,105.93,25.78,22.83,48.64,NA,NA,1.77,11.82,NA,NA,NA,NA,NA,NA,NA,NA,NA,NA,NA,0.00,NA,NA,NA
2022-01-13 07:00:00,85.81,125.16,38.06,28.79,66.87,NA,NA,1.87,11.78,NA,NA,NA,NA,NA,NA,NA,NA,NA,NA,NA,0.00,NA,NA,NA
2022-01-13 08:00:00,96.11,124.71,49.48,38.02,87.48,NA,NA,2.17,12.48,NA,NA,NA,NA,NA,NA,NA,NA,NA,NA,NA,0.00,NA,NA,NA
2022-01-13 09:00:00,107.18,156.46,28.09,33.13,61.20,NA,NA,2.19,13.70,NA,NA,NA,NA,NA,NA,NA,NA,NA,NA,NA,0.00,NA,NA,NA
2022-01-13 10:00:00,151.57,242.69,10.93,27.79,38.70,NA,NA,1.57,32.28,NA,NA,NA,NA,NA,NA,NA,NA,NA,NA,NA,0.00,NA,NA,NA
2022-01-13 11:00:00,143.68,235.05,6.80,18.07,24.86,NA,NA,1.22,47.16,NA,NA,NA,NA,NA,NA,NA,NA,NA,NA,NA,0.00,NA,NA,NA
2022-01-13 12:00:00,118.42,199.44,6.40,15.86,22.26,NA,NA,1.15,57.36,NA,NA,NA,NA,NA,NA,NA,NA,NA,NA,NA,0.00,NA,NA,NA
2022-01-13 13:00:00,151.04,260.91,7.14,27.32,34.47,NA,NA,1.49,64.28,NA,NA,NA,NA,NA,NA,NA,NA,NA,NA,NA,0.00,NA,NA,NA
2022-01-13 14:00:00,184.22,248.75,6.55,23.08,29.63,NA,NA,1.33,79.78,NA,NA,NA,NA,NA,NA,NA,NA,NA,NA,NA,0.00,NA,NA,NA
2022-01-13 15:00:00,158.96,212.20,6.23,20.37,26.60,NA,NA,1.31,79.03,NA,NA,NA,NA,NA,NA,NA,NA,NA,NA,NA,0.00,NA,NA,NA
2022-01-13 16:00:00,165.14,233.47,6.02,18.16,24.18,NA,NA,1.29,67.58,NA,NA,NA,NA,NA,NA,NA,NA,NA,NA,NA,0.00,NA,NA,NA
2022-01-13 17:00:00,159.16,247.33,6.29,27.81,34.19,NA,NA,2.00,49.92,NA,NA,NA,NA,NA,NA,NA,NA,NA,NA,NA,0.00,NA,NA,NA
2022-01-13 18:00:00,387.46,599.06,6.47,39.77,46.23,NA,NA,3.00,25.28,NA,NA,NA,NA,NA,NA,NA,NA,NA,NA,NA,0.00,NA,NA,NA
2022-01-13 19:00:00,412.71,665.39,7.08,31.39,38.44,NA,NA,3.20,16.84,NA,NA,NA,NA,NA,NA,NA,NA,NA,NA,NA,0.00,NA,NA,NA
2022-01-13 20:00:00,400.42,605.42,10.31,28.11,38.45,NA,NA,3.49,16.35,NA,NA,NA,NA,NA,NA,NA,NA,NA,NA,NA,0.00,NA,NA,NA
2022-01-13 21:00:00,371.53,611.01,12.24,23.48,35.69,NA,NA,3.37,14.57,NA,NA,NA,NA,NA,NA,NA,NA,NA,NA,NA,0.00,NA,NA,NA
2022-01-13 22:00:00,331.84,562.59,12.04,21.02,33.05,NA,NA,3.32,14.21,NA,NA,NA,NA,NA,NA,NA,NA,NA,NA,NA,0.00,NA,NA,NA
2022-01-13 23:00:00,350.92,508.02,12.15,17.72,29.87,NA,NA,3.36,14.06,NA,NA,NA,NA,NA,NA,NA,NA,NA,NA,NA,0.00,NA,NA,NA
2022-01-14 00:00:00,293.11,414.28,13.27,17.32,30.59,NA,NA,3.37,13.98,NA,NA,NA,NA,NA,NA,NA,NA,NA,NA,NA,0.00,NA,NA,NA
2022-01-14 01:00:00,232.02,369.30,15.63,16.09,31.74,NA,NA,3.55,14.16,NA,NA,NA,NA,NA,NA,NA,NA,NA,NA,NA,0.00,NA,NA,NA
2022-01-14 02:00:00,258.04,321.55,33.33,26.27,59.69,NA,NA,4.12,14.37,NA,NA,NA,NA,NA,NA,NA,NA,NA,NA,NA,0.00,NA,NA,NA
2022-01-14 03:00:00,228.51,302.26,41.22,32.71,73.90,NA,NA,4.06,13.90,NA,NA,NA,NA,NA,NA,NA,NA,NA,NA,NA,0.00,NA,NA,NA
2022-01-14 04:00:00,195.02,275.92,34.29,29.28,63.56,NA,NA,3.74,13.20,NA,NA,NA,NA,NA,NA,NA,NA,NA,NA,NA,0.00,NA,NA,NA
2022-01-14 05:00:00,200.12,260.26,32.21,27.56,59.76,NA,NA,3.72,12.88,NA,NA,NA,NA,NA,NA,NA,NA,NA,NA,NA,0.00,NA,NA,NA
2022-01-14 06:00:00,196.94,228.87,27.79,25.21,53.00,NA,NA,3.30,12.62,NA,NA,NA,NA,NA,NA,NA,NA,NA,NA,NA,0.00,NA,NA,NA
2022-01-14 07:00:00,172.14,215.62,26.66,22.58,49.23,NA,NA,3.24,12.63,NA,NA,NA,NA,NA,NA,NA,NA,NA,NA,NA,0.00,NA,NA,NA
2022-01-14 08:00:00,177.37,305.82,27.19,25.75,52.91,NA,NA,3.05,12.99,NA,NA,NA,NA,NA,NA,NA,NA,NA,NA,NA,0.00,NA,NA,NA
2022-01-14 09:00:00,182.10,260.77,30.68,31.97,62.66,NA,NA,3.10,12.71,NA,NA,NA,NA,NA,NA,NA,NA,NA,NA,NA,0.00,NA,NA,NA
2022-01-14 10:00:00,180.81,282.88,26.55,35.75,62.30,NA,NA,2.60,12.55,NA,NA,NA,NA,NA,NA,NA,NA,NA,NA,NA,0.00,NA,NA,NA
2022-01-14 11:00:00,151.89,343.49,14.16,31.18,45.36,NA,NA,1.78,16.30,NA,NA,NA,NA,NA,NA,NA,NA,NA,NA,NA,0.00,NA,NA,NA
2022-01-14 12:00:00,139.62,318.00,9.61,28.71,38.32,NA,NA,1.59,28.73,NA,NA,NA,NA,NA,NA,NA,NA,NA,NA,NA,0.00,NA,NA,NA
2022-01-14 13:00:00,190.51,290.01,7.63,24.33,31.97,NA,NA,1.52,38.73,NA,NA,NA,NA,NA,NA,NA,NA,NA,NA,NA,0.00,NA,NA,NA
2022-01-14 14:00:00,236.44,320.17,8.18,31.59,39.79,NA,NA,1.67,47.94,NA,NA,NA,NA,NA,NA,NA,NA,NA,NA,NA,0.00,NA,NA,NA
2022-01-14 15:00:00,266.84,370.98,7.45,28.98,36.41,NA,NA,1.68,64.63,NA,NA,NA,NA,NA,NA,NA,NA,NA,NA,NA,0.00,NA,NA,NA
2022-01-14 16:00:00,246.73,357.76,7.02,23.46,30.48,NA,NA,1.57,55.17,NA,NA,NA,NA,NA,NA,NA,NA,NA,NA,NA,0.00,NA,NA,NA
2022-01-14 17:00:00,202.45,355.08,6.90,22.29,29.20,NA,NA,1.49,39.53,NA,NA,NA,NA,NA,NA,NA,NA,NA,NA,NA,0.00,NA,NA,NA
2022-01-14 18:00:00,195.53,342.64,6.83,21.50,28.32,NA,NA,1.46,31.05,NA,NA,NA,NA,NA,NA,NA,NA,NA,NA,NA,0.00,NA,NA,NA
2022-01-14 19:00:00,175.55,270.22,8.10,17.67,25.76,NA,NA,1.83,25.04,NA,NA,NA,NA,NA,NA,NA,NA,NA,NA,NA,0.00,NA,NA,NA
2022-01-14 20:00:00,149.62,243.40,193.14,82.95,277.45,NA,NA,1.88,7.85,NA,NA,NA,NA,NA,NA,NA,NA,NA,NA,NA,0.00,NA,NA,NA
2022-01-14 21:00:00,12.61,57.47,11.17,16.10,27.32,NA,NA,1.90,11.59,NA,NA,NA,NA,NA,NA,NA,NA,NA,NA,NA,0.00,NA,NA,NA
2022-01-14 22:00:00,29.29,49.93,12.38,23.54,35.92,NA,NA,2.35,12.40,NA,NA,NA,NA,NA,NA,NA,NA,NA,NA,NA,0.00,NA,NA,NA
2022-01-14 23:00:00,67.76,147.66,7.58,20.29,27.88,NA,NA,2.01,14.02,NA,NA,NA,NA,NA,NA,NA,NA,NA,NA,NA,0.00,NA,NA,NA
2022-01-15 00:00:00,74.33,139.27,6.90,15.24,22.14,NA,NA,1.75,12.97,NA,NA,NA,NA,NA,NA,NA,NA,NA,NA,NA,0.00,NA,NA,NA
2022-01-15 01:00:00,62.43,152.15,7.90,13.49,21.38,NA,NA,1.82,12.45,NA,NA,NA,NA,NA,NA,NA,NA,NA,NA,NA,0.00,NA,NA,NA
2022-01-15 02:00:00,66.11,164.11,8.89,21.24,30.13,NA,NA,1.76,12.02,NA,NA,NA,NA,NA,NA,NA,NA,NA,NA,NA,0.00,NA,NA,NA
2022-01-15 03:00:00,30.40,85.15,7.08,18.99,26.07,NA,NA,1.39,15.17,NA,NA,NA,NA,NA,NA,NA,NA,NA,NA,NA,0.00,NA,NA,NA
2022-01-15 04:00:00,17.82,62.92,6.42,12.65,19.07,NA,NA,1.17,28.98,NA,NA,NA,NA,NA,NA,NA,NA,NA,NA,NA,0.00,NA,NA,NA
2022-01-15 05:00:00,35.26,64.25,6.27,11.65,17.93,NA,NA,1.08,32.39,NA,NA,NA,NA,NA,NA,NA,NA,NA,NA,NA,0.00,NA,NA,NA
2022-01-15 06:00:00,22.20,101.91,6.23,11.09,17.33,NA,NA,1.05,37.85,NA,NA,NA,NA,NA,NA,NA,NA,NA,NA,NA,0.00,NA,NA,NA
2022-01-15 07:00:00,54.25,76.51,6.18,10.87,17.05,NA,NA,1.03,40.49,NA,NA,NA,NA,NA,NA,NA,NA,NA,NA,NA,0.00,NA,NA,NA
2022-01-15 08:00:00,27.20,61.34,6.15,10.97,17.12,NA,NA,1.03,41.38,NA,NA,NA,NA,NA,NA,NA,NA,NA,NA,NA,0.00,NA,NA,NA
2022-01-15 09:00:00,28.38,82.56,6.23,11.09,17.32,NA,NA,1.04,40.44,NA,NA,NA,NA,NA,NA,NA,NA,NA,NA,NA,0.00,NA,NA,NA
2022-01-15 10:00:00,39.87,96.74,6.28,11.58,17.87,NA,NA,1.07,37.24,NA,NA,NA,NA,NA,NA,NA,NA,NA,NA,NA,0.00,NA,NA,NA
2022-01-15 11:00:00,68.94,136.27,6.50,12.40,18.90,NA,NA,1.10,35.50,NA,NA,NA,NA,NA,NA,NA,NA,NA,NA,NA,0.00,NA,NA,NA
2022-01-15 12:00:00,71.68,120.03,6.78,13.78,20.56,NA,NA,1.09,31.85,NA,NA,NA,NA,NA,NA,NA,NA,NA,NA,NA,0.00,NA,NA,NA
2022-01-15 13:00:00,85.34,128.31,6.85,13.54,20.39,NA,NA,1.10,33.60,NA,NA,NA,NA,NA,NA,NA,NA,NA,NA,NA,0.00,NA,NA,NA
2022-01-15 14:00:00,67.62,100.84,244.47,104.52,236.80,NA,NA,1.40,30.81,NA,NA,NA,NA,NA,NA,NA,NA,NA,NA,NA,0.00,NA,NA,NA
2022-01-15 15:00:00,NA,NA,8.80,12.45,21.28,NA,NA,1.20,49.60,NA,NA,NA,NA,NA,NA,NA,NA,NA,NA,NA,0.00,NA,NA,NA
2022-01-15 16:00:00,20.10,13.86,6.28,17.32,23.60,NA,NA,1.30,44.08,NA,NA,NA,NA,NA,NA,NA,NA,NA,NA,NA,0.00,NA,NA,NA
2022-01-15 17:00:00,56.56,74.74,6.15,18.19,24.34,NA,NA,1.26,29.86,NA,NA,NA,NA,NA,NA,NA,NA,NA,NA,NA,0.00,NA,NA,NA
2022-01-15 18:00:00,54.10,96.40,5.94,16.16,22.10,NA,NA,1.24,25.29,NA,NA,NA,NA,NA,NA,NA,NA,NA,NA,NA,0.00,NA,NA,NA
2022-01-15 19:00:00,74.63,102.53,5.88,17.15,23.03,NA,NA,1.26,21.34,NA,NA,NA,NA,NA,NA,NA,NA,NA,NA,NA,0.00,NA,NA,NA
2022-01-15 20:00:00,56.50,110.24,5.91,15.15,21.06,NA,NA,1.23,24.07,NA,NA,NA,NA,NA,NA,NA,NA,NA,NA,NA,0.00,NA,NA,NA
2022-01-15 21:00:00,75.96,94.05,5.82,12.35,18.16,NA,NA,1.13,27.55,NA,NA,NA,NA,NA,NA,NA,NA,NA,NA,NA,0.00,NA,NA,NA
2022-01-15 22:00:00,45.44,95.71,5.84,12.69,18.53,NA,NA,1.17,24.70,NA,NA,NA,NA,NA,NA,NA,NA,NA,NA,NA,0.00,NA,NA,NA
2022-01-15 23:00:00,74.26,129.09,5.83,13.61,19.43,NA,NA,1.21,20.47,NA,NA,NA,NA,NA,NA,NA,NA,NA,NA,NA,0.00,NA,NA,NA
2022-01-16 00:00:00,78.73,140.82,5.85,13.98,19.83,NA,NA,1.18,20.20,NA,NA,NA,NA,NA,NA,NA,NA,NA,NA,NA,0.00,NA,NA,NA
2022-01-16 01:00:00,67.73,150.06,5.80,12.26,18.06,NA,NA,1.11,23.48,NA,NA,NA,NA,NA,NA,NA,NA,NA,NA,NA,0.00,NA,NA,NA
2022-01-16 02:00:00,55.94,121.82,5.79,12.55,18.35,NA,NA,1.09,22.08,NA,NA,NA,NA,NA,NA,NA,NA,NA,NA,NA,0.00,NA,NA,NA
2022-01-16 03:00:00,61.73,120.36,5.74,10.79,16.53,NA,NA,1.07,25.43,NA,NA,NA,NA,NA,NA,NA,NA,NA,NA,NA,0.00,NA,NA,NA
2022-01-16 04:00:00,56.28,109.45,5.69,10.62,16.31,NA,NA,1.05,25.78,NA,NA,NA,NA,NA,NA,NA,NA,NA,NA,NA,0.00,NA,NA,NA
2022-01-16 05:00:00,65.28,111.29,5.69,12.04,17.73,NA,NA,1.06,23.42,NA,NA,NA,NA,NA,NA,NA,NA,NA,NA,NA,0.00,NA,NA,NA
2022-01-16 06:00:00,75.31,128.99,5.74,12.32,18.06,NA,NA,1.05,23.18,NA,NA,NA,NA,NA,NA,NA,NA,NA,NA,NA,0.00,NA,NA,NA
2022-01-16 07:00:00,92.36,139.12,5.74,13.15,18.89,NA,NA,1.05,23.08,NA,NA,NA,NA,NA,NA,NA,NA,NA,NA,NA,0.00,NA,NA,NA
2022-01-16 08:00:00,97.85,173.46,6.14,12.95,19.08,NA,NA,1.06,22.87,NA,NA,NA,NA,NA,NA,NA,NA,NA,NA,NA,0.00,NA,NA,NA
2022-01-16 09:00:00,95.99,168.91,6.32,12.27,18.59,NA,NA,1.05,25.02,NA,NA,NA,NA,NA,NA,NA,NA,NA,NA,NA,0.00,NA,NA,NA
2022-01-16 10:00:00,88.50,142.33,6.81,12.47,19.27,NA,NA,1.10,28.10,NA,NA,NA,NA,NA,NA,NA,NA,NA,NA,NA,0.00,NA,NA,NA
2022-01-16 11:00:00,98.83,153.75,7.13,12.82,19.96,NA,NA,1.14,35.60,NA,NA,NA,NA,NA,NA,NA,NA,NA,NA,NA,0.00,NA,NA,NA
2022-01-16 12:00:00,109.00,180.19,6.83,14.62,21.45,NA,NA,1.18,49.44,NA,NA,NA,NA,NA,NA,NA,NA,NA,NA,NA,0.00,NA,NA,NA
2022-01-16 13:00:00,121.46,206.75,6.67,16.59,23.27,NA,NA,1.24,56.70,NA,NA,NA,NA,NA,NA,NA,NA,NA,NA,NA,0.00,NA,NA,NA
2022-01-16 14:00:00,116.13,225.45,6.41,15.78,22.19,NA,NA,1.22,68.11,NA,NA,NA,NA,NA,NA,NA,NA,NA,NA,NA,0.00,NA,NA,NA
2022-01-16 15:00:00,95.66,213.69,6.19,15.32,21.51,NA,NA,1.22,74.74,NA,NA,NA,NA,NA,NA,NA,NA,NA,NA,NA,0.00,NA,NA,NA
2022-01-16 16:00:00,111.60,197.08,6.06,15.20,21.26,NA,NA,1.19,70.33,NA,NA,NA,NA,NA,NA,NA,NA,NA,NA,NA,0.00,NA,NA,NA
2022-01-16 17:00:00,111.13,191.28,5.91,15.43,21.34,NA,NA,1.17,49.94,NA,NA,NA,NA,NA,NA,NA,NA,NA,NA,NA,0.00,NA,NA,NA
2022-01-16 18:00:00,82.75,167.19,5.73,13.12,18.85,NA,NA,1.15,28.13,NA,NA,NA,NA,NA,NA,NA,NA,NA,NA,NA,0.00,NA,NA,NA
2022-01-16 19:00:00,68.93,162.19,5.72,12.28,18.00,NA,NA,1.20,20.90,NA,NA,NA,NA,NA,NA,NA,NA,NA,NA,NA,0.00,NA,NA,NA
2022-01-16 20:00:00,78.46,175.78,5.84,11.69,17.53,NA,NA,1.22,21.69,NA,NA,NA,NA,NA,NA,NA,NA,NA,NA,NA,0.00,NA,NA,NA
2022-01-16 21:00:00,76.15,174.93,5.77,11.60,17.37,NA,NA,1.20,23.90,NA,NA,NA,NA,NA,NA,NA,NA,NA,NA,NA,0.00,NA,NA,NA
2022-01-16 22:00:00,74.69,151.88,5.77,11.66,17.43,NA,NA,1.20,21.12,NA,NA,NA,NA,NA,NA,NA,NA,NA,NA,NA,0.00,NA,NA,NA
2022-01-16 23:00:00,75.80,156.01,5.73,11.89,17.62,NA,NA,1.18,21.86,NA,NA,NA,NA,NA,NA,NA,NA,NA,NA,NA,0.00,NA,NA,NA
2022-01-17 00:00:00,83.32,199.53,6.80,15.19,21.99,NA,NA,1.32,13.10,NA,NA,NA,NA,NA,NA,NA,NA,NA,NA,NA,0.00,NA,NA,NA
2022-01-17 01:00:00,108.20,228.83,7.22,13.94,21.16,NA,NA,1.37,10.43,NA,NA,NA,NA,NA,NA,NA,NA,NA,NA,NA,0.00,NA,NA,NA
2022-01-17 02:00:00,110.69,194.23,6.27,13.42,19.70,NA,NA,1.24,16.37,NA,NA,NA,NA,NA,NA,NA,NA,NA,NA,NA,0.00,NA,NA,NA
2022-01-17 03:00:00,80.47,152.05,5.76,11.19,16.95,NA,NA,1.14,19.05,NA,NA,NA,NA,NA,NA,NA,NA,NA,NA,NA,0.00,NA,NA,NA
2022-01-17 04:00:00,71.71,134.91,5.72,11.63,17.35,NA,NA,1.15,15.39,NA,NA,NA,NA,NA,NA,NA,NA,NA,NA,NA,0.00,NA,NA,NA
2022-01-17 05:00:00,82.16,139.83,5.69,10.80,16.49,NA,NA,1.13,28.07,NA,NA,NA,NA,NA,NA,NA,NA,NA,NA,NA,0.00,NA,NA,NA
2022-01-17 06:00:00,77.05,152.18,5.59,9.74,15.33,NA,NA,1.08,38.50,NA,NA,NA,NA,NA,NA,NA,NA,NA,NA,NA,0.00,NA,NA,NA
2022-01-17 07:00:00,70.83,159.08,5.64,9.45,15.09,NA,NA,1.07,39.86,NA,NA,NA,NA,NA,NA,NA,NA,NA,NA,NA,0.00,NA,NA,NA
2022-01-17 08:00:00,82.54,150.77,5.66,9.90,15.56,NA,NA,1.09,35.52,NA,NA,NA,NA,NA,NA,NA,NA,NA,NA,NA,0.00,NA,NA,NA
2022-01-17 09:00:00,95.59,144.95,5.69,9.74,15.42,NA,NA,1.08,35.53,NA,NA,NA,NA,NA,NA,NA,NA,NA,NA,NA,0.00,NA,NA,NA
2022-01-17 10:00:00,89.04,127.52,5.79,9.61,15.40,NA,NA,1.07,37.34,NA,NA,NA,NA,NA,NA,NA,NA,NA,NA,NA,0.00,NA,NA,NA
2022-01-17 11:00:00,87.07,129.01,5.84,9.88,15.72,NA,NA,1.07,39.69,NA,NA,NA,NA,NA,NA,NA,NA,NA,NA,NA,0.00,NA,NA,NA
2022-01-17 12:00:00,87.86,125.93,6.68,9.55,16.22,NA,NA,1.09,44.30,NA,NA,NA,NA,NA,NA,NA,NA,NA,NA,NA,0.00,NA,NA,NA
2022-01-17 13:00:00,33.30,110.45,5.99,10.36,16.35,NA,NA,1.15,62.04,NA,NA,NA,NA,NA,NA,NA,NA,NA,NA,NA,0.00,NA,NA,NA
2022-01-17 14:00:00,84.20,145.76,5.85,10.66,16.51,NA,NA,1.14,61.32,NA,NA,NA,NA,NA,NA,NA,NA,NA,NA,NA,0.00,NA,NA,NA
2022-01-17 15:00:00,101.58,150.61,5.77,9.98,15.75,NA,NA,1.16,54.62,NA,NA,NA,NA,NA,NA,NA,NA,NA,NA,NA,0.00,NA,NA,NA
2022-01-17 16:00:00,91.88,135.45,5.61,10.18,15.79,NA,NA,1.15,55.38,NA,NA,NA,NA,NA,NA,NA,NA,NA,NA,NA,0.00,NA,NA,NA
2022-01-17 17:00:00,100.21,145.58,5.65,10.87,16.52,NA,NA,1.18,46.70,NA,NA,NA,NA,NA,NA,NA,NA,NA,NA,NA,0.00,NA,NA,NA
2022-01-17 18:00:00,99.72,162.96,5.62,12.87,18.49,NA,NA,1.22,28.52,NA,NA,NA,NA,NA,NA,NA,NA,NA,NA,NA,0.00,NA,NA,NA
2022-01-17 19:00:00,86.35,148.12,5.68,14.49,20.18,NA,NA,1.31,17.28,NA,NA,NA,NA,NA,NA,NA,NA,NA,NA,NA,0.00,NA,NA,NA
2022-01-17 20:00:00,89.41,156.22,5.79,13.53,19.32,NA,NA,1.37,17.31,NA,NA,NA,NA,NA,NA,NA,NA,NA,NA,NA,0.00,NA,NA,NA
2022-01-17 21:00:00,92.47,182.76,5.78,12.86,18.64,NA,NA,1.36,18.43,NA,NA,NA,NA,NA,NA,NA,NA,NA,NA,NA,0.00,NA,NA,NA
2022-01-17 22:00:00,94.34,166.40,5.92,12.56,18.48,NA,NA,1.36,14.24,NA,NA,NA,NA,NA,NA,NA,NA,NA,NA,NA,0.00,NA,NA,NA
2022-01-17 23:00:00,93.44,162.75,6.93,13.43,20.37,NA,NA,1.36,12.35,NA,NA,NA,NA,NA,NA,NA,NA,NA,NA,NA,0.00,NA,NA,NA
2022-01-18 00:00:00,81.39,144.81,9.24,13.83,23.07,NA,NA,1.31,11.63,NA,NA,NA,NA,NA,NA,NA,NA,NA,NA,NA,0.00,NA,NA,NA
2022-01-18 01:00:00,78.79,146.03,9.43,13.81,23.24,NA,NA,1.34,12.02,NA,NA,NA,NA,NA,NA,NA,NA,NA,NA,NA,0.00,NA,NA,NA
2022-01-18 02:00:00,93.54,157.02,8.15,15.70,23.84,NA,NA,1.44,12.32,NA,NA,NA,NA,NA,NA,NA,NA,NA,NA,NA,0.00,NA,NA,NA
2022-01-18 03:00:00,112.78,239.42,5.81,18.41,24.21,NA,NA,1.42,18.28,NA,NA,NA,NA,NA,NA,NA,NA,NA,NA,NA,0.00,NA,NA,NA
2022-01-18 04:00:00,122.78,276.67,5.73,17.26,22.99,NA,NA,1.35,23.82,NA,NA,NA,NA,NA,NA,NA,NA,NA,NA,NA,0.00,NA,NA,NA
2022-01-18 05:00:00,141.15,282.98,5.76,15.84,21.59,NA,NA,1.36,26.89,NA,NA,NA,NA,NA,NA,NA,NA,NA,NA,NA,0.00,NA,NA,NA
2022-01-18 06:00:00,172.76,300.91,5.79,15.02,20.81,NA,NA,1.34,29.60,NA,NA,NA,NA,NA,NA,NA,NA,NA,NA,NA,0.00,NA,NA,NA
2022-01-18 07:00:00,165.83,268.92,5.83,14.48,20.31,NA,NA,1.29,29.45,NA,NA,NA,NA,NA,NA,NA,NA,NA,NA,NA,0.00,NA,NA,NA
2022-01-18 08:00:00,154.42,252.27,6.03,14.49,20.52,NA,NA,1.29,28.21,NA,NA,NA,NA,NA,NA,NA,NA,NA,NA,NA,0.00,NA,NA,NA
2022-01-18 09:00:00,144.76,274.44,6.34,13.85,20.19,NA,NA,1.26,28.12,NA,NA,NA,NA,NA,NA,NA,NA,NA,NA,NA,0.00,NA,NA,NA
2022-01-18 10:00:00,134.87,246.41,6.61,13.98,20.59,NA,NA,1.26,33.13,NA,NA,NA,NA,NA,NA,NA,NA,NA,NA,NA,0.00,NA,NA,NA
2022-01-18 11:00:00,134.38,215.57,6.69,13.23,19.92,NA,NA,1.22,41.01,NA,NA,NA,NA,NA,NA,NA,NA,NA,NA,NA,0.00,NA,NA,NA
2022-01-18 12:00:00,148.32,197.04,6.48,12.97,19.45,NA,NA,1.22,53.96,NA,NA,NA,NA,NA,NA,NA,NA,NA,NA,NA,0.00,NA,NA,NA
2022-01-18 13:00:00,165.44,275.68,6.51,14.25,20.77,NA,NA,1.30,62.43,NA,NA,NA,NA,NA,NA,NA,NA,NA,NA,NA,0.00,NA,NA,NA
2022-01-18 14:00:00,182.58,293.06,6.68,14.07,20.74,NA,NA,1.29,67.00,NA,NA,NA,NA,NA,NA,NA,NA,NA,NA,NA,0.00,NA,NA,NA
2022-01-18 15:00:00,153.88,247.56,6.28,12.77,19.05,NA,NA,1.24,58.28,NA,NA,NA,NA,NA,NA,NA,NA,NA,NA,NA,0.00,NA,NA,NA
2022-01-18 16:00:00,130.18,233.41,6.00,12.11,18.11,NA,NA,1.20,52.87,NA,NA,NA,NA,NA,NA,NA,NA,NA,NA,NA,0.00,NA,NA,NA
2022-01-18 17:00:00,117.39,217.26,5.81,12.41,18.23,NA,NA,1.20,41.43,NA,NA,NA,NA,NA,NA,NA,NA,NA,NA,NA,0.00,NA,NA,NA
2022-01-18 18:00:00,120.04,216.20,5.86,15.57,21.44,NA,NA,1.33,23.67,NA,NA,NA,NA,NA,NA,NA,NA,NA,NA,NA,0.00,NA,NA,NA
2022-01-18 19:00:00,128.99,225.27,5.92,17.25,23.16,NA,NA,1.39,18.05,NA,NA,NA,NA,NA,NA,NA,NA,NA,NA,NA,0.00,NA,NA,NA
2022-01-18 20:00:00,128.92,246.13,6.34,18.36,24.70,NA,NA,1.50,13.79,NA,NA,NA,NA,NA,NA,NA,NA,NA,NA,NA,0.00,NA,NA,NA
2022-01-18 21:00:00,121.66,268.08,8.82,20.01,28.84,NA,NA,1.58,12.85,NA,NA,NA,NA,NA,NA,NA,NA,NA,NA,NA,0.00,NA,NA,NA
2022-01-18 22:00:00,100.40,250.11,6.13,15.20,21.31,NA,NA,1.42,13.35,NA,NA,NA,NA,NA,NA,NA,NA,NA,NA,NA,0.00,NA,NA,NA
2022-01-18 23:00:00,81.15,193.55,6.66,11.51,18.19,NA,NA,1.37,12.21,NA,NA,NA,NA,NA,NA,NA,NA,NA,NA,NA,0.00,NA,NA,NA
2022-01-19 00:00:00,84.01,211.58,18.46,17.94,36.43,NA,NA,1.44,12.40,NA,NA,NA,NA,NA,NA,NA,NA,NA,NA,NA,0.00,NA,NA,NA
2022-01-19 01:00:00,73.39,222.96,16.18,16.18,32.33,NA,NA,1.49,11.44,NA,NA,NA,NA,NA,NA,NA,NA,NA,NA,NA,0.00,NA,NA,NA
2022-01-19 02:00:00,84.72,200.56,11.78,16.25,28.03,NA,NA,1.73,12.81,NA,NA,NA,NA,NA,NA,NA,NA,NA,NA,NA,0.00,NA,NA,NA
2022-01-19 03:00:00,87.07,242.65,5.91,14.35,20.24,NA,NA,1.39,24.12,NA,NA,NA,NA,NA,NA,NA,NA,NA,NA,NA,0.00,NA,NA,NA
2022-01-19 04:00:00,93.58,297.97,5.77,13.44,19.22,NA,NA,1.41,28.70,NA,NA,NA,NA,NA,NA,NA,NA,NA,NA,NA,0.00,NA,NA,NA
2022-01-19 05:00:00,117.03,322.35,5.75,13.32,19.07,NA,NA,1.41,30.43,NA,NA,NA,NA,NA,NA,NA,NA,NA,NA,NA,0.00,NA,NA,NA
2022-01-19 06:00:00,142.52,330.71,5.71,12.85,18.56,NA,NA,1.46,31.64,NA,NA,NA,NA,NA,NA,NA,NA,NA,NA,NA,0.00,NA,NA,NA
2022-01-19 07:00:00,155.10,337.88,5.77,12.99,18.76,NA,NA,1.52,28.76,NA,NA,NA,NA,NA,NA,NA,NA,NA,NA,NA,0.00,NA,NA,NA
2022-01-19 08:00:00,153.09,348.93,5.90,13.57,19.48,NA,NA,1.46,31.15,NA,NA,NA,NA,NA,NA,NA,NA,NA,NA,NA,0.00,NA,NA,NA
2022-01-19 09:00:00,155.41,287.96,6.16,13.71,19.87,NA,NA,1.43,31.32,NA,NA,NA,NA,NA,NA,NA,NA,NA,NA,NA,0.00,NA,NA,NA
2022-01-19 10:00:00,148.15,247.17,6.56,14.19,20.75,NA,NA,1.42,29.09,NA,NA,NA,NA,NA,NA,NA,NA,NA,NA,NA,0.00,NA,NA,NA
2022-01-19 11:00:00,137.07,262.51,6.74,13.76,20.50,NA,NA,1.43,39.84,NA,NA,NA,NA,NA,NA,NA,NA,NA,NA,NA,0.00,NA,NA,NA
2022-01-19 12:00:00,167.35,262.39,6.55,14.41,20.96,NA,NA,1.44,55.52,NA,NA,NA,NA,NA,NA,NA,NA,NA,NA,NA,0.00,NA,NA,NA
2022-01-19 13:00:00,175.86,260.20,6.37,16.60,22.97,NA,NA,1.51,74.20,NA,NA,NA,NA,NA,NA,NA,NA,NA,NA,NA,0.00,NA,NA,NA
2022-01-19 14:00:00,186.02,294.80,6.18,18.37,24.54,NA,NA,1.61,93.43,NA,NA,NA,NA,NA,NA,NA,NA,NA,NA,NA,0.00,NA,NA,NA
2022-01-19 15:00:00,189.12,348.00,6.14,17.69,23.83,NA,NA,1.56,78.04,NA,NA,NA,NA,NA,NA,NA,NA,NA,NA,NA,0.00,NA,NA,NA
2022-01-19 16:00:00,169.05,288.92,6.00,17.36,23.36,NA,NA,1.51,73.36,NA,NA,NA,NA,NA,NA,NA,NA,NA,NA,NA,0.00,NA,NA,NA
2022-01-19 17:00:00,159.28,275.19,5.88,18.59,24.47,NA,NA,1.54,55.65,NA,NA,NA,NA,NA,NA,NA,NA,NA,NA,NA,0.00,NA,NA,NA
2022-01-19 18:00:00,159.84,266.87,5.84,18.26,24.10,NA,NA,1.56,26.13,NA,NA,NA,NA,NA,NA,NA,NA,NA,NA,NA,0.00,NA,NA,NA
2022-01-19 19:00:00,118.39,276.29,5.82,14.96,20.78,NA,NA,1.60,16.50,NA,NA,NA,NA,NA,NA,NA,NA,NA,NA,NA,0.00,NA,NA,NA
2022-01-19 20:00:00,137.16,288.50,5.88,14.81,20.70,NA,NA,1.80,13.11,NA,NA,NA,NA,NA,NA,NA,NA,NA,NA,NA,0.00,NA,NA,NA
2022-01-19 21:00:00,125.39,288.74,6.75,17.40,24.15,NA,NA,1.87,12.53,NA,NA,NA,NA,NA,NA,NA,NA,NA,NA,NA,0.00,NA,NA,NA
2022-01-19 22:00:00,169.41,356.39,6.88,15.15,22.03,NA,NA,1.89,12.74,NA,NA,NA,NA,NA,NA,NA,NA,NA,NA,NA,0.00,NA,NA,NA
2022-01-19 23:00:00,162.25,328.15,5.98,14.12,20.09,NA,NA,1.79,16.30,NA,NA,NA,NA,NA,NA,NA,NA,NA,NA,NA,0.00,NA,NA,NA
2022-01-20 00:00:00,135.35,335.55,5.82,12.90,18.73,NA,NA,1.67,17.62,NA,NA,NA,NA,NA,NA,NA,NA,NA,NA,NA,0.00,NA,NA,NA
2022-01-20 01:00:00,108.95,317.14,5.77,11.80,17.56,NA,NA,1.61,18.65,NA,NA,NA,NA,NA,NA,NA,NA,NA,NA,NA,0.00,NA,NA,NA
2022-01-20 02:00:00,108.60,275.79,5.88,12.56,18.44,NA,NA,1.62,16.24,NA,NA,NA,NA,NA,NA,NA,NA,NA,NA,NA,0.00,NA,NA,NA
2022-01-20 03:00:00,106.11,227.80,6.22,13.69,19.90,NA,NA,1.67,16.43,NA,NA,NA,NA,NA,NA,NA,NA,NA,NA,NA,0.00,NA,NA,NA
2022-01-20 04:00:00,110.50,229.57,5.79,12.88,18.67,NA,NA,1.67,20.22,NA,NA,NA,NA,NA,NA,NA,NA,NA,NA,NA,0.00,NA,NA,NA
2022-01-20 05:00:00,118.49,242.99,5.83,12.39,18.21,NA,NA,1.59,26.09,NA,NA,NA,NA,NA,NA,NA,NA,NA,NA,NA,0.00,NA,NA,NA
2022-01-20 06:00:00,104.60,206.06,5.73,10.83,16.56,NA,NA,1.52,31.02,NA,NA,NA,NA,NA,NA,NA,NA,NA,NA,NA,0.00,NA,NA,NA
2022-01-20 07:00:00,90.29,167.39,5.74,10.65,16.38,NA,NA,1.53,35.71,NA,NA,NA,NA,NA,NA,NA,NA,NA,NA,NA,0.00,NA,NA,NA
2022-01-20 08:00:00,88.34,184.14,5.88,11.30,17.19,NA,NA,1.57,30.22,NA,NA,NA,NA,NA,NA,NA,NA,NA,NA,NA,0.00,NA,NA,NA
2022-01-20 09:00:00,98.24,234.55,6.16,11.84,18.00,NA,NA,1.66,25.74,NA,NA,NA,NA,NA,NA,NA,NA,NA,NA,NA,0.00,NA,NA,NA
2022-01-20 10:00:00,130.82,287.50,6.45,12.71,19.16,NA,NA,1.69,30.50,NA,NA,NA,NA,NA,NA,NA,NA,NA,NA,NA,0.00,NA,NA,NA
2022-01-20 11:00:00,229.21,365.57,6.66,14.32,20.97,NA,NA,1.75,32.64,NA,NA,NA,NA,NA,NA,NA,NA,NA,NA,NA,0.00,NA,NA,NA
2022-01-20 12:00:00,173.51,344.28,6.54,13.10,19.64,NA,NA,1.66,38.73,NA,NA,NA,NA,NA,NA,NA,NA,NA,NA,NA,0.00,NA,NA,NA
2022-01-20 13:00:00,188.12,312.65,6.08,11.70,17.78,NA,NA,1.64,52.02,NA,NA,NA,NA,NA,NA,NA,NA,NA,NA,NA,0.00,NA,NA,NA
2022-01-20 14:00:00,205.10,307.00,6.15,14.44,20.59,NA,NA,1.69,66.02,NA,NA,NA,NA,NA,NA,NA,NA,NA,NA,NA,0.00,NA,NA,NA
2022-01-20 15:00:00,216.52,327.36,6.29,16.29,22.59,NA,NA,1.74,68.41,NA,NA,NA,NA,NA,NA,NA,NA,NA,NA,NA,0.00,NA,NA,NA
2022-01-20 16:00:00,179.45,284.66,6.16,15.53,21.69,NA,NA,1.67,52.65,NA,NA,NA,NA,NA,NA,NA,NA,NA,NA,NA,0.00,NA,NA,NA
2022-01-20 17:00:00,161.77,299.65,5.97,15.08,21.05,NA,NA,1.70,37.05,NA,NA,NA,NA,NA,NA,NA,NA,NA,NA,NA,0.00,NA,NA,NA
2022-01-20 18:00:00,142.62,242.53,5.79,14.74,20.53,NA,NA,1.69,24.52,NA,NA,NA,NA,NA,NA,NA,NA,NA,NA,NA,0.00,NA,NA,NA
2022-01-20 19:00:00,138.53,235.00,6.25,18.57,24.82,NA,NA,1.92,14.02,NA,NA,NA,NA,NA,NA,NA,NA,NA,NA,NA,0.00,NA,NA,NA
2022-01-20 20:00:00,160.68,256.79,6.60,18.15,24.76,NA,NA,2.04,12.24,NA,NA,NA,NA,NA,NA,NA,NA,NA,NA,NA,0.00,NA,NA,NA
2022-01-20 21:00:00,158.39,300.57,7.66,15.47,23.13,NA,NA,2.09,11.29,NA,NA,NA,NA,NA,NA,NA,NA,NA,NA,NA,0.00,NA,NA,NA
2022-01-20 22:00:00,166.39,298.85,11.23,16.14,27.36,NA,NA,2.29,11.72,NA,NA,NA,NA,NA,NA,NA,NA,NA,NA,NA,0.00,NA,NA,NA
2022-01-20 23:00:00,145.02,275.24,12.07,16.69,28.77,NA,NA,2.28,12.28,NA,NA,NA,NA,NA,NA,NA,NA,NA,NA,NA,0.00,NA,NA,NA
2022-01-21 00:00:00,110.67,232.06,9.85,16.70,26.55,NA,NA,2.28,11.01,NA,NA,NA,NA,NA,NA,NA,NA,NA,NA,NA,0.00,NA,NA,NA
2022-01-21 01:00:00,99.73,173.54,11.93,16.92,28.85,NA,NA,2.35,12.51,NA,NA,NA,NA,NA,NA,NA,NA,NA,NA,NA,0.00,NA,NA,NA
2022-01-21 02:00:00,117.21,162.75,13.94,17.51,31.44,NA,NA,2.39,12.45,NA,NA,NA,NA,NA,NA,NA,NA,NA,NA,NA,0.00,NA,NA,NA
2022-01-21 03:00:00,125.55,163.09,14.23,18.06,32.29,NA,NA,2.34,11.76,NA,NA,NA,NA,NA,NA,NA,NA,NA,NA,NA,0.00,NA,NA,NA
2022-01-21 04:00:00,112.05,144.97,17.04,20.10,37.14,NA,NA,2.26,11.88,NA,NA,NA,NA,NA,NA,NA,NA,NA,NA,NA,0.00,NA,NA,NA
2022-01-21 05:00:00,86.22,141.40,15.40,16.16,31.57,NA,NA,2.24,13.06,NA,NA,NA,NA,NA,NA,NA,NA,NA,NA,NA,0.00,NA,NA,NA
2022-01-21 06:00:00,NA,21.93,11.59,18.84,30.43,NA,NA,2.15,11.72,NA,NA,NA,NA,NA,NA,NA,NA,NA,NA,NA,0.00,NA,NA,NA
2022-01-21 07:00:00,NA,41.15,11.01,17.95,28.96,NA,NA,2.08,13.10,NA,NA,NA,NA,NA,NA,NA,NA,NA,NA,NA,0.00,NA,NA,NA
2022-01-21 08:00:00,20.42,127.08,8.61,15.62,24.23,NA,NA,1.93,12.72,NA,NA,NA,NA,NA,NA,NA,NA,NA,NA,NA,0.00,NA,NA,NA
2022-01-21 09:00:00,33.86,137.16,6.08,12.02,18.11,NA,NA,1.53,35.80,NA,NA,NA,NA,NA,NA,NA,NA,NA,NA,NA,0.00,NA,NA,NA
2022-01-21 10:00:00,58.63,153.08,5.92,11.10,17.02,NA,NA,1.43,46.38,NA,NA,NA,NA,NA,NA,NA,NA,NA,NA,NA,0.00,NA,NA,NA
2022-01-21 11:00:00,87.02,135.95,6.14,10.87,17.01,NA,NA,1.43,39.86,NA,NA,NA,NA,NA,NA,NA,NA,NA,NA,NA,0.00,NA,NA,NA
2022-01-21 12:00:00,113.97,153.43,6.02,10.71,16.73,NA,NA,1.41,48.94,NA,NA,NA,NA,NA,NA,NA,NA,NA,NA,NA,0.00,NA,NA,NA
2022-01-21 13:00:00,92.34,138.10,5.95,10.05,16.00,NA,NA,1.29,60.32,NA,NA,NA,NA,NA,NA,NA,NA,NA,NA,NA,0.00,NA,NA,NA
2022-01-21 14:00:00,89.45,129.68,5.90,11.35,17.25,NA,NA,1.35,75.29,NA,NA,NA,NA,NA,NA,NA,NA,NA,NA,NA,0.00,NA,NA,NA
2022-01-21 15:00:00,139.16,246.52,5.97,12.95,18.92,NA,NA,1.46,80.58,NA,NA,NA,NA,NA,NA,NA,NA,NA,NA,NA,0.00,NA,NA,NA
2022-01-21 16:00:00,124.93,240.71,5.90,11.48,17.38,NA,NA,1.40,73.69,NA,NA,NA,NA,NA,NA,NA,NA,NA,NA,NA,0.00,NA,NA,NA
2022-01-21 17:00:00,119.07,206.20,5.85,12.21,18.06,NA,NA,1.43,57.30,NA,NA,NA,NA,NA,NA,NA,NA,NA,NA,NA,0.00,NA,NA,NA
2022-01-21 18:00:00,111.27,197.69,5.79,13.83,19.63,NA,NA,1.46,28.55,NA,NA,NA,NA,NA,NA,NA,NA,NA,NA,NA,0.00,NA,NA,NA
2022-01-21 19:00:00,93.37,181.62,5.89,16.00,21.89,NA,NA,1.60,15.46,NA,NA,NA,NA,NA,NA,NA,NA,NA,NA,NA,0.00,NA,NA,NA
2022-01-21 20:00:00,90.62,182.96,5.90,12.79,18.68,NA,NA,1.58,14.21,NA,NA,NA,NA,NA,NA,NA,NA,NA,NA,NA,0.00,NA,NA,NA
2022-01-21 21:00:00,86.09,213.98,6.38,16.06,22.44,NA,NA,1.71,15.29,NA,NA,NA,NA,NA,NA,NA,NA,NA,NA,NA,0.00,NA,NA,NA
2022-01-21 22:00:00,97.36,220.79,9.20,17.97,27.16,NA,NA,1.65,12.20,NA,NA,NA,NA,NA,NA,NA,NA,NA,NA,NA,0.00,NA,NA,NA
2022-01-21 23:00:00,136.84,247.60,6.22,16.31,22.52,NA,NA,1.78,15.75,NA,NA,NA,NA,NA,NA,NA,NA,NA,NA,NA,0.00,NA,NA,NA
2022-01-22 00:00:00,165.82,300.55,5.89,14.84,20.74,NA,NA,1.88,21.33,NA,NA,NA,NA,NA,NA,NA,NA,NA,NA,NA,0.00,NA,NA,NA
2022-01-22 01:00:00,167.19,324.34,5.86,13.44,19.29,NA,NA,1.81,24.67,NA,NA,NA,NA,NA,NA,NA,NA,NA,NA,NA,0.00,NA,NA,NA
2022-01-22 02:00:00,153.20,258.34,5.80,11.41,17.21,NA,NA,1.80,31.49,NA,NA,NA,NA,NA,NA,NA,NA,NA,NA,NA,0.00,NA,NA,NA
2022-01-22 03:00:00,147.19,228.99,5.75,10.78,16.53,NA,NA,1.76,34.24,NA,NA,NA,NA,NA,NA,NA,NA,NA,NA,NA,0.00,NA,NA,NA
2022-01-22 04:00:00,127.37,243.81,5.70,10.53,16.23,NA,NA,1.73,36.38,NA,NA,NA,NA,NA,NA,NA,NA,NA,NA,NA,0.00,NA,NA,NA
2022-01-22 05:00:00,126.54,215.08,5.70,9.92,15.62,NA,NA,1.56,45.89,NA,NA,NA,NA,NA,NA,NA,NA,NA,NA,NA,0.00,NA,NA,NA
2022-01-22 06:00:00,117.02,140.98,5.66,9.82,15.48,NA,NA,1.43,48.76,NA,NA,NA,NA,NA,NA,NA,NA,NA,NA,NA,0.00,NA,NA,NA
2022-01-22 07:00:00,109.35,144.09,5.67,9.80,15.47,NA,NA,1.43,55.56,NA,NA,NA,NA,NA,NA,NA,NA,NA,NA,NA,0.00,NA,NA,NA
2022-01-22 08:00:00,NA,NA,NA,NA,NA,NA,NA,NA,NA,NA,NA,NA,NA,NA,NA,NA,NA,NA,NA,NA,0.00,NA,NA,NA
2022-01-22 09:00:00,NA,NA,NA,NA,NA,NA,NA,NA,NA,NA,NA,NA,NA,NA,NA,NA,NA,NA,NA,NA,0.00,NA,NA,NA
2022-01-22 10:00:00,NA,NA,NA,NA,NA,NA,NA,NA,NA,NA,NA,NA,NA,NA,NA,NA,NA,NA,NA,NA,0.00,NA,NA,NA
2022-01-22 11:00:00,NA,NA,NA,NA,NA,NA,NA,NA,NA,NA,NA,NA,NA,NA,NA,NA,NA,NA,NA,NA,0.00,NA,NA,NA
2022-01-22 12:00:00,NA,NA,NA,NA,NA,NA,NA,NA,NA,NA,NA,NA,NA,NA,NA,NA,NA,NA,NA,NA,0.00,NA,NA,NA
2022-01-22 13:00:00,NA,NA,NA,NA,NA,NA,NA,NA,NA,NA,NA,NA,NA,NA,NA,NA,NA,NA,NA,NA,0.00,NA,NA,NA
2022-01-22 14:00:00,NA,NA,NA,NA,NA,NA,NA,NA,NA,NA,NA,NA,NA,NA,NA,NA,NA,NA,NA,NA,0.00,NA,NA,NA
2022-01-22 15:00:00,59.72,64.55,5.68,12.05,17.73,NA,NA,1.25,34.83,NA,NA,NA,NA,NA,NA,NA,NA,NA,NA,NA,0.00,NA,NA,NA
2022-01-22 16:00:00,41.76,80.49,5.58,11.19,16.77,NA,NA,1.22,40.70,NA,NA,NA,NA,NA,NA,NA,NA,NA,NA,NA,0.00,NA,NA,NA
2022-01-22 17:00:00,56.71,98.36,5.59,11.99,17.58,NA,NA,1.23,41.27,NA,NA,NA,NA,NA,NA,NA,NA,NA,NA,NA,0.00,NA,NA,NA
2022-01-22 18:00:00,82.07,122.03,5.56,12.05,17.61,NA,NA,1.24,39.99,NA,NA,NA,NA,NA,NA,NA,NA,NA,NA,NA,0.00,NA,NA,NA
2022-01-22 19:00:00,96.53,119.51,5.62,11.86,17.48,NA,NA,1.26,42.07,NA,NA,NA,NA,NA,NA,NA,NA,NA,NA,NA,0.00,NA,NA,NA
2022-01-22 20:00:00,86.57,133.31,5.59,10.99,16.58,NA,NA,1.20,38.74,NA,NA,NA,NA,NA,NA,NA,NA,NA,NA,NA,0.00,NA,NA,NA
2022-01-22 21:00:00,57.02,98.41,5.55,10.12,15.67,NA,NA,1.14,37.03,NA,NA,NA,NA,NA,NA,NA,NA,NA,NA,NA,0.00,NA,NA,NA
2022-01-22 22:00:00,48.29,74.13,32.95,20.75,53.89,NA,NA,1.20,29.52,NA,NA,NA,NA,NA,NA,NA,NA,NA,NA,NA,0.00,NA,NA,NA
2022-01-22 23:00:00,NA,2.00,7.39,10.20,17.61,NA,NA,1.24,34.25,NA,NA,NA,NA,NA,NA,NA,NA,NA,NA,NA,0.00,NA,NA,NA
2022-01-23 00:00:00,NA,NA,5.63,9.80,15.43,NA,NA,1.27,34.72,NA,NA,NA,NA,NA,NA,NA,NA,NA,NA,NA,0.00,NA,NA,NA
2022-01-23 01:00:00,7.76,18.90,5.54,9.23,14.77,NA,NA,1.29,39.15,NA,NA,NA,NA,NA,NA,NA,NA,NA,NA,NA,0.00,NA,NA,NA
2022-01-23 02:00:00,13.94,48.09,5.59,9.07,14.66,NA,NA,1.27,41.37,NA,NA,NA,NA,NA,NA,NA,NA,NA,NA,NA,0.00,NA,NA,NA
2022-01-23 03:00:00,29.42,62.51,5.53,9.42,14.95,NA,NA,1.26,38.89,NA,NA,NA,NA,NA,NA,NA,NA,NA,NA,NA,0.00,NA,NA,NA
2022-01-23 04:00:00,31.30,64.12,5.46,9.14,14.60,NA,NA,1.24,39.08,NA,NA,NA,NA,NA,NA,NA,NA,NA,NA,NA,0.00,NA,NA,NA
2022-01-23 05:00:00,37.12,73.91,5.53,8.76,14.28,NA,NA,1.22,36.94,NA,NA,NA,NA,NA,NA,NA,NA,NA,NA,NA,0.00,NA,NA,NA
2022-01-23 06:00:00,51.66,68.18,5.48,8.95,14.44,NA,NA,1.22,34.36,NA,NA,NA,NA,NA,NA,NA,NA,NA,NA,NA,0.00,NA,NA,NA
2022-01-23 07:00:00,64.09,79.00,5.50,9.08,14.58,NA,NA,1.23,29.94,NA,NA,NA,NA,NA,NA,NA,NA,NA,NA,NA,0.00,NA,NA,NA
2022-01-23 08:00:00,69.80,88.24,5.63,10.73,16.36,NA,NA,1.31,24.24,NA,NA,NA,NA,NA,NA,NA,NA,NA,NA,NA,0.00,NA,NA,NA
2022-01-23 09:00:00,76.36,103.69,6.13,9.98,16.11,NA,NA,1.30,30.09,NA,NA,NA,NA,NA,NA,NA,NA,NA,NA,NA,0.00,NA,NA,NA
2022-01-23 10:00:00,87.54,118.22,6.05,9.53,15.59,NA,NA,1.30,28.59,NA,NA,NA,NA,NA,NA,NA,NA,NA,NA,NA,0.00,NA,NA,NA
2022-01-23 11:00:00,91.22,121.52,6.00,9.82,15.83,NA,NA,1.29,28.82,NA,NA,NA,NA,NA,NA,NA,NA,NA,NA,NA,0.00,NA,NA,NA
2022-01-23 12:00:00,83.87,123.83,6.35,11.29,17.64,NA,NA,1.29,37.92,NA,NA,NA,NA,NA,NA,NA,NA,NA,NA,NA,0.00,NA,NA,NA
2022-01-23 13:00:00,49.22,98.24,10.93,10.28,21.17,NA,NA,1.23,46.88,NA,NA,NA,NA,NA,NA,NA,NA,NA,NA,NA,0.00,NA,NA,NA
2022-01-23 14:00:00,NA,NA,5.62,10.08,15.70,NA,NA,1.31,48.51,NA,NA,NA,NA,NA,NA,NA,NA,NA,NA,NA,0.00,NA,NA,NA
2022-01-23 15:00:00,NA,NA,51.04,26.61,77.90,NA,NA,1.24,42.64,NA,NA,NA,NA,NA,NA,NA,NA,NA,NA,NA,0.00,NA,NA,NA
2022-01-23 16:00:00,NA,NA,5.87,10.18,16.05,NA,NA,1.25,48.80,NA,NA,NA,NA,NA,NA,NA,NA,NA,NA,NA,0.00,NA,NA,NA
2022-01-23 17:00:00,NA,NA,5.65,11.10,16.75,NA,NA,1.25,41.51,NA,NA,NA,NA,NA,NA,NA,NA,NA,NA,NA,0.00,NA,NA,NA
2022-01-23 18:00:00,NA,32.38,5.58,11.38,16.95,NA,NA,1.32,25.46,NA,NA,NA,NA,NA,NA,NA,NA,NA,NA,NA,0.00,NA,NA,NA
2022-01-23 19:00:00,20.88,61.78,5.72,14.65,20.38,NA,NA,1.52,20.16,NA,NA,NA,NA,NA,NA,NA,NA,NA,NA,NA,0.00,NA,NA,NA
2022-01-23 20:00:00,47.04,103.10,6.03,13.38,19.41,NA,NA,1.63,14.10,NA,NA,NA,NA,NA,NA,NA,NA,NA,NA,NA,0.00,NA,NA,NA
2022-01-23 21:00:00,64.84,111.86,7.98,13.71,21.69,NA,NA,1.74,11.49,NA,NA,NA,NA,NA,NA,NA,NA,NA,NA,NA,0.00,NA,NA,NA
2022-01-23 22:00:00,64.76,147.23,11.38,16.62,27.99,NA,NA,1.82,11.57,NA,NA,NA,NA,NA,NA,NA,NA,NA,NA,NA,0.00,NA,NA,NA
2022-01-23 23:00:00,68.34,155.66,8.75,18.02,26.79,NA,NA,1.66,10.92,NA,NA,NA,NA,NA,NA,NA,NA,NA,NA,NA,0.00,NA,NA,NA
2022-01-24 00:00:00,56.14,144.88,6.70,15.39,22.09,NA,NA,1.45,11.04,NA,NA,NA,NA,NA,NA,NA,NA,NA,NA,NA,0.00,NA,NA,NA
2022-01-24 01:00:00,41.19,118.19,6.25,14.26,20.51,NA,NA,1.31,12.80,NA,NA,NA,NA,NA,NA,NA,NA,NA,NA,NA,0.00,NA,NA,NA
2022-01-24 02:00:00,26.67,87.21,6.15,13.12,19.27,NA,NA,1.23,13.48,NA,NA,NA,NA,NA,NA,NA,NA,NA,NA,NA,0.00,NA,NA,NA
2022-01-24 03:00:00,30.52,68.76,6.95,14.29,21.24,NA,NA,1.20,13.15,NA,NA,NA,NA,NA,NA,NA,NA,NA,NA,NA,0.00,NA,NA,NA
2022-01-24 04:00:00,29.15,66.17,7.67,14.87,22.54,NA,NA,1.20,12.75,NA,NA,NA,NA,NA,NA,NA,NA,NA,NA,NA,0.00,NA,NA,NA
2022-01-24 05:00:00,29.58,71.67,9.39,15.88,25.26,NA,NA,1.19,10.19,NA,NA,NA,NA,NA,NA,NA,NA,NA,NA,NA,0.00,NA,NA,NA
2022-01-24 06:00:00,29.69,62.67,9.87,17.09,26.96,NA,NA,1.16,11.78,NA,NA,NA,NA,NA,NA,NA,NA,NA,NA,NA,0.00,NA,NA,NA
2022-01-24 07:00:00,38.50,71.39,7.90,16.18,24.08,NA,NA,1.19,12.96,NA,NA,NA,NA,NA,NA,NA,NA,NA,NA,NA,0.00,NA,NA,NA
2022-01-24 08:00:00,46.79,74.45,7.19,15.91,23.09,NA,NA,1.28,16.53,NA,NA,NA,NA,NA,NA,NA,NA,NA,NA,NA,0.00,NA,NA,NA
2022-01-24 09:00:00,52.60,87.13,6.98,15.45,22.43,NA,NA,1.30,24.59,NA,NA,NA,NA,NA,NA,NA,NA,NA,NA,NA,0.00,NA,NA,NA
2022-01-24 10:00:00,57.80,86.23,6.55,15.20,21.76,NA,NA,1.26,28.83,NA,NA,NA,NA,NA,NA,NA,NA,NA,NA,NA,0.00,NA,NA,NA
2022-01-24 11:00:00,51.45,95.33,6.32,13.01,19.33,NA,NA,1.21,33.99,NA,NA,NA,NA,NA,NA,NA,NA,NA,NA,NA,0.00,NA,NA,NA
2022-01-24 12:00:00,47.31,83.59,5.95,11.59,17.54,NA,NA,1.16,42.11,NA,NA,NA,NA,NA,NA,NA,NA,NA,NA,NA,0.00,NA,NA,NA
2022-01-24 13:00:00,39.53,78.77,5.94,12.13,18.07,NA,NA,1.14,44.13,NA,NA,NA,NA,NA,NA,NA,NA,NA,NA,NA,0.00,NA,NA,NA
2022-01-24 14:00:00,33.23,55.07,5.98,11.53,17.51,NA,NA,1.14,49.99,NA,NA,NA,NA,NA,NA,NA,NA,NA,NA,NA,0.00,NA,NA,NA
2022-01-24 15:00:00,30.84,64.28,5.80,10.54,16.33,NA,NA,1.11,57.26,NA,NA,NA,NA,NA,NA,NA,NA,NA,NA,NA,0.00,NA,NA,NA
2022-01-24 16:00:00,42.49,66.26,5.60,10.47,16.07,NA,NA,1.10,59.79,NA,NA,NA,NA,NA,NA,NA,NA,NA,NA,NA,0.00,NA,NA,NA
2022-01-24 17:00:00,39.07,77.52,5.69,12.13,17.81,NA,NA,1.14,49.92,NA,NA,NA,NA,NA,NA,NA,NA,NA,NA,NA,0.00,NA,NA,NA
2022-01-24 18:00:00,51.55,102.32,5.59,12.27,17.86,NA,NA,1.20,22.83,NA,NA,NA,NA,NA,NA,NA,NA,NA,NA,NA,0.00,NA,NA,NA
2022-01-24 19:00:00,52.41,91.61,5.76,13.25,19.00,NA,NA,1.28,14.66,NA,NA,NA,NA,NA,NA,NA,NA,NA,NA,NA,0.00,NA,NA,NA
2022-01-24 20:00:00,56.01,109.65,7.15,15.46,22.61,NA,NA,1.51,11.94,NA,NA,NA,NA,NA,NA,NA,NA,NA,NA,NA,0.00,NA,NA,NA
2022-01-24 21:00:00,103.20,160.01,9.79,15.29,25.07,NA,NA,1.99,11.90,NA,NA,NA,NA,NA,NA,NA,NA,NA,NA,NA,0.00,NA,NA,NA
2022-01-24 22:00:00,147.02,243.36,14.85,17.08,31.93,NA,NA,2.59,12.22,NA,NA,NA,NA,NA,NA,NA,NA,NA,NA,NA,0.00,NA,NA,NA
2022-01-24 23:00:00,161.48,253.86,16.02,16.91,32.92,NA,NA,2.46,12.06,NA,NA,NA,NA,NA,NA,NA,NA,NA,NA,NA,0.00,NA,NA,NA
2022-01-25 00:00:00,185.31,274.58,19.15,19.28,38.43,NA,NA,2.66,11.96,NA,NA,NA,NA,NA,NA,NA,NA,NA,NA,NA,0.00,NA,NA,NA
2022-01-25 01:00:00,173.65,279.57,24.27,20.29,44.54,NA,NA,2.74,11.89,NA,NA,NA,NA,NA,NA,NA,NA,NA,NA,NA,0.00,NA,NA,NA
2022-01-25 02:00:00,155.83,258.74,29.29,22.63,51.91,NA,NA,2.74,11.81,NA,NA,NA,NA,NA,NA,NA,NA,NA,NA,NA,0.00,NA,NA,NA
2022-01-25 03:00:00,149.67,252.15,28.16,21.43,49.59,NA,NA,2.69,11.75,NA,NA,NA,NA,NA,NA,NA,NA,NA,NA,NA,0.00,NA,NA,NA
2022-01-25 04:00:00,112.99,232.71,28.29,22.61,50.90,NA,NA,2.48,11.73,NA,NA,NA,NA,NA,NA,NA,NA,NA,NA,NA,0.00,NA,NA,NA
2022-01-25 05:00:00,105.93,198.50,27.81,21.42,49.23,NA,NA,2.66,12.05,NA,NA,NA,NA,NA,NA,NA,NA,NA,NA,NA,0.00,NA,NA,NA
2022-01-25 06:00:00,140.72,208.37,26.30,22.05,48.36,NA,NA,2.48,12.03,NA,NA,NA,NA,NA,NA,NA,NA,NA,NA,NA,0.00,NA,NA,NA
2022-01-25 07:00:00,94.98,160.66,8.28,16.44,24.74,NA,NA,1.39,18.88,NA,NA,NA,NA,NA,NA,NA,NA,NA,NA,NA,0.00,NA,NA,NA
2022-01-25 08:00:00,49.46,102.22,5.98,12.74,18.72,NA,NA,1.21,28.10,NA,NA,NA,NA,NA,NA,NA,NA,NA,NA,NA,0.00,NA,NA,NA
2022-01-25 09:00:00,45.36,109.45,5.97,11.26,17.23,NA,NA,1.16,36.17,NA,NA,NA,NA,NA,NA,NA,NA,NA,NA,NA,0.00,NA,NA,NA
2022-01-25 10:00:00,52.01,118.72,6.11,11.47,17.58,NA,NA,1.21,34.15,NA,NA,NA,NA,NA,NA,NA,NA,NA,NA,NA,0.00,NA,NA,NA
2022-01-25 11:00:00,54.76,126.33,5.91,10.36,16.27,NA,NA,1.17,38.18,NA,NA,NA,NA,NA,NA,NA,NA,NA,NA,NA,0.00,NA,NA,NA
2022-01-25 12:00:00,56.24,116.07,6.03,10.53,16.56,NA,NA,1.18,33.50,NA,NA,NA,NA,NA,NA,NA,NA,NA,NA,NA,0.00,NA,NA,NA
2022-01-25 13:00:00,65.18,121.98,5.92,10.35,16.26,NA,NA,1.16,36.15,NA,NA,NA,NA,NA,NA,NA,NA,NA,NA,NA,0.00,NA,NA,NA
2022-01-25 14:00:00,55.02,119.27,5.85,10.17,16.02,NA,NA,1.15,36.40,NA,NA,NA,NA,NA,NA,NA,NA,NA,NA,NA,0.00,NA,NA,NA
2022-01-25 15:00:00,59.66,115.83,5.81,10.25,16.06,NA,NA,1.15,39.52,NA,NA,NA,NA,NA,NA,NA,NA,NA,NA,NA,0.00,NA,NA,NA
2022-01-25 16:00:00,56.00,146.38,7.75,8.99,16.75,NA,NA,1.06,33.33,NA,NA,NA,NA,NA,NA,NA,NA,NA,NA,NA,0.00,NA,NA,NA
2022-01-25 17:00:00,2.78,65.30,5.91,10.47,16.38,NA,NA,1.22,42.37,NA,NA,NA,NA,NA,NA,NA,NA,NA,NA,NA,0.00,NA,NA,NA
2022-01-25 18:00:00,NA,29.58,6.05,10.74,16.79,NA,NA,1.25,47.07,NA,NA,NA,NA,NA,NA,NA,NA,NA,NA,NA,0.00,NA,NA,NA
2022-01-25 19:00:00,NA,39.04,5.68,13.71,19.39,NA,NA,1.34,28.17,NA,NA,NA,NA,NA,NA,NA,NA,NA,NA,NA,0.00,NA,NA,NA
2022-01-25 20:00:00,18.79,135.51,5.67,11.85,17.52,NA,NA,1.40,17.73,NA,NA,NA,NA,NA,NA,NA,NA,NA,NA,NA,0.00,NA,NA,NA
2022-01-25 21:00:00,29.50,132.19,7.75,12.54,20.29,NA,NA,1.45,11.38,NA,NA,NA,NA,NA,NA,NA,NA,NA,NA,NA,0.00,NA,NA,NA
2022-01-25 22:00:00,59.89,148.41,6.73,13.01,19.74,NA,NA,1.75,11.49,NA,NA,NA,NA,NA,NA,NA,NA,NA,NA,NA,0.00,NA,NA,NA
2022-01-25 23:00:00,83.49,178.78,7.59,14.10,21.69,NA,NA,1.84,13.10,NA,NA,NA,NA,NA,NA,NA,NA,NA,NA,NA,0.00,NA,NA,NA
2022-01-26 00:00:00,83.57,212.59,10.81,15.81,26.61,NA,NA,1.90,15.56,NA,NA,NA,NA,NA,NA,NA,NA,NA,NA,NA,0.00,NA,NA,NA
2022-01-26 01:00:00,85.20,207.75,12.04,14.50,26.54,NA,NA,1.88,11.68,NA,NA,NA,NA,NA,NA,NA,NA,NA,NA,NA,0.00,NA,NA,NA
2022-01-26 02:00:00,87.05,187.24,10.40,14.89,25.30,NA,NA,1.77,10.27,NA,NA,NA,NA,NA,NA,NA,NA,NA,NA,NA,0.00,NA,NA,NA
2022-01-26 03:00:00,67.40,157.68,8.19,13.25,21.43,NA,NA,1.73,8.40,NA,NA,NA,NA,NA,NA,NA,NA,NA,NA,NA,0.00,NA,NA,NA
2022-01-26 04:00:00,68.70,155.18,10.35,15.29,25.64,NA,NA,1.66,11.24,NA,NA,NA,NA,NA,NA,NA,NA,NA,NA,NA,0.00,NA,NA,NA
2022-01-26 05:00:00,72.32,147.66,8.51,16.76,25.27,NA,NA,1.54,11.92,NA,NA,NA,NA,NA,NA,NA,NA,NA,NA,NA,0.00,NA,NA,NA
2022-01-26 06:00:00,87.20,185.13,7.55,16.18,23.73,NA,NA,1.52,13.77,NA,NA,NA,NA,NA,NA,NA,NA,NA,NA,NA,0.00,NA,NA,NA
2022-01-26 07:00:00,83.53,167.19,6.99,11.85,18.84,NA,NA,1.42,13.37,NA,NA,NA,NA,NA,NA,NA,NA,NA,NA,NA,0.00,NA,NA,NA
2022-01-26 08:00:00,74.20,142.38,7.02,12.82,19.84,NA,NA,1.48,17.80,NA,NA,NA,NA,NA,NA,NA,NA,NA,NA,NA,0.00,NA,NA,NA
2022-01-26 09:00:00,87.80,164.48,7.46,15.14,22.60,NA,NA,1.50,19.32,NA,NA,NA,NA,NA,NA,NA,NA,NA,NA,NA,0.00,NA,NA,NA
2022-01-26 10:00:00,90.14,171.57,6.63,13.03,19.66,NA,NA,1.34,46.90,NA,NA,NA,NA,NA,NA,NA,NA,NA,NA,NA,0.00,NA,NA,NA
2022-01-26 11:00:00,77.32,156.95,6.13,11.05,17.17,NA,NA,1.22,51.50,NA,NA,NA,NA,NA,NA,NA,NA,NA,NA,NA,0.00,NA,NA,NA
2022-01-26 12:00:00,84.39,185.16,5.85,10.16,16.01,NA,NA,1.21,56.35,NA,NA,NA,NA,NA,NA,NA,NA,NA,NA,NA,0.00,NA,NA,NA
2022-01-26 13:00:00,78.81,173.31,5.70,9.30,15.00,NA,NA,1.16,62.75,NA,NA,NA,NA,NA,NA,NA,NA,NA,NA,NA,0.00,NA,NA,NA
2022-01-26 14:00:00,67.52,150.05,5.82,9.69,15.52,NA,NA,1.18,64.12,NA,NA,NA,NA,NA,NA,NA,NA,NA,NA,NA,0.00,NA,NA,NA
2022-01-26 15:00:00,68.87,141.40,5.99,9.15,15.14,NA,NA,1.15,59.15,NA,NA,NA,NA,NA,NA,NA,NA,NA,NA,NA,0.00,NA,NA,NA
2022-01-26 16:00:00,20.04,63.57,5.90,9.81,15.70,NA,NA,1.21,62.17,NA,NA,NA,NA,NA,NA,NA,NA,NA,NA,NA,0.00,NA,NA,NA
2022-01-26 17:00:00,23.37,76.05,5.58,9.51,15.09,NA,NA,1.24,59.22,NA,NA,NA,NA,NA,NA,NA,NA,NA,NA,NA,0.00,NA,NA,NA
2022-01-26 18:00:00,55.05,123.47,5.58,12.17,17.75,NA,NA,1.39,44.01,NA,NA,NA,NA,NA,NA,NA,NA,NA,NA,NA,0.00,NA,NA,NA
2022-01-26 19:00:00,111.13,189.83,5.86,15.89,21.75,NA,NA,1.74,26.23,NA,NA,NA,NA,NA,NA,NA,NA,NA,NA,NA,0.00,NA,NA,NA
2022-01-26 20:00:00,120.26,211.55,5.89,16.21,22.10,NA,NA,1.79,19.30,NA,NA,NA,NA,NA,NA,NA,NA,NA,NA,NA,0.00,NA,NA,NA
2022-01-26 21:00:00,131.28,217.25,6.31,15.08,21.39,NA,NA,1.73,12.14,NA,NA,NA,NA,NA,NA,NA,NA,NA,NA,NA,0.00,NA,NA,NA
2022-01-26 22:00:00,99.24,184.34,14.77,20.14,34.94,NA,NA,1.90,11.93,NA,NA,NA,NA,NA,NA,NA,NA,NA,NA,NA,0.00,NA,NA,NA
2022-01-26 23:00:00,130.88,276.32,15.60,22.41,37.99,NA,NA,2.22,11.79,NA,NA,NA,NA,NA,NA,NA,NA,NA,NA,NA,0.00,NA,NA,NA
2022-01-27 00:00:00,137.02,319.38,16.41,23.75,40.16,NA,NA,2.25,11.91,NA,NA,NA,NA,NA,NA,NA,NA,NA,NA,NA,0.00,NA,NA,NA
2022-01-27 01:00:00,130.19,294.38,12.88,22.39,35.25,NA,NA,1.97,11.44,NA,NA,NA,NA,NA,NA,NA,NA,NA,NA,NA,0.00,NA,NA,NA
2022-01-27 02:00:00,109.40,227.47,9.49,17.96,27.45,NA,NA,1.76,10.94,NA,NA,NA,NA,NA,NA,NA,NA,NA,NA,NA,0.00,NA,NA,NA
2022-01-27 03:00:00,102.41,172.63,7.19,15.78,22.97,NA,NA,1.56,11.72,NA,NA,NA,NA,NA,NA,NA,NA,NA,NA,NA,0.00,NA,NA,NA
2022-01-27 04:00:00,99.07,147.51,7.02,16.21,23.23,NA,NA,1.48,14.10,NA,NA,NA,NA,NA,NA,NA,NA,NA,NA,NA,0.00,NA,NA,NA
2022-01-27 05:00:00,89.28,135.45,15.07,15.30,30.27,NA,NA,1.32,17.19,NA,NA,NA,NA,NA,NA,NA,NA,NA,NA,NA,0.00,NA,NA,NA
2022-01-27 06:00:00,13.23,40.62,6.23,14.54,20.79,NA,NA,1.34,23.89,NA,NA,NA,NA,NA,NA,NA,NA,NA,NA,NA,0.00,NA,NA,NA
2022-01-27 07:00:00,NA,NA,6.00,16.26,22.26,NA,NA,1.33,23.23,NA,NA,NA,NA,NA,NA,NA,NA,NA,NA,NA,0.00,NA,NA,NA
2022-01-27 08:00:00,NA,34.43,6.37,14.51,20.88,NA,NA,1.36,32.52,NA,NA,NA,NA,NA,NA,NA,NA,NA,NA,NA,0.00,NA,NA,NA
2022-01-27 09:00:00,7.00,71.84,6.67,14.50,21.16,NA,NA,1.36,40.40,NA,NA,NA,NA,NA,NA,NA,NA,NA,NA,NA,0.00,NA,NA,NA
2022-01-27 10:00:00,20.73,98.13,6.22,12.48,18.70,NA,NA,1.26,49.61,NA,NA,NA,NA,NA,NA,NA,NA,NA,NA,NA,0.00,NA,NA,NA
2022-01-27 11:00:00,34.17,110.32,6.01,11.20,17.20,NA,NA,1.22,65.98,NA,NA,NA,NA,NA,NA,NA,NA,NA,NA,NA,0.00,NA,NA,NA
2022-01-27 12:00:00,45.35,100.76,5.82,9.19,15.01,NA,NA,1.15,75.52,NA,NA,NA,NA,NA,NA,NA,NA,NA,NA,NA,0.00,NA,NA,NA
2022-01-27 13:00:00,35.29,86.55,5.71,9.20,14.91,NA,NA,1.15,84.10,NA,NA,NA,NA,NA,NA,NA,NA,NA,NA,NA,0.00,NA,NA,NA
2022-01-27 14:00:00,42.83,100.80,5.72,9.20,14.91,NA,NA,1.15,88.03,NA,NA,NA,NA,NA,NA,NA,NA,NA,NA,NA,0.00,NA,NA,NA
2022-01-27 15:00:00,37.20,93.15,5.65,8.72,14.37,NA,NA,1.11,89.88,NA,NA,NA,NA,NA,NA,NA,NA,NA,NA,NA,0.00,NA,NA,NA
2022-01-27 16:00:00,43.79,86.07,5.59,8.85,14.44,NA,NA,1.11,90.71,NA,NA,NA,NA,NA,NA,NA,NA,NA,NA,NA,0.00,NA,NA,NA
2022-01-27 17:00:00,39.11,92.53,5.63,9.35,14.99,NA,NA,1.09,80.85,NA,NA,NA,NA,NA,NA,NA,NA,NA,NA,NA,0.00,NA,NA,NA
2022-01-27 18:00:00,56.83,102.99,5.66,12.44,18.13,NA,NA,1.14,61.25,NA,NA,NA,NA,NA,NA,NA,NA,NA,NA,NA,0.00,NA,NA,NA
2022-01-27 19:00:00,62.78,124.75,5.91,22.31,28.22,NA,NA,1.35,22.43,NA,NA,NA,NA,NA,NA,NA,NA,NA,NA,NA,0.00,NA,NA,NA
2022-01-27 20:00:00,94.99,189.06,5.90,19.25,25.13,NA,NA,1.55,25.58,NA,NA,NA,NA,NA,NA,NA,NA,NA,NA,NA,0.00,NA,NA,NA
2022-01-27 21:00:00,80.67,176.32,5.81,12.36,18.16,NA,NA,1.28,47.40,NA,NA,NA,NA,NA,NA,NA,NA,NA,NA,NA,0.00,NA,NA,NA
2022-01-27 22:00:00,67.28,137.11,5.67,12.37,18.04,NA,NA,1.20,47.57,NA,NA,NA,NA,NA,NA,NA,NA,NA,NA,NA,0.00,NA,NA,NA
2022-01-27 23:00:00,66.77,123.03,5.70,11.92,17.63,NA,NA,1.18,42.14,NA,NA,NA,NA,NA,NA,NA,NA,NA,NA,NA,0.00,NA,NA,NA
2022-01-28 00:00:00,66.36,112.35,5.66,10.95,16.61,NA,NA,1.13,47.41,NA,NA,NA,NA,NA,NA,NA,NA,NA,NA,NA,0.00,NA,NA,NA
2022-01-28 01:00:00,75.58,132.33,5.76,13.17,18.93,NA,NA,1.17,27.34,NA,NA,NA,NA,NA,NA,NA,NA,NA,NA,NA,0.00,NA,NA,NA
2022-01-28 02:00:00,60.10,112.81,5.65,10.71,16.36,NA,NA,1.08,40.04,NA,NA,NA,NA,NA,NA,NA,NA,NA,NA,NA,0.00,NA,NA,NA
2022-01-28 03:00:00,59.05,100.81,5.66,10.74,16.40,NA,NA,1.10,35.87,NA,NA,NA,NA,NA,NA,NA,NA,NA,NA,NA,0.00,NA,NA,NA
2022-01-28 04:00:00,59.72,115.39,5.71,11.33,17.04,NA,NA,1.09,32.50,NA,NA,NA,NA,NA,NA,NA,NA,NA,NA,NA,0.00,NA,NA,NA
2022-01-28 05:00:00,62.19,106.05,5.72,9.53,15.25,NA,NA,1.06,40.04,NA,NA,NA,NA,NA,NA,NA,NA,NA,NA,NA,0.00,NA,NA,NA
2022-01-28 06:00:00,70.00,106.36,5.76,9.46,15.22,NA,NA,1.07,39.52,NA,NA,NA,NA,NA,NA,NA,NA,NA,NA,NA,0.00,NA,NA,NA
2022-01-28 07:00:00,71.91,103.73,5.82,10.02,15.84,NA,NA,1.11,35.37,NA,NA,NA,NA,NA,NA,NA,NA,NA,NA,NA,0.00,NA,NA,NA
2022-01-28 08:00:00,71.19,114.85,5.95,9.66,15.62,NA,NA,1.15,40.28,NA,NA,NA,NA,NA,NA,NA,NA,NA,NA,NA,0.00,NA,NA,NA
2022-01-28 09:00:00,63.52,149.38,5.97,9.11,15.08,NA,NA,1.14,59.14,NA,NA,NA,NA,NA,NA,NA,NA,NA,NA,NA,0.00,NA,NA,NA
2022-01-28 10:00:00,68.13,141.65,5.99,8.85,14.84,NA,NA,1.14,69.27,NA,NA,NA,NA,NA,NA,NA,NA,NA,NA,NA,0.00,NA,NA,NA
2022-01-28 11:00:00,62.66,140.10,5.81,7.88,13.68,NA,NA,1.09,83.65,NA,NA,NA,NA,NA,NA,NA,NA,NA,NA,NA,0.00,NA,NA,NA
2022-01-28 12:00:00,61.84,122.50,5.81,7.50,13.31,NA,NA,1.02,90.49,NA,NA,NA,NA,NA,NA,NA,NA,NA,NA,NA,0.00,NA,NA,NA
2022-01-28 13:00:00,37.84,98.53,5.74,7.33,13.07,NA,NA,0.93,92.48,NA,NA,NA,NA,NA,NA,NA,NA,NA,NA,NA,0.00,NA,NA,NA
2022-01-28 14:00:00,35.65,77.68,5.72,6.99,12.71,NA,NA,0.88,90.85,NA,NA,NA,NA,NA,NA,NA,NA,NA,NA,NA,0.00,NA,NA,NA
2022-01-28 15:00:00,34.25,77.36,5.74,6.98,12.72,NA,NA,0.87,95.44,NA,NA,NA,NA,NA,NA,NA,NA,NA,NA,NA,0.00,NA,NA,NA
2022-01-28 16:00:00,36.45,92.87,5.67,6.78,12.46,NA,NA,0.90,101.35,NA,NA,NA,NA,NA,NA,NA,NA,NA,NA,NA,0.00,NA,NA,NA
2022-01-28 17:00:00,37.39,104.32,5.66,7.17,12.83,NA,NA,0.97,95.43,NA,NA,NA,NA,NA,NA,NA,NA,NA,NA,NA,0.00,NA,NA,NA
2022-01-28 18:00:00,58.99,121.94,5.63,8.42,14.05,NA,NA,1.04,71.17,NA,NA,NA,NA,NA,NA,NA,NA,NA,NA,NA,0.00,NA,NA,NA
2022-01-28 19:00:00,68.91,144.09,5.76,10.01,15.77,NA,NA,1.19,41.72,NA,NA,NA,NA,NA,NA,NA,NA,NA,NA,NA,0.00,NA,NA,NA
2022-01-28 20:00:00,105.61,200.64,6.31,12.75,19.06,NA,NA,1.51,13.20,NA,NA,NA,NA,NA,NA,NA,NA,NA,NA,NA,0.00,NA,NA,NA
2022-01-28 21:00:00,131.22,245.03,7.59,13.23,20.82,NA,NA,1.67,11.87,NA,NA,NA,NA,NA,NA,NA,NA,NA,NA,NA,0.00,NA,NA,NA
2022-01-28 22:00:00,162.62,325.61,9.16,14.21,23.37,NA,NA,1.99,12.08,NA,NA,NA,NA,NA,NA,NA,NA,NA,NA,NA,0.00,NA,NA,NA
2022-01-28 23:00:00,172.37,362.27,9.19,12.50,21.70,NA,NA,2.19,11.65,NA,NA,NA,NA,NA,NA,NA,NA,NA,NA,NA,0.00,NA,NA,NA
2022-01-29 00:00:00,148.50,292.12,7.72,10.60,18.33,NA,NA,1.88,11.20,NA,NA,NA,NA,NA,NA,NA,NA,NA,NA,NA,0.00,NA,NA,NA
2022-01-29 01:00:00,141.08,262.18,7.59,11.97,19.56,NA,NA,1.77,11.01,NA,NA,NA,NA,NA,NA,NA,NA,NA,NA,NA,0.00,NA,NA,NA
2022-01-29 02:00:00,150.80,288.14,7.56,12.22,19.78,NA,NA,1.72,11.32,NA,NA,NA,NA,NA,NA,NA,NA,NA,NA,NA,0.00,NA,NA,NA
2022-01-29 03:00:00,111.98,235.12,6.03,10.08,16.12,NA,NA,1.25,15.72,NA,NA,NA,NA,NA,NA,NA,NA,NA,NA,NA,0.00,NA,NA,NA
2022-01-29 04:00:00,73.87,178.37,6.08,9.74,15.82,NA,NA,1.19,13.87,NA,NA,NA,NA,NA,NA,NA,NA,NA,NA,NA,0.00,NA,NA,NA
2022-01-29 05:00:00,87.68,181.34,6.30,9.31,15.60,NA,NA,1.23,10.88,NA,NA,NA,NA,NA,NA,NA,NA,NA,NA,NA,0.00,NA,NA,NA
2022-01-29 06:00:00,95.75,153.93,6.10,8.74,14.84,NA,NA,1.18,13.36,NA,NA,NA,NA,NA,NA,NA,NA,NA,NA,NA,0.00,NA,NA,NA
2022-01-29 07:00:00,94.16,169.15,6.25,9.41,15.66,NA,NA,1.16,12.96,NA,NA,NA,NA,NA,NA,NA,NA,NA,NA,NA,0.00,NA,NA,NA
2022-01-29 08:00:00,95.18,157.43,102.03,47.77,149.55,NA,NA,1.32,12.21,NA,NA,NA,NA,NA,NA,NA,NA,NA,NA,NA,0.00,NA,NA,NA
2022-01-29 09:00:00,49.33,93.51,35.04,21.40,56.09,NA,NA,1.58,34.81,NA,NA,NA,NA,NA,NA,NA,NA,NA,NA,NA,0.00,NA,NA,NA
2022-01-29 10:00:00,NA,1.52,6.39,11.01,17.40,NA,NA,1.38,60.82,NA,NA,NA,NA,NA,NA,NA,NA,NA,NA,NA,0.00,NA,NA,NA
2022-01-29 11:00:00,1.21,28.99,6.02,9.20,15.22,NA,NA,1.17,79.58,NA,NA,NA,NA,NA,NA,NA,NA,NA,NA,NA,0.00,NA,NA,NA
2022-01-29 12:00:00,NA,23.78,5.95,8.11,14.06,NA,NA,1.01,83.22,NA,NA,NA,NA,NA,NA,NA,NA,NA,NA,NA,0.00,NA,NA,NA
2022-01-29 13:00:00,3.16,37.10,5.82,7.67,13.50,NA,NA,0.97,88.76,NA,NA,NA,NA,NA,NA,NA,NA,NA,NA,NA,0.00,NA,NA,NA
2022-01-29 14:00:00,NA,17.30,8.96,8.77,17.75,NA,NA,0.98,93.13,NA,NA,NA,NA,NA,NA,NA,NA,NA,NA,NA,0.00,NA,NA,NA
2022-01-29 15:00:00,NA,11.74,5.74,7.05,12.79,NA,NA,0.97,96.10,NA,NA,NA,NA,NA,NA,NA,NA,NA,NA,NA,0.00,NA,NA,NA
2022-01-29 16:00:00,1.21,39.35,5.68,6.89,12.56,NA,NA,0.94,95.30,NA,NA,NA,NA,NA,NA,NA,NA,NA,NA,NA,0.00,NA,NA,NA
2022-01-29 17:00:00,10.02,57.64,26.48,15.28,41.86,NA,NA,0.89,84.63,NA,NA,NA,NA,NA,NA,NA,NA,NA,NA,NA,0.00,NA,NA,NA
2022-01-29 18:00:00,NA,14.84,7.81,9.41,17.26,NA,NA,1.03,48.30,NA,NA,NA,NA,NA,NA,NA,NA,NA,NA,NA,0.00,NA,NA,NA
2022-01-29 19:00:00,NA,9.02,5.82,8.94,14.76,NA,NA,1.19,34.16,NA,NA,NA,NA,NA,NA,NA,NA,NA,NA,NA,0.00,NA,NA,NA
2022-01-29 20:00:00,4.86,89.47,5.82,9.76,15.58,NA,NA,1.32,19.78,NA,NA,NA,NA,NA,NA,NA,NA,NA,NA,NA,0.00,NA,NA,NA
2022-01-29 21:00:00,44.41,156.69,6.10,10.12,16.22,NA,NA,1.52,12.80,NA,NA,NA,NA,NA,NA,NA,NA,NA,NA,NA,0.00,NA,NA,NA
2022-01-29 22:00:00,66.36,173.95,7.12,10.25,17.36,NA,NA,1.80,11.65,NA,NA,NA,NA,NA,NA,NA,NA,NA,NA,NA,0.00,NA,NA,NA
2022-01-29 23:00:00,96.85,214.23,8.52,11.38,19.90,NA,NA,1.78,11.16,NA,NA,NA,NA,NA,NA,NA,NA,NA,NA,NA,0.00,NA,NA,NA
2022-01-30 00:00:00,98.75,221.02,8.77,12.02,20.79,NA,NA,1.87,12.17,NA,NA,NA,NA,NA,NA,NA,NA,NA,NA,NA,0.00,NA,NA,NA
2022-01-30 01:00:00,109.74,259.38,7.32,11.38,18.70,NA,NA,1.70,11.69,NA,NA,NA,NA,NA,NA,NA,NA,NA,NA,NA,0.00,NA,NA,NA
2022-01-30 02:00:00,116.95,288.44,13.01,12.84,25.88,NA,NA,1.81,14.62,NA,NA,NA,NA,NA,NA,NA,NA,NA,NA,NA,0.00,NA,NA,NA
2022-01-30 03:00:00,6.00,55.68,6.02,8.51,14.54,NA,NA,1.21,40.21,NA,NA,NA,NA,NA,NA,NA,NA,NA,NA,NA,0.00,NA,NA,NA
2022-01-30 04:00:00,50.68,132.03,5.84,7.84,13.68,NA,NA,1.19,51.02,NA,NA,NA,NA,NA,NA,NA,NA,NA,NA,NA,0.00,NA,NA,NA
2022-01-30 05:00:00,102.01,169.38,5.82,7.76,13.58,NA,NA,1.20,45.67,NA,NA,NA,NA,NA,NA,NA,NA,NA,NA,NA,0.00,NA,NA,NA
2022-01-30 06:00:00,114.74,170.71,5.80,7.64,13.44,NA,NA,1.17,40.88,NA,NA,NA,NA,NA,NA,NA,NA,NA,NA,NA,0.00,NA,NA,NA
2022-01-30 07:00:00,112.44,173.45,5.81,7.79,13.60,NA,NA,1.19,42.11,NA,NA,NA,NA,NA,NA,NA,NA,NA,NA,NA,0.00,NA,NA,NA
2022-01-30 08:00:00,119.50,183.20,5.85,7.84,13.70,NA,NA,1.22,45.72,NA,NA,NA,NA,NA,NA,NA,NA,NA,NA,NA,0.00,NA,NA,NA
2022-01-30 09:00:00,125.56,393.73,5.87,7.69,13.56,NA,NA,1.21,59.40,NA,NA,NA,NA,NA,NA,NA,NA,NA,NA,NA,0.00,NA,NA,NA
2022-01-30 10:00:00,107.75,390.01,5.89,7.42,13.30,NA,NA,1.17,77.37,NA,NA,NA,NA,NA,NA,NA,NA,NA,NA,NA,0.00,NA,NA,NA
2022-01-30 11:00:00,101.23,409.37,5.85,7.43,13.28,NA,NA,1.15,85.89,NA,NA,NA,NA,NA,NA,NA,NA,NA,NA,NA,0.00,NA,NA,NA
2022-01-30 12:00:00,61.90,325.51,19.75,12.76,32.59,NA,NA,1.10,89.21,NA,NA,NA,NA,NA,NA,NA,NA,NA,NA,NA,0.00,NA,NA,NA
2022-01-30 13:00:00,NA,42.56,5.76,6.99,12.74,NA,NA,1.07,98.54,NA,NA,NA,NA,NA,NA,NA,NA,NA,NA,NA,0.00,NA,NA,NA
2022-01-30 14:00:00,NA,112.77,5.67,6.96,12.63,NA,NA,1.05,105.01,NA,NA,NA,NA,NA,NA,NA,NA,NA,NA,NA,0.00,NA,NA,NA
2022-01-30 15:00:00,18.51,238.44,5.75,6.99,12.74,NA,NA,1.05,101.98,NA,NA,NA,NA,NA,NA,NA,NA,NA,NA,NA,0.00,NA,NA,NA
2022-01-30 16:00:00,32.68,300.46,371.59,155.78,NA,NA,NA,1.24,NA,NA,NA,NA,NA,NA,NA,NA,NA,NA,NA,NA,0.00,NA,NA,NA
2022-01-30 17:00:00,21.36,140.79,38.93,20.65,60.02,NA,NA,1.16,87.00,NA,NA,NA,NA,NA,NA,NA,NA,NA,NA,NA,0.00,NA,NA,NA
2022-01-30 18:00:00,NA,NA,5.80,7.83,13.63,NA,NA,1.18,76.74,NA,NA,NA,NA,NA,NA,NA,NA,NA,NA,NA,0.00,NA,NA,NA
2022-01-30 19:00:00,22.49,42.61,5.72,7.80,13.51,NA,NA,1.18,70.94,NA,NA,NA,NA,NA,NA,NA,NA,NA,NA,NA,0.00,NA,NA,NA
2022-01-30 20:00:00,40.56,124.71,5.73,7.83,13.56,NA,NA,1.24,61.37,NA,NA,NA,NA,NA,NA,NA,NA,NA,NA,NA,0.00,NA,NA,NA
2022-01-30 21:00:00,76.06,166.74,5.74,8.54,14.28,NA,NA,1.35,46.42,NA,NA,NA,NA,NA,NA,NA,NA,NA,NA,NA,0.00,NA,NA,NA
2022-01-30 22:00:00,98.06,233.45,5.78,7.98,13.75,NA,NA,1.47,45.68,NA,NA,NA,NA,NA,NA,NA,NA,NA,NA,NA,0.00,NA,NA,NA
2022-01-30 23:00:00,120.40,343.90,5.76,7.98,13.73,NA,NA,1.37,35.57,NA,NA,NA,NA,NA,NA,NA,NA,NA,NA,NA,0.00,NA,NA,NA
2022-01-31 00:00:00,108.04,272.51,5.80,8.27,14.07,NA,NA,1.39,26.69,NA,NA,NA,NA,NA,NA,NA,NA,NA,NA,NA,0.00,NA,NA,NA
2022-01-31 01:00:00,148.03,370.92,5.75,7.72,13.46,NA,NA,1.36,17.45,NA,NA,NA,NA,NA,NA,NA,NA,NA,NA,NA,0.00,NA,NA,NA
2022-01-31 02:00:00,105.19,224.60,5.73,7.18,12.91,NA,NA,1.24,14.98,NA,NA,NA,NA,NA,NA,NA,NA,NA,NA,NA,0.00,NA,NA,NA
2022-01-31 03:00:00,80.45,185.97,5.73,6.79,12.53,NA,NA,1.19,13.65,NA,NA,NA,NA,NA,NA,NA,NA,NA,NA,NA,0.00,NA,NA,NA
2022-01-31 04:00:00,103.11,219.41,5.72,6.64,12.36,NA,NA,1.14,13.57,NA,NA,NA,NA,NA,NA,NA,NA,NA,NA,NA,0.00,NA,NA,NA
2022-01-31 05:00:00,101.93,197.00,5.69,6.56,12.24,NA,NA,1.11,12.22,NA,NA,NA,NA,NA,NA,NA,NA,NA,NA,NA,0.00,NA,NA,NA
2022-01-31 06:00:00,105.88,187.76,5.75,6.58,12.33,NA,NA,1.23,12.44,NA,NA,NA,NA,NA,NA,NA,NA,NA,NA,NA,0.00,NA,NA,NA
2022-01-31 07:00:00,115.32,210.86,8.18,7.69,15.86,NA,NA,1.16,11.29,NA,NA,NA,NA,NA,NA,NA,NA,NA,NA,NA,0.00,NA,NA,NA
2022-01-31 08:00:00,37.62,76.50,6.70,7.39,14.09,NA,NA,1.44,14.17,NA,NA,NA,NA,NA,NA,NA,NA,NA,NA,NA,0.00,NA,NA,NA
2022-01-31 09:00:00,NA,113.68,9.30,9.04,18.36,NA,NA,1.40,31.40,NA,NA,NA,NA,NA,NA,NA,NA,NA,NA,NA,0.00,NA,NA,NA
2022-01-31 10:00:00,51.51,182.78,5.91,7.74,13.65,NA,NA,1.37,61.40,NA,NA,NA,NA,NA,NA,NA,NA,NA,NA,NA,0.00,NA,NA,NA
2022-01-31 11:00:00,116.82,292.72,5.81,7.51,13.32,NA,NA,1.32,83.70,NA,NA,NA,NA,NA,NA,NA,NA,NA,NA,NA,0.00,NA,NA,NA
2022-01-31 12:00:00,106.59,280.15,5.81,7.33,13.13,NA,NA,1.28,97.33,NA,NA,NA,NA,NA,NA,NA,NA,NA,NA,NA,0.00,NA,NA,NA
2022-01-31 13:00:00,138.28,314.05,5.79,7.66,13.45,NA,NA,1.44,114.94,NA,NA,NA,NA,NA,NA,NA,NA,NA,NA,NA,0.00,NA,NA,NA
2022-01-31 14:00:00,158.30,357.69,5.82,7.43,13.24,NA,NA,1.43,118.31,NA,NA,NA,NA,NA,NA,NA,NA,NA,NA,NA,0.00,NA,NA,NA
2022-01-31 15:00:00,162.68,349.13,5.79,7.38,13.17,NA,NA,1.47,106.57,NA,NA,NA,NA,NA,NA,NA,NA,NA,NA,NA,0.00,NA,NA,NA
2022-01-31 16:00:00,159.60,392.85,5.82,7.67,13.49,NA,NA,1.62,83.09,NA,NA,NA,NA,NA,NA,NA,NA,NA,NA,NA,0.00,NA,NA,NA
2022-01-31 17:00:00,160.08,396.05,5.90,7.81,13.70,NA,NA,1.58,55.81,NA,NA,NA,NA,NA,NA,NA,NA,NA,NA,NA,0.00,NA,NA,NA
2022-01-31 18:00:00,144.35,346.16,5.84,7.88,13.72,NA,NA,1.56,33.66,NA,NA,NA,NA,NA,NA,NA,NA,NA,NA,NA,0.00,NA,NA,NA
2022-01-31 19:00:00,182.79,351.04,5.85,7.76,13.61,NA,NA,1.58,20.78,NA,NA,NA,NA,NA,NA,NA,NA,NA,NA,NA,0.00,NA,NA,NA
2022-01-31 20:00:00,163.59,318.89,5.93,8.13,14.06,NA,NA,1.77,13.09,NA,NA,NA,NA,NA,NA,NA,NA,NA,NA,NA,0.00,NA,NA,NA
2022-01-31 21:00:00,168.71,350.88,5.98,7.94,13.92,NA,NA,1.86,11.65,NA,NA,NA,NA,NA,NA,NA,NA,NA,NA,NA,0.00,NA,NA,NA
2022-01-31 22:00:00,152.23,381.35,6.04,7.62,13.66,NA,NA,1.83,11.66,NA,NA,NA,NA,NA,NA,NA,NA,NA,NA,NA,0.00,NA,NA,NA
2022-01-31 23:00:00,136.14,317.71,5.96,7.22,13.17,NA,NA,1.66,11.46,NA,NA,NA,NA,NA,NA,NA,NA,NA,NA,NA,0.00,NA,NA,NA
2022-02-01 00:00:00,111.77,289.33,6.01,6.91,12.92,NA,NA,1.58,11.55,NA,NA,NA,NA,NA,NA,NA,NA,NA,NA,NA,0.00,NA,NA,NA
2022-02-01 01:00:00,123.95,362.22,6.51,7.22,13.73,NA,NA,1.59,11.47,NA,NA,NA,NA,NA,NA,NA,NA,NA,NA,NA,0.00,NA,NA,NA
2022-02-01 02:00:00,158.54,339.57,6.62,7.29,13.91,NA,NA,1.66,11.59,NA,NA,NA,NA,NA,NA,NA,NA,NA,NA,NA,0.00,NA,NA,NA
2022-02-01 03:00:00,148.43,358.64,6.27,7.13,13.40,NA,NA,1.54,11.46,NA,NA,NA,NA,NA,NA,NA,NA,NA,NA,NA,0.00,NA,NA,NA
2022-02-01 04:00:00,87.62,232.20,6.17,7.18,13.35,NA,NA,1.52,11.57,NA,NA,NA,NA,NA,NA,NA,NA,NA,NA,NA,0.00,NA,NA,NA
2022-02-01 05:00:00,87.00,148.16,7.69,7.96,15.65,NA,NA,1.53,11.51,NA,NA,NA,NA,NA,NA,NA,NA,NA,NA,NA,0.00,NA,NA,NA
2022-02-01 06:00:00,74.27,128.12,7.32,7.85,15.17,NA,NA,1.48,11.54,NA,NA,NA,NA,NA,NA,NA,NA,NA,NA,NA,0.00,NA,NA,NA
2022-02-01 07:00:00,71.38,106.33,7.07,7.81,14.87,NA,NA,1.46,11.74,NA,NA,NA,NA,NA,NA,NA,NA,NA,NA,NA,0.00,NA,NA,NA
2022-02-01 08:00:00,61.72,137.60,7.39,8.15,15.54,NA,NA,1.54,12.23,NA,NA,NA,NA,NA,NA,NA,NA,NA,NA,NA,0.00,NA,NA,NA
2022-02-01 09:00:00,63.38,151.71,6.75,7.83,14.58,NA,NA,1.71,13.80,NA,NA,NA,NA,NA,NA,NA,NA,NA,NA,NA,0.00,NA,NA,NA
2022-02-01 10:00:00,147.87,260.23,7.64,9.54,17.18,NA,NA,2.39,16.38,NA,NA,NA,NA,NA,NA,NA,NA,NA,NA,NA,0.00,NA,NA,NA
2022-02-01 11:00:00,202.00,435.22,6.77,10.78,17.55,NA,NA,2.02,37.96,NA,NA,NA,NA,NA,NA,NA,NA,NA,NA,NA,0.00,NA,NA,NA
2022-02-01 12:00:00,176.66,366.84,6.01,9.04,15.04,NA,NA,1.62,73.95,NA,NA,NA,NA,NA,NA,NA,NA,NA,NA,NA,0.00,NA,NA,NA
2022-02-01 13:00:00,159.04,316.80,6.00,8.90,14.90,NA,NA,1.55,80.90,NA,NA,NA,NA,NA,NA,NA,NA,NA,NA,NA,0.00,NA,NA,NA
2022-02-01 14:00:00,154.34,281.39,5.84,8.34,14.18,NA,NA,1.35,89.31,NA,NA,NA,NA,NA,NA,NA,NA,NA,NA,NA,0.00,NA,NA,NA
2022-02-01 15:00:00,139.23,266.30,5.90,8.47,14.37,NA,NA,1.42,89.03,NA,NA,NA,NA,NA,NA,NA,NA,NA,NA,NA,0.00,NA,NA,NA
2022-02-01 16:00:00,150.75,275.76,5.77,7.64,13.41,NA,NA,1.45,94.03,NA,NA,NA,NA,NA,NA,NA,NA,NA,NA,NA,0.00,NA,NA,NA
2022-02-01 17:00:00,130.17,251.18,5.74,7.61,13.35,NA,NA,1.39,84.34,NA,NA,NA,NA,NA,NA,NA,NA,NA,NA,NA,0.00,NA,NA,NA
2022-02-01 18:00:00,150.61,306.79,5.74,8.01,13.75,NA,NA,1.48,58.73,NA,NA,NA,NA,NA,NA,NA,NA,NA,NA,NA,0.00,NA,NA,NA
2022-02-01 19:00:00,155.98,287.09,5.77,8.58,14.34,NA,NA,1.64,38.23,NA,NA,NA,NA,NA,NA,NA,NA,NA,NA,NA,0.00,NA,NA,NA
2022-02-01 20:00:00,170.56,336.38,5.81,8.52,14.33,NA,NA,1.76,24.66,NA,NA,NA,NA,NA,NA,NA,NA,NA,NA,NA,0.00,NA,NA,NA
2022-02-01 21:00:00,181.08,380.77,5.91,9.41,15.32,NA,NA,2.01,15.56,NA,NA,NA,NA,NA,NA,NA,NA,NA,NA,NA,0.00,NA,NA,NA
2022-02-01 22:00:00,166.94,340.29,5.77,8.22,13.99,NA,NA,1.79,23.57,NA,NA,NA,NA,NA,NA,NA,NA,NA,NA,NA,0.00,NA,NA,NA
2022-02-01 23:00:00,151.83,312.65,5.76,8.48,14.23,NA,NA,1.74,21.57,NA,NA,NA,NA,NA,NA,NA,NA,NA,NA,NA,0.00,NA,NA,NA
2022-02-02 00:00:00,152.75,369.10,5.75,8.45,14.20,NA,NA,1.68,23.57,NA,NA,NA,NA,NA,NA,NA,NA,NA,NA,NA,0.00,NA,NA,NA
2022-02-02 01:00:00,139.03,331.77,5.73,7.61,13.34,NA,NA,1.48,37.11,NA,NA,NA,NA,NA,NA,NA,NA,NA,NA,NA,0.00,NA,NA,NA
2022-02-02 02:00:00,120.93,259.94,5.66,6.91,12.57,NA,NA,1.36,57.71,NA,NA,NA,NA,NA,NA,NA,NA,NA,NA,NA,0.00,NA,NA,NA
2022-02-02 03:00:00,128.58,226.07,5.62,6.92,12.54,NA,NA,1.33,55.72,NA,NA,NA,NA,NA,NA,NA,NA,NA,NA,NA,0.00,NA,NA,NA
2022-02-02 04:00:00,117.72,260.06,5.71,6.83,12.55,NA,NA,1.30,52.15,NA,NA,NA,NA,NA,NA,NA,NA,NA,NA,NA,0.00,NA,NA,NA
2022-02-02 05:00:00,114.60,244.62,5.71,6.74,12.45,NA,NA,1.29,49.17,NA,NA,NA,NA,NA,NA,NA,NA,NA,NA,NA,0.00,NA,NA,NA
2022-02-02 06:00:00,124.43,226.12,5.66,6.96,12.62,NA,NA,1.28,46.48,NA,NA,NA,NA,NA,NA,NA,NA,NA,NA,NA,0.00,NA,NA,NA
2022-02-02 07:00:00,109.50,203.50,5.61,7.00,12.61,NA,NA,1.30,41.73,NA,NA,NA,NA,NA,NA,NA,NA,NA,NA,NA,0.00,NA,NA,NA
2022-02-02 08:00:00,105.11,237.88,5.67,7.22,12.88,NA,NA,1.33,45.19,NA,NA,NA,NA,NA,NA,NA,NA,NA,NA,NA,0.00,NA,NA,NA
2022-02-02 09:00:00,112.03,264.66,5.75,7.17,12.92,NA,NA,1.35,53.30,NA,NA,NA,NA,NA,NA,NA,NA,NA,NA,NA,0.00,NA,NA,NA
2022-02-02 10:00:00,141.09,269.14,5.85,7.68,13.53,NA,NA,1.40,54.77,NA,NA,NA,NA,NA,NA,NA,NA,NA,NA,NA,0.00,NA,NA,NA
2022-02-02 11:00:00,149.61,276.72,5.84,7.70,13.54,NA,NA,1.34,70.38,NA,NA,NA,NA,NA,NA,NA,NA,NA,NA,NA,0.00,NA,NA,NA
2022-02-02 12:00:00,121.65,302.26,5.69,7.66,13.34,NA,NA,1.25,91.85,NA,NA,NA,NA,NA,NA,NA,NA,NA,NA,NA,0.00,NA,NA,NA
2022-02-02 13:00:00,91.17,233.42,5.63,7.20,12.84,NA,NA,1.08,100.06,NA,NA,NA,NA,NA,NA,NA,NA,NA,NA,NA,0.00,NA,NA,NA
2022-02-02 14:00:00,72.39,166.56,5.59,6.93,12.52,NA,NA,1.03,105.76,NA,NA,NA,NA,NA,NA,NA,NA,NA,NA,NA,0.00,NA,NA,NA
2022-02-02 15:00:00,85.01,204.32,5.64,7.25,12.88,NA,NA,1.20,108.31,NA,NA,NA,NA,NA,NA,NA,NA,NA,NA,NA,0.00,NA,NA,NA
2022-02-02 16:00:00,184.37,382.28,5.69,7.44,13.13,NA,NA,1.36,101.05,NA,NA,NA,NA,NA,NA,NA,NA,NA,NA,NA,0.00,NA,NA,NA
2022-02-02 17:00:00,175.02,371.03,5.67,7.42,13.08,NA,NA,1.35,85.90,NA,NA,NA,NA,NA,NA,NA,NA,NA,NA,NA,0.00,NA,NA,NA
2022-02-02 18:00:00,159.96,357.22,5.67,7.51,13.18,NA,NA,1.35,67.43,NA,NA,NA,NA,NA,NA,NA,NA,NA,NA,NA,0.00,NA,NA,NA
2022-02-02 19:00:00,153.26,358.66,5.79,7.72,13.51,NA,NA,1.43,63.28,NA,NA,NA,NA,NA,NA,NA,NA,NA,NA,NA,0.00,NA,NA,NA
2022-02-02 20:00:00,160.59,315.59,5.77,7.53,13.30,NA,NA,1.37,60.32,NA,NA,NA,NA,NA,NA,NA,NA,NA,NA,NA,0.00,NA,NA,NA
2022-02-02 21:00:00,171.09,296.12,5.67,7.37,13.05,NA,NA,1.39,56.89,NA,NA,NA,NA,NA,NA,NA,NA,NA,NA,NA,0.00,NA,NA,NA
2022-02-02 22:00:00,184.01,344.39,5.65,7.35,13.00,NA,NA,1.38,51.82,NA,NA,NA,NA,NA,NA,NA,NA,NA,NA,NA,0.00,NA,NA,NA
2022-02-02 23:00:00,164.09,323.64,5.66,7.04,12.70,NA,NA,1.35,43.06,NA,NA,NA,NA,NA,NA,NA,NA,NA,NA,NA,0.00,NA,NA,NA
2022-02-03 00:00:00,133.03,273.54,5.65,6.79,12.44,NA,NA,1.28,38.14,NA,NA,NA,NA,NA,NA,NA,NA,NA,NA,NA,0.00,NA,NA,NA
2022-02-03 01:00:00,112.43,277.11,5.65,6.66,12.31,NA,NA,1.28,33.34,NA,NA,NA,NA,NA,NA,NA,NA,NA,NA,NA,0.00,NA,NA,NA
2022-02-03 02:00:00,119.89,257.05,11.07,9.06,20.07,NA,NA,1.33,34.12,NA,NA,NA,NA,NA,NA,NA,NA,NA,NA,NA,0.00,NA,NA,NA
2022-02-03 03:00:00,25.82,84.83,5.90,6.78,12.68,NA,NA,1.43,32.18,NA,NA,NA,NA,NA,NA,NA,NA,NA,NA,NA,0.00,NA,NA,NA
2022-02-03 04:00:00,70.20,202.83,5.61,6.47,12.07,NA,NA,1.42,34.31,NA,NA,NA,NA,NA,NA,NA,NA,NA,NA,NA,0.00,NA,NA,NA
2022-02-03 05:00:00,89.51,295.97,5.62,6.44,12.06,NA,NA,1.44,36.32,NA,NA,NA,NA,NA,NA,NA,NA,NA,NA,NA,0.00,NA,NA,NA
2022-02-03 06:00:00,NA,280.40,5.59,6.54,12.13,NA,NA,1.44,36.61,NA,NA,NA,NA,NA,NA,NA,NA,NA,NA,NA,0.00,NA,NA,NA
2022-02-03 07:00:00,NA,266.07,5.57,6.54,12.11,NA,NA,1.45,36.38,NA,NA,NA,NA,NA,NA,NA,NA,NA,NA,NA,0.00,NA,NA,NA
2022-02-03 08:00:00,NA,212.95,65.40,30.93,96.69,NA,NA,1.38,29.84,NA,NA,NA,NA,NA,NA,NA,NA,NA,NA,NA,0.00,NA,NA,NA
2022-02-03 09:00:00,NA,NA,5.90,6.62,12.52,NA,NA,1.41,42.30,NA,NA,NA,NA,NA,NA,NA,NA,NA,NA,NA,0.00,NA,NA,NA
2022-02-03 10:00:00,NA,18.07,5.69,6.44,12.13,NA,NA,1.39,50.31,NA,NA,NA,NA,NA,NA,NA,NA,NA,NA,NA,0.00,NA,NA,NA
2022-02-03 11:00:00,NA,83.10,5.59,6.34,11.94,NA,NA,1.45,46.60,NA,NA,NA,NA,NA,NA,NA,NA,NA,NA,NA,0.00,NA,NA,NA
2022-02-03 12:00:00,108.25,160.11,5.90,6.68,12.58,NA,NA,1.43,41.06,NA,NA,NA,NA,NA,NA,NA,NA,NA,NA,NA,0.00,NA,NA,NA
2022-02-03 13:00:00,138.92,199.94,6.20,7.15,13.35,NA,NA,1.45,28.84,NA,NA,NA,NA,NA,NA,NA,NA,NA,NA,NA,0.00,NA,NA,NA
2022-02-03 14:00:00,136.10,190.56,6.06,6.88,12.94,NA,NA,1.37,15.87,NA,NA,NA,NA,NA,NA,NA,NA,NA,NA,NA,0.00,NA,NA,NA
2022-02-03 15:00:00,137.88,202.45,6.07,6.99,13.06,NA,NA,1.43,86.65,NA,NA,NA,NA,NA,NA,NA,NA,NA,NA,NA,0.00,NA,NA,NA
2022-02-03 16:00:00,142.23,206.44,5.98,6.79,12.77,NA,NA,1.39,90.22,NA,NA,NA,NA,NA,NA,NA,NA,NA,NA,NA,0.00,NA,NA,NA
2022-02-03 17:00:00,108.86,168.46,6.08,6.79,12.87,NA,NA,1.37,17.19,NA,NA,NA,NA,NA,NA,NA,NA,NA,NA,NA,0.00,NA,NA,NA
2022-02-03 18:00:00,105.45,163.26,6.10,6.98,13.08,NA,NA,1.42,12.78,NA,NA,NA,NA,NA,NA,NA,NA,NA,NA,NA,0.00,NA,NA,NA
2022-02-03 19:00:00,108.85,197.28,6.13,7.08,13.21,NA,NA,1.51,10.59,NA,NA,NA,NA,NA,NA,NA,NA,NA,NA,NA,0.00,NA,NA,NA
2022-02-03 20:00:00,131.62,256.49,6.09,7.06,13.15,NA,NA,1.46,11.82,NA,NA,NA,NA,NA,NA,NA,NA,NA,NA,NA,0.00,NA,NA,NA
2022-02-03 21:00:00,95.37,181.10,36.03,18.78,54.95,NA,NA,1.28,19.54,NA,NA,NA,NA,NA,NA,NA,NA,NA,NA,NA,0.00,NA,NA,NA
2022-02-03 22:00:00,NA,NA,6.17,6.89,13.07,NA,NA,1.20,19.47,NA,NA,NA,NA,NA,NA,NA,NA,NA,NA,NA,0.00,NA,NA,NA
2022-02-03 23:00:00,NA,12.36,6.08,6.60,12.68,NA,NA,1.11,25.31,NA,NA,NA,NA,NA,NA,NA,NA,NA,NA,NA,0.00,NA,NA,NA
2022-02-04 00:00:00,NA,32.81,6.03,6.86,12.89,NA,NA,1.11,22.18,NA,NA,NA,NA,NA,NA,NA,NA,NA,NA,NA,0.00,NA,NA,NA
2022-02-04 01:00:00,6.30,56.67,5.99,6.76,12.75,NA,NA,1.07,20.76,NA,NA,NA,NA,NA,NA,NA,NA,NA,NA,NA,0.00,NA,NA,NA
2022-02-04 02:00:00,5.04,51.62,6.01,6.65,12.66,NA,NA,1.02,20.73,NA,NA,NA,NA,NA,NA,NA,NA,NA,NA,NA,0.00,NA,NA,NA
2022-02-04 03:00:00,8.49,53.36,6.04,6.60,12.64,NA,NA,0.99,21.60,NA,NA,NA,NA,NA,NA,NA,NA,NA,NA,NA,0.00,NA,NA,NA
2022-02-04 04:00:00,17.07,44.60,6.03,6.58,12.60,NA,NA,0.98,20.45,NA,NA,NA,NA,NA,NA,NA,NA,NA,NA,NA,0.00,NA,NA,NA
2022-02-04 05:00:00,2.44,28.29,6.07,6.71,12.77,NA,NA,0.97,15.54,NA,NA,NA,NA,NA,NA,NA,NA,NA,NA,NA,0.00,NA,NA,NA
2022-02-04 06:00:00,26.71,37.30,6.01,6.56,12.56,NA,NA,0.95,20.89,NA,NA,NA,NA,NA,NA,NA,NA,NA,NA,NA,0.00,NA,NA,NA
2022-02-04 07:00:00,32.13,82.54,6.40,6.85,13.25,NA,NA,0.97,22.96,NA,NA,NA,NA,NA,NA,NA,NA,NA,NA,NA,0.00,NA,NA,NA
2022-02-04 08:00:00,36.12,67.88,6.10,6.63,12.73,NA,NA,1.00,18.61,NA,NA,NA,NA,NA,NA,NA,NA,NA,NA,NA,0.00,NA,NA,NA
2022-02-04 09:00:00,34.71,63.32,6.05,6.70,12.75,NA,NA,1.02,16.67,NA,NA,NA,NA,NA,NA,NA,NA,NA,NA,NA,0.00,NA,NA,NA
2022-02-04 10:00:00,38.53,66.61,6.07,6.82,12.89,NA,NA,1.06,17.02,NA,NA,NA,NA,NA,NA,NA,NA,NA,NA,NA,0.00,NA,NA,NA
2022-02-04 11:00:00,37.71,80.94,6.01,6.94,12.95,NA,NA,1.05,19.33,NA,NA,NA,NA,NA,NA,NA,NA,NA,NA,NA,0.00,NA,NA,NA
2022-02-04 12:00:00,35.16,68.96,95.09,42.99,138.73,NA,NA,1.18,27.64,NA,NA,NA,NA,NA,NA,NA,NA,NA,NA,NA,0.00,NA,NA,NA
2022-02-04 13:00:00,NA,NA,6.95,7.04,13.99,NA,NA,1.10,41.14,NA,NA,NA,NA,NA,NA,NA,NA,NA,NA,NA,0.00,NA,NA,NA
2022-02-04 14:00:00,NA,NA,5.93,6.69,12.63,NA,NA,1.05,48.53,NA,NA,NA,NA,NA,NA,NA,NA,NA,NA,NA,0.00,NA,NA,NA
2022-02-04 15:00:00,NA,NA,5.90,6.62,12.52,NA,NA,1.03,50.69,NA,NA,NA,NA,NA,NA,NA,NA,NA,NA,NA,0.00,NA,NA,NA
2022-02-04 16:00:00,NA,NA,5.90,6.58,12.48,NA,NA,1.00,48.55,NA,NA,NA,NA,NA,NA,NA,NA,NA,NA,NA,0.00,NA,NA,NA
2022-02-04 17:00:00,NA,13.43,5.89,6.64,12.53,NA,NA,1.01,47.55,NA,NA,NA,NA,NA,NA,NA,NA,NA,NA,NA,0.00,NA,NA,NA
2022-02-04 18:00:00,0.84,13.07,5.84,6.89,12.73,NA,NA,1.05,32.43,NA,NA,NA,NA,NA,NA,NA,NA,NA,NA,NA,0.00,NA,NA,NA
2022-02-04 19:00:00,21.23,63.08,5.92,7.42,13.34,NA,NA,1.33,12.75,NA,NA,NA,NA,NA,NA,NA,NA,NA,NA,NA,0.00,NA,NA,NA
2022-02-04 20:00:00,56.65,134.48,6.02,8.17,14.20,NA,NA,1.47,1.40,NA,NA,NA,NA,NA,NA,NA,NA,NA,NA,NA,0.00,NA,NA,NA
2022-02-04 21:00:00,71.67,132.29,6.14,7.92,14.06,NA,NA,1.55,NA,NA,NA,NA,NA,NA,NA,NA,NA,NA,NA,NA,0.00,NA,NA,NA
2022-02-04 22:00:00,79.21,164.62,6.48,7.62,14.09,NA,NA,1.78,NA,NA,NA,NA,NA,NA,NA,NA,NA,NA,NA,NA,0.00,NA,NA,NA
2022-02-04 23:00:00,94.95,182.80,7.08,7.91,14.99,NA,NA,1.99,NA,NA,NA,NA,NA,NA,NA,NA,NA,NA,NA,NA,0.00,NA,NA,NA
2022-02-05 00:00:00,125.88,241.21,8.34,8.38,16.72,NA,NA,2.38,NA,NA,NA,NA,NA,NA,NA,NA,NA,NA,NA,NA,0.00,NA,NA,NA
2022-02-05 01:00:00,119.13,267.68,9.27,8.72,17.99,NA,NA,2.54,NA,NA,NA,NA,NA,NA,NA,NA,NA,NA,NA,NA,0.00,NA,NA,NA
2022-02-05 02:00:00,119.75,264.71,9.14,8.43,17.57,NA,NA,2.42,6.52,NA,NA,NA,NA,NA,NA,NA,NA,NA,NA,NA,0.00,NA,NA,NA
2022-02-05 03:00:00,112.98,255.07,9.19,8.73,17.92,NA,NA,2.49,1.11,NA,NA,NA,NA,NA,NA,NA,NA,NA,NA,NA,0.00,NA,NA,NA
2022-02-05 04:00:00,110.79,194.77,10.42,9.29,19.71,NA,NA,2.69,NA,NA,NA,NA,NA,NA,NA,NA,NA,NA,NA,NA,0.00,NA,NA,NA
2022-02-05 05:00:00,96.52,166.76,10.37,9.30,19.67,NA,NA,2.65,NA,NA,NA,NA,NA,NA,NA,NA,NA,NA,NA,NA,0.00,NA,NA,NA
2022-02-05 06:00:00,97.52,176.60,10.72,9.37,20.09,NA,NA,2.34,NA,NA,NA,NA,NA,NA,NA,NA,NA,NA,NA,NA,0.00,NA,NA,NA
2022-02-05 07:00:00,90.87,154.37,9.59,9.30,18.89,NA,NA,1.81,NA,NA,NA,NA,NA,NA,NA,NA,NA,NA,NA,NA,0.00,NA,NA,NA
2022-02-05 08:00:00,83.21,134.56,8.75,9.05,17.80,NA,NA,1.77,0.85,NA,NA,NA,NA,NA,NA,NA,NA,NA,NA,NA,0.00,NA,NA,NA
2022-02-05 09:00:00,79.45,157.83,7.91,8.97,16.88,NA,NA,1.60,NA,NA,NA,NA,NA,NA,NA,NA,NA,NA,NA,NA,0.00,NA,NA,NA
2022-02-05 10:00:00,65.50,156.59,7.21,8.72,15.93,NA,NA,1.47,5.33,NA,NA,NA,NA,NA,NA,NA,NA,NA,NA,NA,0.00,NA,NA,NA
2022-02-05 11:00:00,75.59,152.86,7.10,8.91,16.02,NA,NA,1.42,10.55,NA,NA,NA,NA,NA,NA,NA,NA,NA,NA,NA,0.00,NA,NA,NA
2022-02-05 12:00:00,78.94,139.71,7.31,9.01,16.32,NA,NA,1.33,28.75,NA,NA,NA,NA,NA,NA,NA,NA,NA,NA,NA,0.00,NA,NA,NA
2022-02-05 13:00:00,78.91,155.39,7.35,8.70,16.05,NA,NA,1.25,55.26,NA,NA,NA,NA,NA,NA,NA,NA,NA,NA,NA,0.00,NA,NA,NA
2022-02-05 14:00:00,95.34,211.62,7.56,8.75,16.31,NA,NA,1.23,78.74,NA,NA,NA,NA,NA,NA,NA,NA,NA,NA,NA,0.00,NA,NA,NA
2022-02-05 15:00:00,45.50,136.57,5.95,6.94,12.89,NA,NA,0.99,75.75,NA,NA,NA,NA,NA,NA,NA,NA,NA,NA,NA,0.00,NA,NA,NA
2022-02-05 16:00:00,25.92,78.32,5.73,6.90,12.63,NA,NA,0.98,75.25,NA,NA,NA,NA,NA,NA,NA,NA,NA,NA,NA,0.00,NA,NA,NA
2022-02-05 17:00:00,19.79,76.18,5.73,6.85,12.59,NA,NA,0.98,63.65,NA,NA,NA,NA,NA,NA,NA,NA,NA,NA,NA,0.00,NA,NA,NA
2022-02-05 18:00:00,38.19,95.31,5.75,7.06,12.80,NA,NA,1.04,33.80,NA,NA,NA,NA,NA,NA,NA,NA,NA,NA,NA,0.00,NA,NA,NA
2022-02-05 19:00:00,56.20,109.28,5.77,7.02,12.79,NA,NA,1.11,19.26,NA,NA,NA,NA,NA,NA,NA,NA,NA,NA,NA,0.00,NA,NA,NA
2022-02-05 20:00:00,65.15,123.27,5.76,7.03,12.79,NA,NA,1.22,12.57,NA,NA,NA,NA,NA,NA,NA,NA,NA,NA,NA,0.00,NA,NA,NA
2022-02-05 21:00:00,108.70,179.05,5.99,7.44,13.43,NA,NA,1.69,8.80,NA,NA,NA,NA,NA,NA,NA,NA,NA,NA,NA,0.00,NA,NA,NA
2022-02-05 22:00:00,139.62,252.90,6.50,7.71,14.21,NA,NA,1.91,7.53,NA,NA,NA,NA,NA,NA,NA,NA,NA,NA,NA,0.00,NA,NA,NA
2022-02-05 23:00:00,126.74,238.51,6.70,7.69,14.39,NA,NA,1.88,10.26,NA,NA,NA,NA,NA,NA,NA,NA,NA,NA,NA,0.00,NA,NA,NA
2022-02-06 00:00:00,110.53,211.74,6.88,7.78,14.66,NA,NA,1.94,5.81,NA,NA,NA,NA,NA,NA,NA,NA,NA,NA,NA,0.00,NA,NA,NA
2022-02-06 01:00:00,102.07,225.84,7.28,7.87,15.14,NA,NA,2.05,8.35,NA,NA,NA,NA,NA,NA,NA,NA,NA,NA,NA,0.00,NA,NA,NA
2022-02-06 02:00:00,106.88,221.11,7.51,7.72,15.23,NA,NA,2.11,8.55,NA,NA,NA,NA,NA,NA,NA,NA,NA,NA,NA,0.00,NA,NA,NA
2022-02-06 03:00:00,89.85,191.82,6.62,7.34,13.96,NA,NA,1.67,10.21,NA,NA,NA,NA,NA,NA,NA,NA,NA,NA,NA,0.00,NA,NA,NA
2022-02-06 04:00:00,64.62,158.14,5.97,7.12,13.10,NA,NA,1.16,10.63,NA,NA,NA,NA,NA,NA,NA,NA,NA,NA,NA,0.00,NA,NA,NA
2022-02-06 05:00:00,46.79,105.89,5.91,6.92,12.83,NA,NA,1.11,9.65,NA,NA,NA,NA,NA,NA,NA,NA,NA,NA,NA,0.00,NA,NA,NA
2022-02-06 06:00:00,47.52,95.00,6.07,7.23,13.29,NA,NA,1.07,11.91,NA,NA,NA,NA,NA,NA,NA,NA,NA,NA,NA,0.00,NA,NA,NA
2022-02-06 07:00:00,42.76,86.07,5.86,6.76,12.62,NA,NA,1.04,11.48,NA,NA,NA,NA,NA,NA,NA,NA,NA,NA,NA,0.00,NA,NA,NA
2022-02-06 08:00:00,42.72,78.08,5.97,6.66,12.62,NA,NA,1.26,11.98,NA,NA,NA,NA,NA,NA,NA,NA,NA,NA,NA,0.00,NA,NA,NA
2022-02-06 09:00:00,44.98,82.56,6.08,7.13,13.22,NA,NA,1.13,29.71,NA,NA,NA,NA,NA,NA,NA,NA,NA,NA,NA,0.00,NA,NA,NA
2022-02-06 10:00:00,41.02,76.71,40.75,21.17,62.06,NA,NA,0.97,44.32,NA,NA,NA,NA,NA,NA,NA,NA,NA,NA,NA,0.00,NA,NA,NA
2022-02-06 11:00:00,1.89,17.46,9.27,7.89,17.21,NA,NA,1.04,64.52,NA,NA,NA,NA,NA,NA,NA,NA,NA,NA,NA,0.00,NA,NA,NA
2022-02-06 12:00:00,NA,NA,5.83,6.58,12.41,NA,NA,1.04,71.24,NA,NA,NA,NA,NA,NA,NA,NA,NA,NA,NA,0.00,NA,NA,NA
2022-02-06 13:00:00,NA,41.80,5.74,6.60,12.34,NA,NA,1.08,85.94,NA,NA,NA,NA,NA,NA,NA,NA,NA,NA,NA,0.00,NA,NA,NA
2022-02-06 14:00:00,NA,51.80,5.70,6.67,12.37,NA,NA,1.05,87.03,NA,NA,NA,NA,NA,NA,NA,NA,NA,NA,NA,0.00,NA,NA,NA
2022-02-06 15:00:00,10.49,92.43,5.73,6.50,12.24,NA,NA,1.03,95.10,NA,NA,NA,NA,NA,NA,NA,NA,NA,NA,NA,0.00,NA,NA,NA
2022-02-06 16:00:00,25.78,118.97,6.01,6.69,12.70,NA,NA,1.06,96.68,NA,NA,NA,NA,NA,NA,NA,NA,NA,NA,NA,0.00,NA,NA,NA
2022-02-06 17:00:00,44.97,121.70,5.89,6.93,12.82,NA,NA,1.12,79.93,NA,NA,NA,NA,NA,NA,NA,NA,NA,NA,NA,0.00,NA,NA,NA
2022-02-06 18:00:00,54.70,127.82,5.76,7.13,12.89,NA,NA,1.16,51.33,NA,NA,NA,NA,NA,NA,NA,NA,NA,NA,NA,0.00,NA,NA,NA
2022-02-06 19:00:00,53.79,140.95,5.74,7.10,12.85,NA,NA,1.17,26.14,NA,NA,NA,NA,NA,NA,NA,NA,NA,NA,NA,0.00,NA,NA,NA
2022-02-06 20:00:00,74.18,159.38,5.83,6.75,12.58,NA,NA,1.38,25.05,NA,NA,NA,NA,NA,NA,NA,NA,NA,NA,NA,0.00,NA,NA,NA
2022-02-06 21:00:00,80.26,166.75,5.84,6.80,12.64,NA,NA,1.39,26.99,NA,NA,NA,NA,NA,NA,NA,NA,NA,NA,NA,0.00,NA,NA,NA
2022-02-06 22:00:00,112.44,222.28,5.86,6.98,12.83,NA,NA,1.47,13.55,NA,NA,NA,NA,NA,NA,NA,NA,NA,NA,NA,0.00,NA,NA,NA
2022-02-06 23:00:00,124.55,267.39,6.02,7.36,13.38,NA,NA,1.94,7.89,NA,NA,NA,NA,NA,NA,NA,NA,NA,NA,NA,0.00,NA,NA,NA
2022-02-07 00:00:00,120.75,318.22,5.92,7.20,13.12,NA,NA,1.62,21.72,NA,NA,NA,NA,NA,NA,NA,NA,NA,NA,NA,0.00,NA,NA,NA
2022-02-07 01:00:00,92.60,258.73,5.84,7.04,12.87,NA,NA,1.48,30.38,NA,NA,NA,NA,NA,NA,NA,NA,NA,NA,NA,0.00,NA,NA,NA
2022-02-07 02:00:00,110.61,224.93,5.87,6.93,12.80,NA,NA,1.48,28.08,NA,NA,NA,NA,NA,NA,NA,NA,NA,NA,NA,0.00,NA,NA,NA
2022-02-07 03:00:00,110.86,193.56,5.83,6.87,12.70,NA,NA,1.38,17.12,NA,NA,NA,NA,NA,NA,NA,NA,NA,NA,NA,0.00,NA,NA,NA
2022-02-07 04:00:00,112.75,199.29,5.81,6.79,12.61,NA,NA,1.32,29.25,NA,NA,NA,NA,NA,NA,NA,NA,NA,NA,NA,0.00,NA,NA,NA
2022-02-07 05:00:00,105.83,201.17,5.79,6.71,12.49,NA,NA,1.27,42.68,NA,NA,NA,NA,NA,NA,NA,NA,NA,NA,NA,0.00,NA,NA,NA
2022-02-07 06:00:00,109.05,177.31,5.80,6.67,12.47,NA,NA,1.21,44.73,NA,NA,NA,NA,NA,NA,NA,NA,NA,NA,NA,0.00,NA,NA,NA
2022-02-07 07:00:00,83.54,132.09,5.76,6.67,12.43,NA,NA,1.17,50.13,NA,NA,NA,NA,NA,NA,NA,NA,NA,NA,NA,0.00,NA,NA,NA
2022-02-07 08:00:00,68.84,117.54,5.80,6.64,12.44,NA,NA,1.18,42.01,NA,NA,NA,NA,NA,NA,NA,NA,NA,NA,NA,0.00,NA,NA,NA
2022-02-07 09:00:00,60.34,95.83,5.77,6.58,12.35,NA,NA,1.15,48.32,NA,NA,NA,NA,NA,NA,NA,NA,NA,NA,NA,0.00,NA,NA,NA
2022-02-07 10:00:00,55.73,103.82,5.81,6.47,12.27,NA,NA,1.13,61.56,NA,NA,NA,NA,NA,NA,NA,NA,NA,NA,NA,0.00,NA,NA,NA
2022-02-07 11:00:00,63.87,121.52,5.78,6.61,12.39,NA,NA,1.16,66.30,NA,NA,NA,NA,NA,NA,NA,NA,NA,NA,NA,0.00,NA,NA,NA
2022-02-07 12:00:00,64.98,105.00,5.76,6.57,12.33,NA,NA,1.09,76.91,NA,NA,NA,NA,NA,NA,NA,NA,NA,NA,NA,0.00,NA,NA,NA
2022-02-07 13:00:00,39.05,87.81,5.76,6.41,12.16,NA,NA,1.01,84.10,NA,NA,NA,NA,NA,NA,NA,NA,NA,NA,NA,0.00,NA,NA,NA
2022-02-07 14:00:00,41.41,95.56,5.79,6.57,12.36,NA,NA,1.04,94.70,NA,NA,NA,NA,NA,NA,NA,NA,NA,NA,NA,0.00,NA,NA,NA
2022-02-07 15:00:00,40.63,144.13,5.74,6.42,12.15,NA,NA,1.09,88.79,NA,NA,NA,NA,NA,NA,NA,NA,NA,NA,NA,0.00,NA,NA,NA
2022-02-07 16:00:00,55.15,166.69,5.66,6.58,12.24,NA,NA,1.14,81.15,NA,NA,NA,NA,NA,NA,NA,NA,NA,NA,NA,0.00,NA,NA,NA
2022-02-07 17:00:00,62.45,147.33,5.67,6.44,12.11,NA,NA,1.14,74.35,NA,NA,NA,NA,NA,NA,NA,NA,NA,NA,NA,0.00,NA,NA,NA
2022-02-07 18:00:00,56.98,143.90,5.70,6.67,12.37,NA,NA,1.15,48.43,NA,NA,NA,NA,NA,NA,NA,NA,NA,NA,NA,0.00,NA,NA,NA
2022-02-07 19:00:00,61.79,143.77,5.75,7.19,12.94,NA,NA,1.20,29.80,NA,NA,NA,NA,NA,NA,NA,NA,NA,NA,NA,0.00,NA,NA,NA
2022-02-07 20:00:00,69.74,163.23,5.79,7.17,12.96,NA,NA,1.33,20.24,NA,NA,NA,NA,NA,NA,NA,NA,NA,NA,NA,0.00,NA,NA,NA
2022-02-07 21:00:00,105.37,269.16,5.86,7.43,13.29,NA,NA,1.62,9.29,NA,NA,NA,NA,NA,NA,NA,NA,NA,NA,NA,0.00,NA,NA,NA
2022-02-07 22:00:00,141.00,353.50,6.08,7.84,13.92,NA,NA,1.91,7.69,NA,NA,NA,NA,NA,NA,NA,NA,NA,NA,NA,0.00,NA,NA,NA
2022-02-07 23:00:00,146.98,368.22,6.37,7.76,14.12,NA,NA,2.01,7.72,NA,NA,NA,NA,NA,NA,NA,NA,NA,NA,NA,0.00,NA,NA,NA
2022-02-08 00:00:00,122.17,377.87,6.20,7.62,13.82,NA,NA,1.93,8.61,NA,NA,NA,NA,NA,NA,NA,NA,NA,NA,NA,0.00,NA,NA,NA
2022-02-08 01:00:00,122.29,325.24,6.09,7.61,13.70,NA,NA,1.91,8.80,NA,NA,NA,NA,NA,NA,NA,NA,NA,NA,NA,0.00,NA,NA,NA
2022-02-08 02:00:00,134.84,277.89,5.86,7.13,12.99,NA,NA,1.68,13.11,NA,NA,NA,NA,NA,NA,NA,NA,NA,NA,NA,0.00,NA,NA,NA
2022-02-08 03:00:00,121.22,199.82,5.84,6.66,12.51,NA,NA,1.55,14.57,NA,NA,NA,NA,NA,NA,NA,NA,NA,NA,NA,0.00,NA,NA,NA
2022-02-08 04:00:00,112.37,218.40,5.75,6.63,12.39,NA,NA,1.37,14.48,NA,NA,NA,NA,NA,NA,NA,NA,NA,NA,NA,0.00,NA,NA,NA
2022-02-08 05:00:00,86.37,182.26,5.76,6.53,12.29,NA,NA,1.32,13.16,NA,NA,NA,NA,NA,NA,NA,NA,NA,NA,NA,0.00,NA,NA,NA
2022-02-08 06:00:00,94.69,170.68,5.86,6.86,12.72,NA,NA,1.44,8.86,NA,NA,NA,NA,NA,NA,NA,NA,NA,NA,NA,0.00,NA,NA,NA
2022-02-08 07:00:00,110.25,227.71,6.03,6.85,12.89,NA,NA,1.51,8.86,NA,NA,NA,NA,NA,NA,NA,NA,NA,NA,NA,0.00,NA,NA,NA
2022-02-08 08:00:00,111.01,220.61,6.13,6.91,13.04,NA,NA,1.59,10.84,NA,NA,NA,NA,NA,NA,NA,NA,NA,NA,NA,0.00,NA,NA,NA
2022-02-08 09:00:00,123.40,238.53,6.00,7.13,13.13,NA,NA,1.53,24.21,NA,NA,NA,NA,NA,NA,NA,NA,NA,NA,NA,0.00,NA,NA,NA
2022-02-08 10:00:00,122.78,225.61,5.92,7.02,12.94,NA,NA,1.44,49.59,NA,NA,NA,NA,NA,NA,NA,NA,NA,NA,NA,0.00,NA,NA,NA
2022-02-08 11:00:00,91.85,218.16,5.81,6.60,12.41,NA,NA,1.20,67.27,NA,NA,NA,NA,NA,NA,NA,NA,NA,NA,NA,0.00,NA,NA,NA
2022-02-08 12:00:00,57.46,159.13,5.76,6.53,12.29,NA,NA,1.09,79.68,NA,NA,NA,NA,NA,NA,NA,NA,NA,NA,NA,0.00,NA,NA,NA
2022-02-08 13:00:00,59.95,169.31,5.69,6.62,12.31,NA,NA,1.09,86.01,NA,NA,NA,NA,NA,NA,NA,NA,NA,NA,NA,0.00,NA,NA,NA
2022-02-08 14:00:00,61.25,167.49,5.75,6.42,12.16,NA,NA,1.10,91.78,NA,NA,NA,NA,NA,NA,NA,NA,NA,NA,NA,0.00,NA,NA,NA
2022-02-08 15:00:00,62.97,181.06,5.69,6.45,12.15,NA,NA,1.08,91.78,NA,NA,NA,NA,NA,NA,NA,NA,NA,NA,NA,0.00,NA,NA,NA
2022-02-08 16:00:00,64.15,203.98,5.68,6.55,12.23,NA,NA,1.10,88.55,NA,NA,NA,NA,NA,NA,NA,NA,NA,NA,NA,0.00,NA,NA,NA
2022-02-08 17:00:00,67.20,199.06,5.73,6.45,12.18,NA,NA,1.11,73.87,NA,NA,NA,NA,NA,NA,NA,NA,NA,NA,NA,0.00,NA,NA,NA
2022-02-08 18:00:00,65.84,165.30,5.68,6.67,12.35,NA,NA,1.10,59.90,NA,NA,NA,NA,NA,NA,NA,NA,NA,NA,NA,0.00,NA,NA,NA
2022-02-08 19:00:00,64.98,184.50,5.75,7.02,12.77,NA,NA,1.21,38.65,NA,NA,NA,NA,NA,NA,NA,NA,NA,NA,NA,0.00,NA,NA,NA
2022-02-08 20:00:00,95.26,239.98,5.83,7.64,13.47,NA,NA,1.59,18.01,NA,NA,NA,NA,NA,NA,NA,NA,NA,NA,NA,0.00,NA,NA,NA
2022-02-08 21:00:00,117.93,309.09,5.87,7.95,13.82,NA,NA,1.55,17.76,NA,NA,NA,NA,NA,NA,NA,NA,NA,NA,NA,0.00,NA,NA,NA
2022-02-08 22:00:00,119.11,328.60,5.85,7.39,13.24,NA,NA,1.54,17.34,NA,NA,NA,NA,NA,NA,NA,NA,NA,NA,NA,0.00,NA,NA,NA
2022-02-08 23:00:00,111.10,258.98,5.86,7.12,12.98,NA,NA,1.53,12.49,NA,NA,NA,NA,NA,NA,NA,NA,NA,NA,NA,0.00,NA,NA,NA
2022-02-09 00:00:00,110.87,287.08,5.87,6.96,12.83,NA,NA,1.51,10.62,NA,NA,NA,NA,NA,NA,NA,NA,NA,NA,NA,0.00,NA,NA,NA
2022-02-09 01:00:00,109.01,309.11,5.86,7.08,12.94,NA,NA,1.52,13.82,NA,NA,NA,NA,NA,NA,NA,NA,NA,NA,NA,0.00,NA,NA,NA
2022-02-09 02:00:00,108.55,256.58,5.86,6.97,12.83,NA,NA,1.50,10.33,NA,NA,NA,NA,NA,NA,NA,NA,NA,NA,NA,0.00,NA,NA,NA
2022-02-09 03:00:00,110.55,222.07,5.87,6.80,12.67,NA,NA,1.55,9.23,NA,NA,NA,NA,NA,NA,NA,NA,NA,NA,NA,0.00,NA,NA,NA
2022-02-09 04:00:00,130.07,257.06,5.86,6.94,12.79,NA,NA,1.56,11.72,NA,NA,NA,NA,NA,NA,NA,NA,NA,NA,NA,0.00,NA,NA,NA
2022-02-09 05:00:00,127.96,280.65,6.06,7.18,13.24,NA,NA,1.54,21.68,NA,NA,NA,NA,NA,NA,NA,NA,NA,NA,NA,0.00,NA,NA,NA
2022-02-09 06:00:00,78.17,113.57,5.82,6.58,12.40,NA,NA,1.06,39.64,NA,NA,NA,NA,NA,NA,NA,NA,NA,NA,NA,0.00,NA,NA,NA
2022-02-09 07:00:00,42.66,75.01,5.83,6.51,12.33,NA,NA,1.03,38.38,NA,NA,NA,NA,NA,NA,NA,NA,NA,NA,NA,0.00,NA,NA,NA
2022-02-09 08:00:00,37.47,81.02,5.78,6.45,12.23,NA,NA,1.06,31.77,NA,NA,NA,NA,NA,NA,NA,NA,NA,NA,NA,0.00,NA,NA,NA
2022-02-09 09:00:00,43.90,84.59,5.77,6.79,12.56,NA,NA,1.09,26.91,NA,NA,NA,NA,NA,NA,NA,NA,NA,NA,NA,0.00,NA,NA,NA
2022-02-09 10:00:00,37.09,76.04,5.85,6.81,12.66,NA,NA,1.07,33.90,NA,NA,NA,NA,NA,NA,NA,NA,NA,NA,NA,0.00,NA,NA,NA
2022-02-09 11:00:00,40.67,92.79,5.82,6.63,12.45,NA,NA,0.97,48.76,NA,NA,NA,NA,NA,NA,NA,NA,NA,NA,NA,0.00,NA,NA,NA
2022-02-09 12:00:00,40.73,106.87,5.73,6.37,12.10,NA,NA,0.97,61.36,NA,NA,NA,NA,NA,NA,NA,NA,NA,NA,NA,0.00,NA,NA,NA
2022-02-09 13:00:00,39.09,107.15,5.71,6.31,12.02,NA,NA,0.97,67.77,NA,NA,NA,NA,NA,NA,NA,NA,NA,NA,NA,0.00,NA,NA,NA
2022-02-09 14:00:00,38.50,132.70,5.71,6.34,12.05,NA,NA,0.95,70.37,NA,NA,NA,NA,NA,NA,NA,NA,NA,NA,NA,0.00,NA,NA,NA
2022-02-09 15:00:00,34.73,110.26,5.70,6.71,12.42,NA,NA,0.94,54.16,NA,NA,NA,NA,NA,NA,NA,NA,NA,NA,NA,0.00,NA,NA,NA
2022-02-09 16:00:00,32.45,80.98,5.70,6.54,12.23,NA,NA,0.96,59.22,NA,NA,NA,NA,NA,NA,NA,NA,NA,NA,NA,0.00,NA,NA,NA
2022-02-09 17:00:00,50.53,106.26,5.63,6.56,12.19,NA,NA,1.10,56.25,NA,NA,NA,NA,NA,NA,NA,NA,NA,NA,NA,0.00,NA,NA,NA
2022-02-09 18:00:00,50.11,94.10,5.63,6.51,12.14,NA,NA,1.16,44.01,NA,NA,NA,NA,NA,NA,NA,NA,NA,NA,NA,0.00,NA,NA,NA
2022-02-09 19:00:00,43.23,94.53,5.67,6.51,12.19,NA,NA,1.22,27.94,NA,NA,NA,NA,NA,NA,NA,NA,NA,NA,NA,0.00,NA,NA,NA
2022-02-09 20:00:00,42.38,84.94,13.62,9.94,23.59,NA,NA,1.32,23.89,NA,NA,NA,NA,NA,NA,NA,NA,NA,NA,NA,0.00,NA,NA,NA
2022-02-09 21:00:00,25.06,28.86,8.48,7.62,16.13,NA,NA,1.35,9.64,NA,NA,NA,NA,NA,NA,NA,NA,NA,NA,NA,0.00,NA,NA,NA
2022-02-09 22:00:00,NA,NA,5.72,6.52,12.24,NA,NA,1.37,8.24,NA,NA,NA,NA,NA,NA,NA,NA,NA,NA,NA,0.00,NA,NA,NA
2022-02-09 23:00:00,NA,17.58,5.99,6.70,12.68,NA,NA,1.38,7.72,NA,NA,NA,NA,NA,NA,NA,NA,NA,NA,NA,0.00,NA,NA,NA
2022-02-10 00:00:00,NA,53.00,6.17,6.77,12.94,NA,NA,1.38,7.72,NA,NA,NA,NA,NA,NA,NA,NA,NA,NA,NA,0.00,NA,NA,NA
2022-02-10 01:00:00,13.00,114.79,6.59,7.03,13.62,NA,NA,1.43,8.74,NA,NA,NA,NA,NA,NA,NA,NA,NA,NA,NA,0.00,NA,NA,NA
2022-02-10 02:00:00,24.40,100.41,6.57,7.15,13.72,NA,NA,1.32,5.71,NA,NA,NA,NA,NA,NA,NA,NA,NA,NA,NA,0.00,NA,NA,NA
2022-02-10 03:00:00,14.34,88.31,5.93,6.68,12.61,NA,NA,1.11,9.66,NA,NA,NA,NA,NA,NA,NA,NA,NA,NA,NA,0.00,NA,NA,NA
2022-02-10 04:00:00,25.17,77.60,5.73,6.60,12.33,NA,NA,1.13,10.52,NA,NA,NA,NA,NA,NA,NA,NA,NA,NA,NA,0.00,NA,NA,NA
2022-02-10 05:00:00,20.23,76.83,5.68,6.64,12.32,NA,NA,1.09,10.40,NA,NA,NA,NA,NA,NA,NA,NA,NA,NA,NA,0.00,NA,NA,NA
2022-02-10 06:00:00,33.12,83.17,5.97,6.95,12.91,NA,NA,1.16,8.88,NA,NA,NA,NA,NA,NA,NA,NA,NA,NA,NA,0.00,NA,NA,NA
2022-02-10 07:00:00,40.64,84.25,5.78,6.69,12.47,NA,NA,1.22,14.79,NA,NA,NA,NA,NA,NA,NA,NA,NA,NA,NA,0.00,NA,NA,NA
2022-02-10 08:00:00,44.67,94.64,5.87,6.86,12.73,NA,NA,1.30,15.92,NA,NA,NA,NA,NA,NA,NA,NA,NA,NA,NA,0.00,NA,NA,NA
2022-02-10 09:00:00,70.11,182.41,5.90,7.01,12.91,NA,NA,1.37,26.32,NA,NA,NA,NA,NA,NA,NA,NA,NA,NA,NA,0.00,NA,NA,NA
2022-02-10 10:00:00,72.29,221.20,5.82,6.97,12.79,NA,NA,1.25,40.47,NA,NA,NA,NA,NA,NA,NA,NA,NA,NA,NA,0.00,NA,NA,NA
2022-02-10 11:00:00,251.30,354.11,6.11,7.11,13.22,NA,NA,1.06,54.83,NA,NA,NA,NA,NA,NA,NA,NA,NA,NA,NA,0.00,NA,NA,NA
2022-02-10 12:00:00,156.06,301.65,5.71,6.69,12.40,NA,NA,1.13,65.60,NA,NA,NA,NA,NA,NA,NA,NA,NA,NA,NA,0.00,NA,NA,NA
2022-02-10 13:00:00,68.04,192.31,5.68,6.62,12.30,NA,NA,1.12,81.06,NA,NA,NA,NA,NA,NA,NA,NA,NA,NA,NA,0.00,NA,NA,NA
2022-02-10 14:00:00,56.17,163.35,5.63,6.32,11.95,NA,NA,1.05,86.50,NA,NA,NA,NA,NA,NA,NA,NA,NA,NA,NA,0.00,NA,NA,NA
2022-02-10 15:00:00,44.28,130.91,5.70,6.41,12.11,NA,NA,0.99,82.83,NA,NA,NA,NA,NA,NA,NA,NA,NA,NA,NA,0.00,NA,NA,NA
2022-02-10 16:00:00,38.69,116.32,5.61,6.33,11.94,NA,NA,1.00,88.97,NA,NA,NA,NA,NA,NA,NA,NA,NA,NA,NA,0.00,NA,NA,NA
2022-02-10 17:00:00,39.84,128.77,5.56,6.29,11.86,NA,NA,1.03,80.77,NA,NA,NA,NA,NA,NA,NA,NA,NA,NA,NA,0.00,NA,NA,NA
2022-02-10 18:00:00,44.09,137.32,5.50,6.56,12.06,NA,NA,1.08,64.61,NA,NA,NA,NA,NA,NA,NA,NA,NA,NA,NA,0.00,NA,NA,NA
2022-02-10 19:00:00,54.72,158.80,5.61,6.98,12.59,NA,NA,1.16,47.10,NA,NA,NA,NA,NA,NA,NA,NA,NA,NA,NA,0.00,NA,NA,NA
2022-02-10 20:00:00,57.74,170.95,5.62,7.24,12.86,NA,NA,1.26,35.31,NA,NA,NA,NA,NA,NA,NA,NA,NA,NA,NA,0.00,NA,NA,NA
2022-02-10 21:00:00,73.27,168.56,5.66,7.46,13.12,NA,NA,1.32,24.83,NA,NA,NA,NA,NA,NA,NA,NA,NA,NA,NA,0.00,NA,NA,NA
2022-02-10 22:00:00,74.50,153.28,5.71,7.41,13.11,NA,NA,1.32,28.15,NA,NA,NA,NA,NA,NA,NA,NA,NA,NA,NA,0.00,NA,NA,NA
2022-02-10 23:00:00,72.11,144.08,5.68,6.96,12.64,NA,NA,1.20,41.45,NA,NA,NA,NA,NA,NA,NA,NA,NA,NA,NA,0.00,NA,NA,NA
2022-02-11 00:00:00,64.50,163.87,5.60,6.95,12.55,NA,NA,1.15,44.11,NA,NA,NA,NA,NA,NA,NA,NA,NA,NA,NA,0.00,NA,NA,NA
2022-02-11 01:00:00,67.66,166.18,5.66,6.69,12.35,NA,NA,1.12,44.38,NA,NA,NA,NA,NA,NA,NA,NA,NA,NA,NA,0.00,NA,NA,NA
2022-02-11 02:00:00,49.15,155.88,5.60,7.21,12.81,NA,NA,1.11,28.40,NA,NA,NA,NA,NA,NA,NA,NA,NA,NA,NA,0.00,NA,NA,NA
2022-02-11 03:00:00,54.48,146.54,5.60,7.39,12.99,NA,NA,1.11,18.17,NA,NA,NA,NA,NA,NA,NA,NA,NA,NA,NA,0.00,NA,NA,NA
2022-02-11 04:00:00,59.14,150.71,5.64,7.08,12.71,NA,NA,1.10,26.47,NA,NA,NA,NA,NA,NA,NA,NA,NA,NA,NA,0.00,NA,NA,NA
2022-02-11 05:00:00,53.56,148.27,5.66,7.09,12.75,NA,NA,1.13,21.64,NA,NA,NA,NA,NA,NA,NA,NA,NA,NA,NA,0.00,NA,NA,NA
2022-02-11 06:00:00,71.54,194.36,5.65,7.16,12.82,NA,NA,1.13,22.15,NA,NA,NA,NA,NA,NA,NA,NA,NA,NA,NA,0.00,NA,NA,NA
2022-02-11 07:00:00,77.31,209.04,5.71,6.86,12.58,NA,NA,1.20,27.15,NA,NA,NA,NA,NA,NA,NA,NA,NA,NA,NA,0.00,NA,NA,NA
2022-02-11 08:00:00,87.29,214.08,5.74,6.96,12.70,NA,NA,1.25,32.61,NA,NA,NA,NA,NA,NA,NA,NA,NA,NA,NA,0.00,NA,NA,NA
2022-02-11 09:00:00,87.79,219.07,5.68,6.81,12.49,NA,NA,1.18,53.01,NA,NA,NA,NA,NA,NA,NA,NA,NA,NA,NA,0.00,NA,NA,NA
2022-02-11 10:00:00,70.60,180.90,5.62,6.66,12.28,NA,NA,1.16,65.06,NA,NA,NA,NA,NA,NA,NA,NA,NA,NA,NA,0.00,NA,NA,NA
2022-02-11 11:00:00,66.90,168.11,5.58,6.65,12.24,NA,NA,1.11,76.85,NA,NA,NA,NA,NA,NA,NA,NA,NA,NA,NA,0.00,NA,NA,NA
2022-02-11 12:00:00,59.58,180.64,5.61,6.47,12.09,NA,NA,1.06,87.86,NA,NA,NA,NA,NA,NA,NA,NA,NA,NA,NA,0.00,NA,NA,NA
2022-02-11 13:00:00,48.31,163.33,5.57,6.42,11.99,NA,NA,1.00,92.56,NA,NA,NA,NA,NA,NA,NA,NA,NA,NA,NA,0.00,NA,NA,NA
2022-02-11 14:00:00,37.56,139.71,5.54,6.37,11.90,NA,NA,0.98,93.42,NA,NA,NA,NA,NA,NA,NA,NA,NA,NA,NA,0.00,NA,NA,NA
2022-02-11 15:00:00,38.45,137.83,5.59,6.28,11.87,NA,NA,0.97,92.88,NA,NA,NA,NA,NA,NA,NA,NA,NA,NA,NA,0.00,NA,NA,NA
2022-02-11 16:00:00,36.72,117.59,5.56,6.20,11.76,NA,NA,0.97,92.52,NA,NA,NA,NA,NA,NA,NA,NA,NA,NA,NA,0.00,NA,NA,NA
2022-02-11 17:00:00,42.60,124.83,5.53,6.33,11.86,NA,NA,0.99,85.64,NA,NA,NA,NA,NA,NA,NA,NA,NA,NA,NA,0.00,NA,NA,NA
2022-02-11 18:00:00,47.64,123.46,5.52,6.38,11.90,NA,NA,1.03,78.04,NA,NA,NA,NA,NA,NA,NA,NA,NA,NA,NA,0.00,NA,NA,NA
2022-02-11 19:00:00,47.16,142.09,5.56,6.53,12.10,NA,NA,1.11,62.85,NA,NA,NA,NA,NA,NA,NA,NA,NA,NA,NA,0.00,NA,NA,NA
2022-02-11 20:00:00,60.78,169.47,5.60,6.79,12.39,NA,NA,1.19,45.04,NA,NA,NA,NA,NA,NA,NA,NA,NA,NA,NA,0.00,NA,NA,NA
2022-02-11 21:00:00,56.16,173.89,5.60,6.62,12.23,NA,NA,1.16,51.79,NA,NA,NA,NA,NA,NA,NA,NA,NA,NA,NA,0.00,NA,NA,NA
2022-02-11 22:00:00,62.24,177.31,5.62,6.81,12.42,NA,NA,1.27,41.14,NA,NA,NA,NA,NA,NA,NA,NA,NA,NA,NA,0.00,NA,NA,NA
2022-02-11 23:00:00,72.31,181.99,5.64,6.61,12.25,NA,NA,1.15,42.66,NA,NA,NA,NA,NA,NA,NA,NA,NA,NA,NA,0.00,NA,NA,NA
2022-02-12 00:00:00,68.86,182.72,5.56,6.83,12.40,NA,NA,1.16,35.25,NA,NA,NA,NA,NA,NA,NA,NA,NA,NA,NA,0.00,NA,NA,NA
2022-02-12 01:00:00,62.65,159.25,5.72,7.07,12.79,NA,NA,1.15,22.39,NA,NA,NA,NA,NA,NA,NA,NA,NA,NA,NA,0.00,NA,NA,NA
2022-02-12 02:00:00,62.41,152.24,5.63,7.26,12.89,NA,NA,1.15,16.14,NA,NA,NA,NA,NA,NA,NA,NA,NA,NA,NA,0.00,NA,NA,NA
2022-02-12 03:00:00,48.29,131.79,5.63,7.01,12.64,NA,NA,1.08,22.57,NA,NA,NA,NA,NA,NA,NA,NA,NA,NA,NA,0.00,NA,NA,NA
2022-02-12 04:00:00,56.74,134.83,5.64,6.93,12.58,NA,NA,1.09,21.66,NA,NA,NA,NA,NA,NA,NA,NA,NA,NA,NA,0.00,NA,NA,NA
2022-02-12 05:00:00,64.98,139.17,5.66,6.85,12.50,NA,NA,1.08,27.33,NA,NA,NA,NA,NA,NA,NA,NA,NA,NA,NA,0.00,NA,NA,NA
2022-02-12 06:00:00,66.56,164.19,5.61,6.64,12.26,NA,NA,1.07,27.14,NA,NA,NA,NA,NA,NA,NA,NA,NA,NA,NA,0.00,NA,NA,NA
2022-02-12 07:00:00,67.35,163.65,5.65,6.67,12.32,NA,NA,1.13,27.74,NA,NA,NA,NA,NA,NA,NA,NA,NA,NA,NA,0.00,NA,NA,NA
2022-02-12 08:00:00,76.70,179.32,5.73,6.82,12.55,NA,NA,1.21,32.12,NA,NA,NA,NA,NA,NA,NA,NA,NA,NA,NA,0.00,NA,NA,NA
2022-02-12 09:00:00,81.41,210.30,5.71,6.68,12.39,NA,NA,1.16,57.52,NA,NA,NA,NA,NA,NA,NA,NA,NA,NA,NA,0.00,NA,NA,NA
2022-02-12 10:00:00,65.88,178.96,5.60,6.60,12.20,NA,NA,1.11,73.43,NA,NA,NA,NA,NA,NA,NA,NA,NA,NA,NA,0.00,NA,NA,NA
2022-02-12 11:00:00,51.96,183.09,5.69,6.56,12.25,NA,NA,1.08,83.99,NA,NA,NA,NA,NA,NA,NA,NA,NA,NA,NA,0.00,NA,NA,NA
2022-02-12 12:00:00,53.51,165.76,5.67,6.46,12.13,NA,NA,1.04,91.36,NA,NA,NA,NA,NA,NA,NA,NA,NA,NA,NA,0.00,NA,NA,NA
2022-02-12 13:00:00,38.71,157.71,5.66,6.38,12.03,NA,NA,0.99,92.23,NA,NA,NA,NA,NA,NA,NA,NA,NA,NA,NA,0.00,NA,NA,NA
2022-02-12 14:00:00,37.18,137.22,5.60,6.31,11.90,NA,NA,0.95,93.99,NA,NA,NA,NA,NA,NA,NA,NA,NA,NA,NA,0.00,NA,NA,NA
2022-02-12 15:00:00,31.31,115.48,5.52,6.29,11.81,NA,NA,0.96,94.17,NA,NA,NA,NA,NA,NA,NA,NA,NA,NA,NA,0.00,NA,NA,NA
2022-02-12 16:00:00,35.73,108.54,5.57,6.18,11.75,NA,NA,0.94,93.34,NA,NA,NA,NA,NA,NA,NA,NA,NA,NA,NA,0.00,NA,NA,NA
2022-02-12 17:00:00,35.80,101.99,5.60,6.17,11.77,NA,NA,0.95,86.77,NA,NA,NA,NA,NA,NA,NA,NA,NA,NA,NA,0.00,NA,NA,NA
2022-02-12 18:00:00,38.46,119.25,5.57,6.40,11.97,NA,NA,1.04,66.83,NA,NA,NA,NA,NA,NA,NA,NA,NA,NA,NA,0.00,NA,NA,NA
2022-02-12 19:00:00,55.44,147.22,5.57,6.67,12.25,NA,NA,1.15,39.01,NA,NA,NA,NA,NA,NA,NA,NA,NA,NA,NA,0.00,NA,NA,NA
2022-02-12 20:00:00,48.80,132.00,5.61,7.03,12.64,NA,NA,1.16,16.77,NA,NA,NA,NA,NA,NA,NA,NA,NA,NA,NA,0.00,NA,NA,NA
2022-02-12 21:00:00,53.51,151.06,5.66,7.03,12.69,NA,NA,1.26,11.55,NA,NA,NA,NA,NA,NA,NA,NA,NA,NA,NA,0.00,NA,NA,NA
2022-02-12 22:00:00,81.09,187.91,5.72,6.79,12.50,NA,NA,1.40,8.07,NA,NA,NA,NA,NA,NA,NA,NA,NA,NA,NA,0.00,NA,NA,NA
2022-02-12 23:00:00,92.21,221.09,5.76,6.83,12.59,NA,NA,1.54,8.27,NA,NA,NA,NA,NA,NA,NA,NA,NA,NA,NA,0.00,NA,NA,NA
2022-02-13 00:00:00,90.26,222.77,5.70,6.62,12.33,NA,NA,1.46,7.96,NA,NA,NA,NA,NA,NA,NA,NA,NA,NA,NA,0.00,NA,NA,NA
2022-02-13 01:00:00,85.11,200.97,5.69,6.41,12.10,NA,NA,1.39,8.12,NA,NA,NA,NA,NA,NA,NA,NA,NA,NA,NA,0.00,NA,NA,NA
2022-02-13 02:00:00,88.28,186.47,5.73,6.54,12.27,NA,NA,1.41,8.06,NA,NA,NA,NA,NA,NA,NA,NA,NA,NA,NA,0.00,NA,NA,NA
2022-02-13 03:00:00,86.95,190.53,5.74,6.44,12.18,NA,NA,1.38,7.73,NA,NA,NA,NA,NA,NA,NA,NA,NA,NA,NA,0.00,NA,NA,NA
2022-02-13 04:00:00,81.01,174.82,5.76,6.42,12.19,NA,NA,1.34,9.13,NA,NA,NA,NA,NA,NA,NA,NA,NA,NA,NA,0.00,NA,NA,NA
2022-02-13 05:00:00,84.63,186.54,5.73,6.30,12.03,NA,NA,1.28,8.06,NA,NA,NA,NA,NA,NA,NA,NA,NA,NA,NA,0.00,NA,NA,NA
2022-02-13 06:00:00,82.90,173.88,5.73,6.50,12.23,NA,NA,1.25,8.06,NA,NA,NA,NA,NA,NA,NA,NA,NA,NA,NA,0.00,NA,NA,NA
2022-02-13 07:00:00,88.16,173.35,6.17,6.84,13.01,NA,NA,1.34,8.13,NA,NA,NA,NA,NA,NA,NA,NA,NA,NA,NA,0.00,NA,NA,NA
2022-02-13 08:00:00,82.92,209.46,6.01,6.70,12.72,NA,NA,1.31,16.26,NA,NA,NA,NA,NA,NA,NA,NA,NA,NA,NA,0.00,NA,NA,NA
2022-02-13 09:00:00,94.98,255.52,5.87,6.92,12.79,NA,NA,1.33,34.36,NA,NA,NA,NA,NA,NA,NA,NA,NA,NA,NA,0.00,NA,NA,NA
2022-02-13 10:00:00,66.77,161.31,5.63,6.58,12.21,NA,NA,1.06,70.50,NA,NA,NA,NA,NA,NA,NA,NA,NA,NA,NA,0.00,NA,NA,NA
2022-02-13 11:00:00,57.97,145.43,5.61,6.37,11.98,NA,NA,1.02,76.07,NA,NA,NA,NA,NA,NA,NA,NA,NA,NA,NA,0.00,NA,NA,NA
2022-02-13 12:00:00,45.87,111.44,5.60,6.35,11.95,NA,NA,0.98,78.90,NA,NA,NA,NA,NA,NA,NA,NA,NA,NA,NA,0.00,NA,NA,NA
2022-02-13 13:00:00,46.38,113.89,5.56,6.37,11.92,NA,NA,1.00,85.32,NA,NA,NA,NA,NA,NA,NA,NA,NA,NA,NA,0.00,NA,NA,NA
2022-02-13 14:00:00,41.71,178.60,5.64,6.18,11.82,NA,NA,0.98,93.90,NA,NA,NA,NA,NA,NA,NA,NA,NA,NA,NA,0.00,NA,NA,NA
2022-02-13 15:00:00,45.78,425.60,5.58,6.37,11.95,NA,NA,1.00,99.51,NA,NA,NA,NA,NA,NA,NA,NA,NA,NA,NA,0.00,NA,NA,NA
2022-02-13 16:00:00,43.22,153.80,5.58,6.37,11.94,NA,NA,1.00,92.47,NA,NA,NA,NA,NA,NA,NA,NA,NA,NA,NA,0.00,NA,NA,NA
2022-02-13 17:00:00,47.45,148.51,5.60,6.29,11.89,NA,NA,1.01,83.23,NA,NA,NA,NA,NA,NA,NA,NA,NA,NA,NA,0.00,NA,NA,NA
2022-02-13 18:00:00,53.99,150.25,5.54,6.37,11.91,NA,NA,1.04,66.51,NA,NA,NA,NA,NA,NA,NA,NA,NA,NA,NA,0.00,NA,NA,NA
2022-02-13 19:00:00,56.43,151.74,5.62,6.46,12.08,NA,NA,1.18,34.92,NA,NA,NA,NA,NA,NA,NA,NA,NA,NA,NA,0.00,NA,NA,NA
2022-02-13 20:00:00,93.19,250.38,5.67,6.75,12.41,NA,NA,1.46,15.56,NA,NA,NA,NA,NA,NA,NA,NA,NA,NA,NA,0.00,NA,NA,NA
2022-02-13 21:00:00,129.88,255.74,5.74,6.62,12.36,NA,NA,1.73,8.77,NA,NA,NA,NA,NA,NA,NA,NA,NA,NA,NA,0.00,NA,NA,NA
2022-02-13 22:00:00,110.39,203.97,5.69,6.46,12.15,NA,NA,1.69,9.34,NA,NA,NA,NA,NA,NA,NA,NA,NA,NA,NA,0.00,NA,NA,NA
2022-02-13 23:00:00,86.62,156.93,5.62,6.52,12.14,NA,NA,1.33,13.03,NA,NA,NA,NA,NA,NA,NA,NA,NA,NA,NA,0.00,NA,NA,NA
2022-02-14 00:00:00,91.33,168.79,5.61,6.31,11.93,NA,NA,1.31,15.78,NA,NA,NA,NA,NA,NA,NA,NA,NA,NA,NA,0.00,NA,NA,NA
2022-02-14 01:00:00,97.98,235.34,5.73,6.19,11.92,NA,NA,1.33,11.29,NA,NA,NA,NA,NA,NA,NA,NA,NA,NA,NA,0.00,NA,NA,NA
2022-02-14 02:00:00,95.70,218.83,5.63,6.24,11.87,NA,NA,1.23,16.70,NA,NA,NA,NA,NA,NA,NA,NA,NA,NA,NA,0.00,NA,NA,NA
2022-02-14 03:00:00,84.85,184.69,5.62,6.20,11.81,NA,NA,1.18,16.78,NA,NA,NA,NA,NA,NA,NA,NA,NA,NA,NA,0.00,NA,NA,NA
2022-02-14 04:00:00,77.44,205.33,5.67,6.30,11.97,NA,NA,1.18,18.02,NA,NA,NA,NA,NA,NA,NA,NA,NA,NA,NA,0.00,NA,NA,NA
2022-02-14 05:00:00,73.18,182.02,5.68,6.20,11.88,NA,NA,1.17,19.79,NA,NA,NA,NA,NA,NA,NA,NA,NA,NA,NA,0.00,NA,NA,NA
2022-02-14 06:00:00,75.73,150.56,5.75,6.33,12.08,NA,NA,1.16,20.05,NA,NA,NA,NA,NA,NA,NA,NA,NA,NA,NA,0.00,NA,NA,NA
2022-02-14 07:00:00,81.84,159.14,5.97,6.81,12.78,NA,NA,1.21,10.16,NA,NA,NA,NA,NA,NA,NA,NA,NA,NA,NA,0.00,NA,NA,NA
2022-02-14 08:00:00,54.85,144.45,5.68,6.54,12.21,NA,NA,1.09,48.31,NA,NA,NA,NA,NA,NA,NA,NA,NA,NA,NA,0.00,NA,NA,NA
2022-02-14 09:00:00,34.94,114.12,5.64,6.45,12.09,NA,NA,1.04,61.70,NA,NA,NA,NA,NA,NA,NA,NA,NA,NA,NA,0.00,NA,NA,NA
2022-02-14 10:00:00,51.99,126.76,5.54,6.37,11.90,NA,NA,0.99,74.63,NA,NA,NA,NA,NA,NA,NA,NA,NA,NA,NA,0.00,NA,NA,NA
2022-02-14 11:00:00,46.53,118.51,5.54,6.33,11.87,NA,NA,0.98,81.36,NA,NA,NA,NA,NA,NA,NA,NA,NA,NA,NA,0.00,NA,NA,NA
2022-02-14 12:00:00,46.43,109.23,6.70,6.69,13.38,NA,NA,0.97,84.04,NA,NA,NA,NA,NA,NA,NA,NA,NA,NA,NA,0.00,NA,NA,NA
2022-02-14 13:00:00,10.51,27.94,5.68,6.38,12.06,NA,NA,1.01,86.02,NA,NA,NA,NA,NA,NA,NA,NA,NA,NA,NA,0.00,NA,NA,NA
2022-02-14 14:00:00,7.98,76.36,5.58,6.17,11.75,NA,NA,1.03,88.20,NA,NA,NA,NA,NA,NA,NA,NA,NA,NA,NA,0.00,NA,NA,NA
2022-02-14 15:00:00,23.68,112.70,5.52,6.20,11.72,NA,NA,1.03,94.53,NA,NA,NA,NA,NA,NA,NA,NA,NA,NA,NA,0.00,NA,NA,NA
2022-02-14 16:00:00,29.26,109.06,5.55,6.15,11.70,NA,NA,1.00,95.55,NA,NA,NA,NA,NA,NA,NA,NA,NA,NA,NA,0.00,NA,NA,NA
2022-02-14 17:00:00,21.95,95.60,5.85,6.40,12.25,NA,NA,0.95,87.33,NA,NA,NA,NA,NA,NA,NA,NA,NA,NA,NA,0.00,NA,NA,NA
2022-02-14 18:00:00,30.85,105.13,5.52,6.26,11.79,NA,NA,1.09,65.01,NA,NA,NA,NA,NA,NA,NA,NA,NA,NA,NA,0.00,NA,NA,NA
2022-02-14 19:00:00,46.46,159.79,5.58,6.55,12.13,NA,NA,1.19,44.13,NA,NA,NA,NA,NA,NA,NA,NA,NA,NA,NA,0.00,NA,NA,NA
2022-02-14 20:00:00,56.54,168.33,5.60,6.67,12.28,NA,NA,1.35,27.28,NA,NA,NA,NA,NA,NA,NA,NA,NA,NA,NA,0.00,NA,NA,NA
2022-02-14 21:00:00,78.21,181.27,5.68,6.62,12.30,NA,NA,1.50,13.28,NA,NA,NA,NA,NA,NA,NA,NA,NA,NA,NA,0.00,NA,NA,NA
2022-02-14 22:00:00,107.42,237.54,5.72,6.77,12.49,NA,NA,1.87,10.97,NA,NA,NA,NA,NA,NA,NA,NA,NA,NA,NA,0.00,NA,NA,NA
2022-02-14 23:00:00,137.90,360.30,5.70,6.87,12.57,NA,NA,1.76,15.62,NA,NA,NA,NA,NA,NA,NA,NA,NA,NA,NA,0.00,NA,NA,NA
2022-02-15 00:00:00,128.23,319.44,5.69,6.76,12.45,NA,NA,1.79,13.08,NA,NA,NA,NA,NA,NA,NA,NA,NA,NA,NA,0.00,NA,NA,NA
2022-02-15 01:00:00,104.28,267.33,5.69,6.75,12.44,NA,NA,1.39,13.15,NA,NA,NA,NA,NA,NA,NA,NA,NA,NA,NA,0.00,NA,NA,NA
2022-02-15 02:00:00,77.96,194.60,5.68,6.50,12.18,NA,NA,1.26,14.47,NA,NA,NA,NA,NA,NA,NA,NA,NA,NA,NA,0.00,NA,NA,NA
2022-02-15 03:00:00,65.24,152.64,5.74,6.41,12.16,NA,NA,1.22,14.33,NA,NA,NA,NA,NA,NA,NA,NA,NA,NA,NA,0.00,NA,NA,NA
2022-02-15 04:00:00,63.74,171.15,5.74,6.26,12.00,NA,NA,1.23,22.42,NA,NA,NA,NA,NA,NA,NA,NA,NA,NA,NA,0.00,NA,NA,NA
2022-02-15 05:00:00,74.91,169.73,39.97,20.20,60.01,NA,NA,1.18,21.71,NA,NA,NA,NA,NA,NA,NA,NA,NA,NA,NA,0.00,NA,NA,NA
2022-02-15 06:00:00,7.52,43.31,8.62,7.72,16.30,NA,NA,1.19,12.62,NA,NA,NA,NA,NA,NA,NA,NA,NA,NA,NA,0.00,NA,NA,NA
2022-02-15 07:00:00,NA,NA,5.80,6.53,12.33,NA,NA,1.18,14.90,NA,NA,NA,NA,NA,NA,NA,NA,NA,NA,NA,0.00,NA,NA,NA
2022-02-15 08:00:00,NA,30.67,5.68,6.56,12.24,NA,NA,1.19,31.68,NA,NA,NA,NA,NA,NA,NA,NA,NA,NA,NA,0.00,NA,NA,NA
2022-02-15 09:00:00,9.42,67.77,5.65,6.47,12.12,NA,NA,1.16,54.23,NA,NA,NA,NA,NA,NA,NA,NA,NA,NA,NA,0.00,NA,NA,NA
2022-02-15 10:00:00,6.14,67.65,5.61,6.23,11.84,NA,NA,1.02,84.97,NA,NA,NA,NA,NA,NA,NA,NA,NA,NA,NA,0.00,NA,NA,NA
2022-02-15 11:00:00,12.70,90.43,5.68,6.25,11.93,NA,NA,1.03,90.62,NA,NA,NA,NA,NA,NA,NA,NA,NA,NA,NA,0.00,NA,NA,NA
2022-02-15 12:00:00,22.23,115.92,5.13,5.55,10.66,NA,NA,1.03,70.41,NA,NA,NA,NA,NA,NA,NA,NA,NA,NA,NA,0.00,NA,NA,NA
2022-02-15 13:00:00,21.55,184.61,5.53,6.03,11.57,NA,NA,1.07,60.87,NA,NA,NA,NA,NA,NA,NA,NA,NA,NA,NA,0.00,NA,NA,NA
2022-02-15 14:00:00,27.33,165.10,5.50,6.07,11.57,NA,NA,1.12,47.12,NA,NA,NA,NA,NA,NA,NA,NA,NA,NA,NA,0.00,NA,NA,NA
2022-02-15 15:00:00,43.73,116.66,4.28,7.06,12.36,NA,NA,1.13,35.15,NA,NA,NA,NA,NA,NA,NA,NA,NA,NA,NA,0.00,NA,NA,NA
2022-02-15 16:00:00,44.08,171.94,27.60,17.61,50.30,NA,NA,1.10,76.24,NA,NA,NA,NA,NA,NA,NA,NA,NA,NA,NA,0.00,NA,NA,NA
2022-02-15 17:00:00,33.86,139.69,5.91,6.69,12.60,NA,NA,1.06,72.50,NA,NA,NA,NA,NA,NA,NA,NA,NA,NA,NA,0.00,NA,NA,NA
2022-02-15 18:00:00,37.91,124.75,5.71,6.67,12.38,NA,NA,1.08,59.18,NA,NA,NA,NA,NA,NA,NA,NA,NA,NA,NA,0.00,NA,NA,NA
2022-02-15 19:00:00,34.92,120.03,5.69,6.60,12.29,NA,NA,1.12,39.37,NA,NA,NA,NA,NA,NA,NA,NA,NA,NA,NA,0.00,NA,NA,NA
2022-02-15 20:00:00,44.04,114.26,5.71,6.64,12.36,NA,NA,1.21,22.48,NA,NA,NA,NA,NA,NA,NA,NA,NA,NA,NA,0.00,NA,NA,NA
2022-02-15 21:00:00,54.44,141.74,5.74,6.77,12.51,NA,NA,1.42,11.46,NA,NA,NA,NA,NA,NA,NA,NA,NA,NA,NA,0.00,NA,NA,NA
2022-02-15 22:00:00,83.32,187.99,5.80,6.75,12.55,NA,NA,1.60,8.84,NA,NA,NA,NA,NA,NA,NA,NA,NA,NA,NA,0.00,NA,NA,NA
2022-02-15 23:00:00,89.19,214.18,5.84,6.64,12.47,NA,NA,1.65,8.47,NA,NA,NA,NA,NA,NA,NA,NA,NA,NA,NA,0.00,NA,NA,NA
2022-02-16 00:00:00,98.17,240.68,5.75,6.65,12.39,NA,NA,1.55,7.70,NA,NA,NA,NA,NA,NA,NA,NA,NA,NA,NA,0.00,NA,NA,NA
2022-02-16 01:00:00,89.79,223.29,5.86,6.42,12.28,NA,NA,1.43,7.55,NA,NA,NA,NA,NA,NA,NA,NA,NA,NA,NA,0.00,NA,NA,NA
2022-02-16 02:00:00,94.61,246.15,5.83,6.57,12.40,NA,NA,1.55,7.25,NA,NA,NA,NA,NA,NA,NA,NA,NA,NA,NA,0.00,NA,NA,NA
2022-02-16 03:00:00,91.81,272.49,5.82,6.48,12.31,NA,NA,1.45,7.80,NA,NA,NA,NA,NA,NA,NA,NA,NA,NA,NA,0.00,NA,NA,NA
2022-02-16 04:00:00,81.78,197.73,5.79,6.44,12.23,NA,NA,1.26,8.78,NA,NA,NA,NA,NA,NA,NA,NA,NA,NA,NA,0.00,NA,NA,NA
2022-02-16 05:00:00,59.66,132.59,5.75,6.39,12.13,NA,NA,1.21,11.10,NA,NA,NA,NA,NA,NA,NA,NA,NA,NA,NA,0.00,NA,NA,NA
2022-02-16 06:00:00,66.23,129.18,5.73,6.29,12.02,NA,NA,1.23,12.11,NA,NA,NA,NA,NA,NA,NA,NA,NA,NA,NA,0.00,NA,NA,NA
2022-02-16 07:00:00,74.43,155.87,5.73,6.32,12.05,NA,NA,1.32,9.50,NA,NA,NA,NA,NA,NA,NA,NA,NA,NA,NA,0.00,NA,NA,NA
2022-02-16 08:00:00,73.63,215.26,6.00,6.48,12.48,NA,NA,1.68,8.74,NA,NA,NA,NA,NA,NA,NA,NA,NA,NA,NA,0.00,NA,NA,NA
2022-02-16 09:00:00,109.67,318.79,6.07,7.15,13.22,NA,NA,1.78,14.95,NA,NA,NA,NA,NA,NA,NA,NA,NA,NA,NA,0.00,NA,NA,NA
2022-02-16 10:00:00,127.73,329.90,5.95,7.87,13.83,NA,NA,1.54,47.23,NA,NA,NA,NA,NA,NA,NA,NA,NA,NA,NA,0.00,NA,NA,NA
2022-02-16 11:00:00,99.17,310.64,5.84,7.33,13.17,NA,NA,1.28,71.93,NA,NA,NA,NA,NA,NA,NA,NA,NA,NA,NA,0.00,NA,NA,NA
2022-02-16 12:00:00,75.93,244.69,5.82,7.15,12.96,NA,NA,1.18,98.07,NA,NA,NA,NA,NA,NA,NA,NA,NA,NA,NA,0.00,NA,NA,NA
2022-02-16 13:00:00,74.49,217.24,5.79,6.86,12.65,NA,NA,1.20,94.60,NA,NA,NA,NA,NA,NA,NA,NA,NA,NA,NA,0.00,NA,NA,NA
2022-02-16 14:00:00,66.47,180.75,5.75,6.72,12.47,NA,NA,1.18,105.44,NA,NA,NA,NA,NA,NA,NA,NA,NA,NA,NA,0.00,NA,NA,NA
2022-02-16 15:00:00,65.02,160.26,5.70,6.70,12.40,NA,NA,1.16,105.89,NA,NA,NA,NA,NA,NA,NA,NA,NA,NA,NA,0.00,NA,NA,NA
2022-02-16 16:00:00,53.70,146.56,5.66,6.53,12.19,NA,NA,1.11,93.67,NA,NA,NA,NA,NA,NA,NA,NA,NA,NA,NA,0.00,NA,NA,NA
2022-02-16 17:00:00,61.70,150.46,5.62,6.54,12.16,NA,NA,1.17,92.63,NA,NA,NA,NA,NA,NA,NA,NA,NA,NA,NA,0.00,NA,NA,NA
2022-02-16 18:00:00,78.42,194.39,5.69,6.54,12.23,NA,NA,1.25,66.43,NA,NA,NA,NA,NA,NA,NA,NA,NA,NA,NA,0.00,NA,NA,NA
2022-02-16 19:00:00,77.39,212.17,5.64,6.80,12.44,NA,NA,1.33,35.85,NA,NA,NA,NA,NA,NA,NA,NA,NA,NA,NA,0.00,NA,NA,NA
2022-02-16 20:00:00,67.64,187.02,5.73,6.68,12.41,NA,NA,1.45,14.76,NA,NA,NA,NA,NA,NA,NA,NA,NA,NA,NA,0.00,NA,NA,NA
2022-02-16 21:00:00,82.76,222.51,5.73,6.89,12.62,NA,NA,1.64,9.65,NA,NA,NA,NA,NA,NA,NA,NA,NA,NA,NA,0.00,NA,NA,NA
2022-02-16 22:00:00,77.74,224.24,5.77,6.70,12.48,NA,NA,1.62,9.08,NA,NA,NA,NA,NA,NA,NA,NA,NA,NA,NA,0.00,NA,NA,NA
2022-02-16 23:00:00,83.16,223.52,5.81,6.63,12.45,NA,NA,1.70,8.40,NA,NA,NA,NA,NA,NA,NA,NA,NA,NA,NA,0.00,NA,NA,NA
2022-02-17 00:00:00,90.26,229.06,5.86,6.64,12.50,NA,NA,1.86,7.18,NA,NA,NA,NA,NA,NA,NA,NA,NA,NA,NA,0.00,NA,NA,NA
2022-02-17 01:00:00,96.55,289.06,5.93,6.66,12.59,NA,NA,1.99,7.39,NA,NA,NA,NA,NA,NA,NA,NA,NA,NA,NA,0.00,NA,NA,NA
2022-02-17 02:00:00,123.15,282.76,6.05,6.66,12.71,NA,NA,1.96,7.79,NA,NA,NA,NA,NA,NA,NA,NA,NA,NA,NA,0.00,NA,NA,NA
2022-02-17 03:00:00,114.93,251.09,6.02,6.82,12.84,NA,NA,1.74,7.86,NA,NA,NA,NA,NA,NA,NA,NA,NA,NA,NA,0.00,NA,NA,NA
2022-02-17 04:00:00,111.91,255.37,6.03,6.75,12.78,NA,NA,1.66,7.83,NA,NA,NA,NA,NA,NA,NA,NA,NA,NA,NA,0.00,NA,NA,NA
2022-02-17 05:00:00,107.08,266.91,6.03,6.68,12.71,NA,NA,1.57,7.16,NA,NA,NA,NA,NA,NA,NA,NA,NA,NA,NA,0.00,NA,NA,NA
2022-02-17 06:00:00,125.95,251.54,6.13,6.73,12.86,NA,NA,1.54,6.85,NA,NA,NA,NA,NA,NA,NA,NA,NA,NA,NA,0.00,NA,NA,NA
2022-02-17 07:00:00,119.51,234.65,6.27,6.66,12.93,NA,NA,1.48,8.66,NA,NA,NA,NA,NA,NA,NA,NA,NA,NA,NA,0.00,NA,NA,NA
2022-02-17 08:00:00,105.96,240.03,6.22,6.62,12.84,NA,NA,1.58,11.38,NA,NA,NA,NA,NA,NA,NA,NA,NA,NA,NA,0.00,NA,NA,NA
2022-02-17 09:00:00,125.26,357.06,6.18,6.87,13.05,NA,NA,1.68,22.16,NA,NA,NA,NA,NA,NA,NA,NA,NA,NA,NA,0.00,NA,NA,NA
2022-02-17 10:00:00,131.80,307.68,5.99,7.41,13.40,NA,NA,1.56,40.38,NA,NA,NA,NA,NA,NA,NA,NA,NA,NA,NA,0.00,NA,NA,NA
2022-02-17 11:00:00,90.80,233.76,5.82,7.29,13.12,NA,NA,1.26,68.32,NA,NA,NA,NA,NA,NA,NA,NA,NA,NA,NA,0.00,NA,NA,NA
2022-02-17 12:00:00,54.98,199.28,5.84,7.25,13.09,NA,NA,1.25,87.04,NA,NA,NA,NA,NA,NA,NA,NA,NA,NA,NA,0.00,NA,NA,NA
2022-02-17 13:00:00,79.77,210.08,6.47,7.06,13.54,NA,NA,1.23,95.94,NA,NA,NA,NA,NA,NA,NA,NA,NA,NA,NA,0.00,NA,NA,NA
2022-02-17 14:00:00,NA,NA,NA,NA,NA,NA,NA,NA,NA,NA,NA,NA,NA,NA,NA,NA,NA,NA,NA,NA,0.00,NA,NA,NA
2022-02-17 15:00:00,NA,NA,NA,NA,NA,NA,NA,NA,NA,NA,NA,NA,NA,NA,NA,NA,NA,NA,NA,NA,0.00,NA,NA,NA
2022-02-17 16:00:00,44.39,106.94,33.59,31.35,99.10,NA,NA,1.29,52.12,NA,NA,NA,NA,NA,NA,NA,NA,NA,NA,NA,0.00,NA,NA,NA
2022-02-17 17:00:00,NA,NA,39.67,100.51,337.52,NA,NA,1.13,51.54,NA,NA,NA,NA,NA,NA,NA,NA,NA,NA,NA,0.00,NA,NA,NA
2022-02-17 18:00:00,8.46,37.83,37.24,21.09,58.43,NA,NA,1.13,50.82,NA,NA,NA,NA,NA,NA,NA,NA,NA,NA,NA,0.00,NA,NA,NA
2022-02-17 19:00:00,2.19,69.61,23.76,16.95,40.72,NA,NA,1.17,33.66,NA,NA,NA,NA,NA,NA,NA,NA,NA,NA,NA,0.00,NA,NA,NA
2022-02-17 20:00:00,57.48,197.12,20.84,14.94,35.78,NA,NA,1.44,18.33,NA,NA,NA,NA,NA,NA,NA,NA,NA,NA,NA,0.00,NA,NA,NA
2022-02-17 21:00:00,78.26,211.23,19.12,13.73,32.86,NA,NA,1.54,10.48,NA,NA,NA,NA,NA,NA,NA,NA,NA,NA,NA,0.00,NA,NA,NA
2022-02-17 22:00:00,73.96,192.33,17.92,13.05,30.97,NA,NA,1.58,8.83,NA,NA,NA,NA,NA,NA,NA,NA,NA,NA,NA,0.00,NA,NA,NA
2022-02-17 23:00:00,91.56,200.73,17.15,12.58,29.73,NA,NA,1.70,7.74,NA,NA,NA,NA,NA,NA,NA,NA,NA,NA,NA,0.00,NA,NA,NA
2022-02-18 00:00:00,72.05,205.16,16.74,12.05,28.79,NA,NA,1.79,7.85,NA,NA,NA,NA,NA,NA,NA,NA,NA,NA,NA,0.00,NA,NA,NA
2022-02-18 01:00:00,68.07,230.97,16.50,11.81,28.31,NA,NA,1.85,7.99,NA,NA,NA,NA,NA,NA,NA,NA,NA,NA,NA,0.00,NA,NA,NA
2022-02-18 02:00:00,83.96,200.16,16.57,11.65,28.22,NA,NA,1.97,7.88,NA,NA,NA,NA,NA,NA,NA,NA,NA,NA,NA,0.00,NA,NA,NA
2022-02-18 03:00:00,84.01,217.39,16.82,11.80,28.62,NA,NA,2.07,8.05,NA,NA,NA,NA,NA,NA,NA,NA,NA,NA,NA,0.00,NA,NA,NA
2022-02-18 04:00:00,97.38,250.88,17.33,11.81,29.14,NA,NA,2.08,8.58,NA,NA,NA,NA,NA,NA,NA,NA,NA,NA,NA,0.00,NA,NA,NA
2022-02-18 05:00:00,102.36,228.94,17.76,11.77,29.53,NA,NA,1.90,7.88,NA,NA,NA,NA,NA,NA,NA,NA,NA,NA,NA,0.00,NA,NA,NA
2022-02-18 06:00:00,129.22,235.08,18.52,12.06,30.57,NA,NA,1.97,8.06,NA,NA,NA,NA,NA,NA,NA,NA,NA,NA,NA,0.00,NA,NA,NA
2022-02-18 07:00:00,110.77,225.39,19.17,12.28,31.46,NA,NA,2.12,8.27,NA,NA,NA,NA,NA,NA,NA,NA,NA,NA,NA,0.00,NA,NA,NA
2022-02-18 08:00:00,84.60,259.30,19.99,12.72,32.70,NA,NA,2.21,8.38,NA,NA,NA,NA,NA,NA,NA,NA,NA,NA,NA,0.00,NA,NA,NA
2022-02-18 09:00:00,123.07,350.17,20.78,13.41,34.19,NA,NA,2.22,12.48,NA,NA,NA,NA,NA,NA,NA,NA,NA,NA,NA,0.00,NA,NA,NA
2022-02-18 10:00:00,110.96,258.11,20.00,13.82,33.82,NA,NA,1.39,48.75,NA,NA,NA,NA,NA,NA,NA,NA,NA,NA,NA,0.00,NA,NA,NA
2022-02-18 11:00:00,52.00,144.01,18.87,13.74,32.62,NA,NA,1.14,58.67,NA,NA,NA,NA,NA,NA,NA,NA,NA,NA,NA,0.00,NA,NA,NA
2022-02-18 12:00:00,46.47,152.05,17.84,13.44,31.28,NA,NA,1.13,82.00,NA,NA,NA,NA,NA,NA,NA,NA,NA,NA,NA,0.00,NA,NA,NA
2022-02-18 13:00:00,42.73,139.31,17.29,12.76,30.05,NA,NA,1.05,84.38,NA,NA,NA,NA,NA,NA,NA,NA,NA,NA,NA,0.00,NA,NA,NA
2022-02-18 14:00:00,38.55,136.34,16.97,12.22,29.19,NA,NA,1.07,97.62,NA,NA,NA,NA,NA,NA,NA,NA,NA,NA,NA,0.00,NA,NA,NA
2022-02-18 15:00:00,50.94,162.42,16.56,11.80,28.36,NA,NA,1.07,105.99,NA,NA,NA,NA,NA,NA,NA,NA,NA,NA,NA,0.00,NA,NA,NA
2022-02-18 16:00:00,33.45,114.39,16.26,11.50,27.76,NA,NA,0.99,80.77,NA,NA,NA,NA,NA,NA,NA,NA,NA,NA,NA,0.00,NA,NA,NA
2022-02-18 17:00:00,28.49,90.93,15.92,11.25,27.17,NA,NA,1.00,73.74,NA,NA,NA,NA,NA,NA,NA,NA,NA,NA,NA,0.00,NA,NA,NA
2022-02-18 18:00:00,35.18,188.20,15.75,11.02,26.77,NA,NA,1.13,49.84,NA,NA,NA,NA,NA,NA,NA,NA,NA,NA,NA,0.00,NA,NA,NA
2022-02-18 19:00:00,40.00,191.46,15.58,11.05,26.63,NA,NA,1.27,38.86,NA,NA,NA,NA,NA,NA,NA,NA,NA,NA,NA,0.00,NA,NA,NA
2022-02-18 20:00:00,58.69,203.58,15.37,11.02,26.39,NA,NA,1.32,32.85,NA,NA,NA,NA,NA,NA,NA,NA,NA,NA,NA,0.00,NA,NA,NA
2022-02-18 21:00:00,63.35,226.09,15.13,11.08,26.21,NA,NA,1.39,21.68,NA,NA,NA,NA,NA,NA,NA,NA,NA,NA,NA,0.00,NA,NA,NA
2022-02-18 22:00:00,75.51,219.17,14.94,11.02,25.96,NA,NA,1.49,23.31,NA,NA,NA,NA,NA,NA,NA,NA,NA,NA,NA,0.00,NA,NA,NA
2022-02-18 23:00:00,84.05,228.22,14.84,11.01,25.86,NA,NA,1.45,8.06,NA,NA,NA,NA,NA,NA,NA,NA,NA,NA,NA,0.00,NA,NA,NA
2022-02-19 00:00:00,65.49,220.25,14.50,10.88,25.37,NA,NA,1.26,14.39,NA,NA,NA,NA,NA,NA,NA,NA,NA,NA,NA,0.00,NA,NA,NA
2022-02-19 01:00:00,58.30,186.51,14.18,10.61,24.79,NA,NA,1.33,8.20,NA,NA,NA,NA,NA,NA,NA,NA,NA,NA,NA,0.00,NA,NA,NA
2022-02-19 02:00:00,64.23,206.80,13.82,10.47,24.29,NA,NA,1.42,11.96,NA,NA,NA,NA,NA,NA,NA,NA,NA,NA,NA,0.00,NA,NA,NA
2022-02-19 03:00:00,59.97,176.29,13.54,10.16,23.70,NA,NA,1.36,7.97,NA,NA,NA,NA,NA,NA,NA,NA,NA,NA,NA,0.00,NA,NA,NA
2022-02-19 04:00:00,53.26,164.84,13.27,10.03,23.30,NA,NA,1.29,12.89,NA,NA,NA,NA,NA,NA,NA,NA,NA,NA,NA,0.00,NA,NA,NA
2022-02-19 05:00:00,63.20,134.78,12.97,9.98,22.95,NA,NA,1.26,9.37,NA,NA,NA,NA,NA,NA,NA,NA,NA,NA,NA,0.00,NA,NA,NA
2022-02-19 06:00:00,56.47,159.36,12.75,9.93,22.67,NA,NA,1.28,7.12,NA,NA,NA,NA,NA,NA,NA,NA,NA,NA,NA,0.00,NA,NA,NA
2022-02-19 07:00:00,59.95,169.10,12.67,9.73,22.40,NA,NA,1.27,9.37,NA,NA,NA,NA,NA,NA,NA,NA,NA,NA,NA,0.00,NA,NA,NA
2022-02-19 08:00:00,63.17,157.16,12.54,9.70,22.24,NA,NA,1.35,13.06,NA,NA,NA,NA,NA,NA,NA,NA,NA,NA,NA,0.00,NA,NA,NA
2022-02-19 09:00:00,87.91,208.14,12.00,9.86,21.87,NA,NA,1.33,32.85,NA,NA,NA,NA,NA,NA,NA,NA,NA,NA,NA,0.00,NA,NA,NA
2022-02-19 10:00:00,68.35,162.40,11.10,10.00,21.10,NA,NA,1.22,60.52,NA,NA,NA,NA,NA,NA,NA,NA,NA,NA,NA,0.00,NA,NA,NA
2022-02-19 11:00:00,57.57,161.81,8.85,9.63,20.26,NA,NA,1.16,74.47,NA,NA,NA,NA,NA,NA,NA,NA,NA,NA,NA,0.00,NA,NA,NA
2022-02-19 12:00:00,58.34,161.84,41.26,36.67,122.57,NA,NA,1.12,109.74,NA,NA,NA,NA,NA,NA,NA,NA,NA,NA,NA,0.00,NA,NA,NA
2022-02-19 13:00:00,32.41,121.48,8.66,19.68,28.29,NA,NA,1.01,82.41,NA,NA,NA,NA,NA,NA,NA,NA,NA,NA,NA,0.00,NA,NA,NA
2022-02-19 14:00:00,61.66,145.07,15.40,19.61,35.11,NA,NA,0.96,63.02,NA,NA,NA,NA,NA,NA,NA,NA,NA,NA,NA,0.00,NA,NA,NA
2022-02-19 15:00:00,44.09,126.30,19.75,21.74,41.24,NA,NA,0.96,52.96,NA,NA,NA,NA,NA,NA,NA,NA,NA,NA,NA,0.00,NA,NA,NA
2022-02-19 16:00:00,38.90,117.52,7.96,15.66,23.64,NA,NA,0.88,46.04,NA,NA,NA,NA,NA,NA,NA,NA,NA,NA,NA,0.00,NA,NA,NA
2022-02-19 17:00:00,69.93,155.66,13.57,15.08,28.64,NA,NA,1.04,75.59,NA,NA,NA,NA,NA,NA,NA,NA,NA,NA,NA,0.00,NA,NA,NA
2022-02-19 18:00:00,70.45,157.22,13.47,15.97,29.44,NA,NA,1.16,63.15,NA,NA,NA,NA,NA,NA,NA,NA,NA,NA,NA,0.00,NA,NA,NA
2022-02-19 19:00:00,57.42,157.13,13.37,20.98,34.37,NA,NA,1.35,47.14,NA,NA,NA,NA,NA,NA,NA,NA,NA,NA,NA,0.00,NA,NA,NA
2022-02-19 20:00:00,69.06,194.86,13.23,24.22,37.44,NA,NA,1.44,30.16,NA,NA,NA,NA,NA,NA,NA,NA,NA,NA,NA,0.00,NA,NA,NA
2022-02-19 21:00:00,84.46,221.76,12.99,23.93,36.93,NA,NA,1.41,22.22,NA,NA,NA,NA,NA,NA,NA,NA,NA,NA,NA,0.00,NA,NA,NA
2022-02-19 22:00:00,98.67,221.55,13.06,24.60,37.66,NA,NA,1.42,18.98,NA,NA,NA,NA,NA,NA,NA,NA,NA,NA,NA,0.00,NA,NA,NA
2022-02-19 23:00:00,89.14,227.99,12.92,22.84,35.75,NA,NA,1.39,24.39,NA,NA,NA,NA,NA,NA,NA,NA,NA,NA,NA,0.00,NA,NA,NA
2022-02-20 00:00:00,82.03,199.64,12.73,19.60,32.34,NA,NA,1.30,26.44,NA,NA,NA,NA,NA,NA,NA,NA,NA,NA,NA,0.00,NA,NA,NA
2022-02-20 01:00:00,64.03,168.73,12.45,18.06,30.50,NA,NA,1.20,31.60,NA,NA,NA,NA,NA,NA,NA,NA,NA,NA,NA,0.00,NA,NA,NA
2022-02-20 02:00:00,51.21,139.74,12.44,15.40,27.84,NA,NA,1.15,42.25,NA,NA,NA,NA,NA,NA,NA,NA,NA,NA,NA,0.00,NA,NA,NA
2022-02-20 03:00:00,59.50,133.41,12.17,16.76,28.93,NA,NA,1.16,38.60,NA,NA,NA,NA,NA,NA,NA,NA,NA,NA,NA,0.00,NA,NA,NA
2022-02-20 04:00:00,67.86,145.36,12.26,18.92,31.18,NA,NA,1.20,22.76,NA,NA,NA,NA,NA,NA,NA,NA,NA,NA,NA,0.00,NA,NA,NA
2022-02-20 05:00:00,67.81,150.23,12.07,17.76,29.84,NA,NA,1.18,30.40,NA,NA,NA,NA,NA,NA,NA,NA,NA,NA,NA,0.00,NA,NA,NA
2022-02-20 06:00:00,67.28,134.34,12.14,16.19,28.32,NA,NA,1.16,38.25,NA,NA,NA,NA,NA,NA,NA,NA,NA,NA,NA,0.00,NA,NA,NA
2022-02-20 07:00:00,73.19,144.60,12.03,15.58,27.61,NA,NA,1.18,34.58,NA,NA,NA,NA,NA,NA,NA,NA,NA,NA,NA,0.00,NA,NA,NA
2022-02-20 08:00:00,65.59,153.35,12.30,15.74,28.02,NA,NA,1.21,42.48,NA,NA,NA,NA,NA,NA,NA,NA,NA,NA,NA,0.00,NA,NA,NA
2022-02-20 09:00:00,66.98,160.14,12.12,13.83,25.95,NA,NA,1.19,56.02,NA,NA,NA,NA,NA,NA,NA,NA,NA,NA,NA,0.00,NA,NA,NA
2022-02-20 10:00:00,65.37,164.78,11.93,11.85,23.78,NA,NA,1.17,64.66,NA,NA,NA,NA,NA,NA,NA,NA,NA,NA,NA,0.00,NA,NA,NA
2022-02-20 11:00:00,56.68,171.29,11.95,11.06,23.00,NA,NA,1.16,74.42,NA,NA,NA,NA,NA,NA,NA,NA,NA,NA,NA,0.00,NA,NA,NA
2022-02-20 12:00:00,63.29,158.68,11.79,9.86,21.64,NA,NA,1.12,80.11,NA,NA,NA,NA,NA,NA,NA,NA,NA,NA,NA,0.00,NA,NA,NA
2022-02-20 13:00:00,61.79,190.18,11.80,8.17,19.98,NA,NA,1.09,81.53,NA,NA,NA,NA,NA,NA,NA,NA,NA,NA,NA,0.00,NA,NA,NA
2022-02-20 14:00:00,53.97,154.88,11.62,7.94,19.54,NA,NA,1.08,80.35,NA,NA,NA,NA,NA,NA,NA,NA,NA,NA,NA,0.00,NA,NA,NA
2022-02-20 15:00:00,46.95,151.77,11.51,6.98,18.49,NA,NA,1.05,80.47,NA,NA,NA,NA,NA,NA,NA,NA,NA,NA,NA,0.00,NA,NA,NA
2022-02-20 16:00:00,42.63,134.26,11.25,7.78,19.03,NA,NA,1.00,78.05,NA,NA,NA,NA,NA,NA,NA,NA,NA,NA,NA,0.00,NA,NA,NA
2022-02-20 17:00:00,71.11,179.97,11.54,8.49,20.01,NA,NA,1.05,75.11,NA,NA,NA,NA,NA,NA,NA,NA,NA,NA,NA,0.00,NA,NA,NA
2022-02-20 18:00:00,65.13,157.64,11.64,10.32,21.97,NA,NA,1.11,61.83,NA,NA,NA,NA,NA,NA,NA,NA,NA,NA,NA,0.00,NA,NA,NA
2022-02-20 19:00:00,59.18,150.77,11.44,13.40,24.85,NA,NA,1.23,43.89,NA,NA,NA,NA,NA,NA,NA,NA,NA,NA,NA,0.00,NA,NA,NA
2022-02-20 20:00:00,62.70,186.31,11.65,16.40,28.04,NA,NA,1.26,36.20,NA,NA,NA,NA,NA,NA,NA,NA,NA,NA,NA,0.00,NA,NA,NA
2022-02-20 21:00:00,59.28,157.19,11.48,18.06,29.53,NA,NA,1.28,35.00,NA,NA,NA,NA,NA,NA,NA,NA,NA,NA,NA,0.00,NA,NA,NA
2022-02-20 22:00:00,73.53,172.61,11.44,18.10,29.54,NA,NA,1.31,27.21,NA,NA,NA,NA,NA,NA,NA,NA,NA,NA,NA,0.00,NA,NA,NA
2022-02-20 23:00:00,87.61,192.93,11.63,20.14,31.77,NA,NA,1.36,20.00,NA,NA,NA,NA,NA,NA,NA,NA,NA,NA,NA,0.00,NA,NA,NA
2022-02-21 00:00:00,79.98,184.71,11.46,18.76,30.23,NA,NA,1.26,27.05,NA,NA,NA,NA,NA,NA,NA,NA,NA,NA,NA,0.00,NA,NA,NA
2022-02-21 01:00:00,80.79,191.36,11.55,19.21,30.76,NA,NA,1.23,20.22,NA,NA,NA,NA,NA,NA,NA,NA,NA,NA,NA,0.00,NA,NA,NA
2022-02-21 02:00:00,74.45,177.26,11.53,18.63,30.16,NA,NA,1.19,18.30,NA,NA,NA,NA,NA,NA,NA,NA,NA,NA,NA,0.00,NA,NA,NA
2022-02-21 03:00:00,61.36,164.45,11.60,14.91,26.52,NA,NA,1.14,22.05,NA,NA,NA,NA,NA,NA,NA,NA,NA,NA,NA,0.00,NA,NA,NA
2022-02-21 04:00:00,56.25,154.94,13.40,18.79,32.19,NA,NA,1.12,11.13,NA,NA,NA,NA,NA,NA,NA,NA,NA,NA,NA,0.00,NA,NA,NA
2022-02-21 05:00:00,53.14,157.59,11.73,18.07,29.81,NA,NA,1.09,18.72,NA,NA,NA,NA,NA,NA,NA,NA,NA,NA,NA,0.00,NA,NA,NA
2022-02-21 06:00:00,46.12,154.17,11.43,15.35,26.78,NA,NA,1.07,18.16,NA,NA,NA,NA,NA,NA,NA,NA,NA,NA,NA,0.00,NA,NA,NA
2022-02-21 07:00:00,41.78,137.92,11.78,14.55,26.33,NA,NA,1.07,18.23,NA,NA,NA,NA,NA,NA,NA,NA,NA,NA,NA,0.00,NA,NA,NA
2022-02-21 08:00:00,50.10,153.05,12.61,15.66,28.27,NA,NA,1.18,23.19,NA,NA,NA,NA,NA,NA,NA,NA,NA,NA,NA,0.00,NA,NA,NA
2022-02-21 09:00:00,76.56,238.10,12.91,18.91,31.82,NA,NA,1.21,34.12,NA,NA,NA,NA,NA,NA,NA,NA,NA,NA,NA,0.00,NA,NA,NA
2022-02-21 10:00:00,51.62,218.88,11.86,16.62,28.48,NA,NA,1.10,50.49,NA,NA,NA,NA,NA,NA,NA,NA,NA,NA,NA,0.00,NA,NA,NA
2022-02-21 11:00:00,43.70,176.04,11.64,13.78,25.42,NA,NA,1.02,57.28,NA,NA,NA,NA,NA,NA,NA,NA,NA,NA,NA,0.00,NA,NA,NA
2022-02-21 12:00:00,39.45,167.05,12.11,16.72,28.83,NA,NA,0.99,57.92,NA,NA,NA,NA,NA,NA,NA,NA,NA,NA,NA,0.00,NA,NA,NA
2022-02-21 13:00:00,35.63,141.50,12.55,17.11,29.66,NA,NA,1.11,65.02,NA,NA,NA,NA,NA,NA,NA,NA,NA,NA,NA,0.00,NA,NA,NA
2022-02-21 14:00:00,37.53,130.69,11.26,10.58,21.84,NA,NA,1.09,16.81,NA,NA,NA,NA,NA,NA,NA,NA,NA,NA,NA,0.00,NA,NA,NA
2022-02-21 15:00:00,28.96,145.24,11.26,11.18,22.44,NA,NA,0.86,56.44,NA,NA,NA,NA,NA,NA,NA,NA,NA,NA,NA,0.00,NA,NA,NA
2022-02-21 16:00:00,29.64,139.82,11.04,6.59,17.63,NA,NA,0.46,40.72,NA,NA,NA,NA,NA,NA,NA,NA,NA,NA,NA,0.00,NA,NA,NA
2022-02-21 17:00:00,28.12,130.33,11.01,9.90,20.91,NA,NA,0.43,49.66,NA,NA,NA,NA,NA,NA,NA,NA,NA,NA,NA,0.00,NA,NA,NA
2022-02-21 18:00:00,41.06,128.69,11.01,10.44,21.45,NA,NA,0.92,54.83,NA,NA,NA,NA,NA,NA,NA,NA,NA,NA,NA,0.00,NA,NA,NA
2022-02-21 19:00:00,34.98,122.85,11.06,11.42,22.49,NA,NA,0.96,35.65,NA,NA,NA,NA,NA,NA,NA,NA,NA,NA,NA,0.00,NA,NA,NA
2022-02-21 20:00:00,45.91,132.24,11.24,13.41,24.64,NA,NA,1.19,22.62,NA,NA,NA,NA,NA,NA,NA,NA,NA,NA,NA,0.00,NA,NA,NA
2022-02-21 21:00:00,71.14,178.84,11.26,14.98,26.24,NA,NA,1.10,17.09,NA,NA,NA,NA,NA,NA,NA,NA,NA,NA,NA,0.00,NA,NA,NA
2022-02-21 22:00:00,54.37,136.95,11.38,16.14,27.52,NA,NA,1.08,12.25,NA,NA,NA,NA,NA,NA,NA,NA,NA,NA,NA,0.00,NA,NA,NA
2022-02-21 23:00:00,62.29,165.42,11.87,17.43,29.30,NA,NA,1.17,5.79,NA,NA,NA,NA,NA,NA,NA,NA,NA,NA,NA,0.00,NA,NA,NA
2022-02-22 00:00:00,93.16,252.82,12.87,19.05,31.92,NA,NA,1.44,3.20,NA,NA,NA,NA,NA,NA,NA,NA,NA,NA,NA,0.00,NA,NA,NA
2022-02-22 01:00:00,102.31,279.02,12.97,19.96,32.91,NA,NA,1.20,12.45,NA,NA,NA,NA,NA,NA,NA,NA,NA,NA,NA,0.00,NA,NA,NA
2022-02-22 02:00:00,77.71,198.44,11.54,18.33,29.86,NA,NA,0.98,47.51,NA,NA,NA,NA,NA,NA,NA,NA,NA,NA,NA,0.00,NA,NA,NA
2022-02-22 03:00:00,77.84,185.13,11.11,16.34,27.46,NA,NA,0.92,46.41,NA,NA,NA,NA,NA,NA,NA,NA,NA,NA,NA,0.00,NA,NA,NA
2022-02-22 04:00:00,94.30,239.20,10.97,16.65,27.62,NA,NA,0.91,40.68,NA,NA,NA,NA,NA,NA,NA,NA,NA,NA,NA,0.00,NA,NA,NA
2022-02-22 05:00:00,84.33,204.63,10.93,17.64,28.57,NA,NA,0.93,34.24,NA,NA,NA,NA,NA,NA,NA,NA,NA,NA,NA,0.00,NA,NA,NA
2022-02-22 06:00:00,78.83,202.69,11.21,17.28,28.49,NA,NA,0.90,26.46,NA,NA,NA,NA,NA,NA,NA,NA,NA,NA,NA,0.00,NA,NA,NA
2022-02-22 07:00:00,76.89,162.71,11.18,17.73,28.90,NA,NA,0.89,20.94,NA,NA,NA,NA,NA,NA,NA,NA,NA,NA,NA,0.00,NA,NA,NA
2022-02-22 08:00:00,52.95,143.06,11.23,14.65,25.88,NA,NA,0.80,53.13,NA,NA,NA,NA,NA,NA,NA,NA,NA,NA,NA,0.00,NA,NA,NA
2022-02-22 09:00:00,60.70,253.56,11.16,13.58,24.74,NA,NA,0.83,68.85,NA,NA,NA,NA,NA,NA,NA,NA,NA,NA,NA,0.00,NA,NA,NA
2022-02-22 10:00:00,71.33,256.74,11.21,11.73,22.93,NA,NA,0.81,70.84,NA,NA,NA,NA,NA,NA,NA,NA,NA,NA,NA,0.00,NA,NA,NA
2022-02-22 11:00:00,52.71,183.54,11.09,10.18,21.27,NA,NA,0.74,74.80,NA,NA,NA,NA,NA,NA,NA,NA,NA,NA,NA,0.00,NA,NA,NA
2022-02-22 12:00:00,57.35,191.91,10.95,9.71,20.66,NA,NA,0.61,79.76,NA,NA,NA,NA,NA,NA,NA,NA,NA,NA,NA,0.00,NA,NA,NA
2022-02-22 13:00:00,48.54,219.65,11.01,9.16,20.16,NA,NA,0.57,79.37,NA,NA,NA,NA,NA,NA,NA,NA,NA,NA,NA,0.00,NA,NA,NA
2022-02-22 14:00:00,40.05,227.36,10.91,8.79,19.70,NA,NA,0.55,81.72,NA,NA,NA,NA,NA,NA,NA,NA,NA,NA,NA,0.00,NA,NA,NA
2022-02-22 15:00:00,40.72,227.03,10.90,8.81,19.70,NA,NA,0.54,83.91,NA,NA,NA,NA,NA,NA,NA,NA,NA,NA,NA,0.00,NA,NA,NA
2022-02-22 16:00:00,39.60,247.73,10.92,8.95,19.86,NA,NA,0.52,85.87,NA,NA,NA,NA,NA,NA,NA,NA,NA,NA,NA,0.00,NA,NA,NA
2022-02-22 17:00:00,39.93,237.74,10.84,9.37,20.22,NA,NA,0.52,84.94,NA,NA,NA,NA,NA,NA,NA,NA,NA,NA,NA,0.00,NA,NA,NA
2022-02-22 18:00:00,43.06,203.81,10.71,10.07,20.77,NA,NA,0.53,82.71,NA,NA,NA,NA,NA,NA,NA,NA,NA,NA,NA,0.00,NA,NA,NA
2022-02-22 19:00:00,37.80,174.29,10.92,10.61,21.54,NA,NA,0.56,75.03,NA,NA,NA,NA,NA,NA,NA,NA,NA,NA,NA,0.00,NA,NA,NA
2022-02-22 20:00:00,41.38,187.02,10.88,10.83,21.70,NA,NA,0.59,74.59,NA,NA,NA,NA,NA,NA,NA,NA,NA,NA,NA,0.00,NA,NA,NA
2022-02-22 21:00:00,53.24,184.95,10.70,10.94,21.63,NA,NA,0.58,75.40,NA,NA,NA,NA,NA,NA,NA,NA,NA,NA,NA,0.00,NA,NA,NA
2022-02-22 22:00:00,54.55,197.38,10.94,10.67,21.61,NA,NA,0.58,74.47,NA,NA,NA,NA,NA,NA,NA,NA,NA,NA,NA,0.00,NA,NA,NA
2022-02-22 23:00:00,53.54,185.75,11.16,10.23,21.39,NA,NA,0.60,62.65,NA,NA,NA,NA,NA,NA,NA,NA,NA,NA,NA,0.00,NA,NA,NA
2022-02-23 00:00:00,61.21,185.52,10.89,10.38,21.26,NA,NA,0.62,56.10,NA,NA,NA,NA,NA,NA,NA,NA,NA,NA,NA,0.00,NA,NA,NA
2022-02-23 01:00:00,73.75,184.31,10.95,10.61,21.56,NA,NA,0.63,54.15,NA,NA,NA,NA,NA,NA,NA,NA,NA,NA,NA,0.00,NA,NA,NA
2022-02-23 02:00:00,73.42,169.19,11.08,9.74,20.82,NA,NA,0.61,53.37,NA,NA,NA,NA,NA,NA,NA,NA,NA,NA,NA,0.00,NA,NA,NA
2022-02-23 03:00:00,72.22,194.00,10.84,10.25,21.09,NA,NA,0.61,47.87,NA,NA,NA,NA,NA,NA,NA,NA,NA,NA,NA,0.00,NA,NA,NA
2022-02-23 04:00:00,73.55,207.38,11.08,9.91,20.99,NA,NA,0.61,43.17,NA,NA,NA,NA,NA,NA,NA,NA,NA,NA,NA,0.00,NA,NA,NA
2022-02-23 05:00:00,99.37,191.95,10.86,10.30,21.16,NA,NA,0.62,37.48,NA,NA,NA,NA,NA,NA,NA,NA,NA,NA,NA,0.00,NA,NA,NA
2022-02-23 06:00:00,120.23,221.83,10.99,10.61,21.60,NA,NA,0.62,31.43,NA,NA,NA,NA,NA,NA,NA,NA,NA,NA,NA,0.00,NA,NA,NA
2022-02-23 07:00:00,118.09,200.43,11.01,10.81,21.82,NA,NA,0.62,27.52,NA,NA,NA,NA,NA,NA,NA,NA,NA,NA,NA,0.00,NA,NA,NA
2022-02-23 08:00:00,112.76,214.56,11.12,10.89,22.01,NA,NA,0.67,31.82,NA,NA,NA,NA,NA,NA,NA,NA,NA,NA,NA,0.00,NA,NA,NA
2022-02-23 09:00:00,124.03,206.46,11.29,10.35,21.65,NA,NA,0.66,38.55,NA,NA,NA,NA,NA,NA,NA,NA,NA,NA,NA,0.00,NA,NA,NA
2022-02-23 10:00:00,117.77,215.65,11.20,10.26,21.46,NA,NA,0.64,43.68,NA,NA,NA,NA,NA,NA,NA,NA,NA,NA,NA,0.00,NA,NA,NA
2022-02-23 11:00:00,112.36,225.64,11.09,10.03,21.12,NA,NA,0.62,52.40,NA,NA,NA,NA,NA,NA,NA,NA,NA,NA,NA,0.00,NA,NA,NA
2022-02-23 12:00:00,107.78,255.75,10.99,10.41,21.40,NA,NA,0.61,59.21,NA,NA,NA,NA,NA,NA,NA,NA,NA,NA,NA,0.00,NA,NA,NA
2022-02-23 13:00:00,95.12,268.67,10.99,10.05,21.04,NA,NA,0.56,65.35,NA,NA,NA,NA,NA,NA,NA,NA,NA,NA,NA,0.00,NA,NA,NA
2022-02-23 14:00:00,102.84,249.31,10.99,10.20,21.19,NA,NA,0.56,68.49,NA,NA,NA,NA,NA,NA,NA,NA,NA,NA,NA,0.00,NA,NA,NA
2022-02-23 15:00:00,100.61,245.27,10.91,10.62,21.53,NA,NA,0.55,70.42,NA,NA,NA,NA,NA,NA,NA,NA,NA,NA,NA,0.00,NA,NA,NA
2022-02-23 16:00:00,88.38,246.04,11.07,10.23,21.30,NA,NA,0.55,71.50,NA,NA,NA,NA,NA,NA,NA,NA,NA,NA,NA,0.00,NA,NA,NA
2022-02-23 17:00:00,99.52,212.52,10.99,10.63,21.62,NA,NA,0.54,66.39,NA,NA,NA,NA,NA,NA,NA,NA,NA,NA,NA,0.00,NA,NA,NA
2022-02-23 18:00:00,91.33,204.91,10.99,11.87,22.86,NA,NA,0.55,42.34,NA,NA,NA,NA,NA,NA,NA,NA,NA,NA,NA,0.00,NA,NA,NA
2022-02-23 19:00:00,88.07,204.24,11.21,12.96,24.17,NA,NA,0.57,18.40,NA,NA,NA,NA,NA,NA,NA,NA,NA,NA,NA,0.00,NA,NA,NA
2022-02-23 20:00:00,90.76,185.76,11.29,12.24,23.52,NA,NA,0.61,8.38,NA,NA,NA,NA,NA,NA,NA,NA,NA,NA,NA,0.00,NA,NA,NA
2022-02-23 21:00:00,120.30,215.93,11.64,14.44,26.08,NA,NA,0.87,3.99,NA,NA,NA,NA,NA,NA,NA,NA,NA,NA,NA,0.00,NA,NA,NA
2022-02-23 22:00:00,146.36,201.28,13.06,14.51,27.57,NA,NA,1.02,3.44,NA,NA,NA,NA,NA,NA,NA,NA,NA,NA,NA,0.00,NA,NA,NA
2022-02-23 23:00:00,156.34,182.53,12.20,13.61,25.81,NA,NA,0.99,3.29,NA,NA,NA,NA,NA,NA,NA,NA,NA,NA,NA,0.00,NA,NA,NA
2022-02-24 00:00:00,143.35,226.86,12.20,12.39,24.59,NA,NA,0.90,3.01,NA,NA,NA,NA,NA,NA,NA,NA,NA,NA,NA,0.00,NA,NA,NA
2022-02-24 01:00:00,121.46,239.58,11.92,12.26,24.19,NA,NA,0.78,2.97,NA,NA,NA,NA,NA,NA,NA,NA,NA,NA,NA,0.00,NA,NA,NA
2022-02-24 02:00:00,119.81,231.06,13.37,13.99,27.36,NA,NA,0.88,3.07,NA,NA,NA,NA,NA,NA,NA,NA,NA,NA,NA,0.00,NA,NA,NA
2022-02-24 03:00:00,127.15,247.93,16.39,14.07,30.46,NA,NA,0.98,2.66,NA,NA,NA,NA,NA,NA,NA,NA,NA,NA,NA,0.00,NA,NA,NA
2022-02-24 04:00:00,116.32,245.28,16.49,13.07,29.57,NA,NA,0.90,3.33,NA,NA,NA,NA,NA,NA,NA,NA,NA,NA,NA,0.00,NA,NA,NA
2022-02-24 05:00:00,122.50,279.38,18.76,14.51,33.27,NA,NA,0.91,4.66,NA,NA,NA,NA,NA,NA,NA,NA,NA,NA,NA,0.00,NA,NA,NA
2022-02-24 06:00:00,158.82,264.68,19.29,14.44,33.74,NA,NA,0.91,2.90,NA,NA,NA,NA,NA,NA,NA,NA,NA,NA,NA,0.00,NA,NA,NA
2022-02-24 07:00:00,153.70,296.63,17.80,14.30,32.10,NA,NA,0.86,3.29,NA,NA,NA,NA,NA,NA,NA,NA,NA,NA,NA,0.00,NA,NA,NA
2022-02-24 08:00:00,154.24,339.66,19.72,18.61,38.33,NA,NA,0.87,5.83,NA,NA,NA,NA,NA,NA,NA,NA,NA,NA,NA,0.00,NA,NA,NA
2022-02-24 09:00:00,130.96,295.20,13.06,16.52,29.57,NA,NA,0.68,27.64,NA,NA,NA,NA,NA,NA,NA,NA,NA,NA,NA,0.00,NA,NA,NA
2022-02-24 10:00:00,111.02,262.80,11.71,14.09,25.80,NA,NA,0.61,43.60,NA,NA,NA,NA,NA,NA,NA,NA,NA,NA,NA,0.00,NA,NA,NA
2022-02-24 11:00:00,101.51,257.96,11.20,9.88,21.08,NA,NA,0.56,67.89,NA,NA,NA,NA,NA,NA,NA,NA,NA,NA,NA,0.00,NA,NA,NA
2022-02-24 12:00:00,114.34,291.73,11.29,8.71,20.00,NA,NA,0.56,75.81,NA,NA,NA,NA,NA,NA,NA,NA,NA,NA,NA,0.00,NA,NA,NA
2022-02-24 13:00:00,87.61,223.01,11.11,7.88,18.99,NA,NA,0.44,80.95,NA,NA,NA,NA,NA,NA,NA,NA,NA,NA,NA,0.00,NA,NA,NA
2022-02-24 14:00:00,86.20,260.60,10.86,9.26,20.11,NA,NA,0.43,99.55,NA,NA,NA,NA,NA,NA,NA,NA,NA,NA,NA,0.00,NA,NA,NA
2022-02-24 15:00:00,56.42,211.57,10.61,6.19,16.80,NA,NA,0.34,85.37,NA,NA,NA,NA,NA,NA,NA,NA,NA,NA,NA,0.00,NA,NA,NA
2022-02-24 16:00:00,49.43,197.09,10.62,5.02,15.64,NA,NA,0.34,89.63,NA,NA,NA,NA,NA,NA,NA,NA,NA,NA,NA,0.00,NA,NA,NA
2022-02-24 17:00:00,53.71,188.95,10.62,5.79,16.41,NA,NA,0.37,85.44,NA,NA,NA,NA,NA,NA,NA,NA,NA,NA,NA,0.00,NA,NA,NA
2022-02-24 18:00:00,60.99,205.43,10.79,9.08,19.88,NA,NA,0.43,64.01,NA,NA,NA,NA,NA,NA,NA,NA,NA,NA,NA,0.00,NA,NA,NA
2022-02-24 19:00:00,74.42,212.09,10.81,12.79,23.60,NA,NA,0.51,36.57,NA,NA,NA,NA,NA,NA,NA,NA,NA,NA,NA,0.00,NA,NA,NA
2022-02-24 20:00:00,112.38,258.77,11.14,18.93,30.07,NA,NA,0.63,19.28,NA,NA,NA,NA,NA,NA,NA,NA,NA,NA,NA,0.00,NA,NA,NA
2022-02-24 21:00:00,123.96,253.06,12.86,34.87,47.73,NA,NA,1.04,5.73,NA,NA,NA,NA,NA,NA,NA,NA,NA,NA,NA,0.00,NA,NA,NA
2022-02-24 22:00:00,144.86,327.85,26.25,39.20,65.45,NA,NA,1.32,2.61,NA,NA,NA,NA,NA,NA,NA,NA,NA,NA,NA,0.00,NA,NA,NA
2022-02-24 23:00:00,146.84,392.87,37.06,48.32,85.38,NA,NA,1.50,2.43,NA,NA,NA,NA,NA,NA,NA,NA,NA,NA,NA,0.00,NA,NA,NA
2022-02-25 00:00:00,136.58,312.67,35.15,38.38,73.53,NA,NA,1.27,2.46,NA,NA,NA,NA,NA,NA,NA,NA,NA,NA,NA,0.00,NA,NA,NA
2022-02-25 01:00:00,122.18,282.33,41.28,33.46,74.74,NA,NA,1.31,2.48,NA,NA,NA,NA,NA,NA,NA,NA,NA,NA,NA,0.00,NA,NA,NA
2022-02-25 02:00:00,126.47,276.63,40.14,33.38,73.52,NA,NA,1.32,2.69,NA,NA,NA,NA,NA,NA,NA,NA,NA,NA,NA,0.00,NA,NA,NA
2022-02-25 03:00:00,148.66,301.56,24.76,27.00,51.76,NA,NA,1.08,4.12,NA,NA,NA,NA,NA,NA,NA,NA,NA,NA,NA,0.00,NA,NA,NA
2022-02-25 04:00:00,162.42,320.38,20.85,20.58,41.43,NA,NA,0.91,4.54,NA,NA,NA,NA,NA,NA,NA,NA,NA,NA,NA,0.00,NA,NA,NA
2022-02-25 05:00:00,121.07,255.63,16.48,18.87,35.36,NA,NA,0.71,4.81,NA,NA,NA,NA,NA,NA,NA,NA,NA,NA,NA,0.00,NA,NA,NA
2022-02-25 06:00:00,128.94,245.68,23.73,20.76,44.49,NA,NA,0.84,4.06,NA,NA,NA,NA,NA,NA,NA,NA,NA,NA,NA,0.00,NA,NA,NA
2022-02-25 07:00:00,156.16,333.41,19.52,21.14,40.66,NA,NA,0.85,3.99,NA,NA,NA,NA,NA,NA,NA,NA,NA,NA,NA,0.00,NA,NA,NA
2022-02-25 08:00:00,140.33,348.83,19.55,21.40,40.95,NA,NA,0.93,5.74,NA,NA,NA,NA,NA,NA,NA,NA,NA,NA,NA,0.00,NA,NA,NA
2022-02-25 09:00:00,162.47,329.05,15.13,21.05,36.18,NA,NA,0.80,29.10,NA,NA,NA,NA,NA,NA,NA,NA,NA,NA,NA,0.00,NA,NA,NA
2022-02-25 10:00:00,96.53,266.52,11.44,11.48,22.92,NA,NA,0.51,65.43,NA,NA,NA,NA,NA,NA,NA,NA,NA,NA,NA,0.00,NA,NA,NA
2022-02-25 11:00:00,80.18,241.32,11.16,8.65,19.82,NA,NA,0.48,79.83,NA,NA,NA,NA,NA,NA,NA,NA,NA,NA,NA,0.00,NA,NA,NA
2022-02-25 12:00:00,78.82,223.60,11.03,7.50,18.53,NA,NA,0.44,90.80,NA,NA,NA,NA,NA,NA,NA,NA,NA,NA,NA,0.00,NA,NA,NA
2022-02-25 13:00:00,76.72,222.30,10.97,7.08,18.04,NA,NA,0.45,94.73,NA,NA,NA,NA,NA,NA,NA,NA,NA,NA,NA,0.00,NA,NA,NA
2022-02-25 14:00:00,77.66,205.71,10.97,6.52,17.49,NA,NA,0.43,91.92,NA,NA,NA,NA,NA,NA,NA,NA,NA,NA,NA,0.00,NA,NA,NA
2022-02-25 15:00:00,73.54,231.13,11.02,6.27,17.29,NA,NA,0.44,92.34,NA,NA,NA,NA,NA,NA,NA,NA,NA,NA,NA,0.00,NA,NA,NA
2022-02-25 16:00:00,74.52,248.80,11.07,6.24,17.31,NA,NA,0.45,92.15,NA,NA,NA,NA,NA,NA,NA,NA,NA,NA,NA,0.00,NA,NA,NA
2022-02-25 17:00:00,75.90,229.69,10.90,6.80,17.70,NA,NA,0.45,83.21,NA,NA,NA,NA,NA,NA,NA,NA,NA,NA,NA,0.00,NA,NA,NA
2022-02-25 18:00:00,78.59,244.69,9.80,7.35,11.11,NA,NA,0.51,62.08,NA,NA,NA,NA,NA,NA,NA,NA,NA,NA,NA,0.00,NA,NA,NA
2022-02-25 19:00:00,81.41,295.57,8.88,4.20,5.55,NA,NA,0.57,37.11,NA,NA,NA,NA,NA,NA,NA,NA,NA,NA,NA,0.00,NA,NA,NA
2022-02-25 20:00:00,51.64,90.24,9.23,2.62,5.55,NA,NA,0.37,45.54,NA,NA,NA,NA,NA,NA,NA,NA,NA,NA,NA,0.00,NA,NA,NA
2022-02-25 21:00:00,38.90,105.71,9.07,2.81,5.13,NA,NA,0.42,33.56,NA,NA,NA,NA,NA,NA,NA,NA,NA,NA,NA,0.00,NA,NA,NA
2022-02-25 22:00:00,50.19,177.34,9.13,2.50,3.44,NA,NA,0.46,29.47,NA,NA,NA,NA,NA,NA,NA,NA,NA,NA,NA,0.00,NA,NA,NA
2022-02-25 23:00:00,41.36,108.83,10.55,9.77,17.82,NA,NA,0.42,33.70,NA,NA,NA,NA,NA,NA,NA,NA,NA,NA,NA,0.00,NA,NA,NA
2022-02-26 00:00:00,23.25,96.82,10.84,8.44,19.28,NA,NA,0.37,49.35,NA,NA,NA,NA,NA,NA,NA,NA,NA,NA,NA,0.00,NA,NA,NA
2022-02-26 01:00:00,40.29,101.48,10.83,12.26,23.08,NA,NA,0.38,35.71,NA,NA,NA,NA,NA,NA,NA,NA,NA,NA,NA,0.00,NA,NA,NA
2022-02-26 02:00:00,26.66,67.41,10.76,11.53,22.28,NA,NA,0.35,34.18,NA,NA,NA,NA,NA,NA,NA,NA,NA,NA,NA,0.00,NA,NA,NA
2022-02-26 03:00:00,20.33,63.54,8.89,0.14,3.52,NA,NA,0.34,38.64,NA,NA,NA,NA,NA,NA,NA,NA,NA,NA,NA,0.00,NA,NA,NA
2022-02-26 04:00:00,32.30,79.43,8.64,NA,2.32,NA,NA,0.28,48.65,NA,NA,NA,NA,NA,NA,NA,NA,NA,NA,NA,0.00,NA,NA,NA
2022-02-26 05:00:00,30.48,83.18,8.88,NA,2.44,NA,NA,0.25,52.54,NA,NA,NA,NA,NA,NA,NA,NA,NA,NA,NA,0.00,NA,NA,NA
2022-02-26 06:00:00,24.68,66.16,8.91,NA,2.67,NA,NA,0.24,49.23,NA,NA,NA,NA,NA,NA,NA,NA,NA,NA,NA,0.00,NA,NA,NA
2022-02-26 07:00:00,19.88,42.84,9.12,NA,2.88,NA,NA,0.25,55.34,NA,NA,NA,NA,NA,NA,NA,NA,NA,NA,NA,0.00,NA,NA,NA
2022-02-26 08:00:00,12.14,6.27,9.02,NA,2.63,NA,NA,0.30,47.24,NA,NA,NA,NA,NA,NA,NA,NA,NA,NA,NA,0.00,NA,NA,NA
2022-02-26 09:00:00,2.28,7.19,8.93,NA,2.49,NA,NA,0.32,53.08,NA,NA,NA,NA,NA,NA,NA,NA,NA,NA,NA,0.00,NA,NA,NA
2022-02-26 10:00:00,7.05,30.55,8.74,NA,2.39,NA,NA,0.31,53.90,NA,NA,NA,NA,NA,NA,NA,NA,NA,NA,NA,0.00,NA,NA,NA
2022-02-26 11:00:00,16.33,47.50,8.79,NA,2.29,NA,NA,0.30,56.16,NA,NA,NA,NA,NA,NA,NA,NA,NA,NA,NA,0.00,NA,NA,NA
2022-02-26 12:00:00,4.79,57.47,4.07,NA,4.36,NA,NA,0.28,83.45,NA,NA,NA,NA,NA,NA,NA,NA,NA,NA,NA,0.00,NA,NA,NA
2022-02-26 13:00:00,14.35,52.39,NA,NA,NA,NA,NA,0.31,63.39,NA,NA,NA,NA,NA,NA,NA,NA,NA,NA,NA,0.00,NA,NA,NA
2022-02-26 14:00:00,18.88,61.54,NA,NA,NA,NA,NA,0.28,67.33,NA,NA,NA,NA,NA,NA,NA,NA,NA,NA,NA,0.00,NA,NA,NA
2022-02-26 15:00:00,10.93,50.40,NA,NA,NA,NA,NA,0.28,68.66,NA,NA,NA,NA,NA,NA,NA,NA,NA,NA,NA,0.00,NA,NA,NA
2022-02-26 16:00:00,29.01,52.48,NA,NA,NA,NA,NA,0.29,62.34,NA,NA,NA,NA,NA,NA,NA,NA,NA,NA,NA,0.00,NA,NA,NA
2022-02-26 17:00:00,13.63,51.39,NA,NA,NA,NA,NA,0.28,61.63,NA,NA,NA,NA,NA,NA,NA,NA,NA,NA,NA,0.00,NA,NA,NA
2022-02-26 18:00:00,13.76,46.96,NA,NA,NA,NA,NA,0.31,50.97,NA,NA,NA,NA,NA,NA,NA,NA,NA,NA,NA,0.00,NA,NA,NA
2022-02-26 19:00:00,21.25,62.61,NA,NA,NA,NA,NA,0.34,35.10,NA,NA,NA,NA,NA,NA,NA,NA,NA,NA,NA,0.00,NA,NA,NA
2022-02-26 20:00:00,43.08,128.61,NA,NA,NA,NA,NA,0.44,22.85,NA,NA,NA,NA,NA,NA,NA,NA,NA,NA,NA,0.00,NA,NA,NA
2022-02-26 21:00:00,49.33,141.60,NA,NA,NA,NA,NA,0.43,20.20,NA,NA,NA,NA,NA,NA,NA,NA,NA,NA,NA,0.00,NA,NA,NA
2022-02-26 22:00:00,40.56,125.51,NA,NA,NA,NA,NA,0.43,17.69,NA,NA,NA,NA,NA,NA,NA,NA,NA,NA,NA,0.00,NA,NA,NA
2022-02-26 23:00:00,34.73,109.01,NA,NA,NA,NA,NA,0.40,15.74,NA,NA,NA,NA,NA,NA,NA,NA,NA,NA,NA,0.00,NA,NA,NA
2022-02-27 00:00:00,40.09,104.39,NA,NA,NA,NA,NA,0.44,17.07,NA,NA,NA,NA,NA,NA,NA,NA,NA,NA,NA,0.00,NA,NA,NA
2022-02-27 01:00:00,30.47,72.12,NA,NA,NA,NA,NA,0.30,32.81,NA,NA,NA,NA,NA,NA,NA,NA,NA,NA,NA,0.00,NA,NA,NA
2022-02-27 02:00:00,5.66,25.92,NA,NA,NA,NA,NA,0.29,27.02,NA,NA,NA,NA,NA,NA,NA,NA,NA,NA,NA,0.00,NA,NA,NA
2022-02-27 03:00:00,14.77,39.72,NA,NA,NA,NA,NA,0.35,13.24,NA,NA,NA,NA,NA,NA,NA,NA,NA,NA,NA,0.00,NA,NA,NA
2022-02-27 04:00:00,23.88,54.69,NA,NA,NA,NA,NA,0.39,6.70,NA,NA,NA,NA,NA,NA,NA,NA,NA,NA,NA,0.00,NA,NA,NA
2022-02-27 05:00:00,29.26,56.92,NA,NA,NA,NA,NA,0.41,3.28,NA,NA,NA,NA,NA,NA,NA,NA,NA,NA,NA,0.00,NA,NA,NA
2022-02-27 06:00:00,37.97,72.74,NA,NA,NA,NA,NA,0.39,3.49,NA,NA,NA,NA,NA,NA,NA,NA,NA,NA,NA,0.00,NA,NA,NA
2022-02-27 07:00:00,29.39,63.15,NA,NA,NA,NA,NA,0.40,5.09,NA,NA,NA,NA,NA,NA,NA,NA,NA,NA,NA,0.00,NA,NA,NA
2022-02-27 08:00:00,32.47,73.35,NA,NA,NA,NA,NA,0.45,11.34,NA,NA,NA,NA,NA,NA,NA,NA,NA,NA,NA,0.00,NA,NA,NA
2022-02-27 09:00:00,32.14,70.37,NA,NA,NA,NA,NA,0.39,26.45,NA,NA,NA,NA,NA,NA,NA,NA,NA,NA,NA,0.00,NA,NA,NA
2022-02-27 10:00:00,25.35,58.88,NA,NA,NA,NA,NA,0.34,44.72,NA,NA,NA,NA,NA,NA,NA,NA,NA,NA,NA,0.00,NA,NA,NA
2022-02-27 11:00:00,22.87,68.91,NA,NA,NA,NA,NA,0.32,60.56,NA,NA,NA,NA,NA,NA,NA,NA,NA,NA,NA,0.00,NA,NA,NA
2022-02-27 12:00:00,29.96,83.00,NA,NA,NA,NA,NA,0.33,74.25,NA,NA,NA,NA,NA,NA,NA,NA,NA,NA,NA,0.00,NA,NA,NA
2022-02-27 13:00:00,32.08,87.56,NA,NA,NA,NA,NA,0.32,83.14,NA,NA,NA,NA,NA,NA,NA,NA,NA,NA,NA,0.00,NA,NA,NA
2022-02-27 14:00:00,32.11,108.50,NA,NA,NA,NA,NA,0.31,82.95,NA,NA,NA,NA,NA,NA,NA,NA,NA,NA,NA,0.00,NA,NA,NA
2022-02-27 15:00:00,28.67,89.30,NA,NA,NA,NA,NA,0.29,77.24,NA,NA,NA,NA,NA,NA,NA,NA,NA,NA,NA,0.00,NA,NA,NA
2022-02-27 16:00:00,24.41,58.80,NA,NA,NA,NA,NA,0.28,73.98,NA,NA,NA,NA,NA,NA,NA,NA,NA,NA,NA,0.00,NA,NA,NA
2022-02-27 17:00:00,25.29,122.33,NA,NA,NA,NA,NA,0.29,60.02,NA,NA,NA,NA,NA,NA,NA,NA,NA,NA,NA,0.00,NA,NA,NA
2022-02-27 18:00:00,32.66,85.94,NA,NA,NA,NA,NA,0.34,56.00,NA,NA,NA,NA,NA,NA,NA,NA,NA,NA,NA,0.00,NA,NA,NA
2022-02-27 19:00:00,86.20,187.57,NA,NA,NA,NA,NA,0.58,38.86,NA,NA,NA,NA,NA,NA,NA,NA,NA,NA,NA,0.00,NA,NA,NA
2022-02-27 20:00:00,165.69,355.63,NA,NA,NA,NA,NA,0.58,23.38,NA,NA,NA,NA,NA,NA,NA,NA,NA,NA,NA,0.00,NA,NA,NA
2022-02-27 21:00:00,78.24,221.00,NA,NA,NA,NA,NA,0.49,8.32,NA,NA,NA,NA,NA,NA,NA,NA,NA,NA,NA,0.00,NA,NA,NA
2022-02-27 22:00:00,30.84,129.83,NA,NA,NA,NA,NA,0.37,6.47,NA,NA,NA,NA,NA,NA,NA,NA,NA,NA,NA,0.00,NA,NA,NA
2022-02-27 23:00:00,29.14,95.21,NA,NA,NA,NA,NA,0.36,14.25,NA,NA,NA,NA,NA,NA,NA,NA,NA,NA,NA,0.00,NA,NA,NA
2022-02-28 00:00:00,38.44,120.41,NA,NA,NA,NA,NA,0.37,22.62,NA,NA,NA,NA,NA,NA,NA,NA,NA,NA,NA,0.00,NA,NA,NA
2022-02-28 01:00:00,41.89,124.63,NA,NA,NA,NA,NA,0.38,20.01,NA,NA,NA,NA,NA,NA,NA,NA,NA,NA,NA,0.00,NA,NA,NA
2022-02-28 02:00:00,44.10,126.43,NA,NA,NA,NA,NA,0.33,19.74,NA,NA,NA,NA,NA,NA,NA,NA,NA,NA,NA,0.00,NA,NA,NA
2022-02-28 03:00:00,32.86,87.77,NA,NA,NA,NA,NA,0.29,26.45,NA,NA,NA,NA,NA,NA,NA,NA,NA,NA,NA,0.00,NA,NA,NA
2022-02-28 04:00:00,23.70,50.44,NA,NA,NA,NA,NA,0.27,25.69,NA,NA,NA,NA,NA,NA,NA,NA,NA,NA,NA,0.00,NA,NA,NA
2022-02-28 05:00:00,19.21,64.03,NA,NA,NA,NA,NA,0.29,18.74,NA,NA,NA,NA,NA,NA,NA,NA,NA,NA,NA,0.00,NA,NA,NA
2022-02-28 06:00:00,25.69,71.68,NA,NA,NA,NA,NA,0.29,26.62,NA,NA,NA,NA,NA,NA,NA,NA,NA,NA,NA,0.00,NA,NA,NA
2022-02-28 07:00:00,34.30,76.11,NA,NA,NA,NA,NA,0.32,17.97,NA,NA,NA,NA,NA,NA,NA,NA,NA,NA,NA,0.00,NA,NA,NA
2022-02-28 08:00:00,28.09,86.93,NA,NA,NA,NA,NA,0.35,32.26,NA,NA,NA,NA,NA,NA,NA,NA,NA,NA,NA,0.00,NA,NA,NA
2022-02-28 09:00:00,29.82,91.88,NA,NA,NA,NA,NA,0.35,43.83,NA,NA,NA,NA,NA,NA,NA,NA,NA,NA,NA,0.00,NA,NA,NA
2022-02-28 10:00:00,35.34,101.31,NA,NA,NA,NA,NA,0.36,53.50,NA,NA,NA,NA,NA,NA,NA,NA,NA,NA,NA,0.00,NA,NA,NA
2022-02-28 11:00:00,27.29,112.62,NA,NA,NA,NA,NA,0.34,62.51,NA,NA,NA,NA,NA,NA,NA,NA,NA,NA,NA,0.00,NA,NA,NA
2022-02-28 12:00:00,24.90,116.72,NA,NA,NA,NA,NA,0.30,73.52,NA,NA,NA,NA,NA,NA,NA,NA,NA,NA,NA,0.00,NA,NA,NA
2022-02-28 13:00:00,22.35,80.64,NA,NA,NA,NA,NA,0.30,76.93,NA,NA,NA,NA,NA,NA,NA,NA,NA,NA,NA,0.00,NA,NA,NA
2022-02-28 14:00:00,35.76,79.68,NA,NA,NA,NA,NA,0.34,81.30,NA,NA,NA,NA,NA,NA,NA,NA,NA,NA,NA,0.00,NA,NA,NA
2022-02-28 15:00:00,22.11,64.34,29.28,10.30,53.89,NA,NA,0.33,78.37,NA,NA,NA,NA,NA,NA,NA,NA,NA,NA,NA,0.00,NA,NA,NA
2022-02-28 16:00:00,11.56,53.61,7.56,13.23,20.80,NA,NA,0.33,83.89,NA,NA,NA,NA,NA,NA,NA,NA,NA,NA,NA,0.00,NA,NA,NA
2022-02-28 17:00:00,16.87,75.30,5.62,12.68,18.30,NA,NA,0.33,80.96,NA,NA,NA,NA,NA,NA,NA,NA,NA,NA,NA,0.00,NA,NA,NA
2022-02-28 18:00:00,28.96,75.67,4.39,12.38,16.77,NA,NA,0.38,67.53,NA,NA,NA,NA,NA,NA,NA,NA,NA,NA,NA,0.00,NA,NA,NA
2022-02-28 19:00:00,32.11,123.84,4.10,12.39,16.49,NA,NA,0.48,43.26,NA,NA,NA,NA,NA,NA,NA,NA,NA,NA,NA,0.00,NA,NA,NA
2022-02-28 20:00:00,48.70,165.42,3.88,12.44,16.31,NA,NA,0.61,24.98,NA,NA,NA,NA,NA,NA,NA,NA,NA,NA,NA,0.00,NA,NA,NA
2022-02-28 21:00:00,62.50,178.11,3.86,12.41,16.27,NA,NA,0.70,10.63,NA,NA,NA,NA,NA,NA,NA,NA,NA,NA,NA,0.00,NA,NA,NA
2022-02-28 22:00:00,61.24,181.10,3.73,12.54,16.27,NA,NA,0.72,5.40,NA,NA,NA,NA,NA,NA,NA,NA,NA,NA,NA,0.00,NA,NA,NA
2022-02-28 23:00:00,54.64,173.68,3.67,12.50,16.18,NA,NA,0.74,3.10,NA,NA,NA,NA,NA,NA,NA,NA,NA,NA,NA,0.00,NA,NA,NA
2022-03-01 00:00:00,60.81,169.15,3.54,12.49,16.04,NA,NA,0.77,3.34,NA,NA,NA,NA,NA,NA,NA,NA,NA,NA,NA,0.00,NA,NA,NA
2022-03-01 01:00:00,67.18,195.92,3.54,12.40,15.95,NA,NA,0.68,3.97,NA,NA,NA,NA,NA,NA,NA,NA,NA,NA,NA,0.00,NA,NA,NA
2022-03-01 02:00:00,78.03,170.79,3.49,12.46,15.95,NA,NA,0.61,5.69,NA,NA,NA,NA,NA,NA,NA,NA,NA,NA,NA,0.00,NA,NA,NA
2022-03-01 03:00:00,73.72,164.61,3.53,12.38,15.90,NA,NA,0.57,4.95,NA,NA,NA,NA,NA,NA,NA,NA,NA,NA,NA,0.00,NA,NA,NA
2022-03-01 04:00:00,68.48,156.89,3.64,12.39,16.03,NA,NA,0.53,3.46,NA,NA,NA,NA,NA,NA,NA,NA,NA,NA,NA,0.00,NA,NA,NA
2022-03-01 05:00:00,73.03,138.63,3.69,12.43,16.12,NA,NA,0.52,3.29,NA,NA,NA,NA,NA,NA,NA,NA,NA,NA,NA,0.00,NA,NA,NA
2022-03-01 06:00:00,78.40,168.84,3.45,12.30,15.75,NA,NA,0.61,2.24,NA,NA,NA,NA,NA,NA,NA,NA,NA,NA,NA,0.00,NA,NA,NA
2022-03-01 07:00:00,91.13,220.14,3.66,12.52,16.18,NA,NA,0.72,3.52,NA,NA,NA,NA,NA,NA,NA,NA,NA,NA,NA,0.00,NA,NA,NA
2022-03-01 08:00:00,91.40,239.28,4.48,12.60,17.08,NA,NA,0.76,8.25,NA,NA,NA,NA,NA,NA,NA,NA,NA,NA,NA,0.00,NA,NA,NA
2022-03-01 09:00:00,89.92,224.06,5.06,12.63,17.69,NA,NA,0.63,34.91,NA,NA,NA,NA,NA,NA,NA,NA,NA,NA,NA,0.00,NA,NA,NA
2022-03-01 10:00:00,54.75,159.91,5.52,12.80,18.32,NA,NA,0.51,63.19,NA,NA,NA,NA,NA,NA,NA,NA,NA,NA,NA,0.00,NA,NA,NA
2022-03-01 11:00:00,43.34,132.17,6.15,12.97,19.12,NA,NA,0.47,71.65,NA,NA,NA,NA,NA,NA,NA,NA,NA,NA,NA,0.00,NA,NA,NA
2022-03-01 12:00:00,41.45,114.58,6.41,12.98,19.38,NA,NA,0.44,75.67,NA,NA,NA,NA,NA,NA,NA,NA,NA,NA,NA,0.00,NA,NA,NA
2022-03-01 13:00:00,36.72,98.57,6.17,12.87,19.04,NA,NA,0.40,80.51,NA,NA,NA,NA,NA,NA,NA,NA,NA,NA,NA,0.00,NA,NA,NA
2022-03-01 14:00:00,29.77,90.90,5.72,13.02,18.73,NA,NA,0.39,87.53,NA,NA,NA,NA,NA,NA,NA,NA,NA,NA,NA,0.00,NA,NA,NA
2022-03-01 15:00:00,26.69,115.67,5.35,12.77,18.13,NA,NA,0.41,91.39,NA,NA,NA,NA,NA,NA,NA,NA,NA,NA,NA,0.00,NA,NA,NA
2022-03-01 16:00:00,41.08,107.85,4.90,12.56,17.45,NA,NA,0.42,89.28,NA,NA,NA,NA,NA,NA,NA,NA,NA,NA,NA,0.00,NA,NA,NA
2022-03-01 17:00:00,38.72,122.03,4.03,12.41,16.43,NA,NA,0.43,81.41,NA,NA,NA,NA,NA,NA,NA,NA,NA,NA,NA,0.00,NA,NA,NA
2022-03-01 18:00:00,38.92,120.29,3.18,12.39,15.56,NA,NA,0.45,59.00,NA,NA,NA,NA,NA,NA,NA,NA,NA,NA,NA,0.00,NA,NA,NA
2022-03-01 19:00:00,44.33,117.62,3.18,12.27,15.45,NA,NA,0.52,38.83,NA,NA,NA,NA,NA,NA,NA,NA,NA,NA,NA,0.00,NA,NA,NA
2022-03-01 20:00:00,63.04,154.67,3.21,12.37,15.57,NA,NA,0.65,13.31,NA,NA,NA,NA,NA,NA,NA,NA,NA,NA,NA,0.00,NA,NA,NA
2022-03-01 21:00:00,84.21,186.48,3.20,12.25,15.45,NA,NA,0.85,4.53,NA,NA,NA,NA,NA,NA,NA,NA,NA,NA,NA,0.00,NA,NA,NA
2022-03-01 22:00:00,106.20,245.56,3.29,12.14,15.43,NA,NA,0.86,3.88,NA,NA,NA,NA,NA,NA,NA,NA,NA,NA,NA,0.00,NA,NA,NA
2022-03-01 23:00:00,76.16,206.64,3.20,12.29,15.49,NA,NA,0.98,2.58,NA,NA,NA,NA,NA,NA,NA,NA,NA,NA,NA,0.00,NA,NA,NA
2022-03-02 00:00:00,76.62,200.72,3.24,12.16,15.40,NA,NA,1.07,3.53,NA,NA,NA,NA,NA,NA,NA,NA,NA,NA,NA,0.00,NA,NA,NA
2022-03-02 01:00:00,72.60,205.77,3.24,12.23,15.46,NA,NA,1.05,2.74,NA,NA,NA,NA,NA,NA,NA,NA,NA,NA,NA,0.00,NA,NA,NA
2022-03-02 02:00:00,77.20,199.07,3.06,12.37,15.42,NA,NA,1.06,2.37,NA,NA,NA,NA,NA,NA,NA,NA,NA,NA,NA,0.00,NA,NA,NA
2022-03-02 03:00:00,87.27,201.43,3.19,12.36,15.56,NA,NA,1.01,2.80,NA,NA,NA,NA,NA,NA,NA,NA,NA,NA,NA,0.00,NA,NA,NA
2022-03-02 04:00:00,69.45,175.68,3.09,12.41,15.51,NA,NA,0.90,2.34,NA,NA,NA,NA,NA,NA,NA,NA,NA,NA,NA,0.00,NA,NA,NA
2022-03-02 05:00:00,74.47,149.62,3.28,12.18,15.46,NA,NA,0.90,2.74,NA,NA,NA,NA,NA,NA,NA,NA,NA,NA,NA,0.00,NA,NA,NA
2022-03-02 06:00:00,97.37,222.09,3.22,12.37,15.59,NA,NA,0.89,3.91,NA,NA,NA,NA,NA,NA,NA,NA,NA,NA,NA,0.00,NA,NA,NA
2022-03-02 07:00:00,107.02,249.66,3.57,12.34,15.91,NA,NA,0.89,3.64,NA,NA,NA,NA,NA,NA,NA,NA,NA,NA,NA,0.00,NA,NA,NA
2022-03-02 08:00:00,123.39,303.67,4.19,12.56,16.75,NA,NA,1.04,7.03,NA,NA,NA,NA,NA,NA,NA,NA,NA,NA,NA,0.00,NA,NA,NA
2022-03-02 09:00:00,154.72,329.71,4.80,12.68,17.48,NA,NA,1.13,17.68,NA,NA,NA,NA,NA,NA,NA,NA,NA,NA,NA,0.00,NA,NA,NA
2022-03-02 10:00:00,118.36,285.26,5.44,12.96,18.40,NA,NA,0.84,49.76,NA,NA,NA,NA,NA,NA,NA,NA,NA,NA,NA,0.00,NA,NA,NA
2022-03-02 11:00:00,79.27,177.30,6.21,12.85,19.05,NA,NA,0.65,75.93,NA,NA,NA,NA,NA,NA,NA,NA,NA,NA,NA,0.00,NA,NA,NA
2022-03-02 12:00:00,60.73,169.31,6.26,12.99,19.25,NA,NA,0.54,83.88,NA,NA,NA,NA,NA,NA,NA,NA,NA,NA,NA,0.00,NA,NA,NA
2022-03-02 13:00:00,39.58,153.30,6.13,12.87,19.00,NA,NA,0.44,85.66,NA,NA,NA,NA,NA,NA,NA,NA,NA,NA,NA,0.00,NA,NA,NA
2022-03-02 14:00:00,30.70,112.95,5.77,12.91,18.68,NA,NA,0.39,83.25,NA,NA,NA,NA,NA,NA,NA,NA,NA,NA,NA,0.00,NA,NA,NA
2022-03-02 15:00:00,28.24,125.68,5.22,12.81,18.03,NA,NA,0.40,89.11,NA,NA,NA,NA,NA,NA,NA,NA,NA,NA,NA,0.00,NA,NA,NA
2022-03-02 16:00:00,35.88,109.14,4.65,12.52,17.18,NA,NA,0.39,85.07,NA,NA,NA,NA,NA,NA,NA,NA,NA,NA,NA,0.00,NA,NA,NA
2022-03-02 17:00:00,23.58,80.11,3.92,12.45,16.38,NA,NA,0.37,70.56,NA,NA,NA,NA,NA,NA,NA,NA,NA,NA,NA,0.00,NA,NA,NA
2022-03-02 18:00:00,33.53,105.50,3.06,12.35,15.41,NA,NA,0.39,53.10,NA,NA,NA,NA,NA,NA,NA,NA,NA,NA,NA,0.00,NA,NA,NA
2022-03-02 19:00:00,33.97,92.52,3.07,12.15,15.22,NA,NA,0.42,34.89,NA,NA,NA,NA,NA,NA,NA,NA,NA,NA,NA,0.00,NA,NA,NA
2022-03-02 20:00:00,33.22,79.28,2.97,12.34,15.31,NA,NA,0.48,16.15,NA,NA,NA,NA,NA,NA,NA,NA,NA,NA,NA,0.00,NA,NA,NA
2022-03-02 21:00:00,57.94,112.33,3.09,12.33,15.42,NA,NA,0.59,7.40,NA,NA,NA,NA,NA,NA,NA,NA,NA,NA,NA,0.00,NA,NA,NA
2022-03-02 22:00:00,77.66,161.25,2.97,12.47,15.44,NA,NA,0.70,4.32,NA,NA,NA,NA,NA,NA,NA,NA,NA,NA,NA,0.00,NA,NA,NA
2022-03-02 23:00:00,76.78,174.13,2.95,12.54,15.49,NA,NA,0.80,3.24,NA,NA,NA,NA,NA,NA,NA,NA,NA,NA,NA,0.00,NA,NA,NA
2022-03-03 00:00:00,70.52,186.12,3.09,12.20,15.30,NA,NA,0.92,2.55,NA,NA,NA,NA,NA,NA,NA,NA,NA,NA,NA,0.00,NA,NA,NA
2022-03-03 01:00:00,88.68,279.75,3.12,12.14,15.26,NA,NA,0.92,10.26,NA,NA,NA,NA,NA,NA,NA,NA,NA,NA,NA,0.00,NA,NA,NA
2022-03-03 02:00:00,90.50,225.54,3.07,12.28,15.35,NA,NA,0.63,13.31,NA,NA,NA,NA,NA,NA,NA,NA,NA,NA,NA,0.00,NA,NA,NA
2022-03-03 03:00:00,68.15,162.21,3.07,12.30,15.37,NA,NA,0.56,16.58,NA,NA,NA,NA,NA,NA,NA,NA,NA,NA,NA,0.00,NA,NA,NA
2022-03-03 04:00:00,57.40,130.16,3.11,12.42,15.52,NA,NA,0.53,17.32,NA,NA,NA,NA,NA,NA,NA,NA,NA,NA,NA,0.00,NA,NA,NA
2022-03-03 05:00:00,57.09,134.66,3.09,12.30,15.38,NA,NA,0.54,12.67,NA,NA,NA,NA,NA,NA,NA,NA,NA,NA,NA,0.00,NA,NA,NA
2022-03-03 06:00:00,74.09,168.77,3.17,12.32,15.49,NA,NA,0.56,12.64,NA,NA,NA,NA,NA,NA,NA,NA,NA,NA,NA,0.00,NA,NA,NA
2022-03-03 07:00:00,68.95,152.04,3.38,12.21,15.59,NA,NA,0.56,12.16,NA,NA,NA,NA,NA,NA,NA,NA,NA,NA,NA,0.00,NA,NA,NA
2022-03-03 08:00:00,51.53,122.56,4.24,12.38,16.62,NA,NA,0.54,24.82,NA,NA,NA,NA,NA,NA,NA,NA,NA,NA,NA,0.00,NA,NA,NA
2022-03-03 09:00:00,46.87,100.87,4.83,12.73,17.57,NA,NA,0.49,51.59,NA,NA,NA,NA,NA,NA,NA,NA,NA,NA,NA,0.00,NA,NA,NA
2022-03-03 10:00:00,57.59,141.13,5.24,12.67,17.91,NA,NA,0.64,65.18,NA,NA,NA,NA,NA,NA,NA,NA,NA,NA,NA,0.00,NA,NA,NA
2022-03-03 11:00:00,98.15,245.05,5.74,12.92,18.66,NA,NA,0.55,66.27,NA,NA,NA,NA,NA,NA,NA,NA,NA,NA,NA,0.00,NA,NA,NA
2022-03-03 12:00:00,43.87,120.68,5.76,12.98,18.74,NA,NA,0.40,69.38,NA,NA,NA,NA,NA,NA,NA,NA,NA,NA,NA,0.00,NA,NA,NA
2022-03-03 13:00:00,36.15,102.60,6.04,13.05,19.09,NA,NA,0.40,73.21,NA,NA,NA,NA,NA,NA,NA,NA,NA,NA,NA,0.00,NA,NA,NA
2022-03-03 14:00:00,28.11,102.33,5.59,12.80,18.39,NA,NA,0.40,77.62,NA,NA,NA,NA,NA,NA,NA,NA,NA,NA,NA,0.00,NA,NA,NA
2022-03-03 15:00:00,36.65,99.73,5.21,12.88,18.09,NA,NA,0.41,84.72,NA,NA,NA,NA,NA,NA,NA,NA,NA,NA,NA,0.00,NA,NA,NA
2022-03-03 16:00:00,44.42,122.46,4.62,12.63,17.26,NA,NA,0.43,88.55,NA,NA,NA,NA,NA,NA,NA,NA,NA,NA,NA,0.00,NA,NA,NA
2022-03-03 17:00:00,51.02,140.14,3.78,12.37,16.15,NA,NA,0.47,86.91,NA,NA,NA,NA,NA,NA,NA,NA,NA,NA,NA,0.00,NA,NA,NA
2022-03-03 18:00:00,56.13,140.67,3.06,12.44,15.50,NA,NA,0.51,65.79,NA,NA,NA,NA,NA,NA,NA,NA,NA,NA,NA,0.00,NA,NA,NA
2022-03-03 19:00:00,61.50,224.20,3.00,12.36,15.36,NA,NA,0.56,38.14,NA,NA,NA,NA,NA,NA,NA,NA,NA,NA,NA,0.00,NA,NA,NA
2022-03-03 20:00:00,80.93,256.20,3.00,12.41,15.41,NA,NA,0.74,22.02,NA,NA,NA,NA,NA,NA,NA,NA,NA,NA,NA,0.00,NA,NA,NA
2022-03-03 21:00:00,105.77,300.47,3.03,12.35,15.38,NA,NA,0.90,9.82,NA,NA,NA,NA,NA,NA,NA,NA,NA,NA,NA,0.00,NA,NA,NA
2022-03-03 22:00:00,122.77,288.49,2.99,12.55,15.55,NA,NA,1.02,6.45,NA,NA,NA,NA,NA,NA,NA,NA,NA,NA,NA,0.00,NA,NA,NA
2022-03-03 23:00:00,115.81,325.35,3.10,12.42,15.52,NA,NA,1.31,2.62,NA,NA,NA,NA,NA,NA,NA,NA,NA,NA,NA,0.00,NA,NA,NA
2022-03-04 00:00:00,114.78,342.80,3.11,12.36,15.47,NA,NA,1.17,2.54,NA,NA,NA,NA,NA,NA,NA,NA,NA,NA,NA,0.00,NA,NA,NA
2022-03-04 01:00:00,100.71,279.08,2.99,12.29,15.28,NA,NA,1.04,1.99,NA,NA,NA,NA,NA,NA,NA,NA,NA,NA,NA,0.00,NA,NA,NA
2022-03-04 02:00:00,94.71,246.43,3.03,12.35,15.38,NA,NA,1.06,2.65,NA,NA,NA,NA,NA,NA,NA,NA,NA,NA,NA,0.00,NA,NA,NA
2022-03-04 03:00:00,88.74,752.30,3.03,12.42,15.46,NA,NA,0.81,2.66,NA,NA,NA,NA,NA,NA,NA,NA,NA,NA,NA,0.00,NA,NA,NA
2022-03-04 04:00:00,84.91,257.79,3.11,12.27,15.38,NA,NA,0.79,2.68,NA,NA,NA,NA,NA,NA,NA,NA,NA,NA,NA,0.00,NA,NA,NA
2022-03-04 05:00:00,109.36,272.71,3.05,12.31,15.36,NA,NA,0.75,2.48,NA,NA,NA,NA,NA,NA,NA,NA,NA,NA,NA,0.00,NA,NA,NA
2022-03-04 06:00:00,103.05,238.52,3.11,12.24,15.35,NA,NA,0.65,4.94,NA,NA,NA,NA,NA,NA,NA,NA,NA,NA,NA,0.00,NA,NA,NA
2022-03-04 07:00:00,88.81,182.84,3.21,12.50,15.71,NA,NA,0.69,4.57,NA,NA,NA,NA,NA,NA,NA,NA,NA,NA,NA,0.00,NA,NA,NA
2022-03-04 08:00:00,86.97,150.45,4.00,12.49,16.49,NA,NA,0.72,4.96,NA,NA,NA,NA,NA,NA,NA,NA,NA,NA,NA,0.00,NA,NA,NA
2022-03-04 09:00:00,82.79,179.04,4.68,12.71,17.39,NA,NA,0.70,18.99,NA,NA,NA,NA,NA,NA,NA,NA,NA,NA,NA,0.00,NA,NA,NA
2022-03-04 10:00:00,76.39,170.44,5.43,12.75,18.18,NA,NA,0.60,39.57,NA,NA,NA,NA,NA,NA,NA,NA,NA,NA,NA,0.00,NA,NA,NA
2022-03-04 11:00:00,58.81,166.18,5.94,13.01,18.95,NA,NA,0.53,56.20,NA,NA,NA,NA,NA,NA,NA,NA,NA,NA,NA,0.00,NA,NA,NA
2022-03-04 12:00:00,47.43,162.07,6.42,12.81,19.23,NA,NA,0.47,70.35,NA,NA,NA,NA,NA,NA,NA,NA,NA,NA,NA,0.00,NA,NA,NA
2022-03-04 13:00:00,39.82,134.58,6.10,12.93,19.04,NA,NA,0.44,76.18,NA,NA,NA,NA,NA,NA,NA,NA,NA,NA,NA,0.00,NA,NA,NA
2022-03-04 14:00:00,42.16,120.46,5.83,12.79,18.63,NA,NA,0.42,75.56,NA,NA,NA,NA,NA,NA,NA,NA,NA,NA,NA,0.00,NA,NA,NA
2022-03-04 15:00:00,37.21,120.00,5.31,12.76,18.07,NA,NA,0.42,75.37,NA,NA,NA,NA,NA,NA,NA,NA,NA,NA,NA,0.00,NA,NA,NA
2022-03-04 16:00:00,32.28,99.39,4.71,12.58,17.29,NA,NA,0.40,75.48,NA,NA,NA,NA,NA,NA,NA,NA,NA,NA,NA,0.00,NA,NA,NA
2022-03-04 17:00:00,29.12,110.60,3.93,12.49,16.42,NA,NA,0.40,72.81,NA,NA,NA,NA,NA,NA,NA,NA,NA,NA,NA,0.00,NA,NA,NA
2022-03-04 18:00:00,37.98,210.23,3.16,12.30,15.46,NA,NA,0.42,64.11,NA,NA,NA,NA,NA,NA,NA,NA,NA,NA,NA,0.00,NA,NA,NA
2022-03-04 19:00:00,31.93,100.81,3.10,12.26,15.37,NA,NA,0.48,47.97,NA,NA,NA,NA,NA,NA,NA,NA,NA,NA,NA,0.00,NA,NA,NA
2022-03-04 20:00:00,37.36,122.40,3.19,12.35,15.54,NA,NA,0.51,39.76,NA,NA,NA,NA,NA,NA,NA,NA,NA,NA,NA,0.00,NA,NA,NA
2022-03-04 21:00:00,37.28,152.79,3.13,12.33,15.46,NA,NA,0.53,33.42,NA,NA,NA,NA,NA,NA,NA,NA,NA,NA,NA,0.00,NA,NA,NA
2022-03-04 22:00:00,46.07,209.74,3.17,12.36,15.54,NA,NA,0.51,31.81,NA,NA,NA,NA,NA,NA,NA,NA,NA,NA,NA,0.00,NA,NA,NA
2022-03-04 23:00:00,47.48,129.70,3.12,12.40,15.52,NA,NA,0.51,30.91,NA,NA,NA,NA,NA,NA,NA,NA,NA,NA,NA,0.00,NA,NA,NA
2022-03-05 00:00:00,34.87,119.25,3.09,12.39,15.48,NA,NA,0.48,31.14,NA,NA,NA,NA,NA,NA,NA,NA,NA,NA,NA,0.00,NA,NA,NA
2022-03-05 01:00:00,43.85,120.88,3.17,12.40,15.57,NA,NA,0.50,30.52,NA,NA,NA,NA,NA,NA,NA,NA,NA,NA,NA,0.00,NA,NA,NA
2022-03-05 02:00:00,59.15,121.27,3.21,12.36,15.56,NA,NA,0.50,30.39,NA,NA,NA,NA,NA,NA,NA,NA,NA,NA,NA,0.00,NA,NA,NA
2022-03-05 03:00:00,45.74,111.93,3.22,12.19,15.41,NA,NA,0.50,29.39,NA,NA,NA,NA,NA,NA,NA,NA,NA,NA,NA,0.00,NA,NA,NA
2022-03-05 04:00:00,43.10,93.19,3.26,12.33,15.59,NA,NA,0.50,27.38,NA,NA,NA,NA,NA,NA,NA,NA,NA,NA,NA,0.00,NA,NA,NA
2022-03-05 05:00:00,46.29,82.13,3.20,12.15,15.34,NA,NA,0.51,21.91,NA,NA,NA,NA,NA,NA,NA,NA,NA,NA,NA,0.00,NA,NA,NA
2022-03-05 06:00:00,51.68,82.19,3.28,12.25,15.53,NA,NA,0.53,14.71,NA,NA,NA,NA,NA,NA,NA,NA,NA,NA,NA,0.00,NA,NA,NA
2022-03-05 07:00:00,51.14,73.04,3.50,12.41,15.90,NA,NA,0.50,15.22,NA,NA,NA,NA,NA,NA,NA,NA,NA,NA,NA,0.00,NA,NA,NA
2022-03-05 08:00:00,47.13,90.98,4.17,12.57,16.73,NA,NA,0.52,25.13,NA,NA,NA,NA,NA,NA,NA,NA,NA,NA,NA,0.00,NA,NA,NA
2022-03-05 09:00:00,35.71,123.05,4.74,12.90,17.64,NA,NA,0.48,42.61,NA,NA,NA,NA,NA,NA,NA,NA,NA,NA,NA,0.00,NA,NA,NA
2022-03-05 10:00:00,31.89,121.18,5.31,12.56,17.87,NA,NA,0.47,56.93,NA,NA,NA,NA,NA,NA,NA,NA,NA,NA,NA,0.00,NA,NA,NA
2022-03-05 11:00:00,44.27,113.14,5.72,12.85,18.57,NA,NA,0.48,68.51,NA,NA,NA,NA,NA,NA,NA,NA,NA,NA,NA,0.00,NA,NA,NA
2022-03-05 12:00:00,33.80,120.87,6.14,12.73,18.87,NA,NA,0.45,78.35,NA,NA,NA,NA,NA,NA,NA,NA,NA,NA,NA,0.00,NA,NA,NA
2022-03-05 13:00:00,34.80,99.07,5.71,13.01,18.72,NA,NA,0.42,80.92,NA,NA,NA,NA,NA,NA,NA,NA,NA,NA,NA,0.00,NA,NA,NA
2022-03-05 14:00:00,27.46,93.81,5.54,12.79,18.34,NA,NA,0.40,80.03,NA,NA,NA,NA,NA,NA,NA,NA,NA,NA,NA,0.00,NA,NA,NA
2022-03-05 15:00:00,30.06,90.11,5.32,12.57,17.88,NA,NA,0.40,81.20,NA,NA,NA,NA,NA,NA,NA,NA,NA,NA,NA,0.00,NA,NA,NA
2022-03-05 16:00:00,36.29,108.35,4.63,12.70,17.34,NA,NA,0.42,87.90,NA,NA,NA,NA,NA,NA,NA,NA,NA,NA,NA,0.00,NA,NA,NA
2022-03-05 17:00:00,38.25,101.68,3.94,12.56,16.50,NA,NA,0.41,84.74,NA,NA,NA,NA,NA,NA,NA,NA,NA,NA,NA,0.00,NA,NA,NA
2022-03-05 18:00:00,46.19,117.63,3.17,12.33,15.50,NA,NA,0.44,78.95,NA,NA,NA,NA,NA,NA,NA,NA,NA,NA,NA,0.00,NA,NA,NA
2022-03-05 19:00:00,43.24,123.59,3.11,12.13,15.24,NA,NA,0.51,60.99,NA,NA,NA,NA,NA,NA,NA,NA,NA,NA,NA,0.00,NA,NA,NA
2022-03-05 20:00:00,48.26,147.30,3.06,12.64,15.70,NA,NA,0.55,47.35,NA,NA,NA,NA,NA,NA,NA,NA,NA,NA,NA,0.00,NA,NA,NA
2022-03-05 21:00:00,43.51,136.46,3.24,12.17,15.41,NA,NA,0.55,40.89,NA,NA,NA,NA,NA,NA,NA,NA,NA,NA,NA,0.00,NA,NA,NA
2022-03-05 22:00:00,52.88,130.53,3.23,12.18,15.41,NA,NA,0.57,33.02,NA,NA,NA,NA,NA,NA,NA,NA,NA,NA,NA,0.00,NA,NA,NA
2022-03-05 23:00:00,48.88,140.09,3.17,12.32,15.49,NA,NA,0.54,29.94,NA,NA,NA,NA,NA,NA,NA,NA,NA,NA,NA,0.00,NA,NA,NA
2022-03-06 00:00:00,45.84,101.93,3.22,12.22,15.44,NA,NA,0.54,25.93,NA,NA,NA,NA,NA,NA,NA,NA,NA,NA,NA,0.00,NA,NA,NA
2022-03-06 01:00:00,59.95,100.20,3.26,12.24,15.50,NA,NA,0.52,21.76,NA,NA,NA,NA,NA,NA,NA,NA,NA,NA,NA,0.00,NA,NA,NA
2022-03-06 02:00:00,36.18,77.70,3.24,12.29,15.53,NA,NA,0.51,33.95,NA,NA,NA,NA,NA,NA,NA,NA,NA,NA,NA,0.00,NA,NA,NA
2022-03-06 03:00:00,56.49,85.50,3.17,12.35,15.52,NA,NA,0.56,23.90,NA,NA,NA,NA,NA,NA,NA,NA,NA,NA,NA,0.00,NA,NA,NA
2022-03-06 04:00:00,69.92,75.48,3.14,12.35,15.49,NA,NA,0.57,9.37,NA,NA,NA,NA,NA,NA,NA,NA,NA,NA,NA,0.00,NA,NA,NA
2022-03-06 05:00:00,64.18,77.72,3.20,12.30,15.50,NA,NA,0.57,10.63,NA,NA,NA,NA,NA,NA,NA,NA,NA,NA,NA,0.00,NA,NA,NA
2022-03-06 06:00:00,74.43,81.91,3.11,12.52,15.63,NA,NA,0.58,13.05,NA,NA,NA,NA,NA,NA,NA,NA,NA,NA,NA,0.00,NA,NA,NA
2022-03-06 07:00:00,78.65,138.98,3.62,12.35,15.97,NA,NA,0.60,8.07,NA,NA,NA,NA,NA,NA,NA,NA,NA,NA,NA,0.00,NA,NA,NA
2022-03-06 08:00:00,70.37,191.22,4.22,12.49,16.70,NA,NA,0.63,19.78,NA,NA,NA,NA,NA,NA,NA,NA,NA,NA,NA,0.00,NA,NA,NA
2022-03-06 09:00:00,69.89,189.66,4.69,12.67,17.37,NA,NA,0.62,42.46,NA,NA,NA,NA,NA,NA,NA,NA,NA,NA,NA,0.00,NA,NA,NA
2022-03-06 10:00:00,63.76,181.05,4.87,12.58,17.44,NA,NA,0.59,58.87,NA,NA,NA,NA,NA,NA,NA,NA,NA,NA,NA,0.00,NA,NA,NA
2022-03-06 11:00:00,50.93,150.43,5.76,12.87,18.63,NA,NA,0.54,74.65,NA,NA,NA,NA,NA,NA,NA,NA,NA,NA,NA,0.00,NA,NA,NA
2022-03-06 12:00:00,43.01,136.46,6.02,12.83,18.85,NA,NA,0.47,80.12,NA,NA,NA,NA,NA,NA,NA,NA,NA,NA,NA,0.00,NA,NA,NA
2022-03-06 13:00:00,36.90,117.04,6.54,12.94,19.48,NA,NA,0.45,91.86,NA,NA,NA,NA,NA,NA,NA,NA,NA,NA,NA,0.00,NA,NA,NA
2022-03-06 14:00:00,40.69,146.10,5.82,12.86,18.69,NA,NA,0.46,99.14,NA,NA,NA,NA,NA,NA,NA,NA,NA,NA,NA,0.00,NA,NA,NA
2022-03-06 15:00:00,44.32,128.93,4.69,12.62,17.30,NA,NA,0.42,101.30,NA,NA,NA,NA,NA,NA,NA,NA,NA,NA,NA,0.00,NA,NA,NA
2022-03-06 16:00:00,35.10,124.10,4.18,12.46,16.64,NA,NA,0.43,99.54,NA,NA,NA,NA,NA,NA,NA,NA,NA,NA,NA,0.00,NA,NA,NA
2022-03-06 17:00:00,42.54,125.45,3.50,12.36,15.86,NA,NA,0.47,87.72,NA,NA,NA,NA,NA,NA,NA,NA,NA,NA,NA,0.00,NA,NA,NA
2022-03-06 18:00:00,46.48,166.46,3.18,12.24,15.42,NA,NA,0.50,58.26,NA,NA,NA,NA,NA,NA,NA,NA,NA,NA,NA,0.00,NA,NA,NA
2022-03-06 19:00:00,40.72,139.10,3.10,12.45,15.55,NA,NA,0.51,32.52,NA,NA,NA,NA,NA,NA,NA,NA,NA,NA,NA,0.00,NA,NA,NA
2022-03-06 20:00:00,44.79,178.39,3.04,12.30,15.34,NA,NA,0.55,14.25,NA,NA,NA,NA,NA,NA,NA,NA,NA,NA,NA,0.00,NA,NA,NA
2022-03-06 21:00:00,55.00,170.46,3.03,12.37,15.40,NA,NA,0.59,12.09,NA,NA,NA,NA,NA,NA,NA,NA,NA,NA,NA,0.00,NA,NA,NA
2022-03-06 22:00:00,53.49,137.34,3.21,12.23,15.44,NA,NA,0.56,10.03,NA,NA,NA,NA,NA,NA,NA,NA,NA,NA,NA,0.00,NA,NA,NA
2022-03-06 23:00:00,62.76,159.56,3.03,12.35,15.38,NA,NA,0.57,13.49,NA,NA,NA,NA,NA,NA,NA,NA,NA,NA,NA,0.00,NA,NA,NA
2022-03-07 00:00:00,61.99,134.49,3.03,12.31,15.34,NA,NA,0.59,8.41,NA,NA,NA,NA,NA,NA,NA,NA,NA,NA,NA,0.00,NA,NA,NA
2022-03-07 01:00:00,82.05,199.40,3.22,12.21,15.43,NA,NA,0.76,5.50,NA,NA,NA,NA,NA,NA,NA,NA,NA,NA,NA,0.00,NA,NA,NA
2022-03-07 02:00:00,105.89,238.42,3.22,12.43,15.66,NA,NA,0.79,4.71,NA,NA,NA,NA,NA,NA,NA,NA,NA,NA,NA,0.00,NA,NA,NA
2022-03-07 03:00:00,89.76,321.06,3.01,12.43,15.43,NA,NA,0.77,3.25,NA,NA,NA,NA,NA,NA,NA,NA,NA,NA,NA,0.00,NA,NA,NA
2022-03-07 04:00:00,87.10,648.72,3.17,12.44,15.62,NA,NA,0.78,4.75,NA,NA,NA,NA,NA,NA,NA,NA,NA,NA,NA,0.00,NA,NA,NA
2022-03-07 05:00:00,75.70,391.69,3.08,12.34,15.42,NA,NA,0.72,6.16,NA,NA,NA,NA,NA,NA,NA,NA,NA,NA,NA,0.00,NA,NA,NA
2022-03-07 06:00:00,84.44,348.53,3.29,12.25,15.53,NA,NA,0.73,15.30,NA,NA,NA,NA,NA,NA,NA,NA,NA,NA,NA,0.00,NA,NA,NA
2022-03-07 07:00:00,99.06,NA,3.38,12.45,15.84,NA,NA,0.76,10.55,NA,NA,NA,NA,NA,NA,NA,NA,NA,NA,NA,0.00,NA,NA,NA
2022-03-07 08:00:00,100.39,847.48,3.90,12.42,16.30,NA,NA,0.87,16.76,NA,NA,NA,NA,NA,NA,NA,NA,NA,NA,NA,0.00,NA,NA,NA
2022-03-07 09:00:00,103.57,478.55,4.60,12.50,17.11,NA,NA,0.74,57.01,NA,NA,NA,NA,NA,NA,NA,NA,NA,NA,NA,0.00,NA,NA,NA
2022-03-07 10:00:00,79.43,387.40,4.79,12.92,17.71,NA,NA,0.63,76.86,NA,NA,NA,NA,NA,NA,NA,NA,NA,NA,NA,0.00,NA,NA,NA
2022-03-07 11:00:00,62.46,426.76,5.67,12.79,18.45,NA,NA,0.58,84.69,NA,NA,NA,NA,NA,NA,NA,NA,NA,NA,NA,0.00,NA,NA,NA
2022-03-07 12:00:00,55.94,995.39,5.86,13.01,18.87,NA,NA,0.55,88.30,NA,NA,NA,NA,NA,NA,NA,NA,NA,NA,NA,0.00,NA,NA,NA
2022-03-07 13:00:00,79.55,374.40,5.79,13.12,18.91,NA,NA,0.66,96.88,NA,NA,NA,NA,NA,NA,NA,NA,NA,NA,NA,0.00,NA,NA,NA
2022-03-07 14:00:00,89.38,295.33,5.51,12.88,18.40,NA,NA,0.69,96.35,NA,NA,NA,NA,NA,NA,NA,NA,NA,NA,NA,0.00,NA,NA,NA
2022-03-07 15:00:00,93.20,382.00,4.91,12.86,17.77,NA,NA,0.66,106.54,NA,NA,NA,NA,NA,NA,NA,NA,NA,NA,NA,0.00,NA,NA,NA
2022-03-07 16:00:00,81.59,197.27,4.48,12.58,17.06,NA,NA,0.58,104.98,NA,NA,NA,NA,NA,NA,NA,NA,NA,NA,NA,0.00,NA,NA,NA
2022-03-07 17:00:00,88.62,253.36,3.72,12.29,16.00,NA,NA,0.61,95.67,NA,NA,NA,NA,NA,NA,NA,NA,NA,NA,NA,0.00,NA,NA,NA
2022-03-07 18:00:00,76.47,215.30,3.09,12.37,15.46,NA,NA,0.60,57.20,NA,NA,NA,NA,NA,NA,NA,NA,NA,NA,NA,0.00,NA,NA,NA
2022-03-07 19:00:00,70.08,190.53,3.05,12.31,15.36,NA,NA,0.59,36.80,NA,NA,NA,NA,NA,NA,NA,NA,NA,NA,NA,0.00,NA,NA,NA
2022-03-07 20:00:00,65.94,150.21,3.05,12.38,15.43,NA,NA,0.67,22.97,NA,NA,NA,NA,NA,NA,NA,NA,NA,NA,NA,0.00,NA,NA,NA
2022-03-07 21:00:00,94.43,201.13,3.01,12.43,15.44,NA,NA,0.80,17.82,NA,NA,NA,NA,NA,NA,NA,NA,NA,NA,NA,0.00,NA,NA,NA
2022-03-07 22:00:00,84.37,189.25,3.18,12.27,15.45,NA,NA,0.73,13.28,NA,NA,NA,NA,NA,NA,NA,NA,NA,NA,NA,0.00,NA,NA,NA
2022-03-07 23:00:00,91.82,212.98,3.11,12.33,15.44,NA,NA,0.88,8.03,NA,NA,NA,NA,NA,NA,NA,NA,NA,NA,NA,0.00,NA,NA,NA
2022-03-08 00:00:00,119.49,235.97,3.13,12.25,15.38,NA,NA,1.04,2.60,NA,NA,NA,NA,NA,NA,NA,NA,NA,NA,NA,0.00,NA,NA,NA
2022-03-08 01:00:00,92.88,253.10,3.19,12.38,15.57,NA,NA,0.88,4.41,NA,NA,NA,NA,NA,NA,NA,NA,NA,NA,NA,0.00,NA,NA,NA
2022-03-08 02:00:00,69.53,141.98,3.17,12.36,15.52,NA,NA,0.74,3.21,NA,NA,NA,NA,NA,NA,NA,NA,NA,NA,NA,0.00,NA,NA,NA
2022-03-08 03:00:00,70.30,143.09,3.23,12.44,15.66,NA,NA,0.89,3.06,NA,NA,NA,NA,NA,NA,NA,NA,NA,NA,NA,0.00,NA,NA,NA
2022-03-08 04:00:00,74.98,99.01,3.30,12.26,15.55,NA,NA,1.00,3.40,NA,NA,NA,NA,NA,NA,NA,NA,NA,NA,NA,0.00,NA,NA,NA
2022-03-08 05:00:00,105.06,211.09,3.42,12.34,15.76,NA,NA,1.15,2.16,NA,NA,NA,NA,NA,NA,NA,NA,NA,NA,NA,0.00,NA,NA,NA
2022-03-08 06:00:00,116.37,314.53,3.27,12.52,15.79,NA,NA,1.30,2.93,NA,NA,NA,NA,NA,NA,NA,NA,NA,NA,NA,0.00,NA,NA,NA
2022-03-08 07:00:00,122.19,434.14,3.41,12.48,15.88,NA,NA,1.34,4.09,NA,NA,NA,NA,NA,NA,NA,NA,NA,NA,NA,0.00,NA,NA,NA
2022-03-08 08:00:00,104.93,664.35,4.13,12.60,16.74,NA,NA,1.30,7.14,NA,NA,NA,NA,NA,NA,NA,NA,NA,NA,NA,0.00,NA,NA,NA
2022-03-08 09:00:00,171.21,213.43,4.70,12.67,17.38,NA,NA,0.93,53.14,NA,NA,NA,NA,NA,NA,NA,NA,NA,NA,NA,0.00,NA,NA,NA
2022-03-08 10:00:00,115.70,254.43,5.30,12.94,18.24,NA,NA,0.71,93.16,NA,NA,NA,NA,NA,NA,NA,NA,NA,NA,NA,0.00,NA,NA,NA
2022-03-08 11:00:00,89.19,233.63,5.85,12.65,18.50,NA,NA,0.62,103.08,NA,NA,NA,NA,NA,NA,NA,NA,NA,NA,NA,0.00,NA,NA,NA
2022-03-08 12:00:00,83.51,242.85,5.97,12.80,18.77,NA,NA,0.54,106.46,NA,NA,NA,NA,NA,NA,NA,NA,NA,NA,NA,0.00,NA,NA,NA
2022-03-08 13:00:00,62.79,221.54,5.89,12.86,18.75,NA,NA,0.51,116.59,NA,NA,NA,NA,NA,NA,NA,NA,NA,NA,NA,0.00,NA,NA,NA
2022-03-08 14:00:00,58.73,212.97,5.67,12.84,18.52,NA,NA,0.45,98.28,NA,NA,NA,NA,NA,NA,NA,NA,NA,NA,NA,0.00,NA,NA,NA
2022-03-08 15:00:00,31.52,148.54,5.25,12.67,17.92,NA,NA,0.39,82.54,NA,NA,NA,NA,NA,NA,NA,NA,NA,NA,NA,0.00,NA,NA,NA
2022-03-08 16:00:00,30.69,148.29,4.74,12.59,17.33,NA,NA,0.38,82.25,NA,NA,NA,NA,NA,NA,NA,NA,NA,NA,NA,0.00,NA,NA,NA
2022-03-08 17:00:00,34.97,109.47,4.02,12.52,16.54,NA,NA,0.38,72.48,NA,NA,NA,NA,NA,NA,NA,NA,NA,NA,NA,0.00,NA,NA,NA
2022-03-08 18:00:00,30.21,112.23,3.30,12.16,15.46,NA,NA,0.40,52.99,NA,NA,NA,NA,NA,NA,NA,NA,NA,NA,NA,0.00,NA,NA,NA
2022-03-08 19:00:00,37.28,117.46,3.04,12.30,15.34,NA,NA,0.49,37.33,NA,NA,NA,NA,NA,NA,NA,NA,NA,NA,NA,0.00,NA,NA,NA
2022-03-08 20:00:00,48.06,154.72,3.13,12.26,15.38,NA,NA,0.64,12.74,NA,NA,NA,NA,NA,NA,NA,NA,NA,NA,NA,0.00,NA,NA,NA
2022-03-08 21:00:00,51.22,152.69,3.15,12.38,15.53,NA,NA,0.71,6.01,NA,NA,NA,NA,NA,NA,NA,NA,NA,NA,NA,0.00,NA,NA,NA
2022-03-08 22:00:00,47.63,124.32,3.10,12.42,15.52,NA,NA,0.72,2.62,NA,NA,NA,NA,NA,NA,NA,NA,NA,NA,NA,0.00,NA,NA,NA
2022-03-08 23:00:00,56.92,158.92,3.23,12.48,15.71,NA,NA,0.78,2.78,NA,NA,NA,NA,NA,NA,NA,NA,NA,NA,NA,0.00,NA,NA,NA
2022-03-09 00:00:00,61.51,164.44,3.24,12.39,15.62,NA,NA,0.79,3.22,NA,NA,NA,NA,NA,NA,NA,NA,NA,NA,NA,0.00,NA,NA,NA
2022-03-09 01:00:00,61.91,147.36,3.30,12.33,15.63,NA,NA,0.72,3.56,NA,NA,NA,NA,NA,NA,NA,NA,NA,NA,NA,0.00,NA,NA,NA
2022-03-09 02:00:00,55.14,125.18,3.14,12.43,15.57,NA,NA,0.61,5.35,NA,NA,NA,NA,NA,NA,NA,NA,NA,NA,NA,0.00,NA,NA,NA
2022-03-09 03:00:00,45.77,118.08,3.22,12.29,15.50,NA,NA,0.62,3.27,NA,NA,NA,NA,NA,NA,NA,NA,NA,NA,NA,0.00,NA,NA,NA
2022-03-09 04:00:00,54.88,114.66,3.17,12.42,15.59,NA,NA,0.69,2.36,NA,NA,NA,NA,NA,NA,NA,NA,NA,NA,NA,0.00,NA,NA,NA
2022-03-09 05:00:00,51.17,137.75,3.24,12.40,15.64,NA,NA,0.71,2.64,NA,NA,NA,NA,NA,NA,NA,NA,NA,NA,NA,0.00,NA,NA,NA
2022-03-09 06:00:00,66.12,142.12,3.19,12.47,15.66,NA,NA,0.70,4.33,NA,NA,NA,NA,NA,NA,NA,NA,NA,NA,NA,0.00,NA,NA,NA
2022-03-09 07:00:00,72.30,166.98,3.59,12.31,15.90,NA,NA,0.76,4.23,NA,NA,NA,NA,NA,NA,NA,NA,NA,NA,NA,0.00,NA,NA,NA
2022-03-09 08:00:00,87.27,170.87,4.14,12.48,16.62,NA,NA,0.77,12.39,NA,NA,NA,NA,NA,NA,NA,NA,NA,NA,NA,0.00,NA,NA,NA
2022-03-09 09:00:00,58.92,149.62,4.60,12.68,17.28,NA,NA,0.57,34.98,NA,NA,NA,NA,NA,NA,NA,NA,NA,NA,NA,0.00,NA,NA,NA
2022-03-09 10:00:00,42.94,137.99,5.10,12.80,17.90,NA,NA,0.51,46.07,NA,NA,NA,NA,NA,NA,NA,NA,NA,NA,NA,0.00,NA,NA,NA
2022-03-09 11:00:00,40.77,119.43,5.61,12.70,18.31,NA,NA,0.44,68.88,NA,NA,NA,NA,NA,NA,NA,NA,NA,NA,NA,0.00,NA,NA,NA
2022-03-09 12:00:00,39.88,140.88,5.77,13.01,18.78,NA,NA,0.43,87.03,NA,NA,NA,NA,NA,NA,NA,NA,NA,NA,NA,0.00,NA,NA,NA
2022-03-09 13:00:00,36.21,144.16,5.92,12.66,18.58,NA,NA,0.38,87.51,NA,NA,NA,NA,NA,NA,NA,NA,NA,NA,NA,0.00,NA,NA,NA
2022-03-09 14:00:00,28.54,129.61,5.46,12.68,18.13,NA,NA,0.36,85.19,NA,NA,NA,NA,NA,NA,NA,NA,NA,NA,NA,0.00,NA,NA,NA
2022-03-09 15:00:00,25.73,121.73,5.14,12.64,17.78,NA,NA,0.35,82.32,NA,NA,NA,NA,NA,NA,NA,NA,NA,NA,NA,0.00,NA,NA,NA
2022-03-09 16:00:00,22.82,115.74,4.44,12.61,17.05,NA,NA,0.35,82.80,NA,NA,NA,NA,NA,NA,NA,NA,NA,NA,NA,0.00,NA,NA,NA
2022-03-09 17:00:00,27.84,112.64,3.57,12.30,15.87,NA,NA,0.36,66.54,NA,NA,NA,NA,NA,NA,NA,NA,NA,NA,NA,0.00,NA,NA,NA
2022-03-09 18:00:00,24.90,105.79,3.23,12.37,15.59,NA,NA,0.38,45.38,NA,NA,NA,NA,NA,NA,NA,NA,NA,NA,NA,0.00,NA,NA,NA
2022-03-09 19:00:00,32.67,102.49,3.30,12.28,15.58,NA,NA,0.51,22.64,NA,NA,NA,NA,NA,NA,NA,NA,NA,NA,NA,0.00,NA,NA,NA
2022-03-09 20:00:00,37.60,121.92,3.29,12.33,15.61,NA,NA,0.59,4.40,NA,NA,NA,NA,NA,NA,NA,NA,NA,NA,NA,0.00,NA,NA,NA
2022-03-09 21:00:00,49.15,149.27,3.21,12.26,15.47,NA,NA,0.70,3.16,NA,NA,NA,NA,NA,NA,NA,NA,NA,NA,NA,0.00,NA,NA,NA
2022-03-09 22:00:00,56.12,149.18,3.07,12.46,15.53,NA,NA,0.73,2.84,NA,NA,NA,NA,NA,NA,NA,NA,NA,NA,NA,0.00,NA,NA,NA
2022-03-09 23:00:00,60.31,136.50,3.22,12.29,15.51,NA,NA,0.59,11.92,NA,NA,NA,NA,NA,NA,NA,NA,NA,NA,NA,0.00,NA,NA,NA
2022-03-10 00:00:00,54.25,118.59,3.38,12.05,15.43,NA,NA,0.50,25.44,NA,NA,NA,NA,NA,NA,NA,NA,NA,NA,NA,0.00,NA,NA,NA
2022-03-10 01:00:00,56.03,144.85,3.21,12.37,15.58,NA,NA,0.50,22.72,NA,NA,NA,NA,NA,NA,NA,NA,NA,NA,NA,0.00,NA,NA,NA
2022-03-10 02:00:00,52.71,129.04,3.17,12.38,15.54,NA,NA,0.51,21.27,NA,NA,NA,NA,NA,NA,NA,NA,NA,NA,NA,0.00,NA,NA,NA
2022-03-10 03:00:00,72.33,143.04,3.14,12.44,15.58,NA,NA,0.57,16.00,NA,NA,NA,NA,NA,NA,NA,NA,NA,NA,NA,0.00,NA,NA,NA
2022-03-10 04:00:00,52.63,114.42,3.19,12.28,15.47,NA,NA,0.51,21.92,NA,NA,NA,NA,NA,NA,NA,NA,NA,NA,NA,0.00,NA,NA,NA
2022-03-10 05:00:00,54.31,110.96,3.09,12.47,15.56,NA,NA,0.52,26.02,NA,NA,NA,NA,NA,NA,NA,NA,NA,NA,NA,0.00,NA,NA,NA
2022-03-10 06:00:00,62.73,104.42,3.27,12.26,15.53,NA,NA,0.53,29.28,NA,NA,NA,NA,NA,NA,NA,NA,NA,NA,NA,0.00,NA,NA,NA
2022-03-10 07:00:00,60.60,118.41,3.49,12.44,15.93,NA,NA,0.60,23.04,NA,NA,NA,NA,NA,NA,NA,NA,NA,NA,NA,0.00,NA,NA,NA
2022-03-10 08:00:00,66.39,156.81,4.21,12.60,16.81,NA,NA,0.62,28.63,NA,NA,NA,NA,NA,NA,NA,NA,NA,NA,NA,0.00,NA,NA,NA
2022-03-10 09:00:00,51.96,150.58,4.72,12.51,17.24,NA,NA,0.53,50.51,NA,NA,NA,NA,NA,NA,NA,NA,NA,NA,NA,0.00,NA,NA,NA
2022-03-10 10:00:00,52.83,152.25,5.20,12.73,17.93,NA,NA,0.55,57.55,NA,NA,NA,NA,NA,NA,NA,NA,NA,NA,NA,0.00,NA,NA,NA
2022-03-10 11:00:00,58.21,162.82,5.64,12.81,18.45,NA,NA,0.51,75.53,NA,NA,NA,NA,NA,NA,NA,NA,NA,NA,NA,0.00,NA,NA,NA
2022-03-10 12:00:00,51.36,138.64,5.80,12.79,18.58,NA,NA,0.45,82.98,NA,NA,NA,NA,NA,NA,NA,NA,NA,NA,NA,0.00,NA,NA,NA
2022-03-10 13:00:00,39.88,121.59,5.69,12.66,18.36,NA,NA,0.44,82.84,NA,NA,NA,NA,NA,NA,NA,NA,NA,NA,NA,0.00,NA,NA,NA
2022-03-10 14:00:00,42.20,144.50,5.49,12.79,18.28,NA,NA,0.42,84.10,NA,NA,NA,NA,NA,NA,NA,NA,NA,NA,NA,0.00,NA,NA,NA
2022-03-10 15:00:00,37.11,124.26,5.13,12.56,17.69,NA,NA,0.38,79.00,NA,NA,NA,NA,NA,NA,NA,NA,NA,NA,NA,0.00,NA,NA,NA
2022-03-10 16:00:00,31.63,104.93,4.63,12.59,17.22,NA,NA,0.38,75.45,NA,NA,NA,NA,NA,NA,NA,NA,NA,NA,NA,0.00,NA,NA,NA
2022-03-10 17:00:00,27.55,114.48,3.92,12.40,16.32,NA,NA,0.39,75.97,NA,NA,NA,NA,NA,NA,NA,NA,NA,NA,NA,0.00,NA,NA,NA
2022-03-10 18:00:00,41.07,108.07,3.22,12.48,15.69,NA,NA,0.44,64.93,NA,NA,NA,NA,NA,NA,NA,NA,NA,NA,NA,0.00,NA,NA,NA
2022-03-10 19:00:00,43.34,119.57,3.21,12.23,15.43,NA,NA,0.53,46.73,NA,NA,NA,NA,NA,NA,NA,NA,NA,NA,NA,0.00,NA,NA,NA
2022-03-10 20:00:00,54.40,110.76,3.17,12.32,15.49,NA,NA,0.65,33.30,NA,NA,NA,NA,NA,NA,NA,NA,NA,NA,NA,0.00,NA,NA,NA
2022-03-10 21:00:00,65.51,142.24,3.25,12.37,15.62,NA,NA,0.72,27.20,NA,NA,NA,NA,NA,NA,NA,NA,NA,NA,NA,0.00,NA,NA,NA
2022-03-10 22:00:00,69.31,149.78,3.30,12.30,15.61,NA,NA,0.72,23.41,NA,NA,NA,NA,NA,NA,NA,NA,NA,NA,NA,0.00,NA,NA,NA
2022-03-10 23:00:00,77.08,146.28,3.22,12.27,15.49,NA,NA,0.74,19.04,NA,NA,NA,NA,NA,NA,NA,NA,NA,NA,NA,0.00,NA,NA,NA
2022-03-11 00:00:00,80.29,156.41,3.09,12.38,15.47,NA,NA,0.75,10.90,NA,NA,NA,NA,NA,NA,NA,NA,NA,NA,NA,0.00,NA,NA,NA
2022-03-11 01:00:00,70.35,157.96,3.32,12.25,15.57,NA,NA,0.65,13.89,NA,NA,NA,NA,NA,NA,NA,NA,NA,NA,NA,0.00,NA,NA,NA
2022-03-11 02:00:00,64.90,134.32,3.37,12.35,15.72,NA,NA,0.62,10.74,NA,NA,NA,NA,NA,NA,NA,NA,NA,NA,NA,0.00,NA,NA,NA
2022-03-11 03:00:00,62.96,128.57,3.28,12.35,15.63,NA,NA,0.59,13.57,NA,NA,NA,NA,NA,NA,NA,NA,NA,NA,NA,0.00,NA,NA,NA
2022-03-11 04:00:00,62.46,119.75,3.34,12.36,15.71,NA,NA,0.61,3.55,NA,NA,NA,NA,NA,NA,NA,NA,NA,NA,NA,0.00,NA,NA,NA
2022-03-11 05:00:00,79.78,151.81,3.15,12.51,15.66,NA,NA,0.72,3.09,NA,NA,NA,NA,NA,NA,NA,NA,NA,NA,NA,0.00,NA,NA,NA
2022-03-11 06:00:00,95.38,204.43,3.37,12.32,15.69,NA,NA,0.77,2.50,NA,NA,NA,NA,NA,NA,NA,NA,NA,NA,NA,0.00,NA,NA,NA
2022-03-11 07:00:00,80.18,224.30,3.56,12.48,16.04,NA,NA,0.75,7.81,NA,NA,NA,NA,NA,NA,NA,NA,NA,NA,NA,0.00,NA,NA,NA
2022-03-11 08:00:00,75.03,192.71,4.19,12.53,16.72,NA,NA,0.70,22.02,NA,NA,NA,NA,NA,NA,NA,NA,NA,NA,NA,0.00,NA,NA,NA
2022-03-11 09:00:00,56.54,144.08,4.69,12.59,17.28,NA,NA,0.55,48.39,NA,NA,NA,NA,NA,NA,NA,NA,NA,NA,NA,0.00,NA,NA,NA
2022-03-11 10:00:00,41.78,133.53,5.27,12.81,18.08,NA,NA,0.51,66.80,NA,NA,NA,NA,NA,NA,NA,NA,NA,NA,NA,0.00,NA,NA,NA
2022-03-11 11:00:00,57.61,148.16,5.60,12.89,18.48,NA,NA,0.51,83.04,NA,NA,NA,NA,NA,NA,NA,NA,NA,NA,NA,0.00,NA,NA,NA
2022-03-11 12:00:00,48.21,161.34,5.92,12.63,18.55,NA,NA,0.42,81.18,NA,NA,NA,NA,NA,NA,NA,NA,NA,NA,NA,0.00,NA,NA,NA
2022-03-11 13:00:00,40.48,134.89,5.65,12.82,18.47,NA,NA,0.40,80.51,NA,NA,NA,NA,NA,NA,NA,NA,NA,NA,NA,0.00,NA,NA,NA
2022-03-11 14:00:00,31.03,127.18,5.59,12.76,18.36,NA,NA,0.36,74.03,NA,NA,NA,NA,NA,NA,NA,NA,NA,NA,NA,0.00,NA,NA,NA
2022-03-11 15:00:00,34.04,128.19,5.19,12.74,17.93,NA,NA,0.35,80.10,NA,NA,NA,NA,NA,NA,NA,NA,NA,NA,NA,0.00,NA,NA,NA
2022-03-11 16:00:00,34.05,117.94,4.86,12.53,17.39,NA,NA,0.37,83.91,NA,NA,NA,NA,NA,NA,NA,NA,NA,NA,NA,0.00,NA,NA,NA
2022-03-11 17:00:00,39.00,117.98,4.31,12.43,16.73,NA,NA,0.36,75.24,NA,NA,NA,NA,NA,NA,NA,NA,NA,NA,NA,0.00,NA,NA,NA
2022-03-11 18:00:00,39.66,117.09,3.57,12.33,15.90,NA,NA,0.41,70.49,NA,NA,NA,NA,NA,NA,NA,NA,NA,NA,NA,0.00,NA,NA,NA
2022-03-11 19:00:00,44.28,139.45,3.33,12.24,15.57,NA,NA,0.50,53.52,NA,NA,NA,NA,NA,NA,NA,NA,NA,NA,NA,0.00,NA,NA,NA
2022-03-11 20:00:00,48.39,134.55,3.32,12.27,15.58,NA,NA,0.59,36.20,NA,NA,NA,NA,NA,NA,NA,NA,NA,NA,NA,0.00,NA,NA,NA
2022-03-11 21:00:00,55.85,104.69,3.45,12.31,15.76,NA,NA,0.56,35.93,NA,NA,NA,NA,NA,NA,NA,NA,NA,NA,NA,0.00,NA,NA,NA
2022-03-11 22:00:00,46.96,120.66,3.21,12.46,15.67,NA,NA,0.55,36.94,NA,NA,NA,NA,NA,NA,NA,NA,NA,NA,NA,0.00,NA,NA,NA
2022-03-11 23:00:00,56.60,123.77,3.18,12.44,15.62,NA,NA,0.51,38.18,NA,NA,NA,NA,NA,NA,NA,NA,NA,NA,NA,0.00,NA,NA,NA
2022-03-12 00:00:00,59.89,139.27,3.32,12.15,15.46,NA,NA,0.51,37.03,NA,NA,NA,NA,NA,NA,NA,NA,NA,NA,NA,0.00,NA,NA,NA
2022-03-12 01:00:00,61.32,143.23,3.18,12.36,15.54,NA,NA,0.57,11.25,NA,NA,NA,NA,NA,NA,NA,NA,NA,NA,NA,0.00,NA,NA,NA
2022-03-12 02:00:00,70.78,146.17,3.26,12.29,15.55,NA,NA,0.66,5.98,NA,NA,NA,NA,NA,NA,NA,NA,NA,NA,NA,0.00,NA,NA,NA
2022-03-12 03:00:00,60.01,143.43,3.32,12.34,15.65,NA,NA,0.61,6.34,NA,NA,NA,NA,NA,NA,NA,NA,NA,NA,NA,0.00,NA,NA,NA
2022-03-12 04:00:00,48.06,93.49,3.27,12.53,15.80,NA,NA,0.52,6.27,NA,NA,NA,NA,NA,NA,NA,NA,NA,NA,NA,0.00,NA,NA,NA
2022-03-12 05:00:00,42.48,92.10,3.32,12.39,15.72,NA,NA,0.51,9.33,NA,NA,NA,NA,NA,NA,NA,NA,NA,NA,NA,0.00,NA,NA,NA
2022-03-12 06:00:00,57.94,93.46,3.27,12.33,15.60,NA,NA,0.50,7.19,NA,NA,NA,NA,NA,NA,NA,NA,NA,NA,NA,0.00,NA,NA,NA
2022-03-12 07:00:00,35.46,108.63,3.71,12.45,16.16,NA,NA,0.51,17.41,NA,NA,NA,NA,NA,NA,NA,NA,NA,NA,NA,0.00,NA,NA,NA
2022-03-12 08:00:00,43.35,126.55,4.16,12.47,16.63,NA,NA,0.51,36.45,NA,NA,NA,NA,NA,NA,NA,NA,NA,NA,NA,0.00,NA,NA,NA
2022-03-12 09:00:00,56.52,153.46,4.72,12.57,17.29,NA,NA,0.50,52.45,NA,NA,NA,NA,NA,NA,NA,NA,NA,NA,NA,0.00,NA,NA,NA
2022-03-12 10:00:00,54.36,140.66,5.26,12.77,18.03,NA,NA,0.49,64.62,NA,NA,NA,NA,NA,NA,NA,NA,NA,NA,NA,0.00,NA,NA,NA
2022-03-12 11:00:00,52.97,138.46,5.49,12.77,18.25,NA,NA,0.50,86.52,NA,NA,NA,NA,NA,NA,NA,NA,NA,NA,NA,0.00,NA,NA,NA
2022-03-12 12:00:00,52.46,146.11,5.70,12.96,18.66,NA,NA,0.45,91.35,NA,NA,NA,NA,NA,NA,NA,NA,NA,NA,NA,0.00,NA,NA,NA
2022-03-12 13:00:00,35.95,109.04,5.58,12.74,18.33,NA,NA,0.39,89.06,NA,NA,NA,NA,NA,NA,NA,NA,NA,NA,NA,0.00,NA,NA,NA
2022-03-12 14:00:00,34.67,133.50,5.56,12.71,18.27,NA,NA,0.41,98.13,NA,NA,NA,NA,NA,NA,NA,NA,NA,NA,NA,0.00,NA,NA,NA
2022-03-12 15:00:00,35.86,120.00,5.10,12.78,17.88,NA,NA,0.38,90.22,NA,NA,NA,NA,NA,NA,NA,NA,NA,NA,NA,0.00,NA,NA,NA
2022-03-12 16:00:00,42.02,126.91,4.75,12.54,17.29,NA,NA,0.38,87.06,NA,NA,NA,NA,NA,NA,NA,NA,NA,NA,NA,0.00,NA,NA,NA
2022-03-12 17:00:00,36.23,111.04,4.21,12.48,16.69,NA,NA,0.39,83.64,NA,NA,NA,NA,NA,NA,NA,NA,NA,NA,NA,0.00,NA,NA,NA
2022-03-12 18:00:00,35.45,106.72,3.49,12.24,15.73,NA,NA,0.42,70.30,NA,NA,NA,NA,NA,NA,NA,NA,NA,NA,NA,0.00,NA,NA,NA
2022-03-12 19:00:00,44.43,100.63,3.23,12.34,15.57,NA,NA,0.51,53.81,NA,NA,NA,NA,NA,NA,NA,NA,NA,NA,NA,0.00,NA,NA,NA
2022-03-12 20:00:00,50.70,114.88,3.28,12.25,15.53,NA,NA,0.61,32.05,NA,NA,NA,NA,NA,NA,NA,NA,NA,NA,NA,0.00,NA,NA,NA
2022-03-12 21:00:00,53.82,134.59,3.34,12.39,15.73,NA,NA,0.64,21.81,NA,NA,NA,NA,NA,NA,NA,NA,NA,NA,NA,0.00,NA,NA,NA
2022-03-12 22:00:00,52.64,169.45,3.23,12.45,15.68,NA,NA,0.70,10.07,NA,NA,NA,NA,NA,NA,NA,NA,NA,NA,NA,0.00,NA,NA,NA
2022-03-12 23:00:00,61.33,158.50,3.39,12.23,15.62,NA,NA,0.76,9.51,NA,NA,NA,NA,NA,NA,NA,NA,NA,NA,NA,0.00,NA,NA,NA
2022-03-13 00:00:00,68.19,127.88,3.28,12.37,15.65,NA,NA,0.67,11.21,NA,NA,NA,NA,NA,NA,NA,NA,NA,NA,NA,0.00,NA,NA,NA
2022-03-13 01:00:00,59.02,105.60,3.32,12.35,15.67,NA,NA,0.66,6.08,NA,NA,NA,NA,NA,NA,NA,NA,NA,NA,NA,0.00,NA,NA,NA
2022-03-13 02:00:00,67.18,104.40,3.22,12.43,15.65,NA,NA,0.67,5.47,NA,NA,NA,NA,NA,NA,NA,NA,NA,NA,NA,0.00,NA,NA,NA
2022-03-13 03:00:00,65.05,110.64,3.40,12.34,15.73,NA,NA,0.69,4.25,NA,NA,NA,NA,NA,NA,NA,NA,NA,NA,NA,0.00,NA,NA,NA
2022-03-13 04:00:00,74.48,133.90,3.27,12.36,15.63,NA,NA,0.72,7.33,NA,NA,NA,NA,NA,NA,NA,NA,NA,NA,NA,0.00,NA,NA,NA
2022-03-13 05:00:00,97.08,143.71,3.38,12.19,15.56,NA,NA,0.64,10.92,NA,NA,NA,NA,NA,NA,NA,NA,NA,NA,NA,0.00,NA,NA,NA
2022-03-13 06:00:00,77.47,148.95,3.30,12.45,15.76,NA,NA,0.65,9.34,NA,NA,NA,NA,NA,NA,NA,NA,NA,NA,NA,0.00,NA,NA,NA
2022-03-13 07:00:00,95.87,197.96,3.51,12.57,16.08,NA,NA,0.73,5.98,NA,NA,NA,NA,NA,NA,NA,NA,NA,NA,NA,0.00,NA,NA,NA
2022-03-13 08:00:00,113.35,228.04,4.07,12.57,16.64,NA,NA,0.78,12.50,NA,NA,NA,NA,NA,NA,NA,NA,NA,NA,NA,0.00,NA,NA,NA
2022-03-13 09:00:00,98.53,223.03,4.65,12.68,17.32,NA,NA,0.61,44.89,NA,NA,NA,NA,NA,NA,NA,NA,NA,NA,NA,0.00,NA,NA,NA
2022-03-13 10:00:00,71.82,200.44,5.20,12.91,18.11,NA,NA,0.56,70.62,NA,NA,NA,NA,NA,NA,NA,NA,NA,NA,NA,0.00,NA,NA,NA
2022-03-13 11:00:00,69.91,195.46,5.55,12.82,18.36,NA,NA,0.52,84.60,NA,NA,NA,NA,NA,NA,NA,NA,NA,NA,NA,0.00,NA,NA,NA
2022-03-13 12:00:00,60.46,162.37,5.79,12.82,18.61,NA,NA,0.46,90.09,NA,NA,NA,NA,NA,NA,NA,NA,NA,NA,NA,0.00,NA,NA,NA
2022-03-13 13:00:00,48.56,140.23,5.74,12.81,18.55,NA,NA,0.42,90.00,NA,NA,NA,NA,NA,NA,NA,NA,NA,NA,NA,0.00,NA,NA,NA
2022-03-13 14:00:00,47.62,131.34,5.60,12.58,18.18,NA,NA,0.40,90.87,NA,NA,NA,NA,NA,NA,NA,NA,NA,NA,NA,0.00,NA,NA,NA
2022-03-13 15:00:00,41.60,131.92,5.20,12.58,17.78,NA,NA,0.40,93.47,NA,NA,NA,NA,NA,NA,NA,NA,NA,NA,NA,0.00,NA,NA,NA
2022-03-13 16:00:00,53.31,157.26,4.83,12.37,17.20,NA,NA,0.43,94.08,NA,NA,NA,NA,NA,NA,NA,NA,NA,NA,NA,0.00,NA,NA,NA
2022-03-13 17:00:00,45.10,128.59,4.21,12.37,16.58,NA,NA,0.41,82.83,NA,NA,NA,NA,NA,NA,NA,NA,NA,NA,NA,0.00,NA,NA,NA
2022-03-13 18:00:00,48.27,109.29,3.48,12.35,15.83,NA,NA,0.43,65.39,NA,NA,NA,NA,NA,NA,NA,NA,NA,NA,NA,0.00,NA,NA,NA
2022-03-13 19:00:00,47.90,130.79,3.32,12.35,15.66,NA,NA,0.51,44.43,NA,NA,NA,NA,NA,NA,NA,NA,NA,NA,NA,0.00,NA,NA,NA
2022-03-13 20:00:00,61.87,152.29,3.36,12.33,15.69,NA,NA,0.64,24.47,NA,NA,NA,NA,NA,NA,NA,NA,NA,NA,NA,0.00,NA,NA,NA
2022-03-13 21:00:00,75.66,168.90,3.34,12.26,15.60,NA,NA,0.78,8.60,NA,NA,NA,NA,NA,NA,NA,NA,NA,NA,NA,0.00,NA,NA,NA
2022-03-13 22:00:00,114.27,248.93,3.32,12.34,15.65,NA,NA,1.15,4.90,NA,NA,NA,NA,NA,NA,NA,NA,NA,NA,NA,0.00,NA,NA,NA
2022-03-13 23:00:00,106.72,229.57,3.31,12.40,15.70,NA,NA,1.04,4.27,NA,NA,NA,NA,NA,NA,NA,NA,NA,NA,NA,0.00,NA,NA,NA
2022-03-14 00:00:00,93.07,201.58,3.40,12.22,15.63,NA,NA,0.91,6.01,NA,NA,NA,NA,NA,NA,NA,NA,NA,NA,NA,0.00,NA,NA,NA
2022-03-14 01:00:00,84.79,182.38,3.32,12.37,15.69,NA,NA,0.87,3.39,NA,NA,NA,NA,NA,NA,NA,NA,NA,NA,NA,0.00,NA,NA,NA
2022-03-14 02:00:00,83.32,176.71,3.44,12.52,15.96,NA,NA,0.95,2.48,NA,NA,NA,NA,NA,NA,NA,NA,NA,NA,NA,0.00,NA,NA,NA
2022-03-14 03:00:00,90.53,169.35,3.45,12.32,15.77,NA,NA,0.97,3.26,NA,NA,NA,NA,NA,NA,NA,NA,NA,NA,NA,0.00,NA,NA,NA
2022-03-14 04:00:00,90.83,191.60,3.39,12.39,15.78,NA,NA,1.01,2.74,NA,NA,NA,NA,NA,NA,NA,NA,NA,NA,NA,0.00,NA,NA,NA
2022-03-14 05:00:00,85.45,207.38,3.39,12.45,15.85,NA,NA,0.98,2.69,NA,NA,NA,NA,NA,NA,NA,NA,NA,NA,NA,0.00,NA,NA,NA
2022-03-14 06:00:00,102.51,211.13,3.46,12.26,15.73,NA,NA,1.03,3.20,NA,NA,NA,NA,NA,NA,NA,NA,NA,NA,NA,0.00,NA,NA,NA
2022-03-14 07:00:00,100.77,193.81,3.74,12.47,16.21,NA,NA,1.05,3.35,NA,NA,NA,NA,NA,NA,NA,NA,NA,NA,NA,0.00,NA,NA,NA
2022-03-14 08:00:00,105.60,236.38,4.20,12.60,16.80,NA,NA,1.34,4.37,NA,NA,NA,NA,NA,NA,NA,NA,NA,NA,NA,0.00,NA,NA,NA
2022-03-14 09:00:00,158.65,362.06,4.71,12.66,17.37,NA,NA,1.01,23.69,NA,NA,NA,NA,NA,NA,NA,NA,NA,NA,NA,0.00,NA,NA,NA
2022-03-14 10:00:00,97.68,245.23,5.18,12.95,18.14,NA,NA,0.58,56.98,NA,NA,NA,NA,NA,NA,NA,NA,NA,NA,NA,0.00,NA,NA,NA
2022-03-14 11:00:00,91.07,218.32,5.55,12.88,18.43,NA,NA,0.66,96.36,NA,NA,NA,NA,NA,NA,NA,NA,NA,NA,NA,0.00,NA,NA,NA
2022-03-14 12:00:00,87.73,211.18,5.84,12.73,18.58,NA,NA,0.57,118.04,NA,NA,NA,NA,NA,NA,NA,NA,NA,NA,NA,0.00,NA,NA,NA
2022-03-14 13:00:00,59.16,179.39,5.71,12.73,18.43,NA,NA,0.47,105.93,NA,NA,NA,NA,NA,NA,NA,NA,NA,NA,NA,0.00,NA,NA,NA
2022-03-14 14:00:00,57.17,154.57,5.57,12.99,18.55,NA,NA,0.46,104.31,NA,NA,NA,NA,NA,NA,NA,NA,NA,NA,NA,0.00,NA,NA,NA
2022-03-14 15:00:00,42.71,167.58,5.33,12.69,18.03,NA,NA,0.48,103.02,NA,NA,NA,NA,NA,NA,NA,NA,NA,NA,NA,0.00,NA,NA,NA
2022-03-14 16:00:00,30.21,140.55,4.86,12.55,17.41,NA,NA,0.42,90.78,NA,NA,NA,NA,NA,NA,NA,NA,NA,NA,NA,0.00,NA,NA,NA
2022-03-14 17:00:00,32.33,137.67,4.17,12.43,16.59,NA,NA,0.45,88.19,NA,NA,NA,NA,NA,NA,NA,NA,NA,NA,NA,0.00,NA,NA,NA
2022-03-14 18:00:00,39.74,133.21,3.46,12.34,15.81,NA,NA,0.50,63.95,NA,NA,NA,NA,NA,NA,NA,NA,NA,NA,NA,0.00,NA,NA,NA
2022-03-14 19:00:00,40.69,144.40,3.32,12.43,15.75,NA,NA,0.55,48.24,NA,NA,NA,NA,NA,NA,NA,NA,NA,NA,NA,0.00,NA,NA,NA
2022-03-14 20:00:00,48.07,161.60,3.30,12.50,15.80,NA,NA,0.63,27.20,NA,NA,NA,NA,NA,NA,NA,NA,NA,NA,NA,0.00,NA,NA,NA
2022-03-14 21:00:00,61.66,196.51,3.36,12.22,15.58,NA,NA,0.85,8.64,NA,NA,NA,NA,NA,NA,NA,NA,NA,NA,NA,0.00,NA,NA,NA
2022-03-14 22:00:00,68.89,213.76,3.35,12.44,15.79,NA,NA,1.05,2.96,NA,NA,NA,NA,NA,NA,NA,NA,NA,NA,NA,0.00,NA,NA,NA
2022-03-14 23:00:00,64.39,202.63,3.35,12.43,15.78,NA,NA,1.23,2.43,NA,NA,NA,NA,NA,NA,NA,NA,NA,NA,NA,0.00,NA,NA,NA
2022-03-15 00:00:00,59.52,125.92,3.42,12.26,15.68,NA,NA,1.32,2.57,NA,NA,NA,NA,NA,NA,NA,NA,NA,NA,NA,0.00,NA,NA,NA
2022-03-15 01:00:00,60.92,125.69,3.35,12.33,15.69,NA,NA,1.31,2.71,NA,NA,NA,NA,NA,NA,NA,NA,NA,NA,NA,0.00,NA,NA,NA
2022-03-15 02:00:00,56.08,124.51,3.45,12.25,15.71,NA,NA,1.13,2.79,NA,NA,NA,NA,NA,NA,NA,NA,NA,NA,NA,0.00,NA,NA,NA
2022-03-15 03:00:00,71.03,130.72,3.46,12.27,15.73,NA,NA,1.03,2.48,NA,NA,NA,NA,NA,NA,NA,NA,NA,NA,NA,0.00,NA,NA,NA
2022-03-15 04:00:00,88.48,123.72,3.39,12.44,15.83,NA,NA,1.01,2.73,NA,NA,NA,NA,NA,NA,NA,NA,NA,NA,NA,0.00,NA,NA,NA
2022-03-15 05:00:00,95.20,191.68,3.41,12.45,15.86,NA,NA,1.03,2.61,NA,NA,NA,NA,NA,NA,NA,NA,NA,NA,NA,0.00,NA,NA,NA
2022-03-15 06:00:00,116.82,245.65,3.64,12.54,16.19,NA,NA,1.03,4.38,NA,NA,NA,NA,NA,NA,NA,NA,NA,NA,NA,0.00,NA,NA,NA
2022-03-15 07:00:00,112.49,176.76,4.01,12.31,16.33,NA,NA,1.04,2.36,NA,NA,NA,NA,NA,NA,NA,NA,NA,NA,NA,0.00,NA,NA,NA
2022-03-15 08:00:00,97.91,212.39,4.29,12.49,16.78,NA,NA,1.22,6.73,NA,NA,NA,NA,NA,NA,NA,NA,NA,NA,NA,0.00,NA,NA,NA
2022-03-15 09:00:00,116.21,238.12,4.78,12.65,17.43,NA,NA,0.80,34.46,NA,NA,NA,NA,NA,NA,NA,NA,NA,NA,NA,0.00,NA,NA,NA
2022-03-15 10:00:00,96.37,250.51,5.28,12.60,17.89,NA,NA,0.67,70.95,NA,NA,NA,NA,NA,NA,NA,NA,NA,NA,NA,0.00,NA,NA,NA
2022-03-15 11:00:00,85.93,243.61,5.56,12.88,18.44,NA,NA,0.63,107.92,NA,NA,NA,NA,NA,NA,NA,NA,NA,NA,NA,0.00,NA,NA,NA
2022-03-15 12:00:00,76.25,216.18,5.84,12.77,18.61,NA,NA,0.52,102.85,NA,NA,NA,NA,NA,NA,NA,NA,NA,NA,NA,0.00,NA,NA,NA
2022-03-15 13:00:00,66.07,186.63,5.88,12.65,18.53,NA,NA,0.49,97.59,NA,NA,NA,NA,NA,NA,NA,NA,NA,NA,NA,0.00,NA,NA,NA
2022-03-15 14:00:00,57.63,143.21,5.60,12.73,18.34,NA,NA,0.45,92.39,NA,NA,NA,NA,NA,NA,NA,NA,NA,NA,NA,0.00,NA,NA,NA
2022-03-15 15:00:00,52.04,158.27,5.40,12.61,18.02,NA,NA,0.46,96.24,NA,NA,NA,NA,NA,NA,NA,NA,NA,NA,NA,0.00,NA,NA,NA
2022-03-15 16:00:00,56.37,159.40,4.85,12.64,17.48,NA,NA,0.45,88.08,NA,NA,NA,NA,NA,NA,NA,NA,NA,NA,NA,0.00,NA,NA,NA
2022-03-15 17:00:00,62.14,174.42,4.15,12.36,16.51,NA,NA,0.45,82.17,NA,NA,NA,NA,NA,NA,NA,NA,NA,NA,NA,0.00,NA,NA,NA
2022-03-15 18:00:00,73.64,184.68,3.70,12.31,16.00,NA,NA,0.49,66.31,NA,NA,NA,NA,NA,NA,NA,NA,NA,NA,NA,0.00,NA,NA,NA
2022-03-15 19:00:00,70.56,193.06,3.46,12.25,15.72,NA,NA,0.56,40.40,NA,NA,NA,NA,NA,NA,NA,NA,NA,NA,NA,0.00,NA,NA,NA
2022-03-15 20:00:00,80.72,194.43,3.44,12.21,15.65,NA,NA,0.72,23.38,NA,NA,NA,NA,NA,NA,NA,NA,NA,NA,NA,0.00,NA,NA,NA
2022-03-15 21:00:00,94.83,219.34,3.30,12.44,15.74,NA,NA,0.82,16.69,NA,NA,NA,NA,NA,NA,NA,NA,NA,NA,NA,0.00,NA,NA,NA
2022-03-15 22:00:00,92.66,205.92,3.22,12.52,15.74,NA,NA,0.84,10.70,NA,NA,NA,NA,NA,NA,NA,NA,NA,NA,NA,0.00,NA,NA,NA
2022-03-15 23:00:00,89.31,167.10,3.38,12.28,15.66,NA,NA,0.75,14.29,NA,NA,NA,NA,NA,NA,NA,NA,NA,NA,NA,0.00,NA,NA,NA
2022-03-16 00:00:00,89.88,171.74,3.25,12.39,15.64,NA,NA,0.72,14.03,NA,NA,NA,NA,NA,NA,NA,NA,NA,NA,NA,0.00,NA,NA,NA
2022-03-16 01:00:00,83.30,207.62,3.31,12.34,15.65,NA,NA,0.68,8.42,NA,NA,NA,NA,NA,NA,NA,NA,NA,NA,NA,0.00,NA,NA,NA
2022-03-16 02:00:00,81.66,171.25,3.21,12.48,15.70,NA,NA,0.67,8.68,NA,NA,NA,NA,NA,NA,NA,NA,NA,NA,NA,0.00,NA,NA,NA
2022-03-16 03:00:00,87.74,189.97,3.42,12.29,15.72,NA,NA,0.75,7.57,NA,NA,NA,NA,NA,NA,NA,NA,NA,NA,NA,0.00,NA,NA,NA
2022-03-16 04:00:00,76.99,166.80,3.40,12.47,15.86,NA,NA,0.67,17.21,NA,NA,NA,NA,NA,NA,NA,NA,NA,NA,NA,0.00,NA,NA,NA
2022-03-16 05:00:00,83.81,149.77,3.45,12.37,15.81,NA,NA,0.61,17.90,NA,NA,NA,NA,NA,NA,NA,NA,NA,NA,NA,0.00,NA,NA,NA
2022-03-16 06:00:00,82.71,169.13,3.48,12.26,15.74,NA,NA,0.60,19.72,NA,NA,NA,NA,NA,NA,NA,NA,NA,NA,NA,0.00,NA,NA,NA
2022-03-16 07:00:00,75.75,152.82,3.72,12.42,16.13,NA,NA,0.64,16.75,NA,NA,NA,NA,NA,NA,NA,NA,NA,NA,NA,0.00,NA,NA,NA
2022-03-16 08:00:00,83.28,174.27,4.29,12.44,16.73,NA,NA,0.66,35.77,NA,NA,NA,NA,NA,NA,NA,NA,NA,NA,NA,0.00,NA,NA,NA
2022-03-16 09:00:00,88.33,184.96,4.68,12.83,17.51,NA,NA,0.64,50.40,NA,NA,NA,NA,NA,NA,NA,NA,NA,NA,NA,0.00,NA,NA,NA
2022-03-16 10:00:00,89.98,195.75,5.32,12.71,18.02,NA,NA,0.61,70.69,NA,NA,NA,NA,NA,NA,NA,NA,NA,NA,NA,0.00,NA,NA,NA
2022-03-16 11:00:00,92.43,231.61,5.60,12.73,18.33,NA,NA,0.57,80.71,NA,NA,NA,NA,NA,NA,NA,NA,NA,NA,NA,0.00,NA,NA,NA
2022-03-16 12:00:00,86.06,203.03,5.72,12.92,18.64,NA,NA,0.52,89.68,NA,NA,NA,NA,NA,NA,NA,NA,NA,NA,NA,0.00,NA,NA,NA
2022-03-16 13:00:00,65.91,168.64,5.72,12.84,18.55,NA,NA,0.46,86.29,NA,NA,NA,NA,NA,NA,NA,NA,NA,NA,NA,0.00,NA,NA,NA
2022-03-16 14:00:00,54.91,186.40,5.68,12.58,18.26,NA,NA,0.42,85.60,NA,NA,NA,NA,NA,NA,NA,NA,NA,NA,NA,0.00,NA,NA,NA
2022-03-16 15:00:00,44.31,190.07,5.23,12.74,17.98,NA,NA,0.41,85.38,NA,NA,NA,NA,NA,NA,NA,NA,NA,NA,NA,0.00,NA,NA,NA
2022-03-16 16:00:00,52.33,182.94,4.97,12.66,17.63,NA,NA,0.43,83.95,NA,NA,NA,NA,NA,NA,NA,NA,NA,NA,NA,0.00,NA,NA,NA
2022-03-16 17:00:00,49.44,166.89,4.27,12.56,16.83,NA,NA,0.43,80.35,NA,NA,NA,NA,NA,NA,NA,NA,NA,NA,NA,0.00,NA,NA,NA
2022-03-16 18:00:00,53.48,162.70,3.62,12.27,15.89,NA,NA,0.46,65.80,NA,NA,NA,NA,NA,NA,NA,NA,NA,NA,NA,0.00,NA,NA,NA
2022-03-16 19:00:00,49.16,152.11,3.45,12.31,15.76,NA,NA,0.55,43.45,NA,NA,NA,NA,NA,NA,NA,NA,NA,NA,NA,0.00,NA,NA,NA
2022-03-16 20:00:00,72.85,175.16,3.59,12.36,15.95,NA,NA,0.64,26.40,NA,NA,NA,NA,NA,NA,NA,NA,NA,NA,NA,0.00,NA,NA,NA
2022-03-16 21:00:00,64.50,147.25,3.47,12.27,15.74,NA,NA,0.63,33.27,NA,NA,NA,NA,NA,NA,NA,NA,NA,NA,NA,0.00,NA,NA,NA
2022-03-16 22:00:00,63.15,164.20,3.49,12.44,15.93,NA,NA,0.61,29.23,NA,NA,NA,NA,NA,NA,NA,NA,NA,NA,NA,0.00,NA,NA,NA
2022-03-16 23:00:00,73.19,165.30,3.51,12.38,15.90,NA,NA,0.64,22.81,NA,NA,NA,NA,NA,NA,NA,NA,NA,NA,NA,0.00,NA,NA,NA
2022-03-17 00:00:00,94.04,176.04,3.47,12.35,15.81,NA,NA,0.73,14.28,NA,NA,NA,NA,NA,NA,NA,NA,NA,NA,NA,0.00,NA,NA,NA
2022-03-17 01:00:00,83.11,181.79,3.35,12.51,15.86,NA,NA,0.67,15.35,NA,NA,NA,NA,NA,NA,NA,NA,NA,NA,NA,0.00,NA,NA,NA
2022-03-17 02:00:00,67.87,157.43,3.37,12.37,15.74,NA,NA,0.60,25.97,NA,NA,NA,NA,NA,NA,NA,NA,NA,NA,NA,0.00,NA,NA,NA
2022-03-17 03:00:00,72.56,145.16,3.31,12.42,15.73,NA,NA,0.59,14.58,NA,NA,NA,NA,NA,NA,NA,NA,NA,NA,NA,0.00,NA,NA,NA
2022-03-17 04:00:00,53.23,134.52,3.49,12.26,15.74,NA,NA,0.57,10.15,NA,NA,NA,NA,NA,NA,NA,NA,NA,NA,NA,0.00,NA,NA,NA
2022-03-17 05:00:00,56.15,131.04,3.41,12.37,15.77,NA,NA,0.59,5.01,NA,NA,NA,NA,NA,NA,NA,NA,NA,NA,NA,0.00,NA,NA,NA
2022-03-17 06:00:00,65.16,142.84,3.37,12.35,15.72,NA,NA,0.61,9.71,NA,NA,NA,NA,NA,NA,NA,NA,NA,NA,NA,0.00,NA,NA,NA
2022-03-17 07:00:00,69.48,159.28,3.61,12.61,16.22,NA,NA,0.67,9.14,NA,NA,NA,NA,NA,NA,NA,NA,NA,NA,NA,0.00,NA,NA,NA
2022-03-17 08:00:00,86.19,185.30,4.13,12.62,16.75,NA,NA,0.72,23.72,NA,NA,NA,NA,NA,NA,NA,NA,NA,NA,NA,0.00,NA,NA,NA
2022-03-17 09:00:00,83.03,195.07,4.70,12.62,17.32,NA,NA,0.69,42.81,NA,NA,NA,NA,NA,NA,NA,NA,NA,NA,NA,0.00,NA,NA,NA
2022-03-17 10:00:00,82.98,203.93,5.12,12.86,17.98,NA,NA,0.65,63.69,NA,NA,NA,NA,NA,NA,NA,NA,NA,NA,NA,0.00,NA,NA,NA
2022-03-17 11:00:00,89.49,281.97,5.46,12.85,18.30,NA,NA,0.67,93.14,NA,NA,NA,NA,NA,NA,NA,NA,NA,NA,NA,0.00,NA,NA,NA
2022-03-17 12:00:00,81.88,219.86,5.68,12.78,18.46,NA,NA,0.64,113.13,NA,NA,NA,NA,NA,NA,NA,NA,NA,NA,NA,0.00,NA,NA,NA
2022-03-17 13:00:00,79.95,205.05,5.63,12.65,18.28,NA,NA,0.59,129.79,NA,NA,NA,NA,NA,NA,NA,NA,NA,NA,NA,0.00,NA,NA,NA
2022-03-17 14:00:00,74.65,193.41,5.39,12.63,18.02,NA,NA,0.55,138.58,NA,NA,NA,NA,NA,NA,NA,NA,NA,NA,NA,0.00,NA,NA,NA
2022-03-17 15:00:00,65.44,181.60,5.20,12.64,17.84,NA,NA,0.54,131.06,NA,NA,NA,NA,NA,NA,NA,NA,NA,NA,NA,0.00,NA,NA,NA
2022-03-17 16:00:00,76.67,184.36,4.76,12.69,17.45,NA,NA,0.55,122.06,NA,NA,NA,NA,NA,NA,NA,NA,NA,NA,NA,0.00,NA,NA,NA
2022-03-17 17:00:00,96.62,224.89,4.05,12.48,16.53,NA,NA,0.64,112.59,NA,NA,NA,NA,NA,NA,NA,NA,NA,NA,NA,0.00,NA,NA,NA
2022-03-17 18:00:00,111.85,209.99,3.50,12.40,15.90,NA,NA,0.63,84.37,NA,NA,NA,NA,NA,NA,NA,NA,NA,NA,NA,0.00,NA,NA,NA
2022-03-17 19:00:00,99.79,196.30,3.55,12.38,15.93,NA,NA,0.65,70.06,NA,NA,NA,NA,NA,NA,NA,NA,NA,NA,NA,0.00,NA,NA,NA
2022-03-17 20:00:00,123.20,246.14,3.37,12.55,15.92,NA,NA,0.89,47.07,NA,NA,NA,NA,NA,NA,NA,NA,NA,NA,NA,0.00,NA,NA,NA
2022-03-17 21:00:00,132.15,272.34,3.38,12.43,15.80,NA,NA,0.83,33.58,NA,NA,NA,NA,NA,NA,NA,NA,NA,NA,NA,0.00,NA,NA,NA
2022-03-17 22:00:00,121.15,214.25,3.54,12.31,15.86,NA,NA,0.84,30.87,NA,NA,NA,NA,NA,NA,NA,NA,NA,NA,NA,0.00,NA,NA,NA
2022-03-17 23:00:00,120.63,215.39,3.45,12.33,15.77,NA,NA,0.89,32.02,NA,NA,NA,NA,NA,NA,NA,NA,NA,NA,NA,0.00,NA,NA,NA
2022-03-18 00:00:00,130.30,201.65,3.44,12.34,15.78,NA,NA,0.90,29.95,NA,NA,NA,NA,NA,NA,NA,NA,NA,NA,NA,0.00,NA,NA,NA
2022-03-18 01:00:00,133.32,192.08,3.47,12.25,15.72,NA,NA,0.89,23.75,NA,NA,NA,NA,NA,NA,NA,NA,NA,NA,NA,0.00,NA,NA,NA
2022-03-18 02:00:00,143.86,162.75,3.44,12.37,15.81,NA,NA,0.86,19.45,NA,NA,NA,NA,NA,NA,NA,NA,NA,NA,NA,0.00,NA,NA,NA
2022-03-18 03:00:00,140.46,157.87,3.38,12.45,15.83,NA,NA,0.88,18.53,NA,NA,NA,NA,NA,NA,NA,NA,NA,NA,NA,0.00,NA,NA,NA
2022-03-18 04:00:00,137.23,243.72,3.40,12.40,15.80,NA,NA,0.88,23.68,NA,NA,NA,NA,NA,NA,NA,NA,NA,NA,NA,0.00,NA,NA,NA
2022-03-18 05:00:00,133.99,254.83,3.42,12.43,15.84,NA,NA,0.85,23.97,NA,NA,NA,NA,NA,NA,NA,NA,NA,NA,NA,0.00,NA,NA,NA
2022-03-18 06:00:00,146.20,241.15,3.46,12.38,15.84,NA,NA,0.84,20.76,NA,NA,NA,NA,NA,NA,NA,NA,NA,NA,NA,0.00,NA,NA,NA
2022-03-18 07:00:00,128.97,228.66,3.85,12.36,16.21,NA,NA,0.78,28.56,NA,NA,NA,NA,NA,NA,NA,NA,NA,NA,NA,0.00,NA,NA,NA
2022-03-18 08:00:00,132.28,240.80,4.29,12.68,16.97,NA,NA,0.84,33.26,NA,NA,NA,NA,NA,NA,NA,NA,NA,NA,NA,0.00,NA,NA,NA
2022-03-18 09:00:00,150.17,293.45,4.89,12.73,17.62,NA,NA,0.83,46.08,NA,NA,NA,NA,NA,NA,NA,NA,NA,NA,NA,0.00,NA,NA,NA
2022-03-18 10:00:00,116.24,235.44,5.19,12.98,18.17,NA,NA,0.71,60.00,NA,NA,NA,NA,NA,NA,NA,NA,NA,NA,NA,0.00,NA,NA,NA
2022-03-18 11:00:00,116.57,233.00,5.76,12.93,18.69,NA,NA,0.71,67.87,NA,NA,NA,NA,NA,NA,NA,NA,NA,NA,NA,0.00,NA,NA,NA
2022-03-18 12:00:00,105.79,233.46,5.90,12.77,18.67,NA,NA,0.62,79.02,NA,NA,NA,NA,NA,NA,NA,NA,NA,NA,NA,0.00,NA,NA,NA
2022-03-18 13:00:00,97.12,216.16,5.89,12.93,18.82,NA,NA,0.57,83.65,NA,NA,NA,NA,NA,NA,NA,NA,NA,NA,NA,0.00,NA,NA,NA
2022-03-18 14:00:00,93.65,198.90,5.71,12.82,18.54,NA,NA,0.56,83.02,NA,NA,NA,NA,NA,NA,NA,NA,NA,NA,NA,0.00,NA,NA,NA
2022-03-18 15:00:00,102.14,201.36,5.21,12.74,17.95,NA,NA,0.60,85.41,NA,NA,NA,NA,NA,NA,NA,NA,NA,NA,NA,0.00,NA,NA,NA
2022-03-18 16:00:00,107.98,213.16,4.55,12.68,17.23,NA,NA,0.59,82.92,NA,NA,NA,NA,NA,NA,NA,NA,NA,NA,NA,0.00,NA,NA,NA
2022-03-18 17:00:00,101.21,192.68,3.94,12.62,16.56,NA,NA,0.57,78.60,NA,NA,NA,NA,NA,NA,NA,NA,NA,NA,NA,0.00,NA,NA,NA
2022-03-18 18:00:00,99.78,198.08,3.52,12.56,16.08,NA,NA,0.57,60.22,NA,NA,NA,NA,NA,NA,NA,NA,NA,NA,NA,0.00,NA,NA,NA
2022-03-18 19:00:00,89.62,232.64,3.56,12.39,15.96,NA,NA,0.58,52.90,NA,NA,NA,NA,NA,NA,NA,NA,NA,NA,NA,0.00,NA,NA,NA
2022-03-18 20:00:00,81.14,157.34,3.51,12.49,15.99,NA,NA,0.58,47.81,NA,NA,NA,NA,NA,NA,NA,NA,NA,NA,NA,0.00,NA,NA,NA
2022-03-18 21:00:00,80.30,139.06,3.57,12.42,15.99,NA,NA,0.64,32.72,NA,NA,NA,NA,NA,NA,NA,NA,NA,NA,NA,0.00,NA,NA,NA
2022-03-18 22:00:00,89.74,153.69,3.43,12.51,15.94,NA,NA,0.72,38.81,NA,NA,NA,NA,NA,NA,NA,NA,NA,NA,NA,0.00,NA,NA,NA
2022-03-18 23:00:00,100.54,167.19,3.44,12.41,15.85,NA,NA,0.68,34.52,NA,NA,NA,NA,NA,NA,NA,NA,NA,NA,NA,0.00,NA,NA,NA
2022-03-19 00:00:00,96.09,205.47,3.43,12.53,15.96,NA,NA,0.66,26.82,NA,NA,NA,NA,NA,NA,NA,NA,NA,NA,NA,0.00,NA,NA,NA
2022-03-19 01:00:00,99.33,186.53,3.54,12.34,15.87,NA,NA,0.70,13.79,NA,NA,NA,NA,NA,NA,NA,NA,NA,NA,NA,0.00,NA,NA,NA
2022-03-19 02:00:00,94.75,156.86,3.35,12.56,15.90,NA,NA,0.62,11.83,NA,NA,NA,NA,NA,NA,NA,NA,NA,NA,NA,0.00,NA,NA,NA
2022-03-19 03:00:00,90.88,159.26,3.41,12.50,15.91,NA,NA,0.62,13.26,NA,NA,NA,NA,NA,NA,NA,NA,NA,NA,NA,0.00,NA,NA,NA
2022-03-19 04:00:00,84.58,142.59,3.50,12.37,15.87,NA,NA,0.63,10.60,NA,NA,NA,NA,NA,NA,NA,NA,NA,NA,NA,0.00,NA,NA,NA
2022-03-19 05:00:00,58.78,142.18,3.48,12.50,15.99,NA,NA,0.62,16.91,NA,NA,NA,NA,NA,NA,NA,NA,NA,NA,NA,0.00,NA,NA,NA
2022-03-19 06:00:00,61.96,172.39,3.40,12.35,15.74,NA,NA,0.72,15.71,NA,NA,NA,NA,NA,NA,NA,NA,NA,NA,NA,0.00,NA,NA,NA
2022-03-19 07:00:00,60.83,182.49,3.76,12.45,16.21,NA,NA,0.72,16.82,NA,NA,NA,NA,NA,NA,NA,NA,NA,NA,NA,0.00,NA,NA,NA
2022-03-19 08:00:00,53.46,156.81,4.29,12.60,16.89,NA,NA,0.70,33.56,NA,NA,NA,NA,NA,NA,NA,NA,NA,NA,NA,0.00,NA,NA,NA
2022-03-19 09:00:00,58.34,159.28,4.63,12.80,17.43,NA,NA,0.61,63.13,NA,NA,NA,NA,NA,NA,NA,NA,NA,NA,NA,0.00,NA,NA,NA
2022-03-19 10:00:00,59.10,169.08,5.22,12.79,18.01,NA,NA,0.53,71.53,NA,NA,NA,NA,NA,NA,NA,NA,NA,NA,NA,0.00,NA,NA,NA
2022-03-19 11:00:00,58.16,189.85,5.57,12.71,18.28,NA,NA,0.56,72.60,NA,NA,NA,NA,NA,NA,NA,NA,NA,NA,NA,0.00,NA,NA,NA
2022-03-19 12:00:00,64.06,208.01,5.65,12.92,18.57,NA,NA,0.54,72.55,NA,NA,NA,NA,NA,NA,NA,NA,NA,NA,NA,0.00,NA,NA,NA
2022-03-19 13:00:00,64.78,202.24,5.66,12.94,18.60,NA,NA,0.53,73.52,NA,NA,NA,NA,NA,NA,NA,NA,NA,NA,NA,0.00,NA,NA,NA
2022-03-19 14:00:00,55.59,193.06,5.46,12.92,18.38,NA,NA,0.49,72.39,NA,NA,NA,NA,NA,NA,NA,NA,NA,NA,NA,0.00,NA,NA,NA
2022-03-19 15:00:00,44.16,152.07,5.20,12.70,17.91,NA,NA,0.48,71.36,NA,NA,NA,NA,NA,NA,NA,NA,NA,NA,NA,0.00,NA,NA,NA
2022-03-19 16:00:00,72.46,183.21,4.76,12.48,17.24,NA,NA,0.50,79.82,NA,NA,NA,NA,NA,NA,NA,NA,NA,NA,NA,0.00,NA,NA,NA
2022-03-19 17:00:00,80.53,174.77,4.17,12.55,16.72,NA,NA,0.53,77.43,NA,NA,NA,NA,NA,NA,NA,NA,NA,NA,NA,0.00,NA,NA,NA
2022-03-19 18:00:00,87.80,184.34,3.61,12.26,15.87,NA,NA,0.57,52.27,NA,NA,NA,NA,NA,NA,NA,NA,NA,NA,NA,0.00,NA,NA,NA
2022-03-19 19:00:00,106.72,194.26,3.25,12.56,15.81,NA,NA,0.52,26.36,NA,NA,NA,NA,NA,NA,NA,NA,NA,NA,NA,0.00,NA,NA,NA
2022-03-19 20:00:00,115.69,215.66,4.17,12.30,16.47,NA,NA,0.56,20.42,NA,NA,NA,NA,NA,NA,NA,NA,NA,NA,NA,0.00,NA,NA,NA
2022-03-19 21:00:00,103.69,195.97,3.96,12.42,16.38,NA,NA,0.72,12.53,NA,NA,NA,NA,NA,NA,NA,NA,NA,NA,NA,0.00,NA,NA,NA
2022-03-19 22:00:00,94.08,162.57,3.60,12.62,16.22,NA,NA,0.78,14.28,NA,NA,NA,NA,NA,NA,NA,NA,NA,NA,NA,0.00,NA,NA,NA
2022-03-19 23:00:00,117.07,211.33,3.65,12.29,15.94,NA,NA,0.84,22.39,NA,NA,NA,NA,NA,NA,NA,NA,NA,NA,NA,0.00,NA,NA,NA
2022-03-20 00:00:00,113.06,210.59,3.44,12.42,15.86,NA,NA,0.80,25.65,NA,NA,NA,NA,NA,NA,NA,NA,NA,NA,NA,0.00,NA,NA,NA
2022-03-20 01:00:00,111.61,246.08,3.45,12.44,15.90,NA,NA,0.87,23.31,NA,NA,NA,NA,NA,NA,NA,NA,NA,NA,NA,0.00,NA,NA,NA
2022-03-20 02:00:00,140.00,236.31,3.44,12.52,15.96,NA,NA,0.82,20.09,NA,NA,NA,NA,NA,NA,NA,NA,NA,NA,NA,0.00,NA,NA,NA
2022-03-20 03:00:00,119.17,194.02,3.42,12.47,15.89,NA,NA,0.79,21.27,NA,NA,NA,NA,NA,NA,NA,NA,NA,NA,NA,0.00,NA,NA,NA
2022-03-20 04:00:00,117.80,204.41,3.46,12.50,15.95,NA,NA,0.80,22.35,NA,NA,NA,NA,NA,NA,NA,NA,NA,NA,NA,0.00,NA,NA,NA
2022-03-20 05:00:00,134.20,250.29,3.56,12.37,15.93,NA,NA,0.81,16.39,NA,NA,NA,NA,NA,NA,NA,NA,NA,NA,NA,0.00,NA,NA,NA
2022-03-20 06:00:00,118.41,211.60,3.58,12.43,16.02,NA,NA,0.79,16.05,NA,NA,NA,NA,NA,NA,NA,NA,NA,NA,NA,0.00,NA,NA,NA
2022-03-20 07:00:00,97.76,176.67,3.82,12.48,16.30,NA,NA,0.81,19.87,NA,NA,NA,NA,NA,NA,NA,NA,NA,NA,NA,0.00,NA,NA,NA
2022-03-20 08:00:00,107.70,186.04,4.43,12.53,16.96,NA,NA,0.72,39.30,NA,NA,NA,NA,NA,NA,NA,NA,NA,NA,NA,0.00,NA,NA,NA
2022-03-20 09:00:00,92.21,226.64,4.70,12.92,17.62,NA,NA,0.69,52.77,NA,NA,NA,NA,NA,NA,NA,NA,NA,NA,NA,0.00,NA,NA,NA
2022-03-20 10:00:00,96.31,199.39,5.33,12.71,18.03,NA,NA,0.64,56.51,NA,NA,NA,NA,NA,NA,NA,NA,NA,NA,NA,0.00,NA,NA,NA
2022-03-20 11:00:00,69.74,161.46,5.51,12.78,18.29,NA,NA,0.45,56.38,NA,NA,NA,NA,NA,NA,NA,NA,NA,NA,NA,0.00,NA,NA,NA
2022-03-20 12:00:00,71.75,202.76,5.75,12.71,18.46,NA,NA,0.47,71.03,NA,NA,NA,NA,NA,NA,NA,NA,NA,NA,NA,0.00,NA,NA,NA
2022-03-20 13:00:00,45.77,166.26,5.86,12.75,18.61,NA,NA,0.38,64.20,NA,NA,NA,NA,NA,NA,NA,NA,NA,NA,NA,0.00,NA,NA,NA
2022-03-20 14:00:00,42.36,148.51,5.53,12.93,18.46,NA,NA,0.33,79.42,NA,NA,NA,NA,NA,NA,NA,NA,NA,NA,NA,0.00,NA,NA,NA
2022-03-20 15:00:00,32.94,154.11,5.22,12.82,18.04,NA,NA,0.30,79.41,NA,NA,NA,NA,NA,NA,NA,NA,NA,NA,NA,0.00,NA,NA,NA
2022-03-20 16:00:00,27.03,159.95,4.87,12.64,17.52,NA,NA,0.30,71.90,NA,NA,NA,NA,NA,NA,NA,NA,NA,NA,NA,0.00,NA,NA,NA
2022-03-20 17:00:00,19.62,130.73,4.20,12.45,16.65,NA,NA,0.30,48.09,NA,NA,NA,NA,NA,NA,NA,NA,NA,NA,NA,0.00,NA,NA,NA
2022-03-20 18:00:00,72.78,196.50,3.72,12.48,16.20,NA,NA,0.35,43.65,NA,NA,NA,NA,NA,NA,NA,NA,NA,NA,NA,0.00,NA,NA,NA
2022-03-20 19:00:00,72.76,238.93,3.91,12.58,16.49,NA,NA,0.39,45.38,NA,NA,NA,NA,NA,NA,NA,NA,NA,NA,NA,0.00,NA,NA,NA
2022-03-20 20:00:00,76.09,189.74,4.28,12.44,16.72,NA,NA,0.43,23.84,NA,NA,NA,NA,NA,NA,NA,NA,NA,NA,NA,0.00,NA,NA,NA
2022-03-20 21:00:00,43.12,121.09,3.87,12.54,16.41,NA,NA,0.58,7.04,NA,NA,NA,NA,NA,NA,NA,NA,NA,NA,NA,0.00,NA,NA,NA
2022-03-20 22:00:00,43.30,123.61,3.45,12.48,15.94,NA,NA,0.56,23.83,NA,NA,NA,NA,NA,NA,NA,NA,NA,NA,NA,0.00,NA,NA,NA
2022-03-20 23:00:00,49.00,118.71,3.53,12.23,15.76,NA,NA,0.53,24.23,NA,NA,NA,NA,NA,NA,NA,NA,NA,NA,NA,0.00,NA,NA,NA
2022-03-21 00:00:00,58.34,148.55,3.45,12.31,15.76,NA,NA,0.58,11.08,NA,NA,NA,NA,NA,NA,NA,NA,NA,NA,NA,0.00,NA,NA,NA
2022-03-21 01:00:00,65.63,169.56,3.42,12.43,15.85,NA,NA,0.55,7.18,NA,NA,NA,NA,NA,NA,NA,NA,NA,NA,NA,0.00,NA,NA,NA
2022-03-21 02:00:00,62.69,152.72,3.52,12.36,15.88,NA,NA,0.65,6.83,NA,NA,NA,NA,NA,NA,NA,NA,NA,NA,NA,0.00,NA,NA,NA
2022-03-21 03:00:00,74.21,191.37,3.53,12.40,15.93,NA,NA,0.85,2.46,NA,NA,NA,NA,NA,NA,NA,NA,NA,NA,NA,0.00,NA,NA,NA
2022-03-21 04:00:00,75.25,215.61,3.38,12.41,15.78,NA,NA,0.84,2.60,NA,NA,NA,NA,NA,NA,NA,NA,NA,NA,NA,0.00,NA,NA,NA
2022-03-21 05:00:00,84.44,228.11,3.56,12.41,15.97,NA,NA,0.88,3.81,NA,NA,NA,NA,NA,NA,NA,NA,NA,NA,NA,0.00,NA,NA,NA
2022-03-21 06:00:00,99.46,216.44,3.52,12.43,15.95,NA,NA,0.92,3.90,NA,NA,NA,NA,NA,NA,NA,NA,NA,NA,NA,0.00,NA,NA,NA
2022-03-21 07:00:00,96.52,203.21,3.78,12.60,16.39,NA,NA,0.92,3.28,NA,NA,NA,NA,NA,NA,NA,NA,NA,NA,NA,0.00,NA,NA,NA
2022-03-21 08:00:00,132.14,307.87,4.39,12.67,17.05,NA,NA,1.23,6.39,NA,NA,NA,NA,NA,NA,NA,NA,NA,NA,NA,0.00,NA,NA,NA
2022-03-21 09:00:00,252.53,529.48,4.83,12.62,17.45,NA,NA,1.21,45.06,NA,NA,NA,NA,NA,NA,NA,NA,NA,NA,NA,0.00,NA,NA,NA
2022-03-21 10:00:00,213.44,513.08,5.37,12.64,18.01,NA,NA,1.18,86.96,NA,NA,NA,NA,NA,NA,NA,NA,NA,NA,NA,0.00,NA,NA,NA
2022-03-21 11:00:00,150.71,423.58,5.64,12.86,18.50,NA,NA,1.07,127.59,NA,NA,NA,NA,NA,NA,NA,NA,NA,NA,NA,0.00,NA,NA,NA
2022-03-21 12:00:00,196.21,390.54,5.90,12.66,18.56,NA,NA,0.96,152.79,NA,NA,NA,NA,NA,NA,NA,NA,NA,NA,NA,0.00,NA,NA,NA
2022-03-21 13:00:00,133.46,321.93,5.80,12.61,18.41,NA,NA,0.64,125.76,NA,NA,NA,NA,NA,NA,NA,NA,NA,NA,NA,0.00,NA,NA,NA
2022-03-21 14:00:00,98.38,262.93,5.57,12.56,18.14,NA,NA,0.53,110.40,NA,NA,NA,NA,NA,NA,NA,NA,NA,NA,NA,0.00,NA,NA,NA
2022-03-21 15:00:00,68.31,221.08,5.51,12.43,17.94,NA,NA,0.39,83.88,NA,NA,NA,NA,NA,NA,NA,NA,NA,NA,NA,0.00,NA,NA,NA
2022-03-21 16:00:00,66.96,179.51,4.85,12.77,17.63,NA,NA,0.42,88.80,NA,NA,NA,NA,NA,NA,NA,NA,NA,NA,NA,0.00,NA,NA,NA
2022-03-21 17:00:00,64.21,176.71,4.35,12.39,16.74,NA,NA,0.40,72.23,NA,NA,NA,NA,NA,NA,NA,NA,NA,NA,NA,0.00,NA,NA,NA
2022-03-21 18:00:00,70.03,176.07,3.82,12.44,16.26,NA,NA,0.47,57.92,NA,NA,NA,NA,NA,NA,NA,NA,NA,NA,NA,0.00,NA,NA,NA
2022-03-21 19:00:00,78.35,188.45,3.60,12.46,16.05,NA,NA,0.56,51.17,NA,NA,NA,NA,NA,NA,NA,NA,NA,NA,NA,0.00,NA,NA,NA
2022-03-21 20:00:00,90.33,188.21,3.64,12.39,16.03,NA,NA,0.71,30.49,NA,NA,NA,NA,NA,NA,NA,NA,NA,NA,NA,0.00,NA,NA,NA
2022-03-21 21:00:00,93.25,197.98,3.62,12.34,15.96,NA,NA,0.70,24.74,NA,NA,NA,NA,NA,NA,NA,NA,NA,NA,NA,0.00,NA,NA,NA
2022-03-21 22:00:00,97.70,199.57,3.36,12.57,15.93,NA,NA,0.73,24.34,NA,NA,NA,NA,NA,NA,NA,NA,NA,NA,NA,0.00,NA,NA,NA
2022-03-21 23:00:00,95.99,195.50,3.59,12.40,15.99,NA,NA,0.64,30.76,NA,NA,NA,NA,NA,NA,NA,NA,NA,NA,NA,0.00,NA,NA,NA
2022-03-22 00:00:00,102.09,216.87,3.65,12.21,15.86,NA,NA,0.57,40.00,NA,NA,NA,NA,NA,NA,NA,NA,NA,NA,NA,0.00,NA,NA,NA
2022-03-22 01:00:00,141.86,260.30,3.61,12.47,16.08,NA,NA,0.58,34.94,NA,NA,NA,NA,NA,NA,NA,NA,NA,NA,NA,0.00,NA,NA,NA
2022-03-22 02:00:00,121.95,227.38,3.60,12.31,15.92,NA,NA,0.54,32.42,NA,NA,NA,NA,NA,NA,NA,NA,NA,NA,NA,0.00,NA,NA,NA
2022-03-22 03:00:00,76.35,144.20,3.56,12.32,15.88,NA,NA,0.50,33.58,NA,NA,NA,NA,NA,NA,NA,NA,NA,NA,NA,0.00,NA,NA,NA
2022-03-22 04:00:00,59.60,120.38,3.67,12.50,16.18,NA,NA,0.47,36.95,NA,NA,NA,NA,NA,NA,NA,NA,NA,NA,NA,0.00,NA,NA,NA
2022-03-22 05:00:00,67.87,130.82,3.70,12.39,16.10,NA,NA,0.47,32.86,NA,NA,NA,NA,NA,NA,NA,NA,NA,NA,NA,0.00,NA,NA,NA
2022-03-22 06:00:00,86.14,166.51,3.53,12.44,15.96,NA,NA,0.54,16.66,NA,NA,NA,NA,NA,NA,NA,NA,NA,NA,NA,0.00,NA,NA,NA
2022-03-22 07:00:00,77.74,150.91,4.04,12.33,16.37,NA,NA,0.61,18.33,NA,NA,NA,NA,NA,NA,NA,NA,NA,NA,NA,0.00,NA,NA,NA
2022-03-22 08:00:00,80.66,173.84,4.50,12.68,17.17,NA,NA,0.59,34.42,NA,NA,NA,NA,NA,NA,NA,NA,NA,NA,NA,0.00,NA,NA,NA
2022-03-22 09:00:00,71.14,170.80,4.80,12.67,17.47,NA,NA,0.55,52.64,NA,NA,NA,NA,NA,NA,NA,NA,NA,NA,NA,0.00,NA,NA,NA
2022-03-22 10:00:00,65.84,165.00,5.40,12.62,18.02,NA,NA,0.50,67.18,NA,NA,NA,NA,NA,NA,NA,NA,NA,NA,NA,0.00,NA,NA,NA
2022-03-22 11:00:00,74.37,188.60,5.68,12.76,18.44,NA,NA,0.46,79.52,NA,NA,NA,NA,NA,NA,NA,NA,NA,NA,NA,0.00,NA,NA,NA
2022-03-22 12:00:00,63.17,188.15,5.78,12.74,18.52,NA,NA,0.39,80.94,NA,NA,NA,NA,NA,NA,NA,NA,NA,NA,NA,0.00,NA,NA,NA
2022-03-22 13:00:00,55.18,179.89,5.65,12.89,18.55,NA,NA,0.37,78.72,NA,NA,NA,NA,NA,NA,NA,NA,NA,NA,NA,0.00,NA,NA,NA
2022-03-22 14:00:00,48.28,188.00,5.71,12.63,18.33,NA,NA,0.35,76.86,NA,NA,NA,NA,NA,NA,NA,NA,NA,NA,NA,0.00,NA,NA,NA
2022-03-22 15:00:00,50.00,191.77,5.33,12.77,18.10,NA,NA,0.35,80.25,NA,NA,NA,NA,NA,NA,NA,NA,NA,NA,NA,0.00,NA,NA,NA
2022-03-22 16:00:00,51.56,205.07,5.01,12.58,17.58,NA,NA,0.36,85.38,NA,NA,NA,NA,NA,NA,NA,NA,NA,NA,NA,0.00,NA,NA,NA
2022-03-22 17:00:00,52.69,190.74,4.48,12.40,16.88,NA,NA,0.36,85.92,NA,NA,NA,NA,NA,NA,NA,NA,NA,NA,NA,0.00,NA,NA,NA
2022-03-22 18:00:00,55.42,167.43,3.76,12.22,15.98,NA,NA,0.38,79.61,NA,NA,NA,NA,NA,NA,NA,NA,NA,NA,NA,0.00,NA,NA,NA
2022-03-22 19:00:00,66.70,182.68,3.64,12.28,15.92,NA,NA,0.56,51.14,NA,NA,NA,NA,NA,NA,NA,NA,NA,NA,NA,0.00,NA,NA,NA
2022-03-22 20:00:00,92.97,204.25,3.60,12.34,15.94,NA,NA,0.53,45.06,NA,NA,NA,NA,NA,NA,NA,NA,NA,NA,NA,0.00,NA,NA,NA
2022-03-22 21:00:00,76.75,140.41,3.54,12.24,15.78,NA,NA,0.56,43.52,NA,NA,NA,NA,NA,NA,NA,NA,NA,NA,NA,0.00,NA,NA,NA
2022-03-22 22:00:00,78.91,130.82,3.64,12.28,15.92,NA,NA,0.58,36.14,NA,NA,NA,NA,NA,NA,NA,NA,NA,NA,NA,0.00,NA,NA,NA
2022-03-22 23:00:00,80.23,129.78,3.59,12.34,15.93,NA,NA,0.59,32.82,NA,NA,NA,NA,NA,NA,NA,NA,NA,NA,NA,0.00,NA,NA,NA
2022-03-23 00:00:00,78.52,169.95,3.53,12.50,16.02,NA,NA,0.55,29.63,NA,NA,NA,NA,NA,NA,NA,NA,NA,NA,NA,0.00,NA,NA,NA
2022-03-23 01:00:00,75.70,172.21,3.53,12.54,16.07,NA,NA,0.54,20.24,NA,NA,NA,NA,NA,NA,NA,NA,NA,NA,NA,0.00,NA,NA,NA
2022-03-23 02:00:00,69.64,163.42,3.54,12.39,15.93,NA,NA,0.54,12.51,NA,NA,NA,NA,NA,NA,NA,NA,NA,NA,NA,0.00,NA,NA,NA
2022-03-23 03:00:00,73.04,168.52,3.55,12.46,16.01,NA,NA,0.53,14.19,NA,NA,NA,NA,NA,NA,NA,NA,NA,NA,NA,0.00,NA,NA,NA
2022-03-23 04:00:00,81.96,202.05,3.58,12.36,15.94,NA,NA,0.57,15.08,NA,NA,NA,NA,NA,NA,NA,NA,NA,NA,NA,0.00,NA,NA,NA
2022-03-23 05:00:00,98.12,199.18,3.61,12.38,15.99,NA,NA,0.60,11.32,NA,NA,NA,NA,NA,NA,NA,NA,NA,NA,NA,0.00,NA,NA,NA
2022-03-23 06:00:00,97.69,206.02,3.53,12.51,16.04,NA,NA,0.62,8.82,NA,NA,NA,NA,NA,NA,NA,NA,NA,NA,NA,0.00,NA,NA,NA
2022-03-23 07:00:00,87.68,208.24,3.77,12.45,16.22,NA,NA,0.66,9.77,NA,NA,NA,NA,NA,NA,NA,NA,NA,NA,NA,0.00,NA,NA,NA
2022-03-23 08:00:00,124.43,285.11,4.52,12.50,17.02,NA,NA,0.75,19.95,NA,NA,NA,NA,NA,NA,NA,NA,NA,NA,NA,0.00,NA,NA,NA
2022-03-23 09:00:00,121.48,320.12,4.91,12.55,17.46,NA,NA,0.66,56.55,NA,NA,NA,NA,NA,NA,NA,NA,NA,NA,NA,0.00,NA,NA,NA
2022-03-23 10:00:00,95.12,261.35,5.34,12.73,18.06,NA,NA,0.56,76.73,NA,NA,NA,NA,NA,NA,NA,NA,NA,NA,NA,0.00,NA,NA,NA
2022-03-23 11:00:00,85.05,223.30,5.63,12.74,18.37,NA,NA,0.50,89.01,NA,NA,NA,NA,NA,NA,NA,NA,NA,NA,NA,0.00,NA,NA,NA
2022-03-23 12:00:00,74.02,210.94,5.70,12.80,18.50,NA,NA,0.44,92.77,NA,NA,NA,NA,NA,NA,NA,NA,NA,NA,NA,0.00,NA,NA,NA
2022-03-23 13:00:00,64.59,239.68,5.80,12.69,18.49,NA,NA,0.43,91.88,NA,NA,NA,NA,NA,NA,NA,NA,NA,NA,NA,0.00,NA,NA,NA
2022-03-23 14:00:00,74.44,218.02,5.42,12.82,18.24,NA,NA,0.43,100.59,NA,NA,NA,NA,NA,NA,NA,NA,NA,NA,NA,0.00,NA,NA,NA
2022-03-23 15:00:00,66.07,201.85,5.10,12.60,17.70,NA,NA,0.40,95.62,NA,NA,NA,NA,NA,NA,NA,NA,NA,NA,NA,0.00,NA,NA,NA
2022-03-23 16:00:00,47.37,190.60,4.54,12.62,17.16,NA,NA,0.39,88.41,NA,NA,NA,NA,NA,NA,NA,NA,NA,NA,NA,0.00,NA,NA,NA
2022-03-23 17:00:00,60.40,172.17,4.11,12.60,16.70,NA,NA,0.41,63.23,NA,NA,NA,NA,NA,NA,NA,NA,NA,NA,NA,0.00,NA,NA,NA
2022-03-23 18:00:00,76.17,171.69,3.71,12.34,16.05,NA,NA,0.43,42.09,NA,NA,NA,NA,NA,NA,NA,NA,NA,NA,NA,0.00,NA,NA,NA
2022-03-23 19:00:00,64.54,127.70,3.55,12.37,15.93,NA,NA,0.45,43.14,NA,NA,NA,NA,NA,NA,NA,NA,NA,NA,NA,0.00,NA,NA,NA
2022-03-23 20:00:00,114.21,217.83,3.55,12.32,15.87,NA,NA,0.69,20.48,NA,NA,NA,NA,NA,NA,NA,NA,NA,NA,NA,0.00,NA,NA,NA
2022-03-23 21:00:00,125.40,258.72,3.53,12.51,16.04,NA,NA,0.76,12.94,NA,NA,NA,NA,NA,NA,NA,NA,NA,NA,NA,0.00,NA,NA,NA
2022-03-23 22:00:00,101.67,231.00,3.55,12.49,16.04,NA,NA,0.57,21.94,NA,NA,NA,NA,NA,NA,NA,NA,NA,NA,NA,0.00,NA,NA,NA
2022-03-23 23:00:00,90.75,223.98,3.63,12.37,16.00,NA,NA,0.69,3.25,NA,NA,NA,NA,NA,NA,NA,NA,NA,NA,NA,0.00,NA,NA,NA
2022-03-24 00:00:00,101.27,251.46,3.61,12.47,16.08,NA,NA,0.62,22.99,NA,NA,NA,NA,NA,NA,NA,NA,NA,NA,NA,0.00,NA,NA,NA
2022-03-24 01:00:00,108.57,274.53,3.57,12.42,15.98,NA,NA,0.60,33.89,NA,NA,NA,NA,NA,NA,NA,NA,NA,NA,NA,0.00,NA,NA,NA
2022-03-24 02:00:00,86.68,215.46,3.70,12.46,16.16,NA,NA,0.59,40.65,NA,NA,NA,NA,NA,NA,NA,NA,NA,NA,NA,0.00,NA,NA,NA
2022-03-24 03:00:00,108.08,247.26,3.71,12.34,16.05,NA,NA,0.64,41.50,NA,NA,NA,NA,NA,NA,NA,NA,NA,NA,NA,0.00,NA,NA,NA
2022-03-24 04:00:00,88.03,242.29,3.69,12.39,16.09,NA,NA,0.56,34.89,NA,NA,NA,NA,NA,NA,NA,NA,NA,NA,NA,0.00,NA,NA,NA
2022-03-24 05:00:00,54.21,182.77,3.59,12.49,16.08,NA,NA,0.54,20.49,NA,NA,NA,NA,NA,NA,NA,NA,NA,NA,NA,0.00,NA,NA,NA
2022-03-24 06:00:00,55.62,186.28,3.62,12.35,15.97,NA,NA,0.67,11.75,NA,NA,NA,NA,NA,NA,NA,NA,NA,NA,NA,0.00,NA,NA,NA
2022-03-24 07:00:00,78.76,258.83,3.95,12.61,16.56,NA,NA,0.83,5.30,NA,NA,NA,NA,NA,NA,NA,NA,NA,NA,NA,0.00,NA,NA,NA
2022-03-24 08:00:00,85.92,303.24,4.38,12.67,17.05,NA,NA,0.78,19.38,NA,NA,NA,NA,NA,NA,NA,NA,NA,NA,NA,0.00,NA,NA,NA
2022-03-24 09:00:00,77.40,294.59,4.88,12.52,17.41,NA,NA,0.58,42.88,NA,NA,NA,NA,NA,NA,NA,NA,NA,NA,NA,0.00,NA,NA,NA
2022-03-24 10:00:00,48.05,267.25,5.21,12.86,18.06,NA,NA,0.41,54.80,NA,NA,NA,NA,NA,NA,NA,NA,NA,NA,NA,0.00,NA,NA,NA
2022-03-24 11:00:00,30.90,204.29,5.53,12.68,18.21,NA,NA,0.35,62.65,NA,NA,NA,NA,NA,NA,NA,NA,NA,NA,NA,0.00,NA,NA,NA
2022-03-24 12:00:00,28.85,219.44,5.81,12.65,18.47,NA,NA,0.35,66.91,NA,NA,NA,NA,NA,NA,NA,NA,NA,NA,NA,0.00,NA,NA,NA
2022-03-24 13:00:00,26.71,190.42,5.83,12.73,18.55,NA,NA,0.31,64.81,NA,NA,NA,NA,NA,NA,NA,NA,NA,NA,NA,0.00,NA,NA,NA
2022-03-24 14:00:00,24.35,189.96,5.56,12.82,18.39,NA,NA,0.29,73.03,NA,NA,NA,NA,NA,NA,NA,NA,NA,NA,NA,0.00,NA,NA,NA
2022-03-24 15:00:00,30.12,198.93,5.41,12.63,18.03,NA,NA,0.29,71.13,NA,NA,NA,NA,NA,NA,NA,NA,NA,NA,NA,0.00,NA,NA,NA
2022-03-24 16:00:00,24.35,192.11,5.05,12.57,17.62,NA,NA,0.29,67.46,NA,NA,NA,NA,NA,NA,NA,NA,NA,NA,NA,0.00,NA,NA,NA
2022-03-24 17:00:00,26.06,177.14,4.37,12.50,16.87,NA,NA,0.32,74.10,NA,NA,NA,NA,NA,NA,NA,NA,NA,NA,NA,0.00,NA,NA,NA
2022-03-24 18:00:00,27.16,166.60,3.73,12.25,15.98,NA,NA,0.35,49.67,NA,NA,NA,NA,NA,NA,NA,NA,NA,NA,NA,0.00,NA,NA,NA
2022-03-24 19:00:00,28.93,165.29,3.64,12.26,15.90,NA,NA,0.40,35.09,NA,NA,NA,NA,NA,NA,NA,NA,NA,NA,NA,0.00,NA,NA,NA
2022-03-24 20:00:00,38.54,195.09,3.61,12.42,16.03,NA,NA,0.60,16.12,NA,NA,NA,NA,NA,NA,NA,NA,NA,NA,NA,0.00,NA,NA,NA
2022-03-24 21:00:00,77.65,253.31,3.64,12.36,16.01,NA,NA,0.75,8.61,NA,NA,NA,NA,NA,NA,NA,NA,NA,NA,NA,0.00,NA,NA,NA
2022-03-24 22:00:00,134.22,326.71,3.68,12.30,15.99,NA,NA,0.88,3.75,NA,NA,NA,NA,NA,NA,NA,NA,NA,NA,NA,0.00,NA,NA,NA
2022-03-24 23:00:00,67.89,215.31,3.53,12.50,16.04,NA,NA,0.92,9.54,NA,NA,NA,NA,NA,NA,NA,NA,NA,NA,NA,0.00,NA,NA,NA
2022-03-25 00:00:00,77.33,183.93,3.60,12.40,16.00,NA,NA,1.01,3.39,NA,NA,NA,NA,NA,NA,NA,NA,NA,NA,NA,0.00,NA,NA,NA
2022-03-25 01:00:00,88.96,189.96,3.72,12.43,16.15,NA,NA,0.94,2.98,NA,NA,NA,NA,NA,NA,NA,NA,NA,NA,NA,0.00,NA,NA,NA
2022-03-25 02:00:00,106.77,218.25,3.61,12.47,16.08,NA,NA,0.87,7.56,NA,NA,NA,NA,NA,NA,NA,NA,NA,NA,NA,0.00,NA,NA,NA
2022-03-25 03:00:00,98.75,239.28,3.58,12.49,16.08,NA,NA,0.83,3.40,NA,NA,NA,NA,NA,NA,NA,NA,NA,NA,NA,0.00,NA,NA,NA
2022-03-25 04:00:00,86.82,246.32,3.66,12.60,16.26,NA,NA,0.72,3.07,NA,NA,NA,NA,NA,NA,NA,NA,NA,NA,NA,0.00,NA,NA,NA
2022-03-25 05:00:00,78.62,251.67,3.73,12.56,16.29,NA,NA,0.70,2.46,NA,NA,NA,NA,NA,NA,NA,NA,NA,NA,NA,0.00,NA,NA,NA
2022-03-25 06:00:00,105.97,264.55,3.65,12.39,16.03,NA,NA,0.78,3.38,NA,NA,NA,NA,NA,NA,NA,NA,NA,NA,NA,0.00,NA,NA,NA
2022-03-25 07:00:00,109.08,281.97,4.04,12.53,16.58,NA,NA,0.81,4.04,NA,NA,NA,NA,NA,NA,NA,NA,NA,NA,NA,0.00,NA,NA,NA
2022-03-25 08:00:00,109.92,307.64,4.58,12.59,17.17,NA,NA,0.72,23.03,NA,NA,NA,NA,NA,NA,NA,NA,NA,NA,NA,0.00,NA,NA,NA
2022-03-25 09:00:00,79.54,235.03,4.99,12.65,17.65,NA,NA,0.57,58.53,NA,NA,NA,NA,NA,NA,NA,NA,NA,NA,NA,0.00,NA,NA,NA
2022-03-25 10:00:00,72.92,218.68,5.43,12.62,18.05,NA,NA,0.55,69.69,NA,NA,NA,NA,NA,NA,NA,NA,NA,NA,NA,0.00,NA,NA,NA
2022-03-25 11:00:00,68.74,203.85,5.65,12.62,18.26,NA,NA,0.48,82.58,NA,NA,NA,NA,NA,NA,NA,NA,NA,NA,NA,0.00,NA,NA,NA
2022-03-25 12:00:00,70.44,191.73,5.82,12.85,18.67,NA,NA,0.48,90.60,NA,NA,NA,NA,NA,NA,NA,NA,NA,NA,NA,0.00,NA,NA,NA
2022-03-25 13:00:00,54.45,176.17,5.88,12.59,18.47,NA,NA,0.35,75.10,NA,NA,NA,NA,NA,NA,NA,NA,NA,NA,NA,0.00,NA,NA,NA
2022-03-25 14:00:00,40.93,131.98,5.74,12.78,18.52,NA,NA,0.33,77.97,NA,NA,NA,NA,NA,NA,NA,NA,NA,NA,NA,0.00,NA,NA,NA
2022-03-25 15:00:00,34.56,120.85,5.58,12.68,18.26,NA,NA,0.31,73.10,NA,NA,NA,NA,NA,NA,NA,NA,NA,NA,NA,0.00,NA,NA,NA
2022-03-25 16:00:00,31.28,122.15,5.23,12.78,18.00,NA,NA,0.29,64.99,NA,NA,NA,NA,NA,NA,NA,NA,NA,NA,NA,0.00,NA,NA,NA
2022-03-25 17:00:00,36.63,130.36,4.68,12.48,17.15,NA,NA,0.31,65.95,NA,NA,NA,NA,NA,NA,NA,NA,NA,NA,NA,0.00,NA,NA,NA
2022-03-25 18:00:00,38.30,148.24,3.80,12.43,16.24,NA,NA,0.36,64.30,NA,NA,NA,NA,NA,NA,NA,NA,NA,NA,NA,0.00,NA,NA,NA
2022-03-25 19:00:00,50.62,177.42,3.62,12.49,16.11,NA,NA,0.46,42.22,NA,NA,NA,NA,NA,NA,NA,NA,NA,NA,NA,0.00,NA,NA,NA
2022-03-25 20:00:00,49.70,161.72,3.64,12.21,15.85,NA,NA,0.50,35.96,NA,NA,NA,NA,NA,NA,NA,NA,NA,NA,NA,0.00,NA,NA,NA
2022-03-25 21:00:00,51.99,162.19,3.69,12.43,16.12,NA,NA,0.55,29.38,NA,NA,NA,NA,NA,NA,NA,NA,NA,NA,NA,0.00,NA,NA,NA
2022-03-25 22:00:00,56.64,168.65,3.54,12.52,16.07,NA,NA,0.52,27.78,NA,NA,NA,NA,NA,NA,NA,NA,NA,NA,NA,0.00,NA,NA,NA
2022-03-25 23:00:00,59.58,175.41,3.57,12.54,16.11,NA,NA,0.54,25.10,NA,NA,NA,NA,NA,NA,NA,NA,NA,NA,NA,0.00,NA,NA,NA
2022-03-26 00:00:00,64.90,160.98,3.65,12.43,16.08,NA,NA,0.52,25.17,NA,NA,NA,NA,NA,NA,NA,NA,NA,NA,NA,0.00,NA,NA,NA
2022-03-26 01:00:00,63.18,175.66,3.63,12.41,16.03,NA,NA,0.53,18.88,NA,NA,NA,NA,NA,NA,NA,NA,NA,NA,NA,0.00,NA,NA,NA
2022-03-26 02:00:00,65.93,168.86,3.51,12.45,15.96,NA,NA,0.53,14.65,NA,NA,NA,NA,NA,NA,NA,NA,NA,NA,NA,0.00,NA,NA,NA
2022-03-26 03:00:00,72.04,168.54,3.65,12.55,16.20,NA,NA,0.60,4.08,NA,NA,NA,NA,NA,NA,NA,NA,NA,NA,NA,0.00,NA,NA,NA
2022-03-26 04:00:00,102.81,223.96,3.65,12.21,15.87,NA,NA,0.60,15.59,NA,NA,NA,NA,NA,NA,NA,NA,NA,NA,NA,0.00,NA,NA,NA
2022-03-26 05:00:00,83.75,175.62,3.71,12.49,16.20,NA,NA,0.53,14.76,NA,NA,NA,NA,NA,NA,NA,NA,NA,NA,NA,0.00,NA,NA,NA
2022-03-26 06:00:00,84.11,210.28,3.74,12.37,16.12,NA,NA,0.55,19.58,NA,NA,NA,NA,NA,NA,NA,NA,NA,NA,NA,0.00,NA,NA,NA
2022-03-26 07:00:00,73.06,192.02,4.01,12.61,16.61,NA,NA,0.55,21.41,NA,NA,NA,NA,NA,NA,NA,NA,NA,NA,NA,0.00,NA,NA,NA
2022-03-26 08:00:00,63.87,198.02,4.52,12.66,17.18,NA,NA,0.52,45.92,NA,NA,NA,NA,NA,NA,NA,NA,NA,NA,NA,0.00,NA,NA,NA
2022-03-26 09:00:00,64.41,196.23,5.10,12.51,17.61,NA,NA,0.50,66.93,NA,NA,NA,NA,NA,NA,NA,NA,NA,NA,NA,0.00,NA,NA,NA
2022-03-26 10:00:00,66.58,219.99,5.49,12.65,18.14,NA,NA,0.46,84.52,NA,NA,NA,NA,NA,NA,NA,NA,NA,NA,NA,0.00,NA,NA,NA
2022-03-26 11:00:00,59.87,218.25,5.98,12.46,18.44,NA,NA,0.38,87.45,NA,NA,NA,NA,NA,NA,NA,NA,NA,NA,NA,0.00,NA,NA,NA
2022-03-26 12:00:00,45.28,218.43,5.89,12.77,18.66,NA,NA,0.31,83.66,NA,NA,NA,NA,NA,NA,NA,NA,NA,NA,NA,0.00,NA,NA,NA
2022-03-26 13:00:00,38.16,221.55,6.02,12.65,18.67,NA,NA,0.30,80.58,NA,NA,NA,NA,NA,NA,NA,NA,NA,NA,NA,0.00,NA,NA,NA
2022-03-26 14:00:00,37.00,161.14,5.92,12.64,18.55,NA,NA,0.33,85.95,NA,NA,NA,NA,NA,NA,NA,NA,NA,NA,NA,0.00,NA,NA,NA
2022-03-26 15:00:00,45.92,178.20,5.79,12.57,18.36,NA,NA,0.34,89.48,NA,NA,NA,NA,NA,NA,NA,NA,NA,NA,NA,0.00,NA,NA,NA
2022-03-26 16:00:00,35.67,179.52,5.41,12.56,17.97,NA,NA,0.30,76.55,NA,NA,NA,NA,NA,NA,NA,NA,NA,NA,NA,0.00,NA,NA,NA
2022-03-26 17:00:00,32.21,168.35,4.60,12.46,17.07,NA,NA,0.28,63.83,NA,NA,NA,NA,NA,NA,NA,NA,NA,NA,NA,0.00,NA,NA,NA
2022-03-26 18:00:00,40.96,167.00,3.86,12.48,16.33,NA,NA,0.32,48.65,NA,NA,NA,NA,NA,NA,NA,NA,NA,NA,NA,0.00,NA,NA,NA
2022-03-26 19:00:00,40.23,158.06,3.64,12.39,16.03,NA,NA,0.36,59.34,NA,NA,NA,NA,NA,NA,NA,NA,NA,NA,NA,0.00,NA,NA,NA
2022-03-26 20:00:00,43.18,176.27,3.77,12.29,16.06,NA,NA,0.38,62.50,NA,NA,NA,NA,NA,NA,NA,NA,NA,NA,NA,0.00,NA,NA,NA
2022-03-26 21:00:00,48.52,160.80,3.74,12.46,16.20,NA,NA,0.45,56.29,NA,NA,NA,NA,NA,NA,NA,NA,NA,NA,NA,0.00,NA,NA,NA
2022-03-26 22:00:00,58.89,183.72,3.72,12.21,15.93,NA,NA,0.45,50.19,NA,NA,NA,NA,NA,NA,NA,NA,NA,NA,NA,0.00,NA,NA,NA
2022-03-26 23:00:00,52.57,182.93,3.61,12.70,16.31,NA,NA,0.49,54.26,NA,NA,NA,NA,NA,NA,NA,NA,NA,NA,NA,0.00,NA,NA,NA
2022-03-27 00:00:00,62.26,202.21,3.68,12.35,16.03,NA,NA,0.47,55.67,NA,NA,NA,NA,NA,NA,NA,NA,NA,NA,NA,0.00,NA,NA,NA
2022-03-27 01:00:00,63.22,191.85,3.66,12.39,16.04,NA,NA,0.47,63.18,NA,NA,NA,NA,NA,NA,NA,NA,NA,NA,NA,0.00,NA,NA,NA
2022-03-27 02:00:00,60.80,189.92,3.69,12.38,16.07,NA,NA,0.46,63.77,NA,NA,NA,NA,NA,NA,NA,NA,NA,NA,NA,0.00,NA,NA,NA
2022-03-27 03:00:00,66.36,190.71,3.78,12.36,16.14,NA,NA,0.47,60.51,NA,NA,NA,NA,NA,NA,NA,NA,NA,NA,NA,0.00,NA,NA,NA
2022-03-27 04:00:00,78.98,200.64,3.75,12.44,16.19,NA,NA,0.52,40.26,NA,NA,NA,NA,NA,NA,NA,NA,NA,NA,NA,0.00,NA,NA,NA
2022-03-27 05:00:00,103.95,232.12,3.59,12.49,16.09,NA,NA,0.56,24.55,NA,NA,NA,NA,NA,NA,NA,NA,NA,NA,NA,0.00,NA,NA,NA
2022-03-27 06:00:00,94.51,229.60,3.76,12.48,16.24,NA,NA,0.57,17.77,NA,NA,NA,NA,NA,NA,NA,NA,NA,NA,NA,0.00,NA,NA,NA
2022-03-27 07:00:00,83.28,216.02,4.17,12.48,16.65,NA,NA,0.58,27.58,NA,NA,NA,NA,NA,NA,NA,NA,NA,NA,NA,0.00,NA,NA,NA
2022-03-27 08:00:00,79.73,225.67,4.59,12.64,17.23,NA,NA,0.57,44.42,NA,NA,NA,NA,NA,NA,NA,NA,NA,NA,NA,0.00,NA,NA,NA
2022-03-27 09:00:00,74.63,243.23,4.98,12.72,17.70,NA,NA,0.49,71.31,NA,NA,NA,NA,NA,NA,NA,NA,NA,NA,NA,0.00,NA,NA,NA
2022-03-27 10:00:00,61.87,232.64,5.40,12.78,18.18,NA,NA,0.46,79.44,NA,NA,NA,NA,NA,NA,NA,NA,NA,NA,NA,0.00,NA,NA,NA
2022-03-27 11:00:00,59.37,226.51,5.80,12.67,18.47,NA,NA,0.41,88.33,NA,NA,NA,NA,NA,NA,NA,NA,NA,NA,NA,0.00,NA,NA,NA
2022-03-27 12:00:00,52.27,196.62,5.98,12.69,18.67,NA,NA,0.37,88.52,NA,NA,NA,NA,NA,NA,NA,NA,NA,NA,NA,0.00,NA,NA,NA
2022-03-27 13:00:00,42.19,170.02,5.99,12.77,18.76,NA,NA,0.32,84.22,NA,NA,NA,NA,NA,NA,NA,NA,NA,NA,NA,0.00,NA,NA,NA
2022-03-27 14:00:00,35.81,166.83,5.88,12.85,18.73,NA,NA,0.29,76.24,NA,NA,NA,NA,NA,NA,NA,NA,NA,NA,NA,0.00,NA,NA,NA
2022-03-27 15:00:00,48.68,172.69,5.74,12.75,18.49,NA,NA,0.23,75.61,NA,NA,NA,NA,NA,NA,NA,NA,NA,NA,NA,0.00,NA,NA,NA
2022-03-27 16:00:00,48.06,175.27,5.58,12.84,18.42,NA,NA,0.24,68.05,NA,NA,NA,NA,NA,NA,NA,NA,NA,NA,NA,0.00,NA,NA,NA
2022-03-27 17:00:00,28.72,136.71,4.68,12.75,17.43,NA,NA,0.27,70.35,NA,NA,NA,NA,NA,NA,NA,NA,NA,NA,NA,0.00,NA,NA,NA
2022-03-27 18:00:00,36.95,148.11,3.81,12.37,16.19,NA,NA,0.32,57.43,NA,NA,NA,NA,NA,NA,NA,NA,NA,NA,NA,0.00,NA,NA,NA
2022-03-27 19:00:00,59.19,133.61,3.65,12.48,16.13,NA,NA,0.44,35.51,NA,NA,NA,NA,NA,NA,NA,NA,NA,NA,NA,0.00,NA,NA,NA
2022-03-27 20:00:00,96.59,158.10,3.68,12.55,16.23,NA,NA,0.58,19.28,NA,NA,NA,NA,NA,NA,NA,NA,NA,NA,NA,0.00,NA,NA,NA
2022-03-27 21:00:00,86.66,140.62,3.60,12.41,16.01,NA,NA,0.56,15.12,NA,NA,NA,NA,NA,NA,NA,NA,NA,NA,NA,0.00,NA,NA,NA
2022-03-27 22:00:00,72.46,132.76,3.69,12.45,16.13,NA,NA,0.59,11.05,NA,NA,NA,NA,NA,NA,NA,NA,NA,NA,NA,0.00,NA,NA,NA
2022-03-27 23:00:00,112.66,209.53,3.77,12.40,16.17,NA,NA,0.67,10.52,NA,NA,NA,NA,NA,NA,NA,NA,NA,NA,NA,0.00,NA,NA,NA
2022-03-28 00:00:00,72.03,176.92,3.58,12.67,16.26,NA,NA,0.62,10.52,NA,NA,NA,NA,NA,NA,NA,NA,NA,NA,NA,0.00,NA,NA,NA
2022-03-28 01:00:00,61.29,175.28,3.67,12.57,16.25,NA,NA,0.56,9.84,NA,NA,NA,NA,NA,NA,NA,NA,NA,NA,NA,0.00,NA,NA,NA
2022-03-28 02:00:00,56.53,163.38,3.68,12.44,16.12,NA,NA,0.53,11.07,NA,NA,NA,NA,NA,NA,NA,NA,NA,NA,NA,0.00,NA,NA,NA
2022-03-28 03:00:00,60.91,166.46,3.63,12.53,16.17,NA,NA,0.56,3.98,NA,NA,NA,NA,NA,NA,NA,NA,NA,NA,NA,0.00,NA,NA,NA
2022-03-28 04:00:00,64.10,165.38,3.66,12.62,16.28,NA,NA,0.58,5.49,NA,NA,NA,NA,NA,NA,NA,NA,NA,NA,NA,0.00,NA,NA,NA
2022-03-28 05:00:00,68.00,151.99,3.73,12.47,16.20,NA,NA,0.54,8.57,NA,NA,NA,NA,NA,NA,NA,NA,NA,NA,NA,0.00,NA,NA,NA
2022-03-28 06:00:00,59.44,149.99,3.78,12.48,16.26,NA,NA,0.45,9.45,NA,NA,NA,NA,NA,NA,NA,NA,NA,NA,NA,0.00,NA,NA,NA
2022-03-28 07:00:00,32.00,134.44,4.24,12.60,16.84,NA,NA,0.44,12.86,NA,NA,NA,NA,NA,NA,NA,NA,NA,NA,NA,0.00,NA,NA,NA
2022-03-28 08:00:00,54.63,152.06,4.77,12.64,17.41,NA,NA,0.53,23.45,NA,NA,NA,NA,NA,NA,NA,NA,NA,NA,NA,0.00,NA,NA,NA
2022-03-28 09:00:00,103.89,274.01,5.23,12.54,17.76,NA,NA,0.47,56.88,NA,NA,NA,NA,NA,NA,NA,NA,NA,NA,NA,0.00,NA,NA,NA
2022-03-28 10:00:00,49.38,198.84,5.54,12.77,18.31,NA,NA,0.36,76.24,NA,NA,NA,NA,NA,NA,NA,NA,NA,NA,NA,0.00,NA,NA,NA
2022-03-28 11:00:00,40.94,172.58,5.84,12.80,18.64,NA,NA,0.34,81.20,NA,NA,NA,NA,NA,NA,NA,NA,NA,NA,NA,0.00,NA,NA,NA
2022-03-28 12:00:00,45.05,153.91,5.98,12.83,18.81,NA,NA,0.32,87.32,NA,NA,NA,NA,NA,NA,NA,NA,NA,NA,NA,0.00,NA,NA,NA
2022-03-28 13:00:00,46.66,165.56,6.06,12.86,18.92,NA,NA,0.31,103.99,NA,NA,NA,NA,NA,NA,NA,NA,NA,NA,NA,0.00,NA,NA,NA
2022-03-28 14:00:00,38.01,164.60,6.07,12.72,18.80,NA,NA,0.29,94.33,NA,NA,NA,NA,NA,NA,NA,NA,NA,NA,NA,0.00,NA,NA,NA
2022-03-28 15:00:00,35.88,145.75,5.95,12.73,18.68,NA,NA,0.25,78.88,NA,NA,NA,NA,NA,NA,NA,NA,NA,NA,NA,0.00,NA,NA,NA
2022-03-28 16:00:00,31.55,136.86,5.48,12.59,18.06,NA,NA,0.26,79.95,NA,NA,NA,NA,NA,NA,NA,NA,NA,NA,NA,0.00,NA,NA,NA
2022-03-28 17:00:00,30.19,136.00,4.73,12.53,17.25,NA,NA,0.27,71.35,NA,NA,NA,NA,NA,NA,NA,NA,NA,NA,NA,0.00,NA,NA,NA
2022-03-28 18:00:00,37.61,150.52,3.87,12.53,16.41,NA,NA,0.31,52.82,NA,NA,NA,NA,NA,NA,NA,NA,NA,NA,NA,0.00,NA,NA,NA
2022-03-28 19:00:00,38.85,149.55,3.66,12.38,16.04,NA,NA,0.38,44.21,NA,NA,NA,NA,NA,NA,NA,NA,NA,NA,NA,0.00,NA,NA,NA
2022-03-28 20:00:00,47.29,296.02,3.63,12.60,16.22,NA,NA,0.53,23.16,NA,NA,NA,NA,NA,NA,NA,NA,NA,NA,NA,0.00,NA,NA,NA
2022-03-28 21:00:00,61.47,881.36,3.65,12.56,16.21,NA,NA,0.63,11.96,NA,NA,NA,NA,NA,NA,NA,NA,NA,NA,NA,0.00,NA,NA,NA
2022-03-28 22:00:00,67.95,NA,3.74,12.31,16.05,NA,NA,0.67,8.95,NA,NA,NA,NA,NA,NA,NA,NA,NA,NA,NA,0.00,NA,NA,NA
2022-03-28 23:00:00,54.08,NA,3.70,12.44,16.14,NA,NA,0.69,5.78,NA,NA,NA,NA,NA,NA,NA,NA,NA,NA,NA,0.00,NA,NA,NA
2022-03-29 00:00:00,72.76,NA,3.63,12.36,16.00,NA,NA,0.74,2.79,NA,NA,NA,NA,NA,NA,NA,NA,NA,NA,NA,0.00,NA,NA,NA
2022-03-29 01:00:00,59.29,732.99,3.64,12.47,16.11,NA,NA,0.75,2.89,NA,NA,NA,NA,NA,NA,NA,NA,NA,NA,NA,0.00,NA,NA,NA
2022-03-29 02:00:00,84.22,532.72,3.57,12.47,16.04,NA,NA,0.66,3.41,NA,NA,NA,NA,NA,NA,NA,NA,NA,NA,NA,0.00,NA,NA,NA
2022-03-29 03:00:00,74.99,557.35,3.57,12.53,16.10,NA,NA,0.68,3.67,NA,NA,NA,NA,NA,NA,NA,NA,NA,NA,NA,0.00,NA,NA,NA
2022-03-29 04:00:00,89.43,255.56,3.65,12.40,16.05,NA,NA,0.73,3.16,NA,NA,NA,NA,NA,NA,NA,NA,NA,NA,NA,0.00,NA,NA,NA
2022-03-29 05:00:00,107.75,212.77,3.59,12.51,16.10,NA,NA,0.79,3.04,NA,NA,NA,NA,NA,NA,NA,NA,NA,NA,NA,0.00,NA,NA,NA
2022-03-29 06:00:00,116.52,421.47,3.71,12.44,16.15,NA,NA,0.83,2.67,NA,NA,NA,NA,NA,NA,NA,NA,NA,NA,NA,0.00,NA,NA,NA
2022-03-29 07:00:00,108.75,366.72,4.17,12.53,16.70,NA,NA,0.83,3.52,NA,NA,NA,NA,NA,NA,NA,NA,NA,NA,NA,0.00,NA,NA,NA
2022-03-29 08:00:00,91.78,281.98,4.53,12.87,17.40,NA,NA,0.85,11.70,NA,NA,NA,NA,NA,NA,NA,NA,NA,NA,NA,0.00,NA,NA,NA
2022-03-29 09:00:00,147.44,249.49,5.13,12.78,17.91,NA,NA,0.81,54.80,NA,NA,NA,NA,NA,NA,NA,NA,NA,NA,NA,0.00,NA,NA,NA
2022-03-29 10:00:00,89.62,189.81,5.56,12.78,18.33,NA,NA,0.50,85.02,NA,NA,NA,NA,NA,NA,NA,NA,NA,NA,NA,0.00,NA,NA,NA
2022-03-29 11:00:00,56.32,82.77,5.88,12.87,18.76,NA,NA,0.40,60.07,NA,NA,NA,NA,NA,NA,NA,NA,NA,NA,NA,0.00,NA,NA,NA
2022-03-29 12:00:00,49.19,122.96,6.10,12.86,18.96,NA,NA,0.33,83.27,NA,NA,NA,NA,NA,NA,NA,NA,NA,NA,NA,0.00,NA,NA,NA
2022-03-29 13:00:00,47.64,154.45,6.27,12.81,19.07,NA,NA,0.31,83.07,NA,NA,NA,NA,NA,NA,NA,NA,NA,NA,NA,0.00,NA,NA,NA
2022-03-29 14:00:00,39.21,167.42,6.14,13.05,19.19,NA,NA,0.26,73.19,NA,NA,NA,NA,NA,NA,NA,NA,NA,NA,NA,0.00,NA,NA,NA
2022-03-29 15:00:00,25.75,217.89,5.96,12.77,18.73,NA,NA,0.24,73.64,NA,NA,NA,NA,NA,NA,NA,NA,NA,NA,NA,0.00,NA,NA,NA
2022-03-29 16:00:00,29.64,219.46,5.60,12.59,18.19,NA,NA,0.24,70.87,NA,NA,NA,NA,NA,NA,NA,NA,NA,NA,NA,0.00,NA,NA,NA
2022-03-29 17:00:00,27.98,271.91,4.87,12.53,17.39,NA,NA,0.25,64.73,NA,NA,NA,NA,NA,NA,NA,NA,NA,NA,NA,0.00,NA,NA,NA
2022-03-29 18:00:00,48.26,268.50,3.96,12.38,16.34,NA,NA,0.34,42.21,NA,NA,NA,NA,NA,NA,NA,NA,NA,NA,NA,0.00,NA,NA,NA
2022-03-29 19:00:00,49.93,161.75,3.75,12.49,16.25,NA,NA,0.41,25.46,NA,NA,NA,NA,NA,NA,NA,NA,NA,NA,NA,0.00,NA,NA,NA
2022-03-29 20:00:00,34.21,377.76,3.73,12.40,16.13,NA,NA,0.54,11.20,NA,NA,NA,NA,NA,NA,NA,NA,NA,NA,NA,0.00,NA,NA,NA
2022-03-29 21:00:00,48.99,103.22,3.81,12.36,16.16,NA,NA,0.65,6.25,NA,NA,NA,NA,NA,NA,NA,NA,NA,NA,NA,0.00,NA,NA,NA
2022-03-29 22:00:00,64.04,250.72,3.70,12.23,15.93,NA,NA,0.81,2.38,NA,NA,NA,NA,NA,NA,NA,NA,NA,NA,NA,0.00,NA,NA,NA
2022-03-29 23:00:00,54.04,102.23,3.67,12.47,16.14,NA,NA,0.70,4.18,NA,NA,NA,NA,NA,NA,NA,NA,NA,NA,NA,0.00,NA,NA,NA
2022-03-30 00:00:00,50.12,94.64,3.73,12.59,16.31,NA,NA,0.70,8.94,NA,NA,NA,NA,NA,NA,NA,NA,NA,NA,NA,0.00,NA,NA,NA
2022-03-30 01:00:00,45.63,91.35,3.74,12.41,16.14,NA,NA,0.77,3.34,NA,NA,NA,NA,NA,NA,NA,NA,NA,NA,NA,0.00,NA,NA,NA
2022-03-30 02:00:00,45.89,189.02,3.73,12.49,16.22,NA,NA,0.96,3.80,NA,NA,NA,NA,NA,NA,NA,NA,NA,NA,NA,0.00,NA,NA,NA
2022-03-30 03:00:00,62.90,228.58,3.69,12.30,16.00,NA,NA,1.17,2.98,NA,NA,NA,NA,NA,NA,NA,NA,NA,NA,NA,0.00,NA,NA,NA
2022-03-30 04:00:00,68.71,198.33,3.63,12.53,16.16,NA,NA,1.01,5.46,NA,NA,NA,NA,NA,NA,NA,NA,NA,NA,NA,0.00,NA,NA,NA
2022-03-30 05:00:00,80.67,274.24,3.70,12.43,16.13,NA,NA,0.64,4.37,NA,NA,NA,NA,NA,NA,NA,NA,NA,NA,NA,0.00,NA,NA,NA
2022-03-30 06:00:00,78.86,440.26,3.61,12.60,16.21,NA,NA,0.57,3.30,NA,NA,NA,NA,NA,NA,NA,NA,NA,NA,NA,0.00,NA,NA,NA
2022-03-30 07:00:00,72.60,121.09,4.13,12.74,16.87,NA,NA,0.56,5.05,NA,NA,NA,NA,NA,NA,NA,NA,NA,NA,NA,0.00,NA,NA,NA
2022-03-30 08:00:00,83.61,101.81,4.73,12.73,17.46,NA,NA,0.66,12.27,NA,NA,NA,NA,NA,NA,NA,NA,NA,NA,NA,0.00,NA,NA,NA
2022-03-30 09:00:00,120.36,277.20,5.17,12.78,17.95,NA,NA,0.68,40.95,NA,NA,NA,NA,NA,NA,NA,NA,NA,NA,NA,0.00,NA,NA,NA
2022-03-30 10:00:00,96.93,332.11,5.60,12.86,18.46,NA,NA,0.44,61.89,NA,NA,NA,NA,NA,NA,NA,NA,NA,NA,NA,0.00,NA,NA,NA
2022-03-30 11:00:00,66.81,102.35,5.98,12.67,18.65,NA,NA,0.38,83.43,NA,NA,NA,NA,NA,NA,NA,NA,NA,NA,NA,0.00,NA,NA,NA
2022-03-30 12:00:00,62.35,119.49,6.09,12.72,18.81,NA,NA,0.35,88.82,NA,NA,NA,NA,NA,NA,NA,NA,NA,NA,NA,0.00,NA,NA,NA
2022-03-30 13:00:00,54.68,136.94,6.07,12.83,18.89,NA,NA,0.33,92.16,NA,NA,NA,NA,NA,NA,NA,NA,NA,NA,NA,0.00,NA,NA,NA
2022-03-30 14:00:00,52.75,141.22,6.09,12.62,18.71,NA,NA,0.35,123.50,NA,NA,NA,NA,NA,NA,NA,NA,NA,NA,NA,0.00,NA,NA,NA
2022-03-30 15:00:00,51.74,221.14,5.89,12.69,18.58,NA,NA,0.32,114.17,NA,NA,NA,NA,NA,NA,NA,NA,NA,NA,NA,0.00,NA,NA,NA
2022-03-30 16:00:00,30.53,96.44,5.38,12.69,18.07,NA,NA,0.28,94.86,NA,NA,NA,NA,NA,NA,NA,NA,NA,NA,NA,0.00,NA,NA,NA
2022-03-30 17:00:00,34.33,101.50,4.73,12.41,17.14,NA,NA,0.31,80.43,NA,NA,NA,NA,NA,NA,NA,NA,NA,NA,NA,0.00,NA,NA,NA
2022-03-30 18:00:00,40.10,109.78,3.89,12.53,16.42,NA,NA,0.33,47.73,NA,NA,NA,NA,NA,NA,NA,NA,NA,NA,NA,0.00,NA,NA,NA
2022-03-30 19:00:00,41.05,89.29,3.63,12.36,15.99,NA,NA,0.42,33.20,NA,NA,NA,NA,NA,NA,NA,NA,NA,NA,NA,0.00,NA,NA,NA
2022-03-30 20:00:00,38.73,89.46,3.62,12.56,16.17,NA,NA,0.51,63.25,NA,NA,NA,NA,NA,NA,NA,NA,NA,NA,NA,0.00,NA,NA,NA
2022-03-30 21:00:00,90.78,180.70,3.70,12.31,16.01,NA,NA,0.61,46.37,NA,NA,NA,NA,NA,NA,NA,NA,NA,NA,NA,0.00,NA,NA,NA
2022-03-30 22:00:00,111.24,270.66,3.73,12.35,16.07,NA,NA,0.72,14.37,NA,NA,NA,NA,NA,NA,NA,NA,NA,NA,NA,0.00,NA,NA,NA
2022-03-30 23:00:00,102.46,208.38,3.61,12.49,16.09,NA,NA,0.67,11.68,NA,NA,NA,NA,NA,NA,NA,NA,NA,NA,NA,0.00,NA,NA,NA
2022-03-31 00:00:00,88.68,159.88,3.54,12.54,16.08,NA,NA,0.71,4.09,NA,NA,NA,NA,NA,NA,NA,NA,NA,NA,NA,0.00,NA,NA,NA
2022-03-31 01:00:00,113.76,145.19,3.66,12.43,16.09,NA,NA,0.81,9.56,NA,NA,NA,NA,NA,NA,NA,NA,NA,NA,NA,0.00,NA,NA,NA
2022-03-31 02:00:00,140.00,194.23,3.76,12.35,16.11,NA,NA,0.79,19.59,NA,NA,NA,NA,NA,NA,NA,NA,NA,NA,NA,0.00,NA,NA,NA
2022-03-31 03:00:00,128.64,258.27,3.77,12.42,16.19,NA,NA,0.85,21.06,NA,NA,NA,NA,NA,NA,NA,NA,NA,NA,NA,0.00,NA,NA,NA
2022-03-31 04:00:00,146.52,296.93,3.78,12.32,16.10,NA,NA,0.90,16.46,NA,NA,NA,NA,NA,NA,NA,NA,NA,NA,NA,0.00,NA,NA,NA
2022-03-31 05:00:00,162.20,248.91,3.65,12.53,16.17,NA,NA,0.86,14.26,NA,NA,NA,NA,NA,NA,NA,NA,NA,NA,NA,0.00,NA,NA,NA
2022-03-31 06:00:00,144.79,147.74,3.82,12.45,16.27,NA,NA,0.85,15.85,NA,NA,NA,NA,NA,NA,NA,NA,NA,NA,NA,0.00,NA,NA,NA
2022-03-31 07:00:00,121.24,188.20,4.18,12.46,16.64,NA,NA,0.89,14.29,NA,NA,NA,NA,NA,NA,NA,NA,NA,NA,NA,0.00,NA,NA,NA
2022-03-31 08:00:00,141.05,231.35,4.84,12.47,17.31,NA,NA,0.81,53.32,NA,NA,NA,NA,NA,NA,NA,NA,NA,NA,NA,0.00,NA,NA,NA
2022-03-31 09:00:00,108.73,190.00,5.28,12.60,17.88,NA,NA,0.70,73.44,NA,NA,NA,NA,NA,NA,NA,NA,NA,NA,NA,0.00,NA,NA,NA
2022-03-31 10:00:00,103.94,213.36,5.66,12.74,18.40,NA,NA,0.71,95.27,NA,NA,NA,NA,NA,NA,NA,NA,NA,NA,NA,0.00,NA,NA,NA
2022-03-31 11:00:00,89.71,209.18,5.96,12.53,18.49,NA,NA,0.61,106.80,NA,NA,NA,NA,NA,NA,NA,NA,NA,NA,NA,0.00,NA,NA,NA
2022-03-31 12:00:00,75.63,179.14,6.00,12.88,18.89,NA,NA,0.56,108.43,NA,NA,NA,NA,NA,NA,NA,NA,NA,NA,NA,0.00,NA,NA,NA
2022-03-31 13:00:00,83.52,198.79,5.93,12.82,18.75,NA,NA,0.55,111.44,NA,NA,NA,NA,NA,NA,NA,NA,NA,NA,NA,0.00,NA,NA,NA
2022-03-31 14:00:00,90.23,170.40,5.71,12.80,18.51,NA,NA,0.52,105.06,NA,NA,NA,NA,NA,NA,NA,NA,NA,NA,NA,0.00,NA,NA,NA
2022-03-31 15:00:00,72.23,142.71,5.53,12.69,18.22,NA,NA,0.50,107.43,NA,NA,NA,NA,NA,NA,NA,NA,NA,NA,NA,0.00,NA,NA,NA
2022-03-31 16:00:00,79.23,170.30,5.16,12.49,17.65,NA,NA,0.48,106.96,NA,NA,NA,NA,NA,NA,NA,NA,NA,NA,NA,0.00,NA,NA,NA
2022-03-31 17:00:00,72.10,149.02,4.31,12.67,16.98,NA,NA,0.50,92.01,NA,NA,NA,NA,NA,NA,NA,NA,NA,NA,NA,0.00,NA,NA,NA
2022-03-31 18:00:00,87.24,153.68,3.96,12.41,16.37,NA,NA,0.58,73.57,NA,NA,NA,NA,NA,NA,NA,NA,NA,NA,NA,0.00,NA,NA,NA
2022-03-31 19:00:00,93.02,155.80,3.71,12.24,15.95,NA,NA,0.75,44.38,NA,NA,NA,NA,NA,NA,NA,NA,NA,NA,NA,0.00,NA,NA,NA
2022-03-31 20:00:00,117.26,173.75,3.64,12.42,16.06,NA,NA,0.91,16.56,NA,NA,NA,NA,NA,NA,NA,NA,NA,NA,NA,0.00,NA,NA,NA
2022-03-31 21:00:00,111.90,173.35,3.58,12.55,16.13,NA,NA,1.08,6.72,NA,NA,NA,NA,NA,NA,NA,NA,NA,NA,NA,0.00,NA,NA,NA
2022-03-31 22:00:00,110.71,189.32,3.72,12.28,16.00,NA,NA,1.20,7.49,NA,NA,NA,NA,NA,NA,NA,NA,NA,NA,NA,0.00,NA,NA,NA
2022-03-31 23:00:00,146.08,210.15,3.72,12.26,15.99,NA,NA,1.10,8.58,NA,NA,NA,NA,NA,NA,NA,NA,NA,NA,NA,0.00,NA,NA,NA
2022-04-01 00:00:00,144.16,238.61,3.46,12.39,15.85,NA,NA,0.74,30.79,NA,NA,NA,NA,NA,NA,NA,NA,NA,NA,NA,0.00,NA,NA,NA
2022-04-01 01:00:00,97.83,153.96,3.62,12.37,16.00,NA,NA,0.57,36.23,NA,NA,NA,NA,NA,NA,NA,NA,NA,NA,NA,0.00,NA,NA,NA
2022-04-01 02:00:00,69.08,110.28,3.69,12.41,16.09,NA,NA,0.47,52.23,NA,NA,NA,NA,NA,NA,NA,NA,NA,NA,NA,0.00,NA,NA,NA
2022-04-01 03:00:00,58.10,94.84,3.66,12.39,16.05,NA,NA,0.46,51.61,NA,NA,NA,NA,NA,NA,NA,NA,NA,NA,NA,0.00,NA,NA,NA
2022-04-01 04:00:00,60.54,104.25,3.68,12.20,15.89,NA,NA,0.47,48.06,NA,NA,NA,NA,NA,NA,NA,NA,NA,NA,NA,0.00,NA,NA,NA
2022-04-01 05:00:00,68.27,106.55,3.66,12.43,16.09,NA,NA,0.49,44.54,NA,NA,NA,NA,NA,NA,NA,NA,NA,NA,NA,0.00,NA,NA,NA
2022-04-01 06:00:00,87.06,99.01,3.87,12.47,16.34,NA,NA,0.51,31.69,NA,NA,NA,NA,NA,NA,NA,NA,NA,NA,NA,0.00,NA,NA,NA
2022-04-01 07:00:00,73.54,82.11,4.10,12.65,16.75,NA,NA,0.58,20.64,NA,NA,NA,NA,NA,NA,NA,NA,NA,NA,NA,0.00,NA,NA,NA
2022-04-01 08:00:00,106.18,113.61,4.70,12.67,17.36,NA,NA,0.70,40.25,NA,NA,NA,NA,NA,NA,NA,NA,NA,NA,NA,0.00,NA,NA,NA
2022-04-01 09:00:00,101.94,100.06,5.25,12.63,17.89,NA,NA,0.54,66.88,NA,NA,NA,NA,NA,NA,NA,NA,NA,NA,NA,0.00,NA,NA,NA
2022-04-01 10:00:00,55.46,87.18,5.90,12.50,18.40,NA,NA,0.44,90.84,NA,NA,NA,NA,NA,NA,NA,NA,NA,NA,NA,0.00,NA,NA,NA
2022-04-01 11:00:00,47.61,129.60,6.13,12.58,18.71,NA,NA,0.43,103.44,NA,NA,NA,NA,NA,NA,NA,NA,NA,NA,NA,0.00,NA,NA,NA
2022-04-01 12:00:00,37.19,114.73,6.17,12.52,18.69,NA,NA,0.29,91.48,NA,NA,NA,NA,NA,NA,NA,NA,NA,NA,NA,0.00,NA,NA,NA
2022-04-01 13:00:00,14.91,93.89,6.13,12.58,18.72,NA,NA,0.25,91.36,NA,NA,NA,NA,NA,NA,NA,NA,NA,NA,NA,0.00,NA,NA,NA
2022-04-01 14:00:00,13.68,103.91,6.10,12.65,18.76,NA,NA,0.23,95.11,NA,NA,NA,NA,NA,NA,NA,NA,NA,NA,NA,0.00,NA,NA,NA
2022-04-01 15:00:00,12.25,91.61,6.00,12.52,18.52,NA,NA,0.24,95.24,NA,NA,NA,NA,NA,NA,NA,NA,NA,NA,NA,0.00,NA,NA,NA
2022-04-01 16:00:00,13.64,104.69,5.39,12.76,18.15,NA,NA,0.23,93.59,NA,NA,NA,NA,NA,NA,NA,NA,NA,NA,NA,0.00,NA,NA,NA
2022-04-01 17:00:00,21.24,96.15,4.84,12.63,17.46,NA,NA,0.24,94.65,NA,NA,NA,NA,NA,NA,NA,NA,NA,NA,NA,0.00,NA,NA,NA
2022-04-01 18:00:00,23.34,88.97,4.13,12.36,16.48,NA,NA,0.27,72.18,NA,NA,NA,NA,NA,NA,NA,NA,NA,NA,NA,0.00,NA,NA,NA
2022-04-01 19:00:00,27.19,83.78,3.78,12.43,16.21,NA,NA,0.35,44.87,NA,NA,NA,NA,NA,NA,NA,NA,NA,NA,NA,0.00,NA,NA,NA
2022-04-01 20:00:00,36.41,92.17,3.90,12.33,16.23,NA,NA,0.52,21.44,NA,NA,NA,NA,NA,NA,NA,NA,NA,NA,NA,0.00,NA,NA,NA
2022-04-01 21:00:00,50.74,111.80,3.80,12.52,16.32,NA,NA,0.55,15.31,NA,NA,NA,NA,NA,NA,NA,NA,NA,NA,NA,0.00,NA,NA,NA
2022-04-01 22:00:00,42.31,80.23,3.78,12.59,16.36,NA,NA,0.53,9.48,NA,NA,NA,NA,NA,NA,NA,NA,NA,NA,NA,0.00,NA,NA,NA
2022-04-01 23:00:00,48.52,100.52,3.80,12.45,16.25,NA,NA,0.66,4.60,NA,NA,NA,NA,NA,NA,NA,NA,NA,NA,NA,0.00,NA,NA,NA
2022-04-02 00:00:00,60.86,123.92,3.73,12.54,16.27,NA,NA,0.66,4.53,NA,NA,NA,NA,NA,NA,NA,NA,NA,NA,NA,0.00,NA,NA,NA
2022-04-02 01:00:00,67.75,129.98,3.81,12.47,16.27,NA,NA,0.74,7.66,NA,NA,NA,NA,NA,NA,NA,NA,NA,NA,NA,0.00,NA,NA,NA
2022-04-02 02:00:00,84.40,138.74,3.72,12.48,16.20,NA,NA,0.92,2.87,NA,NA,NA,NA,NA,NA,NA,NA,NA,NA,NA,0.00,NA,NA,NA
2022-04-02 03:00:00,131.60,207.50,3.88,12.39,16.27,NA,NA,1.10,4.32,NA,NA,NA,NA,NA,NA,NA,NA,NA,NA,NA,0.00,NA,NA,NA
2022-04-02 04:00:00,181.09,283.11,3.80,12.39,16.19,NA,NA,0.85,6.81,NA,NA,NA,NA,NA,NA,NA,NA,NA,NA,NA,0.00,NA,NA,NA
2022-04-02 05:00:00,149.63,223.01,3.67,12.60,16.27,NA,NA,0.61,16.59,NA,NA,NA,NA,NA,NA,NA,NA,NA,NA,NA,0.00,NA,NA,NA
2022-04-02 06:00:00,120.05,182.67,4.10,12.38,16.48,NA,NA,0.58,10.24,NA,NA,NA,NA,NA,NA,NA,NA,NA,NA,NA,0.00,NA,NA,NA
2022-04-02 07:00:00,87.73,122.56,4.51,12.69,17.20,NA,NA,0.59,10.89,NA,NA,NA,NA,NA,NA,NA,NA,NA,NA,NA,0.00,NA,NA,NA
2022-04-02 08:00:00,80.09,138.77,4.99,12.57,17.56,NA,NA,0.63,20.92,NA,NA,NA,NA,NA,NA,NA,NA,NA,NA,NA,0.00,NA,NA,NA
2022-04-02 09:00:00,92.35,143.66,5.35,12.60,17.95,NA,NA,0.46,49.81,NA,NA,NA,NA,NA,NA,NA,NA,NA,NA,NA,0.00,NA,NA,NA
2022-04-02 10:00:00,53.14,110.17,5.77,12.74,18.51,NA,NA,0.36,74.87,NA,NA,NA,NA,NA,NA,NA,NA,NA,NA,NA,0.00,NA,NA,NA
2022-04-02 11:00:00,40.07,147.89,6.05,12.67,18.72,NA,NA,0.32,85.32,NA,NA,NA,NA,NA,NA,NA,NA,NA,NA,NA,0.00,NA,NA,NA
2022-04-02 12:00:00,39.17,106.98,6.26,12.85,19.10,NA,NA,0.28,85.60,NA,NA,NA,NA,NA,NA,NA,NA,NA,NA,NA,0.00,NA,NA,NA
2022-04-02 13:00:00,30.44,76.89,6.43,12.74,19.16,NA,NA,0.29,98.34,NA,NA,NA,NA,NA,NA,NA,NA,NA,NA,NA,0.00,NA,NA,NA
2022-04-02 14:00:00,33.37,102.29,6.25,12.75,19.00,NA,NA,0.29,104.10,NA,NA,NA,NA,NA,NA,NA,NA,NA,NA,NA,0.00,NA,NA,NA
2022-04-02 15:00:00,35.97,112.73,6.04,12.72,18.76,NA,NA,0.28,104.94,NA,NA,NA,NA,NA,NA,NA,NA,NA,NA,NA,0.00,NA,NA,NA
2022-04-02 16:00:00,31.44,103.67,5.57,12.65,18.21,NA,NA,0.27,93.43,NA,NA,NA,NA,NA,NA,NA,NA,NA,NA,NA,0.00,NA,NA,NA
2022-04-02 17:00:00,30.82,102.17,4.90,12.41,17.31,NA,NA,0.28,92.76,NA,NA,NA,NA,NA,NA,NA,NA,NA,NA,NA,0.00,NA,NA,NA
2022-04-02 18:00:00,39.72,103.46,4.08,12.55,16.63,NA,NA,0.33,87.32,NA,NA,NA,NA,NA,NA,NA,NA,NA,NA,NA,0.00,NA,NA,NA
2022-04-02 19:00:00,30.95,86.30,3.84,12.43,16.27,NA,NA,0.38,79.21,NA,NA,NA,NA,NA,NA,NA,NA,NA,NA,NA,0.00,NA,NA,NA
2022-04-02 20:00:00,41.24,107.77,3.85,12.33,16.18,NA,NA,0.48,65.55,NA,NA,NA,NA,NA,NA,NA,NA,NA,NA,NA,0.00,NA,NA,NA
2022-04-02 21:00:00,67.64,126.82,3.84,12.26,16.10,NA,NA,0.58,59.88,NA,NA,NA,NA,NA,NA,NA,NA,NA,NA,NA,0.00,NA,NA,NA
2022-04-02 22:00:00,90.61,165.63,3.75,12.41,16.16,NA,NA,0.68,57.56,NA,NA,NA,NA,NA,NA,NA,NA,NA,NA,NA,0.00,NA,NA,NA
2022-04-02 23:00:00,96.87,167.64,3.64,12.79,16.43,NA,NA,0.73,48.73,NA,NA,NA,NA,NA,NA,NA,NA,NA,NA,NA,0.00,NA,NA,NA
2022-04-03 00:00:00,106.17,190.11,3.76,12.36,16.12,NA,NA,0.68,38.00,NA,NA,NA,NA,NA,NA,NA,NA,NA,NA,NA,0.00,NA,NA,NA
2022-04-03 01:00:00,106.82,181.71,3.73,12.42,16.15,NA,NA,0.70,26.49,NA,NA,NA,NA,NA,NA,NA,NA,NA,NA,NA,0.00,NA,NA,NA
2022-04-03 02:00:00,140.83,232.73,3.70,12.51,16.22,NA,NA,0.70,26.31,NA,NA,NA,NA,NA,NA,NA,NA,NA,NA,NA,0.00,NA,NA,NA
2022-04-03 03:00:00,122.60,229.38,3.76,12.51,16.27,NA,NA,0.69,29.87,NA,NA,NA,NA,NA,NA,NA,NA,NA,NA,NA,0.00,NA,NA,NA
2022-04-03 04:00:00,123.30,246.35,3.84,12.48,16.33,NA,NA,0.67,28.10,NA,NA,NA,NA,NA,NA,NA,NA,NA,NA,NA,0.00,NA,NA,NA
2022-04-03 05:00:00,144.58,213.33,3.76,12.32,16.07,NA,NA,0.70,23.47,NA,NA,NA,NA,NA,NA,NA,NA,NA,NA,NA,0.00,NA,NA,NA
2022-04-03 06:00:00,162.28,208.33,3.84,12.54,16.38,NA,NA,0.80,14.79,NA,NA,NA,NA,NA,NA,NA,NA,NA,NA,NA,0.00,NA,NA,NA
2022-04-03 07:00:00,167.11,268.92,4.31,12.73,17.04,NA,NA,0.91,15.59,NA,NA,NA,NA,NA,NA,NA,NA,NA,NA,NA,0.00,NA,NA,NA
2022-04-03 08:00:00,159.81,271.42,4.89,12.73,17.62,NA,NA,0.88,39.16,NA,NA,NA,NA,NA,NA,NA,NA,NA,NA,NA,0.00,NA,NA,NA
2022-04-03 09:00:00,145.73,304.00,5.39,12.86,18.25,NA,NA,0.73,66.18,NA,NA,NA,NA,NA,NA,NA,NA,NA,NA,NA,0.00,NA,NA,NA
2022-04-03 10:00:00,78.93,206.23,5.82,12.86,18.69,NA,NA,0.56,89.78,NA,NA,NA,NA,NA,NA,NA,NA,NA,NA,NA,0.00,NA,NA,NA
2022-04-03 11:00:00,47.96,165.96,6.25,12.66,18.91,NA,NA,0.43,106.19,NA,NA,NA,NA,NA,NA,NA,NA,NA,NA,NA,0.00,NA,NA,NA
2022-04-03 12:00:00,18.51,114.95,6.31,12.79,19.10,NA,NA,0.30,96.00,NA,NA,NA,NA,NA,NA,NA,NA,NA,NA,NA,0.00,NA,NA,NA
2022-04-03 13:00:00,6.53,97.03,6.32,12.70,19.02,NA,NA,0.29,97.17,NA,NA,NA,NA,NA,NA,NA,NA,NA,NA,NA,0.00,NA,NA,NA
2022-04-03 14:00:00,31.08,101.59,6.32,12.61,18.93,NA,NA,0.28,97.82,NA,NA,NA,NA,NA,NA,NA,NA,NA,NA,NA,0.00,NA,NA,NA
2022-04-03 15:00:00,29.09,75.40,6.07,12.82,18.88,NA,NA,0.27,95.23,NA,NA,NA,NA,NA,NA,NA,NA,NA,NA,NA,0.00,NA,NA,NA
2022-04-03 16:00:00,40.76,73.02,5.49,12.74,18.23,NA,NA,0.25,88.62,NA,NA,NA,NA,NA,NA,NA,NA,NA,NA,NA,0.00,NA,NA,NA
2022-04-03 17:00:00,92.81,82.53,4.83,12.58,17.41,NA,NA,0.30,71.48,NA,NA,NA,NA,NA,NA,NA,NA,NA,NA,NA,0.00,NA,NA,NA
2022-04-03 18:00:00,67.42,120.34,3.99,12.37,16.35,NA,NA,0.32,39.86,NA,NA,NA,NA,NA,NA,NA,NA,NA,NA,NA,0.00,NA,NA,NA
2022-04-03 19:00:00,36.23,61.69,3.65,12.43,16.08,NA,NA,0.38,28.96,NA,NA,NA,NA,NA,NA,NA,NA,NA,NA,NA,0.00,NA,NA,NA
2022-04-03 20:00:00,38.66,65.14,3.78,12.33,16.11,NA,NA,0.52,16.02,NA,NA,NA,NA,NA,NA,NA,NA,NA,NA,NA,0.00,NA,NA,NA
2022-04-03 21:00:00,59.84,60.71,3.62,12.47,16.09,NA,NA,0.62,7.22,NA,NA,NA,NA,NA,NA,NA,NA,NA,NA,NA,0.00,NA,NA,NA
2022-04-03 22:00:00,66.05,67.49,3.73,12.39,16.12,NA,NA,0.67,4.75,NA,NA,NA,NA,NA,NA,NA,NA,NA,NA,NA,0.00,NA,NA,NA
2022-04-03 23:00:00,66.15,67.22,3.65,12.60,16.25,NA,NA,0.66,6.68,NA,NA,NA,NA,NA,NA,NA,NA,NA,NA,NA,0.00,NA,NA,NA
2022-04-04 00:00:00,53.81,94.54,3.76,12.42,16.19,NA,NA,0.55,6.65,NA,NA,NA,NA,NA,NA,NA,NA,NA,NA,NA,0.00,NA,NA,NA
2022-04-04 01:00:00,60.68,121.40,3.79,12.55,16.35,NA,NA,0.80,3.81,NA,NA,NA,NA,NA,NA,NA,NA,NA,NA,NA,0.00,NA,NA,NA
2022-04-04 02:00:00,81.61,153.33,3.71,12.44,16.15,NA,NA,0.77,2.71,NA,NA,NA,NA,NA,NA,NA,NA,NA,NA,NA,0.00,NA,NA,NA
2022-04-04 03:00:00,76.20,140.75,3.77,12.36,16.14,NA,NA,0.74,3.60,NA,NA,NA,NA,NA,NA,NA,NA,NA,NA,NA,0.00,NA,NA,NA
2022-04-04 04:00:00,70.58,115.91,3.80,12.53,16.34,NA,NA,0.57,3.92,NA,NA,NA,NA,NA,NA,NA,NA,NA,NA,NA,0.00,NA,NA,NA
2022-04-04 05:00:00,56.29,120.90,3.66,12.65,16.31,NA,NA,0.46,13.12,NA,NA,NA,NA,NA,NA,NA,NA,NA,NA,NA,0.00,NA,NA,NA
2022-04-04 06:00:00,77.17,136.02,3.70,12.55,16.25,NA,NA,0.45,14.41,NA,NA,NA,NA,NA,NA,NA,NA,NA,NA,NA,0.00,NA,NA,NA
2022-04-04 07:00:00,63.08,119.20,4.21,12.65,16.86,NA,NA,0.47,9.94,NA,NA,NA,NA,NA,NA,NA,NA,NA,NA,NA,0.00,NA,NA,NA
2022-04-04 08:00:00,73.20,136.43,4.93,12.53,17.47,NA,NA,0.51,35.43,NA,NA,NA,NA,NA,NA,NA,NA,NA,NA,NA,0.00,NA,NA,NA
2022-04-04 09:00:00,77.67,166.19,5.51,12.53,18.03,NA,NA,0.48,72.80,NA,NA,NA,NA,NA,NA,NA,NA,NA,NA,NA,0.00,NA,NA,NA
2022-04-04 10:00:00,76.56,174.75,6.06,12.65,18.71,NA,NA,0.47,100.41,NA,NA,NA,NA,NA,NA,NA,NA,NA,NA,NA,0.00,NA,NA,NA
2022-04-04 11:00:00,66.83,167.17,6.47,12.38,18.85,NA,NA,0.40,103.74,NA,NA,NA,NA,NA,NA,NA,NA,NA,NA,NA,0.00,NA,NA,NA
2022-04-04 12:00:00,60.17,188.10,6.54,12.66,19.20,NA,NA,0.37,111.25,NA,NA,NA,NA,NA,NA,NA,NA,NA,NA,NA,0.00,NA,NA,NA
2022-04-04 13:00:00,51.03,116.33,6.55,12.55,19.10,NA,NA,0.30,99.42,NA,NA,NA,NA,NA,NA,NA,NA,NA,NA,NA,0.00,NA,NA,NA
2022-04-04 14:00:00,40.20,107.83,6.30,12.73,19.02,NA,NA,0.26,94.83,NA,NA,NA,NA,NA,NA,NA,NA,NA,NA,NA,0.00,NA,NA,NA
2022-04-04 15:00:00,56.20,110.52,6.09,12.70,18.78,NA,NA,0.25,92.05,NA,NA,NA,NA,NA,NA,NA,NA,NA,NA,NA,0.00,NA,NA,NA
2022-04-04 16:00:00,92.60,151.41,5.71,12.59,18.30,NA,NA,0.25,94.26,NA,NA,NA,NA,NA,NA,NA,NA,NA,NA,NA,0.00,NA,NA,NA
2022-04-04 17:00:00,35.10,93.44,4.89,12.39,17.29,NA,NA,0.27,87.27,NA,NA,NA,NA,NA,NA,NA,NA,NA,NA,NA,0.00,NA,NA,NA
2022-04-04 18:00:00,37.54,100.65,4.13,12.39,16.52,NA,NA,0.31,63.32,NA,NA,NA,NA,NA,NA,NA,NA,NA,NA,NA,0.00,NA,NA,NA
2022-04-04 19:00:00,44.44,78.76,3.71,12.58,16.29,NA,NA,0.37,44.70,NA,NA,NA,NA,NA,NA,NA,NA,NA,NA,NA,0.00,NA,NA,NA
2022-04-04 20:00:00,36.10,73.36,3.87,12.42,16.29,NA,NA,0.48,27.37,NA,NA,NA,NA,NA,NA,NA,NA,NA,NA,NA,0.00,NA,NA,NA
2022-04-04 21:00:00,75.57,106.87,3.75,12.51,16.26,NA,NA,0.64,14.19,NA,NA,NA,NA,NA,NA,NA,NA,NA,NA,NA,0.00,NA,NA,NA
2022-04-04 22:00:00,75.24,112.25,3.75,12.37,16.11,NA,NA,0.65,14.19,NA,NA,NA,NA,NA,NA,NA,NA,NA,NA,NA,0.00,NA,NA,NA
2022-04-04 23:00:00,77.94,123.50,3.74,12.37,16.11,NA,NA,0.64,16.46,NA,NA,NA,NA,NA,NA,NA,NA,NA,NA,NA,0.00,NA,NA,NA
2022-04-05 00:00:00,75.21,127.52,3.74,12.41,16.15,NA,NA,0.72,6.21,NA,NA,NA,NA,NA,NA,NA,NA,NA,NA,NA,0.00,NA,NA,NA
2022-04-05 01:00:00,99.21,168.58,3.72,12.47,16.19,NA,NA,0.83,7.89,NA,NA,NA,NA,NA,NA,NA,NA,NA,NA,NA,0.00,NA,NA,NA
2022-04-05 02:00:00,124.66,213.37,3.76,12.49,16.25,NA,NA,0.81,9.53,NA,NA,NA,NA,NA,NA,NA,NA,NA,NA,NA,0.00,NA,NA,NA
2022-04-05 03:00:00,134.69,208.94,3.69,12.42,16.11,NA,NA,0.82,6.86,NA,NA,NA,NA,NA,NA,NA,NA,NA,NA,NA,0.00,NA,NA,NA
2022-04-05 04:00:00,125.50,219.01,3.89,12.36,16.24,NA,NA,0.74,3.22,NA,NA,NA,NA,NA,NA,NA,NA,NA,NA,NA,0.00,NA,NA,NA
2022-04-05 05:00:00,117.17,208.23,3.75,12.43,16.19,NA,NA,0.70,3.57,NA,NA,NA,NA,NA,NA,NA,NA,NA,NA,NA,0.00,NA,NA,NA
2022-04-05 06:00:00,133.22,196.49,3.84,12.59,16.43,NA,NA,0.67,4.81,NA,NA,NA,NA,NA,NA,NA,NA,NA,NA,NA,0.00,NA,NA,NA
2022-04-05 07:00:00,120.63,217.26,4.28,12.50,16.78,NA,NA,0.68,7.17,NA,NA,NA,NA,NA,NA,NA,NA,NA,NA,NA,0.00,NA,NA,NA
2022-04-05 08:00:00,114.18,235.58,4.87,12.80,17.67,NA,NA,0.76,22.56,NA,NA,NA,NA,NA,NA,NA,NA,NA,NA,NA,0.00,NA,NA,NA
2022-04-05 09:00:00,122.30,260.97,5.35,12.79,18.14,NA,NA,0.68,49.61,NA,NA,NA,NA,NA,NA,NA,NA,NA,NA,NA,0.00,NA,NA,NA
2022-04-05 10:00:00,86.67,198.69,5.92,12.69,18.60,NA,NA,0.50,92.86,NA,NA,NA,NA,NA,NA,NA,NA,NA,NA,NA,0.00,NA,NA,NA
2022-04-05 11:00:00,37.84,129.09,6.27,12.75,19.01,NA,NA,0.36,95.08,NA,NA,NA,NA,NA,NA,NA,NA,NA,NA,NA,0.00,NA,NA,NA
2022-04-05 12:00:00,22.71,92.26,6.46,12.63,19.09,NA,NA,0.30,99.06,NA,NA,NA,NA,NA,NA,NA,NA,NA,NA,NA,0.00,NA,NA,NA
2022-04-05 13:00:00,18.36,79.98,6.34,12.72,19.06,NA,NA,0.27,93.84,NA,NA,NA,NA,NA,NA,NA,NA,NA,NA,NA,0.00,NA,NA,NA
2022-04-05 14:00:00,18.13,70.64,6.37,12.48,18.85,NA,NA,0.25,89.83,NA,NA,NA,NA,NA,NA,NA,NA,NA,NA,NA,0.00,NA,NA,NA
2022-04-05 15:00:00,7.44,66.91,6.18,12.63,18.81,NA,NA,0.24,90.57,NA,NA,NA,NA,NA,NA,NA,NA,NA,NA,NA,0.00,NA,NA,NA
2022-04-05 16:00:00,17.92,57.76,5.63,12.56,18.18,NA,NA,0.24,88.50,NA,NA,NA,NA,NA,NA,NA,NA,NA,NA,NA,0.00,NA,NA,NA
2022-04-05 17:00:00,13.79,71.60,5.04,12.48,17.51,NA,NA,0.25,83.44,NA,NA,NA,NA,NA,NA,NA,NA,NA,NA,NA,0.00,NA,NA,NA
2022-04-05 18:00:00,15.14,68.92,4.07,12.41,16.49,NA,NA,0.28,63.02,NA,NA,NA,NA,NA,NA,NA,NA,NA,NA,NA,0.00,NA,NA,NA
2022-04-05 19:00:00,21.99,69.06,3.81,12.43,16.24,NA,NA,0.35,50.06,NA,NA,NA,NA,NA,NA,NA,NA,NA,NA,NA,0.00,NA,NA,NA
2022-04-05 20:00:00,59.68,97.91,3.75,12.60,16.35,NA,NA,0.57,22.25,NA,NA,NA,NA,NA,NA,NA,NA,NA,NA,NA,0.00,NA,NA,NA
2022-04-05 21:00:00,66.00,100.18,3.74,12.60,16.35,NA,NA,0.56,11.05,NA,NA,NA,NA,NA,NA,NA,NA,NA,NA,NA,0.00,NA,NA,NA
2022-04-05 22:00:00,60.04,98.73,3.72,12.41,16.13,NA,NA,0.67,6.30,NA,NA,NA,NA,NA,NA,NA,NA,NA,NA,NA,0.00,NA,NA,NA
2022-04-05 23:00:00,60.80,97.69,3.73,12.60,16.33,NA,NA,0.69,4.72,NA,NA,NA,NA,NA,NA,NA,NA,NA,NA,NA,0.00,NA,NA,NA
2022-04-06 00:00:00,60.70,112.92,3.82,12.58,16.40,NA,NA,0.66,4.51,NA,NA,NA,NA,NA,NA,NA,NA,NA,NA,NA,0.00,NA,NA,NA
2022-04-06 01:00:00,67.35,113.46,3.78,12.50,16.28,NA,NA,0.85,3.36,NA,NA,NA,NA,NA,NA,NA,NA,NA,NA,NA,0.00,NA,NA,NA
2022-04-06 02:00:00,99.60,158.13,3.87,12.36,16.23,NA,NA,0.93,3.01,NA,NA,NA,NA,NA,NA,NA,NA,NA,NA,NA,0.00,NA,NA,NA
2022-04-06 03:00:00,108.02,178.58,3.79,12.53,16.32,NA,NA,0.91,2.98,NA,NA,NA,NA,NA,NA,NA,NA,NA,NA,NA,0.00,NA,NA,NA
2022-04-06 04:00:00,107.97,172.22,3.82,12.39,16.21,NA,NA,0.90,2.79,NA,NA,NA,NA,NA,NA,NA,NA,NA,NA,NA,0.00,NA,NA,NA
2022-04-06 05:00:00,93.55,222.89,3.69,12.57,16.26,NA,NA,0.98,2.85,NA,NA,NA,NA,NA,NA,NA,NA,NA,NA,NA,0.00,NA,NA,NA
2022-04-06 06:00:00,133.75,320.84,3.86,12.50,16.35,NA,NA,1.00,2.82,NA,NA,NA,NA,NA,NA,NA,NA,NA,NA,NA,0.00,NA,NA,NA
2022-04-06 07:00:00,132.21,354.43,4.41,12.65,17.06,NA,NA,0.92,5.08,NA,NA,NA,NA,NA,NA,NA,NA,NA,NA,NA,0.00,NA,NA,NA
2022-04-06 08:00:00,104.80,279.70,4.81,12.80,17.60,NA,NA,0.84,18.65,NA,NA,NA,NA,NA,NA,NA,NA,NA,NA,NA,0.00,NA,NA,NA
2022-04-06 09:00:00,80.79,283.35,5.32,12.98,18.30,NA,NA,0.71,44.30,NA,NA,NA,NA,NA,NA,NA,NA,NA,NA,NA,0.00,NA,NA,NA
2022-04-06 10:00:00,58.36,213.27,5.92,12.77,18.70,NA,NA,0.59,94.97,NA,NA,NA,NA,NA,NA,NA,NA,NA,NA,NA,0.00,NA,NA,NA
2022-04-06 11:00:00,60.39,142.63,6.68,12.58,19.26,NA,NA,0.40,105.22,NA,NA,NA,NA,NA,NA,NA,NA,NA,NA,NA,0.00,NA,NA,NA
2022-04-06 12:00:00,56.31,108.89,6.71,12.46,19.17,NA,NA,0.36,113.52,NA,NA,NA,NA,NA,NA,NA,NA,NA,NA,NA,0.00,NA,NA,NA
2022-04-06 13:00:00,47.28,102.26,6.65,12.65,19.30,NA,NA,0.32,101.45,NA,NA,NA,NA,NA,NA,NA,NA,NA,NA,NA,0.00,NA,NA,NA
2022-04-06 14:00:00,30.33,76.67,6.46,12.44,18.90,NA,NA,0.27,94.68,NA,NA,NA,NA,NA,NA,NA,NA,NA,NA,NA,0.00,NA,NA,NA
2022-04-06 15:00:00,29.06,78.67,6.06,12.58,18.64,NA,NA,0.26,88.17,NA,NA,NA,NA,NA,NA,NA,NA,NA,NA,NA,0.00,NA,NA,NA
2022-04-06 16:00:00,23.62,75.76,5.84,12.57,18.41,NA,NA,0.26,84.65,NA,NA,NA,NA,NA,NA,NA,NA,NA,NA,NA,0.00,NA,NA,NA
2022-04-06 17:00:00,30.25,73.70,5.04,12.37,17.41,NA,NA,0.28,80.03,NA,NA,NA,NA,NA,NA,NA,NA,NA,NA,NA,0.00,NA,NA,NA
2022-04-06 18:00:00,39.90,86.40,4.14,12.31,16.46,NA,NA,0.33,62.04,NA,NA,NA,NA,NA,NA,NA,NA,NA,NA,NA,0.00,NA,NA,NA
2022-04-06 19:00:00,46.77,80.31,3.69,12.44,16.12,NA,NA,0.41,42.84,NA,NA,NA,NA,NA,NA,NA,NA,NA,NA,NA,0.00,NA,NA,NA
2022-04-06 20:00:00,37.93,75.08,3.78,12.53,16.32,NA,NA,0.51,34.29,NA,NA,NA,NA,NA,NA,NA,NA,NA,NA,NA,0.00,NA,NA,NA
2022-04-06 21:00:00,49.98,82.02,3.72,12.49,16.21,NA,NA,0.53,14.65,NA,NA,NA,NA,NA,NA,NA,NA,NA,NA,NA,0.00,NA,NA,NA
2022-04-06 22:00:00,51.55,95.39,3.84,12.40,16.24,NA,NA,0.59,14.96,NA,NA,NA,NA,NA,NA,NA,NA,NA,NA,NA,0.00,NA,NA,NA
2022-04-06 23:00:00,66.24,125.97,3.79,12.65,16.44,NA,NA,0.55,12.31,NA,NA,NA,NA,NA,NA,NA,NA,NA,NA,NA,0.00,NA,NA,NA
2022-04-07 00:00:00,60.80,125.58,3.84,12.35,16.18,NA,NA,0.60,6.37,NA,NA,NA,NA,NA,NA,NA,NA,NA,NA,NA,0.00,NA,NA,NA
2022-04-07 01:00:00,71.89,140.72,3.89,12.49,16.37,NA,NA,0.75,2.76,NA,NA,NA,NA,NA,NA,NA,NA,NA,NA,NA,0.00,NA,NA,NA
2022-04-07 02:00:00,100.94,188.11,3.88,12.41,16.30,NA,NA,0.92,2.97,NA,NA,NA,NA,NA,NA,NA,NA,NA,NA,NA,0.00,NA,NA,NA
2022-04-07 03:00:00,144.65,226.88,3.89,12.40,16.29,NA,NA,1.10,3.07,NA,NA,NA,NA,NA,NA,NA,NA,NA,NA,NA,0.00,NA,NA,NA
2022-04-07 04:00:00,141.37,249.70,3.73,12.52,16.25,NA,NA,0.96,2.78,NA,NA,NA,NA,NA,NA,NA,NA,NA,NA,NA,0.00,NA,NA,NA
2022-04-07 05:00:00,128.75,224.06,3.83,12.36,16.19,NA,NA,0.80,2.95,NA,NA,NA,NA,NA,NA,NA,NA,NA,NA,NA,0.00,NA,NA,NA
2022-04-07 06:00:00,126.05,192.43,3.85,12.51,16.35,NA,NA,0.75,3.28,NA,NA,NA,NA,NA,NA,NA,NA,NA,NA,NA,0.00,NA,NA,NA
2022-04-07 07:00:00,107.49,182.46,4.37,12.56,16.93,NA,NA,0.81,5.34,NA,NA,NA,NA,NA,NA,NA,NA,NA,NA,NA,0.00,NA,NA,NA
2022-04-07 08:00:00,140.85,269.42,4.90,12.76,17.66,NA,NA,0.93,15.52,NA,NA,NA,NA,NA,NA,NA,NA,NA,NA,NA,0.00,NA,NA,NA
2022-04-07 09:00:00,162.33,294.76,5.51,12.53,18.03,NA,NA,0.85,47.46,NA,NA,NA,NA,NA,NA,NA,NA,NA,NA,NA,0.00,NA,NA,NA
2022-04-07 10:00:00,118.76,245.60,5.83,12.83,18.65,NA,NA,0.66,97.70,NA,NA,NA,NA,NA,NA,NA,NA,NA,NA,NA,0.00,NA,NA,NA
2022-04-07 11:00:00,76.43,185.80,6.40,12.69,19.09,NA,NA,0.51,131.27,NA,NA,NA,NA,NA,NA,NA,NA,NA,NA,NA,0.00,NA,NA,NA
2022-04-07 12:00:00,66.56,133.03,6.64,12.51,19.16,NA,NA,0.40,132.51,NA,NA,NA,NA,NA,NA,NA,NA,NA,NA,NA,0.00,NA,NA,NA
2022-04-07 13:00:00,48.48,137.24,6.73,12.48,19.20,NA,NA,0.34,109.84,NA,NA,NA,NA,NA,NA,NA,NA,NA,NA,NA,0.00,NA,NA,NA
2022-04-07 14:00:00,40.62,96.09,6.46,12.47,18.93,NA,NA,0.31,103.62,NA,NA,NA,NA,NA,NA,NA,NA,NA,NA,NA,0.00,NA,NA,NA
2022-04-07 15:00:00,32.88,79.29,6.04,12.72,18.76,NA,NA,0.29,93.12,NA,NA,NA,NA,NA,NA,NA,NA,NA,NA,NA,0.00,NA,NA,NA
2022-04-07 16:00:00,31.38,72.72,5.85,12.36,18.21,NA,NA,0.27,90.14,NA,NA,NA,NA,NA,NA,NA,NA,NA,NA,NA,0.00,NA,NA,NA
2022-04-07 17:00:00,23.89,68.29,5.09,12.41,17.50,NA,NA,0.28,79.47,NA,NA,NA,NA,NA,NA,NA,NA,NA,NA,NA,0.00,NA,NA,NA
2022-04-07 18:00:00,32.93,68.36,4.32,12.33,16.65,NA,NA,0.31,56.66,NA,NA,NA,NA,NA,NA,NA,NA,NA,NA,NA,0.00,NA,NA,NA
2022-04-07 19:00:00,34.40,64.97,3.69,12.37,16.05,NA,NA,0.40,35.04,NA,NA,NA,NA,NA,NA,NA,NA,NA,NA,NA,0.00,NA,NA,NA
2022-04-07 20:00:00,34.60,60.55,3.73,12.27,16.01,NA,NA,0.51,15.68,NA,NA,NA,NA,NA,NA,NA,NA,NA,NA,NA,0.00,NA,NA,NA
2022-04-07 21:00:00,34.86,69.21,3.71,12.47,16.18,NA,NA,0.52,13.36,NA,NA,NA,NA,NA,NA,NA,NA,NA,NA,NA,0.00,NA,NA,NA
2022-04-07 22:00:00,43.33,94.13,3.80,12.25,16.05,NA,NA,0.57,8.01,NA,NA,NA,NA,NA,NA,NA,NA,NA,NA,NA,0.00,NA,NA,NA
2022-04-07 23:00:00,44.51,100.24,3.73,12.41,16.14,NA,NA,0.50,15.11,NA,NA,NA,NA,NA,NA,NA,NA,NA,NA,NA,0.00,NA,NA,NA
2022-04-08 00:00:00,46.26,99.20,3.76,12.32,16.09,NA,NA,0.48,16.85,NA,NA,NA,NA,NA,NA,NA,NA,NA,NA,NA,0.00,NA,NA,NA
2022-04-08 01:00:00,52.95,111.59,3.76,12.56,16.32,NA,NA,0.51,16.20,NA,NA,NA,NA,NA,NA,NA,NA,NA,NA,NA,0.00,NA,NA,NA
2022-04-08 02:00:00,66.90,134.45,3.89,12.45,16.35,NA,NA,0.63,7.88,NA,NA,NA,NA,NA,NA,NA,NA,NA,NA,NA,0.00,NA,NA,NA
2022-04-08 03:00:00,77.78,158.40,3.80,12.46,16.25,NA,NA,0.82,3.18,NA,NA,NA,NA,NA,NA,NA,NA,NA,NA,NA,0.00,NA,NA,NA
2022-04-08 04:00:00,89.42,176.85,3.80,12.43,16.23,NA,NA,0.86,3.00,NA,NA,NA,NA,NA,NA,NA,NA,NA,NA,NA,0.00,NA,NA,NA
2022-04-08 05:00:00,98.70,184.83,3.78,12.46,16.24,NA,NA,0.73,2.79,NA,NA,NA,NA,NA,NA,NA,NA,NA,NA,NA,0.00,NA,NA,NA
2022-04-08 06:00:00,101.35,175.15,3.91,12.54,16.45,NA,NA,0.68,3.65,NA,NA,NA,NA,NA,NA,NA,NA,NA,NA,NA,0.00,NA,NA,NA
2022-04-08 07:00:00,76.23,147.44,4.19,12.62,16.81,NA,NA,0.59,7.76,NA,NA,NA,NA,NA,NA,NA,NA,NA,NA,NA,0.00,NA,NA,NA
2022-04-08 08:00:00,76.70,138.68,4.86,12.53,17.40,NA,NA,0.67,16.81,NA,NA,NA,NA,NA,NA,NA,NA,NA,NA,NA,0.00,NA,NA,NA
2022-04-08 09:00:00,96.16,222.44,5.36,12.69,18.05,NA,NA,0.64,57.16,NA,NA,NA,NA,NA,NA,NA,NA,NA,NA,NA,0.00,NA,NA,NA
2022-04-08 10:00:00,84.64,185.32,5.84,12.67,18.51,NA,NA,0.48,92.17,NA,NA,NA,NA,NA,NA,NA,NA,NA,NA,NA,0.00,NA,NA,NA
2022-04-08 11:00:00,57.80,125.35,6.15,12.79,18.95,NA,NA,0.34,90.47,NA,NA,NA,NA,NA,NA,NA,NA,NA,NA,NA,0.00,NA,NA,NA
2022-04-08 12:00:00,44.60,100.49,6.39,12.69,19.08,NA,NA,0.33,106.02,NA,NA,NA,NA,NA,NA,NA,NA,NA,NA,NA,0.00,NA,NA,NA
2022-04-08 13:00:00,34.57,96.47,6.50,12.69,19.18,NA,NA,0.30,104.54,NA,NA,NA,NA,NA,NA,NA,NA,NA,NA,NA,0.00,NA,NA,NA
2022-04-08 14:00:00,34.05,94.68,6.44,12.39,18.83,NA,NA,0.29,94.83,NA,NA,NA,NA,NA,NA,NA,NA,NA,NA,NA,0.00,NA,NA,NA
2022-04-08 15:00:00,20.20,95.78,6.11,12.68,18.78,NA,NA,0.27,92.26,NA,NA,NA,NA,NA,NA,NA,NA,NA,NA,NA,0.00,NA,NA,NA
2022-04-08 16:00:00,21.81,93.53,5.81,12.47,18.28,NA,NA,0.27,82.95,NA,NA,NA,NA,NA,NA,NA,NA,NA,NA,NA,0.00,NA,NA,NA
2022-04-08 17:00:00,21.62,72.34,5.02,12.30,17.32,NA,NA,0.28,78.21,NA,NA,NA,NA,NA,NA,NA,NA,NA,NA,NA,0.00,NA,NA,NA
2022-04-08 18:00:00,23.52,71.22,4.03,12.42,16.44,NA,NA,0.32,50.48,NA,NA,NA,NA,NA,NA,NA,NA,NA,NA,NA,0.00,NA,NA,NA
2022-04-08 19:00:00,29.59,61.85,3.86,12.51,16.38,NA,NA,0.38,36.73,NA,NA,NA,NA,NA,NA,NA,NA,NA,NA,NA,0.00,NA,NA,NA
2022-04-08 20:00:00,38.70,79.26,3.69,12.44,16.13,NA,NA,0.52,16.86,NA,NA,NA,NA,NA,NA,NA,NA,NA,NA,NA,0.00,NA,NA,NA
2022-04-08 21:00:00,59.74,111.66,3.68,12.47,16.16,NA,NA,0.69,7.32,NA,NA,NA,NA,NA,NA,NA,NA,NA,NA,NA,0.00,NA,NA,NA
2022-04-08 22:00:00,48.32,105.59,3.56,12.57,16.13,NA,NA,0.65,6.24,NA,NA,NA,NA,NA,NA,NA,NA,NA,NA,NA,0.00,NA,NA,NA
2022-04-08 23:00:00,46.34,101.50,3.72,12.36,16.09,NA,NA,0.64,4.49,NA,NA,NA,NA,NA,NA,NA,NA,NA,NA,NA,0.00,NA,NA,NA
2022-04-09 00:00:00,45.63,109.37,3.69,12.45,16.14,NA,NA,0.63,3.37,NA,NA,NA,NA,NA,NA,NA,NA,NA,NA,NA,0.00,NA,NA,NA
2022-04-09 01:00:00,45.14,129.10,3.64,12.51,16.16,NA,NA,0.60,5.41,NA,NA,NA,NA,NA,NA,NA,NA,NA,NA,NA,0.00,NA,NA,NA
2022-04-09 02:00:00,49.47,150.09,3.73,12.45,16.18,NA,NA,0.56,8.45,NA,NA,NA,NA,NA,NA,NA,NA,NA,NA,NA,0.00,NA,NA,NA
2022-04-09 03:00:00,46.79,143.19,3.70,12.41,16.11,NA,NA,0.56,5.17,NA,NA,NA,NA,NA,NA,NA,NA,NA,NA,NA,0.00,NA,NA,NA
2022-04-09 04:00:00,56.51,128.24,3.75,12.49,16.24,NA,NA,0.61,3.07,NA,NA,NA,NA,NA,NA,NA,NA,NA,NA,NA,0.00,NA,NA,NA
2022-04-09 05:00:00,58.60,119.61,3.74,12.53,16.27,NA,NA,0.63,2.89,NA,NA,NA,NA,NA,NA,NA,NA,NA,NA,NA,0.00,NA,NA,NA
2022-04-09 06:00:00,72.10,141.18,4.00,12.42,16.43,NA,NA,0.66,3.26,NA,NA,NA,NA,NA,NA,NA,NA,NA,NA,NA,0.00,NA,NA,NA
2022-04-09 07:00:00,68.93,146.42,4.48,12.51,16.99,NA,NA,0.64,4.04,NA,NA,NA,NA,NA,NA,NA,NA,NA,NA,NA,0.00,NA,NA,NA
2022-04-09 08:00:00,74.99,162.65,5.00,12.79,17.78,NA,NA,0.64,12.15,NA,NA,NA,NA,NA,NA,NA,NA,NA,NA,NA,0.00,NA,NA,NA
2022-04-09 09:00:00,94.74,210.98,5.44,12.80,18.24,NA,NA,0.63,48.57,NA,NA,NA,NA,NA,NA,NA,NA,NA,NA,NA,0.00,NA,NA,NA
2022-04-09 10:00:00,79.99,185.21,5.90,12.83,18.73,NA,NA,0.45,83.93,NA,NA,NA,NA,NA,NA,NA,NA,NA,NA,NA,0.00,NA,NA,NA
2022-04-09 11:00:00,63.44,157.63,6.41,12.52,18.92,NA,NA,0.37,101.01,NA,NA,NA,NA,NA,NA,NA,NA,NA,NA,NA,0.00,NA,NA,NA
2022-04-09 12:00:00,67.67,159.90,6.80,12.65,19.45,NA,NA,0.33,117.17,NA,NA,NA,NA,NA,NA,NA,NA,NA,NA,NA,0.00,NA,NA,NA
2022-04-09 13:00:00,33.49,99.17,6.66,12.72,19.37,NA,NA,0.30,95.69,NA,NA,NA,NA,NA,NA,NA,NA,NA,NA,NA,0.00,NA,NA,NA
2022-04-09 14:00:00,27.20,70.67,6.53,12.64,19.17,NA,NA,0.28,89.21,NA,NA,NA,NA,NA,NA,NA,NA,NA,NA,NA,0.00,NA,NA,NA
2022-04-09 15:00:00,22.78,78.59,6.08,12.80,18.89,NA,NA,0.25,72.39,NA,NA,NA,NA,NA,NA,NA,NA,NA,NA,NA,0.00,NA,NA,NA
2022-04-09 16:00:00,14.91,86.29,5.68,12.57,18.24,NA,NA,0.25,71.35,NA,NA,NA,NA,NA,NA,NA,NA,NA,NA,NA,0.00,NA,NA,NA
2022-04-09 17:00:00,24.28,68.19,5.01,12.48,17.50,NA,NA,0.28,66.52,NA,NA,NA,NA,NA,NA,NA,NA,NA,NA,NA,0.00,NA,NA,NA
2022-04-09 18:00:00,21.33,69.19,4.29,12.19,16.48,NA,NA,0.31,41.23,NA,NA,NA,NA,NA,NA,NA,NA,NA,NA,NA,0.00,NA,NA,NA
2022-04-09 19:00:00,25.57,62.11,3.82,12.31,16.12,NA,NA,0.39,26.64,NA,NA,NA,NA,NA,NA,NA,NA,NA,NA,NA,0.00,NA,NA,NA
2022-04-09 20:00:00,26.87,68.74,3.80,12.45,16.25,NA,NA,0.45,13.39,NA,NA,NA,NA,NA,NA,NA,NA,NA,NA,NA,0.00,NA,NA,NA
2022-04-09 21:00:00,24.01,75.94,3.86,12.38,16.23,NA,NA,0.60,6.78,NA,NA,NA,NA,NA,NA,NA,NA,NA,NA,NA,0.00,NA,NA,NA
2022-04-09 22:00:00,52.56,120.43,3.87,12.43,16.30,NA,NA,0.67,3.43,NA,NA,NA,NA,NA,NA,NA,NA,NA,NA,NA,0.00,NA,NA,NA
2022-04-09 23:00:00,56.35,148.49,3.89,12.41,16.30,NA,NA,0.88,3.24,NA,NA,NA,NA,NA,NA,NA,NA,NA,NA,NA,0.00,NA,NA,NA
2022-04-10 00:00:00,73.22,151.46,3.76,12.47,16.22,NA,NA,0.81,2.91,NA,NA,NA,NA,NA,NA,NA,NA,NA,NA,NA,0.00,NA,NA,NA
2022-04-10 01:00:00,63.09,161.18,3.82,12.42,16.23,NA,NA,0.71,3.97,NA,NA,NA,NA,NA,NA,NA,NA,NA,NA,NA,0.00,NA,NA,NA
2022-04-10 02:00:00,46.02,124.13,3.78,12.31,16.09,NA,NA,0.56,5.28,NA,NA,NA,NA,NA,NA,NA,NA,NA,NA,NA,0.00,NA,NA,NA
2022-04-10 03:00:00,57.33,131.98,3.68,12.53,16.21,NA,NA,0.63,3.15,NA,NA,NA,NA,NA,NA,NA,NA,NA,NA,NA,0.00,NA,NA,NA
2022-04-10 04:00:00,55.01,136.63,3.69,12.48,16.18,NA,NA,0.55,3.83,NA,NA,NA,NA,NA,NA,NA,NA,NA,NA,NA,0.00,NA,NA,NA
2022-04-10 05:00:00,55.10,126.66,3.79,12.37,16.17,NA,NA,0.47,3.50,NA,NA,NA,NA,NA,NA,NA,NA,NA,NA,NA,0.00,NA,NA,NA
2022-04-10 06:00:00,50.15,122.22,3.80,12.56,16.36,NA,NA,0.47,3.69,NA,NA,NA,NA,NA,NA,NA,NA,NA,NA,NA,0.00,NA,NA,NA
2022-04-10 07:00:00,43.82,117.27,4.35,12.65,16.99,NA,NA,0.49,8.87,NA,NA,NA,NA,NA,NA,NA,NA,NA,NA,NA,0.00,NA,NA,NA
2022-04-10 08:00:00,45.08,127.78,4.88,12.84,17.72,NA,NA,0.53,23.40,NA,NA,NA,NA,NA,NA,NA,NA,NA,NA,NA,0.00,NA,NA,NA
2022-04-10 09:00:00,66.93,168.12,5.72,12.39,18.11,NA,NA,0.50,67.00,NA,NA,NA,NA,NA,NA,NA,NA,NA,NA,NA,0.00,NA,NA,NA
2022-04-10 10:00:00,73.68,186.60,6.18,12.70,18.89,NA,NA,0.54,88.20,NA,NA,NA,NA,NA,NA,NA,NA,NA,NA,NA,0.00,NA,NA,NA
2022-04-10 11:00:00,69.77,185.26,6.75,12.32,19.07,NA,NA,0.50,109.06,NA,NA,NA,NA,NA,NA,NA,NA,NA,NA,NA,0.00,NA,NA,NA
2022-04-10 12:00:00,36.53,152.05,6.84,12.35,19.19,NA,NA,0.36,99.04,NA,NA,NA,NA,NA,NA,NA,NA,NA,NA,NA,0.00,NA,NA,NA
2022-04-10 13:00:00,34.44,120.75,6.76,12.44,19.20,NA,NA,0.29,87.63,NA,NA,NA,NA,NA,NA,NA,NA,NA,NA,NA,0.00,NA,NA,NA
2022-04-10 14:00:00,25.07,104.73,6.79,12.55,19.34,NA,NA,0.29,89.11,NA,NA,NA,NA,NA,NA,NA,NA,NA,NA,NA,0.00,NA,NA,NA
2022-04-10 15:00:00,30.20,122.25,6.44,12.45,18.88,NA,NA,0.29,92.25,NA,NA,NA,NA,NA,NA,NA,NA,NA,NA,NA,0.00,NA,NA,NA
2022-04-10 16:00:00,27.14,131.26,5.92,12.35,18.27,NA,NA,0.27,87.66,NA,NA,NA,NA,NA,NA,NA,NA,NA,NA,NA,0.00,NA,NA,NA
2022-04-10 17:00:00,27.32,109.45,4.97,12.37,17.34,NA,NA,0.24,88.59,NA,NA,NA,NA,NA,NA,NA,NA,NA,NA,NA,0.00,NA,NA,NA
2022-04-10 18:00:00,74.46,146.05,5.12,12.45,17.57,NA,NA,0.26,66.34,NA,NA,NA,NA,NA,NA,NA,NA,NA,NA,NA,0.00,NA,NA,NA
2022-04-10 19:00:00,40.58,89.34,4.44,12.46,16.90,NA,NA,0.39,47.39,NA,NA,NA,NA,NA,NA,NA,NA,NA,NA,NA,0.00,NA,NA,NA
2022-04-10 20:00:00,48.09,92.77,4.17,12.57,16.73,NA,NA,0.49,46.93,NA,NA,NA,NA,NA,NA,NA,NA,NA,NA,NA,0.00,NA,NA,NA
2022-04-10 21:00:00,49.35,89.28,4.17,12.20,16.37,NA,NA,0.48,42.46,NA,NA,NA,NA,NA,NA,NA,NA,NA,NA,NA,0.00,NA,NA,NA
2022-04-10 22:00:00,55.60,134.44,3.80,12.53,16.33,NA,NA,0.58,20.39,NA,NA,NA,NA,NA,NA,NA,NA,NA,NA,NA,0.00,NA,NA,NA
2022-04-10 23:00:00,62.86,143.10,3.77,12.46,16.23,NA,NA,0.61,16.58,NA,NA,NA,NA,NA,NA,NA,NA,NA,NA,NA,0.00,NA,NA,NA
2022-04-11 00:00:00,66.62,153.65,3.70,12.50,16.20,NA,NA,0.69,9.68,NA,NA,NA,NA,NA,NA,NA,NA,NA,NA,NA,0.00,NA,NA,NA
2022-04-11 01:00:00,93.37,197.72,3.81,12.50,16.30,NA,NA,0.75,5.73,NA,NA,NA,NA,NA,NA,NA,NA,NA,NA,NA,0.00,NA,NA,NA
2022-04-11 02:00:00,101.83,204.27,3.73,12.46,16.20,NA,NA,0.60,14.35,NA,NA,NA,NA,NA,NA,NA,NA,NA,NA,NA,0.00,NA,NA,NA
2022-04-11 03:00:00,73.44,149.67,3.80,12.60,16.40,NA,NA,0.55,10.78,NA,NA,NA,NA,NA,NA,NA,NA,NA,NA,NA,0.00,NA,NA,NA
2022-04-11 04:00:00,66.77,167.93,3.89,12.48,16.37,NA,NA,0.52,9.52,NA,NA,NA,NA,NA,NA,NA,NA,NA,NA,NA,0.00,NA,NA,NA
2022-04-11 05:00:00,64.65,146.65,3.78,12.54,16.32,NA,NA,0.49,8.49,NA,NA,NA,NA,NA,NA,NA,NA,NA,NA,NA,0.00,NA,NA,NA
2022-04-11 06:00:00,62.28,132.43,3.95,12.67,16.62,NA,NA,0.48,7.61,NA,NA,NA,NA,NA,NA,NA,NA,NA,NA,NA,0.00,NA,NA,NA
2022-04-11 07:00:00,50.78,112.39,4.64,12.49,17.13,NA,NA,0.54,6.80,NA,NA,NA,NA,NA,NA,NA,NA,NA,NA,NA,0.00,NA,NA,NA
2022-04-11 08:00:00,70.55,171.35,4.98,12.85,17.83,NA,NA,0.63,23.97,NA,NA,NA,NA,NA,NA,NA,NA,NA,NA,NA,0.00,NA,NA,NA
2022-04-11 09:00:00,101.98,232.73,5.60,12.75,18.35,NA,NA,0.55,57.42,NA,NA,NA,NA,NA,NA,NA,NA,NA,NA,NA,0.00,NA,NA,NA
2022-04-11 10:00:00,82.19,224.21,6.06,12.71,18.77,NA,NA,0.53,81.38,NA,NA,NA,NA,NA,NA,NA,NA,NA,NA,NA,0.00,NA,NA,NA
2022-04-11 11:00:00,67.35,183.60,6.64,12.56,19.20,NA,NA,0.47,127.78,NA,NA,NA,NA,NA,NA,NA,NA,NA,NA,NA,0.00,NA,NA,NA
2022-04-11 12:00:00,63.66,175.23,6.52,12.65,19.16,NA,NA,0.39,113.51,NA,NA,NA,NA,NA,NA,NA,NA,NA,NA,NA,0.00,NA,NA,NA
2022-04-11 13:00:00,42.94,144.40,6.80,12.55,19.35,NA,NA,0.33,103.73,NA,NA,NA,NA,NA,NA,NA,NA,NA,NA,NA,0.00,NA,NA,NA
2022-04-11 14:00:00,38.18,121.27,6.62,12.63,19.26,NA,NA,0.28,92.81,NA,NA,NA,NA,NA,NA,NA,NA,NA,NA,NA,0.00,NA,NA,NA
2022-04-11 15:00:00,31.61,102.54,6.55,12.35,18.90,NA,NA,0.26,82.27,NA,NA,NA,NA,NA,NA,NA,NA,NA,NA,NA,0.00,NA,NA,NA
2022-04-11 16:00:00,28.15,103.53,5.87,12.52,18.39,NA,NA,0.26,76.09,NA,NA,NA,NA,NA,NA,NA,NA,NA,NA,NA,0.00,NA,NA,NA
2022-04-11 17:00:00,28.24,82.92,4.95,12.64,17.59,NA,NA,0.27,65.34,NA,NA,NA,NA,NA,NA,NA,NA,NA,NA,NA,0.00,NA,NA,NA
2022-04-11 18:00:00,28.21,72.47,4.35,12.41,16.76,NA,NA,0.33,30.98,NA,NA,NA,NA,NA,NA,NA,NA,NA,NA,NA,0.00,NA,NA,NA
2022-04-11 19:00:00,35.69,81.53,3.74,12.67,16.40,NA,NA,0.42,15.95,NA,NA,NA,NA,NA,NA,NA,NA,NA,NA,NA,0.00,NA,NA,NA
2022-04-11 20:00:00,32.13,73.13,3.94,12.58,16.52,NA,NA,0.48,8.54,NA,NA,NA,NA,NA,NA,NA,NA,NA,NA,NA,0.00,NA,NA,NA
2022-04-11 21:00:00,32.17,88.84,3.85,12.45,16.31,NA,NA,0.47,3.75,NA,NA,NA,NA,NA,NA,NA,NA,NA,NA,NA,0.00,NA,NA,NA
2022-04-11 22:00:00,34.57,93.43,3.80,12.47,16.27,NA,NA,0.46,2.84,NA,NA,NA,NA,NA,NA,NA,NA,NA,NA,NA,0.00,NA,NA,NA
2022-04-11 23:00:00,38.27,85.73,3.72,12.47,16.19,NA,NA,0.43,3.50,NA,NA,NA,NA,NA,NA,NA,NA,NA,NA,NA,0.00,NA,NA,NA
2022-04-12 00:00:00,45.72,97.34,3.86,12.34,16.20,NA,NA,0.46,3.65,NA,NA,NA,NA,NA,NA,NA,NA,NA,NA,NA,0.00,NA,NA,NA
2022-04-12 01:00:00,43.04,100.57,3.79,12.51,16.30,NA,NA,0.42,12.41,NA,NA,NA,NA,NA,NA,NA,NA,NA,NA,NA,0.00,NA,NA,NA
2022-04-12 02:00:00,52.55,106.44,3.79,12.52,16.31,NA,NA,0.42,9.42,NA,NA,NA,NA,NA,NA,NA,NA,NA,NA,NA,0.00,NA,NA,NA
2022-04-12 03:00:00,51.07,119.20,3.92,12.40,16.32,NA,NA,0.54,4.54,NA,NA,NA,NA,NA,NA,NA,NA,NA,NA,NA,0.00,NA,NA,NA
2022-04-12 04:00:00,69.90,146.60,3.87,12.54,16.42,NA,NA,0.68,3.01,NA,NA,NA,NA,NA,NA,NA,NA,NA,NA,NA,0.00,NA,NA,NA
2022-04-12 05:00:00,62.99,138.31,3.92,12.39,16.31,NA,NA,0.56,2.78,NA,NA,NA,NA,NA,NA,NA,NA,NA,NA,NA,0.00,NA,NA,NA
2022-04-12 06:00:00,60.65,138.04,4.07,12.51,16.57,NA,NA,0.51,4.03,NA,NA,NA,NA,NA,NA,NA,NA,NA,NA,NA,0.00,NA,NA,NA
2022-04-12 07:00:00,57.46,136.85,4.59,12.68,17.27,NA,NA,0.51,8.78,NA,NA,NA,NA,NA,NA,NA,NA,NA,NA,NA,0.00,NA,NA,NA
2022-04-12 08:00:00,48.77,129.87,5.11,12.78,17.89,NA,NA,0.45,21.92,NA,NA,NA,NA,NA,NA,NA,NA,NA,NA,NA,0.00,NA,NA,NA
2022-04-12 09:00:00,44.05,146.87,5.98,12.80,18.78,NA,NA,0.32,38.84,NA,NA,NA,NA,NA,NA,NA,NA,NA,NA,NA,0.00,NA,NA,NA
2022-04-12 10:00:00,54.40,134.28,6.79,12.98,19.76,NA,NA,0.34,41.82,NA,NA,NA,NA,NA,NA,NA,NA,NA,NA,NA,0.00,NA,NA,NA
2022-04-12 11:00:00,44.59,156.82,7.59,12.97,20.57,NA,NA,0.32,56.98,NA,NA,NA,NA,NA,NA,NA,NA,NA,NA,NA,0.00,NA,NA,NA
2022-04-12 12:00:00,48.73,107.72,7.43,13.12,20.55,NA,NA,0.28,59.48,NA,NA,NA,NA,NA,NA,NA,NA,NA,NA,NA,0.00,NA,NA,NA
2022-04-12 13:00:00,35.90,114.85,19.56,14.85,40.36,NA,NA,0.30,46.11,NA,NA,NA,NA,NA,NA,NA,NA,NA,NA,NA,0.00,NA,NA,NA
2022-04-12 14:00:00,53.06,207.35,79.46,44.92,124.16,NA,NA,0.28,57.45,NA,NA,NA,NA,NA,NA,NA,NA,NA,NA,NA,0.00,NA,NA,NA
2022-04-12 15:00:00,55.84,135.44,41.87,39.59,80.41,NA,NA,0.29,42.30,NA,NA,NA,NA,NA,NA,NA,NA,NA,NA,NA,0.00,NA,NA,NA
2022-04-12 16:00:00,42.06,116.32,21.08,34.75,55.84,NA,NA,0.32,18.72,NA,NA,NA,NA,NA,NA,NA,NA,NA,NA,NA,0.00,NA,NA,NA
2022-04-12 17:00:00,44.89,116.64,15.03,34.96,49.99,NA,NA,0.34,14.48,NA,NA,NA,NA,NA,NA,NA,NA,NA,NA,NA,0.00,NA,NA,NA
2022-04-12 18:00:00,37.77,120.30,11.13,34.78,45.91,NA,NA,0.35,13.55,NA,NA,NA,NA,NA,NA,NA,NA,NA,NA,NA,0.00,NA,NA,NA
2022-04-12 19:00:00,32.34,95.26,9.58,36.75,46.33,NA,NA,0.38,13.99,NA,NA,NA,NA,NA,NA,NA,NA,NA,NA,NA,0.00,NA,NA,NA
2022-04-12 20:00:00,38.68,137.30,9.08,37.01,46.09,NA,NA,0.43,13.39,NA,NA,NA,NA,NA,NA,NA,NA,NA,NA,NA,0.00,NA,NA,NA
2022-04-12 21:00:00,56.92,169.74,9.10,37.36,46.46,NA,NA,0.51,13.34,NA,NA,NA,NA,NA,NA,NA,NA,NA,NA,NA,0.00,NA,NA,NA
2022-04-12 22:00:00,95.06,208.46,8.81,42.23,51.04,NA,NA,0.73,13.39,NA,NA,NA,NA,NA,NA,NA,NA,NA,NA,NA,0.00,NA,NA,NA
2022-04-12 23:00:00,180.35,351.71,10.62,50.99,61.61,NA,NA,0.98,12.99,NA,NA,NA,NA,NA,NA,NA,NA,NA,NA,NA,0.00,NA,NA,NA
2022-04-13 00:00:00,167.92,361.28,8.85,47.65,56.50,NA,NA,0.71,14.08,NA,NA,NA,NA,NA,NA,NA,NA,NA,NA,NA,0.00,NA,NA,NA
2022-04-13 01:00:00,88.75,205.48,8.67,42.31,50.97,NA,NA,0.57,14.53,NA,NA,NA,NA,NA,NA,NA,NA,NA,NA,NA,0.00,NA,NA,NA
2022-04-13 02:00:00,80.26,159.81,8.43,41.75,50.18,NA,NA,0.65,14.86,NA,NA,NA,NA,NA,NA,NA,NA,NA,NA,NA,0.00,NA,NA,NA
2022-04-13 03:00:00,115.92,202.32,8.27,39.71,47.99,NA,NA,0.69,15.26,NA,NA,NA,NA,NA,NA,NA,NA,NA,NA,NA,0.00,NA,NA,NA
2022-04-13 04:00:00,81.89,183.07,8.39,38.77,47.17,NA,NA,0.63,15.43,NA,NA,NA,NA,NA,NA,NA,NA,NA,NA,NA,0.00,NA,NA,NA
2022-04-13 05:00:00,110.33,229.04,8.23,39.65,47.88,NA,NA,0.70,15.46,NA,NA,NA,NA,NA,NA,NA,NA,NA,NA,NA,0.00,NA,NA,NA
2022-04-13 06:00:00,114.57,202.33,9.89,40.80,50.67,NA,NA,0.77,15.22,NA,NA,NA,NA,NA,NA,NA,NA,NA,NA,NA,0.00,NA,NA,NA
2022-04-13 07:00:00,141.33,259.40,18.93,48.62,67.55,NA,NA,0.84,13.87,NA,NA,NA,NA,NA,NA,NA,NA,NA,NA,NA,0.00,NA,NA,NA
2022-04-13 08:00:00,127.18,291.80,19.18,51.77,70.95,NA,NA,0.84,14.12,NA,NA,NA,NA,NA,NA,NA,NA,NA,NA,NA,0.00,NA,NA,NA
2022-04-13 09:00:00,108.74,242.74,21.29,47.61,68.89,NA,NA,0.56,15.96,NA,NA,NA,NA,NA,NA,NA,NA,NA,NA,NA,0.00,NA,NA,NA
2022-04-13 10:00:00,63.69,172.31,23.70,44.86,68.56,NA,NA,0.48,17.72,NA,NA,NA,NA,NA,NA,NA,NA,NA,NA,NA,0.00,NA,NA,NA
2022-04-13 11:00:00,48.60,190.87,24.82,42.94,67.76,NA,NA,0.45,20.04,NA,NA,NA,NA,NA,NA,NA,NA,NA,NA,NA,0.00,NA,NA,NA
2022-04-13 12:00:00,30.03,154.11,25.79,40.42,66.21,NA,NA,0.40,19.66,NA,NA,NA,NA,NA,NA,NA,NA,NA,NA,NA,0.00,NA,NA,NA
2022-04-13 13:00:00,20.34,132.14,25.62,38.46,64.08,NA,NA,0.36,18.35,NA,NA,NA,NA,NA,NA,NA,NA,NA,NA,NA,0.00,NA,NA,NA
2022-04-13 14:00:00,20.43,131.47,24.70,37.35,62.05,NA,NA,0.34,18.33,NA,NA,NA,NA,NA,NA,NA,NA,NA,NA,NA,0.00,NA,NA,NA
2022-04-13 15:00:00,20.50,118.74,22.96,36.49,59.45,NA,NA,0.32,18.66,NA,NA,NA,NA,NA,NA,NA,NA,NA,NA,NA,0.00,NA,NA,NA
2022-04-13 16:00:00,22.77,135.19,19.60,35.41,55.02,NA,NA,0.32,18.58,NA,NA,NA,NA,NA,NA,NA,NA,NA,NA,NA,0.00,NA,NA,NA
2022-04-13 17:00:00,29.02,117.70,14.21,34.08,48.30,NA,NA,0.32,18.90,NA,NA,NA,NA,NA,NA,NA,NA,NA,NA,NA,0.00,NA,NA,NA
2022-04-13 18:00:00,26.41,111.96,9.15,34.48,43.64,NA,NA,0.35,17.42,NA,NA,NA,NA,NA,NA,NA,NA,NA,NA,NA,0.00,NA,NA,NA
2022-04-13 19:00:00,21.98,104.87,8.04,36.36,44.40,NA,NA,0.42,16.78,NA,NA,NA,NA,NA,NA,NA,NA,NA,NA,NA,0.00,NA,NA,NA
2022-04-13 20:00:00,30.90,95.42,7.67,37.24,44.91,NA,NA,0.45,17.39,NA,NA,NA,NA,NA,NA,NA,NA,NA,NA,NA,0.00,NA,NA,NA
2022-04-13 21:00:00,47.72,120.54,7.75,37.64,45.39,NA,NA,0.48,16.85,NA,NA,NA,NA,NA,NA,NA,NA,NA,NA,NA,0.00,NA,NA,NA
2022-04-13 22:00:00,62.84,141.51,9.24,42.40,51.64,NA,NA,0.57,16.59,NA,NA,NA,NA,NA,NA,NA,NA,NA,NA,NA,0.00,NA,NA,NA
2022-04-13 23:00:00,51.05,179.01,7.62,37.05,44.67,NA,NA,0.36,18.62,NA,NA,NA,NA,NA,NA,NA,NA,NA,NA,NA,0.00,NA,NA,NA
2022-04-14 00:00:00,50.70,224.99,7.61,34.65,42.26,NA,NA,0.36,19.47,NA,NA,NA,NA,NA,NA,NA,NA,NA,NA,NA,0.00,NA,NA,NA
2022-04-14 01:00:00,27.69,159.69,7.48,33.92,41.40,NA,NA,0.35,20.98,NA,NA,NA,NA,NA,NA,NA,NA,NA,NA,NA,0.00,NA,NA,NA
2022-04-14 02:00:00,33.88,166.17,7.40,33.95,41.35,NA,NA,0.33,23.19,NA,NA,NA,NA,NA,NA,NA,NA,NA,NA,NA,0.00,NA,NA,NA
2022-04-14 03:00:00,59.22,183.19,7.60,32.23,39.83,NA,NA,0.37,21.23,NA,NA,NA,NA,NA,NA,NA,NA,NA,NA,NA,0.00,NA,NA,NA
2022-04-14 04:00:00,47.48,133.05,7.44,31.87,39.31,NA,NA,0.40,20.68,NA,NA,NA,NA,NA,NA,NA,NA,NA,NA,NA,0.00,NA,NA,NA
2022-04-14 05:00:00,43.33,141.37,7.45,31.96,39.40,NA,NA,0.43,19.90,NA,NA,NA,NA,NA,NA,NA,NA,NA,NA,NA,0.00,NA,NA,NA
2022-04-14 06:00:00,50.91,157.10,8.47,34.77,43.24,NA,NA,0.45,19.24,NA,NA,NA,NA,NA,NA,NA,NA,NA,NA,NA,0.00,NA,NA,NA
2022-04-14 07:00:00,67.61,186.50,11.93,36.44,48.37,NA,NA,0.49,18.86,NA,NA,NA,NA,NA,NA,NA,NA,NA,NA,NA,0.00,NA,NA,NA
2022-04-14 08:00:00,47.59,178.71,15.70,36.44,52.14,NA,NA,0.43,19.30,NA,NA,NA,NA,NA,NA,NA,NA,NA,NA,NA,0.00,NA,NA,NA
2022-04-14 09:00:00,43.61,157.54,18.83,37.09,55.93,NA,NA,0.42,20.69,NA,NA,NA,NA,NA,NA,NA,NA,NA,NA,NA,0.00,NA,NA,NA
2022-04-14 10:00:00,49.36,168.62,21.29,37.60,58.88,NA,NA,0.45,23.23,NA,NA,NA,NA,NA,NA,NA,NA,NA,NA,NA,0.00,NA,NA,NA
2022-04-14 11:00:00,66.19,195.20,22.73,39.03,61.75,NA,NA,0.49,25.78,NA,NA,NA,NA,NA,NA,NA,NA,NA,NA,NA,0.00,NA,NA,NA
2022-04-14 12:00:00,75.46,192.12,23.49,37.61,61.10,NA,NA,0.46,27.37,NA,NA,NA,NA,NA,NA,NA,NA,NA,NA,NA,0.00,NA,NA,NA
2022-04-14 13:00:00,50.88,170.85,23.05,36.49,59.54,NA,NA,0.42,26.85,NA,NA,NA,NA,NA,NA,NA,NA,NA,NA,NA,0.00,NA,NA,NA
2022-04-14 14:00:00,46.97,209.22,22.24,35.59,57.83,NA,NA,0.39,25.97,NA,NA,NA,NA,NA,NA,NA,NA,NA,NA,NA,0.00,NA,NA,NA
2022-04-14 15:00:00,46.85,144.37,20.67,36.08,56.75,NA,NA,0.38,25.88,NA,NA,NA,NA,NA,NA,NA,NA,NA,NA,NA,0.00,NA,NA,NA
2022-04-14 16:00:00,42.01,142.33,17.82,35.61,53.43,NA,NA,0.38,24.67,NA,NA,NA,NA,NA,NA,NA,NA,NA,NA,NA,0.00,NA,NA,NA
2022-04-14 17:00:00,35.21,193.26,13.43,34.13,47.57,NA,NA,0.36,23.30,NA,NA,NA,NA,NA,NA,NA,NA,NA,NA,NA,0.00,NA,NA,NA
2022-04-14 18:00:00,54.26,147.64,8.58,34.82,43.41,NA,NA,0.39,20.76,NA,NA,NA,NA,NA,NA,NA,NA,NA,NA,NA,0.00,NA,NA,NA
2022-04-14 19:00:00,42.84,131.14,7.57,40.87,48.44,NA,NA,0.50,18.35,NA,NA,NA,NA,NA,NA,NA,NA,NA,NA,NA,0.00,NA,NA,NA
2022-04-14 20:00:00,30.38,199.14,7.34,37.04,44.38,NA,NA,0.37,21.19,NA,NA,NA,NA,NA,NA,NA,NA,NA,NA,NA,0.00,NA,NA,NA
2022-04-14 21:00:00,55.27,242.48,7.56,35.60,43.17,NA,NA,0.37,20.91,NA,NA,NA,NA,NA,NA,NA,NA,NA,NA,NA,0.00,NA,NA,NA
2022-04-14 22:00:00,57.65,361.53,7.35,35.07,42.42,NA,NA,0.38,23.72,NA,NA,NA,NA,NA,NA,NA,NA,NA,NA,NA,0.00,NA,NA,NA
2022-04-14 23:00:00,51.15,247.96,7.39,36.74,44.13,NA,NA,0.37,25.39,NA,NA,NA,NA,NA,NA,NA,NA,NA,NA,NA,0.00,NA,NA,NA
2022-04-15 00:00:00,50.38,207.80,7.68,35.33,43.02,NA,NA,0.41,21.01,NA,NA,NA,NA,NA,NA,NA,NA,NA,NA,NA,0.00,NA,NA,NA
2022-04-15 01:00:00,33.60,104.47,7.38,34.67,42.04,NA,NA,0.39,21.06,NA,NA,NA,NA,NA,NA,NA,NA,NA,NA,NA,0.00,NA,NA,NA
2022-04-15 02:00:00,40.31,89.45,7.26,34.65,41.91,NA,NA,0.40,20.91,NA,NA,NA,NA,NA,NA,NA,NA,NA,NA,NA,0.00,NA,NA,NA
2022-04-15 03:00:00,30.71,106.28,7.22,33.03,40.25,NA,NA,0.40,21.34,NA,NA,NA,NA,NA,NA,NA,NA,NA,NA,NA,0.00,NA,NA,NA
2022-04-15 04:00:00,53.52,127.12,7.14,32.48,39.62,NA,NA,0.45,22.45,NA,NA,NA,NA,NA,NA,NA,NA,NA,NA,NA,0.00,NA,NA,NA
2022-04-15 05:00:00,56.66,133.69,7.11,32.77,39.88,NA,NA,0.45,20.82,NA,NA,NA,NA,NA,NA,NA,NA,NA,NA,NA,0.00,NA,NA,NA
2022-04-15 06:00:00,51.35,115.46,8.28,34.65,42.93,NA,NA,0.45,19.22,NA,NA,NA,NA,NA,NA,NA,NA,NA,NA,NA,0.00,NA,NA,NA
2022-04-15 07:00:00,38.40,131.95,12.39,36.03,48.41,NA,NA,0.47,21.94,NA,NA,NA,NA,NA,NA,NA,NA,NA,NA,NA,0.00,NA,NA,NA
2022-04-15 08:00:00,45.07,183.18,15.91,36.17,52.07,NA,NA,0.48,20.10,NA,NA,NA,NA,NA,NA,NA,NA,NA,NA,NA,0.00,NA,NA,NA
2022-04-15 09:00:00,42.46,194.74,20.68,37.88,58.55,NA,NA,0.42,23.72,NA,NA,NA,NA,NA,NA,NA,NA,NA,NA,NA,0.00,NA,NA,NA
2022-04-15 10:00:00,70.71,217.35,21.90,37.37,59.27,NA,NA,0.37,22.99,NA,NA,NA,NA,NA,NA,NA,NA,NA,NA,NA,0.00,NA,NA,NA
2022-04-15 11:00:00,52.42,172.57,22.83,37.46,60.29,NA,NA,0.40,22.73,NA,NA,NA,NA,NA,NA,NA,NA,NA,NA,NA,0.00,NA,NA,NA
2022-04-15 12:00:00,47.45,205.42,23.25,37.10,60.35,NA,NA,0.38,25.99,NA,NA,NA,NA,NA,NA,NA,NA,NA,NA,NA,0.00,NA,NA,NA
2022-04-15 13:00:00,40.98,184.89,23.16,36.05,59.21,NA,NA,0.38,26.75,NA,NA,NA,NA,NA,NA,NA,NA,NA,NA,NA,0.00,NA,NA,NA
2022-04-15 14:00:00,48.77,183.35,21.60,35.51,57.10,NA,NA,0.41,27.29,NA,NA,NA,NA,NA,NA,NA,NA,NA,NA,NA,0.00,NA,NA,NA
2022-04-15 15:00:00,68.43,199.75,19.57,35.43,55.01,NA,NA,0.41,29.14,NA,NA,NA,NA,NA,NA,NA,NA,NA,NA,NA,0.00,NA,NA,NA
2022-04-15 16:00:00,48.94,219.72,17.10,34.59,51.69,NA,NA,0.38,27.49,NA,NA,NA,NA,NA,NA,NA,NA,NA,NA,NA,0.00,NA,NA,NA
2022-04-15 17:00:00,36.35,156.32,12.83,33.68,46.52,NA,NA,0.37,25.70,NA,NA,NA,NA,NA,NA,NA,NA,NA,NA,NA,0.00,NA,NA,NA
2022-04-15 18:00:00,43.44,161.19,8.36,33.56,41.92,NA,NA,0.42,23.11,NA,NA,NA,NA,NA,NA,NA,NA,NA,NA,NA,0.00,NA,NA,NA
2022-04-15 19:00:00,54.01,204.63,7.15,34.15,41.31,NA,NA,0.47,22.59,NA,NA,NA,NA,NA,NA,NA,NA,NA,NA,NA,0.00,NA,NA,NA
2022-04-15 20:00:00,78.12,201.90,7.01,37.53,44.54,NA,NA,0.64,19.82,NA,NA,NA,NA,NA,NA,NA,NA,NA,NA,NA,0.00,NA,NA,NA
2022-04-15 21:00:00,91.56,242.76,7.10,37.28,44.38,NA,NA,0.64,19.63,NA,NA,NA,NA,NA,NA,NA,NA,NA,NA,NA,0.00,NA,NA,NA
2022-04-15 22:00:00,89.04,227.60,7.08,36.69,43.77,NA,NA,0.62,24.19,NA,NA,NA,NA,NA,NA,NA,NA,NA,NA,NA,0.00,NA,NA,NA
2022-04-15 23:00:00,82.44,201.02,7.04,36.50,43.54,NA,NA,0.62,24.39,NA,NA,NA,NA,NA,NA,NA,NA,NA,NA,NA,0.00,NA,NA,NA
2022-04-16 00:00:00,86.13,186.26,6.99,36.35,43.33,NA,NA,0.62,17.97,NA,NA,NA,NA,NA,NA,NA,NA,NA,NA,NA,0.00,NA,NA,NA
2022-04-16 01:00:00,80.15,200.39,6.97,37.23,44.21,NA,NA,0.63,21.18,NA,NA,NA,NA,NA,NA,NA,NA,NA,NA,NA,0.00,NA,NA,NA
2022-04-16 02:00:00,89.89,221.28,6.93,39.67,46.60,NA,NA,0.64,20.00,NA,NA,NA,NA,NA,NA,NA,NA,NA,NA,NA,0.00,NA,NA,NA
2022-04-16 03:00:00,88.06,194.83,7.20,42.21,49.41,NA,NA,0.64,18.47,NA,NA,NA,NA,NA,NA,NA,NA,NA,NA,NA,0.00,NA,NA,NA
2022-04-16 04:00:00,91.24,200.34,7.10,42.86,49.96,NA,NA,0.64,21.06,NA,NA,NA,NA,NA,NA,NA,NA,NA,NA,NA,0.00,NA,NA,NA
2022-04-16 05:00:00,90.05,196.82,7.63,44.31,51.95,NA,NA,0.66,19.21,NA,NA,NA,NA,NA,NA,NA,NA,NA,NA,NA,0.00,NA,NA,NA
2022-04-16 06:00:00,100.07,194.45,8.53,45.93,54.46,NA,NA,0.68,15.55,NA,NA,NA,NA,NA,NA,NA,NA,NA,NA,NA,0.00,NA,NA,NA
2022-04-16 07:00:00,107.09,209.94,12.06,45.40,57.47,NA,NA,0.78,19.01,NA,NA,NA,NA,NA,NA,NA,NA,NA,NA,NA,0.00,NA,NA,NA
2022-04-16 08:00:00,137.70,293.17,15.19,44.07,59.27,NA,NA,0.78,21.65,NA,NA,NA,NA,NA,NA,NA,NA,NA,NA,NA,0.00,NA,NA,NA
2022-04-16 09:00:00,105.21,193.18,17.88,39.52,57.41,NA,NA,0.63,26.22,NA,NA,NA,NA,NA,NA,NA,NA,NA,NA,NA,0.00,NA,NA,NA
2022-04-16 10:00:00,111.18,232.49,20.16,38.12,58.27,NA,NA,0.63,29.43,NA,NA,NA,NA,NA,NA,NA,NA,NA,NA,NA,0.00,NA,NA,NA
2022-04-16 11:00:00,70.56,185.15,21.36,36.70,58.07,NA,NA,0.51,27.23,NA,NA,NA,NA,NA,NA,NA,NA,NA,NA,NA,0.00,NA,NA,NA
2022-04-16 12:00:00,38.47,160.83,22.21,36.58,58.79,NA,NA,0.49,25.73,NA,NA,NA,NA,NA,NA,NA,NA,NA,NA,NA,0.00,NA,NA,NA
2022-04-16 13:00:00,39.88,140.94,22.27,36.32,58.58,NA,NA,0.43,24.65,NA,NA,NA,NA,NA,NA,NA,NA,NA,NA,NA,0.00,NA,NA,NA
2022-04-16 14:00:00,38.08,132.27,21.16,36.08,57.24,NA,NA,0.44,25.05,NA,NA,NA,NA,NA,NA,NA,NA,NA,NA,NA,0.00,NA,NA,NA
2022-04-16 15:00:00,39.95,170.67,19.83,35.28,55.10,NA,NA,0.39,26.44,NA,NA,NA,NA,NA,NA,NA,NA,NA,NA,NA,0.00,NA,NA,NA
2022-04-16 16:00:00,35.41,151.86,17.09,33.51,50.60,NA,NA,0.39,28.24,NA,NA,NA,NA,NA,NA,NA,NA,NA,NA,NA,0.00,NA,NA,NA
2022-04-16 17:00:00,34.25,142.28,12.98,33.05,46.02,NA,NA,0.39,28.57,NA,NA,NA,NA,NA,NA,NA,NA,NA,NA,NA,0.00,NA,NA,NA
2022-04-16 18:00:00,33.35,129.70,8.37,33.05,41.42,NA,NA,0.41,26.60,NA,NA,NA,NA,NA,NA,NA,NA,NA,NA,NA,0.00,NA,NA,NA
2022-04-16 19:00:00,46.76,120.19,6.65,34.03,40.68,NA,NA,0.45,24.66,NA,NA,NA,NA,NA,NA,NA,NA,NA,NA,NA,0.00,NA,NA,NA
2022-04-16 20:00:00,54.04,143.08,6.75,38.41,45.15,NA,NA,0.64,22.49,NA,NA,NA,NA,NA,NA,NA,NA,NA,NA,NA,0.00,NA,NA,NA
2022-04-16 21:00:00,90.85,196.55,6.73,45.41,52.15,NA,NA,0.87,20.87,NA,NA,NA,NA,NA,NA,NA,NA,NA,NA,NA,0.00,NA,NA,NA
2022-04-16 22:00:00,113.59,235.68,6.82,50.26,57.08,NA,NA,1.06,20.47,NA,NA,NA,NA,NA,NA,NA,NA,NA,NA,NA,0.00,NA,NA,NA
2022-04-16 23:00:00,113.92,253.65,6.79,49.31,56.10,NA,NA,0.96,20.14,NA,NA,NA,NA,NA,NA,NA,NA,NA,NA,NA,0.00,NA,NA,NA
2022-04-17 00:00:00,101.59,239.94,6.83,46.02,52.85,NA,NA,0.88,20.92,NA,NA,NA,NA,NA,NA,NA,NA,NA,NA,NA,0.00,NA,NA,NA
2022-04-17 01:00:00,83.49,181.26,6.87,42.45,49.31,NA,NA,0.80,20.74,NA,NA,NA,NA,NA,NA,NA,NA,NA,NA,NA,0.00,NA,NA,NA
2022-04-17 02:00:00,83.46,173.52,6.68,41.59,48.29,NA,NA,0.79,20.39,NA,NA,NA,NA,NA,NA,NA,NA,NA,NA,NA,0.00,NA,NA,NA
2022-04-17 03:00:00,90.07,161.96,7.08,42.26,49.35,NA,NA,0.79,21.97,NA,NA,NA,NA,NA,NA,NA,NA,NA,NA,NA,0.00,NA,NA,NA
2022-04-17 04:00:00,81.71,146.23,6.86,42.91,49.75,NA,NA,0.75,22.60,NA,NA,NA,NA,NA,NA,NA,NA,NA,NA,NA,0.00,NA,NA,NA
2022-04-17 05:00:00,84.48,157.13,6.85,43.97,50.82,NA,NA,0.72,20.22,NA,NA,NA,NA,NA,NA,NA,NA,NA,NA,NA,0.00,NA,NA,NA
2022-04-17 06:00:00,84.06,150.95,8.14,43.02,51.16,NA,NA,0.74,18.06,NA,NA,NA,NA,NA,NA,NA,NA,NA,NA,NA,0.00,NA,NA,NA
2022-04-17 07:00:00,87.76,154.38,16.24,49.88,66.15,NA,NA,0.87,18.58,NA,NA,NA,NA,NA,NA,NA,NA,NA,NA,NA,0.00,NA,NA,NA
2022-04-17 08:00:00,104.85,166.63,15.08,48.29,63.34,NA,NA,0.78,22.38,NA,NA,NA,NA,NA,NA,NA,NA,NA,NA,NA,0.00,NA,NA,NA
2022-04-17 09:00:00,103.91,159.30,17.61,43.17,60.77,NA,NA,0.70,23.75,NA,NA,NA,NA,NA,NA,NA,NA,NA,NA,NA,0.00,NA,NA,NA
2022-04-17 10:00:00,80.49,145.73,19.95,40.74,60.70,NA,NA,0.57,25.14,NA,NA,NA,NA,NA,NA,NA,NA,NA,NA,NA,0.00,NA,NA,NA
2022-04-17 11:00:00,56.49,133.28,21.53,38.91,60.44,NA,NA,0.53,26.25,NA,NA,NA,NA,NA,NA,NA,NA,NA,NA,NA,0.00,NA,NA,NA
2022-04-17 12:00:00,52.22,171.32,21.77,37.79,59.56,NA,NA,0.51,27.23,NA,NA,NA,NA,NA,NA,NA,NA,NA,NA,NA,0.00,NA,NA,NA
2022-04-17 13:00:00,51.84,157.00,21.74,37.17,58.90,NA,NA,0.47,27.02,NA,NA,NA,NA,NA,NA,NA,NA,NA,NA,NA,0.00,NA,NA,NA
2022-04-17 14:00:00,43.22,141.69,21.35,35.62,56.97,NA,NA,0.44,26.68,NA,NA,NA,NA,NA,NA,NA,NA,NA,NA,NA,0.00,NA,NA,NA
2022-04-17 15:00:00,34.57,131.79,19.75,34.63,54.36,NA,NA,0.43,25.62,NA,NA,NA,NA,NA,NA,NA,NA,NA,NA,NA,0.00,NA,NA,NA
2022-04-17 16:00:00,41.55,132.50,16.42,33.50,49.93,NA,NA,0.42,26.43,NA,NA,NA,NA,NA,NA,NA,NA,NA,NA,NA,0.00,NA,NA,NA
2022-04-17 17:00:00,50.38,110.32,12.11,33.49,45.60,NA,NA,0.46,26.64,NA,NA,NA,NA,NA,NA,NA,NA,NA,NA,NA,0.00,NA,NA,NA
2022-04-17 18:00:00,57.96,129.33,7.64,35.30,42.94,NA,NA,0.48,27.25,NA,NA,NA,NA,NA,NA,NA,NA,NA,NA,NA,0.00,NA,NA,NA
2022-04-17 19:00:00,69.67,157.33,6.72,37.12,43.84,NA,NA,0.54,25.03,NA,NA,NA,NA,NA,NA,NA,NA,NA,NA,NA,0.00,NA,NA,NA
2022-04-17 20:00:00,70.39,162.67,6.84,38.93,45.77,NA,NA,0.64,23.49,NA,NA,NA,NA,NA,NA,NA,NA,NA,NA,NA,0.00,NA,NA,NA
2022-04-17 21:00:00,79.56,160.66,6.69,39.01,45.70,NA,NA,0.66,23.28,NA,NA,NA,NA,NA,NA,NA,NA,NA,NA,NA,0.00,NA,NA,NA
2022-04-17 22:00:00,66.79,163.21,6.55,37.37,43.92,NA,NA,0.64,24.71,NA,NA,NA,NA,NA,NA,NA,NA,NA,NA,NA,0.00,NA,NA,NA
2022-04-17 23:00:00,72.46,163.67,6.62,36.08,42.71,NA,NA,0.65,24.58,NA,NA,NA,NA,NA,NA,NA,NA,NA,NA,NA,0.00,NA,NA,NA
2022-04-18 00:00:00,69.98,154.75,6.60,36.07,42.68,NA,NA,0.69,23.20,NA,NA,NA,NA,NA,NA,NA,NA,NA,NA,NA,0.00,NA,NA,NA
2022-04-18 01:00:00,68.22,153.05,6.74,36.13,42.86,NA,NA,0.69,22.54,NA,NA,NA,NA,NA,NA,NA,NA,NA,NA,NA,0.00,NA,NA,NA
2022-04-18 02:00:00,66.23,150.87,6.67,35.82,42.48,NA,NA,0.68,21.92,NA,NA,NA,NA,NA,NA,NA,NA,NA,NA,NA,0.00,NA,NA,NA
2022-04-18 03:00:00,56.55,138.53,6.65,35.89,42.55,NA,NA,0.63,22.54,NA,NA,NA,NA,NA,NA,NA,NA,NA,NA,NA,0.00,NA,NA,NA
2022-04-18 04:00:00,65.12,116.62,6.59,35.76,42.35,NA,NA,0.61,23.13,NA,NA,NA,NA,NA,NA,NA,NA,NA,NA,NA,0.00,NA,NA,NA
2022-04-18 05:00:00,61.02,131.67,6.58,37.68,44.27,NA,NA,0.65,23.06,NA,NA,NA,NA,NA,NA,NA,NA,NA,NA,NA,0.00,NA,NA,NA
2022-04-18 06:00:00,91.77,172.55,9.42,43.00,52.45,NA,NA,0.74,21.90,NA,NA,NA,NA,NA,NA,NA,NA,NA,NA,NA,0.00,NA,NA,NA
2022-04-18 07:00:00,101.24,205.42,13.73,49.88,63.61,NA,NA,0.82,19.44,NA,NA,NA,NA,NA,NA,NA,NA,NA,NA,NA,0.00,NA,NA,NA
2022-04-18 08:00:00,100.52,197.45,14.68,45.04,59.71,NA,NA,0.75,21.55,NA,NA,NA,NA,NA,NA,NA,NA,NA,NA,NA,0.00,NA,NA,NA
2022-04-18 09:00:00,84.42,194.97,17.41,41.79,59.20,NA,NA,0.65,24.54,NA,NA,NA,NA,NA,NA,NA,NA,NA,NA,NA,0.00,NA,NA,NA
2022-04-18 10:00:00,54.28,161.34,19.68,39.89,59.56,NA,NA,0.55,26.01,NA,NA,NA,NA,NA,NA,NA,NA,NA,NA,NA,0.00,NA,NA,NA
2022-04-18 11:00:00,42.63,137.79,20.97,38.67,59.63,NA,NA,0.50,27.30,NA,NA,NA,NA,NA,NA,NA,NA,NA,NA,NA,0.00,NA,NA,NA
2022-04-18 12:00:00,55.00,122.49,21.66,38.39,60.06,NA,NA,0.50,27.94,NA,NA,NA,NA,NA,NA,NA,NA,NA,NA,NA,0.00,NA,NA,NA
2022-04-18 13:00:00,47.95,148.11,24.17,40.13,64.29,NA,NA,0.48,31.05,NA,NA,NA,NA,NA,NA,NA,NA,NA,NA,NA,0.00,NA,NA,NA
2022-04-18 14:00:00,61.50,168.43,22.42,39.45,61.86,NA,NA,0.51,33.91,NA,NA,NA,NA,NA,NA,NA,NA,NA,NA,NA,0.00,NA,NA,NA
2022-04-18 15:00:00,69.54,175.24,20.42,37.42,57.85,NA,NA,0.46,35.93,NA,NA,NA,NA,NA,NA,NA,NA,NA,NA,NA,0.00,NA,NA,NA
2022-04-18 16:00:00,55.69,139.76,16.26,34.75,51.01,NA,NA,0.47,34.44,NA,NA,NA,NA,NA,NA,NA,NA,NA,NA,NA,0.00,NA,NA,NA
2022-04-18 17:00:00,64.53,137.34,11.53,33.70,45.23,NA,NA,0.53,32.31,NA,NA,NA,NA,NA,NA,NA,NA,NA,NA,NA,0.00,NA,NA,NA
2022-04-18 18:00:00,70.34,145.30,7.54,35.53,43.08,NA,NA,0.55,28.69,NA,NA,NA,NA,NA,NA,NA,NA,NA,NA,NA,0.00,NA,NA,NA
2022-04-18 19:00:00,67.32,152.07,6.76,38.02,44.78,NA,NA,0.58,26.13,NA,NA,NA,NA,NA,NA,NA,NA,NA,NA,NA,0.00,NA,NA,NA
2022-04-18 20:00:00,68.40,137.67,6.57,38.29,44.86,NA,NA,0.64,25.54,NA,NA,NA,NA,NA,NA,NA,NA,NA,NA,NA,0.00,NA,NA,NA
2022-04-18 21:00:00,80.64,152.45,6.57,37.76,44.33,NA,NA,0.65,24.84,NA,NA,NA,NA,NA,NA,NA,NA,NA,NA,NA,0.00,NA,NA,NA
2022-04-18 22:00:00,83.33,160.89,6.64,39.48,46.12,NA,NA,0.73,25.00,NA,NA,NA,NA,NA,NA,NA,NA,NA,NA,NA,0.00,NA,NA,NA
2022-04-18 23:00:00,90.49,181.43,6.56,40.37,46.93,NA,NA,0.69,24.75,NA,NA,NA,NA,NA,NA,NA,NA,NA,NA,NA,0.00,NA,NA,NA
2022-04-19 00:00:00,81.03,172.91,6.62,39.00,45.62,NA,NA,0.66,24.74,NA,NA,NA,NA,NA,NA,NA,NA,NA,NA,NA,0.00,NA,NA,NA
2022-04-19 01:00:00,67.96,141.93,6.73,39.54,46.27,NA,NA,0.64,24.22,NA,NA,NA,NA,NA,NA,NA,NA,NA,NA,NA,0.00,NA,NA,NA
2022-04-19 02:00:00,54.74,135.73,6.58,39.40,45.98,NA,NA,0.62,24.20,NA,NA,NA,NA,NA,NA,NA,NA,NA,NA,NA,0.00,NA,NA,NA
2022-04-19 03:00:00,67.91,136.31,6.79,42.23,49.01,NA,NA,0.70,23.37,NA,NA,NA,NA,NA,NA,NA,NA,NA,NA,NA,0.00,NA,NA,NA
2022-04-19 04:00:00,87.49,191.12,8.33,48.82,57.16,NA,NA,0.85,21.66,NA,NA,NA,NA,NA,NA,NA,NA,NA,NA,NA,0.00,NA,NA,NA
2022-04-19 05:00:00,109.20,250.50,10.86,54.62,65.48,NA,NA,0.91,19.37,NA,NA,NA,NA,NA,NA,NA,NA,NA,NA,NA,0.00,NA,NA,NA
2022-04-19 06:00:00,132.53,227.87,15.27,64.13,79.39,NA,NA,0.93,16.61,NA,NA,NA,NA,NA,NA,NA,NA,NA,NA,NA,0.00,NA,NA,NA
2022-04-19 07:00:00,102.23,255.59,15.74,69.25,84.99,NA,NA,0.85,15.45,NA,NA,NA,NA,NA,NA,NA,NA,NA,NA,NA,0.00,NA,NA,NA
2022-04-19 08:00:00,90.07,270.62,15.62,63.30,78.92,NA,NA,0.70,19.31,NA,NA,NA,NA,NA,NA,NA,NA,NA,NA,NA,0.00,NA,NA,NA
2022-04-19 09:00:00,73.16,230.70,18.00,53.66,71.65,NA,NA,0.62,22.28,NA,NA,NA,NA,NA,NA,NA,NA,NA,NA,NA,0.00,NA,NA,NA
2022-04-19 10:00:00,71.99,247.12,20.03,48.41,68.44,NA,NA,0.61,26.43,NA,NA,NA,NA,NA,NA,NA,NA,NA,NA,NA,0.00,NA,NA,NA
2022-04-19 11:00:00,70.67,250.24,21.32,44.11,65.42,NA,NA,0.57,28.59,NA,NA,NA,NA,NA,NA,NA,NA,NA,NA,NA,0.00,NA,NA,NA
2022-04-19 12:00:00,69.90,248.04,22.59,41.71,64.30,NA,NA,0.52,31.30,NA,NA,NA,NA,NA,NA,NA,NA,NA,NA,NA,0.00,NA,NA,NA
2022-04-19 13:00:00,59.47,199.66,21.76,37.42,59.19,NA,NA,0.47,29.94,NA,NA,NA,NA,NA,NA,NA,NA,NA,NA,NA,0.00,NA,NA,NA
2022-04-19 14:00:00,44.29,205.32,22.75,35.23,57.98,NA,NA,0.39,30.75,NA,NA,NA,NA,NA,NA,NA,NA,NA,NA,NA,0.00,NA,NA,NA
2022-04-19 15:00:00,42.22,224.06,21.40,33.57,54.98,NA,NA,0.35,30.41,NA,NA,NA,NA,NA,NA,NA,NA,NA,NA,NA,0.00,NA,NA,NA
2022-04-19 16:00:00,72.53,199.04,17.14,31.78,48.92,NA,NA,0.36,29.08,NA,NA,NA,NA,NA,NA,NA,NA,NA,NA,NA,0.00,NA,NA,NA
2022-04-19 17:00:00,36.38,160.88,12.15,30.82,42.98,NA,NA,0.38,28.33,NA,NA,NA,NA,NA,NA,NA,NA,NA,NA,NA,0.00,NA,NA,NA
2022-04-19 18:00:00,39.09,150.04,7.98,33.93,41.91,NA,NA,0.42,26.98,NA,NA,NA,NA,NA,NA,NA,NA,NA,NA,NA,0.00,NA,NA,NA
2022-04-19 19:00:00,47.42,174.52,6.73,38.28,45.00,NA,NA,0.49,24.33,NA,NA,NA,NA,NA,NA,NA,NA,NA,NA,NA,0.00,NA,NA,NA
2022-04-19 20:00:00,52.03,167.92,7.23,45.79,53.02,NA,NA,0.61,22.34,NA,NA,NA,NA,NA,NA,NA,NA,NA,NA,NA,0.00,NA,NA,NA
2022-04-19 21:00:00,63.71,182.83,7.60,50.27,57.87,NA,NA,0.74,19.02,NA,NA,NA,NA,NA,NA,NA,NA,NA,NA,NA,0.00,NA,NA,NA
2022-04-19 22:00:00,74.04,196.86,8.37,52.51,60.87,NA,NA,0.85,19.38,NA,NA,NA,NA,NA,NA,NA,NA,NA,NA,NA,0.00,NA,NA,NA
2022-04-19 23:00:00,79.52,220.36,8.03,53.13,61.15,NA,NA,0.76,19.95,NA,NA,NA,NA,NA,NA,NA,NA,NA,NA,NA,0.00,NA,NA,NA
2022-04-20 00:00:00,78.48,205.93,10.32,54.74,65.06,NA,NA,0.73,25.74,NA,NA,NA,NA,NA,NA,NA,NA,NA,NA,NA,0.00,NA,NA,NA
2022-04-20 01:00:00,71.54,196.25,9.36,55.90,65.26,NA,NA,0.64,19.63,NA,NA,NA,NA,NA,NA,NA,NA,NA,NA,NA,0.00,NA,NA,NA
2022-04-20 02:00:00,60.99,166.46,8.57,54.70,63.27,NA,NA,0.60,19.51,NA,NA,NA,NA,NA,NA,NA,NA,NA,NA,NA,0.00,NA,NA,NA
2022-04-20 03:00:00,62.80,165.56,6.96,50.13,57.10,NA,NA,0.61,19.65,NA,NA,NA,NA,NA,NA,NA,NA,NA,NA,NA,0.00,NA,NA,NA
2022-04-20 04:00:00,92.90,211.07,6.60,45.23,51.83,NA,NA,0.60,21.84,NA,NA,NA,NA,NA,NA,NA,NA,NA,NA,NA,0.00,NA,NA,NA
2022-04-20 05:00:00,93.91,213.60,6.67,41.32,48.00,NA,NA,0.60,23.41,NA,NA,NA,NA,NA,NA,NA,NA,NA,NA,NA,0.00,NA,NA,NA
2022-04-20 06:00:00,106.36,241.50,8.42,43.21,51.62,NA,NA,0.67,23.01,NA,NA,NA,NA,NA,NA,NA,NA,NA,NA,NA,0.00,NA,NA,NA
2022-04-20 07:00:00,115.02,304.75,11.71,45.72,57.43,NA,NA,0.73,24.16,NA,NA,NA,NA,NA,NA,NA,NA,NA,NA,NA,0.00,NA,NA,NA
2022-04-20 08:00:00,106.74,277.66,15.36,43.99,59.34,NA,NA,0.70,23.14,NA,NA,NA,NA,NA,NA,NA,NA,NA,NA,NA,0.00,NA,NA,NA
2022-04-20 09:00:00,93.46,257.45,18.24,44.58,62.82,NA,NA,0.66,25.57,NA,NA,NA,NA,NA,NA,NA,NA,NA,NA,NA,0.00,NA,NA,NA
2022-04-20 10:00:00,57.76,251.49,20.12,42.25,62.37,NA,NA,0.61,29.52,NA,NA,NA,NA,NA,NA,NA,NA,NA,NA,NA,0.00,NA,NA,NA
2022-04-20 11:00:00,45.08,230.98,21.31,40.04,61.35,NA,NA,0.53,34.97,NA,NA,NA,NA,NA,NA,NA,NA,NA,NA,NA,0.00,NA,NA,NA
2022-04-20 12:00:00,25.11,187.09,22.04,37.52,59.55,NA,NA,0.44,29.92,NA,NA,NA,NA,NA,NA,NA,NA,NA,NA,NA,0.00,NA,NA,NA
2022-04-20 13:00:00,34.67,214.17,21.99,35.30,57.29,NA,NA,0.39,29.58,NA,NA,NA,NA,NA,NA,NA,NA,NA,NA,NA,0.00,NA,NA,NA
2022-04-20 14:00:00,36.31,180.50,21.54,33.27,54.81,NA,NA,0.38,31.31,NA,NA,NA,NA,NA,NA,NA,NA,NA,NA,NA,0.00,NA,NA,NA
2022-04-20 15:00:00,34.55,190.77,19.65,32.50,52.15,NA,NA,0.38,28.40,NA,NA,NA,NA,NA,NA,NA,NA,NA,NA,NA,0.00,NA,NA,NA
2022-04-20 16:00:00,33.33,158.69,17.57,34.22,51.79,NA,NA,0.37,27.33,NA,NA,NA,NA,NA,NA,NA,NA,NA,NA,NA,0.00,NA,NA,NA
2022-04-20 17:00:00,43.51,160.85,12.83,33.75,46.58,NA,NA,0.37,24.85,NA,NA,NA,NA,NA,NA,NA,NA,NA,NA,NA,0.00,NA,NA,NA
2022-04-20 18:00:00,36.20,148.79,7.97,35.41,43.39,NA,NA,0.39,30.58,NA,NA,NA,NA,NA,NA,NA,NA,NA,NA,NA,0.00,NA,NA,NA
2022-04-20 19:00:00,43.35,146.23,6.51,38.66,45.17,NA,NA,0.44,26.15,NA,NA,NA,NA,NA,NA,NA,NA,NA,NA,NA,0.00,NA,NA,NA
2022-04-20 20:00:00,42.60,135.49,6.54,40.46,47.01,NA,NA,0.52,25.86,NA,NA,NA,NA,NA,NA,NA,NA,NA,NA,NA,0.00,NA,NA,NA
2022-04-20 21:00:00,44.24,154.18,7.20,45.71,52.91,NA,NA,0.60,25.48,NA,NA,NA,NA,NA,NA,NA,NA,NA,NA,NA,0.00,NA,NA,NA
2022-04-20 22:00:00,53.56,170.73,7.41,47.90,55.30,NA,NA,0.68,22.95,NA,NA,NA,NA,NA,NA,NA,NA,NA,NA,NA,0.00,NA,NA,NA
2022-04-20 23:00:00,76.31,223.37,8.96,50.51,59.47,NA,NA,0.77,21.77,NA,NA,NA,NA,NA,NA,NA,NA,NA,NA,NA,0.00,NA,NA,NA
2022-04-21 00:00:00,101.41,258.23,8.76,53.76,62.53,NA,NA,0.80,18.53,NA,NA,NA,NA,NA,NA,NA,NA,NA,NA,NA,0.00,NA,NA,NA
2022-04-21 01:00:00,104.73,275.11,8.45,53.08,61.53,NA,NA,0.80,20.54,NA,NA,NA,NA,NA,NA,NA,NA,NA,NA,NA,0.00,NA,NA,NA
2022-04-21 02:00:00,112.77,333.72,8.46,52.35,60.80,NA,NA,0.82,20.20,NA,NA,NA,NA,NA,NA,NA,NA,NA,NA,NA,0.00,NA,NA,NA
2022-04-21 03:00:00,123.32,356.97,8.65,52.57,61.22,NA,NA,0.84,20.42,NA,NA,NA,NA,NA,NA,NA,NA,NA,NA,NA,0.00,NA,NA,NA
2022-04-21 04:00:00,102.24,327.25,8.54,52.22,60.76,NA,NA,0.81,20.41,NA,NA,NA,NA,NA,NA,NA,NA,NA,NA,NA,0.00,NA,NA,NA
2022-04-21 05:00:00,93.44,285.61,8.81,52.75,61.55,NA,NA,0.79,20.52,NA,NA,NA,NA,NA,NA,NA,NA,NA,NA,NA,0.00,NA,NA,NA
2022-04-21 06:00:00,103.34,313.30,11.85,57.66,69.51,NA,NA,0.77,18.45,NA,NA,NA,NA,NA,NA,NA,NA,NA,NA,NA,0.00,NA,NA,NA
2022-04-21 07:00:00,80.04,267.15,11.14,55.69,66.83,NA,NA,0.63,19.36,NA,NA,NA,NA,NA,NA,NA,NA,NA,NA,NA,0.00,NA,NA,NA
2022-04-21 08:00:00,41.02,224.40,15.18,46.30,61.47,NA,NA,0.50,22.97,NA,NA,NA,NA,NA,NA,NA,NA,NA,NA,NA,0.00,NA,NA,NA
2022-04-21 09:00:00,46.79,307.19,14.79,40.18,54.97,NA,NA,0.47,24.80,NA,NA,NA,NA,NA,NA,NA,NA,NA,NA,NA,0.00,NA,NA,NA
2022-04-21 10:00:00,61.96,459.19,15.79,37.56,53.34,NA,NA,0.45,25.27,NA,NA,NA,NA,NA,NA,NA,NA,NA,NA,NA,0.00,NA,NA,NA
2022-04-21 11:00:00,58.01,418.58,16.31,36.55,52.86,NA,NA,0.43,24.44,NA,NA,NA,NA,NA,NA,NA,NA,NA,NA,NA,0.00,NA,NA,NA
2022-04-21 12:00:00,50.65,343.43,11.70,35.28,46.99,NA,NA,0.40,25.63,NA,NA,NA,NA,NA,NA,NA,NA,NA,NA,NA,0.00,NA,NA,NA
2022-04-21 13:00:00,45.26,296.03,12.09,41.06,53.14,NA,NA,0.40,25.00,NA,NA,NA,NA,NA,NA,NA,NA,NA,NA,NA,0.00,NA,NA,NA
2022-04-21 14:00:00,30.38,231.90,19.56,38.60,58.16,NA,NA,0.39,27.73,NA,NA,NA,NA,NA,NA,NA,NA,NA,NA,NA,0.00,NA,NA,NA
2022-04-21 15:00:00,38.84,225.65,12.91,34.74,47.67,NA,NA,0.38,28.59,NA,NA,NA,NA,NA,NA,NA,NA,NA,NA,NA,0.00,NA,NA,NA
2022-04-21 16:00:00,30.84,152.93,11.65,35.69,47.34,NA,NA,0.39,27.15,NA,NA,NA,NA,NA,NA,NA,NA,NA,NA,NA,0.00,NA,NA,NA
2022-04-21 17:00:00,31.78,155.79,13.01,35.14,48.14,NA,NA,0.39,26.43,NA,NA,NA,NA,NA,NA,NA,NA,NA,NA,NA,0.00,NA,NA,NA
2022-04-21 18:00:00,45.06,164.71,8.39,38.56,46.96,NA,NA,0.51,26.24,NA,NA,NA,NA,NA,NA,NA,NA,NA,NA,NA,0.00,NA,NA,NA
2022-04-21 19:00:00,61.25,203.47,6.44,40.19,46.63,NA,NA,0.57,25.36,NA,NA,NA,NA,NA,NA,NA,NA,NA,NA,NA,0.00,NA,NA,NA
2022-04-21 20:00:00,62.61,214.22,6.53,41.25,47.78,NA,NA,0.65,24.20,NA,NA,NA,NA,NA,NA,NA,NA,NA,NA,NA,0.00,NA,NA,NA
2022-04-21 21:00:00,61.40,231.11,6.43,42.79,49.23,NA,NA,0.68,23.62,NA,NA,NA,NA,NA,NA,NA,NA,NA,NA,NA,0.00,NA,NA,NA
2022-04-21 22:00:00,55.30,215.67,6.49,44.11,50.59,NA,NA,0.69,22.69,NA,NA,NA,NA,NA,NA,NA,NA,NA,NA,NA,0.00,NA,NA,NA
2022-04-21 23:00:00,57.41,209.67,6.59,41.99,48.59,NA,NA,0.64,23.14,NA,NA,NA,NA,NA,NA,NA,NA,NA,NA,NA,0.00,NA,NA,NA
2022-04-22 00:00:00,69.53,346.95,6.35,38.09,44.44,NA,NA,0.49,29.07,NA,NA,NA,NA,NA,NA,NA,NA,NA,NA,NA,0.00,NA,NA,NA
2022-04-22 01:00:00,50.87,322.02,6.75,38.31,45.05,NA,NA,0.41,34.26,NA,NA,NA,NA,NA,NA,NA,NA,NA,NA,NA,0.00,NA,NA,NA
2022-04-22 02:00:00,64.58,254.51,6.89,34.34,41.23,NA,NA,0.34,31.23,NA,NA,NA,NA,NA,NA,NA,NA,NA,NA,NA,0.00,NA,NA,NA
2022-04-22 03:00:00,36.76,173.08,6.79,33.09,39.88,NA,NA,0.37,28.82,NA,NA,NA,NA,NA,NA,NA,NA,NA,NA,NA,0.00,NA,NA,NA
2022-04-22 04:00:00,9.77,122.25,6.68,33.14,39.82,NA,NA,0.39,28.21,NA,NA,NA,NA,NA,NA,NA,NA,NA,NA,NA,0.00,NA,NA,NA
2022-04-22 05:00:00,15.31,97.04,6.48,32.71,39.19,NA,NA,0.40,27.06,NA,NA,NA,NA,NA,NA,NA,NA,NA,NA,NA,0.00,NA,NA,NA
2022-04-22 06:00:00,20.03,125.51,7.94,35.79,43.73,NA,NA,0.45,25.20,NA,NA,NA,NA,NA,NA,NA,NA,NA,NA,NA,0.00,NA,NA,NA
2022-04-22 07:00:00,18.18,95.05,12.44,38.96,51.39,NA,NA,0.49,23.80,NA,NA,NA,NA,NA,NA,NA,NA,NA,NA,NA,0.00,NA,NA,NA
2022-04-22 08:00:00,55.12,175.83,15.30,42.94,58.23,NA,NA,0.56,24.15,NA,NA,NA,NA,NA,NA,NA,NA,NA,NA,NA,0.00,NA,NA,NA
2022-04-22 09:00:00,60.55,193.66,17.61,43.80,61.41,NA,NA,0.53,25.41,NA,NA,NA,NA,NA,NA,NA,NA,NA,NA,NA,0.00,NA,NA,NA
2022-04-22 10:00:00,74.36,212.67,19.37,44.70,64.07,NA,NA,0.56,27.65,NA,NA,NA,NA,NA,NA,NA,NA,NA,NA,NA,0.00,NA,NA,NA
2022-04-22 11:00:00,66.50,219.86,21.13,42.24,63.36,NA,NA,0.48,28.37,NA,NA,NA,NA,NA,NA,NA,NA,NA,NA,NA,0.00,NA,NA,NA
2022-04-22 12:00:00,44.74,197.31,21.81,40.59,62.41,NA,NA,0.47,29.51,NA,NA,NA,NA,NA,NA,NA,NA,NA,NA,NA,0.00,NA,NA,NA
2022-04-22 13:00:00,46.92,200.76,21.73,39.17,60.89,NA,NA,0.44,30.89,NA,NA,NA,NA,NA,NA,NA,NA,NA,NA,NA,0.00,NA,NA,NA
2022-04-22 14:00:00,42.57,220.14,20.99,37.47,58.47,NA,NA,0.44,31.36,NA,NA,NA,NA,NA,NA,NA,NA,NA,NA,NA,0.00,NA,NA,NA
2022-04-22 15:00:00,57.88,227.35,20.35,36.55,56.90,NA,NA,0.43,34.46,NA,NA,NA,NA,NA,NA,NA,NA,NA,NA,NA,0.00,NA,NA,NA
2022-04-22 16:00:00,41.86,192.79,17.10,34.69,51.80,NA,NA,0.41,31.67,NA,NA,NA,NA,NA,NA,NA,NA,NA,NA,NA,0.00,NA,NA,NA
2022-04-22 17:00:00,47.80,220.92,11.95,34.31,46.27,NA,NA,0.45,30.26,NA,NA,NA,NA,NA,NA,NA,NA,NA,NA,NA,0.00,NA,NA,NA
2022-04-22 18:00:00,63.87,214.13,7.90,35.55,43.46,NA,NA,0.48,29.14,NA,NA,NA,NA,NA,NA,NA,NA,NA,NA,NA,0.00,NA,NA,NA
2022-04-22 19:00:00,48.87,173.38,6.60,37.26,43.86,NA,NA,0.48,28.18,NA,NA,NA,NA,NA,NA,NA,NA,NA,NA,NA,0.00,NA,NA,NA
2022-04-22 20:00:00,46.13,146.50,6.45,39.91,46.37,NA,NA,0.54,24.74,NA,NA,NA,NA,NA,NA,NA,NA,NA,NA,NA,0.00,NA,NA,NA
2022-04-22 21:00:00,66.33,208.62,6.58,43.93,50.51,NA,NA,0.65,24.84,NA,NA,NA,NA,NA,NA,NA,NA,NA,NA,NA,0.00,NA,NA,NA
2022-04-22 22:00:00,66.49,191.56,6.92,47.95,54.87,NA,NA,0.75,22.76,NA,NA,NA,NA,NA,NA,NA,NA,NA,NA,NA,0.00,NA,NA,NA
2022-04-22 23:00:00,66.95,193.80,7.33,51.34,58.66,NA,NA,0.79,23.05,NA,NA,NA,NA,NA,NA,NA,NA,NA,NA,NA,0.00,NA,NA,NA
2022-04-23 00:00:00,68.01,172.69,7.86,53.62,61.48,NA,NA,0.84,22.16,NA,NA,NA,NA,NA,NA,NA,NA,NA,NA,NA,0.00,NA,NA,NA
2022-04-23 01:00:00,78.88,220.00,8.49,56.74,65.23,NA,NA,0.90,20.76,NA,NA,NA,NA,NA,NA,NA,NA,NA,NA,NA,0.00,NA,NA,NA
2022-04-23 02:00:00,85.82,209.01,8.72,57.66,66.39,NA,NA,0.90,20.39,NA,NA,NA,NA,NA,NA,NA,NA,NA,NA,NA,0.00,NA,NA,NA
2022-04-23 03:00:00,91.40,208.68,7.55,56.49,64.05,NA,NA,0.86,20.88,NA,NA,NA,NA,NA,NA,NA,NA,NA,NA,NA,0.00,NA,NA,NA
2022-04-23 04:00:00,86.21,213.10,6.77,53.68,60.45,NA,NA,0.81,22.28,NA,NA,NA,NA,NA,NA,NA,NA,NA,NA,NA,0.00,NA,NA,NA
2022-04-23 05:00:00,89.17,231.30,6.92,50.35,57.27,NA,NA,0.78,22.75,NA,NA,NA,NA,NA,NA,NA,NA,NA,NA,NA,0.00,NA,NA,NA
2022-04-23 06:00:00,69.00,183.67,8.71,48.53,57.24,NA,NA,0.75,22.82,NA,NA,NA,NA,NA,NA,NA,NA,NA,NA,NA,0.00,NA,NA,NA
2022-04-23 07:00:00,64.19,166.54,13.68,50.65,64.32,NA,NA,0.79,22.95,NA,NA,NA,NA,NA,NA,NA,NA,NA,NA,NA,0.00,NA,NA,NA
2022-04-23 08:00:00,129.31,343.98,18.61,65.00,83.62,NA,NA,0.95,19.75,NA,NA,NA,NA,NA,NA,NA,NA,NA,NA,NA,0.00,NA,NA,NA
2022-04-23 09:00:00,186.06,436.81,18.22,62.54,80.76,NA,NA,0.86,23.27,NA,NA,NA,NA,NA,NA,NA,NA,NA,NA,NA,0.00,NA,NA,NA
2022-04-23 10:00:00,155.70,369.68,20.54,57.12,77.65,NA,NA,0.76,29.38,NA,NA,NA,NA,NA,NA,NA,NA,NA,NA,NA,0.00,NA,NA,NA
2022-04-23 11:00:00,73.37,215.55,21.62,49.77,71.38,NA,NA,0.58,32.02,NA,NA,NA,NA,NA,NA,NA,NA,NA,NA,NA,0.00,NA,NA,NA
2022-04-23 12:00:00,42.02,127.54,21.78,45.50,67.28,NA,NA,0.55,32.41,NA,NA,NA,NA,NA,NA,NA,NA,NA,NA,NA,0.00,NA,NA,NA
2022-04-23 13:00:00,29.43,167.86,22.18,42.28,64.46,NA,NA,0.51,31.50,NA,NA,NA,NA,NA,NA,NA,NA,NA,NA,NA,0.00,NA,NA,NA
2022-04-23 14:00:00,15.02,166.25,21.04,40.04,61.08,NA,NA,0.48,31.15,NA,NA,NA,NA,NA,NA,NA,NA,NA,NA,NA,0.00,NA,NA,NA
2022-04-23 15:00:00,11.97,134.01,19.76,38.34,58.11,NA,NA,0.46,30.86,NA,NA,NA,NA,NA,NA,NA,NA,NA,NA,NA,0.00,NA,NA,NA
2022-04-23 16:00:00,40.75,134.19,16.95,36.98,53.94,NA,NA,0.44,30.96,NA,NA,NA,NA,NA,NA,NA,NA,NA,NA,NA,0.00,NA,NA,NA
2022-04-23 17:00:00,33.71,153.84,12.73,37.27,50.01,NA,NA,0.44,31.32,NA,NA,NA,NA,NA,NA,NA,NA,NA,NA,NA,0.00,NA,NA,NA
2022-04-23 18:00:00,43.01,135.51,8.31,36.69,45.00,NA,NA,0.44,30.46,NA,NA,NA,NA,NA,NA,NA,NA,NA,NA,NA,0.00,NA,NA,NA
2022-04-23 19:00:00,45.61,127.03,6.73,39.17,45.90,NA,NA,0.51,27.54,NA,NA,NA,NA,NA,NA,NA,NA,NA,NA,NA,0.00,NA,NA,NA
2022-04-23 20:00:00,49.52,140.93,6.50,43.36,49.86,NA,NA,0.58,26.28,NA,NA,NA,NA,NA,NA,NA,NA,NA,NA,NA,0.00,NA,NA,NA
2022-04-23 21:00:00,48.18,135.17,6.55,45.21,51.76,NA,NA,0.62,25.65,NA,NA,NA,NA,NA,NA,NA,NA,NA,NA,NA,0.00,NA,NA,NA
2022-04-23 22:00:00,61.27,148.87,6.73,46.95,53.68,NA,NA,0.70,24.99,NA,NA,NA,NA,NA,NA,NA,NA,NA,NA,NA,0.00,NA,NA,NA
2022-04-23 23:00:00,75.62,174.39,8.13,51.98,60.11,NA,NA,0.85,23.98,NA,NA,NA,NA,NA,NA,NA,NA,NA,NA,NA,0.00,NA,NA,NA
2022-04-24 00:00:00,104.29,220.11,9.26,56.92,66.20,NA,NA,0.94,22.47,NA,NA,NA,NA,NA,NA,NA,NA,NA,NA,NA,0.00,NA,NA,NA
2022-04-24 01:00:00,111.21,257.11,10.31,63.42,73.73,NA,NA,1.00,20.74,NA,NA,NA,NA,NA,NA,NA,NA,NA,NA,NA,0.00,NA,NA,NA
2022-04-24 02:00:00,107.76,238.52,9.88,66.16,76.04,NA,NA,0.96,20.77,NA,NA,NA,NA,NA,NA,NA,NA,NA,NA,NA,0.00,NA,NA,NA
2022-04-24 03:00:00,112.33,270.19,9.04,64.69,73.73,NA,NA,0.93,20.47,NA,NA,NA,NA,NA,NA,NA,NA,NA,NA,NA,0.00,NA,NA,NA
2022-04-24 04:00:00,132.44,286.63,8.25,61.26,69.51,NA,NA,0.89,20.99,NA,NA,NA,NA,NA,NA,NA,NA,NA,NA,NA,0.00,NA,NA,NA
2022-04-24 05:00:00,188.70,416.45,8.82,62.37,71.19,NA,NA,0.98,20.29,NA,NA,NA,NA,NA,NA,NA,NA,NA,NA,NA,0.00,NA,NA,NA
2022-04-24 06:00:00,228.40,453.01,10.31,62.89,73.20,NA,NA,0.99,20.36,NA,NA,NA,NA,NA,NA,NA,NA,NA,NA,NA,0.00,NA,NA,NA
2022-04-24 07:00:00,184.55,434.29,12.51,63.08,75.60,NA,NA,0.96,20.93,NA,NA,NA,NA,NA,NA,NA,NA,NA,NA,NA,0.00,NA,NA,NA
2022-04-24 08:00:00,132.45,406.16,15.57,56.25,71.83,NA,NA,0.84,24.48,NA,NA,NA,NA,NA,NA,NA,NA,NA,NA,NA,0.00,NA,NA,NA
2022-04-24 09:00:00,105.44,303.07,18.12,50.52,68.63,NA,NA,0.77,28.30,NA,NA,NA,NA,NA,NA,NA,NA,NA,NA,NA,0.00,NA,NA,NA
2022-04-24 10:00:00,99.43,244.67,20.19,46.45,66.65,NA,NA,0.68,31.44,NA,NA,NA,NA,NA,NA,NA,NA,NA,NA,NA,0.00,NA,NA,NA
2022-04-24 11:00:00,65.44,200.55,21.46,43.08,64.54,NA,NA,0.61,32.39,NA,NA,NA,NA,NA,NA,NA,NA,NA,NA,NA,0.00,NA,NA,NA
2022-04-24 12:00:00,52.41,189.22,21.65,41.10,62.75,NA,NA,0.56,33.32,NA,NA,NA,NA,NA,NA,NA,NA,NA,NA,NA,0.00,NA,NA,NA
2022-04-24 13:00:00,45.61,162.78,21.78,39.94,61.72,NA,NA,0.51,33.56,NA,NA,NA,NA,NA,NA,NA,NA,NA,NA,NA,0.00,NA,NA,NA
2022-04-24 14:00:00,40.82,143.52,21.62,39.24,60.86,NA,NA,0.48,34.82,NA,NA,NA,NA,NA,NA,NA,NA,NA,NA,NA,0.00,NA,NA,NA
2022-04-24 15:00:00,43.65,152.15,20.06,37.09,57.14,NA,NA,0.46,34.56,NA,NA,NA,NA,NA,NA,NA,NA,NA,NA,NA,0.00,NA,NA,NA
2022-04-24 16:00:00,50.74,220.03,17.53,36.14,53.67,NA,NA,0.45,36.10,NA,NA,NA,NA,NA,NA,NA,NA,NA,NA,NA,0.00,NA,NA,NA
2022-04-24 17:00:00,49.89,200.23,12.68,34.60,47.28,NA,NA,0.44,35.81,NA,NA,NA,NA,NA,NA,NA,NA,NA,NA,NA,0.00,NA,NA,NA
2022-04-24 18:00:00,50.13,201.39,8.10,33.74,41.84,NA,NA,0.44,35.94,NA,NA,NA,NA,NA,NA,NA,NA,NA,NA,NA,0.00,NA,NA,NA
2022-04-24 19:00:00,44.68,194.59,6.79,34.31,41.10,NA,NA,0.47,32.61,NA,NA,NA,NA,NA,NA,NA,NA,NA,NA,NA,0.00,NA,NA,NA
2022-04-24 20:00:00,58.02,193.22,6.74,36.23,42.96,NA,NA,0.53,30.03,NA,NA,NA,NA,NA,NA,NA,NA,NA,NA,NA,0.00,NA,NA,NA
2022-04-24 21:00:00,72.16,227.00,6.66,37.79,44.45,NA,NA,0.56,29.43,NA,NA,NA,NA,NA,NA,NA,NA,NA,NA,NA,0.00,NA,NA,NA
2022-04-24 22:00:00,78.68,242.86,6.59,38.62,45.21,NA,NA,0.59,28.62,NA,NA,NA,NA,NA,NA,NA,NA,NA,NA,NA,0.00,NA,NA,NA
2022-04-24 23:00:00,87.12,247.26,6.47,39.06,45.54,NA,NA,0.61,28.36,NA,NA,NA,NA,NA,NA,NA,NA,NA,NA,NA,0.00,NA,NA,NA
2022-04-25 00:00:00,103.90,242.54,6.61,40.49,47.10,NA,NA,0.62,28.15,NA,NA,NA,NA,NA,NA,NA,NA,NA,NA,NA,0.00,NA,NA,NA
2022-04-25 01:00:00,102.24,231.85,6.62,42.38,49.01,NA,NA,0.62,27.47,NA,NA,NA,NA,NA,NA,NA,NA,NA,NA,NA,0.00,NA,NA,NA
2022-04-25 02:00:00,100.42,221.91,6.72,43.12,49.83,NA,NA,0.63,27.01,NA,NA,NA,NA,NA,NA,NA,NA,NA,NA,NA,0.00,NA,NA,NA
2022-04-25 03:00:00,106.36,235.97,6.71,42.23,48.94,NA,NA,0.64,27.14,NA,NA,NA,NA,NA,NA,NA,NA,NA,NA,NA,0.00,NA,NA,NA
2022-04-25 04:00:00,113.48,251.60,6.65,43.17,49.82,NA,NA,0.63,27.89,NA,NA,NA,NA,NA,NA,NA,NA,NA,NA,NA,0.00,NA,NA,NA
2022-04-25 05:00:00,115.08,260.57,6.66,42.50,49.16,NA,NA,0.64,27.55,NA,NA,NA,NA,NA,NA,NA,NA,NA,NA,NA,0.00,NA,NA,NA
2022-04-25 06:00:00,128.12,271.54,8.14,41.57,49.72,NA,NA,0.66,27.92,NA,NA,NA,NA,NA,NA,NA,NA,NA,NA,NA,0.00,NA,NA,NA
2022-04-25 07:00:00,118.64,263.66,12.02,42.36,54.38,NA,NA,0.69,28.24,NA,NA,NA,NA,NA,NA,NA,NA,NA,NA,NA,0.00,NA,NA,NA
2022-04-25 08:00:00,131.43,327.40,15.31,43.95,59.28,NA,NA,0.72,28.72,NA,NA,NA,NA,NA,NA,NA,NA,NA,NA,NA,0.00,NA,NA,NA
2022-04-25 09:00:00,113.34,297.80,18.12,44.68,62.82,NA,NA,0.72,31.05,NA,NA,NA,NA,NA,NA,NA,NA,NA,NA,NA,0.00,NA,NA,NA
2022-04-25 10:00:00,81.50,292.94,20.39,45.07,65.48,NA,NA,0.66,32.96,NA,NA,NA,NA,NA,NA,NA,NA,NA,NA,NA,0.00,NA,NA,NA
2022-04-25 11:00:00,37.20,196.82,21.71,42.75,64.43,NA,NA,0.59,33.43,NA,NA,NA,NA,NA,NA,NA,NA,NA,NA,NA,0.00,NA,NA,NA
2022-04-25 12:00:00,33.63,165.90,22.11,41.49,63.60,NA,NA,0.56,33.78,NA,NA,NA,NA,NA,NA,NA,NA,NA,NA,NA,0.00,NA,NA,NA
2022-04-25 13:00:00,65.64,177.84,21.83,39.88,61.70,NA,NA,0.52,33.35,NA,NA,NA,NA,NA,NA,NA,NA,NA,NA,NA,0.00,NA,NA,NA
2022-04-25 14:00:00,48.07,155.31,21.44,37.71,59.15,NA,NA,0.48,33.40,NA,NA,NA,NA,NA,NA,NA,NA,NA,NA,NA,0.00,NA,NA,NA
2022-04-25 15:00:00,51.29,170.59,19.88,35.37,55.24,NA,NA,0.45,32.90,NA,NA,NA,NA,NA,NA,NA,NA,NA,NA,NA,0.00,NA,NA,NA
2022-04-25 16:00:00,37.97,166.42,17.38,34.26,51.63,NA,NA,0.45,33.20,NA,NA,NA,NA,NA,NA,NA,NA,NA,NA,NA,0.00,NA,NA,NA
2022-04-25 17:00:00,47.18,176.74,11.34,33.69,45.02,NA,NA,0.46,33.03,NA,NA,NA,NA,NA,NA,NA,NA,NA,NA,NA,0.00,NA,NA,NA
2022-04-25 18:00:00,48.81,173.64,7.24,35.89,43.15,NA,NA,0.49,31.21,NA,NA,NA,NA,NA,NA,NA,NA,NA,NA,NA,0.00,NA,NA,NA
2022-04-25 19:00:00,51.41,174.06,6.83,37.04,43.86,NA,NA,0.51,29.27,NA,NA,NA,NA,NA,NA,NA,NA,NA,NA,NA,0.00,NA,NA,NA
2022-04-25 20:00:00,44.12,265.86,6.46,35.27,41.72,NA,NA,0.44,30.39,NA,NA,NA,NA,NA,NA,NA,NA,NA,NA,NA,0.00,NA,NA,NA
2022-04-25 21:00:00,38.20,536.94,6.38,35.51,41.90,NA,NA,0.39,35.68,NA,NA,NA,NA,NA,NA,NA,NA,NA,NA,NA,0.00,NA,NA,NA
2022-04-25 22:00:00,139.98,658.00,6.66,36.93,43.58,NA,NA,0.37,35.93,NA,NA,NA,NA,NA,NA,NA,NA,NA,NA,NA,0.00,NA,NA,NA
2022-04-25 23:00:00,96.00,635.47,7.82,37.00,44.82,NA,NA,0.33,30.36,NA,NA,NA,NA,NA,NA,NA,NA,NA,NA,NA,0.00,NA,NA,NA
2022-04-26 00:00:00,59.96,893.18,7.11,39.40,46.53,NA,NA,0.47,24.37,NA,NA,NA,NA,NA,NA,NA,NA,NA,NA,NA,0.00,NA,NA,NA
2022-04-26 01:00:00,11.43,310.26,6.99,38.69,45.67,NA,NA,0.54,25.35,NA,NA,NA,NA,NA,NA,NA,NA,NA,NA,NA,0.00,NA,NA,NA
2022-04-26 02:00:00,7.31,437.97,6.69,37.31,44.00,NA,NA,0.57,24.09,NA,NA,NA,NA,NA,NA,NA,NA,NA,NA,NA,0.00,NA,NA,NA
2022-04-26 03:00:00,0.51,255.46,6.47,38.74,45.21,NA,NA,0.57,24.14,NA,NA,NA,NA,NA,NA,NA,NA,NA,NA,NA,0.00,NA,NA,NA
2022-04-26 04:00:00,14.69,136.44,6.66,40.34,47.01,NA,NA,0.57,23.80,NA,NA,NA,NA,NA,NA,NA,NA,NA,NA,NA,0.00,NA,NA,NA
2022-04-26 05:00:00,27.15,140.78,6.40,40.11,46.50,NA,NA,0.55,24.37,NA,NA,NA,NA,NA,NA,NA,NA,NA,NA,NA,0.00,NA,NA,NA
2022-04-26 06:00:00,33.55,131.88,7.73,38.89,46.61,NA,NA,0.54,25.01,NA,NA,NA,NA,NA,NA,NA,NA,NA,NA,NA,0.00,NA,NA,NA
2022-04-26 07:00:00,26.57,121.61,11.35,39.08,50.44,NA,NA,0.54,25.51,NA,NA,NA,NA,NA,NA,NA,NA,NA,NA,NA,0.00,NA,NA,NA
2022-04-26 08:00:00,43.61,162.55,14.59,40.97,55.59,NA,NA,0.57,25.69,NA,NA,NA,NA,NA,NA,NA,NA,NA,NA,NA,0.00,NA,NA,NA
2022-04-26 09:00:00,70.32,257.91,17.03,42.74,59.77,NA,NA,0.55,26.18,NA,NA,NA,NA,NA,NA,NA,NA,NA,NA,NA,0.00,NA,NA,NA
2022-04-26 10:00:00,64.26,234.75,18.96,42.29,61.26,NA,NA,0.50,28.82,NA,NA,NA,NA,NA,NA,NA,NA,NA,NA,NA,0.00,NA,NA,NA
2022-04-26 11:00:00,40.20,207.26,20.29,39.30,59.57,NA,NA,0.46,30.19,NA,NA,NA,NA,NA,NA,NA,NA,NA,NA,NA,0.00,NA,NA,NA
2022-04-26 12:00:00,55.90,219.28,20.44,38.84,59.28,NA,NA,0.49,32.37,NA,NA,NA,NA,NA,NA,NA,NA,NA,NA,NA,0.00,NA,NA,NA
2022-04-26 13:00:00,75.66,274.21,20.86,37.44,58.30,NA,NA,0.50,34.13,NA,NA,NA,NA,NA,NA,NA,NA,NA,NA,NA,0.00,NA,NA,NA
2022-04-26 14:00:00,63.11,244.90,20.08,36.28,56.35,NA,NA,0.47,34.48,NA,NA,NA,NA,NA,NA,NA,NA,NA,NA,NA,0.00,NA,NA,NA
2022-04-26 15:00:00,56.18,267.53,18.02,34.97,52.99,NA,NA,0.42,31.96,NA,NA,NA,NA,NA,NA,NA,NA,NA,NA,NA,0.00,NA,NA,NA
2022-04-26 16:00:00,45.95,238.15,16.07,36.75,52.79,NA,NA,0.42,30.14,NA,NA,NA,NA,NA,NA,NA,NA,NA,NA,NA,0.00,NA,NA,NA
2022-04-26 17:00:00,48.05,252.08,11.86,35.55,47.39,NA,NA,0.42,30.65,NA,NA,NA,NA,NA,NA,NA,NA,NA,NA,NA,0.00,NA,NA,NA
2022-04-26 18:00:00,54.48,226.08,8.00,34.77,42.78,NA,NA,0.43,29.57,NA,NA,NA,NA,NA,NA,NA,NA,NA,NA,NA,0.00,NA,NA,NA
2022-04-26 19:00:00,61.49,220.47,6.57,34.49,41.06,NA,NA,0.46,27.76,NA,NA,NA,NA,NA,NA,NA,NA,NA,NA,NA,0.00,NA,NA,NA
2022-04-26 20:00:00,58.40,228.88,6.50,36.40,42.90,NA,NA,0.51,26.64,NA,NA,NA,NA,NA,NA,NA,NA,NA,NA,NA,0.00,NA,NA,NA
2022-04-26 21:00:00,67.97,296.28,6.56,40.21,46.77,NA,NA,0.66,24.93,NA,NA,NA,NA,NA,NA,NA,NA,NA,NA,NA,0.00,NA,NA,NA
2022-04-26 22:00:00,76.51,307.17,6.80,44.71,51.51,NA,NA,0.77,24.17,NA,NA,NA,NA,NA,NA,NA,NA,NA,NA,NA,0.00,NA,NA,NA
2022-04-26 23:00:00,99.41,301.48,7.92,49.64,57.55,NA,NA,1.00,22.77,NA,NA,NA,NA,NA,NA,NA,NA,NA,NA,NA,0.00,NA,NA,NA
2022-04-27 00:00:00,118.19,329.72,8.01,53.58,61.59,NA,NA,1.07,22.19,NA,NA,NA,NA,NA,NA,NA,NA,NA,NA,NA,0.00,NA,NA,NA
2022-04-27 01:00:00,118.35,306.76,10.22,59.75,69.97,NA,NA,1.01,19.65,NA,NA,NA,NA,NA,NA,NA,NA,NA,NA,NA,0.00,NA,NA,NA
2022-04-27 02:00:00,99.85,263.20,7.25,58.99,66.24,NA,NA,0.91,21.14,NA,NA,NA,NA,NA,NA,NA,NA,NA,NA,NA,0.00,NA,NA,NA
2022-04-27 03:00:00,94.88,262.49,6.69,53.83,60.52,NA,NA,0.89,22.88,NA,NA,NA,NA,NA,NA,NA,NA,NA,NA,NA,0.00,NA,NA,NA
2022-04-27 04:00:00,110.00,255.99,6.57,49.36,55.93,NA,NA,0.87,23.72,NA,NA,NA,NA,NA,NA,NA,NA,NA,NA,NA,0.00,NA,NA,NA
2022-04-27 05:00:00,124.60,301.73,6.58,47.24,53.82,NA,NA,0.89,24.22,NA,NA,NA,NA,NA,NA,NA,NA,NA,NA,NA,0.00,NA,NA,NA
2022-04-27 06:00:00,121.53,275.71,8.75,48.86,57.61,NA,NA,0.92,23.92,NA,NA,NA,NA,NA,NA,NA,NA,NA,NA,NA,0.00,NA,NA,NA
2022-04-27 07:00:00,100.62,255.18,13.89,53.72,67.60,NA,NA,0.98,22.72,NA,NA,NA,NA,NA,NA,NA,NA,NA,NA,NA,0.00,NA,NA,NA
2022-04-27 08:00:00,175.01,425.14,18.05,68.60,86.65,NA,NA,0.99,19.96,NA,NA,NA,NA,NA,NA,NA,NA,NA,NA,NA,0.00,NA,NA,NA
2022-04-27 09:00:00,180.59,422.37,18.35,76.06,94.41,NA,NA,0.90,20.63,NA,NA,NA,NA,NA,NA,NA,NA,NA,NA,NA,0.00,NA,NA,NA
2022-04-27 10:00:00,130.38,309.69,19.25,64.11,83.36,NA,NA,0.72,27.40,NA,NA,NA,NA,NA,NA,NA,NA,NA,NA,NA,0.00,NA,NA,NA
2022-04-27 11:00:00,80.65,209.67,19.98,52.25,72.23,NA,NA,0.64,31.59,NA,NA,NA,NA,NA,NA,NA,NA,NA,NA,NA,0.00,NA,NA,NA
2022-04-27 12:00:00,63.87,202.53,20.23,44.91,65.14,NA,NA,0.57,32.47,NA,NA,NA,NA,NA,NA,NA,NA,NA,NA,NA,0.00,NA,NA,NA
2022-04-27 13:00:00,49.24,162.71,20.14,40.81,60.95,NA,NA,0.52,32.59,NA,NA,NA,NA,NA,NA,NA,NA,NA,NA,NA,0.00,NA,NA,NA
2022-04-27 14:00:00,51.33,167.82,19.58,38.22,57.81,NA,NA,0.50,33.75,NA,NA,NA,NA,NA,NA,NA,NA,NA,NA,NA,0.00,NA,NA,NA
2022-04-27 15:00:00,48.50,149.29,19.41,36.43,55.84,NA,NA,0.46,34.93,NA,NA,NA,NA,NA,NA,NA,NA,NA,NA,NA,0.00,NA,NA,NA
2022-04-27 16:00:00,69.36,201.29,16.36,35.66,52.03,NA,NA,0.44,35.53,NA,NA,NA,NA,NA,NA,NA,NA,NA,NA,NA,0.00,NA,NA,NA
2022-04-27 17:00:00,66.82,177.33,12.09,36.87,48.97,NA,NA,0.46,33.98,NA,NA,NA,NA,NA,NA,NA,NA,NA,NA,NA,0.00,NA,NA,NA
2022-04-27 18:00:00,63.65,165.39,8.20,37.68,45.88,NA,NA,0.48,31.77,NA,NA,NA,NA,NA,NA,NA,NA,NA,NA,NA,0.00,NA,NA,NA
2022-04-27 19:00:00,67.26,156.18,6.58,39.41,45.99,NA,NA,0.53,29.48,NA,NA,NA,NA,NA,NA,NA,NA,NA,NA,NA,0.00,NA,NA,NA
2022-04-27 20:00:00,56.81,166.24,6.70,43.93,50.63,NA,NA,0.58,28.72,NA,NA,NA,NA,NA,NA,NA,NA,NA,NA,NA,0.00,NA,NA,NA
2022-04-27 21:00:00,80.56,216.14,6.74,48.55,55.29,NA,NA,0.65,26.24,NA,NA,NA,NA,NA,NA,NA,NA,NA,NA,NA,0.00,NA,NA,NA
2022-04-27 22:00:00,73.09,215.49,7.90,53.74,61.63,NA,NA,0.76,25.50,NA,NA,NA,NA,NA,NA,NA,NA,NA,NA,NA,0.00,NA,NA,NA
2022-04-27 23:00:00,113.93,266.73,7.53,55.82,63.36,NA,NA,0.87,23.07,NA,NA,NA,NA,NA,NA,NA,NA,NA,NA,NA,0.00,NA,NA,NA
2022-04-28 00:00:00,169.91,348.58,8.31,59.26,67.57,NA,NA,0.90,23.09,NA,NA,NA,NA,NA,NA,NA,NA,NA,NA,NA,0.00,NA,NA,NA
2022-04-28 01:00:00,165.97,339.84,7.73,62.44,70.18,NA,NA,0.95,21.69,NA,NA,NA,NA,NA,NA,NA,NA,NA,NA,NA,0.00,NA,NA,NA
2022-04-28 02:00:00,172.26,395.17,7.26,60.87,68.13,NA,NA,1.02,22.53,NA,NA,NA,NA,NA,NA,NA,NA,NA,NA,NA,0.00,NA,NA,NA
2022-04-28 03:00:00,222.06,432.29,8.82,62.31,71.13,NA,NA,1.12,21.33,NA,NA,NA,NA,NA,NA,NA,NA,NA,NA,NA,0.00,NA,NA,NA
2022-04-28 04:00:00,233.24,461.22,8.36,64.84,73.20,NA,NA,0.98,21.42,NA,NA,NA,NA,NA,NA,NA,NA,NA,NA,NA,0.00,NA,NA,NA
2022-04-28 05:00:00,183.01,365.74,7.45,64.50,71.94,NA,NA,0.91,21.54,NA,NA,NA,NA,NA,NA,NA,NA,NA,NA,NA,0.00,NA,NA,NA
2022-04-28 06:00:00,157.57,332.88,9.42,62.17,71.58,NA,NA,0.91,22.36,NA,NA,NA,NA,NA,NA,NA,NA,NA,NA,NA,0.00,NA,NA,NA
2022-04-28 07:00:00,152.94,326.47,15.06,68.49,83.55,NA,NA,0.94,20.08,NA,NA,NA,NA,NA,NA,NA,NA,NA,NA,NA,0.00,NA,NA,NA
2022-04-28 08:00:00,136.82,339.23,16.84,72.50,89.33,NA,NA,0.90,19.19,NA,NA,NA,NA,NA,NA,NA,NA,NA,NA,NA,0.00,NA,NA,NA
2022-04-28 09:00:00,119.19,316.08,18.03,72.40,90.43,NA,NA,0.84,21.03,NA,NA,NA,NA,NA,NA,NA,NA,NA,NA,NA,0.00,NA,NA,NA
2022-04-28 10:00:00,223.34,260.40,19.55,63.13,82.69,NA,NA,0.74,25.86,NA,NA,NA,NA,NA,NA,NA,NA,NA,NA,NA,0.00,NA,NA,NA
2022-04-28 11:00:00,122.44,209.68,20.98,54.75,75.73,NA,NA,0.66,30.33,NA,NA,NA,NA,NA,NA,NA,NA,NA,NA,NA,0.00,NA,NA,NA
2022-04-28 12:00:00,100.90,218.69,21.38,49.59,70.97,NA,NA,0.58,32.86,NA,NA,NA,NA,NA,NA,NA,NA,NA,NA,NA,0.00,NA,NA,NA
2022-04-28 13:00:00,81.18,178.55,21.26,45.98,67.24,NA,NA,0.56,33.33,NA,NA,NA,NA,NA,NA,NA,NA,NA,NA,NA,0.00,NA,NA,NA
2022-04-28 14:00:00,64.70,166.29,20.51,44.13,64.64,NA,NA,0.52,32.81,NA,NA,NA,NA,NA,NA,NA,NA,NA,NA,NA,0.00,NA,NA,NA
2022-04-28 15:00:00,57.41,143.30,19.03,40.54,59.56,NA,NA,0.48,31.62,NA,NA,NA,NA,NA,NA,NA,NA,NA,NA,NA,0.00,NA,NA,NA
2022-04-28 16:00:00,50.14,113.43,16.57,36.28,52.86,NA,NA,0.46,31.12,NA,NA,NA,NA,NA,NA,NA,NA,NA,NA,NA,0.00,NA,NA,NA
2022-04-28 17:00:00,47.34,150.52,12.32,36.89,49.22,NA,NA,0.47,30.20,NA,NA,NA,NA,NA,NA,NA,NA,NA,NA,NA,0.00,NA,NA,NA
2022-04-28 18:00:00,50.29,163.01,8.23,40.96,49.19,NA,NA,0.50,27.73,NA,NA,NA,NA,NA,NA,NA,NA,NA,NA,NA,0.00,NA,NA,NA
2022-04-28 19:00:00,52.55,154.57,6.90,50.23,57.13,NA,NA,0.58,24.49,NA,NA,NA,NA,NA,NA,NA,NA,NA,NA,NA,0.00,NA,NA,NA
2022-04-28 20:00:00,49.03,152.25,6.80,52.31,59.12,NA,NA,0.62,24.10,NA,NA,NA,NA,NA,NA,NA,NA,NA,NA,NA,0.00,NA,NA,NA
2022-04-28 21:00:00,47.49,167.25,8.09,55.91,63.99,NA,NA,0.73,22.46,NA,NA,NA,NA,NA,NA,NA,NA,NA,NA,NA,0.00,NA,NA,NA
2022-04-28 22:00:00,68.69,195.04,7.25,56.27,63.53,NA,NA,0.72,22.43,NA,NA,NA,NA,NA,NA,NA,NA,NA,NA,NA,0.00,NA,NA,NA
2022-04-28 23:00:00,75.89,202.14,8.34,56.93,65.26,NA,NA,0.74,22.13,NA,NA,NA,NA,NA,NA,NA,NA,NA,NA,NA,0.00,NA,NA,NA
2022-04-29 00:00:00,79.86,213.23,8.55,58.06,66.61,NA,NA,0.74,20.67,NA,NA,NA,NA,NA,NA,NA,NA,NA,NA,NA,0.00,NA,NA,NA
2022-04-29 01:00:00,92.28,238.43,8.90,60.07,68.97,NA,NA,0.75,22.22,NA,NA,NA,NA,NA,NA,NA,NA,NA,NA,NA,0.00,NA,NA,NA
2022-04-29 02:00:00,98.66,227.82,9.97,63.20,73.17,NA,NA,0.78,19.12,NA,NA,NA,NA,NA,NA,NA,NA,NA,NA,NA,0.00,NA,NA,NA
2022-04-29 03:00:00,72.32,182.26,10.75,66.50,77.25,NA,NA,0.74,18.40,NA,NA,NA,NA,NA,NA,NA,NA,NA,NA,NA,0.00,NA,NA,NA
2022-04-29 04:00:00,56.17,169.43,9.95,68.17,78.12,NA,NA,0.69,17.89,NA,NA,NA,NA,NA,NA,NA,NA,NA,NA,NA,0.00,NA,NA,NA
2022-04-29 05:00:00,53.84,142.17,9.45,66.86,76.31,NA,NA,0.66,18.73,NA,NA,NA,NA,NA,NA,NA,NA,NA,NA,NA,0.00,NA,NA,NA
2022-04-29 06:00:00,54.64,166.56,11.69,67.10,78.78,NA,NA,0.66,19.63,NA,NA,NA,NA,NA,NA,NA,NA,NA,NA,NA,0.00,NA,NA,NA
2022-04-29 07:00:00,54.64,181.97,14.45,67.90,82.34,NA,NA,0.64,18.91,NA,NA,NA,NA,NA,NA,NA,NA,NA,NA,NA,0.00,NA,NA,NA
2022-04-29 08:00:00,59.43,174.48,15.58,62.97,78.55,NA,NA,0.59,20.76,NA,NA,NA,NA,NA,NA,NA,NA,NA,NA,NA,0.00,NA,NA,NA
2022-04-29 09:00:00,40.26,157.25,17.87,56.82,74.69,NA,NA,0.56,23.80,NA,NA,NA,NA,NA,NA,NA,NA,NA,NA,NA,0.00,NA,NA,NA
2022-04-29 10:00:00,56.16,186.57,20.03,53.73,73.76,NA,NA,0.53,24.92,NA,NA,NA,NA,NA,NA,NA,NA,NA,NA,NA,0.00,NA,NA,NA
2022-04-29 11:00:00,50.45,216.43,21.97,52.62,74.58,NA,NA,0.49,27.60,NA,NA,NA,NA,NA,NA,NA,NA,NA,NA,NA,0.00,NA,NA,NA
2022-04-29 12:00:00,70.33,225.08,21.51,48.26,69.77,NA,NA,0.48,30.78,NA,NA,NA,NA,NA,NA,NA,NA,NA,NA,NA,0.00,NA,NA,NA
2022-04-29 13:00:00,67.25,263.26,21.45,42.16,63.61,NA,NA,0.46,33.11,NA,NA,NA,NA,NA,NA,NA,NA,NA,NA,NA,0.00,NA,NA,NA
2022-04-29 14:00:00,65.81,186.41,21.08,40.20,61.29,NA,NA,0.43,33.15,NA,NA,NA,NA,NA,NA,NA,NA,NA,NA,NA,0.00,NA,NA,NA
2022-04-29 15:00:00,58.55,172.41,19.09,35.75,54.84,NA,NA,0.41,32.38,NA,NA,NA,NA,NA,NA,NA,NA,NA,NA,NA,0.00,NA,NA,NA
2022-04-29 16:00:00,55.15,205.69,16.88,35.29,52.18,NA,NA,0.40,31.12,NA,NA,NA,NA,NA,NA,NA,NA,NA,NA,NA,0.00,NA,NA,NA
2022-04-29 17:00:00,34.49,164.02,12.89,36.77,49.66,NA,NA,0.40,29.47,NA,NA,NA,NA,NA,NA,NA,NA,NA,NA,NA,0.00,NA,NA,NA
2022-04-29 18:00:00,41.96,135.42,8.54,42.11,50.66,NA,NA,0.42,27.47,NA,NA,NA,NA,NA,NA,NA,NA,NA,NA,NA,0.00,NA,NA,NA
2022-04-29 19:00:00,33.69,138.95,6.69,44.05,50.74,NA,NA,0.47,25.44,NA,NA,NA,NA,NA,NA,NA,NA,NA,NA,NA,0.00,NA,NA,NA
2022-04-29 20:00:00,40.95,145.01,7.56,49.46,57.02,NA,NA,0.60,23.36,NA,NA,NA,NA,NA,NA,NA,NA,NA,NA,NA,0.00,NA,NA,NA
2022-04-29 21:00:00,58.71,173.94,8.68,55.95,64.62,NA,NA,0.71,21.89,NA,NA,NA,NA,NA,NA,NA,NA,NA,NA,NA,0.00,NA,NA,NA
2022-04-29 22:00:00,72.79,197.51,8.61,59.29,67.90,NA,NA,0.74,20.75,NA,NA,NA,NA,NA,NA,NA,NA,NA,NA,NA,0.00,NA,NA,NA
2022-04-29 23:00:00,78.53,163.81,7.64,59.40,67.04,NA,NA,0.69,21.13,NA,NA,NA,NA,NA,NA,NA,NA,NA,NA,NA,0.00,NA,NA,NA
2022-04-30 00:00:00,86.57,201.48,7.33,56.27,63.60,NA,NA,0.67,22.65,NA,NA,NA,NA,NA,NA,NA,NA,NA,NA,NA,0.00,NA,NA,NA
2022-04-30 01:00:00,67.41,203.90,7.31,54.78,62.10,NA,NA,0.66,22.80,NA,NA,NA,NA,NA,NA,NA,NA,NA,NA,NA,0.00,NA,NA,NA
2022-04-30 02:00:00,77.88,196.65,7.76,54.83,62.58,NA,NA,0.64,22.92,NA,NA,NA,NA,NA,NA,NA,NA,NA,NA,NA,0.00,NA,NA,NA
2022-04-30 03:00:00,64.25,178.89,8.03,55.71,63.75,NA,NA,0.64,22.05,NA,NA,NA,NA,NA,NA,NA,NA,NA,NA,NA,0.00,NA,NA,NA
2022-04-30 04:00:00,65.49,197.43,7.73,55.27,63.00,NA,NA,0.63,22.29,NA,NA,NA,NA,NA,NA,NA,NA,NA,NA,NA,0.00,NA,NA,NA
2022-04-30 05:00:00,86.53,272.13,8.84,56.69,65.53,NA,NA,0.62,22.05,NA,NA,NA,NA,NA,NA,NA,NA,NA,NA,NA,0.00,NA,NA,NA
2022-04-30 06:00:00,94.67,206.95,10.70,61.35,72.05,NA,NA,0.62,21.43,NA,NA,NA,NA,NA,NA,NA,NA,NA,NA,NA,0.00,NA,NA,NA
2022-04-30 07:00:00,79.07,228.31,16.33,68.60,84.92,NA,NA,0.62,22.09,NA,NA,NA,NA,NA,NA,NA,NA,NA,NA,NA,0.00,NA,NA,NA
2022-04-30 08:00:00,105.29,279.65,17.74,69.99,87.72,NA,NA,0.63,20.00,NA,NA,NA,NA,NA,NA,NA,NA,NA,NA,NA,0.00,NA,NA,NA
2022-04-30 09:00:00,72.29,232.98,19.46,63.04,82.50,NA,NA,0.58,25.06,NA,NA,NA,NA,NA,NA,NA,NA,NA,NA,NA,0.00,NA,NA,NA
2022-04-30 10:00:00,111.31,229.12,20.60,56.66,77.26,NA,NA,0.59,29.26,NA,NA,NA,NA,NA,NA,NA,NA,NA,NA,NA,0.00,NA,NA,NA
2022-04-30 11:00:00,115.88,158.26,21.43,50.61,72.04,NA,NA,0.53,30.50,NA,NA,NA,NA,NA,NA,NA,NA,NA,NA,NA,0.00,NA,NA,NA
2022-04-30 12:00:00,95.50,144.02,21.89,45.14,67.03,NA,NA,0.49,31.55,NA,NA,NA,NA,NA,NA,NA,NA,NA,NA,NA,0.00,NA,NA,NA
2022-04-30 13:00:00,71.06,121.71,21.78,42.38,64.16,NA,NA,0.45,30.91,NA,NA,NA,NA,NA,NA,NA,NA,NA,NA,NA,0.00,NA,NA,NA
2022-04-30 14:00:00,31.31,133.38,21.04,40.03,61.07,NA,NA,0.43,29.52,NA,NA,NA,NA,NA,NA,NA,NA,NA,NA,NA,0.00,NA,NA,NA
2022-04-30 15:00:00,45.10,125.47,20.08,38.59,58.67,NA,NA,0.40,28.84,NA,NA,NA,NA,NA,NA,NA,NA,NA,NA,NA,0.00,NA,NA,NA
2022-04-30 16:00:00,47.37,120.85,20.46,42.96,63.42,NA,NA,0.35,29.53,NA,NA,NA,NA,NA,NA,NA,NA,NA,NA,NA,0.00,NA,NA,NA
2022-04-30 17:00:00,89.87,178.78,16.22,40.75,56.98,NA,NA,0.29,24.69,NA,NA,NA,NA,NA,NA,NA,NA,NA,NA,NA,0.00,NA,NA,NA
2022-04-30 18:00:00,61.53,114.02,9.63,38.84,48.48,NA,NA,0.33,23.67,NA,NA,NA,NA,NA,NA,NA,NA,NA,NA,NA,0.00,NA,NA,NA
2022-04-30 19:00:00,19.00,55.35,6.91,43.35,50.26,NA,NA,0.42,22.45,NA,NA,NA,NA,NA,NA,NA,NA,NA,NA,NA,0.00,NA,NA,NA
2022-04-30 20:00:00,4.96,40.91,6.61,47.83,54.45,NA,NA,0.46,22.86,NA,NA,NA,NA,NA,NA,NA,NA,NA,NA,NA,0.00,NA,NA,NA
2022-04-30 21:00:00,13.31,76.53,6.56,46.26,52.82,NA,NA,0.47,22.65,NA,NA,NA,NA,NA,NA,NA,NA,NA,NA,NA,0.00,NA,NA,NA
2022-04-30 22:00:00,18.12,85.25,6.90,48.95,55.85,NA,NA,0.51,22.94,NA,NA,NA,NA,NA,NA,NA,NA,NA,NA,NA,0.00,NA,NA,NA
2022-04-30 23:00:00,30.22,84.25,7.32,51.31,58.63,NA,NA,0.52,22.74,NA,NA,NA,NA,NA,NA,NA,NA,NA,NA,NA,0.00,NA,NA,NA
2022-05-01 00:00:00,31.25,108.28,8.28,54.91,63.19,NA,NA,0.51,21.25,NA,NA,NA,NA,NA,NA,NA,NA,NA,NA,NA,0.00,NA,NA,NA
2022-05-01 01:00:00,38.05,148.87,6.62,53.26,59.88,NA,NA,0.50,22.22,NA,NA,NA,NA,NA,NA,NA,NA,NA,NA,NA,0.00,NA,NA,NA
2022-05-01 02:00:00,53.85,165.51,6.60,50.36,56.96,NA,NA,0.56,23.39,NA,NA,NA,NA,NA,NA,NA,NA,NA,NA,NA,0.00,NA,NA,NA
2022-05-01 03:00:00,63.24,172.93,6.84,49.51,56.34,NA,NA,0.62,23.30,NA,NA,NA,NA,NA,NA,NA,NA,NA,NA,NA,0.00,NA,NA,NA
2022-05-01 04:00:00,123.03,283.83,6.45,45.67,52.12,NA,NA,0.64,26.47,NA,NA,NA,NA,NA,NA,NA,NA,NA,NA,NA,0.00,NA,NA,NA
2022-05-01 05:00:00,114.54,355.14,6.44,40.20,46.63,NA,NA,0.61,29.11,NA,NA,NA,NA,NA,NA,NA,NA,NA,NA,NA,0.00,NA,NA,NA
2022-05-01 06:00:00,85.17,275.08,7.60,37.37,44.96,NA,NA,0.61,31.42,NA,NA,NA,NA,NA,NA,NA,NA,NA,NA,NA,0.00,NA,NA,NA
2022-05-01 07:00:00,69.62,269.61,10.98,36.36,47.35,NA,NA,0.56,31.60,NA,NA,NA,NA,NA,NA,NA,NA,NA,NA,NA,0.00,NA,NA,NA
2022-05-01 08:00:00,69.35,261.29,12.67,34.85,47.51,NA,NA,0.57,31.35,NA,NA,NA,NA,NA,NA,NA,NA,NA,NA,NA,0.00,NA,NA,NA
2022-05-01 09:00:00,60.77,204.67,16.26,35.57,51.82,NA,NA,0.56,32.67,NA,NA,NA,NA,NA,NA,NA,NA,NA,NA,NA,0.00,NA,NA,NA
2022-05-01 10:00:00,74.17,235.69,17.33,34.46,51.79,NA,NA,0.55,33.67,NA,NA,NA,NA,NA,NA,NA,NA,NA,NA,NA,0.00,NA,NA,NA
2022-05-01 11:00:00,67.29,294.80,18.99,33.27,52.25,NA,NA,0.54,32.96,NA,NA,NA,NA,NA,NA,NA,NA,NA,NA,NA,0.00,NA,NA,NA
2022-05-01 12:00:00,69.27,290.75,18.99,31.97,50.96,NA,NA,0.53,34.02,NA,NA,NA,NA,NA,NA,NA,NA,NA,NA,NA,0.00,NA,NA,NA
2022-05-01 13:00:00,78.56,248.79,19.41,31.14,50.55,NA,NA,0.51,33.67,NA,NA,NA,NA,NA,NA,NA,NA,NA,NA,NA,0.00,NA,NA,NA
2022-05-01 14:00:00,66.13,268.20,18.76,30.44,49.20,NA,NA,0.50,34.28,NA,NA,NA,NA,NA,NA,NA,NA,NA,NA,NA,0.00,NA,NA,NA
2022-05-01 15:00:00,66.48,267.29,17.57,29.87,47.44,NA,NA,0.47,35.55,NA,NA,NA,NA,NA,NA,NA,NA,NA,NA,NA,0.00,NA,NA,NA
2022-05-01 16:00:00,58.46,283.91,15.28,29.77,45.05,NA,NA,0.47,33.45,NA,NA,NA,NA,NA,NA,NA,NA,NA,NA,NA,0.00,NA,NA,NA
2022-05-01 17:00:00,57.28,234.15,11.06,29.38,40.44,NA,NA,0.47,32.24,NA,NA,NA,NA,NA,NA,NA,NA,NA,NA,NA,0.00,NA,NA,NA
2022-05-01 18:00:00,48.15,330.08,7.75,29.66,37.42,NA,NA,0.45,30.50,NA,NA,NA,NA,NA,NA,NA,NA,NA,NA,NA,0.00,NA,NA,NA
2022-05-01 19:00:00,36.31,166.81,6.52,32.03,38.55,NA,NA,0.43,27.61,NA,NA,NA,NA,NA,NA,NA,NA,NA,NA,NA,0.00,NA,NA,NA
2022-05-01 20:00:00,17.98,120.92,6.51,34.84,41.36,NA,NA,0.43,25.10,NA,NA,NA,NA,NA,NA,NA,NA,NA,NA,NA,0.00,NA,NA,NA
2022-05-01 21:00:00,36.29,143.61,6.41,36.18,42.59,NA,NA,0.47,24.83,NA,NA,NA,NA,NA,NA,NA,NA,NA,NA,NA,0.00,NA,NA,NA
2022-05-01 22:00:00,47.62,149.86,6.50,36.68,43.18,NA,NA,0.51,24.21,NA,NA,NA,NA,NA,NA,NA,NA,NA,NA,NA,0.00,NA,NA,NA
2022-05-01 23:00:00,42.89,156.39,6.41,36.88,43.29,NA,NA,0.51,24.54,NA,NA,NA,NA,NA,NA,NA,NA,NA,NA,NA,0.00,NA,NA,NA
2022-05-02 00:00:00,35.52,146.92,6.43,36.39,42.83,NA,NA,0.51,24.66,NA,NA,NA,NA,NA,NA,NA,NA,NA,NA,NA,0.00,NA,NA,NA
2022-05-02 01:00:00,57.78,229.08,6.48,36.50,42.98,NA,NA,0.58,23.65,NA,NA,NA,NA,NA,NA,NA,NA,NA,NA,NA,0.00,NA,NA,NA
2022-05-02 02:00:00,79.02,258.64,6.34,35.87,42.21,NA,NA,0.60,23.82,NA,NA,NA,NA,NA,NA,NA,NA,NA,NA,NA,0.00,NA,NA,NA
2022-05-02 03:00:00,68.81,204.78,6.37,35.18,41.55,NA,NA,0.59,24.79,NA,NA,NA,NA,NA,NA,NA,NA,NA,NA,NA,0.00,NA,NA,NA
2022-05-02 04:00:00,70.86,234.87,6.42,34.34,40.76,NA,NA,0.59,24.68,NA,NA,NA,NA,NA,NA,NA,NA,NA,NA,NA,0.00,NA,NA,NA
2022-05-02 05:00:00,66.65,229.49,6.46,33.65,40.10,NA,NA,0.59,23.94,NA,NA,NA,NA,NA,NA,NA,NA,NA,NA,NA,0.00,NA,NA,NA
2022-05-02 06:00:00,81.05,238.24,7.63,33.51,41.13,NA,NA,0.61,24.49,NA,NA,NA,NA,NA,NA,NA,NA,NA,NA,NA,0.00,NA,NA,NA
2022-05-02 07:00:00,69.69,193.64,10.65,33.08,43.73,NA,NA,0.60,26.70,NA,NA,NA,NA,NA,NA,NA,NA,NA,NA,NA,0.00,NA,NA,NA
2022-05-02 08:00:00,70.55,216.23,13.76,32.70,46.46,NA,NA,0.58,28.25,NA,NA,NA,NA,NA,NA,NA,NA,NA,NA,NA,0.00,NA,NA,NA
2022-05-02 09:00:00,67.61,215.50,16.11,32.03,48.14,NA,NA,0.57,28.56,NA,NA,NA,NA,NA,NA,NA,NA,NA,NA,NA,0.00,NA,NA,NA
2022-05-02 10:00:00,71.56,229.69,18.26,30.81,49.07,NA,NA,0.53,30.22,NA,NA,NA,NA,NA,NA,NA,NA,NA,NA,NA,0.00,NA,NA,NA
2022-05-02 11:00:00,60.81,213.76,19.43,29.81,49.24,NA,NA,0.48,28.92,NA,NA,NA,NA,NA,NA,NA,NA,NA,NA,NA,0.00,NA,NA,NA
2022-05-02 12:00:00,59.28,235.87,19.89,30.07,49.97,NA,NA,0.44,27.91,NA,NA,NA,NA,NA,NA,NA,NA,NA,NA,NA,0.00,NA,NA,NA
2022-05-02 13:00:00,51.91,243.03,19.77,30.85,50.61,NA,NA,0.42,27.31,NA,NA,NA,NA,NA,NA,NA,NA,NA,NA,NA,0.00,NA,NA,NA
2022-05-02 14:00:00,49.28,228.92,18.96,31.56,50.52,NA,NA,0.42,27.92,NA,NA,NA,NA,NA,NA,NA,NA,NA,NA,NA,0.00,NA,NA,NA
2022-05-02 15:00:00,51.77,239.72,17.96,32.95,50.91,NA,NA,0.43,29.79,NA,NA,NA,NA,NA,NA,NA,NA,NA,NA,NA,0.00,NA,NA,NA
2022-05-02 16:00:00,63.22,235.21,15.63,31.17,46.80,NA,NA,0.42,33.56,NA,NA,NA,NA,NA,NA,NA,NA,NA,NA,NA,0.00,NA,NA,NA
2022-05-02 17:00:00,58.02,233.95,11.76,29.49,41.24,NA,NA,0.43,33.38,NA,NA,NA,NA,NA,NA,NA,NA,NA,NA,NA,0.00,NA,NA,NA
2022-05-02 18:00:00,53.47,217.00,7.68,29.15,36.83,NA,NA,0.46,31.82,NA,NA,NA,NA,NA,NA,NA,NA,NA,NA,NA,0.00,NA,NA,NA
2022-05-02 19:00:00,57.41,220.25,6.36,30.64,37.00,NA,NA,0.51,29.77,NA,NA,NA,NA,NA,NA,NA,NA,NA,NA,NA,0.00,NA,NA,NA
2022-05-02 20:00:00,69.17,261.24,6.39,32.45,38.84,NA,NA,0.55,27.92,NA,NA,NA,NA,NA,NA,NA,NA,NA,NA,NA,0.00,NA,NA,NA
2022-05-02 21:00:00,65.98,207.12,6.49,31.90,38.39,NA,NA,0.56,26.30,NA,NA,NA,NA,NA,NA,NA,NA,NA,NA,NA,0.00,NA,NA,NA
2022-05-02 22:00:00,77.12,191.01,6.39,33.10,39.50,NA,NA,0.55,26.30,NA,NA,NA,NA,NA,NA,NA,NA,NA,NA,NA,0.00,NA,NA,NA
2022-05-02 23:00:00,55.21,159.27,6.36,31.37,37.73,NA,NA,0.53,26.72,NA,NA,NA,NA,NA,NA,NA,NA,NA,NA,NA,0.00,NA,NA,NA
2022-05-03 00:00:00,64.37,210.81,6.38,31.47,37.85,NA,NA,0.54,27.62,NA,NA,NA,NA,NA,NA,NA,NA,NA,NA,NA,0.00,NA,NA,NA
2022-05-03 01:00:00,61.70,173.44,6.39,31.89,38.28,NA,NA,0.54,26.46,NA,NA,NA,NA,NA,NA,NA,NA,NA,NA,NA,0.00,NA,NA,NA
2022-05-03 02:00:00,62.48,169.30,6.43,31.43,37.86,NA,NA,0.55,25.47,NA,NA,NA,NA,NA,NA,NA,NA,NA,NA,NA,0.00,NA,NA,NA
2022-05-03 03:00:00,65.36,152.44,6.47,31.53,38.00,NA,NA,0.55,24.80,NA,NA,NA,NA,NA,NA,NA,NA,NA,NA,NA,0.00,NA,NA,NA
2022-05-03 04:00:00,68.96,152.37,6.54,31.18,37.72,NA,NA,0.55,24.13,NA,NA,NA,NA,NA,NA,NA,NA,NA,NA,NA,0.00,NA,NA,NA
2022-05-03 05:00:00,68.52,202.12,6.82,30.94,37.76,NA,NA,0.56,22.82,NA,NA,NA,NA,NA,NA,NA,NA,NA,NA,NA,0.00,NA,NA,NA
2022-05-03 06:00:00,66.68,189.85,7.73,31.28,39.01,NA,NA,0.58,22.39,NA,NA,NA,NA,NA,NA,NA,NA,NA,NA,NA,0.00,NA,NA,NA
2022-05-03 07:00:00,74.36,180.40,10.33,32.16,42.50,NA,NA,0.58,23.64,NA,NA,NA,NA,NA,NA,NA,NA,NA,NA,NA,0.00,NA,NA,NA
2022-05-03 08:00:00,76.97,184.61,13.72,30.90,44.63,NA,NA,0.58,26.62,NA,NA,NA,NA,NA,NA,NA,NA,NA,NA,NA,0.00,NA,NA,NA
2022-05-03 09:00:00,76.43,177.81,16.45,30.46,46.92,NA,NA,0.59,26.53,NA,NA,NA,NA,NA,NA,NA,NA,NA,NA,NA,0.00,NA,NA,NA
2022-05-03 10:00:00,82.76,299.20,18.46,31.00,49.47,NA,NA,0.58,26.72,NA,NA,NA,NA,NA,NA,NA,NA,NA,NA,NA,0.00,NA,NA,NA
2022-05-03 11:00:00,87.77,419.30,20.05,31.57,51.62,NA,NA,0.56,26.54,NA,NA,NA,NA,NA,NA,NA,NA,NA,NA,NA,0.00,NA,NA,NA
2022-05-03 12:00:00,105.22,398.85,20.94,32.77,53.72,NA,NA,0.55,28.98,NA,NA,NA,NA,NA,NA,NA,NA,NA,NA,NA,0.00,NA,NA,NA
2022-05-03 13:00:00,94.25,424.02,20.42,32.91,53.32,NA,NA,0.53,31.00,NA,NA,NA,NA,NA,NA,NA,NA,NA,NA,NA,0.00,NA,NA,NA
2022-05-03 14:00:00,99.94,443.35,18.81,32.97,51.78,NA,NA,0.54,33.32,NA,NA,NA,NA,NA,NA,NA,NA,NA,NA,NA,0.00,NA,NA,NA
2022-05-03 15:00:00,107.11,457.63,16.98,33.41,50.40,NA,NA,0.56,34.38,NA,NA,NA,NA,NA,NA,NA,NA,NA,NA,NA,0.00,NA,NA,NA
2022-05-03 16:00:00,105.64,444.22,13.94,33.51,47.44,NA,NA,0.58,33.83,NA,NA,NA,NA,NA,NA,NA,NA,NA,NA,NA,0.00,NA,NA,NA
2022-05-03 17:00:00,106.00,403.78,10.70,33.53,44.18,NA,NA,0.61,33.37,NA,NA,NA,NA,NA,NA,NA,NA,NA,NA,NA,0.00,NA,NA,NA
2022-05-03 18:00:00,111.96,411.00,7.67,34.02,41.69,NA,NA,0.65,31.66,NA,NA,NA,NA,NA,NA,NA,NA,NA,NA,NA,0.00,NA,NA,NA
2022-05-03 19:00:00,110.07,419.87,6.56,34.65,41.20,NA,NA,0.63,28.83,NA,NA,NA,NA,NA,NA,NA,NA,NA,NA,NA,0.00,NA,NA,NA
2022-05-03 20:00:00,104.81,390.90,6.62,35.39,42.01,NA,NA,0.65,26.29,NA,NA,NA,NA,NA,NA,NA,NA,NA,NA,NA,0.00,NA,NA,NA
2022-05-03 21:00:00,107.20,363.41,6.60,36.47,43.08,NA,NA,0.68,25.42,NA,NA,NA,NA,NA,NA,NA,NA,NA,NA,NA,0.00,NA,NA,NA
2022-05-03 22:00:00,98.65,320.98,6.57,35.92,42.50,NA,NA,0.67,25.39,NA,NA,NA,NA,NA,NA,NA,NA,NA,NA,NA,0.00,NA,NA,NA
2022-05-03 23:00:00,92.47,304.58,6.79,34.80,41.58,NA,NA,0.68,24.10,NA,NA,NA,NA,NA,NA,NA,NA,NA,NA,NA,0.00,NA,NA,NA
2022-05-04 00:00:00,83.59,262.91,6.76,34.94,41.71,NA,NA,0.66,24.94,NA,NA,NA,NA,NA,NA,NA,NA,NA,NA,NA,0.00,NA,NA,NA
2022-05-04 01:00:00,72.52,241.87,6.85,34.90,41.77,NA,NA,0.65,24.49,NA,NA,NA,NA,NA,NA,NA,NA,NA,NA,NA,0.00,NA,NA,NA
2022-05-04 02:00:00,76.18,196.23,6.70,35.21,41.91,NA,NA,0.65,24.30,NA,NA,NA,NA,NA,NA,NA,NA,NA,NA,NA,0.00,NA,NA,NA
2022-05-04 03:00:00,73.51,187.88,6.60,34.37,40.96,NA,NA,0.63,24.83,NA,NA,NA,NA,NA,NA,NA,NA,NA,NA,NA,0.00,NA,NA,NA
2022-05-04 04:00:00,83.29,181.51,6.61,34.28,40.89,NA,NA,0.65,23.82,NA,NA,NA,NA,NA,NA,NA,NA,NA,NA,NA,0.00,NA,NA,NA
2022-05-04 05:00:00,88.78,183.77,6.86,34.18,41.04,NA,NA,0.67,23.45,NA,NA,NA,NA,NA,NA,NA,NA,NA,NA,NA,0.00,NA,NA,NA
2022-05-04 06:00:00,85.57,182.74,7.95,33.50,41.47,NA,NA,0.70,23.83,NA,NA,NA,NA,NA,NA,NA,NA,NA,NA,NA,0.00,NA,NA,NA
2022-05-04 07:00:00,91.36,215.04,11.33,34.44,45.76,NA,NA,0.76,23.16,NA,NA,NA,NA,NA,NA,NA,NA,NA,NA,NA,0.00,NA,NA,NA
2022-05-04 08:00:00,99.44,263.27,14.34,33.37,47.72,NA,NA,0.75,24.51,NA,NA,NA,NA,NA,NA,NA,NA,NA,NA,NA,0.00,NA,NA,NA
2022-05-04 09:00:00,99.06,274.75,16.73,32.59,49.32,NA,NA,0.74,25.51,NA,NA,NA,NA,NA,NA,NA,NA,NA,NA,NA,0.00,NA,NA,NA
2022-05-04 10:00:00,89.35,244.48,18.86,32.84,51.70,NA,NA,0.72,27.89,NA,NA,NA,NA,NA,NA,NA,NA,NA,NA,NA,0.00,NA,NA,NA
2022-05-04 11:00:00,90.43,246.91,99.89,37.71,134.87,NA,NA,0.68,68.99,NA,NA,NA,NA,NA,NA,NA,NA,NA,NA,NA,0.00,NA,NA,NA
2022-05-04 12:00:00,96.50,318.39,84.87,44.68,128.90,NA,NA,0.61,96.12,NA,NA,NA,NA,NA,NA,NA,NA,NA,NA,NA,0.00,NA,NA,NA
2022-05-04 13:00:00,87.75,247.88,88.39,44.69,133.10,NA,NA,0.40,70.99,NA,NA,NA,NA,NA,NA,NA,NA,NA,NA,NA,0.00,NA,NA,NA
2022-05-04 14:00:00,40.95,200.60,96.36,52.83,149.10,NA,NA,0.41,85.49,NA,NA,NA,NA,NA,NA,NA,NA,NA,NA,NA,0.00,NA,NA,NA
2022-05-04 15:00:00,54.75,257.00,18.99,30.08,49.06,NA,NA,0.40,64.77,NA,NA,NA,NA,NA,NA,NA,NA,NA,NA,NA,0.00,NA,NA,NA
2022-05-04 16:00:00,42.59,210.30,14.04,28.22,42.25,NA,NA,0.40,43.46,NA,NA,NA,NA,NA,NA,NA,NA,NA,NA,NA,0.00,NA,NA,NA
2022-05-04 17:00:00,53.50,230.28,9.06,27.63,36.69,NA,NA,0.44,37.36,NA,NA,NA,NA,NA,NA,NA,NA,NA,NA,NA,0.00,NA,NA,NA
2022-05-04 18:00:00,57.32,180.89,6.80,28.45,35.25,NA,NA,0.43,30.40,NA,NA,NA,NA,NA,NA,NA,NA,NA,NA,NA,0.00,NA,NA,NA
2022-05-04 19:00:00,47.32,147.84,6.53,29.45,35.98,NA,NA,0.43,26.54,NA,NA,NA,NA,NA,NA,NA,NA,NA,NA,NA,0.00,NA,NA,NA
2022-05-04 20:00:00,16.85,81.07,6.58,32.60,39.17,NA,NA,0.44,27.32,NA,NA,NA,NA,NA,NA,NA,NA,NA,NA,NA,0.00,NA,NA,NA
2022-05-04 21:00:00,50.14,125.37,6.68,35.94,42.62,NA,NA,0.40,26.84,NA,NA,NA,NA,NA,NA,NA,NA,NA,NA,NA,0.00,NA,NA,NA
2022-05-04 22:00:00,50.54,104.11,7.40,34.95,42.32,NA,NA,0.36,24.33,NA,NA,NA,NA,NA,NA,NA,NA,NA,NA,NA,0.00,NA,NA,NA
2022-05-04 23:00:00,18.28,38.49,6.82,32.77,39.60,NA,NA,0.38,23.35,NA,NA,NA,NA,NA,NA,NA,NA,NA,NA,NA,0.00,NA,NA,NA
2022-05-05 00:00:00,15.07,56.18,7.34,34.68,42.01,NA,NA,0.38,19.43,NA,NA,NA,NA,NA,NA,NA,NA,NA,NA,NA,0.00,NA,NA,NA
2022-05-05 01:00:00,10.31,38.48,7.01,36.92,43.95,NA,NA,0.39,18.67,NA,NA,NA,NA,NA,NA,NA,NA,NA,NA,NA,0.00,NA,NA,NA
2022-05-05 02:00:00,13.34,48.13,6.89,34.94,41.82,NA,NA,0.42,18.04,NA,NA,NA,NA,NA,NA,NA,NA,NA,NA,NA,0.00,NA,NA,NA
2022-05-05 03:00:00,22.81,61.86,7.02,37.85,44.88,NA,NA,0.39,19.24,NA,NA,NA,NA,NA,NA,NA,NA,NA,NA,NA,0.00,NA,NA,NA
2022-05-05 04:00:00,18.60,48.57,7.07,37.20,44.26,NA,NA,0.40,16.74,NA,NA,NA,NA,NA,NA,NA,NA,NA,NA,NA,0.00,NA,NA,NA
2022-05-05 05:00:00,31.83,42.03,7.27,36.90,44.16,NA,NA,0.42,16.30,NA,NA,NA,NA,NA,NA,NA,NA,NA,NA,NA,0.00,NA,NA,NA
2022-05-05 06:00:00,22.55,60.78,9.41,38.90,48.33,NA,NA,0.46,16.13,NA,NA,NA,NA,NA,NA,NA,NA,NA,NA,NA,0.00,NA,NA,NA
2022-05-05 07:00:00,47.75,93.09,12.73,41.83,54.59,NA,NA,0.55,16.29,NA,NA,NA,NA,NA,NA,NA,NA,NA,NA,NA,0.00,NA,NA,NA
2022-05-05 08:00:00,71.52,150.86,15.96,40.92,56.88,NA,NA,0.56,18.81,NA,NA,NA,NA,NA,NA,NA,NA,NA,NA,NA,0.00,NA,NA,NA
2022-05-05 09:00:00,55.65,118.40,18.56,41.45,60.00,NA,NA,0.54,21.37,NA,NA,NA,NA,NA,NA,NA,NA,NA,NA,NA,0.00,NA,NA,NA
2022-05-05 10:00:00,45.96,114.88,20.94,40.00,60.93,NA,NA,0.51,27.00,NA,NA,NA,NA,NA,NA,NA,NA,NA,NA,NA,0.00,NA,NA,NA
2022-05-05 11:00:00,58.00,137.32,22.03,39.07,61.11,NA,NA,0.49,34.70,NA,NA,NA,NA,NA,NA,NA,NA,NA,NA,NA,0.00,NA,NA,NA
2022-05-05 12:00:00,49.53,160.66,22.58,38.89,61.47,NA,NA,0.46,40.63,NA,NA,NA,NA,NA,NA,NA,NA,NA,NA,NA,0.00,NA,NA,NA
2022-05-05 13:00:00,49.80,168.01,22.20,38.44,60.64,NA,NA,0.46,46.27,NA,NA,NA,NA,NA,NA,NA,NA,NA,NA,NA,0.00,NA,NA,NA
2022-05-05 14:00:00,58.30,159.14,21.12,38.10,59.22,NA,NA,0.47,54.52,NA,NA,NA,NA,NA,NA,NA,NA,NA,NA,NA,0.00,NA,NA,NA
2022-05-05 15:00:00,57.07,172.64,19.45,38.59,58.04,NA,NA,0.48,58.23,NA,NA,NA,NA,NA,NA,NA,NA,NA,NA,NA,0.00,NA,NA,NA
2022-05-05 16:00:00,67.38,179.67,16.83,37.97,54.78,NA,NA,0.45,57.45,NA,NA,NA,NA,NA,NA,NA,NA,NA,NA,NA,0.00,NA,NA,NA
2022-05-05 17:00:00,64.29,172.28,12.74,37.09,49.83,NA,NA,0.45,51.31,NA,NA,NA,NA,NA,NA,NA,NA,NA,NA,NA,0.00,NA,NA,NA
2022-05-05 18:00:00,70.43,192.58,8.49,38.40,46.88,NA,NA,0.46,33.56,NA,NA,NA,NA,NA,NA,NA,NA,NA,NA,NA,0.00,NA,NA,NA
2022-05-05 19:00:00,73.93,182.83,6.84,40.89,47.75,NA,NA,0.47,27.47,NA,NA,NA,NA,NA,NA,NA,NA,NA,NA,NA,0.00,NA,NA,NA
2022-05-05 20:00:00,82.27,199.04,7.03,43.35,50.39,NA,NA,0.59,20.63,NA,NA,NA,NA,NA,NA,NA,NA,NA,NA,NA,0.00,NA,NA,NA
2022-05-05 21:00:00,112.51,250.38,7.35,45.51,52.85,NA,NA,0.75,16.98,NA,NA,NA,NA,NA,NA,NA,NA,NA,NA,NA,0.00,NA,NA,NA
2022-05-05 22:00:00,125.00,266.79,7.69,48.09,55.80,NA,NA,0.79,16.70,NA,NA,NA,NA,NA,NA,NA,NA,NA,NA,NA,0.00,NA,NA,NA
2022-05-05 23:00:00,115.38,225.07,8.12,50.00,58.10,NA,NA,0.97,15.61,NA,NA,NA,NA,NA,NA,NA,NA,NA,NA,NA,0.00,NA,NA,NA
2022-05-06 00:00:00,112.07,207.72,8.30,54.39,62.73,NA,NA,1.03,15.49,NA,NA,NA,NA,NA,NA,NA,NA,NA,NA,NA,0.00,NA,NA,NA
2022-05-06 01:00:00,125.95,261.22,7.60,51.14,58.69,NA,NA,0.84,16.24,NA,NA,NA,NA,NA,NA,NA,NA,NA,NA,NA,0.00,NA,NA,NA
2022-05-06 02:00:00,128.22,251.93,7.16,45.41,52.56,NA,NA,0.79,16.91,NA,NA,NA,NA,NA,NA,NA,NA,NA,NA,NA,0.00,NA,NA,NA
2022-05-06 03:00:00,105.29,206.33,6.89,41.94,48.85,NA,NA,0.77,16.53,NA,NA,NA,NA,NA,NA,NA,NA,NA,NA,NA,0.00,NA,NA,NA
2022-05-06 04:00:00,101.99,225.80,6.99,40.73,47.72,NA,NA,0.74,16.15,NA,NA,NA,NA,NA,NA,NA,NA,NA,NA,NA,0.00,NA,NA,NA
2022-05-06 05:00:00,135.66,303.32,6.94,40.64,47.58,NA,NA,0.80,16.11,NA,NA,NA,NA,NA,NA,NA,NA,NA,NA,NA,0.00,NA,NA,NA
2022-05-06 06:00:00,166.61,321.73,9.25,42.53,51.76,NA,NA,0.85,15.20,NA,NA,NA,NA,NA,NA,NA,NA,NA,NA,NA,0.00,NA,NA,NA
2022-05-06 07:00:00,146.65,303.38,11.67,41.47,53.13,NA,NA,0.88,18.12,NA,NA,NA,NA,NA,NA,NA,NA,NA,NA,NA,0.00,NA,NA,NA
2022-05-06 08:00:00,123.76,290.98,14.83,39.65,54.46,NA,NA,0.77,23.72,NA,NA,NA,NA,NA,NA,NA,NA,NA,NA,NA,0.00,NA,NA,NA
2022-05-06 09:00:00,39.67,144.78,16.78,36.68,53.47,NA,NA,0.62,31.59,NA,NA,NA,NA,NA,NA,NA,NA,NA,NA,NA,0.00,NA,NA,NA
2022-05-06 10:00:00,47.72,182.72,19.43,35.70,55.11,NA,NA,0.59,33.19,NA,NA,NA,NA,NA,NA,NA,NA,NA,NA,NA,0.00,NA,NA,NA
2022-05-06 11:00:00,43.53,250.06,21.34,35.36,56.70,NA,NA,0.53,44.55,NA,NA,NA,NA,NA,NA,NA,NA,NA,NA,NA,0.00,NA,NA,NA
2022-05-06 12:00:00,87.59,271.58,15.03,35.69,50.73,NA,NA,0.57,44.78,NA,NA,NA,NA,NA,NA,NA,NA,NA,NA,NA,0.00,NA,NA,NA
2022-05-06 13:00:00,74.80,298.44,20.92,38.76,59.69,NA,NA,0.64,48.79,NA,NA,NA,NA,NA,NA,NA,NA,NA,NA,NA,0.00,NA,NA,NA
2022-05-06 14:00:00,78.35,271.38,20.38,36.75,57.12,NA,NA,0.59,63.37,NA,NA,NA,NA,NA,NA,NA,NA,NA,NA,NA,0.00,NA,NA,NA
2022-05-06 15:00:00,91.69,254.43,17.06,35.34,52.40,NA,NA,0.55,60.81,NA,NA,NA,NA,NA,NA,NA,NA,NA,NA,NA,0.00,NA,NA,NA
2022-05-06 16:00:00,99.13,245.95,11.71,34.42,46.13,NA,NA,0.50,50.91,NA,NA,NA,NA,NA,NA,NA,NA,NA,NA,NA,0.00,NA,NA,NA
2022-05-06 17:00:00,61.02,151.77,10.48,33.25,43.74,NA,NA,0.47,47.19,NA,NA,NA,NA,NA,NA,NA,NA,NA,NA,NA,0.00,NA,NA,NA
2022-05-06 18:00:00,38.78,140.83,7.55,32.87,40.42,NA,NA,0.44,38.17,NA,NA,NA,NA,NA,NA,NA,NA,NA,NA,NA,0.00,NA,NA,NA
2022-05-06 19:00:00,34.68,96.86,6.61,33.42,40.03,NA,NA,0.44,31.86,NA,NA,NA,NA,NA,NA,NA,NA,NA,NA,NA,0.00,NA,NA,NA
2022-05-06 20:00:00,26.47,93.91,6.56,35.20,41.76,NA,NA,0.46,24.81,NA,NA,NA,NA,NA,NA,NA,NA,NA,NA,NA,0.00,NA,NA,NA
2022-05-06 21:00:00,31.85,83.84,6.65,36.67,43.31,NA,NA,0.45,20.99,NA,NA,NA,NA,NA,NA,NA,NA,NA,NA,NA,0.00,NA,NA,NA
2022-05-06 22:00:00,28.65,77.10,6.63,37.63,44.26,NA,NA,0.45,20.40,NA,NA,NA,NA,NA,NA,NA,NA,NA,NA,NA,0.00,NA,NA,NA
2022-05-06 23:00:00,25.28,76.54,6.59,38.41,45.00,NA,NA,0.46,18.08,NA,NA,NA,NA,NA,NA,NA,NA,NA,NA,NA,0.00,NA,NA,NA
2022-05-07 00:00:00,30.61,96.42,6.68,38.85,45.52,NA,NA,0.44,18.75,NA,NA,NA,NA,NA,NA,NA,NA,NA,NA,NA,0.00,NA,NA,NA
2022-05-07 01:00:00,31.87,85.49,6.67,37.31,43.99,NA,NA,0.44,17.98,NA,NA,NA,NA,NA,NA,NA,NA,NA,NA,NA,0.00,NA,NA,NA
2022-05-07 02:00:00,28.97,77.86,6.71,37.46,44.17,NA,NA,0.44,17.97,NA,NA,NA,NA,NA,NA,NA,NA,NA,NA,NA,0.00,NA,NA,NA
2022-05-07 03:00:00,26.39,67.63,6.77,37.65,44.42,NA,NA,0.41,17.23,NA,NA,NA,NA,NA,NA,NA,NA,NA,NA,NA,0.00,NA,NA,NA
2022-05-07 04:00:00,24.70,78.48,6.76,37.20,43.96,NA,NA,0.41,16.86,NA,NA,NA,NA,NA,NA,NA,NA,NA,NA,NA,0.00,NA,NA,NA
2022-05-07 05:00:00,12.46,76.47,6.76,36.40,43.16,NA,NA,0.41,16.83,NA,NA,NA,NA,NA,NA,NA,NA,NA,NA,NA,0.00,NA,NA,NA
2022-05-07 06:00:00,34.88,88.73,8.69,36.27,44.95,NA,NA,0.46,16.71,NA,NA,NA,NA,NA,NA,NA,NA,NA,NA,NA,0.00,NA,NA,NA
2022-05-07 07:00:00,68.99,134.03,12.31,36.26,48.56,NA,NA,0.51,16.90,NA,NA,NA,NA,NA,NA,NA,NA,NA,NA,NA,0.00,NA,NA,NA
2022-05-07 08:00:00,58.82,131.78,15.31,37.65,52.95,NA,NA,0.49,21.92,NA,NA,NA,NA,NA,NA,NA,NA,NA,NA,NA,0.00,NA,NA,NA
2022-05-07 09:00:00,72.03,186.29,17.55,37.15,54.69,NA,NA,0.53,33.46,NA,NA,NA,NA,NA,NA,NA,NA,NA,NA,NA,0.00,NA,NA,NA
2022-05-07 10:00:00,123.03,260.95,19.76,35.49,55.24,NA,NA,0.56,44.45,NA,NA,NA,NA,NA,NA,NA,NA,NA,NA,NA,0.00,NA,NA,NA
2022-05-07 11:00:00,73.02,205.10,25.79,34.45,60.05,NA,NA,0.49,49.99,NA,NA,NA,NA,NA,NA,NA,NA,NA,NA,NA,0.00,NA,NA,NA
2022-05-07 12:00:00,42.82,176.54,39.07,38.33,90.51,NA,NA,0.32,68.56,NA,NA,NA,NA,NA,NA,NA,NA,NA,NA,NA,0.00,NA,NA,NA
2022-05-07 13:00:00,41.73,157.43,NA,NA,NA,NA,NA,0.37,44.96,NA,NA,NA,NA,NA,NA,NA,NA,NA,NA,NA,0.00,NA,NA,NA
2022-05-07 14:00:00,38.36,181.03,254.94,99.06,173.30,NA,NA,0.34,107.61,NA,NA,NA,NA,NA,NA,NA,NA,NA,NA,NA,0.00,NA,NA,NA
2022-05-07 15:00:00,78.66,230.85,68.95,52.93,121.80,NA,NA,0.41,79.82,NA,NA,NA,NA,NA,NA,NA,NA,NA,NA,NA,0.00,NA,NA,NA
2022-05-07 16:00:00,67.52,186.34,43.46,49.86,93.24,NA,NA,0.46,106.73,NA,NA,NA,NA,NA,NA,NA,NA,NA,NA,NA,0.00,NA,NA,NA
2022-05-07 17:00:00,52.06,161.10,36.09,50.62,86.70,NA,NA,0.51,63.95,NA,NA,NA,NA,NA,NA,NA,NA,NA,NA,NA,0.00,NA,NA,NA
2022-05-07 18:00:00,45.31,135.90,32.02,57.36,89.37,NA,NA,0.53,38.58,NA,NA,NA,NA,NA,NA,NA,NA,NA,NA,NA,0.00,NA,NA,NA
2022-05-07 19:00:00,49.59,141.98,29.42,68.87,98.29,NA,NA,0.57,25.21,NA,NA,NA,NA,NA,NA,NA,NA,NA,NA,NA,0.00,NA,NA,NA
2022-05-07 20:00:00,74.94,189.39,27.65,75.11,102.76,NA,NA,0.63,19.36,NA,NA,NA,NA,NA,NA,NA,NA,NA,NA,NA,0.00,NA,NA,NA
2022-05-07 21:00:00,94.75,211.79,25.82,87.24,113.05,NA,NA,0.69,18.50,NA,NA,NA,NA,NA,NA,NA,NA,NA,NA,NA,0.00,NA,NA,NA
2022-05-07 22:00:00,111.23,233.89,24.40,81.95,106.33,NA,NA,0.74,18.23,NA,NA,NA,NA,NA,NA,NA,NA,NA,NA,NA,0.00,NA,NA,NA
2022-05-07 23:00:00,103.18,226.47,22.28,70.73,93.01,NA,NA,0.77,26.46,NA,NA,NA,NA,NA,NA,NA,NA,NA,NA,NA,0.00,NA,NA,NA
2022-05-08 00:00:00,127.58,285.29,21.26,61.58,82.83,NA,NA,0.78,27.17,NA,NA,NA,NA,NA,NA,NA,NA,NA,NA,NA,0.00,NA,NA,NA
2022-05-08 01:00:00,89.25,239.46,20.39,47.90,68.29,NA,NA,0.76,24.37,NA,NA,NA,NA,NA,NA,NA,NA,NA,NA,NA,0.00,NA,NA,NA
2022-05-08 02:00:00,78.31,191.38,19.85,45.34,65.19,NA,NA,0.74,19.50,NA,NA,NA,NA,NA,NA,NA,NA,NA,NA,NA,0.00,NA,NA,NA
2022-05-08 03:00:00,80.56,171.35,18.99,41.04,60.03,NA,NA,0.73,21.69,NA,NA,NA,NA,NA,NA,NA,NA,NA,NA,NA,0.00,NA,NA,NA
2022-05-08 04:00:00,70.56,148.86,18.59,41.63,60.22,NA,NA,0.73,19.37,NA,NA,NA,NA,NA,NA,NA,NA,NA,NA,NA,0.00,NA,NA,NA
2022-05-08 05:00:00,76.09,174.36,17.76,42.31,60.07,NA,NA,0.73,21.40,NA,NA,NA,NA,NA,NA,NA,NA,NA,NA,NA,0.00,NA,NA,NA
2022-05-08 06:00:00,107.20,211.57,17.61,42.93,60.54,NA,NA,0.75,21.25,NA,NA,NA,NA,NA,NA,NA,NA,NA,NA,NA,0.00,NA,NA,NA
2022-05-08 07:00:00,93.54,211.71,16.99,39.18,56.17,NA,NA,0.75,27.33,NA,NA,NA,NA,NA,NA,NA,NA,NA,NA,NA,0.00,NA,NA,NA
2022-05-08 08:00:00,71.49,201.90,16.59,38.60,55.19,NA,NA,0.73,37.01,NA,NA,NA,NA,NA,NA,NA,NA,NA,NA,NA,0.00,NA,NA,NA
2022-05-08 09:00:00,73.53,266.82,16.30,37.28,53.58,NA,NA,0.71,44.62,NA,NA,NA,NA,NA,NA,NA,NA,NA,NA,NA,0.00,NA,NA,NA
2022-05-08 10:00:00,63.24,234.21,15.81,35.43,51.23,NA,NA,0.67,55.79,NA,NA,NA,NA,NA,NA,NA,NA,NA,NA,NA,0.00,NA,NA,NA
2022-05-08 11:00:00,60.97,204.75,15.43,33.55,48.98,NA,NA,0.63,60.96,NA,NA,NA,NA,NA,NA,NA,NA,NA,NA,NA,0.00,NA,NA,NA
2022-05-08 12:00:00,59.09,197.88,14.90,32.02,46.92,NA,NA,0.59,62.34,NA,NA,NA,NA,NA,NA,NA,NA,NA,NA,NA,0.00,NA,NA,NA
2022-05-08 13:00:00,55.20,200.59,14.53,31.33,45.87,NA,NA,0.56,62.38,NA,NA,NA,NA,NA,NA,NA,NA,NA,NA,NA,0.00,NA,NA,NA
2022-05-08 14:00:00,50.00,190.84,13.97,30.89,44.86,NA,NA,0.52,59.85,NA,NA,NA,NA,NA,NA,NA,NA,NA,NA,NA,0.00,NA,NA,NA
2022-05-08 15:00:00,95.98,322.93,13.71,32.23,45.95,NA,NA,0.52,74.70,NA,NA,NA,NA,NA,NA,NA,NA,NA,NA,NA,0.00,NA,NA,NA
2022-05-08 16:00:00,74.58,338.52,13.23,33.66,46.89,NA,NA,0.55,82.57,NA,NA,NA,NA,NA,NA,NA,NA,NA,NA,NA,0.00,NA,NA,NA
2022-05-08 17:00:00,71.15,292.96,12.71,33.08,45.78,NA,NA,0.56,77.72,NA,NA,NA,NA,NA,NA,NA,NA,NA,NA,NA,0.00,NA,NA,NA
2022-05-08 18:00:00,69.57,324.73,12.28,34.11,46.40,NA,NA,0.57,69.91,NA,NA,NA,NA,NA,NA,NA,NA,NA,NA,NA,0.00,NA,NA,NA
2022-05-08 19:00:00,68.69,340.05,12.16,36.96,49.13,NA,NA,0.58,55.61,NA,NA,NA,NA,NA,NA,NA,NA,NA,NA,NA,0.00,NA,NA,NA
2022-05-08 20:00:00,88.88,316.77,12.08,43.49,55.57,NA,NA,0.61,42.44,NA,NA,NA,NA,NA,NA,NA,NA,NA,NA,NA,0.00,NA,NA,NA
2022-05-08 21:00:00,94.22,458.84,12.21,44.21,56.42,NA,NA,0.62,37.72,NA,NA,NA,NA,NA,NA,NA,NA,NA,NA,NA,0.00,NA,NA,NA
2022-05-08 22:00:00,87.39,268.91,12.11,42.90,54.99,NA,NA,0.63,36.13,NA,NA,NA,NA,NA,NA,NA,NA,NA,NA,NA,0.00,NA,NA,NA
2022-05-08 23:00:00,71.78,348.88,11.71,35.80,47.51,NA,NA,0.62,46.80,NA,NA,NA,NA,NA,NA,NA,NA,NA,NA,NA,0.00,NA,NA,NA
2022-05-09 00:00:00,63.15,155.15,11.54,34.91,46.46,NA,NA,0.62,43.12,NA,NA,NA,NA,NA,NA,NA,NA,NA,NA,NA,0.00,NA,NA,NA
2022-05-09 01:00:00,63.08,169.45,11.61,34.11,45.71,NA,NA,0.62,38.73,NA,NA,NA,NA,NA,NA,NA,NA,NA,NA,NA,0.00,NA,NA,NA
2022-05-09 02:00:00,65.23,184.41,11.32,32.88,44.19,NA,NA,0.62,35.20,NA,NA,NA,NA,NA,NA,NA,NA,NA,NA,NA,0.00,NA,NA,NA
2022-05-09 03:00:00,73.80,221.03,11.45,32.85,44.30,NA,NA,0.62,32.39,NA,NA,NA,NA,NA,NA,NA,NA,NA,NA,NA,0.00,NA,NA,NA
2022-05-09 04:00:00,76.67,192.42,11.37,32.60,43.98,NA,NA,0.63,30.63,NA,NA,NA,NA,NA,NA,NA,NA,NA,NA,NA,0.00,NA,NA,NA
2022-05-09 05:00:00,87.22,177.70,11.36,31.69,43.06,NA,NA,0.64,29.53,NA,NA,NA,NA,NA,NA,NA,NA,NA,NA,NA,0.00,NA,NA,NA
2022-05-09 06:00:00,81.58,176.29,11.48,32.11,43.58,NA,NA,0.66,29.89,NA,NA,NA,NA,NA,NA,NA,NA,NA,NA,NA,0.00,NA,NA,NA
2022-05-09 07:00:00,56.34,135.14,11.48,32.16,43.63,NA,NA,0.65,35.99,NA,NA,NA,NA,NA,NA,NA,NA,NA,NA,NA,0.00,NA,NA,NA
2022-05-09 08:00:00,59.24,129.25,11.54,31.45,42.99,NA,NA,0.63,41.78,NA,NA,NA,NA,NA,NA,NA,NA,NA,NA,NA,0.00,NA,NA,NA
2022-05-09 09:00:00,69.09,162.35,11.90,30.79,42.69,NA,NA,0.62,47.88,NA,NA,NA,NA,NA,NA,NA,NA,NA,NA,NA,0.00,NA,NA,NA
2022-05-09 10:00:00,75.65,196.28,11.91,30.64,42.55,NA,NA,0.62,55.36,NA,NA,NA,NA,NA,NA,NA,NA,NA,NA,NA,0.00,NA,NA,NA
2022-05-09 11:00:00,76.02,223.17,11.71,29.62,41.33,NA,NA,0.61,63.08,NA,NA,NA,NA,NA,NA,NA,NA,NA,NA,NA,0.00,NA,NA,NA
2022-05-09 12:00:00,75.45,230.89,11.71,28.74,40.45,NA,NA,0.59,67.99,NA,NA,NA,NA,NA,NA,NA,NA,NA,NA,NA,0.00,NA,NA,NA
2022-05-09 13:00:00,68.90,213.46,11.54,28.13,39.67,NA,NA,0.57,70.35,NA,NA,NA,NA,NA,NA,NA,NA,NA,NA,NA,0.00,NA,NA,NA
2022-05-09 14:00:00,66.84,214.48,11.31,28.55,39.86,NA,NA,0.55,69.64,NA,NA,NA,NA,NA,NA,NA,NA,NA,NA,NA,0.00,NA,NA,NA
2022-05-09 15:00:00,69.33,217.56,11.09,28.31,39.39,NA,NA,0.52,75.42,NA,NA,NA,NA,NA,NA,NA,NA,NA,NA,NA,0.00,NA,NA,NA
2022-05-09 16:00:00,74.22,225.41,10.80,28.45,39.25,NA,NA,0.52,72.89,NA,NA,NA,NA,NA,NA,NA,NA,NA,NA,NA,0.00,NA,NA,NA
2022-05-09 17:00:00,61.22,233.78,10.25,28.09,38.34,NA,NA,0.53,72.66,NA,NA,NA,NA,NA,NA,NA,NA,NA,NA,NA,0.00,NA,NA,NA
2022-05-09 18:00:00,57.19,192.01,9.76,28.75,38.51,NA,NA,0.53,68.74,NA,NA,NA,NA,NA,NA,NA,NA,NA,NA,NA,0.00,NA,NA,NA
2022-05-09 19:00:00,45.89,144.24,9.75,30.76,40.52,NA,NA,0.52,60.15,NA,NA,NA,NA,NA,NA,NA,NA,NA,NA,NA,0.00,NA,NA,NA
2022-05-09 20:00:00,56.60,132.48,9.84,34.48,44.32,NA,NA,0.53,51.09,NA,NA,NA,NA,NA,NA,NA,NA,NA,NA,NA,0.00,NA,NA,NA
2022-05-09 21:00:00,55.42,134.25,9.77,33.64,43.41,NA,NA,0.54,49.10,NA,NA,NA,NA,NA,NA,NA,NA,NA,NA,NA,0.00,NA,NA,NA
2022-05-09 22:00:00,54.93,131.53,9.66,32.24,41.90,NA,NA,0.54,48.36,NA,NA,NA,NA,NA,NA,NA,NA,NA,NA,NA,0.00,NA,NA,NA
2022-05-09 23:00:00,57.59,138.48,9.70,32.36,42.05,NA,NA,0.55,47.10,NA,NA,NA,NA,NA,NA,NA,NA,NA,NA,NA,0.00,NA,NA,NA
2022-05-10 00:00:00,71.87,156.09,9.67,31.06,40.72,NA,NA,0.55,44.82,NA,NA,NA,NA,NA,NA,NA,NA,NA,NA,NA,0.00,NA,NA,NA
2022-05-10 01:00:00,74.45,195.45,9.71,32.95,42.66,NA,NA,0.57,39.15,NA,NA,NA,NA,NA,NA,NA,NA,NA,NA,NA,0.00,NA,NA,NA
2022-05-10 02:00:00,74.05,163.54,9.84,32.46,42.30,NA,NA,0.58,35.14,NA,NA,NA,NA,NA,NA,NA,NA,NA,NA,NA,0.00,NA,NA,NA
2022-05-10 03:00:00,76.67,170.25,9.85,32.46,42.32,NA,NA,0.59,32.23,NA,NA,NA,NA,NA,NA,NA,NA,NA,NA,NA,0.00,NA,NA,NA
2022-05-10 04:00:00,69.39,127.88,9.81,31.96,41.77,NA,NA,0.59,29.42,NA,NA,NA,NA,NA,NA,NA,NA,NA,NA,NA,0.00,NA,NA,NA
2022-05-10 05:00:00,74.04,304.80,9.91,30.55,40.46,NA,NA,0.59,29.56,NA,NA,NA,NA,NA,NA,NA,NA,NA,NA,NA,0.00,NA,NA,NA
2022-05-10 06:00:00,66.05,225.52,9.84,32.22,42.06,NA,NA,0.60,29.14,NA,NA,NA,NA,NA,NA,NA,NA,NA,NA,NA,0.00,NA,NA,NA
2022-05-10 07:00:00,65.47,180.98,10.43,33.21,43.64,NA,NA,0.60,29.83,NA,NA,NA,NA,NA,NA,NA,NA,NA,NA,NA,0.00,NA,NA,NA
2022-05-10 08:00:00,63.88,177.89,10.61,31.04,41.65,NA,NA,0.59,36.98,NA,NA,NA,NA,NA,NA,NA,NA,NA,NA,NA,0.00,NA,NA,NA
2022-05-10 09:00:00,61.05,158.47,10.69,29.86,40.55,NA,NA,0.58,44.39,NA,NA,NA,NA,NA,NA,NA,NA,NA,NA,NA,0.00,NA,NA,NA
2022-05-10 10:00:00,72.00,229.63,10.80,27.28,38.09,NA,NA,0.58,50.34,NA,NA,NA,NA,NA,NA,NA,NA,NA,NA,NA,0.00,NA,NA,NA
2022-05-10 11:00:00,62.38,213.04,10.84,26.00,36.84,NA,NA,0.56,55.05,NA,NA,NA,NA,NA,NA,NA,NA,NA,NA,NA,0.00,NA,NA,NA
2022-05-10 12:00:00,59.83,196.85,10.77,26.02,36.79,NA,NA,0.54,58.47,NA,NA,NA,NA,NA,NA,NA,NA,NA,NA,NA,0.00,NA,NA,NA
2022-05-10 13:00:00,59.91,185.47,10.66,25.72,36.38,NA,NA,0.52,61.61,NA,NA,NA,NA,NA,NA,NA,NA,NA,NA,NA,0.00,NA,NA,NA
2022-05-10 14:00:00,53.85,250.28,10.51,24.92,35.43,NA,NA,0.51,62.30,NA,NA,NA,NA,NA,NA,NA,NA,NA,NA,NA,0.00,NA,NA,NA
2022-05-10 15:00:00,59.12,222.78,10.25,25.57,35.82,NA,NA,0.50,61.86,NA,NA,NA,NA,NA,NA,NA,NA,NA,NA,NA,0.00,NA,NA,NA
2022-05-10 16:00:00,55.12,208.21,9.88,25.53,35.41,NA,NA,0.49,62.59,NA,NA,NA,NA,NA,NA,NA,NA,NA,NA,NA,0.00,NA,NA,NA
2022-05-10 17:00:00,56.03,181.93,9.34,25.96,35.31,NA,NA,0.49,63.49,NA,NA,NA,NA,NA,NA,NA,NA,NA,NA,NA,0.00,NA,NA,NA
2022-05-10 18:00:00,61.96,171.23,8.95,27.43,36.39,NA,NA,0.50,61.40,NA,NA,NA,NA,NA,NA,NA,NA,NA,NA,NA,0.00,NA,NA,NA
2022-05-10 19:00:00,52.77,151.94,8.91,28.47,37.37,NA,NA,0.50,56.44,NA,NA,NA,NA,NA,NA,NA,NA,NA,NA,NA,0.00,NA,NA,NA
2022-05-10 20:00:00,47.64,229.49,8.95,29.96,38.91,NA,NA,0.50,50.37,NA,NA,NA,NA,NA,NA,NA,NA,NA,NA,NA,0.00,NA,NA,NA
2022-05-10 21:00:00,42.12,717.59,8.99,33.19,42.19,NA,NA,0.51,45.02,NA,NA,NA,NA,NA,NA,NA,NA,NA,NA,NA,0.00,NA,NA,NA
2022-05-10 22:00:00,48.08,410.48,8.94,32.41,41.36,NA,NA,0.51,42.61,NA,NA,NA,NA,NA,NA,NA,NA,NA,NA,NA,0.00,NA,NA,NA
2022-05-10 23:00:00,58.33,341.53,8.94,31.58,40.52,NA,NA,0.52,41.32,NA,NA,NA,NA,NA,NA,NA,NA,NA,NA,NA,0.00,NA,NA,NA
2022-05-11 00:00:00,43.96,174.14,8.89,30.03,38.91,NA,NA,0.51,42.41,NA,NA,NA,NA,NA,NA,NA,NA,NA,NA,NA,0.00,NA,NA,NA
2022-05-11 01:00:00,34.39,250.46,8.66,30.41,39.08,NA,NA,0.50,40.55,NA,NA,NA,NA,NA,NA,NA,NA,NA,NA,NA,0.00,NA,NA,NA
2022-05-11 02:00:00,36.02,219.77,8.73,30.52,39.25,NA,NA,0.50,39.19,NA,NA,NA,NA,NA,NA,NA,NA,NA,NA,NA,0.00,NA,NA,NA
2022-05-11 03:00:00,42.81,444.90,8.80,31.42,40.23,NA,NA,0.50,33.95,NA,NA,NA,NA,NA,NA,NA,NA,NA,NA,NA,0.00,NA,NA,NA
2022-05-11 04:00:00,45.93,709.73,9.29,32.04,41.33,NA,NA,0.51,28.02,NA,NA,NA,NA,NA,NA,NA,NA,NA,NA,NA,0.00,NA,NA,NA
2022-05-11 05:00:00,54.91,187.00,9.18,35.33,44.51,NA,NA,0.52,24.60,NA,NA,NA,NA,NA,NA,NA,NA,NA,NA,NA,0.00,NA,NA,NA
2022-05-11 06:00:00,60.32,153.91,9.51,36.48,45.99,NA,NA,0.53,25.51,NA,NA,NA,NA,NA,NA,NA,NA,NA,NA,NA,0.00,NA,NA,NA
2022-05-11 07:00:00,55.66,136.78,9.51,32.11,41.62,NA,NA,0.54,33.39,NA,NA,NA,NA,NA,NA,NA,NA,NA,NA,NA,0.00,NA,NA,NA
2022-05-11 08:00:00,62.65,168.53,9.86,29.74,39.60,NA,NA,0.55,38.24,NA,NA,NA,NA,NA,NA,NA,NA,NA,NA,NA,0.00,NA,NA,NA
2022-05-11 09:00:00,79.05,182.96,9.96,28.91,38.87,NA,NA,0.56,44.02,NA,NA,NA,NA,NA,NA,NA,NA,NA,NA,NA,0.00,NA,NA,NA
2022-05-11 10:00:00,64.86,190.55,10.00,27.91,37.91,NA,NA,0.56,49.73,NA,NA,NA,NA,NA,NA,NA,NA,NA,NA,NA,0.00,NA,NA,NA
2022-05-11 11:00:00,67.75,205.19,10.05,26.86,36.91,NA,NA,0.55,54.27,NA,NA,NA,NA,NA,NA,NA,NA,NA,NA,NA,0.00,NA,NA,NA
2022-05-11 12:00:00,74.20,243.87,10.02,26.00,36.02,NA,NA,0.54,57.87,NA,NA,NA,NA,NA,NA,NA,NA,NA,NA,NA,0.00,NA,NA,NA
2022-05-11 13:00:00,58.03,216.57,9.74,25.95,35.69,NA,NA,0.53,58.00,NA,NA,NA,NA,NA,NA,NA,NA,NA,NA,NA,0.00,NA,NA,NA
2022-05-11 14:00:00,60.93,224.16,9.53,25.85,35.38,NA,NA,0.52,58.15,NA,NA,NA,NA,NA,NA,NA,NA,NA,NA,NA,0.00,NA,NA,NA
2022-05-11 15:00:00,63.98,278.34,9.29,25.91,35.20,NA,NA,0.52,60.51,NA,NA,NA,NA,NA,NA,NA,NA,NA,NA,NA,0.00,NA,NA,NA
2022-05-11 16:00:00,60.72,301.39,8.88,26.04,34.92,NA,NA,0.51,65.79,NA,NA,NA,NA,NA,NA,NA,NA,NA,NA,NA,0.00,NA,NA,NA
2022-05-11 17:00:00,63.99,229.02,8.59,27.08,35.67,NA,NA,0.52,67.65,NA,NA,NA,NA,NA,NA,NA,NA,NA,NA,NA,0.00,NA,NA,NA
2022-05-11 18:00:00,63.41,208.04,8.12,28.94,37.06,NA,NA,0.53,58.41,NA,NA,NA,NA,NA,NA,NA,NA,NA,NA,NA,0.00,NA,NA,NA
2022-05-11 19:00:00,58.16,241.75,8.16,30.18,38.34,NA,NA,0.54,52.84,NA,NA,NA,NA,NA,NA,NA,NA,NA,NA,NA,0.00,NA,NA,NA
2022-05-11 20:00:00,50.69,322.16,8.04,31.49,39.53,NA,NA,0.55,48.77,NA,NA,NA,NA,NA,NA,NA,NA,NA,NA,NA,0.00,NA,NA,NA
2022-05-11 21:00:00,62.34,536.19,8.11,32.22,40.33,NA,NA,0.56,46.24,NA,NA,NA,NA,NA,NA,NA,NA,NA,NA,NA,0.00,NA,NA,NA
2022-05-11 22:00:00,56.15,623.13,8.23,32.14,40.37,NA,NA,0.56,43.30,NA,NA,NA,NA,NA,NA,NA,NA,NA,NA,NA,0.00,NA,NA,NA
2022-05-11 23:00:00,65.51,300.68,8.24,31.20,39.45,NA,NA,0.57,36.61,NA,NA,NA,NA,NA,NA,NA,NA,NA,NA,NA,0.00,NA,NA,NA
2022-05-12 00:00:00,58.44,136.11,8.28,28.87,37.15,NA,NA,0.57,39.07,NA,NA,NA,NA,NA,NA,NA,NA,NA,NA,NA,0.00,NA,NA,NA
2022-05-12 01:00:00,58.07,135.51,8.27,28.60,36.87,NA,NA,0.57,37.38,NA,NA,NA,NA,NA,NA,NA,NA,NA,NA,NA,0.00,NA,NA,NA
2022-05-12 02:00:00,71.48,166.07,8.40,28.66,37.06,NA,NA,0.58,32.92,NA,NA,NA,NA,NA,NA,NA,NA,NA,NA,NA,0.00,NA,NA,NA
2022-05-12 03:00:00,71.52,140.78,8.25,28.66,36.92,NA,NA,0.59,30.64,NA,NA,NA,NA,NA,NA,NA,NA,NA,NA,NA,0.00,NA,NA,NA
2022-05-12 04:00:00,62.84,141.46,8.19,27.43,35.62,NA,NA,0.60,30.08,NA,NA,NA,NA,NA,NA,NA,NA,NA,NA,NA,0.00,NA,NA,NA
2022-05-12 05:00:00,89.94,127.65,8.23,27.71,35.94,NA,NA,0.61,28.14,NA,NA,NA,NA,NA,NA,NA,NA,NA,NA,NA,0.00,NA,NA,NA
2022-05-12 06:00:00,67.60,116.90,8.44,27.95,36.38,NA,NA,0.62,28.31,NA,NA,NA,NA,NA,NA,NA,NA,NA,NA,NA,0.00,NA,NA,NA
2022-05-12 07:00:00,49.23,144.23,8.85,31.71,40.56,NA,NA,0.60,36.37,NA,NA,NA,NA,NA,NA,NA,NA,NA,NA,NA,0.00,NA,NA,NA
2022-05-12 08:00:00,73.96,164.18,8.88,28.61,37.49,NA,NA,0.59,43.61,NA,NA,NA,NA,NA,NA,NA,NA,NA,NA,NA,0.00,NA,NA,NA
2022-05-12 09:00:00,57.71,142.69,8.79,26.77,35.56,NA,NA,0.58,50.87,NA,NA,NA,NA,NA,NA,NA,NA,NA,NA,NA,0.00,NA,NA,NA
2022-05-12 10:00:00,60.37,158.77,9.00,26.05,35.05,NA,NA,0.57,55.89,NA,NA,NA,NA,NA,NA,NA,NA,NA,NA,NA,0.00,NA,NA,NA
2022-05-12 11:00:00,57.16,157.50,8.93,25.68,34.62,NA,NA,0.55,58.56,NA,NA,NA,NA,NA,NA,NA,NA,NA,NA,NA,0.00,NA,NA,NA
2022-05-12 12:00:00,54.06,158.60,9.03,25.71,34.74,NA,NA,0.54,56.45,NA,NA,NA,NA,NA,NA,NA,NA,NA,NA,NA,0.00,NA,NA,NA
2022-05-12 13:00:00,54.67,231.50,8.88,25.89,34.77,NA,NA,0.52,56.93,NA,NA,NA,NA,NA,NA,NA,NA,NA,NA,NA,0.00,NA,NA,NA
2022-05-12 14:00:00,59.96,234.39,8.65,26.01,34.66,NA,NA,0.50,59.33,NA,NA,NA,NA,NA,NA,NA,NA,NA,NA,NA,0.00,NA,NA,NA
2022-05-12 15:00:00,54.47,261.80,8.36,27.33,35.69,NA,NA,0.48,61.36,NA,NA,NA,NA,NA,NA,NA,NA,NA,NA,NA,0.00,NA,NA,NA
2022-05-12 16:00:00,54.82,229.44,8.03,27.42,35.45,NA,NA,0.49,63.91,NA,NA,NA,NA,NA,NA,NA,NA,NA,NA,NA,0.00,NA,NA,NA
2022-05-12 17:00:00,54.27,220.92,7.67,28.08,35.75,NA,NA,0.49,62.98,NA,NA,NA,NA,NA,NA,NA,NA,NA,NA,NA,0.00,NA,NA,NA
2022-05-12 18:00:00,62.64,205.74,7.38,29.54,36.92,NA,NA,0.51,60.93,NA,NA,NA,NA,NA,NA,NA,NA,NA,NA,NA,0.00,NA,NA,NA
2022-05-12 19:00:00,55.58,188.12,7.39,35.95,43.34,NA,NA,0.54,52.10,NA,NA,NA,NA,NA,NA,NA,NA,NA,NA,NA,0.00,NA,NA,NA
2022-05-12 20:00:00,59.46,201.06,7.47,45.10,52.57,NA,NA,0.57,42.73,NA,NA,NA,NA,NA,NA,NA,NA,NA,NA,NA,0.00,NA,NA,NA
2022-05-12 21:00:00,69.68,235.39,7.57,34.75,42.32,NA,NA,0.59,42.08,NA,NA,NA,NA,NA,NA,NA,NA,NA,NA,NA,0.00,NA,NA,NA
2022-05-12 22:00:00,88.38,255.92,7.80,40.53,48.32,NA,NA,0.62,32.84,NA,NA,NA,NA,NA,NA,NA,NA,NA,NA,NA,0.00,NA,NA,NA
2022-05-12 23:00:00,84.18,205.09,7.78,33.69,41.47,NA,NA,0.63,36.21,NA,NA,NA,NA,NA,NA,NA,NA,NA,NA,NA,0.00,NA,NA,NA
2022-05-13 00:00:00,75.27,174.34,7.80,29.46,37.26,NA,NA,0.62,33.82,NA,NA,NA,NA,NA,NA,NA,NA,NA,NA,NA,0.00,NA,NA,NA
2022-05-13 01:00:00,52.70,146.91,7.59,28.27,35.86,NA,NA,0.59,34.86,NA,NA,NA,NA,NA,NA,NA,NA,NA,NA,NA,0.00,NA,NA,NA
2022-05-13 02:00:00,42.56,125.83,7.57,26.97,34.53,NA,NA,0.57,33.29,NA,NA,NA,NA,NA,NA,NA,NA,NA,NA,NA,0.00,NA,NA,NA
2022-05-13 03:00:00,44.30,96.24,7.68,27.04,34.71,NA,NA,0.55,29.96,NA,NA,NA,NA,NA,NA,NA,NA,NA,NA,NA,0.00,NA,NA,NA
2022-05-13 04:00:00,44.11,92.13,7.83,27.87,35.70,NA,NA,0.54,26.69,NA,NA,NA,NA,NA,NA,NA,NA,NA,NA,NA,0.00,NA,NA,NA
2022-05-13 05:00:00,56.00,104.95,7.88,27.76,35.64,NA,NA,0.54,22.85,NA,NA,NA,NA,NA,NA,NA,NA,NA,NA,NA,0.00,NA,NA,NA
2022-05-13 06:00:00,48.63,84.23,8.54,30.60,39.15,NA,NA,0.54,22.39,NA,NA,NA,NA,NA,NA,NA,NA,NA,NA,NA,0.00,NA,NA,NA
2022-05-13 07:00:00,41.16,278.46,8.22,27.59,35.81,NA,NA,0.54,29.51,NA,NA,NA,NA,NA,NA,NA,NA,NA,NA,NA,0.00,NA,NA,NA
2022-05-13 08:00:00,40.52,221.29,8.61,26.20,34.81,NA,NA,0.53,36.23,NA,NA,NA,NA,NA,NA,NA,NA,NA,NA,NA,0.00,NA,NA,NA
2022-05-13 09:00:00,60.87,251.55,8.78,28.25,37.03,NA,NA,0.55,38.38,NA,NA,NA,NA,NA,NA,NA,NA,NA,NA,NA,0.00,NA,NA,NA
2022-05-13 10:00:00,67.02,324.08,8.89,28.45,37.34,NA,NA,0.54,42.77,NA,NA,NA,NA,NA,NA,NA,NA,NA,NA,NA,0.00,NA,NA,NA
2022-05-13 11:00:00,70.03,354.64,8.65,32.47,41.12,NA,NA,0.55,67.05,NA,NA,NA,NA,NA,NA,NA,NA,NA,NA,NA,0.00,NA,NA,NA
2022-05-13 12:00:00,77.06,367.22,8.67,32.24,40.90,NA,NA,0.55,82.69,NA,NA,NA,NA,NA,NA,NA,NA,NA,NA,NA,0.00,NA,NA,NA
2022-05-13 13:00:00,67.84,354.32,8.55,30.83,39.37,NA,NA,0.54,84.19,NA,NA,NA,NA,NA,NA,NA,NA,NA,NA,NA,0.00,NA,NA,NA
2022-05-13 14:00:00,66.16,396.96,8.22,28.45,36.67,NA,NA,0.52,81.05,NA,NA,NA,NA,NA,NA,NA,NA,NA,NA,NA,0.00,NA,NA,NA
2022-05-13 15:00:00,62.36,390.84,8.03,27.97,35.99,NA,NA,0.51,80.99,NA,NA,NA,NA,NA,NA,NA,NA,NA,NA,NA,0.00,NA,NA,NA
2022-05-13 16:00:00,54.21,417.48,7.64,27.72,35.36,NA,NA,0.48,78.32,NA,NA,NA,NA,NA,NA,NA,NA,NA,NA,NA,0.00,NA,NA,NA
2022-05-13 17:00:00,67.95,408.15,7.46,35.59,43.06,NA,NA,0.51,83.55,NA,NA,NA,NA,NA,NA,NA,NA,NA,NA,NA,0.00,NA,NA,NA
2022-05-13 18:00:00,78.91,357.77,7.25,42.72,49.97,NA,NA,0.55,61.48,NA,NA,NA,NA,NA,NA,NA,NA,NA,NA,NA,0.00,NA,NA,NA
2022-05-13 19:00:00,90.52,394.03,7.32,42.35,49.66,NA,NA,0.58,43.35,NA,NA,NA,NA,NA,NA,NA,NA,NA,NA,NA,0.00,NA,NA,NA
2022-05-13 20:00:00,100.29,593.24,7.59,43.89,51.48,NA,NA,0.61,33.16,NA,NA,NA,NA,NA,NA,NA,NA,NA,NA,NA,0.00,NA,NA,NA
2022-05-13 21:00:00,110.24,321.18,7.86,48.49,56.35,NA,NA,0.67,25.98,NA,NA,NA,NA,NA,NA,NA,NA,NA,NA,NA,0.00,NA,NA,NA
2022-05-13 22:00:00,143.84,326.86,8.59,57.78,66.37,NA,NA,0.72,21.30,NA,NA,NA,NA,NA,NA,NA,NA,NA,NA,NA,0.00,NA,NA,NA
2022-05-13 23:00:00,113.65,284.93,24.93,89.30,114.23,NA,NA,0.76,17.72,NA,NA,NA,NA,NA,NA,NA,NA,NA,NA,NA,0.00,NA,NA,NA
2022-05-14 00:00:00,103.49,269.36,9.13,68.73,77.87,NA,NA,0.79,19.42,NA,NA,NA,NA,NA,NA,NA,NA,NA,NA,NA,0.00,NA,NA,NA
2022-05-14 01:00:00,109.96,303.89,8.22,52.95,61.18,NA,NA,0.80,25.08,NA,NA,NA,NA,NA,NA,NA,NA,NA,NA,NA,0.00,NA,NA,NA
2022-05-14 02:00:00,99.68,314.02,7.83,42.06,49.88,NA,NA,0.80,28.72,NA,NA,NA,NA,NA,NA,NA,NA,NA,NA,NA,0.00,NA,NA,NA
2022-05-14 03:00:00,110.51,323.82,7.69,38.78,46.47,NA,NA,0.82,29.92,NA,NA,NA,NA,NA,NA,NA,NA,NA,NA,NA,0.00,NA,NA,NA
2022-05-14 04:00:00,91.19,717.71,7.96,39.03,46.99,NA,NA,0.82,23.87,NA,NA,NA,NA,NA,NA,NA,NA,NA,NA,NA,0.00,NA,NA,NA
2022-05-14 05:00:00,84.43,239.46,8.45,43.01,51.46,NA,NA,0.82,21.19,NA,NA,NA,NA,NA,NA,NA,NA,NA,NA,NA,0.00,NA,NA,NA
2022-05-14 06:00:00,84.92,191.50,16.06,58.46,74.50,NA,NA,0.83,18.34,NA,NA,NA,NA,NA,NA,NA,NA,NA,NA,NA,0.00,NA,NA,NA
2022-05-14 07:00:00,91.90,225.61,13.01,56.98,69.99,NA,NA,0.83,22.69,NA,NA,NA,NA,NA,NA,NA,NA,NA,NA,NA,0.00,NA,NA,NA
2022-05-14 08:00:00,140.52,362.75,9.10,52.93,62.04,NA,NA,0.85,39.76,NA,NA,NA,NA,NA,NA,NA,NA,NA,NA,NA,0.00,NA,NA,NA
2022-05-14 09:00:00,136.88,464.13,8.54,55.19,63.73,NA,NA,0.85,66.90,NA,NA,NA,NA,NA,NA,NA,NA,NA,NA,NA,0.00,NA,NA,NA
2022-05-14 10:00:00,114.13,432.11,8.32,41.25,49.57,NA,NA,0.81,76.75,NA,NA,NA,NA,NA,NA,NA,NA,NA,NA,NA,0.00,NA,NA,NA
2022-05-14 11:00:00,70.73,361.23,8.04,33.85,41.90,NA,NA,0.73,82.44,NA,NA,NA,NA,NA,NA,NA,NA,NA,NA,NA,0.00,NA,NA,NA
2022-05-14 12:00:00,87.25,455.03,32.98,36.42,69.27,NA,NA,0.57,93.76,NA,NA,NA,NA,NA,NA,NA,NA,NA,NA,NA,0.00,NA,NA,NA
2022-05-14 13:00:00,66.22,NA,39.40,35.18,74.63,NA,NA,0.35,100.14,NA,NA,NA,NA,NA,NA,NA,NA,NA,NA,NA,0.00,NA,NA,NA
2022-05-14 14:00:00,626.75,511.68,52.90,36.49,89.46,NA,NA,0.28,97.38,NA,NA,NA,NA,NA,NA,NA,NA,NA,NA,NA,0.00,NA,NA,NA
2022-05-14 15:00:00,466.26,306.04,29.06,29.99,59.13,NA,NA,0.26,78.45,NA,NA,NA,NA,NA,NA,NA,NA,NA,NA,NA,0.00,NA,NA,NA
2022-05-14 16:00:00,90.45,147.82,8.54,21.31,29.85,NA,NA,0.24,102.12,NA,NA,NA,NA,NA,NA,NA,NA,NA,NA,NA,0.00,NA,NA,NA
2022-05-14 17:00:00,53.19,164.52,10.37,23.14,33.46,NA,NA,0.29,109.59,NA,NA,NA,NA,NA,NA,NA,NA,NA,NA,NA,0.00,NA,NA,NA
2022-05-14 18:00:00,43.66,151.73,12.25,31.65,43.96,NA,NA,0.33,94.78,NA,NA,NA,NA,NA,NA,NA,NA,NA,NA,NA,0.00,NA,NA,NA
2022-05-14 19:00:00,51.64,166.22,6.45,47.12,53.57,NA,NA,0.45,64.42,NA,NA,NA,NA,NA,NA,NA,NA,NA,NA,NA,0.00,NA,NA,NA
2022-05-14 20:00:00,43.22,142.81,6.27,75.86,82.12,NA,NA,0.49,30.84,NA,NA,NA,NA,NA,NA,NA,NA,NA,NA,NA,0.00,NA,NA,NA
2022-05-14 21:00:00,31.08,120.98,6.46,95.98,102.43,NA,NA,0.50,17.45,NA,NA,NA,NA,NA,NA,NA,NA,NA,NA,NA,0.00,NA,NA,NA
2022-05-14 22:00:00,31.30,112.77,39.06,130.02,169.01,NA,NA,0.51,7.63,NA,NA,NA,NA,NA,NA,NA,NA,NA,NA,NA,0.00,NA,NA,NA
2022-05-14 23:00:00,30.78,138.94,57.10,144.64,201.74,NA,NA,0.55,7.16,NA,NA,NA,NA,NA,NA,NA,NA,NA,NA,NA,0.00,NA,NA,NA
2022-05-15 00:00:00,36.62,158.39,19.05,116.71,135.83,NA,NA,0.55,7.97,NA,NA,NA,NA,NA,NA,NA,NA,NA,NA,NA,0.00,NA,NA,NA
2022-05-15 01:00:00,42.77,156.91,8.81,103.34,112.16,NA,NA,0.54,12.73,NA,NA,NA,NA,NA,NA,NA,NA,NA,NA,NA,0.00,NA,NA,NA
2022-05-15 02:00:00,53.00,180.64,6.74,68.86,75.60,NA,NA,0.52,25.78,NA,NA,NA,NA,NA,NA,NA,NA,NA,NA,NA,0.00,NA,NA,NA
2022-05-15 03:00:00,56.49,171.10,6.80,52.74,59.55,NA,NA,0.56,25.08,NA,NA,NA,NA,NA,NA,NA,NA,NA,NA,NA,0.00,NA,NA,NA
2022-05-15 04:00:00,58.09,177.10,6.90,53.89,60.79,NA,NA,0.60,19.56,NA,NA,NA,NA,NA,NA,NA,NA,NA,NA,NA,0.00,NA,NA,NA
2022-05-15 05:00:00,59.71,198.21,8.57,55.17,63.74,NA,NA,0.58,19.03,NA,NA,NA,NA,NA,NA,NA,NA,NA,NA,NA,0.00,NA,NA,NA
2022-05-15 06:00:00,70.31,217.53,12.11,55.89,67.99,NA,NA,0.65,16.76,NA,NA,NA,NA,NA,NA,NA,NA,NA,NA,NA,0.00,NA,NA,NA
2022-05-15 07:00:00,71.11,258.37,30.79,85.70,116.49,NA,NA,0.77,19.07,NA,NA,NA,NA,NA,NA,NA,NA,NA,NA,NA,0.00,NA,NA,NA
2022-05-15 08:00:00,87.65,305.38,12.99,62.75,75.75,NA,NA,0.61,53.84,NA,NA,NA,NA,NA,NA,NA,NA,NA,NA,NA,0.00,NA,NA,NA
2022-05-15 09:00:00,57.88,307.43,9.37,32.74,42.11,NA,NA,0.46,73.76,NA,NA,NA,NA,NA,NA,NA,NA,NA,NA,NA,0.00,NA,NA,NA
2022-05-15 10:00:00,46.55,283.60,8.98,24.83,33.81,NA,NA,0.40,75.79,NA,NA,NA,NA,NA,NA,NA,NA,NA,NA,NA,0.00,NA,NA,NA
2022-05-15 11:00:00,41.00,274.38,8.66,22.71,31.36,NA,NA,0.38,83.85,NA,NA,NA,NA,NA,NA,NA,NA,NA,NA,NA,0.00,NA,NA,NA
2022-05-15 12:00:00,38.28,266.41,8.62,22.39,31.02,NA,NA,0.37,87.82,NA,NA,NA,NA,NA,NA,NA,NA,NA,NA,NA,0.00,NA,NA,NA
2022-05-15 13:00:00,40.02,241.28,8.83,24.14,32.97,NA,NA,0.35,79.88,NA,NA,NA,NA,NA,NA,NA,NA,NA,NA,NA,0.00,NA,NA,NA
2022-05-15 14:00:00,32.00,246.15,7.95,17.73,25.68,NA,NA,0.33,78.45,NA,NA,NA,NA,NA,NA,NA,NA,NA,NA,NA,0.00,NA,NA,NA
2022-05-15 15:00:00,27.88,226.89,7.62,17.95,25.57,NA,NA,0.33,77.15,NA,NA,NA,NA,NA,NA,NA,NA,NA,NA,NA,0.00,NA,NA,NA
2022-05-15 16:00:00,29.80,192.04,9.06,27.98,37.04,NA,NA,0.33,69.49,NA,NA,NA,NA,NA,NA,NA,NA,NA,NA,NA,0.00,NA,NA,NA
2022-05-15 17:00:00,33.89,195.94,7.03,20.30,27.33,NA,NA,0.32,72.81,NA,NA,NA,NA,NA,NA,NA,NA,NA,NA,NA,0.00,NA,NA,NA
2022-05-15 18:00:00,34.64,192.75,6.74,26.20,32.95,NA,NA,0.33,58.07,NA,NA,NA,NA,NA,NA,NA,NA,NA,NA,NA,0.00,NA,NA,NA
2022-05-15 19:00:00,39.79,189.99,6.80,30.75,37.54,NA,NA,0.34,39.01,NA,NA,NA,NA,NA,NA,NA,NA,NA,NA,NA,0.00,NA,NA,NA
2022-05-15 20:00:00,25.85,159.80,6.79,39.28,46.07,NA,NA,0.43,29.36,NA,NA,NA,NA,NA,NA,NA,NA,NA,NA,NA,0.00,NA,NA,NA
2022-05-15 21:00:00,50.19,188.73,7.11,56.19,63.30,NA,NA,0.71,76.12,NA,NA,NA,NA,NA,NA,NA,NA,NA,NA,NA,0.00,NA,NA,NA
2022-05-15 22:00:00,87.12,261.91,7.03,40.56,47.59,NA,NA,0.74,88.28,NA,NA,NA,NA,NA,NA,NA,NA,NA,NA,NA,0.00,NA,NA,NA
2022-05-15 23:00:00,96.77,271.29,7.10,51.84,58.94,NA,NA,0.78,54.34,NA,NA,NA,NA,NA,NA,NA,NA,NA,NA,NA,0.00,NA,NA,NA
2022-05-16 00:00:00,89.95,337.89,7.02,46.74,53.77,NA,NA,0.76,49.79,NA,NA,NA,NA,NA,NA,NA,NA,NA,NA,NA,0.00,NA,NA,NA
2022-05-16 01:00:00,79.29,281.96,7.19,65.95,73.14,NA,NA,0.67,32.09,NA,NA,NA,NA,NA,NA,NA,NA,NA,NA,NA,0.00,NA,NA,NA
2022-05-16 02:00:00,56.91,219.43,7.02,54.36,61.37,NA,NA,0.48,26.73,NA,NA,NA,NA,NA,NA,NA,NA,NA,NA,NA,0.00,NA,NA,NA
2022-05-16 03:00:00,36.22,204.67,6.43,34.69,41.12,NA,NA,0.37,39.57,NA,NA,NA,NA,NA,NA,NA,NA,NA,NA,NA,0.00,NA,NA,NA
2022-05-16 04:00:00,41.25,264.83,6.55,27.46,34.00,NA,NA,0.32,44.15,NA,NA,NA,NA,NA,NA,NA,NA,NA,NA,NA,0.00,NA,NA,NA
2022-05-16 05:00:00,43.41,487.12,6.33,26.62,32.96,NA,NA,0.31,45.14,NA,NA,NA,NA,NA,NA,NA,NA,NA,NA,NA,0.00,NA,NA,NA
2022-05-16 06:00:00,56.77,486.05,7.11,35.26,42.37,NA,NA,0.33,36.65,NA,NA,NA,NA,NA,NA,NA,NA,NA,NA,NA,0.00,NA,NA,NA
2022-05-16 07:00:00,60.83,530.62,7.06,32.29,39.35,NA,NA,0.34,44.37,NA,NA,NA,NA,NA,NA,NA,NA,NA,NA,NA,0.00,NA,NA,NA
2022-05-16 08:00:00,69.35,617.69,7.26,30.76,38.02,NA,NA,0.36,46.83,NA,NA,NA,NA,NA,NA,NA,NA,NA,NA,NA,0.00,NA,NA,NA
2022-05-16 09:00:00,66.96,593.76,8.86,29.81,38.66,NA,NA,0.37,51.65,NA,NA,NA,NA,NA,NA,NA,NA,NA,NA,NA,0.00,NA,NA,NA
2022-05-16 10:00:00,68.73,646.48,8.22,22.53,30.75,NA,NA,0.35,63.22,NA,NA,NA,NA,NA,NA,NA,NA,NA,NA,NA,0.00,NA,NA,NA
2022-05-16 11:00:00,67.11,608.34,8.67,24.42,33.09,NA,NA,0.35,66.19,NA,NA,NA,NA,NA,NA,NA,NA,NA,NA,NA,0.00,NA,NA,NA
2022-05-16 12:00:00,65.07,551.76,7.92,20.35,28.28,NA,NA,0.36,71.80,NA,NA,NA,NA,NA,NA,NA,NA,NA,NA,NA,0.00,NA,NA,NA
2022-05-16 13:00:00,60.00,534.64,7.86,19.89,27.75,NA,NA,0.35,72.75,NA,NA,NA,NA,NA,NA,NA,NA,NA,NA,NA,0.00,NA,NA,NA
2022-05-16 14:00:00,65.91,498.24,7.47,19.04,26.52,NA,NA,0.35,76.51,NA,NA,NA,NA,NA,NA,NA,NA,NA,NA,NA,0.00,NA,NA,NA
2022-05-16 15:00:00,62.73,443.50,7.27,18.73,26.00,NA,NA,0.34,74.70,NA,NA,NA,NA,NA,NA,NA,NA,NA,NA,NA,0.00,NA,NA,NA
2022-05-16 16:00:00,59.55,416.25,6.87,20.03,26.89,NA,NA,0.34,71.96,NA,NA,NA,NA,NA,NA,NA,NA,NA,NA,NA,0.00,NA,NA,NA
2022-05-16 17:00:00,57.37,392.15,9.26,33.40,42.67,NA,NA,0.34,61.59,NA,NA,NA,NA,NA,NA,NA,NA,NA,NA,NA,0.00,NA,NA,NA
2022-05-16 18:00:00,60.06,378.90,8.11,40.35,48.39,NA,NA,0.39,46.88,NA,NA,NA,NA,NA,NA,NA,NA,NA,NA,NA,0.00,NA,NA,NA
2022-05-16 19:00:00,62.35,343.02,6.83,42.80,49.65,NA,NA,0.43,36.78,NA,NA,NA,NA,NA,NA,NA,NA,NA,NA,NA,0.00,NA,NA,NA
2022-05-16 20:00:00,73.62,396.66,6.93,62.61,69.59,NA,NA,0.92,17.91,NA,NA,NA,NA,NA,NA,NA,NA,NA,NA,NA,0.00,NA,NA,NA
2022-05-16 21:00:00,109.92,477.45,9.15,90.29,99.47,NA,NA,0.88,13.55,NA,NA,NA,NA,NA,NA,NA,NA,NA,NA,NA,0.00,NA,NA,NA
2022-05-16 22:00:00,95.14,566.43,7.08,45.84,52.75,NA,NA,0.68,61.11,NA,NA,NA,NA,NA,NA,NA,NA,NA,NA,NA,0.00,NA,NA,NA
2022-05-16 23:00:00,76.94,574.41,6.88,26.49,33.37,NA,NA,0.50,73.05,NA,NA,NA,NA,NA,NA,NA,NA,NA,NA,NA,0.00,NA,NA,NA
2022-05-17 00:00:00,47.93,309.03,6.87,24.63,31.51,NA,NA,0.43,67.97,NA,NA,NA,NA,NA,NA,NA,NA,NA,NA,NA,0.00,NA,NA,NA
2022-05-17 01:00:00,32.61,142.79,7.09,42.57,49.69,NA,NA,0.40,50.96,NA,NA,NA,NA,NA,NA,NA,NA,NA,NA,NA,0.00,NA,NA,NA
2022-05-17 02:00:00,22.95,101.32,6.91,25.97,32.85,NA,NA,0.40,59.73,NA,NA,NA,NA,NA,NA,NA,NA,NA,NA,NA,0.00,NA,NA,NA
2022-05-17 03:00:00,22.93,78.55,7.00,24.49,31.50,NA,NA,0.39,48.80,NA,NA,NA,NA,NA,NA,NA,NA,NA,NA,NA,0.00,NA,NA,NA
2022-05-17 04:00:00,26.14,84.95,6.81,27.35,34.16,NA,NA,0.40,43.56,NA,NA,NA,NA,NA,NA,NA,NA,NA,NA,NA,0.00,NA,NA,NA
2022-05-17 05:00:00,26.97,86.59,6.74,23.52,30.26,NA,NA,0.42,50.82,NA,NA,NA,NA,NA,NA,NA,NA,NA,NA,NA,0.00,NA,NA,NA
2022-05-17 06:00:00,34.26,97.34,7.90,38.15,46.08,NA,NA,0.46,37.07,NA,NA,NA,NA,NA,NA,NA,NA,NA,NA,NA,0.00,NA,NA,NA
2022-05-17 07:00:00,30.57,113.92,8.19,29.76,37.92,NA,NA,0.47,52.61,NA,NA,NA,NA,NA,NA,NA,NA,NA,NA,NA,0.00,NA,NA,NA
2022-05-17 08:00:00,35.63,178.57,8.21,23.25,31.46,NA,NA,0.49,70.74,NA,NA,NA,NA,NA,NA,NA,NA,NA,NA,NA,0.00,NA,NA,NA
2022-05-17 09:00:00,59.06,275.07,8.25,23.59,31.84,NA,NA,0.48,72.55,NA,NA,NA,NA,NA,NA,NA,NA,NA,NA,NA,0.00,NA,NA,NA
2022-05-17 10:00:00,63.10,374.38,8.29,26.49,34.80,NA,NA,0.46,83.45,NA,NA,NA,NA,NA,NA,NA,NA,NA,NA,NA,0.00,NA,NA,NA
2022-05-17 11:00:00,69.03,464.88,8.45,29.69,38.14,NA,NA,0.47,98.55,NA,NA,NA,NA,NA,NA,NA,NA,NA,NA,NA,0.00,NA,NA,NA
2022-05-17 12:00:00,81.41,486.15,8.14,24.19,32.31,NA,NA,0.42,99.62,NA,NA,NA,NA,NA,NA,NA,NA,NA,NA,NA,0.00,NA,NA,NA
2022-05-17 13:00:00,64.89,466.42,7.73,21.25,28.98,NA,NA,0.41,95.98,NA,NA,NA,NA,NA,NA,NA,NA,NA,NA,NA,0.00,NA,NA,NA
2022-05-17 14:00:00,71.62,466.04,7.55,21.03,28.57,NA,NA,0.42,98.13,NA,NA,NA,NA,NA,NA,NA,NA,NA,NA,NA,0.00,NA,NA,NA
2022-05-17 15:00:00,69.30,453.38,7.15,19.84,26.98,NA,NA,0.40,91.50,NA,NA,NA,NA,NA,NA,NA,NA,NA,NA,NA,0.00,NA,NA,NA
2022-05-17 16:00:00,68.15,407.73,6.90,21.20,28.11,NA,NA,0.41,97.07,NA,NA,NA,NA,NA,NA,NA,NA,NA,NA,NA,0.00,NA,NA,NA
2022-05-17 17:00:00,73.09,413.88,6.53,29.24,35.81,NA,NA,0.45,113.92,NA,NA,NA,NA,NA,NA,NA,NA,NA,NA,NA,0.00,NA,NA,NA
2022-05-17 18:00:00,83.10,431.39,6.76,36.09,42.86,NA,NA,0.58,136.17,NA,NA,NA,NA,NA,NA,NA,NA,NA,NA,NA,0.00,NA,NA,NA
2022-05-17 19:00:00,70.42,357.64,6.46,36.14,42.59,NA,NA,0.56,96.83,NA,NA,NA,NA,NA,NA,NA,NA,NA,NA,NA,0.00,NA,NA,NA
2022-05-17 20:00:00,58.84,294.11,6.27,35.44,41.71,NA,NA,0.58,82.14,NA,NA,NA,NA,NA,NA,NA,NA,NA,NA,NA,0.00,NA,NA,NA
2022-05-17 21:00:00,56.67,294.45,6.29,43.15,49.49,NA,NA,0.62,65.07,NA,NA,NA,NA,NA,NA,NA,NA,NA,NA,NA,0.00,NA,NA,NA
2022-05-17 22:00:00,80.16,334.58,6.21,55.96,62.17,NA,NA,0.79,43.38,NA,NA,NA,NA,NA,NA,NA,NA,NA,NA,NA,0.00,NA,NA,NA
2022-05-17 23:00:00,86.84,331.35,6.21,51.65,57.86,NA,NA,0.74,43.24,NA,NA,NA,NA,NA,NA,NA,NA,NA,NA,NA,0.00,NA,NA,NA
2022-05-18 00:00:00,94.28,361.75,6.53,52.66,59.18,NA,NA,0.74,41.81,NA,NA,NA,NA,NA,NA,NA,NA,NA,NA,NA,0.00,NA,NA,NA
2022-05-18 01:00:00,92.83,328.65,6.40,52.17,58.59,NA,NA,0.76,32.40,NA,NA,NA,NA,NA,NA,NA,NA,NA,NA,NA,0.00,NA,NA,NA
2022-05-18 02:00:00,92.43,333.38,6.38,50.80,57.16,NA,NA,0.77,31.34,NA,NA,NA,NA,NA,NA,NA,NA,NA,NA,NA,0.00,NA,NA,NA
2022-05-18 03:00:00,84.36,298.96,6.44,41.10,47.54,NA,NA,0.74,29.69,NA,NA,NA,NA,NA,NA,NA,NA,NA,NA,NA,0.00,NA,NA,NA
2022-05-18 04:00:00,72.56,262.82,6.18,34.06,40.24,NA,NA,0.54,64.61,NA,NA,NA,NA,NA,NA,NA,NA,NA,NA,NA,0.00,NA,NA,NA
2022-05-18 05:00:00,38.81,211.16,6.19,21.44,27.63,NA,NA,0.34,80.47,NA,NA,NA,NA,NA,NA,NA,NA,NA,NA,NA,0.00,NA,NA,NA
2022-05-18 06:00:00,38.24,160.76,6.56,29.11,35.67,NA,NA,0.37,68.40,NA,NA,NA,NA,NA,NA,NA,NA,NA,NA,NA,0.00,NA,NA,NA
2022-05-18 07:00:00,41.89,197.09,7.50,33.70,41.19,NA,NA,0.51,57.71,NA,NA,NA,NA,NA,NA,NA,NA,NA,NA,NA,0.00,NA,NA,NA
2022-05-18 08:00:00,54.63,218.48,8.24,31.34,39.58,NA,NA,0.57,72.63,NA,NA,NA,NA,NA,NA,NA,NA,NA,NA,NA,0.00,NA,NA,NA
2022-05-18 09:00:00,56.95,239.35,8.08,23.99,32.07,NA,NA,0.48,84.57,NA,NA,NA,NA,NA,NA,NA,NA,NA,NA,NA,0.00,NA,NA,NA
2022-05-18 10:00:00,60.08,271.52,8.42,27.86,36.27,NA,NA,0.51,96.23,NA,NA,NA,NA,NA,NA,NA,NA,NA,NA,NA,0.00,NA,NA,NA
2022-05-18 11:00:00,66.49,306.70,8.51,27.65,36.16,NA,NA,0.54,108.43,NA,NA,NA,NA,NA,NA,NA,NA,NA,NA,NA,0.00,NA,NA,NA
2022-05-18 12:00:00,64.88,293.74,8.28,23.40,31.69,NA,NA,0.49,107.27,NA,NA,NA,NA,NA,NA,NA,NA,NA,NA,NA,0.00,NA,NA,NA
2022-05-18 13:00:00,69.61,360.42,8.04,35.25,43.29,NA,NA,0.62,140.74,NA,NA,NA,NA,NA,NA,NA,NA,NA,NA,NA,0.00,NA,NA,NA
2022-05-18 14:00:00,62.73,379.95,8.31,32.14,40.45,NA,NA,0.59,132.18,NA,NA,NA,NA,NA,NA,NA,NA,NA,NA,NA,0.00,NA,NA,NA
2022-05-18 15:00:00,59.30,316.00,7.99,26.64,34.63,NA,NA,0.55,129.30,NA,NA,NA,NA,NA,NA,NA,NA,NA,NA,NA,0.00,NA,NA,NA
2022-05-18 16:00:00,63.57,283.98,7.76,27.90,35.67,NA,NA,0.52,122.20,NA,NA,NA,NA,NA,NA,NA,NA,NA,NA,NA,0.00,NA,NA,NA
2022-05-18 17:00:00,58.08,240.95,7.43,25.31,32.73,NA,NA,0.50,115.91,NA,NA,NA,NA,NA,NA,NA,NA,NA,NA,NA,0.00,NA,NA,NA
2022-05-18 18:00:00,51.14,226.20,6.92,24.41,31.34,NA,NA,0.49,100.71,NA,NA,NA,NA,NA,NA,NA,NA,NA,NA,NA,0.00,NA,NA,NA
2022-05-18 19:00:00,48.97,213.40,6.47,28.91,35.37,NA,NA,0.51,79.87,NA,NA,NA,NA,NA,NA,NA,NA,NA,NA,NA,0.00,NA,NA,NA
2022-05-18 20:00:00,56.68,229.54,6.63,40.81,47.45,NA,NA,0.62,62.98,NA,NA,NA,NA,NA,NA,NA,NA,NA,NA,NA,0.00,NA,NA,NA
2022-05-18 21:00:00,67.59,265.67,6.80,48.33,55.13,NA,NA,0.69,51.95,NA,NA,NA,NA,NA,NA,NA,NA,NA,NA,NA,0.00,NA,NA,NA
2022-05-18 22:00:00,70.94,242.21,6.51,46.24,52.76,NA,NA,0.67,41.11,NA,NA,NA,NA,NA,NA,NA,NA,NA,NA,NA,0.00,NA,NA,NA
2022-05-18 23:00:00,64.97,227.64,6.46,41.93,48.40,NA,NA,0.63,42.57,NA,NA,NA,NA,NA,NA,NA,NA,NA,NA,NA,0.00,NA,NA,NA
2022-05-19 00:00:00,57.71,223.49,6.62,36.67,43.28,NA,NA,0.59,34.45,NA,NA,NA,NA,NA,NA,NA,NA,NA,NA,NA,0.00,NA,NA,NA
2022-05-19 01:00:00,56.42,206.67,6.68,35.93,42.61,NA,NA,0.57,36.63,NA,NA,NA,NA,NA,NA,NA,NA,NA,NA,NA,0.00,NA,NA,NA
2022-05-19 02:00:00,61.34,199.88,6.30,32.85,39.15,NA,NA,0.61,50.54,NA,NA,NA,NA,NA,NA,NA,NA,NA,NA,NA,0.00,NA,NA,NA
2022-05-19 03:00:00,65.18,222.48,5.87,30.83,36.71,NA,NA,0.63,48.16,NA,NA,NA,NA,NA,NA,NA,NA,NA,NA,NA,0.00,NA,NA,NA
2022-05-19 04:00:00,58.66,233.71,5.83,29.25,35.09,NA,NA,0.63,45.68,NA,NA,NA,NA,NA,NA,NA,NA,NA,NA,NA,0.00,NA,NA,NA
2022-05-19 05:00:00,55.25,223.56,5.92,30.83,36.74,NA,NA,0.63,35.93,NA,NA,NA,NA,NA,NA,NA,NA,NA,NA,NA,0.00,NA,NA,NA
2022-05-19 06:00:00,53.94,204.66,6.54,32.33,38.87,NA,NA,0.65,26.49,NA,NA,NA,NA,NA,NA,NA,NA,NA,NA,NA,0.00,NA,NA,NA
2022-05-19 07:00:00,51.21,156.93,8.04,35.35,43.39,NA,NA,0.61,47.69,NA,NA,NA,NA,NA,NA,NA,NA,NA,NA,NA,0.00,NA,NA,NA
2022-05-19 08:00:00,59.76,200.14,7.17,26.13,33.30,NA,NA,0.62,74.22,NA,NA,NA,NA,NA,NA,NA,NA,NA,NA,NA,0.00,NA,NA,NA
2022-05-19 09:00:00,69.42,272.51,7.50,27.52,35.01,NA,NA,0.65,86.78,NA,NA,NA,NA,NA,NA,NA,NA,NA,NA,NA,0.00,NA,NA,NA
2022-05-19 10:00:00,80.43,337.13,7.62,27.26,34.88,NA,NA,0.64,107.07,NA,NA,NA,NA,NA,NA,NA,NA,NA,NA,NA,0.00,NA,NA,NA
2022-05-19 11:00:00,75.48,295.86,7.59,24.34,31.94,NA,NA,0.59,108.39,NA,NA,NA,NA,NA,NA,NA,NA,NA,NA,NA,0.00,NA,NA,NA
2022-05-19 12:00:00,69.39,295.29,7.31,23.60,30.91,NA,NA,0.51,112.40,NA,NA,NA,NA,NA,NA,NA,NA,NA,NA,NA,0.00,NA,NA,NA
2022-05-19 13:00:00,61.55,324.19,7.23,26.07,33.30,NA,NA,0.51,132.19,NA,NA,NA,NA,NA,NA,NA,NA,NA,NA,NA,0.00,NA,NA,NA
2022-05-19 14:00:00,63.63,319.23,6.81,20.82,27.64,NA,NA,0.43,106.84,NA,NA,NA,NA,NA,NA,NA,NA,NA,NA,NA,0.00,NA,NA,NA
2022-05-19 15:00:00,49.52,306.63,6.49,19.64,26.13,NA,NA,0.39,92.94,NA,NA,NA,NA,NA,NA,NA,NA,NA,NA,NA,0.00,NA,NA,NA
2022-05-19 16:00:00,51.66,308.33,6.54,18.76,25.30,NA,NA,0.38,92.26,NA,NA,NA,NA,NA,NA,NA,NA,NA,NA,NA,0.00,NA,NA,NA
2022-05-19 17:00:00,74.07,286.14,6.44,22.35,28.79,NA,NA,0.39,88.96,NA,NA,NA,NA,NA,NA,NA,NA,NA,NA,NA,0.00,NA,NA,NA
2022-05-19 18:00:00,63.39,296.45,6.57,30.77,37.34,NA,NA,0.43,72.89,NA,NA,NA,NA,NA,NA,NA,NA,NA,NA,NA,0.00,NA,NA,NA
2022-05-19 19:00:00,60.40,303.98,6.47,48.13,54.60,NA,NA,0.55,63.10,NA,NA,NA,NA,NA,NA,NA,NA,NA,NA,NA,0.00,NA,NA,NA
2022-05-19 20:00:00,70.23,344.67,6.48,48.64,55.12,NA,NA,0.69,80.72,NA,NA,NA,NA,NA,NA,NA,NA,NA,NA,NA,0.00,NA,NA,NA
2022-05-19 21:00:00,73.65,306.81,6.63,48.25,54.88,NA,NA,0.75,55.71,NA,NA,NA,NA,NA,NA,NA,NA,NA,NA,NA,0.00,NA,NA,NA
2022-05-19 22:00:00,88.60,341.73,6.42,50.39,56.81,NA,NA,0.83,44.71,NA,NA,NA,NA,NA,NA,NA,NA,NA,NA,NA,0.00,NA,NA,NA
2022-05-19 23:00:00,89.57,324.35,6.34,45.98,52.32,NA,NA,0.81,35.90,NA,NA,NA,NA,NA,NA,NA,NA,NA,NA,NA,0.00,NA,NA,NA
2022-05-20 00:00:00,87.78,301.94,6.41,41.74,48.15,NA,NA,0.76,48.27,NA,NA,NA,NA,NA,NA,NA,NA,NA,NA,NA,0.00,NA,NA,NA
2022-05-20 01:00:00,81.97,325.05,6.56,41.68,48.25,NA,NA,0.76,43.51,NA,NA,NA,NA,NA,NA,NA,NA,NA,NA,NA,0.00,NA,NA,NA
2022-05-20 02:00:00,82.26,329.87,6.53,39.05,45.58,NA,NA,0.76,34.94,NA,NA,NA,NA,NA,NA,NA,NA,NA,NA,NA,0.00,NA,NA,NA
2022-05-20 03:00:00,95.44,325.70,6.43,37.07,43.50,NA,NA,0.79,37.26,NA,NA,NA,NA,NA,NA,NA,NA,NA,NA,NA,0.00,NA,NA,NA
2022-05-20 04:00:00,104.48,384.48,6.50,40.85,47.35,NA,NA,0.87,27.08,NA,NA,NA,NA,NA,NA,NA,NA,NA,NA,NA,0.00,NA,NA,NA
2022-05-20 05:00:00,102.54,431.38,7.76,55.18,62.92,NA,NA,0.93,15.56,NA,NA,NA,NA,NA,NA,NA,NA,NA,NA,NA,0.00,NA,NA,NA
2022-05-20 06:00:00,111.01,476.20,14.39,68.62,83.01,NA,NA,0.99,12.55,NA,NA,NA,NA,NA,NA,NA,NA,NA,NA,NA,0.00,NA,NA,NA
2022-05-20 07:00:00,102.86,287.45,12.89,59.86,72.76,NA,NA,0.93,23.19,NA,NA,NA,NA,NA,NA,NA,NA,NA,NA,NA,0.00,NA,NA,NA
2022-05-20 08:00:00,82.70,363.20,11.71,60.95,72.66,NA,NA,0.69,42.49,NA,NA,NA,NA,NA,NA,NA,NA,NA,NA,NA,0.00,NA,NA,NA
2022-05-20 09:00:00,58.41,424.95,12.09,61.46,73.55,NA,NA,0.56,58.24,NA,NA,NA,NA,NA,NA,NA,NA,NA,NA,NA,0.00,NA,NA,NA
2022-05-20 10:00:00,57.07,398.82,8.49,48.46,56.95,NA,NA,0.59,90.10,NA,NA,NA,NA,NA,NA,NA,NA,NA,NA,NA,0.00,NA,NA,NA
2022-05-20 11:00:00,60.88,426.45,7.77,32.75,40.52,NA,NA,0.49,106.21,NA,NA,NA,NA,NA,NA,NA,NA,NA,NA,NA,0.00,NA,NA,NA
2022-05-20 12:00:00,61.79,374.70,7.36,22.85,30.21,NA,NA,0.40,95.83,NA,NA,NA,NA,NA,NA,NA,NA,NA,NA,NA,0.00,NA,NA,NA
2022-05-20 13:00:00,29.30,321.85,6.76,20.34,27.10,NA,NA,0.37,86.89,NA,NA,NA,NA,NA,NA,NA,NA,NA,NA,NA,0.00,NA,NA,NA
2022-05-20 14:00:00,31.62,278.41,11.74,45.27,57.01,NA,NA,0.37,70.77,NA,NA,NA,NA,NA,NA,NA,NA,NA,NA,NA,0.00,NA,NA,NA
2022-05-20 15:00:00,34.27,268.89,11.69,42.99,54.64,NA,NA,0.36,66.78,NA,NA,NA,NA,NA,NA,NA,NA,NA,NA,NA,0.00,NA,NA,NA
2022-05-20 16:00:00,35.87,268.69,15.17,47.18,62.39,NA,NA,0.35,57.24,NA,NA,NA,NA,NA,NA,NA,NA,NA,NA,NA,0.00,NA,NA,NA
2022-05-20 17:00:00,35.32,292.62,6.08,31.46,37.54,NA,NA,0.35,66.71,NA,NA,NA,NA,NA,NA,NA,NA,NA,NA,NA,0.00,NA,NA,NA
2022-05-20 18:00:00,34.40,266.37,5.87,48.88,54.75,NA,NA,0.39,52.65,NA,NA,NA,NA,NA,NA,NA,NA,NA,NA,NA,0.00,NA,NA,NA
2022-05-20 19:00:00,44.98,640.76,5.38,26.54,31.92,NA,NA,0.31,70.06,NA,NA,NA,NA,NA,NA,NA,NA,NA,NA,NA,0.00,NA,NA,NA
2022-05-20 20:00:00,39.99,321.56,6.28,36.71,43.00,NA,NA,0.32,56.98,NA,NA,NA,NA,NA,NA,NA,NA,NA,NA,NA,0.00,NA,NA,NA
2022-05-20 21:00:00,61.65,441.59,6.45,29.65,36.10,NA,NA,0.24,64.08,NA,NA,NA,NA,NA,NA,NA,NA,NA,NA,NA,0.00,NA,NA,NA
2022-05-20 22:00:00,108.90,516.06,10.86,33.72,44.57,NA,NA,0.21,59.72,NA,NA,NA,NA,NA,NA,NA,NA,NA,NA,NA,0.00,NA,NA,NA
2022-05-20 23:00:00,115.89,316.20,12.96,36.03,48.98,NA,NA,0.22,55.79,NA,NA,NA,NA,NA,NA,NA,NA,NA,NA,NA,0.00,NA,NA,NA
2022-05-21 00:00:00,78.93,320.72,17.39,45.27,62.65,NA,NA,0.19,45.22,NA,NA,NA,NA,NA,NA,NA,NA,NA,NA,NA,0.00,NA,NA,NA
2022-05-21 01:00:00,86.04,367.78,22.16,54.51,76.67,NA,NA,0.17,29.83,NA,NA,NA,NA,NA,NA,NA,NA,NA,NA,NA,0.00,NA,NA,NA
2022-05-21 02:00:00,72.32,347.03,NA,NA,NA,NA,NA,0.19,32.46,NA,NA,NA,NA,NA,NA,NA,NA,NA,NA,NA,0.00,NA,NA,NA
2022-05-21 03:00:00,34.61,222.25,107.74,135.02,180.66,NA,NA,0.39,23.02,NA,NA,NA,NA,NA,NA,NA,NA,NA,NA,NA,0.00,NA,NA,NA
2022-05-21 04:00:00,NA,43.86,6.68,35.43,42.11,NA,NA,0.43,41.23,NA,NA,NA,NA,NA,NA,NA,NA,NA,NA,NA,0.00,NA,NA,NA
2022-05-21 05:00:00,NA,69.33,6.08,35.24,41.31,NA,NA,0.43,48.07,NA,NA,NA,NA,NA,NA,NA,NA,NA,NA,NA,0.00,NA,NA,NA
2022-05-21 06:00:00,NA,76.08,6.48,30.04,36.52,NA,NA,0.38,52.85,NA,NA,NA,NA,NA,NA,NA,NA,NA,NA,NA,0.00,NA,NA,NA
2022-05-21 07:00:00,NA,172.35,8.65,40.06,48.72,NA,NA,0.39,42.95,NA,NA,NA,NA,NA,NA,NA,NA,NA,NA,NA,0.00,NA,NA,NA
2022-05-21 08:00:00,23.47,242.90,7.82,33.86,41.68,NA,NA,0.33,49.12,NA,NA,NA,NA,NA,NA,NA,NA,NA,NA,NA,0.00,NA,NA,NA
2022-05-21 09:00:00,45.38,356.12,7.71,34.71,42.40,NA,NA,0.27,52.00,NA,NA,NA,NA,NA,NA,NA,NA,NA,NA,NA,0.00,NA,NA,NA
2022-05-21 10:00:00,25.70,244.34,239.79,118.50,103.45,NA,NA,0.31,65.09,NA,NA,NA,NA,NA,NA,NA,NA,NA,NA,NA,0.00,NA,NA,NA
2022-05-21 11:00:00,NA,NA,231.80,65.59,192.12,NA,NA,0.23,67.55,NA,NA,NA,NA,NA,NA,NA,NA,NA,NA,NA,0.00,NA,NA,NA
2022-05-21 12:00:00,NA,14.25,10.34,14.02,24.39,NA,NA,0.27,71.32,NA,NA,NA,NA,NA,NA,NA,NA,NA,NA,NA,0.00,NA,NA,NA
2022-05-21 13:00:00,NA,130.40,8.94,14.22,23.16,NA,NA,0.28,70.27,NA,NA,NA,NA,NA,NA,NA,NA,NA,NA,NA,0.00,NA,NA,NA
2022-05-21 14:00:00,NA,253.71,5.09,12.74,17.83,NA,NA,0.30,79.49,NA,NA,NA,NA,NA,NA,NA,NA,NA,NA,NA,0.00,NA,NA,NA
2022-05-21 15:00:00,NA,283.89,4.41,12.65,17.06,NA,NA,0.31,69.55,NA,NA,NA,NA,NA,NA,NA,NA,NA,NA,NA,0.00,NA,NA,NA
2022-05-21 16:00:00,6.16,274.02,3.94,12.62,16.57,NA,NA,0.30,62.02,NA,NA,NA,NA,NA,NA,NA,NA,NA,NA,NA,0.00,NA,NA,NA
2022-05-21 17:00:00,NA,224.92,3.28,12.47,15.74,NA,NA,0.29,53.99,NA,NA,NA,NA,NA,NA,NA,NA,NA,NA,NA,0.00,NA,NA,NA
2022-05-21 18:00:00,39.99,266.97,3.43,12.49,15.93,NA,NA,0.41,23.78,NA,NA,NA,NA,NA,NA,NA,NA,NA,NA,NA,0.00,NA,NA,NA
2022-05-21 19:00:00,58.89,506.46,3.15,12.43,15.59,NA,NA,0.36,61.44,NA,NA,NA,NA,NA,NA,NA,NA,NA,NA,NA,0.00,NA,NA,NA
2022-05-21 20:00:00,36.86,670.35,3.14,12.50,15.64,NA,NA,0.26,68.02,NA,NA,NA,NA,NA,NA,NA,NA,NA,NA,NA,0.00,NA,NA,NA
2022-05-21 21:00:00,94.17,342.98,4.49,12.58,17.06,NA,NA,0.24,47.97,NA,NA,NA,NA,NA,NA,NA,NA,NA,NA,NA,0.00,NA,NA,NA
2022-05-21 22:00:00,NA,NA,NA,NA,NA,NA,NA,NA,NA,NA,NA,NA,NA,NA,NA,NA,NA,NA,NA,NA,0.00,NA,NA,NA
2022-05-21 23:00:00,NA,NA,NA,NA,NA,NA,NA,NA,NA,NA,NA,NA,NA,NA,NA,NA,NA,NA,NA,NA,0.00,NA,NA,NA
2022-05-22 00:00:00,57.06,148.52,244.29,69.60,93.15,NA,NA,0.55,14.08,NA,NA,NA,NA,NA,NA,NA,NA,NA,NA,NA,0.00,NA,NA,NA
2022-05-22 01:00:00,NA,NA,3.71,12.52,16.24,NA,NA,0.47,12.31,NA,NA,NA,NA,NA,NA,NA,NA,NA,NA,NA,0.00,NA,NA,NA
2022-05-22 02:00:00,NA,29.26,2.18,12.10,14.28,NA,NA,0.49,7.16,NA,NA,NA,NA,NA,NA,NA,NA,NA,NA,NA,0.00,NA,NA,NA
2022-05-22 03:00:00,NA,188.65,2.07,12.03,14.11,NA,NA,0.51,6.13,NA,NA,NA,NA,NA,NA,NA,NA,NA,NA,NA,0.00,NA,NA,NA
2022-05-22 04:00:00,NA,73.12,2.08,12.14,14.22,NA,NA,0.50,6.11,NA,NA,NA,NA,NA,NA,NA,NA,NA,NA,NA,0.00,NA,NA,NA
2022-05-22 05:00:00,2.94,87.94,2.16,11.94,14.09,NA,NA,0.54,5.83,NA,NA,NA,NA,NA,NA,NA,NA,NA,NA,NA,0.00,NA,NA,NA
2022-05-22 06:00:00,8.40,107.39,2.32,12.23,14.54,NA,NA,0.60,6.20,NA,NA,NA,NA,NA,NA,NA,NA,NA,NA,NA,0.00,NA,NA,NA
2022-05-22 07:00:00,15.49,28.25,2.67,12.40,15.07,NA,NA,0.58,13.67,NA,NA,NA,NA,NA,NA,NA,NA,NA,NA,NA,0.00,NA,NA,NA
2022-05-22 08:00:00,19.52,113.57,3.13,12.24,15.37,NA,NA,0.44,52.92,NA,NA,NA,NA,NA,NA,NA,NA,NA,NA,NA,0.00,NA,NA,NA
2022-05-22 09:00:00,33.75,205.93,3.58,12.37,15.95,NA,NA,0.43,73.28,NA,NA,NA,NA,NA,NA,NA,NA,NA,NA,NA,0.00,NA,NA,NA
2022-05-22 10:00:00,36.33,206.50,3.77,12.37,16.14,NA,NA,0.42,82.77,NA,NA,NA,NA,NA,NA,NA,NA,NA,NA,NA,0.00,NA,NA,NA
2022-05-22 11:00:00,43.15,234.50,3.92,12.57,16.49,NA,NA,0.43,89.49,NA,NA,NA,NA,NA,NA,NA,NA,NA,NA,NA,0.00,NA,NA,NA
2022-05-22 12:00:00,43.16,239.02,3.89,12.43,16.32,NA,NA,0.42,100.93,NA,NA,NA,NA,NA,NA,NA,NA,NA,NA,NA,0.00,NA,NA,NA
2022-05-22 13:00:00,30.63,221.13,3.81,12.66,16.47,NA,NA,0.41,100.99,NA,NA,NA,NA,NA,NA,NA,NA,NA,NA,NA,0.00,NA,NA,NA
2022-05-22 14:00:00,32.35,204.48,4.32,12.65,16.96,NA,NA,0.39,106.45,NA,NA,NA,NA,NA,NA,NA,NA,NA,NA,NA,0.00,NA,NA,NA
2022-05-22 15:00:00,34.36,221.76,4.07,12.57,16.64,NA,NA,0.40,121.86,NA,NA,NA,NA,NA,NA,NA,NA,NA,NA,NA,0.00,NA,NA,NA
2022-05-22 16:00:00,37.73,230.51,3.47,12.31,15.78,NA,NA,0.39,130.59,NA,NA,NA,NA,NA,NA,NA,NA,NA,NA,NA,0.00,NA,NA,NA
2022-05-22 17:00:00,35.07,224.89,3.40,12.48,15.88,NA,NA,0.40,140.62,NA,NA,NA,NA,NA,NA,NA,NA,NA,NA,NA,0.00,NA,NA,NA
2022-05-22 18:00:00,48.43,248.35,2.80,12.52,15.32,NA,NA,0.46,137.95,NA,NA,NA,NA,NA,NA,NA,NA,NA,NA,NA,0.00,NA,NA,NA
2022-05-22 19:00:00,35.36,248.73,2.51,12.35,14.86,NA,NA,0.46,113.34,NA,NA,NA,NA,NA,NA,NA,NA,NA,NA,NA,0.00,NA,NA,NA
2022-05-22 20:00:00,55.46,260.90,3.15,12.07,15.22,NA,NA,0.47,81.74,NA,NA,NA,NA,NA,NA,NA,NA,NA,NA,NA,0.00,NA,NA,NA
2022-05-22 21:00:00,34.84,209.84,2.60,12.41,15.02,NA,NA,0.49,81.28,NA,NA,NA,NA,NA,NA,NA,NA,NA,NA,NA,0.00,NA,NA,NA
2022-05-22 22:00:00,27.63,206.41,3.12,14.13,17.24,NA,NA,0.49,80.40,NA,NA,NA,NA,NA,NA,NA,NA,NA,NA,NA,0.00,NA,NA,NA
2022-05-22 23:00:00,27.20,188.69,5.88,27.04,32.92,NA,NA,0.49,76.34,NA,NA,NA,NA,NA,NA,NA,NA,NA,NA,NA,0.00,NA,NA,NA
2022-05-23 00:00:00,26.67,172.37,6.41,26.31,32.72,NA,NA,0.48,70.85,NA,NA,NA,NA,NA,NA,NA,NA,NA,NA,NA,0.00,NA,NA,NA
2022-05-23 01:00:00,27.95,178.88,6.60,26.62,33.23,NA,NA,0.49,64.32,NA,NA,NA,NA,NA,NA,NA,NA,NA,NA,NA,0.00,NA,NA,NA
2022-05-23 02:00:00,43.91,167.56,6.60,24.71,31.31,NA,NA,0.49,67.88,NA,NA,NA,NA,NA,NA,NA,NA,NA,NA,NA,0.00,NA,NA,NA
2022-05-23 03:00:00,42.86,155.63,6.32,21.73,28.05,NA,NA,0.49,71.69,NA,NA,NA,NA,NA,NA,NA,NA,NA,NA,NA,0.00,NA,NA,NA
2022-05-23 04:00:00,43.66,159.90,6.13,21.67,27.80,NA,NA,0.49,67.00,NA,NA,NA,NA,NA,NA,NA,NA,NA,NA,NA,0.00,NA,NA,NA
2022-05-23 05:00:00,48.65,160.32,5.83,24.70,30.53,NA,NA,0.47,62.11,NA,NA,NA,NA,NA,NA,NA,NA,NA,NA,NA,0.00,NA,NA,NA
2022-05-23 06:00:00,63.47,212.54,5.86,24.93,30.79,NA,NA,0.36,77.59,NA,NA,NA,NA,NA,NA,NA,NA,NA,NA,NA,0.00,NA,NA,NA
2022-05-23 07:00:00,57.55,44.16,6.01,23.65,29.66,NA,NA,0.31,91.64,NA,NA,NA,NA,NA,NA,NA,NA,NA,NA,NA,0.00,NA,NA,NA
2022-05-23 08:00:00,10.25,50.26,6.08,29.12,35.20,NA,NA,0.29,86.05,NA,NA,NA,NA,NA,NA,NA,NA,NA,NA,NA,0.00,NA,NA,NA
2022-05-23 09:00:00,11.83,35.93,6.19,29.53,35.72,NA,NA,0.27,84.35,NA,NA,NA,NA,NA,NA,NA,NA,NA,NA,NA,0.00,NA,NA,NA
2022-05-23 10:00:00,19.56,36.94,7.38,30.38,37.75,NA,NA,0.32,73.71,NA,NA,NA,NA,NA,NA,NA,NA,NA,NA,NA,0.00,NA,NA,NA
2022-05-23 11:00:00,8.55,16.63,8.08,27.91,35.99,NA,NA,0.34,75.56,NA,NA,NA,NA,NA,NA,NA,NA,NA,NA,NA,0.00,NA,NA,NA
2022-05-23 12:00:00,0.93,NA,7.79,26.17,33.96,NA,NA,0.35,75.47,NA,NA,NA,NA,NA,NA,NA,NA,NA,NA,NA,0.00,NA,NA,NA
2022-05-23 13:00:00,10.40,41.06,8.68,34.10,42.77,NA,NA,0.39,82.11,NA,NA,NA,NA,NA,NA,NA,NA,NA,NA,NA,0.00,NA,NA,NA
2022-05-23 14:00:00,32.78,102.52,7.62,26.98,34.61,NA,NA,0.38,84.87,NA,NA,NA,NA,NA,NA,NA,NA,NA,NA,NA,0.00,NA,NA,NA
2022-05-23 15:00:00,20.50,79.94,7.51,27.13,34.64,NA,NA,0.36,84.80,NA,NA,NA,NA,NA,NA,NA,NA,NA,NA,NA,0.00,NA,NA,NA
2022-05-23 16:00:00,28.42,89.99,6.97,26.04,33.00,NA,NA,0.39,84.66,NA,NA,NA,NA,NA,NA,NA,NA,NA,NA,NA,0.00,NA,NA,NA
2022-05-23 17:00:00,35.77,105.53,6.52,30.67,37.19,NA,NA,0.40,73.61,NA,NA,NA,NA,NA,NA,NA,NA,NA,NA,NA,0.00,NA,NA,NA
2022-05-23 18:00:00,15.92,65.84,6.04,28.62,34.66,NA,NA,0.38,72.58,NA,NA,NA,NA,NA,NA,NA,NA,NA,NA,NA,0.00,NA,NA,NA
2022-05-23 19:00:00,31.96,76.94,5.59,30.42,36.01,NA,NA,0.37,68.88,NA,NA,NA,NA,NA,NA,NA,NA,NA,NA,NA,0.00,NA,NA,NA
2022-05-23 20:00:00,46.85,113.45,6.23,31.89,38.13,NA,NA,0.42,60.36,NA,NA,NA,NA,NA,NA,NA,NA,NA,NA,NA,0.00,NA,NA,NA
2022-05-23 21:00:00,18.56,54.28,6.07,31.21,37.29,NA,NA,0.44,61.09,NA,NA,NA,NA,NA,NA,NA,NA,NA,NA,NA,0.00,NA,NA,NA
2022-05-23 22:00:00,7.17,60.72,6.28,29.56,35.84,NA,NA,0.45,60.49,NA,NA,NA,NA,NA,NA,NA,NA,NA,NA,NA,0.00,NA,NA,NA
2022-05-23 23:00:00,19.40,83.04,6.21,31.03,37.24,NA,NA,0.41,65.91,NA,NA,NA,NA,NA,NA,NA,NA,NA,NA,NA,0.00,NA,NA,NA
2022-05-24 00:00:00,20.21,102.49,5.78,27.17,32.95,NA,NA,0.37,65.62,NA,NA,NA,NA,NA,NA,NA,NA,NA,NA,NA,0.00,NA,NA,NA
2022-05-24 01:00:00,25.99,94.07,5.83,29.08,34.92,NA,NA,0.36,64.74,NA,NA,NA,NA,NA,NA,NA,NA,NA,NA,NA,0.00,NA,NA,NA
2022-05-24 02:00:00,33.06,97.97,6.64,31.23,37.87,NA,NA,0.35,61.77,NA,NA,NA,NA,NA,NA,NA,NA,NA,NA,NA,0.00,NA,NA,NA
2022-05-24 03:00:00,13.11,71.92,5.96,22.41,28.37,NA,NA,0.39,53.64,NA,NA,NA,NA,NA,NA,NA,NA,NA,NA,NA,0.00,NA,NA,NA
2022-05-24 04:00:00,1.20,86.88,5.68,22.95,28.63,NA,NA,0.40,32.95,NA,NA,NA,NA,NA,NA,NA,NA,NA,NA,NA,0.00,NA,NA,NA
2022-05-24 05:00:00,2.13,75.73,5.79,25.53,31.32,NA,NA,0.40,37.39,NA,NA,NA,NA,NA,NA,NA,NA,NA,NA,NA,0.00,NA,NA,NA
2022-05-24 06:00:00,7.47,88.45,6.77,24.71,31.49,NA,NA,0.40,45.33,NA,NA,NA,NA,NA,NA,NA,NA,NA,NA,NA,0.00,NA,NA,NA
2022-05-24 07:00:00,12.85,16.86,7.55,25.17,32.72,NA,NA,0.43,54.10,NA,NA,NA,NA,NA,NA,NA,NA,NA,NA,NA,0.00,NA,NA,NA
2022-05-24 08:00:00,29.70,61.59,7.21,21.75,28.96,NA,NA,0.44,65.72,NA,NA,NA,NA,NA,NA,NA,NA,NA,NA,NA,0.00,NA,NA,NA
2022-05-24 09:00:00,20.45,34.71,7.39,22.09,29.48,NA,NA,0.41,73.37,NA,NA,NA,NA,NA,NA,NA,NA,NA,NA,NA,0.00,NA,NA,NA
2022-05-24 10:00:00,44.41,45.76,7.47,21.13,28.60,NA,NA,0.43,79.97,NA,NA,NA,NA,NA,NA,NA,NA,NA,NA,NA,0.00,NA,NA,NA
2022-05-24 11:00:00,24.12,56.76,7.38,20.53,27.91,NA,NA,0.43,80.45,NA,NA,NA,NA,NA,NA,NA,NA,NA,NA,NA,0.00,NA,NA,NA
2022-05-24 12:00:00,33.85,42.20,6.96,20.11,27.07,NA,NA,0.42,82.19,NA,NA,NA,NA,NA,NA,NA,NA,NA,NA,NA,0.00,NA,NA,NA
2022-05-24 13:00:00,26.52,23.89,6.97,20.18,27.15,NA,NA,0.42,85.73,NA,NA,NA,NA,NA,NA,NA,NA,NA,NA,NA,0.00,NA,NA,NA
2022-05-24 14:00:00,25.75,27.84,6.85,20.92,27.76,NA,NA,0.42,87.63,NA,NA,NA,NA,NA,NA,NA,NA,NA,NA,NA,0.00,NA,NA,NA
2022-05-24 15:00:00,27.83,49.76,6.24,20.39,26.63,NA,NA,0.42,89.97,NA,NA,NA,NA,NA,NA,NA,NA,NA,NA,NA,0.00,NA,NA,NA
2022-05-24 16:00:00,35.94,97.40,6.38,21.25,27.63,NA,NA,0.43,94.38,NA,NA,NA,NA,NA,NA,NA,NA,NA,NA,NA,0.00,NA,NA,NA
2022-05-24 17:00:00,44.99,156.58,6.58,24.08,30.67,NA,NA,0.45,98.92,NA,NA,NA,NA,NA,NA,NA,NA,NA,NA,NA,0.00,NA,NA,NA
2022-05-24 18:00:00,45.08,137.10,6.59,24.91,31.50,NA,NA,0.44,89.00,NA,NA,NA,NA,NA,NA,NA,NA,NA,NA,NA,0.00,NA,NA,NA
2022-05-24 19:00:00,27.34,132.05,5.82,25.81,31.63,NA,NA,0.45,62.02,NA,NA,NA,NA,NA,NA,NA,NA,NA,NA,NA,0.00,NA,NA,NA
2022-05-24 20:00:00,26.53,140.89,6.00,33.98,39.98,NA,NA,0.49,41.37,NA,NA,NA,NA,NA,NA,NA,NA,NA,NA,NA,0.00,NA,NA,NA
2022-05-24 21:00:00,26.64,172.05,6.57,43.65,50.22,NA,NA,0.61,19.26,NA,NA,NA,NA,NA,NA,NA,NA,NA,NA,NA,0.00,NA,NA,NA
2022-05-24 22:00:00,44.62,267.88,7.24,45.00,52.24,NA,NA,0.75,11.71,NA,NA,NA,NA,NA,NA,NA,NA,NA,NA,NA,0.00,NA,NA,NA
2022-05-24 23:00:00,53.06,238.29,6.52,41.71,48.24,NA,NA,0.69,23.92,NA,NA,NA,NA,NA,NA,NA,NA,NA,NA,NA,0.00,NA,NA,NA
2022-05-25 00:00:00,44.03,275.88,8.54,38.97,47.51,NA,NA,0.70,10.68,NA,NA,NA,NA,NA,NA,NA,NA,NA,NA,NA,0.00,NA,NA,NA
2022-05-25 01:00:00,50.54,266.61,6.82,40.77,47.59,NA,NA,0.74,12.85,NA,NA,NA,NA,NA,NA,NA,NA,NA,NA,NA,0.00,NA,NA,NA
2022-05-25 02:00:00,50.84,247.40,8.00,36.94,44.95,NA,NA,0.74,7.62,NA,NA,NA,NA,NA,NA,NA,NA,NA,NA,NA,0.00,NA,NA,NA
2022-05-25 03:00:00,48.11,197.25,7.64,38.43,46.08,NA,NA,0.74,8.01,NA,NA,NA,NA,NA,NA,NA,NA,NA,NA,NA,0.00,NA,NA,NA
2022-05-25 04:00:00,66.18,174.07,15.82,39.07,54.90,NA,NA,0.74,7.02,NA,NA,NA,NA,NA,NA,NA,NA,NA,NA,NA,0.00,NA,NA,NA
2022-05-25 05:00:00,81.10,254.54,27.55,40.57,68.13,NA,NA,0.81,7.08,NA,NA,NA,NA,NA,NA,NA,NA,NA,NA,NA,0.00,NA,NA,NA
2022-05-25 06:00:00,51.64,315.57,37.62,44.53,82.17,NA,NA,0.90,8.08,NA,NA,NA,NA,NA,NA,NA,NA,NA,NA,NA,0.00,NA,NA,NA
2022-05-25 07:00:00,101.85,237.45,30.57,83.74,114.27,NA,NA,1.18,24.55,NA,NA,NA,NA,NA,NA,NA,NA,NA,NA,NA,0.00,NA,NA,NA
2022-05-25 08:00:00,126.58,264.26,10.08,52.06,62.13,NA,NA,0.82,63.04,NA,NA,NA,NA,NA,NA,NA,NA,NA,NA,NA,0.00,NA,NA,NA
2022-05-25 09:00:00,50.14,202.92,9.02,33.34,42.36,NA,NA,0.55,86.35,NA,NA,NA,NA,NA,NA,NA,NA,NA,NA,NA,0.00,NA,NA,NA
2022-05-25 10:00:00,41.42,138.30,9.16,30.19,39.35,NA,NA,0.55,100.18,NA,NA,NA,NA,NA,NA,NA,NA,NA,NA,NA,0.00,NA,NA,NA
2022-05-25 11:00:00,68.43,196.55,9.06,31.89,40.95,NA,NA,0.61,120.83,NA,NA,NA,NA,NA,NA,NA,NA,NA,NA,NA,0.00,NA,NA,NA
2022-05-25 12:00:00,56.88,182.00,9.11,29.97,39.07,NA,NA,0.57,128.64,NA,NA,NA,NA,NA,NA,NA,NA,NA,NA,NA,0.00,NA,NA,NA
2022-05-25 13:00:00,60.36,187.74,7.89,29.39,37.27,NA,NA,0.56,140.62,NA,NA,NA,NA,NA,NA,NA,NA,NA,NA,NA,0.00,NA,NA,NA
2022-05-25 14:00:00,63.46,202.04,7.59,30.78,38.37,NA,NA,0.60,145.38,NA,NA,NA,NA,NA,NA,NA,NA,NA,NA,NA,0.00,NA,NA,NA
2022-05-25 15:00:00,62.78,195.43,7.20,28.33,35.53,NA,NA,0.52,140.82,NA,NA,NA,NA,NA,NA,NA,NA,NA,NA,NA,0.00,NA,NA,NA
2022-05-25 16:00:00,61.91,163.68,7.01,25.78,32.79,NA,NA,0.50,140.45,NA,NA,NA,NA,NA,NA,NA,NA,NA,NA,NA,0.00,NA,NA,NA
2022-05-25 17:00:00,62.71,166.62,6.77,24.12,30.89,NA,NA,0.48,133.30,NA,NA,NA,NA,NA,NA,NA,NA,NA,NA,NA,0.00,NA,NA,NA
2022-05-25 18:00:00,45.92,122.07,6.40,28.33,34.73,NA,NA,0.47,125.63,NA,NA,NA,NA,NA,NA,NA,NA,NA,NA,NA,0.00,NA,NA,NA
2022-05-25 19:00:00,60.69,158.10,6.45,37.18,43.63,NA,NA,0.51,100.90,NA,NA,NA,NA,NA,NA,NA,NA,NA,NA,NA,0.00,NA,NA,NA
2022-05-25 20:00:00,64.48,195.57,6.45,46.83,53.28,NA,NA,0.61,67.65,NA,NA,NA,NA,NA,NA,NA,NA,NA,NA,NA,0.00,NA,NA,NA
2022-05-25 21:00:00,59.69,207.91,5.56,56.06,61.62,NA,NA,0.70,51.36,NA,NA,NA,NA,NA,NA,NA,NA,NA,NA,NA,0.00,NA,NA,NA
2022-05-25 22:00:00,63.43,313.67,5.65,47.70,53.33,NA,NA,0.73,24.58,NA,NA,NA,NA,NA,NA,NA,NA,NA,NA,NA,0.00,NA,NA,NA
2022-05-25 23:00:00,54.82,320.19,5.88,43.50,49.40,NA,NA,0.77,13.90,NA,NA,NA,NA,NA,NA,NA,NA,NA,NA,NA,0.00,NA,NA,NA
2022-05-26 00:00:00,70.38,273.10,6.27,56.25,62.52,NA,NA,0.86,13.25,NA,NA,NA,NA,NA,NA,NA,NA,NA,NA,NA,0.00,NA,NA,NA
2022-05-26 01:00:00,68.40,306.21,8.32,48.51,56.80,NA,NA,0.86,8.15,NA,NA,NA,NA,NA,NA,NA,NA,NA,NA,NA,0.00,NA,NA,NA
2022-05-26 02:00:00,73.52,293.75,8.77,59.72,68.53,NA,NA,0.93,8.71,NA,NA,NA,NA,NA,NA,NA,NA,NA,NA,NA,0.00,NA,NA,NA
2022-05-26 03:00:00,66.12,296.34,19.98,60.24,80.26,NA,NA,0.94,7.02,NA,NA,NA,NA,NA,NA,NA,NA,NA,NA,NA,0.00,NA,NA,NA
2022-05-26 04:00:00,53.43,305.75,35.53,64.96,100.49,NA,NA,0.95,6.91,NA,NA,NA,NA,NA,NA,NA,NA,NA,NA,NA,0.00,NA,NA,NA
2022-05-26 05:00:00,52.31,275.84,30.33,51.41,81.68,NA,NA,0.91,6.70,NA,NA,NA,NA,NA,NA,NA,NA,NA,NA,NA,0.00,NA,NA,NA
2022-05-26 06:00:00,58.15,334.59,26.65,43.90,70.56,NA,NA,0.90,8.03,NA,NA,NA,NA,NA,NA,NA,NA,NA,NA,NA,0.00,NA,NA,NA
2022-05-26 07:00:00,61.20,249.34,17.74,63.92,81.74,NA,NA,0.97,15.78,NA,NA,NA,NA,NA,NA,NA,NA,NA,NA,NA,0.00,NA,NA,NA
2022-05-26 08:00:00,95.62,206.92,14.38,72.76,87.00,NA,NA,0.95,50.55,NA,NA,NA,NA,NA,NA,NA,NA,NA,NA,NA,0.00,NA,NA,NA
2022-05-26 09:00:00,74.23,205.38,7.80,33.75,41.53,NA,NA,0.64,98.45,NA,NA,NA,NA,NA,NA,NA,NA,NA,NA,NA,0.00,NA,NA,NA
2022-05-26 10:00:00,47.87,111.68,8.50,27.43,35.93,NA,NA,0.50,110.66,NA,NA,NA,NA,NA,NA,NA,NA,NA,NA,NA,0.00,NA,NA,NA
2022-05-26 11:00:00,48.16,93.37,7.86,30.48,38.35,NA,NA,0.51,128.16,NA,NA,NA,NA,NA,NA,NA,NA,NA,NA,NA,0.00,NA,NA,NA
2022-05-26 12:00:00,49.08,94.46,7.82,31.66,39.48,NA,NA,0.52,142.54,NA,NA,NA,NA,NA,NA,NA,NA,NA,NA,NA,0.00,NA,NA,NA
2022-05-26 13:00:00,59.74,158.05,8.26,31.50,39.76,NA,NA,0.55,170.45,NA,NA,NA,NA,NA,NA,NA,NA,NA,NA,NA,0.00,NA,NA,NA
2022-05-26 14:00:00,55.14,181.01,7.44,31.12,38.54,NA,NA,0.53,170.58,NA,NA,NA,NA,NA,NA,NA,NA,NA,NA,NA,0.00,NA,NA,NA
2022-05-26 15:00:00,50.72,171.59,7.27,29.28,36.55,NA,NA,0.47,158.04,NA,NA,NA,NA,NA,NA,NA,NA,NA,NA,NA,0.00,NA,NA,NA
2022-05-26 16:00:00,60.07,192.64,7.19,33.66,40.87,NA,NA,0.50,176.28,NA,NA,NA,NA,NA,NA,NA,NA,NA,NA,NA,0.00,NA,NA,NA
2022-05-26 17:00:00,72.38,231.11,7.04,42.33,49.41,NA,NA,0.64,199.63,NA,NA,NA,NA,NA,NA,NA,NA,NA,NA,NA,0.00,NA,NA,NA
2022-05-26 18:00:00,97.74,276.80,6.22,46.64,52.84,NA,NA,0.71,182.25,NA,NA,NA,NA,NA,NA,NA,NA,NA,NA,NA,0.00,NA,NA,NA
2022-05-26 19:00:00,106.90,297.07,6.07,43.38,49.46,NA,NA,0.71,133.49,NA,NA,NA,NA,NA,NA,NA,NA,NA,NA,NA,0.00,NA,NA,NA
2022-05-26 20:00:00,102.20,295.90,6.11,49.13,55.24,NA,NA,0.78,93.54,NA,NA,NA,NA,NA,NA,NA,NA,NA,NA,NA,0.00,NA,NA,NA
2022-05-26 21:00:00,110.47,333.49,6.16,42.89,49.04,NA,NA,0.74,77.89,NA,NA,NA,NA,NA,NA,NA,NA,NA,NA,NA,0.00,NA,NA,NA
2022-05-26 22:00:00,104.11,329.48,5.93,41.70,47.64,NA,NA,0.70,63.72,NA,NA,NA,NA,NA,NA,NA,NA,NA,NA,NA,0.00,NA,NA,NA
2022-05-26 23:00:00,88.20,286.23,5.62,52.00,57.62,NA,NA,0.74,50.02,NA,NA,NA,NA,NA,NA,NA,NA,NA,NA,NA,0.00,NA,NA,NA
2022-05-27 00:00:00,107.24,365.74,5.64,45.16,50.83,NA,NA,0.71,43.19,NA,NA,NA,NA,NA,NA,NA,NA,NA,NA,NA,0.00,NA,NA,NA
2022-05-27 01:00:00,106.87,452.99,5.76,41.91,47.62,NA,NA,0.66,32.08,NA,NA,NA,NA,NA,NA,NA,NA,NA,NA,NA,0.00,NA,NA,NA
2022-05-27 02:00:00,77.01,436.12,7.02,50.18,57.30,NA,NA,0.63,21.37,NA,NA,NA,NA,NA,NA,NA,NA,NA,NA,NA,0.00,NA,NA,NA
2022-05-27 03:00:00,81.58,410.96,8.52,68.62,77.11,NA,NA,0.65,12.62,NA,NA,NA,NA,NA,NA,NA,NA,NA,NA,NA,0.00,NA,NA,NA
2022-05-27 04:00:00,66.34,304.24,6.01,38.22,44.23,NA,NA,0.59,27.17,NA,NA,NA,NA,NA,NA,NA,NA,NA,NA,NA,0.00,NA,NA,NA
2022-05-27 05:00:00,81.35,370.50,5.94,38.98,44.92,NA,NA,0.60,16.99,NA,NA,NA,NA,NA,NA,NA,NA,NA,NA,NA,0.00,NA,NA,NA
2022-05-27 06:00:00,75.97,424.56,8.31,35.71,44.01,NA,NA,0.62,14.17,NA,NA,NA,NA,NA,NA,NA,NA,NA,NA,NA,0.00,NA,NA,NA
2022-05-27 07:00:00,72.76,81.62,13.36,52.86,66.22,NA,NA,0.67,26.77,NA,NA,NA,NA,NA,NA,NA,NA,NA,NA,NA,0.00,NA,NA,NA
2022-05-27 08:00:00,80.68,57.05,7.02,28.84,35.86,NA,NA,0.60,96.40,NA,NA,NA,NA,NA,NA,NA,NA,NA,NA,NA,0.00,NA,NA,NA
2022-05-27 09:00:00,88.94,221.40,7.64,25.93,33.57,NA,NA,0.59,113.14,NA,NA,NA,NA,NA,NA,NA,NA,NA,NA,NA,0.00,NA,NA,NA
2022-05-27 10:00:00,73.72,235.58,7.71,25.04,32.75,NA,NA,0.54,112.49,NA,NA,NA,NA,NA,NA,NA,NA,NA,NA,NA,0.00,NA,NA,NA
2022-05-27 11:00:00,71.70,228.41,7.66,25.18,32.84,NA,NA,0.51,109.23,NA,NA,NA,NA,NA,NA,NA,NA,NA,NA,NA,0.00,NA,NA,NA
2022-05-27 12:00:00,69.37,238.04,8.03,33.69,41.73,NA,NA,0.51,110.57,NA,NA,NA,NA,NA,NA,NA,NA,NA,NA,NA,0.00,NA,NA,NA
2022-05-27 13:00:00,61.41,267.74,7.36,25.36,32.71,NA,NA,0.45,105.15,NA,NA,NA,NA,NA,NA,NA,NA,NA,NA,NA,0.00,NA,NA,NA
2022-05-27 14:00:00,51.11,268.38,7.25,21.78,29.03,NA,NA,0.42,93.00,NA,NA,NA,NA,NA,NA,NA,NA,NA,NA,NA,0.00,NA,NA,NA
2022-05-27 15:00:00,48.34,270.48,6.47,21.31,27.78,NA,NA,0.41,91.63,NA,NA,NA,NA,NA,NA,NA,NA,NA,NA,NA,0.00,NA,NA,NA
2022-05-27 16:00:00,56.83,350.42,5.98,24.66,30.64,NA,NA,0.37,70.20,NA,NA,NA,NA,NA,NA,NA,NA,NA,NA,NA,0.00,NA,NA,NA
2022-05-27 17:00:00,12.74,128.67,6.94,36.08,43.02,NA,NA,0.37,58.50,NA,NA,NA,NA,NA,NA,NA,NA,NA,NA,NA,0.00,NA,NA,NA
2022-05-27 18:00:00,12.03,89.37,6.22,33.01,39.24,NA,NA,0.38,55.58,NA,NA,NA,NA,NA,NA,NA,NA,NA,NA,NA,0.00,NA,NA,NA
2022-05-27 19:00:00,24.11,103.06,5.90,32.91,38.81,NA,NA,0.39,39.84,NA,NA,NA,NA,NA,NA,NA,NA,NA,NA,NA,0.00,NA,NA,NA
2022-05-27 20:00:00,20.29,105.89,6.17,39.39,45.56,NA,NA,0.43,32.11,NA,NA,NA,NA,NA,NA,NA,NA,NA,NA,NA,0.00,NA,NA,NA
2022-05-27 21:00:00,33.86,144.31,6.33,47.87,54.19,NA,NA,0.52,26.95,NA,NA,NA,NA,NA,NA,NA,NA,NA,NA,NA,0.00,NA,NA,NA
2022-05-27 22:00:00,71.43,322.40,6.17,56.41,62.58,NA,NA,0.71,19.25,NA,NA,NA,NA,NA,NA,NA,NA,NA,NA,NA,0.00,NA,NA,NA
2022-05-27 23:00:00,74.12,270.89,5.70,39.27,44.97,NA,NA,0.59,28.04,NA,NA,NA,NA,NA,NA,NA,NA,NA,NA,NA,0.00,NA,NA,NA
2022-05-28 00:00:00,51.95,182.37,5.77,42.58,48.34,NA,NA,0.57,28.90,NA,NA,NA,NA,NA,NA,NA,NA,NA,NA,NA,0.00,NA,NA,NA
2022-05-28 01:00:00,41.64,149.04,5.58,38.61,44.19,NA,NA,0.49,39.70,NA,NA,NA,NA,NA,NA,NA,NA,NA,NA,NA,0.00,NA,NA,NA
2022-05-28 02:00:00,39.54,162.83,5.81,38.93,44.75,NA,NA,0.46,38.36,NA,NA,NA,NA,NA,NA,NA,NA,NA,NA,NA,0.00,NA,NA,NA
2022-05-28 03:00:00,23.81,75.12,5.73,22.61,28.33,NA,NA,0.39,66.76,NA,NA,NA,NA,NA,NA,NA,NA,NA,NA,NA,0.00,NA,NA,NA
2022-05-28 04:00:00,28.03,99.44,5.50,28.50,34.00,NA,NA,0.44,45.34,NA,NA,NA,NA,NA,NA,NA,NA,NA,NA,NA,0.00,NA,NA,NA
2022-05-28 05:00:00,29.33,183.04,6.29,40.85,47.13,NA,NA,0.52,22.44,NA,NA,NA,NA,NA,NA,NA,NA,NA,NA,NA,0.00,NA,NA,NA
2022-05-28 06:00:00,41.50,267.36,9.00,39.74,48.74,NA,NA,0.56,15.05,NA,NA,NA,NA,NA,NA,NA,NA,NA,NA,NA,0.00,NA,NA,NA
2022-05-28 07:00:00,31.48,152.43,9.28,33.42,42.70,NA,NA,0.55,25.24,NA,NA,NA,NA,NA,NA,NA,NA,NA,NA,NA,0.00,NA,NA,NA
2022-05-28 08:00:00,54.06,154.90,8.72,31.12,39.84,NA,NA,0.59,36.99,NA,NA,NA,NA,NA,NA,NA,NA,NA,NA,NA,0.00,NA,NA,NA
2022-05-28 09:00:00,62.38,263.14,9.02,32.07,41.09,NA,NA,0.54,46.78,NA,NA,NA,NA,NA,NA,NA,NA,NA,NA,NA,0.00,NA,NA,NA
2022-05-28 10:00:00,61.08,379.49,8.38,26.08,34.46,NA,NA,0.43,52.46,NA,NA,NA,NA,NA,NA,NA,NA,NA,NA,NA,0.00,NA,NA,NA
2022-05-28 11:00:00,54.95,456.44,7.90,25.13,33.03,NA,NA,0.43,64.87,NA,NA,NA,NA,NA,NA,NA,NA,NA,NA,NA,0.00,NA,NA,NA
2022-05-28 12:00:00,62.90,454.62,8.04,24.39,32.42,NA,NA,0.40,75.31,NA,NA,NA,NA,NA,NA,NA,NA,NA,NA,NA,0.00,NA,NA,NA
2022-05-28 13:00:00,58.19,448.19,7.81,21.60,29.41,NA,NA,0.40,72.33,NA,NA,NA,NA,NA,NA,NA,NA,NA,NA,NA,0.00,NA,NA,NA
2022-05-28 14:00:00,55.12,404.96,7.19,21.26,28.45,NA,NA,0.40,76.51,NA,NA,NA,NA,NA,NA,NA,NA,NA,NA,NA,0.00,NA,NA,NA
2022-05-28 15:00:00,56.44,424.86,7.05,20.47,27.52,NA,NA,0.40,86.14,NA,NA,NA,NA,NA,NA,NA,NA,NA,NA,NA,0.00,NA,NA,NA
2022-05-28 16:00:00,58.56,398.33,6.34,21.16,27.51,NA,NA,0.40,86.97,NA,NA,NA,NA,NA,NA,NA,NA,NA,NA,NA,0.00,NA,NA,NA
2022-05-28 17:00:00,64.00,401.02,6.02,21.81,27.83,NA,NA,0.42,104.32,NA,NA,NA,NA,NA,NA,NA,NA,NA,NA,NA,0.00,NA,NA,NA
2022-05-28 18:00:00,69.31,406.86,5.51,24.22,29.73,NA,NA,0.44,97.63,NA,NA,NA,NA,NA,NA,NA,NA,NA,NA,NA,0.00,NA,NA,NA
2022-05-28 19:00:00,62.43,403.97,5.80,36.12,41.92,NA,NA,0.50,80.07,NA,NA,NA,NA,NA,NA,NA,NA,NA,NA,NA,0.00,NA,NA,NA
2022-05-28 20:00:00,58.33,403.73,5.76,38.85,44.60,NA,NA,0.54,40.27,NA,NA,NA,NA,NA,NA,NA,NA,NA,NA,NA,0.00,NA,NA,NA
2022-05-28 21:00:00,49.06,354.06,5.62,41.00,46.63,NA,NA,0.62,46.63,NA,NA,NA,NA,NA,NA,NA,NA,NA,NA,NA,0.00,NA,NA,NA
2022-05-28 22:00:00,82.37,410.54,5.71,37.77,43.47,NA,NA,0.70,51.38,NA,NA,NA,NA,NA,NA,NA,NA,NA,NA,NA,0.00,NA,NA,NA
2022-05-28 23:00:00,78.30,442.48,5.75,48.42,54.17,NA,NA,0.78,45.85,NA,NA,NA,NA,NA,NA,NA,NA,NA,NA,NA,0.00,NA,NA,NA
2022-05-29 00:00:00,89.29,479.10,5.85,46.09,51.94,NA,NA,0.76,43.38,NA,NA,NA,NA,NA,NA,NA,NA,NA,NA,NA,0.00,NA,NA,NA
2022-05-29 01:00:00,66.35,362.61,5.74,33.23,38.97,NA,NA,0.57,48.64,NA,NA,NA,NA,NA,NA,NA,NA,NA,NA,NA,0.00,NA,NA,NA
2022-05-29 02:00:00,57.94,316.98,5.65,33.96,39.61,NA,NA,0.55,45.73,NA,NA,NA,NA,NA,NA,NA,NA,NA,NA,NA,0.00,NA,NA,NA
2022-05-29 03:00:00,52.58,305.20,5.75,31.47,37.22,NA,NA,0.48,33.67,NA,NA,NA,NA,NA,NA,NA,NA,NA,NA,NA,0.00,NA,NA,NA
2022-05-29 04:00:00,35.53,205.82,6.13,34.01,40.14,NA,NA,0.39,30.52,NA,NA,NA,NA,NA,NA,NA,NA,NA,NA,NA,0.00,NA,NA,NA
2022-05-29 05:00:00,19.36,169.51,6.22,40.54,46.76,NA,NA,0.38,29.61,NA,NA,NA,NA,NA,NA,NA,NA,NA,NA,NA,0.00,NA,NA,NA
2022-05-29 06:00:00,24.40,170.92,9.17,49.76,58.93,NA,NA,0.41,24.05,NA,NA,NA,NA,NA,NA,NA,NA,NA,NA,NA,0.00,NA,NA,NA
2022-05-29 07:00:00,29.20,181.02,8.24,28.30,36.54,NA,NA,0.41,39.83,NA,NA,NA,NA,NA,NA,NA,NA,NA,NA,NA,0.00,NA,NA,NA
2022-05-29 08:00:00,38.13,251.39,8.91,27.97,36.88,NA,NA,0.43,43.53,NA,NA,NA,NA,NA,NA,NA,NA,NA,NA,NA,0.00,NA,NA,NA
2022-05-29 09:00:00,51.82,349.56,8.57,28.04,36.62,NA,NA,0.43,49.30,NA,NA,NA,NA,NA,NA,NA,NA,NA,NA,NA,0.00,NA,NA,NA
2022-05-29 10:00:00,67.16,399.53,8.00,26.11,34.10,NA,NA,0.39,62.15,NA,NA,NA,NA,NA,NA,NA,NA,NA,NA,NA,0.00,NA,NA,NA
2022-05-29 11:00:00,84.99,436.76,8.18,24.11,32.29,NA,NA,0.39,70.06,NA,NA,NA,NA,NA,NA,NA,NA,NA,NA,NA,0.00,NA,NA,NA
2022-05-29 12:00:00,58.19,396.94,8.03,21.51,29.54,NA,NA,0.36,78.97,NA,NA,NA,NA,NA,NA,NA,NA,NA,NA,NA,0.00,NA,NA,NA
2022-05-29 13:00:00,51.40,346.83,7.37,20.65,28.02,NA,NA,0.37,83.92,NA,NA,NA,NA,NA,NA,NA,NA,NA,NA,NA,0.00,NA,NA,NA
2022-05-29 14:00:00,36.29,339.01,7.06,20.80,27.87,NA,NA,0.38,84.58,NA,NA,NA,NA,NA,NA,NA,NA,NA,NA,NA,0.00,NA,NA,NA
2022-05-29 15:00:00,44.67,331.52,6.69,20.25,26.95,NA,NA,0.38,80.69,NA,NA,NA,NA,NA,NA,NA,NA,NA,NA,NA,0.00,NA,NA,NA
2022-05-29 16:00:00,47.29,346.12,6.33,19.36,25.69,NA,NA,0.37,79.94,NA,NA,NA,NA,NA,NA,NA,NA,NA,NA,NA,0.00,NA,NA,NA
2022-05-29 17:00:00,53.71,349.06,5.47,21.86,27.33,NA,NA,0.41,91.19,NA,NA,NA,NA,NA,NA,NA,NA,NA,NA,NA,0.00,NA,NA,NA
2022-05-29 18:00:00,80.00,371.50,5.46,23.42,28.87,NA,NA,0.43,89.84,NA,NA,NA,NA,NA,NA,NA,NA,NA,NA,NA,0.00,NA,NA,NA
2022-05-29 19:00:00,28.93,228.13,5.38,31.90,37.27,NA,NA,0.45,57.39,NA,NA,NA,NA,NA,NA,NA,NA,NA,NA,NA,0.00,NA,NA,NA
2022-05-29 20:00:00,41.44,256.57,5.90,31.40,37.30,NA,NA,0.44,65.93,NA,NA,NA,NA,NA,NA,NA,NA,NA,NA,NA,0.00,NA,NA,NA
2022-05-29 21:00:00,46.10,266.29,6.17,32.23,38.40,NA,NA,0.43,58.24,NA,NA,NA,NA,NA,NA,NA,NA,NA,NA,NA,0.00,NA,NA,NA
2022-05-29 22:00:00,42.58,230.84,5.66,32.07,37.73,NA,NA,0.45,57.96,NA,NA,NA,NA,NA,NA,NA,NA,NA,NA,NA,0.00,NA,NA,NA
2022-05-29 23:00:00,58.98,236.93,6.19,28.46,34.64,NA,NA,0.43,64.99,NA,NA,NA,NA,NA,NA,NA,NA,NA,NA,NA,0.00,NA,NA,NA
2022-05-30 00:00:00,39.05,196.76,6.06,29.93,35.99,NA,NA,0.43,59.70,NA,NA,NA,NA,NA,NA,NA,NA,NA,NA,NA,0.00,NA,NA,NA
2022-05-30 01:00:00,32.45,166.42,5.56,26.02,31.58,NA,NA,0.43,62.27,NA,NA,NA,NA,NA,NA,NA,NA,NA,NA,NA,0.00,NA,NA,NA
2022-05-30 02:00:00,43.63,209.17,5.75,28.76,34.51,NA,NA,0.47,50.01,NA,NA,NA,NA,NA,NA,NA,NA,NA,NA,NA,0.00,NA,NA,NA
2022-05-30 03:00:00,58.38,281.08,6.29,31.84,38.12,NA,NA,0.48,29.14,NA,NA,NA,NA,NA,NA,NA,NA,NA,NA,NA,0.00,NA,NA,NA
2022-05-30 04:00:00,64.89,270.67,6.30,33.01,39.30,NA,NA,0.52,25.60,NA,NA,NA,NA,NA,NA,NA,NA,NA,NA,NA,0.00,NA,NA,NA
2022-05-30 05:00:00,57.46,325.87,6.00,31.55,37.55,NA,NA,0.54,34.58,NA,NA,NA,NA,NA,NA,NA,NA,NA,NA,NA,0.00,NA,NA,NA
2022-05-30 06:00:00,61.46,288.86,6.57,28.71,35.28,NA,NA,0.57,38.78,NA,NA,NA,NA,NA,NA,NA,NA,NA,NA,NA,0.00,NA,NA,NA
2022-05-30 07:00:00,64.70,244.53,8.03,35.12,43.15,NA,NA,0.60,36.91,NA,NA,NA,NA,NA,NA,NA,NA,NA,NA,NA,0.00,NA,NA,NA
2022-05-30 08:00:00,50.69,171.80,7.97,32.14,40.11,NA,NA,0.60,53.16,NA,NA,NA,NA,NA,NA,NA,NA,NA,NA,NA,0.00,NA,NA,NA
2022-05-30 09:00:00,72.60,305.65,7.82,29.49,37.31,NA,NA,0.62,69.62,NA,NA,NA,NA,NA,NA,NA,NA,NA,NA,NA,0.00,NA,NA,NA
2022-05-30 10:00:00,76.34,276.55,7.98,28.21,36.20,NA,NA,0.60,78.37,NA,NA,NA,NA,NA,NA,NA,NA,NA,NA,NA,0.00,NA,NA,NA
2022-05-30 11:00:00,73.49,247.43,7.76,24.26,32.01,NA,NA,0.50,78.17,NA,NA,NA,NA,NA,NA,NA,NA,NA,NA,NA,0.00,NA,NA,NA
2022-05-30 12:00:00,67.47,283.17,7.71,24.85,32.56,NA,NA,0.54,103.55,NA,NA,NA,NA,NA,NA,NA,NA,NA,NA,NA,0.00,NA,NA,NA
2022-05-30 13:00:00,64.15,255.29,7.68,23.79,31.47,NA,NA,0.53,109.12,NA,NA,NA,NA,NA,NA,NA,NA,NA,NA,NA,0.00,NA,NA,NA
2022-05-30 14:00:00,59.37,240.80,7.38,22.43,29.82,NA,NA,0.50,109.04,NA,NA,NA,NA,NA,NA,NA,NA,NA,NA,NA,0.00,NA,NA,NA
2022-05-30 15:00:00,59.27,261.16,7.07,23.01,30.08,NA,NA,0.49,112.60,NA,NA,NA,NA,NA,NA,NA,NA,NA,NA,NA,0.00,NA,NA,NA
2022-05-30 16:00:00,74.11,293.41,6.10,24.18,30.28,NA,NA,0.43,96.70,NA,NA,NA,NA,NA,NA,NA,NA,NA,NA,NA,0.00,NA,NA,NA
2022-05-30 17:00:00,62.39,318.13,5.75,23.62,29.37,NA,NA,0.29,68.57,NA,NA,NA,NA,NA,NA,NA,NA,NA,NA,NA,0.00,NA,NA,NA
2022-05-30 18:00:00,2.65,21.30,6.48,34.78,41.27,NA,NA,0.30,56.11,NA,NA,NA,NA,NA,NA,NA,NA,NA,NA,NA,0.00,NA,NA,NA
2022-05-30 19:00:00,24.60,105.96,5.91,55.45,61.36,NA,NA,0.33,33.41,NA,NA,NA,NA,NA,NA,NA,NA,NA,NA,NA,0.00,NA,NA,NA
2022-05-30 20:00:00,36.71,147.64,6.26,58.20,64.46,NA,NA,0.36,21.39,NA,NA,NA,NA,NA,NA,NA,NA,NA,NA,NA,0.00,NA,NA,NA
2022-05-30 21:00:00,60.82,146.39,6.63,50.55,57.18,NA,NA,0.37,16.15,NA,NA,NA,NA,NA,NA,NA,NA,NA,NA,NA,0.00,NA,NA,NA
2022-05-30 22:00:00,34.30,122.85,7.26,57.99,65.24,NA,NA,0.43,15.28,NA,NA,NA,NA,NA,NA,NA,NA,NA,NA,NA,0.00,NA,NA,NA
2022-05-30 23:00:00,30.92,185.57,12.20,59.98,72.17,NA,NA,0.49,9.47,NA,NA,NA,NA,NA,NA,NA,NA,NA,NA,NA,0.00,NA,NA,NA
2022-05-31 00:00:00,34.20,190.22,10.95,57.31,68.27,NA,NA,0.48,10.35,NA,NA,NA,NA,NA,NA,NA,NA,NA,NA,NA,0.00,NA,NA,NA
2022-05-31 01:00:00,32.28,136.43,5.80,35.44,41.25,NA,NA,0.39,31.50,NA,NA,NA,NA,NA,NA,NA,NA,NA,NA,NA,0.00,NA,NA,NA
2022-05-31 02:00:00,25.77,83.98,6.10,28.30,34.41,NA,NA,0.33,41.04,NA,NA,NA,NA,NA,NA,NA,NA,NA,NA,NA,0.00,NA,NA,NA
2022-05-31 03:00:00,29.62,137.05,6.04,32.28,38.32,NA,NA,0.32,29.56,NA,NA,NA,NA,NA,NA,NA,NA,NA,NA,NA,0.00,NA,NA,NA
2022-05-31 04:00:00,32.25,118.27,5.89,32.59,38.49,NA,NA,0.35,32.67,NA,NA,NA,NA,NA,NA,NA,NA,NA,NA,NA,0.00,NA,NA,NA
2022-05-31 05:00:00,60.81,354.97,6.51,39.07,45.58,NA,NA,0.50,19.64,NA,NA,NA,NA,NA,NA,NA,NA,NA,NA,NA,0.00,NA,NA,NA
2022-05-31 06:00:00,77.26,505.69,10.28,42.62,52.89,NA,NA,0.54,13.94,NA,NA,NA,NA,NA,NA,NA,NA,NA,NA,NA,0.00,NA,NA,NA
2022-05-31 07:00:00,61.11,248.10,8.76,36.34,45.11,NA,NA,0.52,23.94,NA,NA,NA,NA,NA,NA,NA,NA,NA,NA,NA,0.00,NA,NA,NA
2022-05-31 08:00:00,44.94,51.53,8.91,37.10,46.01,NA,NA,0.49,35.66,NA,NA,NA,NA,NA,NA,NA,NA,NA,NA,NA,0.00,NA,NA,NA
2022-05-31 09:00:00,71.46,215.64,8.52,34.06,42.57,NA,NA,0.45,54.85,NA,NA,NA,NA,NA,NA,NA,NA,NA,NA,NA,0.00,NA,NA,NA
2022-05-31 10:00:00,71.41,349.32,8.92,33.08,42.00,NA,NA,0.45,64.31,NA,NA,NA,NA,NA,NA,NA,NA,NA,NA,NA,0.00,NA,NA,NA
2022-05-31 11:00:00,87.40,420.31,8.96,37.29,46.25,NA,NA,0.47,80.30,NA,NA,NA,NA,NA,NA,NA,NA,NA,NA,NA,0.00,NA,NA,NA
2022-05-31 12:00:00,91.93,455.37,8.44,35.05,43.49,NA,NA,0.47,95.19,NA,NA,NA,NA,NA,NA,NA,NA,NA,NA,NA,0.00,NA,NA,NA
2022-05-31 13:00:00,89.13,432.82,8.22,32.87,41.09,NA,NA,0.43,107.54,NA,NA,NA,NA,NA,NA,NA,NA,NA,NA,NA,0.00,NA,NA,NA
2022-05-31 14:00:00,91.02,471.30,8.08,29.40,37.48,NA,NA,0.37,116.71,NA,NA,NA,NA,NA,NA,NA,NA,NA,NA,NA,0.00,NA,NA,NA
2022-05-31 15:00:00,92.33,515.50,7.62,29.01,36.63,NA,NA,0.36,123.67,NA,NA,NA,NA,NA,NA,NA,NA,NA,NA,NA,0.00,NA,NA,NA
2022-05-31 16:00:00,86.13,482.07,7.23,30.48,37.70,NA,NA,0.38,134.77,NA,NA,NA,NA,NA,NA,NA,NA,NA,NA,NA,0.00,NA,NA,NA
2022-05-31 17:00:00,93.77,450.05,6.60,33.38,39.98,NA,NA,0.41,130.50,NA,NA,NA,NA,NA,NA,NA,NA,NA,NA,NA,0.00,NA,NA,NA
2022-05-31 18:00:00,93.56,391.79,6.07,40.30,46.38,NA,NA,0.49,117.31,NA,NA,NA,NA,NA,NA,NA,NA,NA,NA,NA,0.00,NA,NA,NA
2022-05-31 19:00:00,99.24,411.22,5.64,41.25,46.89,NA,NA,0.50,78.37,NA,NA,NA,NA,NA,NA,NA,NA,NA,NA,NA,0.00,NA,NA,NA
2022-05-31 20:00:00,78.79,366.17,5.59,43.65,49.24,NA,NA,0.50,57.46,NA,NA,NA,NA,NA,NA,NA,NA,NA,NA,NA,0.00,NA,NA,NA
2022-05-31 21:00:00,72.29,346.23,9.97,82.81,92.75,NA,NA,0.70,43.94,NA,NA,NA,NA,NA,NA,NA,NA,NA,NA,NA,0.00,NA,NA,NA
2022-05-31 22:00:00,86.44,403.37,9.79,89.52,99.35,NA,NA,0.74,43.25,NA,NA,NA,NA,NA,NA,NA,NA,NA,NA,NA,0.00,NA,NA,NA
2022-05-31 23:00:00,88.08,373.40,5.45,49.87,55.32,NA,NA,0.56,69.16,NA,NA,NA,NA,NA,NA,NA,NA,NA,NA,NA,0.00,NA,NA,NA
2022-06-01 00:00:00,89.26,461.23,5.49,49.18,54.67,NA,NA,0.56,56.71,NA,NA,NA,NA,NA,NA,NA,NA,NA,NA,NA,0.00,NA,NA,NA
2022-06-01 01:00:00,89.18,434.36,5.47,48.04,53.51,NA,NA,0.57,34.04,NA,NA,NA,NA,NA,NA,NA,NA,NA,NA,NA,0.00,NA,NA,NA
2022-06-01 02:00:00,77.74,307.72,5.56,51.22,56.78,NA,NA,0.55,40.96,NA,NA,NA,NA,NA,NA,NA,NA,NA,NA,NA,0.00,NA,NA,NA
2022-06-01 03:00:00,76.46,313.81,5.68,53.52,59.20,NA,NA,0.49,46.86,NA,NA,NA,NA,NA,NA,NA,NA,NA,NA,NA,0.00,NA,NA,NA
2022-06-01 04:00:00,69.79,324.50,5.61,40.78,46.39,NA,NA,0.48,44.38,NA,NA,NA,NA,NA,NA,NA,NA,NA,NA,NA,0.00,NA,NA,NA
2022-06-01 05:00:00,79.32,439.41,6.17,44.85,51.02,NA,NA,0.56,18.35,NA,NA,NA,NA,NA,NA,NA,NA,NA,NA,NA,0.00,NA,NA,NA
2022-06-01 06:00:00,83.07,378.53,13.76,57.69,71.44,NA,NA,0.61,13.61,NA,NA,NA,NA,NA,NA,NA,NA,NA,NA,NA,0.00,NA,NA,NA
2022-06-01 07:00:00,116.66,316.81,11.19,56.42,67.61,NA,NA,0.61,31.24,NA,NA,NA,NA,NA,NA,NA,NA,NA,NA,NA,0.00,NA,NA,NA
2022-06-01 08:00:00,117.24,358.12,10.16,59.52,69.68,NA,NA,0.63,51.71,NA,NA,NA,NA,NA,NA,NA,NA,NA,NA,NA,0.00,NA,NA,NA
2022-06-01 09:00:00,116.16,428.80,8.56,61.83,70.39,NA,NA,0.62,93.06,NA,NA,NA,NA,NA,NA,NA,NA,NA,NA,NA,0.00,NA,NA,NA
2022-06-01 10:00:00,99.39,416.23,7.83,55.19,63.01,NA,NA,0.55,118.36,NA,NA,NA,NA,NA,NA,NA,NA,NA,NA,NA,0.00,NA,NA,NA
2022-06-01 11:00:00,77.95,362.86,7.61,36.17,43.78,NA,NA,0.38,123.06,NA,NA,NA,NA,NA,NA,NA,NA,NA,NA,NA,0.00,NA,NA,NA
2022-06-01 12:00:00,54.04,264.09,7.53,29.90,37.42,NA,NA,0.30,115.52,NA,NA,NA,NA,NA,NA,NA,NA,NA,NA,NA,0.00,NA,NA,NA
2022-06-01 13:00:00,48.46,226.41,7.30,29.14,36.44,NA,NA,0.28,118.18,NA,NA,NA,NA,NA,NA,NA,NA,NA,NA,NA,0.00,NA,NA,NA
2022-06-01 14:00:00,48.68,234.32,7.08,26.37,33.45,NA,NA,0.25,115.33,NA,NA,NA,NA,NA,NA,NA,NA,NA,NA,NA,0.00,NA,NA,NA
2022-06-01 15:00:00,52.08,205.90,6.49,27.20,33.69,NA,NA,0.25,124.34,NA,NA,NA,NA,NA,NA,NA,NA,NA,NA,NA,0.00,NA,NA,NA
2022-06-01 16:00:00,51.73,241.79,6.29,31.27,37.56,NA,NA,0.29,88.68,NA,NA,NA,NA,NA,NA,NA,NA,NA,NA,NA,0.00,NA,NA,NA
2022-06-01 17:00:00,31.73,187.83,6.27,34.22,40.49,NA,NA,0.28,74.68,NA,NA,NA,NA,NA,NA,NA,NA,NA,NA,NA,0.00,NA,NA,NA
2022-06-01 18:00:00,36.21,207.66,5.98,34.97,40.95,NA,NA,0.28,55.82,NA,NA,NA,NA,NA,NA,NA,NA,NA,NA,NA,0.00,NA,NA,NA
2022-06-01 19:00:00,24.33,153.85,5.56,28.94,34.50,NA,NA,0.23,76.25,NA,NA,NA,NA,NA,NA,NA,NA,NA,NA,NA,0.00,NA,NA,NA
2022-06-01 20:00:00,26.04,156.67,5.72,39.22,44.93,NA,NA,0.27,57.62,NA,NA,NA,NA,NA,NA,NA,NA,NA,NA,NA,0.00,NA,NA,NA
2022-06-01 21:00:00,30.84,166.10,5.52,35.52,41.03,NA,NA,0.25,55.67,NA,NA,NA,NA,NA,NA,NA,NA,NA,NA,NA,0.00,NA,NA,NA
2022-06-01 22:00:00,33.10,163.21,5.82,44.96,50.78,NA,NA,0.27,37.83,NA,NA,NA,NA,NA,NA,NA,NA,NA,NA,NA,0.00,NA,NA,NA
2022-06-01 23:00:00,28.50,156.09,5.73,35.53,41.27,NA,NA,0.24,45.00,NA,NA,NA,NA,NA,NA,NA,NA,NA,NA,NA,0.00,NA,NA,NA
2022-06-02 00:00:00,37.08,184.27,5.84,44.10,49.94,NA,NA,0.25,29.16,NA,NA,NA,NA,NA,NA,NA,NA,NA,NA,NA,0.00,NA,NA,NA
2022-06-02 01:00:00,34.14,176.15,6.75,64.03,70.78,NA,NA,0.29,17.55,NA,NA,NA,NA,NA,NA,NA,NA,NA,NA,NA,0.00,NA,NA,NA
2022-06-02 02:00:00,41.49,185.94,5.63,53.07,58.70,NA,NA,0.29,17.18,NA,NA,NA,NA,NA,NA,NA,NA,NA,NA,NA,0.00,NA,NA,NA
2022-06-02 03:00:00,38.51,188.91,6.10,51.29,57.39,NA,NA,0.28,13.91,NA,NA,NA,NA,NA,NA,NA,NA,NA,NA,NA,0.00,NA,NA,NA
2022-06-02 04:00:00,39.37,173.51,9.26,52.00,61.29,NA,NA,0.29,11.65,NA,NA,NA,NA,NA,NA,NA,NA,NA,NA,NA,0.00,NA,NA,NA
2022-06-02 05:00:00,33.28,165.88,11.73,54.86,66.56,NA,NA,0.31,11.14,NA,NA,NA,NA,NA,NA,NA,NA,NA,NA,NA,0.00,NA,NA,NA
2022-06-02 06:00:00,36.53,174.64,8.51,46.45,54.96,NA,NA,0.31,19.88,NA,NA,NA,NA,NA,NA,NA,NA,NA,NA,NA,0.00,NA,NA,NA
2022-06-02 07:00:00,45.16,187.86,12.54,47.32,59.86,NA,NA,0.33,23.42,NA,NA,NA,NA,NA,NA,NA,NA,NA,NA,NA,0.00,NA,NA,NA
2022-06-02 08:00:00,52.41,237.54,9.94,39.53,49.46,NA,NA,0.31,42.08,NA,NA,NA,NA,NA,NA,NA,NA,NA,NA,NA,0.00,NA,NA,NA
2022-06-02 09:00:00,52.73,274.84,8.62,34.95,43.57,NA,NA,0.34,58.84,NA,NA,NA,NA,NA,NA,NA,NA,NA,NA,NA,0.00,NA,NA,NA
2022-06-02 10:00:00,78.03,334.02,9.15,44.93,54.09,NA,NA,0.44,86.24,NA,NA,NA,NA,NA,NA,NA,NA,NA,NA,NA,0.00,NA,NA,NA
2022-06-02 11:00:00,81.63,325.81,8.72,59.21,67.92,NA,NA,0.47,120.05,NA,NA,NA,NA,NA,NA,NA,NA,NA,NA,NA,0.00,NA,NA,NA
2022-06-02 12:00:00,68.31,302.61,7.97,45.22,53.19,NA,NA,0.35,130.00,NA,NA,NA,NA,NA,NA,NA,NA,NA,NA,NA,0.00,NA,NA,NA
2022-06-02 13:00:00,58.32,323.84,9.33,32.59,41.92,NA,NA,0.30,144.40,NA,NA,NA,NA,NA,NA,NA,NA,NA,NA,NA,0.00,NA,NA,NA
2022-06-02 14:00:00,59.58,309.02,7.29,28.65,35.94,NA,NA,0.29,147.69,NA,NA,NA,NA,NA,NA,NA,NA,NA,NA,NA,0.00,NA,NA,NA
2022-06-02 15:00:00,63.13,301.93,6.79,26.53,33.31,NA,NA,0.27,134.66,NA,NA,NA,NA,NA,NA,NA,NA,NA,NA,NA,0.00,NA,NA,NA
2022-06-02 16:00:00,57.01,294.01,6.78,31.43,38.22,NA,NA,0.28,124.28,NA,NA,NA,NA,NA,NA,NA,NA,NA,NA,NA,0.00,NA,NA,NA
2022-06-02 17:00:00,46.85,227.35,6.61,29.42,36.02,NA,NA,0.28,115.40,NA,NA,NA,NA,NA,NA,NA,NA,NA,NA,NA,0.00,NA,NA,NA
2022-06-02 18:00:00,50.74,232.93,6.00,32.73,38.76,NA,NA,0.29,78.42,NA,NA,NA,NA,NA,NA,NA,NA,NA,NA,NA,0.00,NA,NA,NA
2022-06-02 19:00:00,47.82,225.72,5.82,51.55,57.46,NA,NA,0.36,59.17,NA,NA,NA,NA,NA,NA,NA,NA,NA,NA,NA,0.00,NA,NA,NA
2022-06-02 20:00:00,42.85,240.28,5.66,69.05,74.71,NA,NA,0.49,54.57,NA,NA,NA,NA,NA,NA,NA,NA,NA,NA,NA,0.00,NA,NA,NA
2022-06-02 21:00:00,58.46,263.35,5.46,57.84,63.25,NA,NA,0.52,55.69,NA,NA,NA,NA,NA,NA,NA,NA,NA,NA,NA,0.00,NA,NA,NA
2022-06-02 22:00:00,57.39,251.30,5.43,47.06,52.51,NA,NA,0.46,54.66,NA,NA,NA,NA,NA,NA,NA,NA,NA,NA,NA,0.00,NA,NA,NA
2022-06-02 23:00:00,65.03,251.52,5.56,57.70,63.26,NA,NA,0.50,40.90,NA,NA,NA,NA,NA,NA,NA,NA,NA,NA,NA,0.00,NA,NA,NA
2022-06-03 00:00:00,72.42,235.09,5.55,79.28,84.91,NA,NA,0.60,23.11,NA,NA,NA,NA,NA,NA,NA,NA,NA,NA,NA,0.00,NA,NA,NA
2022-06-03 01:00:00,91.25,316.54,6.16,81.75,87.93,NA,NA,0.63,13.14,NA,NA,NA,NA,NA,NA,NA,NA,NA,NA,NA,0.00,NA,NA,NA
2022-06-03 02:00:00,77.26,280.49,6.13,79.73,85.79,NA,NA,0.55,14.12,NA,NA,NA,NA,NA,NA,NA,NA,NA,NA,NA,0.00,NA,NA,NA
2022-06-03 03:00:00,75.06,277.04,5.81,66.52,72.34,NA,NA,0.50,16.01,NA,NA,NA,NA,NA,NA,NA,NA,NA,NA,NA,0.00,NA,NA,NA
2022-06-03 04:00:00,81.12,290.67,6.77,63.53,70.28,NA,NA,0.45,10.88,NA,NA,NA,NA,NA,NA,NA,NA,NA,NA,NA,0.00,NA,NA,NA
2022-06-03 05:00:00,68.82,233.13,7.70,65.88,73.60,NA,NA,0.41,11.04,NA,NA,NA,NA,NA,NA,NA,NA,NA,NA,NA,0.00,NA,NA,NA
2022-06-03 06:00:00,80.39,247.30,11.41,59.05,70.47,NA,NA,0.45,16.78,NA,NA,NA,NA,NA,NA,NA,NA,NA,NA,NA,0.00,NA,NA,NA
2022-06-03 07:00:00,74.22,265.81,18.30,64.16,82.47,NA,NA,0.52,20.53,NA,NA,NA,NA,NA,NA,NA,NA,NA,NA,NA,0.00,NA,NA,NA
2022-06-03 08:00:00,95.16,314.00,10.81,57.57,68.30,NA,NA,0.57,61.13,NA,NA,NA,NA,NA,NA,NA,NA,NA,NA,NA,0.00,NA,NA,NA
2022-06-03 09:00:00,95.31,337.98,8.61,68.40,77.04,NA,NA,0.56,115.61,NA,NA,NA,NA,NA,NA,NA,NA,NA,NA,NA,0.00,NA,NA,NA
2022-06-03 10:00:00,82.17,342.86,7.81,48.25,56.01,NA,NA,0.42,126.92,NA,NA,NA,NA,NA,NA,NA,NA,NA,NA,NA,0.00,NA,NA,NA
2022-06-03 11:00:00,50.77,268.86,7.50,36.90,44.39,NA,NA,0.32,126.13,NA,NA,NA,NA,NA,NA,NA,NA,NA,NA,NA,0.00,NA,NA,NA
2022-06-03 12:00:00,46.57,196.49,7.42,29.26,36.66,NA,NA,0.23,124.07,NA,NA,NA,NA,NA,NA,NA,NA,NA,NA,NA,0.00,NA,NA,NA
2022-06-03 13:00:00,30.99,171.62,6.86,26.82,33.68,NA,NA,0.19,110.10,NA,NA,NA,NA,NA,NA,NA,NA,NA,NA,NA,0.00,NA,NA,NA
2022-06-03 14:00:00,27.78,162.13,6.65,27.05,33.69,NA,NA,0.18,106.99,NA,NA,NA,NA,NA,NA,NA,NA,NA,NA,NA,0.00,NA,NA,NA
2022-06-03 15:00:00,28.51,164.15,6.42,22.60,29.01,NA,NA,0.16,100.71,NA,NA,NA,NA,NA,NA,NA,NA,NA,NA,NA,0.00,NA,NA,NA
2022-06-03 16:00:00,23.30,166.28,6.12,21.59,27.71,NA,NA,0.16,104.10,NA,NA,NA,NA,NA,NA,NA,NA,NA,NA,NA,0.00,NA,NA,NA
2022-06-03 17:00:00,34.97,157.48,5.96,25.43,31.38,NA,NA,0.17,92.98,NA,NA,NA,NA,NA,NA,NA,NA,NA,NA,NA,0.00,NA,NA,NA
2022-06-03 18:00:00,27.65,172.38,5.75,31.90,37.69,NA,NA,0.19,75.66,NA,NA,NA,NA,NA,NA,NA,NA,NA,NA,NA,0.00,NA,NA,NA
2022-06-03 19:00:00,48.47,206.42,5.61,42.80,48.42,NA,NA,0.23,58.18,NA,NA,NA,NA,NA,NA,NA,NA,NA,NA,NA,0.00,NA,NA,NA
2022-06-03 20:00:00,49.04,199.64,5.72,51.43,57.16,NA,NA,0.34,34.59,NA,NA,NA,NA,NA,NA,NA,NA,NA,NA,NA,0.00,NA,NA,NA
2022-06-03 21:00:00,46.85,188.65,5.58,53.10,58.67,NA,NA,0.50,30.15,NA,NA,NA,NA,NA,NA,NA,NA,NA,NA,NA,0.00,NA,NA,NA
2022-06-03 22:00:00,67.64,236.57,5.63,50.82,56.44,NA,NA,0.54,28.72,NA,NA,NA,NA,NA,NA,NA,NA,NA,NA,NA,0.00,NA,NA,NA
2022-06-03 23:00:00,80.22,246.97,6.33,62.85,69.17,NA,NA,0.61,20.71,NA,NA,NA,NA,NA,NA,NA,NA,NA,NA,NA,0.00,NA,NA,NA
2022-06-04 00:00:00,75.67,240.39,6.15,71.72,77.88,NA,NA,0.57,21.32,NA,NA,NA,NA,NA,NA,NA,NA,NA,NA,NA,0.00,NA,NA,NA
2022-06-04 01:00:00,68.62,204.25,6.16,76.09,82.25,NA,NA,0.48,32.54,NA,NA,NA,NA,NA,NA,NA,NA,NA,NA,NA,0.00,NA,NA,NA
2022-06-04 02:00:00,60.89,173.37,5.43,44.30,49.72,NA,NA,0.40,54.64,NA,NA,NA,NA,NA,NA,NA,NA,NA,NA,NA,0.00,NA,NA,NA
2022-06-04 03:00:00,61.02,176.32,5.45,31.91,37.35,NA,NA,0.36,67.29,NA,NA,NA,NA,NA,NA,NA,NA,NA,NA,NA,0.00,NA,NA,NA
2022-06-04 04:00:00,57.93,185.76,5.43,34.87,40.30,NA,NA,0.34,49.34,NA,NA,NA,NA,NA,NA,NA,NA,NA,NA,NA,0.00,NA,NA,NA
2022-06-04 05:00:00,37.89,120.65,7.18,66.76,73.94,NA,NA,0.34,44.68,NA,NA,NA,NA,NA,NA,NA,NA,NA,NA,NA,0.00,NA,NA,NA
2022-06-04 06:00:00,42.20,231.36,6.59,41.91,48.49,NA,NA,0.35,36.44,NA,NA,NA,NA,NA,NA,NA,NA,NA,NA,NA,0.00,NA,NA,NA
2022-06-04 07:00:00,58.50,217.68,12.64,67.57,80.20,NA,NA,0.47,30.16,NA,NA,NA,NA,NA,NA,NA,NA,NA,NA,NA,0.00,NA,NA,NA
2022-06-04 08:00:00,100.54,281.13,12.53,77.85,90.39,NA,NA,0.55,48.31,NA,NA,NA,NA,NA,NA,NA,NA,NA,NA,NA,0.00,NA,NA,NA
2022-06-04 09:00:00,102.82,310.77,9.11,63.36,72.48,NA,NA,0.48,81.16,NA,NA,NA,NA,NA,NA,NA,NA,NA,NA,NA,0.00,NA,NA,NA
2022-06-04 10:00:00,75.94,273.23,7.80,43.85,51.64,NA,NA,0.34,114.98,NA,NA,NA,NA,NA,NA,NA,NA,NA,NA,NA,0.00,NA,NA,NA
2022-06-04 11:00:00,48.40,203.05,7.34,33.04,40.38,NA,NA,0.25,124.46,NA,NA,NA,NA,NA,NA,NA,NA,NA,NA,NA,0.00,NA,NA,NA
2022-06-04 12:00:00,36.36,162.89,6.91,27.72,34.63,NA,NA,0.21,118.84,NA,NA,NA,NA,NA,NA,NA,NA,NA,NA,NA,0.00,NA,NA,NA
2022-06-04 13:00:00,29.85,155.24,6.62,24.15,30.78,NA,NA,0.17,113.40,NA,NA,NA,NA,NA,NA,NA,NA,NA,NA,NA,0.00,NA,NA,NA
2022-06-04 14:00:00,30.47,145.43,6.36,20.56,26.92,NA,NA,0.15,103.87,NA,NA,NA,NA,NA,NA,NA,NA,NA,NA,NA,0.00,NA,NA,NA
2022-06-04 15:00:00,34.02,148.00,6.24,21.31,27.55,NA,NA,0.15,105.46,NA,NA,NA,NA,NA,NA,NA,NA,NA,NA,NA,0.00,NA,NA,NA
2022-06-04 16:00:00,26.86,147.03,6.05,20.88,26.92,NA,NA,0.15,97.04,NA,NA,NA,NA,NA,NA,NA,NA,NA,NA,NA,0.00,NA,NA,NA
2022-06-04 17:00:00,30.53,160.58,5.90,25.08,30.98,NA,NA,0.16,87.28,NA,NA,NA,NA,NA,NA,NA,NA,NA,NA,NA,0.00,NA,NA,NA
2022-06-04 18:00:00,53.34,189.32,5.98,28.78,34.76,NA,NA,0.19,59.59,NA,NA,NA,NA,NA,NA,NA,NA,NA,NA,NA,0.00,NA,NA,NA
2022-06-04 19:00:00,38.02,143.47,5.71,32.32,38.03,NA,NA,0.22,56.82,NA,NA,NA,NA,NA,NA,NA,NA,NA,NA,NA,0.00,NA,NA,NA
2022-06-04 20:00:00,24.12,143.40,6.24,55.78,62.03,NA,NA,0.34,33.71,NA,NA,NA,NA,NA,NA,NA,NA,NA,NA,NA,0.00,NA,NA,NA
2022-06-04 21:00:00,34.93,155.68,5.65,69.20,74.84,NA,NA,0.43,35.55,NA,NA,NA,NA,NA,NA,NA,NA,NA,NA,NA,0.00,NA,NA,NA
2022-06-04 22:00:00,54.84,198.54,6.47,89.80,96.28,NA,NA,0.48,26.25,NA,NA,NA,NA,NA,NA,NA,NA,NA,NA,NA,0.00,NA,NA,NA
2022-06-04 23:00:00,52.50,174.25,5.56,65.64,71.20,NA,NA,0.38,39.22,NA,NA,NA,NA,NA,NA,NA,NA,NA,NA,NA,0.00,NA,NA,NA
2022-06-05 00:00:00,46.50,168.60,5.53,52.08,57.60,NA,NA,0.33,44.39,NA,NA,NA,NA,NA,NA,NA,NA,NA,NA,NA,0.00,NA,NA,NA
2022-06-05 01:00:00,47.21,158.36,5.44,54.35,59.79,NA,NA,0.31,44.99,NA,NA,NA,NA,NA,NA,NA,NA,NA,NA,NA,0.00,NA,NA,NA
2022-06-05 02:00:00,47.17,170.78,5.50,47.30,52.80,NA,NA,0.28,41.34,NA,NA,NA,NA,NA,NA,NA,NA,NA,NA,NA,0.00,NA,NA,NA
2022-06-05 03:00:00,36.34,154.89,5.49,43.00,48.49,NA,NA,0.24,39.17,NA,NA,NA,NA,NA,NA,NA,NA,NA,NA,NA,0.00,NA,NA,NA
2022-06-05 04:00:00,35.16,163.80,5.67,58.88,64.55,NA,NA,0.22,24.78,NA,NA,NA,NA,NA,NA,NA,NA,NA,NA,NA,0.00,NA,NA,NA
2022-06-05 05:00:00,21.46,149.68,6.55,59.00,65.54,NA,NA,0.20,24.93,NA,NA,NA,NA,NA,NA,NA,NA,NA,NA,NA,0.00,NA,NA,NA
2022-06-05 06:00:00,26.13,151.31,10.45,61.42,71.88,NA,NA,0.24,22.31,NA,NA,NA,NA,NA,NA,NA,NA,NA,NA,NA,0.00,NA,NA,NA
2022-06-05 07:00:00,28.22,178.47,11.62,51.11,62.74,NA,NA,0.27,32.90,NA,NA,NA,NA,NA,NA,NA,NA,NA,NA,NA,0.00,NA,NA,NA
2022-06-05 08:00:00,50.00,261.91,9.65,40.60,50.25,NA,NA,0.25,51.44,NA,NA,NA,NA,NA,NA,NA,NA,NA,NA,NA,0.00,NA,NA,NA
2022-06-05 09:00:00,51.49,289.95,10.17,38.50,48.66,NA,NA,0.21,54.23,NA,NA,NA,NA,NA,NA,NA,NA,NA,NA,NA,0.00,NA,NA,NA
2022-06-05 10:00:00,44.13,337.90,9.55,35.57,45.12,NA,NA,0.20,61.14,NA,NA,NA,NA,NA,NA,NA,NA,NA,NA,NA,0.00,NA,NA,NA
2022-06-05 11:00:00,48.37,316.60,7.90,25.27,33.17,NA,NA,0.16,65.84,NA,NA,NA,NA,NA,NA,NA,NA,NA,NA,NA,0.00,NA,NA,NA
2022-06-05 12:00:00,38.56,285.88,6.79,19.21,26.00,NA,NA,0.14,76.20,NA,NA,NA,NA,NA,NA,NA,NA,NA,NA,NA,0.00,NA,NA,NA
2022-06-05 13:00:00,33.42,253.17,6.64,19.58,26.23,NA,NA,0.15,82.19,NA,NA,NA,NA,NA,NA,NA,NA,NA,NA,NA,0.00,NA,NA,NA
2022-06-05 14:00:00,33.87,243.74,6.59,19.20,25.78,NA,NA,0.14,80.51,NA,NA,NA,NA,NA,NA,NA,NA,NA,NA,NA,0.00,NA,NA,NA
2022-06-05 15:00:00,33.24,216.68,6.17,19.47,25.64,NA,NA,0.14,80.23,NA,NA,NA,NA,NA,NA,NA,NA,NA,NA,NA,0.00,NA,NA,NA
2022-06-05 16:00:00,37.02,219.02,5.79,20.73,26.52,NA,NA,0.15,71.78,NA,NA,NA,NA,NA,NA,NA,NA,NA,NA,NA,0.00,NA,NA,NA
2022-06-05 17:00:00,30.81,190.61,6.13,24.43,30.56,NA,NA,0.17,58.00,NA,NA,NA,NA,NA,NA,NA,NA,NA,NA,NA,0.00,NA,NA,NA
2022-06-05 18:00:00,34.19,191.85,6.04,34.09,40.14,NA,NA,0.22,38.64,NA,NA,NA,NA,NA,NA,NA,NA,NA,NA,NA,0.00,NA,NA,NA
2022-06-05 19:00:00,33.52,177.19,5.76,38.33,44.10,NA,NA,0.24,30.17,NA,NA,NA,NA,NA,NA,NA,NA,NA,NA,NA,0.00,NA,NA,NA
2022-06-05 20:00:00,23.91,130.24,5.74,41.58,47.33,NA,NA,0.23,32.52,NA,NA,NA,NA,NA,NA,NA,NA,NA,NA,NA,0.00,NA,NA,NA
2022-06-05 21:00:00,27.22,165.61,5.69,39.12,44.82,NA,NA,0.24,29.56,NA,NA,NA,NA,NA,NA,NA,NA,NA,NA,NA,0.00,NA,NA,NA
2022-06-05 22:00:00,40.33,199.60,5.71,48.41,54.12,NA,NA,0.29,23.80,NA,NA,NA,NA,NA,NA,NA,NA,NA,NA,NA,0.00,NA,NA,NA
2022-06-05 23:00:00,35.76,199.66,5.64,46.78,52.41,NA,NA,0.25,18.88,NA,NA,NA,NA,NA,NA,NA,NA,NA,NA,NA,0.00,NA,NA,NA
2022-06-06 00:00:00,31.55,174.36,5.53,45.04,50.56,NA,NA,0.21,27.35,NA,NA,NA,NA,NA,NA,NA,NA,NA,NA,NA,0.00,NA,NA,NA
2022-06-06 01:00:00,26.59,153.67,5.46,41.63,47.09,NA,NA,0.20,31.16,NA,NA,NA,NA,NA,NA,NA,NA,NA,NA,NA,0.00,NA,NA,NA
2022-06-06 02:00:00,29.86,147.72,5.37,44.52,49.89,NA,NA,0.18,33.40,NA,NA,NA,NA,NA,NA,NA,NA,NA,NA,NA,0.00,NA,NA,NA
2022-06-06 03:00:00,25.36,136.75,5.43,42.45,47.88,NA,NA,0.16,36.66,NA,NA,NA,NA,NA,NA,NA,NA,NA,NA,NA,0.00,NA,NA,NA
2022-06-06 04:00:00,26.69,133.91,5.41,49.94,55.35,NA,NA,0.17,30.64,NA,NA,NA,NA,NA,NA,NA,NA,NA,NA,NA,0.00,NA,NA,NA
2022-06-06 05:00:00,22.60,129.85,5.72,53.29,59.01,NA,NA,0.16,30.21,NA,NA,NA,NA,NA,NA,NA,NA,NA,NA,NA,0.00,NA,NA,NA
2022-06-06 06:00:00,19.44,138.73,8.02,47.23,55.25,NA,NA,0.18,28.44,NA,NA,NA,NA,NA,NA,NA,NA,NA,NA,NA,0.00,NA,NA,NA
2022-06-06 07:00:00,17.96,138.27,10.52,42.42,52.94,NA,NA,0.23,33.32,NA,NA,NA,NA,NA,NA,NA,NA,NA,NA,NA,0.00,NA,NA,NA
2022-06-06 08:00:00,39.29,192.84,7.97,31.79,39.77,NA,NA,0.22,55.04,NA,NA,NA,NA,NA,NA,NA,NA,NA,NA,NA,0.00,NA,NA,NA
2022-06-06 09:00:00,33.91,244.82,8.12,32.30,40.42,NA,NA,0.18,64.73,NA,NA,NA,NA,NA,NA,NA,NA,NA,NA,NA,0.00,NA,NA,NA
2022-06-06 10:00:00,47.75,306.34,8.18,32.16,40.34,NA,NA,0.21,81.78,NA,NA,NA,NA,NA,NA,NA,NA,NA,NA,NA,0.00,NA,NA,NA
2022-06-06 11:00:00,40.99,297.75,7.59,27.12,34.71,NA,NA,0.20,89.66,NA,NA,NA,NA,NA,NA,NA,NA,NA,NA,NA,0.00,NA,NA,NA
2022-06-06 12:00:00,33.21,247.56,6.96,21.69,28.65,NA,NA,0.16,88.82,NA,NA,NA,NA,NA,NA,NA,NA,NA,NA,NA,0.00,NA,NA,NA
2022-06-06 13:00:00,22.73,207.26,6.65,19.99,26.64,NA,NA,0.15,94.39,NA,NA,NA,NA,NA,NA,NA,NA,NA,NA,NA,0.00,NA,NA,NA
2022-06-06 14:00:00,26.97,185.68,6.39,20.13,26.52,NA,NA,0.14,102.22,NA,NA,NA,NA,NA,NA,NA,NA,NA,NA,NA,0.00,NA,NA,NA
2022-06-06 15:00:00,24.12,159.19,6.12,21.40,27.52,NA,NA,0.12,106.97,NA,NA,NA,NA,NA,NA,NA,NA,NA,NA,NA,0.00,NA,NA,NA
2022-06-06 16:00:00,35.18,170.43,6.55,22.41,28.96,NA,NA,0.12,120.44,NA,NA,NA,NA,NA,NA,NA,NA,NA,NA,NA,0.00,NA,NA,NA
2022-06-06 17:00:00,32.22,137.12,6.09,24.11,30.20,NA,NA,0.14,116.69,NA,NA,NA,NA,NA,NA,NA,NA,NA,NA,NA,0.00,NA,NA,NA
2022-06-06 18:00:00,32.62,159.66,6.12,28.79,34.91,NA,NA,0.18,116.58,NA,NA,NA,NA,NA,NA,NA,NA,NA,NA,NA,0.00,NA,NA,NA
2022-06-06 19:00:00,23.85,141.92,5.95,38.06,44.01,NA,NA,0.20,108.75,NA,NA,NA,NA,NA,NA,NA,NA,NA,NA,NA,0.00,NA,NA,NA
2022-06-06 20:00:00,20.26,148.42,5.85,44.78,50.64,NA,NA,0.23,63.44,NA,NA,NA,NA,NA,NA,NA,NA,NA,NA,NA,0.00,NA,NA,NA
2022-06-06 21:00:00,22.97,156.54,14.72,96.99,111.70,NA,NA,0.41,28.36,NA,NA,NA,NA,NA,NA,NA,NA,NA,NA,NA,0.00,NA,NA,NA
2022-06-06 22:00:00,37.40,197.87,6.87,99.42,106.30,NA,NA,0.44,18.14,NA,NA,NA,NA,NA,NA,NA,NA,NA,NA,NA,0.00,NA,NA,NA
2022-06-06 23:00:00,38.07,231.81,5.95,73.78,79.73,NA,NA,0.43,21.35,NA,NA,NA,NA,NA,NA,NA,NA,NA,NA,NA,0.00,NA,NA,NA
2022-06-07 00:00:00,50.36,229.01,9.27,84.43,93.70,NA,NA,0.41,22.78,NA,NA,NA,NA,NA,NA,NA,NA,NA,NA,NA,0.00,NA,NA,NA
2022-06-07 01:00:00,44.10,219.44,5.88,54.29,60.17,NA,NA,0.34,42.05,NA,NA,NA,NA,NA,NA,NA,NA,NA,NA,NA,0.00,NA,NA,NA
2022-06-07 02:00:00,59.53,193.45,5.62,50.93,56.55,NA,NA,0.36,34.31,NA,NA,NA,NA,NA,NA,NA,NA,NA,NA,NA,0.00,NA,NA,NA
2022-06-07 03:00:00,61.13,182.94,5.71,46.02,51.73,NA,NA,0.32,29.59,NA,NA,NA,NA,NA,NA,NA,NA,NA,NA,NA,0.00,NA,NA,NA
2022-06-07 04:00:00,53.90,207.20,7.13,67.59,74.72,NA,NA,0.31,16.91,NA,NA,NA,NA,NA,NA,NA,NA,NA,NA,NA,0.00,NA,NA,NA
2022-06-07 05:00:00,48.06,223.60,9.03,78.45,87.47,NA,NA,0.30,11.59,NA,NA,NA,NA,NA,NA,NA,NA,NA,NA,NA,0.00,NA,NA,NA
2022-06-07 06:00:00,50.69,224.19,7.02,42.95,49.97,NA,NA,0.22,29.27,NA,NA,NA,NA,NA,NA,NA,NA,NA,NA,NA,0.00,NA,NA,NA
2022-06-07 07:00:00,36.40,215.40,8.40,36.71,45.11,NA,NA,0.22,35.77,NA,NA,NA,NA,NA,NA,NA,NA,NA,NA,NA,0.00,NA,NA,NA
2022-06-07 08:00:00,45.51,270.57,7.95,29.55,37.51,NA,NA,0.19,48.01,NA,NA,NA,NA,NA,NA,NA,NA,NA,NA,NA,0.00,NA,NA,NA
2022-06-07 09:00:00,54.34,356.10,8.30,29.40,37.70,NA,NA,0.19,55.73,NA,NA,NA,NA,NA,NA,NA,NA,NA,NA,NA,0.00,NA,NA,NA
2022-06-07 10:00:00,67.38,566.19,7.80,24.36,32.16,NA,NA,0.15,64.52,NA,NA,NA,NA,NA,NA,NA,NA,NA,NA,NA,0.00,NA,NA,NA
2022-06-07 11:00:00,75.96,615.85,7.47,22.77,30.23,NA,NA,0.15,72.25,NA,NA,NA,NA,NA,NA,NA,NA,NA,NA,NA,0.00,NA,NA,NA
2022-06-07 12:00:00,74.23,570.52,7.30,21.39,28.69,NA,NA,0.15,78.44,NA,NA,NA,NA,NA,NA,NA,NA,NA,NA,NA,0.00,NA,NA,NA
2022-06-07 13:00:00,87.00,647.08,7.03,20.76,27.79,NA,NA,0.15,84.77,NA,NA,NA,NA,NA,NA,NA,NA,NA,NA,NA,0.00,NA,NA,NA
2022-06-07 14:00:00,87.72,597.12,6.97,19.99,26.96,NA,NA,0.14,83.78,NA,NA,NA,NA,NA,NA,NA,NA,NA,NA,NA,0.00,NA,NA,NA
2022-06-07 15:00:00,73.29,569.09,6.65,19.85,26.50,NA,NA,0.14,81.75,NA,NA,NA,NA,NA,NA,NA,NA,NA,NA,NA,0.00,NA,NA,NA
2022-06-07 16:00:00,86.54,560.13,6.45,20.90,27.35,NA,NA,0.14,78.85,NA,NA,NA,NA,NA,NA,NA,NA,NA,NA,NA,0.00,NA,NA,NA
2022-06-07 17:00:00,71.75,488.40,6.56,24.92,31.48,NA,NA,0.15,70.95,NA,NA,NA,NA,NA,NA,NA,NA,NA,NA,NA,0.00,NA,NA,NA
2022-06-07 18:00:00,80.28,506.56,6.28,35.73,42.01,NA,NA,0.18,57.39,NA,NA,NA,NA,NA,NA,NA,NA,NA,NA,NA,0.00,NA,NA,NA
2022-06-07 19:00:00,74.83,598.76,5.92,58.56,64.48,NA,NA,0.27,34.81,NA,NA,NA,NA,NA,NA,NA,NA,NA,NA,NA,0.00,NA,NA,NA
2022-06-07 20:00:00,86.60,623.08,9.22,89.50,98.73,NA,NA,0.37,14.42,NA,NA,NA,NA,NA,NA,NA,NA,NA,NA,NA,0.00,NA,NA,NA
2022-06-07 21:00:00,96.00,583.06,7.80,74.40,82.19,NA,NA,0.32,15.30,NA,NA,NA,NA,NA,NA,NA,NA,NA,NA,NA,0.00,NA,NA,NA
2022-06-07 22:00:00,80.34,493.54,20.59,86.30,106.85,NA,NA,0.33,8.21,NA,NA,NA,NA,NA,NA,NA,NA,NA,NA,NA,0.00,NA,NA,NA
2022-06-07 23:00:00,70.70,458.85,18.03,86.05,104.12,NA,NA,0.32,8.34,NA,NA,NA,NA,NA,NA,NA,NA,NA,NA,NA,0.00,NA,NA,NA
2022-06-08 00:00:00,56.71,406.19,7.68,68.06,75.74,NA,NA,0.25,13.10,NA,NA,NA,NA,NA,NA,NA,NA,NA,NA,NA,0.00,NA,NA,NA
2022-06-08 01:00:00,50.28,303.16,5.95,52.91,58.86,NA,NA,0.22,18.98,NA,NA,NA,NA,NA,NA,NA,NA,NA,NA,NA,0.00,NA,NA,NA
2022-06-08 02:00:00,44.37,251.02,5.71,49.29,54.99,NA,NA,0.18,26.87,NA,NA,NA,NA,NA,NA,NA,NA,NA,NA,NA,0.00,NA,NA,NA
2022-06-08 03:00:00,32.90,236.47,5.44,31.31,36.76,NA,NA,0.16,40.78,NA,NA,NA,NA,NA,NA,NA,NA,NA,NA,NA,0.00,NA,NA,NA
2022-06-08 04:00:00,59.53,320.59,5.43,34.70,40.13,NA,NA,0.14,34.27,NA,NA,NA,NA,NA,NA,NA,NA,NA,NA,NA,0.00,NA,NA,NA
2022-06-08 05:00:00,35.08,368.03,5.39,31.96,37.34,NA,NA,0.15,32.59,NA,NA,NA,NA,NA,NA,NA,NA,NA,NA,NA,0.00,NA,NA,NA
2022-06-08 06:00:00,54.53,351.41,6.45,32.77,39.22,NA,NA,0.17,30.56,NA,NA,NA,NA,NA,NA,NA,NA,NA,NA,NA,0.00,NA,NA,NA
2022-06-08 07:00:00,54.74,403.00,8.21,33.99,42.20,NA,NA,0.20,33.36,NA,NA,NA,NA,NA,NA,NA,NA,NA,NA,NA,0.00,NA,NA,NA
2022-06-08 08:00:00,57.18,433.43,9.21,31.38,40.59,NA,NA,0.18,38.71,NA,NA,NA,NA,NA,NA,NA,NA,NA,NA,NA,0.00,NA,NA,NA
2022-06-08 09:00:00,70.17,536.16,8.89,28.53,37.42,NA,NA,0.17,45.51,NA,NA,NA,NA,NA,NA,NA,NA,NA,NA,NA,0.00,NA,NA,NA
2022-06-08 10:00:00,82.46,714.11,9.56,28.20,37.76,NA,NA,0.14,50.88,NA,NA,NA,NA,NA,NA,NA,NA,NA,NA,NA,0.00,NA,NA,NA
2022-06-08 11:00:00,86.60,653.59,14.82,37.32,52.11,NA,NA,0.14,52.88,NA,NA,NA,NA,NA,NA,NA,NA,NA,NA,NA,0.00,NA,NA,NA
2022-06-08 12:00:00,75.18,542.95,14.48,36.91,51.42,NA,NA,0.13,59.57,NA,NA,NA,NA,NA,NA,NA,NA,NA,NA,NA,0.00,NA,NA,NA
2022-06-08 13:00:00,49.46,421.34,9.46,29.57,39.03,NA,NA,0.13,68.33,NA,NA,NA,NA,NA,NA,NA,NA,NA,NA,NA,0.00,NA,NA,NA
2022-06-08 14:00:00,42.90,287.47,6.73,18.96,25.69,NA,NA,0.11,73.49,NA,NA,NA,NA,NA,NA,NA,NA,NA,NA,NA,0.00,NA,NA,NA
2022-06-08 15:00:00,37.75,256.25,6.44,19.22,25.66,NA,NA,0.11,72.01,NA,NA,NA,NA,NA,NA,NA,NA,NA,NA,NA,0.00,NA,NA,NA
2022-06-08 16:00:00,41.05,247.30,6.30,19.67,25.97,NA,NA,0.11,75.37,NA,NA,NA,NA,NA,NA,NA,NA,NA,NA,NA,0.00,NA,NA,NA
2022-06-08 17:00:00,37.69,221.96,6.00,22.44,28.44,NA,NA,0.12,70.17,NA,NA,NA,NA,NA,NA,NA,NA,NA,NA,NA,0.00,NA,NA,NA
2022-06-08 18:00:00,40.56,230.59,6.23,35.47,41.70,NA,NA,0.17,50.75,NA,NA,NA,NA,NA,NA,NA,NA,NA,NA,NA,0.00,NA,NA,NA
2022-06-08 19:00:00,49.41,234.70,6.03,46.05,52.08,NA,NA,0.23,36.27,NA,NA,NA,NA,NA,NA,NA,NA,NA,NA,NA,0.00,NA,NA,NA
2022-06-08 20:00:00,40.07,235.05,12.17,79.14,91.28,NA,NA,0.39,20.65,NA,NA,NA,NA,NA,NA,NA,NA,NA,NA,NA,0.00,NA,NA,NA
2022-06-08 21:00:00,46.32,283.67,20.14,99.60,119.75,NA,NA,0.49,8.13,NA,NA,NA,NA,NA,NA,NA,NA,NA,NA,NA,0.00,NA,NA,NA
2022-06-08 22:00:00,56.20,302.59,11.75,90.50,102.27,NA,NA,0.38,9.97,NA,NA,NA,NA,NA,NA,NA,NA,NA,NA,NA,0.00,NA,NA,NA
2022-06-08 23:00:00,40.98,281.23,13.25,86.29,99.54,NA,NA,0.33,10.16,NA,NA,NA,NA,NA,NA,NA,NA,NA,NA,NA,0.00,NA,NA,NA
2022-06-09 00:00:00,37.59,243.15,8.16,74.38,82.53,NA,NA,0.26,15.71,NA,NA,NA,NA,NA,NA,NA,NA,NA,NA,NA,0.00,NA,NA,NA
2022-06-09 01:00:00,23.59,177.71,6.07,57.83,63.90,NA,NA,0.19,22.32,NA,NA,NA,NA,NA,NA,NA,NA,NA,NA,NA,0.00,NA,NA,NA
2022-06-09 02:00:00,31.32,159.73,5.68,48.85,54.53,NA,NA,0.19,24.32,NA,NA,NA,NA,NA,NA,NA,NA,NA,NA,NA,0.00,NA,NA,NA
2022-06-09 03:00:00,29.78,158.99,5.66,44.01,49.67,NA,NA,0.19,25.14,NA,NA,NA,NA,NA,NA,NA,NA,NA,NA,NA,0.00,NA,NA,NA
2022-06-09 04:00:00,29.17,171.11,5.71,44.99,50.70,NA,NA,0.20,23.64,NA,NA,NA,NA,NA,NA,NA,NA,NA,NA,NA,0.00,NA,NA,NA
2022-06-09 05:00:00,32.81,180.31,5.75,39.54,45.29,NA,NA,0.20,28.26,NA,NA,NA,NA,NA,NA,NA,NA,NA,NA,NA,0.00,NA,NA,NA
2022-06-09 06:00:00,36.11,228.75,8.18,42.02,50.20,NA,NA,0.20,23.78,NA,NA,NA,NA,NA,NA,NA,NA,NA,NA,NA,0.00,NA,NA,NA
2022-06-09 07:00:00,38.50,270.26,8.97,34.12,43.09,NA,NA,0.21,29.23,NA,NA,NA,NA,NA,NA,NA,NA,NA,NA,NA,0.00,NA,NA,NA
2022-06-09 08:00:00,45.31,288.53,8.21,27.76,35.97,NA,NA,0.20,43.15,NA,NA,NA,NA,NA,NA,NA,NA,NA,NA,NA,0.00,NA,NA,NA
2022-06-09 09:00:00,56.26,383.73,8.46,28.03,36.48,NA,NA,0.20,53.16,NA,NA,NA,NA,NA,NA,NA,NA,NA,NA,NA,0.00,NA,NA,NA
2022-06-09 10:00:00,50.84,379.94,7.69,23.26,30.95,NA,NA,0.18,62.73,NA,NA,NA,NA,NA,NA,NA,NA,NA,NA,NA,0.00,NA,NA,NA
2022-06-09 11:00:00,48.39,360.76,7.50,22.67,30.16,NA,NA,0.18,73.86,NA,NA,NA,NA,NA,NA,NA,NA,NA,NA,NA,0.00,NA,NA,NA
2022-06-09 12:00:00,45.41,349.39,7.17,21.22,28.39,NA,NA,0.17,79.12,NA,NA,NA,NA,NA,NA,NA,NA,NA,NA,NA,0.00,NA,NA,NA
2022-06-09 13:00:00,35.47,271.73,6.59,19.54,26.13,NA,NA,0.11,74.01,NA,NA,NA,NA,NA,NA,NA,NA,NA,NA,NA,0.00,NA,NA,NA
2022-06-09 14:00:00,70.79,316.89,7.29,20.00,27.30,NA,NA,0.04,76.73,NA,NA,NA,NA,NA,NA,NA,NA,NA,NA,NA,0.00,NA,NA,NA
2022-06-09 15:00:00,79.55,354.84,7.62,22.50,30.13,NA,NA,0.05,75.12,NA,NA,NA,NA,NA,NA,NA,NA,NA,NA,NA,0.00,NA,NA,NA
2022-06-09 16:00:00,60.31,318.23,7.23,21.90,29.13,NA,NA,0.03,75.01,NA,NA,NA,NA,NA,NA,NA,NA,NA,NA,NA,0.00,NA,NA,NA
2022-06-09 17:00:00,98.34,339.58,7.36,24.09,31.45,NA,NA,0.03,69.20,NA,NA,NA,NA,NA,NA,NA,NA,NA,NA,NA,0.00,NA,NA,NA
2022-06-09 18:00:00,43.97,310.56,6.70,39.75,46.45,NA,NA,0.11,47.92,NA,NA,NA,NA,NA,NA,NA,NA,NA,NA,NA,0.00,NA,NA,NA
2022-06-09 19:00:00,18.35,270.15,5.63,48.93,54.56,NA,NA,0.23,30.84,NA,NA,NA,NA,NA,NA,NA,NA,NA,NA,NA,0.00,NA,NA,NA
2022-06-09 20:00:00,1.35,188.14,5.65,45.17,50.81,NA,NA,0.23,38.17,NA,NA,NA,NA,NA,NA,NA,NA,NA,NA,NA,0.00,NA,NA,NA
2022-06-09 21:00:00,4.69,192.74,5.60,34.00,39.60,NA,NA,0.19,45.39,NA,NA,NA,NA,NA,NA,NA,NA,NA,NA,NA,0.00,NA,NA,NA
2022-06-09 22:00:00,27.54,248.56,5.49,32.77,38.26,NA,NA,0.19,41.80,NA,NA,NA,NA,NA,NA,NA,NA,NA,NA,NA,0.00,NA,NA,NA
2022-06-09 23:00:00,41.01,264.69,5.61,40.33,45.94,NA,NA,0.21,32.55,NA,NA,NA,NA,NA,NA,NA,NA,NA,NA,NA,0.00,NA,NA,NA
2022-06-10 00:00:00,38.96,260.89,5.90,43.67,49.57,NA,NA,0.23,24.31,NA,NA,NA,NA,NA,NA,NA,NA,NA,NA,NA,0.00,NA,NA,NA
2022-06-10 01:00:00,44.02,309.61,5.82,57.52,63.40,NA,NA,0.27,15.37,NA,NA,NA,NA,NA,NA,NA,NA,NA,NA,NA,0.00,NA,NA,NA
2022-06-10 02:00:00,45.66,270.30,7.91,69.69,77.62,NA,NA,0.30,9.02,NA,NA,NA,NA,NA,NA,NA,NA,NA,NA,NA,0.00,NA,NA,NA
2022-06-10 03:00:00,45.22,296.80,28.26,77.26,105.57,NA,NA,0.30,7.17,NA,NA,NA,NA,NA,NA,NA,NA,NA,NA,NA,0.00,NA,NA,NA
2022-06-10 04:00:00,37.47,239.56,10.40,70.80,81.15,NA,NA,0.25,9.52,NA,NA,NA,NA,NA,NA,NA,NA,NA,NA,NA,0.00,NA,NA,NA
2022-06-10 05:00:00,29.07,224.44,8.60,72.80,81.35,NA,NA,0.24,11.92,NA,NA,NA,NA,NA,NA,NA,NA,NA,NA,NA,0.00,NA,NA,NA
2022-06-10 06:00:00,36.23,217.07,6.68,38.31,44.94,NA,NA,0.18,35.12,NA,NA,NA,NA,NA,NA,NA,NA,NA,NA,NA,0.00,NA,NA,NA
2022-06-10 07:00:00,37.75,258.75,8.34,34.55,42.86,NA,NA,0.19,33.10,NA,NA,NA,NA,NA,NA,NA,NA,NA,NA,NA,0.00,NA,NA,NA
2022-06-10 08:00:00,51.03,369.86,8.74,27.08,35.82,NA,NA,0.16,36.11,NA,NA,NA,NA,NA,NA,NA,NA,NA,NA,NA,0.00,NA,NA,NA
2022-06-10 09:00:00,58.13,457.40,9.59,26.88,36.47,NA,NA,0.15,35.72,NA,NA,NA,NA,NA,NA,NA,NA,NA,NA,NA,0.00,NA,NA,NA
2022-06-10 10:00:00,62.35,553.65,8.83,23.74,32.57,NA,NA,0.13,41.75,NA,NA,NA,NA,NA,NA,NA,NA,NA,NA,NA,0.00,NA,NA,NA
2022-06-10 11:00:00,78.35,545.13,9.47,25.75,35.21,NA,NA,0.12,48.76,NA,NA,NA,NA,NA,NA,NA,NA,NA,NA,NA,0.00,NA,NA,NA
2022-06-10 12:00:00,57.14,440.77,11.20,30.87,42.11,NA,NA,0.13,55.65,NA,NA,NA,NA,NA,NA,NA,NA,NA,NA,NA,0.00,NA,NA,NA
2022-06-10 13:00:00,61.16,438.17,15.48,35.74,51.17,NA,NA,0.13,57.07,NA,NA,NA,NA,NA,NA,NA,NA,NA,NA,NA,0.00,NA,NA,NA
2022-06-10 14:00:00,54.07,434.12,6.92,18.68,25.61,NA,NA,0.12,67.93,NA,NA,NA,NA,NA,NA,NA,NA,NA,NA,NA,0.00,NA,NA,NA
2022-06-10 15:00:00,62.07,402.18,6.80,18.80,25.60,NA,NA,0.10,69.42,NA,NA,NA,NA,NA,NA,NA,NA,NA,NA,NA,0.00,NA,NA,NA
2022-06-10 16:00:00,52.24,367.00,6.61,19.90,26.52,NA,NA,0.10,73.71,NA,NA,NA,NA,NA,NA,NA,NA,NA,NA,NA,0.00,NA,NA,NA
2022-06-10 17:00:00,42.25,283.96,8.81,36.85,45.68,NA,NA,0.10,64.40,NA,NA,NA,NA,NA,NA,NA,NA,NA,NA,NA,0.00,NA,NA,NA
2022-06-10 18:00:00,34.10,246.91,6.20,38.08,44.33,NA,NA,0.13,61.50,NA,NA,NA,NA,NA,NA,NA,NA,NA,NA,NA,0.00,NA,NA,NA
2022-06-10 19:00:00,50.58,274.94,6.17,61.66,67.86,NA,NA,0.21,35.71,NA,NA,NA,NA,NA,NA,NA,NA,NA,NA,NA,0.00,NA,NA,NA
2022-06-10 20:00:00,52.19,281.31,6.08,62.10,68.21,NA,NA,0.25,24.05,NA,NA,NA,NA,NA,NA,NA,NA,NA,NA,NA,0.00,NA,NA,NA
2022-06-10 21:00:00,30.82,244.10,6.15,71.11,77.24,NA,NA,0.25,18.32,NA,NA,NA,NA,NA,NA,NA,NA,NA,NA,NA,0.00,NA,NA,NA
2022-06-10 22:00:00,37.53,226.79,6.28,68.46,74.76,NA,NA,0.23,17.50,NA,NA,NA,NA,NA,NA,NA,NA,NA,NA,NA,0.00,NA,NA,NA
2022-06-10 23:00:00,38.89,237.64,7.10,73.72,80.83,NA,NA,0.23,15.03,NA,NA,NA,NA,NA,NA,NA,NA,NA,NA,NA,0.00,NA,NA,NA
2022-06-11 00:00:00,38.98,244.18,6.54,65.32,71.78,NA,NA,0.21,24.41,NA,NA,NA,NA,NA,NA,NA,NA,NA,NA,NA,0.00,NA,NA,NA
2022-06-11 01:00:00,38.18,222.80,5.90,45.15,51.08,NA,NA,0.19,31.13,NA,NA,NA,NA,NA,NA,NA,NA,NA,NA,NA,0.00,NA,NA,NA
2022-06-11 02:00:00,46.27,244.55,6.90,59.13,66.01,NA,NA,0.25,18.36,NA,NA,NA,NA,NA,NA,NA,NA,NA,NA,NA,0.00,NA,NA,NA
2022-06-11 03:00:00,53.15,266.92,8.96,57.90,66.86,NA,NA,0.26,15.56,NA,NA,NA,NA,NA,NA,NA,NA,NA,NA,NA,0.00,NA,NA,NA
2022-06-11 04:00:00,52.04,239.96,8.08,58.43,66.50,NA,NA,0.26,11.50,NA,NA,NA,NA,NA,NA,NA,NA,NA,NA,NA,0.00,NA,NA,NA
2022-06-11 05:00:00,51.12,262.02,6.19,46.70,52.90,NA,NA,0.22,22.26,NA,NA,NA,NA,NA,NA,NA,NA,NA,NA,NA,0.00,NA,NA,NA
2022-06-11 06:00:00,39.14,268.85,7.49,39.29,46.78,NA,NA,0.13,29.05,NA,NA,NA,NA,NA,NA,NA,NA,NA,NA,NA,0.00,NA,NA,NA
2022-06-11 07:00:00,28.30,278.18,7.61,27.68,35.29,NA,NA,0.13,37.39,NA,NA,NA,NA,NA,NA,NA,NA,NA,NA,NA,0.00,NA,NA,NA
2022-06-11 08:00:00,47.69,273.35,8.86,28.38,37.23,NA,NA,0.14,40.75,NA,NA,NA,NA,NA,NA,NA,NA,NA,NA,NA,0.00,NA,NA,NA
2022-06-11 09:00:00,44.94,321.18,9.22,27.81,37.03,NA,NA,0.15,47.63,NA,NA,NA,NA,NA,NA,NA,NA,NA,NA,NA,0.00,NA,NA,NA
2022-06-11 10:00:00,51.96,360.69,7.54,21.69,29.23,NA,NA,0.14,60.20,NA,NA,NA,NA,NA,NA,NA,NA,NA,NA,NA,0.00,NA,NA,NA
2022-06-11 11:00:00,50.80,364.82,7.48,19.90,27.38,NA,NA,0.15,66.78,NA,NA,NA,NA,NA,NA,NA,NA,NA,NA,NA,0.00,NA,NA,NA
2022-06-11 12:00:00,53.37,334.31,7.25,19.02,26.28,NA,NA,0.14,68.18,NA,NA,NA,NA,NA,NA,NA,NA,NA,NA,NA,0.00,NA,NA,NA
2022-06-11 13:00:00,42.34,308.40,6.98,18.26,25.24,NA,NA,0.13,66.62,NA,NA,NA,NA,NA,NA,NA,NA,NA,NA,NA,0.00,NA,NA,NA
2022-06-11 14:00:00,43.22,307.01,7.16,19.68,26.83,NA,NA,0.12,69.37,NA,NA,NA,NA,NA,NA,NA,NA,NA,NA,NA,0.00,NA,NA,NA
2022-06-11 15:00:00,38.13,274.20,8.88,28.56,37.44,NA,NA,0.08,62.99,NA,NA,NA,NA,NA,NA,NA,NA,NA,NA,NA,0.00,NA,NA,NA
2022-06-11 16:00:00,66.47,280.72,6.83,20.71,27.54,NA,NA,0.04,67.30,NA,NA,NA,NA,NA,NA,NA,NA,NA,NA,NA,0.00,NA,NA,NA
2022-06-11 17:00:00,91.67,292.17,6.72,23.90,30.62,NA,NA,0.02,65.54,NA,NA,NA,NA,NA,NA,NA,NA,NA,NA,NA,0.00,NA,NA,NA
2022-06-11 18:00:00,78.57,274.18,6.28,30.44,36.72,NA,NA,0.01,60.15,NA,NA,NA,NA,NA,NA,NA,NA,NA,NA,NA,0.00,NA,NA,NA
2022-06-11 19:00:00,54.57,271.20,6.14,52.38,58.52,NA,NA,0.10,40.00,NA,NA,NA,NA,NA,NA,NA,NA,NA,NA,NA,0.00,NA,NA,NA
2022-06-11 20:00:00,24.09,246.32,7.26,84.10,91.35,NA,NA,0.23,17.92,NA,NA,NA,NA,NA,NA,NA,NA,NA,NA,NA,0.00,NA,NA,NA
2022-06-11 21:00:00,35.01,284.49,6.47,85.20,91.68,NA,NA,0.25,14.61,NA,NA,NA,NA,NA,NA,NA,NA,NA,NA,NA,0.00,NA,NA,NA
2022-06-11 22:00:00,6.85,227.39,5.79,73.12,78.91,NA,NA,0.23,22.35,NA,NA,NA,NA,NA,NA,NA,NA,NA,NA,NA,0.00,NA,NA,NA
2022-06-11 23:00:00,26.62,232.18,7.30,79.82,87.12,NA,NA,0.20,15.04,NA,NA,NA,NA,NA,NA,NA,NA,NA,NA,NA,0.00,NA,NA,NA
2022-06-12 00:00:00,28.42,221.43,5.80,56.14,61.94,NA,NA,0.18,20.40,NA,NA,NA,NA,NA,NA,NA,NA,NA,NA,NA,0.00,NA,NA,NA
2022-06-12 01:00:00,29.10,187.09,5.69,43.67,49.36,NA,NA,0.19,24.37,NA,NA,NA,NA,NA,NA,NA,NA,NA,NA,NA,0.00,NA,NA,NA
2022-06-12 02:00:00,41.45,213.31,8.27,54.10,62.35,NA,NA,0.24,16.84,NA,NA,NA,NA,NA,NA,NA,NA,NA,NA,NA,0.00,NA,NA,NA
2022-06-12 03:00:00,41.80,228.73,7.84,59.91,67.77,NA,NA,0.23,12.02,NA,NA,NA,NA,NA,NA,NA,NA,NA,NA,NA,0.00,NA,NA,NA
2022-06-12 04:00:00,51.08,233.33,7.56,54.34,61.90,NA,NA,0.25,14.54,NA,NA,NA,NA,NA,NA,NA,NA,NA,NA,NA,0.00,NA,NA,NA
2022-06-12 05:00:00,40.38,214.52,9.34,60.95,70.29,NA,NA,0.21,12.19,NA,NA,NA,NA,NA,NA,NA,NA,NA,NA,NA,0.00,NA,NA,NA
2022-06-12 06:00:00,46.20,245.97,15.23,58.31,73.51,NA,NA,0.22,14.19,NA,NA,NA,NA,NA,NA,NA,NA,NA,NA,NA,0.00,NA,NA,NA
2022-06-12 07:00:00,56.16,275.03,16.09,50.17,66.29,NA,NA,0.25,26.60,NA,NA,NA,NA,NA,NA,NA,NA,NA,NA,NA,0.00,NA,NA,NA
2022-06-12 08:00:00,42.97,226.17,9.31,34.05,43.36,NA,NA,0.19,45.84,NA,NA,NA,NA,NA,NA,NA,NA,NA,NA,NA,0.00,NA,NA,NA
2022-06-12 09:00:00,43.30,256.17,8.09,24.41,32.50,NA,NA,0.15,54.74,NA,NA,NA,NA,NA,NA,NA,NA,NA,NA,NA,0.00,NA,NA,NA
2022-06-12 10:00:00,43.76,262.87,8.46,26.98,35.44,NA,NA,0.14,58.65,NA,NA,NA,NA,NA,NA,NA,NA,NA,NA,NA,0.00,NA,NA,NA
2022-06-12 11:00:00,48.61,274.78,7.59,21.10,28.69,NA,NA,0.13,67.65,NA,NA,NA,NA,NA,NA,NA,NA,NA,NA,NA,0.00,NA,NA,NA
2022-06-12 12:00:00,47.44,311.47,7.07,19.11,26.19,NA,NA,0.13,75.01,NA,NA,NA,NA,NA,NA,NA,NA,NA,NA,NA,0.00,NA,NA,NA
2022-06-12 13:00:00,50.35,309.97,6.81,17.92,24.73,NA,NA,0.11,74.34,NA,NA,NA,NA,NA,NA,NA,NA,NA,NA,NA,0.00,NA,NA,NA
2022-06-12 14:00:00,45.71,278.24,6.72,17.63,24.35,NA,NA,0.11,78.72,NA,NA,NA,NA,NA,NA,NA,NA,NA,NA,NA,0.00,NA,NA,NA
2022-06-12 15:00:00,52.02,289.04,6.46,17.74,24.20,NA,NA,0.10,77.94,NA,NA,NA,NA,NA,NA,NA,NA,NA,NA,NA,0.00,NA,NA,NA
2022-06-12 16:00:00,33.85,283.80,5.85,20.29,26.15,NA,NA,0.08,77.28,NA,NA,NA,NA,NA,NA,NA,NA,NA,NA,NA,0.00,NA,NA,NA
2022-06-12 17:00:00,74.75,328.85,6.20,19.03,25.23,NA,NA,0.04,79.34,NA,NA,NA,NA,NA,NA,NA,NA,NA,NA,NA,0.00,NA,NA,NA
2022-06-12 18:00:00,86.74,331.43,6.27,21.03,27.30,NA,NA,0.09,69.36,NA,NA,NA,NA,NA,NA,NA,NA,NA,NA,NA,0.00,NA,NA,NA
2022-06-12 19:00:00,38.49,313.01,5.80,28.23,34.03,NA,NA,0.16,52.65,NA,NA,NA,NA,NA,NA,NA,NA,NA,NA,NA,0.00,NA,NA,NA
2022-06-12 20:00:00,34.28,325.35,5.19,40.22,45.41,NA,NA,0.21,33.73,NA,NA,NA,NA,NA,NA,NA,NA,NA,NA,NA,0.00,NA,NA,NA
2022-06-12 21:00:00,63.95,332.30,5.22,51.74,56.97,NA,NA,0.18,19.05,NA,NA,NA,NA,NA,NA,NA,NA,NA,NA,NA,0.00,NA,NA,NA
2022-06-12 22:00:00,90.59,341.32,7.85,54.66,62.51,NA,NA,0.19,17.29,NA,NA,NA,NA,NA,NA,NA,NA,NA,NA,NA,0.00,NA,NA,NA
2022-06-12 23:00:00,52.74,227.89,6.04,25.25,31.30,NA,NA,0.10,47.11,NA,NA,NA,NA,NA,NA,NA,NA,NA,NA,NA,0.00,NA,NA,NA
2022-06-13 00:00:00,6.47,143.64,5.68,26.02,31.70,NA,NA,0.10,46.64,NA,NA,NA,NA,NA,NA,NA,NA,NA,NA,NA,0.00,NA,NA,NA
2022-06-13 01:00:00,7.30,143.70,5.37,33.89,39.26,NA,NA,0.12,35.96,NA,NA,NA,NA,NA,NA,NA,NA,NA,NA,NA,0.00,NA,NA,NA
2022-06-13 02:00:00,12.53,154.29,5.49,35.77,41.26,NA,NA,0.13,33.79,NA,NA,NA,NA,NA,NA,NA,NA,NA,NA,NA,0.00,NA,NA,NA
2022-06-13 03:00:00,16.25,132.22,5.66,30.05,35.71,NA,NA,0.12,38.46,NA,NA,NA,NA,NA,NA,NA,NA,NA,NA,NA,0.00,NA,NA,NA
2022-06-13 04:00:00,19.00,147.12,5.53,30.00,35.52,NA,NA,0.13,36.00,NA,NA,NA,NA,NA,NA,NA,NA,NA,NA,NA,0.00,NA,NA,NA
2022-06-13 05:00:00,28.26,198.26,5.39,23.50,28.89,NA,NA,0.12,46.29,NA,NA,NA,NA,NA,NA,NA,NA,NA,NA,NA,0.00,NA,NA,NA
2022-06-13 06:00:00,25.92,252.68,5.69,21.51,27.19,NA,NA,0.12,53.78,NA,NA,NA,NA,NA,NA,NA,NA,NA,NA,NA,0.00,NA,NA,NA
2022-06-13 07:00:00,11.56,77.85,6.11,20.60,26.71,NA,NA,0.13,56.10,NA,NA,NA,NA,NA,NA,NA,NA,NA,NA,NA,0.00,NA,NA,NA
2022-06-13 08:00:00,19.07,80.84,6.59,21.75,28.34,NA,NA,0.13,56.00,NA,NA,NA,NA,NA,NA,NA,NA,NA,NA,NA,0.00,NA,NA,NA
2022-06-13 09:00:00,28.72,100.14,6.41,23.51,29.92,NA,NA,0.14,56.09,NA,NA,NA,NA,NA,NA,NA,NA,NA,NA,NA,0.00,NA,NA,NA
2022-06-13 10:00:00,23.58,124.12,8.58,31.88,40.46,NA,NA,0.17,58.12,NA,NA,NA,NA,NA,NA,NA,NA,NA,NA,NA,0.00,NA,NA,NA
2022-06-13 11:00:00,29.04,174.50,7.12,25.30,32.42,NA,NA,0.15,57.36,NA,NA,NA,NA,NA,NA,NA,NA,NA,NA,NA,0.00,NA,NA,NA
2022-06-13 12:00:00,31.42,193.29,8.05,31.27,39.33,NA,NA,0.18,60.29,NA,NA,NA,NA,NA,NA,NA,NA,NA,NA,NA,0.00,NA,NA,NA
2022-06-13 13:00:00,37.01,215.66,7.61,30.40,38.01,NA,NA,0.16,64.34,NA,NA,NA,NA,NA,NA,NA,NA,NA,NA,NA,0.00,NA,NA,NA
2022-06-13 14:00:00,69.33,265.32,8.25,20.63,28.88,NA,NA,0.10,75.88,NA,NA,NA,NA,NA,NA,NA,NA,NA,NA,NA,0.00,NA,NA,NA
2022-06-13 15:00:00,62.11,308.12,7.39,21.06,28.46,NA,NA,0.13,85.20,NA,NA,NA,NA,NA,NA,NA,NA,NA,NA,NA,0.00,NA,NA,NA
2022-06-13 16:00:00,39.69,319.17,6.70,20.63,27.33,NA,NA,0.12,82.18,NA,NA,NA,NA,NA,NA,NA,NA,NA,NA,NA,0.00,NA,NA,NA
2022-06-13 17:00:00,51.97,282.41,6.15,20.36,26.51,NA,NA,0.12,77.09,NA,NA,NA,NA,NA,NA,NA,NA,NA,NA,NA,0.00,NA,NA,NA
2022-06-13 18:00:00,44.01,260.16,6.17,29.00,35.17,NA,NA,0.16,65.69,NA,NA,NA,NA,NA,NA,NA,NA,NA,NA,NA,0.00,NA,NA,NA
2022-06-13 19:00:00,49.96,248.61,6.55,50.96,57.51,NA,NA,0.23,44.16,NA,NA,NA,NA,NA,NA,NA,NA,NA,NA,NA,0.00,NA,NA,NA
2022-06-13 20:00:00,41.28,255.47,6.32,59.21,65.53,NA,NA,0.30,34.96,NA,NA,NA,NA,NA,NA,NA,NA,NA,NA,NA,0.00,NA,NA,NA
2022-06-13 21:00:00,34.44,260.95,6.03,28.30,34.32,NA,NA,0.16,52.42,NA,NA,NA,NA,NA,NA,NA,NA,NA,NA,NA,0.00,NA,NA,NA
2022-06-13 22:00:00,32.95,202.22,5.91,28.39,34.30,NA,NA,0.14,52.40,NA,NA,NA,NA,NA,NA,NA,NA,NA,NA,NA,0.00,NA,NA,NA
2022-06-13 23:00:00,25.35,172.24,5.63,38.86,44.50,NA,NA,0.12,43.88,NA,NA,NA,NA,NA,NA,NA,NA,NA,NA,NA,0.00,NA,NA,NA
2022-06-14 00:00:00,53.80,197.37,6.61,32.45,39.05,NA,NA,0.11,44.94,NA,NA,NA,NA,NA,NA,NA,NA,NA,NA,NA,0.00,NA,NA,NA
2022-06-14 01:00:00,27.05,136.58,5.80,36.76,42.57,NA,NA,0.12,38.87,NA,NA,NA,NA,NA,NA,NA,NA,NA,NA,NA,0.00,NA,NA,NA
2022-06-14 02:00:00,20.72,117.01,5.64,29.94,35.59,NA,NA,0.13,40.77,NA,NA,NA,NA,NA,NA,NA,NA,NA,NA,NA,0.00,NA,NA,NA
2022-06-14 03:00:00,12.58,117.32,5.43,25.12,30.55,NA,NA,0.13,42.95,NA,NA,NA,NA,NA,NA,NA,NA,NA,NA,NA,0.00,NA,NA,NA
2022-06-14 04:00:00,21.02,133.21,5.10,22.49,27.59,NA,NA,0.12,44.20,NA,NA,NA,NA,NA,NA,NA,NA,NA,NA,NA,0.00,NA,NA,NA
2022-06-14 05:00:00,17.83,144.39,5.38,23.60,28.98,NA,NA,0.14,40.32,NA,NA,NA,NA,NA,NA,NA,NA,NA,NA,NA,0.00,NA,NA,NA
2022-06-14 06:00:00,21.32,168.98,6.13,25.41,31.54,NA,NA,0.15,39.84,NA,NA,NA,NA,NA,NA,NA,NA,NA,NA,NA,0.00,NA,NA,NA
2022-06-14 07:00:00,33.55,256.95,6.84,23.01,29.85,NA,NA,0.15,49.04,NA,NA,NA,NA,NA,NA,NA,NA,NA,NA,NA,0.00,NA,NA,NA
2022-06-14 08:00:00,27.88,253.66,7.55,24.21,31.75,NA,NA,0.16,54.00,NA,NA,NA,NA,NA,NA,NA,NA,NA,NA,NA,0.00,NA,NA,NA
2022-06-14 09:00:00,33.84,218.06,10.60,33.21,43.81,NA,NA,0.13,54.97,NA,NA,NA,NA,NA,NA,NA,NA,NA,NA,NA,0.00,NA,NA,NA
2022-06-14 10:00:00,67.31,219.19,10.36,29.42,39.79,NA,NA,0.14,61.04,NA,NA,NA,NA,NA,NA,NA,NA,NA,NA,NA,0.00,NA,NA,NA
2022-06-14 11:00:00,28.69,198.29,8.28,22.67,30.94,NA,NA,0.15,68.33,NA,NA,NA,NA,NA,NA,NA,NA,NA,NA,NA,0.00,NA,NA,NA
2022-06-14 12:00:00,29.86,222.63,7.45,21.02,28.48,NA,NA,0.16,74.18,NA,NA,NA,NA,NA,NA,NA,NA,NA,NA,NA,0.00,NA,NA,NA
2022-06-14 13:00:00,32.98,224.15,7.14,23.99,31.13,NA,NA,0.18,74.33,NA,NA,NA,NA,NA,NA,NA,NA,NA,NA,NA,0.00,NA,NA,NA
2022-06-14 14:00:00,37.97,244.32,6.63,23.63,30.25,NA,NA,0.17,70.85,NA,NA,NA,NA,NA,NA,NA,NA,NA,NA,NA,0.00,NA,NA,NA
2022-06-14 15:00:00,29.44,234.56,7.17,21.13,28.30,NA,NA,0.17,74.20,NA,NA,NA,NA,NA,NA,NA,NA,NA,NA,NA,0.00,NA,NA,NA
2022-06-14 16:00:00,49.30,278.68,6.35,23.79,30.14,NA,NA,0.18,68.06,NA,NA,NA,NA,NA,NA,NA,NA,NA,NA,NA,0.00,NA,NA,NA
2022-06-14 17:00:00,42.49,274.67,6.61,31.78,38.38,NA,NA,0.18,55.41,NA,NA,NA,NA,NA,NA,NA,NA,NA,NA,NA,0.00,NA,NA,NA
2022-06-14 18:00:00,40.03,248.99,6.53,35.45,41.98,NA,NA,0.19,48.26,NA,NA,NA,NA,NA,NA,NA,NA,NA,NA,NA,0.00,NA,NA,NA
2022-06-14 19:00:00,38.67,231.70,6.33,37.37,43.70,NA,NA,0.20,43.74,NA,NA,NA,NA,NA,NA,NA,NA,NA,NA,NA,0.00,NA,NA,NA
2022-06-14 20:00:00,31.13,198.55,6.15,30.00,36.15,NA,NA,0.20,50.60,NA,NA,NA,NA,NA,NA,NA,NA,NA,NA,NA,0.00,NA,NA,NA
2022-06-14 21:00:00,28.02,183.99,6.01,28.82,34.83,NA,NA,0.20,50.15,NA,NA,NA,NA,NA,NA,NA,NA,NA,NA,NA,0.00,NA,NA,NA
2022-06-14 22:00:00,28.63,146.29,5.94,27.62,33.56,NA,NA,0.18,50.41,NA,NA,NA,NA,NA,NA,NA,NA,NA,NA,NA,0.00,NA,NA,NA
2022-06-14 23:00:00,20.04,121.07,5.77,26.07,31.84,NA,NA,0.17,49.19,NA,NA,NA,NA,NA,NA,NA,NA,NA,NA,NA,0.00,NA,NA,NA
2022-06-15 00:00:00,19.91,121.01,5.67,28.08,33.75,NA,NA,0.16,47.27,NA,NA,NA,NA,NA,NA,NA,NA,NA,NA,NA,0.00,NA,NA,NA
2022-06-15 01:00:00,43.13,133.95,6.00,25.50,31.51,NA,NA,0.15,47.33,NA,NA,NA,NA,NA,NA,NA,NA,NA,NA,NA,0.00,NA,NA,NA
2022-06-15 02:00:00,22.30,113.52,5.91,22.94,28.85,NA,NA,0.16,47.84,NA,NA,NA,NA,NA,NA,NA,NA,NA,NA,NA,0.00,NA,NA,NA
2022-06-15 03:00:00,16.78,87.13,5.67,24.13,29.80,NA,NA,0.17,48.62,NA,NA,NA,NA,NA,NA,NA,NA,NA,NA,NA,0.00,NA,NA,NA
2022-06-15 04:00:00,19.50,99.42,5.42,27.54,32.96,NA,NA,0.18,44.37,NA,NA,NA,NA,NA,NA,NA,NA,NA,NA,NA,0.00,NA,NA,NA
2022-06-15 05:00:00,11.53,99.12,5.62,24.91,30.54,NA,NA,0.17,44.95,NA,NA,NA,NA,NA,NA,NA,NA,NA,NA,NA,0.00,NA,NA,NA
2022-06-15 06:00:00,16.82,90.59,6.28,26.91,33.19,NA,NA,0.19,43.12,NA,NA,NA,NA,NA,NA,NA,NA,NA,NA,NA,0.00,NA,NA,NA
2022-06-15 07:00:00,17.26,98.10,7.72,29.58,37.29,NA,NA,0.20,48.91,NA,NA,NA,NA,NA,NA,NA,NA,NA,NA,NA,0.00,NA,NA,NA
2022-06-15 08:00:00,22.82,102.74,8.36,28.00,36.36,NA,NA,0.20,56.64,NA,NA,NA,NA,NA,NA,NA,NA,NA,NA,NA,0.00,NA,NA,NA
2022-06-15 09:00:00,25.35,97.76,7.46,22.93,30.38,NA,NA,0.18,65.88,NA,NA,NA,NA,NA,NA,NA,NA,NA,NA,NA,0.00,NA,NA,NA
2022-06-15 10:00:00,33.06,129.47,8.88,25.28,34.16,NA,NA,0.18,68.44,NA,NA,NA,NA,NA,NA,NA,NA,NA,NA,NA,0.00,NA,NA,NA
2022-06-15 11:00:00,26.91,125.03,8.31,23.12,31.42,NA,NA,0.17,71.08,NA,NA,NA,NA,NA,NA,NA,NA,NA,NA,NA,0.00,NA,NA,NA
2022-06-15 12:00:00,23.95,111.59,7.86,20.81,28.66,NA,NA,0.16,73.57,NA,NA,NA,NA,NA,NA,NA,NA,NA,NA,NA,0.00,NA,NA,NA
2022-06-15 13:00:00,22.69,101.00,11.69,32.09,43.79,NA,NA,0.15,64.58,NA,NA,NA,NA,NA,NA,NA,NA,NA,NA,NA,0.00,NA,NA,NA
2022-06-15 14:00:00,33.10,131.29,7.16,17.43,24.60,NA,NA,0.14,73.78,NA,NA,NA,NA,NA,NA,NA,NA,NA,NA,NA,0.00,NA,NA,NA
2022-06-15 15:00:00,24.68,117.52,6.72,16.85,23.57,NA,NA,0.14,73.70,NA,NA,NA,NA,NA,NA,NA,NA,NA,NA,NA,0.00,NA,NA,NA
2022-06-15 16:00:00,25.09,109.69,6.38,17.39,23.77,NA,NA,0.14,74.35,NA,NA,NA,NA,NA,NA,NA,NA,NA,NA,NA,0.00,NA,NA,NA
2022-06-15 17:00:00,25.03,116.99,6.07,18.14,24.21,NA,NA,0.14,76.17,NA,NA,NA,NA,NA,NA,NA,NA,NA,NA,NA,0.00,NA,NA,NA
2022-06-15 18:00:00,37.46,233.51,5.48,18.52,24.00,NA,NA,0.15,69.12,NA,NA,NA,NA,NA,NA,NA,NA,NA,NA,NA,0.00,NA,NA,NA
2022-06-15 19:00:00,25.46,127.47,4.96,21.70,26.66,NA,NA,0.17,61.81,NA,NA,NA,NA,NA,NA,NA,NA,NA,NA,NA,0.00,NA,NA,NA
2022-06-15 20:00:00,10.63,68.60,5.06,22.61,27.68,NA,NA,0.18,58.96,NA,NA,NA,NA,NA,NA,NA,NA,NA,NA,NA,0.00,NA,NA,NA
2022-06-15 21:00:00,23.11,87.79,5.12,21.70,26.82,NA,NA,0.18,54.02,NA,NA,NA,NA,NA,NA,NA,NA,NA,NA,NA,0.00,NA,NA,NA
2022-06-15 22:00:00,20.47,102.51,5.27,24.91,30.18,NA,NA,0.18,50.83,NA,NA,NA,NA,NA,NA,NA,NA,NA,NA,NA,0.00,NA,NA,NA
2022-06-15 23:00:00,27.86,94.55,5.81,24.13,29.93,NA,NA,0.17,49.73,NA,NA,NA,NA,NA,NA,NA,NA,NA,NA,NA,0.00,NA,NA,NA
2022-06-16 00:00:00,24.23,71.63,5.55,22.57,28.13,NA,NA,0.16,51.75,NA,NA,NA,NA,NA,NA,NA,NA,NA,NA,NA,0.00,NA,NA,NA
2022-06-16 01:00:00,23.04,94.18,5.33,23.24,28.56,NA,NA,0.16,52.35,NA,NA,NA,NA,NA,NA,NA,NA,NA,NA,NA,0.00,NA,NA,NA
2022-06-16 02:00:00,25.46,299.13,5.45,18.72,24.16,NA,NA,0.14,66.74,NA,NA,NA,NA,NA,NA,NA,NA,NA,NA,NA,0.00,NA,NA,NA
2022-06-16 03:00:00,6.00,61.22,5.35,21.11,26.46,NA,NA,0.13,61.62,NA,NA,NA,NA,NA,NA,NA,NA,NA,NA,NA,0.00,NA,NA,NA
2022-06-16 04:00:00,9.38,52.75,5.64,35.50,41.15,NA,NA,0.14,37.49,NA,NA,NA,NA,NA,NA,NA,NA,NA,NA,NA,0.00,NA,NA,NA
2022-06-16 05:00:00,8.82,81.96,5.80,40.43,46.23,NA,NA,0.15,30.51,NA,NA,NA,NA,NA,NA,NA,NA,NA,NA,NA,0.00,NA,NA,NA
2022-06-16 06:00:00,13.42,71.84,8.58,41.09,49.68,NA,NA,0.16,22.95,NA,NA,NA,NA,NA,NA,NA,NA,NA,NA,NA,0.00,NA,NA,NA
2022-06-16 07:00:00,19.16,75.89,9.41,37.49,46.91,NA,NA,0.22,37.97,NA,NA,NA,NA,NA,NA,NA,NA,NA,NA,NA,0.00,NA,NA,NA
2022-06-16 08:00:00,57.01,168.92,9.33,33.39,42.73,NA,NA,0.22,54.46,NA,NA,NA,NA,NA,NA,NA,NA,NA,NA,NA,0.00,NA,NA,NA
2022-06-16 09:00:00,32.72,138.35,8.43,27.50,35.93,NA,NA,0.22,80.37,NA,NA,NA,NA,NA,NA,NA,NA,NA,NA,NA,0.00,NA,NA,NA
2022-06-16 10:00:00,25.88,98.66,7.96,27.29,35.25,NA,NA,0.23,96.26,NA,NA,NA,NA,NA,NA,NA,NA,NA,NA,NA,0.00,NA,NA,NA
2022-06-16 11:00:00,24.06,113.48,7.55,22.95,30.49,NA,NA,0.21,94.57,NA,NA,NA,NA,NA,NA,NA,NA,NA,NA,NA,0.00,NA,NA,NA
2022-06-16 12:00:00,30.42,129.68,7.28,23.96,31.24,NA,NA,0.21,105.43,NA,NA,NA,NA,NA,NA,NA,NA,NA,NA,NA,0.00,NA,NA,NA
2022-06-16 13:00:00,37.60,154.84,7.89,27.58,35.46,NA,NA,0.27,131.67,NA,NA,NA,NA,NA,NA,NA,NA,NA,NA,NA,0.00,NA,NA,NA
2022-06-16 14:00:00,31.35,135.22,7.62,23.72,31.34,NA,NA,0.22,112.91,NA,NA,NA,NA,NA,NA,NA,NA,NA,NA,NA,0.00,NA,NA,NA
2022-06-16 15:00:00,24.39,134.65,7.18,22.72,29.89,NA,NA,0.20,111.14,NA,NA,NA,NA,NA,NA,NA,NA,NA,NA,NA,0.00,NA,NA,NA
2022-06-16 16:00:00,55.21,228.79,7.12,19.81,26.93,NA,NA,0.15,83.92,NA,NA,NA,NA,NA,NA,NA,NA,NA,NA,NA,0.00,NA,NA,NA
2022-06-16 17:00:00,56.19,123.87,6.59,20.16,26.74,NA,NA,0.16,87.11,NA,NA,NA,NA,NA,NA,NA,NA,NA,NA,NA,0.00,NA,NA,NA
2022-06-16 18:00:00,13.51,54.18,5.94,21.71,27.65,NA,NA,0.18,78.36,NA,NA,NA,NA,NA,NA,NA,NA,NA,NA,NA,0.00,NA,NA,NA
2022-06-16 19:00:00,19.99,97.01,5.28,22.02,27.30,NA,NA,0.18,70.51,NA,NA,NA,NA,NA,NA,NA,NA,NA,NA,NA,0.00,NA,NA,NA
2022-06-16 20:00:00,6.03,372.43,5.38,23.03,28.41,NA,NA,0.20,60.83,NA,NA,NA,NA,NA,NA,NA,NA,NA,NA,NA,0.00,NA,NA,NA
2022-06-16 21:00:00,8.09,121.87,5.28,21.91,27.20,NA,NA,0.18,65.09,NA,NA,NA,NA,NA,NA,NA,NA,NA,NA,NA,0.00,NA,NA,NA
2022-06-16 22:00:00,20.94,66.69,5.25,24.47,29.72,NA,NA,0.20,54.82,NA,NA,NA,NA,NA,NA,NA,NA,NA,NA,NA,0.00,NA,NA,NA
2022-06-16 23:00:00,15.25,73.70,5.50,28.02,33.51,NA,NA,0.20,43.07,NA,NA,NA,NA,NA,NA,NA,NA,NA,NA,NA,0.00,NA,NA,NA
2022-06-17 00:00:00,15.22,58.53,5.41,26.66,32.07,NA,NA,0.17,42.50,NA,NA,NA,NA,NA,NA,NA,NA,NA,NA,NA,0.00,NA,NA,NA
2022-06-17 01:00:00,18.77,52.57,5.39,26.56,31.95,NA,NA,0.17,39.84,NA,NA,NA,NA,NA,NA,NA,NA,NA,NA,NA,0.00,NA,NA,NA
2022-06-17 02:00:00,15.07,63.05,5.37,25.06,30.44,NA,NA,0.17,40.19,NA,NA,NA,NA,NA,NA,NA,NA,NA,NA,NA,0.00,NA,NA,NA
2022-06-17 03:00:00,18.37,64.49,5.48,26.10,31.59,NA,NA,0.17,40.71,NA,NA,NA,NA,NA,NA,NA,NA,NA,NA,NA,0.00,NA,NA,NA
2022-06-17 04:00:00,28.46,106.33,6.05,26.34,32.39,NA,NA,0.18,47.31,NA,NA,NA,NA,NA,NA,NA,NA,NA,NA,NA,0.00,NA,NA,NA
2022-06-17 05:00:00,14.67,137.40,5.95,24.70,30.64,NA,NA,0.16,51.01,NA,NA,NA,NA,NA,NA,NA,NA,NA,NA,NA,0.00,NA,NA,NA
2022-06-17 06:00:00,16.11,216.79,6.19,23.85,30.04,NA,NA,0.16,40.01,NA,NA,NA,NA,NA,NA,NA,NA,NA,NA,NA,0.00,NA,NA,NA
2022-06-17 07:00:00,10.80,83.59,7.77,31.91,39.68,NA,NA,0.18,30.52,NA,NA,NA,NA,NA,NA,NA,NA,NA,NA,NA,0.00,NA,NA,NA
2022-06-17 08:00:00,17.77,19.71,9.61,33.75,43.36,NA,NA,0.18,31.20,NA,NA,NA,NA,NA,NA,NA,NA,NA,NA,NA,0.00,NA,NA,NA
2022-06-17 09:00:00,11.18,0.22,9.69,28.44,38.13,NA,NA,0.18,43.67,NA,NA,NA,NA,NA,NA,NA,NA,NA,NA,NA,0.00,NA,NA,NA
2022-06-17 10:00:00,19.82,29.60,8.90,25.10,34.00,NA,NA,0.19,59.93,NA,NA,NA,NA,NA,NA,NA,NA,NA,NA,NA,0.00,NA,NA,NA
2022-06-17 11:00:00,31.28,47.42,7.70,19.70,27.40,NA,NA,0.16,60.50,NA,NA,NA,NA,NA,NA,NA,NA,NA,NA,NA,0.00,NA,NA,NA
2022-06-17 12:00:00,32.78,96.35,7.62,20.68,28.30,NA,NA,0.16,74.22,NA,NA,NA,NA,NA,NA,NA,NA,NA,NA,NA,0.00,NA,NA,NA
2022-06-17 13:00:00,34.38,137.62,7.61,20.87,28.48,NA,NA,0.17,79.09,NA,NA,NA,NA,NA,NA,NA,NA,NA,NA,NA,0.00,NA,NA,NA
2022-06-17 14:00:00,48.54,209.03,6.65,24.78,31.44,NA,NA,0.21,75.65,NA,NA,NA,NA,NA,NA,NA,NA,NA,NA,NA,0.00,NA,NA,NA
2022-06-17 15:00:00,22.02,68.07,8.36,25.35,33.73,NA,NA,0.20,63.72,NA,NA,NA,NA,NA,NA,NA,NA,NA,NA,NA,0.00,NA,NA,NA
2022-06-17 16:00:00,21.71,63.48,6.87,32.03,38.92,NA,NA,0.22,61.02,NA,NA,NA,NA,NA,NA,NA,NA,NA,NA,NA,0.00,NA,NA,NA
2022-06-17 17:00:00,34.90,200.03,7.49,33.21,40.71,NA,NA,0.19,45.09,NA,NA,NA,NA,NA,NA,NA,NA,NA,NA,NA,0.00,NA,NA,NA
2022-06-17 18:00:00,5.01,135.69,6.49,34.70,41.18,NA,NA,0.20,33.82,NA,NA,NA,NA,NA,NA,NA,NA,NA,NA,NA,0.00,NA,NA,NA
2022-06-17 19:00:00,10.60,24.95,6.57,33.57,40.14,NA,NA,0.21,35.47,NA,NA,NA,NA,NA,NA,NA,NA,NA,NA,NA,0.00,NA,NA,NA
2022-06-17 20:00:00,22.57,131.93,6.46,37.16,43.62,NA,NA,0.24,24.79,NA,NA,NA,NA,NA,NA,NA,NA,NA,NA,NA,0.00,NA,NA,NA
2022-06-17 21:00:00,24.46,120.08,6.38,31.52,37.88,NA,NA,0.21,29.79,NA,NA,NA,NA,NA,NA,NA,NA,NA,NA,NA,0.00,NA,NA,NA
2022-06-17 22:00:00,17.39,64.58,6.05,27.06,33.11,NA,NA,0.20,38.54,NA,NA,NA,NA,NA,NA,NA,NA,NA,NA,NA,0.00,NA,NA,NA
2022-06-17 23:00:00,20.67,168.10,5.85,26.67,32.53,NA,NA,0.19,38.87,NA,NA,NA,NA,NA,NA,NA,NA,NA,NA,NA,0.00,NA,NA,NA
2022-06-18 00:00:00,10.84,154.25,5.65,24.88,30.52,NA,NA,0.18,40.87,NA,NA,NA,NA,NA,NA,NA,NA,NA,NA,NA,0.00,NA,NA,NA
2022-06-18 01:00:00,5.96,120.46,5.41,24.04,29.46,NA,NA,0.17,48.07,NA,NA,NA,NA,NA,NA,NA,NA,NA,NA,NA,0.00,NA,NA,NA
2022-06-18 02:00:00,8.07,118.22,5.36,24.13,29.48,NA,NA,0.16,44.17,NA,NA,NA,NA,NA,NA,NA,NA,NA,NA,NA,0.00,NA,NA,NA
2022-06-18 03:00:00,5.72,103.71,5.24,27.02,32.27,NA,NA,0.16,33.69,NA,NA,NA,NA,NA,NA,NA,NA,NA,NA,NA,0.00,NA,NA,NA
2022-06-18 04:00:00,7.48,89.46,5.18,31.00,36.18,NA,NA,0.16,29.43,NA,NA,NA,NA,NA,NA,NA,NA,NA,NA,NA,0.00,NA,NA,NA
2022-06-18 05:00:00,24.99,51.92,5.16,28.02,33.21,NA,NA,0.17,33.62,NA,NA,NA,NA,NA,NA,NA,NA,NA,NA,NA,0.00,NA,NA,NA
2022-06-18 06:00:00,30.80,252.03,6.12,32.13,38.25,NA,NA,0.20,24.37,NA,NA,NA,NA,NA,NA,NA,NA,NA,NA,NA,0.00,NA,NA,NA
2022-06-18 07:00:00,27.74,357.63,8.49,33.57,42.08,NA,NA,0.24,18.62,NA,NA,NA,NA,NA,NA,NA,NA,NA,NA,NA,0.00,NA,NA,NA
2022-06-18 08:00:00,27.01,116.71,12.31,36.68,49.00,NA,NA,0.30,26.72,NA,NA,NA,NA,NA,NA,NA,NA,NA,NA,NA,0.00,NA,NA,NA
2022-06-18 09:00:00,43.38,118.58,9.90,38.03,47.92,NA,NA,0.34,33.14,NA,NA,NA,NA,NA,NA,NA,NA,NA,NA,NA,0.00,NA,NA,NA
2022-06-18 10:00:00,52.49,221.11,9.78,32.50,42.26,NA,NA,0.33,46.29,NA,NA,NA,NA,NA,NA,NA,NA,NA,NA,NA,0.00,NA,NA,NA
2022-06-18 11:00:00,37.17,40.11,8.79,30.56,39.34,NA,NA,0.32,65.06,NA,NA,NA,NA,NA,NA,NA,NA,NA,NA,NA,0.00,NA,NA,NA
2022-06-18 12:00:00,58.68,45.26,8.44,24.00,32.42,NA,NA,0.25,77.98,NA,NA,NA,NA,NA,NA,NA,NA,NA,NA,NA,0.00,NA,NA,NA
2022-06-18 13:00:00,44.26,37.36,8.29,25.62,33.91,NA,NA,0.21,79.91,NA,NA,NA,NA,NA,NA,NA,NA,NA,NA,NA,0.00,NA,NA,NA
2022-06-18 14:00:00,45.65,37.65,7.80,22.55,30.36,NA,NA,0.20,84.73,NA,NA,NA,NA,NA,NA,NA,NA,NA,NA,NA,0.00,NA,NA,NA
2022-06-18 15:00:00,44.32,63.27,7.49,25.47,32.97,NA,NA,0.21,92.45,NA,NA,NA,NA,NA,NA,NA,NA,NA,NA,NA,0.00,NA,NA,NA
2022-06-18 16:00:00,50.55,61.06,7.37,27.63,35.01,NA,NA,0.22,96.78,NA,NA,NA,NA,NA,NA,NA,NA,NA,NA,NA,0.00,NA,NA,NA
2022-06-18 17:00:00,37.97,76.80,7.23,30.02,37.24,NA,NA,0.24,95.86,NA,NA,NA,NA,NA,NA,NA,NA,NA,NA,NA,0.00,NA,NA,NA
2022-06-18 18:00:00,33.95,75.66,6.49,27.61,34.11,NA,NA,0.21,79.02,NA,NA,NA,NA,NA,NA,NA,NA,NA,NA,NA,0.00,NA,NA,NA
2022-06-18 19:00:00,32.12,109.06,6.13,35.69,41.84,NA,NA,0.23,58.82,NA,NA,NA,NA,NA,NA,NA,NA,NA,NA,NA,0.00,NA,NA,NA
2022-06-18 20:00:00,36.14,124.52,5.82,36.74,42.55,NA,NA,0.26,38.40,NA,NA,NA,NA,NA,NA,NA,NA,NA,NA,NA,0.00,NA,NA,NA
2022-06-18 21:00:00,26.32,84.70,5.93,34.13,40.05,NA,NA,0.24,51.93,NA,NA,NA,NA,NA,NA,NA,NA,NA,NA,NA,0.00,NA,NA,NA
2022-06-18 22:00:00,22.06,134.53,5.99,24.59,30.58,NA,NA,0.17,50.68,NA,NA,NA,NA,NA,NA,NA,NA,NA,NA,NA,0.00,NA,NA,NA
2022-06-18 23:00:00,17.03,177.29,5.80,40.29,46.09,NA,NA,0.20,28.24,NA,NA,NA,NA,NA,NA,NA,NA,NA,NA,NA,0.00,NA,NA,NA
2022-06-19 00:00:00,17.06,21.02,5.67,29.75,35.43,NA,NA,0.18,36.86,NA,NA,NA,NA,NA,NA,NA,NA,NA,NA,NA,0.00,NA,NA,NA
2022-06-19 01:00:00,26.55,114.86,5.61,28.98,34.59,NA,NA,0.18,39.49,NA,NA,NA,NA,NA,NA,NA,NA,NA,NA,NA,0.00,NA,NA,NA
2022-06-19 02:00:00,27.87,179.75,5.63,27.95,33.58,NA,NA,0.19,42.55,NA,NA,NA,NA,NA,NA,NA,NA,NA,NA,NA,0.00,NA,NA,NA
2022-06-19 03:00:00,18.34,51.38,5.71,23.55,29.26,NA,NA,0.15,36.94,NA,NA,NA,NA,NA,NA,NA,NA,NA,NA,NA,0.00,NA,NA,NA
2022-06-19 04:00:00,10.91,63.95,5.49,23.91,29.40,NA,NA,0.12,28.46,NA,NA,NA,NA,NA,NA,NA,NA,NA,NA,NA,0.00,NA,NA,NA
2022-06-19 05:00:00,10.40,111.98,5.43,23.50,28.93,NA,NA,0.15,38.76,NA,NA,NA,NA,NA,NA,NA,NA,NA,NA,NA,0.00,NA,NA,NA
2022-06-19 06:00:00,17.87,153.39,5.61,23.85,29.46,NA,NA,0.17,28.75,NA,NA,NA,NA,NA,NA,NA,NA,NA,NA,NA,0.00,NA,NA,NA
2022-06-19 07:00:00,25.50,24.97,6.06,23.40,29.45,NA,NA,0.17,31.10,NA,NA,NA,NA,NA,NA,NA,NA,NA,NA,NA,0.00,NA,NA,NA
2022-06-19 08:00:00,28.09,24.61,6.61,28.31,34.91,NA,NA,0.19,34.15,NA,NA,NA,NA,NA,NA,NA,NA,NA,NA,NA,0.00,NA,NA,NA
2022-06-19 09:00:00,22.69,76.99,7.73,30.20,37.93,NA,NA,0.20,35.09,NA,NA,NA,NA,NA,NA,NA,NA,NA,NA,NA,0.00,NA,NA,NA
2022-06-19 10:00:00,17.51,27.56,7.52,27.90,35.42,NA,NA,0.19,44.27,NA,NA,NA,NA,NA,NA,NA,NA,NA,NA,NA,0.00,NA,NA,NA
2022-06-19 11:00:00,18.69,14.50,7.89,28.82,36.72,NA,NA,0.20,51.63,NA,NA,NA,NA,NA,NA,NA,NA,NA,NA,NA,0.00,NA,NA,NA
2022-06-19 12:00:00,25.10,55.12,7.95,31.59,39.54,NA,NA,0.21,60.22,NA,NA,NA,NA,NA,NA,NA,NA,NA,NA,NA,0.00,NA,NA,NA
2022-06-19 13:00:00,53.03,116.93,7.79,29.29,37.08,NA,NA,0.19,69.48,NA,NA,NA,NA,NA,NA,NA,NA,NA,NA,NA,0.00,NA,NA,NA
2022-06-19 14:00:00,33.56,123.19,7.83,25.70,33.53,NA,NA,0.18,61.57,NA,NA,NA,NA,NA,NA,NA,NA,NA,NA,NA,0.00,NA,NA,NA
2022-06-19 15:00:00,16.64,81.61,7.19,21.84,29.03,NA,NA,0.20,66.52,NA,NA,NA,NA,NA,NA,NA,NA,NA,NA,NA,0.00,NA,NA,NA
2022-06-19 16:00:00,34.51,157.87,6.43,21.81,28.24,NA,NA,0.22,71.89,NA,NA,NA,NA,NA,NA,NA,NA,NA,NA,NA,0.00,NA,NA,NA
2022-06-19 17:00:00,24.19,99.38,6.38,25.57,31.95,NA,NA,0.21,69.91,NA,NA,NA,NA,NA,NA,NA,NA,NA,NA,NA,0.00,NA,NA,NA
2022-06-19 18:00:00,36.42,116.05,6.24,30.91,37.15,NA,NA,0.23,66.12,NA,NA,NA,NA,NA,NA,NA,NA,NA,NA,NA,0.00,NA,NA,NA
2022-06-19 19:00:00,38.45,145.39,5.75,30.17,35.92,NA,NA,0.21,55.70,NA,NA,NA,NA,NA,NA,NA,NA,NA,NA,NA,0.00,NA,NA,NA
2022-06-19 20:00:00,32.05,192.05,5.89,29.53,35.42,NA,NA,0.25,48.27,NA,NA,NA,NA,NA,NA,NA,NA,NA,NA,NA,0.00,NA,NA,NA
2022-06-19 21:00:00,28.20,228.10,5.78,28.89,34.67,NA,NA,0.21,41.90,NA,NA,NA,NA,NA,NA,NA,NA,NA,NA,NA,0.00,NA,NA,NA
2022-06-19 22:00:00,20.76,165.68,5.67,31.34,37.01,NA,NA,0.21,30.65,NA,NA,NA,NA,NA,NA,NA,NA,NA,NA,NA,0.00,NA,NA,NA
2022-06-19 23:00:00,19.79,154.41,5.76,32.04,37.80,NA,NA,0.20,16.97,NA,NA,NA,NA,NA,NA,NA,NA,NA,NA,NA,0.00,NA,NA,NA
2022-06-20 00:00:00,20.51,148.51,6.21,35.42,41.62,NA,NA,0.20,11.85,NA,NA,NA,NA,NA,NA,NA,NA,NA,NA,NA,0.00,NA,NA,NA
2022-06-20 01:00:00,18.85,159.96,15.18,45.11,60.28,NA,NA,0.22,8.70,NA,NA,NA,NA,NA,NA,NA,NA,NA,NA,NA,0.00,NA,NA,NA
2022-06-20 02:00:00,22.72,147.38,6.43,36.99,43.44,NA,NA,0.21,14.42,NA,NA,NA,NA,NA,NA,NA,NA,NA,NA,NA,0.00,NA,NA,NA
2022-06-20 03:00:00,27.99,192.22,8.29,38.04,46.32,NA,NA,0.21,11.13,NA,NA,NA,NA,NA,NA,NA,NA,NA,NA,NA,0.00,NA,NA,NA
2022-06-20 04:00:00,24.17,227.71,9.40,37.00,46.41,NA,NA,0.23,8.82,NA,NA,NA,NA,NA,NA,NA,NA,NA,NA,NA,0.00,NA,NA,NA
2022-06-20 05:00:00,23.16,215.80,6.71,30.68,37.39,NA,NA,0.22,10.91,NA,NA,NA,NA,NA,NA,NA,NA,NA,NA,NA,0.00,NA,NA,NA
2022-06-20 06:00:00,23.59,339.25,7.55,27.95,35.50,NA,NA,0.23,16.31,NA,NA,NA,NA,NA,NA,NA,NA,NA,NA,NA,0.00,NA,NA,NA
2022-06-20 07:00:00,27.28,215.30,8.32,27.06,35.38,NA,NA,0.22,30.15,NA,NA,NA,NA,NA,NA,NA,NA,NA,NA,NA,0.00,NA,NA,NA
2022-06-20 08:00:00,36.78,52.32,8.77,27.84,36.61,NA,NA,0.21,44.28,NA,NA,NA,NA,NA,NA,NA,NA,NA,NA,NA,0.00,NA,NA,NA
2022-06-20 09:00:00,33.13,28.01,7.95,25.94,33.90,NA,NA,0.19,55.84,NA,NA,NA,NA,NA,NA,NA,NA,NA,NA,NA,0.00,NA,NA,NA
2022-06-20 10:00:00,42.16,101.94,7.24,21.80,29.04,NA,NA,0.18,70.19,NA,NA,NA,NA,NA,NA,NA,NA,NA,NA,NA,0.00,NA,NA,NA
2022-06-20 11:00:00,39.57,70.52,7.47,20.51,27.99,NA,NA,0.17,73.04,NA,NA,NA,NA,NA,NA,NA,NA,NA,NA,NA,0.00,NA,NA,NA
2022-06-20 12:00:00,51.65,120.12,6.73,22.79,29.52,NA,NA,0.18,86.35,NA,NA,NA,NA,NA,NA,NA,NA,NA,NA,NA,0.00,NA,NA,NA
2022-06-20 13:00:00,49.44,84.48,6.86,21.53,28.39,NA,NA,0.15,78.00,NA,NA,NA,NA,NA,NA,NA,NA,NA,NA,NA,0.00,NA,NA,NA
2022-06-20 14:00:00,28.52,40.87,6.88,24.85,31.73,NA,NA,0.16,87.42,NA,NA,NA,NA,NA,NA,NA,NA,NA,NA,NA,0.00,NA,NA,NA
2022-06-20 15:00:00,40.80,63.89,6.62,25.13,31.74,NA,NA,0.16,78.07,NA,NA,NA,NA,NA,NA,NA,NA,NA,NA,NA,0.00,NA,NA,NA
2022-06-20 16:00:00,17.40,49.63,7.26,26.85,34.12,NA,NA,0.16,73.45,NA,NA,NA,NA,NA,NA,NA,NA,NA,NA,NA,0.00,NA,NA,NA
2022-06-20 17:00:00,35.62,59.96,6.96,27.53,34.49,NA,NA,0.16,77.86,NA,NA,NA,NA,NA,NA,NA,NA,NA,NA,NA,0.00,NA,NA,NA
2022-06-20 18:00:00,35.46,119.19,6.41,27.43,33.83,NA,NA,0.16,75.92,NA,NA,NA,NA,NA,NA,NA,NA,NA,NA,NA,0.00,NA,NA,NA
2022-06-20 19:00:00,48.97,140.52,5.92,38.37,44.29,NA,NA,0.20,61.98,NA,NA,NA,NA,NA,NA,NA,NA,NA,NA,NA,0.00,NA,NA,NA
2022-06-20 20:00:00,31.86,119.66,5.99,35.69,41.68,NA,NA,0.20,48.17,NA,NA,NA,NA,NA,NA,NA,NA,NA,NA,NA,0.00,NA,NA,NA
2022-06-20 21:00:00,22.73,94.50,6.02,36.20,42.23,NA,NA,0.20,37.84,NA,NA,NA,NA,NA,NA,NA,NA,NA,NA,NA,0.00,NA,NA,NA
2022-06-20 22:00:00,26.42,123.57,5.75,32.57,38.31,NA,NA,0.19,44.54,NA,NA,NA,NA,NA,NA,NA,NA,NA,NA,NA,0.00,NA,NA,NA
2022-06-20 23:00:00,35.64,157.21,5.87,34.39,40.27,NA,NA,0.20,34.26,NA,NA,NA,NA,NA,NA,NA,NA,NA,NA,NA,0.00,NA,NA,NA
2022-06-21 00:00:00,34.31,162.00,5.81,31.90,37.71,NA,NA,0.20,29.07,NA,NA,NA,NA,NA,NA,NA,NA,NA,NA,NA,0.00,NA,NA,NA
2022-06-21 01:00:00,27.60,142.93,5.92,33.42,39.34,NA,NA,0.20,43.42,NA,NA,NA,NA,NA,NA,NA,NA,NA,NA,NA,0.00,NA,NA,NA
2022-06-21 02:00:00,34.84,152.92,5.46,30.51,35.98,NA,NA,0.19,39.39,NA,NA,NA,NA,NA,NA,NA,NA,NA,NA,NA,0.00,NA,NA,NA
2022-06-21 03:00:00,69.33,341.94,5.70,33.08,38.78,NA,NA,0.26,34.52,NA,NA,NA,NA,NA,NA,NA,NA,NA,NA,NA,0.00,NA,NA,NA
2022-06-21 04:00:00,68.68,351.84,6.21,30.94,37.16,NA,NA,0.22,26.56,NA,NA,NA,NA,NA,NA,NA,NA,NA,NA,NA,0.00,NA,NA,NA
2022-06-21 05:00:00,50.32,310.98,5.88,31.95,37.83,NA,NA,0.19,29.77,NA,NA,NA,NA,NA,NA,NA,NA,NA,NA,NA,0.00,NA,NA,NA
2022-06-21 06:00:00,6.78,175.56,6.61,29.23,35.84,NA,NA,0.20,27.67,NA,NA,NA,NA,NA,NA,NA,NA,NA,NA,NA,0.00,NA,NA,NA
2022-06-21 07:00:00,24.73,110.82,7.16,28.17,35.33,NA,NA,0.22,36.49,NA,NA,NA,NA,NA,NA,NA,NA,NA,NA,NA,0.00,NA,NA,NA
2022-06-21 08:00:00,11.87,59.55,6.95,21.21,28.16,NA,NA,0.17,58.94,NA,NA,NA,NA,NA,NA,NA,NA,NA,NA,NA,0.00,NA,NA,NA
2022-06-21 09:00:00,26.20,25.38,7.04,23.17,30.21,NA,NA,0.18,66.99,NA,NA,NA,NA,NA,NA,NA,NA,NA,NA,NA,0.00,NA,NA,NA
2022-06-21 10:00:00,42.91,148.32,6.70,27.82,34.51,NA,NA,0.18,58.39,NA,NA,NA,NA,NA,NA,NA,NA,NA,NA,NA,0.00,NA,NA,NA
2022-06-21 11:00:00,23.17,123.18,10.72,36.39,47.12,NA,NA,0.14,47.88,NA,NA,NA,NA,NA,NA,NA,NA,NA,NA,NA,0.00,NA,NA,NA
2022-06-21 12:00:00,6.07,NA,7.47,21.83,29.30,NA,NA,0.14,62.66,NA,NA,NA,NA,NA,NA,NA,NA,NA,NA,NA,0.00,NA,NA,NA
2022-06-21 13:00:00,4.76,NA,7.57,23.62,31.18,NA,NA,0.15,66.95,NA,NA,NA,NA,NA,NA,NA,NA,NA,NA,NA,0.00,NA,NA,NA
2022-06-21 14:00:00,30.29,13.18,7.34,20.30,27.64,NA,NA,0.13,70.88,NA,NA,NA,NA,NA,NA,NA,NA,NA,NA,NA,0.00,NA,NA,NA
2022-06-21 15:00:00,23.71,51.18,6.87,19.95,26.82,NA,NA,0.14,76.76,NA,NA,NA,NA,NA,NA,NA,NA,NA,NA,NA,0.00,NA,NA,NA
2022-06-21 16:00:00,31.24,83.17,6.55,19.16,25.71,NA,NA,0.13,76.89,NA,NA,NA,NA,NA,NA,NA,NA,NA,NA,NA,0.00,NA,NA,NA
2022-06-21 17:00:00,27.78,93.37,6.19,19.69,25.88,NA,NA,0.14,79.85,NA,NA,NA,NA,NA,NA,NA,NA,NA,NA,NA,0.00,NA,NA,NA
2022-06-21 18:00:00,25.85,63.98,5.61,19.52,25.13,NA,NA,0.12,70.31,NA,NA,NA,NA,NA,NA,NA,NA,NA,NA,NA,0.00,NA,NA,NA
2022-06-21 19:00:00,23.14,77.88,5.07,21.02,26.10,NA,NA,0.13,60.41,NA,NA,NA,NA,NA,NA,NA,NA,NA,NA,NA,0.00,NA,NA,NA
2022-06-21 20:00:00,17.55,87.65,5.06,34.65,39.71,NA,NA,0.19,46.17,NA,NA,NA,NA,NA,NA,NA,NA,NA,NA,NA,0.00,NA,NA,NA
2022-06-21 21:00:00,28.50,138.74,5.26,54.71,59.96,NA,NA,0.32,30.25,NA,NA,NA,NA,NA,NA,NA,NA,NA,NA,NA,0.00,NA,NA,NA
2022-06-21 22:00:00,26.76,137.00,5.30,43.40,48.70,NA,NA,0.30,40.86,NA,NA,NA,NA,NA,NA,NA,NA,NA,NA,NA,0.00,NA,NA,NA
2022-06-21 23:00:00,37.73,130.53,5.29,44.89,50.17,NA,NA,0.30,38.28,NA,NA,NA,NA,NA,NA,NA,NA,NA,NA,NA,0.00,NA,NA,NA
2022-06-22 00:00:00,38.73,155.70,5.64,48.60,54.23,NA,NA,0.35,29.96,NA,NA,NA,NA,NA,NA,NA,NA,NA,NA,NA,0.00,NA,NA,NA
2022-06-22 01:00:00,45.24,193.91,6.03,52.47,58.51,NA,NA,0.37,21.74,NA,NA,NA,NA,NA,NA,NA,NA,NA,NA,NA,0.00,NA,NA,NA
2022-06-22 02:00:00,56.60,234.80,6.14,48.52,54.66,NA,NA,0.36,25.13,NA,NA,NA,NA,NA,NA,NA,NA,NA,NA,NA,0.00,NA,NA,NA
2022-06-22 03:00:00,64.25,278.83,5.62,38.65,44.27,NA,NA,0.33,29.02,NA,NA,NA,NA,NA,NA,NA,NA,NA,NA,NA,0.00,NA,NA,NA
2022-06-22 04:00:00,52.02,254.03,5.50,32.38,37.88,NA,NA,0.31,33.35,NA,NA,NA,NA,NA,NA,NA,NA,NA,NA,NA,0.00,NA,NA,NA
2022-06-22 05:00:00,56.01,237.47,5.52,31.42,36.94,NA,NA,0.30,24.60,NA,NA,NA,NA,NA,NA,NA,NA,NA,NA,NA,0.00,NA,NA,NA
2022-06-22 06:00:00,59.20,164.02,6.21,33.16,39.37,NA,NA,0.26,38.19,NA,NA,NA,NA,NA,NA,NA,NA,NA,NA,NA,0.00,NA,NA,NA
2022-06-22 07:00:00,23.24,79.62,6.68,23.50,30.17,NA,NA,0.14,63.51,NA,NA,NA,NA,NA,NA,NA,NA,NA,NA,NA,0.00,NA,NA,NA
2022-06-22 08:00:00,8.30,23.95,7.25,22.60,29.85,NA,NA,0.14,70.40,NA,NA,NA,NA,NA,NA,NA,NA,NA,NA,NA,0.00,NA,NA,NA
2022-06-22 09:00:00,12.66,15.51,8.08,25.85,33.93,NA,NA,0.16,69.49,NA,NA,NA,NA,NA,NA,NA,NA,NA,NA,NA,0.00,NA,NA,NA
2022-06-22 10:00:00,28.78,74.69,8.49,29.82,38.31,NA,NA,0.20,76.15,NA,NA,NA,NA,NA,NA,NA,NA,NA,NA,NA,0.00,NA,NA,NA
2022-06-22 11:00:00,37.44,100.72,8.67,30.96,39.63,NA,NA,0.22,85.47,NA,NA,NA,NA,NA,NA,NA,NA,NA,NA,NA,0.00,NA,NA,NA
2022-06-22 12:00:00,51.66,137.65,7.93,30.32,38.26,NA,NA,0.27,111.97,NA,NA,NA,NA,NA,NA,NA,NA,NA,NA,NA,0.00,NA,NA,NA
2022-06-22 13:00:00,54.05,140.97,7.96,24.46,32.42,NA,NA,0.23,109.56,NA,NA,NA,NA,NA,NA,NA,NA,NA,NA,NA,0.00,NA,NA,NA
2022-06-22 14:00:00,47.92,146.75,7.38,22.24,29.62,NA,NA,0.19,101.81,NA,NA,NA,NA,NA,NA,NA,NA,NA,NA,NA,0.00,NA,NA,NA
2022-06-22 15:00:00,49.18,157.36,7.13,21.82,28.95,NA,NA,0.19,98.91,NA,NA,NA,NA,NA,NA,NA,NA,NA,NA,NA,0.00,NA,NA,NA
2022-06-22 16:00:00,49.87,162.89,6.60,21.14,27.74,NA,NA,0.18,104.77,NA,NA,NA,NA,NA,NA,NA,NA,NA,NA,NA,0.00,NA,NA,NA
2022-06-22 17:00:00,NA,NA,NA,NA,NA,NA,NA,NA,NA,NA,NA,NA,NA,NA,NA,NA,NA,NA,NA,NA,0.00,NA,NA,NA
2022-06-22 18:00:00,NA,NA,NA,NA,NA,NA,NA,NA,NA,NA,NA,NA,NA,NA,NA,NA,NA,NA,NA,NA,0.00,NA,NA,NA
2022-06-22 19:00:00,NA,NA,NA,NA,NA,NA,NA,NA,NA,NA,NA,NA,NA,NA,NA,NA,NA,NA,NA,NA,0.00,NA,NA,NA
2022-06-22 20:00:00,NA,NA,NA,NA,NA,NA,NA,NA,NA,NA,NA,NA,NA,NA,NA,NA,NA,NA,NA,NA,0.00,NA,NA,NA
2022-06-22 21:00:00,NA,NA,NA,NA,NA,NA,NA,NA,NA,NA,NA,NA,NA,NA,NA,NA,NA,NA,NA,NA,0.00,NA,NA,NA
2022-06-22 22:00:00,NA,NA,NA,NA,NA,NA,NA,NA,NA,NA,NA,NA,NA,NA,NA,NA,NA,NA,NA,NA,0.00,NA,NA,NA
2022-06-22 23:00:00,NA,NA,NA,NA,NA,NA,NA,NA,NA,NA,NA,NA,NA,NA,NA,NA,NA,NA,NA,NA,0.00,NA,NA,NA
2022-06-23 00:00:00,NA,NA,NA,NA,NA,NA,NA,NA,NA,NA,NA,NA,NA,NA,NA,NA,NA,NA,NA,NA,0.00,NA,NA,NA
2022-06-23 01:00:00,NA,NA,NA,NA,NA,NA,NA,NA,NA,NA,NA,NA,NA,NA,NA,NA,NA,NA,NA,NA,0.00,NA,NA,NA
2022-06-23 02:00:00,NA,NA,NA,NA,NA,NA,NA,NA,NA,NA,NA,NA,NA,NA,NA,NA,NA,NA,NA,NA,0.00,NA,NA,NA
2022-06-23 03:00:00,NA,NA,NA,NA,NA,NA,NA,NA,NA,NA,NA,NA,NA,NA,NA,NA,NA,NA,NA,NA,0.00,NA,NA,NA
2022-06-23 04:00:00,NA,NA,NA,NA,NA,NA,NA,NA,NA,NA,NA,NA,NA,NA,NA,NA,NA,NA,NA,NA,0.00,NA,NA,NA
2022-06-23 05:00:00,NA,NA,NA,NA,NA,NA,NA,NA,NA,NA,NA,NA,NA,NA,NA,NA,NA,NA,NA,NA,0.00,NA,NA,NA
2022-06-23 06:00:00,NA,NA,NA,NA,NA,NA,NA,NA,NA,NA,NA,NA,NA,NA,NA,NA,NA,NA,NA,NA,0.00,NA,NA,NA
2022-06-23 07:00:00,NA,NA,NA,NA,NA,NA,NA,NA,NA,NA,NA,NA,NA,NA,NA,NA,NA,NA,NA,NA,0.00,NA,NA,NA
2022-06-23 08:00:00,NA,NA,NA,NA,NA,NA,NA,NA,NA,NA,NA,NA,NA,NA,NA,NA,NA,NA,NA,NA,0.00,NA,NA,NA
2022-06-23 09:00:00,NA,NA,NA,NA,NA,NA,NA,NA,NA,NA,NA,NA,NA,NA,NA,NA,NA,NA,NA,NA,0.00,NA,NA,NA
2022-06-23 10:00:00,NA,NA,NA,NA,NA,NA,NA,NA,NA,NA,NA,NA,NA,NA,NA,NA,NA,NA,NA,NA,0.00,NA,NA,NA
2022-06-23 11:00:00,NA,NA,NA,NA,NA,NA,NA,NA,NA,NA,NA,NA,NA,NA,NA,NA,NA,NA,NA,NA,0.00,NA,NA,NA
2022-06-23 12:00:00,NA,NA,NA,NA,NA,NA,NA,NA,NA,NA,NA,NA,NA,NA,NA,NA,NA,NA,NA,NA,0.00,NA,NA,NA
2022-06-23 13:00:00,NA,NA,NA,NA,NA,NA,NA,NA,NA,NA,NA,NA,NA,NA,NA,NA,NA,NA,NA,NA,0.00,NA,NA,NA
2022-06-23 14:00:00,NA,NA,NA,NA,NA,NA,NA,NA,NA,NA,NA,NA,NA,NA,NA,NA,NA,NA,NA,NA,0.00,NA,NA,NA
2022-06-23 15:00:00,NA,NA,NA,NA,NA,NA,NA,NA,NA,NA,NA,NA,NA,NA,NA,NA,NA,NA,NA,NA,0.00,NA,NA,NA
2022-06-23 16:00:00,NA,NA,NA,NA,NA,NA,NA,NA,NA,NA,NA,NA,NA,NA,NA,NA,NA,NA,NA,NA,0.00,NA,NA,NA
2022-06-23 17:00:00,NA,NA,NA,NA,NA,NA,NA,NA,NA,NA,NA,NA,NA,NA,NA,NA,NA,NA,NA,NA,0.00,NA,NA,NA
2022-06-23 18:00:00,NA,NA,NA,NA,NA,NA,NA,NA,NA,NA,NA,NA,NA,NA,NA,NA,NA,NA,NA,NA,0.00,NA,NA,NA
2022-06-23 19:00:00,NA,NA,NA,NA,NA,NA,NA,NA,NA,NA,NA,NA,NA,NA,NA,NA,NA,NA,NA,NA,0.00,NA,NA,NA
2022-06-23 20:00:00,NA,NA,NA,NA,NA,NA,NA,NA,NA,NA,NA,NA,NA,NA,NA,NA,NA,NA,NA,NA,0.00,NA,NA,NA
2022-06-23 21:00:00,NA,NA,NA,NA,NA,NA,NA,NA,NA,NA,NA,NA,NA,NA,NA,NA,NA,NA,NA,NA,0.00,NA,NA,NA
2022-06-23 22:00:00,NA,NA,NA,NA,NA,NA,NA,NA,NA,NA,NA,NA,NA,NA,NA,NA,NA,NA,NA,NA,0.00,NA,NA,NA
2022-06-23 23:00:00,NA,NA,NA,NA,NA,NA,NA,NA,NA,NA,NA,NA,NA,NA,NA,NA,NA,NA,NA,NA,0.00,NA,NA,NA
2022-06-24 00:00:00,NA,NA,NA,NA,NA,NA,NA,NA,NA,NA,NA,NA,NA,NA,NA,NA,NA,NA,NA,NA,0.00,NA,NA,NA
2022-06-24 01:00:00,NA,NA,NA,NA,NA,NA,NA,NA,NA,NA,NA,NA,NA,NA,NA,NA,NA,NA,NA,NA,0.00,NA,NA,NA
2022-06-24 02:00:00,NA,NA,NA,NA,NA,NA,NA,NA,NA,NA,NA,NA,NA,NA,NA,NA,NA,NA,NA,NA,0.00,NA,NA,NA
2022-06-24 03:00:00,NA,NA,NA,NA,NA,NA,NA,NA,NA,NA,NA,NA,NA,NA,NA,NA,NA,NA,NA,NA,0.00,NA,NA,NA
2022-06-24 04:00:00,NA,NA,NA,NA,NA,NA,NA,NA,NA,NA,NA,NA,NA,NA,NA,NA,NA,NA,NA,NA,0.00,NA,NA,NA
2022-06-24 05:00:00,NA,NA,NA,NA,NA,NA,NA,NA,NA,NA,NA,NA,NA,NA,NA,NA,NA,NA,NA,NA,0.00,NA,NA,NA
2022-06-24 06:00:00,NA,NA,NA,NA,NA,NA,NA,NA,NA,NA,NA,NA,NA,NA,NA,NA,NA,NA,NA,NA,0.00,NA,NA,NA
2022-06-24 07:00:00,NA,NA,NA,NA,NA,NA,NA,NA,NA,NA,NA,NA,NA,NA,NA,NA,NA,NA,NA,NA,0.00,NA,NA,NA
2022-06-24 08:00:00,NA,NA,NA,NA,NA,NA,NA,NA,NA,NA,NA,NA,NA,NA,NA,NA,NA,NA,NA,NA,0.00,NA,NA,NA
2022-06-24 09:00:00,NA,NA,NA,NA,NA,NA,NA,NA,NA,NA,NA,NA,NA,NA,NA,NA,NA,NA,NA,NA,0.00,NA,NA,NA
2022-06-24 10:00:00,45.03,194.02,7.77,30.05,37.82,NA,NA,1.03,115.89,NA,NA,NA,NA,NA,NA,NA,NA,NA,NA,NA,0.00,NA,NA,NA
2022-06-24 11:00:00,46.57,222.68,7.65,25.50,33.15,NA,NA,0.95,111.10,NA,NA,NA,NA,NA,NA,NA,NA,NA,NA,NA,0.00,NA,NA,NA
2022-06-24 12:00:00,58.39,281.82,7.38,23.45,30.83,NA,NA,0.93,118.10,NA,NA,NA,NA,NA,NA,NA,NA,NA,NA,NA,0.00,NA,NA,NA
2022-06-24 13:00:00,63.32,286.20,7.31,22.84,30.15,NA,NA,0.92,113.69,NA,NA,NA,NA,NA,NA,NA,NA,NA,NA,NA,0.00,NA,NA,NA
2022-06-24 14:00:00,61.76,284.04,7.12,22.37,29.49,NA,NA,0.89,104.74,NA,NA,NA,NA,NA,NA,NA,NA,NA,NA,NA,0.00,NA,NA,NA
2022-06-24 15:00:00,59.99,265.22,6.93,22.67,29.60,NA,NA,0.89,109.11,NA,NA,NA,NA,NA,NA,NA,NA,NA,NA,NA,0.00,NA,NA,NA
2022-06-24 16:00:00,57.51,251.14,6.52,22.99,29.51,NA,NA,0.88,107.97,NA,NA,NA,NA,NA,NA,NA,NA,NA,NA,NA,0.00,NA,NA,NA
2022-06-24 17:00:00,54.99,226.32,6.70,30.17,36.87,NA,NA,0.87,101.07,NA,NA,NA,NA,NA,NA,NA,NA,NA,NA,NA,0.00,NA,NA,NA
2022-06-24 18:00:00,47.83,184.52,6.56,43.61,50.18,NA,NA,0.87,84.31,NA,NA,NA,NA,NA,NA,NA,NA,NA,NA,NA,0.00,NA,NA,NA
2022-06-24 19:00:00,37.48,171.40,5.92,54.51,60.43,NA,NA,0.96,57.40,NA,NA,NA,NA,NA,NA,NA,NA,NA,NA,NA,0.00,NA,NA,NA
2022-06-24 20:00:00,43.51,193.46,5.97,63.33,69.29,NA,NA,1.05,37.97,NA,NA,NA,NA,NA,NA,NA,NA,NA,NA,NA,0.00,NA,NA,NA
2022-06-24 21:00:00,40.36,176.89,5.77,43.00,48.77,NA,NA,1.08,31.51,NA,NA,NA,NA,NA,NA,NA,NA,NA,NA,NA,0.00,NA,NA,NA
2022-06-24 22:00:00,50.83,191.57,5.94,51.01,56.95,NA,NA,1.25,20.73,NA,NA,NA,NA,NA,NA,NA,NA,NA,NA,NA,0.00,NA,NA,NA
2022-06-24 23:00:00,69.61,231.12,7.25,71.10,78.36,NA,NA,1.47,11.52,NA,NA,NA,NA,NA,NA,NA,NA,NA,NA,NA,0.00,NA,NA,NA
2022-06-25 00:00:00,81.88,277.18,26.58,91.05,117.72,NA,NA,1.73,7.41,NA,NA,NA,NA,NA,NA,NA,NA,NA,NA,NA,0.00,NA,NA,NA
2022-06-25 01:00:00,84.09,283.70,62.65,101.66,164.30,NA,NA,1.88,6.89,NA,NA,NA,NA,NA,NA,NA,NA,NA,NA,NA,0.00,NA,NA,NA
2022-06-25 02:00:00,63.87,248.97,108.97,111.57,220.63,NA,NA,1.98,6.56,NA,NA,NA,NA,NA,NA,NA,NA,NA,NA,NA,0.00,NA,NA,NA
2022-06-25 03:00:00,68.37,255.70,113.11,114.48,227.54,NA,NA,2.00,6.83,NA,NA,NA,NA,NA,NA,NA,NA,NA,NA,NA,0.00,NA,NA,NA
2022-06-25 04:00:00,78.82,289.23,52.35,95.96,148.24,NA,NA,1.69,7.90,NA,NA,NA,NA,NA,NA,NA,NA,NA,NA,NA,0.00,NA,NA,NA
2022-06-25 05:00:00,104.14,327.57,19.98,82.20,102.12,NA,NA,1.44,8.10,NA,NA,NA,NA,NA,NA,NA,NA,NA,NA,NA,0.00,NA,NA,NA
2022-06-25 06:00:00,85.62,283.12,10.13,60.33,70.46,NA,NA,1.22,19.66,NA,NA,NA,NA,NA,NA,NA,NA,NA,NA,NA,0.00,NA,NA,NA
2022-06-25 07:00:00,61.07,164.11,12.45,60.12,72.54,NA,NA,1.28,35.55,NA,NA,NA,NA,NA,NA,NA,NA,NA,NA,NA,0.00,NA,NA,NA
2022-06-25 08:00:00,59.55,212.41,7.22,30.66,37.84,NA,NA,1.05,72.18,NA,NA,NA,NA,NA,NA,NA,NA,NA,NA,NA,0.00,NA,NA,NA
2022-06-25 09:00:00,54.76,219.48,7.26,27.85,35.12,NA,NA,1.03,91.55,NA,NA,NA,NA,NA,NA,NA,NA,NA,NA,NA,0.00,NA,NA,NA
2022-06-25 10:00:00,87.84,289.90,7.28,29.27,36.53,NA,NA,1.10,125.25,NA,NA,NA,NA,NA,NA,NA,NA,NA,NA,NA,0.00,NA,NA,NA
2022-06-25 11:00:00,60.09,228.33,7.31,23.87,31.17,NA,NA,0.97,117.10,NA,NA,NA,NA,NA,NA,NA,NA,NA,NA,NA,0.00,NA,NA,NA
2022-06-25 12:00:00,41.74,202.26,7.15,20.79,27.94,NA,NA,0.92,116.95,NA,NA,NA,NA,NA,NA,NA,NA,NA,NA,NA,0.00,NA,NA,NA
2022-06-25 13:00:00,34.50,173.11,7.09,20.97,28.06,NA,NA,0.93,119.66,NA,NA,NA,NA,NA,NA,NA,NA,NA,NA,NA,0.00,NA,NA,NA
2022-06-25 14:00:00,38.84,178.56,7.01,21.15,28.16,NA,NA,0.93,125.72,NA,NA,NA,NA,NA,NA,NA,NA,NA,NA,NA,0.00,NA,NA,NA
2022-06-25 15:00:00,46.19,188.02,6.73,20.94,27.67,NA,NA,0.93,132.47,NA,NA,NA,NA,NA,NA,NA,NA,NA,NA,NA,0.00,NA,NA,NA
2022-06-25 16:00:00,45.87,191.95,6.50,21.46,27.97,NA,NA,0.93,139.96,NA,NA,NA,NA,NA,NA,NA,NA,NA,NA,NA,0.00,NA,NA,NA
2022-06-25 17:00:00,51.32,197.30,6.20,22.10,28.30,NA,NA,0.94,142.56,NA,NA,NA,NA,NA,NA,NA,NA,NA,NA,NA,0.00,NA,NA,NA
2022-06-25 18:00:00,55.23,197.80,6.03,24.32,30.37,NA,NA,0.96,147.38,NA,NA,NA,NA,NA,NA,NA,NA,NA,NA,NA,0.00,NA,NA,NA
2022-06-25 19:00:00,55.31,198.67,5.79,32.26,38.06,NA,NA,1.00,129.32,NA,NA,NA,NA,NA,NA,NA,NA,NA,NA,NA,0.00,NA,NA,NA
2022-06-25 20:00:00,45.27,175.64,5.86,33.98,39.85,NA,NA,1.05,95.65,NA,NA,NA,NA,NA,NA,NA,NA,NA,NA,NA,0.00,NA,NA,NA
2022-06-25 21:00:00,57.41,192.37,6.01,40.46,46.49,NA,NA,1.18,75.49,NA,NA,NA,NA,NA,NA,NA,NA,NA,NA,NA,0.00,NA,NA,NA
2022-06-25 22:00:00,60.23,201.85,6.18,46.42,52.59,NA,NA,1.18,64.71,NA,NA,NA,NA,NA,NA,NA,NA,NA,NA,NA,0.00,NA,NA,NA
2022-06-25 23:00:00,53.08,180.29,6.00,42.76,48.78,NA,NA,1.15,63.82,NA,NA,NA,NA,NA,NA,NA,NA,NA,NA,NA,0.00,NA,NA,NA
2022-06-26 00:00:00,73.62,206.60,6.03,51.76,57.81,NA,NA,1.29,47.34,NA,NA,NA,NA,NA,NA,NA,NA,NA,NA,NA,0.00,NA,NA,NA
2022-06-26 01:00:00,56.72,173.02,6.02,52.03,58.06,NA,NA,1.16,50.45,NA,NA,NA,NA,NA,NA,NA,NA,NA,NA,NA,0.00,NA,NA,NA
2022-06-26 02:00:00,60.07,189.96,6.20,52.24,58.41,NA,NA,1.18,42.66,NA,NA,NA,NA,NA,NA,NA,NA,NA,NA,NA,0.00,NA,NA,NA
2022-06-26 03:00:00,62.01,223.19,5.80,35.19,40.93,NA,NA,1.13,54.75,NA,NA,NA,NA,NA,NA,NA,NA,NA,NA,NA,0.00,NA,NA,NA
2022-06-26 04:00:00,54.09,228.12,5.55,24.59,30.12,NA,NA,1.06,61.19,NA,NA,NA,NA,NA,NA,NA,NA,NA,NA,NA,0.00,NA,NA,NA
2022-06-26 05:00:00,55.59,195.99,5.50,23.57,29.07,NA,NA,1.08,53.88,NA,NA,NA,NA,NA,NA,NA,NA,NA,NA,NA,0.00,NA,NA,NA
2022-06-26 06:00:00,58.86,197.09,5.73,24.18,29.92,NA,NA,1.12,49.58,NA,NA,NA,NA,NA,NA,NA,NA,NA,NA,NA,0.00,NA,NA,NA
2022-06-26 07:00:00,59.48,146.89,6.33,24.43,30.76,NA,NA,1.13,54.45,NA,NA,NA,NA,NA,NA,NA,NA,NA,NA,NA,0.00,NA,NA,NA
2022-06-26 08:00:00,56.21,101.66,6.56,21.97,28.53,NA,NA,1.08,67.08,NA,NA,NA,NA,NA,NA,NA,NA,NA,NA,NA,0.00,NA,NA,NA
2022-06-26 09:00:00,64.60,116.46,7.02,20.59,27.60,NA,NA,1.06,73.62,NA,NA,NA,NA,NA,NA,NA,NA,NA,NA,NA,0.00,NA,NA,NA
2022-06-26 10:00:00,53.42,94.63,7.22,20.92,28.14,NA,NA,1.05,82.76,NA,NA,NA,NA,NA,NA,NA,NA,NA,NA,NA,0.00,NA,NA,NA
2022-06-26 11:00:00,59.86,103.28,7.33,20.13,27.46,NA,NA,1.06,90.27,NA,NA,NA,NA,NA,NA,NA,NA,NA,NA,NA,0.00,NA,NA,NA
2022-06-26 12:00:00,57.11,102.64,7.10,19.18,26.28,NA,NA,1.04,93.46,NA,NA,NA,NA,NA,NA,NA,NA,NA,NA,NA,0.00,NA,NA,NA
2022-06-26 13:00:00,51.52,144.57,6.74,18.84,25.58,NA,NA,1.03,100.91,NA,NA,NA,NA,NA,NA,NA,NA,NA,NA,NA,0.00,NA,NA,NA
2022-06-26 14:00:00,53.20,139.82,6.84,18.76,25.60,NA,NA,1.02,106.57,NA,NA,NA,NA,NA,NA,NA,NA,NA,NA,NA,0.00,NA,NA,NA
2022-06-26 15:00:00,58.48,154.76,6.23,18.85,25.08,NA,NA,1.02,116.57,NA,NA,NA,NA,NA,NA,NA,NA,NA,NA,NA,0.00,NA,NA,NA
2022-06-26 16:00:00,55.08,143.18,5.99,18.58,24.57,NA,NA,1.00,111.51,NA,NA,NA,NA,NA,NA,NA,NA,NA,NA,NA,0.00,NA,NA,NA
2022-06-26 17:00:00,42.51,115.00,5.88,18.41,24.29,NA,NA,0.99,108.21,NA,NA,NA,NA,NA,NA,NA,NA,NA,NA,NA,0.00,NA,NA,NA
2022-06-26 18:00:00,48.13,134.84,5.44,17.92,23.36,NA,NA,0.97,106.66,NA,NA,NA,NA,NA,NA,NA,NA,NA,NA,NA,0.00,NA,NA,NA
2022-06-26 19:00:00,45.09,124.68,5.17,19.18,24.36,NA,NA,0.97,98.75,NA,NA,NA,NA,NA,NA,NA,NA,NA,NA,NA,0.00,NA,NA,NA
2022-06-26 20:00:00,46.88,154.54,5.27,23.58,28.85,NA,NA,1.05,81.75,NA,NA,NA,NA,NA,NA,NA,NA,NA,NA,NA,0.00,NA,NA,NA
2022-06-26 21:00:00,40.38,146.86,5.36,24.50,29.86,NA,NA,1.08,72.92,NA,NA,NA,NA,NA,NA,NA,NA,NA,NA,NA,0.00,NA,NA,NA
2022-06-26 22:00:00,42.60,119.22,5.21,23.79,29.00,NA,NA,1.09,71.10,NA,NA,NA,NA,NA,NA,NA,NA,NA,NA,NA,0.00,NA,NA,NA
2022-06-26 23:00:00,38.94,134.60,5.45,26.62,32.08,NA,NA,1.06,65.45,NA,NA,NA,NA,NA,NA,NA,NA,NA,NA,NA,0.00,NA,NA,NA
2022-06-27 00:00:00,73.30,167.16,6.09,27.39,33.48,NA,NA,1.00,55.73,NA,NA,NA,NA,NA,NA,NA,NA,NA,NA,NA,0.00,NA,NA,NA
2022-06-27 01:00:00,97.22,159.61,6.36,24.48,30.84,NA,NA,0.91,54.79,NA,NA,NA,NA,NA,NA,NA,NA,NA,NA,NA,0.00,NA,NA,NA
2022-06-27 02:00:00,88.15,154.47,7.84,24.38,32.22,NA,NA,0.86,52.20,NA,NA,NA,NA,NA,NA,NA,NA,NA,NA,NA,0.00,NA,NA,NA
2022-06-27 03:00:00,101.19,165.47,9.98,25.54,35.52,NA,NA,0.83,43.56,NA,NA,NA,NA,NA,NA,NA,NA,NA,NA,NA,0.00,NA,NA,NA
2022-06-27 04:00:00,85.93,154.91,11.82,25.23,37.05,NA,NA,0.78,42.63,NA,NA,NA,NA,NA,NA,NA,NA,NA,NA,NA,0.00,NA,NA,NA
2022-06-27 05:00:00,82.53,143.88,9.82,24.28,34.11,NA,NA,0.85,43.33,NA,NA,NA,NA,NA,NA,NA,NA,NA,NA,NA,0.00,NA,NA,NA
2022-06-27 06:00:00,15.25,80.44,7.21,24.32,31.53,NA,NA,0.94,41.93,NA,NA,NA,NA,NA,NA,NA,NA,NA,NA,NA,0.00,NA,NA,NA
2022-06-27 07:00:00,NA,34.79,6.63,22.84,29.47,NA,NA,0.99,49.00,NA,NA,NA,NA,NA,NA,NA,NA,NA,NA,NA,0.00,NA,NA,NA
2022-06-27 08:00:00,18.77,71.41,6.96,22.69,29.66,NA,NA,1.01,62.90,NA,NA,NA,NA,NA,NA,NA,NA,NA,NA,NA,0.00,NA,NA,NA
2022-06-27 09:00:00,41.48,101.66,6.68,20.20,26.89,NA,NA,0.96,75.44,NA,NA,NA,NA,NA,NA,NA,NA,NA,NA,NA,0.00,NA,NA,NA
2022-06-27 10:00:00,48.57,103.31,7.14,19.38,26.53,NA,NA,0.96,86.05,NA,NA,NA,NA,NA,NA,NA,NA,NA,NA,NA,0.00,NA,NA,NA
2022-06-27 11:00:00,57.62,119.05,7.18,19.03,26.21,NA,NA,0.95,92.35,NA,NA,NA,NA,NA,NA,NA,NA,NA,NA,NA,0.00,NA,NA,NA
2022-06-27 12:00:00,59.07,135.85,6.91,19.15,26.06,NA,NA,0.96,98.09,NA,NA,NA,NA,NA,NA,NA,NA,NA,NA,NA,0.00,NA,NA,NA
2022-06-27 13:00:00,56.98,111.07,6.80,19.04,25.84,NA,NA,0.94,97.52,NA,NA,NA,NA,NA,NA,NA,NA,NA,NA,NA,0.00,NA,NA,NA
2022-06-27 14:00:00,53.56,113.96,6.65,18.55,25.20,NA,NA,0.94,101.70,NA,NA,NA,NA,NA,NA,NA,NA,NA,NA,NA,0.00,NA,NA,NA
2022-06-27 15:00:00,53.91,118.53,6.54,18.59,25.13,NA,NA,0.95,101.30,NA,NA,NA,NA,NA,NA,NA,NA,NA,NA,NA,0.00,NA,NA,NA
2022-06-27 16:00:00,49.03,109.63,6.36,18.55,24.91,NA,NA,0.94,97.46,NA,NA,NA,NA,NA,NA,NA,NA,NA,NA,NA,0.00,NA,NA,NA
2022-06-27 17:00:00,58.35,127.54,6.18,18.39,24.58,NA,NA,0.95,94.43,NA,NA,NA,NA,NA,NA,NA,NA,NA,NA,NA,0.00,NA,NA,NA
2022-06-27 18:00:00,49.47,109.04,5.53,18.54,24.07,NA,NA,0.96,91.43,NA,NA,NA,NA,NA,NA,NA,NA,NA,NA,NA,0.00,NA,NA,NA
2022-06-27 19:00:00,51.02,119.27,5.09,19.97,25.06,NA,NA,0.96,84.09,NA,NA,NA,NA,NA,NA,NA,NA,NA,NA,NA,0.00,NA,NA,NA
2022-06-27 20:00:00,48.17,130.45,5.18,23.61,28.79,NA,NA,1.03,76.11,NA,NA,NA,NA,NA,NA,NA,NA,NA,NA,NA,0.00,NA,NA,NA
2022-06-27 21:00:00,53.67,132.00,5.25,27.85,33.10,NA,NA,1.08,65.46,NA,NA,NA,NA,NA,NA,NA,NA,NA,NA,NA,0.00,NA,NA,NA
2022-06-27 22:00:00,48.71,150.81,5.15,30.82,35.97,NA,NA,1.12,59.97,NA,NA,NA,NA,NA,NA,NA,NA,NA,NA,NA,0.00,NA,NA,NA
2022-06-27 23:00:00,41.01,141.52,5.24,25.33,30.57,NA,NA,1.10,65.58,NA,NA,NA,NA,NA,NA,NA,NA,NA,NA,NA,0.00,NA,NA,NA
2022-06-28 00:00:00,44.38,132.95,5.37,25.26,30.62,NA,NA,1.08,58.52,NA,NA,NA,NA,NA,NA,NA,NA,NA,NA,NA,0.00,NA,NA,NA
2022-06-28 01:00:00,48.87,163.75,5.14,23.23,28.37,NA,NA,1.08,54.37,NA,NA,NA,NA,NA,NA,NA,NA,NA,NA,NA,0.00,NA,NA,NA
2022-06-28 02:00:00,38.19,148.20,5.11,23.04,28.15,NA,NA,1.08,52.48,NA,NA,NA,NA,NA,NA,NA,NA,NA,NA,NA,0.00,NA,NA,NA
2022-06-28 03:00:00,36.43,167.16,5.13,24.52,29.64,NA,NA,1.10,44.22,NA,NA,NA,NA,NA,NA,NA,NA,NA,NA,NA,0.00,NA,NA,NA
2022-06-28 04:00:00,60.32,165.89,5.09,22.24,27.33,NA,NA,1.12,48.24,NA,NA,NA,NA,NA,NA,NA,NA,NA,NA,NA,0.00,NA,NA,NA
2022-06-28 05:00:00,63.21,210.32,5.16,22.11,27.27,NA,NA,1.14,40.67,NA,NA,NA,NA,NA,NA,NA,NA,NA,NA,NA,0.00,NA,NA,NA
2022-06-28 06:00:00,62.72,253.97,5.57,26.40,31.97,NA,NA,1.18,32.46,NA,NA,NA,NA,NA,NA,NA,NA,NA,NA,NA,0.00,NA,NA,NA
2022-06-28 07:00:00,64.75,162.95,6.39,27.22,33.62,NA,NA,1.21,38.28,NA,NA,NA,NA,NA,NA,NA,NA,NA,NA,NA,0.00,NA,NA,NA
2022-06-28 08:00:00,64.82,35.06,6.67,21.43,28.11,NA,NA,1.16,53.17,NA,NA,NA,NA,NA,NA,NA,NA,NA,NA,NA,0.00,NA,NA,NA
2022-06-28 09:00:00,60.95,34.33,6.96,19.53,26.49,NA,NA,1.10,64.29,NA,NA,NA,NA,NA,NA,NA,NA,NA,NA,NA,0.00,NA,NA,NA
2022-06-28 10:00:00,71.76,77.14,6.97,17.80,24.77,NA,NA,1.02,73.02,NA,NA,NA,NA,NA,NA,NA,NA,NA,NA,NA,0.00,NA,NA,NA
2022-06-28 11:00:00,63.92,125.79,6.92,20.56,27.47,NA,NA,1.06,90.36,NA,NA,NA,NA,NA,NA,NA,NA,NA,NA,NA,0.00,NA,NA,NA
2022-06-28 12:00:00,64.33,132.21,7.11,21.23,28.35,NA,NA,1.06,104.93,NA,NA,NA,NA,NA,NA,NA,NA,NA,NA,NA,0.00,NA,NA,NA
2022-06-28 13:00:00,55.72,121.59,6.76,19.44,26.20,NA,NA,1.05,100.61,NA,NA,NA,NA,NA,NA,NA,NA,NA,NA,NA,0.00,NA,NA,NA
2022-06-28 14:00:00,55.53,124.54,6.46,20.67,27.13,NA,NA,1.07,101.72,NA,NA,NA,NA,NA,NA,NA,NA,NA,NA,NA,0.00,NA,NA,NA
2022-06-28 15:00:00,69.37,175.27,6.27,23.06,29.34,NA,NA,1.16,108.51,NA,NA,NA,NA,NA,NA,NA,NA,NA,NA,NA,0.00,NA,NA,NA
2022-06-28 16:00:00,84.46,233.10,6.61,22.81,29.42,NA,NA,1.19,103.47,NA,NA,NA,NA,NA,NA,NA,NA,NA,NA,NA,0.00,NA,NA,NA
2022-06-28 17:00:00,80.77,189.25,6.01,21.53,27.55,NA,NA,1.18,106.62,NA,NA,NA,NA,NA,NA,NA,NA,NA,NA,NA,0.00,NA,NA,NA
2022-06-28 18:00:00,76.77,178.74,5.60,23.40,29.01,NA,NA,1.20,98.54,NA,NA,NA,NA,NA,NA,NA,NA,NA,NA,NA,0.00,NA,NA,NA
2022-06-28 19:00:00,77.00,204.38,5.52,22.96,28.48,NA,NA,1.23,96.57,NA,NA,NA,NA,NA,NA,NA,NA,NA,NA,NA,0.00,NA,NA,NA
2022-06-28 20:00:00,93.54,262.08,5.36,25.59,30.96,NA,NA,1.30,84.66,NA,NA,NA,NA,NA,NA,NA,NA,NA,NA,NA,0.00,NA,NA,NA
2022-06-28 21:00:00,113.78,303.31,5.41,27.53,32.94,NA,NA,1.39,75.39,NA,NA,NA,NA,NA,NA,NA,NA,NA,NA,NA,0.00,NA,NA,NA
2022-06-28 22:00:00,114.45,290.44,5.39,27.39,32.78,NA,NA,1.36,68.92,NA,NA,NA,NA,NA,NA,NA,NA,NA,NA,NA,0.00,NA,NA,NA
2022-06-28 23:00:00,115.51,295.79,5.55,25.71,31.26,NA,NA,1.33,63.42,NA,NA,NA,NA,NA,NA,NA,NA,NA,NA,NA,0.00,NA,NA,NA
2022-06-29 00:00:00,102.44,292.54,5.35,23.00,28.35,NA,NA,1.29,62.34,NA,NA,NA,NA,NA,NA,NA,NA,NA,NA,NA,0.00,NA,NA,NA
2022-06-29 01:00:00,74.36,198.52,5.50,18.54,24.04,NA,NA,1.04,61.56,NA,NA,NA,NA,NA,NA,NA,NA,NA,NA,NA,0.00,NA,NA,NA
2022-06-29 02:00:00,23.22,111.01,5.20,19.44,24.64,NA,NA,0.98,53.82,NA,NA,NA,NA,NA,NA,NA,NA,NA,NA,NA,0.00,NA,NA,NA
2022-06-29 03:00:00,15.91,75.65,5.06,19.59,24.65,NA,NA,0.97,53.03,NA,NA,NA,NA,NA,NA,NA,NA,NA,NA,NA,0.00,NA,NA,NA
2022-06-29 04:00:00,21.81,96.76,5.14,21.57,26.71,NA,NA,0.97,43.48,NA,NA,NA,NA,NA,NA,NA,NA,NA,NA,NA,0.00,NA,NA,NA
2022-06-29 05:00:00,19.23,110.47,5.26,23.63,28.89,NA,NA,0.98,35.38,NA,NA,NA,NA,NA,NA,NA,NA,NA,NA,NA,0.00,NA,NA,NA
2022-06-29 06:00:00,18.80,118.59,6.20,29.25,35.44,NA,NA,1.00,23.94,NA,NA,NA,NA,NA,NA,NA,NA,NA,NA,NA,0.00,NA,NA,NA
2022-06-29 07:00:00,28.58,61.61,7.79,31.02,38.81,NA,NA,1.06,27.56,NA,NA,NA,NA,NA,NA,NA,NA,NA,NA,NA,0.00,NA,NA,NA
2022-06-29 08:00:00,31.58,NA,7.66,25.44,33.10,NA,NA,1.03,38.79,NA,NA,NA,NA,NA,NA,NA,NA,NA,NA,NA,0.00,NA,NA,NA
2022-06-29 09:00:00,44.03,52.11,8.00,26.02,34.01,NA,NA,1.04,51.16,NA,NA,NA,NA,NA,NA,NA,NA,NA,NA,NA,0.00,NA,NA,NA
2022-06-29 10:00:00,43.54,122.57,8.09,24.40,32.49,NA,NA,1.02,64.28,NA,NA,NA,NA,NA,NA,NA,NA,NA,NA,NA,0.00,NA,NA,NA
2022-06-29 11:00:00,52.38,222.62,7.71,20.86,28.57,NA,NA,0.99,68.81,NA,NA,NA,NA,NA,NA,NA,NA,NA,NA,NA,0.00,NA,NA,NA
2022-06-29 12:00:00,40.09,262.61,7.46,22.45,29.91,NA,NA,1.05,87.72,NA,NA,NA,NA,NA,NA,NA,NA,NA,NA,NA,0.00,NA,NA,NA
2022-06-29 13:00:00,73.77,268.23,7.67,25.86,33.54,NA,NA,1.15,102.68,NA,NA,NA,NA,NA,NA,NA,NA,NA,NA,NA,0.00,NA,NA,NA
2022-06-29 14:00:00,55.08,173.91,7.49,22.10,29.60,NA,NA,1.11,99.96,NA,NA,NA,NA,NA,NA,NA,NA,NA,NA,NA,0.00,NA,NA,NA
2022-06-29 15:00:00,46.85,151.03,7.10,22.54,29.64,NA,NA,1.12,109.44,NA,NA,NA,NA,NA,NA,NA,NA,NA,NA,NA,0.00,NA,NA,NA
2022-06-29 16:00:00,51.81,155.35,6.95,23.02,29.97,NA,NA,1.12,112.17,NA,NA,NA,NA,NA,NA,NA,NA,NA,NA,NA,0.00,NA,NA,NA
2022-06-29 17:00:00,57.62,178.16,6.65,22.52,29.18,NA,NA,1.11,110.29,NA,NA,NA,NA,NA,NA,NA,NA,NA,NA,NA,0.00,NA,NA,NA
2022-06-29 18:00:00,60.25,177.39,6.10,22.43,28.53,NA,NA,1.09,96.82,NA,NA,NA,NA,NA,NA,NA,NA,NA,NA,NA,0.00,NA,NA,NA
2022-06-29 19:00:00,29.92,142.82,5.66,21.90,27.56,NA,NA,1.01,87.27,NA,NA,NA,NA,NA,NA,NA,NA,NA,NA,NA,0.00,NA,NA,NA
2022-06-29 20:00:00,24.43,88.64,5.66,22.76,28.42,NA,NA,1.01,76.55,NA,NA,NA,NA,NA,NA,NA,NA,NA,NA,NA,0.00,NA,NA,NA
2022-06-29 21:00:00,37.76,165.70,5.84,27.33,33.17,NA,NA,1.15,68.28,NA,NA,NA,NA,NA,NA,NA,NA,NA,NA,NA,0.00,NA,NA,NA
2022-06-29 22:00:00,65.28,226.63,5.99,23.48,29.47,NA,NA,1.18,62.05,NA,NA,NA,NA,NA,NA,NA,NA,NA,NA,NA,0.00,NA,NA,NA
2022-06-29 23:00:00,58.79,198.24,5.91,24.75,30.66,NA,NA,1.14,50.73,NA,NA,NA,NA,NA,NA,NA,NA,NA,NA,NA,0.00,NA,NA,NA
2022-06-30 00:00:00,27.27,39.59,5.76,24.34,30.10,NA,NA,1.02,52.74,NA,NA,NA,NA,NA,NA,NA,NA,NA,NA,NA,0.00,NA,NA,NA
2022-06-30 01:00:00,26.72,101.39,5.55,24.73,30.28,NA,NA,1.01,46.84,NA,NA,NA,NA,NA,NA,NA,NA,NA,NA,NA,0.00,NA,NA,NA
2022-06-30 02:00:00,20.48,97.49,5.53,24.39,29.92,NA,NA,1.00,41.88,NA,NA,NA,NA,NA,NA,NA,NA,NA,NA,NA,0.00,NA,NA,NA
2022-06-30 03:00:00,25.85,97.89,5.49,29.73,35.22,NA,NA,1.00,31.30,NA,NA,NA,NA,NA,NA,NA,NA,NA,NA,NA,0.00,NA,NA,NA
2022-06-30 04:00:00,15.08,59.11,5.54,26.39,31.93,NA,NA,0.98,39.65,NA,NA,NA,NA,NA,NA,NA,NA,NA,NA,NA,0.00,NA,NA,NA
2022-06-30 05:00:00,20.59,203.67,6.05,25.97,32.02,NA,NA,1.01,31.52,NA,NA,NA,NA,NA,NA,NA,NA,NA,NA,NA,0.00,NA,NA,NA
2022-06-30 06:00:00,23.20,528.82,6.10,24.35,30.44,NA,NA,0.98,27.12,NA,NA,NA,NA,NA,NA,NA,NA,NA,NA,NA,0.00,NA,NA,NA
2022-06-30 07:00:00,15.25,236.37,6.68,24.76,31.44,NA,NA,0.97,26.00,NA,NA,NA,NA,NA,NA,NA,NA,NA,NA,NA,0.00,NA,NA,NA
2022-06-30 08:00:00,11.73,0.05,6.35,22.42,28.77,NA,NA,0.95,35.73,NA,NA,NA,NA,NA,NA,NA,NA,NA,NA,NA,0.00,NA,NA,NA
2022-06-30 09:00:00,20.03,0.94,6.73,27.26,33.99,NA,NA,0.97,41.88,NA,NA,NA,NA,NA,NA,NA,NA,NA,NA,NA,0.00,NA,NA,NA
2022-06-30 10:00:00,15.12,54.31,6.07,24.23,30.30,NA,NA,0.98,51.79,NA,NA,NA,NA,NA,NA,NA,NA,NA,NA,NA,0.00,NA,NA,NA
2022-06-30 11:00:00,14.93,161.52,5.85,23.72,29.58,NA,NA,1.00,57.24,NA,NA,NA,NA,NA,NA,NA,NA,NA,NA,NA,0.00,NA,NA,NA
2022-06-30 12:00:00,1.27,71.57,6.19,23.55,29.74,NA,NA,0.97,59.02,NA,NA,NA,NA,NA,NA,NA,NA,NA,NA,NA,0.00,NA,NA,NA
2022-06-30 13:00:00,7.03,135.06,7.40,33.93,41.32,NA,NA,1.01,50.85,NA,NA,NA,NA,NA,NA,NA,NA,NA,NA,NA,0.00,NA,NA,NA
2022-06-30 14:00:00,7.73,23.02,6.97,26.33,33.30,NA,NA,1.03,52.59,NA,NA,NA,NA,NA,NA,NA,NA,NA,NA,NA,0.00,NA,NA,NA
2022-06-30 15:00:00,5.29,114.58,7.97,30.52,38.49,NA,NA,1.06,50.93,NA,NA,NA,NA,NA,NA,NA,NA,NA,NA,NA,0.00,NA,NA,NA
2022-06-30 16:00:00,6.03,12.32,7.76,34.49,42.25,NA,NA,1.09,50.23,NA,NA,NA,NA,NA,NA,NA,NA,NA,NA,NA,0.00,NA,NA,NA
2022-06-30 17:00:00,15.45,82.72,7.49,46.18,53.67,NA,NA,1.21,41.80,NA,NA,NA,NA,NA,NA,NA,NA,NA,NA,NA,0.00,NA,NA,NA
2022-06-30 18:00:00,22.07,157.36,8.72,65.40,74.13,NA,NA,1.27,25.50,NA,NA,NA,NA,NA,NA,NA,NA,NA,NA,NA,0.00,NA,NA,NA
2022-06-30 19:00:00,15.44,205.65,6.49,43.52,50.01,NA,NA,1.18,26.19,NA,NA,NA,NA,NA,NA,NA,NA,NA,NA,NA,0.00,NA,NA,NA
2022-06-30 20:00:00,24.44,195.15,5.93,34.04,39.97,NA,NA,1.20,21.89,NA,NA,NA,NA,NA,NA,NA,NA,NA,NA,NA,0.00,NA,NA,NA
2022-06-30 21:00:00,33.29,257.38,5.89,33.34,39.23,NA,NA,1.20,20.59,NA,NA,NA,NA,NA,NA,NA,NA,NA,NA,NA,0.00,NA,NA,NA
2022-06-30 22:00:00,27.07,317.54,5.89,28.75,34.64,NA,NA,1.11,26.82,NA,NA,NA,NA,NA,NA,NA,NA,NA,NA,NA,0.00,NA,NA,NA
2022-06-30 23:00:00,17.91,272.38,5.96,29.01,34.97,NA,NA,1.11,24.82,NA,NA,NA,NA,NA,NA,NA,NA,NA,NA,NA,0.00,NA,NA,NA
2022-07-01 00:00:00,34.24,282.24,6.07,25.62,31.69,NA,NA,1.12,22.76,NA,NA,NA,NA,NA,NA,NA,NA,NA,NA,NA,0.00,NA,NA,NA
2022-07-01 01:00:00,29.65,320.12,6.09,25.21,31.31,NA,NA,1.13,22.14,NA,NA,NA,NA,NA,NA,NA,NA,NA,NA,NA,0.00,NA,NA,NA
2022-07-01 02:00:00,30.61,355.10,6.05,27.11,33.16,NA,NA,1.14,17.54,NA,NA,NA,NA,NA,NA,NA,NA,NA,NA,NA,0.00,NA,NA,NA
2022-07-01 03:00:00,16.88,191.78,5.63,27.15,32.78,NA,NA,1.06,20.54,NA,NA,NA,NA,NA,NA,NA,NA,NA,NA,NA,0.00,NA,NA,NA
2022-07-01 04:00:00,13.17,119.41,5.72,25.45,31.17,NA,NA,1.03,19.36,NA,NA,NA,NA,NA,NA,NA,NA,NA,NA,NA,0.00,NA,NA,NA
2022-07-01 05:00:00,8.56,180.73,5.86,22.22,28.08,NA,NA,1.02,20.72,NA,NA,NA,NA,NA,NA,NA,NA,NA,NA,NA,0.00,NA,NA,NA
2022-07-01 06:00:00,27.30,218.90,6.53,22.88,29.42,NA,NA,1.05,22.09,NA,NA,NA,NA,NA,NA,NA,NA,NA,NA,NA,0.00,NA,NA,NA
2022-07-01 07:00:00,37.39,89.49,6.91,24.16,31.06,NA,NA,1.09,27.41,NA,NA,NA,NA,NA,NA,NA,NA,NA,NA,NA,0.00,NA,NA,NA
2022-07-01 08:00:00,27.80,NA,6.93,21.05,27.98,NA,NA,1.04,39.00,NA,NA,NA,NA,NA,NA,NA,NA,NA,NA,NA,0.00,NA,NA,NA
2022-07-01 09:00:00,23.91,30.89,6.74,20.25,27.00,NA,NA,1.04,49.08,NA,NA,NA,NA,NA,NA,NA,NA,NA,NA,NA,0.00,NA,NA,NA
2022-07-01 10:00:00,18.83,34.35,6.78,20.24,27.01,NA,NA,1.04,54.98,NA,NA,NA,NA,NA,NA,NA,NA,NA,NA,NA,0.00,NA,NA,NA
2022-07-01 11:00:00,26.16,36.85,6.58,20.28,26.85,NA,NA,1.04,60.85,NA,NA,NA,NA,NA,NA,NA,NA,NA,NA,NA,0.00,NA,NA,NA
2022-07-01 12:00:00,13.35,3.79,7.26,21.51,28.78,NA,NA,1.04,66.56,NA,NA,NA,NA,NA,NA,NA,NA,NA,NA,NA,0.00,NA,NA,NA
2022-07-01 13:00:00,29.58,23.69,6.77,20.38,27.15,NA,NA,1.02,64.91,NA,NA,NA,NA,NA,NA,NA,NA,NA,NA,NA,0.00,NA,NA,NA
2022-07-01 14:00:00,55.63,512.48,5.89,19.71,25.60,NA,NA,1.00,54.35,NA,NA,NA,NA,NA,NA,NA,NA,NA,NA,NA,0.00,NA,NA,NA
2022-07-01 15:00:00,8.08,173.97,5.80,19.03,24.83,NA,NA,0.97,51.68,NA,NA,NA,NA,NA,NA,NA,NA,NA,NA,NA,0.00,NA,NA,NA
2022-07-01 16:00:00,8.86,48.18,6.02,20.50,26.52,NA,NA,0.98,51.50,NA,NA,NA,NA,NA,NA,NA,NA,NA,NA,NA,0.00,NA,NA,NA
2022-07-01 17:00:00,5.27,NA,8.94,37.95,46.89,NA,NA,0.98,43.32,NA,NA,NA,NA,NA,NA,NA,NA,NA,NA,NA,0.00,NA,NA,NA
2022-07-01 18:00:00,24.64,64.89,6.42,32.62,39.04,NA,NA,0.97,45.27,NA,NA,NA,NA,NA,NA,NA,NA,NA,NA,NA,0.00,NA,NA,NA
2022-07-01 19:00:00,19.69,177.20,5.63,26.09,31.72,NA,NA,1.00,35.35,NA,NA,NA,NA,NA,NA,NA,NA,NA,NA,NA,0.00,NA,NA,NA
2022-07-01 20:00:00,21.93,204.52,5.67,27.59,33.26,NA,NA,1.04,21.56,NA,NA,NA,NA,NA,NA,NA,NA,NA,NA,NA,0.00,NA,NA,NA
2022-07-01 21:00:00,29.07,259.27,6.14,42.37,48.51,NA,NA,1.27,12.99,NA,NA,NA,NA,NA,NA,NA,NA,NA,NA,NA,0.00,NA,NA,NA
2022-07-01 22:00:00,46.32,340.78,6.03,38.81,44.84,NA,NA,1.40,13.79,NA,NA,NA,NA,NA,NA,NA,NA,NA,NA,NA,0.00,NA,NA,NA
2022-07-01 23:00:00,46.39,403.81,6.06,34.82,40.88,NA,NA,1.37,11.88,NA,NA,NA,NA,NA,NA,NA,NA,NA,NA,NA,0.00,NA,NA,NA
2022-07-02 00:00:00,43.87,393.13,5.94,29.86,35.80,NA,NA,1.19,13.34,NA,NA,NA,NA,NA,NA,NA,NA,NA,NA,NA,0.00,NA,NA,NA
2022-07-02 01:00:00,34.68,433.95,6.19,27.25,33.44,NA,NA,1.12,14.49,NA,NA,NA,NA,NA,NA,NA,NA,NA,NA,NA,0.00,NA,NA,NA
2022-07-02 02:00:00,23.86,288.72,6.24,25.27,31.51,NA,NA,1.07,12.33,NA,NA,NA,NA,NA,NA,NA,NA,NA,NA,NA,0.00,NA,NA,NA
2022-07-02 03:00:00,25.03,263.18,6.18,25.24,31.42,NA,NA,1.09,11.49,NA,NA,NA,NA,NA,NA,NA,NA,NA,NA,NA,0.00,NA,NA,NA
2022-07-02 04:00:00,34.56,393.65,6.47,27.07,33.54,NA,NA,1.12,11.15,NA,NA,NA,NA,NA,NA,NA,NA,NA,NA,NA,0.00,NA,NA,NA
2022-07-02 05:00:00,30.34,284.13,6.87,29.28,36.15,NA,NA,1.12,10.17,NA,NA,NA,NA,NA,NA,NA,NA,NA,NA,NA,0.00,NA,NA,NA
2022-07-02 06:00:00,32.75,287.71,8.21,29.77,37.98,NA,NA,1.11,11.73,NA,NA,NA,NA,NA,NA,NA,NA,NA,NA,NA,0.00,NA,NA,NA
2022-07-02 07:00:00,39.56,542.11,7.62,25.32,32.93,NA,NA,1.08,21.16,NA,NA,NA,NA,NA,NA,NA,NA,NA,NA,NA,0.00,NA,NA,NA
2022-07-02 08:00:00,37.75,230.01,7.75,25.78,33.53,NA,NA,1.08,27.81,NA,NA,NA,NA,NA,NA,NA,NA,NA,NA,NA,0.00,NA,NA,NA
2022-07-02 09:00:00,30.05,NA,7.54,24.02,31.56,NA,NA,1.08,41.36,NA,NA,NA,NA,NA,NA,NA,NA,NA,NA,NA,0.00,NA,NA,NA
2022-07-02 10:00:00,35.76,37.65,7.09,21.08,28.16,NA,NA,1.02,47.43,NA,NA,NA,NA,NA,NA,NA,NA,NA,NA,NA,0.00,NA,NA,NA
2022-07-02 11:00:00,26.32,NA,6.53,18.11,24.64,NA,NA,0.91,51.68,NA,NA,NA,NA,NA,NA,NA,NA,NA,NA,NA,0.00,NA,NA,NA
2022-07-02 12:00:00,25.02,16.65,6.25,19.28,25.54,NA,NA,0.94,55.71,NA,NA,NA,NA,NA,NA,NA,NA,NA,NA,NA,0.00,NA,NA,NA
2022-07-02 13:00:00,19.38,0.03,6.16,19.27,25.43,NA,NA,0.91,56.46,NA,NA,NA,NA,NA,NA,NA,NA,NA,NA,NA,0.00,NA,NA,NA
2022-07-02 14:00:00,24.67,19.62,6.16,20.36,26.53,NA,NA,0.91,60.72,NA,NA,NA,NA,NA,NA,NA,NA,NA,NA,NA,0.00,NA,NA,NA
2022-07-02 15:00:00,7.73,18.10,6.73,18.67,25.39,NA,NA,0.90,68.18,NA,NA,NA,NA,NA,NA,NA,NA,NA,NA,NA,0.00,NA,NA,NA
2022-07-02 16:00:00,14.44,NA,6.23,17.58,23.81,NA,NA,0.87,66.50,NA,NA,NA,NA,NA,NA,NA,NA,NA,NA,NA,0.00,NA,NA,NA
2022-07-02 17:00:00,17.72,27.70,5.80,17.61,23.41,NA,NA,0.87,68.58,NA,NA,NA,NA,NA,NA,NA,NA,NA,NA,NA,0.00,NA,NA,NA
2022-07-02 18:00:00,20.11,47.49,5.45,19.28,24.73,NA,NA,0.89,71.27,NA,NA,NA,NA,NA,NA,NA,NA,NA,NA,NA,0.00,NA,NA,NA
2022-07-02 19:00:00,29.24,129.73,5.05,22.57,27.63,NA,NA,0.92,61.37,NA,NA,NA,NA,NA,NA,NA,NA,NA,NA,NA,0.00,NA,NA,NA
2022-07-02 20:00:00,29.71,221.08,5.03,26.85,31.89,NA,NA,0.98,51.77,NA,NA,NA,NA,NA,NA,NA,NA,NA,NA,NA,0.00,NA,NA,NA
2022-07-02 21:00:00,26.15,142.24,5.23,25.56,30.76,NA,NA,1.00,54.42,NA,NA,NA,NA,NA,NA,NA,NA,NA,NA,NA,0.00,NA,NA,NA
2022-07-02 22:00:00,36.42,217.86,5.25,21.22,26.47,NA,NA,0.98,61.74,NA,NA,NA,NA,NA,NA,NA,NA,NA,NA,NA,0.00,NA,NA,NA
2022-07-02 23:00:00,22.90,154.46,5.35,19.71,25.06,NA,NA,0.92,50.19,NA,NA,NA,NA,NA,NA,NA,NA,NA,NA,NA,0.00,NA,NA,NA
2022-07-03 00:00:00,19.09,90.34,5.19,19.01,24.19,NA,NA,0.90,48.65,NA,NA,NA,NA,NA,NA,NA,NA,NA,NA,NA,0.00,NA,NA,NA
2022-07-03 01:00:00,17.87,102.03,5.19,18.47,23.64,NA,NA,0.88,45.17,NA,NA,NA,NA,NA,NA,NA,NA,NA,NA,NA,0.00,NA,NA,NA
2022-07-03 02:00:00,11.49,59.00,4.95,18.78,23.74,NA,NA,0.87,45.79,NA,NA,NA,NA,NA,NA,NA,NA,NA,NA,NA,0.00,NA,NA,NA
2022-07-03 03:00:00,9.10,124.37,5.26,18.98,24.24,NA,NA,0.88,41.11,NA,NA,NA,NA,NA,NA,NA,NA,NA,NA,NA,0.00,NA,NA,NA
2022-07-03 04:00:00,13.03,48.32,5.22,18.88,24.10,NA,NA,0.88,40.57,NA,NA,NA,NA,NA,NA,NA,NA,NA,NA,NA,0.00,NA,NA,NA
2022-07-03 05:00:00,6.97,118.65,5.20,20.79,26.00,NA,NA,0.89,32.26,NA,NA,NA,NA,NA,NA,NA,NA,NA,NA,NA,0.00,NA,NA,NA
2022-07-03 06:00:00,12.62,70.12,5.51,21.62,27.13,NA,NA,0.90,36.18,NA,NA,NA,NA,NA,NA,NA,NA,NA,NA,NA,0.00,NA,NA,NA
2022-07-03 07:00:00,9.48,0.96,5.87,18.25,24.11,NA,NA,0.87,43.75,NA,NA,NA,NA,NA,NA,NA,NA,NA,NA,NA,0.00,NA,NA,NA
2022-07-03 08:00:00,4.54,NA,6.47,18.71,25.19,NA,NA,0.88,44.97,NA,NA,NA,NA,NA,NA,NA,NA,NA,NA,NA,0.00,NA,NA,NA
2022-07-03 09:00:00,12.50,4.54,6.80,18.26,25.06,NA,NA,0.89,52.04,NA,NA,NA,NA,NA,NA,NA,NA,NA,NA,NA,0.00,NA,NA,NA
2022-07-03 10:00:00,24.61,9.05,6.99,17.64,24.62,NA,NA,0.87,58.41,NA,NA,NA,NA,NA,NA,NA,NA,NA,NA,NA,0.00,NA,NA,NA
2022-07-03 11:00:00,24.03,35.32,6.58,17.21,23.80,NA,NA,0.88,63.24,NA,NA,NA,NA,NA,NA,NA,NA,NA,NA,NA,0.00,NA,NA,NA
2022-07-03 12:00:00,26.61,37.46,6.72,17.84,24.56,NA,NA,0.90,72.85,NA,NA,NA,NA,NA,NA,NA,NA,NA,NA,NA,0.00,NA,NA,NA
2022-07-03 13:00:00,34.32,61.50,6.66,18.11,24.77,NA,NA,0.92,73.69,NA,NA,NA,NA,NA,NA,NA,NA,NA,NA,NA,0.00,NA,NA,NA
2022-07-03 14:00:00,29.04,41.15,6.31,17.50,23.81,NA,NA,0.91,71.51,NA,NA,NA,NA,NA,NA,NA,NA,NA,NA,NA,0.00,NA,NA,NA
2022-07-03 15:00:00,30.64,96.27,5.41,17.62,23.03,NA,NA,0.91,67.03,NA,NA,NA,NA,NA,NA,NA,NA,NA,NA,NA,0.00,NA,NA,NA
2022-07-03 16:00:00,26.12,92.80,5.96,25.03,31.02,NA,NA,0.97,64.99,NA,NA,NA,NA,NA,NA,NA,NA,NA,NA,NA,0.00,NA,NA,NA
2022-07-03 17:00:00,43.25,231.24,5.14,19.02,24.15,NA,NA,0.92,65.82,NA,NA,NA,NA,NA,NA,NA,NA,NA,NA,NA,0.00,NA,NA,NA
2022-07-03 18:00:00,34.34,250.89,5.81,20.75,26.58,NA,NA,0.87,38.81,NA,NA,NA,NA,NA,NA,NA,NA,NA,NA,NA,0.00,NA,NA,NA
2022-07-03 19:00:00,54.30,196.80,5.75,27.26,33.01,NA,NA,0.93,22.55,NA,NA,NA,NA,NA,NA,NA,NA,NA,NA,NA,0.00,NA,NA,NA
2022-07-03 20:00:00,10.84,375.07,5.16,25.08,30.24,NA,NA,0.96,14.84,NA,NA,NA,NA,NA,NA,NA,NA,NA,NA,NA,0.00,NA,NA,NA
2022-07-03 21:00:00,22.71,184.02,5.33,35.37,40.71,NA,NA,1.17,15.00,NA,NA,NA,NA,NA,NA,NA,NA,NA,NA,NA,0.00,NA,NA,NA
2022-07-03 22:00:00,32.21,200.26,6.21,44.66,50.87,NA,NA,1.32,9.41,NA,NA,NA,NA,NA,NA,NA,NA,NA,NA,NA,0.00,NA,NA,NA
2022-07-03 23:00:00,59.05,200.53,7.44,39.74,47.18,NA,NA,1.28,9.42,NA,NA,NA,NA,NA,NA,NA,NA,NA,NA,NA,0.00,NA,NA,NA
2022-07-04 00:00:00,41.02,408.47,6.00,31.45,37.45,NA,NA,1.08,14.62,NA,NA,NA,NA,NA,NA,NA,NA,NA,NA,NA,0.00,NA,NA,NA
2022-07-04 01:00:00,20.19,225.02,5.19,23.10,28.29,NA,NA,0.96,18.37,NA,NA,NA,NA,NA,NA,NA,NA,NA,NA,NA,0.00,NA,NA,NA
2022-07-04 02:00:00,13.30,134.75,5.12,21.39,26.51,NA,NA,0.92,17.51,NA,NA,NA,NA,NA,NA,NA,NA,NA,NA,NA,0.00,NA,NA,NA
2022-07-04 03:00:00,10.88,192.34,5.50,21.97,27.46,NA,NA,0.91,12.38,NA,NA,NA,NA,NA,NA,NA,NA,NA,NA,NA,0.00,NA,NA,NA
2022-07-04 04:00:00,15.39,153.75,5.24,25.23,30.47,NA,NA,0.90,16.57,NA,NA,NA,NA,NA,NA,NA,NA,NA,NA,NA,0.00,NA,NA,NA
2022-07-04 05:00:00,22.72,163.21,5.31,24.63,29.95,NA,NA,0.91,12.52,NA,NA,NA,NA,NA,NA,NA,NA,NA,NA,NA,0.00,NA,NA,NA
2022-07-04 06:00:00,19.19,251.03,6.11,26.79,32.89,NA,NA,0.94,11.92,NA,NA,NA,NA,NA,NA,NA,NA,NA,NA,NA,0.00,NA,NA,NA
2022-07-04 07:00:00,26.08,238.74,6.77,24.00,30.77,NA,NA,0.98,25.34,NA,NA,NA,NA,NA,NA,NA,NA,NA,NA,NA,0.00,NA,NA,NA
2022-07-04 08:00:00,21.69,NA,6.92,25.42,32.33,NA,NA,1.00,42.36,NA,NA,NA,NA,NA,NA,NA,NA,NA,NA,NA,0.00,NA,NA,NA
2022-07-04 09:00:00,42.55,46.67,7.00,25.73,32.73,NA,NA,1.00,59.58,NA,NA,NA,NA,NA,NA,NA,NA,NA,NA,NA,0.00,NA,NA,NA
2022-07-04 10:00:00,53.43,85.57,6.61,23.51,30.12,NA,NA,1.06,77.73,NA,NA,NA,NA,NA,NA,NA,NA,NA,NA,NA,0.00,NA,NA,NA
2022-07-04 11:00:00,58.07,116.82,6.37,19.94,26.31,NA,NA,1.00,78.95,NA,NA,NA,NA,NA,NA,NA,NA,NA,NA,NA,0.00,NA,NA,NA
2022-07-04 12:00:00,62.58,127.77,6.39,19.80,26.20,NA,NA,0.98,80.73,NA,NA,NA,NA,NA,NA,NA,NA,NA,NA,NA,0.00,NA,NA,NA
2022-07-04 13:00:00,37.48,25.33,6.80,18.73,25.53,NA,NA,0.94,81.96,NA,NA,NA,NA,NA,NA,NA,NA,NA,NA,NA,0.00,NA,NA,NA
2022-07-04 14:00:00,34.17,20.82,6.60,17.61,24.21,NA,NA,0.91,75.67,NA,NA,NA,NA,NA,NA,NA,NA,NA,NA,NA,0.00,NA,NA,NA
2022-07-04 15:00:00,28.99,34.50,6.16,17.37,23.53,NA,NA,0.90,70.77,NA,NA,NA,NA,NA,NA,NA,NA,NA,NA,NA,0.00,NA,NA,NA
2022-07-04 16:00:00,43.12,85.23,5.42,17.09,22.51,NA,NA,0.90,69.42,NA,NA,NA,NA,NA,NA,NA,NA,NA,NA,NA,0.00,NA,NA,NA
2022-07-04 17:00:00,36.55,142.78,5.32,20.35,25.67,NA,NA,0.93,63.95,NA,NA,NA,NA,NA,NA,NA,NA,NA,NA,NA,0.00,NA,NA,NA
2022-07-04 18:00:00,36.85,124.37,5.38,30.79,36.17,NA,NA,1.02,61.12,NA,NA,NA,NA,NA,NA,NA,NA,NA,NA,NA,0.00,NA,NA,NA
2022-07-04 19:00:00,68.08,349.85,5.16,40.78,45.94,NA,NA,1.19,48.18,NA,NA,NA,NA,NA,NA,NA,NA,NA,NA,NA,0.00,NA,NA,NA
2022-07-04 20:00:00,73.08,296.43,5.11,41.43,46.54,NA,NA,1.25,36.92,NA,NA,NA,NA,NA,NA,NA,NA,NA,NA,NA,0.00,NA,NA,NA
2022-07-04 21:00:00,78.23,313.17,5.24,49.75,54.99,NA,NA,1.28,25.85,NA,NA,NA,NA,NA,NA,NA,NA,NA,NA,NA,0.00,NA,NA,NA
2022-07-04 22:00:00,74.67,314.12,6.01,49.47,55.48,NA,NA,1.24,14.15,NA,NA,NA,NA,NA,NA,NA,NA,NA,NA,NA,0.00,NA,NA,NA
2022-07-04 23:00:00,85.82,538.87,7.93,46.63,54.56,NA,NA,1.27,9.28,NA,NA,NA,NA,NA,NA,NA,NA,NA,NA,NA,0.00,NA,NA,NA
2022-07-05 00:00:00,67.39,550.64,9.69,42.09,51.78,NA,NA,1.29,8.25,NA,NA,NA,NA,NA,NA,NA,NA,NA,NA,NA,0.00,NA,NA,NA
2022-07-05 01:00:00,73.33,550.71,9.66,44.50,54.16,NA,NA,1.35,8.34,NA,NA,NA,NA,NA,NA,NA,NA,NA,NA,NA,0.00,NA,NA,NA
2022-07-05 02:00:00,75.91,580.96,11.03,36.88,47.91,NA,NA,1.32,8.51,NA,NA,NA,NA,NA,NA,NA,NA,NA,NA,NA,0.00,NA,NA,NA
2022-07-05 03:00:00,72.10,511.93,6.90,34.07,40.99,NA,NA,1.18,14.32,NA,NA,NA,NA,NA,NA,NA,NA,NA,NA,NA,0.00,NA,NA,NA
2022-07-05 04:00:00,63.15,45.78,5.21,29.51,34.72,NA,NA,1.07,21.95,NA,NA,NA,NA,NA,NA,NA,NA,NA,NA,NA,0.00,NA,NA,NA
2022-07-05 05:00:00,58.18,336.66,5.53,26.37,31.90,NA,NA,1.06,15.94,NA,NA,NA,NA,NA,NA,NA,NA,NA,NA,NA,0.00,NA,NA,NA
2022-07-05 06:00:00,68.42,430.91,6.20,31.48,37.68,NA,NA,1.10,16.58,NA,NA,NA,NA,NA,NA,NA,NA,NA,NA,NA,0.00,NA,NA,NA
2022-07-05 07:00:00,66.06,192.71,6.69,28.17,34.86,NA,NA,1.11,24.28,NA,NA,NA,NA,NA,NA,NA,NA,NA,NA,NA,0.00,NA,NA,NA
2022-07-05 08:00:00,54.66,NA,6.74,25.05,31.80,NA,NA,1.05,38.09,NA,NA,NA,NA,NA,NA,NA,NA,NA,NA,NA,0.00,NA,NA,NA
2022-07-05 09:00:00,54.29,70.33,6.48,23.55,30.04,NA,NA,1.10,51.55,NA,NA,NA,NA,NA,NA,NA,NA,NA,NA,NA,0.00,NA,NA,NA
2022-07-05 10:00:00,62.22,100.41,6.62,22.28,28.91,NA,NA,1.06,62.78,NA,NA,NA,NA,NA,NA,NA,NA,NA,NA,NA,0.00,NA,NA,NA
2022-07-05 11:00:00,40.71,32.48,6.38,20.29,26.67,NA,NA,1.00,70.79,NA,NA,NA,NA,NA,NA,NA,NA,NA,NA,NA,0.00,NA,NA,NA
2022-07-05 12:00:00,43.78,39.59,6.63,22.09,28.72,NA,NA,0.97,80.06,NA,NA,NA,NA,NA,NA,NA,NA,NA,NA,NA,0.00,NA,NA,NA
2022-07-05 13:00:00,49.70,9.04,7.18,19.94,27.12,NA,NA,0.97,75.92,NA,NA,NA,NA,NA,NA,NA,NA,NA,NA,NA,0.00,NA,NA,NA
2022-07-05 14:00:00,109.60,57.40,7.96,19.22,27.18,NA,NA,0.96,75.87,NA,NA,NA,NA,NA,NA,NA,NA,NA,NA,NA,0.00,NA,NA,NA
2022-07-05 15:00:00,76.54,127.96,6.98,18.72,25.69,NA,NA,0.94,70.71,NA,NA,NA,NA,NA,NA,NA,NA,NA,NA,NA,0.00,NA,NA,NA
2022-07-05 16:00:00,57.40,112.15,6.47,18.65,25.12,NA,NA,0.92,78.47,NA,NA,NA,NA,NA,NA,NA,NA,NA,NA,NA,0.00,NA,NA,NA
2022-07-05 17:00:00,56.25,118.99,5.93,18.77,24.69,NA,NA,0.92,80.50,NA,NA,NA,NA,NA,NA,NA,NA,NA,NA,NA,0.00,NA,NA,NA
2022-07-05 18:00:00,55.68,133.88,5.42,19.17,24.60,NA,NA,0.92,73.81,NA,NA,NA,NA,NA,NA,NA,NA,NA,NA,NA,0.00,NA,NA,NA
2022-07-05 19:00:00,56.85,209.49,5.17,22.09,27.27,NA,NA,0.95,61.45,NA,NA,NA,NA,NA,NA,NA,NA,NA,NA,NA,0.00,NA,NA,NA
2022-07-05 20:00:00,51.24,206.98,5.05,24.74,29.79,NA,NA,1.01,57.68,NA,NA,NA,NA,NA,NA,NA,NA,NA,NA,NA,0.00,NA,NA,NA
2022-07-05 21:00:00,41.46,112.32,5.01,27.46,32.47,NA,NA,1.01,47.73,NA,NA,NA,NA,NA,NA,NA,NA,NA,NA,NA,0.00,NA,NA,NA
2022-07-05 22:00:00,43.82,136.66,5.09,30.97,36.06,NA,NA,1.05,38.35,NA,NA,NA,NA,NA,NA,NA,NA,NA,NA,NA,0.00,NA,NA,NA
2022-07-05 23:00:00,47.29,174.48,5.18,25.56,30.74,NA,NA,1.02,44.89,NA,NA,NA,NA,NA,NA,NA,NA,NA,NA,NA,0.00,NA,NA,NA
2022-07-06 00:00:00,46.63,120.09,5.17,22.16,27.33,NA,NA,0.97,47.57,NA,NA,NA,NA,NA,NA,NA,NA,NA,NA,NA,0.00,NA,NA,NA
2022-07-06 01:00:00,54.08,189.20,4.93,22.29,27.22,NA,NA,0.95,46.26,NA,NA,NA,NA,NA,NA,NA,NA,NA,NA,NA,0.00,NA,NA,NA
2022-07-06 02:00:00,50.96,268.69,5.00,21.11,26.12,NA,NA,0.95,41.25,NA,NA,NA,NA,NA,NA,NA,NA,NA,NA,NA,0.00,NA,NA,NA
2022-07-06 03:00:00,39.01,162.42,4.86,20.23,25.09,NA,NA,0.92,42.88,NA,NA,NA,NA,NA,NA,NA,NA,NA,NA,NA,0.00,NA,NA,NA
2022-07-06 04:00:00,33.46,168.33,4.78,19.36,24.14,NA,NA,0.91,45.23,NA,NA,NA,NA,NA,NA,NA,NA,NA,NA,NA,0.00,NA,NA,NA
2022-07-06 05:00:00,29.06,167.97,4.86,20.01,24.87,NA,NA,0.92,41.85,NA,NA,NA,NA,NA,NA,NA,NA,NA,NA,NA,0.00,NA,NA,NA
2022-07-06 06:00:00,37.67,137.43,5.15,20.37,25.52,NA,NA,0.92,42.18,NA,NA,NA,NA,NA,NA,NA,NA,NA,NA,NA,0.00,NA,NA,NA
2022-07-06 07:00:00,38.09,85.44,5.99,21.51,27.50,NA,NA,0.95,44.05,NA,NA,NA,NA,NA,NA,NA,NA,NA,NA,NA,0.00,NA,NA,NA
2022-07-06 08:00:00,50.87,53.85,6.27,20.89,27.16,NA,NA,0.99,53.35,NA,NA,NA,NA,NA,NA,NA,NA,NA,NA,NA,0.00,NA,NA,NA
2022-07-06 09:00:00,53.30,77.44,6.54,19.81,26.35,NA,NA,0.97,59.67,NA,NA,NA,NA,NA,NA,NA,NA,NA,NA,NA,0.00,NA,NA,NA
2022-07-06 10:00:00,52.67,31.43,6.31,17.98,24.29,NA,NA,0.93,66.54,NA,NA,NA,NA,NA,NA,NA,NA,NA,NA,NA,0.00,NA,NA,NA
2022-07-06 11:00:00,60.02,94.78,6.18,18.34,24.52,NA,NA,0.94,73.77,NA,NA,NA,NA,NA,NA,NA,NA,NA,NA,NA,0.00,NA,NA,NA
2022-07-06 12:00:00,53.37,75.91,6.85,17.86,24.71,NA,NA,0.93,74.82,NA,NA,NA,NA,NA,NA,NA,NA,NA,NA,NA,0.00,NA,NA,NA
2022-07-06 13:00:00,48.69,62.93,8.33,18.15,26.48,NA,NA,0.93,79.90,NA,NA,NA,NA,NA,NA,NA,NA,NA,NA,NA,0.00,NA,NA,NA
2022-07-06 14:00:00,41.13,69.76,11.59,17.89,29.48,NA,NA,0.92,76.05,NA,NA,NA,NA,NA,NA,NA,NA,NA,NA,NA,0.00,NA,NA,NA
2022-07-06 15:00:00,55.80,100.87,9.70,18.76,28.44,NA,NA,0.90,77.79,NA,NA,NA,NA,NA,NA,NA,NA,NA,NA,NA,0.00,NA,NA,NA
2022-07-06 16:00:00,50.79,89.20,9.92,19.35,29.29,NA,NA,0.90,81.65,NA,NA,NA,NA,NA,NA,NA,NA,NA,NA,NA,0.00,NA,NA,NA
2022-07-06 17:00:00,48.79,95.30,6.39,17.93,24.32,NA,NA,0.88,79.63,NA,NA,NA,NA,NA,NA,NA,NA,NA,NA,NA,0.00,NA,NA,NA
2022-07-06 18:00:00,42.23,97.04,5.85,18.49,24.34,NA,NA,0.90,78.20,NA,NA,NA,NA,NA,NA,NA,NA,NA,NA,NA,0.00,NA,NA,NA
2022-07-06 19:00:00,53.64,143.64,5.33,21.71,27.04,NA,NA,0.93,69.70,NA,NA,NA,NA,NA,NA,NA,NA,NA,NA,NA,0.00,NA,NA,NA
2022-07-06 20:00:00,53.16,277.59,5.42,25.72,31.14,NA,NA,0.99,42.72,NA,NA,NA,NA,NA,NA,NA,NA,NA,NA,NA,0.00,NA,NA,NA
2022-07-06 21:00:00,62.18,225.43,5.33,30.55,35.88,NA,NA,1.07,41.04,NA,NA,NA,NA,NA,NA,NA,NA,NA,NA,NA,0.00,NA,NA,NA
2022-07-06 22:00:00,60.09,213.91,5.38,30.01,35.38,NA,NA,1.11,36.03,NA,NA,NA,NA,NA,NA,NA,NA,NA,NA,NA,0.00,NA,NA,NA
2022-07-06 23:00:00,55.94,174.33,5.32,29.43,34.75,NA,NA,1.06,39.07,NA,NA,NA,NA,NA,NA,NA,NA,NA,NA,NA,0.00,NA,NA,NA
2022-07-07 00:00:00,36.89,130.11,5.83,28.37,34.19,NA,NA,0.99,31.06,NA,NA,NA,NA,NA,NA,NA,NA,NA,NA,NA,0.00,NA,NA,NA
2022-07-07 01:00:00,44.63,144.86,5.50,25.33,30.83,NA,NA,0.97,38.85,NA,NA,NA,NA,NA,NA,NA,NA,NA,NA,NA,0.00,NA,NA,NA
2022-07-07 02:00:00,44.39,143.84,5.39,22.24,27.64,NA,NA,0.94,49.88,NA,NA,NA,NA,NA,NA,NA,NA,NA,NA,NA,0.00,NA,NA,NA
2022-07-07 03:00:00,47.61,184.05,5.40,22.77,28.17,NA,NA,0.95,46.20,NA,NA,NA,NA,NA,NA,NA,NA,NA,NA,NA,0.00,NA,NA,NA
2022-07-07 04:00:00,49.84,231.76,5.39,20.78,26.18,NA,NA,0.94,41.30,NA,NA,NA,NA,NA,NA,NA,NA,NA,NA,NA,0.00,NA,NA,NA
2022-07-07 05:00:00,48.57,197.42,5.34,20.87,26.21,NA,NA,0.94,41.31,NA,NA,NA,NA,NA,NA,NA,NA,NA,NA,NA,0.00,NA,NA,NA
2022-07-07 06:00:00,44.03,169.53,5.82,22.66,28.48,NA,NA,0.95,37.53,NA,NA,NA,NA,NA,NA,NA,NA,NA,NA,NA,0.00,NA,NA,NA
2022-07-07 07:00:00,39.85,77.15,6.28,21.96,28.24,NA,NA,0.94,42.00,NA,NA,NA,NA,NA,NA,NA,NA,NA,NA,NA,0.00,NA,NA,NA
2022-07-07 08:00:00,38.24,78.69,6.44,21.84,28.28,NA,NA,0.95,43.87,NA,NA,NA,NA,NA,NA,NA,NA,NA,NA,NA,0.00,NA,NA,NA
2022-07-07 09:00:00,38.96,45.03,6.92,20.56,27.48,NA,NA,0.93,51.70,NA,NA,NA,NA,NA,NA,NA,NA,NA,NA,NA,0.00,NA,NA,NA
2022-07-07 10:00:00,33.33,36.99,7.03,19.64,26.67,NA,NA,0.91,61.75,NA,NA,NA,NA,NA,NA,NA,NA,NA,NA,NA,0.00,NA,NA,NA
2022-07-07 11:00:00,40.75,76.36,6.92,19.43,26.35,NA,NA,0.90,69.76,NA,NA,NA,NA,NA,NA,NA,NA,NA,NA,NA,0.00,NA,NA,NA
2022-07-07 12:00:00,34.81,31.75,7.24,18.63,25.87,NA,NA,0.88,73.36,NA,NA,NA,NA,NA,NA,NA,NA,NA,NA,NA,0.00,NA,NA,NA
2022-07-07 13:00:00,35.32,45.31,7.12,17.73,24.85,NA,NA,0.86,67.03,NA,NA,NA,NA,NA,NA,NA,NA,NA,NA,NA,0.00,NA,NA,NA
2022-07-07 14:00:00,22.17,37.80,6.81,18.07,24.88,NA,NA,0.86,67.30,NA,NA,NA,NA,NA,NA,NA,NA,NA,NA,NA,0.00,NA,NA,NA
2022-07-07 15:00:00,24.91,51.83,7.03,18.07,25.09,NA,NA,0.86,70.06,NA,NA,NA,NA,NA,NA,NA,NA,NA,NA,NA,0.00,NA,NA,NA
2022-07-07 16:00:00,26.16,56.25,6.78,18.00,24.78,NA,NA,0.86,72.49,NA,NA,NA,NA,NA,NA,NA,NA,NA,NA,NA,0.00,NA,NA,NA
2022-07-07 17:00:00,25.34,64.83,6.35,18.08,24.43,NA,NA,0.86,75.35,NA,NA,NA,NA,NA,NA,NA,NA,NA,NA,NA,0.00,NA,NA,NA
2022-07-07 18:00:00,28.27,83.62,5.70,18.44,24.14,NA,NA,0.86,74.09,NA,NA,NA,NA,NA,NA,NA,NA,NA,NA,NA,0.00,NA,NA,NA
2022-07-07 19:00:00,27.80,125.61,5.42,20.25,25.67,NA,NA,0.89,62.21,NA,NA,NA,NA,NA,NA,NA,NA,NA,NA,NA,0.00,NA,NA,NA
2022-07-07 20:00:00,28.75,124.31,5.45,30.23,35.68,NA,NA,0.97,47.07,NA,NA,NA,NA,NA,NA,NA,NA,NA,NA,NA,0.00,NA,NA,NA
2022-07-07 21:00:00,31.94,120.10,5.49,34.13,39.63,NA,NA,1.04,42.17,NA,NA,NA,NA,NA,NA,NA,NA,NA,NA,NA,0.00,NA,NA,NA
2022-07-07 22:00:00,33.23,130.55,5.44,35.05,40.49,NA,NA,1.04,36.49,NA,NA,NA,NA,NA,NA,NA,NA,NA,NA,NA,0.00,NA,NA,NA
2022-07-07 23:00:00,30.20,110.54,5.51,34.97,40.48,NA,NA,1.03,34.38,NA,NA,NA,NA,NA,NA,NA,NA,NA,NA,NA,0.00,NA,NA,NA
2022-07-08 00:00:00,37.07,112.60,5.25,29.64,34.89,NA,NA,0.97,35.66,NA,NA,NA,NA,NA,NA,NA,NA,NA,NA,NA,0.00,NA,NA,NA
2022-07-08 01:00:00,33.85,93.04,5.42,24.45,29.87,NA,NA,0.95,49.03,NA,NA,NA,NA,NA,NA,NA,NA,NA,NA,NA,0.00,NA,NA,NA
2022-07-08 02:00:00,33.62,100.75,5.39,22.46,27.86,NA,NA,0.92,51.22,NA,NA,NA,NA,NA,NA,NA,NA,NA,NA,NA,0.00,NA,NA,NA
2022-07-08 03:00:00,30.96,94.38,5.25,22.07,27.33,NA,NA,0.90,53.63,NA,NA,NA,NA,NA,NA,NA,NA,NA,NA,NA,0.00,NA,NA,NA
2022-07-08 04:00:00,32.51,105.18,5.26,24.03,29.29,NA,NA,0.90,44.89,NA,NA,NA,NA,NA,NA,NA,NA,NA,NA,NA,0.00,NA,NA,NA
2022-07-08 05:00:00,33.38,159.38,5.30,26.73,32.03,NA,NA,0.90,35.51,NA,NA,NA,NA,NA,NA,NA,NA,NA,NA,NA,0.00,NA,NA,NA
2022-07-08 06:00:00,26.42,83.72,6.14,27.38,33.52,NA,NA,0.89,35.27,NA,NA,NA,NA,NA,NA,NA,NA,NA,NA,NA,0.00,NA,NA,NA
2022-07-08 07:00:00,28.03,10.25,6.71,25.68,32.39,NA,NA,0.92,39.79,NA,NA,NA,NA,NA,NA,NA,NA,NA,NA,NA,0.00,NA,NA,NA
2022-07-08 08:00:00,36.27,10.59,6.75,22.20,28.95,NA,NA,0.94,54.18,NA,NA,NA,NA,NA,NA,NA,NA,NA,NA,NA,0.00,NA,NA,NA
2022-07-08 09:00:00,31.03,14.64,6.76,19.16,25.92,NA,NA,0.89,65.08,NA,NA,NA,NA,NA,NA,NA,NA,NA,NA,NA,0.00,NA,NA,NA
2022-07-08 10:00:00,33.99,38.93,6.99,18.91,25.91,NA,NA,0.88,67.96,NA,NA,NA,NA,NA,NA,NA,NA,NA,NA,NA,0.00,NA,NA,NA
2022-07-08 11:00:00,30.54,31.46,7.00,18.07,25.07,NA,NA,0.85,65.84,NA,NA,NA,NA,NA,NA,NA,NA,NA,NA,NA,0.00,NA,NA,NA
2022-07-08 12:00:00,120.27,399.02,7.24,17.78,25.02,NA,NA,0.85,64.29,NA,NA,NA,NA,NA,NA,NA,NA,NA,NA,NA,0.00,NA,NA,NA
2022-07-08 13:00:00,405.87,485.92,16.97,20.26,37.23,NA,NA,0.84,68.95,NA,NA,NA,NA,NA,NA,NA,NA,NA,NA,NA,0.00,NA,NA,NA
2022-07-08 14:00:00,87.22,66.86,8.02,18.31,26.33,NA,NA,0.83,76.09,NA,NA,NA,NA,NA,NA,NA,NA,NA,NA,NA,0.00,NA,NA,NA
2022-07-08 15:00:00,77.82,111.67,12.12,19.43,31.55,NA,NA,0.82,81.32,NA,NA,NA,NA,NA,NA,NA,NA,NA,NA,NA,0.00,NA,NA,NA
2022-07-08 16:00:00,138.23,465.40,15.16,19.22,34.38,NA,NA,0.81,83.85,NA,NA,NA,NA,NA,NA,NA,NA,NA,NA,NA,0.00,NA,NA,NA
2022-07-08 17:00:00,124.45,49.21,6.83,17.81,24.65,NA,NA,0.81,85.04,NA,NA,NA,NA,NA,NA,NA,NA,NA,NA,NA,0.00,NA,NA,NA
2022-07-08 18:00:00,39.55,59.41,5.94,18.84,24.79,NA,NA,0.81,79.20,NA,NA,NA,NA,NA,NA,NA,NA,NA,NA,NA,0.00,NA,NA,NA
2022-07-08 19:00:00,35.02,80.10,5.35,22.83,28.18,NA,NA,0.83,69.38,NA,NA,NA,NA,NA,NA,NA,NA,NA,NA,NA,0.00,NA,NA,NA
2022-07-08 20:00:00,28.32,118.15,5.36,28.32,33.68,NA,NA,0.87,47.35,NA,NA,NA,NA,NA,NA,NA,NA,NA,NA,NA,0.00,NA,NA,NA
2022-07-08 21:00:00,49.09,119.20,5.31,40.27,45.58,NA,NA,1.08,36.69,NA,NA,NA,NA,NA,NA,NA,NA,NA,NA,NA,0.00,NA,NA,NA
2022-07-08 22:00:00,58.56,107.93,5.65,39.35,45.00,NA,NA,1.06,31.44,NA,NA,NA,NA,NA,NA,NA,NA,NA,NA,NA,0.00,NA,NA,NA
2022-07-08 23:00:00,55.08,132.11,5.97,40.43,46.41,NA,NA,1.06,27.91,NA,NA,NA,NA,NA,NA,NA,NA,NA,NA,NA,0.00,NA,NA,NA
2022-07-09 00:00:00,49.98,128.38,5.75,34.87,40.62,NA,NA,1.06,32.07,NA,NA,NA,NA,NA,NA,NA,NA,NA,NA,NA,0.00,NA,NA,NA
2022-07-09 01:00:00,46.34,107.07,5.66,32.66,38.32,NA,NA,0.96,38.47,NA,NA,NA,NA,NA,NA,NA,NA,NA,NA,NA,0.00,NA,NA,NA
2022-07-09 02:00:00,47.68,124.77,5.59,36.60,42.19,NA,NA,0.96,31.19,NA,NA,NA,NA,NA,NA,NA,NA,NA,NA,NA,0.00,NA,NA,NA
2022-07-09 03:00:00,45.59,134.05,5.66,34.54,40.20,NA,NA,0.96,24.90,NA,NA,NA,NA,NA,NA,NA,NA,NA,NA,NA,0.00,NA,NA,NA
2022-07-09 04:00:00,46.61,111.74,5.53,31.47,37.00,NA,NA,0.95,24.23,NA,NA,NA,NA,NA,NA,NA,NA,NA,NA,NA,0.00,NA,NA,NA
2022-07-09 05:00:00,58.27,166.72,5.56,32.75,38.31,NA,NA,0.94,20.03,NA,NA,NA,NA,NA,NA,NA,NA,NA,NA,NA,0.00,NA,NA,NA
2022-07-09 06:00:00,45.00,144.38,6.52,32.30,38.83,NA,NA,0.93,21.26,NA,NA,NA,NA,NA,NA,NA,NA,NA,NA,NA,0.00,NA,NA,NA
2022-07-09 07:00:00,41.41,NA,7.02,27.55,34.56,NA,NA,0.93,38.36,NA,NA,NA,NA,NA,NA,NA,NA,NA,NA,NA,0.00,NA,NA,NA
2022-07-09 08:00:00,51.05,26.85,6.87,23.04,29.91,NA,NA,0.96,54.67,NA,NA,NA,NA,NA,NA,NA,NA,NA,NA,NA,0.00,NA,NA,NA
2022-07-09 09:00:00,53.69,94.19,7.15,23.23,30.38,NA,NA,0.95,64.06,NA,NA,NA,NA,NA,NA,NA,NA,NA,NA,NA,0.00,NA,NA,NA
2022-07-09 10:00:00,63.57,86.90,7.01,22.27,29.27,NA,NA,0.95,69.36,NA,NA,NA,NA,NA,NA,NA,NA,NA,NA,NA,0.00,NA,NA,NA
2022-07-09 11:00:00,53.27,127.56,6.71,21.93,28.64,NA,NA,0.93,67.23,NA,NA,NA,NA,NA,NA,NA,NA,NA,NA,NA,0.00,NA,NA,NA
2022-07-09 12:00:00,52.91,120.15,6.54,21.45,27.99,NA,NA,0.92,61.14,NA,NA,NA,NA,NA,NA,NA,NA,NA,NA,NA,0.00,NA,NA,NA
2022-07-09 13:00:00,60.20,145.34,6.40,21.83,28.23,NA,NA,0.93,51.55,NA,NA,NA,NA,NA,NA,NA,NA,NA,NA,NA,0.00,NA,NA,NA
2022-07-09 14:00:00,32.03,63.66,6.65,20.04,26.70,NA,NA,0.87,58.07,NA,NA,NA,NA,NA,NA,NA,NA,NA,NA,NA,0.00,NA,NA,NA
2022-07-09 15:00:00,23.24,32.72,6.70,18.99,25.69,NA,NA,0.83,62.75,NA,NA,NA,NA,NA,NA,NA,NA,NA,NA,NA,0.00,NA,NA,NA
2022-07-09 16:00:00,12.65,16.99,6.18,19.03,25.21,NA,NA,0.82,65.49,NA,NA,NA,NA,NA,NA,NA,NA,NA,NA,NA,0.00,NA,NA,NA
2022-07-09 17:00:00,14.39,55.73,5.90,20.13,26.03,NA,NA,0.83,65.06,NA,NA,NA,NA,NA,NA,NA,NA,NA,NA,NA,0.00,NA,NA,NA
2022-07-09 18:00:00,16.98,44.31,5.70,22.50,28.20,NA,NA,0.85,60.98,NA,NA,NA,NA,NA,NA,NA,NA,NA,NA,NA,0.00,NA,NA,NA
2022-07-09 19:00:00,24.55,71.92,5.44,26.06,31.50,NA,NA,0.89,54.24,NA,NA,NA,NA,NA,NA,NA,NA,NA,NA,NA,0.00,NA,NA,NA
2022-07-09 20:00:00,28.88,95.05,5.48,27.36,32.84,NA,NA,0.89,46.57,NA,NA,NA,NA,NA,NA,NA,NA,NA,NA,NA,0.00,NA,NA,NA
2022-07-09 21:00:00,19.60,100.37,5.33,27.70,33.03,NA,NA,0.89,39.21,NA,NA,NA,NA,NA,NA,NA,NA,NA,NA,NA,0.00,NA,NA,NA
2022-07-09 22:00:00,19.04,95.65,5.36,24.55,29.91,NA,NA,0.91,40.43,NA,NA,NA,NA,NA,NA,NA,NA,NA,NA,NA,0.00,NA,NA,NA
2022-07-09 23:00:00,32.98,115.93,5.41,25.09,30.50,NA,NA,0.97,33.07,NA,NA,NA,NA,NA,NA,NA,NA,NA,NA,NA,0.00,NA,NA,NA
2022-07-10 00:00:00,27.27,110.40,5.27,24.62,29.89,NA,NA,0.90,27.00,NA,NA,NA,NA,NA,NA,NA,NA,NA,NA,NA,0.00,NA,NA,NA
2022-07-10 01:00:00,24.30,101.90,5.40,22.76,28.17,NA,NA,0.88,27.54,NA,NA,NA,NA,NA,NA,NA,NA,NA,NA,NA,0.00,NA,NA,NA
2022-07-10 02:00:00,26.48,85.69,5.66,26.81,32.47,NA,NA,0.90,21.21,NA,NA,NA,NA,NA,NA,NA,NA,NA,NA,NA,0.00,NA,NA,NA
2022-07-10 03:00:00,23.23,89.08,5.61,27.75,33.36,NA,NA,0.90,20.22,NA,NA,NA,NA,NA,NA,NA,NA,NA,NA,NA,0.00,NA,NA,NA
2022-07-10 04:00:00,22.77,80.30,5.57,24.24,29.81,NA,NA,0.88,20.31,NA,NA,NA,NA,NA,NA,NA,NA,NA,NA,NA,0.00,NA,NA,NA
2022-07-10 05:00:00,23.67,93.58,5.52,23.41,28.93,NA,NA,0.89,19.18,NA,NA,NA,NA,NA,NA,NA,NA,NA,NA,NA,0.00,NA,NA,NA
2022-07-10 06:00:00,37.37,90.84,6.06,25.37,31.44,NA,NA,0.94,18.93,NA,NA,NA,NA,NA,NA,NA,NA,NA,NA,NA,0.00,NA,NA,NA
2022-07-10 07:00:00,36.46,37.72,6.61,23.96,30.57,NA,NA,0.93,22.07,NA,NA,NA,NA,NA,NA,NA,NA,NA,NA,NA,0.00,NA,NA,NA
2022-07-10 08:00:00,32.53,3.38,6.99,22.52,29.51,NA,NA,0.90,27.58,NA,NA,NA,NA,NA,NA,NA,NA,NA,NA,NA,0.00,NA,NA,NA
2022-07-10 09:00:00,20.46,NA,7.37,20.07,27.44,NA,NA,0.87,41.68,NA,NA,NA,NA,NA,NA,NA,NA,NA,NA,NA,0.00,NA,NA,NA
2022-07-10 10:00:00,25.78,12.17,7.35,18.64,25.99,NA,NA,0.85,53.03,NA,NA,NA,NA,NA,NA,NA,NA,NA,NA,NA,0.00,NA,NA,NA
2022-07-10 11:00:00,41.50,42.45,6.90,18.61,25.51,NA,NA,0.86,53.30,NA,NA,NA,NA,NA,NA,NA,NA,NA,NA,NA,0.00,NA,NA,NA
2022-07-10 12:00:00,31.94,46.61,7.35,18.67,26.01,NA,NA,0.87,56.04,NA,NA,NA,NA,NA,NA,NA,NA,NA,NA,NA,0.00,NA,NA,NA
2022-07-10 13:00:00,36.40,36.94,6.95,20.75,27.73,NA,NA,0.85,62.53,NA,NA,NA,NA,NA,NA,NA,NA,NA,NA,NA,0.00,NA,NA,NA
2022-07-10 14:00:00,11.95,44.33,7.95,23.19,31.12,NA,NA,0.86,67.23,NA,NA,NA,NA,NA,NA,NA,NA,NA,NA,NA,0.00,NA,NA,NA
2022-07-10 15:00:00,73.43,49.24,7.25,20.08,27.34,NA,NA,0.78,69.57,NA,NA,NA,NA,NA,NA,NA,NA,NA,NA,NA,0.00,NA,NA,NA
2022-07-10 16:00:00,44.85,95.94,7.38,24.42,31.81,NA,NA,0.87,80.11,NA,NA,NA,NA,NA,NA,NA,NA,NA,NA,NA,0.00,NA,NA,NA
2022-07-10 17:00:00,18.17,65.91,6.32,25.12,31.45,NA,NA,0.93,95.77,NA,NA,NA,NA,NA,NA,NA,NA,NA,NA,NA,0.00,NA,NA,NA
2022-07-10 18:00:00,29.33,95.29,5.48,30.01,35.50,NA,NA,0.94,84.80,NA,NA,NA,NA,NA,NA,NA,NA,NA,NA,NA,0.00,NA,NA,NA
2022-07-10 19:00:00,22.97,96.37,5.37,31.00,36.37,NA,NA,0.93,64.97,NA,NA,NA,NA,NA,NA,NA,NA,NA,NA,NA,0.00,NA,NA,NA
2022-07-10 20:00:00,26.43,89.52,5.17,29.10,34.28,NA,NA,0.94,51.30,NA,NA,NA,NA,NA,NA,NA,NA,NA,NA,NA,0.00,NA,NA,NA
2022-07-10 21:00:00,21.22,79.63,5.19,31.66,36.85,NA,NA,0.96,41.32,NA,NA,NA,NA,NA,NA,NA,NA,NA,NA,NA,0.00,NA,NA,NA
2022-07-10 22:00:00,20.75,101.49,5.37,29.47,34.84,NA,NA,0.96,33.30,NA,NA,NA,NA,NA,NA,NA,NA,NA,NA,NA,0.00,NA,NA,NA
2022-07-10 23:00:00,22.35,117.06,5.46,33.18,38.67,NA,NA,1.01,19.33,NA,NA,NA,NA,NA,NA,NA,NA,NA,NA,NA,0.00,NA,NA,NA
2022-07-11 00:00:00,30.53,59.58,5.94,39.79,45.72,NA,NA,1.10,15.14,NA,NA,NA,NA,NA,NA,NA,NA,NA,NA,NA,0.00,NA,NA,NA
2022-07-11 01:00:00,31.45,116.60,6.12,38.35,44.47,NA,NA,1.10,11.52,NA,NA,NA,NA,NA,NA,NA,NA,NA,NA,NA,0.00,NA,NA,NA
2022-07-11 02:00:00,29.65,67.80,5.83,37.25,43.08,NA,NA,1.04,14.93,NA,NA,NA,NA,NA,NA,NA,NA,NA,NA,NA,0.00,NA,NA,NA
2022-07-11 03:00:00,28.78,100.88,6.22,32.12,38.32,NA,NA,1.00,11.72,NA,NA,NA,NA,NA,NA,NA,NA,NA,NA,NA,0.00,NA,NA,NA
2022-07-11 04:00:00,22.75,88.30,6.29,31.29,37.58,NA,NA,0.96,11.35,NA,NA,NA,NA,NA,NA,NA,NA,NA,NA,NA,0.00,NA,NA,NA
2022-07-11 05:00:00,31.54,91.12,6.39,32.04,38.45,NA,NA,0.95,9.89,NA,NA,NA,NA,NA,NA,NA,NA,NA,NA,NA,0.00,NA,NA,NA
2022-07-11 06:00:00,32.25,132.26,10.02,33.59,43.62,NA,NA,0.98,10.74,NA,NA,NA,NA,NA,NA,NA,NA,NA,NA,NA,0.00,NA,NA,NA
2022-07-11 07:00:00,30.60,NA,11.67,42.16,53.85,NA,NA,1.03,19.24,NA,NA,NA,NA,NA,NA,NA,NA,NA,NA,NA,0.00,NA,NA,NA
2022-07-11 08:00:00,66.86,51.18,9.51,38.91,48.37,NA,NA,1.03,45.61,NA,NA,NA,NA,NA,NA,NA,NA,NA,NA,NA,0.00,NA,NA,NA
2022-07-11 09:00:00,40.85,14.58,7.49,25.43,32.90,NA,NA,0.93,65.61,NA,NA,NA,NA,NA,NA,NA,NA,NA,NA,NA,0.00,NA,NA,NA
2022-07-11 10:00:00,24.22,5.98,7.09,20.46,27.56,NA,NA,0.86,70.90,NA,NA,NA,NA,NA,NA,NA,NA,NA,NA,NA,0.00,NA,NA,NA
2022-07-11 11:00:00,38.50,35.07,6.80,20.29,27.09,NA,NA,0.86,84.80,NA,NA,NA,NA,NA,NA,NA,NA,NA,NA,NA,0.00,NA,NA,NA
2022-07-11 12:00:00,48.99,77.10,6.82,20.95,27.77,NA,NA,0.88,89.46,NA,NA,NA,NA,NA,NA,NA,NA,NA,NA,NA,0.00,NA,NA,NA
2022-07-11 13:00:00,39.60,43.46,6.47,20.81,27.28,NA,NA,0.86,85.12,NA,NA,NA,NA,NA,NA,NA,NA,NA,NA,NA,0.00,NA,NA,NA
2022-07-11 14:00:00,40.96,104.51,8.43,32.53,40.96,NA,NA,0.88,81.31,NA,NA,NA,NA,NA,NA,NA,NA,NA,NA,NA,0.00,NA,NA,NA
2022-07-11 15:00:00,33.38,65.78,9.06,36.29,45.36,NA,NA,0.88,80.33,NA,NA,NA,NA,NA,NA,NA,NA,NA,NA,NA,0.00,NA,NA,NA
2022-07-11 16:00:00,16.89,18.84,6.90,25.23,32.13,NA,NA,0.89,91.33,NA,NA,NA,NA,NA,NA,NA,NA,NA,NA,NA,0.00,NA,NA,NA
2022-07-11 17:00:00,14.69,29.71,6.14,27.32,33.46,NA,NA,0.90,78.96,NA,NA,NA,NA,NA,NA,NA,NA,NA,NA,NA,0.00,NA,NA,NA
2022-07-11 18:00:00,14.98,49.73,5.68,31.55,37.23,NA,NA,0.95,71.30,NA,NA,NA,NA,NA,NA,NA,NA,NA,NA,NA,0.00,NA,NA,NA
2022-07-11 19:00:00,47.04,94.37,5.94,36.91,42.85,NA,NA,0.96,53.64,NA,NA,NA,NA,NA,NA,NA,NA,NA,NA,NA,0.00,NA,NA,NA
2022-07-11 20:00:00,75.52,148.09,6.62,40.20,46.81,NA,NA,1.04,32.98,NA,NA,NA,NA,NA,NA,NA,NA,NA,NA,NA,0.00,NA,NA,NA
2022-07-11 21:00:00,36.98,88.43,5.83,42.37,48.20,NA,NA,1.07,42.16,NA,NA,NA,NA,NA,NA,NA,NA,NA,NA,NA,0.00,NA,NA,NA
2022-07-11 22:00:00,25.33,123.04,5.57,32.25,37.81,NA,NA,1.01,27.44,NA,NA,NA,NA,NA,NA,NA,NA,NA,NA,NA,0.00,NA,NA,NA
2022-07-11 23:00:00,30.89,116.60,5.70,33.83,39.54,NA,NA,1.03,20.84,NA,NA,NA,NA,NA,NA,NA,NA,NA,NA,NA,0.00,NA,NA,NA
2022-07-12 00:00:00,41.56,171.06,5.80,32.85,38.65,NA,NA,1.08,13.40,NA,NA,NA,NA,NA,NA,NA,NA,NA,NA,NA,0.00,NA,NA,NA
2022-07-12 01:00:00,47.91,100.76,5.89,46.23,52.11,NA,NA,1.25,12.69,NA,NA,NA,NA,NA,NA,NA,NA,NA,NA,NA,0.00,NA,NA,NA
2022-07-12 02:00:00,54.32,194.66,9.53,48.57,58.09,NA,NA,1.30,9.14,NA,NA,NA,NA,NA,NA,NA,NA,NA,NA,NA,0.00,NA,NA,NA
2022-07-12 03:00:00,60.29,164.32,29.09,70.58,99.64,NA,NA,1.60,9.03,NA,NA,NA,NA,NA,NA,NA,NA,NA,NA,NA,0.00,NA,NA,NA
2022-07-12 04:00:00,63.84,210.61,46.50,70.81,117.29,NA,NA,1.83,9.79,NA,NA,NA,NA,NA,NA,NA,NA,NA,NA,NA,0.00,NA,NA,NA
2022-07-12 05:00:00,43.99,194.98,29.72,64.23,94.01,NA,NA,1.66,10.05,NA,NA,NA,NA,NA,NA,NA,NA,NA,NA,NA,0.00,NA,NA,NA
2022-07-12 06:00:00,54.70,105.57,6.99,33.72,40.71,NA,NA,1.04,19.26,NA,NA,NA,NA,NA,NA,NA,NA,NA,NA,NA,0.00,NA,NA,NA
2022-07-12 07:00:00,32.95,3.64,6.87,26.18,33.05,NA,NA,0.92,31.08,NA,NA,NA,NA,NA,NA,NA,NA,NA,NA,NA,0.00,NA,NA,NA
2022-07-12 08:00:00,40.37,17.94,8.95,38.71,47.65,NA,NA,0.99,38.38,NA,NA,NA,NA,NA,NA,NA,NA,NA,NA,NA,0.00,NA,NA,NA
2022-07-12 09:00:00,46.46,104.34,7.49,32.96,40.46,NA,NA,0.95,44.37,NA,NA,NA,NA,NA,NA,NA,NA,NA,NA,NA,0.00,NA,NA,NA
2022-07-12 10:00:00,23.72,83.45,6.21,19.13,25.33,NA,NA,0.82,50.41,NA,NA,NA,NA,NA,NA,NA,NA,NA,NA,NA,0.00,NA,NA,NA
2022-07-12 11:00:00,17.24,44.47,6.35,24.75,31.10,NA,NA,0.85,47.93,NA,NA,NA,NA,NA,NA,NA,NA,NA,NA,NA,0.00,NA,NA,NA
2022-07-12 12:00:00,22.16,88.12,6.85,29.83,36.67,NA,NA,0.89,41.44,NA,NA,NA,NA,NA,NA,NA,NA,NA,NA,NA,0.00,NA,NA,NA
2022-07-12 13:00:00,4.26,21.94,7.47,24.42,31.89,NA,NA,0.83,47.34,NA,NA,NA,NA,NA,NA,NA,NA,NA,NA,NA,0.00,NA,NA,NA
2022-07-12 14:00:00,8.01,NA,7.85,22.92,30.77,NA,NA,0.84,65.43,NA,NA,NA,NA,NA,NA,NA,NA,NA,NA,NA,0.00,NA,NA,NA
2022-07-12 15:00:00,20.45,NA,7.50,21.42,28.92,NA,NA,0.86,84.57,NA,NA,NA,NA,NA,NA,NA,NA,NA,NA,NA,0.00,NA,NA,NA
2022-07-12 16:00:00,37.57,66.23,6.83,29.76,36.59,NA,NA,0.95,104.21,NA,NA,NA,NA,NA,NA,NA,NA,NA,NA,NA,0.00,NA,NA,NA
2022-07-12 17:00:00,26.69,40.53,6.61,33.64,40.26,NA,NA,0.96,102.51,NA,NA,NA,NA,NA,NA,NA,NA,NA,NA,NA,0.00,NA,NA,NA
2022-07-12 18:00:00,35.06,79.29,5.83,42.31,48.13,NA,NA,1.21,154.37,NA,NA,NA,NA,NA,NA,NA,NA,NA,NA,NA,0.00,NA,NA,NA
2022-07-12 19:00:00,48.00,129.71,5.24,41.08,46.32,NA,NA,1.19,119.14,NA,NA,NA,NA,NA,NA,NA,NA,NA,NA,NA,0.00,NA,NA,NA
2022-07-12 20:00:00,36.86,141.68,5.28,42.87,48.14,NA,NA,1.14,63.64,NA,NA,NA,NA,NA,NA,NA,NA,NA,NA,NA,0.00,NA,NA,NA
2022-07-12 21:00:00,34.20,167.81,5.41,48.18,53.59,NA,NA,1.22,30.02,NA,NA,NA,NA,NA,NA,NA,NA,NA,NA,NA,0.00,NA,NA,NA
2022-07-12 22:00:00,35.99,152.27,10.34,62.34,72.67,NA,NA,1.31,11.75,NA,NA,NA,NA,NA,NA,NA,NA,NA,NA,NA,0.00,NA,NA,NA
2022-07-12 23:00:00,41.50,119.82,18.33,64.44,82.78,NA,NA,1.40,7.76,NA,NA,NA,NA,NA,NA,NA,NA,NA,NA,NA,0.00,NA,NA,NA
2022-07-13 00:00:00,29.54,105.47,13.41,52.71,66.12,NA,NA,1.35,7.77,NA,NA,NA,NA,NA,NA,NA,NA,NA,NA,NA,0.00,NA,NA,NA
2022-07-13 01:00:00,36.88,101.89,12.58,52.94,65.52,NA,NA,1.39,8.02,NA,NA,NA,NA,NA,NA,NA,NA,NA,NA,NA,0.00,NA,NA,NA
2022-07-13 02:00:00,33.76,104.82,11.52,53.07,64.58,NA,NA,1.42,8.15,NA,NA,NA,NA,NA,NA,NA,NA,NA,NA,NA,0.00,NA,NA,NA
2022-07-13 03:00:00,36.57,164.83,19.12,51.07,70.20,NA,NA,1.36,8.03,NA,NA,NA,NA,NA,NA,NA,NA,NA,NA,NA,0.00,NA,NA,NA
2022-07-13 04:00:00,42.08,177.45,9.70,44.12,53.83,NA,NA,1.19,8.68,NA,NA,NA,NA,NA,NA,NA,NA,NA,NA,NA,0.00,NA,NA,NA
2022-07-13 05:00:00,32.23,90.84,7.86,33.42,41.28,NA,NA,1.09,8.74,NA,NA,NA,NA,NA,NA,NA,NA,NA,NA,NA,0.00,NA,NA,NA
2022-07-13 06:00:00,43.09,252.33,7.95,35.47,43.43,NA,NA,1.06,11.10,NA,NA,NA,NA,NA,NA,NA,NA,NA,NA,NA,0.00,NA,NA,NA
2022-07-13 07:00:00,44.98,153.17,6.50,30.95,37.45,NA,NA,0.92,25.38,NA,NA,NA,NA,NA,NA,NA,NA,NA,NA,NA,0.00,NA,NA,NA
2022-07-13 08:00:00,23.19,34.28,5.68,22.01,27.69,NA,NA,0.79,41.64,NA,NA,NA,NA,NA,NA,NA,NA,NA,NA,NA,0.00,NA,NA,NA
2022-07-13 09:00:00,19.66,103.50,6.31,28.17,34.47,NA,NA,0.82,34.70,NA,NA,NA,NA,NA,NA,NA,NA,NA,NA,NA,0.00,NA,NA,NA
2022-07-13 10:00:00,7.09,57.92,7.73,23.72,31.45,NA,NA,0.82,39.86,NA,NA,NA,NA,NA,NA,NA,NA,NA,NA,NA,0.00,NA,NA,NA
2022-07-13 11:00:00,3.44,NA,8.12,21.86,29.98,NA,NA,0.82,49.53,NA,NA,NA,NA,NA,NA,NA,NA,NA,NA,NA,0.00,NA,NA,NA
2022-07-13 12:00:00,25.55,12.22,7.69,21.71,29.40,NA,NA,0.83,65.69,NA,NA,NA,NA,NA,NA,NA,NA,NA,NA,NA,0.00,NA,NA,NA
2022-07-13 13:00:00,29.16,23.57,7.09,21.97,29.06,NA,NA,0.85,87.34,NA,NA,NA,NA,NA,NA,NA,NA,NA,NA,NA,0.00,NA,NA,NA
2022-07-13 14:00:00,38.48,60.18,6.88,20.64,27.52,NA,NA,0.84,87.87,NA,NA,NA,NA,NA,NA,NA,NA,NA,NA,NA,0.00,NA,NA,NA
2022-07-13 15:00:00,34.48,40.80,6.39,19.53,25.92,NA,NA,0.83,83.29,NA,NA,NA,NA,NA,NA,NA,NA,NA,NA,NA,0.00,NA,NA,NA
2022-07-13 16:00:00,27.17,51.95,6.17,19.40,25.57,NA,NA,0.82,86.65,NA,NA,NA,NA,NA,NA,NA,NA,NA,NA,NA,0.00,NA,NA,NA
2022-07-13 17:00:00,43.51,146.48,5.50,21.70,27.20,NA,NA,0.82,69.52,NA,NA,NA,NA,NA,NA,NA,NA,NA,NA,NA,0.00,NA,NA,NA
2022-07-13 18:00:00,16.82,76.88,5.68,32.82,38.50,NA,NA,0.87,50.62,NA,NA,NA,NA,NA,NA,NA,NA,NA,NA,NA,0.00,NA,NA,NA
2022-07-13 19:00:00,21.89,105.58,5.56,39.30,44.87,NA,NA,0.91,28.16,NA,NA,NA,NA,NA,NA,NA,NA,NA,NA,NA,0.00,NA,NA,NA
2022-07-13 20:00:00,43.80,91.35,6.11,49.19,55.30,NA,NA,1.05,23.05,NA,NA,NA,NA,NA,NA,NA,NA,NA,NA,NA,0.00,NA,NA,NA
2022-07-13 21:00:00,42.31,69.15,6.11,55.08,61.19,NA,NA,1.20,25.17,NA,NA,NA,NA,NA,NA,NA,NA,NA,NA,NA,0.00,NA,NA,NA
2022-07-13 22:00:00,24.70,17.88,5.66,48.52,54.18,NA,NA,1.08,30.86,NA,NA,NA,NA,NA,NA,NA,NA,NA,NA,NA,0.00,NA,NA,NA
2022-07-13 23:00:00,23.12,83.07,5.77,46.15,51.92,NA,NA,1.08,23.69,NA,NA,NA,NA,NA,NA,NA,NA,NA,NA,NA,0.00,NA,NA,NA
2022-07-14 00:00:00,26.92,75.47,5.95,48.26,54.21,NA,NA,1.07,22.20,NA,NA,NA,NA,NA,NA,NA,NA,NA,NA,NA,0.00,NA,NA,NA
2022-07-14 01:00:00,29.46,86.76,6.29,46.73,53.02,NA,NA,1.05,17.81,NA,NA,NA,NA,NA,NA,NA,NA,NA,NA,NA,0.00,NA,NA,NA
2022-07-14 02:00:00,25.07,75.09,6.15,43.91,50.05,NA,NA,0.97,17.04,NA,NA,NA,NA,NA,NA,NA,NA,NA,NA,NA,0.00,NA,NA,NA
2022-07-14 03:00:00,24.71,74.72,5.49,27.31,32.80,NA,NA,0.88,27.09,NA,NA,NA,NA,NA,NA,NA,NA,NA,NA,NA,0.00,NA,NA,NA
2022-07-14 04:00:00,23.17,86.23,5.32,24.83,30.15,NA,NA,0.87,26.42,NA,NA,NA,NA,NA,NA,NA,NA,NA,NA,NA,0.00,NA,NA,NA
2022-07-14 05:00:00,21.83,101.23,5.41,25.87,31.28,NA,NA,0.88,23.91,NA,NA,NA,NA,NA,NA,NA,NA,NA,NA,NA,0.00,NA,NA,NA
2022-07-14 06:00:00,23.48,54.46,5.96,24.07,30.02,NA,NA,0.86,26.74,NA,NA,NA,NA,NA,NA,NA,NA,NA,NA,NA,0.00,NA,NA,NA
2022-07-14 07:00:00,19.95,NA,6.85,22.72,29.56,NA,NA,0.85,36.73,NA,NA,NA,NA,NA,NA,NA,NA,NA,NA,NA,0.00,NA,NA,NA
2022-07-14 08:00:00,23.77,14.59,6.96,21.88,28.84,NA,NA,0.86,50.99,NA,NA,NA,NA,NA,NA,NA,NA,NA,NA,NA,0.00,NA,NA,NA
2022-07-14 09:00:00,28.44,25.34,6.75,19.38,26.14,NA,NA,0.84,62.35,NA,NA,NA,NA,NA,NA,NA,NA,NA,NA,NA,0.00,NA,NA,NA
2022-07-14 10:00:00,27.34,35.65,6.79,19.29,26.08,NA,NA,0.84,68.85,NA,NA,NA,NA,NA,NA,NA,NA,NA,NA,NA,0.00,NA,NA,NA
2022-07-14 11:00:00,25.72,19.59,7.10,18.62,25.72,NA,NA,0.81,75.10,NA,NA,NA,NA,NA,NA,NA,NA,NA,NA,NA,0.00,NA,NA,NA
2022-07-14 12:00:00,28.29,39.33,7.47,18.23,25.69,NA,NA,0.81,80.75,NA,NA,NA,NA,NA,NA,NA,NA,NA,NA,NA,0.00,NA,NA,NA
2022-07-14 13:00:00,29.58,7.04,7.93,17.72,25.66,NA,NA,0.82,74.09,NA,NA,NA,NA,NA,NA,NA,NA,NA,NA,NA,0.00,NA,NA,NA
2022-07-14 14:00:00,32.57,24.53,7.31,18.95,26.25,NA,NA,0.76,49.97,NA,NA,NA,NA,NA,NA,NA,NA,NA,NA,NA,0.00,NA,NA,NA
2022-07-14 15:00:00,22.89,18.40,8.94,27.06,36.00,NA,NA,0.74,26.99,NA,NA,NA,NA,NA,NA,NA,NA,NA,NA,NA,0.00,NA,NA,NA
2022-07-14 16:00:00,20.36,NA,9.20,29.38,38.59,NA,NA,0.74,33.20,NA,NA,NA,NA,NA,NA,NA,NA,NA,NA,NA,0.00,NA,NA,NA
2022-07-14 17:00:00,13.94,NA,7.62,28.83,36.45,NA,NA,0.75,44.67,NA,NA,NA,NA,NA,NA,NA,NA,NA,NA,NA,0.00,NA,NA,NA
2022-07-14 18:00:00,27.44,4.91,5.83,34.11,39.94,NA,NA,0.81,46.12,NA,NA,NA,NA,NA,NA,NA,NA,NA,NA,NA,0.00,NA,NA,NA
2022-07-14 19:00:00,22.80,39.21,5.32,39.48,44.79,NA,NA,0.87,38.37,NA,NA,NA,NA,NA,NA,NA,NA,NA,NA,NA,0.00,NA,NA,NA
2022-07-14 20:00:00,29.16,58.82,5.32,36.66,41.98,NA,NA,0.90,33.40,NA,NA,NA,NA,NA,NA,NA,NA,NA,NA,NA,0.00,NA,NA,NA
2022-07-14 21:00:00,30.90,132.64,5.77,42.44,48.21,NA,NA,0.99,16.13,NA,NA,NA,NA,NA,NA,NA,NA,NA,NA,NA,0.00,NA,NA,NA
2022-07-14 22:00:00,26.43,47.31,6.48,50.91,57.38,NA,NA,1.07,12.15,NA,NA,NA,NA,NA,NA,NA,NA,NA,NA,NA,0.00,NA,NA,NA
2022-07-14 23:00:00,15.66,13.56,6.40,42.19,48.60,NA,NA,0.99,11.27,NA,NA,NA,NA,NA,NA,NA,NA,NA,NA,NA,0.00,NA,NA,NA
2022-07-15 00:00:00,23.67,15.15,6.96,40.21,47.17,NA,NA,0.93,11.12,NA,NA,NA,NA,NA,NA,NA,NA,NA,NA,NA,0.00,NA,NA,NA
2022-07-15 01:00:00,22.85,60.83,10.26,42.31,52.56,NA,NA,0.90,14.15,NA,NA,NA,NA,NA,NA,NA,NA,NA,NA,NA,0.00,NA,NA,NA
2022-07-15 02:00:00,19.87,67.81,9.87,38.66,48.54,NA,NA,0.89,13.72,NA,NA,NA,NA,NA,NA,NA,NA,NA,NA,NA,0.00,NA,NA,NA
2022-07-15 03:00:00,22.32,20.87,5.92,29.20,35.12,NA,NA,0.83,14.63,NA,NA,NA,NA,NA,NA,NA,NA,NA,NA,NA,0.00,NA,NA,NA
2022-07-15 04:00:00,18.53,21.94,5.57,24.45,30.02,NA,NA,0.79,19.39,NA,NA,NA,NA,NA,NA,NA,NA,NA,NA,NA,0.00,NA,NA,NA
2022-07-15 05:00:00,6.11,35.75,5.40,23.26,28.67,NA,NA,0.77,20.54,NA,NA,NA,NA,NA,NA,NA,NA,NA,NA,NA,0.00,NA,NA,NA
2022-07-15 06:00:00,11.39,22.73,6.31,23.61,29.91,NA,NA,0.77,20.37,NA,NA,NA,NA,NA,NA,NA,NA,NA,NA,NA,0.00,NA,NA,NA
2022-07-15 07:00:00,11.36,NA,7.53,24.42,31.94,NA,NA,0.78,28.48,NA,NA,NA,NA,NA,NA,NA,NA,NA,NA,NA,0.00,NA,NA,NA
2022-07-15 08:00:00,17.30,25.40,7.29,22.40,29.70,NA,NA,0.79,42.36,NA,NA,NA,NA,NA,NA,NA,NA,NA,NA,NA,0.00,NA,NA,NA
2022-07-15 09:00:00,22.21,40.26,6.94,20.27,27.21,NA,NA,0.80,57.89,NA,NA,NA,NA,NA,NA,NA,NA,NA,NA,NA,0.00,NA,NA,NA
2022-07-15 10:00:00,34.34,50.52,7.05,19.84,26.90,NA,NA,0.80,65.83,NA,NA,NA,NA,NA,NA,NA,NA,NA,NA,NA,0.00,NA,NA,NA
2022-07-15 11:00:00,31.75,57.70,6.92,19.07,26.00,NA,NA,0.80,72.59,NA,NA,NA,NA,NA,NA,NA,NA,NA,NA,NA,0.00,NA,NA,NA
2022-07-15 12:00:00,22.89,47.78,6.95,18.73,25.69,NA,NA,0.80,78.03,NA,NA,NA,NA,NA,NA,NA,NA,NA,NA,NA,0.00,NA,NA,NA
2022-07-15 13:00:00,24.35,55.82,7.05,18.43,25.48,NA,NA,0.79,78.80,NA,NA,NA,NA,NA,NA,NA,NA,NA,NA,NA,0.00,NA,NA,NA
2022-07-15 14:00:00,23.38,41.00,6.85,17.37,24.22,NA,NA,0.78,69.87,NA,NA,NA,NA,NA,NA,NA,NA,NA,NA,NA,0.00,NA,NA,NA
2022-07-15 15:00:00,18.25,32.75,7.25,17.80,25.05,NA,NA,0.77,71.87,NA,NA,NA,NA,NA,NA,NA,NA,NA,NA,NA,0.00,NA,NA,NA
2022-07-15 16:00:00,25.38,55.22,5.98,17.84,23.82,NA,NA,0.77,70.53,NA,NA,NA,NA,NA,NA,NA,NA,NA,NA,NA,0.00,NA,NA,NA
2022-07-15 17:00:00,18.95,59.44,6.04,19.90,25.93,NA,NA,0.79,72.97,NA,NA,NA,NA,NA,NA,NA,NA,NA,NA,NA,0.00,NA,NA,NA
2022-07-15 18:00:00,23.92,62.07,5.69,21.52,27.21,NA,NA,0.80,65.77,NA,NA,NA,NA,NA,NA,NA,NA,NA,NA,NA,0.00,NA,NA,NA
2022-07-15 19:00:00,32.30,95.69,5.06,31.08,36.14,NA,NA,0.85,52.57,NA,NA,NA,NA,NA,NA,NA,NA,NA,NA,NA,0.00,NA,NA,NA
2022-07-15 20:00:00,29.25,117.63,5.20,35.71,40.90,NA,NA,0.94,42.84,NA,NA,NA,NA,NA,NA,NA,NA,NA,NA,NA,0.00,NA,NA,NA
2022-07-15 21:00:00,23.20,107.06,5.03,23.76,28.78,NA,NA,0.80,41.65,NA,NA,NA,NA,NA,NA,NA,NA,NA,NA,NA,0.00,NA,NA,NA
2022-07-15 22:00:00,17.06,80.47,4.99,29.26,34.26,NA,NA,0.89,30.68,NA,NA,NA,NA,NA,NA,NA,NA,NA,NA,NA,0.00,NA,NA,NA
2022-07-15 23:00:00,39.27,105.30,5.28,30.56,35.84,NA,NA,0.96,31.21,NA,NA,NA,NA,NA,NA,NA,NA,NA,NA,NA,0.00,NA,NA,NA
2022-07-16 00:00:00,36.05,69.53,5.28,27.88,33.16,NA,NA,0.90,31.41,NA,NA,NA,NA,NA,NA,NA,NA,NA,NA,NA,0.00,NA,NA,NA
2022-07-16 01:00:00,24.30,22.75,5.19,21.56,26.75,NA,NA,0.83,38.34,NA,NA,NA,NA,NA,NA,NA,NA,NA,NA,NA,0.00,NA,NA,NA
2022-07-16 02:00:00,15.90,46.10,5.06,21.39,26.45,NA,NA,0.80,39.71,NA,NA,NA,NA,NA,NA,NA,NA,NA,NA,NA,0.00,NA,NA,NA
2022-07-16 03:00:00,20.74,52.64,5.14,22.97,28.11,NA,NA,0.81,35.34,NA,NA,NA,NA,NA,NA,NA,NA,NA,NA,NA,0.00,NA,NA,NA
2022-07-16 04:00:00,27.02,75.01,5.24,26.26,31.50,NA,NA,0.84,28.39,NA,NA,NA,NA,NA,NA,NA,NA,NA,NA,NA,0.00,NA,NA,NA
2022-07-16 05:00:00,37.48,93.62,5.38,27.54,32.92,NA,NA,0.83,22.26,NA,NA,NA,NA,NA,NA,NA,NA,NA,NA,NA,0.00,NA,NA,NA
2022-07-16 06:00:00,15.74,37.12,5.92,23.48,29.40,NA,NA,0.80,29.38,NA,NA,NA,NA,NA,NA,NA,NA,NA,NA,NA,0.00,NA,NA,NA
2022-07-16 07:00:00,5.98,NA,6.60,21.24,27.85,NA,NA,0.79,39.73,NA,NA,NA,NA,NA,NA,NA,NA,NA,NA,NA,0.00,NA,NA,NA
2022-07-16 08:00:00,22.59,22.04,6.69,20.84,27.53,NA,NA,0.81,51.56,NA,NA,NA,NA,NA,NA,NA,NA,NA,NA,NA,0.00,NA,NA,NA
2022-07-16 09:00:00,27.02,56.34,6.74,20.42,27.16,NA,NA,0.83,61.76,NA,NA,NA,NA,NA,NA,NA,NA,NA,NA,NA,0.00,NA,NA,NA
2022-07-16 10:00:00,18.76,15.16,6.96,19.77,26.73,NA,NA,0.83,69.00,NA,NA,NA,NA,NA,NA,NA,NA,NA,NA,NA,0.00,NA,NA,NA
2022-07-16 11:00:00,34.87,55.13,6.69,19.44,26.12,NA,NA,0.83,79.58,NA,NA,NA,NA,NA,NA,NA,NA,NA,NA,NA,0.00,NA,NA,NA
2022-07-16 12:00:00,34.57,63.76,5.80,17.40,23.19,NA,NA,0.79,61.00,NA,NA,NA,NA,NA,NA,NA,NA,NA,NA,NA,0.00,NA,NA,NA
2022-07-16 13:00:00,21.18,149.32,5.11,18.30,23.42,NA,NA,0.75,42.81,NA,NA,NA,NA,NA,NA,NA,NA,NA,NA,NA,0.00,NA,NA,NA
2022-07-16 14:00:00,17.57,50.54,5.97,21.08,27.05,NA,NA,0.73,37.06,NA,NA,NA,NA,NA,NA,NA,NA,NA,NA,NA,0.00,NA,NA,NA
2022-07-16 15:00:00,37.25,14.35,8.58,31.10,39.68,NA,NA,0.79,24.58,NA,NA,NA,NA,NA,NA,NA,NA,NA,NA,NA,0.00,NA,NA,NA
2022-07-16 16:00:00,38.36,51.19,9.06,34.11,43.17,NA,NA,0.81,23.57,NA,NA,NA,NA,NA,NA,NA,NA,NA,NA,NA,0.00,NA,NA,NA
2022-07-16 17:00:00,16.53,125.16,9.37,43.38,52.74,NA,NA,0.86,17.89,NA,NA,NA,NA,NA,NA,NA,NA,NA,NA,NA,0.00,NA,NA,NA
2022-07-16 18:00:00,0.10,58.03,6.55,31.43,37.98,NA,NA,0.81,27.47,NA,NA,NA,NA,NA,NA,NA,NA,NA,NA,NA,0.00,NA,NA,NA
2022-07-16 19:00:00,1.22,61.76,6.01,36.52,42.53,NA,NA,0.88,18.71,NA,NA,NA,NA,NA,NA,NA,NA,NA,NA,NA,0.00,NA,NA,NA
2022-07-16 20:00:00,5.89,87.80,5.94,38.02,43.95,NA,NA,0.95,13.99,NA,NA,NA,NA,NA,NA,NA,NA,NA,NA,NA,0.00,NA,NA,NA
2022-07-16 21:00:00,34.25,66.78,6.28,34.70,40.98,NA,NA,0.92,14.41,NA,NA,NA,NA,NA,NA,NA,NA,NA,NA,NA,0.00,NA,NA,NA
2022-07-16 22:00:00,23.69,82.62,6.00,34.56,40.56,NA,NA,0.94,12.92,NA,NA,NA,NA,NA,NA,NA,NA,NA,NA,NA,0.00,NA,NA,NA
2022-07-16 23:00:00,6.74,68.32,5.83,31.89,37.72,NA,NA,0.91,13.65,NA,NA,NA,NA,NA,NA,NA,NA,NA,NA,NA,0.00,NA,NA,NA
2022-07-17 00:00:00,16.42,56.11,6.09,33.27,39.35,NA,NA,0.94,11.08,NA,NA,NA,NA,NA,NA,NA,NA,NA,NA,NA,0.00,NA,NA,NA
2022-07-17 01:00:00,18.40,100.88,6.47,35.23,41.71,NA,NA,0.96,10.44,NA,NA,NA,NA,NA,NA,NA,NA,NA,NA,NA,0.00,NA,NA,NA
2022-07-17 02:00:00,31.04,94.96,6.04,31.28,37.33,NA,NA,0.89,14.00,NA,NA,NA,NA,NA,NA,NA,NA,NA,NA,NA,0.00,NA,NA,NA
2022-07-17 03:00:00,19.03,61.56,6.10,24.88,30.98,NA,NA,0.86,11.98,NA,NA,NA,NA,NA,NA,NA,NA,NA,NA,NA,0.00,NA,NA,NA
2022-07-17 04:00:00,16.28,74.93,5.52,22.21,27.74,NA,NA,0.81,19.06,NA,NA,NA,NA,NA,NA,NA,NA,NA,NA,NA,0.00,NA,NA,NA
2022-07-17 05:00:00,15.67,21.16,5.41,19.41,24.81,NA,NA,0.77,34.40,NA,NA,NA,NA,NA,NA,NA,NA,NA,NA,NA,0.00,NA,NA,NA
2022-07-17 06:00:00,9.17,5.76,5.44,18.61,24.05,NA,NA,0.76,40.20,NA,NA,NA,NA,NA,NA,NA,NA,NA,NA,NA,0.00,NA,NA,NA
2022-07-17 07:00:00,2.32,41.90,5.41,17.98,23.39,NA,NA,0.76,40.09,NA,NA,NA,NA,NA,NA,NA,NA,NA,NA,NA,0.00,NA,NA,NA
2022-07-17 08:00:00,1.84,60.81,5.64,18.75,24.40,NA,NA,0.76,38.01,NA,NA,NA,NA,NA,NA,NA,NA,NA,NA,NA,0.00,NA,NA,NA
2022-07-17 09:00:00,2.82,66.97,7.15,19.05,26.21,NA,NA,0.77,36.75,NA,NA,NA,NA,NA,NA,NA,NA,NA,NA,NA,0.00,NA,NA,NA
2022-07-17 10:00:00,10.12,NA,7.25,19.00,26.26,NA,NA,0.79,48.18,NA,NA,NA,NA,NA,NA,NA,NA,NA,NA,NA,0.00,NA,NA,NA
2022-07-17 11:00:00,30.81,23.34,7.23,20.81,28.05,NA,NA,0.84,67.44,NA,NA,NA,NA,NA,NA,NA,NA,NA,NA,NA,0.00,NA,NA,NA
2022-07-17 12:00:00,33.10,36.30,7.61,21.47,29.07,NA,NA,0.85,76.67,NA,NA,NA,NA,NA,NA,NA,NA,NA,NA,NA,0.00,NA,NA,NA
2022-07-17 13:00:00,67.04,39.60,8.09,19.77,27.85,NA,NA,0.79,71.99,NA,NA,NA,NA,NA,NA,NA,NA,NA,NA,NA,0.00,NA,NA,NA
2022-07-17 14:00:00,46.08,46.85,7.65,19.07,26.72,NA,NA,0.80,72.92,NA,NA,NA,NA,NA,NA,NA,NA,NA,NA,NA,0.00,NA,NA,NA
2022-07-17 15:00:00,22.68,35.76,6.88,18.63,25.51,NA,NA,0.81,73.88,NA,NA,NA,NA,NA,NA,NA,NA,NA,NA,NA,0.00,NA,NA,NA
2022-07-17 16:00:00,15.47,24.14,6.68,18.92,25.63,NA,NA,0.81,76.11,NA,NA,NA,NA,NA,NA,NA,NA,NA,NA,NA,0.00,NA,NA,NA
2022-07-17 17:00:00,47.53,144.02,6.21,31.73,37.94,NA,NA,0.98,102.34,NA,NA,NA,NA,NA,NA,NA,NA,NA,NA,NA,0.00,NA,NA,NA
2022-07-17 18:00:00,35.57,122.68,5.85,31.93,37.78,NA,NA,0.98,82.53,NA,NA,NA,NA,NA,NA,NA,NA,NA,NA,NA,0.00,NA,NA,NA
2022-07-17 19:00:00,30.85,195.64,5.50,31.90,37.39,NA,NA,0.99,56.61,NA,NA,NA,NA,NA,NA,NA,NA,NA,NA,NA,0.00,NA,NA,NA
2022-07-17 20:00:00,41.78,150.06,5.63,38.07,43.73,NA,NA,1.05,31.33,NA,NA,NA,NA,NA,NA,NA,NA,NA,NA,NA,0.00,NA,NA,NA
2022-07-17 21:00:00,42.64,165.69,6.01,39.37,45.38,NA,NA,1.11,17.85,NA,NA,NA,NA,NA,NA,NA,NA,NA,NA,NA,0.00,NA,NA,NA
2022-07-17 22:00:00,32.36,153.02,6.01,46.44,52.47,NA,NA,1.25,17.25,NA,NA,NA,NA,NA,NA,NA,NA,NA,NA,NA,0.00,NA,NA,NA
2022-07-17 23:00:00,30.01,22.87,5.91,48.84,54.73,NA,NA,1.26,16.74,NA,NA,NA,NA,NA,NA,NA,NA,NA,NA,NA,0.00,NA,NA,NA
2022-07-18 00:00:00,35.07,28.10,5.79,38.19,43.95,NA,NA,1.09,20.55,NA,NA,NA,NA,NA,NA,NA,NA,NA,NA,NA,0.00,NA,NA,NA
2022-07-18 01:00:00,34.67,60.58,5.74,33.80,39.55,NA,NA,0.92,31.98,NA,NA,NA,NA,NA,NA,NA,NA,NA,NA,NA,0.00,NA,NA,NA
2022-07-18 02:00:00,35.60,168.67,5.78,34.60,40.37,NA,NA,0.92,31.64,NA,NA,NA,NA,NA,NA,NA,NA,NA,NA,NA,0.00,NA,NA,NA
2022-07-18 03:00:00,32.48,209.43,5.99,31.86,37.84,NA,NA,0.92,27.94,NA,NA,NA,NA,NA,NA,NA,NA,NA,NA,NA,0.00,NA,NA,NA
2022-07-18 04:00:00,30.53,229.81,9.36,32.38,41.76,NA,NA,0.93,21.04,NA,NA,NA,NA,NA,NA,NA,NA,NA,NA,NA,0.00,NA,NA,NA
2022-07-18 05:00:00,41.15,148.14,8.68,29.96,38.63,NA,NA,0.92,18.28,NA,NA,NA,NA,NA,NA,NA,NA,NA,NA,NA,0.00,NA,NA,NA
2022-07-18 06:00:00,37.33,170.28,12.40,29.88,42.29,NA,NA,0.94,16.71,NA,NA,NA,NA,NA,NA,NA,NA,NA,NA,NA,0.00,NA,NA,NA
2022-07-18 07:00:00,39.06,26.07,11.46,34.88,46.35,NA,NA,1.00,20.75,NA,NA,NA,NA,NA,NA,NA,NA,NA,NA,NA,0.00,NA,NA,NA
2022-07-18 08:00:00,49.86,35.17,8.82,33.08,41.87,NA,NA,0.99,36.75,NA,NA,NA,NA,NA,NA,NA,NA,NA,NA,NA,0.00,NA,NA,NA
2022-07-18 09:00:00,51.73,74.64,7.13,23.30,30.42,NA,NA,0.91,53.88,NA,NA,NA,NA,NA,NA,NA,NA,NA,NA,NA,0.00,NA,NA,NA
2022-07-18 10:00:00,35.09,47.75,7.09,23.03,30.13,NA,NA,0.91,64.70,NA,NA,NA,NA,NA,NA,NA,NA,NA,NA,NA,0.00,NA,NA,NA
2022-07-18 11:00:00,48.08,63.39,6.96,20.81,27.76,NA,NA,0.86,73.10,NA,NA,NA,NA,NA,NA,NA,NA,NA,NA,NA,0.00,NA,NA,NA
2022-07-18 12:00:00,32.57,37.06,7.13,20.28,27.41,NA,NA,0.85,75.22,NA,NA,NA,NA,NA,NA,NA,NA,NA,NA,NA,0.00,NA,NA,NA
2022-07-18 13:00:00,36.43,41.71,7.28,19.28,26.55,NA,NA,0.82,73.95,NA,NA,NA,NA,NA,NA,NA,NA,NA,NA,NA,0.00,NA,NA,NA
2022-07-18 14:00:00,33.39,28.25,7.16,18.08,25.25,NA,NA,0.81,75.21,NA,NA,NA,NA,NA,NA,NA,NA,NA,NA,NA,0.00,NA,NA,NA
2022-07-18 15:00:00,32.77,37.97,6.88,18.01,24.89,NA,NA,0.80,75.80,NA,NA,NA,NA,NA,NA,NA,NA,NA,NA,NA,0.00,NA,NA,NA
2022-07-18 16:00:00,27.92,33.72,6.62,17.52,24.14,NA,NA,0.79,72.51,NA,NA,NA,NA,NA,NA,NA,NA,NA,NA,NA,0.00,NA,NA,NA
2022-07-18 17:00:00,32.56,85.89,5.67,18.26,23.93,NA,NA,0.79,67.22,NA,NA,NA,NA,NA,NA,NA,NA,NA,NA,NA,0.00,NA,NA,NA
2022-07-18 18:00:00,32.94,102.50,5.46,21.91,27.37,NA,NA,0.82,62.84,NA,NA,NA,NA,NA,NA,NA,NA,NA,NA,NA,0.00,NA,NA,NA
2022-07-18 19:00:00,41.64,250.27,5.28,23.23,28.51,NA,NA,0.84,38.30,NA,NA,NA,NA,NA,NA,NA,NA,NA,NA,NA,0.00,NA,NA,NA
2022-07-18 20:00:00,31.56,215.87,5.53,24.18,29.70,NA,NA,0.86,24.86,NA,NA,NA,NA,NA,NA,NA,NA,NA,NA,NA,0.00,NA,NA,NA
2022-07-18 21:00:00,50.63,150.79,5.88,26.17,32.05,NA,NA,0.89,19.02,NA,NA,NA,NA,NA,NA,NA,NA,NA,NA,NA,0.00,NA,NA,NA
2022-07-18 22:00:00,38.37,204.40,6.78,42.69,49.47,NA,NA,1.10,10.76,NA,NA,NA,NA,NA,NA,NA,NA,NA,NA,NA,0.00,NA,NA,NA
2022-07-18 23:00:00,44.69,62.88,9.92,54.05,63.96,NA,NA,1.24,9.38,NA,NA,NA,NA,NA,NA,NA,NA,NA,NA,NA,0.00,NA,NA,NA
2022-07-19 00:00:00,39.46,71.58,8.71,52.89,61.60,NA,NA,1.34,16.16,NA,NA,NA,NA,NA,NA,NA,NA,NA,NA,NA,0.00,NA,NA,NA
2022-07-19 01:00:00,42.13,175.19,9.37,47.36,56.73,NA,NA,1.34,19.35,NA,NA,NA,NA,NA,NA,NA,NA,NA,NA,NA,0.00,NA,NA,NA
2022-07-19 02:00:00,46.64,133.09,7.11,47.42,54.52,NA,NA,1.18,13.49,NA,NA,NA,NA,NA,NA,NA,NA,NA,NA,NA,0.00,NA,NA,NA
2022-07-19 03:00:00,44.65,134.00,6.60,42.21,48.81,NA,NA,1.11,12.86,NA,NA,NA,NA,NA,NA,NA,NA,NA,NA,NA,0.00,NA,NA,NA
2022-07-19 04:00:00,50.06,185.27,5.97,32.92,38.90,NA,NA,1.02,13.97,NA,NA,NA,NA,NA,NA,NA,NA,NA,NA,NA,0.00,NA,NA,NA
2022-07-19 05:00:00,34.67,109.82,5.89,30.93,36.82,NA,NA,0.96,14.94,NA,NA,NA,NA,NA,NA,NA,NA,NA,NA,NA,0.00,NA,NA,NA
2022-07-19 06:00:00,37.57,84.07,7.09,28.03,35.12,NA,NA,0.88,17.55,NA,NA,NA,NA,NA,NA,NA,NA,NA,NA,NA,0.00,NA,NA,NA
2022-07-19 07:00:00,31.39,NA,7.40,25.24,32.64,NA,NA,0.91,27.80,NA,NA,NA,NA,NA,NA,NA,NA,NA,NA,NA,0.00,NA,NA,NA
2022-07-19 08:00:00,42.45,6.20,7.45,21.65,29.10,NA,NA,0.87,41.77,NA,NA,NA,NA,NA,NA,NA,NA,NA,NA,NA,0.00,NA,NA,NA
2022-07-19 09:00:00,49.59,34.49,7.39,20.77,28.16,NA,NA,0.83,53.45,NA,NA,NA,NA,NA,NA,NA,NA,NA,NA,NA,0.00,NA,NA,NA
2022-07-19 10:00:00,37.31,23.43,7.45,19.93,27.38,NA,NA,0.82,63.93,NA,NA,NA,NA,NA,NA,NA,NA,NA,NA,NA,0.00,NA,NA,NA
2022-07-19 11:00:00,23.24,15.28,10.55,19.45,29.99,NA,NA,0.81,68.84,NA,NA,NA,NA,NA,NA,NA,NA,NA,NA,NA,0.00,NA,NA,NA
2022-07-19 12:00:00,20.86,30.16,12.27,20.06,32.33,NA,NA,0.78,68.85,NA,NA,NA,NA,NA,NA,NA,NA,NA,NA,NA,0.00,NA,NA,NA
2022-07-19 13:00:00,57.12,82.10,12.07,21.17,33.24,NA,NA,0.73,68.80,NA,NA,NA,NA,NA,NA,NA,NA,NA,NA,NA,0.00,NA,NA,NA
2022-07-19 14:00:00,50.48,77.83,14.17,23.37,37.55,NA,NA,0.70,67.58,NA,NA,NA,NA,NA,NA,NA,NA,NA,NA,NA,0.00,NA,NA,NA
2022-07-19 15:00:00,77.70,148.47,7.92,22.30,30.22,NA,NA,0.69,67.62,NA,NA,NA,NA,NA,NA,NA,NA,NA,NA,NA,0.00,NA,NA,NA
2022-07-19 16:00:00,16.40,76.54,9.85,19.44,29.29,NA,NA,0.67,61.97,NA,NA,NA,NA,NA,NA,NA,NA,NA,NA,NA,0.00,NA,NA,NA
2022-07-19 17:00:00,2.32,18.24,7.75,19.00,26.76,NA,NA,0.69,59.43,NA,NA,NA,NA,NA,NA,NA,NA,NA,NA,NA,0.00,NA,NA,NA
2022-07-19 18:00:00,5.51,29.91,6.90,26.17,33.08,NA,NA,0.74,42.80,NA,NA,NA,NA,NA,NA,NA,NA,NA,NA,NA,0.00,NA,NA,NA
2022-07-19 19:00:00,23.61,96.43,6.19,36.81,43.01,NA,NA,0.89,38.96,NA,NA,NA,NA,NA,NA,NA,NA,NA,NA,NA,0.00,NA,NA,NA
2022-07-19 20:00:00,8.02,161.77,5.60,36.60,42.21,NA,NA,1.01,31.31,NA,NA,NA,NA,NA,NA,NA,NA,NA,NA,NA,0.00,NA,NA,NA
2022-07-19 21:00:00,13.62,340.91,5.15,40.64,45.80,NA,NA,1.14,25.98,NA,NA,NA,NA,NA,NA,NA,NA,NA,NA,NA,0.00,NA,NA,NA
2022-07-19 22:00:00,33.96,368.68,5.20,39.61,44.81,NA,NA,1.09,31.74,NA,NA,NA,NA,NA,NA,NA,NA,NA,NA,NA,0.00,NA,NA,NA
2022-07-19 23:00:00,32.16,184.66,5.18,35.19,40.36,NA,NA,1.03,33.61,NA,NA,NA,NA,NA,NA,NA,NA,NA,NA,NA,0.00,NA,NA,NA
2022-07-20 00:00:00,44.48,360.91,5.07,34.02,39.09,NA,NA,1.04,26.75,NA,NA,NA,NA,NA,NA,NA,NA,NA,NA,NA,0.00,NA,NA,NA
2022-07-20 01:00:00,54.41,517.90,5.34,34.64,39.98,NA,NA,1.02,19.00,NA,NA,NA,NA,NA,NA,NA,NA,NA,NA,NA,0.00,NA,NA,NA
2022-07-20 02:00:00,55.92,624.48,5.20,24.74,29.94,NA,NA,0.97,25.18,NA,NA,NA,NA,NA,NA,NA,NA,NA,NA,NA,0.00,NA,NA,NA
2022-07-20 03:00:00,42.61,693.51,5.70,26.33,32.03,NA,NA,0.96,13.88,NA,NA,NA,NA,NA,NA,NA,NA,NA,NA,NA,0.00,NA,NA,NA
2022-07-20 04:00:00,42.90,928.08,6.30,27.95,34.24,NA,NA,0.97,11.22,NA,NA,NA,NA,NA,NA,NA,NA,NA,NA,NA,0.00,NA,NA,NA
2022-07-20 05:00:00,51.63,949.71,6.41,29.47,35.89,NA,NA,0.98,11.00,NA,NA,NA,NA,NA,NA,NA,NA,NA,NA,NA,0.00,NA,NA,NA
2022-07-20 06:00:00,49.22,NA,7.72,29.39,37.11,NA,NA,0.97,14.09,NA,NA,NA,NA,NA,NA,NA,NA,NA,NA,NA,0.00,NA,NA,NA
2022-07-20 07:00:00,49.96,410.91,7.26,29.23,36.49,NA,NA,0.95,23.77,NA,NA,NA,NA,NA,NA,NA,NA,NA,NA,NA,0.00,NA,NA,NA
2022-07-20 08:00:00,47.49,NA,7.64,24.91,32.55,NA,NA,0.89,38.23,NA,NA,NA,NA,NA,NA,NA,NA,NA,NA,NA,0.00,NA,NA,NA
2022-07-20 09:00:00,15.73,NA,8.83,25.47,34.30,NA,NA,0.92,46.75,NA,NA,NA,NA,NA,NA,NA,NA,NA,NA,NA,0.00,NA,NA,NA
2022-07-20 10:00:00,17.24,7.26,8.59,23.67,32.27,NA,NA,0.92,58.80,NA,NA,NA,NA,NA,NA,NA,NA,NA,NA,NA,0.00,NA,NA,NA
2022-07-20 11:00:00,23.35,1.61,7.79,21.34,29.14,NA,NA,0.89,61.54,NA,NA,NA,NA,NA,NA,NA,NA,NA,NA,NA,0.00,NA,NA,NA
2022-07-20 12:00:00,12.69,8.37,7.82,20.33,28.15,NA,NA,0.87,65.06,NA,NA,NA,NA,NA,NA,NA,NA,NA,NA,NA,0.00,NA,NA,NA
2022-07-20 13:00:00,25.55,52.67,6.32,21.13,27.45,NA,NA,0.87,62.72,NA,NA,NA,NA,NA,NA,NA,NA,NA,NA,NA,0.00,NA,NA,NA
2022-07-20 14:00:00,23.73,191.27,5.35,19.39,24.74,NA,NA,0.81,42.99,NA,NA,NA,NA,NA,NA,NA,NA,NA,NA,NA,0.00,NA,NA,NA
2022-07-20 15:00:00,25.97,137.52,6.11,21.35,27.46,NA,NA,0.80,38.30,NA,NA,NA,NA,NA,NA,NA,NA,NA,NA,NA,0.00,NA,NA,NA
2022-07-20 16:00:00,7.60,348.83,6.31,28.19,34.50,NA,NA,0.85,30.90,NA,NA,NA,NA,NA,NA,NA,NA,NA,NA,NA,0.00,NA,NA,NA
2022-07-20 17:00:00,5.84,15.53,6.13,26.47,32.60,NA,NA,0.87,27.01,NA,NA,NA,NA,NA,NA,NA,NA,NA,NA,NA,0.00,NA,NA,NA
2022-07-20 18:00:00,4.51,66.87,5.70,24.15,29.85,NA,NA,0.85,24.95,NA,NA,NA,NA,NA,NA,NA,NA,NA,NA,NA,0.00,NA,NA,NA
2022-07-20 19:00:00,14.21,339.81,5.34,27.85,33.19,NA,NA,0.87,23.86,NA,NA,NA,NA,NA,NA,NA,NA,NA,NA,NA,0.00,NA,NA,NA
2022-07-20 20:00:00,12.59,170.89,5.36,37.21,42.57,NA,NA,0.98,20.15,NA,NA,NA,NA,NA,NA,NA,NA,NA,NA,NA,0.00,NA,NA,NA
2022-07-20 21:00:00,12.64,168.99,6.14,37.52,43.66,NA,NA,0.98,14.42,NA,NA,NA,NA,NA,NA,NA,NA,NA,NA,NA,0.00,NA,NA,NA
2022-07-20 22:00:00,20.52,304.50,5.60,30.89,36.49,NA,NA,0.88,18.08,NA,NA,NA,NA,NA,NA,NA,NA,NA,NA,NA,0.00,NA,NA,NA
2022-07-20 23:00:00,8.32,20.16,5.96,31.49,37.46,NA,NA,0.87,13.46,NA,NA,NA,NA,NA,NA,NA,NA,NA,NA,NA,0.00,NA,NA,NA
2022-07-21 00:00:00,22.81,108.38,6.42,29.07,35.49,NA,NA,0.87,12.03,NA,NA,NA,NA,NA,NA,NA,NA,NA,NA,NA,0.00,NA,NA,NA
2022-07-21 01:00:00,11.34,NA,7.14,30.85,37.99,NA,NA,0.90,11.31,NA,NA,NA,NA,NA,NA,NA,NA,NA,NA,NA,0.00,NA,NA,NA
2022-07-21 02:00:00,23.36,NA,6.44,28.21,34.65,NA,NA,0.90,13.90,NA,NA,NA,NA,NA,NA,NA,NA,NA,NA,NA,0.00,NA,NA,NA
2022-07-21 03:00:00,13.92,NA,6.13,26.49,32.62,NA,NA,0.88,15.86,NA,NA,NA,NA,NA,NA,NA,NA,NA,NA,NA,0.00,NA,NA,NA
2022-07-21 04:00:00,18.91,NA,6.23,27.35,33.57,NA,NA,0.88,14.64,NA,NA,NA,NA,NA,NA,NA,NA,NA,NA,NA,0.00,NA,NA,NA
2022-07-21 05:00:00,13.04,NA,6.93,25.97,32.90,NA,NA,0.89,12.11,NA,NA,NA,NA,NA,NA,NA,NA,NA,NA,NA,0.00,NA,NA,NA
2022-07-21 06:00:00,22.18,NA,7.93,27.00,34.93,NA,NA,0.89,12.54,NA,NA,NA,NA,NA,NA,NA,NA,NA,NA,NA,0.00,NA,NA,NA
2022-07-21 07:00:00,20.77,NA,10.46,28.59,39.05,NA,NA,0.94,17.18,NA,NA,NA,NA,NA,NA,NA,NA,NA,NA,NA,0.00,NA,NA,NA
2022-07-21 08:00:00,31.62,NA,8.17,26.34,34.51,NA,NA,0.92,29.52,NA,NA,NA,NA,NA,NA,NA,NA,NA,NA,NA,0.00,NA,NA,NA
2022-07-21 09:00:00,43.24,NA,10.62,41.64,52.25,NA,NA,0.99,34.50,NA,NA,NA,NA,NA,NA,NA,NA,NA,NA,NA,0.00,NA,NA,NA
2022-07-21 10:00:00,18.17,NA,11.39,39.71,51.10,NA,NA,1.02,43.96,NA,NA,NA,NA,NA,NA,NA,NA,NA,NA,NA,0.00,NA,NA,NA
2022-07-21 11:00:00,20.49,NA,10.32,35.58,45.91,NA,NA,0.97,63.14,NA,NA,NA,NA,NA,NA,NA,NA,NA,NA,NA,0.00,NA,NA,NA
2022-07-21 12:00:00,10.77,NA,9.55,27.69,37.25,NA,NA,0.95,92.22,NA,NA,NA,NA,NA,NA,NA,NA,NA,NA,NA,0.00,NA,NA,NA
2022-07-21 13:00:00,33.19,NA,8.09,26.18,34.27,NA,NA,0.92,88.57,NA,NA,NA,NA,NA,NA,NA,NA,NA,NA,NA,0.00,NA,NA,NA
2022-07-21 14:00:00,24.14,NA,9.49,26.87,36.36,NA,NA,0.86,77.28,NA,NA,NA,NA,NA,NA,NA,NA,NA,NA,NA,0.00,NA,NA,NA
2022-07-21 15:00:00,38.36,47.06,8.84,28.47,37.31,NA,NA,0.87,108.35,NA,NA,NA,NA,NA,NA,NA,NA,NA,NA,NA,0.00,NA,NA,NA
2022-07-21 16:00:00,52.10,66.03,9.79,27.09,36.87,NA,NA,0.69,121.35,NA,NA,NA,NA,NA,NA,NA,NA,NA,NA,NA,0.00,NA,NA,NA
2022-07-21 17:00:00,90.50,122.83,6.31,26.48,32.80,NA,NA,0.67,119.14,NA,NA,NA,NA,NA,NA,NA,NA,NA,NA,NA,0.00,NA,NA,NA
2022-07-21 18:00:00,79.49,85.56,6.45,26.96,33.41,NA,NA,0.68,95.99,NA,NA,NA,NA,NA,NA,NA,NA,NA,NA,NA,0.00,NA,NA,NA
2022-07-21 19:00:00,32.00,25.93,6.07,29.67,35.73,NA,NA,0.76,84.00,NA,NA,NA,NA,NA,NA,NA,NA,NA,NA,NA,0.00,NA,NA,NA
2022-07-21 20:00:00,16.10,4.06,6.29,24.20,30.49,NA,NA,0.71,38.87,NA,NA,NA,NA,NA,NA,NA,NA,NA,NA,NA,0.00,NA,NA,NA
2022-07-21 21:00:00,12.29,14.54,6.28,25.47,31.75,NA,NA,0.69,18.55,NA,NA,NA,NA,NA,NA,NA,NA,NA,NA,NA,0.00,NA,NA,NA
2022-07-21 22:00:00,21.45,25.56,7.04,27.19,34.23,NA,NA,0.71,10.88,NA,NA,NA,NA,NA,NA,NA,NA,NA,NA,NA,0.00,NA,NA,NA
2022-07-21 23:00:00,21.80,27.77,7.78,30.71,38.50,NA,NA,0.73,11.19,NA,NA,NA,NA,NA,NA,NA,NA,NA,NA,NA,0.00,NA,NA,NA
2022-07-22 00:00:00,29.30,49.37,6.50,28.41,34.90,NA,NA,0.74,17.27,NA,NA,NA,NA,NA,NA,NA,NA,NA,NA,NA,0.00,NA,NA,NA
2022-07-22 01:00:00,43.63,80.22,6.22,28.16,34.38,NA,NA,0.74,24.20,NA,NA,NA,NA,NA,NA,NA,NA,NA,NA,NA,0.00,NA,NA,NA
2022-07-22 02:00:00,42.95,92.31,7.15,27.83,34.98,NA,NA,0.77,13.01,NA,NA,NA,NA,NA,NA,NA,NA,NA,NA,NA,0.00,NA,NA,NA
2022-07-22 03:00:00,66.61,113.67,7.07,31.18,38.25,NA,NA,0.91,10.58,NA,NA,NA,NA,NA,NA,NA,NA,NA,NA,NA,0.00,NA,NA,NA
2022-07-22 04:00:00,64.93,96.81,7.56,33.48,41.05,NA,NA,0.85,12.31,NA,NA,NA,NA,NA,NA,NA,NA,NA,NA,NA,0.00,NA,NA,NA
2022-07-22 05:00:00,63.06,113.79,7.09,33.37,40.46,NA,NA,0.93,12.71,NA,NA,NA,NA,NA,NA,NA,NA,NA,NA,NA,0.00,NA,NA,NA
2022-07-22 06:00:00,70.04,106.60,7.15,26.36,33.50,NA,NA,0.87,18.43,NA,NA,NA,NA,NA,NA,NA,NA,NA,NA,NA,0.00,NA,NA,NA
2022-07-22 07:00:00,72.00,94.94,8.36,30.86,39.22,NA,NA,0.93,23.02,NA,NA,NA,NA,NA,NA,NA,NA,NA,NA,NA,0.00,NA,NA,NA
2022-07-22 08:00:00,79.77,127.89,8.50,28.11,36.61,NA,NA,0.90,30.57,NA,NA,NA,NA,NA,NA,NA,NA,NA,NA,NA,0.00,NA,NA,NA
2022-07-22 09:00:00,55.42,85.01,8.31,23.25,31.55,NA,NA,0.80,48.71,NA,NA,NA,NA,NA,NA,NA,NA,NA,NA,NA,0.00,NA,NA,NA
2022-07-22 10:00:00,52.31,71.45,8.00,23.46,31.46,NA,NA,0.77,55.62,NA,NA,NA,NA,NA,NA,NA,NA,NA,NA,NA,0.00,NA,NA,NA
2022-07-22 11:00:00,49.05,90.25,8.09,22.07,30.16,NA,NA,0.73,62.33,NA,NA,NA,NA,NA,NA,NA,NA,NA,NA,NA,0.00,NA,NA,NA
2022-07-22 12:00:00,41.68,73.94,7.74,19.13,26.87,NA,NA,0.69,65.40,NA,NA,NA,NA,NA,NA,NA,NA,NA,NA,NA,0.00,NA,NA,NA
2022-07-22 13:00:00,27.77,45.40,7.64,21.14,28.77,NA,NA,0.68,60.56,NA,NA,NA,NA,NA,NA,NA,NA,NA,NA,NA,0.00,NA,NA,NA
2022-07-22 14:00:00,32.87,47.93,9.45,26.36,35.81,NA,NA,0.71,67.73,NA,NA,NA,NA,NA,NA,NA,NA,NA,NA,NA,0.00,NA,NA,NA
2022-07-22 15:00:00,26.00,47.77,7.26,21.36,28.62,NA,NA,0.71,76.56,NA,NA,NA,NA,NA,NA,NA,NA,NA,NA,NA,0.00,NA,NA,NA
2022-07-22 16:00:00,45.76,72.95,6.68,20.82,27.50,NA,NA,0.70,50.53,NA,NA,NA,NA,NA,NA,NA,NA,NA,NA,NA,0.00,NA,NA,NA
2022-07-22 17:00:00,5.32,11.03,6.72,20.00,26.71,NA,NA,0.66,36.40,NA,NA,NA,NA,NA,NA,NA,NA,NA,NA,NA,0.00,NA,NA,NA
2022-07-22 18:00:00,14.21,24.71,6.49,21.41,27.90,NA,NA,0.69,37.34,NA,NA,NA,NA,NA,NA,NA,NA,NA,NA,NA,0.00,NA,NA,NA
2022-07-22 19:00:00,22.61,44.30,6.37,22.09,28.46,NA,NA,0.69,26.67,NA,NA,NA,NA,NA,NA,NA,NA,NA,NA,NA,0.00,NA,NA,NA
2022-07-22 20:00:00,26.17,42.27,6.31,22.82,29.12,NA,NA,0.71,24.76,NA,NA,NA,NA,NA,NA,NA,NA,NA,NA,NA,0.00,NA,NA,NA
2022-07-22 21:00:00,22.15,49.31,6.11,29.69,35.80,NA,NA,0.80,17.40,NA,NA,NA,NA,NA,NA,NA,NA,NA,NA,NA,0.00,NA,NA,NA
2022-07-22 22:00:00,31.85,54.15,6.24,32.01,38.25,NA,NA,0.87,13.97,NA,NA,NA,NA,NA,NA,NA,NA,NA,NA,NA,0.00,NA,NA,NA
2022-07-22 23:00:00,16.71,28.47,6.11,27.35,33.47,NA,NA,0.78,19.18,NA,NA,NA,NA,NA,NA,NA,NA,NA,NA,NA,0.00,NA,NA,NA
2022-07-23 00:00:00,22.75,23.67,6.40,30.39,36.79,NA,NA,0.79,15.17,NA,NA,NA,NA,NA,NA,NA,NA,NA,NA,NA,0.00,NA,NA,NA
2022-07-23 01:00:00,23.68,44.60,6.22,23.03,29.25,NA,NA,0.74,24.37,NA,NA,NA,NA,NA,NA,NA,NA,NA,NA,NA,0.00,NA,NA,NA
2022-07-23 02:00:00,17.61,34.47,6.04,23.53,29.58,NA,NA,0.71,24.10,NA,NA,NA,NA,NA,NA,NA,NA,NA,NA,NA,0.00,NA,NA,NA
2022-07-23 03:00:00,23.80,48.48,6.16,22.84,29.00,NA,NA,0.69,24.82,NA,NA,NA,NA,NA,NA,NA,NA,NA,NA,NA,0.00,NA,NA,NA
2022-07-23 04:00:00,22.94,46.03,6.13,20.53,26.66,NA,NA,0.67,25.77,NA,NA,NA,NA,NA,NA,NA,NA,NA,NA,NA,0.00,NA,NA,NA
2022-07-23 05:00:00,24.07,37.89,6.10,20.27,26.37,NA,NA,0.66,25.98,NA,NA,NA,NA,NA,NA,NA,NA,NA,NA,NA,0.00,NA,NA,NA
2022-07-23 06:00:00,25.44,41.09,6.21,19.90,26.11,NA,NA,0.67,25.36,NA,NA,NA,NA,NA,NA,NA,NA,NA,NA,NA,0.00,NA,NA,NA
2022-07-23 07:00:00,21.75,29.24,6.02,18.70,24.71,NA,NA,0.65,32.81,NA,NA,NA,NA,NA,NA,NA,NA,NA,NA,NA,0.00,NA,NA,NA
2022-07-23 08:00:00,22.38,43.95,6.75,19.17,25.92,NA,NA,0.67,31.16,NA,NA,NA,NA,NA,NA,NA,NA,NA,NA,NA,0.00,NA,NA,NA
2022-07-23 09:00:00,26.76,28.27,7.03,19.01,26.04,NA,NA,0.68,35.22,NA,NA,NA,NA,NA,NA,NA,NA,NA,NA,NA,0.00,NA,NA,NA
2022-07-23 10:00:00,22.16,33.47,7.22,18.64,25.86,NA,NA,0.66,41.41,NA,NA,NA,NA,NA,NA,NA,NA,NA,NA,NA,0.00,NA,NA,NA
2022-07-23 11:00:00,45.28,52.24,7.75,17.90,25.65,NA,NA,0.65,50.61,NA,NA,NA,NA,NA,NA,NA,NA,NA,NA,NA,0.00,NA,NA,NA
2022-07-23 12:00:00,26.87,33.58,7.33,17.32,24.64,NA,NA,0.65,50.55,NA,NA,NA,NA,NA,NA,NA,NA,NA,NA,NA,0.00,NA,NA,NA
2022-07-23 13:00:00,19.81,30.62,7.21,16.96,24.18,NA,NA,0.64,53.38,NA,NA,NA,NA,NA,NA,NA,NA,NA,NA,NA,0.00,NA,NA,NA
2022-07-23 14:00:00,21.37,25.42,7.17,16.59,23.77,NA,NA,0.64,55.65,NA,NA,NA,NA,NA,NA,NA,NA,NA,NA,NA,0.00,NA,NA,NA
2022-07-23 15:00:00,32.91,51.19,7.01,17.98,24.99,NA,NA,0.66,63.59,NA,NA,NA,NA,NA,NA,NA,NA,NA,NA,NA,0.00,NA,NA,NA
2022-07-23 16:00:00,34.51,47.05,6.89,17.66,24.55,NA,NA,0.66,59.34,NA,NA,NA,NA,NA,NA,NA,NA,NA,NA,NA,0.00,NA,NA,NA
2022-07-23 17:00:00,28.52,44.19,6.34,17.88,24.22,NA,NA,0.66,58.40,NA,NA,NA,NA,NA,NA,NA,NA,NA,NA,NA,0.00,NA,NA,NA
2022-07-23 18:00:00,32.09,51.53,5.58,18.49,24.07,NA,NA,0.66,53.79,NA,NA,NA,NA,NA,NA,NA,NA,NA,NA,NA,0.00,NA,NA,NA
2022-07-23 19:00:00,32.43,53.23,5.57,23.15,28.71,NA,NA,0.70,42.02,NA,NA,NA,NA,NA,NA,NA,NA,NA,NA,NA,0.00,NA,NA,NA
2022-07-23 20:00:00,29.37,54.02,6.23,25.07,31.30,NA,NA,0.72,37.51,NA,NA,NA,NA,NA,NA,NA,NA,NA,NA,NA,0.00,NA,NA,NA
2022-07-23 21:00:00,27.35,44.79,6.34,24.61,30.95,NA,NA,0.72,31.43,NA,NA,NA,NA,NA,NA,NA,NA,NA,NA,NA,0.00,NA,NA,NA
2022-07-23 22:00:00,18.07,37.96,6.13,27.11,33.24,NA,NA,0.70,30.74,NA,NA,NA,NA,NA,NA,NA,NA,NA,NA,NA,0.00,NA,NA,NA
2022-07-23 23:00:00,17.22,37.65,5.98,22.10,28.08,NA,NA,0.66,33.93,NA,NA,NA,NA,NA,NA,NA,NA,NA,NA,NA,0.00,NA,NA,NA
2022-07-24 00:00:00,22.99,33.07,6.17,24.79,30.96,NA,NA,0.68,25.54,NA,NA,NA,NA,NA,NA,NA,NA,NA,NA,NA,0.00,NA,NA,NA
2022-07-24 01:00:00,25.97,44.99,6.08,22.75,28.83,NA,NA,0.67,25.29,NA,NA,NA,NA,NA,NA,NA,NA,NA,NA,NA,0.00,NA,NA,NA
2022-07-24 02:00:00,25.50,47.12,6.18,21.92,28.11,NA,NA,0.67,24.02,NA,NA,NA,NA,NA,NA,NA,NA,NA,NA,NA,0.00,NA,NA,NA
2022-07-24 03:00:00,20.15,42.47,6.05,19.68,25.72,NA,NA,0.64,26.63,NA,NA,NA,NA,NA,NA,NA,NA,NA,NA,NA,0.00,NA,NA,NA
2022-07-24 04:00:00,21.86,33.90,5.68,20.76,26.45,NA,NA,0.64,25.40,NA,NA,NA,NA,NA,NA,NA,NA,NA,NA,NA,0.00,NA,NA,NA
2022-07-24 05:00:00,18.92,40.95,5.71,20.50,26.21,NA,NA,0.63,28.24,NA,NA,NA,NA,NA,NA,NA,NA,NA,NA,NA,0.00,NA,NA,NA
2022-07-24 06:00:00,21.14,35.61,5.95,18.70,24.65,NA,NA,0.62,30.88,NA,NA,NA,NA,NA,NA,NA,NA,NA,NA,NA,0.00,NA,NA,NA
2022-07-24 07:00:00,12.19,22.10,6.60,18.21,24.81,NA,NA,0.63,33.93,NA,NA,NA,NA,NA,NA,NA,NA,NA,NA,NA,0.00,NA,NA,NA
2022-07-24 08:00:00,19.69,22.84,6.62,18.53,25.15,NA,NA,0.64,41.23,NA,NA,NA,NA,NA,NA,NA,NA,NA,NA,NA,0.00,NA,NA,NA
2022-07-24 09:00:00,20.51,37.85,6.82,18.22,25.04,NA,NA,0.64,50.87,NA,NA,NA,NA,NA,NA,NA,NA,NA,NA,NA,0.00,NA,NA,NA
2022-07-24 10:00:00,30.69,44.76,6.91,17.99,24.90,NA,NA,0.65,58.70,NA,NA,NA,NA,NA,NA,NA,NA,NA,NA,NA,0.00,NA,NA,NA
2022-07-24 11:00:00,33.84,58.23,6.65,17.38,24.03,NA,NA,0.64,63.43,NA,NA,NA,NA,NA,NA,NA,NA,NA,NA,NA,0.00,NA,NA,NA
2022-07-24 12:00:00,32.76,66.29,6.69,17.38,24.07,NA,NA,0.65,67.54,NA,NA,NA,NA,NA,NA,NA,NA,NA,NA,NA,0.00,NA,NA,NA
2022-07-24 13:00:00,36.03,50.40,6.81,16.91,23.72,NA,NA,0.65,65.66,NA,NA,NA,NA,NA,NA,NA,NA,NA,NA,NA,0.00,NA,NA,NA
2022-07-24 14:00:00,26.84,40.62,6.28,16.34,22.63,NA,NA,0.64,62.26,NA,NA,NA,NA,NA,NA,NA,NA,NA,NA,NA,0.00,NA,NA,NA
2022-07-24 15:00:00,28.71,49.25,6.46,17.09,23.55,NA,NA,0.64,60.53,NA,NA,NA,NA,NA,NA,NA,NA,NA,NA,NA,0.00,NA,NA,NA
2022-07-24 16:00:00,26.66,47.48,6.62,17.61,24.23,NA,NA,0.65,67.03,NA,NA,NA,NA,NA,NA,NA,NA,NA,NA,NA,0.00,NA,NA,NA
2022-07-24 17:00:00,33.98,53.95,5.40,17.45,22.85,NA,NA,0.63,53.24,NA,NA,NA,NA,NA,NA,NA,NA,NA,NA,NA,0.00,NA,NA,NA
2022-07-24 18:00:00,24.06,41.94,4.87,18.09,22.96,NA,NA,0.63,49.02,NA,NA,NA,NA,NA,NA,NA,NA,NA,NA,NA,0.00,NA,NA,NA
2022-07-24 19:00:00,21.72,29.00,4.86,18.93,23.79,NA,NA,0.60,35.10,NA,NA,NA,NA,NA,NA,NA,NA,NA,NA,NA,0.00,NA,NA,NA
2022-07-24 20:00:00,17.91,40.90,5.29,19.16,24.46,NA,NA,0.59,23.05,NA,NA,NA,NA,NA,NA,NA,NA,NA,NA,NA,0.00,NA,NA,NA
2022-07-24 21:00:00,30.47,56.02,5.78,23.71,29.49,NA,NA,0.64,17.35,NA,NA,NA,NA,NA,NA,NA,NA,NA,NA,NA,0.00,NA,NA,NA
2022-07-24 22:00:00,28.21,66.75,5.89,26.25,32.13,NA,NA,0.70,14.52,NA,NA,NA,NA,NA,NA,NA,NA,NA,NA,NA,0.00,NA,NA,NA
2022-07-24 23:00:00,22.33,30.23,5.45,24.76,30.21,NA,NA,0.72,20.58,NA,NA,NA,NA,NA,NA,NA,NA,NA,NA,NA,0.00,NA,NA,NA
2022-07-25 00:00:00,6.75,17.94,5.12,24.28,29.40,NA,NA,0.71,21.43,NA,NA,NA,NA,NA,NA,NA,NA,NA,NA,NA,0.00,NA,NA,NA
2022-07-25 01:00:00,12.62,22.24,4.86,19.39,24.25,NA,NA,0.64,26.70,NA,NA,NA,NA,NA,NA,NA,NA,NA,NA,NA,0.00,NA,NA,NA
2022-07-25 02:00:00,11.20,20.92,4.75,18.44,23.20,NA,NA,0.61,29.50,NA,NA,NA,NA,NA,NA,NA,NA,NA,NA,NA,0.00,NA,NA,NA
2022-07-25 03:00:00,10.22,23.74,4.88,17.45,22.33,NA,NA,0.61,31.35,NA,NA,NA,NA,NA,NA,NA,NA,NA,NA,NA,0.00,NA,NA,NA
2022-07-25 04:00:00,21.95,34.02,4.69,17.49,22.18,NA,NA,0.61,30.21,NA,NA,NA,NA,NA,NA,NA,NA,NA,NA,NA,0.00,NA,NA,NA
2022-07-25 05:00:00,17.12,31.50,4.73,17.47,22.20,NA,NA,0.61,33.33,NA,NA,NA,NA,NA,NA,NA,NA,NA,NA,NA,0.00,NA,NA,NA
2022-07-25 06:00:00,27.85,37.01,4.95,17.07,22.02,NA,NA,0.61,33.71,NA,NA,NA,NA,NA,NA,NA,NA,NA,NA,NA,0.00,NA,NA,NA
2022-07-25 07:00:00,20.05,32.67,5.26,17.83,23.08,NA,NA,0.62,32.85,NA,NA,NA,NA,NA,NA,NA,NA,NA,NA,NA,0.00,NA,NA,NA
2022-07-25 08:00:00,19.66,26.23,6.19,17.26,23.45,NA,NA,0.62,36.08,NA,NA,NA,NA,NA,NA,NA,NA,NA,NA,NA,0.00,NA,NA,NA
2022-07-25 09:00:00,14.91,16.53,6.58,17.65,24.22,NA,NA,0.63,43.48,NA,NA,NA,NA,NA,NA,NA,NA,NA,NA,NA,0.00,NA,NA,NA
2022-07-25 10:00:00,24.27,41.75,6.52,18.25,24.77,NA,NA,0.64,45.68,NA,NA,NA,NA,NA,NA,NA,NA,NA,NA,NA,0.00,NA,NA,NA
2022-07-25 11:00:00,37.87,49.79,6.82,19.11,25.93,NA,NA,0.65,48.42,NA,NA,NA,NA,NA,NA,NA,NA,NA,NA,NA,0.00,NA,NA,NA
2022-07-25 12:00:00,31.51,50.64,6.61,17.96,24.57,NA,NA,0.64,57.46,NA,NA,NA,NA,NA,NA,NA,NA,NA,NA,NA,0.00,NA,NA,NA
2022-07-25 13:00:00,36.08,50.80,6.65,18.34,24.98,NA,NA,0.65,60.10,NA,NA,NA,NA,NA,NA,NA,NA,NA,NA,NA,0.00,NA,NA,NA
2022-07-25 14:00:00,29.50,51.11,6.71,17.21,23.93,NA,NA,0.64,61.55,NA,NA,NA,NA,NA,NA,NA,NA,NA,NA,NA,0.00,NA,NA,NA
2022-07-25 15:00:00,32.88,33.18,6.45,16.53,22.99,NA,NA,0.63,61.64,NA,NA,NA,NA,NA,NA,NA,NA,NA,NA,NA,0.00,NA,NA,NA
2022-07-25 16:00:00,17.26,33.60,5.92,16.02,21.94,NA,NA,0.63,56.45,NA,NA,NA,NA,NA,NA,NA,NA,NA,NA,NA,0.00,NA,NA,NA
2022-07-25 17:00:00,21.72,37.38,5.57,16.48,22.05,NA,NA,0.63,58.40,NA,NA,NA,NA,NA,NA,NA,NA,NA,NA,NA,0.00,NA,NA,NA
2022-07-25 18:00:00,28.33,47.82,5.22,18.33,23.55,NA,NA,0.64,59.69,NA,NA,NA,NA,NA,NA,NA,NA,NA,NA,NA,0.00,NA,NA,NA
2022-07-25 19:00:00,32.77,51.70,4.90,20.45,25.35,NA,NA,0.65,48.05,NA,NA,NA,NA,NA,NA,NA,NA,NA,NA,NA,0.00,NA,NA,NA
2022-07-25 20:00:00,24.27,47.56,4.83,18.68,23.51,NA,NA,0.65,44.33,NA,NA,NA,NA,NA,NA,NA,NA,NA,NA,NA,0.00,NA,NA,NA
2022-07-25 21:00:00,24.16,36.33,4.79,20.73,25.51,NA,NA,0.66,34.23,NA,NA,NA,NA,NA,NA,NA,NA,NA,NA,NA,0.00,NA,NA,NA
2022-07-25 22:00:00,15.55,29.00,4.95,23.52,28.47,NA,NA,0.68,21.49,NA,NA,NA,NA,NA,NA,NA,NA,NA,NA,NA,0.00,NA,NA,NA
2022-07-25 23:00:00,14.13,28.60,4.91,24.99,29.89,NA,NA,0.71,18.54,NA,NA,NA,NA,NA,NA,NA,NA,NA,NA,NA,0.00,NA,NA,NA
2022-07-26 00:00:00,19.47,34.82,5.12,26.33,31.45,NA,NA,0.73,14.23,NA,NA,NA,NA,NA,NA,NA,NA,NA,NA,NA,0.00,NA,NA,NA
2022-07-26 01:00:00,21.05,41.40,5.11,22.15,27.26,NA,NA,0.68,25.13,NA,NA,NA,NA,NA,NA,NA,NA,NA,NA,NA,0.00,NA,NA,NA
2022-07-26 02:00:00,16.53,32.48,5.15,19.81,24.96,NA,NA,0.64,27.12,NA,NA,NA,NA,NA,NA,NA,NA,NA,NA,NA,0.00,NA,NA,NA
2022-07-26 03:00:00,18.34,29.21,5.04,18.30,23.34,NA,NA,0.64,28.48,NA,NA,NA,NA,NA,NA,NA,NA,NA,NA,NA,0.00,NA,NA,NA
2022-07-26 04:00:00,17.10,30.66,4.91,17.55,22.46,NA,NA,0.64,29.15,NA,NA,NA,NA,NA,NA,NA,NA,NA,NA,NA,0.00,NA,NA,NA
2022-07-26 05:00:00,18.73,34.50,4.90,17.53,22.42,NA,NA,0.64,27.21,NA,NA,NA,NA,NA,NA,NA,NA,NA,NA,NA,0.00,NA,NA,NA
2022-07-26 06:00:00,23.20,38.55,5.12,20.07,25.19,NA,NA,0.64,26.12,NA,NA,NA,NA,NA,NA,NA,NA,NA,NA,NA,0.00,NA,NA,NA
2022-07-26 07:00:00,25.93,36.52,5.64,20.99,26.63,NA,NA,0.65,29.72,NA,NA,NA,NA,NA,NA,NA,NA,NA,NA,NA,0.00,NA,NA,NA
2022-07-26 08:00:00,30.86,34.22,5.72,20.06,25.78,NA,NA,0.67,33.66,NA,NA,NA,NA,NA,NA,NA,NA,NA,NA,NA,0.00,NA,NA,NA
2022-07-26 09:00:00,32.45,41.02,7.37,20.00,27.37,NA,NA,0.65,38.09,NA,NA,NA,NA,NA,NA,NA,NA,NA,NA,NA,0.00,NA,NA,NA
2022-07-26 10:00:00,32.52,40.65,6.58,18.45,25.04,NA,NA,0.64,45.56,NA,NA,NA,NA,NA,NA,NA,NA,NA,NA,NA,0.00,NA,NA,NA
2022-07-26 11:00:00,38.07,51.96,6.48,18.40,24.88,NA,NA,0.64,47.18,NA,NA,NA,NA,NA,NA,NA,NA,NA,NA,NA,0.00,NA,NA,NA
2022-07-26 12:00:00,32.40,46.88,6.92,17.43,24.34,NA,NA,0.64,48.87,NA,NA,NA,NA,NA,NA,NA,NA,NA,NA,NA,0.00,NA,NA,NA
2022-07-26 13:00:00,23.26,34.02,6.67,16.99,23.66,NA,NA,0.64,50.77,NA,NA,NA,NA,NA,NA,NA,NA,NA,NA,NA,0.00,NA,NA,NA
2022-07-26 14:00:00,30.93,39.91,5.63,16.24,21.87,NA,NA,0.62,45.33,NA,NA,NA,NA,NA,NA,NA,NA,NA,NA,NA,0.00,NA,NA,NA
2022-07-26 15:00:00,20.28,22.90,6.28,17.50,23.78,NA,NA,0.57,34.06,NA,NA,NA,NA,NA,NA,NA,NA,NA,NA,NA,0.00,NA,NA,NA
2022-07-26 16:00:00,16.87,28.05,7.05,17.23,24.29,NA,NA,0.58,44.84,NA,NA,NA,NA,NA,NA,NA,NA,NA,NA,NA,0.00,NA,NA,NA
2022-07-26 17:00:00,17.41,30.10,6.21,18.68,24.90,NA,NA,0.63,50.00,NA,NA,NA,NA,NA,NA,NA,NA,NA,NA,NA,0.00,NA,NA,NA
2022-07-26 18:00:00,18.14,30.10,5.51,18.83,24.34,NA,NA,0.63,43.99,NA,NA,NA,NA,NA,NA,NA,NA,NA,NA,NA,0.00,NA,NA,NA
2022-07-26 19:00:00,22.86,31.07,4.74,21.16,25.91,NA,NA,0.66,35.24,NA,NA,NA,NA,NA,NA,NA,NA,NA,NA,NA,0.00,NA,NA,NA
2022-07-26 20:00:00,19.35,42.04,4.76,24.21,28.97,NA,NA,0.70,25.22,NA,NA,NA,NA,NA,NA,NA,NA,NA,NA,NA,0.00,NA,NA,NA
2022-07-26 21:00:00,24.37,52.14,4.98,28.28,33.26,NA,NA,0.76,15.75,NA,NA,NA,NA,NA,NA,NA,NA,NA,NA,NA,0.00,NA,NA,NA
2022-07-26 22:00:00,34.60,81.97,5.31,30.69,36.01,NA,NA,0.81,11.33,NA,NA,NA,NA,NA,NA,NA,NA,NA,NA,NA,0.00,NA,NA,NA
2022-07-26 23:00:00,23.76,59.94,5.03,26.50,31.53,NA,NA,0.75,14.98,NA,NA,NA,NA,NA,NA,NA,NA,NA,NA,NA,0.00,NA,NA,NA
2022-07-27 00:00:00,24.76,62.87,5.33,26.29,31.62,NA,NA,0.75,12.91,NA,NA,NA,NA,NA,NA,NA,NA,NA,NA,NA,0.00,NA,NA,NA
2022-07-27 01:00:00,26.88,61.02,5.29,24.52,29.81,NA,NA,0.72,12.94,NA,NA,NA,NA,NA,NA,NA,NA,NA,NA,NA,0.00,NA,NA,NA
2022-07-27 02:00:00,25.01,55.78,5.27,27.03,32.30,NA,NA,0.69,12.85,NA,NA,NA,NA,NA,NA,NA,NA,NA,NA,NA,0.00,NA,NA,NA
2022-07-27 03:00:00,20.56,48.13,5.19,22.75,27.93,NA,NA,0.68,13.93,NA,NA,NA,NA,NA,NA,NA,NA,NA,NA,NA,0.00,NA,NA,NA
2022-07-27 04:00:00,28.74,60.22,5.25,21.57,26.82,NA,NA,0.69,15.78,NA,NA,NA,NA,NA,NA,NA,NA,NA,NA,NA,0.00,NA,NA,NA
2022-07-27 05:00:00,33.95,63.02,5.27,23.00,28.28,NA,NA,0.72,15.19,NA,NA,NA,NA,NA,NA,NA,NA,NA,NA,NA,0.00,NA,NA,NA
2022-07-27 06:00:00,33.62,60.28,6.36,21.64,28.00,NA,NA,0.72,15.33,NA,NA,NA,NA,NA,NA,NA,NA,NA,NA,NA,0.00,NA,NA,NA
2022-07-27 07:00:00,36.35,68.44,6.95,20.83,27.78,NA,NA,0.72,22.63,NA,NA,NA,NA,NA,NA,NA,NA,NA,NA,NA,0.00,NA,NA,NA
2022-07-27 08:00:00,39.75,49.29,6.57,20.94,27.51,NA,NA,0.74,26.71,NA,NA,NA,NA,NA,NA,NA,NA,NA,NA,NA,0.00,NA,NA,NA
2022-07-27 09:00:00,43.93,59.22,6.89,20.04,26.94,NA,NA,0.70,29.26,NA,NA,NA,NA,NA,NA,NA,NA,NA,NA,NA,0.00,NA,NA,NA
2022-07-27 10:00:00,12.64,14.13,7.22,17.76,24.98,NA,NA,0.64,40.17,NA,NA,NA,NA,NA,NA,NA,NA,NA,NA,NA,0.00,NA,NA,NA
2022-07-27 11:00:00,18.10,27.99,6.63,16.74,23.37,NA,NA,0.62,45.89,NA,NA,NA,NA,NA,NA,NA,NA,NA,NA,NA,0.00,NA,NA,NA
2022-07-27 12:00:00,20.68,49.58,6.96,17.62,24.58,NA,NA,0.58,45.37,NA,NA,NA,NA,NA,NA,NA,NA,NA,NA,NA,0.00,NA,NA,NA
2022-07-27 13:00:00,55.45,68.22,7.24,16.81,24.05,NA,NA,0.57,48.60,NA,NA,NA,NA,NA,NA,NA,NA,NA,NA,NA,0.00,NA,NA,NA
2022-07-27 14:00:00,19.45,17.41,6.91,16.34,23.25,NA,NA,0.59,49.30,NA,NA,NA,NA,NA,NA,NA,NA,NA,NA,NA,0.00,NA,NA,NA
2022-07-27 15:00:00,13.79,26.38,6.10,16.65,22.75,NA,NA,0.61,46.60,NA,NA,NA,NA,NA,NA,NA,NA,NA,NA,NA,0.00,NA,NA,NA
2022-07-27 16:00:00,15.87,45.41,6.93,17.22,24.15,NA,NA,0.56,46.99,NA,NA,NA,NA,NA,NA,NA,NA,NA,NA,NA,0.00,NA,NA,NA
2022-07-27 17:00:00,64.69,93.20,6.25,19.36,25.61,NA,NA,0.58,48.12,NA,NA,NA,NA,NA,NA,NA,NA,NA,NA,NA,0.00,NA,NA,NA
2022-07-27 18:00:00,18.85,28.86,5.77,20.50,26.27,NA,NA,0.64,45.79,NA,NA,NA,NA,NA,NA,NA,NA,NA,NA,NA,0.00,NA,NA,NA
2022-07-27 19:00:00,9.25,26.70,4.97,24.87,29.84,NA,NA,0.68,35.46,NA,NA,NA,NA,NA,NA,NA,NA,NA,NA,NA,0.00,NA,NA,NA
2022-07-27 20:00:00,11.68,34.60,4.87,22.66,27.53,NA,NA,0.68,36.19,NA,NA,NA,NA,NA,NA,NA,NA,NA,NA,NA,0.00,NA,NA,NA
2022-07-27 21:00:00,20.10,45.39,4.73,23.91,28.64,NA,NA,0.69,34.94,NA,NA,NA,NA,NA,NA,NA,NA,NA,NA,NA,0.00,NA,NA,NA
2022-07-27 22:00:00,14.77,36.95,4.96,20.78,25.74,NA,NA,0.66,17.92,NA,NA,NA,NA,NA,NA,NA,NA,NA,NA,NA,0.00,NA,NA,NA
2022-07-27 23:00:00,33.53,65.17,5.22,22.90,28.12,NA,NA,0.68,18.41,NA,NA,NA,NA,NA,NA,NA,NA,NA,NA,NA,0.00,NA,NA,NA
2022-07-28 00:00:00,36.68,54.57,4.89,22.46,27.35,NA,NA,0.70,16.98,NA,NA,NA,NA,NA,NA,NA,NA,NA,NA,NA,0.00,NA,NA,NA
2022-07-28 01:00:00,26.19,48.25,4.82,19.98,24.80,NA,NA,0.67,20.19,NA,NA,NA,NA,NA,NA,NA,NA,NA,NA,NA,0.00,NA,NA,NA
2022-07-28 02:00:00,20.37,52.11,4.82,21.85,26.68,NA,NA,0.67,19.10,NA,NA,NA,NA,NA,NA,NA,NA,NA,NA,NA,0.00,NA,NA,NA
2022-07-28 03:00:00,28.86,58.55,4.84,22.68,27.53,NA,NA,0.67,16.53,NA,NA,NA,NA,NA,NA,NA,NA,NA,NA,NA,0.00,NA,NA,NA
2022-07-28 04:00:00,34.82,58.99,5.16,24.45,29.61,NA,NA,0.67,17.84,NA,NA,NA,NA,NA,NA,NA,NA,NA,NA,NA,0.00,NA,NA,NA
2022-07-28 05:00:00,12.77,39.89,4.93,21.37,26.30,NA,NA,0.64,18.67,NA,NA,NA,NA,NA,NA,NA,NA,NA,NA,NA,0.00,NA,NA,NA
2022-07-28 06:00:00,17.94,28.45,5.50,18.28,23.78,NA,NA,0.57,25.14,NA,NA,NA,NA,NA,NA,NA,NA,NA,NA,NA,0.00,NA,NA,NA
2022-07-28 07:00:00,5.08,6.85,5.94,18.50,24.44,NA,NA,0.60,25.05,NA,NA,NA,NA,NA,NA,NA,NA,NA,NA,NA,0.00,NA,NA,NA
2022-07-28 08:00:00,5.53,30.98,8.03,21.42,29.46,NA,NA,0.60,23.68,NA,NA,NA,NA,NA,NA,NA,NA,NA,NA,NA,0.00,NA,NA,NA
2022-07-28 09:00:00,23.99,50.13,8.73,20.34,29.07,NA,NA,0.56,28.68,NA,NA,NA,NA,NA,NA,NA,NA,NA,NA,NA,0.00,NA,NA,NA
2022-07-28 10:00:00,18.87,27.94,112.92,41.47,153.99,NA,NA,0.56,37.34,NA,NA,NA,NA,NA,NA,NA,NA,NA,NA,NA,0.00,NA,NA,NA
2022-07-28 11:00:00,NA,NA,8.42,19.73,28.15,NA,NA,0.61,43.00,NA,NA,NA,NA,NA,NA,NA,NA,NA,NA,NA,0.00,NA,NA,NA
2022-07-28 12:00:00,NA,NA,7.69,18.83,26.51,NA,NA,0.59,47.66,NA,NA,NA,NA,NA,NA,NA,NA,NA,NA,NA,0.00,NA,NA,NA
2022-07-28 13:00:00,NA,NA,6.64,17.56,24.20,NA,NA,0.62,45.12,NA,NA,NA,NA,NA,NA,NA,NA,NA,NA,NA,0.00,NA,NA,NA
2022-07-28 14:00:00,NA,NA,7.02,17.47,24.49,NA,NA,0.58,42.72,NA,NA,NA,NA,NA,NA,NA,NA,NA,NA,NA,0.00,NA,NA,NA
2022-07-28 15:00:00,5.68,NA,6.68,17.03,23.70,NA,NA,0.60,39.39,NA,NA,NA,NA,NA,NA,NA,NA,NA,NA,NA,0.00,NA,NA,NA
2022-07-28 16:00:00,NA,NA,NA,NA,NA,NA,NA,NA,NA,NA,NA,NA,NA,NA,NA,NA,NA,NA,NA,NA,0.00,NA,NA,NA
2022-07-28 17:00:00,NA,NA,293.86,159.08,156.58,NA,NA,0.86,10.04,NA,NA,NA,NA,NA,NA,NA,NA,NA,NA,NA,0.00,NA,NA,NA
2022-07-28 18:00:00,NA,NA,NA,188.04,NA,NA,NA,0.96,25.20,NA,NA,NA,NA,NA,NA,NA,NA,NA,NA,NA,0.00,NA,NA,NA
2022-07-28 19:00:00,NA,NA,113.29,37.41,148.73,NA,NA,0.88,1.58,NA,NA,NA,NA,NA,NA,NA,NA,NA,NA,NA,0.00,NA,NA,NA
2022-07-28 20:00:00,NA,NA,414.03,109.34,186.24,NA,NA,1.01,1.15,NA,NA,NA,NA,NA,NA,NA,NA,NA,NA,NA,0.00,NA,NA,NA
2022-07-28 21:00:00,NA,NA,6.91,13.17,20.11,NA,NA,0.94,6.06,NA,NA,NA,NA,NA,NA,NA,NA,NA,NA,NA,0.00,NA,NA,NA
2022-07-28 22:00:00,NA,NA,3.14,19.07,22.20,NA,NA,0.84,8.33,NA,NA,NA,NA,NA,NA,NA,NA,NA,NA,NA,0.00,NA,NA,NA
2022-07-28 23:00:00,NA,NA,5.64,33.76,39.40,NA,NA,0.77,10.73,NA,NA,NA,NA,NA,NA,NA,NA,NA,NA,NA,0.00,NA,NA,NA
2022-07-29 00:00:00,NA,NA,5.70,32.83,38.54,NA,NA,0.77,9.12,NA,NA,NA,NA,NA,NA,NA,NA,NA,NA,NA,0.00,NA,NA,NA
2022-07-29 01:00:00,NA,NA,4.63,29.34,33.97,NA,NA,0.67,15.71,NA,NA,NA,NA,NA,NA,NA,NA,NA,NA,NA,0.00,NA,NA,NA
2022-07-29 02:00:00,NA,NA,4.29,21.95,26.25,NA,NA,0.64,20.02,NA,NA,NA,NA,NA,NA,NA,NA,NA,NA,NA,0.00,NA,NA,NA
2022-07-29 03:00:00,11.61,NA,4.09,18.03,22.12,NA,NA,0.63,22.30,NA,NA,NA,NA,NA,NA,NA,NA,NA,NA,NA,0.00,NA,NA,NA
2022-07-29 04:00:00,11.79,NA,4.18,17.58,21.77,NA,NA,0.62,24.85,NA,NA,NA,NA,NA,NA,NA,NA,NA,NA,NA,0.00,NA,NA,NA
2022-07-29 05:00:00,NA,0.91,4.06,20.31,24.37,NA,NA,0.63,20.33,NA,NA,NA,NA,NA,NA,NA,NA,NA,NA,NA,0.00,NA,NA,NA
2022-07-29 06:00:00,NA,6.87,4.63,20.72,25.35,NA,NA,0.63,18.61,NA,NA,NA,NA,NA,NA,NA,NA,NA,NA,NA,0.00,NA,NA,NA
2022-07-29 07:00:00,0.85,7.30,6.12,19.55,25.67,NA,NA,0.64,20.16,NA,NA,NA,NA,NA,NA,NA,NA,NA,NA,NA,0.00,NA,NA,NA
2022-07-29 08:00:00,12.51,16.67,6.44,21.44,27.88,NA,NA,0.65,18.18,NA,NA,NA,NA,NA,NA,NA,NA,NA,NA,NA,0.00,NA,NA,NA
2022-07-29 09:00:00,17.74,26.35,9.37,26.28,35.64,NA,NA,0.70,17.44,NA,NA,NA,NA,NA,NA,NA,NA,NA,NA,NA,0.00,NA,NA,NA
2022-07-29 10:00:00,19.43,37.51,9.52,25.58,35.11,NA,NA,0.70,23.12,NA,NA,NA,NA,NA,NA,NA,NA,NA,NA,NA,0.00,NA,NA,NA
2022-07-29 11:00:00,16.82,37.53,7.68,22.54,30.22,NA,NA,0.66,38.85,NA,NA,NA,NA,NA,NA,NA,NA,NA,NA,NA,0.00,NA,NA,NA
2022-07-29 12:00:00,24.24,47.86,6.58,21.90,28.48,NA,NA,0.68,58.88,NA,NA,NA,NA,NA,NA,NA,NA,NA,NA,NA,0.00,NA,NA,NA
2022-07-29 13:00:00,37.76,65.84,6.25,22.52,28.76,NA,NA,0.69,54.23,NA,NA,NA,NA,NA,NA,NA,NA,NA,NA,NA,0.00,NA,NA,NA
2022-07-29 14:00:00,27.87,57.89,6.44,21.70,28.14,NA,NA,0.64,48.62,NA,NA,NA,NA,NA,NA,NA,NA,NA,NA,NA,0.00,NA,NA,NA
2022-07-29 15:00:00,41.18,82.33,5.35,19.85,25.20,NA,NA,0.61,45.20,NA,NA,NA,NA,NA,NA,NA,NA,NA,NA,NA,0.00,NA,NA,NA
2022-07-29 16:00:00,43.17,62.46,5.27,19.50,24.77,NA,NA,0.59,29.41,NA,NA,NA,NA,NA,NA,NA,NA,NA,NA,NA,0.00,NA,NA,NA
2022-07-29 17:00:00,0.93,4.95,16.47,34.07,50.51,NA,NA,0.64,20.15,NA,NA,NA,NA,NA,NA,NA,NA,NA,NA,NA,0.00,NA,NA,NA
2022-07-29 18:00:00,7.83,34.45,6.76,34.84,41.60,NA,NA,0.63,15.24,NA,NA,NA,NA,NA,NA,NA,NA,NA,NA,NA,0.00,NA,NA,NA
2022-07-29 19:00:00,20.97,15.72,4.62,18.89,23.51,NA,NA,0.58,27.57,NA,NA,NA,NA,NA,NA,NA,NA,NA,NA,NA,0.00,NA,NA,NA
2022-07-29 20:00:00,1.06,14.40,6.14,31.29,37.44,NA,NA,0.65,15.29,NA,NA,NA,NA,NA,NA,NA,NA,NA,NA,NA,0.00,NA,NA,NA
2022-07-29 21:00:00,9.98,7.28,8.31,43.44,51.76,NA,NA,0.79,9.93,NA,NA,NA,NA,NA,NA,NA,NA,NA,NA,NA,0.00,NA,NA,NA
2022-07-29 22:00:00,14.37,15.18,9.34,42.81,52.14,NA,NA,0.78,9.54,NA,NA,NA,NA,NA,NA,NA,NA,NA,NA,NA,0.00,NA,NA,NA
2022-07-29 23:00:00,10.01,10.65,4.85,29.76,34.61,NA,NA,0.66,12.35,NA,NA,NA,NA,NA,NA,NA,NA,NA,NA,NA,0.00,NA,NA,NA
2022-07-30 00:00:00,7.83,27.00,5.08,29.06,34.14,NA,NA,0.64,12.63,NA,NA,NA,NA,NA,NA,NA,NA,NA,NA,NA,0.00,NA,NA,NA
2022-07-30 01:00:00,8.69,21.36,4.46,24.36,28.82,NA,NA,0.62,15.05,NA,NA,NA,NA,NA,NA,NA,NA,NA,NA,NA,0.00,NA,NA,NA
2022-07-30 02:00:00,12.16,16.82,4.34,23.37,27.72,NA,NA,0.61,17.71,NA,NA,NA,NA,NA,NA,NA,NA,NA,NA,NA,0.00,NA,NA,NA
2022-07-30 03:00:00,7.24,17.60,4.62,25.52,30.14,NA,NA,0.62,15.68,NA,NA,NA,NA,NA,NA,NA,NA,NA,NA,NA,0.00,NA,NA,NA
2022-07-30 04:00:00,6.80,22.46,4.50,25.35,29.85,NA,NA,0.63,12.22,NA,NA,NA,NA,NA,NA,NA,NA,NA,NA,NA,0.00,NA,NA,NA
2022-07-30 05:00:00,9.41,24.43,5.21,27.17,32.38,NA,NA,0.63,21.64,NA,NA,NA,NA,NA,NA,NA,NA,NA,NA,NA,0.00,NA,NA,NA
2022-07-30 06:00:00,10.43,27.16,4.76,22.54,27.30,NA,NA,0.62,16.63,NA,NA,NA,NA,NA,NA,NA,NA,NA,NA,NA,0.00,NA,NA,NA
2022-07-30 07:00:00,13.38,30.09,5.45,20.35,25.80,NA,NA,0.59,15.81,NA,NA,NA,NA,NA,NA,NA,NA,NA,NA,NA,0.00,NA,NA,NA
2022-07-30 08:00:00,33.38,75.96,7.13,19.40,26.54,NA,NA,0.56,15.78,NA,NA,NA,NA,NA,NA,NA,NA,NA,NA,NA,0.00,NA,NA,NA
2022-07-30 09:00:00,44.41,55.82,7.50,19.03,26.53,NA,NA,0.55,22.93,NA,NA,NA,NA,NA,NA,NA,NA,NA,NA,NA,0.00,NA,NA,NA
2022-07-30 10:00:00,7.94,22.24,7.65,21.08,28.73,NA,NA,0.57,24.22,NA,NA,NA,NA,NA,NA,NA,NA,NA,NA,NA,0.00,NA,NA,NA
2022-07-30 11:00:00,21.70,67.99,7.41,22.16,29.57,NA,NA,0.52,27.60,NA,NA,NA,NA,NA,NA,NA,NA,NA,NA,NA,0.00,NA,NA,NA
2022-07-30 12:00:00,17.29,62.62,248.59,136.47,131.91,NA,NA,0.64,27.39,NA,NA,NA,NA,NA,NA,NA,NA,NA,NA,NA,0.00,NA,NA,NA
2022-07-30 13:00:00,NA,NA,13.55,21.61,35.22,NA,NA,0.54,36.47,NA,NA,NA,NA,NA,NA,NA,NA,NA,NA,NA,0.00,NA,NA,NA
2022-07-30 14:00:00,NA,NA,8.75,160.31,29.30,NA,NA,0.53,36.67,NA,NA,NA,NA,NA,NA,NA,NA,NA,NA,NA,0.00,NA,NA,NA
2022-07-30 15:00:00,NA,NA,127.57,41.62,61.36,NA,NA,0.55,38.84,NA,NA,NA,NA,NA,NA,NA,NA,NA,NA,NA,0.00,NA,NA,NA
2022-07-30 16:00:00,NA,NA,6.38,16.46,22.84,NA,NA,0.56,45.84,NA,NA,NA,NA,NA,NA,NA,NA,NA,NA,NA,0.00,NA,NA,NA
2022-07-30 17:00:00,NA,NA,5.96,20.85,26.81,NA,NA,0.53,39.79,NA,NA,NA,NA,NA,NA,NA,NA,NA,NA,NA,0.00,NA,NA,NA
2022-07-30 18:00:00,NA,NA,NA,400.05,NA,NA,NA,1.04,NA,NA,NA,NA,NA,NA,NA,NA,NA,NA,NA,NA,0.00,NA,NA,NA
2022-07-30 19:00:00,NA,NA,198.53,65.00,86.79,NA,NA,0.66,22.19,NA,NA,NA,NA,NA,NA,NA,NA,NA,NA,NA,0.00,NA,NA,NA
2022-07-30 20:00:00,NA,NA,5.46,24.19,29.68,NA,NA,0.70,13.45,NA,NA,NA,NA,NA,NA,NA,NA,NA,NA,NA,0.00,NA,NA,NA
2022-07-30 21:00:00,NA,NA,8.97,36.14,45.12,NA,NA,0.81,8.21,NA,NA,NA,NA,NA,NA,NA,NA,NA,NA,NA,0.00,NA,NA,NA
2022-07-30 22:00:00,NA,NA,7.96,34.47,42.41,NA,NA,0.73,8.96,NA,NA,NA,NA,NA,NA,NA,NA,NA,NA,NA,0.00,NA,NA,NA
2022-07-30 23:00:00,NA,NA,6.87,30.35,37.21,NA,NA,0.69,8.79,NA,NA,NA,NA,NA,NA,NA,NA,NA,NA,NA,0.00,NA,NA,NA
2022-07-31 00:00:00,0.86,NA,6.60,26.70,33.29,NA,NA,0.69,9.58,NA,NA,NA,NA,NA,NA,NA,NA,NA,NA,9.41,37.55,NA,NA,NA
2022-07-31 01:00:00,7.02,19.20,5.90,25.47,31.36,NA,NA,0.69,11.70,NA,NA,NA,NA,NA,NA,NA,NA,NA,NA,11.70,45.82,NA,NA,NA
2022-07-31 02:00:00,0.07,8.86,5.04,23.40,28.44,NA,NA,0.65,13.82,NA,NA,NA,NA,NA,NA,NA,NA,NA,NA,13.82,54.37,NA,NA,NA
2022-07-31 03:00:00,1.59,9.32,4.11,21.01,25.12,NA,NA,0.62,20.21,NA,NA,NA,NA,NA,NA,NA,NA,NA,NA,20.21,83.69,NA,NA,NA
2022-07-31 04:00:00,0.72,3.76,4.08,19.41,23.48,NA,NA,0.61,19.62,NA,NA,NA,NA,NA,NA,NA,NA,NA,NA,19.62,77.45,NA,NA,NA
2022-07-31 05:00:00,8.98,3.29,4.94,24.49,29.45,NA,NA,0.62,13.04,NA,NA,NA,NA,NA,NA,NA,NA,NA,NA,13.04,48.12,NA,NA,NA
2022-07-31 06:00:00,7.39,21.36,7.54,24.06,31.60,NA,NA,0.64,11.82,NA,NA,NA,NA,NA,NA,NA,NA,NA,NA,11.82,54.34,NA,NA,NA
2022-07-31 07:00:00,9.86,37.59,7.11,20.95,28.06,NA,NA,0.64,16.48,NA,NA,NA,NA,NA,NA,NA,NA,NA,NA,16.48,68.88,NA,NA,NA
2022-07-31 08:00:00,22.87,35.28,7.74,21.59,29.33,NA,NA,0.65,28.85,NA,NA,NA,NA,NA,NA,NA,NA,NA,NA,28.85,101.13,NA,NA,NA
2022-07-31 09:00:00,19.84,58.31,6.90,20.91,27.80,NA,NA,0.57,22.94,NA,NA,NA,NA,NA,NA,NA,NA,NA,NA,22.94,95.21,NA,NA,NA
2022-07-31 10:00:00,53.69,105.89,7.49,22.78,30.27,NA,NA,0.48,37.79,NA,NA,NA,NA,NA,NA,NA,NA,NA,NA,37.79,153.73,NA,NA,NA
2022-07-31 11:00:00,70.62,149.83,8.58,20.85,29.42,NA,NA,0.46,47.30,NA,NA,NA,NA,NA,NA,NA,NA,NA,NA,47.30,185.78,NA,NA,NA
2022-07-31 12:00:00,46.33,76.69,8.17,21.50,29.68,NA,NA,0.51,55.04,NA,NA,NA,NA,NA,NA,NA,NA,NA,NA,NA,220.82,NA,NA,NA
2022-07-31 13:00:00,16.14,27.60,7.15,18.84,25.98,NA,NA,0.53,56.93,NA,NA,NA,NA,NA,NA,NA,NA,NA,NA,NA,228.79,NA,NA,NA
2022-07-31 14:00:00,8.85,26.80,5.62,18.52,24.14,NA,NA,0.55,62.39,NA,NA,NA,NA,NA,NA,NA,NA,NA,NA,NA,246.81,NA,NA,NA
2022-07-31 15:00:00,14.28,51.36,5.32,18.11,23.43,NA,NA,0.55,58.07,NA,NA,NA,NA,NA,NA,NA,NA,NA,NA,NA,231.91,NA,NA,NA
2022-07-31 16:00:00,10.28,15.78,5.69,18.77,24.48,NA,NA,0.57,54.70,NA,NA,NA,NA,NA,NA,NA,NA,NA,NA,NA,215.00,NA,NA,NA
2022-07-31 17:00:00,32.84,53.78,5.64,19.56,25.18,NA,NA,0.57,56.17,NA,NA,NA,NA,NA,NA,NA,NA,NA,NA,NA,222.70,NA,NA,NA
2022-07-31 18:00:00,29.77,55.37,4.74,20.28,25.05,NA,NA,0.59,42.78,NA,NA,NA,NA,NA,NA,NA,NA,NA,NA,42.78,176.33,NA,NA,NA
2022-07-31 19:00:00,25.51,60.46,4.40,29.88,34.28,NA,NA,0.70,35.13,NA,NA,NA,NA,NA,NA,NA,NA,NA,NA,35.13,143.36,NA,NA,NA
2022-07-31 20:00:00,21.62,39.93,4.29,27.57,31.86,NA,NA,0.74,20.57,NA,NA,NA,NA,NA,NA,NA,NA,NA,NA,20.57,87.05,NA,NA,NA
2022-07-31 21:00:00,27.53,67.25,4.64,30.57,35.20,NA,NA,0.84,14.11,NA,NA,NA,NA,NA,NA,NA,NA,NA,NA,14.11,48.43,NA,NA,NA
2022-07-31 22:00:00,26.98,55.14,7.28,28.44,35.73,NA,NA,0.85,14.96,NA,NA,NA,NA,NA,NA,NA,NA,NA,NA,14.96,63.60,NA,NA,NA
2022-07-31 23:00:00,25.42,53.31,7.97,26.04,33.99,NA,NA,0.84,13.36,NA,NA,NA,NA,NA,NA,NA,NA,NA,NA,13.36,55.66,NA,NA,NA
2022-08-01 00:00:00,26.02,58.34,7.27,21.65,28.91,NA,NA,0.82,12.97,NA,NA,NA,NA,NA,NA,NA,NA,NA,NA,NA,0.00,NA,NA,NA
2022-08-01 01:00:00,19.74,51.69,7.65,20.82,28.47,NA,NA,0.78,14.55,NA,NA,NA,NA,NA,NA,NA,NA,NA,NA,NA,0.00,NA,NA,NA
2022-08-01 02:00:00,20.90,54.52,9.39,23.42,32.82,NA,NA,0.82,15.75,NA,NA,NA,NA,NA,NA,NA,NA,NA,NA,NA,0.00,NA,NA,NA
2022-08-01 03:00:00,19.60,56.90,10.26,21.38,31.64,NA,NA,0.78,12.33,NA,NA,NA,NA,NA,NA,NA,NA,NA,NA,NA,0.00,NA,NA,NA
2022-08-01 04:00:00,22.49,52.36,9.10,20.95,30.04,NA,NA,0.74,11.69,NA,NA,NA,NA,NA,NA,NA,NA,NA,NA,NA,0.00,NA,NA,NA
2022-08-01 05:00:00,16.88,49.27,12.14,24.48,36.63,NA,NA,0.71,14.66,NA,NA,NA,NA,NA,NA,NA,NA,NA,NA,NA,0.00,NA,NA,NA
2022-08-01 06:00:00,12.04,43.56,7.02,24.63,31.65,NA,NA,0.61,11.94,NA,NA,NA,NA,NA,NA,NA,NA,NA,NA,NA,0.00,NA,NA,NA
2022-08-01 07:00:00,28.61,65.11,6.91,22.77,29.67,NA,NA,0.56,7.28,NA,NA,NA,NA,NA,NA,NA,NA,NA,NA,NA,0.00,NA,NA,NA
2022-08-01 08:00:00,34.09,89.65,9.82,22.40,32.22,NA,NA,0.52,16.34,NA,NA,NA,NA,NA,NA,NA,NA,NA,NA,NA,0.00,NA,NA,NA
2022-08-01 09:00:00,45.71,67.45,9.72,22.56,32.29,NA,NA,0.51,24.99,NA,NA,NA,NA,NA,NA,NA,NA,NA,NA,NA,0.00,NA,NA,NA
2022-08-01 10:00:00,11.51,12.78,9.04,22.54,31.58,NA,NA,0.56,29.95,NA,NA,NA,NA,NA,NA,NA,NA,NA,NA,NA,0.00,NA,NA,NA
2022-08-01 11:00:00,4.36,7.53,8.61,22.46,31.07,NA,NA,0.57,35.13,NA,NA,NA,NA,NA,NA,NA,NA,NA,NA,NA,0.00,NA,NA,NA
2022-08-01 12:00:00,11.33,35.66,7.63,22.25,29.89,NA,NA,0.59,50.14,NA,NA,NA,NA,NA,NA,NA,NA,NA,NA,NA,0.00,NA,NA,NA
2022-08-01 13:00:00,20.32,41.76,6.92,19.56,26.48,NA,NA,0.57,56.18,NA,NA,NA,NA,NA,NA,NA,NA,NA,NA,NA,0.00,NA,NA,NA
2022-08-01 14:00:00,25.78,38.84,7.82,21.72,29.54,NA,NA,0.58,58.02,NA,NA,NA,NA,NA,NA,NA,NA,NA,NA,NA,0.00,NA,NA,NA
2022-08-01 15:00:00,26.12,49.00,6.43,19.08,25.50,NA,NA,0.57,58.39,NA,NA,NA,NA,NA,NA,NA,NA,NA,NA,NA,0.00,NA,NA,NA
2022-08-01 16:00:00,38.03,76.71,6.20,19.93,26.13,NA,NA,0.56,57.97,NA,NA,NA,NA,NA,NA,NA,NA,NA,NA,NA,0.00,NA,NA,NA
2022-08-01 17:00:00,34.53,75.44,5.99,21.49,27.47,NA,NA,0.55,33.18,NA,NA,NA,NA,NA,NA,NA,NA,NA,NA,NA,0.00,NA,NA,NA
2022-08-01 18:00:00,24.57,47.62,5.66,24.11,29.77,NA,NA,0.58,35.62,NA,NA,NA,NA,NA,NA,NA,NA,NA,NA,NA,0.00,NA,NA,NA
2022-08-01 19:00:00,20.81,42.51,5.09,25.47,30.56,NA,NA,0.62,22.67,NA,NA,NA,NA,NA,NA,NA,NA,NA,NA,NA,0.00,NA,NA,NA
2022-08-01 20:00:00,21.22,47.52,4.69,29.75,34.44,NA,NA,0.63,22.61,NA,NA,NA,NA,NA,NA,NA,NA,NA,NA,NA,0.00,NA,NA,NA
2022-08-01 21:00:00,14.78,46.26,4.94,32.42,37.36,NA,NA,0.65,17.89,NA,NA,NA,NA,NA,NA,NA,NA,NA,NA,NA,0.00,NA,NA,NA
2022-08-01 22:00:00,17.44,55.57,5.39,32.95,38.34,NA,NA,0.66,15.25,NA,NA,NA,NA,NA,NA,NA,NA,NA,NA,NA,0.00,NA,NA,NA
2022-08-01 23:00:00,16.45,41.81,5.20,32.89,38.08,NA,NA,0.64,11.42,NA,NA,NA,NA,NA,NA,NA,NA,NA,NA,NA,0.00,NA,NA,NA
2022-08-02 00:00:00,14.98,52.49,6.30,32.62,38.92,NA,NA,0.63,10.77,NA,NA,NA,NA,NA,NA,NA,NA,NA,NA,NA,0.00,NA,NA,NA
2022-08-02 01:00:00,19.44,57.12,4.47,24.53,29.00,NA,NA,0.60,21.49,NA,NA,NA,NA,NA,NA,NA,NA,NA,NA,NA,0.00,NA,NA,NA
2022-08-02 02:00:00,16.11,45.62,4.35,22.89,27.24,NA,NA,0.60,19.35,NA,NA,NA,NA,NA,NA,NA,NA,NA,NA,NA,0.00,NA,NA,NA
2022-08-02 03:00:00,16.25,37.93,4.26,22.73,26.99,NA,NA,0.59,19.32,NA,NA,NA,NA,NA,NA,NA,NA,NA,NA,NA,0.00,NA,NA,NA
2022-08-02 04:00:00,14.16,39.07,4.30,21.88,26.18,NA,NA,0.58,21.13,NA,NA,NA,NA,NA,NA,NA,NA,NA,NA,NA,0.00,NA,NA,NA
2022-08-02 05:00:00,3.56,30.15,4.22,20.50,24.72,NA,NA,0.57,23.26,NA,NA,NA,NA,NA,NA,NA,NA,NA,NA,NA,0.00,NA,NA,NA
2022-08-02 06:00:00,10.23,18.38,4.92,20.56,25.48,NA,NA,0.57,22.03,NA,NA,NA,NA,NA,NA,NA,NA,NA,NA,NA,0.00,NA,NA,NA
2022-08-02 07:00:00,9.97,30.21,7.41,22.77,30.17,NA,NA,0.61,24.03,NA,NA,NA,NA,NA,NA,NA,NA,NA,NA,NA,0.00,NA,NA,NA
2022-08-02 08:00:00,18.61,48.10,7.93,23.62,31.55,NA,NA,0.62,31.70,NA,NA,NA,NA,NA,NA,NA,NA,NA,NA,NA,0.00,NA,NA,NA
2022-08-02 09:00:00,28.41,50.19,6.54,21.03,27.57,NA,NA,0.62,43.42,NA,NA,NA,NA,NA,NA,NA,NA,NA,NA,NA,0.00,NA,NA,NA
2022-08-02 10:00:00,24.43,67.28,6.89,19.59,26.47,NA,NA,0.58,51.34,NA,NA,NA,NA,NA,NA,NA,NA,NA,NA,NA,0.00,NA,NA,NA
2022-08-02 11:00:00,41.14,71.55,6.94,18.42,25.36,NA,NA,0.56,61.91,NA,NA,NA,NA,NA,NA,NA,NA,NA,NA,NA,0.00,NA,NA,NA
2022-08-02 12:00:00,27.99,42.34,6.45,17.82,24.27,NA,NA,0.56,63.85,NA,NA,NA,NA,NA,NA,NA,NA,NA,NA,NA,0.00,NA,NA,NA
2022-08-02 13:00:00,15.26,36.49,7.33,18.08,25.41,NA,NA,0.55,65.07,NA,NA,NA,NA,NA,NA,NA,NA,NA,NA,NA,0.00,NA,NA,NA
2022-08-02 14:00:00,27.03,56.20,11.88,18.80,30.62,NA,NA,0.54,70.11,NA,NA,NA,NA,NA,NA,NA,NA,NA,NA,NA,0.00,NA,NA,NA
2022-08-02 15:00:00,40.02,73.81,56.19,29.24,85.49,NA,NA,0.53,69.80,NA,NA,NA,NA,NA,NA,NA,NA,NA,NA,NA,0.00,NA,NA,NA
2022-08-02 16:00:00,72.02,128.40,30.90,23.90,54.75,NA,NA,0.50,71.47,NA,NA,NA,NA,NA,NA,NA,NA,NA,NA,NA,0.00,NA,NA,NA
2022-08-02 17:00:00,86.97,127.16,17.12,22.66,39.82,NA,NA,0.43,64.18,NA,NA,NA,NA,NA,NA,NA,NA,NA,NA,NA,0.00,NA,NA,NA
2022-08-02 18:00:00,118.79,190.93,11.43,24.78,36.22,NA,NA,0.39,51.75,NA,NA,NA,NA,NA,NA,NA,NA,NA,NA,NA,0.00,NA,NA,NA
2022-08-02 19:00:00,79.04,130.81,8.04,21.95,30.00,NA,NA,0.46,32.98,NA,NA,NA,NA,NA,NA,NA,NA,NA,NA,NA,0.00,NA,NA,NA
2022-08-02 20:00:00,14.69,22.69,6.59,30.63,37.22,NA,NA,0.63,15.66,NA,NA,NA,NA,NA,NA,NA,NA,NA,NA,NA,0.00,NA,NA,NA
2022-08-02 21:00:00,5.86,17.43,6.26,33.73,39.98,NA,NA,0.73,10.96,NA,NA,NA,NA,NA,NA,NA,NA,NA,NA,NA,0.00,NA,NA,NA
2022-08-02 22:00:00,12.23,50.30,8.57,35.28,43.85,NA,NA,0.77,9.26,NA,NA,NA,NA,NA,NA,NA,NA,NA,NA,NA,0.00,NA,NA,NA
2022-08-02 23:00:00,27.26,70.50,5.80,30.70,36.51,NA,NA,0.67,12.53,NA,NA,NA,NA,NA,NA,NA,NA,NA,NA,NA,0.00,NA,NA,NA
2022-08-03 00:00:00,19.67,55.01,4.77,23.57,28.34,NA,NA,0.58,17.72,NA,NA,NA,NA,NA,NA,NA,NA,NA,NA,NA,0.00,NA,NA,NA
2022-08-03 01:00:00,15.45,37.60,5.28,25.05,30.33,NA,NA,0.55,13.05,NA,NA,NA,NA,NA,NA,NA,NA,NA,NA,NA,0.00,NA,NA,NA
2022-08-03 02:00:00,10.53,41.12,6.58,25.07,31.65,NA,NA,0.55,9.92,NA,NA,NA,NA,NA,NA,NA,NA,NA,NA,NA,0.00,NA,NA,NA
2022-08-03 03:00:00,25.06,51.36,6.38,24.85,31.23,NA,NA,0.56,9.64,NA,NA,NA,NA,NA,NA,NA,NA,NA,NA,NA,0.00,NA,NA,NA
2022-08-03 04:00:00,27.29,61.60,9.30,25.00,34.30,NA,NA,0.58,8.83,NA,NA,NA,NA,NA,NA,NA,NA,NA,NA,NA,0.00,NA,NA,NA
2022-08-03 05:00:00,24.34,61.55,12.38,23.72,36.10,NA,NA,0.59,8.32,NA,NA,NA,NA,NA,NA,NA,NA,NA,NA,NA,0.00,NA,NA,NA
2022-08-03 06:00:00,21.32,50.63,13.50,21.52,35.00,NA,NA,0.59,9.35,NA,NA,NA,NA,NA,NA,NA,NA,NA,NA,NA,0.00,NA,NA,NA
2022-08-03 07:00:00,30.74,77.69,19.32,31.61,50.95,NA,NA,0.65,13.41,NA,NA,NA,NA,NA,NA,NA,NA,NA,NA,NA,0.00,NA,NA,NA
2022-08-03 08:00:00,47.09,99.28,12.55,39.63,52.18,NA,NA,0.75,27.97,NA,NA,NA,NA,NA,NA,NA,NA,NA,NA,NA,0.00,NA,NA,NA
2022-08-03 09:00:00,75.32,161.57,7.75,33.39,41.14,NA,NA,0.69,52.13,NA,NA,NA,NA,NA,NA,NA,NA,NA,NA,NA,0.00,NA,NA,NA
2022-08-03 10:00:00,78.92,165.33,7.16,36.13,43.29,NA,NA,0.71,78.92,NA,NA,NA,NA,NA,NA,NA,NA,NA,NA,NA,0.00,NA,NA,NA
2022-08-03 11:00:00,44.90,118.23,6.49,22.48,28.97,NA,NA,0.61,98.52,NA,NA,NA,NA,NA,NA,NA,NA,NA,NA,NA,0.00,NA,NA,NA
2022-08-03 12:00:00,46.54,102.14,5.66,21.52,27.17,NA,NA,0.63,76.44,NA,NA,NA,NA,NA,NA,NA,NA,NA,NA,NA,0.00,NA,NA,NA
2022-08-03 13:00:00,24.97,32.02,7.18,20.12,27.31,NA,NA,0.61,84.88,NA,NA,NA,NA,NA,NA,NA,NA,NA,NA,NA,0.00,NA,NA,NA
2022-08-03 14:00:00,31.55,70.64,6.21,20.14,26.35,NA,NA,0.63,100.02,NA,NA,NA,NA,NA,NA,NA,NA,NA,NA,NA,0.00,NA,NA,NA
2022-08-03 15:00:00,41.76,61.22,6.04,21.18,27.22,NA,NA,0.66,103.10,NA,NA,NA,NA,NA,NA,NA,NA,NA,NA,NA,0.00,NA,NA,NA
2022-08-03 16:00:00,49.26,92.69,5.49,25.73,31.23,NA,NA,0.72,111.97,NA,NA,NA,NA,NA,NA,NA,NA,NA,NA,NA,0.00,NA,NA,NA
2022-08-03 17:00:00,81.32,130.25,4.60,29.58,34.18,NA,NA,0.80,91.10,NA,NA,NA,NA,NA,NA,NA,NA,NA,NA,NA,0.00,NA,NA,NA
2022-08-03 18:00:00,44.65,91.53,4.44,29.24,33.68,NA,NA,0.76,62.55,NA,NA,NA,NA,NA,NA,NA,NA,NA,NA,NA,0.00,NA,NA,NA
2022-08-03 19:00:00,55.12,104.01,4.54,31.61,36.15,NA,NA,0.86,46.82,NA,NA,NA,NA,NA,NA,NA,NA,NA,NA,NA,0.00,NA,NA,NA
2022-08-03 20:00:00,68.02,130.07,4.56,29.78,34.34,NA,NA,0.77,30.74,NA,NA,NA,NA,NA,NA,NA,NA,NA,NA,NA,0.00,NA,NA,NA
2022-08-03 21:00:00,55.79,89.19,4.49,26.23,30.72,NA,NA,0.68,30.35,NA,NA,NA,NA,NA,NA,NA,NA,NA,NA,NA,0.00,NA,NA,NA
2022-08-03 22:00:00,42.68,70.89,4.52,23.96,28.48,NA,NA,0.65,28.14,NA,NA,NA,NA,NA,NA,NA,NA,NA,NA,NA,0.00,NA,NA,NA
2022-08-03 23:00:00,31.64,33.86,4.49,20.66,25.14,NA,NA,0.62,23.94,NA,NA,NA,NA,NA,NA,NA,NA,NA,NA,NA,0.00,NA,NA,NA
2022-08-04 00:00:00,40.92,70.66,5.03,20.48,25.50,NA,NA,0.61,25.95,NA,NA,NA,NA,NA,NA,NA,NA,NA,NA,NA,0.00,NA,NA,NA
2022-08-04 01:00:00,25.13,40.58,4.59,20.28,24.88,NA,NA,0.60,25.12,NA,NA,NA,NA,NA,NA,NA,NA,NA,NA,NA,0.00,NA,NA,NA
2022-08-04 02:00:00,18.56,38.38,4.49,21.64,26.13,NA,NA,0.59,22.49,NA,NA,NA,NA,NA,NA,NA,NA,NA,NA,NA,0.00,NA,NA,NA
2022-08-04 03:00:00,15.50,44.04,4.44,20.62,25.06,NA,NA,0.61,25.08,NA,NA,NA,NA,NA,NA,NA,NA,NA,NA,NA,0.00,NA,NA,NA
2022-08-04 04:00:00,30.14,62.97,4.42,22.91,27.33,NA,NA,0.65,20.97,NA,NA,NA,NA,NA,NA,NA,NA,NA,NA,NA,0.00,NA,NA,NA
2022-08-04 05:00:00,50.61,72.56,4.90,20.64,25.54,NA,NA,0.66,13.09,NA,NA,NA,NA,NA,NA,NA,NA,NA,NA,NA,0.00,NA,NA,NA
2022-08-04 06:00:00,58.68,86.72,5.55,25.17,30.72,NA,NA,0.71,13.28,NA,NA,NA,NA,NA,NA,NA,NA,NA,NA,NA,0.00,NA,NA,NA
2022-08-04 07:00:00,58.37,95.41,7.13,27.66,34.79,NA,NA,0.71,15.99,NA,NA,NA,NA,NA,NA,NA,NA,NA,NA,NA,0.00,NA,NA,NA
2022-08-04 08:00:00,61.98,106.13,6.79,25.17,31.97,NA,NA,0.79,34.64,NA,NA,NA,NA,NA,NA,NA,NA,NA,NA,NA,0.00,NA,NA,NA
2022-08-04 09:00:00,61.61,93.41,6.37,20.49,26.86,NA,NA,0.70,45.06,NA,NA,NA,NA,NA,NA,NA,NA,NA,NA,NA,0.00,NA,NA,NA
2022-08-04 10:00:00,55.49,85.79,6.83,20.22,27.05,NA,NA,0.68,48.76,NA,NA,NA,NA,NA,NA,NA,NA,NA,NA,NA,0.00,NA,NA,NA
2022-08-04 11:00:00,41.51,70.28,6.61,18.45,25.06,NA,NA,0.64,57.61,NA,NA,NA,NA,NA,NA,NA,NA,NA,NA,NA,0.00,NA,NA,NA
2022-08-04 12:00:00,40.71,68.50,6.63,18.13,24.76,NA,NA,0.63,63.02,NA,NA,NA,NA,NA,NA,NA,NA,NA,NA,NA,0.00,NA,NA,NA
2022-08-04 13:00:00,26.81,39.46,6.39,17.67,24.07,NA,NA,0.62,67.83,NA,NA,NA,NA,NA,NA,NA,NA,NA,NA,NA,0.00,NA,NA,NA
2022-08-04 14:00:00,30.57,39.75,6.27,18.36,24.63,NA,NA,0.63,67.88,NA,NA,NA,NA,NA,NA,NA,NA,NA,NA,NA,0.00,NA,NA,NA
2022-08-04 15:00:00,54.78,72.95,6.50,27.63,34.13,NA,NA,0.73,85.19,NA,NA,NA,NA,NA,NA,NA,NA,NA,NA,NA,0.00,NA,NA,NA
2022-08-04 16:00:00,63.20,61.46,4.92,23.30,28.23,NA,NA,0.66,77.45,NA,NA,NA,NA,NA,NA,NA,NA,NA,NA,NA,0.00,NA,NA,NA
2022-08-04 17:00:00,25.36,81.44,4.89,19.43,24.32,NA,NA,0.60,47.51,NA,NA,NA,NA,NA,NA,NA,NA,NA,NA,NA,0.00,NA,NA,NA
2022-08-04 18:00:00,16.94,61.01,6.00,20.69,26.69,NA,NA,0.57,32.84,NA,NA,NA,NA,NA,NA,NA,NA,NA,NA,NA,0.00,NA,NA,NA
2022-08-04 19:00:00,50.71,88.58,6.76,19.81,26.57,NA,NA,0.58,18.06,NA,NA,NA,NA,NA,NA,NA,NA,NA,NA,NA,0.00,NA,NA,NA
2022-08-04 20:00:00,32.59,41.96,7.64,25.68,33.32,NA,NA,0.69,12.79,NA,NA,NA,NA,NA,NA,NA,NA,NA,NA,NA,0.00,NA,NA,NA
2022-08-04 21:00:00,12.68,24.53,5.85,29.27,35.12,NA,NA,0.72,14.37,NA,NA,NA,NA,NA,NA,NA,NA,NA,NA,NA,0.00,NA,NA,NA
2022-08-04 22:00:00,9.67,17.98,4.99,25.46,30.46,NA,NA,0.65,16.97,NA,NA,NA,NA,NA,NA,NA,NA,NA,NA,NA,0.00,NA,NA,NA
2022-08-04 23:00:00,8.52,17.06,4.76,23.92,28.68,NA,NA,0.62,18.73,NA,NA,NA,NA,NA,NA,NA,NA,NA,NA,NA,0.00,NA,NA,NA
2022-08-05 00:00:00,3.60,22.92,4.75,20.84,25.59,NA,NA,0.59,23.56,NA,NA,NA,NA,NA,NA,NA,NA,NA,NA,NA,0.00,NA,NA,NA
2022-08-05 01:00:00,19.44,34.70,4.70,19.34,24.05,NA,NA,0.59,24.82,NA,NA,NA,NA,NA,NA,NA,NA,NA,NA,NA,0.00,NA,NA,NA
2022-08-05 02:00:00,8.35,30.41,4.72,19.24,23.96,NA,NA,0.58,22.13,NA,NA,NA,NA,NA,NA,NA,NA,NA,NA,NA,0.00,NA,NA,NA
2022-08-05 03:00:00,22.36,34.10,4.55,17.77,22.32,NA,NA,0.58,23.16,NA,NA,NA,NA,NA,NA,NA,NA,NA,NA,NA,0.00,NA,NA,NA
2022-08-05 04:00:00,15.43,37.12,4.64,18.36,23.00,NA,NA,0.59,23.46,NA,NA,NA,NA,NA,NA,NA,NA,NA,NA,NA,0.00,NA,NA,NA
2022-08-05 05:00:00,25.49,37.21,4.68,18.40,23.08,NA,NA,0.59,25.66,NA,NA,NA,NA,NA,NA,NA,NA,NA,NA,NA,0.00,NA,NA,NA
2022-08-05 06:00:00,27.39,48.05,4.67,18.36,23.03,NA,NA,0.59,27.55,NA,NA,NA,NA,NA,NA,NA,NA,NA,NA,NA,0.00,NA,NA,NA
2022-08-05 07:00:00,28.69,47.90,5.44,19.06,24.50,NA,NA,0.61,23.79,NA,NA,NA,NA,NA,NA,NA,NA,NA,NA,NA,0.00,NA,NA,NA
2022-08-05 08:00:00,36.28,57.68,5.70,18.48,24.18,NA,NA,0.61,27.21,NA,NA,NA,NA,NA,NA,NA,NA,NA,NA,NA,0.00,NA,NA,NA
2022-08-05 09:00:00,46.96,58.34,5.69,19.29,24.98,NA,NA,0.66,26.85,NA,NA,NA,NA,NA,NA,NA,NA,NA,NA,NA,0.00,NA,NA,NA
2022-08-05 10:00:00,38.69,65.73,6.08,20.35,26.43,NA,NA,0.69,29.45,NA,NA,NA,NA,NA,NA,NA,NA,NA,NA,NA,0.00,NA,NA,NA
2022-08-05 11:00:00,32.35,36.29,5.04,16.49,21.54,NA,NA,0.57,37.73,NA,NA,NA,NA,NA,NA,NA,NA,NA,NA,NA,0.00,NA,NA,NA
2022-08-05 12:00:00,2.97,5.68,5.56,17.66,23.22,NA,NA,0.55,36.84,NA,NA,NA,NA,NA,NA,NA,NA,NA,NA,NA,0.00,NA,NA,NA
2022-08-05 13:00:00,6.02,14.71,6.72,17.13,23.86,NA,NA,0.55,42.77,NA,NA,NA,NA,NA,NA,NA,NA,NA,NA,NA,0.00,NA,NA,NA
2022-08-05 14:00:00,47.23,62.95,5.42,16.90,22.32,NA,NA,0.56,40.61,NA,NA,NA,NA,NA,NA,NA,NA,NA,NA,NA,0.00,NA,NA,NA
2022-08-05 15:00:00,18.77,17.75,5.39,16.48,21.87,NA,NA,0.55,39.73,NA,NA,NA,NA,NA,NA,NA,NA,NA,NA,NA,0.00,NA,NA,NA
2022-08-05 16:00:00,NA,0.98,6.24,17.42,23.67,NA,NA,0.56,43.09,NA,NA,NA,NA,NA,NA,NA,NA,NA,NA,NA,0.00,NA,NA,NA
2022-08-05 17:00:00,22.76,27.41,5.38,16.39,21.77,NA,NA,0.57,40.39,NA,NA,NA,NA,NA,NA,NA,NA,NA,NA,NA,0.00,NA,NA,NA
2022-08-05 18:00:00,28.10,55.31,5.46,16.79,22.25,NA,NA,0.55,35.54,NA,NA,NA,NA,NA,NA,NA,NA,NA,NA,NA,0.00,NA,NA,NA
2022-08-05 19:00:00,56.54,83.70,5.51,16.47,21.99,NA,NA,0.55,17.26,NA,NA,NA,NA,NA,NA,NA,NA,NA,NA,NA,0.00,NA,NA,NA
2022-08-05 20:00:00,36.70,61.35,6.16,20.85,27.01,NA,NA,0.62,11.28,NA,NA,NA,NA,NA,NA,NA,NA,NA,NA,NA,0.00,NA,NA,NA
2022-08-05 21:00:00,33.83,38.75,6.10,23.61,29.72,NA,NA,0.75,11.00,NA,NA,NA,NA,NA,NA,NA,NA,NA,NA,NA,0.00,NA,NA,NA
2022-08-05 22:00:00,26.63,44.78,9.50,32.41,41.91,NA,NA,1.00,9.26,NA,NA,NA,NA,NA,NA,NA,NA,NA,NA,NA,0.00,NA,NA,NA
2022-08-05 23:00:00,30.65,57.75,9.66,45.22,54.88,NA,NA,1.21,9.30,NA,NA,NA,NA,NA,NA,NA,NA,NA,NA,NA,0.00,NA,NA,NA
2022-08-06 00:00:00,39.35,75.86,8.77,43.24,52.03,NA,NA,1.13,10.55,NA,NA,NA,NA,NA,NA,NA,NA,NA,NA,NA,0.00,NA,NA,NA
2022-08-06 01:00:00,37.99,75.98,4.84,26.12,30.97,NA,NA,0.78,16.17,NA,NA,NA,NA,NA,NA,NA,NA,NA,NA,NA,0.00,NA,NA,NA
2022-08-06 02:00:00,32.01,51.56,4.64,20.91,25.55,NA,NA,0.65,19.18,NA,NA,NA,NA,NA,NA,NA,NA,NA,NA,NA,0.00,NA,NA,NA
2022-08-06 03:00:00,29.07,55.68,4.59,20.55,25.14,NA,NA,0.64,17.56,NA,NA,NA,NA,NA,NA,NA,NA,NA,NA,NA,0.00,NA,NA,NA
2022-08-06 04:00:00,31.55,60.56,4.65,21.03,25.68,NA,NA,0.65,17.01,NA,NA,NA,NA,NA,NA,NA,NA,NA,NA,NA,0.00,NA,NA,NA
2022-08-06 05:00:00,35.25,53.59,4.68,19.98,24.66,NA,NA,0.65,13.24,NA,NA,NA,NA,NA,NA,NA,NA,NA,NA,NA,0.00,NA,NA,NA
2022-08-06 06:00:00,35.17,53.72,5.08,20.68,25.76,NA,NA,0.66,15.93,NA,NA,NA,NA,NA,NA,NA,NA,NA,NA,NA,0.00,NA,NA,NA
2022-08-06 07:00:00,37.50,48.43,5.13,18.41,23.53,NA,NA,0.63,27.64,NA,NA,NA,NA,NA,NA,NA,NA,NA,NA,NA,0.00,NA,NA,NA
2022-08-06 08:00:00,18.52,17.29,6.41,19.24,25.65,NA,NA,0.64,38.03,NA,NA,NA,NA,NA,NA,NA,NA,NA,NA,NA,0.00,NA,NA,NA
2022-08-06 09:00:00,17.07,15.64,5.88,18.02,23.90,NA,NA,0.60,41.61,NA,NA,NA,NA,NA,NA,NA,NA,NA,NA,NA,0.00,NA,NA,NA
2022-08-06 10:00:00,32.48,37.96,5.65,19.12,24.77,NA,NA,0.62,39.14,NA,NA,NA,NA,NA,NA,NA,NA,NA,NA,NA,0.00,NA,NA,NA
2022-08-06 11:00:00,30.84,47.74,5.96,20.88,26.84,NA,NA,0.69,48.36,NA,NA,NA,NA,NA,NA,NA,NA,NA,NA,NA,0.00,NA,NA,NA
2022-08-06 12:00:00,37.44,52.73,5.85,18.61,24.46,NA,NA,0.63,50.25,NA,NA,NA,NA,NA,NA,NA,NA,NA,NA,NA,0.00,NA,NA,NA
2022-08-06 13:00:00,21.68,29.41,6.22,17.44,23.66,NA,NA,0.59,50.47,NA,NA,NA,NA,NA,NA,NA,NA,NA,NA,NA,0.00,NA,NA,NA
2022-08-06 14:00:00,25.92,32.07,6.20,16.74,22.94,NA,NA,0.59,54.34,NA,NA,NA,NA,NA,NA,NA,NA,NA,NA,NA,0.00,NA,NA,NA
2022-08-06 15:00:00,25.42,26.22,6.41,16.69,23.09,NA,NA,0.58,54.48,NA,NA,NA,NA,NA,NA,NA,NA,NA,NA,NA,0.00,NA,NA,NA
2022-08-06 16:00:00,28.90,36.97,5.61,15.69,21.30,NA,NA,0.58,53.69,NA,NA,NA,NA,NA,NA,NA,NA,NA,NA,NA,0.00,NA,NA,NA
2022-08-06 17:00:00,42.44,50.27,4.94,15.62,20.55,NA,NA,0.58,55.59,NA,NA,NA,NA,NA,NA,NA,NA,NA,NA,NA,0.00,NA,NA,NA
2022-08-06 18:00:00,35.28,49.06,4.67,15.61,20.28,NA,NA,0.58,43.26,NA,NA,NA,NA,NA,NA,NA,NA,NA,NA,NA,0.00,NA,NA,NA
2022-08-06 19:00:00,41.49,63.73,4.32,22.83,27.15,NA,NA,0.72,42.88,NA,NA,NA,NA,NA,NA,NA,NA,NA,NA,NA,0.00,NA,NA,NA
2022-08-06 20:00:00,54.14,80.24,4.49,22.95,27.44,NA,NA,0.83,30.79,NA,NA,NA,NA,NA,NA,NA,NA,NA,NA,NA,0.00,NA,NA,NA
2022-08-06 21:00:00,53.97,78.16,4.76,21.29,26.06,NA,NA,0.79,23.21,NA,NA,NA,NA,NA,NA,NA,NA,NA,NA,NA,0.00,NA,NA,NA
2022-08-06 22:00:00,39.82,71.70,4.57,21.53,26.10,NA,NA,0.70,24.84,NA,NA,NA,NA,NA,NA,NA,NA,NA,NA,NA,0.00,NA,NA,NA
2022-08-06 23:00:00,64.68,107.50,4.73,24.55,29.28,NA,NA,0.76,22.57,NA,NA,NA,NA,NA,NA,NA,NA,NA,NA,NA,0.00,NA,NA,NA
2022-08-07 00:00:00,60.77,105.23,4.99,24.09,29.08,NA,NA,0.79,12.75,NA,NA,NA,NA,NA,NA,NA,NA,NA,NA,NA,0.00,NA,NA,NA
2022-08-07 01:00:00,54.66,102.56,5.73,23.33,29.06,NA,NA,0.80,10.98,NA,NA,NA,NA,NA,NA,NA,NA,NA,NA,NA,0.00,NA,NA,NA
2022-08-07 02:00:00,54.71,96.81,8.81,23.07,31.87,NA,NA,0.80,8.38,NA,NA,NA,NA,NA,NA,NA,NA,NA,NA,NA,0.00,NA,NA,NA
2022-08-07 03:00:00,46.78,83.67,5.75,20.95,26.69,NA,NA,0.75,10.68,NA,NA,NA,NA,NA,NA,NA,NA,NA,NA,NA,0.00,NA,NA,NA
2022-08-07 04:00:00,40.75,71.72,5.61,19.55,25.16,NA,NA,0.73,9.73,NA,NA,NA,NA,NA,NA,NA,NA,NA,NA,NA,0.00,NA,NA,NA
2022-08-07 05:00:00,44.44,79.79,6.07,21.74,27.81,NA,NA,0.71,12.13,NA,NA,NA,NA,NA,NA,NA,NA,NA,NA,NA,0.00,NA,NA,NA
2022-08-07 06:00:00,23.99,31.32,4.65,18.49,23.14,NA,NA,0.54,21.93,NA,NA,NA,NA,NA,NA,NA,NA,NA,NA,NA,0.00,NA,NA,NA
2022-08-07 07:00:00,17.86,25.80,4.99,19.18,24.18,NA,NA,0.56,15.12,NA,NA,NA,NA,NA,NA,NA,NA,NA,NA,NA,0.00,NA,NA,NA
2022-08-07 08:00:00,26.59,44.81,5.01,18.95,23.96,NA,NA,0.62,17.75,NA,NA,NA,NA,NA,NA,NA,NA,NA,NA,NA,0.00,NA,NA,NA
2022-08-07 09:00:00,40.74,52.65,5.43,22.84,28.27,NA,NA,0.67,20.59,NA,NA,NA,NA,NA,NA,NA,NA,NA,NA,NA,0.00,NA,NA,NA
2022-08-07 10:00:00,24.16,27.27,4.57,17.62,22.19,NA,NA,0.58,34.29,NA,NA,NA,NA,NA,NA,NA,NA,NA,NA,NA,0.00,NA,NA,NA
2022-08-07 11:00:00,12.10,48.83,5.29,17.98,23.28,NA,NA,0.54,29.18,NA,NA,NA,NA,NA,NA,NA,NA,NA,NA,NA,0.00,NA,NA,NA
2022-08-07 12:00:00,36.12,68.35,6.38,20.04,26.42,NA,NA,0.52,30.60,NA,NA,NA,NA,NA,NA,NA,NA,NA,NA,NA,0.00,NA,NA,NA
2022-08-07 13:00:00,45.28,64.21,7.18,18.46,25.64,NA,NA,0.45,32.47,NA,NA,NA,NA,NA,NA,NA,NA,NA,NA,NA,0.00,NA,NA,NA
2022-08-07 14:00:00,14.71,13.97,6.53,15.91,22.44,NA,NA,0.49,39.80,NA,NA,NA,NA,NA,NA,NA,NA,NA,NA,NA,0.00,NA,NA,NA
2022-08-07 15:00:00,NA,NA,6.12,18.81,24.94,NA,NA,0.57,41.09,NA,NA,NA,NA,NA,NA,NA,NA,NA,NA,NA,0.00,NA,NA,NA
2022-08-07 16:00:00,6.36,6.46,5.83,18.67,24.50,NA,NA,0.55,40.51,NA,NA,NA,NA,NA,NA,NA,NA,NA,NA,NA,0.00,NA,NA,NA
2022-08-07 17:00:00,17.57,58.02,6.77,18.67,25.44,NA,NA,0.48,40.16,NA,NA,NA,NA,NA,NA,NA,NA,NA,NA,NA,0.00,NA,NA,NA
2022-08-07 18:00:00,54.58,58.71,6.26,17.59,23.84,NA,NA,0.49,41.96,NA,NA,NA,NA,NA,NA,NA,NA,NA,NA,NA,0.00,NA,NA,NA
2022-08-07 19:00:00,14.42,15.30,4.91,17.79,22.70,NA,NA,0.54,26.64,NA,NA,NA,NA,NA,NA,NA,NA,NA,NA,NA,0.00,NA,NA,NA
2022-08-07 20:00:00,2.61,2.97,4.77,18.45,23.23,NA,NA,0.58,16.28,NA,NA,NA,NA,NA,NA,NA,NA,NA,NA,NA,0.00,NA,NA,NA
2022-08-07 21:00:00,5.14,14.58,4.83,20.76,25.60,NA,NA,0.59,14.40,NA,NA,NA,NA,NA,NA,NA,NA,NA,NA,NA,0.00,NA,NA,NA
2022-08-07 22:00:00,14.72,28.69,4.79,20.90,25.68,NA,NA,0.65,17.84,NA,NA,NA,NA,NA,NA,NA,NA,NA,NA,NA,0.00,NA,NA,NA
2022-08-07 23:00:00,15.79,35.98,4.55,19.04,23.58,NA,NA,0.58,19.07,NA,NA,NA,NA,NA,NA,NA,NA,NA,NA,NA,0.00,NA,NA,NA
2022-08-08 00:00:00,14.74,31.80,4.64,17.83,22.47,NA,NA,0.57,16.35,NA,NA,NA,NA,NA,NA,NA,NA,NA,NA,NA,0.00,NA,NA,NA
2022-08-08 01:00:00,16.29,27.66,4.63,16.22,20.85,NA,NA,0.56,16.50,NA,NA,NA,NA,NA,NA,NA,NA,NA,NA,NA,0.00,NA,NA,NA
2022-08-08 02:00:00,10.26,24.63,4.98,16.68,21.66,NA,NA,0.56,11.52,NA,NA,NA,NA,NA,NA,NA,NA,NA,NA,NA,0.00,NA,NA,NA
2022-08-08 03:00:00,13.88,32.05,4.88,18.11,22.99,NA,NA,0.57,10.90,NA,NA,NA,NA,NA,NA,NA,NA,NA,NA,NA,0.00,NA,NA,NA
2022-08-08 04:00:00,13.63,30.12,5.62,17.79,23.41,NA,NA,0.57,9.92,NA,NA,NA,NA,NA,NA,NA,NA,NA,NA,NA,0.00,NA,NA,NA
2022-08-08 05:00:00,11.66,36.25,4.71,19.44,24.15,NA,NA,0.59,15.40,NA,NA,NA,NA,NA,NA,NA,NA,NA,NA,NA,0.00,NA,NA,NA
2022-08-08 06:00:00,21.14,39.95,5.86,21.13,27.00,NA,NA,0.61,14.23,NA,NA,NA,NA,NA,NA,NA,NA,NA,NA,NA,0.00,NA,NA,NA
2022-08-08 07:00:00,33.20,58.23,8.54,26.29,34.85,NA,NA,0.71,33.56,NA,NA,NA,NA,NA,NA,NA,NA,NA,NA,NA,0.00,NA,NA,NA
2022-08-08 08:00:00,23.93,34.55,7.77,23.81,31.55,NA,NA,0.64,62.09,NA,NA,NA,NA,NA,NA,NA,NA,NA,NA,NA,0.00,NA,NA,NA
2022-08-08 09:00:00,38.97,49.81,6.72,20.94,27.65,NA,NA,0.62,59.86,NA,NA,NA,NA,NA,NA,NA,NA,NA,NA,NA,0.00,NA,NA,NA
2022-08-08 10:00:00,40.66,52.01,6.46,19.23,25.69,NA,NA,0.63,63.63,NA,NA,NA,NA,NA,NA,NA,NA,NA,NA,NA,0.00,NA,NA,NA
2022-08-08 11:00:00,37.73,47.39,6.29,18.44,24.73,NA,NA,0.62,67.80,NA,NA,NA,NA,NA,NA,NA,NA,NA,NA,NA,0.00,NA,NA,NA
2022-08-08 12:00:00,42.91,63.46,6.08,18.94,25.02,NA,NA,0.65,80.13,NA,NA,NA,NA,NA,NA,NA,NA,NA,NA,NA,0.00,NA,NA,NA
2022-08-08 13:00:00,46.25,63.78,6.09,18.15,24.23,NA,NA,0.62,73.57,NA,NA,NA,NA,NA,NA,NA,NA,NA,NA,NA,0.00,NA,NA,NA
2022-08-08 14:00:00,30.26,38.06,5.90,16.50,22.41,NA,NA,0.59,64.10,NA,NA,NA,NA,NA,NA,NA,NA,NA,NA,NA,0.00,NA,NA,NA
2022-08-08 15:00:00,30.45,41.35,6.23,16.70,22.93,NA,NA,0.60,66.16,NA,NA,NA,NA,NA,NA,NA,NA,NA,NA,NA,0.00,NA,NA,NA
2022-08-08 16:00:00,47.18,65.13,5.64,16.96,22.61,NA,NA,0.61,70.07,NA,NA,NA,NA,NA,NA,NA,NA,NA,NA,NA,0.00,NA,NA,NA
2022-08-08 17:00:00,52.68,77.10,4.98,17.54,22.51,NA,NA,0.61,68.82,NA,NA,NA,NA,NA,NA,NA,NA,NA,NA,NA,0.00,NA,NA,NA
2022-08-08 18:00:00,51.78,83.91,4.63,17.38,22.01,NA,NA,0.62,48.90,NA,NA,NA,NA,NA,NA,NA,NA,NA,NA,NA,0.00,NA,NA,NA
2022-08-08 19:00:00,37.48,68.67,4.60,19.91,24.53,NA,NA,0.64,27.58,NA,NA,NA,NA,NA,NA,NA,NA,NA,NA,NA,0.00,NA,NA,NA
2022-08-08 20:00:00,67.30,121.42,5.27,24.40,29.67,NA,NA,0.72,22.92,NA,NA,NA,NA,NA,NA,NA,NA,NA,NA,NA,0.00,NA,NA,NA
2022-08-08 21:00:00,61.36,83.34,5.00,23.70,28.70,NA,NA,0.77,21.98,NA,NA,NA,NA,NA,NA,NA,NA,NA,NA,NA,0.00,NA,NA,NA
2022-08-08 22:00:00,36.96,75.72,4.77,29.02,33.79,NA,NA,0.73,22.41,NA,NA,NA,NA,NA,NA,NA,NA,NA,NA,NA,0.00,NA,NA,NA
2022-08-08 23:00:00,39.96,85.64,5.21,25.87,31.07,NA,NA,0.77,12.11,NA,NA,NA,NA,NA,NA,NA,NA,NA,NA,NA,0.00,NA,NA,NA
2022-08-09 00:00:00,43.98,94.27,5.46,29.74,35.20,NA,NA,0.82,10.94,NA,NA,NA,NA,NA,NA,NA,NA,NA,NA,NA,0.00,NA,NA,NA
2022-08-09 01:00:00,55.68,127.28,6.57,29.67,36.23,NA,NA,0.87,9.35,NA,NA,NA,NA,NA,NA,NA,NA,NA,NA,NA,0.00,NA,NA,NA
2022-08-09 02:00:00,42.93,87.24,5.07,25.94,31.02,NA,NA,0.76,14.61,NA,NA,NA,NA,NA,NA,NA,NA,NA,NA,NA,0.00,NA,NA,NA
2022-08-09 03:00:00,43.19,84.64,4.66,25.96,30.62,NA,NA,0.73,14.79,NA,NA,NA,NA,NA,NA,NA,NA,NA,NA,NA,0.00,NA,NA,NA
2022-08-09 04:00:00,39.50,76.45,4.58,21.82,26.40,NA,NA,0.68,19.40,NA,NA,NA,NA,NA,NA,NA,NA,NA,NA,NA,0.00,NA,NA,NA
2022-08-09 05:00:00,38.73,61.03,4.49,21.56,26.04,NA,NA,0.68,17.79,NA,NA,NA,NA,NA,NA,NA,NA,NA,NA,NA,0.00,NA,NA,NA
2022-08-09 06:00:00,45.62,63.61,5.32,21.79,27.10,NA,NA,0.71,16.35,NA,NA,NA,NA,NA,NA,NA,NA,NA,NA,NA,0.00,NA,NA,NA
2022-08-09 07:00:00,43.61,59.12,6.34,20.48,26.82,NA,NA,0.70,24.08,NA,NA,NA,NA,NA,NA,NA,NA,NA,NA,NA,0.00,NA,NA,NA
2022-08-09 08:00:00,42.70,58.75,6.24,19.66,25.90,NA,NA,0.67,40.36,NA,NA,NA,NA,NA,NA,NA,NA,NA,NA,NA,0.00,NA,NA,NA
2022-08-09 09:00:00,35.03,44.81,5.95,17.41,23.36,NA,NA,0.63,49.98,NA,NA,NA,NA,NA,NA,NA,NA,NA,NA,NA,0.00,NA,NA,NA
2022-08-09 10:00:00,28.38,46.58,5.99,16.46,22.45,NA,NA,0.61,52.60,NA,NA,NA,NA,NA,NA,NA,NA,NA,NA,NA,0.00,NA,NA,NA
2022-08-09 11:00:00,27.47,36.12,6.06,17.23,23.28,NA,NA,0.61,54.03,NA,NA,NA,NA,NA,NA,NA,NA,NA,NA,NA,0.00,NA,NA,NA
2022-08-09 12:00:00,16.27,40.71,6.60,17.78,24.38,NA,NA,0.56,56.56,NA,NA,NA,NA,NA,NA,NA,NA,NA,NA,NA,0.00,NA,NA,NA
2022-08-09 13:00:00,51.48,87.20,6.82,17.29,24.11,NA,NA,0.54,61.33,NA,NA,NA,NA,NA,NA,NA,NA,NA,NA,NA,0.00,NA,NA,NA
2022-08-09 14:00:00,21.64,34.06,6.86,16.34,23.20,NA,NA,0.53,50.48,NA,NA,NA,NA,NA,NA,NA,NA,NA,NA,NA,0.00,NA,NA,NA
2022-08-09 15:00:00,29.16,62.53,7.35,16.79,24.13,NA,NA,0.47,48.80,NA,NA,NA,NA,NA,NA,NA,NA,NA,NA,NA,0.00,NA,NA,NA
2022-08-09 16:00:00,47.33,63.65,7.25,16.45,23.70,NA,NA,0.48,52.80,NA,NA,NA,NA,NA,NA,NA,NA,NA,NA,NA,0.00,NA,NA,NA
2022-08-09 17:00:00,19.48,27.89,6.11,16.22,22.33,NA,NA,0.50,51.52,NA,NA,NA,NA,NA,NA,NA,NA,NA,NA,NA,0.00,NA,NA,NA
2022-08-09 18:00:00,11.75,13.78,5.30,16.41,21.71,NA,NA,0.53,42.62,NA,NA,NA,NA,NA,NA,NA,NA,NA,NA,NA,0.00,NA,NA,NA
2022-08-09 19:00:00,12.54,23.16,4.67,18.09,22.76,NA,NA,0.57,33.67,NA,NA,NA,NA,NA,NA,NA,NA,NA,NA,NA,0.00,NA,NA,NA
2022-08-09 20:00:00,14.76,29.88,4.68,23.99,28.67,NA,NA,0.72,20.76,NA,NA,NA,NA,NA,NA,NA,NA,NA,NA,NA,0.00,NA,NA,NA
2022-08-09 21:00:00,36.32,69.08,4.61,25.02,29.63,NA,NA,0.73,21.25,NA,NA,NA,NA,NA,NA,NA,NA,NA,NA,NA,0.00,NA,NA,NA
2022-08-09 22:00:00,25.99,64.48,4.48,25.47,29.95,NA,NA,0.68,21.52,NA,NA,NA,NA,NA,NA,NA,NA,NA,NA,NA,0.00,NA,NA,NA
2022-08-09 23:00:00,26.93,56.14,4.56,22.53,27.09,NA,NA,0.64,20.33,NA,NA,NA,NA,NA,NA,NA,NA,NA,NA,NA,0.00,NA,NA,NA
2022-08-10 00:00:00,22.80,36.18,4.61,21.66,26.27,NA,NA,0.64,18.06,NA,NA,NA,NA,NA,NA,NA,NA,NA,NA,NA,0.00,NA,NA,NA
2022-08-10 01:00:00,29.68,50.88,4.69,23.43,28.12,NA,NA,0.65,16.45,NA,NA,NA,NA,NA,NA,NA,NA,NA,NA,NA,0.00,NA,NA,NA
2022-08-10 02:00:00,25.52,56.05,4.70,24.56,29.27,NA,NA,0.62,16.75,NA,NA,NA,NA,NA,NA,NA,NA,NA,NA,NA,0.00,NA,NA,NA
2022-08-10 03:00:00,25.68,49.99,4.64,22.30,26.94,NA,NA,0.60,15.63,NA,NA,NA,NA,NA,NA,NA,NA,NA,NA,NA,0.00,NA,NA,NA
2022-08-10 04:00:00,30.02,57.70,4.62,22.68,27.30,NA,NA,0.61,17.22,NA,NA,NA,NA,NA,NA,NA,NA,NA,NA,NA,0.00,NA,NA,NA
2022-08-10 05:00:00,29.09,53.89,4.71,20.43,25.14,NA,NA,0.58,16.47,NA,NA,NA,NA,NA,NA,NA,NA,NA,NA,NA,0.00,NA,NA,NA
2022-08-10 06:00:00,19.13,42.34,5.63,19.98,25.60,NA,NA,0.60,13.99,NA,NA,NA,NA,NA,NA,NA,NA,NA,NA,NA,0.00,NA,NA,NA
2022-08-10 07:00:00,21.53,40.36,6.38,19.14,25.52,NA,NA,0.59,25.62,NA,NA,NA,NA,NA,NA,NA,NA,NA,NA,NA,0.00,NA,NA,NA
2022-08-10 08:00:00,20.73,33.45,6.16,18.01,24.17,NA,NA,0.58,40.73,NA,NA,NA,NA,NA,NA,NA,NA,NA,NA,NA,0.00,NA,NA,NA
2022-08-10 09:00:00,22.21,42.00,6.04,17.20,23.24,NA,NA,0.57,49.81,NA,NA,NA,NA,NA,NA,NA,NA,NA,NA,NA,0.00,NA,NA,NA
2022-08-10 10:00:00,21.51,41.25,5.94,15.99,21.93,NA,NA,0.56,57.92,NA,NA,NA,NA,NA,NA,NA,NA,NA,NA,NA,0.00,NA,NA,NA
2022-08-10 11:00:00,17.40,24.19,6.19,15.45,21.64,NA,NA,0.55,51.04,NA,NA,NA,NA,NA,NA,NA,NA,NA,NA,NA,0.00,NA,NA,NA
2022-08-10 12:00:00,10.86,23.42,6.46,15.63,22.09,NA,NA,0.54,49.25,NA,NA,NA,NA,NA,NA,NA,NA,NA,NA,NA,0.00,NA,NA,NA
2022-08-10 13:00:00,13.13,22.97,6.41,15.50,21.91,NA,NA,0.54,52.70,NA,NA,NA,NA,NA,NA,NA,NA,NA,NA,NA,0.00,NA,NA,NA
2022-08-10 14:00:00,15.73,24.52,6.36,15.25,21.60,NA,NA,0.52,49.66,NA,NA,NA,NA,NA,NA,NA,NA,NA,NA,NA,0.00,NA,NA,NA
2022-08-10 15:00:00,15.10,33.94,5.85,15.51,21.36,NA,NA,0.53,46.40,NA,NA,NA,NA,NA,NA,NA,NA,NA,NA,NA,0.00,NA,NA,NA
2022-08-10 16:00:00,12.77,27.22,5.91,15.84,21.75,NA,NA,0.53,54.67,NA,NA,NA,NA,NA,NA,NA,NA,NA,NA,NA,0.00,NA,NA,NA
2022-08-10 17:00:00,22.34,50.29,5.61,15.64,21.25,NA,NA,0.53,52.26,NA,NA,NA,NA,NA,NA,NA,NA,NA,NA,NA,0.00,NA,NA,NA
2022-08-10 18:00:00,26.23,35.35,4.99,16.21,21.20,NA,NA,0.54,46.75,NA,NA,NA,NA,NA,NA,NA,NA,NA,NA,NA,0.00,NA,NA,NA
2022-08-10 19:00:00,24.49,37.46,4.42,18.88,23.30,NA,NA,0.56,39.31,NA,NA,NA,NA,NA,NA,NA,NA,NA,NA,NA,0.00,NA,NA,NA
2022-08-10 20:00:00,16.44,38.31,4.68,20.51,25.19,NA,NA,0.58,29.64,NA,NA,NA,NA,NA,NA,NA,NA,NA,NA,NA,0.00,NA,NA,NA
2022-08-10 21:00:00,31.56,49.77,4.73,21.29,26.02,NA,NA,0.66,38.47,NA,NA,NA,NA,NA,NA,NA,NA,NA,NA,NA,0.00,NA,NA,NA
2022-08-10 22:00:00,34.49,60.82,4.66,23.34,28.00,NA,NA,0.67,34.64,NA,NA,NA,NA,NA,NA,NA,NA,NA,NA,NA,0.00,NA,NA,NA
2022-08-10 23:00:00,36.65,55.86,4.62,22.00,26.61,NA,NA,0.64,33.11,NA,NA,NA,NA,NA,NA,NA,NA,NA,NA,NA,0.00,NA,NA,NA
2022-08-11 00:00:00,29.56,72.02,4.61,20.01,24.62,NA,NA,0.60,31.28,NA,NA,NA,NA,NA,NA,NA,NA,NA,NA,NA,0.00,NA,NA,NA
2022-08-11 01:00:00,20.37,45.29,4.46,16.92,21.38,NA,NA,0.56,35.54,NA,NA,NA,NA,NA,NA,NA,NA,NA,NA,NA,0.00,NA,NA,NA
2022-08-11 02:00:00,12.21,24.42,4.42,16.21,20.63,NA,NA,0.53,32.38,NA,NA,NA,NA,NA,NA,NA,NA,NA,NA,NA,0.00,NA,NA,NA
2022-08-11 03:00:00,6.70,20.65,4.51,15.37,19.88,NA,NA,0.51,36.12,NA,NA,NA,NA,NA,NA,NA,NA,NA,NA,NA,0.00,NA,NA,NA
2022-08-11 04:00:00,10.81,22.35,4.50,15.32,19.82,NA,NA,0.51,37.27,NA,NA,NA,NA,NA,NA,NA,NA,NA,NA,NA,0.00,NA,NA,NA
2022-08-11 05:00:00,10.65,27.52,4.54,15.34,19.88,NA,NA,0.51,34.78,NA,NA,NA,NA,NA,NA,NA,NA,NA,NA,NA,0.00,NA,NA,NA
2022-08-11 06:00:00,10.21,29.94,4.61,15.70,20.31,NA,NA,0.52,27.99,NA,NA,NA,NA,NA,NA,NA,NA,NA,NA,NA,0.00,NA,NA,NA
2022-08-11 07:00:00,11.81,30.87,5.16,17.38,22.54,NA,NA,0.52,31.78,NA,NA,NA,NA,NA,NA,NA,NA,NA,NA,NA,0.00,NA,NA,NA
2022-08-11 08:00:00,11.87,31.01,5.82,18.70,24.52,NA,NA,0.53,27.07,NA,NA,NA,NA,NA,NA,NA,NA,NA,NA,NA,0.00,NA,NA,NA
2022-08-11 09:00:00,11.08,30.26,7.28,21.08,28.36,NA,NA,0.54,26.19,NA,NA,NA,NA,NA,NA,NA,NA,NA,NA,NA,0.00,NA,NA,NA
2022-08-11 10:00:00,18.02,36.31,6.24,16.36,22.61,NA,NA,0.52,34.85,NA,NA,NA,NA,NA,NA,NA,NA,NA,NA,NA,0.00,NA,NA,NA
2022-08-11 11:00:00,17.61,29.77,5.56,15.47,21.03,NA,NA,0.52,31.49,NA,NA,NA,NA,NA,NA,NA,NA,NA,NA,NA,0.00,NA,NA,NA
2022-08-11 12:00:00,15.45,31.37,5.58,15.97,21.55,NA,NA,0.54,36.20,NA,NA,NA,NA,NA,NA,NA,NA,NA,NA,NA,0.00,NA,NA,NA
2022-08-11 13:00:00,20.28,33.92,5.53,15.79,21.32,NA,NA,0.54,33.37,NA,NA,NA,NA,NA,NA,NA,NA,NA,NA,NA,0.00,NA,NA,NA
2022-08-11 14:00:00,7.75,29.35,6.17,16.09,22.26,NA,NA,0.56,38.84,NA,NA,NA,NA,NA,NA,NA,NA,NA,NA,NA,0.00,NA,NA,NA
2022-08-11 15:00:00,21.74,36.80,5.57,15.35,20.92,NA,NA,0.54,43.01,NA,NA,NA,NA,NA,NA,NA,NA,NA,NA,NA,0.00,NA,NA,NA
2022-08-11 16:00:00,19.31,27.24,4.86,15.12,19.98,NA,NA,0.53,38.76,NA,NA,NA,NA,NA,NA,NA,NA,NA,NA,NA,0.00,NA,NA,NA
2022-08-11 17:00:00,16.69,37.89,5.00,17.47,22.47,NA,NA,0.56,32.39,NA,NA,NA,NA,NA,NA,NA,NA,NA,NA,NA,0.00,NA,NA,NA
2022-08-11 18:00:00,17.70,49.89,5.08,21.64,26.73,NA,NA,0.61,30.58,NA,NA,NA,NA,NA,NA,NA,NA,NA,NA,NA,0.00,NA,NA,NA
2022-08-11 19:00:00,24.47,64.32,4.80,29.81,34.61,NA,NA,0.71,21.62,NA,NA,NA,NA,NA,NA,NA,NA,NA,NA,NA,0.00,NA,NA,NA
2022-08-11 20:00:00,24.43,70.02,5.05,33.45,38.50,NA,NA,0.81,19.62,NA,NA,NA,NA,NA,NA,NA,NA,NA,NA,NA,0.00,NA,NA,NA
2022-08-11 21:00:00,31.55,73.15,4.90,29.68,34.58,NA,NA,0.82,24.96,NA,NA,NA,NA,NA,NA,NA,NA,NA,NA,NA,0.00,NA,NA,NA
2022-08-11 22:00:00,21.42,56.02,4.95,24.87,29.82,NA,NA,0.79,20.52,NA,NA,NA,NA,NA,NA,NA,NA,NA,NA,NA,0.00,NA,NA,NA
2022-08-11 23:00:00,19.32,52.84,4.96,24.92,29.88,NA,NA,0.73,14.61,NA,NA,NA,NA,NA,NA,NA,NA,NA,NA,NA,0.00,NA,NA,NA
2022-08-12 00:00:00,18.71,31.11,5.15,24.99,30.14,NA,NA,0.69,16.70,NA,NA,NA,NA,NA,NA,NA,NA,NA,NA,NA,0.00,NA,NA,NA
2022-08-12 01:00:00,20.52,53.39,4.63,19.00,23.63,NA,NA,0.62,26.73,NA,NA,NA,NA,NA,NA,NA,NA,NA,NA,NA,0.00,NA,NA,NA
2022-08-12 02:00:00,22.00,43.22,4.67,17.17,21.84,NA,NA,0.58,21.06,NA,NA,NA,NA,NA,NA,NA,NA,NA,NA,NA,0.00,NA,NA,NA
2022-08-12 03:00:00,13.09,35.76,4.62,17.26,21.87,NA,NA,0.57,23.15,NA,NA,NA,NA,NA,NA,NA,NA,NA,NA,NA,0.00,NA,NA,NA
2022-08-12 04:00:00,19.40,36.10,4.67,16.65,21.33,NA,NA,0.57,17.85,NA,NA,NA,NA,NA,NA,NA,NA,NA,NA,NA,0.00,NA,NA,NA
2022-08-12 05:00:00,9.59,30.90,4.56,16.20,20.76,NA,NA,0.56,17.03,NA,NA,NA,NA,NA,NA,NA,NA,NA,NA,NA,0.00,NA,NA,NA
2022-08-12 06:00:00,15.20,23.98,4.95,16.38,21.33,NA,NA,0.56,23.55,NA,NA,NA,NA,NA,NA,NA,NA,NA,NA,NA,0.00,NA,NA,NA
2022-08-12 07:00:00,12.49,28.00,5.80,16.20,22.00,NA,NA,0.57,28.51,NA,NA,NA,NA,NA,NA,NA,NA,NA,NA,NA,0.00,NA,NA,NA
2022-08-12 08:00:00,18.77,35.89,5.92,15.64,21.56,NA,NA,0.55,42.36,NA,NA,NA,NA,NA,NA,NA,NA,NA,NA,NA,0.00,NA,NA,NA
2022-08-12 09:00:00,18.97,38.13,6.01,15.09,21.10,NA,NA,0.54,47.77,NA,NA,NA,NA,NA,NA,NA,NA,NA,NA,NA,0.00,NA,NA,NA
2022-08-12 10:00:00,15.48,29.28,6.25,14.82,21.07,NA,NA,0.54,57.53,NA,NA,NA,NA,NA,NA,NA,NA,NA,NA,NA,0.00,NA,NA,NA
2022-08-12 11:00:00,21.19,40.79,6.59,14.94,21.53,NA,NA,0.54,54.15,NA,NA,NA,NA,NA,NA,NA,NA,NA,NA,NA,0.00,NA,NA,NA
2022-08-12 12:00:00,20.65,32.27,6.58,14.79,21.37,NA,NA,0.54,53.46,NA,NA,NA,NA,NA,NA,NA,NA,NA,NA,NA,0.00,NA,NA,NA
2022-08-12 13:00:00,12.93,33.37,6.50,14.80,21.29,NA,NA,0.54,57.41,NA,NA,NA,NA,NA,NA,NA,NA,NA,NA,NA,0.00,NA,NA,NA
2022-08-12 14:00:00,19.16,41.16,6.04,14.47,20.51,NA,NA,0.54,56.07,NA,NA,NA,NA,NA,NA,NA,NA,NA,NA,NA,0.00,NA,NA,NA
2022-08-12 15:00:00,12.93,35.30,6.35,15.05,21.40,NA,NA,0.53,50.40,NA,NA,NA,NA,NA,NA,NA,NA,NA,NA,NA,0.00,NA,NA,NA
2022-08-12 16:00:00,24.00,85.28,8.10,16.48,24.58,NA,NA,0.46,52.42,NA,NA,NA,NA,NA,NA,NA,NA,NA,NA,NA,0.00,NA,NA,NA
2022-08-12 17:00:00,68.34,129.62,9.44,16.50,25.93,NA,NA,0.39,54.38,NA,NA,NA,NA,NA,NA,NA,NA,NA,NA,NA,0.00,NA,NA,NA
2022-08-12 18:00:00,74.76,118.77,9.32,16.60,25.92,NA,NA,0.39,54.02,NA,NA,NA,NA,NA,NA,NA,NA,NA,NA,NA,0.00,NA,NA,NA
2022-08-12 19:00:00,32.38,73.22,9.74,18.44,28.18,NA,NA,0.39,36.70,NA,NA,NA,NA,NA,NA,NA,NA,NA,NA,NA,0.00,NA,NA,NA
2022-08-12 20:00:00,23.92,47.15,8.35,20.04,28.40,NA,NA,0.51,33.91,NA,NA,NA,NA,NA,NA,NA,NA,NA,NA,NA,0.00,NA,NA,NA
2022-08-12 21:00:00,3.40,NA,6.76,17.95,24.71,NA,NA,0.53,34.47,NA,NA,NA,NA,NA,NA,NA,NA,NA,NA,NA,0.00,NA,NA,NA
2022-08-12 22:00:00,NA,NA,5.80,17.41,23.21,NA,NA,0.55,35.71,NA,NA,NA,NA,NA,NA,NA,NA,NA,NA,NA,0.00,NA,NA,NA
2022-08-12 23:00:00,0.09,1.72,5.82,16.56,22.38,NA,NA,0.53,40.07,NA,NA,NA,NA,NA,NA,NA,NA,NA,NA,NA,0.00,NA,NA,NA
2022-08-13 00:00:00,3.10,13.27,5.64,16.12,21.76,NA,NA,0.53,41.13,NA,NA,NA,NA,NA,NA,NA,NA,NA,NA,NA,0.00,NA,NA,NA
2022-08-13 01:00:00,10.85,26.53,5.74,15.31,21.05,NA,NA,0.53,41.29,NA,NA,NA,NA,NA,NA,NA,NA,NA,NA,NA,0.00,NA,NA,NA
2022-08-13 02:00:00,19.02,30.08,5.62,15.37,20.99,NA,NA,0.54,43.45,NA,NA,NA,NA,NA,NA,NA,NA,NA,NA,NA,0.00,NA,NA,NA
2022-08-13 03:00:00,27.74,37.71,5.56,15.01,20.58,NA,NA,0.55,42.99,NA,NA,NA,NA,NA,NA,NA,NA,NA,NA,NA,0.00,NA,NA,NA
2022-08-13 04:00:00,26.36,41.17,5.46,15.17,20.63,NA,NA,0.54,39.79,NA,NA,NA,NA,NA,NA,NA,NA,NA,NA,NA,0.00,NA,NA,NA
2022-08-13 05:00:00,24.80,40.45,5.53,15.49,21.03,NA,NA,0.54,34.83,NA,NA,NA,NA,NA,NA,NA,NA,NA,NA,NA,0.00,NA,NA,NA
2022-08-13 06:00:00,21.80,31.15,5.56,15.57,21.13,NA,NA,0.55,32.18,NA,NA,NA,NA,NA,NA,NA,NA,NA,NA,NA,0.00,NA,NA,NA
2022-08-13 07:00:00,26.62,45.28,7.13,15.71,22.84,NA,NA,0.54,35.68,NA,NA,NA,NA,NA,NA,NA,NA,NA,NA,NA,0.00,NA,NA,NA
2022-08-13 08:00:00,50.49,79.65,8.75,15.92,24.67,NA,NA,0.51,33.46,NA,NA,NA,NA,NA,NA,NA,NA,NA,NA,NA,0.00,NA,NA,NA
2022-08-13 09:00:00,39.79,46.32,7.49,15.86,23.35,NA,NA,0.54,39.49,NA,NA,NA,NA,NA,NA,NA,NA,NA,NA,NA,0.00,NA,NA,NA
2022-08-13 10:00:00,24.12,28.82,7.79,16.34,24.12,NA,NA,0.56,50.01,NA,NA,NA,NA,NA,NA,NA,NA,NA,NA,NA,0.00,NA,NA,NA
2022-08-13 11:00:00,35.22,47.92,7.47,16.01,23.48,NA,NA,0.55,44.10,NA,NA,NA,NA,NA,NA,NA,NA,NA,NA,NA,0.00,NA,NA,NA
2022-08-13 12:00:00,21.78,35.30,8.52,15.15,23.67,NA,NA,0.54,49.76,NA,NA,NA,NA,NA,NA,NA,NA,NA,NA,NA,0.00,NA,NA,NA
2022-08-13 13:00:00,10.30,18.75,8.67,14.83,23.50,NA,NA,0.50,50.08,NA,NA,NA,NA,NA,NA,NA,NA,NA,NA,NA,0.00,NA,NA,NA
2022-08-13 14:00:00,16.15,24.65,7.80,14.77,22.57,NA,NA,0.50,48.53,NA,NA,NA,NA,NA,NA,NA,NA,NA,NA,NA,0.00,NA,NA,NA
2022-08-13 15:00:00,16.78,14.90,7.71,14.56,22.28,NA,NA,0.51,49.60,NA,NA,NA,NA,NA,NA,NA,NA,NA,NA,NA,0.00,NA,NA,NA
2022-08-13 16:00:00,15.10,24.58,6.48,15.16,21.64,NA,NA,0.52,46.16,NA,NA,NA,NA,NA,NA,NA,NA,NA,NA,NA,0.00,NA,NA,NA
2022-08-13 17:00:00,11.88,27.83,6.30,15.72,22.02,NA,NA,0.54,45.65,NA,NA,NA,NA,NA,NA,NA,NA,NA,NA,NA,0.00,NA,NA,NA
2022-08-13 18:00:00,16.34,32.50,6.43,15.38,21.81,NA,NA,0.52,46.16,NA,NA,NA,NA,NA,NA,NA,NA,NA,NA,NA,0.00,NA,NA,NA
2022-08-13 19:00:00,24.44,49.78,6.88,16.01,22.88,NA,NA,0.52,16.35,NA,NA,NA,NA,NA,NA,NA,NA,NA,NA,NA,0.00,NA,NA,NA
2022-08-13 20:00:00,28.62,49.96,6.18,17.48,23.66,NA,NA,0.56,15.72,NA,NA,NA,NA,NA,NA,NA,NA,NA,NA,NA,0.00,NA,NA,NA
2022-08-13 21:00:00,11.70,30.09,5.85,19.75,25.60,NA,NA,0.60,18.69,NA,NA,NA,NA,NA,NA,NA,NA,NA,NA,NA,0.00,NA,NA,NA
2022-08-13 22:00:00,13.81,34.89,5.88,20.15,26.03,NA,NA,0.61,17.02,NA,NA,NA,NA,NA,NA,NA,NA,NA,NA,NA,0.00,NA,NA,NA
2022-08-13 23:00:00,25.72,34.95,6.09,18.43,24.52,NA,NA,0.61,12.28,NA,NA,NA,NA,NA,NA,NA,NA,NA,NA,NA,0.00,NA,NA,NA
2022-08-14 00:00:00,22.52,38.99,6.11,17.25,23.37,NA,NA,0.59,11.47,NA,NA,NA,NA,NA,NA,NA,NA,NA,NA,NA,0.00,NA,NA,NA
2022-08-14 01:00:00,23.37,46.09,6.29,17.72,24.01,NA,NA,0.57,8.81,NA,NA,NA,NA,NA,NA,NA,NA,NA,NA,NA,0.00,NA,NA,NA
2022-08-14 02:00:00,21.94,33.34,6.20,18.24,24.44,NA,NA,0.56,7.70,NA,NA,NA,NA,NA,NA,NA,NA,NA,NA,NA,0.00,NA,NA,NA
2022-08-14 03:00:00,24.80,46.85,6.22,18.68,24.90,NA,NA,0.57,8.45,NA,NA,NA,NA,NA,NA,NA,NA,NA,NA,NA,0.00,NA,NA,NA
2022-08-14 04:00:00,22.90,46.14,5.84,18.53,24.37,NA,NA,0.56,12.64,NA,NA,NA,NA,NA,NA,NA,NA,NA,NA,NA,0.00,NA,NA,NA
2022-08-14 05:00:00,31.68,40.28,5.48,18.31,23.78,NA,NA,0.54,15.23,NA,NA,NA,NA,NA,NA,NA,NA,NA,NA,NA,0.00,NA,NA,NA
2022-08-14 06:00:00,10.06,21.84,5.81,16.11,21.92,NA,NA,0.52,24.04,NA,NA,NA,NA,NA,NA,NA,NA,NA,NA,NA,0.00,NA,NA,NA
2022-08-14 07:00:00,10.77,23.60,7.38,16.99,24.37,NA,NA,0.52,24.17,NA,NA,NA,NA,NA,NA,NA,NA,NA,NA,NA,0.00,NA,NA,NA
2022-08-14 08:00:00,5.50,15.80,7.03,15.83,22.86,NA,NA,0.52,29.75,NA,NA,NA,NA,NA,NA,NA,NA,NA,NA,NA,0.00,NA,NA,NA
2022-08-14 09:00:00,7.03,20.03,7.24,15.38,22.62,NA,NA,0.52,37.10,NA,NA,NA,NA,NA,NA,NA,NA,NA,NA,NA,0.00,NA,NA,NA
2022-08-14 10:00:00,10.19,14.88,7.66,15.69,23.35,NA,NA,0.54,46.70,NA,NA,NA,NA,NA,NA,NA,NA,NA,NA,NA,0.00,NA,NA,NA
2022-08-14 11:00:00,15.10,34.04,7.51,16.33,23.85,NA,NA,0.56,63.77,NA,NA,NA,NA,NA,NA,NA,NA,NA,NA,NA,0.00,NA,NA,NA
2022-08-14 12:00:00,30.30,52.76,6.16,15.83,21.99,NA,NA,0.58,65.74,NA,NA,NA,NA,NA,NA,NA,NA,NA,NA,NA,0.00,NA,NA,NA
2022-08-14 13:00:00,46.74,77.63,9.06,16.26,25.34,NA,NA,0.51,34.67,NA,NA,NA,NA,NA,NA,NA,NA,NA,NA,NA,0.00,NA,NA,NA
2022-08-14 14:00:00,37.24,86.24,15.95,18.77,34.73,NA,NA,0.47,25.86,NA,NA,NA,NA,NA,NA,NA,NA,NA,NA,NA,0.00,NA,NA,NA
2022-08-14 15:00:00,58.43,105.23,23.08,21.40,44.49,NA,NA,0.47,32.50,NA,NA,NA,NA,NA,NA,NA,NA,NA,NA,NA,0.00,NA,NA,NA
2022-08-14 16:00:00,63.53,101.38,23.76,23.97,47.73,NA,NA,0.46,27.45,NA,NA,NA,NA,NA,NA,NA,NA,NA,NA,NA,0.00,NA,NA,NA
2022-08-14 17:00:00,42.66,60.54,19.52,21.71,41.23,NA,NA,0.46,19.90,NA,NA,NA,NA,NA,NA,NA,NA,NA,NA,NA,0.00,NA,NA,NA
2022-08-14 18:00:00,7.22,2.65,15.10,18.50,33.59,NA,NA,0.46,24.32,NA,NA,NA,NA,NA,NA,NA,NA,NA,NA,NA,0.00,NA,NA,NA
2022-08-14 19:00:00,NA,NA,12.27,19.93,32.19,NA,NA,0.58,22.62,NA,NA,NA,NA,NA,NA,NA,NA,NA,NA,NA,0.00,NA,NA,NA
2022-08-14 20:00:00,NA,NA,10.82,18.96,29.78,NA,NA,0.58,16.19,NA,NA,NA,NA,NA,NA,NA,NA,NA,NA,NA,0.00,NA,NA,NA
2022-08-14 21:00:00,5.32,3.23,10.13,19.35,29.48,NA,NA,0.63,10.23,NA,NA,NA,NA,NA,NA,NA,NA,NA,NA,NA,0.00,NA,NA,NA
2022-08-14 22:00:00,11.17,26.29,9.78,18.31,28.09,NA,NA,0.63,14.08,NA,NA,NA,NA,NA,NA,NA,NA,NA,NA,NA,0.00,NA,NA,NA
2022-08-14 23:00:00,16.84,24.46,9.64,17.44,27.08,NA,NA,0.61,11.03,NA,NA,NA,NA,NA,NA,NA,NA,NA,NA,NA,0.00,NA,NA,NA
2022-08-15 00:00:00,11.75,27.93,9.04,17.54,26.59,NA,NA,0.60,11.51,NA,NA,NA,NA,NA,NA,NA,NA,NA,NA,NA,0.00,NA,NA,NA
2022-08-15 01:00:00,13.34,35.79,9.05,18.14,27.19,NA,NA,0.61,12.43,NA,NA,NA,NA,NA,NA,NA,NA,NA,NA,NA,0.00,NA,NA,NA
2022-08-15 02:00:00,16.34,39.22,8.94,18.95,27.89,NA,NA,0.61,13.85,NA,NA,NA,NA,NA,NA,NA,NA,NA,NA,NA,0.00,NA,NA,NA
2022-08-15 03:00:00,16.01,35.47,8.91,19.74,28.65,NA,NA,0.55,10.43,NA,NA,NA,NA,NA,NA,NA,NA,NA,NA,NA,0.00,NA,NA,NA
2022-08-15 04:00:00,20.72,45.07,8.63,19.60,28.23,NA,NA,0.56,26.32,NA,NA,NA,NA,NA,NA,NA,NA,NA,NA,NA,0.00,NA,NA,NA
2022-08-15 05:00:00,27.14,41.35,8.37,18.58,26.95,NA,NA,0.52,16.27,NA,NA,NA,NA,NA,NA,NA,NA,NA,NA,NA,0.00,NA,NA,NA
2022-08-15 06:00:00,23.29,38.86,9.16,17.06,26.22,NA,NA,0.47,14.73,NA,NA,NA,NA,NA,NA,NA,NA,NA,NA,NA,0.00,NA,NA,NA
2022-08-15 07:00:00,12.05,15.34,9.47,16.03,25.50,NA,NA,0.43,20.04,NA,NA,NA,NA,NA,NA,NA,NA,NA,NA,NA,0.00,NA,NA,NA
2022-08-15 08:00:00,8.15,12.10,9.63,15.81,25.43,NA,NA,0.43,21.76,NA,NA,NA,NA,NA,NA,NA,NA,NA,NA,NA,0.00,NA,NA,NA
2022-08-15 09:00:00,13.19,17.50,9.87,15.95,25.82,NA,NA,0.44,27.12,NA,NA,NA,NA,NA,NA,NA,NA,NA,NA,NA,0.00,NA,NA,NA
2022-08-15 10:00:00,11.81,23.50,10.15,15.58,25.73,NA,NA,0.44,34.21,NA,NA,NA,NA,NA,NA,NA,NA,NA,NA,NA,0.00,NA,NA,NA
2022-08-15 11:00:00,14.69,19.56,10.33,15.55,25.88,NA,NA,0.43,40.97,NA,NA,NA,NA,NA,NA,NA,NA,NA,NA,NA,0.00,NA,NA,NA
2022-08-15 12:00:00,14.77,31.01,10.12,15.34,25.47,NA,NA,0.44,44.75,NA,NA,NA,NA,NA,NA,NA,NA,NA,NA,NA,0.00,NA,NA,NA
2022-08-15 13:00:00,9.82,19.22,10.36,15.05,25.40,NA,NA,0.42,44.93,NA,NA,NA,NA,NA,NA,NA,NA,NA,NA,NA,0.00,NA,NA,NA
2022-08-15 14:00:00,9.83,17.63,11.26,15.40,26.67,NA,NA,0.42,45.68,NA,NA,NA,NA,NA,NA,NA,NA,NA,NA,NA,0.00,NA,NA,NA
2022-08-15 15:00:00,29.48,61.12,12.34,16.11,28.45,NA,NA,0.40,43.36,NA,NA,NA,NA,NA,NA,NA,NA,NA,NA,NA,0.00,NA,NA,NA
2022-08-15 16:00:00,28.12,41.58,10.24,16.10,26.33,NA,NA,0.43,50.43,NA,NA,NA,NA,NA,NA,NA,NA,NA,NA,NA,0.00,NA,NA,NA
2022-08-15 17:00:00,10.46,29.15,9.16,15.70,24.86,NA,NA,0.44,39.68,NA,NA,NA,NA,NA,NA,NA,NA,NA,NA,NA,0.00,NA,NA,NA
2022-08-15 18:00:00,4.38,17.24,9.25,16.73,25.99,NA,NA,0.45,39.31,NA,NA,NA,NA,NA,NA,NA,NA,NA,NA,NA,0.00,NA,NA,NA
2022-08-15 19:00:00,22.77,41.21,8.70,20.67,29.38,NA,NA,0.51,24.84,NA,NA,NA,NA,NA,NA,NA,NA,NA,NA,NA,0.00,NA,NA,NA
2022-08-15 20:00:00,22.81,39.27,8.81,24.60,33.41,NA,NA,0.59,15.89,NA,NA,NA,NA,NA,NA,NA,NA,NA,NA,NA,0.00,NA,NA,NA
2022-08-15 21:00:00,27.82,50.56,9.85,25.93,35.78,NA,NA,0.66,12.60,NA,NA,NA,NA,NA,NA,NA,NA,NA,NA,NA,0.00,NA,NA,NA
2022-08-15 22:00:00,18.46,41.87,13.20,24.72,37.93,NA,NA,0.72,13.15,NA,NA,NA,NA,NA,NA,NA,NA,NA,NA,NA,0.00,NA,NA,NA
2022-08-15 23:00:00,28.47,48.00,19.54,28.98,48.54,NA,NA,0.87,11.98,NA,NA,NA,NA,NA,NA,NA,NA,NA,NA,NA,0.00,NA,NA,NA
2022-08-16 00:00:00,38.43,62.74,16.99,27.96,44.92,NA,NA,0.85,13.86,NA,NA,NA,NA,NA,NA,NA,NA,NA,NA,NA,0.00,NA,NA,NA
2022-08-16 01:00:00,26.57,48.45,8.85,22.45,31.29,NA,NA,0.58,15.03,NA,NA,NA,NA,NA,NA,NA,NA,NA,NA,NA,0.00,NA,NA,NA
2022-08-16 02:00:00,16.87,34.97,8.43,18.86,27.27,NA,NA,0.49,19.82,NA,NA,NA,NA,NA,NA,NA,NA,NA,NA,NA,0.00,NA,NA,NA
2022-08-16 03:00:00,13.25,31.27,8.21,16.49,24.69,NA,NA,0.45,31.52,NA,NA,NA,NA,NA,NA,NA,NA,NA,NA,NA,0.00,NA,NA,NA
2022-08-16 04:00:00,12.66,43.95,8.13,15.10,23.23,NA,NA,0.41,34.52,NA,NA,NA,NA,NA,NA,NA,NA,NA,NA,NA,0.00,NA,NA,NA
2022-08-16 05:00:00,12.34,46.98,8.09,14.82,22.92,NA,NA,0.40,33.81,NA,NA,NA,NA,NA,NA,NA,NA,NA,NA,NA,0.00,NA,NA,NA
2022-08-16 06:00:00,8.16,23.92,8.16,15.06,23.22,NA,NA,0.42,34.17,NA,NA,NA,NA,NA,NA,NA,NA,NA,NA,NA,0.00,NA,NA,NA
2022-08-16 07:00:00,14.23,34.52,8.83,15.41,24.25,NA,NA,0.43,34.92,NA,NA,NA,NA,NA,NA,NA,NA,NA,NA,NA,0.00,NA,NA,NA
2022-08-16 08:00:00,20.94,42.78,10.95,15.99,26.94,NA,NA,0.42,39.75,NA,NA,NA,NA,NA,NA,NA,NA,NA,NA,NA,0.00,NA,NA,NA
2022-08-16 09:00:00,23.11,47.13,11.99,16.36,28.36,NA,NA,0.42,40.42,NA,NA,NA,NA,NA,NA,NA,NA,NA,NA,NA,0.00,NA,NA,NA
2022-08-16 10:00:00,33.72,89.18,15.91,18.02,33.93,NA,NA,0.35,37.24,NA,NA,NA,NA,NA,NA,NA,NA,NA,NA,NA,0.00,NA,NA,NA
2022-08-16 11:00:00,56.81,86.93,14.95,16.95,31.89,NA,NA,0.36,45.06,NA,NA,NA,NA,NA,NA,NA,NA,NA,NA,NA,0.00,NA,NA,NA
2022-08-16 12:00:00,27.12,28.42,12.87,16.29,29.17,NA,NA,0.39,41.14,NA,NA,NA,NA,NA,NA,NA,NA,NA,NA,NA,0.00,NA,NA,NA
2022-08-16 13:00:00,9.24,24.40,12.23,16.38,28.60,NA,NA,0.39,45.40,NA,NA,NA,NA,NA,NA,NA,NA,NA,NA,NA,0.00,NA,NA,NA
2022-08-16 14:00:00,11.33,25.36,10.48,15.78,26.26,NA,NA,0.40,46.90,NA,NA,NA,NA,NA,NA,NA,NA,NA,NA,NA,0.00,NA,NA,NA
2022-08-16 15:00:00,6.08,10.10,11.43,15.87,27.29,NA,NA,0.41,47.68,NA,NA,NA,NA,NA,NA,NA,NA,NA,NA,NA,0.00,NA,NA,NA
2022-08-16 16:00:00,21.02,45.25,10.88,16.07,26.95,NA,NA,0.39,50.24,NA,NA,NA,NA,NA,NA,NA,NA,NA,NA,NA,0.00,NA,NA,NA
2022-08-16 17:00:00,26.64,64.78,13.33,17.31,30.64,NA,NA,0.37,34.69,NA,NA,NA,NA,NA,NA,NA,NA,NA,NA,NA,0.00,NA,NA,NA
2022-08-16 18:00:00,40.52,67.48,15.02,18.01,33.02,NA,NA,0.35,25.74,NA,NA,NA,NA,NA,NA,NA,NA,NA,NA,NA,0.00,NA,NA,NA
2022-08-16 19:00:00,28.06,30.28,11.50,17.30,28.81,NA,NA,0.39,29.11,NA,NA,NA,NA,NA,NA,NA,NA,NA,NA,NA,0.00,NA,NA,NA
2022-08-16 20:00:00,NA,NA,10.15,17.75,27.90,NA,NA,0.42,27.92,NA,NA,NA,NA,NA,NA,NA,NA,NA,NA,NA,0.00,NA,NA,NA
2022-08-16 21:00:00,4.07,NA,9.41,16.69,26.10,NA,NA,0.40,28.52,NA,NA,NA,NA,NA,NA,NA,NA,NA,NA,NA,0.00,NA,NA,NA
2022-08-16 22:00:00,0.70,0.40,8.84,15.47,24.31,NA,NA,0.40,30.74,NA,NA,NA,NA,NA,NA,NA,NA,NA,NA,NA,0.00,NA,NA,NA
2022-08-16 23:00:00,1.98,7.28,8.94,15.65,24.59,NA,NA,0.39,30.46,NA,NA,NA,NA,NA,NA,NA,NA,NA,NA,NA,0.00,NA,NA,NA
2022-08-17 00:00:00,11.62,24.97,8.49,15.77,24.26,NA,NA,0.40,26.61,NA,NA,NA,NA,NA,NA,NA,NA,NA,NA,NA,0.00,NA,NA,NA
2022-08-17 01:00:00,6.85,10.29,7.99,15.58,23.57,NA,NA,0.40,26.71,NA,NA,NA,NA,NA,NA,NA,NA,NA,NA,NA,0.00,NA,NA,NA
2022-08-17 02:00:00,6.74,26.19,7.56,15.70,23.26,NA,NA,0.40,27.35,NA,NA,NA,NA,NA,NA,NA,NA,NA,NA,NA,0.00,NA,NA,NA
2022-08-17 03:00:00,6.21,6.89,7.36,15.56,22.92,NA,NA,0.40,23.17,NA,NA,NA,NA,NA,NA,NA,NA,NA,NA,NA,0.00,NA,NA,NA
2022-08-17 04:00:00,10.59,17.49,7.13,15.33,22.45,NA,NA,0.39,19.27,NA,NA,NA,NA,NA,NA,NA,NA,NA,NA,NA,0.00,NA,NA,NA
2022-08-17 05:00:00,NA,13.50,7.02,15.68,22.69,NA,NA,0.40,17.64,NA,NA,NA,NA,NA,NA,NA,NA,NA,NA,NA,0.00,NA,NA,NA
2022-08-17 06:00:00,6.63,11.80,7.24,15.71,22.95,NA,NA,0.41,21.70,NA,NA,NA,NA,NA,NA,NA,NA,NA,NA,NA,0.00,NA,NA,NA
2022-08-17 07:00:00,6.58,15.37,7.98,15.64,23.62,NA,NA,0.42,24.58,NA,NA,NA,NA,NA,NA,NA,NA,NA,NA,NA,0.00,NA,NA,NA
2022-08-17 08:00:00,14.05,22.84,8.07,15.01,23.07,NA,NA,0.40,23.44,NA,NA,NA,NA,NA,NA,NA,NA,NA,NA,NA,0.00,NA,NA,NA
2022-08-17 09:00:00,7.86,13.39,8.58,15.14,23.72,NA,NA,0.40,28.72,NA,NA,NA,NA,NA,NA,NA,NA,NA,NA,NA,0.00,NA,NA,NA
2022-08-17 10:00:00,17.86,20.99,8.95,15.22,24.17,NA,NA,0.41,38.26,NA,NA,NA,NA,NA,NA,NA,NA,NA,NA,NA,0.00,NA,NA,NA
2022-08-17 11:00:00,16.79,26.15,9.07,15.09,24.17,NA,NA,0.42,40.23,NA,NA,NA,NA,NA,NA,NA,NA,NA,NA,NA,0.00,NA,NA,NA
2022-08-17 12:00:00,13.97,37.47,10.77,15.52,26.28,NA,NA,0.39,38.32,NA,NA,NA,NA,NA,NA,NA,NA,NA,NA,NA,0.00,NA,NA,NA
2022-08-17 13:00:00,27.72,38.54,10.41,15.63,26.04,NA,NA,0.39,42.18,NA,NA,NA,NA,NA,NA,NA,NA,NA,NA,NA,0.00,NA,NA,NA
2022-08-17 14:00:00,15.05,26.54,9.41,14.88,24.30,NA,NA,0.40,41.42,NA,NA,NA,NA,NA,NA,NA,NA,NA,NA,NA,0.00,NA,NA,NA
2022-08-17 15:00:00,4.72,14.63,10.68,15.52,26.19,NA,NA,0.38,39.98,NA,NA,NA,NA,NA,NA,NA,NA,NA,NA,NA,0.00,NA,NA,NA
2022-08-17 16:00:00,33.04,54.58,11.40,15.77,27.17,NA,NA,0.35,47.71,NA,NA,NA,NA,NA,NA,NA,NA,NA,NA,NA,0.00,NA,NA,NA
2022-08-17 17:00:00,23.75,28.78,9.81,15.44,25.26,NA,NA,0.38,45.51,NA,NA,NA,NA,NA,NA,NA,NA,NA,NA,NA,0.00,NA,NA,NA
2022-08-17 18:00:00,6.56,9.73,8.20,15.20,23.40,NA,NA,0.40,44.51,NA,NA,NA,NA,NA,NA,NA,NA,NA,NA,NA,0.00,NA,NA,NA
2022-08-17 19:00:00,10.16,18.85,7.23,16.91,24.15,NA,NA,0.43,33.23,NA,NA,NA,NA,NA,NA,NA,NA,NA,NA,NA,0.00,NA,NA,NA
2022-08-17 20:00:00,10.37,29.24,7.35,19.47,26.82,NA,NA,0.46,18.89,NA,NA,NA,NA,NA,NA,NA,NA,NA,NA,NA,0.00,NA,NA,NA
2022-08-17 21:00:00,18.42,42.70,7.49,19.67,27.16,NA,NA,0.48,14.73,NA,NA,NA,NA,NA,NA,NA,NA,NA,NA,NA,0.00,NA,NA,NA
2022-08-17 22:00:00,22.54,37.19,7.20,18.75,25.96,NA,NA,0.48,13.35,NA,NA,NA,NA,NA,NA,NA,NA,NA,NA,NA,0.00,NA,NA,NA
2022-08-17 23:00:00,23.81,39.88,7.01,19.13,26.14,NA,NA,0.49,14.75,NA,NA,NA,NA,NA,NA,NA,NA,NA,NA,NA,0.00,NA,NA,NA
2022-08-18 00:00:00,34.14,42.43,7.01,18.14,25.16,NA,NA,0.48,15.48,NA,NA,NA,NA,NA,NA,NA,NA,NA,NA,NA,0.00,NA,NA,NA
2022-08-18 01:00:00,26.63,49.19,7.06,17.46,24.52,NA,NA,0.48,13.91,NA,NA,NA,NA,NA,NA,NA,NA,NA,NA,NA,0.00,NA,NA,NA
2022-08-18 02:00:00,24.55,46.26,6.93,16.97,23.90,NA,NA,0.45,14.41,NA,NA,NA,NA,NA,NA,NA,NA,NA,NA,NA,0.00,NA,NA,NA
2022-08-18 03:00:00,17.25,31.22,6.82,16.96,23.79,NA,NA,0.44,12.85,NA,NA,NA,NA,NA,NA,NA,NA,NA,NA,NA,0.00,NA,NA,NA
2022-08-18 04:00:00,15.15,27.72,7.10,17.18,24.28,NA,NA,0.42,9.50,NA,NA,NA,NA,NA,NA,NA,NA,NA,NA,NA,0.00,NA,NA,NA
2022-08-18 05:00:00,15.86,29.02,7.43,17.59,25.02,NA,NA,0.42,10.85,NA,NA,NA,NA,NA,NA,NA,NA,NA,NA,NA,0.00,NA,NA,NA
2022-08-18 06:00:00,11.24,32.88,8.83,17.66,26.48,NA,NA,0.40,10.40,NA,NA,NA,NA,NA,NA,NA,NA,NA,NA,NA,0.00,NA,NA,NA
2022-08-18 07:00:00,13.38,12.99,8.37,15.42,23.79,NA,NA,0.40,17.85,NA,NA,NA,NA,NA,NA,NA,NA,NA,NA,NA,0.00,NA,NA,NA
2022-08-18 08:00:00,3.60,6.60,9.50,15.43,24.93,NA,NA,0.38,22.70,NA,NA,NA,NA,NA,NA,NA,NA,NA,NA,NA,0.00,NA,NA,NA
2022-08-18 09:00:00,34.19,55.84,11.61,16.07,27.68,NA,NA,0.36,30.47,NA,NA,NA,NA,NA,NA,NA,NA,NA,NA,NA,0.00,NA,NA,NA
2022-08-18 10:00:00,23.24,31.84,10.89,15.88,26.78,NA,NA,0.39,35.11,NA,NA,NA,NA,NA,NA,NA,NA,NA,NA,NA,0.00,NA,NA,NA
2022-08-18 11:00:00,5.27,11.93,12.64,16.30,28.94,NA,NA,0.39,43.42,NA,NA,NA,NA,NA,NA,NA,NA,NA,NA,NA,0.00,NA,NA,NA
2022-08-18 12:00:00,15.57,26.04,12.39,16.16,28.55,NA,NA,0.39,42.67,NA,NA,NA,NA,NA,NA,NA,NA,NA,NA,NA,0.00,NA,NA,NA
2022-08-18 13:00:00,23.67,38.26,12.86,16.29,29.14,NA,NA,0.38,44.83,NA,NA,NA,NA,NA,NA,NA,NA,NA,NA,NA,0.00,NA,NA,NA
2022-08-18 14:00:00,34.02,78.22,13.64,16.86,30.50,NA,NA,0.35,46.63,NA,NA,NA,NA,NA,NA,NA,NA,NA,NA,NA,0.00,NA,NA,NA
2022-08-18 15:00:00,64.98,85.56,14.12,16.60,30.72,NA,NA,0.34,30.43,NA,NA,NA,NA,NA,NA,NA,NA,NA,NA,NA,0.00,NA,NA,NA
2022-08-18 16:00:00,49.45,58.54,13.64,16.77,30.41,NA,NA,0.35,54.25,NA,NA,NA,NA,NA,NA,NA,NA,NA,NA,NA,0.00,NA,NA,NA
2022-08-18 17:00:00,28.25,48.38,12.05,16.92,28.97,NA,NA,0.35,59.07,NA,NA,NA,NA,NA,NA,NA,NA,NA,NA,NA,0.00,NA,NA,NA
2022-08-18 18:00:00,39.43,64.90,11.63,18.01,29.64,NA,NA,0.36,52.34,NA,NA,NA,NA,NA,NA,NA,NA,NA,NA,NA,0.00,NA,NA,NA
2022-08-18 19:00:00,20.85,41.94,11.46,19.78,31.24,NA,NA,0.40,34.39,NA,NA,NA,NA,NA,NA,NA,NA,NA,NA,NA,0.00,NA,NA,NA
2022-08-18 20:00:00,16.72,37.39,11.52,22.55,34.08,NA,NA,0.44,21.87,NA,NA,NA,NA,NA,NA,NA,NA,NA,NA,NA,0.00,NA,NA,NA
2022-08-18 21:00:00,23.14,55.68,11.71,23.47,35.18,NA,NA,0.47,17.80,NA,NA,NA,NA,NA,NA,NA,NA,NA,NA,NA,0.00,NA,NA,NA
2022-08-18 22:00:00,30.45,62.80,12.24,25.66,37.90,NA,NA,0.48,13.86,NA,NA,NA,NA,NA,NA,NA,NA,NA,NA,NA,0.00,NA,NA,NA
2022-08-18 23:00:00,28.20,68.93,11.58,23.64,35.21,NA,NA,0.48,15.44,NA,NA,NA,NA,NA,NA,NA,NA,NA,NA,NA,0.00,NA,NA,NA
2022-08-19 00:00:00,36.45,69.24,11.52,22.42,33.94,NA,NA,0.46,14.64,NA,NA,NA,NA,NA,NA,NA,NA,NA,NA,NA,0.00,NA,NA,NA
2022-08-19 01:00:00,32.50,77.32,11.34,21.84,33.18,NA,NA,0.42,14.97,NA,NA,NA,NA,NA,NA,NA,NA,NA,NA,NA,0.00,NA,NA,NA
2022-08-19 02:00:00,23.61,46.53,10.79,18.84,29.62,NA,NA,0.35,26.78,NA,NA,NA,NA,NA,NA,NA,NA,NA,NA,NA,0.00,NA,NA,NA
2022-08-19 03:00:00,11.08,28.81,10.65,17.69,28.33,NA,NA,0.34,31.18,NA,NA,NA,NA,NA,NA,NA,NA,NA,NA,NA,0.00,NA,NA,NA
2022-08-19 04:00:00,10.14,24.77,10.68,17.30,27.97,NA,NA,0.33,28.39,NA,NA,NA,NA,NA,NA,NA,NA,NA,NA,NA,0.00,NA,NA,NA
2022-08-19 05:00:00,1.00,22.66,10.54,17.24,27.77,NA,NA,0.33,25.12,NA,NA,NA,NA,NA,NA,NA,NA,NA,NA,NA,0.00,NA,NA,NA
2022-08-19 06:00:00,3.38,24.19,10.98,17.50,28.48,NA,NA,0.33,28.95,NA,NA,NA,NA,NA,NA,NA,NA,NA,NA,NA,0.00,NA,NA,NA
2022-08-19 07:00:00,5.12,17.16,11.86,17.90,29.76,NA,NA,0.34,26.07,NA,NA,NA,NA,NA,NA,NA,NA,NA,NA,NA,0.00,NA,NA,NA
2022-08-19 08:00:00,13.28,37.14,15.26,20.16,35.43,NA,NA,0.34,32.98,NA,NA,NA,NA,NA,NA,NA,NA,NA,NA,NA,0.00,NA,NA,NA
2022-08-19 09:00:00,18.57,33.15,13.32,16.90,30.22,NA,NA,0.34,39.22,NA,NA,NA,NA,NA,NA,NA,NA,NA,NA,NA,0.00,NA,NA,NA
2022-08-19 10:00:00,20.10,41.90,13.80,16.87,30.67,NA,NA,0.34,49.21,NA,NA,NA,NA,NA,NA,NA,NA,NA,NA,NA,0.00,NA,NA,NA
2022-08-19 11:00:00,13.19,45.28,15.84,17.67,33.51,NA,NA,0.31,53.46,NA,NA,NA,NA,NA,NA,NA,NA,NA,NA,NA,0.00,NA,NA,NA
2022-08-19 12:00:00,36.01,92.49,18.36,18.28,36.63,NA,NA,0.26,51.06,NA,NA,NA,NA,NA,NA,NA,NA,NA,NA,NA,0.00,NA,NA,NA
2022-08-19 13:00:00,60.49,96.85,19.73,20.28,40.02,NA,NA,0.26,47.89,NA,NA,NA,NA,NA,NA,NA,NA,NA,NA,NA,0.00,NA,NA,NA
2022-08-19 14:00:00,16.77,29.12,16.80,17.08,33.87,NA,NA,0.29,53.21,NA,NA,NA,NA,NA,NA,NA,NA,NA,NA,NA,0.00,NA,NA,NA
2022-08-19 15:00:00,3.40,10.37,15.43,16.79,32.22,NA,NA,0.30,56.07,NA,NA,NA,NA,NA,NA,NA,NA,NA,NA,NA,0.00,NA,NA,NA
2022-08-19 16:00:00,5.69,31.63,18.26,17.66,35.91,NA,NA,0.27,54.14,NA,NA,NA,NA,NA,NA,NA,NA,NA,NA,NA,0.00,NA,NA,NA
2022-08-19 17:00:00,51.75,107.02,21.20,21.32,42.52,NA,NA,0.23,46.87,NA,NA,NA,NA,NA,NA,NA,NA,NA,NA,NA,0.00,NA,NA,NA
2022-08-19 18:00:00,53.04,70.73,16.85,18.15,35.01,NA,NA,0.28,51.72,NA,NA,NA,NA,NA,NA,NA,NA,NA,NA,NA,0.00,NA,NA,NA
2022-08-19 19:00:00,2.72,12.73,14.25,18.50,32.75,NA,NA,0.32,44.01,NA,NA,NA,NA,NA,NA,NA,NA,NA,NA,NA,0.00,NA,NA,NA
2022-08-19 20:00:00,11.64,30.96,13.59,21.01,34.61,NA,NA,0.37,33.56,NA,NA,NA,NA,NA,NA,NA,NA,NA,NA,NA,0.00,NA,NA,NA
2022-08-19 21:00:00,4.86,30.62,12.77,20.87,33.64,NA,NA,0.37,31.35,NA,NA,NA,NA,NA,NA,NA,NA,NA,NA,NA,0.00,NA,NA,NA
2022-08-19 22:00:00,8.03,36.19,12.10,21.01,33.12,NA,NA,0.38,25.15,NA,NA,NA,NA,NA,NA,NA,NA,NA,NA,NA,0.00,NA,NA,NA
2022-08-19 23:00:00,15.99,50.08,12.53,25.40,37.93,NA,NA,0.40,14.22,NA,NA,NA,NA,NA,NA,NA,NA,NA,NA,NA,0.00,NA,NA,NA
2022-08-20 00:00:00,19.07,52.96,13.31,21.87,35.17,NA,NA,0.38,12.86,NA,NA,NA,NA,NA,NA,NA,NA,NA,NA,NA,0.00,NA,NA,NA
2022-08-20 01:00:00,20.64,58.61,12.87,21.86,34.74,NA,NA,0.38,12.97,NA,NA,NA,NA,NA,NA,NA,NA,NA,NA,NA,0.00,NA,NA,NA
2022-08-20 02:00:00,18.14,46.42,12.52,20.37,32.89,NA,NA,0.37,11.97,NA,NA,NA,NA,NA,NA,NA,NA,NA,NA,NA,0.00,NA,NA,NA
2022-08-20 03:00:00,17.19,45.99,13.98,21.56,35.54,NA,NA,0.38,11.80,NA,NA,NA,NA,NA,NA,NA,NA,NA,NA,NA,0.00,NA,NA,NA
2022-08-20 04:00:00,16.39,47.82,12.18,20.15,32.34,NA,NA,0.35,18.59,NA,NA,NA,NA,NA,NA,NA,NA,NA,NA,NA,0.00,NA,NA,NA
2022-08-20 05:00:00,4.18,35.27,11.50,18.19,29.69,NA,NA,0.33,23.32,NA,NA,NA,NA,NA,NA,NA,NA,NA,NA,NA,0.00,NA,NA,NA
2022-08-20 06:00:00,9.30,41.73,12.13,17.72,29.85,NA,NA,0.34,25.89,NA,NA,NA,NA,NA,NA,NA,NA,NA,NA,NA,0.00,NA,NA,NA
2022-08-20 07:00:00,24.28,70.52,15.35,20.01,35.35,NA,NA,0.33,22.89,NA,NA,NA,NA,NA,NA,NA,NA,NA,NA,NA,0.00,NA,NA,NA
2022-08-20 08:00:00,45.70,109.78,18.15,19.67,37.82,NA,NA,0.32,28.16,NA,NA,NA,NA,NA,NA,NA,NA,NA,NA,NA,0.00,NA,NA,NA
2022-08-20 09:00:00,40.49,75.16,18.08,19.95,38.03,NA,NA,0.34,35.90,NA,NA,NA,NA,NA,NA,NA,NA,NA,NA,NA,0.00,NA,NA,NA
2022-08-20 10:00:00,33.30,83.73,18.17,19.35,37.52,NA,NA,0.34,42.11,NA,NA,NA,NA,NA,NA,NA,NA,NA,NA,NA,0.00,NA,NA,NA
2022-08-20 11:00:00,33.84,64.90,16.52,18.52,35.04,NA,NA,0.34,50.01,NA,NA,NA,NA,NA,NA,NA,NA,NA,NA,NA,0.00,NA,NA,NA
2022-08-20 12:00:00,32.66,70.39,18.10,24.37,42.47,NA,NA,0.45,40.68,NA,NA,NA,NA,NA,NA,NA,NA,NA,NA,NA,0.00,NA,NA,NA
2022-08-20 13:00:00,39.17,73.72,16.72,20.01,36.73,NA,NA,0.38,43.78,NA,NA,NA,NA,NA,NA,NA,NA,NA,NA,NA,0.00,NA,NA,NA
2022-08-20 14:00:00,19.18,31.09,16.16,18.36,34.52,NA,NA,0.36,59.43,NA,NA,NA,NA,NA,NA,NA,NA,NA,NA,NA,0.00,NA,NA,NA
2022-08-20 15:00:00,25.41,50.71,15.74,18.12,33.85,NA,NA,0.36,63.70,NA,NA,NA,NA,NA,NA,NA,NA,NA,NA,NA,0.00,NA,NA,NA
2022-08-20 16:00:00,33.38,48.73,15.37,18.70,34.07,NA,NA,0.37,75.26,NA,NA,NA,NA,NA,NA,NA,NA,NA,NA,NA,0.00,NA,NA,NA
2022-08-20 17:00:00,34.46,79.61,14.58,19.42,34.00,NA,NA,0.40,74.56,NA,NA,NA,NA,NA,NA,NA,NA,NA,NA,NA,0.00,NA,NA,NA
2022-08-20 18:00:00,42.43,92.18,15.35,21.08,36.42,NA,NA,0.44,52.93,NA,NA,NA,NA,NA,NA,NA,NA,NA,NA,NA,0.00,NA,NA,NA
2022-08-20 19:00:00,59.64,99.42,14.95,19.98,34.93,NA,NA,0.44,32.45,NA,NA,NA,NA,NA,NA,NA,NA,NA,NA,NA,0.00,NA,NA,NA
2022-08-20 20:00:00,52.16,90.67,16.26,24.44,40.70,NA,NA,0.52,20.38,NA,NA,NA,NA,NA,NA,NA,NA,NA,NA,NA,0.00,NA,NA,NA
2022-08-20 21:00:00,60.39,112.20,15.15,24.33,39.48,NA,NA,0.59,17.27,NA,NA,NA,NA,NA,NA,NA,NA,NA,NA,NA,0.00,NA,NA,NA
2022-08-20 22:00:00,51.22,89.18,19.13,27.48,46.61,NA,NA,0.66,16.51,NA,NA,NA,NA,NA,NA,NA,NA,NA,NA,NA,0.00,NA,NA,NA
2022-08-20 23:00:00,53.93,97.70,18.73,26.89,45.61,NA,NA,0.64,15.68,NA,NA,NA,NA,NA,NA,NA,NA,NA,NA,NA,0.00,NA,NA,NA
2022-08-21 00:00:00,49.00,95.11,23.94,28.94,52.88,NA,NA,0.68,18.05,NA,NA,NA,NA,NA,NA,NA,NA,NA,NA,NA,0.00,NA,NA,NA
2022-08-21 01:00:00,49.65,124.31,26.31,27.37,53.68,NA,NA,0.65,14.22,NA,NA,NA,NA,NA,NA,NA,NA,NA,NA,NA,0.00,NA,NA,NA
2022-08-21 02:00:00,50.29,126.58,16.88,27.69,44.58,NA,NA,0.57,13.64,NA,NA,NA,NA,NA,NA,NA,NA,NA,NA,NA,0.00,NA,NA,NA
2022-08-21 03:00:00,55.09,126.82,12.88,23.65,36.54,NA,NA,0.50,16.00,NA,NA,NA,NA,NA,NA,NA,NA,NA,NA,NA,0.00,NA,NA,NA
2022-08-21 04:00:00,60.05,113.99,12.37,21.73,34.10,NA,NA,0.46,16.83,NA,NA,NA,NA,NA,NA,NA,NA,NA,NA,NA,0.00,NA,NA,NA
2022-08-21 05:00:00,64.86,114.88,12.39,20.68,33.07,NA,NA,0.46,17.67,NA,NA,NA,NA,NA,NA,NA,NA,NA,NA,NA,0.00,NA,NA,NA
2022-08-21 06:00:00,53.41,95.76,13.06,20.18,33.24,NA,NA,0.46,17.46,NA,NA,NA,NA,NA,NA,NA,NA,NA,NA,NA,0.00,NA,NA,NA
2022-08-21 07:00:00,54.24,94.02,14.96,22.43,37.39,NA,NA,0.45,28.21,NA,NA,NA,NA,NA,NA,NA,NA,NA,NA,NA,0.00,NA,NA,NA
2022-08-21 08:00:00,44.64,92.85,14.27,20.16,34.43,NA,NA,0.43,32.75,NA,NA,NA,NA,NA,NA,NA,NA,NA,NA,NA,0.00,NA,NA,NA
2022-08-21 09:00:00,49.43,93.04,15.31,20.14,35.44,NA,NA,0.39,39.92,NA,NA,NA,NA,NA,NA,NA,NA,NA,NA,NA,0.00,NA,NA,NA
2022-08-21 10:00:00,46.56,103.19,16.54,20.88,37.42,NA,NA,0.40,52.19,NA,NA,NA,NA,NA,NA,NA,NA,NA,NA,NA,0.00,NA,NA,NA
2022-08-21 11:00:00,51.30,117.91,16.96,19.58,36.53,NA,NA,0.40,73.05,NA,NA,NA,NA,NA,NA,NA,NA,NA,NA,NA,0.00,NA,NA,NA
2022-08-21 12:00:00,53.41,111.65,17.00,18.85,35.85,NA,NA,0.39,80.51,NA,NA,NA,NA,NA,NA,NA,NA,NA,NA,NA,0.00,NA,NA,NA
2022-08-21 13:00:00,55.58,115.95,16.12,18.63,34.75,NA,NA,0.40,100.35,NA,NA,NA,NA,NA,NA,NA,NA,NA,NA,NA,0.00,NA,NA,NA
2022-08-21 14:00:00,53.29,132.68,14.95,19.03,33.99,NA,NA,0.40,97.43,NA,NA,NA,NA,NA,NA,NA,NA,NA,NA,NA,0.00,NA,NA,NA
2022-08-21 15:00:00,57.55,133.24,12.94,19.38,32.32,NA,NA,0.40,78.09,NA,NA,NA,NA,NA,NA,NA,NA,NA,NA,NA,0.00,NA,NA,NA
2022-08-21 16:00:00,51.96,91.73,14.86,18.28,33.15,NA,NA,0.39,62.27,NA,NA,NA,NA,NA,NA,NA,NA,NA,NA,NA,0.00,NA,NA,NA
2022-08-21 17:00:00,37.16,77.81,16.73,19.02,35.75,NA,NA,0.39,44.09,NA,NA,NA,NA,NA,NA,NA,NA,NA,NA,NA,0.00,NA,NA,NA
2022-08-21 18:00:00,44.94,68.22,15.54,18.87,34.41,NA,NA,0.39,39.30,NA,NA,NA,NA,NA,NA,NA,NA,NA,NA,NA,0.00,NA,NA,NA
2022-08-21 19:00:00,24.59,45.98,15.03,18.66,33.69,NA,NA,0.38,21.08,NA,NA,NA,NA,NA,NA,NA,NA,NA,NA,NA,0.00,NA,NA,NA
2022-08-21 20:00:00,25.45,54.56,15.90,24.83,40.73,NA,NA,0.49,14.65,NA,NA,NA,NA,NA,NA,NA,NA,NA,NA,NA,0.00,NA,NA,NA
2022-08-21 21:00:00,36.56,73.79,16.94,24.10,41.03,NA,NA,0.53,16.47,NA,NA,NA,NA,NA,NA,NA,NA,NA,NA,NA,0.00,NA,NA,NA
2022-08-21 22:00:00,39.46,89.92,16.84,23.89,40.73,NA,NA,0.59,17.31,NA,NA,NA,NA,NA,NA,NA,NA,NA,NA,NA,0.00,NA,NA,NA
2022-08-21 23:00:00,47.45,95.42,15.52,24.59,40.11,NA,NA,0.61,14.61,NA,NA,NA,NA,NA,NA,NA,NA,NA,NA,NA,0.00,NA,NA,NA
2022-08-22 00:00:00,44.60,94.78,15.05,24.96,40.01,NA,NA,0.59,15.45,NA,NA,NA,NA,NA,NA,NA,NA,NA,NA,NA,0.00,NA,NA,NA
2022-08-22 01:00:00,46.86,109.04,17.26,24.65,41.92,NA,NA,0.57,13.80,NA,NA,NA,NA,NA,NA,NA,NA,NA,NA,NA,0.00,NA,NA,NA
2022-08-22 02:00:00,36.42,108.63,14.74,23.68,38.41,NA,NA,0.48,13.69,NA,NA,NA,NA,NA,NA,NA,NA,NA,NA,NA,0.00,NA,NA,NA
2022-08-22 03:00:00,42.38,106.57,14.13,22.29,36.43,NA,NA,0.47,14.83,NA,NA,NA,NA,NA,NA,NA,NA,NA,NA,NA,0.00,NA,NA,NA
2022-08-22 04:00:00,53.24,98.35,16.86,23.31,40.17,NA,NA,0.45,13.78,NA,NA,NA,NA,NA,NA,NA,NA,NA,NA,NA,0.00,NA,NA,NA
2022-08-22 05:00:00,35.19,78.07,16.63,21.27,37.89,NA,NA,0.45,14.29,NA,NA,NA,NA,NA,NA,NA,NA,NA,NA,NA,0.00,NA,NA,NA
2022-08-22 06:00:00,45.35,90.79,14.01,21.76,35.77,NA,NA,0.45,17.92,NA,NA,NA,NA,NA,NA,NA,NA,NA,NA,NA,0.00,NA,NA,NA
2022-08-22 07:00:00,58.82,102.64,15.56,22.37,37.92,NA,NA,0.49,27.30,NA,NA,NA,NA,NA,NA,NA,NA,NA,NA,NA,0.00,NA,NA,NA
2022-08-22 08:00:00,65.86,113.41,15.63,19.43,35.06,NA,NA,0.46,39.76,NA,NA,NA,NA,NA,NA,NA,NA,NA,NA,NA,0.00,NA,NA,NA
2022-08-22 09:00:00,49.17,77.57,15.13,18.41,33.54,NA,NA,0.42,43.31,NA,NA,NA,NA,NA,NA,NA,NA,NA,NA,NA,0.00,NA,NA,NA
2022-08-22 10:00:00,36.52,55.83,16.06,17.63,33.68,NA,NA,0.39,49.84,NA,NA,NA,NA,NA,NA,NA,NA,NA,NA,NA,0.00,NA,NA,NA
2022-08-22 11:00:00,27.84,49.23,17.22,17.72,34.95,NA,NA,0.37,59.95,NA,NA,NA,NA,NA,NA,NA,NA,NA,NA,NA,0.00,NA,NA,NA
2022-08-22 12:00:00,30.38,46.72,16.98,17.38,34.35,NA,NA,0.35,63.36,NA,NA,NA,NA,NA,NA,NA,NA,NA,NA,NA,0.00,NA,NA,NA
2022-08-22 13:00:00,28.62,53.11,16.35,16.98,33.34,NA,NA,0.34,63.31,NA,NA,NA,NA,NA,NA,NA,NA,NA,NA,NA,0.00,NA,NA,NA
2022-08-22 14:00:00,24.81,45.64,16.18,16.91,33.09,NA,NA,0.35,65.58,NA,NA,NA,NA,NA,NA,NA,NA,NA,NA,NA,0.00,NA,NA,NA
2022-08-22 15:00:00,29.17,46.32,14.41,16.67,31.08,NA,NA,0.35,66.22,NA,NA,NA,NA,NA,NA,NA,NA,NA,NA,NA,0.00,NA,NA,NA
2022-08-22 16:00:00,26.70,47.09,13.25,16.57,29.82,NA,NA,0.34,62.10,NA,NA,NA,NA,NA,NA,NA,NA,NA,NA,NA,0.00,NA,NA,NA
2022-08-22 17:00:00,26.44,62.40,12.95,17.27,30.22,NA,NA,0.35,54.79,NA,NA,NA,NA,NA,NA,NA,NA,NA,NA,NA,0.00,NA,NA,NA
2022-08-22 18:00:00,22.38,51.75,12.32,18.10,30.42,NA,NA,0.37,44.71,NA,NA,NA,NA,NA,NA,NA,NA,NA,NA,NA,0.00,NA,NA,NA
2022-08-22 19:00:00,23.71,56.59,12.26,18.88,31.14,NA,NA,0.41,37.69,NA,NA,NA,NA,NA,NA,NA,NA,NA,NA,NA,0.00,NA,NA,NA
2022-08-22 20:00:00,40.72,86.14,12.50,22.85,35.36,NA,NA,0.52,29.60,NA,NA,NA,NA,NA,NA,NA,NA,NA,NA,NA,0.00,NA,NA,NA
2022-08-22 21:00:00,29.72,76.26,12.19,23.81,36.00,NA,NA,0.48,26.08,NA,NA,NA,NA,NA,NA,NA,NA,NA,NA,NA,0.00,NA,NA,NA
2022-08-22 22:00:00,25.85,54.63,11.95,18.86,30.80,NA,NA,0.41,36.03,NA,NA,NA,NA,NA,NA,NA,NA,NA,NA,NA,0.00,NA,NA,NA
2022-08-22 23:00:00,23.10,50.27,11.73,17.73,29.46,NA,NA,0.39,37.56,NA,NA,NA,NA,NA,NA,NA,NA,NA,NA,NA,0.00,NA,NA,NA
2022-08-23 00:00:00,29.19,51.23,11.41,17.57,28.97,NA,NA,0.37,38.40,NA,NA,NA,NA,NA,NA,NA,NA,NA,NA,NA,0.00,NA,NA,NA
2022-08-23 01:00:00,22.91,51.78,11.04,16.37,27.41,NA,NA,0.36,46.65,NA,NA,NA,NA,NA,NA,NA,NA,NA,NA,NA,0.00,NA,NA,NA
2022-08-23 02:00:00,27.55,43.98,10.91,16.59,27.50,NA,NA,0.36,44.70,NA,NA,NA,NA,NA,NA,NA,NA,NA,NA,NA,0.00,NA,NA,NA
2022-08-23 03:00:00,29.63,51.38,10.84,16.77,27.61,NA,NA,0.38,41.95,NA,NA,NA,NA,NA,NA,NA,NA,NA,NA,NA,0.00,NA,NA,NA
2022-08-23 04:00:00,29.43,49.53,11.11,16.24,27.35,NA,NA,0.38,41.36,NA,NA,NA,NA,NA,NA,NA,NA,NA,NA,NA,0.00,NA,NA,NA
2022-08-23 05:00:00,28.83,45.05,11.07,15.98,27.05,NA,NA,0.36,43.83,NA,NA,NA,NA,NA,NA,NA,NA,NA,NA,NA,0.00,NA,NA,NA
2022-08-23 06:00:00,29.14,43.43,11.43,16.33,27.76,NA,NA,0.37,41.22,NA,NA,NA,NA,NA,NA,NA,NA,NA,NA,NA,0.00,NA,NA,NA
2022-08-23 07:00:00,31.26,40.98,12.20,16.42,28.62,NA,NA,0.37,42.87,NA,NA,NA,NA,NA,NA,NA,NA,NA,NA,NA,0.00,NA,NA,NA
2022-08-23 08:00:00,28.69,40.03,12.91,16.51,29.42,NA,NA,0.36,44.46,NA,NA,NA,NA,NA,NA,NA,NA,NA,NA,NA,0.00,NA,NA,NA
2022-08-23 09:00:00,32.30,47.23,13.39,16.87,30.26,NA,NA,0.36,46.35,NA,NA,NA,NA,NA,NA,NA,NA,NA,NA,NA,0.00,NA,NA,NA
2022-08-23 10:00:00,36.15,54.75,14.03,16.46,30.49,NA,NA,0.35,53.63,NA,NA,NA,NA,NA,NA,NA,NA,NA,NA,NA,0.00,NA,NA,NA
2022-08-23 11:00:00,34.82,57.84,14.79,16.76,31.55,NA,NA,0.35,55.51,NA,NA,NA,NA,NA,NA,NA,NA,NA,NA,NA,0.00,NA,NA,NA
2022-08-23 12:00:00,25.67,46.68,15.02,16.34,31.35,NA,NA,0.33,55.34,NA,NA,NA,NA,NA,NA,NA,NA,NA,NA,NA,0.00,NA,NA,NA
2022-08-23 13:00:00,23.11,48.14,14.69,16.24,30.92,NA,NA,0.34,57.66,NA,NA,NA,NA,NA,NA,NA,NA,NA,NA,NA,0.00,NA,NA,NA
2022-08-23 14:00:00,19.88,37.18,14.52,16.73,31.25,NA,NA,0.33,61.36,NA,NA,NA,NA,NA,NA,NA,NA,NA,NA,NA,0.00,NA,NA,NA
2022-08-23 15:00:00,16.90,39.93,15.06,16.86,31.92,NA,NA,0.33,62.73,NA,NA,NA,NA,NA,NA,NA,NA,NA,NA,NA,0.00,NA,NA,NA
2022-08-23 16:00:00,13.32,38.95,15.20,16.78,31.99,NA,NA,0.33,57.00,NA,NA,NA,NA,NA,NA,NA,NA,NA,NA,NA,0.00,NA,NA,NA
2022-08-23 17:00:00,16.61,45.87,15.61,16.84,32.46,NA,NA,0.33,54.77,NA,NA,NA,NA,NA,NA,NA,NA,NA,NA,NA,0.00,NA,NA,NA
2022-08-23 18:00:00,19.81,47.01,15.10,17.01,32.11,NA,NA,0.33,51.61,NA,NA,NA,NA,NA,NA,NA,NA,NA,NA,NA,0.00,NA,NA,NA
2022-08-23 19:00:00,14.22,33.44,14.15,18.05,32.20,NA,NA,0.36,45.62,NA,NA,NA,NA,NA,NA,NA,NA,NA,NA,NA,0.00,NA,NA,NA
2022-08-23 20:00:00,10.74,38.36,14.70,18.14,32.84,NA,NA,0.37,42.90,NA,NA,NA,NA,NA,NA,NA,NA,NA,NA,NA,0.00,NA,NA,NA
2022-08-23 21:00:00,17.09,30.63,14.85,17.95,32.80,NA,NA,0.39,42.98,NA,NA,NA,NA,NA,NA,NA,NA,NA,NA,NA,0.00,NA,NA,NA
2022-08-23 22:00:00,17.35,27.85,15.20,17.58,32.78,NA,NA,0.36,40.19,NA,NA,NA,NA,NA,NA,NA,NA,NA,NA,NA,0.00,NA,NA,NA
2022-08-23 23:00:00,15.68,26.01,15.76,17.59,33.34,NA,NA,0.35,36.32,NA,NA,NA,NA,NA,NA,NA,NA,NA,NA,NA,0.00,NA,NA,NA
2022-08-24 00:00:00,9.81,23.20,15.96,18.34,34.30,NA,NA,0.35,30.87,NA,NA,NA,NA,NA,NA,NA,NA,NA,NA,NA,0.00,NA,NA,NA
2022-08-24 01:00:00,18.40,24.30,16.17,18.49,34.66,NA,NA,0.34,26.51,NA,NA,NA,NA,NA,NA,NA,NA,NA,NA,NA,0.00,NA,NA,NA
2022-08-24 02:00:00,11.34,23.69,15.95,18.38,34.33,NA,NA,0.36,24.90,NA,NA,NA,NA,NA,NA,NA,NA,NA,NA,NA,0.00,NA,NA,NA
2022-08-24 03:00:00,15.14,29.69,15.55,18.32,33.88,NA,NA,0.36,20.60,NA,NA,NA,NA,NA,NA,NA,NA,NA,NA,NA,0.00,NA,NA,NA
2022-08-24 04:00:00,18.02,32.15,14.43,17.92,32.34,NA,NA,0.35,22.43,NA,NA,NA,NA,NA,NA,NA,NA,NA,NA,NA,0.00,NA,NA,NA
2022-08-24 05:00:00,10.68,19.81,13.80,17.65,31.45,NA,NA,0.34,21.80,NA,NA,NA,NA,NA,NA,NA,NA,NA,NA,NA,0.00,NA,NA,NA
2022-08-24 06:00:00,8.84,30.93,14.02,17.60,31.62,NA,NA,0.35,20.03,NA,NA,NA,NA,NA,NA,NA,NA,NA,NA,NA,0.00,NA,NA,NA
2022-08-24 07:00:00,10.76,20.98,15.19,17.78,32.97,NA,NA,0.35,22.11,NA,NA,NA,NA,NA,NA,NA,NA,NA,NA,NA,0.00,NA,NA,NA
2022-08-24 08:00:00,14.99,29.54,15.62,17.46,33.07,NA,NA,0.35,30.64,NA,NA,NA,NA,NA,NA,NA,NA,NA,NA,NA,0.00,NA,NA,NA
2022-08-24 09:00:00,26.37,40.72,16.60,17.59,34.19,NA,NA,0.36,37.78,NA,NA,NA,NA,NA,NA,NA,NA,NA,NA,NA,0.00,NA,NA,NA
2022-08-24 10:00:00,26.80,52.35,17.60,18.38,35.97,NA,NA,0.36,45.98,NA,NA,NA,NA,NA,NA,NA,NA,NA,NA,NA,0.00,NA,NA,NA
2022-08-24 11:00:00,42.40,67.19,17.87,17.84,35.71,NA,NA,0.36,48.80,NA,NA,NA,NA,NA,NA,NA,NA,NA,NA,NA,0.00,NA,NA,NA
2022-08-24 12:00:00,31.45,57.41,18.38,17.91,36.29,NA,NA,0.35,52.50,NA,NA,NA,NA,NA,NA,NA,NA,NA,NA,NA,0.00,NA,NA,NA
2022-08-24 13:00:00,23.96,46.93,19.30,17.83,37.12,NA,NA,0.34,53.11,NA,NA,NA,NA,NA,NA,NA,NA,NA,NA,NA,0.00,NA,NA,NA
2022-08-24 14:00:00,27.63,53.97,19.80,18.01,37.81,NA,NA,0.33,51.63,NA,NA,NA,NA,NA,NA,NA,NA,NA,NA,NA,0.00,NA,NA,NA
2022-08-24 15:00:00,39.84,59.59,19.20,17.66,36.85,NA,NA,0.34,54.37,NA,NA,NA,NA,NA,NA,NA,NA,NA,NA,NA,0.00,NA,NA,NA
2022-08-24 16:00:00,22.19,44.21,18.46,18.60,37.06,NA,NA,0.36,58.69,NA,NA,NA,NA,NA,NA,NA,NA,NA,NA,NA,0.00,NA,NA,NA
2022-08-24 17:00:00,28.64,48.95,17.71,18.38,36.09,NA,NA,0.37,56.79,NA,NA,NA,NA,NA,NA,NA,NA,NA,NA,NA,0.00,NA,NA,NA
2022-08-24 18:00:00,42.48,51.01,16.92,18.72,35.64,NA,NA,0.37,49.09,NA,NA,NA,NA,NA,NA,NA,NA,NA,NA,NA,0.00,NA,NA,NA
2022-08-24 19:00:00,24.83,61.59,15.85,21.77,37.63,NA,NA,0.42,29.14,NA,NA,NA,NA,NA,NA,NA,NA,NA,NA,NA,0.00,NA,NA,NA
2022-08-24 20:00:00,30.59,73.59,15.76,22.66,38.41,NA,NA,0.44,30.64,NA,NA,NA,NA,NA,NA,NA,NA,NA,NA,NA,0.00,NA,NA,NA
2022-08-24 21:00:00,30.15,57.46,15.62,20.27,35.90,NA,NA,0.46,35.49,NA,NA,NA,NA,NA,NA,NA,NA,NA,NA,NA,0.00,NA,NA,NA
2022-08-24 22:00:00,22.36,41.46,15.06,19.94,35.00,NA,NA,0.38,32.38,NA,NA,NA,NA,NA,NA,NA,NA,NA,NA,NA,0.00,NA,NA,NA
2022-08-24 23:00:00,19.38,32.03,15.03,19.21,34.24,NA,NA,0.38,30.02,NA,NA,NA,NA,NA,NA,NA,NA,NA,NA,NA,0.00,NA,NA,NA
2022-08-25 00:00:00,15.95,39.18,14.54,18.99,33.53,NA,NA,0.37,25.70,NA,NA,NA,NA,NA,NA,NA,NA,NA,NA,NA,0.00,NA,NA,NA
2022-08-25 01:00:00,16.45,29.79,14.45,19.06,33.51,NA,NA,0.38,16.97,NA,NA,NA,NA,NA,NA,NA,NA,NA,NA,NA,0.00,NA,NA,NA
2022-08-25 02:00:00,19.34,39.19,14.34,18.29,32.63,NA,NA,0.37,14.42,NA,NA,NA,NA,NA,NA,NA,NA,NA,NA,NA,0.00,NA,NA,NA
2022-08-25 03:00:00,21.19,35.01,14.12,19.34,33.46,NA,NA,0.38,15.54,NA,NA,NA,NA,NA,NA,NA,NA,NA,NA,NA,0.00,NA,NA,NA
2022-08-25 04:00:00,17.60,33.44,13.67,20.01,33.68,NA,NA,0.38,15.11,NA,NA,NA,NA,NA,NA,NA,NA,NA,NA,NA,0.00,NA,NA,NA
2022-08-25 05:00:00,22.70,37.42,13.28,18.95,32.23,NA,NA,0.38,14.83,NA,NA,NA,NA,NA,NA,NA,NA,NA,NA,NA,0.00,NA,NA,NA
2022-08-25 06:00:00,19.48,32.96,14.52,19.52,34.03,NA,NA,0.39,14.05,NA,NA,NA,NA,NA,NA,NA,NA,NA,NA,NA,0.00,NA,NA,NA
2022-08-25 07:00:00,18.84,47.32,15.67,20.26,35.93,NA,NA,0.41,20.02,NA,NA,NA,NA,NA,NA,NA,NA,NA,NA,NA,0.00,NA,NA,NA
2022-08-25 08:00:00,31.68,61.49,16.65,22.10,38.75,NA,NA,0.40,30.57,NA,NA,NA,NA,NA,NA,NA,NA,NA,NA,NA,0.00,NA,NA,NA
2022-08-25 09:00:00,28.05,64.83,15.45,19.83,35.28,NA,NA,0.38,43.43,NA,NA,NA,NA,NA,NA,NA,NA,NA,NA,NA,0.00,NA,NA,NA
2022-08-25 10:00:00,33.06,80.36,15.57,18.31,33.88,NA,NA,0.36,52.51,NA,NA,NA,NA,NA,NA,NA,NA,NA,NA,NA,0.00,NA,NA,NA
2022-08-25 11:00:00,41.94,67.49,15.21,16.85,32.06,NA,NA,0.33,50.25,NA,NA,NA,NA,NA,NA,NA,NA,NA,NA,NA,0.00,NA,NA,NA
2022-08-25 12:00:00,21.32,45.74,15.52,16.71,32.23,NA,NA,0.33,50.72,NA,NA,NA,NA,NA,NA,NA,NA,NA,NA,NA,0.00,NA,NA,NA
2022-08-25 13:00:00,31.30,63.70,13.99,16.40,30.39,NA,NA,0.34,55.89,NA,NA,NA,NA,NA,NA,NA,NA,NA,NA,NA,0.00,NA,NA,NA
2022-08-25 14:00:00,45.59,84.77,12.95,16.70,29.65,NA,NA,0.35,65.11,NA,NA,NA,NA,NA,NA,NA,NA,NA,NA,NA,0.00,NA,NA,NA
2022-08-25 15:00:00,24.47,57.43,14.27,16.70,30.97,NA,NA,0.34,60.64,NA,NA,NA,NA,NA,NA,NA,NA,NA,NA,NA,0.00,NA,NA,NA
2022-08-25 16:00:00,29.11,68.76,13.74,16.43,30.17,NA,NA,0.33,57.51,NA,NA,NA,NA,NA,NA,NA,NA,NA,NA,NA,0.00,NA,NA,NA
2022-08-25 17:00:00,26.90,55.49,12.82,15.86,28.68,NA,NA,0.33,58.23,NA,NA,NA,NA,NA,NA,NA,NA,NA,NA,NA,0.00,NA,NA,NA
2022-08-25 18:00:00,39.06,69.58,11.99,16.88,28.87,NA,NA,0.34,48.03,NA,NA,NA,NA,NA,NA,NA,NA,NA,NA,NA,0.00,NA,NA,NA
2022-08-25 19:00:00,29.36,74.50,15.16,20.54,35.70,NA,NA,0.37,32.32,NA,NA,NA,NA,NA,NA,NA,NA,NA,NA,NA,0.00,NA,NA,NA
2022-08-25 20:00:00,38.86,81.66,15.34,20.47,35.81,NA,NA,0.37,26.98,NA,NA,NA,NA,NA,NA,NA,NA,NA,NA,NA,0.00,NA,NA,NA
2022-08-25 21:00:00,20.86,31.81,14.91,21.74,36.65,NA,NA,0.39,20.52,NA,NA,NA,NA,NA,NA,NA,NA,NA,NA,NA,0.00,NA,NA,NA
2022-08-25 22:00:00,12.29,41.70,15.76,27.44,43.21,NA,NA,0.45,16.05,NA,NA,NA,NA,NA,NA,NA,NA,NA,NA,NA,0.00,NA,NA,NA
2022-08-25 23:00:00,22.38,56.39,14.89,23.86,38.74,NA,NA,0.45,14.49,NA,NA,NA,NA,NA,NA,NA,NA,NA,NA,NA,0.00,NA,NA,NA
2022-08-26 00:00:00,25.09,76.87,14.87,24.76,39.63,NA,NA,0.45,15.10,NA,NA,NA,NA,NA,NA,NA,NA,NA,NA,NA,0.00,NA,NA,NA
2022-08-26 01:00:00,27.68,75.73,13.75,21.04,34.79,NA,NA,0.39,22.10,NA,NA,NA,NA,NA,NA,NA,NA,NA,NA,NA,0.00,NA,NA,NA
2022-08-26 02:00:00,19.97,58.24,13.70,19.11,32.82,NA,NA,0.36,25.01,NA,NA,NA,NA,NA,NA,NA,NA,NA,NA,NA,0.00,NA,NA,NA
2022-08-26 03:00:00,25.76,56.77,13.54,19.25,32.79,NA,NA,0.34,23.24,NA,NA,NA,NA,NA,NA,NA,NA,NA,NA,NA,0.00,NA,NA,NA
2022-08-26 04:00:00,23.67,53.56,13.29,19.34,32.63,NA,NA,0.34,22.41,NA,NA,NA,NA,NA,NA,NA,NA,NA,NA,NA,0.00,NA,NA,NA
2022-08-26 05:00:00,18.52,59.55,13.00,19.15,32.15,NA,NA,0.34,23.09,NA,NA,NA,NA,NA,NA,NA,NA,NA,NA,NA,0.00,NA,NA,NA
2022-08-26 06:00:00,24.29,67.04,13.66,21.00,34.66,NA,NA,0.36,18.44,NA,NA,NA,NA,NA,NA,NA,NA,NA,NA,NA,0.00,NA,NA,NA
2022-08-26 07:00:00,17.46,64.92,14.88,20.60,35.48,NA,NA,0.37,24.29,NA,NA,NA,NA,NA,NA,NA,NA,NA,NA,NA,0.00,NA,NA,NA
2022-08-26 08:00:00,33.36,81.90,15.74,19.69,35.43,NA,NA,0.38,33.56,NA,NA,NA,NA,NA,NA,NA,NA,NA,NA,NA,0.00,NA,NA,NA
2022-08-26 09:00:00,43.75,87.60,16.25,18.73,34.98,NA,NA,0.37,43.93,NA,NA,NA,NA,NA,NA,NA,NA,NA,NA,NA,0.00,NA,NA,NA
2022-08-26 10:00:00,33.98,96.55,17.44,19.11,36.54,NA,NA,0.38,55.36,NA,NA,NA,NA,NA,NA,NA,NA,NA,NA,NA,0.00,NA,NA,NA
2022-08-26 11:00:00,45.27,102.32,18.54,19.37,37.91,NA,NA,0.36,62.41,NA,NA,NA,NA,NA,NA,NA,NA,NA,NA,NA,0.00,NA,NA,NA
2022-08-26 12:00:00,41.24,85.10,18.14,18.83,36.98,NA,NA,0.36,67.87,NA,NA,NA,NA,NA,NA,NA,NA,NA,NA,NA,0.00,NA,NA,NA
2022-08-26 13:00:00,40.20,74.07,17.62,18.10,35.71,NA,NA,0.35,70.92,NA,NA,NA,NA,NA,NA,NA,NA,NA,NA,NA,0.00,NA,NA,NA
2022-08-26 14:00:00,36.09,63.08,17.70,17.77,35.48,NA,NA,0.35,73.25,NA,NA,NA,NA,NA,NA,NA,NA,NA,NA,NA,0.00,NA,NA,NA
2022-08-26 15:00:00,39.20,83.37,16.05,17.74,33.80,NA,NA,0.36,74.89,NA,NA,NA,NA,NA,NA,NA,NA,NA,NA,NA,0.00,NA,NA,NA
2022-08-26 16:00:00,47.37,93.42,14.92,17.57,32.49,NA,NA,0.35,71.72,NA,NA,NA,NA,NA,NA,NA,NA,NA,NA,NA,0.00,NA,NA,NA
2022-08-26 17:00:00,28.65,65.61,15.21,17.62,32.83,NA,NA,0.34,54.19,NA,NA,NA,NA,NA,NA,NA,NA,NA,NA,NA,0.00,NA,NA,NA
2022-08-26 18:00:00,32.80,72.10,14.47,18.54,33.02,NA,NA,0.36,52.23,NA,NA,NA,NA,NA,NA,NA,NA,NA,NA,NA,0.00,NA,NA,NA
2022-08-26 19:00:00,27.66,74.14,14.06,22.15,36.21,NA,NA,0.40,39.31,NA,NA,NA,NA,NA,NA,NA,NA,NA,NA,NA,0.00,NA,NA,NA
2022-08-26 20:00:00,26.65,72.75,13.86,25.31,39.17,NA,NA,0.45,31.98,NA,NA,NA,NA,NA,NA,NA,NA,NA,NA,NA,0.00,NA,NA,NA
2022-08-26 21:00:00,25.79,83.47,14.11,23.65,37.76,NA,NA,0.42,32.97,NA,NA,NA,NA,NA,NA,NA,NA,NA,NA,NA,0.00,NA,NA,NA
2022-08-26 22:00:00,44.97,74.40,13.56,19.45,33.00,NA,NA,0.39,36.94,NA,NA,NA,NA,NA,NA,NA,NA,NA,NA,NA,0.00,NA,NA,NA
2022-08-26 23:00:00,31.60,68.34,13.60,20.40,34.00,NA,NA,0.40,31.10,NA,NA,NA,NA,NA,NA,NA,NA,NA,NA,NA,0.00,NA,NA,NA
2022-08-27 00:00:00,23.20,82.70,13.64,19.52,33.16,NA,NA,0.39,31.70,NA,NA,NA,NA,NA,NA,NA,NA,NA,NA,NA,0.00,NA,NA,NA
2022-08-27 01:00:00,28.40,68.11,13.56,19.06,32.62,NA,NA,0.38,30.22,NA,NA,NA,NA,NA,NA,NA,NA,NA,NA,NA,0.00,NA,NA,NA
2022-08-27 02:00:00,26.66,78.71,13.38,18.81,32.19,NA,NA,0.36,30.52,NA,NA,NA,NA,NA,NA,NA,NA,NA,NA,NA,0.00,NA,NA,NA
2022-08-27 03:00:00,31.94,74.15,13.13,17.98,31.11,NA,NA,0.35,29.06,NA,NA,NA,NA,NA,NA,NA,NA,NA,NA,NA,0.00,NA,NA,NA
2022-08-27 04:00:00,24.26,67.76,12.62,18.12,30.75,NA,NA,0.34,27.50,NA,NA,NA,NA,NA,NA,NA,NA,NA,NA,NA,0.00,NA,NA,NA
2022-08-27 05:00:00,31.12,79.23,12.25,17.84,30.09,NA,NA,0.33,28.70,NA,NA,NA,NA,NA,NA,NA,NA,NA,NA,NA,0.00,NA,NA,NA
2022-08-27 06:00:00,28.03,83.67,12.29,18.31,30.60,NA,NA,0.34,27.47,NA,NA,NA,NA,NA,NA,NA,NA,NA,NA,NA,0.00,NA,NA,NA
2022-08-27 07:00:00,30.64,82.33,13.39,18.32,31.71,NA,NA,0.35,29.35,NA,NA,NA,NA,NA,NA,NA,NA,NA,NA,NA,0.00,NA,NA,NA
2022-08-27 08:00:00,32.05,82.11,14.33,18.00,32.33,NA,NA,0.36,35.51,NA,NA,NA,NA,NA,NA,NA,NA,NA,NA,NA,0.00,NA,NA,NA
2022-08-27 09:00:00,44.38,102.86,14.90,17.26,32.16,NA,NA,0.35,43.63,NA,NA,NA,NA,NA,NA,NA,NA,NA,NA,NA,0.00,NA,NA,NA
2022-08-27 10:00:00,44.89,119.37,15.81,17.59,33.40,NA,NA,0.35,50.00,NA,NA,NA,NA,NA,NA,NA,NA,NA,NA,NA,0.00,NA,NA,NA
2022-08-27 11:00:00,44.22,121.98,16.27,17.19,33.46,NA,NA,0.34,52.00,NA,NA,NA,NA,NA,NA,NA,NA,NA,NA,NA,0.00,NA,NA,NA
2022-08-27 12:00:00,40.83,102.98,16.54,17.25,33.79,NA,NA,0.34,57.04,NA,NA,NA,NA,NA,NA,NA,NA,NA,NA,NA,0.00,NA,NA,NA
2022-08-27 13:00:00,36.18,101.81,19.36,17.69,37.04,NA,NA,0.33,55.67,NA,NA,NA,NA,NA,NA,NA,NA,NA,NA,NA,0.00,NA,NA,NA
2022-08-27 14:00:00,54.55,106.77,17.69,17.46,35.15,NA,NA,0.34,57.18,NA,NA,NA,NA,NA,NA,NA,NA,NA,NA,NA,0.00,NA,NA,NA
2022-08-27 15:00:00,25.68,67.39,17.04,17.53,34.58,NA,NA,0.34,57.88,NA,NA,NA,NA,NA,NA,NA,NA,NA,NA,NA,0.00,NA,NA,NA
2022-08-27 16:00:00,32.24,80.74,15.51,17.83,33.35,NA,NA,0.35,51.69,NA,NA,NA,NA,NA,NA,NA,NA,NA,NA,NA,0.00,NA,NA,NA
2022-08-27 17:00:00,27.48,76.62,15.23,17.75,32.98,NA,NA,0.34,50.42,NA,NA,NA,NA,NA,NA,NA,NA,NA,NA,NA,0.00,NA,NA,NA
2022-08-27 18:00:00,28.10,85.40,18.30,18.90,37.19,NA,NA,0.35,51.56,NA,NA,NA,NA,NA,NA,NA,NA,NA,NA,NA,0.00,NA,NA,NA
2022-08-27 19:00:00,49.19,138.25,27.19,25.62,52.79,NA,NA,0.33,37.65,NA,NA,NA,NA,NA,NA,NA,NA,NA,NA,NA,0.00,NA,NA,NA
2022-08-27 20:00:00,69.45,135.24,28.59,28.79,57.38,NA,NA,0.32,26.38,NA,NA,NA,NA,NA,NA,NA,NA,NA,NA,NA,0.00,NA,NA,NA
2022-08-27 21:00:00,36.79,157.21,17.03,23.08,40.13,NA,NA,0.38,33.49,NA,NA,NA,NA,NA,NA,NA,NA,NA,NA,NA,0.00,NA,NA,NA
2022-08-27 22:00:00,7.60,33.75,15.60,23.05,38.65,NA,NA,0.39,27.65,NA,NA,NA,NA,NA,NA,NA,NA,NA,NA,NA,0.00,NA,NA,NA
2022-08-27 23:00:00,17.10,56.31,15.74,26.66,42.40,NA,NA,0.41,18.52,NA,NA,NA,NA,NA,NA,NA,NA,NA,NA,NA,0.00,NA,NA,NA
2022-08-28 00:00:00,27.52,80.97,14.63,24.31,38.94,NA,NA,0.40,18.61,NA,NA,NA,NA,NA,NA,NA,NA,NA,NA,NA,0.00,NA,NA,NA
2022-08-28 01:00:00,28.35,97.08,14.27,21.37,35.64,NA,NA,0.38,21.14,NA,NA,NA,NA,NA,NA,NA,NA,NA,NA,NA,0.00,NA,NA,NA
2022-08-28 02:00:00,38.43,96.59,13.70,20.59,34.29,NA,NA,0.38,23.62,NA,NA,NA,NA,NA,NA,NA,NA,NA,NA,NA,0.00,NA,NA,NA
2022-08-28 03:00:00,28.54,94.73,13.23,18.52,31.74,NA,NA,0.34,29.60,NA,NA,NA,NA,NA,NA,NA,NA,NA,NA,NA,0.00,NA,NA,NA
2022-08-28 04:00:00,39.81,107.77,12.95,17.82,30.76,NA,NA,0.33,30.00,NA,NA,NA,NA,NA,NA,NA,NA,NA,NA,NA,0.00,NA,NA,NA
2022-08-28 05:00:00,25.98,107.56,12.65,17.37,30.02,NA,NA,0.33,31.36,NA,NA,NA,NA,NA,NA,NA,NA,NA,NA,NA,0.00,NA,NA,NA
2022-08-28 06:00:00,35.29,107.40,12.84,17.51,30.35,NA,NA,0.34,30.76,NA,NA,NA,NA,NA,NA,NA,NA,NA,NA,NA,0.00,NA,NA,NA
2022-08-28 07:00:00,28.06,102.10,14.01,17.93,31.94,NA,NA,0.35,32.35,NA,NA,NA,NA,NA,NA,NA,NA,NA,NA,NA,0.00,NA,NA,NA
2022-08-28 08:00:00,39.32,104.74,14.69,17.98,32.67,NA,NA,0.35,36.28,NA,NA,NA,NA,NA,NA,NA,NA,NA,NA,NA,0.00,NA,NA,NA
2022-08-28 09:00:00,51.25,141.96,16.05,18.20,34.24,NA,NA,0.34,42.11,NA,NA,NA,NA,NA,NA,NA,NA,NA,NA,NA,0.00,NA,NA,NA
2022-08-28 10:00:00,58.27,167.30,17.24,17.88,35.12,NA,NA,0.33,45.13,NA,NA,NA,NA,NA,NA,NA,NA,NA,NA,NA,0.00,NA,NA,NA
2022-08-28 11:00:00,51.76,151.15,17.57,17.56,35.13,NA,NA,0.34,50.70,NA,NA,NA,NA,NA,NA,NA,NA,NA,NA,NA,0.00,NA,NA,NA
2022-08-28 12:00:00,45.98,141.19,17.34,17.61,34.95,NA,NA,0.35,54.41,NA,NA,NA,NA,NA,NA,NA,NA,NA,NA,NA,0.00,NA,NA,NA
2022-08-28 13:00:00,46.18,129.81,16.70,17.10,33.81,NA,NA,0.34,53.89,NA,NA,NA,NA,NA,NA,NA,NA,NA,NA,NA,0.00,NA,NA,NA
2022-08-28 14:00:00,45.02,124.51,16.52,17.20,33.72,NA,NA,0.35,56.57,NA,NA,NA,NA,NA,NA,NA,NA,NA,NA,NA,0.00,NA,NA,NA
2022-08-28 15:00:00,45.06,122.94,15.72,17.34,33.06,NA,NA,0.34,55.14,NA,NA,NA,NA,NA,NA,NA,NA,NA,NA,NA,0.00,NA,NA,NA
2022-08-28 16:00:00,45.20,121.77,17.81,18.02,35.82,NA,NA,0.34,54.66,NA,NA,NA,NA,NA,NA,NA,NA,NA,NA,NA,0.00,NA,NA,NA
2022-08-28 17:00:00,58.66,129.00,16.81,19.90,36.72,NA,NA,0.34,51.37,NA,NA,NA,NA,NA,NA,NA,NA,NA,NA,NA,0.00,NA,NA,NA
2022-08-28 18:00:00,42.32,119.99,19.09,26.72,45.80,NA,NA,0.35,35.21,NA,NA,NA,NA,NA,NA,NA,NA,NA,NA,NA,0.00,NA,NA,NA
2022-08-28 19:00:00,50.14,141.00,16.82,27.61,44.45,NA,NA,0.38,23.95,NA,NA,NA,NA,NA,NA,NA,NA,NA,NA,NA,0.00,NA,NA,NA
2022-08-28 20:00:00,39.99,117.05,13.87,19.75,33.62,NA,NA,0.39,32.76,NA,NA,NA,NA,NA,NA,NA,NA,NA,NA,NA,0.00,NA,NA,NA
2022-08-28 21:00:00,37.25,105.08,13.76,22.13,35.88,NA,NA,0.43,21.39,NA,NA,NA,NA,NA,NA,NA,NA,NA,NA,NA,0.00,NA,NA,NA
2022-08-28 22:00:00,41.71,106.79,13.44,23.35,36.79,NA,NA,0.43,17.33,NA,NA,NA,NA,NA,NA,NA,NA,NA,NA,NA,0.00,NA,NA,NA
2022-08-28 23:00:00,31.28,102.74,13.32,21.57,34.89,NA,NA,0.43,15.87,NA,NA,NA,NA,NA,NA,NA,NA,NA,NA,NA,0.00,NA,NA,NA
2022-08-29 00:00:00,42.87,95.52,13.12,23.14,36.26,NA,NA,0.44,16.30,NA,NA,NA,NA,NA,NA,NA,NA,NA,NA,NA,0.00,NA,NA,NA
2022-08-29 01:00:00,54.05,139.68,13.28,24.12,37.40,NA,NA,0.46,15.20,NA,NA,NA,NA,NA,NA,NA,NA,NA,NA,NA,0.00,NA,NA,NA
2022-08-29 02:00:00,54.59,144.72,12.85,23.36,36.21,NA,NA,0.45,16.57,NA,NA,NA,NA,NA,NA,NA,NA,NA,NA,NA,0.00,NA,NA,NA
2022-08-29 03:00:00,46.90,130.45,12.04,20.51,32.55,NA,NA,0.37,24.49,NA,NA,NA,NA,NA,NA,NA,NA,NA,NA,NA,0.00,NA,NA,NA
2022-08-29 04:00:00,42.83,123.57,11.52,19.54,31.06,NA,NA,0.35,28.40,NA,NA,NA,NA,NA,NA,NA,NA,NA,NA,NA,0.00,NA,NA,NA
2022-08-29 05:00:00,53.89,136.61,11.32,18.62,29.94,NA,NA,0.35,28.20,NA,NA,NA,NA,NA,NA,NA,NA,NA,NA,NA,0.00,NA,NA,NA
2022-08-29 06:00:00,47.31,127.10,11.41,19.32,30.72,NA,NA,0.37,25.71,NA,NA,NA,NA,NA,NA,NA,NA,NA,NA,NA,0.00,NA,NA,NA
2022-08-29 07:00:00,44.77,116.54,12.81,20.65,33.46,NA,NA,0.38,26.99,NA,NA,NA,NA,NA,NA,NA,NA,NA,NA,NA,0.00,NA,NA,NA
2022-08-29 08:00:00,43.66,142.91,15.02,21.42,36.44,NA,NA,0.40,31.79,NA,NA,NA,NA,NA,NA,NA,NA,NA,NA,NA,0.00,NA,NA,NA
2022-08-29 09:00:00,59.57,150.55,13.47,18.46,31.93,NA,NA,0.38,42.49,NA,NA,NA,NA,NA,NA,NA,NA,NA,NA,NA,0.00,NA,NA,NA
2022-08-29 10:00:00,47.98,138.94,13.86,18.86,32.71,NA,NA,0.39,48.79,NA,NA,NA,NA,NA,NA,NA,NA,NA,NA,NA,0.00,NA,NA,NA
2022-08-29 11:00:00,56.65,156.13,14.77,18.99,33.76,NA,NA,0.39,54.64,NA,NA,NA,NA,NA,NA,NA,NA,NA,NA,NA,0.00,NA,NA,NA
2022-08-29 12:00:00,46.72,139.35,15.32,18.12,33.44,NA,NA,0.37,63.25,NA,NA,NA,NA,NA,NA,NA,NA,NA,NA,NA,0.00,NA,NA,NA
2022-08-29 13:00:00,50.96,144.72,18.81,19.09,37.90,NA,NA,0.37,72.41,NA,NA,NA,NA,NA,NA,NA,NA,NA,NA,NA,0.00,NA,NA,NA
2022-08-29 14:00:00,78.56,163.34,25.39,20.61,46.01,NA,NA,0.31,72.04,NA,NA,NA,NA,NA,NA,NA,NA,NA,NA,NA,0.00,NA,NA,NA
2022-08-29 15:00:00,97.81,202.86,27.46,20.96,48.42,NA,NA,0.27,75.30,NA,NA,NA,NA,NA,NA,NA,NA,NA,NA,NA,0.00,NA,NA,NA
2022-08-29 16:00:00,90.31,186.15,30.19,22.91,53.10,NA,NA,0.30,96.42,NA,NA,NA,NA,NA,NA,NA,NA,NA,NA,NA,0.00,NA,NA,NA
2022-08-29 17:00:00,91.82,183.00,26.00,22.07,48.05,NA,NA,0.33,101.67,NA,NA,NA,NA,NA,NA,NA,NA,NA,NA,NA,0.00,NA,NA,NA
2022-08-29 18:00:00,34.65,48.84,17.61,19.71,37.31,NA,NA,0.34,87.61,NA,NA,NA,NA,NA,NA,NA,NA,NA,NA,NA,0.00,NA,NA,NA
2022-08-29 19:00:00,5.16,5.22,14.26,18.37,32.63,NA,NA,0.35,69.10,NA,NA,NA,NA,NA,NA,NA,NA,NA,NA,NA,0.00,NA,NA,NA
2022-08-29 20:00:00,3.61,15.45,13.17,18.65,31.82,NA,NA,0.34,51.19,NA,NA,NA,NA,NA,NA,NA,NA,NA,NA,NA,0.00,NA,NA,NA
2022-08-29 21:00:00,4.39,6.66,12.96,19.49,32.45,NA,NA,0.36,37.11,NA,NA,NA,NA,NA,NA,NA,NA,NA,NA,NA,0.00,NA,NA,NA
2022-08-29 22:00:00,6.51,26.37,12.58,20.84,33.43,NA,NA,0.38,24.50,NA,NA,NA,NA,NA,NA,NA,NA,NA,NA,NA,0.00,NA,NA,NA
2022-08-29 23:00:00,18.56,33.70,12.75,23.37,36.12,NA,NA,0.40,16.74,NA,NA,NA,NA,NA,NA,NA,NA,NA,NA,NA,0.00,NA,NA,NA
2022-08-30 00:00:00,13.70,40.95,14.07,23.53,37.60,NA,NA,0.40,14.51,NA,NA,NA,NA,NA,NA,NA,NA,NA,NA,NA,0.00,NA,NA,NA
2022-08-30 01:00:00,19.84,42.97,12.61,21.88,34.49,NA,NA,0.38,17.76,NA,NA,NA,NA,NA,NA,NA,NA,NA,NA,NA,0.00,NA,NA,NA
2022-08-30 02:00:00,23.62,41.81,12.10,20.26,32.36,NA,NA,0.37,24.93,NA,NA,NA,NA,NA,NA,NA,NA,NA,NA,NA,0.00,NA,NA,NA
2022-08-30 03:00:00,31.31,52.17,12.12,19.97,32.08,NA,NA,0.37,21.96,NA,NA,NA,NA,NA,NA,NA,NA,NA,NA,NA,0.00,NA,NA,NA
2022-08-30 04:00:00,28.19,54.58,12.50,19.63,32.12,NA,NA,0.37,15.63,NA,NA,NA,NA,NA,NA,NA,NA,NA,NA,NA,0.00,NA,NA,NA
2022-08-30 05:00:00,25.73,51.95,12.73,19.87,32.60,NA,NA,0.37,14.89,NA,NA,NA,NA,NA,NA,NA,NA,NA,NA,NA,0.00,NA,NA,NA
2022-08-30 06:00:00,26.33,53.99,13.74,19.92,33.66,NA,NA,0.39,14.81,NA,NA,NA,NA,NA,NA,NA,NA,NA,NA,NA,0.00,NA,NA,NA
2022-08-30 07:00:00,30.20,62.96,15.12,20.30,35.41,NA,NA,0.42,18.57,NA,NA,NA,NA,NA,NA,NA,NA,NA,NA,NA,0.00,NA,NA,NA
2022-08-30 08:00:00,52.78,94.95,15.09,23.01,38.11,NA,NA,0.45,34.67,NA,NA,NA,NA,NA,NA,NA,NA,NA,NA,NA,0.00,NA,NA,NA
2022-08-30 09:00:00,76.31,140.26,15.02,23.33,38.35,NA,NA,0.48,62.30,NA,NA,NA,NA,NA,NA,NA,NA,NA,NA,NA,0.00,NA,NA,NA
2022-08-30 10:00:00,82.80,158.37,15.26,21.76,37.03,NA,NA,0.49,81.55,NA,NA,NA,NA,NA,NA,NA,NA,NA,NA,NA,0.00,NA,NA,NA
2022-08-30 11:00:00,77.95,135.91,17.21,19.69,36.90,NA,NA,0.42,79.77,NA,NA,NA,NA,NA,NA,NA,NA,NA,NA,NA,0.00,NA,NA,NA
2022-08-30 12:00:00,64.89,146.32,21.05,21.30,42.35,NA,NA,0.40,97.39,NA,NA,NA,NA,NA,NA,NA,NA,NA,NA,NA,0.00,NA,NA,NA
2022-08-30 13:00:00,76.90,173.38,24.02,22.31,46.33,NA,NA,0.38,99.25,NA,NA,NA,NA,NA,NA,NA,NA,NA,NA,NA,0.00,NA,NA,NA
2022-08-30 14:00:00,85.93,134.89,19.13,21.67,40.81,NA,NA,0.33,86.10,NA,NA,NA,NA,NA,NA,NA,NA,NA,NA,NA,0.00,NA,NA,NA
2022-08-30 15:00:00,73.15,117.81,23.64,28.57,52.21,NA,NA,0.34,69.56,NA,NA,NA,NA,NA,NA,NA,NA,NA,NA,NA,0.00,NA,NA,NA
2022-08-30 16:00:00,56.26,76.62,17.64,19.69,37.33,NA,NA,0.28,78.55,NA,NA,NA,NA,NA,NA,NA,NA,NA,NA,NA,0.00,NA,NA,NA
2022-08-30 17:00:00,35.44,58.74,13.22,20.90,34.12,NA,NA,0.31,62.10,NA,NA,NA,NA,NA,NA,NA,NA,NA,NA,NA,0.00,NA,NA,NA
2022-08-30 18:00:00,29.04,59.57,13.28,21.81,35.09,NA,NA,0.30,46.97,NA,NA,NA,NA,NA,NA,NA,NA,NA,NA,NA,0.00,NA,NA,NA
2022-08-30 19:00:00,27.25,64.43,13.09,20.88,33.97,NA,NA,0.30,37.92,NA,NA,NA,NA,NA,NA,NA,NA,NA,NA,NA,0.00,NA,NA,NA
2022-08-30 20:00:00,39.51,66.32,12.30,21.80,34.10,NA,NA,0.34,25.20,NA,NA,NA,NA,NA,NA,NA,NA,NA,NA,NA,0.00,NA,NA,NA
2022-08-30 21:00:00,31.39,51.50,11.91,22.84,34.76,NA,NA,0.36,19.99,NA,NA,NA,NA,NA,NA,NA,NA,NA,NA,NA,0.00,NA,NA,NA
2022-08-30 22:00:00,35.60,78.31,14.76,27.15,41.90,NA,NA,0.38,14.75,NA,NA,NA,NA,NA,NA,NA,NA,NA,NA,NA,0.00,NA,NA,NA
2022-08-30 23:00:00,35.57,90.04,13.96,27.36,41.33,NA,NA,0.40,13.76,NA,NA,NA,NA,NA,NA,NA,NA,NA,NA,NA,0.00,NA,NA,NA
2022-08-31 00:00:00,38.91,115.93,16.22,28.08,44.30,NA,NA,0.44,16.98,NA,NA,NA,NA,NA,NA,NA,NA,NA,NA,NA,0.00,NA,NA,NA
2022-08-31 01:00:00,42.49,107.41,14.86,27.29,42.14,NA,NA,0.42,14.52,NA,NA,NA,NA,NA,NA,NA,NA,NA,NA,NA,0.00,NA,NA,NA
2022-08-31 02:00:00,37.25,91.87,13.48,25.19,38.67,NA,NA,0.35,12.93,NA,NA,NA,NA,NA,NA,NA,NA,NA,NA,NA,0.00,NA,NA,NA
2022-08-31 03:00:00,29.35,70.88,12.40,23.05,35.45,NA,NA,0.32,12.52,NA,NA,NA,NA,NA,NA,NA,NA,NA,NA,NA,0.00,NA,NA,NA
2022-08-31 04:00:00,29.42,77.27,12.28,23.87,36.15,NA,NA,0.32,11.66,NA,NA,NA,NA,NA,NA,NA,NA,NA,NA,NA,0.00,NA,NA,NA
2022-08-31 05:00:00,51.77,87.19,15.27,25.40,40.68,NA,NA,0.33,12.97,NA,NA,NA,NA,NA,NA,NA,NA,NA,NA,NA,0.00,NA,NA,NA
2022-08-31 06:00:00,42.91,91.44,13.81,23.90,37.71,NA,NA,0.33,12.72,NA,NA,NA,NA,NA,NA,NA,NA,NA,NA,NA,0.00,NA,NA,NA
2022-08-31 07:00:00,52.26,94.79,15.32,23.28,38.60,NA,NA,0.35,16.64,NA,NA,NA,NA,NA,NA,NA,NA,NA,NA,NA,0.00,NA,NA,NA
2022-08-31 08:00:00,56.27,121.72,15.55,25.84,41.40,NA,NA,0.38,30.26,NA,NA,NA,NA,NA,NA,NA,NA,NA,NA,NA,0.00,NA,NA,NA
2022-08-31 09:00:00,69.33,147.55,13.87,23.46,37.32,NA,NA,0.36,60.26,NA,NA,NA,NA,NA,NA,NA,NA,NA,NA,NA,0.00,NA,NA,NA
2022-08-31 10:00:00,62.46,124.34,13.84,21.03,34.87,NA,NA,0.34,78.06,NA,NA,NA,NA,NA,NA,NA,NA,NA,NA,NA,0.00,NA,NA,NA
2022-08-31 11:00:00,57.42,137.40,13.75,19.56,33.31,NA,NA,0.32,88.72,NA,NA,NA,NA,NA,NA,NA,NA,NA,NA,NA,0.00,NA,NA,NA
2022-08-31 12:00:00,57.85,123.85,13.62,17.71,31.32,NA,NA,0.27,75.55,NA,NA,NA,NA,NA,NA,NA,NA,NA,NA,NA,0.00,NA,NA,NA
2022-08-31 13:00:00,43.82,105.23,13.06,17.21,30.26,NA,NA,0.25,66.32,NA,NA,NA,NA,NA,NA,NA,NA,NA,NA,NA,0.00,NA,NA,NA
2022-08-31 14:00:00,39.92,101.26,13.48,17.03,30.51,NA,NA,0.24,61.60,NA,NA,NA,NA,NA,NA,NA,NA,NA,NA,NA,0.00,NA,NA,NA
2022-08-31 15:00:00,42.22,98.06,12.69,16.62,29.30,NA,NA,0.24,65.04,NA,NA,NA,NA,NA,NA,NA,NA,NA,NA,NA,0.00,NA,NA,NA
2022-08-31 16:00:00,44.04,113.43,12.41,20.10,32.52,NA,NA,0.24,59.52,NA,NA,NA,NA,NA,NA,NA,NA,NA,NA,NA,0.00,NA,NA,NA
2022-08-31 17:00:00,56.47,113.46,10.91,17.92,28.83,NA,NA,0.25,62.95,NA,NA,NA,NA,NA,NA,NA,NA,NA,NA,NA,0.00,NA,NA,NA
2022-08-31 18:00:00,58.08,143.30,10.34,18.62,28.97,NA,NA,0.29,56.53,NA,NA,NA,NA,NA,NA,NA,NA,NA,NA,NA,0.00,NA,NA,NA
2022-08-31 19:00:00,36.16,91.47,9.62,19.79,29.41,NA,NA,0.32,43.44,NA,NA,NA,NA,NA,NA,NA,NA,NA,NA,NA,0.00,NA,NA,NA
2022-08-31 20:00:00,39.34,77.48,9.68,20.45,30.13,NA,NA,0.35,25.78,NA,NA,NA,NA,NA,NA,NA,NA,NA,NA,NA,0.00,NA,NA,NA
2022-08-31 21:00:00,33.50,89.33,10.96,25.77,36.77,NA,NA,0.48,16.76,NA,NA,NA,NA,NA,NA,NA,NA,NA,NA,NA,0.00,NA,NA,NA
2022-08-31 22:00:00,45.03,103.18,16.56,30.96,47.55,NA,NA,0.52,11.80,NA,NA,NA,NA,NA,NA,NA,NA,NA,NA,NA,0.00,NA,NA,NA
2022-08-31 23:00:00,45.11,120.75,17.58,29.01,46.57,NA,NA,0.53,16.85,NA,NA,NA,NA,NA,NA,NA,NA,NA,NA,NA,0.00,NA,NA,NA
2022-09-01 00:00:00,46.82,127.33,12.72,25.45,38.15,NA,NA,0.45,13.27,NA,NA,NA,NA,NA,NA,NA,NA,NA,NA,NA,0.00,NA,NA,NA
2022-09-01 01:00:00,48.41,111.97,11.63,23.61,35.24,NA,NA,0.41,13.07,NA,NA,NA,NA,NA,NA,NA,NA,NA,NA,NA,0.00,NA,NA,NA
2022-09-01 02:00:00,47.28,112.82,12.16,22.64,34.80,NA,NA,0.41,13.03,NA,NA,NA,NA,NA,NA,NA,NA,NA,NA,NA,0.00,NA,NA,NA
2022-09-01 03:00:00,49.92,118.82,20.29,24.96,45.28,NA,NA,0.46,12.88,NA,NA,NA,NA,NA,NA,NA,NA,NA,NA,NA,0.00,NA,NA,NA
2022-09-01 04:00:00,50.32,111.85,13.30,27.78,41.08,NA,NA,0.37,12.40,NA,NA,NA,NA,NA,NA,NA,NA,NA,NA,NA,0.00,NA,NA,NA
2022-09-01 05:00:00,39.99,98.44,16.39,27.24,43.63,NA,NA,0.38,12.98,NA,NA,NA,NA,NA,NA,NA,NA,NA,NA,NA,0.00,NA,NA,NA
2022-09-01 06:00:00,48.84,117.32,18.62,23.64,42.26,NA,NA,0.41,13.62,NA,NA,NA,NA,NA,NA,NA,NA,NA,NA,NA,0.00,NA,NA,NA
2022-09-01 07:00:00,47.97,118.15,18.64,26.65,45.30,NA,NA,0.43,16.78,NA,NA,NA,NA,NA,NA,NA,NA,NA,NA,NA,0.00,NA,NA,NA
2022-09-01 08:00:00,57.13,124.98,13.47,23.34,36.81,NA,NA,0.35,31.23,NA,NA,NA,NA,NA,NA,NA,NA,NA,NA,NA,0.00,NA,NA,NA
2022-09-01 09:00:00,44.31,114.85,13.00,21.37,34.38,NA,NA,0.32,45.29,NA,NA,NA,NA,NA,NA,NA,NA,NA,NA,NA,0.00,NA,NA,NA
2022-09-01 10:00:00,42.96,96.41,12.77,19.45,32.22,NA,NA,0.31,72.23,NA,NA,NA,NA,NA,NA,NA,NA,NA,NA,NA,0.00,NA,NA,NA
2022-09-01 11:00:00,53.12,100.45,12.85,17.80,30.66,NA,NA,0.29,85.45,NA,NA,NA,NA,NA,NA,NA,NA,NA,NA,NA,0.00,NA,NA,NA
2022-09-01 12:00:00,41.90,84.09,12.90,17.58,30.48,NA,NA,0.28,89.34,NA,NA,NA,NA,NA,NA,NA,NA,NA,NA,NA,0.00,NA,NA,NA
2022-09-01 13:00:00,38.65,92.68,13.52,18.14,31.66,NA,NA,0.27,100.23,NA,NA,NA,NA,NA,NA,NA,NA,NA,NA,NA,0.00,NA,NA,NA
2022-09-01 14:00:00,65.62,132.86,15.26,18.92,34.17,NA,NA,0.25,102.37,NA,NA,NA,NA,NA,NA,NA,NA,NA,NA,NA,0.00,NA,NA,NA
2022-09-01 15:00:00,86.45,167.54,15.17,18.91,34.08,NA,NA,0.21,101.66,NA,NA,NA,NA,NA,NA,NA,NA,NA,NA,NA,0.00,NA,NA,NA
2022-09-01 16:00:00,87.56,146.35,14.31,19.19,33.50,NA,NA,0.20,84.94,NA,NA,NA,NA,NA,NA,NA,NA,NA,NA,NA,0.00,NA,NA,NA
2022-09-01 17:00:00,68.81,122.81,12.50,22.23,34.74,NA,NA,0.19,64.67,NA,NA,NA,NA,NA,NA,NA,NA,NA,NA,NA,0.00,NA,NA,NA
2022-09-01 18:00:00,37.47,94.69,10.48,25.33,35.81,NA,NA,0.27,49.60,NA,NA,NA,NA,NA,NA,NA,NA,NA,NA,NA,0.00,NA,NA,NA
2022-09-01 19:00:00,24.10,52.46,9.44,27.98,37.42,NA,NA,0.38,36.13,NA,NA,NA,NA,NA,NA,NA,NA,NA,NA,NA,0.00,NA,NA,NA
2022-09-01 20:00:00,28.31,99.13,9.36,28.55,37.91,NA,NA,0.44,27.13,NA,NA,NA,NA,NA,NA,NA,NA,NA,NA,NA,0.00,NA,NA,NA
2022-09-01 21:00:00,39.02,125.07,9.58,31.91,41.49,NA,NA,0.46,20.10,NA,NA,NA,NA,NA,NA,NA,NA,NA,NA,NA,0.00,NA,NA,NA
2022-09-01 22:00:00,36.03,122.06,9.27,25.77,35.04,NA,NA,0.35,26.51,NA,NA,NA,NA,NA,NA,NA,NA,NA,NA,NA,0.00,NA,NA,NA
2022-09-01 23:00:00,31.86,87.06,9.33,23.73,33.06,NA,NA,0.31,20.97,NA,NA,NA,NA,NA,NA,NA,NA,NA,NA,NA,0.00,NA,NA,NA
2022-09-02 00:00:00,26.88,80.75,9.41,24.10,33.51,NA,NA,0.32,14.91,NA,NA,NA,NA,NA,NA,NA,NA,NA,NA,NA,0.00,NA,NA,NA
2022-09-02 01:00:00,30.72,77.38,9.99,23.47,33.46,NA,NA,0.30,13.85,NA,NA,NA,NA,NA,NA,NA,NA,NA,NA,NA,0.00,NA,NA,NA
2022-09-02 02:00:00,29.23,73.83,9.93,22.32,32.25,NA,NA,0.30,11.81,NA,NA,NA,NA,NA,NA,NA,NA,NA,NA,NA,0.00,NA,NA,NA
2022-09-02 03:00:00,29.00,62.43,9.98,23.27,33.26,NA,NA,0.29,12.75,NA,NA,NA,NA,NA,NA,NA,NA,NA,NA,NA,0.00,NA,NA,NA
2022-09-02 04:00:00,34.02,70.10,10.10,21.83,31.92,NA,NA,0.30,12.56,NA,NA,NA,NA,NA,NA,NA,NA,NA,NA,NA,0.00,NA,NA,NA
2022-09-02 05:00:00,44.51,80.46,11.54,21.03,32.57,NA,NA,0.31,16.45,NA,NA,NA,NA,NA,NA,NA,NA,NA,NA,NA,0.00,NA,NA,NA
2022-09-02 06:00:00,37.22,79.72,13.33,20.27,33.59,NA,NA,0.33,11.85,NA,NA,NA,NA,NA,NA,NA,NA,NA,NA,NA,0.00,NA,NA,NA
2022-09-02 07:00:00,40.69,86.76,17.05,23.29,40.34,NA,NA,0.37,18.28,NA,NA,NA,NA,NA,NA,NA,NA,NA,NA,NA,0.00,NA,NA,NA
2022-09-02 08:00:00,42.09,93.91,14.24,27.08,41.33,NA,NA,0.37,27.91,NA,NA,NA,NA,NA,NA,NA,NA,NA,NA,NA,0.00,NA,NA,NA
2022-09-02 09:00:00,67.27,137.56,12.26,27.20,39.47,NA,NA,0.41,59.30,NA,NA,NA,NA,NA,NA,NA,NA,NA,NA,NA,0.00,NA,NA,NA
2022-09-02 10:00:00,68.56,151.39,12.50,22.49,34.99,NA,NA,0.34,81.45,NA,NA,NA,NA,NA,NA,NA,NA,NA,NA,NA,0.00,NA,NA,NA
2022-09-02 11:00:00,49.27,128.26,12.45,19.66,32.11,NA,NA,0.30,98.85,NA,NA,NA,NA,NA,NA,NA,NA,NA,NA,NA,0.00,NA,NA,NA
2022-09-02 12:00:00,63.92,124.04,12.18,18.53,30.71,NA,NA,0.27,86.55,NA,NA,NA,NA,NA,NA,NA,NA,NA,NA,NA,0.00,NA,NA,NA
2022-09-02 13:00:00,33.17,95.41,12.58,17.90,30.48,NA,NA,0.25,84.47,NA,NA,NA,NA,NA,NA,NA,NA,NA,NA,NA,0.00,NA,NA,NA
2022-09-02 14:00:00,46.23,92.41,12.05,17.71,29.77,NA,NA,0.25,85.80,NA,NA,NA,NA,NA,NA,NA,NA,NA,NA,NA,0.00,NA,NA,NA
2022-09-02 15:00:00,30.62,56.87,11.98,18.00,29.98,NA,NA,0.27,89.12,NA,NA,NA,NA,NA,NA,NA,NA,NA,NA,NA,0.00,NA,NA,NA
2022-09-02 16:00:00,44.80,102.39,12.38,17.97,30.35,NA,NA,0.23,91.89,NA,NA,NA,NA,NA,NA,NA,NA,NA,NA,NA,0.00,NA,NA,NA
2022-09-02 17:00:00,84.30,164.06,11.23,18.46,29.69,NA,NA,0.23,99.22,NA,NA,NA,NA,NA,NA,NA,NA,NA,NA,NA,0.00,NA,NA,NA
2022-09-02 18:00:00,60.50,112.75,9.54,19.69,29.23,NA,NA,0.27,88.94,NA,NA,NA,NA,NA,NA,NA,NA,NA,NA,NA,0.00,NA,NA,NA
2022-09-02 19:00:00,31.07,73.73,8.72,18.77,27.49,NA,NA,0.29,79.36,NA,NA,NA,NA,NA,NA,NA,NA,NA,NA,NA,0.00,NA,NA,NA
2022-09-02 20:00:00,33.02,84.71,8.81,18.65,27.46,NA,NA,0.30,52.03,NA,NA,NA,NA,NA,NA,NA,NA,NA,NA,NA,0.00,NA,NA,NA
2022-09-02 21:00:00,35.19,88.51,8.80,23.97,32.78,NA,NA,0.35,33.77,NA,NA,NA,NA,NA,NA,NA,NA,NA,NA,NA,0.00,NA,NA,NA
2022-09-02 22:00:00,41.18,107.22,8.71,25.33,34.04,NA,NA,0.36,25.07,NA,NA,NA,NA,NA,NA,NA,NA,NA,NA,NA,0.00,NA,NA,NA
2022-09-02 23:00:00,43.75,100.77,8.85,26.31,35.16,NA,NA,0.32,19.29,NA,NA,NA,NA,NA,NA,NA,NA,NA,NA,NA,0.00,NA,NA,NA
2022-09-03 00:00:00,48.28,104.20,8.84,25.46,34.30,NA,NA,0.32,19.25,NA,NA,NA,NA,NA,NA,NA,NA,NA,NA,NA,0.00,NA,NA,NA
2022-09-03 01:00:00,41.86,107.11,8.35,23.43,31.79,NA,NA,0.29,20.98,NA,NA,NA,NA,NA,NA,NA,NA,NA,NA,NA,0.00,NA,NA,NA
2022-09-03 02:00:00,37.37,90.66,8.21,21.52,29.73,NA,NA,0.27,22.78,NA,NA,NA,NA,NA,NA,NA,NA,NA,NA,NA,0.00,NA,NA,NA
2022-09-03 03:00:00,41.70,83.49,8.10,22.24,30.34,NA,NA,0.27,21.25,NA,NA,NA,NA,NA,NA,NA,NA,NA,NA,NA,0.00,NA,NA,NA
2022-09-03 04:00:00,30.21,78.96,7.86,20.87,28.72,NA,NA,0.24,22.83,NA,NA,NA,NA,NA,NA,NA,NA,NA,NA,NA,0.00,NA,NA,NA
2022-09-03 05:00:00,25.30,56.08,7.72,18.02,25.74,NA,NA,0.22,28.31,NA,NA,NA,NA,NA,NA,NA,NA,NA,NA,NA,0.00,NA,NA,NA
2022-09-03 06:00:00,27.45,55.82,8.06,18.55,26.60,NA,NA,0.23,25.82,NA,NA,NA,NA,NA,NA,NA,NA,NA,NA,NA,0.00,NA,NA,NA
2022-09-03 07:00:00,15.11,53.95,9.21,18.87,28.08,NA,NA,0.24,27.81,NA,NA,NA,NA,NA,NA,NA,NA,NA,NA,NA,0.00,NA,NA,NA
2022-09-03 08:00:00,27.37,67.12,9.89,17.99,27.88,NA,NA,0.24,36.27,NA,NA,NA,NA,NA,NA,NA,NA,NA,NA,NA,0.00,NA,NA,NA
2022-09-03 09:00:00,29.90,71.92,10.31,17.21,27.52,NA,NA,0.24,45.07,NA,NA,NA,NA,NA,NA,NA,NA,NA,NA,NA,0.00,NA,NA,NA
2022-09-03 10:00:00,35.32,77.29,10.74,17.40,28.14,NA,NA,0.23,52.48,NA,NA,NA,NA,NA,NA,NA,NA,NA,NA,NA,0.00,NA,NA,NA
2022-09-03 11:00:00,28.63,83.18,11.36,17.47,28.83,NA,NA,0.21,50.74,NA,NA,NA,NA,NA,NA,NA,NA,NA,NA,NA,0.00,NA,NA,NA
2022-09-03 12:00:00,30.17,65.34,11.15,15.76,26.91,NA,NA,0.21,53.78,NA,NA,NA,NA,NA,NA,NA,NA,NA,NA,NA,0.00,NA,NA,NA
2022-09-03 13:00:00,24.21,57.00,10.79,15.76,26.55,NA,NA,0.20,52.67,NA,NA,NA,NA,NA,NA,NA,NA,NA,NA,NA,0.00,NA,NA,NA
2022-09-03 14:00:00,27.46,63.38,10.69,15.60,26.28,NA,NA,0.21,57.31,NA,NA,NA,NA,NA,NA,NA,NA,NA,NA,NA,0.00,NA,NA,NA
2022-09-03 15:00:00,20.80,64.95,10.42,15.74,26.16,NA,NA,0.21,57.32,NA,NA,NA,NA,NA,NA,NA,NA,NA,NA,NA,0.00,NA,NA,NA
2022-09-03 16:00:00,31.51,71.25,9.68,15.60,25.28,NA,NA,0.20,54.95,NA,NA,NA,NA,NA,NA,NA,NA,NA,NA,NA,0.00,NA,NA,NA
2022-09-03 17:00:00,21.34,54.70,8.33,15.44,23.78,NA,NA,0.20,53.59,NA,NA,NA,NA,NA,NA,NA,NA,NA,NA,NA,0.00,NA,NA,NA
2022-09-03 18:00:00,29.51,66.38,7.11,16.87,23.98,NA,NA,0.24,48.45,NA,NA,NA,NA,NA,NA,NA,NA,NA,NA,NA,0.00,NA,NA,NA
2022-09-03 19:00:00,24.55,71.07,6.93,18.66,25.59,NA,NA,0.29,37.86,NA,NA,NA,NA,NA,NA,NA,NA,NA,NA,NA,0.00,NA,NA,NA
2022-09-03 20:00:00,31.51,82.79,7.22,24.93,32.15,NA,NA,0.37,21.42,NA,NA,NA,NA,NA,NA,NA,NA,NA,NA,NA,0.00,NA,NA,NA
2022-09-03 21:00:00,27.38,82.91,7.17,24.10,31.27,NA,NA,0.36,14.15,NA,NA,NA,NA,NA,NA,NA,NA,NA,NA,NA,0.00,NA,NA,NA
2022-09-03 22:00:00,30.43,83.16,13.10,25.85,38.95,NA,NA,0.43,11.59,NA,NA,NA,NA,NA,NA,NA,NA,NA,NA,NA,0.00,NA,NA,NA
2022-09-03 23:00:00,31.11,105.75,8.87,26.04,34.92,NA,NA,0.36,14.44,NA,NA,NA,NA,NA,NA,NA,NA,NA,NA,NA,0.00,NA,NA,NA
2022-09-04 00:00:00,27.39,71.41,6.95,19.54,26.49,NA,NA,0.24,26.26,NA,NA,NA,NA,NA,NA,NA,NA,NA,NA,NA,0.00,NA,NA,NA
2022-09-04 01:00:00,23.65,60.48,6.87,18.48,25.36,NA,NA,0.22,28.74,NA,NA,NA,NA,NA,NA,NA,NA,NA,NA,NA,0.00,NA,NA,NA
2022-09-04 02:00:00,20.30,52.13,6.86,17.79,24.65,NA,NA,0.21,29.43,NA,NA,NA,NA,NA,NA,NA,NA,NA,NA,NA,0.00,NA,NA,NA
2022-09-04 03:00:00,24.61,52.20,6.73,17.93,24.66,NA,NA,0.21,31.89,NA,NA,NA,NA,NA,NA,NA,NA,NA,NA,NA,0.00,NA,NA,NA
2022-09-04 04:00:00,18.75,49.63,6.72,17.62,24.33,NA,NA,0.20,32.97,NA,NA,NA,NA,NA,NA,NA,NA,NA,NA,NA,0.00,NA,NA,NA
2022-09-04 05:00:00,26.82,50.02,6.72,17.50,24.22,NA,NA,0.20,31.89,NA,NA,NA,NA,NA,NA,NA,NA,NA,NA,NA,0.00,NA,NA,NA
2022-09-04 06:00:00,20.97,56.40,7.05,17.68,24.73,NA,NA,0.21,30.26,NA,NA,NA,NA,NA,NA,NA,NA,NA,NA,NA,0.00,NA,NA,NA
2022-09-04 07:00:00,18.64,53.82,8.38,18.08,26.45,NA,NA,0.22,32.64,NA,NA,NA,NA,NA,NA,NA,NA,NA,NA,NA,0.00,NA,NA,NA
2022-09-04 08:00:00,27.46,60.58,9.08,17.30,26.37,NA,NA,0.22,38.77,NA,NA,NA,NA,NA,NA,NA,NA,NA,NA,NA,0.00,NA,NA,NA
2022-09-04 09:00:00,28.16,74.72,9.99,18.28,28.27,NA,NA,0.22,42.29,NA,NA,NA,NA,NA,NA,NA,NA,NA,NA,NA,0.00,NA,NA,NA
2022-09-04 10:00:00,30.14,64.48,9.96,16.17,26.13,NA,NA,0.21,51.55,NA,NA,NA,NA,NA,NA,NA,NA,NA,NA,NA,0.00,NA,NA,NA
2022-09-04 11:00:00,29.82,69.38,10.19,16.49,26.68,NA,NA,0.21,59.11,NA,NA,NA,NA,NA,NA,NA,NA,NA,NA,NA,0.00,NA,NA,NA
2022-09-04 12:00:00,22.96,67.21,10.79,16.02,26.81,NA,NA,0.21,59.28,NA,NA,NA,NA,NA,NA,NA,NA,NA,NA,NA,0.00,NA,NA,NA
2022-09-04 13:00:00,22.52,58.15,10.67,16.02,26.69,NA,NA,0.21,56.97,NA,NA,NA,NA,NA,NA,NA,NA,NA,NA,NA,0.00,NA,NA,NA
2022-09-04 14:00:00,30.60,68.28,10.33,15.57,25.90,NA,NA,0.20,58.72,NA,NA,NA,NA,NA,NA,NA,NA,NA,NA,NA,0.00,NA,NA,NA
2022-09-04 15:00:00,30.75,55.43,10.10,15.72,25.82,NA,NA,0.20,65.12,NA,NA,NA,NA,NA,NA,NA,NA,NA,NA,NA,0.00,NA,NA,NA
2022-09-04 16:00:00,20.72,60.75,9.00,15.38,24.38,NA,NA,0.20,65.54,NA,NA,NA,NA,NA,NA,NA,NA,NA,NA,NA,0.00,NA,NA,NA
2022-09-04 17:00:00,23.84,49.57,8.10,15.32,23.41,NA,NA,0.20,63.61,NA,NA,NA,NA,NA,NA,NA,NA,NA,NA,NA,0.00,NA,NA,NA
2022-09-04 18:00:00,22.83,58.45,6.80,15.87,22.67,NA,NA,0.21,55.25,NA,NA,NA,NA,NA,NA,NA,NA,NA,NA,NA,0.00,NA,NA,NA
2022-09-04 19:00:00,33.02,64.98,6.46,18.19,24.65,NA,NA,0.26,39.41,NA,NA,NA,NA,NA,NA,NA,NA,NA,NA,NA,0.00,NA,NA,NA
2022-09-04 20:00:00,27.30,72.02,6.43,21.45,27.88,NA,NA,0.30,29.61,NA,NA,NA,NA,NA,NA,NA,NA,NA,NA,NA,0.00,NA,NA,NA
2022-09-04 21:00:00,22.38,74.28,6.46,21.10,27.55,NA,NA,0.30,25.82,NA,NA,NA,NA,NA,NA,NA,NA,NA,NA,NA,0.00,NA,NA,NA
2022-09-04 22:00:00,24.68,66.38,6.48,21.20,27.67,NA,NA,0.29,22.96,NA,NA,NA,NA,NA,NA,NA,NA,NA,NA,NA,0.00,NA,NA,NA
2022-09-04 23:00:00,25.75,66.92,6.44,20.28,26.72,NA,NA,0.28,26.90,NA,NA,NA,NA,NA,NA,NA,NA,NA,NA,NA,0.00,NA,NA,NA
2022-09-05 00:00:00,39.47,78.80,6.46,18.63,25.09,NA,NA,0.26,27.48,NA,NA,NA,NA,NA,NA,NA,NA,NA,NA,NA,0.00,NA,NA,NA
2022-09-05 01:00:00,28.14,73.09,6.38,19.82,26.21,NA,NA,0.24,22.65,NA,NA,NA,NA,NA,NA,NA,NA,NA,NA,NA,0.00,NA,NA,NA
2022-09-05 02:00:00,20.37,57.16,6.34,17.40,23.74,NA,NA,0.21,27.54,NA,NA,NA,NA,NA,NA,NA,NA,NA,NA,NA,0.00,NA,NA,NA
2022-09-05 03:00:00,19.31,48.90,6.34,17.40,23.74,NA,NA,0.20,26.67,NA,NA,NA,NA,NA,NA,NA,NA,NA,NA,NA,0.00,NA,NA,NA
2022-09-05 04:00:00,14.70,49.71,6.44,17.44,23.88,NA,NA,0.20,24.67,NA,NA,NA,NA,NA,NA,NA,NA,NA,NA,NA,0.00,NA,NA,NA
2022-09-05 05:00:00,22.41,40.87,6.59,19.47,26.06,NA,NA,0.21,20.33,NA,NA,NA,NA,NA,NA,NA,NA,NA,NA,NA,0.00,NA,NA,NA
2022-09-05 06:00:00,13.58,48.55,8.63,22.92,31.54,NA,NA,0.23,14.17,NA,NA,NA,NA,NA,NA,NA,NA,NA,NA,NA,0.00,NA,NA,NA
2022-09-05 07:00:00,8.72,51.96,8.80,20.24,29.04,NA,NA,0.25,24.07,NA,NA,NA,NA,NA,NA,NA,NA,NA,NA,NA,0.00,NA,NA,NA
2022-09-05 08:00:00,24.56,70.53,9.43,19.49,28.92,NA,NA,0.25,33.47,NA,NA,NA,NA,NA,NA,NA,NA,NA,NA,NA,0.00,NA,NA,NA
2022-09-05 09:00:00,30.02,82.82,9.50,17.65,27.14,NA,NA,0.23,43.08,NA,NA,NA,NA,NA,NA,NA,NA,NA,NA,NA,0.00,NA,NA,NA
2022-09-05 10:00:00,30.22,78.38,10.15,17.27,27.42,NA,NA,0.22,50.04,NA,NA,NA,NA,NA,NA,NA,NA,NA,NA,NA,0.00,NA,NA,NA
2022-09-05 11:00:00,22.42,69.15,10.73,17.64,28.37,NA,NA,0.22,54.46,NA,NA,NA,NA,NA,NA,NA,NA,NA,NA,NA,0.00,NA,NA,NA
2022-09-05 12:00:00,28.33,72.21,10.85,18.94,29.79,NA,NA,0.23,64.84,NA,NA,NA,NA,NA,NA,NA,NA,NA,NA,NA,0.00,NA,NA,NA
2022-09-05 13:00:00,28.44,67.27,10.20,16.93,27.13,NA,NA,0.23,73.80,NA,NA,NA,NA,NA,NA,NA,NA,NA,NA,NA,0.00,NA,NA,NA
2022-09-05 14:00:00,34.06,77.07,9.65,16.59,26.24,NA,NA,0.22,78.02,NA,NA,NA,NA,NA,NA,NA,NA,NA,NA,NA,0.00,NA,NA,NA
2022-09-05 15:00:00,26.81,62.48,9.77,16.73,26.51,NA,NA,0.22,80.44,NA,NA,NA,NA,NA,NA,NA,NA,NA,NA,NA,0.00,NA,NA,NA
2022-09-05 16:00:00,26.80,72.71,8.99,16.27,25.26,NA,NA,0.22,75.09,NA,NA,NA,NA,NA,NA,NA,NA,NA,NA,NA,0.00,NA,NA,NA
2022-09-05 17:00:00,34.71,80.97,7.70,17.06,24.76,NA,NA,0.21,61.45,NA,NA,NA,NA,NA,NA,NA,NA,NA,NA,NA,0.00,NA,NA,NA
2022-09-05 18:00:00,30.54,82.12,6.55,19.81,26.36,NA,NA,0.24,50.33,NA,NA,NA,NA,NA,NA,NA,NA,NA,NA,NA,0.00,NA,NA,NA
2022-09-05 19:00:00,29.00,88.78,6.30,19.16,25.46,NA,NA,0.27,43.55,NA,NA,NA,NA,NA,NA,NA,NA,NA,NA,NA,0.00,NA,NA,NA
2022-09-05 20:00:00,22.65,78.41,6.26,21.33,27.59,NA,NA,0.34,30.58,NA,NA,NA,NA,NA,NA,NA,NA,NA,NA,NA,0.00,NA,NA,NA
2022-09-05 21:00:00,42.44,109.52,6.64,27.06,33.69,NA,NA,0.50,18.79,NA,NA,NA,NA,NA,NA,NA,NA,NA,NA,NA,0.00,NA,NA,NA
2022-09-05 22:00:00,49.21,134.10,7.23,28.18,35.41,NA,NA,0.56,14.19,NA,NA,NA,NA,NA,NA,NA,NA,NA,NA,NA,0.00,NA,NA,NA
2022-09-05 23:00:00,50.55,121.50,7.43,26.99,34.42,NA,NA,0.57,14.34,NA,NA,NA,NA,NA,NA,NA,NA,NA,NA,NA,0.00,NA,NA,NA
2022-09-06 00:00:00,48.95,109.69,7.75,25.08,32.83,NA,NA,0.58,13.96,NA,NA,NA,NA,NA,NA,NA,NA,NA,NA,NA,0.00,NA,NA,NA
2022-09-06 01:00:00,46.22,94.97,8.69,24.87,33.54,NA,NA,0.57,12.91,NA,NA,NA,NA,NA,NA,NA,NA,NA,NA,NA,0.00,NA,NA,NA
2022-09-06 02:00:00,43.26,78.49,14.40,28.67,43.08,NA,NA,0.53,12.25,NA,NA,NA,NA,NA,NA,NA,NA,NA,NA,NA,0.00,NA,NA,NA
2022-09-06 03:00:00,35.40,82.90,9.24,24.32,33.56,NA,NA,0.41,12.33,NA,NA,NA,NA,NA,NA,NA,NA,NA,NA,NA,0.00,NA,NA,NA
2022-09-06 04:00:00,38.09,74.24,8.01,24.21,32.22,NA,NA,0.34,11.98,NA,NA,NA,NA,NA,NA,NA,NA,NA,NA,NA,0.00,NA,NA,NA
2022-09-06 05:00:00,42.03,98.17,10.65,25.24,35.88,NA,NA,0.31,11.98,NA,NA,NA,NA,NA,NA,NA,NA,NA,NA,NA,0.00,NA,NA,NA
2022-09-06 06:00:00,52.02,87.23,10.25,24.57,34.81,NA,NA,0.31,12.52,NA,NA,NA,NA,NA,NA,NA,NA,NA,NA,NA,0.00,NA,NA,NA
2022-09-06 07:00:00,29.80,72.18,11.23,23.92,35.16,NA,NA,0.33,18.97,NA,NA,NA,NA,NA,NA,NA,NA,NA,NA,NA,0.00,NA,NA,NA
2022-09-06 08:00:00,40.51,108.89,10.42,24.24,34.66,NA,NA,0.32,36.45,NA,NA,NA,NA,NA,NA,NA,NA,NA,NA,NA,0.00,NA,NA,NA
2022-09-06 09:00:00,58.54,154.34,10.23,24.36,34.60,NA,NA,0.36,65.19,NA,NA,NA,NA,NA,NA,NA,NA,NA,NA,NA,0.00,NA,NA,NA
2022-09-06 10:00:00,53.91,146.09,10.39,21.69,32.08,NA,NA,0.33,78.52,NA,NA,NA,NA,NA,NA,NA,NA,NA,NA,NA,0.00,NA,NA,NA
2022-09-06 11:00:00,52.31,122.45,10.44,18.08,28.52,NA,NA,0.27,80.24,NA,NA,NA,NA,NA,NA,NA,NA,NA,NA,NA,0.00,NA,NA,NA
2022-09-06 12:00:00,38.45,84.24,9.93,17.08,27.02,NA,NA,0.24,79.73,NA,NA,NA,NA,NA,NA,NA,NA,NA,NA,NA,0.00,NA,NA,NA
2022-09-06 13:00:00,25.11,80.63,10.78,19.39,30.17,NA,NA,0.25,91.49,NA,NA,NA,NA,NA,NA,NA,NA,NA,NA,NA,0.00,NA,NA,NA
2022-09-06 14:00:00,44.62,104.92,9.97,19.88,29.85,NA,NA,0.25,75.98,NA,NA,NA,NA,NA,NA,NA,NA,NA,NA,NA,0.00,NA,NA,NA
2022-09-06 15:00:00,35.26,92.06,10.47,21.16,31.62,NA,NA,0.24,69.98,NA,NA,NA,NA,NA,NA,NA,NA,NA,NA,NA,0.00,NA,NA,NA
2022-09-06 16:00:00,37.96,94.77,8.39,17.13,25.52,NA,NA,0.24,74.87,NA,NA,NA,NA,NA,NA,NA,NA,NA,NA,NA,0.00,NA,NA,NA
2022-09-06 17:00:00,44.34,95.60,7.27,18.38,25.65,NA,NA,0.26,92.04,NA,NA,NA,NA,NA,NA,NA,NA,NA,NA,NA,0.00,NA,NA,NA
2022-09-06 18:00:00,28.79,66.22,6.64,18.39,25.03,NA,NA,0.26,67.49,NA,NA,NA,NA,NA,NA,NA,NA,NA,NA,NA,0.00,NA,NA,NA
2022-09-06 19:00:00,32.96,66.48,6.33,19.68,26.01,NA,NA,0.29,45.48,NA,NA,NA,NA,NA,NA,NA,NA,NA,NA,NA,0.00,NA,NA,NA
2022-09-06 20:00:00,30.96,72.08,6.43,22.72,29.15,NA,NA,0.34,30.65,NA,NA,NA,NA,NA,NA,NA,NA,NA,NA,NA,0.00,NA,NA,NA
2022-09-06 21:00:00,39.03,87.86,6.43,22.07,28.50,NA,NA,0.39,21.98,NA,NA,NA,NA,NA,NA,NA,NA,NA,NA,NA,0.00,NA,NA,NA
2022-09-06 22:00:00,57.51,118.36,6.98,26.94,33.91,NA,NA,0.60,18.50,NA,NA,NA,NA,NA,NA,NA,NA,NA,NA,NA,0.00,NA,NA,NA
2022-09-06 23:00:00,63.30,134.94,8.56,27.35,35.92,NA,NA,0.65,15.43,NA,NA,NA,NA,NA,NA,NA,NA,NA,NA,NA,0.00,NA,NA,NA
2022-09-07 00:00:00,59.15,134.29,11.38,28.98,40.36,NA,NA,0.64,14.00,NA,NA,NA,NA,NA,NA,NA,NA,NA,NA,NA,0.00,NA,NA,NA
2022-09-07 01:00:00,40.63,104.29,10.10,23.27,33.37,NA,NA,0.55,12.69,NA,NA,NA,NA,NA,NA,NA,NA,NA,NA,NA,0.00,NA,NA,NA
2022-09-07 02:00:00,35.26,95.00,10.44,23.59,34.04,NA,NA,0.53,12.07,NA,NA,NA,NA,NA,NA,NA,NA,NA,NA,NA,0.00,NA,NA,NA
2022-09-07 03:00:00,40.88,95.69,12.99,22.67,35.66,NA,NA,0.54,12.41,NA,NA,NA,NA,NA,NA,NA,NA,NA,NA,NA,0.00,NA,NA,NA
2022-09-07 04:00:00,44.49,96.41,14.10,21.57,35.66,NA,NA,0.54,12.75,NA,NA,NA,NA,NA,NA,NA,NA,NA,NA,NA,0.00,NA,NA,NA
2022-09-07 05:00:00,44.68,84.11,12.53,19.68,32.21,NA,NA,0.49,11.97,NA,NA,NA,NA,NA,NA,NA,NA,NA,NA,NA,0.00,NA,NA,NA
2022-09-07 06:00:00,35.76,80.23,19.84,21.68,41.52,NA,NA,0.51,12.22,NA,NA,NA,NA,NA,NA,NA,NA,NA,NA,NA,0.00,NA,NA,NA
2022-09-07 07:00:00,33.52,88.40,14.60,24.78,39.38,NA,NA,0.53,16.37,NA,NA,NA,NA,NA,NA,NA,NA,NA,NA,NA,0.00,NA,NA,NA
2022-09-07 08:00:00,63.80,129.46,11.35,27.86,39.21,NA,NA,0.43,36.46,NA,NA,NA,NA,NA,NA,NA,NA,NA,NA,NA,0.00,NA,NA,NA
2022-09-07 09:00:00,67.85,133.07,10.84,29.39,40.23,NA,NA,0.41,64.45,NA,NA,NA,NA,NA,NA,NA,NA,NA,NA,NA,0.00,NA,NA,NA
2022-09-07 10:00:00,70.69,140.18,10.24,26.08,36.32,NA,NA,0.41,108.84,NA,NA,NA,NA,NA,NA,NA,NA,NA,NA,NA,0.00,NA,NA,NA
2022-09-07 11:00:00,55.10,130.58,10.17,18.75,28.92,NA,NA,0.29,92.26,NA,NA,NA,NA,NA,NA,NA,NA,NA,NA,NA,0.00,NA,NA,NA
2022-09-07 12:00:00,39.62,81.69,10.19,17.37,27.55,NA,NA,0.24,84.03,NA,NA,NA,NA,NA,NA,NA,NA,NA,NA,NA,0.00,NA,NA,NA
2022-09-07 13:00:00,38.16,88.24,9.87,17.45,27.32,NA,NA,0.25,93.80,NA,NA,NA,NA,NA,NA,NA,NA,NA,NA,NA,0.00,NA,NA,NA
2022-09-07 14:00:00,42.19,86.05,9.87,16.66,26.53,NA,NA,0.24,85.07,NA,NA,NA,NA,NA,NA,NA,NA,NA,NA,NA,0.00,NA,NA,NA
2022-09-07 15:00:00,30.73,79.15,9.36,16.71,26.07,NA,NA,0.23,83.68,NA,NA,NA,NA,NA,NA,NA,NA,NA,NA,NA,0.00,NA,NA,NA
2022-09-07 16:00:00,37.52,83.23,8.71,16.88,25.59,NA,NA,0.24,92.02,NA,NA,NA,NA,NA,NA,NA,NA,NA,NA,NA,0.00,NA,NA,NA
2022-09-07 17:00:00,49.14,106.83,7.30,17.27,24.56,NA,NA,0.26,86.84,NA,NA,NA,NA,NA,NA,NA,NA,NA,NA,NA,0.00,NA,NA,NA
2022-09-07 18:00:00,44.04,105.39,6.34,18.73,25.07,NA,NA,0.29,72.86,NA,NA,NA,NA,NA,NA,NA,NA,NA,NA,NA,0.00,NA,NA,NA
2022-09-07 19:00:00,52.55,107.59,6.01,23.42,29.43,NA,NA,0.35,62.54,NA,NA,NA,NA,NA,NA,NA,NA,NA,NA,NA,0.00,NA,NA,NA
2022-09-07 20:00:00,60.53,119.16,6.29,24.38,30.67,NA,NA,0.41,40.73,NA,NA,NA,NA,NA,NA,NA,NA,NA,NA,NA,0.00,NA,NA,NA
2022-09-07 21:00:00,60.23,122.81,6.30,24.70,30.99,NA,NA,0.45,26.83,NA,NA,NA,NA,NA,NA,NA,NA,NA,NA,NA,0.00,NA,NA,NA
2022-09-07 22:00:00,54.92,114.29,6.39,25.90,32.30,NA,NA,0.51,18.28,NA,NA,NA,NA,NA,NA,NA,NA,NA,NA,NA,0.00,NA,NA,NA
2022-09-07 23:00:00,54.87,113.80,6.98,27.33,34.32,NA,NA,0.61,16.81,NA,NA,NA,NA,NA,NA,NA,NA,NA,NA,NA,0.00,NA,NA,NA
2022-09-08 00:00:00,64.38,131.79,8.67,30.04,38.71,NA,NA,0.70,17.06,NA,NA,NA,NA,NA,NA,NA,NA,NA,NA,NA,0.00,NA,NA,NA
2022-09-08 01:00:00,64.08,134.85,9.44,25.78,35.23,NA,NA,0.67,16.10,NA,NA,NA,NA,NA,NA,NA,NA,NA,NA,NA,0.00,NA,NA,NA
2022-09-08 02:00:00,65.39,122.64,11.86,24.83,36.69,NA,NA,0.69,15.68,NA,NA,NA,NA,NA,NA,NA,NA,NA,NA,NA,0.00,NA,NA,NA
2022-09-08 03:00:00,60.57,111.91,9.98,27.44,37.41,NA,NA,0.61,15.28,NA,NA,NA,NA,NA,NA,NA,NA,NA,NA,NA,0.00,NA,NA,NA
2022-09-08 04:00:00,59.18,114.97,10.52,25.57,36.08,NA,NA,0.55,16.09,NA,NA,NA,NA,NA,NA,NA,NA,NA,NA,NA,0.00,NA,NA,NA
2022-09-08 05:00:00,48.77,104.50,9.88,22.61,32.49,NA,NA,0.52,16.71,NA,NA,NA,NA,NA,NA,NA,NA,NA,NA,NA,0.00,NA,NA,NA
2022-09-08 06:00:00,56.59,96.84,8.84,21.94,30.78,NA,NA,0.44,17.83,NA,NA,NA,NA,NA,NA,NA,NA,NA,NA,NA,0.00,NA,NA,NA
2022-09-08 07:00:00,52.52,103.07,9.85,22.19,32.04,NA,NA,0.46,26.79,NA,NA,NA,NA,NA,NA,NA,NA,NA,NA,NA,0.00,NA,NA,NA
2022-09-08 08:00:00,78.25,125.80,9.12,19.23,28.35,NA,NA,0.40,56.38,NA,NA,NA,NA,NA,NA,NA,NA,NA,NA,NA,0.00,NA,NA,NA
2022-09-08 09:00:00,69.97,121.08,9.47,18.43,27.89,NA,NA,0.37,79.69,NA,NA,NA,NA,NA,NA,NA,NA,NA,NA,NA,0.00,NA,NA,NA
2022-09-08 10:00:00,76.99,146.77,9.88,17.54,27.42,NA,NA,0.35,92.75,NA,NA,NA,NA,NA,NA,NA,NA,NA,NA,NA,0.00,NA,NA,NA
2022-09-08 11:00:00,86.17,146.35,8.93,17.04,25.97,NA,NA,0.34,98.13,NA,NA,NA,NA,NA,NA,NA,NA,NA,NA,NA,0.00,NA,NA,NA
2022-09-08 12:00:00,67.18,140.42,9.55,17.11,26.65,NA,NA,0.32,98.74,NA,NA,NA,NA,NA,NA,NA,NA,NA,NA,NA,0.00,NA,NA,NA
2022-09-08 13:00:00,65.97,136.28,10.03,17.55,27.58,NA,NA,0.33,106.38,NA,NA,NA,NA,NA,NA,NA,NA,NA,NA,NA,0.00,NA,NA,NA
2022-09-08 14:00:00,73.47,129.44,10.00,17.60,27.60,NA,NA,0.32,114.77,NA,NA,NA,NA,NA,NA,NA,NA,NA,NA,NA,0.00,NA,NA,NA
2022-09-08 15:00:00,81.35,151.68,8.38,19.70,28.08,NA,NA,0.39,150.36,NA,NA,NA,NA,NA,NA,NA,NA,NA,NA,NA,0.00,NA,NA,NA
2022-09-08 16:00:00,87.74,169.98,7.24,19.02,26.25,NA,NA,0.35,124.00,NA,NA,NA,NA,NA,NA,NA,NA,NA,NA,NA,0.00,NA,NA,NA
2022-09-08 17:00:00,58.05,123.63,7.17,17.36,24.53,NA,NA,0.30,104.93,NA,NA,NA,NA,NA,NA,NA,NA,NA,NA,NA,0.00,NA,NA,NA
2022-09-08 18:00:00,64.67,119.99,6.49,18.77,25.25,NA,NA,0.33,81.06,NA,NA,NA,NA,NA,NA,NA,NA,NA,NA,NA,0.00,NA,NA,NA
2022-09-08 19:00:00,65.65,138.74,6.33,18.69,25.02,NA,NA,0.35,54.81,NA,NA,NA,NA,NA,NA,NA,NA,NA,NA,NA,0.00,NA,NA,NA
2022-09-08 20:00:00,70.26,131.25,6.46,22.10,28.59,NA,NA,0.44,42.44,NA,NA,NA,NA,NA,NA,NA,NA,NA,NA,NA,0.00,NA,NA,NA
2022-09-08 21:00:00,80.44,156.72,6.65,29.63,36.27,NA,NA,0.63,34.89,NA,NA,NA,NA,NA,NA,NA,NA,NA,NA,NA,0.00,NA,NA,NA
2022-09-08 22:00:00,73.76,164.11,6.55,23.12,29.66,NA,NA,0.48,42.14,NA,NA,NA,NA,NA,NA,NA,NA,NA,NA,NA,0.00,NA,NA,NA
2022-09-08 23:00:00,66.62,124.97,6.56,19.07,25.63,NA,NA,0.40,47.37,NA,NA,NA,NA,NA,NA,NA,NA,NA,NA,NA,0.00,NA,NA,NA
2022-09-09 00:00:00,59.86,125.02,6.66,17.63,24.28,NA,NA,0.36,44.87,NA,NA,NA,NA,NA,NA,NA,NA,NA,NA,NA,0.00,NA,NA,NA
2022-09-09 01:00:00,59.20,111.27,6.70,17.20,23.90,NA,NA,0.35,41.32,NA,NA,NA,NA,NA,NA,NA,NA,NA,NA,NA,0.00,NA,NA,NA
2022-09-09 02:00:00,49.49,108.69,6.72,17.73,24.45,NA,NA,0.35,33.38,NA,NA,NA,NA,NA,NA,NA,NA,NA,NA,NA,0.00,NA,NA,NA
2022-09-09 03:00:00,62.04,97.88,6.82,17.13,23.95,NA,NA,0.36,20.05,NA,NA,NA,NA,NA,NA,NA,NA,NA,NA,NA,0.00,NA,NA,NA
2022-09-09 04:00:00,55.45,104.76,7.03,18.09,25.13,NA,NA,0.38,15.53,NA,NA,NA,NA,NA,NA,NA,NA,NA,NA,NA,0.00,NA,NA,NA
2022-09-09 05:00:00,58.65,124.30,7.38,18.43,25.81,NA,NA,0.41,15.81,NA,NA,NA,NA,NA,NA,NA,NA,NA,NA,NA,0.00,NA,NA,NA
2022-09-09 06:00:00,71.66,132.29,7.75,20.15,27.90,NA,NA,0.40,16.09,NA,NA,NA,NA,NA,NA,NA,NA,NA,NA,NA,0.00,NA,NA,NA
2022-09-09 07:00:00,57.43,95.39,8.91,18.98,27.88,NA,NA,0.38,23.37,NA,NA,NA,NA,NA,NA,NA,NA,NA,NA,NA,0.00,NA,NA,NA
2022-09-09 08:00:00,62.74,98.71,9.65,18.76,28.41,NA,NA,0.37,42.39,NA,NA,NA,NA,NA,NA,NA,NA,NA,NA,NA,0.00,NA,NA,NA
2022-09-09 09:00:00,66.01,115.33,10.13,18.03,28.15,NA,NA,0.36,66.68,NA,NA,NA,NA,NA,NA,NA,NA,NA,NA,NA,0.00,NA,NA,NA
2022-09-09 10:00:00,81.32,145.97,10.58,17.73,28.31,NA,NA,0.38,81.25,NA,NA,NA,NA,NA,NA,NA,NA,NA,NA,NA,0.00,NA,NA,NA
2022-09-09 11:00:00,67.79,117.56,10.50,16.69,27.18,NA,NA,0.32,84.99,NA,NA,NA,NA,NA,NA,NA,NA,NA,NA,NA,0.00,NA,NA,NA
2022-09-09 12:00:00,68.29,111.62,10.22,16.73,26.95,NA,NA,0.31,88.47,NA,NA,NA,NA,NA,NA,NA,NA,NA,NA,NA,0.00,NA,NA,NA
2022-09-09 13:00:00,57.86,103.93,9.67,16.36,26.02,NA,NA,0.30,93.46,NA,NA,NA,NA,NA,NA,NA,NA,NA,NA,NA,0.00,NA,NA,NA
2022-09-09 14:00:00,50.58,91.64,10.21,16.20,26.40,NA,NA,0.28,89.20,NA,NA,NA,NA,NA,NA,NA,NA,NA,NA,NA,0.00,NA,NA,NA
2022-09-09 15:00:00,53.42,94.45,8.59,16.15,24.74,NA,NA,0.29,96.85,NA,NA,NA,NA,NA,NA,NA,NA,NA,NA,NA,0.00,NA,NA,NA
2022-09-09 16:00:00,52.14,91.13,8.67,16.32,24.99,NA,NA,0.29,97.20,NA,NA,NA,NA,NA,NA,NA,NA,NA,NA,NA,0.00,NA,NA,NA
2022-09-09 17:00:00,62.26,106.06,7.46,16.08,23.54,NA,NA,0.29,89.52,NA,NA,NA,NA,NA,NA,NA,NA,NA,NA,NA,0.00,NA,NA,NA
2022-09-09 18:00:00,55.44,111.63,6.60,16.38,22.98,NA,NA,0.31,73.41,NA,NA,NA,NA,NA,NA,NA,NA,NA,NA,NA,0.00,NA,NA,NA
2022-09-09 19:00:00,50.75,103.01,6.54,17.98,24.52,NA,NA,0.35,57.97,NA,NA,NA,NA,NA,NA,NA,NA,NA,NA,NA,0.00,NA,NA,NA
2022-09-09 20:00:00,54.46,97.15,6.72,19.34,26.06,NA,NA,0.39,47.71,NA,NA,NA,NA,NA,NA,NA,NA,NA,NA,NA,0.00,NA,NA,NA
2022-09-09 21:00:00,37.22,85.41,6.85,19.65,26.51,NA,NA,0.37,41.16,NA,NA,NA,NA,NA,NA,NA,NA,NA,NA,NA,0.00,NA,NA,NA
2022-09-09 22:00:00,57.05,102.61,6.93,17.77,24.70,NA,NA,0.38,45.29,NA,NA,NA,NA,NA,NA,NA,NA,NA,NA,NA,0.00,NA,NA,NA
2022-09-09 23:00:00,57.81,92.17,6.93,16.85,23.77,NA,NA,0.34,40.99,NA,NA,NA,NA,NA,NA,NA,NA,NA,NA,NA,0.00,NA,NA,NA
2022-09-10 00:00:00,55.57,92.87,6.97,17.32,24.29,NA,NA,0.33,38.69,NA,NA,NA,NA,NA,NA,NA,NA,NA,NA,NA,0.00,NA,NA,NA
2022-09-10 01:00:00,55.15,81.19,7.13,18.61,25.74,NA,NA,0.33,32.91,NA,NA,NA,NA,NA,NA,NA,NA,NA,NA,NA,0.00,NA,NA,NA
2022-09-10 02:00:00,50.33,72.11,6.88,18.39,25.27,NA,NA,0.30,28.91,NA,NA,NA,NA,NA,NA,NA,NA,NA,NA,NA,0.00,NA,NA,NA
2022-09-10 03:00:00,51.85,73.82,7.09,17.55,24.64,NA,NA,0.30,18.42,NA,NA,NA,NA,NA,NA,NA,NA,NA,NA,NA,0.00,NA,NA,NA
2022-09-10 04:00:00,45.83,63.66,6.93,17.42,24.34,NA,NA,0.29,22.70,NA,NA,NA,NA,NA,NA,NA,NA,NA,NA,NA,0.00,NA,NA,NA
2022-09-10 05:00:00,36.22,61.23,6.85,16.51,23.36,NA,NA,0.29,25.39,NA,NA,NA,NA,NA,NA,NA,NA,NA,NA,NA,0.00,NA,NA,NA
2022-09-10 06:00:00,43.90,58.91,7.22,17.05,24.27,NA,NA,0.31,16.17,NA,NA,NA,NA,NA,NA,NA,NA,NA,NA,NA,0.00,NA,NA,NA
2022-09-10 07:00:00,48.66,77.20,8.69,18.85,27.53,NA,NA,0.38,24.64,NA,NA,NA,NA,NA,NA,NA,NA,NA,NA,NA,0.00,NA,NA,NA
2022-09-10 08:00:00,63.70,102.33,9.15,17.17,26.32,NA,NA,0.36,49.03,NA,NA,NA,NA,NA,NA,NA,NA,NA,NA,NA,0.00,NA,NA,NA
2022-09-10 09:00:00,55.35,85.90,9.57,16.37,25.93,NA,NA,0.30,62.32,NA,NA,NA,NA,NA,NA,NA,NA,NA,NA,NA,0.00,NA,NA,NA
2022-09-10 10:00:00,55.90,74.53,8.98,17.04,26.02,NA,NA,0.34,77.41,NA,NA,NA,NA,NA,NA,NA,NA,NA,NA,NA,0.00,NA,NA,NA
2022-09-10 11:00:00,59.89,105.25,10.39,17.27,27.66,NA,NA,0.34,81.03,NA,NA,NA,NA,NA,NA,NA,NA,NA,NA,NA,0.00,NA,NA,NA
2022-09-10 12:00:00,41.68,65.05,10.23,16.23,26.46,NA,NA,0.29,80.40,NA,NA,NA,NA,NA,NA,NA,NA,NA,NA,NA,0.00,NA,NA,NA
2022-09-10 13:00:00,46.73,64.72,9.81,16.15,25.96,NA,NA,0.29,82.77,NA,NA,NA,NA,NA,NA,NA,NA,NA,NA,NA,0.00,NA,NA,NA
2022-09-10 14:00:00,49.97,81.00,9.70,15.88,25.58,NA,NA,0.29,78.41,NA,NA,NA,NA,NA,NA,NA,NA,NA,NA,NA,0.00,NA,NA,NA
2022-09-10 15:00:00,35.07,61.11,10.97,16.31,27.28,NA,NA,0.28,78.62,NA,NA,NA,NA,NA,NA,NA,NA,NA,NA,NA,0.00,NA,NA,NA
2022-09-10 16:00:00,45.88,66.03,8.93,15.57,24.51,NA,NA,0.27,75.23,NA,NA,NA,NA,NA,NA,NA,NA,NA,NA,NA,0.00,NA,NA,NA
2022-09-10 17:00:00,45.56,77.38,8.72,16.05,24.77,NA,NA,0.29,71.58,NA,NA,NA,NA,NA,NA,NA,NA,NA,NA,NA,0.00,NA,NA,NA
2022-09-10 18:00:00,41.47,62.61,8.13,16.53,24.66,NA,NA,0.29,49.28,NA,NA,NA,NA,NA,NA,NA,NA,NA,NA,NA,0.00,NA,NA,NA
2022-09-10 19:00:00,15.55,46.18,8.34,18.74,27.08,NA,NA,0.32,37.53,NA,NA,NA,NA,NA,NA,NA,NA,NA,NA,NA,0.00,NA,NA,NA
2022-09-10 20:00:00,28.04,55.68,8.90,20.92,29.82,NA,NA,0.37,26.41,NA,NA,NA,NA,NA,NA,NA,NA,NA,NA,NA,0.00,NA,NA,NA
2022-09-10 21:00:00,37.69,74.81,9.21,20.95,30.16,NA,NA,0.41,26.80,NA,NA,NA,NA,NA,NA,NA,NA,NA,NA,NA,0.00,NA,NA,NA
2022-09-10 22:00:00,43.61,81.12,9.37,21.68,31.05,NA,NA,0.38,25.49,NA,NA,NA,NA,NA,NA,NA,NA,NA,NA,NA,0.00,NA,NA,NA
2022-09-10 23:00:00,42.46,71.93,9.44,19.97,29.41,NA,NA,0.33,29.93,NA,NA,NA,NA,NA,NA,NA,NA,NA,NA,NA,0.00,NA,NA,NA
2022-09-11 00:00:00,39.15,59.63,9.83,20.52,30.35,NA,NA,0.35,25.63,NA,NA,NA,NA,NA,NA,NA,NA,NA,NA,NA,0.00,NA,NA,NA
2022-09-11 01:00:00,31.56,59.32,9.80,19.22,29.03,NA,NA,0.32,24.38,NA,NA,NA,NA,NA,NA,NA,NA,NA,NA,NA,0.00,NA,NA,NA
2022-09-11 02:00:00,30.81,43.62,9.84,18.94,28.78,NA,NA,0.31,22.89,NA,NA,NA,NA,NA,NA,NA,NA,NA,NA,NA,0.00,NA,NA,NA
2022-09-11 03:00:00,24.60,42.13,10.05,19.25,29.31,NA,NA,0.31,21.10,NA,NA,NA,NA,NA,NA,NA,NA,NA,NA,NA,0.00,NA,NA,NA
2022-09-11 04:00:00,13.93,29.11,9.96,17.72,27.68,NA,NA,0.29,22.91,NA,NA,NA,NA,NA,NA,NA,NA,NA,NA,NA,0.00,NA,NA,NA
2022-09-11 05:00:00,10.68,42.41,9.88,17.78,27.66,NA,NA,0.31,21.51,NA,NA,NA,NA,NA,NA,NA,NA,NA,NA,NA,0.00,NA,NA,NA
2022-09-11 06:00:00,22.22,48.22,9.52,17.35,26.87,NA,NA,0.30,22.86,NA,NA,NA,NA,NA,NA,NA,NA,NA,NA,NA,0.00,NA,NA,NA
2022-09-11 07:00:00,24.84,43.08,10.13,17.33,27.46,NA,NA,0.31,27.19,NA,NA,NA,NA,NA,NA,NA,NA,NA,NA,NA,0.00,NA,NA,NA
2022-09-11 08:00:00,21.17,41.16,10.81,17.28,28.09,NA,NA,0.30,42.24,NA,NA,NA,NA,NA,NA,NA,NA,NA,NA,NA,0.00,NA,NA,NA
2022-09-11 09:00:00,34.35,68.97,11.32,17.58,28.89,NA,NA,0.34,56.44,NA,NA,NA,NA,NA,NA,NA,NA,NA,NA,NA,0.00,NA,NA,NA
2022-09-11 10:00:00,45.32,86.42,11.83,16.86,28.69,NA,NA,0.31,65.15,NA,NA,NA,NA,NA,NA,NA,NA,NA,NA,NA,0.00,NA,NA,NA
2022-09-11 11:00:00,40.97,66.79,12.15,16.48,28.63,NA,NA,0.29,69.35,NA,NA,NA,NA,NA,NA,NA,NA,NA,NA,NA,0.00,NA,NA,NA
2022-09-11 12:00:00,34.88,51.69,12.27,16.67,28.93,NA,NA,0.29,71.24,NA,NA,NA,NA,NA,NA,NA,NA,NA,NA,NA,0.00,NA,NA,NA
2022-09-11 13:00:00,26.30,49.55,11.19,15.98,27.18,NA,NA,0.28,65.49,NA,NA,NA,NA,NA,NA,NA,NA,NA,NA,NA,0.00,NA,NA,NA
2022-09-11 14:00:00,36.66,47.22,10.72,15.95,26.67,NA,NA,0.29,68.50,NA,NA,NA,NA,NA,NA,NA,NA,NA,NA,NA,0.00,NA,NA,NA
2022-09-11 15:00:00,43.78,46.39,10.41,15.96,26.37,NA,NA,0.28,68.75,NA,NA,NA,NA,NA,NA,NA,NA,NA,NA,NA,0.00,NA,NA,NA
2022-09-11 16:00:00,25.98,43.94,9.55,15.87,25.42,NA,NA,0.28,66.08,NA,NA,NA,NA,NA,NA,NA,NA,NA,NA,NA,0.00,NA,NA,NA
2022-09-11 17:00:00,29.72,50.38,8.48,15.58,24.06,NA,NA,0.28,67.12,NA,NA,NA,NA,NA,NA,NA,NA,NA,NA,NA,0.00,NA,NA,NA
2022-09-11 18:00:00,35.73,59.32,7.04,16.04,23.08,NA,NA,0.28,61.11,NA,NA,NA,NA,NA,NA,NA,NA,NA,NA,NA,0.00,NA,NA,NA
2022-09-11 19:00:00,36.21,52.40,7.03,17.60,24.63,NA,NA,0.34,49.25,NA,NA,NA,NA,NA,NA,NA,NA,NA,NA,NA,0.00,NA,NA,NA
2022-09-11 20:00:00,35.76,74.64,7.26,19.82,27.08,NA,NA,0.41,39.50,NA,NA,NA,NA,NA,NA,NA,NA,NA,NA,NA,0.00,NA,NA,NA
2022-09-11 21:00:00,42.93,86.86,7.65,21.09,28.74,NA,NA,0.47,32.06,NA,NA,NA,NA,NA,NA,NA,NA,NA,NA,NA,0.00,NA,NA,NA
2022-09-11 22:00:00,40.07,77.36,7.80,21.02,28.83,NA,NA,0.40,30.59,NA,NA,NA,NA,NA,NA,NA,NA,NA,NA,NA,0.00,NA,NA,NA
2022-09-11 23:00:00,35.29,79.08,7.56,18.91,26.47,NA,NA,0.34,38.48,NA,NA,NA,NA,NA,NA,NA,NA,NA,NA,NA,0.00,NA,NA,NA
2022-09-12 00:00:00,24.13,55.06,7.44,17.41,24.85,NA,NA,0.31,41.44,NA,NA,NA,NA,NA,NA,NA,NA,NA,NA,NA,0.00,NA,NA,NA
2022-09-12 01:00:00,20.48,52.70,7.45,16.69,24.14,NA,NA,0.28,42.14,NA,NA,NA,NA,NA,NA,NA,NA,NA,NA,NA,0.00,NA,NA,NA
2022-09-12 02:00:00,31.13,55.84,7.36,16.49,23.85,NA,NA,0.28,41.96,NA,NA,NA,NA,NA,NA,NA,NA,NA,NA,NA,0.00,NA,NA,NA
2022-09-12 03:00:00,26.83,51.86,6.94,16.55,23.49,NA,NA,0.27,40.56,NA,NA,NA,NA,NA,NA,NA,NA,NA,NA,NA,0.00,NA,NA,NA
2022-09-12 04:00:00,20.02,46.28,6.74,16.13,22.87,NA,NA,0.26,39.30,NA,NA,NA,NA,NA,NA,NA,NA,NA,NA,NA,0.00,NA,NA,NA
2022-09-12 05:00:00,20.70,53.29,6.85,18.02,24.88,NA,NA,0.26,33.10,NA,NA,NA,NA,NA,NA,NA,NA,NA,NA,NA,0.00,NA,NA,NA
2022-09-12 06:00:00,27.97,65.51,6.91,18.18,25.08,NA,NA,0.27,34.37,NA,NA,NA,NA,NA,NA,NA,NA,NA,NA,NA,0.00,NA,NA,NA
2022-09-12 07:00:00,19.70,45.90,7.98,17.85,25.83,NA,NA,0.26,41.10,NA,NA,NA,NA,NA,NA,NA,NA,NA,NA,NA,0.00,NA,NA,NA
2022-09-12 08:00:00,29.18,80.91,8.89,17.77,26.67,NA,NA,0.27,47.58,NA,NA,NA,NA,NA,NA,NA,NA,NA,NA,NA,0.00,NA,NA,NA
2022-09-12 09:00:00,21.62,40.10,9.28,16.00,25.28,NA,NA,0.24,52.69,NA,NA,NA,NA,NA,NA,NA,NA,NA,NA,NA,0.00,NA,NA,NA
2022-09-12 10:00:00,22.67,47.44,9.98,15.80,25.77,NA,NA,0.24,60.06,NA,NA,NA,NA,NA,NA,NA,NA,NA,NA,NA,0.00,NA,NA,NA
2022-09-12 11:00:00,26.34,43.89,10.05,15.63,25.69,NA,NA,0.24,61.85,NA,NA,NA,NA,NA,NA,NA,NA,NA,NA,NA,0.00,NA,NA,NA
2022-09-12 12:00:00,14.86,33.64,10.26,15.65,25.91,NA,NA,0.23,60.17,NA,NA,NA,NA,NA,NA,NA,NA,NA,NA,NA,0.00,NA,NA,NA
2022-09-12 13:00:00,18.62,35.19,10.11,15.48,25.59,NA,NA,0.23,63.02,NA,NA,NA,NA,NA,NA,NA,NA,NA,NA,NA,0.00,NA,NA,NA
2022-09-12 14:00:00,24.07,36.10,8.46,15.15,23.60,NA,NA,0.24,62.76,NA,NA,NA,NA,NA,NA,NA,NA,NA,NA,NA,0.00,NA,NA,NA
2022-09-12 15:00:00,13.43,29.38,9.60,15.46,25.07,NA,NA,0.24,63.27,NA,NA,NA,NA,NA,NA,NA,NA,NA,NA,NA,0.00,NA,NA,NA
2022-09-12 16:00:00,22.93,47.93,8.28,15.14,23.42,NA,NA,0.24,60.93,NA,NA,NA,NA,NA,NA,NA,NA,NA,NA,NA,0.00,NA,NA,NA
2022-09-12 17:00:00,18.32,35.98,7.61,14.99,22.60,NA,NA,0.24,60.37,NA,NA,NA,NA,NA,NA,NA,NA,NA,NA,NA,0.00,NA,NA,NA
2022-09-12 18:00:00,25.27,56.17,6.53,15.66,22.19,NA,NA,0.24,52.06,NA,NA,NA,NA,NA,NA,NA,NA,NA,NA,NA,0.00,NA,NA,NA
2022-09-12 19:00:00,29.74,50.00,6.23,17.80,24.03,NA,NA,0.30,41.10,NA,NA,NA,NA,NA,NA,NA,NA,NA,NA,NA,0.00,NA,NA,NA
2022-09-12 20:00:00,25.99,63.54,6.26,20.30,26.56,NA,NA,0.33,34.99,NA,NA,NA,NA,NA,NA,NA,NA,NA,NA,NA,0.00,NA,NA,NA
2022-09-12 21:00:00,24.33,44.71,6.54,22.81,29.35,NA,NA,0.33,28.24,NA,NA,NA,NA,NA,NA,NA,NA,NA,NA,NA,0.00,NA,NA,NA
2022-09-12 22:00:00,33.40,75.59,6.77,24.54,31.31,NA,NA,0.41,23.07,NA,NA,NA,NA,NA,NA,NA,NA,NA,NA,NA,0.00,NA,NA,NA
2022-09-12 23:00:00,30.03,80.24,6.56,21.28,27.83,NA,NA,0.34,24.47,NA,NA,NA,NA,NA,NA,NA,NA,NA,NA,NA,0.00,NA,NA,NA
2022-09-13 00:00:00,27.86,72.06,6.70,20.51,27.21,NA,NA,0.36,22.49,NA,NA,NA,NA,NA,NA,NA,NA,NA,NA,NA,0.00,NA,NA,NA
2022-09-13 01:00:00,NA,NA,NA,NA,NA,NA,NA,NA,NA,NA,NA,NA,NA,NA,NA,NA,NA,NA,NA,NA,0.00,NA,NA,NA
2022-09-13 02:00:00,NA,NA,NA,NA,NA,NA,NA,NA,NA,NA,NA,NA,NA,NA,NA,NA,NA,NA,NA,NA,0.00,NA,NA,NA
2022-09-13 03:00:00,NA,NA,NA,NA,NA,NA,NA,NA,NA,NA,NA,NA,NA,NA,NA,NA,NA,NA,NA,NA,0.00,NA,NA,NA
2022-09-13 04:00:00,32.12,84.50,NA,326.11,NA,NA,NA,0.52,12.46,NA,NA,NA,NA,NA,NA,NA,NA,NA,NA,NA,0.00,NA,NA,NA
2022-09-13 05:00:00,1.03,21.71,54.69,26.90,80.98,NA,NA,0.36,11.28,NA,NA,NA,NA,NA,NA,NA,NA,NA,NA,NA,0.00,NA,NA,NA
2022-09-13 06:00:00,NA,NA,5.92,16.96,22.88,NA,NA,0.29,16.82,NA,NA,NA,NA,NA,NA,NA,NA,NA,NA,NA,0.00,NA,NA,NA
2022-09-13 07:00:00,NA,NA,7.06,17.23,24.29,NA,NA,0.30,18.98,NA,NA,NA,NA,NA,NA,NA,NA,NA,NA,NA,0.00,NA,NA,NA
2022-09-13 08:00:00,NA,NA,8.04,16.25,24.29,NA,NA,0.27,30.70,NA,NA,NA,NA,NA,NA,NA,NA,NA,NA,NA,0.00,NA,NA,NA
2022-09-13 09:00:00,1.03,0.12,8.60,16.22,24.83,NA,NA,0.28,39.47,NA,NA,NA,NA,NA,NA,NA,NA,NA,NA,NA,0.00,NA,NA,NA
2022-09-13 10:00:00,NA,2.21,9.12,15.81,24.92,NA,NA,0.27,46.42,NA,NA,NA,NA,NA,NA,NA,NA,NA,NA,NA,0.00,NA,NA,NA
2022-09-13 11:00:00,0.12,1.44,9.19,15.78,24.97,NA,NA,0.26,49.36,NA,NA,NA,NA,NA,NA,NA,NA,NA,NA,NA,0.00,NA,NA,NA
2022-09-13 12:00:00,NA,13.83,9.25,15.48,24.73,NA,NA,0.24,49.06,NA,NA,NA,NA,NA,NA,NA,NA,NA,NA,NA,0.00,NA,NA,NA
2022-09-13 13:00:00,3.65,9.70,8.83,15.35,24.18,NA,NA,0.25,49.31,NA,NA,NA,NA,NA,NA,NA,NA,NA,NA,NA,0.00,NA,NA,NA
2022-09-13 14:00:00,NA,22.24,68.58,28.93,97.71,NA,NA,0.18,45.85,NA,NA,NA,NA,NA,NA,NA,NA,NA,NA,NA,0.00,NA,NA,NA
2022-09-13 15:00:00,NA,0.49,20.51,18.11,38.73,NA,NA,0.26,50.64,NA,NA,NA,NA,NA,NA,NA,NA,NA,NA,NA,0.00,NA,NA,NA
2022-09-13 16:00:00,NA,NA,8.04,15.31,23.35,NA,NA,0.27,50.69,NA,NA,NA,NA,NA,NA,NA,NA,NA,NA,NA,0.00,NA,NA,NA
2022-09-13 17:00:00,NA,NA,6.96,15.13,22.09,NA,NA,0.24,48.53,NA,NA,NA,NA,NA,NA,NA,NA,NA,NA,NA,0.00,NA,NA,NA
2022-09-13 18:00:00,NA,NA,5.87,15.48,21.35,NA,NA,0.25,43.59,NA,NA,NA,NA,NA,NA,NA,NA,NA,NA,NA,0.00,NA,NA,NA
2022-09-13 19:00:00,NA,3.62,5.54,17.31,22.85,NA,NA,0.27,35.18,NA,NA,NA,NA,NA,NA,NA,NA,NA,NA,NA,0.00,NA,NA,NA
2022-09-13 20:00:00,2.58,17.48,5.60,20.75,26.35,NA,NA,0.33,26.55,NA,NA,NA,NA,NA,NA,NA,NA,NA,NA,NA,0.00,NA,NA,NA
2022-09-13 21:00:00,14.10,38.15,5.68,19.75,25.43,NA,NA,0.31,27.79,NA,NA,NA,NA,NA,NA,NA,NA,NA,NA,NA,0.00,NA,NA,NA
2022-09-13 22:00:00,10.83,33.24,5.78,19.19,24.97,NA,NA,0.31,27.75,NA,NA,NA,NA,NA,NA,NA,NA,NA,NA,NA,0.00,NA,NA,NA
2022-09-13 23:00:00,12.70,50.44,5.82,19.01,24.83,NA,NA,0.30,26.86,NA,NA,NA,NA,NA,NA,NA,NA,NA,NA,NA,0.00,NA,NA,NA
2022-09-14 00:00:00,9.51,36.54,5.69,17.56,23.26,NA,NA,0.25,29.00,NA,NA,NA,NA,NA,NA,NA,NA,NA,NA,NA,0.00,NA,NA,NA
2022-09-14 01:00:00,20.28,41.05,5.86,17.08,22.94,NA,NA,0.24,25.86,NA,NA,NA,NA,NA,NA,NA,NA,NA,NA,NA,0.00,NA,NA,NA
2022-09-14 02:00:00,12.97,32.07,6.04,16.74,22.78,NA,NA,0.24,24.91,NA,NA,NA,NA,NA,NA,NA,NA,NA,NA,NA,0.00,NA,NA,NA
2022-09-14 03:00:00,19.50,28.84,5.86,16.00,21.86,NA,NA,0.22,26.36,NA,NA,NA,NA,NA,NA,NA,NA,NA,NA,NA,0.00,NA,NA,NA
2022-09-14 04:00:00,7.70,25.50,5.75,15.53,21.29,NA,NA,0.21,30.69,NA,NA,NA,NA,NA,NA,NA,NA,NA,NA,NA,0.00,NA,NA,NA
2022-09-14 05:00:00,13.33,25.23,5.89,16.09,21.98,NA,NA,0.21,31.83,NA,NA,NA,NA,NA,NA,NA,NA,NA,NA,NA,0.00,NA,NA,NA
2022-09-14 06:00:00,10.48,24.90,5.82,17.79,23.61,NA,NA,0.21,29.75,NA,NA,NA,NA,NA,NA,NA,NA,NA,NA,NA,0.00,NA,NA,NA
2022-09-14 07:00:00,10.68,22.66,6.67,16.60,23.28,NA,NA,0.22,32.89,NA,NA,NA,NA,NA,NA,NA,NA,NA,NA,NA,0.00,NA,NA,NA
2022-09-14 08:00:00,6.28,29.23,7.09,16.03,23.13,NA,NA,0.22,36.10,NA,NA,NA,NA,NA,NA,NA,NA,NA,NA,NA,0.00,NA,NA,NA
2022-09-14 09:00:00,16.33,27.37,7.99,16.14,24.13,NA,NA,0.22,41.81,NA,NA,NA,NA,NA,NA,NA,NA,NA,NA,NA,0.00,NA,NA,NA
2022-09-14 10:00:00,19.10,38.75,8.22,15.53,23.75,NA,NA,0.23,47.88,NA,NA,NA,NA,NA,NA,NA,NA,NA,NA,NA,0.00,NA,NA,NA
2022-09-14 11:00:00,24.73,32.05,8.89,15.77,24.66,NA,NA,0.23,50.85,NA,NA,NA,NA,NA,NA,NA,NA,NA,NA,NA,0.00,NA,NA,NA
2022-09-14 12:00:00,15.82,37.77,9.50,15.68,25.18,NA,NA,0.24,53.04,NA,NA,NA,NA,NA,NA,NA,NA,NA,NA,NA,0.00,NA,NA,NA
2022-09-14 13:00:00,21.73,54.21,7.39,15.29,22.68,NA,NA,0.24,50.68,NA,NA,NA,NA,NA,NA,NA,NA,NA,NA,NA,0.00,NA,NA,NA
2022-09-14 14:00:00,22.20,57.97,27.40,20.73,48.24,NA,NA,0.23,46.88,NA,NA,NA,NA,NA,NA,NA,NA,NA,NA,NA,0.00,NA,NA,NA
2022-09-14 15:00:00,NA,NA,12.88,17.60,30.55,NA,NA,0.29,43.38,NA,NA,NA,NA,NA,NA,NA,NA,NA,NA,NA,0.00,NA,NA,NA
2022-09-14 16:00:00,NA,NA,141.50,48.93,82.31,NA,NA,0.33,24.48,NA,NA,NA,NA,NA,NA,NA,NA,NA,NA,NA,0.00,NA,NA,NA
2022-09-14 17:00:00,NA,NA,41.36,24.92,66.53,NA,NA,0.26,31.60,NA,NA,NA,NA,NA,NA,NA,NA,NA,NA,NA,0.00,NA,NA,NA
2022-09-14 18:00:00,NA,NA,6.42,16.92,23.34,NA,NA,0.24,37.31,NA,NA,NA,NA,NA,NA,NA,NA,NA,NA,NA,0.00,NA,NA,NA
2022-09-14 19:00:00,NA,NA,6.14,17.66,23.80,NA,NA,0.25,32.61,NA,NA,NA,NA,NA,NA,NA,NA,NA,NA,NA,0.00,NA,NA,NA
2022-09-14 20:00:00,NA,NA,6.13,17.25,23.38,NA,NA,0.25,33.35,NA,NA,NA,NA,NA,NA,NA,NA,NA,NA,NA,0.00,NA,NA,NA
2022-09-14 21:00:00,NA,NA,6.22,17.57,23.79,NA,NA,0.26,32.35,NA,NA,NA,NA,NA,NA,NA,NA,NA,NA,NA,0.00,NA,NA,NA
2022-09-14 22:00:00,NA,NA,6.34,17.32,23.66,NA,NA,0.25,27.74,NA,NA,NA,NA,NA,NA,NA,NA,NA,NA,NA,0.00,NA,NA,NA
2022-09-14 23:00:00,NA,NA,6.61,20.77,27.38,NA,NA,0.26,16.78,NA,NA,NA,NA,NA,NA,NA,NA,NA,NA,NA,0.00,NA,NA,NA
2022-09-15 00:00:00,NA,NA,6.97,19.99,26.96,NA,NA,0.28,14.82,NA,NA,NA,NA,NA,NA,NA,NA,NA,NA,NA,0.00,NA,NA,NA
2022-09-15 01:00:00,NA,2.37,7.14,20.77,27.91,NA,NA,0.27,13.63,NA,NA,NA,NA,NA,NA,NA,NA,NA,NA,NA,0.00,NA,NA,NA
2022-09-15 02:00:00,5.02,7.74,6.98,18.63,25.61,NA,NA,0.24,14.64,NA,NA,NA,NA,NA,NA,NA,NA,NA,NA,NA,0.00,NA,NA,NA
2022-09-15 03:00:00,4.94,6.22,6.86,17.81,24.67,NA,NA,0.24,16.62,NA,NA,NA,NA,NA,NA,NA,NA,NA,NA,NA,0.00,NA,NA,NA
2022-09-15 04:00:00,9.25,25.71,7.19,19.27,26.46,NA,NA,0.24,15.06,NA,NA,NA,NA,NA,NA,NA,NA,NA,NA,NA,0.00,NA,NA,NA
2022-09-15 05:00:00,22.54,25.38,7.21,20.03,27.24,NA,NA,0.24,15.20,NA,NA,NA,NA,NA,NA,NA,NA,NA,NA,NA,0.00,NA,NA,NA
2022-09-15 06:00:00,16.77,24.05,7.49,21.36,28.85,NA,NA,0.24,15.16,NA,NA,NA,NA,NA,NA,NA,NA,NA,NA,NA,0.00,NA,NA,NA
2022-09-15 07:00:00,17.60,35.24,8.13,20.28,28.41,NA,NA,0.25,18.26,NA,NA,NA,NA,NA,NA,NA,NA,NA,NA,NA,0.00,NA,NA,NA
2022-09-15 08:00:00,17.31,28.11,9.57,20.78,30.36,NA,NA,0.26,22.43,NA,NA,NA,NA,NA,NA,NA,NA,NA,NA,NA,0.00,NA,NA,NA
2022-09-15 09:00:00,25.05,42.93,9.48,20.37,29.85,NA,NA,0.27,28.06,NA,NA,NA,NA,NA,NA,NA,NA,NA,NA,NA,0.00,NA,NA,NA
2022-09-15 10:00:00,25.21,38.84,10.63,19.33,29.96,NA,NA,0.26,38.92,NA,NA,NA,NA,NA,NA,NA,NA,NA,NA,NA,0.00,NA,NA,NA
2022-09-15 11:00:00,31.89,48.09,11.14,19.08,30.21,NA,NA,0.26,49.56,NA,NA,NA,NA,NA,NA,NA,NA,NA,NA,NA,0.00,NA,NA,NA
2022-09-15 12:00:00,24.73,40.20,10.47,17.90,28.37,NA,NA,0.27,59.18,NA,NA,NA,NA,NA,NA,NA,NA,NA,NA,NA,0.00,NA,NA,NA
2022-09-15 13:00:00,29.34,45.56,10.67,18.75,29.43,NA,NA,0.30,58.56,NA,NA,NA,NA,NA,NA,NA,NA,NA,NA,NA,0.00,NA,NA,NA
2022-09-15 14:00:00,16.72,33.74,9.41,18.28,27.69,NA,NA,0.29,51.20,NA,NA,NA,NA,NA,NA,NA,NA,NA,NA,NA,0.00,NA,NA,NA
2022-09-15 15:00:00,13.38,27.48,8.41,18.70,27.11,NA,NA,0.28,38.72,NA,NA,NA,NA,NA,NA,NA,NA,NA,NA,NA,0.00,NA,NA,NA
2022-09-15 16:00:00,8.76,14.42,7.66,18.61,26.28,NA,NA,0.26,36.14,NA,NA,NA,NA,NA,NA,NA,NA,NA,NA,NA,0.00,NA,NA,NA
2022-09-15 17:00:00,11.42,22.85,7.13,18.47,25.61,NA,NA,0.25,37.08,NA,NA,NA,NA,NA,NA,NA,NA,NA,NA,NA,0.00,NA,NA,NA
2022-09-15 18:00:00,9.15,14.89,6.70,18.47,25.17,NA,NA,0.25,31.71,NA,NA,NA,NA,NA,NA,NA,NA,NA,NA,NA,0.00,NA,NA,NA
2022-09-15 19:00:00,5.49,17.66,6.64,19.52,26.16,NA,NA,0.28,26.25,NA,NA,NA,NA,NA,NA,NA,NA,NA,NA,NA,0.00,NA,NA,NA
2022-09-15 20:00:00,13.86,23.54,6.71,21.30,28.01,NA,NA,0.35,19.09,NA,NA,NA,NA,NA,NA,NA,NA,NA,NA,NA,0.00,NA,NA,NA
2022-09-15 21:00:00,14.56,18.19,7.08,22.96,30.04,NA,NA,0.37,18.64,NA,NA,NA,NA,NA,NA,NA,NA,NA,NA,NA,0.00,NA,NA,NA
2022-09-15 22:00:00,5.88,13.60,7.21,17.56,24.78,NA,NA,0.21,18.72,NA,NA,NA,NA,NA,NA,NA,NA,NA,NA,NA,0.00,NA,NA,NA
2022-09-15 23:00:00,3.30,17.57,NA,285.83,NA,NA,NA,0.39,NA,NA,NA,NA,NA,NA,NA,NA,NA,NA,NA,NA,0.00,NA,NA,NA
2022-09-16 00:00:00,3.08,9.96,NA,174.15,121.38,NA,NA,0.37,13.49,NA,NA,NA,NA,NA,NA,NA,NA,NA,NA,NA,0.00,NA,NA,NA
2022-09-16 01:00:00,NA,NA,12.48,21.51,33.93,NA,NA,0.27,13.68,NA,NA,NA,NA,NA,NA,NA,NA,NA,NA,NA,0.00,NA,NA,NA
2022-09-16 02:00:00,NA,NA,6.85,19.13,25.97,NA,NA,0.24,15.24,NA,NA,NA,NA,NA,NA,NA,NA,NA,NA,NA,0.00,NA,NA,NA
2022-09-16 03:00:00,NA,NA,6.86,19.22,26.08,NA,NA,0.25,16.97,NA,NA,NA,NA,NA,NA,NA,NA,NA,NA,NA,0.00,NA,NA,NA
2022-09-16 04:00:00,NA,NA,6.76,18.25,25.01,NA,NA,0.22,18.87,NA,NA,NA,NA,NA,NA,NA,NA,NA,NA,NA,0.00,NA,NA,NA
2022-09-16 05:00:00,NA,NA,6.70,17.22,23.92,NA,NA,0.21,20.37,NA,NA,NA,NA,NA,NA,NA,NA,NA,NA,NA,0.00,NA,NA,NA
2022-09-16 06:00:00,NA,NA,6.60,16.60,23.20,NA,NA,0.20,22.01,NA,NA,NA,NA,NA,NA,NA,NA,NA,NA,NA,0.00,NA,NA,NA
2022-09-16 07:00:00,NA,NA,7.75,18.76,26.51,NA,NA,0.23,19.64,NA,NA,NA,NA,NA,NA,NA,NA,NA,NA,NA,0.00,NA,NA,NA
2022-09-16 08:00:00,0.13,NA,8.58,19.19,27.79,NA,NA,0.23,19.44,NA,NA,NA,NA,NA,NA,NA,NA,NA,NA,NA,0.00,NA,NA,NA
2022-09-16 09:00:00,NA,NA,NA,NA,NA,NA,NA,NA,NA,NA,NA,NA,NA,NA,NA,NA,NA,NA,NA,NA,0.00,NA,NA,NA
2022-09-16 10:00:00,NA,NA,NA,NA,NA,NA,NA,NA,NA,NA,NA,NA,NA,NA,NA,NA,NA,NA,NA,NA,0.00,NA,NA,NA
2022-09-16 11:00:00,NA,NA,NA,NA,NA,NA,NA,NA,NA,NA,NA,NA,NA,NA,NA,NA,NA,NA,NA,NA,0.00,NA,NA,NA
2022-09-16 12:00:00,NA,NA,NA,NA,NA,NA,NA,NA,NA,NA,NA,NA,NA,NA,NA,NA,NA,NA,NA,NA,0.00,NA,NA,NA
2022-09-16 13:00:00,NA,NA,NA,NA,NA,NA,NA,NA,NA,NA,NA,NA,NA,NA,NA,NA,NA,NA,NA,NA,0.00,NA,NA,NA
2022-09-16 14:00:00,NA,NA,NA,NA,NA,NA,NA,NA,NA,NA,NA,NA,NA,NA,NA,NA,NA,NA,NA,NA,0.00,NA,NA,NA
2022-09-16 15:00:00,NA,NA,NA,NA,NA,NA,NA,NA,NA,NA,NA,NA,NA,NA,NA,NA,NA,NA,NA,NA,0.00,NA,NA,NA
2022-09-16 16:00:00,NA,NA,NA,NA,NA,NA,NA,NA,NA,NA,NA,NA,NA,NA,NA,NA,NA,NA,NA,NA,0.00,NA,NA,NA
2022-09-16 17:00:00,NA,NA,NA,NA,NA,NA,NA,NA,NA,NA,NA,NA,NA,NA,NA,NA,NA,NA,NA,NA,0.00,NA,NA,NA
2022-09-16 18:00:00,NA,NA,NA,NA,NA,NA,NA,NA,NA,NA,NA,NA,NA,NA,NA,NA,NA,NA,NA,NA,0.00,NA,NA,NA
2022-09-16 19:00:00,NA,NA,NA,NA,NA,NA,NA,NA,NA,NA,NA,NA,NA,NA,NA,NA,NA,NA,NA,NA,0.00,NA,NA,NA
2022-09-16 20:00:00,NA,NA,NA,NA,NA,NA,NA,NA,NA,NA,NA,NA,NA,NA,NA,NA,NA,NA,NA,NA,0.00,NA,NA,NA
2022-09-16 21:00:00,NA,NA,NA,NA,NA,NA,NA,NA,NA,NA,NA,NA,NA,NA,NA,NA,NA,NA,NA,NA,0.00,NA,NA,NA
2022-09-16 22:00:00,NA,NA,NA,NA,NA,NA,NA,NA,NA,NA,NA,NA,NA,NA,NA,NA,NA,NA,NA,NA,0.00,NA,NA,NA
2022-09-16 23:00:00,NA,NA,NA,NA,NA,NA,NA,NA,NA,NA,NA,NA,NA,NA,NA,NA,NA,NA,NA,NA,0.00,NA,NA,NA
2022-09-17 00:00:00,NA,NA,NA,NA,NA,NA,NA,NA,NA,NA,NA,NA,NA,NA,NA,NA,NA,NA,NA,NA,0.00,NA,NA,NA
2022-09-17 01:00:00,NA,NA,NA,NA,NA,NA,NA,NA,NA,NA,NA,NA,NA,NA,NA,NA,NA,NA,NA,NA,0.00,NA,NA,NA
2022-09-17 02:00:00,NA,NA,NA,NA,NA,NA,NA,NA,NA,NA,NA,NA,NA,NA,NA,NA,NA,NA,NA,NA,0.00,NA,NA,NA
2022-09-17 03:00:00,NA,NA,NA,NA,NA,NA,NA,NA,NA,NA,NA,NA,NA,NA,NA,NA,NA,NA,NA,NA,0.00,NA,NA,NA
2022-09-17 04:00:00,NA,NA,NA,NA,NA,NA,NA,NA,NA,NA,NA,NA,NA,NA,NA,NA,NA,NA,NA,NA,0.00,NA,NA,NA
2022-09-17 05:00:00,NA,NA,NA,NA,NA,NA,NA,NA,NA,NA,NA,NA,NA,NA,NA,NA,NA,NA,NA,NA,0.00,NA,NA,NA
2022-09-17 06:00:00,NA,NA,NA,NA,NA,NA,NA,NA,NA,NA,NA,NA,NA,NA,NA,NA,NA,NA,NA,NA,0.00,NA,NA,NA
2022-09-17 07:00:00,NA,NA,NA,NA,NA,NA,NA,NA,NA,NA,NA,NA,NA,NA,NA,NA,NA,NA,NA,NA,0.00,NA,NA,NA
2022-09-17 08:00:00,NA,NA,NA,NA,NA,NA,NA,NA,NA,NA,NA,NA,NA,NA,NA,NA,NA,NA,NA,NA,0.00,NA,NA,NA
2022-09-17 09:00:00,NA,NA,NA,NA,NA,NA,NA,NA,NA,NA,NA,NA,NA,NA,NA,NA,NA,NA,NA,NA,0.00,NA,NA,NA
2022-09-17 10:00:00,NA,NA,NA,NA,NA,NA,NA,NA,NA,NA,NA,NA,NA,NA,NA,NA,NA,NA,NA,NA,0.00,NA,NA,NA
2022-09-17 11:00:00,NA,NA,NA,NA,NA,NA,NA,NA,NA,NA,NA,NA,NA,NA,NA,NA,NA,NA,NA,NA,0.00,NA,NA,NA
2022-09-17 12:00:00,37.71,89.76,13.18,17.23,30.44,NA,NA,0.29,70.57,NA,NA,NA,NA,NA,NA,NA,NA,NA,NA,NA,0.00,NA,NA,NA
2022-09-17 13:00:00,37.19,79.77,11.56,17.20,28.76,NA,NA,0.26,73.23,NA,NA,NA,NA,NA,NA,NA,NA,NA,NA,NA,0.00,NA,NA,NA
2022-09-17 14:00:00,41.17,98.44,10.99,17.00,27.99,NA,NA,0.28,73.15,NA,NA,NA,NA,NA,NA,NA,NA,NA,NA,NA,0.00,NA,NA,NA
2022-09-17 15:00:00,39.27,87.75,16.50,18.41,34.85,NA,NA,0.27,74.68,NA,NA,NA,NA,NA,NA,NA,NA,NA,NA,NA,0.00,NA,NA,NA
2022-09-17 16:00:00,50.39,110.42,15.02,21.08,36.17,NA,NA,0.32,82.63,NA,NA,NA,NA,NA,NA,NA,NA,NA,NA,NA,0.00,NA,NA,NA
2022-09-17 17:00:00,67.51,132.51,7.12,17.80,24.92,NA,NA,0.31,76.40,NA,NA,NA,NA,NA,NA,NA,NA,NA,NA,NA,0.00,NA,NA,NA
2022-09-17 18:00:00,56.36,112.49,5.94,21.09,27.03,NA,NA,0.34,58.59,NA,NA,NA,NA,NA,NA,NA,NA,NA,NA,NA,0.00,NA,NA,NA
2022-09-17 19:00:00,41.35,125.17,5.91,26.24,32.15,NA,NA,0.44,39.74,NA,NA,NA,NA,NA,NA,NA,NA,NA,NA,NA,0.00,NA,NA,NA
2022-09-17 20:00:00,51.64,127.30,5.88,23.72,29.60,NA,NA,0.48,38.16,NA,NA,NA,NA,NA,NA,NA,NA,NA,NA,NA,0.00,NA,NA,NA
2022-09-17 21:00:00,49.53,93.36,6.21,20.24,26.45,NA,NA,0.43,34.71,NA,NA,NA,NA,NA,NA,NA,NA,NA,NA,NA,0.00,NA,NA,NA
2022-09-17 22:00:00,33.95,68.19,6.20,20.00,26.19,NA,NA,0.34,24.65,NA,NA,NA,NA,NA,NA,NA,NA,NA,NA,NA,0.00,NA,NA,NA
2022-09-17 23:00:00,22.89,50.04,6.19,20.52,26.71,NA,NA,0.32,16.71,NA,NA,NA,NA,NA,NA,NA,NA,NA,NA,NA,0.00,NA,NA,NA
2022-09-18 00:00:00,21.57,37.69,7.97,19.88,27.84,NA,NA,0.31,11.99,NA,NA,NA,NA,NA,NA,NA,NA,NA,NA,NA,0.00,NA,NA,NA
2022-09-18 01:00:00,21.34,51.75,11.00,20.83,31.83,NA,NA,0.31,11.53,NA,NA,NA,NA,NA,NA,NA,NA,NA,NA,NA,0.00,NA,NA,NA
2022-09-18 02:00:00,21.19,43.36,12.06,18.63,30.68,NA,NA,0.29,12.29,NA,NA,NA,NA,NA,NA,NA,NA,NA,NA,NA,0.00,NA,NA,NA
2022-09-18 03:00:00,19.87,48.29,12.02,17.97,29.99,NA,NA,0.29,11.59,NA,NA,NA,NA,NA,NA,NA,NA,NA,NA,NA,0.00,NA,NA,NA
2022-09-18 04:00:00,23.37,37.23,11.14,17.59,28.73,NA,NA,0.28,12.16,NA,NA,NA,NA,NA,NA,NA,NA,NA,NA,NA,0.00,NA,NA,NA
2022-09-18 05:00:00,22.62,40.46,10.61,17.43,28.04,NA,NA,0.29,11.24,NA,NA,NA,NA,NA,NA,NA,NA,NA,NA,NA,0.00,NA,NA,NA
2022-09-18 06:00:00,19.73,43.82,12.31,17.83,30.14,NA,NA,0.31,12.93,NA,NA,NA,NA,NA,NA,NA,NA,NA,NA,NA,0.00,NA,NA,NA
2022-09-18 07:00:00,22.09,43.84,12.97,20.44,33.41,NA,NA,0.33,13.79,NA,NA,NA,NA,NA,NA,NA,NA,NA,NA,NA,0.00,NA,NA,NA
2022-09-18 08:00:00,26.02,61.02,14.12,24.99,39.11,NA,NA,0.32,17.68,NA,NA,NA,NA,NA,NA,NA,NA,NA,NA,NA,0.00,NA,NA,NA
2022-09-18 09:00:00,35.54,63.98,11.98,24.53,36.51,NA,NA,0.29,28.90,NA,NA,NA,NA,NA,NA,NA,NA,NA,NA,NA,0.00,NA,NA,NA
2022-09-18 10:00:00,41.91,77.87,11.41,25.89,37.30,NA,NA,0.32,53.24,NA,NA,NA,NA,NA,NA,NA,NA,NA,NA,NA,0.00,NA,NA,NA
2022-09-18 11:00:00,60.50,112.46,10.45,21.42,31.87,NA,NA,0.31,82.36,NA,NA,NA,NA,NA,NA,NA,NA,NA,NA,NA,0.00,NA,NA,NA
2022-09-18 12:00:00,60.34,115.40,10.17,18.90,29.07,NA,NA,0.30,100.27,NA,NA,NA,NA,NA,NA,NA,NA,NA,NA,NA,0.00,NA,NA,NA
2022-09-18 13:00:00,62.55,113.35,9.80,19.14,28.94,NA,NA,0.31,108.26,NA,NA,NA,NA,NA,NA,NA,NA,NA,NA,NA,0.00,NA,NA,NA
2022-09-18 14:00:00,69.74,133.79,9.94,18.72,28.66,NA,NA,0.30,112.04,NA,NA,NA,NA,NA,NA,NA,NA,NA,NA,NA,0.00,NA,NA,NA
2022-09-18 15:00:00,71.88,139.97,8.66,18.31,26.98,NA,NA,0.31,110.68,NA,NA,NA,NA,NA,NA,NA,NA,NA,NA,NA,0.00,NA,NA,NA
2022-09-18 16:00:00,65.84,132.37,8.15,18.22,26.37,NA,NA,0.29,93.68,NA,NA,NA,NA,NA,NA,NA,NA,NA,NA,NA,0.00,NA,NA,NA
2022-09-18 17:00:00,60.36,130.64,7.09,18.58,25.68,NA,NA,0.29,84.24,NA,NA,NA,NA,NA,NA,NA,NA,NA,NA,NA,0.00,NA,NA,NA
2022-09-18 18:00:00,71.52,142.42,5.98,21.91,27.89,NA,NA,0.36,70.50,NA,NA,NA,NA,NA,NA,NA,NA,NA,NA,NA,0.00,NA,NA,NA
2022-09-18 19:00:00,59.52,141.53,5.90,26.12,32.03,NA,NA,0.43,43.72,NA,NA,NA,NA,NA,NA,NA,NA,NA,NA,NA,0.00,NA,NA,NA
2022-09-18 20:00:00,70.31,155.42,6.08,30.52,36.60,NA,NA,0.57,24.90,NA,NA,NA,NA,NA,NA,NA,NA,NA,NA,NA,0.00,NA,NA,NA
2022-09-18 21:00:00,69.77,160.63,6.49,25.62,32.11,NA,NA,0.57,18.16,NA,NA,NA,NA,NA,NA,NA,NA,NA,NA,NA,0.00,NA,NA,NA
2022-09-18 22:00:00,86.06,170.79,8.65,26.07,34.72,NA,NA,0.88,21.56,NA,NA,NA,NA,NA,NA,NA,NA,NA,NA,NA,0.00,NA,NA,NA
2022-09-18 23:00:00,90.68,182.17,12.97,27.73,40.69,NA,NA,0.80,18.44,NA,NA,NA,NA,NA,NA,NA,NA,NA,NA,NA,0.00,NA,NA,NA
2022-09-19 00:00:00,85.92,169.14,13.66,26.39,40.05,NA,NA,0.73,23.70,NA,NA,NA,NA,NA,NA,NA,NA,NA,NA,NA,0.00,NA,NA,NA
2022-09-19 01:00:00,81.93,155.35,12.04,24.90,36.95,NA,NA,0.64,20.68,NA,NA,NA,NA,NA,NA,NA,NA,NA,NA,NA,0.00,NA,NA,NA
2022-09-19 02:00:00,85.89,155.64,8.69,23.71,32.40,NA,NA,0.54,17.59,NA,NA,NA,NA,NA,NA,NA,NA,NA,NA,NA,0.00,NA,NA,NA
2022-09-19 03:00:00,NA,NA,NA,NA,NA,NA,NA,NA,NA,NA,NA,NA,NA,NA,NA,NA,NA,NA,NA,NA,0.00,NA,NA,NA
2022-09-19 04:00:00,NA,NA,NA,NA,NA,NA,NA,NA,NA,NA,NA,NA,NA,NA,NA,NA,NA,NA,NA,NA,0.00,NA,NA,NA
2022-09-19 05:00:00,NA,NA,NA,NA,NA,NA,NA,NA,NA,NA,NA,NA,NA,NA,NA,NA,NA,NA,NA,NA,0.00,NA,NA,NA
2022-09-19 06:00:00,NA,NA,NA,NA,NA,NA,NA,NA,NA,NA,NA,NA,NA,NA,NA,NA,NA,NA,NA,NA,0.00,NA,NA,NA
2022-09-19 07:00:00,NA,NA,NA,NA,NA,NA,NA,NA,NA,NA,NA,NA,NA,NA,NA,NA,NA,NA,NA,NA,0.00,NA,NA,NA
2022-09-19 08:00:00,NA,NA,NA,NA,NA,NA,NA,NA,NA,NA,NA,NA,NA,NA,NA,NA,NA,NA,NA,NA,0.00,NA,NA,NA
2022-09-19 09:00:00,NA,NA,NA,NA,NA,NA,NA,NA,NA,NA,NA,NA,NA,NA,NA,NA,NA,NA,NA,NA,0.00,NA,NA,NA
2022-09-19 10:00:00,NA,NA,NA,NA,NA,NA,NA,NA,NA,NA,NA,NA,NA,NA,NA,NA,NA,NA,NA,NA,0.00,NA,NA,NA
2022-09-19 11:00:00,NA,NA,NA,NA,NA,NA,NA,NA,NA,NA,NA,NA,NA,NA,NA,NA,NA,NA,NA,NA,0.00,NA,NA,NA
2022-09-19 12:00:00,NA,NA,NA,NA,NA,NA,NA,NA,NA,NA,NA,NA,NA,NA,NA,NA,NA,NA,NA,NA,0.00,NA,NA,NA
2022-09-19 13:00:00,NA,NA,NA,NA,NA,NA,NA,NA,NA,NA,NA,NA,NA,NA,NA,NA,NA,NA,NA,NA,0.00,NA,NA,NA
2022-09-19 14:00:00,NA,NA,NA,NA,NA,NA,NA,NA,NA,NA,NA,NA,NA,NA,NA,NA,NA,NA,NA,NA,0.00,NA,NA,NA
2022-09-19 15:00:00,NA,NA,NA,NA,NA,NA,NA,NA,NA,NA,NA,NA,NA,NA,NA,NA,NA,NA,NA,NA,0.00,NA,NA,NA
2022-09-19 16:00:00,NA,NA,NA,NA,NA,NA,NA,NA,NA,NA,NA,NA,NA,NA,NA,NA,NA,NA,NA,NA,0.00,NA,NA,NA
2022-09-19 17:00:00,NA,NA,NA,NA,NA,NA,NA,NA,NA,NA,NA,NA,NA,NA,NA,NA,NA,NA,NA,NA,0.00,NA,NA,NA
2022-09-19 18:00:00,NA,NA,NA,NA,NA,NA,NA,NA,NA,NA,NA,NA,NA,NA,NA,NA,NA,NA,NA,NA,0.00,NA,NA,NA
2022-09-19 19:00:00,NA,NA,NA,NA,NA,NA,NA,NA,NA,NA,NA,NA,NA,NA,NA,NA,NA,NA,NA,NA,0.00,NA,NA,NA
2022-09-19 20:00:00,NA,NA,NA,NA,NA,NA,NA,NA,NA,NA,NA,NA,NA,NA,NA,NA,NA,NA,NA,NA,0.00,NA,NA,NA
2022-09-19 21:00:00,63.62,123.89,6.69,26.79,33.48,NA,NA,0.68,17.26,NA,NA,NA,NA,NA,NA,NA,NA,NA,NA,NA,0.00,NA,NA,NA
2022-09-19 22:00:00,62.43,106.30,7.14,25.58,32.72,NA,NA,0.69,16.75,NA,NA,NA,NA,NA,NA,NA,NA,NA,NA,NA,0.00,NA,NA,NA
2022-09-19 23:00:00,67.01,119.66,10.53,25.02,35.55,NA,NA,0.76,17.88,NA,NA,NA,NA,NA,NA,NA,NA,NA,NA,NA,0.00,NA,NA,NA
2022-09-20 00:00:00,67.25,120.39,11.78,21.89,33.67,NA,NA,0.76,20.37,NA,NA,NA,NA,NA,NA,NA,NA,NA,NA,NA,0.00,NA,NA,NA
2022-09-20 01:00:00,62.81,116.03,11.12,21.10,32.23,NA,NA,0.74,26.31,NA,NA,NA,NA,NA,NA,NA,NA,NA,NA,NA,0.00,NA,NA,NA
2022-09-20 02:00:00,60.08,104.00,10.97,20.64,31.61,NA,NA,0.72,33.37,NA,NA,NA,NA,NA,NA,NA,NA,NA,NA,NA,0.00,NA,NA,NA
2022-09-20 03:00:00,54.39,93.71,10.14,24.40,34.54,NA,NA,0.69,32.82,NA,NA,NA,NA,NA,NA,NA,NA,NA,NA,NA,0.00,NA,NA,NA
2022-09-20 04:00:00,48.84,98.63,12.45,25.26,37.71,NA,NA,0.60,22.38,NA,NA,NA,NA,NA,NA,NA,NA,NA,NA,NA,0.00,NA,NA,NA
2022-09-20 05:00:00,49.55,97.64,8.40,24.32,32.72,NA,NA,0.50,18.78,NA,NA,NA,NA,NA,NA,NA,NA,NA,NA,NA,0.00,NA,NA,NA
2022-09-20 06:00:00,48.80,76.65,6.30,18.86,25.15,NA,NA,0.33,17.04,NA,NA,NA,NA,NA,NA,NA,NA,NA,NA,NA,0.00,NA,NA,NA
2022-09-20 07:00:00,31.76,45.98,7.85,18.69,26.54,NA,NA,0.36,20.26,NA,NA,NA,NA,NA,NA,NA,NA,NA,NA,NA,0.00,NA,NA,NA
2022-09-20 08:00:00,57.80,71.48,8.91,24.19,33.09,NA,NA,0.47,41.79,NA,NA,NA,NA,NA,NA,NA,NA,NA,NA,NA,0.00,NA,NA,NA
2022-09-20 09:00:00,88.85,132.64,9.39,24.05,33.45,NA,NA,0.45,48.89,NA,NA,NA,NA,NA,NA,NA,NA,NA,NA,NA,0.00,NA,NA,NA
2022-09-20 10:00:00,45.31,61.01,10.47,20.16,30.64,NA,NA,0.28,51.31,NA,NA,NA,NA,NA,NA,NA,NA,NA,NA,NA,0.00,NA,NA,NA
2022-09-20 11:00:00,27.54,30.81,10.56,18.51,29.07,NA,NA,0.26,68.92,NA,NA,NA,NA,NA,NA,NA,NA,NA,NA,NA,0.00,NA,NA,NA
2022-09-20 12:00:00,46.51,68.17,8.32,18.28,26.59,NA,NA,0.26,78.81,NA,NA,NA,NA,NA,NA,NA,NA,NA,NA,NA,0.00,NA,NA,NA
2022-09-20 13:00:00,37.73,58.29,8.96,18.39,27.35,NA,NA,0.27,94.07,NA,NA,NA,NA,NA,NA,NA,NA,NA,NA,NA,0.00,NA,NA,NA
2022-09-20 14:00:00,33.12,48.29,9.27,17.20,26.47,NA,NA,0.25,88.68,NA,NA,NA,NA,NA,NA,NA,NA,NA,NA,NA,0.00,NA,NA,NA
2022-09-20 15:00:00,40.87,68.89,7.31,17.07,24.38,NA,NA,0.25,82.84,NA,NA,NA,NA,NA,NA,NA,NA,NA,NA,NA,0.00,NA,NA,NA
2022-09-20 16:00:00,37.10,65.26,6.46,17.91,24.38,NA,NA,0.27,59.71,NA,NA,NA,NA,NA,NA,NA,NA,NA,NA,NA,0.00,NA,NA,NA
2022-09-20 17:00:00,34.94,74.18,6.52,21.07,27.60,NA,NA,0.32,48.37,NA,NA,NA,NA,NA,NA,NA,NA,NA,NA,NA,0.00,NA,NA,NA
2022-09-20 18:00:00,35.47,69.52,6.00,19.66,25.66,NA,NA,0.28,40.40,NA,NA,NA,NA,NA,NA,NA,NA,NA,NA,NA,0.00,NA,NA,NA
2022-09-20 19:00:00,29.85,58.40,5.98,18.48,24.46,NA,NA,0.26,34.93,NA,NA,NA,NA,NA,NA,NA,NA,NA,NA,NA,0.00,NA,NA,NA
2022-09-20 20:00:00,28.01,64.44,6.04,19.17,25.21,NA,NA,0.27,21.07,NA,NA,NA,NA,NA,NA,NA,NA,NA,NA,NA,0.00,NA,NA,NA
2022-09-20 21:00:00,30.02,44.67,6.22,19.49,25.72,NA,NA,0.28,20.71,NA,NA,NA,NA,NA,NA,NA,NA,NA,NA,NA,0.00,NA,NA,NA
2022-09-20 22:00:00,33.02,70.40,6.32,22.85,29.17,NA,NA,0.42,18.42,NA,NA,NA,NA,NA,NA,NA,NA,NA,NA,NA,0.00,NA,NA,NA
2022-09-20 23:00:00,49.12,83.39,6.35,22.05,28.41,NA,NA,0.41,15.31,NA,NA,NA,NA,NA,NA,NA,NA,NA,NA,NA,0.00,NA,NA,NA
2022-09-21 00:00:00,29.59,66.42,6.63,21.02,27.66,NA,NA,0.38,14.46,NA,NA,NA,NA,NA,NA,NA,NA,NA,NA,NA,0.00,NA,NA,NA
2022-09-21 01:00:00,32.99,69.75,6.90,19.55,26.46,NA,NA,0.36,13.99,NA,NA,NA,NA,NA,NA,NA,NA,NA,NA,NA,0.00,NA,NA,NA
2022-09-21 02:00:00,24.83,59.09,7.40,20.10,27.51,NA,NA,0.36,14.58,NA,NA,NA,NA,NA,NA,NA,NA,NA,NA,NA,0.00,NA,NA,NA
2022-09-21 03:00:00,34.45,70.57,14.49,24.27,38.76,NA,NA,0.49,29.55,NA,NA,NA,NA,NA,NA,NA,NA,NA,NA,NA,0.00,NA,NA,NA
2022-09-21 04:00:00,44.46,95.81,18.46,23.47,41.93,NA,NA,0.53,68.07,NA,NA,NA,NA,NA,NA,NA,NA,NA,NA,NA,0.00,NA,NA,NA
2022-09-21 05:00:00,35.41,89.00,22.99,24.47,47.47,NA,NA,0.54,70.19,NA,NA,NA,NA,NA,NA,NA,NA,NA,NA,NA,0.00,NA,NA,NA
2022-09-21 06:00:00,47.91,88.22,17.30,23.47,40.76,NA,NA,0.46,26.68,NA,NA,NA,NA,NA,NA,NA,NA,NA,NA,NA,0.00,NA,NA,NA
2022-09-21 07:00:00,54.14,88.83,14.44,22.96,37.40,NA,NA,0.47,18.79,NA,NA,NA,NA,NA,NA,NA,NA,NA,NA,NA,0.00,NA,NA,NA
2022-09-21 08:00:00,61.01,117.15,16.58,31.66,48.24,NA,NA,0.63,27.60,NA,NA,NA,NA,NA,NA,NA,NA,NA,NA,NA,0.00,NA,NA,NA
2022-09-21 09:00:00,64.65,113.35,11.48,24.96,36.42,NA,NA,0.42,41.36,NA,NA,NA,NA,NA,NA,NA,NA,NA,NA,NA,0.00,NA,NA,NA
2022-09-21 10:00:00,35.29,56.56,10.12,18.30,28.42,NA,NA,0.28,60.08,NA,NA,NA,NA,NA,NA,NA,NA,NA,NA,NA,0.00,NA,NA,NA
2022-09-21 11:00:00,41.71,67.57,10.13,16.93,27.05,NA,NA,0.26,68.94,NA,NA,NA,NA,NA,NA,NA,NA,NA,NA,NA,0.00,NA,NA,NA
2022-09-21 12:00:00,44.49,85.05,7.50,16.27,23.77,NA,NA,0.20,48.62,NA,NA,NA,NA,NA,NA,NA,NA,NA,NA,NA,0.00,NA,NA,NA
2022-09-21 13:00:00,NA,NA,NA,NA,NA,NA,NA,NA,NA,NA,NA,NA,NA,NA,NA,NA,NA,NA,NA,NA,0.00,NA,NA,NA
2022-09-21 14:00:00,NA,NA,NA,NA,NA,NA,NA,NA,NA,NA,NA,NA,NA,NA,NA,NA,NA,NA,NA,NA,0.00,NA,NA,NA
2022-09-21 15:00:00,42.35,110.93,NA,403.17,NA,NA,NA,0.57,NA,NA,NA,NA,NA,NA,NA,NA,NA,NA,NA,NA,0.00,NA,NA,NA
2022-09-21 16:00:00,31.54,54.14,168.48,54.77,76.02,NA,NA,0.36,17.06,NA,NA,NA,NA,NA,NA,NA,NA,NA,NA,NA,0.00,NA,NA,NA
2022-09-21 17:00:00,NA,NA,6.56,18.60,25.17,NA,NA,0.26,24.71,NA,NA,NA,NA,NA,NA,NA,NA,NA,NA,NA,0.00,NA,NA,NA
2022-09-21 18:00:00,NA,NA,5.78,19.13,24.91,NA,NA,0.28,16.73,NA,NA,NA,NA,NA,NA,NA,NA,NA,NA,NA,0.00,NA,NA,NA
2022-09-21 19:00:00,NA,NA,6.51,19.95,26.46,NA,NA,0.29,11.71,NA,NA,NA,NA,NA,NA,NA,NA,NA,NA,NA,0.00,NA,NA,NA
2022-09-21 20:00:00,0.67,11.84,6.55,22.20,28.75,NA,NA,0.37,13.56,NA,NA,NA,NA,NA,NA,NA,NA,NA,NA,NA,0.00,NA,NA,NA
2022-09-21 21:00:00,7.00,18.76,16.33,30.98,47.29,NA,NA,0.70,12.75,NA,NA,NA,NA,NA,NA,NA,NA,NA,NA,NA,0.00,NA,NA,NA
2022-09-21 22:00:00,5.27,28.49,14.56,32.14,46.72,NA,NA,0.71,14.78,NA,NA,NA,NA,NA,NA,NA,NA,NA,NA,NA,0.00,NA,NA,NA
2022-09-21 23:00:00,2.36,27.97,6.99,25.23,32.22,NA,NA,0.41,13.98,NA,NA,NA,NA,NA,NA,NA,NA,NA,NA,NA,0.00,NA,NA,NA
2022-09-22 00:00:00,8.04,5.51,6.18,21.47,27.65,NA,NA,0.31,17.48,NA,NA,NA,NA,NA,NA,NA,NA,NA,NA,NA,0.00,NA,NA,NA
2022-09-22 01:00:00,4.39,23.28,6.35,21.52,27.88,NA,NA,0.30,13.11,NA,NA,NA,NA,NA,NA,NA,NA,NA,NA,NA,0.00,NA,NA,NA
2022-09-22 02:00:00,9.65,27.63,7.27,21.22,28.49,NA,NA,0.29,17.80,NA,NA,NA,NA,NA,NA,NA,NA,NA,NA,NA,0.00,NA,NA,NA
2022-09-22 03:00:00,12.68,32.78,6.84,21.31,28.15,NA,NA,0.28,22.70,NA,NA,NA,NA,NA,NA,NA,NA,NA,NA,NA,0.00,NA,NA,NA
2022-09-22 04:00:00,10.61,31.90,6.53,20.40,26.93,NA,NA,0.28,16.72,NA,NA,NA,NA,NA,NA,NA,NA,NA,NA,NA,0.00,NA,NA,NA
2022-09-22 05:00:00,20.21,39.01,6.40,19.63,26.03,NA,NA,0.28,12.80,NA,NA,NA,NA,NA,NA,NA,NA,NA,NA,NA,0.00,NA,NA,NA
2022-09-22 06:00:00,20.61,42.76,6.44,18.65,25.09,NA,NA,0.26,18.32,NA,NA,NA,NA,NA,NA,NA,NA,NA,NA,NA,0.00,NA,NA,NA
2022-09-22 07:00:00,23.61,32.59,6.62,15.70,22.31,NA,NA,0.20,27.59,NA,NA,NA,NA,NA,NA,NA,NA,NA,NA,NA,0.00,NA,NA,NA
2022-09-22 08:00:00,NA,NA,NA,NA,NA,NA,NA,NA,NA,NA,NA,NA,NA,NA,NA,NA,NA,NA,NA,NA,0.00,NA,NA,NA
2022-09-22 09:00:00,13.90,19.06,351.64,100.85,163.25,NA,NA,0.64,18.50,NA,NA,NA,NA,NA,NA,NA,NA,NA,NA,NA,0.00,NA,NA,NA
2022-09-22 10:00:00,NA,NA,8.94,24.53,33.44,NA,NA,0.47,31.08,NA,NA,NA,NA,NA,NA,NA,NA,NA,NA,NA,0.00,NA,NA,NA
2022-09-22 11:00:00,NA,NA,8.22,23.79,32.02,NA,NA,0.42,30.34,NA,NA,NA,NA,NA,NA,NA,NA,NA,NA,NA,0.00,NA,NA,NA
2022-09-22 12:00:00,NA,NA,7.01,21.19,28.19,NA,NA,0.34,35.02,NA,NA,NA,NA,NA,NA,NA,NA,NA,NA,NA,0.00,NA,NA,NA
2022-09-22 13:00:00,NA,NA,NA,NA,NA,NA,NA,NA,NA,NA,NA,NA,NA,NA,NA,NA,NA,NA,NA,NA,0.00,NA,NA,NA
2022-09-22 14:00:00,NA,NA,NA,NA,NA,NA,NA,NA,NA,NA,NA,NA,NA,NA,NA,NA,NA,NA,NA,NA,0.00,NA,NA,NA
2022-09-22 15:00:00,NA,NA,NA,135.05,114.12,NA,NA,0.48,16.60,NA,NA,NA,NA,NA,NA,NA,NA,NA,NA,NA,0.00,NA,NA,NA
2022-09-22 16:00:00,NA,NA,6.93,21.78,28.72,NA,NA,0.34,23.05,NA,NA,NA,NA,NA,NA,NA,NA,NA,NA,NA,0.00,NA,NA,NA
2022-09-22 17:00:00,NA,NA,NA,NA,NA,NA,NA,NA,NA,NA,NA,NA,NA,NA,NA,NA,NA,NA,NA,NA,0.00,NA,NA,NA
2022-09-22 18:00:00,NA,NA,NA,NA,NA,NA,NA,NA,NA,NA,NA,NA,NA,NA,NA,NA,NA,NA,NA,NA,0.00,NA,NA,NA
2022-09-22 19:00:00,NA,NA,NA,NA,NA,NA,NA,NA,NA,NA,NA,NA,NA,NA,NA,NA,NA,NA,NA,NA,0.00,NA,NA,NA
2022-09-22 20:00:00,NA,NA,NA,NA,NA,NA,NA,NA,NA,NA,NA,NA,NA,NA,NA,NA,NA,NA,NA,NA,0.00,NA,NA,NA
2022-09-22 21:00:00,NA,NA,NA,NA,NA,NA,NA,NA,NA,NA,NA,NA,NA,NA,NA,NA,NA,NA,NA,NA,0.00,NA,NA,NA
2022-09-22 22:00:00,NA,NA,NA,NA,NA,NA,NA,NA,NA,NA,NA,NA,NA,NA,NA,NA,NA,NA,NA,NA,0.00,NA,NA,NA
2022-09-22 23:00:00,NA,NA,NA,NA,NA,NA,NA,NA,NA,NA,NA,NA,NA,NA,NA,NA,NA,NA,NA,NA,0.00,NA,NA,NA
2022-09-23 00:00:00,NA,NA,NA,NA,NA,NA,NA,NA,NA,NA,NA,NA,NA,NA,NA,NA,NA,NA,NA,NA,0.00,NA,NA,NA
2022-09-23 01:00:00,NA,NA,NA,194.66,NA,NA,NA,0.81,58.17,NA,NA,NA,NA,NA,NA,NA,NA,NA,NA,NA,0.00,NA,NA,NA
2022-09-23 02:00:00,NA,NA,32.40,23.23,55.96,NA,NA,0.57,20.87,NA,NA,NA,NA,NA,NA,NA,NA,NA,NA,NA,0.00,NA,NA,NA
2022-09-23 03:00:00,NA,NA,4.98,17.44,22.42,NA,NA,0.43,25.82,NA,NA,NA,NA,NA,NA,NA,NA,NA,NA,NA,0.00,NA,NA,NA
2022-09-23 04:00:00,NA,NA,5.06,15.79,20.85,NA,NA,0.36,41.65,NA,NA,NA,NA,NA,NA,NA,NA,NA,NA,NA,0.00,NA,NA,NA
2022-09-23 05:00:00,NA,NA,5.13,15.60,20.73,NA,NA,0.31,42.80,NA,NA,NA,NA,NA,NA,NA,NA,NA,NA,NA,0.00,NA,NA,NA
2022-09-23 06:00:00,NA,NA,5.29,15.96,21.25,NA,NA,0.29,45.37,NA,NA,NA,NA,NA,NA,NA,NA,NA,NA,NA,0.00,NA,NA,NA
2022-09-23 07:00:00,NA,NA,5.80,17.77,23.56,NA,NA,0.31,41.33,NA,NA,NA,NA,NA,NA,NA,NA,NA,NA,NA,0.00,NA,NA,NA
2022-09-23 08:00:00,NA,NA,142.13,47.14,105.55,NA,NA,0.31,24.82,NA,NA,NA,NA,NA,NA,NA,NA,NA,NA,NA,0.00,NA,NA,NA
2022-09-23 09:00:00,NA,NA,25.85,21.72,47.69,NA,NA,0.32,40.33,NA,NA,NA,NA,NA,NA,NA,NA,NA,NA,NA,0.00,NA,NA,NA
2022-09-23 10:00:00,NA,NA,8.24,20.77,29.03,NA,NA,0.40,28.91,NA,NA,NA,NA,NA,NA,NA,NA,NA,NA,NA,0.00,NA,NA,NA
2022-09-23 11:00:00,NA,NA,6.77,20.70,27.47,NA,NA,0.40,30.04,NA,NA,NA,NA,NA,NA,NA,NA,NA,NA,NA,0.00,NA,NA,NA
2022-09-23 12:00:00,NA,NA,NA,NA,NA,NA,NA,NA,NA,NA,NA,NA,NA,NA,NA,NA,NA,NA,NA,NA,0.00,NA,NA,NA
2022-09-23 13:00:00,NA,NA,NA,311.49,NA,NA,NA,0.60,20.58,NA,NA,NA,NA,NA,NA,NA,NA,NA,NA,NA,0.00,NA,NA,NA
2022-09-23 14:00:00,NA,NA,87.40,34.88,120.77,NA,NA,0.44,30.64,NA,NA,NA,NA,NA,NA,NA,NA,NA,NA,NA,0.00,NA,NA,NA
2022-09-23 15:00:00,NA,NA,7.25,17.00,24.24,NA,NA,0.37,38.24,NA,NA,NA,NA,NA,NA,NA,NA,NA,NA,NA,0.00,NA,NA,NA
2022-09-23 16:00:00,NA,NA,6.28,16.74,23.03,NA,NA,0.31,46.95,NA,NA,NA,NA,NA,NA,NA,NA,NA,NA,NA,0.00,NA,NA,NA
2022-09-23 17:00:00,NA,NA,439.95,116.87,96.76,NA,NA,0.36,32.52,NA,NA,NA,NA,NA,NA,NA,NA,NA,NA,NA,0.00,NA,NA,NA
2022-09-23 18:00:00,NA,NA,8.59,23.66,32.28,NA,NA,0.44,24.10,NA,NA,NA,NA,NA,NA,NA,NA,NA,NA,NA,0.00,NA,NA,NA
2022-09-23 19:00:00,NA,NA,6.16,23.37,29.53,NA,NA,0.44,25.35,NA,NA,NA,NA,NA,NA,NA,NA,NA,NA,NA,0.00,NA,NA,NA
2022-09-23 20:00:00,NA,NA,6.61,26.54,33.15,NA,NA,0.57,22.17,NA,NA,NA,NA,NA,NA,NA,NA,NA,NA,NA,0.00,NA,NA,NA
2022-09-23 21:00:00,NA,NA,13.31,33.93,47.24,NA,NA,0.92,21.56,NA,NA,NA,NA,NA,NA,NA,NA,NA,NA,NA,0.00,NA,NA,NA
2022-09-23 22:00:00,NA,3.69,15.48,33.83,49.31,NA,NA,0.96,40.61,NA,NA,NA,NA,NA,NA,NA,NA,NA,NA,NA,0.00,NA,NA,NA
2022-09-23 23:00:00,NA,0.67,6.67,22.43,29.09,NA,NA,0.49,29.93,NA,NA,NA,NA,NA,NA,NA,NA,NA,NA,NA,0.00,NA,NA,NA
2022-09-24 00:00:00,9.75,32.51,5.91,16.47,22.38,NA,NA,0.35,37.32,NA,NA,NA,NA,NA,NA,NA,NA,NA,NA,NA,0.00,NA,NA,NA
2022-09-24 01:00:00,19.60,13.97,5.61,16.28,21.89,NA,NA,0.35,38.42,NA,NA,NA,NA,NA,NA,NA,NA,NA,NA,NA,0.00,NA,NA,NA
2022-09-24 02:00:00,4.06,5.15,5.36,16.59,21.94,NA,NA,0.35,32.31,NA,NA,NA,NA,NA,NA,NA,NA,NA,NA,NA,0.00,NA,NA,NA
2022-09-24 03:00:00,3.45,15.18,5.43,16.26,21.69,NA,NA,0.35,32.92,NA,NA,NA,NA,NA,NA,NA,NA,NA,NA,NA,0.00,NA,NA,NA
2022-09-24 04:00:00,32.00,31.46,5.31,16.15,21.46,NA,NA,0.36,30.51,NA,NA,NA,NA,NA,NA,NA,NA,NA,NA,NA,0.00,NA,NA,NA
2022-09-24 05:00:00,12.41,25.53,5.31,15.94,21.25,NA,NA,0.36,33.25,NA,NA,NA,NA,NA,NA,NA,NA,NA,NA,NA,0.00,NA,NA,NA
2022-09-24 06:00:00,13.33,23.54,5.29,15.78,21.06,NA,NA,0.35,32.20,NA,NA,NA,NA,NA,NA,NA,NA,NA,NA,NA,0.00,NA,NA,NA
2022-09-24 07:00:00,12.42,20.01,5.40,15.71,21.11,NA,NA,0.36,32.73,NA,NA,NA,NA,NA,NA,NA,NA,NA,NA,NA,0.00,NA,NA,NA
2022-09-24 08:00:00,12.64,22.29,5.29,16.05,21.34,NA,NA,0.36,32.00,NA,NA,NA,NA,NA,NA,NA,NA,NA,NA,NA,0.00,NA,NA,NA
2022-09-24 09:00:00,15.15,18.93,5.78,16.31,22.10,NA,NA,0.37,31.20,NA,NA,NA,NA,NA,NA,NA,NA,NA,NA,NA,0.00,NA,NA,NA
2022-09-24 10:00:00,22.26,27.89,5.80,16.38,22.18,NA,NA,0.38,31.92,NA,NA,NA,NA,NA,NA,NA,NA,NA,NA,NA,0.00,NA,NA,NA
2022-09-24 11:00:00,23.54,32.74,5.87,17.14,23.01,NA,NA,0.39,30.43,NA,NA,NA,NA,NA,NA,NA,NA,NA,NA,NA,0.00,NA,NA,NA
2022-09-24 12:00:00,7.71,29.42,10.38,20.83,31.22,NA,NA,0.36,31.43,NA,NA,NA,NA,NA,NA,NA,NA,NA,NA,NA,0.00,NA,NA,NA
2022-09-24 13:00:00,17.88,31.05,8.96,17.53,26.49,NA,NA,0.37,29.52,NA,NA,NA,NA,NA,NA,NA,NA,NA,NA,NA,0.00,NA,NA,NA
2022-09-24 14:00:00,36.58,48.18,9.60,16.98,26.58,NA,NA,0.40,32.46,NA,NA,NA,NA,NA,NA,NA,NA,NA,NA,NA,0.00,NA,NA,NA
2022-09-24 15:00:00,35.96,50.42,8.22,16.29,24.51,NA,NA,0.42,36.23,NA,NA,NA,NA,NA,NA,NA,NA,NA,NA,NA,0.00,NA,NA,NA
2022-09-24 16:00:00,23.21,31.14,6.62,14.94,21.57,NA,NA,0.40,35.30,NA,NA,NA,NA,NA,NA,NA,NA,NA,NA,NA,0.00,NA,NA,NA
2022-09-24 17:00:00,14.13,14.21,5.92,15.41,21.33,NA,NA,0.76,35.07,NA,NA,NA,NA,NA,NA,NA,NA,NA,NA,NA,0.00,NA,NA,NA
2022-09-24 18:00:00,3.39,5.02,5.76,15.71,21.48,NA,NA,1.23,33.87,NA,NA,NA,NA,NA,NA,NA,NA,NA,NA,NA,0.00,NA,NA,NA
2022-09-24 19:00:00,NA,NA,5.19,14.80,19.99,NA,NA,1.25,31.71,NA,NA,NA,NA,NA,NA,NA,NA,NA,NA,NA,0.00,NA,NA,NA
2022-09-24 20:00:00,2.49,3.95,4.91,15.50,20.41,NA,NA,1.29,29.97,NA,NA,NA,NA,NA,NA,NA,NA,NA,NA,NA,0.00,NA,NA,NA
2022-09-24 21:00:00,8.33,2.89,4.80,15.49,20.29,NA,NA,1.30,30.35,NA,NA,NA,NA,NA,NA,NA,NA,NA,NA,NA,0.00,NA,NA,NA
2022-09-24 22:00:00,5.96,5.35,4.73,15.06,19.79,NA,NA,1.27,31.40,NA,NA,NA,NA,NA,NA,NA,NA,NA,NA,NA,0.00,NA,NA,NA
2022-09-24 23:00:00,10.29,18.08,4.96,15.07,20.03,NA,NA,1.28,28.58,NA,NA,NA,NA,NA,NA,NA,NA,NA,NA,NA,0.00,NA,NA,NA
2022-09-25 00:00:00,NA,NA,NA,NA,NA,NA,NA,NA,NA,NA,NA,NA,NA,NA,NA,NA,NA,NA,NA,NA,0.00,NA,NA,NA
2022-09-25 01:00:00,NA,NA,NA,NA,NA,NA,NA,NA,NA,NA,NA,NA,NA,NA,NA,NA,NA,NA,NA,NA,0.00,NA,NA,NA
2022-09-25 02:00:00,5.57,9.71,344.67,92.44,160.67,NA,NA,1.65,16.18,NA,NA,NA,NA,NA,NA,NA,NA,NA,NA,NA,0.00,NA,NA,NA
2022-09-25 03:00:00,NA,NA,5.58,14.49,20.06,NA,NA,1.37,25.17,NA,NA,NA,NA,NA,NA,NA,NA,NA,NA,NA,0.00,NA,NA,NA
2022-09-25 04:00:00,NA,NA,4.88,14.55,19.43,NA,NA,1.32,27.75,NA,NA,NA,NA,NA,NA,NA,NA,NA,NA,NA,0.00,NA,NA,NA
2022-09-25 05:00:00,NA,NA,4.39,15.06,19.45,NA,NA,1.29,27.97,NA,NA,NA,NA,NA,NA,NA,NA,NA,NA,NA,0.00,NA,NA,NA
2022-09-25 06:00:00,NA,NA,4.45,14.94,19.39,NA,NA,1.25,28.54,NA,NA,NA,NA,NA,NA,NA,NA,NA,NA,NA,0.00,NA,NA,NA
2022-09-25 07:00:00,NA,NA,4.83,15.53,20.37,NA,NA,1.27,27.00,NA,NA,NA,NA,NA,NA,NA,NA,NA,NA,NA,0.00,NA,NA,NA
2022-09-25 08:00:00,NA,NA,5.55,15.56,21.11,NA,NA,1.28,30.41,NA,NA,NA,NA,NA,NA,NA,NA,NA,NA,NA,0.00,NA,NA,NA
2022-09-25 09:00:00,NA,4.16,6.65,15.48,22.12,NA,NA,1.26,39.44,NA,NA,NA,NA,NA,NA,NA,NA,NA,NA,NA,0.00,NA,NA,NA
2022-09-25 10:00:00,13.10,19.66,6.73,15.54,22.27,NA,NA,1.24,44.27,NA,NA,NA,NA,NA,NA,NA,NA,NA,NA,NA,0.00,NA,NA,NA
2022-09-25 11:00:00,6.71,25.37,6.32,15.90,22.23,NA,NA,1.25,42.58,NA,NA,NA,NA,NA,NA,NA,NA,NA,NA,NA,0.00,NA,NA,NA
2022-09-25 12:00:00,13.49,25.65,6.79,16.91,23.70,NA,NA,1.26,43.15,NA,NA,NA,NA,NA,NA,NA,NA,NA,NA,NA,0.00,NA,NA,NA
2022-09-25 13:00:00,6.29,23.73,8.11,15.77,23.88,NA,NA,1.23,54.70,NA,NA,NA,NA,NA,NA,NA,NA,NA,NA,NA,0.00,NA,NA,NA
2022-09-25 14:00:00,6.77,30.46,8.00,16.12,24.12,NA,NA,1.22,54.98,NA,NA,NA,NA,NA,NA,NA,NA,NA,NA,NA,0.00,NA,NA,NA
2022-09-25 15:00:00,8.85,37.23,7.24,16.08,23.28,NA,NA,1.23,56.07,NA,NA,NA,NA,NA,NA,NA,NA,NA,NA,NA,0.00,NA,NA,NA
2022-09-25 16:00:00,7.04,32.64,NA,133.84,133.81,NA,NA,1.58,37.64,NA,NA,NA,NA,NA,NA,NA,NA,NA,NA,NA,0.00,NA,NA,NA
2022-09-25 17:00:00,NA,NA,8.04,16.74,24.80,NA,NA,1.37,54.50,NA,NA,NA,NA,NA,NA,NA,NA,NA,NA,NA,0.00,NA,NA,NA
2022-09-25 18:00:00,NA,NA,4.50,16.67,21.18,NA,NA,1.41,37.00,NA,NA,NA,NA,NA,NA,NA,NA,NA,NA,NA,0.00,NA,NA,NA
2022-09-25 19:00:00,NA,NA,4.39,16.21,20.59,NA,NA,1.49,16.32,NA,NA,NA,NA,NA,NA,NA,NA,NA,NA,NA,0.00,NA,NA,NA
2022-09-25 20:00:00,NA,NA,4.92,17.36,22.28,NA,NA,1.72,16.97,NA,NA,NA,NA,NA,NA,NA,NA,NA,NA,NA,0.00,NA,NA,NA
2022-09-25 21:00:00,8.22,15.22,5.41,18.84,24.25,NA,NA,2.01,19.06,NA,NA,NA,NA,NA,NA,NA,NA,NA,NA,NA,0.00,NA,NA,NA
2022-09-25 22:00:00,19.99,29.36,8.41,20.41,28.82,NA,NA,2.29,16.34,NA,NA,NA,NA,NA,NA,NA,NA,NA,NA,NA,0.00,NA,NA,NA
2022-09-25 23:00:00,33.85,41.41,13.25,20.46,33.70,NA,NA,2.50,16.32,NA,NA,NA,NA,NA,NA,NA,NA,NA,NA,NA,0.00,NA,NA,NA
2022-09-26 00:00:00,31.39,58.01,14.64,20.99,35.63,NA,NA,2.71,22.27,NA,NA,NA,NA,NA,NA,NA,NA,NA,NA,NA,0.00,NA,NA,NA
2022-09-26 01:00:00,36.92,53.41,13.31,20.19,33.51,NA,NA,2.64,27.22,NA,NA,NA,NA,NA,NA,NA,NA,NA,NA,NA,0.00,NA,NA,NA
2022-09-26 02:00:00,33.17,56.18,11.69,20.07,31.75,NA,NA,2.46,27.96,NA,NA,NA,NA,NA,NA,NA,NA,NA,NA,NA,0.00,NA,NA,NA
2022-09-26 03:00:00,20.62,58.16,12.31,18.03,30.34,NA,NA,2.24,21.88,NA,NA,NA,NA,NA,NA,NA,NA,NA,NA,NA,0.00,NA,NA,NA
2022-09-26 04:00:00,30.25,62.83,10.73,17.66,28.39,NA,NA,2.10,20.42,NA,NA,NA,NA,NA,NA,NA,NA,NA,NA,NA,0.00,NA,NA,NA
2022-09-26 05:00:00,17.30,56.52,9.54,19.10,28.65,NA,NA,2.00,19.38,NA,NA,NA,NA,NA,NA,NA,NA,NA,NA,NA,0.00,NA,NA,NA
2022-09-26 06:00:00,30.09,51.06,7.28,18.06,25.34,NA,NA,1.86,16.76,NA,NA,NA,NA,NA,NA,NA,NA,NA,NA,NA,0.00,NA,NA,NA
2022-09-26 07:00:00,27.67,44.98,11.39,19.27,30.66,NA,NA,1.92,19.90,NA,NA,NA,NA,NA,NA,NA,NA,NA,NA,NA,0.00,NA,NA,NA
2022-09-26 08:00:00,45.77,65.72,9.71,24.98,34.70,NA,NA,1.88,25.37,NA,NA,NA,NA,NA,NA,NA,NA,NA,NA,NA,0.00,NA,NA,NA
2022-09-26 09:00:00,33.23,49.54,8.37,22.52,30.89,NA,NA,1.57,40.37,NA,NA,NA,NA,NA,NA,NA,NA,NA,NA,NA,0.00,NA,NA,NA
2022-09-26 10:00:00,51.65,71.51,8.43,26.32,34.75,NA,NA,1.73,76.06,NA,NA,NA,NA,NA,NA,NA,NA,NA,NA,NA,0.00,NA,NA,NA
2022-09-26 11:00:00,42.17,74.09,8.41,19.91,28.33,NA,NA,1.45,84.40,NA,NA,NA,NA,NA,NA,NA,NA,NA,NA,NA,0.00,NA,NA,NA
2022-09-26 12:00:00,48.27,68.56,9.06,21.56,30.62,NA,NA,1.47,97.50,NA,NA,NA,NA,NA,NA,NA,NA,NA,NA,NA,0.00,NA,NA,NA
2022-09-26 13:00:00,43.52,61.27,8.56,17.37,25.94,NA,NA,1.41,99.88,NA,NA,NA,NA,NA,NA,NA,NA,NA,NA,NA,0.00,NA,NA,NA
2022-09-26 14:00:00,50.96,67.00,7.81,17.57,25.38,NA,NA,1.41,105.23,NA,NA,NA,NA,NA,NA,NA,NA,NA,NA,NA,0.00,NA,NA,NA
2022-09-26 15:00:00,46.85,97.83,7.39,17.15,24.54,NA,NA,1.38,96.65,NA,NA,NA,NA,NA,NA,NA,NA,NA,NA,NA,0.00,NA,NA,NA
2022-09-26 16:00:00,42.25,89.87,6.23,17.36,23.59,NA,NA,1.34,66.57,NA,NA,NA,NA,NA,NA,NA,NA,NA,NA,NA,0.00,NA,NA,NA
2022-09-26 17:00:00,31.98,71.18,5.63,19.85,25.47,NA,NA,1.32,55.39,NA,NA,NA,NA,NA,NA,NA,NA,NA,NA,NA,0.00,NA,NA,NA
2022-09-26 18:00:00,42.43,91.10,4.83,18.15,22.98,NA,NA,1.36,53.42,NA,NA,NA,NA,NA,NA,NA,NA,NA,NA,NA,0.00,NA,NA,NA
2022-09-26 19:00:00,43.08,80.10,4.55,20.02,24.57,NA,NA,1.48,38.48,NA,NA,NA,NA,NA,NA,NA,NA,NA,NA,NA,0.00,NA,NA,NA
2022-09-26 20:00:00,33.09,74.18,16.40,21.63,38.06,NA,NA,1.53,24.06,NA,NA,NA,NA,NA,NA,NA,NA,NA,NA,NA,0.00,NA,NA,NA
2022-09-26 21:00:00,14.76,44.62,18.41,26.85,45.16,NA,NA,1.85,19.10,NA,NA,NA,NA,NA,NA,NA,NA,NA,NA,NA,0.00,NA,NA,NA
2022-09-26 22:00:00,NA,1.92,4.87,25.18,30.04,NA,NA,1.92,17.99,NA,NA,NA,NA,NA,NA,NA,NA,NA,NA,NA,0.00,NA,NA,NA
2022-09-26 23:00:00,6.74,31.52,11.63,25.19,36.84,NA,NA,1.96,15.01,NA,NA,NA,NA,NA,NA,NA,NA,NA,NA,NA,0.00,NA,NA,NA
2022-09-27 00:00:00,9.36,61.21,11.79,23.74,35.53,NA,NA,1.93,14.78,NA,NA,NA,NA,NA,NA,NA,NA,NA,NA,NA,0.00,NA,NA,NA
2022-09-27 01:00:00,13.52,67.40,9.38,24.17,33.55,NA,NA,1.85,12.77,NA,NA,NA,NA,NA,NA,NA,NA,NA,NA,NA,0.00,NA,NA,NA
2022-09-27 02:00:00,8.11,43.92,191.64,62.89,104.69,NA,NA,1.87,10.93,NA,NA,NA,NA,NA,NA,NA,NA,NA,NA,NA,0.00,NA,NA,NA
2022-09-27 03:00:00,NA,NA,9.00,19.44,28.45,NA,NA,1.66,12.73,NA,NA,NA,NA,NA,NA,NA,NA,NA,NA,NA,0.00,NA,NA,NA
2022-09-27 04:00:00,NA,NA,7.88,18.62,26.50,NA,NA,1.59,13.16,NA,NA,NA,NA,NA,NA,NA,NA,NA,NA,NA,0.00,NA,NA,NA
2022-09-27 05:00:00,NA,NA,5.36,18.58,23.94,NA,NA,1.46,13.00,NA,NA,NA,NA,NA,NA,NA,NA,NA,NA,NA,0.00,NA,NA,NA
2022-09-27 06:00:00,NA,NA,5.68,16.28,21.96,NA,NA,1.40,12.82,NA,NA,NA,NA,NA,NA,NA,NA,NA,NA,NA,0.00,NA,NA,NA
2022-09-27 07:00:00,NA,2.63,8.14,18.06,26.19,NA,NA,1.49,17.85,NA,NA,NA,NA,NA,NA,NA,NA,NA,NA,NA,0.00,NA,NA,NA
2022-09-27 08:00:00,17.18,20.37,10.27,24.80,35.08,NA,NA,1.60,26.18,NA,NA,NA,NA,NA,NA,NA,NA,NA,NA,NA,0.00,NA,NA,NA
2022-09-27 09:00:00,17.62,48.71,8.22,22.73,30.95,NA,NA,1.51,40.68,NA,NA,NA,NA,NA,NA,NA,NA,NA,NA,NA,0.00,NA,NA,NA
2022-09-27 10:00:00,17.81,47.97,7.58,18.65,26.23,NA,NA,1.34,62.46,NA,NA,NA,NA,NA,NA,NA,NA,NA,NA,NA,0.00,NA,NA,NA
2022-09-27 11:00:00,10.54,53.96,7.79,18.10,25.90,NA,NA,1.27,70.55,NA,NA,NA,NA,NA,NA,NA,NA,NA,NA,NA,0.00,NA,NA,NA
2022-09-27 12:00:00,25.71,61.31,8.15,16.58,24.73,NA,NA,1.23,72.53,NA,NA,NA,NA,NA,NA,NA,NA,NA,NA,NA,0.00,NA,NA,NA
2022-09-27 13:00:00,22.83,52.81,8.04,16.52,24.56,NA,NA,1.23,75.36,NA,NA,NA,NA,NA,NA,NA,NA,NA,NA,NA,0.00,NA,NA,NA
2022-09-27 14:00:00,28.83,69.10,7.54,16.01,23.55,NA,NA,1.23,73.28,NA,NA,NA,NA,NA,NA,NA,NA,NA,NA,NA,0.00,NA,NA,NA
2022-09-27 15:00:00,25.86,74.76,7.24,15.87,23.11,NA,NA,1.18,61.55,NA,NA,NA,NA,NA,NA,NA,NA,NA,NA,NA,0.00,NA,NA,NA
2022-09-27 16:00:00,29.05,79.09,6.43,15.77,22.20,NA,NA,1.17,54.81,NA,NA,NA,NA,NA,NA,NA,NA,NA,NA,NA,0.00,NA,NA,NA
2022-09-27 17:00:00,19.92,74.49,327.66,90.00,22.59,NA,NA,1.03,40.96,NA,NA,NA,NA,NA,NA,NA,NA,NA,NA,NA,0.00,NA,NA,NA
2022-09-27 18:00:00,NA,7.26,147.00,47.62,195.65,NA,NA,1.28,30.92,NA,NA,NA,NA,NA,NA,NA,NA,NA,NA,NA,0.00,NA,NA,NA
2022-09-27 19:00:00,NA,NA,6.95,18.39,25.36,NA,NA,1.35,20.92,NA,NA,NA,NA,NA,NA,NA,NA,NA,NA,NA,0.00,NA,NA,NA
2022-09-27 20:00:00,NA,NA,4.57,19.59,24.16,NA,NA,1.51,17.64,NA,NA,NA,NA,NA,NA,NA,NA,NA,NA,NA,0.00,NA,NA,NA
2022-09-27 21:00:00,NA,NA,5.65,27.00,32.65,NA,NA,1.87,14.50,NA,NA,NA,NA,NA,NA,NA,NA,NA,NA,NA,0.00,NA,NA,NA
2022-09-27 22:00:00,NA,19.95,5.97,26.48,32.46,NA,NA,1.93,14.98,NA,NA,NA,NA,NA,NA,NA,NA,NA,NA,NA,0.00,NA,NA,NA
2022-09-27 23:00:00,0.30,27.91,6.07,23.06,29.13,NA,NA,1.81,14.01,NA,NA,NA,NA,NA,NA,NA,NA,NA,NA,NA,0.00,NA,NA,NA
2022-09-28 00:00:00,8.69,49.86,10.92,22.83,33.74,NA,NA,1.75,14.34,NA,NA,NA,NA,NA,NA,NA,NA,NA,NA,NA,0.00,NA,NA,NA
2022-09-28 01:00:00,29.22,53.74,9.21,20.90,30.11,NA,NA,1.59,12.89,NA,NA,NA,NA,NA,NA,NA,NA,NA,NA,NA,0.00,NA,NA,NA
2022-09-28 02:00:00,6.53,41.13,9.50,19.26,28.75,NA,NA,1.51,12.32,NA,NA,NA,NA,NA,NA,NA,NA,NA,NA,NA,0.00,NA,NA,NA
2022-09-28 03:00:00,9.16,71.16,10.68,21.36,32.05,NA,NA,1.44,12.46,NA,NA,NA,NA,NA,NA,NA,NA,NA,NA,NA,0.00,NA,NA,NA
2022-09-28 04:00:00,8.04,52.33,8.16,19.75,27.91,NA,NA,1.36,11.90,NA,NA,NA,NA,NA,NA,NA,NA,NA,NA,NA,0.00,NA,NA,NA
2022-09-28 05:00:00,8.59,50.68,7.01,17.64,24.65,NA,NA,1.31,11.83,NA,NA,NA,NA,NA,NA,NA,NA,NA,NA,NA,0.00,NA,NA,NA
2022-09-28 06:00:00,21.91,45.95,8.82,16.58,25.40,NA,NA,1.31,11.84,NA,NA,NA,NA,NA,NA,NA,NA,NA,NA,NA,0.00,NA,NA,NA
2022-09-28 07:00:00,14.83,49.17,10.66,19.05,29.72,NA,NA,1.42,16.37,NA,NA,NA,NA,NA,NA,NA,NA,NA,NA,NA,0.00,NA,NA,NA
2022-09-28 08:00:00,54.53,113.48,11.08,28.54,39.63,NA,NA,1.69,25.18,NA,NA,NA,NA,NA,NA,NA,NA,NA,NA,NA,0.00,NA,NA,NA
2022-09-28 09:00:00,70.26,117.32,8.19,25.53,33.72,NA,NA,1.55,46.98,NA,NA,NA,NA,NA,NA,NA,NA,NA,NA,NA,0.00,NA,NA,NA
2022-09-28 10:00:00,76.48,151.85,8.28,29.02,37.31,NA,NA,1.49,88.45,NA,NA,NA,NA,NA,NA,NA,NA,NA,NA,NA,0.00,NA,NA,NA
2022-09-28 11:00:00,73.05,171.34,8.11,23.74,31.85,NA,NA,1.40,116.69,NA,NA,NA,NA,NA,NA,NA,NA,NA,NA,NA,0.00,NA,NA,NA
2022-09-28 12:00:00,57.41,151.13,8.33,18.81,27.14,NA,NA,1.26,97.07,NA,NA,NA,NA,NA,NA,NA,NA,NA,NA,NA,0.00,NA,NA,NA
2022-09-28 13:00:00,36.23,91.76,8.14,17.87,26.01,NA,NA,1.20,77.76,NA,NA,NA,NA,NA,NA,NA,NA,NA,NA,NA,0.00,NA,NA,NA
2022-09-28 14:00:00,37.78,87.88,7.56,16.70,24.25,NA,NA,1.16,72.36,NA,NA,NA,NA,NA,NA,NA,NA,NA,NA,NA,0.00,NA,NA,NA
2022-09-28 15:00:00,35.19,88.15,7.02,16.16,23.19,NA,NA,1.16,71.67,NA,NA,NA,NA,NA,NA,NA,NA,NA,NA,NA,0.00,NA,NA,NA
2022-09-28 16:00:00,36.60,91.70,6.38,15.59,21.97,NA,NA,1.15,62.68,NA,NA,NA,NA,NA,NA,NA,NA,NA,NA,NA,0.00,NA,NA,NA
2022-09-28 17:00:00,34.21,85.43,5.04,16.53,21.57,NA,NA,1.17,55.53,NA,NA,NA,NA,NA,NA,NA,NA,NA,NA,NA,0.00,NA,NA,NA
2022-09-28 18:00:00,42.24,102.45,4.60,19.11,23.71,NA,NA,1.25,36.13,NA,NA,NA,NA,NA,NA,NA,NA,NA,NA,NA,0.00,NA,NA,NA
2022-09-28 19:00:00,35.19,94.17,4.25,21.83,26.08,NA,NA,1.34,24.04,NA,NA,NA,NA,NA,NA,NA,NA,NA,NA,NA,0.00,NA,NA,NA
2022-09-28 20:00:00,33.93,92.48,4.61,20.18,24.79,NA,NA,1.42,16.47,NA,NA,NA,NA,NA,NA,NA,NA,NA,NA,NA,0.00,NA,NA,NA
2022-09-28 21:00:00,52.33,113.14,5.11,24.42,29.53,NA,NA,1.71,15.93,NA,NA,NA,NA,NA,NA,NA,NA,NA,NA,NA,0.00,NA,NA,NA
2022-09-28 22:00:00,50.94,123.99,6.93,21.20,28.13,NA,NA,1.78,14.69,NA,NA,NA,NA,NA,NA,NA,NA,NA,NA,NA,0.00,NA,NA,NA
2022-09-28 23:00:00,40.14,98.39,10.46,20.32,30.79,NA,NA,1.88,13.92,NA,NA,NA,NA,NA,NA,NA,NA,NA,NA,NA,0.00,NA,NA,NA
2022-09-29 00:00:00,52.08,92.41,19.10,24.50,43.62,NA,NA,2.14,16.08,NA,NA,NA,NA,NA,NA,NA,NA,NA,NA,NA,0.00,NA,NA,NA
2022-09-29 01:00:00,56.36,100.71,27.11,25.45,52.56,NA,NA,2.14,13.84,NA,NA,NA,NA,NA,NA,NA,NA,NA,NA,NA,0.00,NA,NA,NA
2022-09-29 02:00:00,49.03,107.52,18.77,23.91,42.66,NA,NA,1.98,14.55,NA,NA,NA,NA,NA,NA,NA,NA,NA,NA,NA,0.00,NA,NA,NA
2022-09-29 03:00:00,45.07,89.93,9.48,24.15,33.63,NA,NA,1.77,14.91,NA,NA,NA,NA,NA,NA,NA,NA,NA,NA,NA,0.00,NA,NA,NA
2022-09-29 04:00:00,46.17,83.49,9.76,19.60,29.36,NA,NA,1.68,14.46,NA,NA,NA,NA,NA,NA,NA,NA,NA,NA,NA,0.00,NA,NA,NA
2022-09-29 05:00:00,47.30,84.39,12.90,19.41,32.32,NA,NA,1.67,14.27,NA,NA,NA,NA,NA,NA,NA,NA,NA,NA,NA,0.00,NA,NA,NA
2022-09-29 06:00:00,NA,NA,NA,NA,NA,NA,NA,NA,NA,NA,NA,NA,NA,NA,NA,NA,NA,NA,NA,NA,0.00,NA,NA,NA
2022-09-29 07:00:00,NA,NA,NA,NA,NA,NA,NA,NA,NA,NA,NA,NA,NA,NA,NA,NA,NA,NA,NA,NA,0.00,NA,NA,NA
2022-09-29 08:00:00,27.98,67.84,266.28,81.73,149.08,NA,NA,2.19,34.94,NA,NA,NA,NA,NA,NA,NA,NA,NA,NA,NA,0.00,NA,NA,NA
2022-09-29 09:00:00,NA,NA,8.21,26.59,34.80,NA,NA,1.68,49.45,NA,NA,NA,NA,NA,NA,NA,NA,NA,NA,NA,0.00,NA,NA,NA
2022-09-29 10:00:00,NA,36.57,7.45,21.51,28.96,NA,NA,1.52,73.61,NA,NA,NA,NA,NA,NA,NA,NA,NA,NA,NA,0.00,NA,NA,NA
2022-09-29 11:00:00,17.00,62.80,7.70,19.09,26.79,NA,NA,1.34,81.82,NA,NA,NA,NA,NA,NA,NA,NA,NA,NA,NA,0.00,NA,NA,NA
2022-09-29 12:00:00,14.10,84.98,8.04,18.40,26.44,NA,NA,1.31,94.53,NA,NA,NA,NA,NA,NA,NA,NA,NA,NA,NA,0.00,NA,NA,NA
2022-09-29 13:00:00,51.84,65.73,7.95,18.90,26.84,NA,NA,1.27,99.66,NA,NA,NA,NA,NA,NA,NA,NA,NA,NA,NA,0.00,NA,NA,NA
2022-09-29 14:00:00,26.50,80.92,7.30,16.39,23.69,NA,NA,1.22,94.02,NA,NA,NA,NA,NA,NA,NA,NA,NA,NA,NA,0.00,NA,NA,NA
2022-09-29 15:00:00,26.47,81.44,6.80,16.03,22.82,NA,NA,1.19,91.60,NA,NA,NA,NA,NA,NA,NA,NA,NA,NA,NA,0.00,NA,NA,NA
2022-09-29 16:00:00,22.25,89.75,5.96,16.38,22.35,NA,NA,1.19,84.47,NA,NA,NA,NA,NA,NA,NA,NA,NA,NA,NA,0.00,NA,NA,NA
2022-09-29 17:00:00,42.51,98.73,8.38,17.80,26.20,NA,NA,1.21,86.81,NA,NA,NA,NA,NA,NA,NA,NA,NA,NA,NA,0.00,NA,NA,NA
2022-09-29 18:00:00,38.54,63.79,68.44,34.49,103.42,NA,NA,1.31,57.78,NA,NA,NA,NA,NA,NA,NA,NA,NA,NA,NA,0.00,NA,NA,NA
2022-09-29 19:00:00,NA,NA,4.37,20.68,25.05,NA,NA,1.41,41.99,NA,NA,NA,NA,NA,NA,NA,NA,NA,NA,NA,0.00,NA,NA,NA
2022-09-29 20:00:00,NA,NA,4.15,23.67,27.83,NA,NA,1.58,28.86,NA,NA,NA,NA,NA,NA,NA,NA,NA,NA,NA,0.00,NA,NA,NA
2022-09-29 21:00:00,NA,24.53,4.82,25.11,29.93,NA,NA,1.83,17.55,NA,NA,NA,NA,NA,NA,NA,NA,NA,NA,NA,0.00,NA,NA,NA
2022-09-29 22:00:00,2.34,31.10,8.24,24.29,32.51,NA,NA,1.93,16.08,NA,NA,NA,NA,NA,NA,NA,NA,NA,NA,NA,0.00,NA,NA,NA
2022-09-29 23:00:00,15.34,66.92,14.86,26.30,41.16,NA,NA,2.06,17.56,NA,NA,NA,NA,NA,NA,NA,NA,NA,NA,NA,0.00,NA,NA,NA
2022-09-30 00:00:00,26.26,70.18,15.19,27.52,42.72,NA,NA,2.06,14.98,NA,NA,NA,NA,NA,NA,NA,NA,NA,NA,NA,0.00,NA,NA,NA
2022-09-30 01:00:00,39.66,86.33,13.65,24.70,38.34,NA,NA,2.00,15.31,NA,NA,NA,NA,NA,NA,NA,NA,NA,NA,NA,0.00,NA,NA,NA
2022-09-30 02:00:00,48.72,137.24,9.16,23.20,32.37,NA,NA,1.80,15.18,NA,NA,NA,NA,NA,NA,NA,NA,NA,NA,NA,0.00,NA,NA,NA
2022-09-30 03:00:00,41.69,90.77,5.99,19.12,25.11,NA,NA,1.63,14.40,NA,NA,NA,NA,NA,NA,NA,NA,NA,NA,NA,0.00,NA,NA,NA
2022-09-30 04:00:00,40.33,75.94,6.62,17.15,23.77,NA,NA,1.58,14.68,NA,NA,NA,NA,NA,NA,NA,NA,NA,NA,NA,0.00,NA,NA,NA
2022-09-30 05:00:00,41.93,75.62,7.88,16.98,24.86,NA,NA,1.56,14.46,NA,NA,NA,NA,NA,NA,NA,NA,NA,NA,NA,0.00,NA,NA,NA
2022-09-30 06:00:00,57.12,90.03,20.62,23.91,44.52,NA,NA,1.69,17.12,NA,NA,NA,NA,NA,NA,NA,NA,NA,NA,NA,0.00,NA,NA,NA
2022-09-30 07:00:00,58.42,116.48,13.33,20.49,33.82,NA,NA,1.65,18.80,NA,NA,NA,NA,NA,NA,NA,NA,NA,NA,NA,0.00,NA,NA,NA
2022-09-30 08:00:00,79.67,151.79,14.93,33.11,48.04,NA,NA,1.85,24.58,NA,NA,NA,NA,NA,NA,NA,NA,NA,NA,NA,0.00,NA,NA,NA
2022-09-30 09:00:00,122.36,236.32,9.03,33.35,42.38,NA,NA,1.74,55.58,NA,NA,NA,NA,NA,NA,NA,NA,NA,NA,NA,0.00,NA,NA,NA
2022-09-30 10:00:00,97.34,211.00,7.29,23.21,30.50,NA,NA,1.49,87.81,NA,NA,NA,NA,NA,NA,NA,NA,NA,NA,NA,0.00,NA,NA,NA
2022-09-30 11:00:00,87.43,161.72,7.68,19.47,27.15,NA,NA,1.38,106.04,NA,NA,NA,NA,NA,NA,NA,NA,NA,NA,NA,0.00,NA,NA,NA
2022-09-30 12:00:00,83.21,143.17,7.95,18.33,26.28,NA,NA,1.32,113.00,NA,NA,NA,NA,NA,NA,NA,NA,NA,NA,NA,0.00,NA,NA,NA
2022-09-30 13:00:00,75.35,127.38,7.81,17.55,25.37,NA,NA,1.28,110.79,NA,NA,NA,NA,NA,NA,NA,NA,NA,NA,NA,0.00,NA,NA,NA
2022-09-30 14:00:00,70.78,121.46,7.54,16.58,24.13,NA,NA,1.25,104.66,NA,NA,NA,NA,NA,NA,NA,NA,NA,NA,NA,0.00,NA,NA,NA
2022-09-30 15:00:00,69.06,113.83,6.73,16.52,23.25,NA,NA,1.22,96.96,NA,NA,NA,NA,NA,NA,NA,NA,NA,NA,NA,0.00,NA,NA,NA
2022-09-30 16:00:00,58.11,132.77,6.57,22.89,29.46,NA,NA,1.24,84.92,NA,NA,NA,NA,NA,NA,NA,NA,NA,NA,NA,0.00,NA,NA,NA
2022-09-30 17:00:00,65.81,119.11,4.81,17.51,22.33,NA,NA,1.25,76.50,NA,NA,NA,NA,NA,NA,NA,NA,NA,NA,NA,0.00,NA,NA,NA
2022-09-30 18:00:00,62.72,122.43,4.22,20.35,24.57,NA,NA,1.33,57.81,NA,NA,NA,NA,NA,NA,NA,NA,NA,NA,NA,0.00,NA,NA,NA
2022-09-30 19:00:00,70.33,129.82,4.15,20.66,24.81,NA,NA,1.39,40.31,NA,NA,NA,NA,NA,NA,NA,NA,NA,NA,NA,0.00,NA,NA,NA
2022-09-30 20:00:00,71.08,131.89,4.29,19.85,24.14,NA,NA,1.47,22.98,NA,NA,NA,NA,NA,NA,NA,NA,NA,NA,NA,0.00,NA,NA,NA
2022-09-30 21:00:00,77.67,137.21,4.57,22.08,26.65,NA,NA,1.71,20.22,NA,NA,NA,NA,NA,NA,NA,NA,NA,NA,NA,0.00,NA,NA,NA
2022-09-30 22:00:00,73.29,116.41,5.48,20.32,25.80,NA,NA,1.72,16.33,NA,NA,NA,NA,NA,NA,NA,NA,NA,NA,NA,0.00,NA,NA,NA
2022-09-30 23:00:00,75.15,121.48,6.73,20.72,27.45,NA,NA,1.81,17.02,NA,NA,NA,NA,NA,NA,NA,NA,NA,NA,NA,0.00,NA,NA,NA
2022-10-01 00:00:00,76.71,130.44,10.98,21.99,32.97,NA,NA,1.95,17.68,NA,NA,NA,NA,NA,NA,NA,NA,NA,NA,NA,0.00,NA,NA,NA
2022-10-01 01:00:00,73.66,124.03,16.24,25.66,41.88,NA,NA,2.14,17.85,NA,NA,NA,NA,NA,NA,NA,NA,NA,NA,NA,0.00,NA,NA,NA
2022-10-01 02:00:00,76.71,166.93,18.89,27.38,46.28,NA,NA,2.08,17.16,NA,NA,NA,NA,NA,NA,NA,NA,NA,NA,NA,0.00,NA,NA,NA
2022-10-01 03:00:00,68.74,125.65,16.96,24.95,41.92,NA,NA,1.92,16.96,NA,NA,NA,NA,NA,NA,NA,NA,NA,NA,NA,0.00,NA,NA,NA
2022-10-01 04:00:00,70.56,123.42,8.51,24.45,32.97,NA,NA,1.79,16.98,NA,NA,NA,NA,NA,NA,NA,NA,NA,NA,NA,0.00,NA,NA,NA
2022-10-01 05:00:00,57.42,120.33,10.73,20.31,31.04,NA,NA,1.74,16.67,NA,NA,NA,NA,NA,NA,NA,NA,NA,NA,NA,0.00,NA,NA,NA
2022-10-01 06:00:00,70.95,122.34,11.61,21.27,32.87,NA,NA,1.71,17.21,NA,NA,NA,NA,NA,NA,NA,NA,NA,NA,NA,0.00,NA,NA,NA
2022-10-01 07:00:00,66.28,113.44,13.64,18.92,32.56,NA,NA,1.66,19.29,NA,NA,NA,NA,NA,NA,NA,NA,NA,NA,NA,0.00,NA,NA,NA
2022-10-01 08:00:00,93.25,171.58,17.79,35.71,53.50,NA,NA,1.95,23.34,NA,NA,NA,NA,NA,NA,NA,NA,NA,NA,NA,0.00,NA,NA,NA
2022-10-01 09:00:00,127.85,224.85,8.38,27.21,35.60,NA,NA,1.69,56.42,NA,NA,NA,NA,NA,NA,NA,NA,NA,NA,NA,0.00,NA,NA,NA
2022-10-01 10:00:00,94.06,160.65,7.82,21.10,28.91,NA,NA,1.36,82.53,NA,NA,NA,NA,NA,NA,NA,NA,NA,NA,NA,0.00,NA,NA,NA
2022-10-01 11:00:00,52.75,111.81,358.67,97.96,265.42,NA,NA,1.33,55.66,NA,NA,NA,NA,NA,NA,NA,NA,NA,NA,NA,0.00,NA,NA,NA
2022-10-01 12:00:00,NA,NA,12.71,20.36,33.13,NA,NA,1.28,96.49,NA,NA,NA,NA,NA,NA,NA,NA,NA,NA,NA,0.00,NA,NA,NA
2022-10-01 13:00:00,NA,NA,13.12,18.67,31.82,NA,NA,1.19,100.59,NA,NA,NA,NA,NA,NA,NA,NA,NA,NA,NA,0.00,NA,NA,NA
2022-10-01 14:00:00,NA,NA,7.14,16.25,23.40,NA,NA,1.22,98.78,NA,NA,NA,NA,NA,NA,NA,NA,NA,NA,NA,0.00,NA,NA,NA
2022-10-01 15:00:00,NA,NA,6.58,15.89,22.48,NA,NA,1.20,99.81,NA,NA,NA,NA,NA,NA,NA,NA,NA,NA,NA,0.00,NA,NA,NA
2022-10-01 16:00:00,17.47,33.86,5.86,17.04,22.89,NA,NA,1.26,104.76,NA,NA,NA,NA,NA,NA,NA,NA,NA,NA,NA,0.00,NA,NA,NA
2022-10-01 17:00:00,16.95,77.41,4.63,18.16,22.80,NA,NA,1.28,86.09,NA,NA,NA,NA,NA,NA,NA,NA,NA,NA,NA,0.00,NA,NA,NA
2022-10-01 18:00:00,34.73,103.12,4.28,20.42,24.70,NA,NA,1.32,60.88,NA,NA,NA,NA,NA,NA,NA,NA,NA,NA,NA,0.00,NA,NA,NA
2022-10-01 19:00:00,56.92,125.54,4.05,20.37,24.42,NA,NA,1.45,49.24,NA,NA,NA,NA,NA,NA,NA,NA,NA,NA,NA,0.00,NA,NA,NA
2022-10-01 20:00:00,68.79,135.14,4.27,27.36,31.63,NA,NA,1.79,27.65,NA,NA,NA,NA,NA,NA,NA,NA,NA,NA,NA,0.00,NA,NA,NA
2022-10-01 21:00:00,72.42,156.96,4.61,39.20,43.81,NA,NA,2.18,22.29,NA,NA,NA,NA,NA,NA,NA,NA,NA,NA,NA,0.00,NA,NA,NA
2022-10-01 22:00:00,76.36,159.02,6.68,25.45,32.13,NA,NA,2.05,17.78,NA,NA,NA,NA,NA,NA,NA,NA,NA,NA,NA,0.00,NA,NA,NA
2022-10-01 23:00:00,75.42,125.65,9.32,32.17,41.49,NA,NA,2.33,16.66,NA,NA,NA,NA,NA,NA,NA,NA,NA,NA,NA,0.00,NA,NA,NA
2022-10-02 00:00:00,58.13,121.35,9.00,26.19,35.20,NA,NA,2.26,18.46,NA,NA,NA,NA,NA,NA,NA,NA,NA,NA,NA,0.00,NA,NA,NA
2022-10-02 01:00:00,69.59,115.92,15.08,28.50,43.57,NA,NA,2.11,17.04,NA,NA,NA,NA,NA,NA,NA,NA,NA,NA,NA,0.00,NA,NA,NA
2022-10-02 02:00:00,54.08,106.01,10.55,25.29,35.85,NA,NA,1.80,15.78,NA,NA,NA,NA,NA,NA,NA,NA,NA,NA,NA,0.00,NA,NA,NA
2022-10-02 03:00:00,58.55,128.57,4.64,23.60,28.23,NA,NA,1.58,18.20,NA,NA,NA,NA,NA,NA,NA,NA,NA,NA,NA,0.00,NA,NA,NA
2022-10-02 04:00:00,55.72,115.29,5.08,18.86,23.94,NA,NA,1.50,16.76,NA,NA,NA,NA,NA,NA,NA,NA,NA,NA,NA,0.00,NA,NA,NA
2022-10-02 05:00:00,58.04,100.25,5.54,18.93,24.47,NA,NA,1.50,16.49,NA,NA,NA,NA,NA,NA,NA,NA,NA,NA,NA,0.00,NA,NA,NA
2022-10-02 06:00:00,56.58,96.32,6.41,17.33,23.74,NA,NA,1.48,16.48,NA,NA,NA,NA,NA,NA,NA,NA,NA,NA,NA,0.00,NA,NA,NA
2022-10-02 07:00:00,55.61,92.52,8.50,18.92,27.41,NA,NA,1.48,18.72,NA,NA,NA,NA,NA,NA,NA,NA,NA,NA,NA,0.00,NA,NA,NA
2022-10-02 08:00:00,86.92,144.67,11.08,30.08,41.17,NA,NA,1.79,29.11,NA,NA,NA,NA,NA,NA,NA,NA,NA,NA,NA,0.00,NA,NA,NA
2022-10-02 09:00:00,114.21,197.38,7.22,26.14,33.36,NA,NA,1.61,70.34,NA,NA,NA,NA,NA,NA,NA,NA,NA,NA,NA,0.00,NA,NA,NA
2022-10-02 10:00:00,90.63,176.11,7.07,20.62,27.69,NA,NA,1.35,92.99,NA,NA,NA,NA,NA,NA,NA,NA,NA,NA,NA,0.00,NA,NA,NA
2022-10-02 11:00:00,63.92,131.60,7.53,18.95,26.49,NA,NA,1.28,92.14,NA,NA,NA,NA,NA,NA,NA,NA,NA,NA,NA,0.00,NA,NA,NA
2022-10-02 12:00:00,54.21,109.76,7.82,18.62,26.44,NA,NA,1.23,91.05,NA,NA,NA,NA,NA,NA,NA,NA,NA,NA,NA,0.00,NA,NA,NA
2022-10-02 13:00:00,55.25,110.08,7.46,16.65,24.11,NA,NA,1.17,95.06,NA,NA,NA,NA,NA,NA,NA,NA,NA,NA,NA,0.00,NA,NA,NA
2022-10-02 14:00:00,40.62,97.70,7.01,15.94,22.95,NA,NA,1.13,89.85,NA,NA,NA,NA,NA,NA,NA,NA,NA,NA,NA,0.00,NA,NA,NA
2022-10-02 15:00:00,44.07,107.11,6.61,15.91,22.52,NA,NA,1.16,96.42,NA,NA,NA,NA,NA,NA,NA,NA,NA,NA,NA,0.00,NA,NA,NA
2022-10-02 16:00:00,50.72,110.93,5.86,16.04,21.91,NA,NA,1.16,93.15,NA,NA,NA,NA,NA,NA,NA,NA,NA,NA,NA,0.00,NA,NA,NA
2022-10-02 17:00:00,50.66,112.00,4.73,17.60,22.33,NA,NA,1.17,81.36,NA,NA,NA,NA,NA,NA,NA,NA,NA,NA,NA,0.00,NA,NA,NA
2022-10-02 18:00:00,51.70,117.57,3.98,19.02,23.00,NA,NA,1.24,67.93,NA,NA,NA,NA,NA,NA,NA,NA,NA,NA,NA,0.00,NA,NA,NA
2022-10-02 19:00:00,56.38,132.04,4.10,19.03,23.14,NA,NA,1.31,61.26,NA,NA,NA,NA,NA,NA,NA,NA,NA,NA,NA,0.00,NA,NA,NA
2022-10-02 20:00:00,55.90,117.10,4.03,19.56,23.60,NA,NA,1.34,46.57,NA,NA,NA,NA,NA,NA,NA,NA,NA,NA,NA,0.00,NA,NA,NA
2022-10-02 21:00:00,57.84,128.84,4.05,21.06,25.11,NA,NA,1.37,38.47,NA,NA,NA,NA,NA,NA,NA,NA,NA,NA,NA,0.00,NA,NA,NA
2022-10-02 22:00:00,52.14,121.66,4.07,21.82,25.90,NA,NA,1.38,35.38,NA,NA,NA,NA,NA,NA,NA,NA,NA,NA,NA,0.00,NA,NA,NA
2022-10-02 23:00:00,66.25,134.30,4.15,21.50,25.65,NA,NA,1.35,36.44,NA,NA,NA,NA,NA,NA,NA,NA,NA,NA,NA,0.00,NA,NA,NA
2022-10-03 00:00:00,50.53,107.23,4.21,21.11,25.32,NA,NA,1.28,31.90,NA,NA,NA,NA,NA,NA,NA,NA,NA,NA,NA,0.00,NA,NA,NA
2022-10-03 01:00:00,49.79,105.81,4.20,22.27,26.47,NA,NA,1.25,26.96,NA,NA,NA,NA,NA,NA,NA,NA,NA,NA,NA,0.00,NA,NA,NA
2022-10-03 02:00:00,48.14,99.45,4.37,23.75,28.12,NA,NA,1.22,23.86,NA,NA,NA,NA,NA,NA,NA,NA,NA,NA,NA,0.00,NA,NA,NA
2022-10-03 03:00:00,46.14,84.08,4.68,25.41,30.09,NA,NA,1.22,18.69,NA,NA,NA,NA,NA,NA,NA,NA,NA,NA,NA,0.00,NA,NA,NA
2022-10-03 04:00:00,38.23,86.05,4.25,23.02,27.27,NA,NA,1.25,19.37,NA,NA,NA,NA,NA,NA,NA,NA,NA,NA,NA,0.00,NA,NA,NA
2022-10-03 05:00:00,51.27,86.31,4.17,20.68,24.85,NA,NA,1.24,24.50,NA,NA,NA,NA,NA,NA,NA,NA,NA,NA,NA,0.00,NA,NA,NA
2022-10-03 06:00:00,39.93,84.24,4.23,20.60,24.83,NA,NA,1.22,25.61,NA,NA,NA,NA,NA,NA,NA,NA,NA,NA,NA,0.00,NA,NA,NA
2022-10-03 07:00:00,39.68,84.72,5.85,22.01,27.86,NA,NA,1.28,28.38,NA,NA,NA,NA,NA,NA,NA,NA,NA,NA,NA,0.00,NA,NA,NA
2022-10-03 08:00:00,49.31,105.80,6.54,21.89,28.43,NA,NA,1.29,42.87,NA,NA,NA,NA,NA,NA,NA,NA,NA,NA,NA,0.00,NA,NA,NA
2022-10-03 09:00:00,59.45,132.72,6.37,18.37,24.74,NA,NA,1.21,62.67,NA,NA,NA,NA,NA,NA,NA,NA,NA,NA,NA,0.00,NA,NA,NA
2022-10-03 10:00:00,45.55,109.17,6.91,17.55,24.46,NA,NA,1.15,70.07,NA,NA,NA,NA,NA,NA,NA,NA,NA,NA,NA,0.00,NA,NA,NA
2022-10-03 11:00:00,45.64,118.76,7.23,17.01,24.24,NA,NA,1.11,77.50,NA,NA,NA,NA,NA,NA,NA,NA,NA,NA,NA,0.00,NA,NA,NA
2022-10-03 12:00:00,35.74,106.53,7.67,16.44,24.11,NA,NA,1.11,82.18,NA,NA,NA,NA,NA,NA,NA,NA,NA,NA,NA,0.00,NA,NA,NA
2022-10-03 13:00:00,39.19,99.69,7.43,16.40,23.83,NA,NA,1.10,84.63,NA,NA,NA,NA,NA,NA,NA,NA,NA,NA,NA,0.00,NA,NA,NA
2022-10-03 14:00:00,36.27,115.48,7.17,15.73,22.90,NA,NA,1.03,74.20,NA,NA,NA,NA,NA,NA,NA,NA,NA,NA,NA,0.00,NA,NA,NA
2022-10-03 15:00:00,NA,NA,NA,NA,NA,NA,NA,NA,NA,NA,NA,NA,NA,NA,NA,NA,NA,NA,NA,NA,0.00,NA,NA,NA
2022-10-03 16:00:00,25.90,83.28,NA,148.60,141.11,NA,NA,1.41,60.28,NA,NA,NA,NA,NA,NA,NA,NA,NA,NA,NA,0.00,NA,NA,NA
2022-10-03 17:00:00,NA,NA,5.98,17.84,23.83,NA,NA,1.21,78.89,NA,NA,NA,NA,NA,NA,NA,NA,NA,NA,NA,0.00,NA,NA,NA
2022-10-03 18:00:00,NA,NA,3.81,19.20,23.01,NA,NA,1.25,68.19,NA,NA,NA,NA,NA,NA,NA,NA,NA,NA,NA,0.00,NA,NA,NA
2022-10-03 19:00:00,NA,5.80,3.75,20.97,24.72,NA,NA,1.30,51.07,NA,NA,NA,NA,NA,NA,NA,NA,NA,NA,NA,0.00,NA,NA,NA
2022-10-03 20:00:00,2.82,20.11,3.88,21.27,25.15,NA,NA,1.34,36.76,NA,NA,NA,NA,NA,NA,NA,NA,NA,NA,NA,0.00,NA,NA,NA
2022-10-03 21:00:00,3.55,45.79,3.94,24.10,28.04,NA,NA,1.44,29.25,NA,NA,NA,NA,NA,NA,NA,NA,NA,NA,NA,0.00,NA,NA,NA
2022-10-03 22:00:00,15.66,86.45,4.04,27.13,31.17,NA,NA,1.55,23.25,NA,NA,NA,NA,NA,NA,NA,NA,NA,NA,NA,0.00,NA,NA,NA
2022-10-03 23:00:00,31.50,102.58,4.23,30.26,34.48,NA,NA,1.55,18.79,NA,NA,NA,NA,NA,NA,NA,NA,NA,NA,NA,0.00,NA,NA,NA
2022-10-04 00:00:00,23.76,100.66,4.46,28.86,33.31,NA,NA,1.46,17.39,NA,NA,NA,NA,NA,NA,NA,NA,NA,NA,NA,0.00,NA,NA,NA
2022-10-04 01:00:00,12.19,59.80,14.84,27.43,42.34,NA,NA,1.45,17.01,NA,NA,NA,NA,NA,NA,NA,NA,NA,NA,NA,0.00,NA,NA,NA
2022-10-04 02:00:00,NA,NA,5.86,27.22,33.08,NA,NA,1.45,13.48,NA,NA,NA,NA,NA,NA,NA,NA,NA,NA,NA,0.00,NA,NA,NA
2022-10-04 03:00:00,NA,45.12,6.54,29.45,35.99,NA,NA,1.42,13.66,NA,NA,NA,NA,NA,NA,NA,NA,NA,NA,NA,0.00,NA,NA,NA
2022-10-04 04:00:00,5.51,58.45,6.85,23.53,30.39,NA,NA,1.39,13.06,NA,NA,NA,NA,NA,NA,NA,NA,NA,NA,NA,0.00,NA,NA,NA
2022-10-04 05:00:00,10.76,69.21,5.16,24.30,29.46,NA,NA,1.38,15.32,NA,NA,NA,NA,NA,NA,NA,NA,NA,NA,NA,0.00,NA,NA,NA
2022-10-04 06:00:00,31.43,92.38,8.27,23.62,31.87,NA,NA,1.37,16.82,NA,NA,NA,NA,NA,NA,NA,NA,NA,NA,NA,0.00,NA,NA,NA
2022-10-04 07:00:00,39.53,80.87,13.40,23.66,37.06,NA,NA,1.37,16.33,NA,NA,NA,NA,NA,NA,NA,NA,NA,NA,NA,0.00,NA,NA,NA
2022-10-04 08:00:00,41.63,98.58,11.56,27.56,39.13,NA,NA,1.45,23.07,NA,NA,NA,NA,NA,NA,NA,NA,NA,NA,NA,0.00,NA,NA,NA
2022-10-04 09:00:00,66.89,138.42,7.17,23.86,31.03,NA,NA,1.40,60.27,NA,NA,NA,NA,NA,NA,NA,NA,NA,NA,NA,0.00,NA,NA,NA
2022-10-04 10:00:00,76.72,164.55,7.44,24.62,32.06,NA,NA,1.45,87.39,NA,NA,NA,NA,NA,NA,NA,NA,NA,NA,NA,0.00,NA,NA,NA
2022-10-04 11:00:00,100.14,192.10,7.88,21.38,29.26,NA,NA,1.47,123.79,NA,NA,NA,NA,NA,NA,NA,NA,NA,NA,NA,0.00,NA,NA,NA
2022-10-04 12:00:00,93.23,183.31,7.96,18.92,26.88,NA,NA,1.38,133.09,NA,NA,NA,NA,NA,NA,NA,NA,NA,NA,NA,0.00,NA,NA,NA
2022-10-04 13:00:00,81.01,160.66,7.60,17.72,25.33,NA,NA,1.32,128.66,NA,NA,NA,NA,NA,NA,NA,NA,NA,NA,NA,0.00,NA,NA,NA
2022-10-04 14:00:00,72.78,153.25,7.25,17.27,24.52,NA,NA,1.27,121.61,NA,NA,NA,NA,NA,NA,NA,NA,NA,NA,NA,0.00,NA,NA,NA
2022-10-04 15:00:00,63.01,135.59,6.56,16.81,23.37,NA,NA,1.21,110.20,NA,NA,NA,NA,NA,NA,NA,NA,NA,NA,NA,0.00,NA,NA,NA
2022-10-04 16:00:00,58.33,138.98,5.92,17.14,23.06,NA,NA,1.16,103.61,NA,NA,NA,NA,NA,NA,NA,NA,NA,NA,NA,0.00,NA,NA,NA
2022-10-04 17:00:00,34.76,93.11,NA,198.42,203.66,NA,NA,1.53,28.73,NA,NA,NA,NA,NA,NA,NA,NA,NA,NA,NA,0.00,NA,NA,NA
2022-10-04 18:00:00,NA,NA,55.00,27.27,81.68,NA,NA,1.37,55.05,NA,NA,NA,NA,NA,NA,NA,NA,NA,NA,NA,0.00,NA,NA,NA
2022-10-04 19:00:00,NA,NA,NA,NA,NA,NA,NA,NA,NA,NA,NA,NA,NA,NA,NA,NA,NA,NA,NA,NA,0.00,NA,NA,NA
2022-10-04 20:00:00,NA,NA,NA,156.76,128.85,NA,NA,2.07,9.30,NA,NA,NA,NA,NA,NA,NA,NA,NA,NA,NA,0.00,NA,NA,NA
2022-10-04 21:00:00,NA,NA,9.18,28.83,38.07,NA,NA,1.75,23.68,NA,NA,NA,NA,NA,NA,NA,NA,NA,NA,NA,0.00,NA,NA,NA
2022-10-04 22:00:00,NA,19.00,3.71,23.33,27.04,NA,NA,1.64,32.12,NA,NA,NA,NA,NA,NA,NA,NA,NA,NA,NA,0.00,NA,NA,NA
2022-10-04 23:00:00,NA,45.76,3.69,21.65,25.34,NA,NA,1.59,20.93,NA,NA,NA,NA,NA,NA,NA,NA,NA,NA,NA,0.00,NA,NA,NA
2022-10-05 00:00:00,15.50,62.36,4.08,21.74,25.82,NA,NA,1.65,18.77,NA,NA,NA,NA,NA,NA,NA,NA,NA,NA,NA,0.00,NA,NA,NA
2022-10-05 01:00:00,22.21,72.65,5.07,23.19,28.25,NA,NA,1.73,16.91,NA,NA,NA,NA,NA,NA,NA,NA,NA,NA,NA,0.00,NA,NA,NA
2022-10-05 02:00:00,29.27,84.64,8.02,25.50,33.51,NA,NA,1.82,17.83,NA,NA,NA,NA,NA,NA,NA,NA,NA,NA,NA,0.00,NA,NA,NA
2022-10-05 03:00:00,25.31,56.43,219.70,68.91,137.03,NA,NA,2.13,27.18,NA,NA,NA,NA,NA,NA,NA,NA,NA,NA,NA,0.00,NA,NA,NA
2022-10-05 04:00:00,NA,NA,11.70,28.59,40.31,NA,NA,1.91,21.46,NA,NA,NA,NA,NA,NA,NA,NA,NA,NA,NA,0.00,NA,NA,NA
2022-10-05 05:00:00,NA,NA,8.33,22.68,31.02,NA,NA,1.74,20.02,NA,NA,NA,NA,NA,NA,NA,NA,NA,NA,NA,0.00,NA,NA,NA
2022-10-05 06:00:00,11.08,16.33,7.02,21.00,28.02,NA,NA,1.65,20.66,NA,NA,NA,NA,NA,NA,NA,NA,NA,NA,NA,0.00,NA,NA,NA
2022-10-05 07:00:00,7.92,41.81,11.31,22.34,33.63,NA,NA,1.67,23.22,NA,NA,NA,NA,NA,NA,NA,NA,NA,NA,NA,0.00,NA,NA,NA
2022-10-05 08:00:00,44.63,99.83,11.64,29.50,41.15,NA,NA,1.76,27.06,NA,NA,NA,NA,NA,NA,NA,NA,NA,NA,NA,0.00,NA,NA,NA
2022-10-05 09:00:00,78.74,144.66,7.23,23.86,31.09,NA,NA,1.61,65.38,NA,NA,NA,NA,NA,NA,NA,NA,NA,NA,NA,0.00,NA,NA,NA
2022-10-05 10:00:00,94.66,163.55,7.35,21.99,29.34,NA,NA,1.59,100.44,NA,NA,NA,NA,NA,NA,NA,NA,NA,NA,NA,0.00,NA,NA,NA
2022-10-05 11:00:00,94.96,164.63,7.70,19.85,27.55,NA,NA,1.48,116.67,NA,NA,NA,NA,NA,NA,NA,NA,NA,NA,NA,0.00,NA,NA,NA
2022-10-05 12:00:00,86.70,137.49,7.56,17.99,25.55,NA,NA,1.36,118.91,NA,NA,NA,NA,NA,NA,NA,NA,NA,NA,NA,0.00,NA,NA,NA
2022-10-05 13:00:00,107.42,150.37,6.11,20.52,26.64,NA,NA,1.48,157.15,NA,NA,NA,NA,NA,NA,NA,NA,NA,NA,NA,0.00,NA,NA,NA
2022-10-05 14:00:00,67.27,112.52,140.28,46.63,85.02,NA,NA,1.19,69.88,NA,NA,NA,NA,NA,NA,NA,NA,NA,NA,NA,0.00,NA,NA,NA
2022-10-05 15:00:00,NA,NA,7.14,17.20,24.34,NA,NA,1.27,75.93,NA,NA,NA,NA,NA,NA,NA,NA,NA,NA,NA,0.00,NA,NA,NA
2022-10-05 16:00:00,NA,NA,NA,NA,NA,NA,NA,NA,NA,NA,NA,NA,NA,NA,NA,NA,NA,NA,NA,NA,0.00,NA,NA,NA
2022-10-05 17:00:00,NA,NA,NA,NA,NA,NA,NA,NA,NA,NA,NA,NA,NA,NA,NA,NA,NA,NA,NA,NA,0.00,NA,NA,NA
2022-10-05 18:00:00,NA,NA,NA,NA,NA,NA,NA,NA,NA,NA,NA,NA,NA,NA,NA,NA,NA,NA,NA,NA,0.00,NA,NA,NA
2022-10-05 19:00:00,NA,NA,NA,NA,NA,NA,NA,NA,NA,NA,NA,NA,NA,NA,NA,NA,NA,NA,NA,NA,0.00,NA,NA,NA
2022-10-05 20:00:00,NA,NA,NA,NA,NA,NA,NA,NA,NA,NA,NA,NA,NA,NA,NA,NA,NA,NA,NA,NA,0.00,NA,NA,NA
2022-10-05 21:00:00,NA,NA,NA,NA,NA,NA,NA,NA,NA,NA,NA,NA,NA,NA,NA,NA,NA,NA,NA,NA,0.00,NA,NA,NA
2022-10-05 22:00:00,NA,NA,NA,NA,NA,NA,NA,NA,NA,NA,NA,NA,NA,NA,NA,NA,NA,NA,NA,NA,0.00,NA,NA,NA
2022-10-05 23:00:00,NA,NA,NA,NA,NA,NA,NA,NA,NA,NA,NA,NA,NA,NA,NA,NA,NA,NA,NA,NA,0.00,NA,NA,NA
2022-10-06 00:00:00,NA,NA,NA,NA,NA,NA,NA,NA,NA,NA,NA,NA,NA,NA,NA,NA,NA,NA,NA,NA,0.00,NA,NA,NA
2022-10-06 01:00:00,NA,NA,NA,NA,NA,NA,NA,NA,NA,NA,NA,NA,NA,NA,NA,NA,NA,NA,NA,NA,0.00,NA,NA,NA
2022-10-06 02:00:00,NA,NA,NA,NA,NA,NA,NA,NA,NA,NA,NA,NA,NA,NA,NA,NA,NA,NA,NA,NA,0.00,NA,NA,NA
2022-10-06 03:00:00,NA,NA,NA,NA,NA,NA,NA,NA,NA,NA,NA,NA,NA,NA,NA,NA,NA,NA,NA,NA,0.00,NA,NA,NA
2022-10-06 04:00:00,NA,NA,NA,NA,NA,NA,NA,NA,NA,NA,NA,NA,NA,NA,NA,NA,NA,NA,NA,NA,0.00,NA,NA,NA
2022-10-06 05:00:00,NA,NA,NA,NA,NA,NA,NA,NA,NA,NA,NA,NA,NA,NA,NA,NA,NA,NA,NA,NA,0.00,NA,NA,NA
2022-10-06 06:00:00,NA,NA,NA,NA,NA,NA,NA,NA,NA,NA,NA,NA,NA,NA,NA,NA,NA,NA,NA,NA,0.00,NA,NA,NA
2022-10-06 07:00:00,NA,NA,NA,NA,NA,NA,NA,NA,NA,NA,NA,NA,NA,NA,NA,NA,NA,NA,NA,NA,0.00,NA,NA,NA
2022-10-06 08:00:00,NA,NA,NA,NA,NA,NA,NA,NA,NA,NA,NA,NA,NA,NA,NA,NA,NA,NA,NA,NA,0.00,NA,NA,NA
2022-10-06 09:00:00,NA,NA,NA,NA,NA,NA,NA,NA,NA,NA,NA,NA,NA,NA,NA,NA,NA,NA,NA,NA,0.00,NA,NA,NA
2022-10-06 10:00:00,NA,NA,NA,NA,NA,NA,NA,NA,NA,NA,NA,NA,NA,NA,NA,NA,NA,NA,NA,NA,0.00,NA,NA,NA
2022-10-06 11:00:00,NA,NA,113.78,40.34,154.37,NA,NA,1.51,32.43,NA,NA,NA,NA,NA,NA,NA,NA,NA,NA,NA,0.00,NA,NA,NA
2022-10-06 12:00:00,NA,5.46,8.86,15.71,24.55,NA,NA,1.36,39.59,NA,NA,NA,NA,NA,NA,NA,NA,NA,NA,NA,0.00,NA,NA,NA
2022-10-06 13:00:00,NA,7.42,43.61,22.64,65.98,NA,NA,1.24,40.68,NA,NA,NA,NA,NA,NA,NA,NA,NA,NA,NA,0.00,NA,NA,NA
2022-10-06 14:00:00,NA,NA,24.35,18.57,43.21,NA,NA,1.13,43.97,NA,NA,NA,NA,NA,NA,NA,NA,NA,NA,NA,0.00,NA,NA,NA
2022-10-06 15:00:00,5.86,5.03,19.75,17.65,37.44,NA,NA,0.94,41.36,NA,NA,NA,NA,NA,NA,NA,NA,NA,NA,NA,0.00,NA,NA,NA
2022-10-06 16:00:00,0.67,NA,272.83,77.36,59.29,NA,NA,1.14,41.62,NA,NA,NA,NA,NA,NA,NA,NA,NA,NA,NA,0.00,NA,NA,NA
2022-10-06 17:00:00,NA,NA,NA,NA,NA,NA,NA,NA,NA,NA,NA,NA,NA,NA,NA,NA,NA,NA,NA,NA,0.00,NA,NA,NA
2022-10-06 18:00:00,NA,NA,NA,NA,NA,NA,NA,NA,NA,NA,NA,NA,NA,NA,NA,NA,NA,NA,NA,NA,0.00,NA,NA,NA
2022-10-06 19:00:00,NA,NA,NA,NA,NA,NA,NA,NA,NA,NA,NA,NA,NA,NA,NA,NA,NA,NA,NA,NA,0.00,NA,NA,NA
2022-10-06 20:00:00,NA,NA,NA,NA,NA,NA,NA,NA,NA,NA,NA,NA,NA,NA,NA,NA,NA,NA,NA,NA,0.00,NA,NA,NA
2022-10-06 21:00:00,NA,NA,NA,NA,NA,NA,NA,NA,NA,NA,NA,NA,NA,NA,NA,NA,NA,NA,NA,NA,0.00,NA,NA,NA
2022-10-06 22:00:00,NA,NA,NA,NA,NA,NA,NA,NA,NA,NA,NA,NA,NA,NA,NA,NA,NA,NA,NA,NA,0.00,NA,NA,NA
2022-10-06 23:00:00,NA,NA,NA,NA,NA,NA,NA,NA,NA,NA,NA,NA,NA,NA,NA,NA,NA,NA,NA,NA,0.00,NA,NA,NA
2022-10-07 00:00:00,NA,NA,NA,NA,NA,NA,NA,NA,NA,NA,NA,NA,NA,NA,NA,NA,NA,NA,NA,NA,0.00,NA,NA,NA
2022-10-07 01:00:00,NA,NA,NA,NA,NA,NA,NA,NA,NA,NA,NA,NA,NA,NA,NA,NA,NA,NA,NA,NA,0.00,NA,NA,NA
2022-10-07 02:00:00,NA,NA,NA,NA,NA,NA,NA,NA,NA,NA,NA,NA,NA,NA,NA,NA,NA,NA,NA,NA,0.00,NA,NA,NA
2022-10-07 03:00:00,NA,NA,NA,NA,NA,NA,NA,NA,NA,NA,NA,NA,NA,NA,NA,NA,NA,NA,NA,NA,0.00,NA,NA,NA
2022-10-07 04:00:00,NA,NA,NA,NA,NA,NA,NA,NA,NA,NA,NA,NA,NA,NA,NA,NA,NA,NA,NA,NA,0.00,NA,NA,NA
2022-10-07 05:00:00,NA,NA,NA,NA,NA,NA,NA,NA,NA,NA,NA,NA,NA,NA,NA,NA,NA,NA,NA,NA,0.00,NA,NA,NA
2022-10-07 06:00:00,NA,NA,NA,NA,NA,NA,NA,NA,NA,NA,NA,NA,NA,NA,NA,NA,NA,NA,NA,NA,0.00,NA,NA,NA
2022-10-07 07:00:00,NA,NA,NA,NA,NA,NA,NA,NA,NA,NA,NA,NA,NA,NA,NA,NA,NA,NA,NA,NA,0.00,NA,NA,NA
2022-10-07 08:00:00,NA,NA,NA,NA,NA,NA,NA,NA,NA,NA,NA,NA,NA,NA,NA,NA,NA,NA,NA,NA,0.00,NA,NA,NA
2022-10-07 09:00:00,NA,NA,NA,NA,NA,NA,NA,NA,NA,NA,NA,NA,NA,NA,NA,NA,NA,NA,NA,NA,0.00,NA,NA,NA
2022-10-07 10:00:00,NA,NA,NA,NA,NA,NA,NA,NA,NA,NA,NA,NA,NA,NA,NA,NA,NA,NA,NA,NA,0.00,NA,NA,NA
2022-10-07 11:00:00,NA,NA,NA,NA,NA,NA,NA,NA,NA,NA,NA,NA,NA,NA,NA,NA,NA,NA,NA,NA,0.00,NA,NA,NA
2022-10-07 12:00:00,NA,NA,NA,NA,NA,NA,NA,NA,NA,NA,NA,NA,NA,NA,NA,NA,NA,NA,NA,NA,0.00,NA,NA,NA
2022-10-07 13:00:00,NA,NA,NA,NA,NA,NA,NA,NA,NA,NA,NA,NA,NA,NA,NA,NA,NA,NA,NA,NA,0.00,NA,NA,NA
2022-10-07 14:00:00,NA,NA,NA,NA,NA,NA,NA,NA,NA,NA,NA,NA,NA,NA,NA,NA,NA,NA,NA,NA,0.00,NA,NA,NA
2022-10-07 15:00:00,NA,NA,19.29,16.83,36.32,NA,NA,2.07,8.66,NA,NA,NA,NA,NA,NA,NA,NA,NA,NA,NA,0.00,NA,NA,NA
2022-10-07 16:00:00,NA,NA,5.67,19.85,25.53,NA,NA,1.80,17.26,NA,NA,NA,NA,NA,NA,NA,NA,NA,NA,NA,0.00,NA,NA,NA
2022-10-07 17:00:00,NA,NA,3.67,21.05,24.72,NA,NA,1.71,17.18,NA,NA,NA,NA,NA,NA,NA,NA,NA,NA,NA,0.00,NA,NA,NA
2022-10-07 18:00:00,NA,4.86,3.11,18.14,21.25,NA,NA,1.53,18.91,NA,NA,NA,NA,NA,NA,NA,NA,NA,NA,NA,0.00,NA,NA,NA
2022-10-07 19:00:00,6.80,6.95,3.07,16.54,19.62,NA,NA,1.45,21.22,NA,NA,NA,NA,NA,NA,NA,NA,NA,NA,NA,0.00,NA,NA,NA
2022-10-07 20:00:00,NA,NA,2.91,15.75,18.66,NA,NA,1.40,18.48,NA,NA,NA,NA,NA,NA,NA,NA,NA,NA,NA,0.00,NA,NA,NA
2022-10-07 21:00:00,NA,6.54,2.91,15.77,18.68,NA,NA,1.37,17.11,NA,NA,NA,NA,NA,NA,NA,NA,NA,NA,NA,0.00,NA,NA,NA
2022-10-07 22:00:00,NA,1.34,67.49,30.47,98.19,NA,NA,1.34,13.08,NA,NA,NA,NA,NA,NA,NA,NA,NA,NA,NA,0.00,NA,NA,NA
2022-10-07 23:00:00,NA,NA,11.32,18.10,29.52,NA,NA,1.35,18.27,NA,NA,NA,NA,NA,NA,NA,NA,NA,NA,NA,0.00,NA,NA,NA
2022-10-08 00:00:00,NA,NA,3.16,15.83,18.99,NA,NA,1.33,18.96,NA,NA,NA,NA,NA,NA,NA,NA,NA,NA,NA,0.00,NA,NA,NA
2022-10-08 01:00:00,NA,NA,2.94,15.26,18.20,NA,NA,1.29,19.95,NA,NA,NA,NA,NA,NA,NA,NA,NA,NA,NA,0.00,NA,NA,NA
2022-10-08 02:00:00,NA,NA,3.15,15.32,18.46,NA,NA,1.29,19.57,NA,NA,NA,NA,NA,NA,NA,NA,NA,NA,NA,0.00,NA,NA,NA
2022-10-08 03:00:00,NA,NA,3.19,15.70,18.89,NA,NA,1.34,18.43,NA,NA,NA,NA,NA,NA,NA,NA,NA,NA,NA,0.00,NA,NA,NA
2022-10-08 04:00:00,NA,NA,NA,NA,NA,NA,NA,NA,NA,NA,NA,NA,NA,NA,NA,NA,NA,NA,NA,NA,0.00,NA,NA,NA
2022-10-08 05:00:00,NA,NA,NA,NA,NA,NA,NA,NA,NA,NA,NA,NA,NA,NA,NA,NA,NA,NA,NA,NA,0.00,NA,NA,NA
2022-10-08 06:00:00,NA,NA,NA,158.75,179.55,NA,NA,1.91,17.89,NA,NA,NA,NA,NA,NA,NA,NA,NA,NA,NA,0.00,NA,NA,NA
2022-10-08 07:00:00,NA,NA,289.14,78.98,191.63,NA,NA,1.61,26.80,NA,NA,NA,NA,NA,NA,NA,NA,NA,NA,NA,0.00,NA,NA,NA
2022-10-08 08:00:00,NA,NA,5.00,15.05,20.04,NA,NA,1.41,27.65,NA,NA,NA,NA,NA,NA,NA,NA,NA,NA,NA,0.00,NA,NA,NA
2022-10-08 09:00:00,NA,NA,3.90,14.73,18.63,NA,NA,1.41,27.45,NA,NA,NA,NA,NA,NA,NA,NA,NA,NA,NA,0.00,NA,NA,NA
2022-10-08 10:00:00,NA,NA,21.65,18.28,39.85,NA,NA,1.29,34.60,NA,NA,NA,NA,NA,NA,NA,NA,NA,NA,NA,0.00,NA,NA,NA
2022-10-08 11:00:00,NA,NA,4.65,15.05,19.69,NA,NA,1.41,26.43,NA,NA,NA,NA,NA,NA,NA,NA,NA,NA,NA,0.00,NA,NA,NA
2022-10-08 12:00:00,NA,NA,4.22,14.89,19.11,NA,NA,1.41,27.29,NA,NA,NA,NA,NA,NA,NA,NA,NA,NA,NA,0.00,NA,NA,NA
2022-10-08 13:00:00,NA,NA,4.22,15.16,19.37,NA,NA,1.41,27.99,NA,NA,NA,NA,NA,NA,NA,NA,NA,NA,NA,0.00,NA,NA,NA
2022-10-08 14:00:00,NA,NA,3.78,15.14,18.92,NA,NA,1.40,28.18,NA,NA,NA,NA,NA,NA,NA,NA,NA,NA,NA,0.00,NA,NA,NA
2022-10-08 15:00:00,NA,NA,4.17,15.67,19.84,NA,NA,1.37,26.57,NA,NA,NA,NA,NA,NA,NA,NA,NA,NA,NA,0.00,NA,NA,NA
2022-10-08 16:00:00,NA,NA,8.05,16.63,24.68,NA,NA,1.39,27.70,NA,NA,NA,NA,NA,NA,NA,NA,NA,NA,NA,0.00,NA,NA,NA
2022-10-08 17:00:00,NA,NA,NA,NA,NA,NA,NA,NA,NA,NA,NA,NA,NA,NA,NA,NA,NA,NA,NA,NA,0.00,NA,NA,NA
2022-10-08 18:00:00,NA,NA,NA,NA,NA,NA,NA,NA,NA,NA,NA,NA,NA,NA,NA,NA,NA,NA,NA,NA,0.00,NA,NA,NA
2022-10-08 19:00:00,NA,NA,NA,NA,NA,NA,NA,NA,NA,NA,NA,NA,NA,NA,NA,NA,NA,NA,NA,NA,0.00,NA,NA,NA
2022-10-08 20:00:00,NA,NA,NA,NA,NA,NA,NA,NA,NA,NA,NA,NA,NA,NA,NA,NA,NA,NA,NA,NA,0.00,NA,NA,NA
2022-10-08 21:00:00,NA,NA,NA,NA,NA,NA,NA,NA,NA,NA,NA,NA,NA,NA,NA,NA,NA,NA,NA,NA,0.00,NA,NA,NA
2022-10-08 22:00:00,NA,NA,NA,NA,NA,NA,NA,NA,NA,NA,NA,NA,NA,NA,NA,NA,NA,NA,NA,NA,0.00,NA,NA,NA
2022-10-08 23:00:00,NA,NA,NA,NA,NA,NA,NA,NA,NA,NA,NA,NA,NA,NA,NA,NA,NA,NA,NA,NA,0.00,NA,NA,NA
2022-10-09 00:00:00,NA,NA,NA,NA,NA,NA,NA,NA,NA,NA,NA,NA,NA,NA,NA,NA,NA,NA,NA,NA,0.00,NA,NA,NA
2022-10-09 01:00:00,NA,NA,NA,NA,NA,NA,NA,NA,NA,NA,NA,NA,NA,NA,NA,NA,NA,NA,NA,NA,0.00,NA,NA,NA
2022-10-09 02:00:00,NA,NA,NA,NA,NA,NA,NA,NA,NA,NA,NA,NA,NA,NA,NA,NA,NA,NA,NA,NA,0.00,NA,NA,NA
2022-10-09 03:00:00,NA,NA,NA,NA,NA,NA,NA,NA,NA,NA,NA,NA,NA,NA,NA,NA,NA,NA,NA,NA,0.00,NA,NA,NA
2022-10-09 04:00:00,NA,NA,NA,NA,NA,NA,NA,NA,NA,NA,NA,NA,NA,NA,NA,NA,NA,NA,NA,NA,0.00,NA,NA,NA
2022-10-09 05:00:00,NA,NA,NA,NA,NA,NA,NA,NA,NA,NA,NA,NA,NA,NA,NA,NA,NA,NA,NA,NA,0.00,NA,NA,NA
2022-10-09 06:00:00,NA,NA,NA,NA,NA,NA,NA,NA,NA,NA,NA,NA,NA,NA,NA,NA,NA,NA,NA,NA,0.00,NA,NA,NA
2022-10-09 07:00:00,NA,NA,NA,NA,NA,NA,NA,NA,NA,NA,NA,NA,NA,NA,NA,NA,NA,NA,NA,NA,0.00,NA,NA,NA
2022-10-09 08:00:00,NA,NA,NA,NA,NA,NA,NA,NA,NA,NA,NA,NA,NA,NA,NA,NA,NA,NA,NA,NA,0.00,NA,NA,NA
2022-10-09 09:00:00,NA,NA,NA,NA,NA,NA,NA,NA,NA,NA,NA,NA,NA,NA,NA,NA,NA,NA,NA,NA,0.00,NA,NA,NA
2022-10-09 10:00:00,NA,NA,NA,NA,NA,NA,NA,NA,NA,NA,NA,NA,NA,NA,NA,NA,NA,NA,NA,NA,0.00,NA,NA,NA
2022-10-09 11:00:00,NA,NA,NA,NA,NA,NA,NA,NA,NA,NA,NA,NA,NA,NA,NA,NA,NA,NA,NA,NA,0.00,NA,NA,NA
2022-10-09 12:00:00,NA,NA,NA,NA,NA,NA,NA,NA,NA,NA,NA,NA,NA,NA,NA,NA,NA,NA,NA,NA,0.00,NA,NA,NA
2022-10-09 13:00:00,NA,NA,NA,NA,NA,NA,NA,NA,NA,NA,NA,NA,NA,NA,NA,NA,NA,NA,NA,NA,0.00,NA,NA,NA
2022-10-09 14:00:00,NA,NA,NA,NA,NA,NA,NA,NA,NA,NA,NA,NA,NA,NA,NA,NA,NA,NA,NA,NA,0.00,NA,NA,NA
2022-10-09 15:00:00,NA,NA,NA,NA,NA,NA,NA,NA,NA,NA,NA,NA,NA,NA,NA,NA,NA,NA,NA,NA,0.00,NA,NA,NA
2022-10-09 16:00:00,NA,NA,NA,NA,NA,NA,NA,NA,NA,NA,NA,NA,NA,NA,NA,NA,NA,NA,NA,NA,0.00,NA,NA,NA
2022-10-09 17:00:00,NA,NA,NA,NA,NA,NA,NA,NA,NA,NA,NA,NA,NA,NA,NA,NA,NA,NA,NA,NA,0.00,NA,NA,NA
2022-10-09 18:00:00,NA,NA,NA,NA,NA,NA,NA,NA,NA,NA,NA,NA,NA,NA,NA,NA,NA,NA,NA,NA,0.00,NA,NA,NA
2022-10-09 19:00:00,NA,NA,NA,NA,NA,NA,NA,NA,NA,NA,NA,NA,NA,NA,NA,NA,NA,NA,NA,NA,0.00,NA,NA,NA
2022-10-09 20:00:00,NA,NA,NA,NA,NA,NA,NA,NA,NA,NA,NA,NA,NA,NA,NA,NA,NA,NA,NA,NA,0.00,NA,NA,NA
2022-10-09 21:00:00,NA,NA,NA,NA,NA,NA,NA,NA,NA,NA,NA,NA,NA,NA,NA,NA,NA,NA,NA,NA,0.00,NA,NA,NA
2022-10-09 22:00:00,NA,NA,NA,NA,NA,NA,NA,NA,NA,NA,NA,NA,NA,NA,NA,NA,NA,NA,NA,NA,0.00,NA,NA,NA
2022-10-09 23:00:00,NA,NA,NA,NA,NA,NA,NA,NA,NA,NA,NA,NA,NA,NA,NA,NA,NA,NA,NA,NA,0.00,NA,NA,NA
2022-10-10 00:00:00,NA,NA,NA,NA,NA,NA,NA,NA,NA,NA,NA,NA,NA,NA,NA,NA,NA,NA,NA,NA,0.00,NA,NA,NA
2022-10-10 01:00:00,NA,NA,NA,NA,NA,NA,NA,NA,NA,NA,NA,NA,NA,NA,NA,NA,NA,NA,NA,NA,0.00,NA,NA,NA
2022-10-10 02:00:00,NA,NA,NA,NA,NA,NA,NA,NA,NA,NA,NA,NA,NA,NA,NA,NA,NA,NA,NA,NA,0.00,NA,NA,NA
2022-10-10 03:00:00,NA,NA,NA,NA,NA,NA,NA,NA,NA,NA,NA,NA,NA,NA,NA,NA,NA,NA,NA,NA,0.00,NA,NA,NA
2022-10-10 04:00:00,NA,NA,NA,NA,NA,NA,NA,NA,NA,NA,NA,NA,NA,NA,NA,NA,NA,NA,NA,NA,0.00,NA,NA,NA
2022-10-10 05:00:00,NA,NA,NA,NA,NA,NA,NA,NA,NA,NA,NA,NA,NA,NA,NA,NA,NA,NA,NA,NA,0.00,NA,NA,NA
2022-10-10 06:00:00,NA,NA,NA,NA,NA,NA,NA,NA,NA,NA,NA,NA,NA,NA,NA,NA,NA,NA,NA,NA,0.00,NA,NA,NA
2022-10-10 07:00:00,NA,NA,NA,NA,NA,NA,NA,NA,NA,NA,NA,NA,NA,NA,NA,NA,NA,NA,NA,NA,0.00,NA,NA,NA
2022-10-10 08:00:00,NA,NA,NA,NA,NA,NA,NA,NA,NA,NA,NA,NA,NA,NA,NA,NA,NA,NA,NA,NA,0.00,NA,NA,NA
2022-10-10 09:00:00,NA,NA,NA,NA,NA,NA,NA,NA,NA,NA,NA,NA,NA,NA,NA,NA,NA,NA,NA,NA,0.00,NA,NA,NA
2022-10-10 10:00:00,NA,NA,NA,NA,NA,NA,NA,NA,NA,NA,NA,NA,NA,NA,NA,NA,NA,NA,NA,NA,0.00,NA,NA,NA
2022-10-10 11:00:00,NA,NA,NA,NA,NA,NA,NA,NA,NA,NA,NA,NA,NA,NA,NA,NA,NA,NA,NA,NA,0.00,NA,NA,NA
2022-10-10 12:00:00,NA,NA,NA,NA,NA,NA,NA,NA,NA,NA,NA,NA,NA,NA,NA,NA,NA,NA,NA,NA,0.00,NA,NA,NA
2022-10-10 13:00:00,NA,NA,NA,NA,NA,NA,NA,NA,NA,NA,NA,NA,NA,NA,NA,NA,NA,NA,NA,NA,0.00,NA,NA,NA
2022-10-10 14:00:00,NA,NA,NA,NA,NA,NA,NA,NA,NA,NA,NA,NA,NA,NA,NA,NA,NA,NA,NA,NA,0.00,NA,NA,NA
2022-10-10 15:00:00,NA,NA,NA,NA,NA,NA,NA,NA,NA,NA,NA,NA,NA,NA,NA,NA,NA,NA,NA,NA,0.00,NA,NA,NA
2022-10-10 16:00:00,NA,NA,NA,NA,NA,NA,NA,NA,NA,NA,NA,NA,NA,NA,NA,NA,NA,NA,NA,NA,0.00,NA,NA,NA
2022-10-10 17:00:00,NA,NA,239.89,70.64,205.40,NA,NA,2.31,12.55,NA,NA,NA,NA,NA,NA,NA,NA,NA,NA,NA,0.00,NA,NA,NA
2022-10-10 18:00:00,NA,NA,6.97,23.98,30.95,NA,NA,1.94,9.51,NA,NA,NA,NA,NA,NA,NA,NA,NA,NA,NA,0.00,NA,NA,NA
2022-10-10 19:00:00,NA,NA,4.54,20.45,25.00,NA,NA,1.48,13.00,NA,NA,NA,NA,NA,NA,NA,NA,NA,NA,NA,0.00,NA,NA,NA
2022-10-10 20:00:00,NA,NA,4.19,15.90,20.08,NA,NA,1.18,15.72,NA,NA,NA,NA,NA,NA,NA,NA,NA,NA,NA,0.00,NA,NA,NA
2022-10-10 21:00:00,NA,NA,4.20,16.19,20.39,NA,NA,1.16,13.73,NA,NA,NA,NA,NA,NA,NA,NA,NA,NA,NA,0.00,NA,NA,NA
2022-10-10 22:00:00,NA,NA,444.73,116.50,291.18,NA,NA,1.81,5.97,NA,NA,NA,NA,NA,NA,NA,NA,NA,NA,NA,0.00,NA,NA,NA
2022-10-10 23:00:00,NA,NA,8.78,17.88,26.70,NA,NA,1.60,11.01,NA,NA,NA,NA,NA,NA,NA,NA,NA,NA,NA,0.00,NA,NA,NA
2022-10-11 00:00:00,NA,NA,4.72,17.62,22.34,NA,NA,1.58,12.01,NA,NA,NA,NA,NA,NA,NA,NA,NA,NA,NA,0.00,NA,NA,NA
2022-10-11 01:00:00,NA,NA,4.28,16.10,20.38,NA,NA,1.46,14.72,NA,NA,NA,NA,NA,NA,NA,NA,NA,NA,NA,0.00,NA,NA,NA
2022-10-11 02:00:00,NA,NA,4.10,14.59,18.69,NA,NA,1.41,20.51,NA,NA,NA,NA,NA,NA,NA,NA,NA,NA,NA,0.00,NA,NA,NA
2022-10-11 03:00:00,NA,NA,3.77,14.31,18.08,NA,NA,1.39,18.49,NA,NA,NA,NA,NA,NA,NA,NA,NA,NA,NA,0.00,NA,NA,NA
2022-10-11 04:00:00,NA,5.46,3.53,15.37,18.89,NA,NA,1.41,17.44,NA,NA,NA,NA,NA,NA,NA,NA,NA,NA,NA,0.00,NA,NA,NA
2022-10-11 05:00:00,9.53,10.14,3.51,16.50,20.01,NA,NA,1.45,17.86,NA,NA,NA,NA,NA,NA,NA,NA,NA,NA,NA,0.00,NA,NA,NA
2022-10-11 06:00:00,6.17,9.75,3.61,15.98,19.59,NA,NA,1.45,16.12,NA,NA,NA,NA,NA,NA,NA,NA,NA,NA,NA,0.00,NA,NA,NA
2022-10-11 07:00:00,14.83,33.36,3.68,16.18,19.85,NA,NA,1.46,15.63,NA,NA,NA,NA,NA,NA,NA,NA,NA,NA,NA,0.00,NA,NA,NA
2022-10-11 08:00:00,1.93,26.89,343.98,94.34,87.96,NA,NA,1.68,16.54,NA,NA,NA,NA,NA,NA,NA,NA,NA,NA,NA,0.00,NA,NA,NA
2022-10-11 09:00:00,NA,NA,6.33,15.14,21.49,NA,NA,1.50,24.86,NA,NA,NA,NA,NA,NA,NA,NA,NA,NA,NA,0.00,NA,NA,NA
2022-10-11 10:00:00,NA,NA,5.30,14.45,19.74,NA,NA,1.45,30.74,NA,NA,NA,NA,NA,NA,NA,NA,NA,NA,NA,0.00,NA,NA,NA
2022-10-11 11:00:00,NA,NA,6.60,15.48,22.07,NA,NA,1.46,41.84,NA,NA,NA,NA,NA,NA,NA,NA,NA,NA,NA,0.00,NA,NA,NA
2022-10-11 12:00:00,NA,NA,7.35,16.40,23.75,NA,NA,1.49,64.12,NA,NA,NA,NA,NA,NA,NA,NA,NA,NA,NA,0.00,NA,NA,NA
2022-10-11 13:00:00,NA,20.00,5.89,16.60,22.49,NA,NA,1.56,77.35,NA,NA,NA,NA,NA,NA,NA,NA,NA,NA,NA,0.00,NA,NA,NA
2022-10-11 14:00:00,3.12,11.60,4.48,16.75,21.23,NA,NA,1.63,82.10,NA,NA,NA,NA,NA,NA,NA,NA,NA,NA,NA,0.00,NA,NA,NA
2022-10-11 15:00:00,18.18,17.45,4.68,16.16,20.84,NA,NA,1.57,70.71,NA,NA,NA,NA,NA,NA,NA,NA,NA,NA,NA,0.00,NA,NA,NA
2022-10-11 16:00:00,3.65,25.68,4.11,15.35,19.46,NA,NA,1.51,62.03,NA,NA,NA,NA,NA,NA,NA,NA,NA,NA,NA,0.00,NA,NA,NA
2022-10-11 17:00:00,8.08,29.95,2.81,14.82,17.63,NA,NA,1.51,39.98,NA,NA,NA,NA,NA,NA,NA,NA,NA,NA,NA,0.00,NA,NA,NA
2022-10-11 18:00:00,13.57,34.41,2.72,15.95,18.67,NA,NA,1.55,20.34,NA,NA,NA,NA,NA,NA,NA,NA,NA,NA,NA,0.00,NA,NA,NA
2022-10-11 19:00:00,13.78,35.50,2.66,16.41,19.06,NA,NA,1.59,16.58,NA,NA,NA,NA,NA,NA,NA,NA,NA,NA,NA,0.00,NA,NA,NA
2022-10-11 20:00:00,23.94,53.08,3.10,19.11,22.22,NA,NA,1.81,14.44,NA,NA,NA,NA,NA,NA,NA,NA,NA,NA,NA,0.00,NA,NA,NA
2022-10-11 21:00:00,28.90,59.00,2.72,17.97,20.69,NA,NA,1.81,13.97,NA,NA,NA,NA,NA,NA,NA,NA,NA,NA,NA,0.00,NA,NA,NA
2022-10-11 22:00:00,22.55,51.87,5.23,17.68,22.89,NA,NA,1.83,12.29,NA,NA,NA,NA,NA,NA,NA,NA,NA,NA,NA,0.00,NA,NA,NA
2022-10-11 23:00:00,35.06,67.21,18.57,23.32,41.89,NA,NA,2.14,12.80,NA,NA,NA,NA,NA,NA,NA,NA,NA,NA,NA,0.00,NA,NA,NA
2022-10-12 00:00:00,38.77,81.59,18.54,24.84,43.39,NA,NA,2.15,13.40,NA,NA,NA,NA,NA,NA,NA,NA,NA,NA,NA,0.00,NA,NA,NA
2022-10-12 01:00:00,41.37,88.70,9.94,24.47,34.41,NA,NA,2.02,13.35,NA,NA,NA,NA,NA,NA,NA,NA,NA,NA,NA,0.00,NA,NA,NA
2022-10-12 02:00:00,39.55,96.43,12.23,22.92,35.15,NA,NA,1.93,12.65,NA,NA,NA,NA,NA,NA,NA,NA,NA,NA,NA,0.00,NA,NA,NA
2022-10-12 03:00:00,34.54,78.51,9.37,21.63,31.01,NA,NA,1.81,12.42,NA,NA,NA,NA,NA,NA,NA,NA,NA,NA,NA,0.00,NA,NA,NA
2022-10-12 04:00:00,34.46,62.44,10.98,20.35,31.32,NA,NA,1.75,12.45,NA,NA,NA,NA,NA,NA,NA,NA,NA,NA,NA,0.00,NA,NA,NA
2022-10-12 05:00:00,36.48,67.92,12.86,20.60,33.46,NA,NA,1.73,12.55,NA,NA,NA,NA,NA,NA,NA,NA,NA,NA,NA,0.00,NA,NA,NA
2022-10-12 06:00:00,30.89,51.71,15.07,21.91,36.98,NA,NA,1.75,14.24,NA,NA,NA,NA,NA,NA,NA,NA,NA,NA,NA,0.00,NA,NA,NA
2022-10-12 07:00:00,34.26,59.76,5.56,21.60,27.16,NA,NA,1.67,18.01,NA,NA,NA,NA,NA,NA,NA,NA,NA,NA,NA,0.00,NA,NA,NA
2022-10-12 08:00:00,40.81,68.52,4.95,19.97,24.92,NA,NA,1.63,24.84,NA,NA,NA,NA,NA,NA,NA,NA,NA,NA,NA,0.00,NA,NA,NA
2022-10-12 09:00:00,58.01,91.21,5.86,20.59,26.45,NA,NA,1.66,41.52,NA,NA,NA,NA,NA,NA,NA,NA,NA,NA,NA,0.00,NA,NA,NA
2022-10-12 10:00:00,67.14,90.87,6.03,18.75,24.78,NA,NA,1.62,60.79,NA,NA,NA,NA,NA,NA,NA,NA,NA,NA,NA,0.00,NA,NA,NA
2022-10-12 11:00:00,44.37,63.57,6.58,18.06,24.64,NA,NA,1.57,71.73,NA,NA,NA,NA,NA,NA,NA,NA,NA,NA,NA,0.00,NA,NA,NA
2022-10-12 12:00:00,51.80,74.12,6.53,18.30,24.83,NA,NA,1.60,82.97,NA,NA,NA,NA,NA,NA,NA,NA,NA,NA,NA,0.00,NA,NA,NA
2022-10-12 13:00:00,52.63,59.18,5.35,17.07,22.42,NA,NA,1.59,101.44,NA,NA,NA,NA,NA,NA,NA,NA,NA,NA,NA,0.00,NA,NA,NA
2022-10-12 14:00:00,40.09,76.15,5.92,18.94,24.86,NA,NA,1.60,121.63,NA,NA,NA,NA,NA,NA,NA,NA,NA,NA,NA,0.00,NA,NA,NA
2022-10-12 15:00:00,59.69,107.68,4.69,18.87,23.55,NA,NA,1.56,110.18,NA,NA,NA,NA,NA,NA,NA,NA,NA,NA,NA,0.00,NA,NA,NA
2022-10-12 16:00:00,48.55,100.49,4.04,19.41,23.45,NA,NA,1.56,94.74,NA,NA,NA,NA,NA,NA,NA,NA,NA,NA,NA,0.00,NA,NA,NA
2022-10-12 17:00:00,52.44,93.95,3.32,22.01,25.33,NA,NA,1.52,68.21,NA,NA,NA,NA,NA,NA,NA,NA,NA,NA,NA,0.00,NA,NA,NA
2022-10-12 18:00:00,47.90,87.30,2.53,23.19,25.72,NA,NA,1.57,58.75,NA,NA,NA,NA,NA,NA,NA,NA,NA,NA,NA,0.00,NA,NA,NA
2022-10-12 19:00:00,50.92,96.83,5.24,27.75,32.98,NA,NA,1.65,43.57,NA,NA,NA,NA,NA,NA,NA,NA,NA,NA,NA,0.00,NA,NA,NA
2022-10-12 20:00:00,62.01,112.45,2.86,26.28,29.14,NA,NA,1.81,30.75,NA,NA,NA,NA,NA,NA,NA,NA,NA,NA,NA,0.00,NA,NA,NA
2022-10-12 21:00:00,52.43,99.00,2.73,26.47,29.21,NA,NA,1.93,24.18,NA,NA,NA,NA,NA,NA,NA,NA,NA,NA,NA,0.00,NA,NA,NA
2022-10-12 22:00:00,52.58,112.48,2.67,26.22,28.89,NA,NA,1.90,22.74,NA,NA,NA,NA,NA,NA,NA,NA,NA,NA,NA,0.00,NA,NA,NA
2022-10-12 23:00:00,46.08,121.26,2.72,24.78,27.50,NA,NA,1.84,21.75,NA,NA,NA,NA,NA,NA,NA,NA,NA,NA,NA,0.00,NA,NA,NA
2022-10-13 00:00:00,54.23,111.00,3.23,24.06,27.29,NA,NA,1.79,17.68,NA,NA,NA,NA,NA,NA,NA,NA,NA,NA,NA,0.00,NA,NA,NA
2022-10-13 01:00:00,52.99,105.13,4.31,25.42,29.73,NA,NA,1.73,14.66,NA,NA,NA,NA,NA,NA,NA,NA,NA,NA,NA,0.00,NA,NA,NA
2022-10-13 02:00:00,45.10,85.17,3.07,20.99,24.06,NA,NA,1.65,14.85,NA,NA,NA,NA,NA,NA,NA,NA,NA,NA,NA,0.00,NA,NA,NA
2022-10-13 03:00:00,45.19,75.06,3.20,18.17,21.36,NA,NA,1.60,13.41,NA,NA,NA,NA,NA,NA,NA,NA,NA,NA,NA,0.00,NA,NA,NA
2022-10-13 04:00:00,39.20,70.79,4.04,20.02,24.06,NA,NA,1.60,13.46,NA,NA,NA,NA,NA,NA,NA,NA,NA,NA,NA,0.00,NA,NA,NA
2022-10-13 05:00:00,45.75,87.57,9.09,22.95,32.02,NA,NA,1.64,14.22,NA,NA,NA,NA,NA,NA,NA,NA,NA,NA,NA,0.00,NA,NA,NA
2022-10-13 06:00:00,46.21,90.15,8.48,24.75,33.23,NA,NA,1.60,14.25,NA,NA,NA,NA,NA,NA,NA,NA,NA,NA,NA,0.00,NA,NA,NA
2022-10-13 07:00:00,45.24,87.33,11.22,25.36,36.58,NA,NA,1.67,17.14,NA,NA,NA,NA,NA,NA,NA,NA,NA,NA,NA,0.00,NA,NA,NA
2022-10-13 08:00:00,60.82,121.07,8.93,27.64,36.57,NA,NA,1.75,28.56,NA,NA,NA,NA,NA,NA,NA,NA,NA,NA,NA,0.00,NA,NA,NA
2022-10-13 09:00:00,76.73,128.78,6.28,25.66,31.94,NA,NA,1.75,52.12,NA,NA,NA,NA,NA,NA,NA,NA,NA,NA,NA,0.00,NA,NA,NA
2022-10-13 10:00:00,61.52,111.75,5.83,20.46,26.29,NA,NA,1.55,71.79,NA,NA,NA,NA,NA,NA,NA,NA,NA,NA,NA,0.00,NA,NA,NA
2022-10-13 11:00:00,57.90,107.41,6.53,19.12,25.65,NA,NA,1.52,85.09,NA,NA,NA,NA,NA,NA,NA,NA,NA,NA,NA,0.00,NA,NA,NA
2022-10-13 12:00:00,58.58,107.77,6.69,19.94,26.63,NA,NA,1.50,88.34,NA,NA,NA,NA,NA,NA,NA,NA,NA,NA,NA,0.00,NA,NA,NA
2022-10-13 13:00:00,57.03,105.23,5.88,16.73,22.61,NA,NA,1.48,96.98,NA,NA,NA,NA,NA,NA,NA,NA,NA,NA,NA,0.00,NA,NA,NA
2022-10-13 14:00:00,48.71,94.14,5.36,15.77,21.13,NA,NA,1.45,93.04,NA,NA,NA,NA,NA,NA,NA,NA,NA,NA,NA,0.00,NA,NA,NA
2022-10-13 15:00:00,45.28,84.54,4.76,15.72,20.48,NA,NA,1.44,94.57,NA,NA,NA,NA,NA,NA,NA,NA,NA,NA,NA,0.00,NA,NA,NA
2022-10-13 16:00:00,48.92,87.60,4.01,16.12,20.12,NA,NA,1.44,89.46,NA,NA,NA,NA,NA,NA,NA,NA,NA,NA,NA,0.00,NA,NA,NA
2022-10-13 17:00:00,45.34,90.41,2.90,17.68,20.58,NA,NA,1.47,74.16,NA,NA,NA,NA,NA,NA,NA,NA,NA,NA,NA,0.00,NA,NA,NA
2022-10-13 18:00:00,41.30,80.98,16.47,29.67,46.12,NA,NA,1.50,30.26,NA,NA,NA,NA,NA,NA,NA,NA,NA,NA,NA,0.00,NA,NA,NA
2022-10-13 19:00:00,NA,NA,3.41,27.82,31.20,NA,NA,1.75,28.25,NA,NA,NA,NA,NA,NA,NA,NA,NA,NA,NA,0.00,NA,NA,NA
2022-10-13 20:00:00,13.71,77.36,3.65,29.86,33.50,NA,NA,2.06,20.31,NA,NA,NA,NA,NA,NA,NA,NA,NA,NA,NA,0.00,NA,NA,NA
2022-10-13 21:00:00,27.83,110.29,2.75,25.75,28.50,NA,NA,1.96,34.05,NA,NA,NA,NA,NA,NA,NA,NA,NA,NA,NA,0.00,NA,NA,NA
2022-10-13 22:00:00,55.50,128.88,2.64,23.17,25.81,NA,NA,1.84,39.28,NA,NA,NA,NA,NA,NA,NA,NA,NA,NA,NA,0.00,NA,NA,NA
2022-10-13 23:00:00,68.30,137.13,2.64,23.35,26.00,NA,NA,1.81,34.31,NA,NA,NA,NA,NA,NA,NA,NA,NA,NA,NA,0.00,NA,NA,NA
2022-10-14 00:00:00,67.65,142.44,2.70,24.39,27.08,NA,NA,1.75,31.37,NA,NA,NA,NA,NA,NA,NA,NA,NA,NA,NA,0.00,NA,NA,NA
2022-10-14 01:00:00,64.29,132.40,2.84,24.50,27.35,NA,NA,1.72,26.80,NA,NA,NA,NA,NA,NA,NA,NA,NA,NA,NA,0.00,NA,NA,NA
2022-10-14 02:00:00,63.67,116.74,4.51,27.77,32.27,NA,NA,1.71,20.33,NA,NA,NA,NA,NA,NA,NA,NA,NA,NA,NA,0.00,NA,NA,NA
2022-10-14 03:00:00,62.36,123.63,3.72,27.57,31.29,NA,NA,1.81,16.83,NA,NA,NA,NA,NA,NA,NA,NA,NA,NA,NA,0.00,NA,NA,NA
2022-10-14 04:00:00,67.93,121.55,10.58,27.19,37.79,NA,NA,1.69,15.01,NA,NA,NA,NA,NA,NA,NA,NA,NA,NA,NA,0.00,NA,NA,NA
2022-10-14 05:00:00,21.12,57.53,9.09,27.68,36.81,NA,NA,1.77,16.40,NA,NA,NA,NA,NA,NA,NA,NA,NA,NA,NA,0.00,NA,NA,NA
2022-10-14 06:00:00,5.57,34.20,4.62,25.47,30.09,NA,NA,1.72,16.52,NA,NA,NA,NA,NA,NA,NA,NA,NA,NA,NA,0.00,NA,NA,NA
2022-10-14 07:00:00,21.63,80.66,6.76,26.35,33.11,NA,NA,1.79,20.70,NA,NA,NA,NA,NA,NA,NA,NA,NA,NA,NA,0.00,NA,NA,NA
2022-10-14 08:00:00,54.44,119.33,7.13,27.37,34.50,NA,NA,1.90,32.87,NA,NA,NA,NA,NA,NA,NA,NA,NA,NA,NA,0.00,NA,NA,NA
2022-10-14 09:00:00,82.73,145.71,5.50,23.70,29.21,NA,NA,1.79,68.44,NA,NA,NA,NA,NA,NA,NA,NA,NA,NA,NA,0.00,NA,NA,NA
2022-10-14 10:00:00,73.49,145.28,5.71,20.74,26.45,NA,NA,1.70,91.97,NA,NA,NA,NA,NA,NA,NA,NA,NA,NA,NA,0.00,NA,NA,NA
2022-10-14 11:00:00,74.37,154.06,6.45,21.21,27.66,NA,NA,1.72,114.44,NA,NA,NA,NA,NA,NA,NA,NA,NA,NA,NA,0.00,NA,NA,NA
2022-10-14 12:00:00,72.79,132.48,6.65,17.74,24.39,NA,NA,1.57,116.68,NA,NA,NA,NA,NA,NA,NA,NA,NA,NA,NA,0.00,NA,NA,NA
2022-10-14 13:00:00,53.52,114.12,5.82,16.51,22.33,NA,NA,1.52,109.35,NA,NA,NA,NA,NA,NA,NA,NA,NA,NA,NA,0.00,NA,NA,NA
2022-10-14 14:00:00,54.77,101.29,5.16,16.44,21.61,NA,NA,1.49,105.33,NA,NA,NA,NA,NA,NA,NA,NA,NA,NA,NA,0.00,NA,NA,NA
2022-10-14 15:00:00,45.73,96.82,4.61,16.57,21.17,NA,NA,1.48,107.10,NA,NA,NA,NA,NA,NA,NA,NA,NA,NA,NA,0.00,NA,NA,NA
2022-10-14 16:00:00,53.16,103.54,4.02,16.93,20.94,NA,NA,1.47,84.66,NA,NA,NA,NA,NA,NA,NA,NA,NA,NA,NA,0.00,NA,NA,NA
2022-10-14 17:00:00,58.63,115.73,2.92,18.71,21.63,NA,NA,1.56,77.58,NA,NA,NA,NA,NA,NA,NA,NA,NA,NA,NA,0.00,NA,NA,NA
2022-10-14 18:00:00,68.35,129.26,2.54,20.69,23.23,NA,NA,1.63,63.62,NA,NA,NA,NA,NA,NA,NA,NA,NA,NA,NA,0.00,NA,NA,NA
2022-10-14 19:00:00,64.59,146.43,2.67,23.91,26.57,NA,NA,1.77,49.12,NA,NA,NA,NA,NA,NA,NA,NA,NA,NA,NA,0.00,NA,NA,NA
2022-10-14 20:00:00,69.64,153.76,2.58,25.26,27.84,NA,NA,1.82,45.46,NA,NA,NA,NA,NA,NA,NA,NA,NA,NA,NA,0.00,NA,NA,NA
2022-10-14 21:00:00,66.70,153.40,2.74,27.61,30.35,NA,NA,1.89,41.86,NA,NA,NA,NA,NA,NA,NA,NA,NA,NA,NA,0.00,NA,NA,NA
2022-10-14 22:00:00,NA,NA,NA,NA,NA,NA,NA,NA,NA,NA,NA,NA,NA,NA,NA,NA,NA,NA,NA,NA,0.00,NA,NA,NA
2022-10-14 23:00:00,NA,NA,NA,NA,NA,NA,NA,NA,NA,NA,NA,NA,NA,NA,NA,NA,NA,NA,NA,NA,0.00,NA,NA,NA
2022-10-15 00:00:00,NA,NA,NA,NA,NA,NA,NA,NA,NA,NA,NA,NA,NA,NA,NA,NA,NA,NA,NA,NA,0.00,NA,NA,NA
2022-10-15 01:00:00,NA,NA,NA,NA,NA,NA,NA,NA,NA,NA,NA,NA,NA,NA,NA,NA,NA,NA,NA,NA,0.00,NA,NA,NA
2022-10-15 02:00:00,NA,NA,NA,NA,NA,NA,NA,NA,NA,NA,NA,NA,NA,NA,NA,NA,NA,NA,NA,NA,0.00,NA,NA,NA
2022-10-15 03:00:00,NA,NA,NA,NA,NA,NA,NA,NA,NA,NA,NA,NA,NA,NA,NA,NA,NA,NA,NA,NA,0.00,NA,NA,NA
2022-10-15 04:00:00,NA,NA,NA,NA,NA,NA,NA,NA,NA,NA,NA,NA,NA,NA,NA,NA,NA,NA,NA,NA,0.00,NA,NA,NA
2022-10-15 05:00:00,NA,NA,NA,NA,NA,NA,NA,NA,NA,NA,NA,NA,NA,NA,NA,NA,NA,NA,NA,NA,0.00,NA,NA,NA
2022-10-15 06:00:00,NA,NA,NA,NA,NA,NA,NA,NA,NA,NA,NA,NA,NA,NA,NA,NA,NA,NA,NA,NA,0.00,NA,NA,NA
2022-10-15 07:00:00,NA,NA,NA,NA,NA,NA,NA,NA,NA,NA,NA,NA,NA,NA,NA,NA,NA,NA,NA,NA,0.00,NA,NA,NA
2022-10-15 08:00:00,NA,NA,NA,NA,NA,NA,NA,NA,NA,NA,NA,NA,NA,NA,NA,NA,NA,NA,NA,NA,0.00,NA,NA,NA
2022-10-15 09:00:00,NA,NA,NA,NA,NA,NA,NA,NA,NA,NA,NA,NA,NA,NA,NA,NA,NA,NA,NA,NA,0.00,NA,NA,NA
2022-10-15 10:00:00,NA,NA,NA,NA,NA,NA,NA,NA,NA,NA,NA,NA,NA,NA,NA,NA,NA,NA,NA,NA,0.00,NA,NA,NA
2022-10-15 11:00:00,NA,NA,NA,NA,NA,NA,NA,NA,NA,NA,NA,NA,NA,NA,NA,NA,NA,NA,NA,NA,0.00,NA,NA,NA
2022-10-15 12:00:00,NA,NA,NA,NA,NA,NA,NA,NA,NA,NA,NA,NA,NA,NA,NA,NA,NA,NA,NA,NA,0.00,NA,NA,NA
2022-10-15 13:00:00,NA,NA,NA,NA,NA,NA,NA,NA,NA,NA,NA,NA,NA,NA,NA,NA,NA,NA,NA,NA,0.00,NA,NA,NA
2022-10-15 14:00:00,NA,NA,NA,NA,NA,NA,NA,NA,NA,NA,NA,NA,NA,NA,NA,NA,NA,NA,NA,NA,0.00,NA,NA,NA
2022-10-15 15:00:00,NA,NA,NA,NA,NA,NA,NA,NA,NA,NA,NA,NA,NA,NA,NA,NA,NA,NA,NA,NA,0.00,NA,NA,NA
2022-10-15 16:00:00,NA,NA,NA,NA,NA,NA,NA,NA,NA,NA,NA,NA,NA,NA,NA,NA,NA,NA,NA,NA,0.00,NA,NA,NA
2022-10-15 17:00:00,NA,NA,NA,NA,NA,NA,NA,NA,NA,NA,NA,NA,NA,NA,NA,NA,NA,NA,NA,NA,0.00,NA,NA,NA
2022-10-15 18:00:00,NA,NA,NA,NA,NA,NA,NA,NA,NA,NA,NA,NA,NA,NA,NA,NA,NA,NA,NA,NA,0.00,NA,NA,NA
2022-10-15 19:00:00,NA,NA,NA,NA,NA,NA,NA,NA,NA,NA,NA,NA,NA,NA,NA,NA,NA,NA,NA,NA,0.00,NA,NA,NA
2022-10-15 20:00:00,NA,NA,NA,NA,NA,NA,NA,NA,NA,NA,NA,NA,NA,NA,NA,NA,NA,NA,NA,NA,0.00,NA,NA,NA
2022-10-15 21:00:00,NA,NA,NA,NA,NA,NA,NA,NA,NA,NA,NA,NA,NA,NA,NA,NA,NA,NA,NA,NA,0.00,NA,NA,NA
2022-10-15 22:00:00,NA,NA,NA,NA,NA,NA,NA,NA,NA,NA,NA,NA,NA,NA,NA,NA,NA,NA,NA,NA,0.00,NA,NA,NA
2022-10-15 23:00:00,NA,NA,NA,NA,NA,NA,NA,NA,NA,NA,NA,NA,NA,NA,NA,NA,NA,NA,NA,NA,0.00,NA,NA,NA
2022-10-16 00:00:00,NA,NA,NA,NA,NA,NA,NA,NA,NA,NA,NA,NA,NA,NA,NA,NA,NA,NA,NA,NA,0.00,NA,NA,NA
2022-10-16 01:00:00,NA,NA,NA,NA,NA,NA,NA,NA,NA,NA,NA,NA,NA,NA,NA,NA,NA,NA,NA,NA,0.00,NA,NA,NA
2022-10-16 02:00:00,NA,NA,NA,NA,NA,NA,NA,NA,NA,NA,NA,NA,NA,NA,NA,NA,NA,NA,NA,NA,0.00,NA,NA,NA
2022-10-16 03:00:00,NA,NA,NA,NA,NA,NA,NA,NA,NA,NA,NA,NA,NA,NA,NA,NA,NA,NA,NA,NA,0.00,NA,NA,NA
2022-10-16 04:00:00,NA,NA,NA,NA,NA,NA,NA,NA,NA,NA,NA,NA,NA,NA,NA,NA,NA,NA,NA,NA,0.00,NA,NA,NA
2022-10-16 05:00:00,NA,NA,NA,NA,NA,NA,NA,NA,NA,NA,NA,NA,NA,NA,NA,NA,NA,NA,NA,NA,0.00,NA,NA,NA
2022-10-16 06:00:00,NA,NA,NA,NA,NA,NA,NA,NA,NA,NA,NA,NA,NA,NA,NA,NA,NA,NA,NA,NA,0.00,NA,NA,NA
2022-10-16 07:00:00,NA,NA,NA,NA,NA,NA,NA,NA,NA,NA,NA,NA,NA,NA,NA,NA,NA,NA,NA,NA,0.00,NA,NA,NA
2022-10-16 08:00:00,NA,NA,NA,NA,NA,NA,NA,NA,NA,NA,NA,NA,NA,NA,NA,NA,NA,NA,NA,NA,0.00,NA,NA,NA
2022-10-16 09:00:00,NA,NA,NA,NA,NA,NA,NA,NA,NA,NA,NA,NA,NA,NA,NA,NA,NA,NA,NA,NA,0.00,NA,NA,NA
2022-10-16 10:00:00,NA,NA,NA,NA,NA,NA,NA,NA,NA,NA,NA,NA,NA,NA,NA,NA,NA,NA,NA,NA,0.00,NA,NA,NA
2022-10-16 11:00:00,NA,NA,NA,NA,NA,NA,NA,NA,NA,NA,NA,NA,NA,NA,NA,NA,NA,NA,NA,NA,0.00,NA,NA,NA
2022-10-16 12:00:00,NA,NA,NA,NA,NA,NA,NA,NA,NA,NA,NA,NA,NA,NA,NA,NA,NA,NA,NA,NA,0.00,NA,NA,NA
2022-10-16 13:00:00,NA,NA,NA,NA,NA,NA,NA,NA,NA,NA,NA,NA,NA,NA,NA,NA,NA,NA,NA,NA,0.00,NA,NA,NA
2022-10-16 14:00:00,NA,NA,NA,NA,NA,NA,NA,NA,NA,NA,NA,NA,NA,NA,NA,NA,NA,NA,NA,NA,0.00,NA,NA,NA
2022-10-16 15:00:00,NA,NA,NA,NA,NA,NA,NA,NA,NA,NA,NA,NA,NA,NA,NA,NA,NA,NA,NA,NA,0.00,NA,NA,NA
2022-10-16 16:00:00,NA,NA,NA,NA,NA,NA,NA,NA,NA,NA,NA,NA,NA,NA,NA,NA,NA,NA,NA,NA,0.00,NA,NA,NA
2022-10-16 17:00:00,NA,NA,NA,NA,NA,NA,NA,NA,NA,NA,NA,NA,NA,NA,NA,NA,NA,NA,NA,NA,0.00,NA,NA,NA
2022-10-16 18:00:00,NA,NA,NA,NA,NA,NA,NA,NA,NA,NA,NA,NA,NA,NA,NA,NA,NA,NA,NA,NA,0.00,NA,NA,NA
2022-10-16 19:00:00,NA,NA,NA,NA,NA,NA,NA,NA,NA,NA,NA,NA,NA,NA,NA,NA,NA,NA,NA,NA,0.00,NA,NA,NA
2022-10-16 20:00:00,NA,NA,NA,NA,NA,NA,NA,NA,NA,NA,NA,NA,NA,NA,NA,NA,NA,NA,NA,NA,0.00,NA,NA,NA
2022-10-16 21:00:00,NA,NA,NA,NA,NA,NA,NA,NA,NA,NA,NA,NA,NA,NA,NA,NA,NA,NA,NA,NA,0.00,NA,NA,NA
2022-10-16 22:00:00,NA,NA,NA,NA,NA,NA,NA,NA,NA,NA,NA,NA,NA,NA,NA,NA,NA,NA,NA,NA,0.00,NA,NA,NA
2022-10-16 23:00:00,NA,NA,NA,NA,NA,NA,NA,NA,NA,NA,NA,NA,NA,NA,NA,NA,NA,NA,NA,NA,0.00,NA,NA,NA
2022-10-17 00:00:00,NA,NA,NA,NA,NA,NA,NA,NA,NA,NA,NA,NA,NA,NA,NA,NA,NA,NA,NA,NA,0.00,NA,NA,NA
2022-10-17 01:00:00,NA,NA,NA,NA,NA,NA,NA,NA,NA,NA,NA,NA,NA,NA,NA,NA,NA,NA,NA,NA,0.00,NA,NA,NA
2022-10-17 02:00:00,NA,NA,NA,NA,NA,NA,NA,NA,NA,NA,NA,NA,NA,NA,NA,NA,NA,NA,NA,NA,0.00,NA,NA,NA
2022-10-17 03:00:00,NA,NA,NA,NA,NA,NA,NA,NA,NA,NA,NA,NA,NA,NA,NA,NA,NA,NA,NA,NA,0.00,NA,NA,NA
2022-10-17 04:00:00,NA,NA,NA,NA,NA,NA,NA,NA,NA,NA,NA,NA,NA,NA,NA,NA,NA,NA,NA,NA,0.00,NA,NA,NA
2022-10-17 05:00:00,NA,NA,NA,NA,NA,NA,NA,NA,NA,NA,NA,NA,NA,NA,NA,NA,NA,NA,NA,NA,0.00,NA,NA,NA
2022-10-17 06:00:00,NA,NA,NA,NA,NA,NA,NA,NA,NA,NA,NA,NA,NA,NA,NA,NA,NA,NA,NA,NA,0.00,NA,NA,NA
2022-10-17 07:00:00,NA,NA,NA,NA,NA,NA,NA,NA,NA,NA,NA,NA,NA,NA,NA,NA,NA,NA,NA,NA,0.00,NA,NA,NA
2022-10-17 08:00:00,NA,NA,NA,NA,NA,NA,NA,NA,NA,NA,NA,NA,NA,NA,NA,NA,NA,NA,NA,NA,0.00,NA,NA,NA
2022-10-17 09:00:00,NA,NA,NA,NA,NA,NA,NA,NA,NA,NA,NA,NA,NA,NA,NA,NA,NA,NA,NA,NA,0.00,NA,NA,NA
2022-10-17 10:00:00,NA,NA,NA,NA,NA,NA,NA,NA,NA,NA,NA,NA,NA,NA,NA,NA,NA,NA,NA,NA,0.00,NA,NA,NA
2022-10-17 11:00:00,NA,NA,NA,NA,NA,NA,NA,NA,NA,NA,NA,NA,NA,NA,NA,NA,NA,NA,NA,NA,0.00,NA,NA,NA
2022-10-17 12:00:00,48.28,112.68,160.48,56.49,99.96,NA,NA,2.77,78.44,NA,NA,NA,NA,NA,NA,NA,NA,NA,NA,NA,0.00,NA,NA,NA
2022-10-17 13:00:00,NA,56.81,7.73,20.63,28.36,NA,NA,2.18,132.00,NA,NA,NA,NA,NA,NA,NA,NA,NA,NA,NA,0.00,NA,NA,NA
2022-10-17 14:00:00,30.84,163.39,7.06,19.61,26.68,NA,NA,1.84,136.73,NA,NA,NA,NA,NA,NA,NA,NA,NA,NA,NA,0.00,NA,NA,NA
2022-10-17 15:00:00,27.97,136.82,5.77,17.04,22.81,NA,NA,1.17,107.53,NA,NA,NA,NA,NA,NA,NA,NA,NA,NA,NA,0.00,NA,NA,NA
2022-10-17 16:00:00,NA,NA,7.78,18.00,25.77,NA,NA,1.11,108.63,NA,NA,NA,NA,NA,NA,NA,NA,NA,NA,NA,0.00,NA,NA,NA
2022-10-17 17:00:00,NA,NA,NA,157.44,NA,NA,NA,1.34,49.19,NA,NA,NA,NA,NA,NA,NA,NA,NA,NA,NA,0.00,NA,NA,NA
2022-10-17 18:00:00,NA,NA,57.32,31.38,88.18,NA,NA,1.25,53.65,NA,NA,NA,NA,NA,NA,NA,NA,NA,NA,NA,0.00,NA,NA,NA
2022-10-17 19:00:00,0.35,NA,13.07,24.30,37.36,NA,NA,1.27,30.20,NA,NA,NA,NA,NA,NA,NA,NA,NA,NA,NA,0.00,NA,NA,NA
2022-10-17 20:00:00,14.77,NA,48.87,36.78,85.71,NA,NA,1.66,27.42,NA,NA,NA,NA,NA,NA,NA,NA,NA,NA,NA,0.00,NA,NA,NA
2022-10-17 21:00:00,NA,NA,11.91,26.12,38.04,NA,NA,1.52,18.37,NA,NA,NA,NA,NA,NA,NA,NA,NA,NA,NA,0.00,NA,NA,NA
2022-10-17 22:00:00,15.63,NA,9.93,23.22,33.15,NA,NA,1.49,12.06,NA,NA,NA,NA,NA,NA,NA,NA,NA,NA,NA,0.00,NA,NA,NA
2022-10-17 23:00:00,39.25,NA,9.57,23.03,32.60,NA,NA,1.42,14.90,NA,NA,NA,NA,NA,NA,NA,NA,NA,NA,NA,0.00,NA,NA,NA
2022-10-18 00:00:00,47.79,NA,9.55,24.62,34.18,NA,NA,1.30,12.31,NA,NA,NA,NA,NA,NA,NA,NA,NA,NA,NA,0.00,NA,NA,NA
2022-10-18 01:00:00,45.84,NA,9.28,25.05,34.33,NA,NA,1.27,14.19,NA,NA,NA,NA,NA,NA,NA,NA,NA,NA,NA,0.00,NA,NA,NA
2022-10-18 02:00:00,49.15,NA,9.72,26.81,36.53,NA,NA,1.13,20.90,NA,NA,NA,NA,NA,NA,NA,NA,NA,NA,NA,0.00,NA,NA,NA
2022-10-18 03:00:00,42.30,NA,8.68,26.46,35.14,NA,NA,1.09,15.48,NA,NA,NA,NA,NA,NA,NA,NA,NA,NA,NA,0.00,NA,NA,NA
2022-10-18 04:00:00,54.82,NA,8.29,20.30,28.58,NA,NA,1.06,11.96,NA,NA,NA,NA,NA,NA,NA,NA,NA,NA,NA,0.00,NA,NA,NA
2022-10-18 05:00:00,51.71,NA,8.44,24.14,32.59,NA,NA,1.20,8.00,NA,NA,NA,NA,NA,NA,NA,NA,NA,NA,NA,0.00,NA,NA,NA
2022-10-18 06:00:00,49.74,NA,149.18,52.36,119.64,NA,NA,1.33,7.41,NA,NA,NA,NA,NA,NA,NA,NA,NA,NA,NA,0.00,NA,NA,NA
2022-10-18 07:00:00,NA,NA,10.09,20.86,30.94,NA,NA,1.30,6.42,NA,NA,NA,NA,NA,NA,NA,NA,NA,NA,NA,0.00,NA,NA,NA
2022-10-18 08:00:00,NA,NA,10.72,27.01,37.73,NA,NA,1.33,15.18,NA,NA,NA,NA,NA,NA,NA,NA,NA,NA,NA,0.00,NA,NA,NA
2022-10-18 09:00:00,35.94,NA,13.76,26.20,39.97,NA,NA,1.22,45.72,NA,NA,NA,NA,NA,NA,NA,NA,NA,NA,NA,0.00,NA,NA,NA
2022-10-18 10:00:00,86.53,NA,23.22,29.41,52.65,NA,NA,1.23,67.40,NA,NA,NA,NA,NA,NA,NA,NA,NA,NA,NA,0.00,NA,NA,NA
2022-10-18 11:00:00,97.25,NA,37.14,28.35,65.52,NA,NA,1.03,84.35,NA,NA,NA,NA,NA,NA,NA,NA,NA,NA,NA,0.00,NA,NA,NA
2022-10-18 12:00:00,114.44,NA,55.10,31.95,87.09,NA,NA,0.91,101.62,NA,NA,NA,NA,NA,NA,NA,NA,NA,NA,NA,0.00,NA,NA,NA
2022-10-18 13:00:00,115.21,NA,74.41,36.98,111.41,NA,NA,0.70,116.97,NA,NA,NA,NA,NA,NA,NA,NA,NA,NA,NA,0.00,NA,NA,NA
2022-10-18 14:00:00,109.59,NA,95.32,41.54,136.90,NA,NA,0.64,112.99,NA,NA,NA,NA,NA,NA,NA,NA,NA,NA,NA,0.00,NA,NA,NA
2022-10-18 15:00:00,106.55,NA,115.68,45.89,161.61,NA,NA,0.55,92.27,NA,NA,NA,NA,NA,NA,NA,NA,NA,NA,NA,0.00,NA,NA,NA
2022-10-18 16:00:00,92.28,NA,131.62,53.30,184.93,NA,NA,0.45,71.04,NA,NA,NA,NA,NA,NA,NA,NA,NA,NA,NA,0.00,NA,NA,NA
2022-10-18 17:00:00,63.77,547.89,NA,151.81,181.89,NA,NA,0.57,59.98,NA,NA,NA,NA,NA,NA,NA,NA,NA,NA,NA,0.00,NA,NA,NA
2022-10-18 18:00:00,NA,NA,15.05,20.77,35.90,NA,NA,0.92,38.19,NA,NA,NA,NA,NA,NA,NA,NA,NA,NA,NA,0.00,NA,NA,NA
2022-10-18 19:00:00,NA,NA,2.41,16.45,18.86,NA,NA,1.09,30.46,NA,NA,NA,NA,NA,NA,NA,NA,NA,NA,NA,0.00,NA,NA,NA
2022-10-18 20:00:00,NA,NA,4.88,20.79,25.68,NA,NA,0.89,18.22,NA,NA,NA,NA,NA,NA,NA,NA,NA,NA,NA,0.00,NA,NA,NA
2022-10-18 21:00:00,NA,1.86,3.13,26.59,29.73,NA,NA,0.88,11.42,NA,NA,NA,NA,NA,NA,NA,NA,NA,NA,NA,0.00,NA,NA,NA
2022-10-18 22:00:00,NA,18.73,4.14,30.83,34.96,NA,NA,0.96,10.24,NA,NA,NA,NA,NA,NA,NA,NA,NA,NA,NA,0.00,NA,NA,NA
2022-10-18 23:00:00,15.98,70.77,3.03,23.43,26.47,NA,NA,0.92,9.57,NA,NA,NA,NA,NA,NA,NA,NA,NA,NA,NA,0.00,NA,NA,NA
2022-10-19 00:00:00,31.52,57.42,2.09,21.02,23.11,NA,NA,0.90,10.85,NA,NA,NA,NA,NA,NA,NA,NA,NA,NA,NA,0.00,NA,NA,NA
2022-10-19 01:00:00,27.98,62.13,2.12,22.39,24.51,NA,NA,0.93,11.33,NA,NA,NA,NA,NA,NA,NA,NA,NA,NA,NA,0.00,NA,NA,NA
2022-10-19 02:00:00,44.25,89.42,9.51,27.63,37.15,NA,NA,1.03,10.23,NA,NA,NA,NA,NA,NA,NA,NA,NA,NA,NA,0.00,NA,NA,NA
2022-10-19 03:00:00,42.13,68.01,1.72,19.30,21.02,NA,NA,0.98,25.70,NA,NA,NA,NA,NA,NA,NA,NA,NA,NA,NA,0.00,NA,NA,NA
2022-10-19 04:00:00,32.91,91.44,1.62,17.25,18.87,NA,NA,1.01,22.89,NA,NA,NA,NA,NA,NA,NA,NA,NA,NA,NA,0.00,NA,NA,NA
2022-10-19 05:00:00,72.74,84.72,2.23,22.46,24.69,NA,NA,1.11,14.42,NA,NA,NA,NA,NA,NA,NA,NA,NA,NA,NA,0.00,NA,NA,NA
2022-10-19 06:00:00,59.59,87.27,1.78,18.30,20.08,NA,NA,1.15,15.12,NA,NA,NA,NA,NA,NA,NA,NA,NA,NA,NA,0.00,NA,NA,NA
2022-10-19 07:00:00,64.10,84.99,2.87,17.25,20.11,NA,NA,1.16,10.72,NA,NA,NA,NA,NA,NA,NA,NA,NA,NA,NA,0.00,NA,NA,NA
2022-10-19 08:00:00,50.96,85.00,6.41,20.97,27.38,NA,NA,1.27,16.85,NA,NA,NA,NA,NA,NA,NA,NA,NA,NA,NA,0.00,NA,NA,NA
2022-10-19 09:00:00,65.12,112.58,3.73,17.65,21.38,NA,NA,1.19,46.98,NA,NA,NA,NA,NA,NA,NA,NA,NA,NA,NA,0.00,NA,NA,NA
2022-10-19 10:00:00,53.26,77.15,4.38,16.93,21.31,NA,NA,1.19,72.35,NA,NA,NA,NA,NA,NA,NA,NA,NA,NA,NA,0.00,NA,NA,NA
2022-10-19 11:00:00,53.79,88.06,5.35,17.44,22.78,NA,NA,1.28,86.25,NA,NA,NA,NA,NA,NA,NA,NA,NA,NA,NA,0.00,NA,NA,NA
2022-10-19 12:00:00,67.05,110.33,5.64,16.55,22.19,NA,NA,1.26,100.50,NA,NA,NA,NA,NA,NA,NA,NA,NA,NA,NA,0.00,NA,NA,NA
2022-10-19 13:00:00,47.08,98.00,4.95,16.06,21.01,NA,NA,1.09,83.66,NA,NA,NA,NA,NA,NA,NA,NA,NA,NA,NA,0.00,NA,NA,NA
2022-10-19 14:00:00,62.84,109.55,4.15,16.14,20.30,NA,NA,1.11,97.96,NA,NA,NA,NA,NA,NA,NA,NA,NA,NA,NA,0.00,NA,NA,NA
2022-10-19 15:00:00,46.09,88.15,3.32,16.33,19.65,NA,NA,1.12,92.39,NA,NA,NA,NA,NA,NA,NA,NA,NA,NA,NA,0.00,NA,NA,NA
2022-10-19 16:00:00,47.61,105.28,2.60,15.31,17.92,NA,NA,1.17,65.91,NA,NA,NA,NA,NA,NA,NA,NA,NA,NA,NA,0.00,NA,NA,NA
2022-10-19 17:00:00,44.68,62.52,31.70,21.91,53.32,NA,NA,1.25,71.03,NA,NA,NA,NA,NA,NA,NA,NA,NA,NA,NA,0.00,NA,NA,NA
2022-10-19 18:00:00,NA,NA,2.36,18.86,21.23,NA,NA,1.39,53.79,NA,NA,NA,NA,NA,NA,NA,NA,NA,NA,NA,0.00,NA,NA,NA
2022-10-19 19:00:00,NA,65.08,1.76,22.11,23.87,NA,NA,1.60,33.88,NA,NA,NA,NA,NA,NA,NA,NA,NA,NA,NA,0.00,NA,NA,NA
2022-10-19 20:00:00,3.31,94.14,1.79,20.25,22.04,NA,NA,1.62,12.29,NA,NA,NA,NA,NA,NA,NA,NA,NA,NA,NA,0.00,NA,NA,NA
2022-10-19 21:00:00,3.36,53.64,50.98,31.17,82.52,NA,NA,1.84,8.78,NA,NA,NA,NA,NA,NA,NA,NA,NA,NA,NA,0.00,NA,NA,NA
2022-10-19 22:00:00,NA,NA,2.57,22.76,25.33,NA,NA,1.92,8.39,NA,NA,NA,NA,NA,NA,NA,NA,NA,NA,NA,0.00,NA,NA,NA
2022-10-19 23:00:00,NA,7.59,2.01,21.58,23.59,NA,NA,1.66,20.72,NA,NA,NA,NA,NA,NA,NA,NA,NA,NA,NA,0.00,NA,NA,NA
2022-10-20 00:00:00,12.16,51.20,1.92,20.38,22.31,NA,NA,1.40,15.77,NA,NA,NA,NA,NA,NA,NA,NA,NA,NA,NA,0.00,NA,NA,NA
2022-10-20 01:00:00,43.71,90.76,4.28,25.88,30.15,NA,NA,1.35,11.75,NA,NA,NA,NA,NA,NA,NA,NA,NA,NA,NA,0.00,NA,NA,NA
2022-10-20 02:00:00,62.68,126.60,8.04,26.77,34.79,NA,NA,1.23,8.67,NA,NA,NA,NA,NA,NA,NA,NA,NA,NA,NA,0.00,NA,NA,NA
2022-10-20 03:00:00,75.12,135.19,10.68,24.97,35.66,NA,NA,1.33,7.99,NA,NA,NA,NA,NA,NA,NA,NA,NA,NA,NA,0.00,NA,NA,NA
2022-10-20 04:00:00,57.53,102.01,2.46,21.33,23.79,NA,NA,1.11,8.87,NA,NA,NA,NA,NA,NA,NA,NA,NA,NA,NA,0.00,NA,NA,NA
2022-10-20 05:00:00,47.75,87.03,2.00,18.68,20.68,NA,NA,1.09,16.05,NA,NA,NA,NA,NA,NA,NA,NA,NA,NA,NA,0.00,NA,NA,NA
2022-10-20 06:00:00,57.58,79.80,1.89,18.93,20.82,NA,NA,1.01,17.82,NA,NA,NA,NA,NA,NA,NA,NA,NA,NA,NA,0.00,NA,NA,NA
2022-10-20 07:00:00,39.53,70.58,2.64,17.15,19.78,NA,NA,1.05,17.10,NA,NA,NA,NA,NA,NA,NA,NA,NA,NA,NA,0.00,NA,NA,NA
2022-10-20 08:00:00,37.88,65.13,4.59,20.72,25.31,NA,NA,1.13,21.13,NA,NA,NA,NA,NA,NA,NA,NA,NA,NA,NA,0.00,NA,NA,NA
2022-10-20 09:00:00,66.97,118.00,4.53,21.88,26.40,NA,NA,1.16,38.04,NA,NA,NA,NA,NA,NA,NA,NA,NA,NA,NA,0.00,NA,NA,NA
2022-10-20 10:00:00,59.58,95.12,4.51,19.30,23.82,NA,NA,1.15,62.27,NA,NA,NA,NA,NA,NA,NA,NA,NA,NA,NA,0.00,NA,NA,NA
2022-10-20 11:00:00,62.28,123.17,5.84,21.30,27.14,NA,NA,1.26,77.13,NA,NA,NA,NA,NA,NA,NA,NA,NA,NA,NA,0.00,NA,NA,NA
2022-10-20 12:00:00,75.35,143.19,5.68,17.95,23.63,NA,NA,1.22,94.31,NA,NA,NA,NA,NA,NA,NA,NA,NA,NA,NA,0.00,NA,NA,NA
2022-10-20 13:00:00,70.14,126.94,52.03,26.81,78.67,NA,NA,1.18,107.86,NA,NA,NA,NA,NA,NA,NA,NA,NA,NA,NA,0.00,NA,NA,NA
2022-10-20 14:00:00,89.40,162.97,20.34,19.90,40.41,NA,NA,1.11,115.24,NA,NA,NA,NA,NA,NA,NA,NA,NA,NA,NA,0.00,NA,NA,NA
2022-10-20 15:00:00,96.34,145.78,3.78,15.86,19.64,NA,NA,1.20,107.97,NA,NA,NA,NA,NA,NA,NA,NA,NA,NA,NA,0.00,NA,NA,NA
2022-10-20 16:00:00,73.18,140.73,3.73,16.60,20.33,NA,NA,1.25,89.10,NA,NA,NA,NA,NA,NA,NA,NA,NA,NA,NA,0.00,NA,NA,NA
2022-10-20 17:00:00,80.84,169.76,2.46,19.43,21.90,NA,NA,1.29,44.75,NA,NA,NA,NA,NA,NA,NA,NA,NA,NA,NA,0.00,NA,NA,NA
2022-10-20 18:00:00,71.21,131.86,37.93,31.32,69.52,NA,NA,1.53,25.39,NA,NA,NA,NA,NA,NA,NA,NA,NA,NA,NA,0.00,NA,NA,NA
2022-10-20 19:00:00,NA,NA,2.01,23.09,25.10,NA,NA,1.63,23.85,NA,NA,NA,NA,NA,NA,NA,NA,NA,NA,NA,0.00,NA,NA,NA
2022-10-20 20:00:00,NA,36.16,1.89,21.57,23.46,NA,NA,1.60,26.11,NA,NA,NA,NA,NA,NA,NA,NA,NA,NA,NA,0.00,NA,NA,NA
2022-10-20 21:00:00,10.25,60.47,1.82,20.70,22.53,NA,NA,1.59,14.57,NA,NA,NA,NA,NA,NA,NA,NA,NA,NA,NA,0.00,NA,NA,NA
2022-10-20 22:00:00,21.31,66.31,1.99,20.04,22.03,NA,NA,1.54,12.75,NA,NA,NA,NA,NA,NA,NA,NA,NA,NA,NA,0.00,NA,NA,NA
2022-10-20 23:00:00,44.40,97.20,2.00,26.80,28.81,NA,NA,1.85,24.09,NA,NA,NA,NA,NA,NA,NA,NA,NA,NA,NA,0.00,NA,NA,NA
2022-10-21 00:00:00,128.96,241.96,2.05,29.10,31.15,NA,NA,1.98,34.54,NA,NA,NA,NA,NA,NA,NA,NA,NA,NA,NA,0.00,NA,NA,NA
2022-10-21 01:00:00,99.49,193.31,1.95,21.57,23.52,NA,NA,1.65,44.15,NA,NA,NA,NA,NA,NA,NA,NA,NA,NA,NA,0.00,NA,NA,NA
2022-10-21 02:00:00,85.77,140.82,1.93,18.82,20.74,NA,NA,1.58,26.36,NA,NA,NA,NA,NA,NA,NA,NA,NA,NA,NA,0.00,NA,NA,NA
2022-10-21 03:00:00,67.42,140.23,28.96,23.17,52.28,NA,NA,1.58,22.97,NA,NA,NA,NA,NA,NA,NA,NA,NA,NA,NA,0.00,NA,NA,NA
2022-10-21 04:00:00,NA,0.57,2.93,19.65,22.59,NA,NA,1.65,12.91,NA,NA,NA,NA,NA,NA,NA,NA,NA,NA,NA,0.00,NA,NA,NA
2022-10-21 05:00:00,9.44,56.12,3.35,23.00,26.35,NA,NA,1.72,9.84,NA,NA,NA,NA,NA,NA,NA,NA,NA,NA,NA,0.00,NA,NA,NA
2022-10-21 06:00:00,55.17,97.97,2.82,20.73,23.56,NA,NA,1.57,7.75,NA,NA,NA,NA,NA,NA,NA,NA,NA,NA,NA,0.00,NA,NA,NA
2022-10-21 07:00:00,37.91,67.12,3.62,17.78,21.39,NA,NA,1.41,10.06,NA,NA,NA,NA,NA,NA,NA,NA,NA,NA,NA,0.00,NA,NA,NA
2022-10-21 08:00:00,39.16,83.72,5.77,22.14,27.91,NA,NA,1.48,17.46,NA,NA,NA,NA,NA,NA,NA,NA,NA,NA,NA,0.00,NA,NA,NA
2022-10-21 09:00:00,89.62,161.54,5.96,31.60,37.56,NA,NA,1.74,39.62,NA,NA,NA,NA,NA,NA,NA,NA,NA,NA,NA,0.00,NA,NA,NA
2022-10-21 10:00:00,111.72,240.89,12.61,34.83,47.47,NA,NA,1.55,74.79,NA,NA,NA,NA,NA,NA,NA,NA,NA,NA,NA,0.00,NA,NA,NA
2022-10-21 11:00:00,71.53,159.04,12.58,25.47,38.12,NA,NA,1.58,107.69,NA,NA,NA,NA,NA,NA,NA,NA,NA,NA,NA,0.00,NA,NA,NA
2022-10-21 12:00:00,NA,18.91,5.60,19.92,25.53,NA,NA,1.32,109.24,NA,NA,NA,NA,NA,NA,NA,NA,NA,NA,NA,0.00,NA,NA,NA
2022-10-21 13:00:00,NA,50.89,49.06,27.14,75.84,NA,NA,1.19,84.73,NA,NA,NA,NA,NA,NA,NA,NA,NA,NA,NA,0.00,NA,NA,NA
2022-10-21 14:00:00,NA,NA,5.34,17.35,22.69,NA,NA,1.22,92.95,NA,NA,NA,NA,NA,NA,NA,NA,NA,NA,NA,0.00,NA,NA,NA
2022-10-21 15:00:00,NA,NA,3.81,17.60,21.40,NA,NA,1.26,93.68,NA,NA,NA,NA,NA,NA,NA,NA,NA,NA,NA,0.00,NA,NA,NA
2022-10-21 16:00:00,NA,13.76,2.98,17.83,20.81,NA,NA,1.27,88.64,NA,NA,NA,NA,NA,NA,NA,NA,NA,NA,NA,0.00,NA,NA,NA
2022-10-21 17:00:00,11.94,56.84,2.13,16.60,18.73,NA,NA,1.26,55.04,NA,NA,NA,NA,NA,NA,NA,NA,NA,NA,NA,0.00,NA,NA,NA
2022-10-21 18:00:00,9.31,55.19,1.75,16.61,18.36,NA,NA,1.16,48.27,NA,NA,NA,NA,NA,NA,NA,NA,NA,NA,NA,0.00,NA,NA,NA
2022-10-21 19:00:00,8.51,44.14,15.11,19.39,34.58,NA,NA,1.25,41.96,NA,NA,NA,NA,NA,NA,NA,NA,NA,NA,NA,0.00,NA,NA,NA
2022-10-21 20:00:00,NA,0.13,8.37,34.59,42.96,NA,NA,1.88,27.88,NA,NA,NA,NA,NA,NA,NA,NA,NA,NA,NA,0.00,NA,NA,NA
2022-10-21 21:00:00,NA,70.75,2.32,34.57,36.90,NA,NA,1.74,22.98,NA,NA,NA,NA,NA,NA,NA,NA,NA,NA,NA,0.00,NA,NA,NA
2022-10-21 22:00:00,NA,NA,NA,NA,NA,NA,NA,NA,NA,NA,NA,NA,NA,NA,NA,NA,NA,NA,NA,NA,0.00,NA,NA,NA
2022-10-21 23:00:00,NA,88.50,NA,191.48,NA,NA,NA,2.56,NA,NA,NA,NA,NA,NA,NA,NA,NA,NA,NA,NA,0.00,NA,NA,NA
2022-10-22 00:00:00,NA,54.75,102.42,43.56,55.85,NA,NA,1.86,9.57,NA,NA,NA,NA,NA,NA,NA,NA,NA,NA,NA,0.00,NA,NA,NA
2022-10-22 01:00:00,NA,NA,2.75,27.89,30.63,NA,NA,1.72,9.20,NA,NA,NA,NA,NA,NA,NA,NA,NA,NA,NA,0.00,NA,NA,NA
2022-10-22 02:00:00,19.48,60.70,5.81,30.20,36.01,NA,NA,1.94,8.55,NA,NA,NA,NA,NA,NA,NA,NA,NA,NA,NA,0.00,NA,NA,NA
2022-10-22 03:00:00,36.39,119.21,5.21,26.95,32.15,NA,NA,1.67,7.11,NA,NA,NA,NA,NA,NA,NA,NA,NA,NA,NA,0.00,NA,NA,NA
2022-10-22 04:00:00,63.54,121.47,9.21,32.04,41.25,NA,NA,1.70,7.37,NA,NA,NA,NA,NA,NA,NA,NA,NA,NA,NA,0.00,NA,NA,NA
2022-10-22 05:00:00,93.64,154.40,12.01,30.66,42.68,NA,NA,1.62,7.61,NA,NA,NA,NA,NA,NA,NA,NA,NA,NA,NA,0.00,NA,NA,NA
2022-10-22 06:00:00,83.07,151.58,8.63,25.91,34.53,NA,NA,1.32,7.83,NA,NA,NA,NA,NA,NA,NA,NA,NA,NA,NA,0.00,NA,NA,NA
2022-10-22 07:00:00,96.59,142.42,12.34,29.28,41.61,NA,NA,1.45,6.48,NA,NA,NA,NA,NA,NA,NA,NA,NA,NA,NA,0.00,NA,NA,NA
2022-10-22 08:00:00,102.61,142.80,NA,149.59,NA,NA,NA,2.12,NA,NA,NA,NA,NA,NA,NA,NA,NA,NA,NA,NA,0.00,NA,NA,NA
2022-10-22 09:00:00,44.81,61.03,31.69,26.30,57.64,NA,NA,1.81,50.28,NA,NA,NA,NA,NA,NA,NA,NA,NA,NA,NA,0.00,NA,NA,NA
2022-10-22 10:00:00,NA,NA,11.51,22.88,34.43,NA,NA,1.67,71.31,NA,NA,NA,NA,NA,NA,NA,NA,NA,NA,NA,0.00,NA,NA,NA
2022-10-22 11:00:00,NA,24.08,5.26,19.61,24.87,NA,NA,1.52,96.18,NA,NA,NA,NA,NA,NA,NA,NA,NA,NA,NA,0.00,NA,NA,NA
2022-10-22 12:00:00,NA,41.38,5.54,17.81,23.35,NA,NA,1.33,101.02,NA,NA,NA,NA,NA,NA,NA,NA,NA,NA,NA,0.00,NA,NA,NA
2022-10-22 13:00:00,14.35,46.47,5.11,17.25,22.36,NA,NA,1.31,105.98,NA,NA,NA,NA,NA,NA,NA,NA,NA,NA,NA,0.00,NA,NA,NA
2022-10-22 14:00:00,NA,NA,NA,NA,NA,NA,NA,NA,NA,NA,NA,NA,NA,NA,NA,NA,NA,NA,NA,NA,0.00,NA,NA,NA
2022-10-22 15:00:00,12.81,33.21,134.18,44.77,69.62,NA,NA,1.37,79.16,NA,NA,NA,NA,NA,NA,NA,NA,NA,NA,NA,0.00,NA,NA,NA
2022-10-22 16:00:00,NA,NA,3.20,16.92,20.11,NA,NA,1.26,86.86,NA,NA,NA,NA,NA,NA,NA,NA,NA,NA,NA,0.00,NA,NA,NA
2022-10-22 17:00:00,NA,NA,NA,160.38,NA,NA,NA,1.37,NA,NA,NA,NA,NA,NA,NA,NA,NA,NA,NA,NA,0.00,NA,NA,NA
2022-10-22 18:00:00,NA,NA,66.91,35.15,100.98,NA,NA,1.50,51.70,NA,NA,NA,NA,NA,NA,NA,NA,NA,NA,NA,0.00,NA,NA,NA
2022-10-22 19:00:00,NA,NA,50.64,30.53,80.63,NA,NA,1.53,41.63,NA,NA,NA,NA,NA,NA,NA,NA,NA,NA,NA,0.00,NA,NA,NA
2022-10-22 20:00:00,NA,NA,205.01,62.09,140.72,NA,NA,1.66,25.54,NA,NA,NA,NA,NA,NA,NA,NA,NA,NA,NA,0.00,NA,NA,NA
2022-10-22 21:00:00,NA,NA,4.10,22.12,26.20,NA,NA,1.57,30.27,NA,NA,NA,NA,NA,NA,NA,NA,NA,NA,NA,0.00,NA,NA,NA
2022-10-22 22:00:00,NA,NA,2.22,21.53,23.76,NA,NA,1.55,21.64,NA,NA,NA,NA,NA,NA,NA,NA,NA,NA,NA,0.00,NA,NA,NA
2022-10-22 23:00:00,14.28,46.69,2.18,24.77,26.95,NA,NA,1.62,22.21,NA,NA,NA,NA,NA,NA,NA,NA,NA,NA,NA,0.00,NA,NA,NA
2022-10-23 00:00:00,47.84,82.75,2.26,25.81,28.07,NA,NA,1.72,14.59,NA,NA,NA,NA,NA,NA,NA,NA,NA,NA,NA,0.00,NA,NA,NA
2022-10-23 01:00:00,77.80,115.99,3.79,25.30,29.09,NA,NA,1.62,18.17,NA,NA,NA,NA,NA,NA,NA,NA,NA,NA,NA,0.00,NA,NA,NA
2022-10-23 02:00:00,48.40,49.16,3.48,25.70,29.19,NA,NA,1.74,6.91,NA,NA,NA,NA,NA,NA,NA,NA,NA,NA,NA,0.00,NA,NA,NA
2022-10-23 03:00:00,19.73,32.58,255.17,79.04,212.29,NA,NA,1.91,10.13,NA,NA,NA,NA,NA,NA,NA,NA,NA,NA,NA,0.00,NA,NA,NA
2022-10-23 04:00:00,NA,NA,NA,NA,NA,NA,NA,NA,NA,NA,NA,NA,NA,NA,NA,NA,NA,NA,NA,NA,0.00,NA,NA,NA
2022-10-23 05:00:00,NA,NA,NA,NA,NA,NA,NA,NA,NA,NA,NA,NA,NA,NA,NA,NA,NA,NA,NA,NA,0.00,NA,NA,NA
2022-10-23 06:00:00,NA,NA,NA,NA,NA,NA,NA,NA,NA,NA,NA,NA,NA,NA,NA,NA,NA,NA,NA,NA,0.00,NA,NA,NA
2022-10-23 07:00:00,NA,NA,NA,NA,NA,NA,NA,NA,NA,NA,NA,NA,NA,NA,NA,NA,NA,NA,NA,NA,0.00,NA,NA,NA
2022-10-23 08:00:00,38.81,95.94,6.17,28.06,34.23,NA,NA,1.80,25.73,NA,NA,NA,NA,NA,NA,NA,NA,NA,NA,NA,0.00,NA,NA,NA
2022-10-23 09:00:00,65.65,137.33,5.25,26.34,31.60,NA,NA,1.69,45.52,NA,NA,NA,NA,NA,NA,NA,NA,NA,NA,NA,0.00,NA,NA,NA
2022-10-23 10:00:00,80.20,159.89,5.20,24.43,29.64,NA,NA,1.60,75.94,NA,NA,NA,NA,NA,NA,NA,NA,NA,NA,NA,0.00,NA,NA,NA
2022-10-23 11:00:00,89.35,171.32,5.38,20.38,25.75,NA,NA,1.45,94.13,NA,NA,NA,NA,NA,NA,NA,NA,NA,NA,NA,0.00,NA,NA,NA
2022-10-23 12:00:00,62.69,153.34,5.95,17.53,23.48,NA,NA,1.31,98.75,NA,NA,NA,NA,NA,NA,NA,NA,NA,NA,NA,0.00,NA,NA,NA
2022-10-23 13:00:00,46.07,105.43,8.03,17.95,26.01,NA,NA,1.22,103.27,NA,NA,NA,NA,NA,NA,NA,NA,NA,NA,NA,0.00,NA,NA,NA
2022-10-23 14:00:00,NA,21.52,4.62,17.96,22.58,NA,NA,1.30,120.18,NA,NA,NA,NA,NA,NA,NA,NA,NA,NA,NA,0.00,NA,NA,NA
2022-10-23 15:00:00,33.00,91.05,3.72,17.35,21.07,NA,NA,1.30,115.56,NA,NA,NA,NA,NA,NA,NA,NA,NA,NA,NA,0.00,NA,NA,NA
2022-10-23 16:00:00,56.73,126.73,2.93,17.50,20.43,NA,NA,1.34,101.01,NA,NA,NA,NA,NA,NA,NA,NA,NA,NA,NA,0.00,NA,NA,NA
2022-10-23 17:00:00,75.11,138.42,2.33,17.16,19.49,NA,NA,1.35,42.97,NA,NA,NA,NA,NA,NA,NA,NA,NA,NA,NA,0.00,NA,NA,NA
2022-10-23 18:00:00,51.84,93.62,102.86,39.50,143.19,NA,NA,1.56,38.58,NA,NA,NA,NA,NA,NA,NA,NA,NA,NA,NA,0.00,NA,NA,NA
2022-10-23 19:00:00,NA,NA,3.75,24.40,28.17,NA,NA,1.68,32.25,NA,NA,NA,NA,NA,NA,NA,NA,NA,NA,NA,0.00,NA,NA,NA
2022-10-23 20:00:00,NA,NA,188.64,60.15,157.47,NA,NA,1.44,17.94,NA,NA,NA,NA,NA,NA,NA,NA,NA,NA,NA,0.00,NA,NA,NA
2022-10-23 21:00:00,NA,NA,5.10,19.99,25.12,NA,NA,1.56,20.92,NA,NA,NA,NA,NA,NA,NA,NA,NA,NA,NA,0.00,NA,NA,NA
2022-10-23 22:00:00,NA,NA,1.94,18.95,20.89,NA,NA,1.53,16.83,NA,NA,NA,NA,NA,NA,NA,NA,NA,NA,NA,0.00,NA,NA,NA
2022-10-23 23:00:00,20.62,32.19,2.12,20.91,23.03,NA,NA,1.70,11.01,NA,NA,NA,NA,NA,NA,NA,NA,NA,NA,NA,0.00,NA,NA,NA
2022-10-24 00:00:00,90.92,97.23,2.30,20.58,22.88,NA,NA,1.77,9.72,NA,NA,NA,NA,NA,NA,NA,NA,NA,NA,NA,0.00,NA,NA,NA
2022-10-24 01:00:00,114.69,161.30,3.87,27.21,31.07,NA,NA,2.07,8.87,NA,NA,NA,NA,NA,NA,NA,NA,NA,NA,NA,0.00,NA,NA,NA
2022-10-24 02:00:00,173.13,271.60,8.33,32.54,40.87,NA,NA,2.49,8.33,NA,NA,NA,NA,NA,NA,NA,NA,NA,NA,NA,0.00,NA,NA,NA
2022-10-24 03:00:00,191.09,262.88,3.76,31.57,35.34,NA,NA,2.05,10.16,NA,NA,NA,NA,NA,NA,NA,NA,NA,NA,NA,0.00,NA,NA,NA
2022-10-24 04:00:00,156.44,211.58,2.51,25.18,27.69,NA,NA,1.67,18.33,NA,NA,NA,NA,NA,NA,NA,NA,NA,NA,NA,0.00,NA,NA,NA
2022-10-24 05:00:00,146.67,212.42,2.38,22.36,24.75,NA,NA,1.59,20.23,NA,NA,NA,NA,NA,NA,NA,NA,NA,NA,NA,0.00,NA,NA,NA
2022-10-24 06:00:00,151.59,186.05,2.10,21.88,23.98,NA,NA,1.56,23.37,NA,NA,NA,NA,NA,NA,NA,NA,NA,NA,NA,0.00,NA,NA,NA
2022-10-24 07:00:00,116.79,144.16,124.90,45.10,94.11,NA,NA,1.77,18.31,NA,NA,NA,NA,NA,NA,NA,NA,NA,NA,NA,0.00,NA,NA,NA
2022-10-24 08:00:00,NA,NA,4.68,22.23,26.92,NA,NA,1.72,21.99,NA,NA,NA,NA,NA,NA,NA,NA,NA,NA,NA,0.00,NA,NA,NA
2022-10-24 09:00:00,41.50,61.71,4.63,22.94,27.58,NA,NA,1.72,53.33,NA,NA,NA,NA,NA,NA,NA,NA,NA,NA,NA,0.00,NA,NA,NA
2022-10-24 10:00:00,106.61,159.51,4.98,22.95,27.93,NA,NA,1.74,81.14,NA,NA,NA,NA,NA,NA,NA,NA,NA,NA,NA,0.00,NA,NA,NA
2022-10-24 11:00:00,123.85,195.99,5.85,22.61,28.46,NA,NA,1.69,112.24,NA,NA,NA,NA,NA,NA,NA,NA,NA,NA,NA,0.00,NA,NA,NA
2022-10-24 12:00:00,127.83,210.87,6.34,22.71,29.04,NA,NA,1.65,142.09,NA,NA,NA,NA,NA,NA,NA,NA,NA,NA,NA,0.00,NA,NA,NA
2022-10-24 13:00:00,110.03,192.07,5.72,20.58,26.30,NA,NA,1.53,152.53,NA,NA,NA,NA,NA,NA,NA,NA,NA,NA,NA,0.00,NA,NA,NA
2022-10-24 14:00:00,83.17,136.78,62.29,30.04,92.71,NA,NA,1.40,125.17,NA,NA,NA,NA,NA,NA,NA,NA,NA,NA,NA,0.00,NA,NA,NA
2022-10-24 15:00:00,NA,NA,5.37,17.64,23.02,NA,NA,1.32,126.41,NA,NA,NA,NA,NA,NA,NA,NA,NA,NA,NA,0.00,NA,NA,NA
2022-10-24 16:00:00,NA,0.03,3.35,16.64,19.99,NA,NA,1.31,104.79,NA,NA,NA,NA,NA,NA,NA,NA,NA,NA,NA,0.00,NA,NA,NA
2022-10-24 17:00:00,3.63,42.81,2.46,17.68,20.15,NA,NA,1.33,85.61,NA,NA,NA,NA,NA,NA,NA,NA,NA,NA,NA,0.00,NA,NA,NA
2022-10-24 18:00:00,18.67,88.17,2.02,18.32,20.34,NA,NA,1.33,68.53,NA,NA,NA,NA,NA,NA,NA,NA,NA,NA,NA,0.00,NA,NA,NA
2022-10-24 19:00:00,42.41,101.17,2.44,18.29,20.73,NA,NA,1.32,63.78,NA,NA,NA,NA,NA,NA,NA,NA,NA,NA,NA,0.00,NA,NA,NA
2022-10-24 20:00:00,65.23,129.91,12.96,20.77,33.75,NA,NA,1.40,59.09,NA,NA,NA,NA,NA,NA,NA,NA,NA,NA,NA,0.00,NA,NA,NA
2022-10-24 21:00:00,36.86,81.88,5.09,21.53,26.66,NA,NA,1.52,51.39,NA,NA,NA,NA,NA,NA,NA,NA,NA,NA,NA,0.00,NA,NA,NA
2022-10-24 22:00:00,165.16,196.94,2.24,23.64,25.88,NA,NA,1.54,50.32,NA,NA,NA,NA,NA,NA,NA,NA,NA,NA,NA,0.00,NA,NA,NA
2022-10-24 23:00:00,251.03,340.94,2.20,22.08,24.28,NA,NA,1.46,48.49,NA,NA,NA,NA,NA,NA,NA,NA,NA,NA,NA,0.00,NA,NA,NA
2022-10-25 00:00:00,311.81,387.16,2.26,22.71,24.97,NA,NA,1.46,34.97,NA,NA,NA,NA,NA,NA,NA,NA,NA,NA,NA,0.00,NA,NA,NA
2022-10-25 01:00:00,316.01,399.83,2.30,21.44,23.73,NA,NA,1.46,34.53,NA,NA,NA,NA,NA,NA,NA,NA,NA,NA,NA,0.00,NA,NA,NA
2022-10-25 02:00:00,235.19,302.24,2.25,18.93,21.18,NA,NA,1.38,41.13,NA,NA,NA,NA,NA,NA,NA,NA,NA,NA,NA,0.00,NA,NA,NA
2022-10-25 03:00:00,168.86,214.20,2.40,18.05,20.45,NA,NA,1.35,46.34,NA,NA,NA,NA,NA,NA,NA,NA,NA,NA,NA,0.00,NA,NA,NA
2022-10-25 04:00:00,205.48,261.82,2.36,20.43,22.79,NA,NA,1.41,25.15,NA,NA,NA,NA,NA,NA,NA,NA,NA,NA,NA,0.00,NA,NA,NA
2022-10-25 05:00:00,170.45,216.63,2.33,18.11,20.44,NA,NA,1.35,29.41,NA,NA,NA,NA,NA,NA,NA,NA,NA,NA,NA,0.00,NA,NA,NA
2022-10-25 06:00:00,156.02,186.36,2.40,16.90,19.29,NA,NA,1.32,27.02,NA,NA,NA,NA,NA,NA,NA,NA,NA,NA,NA,0.00,NA,NA,NA
2022-10-25 07:00:00,148.35,177.97,2.85,17.38,20.23,NA,NA,1.30,30.15,NA,NA,NA,NA,NA,NA,NA,NA,NA,NA,NA,0.00,NA,NA,NA
2022-10-25 08:00:00,129.48,170.84,3.78,18.60,22.38,NA,NA,1.36,39.12,NA,NA,NA,NA,NA,NA,NA,NA,NA,NA,NA,0.00,NA,NA,NA
2022-10-25 09:00:00,137.80,202.91,4.15,18.36,22.52,NA,NA,1.36,66.87,NA,NA,NA,NA,NA,NA,NA,NA,NA,NA,NA,0.00,NA,NA,NA
2022-10-25 10:00:00,104.94,185.29,4.87,17.95,22.82,NA,NA,1.29,86.85,NA,NA,NA,NA,NA,NA,NA,NA,NA,NA,NA,0.00,NA,NA,NA
2022-10-25 11:00:00,86.45,165.15,5.50,16.97,22.47,NA,NA,1.25,97.65,NA,NA,NA,NA,NA,NA,NA,NA,NA,NA,NA,0.00,NA,NA,NA
2022-10-25 12:00:00,83.59,166.60,6.19,17.10,23.28,NA,NA,1.26,103.83,NA,NA,NA,NA,NA,NA,NA,NA,NA,NA,NA,0.00,NA,NA,NA
2022-10-25 13:00:00,81.21,153.78,5.76,16.26,22.01,NA,NA,1.20,111.48,NA,NA,NA,NA,NA,NA,NA,NA,NA,NA,NA,0.00,NA,NA,NA
2022-10-25 14:00:00,59.17,89.72,13.75,19.18,33.00,NA,NA,1.09,87.33,NA,NA,NA,NA,NA,NA,NA,NA,NA,NA,NA,0.00,NA,NA,NA
2022-10-25 15:00:00,NA,NA,15.66,17.87,33.61,NA,NA,1.07,107.25,NA,NA,NA,NA,NA,NA,NA,NA,NA,NA,NA,0.00,NA,NA,NA
2022-10-25 16:00:00,NA,NA,3.66,15.63,19.29,NA,NA,1.18,98.08,NA,NA,NA,NA,NA,NA,NA,NA,NA,NA,NA,0.00,NA,NA,NA
2022-10-25 17:00:00,NA,44.46,2.26,16.57,18.84,NA,NA,1.22,80.65,NA,NA,NA,NA,NA,NA,NA,NA,NA,NA,NA,0.00,NA,NA,NA
2022-10-25 18:00:00,7.17,89.63,2.19,18.18,20.37,NA,NA,1.30,68.57,NA,NA,NA,NA,NA,NA,NA,NA,NA,NA,NA,0.00,NA,NA,NA
2022-10-25 19:00:00,19.45,106.94,487.13,131.88,419.30,NA,NA,1.85,17.10,NA,NA,NA,NA,NA,NA,NA,NA,NA,NA,NA,0.00,NA,NA,NA
2022-10-25 20:00:00,NA,20.06,16.97,23.14,40.30,NA,NA,1.57,32.21,NA,NA,NA,NA,NA,NA,NA,NA,NA,NA,NA,0.00,NA,NA,NA
2022-10-25 21:00:00,NA,NA,2.14,22.62,24.76,NA,NA,1.59,25.67,NA,NA,NA,NA,NA,NA,NA,NA,NA,NA,NA,0.00,NA,NA,NA
2022-10-25 22:00:00,20.72,26.63,2.14,20.41,22.55,NA,NA,1.52,23.21,NA,NA,NA,NA,NA,NA,NA,NA,NA,NA,NA,0.00,NA,NA,NA
2022-10-25 23:00:00,28.61,44.58,2.09,18.67,20.75,NA,NA,1.46,19.48,NA,NA,NA,NA,NA,NA,NA,NA,NA,NA,NA,0.00,NA,NA,NA
2022-10-26 00:00:00,56.71,76.75,2.15,18.97,21.12,NA,NA,1.55,13.50,NA,NA,NA,NA,NA,NA,NA,NA,NA,NA,NA,0.00,NA,NA,NA
2022-10-26 01:00:00,102.70,125.48,2.21,20.50,22.71,NA,NA,1.70,14.95,NA,NA,NA,NA,NA,NA,NA,NA,NA,NA,NA,0.00,NA,NA,NA
2022-10-26 02:00:00,107.04,168.13,2.22,17.85,20.07,NA,NA,1.46,28.43,NA,NA,NA,NA,NA,NA,NA,NA,NA,NA,NA,0.00,NA,NA,NA
2022-10-26 03:00:00,84.81,121.56,2.18,16.36,18.54,NA,NA,1.34,29.91,NA,NA,NA,NA,NA,NA,NA,NA,NA,NA,NA,0.00,NA,NA,NA
2022-10-26 04:00:00,96.79,132.50,2.09,15.78,17.88,NA,NA,1.32,33.55,NA,NA,NA,NA,NA,NA,NA,NA,NA,NA,NA,0.00,NA,NA,NA
2022-10-26 05:00:00,115.15,132.82,2.17,15.39,17.55,NA,NA,1.31,39.53,NA,NA,NA,NA,NA,NA,NA,NA,NA,NA,NA,0.00,NA,NA,NA
2022-10-26 06:00:00,99.56,138.84,2.27,15.20,17.47,NA,NA,1.27,28.21,NA,NA,NA,NA,NA,NA,NA,NA,NA,NA,NA,0.00,NA,NA,NA
2022-10-26 07:00:00,82.27,130.32,2.62,15.42,18.04,NA,NA,1.23,28.60,NA,NA,NA,NA,NA,NA,NA,NA,NA,NA,NA,0.00,NA,NA,NA
2022-10-26 08:00:00,80.27,131.32,3.45,18.10,21.55,NA,NA,1.36,37.64,NA,NA,NA,NA,NA,NA,NA,NA,NA,NA,NA,0.00,NA,NA,NA
2022-10-26 09:00:00,99.68,171.67,4.18,18.32,22.50,NA,NA,1.41,52.58,NA,NA,NA,NA,NA,NA,NA,NA,NA,NA,NA,0.00,NA,NA,NA
2022-10-26 10:00:00,80.99,125.59,34.08,24.09,58.02,NA,NA,1.47,66.54,NA,NA,NA,NA,NA,NA,NA,NA,NA,NA,NA,0.00,NA,NA,NA
2022-10-26 11:00:00,NA,NA,8.96,18.84,27.80,NA,NA,1.44,90.76,NA,NA,NA,NA,NA,NA,NA,NA,NA,NA,NA,0.00,NA,NA,NA
2022-10-26 12:00:00,37.94,51.58,8.33,21.17,29.50,NA,NA,1.37,103.82,NA,NA,NA,NA,NA,NA,NA,NA,NA,NA,NA,0.00,NA,NA,NA
2022-10-26 13:00:00,60.28,184.49,9.53,18.61,28.14,NA,NA,1.35,97.86,NA,NA,NA,NA,NA,NA,NA,NA,NA,NA,NA,0.00,NA,NA,NA
2022-10-26 14:00:00,122.85,226.66,8.24,18.65,26.89,NA,NA,0.20,117.27,NA,NA,NA,NA,NA,NA,NA,NA,NA,NA,NA,0.00,NA,NA,NA
2022-10-26 15:00:00,130.71,211.22,7.91,18.22,26.12,NA,NA,NA,79.69,NA,NA,NA,NA,NA,NA,NA,NA,NA,NA,NA,0.00,NA,NA,NA
2022-10-26 16:00:00,64.36,109.26,423.14,108.96,167.97,NA,NA,0.07,25.09,NA,NA,NA,NA,NA,NA,NA,NA,NA,NA,NA,0.00,NA,NA,NA
2022-10-26 17:00:00,NA,NA,103.84,46.63,186.01,NA,NA,0.55,36.14,NA,NA,NA,NA,NA,NA,NA,NA,NA,NA,NA,0.00,NA,NA,NA
2022-10-26 18:00:00,NA,NA,306.40,83.82,193.48,NA,NA,2.96,29.85,NA,NA,NA,NA,NA,NA,NA,NA,NA,NA,NA,0.00,NA,NA,NA
2022-10-26 19:00:00,NA,NA,4.05,18.66,22.70,NA,NA,3.07,28.66,NA,NA,NA,NA,NA,NA,NA,NA,NA,NA,NA,0.00,NA,NA,NA
2022-10-26 20:00:00,38.09,63.60,2.47,19.41,21.88,NA,NA,3.31,17.46,NA,NA,NA,NA,NA,NA,NA,NA,NA,NA,NA,0.00,NA,NA,NA
2022-10-26 21:00:00,145.29,203.79,2.59,21.04,23.63,NA,NA,3.85,9.99,NA,NA,NA,NA,NA,NA,NA,NA,NA,NA,NA,0.00,NA,NA,NA
2022-10-26 22:00:00,221.47,287.55,2.87,23.32,26.19,NA,NA,4.27,8.31,NA,NA,NA,NA,NA,NA,NA,NA,NA,NA,NA,0.00,NA,NA,NA
2022-10-26 23:00:00,225.50,274.27,4.49,28.07,32.56,NA,NA,4.61,8.03,NA,NA,NA,NA,NA,NA,NA,NA,NA,NA,NA,0.00,NA,NA,NA
2022-10-27 00:00:00,181.90,220.86,5.32,27.77,33.08,NA,NA,4.63,7.84,NA,NA,NA,NA,NA,NA,NA,NA,NA,NA,NA,0.00,NA,NA,NA
2022-10-27 01:00:00,179.76,232.73,4.38,24.41,28.79,NA,NA,4.38,7.91,NA,NA,NA,NA,NA,NA,NA,NA,NA,NA,NA,0.00,NA,NA,NA
2022-10-27 02:00:00,167.26,219.32,3.53,23.42,26.95,NA,NA,4.05,7.93,NA,NA,NA,NA,NA,NA,NA,NA,NA,NA,NA,0.00,NA,NA,NA
2022-10-27 03:00:00,147.14,196.30,2.88,20.89,23.76,NA,NA,3.45,8.60,NA,NA,NA,NA,NA,NA,NA,NA,NA,NA,NA,0.00,NA,NA,NA
2022-10-27 04:00:00,119.36,146.59,2.53,18.55,21.09,NA,NA,2.82,10.32,NA,NA,NA,NA,NA,NA,NA,NA,NA,NA,NA,0.00,NA,NA,NA
2022-10-27 05:00:00,119.86,129.51,2.76,20.51,23.27,NA,NA,2.95,9.14,NA,NA,NA,NA,NA,NA,NA,NA,NA,NA,NA,0.00,NA,NA,NA
2022-10-27 06:00:00,114.21,147.00,2.63,17.20,19.83,NA,NA,2.70,11.32,NA,NA,NA,NA,NA,NA,NA,NA,NA,NA,NA,0.00,NA,NA,NA
2022-10-27 07:00:00,112.12,136.27,3.15,16.25,19.40,NA,NA,2.67,9.36,NA,NA,NA,NA,NA,NA,NA,NA,NA,NA,NA,0.00,NA,NA,NA
2022-10-27 08:00:00,92.16,125.42,5.10,19.67,24.77,NA,NA,2.93,11.32,NA,NA,NA,NA,NA,NA,NA,NA,NA,NA,NA,0.00,NA,NA,NA
2022-10-27 09:00:00,134.99,196.19,5.16,21.95,27.11,NA,NA,3.23,24.74,NA,NA,NA,NA,NA,NA,NA,NA,NA,NA,NA,0.00,NA,NA,NA
2022-10-27 10:00:00,135.89,210.14,5.31,19.39,24.70,NA,NA,2.93,43.05,NA,NA,NA,NA,NA,NA,NA,NA,NA,NA,NA,0.00,NA,NA,NA
2022-10-27 11:00:00,139.42,176.05,6.28,17.80,24.09,NA,NA,2.87,51.93,NA,NA,NA,NA,NA,NA,NA,NA,NA,NA,NA,0.00,NA,NA,NA
2022-10-27 12:00:00,162.41,198.87,6.59,18.88,25.47,NA,NA,2.99,57.42,NA,NA,NA,NA,NA,NA,NA,NA,NA,NA,NA,0.00,NA,NA,NA
2022-10-27 13:00:00,157.21,215.93,6.01,18.66,24.68,NA,NA,2.88,73.51,NA,NA,NA,NA,NA,NA,NA,NA,NA,NA,NA,0.00,NA,NA,NA
2022-10-27 14:00:00,140.62,201.65,5.06,17.83,22.89,NA,NA,2.69,71.71,NA,NA,NA,NA,NA,NA,NA,NA,NA,NA,NA,0.00,NA,NA,NA
2022-10-27 15:00:00,116.48,184.67,4.43,17.45,21.88,NA,NA,2.67,62.92,NA,NA,NA,NA,NA,NA,NA,NA,NA,NA,NA,0.00,NA,NA,NA
2022-10-27 16:00:00,125.67,197.56,3.60,17.75,21.35,NA,NA,2.72,42.83,NA,NA,NA,NA,NA,NA,NA,NA,NA,NA,NA,0.00,NA,NA,NA
2022-10-27 17:00:00,123.85,187.14,2.82,18.66,21.48,NA,NA,2.73,34.60,NA,NA,NA,NA,NA,NA,NA,NA,NA,NA,NA,0.00,NA,NA,NA
2022-10-27 18:00:00,119.36,204.14,2.58,19.00,21.58,NA,NA,2.84,26.25,NA,NA,NA,NA,NA,NA,NA,NA,NA,NA,NA,0.00,NA,NA,NA
2022-10-27 19:00:00,108.21,178.58,2.61,20.41,23.02,NA,NA,2.87,18.10,NA,NA,NA,NA,NA,NA,NA,NA,NA,NA,NA,0.00,NA,NA,NA
2022-10-27 20:00:00,106.76,164.61,2.59,21.61,24.20,NA,NA,2.91,13.32,NA,NA,NA,NA,NA,NA,NA,NA,NA,NA,NA,0.00,NA,NA,NA
2022-10-27 21:00:00,122.76,170.17,2.75,24.91,27.66,NA,NA,3.29,11.16,NA,NA,NA,NA,NA,NA,NA,NA,NA,NA,NA,0.00,NA,NA,NA
2022-10-27 22:00:00,132.47,202.22,2.90,26.91,29.81,NA,NA,3.54,9.59,NA,NA,NA,NA,NA,NA,NA,NA,NA,NA,NA,0.00,NA,NA,NA
2022-10-27 23:00:00,138.23,196.10,6.33,27.02,33.34,NA,NA,3.65,8.13,NA,NA,NA,NA,NA,NA,NA,NA,NA,NA,NA,0.00,NA,NA,NA
2022-10-28 00:00:00,113.49,187.37,3.31,25.70,29.04,NA,NA,3.29,9.34,NA,NA,NA,NA,NA,NA,NA,NA,NA,NA,NA,0.00,NA,NA,NA
2022-10-28 01:00:00,126.40,192.97,3.74,25.55,29.28,NA,NA,3.21,9.22,NA,NA,NA,NA,NA,NA,NA,NA,NA,NA,NA,0.00,NA,NA,NA
2022-10-28 02:00:00,127.53,203.38,2.81,20.21,23.01,NA,NA,3.14,15.13,NA,NA,NA,NA,NA,NA,NA,NA,NA,NA,NA,0.00,NA,NA,NA
2022-10-28 03:00:00,152.53,203.45,2.86,18.11,20.96,NA,NA,3.19,14.36,NA,NA,NA,NA,NA,NA,NA,NA,NA,NA,NA,0.00,NA,NA,NA
2022-10-28 04:00:00,165.01,201.90,2.87,17.60,20.47,NA,NA,3.07,11.25,NA,NA,NA,NA,NA,NA,NA,NA,NA,NA,NA,0.00,NA,NA,NA
2022-10-28 05:00:00,160.39,201.84,2.92,18.06,20.98,NA,NA,3.08,9.81,NA,NA,NA,NA,NA,NA,NA,NA,NA,NA,NA,0.00,NA,NA,NA
2022-10-28 06:00:00,154.67,200.81,3.36,19.35,22.72,NA,NA,3.21,8.91,NA,NA,NA,NA,NA,NA,NA,NA,NA,NA,NA,0.00,NA,NA,NA
2022-10-28 07:00:00,141.84,178.89,5.53,19.61,25.13,NA,NA,3.31,8.47,NA,NA,NA,NA,NA,NA,NA,NA,NA,NA,NA,0.00,NA,NA,NA
2022-10-28 08:00:00,126.20,161.10,6.31,19.93,26.26,NA,NA,3.40,9.83,NA,NA,NA,NA,NA,NA,NA,NA,NA,NA,NA,0.00,NA,NA,NA
2022-10-28 09:00:00,175.51,248.65,6.08,24.92,30.99,NA,NA,3.84,20.77,NA,NA,NA,NA,NA,NA,NA,NA,NA,NA,NA,0.00,NA,NA,NA
2022-10-28 10:00:00,173.70,278.98,5.65,20.41,26.05,NA,NA,3.04,49.83,NA,NA,NA,NA,NA,NA,NA,NA,NA,NA,NA,0.00,NA,NA,NA
2022-10-28 11:00:00,139.86,233.40,7.49,19.32,26.82,NA,NA,2.17,63.39,NA,NA,NA,NA,NA,NA,NA,NA,NA,NA,NA,0.00,NA,NA,NA
2022-10-28 12:00:00,114.94,202.31,15.03,19.95,34.99,NA,NA,0.11,97.61,NA,NA,NA,NA,NA,NA,NA,NA,NA,NA,NA,0.00,NA,NA,NA
2022-10-28 13:00:00,144.21,222.01,14.46,18.57,33.14,NA,NA,1.91,121.11,NA,NA,NA,NA,NA,NA,NA,NA,NA,NA,NA,0.00,NA,NA,NA
2022-10-28 14:00:00,143.78,217.06,15.09,21.56,36.62,NA,NA,0.42,147.02,NA,NA,NA,NA,NA,NA,NA,NA,NA,NA,NA,0.00,NA,NA,NA
2022-10-28 15:00:00,103.50,195.10,12.05,25.44,37.30,NA,NA,1.18,146.72,NA,NA,NA,NA,NA,NA,NA,NA,NA,NA,NA,0.00,NA,NA,NA
2022-10-28 16:00:00,28.31,50.83,5.76,23.15,28.90,NA,NA,0.40,114.03,NA,NA,NA,NA,NA,NA,NA,NA,NA,NA,NA,0.00,NA,NA,NA
2022-10-28 17:00:00,126.31,224.13,2.71,30.64,33.35,NA,NA,0.70,63.29,NA,NA,NA,NA,NA,NA,NA,NA,NA,NA,NA,0.00,NA,NA,NA
2022-10-28 18:00:00,163.38,276.72,2.90,26.88,29.78,NA,NA,0.63,22.36,NA,NA,NA,NA,NA,NA,NA,NA,NA,NA,NA,0.00,NA,NA,NA
2022-10-28 19:00:00,180.88,267.84,3.04,23.40,26.43,NA,NA,0.58,18.30,NA,NA,NA,NA,NA,NA,NA,NA,NA,NA,NA,0.00,NA,NA,NA
2022-10-28 20:00:00,173.90,255.30,2.92,22.21,25.13,NA,NA,0.60,14.55,NA,NA,NA,NA,NA,NA,NA,NA,NA,NA,NA,0.00,NA,NA,NA
2022-10-28 21:00:00,210.14,303.99,3.18,26.38,29.56,NA,NA,0.89,8.13,NA,NA,NA,NA,NA,NA,NA,NA,NA,NA,NA,0.00,NA,NA,NA
2022-10-28 22:00:00,235.56,331.20,4.92,29.28,34.20,NA,NA,1.11,7.58,NA,NA,NA,NA,NA,NA,NA,NA,NA,NA,NA,0.00,NA,NA,NA
2022-10-28 23:00:00,212.13,301.64,5.87,28.99,34.86,NA,NA,0.93,6.28,NA,NA,NA,NA,NA,NA,NA,NA,NA,NA,NA,0.00,NA,NA,NA
2022-10-29 00:00:00,207.70,324.50,4.25,25.14,29.39,NA,NA,0.77,6.50,NA,NA,NA,NA,NA,NA,NA,NA,NA,NA,NA,0.00,NA,NA,NA
2022-10-29 01:00:00,197.22,306.27,4.05,22.90,26.95,NA,NA,0.83,6.44,NA,NA,NA,NA,NA,NA,NA,NA,NA,NA,NA,0.00,NA,NA,NA
2022-10-29 02:00:00,208.14,284.18,5.73,22.63,28.36,NA,NA,0.89,6.70,NA,NA,NA,NA,NA,NA,NA,NA,NA,NA,NA,0.00,NA,NA,NA
2022-10-29 03:00:00,224.48,283.38,5.83,22.72,28.55,NA,NA,0.95,6.14,NA,NA,NA,NA,NA,NA,NA,NA,NA,NA,NA,0.00,NA,NA,NA
2022-10-29 04:00:00,228.45,324.66,6.21,23.08,29.29,NA,NA,1.05,6.40,NA,NA,NA,NA,NA,NA,NA,NA,NA,NA,NA,0.00,NA,NA,NA
2022-10-29 05:00:00,238.79,326.90,6.30,22.39,28.69,NA,NA,1.05,6.18,NA,NA,NA,NA,NA,NA,NA,NA,NA,NA,NA,0.00,NA,NA,NA
2022-10-29 06:00:00,242.49,311.40,6.36,23.58,29.95,NA,NA,1.02,6.30,NA,NA,NA,NA,NA,NA,NA,NA,NA,NA,NA,0.00,NA,NA,NA
2022-10-29 07:00:00,254.01,395.40,6.56,26.90,33.46,NA,NA,0.96,6.03,NA,NA,NA,NA,NA,NA,NA,NA,NA,NA,NA,0.00,NA,NA,NA
2022-10-29 08:00:00,213.34,324.58,6.62,24.58,31.19,NA,NA,0.85,6.31,NA,NA,NA,NA,NA,NA,NA,NA,NA,NA,NA,0.00,NA,NA,NA
2022-10-29 09:00:00,251.76,371.34,4.60,26.88,31.48,NA,NA,0.85,14.08,NA,NA,NA,NA,NA,NA,NA,NA,NA,NA,NA,0.00,NA,NA,NA
2022-10-29 10:00:00,284.34,425.14,3.92,25.18,29.10,NA,NA,0.70,35.20,NA,NA,NA,NA,NA,NA,NA,NA,NA,NA,NA,0.00,NA,NA,NA
2022-10-29 11:00:00,257.22,400.00,3.43,21.84,25.27,NA,NA,0.59,53.68,NA,NA,NA,NA,NA,NA,NA,NA,NA,NA,NA,0.00,NA,NA,NA
2022-10-29 12:00:00,218.38,370.04,3.33,20.52,23.84,NA,NA,0.55,63.26,NA,NA,NA,NA,NA,NA,NA,NA,NA,NA,NA,0.00,NA,NA,NA
2022-10-29 13:00:00,229.74,344.18,3.18,18.95,22.13,NA,NA,0.45,63.09,NA,NA,NA,NA,NA,NA,NA,NA,NA,NA,NA,0.00,NA,NA,NA
2022-10-29 14:00:00,181.90,264.06,2.96,17.78,20.73,NA,NA,0.31,61.53,NA,NA,NA,NA,NA,NA,NA,NA,NA,NA,NA,0.00,NA,NA,NA
2022-10-29 15:00:00,145.32,225.08,2.90,17.84,20.74,NA,NA,0.27,54.40,NA,NA,NA,NA,NA,NA,NA,NA,NA,NA,NA,0.00,NA,NA,NA
2022-10-29 16:00:00,128.75,199.24,3.11,17.94,21.04,NA,NA,0.24,31.38,NA,NA,NA,NA,NA,NA,NA,NA,NA,NA,NA,0.00,NA,NA,NA
2022-10-29 17:00:00,119.77,168.29,3.52,18.13,21.65,NA,NA,0.21,12.92,NA,NA,NA,NA,NA,NA,NA,NA,NA,NA,NA,0.00,NA,NA,NA
2022-10-29 18:00:00,102.03,146.12,3.74,20.67,24.42,NA,NA,0.25,12.90,NA,NA,NA,NA,NA,NA,NA,NA,NA,NA,NA,0.00,NA,NA,NA
2022-10-29 19:00:00,96.75,149.98,3.67,18.85,22.52,NA,NA,0.20,22.25,NA,NA,NA,NA,NA,NA,NA,NA,NA,NA,NA,0.00,NA,NA,NA
2022-10-29 20:00:00,116.35,172.24,4.42,20.99,25.42,NA,NA,0.34,11.93,NA,NA,NA,NA,NA,NA,NA,NA,NA,NA,NA,0.00,NA,NA,NA
2022-10-29 21:00:00,153.25,215.61,4.26,21.50,25.75,NA,NA,0.40,6.62,NA,NA,NA,NA,NA,NA,NA,NA,NA,NA,NA,0.00,NA,NA,NA
2022-10-29 22:00:00,151.14,199.03,3.76,19.78,23.54,NA,NA,0.31,9.99,NA,NA,NA,NA,NA,NA,NA,NA,NA,NA,NA,0.00,NA,NA,NA
2022-10-29 23:00:00,139.32,197.54,3.74,19.87,23.62,NA,NA,0.29,10.09,NA,NA,NA,NA,NA,NA,NA,NA,NA,NA,NA,0.00,NA,NA,NA
2022-10-30 00:00:00,140.60,215.58,4.99,22.22,27.23,NA,NA,0.47,6.21,NA,NA,NA,NA,NA,NA,NA,NA,NA,NA,NA,0.00,NA,NA,NA
2022-10-30 01:00:00,142.52,245.90,8.47,25.71,34.16,NA,NA,0.50,7.45,NA,NA,NA,NA,NA,NA,NA,NA,NA,NA,NA,0.00,NA,NA,NA
2022-10-30 02:00:00,139.42,242.55,7.52,22.82,30.34,NA,NA,0.50,6.11,NA,NA,NA,NA,NA,NA,NA,NA,NA,NA,NA,0.00,NA,NA,NA
2022-10-30 03:00:00,150.50,232.14,10.92,24.53,35.46,NA,NA,0.74,5.49,NA,NA,NA,NA,NA,NA,NA,NA,NA,NA,NA,0.00,NA,NA,NA
2022-10-30 04:00:00,176.10,257.60,9.50,26.98,36.48,NA,NA,0.69,5.34,NA,NA,NA,NA,NA,NA,NA,NA,NA,NA,NA,0.00,NA,NA,NA
2022-10-30 05:00:00,181.36,271.98,7.10,24.81,31.89,NA,NA,0.54,5.76,NA,NA,NA,NA,NA,NA,NA,NA,NA,NA,NA,0.00,NA,NA,NA
2022-10-30 06:00:00,174.22,239.45,4.49,23.06,27.54,NA,NA,0.42,5.83,NA,NA,NA,NA,NA,NA,NA,NA,NA,NA,NA,0.00,NA,NA,NA
2022-10-30 07:00:00,155.08,221.06,4.27,21.51,25.77,NA,NA,0.36,6.49,NA,NA,NA,NA,NA,NA,NA,NA,NA,NA,NA,0.00,NA,NA,NA
2022-10-30 08:00:00,157.76,221.67,5.11,24.59,29.71,NA,NA,0.42,9.13,NA,NA,NA,NA,NA,NA,NA,NA,NA,NA,NA,0.00,NA,NA,NA
2022-10-30 09:00:00,169.50,283.62,4.21,25.36,29.57,NA,NA,0.45,22.01,NA,NA,NA,NA,NA,NA,NA,NA,NA,NA,NA,0.00,NA,NA,NA
2022-10-30 10:00:00,198.85,320.00,3.41,23.57,26.95,NA,NA,0.47,36.52,NA,NA,NA,NA,NA,NA,NA,NA,NA,NA,NA,0.00,NA,NA,NA
2022-10-30 11:00:00,168.55,263.42,NA,180.33,191.24,NA,NA,0.54,40.44,NA,NA,NA,NA,NA,NA,NA,NA,NA,NA,NA,0.00,NA,NA,NA
2022-10-30 12:00:00,0.50,1.64,12.49,20.92,33.50,NA,NA,0.39,58.56,NA,NA,NA,NA,NA,NA,NA,NA,NA,NA,NA,0.00,NA,NA,NA
2022-10-30 13:00:00,3.48,28.60,3.00,18.78,21.78,NA,NA,0.36,58.47,NA,NA,NA,NA,NA,NA,NA,NA,NA,NA,NA,0.00,NA,NA,NA
2022-10-30 14:00:00,47.77,94.65,2.81,18.66,21.47,NA,NA,0.37,58.18,NA,NA,NA,NA,NA,NA,NA,NA,NA,NA,NA,0.00,NA,NA,NA
2022-10-30 15:00:00,89.59,164.34,2.85,18.59,21.45,NA,NA,0.38,50.34,NA,NA,NA,NA,NA,NA,NA,NA,NA,NA,NA,0.00,NA,NA,NA
2022-10-30 16:00:00,113.74,215.55,2.90,18.56,21.46,NA,NA,0.39,32.74,NA,NA,NA,NA,NA,NA,NA,NA,NA,NA,NA,0.00,NA,NA,NA
2022-10-30 17:00:00,130.44,200.46,3.06,18.82,21.88,NA,NA,0.40,23.82,NA,NA,NA,NA,NA,NA,NA,NA,NA,NA,NA,0.00,NA,NA,NA
2022-10-30 18:00:00,154.43,210.23,3.32,19.11,22.44,NA,NA,0.42,16.16,NA,NA,NA,NA,NA,NA,NA,NA,NA,NA,NA,0.00,NA,NA,NA
2022-10-30 19:00:00,183.24,243.34,3.35,19.50,22.85,NA,NA,0.43,12.47,NA,NA,NA,NA,NA,NA,NA,NA,NA,NA,NA,0.00,NA,NA,NA
2022-10-30 20:00:00,165.68,231.00,3.24,18.85,22.08,NA,NA,0.42,11.15,NA,NA,NA,NA,NA,NA,NA,NA,NA,NA,NA,0.00,NA,NA,NA
2022-10-30 21:00:00,180.92,236.18,3.44,18.37,21.80,NA,NA,0.45,11.33,NA,NA,NA,NA,NA,NA,NA,NA,NA,NA,NA,0.00,NA,NA,NA
2022-10-30 22:00:00,185.26,247.45,3.46,18.98,22.44,NA,NA,0.52,7.32,NA,NA,NA,NA,NA,NA,NA,NA,NA,NA,NA,0.00,NA,NA,NA
2022-10-30 23:00:00,191.06,249.39,3.64,20.28,23.92,NA,NA,0.48,6.70,NA,NA,NA,NA,NA,NA,NA,NA,NA,NA,NA,0.00,NA,NA,NA
2022-10-31 00:00:00,215.85,236.90,3.52,18.67,22.19,NA,NA,0.48,8.35,NA,NA,NA,NA,NA,NA,NA,NA,NA,NA,NA,0.00,NA,NA,NA
2022-10-31 01:00:00,219.27,271.14,3.36,17.52,20.88,NA,NA,0.43,8.97,NA,NA,NA,NA,NA,NA,NA,NA,NA,NA,NA,0.00,NA,NA,NA
2022-10-31 02:00:00,253.25,318.64,3.74,17.93,21.67,NA,NA,0.49,9.15,NA,NA,NA,NA,NA,NA,NA,NA,NA,NA,NA,0.00,NA,NA,NA
2022-10-31 03:00:00,198.54,272.46,3.94,19.74,23.68,NA,NA,0.44,11.19,NA,NA,NA,NA,NA,NA,NA,NA,NA,NA,NA,0.00,NA,NA,NA
2022-10-31 04:00:00,181.87,271.34,3.36,17.72,21.08,NA,NA,0.40,8.72,NA,NA,NA,NA,NA,NA,NA,NA,NA,NA,NA,0.00,NA,NA,NA
2022-10-31 05:00:00,181.13,242.48,3.50,17.97,21.47,NA,NA,0.42,7.35,NA,NA,NA,NA,NA,NA,NA,NA,NA,NA,NA,0.00,NA,NA,NA
2022-10-31 06:00:00,193.91,243.94,3.61,19.13,22.74,NA,NA,0.48,7.07,NA,NA,NA,NA,NA,NA,NA,NA,NA,NA,NA,0.00,NA,NA,NA
2022-10-31 07:00:00,183.25,231.42,3.82,18.16,21.98,NA,NA,0.42,6.61,NA,NA,NA,NA,NA,NA,NA,NA,NA,NA,NA,0.00,NA,NA,NA
2022-10-31 08:00:00,164.33,217.15,4.08,19.50,23.58,NA,NA,0.44,7.95,NA,NA,NA,NA,NA,NA,NA,NA,NA,NA,NA,0.00,NA,NA,NA
2022-10-31 09:00:00,184.83,293.12,4.04,22.82,26.86,NA,NA,0.58,16.72,NA,NA,NA,NA,NA,NA,NA,NA,NA,NA,NA,0.00,NA,NA,NA
2022-10-31 10:00:00,199.07,356.53,3.63,24.07,27.70,NA,NA,0.55,29.70,NA,NA,NA,NA,NA,NA,NA,NA,NA,NA,NA,0.00,NA,NA,NA
2022-10-31 11:00:00,204.97,388.90,3.64,22.20,25.84,NA,NA,0.57,36.57,NA,NA,NA,NA,NA,NA,NA,NA,NA,NA,NA,0.00,NA,NA,NA
2022-10-31 12:00:00,220.29,400.64,3.16,22.80,25.96,NA,NA,0.46,29.87,NA,NA,NA,NA,NA,NA,NA,NA,NA,NA,NA,0.00,NA,NA,NA
2022-10-31 13:00:00,251.87,428.20,3.41,26.07,29.48,NA,NA,0.53,106.52,NA,NA,NA,NA,NA,NA,NA,NA,NA,NA,NA,0.00,NA,NA,NA
2022-10-31 14:00:00,267.65,453.62,3.05,27.70,30.75,NA,NA,0.95,115.59,NA,NA,NA,NA,NA,NA,NA,NA,NA,NA,NA,0.00,NA,NA,NA
2022-10-31 15:00:00,271.97,464.58,2.60,34.66,51.48,NA,NA,0.99,122.37,NA,NA,NA,NA,NA,NA,NA,NA,NA,NA,NA,0.00,NA,NA,NA
2022-10-31 16:00:00,266.90,415.91,20.68,13.74,60.18,NA,NA,1.02,57.98,NA,NA,NA,NA,NA,NA,NA,NA,NA,NA,NA,0.00,NA,NA,NA
2022-10-31 17:00:00,251.00,364.97,97.65,27.10,107.68,NA,NA,1.01,59.63,NA,NA,NA,NA,NA,NA,NA,NA,NA,NA,NA,0.00,NA,NA,NA
2022-10-31 18:00:00,227.99,310.03,21.75,39.17,60.92,NA,NA,0.97,41.61,NA,NA,NA,NA,NA,NA,NA,NA,NA,NA,NA,0.00,NA,NA,NA
2022-10-31 19:00:00,227.67,309.28,18.84,51.66,70.50,NA,NA,0.94,46.71,NA,NA,NA,NA,NA,NA,NA,NA,NA,NA,NA,0.00,NA,NA,NA
2022-10-31 20:00:00,243.54,323.09,18.81,75.46,94.27,NA,NA,1.19,22.09,NA,NA,NA,NA,NA,NA,NA,NA,NA,NA,NA,0.00,NA,NA,NA
2022-10-31 21:00:00,263.20,347.73,15.39,67.74,83.13,NA,NA,1.13,13.05,NA,NA,NA,NA,NA,NA,NA,NA,NA,NA,NA,0.00,NA,NA,NA
2022-10-31 22:00:00,249.61,345.74,13.75,57.71,71.46,NA,NA,1.00,18.11,NA,NA,NA,NA,NA,NA,NA,NA,NA,NA,NA,0.00,NA,NA,NA
2022-10-31 23:00:00,234.50,334.73,12.80,51.86,64.66,NA,NA,0.98,16.31,NA,NA,NA,NA,NA,NA,NA,NA,NA,NA,NA,0.00,NA,NA,NA
2022-11-01 00:00:00,243.32,305.96,12.10,43.45,55.55,NA,NA,0.96,13.59,NA,NA,NA,NA,NA,NA,NA,NA,NA,NA,NA,0.00,NA,NA,NA
2022-11-01 01:00:00,247.98,325.66,11.54,39.81,51.34,NA,NA,1.08,11.67,NA,NA,NA,NA,NA,NA,NA,NA,NA,NA,NA,0.00,NA,NA,NA
2022-11-01 02:00:00,257.53,335.34,10.85,36.28,47.14,NA,NA,1.13,12.11,NA,NA,NA,NA,NA,NA,NA,NA,NA,NA,NA,0.00,NA,NA,NA
2022-11-01 03:00:00,257.49,335.31,10.42,34.41,44.83,NA,NA,1.14,12.66,NA,NA,NA,NA,NA,NA,NA,NA,NA,NA,NA,0.00,NA,NA,NA
2022-11-01 04:00:00,296.61,388.44,10.16,34.68,44.85,NA,NA,1.29,6.96,NA,NA,NA,NA,NA,NA,NA,NA,NA,NA,NA,0.00,NA,NA,NA
2022-11-01 05:00:00,278.56,350.66,9.51,28.30,37.81,NA,NA,1.22,6.69,NA,NA,NA,NA,NA,NA,NA,NA,NA,NA,NA,0.00,NA,NA,NA
2022-11-01 06:00:00,273.57,318.13,9.14,28.22,37.36,NA,NA,1.15,6.69,NA,NA,NA,NA,NA,NA,NA,NA,NA,NA,NA,0.00,NA,NA,NA
2022-11-01 07:00:00,248.90,330.80,10.16,26.86,37.01,NA,NA,1.13,5.06,NA,NA,NA,NA,NA,NA,NA,NA,NA,NA,NA,0.00,NA,NA,NA
2022-11-01 08:00:00,215.19,275.67,12.42,26.47,38.89,NA,NA,1.16,6.04,NA,NA,NA,NA,NA,NA,NA,NA,NA,NA,NA,0.00,NA,NA,NA
2022-11-01 09:00:00,252.22,335.61,13.95,37.13,51.08,NA,NA,1.39,25.54,NA,NA,NA,NA,NA,NA,NA,NA,NA,NA,NA,0.00,NA,NA,NA
2022-11-01 10:00:00,274.41,424.48,12.49,30.85,43.34,NA,NA,1.23,75.02,NA,NA,NA,NA,NA,NA,NA,NA,NA,NA,NA,0.00,NA,NA,NA
2022-11-01 11:00:00,226.57,355.92,12.59,23.79,36.37,NA,NA,0.88,105.21,NA,NA,NA,NA,NA,NA,NA,NA,NA,NA,NA,0.00,NA,NA,NA
2022-11-01 12:00:00,201.20,320.89,12.90,23.82,36.72,NA,NA,0.85,119.38,NA,NA,NA,NA,NA,NA,NA,NA,NA,NA,NA,0.00,NA,NA,NA
2022-11-01 13:00:00,199.83,304.81,11.83,22.64,34.47,NA,NA,0.73,117.72,NA,NA,NA,NA,NA,NA,NA,NA,NA,NA,NA,0.00,NA,NA,NA
2022-11-01 14:00:00,163.79,245.65,10.02,22.45,32.47,NA,NA,0.68,113.92,NA,NA,NA,NA,NA,NA,NA,NA,NA,NA,NA,0.00,NA,NA,NA
2022-11-01 15:00:00,160.29,247.46,8.85,21.89,30.74,NA,NA,0.65,106.18,NA,NA,NA,NA,NA,NA,NA,NA,NA,NA,NA,0.00,NA,NA,NA
2022-11-01 16:00:00,149.53,233.01,8.09,21.97,30.06,NA,NA,0.63,77.07,NA,NA,NA,NA,NA,NA,NA,NA,NA,NA,NA,0.00,NA,NA,NA
2022-11-01 17:00:00,117.00,181.32,6.80,25.35,32.15,NA,NA,0.56,56.81,NA,NA,NA,NA,NA,NA,NA,NA,NA,NA,NA,0.00,NA,NA,NA
2022-11-01 18:00:00,90.96,172.49,6.29,28.87,35.17,NA,NA,0.59,42.16,NA,NA,NA,NA,NA,NA,NA,NA,NA,NA,NA,0.00,NA,NA,NA
2022-11-01 19:00:00,122.88,204.84,6.24,29.01,35.24,NA,NA,0.73,24.23,NA,NA,NA,NA,NA,NA,NA,NA,NA,NA,NA,0.00,NA,NA,NA
2022-11-01 20:00:00,115.39,216.50,248.00,80.67,210.07,NA,NA,1.16,34.94,NA,NA,NA,NA,NA,NA,NA,NA,NA,NA,NA,0.00,NA,NA,NA
2022-11-01 21:00:00,0.43,33.25,10.60,43.61,54.26,NA,NA,1.36,27.56,NA,NA,NA,NA,NA,NA,NA,NA,NA,NA,NA,0.00,NA,NA,NA
2022-11-01 22:00:00,41.61,101.01,5.97,37.59,43.56,NA,NA,1.18,18.38,NA,NA,NA,NA,NA,NA,NA,NA,NA,NA,NA,0.00,NA,NA,NA
2022-11-01 23:00:00,130.16,195.18,5.59,31.23,36.81,NA,NA,1.05,17.54,NA,NA,NA,NA,NA,NA,NA,NA,NA,NA,NA,0.00,NA,NA,NA
2022-11-02 00:00:00,163.85,252.20,5.67,29.94,35.61,NA,NA,1.09,15.67,NA,NA,NA,NA,NA,NA,NA,NA,NA,NA,NA,0.00,NA,NA,NA
2022-11-02 01:00:00,221.62,296.90,5.53,30.21,35.73,NA,NA,1.11,11.57,NA,NA,NA,NA,NA,NA,NA,NA,NA,NA,NA,0.00,NA,NA,NA
2022-11-02 02:00:00,202.46,278.78,5.36,27.21,32.57,NA,NA,1.02,9.30,NA,NA,NA,NA,NA,NA,NA,NA,NA,NA,NA,0.00,NA,NA,NA
2022-11-02 03:00:00,194.06,248.85,5.26,26.36,31.62,NA,NA,0.96,9.05,NA,NA,NA,NA,NA,NA,NA,NA,NA,NA,NA,0.00,NA,NA,NA
2022-11-02 04:00:00,194.56,274.13,5.32,26.37,31.69,NA,NA,0.98,5.63,NA,NA,NA,NA,NA,NA,NA,NA,NA,NA,NA,0.00,NA,NA,NA
2022-11-02 05:00:00,208.52,298.04,5.41,28.77,34.18,NA,NA,0.96,9.72,NA,NA,NA,NA,NA,NA,NA,NA,NA,NA,NA,0.00,NA,NA,NA
2022-11-02 06:00:00,142.01,188.56,109.61,47.49,157.56,NA,NA,0.82,12.23,NA,NA,NA,NA,NA,NA,NA,NA,NA,NA,NA,0.00,NA,NA,NA
2022-11-02 07:00:00,NA,NA,10.86,38.33,49.19,NA,NA,0.79,7.99,NA,NA,NA,NA,NA,NA,NA,NA,NA,NA,NA,0.00,NA,NA,NA
2022-11-02 08:00:00,NA,42.67,8.66,33.63,42.30,NA,NA,0.72,17.81,NA,NA,NA,NA,NA,NA,NA,NA,NA,NA,NA,0.00,NA,NA,NA
2022-11-02 09:00:00,28.00,161.04,8.89,33.70,42.58,NA,NA,0.82,37.61,NA,NA,NA,NA,NA,NA,NA,NA,NA,NA,NA,0.00,NA,NA,NA
2022-11-02 10:00:00,113.56,268.12,8.94,34.21,43.15,NA,NA,0.88,68.51,NA,NA,NA,NA,NA,NA,NA,NA,NA,NA,NA,0.00,NA,NA,NA
2022-11-02 11:00:00,127.05,284.62,9.70,29.35,39.05,NA,NA,0.79,98.94,NA,NA,NA,NA,NA,NA,NA,NA,NA,NA,NA,0.00,NA,NA,NA
2022-11-02 12:00:00,127.65,274.47,10.56,25.81,36.36,NA,NA,0.72,107.88,NA,NA,NA,NA,NA,NA,NA,NA,NA,NA,NA,0.00,NA,NA,NA
2022-11-02 13:00:00,130.42,247.87,9.69,23.37,33.07,NA,NA,0.65,111.14,NA,NA,NA,NA,NA,NA,NA,NA,NA,NA,NA,0.00,NA,NA,NA
2022-11-02 14:00:00,128.23,224.58,8.17,23.32,31.48,NA,NA,0.66,114.62,NA,NA,NA,NA,NA,NA,NA,NA,NA,NA,NA,0.00,NA,NA,NA
2022-11-02 15:00:00,140.17,252.16,6.97,23.69,30.66,NA,NA,0.70,117.02,NA,NA,NA,NA,NA,NA,NA,NA,NA,NA,NA,0.00,NA,NA,NA
2022-11-02 16:00:00,161.08,276.64,5.49,25.62,31.12,NA,NA,0.75,102.49,NA,NA,NA,NA,NA,NA,NA,NA,NA,NA,NA,0.00,NA,NA,NA
2022-11-02 17:00:00,166.77,295.72,4.48,28.04,32.52,NA,NA,0.79,70.28,NA,NA,NA,NA,NA,NA,NA,NA,NA,NA,NA,0.00,NA,NA,NA
2022-11-02 18:00:00,177.44,295.69,4.46,32.05,36.52,NA,NA,0.94,50.23,NA,NA,NA,NA,NA,NA,NA,NA,NA,NA,NA,0.00,NA,NA,NA
2022-11-02 19:00:00,235.49,353.22,4.76,35.29,40.02,NA,NA,1.06,26.72,NA,NA,NA,NA,NA,NA,NA,NA,NA,NA,NA,0.00,NA,NA,NA
2022-11-02 20:00:00,237.20,353.70,4.76,42.67,47.43,NA,NA,1.27,12.14,NA,NA,NA,NA,NA,NA,NA,NA,NA,NA,NA,0.00,NA,NA,NA
2022-11-02 21:00:00,238.72,349.92,4.64,40.49,45.12,NA,NA,1.27,11.81,NA,NA,NA,NA,NA,NA,NA,NA,NA,NA,NA,0.00,NA,NA,NA
2022-11-02 22:00:00,237.87,382.25,7.25,51.99,59.22,NA,NA,1.50,6.67,NA,NA,NA,NA,NA,NA,NA,NA,NA,NA,NA,0.00,NA,NA,NA
2022-11-02 23:00:00,237.62,437.71,9.95,47.30,57.26,NA,NA,1.59,4.32,NA,NA,NA,NA,NA,NA,NA,NA,NA,NA,NA,0.00,NA,NA,NA
2022-11-03 00:00:00,252.96,411.59,5.37,41.60,46.97,NA,NA,1.25,6.54,NA,NA,NA,NA,NA,NA,NA,NA,NA,NA,NA,0.00,NA,NA,NA
2022-11-03 01:00:00,250.92,408.93,8.62,45.27,53.88,NA,NA,1.22,4.87,NA,NA,NA,NA,NA,NA,NA,NA,NA,NA,NA,0.00,NA,NA,NA
2022-11-03 02:00:00,248.51,376.07,10.22,41.85,52.07,NA,NA,1.30,4.37,NA,NA,NA,NA,NA,NA,NA,NA,NA,NA,NA,0.00,NA,NA,NA
2022-11-03 03:00:00,343.14,482.75,7.48,43.87,51.36,NA,NA,1.57,6.44,NA,NA,NA,NA,NA,NA,NA,NA,NA,NA,NA,0.00,NA,NA,NA
2022-11-03 04:00:00,501.86,616.73,4.87,37.15,42.02,NA,NA,1.67,9.11,NA,NA,NA,NA,NA,NA,NA,NA,NA,NA,NA,0.00,NA,NA,NA
2022-11-03 05:00:00,573.11,662.19,4.76,35.36,40.12,NA,NA,1.65,8.73,NA,NA,NA,NA,NA,NA,NA,NA,NA,NA,NA,0.00,NA,NA,NA
2022-11-03 06:00:00,556.57,661.89,4.57,34.53,39.10,NA,NA,1.59,10.56,NA,NA,NA,NA,NA,NA,NA,NA,NA,NA,NA,0.00,NA,NA,NA
2022-11-03 07:00:00,532.35,638.54,7.28,36.91,44.18,NA,NA,1.63,8.91,NA,NA,NA,NA,NA,NA,NA,NA,NA,NA,NA,0.00,NA,NA,NA
2022-11-03 08:00:00,539.58,683.70,7.54,40.19,47.72,NA,NA,1.75,19.31,NA,NA,NA,NA,NA,NA,NA,NA,NA,NA,NA,0.00,NA,NA,NA
2022-11-03 09:00:00,586.93,736.50,7.05,36.22,43.26,NA,NA,1.66,40.43,NA,NA,NA,NA,NA,NA,NA,NA,NA,NA,NA,0.00,NA,NA,NA
2022-11-03 10:00:00,543.85,715.59,7.98,37.54,45.52,NA,NA,1.62,71.80,NA,NA,NA,NA,NA,NA,NA,NA,NA,NA,NA,0.00,NA,NA,NA
2022-11-03 11:00:00,512.19,679.94,8.50,35.88,44.38,NA,NA,1.43,101.42,NA,NA,NA,NA,NA,NA,NA,NA,NA,NA,NA,0.00,NA,NA,NA
2022-11-03 12:00:00,455.75,599.40,8.90,32.28,41.18,NA,NA,1.31,116.26,NA,NA,NA,NA,NA,NA,NA,NA,NA,NA,NA,0.00,NA,NA,NA
2022-11-03 13:00:00,417.35,544.94,7.86,29.28,37.14,NA,NA,1.21,116.08,NA,NA,NA,NA,NA,NA,NA,NA,NA,NA,NA,0.00,NA,NA,NA
2022-11-03 14:00:00,424.40,560.34,6.39,29.21,35.60,NA,NA,1.26,112.34,NA,NA,NA,NA,NA,NA,NA,NA,NA,NA,NA,0.00,NA,NA,NA
2022-11-03 15:00:00,433.96,559.75,5.62,30.85,36.47,NA,NA,1.28,94.45,NA,NA,NA,NA,NA,NA,NA,NA,NA,NA,NA,0.00,NA,NA,NA
2022-11-03 16:00:00,425.29,555.34,4.83,28.25,33.08,NA,NA,1.23,68.53,NA,NA,NA,NA,NA,NA,NA,NA,NA,NA,NA,0.00,NA,NA,NA
2022-11-03 17:00:00,381.01,485.57,4.18,28.82,33.00,NA,NA,1.12,60.52,NA,NA,NA,NA,NA,NA,NA,NA,NA,NA,NA,0.00,NA,NA,NA
2022-11-03 18:00:00,371.13,461.52,3.94,29.84,33.78,NA,NA,1.14,40.46,NA,NA,NA,NA,NA,NA,NA,NA,NA,NA,NA,0.00,NA,NA,NA
2022-11-03 19:00:00,368.32,489.86,4.16,40.17,44.33,NA,NA,1.42,16.43,NA,NA,NA,NA,NA,NA,NA,NA,NA,NA,NA,0.00,NA,NA,NA
2022-11-03 20:00:00,350.66,500.80,4.25,36.38,40.63,NA,NA,1.44,7.91,NA,NA,NA,NA,NA,NA,NA,NA,NA,NA,NA,0.00,NA,NA,NA
2022-11-03 21:00:00,325.46,413.35,4.15,36.11,40.27,NA,NA,1.40,9.07,NA,NA,NA,NA,NA,NA,NA,NA,NA,NA,NA,0.00,NA,NA,NA
2022-11-03 22:00:00,306.56,380.41,4.10,34.74,38.83,NA,NA,1.39,9.20,NA,NA,NA,NA,NA,NA,NA,NA,NA,NA,NA,0.00,NA,NA,NA
2022-11-03 23:00:00,304.06,399.27,7.66,36.62,44.26,NA,NA,1.47,6.59,NA,NA,NA,NA,NA,NA,NA,NA,NA,NA,NA,0.00,NA,NA,NA
2022-11-04 00:00:00,333.11,416.25,12.65,38.93,51.60,NA,NA,1.50,3.97,NA,NA,NA,NA,NA,NA,NA,NA,NA,NA,NA,0.00,NA,NA,NA
2022-11-04 01:00:00,314.24,410.63,4.70,35.14,39.84,NA,NA,1.32,5.58,NA,NA,NA,NA,NA,NA,NA,NA,NA,NA,NA,0.00,NA,NA,NA
2022-11-04 02:00:00,314.72,389.00,9.78,39.14,48.91,NA,NA,1.33,4.71,NA,NA,NA,NA,NA,NA,NA,NA,NA,NA,NA,0.00,NA,NA,NA
2022-11-04 03:00:00,331.77,410.71,12.50,38.12,50.65,NA,NA,1.31,4.72,NA,NA,NA,NA,NA,NA,NA,NA,NA,NA,NA,0.00,NA,NA,NA
2022-11-04 04:00:00,310.16,377.98,4.15,26.23,30.38,NA,NA,1.08,5.06,NA,NA,NA,NA,NA,NA,NA,NA,NA,NA,NA,0.00,NA,NA,NA
2022-11-04 05:00:00,305.03,347.63,3.84,25.46,29.30,NA,NA,1.02,6.39,NA,NA,NA,NA,NA,NA,NA,NA,NA,NA,NA,0.00,NA,NA,NA
2022-11-04 06:00:00,316.06,366.18,3.83,28.00,31.83,NA,NA,0.99,6.27,NA,NA,NA,NA,NA,NA,NA,NA,NA,NA,NA,0.00,NA,NA,NA
2022-11-04 07:00:00,274.56,329.30,5.36,30.76,36.13,NA,NA,0.96,7.48,NA,NA,NA,NA,NA,NA,NA,NA,NA,NA,NA,0.00,NA,NA,NA
2022-11-04 08:00:00,251.70,322.12,5.90,26.02,31.91,NA,NA,0.95,10.36,NA,NA,NA,NA,NA,NA,NA,NA,NA,NA,NA,0.00,NA,NA,NA
2022-11-04 09:00:00,345.82,415.60,6.46,27.55,34.01,NA,NA,1.14,37.93,NA,NA,NA,NA,NA,NA,NA,NA,NA,NA,NA,0.00,NA,NA,NA
2022-11-04 10:00:00,306.90,383.59,6.72,25.40,32.12,NA,NA,0.95,82.74,NA,NA,NA,NA,NA,NA,NA,NA,NA,NA,NA,0.00,NA,NA,NA
2022-11-04 11:00:00,263.81,356.84,8.06,25.27,33.33,NA,NA,0.95,102.28,NA,NA,NA,NA,NA,NA,NA,NA,NA,NA,NA,0.00,NA,NA,NA
2022-11-04 12:00:00,297.73,407.39,8.39,25.46,33.85,NA,NA,1.02,111.62,NA,NA,NA,NA,NA,NA,NA,NA,NA,NA,NA,0.00,NA,NA,NA
2022-11-04 13:00:00,323.44,425.74,7.83,25.41,33.23,NA,NA,1.07,119.16,NA,NA,NA,NA,NA,NA,NA,NA,NA,NA,NA,0.00,NA,NA,NA
2022-11-04 14:00:00,328.14,456.14,6.79,25.40,32.18,NA,NA,1.09,140.83,NA,NA,NA,NA,NA,NA,NA,NA,NA,NA,NA,0.00,NA,NA,NA
2022-11-04 15:00:00,315.58,462.61,5.54,27.16,32.69,NA,NA,1.14,152.39,NA,NA,NA,NA,NA,NA,NA,NA,NA,NA,NA,0.00,NA,NA,NA
2022-11-04 16:00:00,326.43,495.81,4.45,28.83,33.28,NA,NA,1.17,134.74,NA,NA,NA,NA,NA,NA,NA,NA,NA,NA,NA,0.00,NA,NA,NA
2022-11-04 17:00:00,311.25,472.42,4.02,28.42,32.44,NA,NA,1.10,113.59,NA,NA,NA,NA,NA,NA,NA,NA,NA,NA,NA,0.00,NA,NA,NA
2022-11-04 18:00:00,NA,NA,NA,NA,NA,NA,NA,NA,NA,NA,NA,NA,NA,NA,NA,NA,NA,NA,NA,NA,0.00,NA,NA,NA
2022-11-04 19:00:00,NA,NA,NA,NA,NA,NA,NA,NA,NA,NA,NA,NA,NA,NA,NA,NA,NA,NA,NA,NA,0.00,NA,NA,NA
2022-11-04 20:00:00,NA,NA,NA,NA,NA,NA,NA,NA,NA,NA,NA,NA,NA,NA,NA,NA,NA,NA,NA,NA,0.00,NA,NA,NA
2022-11-04 21:00:00,NA,NA,NA,NA,NA,NA,NA,NA,NA,NA,NA,NA,NA,NA,NA,NA,NA,NA,NA,NA,0.00,NA,NA,NA
2022-11-04 22:00:00,NA,NA,NA,NA,NA,NA,NA,NA,NA,NA,NA,NA,NA,NA,NA,NA,NA,NA,NA,NA,0.00,NA,NA,NA
2022-11-04 23:00:00,NA,NA,NA,NA,NA,NA,NA,NA,NA,NA,NA,NA,NA,NA,NA,NA,NA,NA,NA,NA,0.00,NA,NA,NA
2022-11-05 00:00:00,NA,NA,NA,NA,NA,NA,NA,NA,NA,NA,NA,NA,NA,NA,NA,NA,NA,NA,NA,NA,0.00,NA,NA,NA
2022-11-05 01:00:00,NA,NA,NA,NA,NA,NA,NA,NA,NA,NA,NA,NA,NA,NA,NA,NA,NA,NA,NA,NA,0.00,NA,NA,NA
2022-11-05 02:00:00,NA,NA,NA,NA,NA,NA,NA,NA,NA,NA,NA,NA,NA,NA,NA,NA,NA,NA,NA,NA,0.00,NA,NA,NA
2022-11-05 03:00:00,NA,NA,NA,NA,NA,NA,NA,NA,NA,NA,NA,NA,NA,NA,NA,NA,NA,NA,NA,NA,0.00,NA,NA,NA
2022-11-05 04:00:00,NA,NA,NA,NA,NA,NA,NA,NA,NA,NA,NA,NA,NA,NA,NA,NA,NA,NA,NA,NA,0.00,NA,NA,NA
2022-11-05 05:00:00,NA,NA,NA,NA,NA,NA,NA,NA,NA,NA,NA,NA,NA,NA,NA,NA,NA,NA,NA,NA,0.00,NA,NA,NA
2022-11-05 06:00:00,NA,NA,NA,NA,NA,NA,NA,NA,NA,NA,NA,NA,NA,NA,NA,NA,NA,NA,NA,NA,0.00,NA,NA,NA
2022-11-05 07:00:00,NA,NA,NA,NA,NA,NA,NA,NA,NA,NA,NA,NA,NA,NA,NA,NA,NA,NA,NA,NA,0.00,NA,NA,NA
2022-11-05 08:00:00,NA,NA,NA,NA,NA,NA,NA,NA,NA,NA,NA,NA,NA,NA,NA,NA,NA,NA,NA,NA,0.00,NA,NA,NA
2022-11-05 09:00:00,NA,NA,NA,NA,NA,NA,NA,NA,NA,NA,NA,NA,NA,NA,NA,NA,NA,NA,NA,NA,0.00,NA,NA,NA
2022-11-05 10:00:00,NA,NA,NA,NA,NA,NA,NA,NA,NA,NA,NA,NA,NA,NA,NA,NA,NA,NA,NA,NA,0.00,NA,NA,NA
2022-11-05 11:00:00,NA,NA,NA,NA,NA,NA,NA,NA,NA,NA,NA,NA,NA,NA,NA,NA,NA,NA,NA,NA,0.00,NA,NA,NA
2022-11-05 12:00:00,NA,NA,NA,NA,NA,NA,NA,NA,NA,NA,NA,NA,NA,NA,NA,NA,NA,NA,NA,NA,0.00,NA,NA,NA
2022-11-05 13:00:00,NA,NA,NA,NA,NA,NA,NA,NA,NA,NA,NA,NA,NA,NA,NA,NA,NA,NA,NA,NA,0.00,NA,NA,NA
2022-11-05 14:00:00,218.52,372.32,46.04,21.33,86.10,NA,NA,1.78,72.66,NA,NA,NA,NA,NA,NA,NA,NA,NA,NA,NA,0.00,NA,NA,NA
2022-11-05 15:00:00,36.45,66.25,10.15,21.92,32.08,NA,NA,0.93,107.78,NA,NA,NA,NA,NA,NA,NA,NA,NA,NA,NA,0.00,NA,NA,NA
2022-11-05 16:00:00,125.20,224.05,3.94,20.83,24.78,NA,NA,0.89,87.26,NA,NA,NA,NA,NA,NA,NA,NA,NA,NA,NA,0.00,NA,NA,NA
2022-11-05 17:00:00,145.16,232.92,2.32,20.30,22.62,NA,NA,0.84,74.23,NA,NA,NA,NA,NA,NA,NA,NA,NA,NA,NA,0.00,NA,NA,NA
2022-11-05 18:00:00,137.30,227.42,2.08,23.46,25.55,NA,NA,0.87,57.44,NA,NA,NA,NA,NA,NA,NA,NA,NA,NA,NA,0.00,NA,NA,NA
2022-11-05 19:00:00,160.35,227.26,2.08,28.13,30.21,NA,NA,0.94,45.27,NA,NA,NA,NA,NA,NA,NA,NA,NA,NA,NA,0.00,NA,NA,NA
2022-11-05 20:00:00,138.68,224.94,2.33,25.95,28.27,NA,NA,0.91,44.51,NA,NA,NA,NA,NA,NA,NA,NA,NA,NA,NA,0.00,NA,NA,NA
2022-11-05 21:00:00,133.13,210.38,2.22,24.47,26.68,NA,NA,0.87,39.20,NA,NA,NA,NA,NA,NA,NA,NA,NA,NA,NA,0.00,NA,NA,NA
2022-11-05 22:00:00,133.36,225.30,2.51,24.04,26.55,NA,NA,0.84,38.24,NA,NA,NA,NA,NA,NA,NA,NA,NA,NA,NA,0.00,NA,NA,NA
2022-11-05 23:00:00,126.76,220.19,2.44,22.85,25.29,NA,NA,0.82,29.83,NA,NA,NA,NA,NA,NA,NA,NA,NA,NA,NA,0.00,NA,NA,NA
2022-11-06 00:00:00,171.51,233.88,2.60,23.33,25.93,NA,NA,0.88,28.90,NA,NA,NA,NA,NA,NA,NA,NA,NA,NA,NA,0.00,NA,NA,NA
2022-11-06 01:00:00,176.08,258.81,2.57,20.64,23.21,NA,NA,0.83,17.29,NA,NA,NA,NA,NA,NA,NA,NA,NA,NA,NA,0.00,NA,NA,NA
2022-11-06 02:00:00,155.37,218.09,2.53,19.69,22.22,NA,NA,0.79,16.95,NA,NA,NA,NA,NA,NA,NA,NA,NA,NA,NA,0.00,NA,NA,NA
2022-11-06 03:00:00,146.57,212.87,2.54,18.88,21.42,NA,NA,0.76,13.67,NA,NA,NA,NA,NA,NA,NA,NA,NA,NA,NA,0.00,NA,NA,NA
2022-11-06 04:00:00,141.13,193.25,2.44,19.28,21.72,NA,NA,0.77,19.85,NA,NA,NA,NA,NA,NA,NA,NA,NA,NA,NA,0.00,NA,NA,NA
2022-11-06 05:00:00,163.31,220.49,2.53,21.25,23.78,NA,NA,0.84,18.14,NA,NA,NA,NA,NA,NA,NA,NA,NA,NA,NA,0.00,NA,NA,NA
2022-11-06 06:00:00,183.85,257.91,2.48,21.99,24.47,NA,NA,0.85,11.30,NA,NA,NA,NA,NA,NA,NA,NA,NA,NA,NA,0.00,NA,NA,NA
2022-11-06 07:00:00,160.96,202.70,2.70,20.60,23.30,NA,NA,0.81,17.15,NA,NA,NA,NA,NA,NA,NA,NA,NA,NA,NA,0.00,NA,NA,NA
2022-11-06 08:00:00,166.49,238.02,3.93,22.20,26.13,NA,NA,0.80,42.41,NA,NA,NA,NA,NA,NA,NA,NA,NA,NA,NA,0.00,NA,NA,NA
2022-11-06 09:00:00,156.31,244.22,5.12,22.24,27.36,NA,NA,0.75,60.87,NA,NA,NA,NA,NA,NA,NA,NA,NA,NA,NA,0.00,NA,NA,NA
2022-11-06 10:00:00,161.27,258.61,6.17,20.85,27.02,NA,NA,0.73,83.16,NA,NA,NA,NA,NA,NA,NA,NA,NA,NA,NA,0.00,NA,NA,NA
2022-11-06 11:00:00,152.82,231.67,7.88,20.13,28.01,NA,NA,0.69,95.65,NA,NA,NA,NA,NA,NA,NA,NA,NA,NA,NA,0.00,NA,NA,NA
2022-11-06 12:00:00,162.03,237.28,8.84,20.11,28.94,NA,NA,0.69,104.47,NA,NA,NA,NA,NA,NA,NA,NA,NA,NA,NA,0.00,NA,NA,NA
2022-11-06 13:00:00,162.45,265.08,6.91,19.27,26.19,NA,NA,0.63,101.83,NA,NA,NA,NA,NA,NA,NA,NA,NA,NA,NA,0.00,NA,NA,NA
2022-11-06 14:00:00,147.59,229.99,6.38,19.31,25.68,NA,NA,0.61,109.96,NA,NA,NA,NA,NA,NA,NA,NA,NA,NA,NA,0.00,NA,NA,NA
2022-11-06 15:00:00,132.54,213.06,4.56,19.18,23.74,NA,NA,0.56,99.55,NA,NA,NA,NA,NA,NA,NA,NA,NA,NA,NA,0.00,NA,NA,NA
2022-11-06 16:00:00,133.79,207.89,3.86,19.44,23.31,NA,NA,0.61,73.30,NA,NA,NA,NA,NA,NA,NA,NA,NA,NA,NA,0.00,NA,NA,NA
2022-11-06 17:00:00,145.46,217.50,3.43,18.97,22.40,NA,NA,0.61,36.52,NA,NA,NA,NA,NA,NA,NA,NA,NA,NA,NA,0.00,NA,NA,NA
2022-11-06 18:00:00,671.74,121.15,2.74,19.85,22.59,NA,NA,0.69,40.94,NA,NA,NA,NA,NA,NA,NA,NA,NA,NA,NA,0.00,NA,NA,NA
2022-11-06 19:00:00,113.64,165.48,2.57,20.62,23.19,NA,NA,0.72,23.58,NA,NA,NA,NA,NA,NA,NA,NA,NA,NA,NA,0.00,NA,NA,NA
2022-11-06 20:00:00,153.75,225.93,2.70,23.90,26.60,NA,NA,1.04,21.25,NA,NA,NA,NA,NA,NA,NA,NA,NA,NA,NA,0.00,NA,NA,NA
2022-11-06 21:00:00,198.66,294.37,2.75,23.49,26.24,NA,NA,1.03,16.07,NA,NA,NA,NA,NA,NA,NA,NA,NA,NA,NA,0.00,NA,NA,NA
2022-11-06 22:00:00,167.90,238.74,2.93,28.00,30.92,NA,NA,0.93,21.80,NA,NA,NA,NA,NA,NA,NA,NA,NA,NA,NA,0.00,NA,NA,NA
2022-11-06 23:00:00,188.16,275.79,2.88,33.08,35.96,NA,NA,0.96,16.86,NA,NA,NA,NA,NA,NA,NA,NA,NA,NA,NA,0.00,NA,NA,NA
2022-11-07 00:00:00,178.92,275.16,2.70,24.56,27.27,NA,NA,0.89,23.84,NA,NA,NA,NA,NA,NA,NA,NA,NA,NA,NA,0.00,NA,NA,NA
2022-11-07 01:00:00,203.47,273.67,2.66,21.26,23.91,NA,NA,0.89,17.09,NA,NA,NA,NA,NA,NA,NA,NA,NA,NA,NA,0.00,NA,NA,NA
2022-11-07 02:00:00,195.23,261.95,2.66,22.86,25.52,NA,NA,0.96,8.48,NA,NA,NA,NA,NA,NA,NA,NA,NA,NA,NA,0.00,NA,NA,NA
2022-11-07 03:00:00,190.22,252.38,2.87,21.98,24.85,NA,NA,0.99,5.15,NA,NA,NA,NA,NA,NA,NA,NA,NA,NA,NA,0.00,NA,NA,NA
2022-11-07 04:00:00,195.99,274.03,2.85,22.49,25.34,NA,NA,1.05,6.18,NA,NA,NA,NA,NA,NA,NA,NA,NA,NA,NA,0.00,NA,NA,NA
2022-11-07 05:00:00,196.58,282.40,8.64,24.51,33.17,NA,NA,1.00,4.92,NA,NA,NA,NA,NA,NA,NA,NA,NA,NA,NA,0.00,NA,NA,NA
2022-11-07 06:00:00,200.71,246.49,5.76,23.10,28.84,NA,NA,0.94,5.77,NA,NA,NA,NA,NA,NA,NA,NA,NA,NA,NA,0.00,NA,NA,NA
2022-11-07 07:00:00,193.50,247.15,3.87,23.35,27.24,NA,NA,0.95,19.27,NA,NA,NA,NA,NA,NA,NA,NA,NA,NA,NA,0.00,NA,NA,NA
2022-11-07 08:00:00,190.74,297.30,8.19,28.05,36.24,NA,NA,1.03,10.93,NA,NA,NA,NA,NA,NA,NA,NA,NA,NA,NA,0.00,NA,NA,NA
2022-11-07 09:00:00,194.29,296.61,6.29,23.78,30.06,NA,NA,0.87,36.81,NA,NA,NA,NA,NA,NA,NA,NA,NA,NA,NA,0.00,NA,NA,NA
2022-11-07 10:00:00,147.83,214.63,6.65,22.07,28.73,NA,NA,0.59,60.07,NA,NA,NA,NA,NA,NA,NA,NA,NA,NA,NA,0.00,NA,NA,NA
2022-11-07 11:00:00,114.89,170.68,8.48,21.24,29.73,NA,NA,0.51,67.34,NA,NA,NA,NA,NA,NA,NA,NA,NA,NA,NA,0.00,NA,NA,NA
2022-11-07 12:00:00,107.29,169.25,9.06,20.94,30.00,NA,NA,0.48,86.31,NA,NA,NA,NA,NA,NA,NA,NA,NA,NA,NA,0.00,NA,NA,NA
2022-11-07 13:00:00,70.71,135.84,8.17,21.58,29.76,NA,NA,0.46,102.87,NA,NA,NA,NA,NA,NA,NA,NA,NA,NA,NA,0.00,NA,NA,NA
2022-11-07 14:00:00,74.02,134.39,6.44,23.02,29.46,NA,NA,0.50,112.02,NA,NA,NA,NA,NA,NA,NA,NA,NA,NA,NA,0.00,NA,NA,NA
2022-11-07 15:00:00,53.51,93.05,185.19,59.83,125.15,NA,NA,0.52,88.49,NA,NA,NA,NA,NA,NA,NA,NA,NA,NA,NA,0.00,NA,NA,NA
2022-11-07 16:00:00,NA,NA,6.27,24.97,31.27,NA,NA,0.64,78.73,NA,NA,NA,NA,NA,NA,NA,NA,NA,NA,NA,0.00,NA,NA,NA
2022-11-07 17:00:00,NA,NA,2.55,23.23,25.78,NA,NA,0.64,64.52,NA,NA,NA,NA,NA,NA,NA,NA,NA,NA,NA,0.00,NA,NA,NA
2022-11-07 18:00:00,4.43,27.67,2.32,24.69,27.02,NA,NA,0.65,50.69,NA,NA,NA,NA,NA,NA,NA,NA,NA,NA,NA,0.00,NA,NA,NA
2022-11-07 19:00:00,57.41,119.45,2.49,30.40,32.89,NA,NA,0.86,26.06,NA,NA,NA,NA,NA,NA,NA,NA,NA,NA,NA,0.00,NA,NA,NA
2022-11-07 20:00:00,73.51,150.50,2.44,27.90,30.35,NA,NA,0.78,19.15,NA,NA,NA,NA,NA,NA,NA,NA,NA,NA,NA,0.00,NA,NA,NA
2022-11-07 21:00:00,99.63,168.09,2.76,34.88,37.64,NA,NA,1.00,9.67,NA,NA,NA,NA,NA,NA,NA,NA,NA,NA,NA,0.00,NA,NA,NA
2022-11-07 22:00:00,117.24,202.03,2.93,35.33,38.27,NA,NA,0.99,8.32,NA,NA,NA,NA,NA,NA,NA,NA,NA,NA,NA,0.00,NA,NA,NA
2022-11-07 23:00:00,130.52,212.83,3.45,37.11,40.56,NA,NA,1.14,5.45,NA,NA,NA,NA,NA,NA,NA,NA,NA,NA,NA,0.00,NA,NA,NA
2022-11-08 00:00:00,146.35,237.92,3.25,33.37,36.62,NA,NA,1.03,6.82,NA,NA,NA,NA,NA,NA,NA,NA,NA,NA,NA,0.00,NA,NA,NA
2022-11-08 01:00:00,159.42,240.91,3.48,31.69,35.17,NA,NA,1.02,6.18,NA,NA,NA,NA,NA,NA,NA,NA,NA,NA,NA,0.00,NA,NA,NA
2022-11-08 02:00:00,165.20,221.03,4.13,28.28,32.41,NA,NA,1.03,4.65,NA,NA,NA,NA,NA,NA,NA,NA,NA,NA,NA,0.00,NA,NA,NA
2022-11-08 03:00:00,180.43,226.49,6.96,27.67,34.63,NA,NA,1.16,5.51,NA,NA,NA,NA,NA,NA,NA,NA,NA,NA,NA,0.00,NA,NA,NA
2022-11-08 04:00:00,169.77,246.31,28.71,39.17,67.87,NA,NA,1.89,10.82,NA,NA,NA,NA,NA,NA,NA,NA,NA,NA,NA,0.00,NA,NA,NA
2022-11-08 05:00:00,182.77,262.12,29.99,33.32,63.30,NA,NA,1.80,9.54,NA,NA,NA,NA,NA,NA,NA,NA,NA,NA,NA,0.00,NA,NA,NA
2022-11-08 06:00:00,201.82,262.14,26.97,34.42,61.41,NA,NA,1.79,8.58,NA,NA,NA,NA,NA,NA,NA,NA,NA,NA,NA,0.00,NA,NA,NA
2022-11-08 07:00:00,187.27,245.00,17.07,30.53,47.61,NA,NA,1.48,6.82,NA,NA,NA,NA,NA,NA,NA,NA,NA,NA,NA,0.00,NA,NA,NA
2022-11-08 08:00:00,179.52,254.21,14.61,30.82,45.44,NA,NA,1.26,6.82,NA,NA,NA,NA,NA,NA,NA,NA,NA,NA,NA,0.00,NA,NA,NA
2022-11-08 09:00:00,171.63,270.99,5.72,24.16,29.88,NA,NA,0.83,33.14,NA,NA,NA,NA,NA,NA,NA,NA,NA,NA,NA,0.00,NA,NA,NA
2022-11-08 10:00:00,150.48,238.74,5.23,22.93,28.17,NA,NA,0.78,68.90,NA,NA,NA,NA,NA,NA,NA,NA,NA,NA,NA,0.00,NA,NA,NA
2022-11-08 11:00:00,224.81,303.78,7.89,55.44,63.32,NA,NA,1.71,75.48,NA,NA,NA,NA,NA,NA,NA,NA,NA,NA,NA,0.00,NA,NA,NA
2022-11-08 12:00:00,311.72,422.34,5.80,43.32,49.13,NA,NA,1.33,107.81,NA,NA,NA,NA,NA,NA,NA,NA,NA,NA,NA,0.00,NA,NA,NA
2022-11-08 13:00:00,224.49,323.98,5.42,23.16,28.58,NA,NA,0.85,89.91,NA,NA,NA,NA,NA,NA,NA,NA,NA,NA,NA,0.00,NA,NA,NA
2022-11-08 14:00:00,188.77,263.41,5.54,23.05,28.60,NA,NA,0.73,87.03,NA,NA,NA,NA,NA,NA,NA,NA,NA,NA,NA,0.00,NA,NA,NA
2022-11-08 15:00:00,252.60,345.37,4.97,24.41,29.38,NA,NA,0.90,91.73,NA,NA,NA,NA,NA,NA,NA,NA,NA,NA,NA,0.00,NA,NA,NA
2022-11-08 16:00:00,225.34,299.26,3.31,24.90,28.21,NA,NA,0.76,69.66,NA,NA,NA,NA,NA,NA,NA,NA,NA,NA,NA,0.00,NA,NA,NA
2022-11-08 17:00:00,197.00,258.48,2.76,25.25,28.01,NA,NA,0.76,40.87,NA,NA,NA,NA,NA,NA,NA,NA,NA,NA,NA,0.00,NA,NA,NA
2022-11-08 18:00:00,176.59,257.19,2.50,23.11,25.61,NA,NA,0.69,56.72,NA,NA,NA,NA,NA,NA,NA,NA,NA,NA,NA,0.00,NA,NA,NA
2022-11-08 19:00:00,247.97,339.38,2.59,24.47,27.06,NA,NA,0.84,49.83,NA,NA,NA,NA,NA,NA,NA,NA,NA,NA,NA,0.00,NA,NA,NA
2022-11-08 20:00:00,299.21,371.41,2.45,26.55,29.00,NA,NA,0.90,34.84,NA,NA,NA,NA,NA,NA,NA,NA,NA,NA,NA,0.00,NA,NA,NA
2022-11-08 21:00:00,272.31,367.31,2.63,24.85,27.47,NA,NA,0.72,41.82,NA,NA,NA,NA,NA,NA,NA,NA,NA,NA,NA,0.00,NA,NA,NA
2022-11-08 22:00:00,110.10,205.65,2.37,20.55,22.92,NA,NA,0.43,55.76,NA,NA,NA,NA,NA,NA,NA,NA,NA,NA,NA,0.00,NA,NA,NA
2022-11-08 23:00:00,75.65,121.11,2.40,21.88,24.29,NA,NA,0.40,42.65,NA,NA,NA,NA,NA,NA,NA,NA,NA,NA,NA,0.00,NA,NA,NA
2022-11-09 00:00:00,62.15,91.22,2.43,23.40,25.84,NA,NA,0.38,42.04,NA,NA,NA,NA,NA,NA,NA,NA,NA,NA,NA,0.00,NA,NA,NA
2022-11-09 01:00:00,58.35,97.15,2.39,20.82,23.21,NA,NA,0.38,39.23,NA,NA,NA,NA,NA,NA,NA,NA,NA,NA,NA,0.00,NA,NA,NA
2022-11-09 02:00:00,61.59,97.01,2.38,21.60,23.98,NA,NA,0.39,27.41,NA,NA,NA,NA,NA,NA,NA,NA,NA,NA,NA,0.00,NA,NA,NA
2022-11-09 03:00:00,60.65,95.41,2.37,19.93,22.30,NA,NA,0.36,27.90,NA,NA,NA,NA,NA,NA,NA,NA,NA,NA,NA,0.00,NA,NA,NA
2022-11-09 04:00:00,62.00,91.80,2.52,21.44,23.97,NA,NA,0.37,22.98,NA,NA,NA,NA,NA,NA,NA,NA,NA,NA,NA,0.00,NA,NA,NA
2022-11-09 05:00:00,63.86,100.22,2.48,24.23,26.71,NA,NA,0.39,9.05,NA,NA,NA,NA,NA,NA,NA,NA,NA,NA,NA,0.00,NA,NA,NA
2022-11-09 06:00:00,9.72,101.24,2.81,25.24,28.05,NA,NA,0.41,4.90,NA,NA,NA,NA,NA,NA,NA,NA,NA,NA,NA,0.00,NA,NA,NA
2022-11-09 07:00:00,NA,94.87,4.13,22.30,26.43,NA,NA,0.41,5.52,NA,NA,NA,NA,NA,NA,NA,NA,NA,NA,NA,0.00,NA,NA,NA
2022-11-09 08:00:00,NA,87.51,4.92,20.86,25.78,NA,NA,0.42,16.46,NA,NA,NA,NA,NA,NA,NA,NA,NA,NA,NA,0.00,NA,NA,NA
2022-11-09 09:00:00,NA,82.92,5.70,22.07,27.76,NA,NA,0.39,43.83,NA,NA,NA,NA,NA,NA,NA,NA,NA,NA,NA,0.00,NA,NA,NA
2022-11-09 10:00:00,NA,86.91,6.60,23.63,30.23,NA,NA,0.44,64.83,NA,NA,NA,NA,NA,NA,NA,NA,NA,NA,NA,0.00,NA,NA,NA
2022-11-09 11:00:00,NA,181.02,7.90,25.42,33.31,NA,NA,0.57,88.54,NA,NA,NA,NA,NA,NA,NA,NA,NA,NA,NA,0.00,NA,NA,NA
2022-11-09 12:00:00,NA,205.16,8.52,23.29,31.80,NA,NA,0.49,97.76,NA,NA,NA,NA,NA,NA,NA,NA,NA,NA,NA,0.00,NA,NA,NA
2022-11-09 13:00:00,NA,163.72,7.87,20.61,28.49,NA,NA,0.41,99.36,NA,NA,NA,NA,NA,NA,NA,NA,NA,NA,NA,0.00,NA,NA,NA
2022-11-09 14:00:00,NA,109.32,6.21,19.55,25.77,NA,NA,0.38,93.86,NA,NA,NA,NA,NA,NA,NA,NA,NA,NA,NA,0.00,NA,NA,NA
2022-11-09 15:00:00,NA,119.55,4.89,19.27,24.17,NA,NA,0.37,91.40,NA,NA,NA,NA,NA,NA,NA,NA,NA,NA,NA,0.00,NA,NA,NA
2022-11-09 16:00:00,NA,129.30,3.64,18.64,22.29,NA,NA,0.38,71.82,NA,NA,NA,NA,NA,NA,NA,NA,NA,NA,NA,0.00,NA,NA,NA
2022-11-09 17:00:00,NA,124.97,2.57,18.86,21.44,NA,NA,0.40,61.27,NA,NA,NA,NA,NA,NA,NA,NA,NA,NA,NA,0.00,NA,NA,NA
2022-11-09 18:00:00,NA,116.66,2.44,18.81,21.25,NA,NA,0.42,30.82,NA,NA,NA,NA,NA,NA,NA,NA,NA,NA,NA,0.00,NA,NA,NA
2022-11-09 19:00:00,NA,104.81,2.24,19.47,21.71,NA,NA,0.42,27.84,NA,NA,NA,NA,NA,NA,NA,NA,NA,NA,NA,0.00,NA,NA,NA
2022-11-09 20:00:00,NA,104.04,2.30,20.19,22.49,NA,NA,0.42,36.41,NA,NA,NA,NA,NA,NA,NA,NA,NA,NA,NA,0.00,NA,NA,NA
2022-11-09 21:00:00,NA,119.79,2.40,20.31,22.71,NA,NA,0.43,30.41,NA,NA,NA,NA,NA,NA,NA,NA,NA,NA,NA,0.00,NA,NA,NA
2022-11-09 22:00:00,NA,135.36,2.56,36.41,38.97,NA,NA,0.61,28.78,NA,NA,NA,NA,NA,NA,NA,NA,NA,NA,NA,0.00,NA,NA,NA
2022-11-09 23:00:00,NA,196.73,2.87,34.79,37.66,NA,NA,0.68,7.61,NA,NA,NA,NA,NA,NA,NA,NA,NA,NA,NA,0.00,NA,NA,NA
2022-11-10 00:00:00,NA,196.68,3.41,32.33,35.73,NA,NA,0.70,6.69,NA,NA,NA,NA,NA,NA,NA,NA,NA,NA,NA,0.00,NA,NA,NA
2022-11-10 01:00:00,NA,179.95,4.05,29.22,33.27,NA,NA,0.76,4.62,NA,NA,NA,NA,NA,NA,NA,NA,NA,NA,NA,0.00,NA,NA,NA
2022-11-10 02:00:00,NA,190.89,3.74,28.02,31.76,NA,NA,0.76,4.61,NA,NA,NA,NA,NA,NA,NA,NA,NA,NA,NA,0.00,NA,NA,NA
2022-11-10 03:00:00,NA,181.14,3.57,27.02,30.58,NA,NA,0.66,5.38,NA,NA,NA,NA,NA,NA,NA,NA,NA,NA,NA,0.00,NA,NA,NA
2022-11-10 04:00:00,NA,190.01,10.88,33.82,44.70,NA,NA,0.75,4.76,NA,NA,NA,NA,NA,NA,NA,NA,NA,NA,NA,0.00,NA,NA,NA
2022-11-10 05:00:00,NA,272.11,4.40,30.71,35.11,NA,NA,0.85,5.23,NA,NA,NA,NA,NA,NA,NA,NA,NA,NA,NA,0.00,NA,NA,NA
2022-11-10 06:00:00,NA,296.78,5.32,28.60,33.93,NA,NA,0.81,4.70,NA,NA,NA,NA,NA,NA,NA,NA,NA,NA,NA,0.00,NA,NA,NA
2022-11-10 07:00:00,NA,240.11,4.07,23.39,27.46,NA,NA,0.69,4.99,NA,NA,NA,NA,NA,NA,NA,NA,NA,NA,NA,0.00,NA,NA,NA
2022-11-10 08:00:00,NA,208.61,6.20,26.39,32.60,NA,NA,0.75,9.49,NA,NA,NA,NA,NA,NA,NA,NA,NA,NA,NA,0.00,NA,NA,NA
2022-11-10 09:00:00,NA,222.30,7.38,33.41,40.79,NA,NA,0.69,38.22,NA,NA,NA,NA,NA,NA,NA,NA,NA,NA,NA,0.00,NA,NA,NA
2022-11-10 10:00:00,NA,164.98,7.04,27.00,34.05,NA,NA,0.51,71.45,NA,NA,NA,NA,NA,NA,NA,NA,NA,NA,NA,0.00,NA,NA,NA
2022-11-10 11:00:00,NA,131.26,8.37,25.99,34.36,NA,NA,0.49,94.27,NA,NA,NA,NA,NA,NA,NA,NA,NA,NA,NA,0.00,NA,NA,NA
2022-11-10 12:00:00,NA,120.10,9.40,20.86,30.26,NA,NA,0.44,98.56,NA,NA,NA,NA,NA,NA,NA,NA,NA,NA,NA,0.00,NA,NA,NA
2022-11-10 13:00:00,131.99,112.11,9.90,20.47,30.37,NA,NA,0.44,82.15,NA,NA,NA,NA,NA,NA,NA,NA,NA,NA,NA,0.00,NA,NA,NA
2022-11-10 14:00:00,135.10,116.34,7.88,19.55,27.42,NA,NA,0.47,103.31,NA,NA,NA,NA,NA,NA,NA,NA,NA,NA,NA,0.00,NA,NA,NA
2022-11-10 15:00:00,89.10,105.37,44.36,29.04,73.43,NA,NA,0.47,112.08,NA,NA,NA,NA,NA,NA,NA,NA,NA,NA,NA,0.00,NA,NA,NA
2022-11-10 16:00:00,79.87,116.60,12.24,20.27,32.40,NA,NA,0.45,91.57,NA,NA,NA,NA,NA,NA,NA,NA,NA,NA,NA,0.00,NA,NA,NA
2022-11-10 17:00:00,71.92,104.46,2.73,20.24,22.97,NA,NA,0.49,52.60,NA,NA,NA,NA,NA,NA,NA,NA,NA,NA,NA,0.00,NA,NA,NA
2022-11-10 18:00:00,62.66,101.22,2.10,26.50,28.60,NA,NA,0.59,37.05,NA,NA,NA,NA,NA,NA,NA,NA,NA,NA,NA,0.00,NA,NA,NA
2022-11-10 19:00:00,67.77,117.18,2.16,31.89,34.05,NA,NA,0.70,16.37,NA,NA,NA,NA,NA,NA,NA,NA,NA,NA,NA,0.00,NA,NA,NA
2022-11-10 20:00:00,145.19,197.00,2.25,32.78,35.03,NA,NA,0.90,14.54,NA,NA,NA,NA,NA,NA,NA,NA,NA,NA,NA,0.00,NA,NA,NA
2022-11-10 21:00:00,111.03,170.77,2.31,40.24,42.55,NA,NA,0.99,16.37,NA,NA,NA,NA,NA,NA,NA,NA,NA,NA,NA,0.00,NA,NA,NA
2022-11-10 22:00:00,110.43,255.83,2.56,41.82,44.37,NA,NA,1.11,13.49,NA,NA,NA,NA,NA,NA,NA,NA,NA,NA,NA,0.00,NA,NA,NA
2022-11-10 23:00:00,211.15,323.42,2.50,42.45,44.95,NA,NA,1.24,9.36,NA,NA,NA,NA,NA,NA,NA,NA,NA,NA,NA,0.00,NA,NA,NA
2022-11-11 00:00:00,293.45,378.24,2.57,34.35,36.92,NA,NA,1.17,7.73,NA,NA,NA,NA,NA,NA,NA,NA,NA,NA,NA,0.00,NA,NA,NA
2022-11-11 01:00:00,279.88,393.38,3.06,31.95,35.01,NA,NA,1.15,5.38,NA,NA,NA,NA,NA,NA,NA,NA,NA,NA,NA,0.00,NA,NA,NA
2022-11-11 02:00:00,258.98,362.67,6.28,33.08,39.37,NA,NA,1.14,4.55,NA,NA,NA,NA,NA,NA,NA,NA,NA,NA,NA,0.00,NA,NA,NA
2022-11-11 03:00:00,283.02,372.53,7.05,28.69,35.73,NA,NA,1.09,4.32,NA,NA,NA,NA,NA,NA,NA,NA,NA,NA,NA,0.00,NA,NA,NA
2022-11-11 04:00:00,279.36,365.24,3.92,25.31,29.23,NA,NA,1.01,4.63,NA,NA,NA,NA,NA,NA,NA,NA,NA,NA,NA,0.00,NA,NA,NA
2022-11-11 05:00:00,288.93,350.17,6.77,29.32,36.14,NA,NA,1.02,5.10,NA,NA,NA,NA,NA,NA,NA,NA,NA,NA,NA,0.00,NA,NA,NA
2022-11-11 06:00:00,344.29,460.15,6.85,32.07,38.88,NA,NA,1.17,6.78,NA,NA,NA,NA,NA,NA,NA,NA,NA,NA,NA,0.00,NA,NA,NA
2022-11-11 07:00:00,402.12,522.53,3.95,29.59,33.56,NA,NA,1.26,9.27,NA,NA,NA,NA,NA,NA,NA,NA,NA,NA,NA,0.00,NA,NA,NA
2022-11-11 08:00:00,413.27,536.85,5.86,32.43,38.29,NA,NA,1.22,16.07,NA,NA,NA,NA,NA,NA,NA,NA,NA,NA,NA,0.00,NA,NA,NA
2022-11-11 09:00:00,335.79,395.60,5.31,28.69,33.98,NA,NA,0.89,50.11,NA,NA,NA,NA,NA,NA,NA,NA,NA,NA,NA,0.00,NA,NA,NA
2022-11-11 10:00:00,196.47,286.68,5.66,24.08,29.74,NA,NA,0.67,80.16,NA,NA,NA,NA,NA,NA,NA,NA,NA,NA,NA,0.00,NA,NA,NA
2022-11-11 11:00:00,153.81,222.94,7.33,21.73,29.06,NA,NA,0.57,95.50,NA,NA,NA,NA,NA,NA,NA,NA,NA,NA,NA,0.00,NA,NA,NA
2022-11-11 12:00:00,146.89,207.43,7.40,20.94,28.33,NA,NA,0.54,104.46,NA,NA,NA,NA,NA,NA,NA,NA,NA,NA,NA,0.00,NA,NA,NA
2022-11-11 13:00:00,116.84,157.81,6.54,21.56,28.10,NA,NA,0.48,101.97,NA,NA,NA,NA,NA,NA,NA,NA,NA,NA,NA,0.00,NA,NA,NA
2022-11-11 14:00:00,107.67,147.73,4.97,18.92,23.88,NA,NA,0.46,112.26,NA,NA,NA,NA,NA,NA,NA,NA,NA,NA,NA,0.00,NA,NA,NA
2022-11-11 15:00:00,84.00,134.71,4.07,18.60,22.67,NA,NA,0.42,102.00,NA,NA,NA,NA,NA,NA,NA,NA,NA,NA,NA,0.00,NA,NA,NA
2022-11-11 16:00:00,75.12,122.13,3.18,19.24,22.42,NA,NA,0.41,90.59,NA,NA,NA,NA,NA,NA,NA,NA,NA,NA,NA,0.00,NA,NA,NA
2022-11-11 17:00:00,88.00,130.75,2.19,22.05,24.26,NA,NA,0.45,61.65,NA,NA,NA,NA,NA,NA,NA,NA,NA,NA,NA,0.00,NA,NA,NA
2022-11-11 18:00:00,73.52,130.16,2.04,27.87,29.93,NA,NA,0.47,52.63,NA,NA,NA,NA,NA,NA,NA,NA,NA,NA,NA,0.00,NA,NA,NA
2022-11-11 19:00:00,65.36,134.93,4.64,53.51,58.21,NA,NA,0.66,14.55,NA,NA,NA,NA,NA,NA,NA,NA,NA,NA,NA,0.00,NA,NA,NA
2022-11-11 20:00:00,89.67,171.61,6.57,56.11,62.69,NA,NA,0.76,5.97,NA,NA,NA,NA,NA,NA,NA,NA,NA,NA,NA,0.00,NA,NA,NA
2022-11-11 21:00:00,87.29,181.64,7.24,50.75,57.97,NA,NA,0.76,5.01,NA,NA,NA,NA,NA,NA,NA,NA,NA,NA,NA,0.00,NA,NA,NA
2022-11-11 22:00:00,100.52,173.57,8.11,47.91,56.02,NA,NA,0.76,4.81,NA,NA,NA,NA,NA,NA,NA,NA,NA,NA,NA,0.00,NA,NA,NA
2022-11-11 23:00:00,91.39,174.19,2.45,29.30,31.69,NA,NA,0.59,44.93,NA,NA,NA,NA,NA,NA,NA,NA,NA,NA,NA,0.00,NA,NA,NA
2022-11-12 00:00:00,207.56,278.51,2.32,27.64,29.97,NA,NA,0.75,41.44,NA,NA,NA,NA,NA,NA,NA,NA,NA,NA,NA,0.00,NA,NA,NA
2022-11-12 01:00:00,264.71,351.32,2.42,27.91,30.33,NA,NA,0.82,32.26,NA,NA,NA,NA,NA,NA,NA,NA,NA,NA,NA,0.00,NA,NA,NA
2022-11-12 02:00:00,293.68,374.76,2.35,28.04,30.38,NA,NA,0.87,28.64,NA,NA,NA,NA,NA,NA,NA,NA,NA,NA,NA,0.00,NA,NA,NA
2022-11-12 03:00:00,330.35,405.41,2.39,31.68,34.09,NA,NA,0.87,20.80,NA,NA,NA,NA,NA,NA,NA,NA,NA,NA,NA,0.00,NA,NA,NA
2022-11-12 04:00:00,300.01,379.16,2.54,30.03,32.54,NA,NA,0.84,19.56,NA,NA,NA,NA,NA,NA,NA,NA,NA,NA,NA,0.00,NA,NA,NA
2022-11-12 05:00:00,282.70,343.97,2.67,28.49,31.18,NA,NA,0.79,21.43,NA,NA,NA,NA,NA,NA,NA,NA,NA,NA,NA,0.00,NA,NA,NA
2022-11-12 06:00:00,288.81,357.58,5.15,35.07,40.22,NA,NA,0.84,6.50,NA,NA,NA,NA,NA,NA,NA,NA,NA,NA,NA,0.00,NA,NA,NA
2022-11-12 07:00:00,258.40,337.35,5.61,33.71,39.32,NA,NA,0.85,9.14,NA,NA,NA,NA,NA,NA,NA,NA,NA,NA,NA,0.00,NA,NA,NA
2022-11-12 08:00:00,230.15,318.55,5.37,30.32,35.67,NA,NA,0.79,23.75,NA,NA,NA,NA,NA,NA,NA,NA,NA,NA,NA,0.00,NA,NA,NA
2022-11-12 09:00:00,194.92,303.01,4.65,26.27,30.91,NA,NA,0.67,60.88,NA,NA,NA,NA,NA,NA,NA,NA,NA,NA,NA,0.00,NA,NA,NA
2022-11-12 10:00:00,158.32,227.21,5.16,23.60,28.75,NA,NA,0.55,89.81,NA,NA,NA,NA,NA,NA,NA,NA,NA,NA,NA,0.00,NA,NA,NA
2022-11-12 11:00:00,122.44,187.39,7.00,21.53,28.53,NA,NA,0.50,103.21,NA,NA,NA,NA,NA,NA,NA,NA,NA,NA,NA,0.00,NA,NA,NA
2022-11-12 12:00:00,96.25,164.28,7.47,22.03,29.50,NA,NA,0.43,103.15,NA,NA,NA,NA,NA,NA,NA,NA,NA,NA,NA,0.00,NA,NA,NA
2022-11-12 13:00:00,60.99,89.99,11.08,19.64,30.75,NA,NA,0.44,97.83,NA,NA,NA,NA,NA,NA,NA,NA,NA,NA,NA,0.00,NA,NA,NA
2022-11-12 14:00:00,NA,NA,4.81,18.54,23.35,NA,NA,0.50,105.67,NA,NA,NA,NA,NA,NA,NA,NA,NA,NA,NA,0.00,NA,NA,NA
2022-11-12 15:00:00,NA,12.74,3.85,18.29,22.14,NA,NA,0.49,99.26,NA,NA,NA,NA,NA,NA,NA,NA,NA,NA,NA,0.00,NA,NA,NA
2022-11-12 16:00:00,9.53,61.73,2.84,19.61,22.45,NA,NA,0.51,93.37,NA,NA,NA,NA,NA,NA,NA,NA,NA,NA,NA,0.00,NA,NA,NA
2022-11-12 17:00:00,36.93,104.23,1.93,22.58,24.51,NA,NA,0.54,72.95,NA,NA,NA,NA,NA,NA,NA,NA,NA,NA,NA,0.00,NA,NA,NA
2022-11-12 18:00:00,63.53,127.76,1.45,24.68,26.13,NA,NA,0.58,66.73,NA,NA,NA,NA,NA,NA,NA,NA,NA,NA,NA,0.00,NA,NA,NA
2022-11-12 19:00:00,75.84,158.06,2.28,51.10,53.38,NA,NA,0.81,24.23,NA,NA,NA,NA,NA,NA,NA,NA,NA,NA,NA,0.00,NA,NA,NA
2022-11-12 20:00:00,113.05,204.72,3.58,54.69,58.27,NA,NA,0.95,11.97,NA,NA,NA,NA,NA,NA,NA,NA,NA,NA,NA,0.00,NA,NA,NA
2022-11-12 21:00:00,97.94,179.04,2.05,29.20,31.25,NA,NA,0.66,45.38,NA,NA,NA,NA,NA,NA,NA,NA,NA,NA,NA,0.00,NA,NA,NA
2022-11-12 22:00:00,87.00,131.73,2.24,31.73,33.97,NA,NA,0.65,30.35,NA,NA,NA,NA,NA,NA,NA,NA,NA,NA,NA,0.00,NA,NA,NA
2022-11-12 23:00:00,94.06,143.54,2.02,34.40,36.42,NA,NA,0.64,37.58,NA,NA,NA,NA,NA,NA,NA,NA,NA,NA,NA,0.00,NA,NA,NA
2022-11-13 00:00:00,113.17,164.85,1.93,25.60,27.53,NA,NA,0.67,58.53,NA,NA,NA,NA,NA,NA,NA,NA,NA,NA,NA,0.00,NA,NA,NA
2022-11-13 01:00:00,218.20,301.33,2.18,29.69,31.87,NA,NA,0.82,37.33,NA,NA,NA,NA,NA,NA,NA,NA,NA,NA,NA,0.00,NA,NA,NA
2022-11-13 02:00:00,198.44,275.02,2.27,34.36,36.63,NA,NA,0.80,20.66,NA,NA,NA,NA,NA,NA,NA,NA,NA,NA,NA,0.00,NA,NA,NA
2022-11-13 03:00:00,148.13,223.23,2.47,36.29,38.76,NA,NA,0.76,14.31,NA,NA,NA,NA,NA,NA,NA,NA,NA,NA,NA,0.00,NA,NA,NA
2022-11-13 04:00:00,166.25,232.26,2.19,33.20,35.39,NA,NA,0.75,19.23,NA,NA,NA,NA,NA,NA,NA,NA,NA,NA,NA,0.00,NA,NA,NA
2022-11-13 05:00:00,187.32,256.17,2.38,33.23,35.61,NA,NA,0.75,15.78,NA,NA,NA,NA,NA,NA,NA,NA,NA,NA,NA,0.00,NA,NA,NA
2022-11-13 06:00:00,190.04,240.24,2.51,33.63,36.14,NA,NA,0.74,12.55,NA,NA,NA,NA,NA,NA,NA,NA,NA,NA,NA,0.00,NA,NA,NA
2022-11-13 07:00:00,196.69,249.36,3.81,35.55,39.35,NA,NA,0.79,12.64,NA,NA,NA,NA,NA,NA,NA,NA,NA,NA,NA,0.00,NA,NA,NA
2022-11-13 08:00:00,190.02,272.05,5.49,33.21,38.70,NA,NA,0.71,19.38,NA,NA,NA,NA,NA,NA,NA,NA,NA,NA,NA,0.00,NA,NA,NA
2022-11-13 09:00:00,117.84,210.35,91.27,36.82,128.80,NA,NA,0.85,43.38,NA,NA,NA,NA,NA,NA,NA,NA,NA,NA,NA,0.00,NA,NA,NA
2022-11-13 10:00:00,NA,NA,20.84,26.56,47.25,NA,NA,0.74,81.84,NA,NA,NA,NA,NA,NA,NA,NA,NA,NA,NA,0.00,NA,NA,NA
2022-11-13 11:00:00,NA,NA,6.59,22.92,29.51,NA,NA,0.68,95.75,NA,NA,NA,NA,NA,NA,NA,NA,NA,NA,NA,0.00,NA,NA,NA
2022-11-13 12:00:00,16.81,34.58,6.90,23.07,29.98,NA,NA,0.75,107.43,NA,NA,NA,NA,NA,NA,NA,NA,NA,NA,NA,0.00,NA,NA,NA
2022-11-13 13:00:00,40.45,42.28,146.75,48.66,83.89,NA,NA,0.64,93.06,NA,NA,NA,NA,NA,NA,NA,NA,NA,NA,NA,0.00,NA,NA,NA
2022-11-13 14:00:00,NA,NA,5.22,18.74,23.96,NA,NA,0.54,106.75,NA,NA,NA,NA,NA,NA,NA,NA,NA,NA,NA,0.00,NA,NA,NA
2022-11-13 15:00:00,NA,NA,3.59,18.40,21.99,NA,NA,0.42,102.37,NA,NA,NA,NA,NA,NA,NA,NA,NA,NA,NA,0.00,NA,NA,NA
2022-11-13 16:00:00,25.81,30.71,2.59,19.57,22.16,NA,NA,0.35,87.97,NA,NA,NA,NA,NA,NA,NA,NA,NA,NA,NA,0.00,NA,NA,NA
2022-11-13 17:00:00,42.10,75.21,1.81,22.06,23.87,NA,NA,0.37,65.03,NA,NA,NA,NA,NA,NA,NA,NA,NA,NA,NA,0.00,NA,NA,NA
2022-11-13 18:00:00,51.39,68.31,1.91,26.32,28.23,NA,NA,0.38,51.65,NA,NA,NA,NA,NA,NA,NA,NA,NA,NA,NA,0.00,NA,NA,NA
2022-11-13 19:00:00,63.58,105.59,2.13,27.50,29.63,NA,NA,0.44,29.76,NA,NA,NA,NA,NA,NA,NA,NA,NA,NA,NA,0.00,NA,NA,NA
2022-11-13 20:00:00,96.48,149.82,2.38,27.45,29.82,NA,NA,0.56,18.82,NA,NA,NA,NA,NA,NA,NA,NA,NA,NA,NA,0.00,NA,NA,NA
2022-11-13 21:00:00,95.17,146.62,2.42,28.42,30.84,NA,NA,0.59,18.13,NA,NA,NA,NA,NA,NA,NA,NA,NA,NA,NA,0.00,NA,NA,NA
2022-11-13 22:00:00,107.09,144.14,2.27,27.13,29.40,NA,NA,0.57,16.69,NA,NA,NA,NA,NA,NA,NA,NA,NA,NA,NA,0.00,NA,NA,NA
2022-11-13 23:00:00,112.38,140.45,2.28,29.48,31.76,NA,NA,0.49,14.64,NA,NA,NA,NA,NA,NA,NA,NA,NA,NA,NA,0.00,NA,NA,NA
2022-11-14 00:00:00,100.57,139.21,2.14,27.50,29.64,NA,NA,0.38,14.84,NA,NA,NA,NA,NA,NA,NA,NA,NA,NA,NA,0.00,NA,NA,NA
2022-11-14 01:00:00,100.04,133.20,2.23,23.72,25.95,NA,NA,0.36,13.41,NA,NA,NA,NA,NA,NA,NA,NA,NA,NA,NA,0.00,NA,NA,NA
2022-11-14 02:00:00,87.76,128.08,2.03,21.67,23.71,NA,NA,0.32,10.02,NA,NA,NA,NA,NA,NA,NA,NA,NA,NA,NA,0.00,NA,NA,NA
2022-11-14 03:00:00,95.31,132.04,2.17,29.79,31.96,NA,NA,0.31,18.53,NA,NA,NA,NA,NA,NA,NA,NA,NA,NA,NA,0.00,NA,NA,NA
2022-11-14 04:00:00,86.92,127.93,2.11,20.87,22.97,NA,NA,0.31,12.41,NA,NA,NA,NA,NA,NA,NA,NA,NA,NA,NA,0.00,NA,NA,NA
2022-11-14 05:00:00,93.90,114.43,2.05,20.97,23.02,NA,NA,0.31,16.34,NA,NA,NA,NA,NA,NA,NA,NA,NA,NA,NA,0.00,NA,NA,NA
2022-11-14 06:00:00,91.12,114.11,2.05,21.49,23.54,NA,NA,0.30,28.08,NA,NA,NA,NA,NA,NA,NA,NA,NA,NA,NA,0.00,NA,NA,NA
2022-11-14 07:00:00,88.84,116.14,2.64,29.05,31.69,NA,NA,0.29,27.49,NA,NA,NA,NA,NA,NA,NA,NA,NA,NA,NA,0.00,NA,NA,NA
2022-11-14 08:00:00,70.01,105.21,3.55,22.23,25.78,NA,NA,0.30,38.49,NA,NA,NA,NA,NA,NA,NA,NA,NA,NA,NA,0.00,NA,NA,NA
2022-11-14 09:00:00,85.01,134.21,3.79,18.75,22.54,NA,NA,0.32,69.08,NA,NA,NA,NA,NA,NA,NA,NA,NA,NA,NA,0.00,NA,NA,NA
2022-11-14 10:00:00,86.21,135.06,4.68,18.19,22.87,NA,NA,0.34,84.38,NA,NA,NA,NA,NA,NA,NA,NA,NA,NA,NA,0.00,NA,NA,NA
2022-11-14 11:00:00,106.01,154.61,6.45,18.56,25.01,NA,NA,0.37,100.38,NA,NA,NA,NA,NA,NA,NA,NA,NA,NA,NA,0.00,NA,NA,NA
2022-11-14 12:00:00,92.01,147.87,6.94,18.04,24.99,NA,NA,0.33,98.59,NA,NA,NA,NA,NA,NA,NA,NA,NA,NA,NA,0.00,NA,NA,NA
2022-11-14 13:00:00,68.23,105.82,5.68,17.23,22.91,NA,NA,0.26,92.72,NA,NA,NA,NA,NA,NA,NA,NA,NA,NA,NA,0.00,NA,NA,NA
2022-11-14 14:00:00,59.92,102.91,4.39,16.98,21.37,NA,NA,0.23,92.24,NA,NA,NA,NA,NA,NA,NA,NA,NA,NA,NA,0.00,NA,NA,NA
2022-11-14 15:00:00,67.55,108.96,3.66,16.81,20.46,NA,NA,0.22,92.69,NA,NA,NA,NA,NA,NA,NA,NA,NA,NA,NA,0.00,NA,NA,NA
2022-11-14 16:00:00,70.94,104.36,2.61,17.43,20.04,NA,NA,0.27,81.50,NA,NA,NA,NA,NA,NA,NA,NA,NA,NA,NA,0.00,NA,NA,NA
2022-11-14 17:00:00,70.71,121.84,1.92,19.48,21.40,NA,NA,0.37,60.26,NA,NA,NA,NA,NA,NA,NA,NA,NA,NA,NA,0.00,NA,NA,NA
2022-11-14 18:00:00,88.68,133.40,1.92,23.85,25.77,NA,NA,0.49,40.70,NA,NA,NA,NA,NA,NA,NA,NA,NA,NA,NA,0.00,NA,NA,NA
2022-11-14 19:00:00,125.68,205.23,2.30,39.00,41.31,NA,NA,0.76,31.31,NA,NA,NA,NA,NA,NA,NA,NA,NA,NA,NA,0.00,NA,NA,NA
2022-11-14 20:00:00,170.25,291.55,2.67,48.66,51.34,NA,NA,1.04,22.36,NA,NA,NA,NA,NA,NA,NA,NA,NA,NA,NA,0.00,NA,NA,NA
2022-11-14 21:00:00,148.30,291.03,2.56,36.68,39.25,NA,NA,0.84,50.12,NA,NA,NA,NA,NA,NA,NA,NA,NA,NA,NA,0.00,NA,NA,NA
2022-11-14 22:00:00,123.06,232.13,2.53,33.75,36.28,NA,NA,0.74,33.29,NA,NA,NA,NA,NA,NA,NA,NA,NA,NA,NA,0.00,NA,NA,NA
2022-11-14 23:00:00,105.45,193.92,2.53,30.87,33.40,NA,NA,0.70,19.92,NA,NA,NA,NA,NA,NA,NA,NA,NA,NA,NA,0.00,NA,NA,NA
2022-11-15 00:00:00,96.10,175.16,2.40,29.15,31.55,NA,NA,0.70,11.35,NA,NA,NA,NA,NA,NA,NA,NA,NA,NA,NA,0.00,NA,NA,NA
2022-11-15 01:00:00,104.92,166.73,2.51,26.65,29.17,NA,NA,0.65,7.45,NA,NA,NA,NA,NA,NA,NA,NA,NA,NA,NA,0.00,NA,NA,NA
2022-11-15 02:00:00,85.53,134.09,3.28,28.00,31.28,NA,NA,0.58,6.69,NA,NA,NA,NA,NA,NA,NA,NA,NA,NA,NA,0.00,NA,NA,NA
2022-11-15 03:00:00,65.38,93.53,2.94,26.51,29.45,NA,NA,0.48,8.84,NA,NA,NA,NA,NA,NA,NA,NA,NA,NA,NA,0.00,NA,NA,NA
2022-11-15 04:00:00,47.33,75.15,3.59,21.84,25.40,NA,NA,0.43,6.06,NA,NA,NA,NA,NA,NA,NA,NA,NA,NA,NA,0.00,NA,NA,NA
2022-11-15 05:00:00,43.66,75.29,6.10,26.06,32.18,NA,NA,0.46,4.50,NA,NA,NA,NA,NA,NA,NA,NA,NA,NA,NA,0.00,NA,NA,NA
2022-11-15 06:00:00,58.37,89.23,2.91,23.19,26.09,NA,NA,0.47,5.77,NA,NA,NA,NA,NA,NA,NA,NA,NA,NA,NA,0.00,NA,NA,NA
2022-11-15 07:00:00,65.88,88.87,6.64,24.17,30.81,NA,NA,0.49,6.79,NA,NA,NA,NA,NA,NA,NA,NA,NA,NA,NA,0.00,NA,NA,NA
2022-11-15 08:00:00,58.67,85.75,12.56,28.07,40.60,NA,NA,0.54,6.69,NA,NA,NA,NA,NA,NA,NA,NA,NA,NA,NA,0.00,NA,NA,NA
2022-11-15 09:00:00,118.50,188.77,20.98,53.16,74.15,NA,NA,0.97,9.96,NA,NA,NA,NA,NA,NA,NA,NA,NA,NA,NA,0.00,NA,NA,NA
2022-11-15 10:00:00,165.12,328.20,14.32,65.34,79.66,NA,NA,1.05,21.72,NA,NA,NA,NA,NA,NA,NA,NA,NA,NA,NA,0.00,NA,NA,NA
2022-11-15 11:00:00,136.46,299.96,9.96,51.50,61.47,NA,NA,0.85,64.52,NA,NA,NA,NA,NA,NA,NA,NA,NA,NA,NA,0.00,NA,NA,NA
2022-11-15 12:00:00,109.01,231.96,7.84,36.04,43.88,NA,NA,0.64,93.90,NA,NA,NA,NA,NA,NA,NA,NA,NA,NA,NA,0.00,NA,NA,NA
2022-11-15 13:00:00,78.48,171.04,5.90,25.06,30.96,NA,NA,0.46,105.95,NA,NA,NA,NA,NA,NA,NA,NA,NA,NA,NA,0.00,NA,NA,NA
2022-11-15 14:00:00,71.10,152.66,4.54,23.95,28.49,NA,NA,0.43,125.96,NA,NA,NA,NA,NA,NA,NA,NA,NA,NA,NA,0.00,NA,NA,NA
2022-11-15 15:00:00,84.05,156.96,3.68,23.82,27.50,NA,NA,0.36,127.70,NA,NA,NA,NA,NA,NA,NA,NA,NA,NA,NA,0.00,NA,NA,NA
2022-11-15 16:00:00,77.54,160.00,3.08,24.42,27.51,NA,NA,0.38,96.90,NA,NA,NA,NA,NA,NA,NA,NA,NA,NA,NA,0.00,NA,NA,NA
2022-11-15 17:00:00,79.65,142.91,2.27,22.59,24.87,NA,NA,0.39,56.02,NA,NA,NA,NA,NA,NA,NA,NA,NA,NA,NA,0.00,NA,NA,NA
2022-11-15 18:00:00,65.69,108.54,2.08,22.65,24.72,NA,NA,0.40,39.25,NA,NA,NA,NA,NA,NA,NA,NA,NA,NA,NA,0.00,NA,NA,NA
2022-11-15 19:00:00,71.15,126.56,2.26,24.96,27.21,NA,NA,0.42,31.43,NA,NA,NA,NA,NA,NA,NA,NA,NA,NA,NA,0.00,NA,NA,NA
2022-11-15 20:00:00,79.85,133.70,2.13,24.77,26.90,NA,NA,0.43,21.88,NA,NA,NA,NA,NA,NA,NA,NA,NA,NA,NA,0.00,NA,NA,NA
2022-11-15 21:00:00,91.89,148.58,2.14,26.56,28.70,NA,NA,0.48,16.19,NA,NA,NA,NA,NA,NA,NA,NA,NA,NA,NA,0.00,NA,NA,NA
2022-11-15 22:00:00,106.62,176.96,2.35,25.39,27.74,NA,NA,0.45,11.84,NA,NA,NA,NA,NA,NA,NA,NA,NA,NA,NA,0.00,NA,NA,NA
2022-11-15 23:00:00,77.83,126.29,2.51,25.69,28.20,NA,NA,0.44,9.80,NA,NA,NA,NA,NA,NA,NA,NA,NA,NA,NA,0.00,NA,NA,NA
2022-11-16 00:00:00,96.98,168.66,10.16,40.88,51.02,NA,NA,0.79,4.55,NA,NA,NA,NA,NA,NA,NA,NA,NA,NA,NA,0.00,NA,NA,NA
2022-11-16 01:00:00,122.72,211.85,9.40,49.78,59.19,NA,NA,0.83,4.75,NA,NA,NA,NA,NA,NA,NA,NA,NA,NA,NA,0.00,NA,NA,NA
2022-11-16 02:00:00,133.34,195.53,3.29,37.66,40.95,NA,NA,0.62,5.80,NA,NA,NA,NA,NA,NA,NA,NA,NA,NA,NA,0.00,NA,NA,NA
2022-11-16 03:00:00,130.25,176.64,2.56,34.89,37.45,NA,NA,0.56,11.43,NA,NA,NA,NA,NA,NA,NA,NA,NA,NA,NA,0.00,NA,NA,NA
2022-11-16 04:00:00,141.38,187.25,2.49,34.11,36.61,NA,NA,0.51,10.75,NA,NA,NA,NA,NA,NA,NA,NA,NA,NA,NA,0.00,NA,NA,NA
2022-11-16 05:00:00,152.88,185.65,2.65,30.17,32.82,NA,NA,0.56,8.68,NA,NA,NA,NA,NA,NA,NA,NA,NA,NA,NA,0.00,NA,NA,NA
2022-11-16 06:00:00,165.68,217.01,2.46,25.91,28.37,NA,NA,0.57,12.15,NA,NA,NA,NA,NA,NA,NA,NA,NA,NA,NA,0.00,NA,NA,NA
2022-11-16 07:00:00,152.28,204.82,4.02,30.05,34.07,NA,NA,0.58,9.24,NA,NA,NA,NA,NA,NA,NA,NA,NA,NA,NA,0.00,NA,NA,NA
2022-11-16 08:00:00,147.54,210.41,6.63,31.86,38.49,NA,NA,0.65,16.57,NA,NA,NA,NA,NA,NA,NA,NA,NA,NA,NA,0.00,NA,NA,NA
2022-11-16 09:00:00,150.06,217.16,5.67,29.41,35.08,NA,NA,0.68,42.52,NA,NA,NA,NA,NA,NA,NA,NA,NA,NA,NA,0.00,NA,NA,NA
2022-11-16 10:00:00,145.73,239.13,5.91,26.50,32.41,NA,NA,0.65,69.57,NA,NA,NA,NA,NA,NA,NA,NA,NA,NA,NA,0.00,NA,NA,NA
2022-11-16 11:00:00,112.48,197.53,7.48,26.28,33.76,NA,NA,0.58,86.93,NA,NA,NA,NA,NA,NA,NA,NA,NA,NA,NA,0.00,NA,NA,NA
2022-11-16 12:00:00,105.06,170.60,7.61,23.60,31.22,NA,NA,0.51,97.05,NA,NA,NA,NA,NA,NA,NA,NA,NA,NA,NA,0.00,NA,NA,NA
2022-11-16 13:00:00,72.81,113.85,6.09,18.80,24.90,NA,NA,0.40,94.63,NA,NA,NA,NA,NA,NA,NA,NA,NA,NA,NA,0.00,NA,NA,NA
2022-11-16 14:00:00,48.91,74.59,4.62,17.83,22.45,NA,NA,0.33,90.89,NA,NA,NA,NA,NA,NA,NA,NA,NA,NA,NA,0.00,NA,NA,NA
2022-11-16 15:00:00,40.51,69.47,3.72,17.09,20.81,NA,NA,0.29,86.97,NA,NA,NA,NA,NA,NA,NA,NA,NA,NA,NA,0.00,NA,NA,NA
2022-11-16 16:00:00,34.65,63.21,3.01,17.58,20.59,NA,NA,0.30,79.82,NA,NA,NA,NA,NA,NA,NA,NA,NA,NA,NA,0.00,NA,NA,NA
2022-11-16 17:00:00,38.57,70.14,2.13,20.87,23.00,NA,NA,0.34,69.62,NA,NA,NA,NA,NA,NA,NA,NA,NA,NA,NA,0.00,NA,NA,NA
2022-11-16 18:00:00,45.23,97.51,2.10,25.73,27.83,NA,NA,0.41,48.37,NA,NA,NA,NA,NA,NA,NA,NA,NA,NA,NA,0.00,NA,NA,NA
2022-11-16 19:00:00,53.73,107.01,2.06,30.69,32.75,NA,NA,0.50,39.19,NA,NA,NA,NA,NA,NA,NA,NA,NA,NA,NA,0.00,NA,NA,NA
2022-11-16 20:00:00,73.73,133.37,2.46,34.09,36.55,NA,NA,0.59,30.48,NA,NA,NA,NA,NA,NA,NA,NA,NA,NA,NA,0.00,NA,NA,NA
2022-11-16 21:00:00,86.58,148.12,2.30,33.73,36.03,NA,NA,0.59,28.65,NA,NA,NA,NA,NA,NA,NA,NA,NA,NA,NA,0.00,NA,NA,NA
2022-11-16 22:00:00,93.69,149.28,2.29,32.98,35.27,NA,NA,0.56,28.39,NA,NA,NA,NA,NA,NA,NA,NA,NA,NA,NA,0.00,NA,NA,NA
2022-11-16 23:00:00,94.63,154.54,2.18,28.41,30.58,NA,NA,0.54,34.75,NA,NA,NA,NA,NA,NA,NA,NA,NA,NA,NA,0.00,NA,NA,NA
2022-11-17 00:00:00,95.90,170.02,2.30,27.53,29.83,NA,NA,0.56,36.99,NA,NA,NA,NA,NA,NA,NA,NA,NA,NA,NA,0.00,NA,NA,NA
2022-11-17 01:00:00,151.31,212.01,2.32,29.28,31.60,NA,NA,0.60,29.86,NA,NA,NA,NA,NA,NA,NA,NA,NA,NA,NA,0.00,NA,NA,NA
2022-11-17 02:00:00,174.15,240.83,2.55,32.01,34.56,NA,NA,0.64,22.85,NA,NA,NA,NA,NA,NA,NA,NA,NA,NA,NA,0.00,NA,NA,NA
2022-11-17 03:00:00,185.27,248.20,2.47,33.18,35.65,NA,NA,0.66,17.53,NA,NA,NA,NA,NA,NA,NA,NA,NA,NA,NA,0.00,NA,NA,NA
2022-11-17 04:00:00,179.11,244.84,4.59,36.61,41.19,NA,NA,0.66,7.29,NA,NA,NA,NA,NA,NA,NA,NA,NA,NA,NA,0.00,NA,NA,NA
2022-11-17 05:00:00,159.84,268.41,4.61,34.83,39.44,NA,NA,0.63,7.12,NA,NA,NA,NA,NA,NA,NA,NA,NA,NA,NA,0.00,NA,NA,NA
2022-11-17 06:00:00,175.96,236.82,8.04,36.66,44.70,NA,NA,0.61,5.16,NA,NA,NA,NA,NA,NA,NA,NA,NA,NA,NA,0.00,NA,NA,NA
2022-11-17 07:00:00,168.74,224.11,7.09,36.38,43.47,NA,NA,0.67,8.76,NA,NA,NA,NA,NA,NA,NA,NA,NA,NA,NA,0.00,NA,NA,NA
2022-11-17 08:00:00,183.82,267.72,6.01,34.06,40.07,NA,NA,0.74,17.08,NA,NA,NA,NA,NA,NA,NA,NA,NA,NA,NA,0.00,NA,NA,NA
2022-11-17 09:00:00,161.73,273.90,5.63,30.26,35.88,NA,NA,0.68,43.50,NA,NA,NA,NA,NA,NA,NA,NA,NA,NA,NA,0.00,NA,NA,NA
2022-11-17 10:00:00,122.63,219.60,5.68,25.91,31.58,NA,NA,0.58,72.87,NA,NA,NA,NA,NA,NA,NA,NA,NA,NA,NA,0.00,NA,NA,NA
2022-11-17 11:00:00,93.90,167.79,7.27,23.23,30.50,NA,NA,0.52,87.49,NA,NA,NA,NA,NA,NA,NA,NA,NA,NA,NA,0.00,NA,NA,NA
2022-11-17 12:00:00,63.03,126.54,7.64,19.87,27.51,NA,NA,0.44,92.07,NA,NA,NA,NA,NA,NA,NA,NA,NA,NA,NA,0.00,NA,NA,NA
2022-11-17 13:00:00,60.60,96.73,6.25,18.17,24.42,NA,NA,0.41,92.35,NA,NA,NA,NA,NA,NA,NA,NA,NA,NA,NA,0.00,NA,NA,NA
2022-11-17 14:00:00,39.70,66.77,43.51,25.15,68.89,NA,NA,0.44,93.13,NA,NA,NA,NA,NA,NA,NA,NA,NA,NA,NA,0.00,NA,NA,NA
2022-11-17 15:00:00,NA,NA,4.90,19.19,24.10,NA,NA,0.51,102.06,NA,NA,NA,NA,NA,NA,NA,NA,NA,NA,NA,0.00,NA,NA,NA
2022-11-17 16:00:00,NA,NA,2.94,19.55,22.49,NA,NA,0.52,97.71,NA,NA,NA,NA,NA,NA,NA,NA,NA,NA,NA,0.00,NA,NA,NA
2022-11-17 17:00:00,3.45,42.28,2.05,22.37,24.41,NA,NA,0.56,86.64,NA,NA,NA,NA,NA,NA,NA,NA,NA,NA,NA,0.00,NA,NA,NA
2022-11-17 18:00:00,24.85,91.67,1.97,25.40,27.38,NA,NA,0.66,69.03,NA,NA,NA,NA,NA,NA,NA,NA,NA,NA,NA,0.00,NA,NA,NA
2022-11-17 19:00:00,50.74,116.88,1.98,29.45,31.42,NA,NA,0.71,44.31,NA,NA,NA,NA,NA,NA,NA,NA,NA,NA,NA,0.00,NA,NA,NA
2022-11-17 20:00:00,58.66,121.33,2.60,39.75,42.36,NA,NA,0.78,16.78,NA,NA,NA,NA,NA,NA,NA,NA,NA,NA,NA,0.00,NA,NA,NA
2022-11-17 21:00:00,74.65,161.94,2.34,36.27,38.61,NA,NA,0.83,19.17,NA,NA,NA,NA,NA,NA,NA,NA,NA,NA,NA,0.00,NA,NA,NA
2022-11-17 22:00:00,81.95,154.68,4.79,40.78,45.57,NA,NA,0.76,7.65,NA,NA,NA,NA,NA,NA,NA,NA,NA,NA,NA,0.00,NA,NA,NA
2022-11-17 23:00:00,88.47,165.08,3.69,38.69,42.39,NA,NA,0.81,6.30,NA,NA,NA,NA,NA,NA,NA,NA,NA,NA,NA,0.00,NA,NA,NA
2022-11-18 00:00:00,93.85,180.49,2.20,30.96,33.16,NA,NA,0.76,20.89,NA,NA,NA,NA,NA,NA,NA,NA,NA,NA,NA,0.00,NA,NA,NA
2022-11-18 01:00:00,139.16,228.85,2.10,28.95,31.05,NA,NA,0.79,27.19,NA,NA,NA,NA,NA,NA,NA,NA,NA,NA,NA,0.00,NA,NA,NA
2022-11-18 02:00:00,192.53,239.80,2.05,25.51,27.56,NA,NA,0.76,27.51,NA,NA,NA,NA,NA,NA,NA,NA,NA,NA,NA,0.00,NA,NA,NA
2022-11-18 03:00:00,177.42,228.10,2.13,28.77,30.90,NA,NA,0.74,22.27,NA,NA,NA,NA,NA,NA,NA,NA,NA,NA,NA,0.00,NA,NA,NA
2022-11-18 04:00:00,167.08,209.75,2.12,29.25,31.37,NA,NA,0.72,14.87,NA,NA,NA,NA,NA,NA,NA,NA,NA,NA,NA,0.00,NA,NA,NA
2022-11-18 05:00:00,160.58,229.40,3.13,32.53,35.65,NA,NA,0.74,8.77,NA,NA,NA,NA,NA,NA,NA,NA,NA,NA,NA,0.00,NA,NA,NA
2022-11-18 06:00:00,193.39,253.77,2.73,29.44,32.17,NA,NA,0.75,17.36,NA,NA,NA,NA,NA,NA,NA,NA,NA,NA,NA,0.00,NA,NA,NA
2022-11-18 07:00:00,200.61,264.02,3.60,29.72,33.33,NA,NA,0.78,12.54,NA,NA,NA,NA,NA,NA,NA,NA,NA,NA,NA,0.00,NA,NA,NA
2022-11-18 08:00:00,186.61,247.87,7.04,35.39,42.43,NA,NA,0.84,17.53,NA,NA,NA,NA,NA,NA,NA,NA,NA,NA,NA,0.00,NA,NA,NA
2022-11-18 09:00:00,208.55,337.82,7.46,43.38,50.84,NA,NA,1.02,39.52,NA,NA,NA,NA,NA,NA,NA,NA,NA,NA,NA,0.00,NA,NA,NA
2022-11-18 10:00:00,227.46,343.87,5.96,34.53,40.49,NA,NA,0.87,87.54,NA,NA,NA,NA,NA,NA,NA,NA,NA,NA,NA,0.00,NA,NA,NA
2022-11-18 11:00:00,158.51,218.14,7.27,24.04,31.31,NA,NA,0.64,105.98,NA,NA,NA,NA,NA,NA,NA,NA,NA,NA,NA,0.00,NA,NA,NA
2022-11-18 12:00:00,87.62,121.81,7.57,23.93,31.50,NA,NA,0.57,110.81,NA,NA,NA,NA,NA,NA,NA,NA,NA,NA,NA,0.00,NA,NA,NA
2022-11-18 13:00:00,69.38,114.35,5.90,20.59,26.49,NA,NA,0.53,115.87,NA,NA,NA,NA,NA,NA,NA,NA,NA,NA,NA,0.00,NA,NA,NA
2022-11-18 14:00:00,65.29,127.12,4.94,19.41,24.34,NA,NA,0.56,113.40,NA,NA,NA,NA,NA,NA,NA,NA,NA,NA,NA,0.00,NA,NA,NA
2022-11-18 15:00:00,54.28,96.72,3.96,18.74,22.70,NA,NA,0.51,99.23,NA,NA,NA,NA,NA,NA,NA,NA,NA,NA,NA,0.00,NA,NA,NA
2022-11-18 16:00:00,51.93,87.24,3.12,19.27,22.39,NA,NA,0.49,84.82,NA,NA,NA,NA,NA,NA,NA,NA,NA,NA,NA,0.00,NA,NA,NA
2022-11-18 17:00:00,57.29,100.65,2.14,21.86,24.00,NA,NA,0.51,59.21,NA,NA,NA,NA,NA,NA,NA,NA,NA,NA,NA,0.00,NA,NA,NA
2022-11-18 18:00:00,39.30,80.18,22.18,26.22,48.25,NA,NA,0.56,39.82,NA,NA,NA,NA,NA,NA,NA,NA,NA,NA,NA,0.00,NA,NA,NA
2022-11-18 19:00:00,NA,NA,2.46,30.63,33.09,NA,NA,0.66,22.14,NA,NA,NA,NA,NA,NA,NA,NA,NA,NA,NA,0.00,NA,NA,NA
2022-11-18 20:00:00,NA,36.26,4.37,38.92,43.34,NA,NA,0.78,9.27,NA,NA,NA,NA,NA,NA,NA,NA,NA,NA,NA,0.00,NA,NA,NA
2022-11-18 21:00:00,27.74,135.10,15.32,45.87,61.21,NA,NA,1.16,4.65,NA,NA,NA,NA,NA,NA,NA,NA,NA,NA,NA,0.00,NA,NA,NA
2022-11-18 22:00:00,74.39,200.74,17.30,44.98,62.27,NA,NA,1.28,5.07,NA,NA,NA,NA,NA,NA,NA,NA,NA,NA,NA,0.00,NA,NA,NA
2022-11-18 23:00:00,94.85,199.47,16.12,43.33,59.44,NA,NA,1.23,4.24,NA,NA,NA,NA,NA,NA,NA,NA,NA,NA,NA,0.00,NA,NA,NA
2022-11-19 00:00:00,110.87,192.67,9.13,42.28,51.38,NA,NA,1.16,7.31,NA,NA,NA,NA,NA,NA,NA,NA,NA,NA,NA,0.00,NA,NA,NA
2022-11-19 01:00:00,112.23,183.88,4.06,34.92,38.96,NA,NA,1.04,6.62,NA,NA,NA,NA,NA,NA,NA,NA,NA,NA,NA,0.00,NA,NA,NA
2022-11-19 02:00:00,100.48,169.00,2.87,32.51,35.37,NA,NA,0.96,15.34,NA,NA,NA,NA,NA,NA,NA,NA,NA,NA,NA,0.00,NA,NA,NA
2022-11-19 03:00:00,107.63,150.57,2.51,29.77,32.28,NA,NA,0.87,5.12,NA,NA,NA,NA,NA,NA,NA,NA,NA,NA,NA,0.00,NA,NA,NA
2022-11-19 04:00:00,110.78,150.40,3.98,30.33,34.31,NA,NA,0.93,4.51,NA,NA,NA,NA,NA,NA,NA,NA,NA,NA,NA,0.00,NA,NA,NA
2022-11-19 05:00:00,115.34,149.68,8.43,33.69,42.14,NA,NA,0.94,8.93,NA,NA,NA,NA,NA,NA,NA,NA,NA,NA,NA,0.00,NA,NA,NA
2022-11-19 06:00:00,112.39,150.59,23.83,34.06,57.92,NA,NA,1.07,4.32,NA,NA,NA,NA,NA,NA,NA,NA,NA,NA,NA,0.00,NA,NA,NA
2022-11-19 07:00:00,130.83,188.86,31.90,34.39,66.28,NA,NA,1.11,4.46,NA,NA,NA,NA,NA,NA,NA,NA,NA,NA,NA,0.00,NA,NA,NA
2022-11-19 08:00:00,107.59,174.12,28.87,40.63,69.58,NA,NA,1.14,4.71,NA,NA,NA,NA,NA,NA,NA,NA,NA,NA,NA,0.00,NA,NA,NA
2022-11-19 09:00:00,150.82,237.76,16.16,61.96,78.10,NA,NA,1.21,19.35,NA,NA,NA,NA,NA,NA,NA,NA,NA,NA,NA,0.00,NA,NA,NA
2022-11-19 10:00:00,179.91,263.98,9.26,51.99,61.19,NA,NA,0.91,47.92,NA,NA,NA,NA,NA,NA,NA,NA,NA,NA,NA,0.00,NA,NA,NA
2022-11-19 11:00:00,121.20,217.41,8.35,38.75,47.08,NA,NA,0.79,81.34,NA,NA,NA,NA,NA,NA,NA,NA,NA,NA,NA,0.00,NA,NA,NA
2022-11-19 12:00:00,88.83,168.12,7.59,24.50,32.06,NA,NA,0.60,95.59,NA,NA,NA,NA,NA,NA,NA,NA,NA,NA,NA,0.00,NA,NA,NA
2022-11-19 13:00:00,60.87,102.83,6.13,20.22,26.35,NA,NA,0.54,102.58,NA,NA,NA,NA,NA,NA,NA,NA,NA,NA,NA,0.00,NA,NA,NA
2022-11-19 14:00:00,61.28,92.06,4.79,21.18,25.97,NA,NA,0.54,95.69,NA,NA,NA,NA,NA,NA,NA,NA,NA,NA,NA,0.00,NA,NA,NA
2022-11-19 15:00:00,62.55,104.84,4.01,21.66,25.67,NA,NA,0.55,117.61,NA,NA,NA,NA,NA,NA,NA,NA,NA,NA,NA,0.00,NA,NA,NA
2022-11-19 16:00:00,63.71,110.83,3.02,22.53,25.54,NA,NA,0.58,107.35,NA,NA,NA,NA,NA,NA,NA,NA,NA,NA,NA,0.00,NA,NA,NA
2022-11-19 17:00:00,70.00,119.46,2.14,24.05,26.20,NA,NA,0.61,60.54,NA,NA,NA,NA,NA,NA,NA,NA,NA,NA,NA,0.00,NA,NA,NA
2022-11-19 18:00:00,72.32,135.26,2.13,34.27,36.40,NA,NA,0.70,34.58,NA,NA,NA,NA,NA,NA,NA,NA,NA,NA,NA,0.00,NA,NA,NA
2022-11-19 19:00:00,89.41,167.94,2.35,44.73,47.07,NA,NA,0.85,13.43,NA,NA,NA,NA,NA,NA,NA,NA,NA,NA,NA,0.00,NA,NA,NA
2022-11-19 20:00:00,143.30,227.13,2.53,42.03,44.56,NA,NA,0.86,10.49,NA,NA,NA,NA,NA,NA,NA,NA,NA,NA,NA,0.00,NA,NA,NA
2022-11-19 21:00:00,108.60,190.37,2.57,42.16,44.73,NA,NA,0.92,7.14,NA,NA,NA,NA,NA,NA,NA,NA,NA,NA,NA,0.00,NA,NA,NA
2022-11-19 22:00:00,103.33,169.80,3.11,45.31,48.41,NA,NA,1.00,4.78,NA,NA,NA,NA,NA,NA,NA,NA,NA,NA,NA,0.00,NA,NA,NA
2022-11-19 23:00:00,125.56,187.72,3.19,42.43,45.63,NA,NA,0.95,5.48,NA,NA,NA,NA,NA,NA,NA,NA,NA,NA,NA,0.00,NA,NA,NA
2022-11-20 00:00:00,141.46,220.32,2.62,35.97,38.59,NA,NA,0.96,6.87,NA,NA,NA,NA,NA,NA,NA,NA,NA,NA,NA,0.00,NA,NA,NA
2022-11-20 01:00:00,157.98,233.34,2.75,36.93,39.68,NA,NA,1.02,5.23,NA,NA,NA,NA,NA,NA,NA,NA,NA,NA,NA,0.00,NA,NA,NA
2022-11-20 02:00:00,160.22,240.62,7.21,38.90,46.09,NA,NA,1.16,4.23,NA,NA,NA,NA,NA,NA,NA,NA,NA,NA,NA,0.00,NA,NA,NA
2022-11-20 03:00:00,173.53,260.99,25.63,46.63,72.25,NA,NA,1.60,4.51,NA,NA,NA,NA,NA,NA,NA,NA,NA,NA,NA,0.00,NA,NA,NA
2022-11-20 04:00:00,211.35,330.30,23.01,52.86,75.88,NA,NA,1.47,4.63,NA,NA,NA,NA,NA,NA,NA,NA,NA,NA,NA,0.00,NA,NA,NA
2022-11-20 05:00:00,246.33,334.99,9.57,51.92,61.50,NA,NA,1.11,4.56,NA,NA,NA,NA,NA,NA,NA,NA,NA,NA,NA,0.00,NA,NA,NA
2022-11-20 06:00:00,233.49,298.49,7.61,50.24,57.86,NA,NA,0.95,4.71,NA,NA,NA,NA,NA,NA,NA,NA,NA,NA,NA,0.00,NA,NA,NA
2022-11-20 07:00:00,211.57,275.56,6.28,44.94,51.22,NA,NA,0.88,6.75,NA,NA,NA,NA,NA,NA,NA,NA,NA,NA,NA,0.00,NA,NA,NA
2022-11-20 08:00:00,199.66,298.86,9.19,49.26,58.45,NA,NA,0.94,15.26,NA,NA,NA,NA,NA,NA,NA,NA,NA,NA,NA,0.00,NA,NA,NA
2022-11-20 09:00:00,200.89,321.50,7.31,45.19,52.50,NA,NA,1.01,39.21,NA,NA,NA,NA,NA,NA,NA,NA,NA,NA,NA,0.00,NA,NA,NA
2022-11-20 10:00:00,216.92,322.65,6.42,38.13,44.54,NA,NA,0.90,74.09,NA,NA,NA,NA,NA,NA,NA,NA,NA,NA,NA,0.00,NA,NA,NA
2022-11-20 11:00:00,183.66,293.76,7.54,31.42,38.97,NA,NA,0.76,97.39,NA,NA,NA,NA,NA,NA,NA,NA,NA,NA,NA,0.00,NA,NA,NA
2022-11-20 12:00:00,130.71,210.33,7.85,26.82,34.66,NA,NA,0.63,107.47,NA,NA,NA,NA,NA,NA,NA,NA,NA,NA,NA,0.00,NA,NA,NA
2022-11-20 13:00:00,96.65,155.71,6.48,22.10,28.58,NA,NA,0.58,120.52,NA,NA,NA,NA,NA,NA,NA,NA,NA,NA,NA,0.00,NA,NA,NA
2022-11-20 14:00:00,106.64,163.53,4.96,22.49,27.45,NA,NA,0.61,134.45,NA,NA,NA,NA,NA,NA,NA,NA,NA,NA,NA,0.00,NA,NA,NA
2022-11-20 15:00:00,115.87,181.41,4.04,22.27,26.32,NA,NA,0.64,134.39,NA,NA,NA,NA,NA,NA,NA,NA,NA,NA,NA,0.00,NA,NA,NA
2022-11-20 16:00:00,98.94,174.95,3.53,22.36,25.89,NA,NA,0.62,105.94,NA,NA,NA,NA,NA,NA,NA,NA,NA,NA,NA,0.00,NA,NA,NA
2022-11-20 17:00:00,102.01,162.52,2.61,23.44,26.06,NA,NA,0.63,71.56,NA,NA,NA,NA,NA,NA,NA,NA,NA,NA,NA,0.00,NA,NA,NA
2022-11-20 18:00:00,102.58,151.77,2.13,26.26,28.39,NA,NA,0.65,44.92,NA,NA,NA,NA,NA,NA,NA,NA,NA,NA,NA,0.00,NA,NA,NA
2022-11-20 19:00:00,115.14,170.28,2.27,36.38,38.65,NA,NA,0.78,24.40,NA,NA,NA,NA,NA,NA,NA,NA,NA,NA,NA,0.00,NA,NA,NA
2022-11-20 20:00:00,130.27,203.96,2.92,47.09,50.01,NA,NA,0.98,8.50,NA,NA,NA,NA,NA,NA,NA,NA,NA,NA,NA,0.00,NA,NA,NA
2022-11-20 21:00:00,159.88,251.81,7.16,47.71,54.86,NA,NA,1.32,4.34,NA,NA,NA,NA,NA,NA,NA,NA,NA,NA,NA,0.00,NA,NA,NA
2022-11-20 22:00:00,158.96,258.03,4.29,43.28,47.57,NA,NA,1.22,4.71,NA,NA,NA,NA,NA,NA,NA,NA,NA,NA,NA,0.00,NA,NA,NA
2022-11-20 23:00:00,150.06,224.85,4.20,42.27,46.47,NA,NA,1.26,4.47,NA,NA,NA,NA,NA,NA,NA,NA,NA,NA,NA,0.00,NA,NA,NA
2022-11-21 00:00:00,185.78,248.02,5.03,45.57,50.60,NA,NA,1.26,4.53,NA,NA,NA,NA,NA,NA,NA,NA,NA,NA,NA,0.00,NA,NA,NA
2022-11-21 01:00:00,167.95,248.35,2.84,40.97,43.81,NA,NA,1.02,8.34,NA,NA,NA,NA,NA,NA,NA,NA,NA,NA,NA,0.00,NA,NA,NA
2022-11-21 02:00:00,147.17,222.02,2.52,39.85,42.38,NA,NA,0.93,10.22,NA,NA,NA,NA,NA,NA,NA,NA,NA,NA,NA,0.00,NA,NA,NA
2022-11-21 03:00:00,144.78,207.49,3.59,40.51,44.10,NA,NA,0.82,7.77,NA,NA,NA,NA,NA,NA,NA,NA,NA,NA,NA,0.00,NA,NA,NA
2022-11-21 04:00:00,139.20,209.68,4.42,40.01,44.43,NA,NA,0.78,5.28,NA,NA,NA,NA,NA,NA,NA,NA,NA,NA,NA,0.00,NA,NA,NA
2022-11-21 05:00:00,133.79,197.66,4.11,38.97,43.08,NA,NA,0.76,5.56,NA,NA,NA,NA,NA,NA,NA,NA,NA,NA,NA,0.00,NA,NA,NA
2022-11-21 06:00:00,139.89,209.48,6.75,37.81,44.56,NA,NA,0.77,4.45,NA,NA,NA,NA,NA,NA,NA,NA,NA,NA,NA,0.00,NA,NA,NA
2022-11-21 07:00:00,143.69,194.75,5.54,31.07,36.61,NA,NA,0.76,6.69,NA,NA,NA,NA,NA,NA,NA,NA,NA,NA,NA,0.00,NA,NA,NA
2022-11-21 08:00:00,137.14,200.11,12.57,41.50,54.08,NA,NA,0.91,11.02,NA,NA,NA,NA,NA,NA,NA,NA,NA,NA,NA,0.00,NA,NA,NA
2022-11-21 09:00:00,161.58,247.55,5.99,34.99,40.98,NA,NA,0.85,45.06,NA,NA,NA,NA,NA,NA,NA,NA,NA,NA,NA,0.00,NA,NA,NA
2022-11-21 10:00:00,171.96,285.96,6.21,32.85,39.06,NA,NA,0.86,79.83,NA,NA,NA,NA,NA,NA,NA,NA,NA,NA,NA,0.00,NA,NA,NA
2022-11-21 11:00:00,136.14,213.21,7.77,24.61,32.38,NA,NA,0.68,97.43,NA,NA,NA,NA,NA,NA,NA,NA,NA,NA,NA,0.00,NA,NA,NA
2022-11-21 12:00:00,118.21,170.85,8.02,22.85,30.87,NA,NA,0.65,99.32,NA,NA,NA,NA,NA,NA,NA,NA,NA,NA,NA,0.00,NA,NA,NA
2022-11-21 13:00:00,67.47,109.67,10.32,23.33,33.65,NA,NA,0.60,88.27,NA,NA,NA,NA,NA,NA,NA,NA,NA,NA,NA,0.00,NA,NA,NA
2022-11-21 14:00:00,NA,0.82,5.60,25.77,31.35,NA,NA,0.62,101.05,NA,NA,NA,NA,NA,NA,NA,NA,NA,NA,NA,0.00,NA,NA,NA
2022-11-21 15:00:00,3.73,59.92,4.24,21.78,26.02,NA,NA,0.60,112.15,NA,NA,NA,NA,NA,NA,NA,NA,NA,NA,NA,0.00,NA,NA,NA
2022-11-21 16:00:00,28.29,94.45,3.24,21.80,25.04,NA,NA,0.60,102.08,NA,NA,NA,NA,NA,NA,NA,NA,NA,NA,NA,0.00,NA,NA,NA
2022-11-21 17:00:00,42.48,94.38,2.17,27.10,29.28,NA,NA,0.63,73.56,NA,NA,NA,NA,NA,NA,NA,NA,NA,NA,NA,0.00,NA,NA,NA
2022-11-21 18:00:00,65.92,139.34,2.13,39.64,41.78,NA,NA,0.78,32.83,NA,NA,NA,NA,NA,NA,NA,NA,NA,NA,NA,0.00,NA,NA,NA
2022-11-21 19:00:00,82.26,188.57,2.98,55.63,58.61,NA,NA,0.99,13.17,NA,NA,NA,NA,NA,NA,NA,NA,NA,NA,NA,0.00,NA,NA,NA
2022-11-21 20:00:00,97.30,194.07,2.83,46.93,49.75,NA,NA,0.99,14.26,NA,NA,NA,NA,NA,NA,NA,NA,NA,NA,NA,0.00,NA,NA,NA
2022-11-21 21:00:00,102.92,191.49,4.20,50.23,54.43,NA,NA,1.03,5.17,NA,NA,NA,NA,NA,NA,NA,NA,NA,NA,NA,0.00,NA,NA,NA
2022-11-21 22:00:00,95.70,180.64,10.52,48.30,58.80,NA,NA,1.10,4.02,NA,NA,NA,NA,NA,NA,NA,NA,NA,NA,NA,0.00,NA,NA,NA
2022-11-21 23:00:00,117.10,174.88,11.76,47.39,59.15,NA,NA,1.15,4.10,NA,NA,NA,NA,NA,NA,NA,NA,NA,NA,NA,0.00,NA,NA,NA
2022-11-22 00:00:00,123.28,184.78,13.25,49.14,62.37,NA,NA,1.18,4.06,NA,NA,NA,NA,NA,NA,NA,NA,NA,NA,NA,0.00,NA,NA,NA
2022-11-22 01:00:00,115.66,191.32,13.05,54.31,67.38,NA,NA,0.99,4.53,NA,NA,NA,NA,NA,NA,NA,NA,NA,NA,NA,0.00,NA,NA,NA
2022-11-22 02:00:00,95.34,164.23,5.65,49.16,54.81,NA,NA,0.84,5.49,NA,NA,NA,NA,NA,NA,NA,NA,NA,NA,NA,0.00,NA,NA,NA
2022-11-22 03:00:00,102.73,162.06,2.29,30.00,32.28,NA,NA,0.69,23.05,NA,NA,NA,NA,NA,NA,NA,NA,NA,NA,NA,0.00,NA,NA,NA
2022-11-22 04:00:00,101.49,161.35,2.36,30.23,32.58,NA,NA,0.67,20.23,NA,NA,NA,NA,NA,NA,NA,NA,NA,NA,NA,0.00,NA,NA,NA
2022-11-22 05:00:00,108.65,158.95,2.65,34.34,36.99,NA,NA,0.67,12.39,NA,NA,NA,NA,NA,NA,NA,NA,NA,NA,NA,0.00,NA,NA,NA
2022-11-22 06:00:00,106.72,144.30,2.57,31.55,34.12,NA,NA,0.67,10.65,NA,NA,NA,NA,NA,NA,NA,NA,NA,NA,NA,0.00,NA,NA,NA
2022-11-22 07:00:00,110.72,174.91,5.93,35.20,41.12,NA,NA,0.73,8.95,NA,NA,NA,NA,NA,NA,NA,NA,NA,NA,NA,0.00,NA,NA,NA
2022-11-22 08:00:00,114.17,193.13,9.24,38.52,47.76,NA,NA,0.88,16.98,NA,NA,NA,NA,NA,NA,NA,NA,NA,NA,NA,0.00,NA,NA,NA
2022-11-22 09:00:00,133.99,230.21,6.90,37.38,44.28,NA,NA,0.87,39.22,NA,NA,NA,NA,NA,NA,NA,NA,NA,NA,NA,0.00,NA,NA,NA
2022-11-22 10:00:00,112.74,206.77,5.92,29.81,35.72,NA,NA,0.74,65.01,NA,NA,NA,NA,NA,NA,NA,NA,NA,NA,NA,0.00,NA,NA,NA
2022-11-22 11:00:00,81.73,127.23,33.64,29.45,63.02,NA,NA,0.65,73.49,NA,NA,NA,NA,NA,NA,NA,NA,NA,NA,NA,0.00,NA,NA,NA
2022-11-22 12:00:00,NA,NA,8.70,28.17,36.87,NA,NA,0.67,92.29,NA,NA,NA,NA,NA,NA,NA,NA,NA,NA,NA,0.00,NA,NA,NA
2022-11-22 13:00:00,NA,NA,6.48,20.30,26.78,NA,NA,0.62,104.44,NA,NA,NA,NA,NA,NA,NA,NA,NA,NA,NA,0.00,NA,NA,NA
2022-11-22 14:00:00,NA,18.92,4.78,18.10,22.88,NA,NA,0.57,102.93,NA,NA,NA,NA,NA,NA,NA,NA,NA,NA,NA,0.00,NA,NA,NA
2022-11-22 15:00:00,5.15,37.02,4.00,18.38,22.38,NA,NA,0.57,104.37,NA,NA,NA,NA,NA,NA,NA,NA,NA,NA,NA,0.00,NA,NA,NA
2022-11-22 16:00:00,25.19,67.95,3.10,20.18,23.28,NA,NA,0.57,100.06,NA,NA,NA,NA,NA,NA,NA,NA,NA,NA,NA,0.00,NA,NA,NA
2022-11-22 17:00:00,56.49,96.17,2.08,23.54,25.62,NA,NA,0.59,75.96,NA,NA,NA,NA,NA,NA,NA,NA,NA,NA,NA,0.00,NA,NA,NA
2022-11-22 18:00:00,52.01,133.95,2.10,28.55,30.64,NA,NA,0.69,61.67,NA,NA,NA,NA,NA,NA,NA,NA,NA,NA,NA,0.00,NA,NA,NA
2022-11-22 19:00:00,67.25,137.60,2.34,41.82,44.15,NA,NA,0.78,39.81,NA,NA,NA,NA,NA,NA,NA,NA,NA,NA,NA,0.00,NA,NA,NA
2022-11-22 20:00:00,74.22,147.88,2.27,37.04,39.31,NA,NA,0.79,40.58,NA,NA,NA,NA,NA,NA,NA,NA,NA,NA,NA,0.00,NA,NA,NA
2022-11-22 21:00:00,80.93,149.83,3.81,49.77,53.57,NA,NA,0.96,20.28,NA,NA,NA,NA,NA,NA,NA,NA,NA,NA,NA,0.00,NA,NA,NA
2022-11-22 22:00:00,99.06,214.62,4.89,56.68,61.57,NA,NA,1.20,5.61,NA,NA,NA,NA,NA,NA,NA,NA,NA,NA,NA,0.00,NA,NA,NA
2022-11-22 23:00:00,114.89,215.39,3.20,52.92,56.13,NA,NA,1.07,6.91,NA,NA,NA,NA,NA,NA,NA,NA,NA,NA,NA,0.00,NA,NA,NA
2022-11-23 00:00:00,117.03,208.46,3.66,45.90,49.56,NA,NA,0.98,5.37,NA,NA,NA,NA,NA,NA,NA,NA,NA,NA,NA,0.00,NA,NA,NA
2022-11-23 01:00:00,96.28,179.27,3.22,43.31,46.52,NA,NA,0.87,7.39,NA,NA,NA,NA,NA,NA,NA,NA,NA,NA,NA,0.00,NA,NA,NA
2022-11-23 02:00:00,89.43,149.62,2.52,37.35,39.87,NA,NA,0.78,11.73,NA,NA,NA,NA,NA,NA,NA,NA,NA,NA,NA,0.00,NA,NA,NA
2022-11-23 03:00:00,83.92,140.30,4.33,41.24,45.56,NA,NA,0.71,6.61,NA,NA,NA,NA,NA,NA,NA,NA,NA,NA,NA,0.00,NA,NA,NA
2022-11-23 04:00:00,78.13,138.35,3.17,37.48,40.65,NA,NA,0.70,9.13,NA,NA,NA,NA,NA,NA,NA,NA,NA,NA,NA,0.00,NA,NA,NA
2022-11-23 05:00:00,92.60,149.31,3.69,37.76,41.46,NA,NA,0.76,6.91,NA,NA,NA,NA,NA,NA,NA,NA,NA,NA,NA,0.00,NA,NA,NA
2022-11-23 06:00:00,100.65,153.70,4.10,36.63,40.72,NA,NA,0.72,6.28,NA,NA,NA,NA,NA,NA,NA,NA,NA,NA,NA,0.00,NA,NA,NA
2022-11-23 07:00:00,101.62,168.27,7.60,38.03,45.62,NA,NA,0.75,6.60,NA,NA,NA,NA,NA,NA,NA,NA,NA,NA,NA,0.00,NA,NA,NA
2022-11-23 08:00:00,108.19,186.63,8.56,37.27,45.84,NA,NA,0.86,16.09,NA,NA,NA,NA,NA,NA,NA,NA,NA,NA,NA,0.00,NA,NA,NA
2022-11-23 09:00:00,113.32,212.06,7.60,37.35,44.95,NA,NA,0.81,35.18,NA,NA,NA,NA,NA,NA,NA,NA,NA,NA,NA,0.00,NA,NA,NA
2022-11-23 10:00:00,103.35,197.92,6.77,32.44,39.21,NA,NA,0.77,74.81,NA,NA,NA,NA,NA,NA,NA,NA,NA,NA,NA,0.00,NA,NA,NA
2022-11-23 11:00:00,93.13,186.38,8.44,27.23,35.67,NA,NA,0.67,81.79,NA,NA,NA,NA,NA,NA,NA,NA,NA,NA,NA,0.00,NA,NA,NA
2022-11-23 12:00:00,62.67,146.59,8.10,22.03,30.13,NA,NA,0.58,98.15,NA,NA,NA,NA,NA,NA,NA,NA,NA,NA,NA,0.00,NA,NA,NA
2022-11-23 13:00:00,46.90,120.72,6.50,18.89,25.40,NA,NA,0.53,97.82,NA,NA,NA,NA,NA,NA,NA,NA,NA,NA,NA,0.00,NA,NA,NA
2022-11-23 14:00:00,50.09,92.52,4.80,18.13,22.94,NA,NA,0.51,93.00,NA,NA,NA,NA,NA,NA,NA,NA,NA,NA,NA,0.00,NA,NA,NA
2022-11-23 15:00:00,50.58,94.71,4.09,18.30,22.39,NA,NA,0.50,96.96,NA,NA,NA,NA,NA,NA,NA,NA,NA,NA,NA,0.00,NA,NA,NA
2022-11-23 16:00:00,51.15,102.81,3.22,20.45,23.68,NA,NA,0.52,92.65,NA,NA,NA,NA,NA,NA,NA,NA,NA,NA,NA,0.00,NA,NA,NA
2022-11-23 17:00:00,64.39,117.99,2.14,24.43,26.57,NA,NA,0.54,68.32,NA,NA,NA,NA,NA,NA,NA,NA,NA,NA,NA,0.00,NA,NA,NA
2022-11-23 18:00:00,66.97,130.33,2.30,46.65,48.95,NA,NA,0.73,31.69,NA,NA,NA,NA,NA,NA,NA,NA,NA,NA,NA,0.00,NA,NA,NA
2022-11-23 19:00:00,73.91,165.20,2.45,49.61,52.06,NA,NA,0.86,15.18,NA,NA,NA,NA,NA,NA,NA,NA,NA,NA,NA,0.00,NA,NA,NA
2022-11-23 20:00:00,96.34,203.61,6.42,56.92,63.34,NA,NA,1.04,11.94,NA,NA,NA,NA,NA,NA,NA,NA,NA,NA,NA,0.00,NA,NA,NA
2022-11-23 21:00:00,114.63,213.70,3.94,51.04,54.99,NA,NA,1.08,6.68,NA,NA,NA,NA,NA,NA,NA,NA,NA,NA,NA,0.00,NA,NA,NA
2022-11-23 22:00:00,104.43,213.19,4.03,48.69,52.72,NA,NA,1.02,10.11,NA,NA,NA,NA,NA,NA,NA,NA,NA,NA,NA,0.00,NA,NA,NA
2022-11-23 23:00:00,100.00,199.31,11.96,56.12,68.07,NA,NA,0.93,5.30,NA,NA,NA,NA,NA,NA,NA,NA,NA,NA,NA,0.00,NA,NA,NA
2022-11-24 00:00:00,95.44,184.15,5.41,51.35,56.76,NA,NA,0.84,7.34,NA,NA,NA,NA,NA,NA,NA,NA,NA,NA,NA,0.00,NA,NA,NA
2022-11-24 01:00:00,90.99,155.81,3.23,43.24,46.48,NA,NA,0.71,11.05,NA,NA,NA,NA,NA,NA,NA,NA,NA,NA,NA,0.00,NA,NA,NA
2022-11-24 02:00:00,71.98,132.06,2.52,37.64,40.16,NA,NA,0.64,15.64,NA,NA,NA,NA,NA,NA,NA,NA,NA,NA,NA,0.00,NA,NA,NA
2022-11-24 03:00:00,69.21,127.86,3.89,39.26,43.14,NA,NA,0.62,13.12,NA,NA,NA,NA,NA,NA,NA,NA,NA,NA,NA,0.00,NA,NA,NA
2022-11-24 04:00:00,77.22,139.98,3.70,38.55,42.25,NA,NA,0.65,12.22,NA,NA,NA,NA,NA,NA,NA,NA,NA,NA,NA,0.00,NA,NA,NA
2022-11-24 05:00:00,87.94,144.43,3.25,38.21,41.46,NA,NA,0.69,6.76,NA,NA,NA,NA,NA,NA,NA,NA,NA,NA,NA,0.00,NA,NA,NA
2022-11-24 06:00:00,89.48,144.89,3.58,36.56,40.15,NA,NA,0.70,9.67,NA,NA,NA,NA,NA,NA,NA,NA,NA,NA,NA,0.00,NA,NA,NA
2022-11-24 07:00:00,95.34,166.48,4.49,35.61,40.09,NA,NA,0.69,13.12,NA,NA,NA,NA,NA,NA,NA,NA,NA,NA,NA,0.00,NA,NA,NA
2022-11-24 08:00:00,93.65,177.05,6.90,35.38,42.28,NA,NA,0.72,22.68,NA,NA,NA,NA,NA,NA,NA,NA,NA,NA,NA,0.00,NA,NA,NA
2022-11-24 09:00:00,94.29,193.71,6.23,32.82,39.05,NA,NA,0.70,45.68,NA,NA,NA,NA,NA,NA,NA,NA,NA,NA,NA,0.00,NA,NA,NA
2022-11-24 10:00:00,94.64,180.46,6.43,25.97,32.40,NA,NA,0.62,77.14,NA,NA,NA,NA,NA,NA,NA,NA,NA,NA,NA,0.00,NA,NA,NA
2022-11-24 11:00:00,78.71,157.58,8.53,27.39,35.91,NA,NA,0.61,88.09,NA,NA,NA,NA,NA,NA,NA,NA,NA,NA,NA,0.00,NA,NA,NA
2022-11-24 12:00:00,73.03,156.90,8.20,23.70,31.90,NA,NA,0.58,101.51,NA,NA,NA,NA,NA,NA,NA,NA,NA,NA,NA,0.00,NA,NA,NA
2022-11-24 13:00:00,64.74,144.92,6.56,21.34,27.91,NA,NA,0.55,109.15,NA,NA,NA,NA,NA,NA,NA,NA,NA,NA,NA,0.00,NA,NA,NA
2022-11-24 14:00:00,61.87,128.46,4.95,19.91,24.86,NA,NA,0.55,114.05,NA,NA,NA,NA,NA,NA,NA,NA,NA,NA,NA,0.00,NA,NA,NA
2022-11-24 15:00:00,66.79,128.54,4.03,20.13,24.16,NA,NA,0.54,112.05,NA,NA,NA,NA,NA,NA,NA,NA,NA,NA,NA,0.00,NA,NA,NA
2022-11-24 16:00:00,67.73,125.54,3.17,21.57,24.74,NA,NA,0.54,103.35,NA,NA,NA,NA,NA,NA,NA,NA,NA,NA,NA,0.00,NA,NA,NA
2022-11-24 17:00:00,81.18,142.86,2.11,27.81,29.92,NA,NA,0.58,68.72,NA,NA,NA,NA,NA,NA,NA,NA,NA,NA,NA,0.00,NA,NA,NA
2022-11-24 18:00:00,76.30,144.75,2.06,31.90,33.95,NA,NA,0.62,44.75,NA,NA,NA,NA,NA,NA,NA,NA,NA,NA,NA,0.00,NA,NA,NA
2022-11-24 19:00:00,76.18,159.33,2.07,35.07,37.14,NA,NA,0.68,32.28,NA,NA,NA,NA,NA,NA,NA,NA,NA,NA,NA,0.00,NA,NA,NA
2022-11-24 20:00:00,84.35,165.14,2.11,30.10,32.21,NA,NA,0.68,21.19,NA,NA,NA,NA,NA,NA,NA,NA,NA,NA,NA,0.00,NA,NA,NA
2022-11-24 21:00:00,86.94,166.58,2.20,35.77,37.97,NA,NA,0.77,9.95,NA,NA,NA,NA,NA,NA,NA,NA,NA,NA,NA,0.00,NA,NA,NA
2022-11-24 22:00:00,93.11,177.88,3.26,40.65,43.91,NA,NA,0.89,5.01,NA,NA,NA,NA,NA,NA,NA,NA,NA,NA,NA,0.00,NA,NA,NA
2022-11-24 23:00:00,105.32,185.72,5.14,41.21,46.36,NA,NA,0.94,4.39,NA,NA,NA,NA,NA,NA,NA,NA,NA,NA,NA,0.00,NA,NA,NA
2022-11-25 00:00:00,100.29,156.46,2.66,33.28,35.94,NA,NA,0.78,5.43,NA,NA,NA,NA,NA,NA,NA,NA,NA,NA,NA,0.00,NA,NA,NA
2022-11-25 01:00:00,89.53,142.17,2.32,29.76,32.09,NA,NA,0.67,9.02,NA,NA,NA,NA,NA,NA,NA,NA,NA,NA,NA,0.00,NA,NA,NA
2022-11-25 02:00:00,72.04,114.05,2.30,26.29,28.59,NA,NA,0.60,8.85,NA,NA,NA,NA,NA,NA,NA,NA,NA,NA,NA,0.00,NA,NA,NA
2022-11-25 03:00:00,64.90,99.72,2.66,29.14,31.80,NA,NA,0.59,8.16,NA,NA,NA,NA,NA,NA,NA,NA,NA,NA,NA,0.00,NA,NA,NA
2022-11-25 04:00:00,61.13,93.29,2.37,23.31,25.68,NA,NA,0.55,9.27,NA,NA,NA,NA,NA,NA,NA,NA,NA,NA,NA,0.00,NA,NA,NA
2022-11-25 05:00:00,55.28,80.16,2.14,22.16,24.30,NA,NA,0.54,9.70,NA,NA,NA,NA,NA,NA,NA,NA,NA,NA,NA,0.00,NA,NA,NA
2022-11-25 06:00:00,67.85,92.00,3.85,29.18,33.03,NA,NA,0.58,8.20,NA,NA,NA,NA,NA,NA,NA,NA,NA,NA,NA,0.00,NA,NA,NA
2022-11-25 07:00:00,71.78,102.31,4.94,27.18,32.11,NA,NA,0.60,5.38,NA,NA,NA,NA,NA,NA,NA,NA,NA,NA,NA,0.00,NA,NA,NA
2022-11-25 08:00:00,57.25,86.02,7.82,26.50,34.32,NA,NA,0.66,8.52,NA,NA,NA,NA,NA,NA,NA,NA,NA,NA,NA,0.00,NA,NA,NA
2022-11-25 09:00:00,97.92,132.07,8.88,43.32,52.20,NA,NA,0.80,25.25,NA,NA,NA,NA,NA,NA,NA,NA,NA,NA,NA,0.00,NA,NA,NA
2022-11-25 10:00:00,131.32,217.24,10.13,54.41,64.54,NA,NA,0.98,48.39,NA,NA,NA,NA,NA,NA,NA,NA,NA,NA,NA,0.00,NA,NA,NA
2022-11-25 11:00:00,128.87,250.87,8.98,46.23,55.21,NA,NA,0.87,78.13,NA,NA,NA,NA,NA,NA,NA,NA,NA,NA,NA,0.00,NA,NA,NA
2022-11-25 12:00:00,NA,NA,NA,NA,NA,NA,NA,NA,NA,NA,NA,NA,NA,NA,NA,NA,NA,NA,NA,NA,0.00,NA,NA,NA
2022-11-25 13:00:00,NA,NA,NA,NA,NA,NA,NA,NA,NA,NA,NA,NA,NA,NA,NA,NA,NA,NA,NA,NA,0.00,NA,NA,NA
2022-11-25 14:00:00,75.64,135.30,343.52,93.34,90.68,NA,NA,0.87,101.42,NA,NA,NA,NA,NA,NA,NA,NA,NA,NA,NA,0.00,NA,NA,NA
2022-11-25 15:00:00,NA,NA,8.45,23.17,31.63,NA,NA,0.66,114.80,NA,NA,NA,NA,NA,NA,NA,NA,NA,NA,NA,0.00,NA,NA,NA
2022-11-25 16:00:00,NA,NA,4.33,22.96,27.31,NA,NA,0.68,106.25,NA,NA,NA,NA,NA,NA,NA,NA,NA,NA,NA,0.00,NA,NA,NA
2022-11-25 17:00:00,NA,NA,70.15,35.18,104.76,NA,NA,0.67,61.70,NA,NA,NA,NA,NA,NA,NA,NA,NA,NA,NA,0.00,NA,NA,NA
2022-11-25 18:00:00,NA,NA,2.17,34.41,36.58,NA,NA,0.81,47.95,NA,NA,NA,NA,NA,NA,NA,NA,NA,NA,NA,0.00,NA,NA,NA
2022-11-25 19:00:00,13.49,25.88,2.21,50.71,52.93,NA,NA,1.06,20.87,NA,NA,NA,NA,NA,NA,NA,NA,NA,NA,NA,0.00,NA,NA,NA
2022-11-25 20:00:00,31.79,107.65,3.35,58.57,61.93,NA,NA,1.29,9.58,NA,NA,NA,NA,NA,NA,NA,NA,NA,NA,NA,0.00,NA,NA,NA
2022-11-25 21:00:00,109.59,193.82,4.55,62.59,67.13,NA,NA,1.47,9.70,NA,NA,NA,NA,NA,NA,NA,NA,NA,NA,NA,0.00,NA,NA,NA
2022-11-25 22:00:00,108.91,220.89,5.36,60.99,66.36,NA,NA,1.50,7.21,NA,NA,NA,NA,NA,NA,NA,NA,NA,NA,NA,0.00,NA,NA,NA
2022-11-25 23:00:00,139.34,244.76,5.26,58.41,63.66,NA,NA,1.47,7.20,NA,NA,NA,NA,NA,NA,NA,NA,NA,NA,NA,0.00,NA,NA,NA
2022-11-26 00:00:00,171.98,242.90,4.57,52.60,57.18,NA,NA,1.36,7.77,NA,NA,NA,NA,NA,NA,NA,NA,NA,NA,NA,0.00,NA,NA,NA
2022-11-26 01:00:00,159.95,264.35,6.44,48.47,54.91,NA,NA,1.36,9.10,NA,NA,NA,NA,NA,NA,NA,NA,NA,NA,NA,0.00,NA,NA,NA
2022-11-26 02:00:00,141.60,275.45,5.97,50.01,55.99,NA,NA,1.21,9.40,NA,NA,NA,NA,NA,NA,NA,NA,NA,NA,NA,0.00,NA,NA,NA
2022-11-26 03:00:00,165.92,246.91,15.69,46.48,62.18,NA,NA,1.37,13.72,NA,NA,NA,NA,NA,NA,NA,NA,NA,NA,NA,0.00,NA,NA,NA
2022-11-26 04:00:00,160.56,300.92,17.13,49.63,66.76,NA,NA,1.33,9.87,NA,NA,NA,NA,NA,NA,NA,NA,NA,NA,NA,0.00,NA,NA,NA
2022-11-26 05:00:00,187.65,292.99,17.86,48.07,65.91,NA,NA,1.12,4.50,NA,NA,NA,NA,NA,NA,NA,NA,NA,NA,NA,0.00,NA,NA,NA
2022-11-26 06:00:00,154.25,201.74,4.54,42.76,47.29,NA,NA,0.89,5.36,NA,NA,NA,NA,NA,NA,NA,NA,NA,NA,NA,0.00,NA,NA,NA
2022-11-26 07:00:00,128.33,180.70,7.80,44.70,52.51,NA,NA,0.87,6.65,NA,NA,NA,NA,NA,NA,NA,NA,NA,NA,NA,0.00,NA,NA,NA
2022-11-26 08:00:00,142.07,202.40,9.64,43.21,52.84,NA,NA,0.97,14.51,NA,NA,NA,NA,NA,NA,NA,NA,NA,NA,NA,0.00,NA,NA,NA
2022-11-26 09:00:00,135.70,286.60,7.07,40.99,48.06,NA,NA,1.03,38.04,NA,NA,NA,NA,NA,NA,NA,NA,NA,NA,NA,0.00,NA,NA,NA
2022-11-26 10:00:00,137.08,268.84,6.01,31.72,37.74,NA,NA,0.87,82.09,NA,NA,NA,NA,NA,NA,NA,NA,NA,NA,NA,0.00,NA,NA,NA
2022-11-26 11:00:00,137.42,222.69,7.90,27.20,35.10,NA,NA,0.81,108.68,NA,NA,NA,NA,NA,NA,NA,NA,NA,NA,NA,0.00,NA,NA,NA
2022-11-26 12:00:00,144.80,246.99,85.81,43.49,129.45,NA,NA,0.83,110.29,NA,NA,NA,NA,NA,NA,NA,NA,NA,NA,NA,0.00,NA,NA,NA
2022-11-26 13:00:00,166.43,264.46,73.14,40.08,113.07,NA,NA,0.82,135.31,NA,NA,NA,NA,NA,NA,NA,NA,NA,NA,NA,0.00,NA,NA,NA
2022-11-26 14:00:00,136.48,217.71,5.37,23.19,28.56,NA,NA,0.82,144.79,NA,NA,NA,NA,NA,NA,NA,NA,NA,NA,NA,0.00,NA,NA,NA
2022-11-26 15:00:00,134.79,219.95,4.65,23.07,27.71,NA,NA,0.82,142.16,NA,NA,NA,NA,NA,NA,NA,NA,NA,NA,NA,0.00,NA,NA,NA
2022-11-26 16:00:00,110.60,201.97,3.24,25.13,28.37,NA,NA,0.82,114.07,NA,NA,NA,NA,NA,NA,NA,NA,NA,NA,NA,0.00,NA,NA,NA
2022-11-26 17:00:00,120.83,202.31,2.23,29.87,32.11,NA,NA,0.82,82.60,NA,NA,NA,NA,NA,NA,NA,NA,NA,NA,NA,0.00,NA,NA,NA
2022-11-26 18:00:00,126.59,213.44,2.20,36.25,38.45,NA,NA,0.93,51.46,NA,NA,NA,NA,NA,NA,NA,NA,NA,NA,NA,0.00,NA,NA,NA
2022-11-26 19:00:00,137.04,231.65,2.17,34.68,36.86,NA,NA,0.97,42.39,NA,NA,NA,NA,NA,NA,NA,NA,NA,NA,NA,0.00,NA,NA,NA
2022-11-26 20:00:00,158.00,248.09,2.31,35.26,37.57,NA,NA,1.07,30.81,NA,NA,NA,NA,NA,NA,NA,NA,NA,NA,NA,0.00,NA,NA,NA
2022-11-26 21:00:00,158.28,264.86,2.46,40.22,42.67,NA,NA,1.12,14.08,NA,NA,NA,NA,NA,NA,NA,NA,NA,NA,NA,0.00,NA,NA,NA
2022-11-26 22:00:00,159.47,256.93,5.17,47.66,52.83,NA,NA,1.39,4.33,NA,NA,NA,NA,NA,NA,NA,NA,NA,NA,NA,0.00,NA,NA,NA
2022-11-26 23:00:00,169.24,246.42,3.55,39.50,43.05,NA,NA,1.30,5.86,NA,NA,NA,NA,NA,NA,NA,NA,NA,NA,NA,0.00,NA,NA,NA
2022-11-27 00:00:00,153.39,235.52,2.64,34.55,37.18,NA,NA,1.10,6.95,NA,NA,NA,NA,NA,NA,NA,NA,NA,NA,NA,0.00,NA,NA,NA
2022-11-27 01:00:00,148.00,251.15,3.23,37.40,40.63,NA,NA,1.16,4.43,NA,NA,NA,NA,NA,NA,NA,NA,NA,NA,NA,0.00,NA,NA,NA
2022-11-27 02:00:00,146.18,247.80,3.80,36.87,40.67,NA,NA,1.22,5.39,NA,NA,NA,NA,NA,NA,NA,NA,NA,NA,NA,0.00,NA,NA,NA
2022-11-27 03:00:00,138.17,227.40,2.62,30.92,33.55,NA,NA,1.03,8.51,NA,NA,NA,NA,NA,NA,NA,NA,NA,NA,NA,0.00,NA,NA,NA
2022-11-27 04:00:00,139.72,209.56,2.73,29.44,32.17,NA,NA,1.02,6.48,NA,NA,NA,NA,NA,NA,NA,NA,NA,NA,NA,0.00,NA,NA,NA
2022-11-27 05:00:00,153.06,231.68,7.19,31.07,38.26,NA,NA,1.19,4.30,NA,NA,NA,NA,NA,NA,NA,NA,NA,NA,NA,0.00,NA,NA,NA
2022-11-27 06:00:00,164.11,234.48,5.08,32.86,37.94,NA,NA,1.09,4.71,NA,NA,NA,NA,NA,NA,NA,NA,NA,NA,NA,0.00,NA,NA,NA
2022-11-27 07:00:00,156.64,226.63,10.58,38.66,49.23,NA,NA,1.01,5.26,NA,NA,NA,NA,NA,NA,NA,NA,NA,NA,NA,0.00,NA,NA,NA
2022-11-27 08:00:00,147.69,224.43,12.49,39.68,52.17,NA,NA,1.06,6.66,NA,NA,NA,NA,NA,NA,NA,NA,NA,NA,NA,0.00,NA,NA,NA
2022-11-27 09:00:00,148.83,252.42,8.49,47.92,56.42,NA,NA,1.10,32.82,NA,NA,NA,NA,NA,NA,NA,NA,NA,NA,NA,0.00,NA,NA,NA
2022-11-27 10:00:00,180.01,295.03,6.36,41.43,47.79,NA,NA,0.97,70.62,NA,NA,NA,NA,NA,NA,NA,NA,NA,NA,NA,0.00,NA,NA,NA
2022-11-27 11:00:00,154.85,256.74,6.46,33.59,40.05,NA,NA,0.93,101.92,NA,NA,NA,NA,NA,NA,NA,NA,NA,NA,NA,0.00,NA,NA,NA
2022-11-27 12:00:00,162.90,223.15,6.97,29.94,36.91,NA,NA,0.79,115.96,NA,NA,NA,NA,NA,NA,NA,NA,NA,NA,NA,0.00,NA,NA,NA
2022-11-27 13:00:00,119.04,207.90,6.88,26.69,33.57,NA,NA,0.70,130.84,NA,NA,NA,NA,NA,NA,NA,NA,NA,NA,NA,0.00,NA,NA,NA
2022-11-27 14:00:00,83.84,145.16,5.37,20.96,26.33,NA,NA,0.60,122.03,NA,NA,NA,NA,NA,NA,NA,NA,NA,NA,NA,0.00,NA,NA,NA
2022-11-27 15:00:00,64.24,121.10,4.40,19.39,23.80,NA,NA,0.58,113.52,NA,NA,NA,NA,NA,NA,NA,NA,NA,NA,NA,0.00,NA,NA,NA
2022-11-27 16:00:00,87.11,148.43,3.18,22.65,25.83,NA,NA,0.67,112.86,NA,NA,NA,NA,NA,NA,NA,NA,NA,NA,NA,0.00,NA,NA,NA
2022-11-27 17:00:00,101.50,177.25,2.48,24.89,27.36,NA,NA,0.69,66.45,NA,NA,NA,NA,NA,NA,NA,NA,NA,NA,NA,0.00,NA,NA,NA
2022-11-27 18:00:00,85.37,172.42,2.35,25.64,27.99,NA,NA,0.69,46.07,NA,NA,NA,NA,NA,NA,NA,NA,NA,NA,NA,0.00,NA,NA,NA
2022-11-27 19:00:00,86.67,158.64,2.19,24.53,26.72,NA,NA,0.70,39.58,NA,NA,NA,NA,NA,NA,NA,NA,NA,NA,NA,0.00,NA,NA,NA
2022-11-27 20:00:00,95.98,167.16,2.24,24.74,26.98,NA,NA,0.74,29.95,NA,NA,NA,NA,NA,NA,NA,NA,NA,NA,NA,0.00,NA,NA,NA
2022-11-27 21:00:00,107.30,162.62,2.22,23.71,25.93,NA,NA,0.73,21.15,NA,NA,NA,NA,NA,NA,NA,NA,NA,NA,NA,0.00,NA,NA,NA
2022-11-27 22:00:00,96.38,144.39,2.11,24.78,26.89,NA,NA,0.77,17.37,NA,NA,NA,NA,NA,NA,NA,NA,NA,NA,NA,0.00,NA,NA,NA
2022-11-27 23:00:00,101.16,151.48,2.45,27.99,30.44,NA,NA,0.86,10.80,NA,NA,NA,NA,NA,NA,NA,NA,NA,NA,NA,0.00,NA,NA,NA
2022-11-28 00:00:00,113.08,170.53,2.54,31.27,33.82,NA,NA,0.99,8.14,NA,NA,NA,NA,NA,NA,NA,NA,NA,NA,NA,0.00,NA,NA,NA
2022-11-28 01:00:00,129.02,199.64,4.21,34.62,38.82,NA,NA,1.19,4.79,NA,NA,NA,NA,NA,NA,NA,NA,NA,NA,NA,0.00,NA,NA,NA
2022-11-28 02:00:00,131.35,214.05,8.21,40.48,48.69,NA,NA,1.37,3.94,NA,NA,NA,NA,NA,NA,NA,NA,NA,NA,NA,0.00,NA,NA,NA
2022-11-28 03:00:00,132.01,197.84,8.51,40.25,48.76,NA,NA,1.37,4.08,NA,NA,NA,NA,NA,NA,NA,NA,NA,NA,NA,0.00,NA,NA,NA
2022-11-28 04:00:00,139.50,183.09,10.62,37.67,48.29,NA,NA,1.31,4.01,NA,NA,NA,NA,NA,NA,NA,NA,NA,NA,NA,0.00,NA,NA,NA
2022-11-28 05:00:00,158.97,222.61,20.57,39.10,59.67,NA,NA,1.37,4.15,NA,NA,NA,NA,NA,NA,NA,NA,NA,NA,NA,0.00,NA,NA,NA
2022-11-28 06:00:00,163.71,221.17,19.09,31.46,50.55,NA,NA,1.41,4.04,NA,NA,NA,NA,NA,NA,NA,NA,NA,NA,NA,0.00,NA,NA,NA
2022-11-28 07:00:00,153.23,210.00,17.28,29.02,46.30,NA,NA,1.37,4.40,NA,NA,NA,NA,NA,NA,NA,NA,NA,NA,NA,0.00,NA,NA,NA
2022-11-28 08:00:00,132.49,189.44,15.81,27.31,43.12,NA,NA,1.34,4.78,NA,NA,NA,NA,NA,NA,NA,NA,NA,NA,NA,0.00,NA,NA,NA
2022-11-28 09:00:00,155.04,220.88,14.31,60.59,74.90,NA,NA,1.52,16.78,NA,NA,NA,NA,NA,NA,NA,NA,NA,NA,NA,0.00,NA,NA,NA
2022-11-28 10:00:00,175.59,274.04,7.79,50.67,58.46,NA,NA,1.19,62.74,NA,NA,NA,NA,NA,NA,NA,NA,NA,NA,NA,0.00,NA,NA,NA
2022-11-28 11:00:00,162.84,251.77,6.53,33.91,40.45,NA,NA,0.95,107.32,NA,NA,NA,NA,NA,NA,NA,NA,NA,NA,NA,0.00,NA,NA,NA
2022-11-28 12:00:00,161.53,201.08,6.70,30.78,37.48,NA,NA,0.87,131.22,NA,NA,NA,NA,NA,NA,NA,NA,NA,NA,NA,0.00,NA,NA,NA
2022-11-28 13:00:00,114.64,178.51,6.37,26.17,32.54,NA,NA,0.74,140.02,NA,NA,NA,NA,NA,NA,NA,NA,NA,NA,NA,0.00,NA,NA,NA
2022-11-28 14:00:00,98.14,156.06,5.36,24.25,29.61,NA,NA,0.66,122.86,NA,NA,NA,NA,NA,NA,NA,NA,NA,NA,NA,0.00,NA,NA,NA
2022-11-28 15:00:00,84.69,165.25,4.37,23.67,28.04,NA,NA,0.66,117.67,NA,NA,NA,NA,NA,NA,NA,NA,NA,NA,NA,0.00,NA,NA,NA
2022-11-28 16:00:00,79.42,150.33,3.29,23.30,26.59,NA,NA,0.64,101.78,NA,NA,NA,NA,NA,NA,NA,NA,NA,NA,NA,0.00,NA,NA,NA
2022-11-28 17:00:00,78.72,149.45,2.34,26.76,29.09,NA,NA,0.66,60.79,NA,NA,NA,NA,NA,NA,NA,NA,NA,NA,NA,0.00,NA,NA,NA
2022-11-28 18:00:00,69.40,129.00,2.33,30.68,33.01,NA,NA,0.68,37.84,NA,NA,NA,NA,NA,NA,NA,NA,NA,NA,NA,0.00,NA,NA,NA
2022-11-28 19:00:00,73.70,133.54,2.30,29.14,31.44,NA,NA,0.75,29.12,NA,NA,NA,NA,NA,NA,NA,NA,NA,NA,NA,0.00,NA,NA,NA
2022-11-28 20:00:00,110.90,192.27,2.55,33.51,36.06,NA,NA,1.02,17.34,NA,NA,NA,NA,NA,NA,NA,NA,NA,NA,NA,0.00,NA,NA,NA
2022-11-28 21:00:00,159.03,254.50,2.17,31.99,34.16,NA,NA,0.99,15.61,NA,NA,NA,NA,NA,NA,NA,NA,NA,NA,NA,0.00,NA,NA,NA
2022-11-28 22:00:00,163.80,234.82,2.43,35.32,37.74,NA,NA,1.06,11.05,NA,NA,NA,NA,NA,NA,NA,NA,NA,NA,NA,0.00,NA,NA,NA
2022-11-28 23:00:00,171.08,240.22,2.90,35.65,38.56,NA,NA,1.15,7.21,NA,NA,NA,NA,NA,NA,NA,NA,NA,NA,NA,0.00,NA,NA,NA
2022-11-29 00:00:00,164.56,226.78,3.24,33.02,36.26,NA,NA,1.15,5.94,NA,NA,NA,NA,NA,NA,NA,NA,NA,NA,NA,0.00,NA,NA,NA
2022-11-29 01:00:00,184.20,277.37,6.72,32.62,39.34,NA,NA,1.34,4.58,NA,NA,NA,NA,NA,NA,NA,NA,NA,NA,NA,0.00,NA,NA,NA
2022-11-29 02:00:00,177.97,250.29,4.52,33.35,37.87,NA,NA,1.17,4.06,NA,NA,NA,NA,NA,NA,NA,NA,NA,NA,NA,0.00,NA,NA,NA
2022-11-29 03:00:00,169.92,212.10,4.22,35.02,39.24,NA,NA,1.12,3.98,NA,NA,NA,NA,NA,NA,NA,NA,NA,NA,NA,0.00,NA,NA,NA
2022-11-29 04:00:00,138.87,172.04,8.93,36.13,45.04,NA,NA,1.24,3.89,NA,NA,NA,NA,NA,NA,NA,NA,NA,NA,NA,0.00,NA,NA,NA
2022-11-29 05:00:00,158.67,240.87,34.17,40.86,74.98,NA,NA,1.83,4.19,NA,NA,NA,NA,NA,NA,NA,NA,NA,NA,NA,0.00,NA,NA,NA
2022-11-29 06:00:00,205.15,288.45,43.28,41.00,84.29,NA,NA,2.06,4.20,NA,NA,NA,NA,NA,NA,NA,NA,NA,NA,NA,0.00,NA,NA,NA
2022-11-29 07:00:00,190.94,255.41,37.96,35.77,73.74,NA,NA,1.94,4.32,NA,NA,NA,NA,NA,NA,NA,NA,NA,NA,NA,0.00,NA,NA,NA
2022-11-29 08:00:00,159.81,245.91,30.27,43.25,73.53,NA,NA,1.86,5.02,NA,NA,NA,NA,NA,NA,NA,NA,NA,NA,NA,0.00,NA,NA,NA
2022-11-29 09:00:00,174.77,317.79,42.40,85.24,127.62,NA,NA,2.46,6.39,NA,NA,NA,NA,NA,NA,NA,NA,NA,NA,NA,0.00,NA,NA,NA
2022-11-29 10:00:00,264.17,396.68,16.39,83.24,99.67,NA,NA,2.00,36.76,NA,NA,NA,NA,NA,NA,NA,NA,NA,NA,NA,0.00,NA,NA,NA
2022-11-29 11:00:00,226.15,316.51,6.82,39.48,46.30,NA,NA,0.94,92.05,NA,NA,NA,NA,NA,NA,NA,NA,NA,NA,NA,0.00,NA,NA,NA
2022-11-29 12:00:00,115.32,192.63,6.58,23.94,30.52,NA,NA,0.75,113.69,NA,NA,NA,NA,NA,NA,NA,NA,NA,NA,NA,0.00,NA,NA,NA
2022-11-29 13:00:00,106.39,167.19,6.21,24.48,30.69,NA,NA,0.76,122.82,NA,NA,NA,NA,NA,NA,NA,NA,NA,NA,NA,0.00,NA,NA,NA
2022-11-29 14:00:00,117.62,178.99,5.16,27.58,32.74,NA,NA,0.78,127.41,NA,NA,NA,NA,NA,NA,NA,NA,NA,NA,NA,0.00,NA,NA,NA
2022-11-29 15:00:00,123.55,197.31,3.96,29.71,33.66,NA,NA,0.86,138.60,NA,NA,NA,NA,NA,NA,NA,NA,NA,NA,NA,0.00,NA,NA,NA
2022-11-29 16:00:00,145.90,245.95,2.91,30.07,32.98,NA,NA,0.93,95.19,NA,NA,NA,NA,NA,NA,NA,NA,NA,NA,NA,0.00,NA,NA,NA
2022-11-29 17:00:00,130.11,235.59,2.61,30.20,32.81,NA,NA,0.93,67.03,NA,NA,NA,NA,NA,NA,NA,NA,NA,NA,NA,0.00,NA,NA,NA
2022-11-29 18:00:00,156.86,222.73,2.35,33.00,35.35,NA,NA,0.93,46.11,NA,NA,NA,NA,NA,NA,NA,NA,NA,NA,NA,0.00,NA,NA,NA
2022-11-29 19:00:00,157.79,234.60,2.88,49.58,52.45,NA,NA,1.16,14.86,NA,NA,NA,NA,NA,NA,NA,NA,NA,NA,NA,0.00,NA,NA,NA
2022-11-29 20:00:00,167.60,260.96,2.48,38.54,41.03,NA,NA,1.11,15.70,NA,NA,NA,NA,NA,NA,NA,NA,NA,NA,NA,0.00,NA,NA,NA
2022-11-29 21:00:00,167.35,295.36,2.81,39.49,42.30,NA,NA,1.32,11.38,NA,NA,NA,NA,NA,NA,NA,NA,NA,NA,NA,0.00,NA,NA,NA
2022-11-29 22:00:00,165.99,277.11,2.98,40.95,43.93,NA,NA,1.35,5.66,NA,NA,NA,NA,NA,NA,NA,NA,NA,NA,NA,0.00,NA,NA,NA
2022-11-29 23:00:00,174.71,272.57,3.16,40.19,43.36,NA,NA,1.34,4.80,NA,NA,NA,NA,NA,NA,NA,NA,NA,NA,NA,0.00,NA,NA,NA
2022-11-30 00:00:00,197.88,293.32,7.67,41.79,49.47,NA,NA,1.54,5.43,NA,NA,NA,NA,NA,NA,NA,NA,NA,NA,NA,0.00,NA,NA,NA
2022-11-30 01:00:00,209.78,322.43,6.39,39.33,45.72,NA,NA,1.39,9.94,NA,NA,NA,NA,NA,NA,NA,NA,NA,NA,NA,0.00,NA,NA,NA
2022-11-30 02:00:00,176.69,256.76,6.58,36.78,43.36,NA,NA,1.37,7.52,NA,NA,NA,NA,NA,NA,NA,NA,NA,NA,NA,0.00,NA,NA,NA
2022-11-30 03:00:00,160.86,238.16,10.58,35.19,45.77,NA,NA,1.52,4.13,NA,NA,NA,NA,NA,NA,NA,NA,NA,NA,NA,0.00,NA,NA,NA
2022-11-30 04:00:00,181.35,287.37,13.96,36.54,50.51,NA,NA,1.64,4.13,NA,NA,NA,NA,NA,NA,NA,NA,NA,NA,NA,0.00,NA,NA,NA
2022-11-30 05:00:00,220.29,297.84,21.37,43.50,64.88,NA,NA,1.73,8.14,NA,NA,NA,NA,NA,NA,NA,NA,NA,NA,NA,0.00,NA,NA,NA
2022-11-30 06:00:00,220.70,295.70,16.09,41.87,57.93,NA,NA,1.42,11.82,NA,NA,NA,NA,NA,NA,NA,NA,NA,NA,NA,0.00,NA,NA,NA
2022-11-30 07:00:00,165.60,226.77,6.89,32.78,39.67,NA,NA,1.06,5.37,NA,NA,NA,NA,NA,NA,NA,NA,NA,NA,NA,0.00,NA,NA,NA
2022-11-30 08:00:00,151.92,242.08,13.12,38.39,51.52,NA,NA,1.21,5.47,NA,NA,NA,NA,NA,NA,NA,NA,NA,NA,NA,0.00,NA,NA,NA
2022-11-30 09:00:00,194.47,299.50,14.82,59.43,74.24,NA,NA,1.43,11.69,NA,NA,NA,NA,NA,NA,NA,NA,NA,NA,NA,0.00,NA,NA,NA
2022-11-30 10:00:00,216.19,323.15,9.00,51.76,60.75,NA,NA,1.13,47.16,NA,NA,NA,NA,NA,NA,NA,NA,NA,NA,NA,0.00,NA,NA,NA
2022-11-30 11:00:00,186.11,282.95,7.13,37.52,44.64,NA,NA,0.91,83.64,NA,NA,NA,NA,NA,NA,NA,NA,NA,NA,NA,0.00,NA,NA,NA
2022-11-30 12:00:00,113.97,176.93,34.17,36.52,70.91,NA,NA,0.93,93.02,NA,NA,NA,NA,NA,NA,NA,NA,NA,NA,NA,0.00,NA,NA,NA
2022-11-30 13:00:00,NA,2.88,7.16,27.67,34.83,NA,NA,0.87,116.20,NA,NA,NA,NA,NA,NA,NA,NA,NA,NA,NA,0.00,NA,NA,NA
2022-11-30 14:00:00,32.35,86.72,5.48,23.89,29.37,NA,NA,0.81,120.93,NA,NA,NA,NA,NA,NA,NA,NA,NA,NA,NA,0.00,NA,NA,NA
2022-11-30 15:00:00,61.36,137.11,4.23,22.77,27.00,NA,NA,0.80,125.18,NA,NA,NA,NA,NA,NA,NA,NA,NA,NA,NA,0.00,NA,NA,NA
2022-11-30 16:00:00,75.91,150.73,3.14,21.23,24.37,NA,NA,0.75,107.87,NA,NA,NA,NA,NA,NA,NA,NA,NA,NA,NA,0.00,NA,NA,NA
2022-11-30 17:00:00,67.00,127.52,2.34,26.17,28.52,NA,NA,0.76,70.21,NA,NA,NA,NA,NA,NA,NA,NA,NA,NA,NA,0.00,NA,NA,NA
2022-11-30 18:00:00,74.05,129.75,2.31,27.80,30.11,NA,NA,0.78,46.76,NA,NA,NA,NA,NA,NA,NA,NA,NA,NA,NA,0.00,NA,NA,NA
2022-11-30 19:00:00,81.96,139.53,2.31,29.21,31.52,NA,NA,0.84,27.01,NA,NA,NA,NA,NA,NA,NA,NA,NA,NA,NA,0.00,NA,NA,NA
2022-11-30 20:00:00,96.36,158.42,4.01,39.41,43.41,NA,NA,0.99,9.84,NA,NA,NA,NA,NA,NA,NA,NA,NA,NA,NA,0.00,NA,NA,NA
2022-11-30 21:00:00,92.46,164.46,2.63,34.19,36.82,NA,NA,0.99,8.52,NA,NA,NA,NA,NA,NA,NA,NA,NA,NA,NA,0.00,NA,NA,NA
2022-11-30 22:00:00,119.42,183.02,2.70,34.11,36.81,NA,NA,1.09,6.29,NA,NA,NA,NA,NA,NA,NA,NA,NA,NA,NA,0.00,NA,NA,NA
2022-11-30 23:00:00,128.14,210.37,11.80,42.94,54.71,NA,NA,1.30,4.23,NA,NA,NA,NA,NA,NA,NA,NA,NA,NA,NA,0.00,NA,NA,NA
2022-12-01 00:00:00,150.98,237.95,14.81,39.21,54.03,NA,NA,1.43,3.75,NA,NA,NA,NA,NA,NA,NA,NA,NA,NA,NA,0.00,NA,NA,NA
2022-12-01 01:00:00,166.85,270.22,22.98,38.99,61.95,NA,NA,1.70,4.01,NA,NA,NA,NA,NA,NA,NA,NA,NA,NA,NA,0.00,NA,NA,NA
2022-12-01 02:00:00,194.57,304.14,39.78,41.76,81.52,NA,NA,2.17,4.14,NA,NA,NA,NA,NA,NA,NA,NA,NA,NA,NA,0.00,NA,NA,NA
2022-12-01 03:00:00,194.55,295.03,36.08,36.20,72.30,NA,NA,1.97,4.11,NA,NA,NA,NA,NA,NA,NA,NA,NA,NA,NA,0.00,NA,NA,NA
2022-12-01 04:00:00,191.57,283.86,25.79,32.99,58.79,NA,NA,1.64,3.95,NA,NA,NA,NA,NA,NA,NA,NA,NA,NA,NA,0.00,NA,NA,NA
2022-12-01 05:00:00,188.62,281.14,27.95,44.12,72.07,NA,NA,1.53,4.33,NA,NA,NA,NA,NA,NA,NA,NA,NA,NA,NA,0.00,NA,NA,NA
2022-12-01 06:00:00,198.27,264.75,17.87,45.23,63.13,NA,NA,1.27,4.08,NA,NA,NA,NA,NA,NA,NA,NA,NA,NA,NA,0.00,NA,NA,NA
2022-12-01 07:00:00,185.95,249.58,11.08,46.04,57.12,NA,NA,1.20,5.38,NA,NA,NA,NA,NA,NA,NA,NA,NA,NA,NA,0.00,NA,NA,NA
2022-12-01 08:00:00,177.73,293.35,7.86,46.90,54.76,NA,NA,1.21,15.18,NA,NA,NA,NA,NA,NA,NA,NA,NA,NA,NA,0.00,NA,NA,NA
2022-12-01 09:00:00,181.86,300.63,7.39,44.14,51.53,NA,NA,1.25,32.89,NA,NA,NA,NA,NA,NA,NA,NA,NA,NA,NA,0.00,NA,NA,NA
2022-12-01 10:00:00,200.66,296.82,8.36,47.92,56.27,NA,NA,1.15,55.71,NA,NA,NA,NA,NA,NA,NA,NA,NA,NA,NA,0.00,NA,NA,NA
2022-12-01 11:00:00,189.97,279.77,7.31,36.61,43.92,NA,NA,1.01,96.58,NA,NA,NA,NA,NA,NA,NA,NA,NA,NA,NA,0.00,NA,NA,NA
2022-12-01 12:00:00,165.48,250.77,7.27,28.49,35.76,NA,NA,0.93,121.58,NA,NA,NA,NA,NA,NA,NA,NA,NA,NA,NA,0.00,NA,NA,NA
2022-12-01 13:00:00,134.99,213.00,6.98,23.65,30.63,NA,NA,0.86,125.15,NA,NA,NA,NA,NA,NA,NA,NA,NA,NA,NA,0.00,NA,NA,NA
2022-12-01 14:00:00,117.45,174.16,5.42,22.38,27.80,NA,NA,0.87,126.76,NA,NA,NA,NA,NA,NA,NA,NA,NA,NA,NA,0.00,NA,NA,NA
2022-12-01 15:00:00,105.42,164.68,4.33,22.98,27.32,NA,NA,0.84,117.64,NA,NA,NA,NA,NA,NA,NA,NA,NA,NA,NA,0.00,NA,NA,NA
2022-12-01 16:00:00,108.95,199.22,3.17,25.48,28.66,NA,NA,0.87,101.02,NA,NA,NA,NA,NA,NA,NA,NA,NA,NA,NA,0.00,NA,NA,NA
2022-12-01 17:00:00,114.99,188.84,2.45,32.96,35.41,NA,NA,0.90,56.19,NA,NA,NA,NA,NA,NA,NA,NA,NA,NA,NA,0.00,NA,NA,NA
2022-12-01 18:00:00,87.90,133.90,6.60,31.80,38.43,NA,NA,0.91,42.81,NA,NA,NA,NA,NA,NA,NA,NA,NA,NA,NA,0.00,NA,NA,NA
2022-12-01 19:00:00,25.01,80.65,2.34,28.46,30.80,NA,NA,0.98,26.79,NA,NA,NA,NA,NA,NA,NA,NA,NA,NA,NA,0.00,NA,NA,NA
2022-12-01 20:00:00,94.03,171.86,2.26,27.40,29.66,NA,NA,1.00,16.03,NA,NA,NA,NA,NA,NA,NA,NA,NA,NA,NA,0.00,NA,NA,NA
2022-12-01 21:00:00,121.82,211.45,2.54,33.76,36.30,NA,NA,1.13,14.39,NA,NA,NA,NA,NA,NA,NA,NA,NA,NA,NA,0.00,NA,NA,NA
2022-12-01 22:00:00,134.67,212.16,3.27,38.51,41.78,NA,NA,1.15,6.93,NA,NA,NA,NA,NA,NA,NA,NA,NA,NA,NA,0.00,NA,NA,NA
2022-12-01 23:00:00,127.86,196.73,2.64,30.47,33.11,NA,NA,1.04,8.22,NA,NA,NA,NA,NA,NA,NA,NA,NA,NA,NA,0.00,NA,NA,NA
2022-12-02 00:00:00,117.01,177.52,2.60,26.51,29.11,NA,NA,0.96,15.14,NA,NA,NA,NA,NA,NA,NA,NA,NA,NA,NA,0.00,NA,NA,NA
2022-12-02 01:00:00,107.91,183.01,2.42,21.84,24.25,NA,NA,0.92,9.63,NA,NA,NA,NA,NA,NA,NA,NA,NA,NA,NA,0.00,NA,NA,NA
2022-12-02 02:00:00,102.02,169.24,2.34,20.99,23.33,NA,NA,0.89,10.79,NA,NA,NA,NA,NA,NA,NA,NA,NA,NA,NA,0.00,NA,NA,NA
2022-12-02 03:00:00,102.00,153.32,2.49,21.11,23.60,NA,NA,0.90,7.32,NA,NA,NA,NA,NA,NA,NA,NA,NA,NA,NA,0.00,NA,NA,NA
2022-12-02 04:00:00,131.36,169.36,3.36,24.57,27.93,NA,NA,0.99,4.92,NA,NA,NA,NA,NA,NA,NA,NA,NA,NA,NA,0.00,NA,NA,NA
2022-12-02 05:00:00,144.59,178.58,10.00,31.22,41.20,NA,NA,1.16,4.10,NA,NA,NA,NA,NA,NA,NA,NA,NA,NA,NA,0.00,NA,NA,NA
2022-12-02 06:00:00,168.42,233.92,21.54,36.23,57.75,NA,NA,1.37,3.97,NA,NA,NA,NA,NA,NA,NA,NA,NA,NA,NA,0.00,NA,NA,NA
2022-12-02 07:00:00,182.21,282.16,23.32,36.10,59.43,NA,NA,1.38,4.25,NA,NA,NA,NA,NA,NA,NA,NA,NA,NA,NA,0.00,NA,NA,NA
2022-12-02 08:00:00,158.09,230.14,18.27,29.01,47.28,NA,NA,1.35,4.78,NA,NA,NA,NA,NA,NA,NA,NA,NA,NA,NA,0.00,NA,NA,NA
2022-12-02 09:00:00,162.88,238.19,12.62,47.19,59.82,NA,NA,1.32,16.89,NA,NA,NA,NA,NA,NA,NA,NA,NA,NA,NA,0.00,NA,NA,NA
2022-12-02 10:00:00,181.42,301.55,10.70,58.16,68.87,NA,NA,1.40,41.41,NA,NA,NA,NA,NA,NA,NA,NA,NA,NA,NA,0.00,NA,NA,NA
2022-12-02 11:00:00,227.56,358.02,8.24,53.70,61.94,NA,NA,1.31,75.03,NA,NA,NA,NA,NA,NA,NA,NA,NA,NA,NA,0.00,NA,NA,NA
2022-12-02 12:00:00,198.33,300.34,7.50,36.41,43.91,NA,NA,1.05,113.68,NA,NA,NA,NA,NA,NA,NA,NA,NA,NA,NA,0.00,NA,NA,NA
2022-12-02 13:00:00,139.22,234.47,6.85,21.23,28.08,NA,NA,0.81,116.90,NA,NA,NA,NA,NA,NA,NA,NA,NA,NA,NA,0.00,NA,NA,NA
2022-12-02 14:00:00,110.48,169.72,5.38,19.49,24.87,NA,NA,0.77,118.65,NA,NA,NA,NA,NA,NA,NA,NA,NA,NA,NA,0.00,NA,NA,NA
2022-12-02 15:00:00,98.25,156.54,4.18,18.98,23.16,NA,NA,0.74,110.75,NA,NA,NA,NA,NA,NA,NA,NA,NA,NA,NA,0.00,NA,NA,NA
2022-12-02 16:00:00,100.69,156.89,3.19,21.61,24.80,NA,NA,0.76,98.29,NA,NA,NA,NA,NA,NA,NA,NA,NA,NA,NA,0.00,NA,NA,NA
2022-12-02 17:00:00,118.42,182.49,2.38,30.54,32.92,NA,NA,0.80,62.22,NA,NA,NA,NA,NA,NA,NA,NA,NA,NA,NA,0.00,NA,NA,NA
2022-12-02 18:00:00,122.13,186.46,2.52,36.45,38.96,NA,NA,0.86,35.09,NA,NA,NA,NA,NA,NA,NA,NA,NA,NA,NA,0.00,NA,NA,NA
2022-12-02 19:00:00,118.80,188.79,2.42,30.89,33.31,NA,NA,0.89,29.45,NA,NA,NA,NA,NA,NA,NA,NA,NA,NA,NA,0.00,NA,NA,NA
2022-12-02 20:00:00,137.61,187.51,2.30,23.17,25.47,NA,NA,0.68,34.70,NA,NA,NA,NA,NA,NA,NA,NA,NA,NA,NA,0.00,NA,NA,NA
2022-12-02 21:00:00,130.86,172.83,2.34,27.23,29.57,NA,NA,0.65,23.48,NA,NA,NA,NA,NA,NA,NA,NA,NA,NA,NA,0.00,NA,NA,NA
2022-12-02 22:00:00,127.08,176.50,2.45,34.26,36.71,NA,NA,0.65,19.43,NA,NA,NA,NA,NA,NA,NA,NA,NA,NA,NA,0.00,NA,NA,NA
2022-12-02 23:00:00,142.64,192.29,3.12,39.31,42.43,NA,NA,0.75,13.64,NA,NA,NA,NA,NA,NA,NA,NA,NA,NA,NA,0.00,NA,NA,NA
2022-12-03 00:00:00,135.24,212.19,2.50,33.69,36.19,NA,NA,0.64,16.05,NA,NA,NA,NA,NA,NA,NA,NA,NA,NA,NA,0.00,NA,NA,NA
2022-12-03 01:00:00,142.99,231.03,4.12,34.37,38.47,NA,NA,0.63,14.12,NA,NA,NA,NA,NA,NA,NA,NA,NA,NA,NA,0.00,NA,NA,NA
2022-12-03 02:00:00,150.40,204.05,8.80,37.01,45.85,NA,NA,0.61,17.43,NA,NA,NA,NA,NA,NA,NA,NA,NA,NA,NA,0.00,NA,NA,NA
2022-12-03 03:00:00,139.91,178.60,2.46,27.66,30.12,NA,NA,0.55,25.39,NA,NA,NA,NA,NA,NA,NA,NA,NA,NA,NA,0.00,NA,NA,NA
2022-12-03 04:00:00,117.97,149.88,2.38,21.18,23.56,NA,NA,0.51,16.36,NA,NA,NA,NA,NA,NA,NA,NA,NA,NA,NA,0.00,NA,NA,NA
2022-12-03 05:00:00,100.73,131.65,2.36,20.00,22.37,NA,NA,0.50,12.15,NA,NA,NA,NA,NA,NA,NA,NA,NA,NA,NA,0.00,NA,NA,NA
2022-12-03 06:00:00,110.13,143.86,2.42,18.93,21.35,NA,NA,0.47,10.84,NA,NA,NA,NA,NA,NA,NA,NA,NA,NA,NA,0.00,NA,NA,NA
2022-12-03 07:00:00,102.05,135.78,2.80,20.46,23.25,NA,NA,0.45,7.56,NA,NA,NA,NA,NA,NA,NA,NA,NA,NA,NA,0.00,NA,NA,NA
2022-12-03 08:00:00,86.90,119.77,4.59,18.44,23.02,NA,NA,0.50,6.08,NA,NA,NA,NA,NA,NA,NA,NA,NA,NA,NA,0.00,NA,NA,NA
2022-12-03 09:00:00,99.10,145.03,5.18,22.35,27.53,NA,NA,0.58,27.18,NA,NA,NA,NA,NA,NA,NA,NA,NA,NA,NA,0.00,NA,NA,NA
2022-12-03 10:00:00,110.11,152.22,5.52,22.93,28.45,NA,NA,0.55,69.49,NA,NA,NA,NA,NA,NA,NA,NA,NA,NA,NA,0.00,NA,NA,NA
2022-12-03 11:00:00,109.52,143.67,5.87,19.20,25.07,NA,NA,0.48,99.30,NA,NA,NA,NA,NA,NA,NA,NA,NA,NA,NA,0.00,NA,NA,NA
2022-12-03 12:00:00,106.22,144.45,7.55,19.33,26.88,NA,NA,0.51,100.96,NA,NA,NA,NA,NA,NA,NA,NA,NA,NA,NA,0.00,NA,NA,NA
2022-12-03 13:00:00,76.86,102.07,40.22,26.96,66.99,NA,NA,0.29,112.26,NA,NA,NA,NA,NA,NA,NA,NA,NA,NA,NA,0.00,NA,NA,NA
2022-12-03 14:00:00,NA,NA,35.92,24.91,60.88,NA,NA,0.09,115.09,NA,NA,NA,NA,NA,NA,NA,NA,NA,NA,NA,0.00,NA,NA,NA
2022-12-03 15:00:00,36.62,79.57,15.57,21.99,37.61,NA,NA,0.32,106.70,NA,NA,NA,NA,NA,NA,NA,NA,NA,NA,NA,0.00,NA,NA,NA
2022-12-03 16:00:00,112.03,171.47,17.71,22.48,40.21,NA,NA,0.36,100.48,NA,NA,NA,NA,NA,NA,NA,NA,NA,NA,NA,0.00,NA,NA,NA
2022-12-03 17:00:00,103.57,157.20,2.13,26.21,28.34,NA,NA,0.36,59.11,NA,NA,NA,NA,NA,NA,NA,NA,NA,NA,NA,0.00,NA,NA,NA
2022-12-03 18:00:00,120.52,188.02,2.11,35.03,37.15,NA,NA,0.42,33.08,NA,NA,NA,NA,NA,NA,NA,NA,NA,NA,NA,0.00,NA,NA,NA
2022-12-03 19:00:00,133.91,203.60,2.15,34.14,36.29,NA,NA,0.41,24.41,NA,NA,NA,NA,NA,NA,NA,NA,NA,NA,NA,0.00,NA,NA,NA
2022-12-03 20:00:00,142.80,204.38,2.07,28.00,30.07,NA,NA,0.44,19.03,NA,NA,NA,NA,NA,NA,NA,NA,NA,NA,NA,0.00,NA,NA,NA
2022-12-03 21:00:00,148.55,242.76,2.12,22.99,25.11,NA,NA,0.42,20.42,NA,NA,NA,NA,NA,NA,NA,NA,NA,NA,NA,0.00,NA,NA,NA
2022-12-03 22:00:00,145.04,215.63,2.10,25.71,27.81,NA,NA,0.37,25.77,NA,NA,NA,NA,NA,NA,NA,NA,NA,NA,NA,0.00,NA,NA,NA
2022-12-03 23:00:00,132.35,178.25,2.15,30.74,32.89,NA,NA,0.38,15.93,NA,NA,NA,NA,NA,NA,NA,NA,NA,NA,NA,0.00,NA,NA,NA
2022-12-04 00:00:00,155.40,187.32,2.07,22.75,24.82,NA,NA,0.35,18.03,NA,NA,NA,NA,NA,NA,NA,NA,NA,NA,NA,0.00,NA,NA,NA
2022-12-04 01:00:00,138.32,188.99,2.31,18.41,20.72,NA,NA,0.32,18.94,NA,NA,NA,NA,NA,NA,NA,NA,NA,NA,NA,0.00,NA,NA,NA
2022-12-04 02:00:00,132.70,185.68,5.19,27.96,33.14,NA,NA,0.40,9.54,NA,NA,NA,NA,NA,NA,NA,NA,NA,NA,NA,0.00,NA,NA,NA
2022-12-04 03:00:00,158.04,212.22,27.49,42.66,70.09,NA,NA,0.94,5.50,NA,NA,NA,NA,NA,NA,NA,NA,NA,NA,NA,0.00,NA,NA,NA
2022-12-04 04:00:00,215.58,338.43,39.01,47.98,87.00,NA,NA,1.25,3.96,NA,NA,NA,NA,NA,NA,NA,NA,NA,NA,NA,0.00,NA,NA,NA
2022-12-04 05:00:00,225.83,330.11,30.82,35.31,66.14,NA,NA,1.09,3.89,NA,NA,NA,NA,NA,NA,NA,NA,NA,NA,NA,0.00,NA,NA,NA
2022-12-04 06:00:00,228.91,320.10,28.09,36.27,64.36,NA,NA,1.04,4.25,NA,NA,NA,NA,NA,NA,NA,NA,NA,NA,NA,0.00,NA,NA,NA
2022-12-04 07:00:00,222.26,298.38,23.03,35.98,59.01,NA,NA,0.91,4.72,NA,NA,NA,NA,NA,NA,NA,NA,NA,NA,NA,0.00,NA,NA,NA
2022-12-04 08:00:00,213.62,331.99,22.42,40.91,63.33,NA,NA,0.94,4.70,NA,NA,NA,NA,NA,NA,NA,NA,NA,NA,NA,0.00,NA,NA,NA
2022-12-04 09:00:00,240.74,363.41,15.79,57.03,72.83,NA,NA,1.01,13.06,NA,NA,NA,NA,NA,NA,NA,NA,NA,NA,NA,0.00,NA,NA,NA
2022-12-04 10:00:00,288.05,349.48,8.04,44.49,52.53,NA,NA,0.72,45.27,NA,NA,NA,NA,NA,NA,NA,NA,NA,NA,NA,0.00,NA,NA,NA
2022-12-04 11:00:00,248.78,345.28,6.75,29.43,36.18,NA,NA,0.56,89.73,NA,NA,NA,NA,NA,NA,NA,NA,NA,NA,NA,0.00,NA,NA,NA
2022-12-04 12:00:00,234.24,326.00,12.85,27.39,40.24,NA,NA,0.51,92.37,NA,NA,NA,NA,NA,NA,NA,NA,NA,NA,NA,0.00,NA,NA,NA
2022-12-04 13:00:00,56.52,116.44,6.52,23.73,30.25,NA,NA,0.41,110.28,NA,NA,NA,NA,NA,NA,NA,NA,NA,NA,NA,0.00,NA,NA,NA
2022-12-04 14:00:00,115.39,162.46,5.05,21.88,26.93,NA,NA,0.36,113.81,NA,NA,NA,NA,NA,NA,NA,NA,NA,NA,NA,0.00,NA,NA,NA
2022-12-04 15:00:00,118.41,178.23,3.74,21.43,25.17,NA,NA,0.34,111.08,NA,NA,NA,NA,NA,NA,NA,NA,NA,NA,NA,0.00,NA,NA,NA
2022-12-04 16:00:00,127.21,175.31,2.87,22.98,25.85,NA,NA,0.32,91.64,NA,NA,NA,NA,NA,NA,NA,NA,NA,NA,NA,0.00,NA,NA,NA
2022-12-04 17:00:00,127.80,182.20,2.20,26.97,29.17,NA,NA,0.34,58.28,NA,NA,NA,NA,NA,NA,NA,NA,NA,NA,NA,0.00,NA,NA,NA
2022-12-04 18:00:00,147.12,213.13,2.08,30.37,32.46,NA,NA,0.44,32.96,NA,NA,NA,NA,NA,NA,NA,NA,NA,NA,NA,0.00,NA,NA,NA
2022-12-04 19:00:00,159.54,257.65,2.13,29.17,31.29,NA,NA,0.44,25.60,NA,NA,NA,NA,NA,NA,NA,NA,NA,NA,NA,0.00,NA,NA,NA
2022-12-04 20:00:00,151.20,253.22,2.10,25.20,27.31,NA,NA,0.44,27.13,NA,NA,NA,NA,NA,NA,NA,NA,NA,NA,NA,0.00,NA,NA,NA
2022-12-04 21:00:00,157.47,252.61,2.17,22.13,24.30,NA,NA,0.48,22.91,NA,NA,NA,NA,NA,NA,NA,NA,NA,NA,NA,0.00,NA,NA,NA
2022-12-04 22:00:00,178.20,222.73,2.15,20.10,22.25,NA,NA,0.50,11.31,NA,NA,NA,NA,NA,NA,NA,NA,NA,NA,NA,0.00,NA,NA,NA
2022-12-04 23:00:00,188.62,265.59,2.34,25.61,27.94,NA,NA,0.55,7.38,NA,NA,NA,NA,NA,NA,NA,NA,NA,NA,NA,0.00,NA,NA,NA
2022-12-05 00:00:00,129.64,216.79,95.98,43.28,139.67,NA,NA,0.60,11.61,NA,NA,NA,NA,NA,NA,NA,NA,NA,NA,NA,0.00,NA,NA,NA
2022-12-05 01:00:00,0.07,5.47,11.50,32.78,44.25,NA,NA,0.93,4.06,NA,NA,NA,NA,NA,NA,NA,NA,NA,NA,NA,0.00,NA,NA,NA
2022-12-05 02:00:00,78.17,105.91,17.25,38.55,55.82,NA,NA,0.89,4.21,NA,NA,NA,NA,NA,NA,NA,NA,NA,NA,NA,0.00,NA,NA,NA
2022-12-05 03:00:00,128.06,165.22,15.59,29.35,44.93,NA,NA,0.90,4.08,NA,NA,NA,NA,NA,NA,NA,NA,NA,NA,NA,0.00,NA,NA,NA
2022-12-05 04:00:00,116.76,178.10,16.05,29.90,45.95,NA,NA,0.82,4.74,NA,NA,NA,NA,NA,NA,NA,NA,NA,NA,NA,0.00,NA,NA,NA
2022-12-05 05:00:00,140.93,172.64,8.16,32.09,40.26,NA,NA,0.60,6.69,NA,NA,NA,NA,NA,NA,NA,NA,NA,NA,NA,0.00,NA,NA,NA
2022-12-05 06:00:00,147.59,175.36,9.57,29.89,39.45,NA,NA,0.61,4.25,NA,NA,NA,NA,NA,NA,NA,NA,NA,NA,NA,0.00,NA,NA,NA
2022-12-05 07:00:00,134.20,181.43,9.05,26.86,35.91,NA,NA,0.54,4.16,NA,NA,NA,NA,NA,NA,NA,NA,NA,NA,NA,0.00,NA,NA,NA
2022-12-05 08:00:00,155.83,209.37,15.61,44.68,60.28,NA,NA,0.69,8.04,NA,NA,NA,NA,NA,NA,NA,NA,NA,NA,NA,0.00,NA,NA,NA
2022-12-05 09:00:00,189.47,328.17,13.56,55.78,69.35,NA,NA,0.81,16.03,NA,NA,NA,NA,NA,NA,NA,NA,NA,NA,NA,0.00,NA,NA,NA
2022-12-05 10:00:00,200.74,319.31,9.84,49.45,59.29,NA,NA,0.66,38.23,NA,NA,NA,NA,NA,NA,NA,NA,NA,NA,NA,0.00,NA,NA,NA
2022-12-05 11:00:00,165.17,219.67,8.58,36.22,44.79,NA,NA,0.40,69.76,NA,NA,NA,NA,NA,NA,NA,NA,NA,NA,NA,0.00,NA,NA,NA
2022-12-05 12:00:00,140.03,174.20,7.05,26.68,33.73,NA,NA,0.33,101.99,NA,NA,NA,NA,NA,NA,NA,NA,NA,NA,NA,0.00,NA,NA,NA
2022-12-05 13:00:00,95.69,154.20,6.63,22.41,29.04,NA,NA,0.25,111.36,NA,NA,NA,NA,NA,NA,NA,NA,NA,NA,NA,0.00,NA,NA,NA
2022-12-05 14:00:00,76.92,128.58,47.73,30.29,77.95,NA,NA,0.22,103.46,NA,NA,NA,NA,NA,NA,NA,NA,NA,NA,NA,0.00,NA,NA,NA
2022-12-05 15:00:00,78.27,122.08,51.71,31.48,83.20,NA,NA,0.21,101.53,NA,NA,NA,NA,NA,NA,NA,NA,NA,NA,NA,0.00,NA,NA,NA
2022-12-05 16:00:00,62.39,105.33,85.68,40.65,126.22,NA,NA,0.25,97.49,NA,NA,NA,NA,NA,NA,NA,NA,NA,NA,NA,0.00,NA,NA,NA
2022-12-05 17:00:00,NA,NA,5.30,25.96,31.28,NA,NA,0.35,68.90,NA,NA,NA,NA,NA,NA,NA,NA,NA,NA,NA,0.00,NA,NA,NA
2022-12-05 18:00:00,45.25,106.59,2.12,25.61,27.73,NA,NA,0.33,44.27,NA,NA,NA,NA,NA,NA,NA,NA,NA,NA,NA,0.00,NA,NA,NA
2022-12-05 19:00:00,95.08,159.09,2.25,28.69,30.94,NA,NA,0.37,26.10,NA,NA,NA,NA,NA,NA,NA,NA,NA,NA,NA,0.00,NA,NA,NA
2022-12-05 20:00:00,121.55,207.55,4.31,42.35,46.66,NA,NA,0.56,10.57,NA,NA,NA,NA,NA,NA,NA,NA,NA,NA,NA,0.00,NA,NA,NA
2022-12-05 21:00:00,158.43,243.29,2.34,34.09,36.43,NA,NA,0.45,15.71,NA,NA,NA,NA,NA,NA,NA,NA,NA,NA,NA,0.00,NA,NA,NA
2022-12-05 22:00:00,140.09,223.25,4.28,34.97,39.25,NA,NA,0.68,7.63,NA,NA,NA,NA,NA,NA,NA,NA,NA,NA,NA,0.00,NA,NA,NA
2022-12-05 23:00:00,164.69,275.87,5.75,42.18,47.94,NA,NA,0.54,7.14,NA,NA,NA,NA,NA,NA,NA,NA,NA,NA,NA,0.00,NA,NA,NA
2022-12-06 00:00:00,156.88,250.25,4.92,31.62,36.53,NA,NA,0.57,9.04,NA,NA,NA,NA,NA,NA,NA,NA,NA,NA,NA,0.00,NA,NA,NA
2022-12-06 01:00:00,187.87,287.21,14.23,41.59,55.81,NA,NA,0.75,4.17,NA,NA,NA,NA,NA,NA,NA,NA,NA,NA,NA,0.00,NA,NA,NA
2022-12-06 02:00:00,180.59,279.75,9.04,40.82,49.88,NA,NA,0.63,6.36,NA,NA,NA,NA,NA,NA,NA,NA,NA,NA,NA,0.00,NA,NA,NA
2022-12-06 03:00:00,156.14,228.89,2.74,36.59,39.34,NA,NA,0.49,11.33,NA,NA,NA,NA,NA,NA,NA,NA,NA,NA,NA,0.00,NA,NA,NA
2022-12-06 04:00:00,153.71,235.80,3.25,35.88,39.13,NA,NA,0.50,10.88,NA,NA,NA,NA,NA,NA,NA,NA,NA,NA,NA,0.00,NA,NA,NA
2022-12-06 05:00:00,156.69,252.89,2.99,33.87,36.86,NA,NA,0.46,8.81,NA,NA,NA,NA,NA,NA,NA,NA,NA,NA,NA,0.00,NA,NA,NA
2022-12-06 06:00:00,168.84,235.57,6.02,35.13,41.15,NA,NA,0.43,6.56,NA,NA,NA,NA,NA,NA,NA,NA,NA,NA,NA,0.00,NA,NA,NA
2022-12-06 07:00:00,181.81,241.41,6.41,36.60,43.00,NA,NA,0.51,6.25,NA,NA,NA,NA,NA,NA,NA,NA,NA,NA,NA,0.00,NA,NA,NA
2022-12-06 08:00:00,202.93,288.83,10.55,40.90,51.44,NA,NA,0.64,10.65,NA,NA,NA,NA,NA,NA,NA,NA,NA,NA,NA,0.00,NA,NA,NA
2022-12-06 09:00:00,188.46,289.61,7.06,38.21,45.27,NA,NA,0.54,35.25,NA,NA,NA,NA,NA,NA,NA,NA,NA,NA,NA,0.00,NA,NA,NA
2022-12-06 10:00:00,172.62,263.39,7.22,34.31,41.53,NA,NA,0.50,63.59,NA,NA,NA,NA,NA,NA,NA,NA,NA,NA,NA,0.00,NA,NA,NA
2022-12-06 11:00:00,183.71,246.16,9.05,27.34,36.38,NA,NA,0.43,85.09,NA,NA,NA,NA,NA,NA,NA,NA,NA,NA,NA,0.00,NA,NA,NA
2022-12-06 12:00:00,160.98,239.97,8.77,23.27,32.04,NA,NA,0.36,97.22,NA,NA,NA,NA,NA,NA,NA,NA,NA,NA,NA,0.00,NA,NA,NA
2022-12-06 13:00:00,137.01,207.86,7.71,21.97,29.68,NA,NA,0.33,103.60,NA,NA,NA,NA,NA,NA,NA,NA,NA,NA,NA,0.00,NA,NA,NA
2022-12-06 14:00:00,120.90,188.31,5.77,21.61,27.38,NA,NA,0.31,106.65,NA,NA,NA,NA,NA,NA,NA,NA,NA,NA,NA,0.00,NA,NA,NA
2022-12-06 15:00:00,121.66,177.91,4.33,20.98,25.31,NA,NA,0.31,110.41,NA,NA,NA,NA,NA,NA,NA,NA,NA,NA,NA,0.00,NA,NA,NA
2022-12-06 16:00:00,140.59,206.27,3.13,24.94,28.07,NA,NA,0.35,116.58,NA,NA,NA,NA,NA,NA,NA,NA,NA,NA,NA,0.00,NA,NA,NA
2022-12-06 17:00:00,147.60,239.41,2.25,32.59,34.84,NA,NA,0.42,89.30,NA,NA,NA,NA,NA,NA,NA,NA,NA,NA,NA,0.00,NA,NA,NA
2022-12-06 18:00:00,165.96,248.34,2.33,35.33,37.66,NA,NA,0.48,64.78,NA,NA,NA,NA,NA,NA,NA,NA,NA,NA,NA,0.00,NA,NA,NA
2022-12-06 19:00:00,178.70,257.52,2.49,41.55,44.04,NA,NA,0.58,39.52,NA,NA,NA,NA,NA,NA,NA,NA,NA,NA,NA,0.00,NA,NA,NA
2022-12-06 20:00:00,170.47,254.21,2.50,40.34,42.84,NA,NA,0.57,33.50,NA,NA,NA,NA,NA,NA,NA,NA,NA,NA,NA,0.00,NA,NA,NA
2022-12-06 21:00:00,148.27,249.17,2.41,38.11,40.51,NA,NA,0.51,33.93,NA,NA,NA,NA,NA,NA,NA,NA,NA,NA,NA,0.00,NA,NA,NA
2022-12-06 22:00:00,128.12,209.03,3.71,49.71,53.42,NA,NA,0.50,14.31,NA,NA,NA,NA,NA,NA,NA,NA,NA,NA,NA,0.00,NA,NA,NA
2022-12-06 23:00:00,110.17,173.45,2.36,26.54,28.90,NA,NA,0.32,53.08,NA,NA,NA,NA,NA,NA,NA,NA,NA,NA,NA,0.00,NA,NA,NA
2022-12-07 00:00:00,114.39,155.90,2.31,22.41,24.72,NA,NA,0.29,67.91,NA,NA,NA,NA,NA,NA,NA,NA,NA,NA,NA,0.00,NA,NA,NA
2022-12-07 01:00:00,125.80,179.54,2.38,22.98,25.36,NA,NA,0.29,57.16,NA,NA,NA,NA,NA,NA,NA,NA,NA,NA,NA,0.00,NA,NA,NA
2022-12-07 02:00:00,116.07,168.72,2.21,23.69,25.90,NA,NA,0.29,48.85,NA,NA,NA,NA,NA,NA,NA,NA,NA,NA,NA,0.00,NA,NA,NA
2022-12-07 03:00:00,113.20,150.42,2.62,23.42,26.05,NA,NA,0.28,44.40,NA,NA,NA,NA,NA,NA,NA,NA,NA,NA,NA,0.00,NA,NA,NA
2022-12-07 04:00:00,111.95,152.76,2.67,25.00,27.67,NA,NA,0.30,31.94,NA,NA,NA,NA,NA,NA,NA,NA,NA,NA,NA,0.00,NA,NA,NA
2022-12-07 05:00:00,107.74,153.70,2.54,26.61,29.15,NA,NA,0.31,26.72,NA,NA,NA,NA,NA,NA,NA,NA,NA,NA,NA,0.00,NA,NA,NA
2022-12-07 06:00:00,129.68,162.63,2.35,27.01,29.35,NA,NA,0.35,25.56,NA,NA,NA,NA,NA,NA,NA,NA,NA,NA,NA,0.00,NA,NA,NA
2022-12-07 07:00:00,144.73,203.01,2.77,29.89,32.66,NA,NA,0.39,22.77,NA,NA,NA,NA,NA,NA,NA,NA,NA,NA,NA,0.00,NA,NA,NA
2022-12-07 08:00:00,136.84,212.56,4.73,31.58,36.31,NA,NA,0.43,30.33,NA,NA,NA,NA,NA,NA,NA,NA,NA,NA,NA,0.00,NA,NA,NA
2022-12-07 09:00:00,136.77,199.09,5.05,25.57,30.63,NA,NA,0.38,52.42,NA,NA,NA,NA,NA,NA,NA,NA,NA,NA,NA,0.00,NA,NA,NA
2022-12-07 10:00:00,121.44,186.94,6.09,22.50,28.60,NA,NA,0.34,68.86,NA,NA,NA,NA,NA,NA,NA,NA,NA,NA,NA,0.00,NA,NA,NA
2022-12-07 11:00:00,119.75,189.46,8.85,22.62,31.48,NA,NA,0.34,82.18,NA,NA,NA,NA,NA,NA,NA,NA,NA,NA,NA,0.00,NA,NA,NA
2022-12-07 12:00:00,106.58,191.48,8.90,21.81,30.71,NA,NA,0.28,88.43,NA,NA,NA,NA,NA,NA,NA,NA,NA,NA,NA,0.00,NA,NA,NA
2022-12-07 13:00:00,92.77,148.61,7.84,21.39,29.23,NA,NA,0.25,92.87,NA,NA,NA,NA,NA,NA,NA,NA,NA,NA,NA,0.00,NA,NA,NA
2022-12-07 14:00:00,90.92,141.38,5.91,22.64,28.54,NA,NA,0.24,91.80,NA,NA,NA,NA,NA,NA,NA,NA,NA,NA,NA,0.00,NA,NA,NA
2022-12-07 15:00:00,90.87,135.84,4.69,21.11,25.79,NA,NA,0.24,96.47,NA,NA,NA,NA,NA,NA,NA,NA,NA,NA,NA,0.00,NA,NA,NA
2022-12-07 16:00:00,96.93,148.44,3.25,22.71,25.95,NA,NA,0.24,92.04,NA,NA,NA,NA,NA,NA,NA,NA,NA,NA,NA,0.00,NA,NA,NA
2022-12-07 17:00:00,102.47,152.50,2.34,28.18,30.52,NA,NA,0.30,74.56,NA,NA,NA,NA,NA,NA,NA,NA,NA,NA,NA,0.00,NA,NA,NA
2022-12-07 18:00:00,106.87,195.11,2.34,37.72,40.05,NA,NA,0.39,44.16,NA,NA,NA,NA,NA,NA,NA,NA,NA,NA,NA,0.00,NA,NA,NA
2022-12-07 19:00:00,127.02,217.56,2.39,38.88,41.26,NA,NA,0.44,34.96,NA,NA,NA,NA,NA,NA,NA,NA,NA,NA,NA,0.00,NA,NA,NA
2022-12-07 20:00:00,120.40,204.59,3.63,47.69,51.32,NA,NA,0.55,19.12,NA,NA,NA,NA,NA,NA,NA,NA,NA,NA,NA,0.00,NA,NA,NA
2022-12-07 21:00:00,134.16,220.83,5.94,54.21,60.16,NA,NA,0.64,5.90,NA,NA,NA,NA,NA,NA,NA,NA,NA,NA,NA,0.00,NA,NA,NA
2022-12-07 22:00:00,124.21,225.32,4.62,51.26,55.88,NA,NA,0.54,9.02,NA,NA,NA,NA,NA,NA,NA,NA,NA,NA,NA,0.00,NA,NA,NA
2022-12-07 23:00:00,133.38,222.03,3.13,48.80,51.93,NA,NA,0.51,12.30,NA,NA,NA,NA,NA,NA,NA,NA,NA,NA,NA,0.00,NA,NA,NA
2022-12-08 00:00:00,143.03,209.83,2.54,38.47,41.01,NA,NA,0.45,25.63,NA,NA,NA,NA,NA,NA,NA,NA,NA,NA,NA,0.00,NA,NA,NA
2022-12-08 01:00:00,139.98,204.30,2.42,31.36,33.78,NA,NA,0.40,26.82,NA,NA,NA,NA,NA,NA,NA,NA,NA,NA,NA,0.00,NA,NA,NA
2022-12-08 02:00:00,124.12,188.74,2.38,24.85,27.23,NA,NA,0.38,27.03,NA,NA,NA,NA,NA,NA,NA,NA,NA,NA,NA,0.00,NA,NA,NA
2022-12-08 03:00:00,106.07,156.38,2.33,25.48,27.82,NA,NA,0.32,19.86,NA,NA,NA,NA,NA,NA,NA,NA,NA,NA,NA,0.00,NA,NA,NA
2022-12-08 04:00:00,106.53,163.55,2.95,30.61,33.56,NA,NA,0.36,17.07,NA,NA,NA,NA,NA,NA,NA,NA,NA,NA,NA,0.00,NA,NA,NA
2022-12-08 05:00:00,117.61,160.86,3.13,30.20,33.32,NA,NA,0.33,19.05,NA,NA,NA,NA,NA,NA,NA,NA,NA,NA,NA,0.00,NA,NA,NA
2022-12-08 06:00:00,122.19,157.68,3.12,31.85,34.97,NA,NA,0.32,12.89,NA,NA,NA,NA,NA,NA,NA,NA,NA,NA,NA,0.00,NA,NA,NA
2022-12-08 07:00:00,119.50,180.74,4.04,35.72,39.76,NA,NA,0.36,8.45,NA,NA,NA,NA,NA,NA,NA,NA,NA,NA,NA,0.00,NA,NA,NA
2022-12-08 08:00:00,132.01,205.91,8.54,39.70,48.24,NA,NA,0.49,13.46,NA,NA,NA,NA,NA,NA,NA,NA,NA,NA,NA,0.00,NA,NA,NA
2022-12-08 09:00:00,141.19,203.63,6.91,35.63,42.50,NA,NA,0.47,40.26,NA,NA,NA,NA,NA,NA,NA,NA,NA,NA,NA,0.00,NA,NA,NA
2022-12-08 10:00:00,128.32,195.57,6.49,25.65,32.14,NA,NA,0.39,69.75,NA,NA,NA,NA,NA,NA,NA,NA,NA,NA,NA,0.00,NA,NA,NA
2022-12-08 11:00:00,104.41,173.99,9.20,23.56,32.76,NA,NA,0.34,79.10,NA,NA,NA,NA,NA,NA,NA,NA,NA,NA,NA,0.00,NA,NA,NA
2022-12-08 12:00:00,91.18,179.53,8.96,21.52,30.47,NA,NA,0.31,95.18,NA,NA,NA,NA,NA,NA,NA,NA,NA,NA,NA,0.00,NA,NA,NA
2022-12-08 13:00:00,87.97,175.64,7.91,23.11,31.02,NA,NA,0.28,107.63,NA,NA,NA,NA,NA,NA,NA,NA,NA,NA,NA,0.00,NA,NA,NA
2022-12-08 14:00:00,88.22,150.12,5.96,20.98,26.94,NA,NA,0.23,98.47,NA,NA,NA,NA,NA,NA,NA,NA,NA,NA,NA,0.00,NA,NA,NA
2022-12-08 15:00:00,81.76,141.46,4.75,23.43,28.20,NA,NA,0.22,94.08,NA,NA,NA,NA,NA,NA,NA,NA,NA,NA,NA,0.00,NA,NA,NA
2022-12-08 16:00:00,79.93,143.75,3.63,23.91,27.53,NA,NA,0.23,81.87,NA,NA,NA,NA,NA,NA,NA,NA,NA,NA,NA,0.00,NA,NA,NA
2022-12-08 17:00:00,90.65,162.35,2.40,26.64,29.06,NA,NA,0.27,60.82,NA,NA,NA,NA,NA,NA,NA,NA,NA,NA,NA,0.00,NA,NA,NA
2022-12-08 18:00:00,113.47,193.54,2.46,37.00,39.50,NA,NA,0.39,38.03,NA,NA,NA,NA,NA,NA,NA,NA,NA,NA,NA,0.00,NA,NA,NA
2022-12-08 19:00:00,135.49,226.23,2.63,45.97,48.60,NA,NA,0.55,15.17,NA,NA,NA,NA,NA,NA,NA,NA,NA,NA,NA,0.00,NA,NA,NA
2022-12-08 20:00:00,137.66,225.62,2.93,44.55,47.49,NA,NA,0.57,5.95,NA,NA,NA,NA,NA,NA,NA,NA,NA,NA,NA,0.00,NA,NA,NA
2022-12-08 21:00:00,139.81,223.56,3.64,45.37,49.05,NA,NA,0.71,7.21,NA,NA,NA,NA,NA,NA,NA,NA,NA,NA,NA,0.00,NA,NA,NA
2022-12-08 22:00:00,182.81,280.97,12.63,55.10,67.76,NA,NA,1.21,6.86,NA,NA,NA,NA,NA,NA,NA,NA,NA,NA,NA,0.00,NA,NA,NA
2022-12-08 23:00:00,198.90,284.04,12.71,49.08,61.74,NA,NA,0.94,3.73,NA,NA,NA,NA,NA,NA,NA,NA,NA,NA,NA,0.00,NA,NA,NA
2022-12-09 00:00:00,171.06,243.69,6.13,40.30,46.44,NA,NA,0.78,3.21,NA,NA,NA,NA,NA,NA,NA,NA,NA,NA,NA,0.00,NA,NA,NA
2022-12-09 01:00:00,152.73,260.03,8.97,41.35,50.30,NA,NA,0.76,3.62,NA,NA,NA,NA,NA,NA,NA,NA,NA,NA,NA,0.00,NA,NA,NA
2022-12-09 02:00:00,149.54,239.79,5.02,40.36,45.37,NA,NA,0.65,4.79,NA,NA,NA,NA,NA,NA,NA,NA,NA,NA,NA,0.00,NA,NA,NA
2022-12-09 03:00:00,143.09,231.24,9.23,34.64,43.84,NA,NA,0.67,8.00,NA,NA,NA,NA,NA,NA,NA,NA,NA,NA,NA,0.00,NA,NA,NA
2022-12-09 04:00:00,150.81,206.90,11.32,33.29,44.66,NA,NA,0.67,9.94,NA,NA,NA,NA,NA,NA,NA,NA,NA,NA,NA,0.00,NA,NA,NA
2022-12-09 05:00:00,192.69,243.70,19.47,37.53,56.98,NA,NA,0.73,10.05,NA,NA,NA,NA,NA,NA,NA,NA,NA,NA,NA,0.00,NA,NA,NA
2022-12-09 06:00:00,163.96,220.75,17.61,30.51,48.12,NA,NA,0.61,8.41,NA,NA,NA,NA,NA,NA,NA,NA,NA,NA,NA,0.00,NA,NA,NA
2022-12-09 07:00:00,143.96,192.60,14.71,31.81,46.50,NA,NA,0.51,10.93,NA,NA,NA,NA,NA,NA,NA,NA,NA,NA,NA,0.00,NA,NA,NA
2022-12-09 08:00:00,124.01,165.63,10.56,36.47,47.09,NA,NA,0.52,8.99,NA,NA,NA,NA,NA,NA,NA,NA,NA,NA,NA,0.00,NA,NA,NA
2022-12-09 09:00:00,118.07,173.87,8.25,40.78,48.98,NA,NA,0.50,33.08,NA,NA,NA,NA,NA,NA,NA,NA,NA,NA,NA,0.00,NA,NA,NA
2022-12-09 10:00:00,107.10,206.31,6.73,31.96,38.67,NA,NA,0.38,68.83,NA,NA,NA,NA,NA,NA,NA,NA,NA,NA,NA,0.00,NA,NA,NA
2022-12-09 11:00:00,88.10,161.56,9.58,27.93,37.52,NA,NA,0.31,76.98,NA,NA,NA,NA,NA,NA,NA,NA,NA,NA,NA,0.00,NA,NA,NA
2022-12-09 12:00:00,84.99,153.72,9.12,27.77,36.87,NA,NA,0.31,98.20,NA,NA,NA,NA,NA,NA,NA,NA,NA,NA,NA,0.00,NA,NA,NA
2022-12-09 13:00:00,81.39,143.71,7.62,24.12,31.74,NA,NA,0.26,106.43,NA,NA,NA,NA,NA,NA,NA,NA,NA,NA,NA,0.00,NA,NA,NA
2022-12-09 14:00:00,83.30,131.77,5.78,22.56,28.33,NA,NA,0.24,105.75,NA,NA,NA,NA,NA,NA,NA,NA,NA,NA,NA,0.00,NA,NA,NA
2022-12-09 15:00:00,72.85,121.39,4.56,22.32,26.89,NA,NA,0.23,105.13,NA,NA,NA,NA,NA,NA,NA,NA,NA,NA,NA,0.00,NA,NA,NA
2022-12-09 16:00:00,83.79,147.27,3.76,24.75,28.51,NA,NA,0.25,86.35,NA,NA,NA,NA,NA,NA,NA,NA,NA,NA,NA,0.00,NA,NA,NA
2022-12-09 17:00:00,89.46,158.96,2.57,26.69,29.26,NA,NA,0.29,55.86,NA,NA,NA,NA,NA,NA,NA,NA,NA,NA,NA,0.00,NA,NA,NA
2022-12-09 18:00:00,88.37,152.59,2.26,31.04,33.29,NA,NA,0.32,33.95,NA,NA,NA,NA,NA,NA,NA,NA,NA,NA,NA,0.00,NA,NA,NA
2022-12-09 19:00:00,87.66,158.89,3.54,42.48,46.01,NA,NA,0.40,17.81,NA,NA,NA,NA,NA,NA,NA,NA,NA,NA,NA,0.00,NA,NA,NA
2022-12-09 20:00:00,119.51,200.37,3.71,45.02,48.73,NA,NA,0.56,8.99,NA,NA,NA,NA,NA,NA,NA,NA,NA,NA,NA,0.00,NA,NA,NA
2022-12-09 21:00:00,140.41,220.28,2.72,37.88,40.60,NA,NA,0.55,9.79,NA,NA,NA,NA,NA,NA,NA,NA,NA,NA,NA,0.00,NA,NA,NA
2022-12-09 22:00:00,123.79,212.95,7.41,42.79,50.19,NA,NA,0.66,3.63,NA,NA,NA,NA,NA,NA,NA,NA,NA,NA,NA,0.00,NA,NA,NA
2022-12-09 23:00:00,125.74,225.75,12.20,43.92,56.11,NA,NA,0.78,4.92,NA,NA,NA,NA,NA,NA,NA,NA,NA,NA,NA,0.00,NA,NA,NA
2022-12-10 00:00:00,149.05,220.32,16.36,40.81,57.16,NA,NA,0.83,4.28,NA,NA,NA,NA,NA,NA,NA,NA,NA,NA,NA,0.00,NA,NA,NA
2022-12-10 01:00:00,164.47,239.75,26.10,38.96,65.06,NA,NA,1.11,5.23,NA,NA,NA,NA,NA,NA,NA,NA,NA,NA,NA,0.00,NA,NA,NA
2022-12-10 02:00:00,163.91,230.48,23.40,36.18,59.58,NA,NA,1.01,3.88,NA,NA,NA,NA,NA,NA,NA,NA,NA,NA,NA,0.00,NA,NA,NA
2022-12-10 03:00:00,153.58,212.84,19.53,34.86,54.40,NA,NA,0.92,3.92,NA,NA,NA,NA,NA,NA,NA,NA,NA,NA,NA,0.00,NA,NA,NA
2022-12-10 04:00:00,134.94,194.36,19.51,33.59,53.10,NA,NA,0.88,8.63,NA,NA,NA,NA,NA,NA,NA,NA,NA,NA,NA,0.00,NA,NA,NA
2022-12-10 05:00:00,142.84,213.66,25.16,36.08,61.22,NA,NA,0.94,6.61,NA,NA,NA,NA,NA,NA,NA,NA,NA,NA,NA,0.00,NA,NA,NA
2022-12-10 06:00:00,159.19,224.50,37.07,37.10,74.16,NA,NA,1.10,3.96,NA,NA,NA,NA,NA,NA,NA,NA,NA,NA,NA,0.00,NA,NA,NA
2022-12-10 07:00:00,155.17,217.76,41.41,34.09,75.49,NA,NA,1.00,5.94,NA,NA,NA,NA,NA,NA,NA,NA,NA,NA,NA,0.00,NA,NA,NA
2022-12-10 08:00:00,154.61,222.47,46.16,43.73,89.91,NA,NA,1.00,4.23,NA,NA,NA,NA,NA,NA,NA,NA,NA,NA,NA,0.00,NA,NA,NA
2022-12-10 09:00:00,185.88,275.16,25.83,68.52,94.38,NA,NA,1.11,8.92,NA,NA,NA,NA,NA,NA,NA,NA,NA,NA,NA,0.00,NA,NA,NA
2022-12-10 10:00:00,245.09,392.18,11.33,61.88,73.22,NA,NA,0.86,39.45,NA,NA,NA,NA,NA,NA,NA,NA,NA,NA,NA,0.00,NA,NA,NA
2022-12-10 11:00:00,184.19,325.87,10.52,52.62,63.14,NA,NA,0.70,91.62,NA,NA,NA,NA,NA,NA,NA,NA,NA,NA,NA,0.00,NA,NA,NA
2022-12-10 12:00:00,NA,309.16,9.51,35.08,44.59,NA,NA,0.43,102.88,NA,NA,NA,NA,NA,NA,NA,NA,NA,NA,NA,0.00,NA,NA,NA
2022-12-10 13:00:00,NA,167.74,8.33,25.99,34.32,NA,NA,0.26,83.91,NA,NA,NA,NA,NA,NA,NA,NA,NA,NA,NA,0.00,NA,NA,NA
2022-12-10 14:00:00,NA,118.86,6.32,24.85,31.18,NA,NA,0.24,82.74,NA,NA,NA,NA,NA,NA,NA,NA,NA,NA,NA,0.00,NA,NA,NA
2022-12-10 15:00:00,NA,151.02,4.80,25.86,30.66,NA,NA,0.28,106.30,NA,NA,NA,NA,NA,NA,NA,NA,NA,NA,NA,0.00,NA,NA,NA
2022-12-10 16:00:00,NA,146.65,3.77,24.23,28.01,NA,NA,0.25,84.48,NA,NA,NA,NA,NA,NA,NA,NA,NA,NA,NA,0.00,NA,NA,NA
2022-12-10 17:00:00,NA,144.65,2.38,25.78,28.16,NA,NA,0.27,56.65,NA,NA,NA,NA,NA,NA,NA,NA,NA,NA,NA,0.00,NA,NA,NA
2022-12-10 18:00:00,NA,171.59,2.26,33.35,35.61,NA,NA,0.34,36.58,NA,NA,NA,NA,NA,NA,NA,NA,NA,NA,NA,0.00,NA,NA,NA
2022-12-10 19:00:00,NA,159.00,2.49,35.89,38.38,NA,NA,0.39,13.63,NA,NA,NA,NA,NA,NA,NA,NA,NA,NA,NA,0.00,NA,NA,NA
2022-12-10 20:00:00,NA,161.46,2.89,39.53,42.42,NA,NA,0.47,6.52,NA,NA,NA,NA,NA,NA,NA,NA,NA,NA,NA,0.00,NA,NA,NA
2022-12-10 21:00:00,NA,168.69,5.01,40.30,45.30,NA,NA,0.65,3.91,NA,NA,NA,NA,NA,NA,NA,NA,NA,NA,NA,0.00,NA,NA,NA
2022-12-10 22:00:00,NA,187.56,13.60,39.86,53.44,NA,NA,0.84,4.08,NA,NA,NA,NA,NA,NA,NA,NA,NA,NA,NA,0.00,NA,NA,NA
2022-12-10 23:00:00,NA,222.16,30.77,48.12,78.86,NA,NA,1.18,3.98,NA,NA,NA,NA,NA,NA,NA,NA,NA,NA,NA,0.00,NA,NA,NA
2022-12-11 00:00:00,NA,258.17,47.90,55.27,103.17,NA,NA,1.48,5.65,NA,NA,NA,NA,NA,NA,NA,NA,NA,NA,NA,0.00,NA,NA,NA
2022-12-11 01:00:00,NA,282.15,40.96,58.69,99.66,NA,NA,1.35,5.52,NA,NA,NA,NA,NA,NA,NA,NA,NA,NA,NA,0.00,NA,NA,NA
2022-12-11 02:00:00,NA,247.33,23.20,54.54,77.77,NA,NA,0.85,6.75,NA,NA,NA,NA,NA,NA,NA,NA,NA,NA,NA,0.00,NA,NA,NA
2022-12-11 03:00:00,NA,202.73,8.59,43.67,52.27,NA,NA,0.57,5.75,NA,NA,NA,NA,NA,NA,NA,NA,NA,NA,NA,0.00,NA,NA,NA
2022-12-11 04:00:00,NA,160.63,4.76,36.36,41.12,NA,NA,0.47,8.02,NA,NA,NA,NA,NA,NA,NA,NA,NA,NA,NA,0.00,NA,NA,NA
2022-12-11 05:00:00,NA,172.21,5.91,33.58,39.48,NA,NA,0.44,5.51,NA,NA,NA,NA,NA,NA,NA,NA,NA,NA,NA,0.00,NA,NA,NA
2022-12-11 06:00:00,NA,191.37,17.16,33.76,50.92,NA,NA,0.51,3.90,NA,NA,NA,NA,NA,NA,NA,NA,NA,NA,NA,0.00,NA,NA,NA
2022-12-11 07:00:00,NA,179.95,22.28,36.49,58.77,NA,NA,0.49,5.10,NA,NA,NA,NA,NA,NA,NA,NA,NA,NA,NA,0.00,NA,NA,NA
2022-12-11 08:00:00,NA,200.38,17.24,39.73,56.98,NA,NA,0.53,4.88,NA,NA,NA,NA,NA,NA,NA,NA,NA,NA,NA,0.00,NA,NA,NA
2022-12-11 09:00:00,NA,189.86,10.30,38.58,48.90,NA,NA,0.38,17.51,NA,NA,NA,NA,NA,NA,NA,NA,NA,NA,NA,0.00,NA,NA,NA
2022-12-11 10:00:00,NA,220.72,7.60,31.93,39.53,NA,NA,0.27,46.87,NA,NA,NA,NA,NA,NA,NA,NA,NA,NA,NA,0.00,NA,NA,NA
2022-12-11 11:00:00,NA,NA,NA,NA,NA,NA,NA,NA,NA,NA,NA,NA,NA,NA,NA,NA,NA,NA,NA,NA,0.00,NA,NA,NA
2022-12-11 12:00:00,NA,NA,NA,NA,NA,NA,NA,NA,NA,NA,NA,NA,NA,NA,NA,NA,NA,NA,NA,NA,0.00,NA,NA,NA
2022-12-11 13:00:00,NA,NA,NA,NA,NA,NA,NA,NA,NA,NA,NA,NA,NA,NA,NA,NA,NA,NA,NA,NA,0.00,NA,NA,NA
2022-12-11 14:00:00,NA,NA,NA,NA,NA,NA,NA,NA,NA,NA,NA,NA,NA,NA,NA,NA,NA,NA,NA,NA,0.00,NA,NA,NA
2022-12-11 15:00:00,NA,NA,NA,NA,NA,NA,NA,NA,NA,NA,NA,NA,NA,NA,NA,NA,NA,NA,NA,NA,0.00,NA,NA,NA
2022-12-11 16:00:00,NA,NA,NA,NA,NA,NA,NA,NA,NA,NA,NA,NA,NA,NA,NA,NA,NA,NA,NA,NA,0.00,NA,NA,NA
2022-12-11 17:00:00,NA,NA,NA,NA,NA,NA,NA,NA,NA,NA,NA,NA,NA,NA,NA,NA,NA,NA,NA,NA,0.00,NA,NA,NA
2022-12-11 18:00:00,NA,NA,NA,NA,NA,NA,NA,NA,NA,NA,NA,NA,NA,NA,NA,NA,NA,NA,NA,NA,0.00,NA,NA,NA
2022-12-11 19:00:00,NA,NA,NA,NA,NA,NA,NA,NA,NA,NA,NA,NA,NA,NA,NA,NA,NA,NA,NA,NA,0.00,NA,NA,NA
2022-12-11 20:00:00,NA,NA,NA,NA,NA,NA,NA,NA,NA,NA,NA,NA,NA,NA,NA,NA,NA,NA,NA,NA,0.00,NA,NA,NA
2022-12-11 21:00:00,NA,NA,NA,NA,NA,NA,NA,NA,NA,NA,NA,NA,NA,NA,NA,NA,NA,NA,NA,NA,0.00,NA,NA,NA
2022-12-11 22:00:00,NA,NA,NA,NA,NA,NA,NA,NA,NA,NA,NA,NA,NA,NA,NA,NA,NA,NA,NA,NA,0.00,NA,NA,NA
2022-12-11 23:00:00,NA,NA,NA,NA,NA,NA,NA,NA,NA,NA,NA,NA,NA,NA,NA,NA,NA,NA,NA,NA,0.00,NA,NA,NA
2022-12-12 00:00:00,NA,NA,NA,NA,NA,NA,NA,NA,NA,NA,NA,NA,NA,NA,NA,NA,NA,NA,NA,NA,0.00,NA,NA,NA
2022-12-12 01:00:00,NA,NA,NA,NA,NA,NA,NA,NA,NA,NA,NA,NA,NA,NA,NA,NA,NA,NA,NA,NA,0.00,NA,NA,NA
2022-12-12 02:00:00,NA,NA,NA,NA,NA,NA,NA,NA,NA,NA,NA,NA,NA,NA,NA,NA,NA,NA,NA,NA,0.00,NA,NA,NA
2022-12-12 03:00:00,NA,NA,NA,NA,NA,NA,NA,NA,NA,NA,NA,NA,NA,NA,NA,NA,NA,NA,NA,NA,0.00,NA,NA,NA
2022-12-12 04:00:00,NA,NA,NA,NA,NA,NA,NA,NA,NA,NA,NA,NA,NA,NA,NA,NA,NA,NA,NA,NA,0.00,NA,NA,NA
2022-12-12 05:00:00,NA,NA,NA,NA,NA,NA,NA,NA,NA,NA,NA,NA,NA,NA,NA,NA,NA,NA,NA,NA,0.00,NA,NA,NA
2022-12-12 06:00:00,NA,NA,NA,NA,NA,NA,NA,NA,NA,NA,NA,NA,NA,NA,NA,NA,NA,NA,NA,NA,0.00,NA,NA,NA
2022-12-12 07:00:00,NA,NA,NA,NA,NA,NA,NA,NA,NA,NA,NA,NA,NA,NA,NA,NA,NA,NA,NA,NA,0.00,NA,NA,NA
2022-12-12 08:00:00,NA,NA,NA,NA,NA,NA,NA,NA,NA,NA,NA,NA,NA,NA,NA,NA,NA,NA,NA,NA,0.00,NA,NA,NA
2022-12-12 09:00:00,NA,NA,NA,NA,NA,NA,NA,NA,NA,NA,NA,NA,NA,NA,NA,NA,NA,NA,NA,NA,0.00,NA,NA,NA
2022-12-12 10:00:00,NA,NA,NA,NA,NA,NA,NA,NA,NA,NA,NA,NA,NA,NA,NA,NA,NA,NA,NA,NA,0.00,NA,NA,NA
2022-12-12 11:00:00,NA,NA,NA,NA,NA,NA,NA,NA,NA,NA,NA,NA,NA,NA,NA,NA,NA,NA,NA,NA,0.00,NA,NA,NA
2022-12-12 12:00:00,NA,129.53,409.42,109.23,195.84,NA,NA,0.30,71.54,NA,NA,NA,NA,NA,NA,NA,NA,NA,NA,NA,0.00,NA,NA,NA
2022-12-12 13:00:00,9.23,NA,16.69,25.04,41.71,NA,NA,0.24,86.02,NA,NA,NA,NA,NA,NA,NA,NA,NA,NA,NA,0.00,NA,NA,NA
2022-12-12 14:00:00,41.43,NA,62.70,35.27,98.03,NA,NA,0.22,102.10,NA,NA,NA,NA,NA,NA,NA,NA,NA,NA,NA,0.00,NA,NA,NA
2022-12-12 15:00:00,26.83,5.56,12.74,24.77,37.52,NA,NA,0.21,91.66,NA,NA,NA,NA,NA,NA,NA,NA,NA,NA,NA,0.00,NA,NA,NA
2022-12-12 16:00:00,26.85,9.63,3.51,22.48,25.99,NA,NA,0.18,74.74,NA,NA,NA,NA,NA,NA,NA,NA,NA,NA,NA,0.00,NA,NA,NA
2022-12-12 17:00:00,28.53,38.95,2.15,27.39,29.55,NA,NA,0.20,46.29,NA,NA,NA,NA,NA,NA,NA,NA,NA,NA,NA,0.00,NA,NA,NA
2022-12-12 18:00:00,22.00,53.89,1.94,31.45,33.39,NA,NA,0.23,32.19,NA,NA,NA,NA,NA,NA,NA,NA,NA,NA,NA,0.00,NA,NA,NA
2022-12-12 19:00:00,30.20,78.74,2.12,34.33,36.45,NA,NA,0.29,22.36,NA,NA,NA,NA,NA,NA,NA,NA,NA,NA,NA,0.00,NA,NA,NA
2022-12-12 20:00:00,71.53,89.42,5.63,46.04,51.64,NA,NA,0.45,8.68,NA,NA,NA,NA,NA,NA,NA,NA,NA,NA,NA,0.00,NA,NA,NA
2022-12-12 21:00:00,63.05,146.25,11.94,50.47,62.44,NA,NA,0.48,10.56,NA,NA,NA,NA,NA,NA,NA,NA,NA,NA,NA,0.00,NA,NA,NA
2022-12-12 22:00:00,51.17,126.00,2.24,34.28,36.52,NA,NA,0.28,28.62,NA,NA,NA,NA,NA,NA,NA,NA,NA,NA,NA,0.00,NA,NA,NA
2022-12-12 23:00:00,72.92,136.72,2.26,35.36,37.61,NA,NA,0.29,22.58,NA,NA,NA,NA,NA,NA,NA,NA,NA,NA,NA,0.00,NA,NA,NA
2022-12-13 00:00:00,75.98,156.59,2.20,33.59,35.79,NA,NA,0.25,23.63,NA,NA,NA,NA,NA,NA,NA,NA,NA,NA,NA,0.00,NA,NA,NA
2022-12-13 01:00:00,61.50,135.44,2.15,33.78,35.92,NA,NA,0.24,22.40,NA,NA,NA,NA,NA,NA,NA,NA,NA,NA,NA,0.00,NA,NA,NA
2022-12-13 02:00:00,64.77,136.19,2.22,28.05,30.27,NA,NA,0.21,29.03,NA,NA,NA,NA,NA,NA,NA,NA,NA,NA,NA,0.00,NA,NA,NA
2022-12-13 03:00:00,58.44,116.15,2.53,31.32,33.85,NA,NA,0.21,26.42,NA,NA,NA,NA,NA,NA,NA,NA,NA,NA,NA,0.00,NA,NA,NA
2022-12-13 04:00:00,57.14,90.75,2.19,25.15,27.34,NA,NA,0.19,35.88,NA,NA,NA,NA,NA,NA,NA,NA,NA,NA,NA,0.00,NA,NA,NA
2022-12-13 05:00:00,70.38,95.21,2.27,25.19,27.46,NA,NA,0.20,35.24,NA,NA,NA,NA,NA,NA,NA,NA,NA,NA,NA,0.00,NA,NA,NA
2022-12-13 06:00:00,72.62,99.73,2.23,26.15,28.38,NA,NA,0.21,35.88,NA,NA,NA,NA,NA,NA,NA,NA,NA,NA,NA,0.00,NA,NA,NA
2022-12-13 07:00:00,80.17,111.45,2.73,29.27,32.00,NA,NA,0.23,25.75,NA,NA,NA,NA,NA,NA,NA,NA,NA,NA,NA,0.00,NA,NA,NA
2022-12-13 08:00:00,73.78,117.11,4.97,31.88,36.84,NA,NA,0.26,29.37,NA,NA,NA,NA,NA,NA,NA,NA,NA,NA,NA,0.00,NA,NA,NA
2022-12-13 09:00:00,70.72,158.65,5.91,30.11,36.02,NA,NA,0.26,42.17,NA,NA,NA,NA,NA,NA,NA,NA,NA,NA,NA,0.00,NA,NA,NA
2022-12-13 10:00:00,84.59,136.58,6.07,26.99,33.05,NA,NA,0.24,57.52,NA,NA,NA,NA,NA,NA,NA,NA,NA,NA,NA,0.00,NA,NA,NA
2022-12-13 11:00:00,80.24,138.41,9.87,27.43,37.29,NA,NA,0.23,65.74,NA,NA,NA,NA,NA,NA,NA,NA,NA,NA,NA,0.00,NA,NA,NA
2022-12-13 12:00:00,58.25,131.81,8.20,24.82,33.02,NA,NA,0.19,79.94,NA,NA,NA,NA,NA,NA,NA,NA,NA,NA,NA,0.00,NA,NA,NA
2022-12-13 13:00:00,46.93,114.66,6.76,21.33,28.09,NA,NA,0.16,85.01,NA,NA,NA,NA,NA,NA,NA,NA,NA,NA,NA,0.00,NA,NA,NA
2022-12-13 14:00:00,46.87,108.93,5.24,20.29,25.53,NA,NA,0.16,91.26,NA,NA,NA,NA,NA,NA,NA,NA,NA,NA,NA,0.00,NA,NA,NA
2022-12-13 15:00:00,46.88,113.00,4.37,19.98,24.36,NA,NA,0.16,92.40,NA,NA,NA,NA,NA,NA,NA,NA,NA,NA,NA,0.00,NA,NA,NA
2022-12-13 16:00:00,39.81,122.41,3.53,20.57,24.10,NA,NA,0.14,77.59,NA,NA,NA,NA,NA,NA,NA,NA,NA,NA,NA,0.00,NA,NA,NA
2022-12-13 17:00:00,44.01,125.69,2.85,26.79,29.64,NA,NA,0.10,54.87,NA,NA,NA,NA,NA,NA,NA,NA,NA,NA,NA,0.00,NA,NA,NA
2022-12-13 18:00:00,58.73,140.57,2.71,25.79,28.50,NA,NA,0.17,51.65,NA,NA,NA,NA,NA,NA,NA,NA,NA,NA,NA,0.00,NA,NA,NA
2022-12-13 19:00:00,39.02,97.49,2.27,25.88,28.15,NA,NA,0.19,53.40,NA,NA,NA,NA,NA,NA,NA,NA,NA,NA,NA,0.00,NA,NA,NA
2022-12-13 20:00:00,35.91,103.39,2.24,25.77,28.01,NA,NA,0.22,54.40,NA,NA,NA,NA,NA,NA,NA,NA,NA,NA,NA,0.00,NA,NA,NA
2022-12-13 21:00:00,33.15,123.42,2.12,23.93,26.05,NA,NA,0.18,57.06,NA,NA,NA,NA,NA,NA,NA,NA,NA,NA,NA,0.00,NA,NA,NA
2022-12-13 22:00:00,55.68,112.26,2.14,24.89,27.03,NA,NA,0.19,51.68,NA,NA,NA,NA,NA,NA,NA,NA,NA,NA,NA,0.00,NA,NA,NA
2022-12-13 23:00:00,56.45,110.78,2.12,23.10,25.22,NA,NA,0.17,54.00,NA,NA,NA,NA,NA,NA,NA,NA,NA,NA,NA,0.00,NA,NA,NA
2022-12-14 00:00:00,51.73,92.11,2.14,21.68,23.83,NA,NA,0.16,54.73,NA,NA,NA,NA,NA,NA,NA,NA,NA,NA,NA,0.00,NA,NA,NA
2022-12-14 01:00:00,56.97,106.03,2.01,22.23,24.24,NA,NA,0.18,51.46,NA,NA,NA,NA,NA,NA,NA,NA,NA,NA,NA,0.00,NA,NA,NA
2022-12-14 02:00:00,58.32,106.80,2.18,21.59,23.77,NA,NA,0.18,48.42,NA,NA,NA,NA,NA,NA,NA,NA,NA,NA,NA,0.00,NA,NA,NA
2022-12-14 03:00:00,57.09,106.24,2.31,21.18,23.49,NA,NA,0.19,50.67,NA,NA,NA,NA,NA,NA,NA,NA,NA,NA,NA,0.00,NA,NA,NA
2022-12-14 04:00:00,57.64,104.51,2.24,22.41,24.65,NA,NA,0.19,42.47,NA,NA,NA,NA,NA,NA,NA,NA,NA,NA,NA,0.00,NA,NA,NA
2022-12-14 05:00:00,65.27,111.95,2.25,25.14,27.39,NA,NA,0.20,32.62,NA,NA,NA,NA,NA,NA,NA,NA,NA,NA,NA,0.00,NA,NA,NA
2022-12-14 06:00:00,74.18,112.21,2.32,27.69,30.01,NA,NA,0.20,22.70,NA,NA,NA,NA,NA,NA,NA,NA,NA,NA,NA,0.00,NA,NA,NA
2022-12-14 07:00:00,74.80,113.40,2.66,27.49,30.16,NA,NA,0.22,23.03,NA,NA,NA,NA,NA,NA,NA,NA,NA,NA,NA,0.00,NA,NA,NA
2022-12-14 08:00:00,73.11,120.64,6.50,33.49,39.99,NA,NA,0.29,21.95,NA,NA,NA,NA,NA,NA,NA,NA,NA,NA,NA,0.00,NA,NA,NA
2022-12-14 09:00:00,77.64,148.69,6.29,28.06,34.35,NA,NA,0.27,37.62,NA,NA,NA,NA,NA,NA,NA,NA,NA,NA,NA,0.00,NA,NA,NA
2022-12-14 10:00:00,63.18,140.70,6.27,26.33,32.59,NA,NA,0.25,51.77,NA,NA,NA,NA,NA,NA,NA,NA,NA,NA,NA,0.00,NA,NA,NA
2022-12-14 11:00:00,57.25,122.78,9.31,23.65,32.95,NA,NA,0.18,63.97,NA,NA,NA,NA,NA,NA,NA,NA,NA,NA,NA,0.00,NA,NA,NA
2022-12-14 12:00:00,39.27,100.34,7.69,19.99,27.68,NA,NA,0.13,70.30,NA,NA,NA,NA,NA,NA,NA,NA,NA,NA,NA,0.00,NA,NA,NA
2022-12-14 13:00:00,24.60,96.26,6.45,17.65,24.10,NA,NA,0.10,75.06,NA,NA,NA,NA,NA,NA,NA,NA,NA,NA,NA,0.00,NA,NA,NA
2022-12-14 14:00:00,30.97,90.03,4.98,17.63,22.62,NA,NA,0.11,75.72,NA,NA,NA,NA,NA,NA,NA,NA,NA,NA,NA,0.00,NA,NA,NA
2022-12-14 15:00:00,28.44,91.35,4.23,16.99,21.22,NA,NA,0.11,77.73,NA,NA,NA,NA,NA,NA,NA,NA,NA,NA,NA,0.00,NA,NA,NA
2022-12-14 16:00:00,32.94,75.40,3.54,17.59,21.13,NA,NA,0.10,73.53,NA,NA,NA,NA,NA,NA,NA,NA,NA,NA,NA,0.00,NA,NA,NA
2022-12-14 17:00:00,33.39,83.73,2.52,20.79,23.31,NA,NA,0.12,63.93,NA,NA,NA,NA,NA,NA,NA,NA,NA,NA,NA,0.00,NA,NA,NA
2022-12-14 18:00:00,34.36,79.58,2.24,26.26,28.50,NA,NA,0.18,49.86,NA,NA,NA,NA,NA,NA,NA,NA,NA,NA,NA,0.00,NA,NA,NA
2022-12-14 19:00:00,52.04,125.04,2.50,43.82,46.31,NA,NA,0.33,21.43,NA,NA,NA,NA,NA,NA,NA,NA,NA,NA,NA,0.00,NA,NA,NA
2022-12-14 20:00:00,78.36,171.84,4.32,56.66,60.98,NA,NA,0.52,6.74,NA,NA,NA,NA,NA,NA,NA,NA,NA,NA,NA,0.00,NA,NA,NA
2022-12-14 21:00:00,102.25,191.35,8.77,60.07,68.82,NA,NA,0.57,5.18,NA,NA,NA,NA,NA,NA,NA,NA,NA,NA,NA,0.00,NA,NA,NA
2022-12-14 22:00:00,115.54,190.46,7.86,55.28,63.15,NA,NA,0.59,6.11,NA,NA,NA,NA,NA,NA,NA,NA,NA,NA,NA,0.00,NA,NA,NA
2022-12-14 23:00:00,101.62,158.94,3.36,45.77,49.14,NA,NA,0.44,10.63,NA,NA,NA,NA,NA,NA,NA,NA,NA,NA,NA,0.00,NA,NA,NA
2022-12-15 00:00:00,102.99,151.85,18.31,55.59,73.88,NA,NA,0.42,4.83,NA,NA,NA,NA,NA,NA,NA,NA,NA,NA,NA,0.00,NA,NA,NA
2022-12-15 01:00:00,111.05,207.10,7.01,44.89,51.91,NA,NA,0.38,4.81,NA,NA,NA,NA,NA,NA,NA,NA,NA,NA,NA,0.00,NA,NA,NA
2022-12-15 02:00:00,90.83,166.88,4.01,40.28,44.29,NA,NA,0.26,7.35,NA,NA,NA,NA,NA,NA,NA,NA,NA,NA,NA,0.00,NA,NA,NA
2022-12-15 03:00:00,68.78,132.15,3.79,41.23,45.02,NA,NA,0.21,6.51,NA,NA,NA,NA,NA,NA,NA,NA,NA,NA,NA,0.00,NA,NA,NA
2022-12-15 04:00:00,58.17,106.33,2.94,37.56,40.50,NA,NA,0.18,9.63,NA,NA,NA,NA,NA,NA,NA,NA,NA,NA,NA,0.00,NA,NA,NA
2022-12-15 05:00:00,56.83,104.02,5.75,41.53,47.27,NA,NA,0.19,5.24,NA,NA,NA,NA,NA,NA,NA,NA,NA,NA,NA,0.00,NA,NA,NA
2022-12-15 06:00:00,69.12,114.03,11.64,47.84,59.48,NA,NA,0.23,4.23,NA,NA,NA,NA,NA,NA,NA,NA,NA,NA,NA,0.00,NA,NA,NA
2022-12-15 07:00:00,78.23,103.22,12.20,48.81,61.00,NA,NA,0.26,4.88,NA,NA,NA,NA,NA,NA,NA,NA,NA,NA,NA,0.00,NA,NA,NA
2022-12-15 08:00:00,83.21,101.02,12.32,46.70,59.03,NA,NA,0.31,11.78,NA,NA,NA,NA,NA,NA,NA,NA,NA,NA,NA,0.00,NA,NA,NA
2022-12-15 09:00:00,78.14,105.47,8.18,36.22,44.41,NA,NA,0.26,34.69,NA,NA,NA,NA,NA,NA,NA,NA,NA,NA,NA,0.00,NA,NA,NA
2022-12-15 10:00:00,54.14,80.72,6.27,27.57,33.84,NA,NA,0.19,56.81,NA,NA,NA,NA,NA,NA,NA,NA,NA,NA,NA,0.00,NA,NA,NA
2022-12-15 11:00:00,38.87,79.24,8.78,24.55,33.33,NA,NA,0.15,69.57,NA,NA,NA,NA,NA,NA,NA,NA,NA,NA,NA,0.00,NA,NA,NA
2022-12-15 12:00:00,43.02,104.48,7.75,23.18,30.93,NA,NA,0.09,74.39,NA,NA,NA,NA,NA,NA,NA,NA,NA,NA,NA,0.00,NA,NA,NA
2022-12-15 13:00:00,57.73,146.63,7.26,21.81,29.06,NA,NA,0.10,83.09,NA,NA,NA,NA,NA,NA,NA,NA,NA,NA,NA,0.00,NA,NA,NA
2022-12-15 14:00:00,50.34,94.39,5.54,19.43,24.97,NA,NA,0.13,93.93,NA,NA,NA,NA,NA,NA,NA,NA,NA,NA,NA,0.00,NA,NA,NA
2022-12-15 15:00:00,26.25,56.54,4.53,19.11,23.64,NA,NA,0.12,89.07,NA,NA,NA,NA,NA,NA,NA,NA,NA,NA,NA,0.00,NA,NA,NA
2022-12-15 16:00:00,26.93,78.82,3.67,19.34,23.01,NA,NA,0.12,86.48,NA,NA,NA,NA,NA,NA,NA,NA,NA,NA,NA,0.00,NA,NA,NA
2022-12-15 17:00:00,39.19,91.21,2.66,23.80,26.46,NA,NA,0.15,67.91,NA,NA,NA,NA,NA,NA,NA,NA,NA,NA,NA,0.00,NA,NA,NA
2022-12-15 18:00:00,42.32,110.21,2.41,34.74,37.15,NA,NA,0.22,38.84,NA,NA,NA,NA,NA,NA,NA,NA,NA,NA,NA,0.00,NA,NA,NA
2022-12-15 19:00:00,50.36,122.38,2.64,45.69,48.33,NA,NA,0.34,21.65,NA,NA,NA,NA,NA,NA,NA,NA,NA,NA,NA,0.00,NA,NA,NA
2022-12-15 20:00:00,80.90,144.60,3.21,43.95,47.16,NA,NA,0.40,26.88,NA,NA,NA,NA,NA,NA,NA,NA,NA,NA,NA,0.00,NA,NA,NA
2022-12-15 21:00:00,96.82,162.09,3.63,45.06,48.70,NA,NA,0.39,17.82,NA,NA,NA,NA,NA,NA,NA,NA,NA,NA,NA,0.00,NA,NA,NA
2022-12-15 22:00:00,80.68,144.11,2.57,36.76,39.33,NA,NA,0.36,25.37,NA,NA,NA,NA,NA,NA,NA,NA,NA,NA,NA,0.00,NA,NA,NA
2022-12-15 23:00:00,102.90,173.09,4.24,46.79,51.03,NA,NA,0.40,14.04,NA,NA,NA,NA,NA,NA,NA,NA,NA,NA,NA,0.00,NA,NA,NA
2022-12-16 00:00:00,98.38,190.08,3.53,47.67,51.20,NA,NA,0.41,7.03,NA,NA,NA,NA,NA,NA,NA,NA,NA,NA,NA,0.00,NA,NA,NA
2022-12-16 01:00:00,93.93,185.08,3.67,45.67,49.34,NA,NA,0.38,6.11,NA,NA,NA,NA,NA,NA,NA,NA,NA,NA,NA,0.00,NA,NA,NA
2022-12-16 02:00:00,93.53,185.66,4.51,45.62,50.13,NA,NA,0.35,5.07,NA,NA,NA,NA,NA,NA,NA,NA,NA,NA,NA,0.00,NA,NA,NA
2022-12-16 03:00:00,84.62,169.54,2.90,39.73,42.63,NA,NA,0.25,10.56,NA,NA,NA,NA,NA,NA,NA,NA,NA,NA,NA,0.00,NA,NA,NA
2022-12-16 04:00:00,71.24,128.47,2.69,30.72,33.41,NA,NA,0.20,15.83,NA,NA,NA,NA,NA,NA,NA,NA,NA,NA,NA,0.00,NA,NA,NA
2022-12-16 05:00:00,66.99,96.81,2.49,28.41,30.90,NA,NA,0.19,10.37,NA,NA,NA,NA,NA,NA,NA,NA,NA,NA,NA,0.00,NA,NA,NA
2022-12-16 06:00:00,64.36,112.55,3.51,34.49,38.01,NA,NA,0.23,5.40,NA,NA,NA,NA,NA,NA,NA,NA,NA,NA,NA,0.00,NA,NA,NA
2022-12-16 07:00:00,74.37,149.73,8.27,41.89,50.14,NA,NA,0.27,4.93,NA,NA,NA,NA,NA,NA,NA,NA,NA,NA,NA,0.00,NA,NA,NA
2022-12-16 08:00:00,89.11,161.87,14.11,46.18,60.31,NA,NA,0.34,9.58,NA,NA,NA,NA,NA,NA,NA,NA,NA,NA,NA,0.00,NA,NA,NA
2022-12-16 09:00:00,102.27,190.52,10.55,47.52,58.07,NA,NA,0.37,32.95,NA,NA,NA,NA,NA,NA,NA,NA,NA,NA,NA,0.00,NA,NA,NA
2022-12-16 10:00:00,115.43,226.19,8.70,41.69,50.39,NA,NA,0.33,48.11,NA,NA,NA,NA,NA,NA,NA,NA,NA,NA,NA,0.00,NA,NA,NA
2022-12-16 11:00:00,95.02,196.34,9.87,39.71,49.58,NA,NA,0.32,79.38,NA,NA,NA,NA,NA,NA,NA,NA,NA,NA,NA,0.00,NA,NA,NA
2022-12-16 12:00:00,90.97,225.76,8.23,33.54,41.78,NA,NA,0.27,102.18,NA,NA,NA,NA,NA,NA,NA,NA,NA,NA,NA,0.00,NA,NA,NA
2022-12-16 13:00:00,79.86,188.63,6.95,26.40,33.35,NA,NA,0.20,101.77,NA,NA,NA,NA,NA,NA,NA,NA,NA,NA,NA,0.00,NA,NA,NA
2022-12-16 14:00:00,42.53,110.80,5.37,21.83,27.20,NA,NA,0.16,86.74,NA,NA,NA,NA,NA,NA,NA,NA,NA,NA,NA,0.00,NA,NA,NA
2022-12-16 15:00:00,40.17,102.55,4.60,22.61,27.21,NA,NA,0.17,91.36,NA,NA,NA,NA,NA,NA,NA,NA,NA,NA,NA,0.00,NA,NA,NA
2022-12-16 16:00:00,44.54,102.04,3.79,22.47,26.26,NA,NA,0.16,83.12,NA,NA,NA,NA,NA,NA,NA,NA,NA,NA,NA,0.00,NA,NA,NA
2022-12-16 17:00:00,57.57,102.39,2.59,22.97,25.56,NA,NA,0.18,61.19,NA,NA,NA,NA,NA,NA,NA,NA,NA,NA,NA,0.00,NA,NA,NA
2022-12-16 18:00:00,58.66,98.64,2.32,25.81,28.13,NA,NA,0.20,30.99,NA,NA,NA,NA,NA,NA,NA,NA,NA,NA,NA,0.00,NA,NA,NA
2022-12-16 19:00:00,48.38,92.24,2.52,33.49,36.02,NA,NA,0.25,21.85,NA,NA,NA,NA,NA,NA,NA,NA,NA,NA,NA,0.00,NA,NA,NA
2022-12-16 20:00:00,64.86,107.52,3.39,38.98,42.36,NA,NA,0.33,9.19,NA,NA,NA,NA,NA,NA,NA,NA,NA,NA,NA,0.00,NA,NA,NA
2022-12-16 21:00:00,74.25,148.55,3.81,39.52,43.32,NA,NA,0.38,8.28,NA,NA,NA,NA,NA,NA,NA,NA,NA,NA,NA,0.00,NA,NA,NA
2022-12-16 22:00:00,92.29,178.55,10.23,43.35,53.58,NA,NA,0.49,3.87,NA,NA,NA,NA,NA,NA,NA,NA,NA,NA,NA,0.00,NA,NA,NA
2022-12-16 23:00:00,106.38,179.34,10.29,39.66,49.95,NA,NA,0.51,3.85,NA,NA,NA,NA,NA,NA,NA,NA,NA,NA,NA,0.00,NA,NA,NA
2022-12-17 00:00:00,110.46,201.74,12.61,40.60,53.22,NA,NA,0.62,3.89,NA,NA,NA,NA,NA,NA,NA,NA,NA,NA,NA,0.00,NA,NA,NA
2022-12-17 01:00:00,104.55,197.04,12.94,37.85,50.78,NA,NA,0.63,3.78,NA,NA,NA,NA,NA,NA,NA,NA,NA,NA,NA,0.00,NA,NA,NA
2022-12-17 02:00:00,143.63,205.85,24.68,40.07,64.73,NA,NA,0.80,3.97,NA,NA,NA,NA,NA,NA,NA,NA,NA,NA,NA,0.00,NA,NA,NA
2022-12-17 03:00:00,156.38,221.18,25.78,40.19,65.97,NA,NA,0.77,3.96,NA,NA,NA,NA,NA,NA,NA,NA,NA,NA,NA,0.00,NA,NA,NA
2022-12-17 04:00:00,148.83,221.57,23.40,35.26,58.65,NA,NA,0.69,4.34,NA,NA,NA,NA,NA,NA,NA,NA,NA,NA,NA,0.00,NA,NA,NA
2022-12-17 05:00:00,141.87,221.06,39.74,46.03,85.76,NA,NA,0.69,4.38,NA,NA,NA,NA,NA,NA,NA,NA,NA,NA,NA,0.00,NA,NA,NA
2022-12-17 06:00:00,152.96,228.48,30.34,36.77,67.13,NA,NA,0.54,3.74,NA,NA,NA,NA,NA,NA,NA,NA,NA,NA,NA,0.00,NA,NA,NA
2022-12-17 07:00:00,117.87,166.21,21.94,36.90,58.83,NA,NA,0.45,4.34,NA,NA,NA,NA,NA,NA,NA,NA,NA,NA,NA,0.00,NA,NA,NA
2022-12-17 08:00:00,117.37,191.59,24.78,54.28,79.06,NA,NA,0.51,5.79,NA,NA,NA,NA,NA,NA,NA,NA,NA,NA,NA,0.00,NA,NA,NA
2022-12-17 09:00:00,133.43,216.35,16.72,65.45,82.17,NA,NA,0.51,15.10,NA,NA,NA,NA,NA,NA,NA,NA,NA,NA,NA,0.00,NA,NA,NA
2022-12-17 10:00:00,146.68,261.64,9.31,52.58,61.88,NA,NA,0.45,49.10,NA,NA,NA,NA,NA,NA,NA,NA,NA,NA,NA,0.00,NA,NA,NA
2022-12-17 11:00:00,113.20,218.34,9.54,37.69,47.22,NA,NA,0.32,84.03,NA,NA,NA,NA,NA,NA,NA,NA,NA,NA,NA,0.00,NA,NA,NA
2022-12-17 12:00:00,84.96,207.99,8.33,32.67,41.01,NA,NA,0.20,92.21,NA,NA,NA,NA,NA,NA,NA,NA,NA,NA,NA,0.00,NA,NA,NA
2022-12-17 13:00:00,101.68,205.16,8.10,31.04,39.14,NA,NA,0.14,87.54,NA,NA,NA,NA,NA,NA,NA,NA,NA,NA,NA,0.00,NA,NA,NA
2022-12-17 14:00:00,98.50,144.26,6.32,23.68,30.00,NA,NA,0.19,98.37,NA,NA,NA,NA,NA,NA,NA,NA,NA,NA,NA,0.00,NA,NA,NA
2022-12-17 15:00:00,42.97,89.47,4.70,21.26,25.96,NA,NA,0.17,95.01,NA,NA,NA,NA,NA,NA,NA,NA,NA,NA,NA,0.00,NA,NA,NA
2022-12-17 16:00:00,50.91,105.67,3.68,24.08,27.76,NA,NA,0.14,90.22,NA,NA,NA,NA,NA,NA,NA,NA,NA,NA,NA,0.00,NA,NA,NA
2022-12-17 17:00:00,90.03,175.82,3.34,27.23,30.57,NA,NA,0.21,64.43,NA,NA,NA,NA,NA,NA,NA,NA,NA,NA,NA,0.00,NA,NA,NA
2022-12-17 18:00:00,82.24,128.35,2.76,30.35,33.10,NA,NA,0.26,34.85,NA,NA,NA,NA,NA,NA,NA,NA,NA,NA,NA,0.00,NA,NA,NA
2022-12-17 19:00:00,78.37,125.07,2.74,35.26,38.00,NA,NA,0.35,17.88,NA,NA,NA,NA,NA,NA,NA,NA,NA,NA,NA,0.00,NA,NA,NA
2022-12-17 20:00:00,97.20,158.32,2.86,39.00,41.85,NA,NA,0.45,9.00,NA,NA,NA,NA,NA,NA,NA,NA,NA,NA,NA,0.00,NA,NA,NA
2022-12-17 21:00:00,102.95,174.26,4.69,51.49,56.18,NA,NA,0.50,5.60,NA,NA,NA,NA,NA,NA,NA,NA,NA,NA,NA,0.00,NA,NA,NA
2022-12-17 22:00:00,97.42,200.67,4.75,46.10,50.85,NA,NA,0.48,5.01,NA,NA,NA,NA,NA,NA,NA,NA,NA,NA,NA,0.00,NA,NA,NA
2022-12-17 23:00:00,117.93,194.53,5.09,37.05,42.14,NA,NA,0.47,7.06,NA,NA,NA,NA,NA,NA,NA,NA,NA,NA,NA,0.00,NA,NA,NA
2022-12-18 00:00:00,144.67,223.24,24.76,43.73,68.53,NA,NA,0.93,4.57,NA,NA,NA,NA,NA,NA,NA,NA,NA,NA,NA,0.00,NA,NA,NA
2022-12-18 01:00:00,205.38,314.50,37.94,47.19,85.13,NA,NA,1.13,4.28,NA,NA,NA,NA,NA,NA,NA,NA,NA,NA,NA,0.00,NA,NA,NA
2022-12-18 02:00:00,178.52,261.45,39.78,49.26,89.03,NA,NA,1.01,4.08,NA,NA,NA,NA,NA,NA,NA,NA,NA,NA,NA,0.00,NA,NA,NA
2022-12-18 03:00:00,143.06,233.17,23.56,52.30,75.83,NA,NA,0.71,4.01,NA,NA,NA,NA,NA,NA,NA,NA,NA,NA,NA,0.00,NA,NA,NA
2022-12-18 04:00:00,129.09,237.60,14.85,44.46,59.31,NA,NA,0.61,3.57,NA,NA,NA,NA,NA,NA,NA,NA,NA,NA,NA,0.00,NA,NA,NA
2022-12-18 05:00:00,139.69,217.03,15.28,33.87,49.15,NA,NA,0.56,3.67,NA,NA,NA,NA,NA,NA,NA,NA,NA,NA,NA,0.00,NA,NA,NA
2022-12-18 06:00:00,142.37,196.90,16.97,32.88,49.86,NA,NA,0.52,3.71,NA,NA,NA,NA,NA,NA,NA,NA,NA,NA,NA,0.00,NA,NA,NA
2022-12-18 07:00:00,123.85,179.47,15.05,29.01,44.04,NA,NA,0.48,3.95,NA,NA,NA,NA,NA,NA,NA,NA,NA,NA,NA,0.00,NA,NA,NA
2022-12-18 08:00:00,120.00,156.40,13.43,32.14,45.57,NA,NA,0.55,5.14,NA,NA,NA,NA,NA,NA,NA,NA,NA,NA,NA,0.00,NA,NA,NA
2022-12-18 09:00:00,143.57,203.51,11.77,50.44,62.20,NA,NA,0.67,12.64,NA,NA,NA,NA,NA,NA,NA,NA,NA,NA,NA,0.00,NA,NA,NA
2022-12-18 10:00:00,159.93,276.65,8.20,48.73,56.93,NA,NA,0.48,42.75,NA,NA,NA,NA,NA,NA,NA,NA,NA,NA,NA,0.00,NA,NA,NA
2022-12-18 11:00:00,142.13,249.27,9.14,36.59,45.74,NA,NA,0.39,75.33,NA,NA,NA,NA,NA,NA,NA,NA,NA,NA,NA,0.00,NA,NA,NA
2022-12-18 12:00:00,143.43,234.10,8.38,31.80,40.18,NA,NA,0.40,96.28,NA,NA,NA,NA,NA,NA,NA,NA,NA,NA,NA,0.00,NA,NA,NA
2022-12-18 13:00:00,173.27,243.08,7.11,27.92,35.03,NA,NA,0.37,110.84,NA,NA,NA,NA,NA,NA,NA,NA,NA,NA,NA,0.00,NA,NA,NA
2022-12-18 14:00:00,148.72,215.76,5.68,25.33,31.00,NA,NA,0.34,110.73,NA,NA,NA,NA,NA,NA,NA,NA,NA,NA,NA,0.00,NA,NA,NA
2022-12-18 15:00:00,116.72,177.22,4.77,23.32,28.09,NA,NA,0.31,108.46,NA,NA,NA,NA,NA,NA,NA,NA,NA,NA,NA,0.00,NA,NA,NA
2022-12-18 16:00:00,132.93,193.01,3.73,25.34,29.07,NA,NA,0.35,102.58,NA,NA,NA,NA,NA,NA,NA,NA,NA,NA,NA,0.00,NA,NA,NA
2022-12-18 17:00:00,141.91,207.85,2.63,27.10,29.72,NA,NA,0.36,79.13,NA,NA,NA,NA,NA,NA,NA,NA,NA,NA,NA,0.00,NA,NA,NA
2022-12-18 18:00:00,147.87,196.27,2.57,27.86,30.43,NA,NA,0.38,43.14,NA,NA,NA,NA,NA,NA,NA,NA,NA,NA,NA,0.00,NA,NA,NA
2022-12-18 19:00:00,151.70,239.30,2.60,29.72,32.33,NA,NA,0.54,21.38,NA,NA,NA,NA,NA,NA,NA,NA,NA,NA,NA,0.00,NA,NA,NA
2022-12-18 20:00:00,260.61,318.12,2.89,33.86,36.75,NA,NA,0.86,9.13,NA,NA,NA,NA,NA,NA,NA,NA,NA,NA,NA,0.00,NA,NA,NA
2022-12-18 21:00:00,303.15,388.07,4.47,39.44,43.92,NA,NA,1.05,4.74,NA,NA,NA,NA,NA,NA,NA,NA,NA,NA,NA,0.00,NA,NA,NA
2022-12-18 22:00:00,285.92,412.12,9.84,38.66,48.50,NA,NA,1.22,3.88,NA,NA,NA,NA,NA,NA,NA,NA,NA,NA,NA,0.00,NA,NA,NA
2022-12-18 23:00:00,288.54,382.50,11.26,35.86,47.13,NA,NA,1.11,3.81,NA,NA,NA,NA,NA,NA,NA,NA,NA,NA,NA,0.00,NA,NA,NA
2022-12-19 00:00:00,278.34,338.51,16.96,34.60,51.56,NA,NA,1.14,3.85,NA,NA,NA,NA,NA,NA,NA,NA,NA,NA,NA,0.00,NA,NA,NA
2022-12-19 01:00:00,267.57,280.52,27.84,35.32,63.17,NA,NA,1.46,3.98,NA,NA,NA,NA,NA,NA,NA,NA,NA,NA,NA,0.00,NA,NA,NA
2022-12-19 02:00:00,289.17,313.65,25.89,31.71,57.58,NA,NA,1.50,3.92,NA,NA,NA,NA,NA,NA,NA,NA,NA,NA,NA,0.00,NA,NA,NA
2022-12-19 03:00:00,295.15,400.50,27.01,41.12,68.18,NA,NA,1.48,4.37,NA,NA,NA,NA,NA,NA,NA,NA,NA,NA,NA,0.00,NA,NA,NA
2022-12-19 04:00:00,280.89,394.70,26.26,43.44,69.68,NA,NA,1.29,4.06,NA,NA,NA,NA,NA,NA,NA,NA,NA,NA,NA,0.00,NA,NA,NA
2022-12-19 05:00:00,258.45,373.03,23.29,39.27,62.51,NA,NA,0.99,3.74,NA,NA,NA,NA,NA,NA,NA,NA,NA,NA,NA,0.00,NA,NA,NA
2022-12-19 06:00:00,282.29,389.80,22.68,27.20,49.86,NA,NA,1.14,4.19,NA,NA,NA,NA,NA,NA,NA,NA,NA,NA,NA,0.00,NA,NA,NA
2022-12-19 07:00:00,234.48,316.45,14.76,23.44,38.17,NA,NA,0.85,4.03,NA,NA,NA,NA,NA,NA,NA,NA,NA,NA,NA,0.00,NA,NA,NA
2022-12-19 08:00:00,178.61,257.33,10.05,22.65,32.78,NA,NA,0.68,4.67,NA,NA,NA,NA,NA,NA,NA,NA,NA,NA,NA,0.00,NA,NA,NA
2022-12-19 09:00:00,172.77,317.84,19.43,55.43,74.88,NA,NA,0.90,10.56,NA,NA,NA,NA,NA,NA,NA,NA,NA,NA,NA,0.00,NA,NA,NA
2022-12-19 10:00:00,268.44,377.23,11.87,56.66,68.55,NA,NA,0.87,27.63,NA,NA,NA,NA,NA,NA,NA,NA,NA,NA,NA,0.00,NA,NA,NA
2022-12-19 11:00:00,269.99,358.58,10.74,46.80,57.48,NA,NA,0.64,63.75,NA,NA,NA,NA,NA,NA,NA,NA,NA,NA,NA,0.00,NA,NA,NA
2022-12-19 12:00:00,193.18,302.89,8.87,35.85,44.70,NA,NA,0.51,100.09,NA,NA,NA,NA,NA,NA,NA,NA,NA,NA,NA,0.00,NA,NA,NA
2022-12-19 13:00:00,167.79,261.63,7.45,29.43,36.85,NA,NA,0.44,117.74,NA,NA,NA,NA,NA,NA,NA,NA,NA,NA,NA,0.00,NA,NA,NA
2022-12-19 14:00:00,114.06,180.19,6.21,27.40,33.62,NA,NA,0.36,110.89,NA,NA,NA,NA,NA,NA,NA,NA,NA,NA,NA,0.00,NA,NA,NA
2022-12-19 15:00:00,142.51,200.28,5.09,29.65,34.72,NA,NA,0.37,110.67,NA,NA,NA,NA,NA,NA,NA,NA,NA,NA,NA,0.00,NA,NA,NA
2022-12-19 16:00:00,124.74,195.68,3.90,29.94,33.84,NA,NA,0.35,104.33,NA,NA,NA,NA,NA,NA,NA,NA,NA,NA,NA,0.00,NA,NA,NA
2022-12-19 17:00:00,127.65,206.28,3.01,31.04,34.06,NA,NA,0.39,75.60,NA,NA,NA,NA,NA,NA,NA,NA,NA,NA,NA,0.00,NA,NA,NA
2022-12-19 18:00:00,140.62,211.04,2.96,36.59,39.56,NA,NA,0.50,36.78,NA,NA,NA,NA,NA,NA,NA,NA,NA,NA,NA,0.00,NA,NA,NA
2022-12-19 19:00:00,194.73,276.37,2.96,37.42,40.38,NA,NA,0.67,27.68,NA,NA,NA,NA,NA,NA,NA,NA,NA,NA,NA,0.00,NA,NA,NA
2022-12-19 20:00:00,203.11,317.24,3.04,38.35,41.40,NA,NA,0.80,10.99,NA,NA,NA,NA,NA,NA,NA,NA,NA,NA,NA,0.00,NA,NA,NA
2022-12-19 21:00:00,240.47,339.56,5.39,44.28,49.68,NA,NA,1.00,7.48,NA,NA,NA,NA,NA,NA,NA,NA,NA,NA,NA,0.00,NA,NA,NA
2022-12-19 22:00:00,232.84,318.50,10.25,46.52,56.81,NA,NA,1.20,4.16,NA,NA,NA,NA,NA,NA,NA,NA,NA,NA,NA,0.00,NA,NA,NA
2022-12-19 23:00:00,242.30,365.23,19.60,45.58,65.15,NA,NA,1.31,4.98,NA,NA,NA,NA,NA,NA,NA,NA,NA,NA,NA,0.00,NA,NA,NA
2022-12-20 00:00:00,218.30,327.25,11.44,38.67,50.12,NA,NA,1.19,4.14,NA,NA,NA,NA,NA,NA,NA,NA,NA,NA,NA,0.00,NA,NA,NA
2022-12-20 01:00:00,242.63,343.99,10.85,38.29,49.13,NA,NA,1.16,3.50,NA,NA,NA,NA,NA,NA,NA,NA,NA,NA,NA,0.00,NA,NA,NA
2022-12-20 02:00:00,251.05,342.79,19.25,44.91,64.16,NA,NA,1.24,4.09,NA,NA,NA,NA,NA,NA,NA,NA,NA,NA,NA,0.00,NA,NA,NA
2022-12-20 03:00:00,256.14,351.75,23.68,48.32,72.00,NA,NA,1.12,4.03,NA,NA,NA,NA,NA,NA,NA,NA,NA,NA,NA,0.00,NA,NA,NA
2022-12-20 04:00:00,244.52,395.53,12.20,44.85,57.06,NA,NA,0.92,4.14,NA,NA,NA,NA,NA,NA,NA,NA,NA,NA,NA,0.00,NA,NA,NA
2022-12-20 05:00:00,232.25,320.63,10.32,37.64,47.97,NA,NA,0.84,4.60,NA,NA,NA,NA,NA,NA,NA,NA,NA,NA,NA,0.00,NA,NA,NA
2022-12-20 06:00:00,139.14,208.00,3.83,34.42,38.25,NA,NA,0.65,14.19,NA,NA,NA,NA,NA,NA,NA,NA,NA,NA,NA,0.00,NA,NA,NA
2022-12-20 07:00:00,139.66,237.30,6.38,35.47,41.85,NA,NA,0.58,14.56,NA,NA,NA,NA,NA,NA,NA,NA,NA,NA,NA,0.00,NA,NA,NA
2022-12-20 08:00:00,124.73,219.79,5.91,38.83,44.73,NA,NA,0.65,12.89,NA,NA,NA,NA,NA,NA,NA,NA,NA,NA,NA,0.00,NA,NA,NA
2022-12-20 09:00:00,175.34,254.57,11.28,44.70,55.97,NA,NA,0.74,14.18,NA,NA,NA,NA,NA,NA,NA,NA,NA,NA,NA,0.00,NA,NA,NA
2022-12-20 10:00:00,192.37,299.33,12.53,53.46,66.00,NA,NA,0.77,26.55,NA,NA,NA,NA,NA,NA,NA,NA,NA,NA,NA,0.00,NA,NA,NA
2022-12-20 11:00:00,192.87,268.89,14.22,42.72,56.89,NA,NA,0.55,59.40,NA,NA,NA,NA,NA,NA,NA,NA,NA,NA,NA,0.00,NA,NA,NA
2022-12-20 12:00:00,178.46,192.48,32.65,40.67,73.33,NA,NA,0.51,55.60,NA,NA,NA,NA,NA,NA,NA,NA,NA,NA,NA,0.00,NA,NA,NA
2022-12-20 13:00:00,183.69,206.83,39.24,39.35,78.64,NA,NA,0.38,60.49,NA,NA,NA,NA,NA,NA,NA,NA,NA,NA,NA,0.00,NA,NA,NA
2022-12-20 14:00:00,118.37,148.72,15.45,32.18,47.62,NA,NA,0.47,57.74,NA,NA,NA,NA,NA,NA,NA,NA,NA,NA,NA,0.00,NA,NA,NA
2022-12-20 15:00:00,121.83,176.44,17.49,34.90,52.39,NA,NA,0.37,74.28,NA,NA,NA,NA,NA,NA,NA,NA,NA,NA,NA,0.00,NA,NA,NA
2022-12-20 16:00:00,145.72,215.40,12.96,38.97,51.96,NA,NA,0.47,77.79,NA,NA,NA,NA,NA,NA,NA,NA,NA,NA,NA,0.00,NA,NA,NA
2022-12-20 17:00:00,173.46,257.12,3.38,45.85,49.23,NA,NA,0.57,49.50,NA,NA,NA,NA,NA,NA,NA,NA,NA,NA,NA,0.00,NA,NA,NA
2022-12-20 18:00:00,166.61,279.79,3.04,42.66,45.70,NA,NA,0.60,30.35,NA,NA,NA,NA,NA,NA,NA,NA,NA,NA,NA,0.00,NA,NA,NA
2022-12-20 19:00:00,164.04,249.78,3.00,38.73,41.73,NA,NA,0.67,13.34,NA,NA,NA,NA,NA,NA,NA,NA,NA,NA,NA,0.00,NA,NA,NA
2022-12-20 20:00:00,173.26,237.18,4.51,48.19,52.69,NA,NA,0.95,3.39,NA,NA,NA,NA,NA,NA,NA,NA,NA,NA,NA,0.00,NA,NA,NA
2022-12-20 21:00:00,217.50,307.43,11.39,53.54,64.92,NA,NA,1.38,3.48,NA,NA,NA,NA,NA,NA,NA,NA,NA,NA,NA,0.00,NA,NA,NA
2022-12-20 22:00:00,226.69,358.46,19.06,45.83,64.88,NA,NA,1.67,1.04,NA,NA,NA,NA,NA,NA,NA,NA,NA,NA,NA,0.00,NA,NA,NA
2022-12-20 23:00:00,222.14,318.61,21.84,41.56,63.40,NA,NA,1.78,2.59,NA,NA,NA,NA,NA,NA,NA,NA,NA,NA,NA,0.00,NA,NA,NA
2022-12-21 00:00:00,198.61,282.04,21.02,39.67,60.70,NA,NA,1.53,3.05,NA,NA,NA,NA,NA,NA,NA,NA,NA,NA,NA,0.00,NA,NA,NA
2022-12-21 01:00:00,221.35,310.68,27.31,39.79,67.08,NA,NA,1.32,0.60,NA,NA,NA,NA,NA,NA,NA,NA,NA,NA,NA,0.00,NA,NA,NA
2022-12-21 02:00:00,208.50,283.84,27.90,35.45,63.35,NA,NA,1.37,2.00,NA,NA,NA,NA,NA,NA,NA,NA,NA,NA,NA,0.00,NA,NA,NA
2022-12-21 03:00:00,154.93,217.53,20.79,39.64,60.45,NA,NA,1.05,6.55,NA,NA,NA,NA,NA,NA,NA,NA,NA,NA,NA,0.00,NA,NA,NA
2022-12-21 04:00:00,103.04,142.80,9.04,40.00,49.04,NA,NA,0.66,2.58,NA,NA,NA,NA,NA,NA,NA,NA,NA,NA,NA,0.00,NA,NA,NA
2022-12-21 05:00:00,85.60,158.42,7.80,38.46,46.27,NA,NA,0.53,1.61,NA,NA,NA,NA,NA,NA,NA,NA,NA,NA,NA,0.00,NA,NA,NA
2022-12-21 06:00:00,92.81,135.91,12.50,38.20,50.69,NA,NA,0.51,17.54,NA,NA,NA,NA,NA,NA,NA,NA,NA,NA,NA,0.00,NA,NA,NA
2022-12-21 07:00:00,98.15,134.88,19.17,38.59,57.76,NA,NA,0.51,3.50,NA,NA,NA,NA,NA,NA,NA,NA,NA,NA,NA,0.00,NA,NA,NA
2022-12-21 08:00:00,92.27,126.98,14.66,35.11,49.76,NA,NA,0.52,7.70,NA,NA,NA,NA,NA,NA,NA,NA,NA,NA,NA,0.00,NA,NA,NA
2022-12-21 09:00:00,112.83,160.76,19.23,42.17,61.40,NA,NA,0.70,6.31,NA,NA,NA,NA,NA,NA,NA,NA,NA,NA,NA,0.00,NA,NA,NA
2022-12-21 10:00:00,170.48,233.11,19.31,59.94,79.25,NA,NA,0.98,10.77,NA,NA,NA,NA,NA,NA,NA,NA,NA,NA,NA,0.00,NA,NA,NA
2022-12-21 11:00:00,242.19,339.24,18.32,68.47,86.78,NA,NA,0.88,22.56,NA,NA,NA,NA,NA,NA,NA,NA,NA,NA,NA,0.00,NA,NA,NA
2022-12-21 12:00:00,264.09,343.36,18.14,60.29,78.43,NA,NA,0.66,27.00,NA,NA,NA,NA,NA,NA,NA,NA,NA,NA,NA,0.00,NA,NA,NA
2022-12-21 13:00:00,211.47,286.84,13.32,57.32,70.65,NA,NA,0.53,36.54,NA,NA,NA,NA,NA,NA,NA,NA,NA,NA,NA,0.00,NA,NA,NA
2022-12-21 14:00:00,196.20,322.41,9.56,59.40,68.96,NA,NA,0.82,54.06,NA,NA,NA,NA,NA,NA,NA,NA,NA,NA,NA,0.00,NA,NA,NA
2022-12-21 15:00:00,304.15,516.71,6.28,57.59,63.87,NA,NA,0.92,71.89,NA,NA,NA,NA,NA,NA,NA,NA,NA,NA,NA,0.00,NA,NA,NA
2022-12-21 16:00:00,280.42,485.46,4.58,49.61,54.19,NA,NA,0.72,66.92,NA,NA,NA,NA,NA,NA,NA,NA,NA,NA,NA,0.00,NA,NA,NA
2022-12-21 17:00:00,268.19,413.72,3.73,55.64,59.38,NA,NA,0.69,32.34,NA,NA,NA,NA,NA,NA,NA,NA,NA,NA,NA,0.00,NA,NA,NA
2022-12-21 18:00:00,253.80,417.31,3.39,54.56,57.95,NA,NA,0.86,11.35,NA,NA,NA,NA,NA,NA,NA,NA,NA,NA,NA,0.00,NA,NA,NA
2022-12-21 19:00:00,231.62,448.75,4.30,54.39,58.69,NA,NA,0.97,3.65,NA,NA,NA,NA,NA,NA,NA,NA,NA,NA,NA,0.00,NA,NA,NA
2022-12-21 20:00:00,196.55,409.08,9.59,48.40,57.96,NA,NA,1.04,0.67,NA,NA,NA,NA,NA,NA,NA,NA,NA,NA,NA,0.00,NA,NA,NA
2022-12-21 21:00:00,198.56,377.09,27.84,49.14,76.95,NA,NA,1.26,0.75,NA,NA,NA,NA,NA,NA,NA,NA,NA,NA,NA,0.00,NA,NA,NA
2022-12-21 22:00:00,207.64,381.66,38.91,46.89,85.82,NA,NA,1.50,0.83,NA,NA,NA,NA,NA,NA,NA,NA,NA,NA,NA,0.00,NA,NA,NA
2022-12-21 23:00:00,204.35,451.32,26.85,44.63,71.49,NA,NA,1.37,0.83,NA,NA,NA,NA,NA,NA,NA,NA,NA,NA,NA,0.00,NA,NA,NA
2022-12-22 00:00:00,201.83,454.76,19.45,43.35,62.81,NA,NA,1.13,1.84,NA,NA,NA,NA,NA,NA,NA,NA,NA,NA,NA,0.00,NA,NA,NA
2022-12-22 01:00:00,212.58,392.60,13.39,38.56,51.95,NA,NA,0.94,0.64,NA,NA,NA,NA,NA,NA,NA,NA,NA,NA,NA,0.00,NA,NA,NA
2022-12-22 02:00:00,180.30,294.64,16.68,35.24,51.90,NA,NA,0.86,3.78,NA,NA,NA,NA,NA,NA,NA,NA,NA,NA,NA,0.00,NA,NA,NA
2022-12-22 03:00:00,150.21,227.38,19.47,37.33,56.82,NA,NA,0.68,1.80,NA,NA,NA,NA,NA,NA,NA,NA,NA,NA,NA,0.00,NA,NA,NA
2022-12-22 04:00:00,105.76,194.23,15.87,35.31,51.17,NA,NA,0.51,0.75,NA,NA,NA,NA,NA,NA,NA,NA,NA,NA,NA,0.00,NA,NA,NA
2022-12-22 05:00:00,101.65,173.38,9.35,32.11,41.48,NA,NA,0.38,1.00,NA,NA,NA,NA,NA,NA,NA,NA,NA,NA,NA,0.00,NA,NA,NA
2022-12-22 06:00:00,88.36,121.54,4.32,29.25,33.57,NA,NA,0.28,1.65,NA,NA,NA,NA,NA,NA,NA,NA,NA,NA,NA,0.00,NA,NA,NA
2022-12-22 07:00:00,78.16,108.36,5.76,28.97,34.73,NA,NA,0.30,1.57,NA,NA,NA,NA,NA,NA,NA,NA,NA,NA,NA,0.00,NA,NA,NA
2022-12-22 08:00:00,79.25,128.07,9.11,28.85,37.96,NA,NA,0.35,2.36,NA,NA,NA,NA,NA,NA,NA,NA,NA,NA,NA,0.00,NA,NA,NA
2022-12-22 09:00:00,95.02,158.30,13.87,33.98,47.84,NA,NA,0.47,3.66,NA,NA,NA,NA,NA,NA,NA,NA,NA,NA,NA,0.00,NA,NA,NA
2022-12-22 10:00:00,125.53,208.73,16.05,42.86,58.91,NA,NA,0.55,9.45,NA,NA,NA,NA,NA,NA,NA,NA,NA,NA,NA,0.00,NA,NA,NA
2022-12-22 11:00:00,166.94,252.29,15.82,41.87,57.68,NA,NA,0.57,19.24,NA,NA,NA,NA,NA,NA,NA,NA,NA,NA,NA,0.00,NA,NA,NA
2022-12-22 12:00:00,163.41,242.80,13.20,41.43,54.64,NA,NA,0.54,33.05,NA,NA,NA,NA,NA,NA,NA,NA,NA,NA,NA,0.00,NA,NA,NA
2022-12-22 13:00:00,151.70,233.55,10.02,39.02,49.04,NA,NA,0.53,50.79,NA,NA,NA,NA,NA,NA,NA,NA,NA,NA,NA,0.00,NA,NA,NA
2022-12-22 14:00:00,169.55,241.77,7.73,34.50,42.23,NA,NA,0.40,59.65,NA,NA,NA,NA,NA,NA,NA,NA,NA,NA,NA,0.00,NA,NA,NA
2022-12-22 15:00:00,170.06,263.82,6.05,32.60,38.65,NA,NA,0.33,61.60,NA,NA,NA,NA,NA,NA,NA,NA,NA,NA,NA,0.00,NA,NA,NA
2022-12-22 16:00:00,175.93,275.54,5.15,36.90,42.05,NA,NA,0.40,54.20,NA,NA,NA,NA,NA,NA,NA,NA,NA,NA,NA,0.00,NA,NA,NA
2022-12-22 17:00:00,NA,NA,NA,NA,NA,NA,NA,NA,NA,NA,NA,NA,NA,NA,NA,NA,NA,NA,NA,NA,0.00,NA,NA,NA
2022-12-22 18:00:00,NA,NA,NA,NA,NA,NA,NA,NA,NA,NA,NA,NA,NA,NA,NA,NA,NA,NA,NA,NA,0.00,NA,NA,NA
2022-12-22 19:00:00,NA,NA,NA,NA,NA,NA,NA,NA,NA,NA,NA,NA,NA,NA,NA,NA,NA,NA,NA,NA,0.00,NA,NA,NA
2022-12-22 20:00:00,NA,NA,NA,NA,NA,NA,NA,NA,NA,NA,NA,NA,NA,NA,NA,NA,NA,NA,NA,NA,0.00,NA,NA,NA
2022-12-22 21:00:00,NA,NA,NA,NA,NA,NA,NA,NA,NA,NA,NA,NA,NA,NA,NA,NA,NA,NA,NA,NA,0.00,NA,NA,NA
2022-12-22 22:00:00,NA,NA,NA,NA,NA,NA,NA,NA,NA,NA,NA,NA,NA,NA,NA,NA,NA,NA,NA,NA,0.00,NA,NA,NA
2022-12-22 23:00:00,NA,NA,NA,NA,NA,NA,NA,NA,NA,NA,NA,NA,NA,NA,NA,NA,NA,NA,NA,NA,0.00,NA,NA,NA
2022-12-23 00:00:00,NA,NA,NA,NA,NA,NA,NA,NA,NA,NA,NA,NA,NA,NA,NA,NA,NA,NA,NA,NA,0.00,NA,NA,NA
2022-12-23 01:00:00,NA,NA,NA,NA,NA,NA,NA,NA,NA,NA,NA,NA,NA,NA,NA,NA,NA,NA,NA,NA,0.00,NA,NA,NA
2022-12-23 02:00:00,NA,NA,NA,NA,NA,NA,NA,NA,NA,NA,NA,NA,NA,NA,NA,NA,NA,NA,NA,NA,0.00,NA,NA,NA
2022-12-23 03:00:00,NA,NA,NA,NA,NA,NA,NA,NA,NA,NA,NA,NA,NA,NA,NA,NA,NA,NA,NA,NA,0.00,NA,NA,NA
2022-12-23 04:00:00,NA,NA,NA,NA,NA,NA,NA,NA,NA,NA,NA,NA,NA,NA,NA,NA,NA,NA,NA,NA,0.00,NA,NA,NA
2022-12-23 05:00:00,NA,NA,NA,NA,NA,NA,NA,NA,NA,NA,NA,NA,NA,NA,NA,NA,NA,NA,NA,NA,0.00,NA,NA,NA
2022-12-23 06:00:00,108.70,125.16,7.25,38.11,45.35,NA,NA,0.60,0.31,NA,NA,NA,NA,NA,NA,NA,NA,NA,NA,NA,0.00,NA,NA,NA
2022-12-23 07:00:00,91.12,109.66,6.62,36.07,42.68,NA,NA,0.60,1.33,NA,NA,NA,NA,NA,NA,NA,NA,NA,NA,NA,0.00,NA,NA,NA
2022-12-23 08:00:00,91.66,114.96,13.04,36.10,49.13,NA,NA,0.67,1.77,NA,NA,NA,NA,NA,NA,NA,NA,NA,NA,NA,0.00,NA,NA,NA
2022-12-23 09:00:00,103.87,144.95,19.55,40.75,60.29,NA,NA,0.88,3.23,NA,NA,NA,NA,NA,NA,NA,NA,NA,NA,NA,0.00,NA,NA,NA
2022-12-23 10:00:00,NA,NA,NA,NA,NA,NA,NA,NA,NA,NA,NA,NA,NA,NA,NA,NA,NA,NA,NA,NA,0.00,NA,NA,NA
2022-12-23 11:00:00,NA,NA,NA,NA,NA,NA,NA,NA,NA,NA,NA,NA,NA,NA,NA,NA,NA,NA,NA,NA,0.00,NA,NA,NA
2022-12-23 12:00:00,NA,NA,NA,NA,NA,NA,NA,NA,NA,NA,NA,NA,NA,NA,NA,NA,NA,NA,NA,NA,0.00,NA,NA,NA
2022-12-23 13:00:00,NA,NA,NA,NA,NA,NA,NA,NA,NA,NA,NA,NA,NA,NA,NA,NA,NA,NA,NA,NA,0.00,NA,NA,NA
2022-12-23 14:00:00,148.42,249.66,7.44,49.38,56.86,NA,NA,3.06,34.56,NA,NA,NA,NA,NA,NA,NA,NA,NA,NA,NA,0.00,NA,NA,NA
2022-12-23 15:00:00,74.89,125.22,3.92,25.38,29.30,NA,NA,0.20,67.60,NA,NA,NA,NA,NA,NA,NA,NA,NA,NA,NA,0.00,NA,NA,NA
2022-12-23 16:00:00,104.26,163.38,3.40,28.21,31.61,NA,NA,0.33,59.09,NA,NA,NA,NA,NA,NA,NA,NA,NA,NA,NA,0.00,NA,NA,NA
2022-12-23 17:00:00,151.55,250.11,3.48,45.31,48.79,NA,NA,0.92,37.66,NA,NA,NA,NA,NA,NA,NA,NA,NA,NA,NA,0.00,NA,NA,NA
2022-12-23 18:00:00,261.28,396.89,3.70,58.91,62.61,NA,NA,1.50,10.80,NA,NA,NA,NA,NA,NA,NA,NA,NA,NA,NA,0.00,NA,NA,NA
2022-12-23 19:00:00,289.91,469.80,7.72,65.73,73.45,NA,NA,1.92,2.17,NA,NA,NA,NA,NA,NA,NA,NA,NA,NA,NA,0.00,NA,NA,NA
2022-12-23 20:00:00,288.25,451.69,20.02,68.41,88.41,NA,NA,2.40,1.62,NA,NA,NA,NA,NA,NA,NA,NA,NA,NA,NA,0.00,NA,NA,NA
2022-12-23 21:00:00,295.34,459.04,44.36,70.02,114.34,NA,NA,3.20,2.31,NA,NA,NA,NA,NA,NA,NA,NA,NA,NA,NA,0.00,NA,NA,NA
2022-12-23 22:00:00,302.20,458.41,58.92,59.36,118.27,NA,NA,3.25,1.09,NA,NA,NA,NA,NA,NA,NA,NA,NA,NA,NA,0.00,NA,NA,NA
2022-12-23 23:00:00,308.52,478.85,63.89,57.60,121.48,NA,NA,3.39,1.28,NA,NA,NA,NA,NA,NA,NA,NA,NA,NA,NA,0.00,NA,NA,NA
2022-12-24 00:00:00,304.83,451.37,62.23,52.31,114.55,NA,NA,3.17,0.99,NA,NA,NA,NA,NA,NA,NA,NA,NA,NA,NA,0.00,NA,NA,NA
2022-12-24 01:00:00,283.69,442.36,47.62,50.82,98.47,NA,NA,2.28,0.73,NA,NA,NA,NA,NA,NA,NA,NA,NA,NA,NA,0.00,NA,NA,NA
2022-12-24 02:00:00,267.28,361.07,44.45,46.23,90.68,NA,NA,1.76,0.91,NA,NA,NA,NA,NA,NA,NA,NA,NA,NA,NA,0.00,NA,NA,NA
2022-12-24 03:00:00,230.25,363.81,51.82,46.34,98.15,NA,NA,1.56,1.06,NA,NA,NA,NA,NA,NA,NA,NA,NA,NA,NA,0.00,NA,NA,NA
2022-12-24 04:00:00,216.32,347.01,48.75,41.46,90.23,NA,NA,1.45,1.11,NA,NA,NA,NA,NA,NA,NA,NA,NA,NA,NA,0.00,NA,NA,NA
2022-12-24 05:00:00,205.19,303.11,31.75,35.16,66.93,NA,NA,1.10,0.48,NA,NA,NA,NA,NA,NA,NA,NA,NA,NA,NA,0.00,NA,NA,NA
2022-12-24 06:00:00,199.29,287.64,22.99,32.76,55.75,NA,NA,0.91,0.70,NA,NA,NA,NA,NA,NA,NA,NA,NA,NA,NA,0.00,NA,NA,NA
2022-12-24 07:00:00,177.03,253.31,20.88,32.28,53.13,NA,NA,0.74,1.30,NA,NA,NA,NA,NA,NA,NA,NA,NA,NA,NA,0.00,NA,NA,NA
2022-12-24 08:00:00,152.99,216.47,36.73,38.08,74.82,NA,NA,0.96,1.46,NA,NA,NA,NA,NA,NA,NA,NA,NA,NA,NA,0.00,NA,NA,NA
2022-12-24 09:00:00,147.50,205.60,15.21,44.98,60.22,NA,NA,0.65,8.48,NA,NA,NA,NA,NA,NA,NA,NA,NA,NA,NA,0.00,NA,NA,NA
2022-12-24 10:00:00,92.88,131.56,9.06,37.48,46.55,NA,NA,0.36,28.24,NA,NA,NA,NA,NA,NA,NA,NA,NA,NA,NA,0.00,NA,NA,NA
2022-12-24 11:00:00,95.29,167.66,9.93,34.18,44.10,NA,NA,0.33,39.18,NA,NA,NA,NA,NA,NA,NA,NA,NA,NA,NA,0.00,NA,NA,NA
2022-12-24 12:00:00,NA,NA,NA,NA,NA,NA,NA,NA,NA,NA,NA,NA,NA,NA,NA,NA,NA,NA,NA,NA,0.00,NA,NA,NA
2022-12-24 13:00:00,NA,NA,NA,NA,NA,NA,NA,NA,NA,NA,NA,NA,NA,NA,NA,NA,NA,NA,NA,NA,0.00,NA,NA,NA
2022-12-24 14:00:00,NA,NA,NA,NA,NA,NA,NA,NA,NA,NA,NA,NA,NA,NA,NA,NA,NA,NA,NA,NA,0.00,NA,NA,NA
2022-12-24 15:00:00,NA,NA,NA,NA,NA,NA,NA,NA,NA,NA,NA,NA,NA,NA,NA,NA,NA,NA,NA,NA,0.00,NA,NA,NA
2022-12-24 16:00:00,NA,NA,NA,NA,NA,NA,NA,NA,NA,NA,NA,NA,NA,NA,NA,NA,NA,NA,NA,NA,0.00,NA,NA,NA
2022-12-24 17:00:00,NA,NA,NA,NA,NA,NA,NA,NA,NA,NA,NA,NA,NA,NA,NA,NA,NA,NA,NA,NA,0.00,NA,NA,NA
2022-12-24 18:00:00,62.90,151.12,308.37,85.45,189.23,NA,NA,1.39,14.17,NA,NA,NA,NA,NA,NA,NA,NA,NA,NA,NA,0.00,NA,NA,NA
2022-12-24 19:00:00,NA,0.49,4.28,30.07,34.33,NA,NA,0.77,13.35,NA,NA,NA,NA,NA,NA,NA,NA,NA,NA,NA,0.00,NA,NA,NA
2022-12-24 20:00:00,46.68,36.53,2.08,34.35,36.43,NA,NA,0.76,8.01,NA,NA,NA,NA,NA,NA,NA,NA,NA,NA,NA,0.00,NA,NA,NA
2022-12-24 21:00:00,51.89,95.90,1.99,30.61,32.60,NA,NA,0.58,14.46,NA,NA,NA,NA,NA,NA,NA,NA,NA,NA,NA,0.00,NA,NA,NA
2022-12-24 22:00:00,73.67,92.77,2.27,32.39,34.66,NA,NA,0.61,8.40,NA,NA,NA,NA,NA,NA,NA,NA,NA,NA,NA,0.00,NA,NA,NA
2022-12-24 23:00:00,89.89,122.17,2.52,30.17,32.68,NA,NA,0.49,8.06,NA,NA,NA,NA,NA,NA,NA,NA,NA,NA,NA,0.00,NA,NA,NA
2022-12-25 00:00:00,81.08,126.92,2.46,29.71,32.17,NA,NA,0.41,5.60,NA,NA,NA,NA,NA,NA,NA,NA,NA,NA,NA,0.00,NA,NA,NA
2022-12-25 01:00:00,84.70,189.70,2.45,29.09,31.54,NA,NA,0.44,3.25,NA,NA,NA,NA,NA,NA,NA,NA,NA,NA,NA,0.00,NA,NA,NA
2022-12-25 02:00:00,94.19,201.96,2.62,29.49,32.11,NA,NA,0.47,2.88,NA,NA,NA,NA,NA,NA,NA,NA,NA,NA,NA,0.00,NA,NA,NA
2022-12-25 03:00:00,89.74,206.05,2.70,30.92,33.63,NA,NA,0.43,2.83,NA,NA,NA,NA,NA,NA,NA,NA,NA,NA,NA,0.00,NA,NA,NA
2022-12-25 04:00:00,86.05,170.85,2.66,28.88,31.53,NA,NA,0.36,4.88,NA,NA,NA,NA,NA,NA,NA,NA,NA,NA,NA,0.00,NA,NA,NA
2022-12-25 05:00:00,97.01,183.01,2.65,26.05,28.69,NA,NA,0.33,10.89,NA,NA,NA,NA,NA,NA,NA,NA,NA,NA,NA,0.00,NA,NA,NA
2022-12-25 06:00:00,96.55,220.48,2.46,23.49,25.95,NA,NA,0.34,9.20,NA,NA,NA,NA,NA,NA,NA,NA,NA,NA,NA,0.00,NA,NA,NA
2022-12-25 07:00:00,91.23,179.85,3.48,23.74,27.26,NA,NA,0.36,9.47,NA,NA,NA,NA,NA,NA,NA,NA,NA,NA,NA,0.00,NA,NA,NA
2022-12-25 08:00:00,94.04,170.35,5.72,25.80,31.49,NA,NA,0.45,7.14,NA,NA,NA,NA,NA,NA,NA,NA,NA,NA,NA,0.00,NA,NA,NA
2022-12-25 09:00:00,95.22,179.82,5.18,24.55,29.74,NA,NA,0.47,10.79,NA,NA,NA,NA,NA,NA,NA,NA,NA,NA,NA,0.00,NA,NA,NA
2022-12-25 10:00:00,120.06,178.40,7.59,27.50,35.09,NA,NA,0.59,18.85,NA,NA,NA,NA,NA,NA,NA,NA,NA,NA,NA,0.00,NA,NA,NA
2022-12-25 11:00:00,162.00,224.49,9.67,26.76,36.43,NA,NA,0.60,23.50,NA,NA,NA,NA,NA,NA,NA,NA,NA,NA,NA,0.00,NA,NA,NA
2022-12-25 12:00:00,143.84,225.05,9.73,25.81,35.55,NA,NA,0.59,38.18,NA,NA,NA,NA,NA,NA,NA,NA,NA,NA,NA,0.00,NA,NA,NA
2022-12-25 13:00:00,162.63,243.78,8.94,27.03,35.96,NA,NA,0.57,42.32,NA,NA,NA,NA,NA,NA,NA,NA,NA,NA,NA,0.00,NA,NA,NA
2022-12-25 14:00:00,182.70,234.83,7.35,27.02,34.36,NA,NA,0.54,45.12,NA,NA,NA,NA,NA,NA,NA,NA,NA,NA,NA,0.00,NA,NA,NA
2022-12-25 15:00:00,150.21,244.09,5.37,23.64,29.00,NA,NA,0.39,54.63,NA,NA,NA,NA,NA,NA,NA,NA,NA,NA,NA,0.00,NA,NA,NA
2022-12-25 16:00:00,116.73,171.23,4.09,23.42,27.51,NA,NA,0.41,52.49,NA,NA,NA,NA,NA,NA,NA,NA,NA,NA,NA,0.00,NA,NA,NA
2022-12-25 17:00:00,118.60,179.28,3.06,27.80,30.88,NA,NA,0.52,36.84,NA,NA,NA,NA,NA,NA,NA,NA,NA,NA,NA,0.00,NA,NA,NA
2022-12-25 18:00:00,142.52,209.42,2.75,32.50,35.25,NA,NA,0.70,17.65,NA,NA,NA,NA,NA,NA,NA,NA,NA,NA,NA,0.00,NA,NA,NA
2022-12-25 19:00:00,157.22,226.91,3.03,36.58,39.63,NA,NA,1.01,7.22,NA,NA,NA,NA,NA,NA,NA,NA,NA,NA,NA,0.00,NA,NA,NA
2022-12-25 20:00:00,193.15,290.58,5.07,40.85,45.94,NA,NA,1.36,1.94,NA,NA,NA,NA,NA,NA,NA,NA,NA,NA,NA,0.00,NA,NA,NA
2022-12-25 21:00:00,200.48,264.99,5.25,40.04,45.27,NA,NA,1.14,2.32,NA,NA,NA,NA,NA,NA,NA,NA,NA,NA,NA,0.00,NA,NA,NA
2022-12-25 22:00:00,168.72,226.95,3.36,33.92,37.26,NA,NA,0.82,4.39,NA,NA,NA,NA,NA,NA,NA,NA,NA,NA,NA,0.00,NA,NA,NA
2022-12-25 23:00:00,156.16,205.05,3.18,29.92,33.10,NA,NA,0.86,2.30,NA,NA,NA,NA,NA,NA,NA,NA,NA,NA,NA,0.00,NA,NA,NA
2022-12-26 00:00:00,143.87,248.96,3.43,29.99,33.42,NA,NA,0.83,1.24,NA,NA,NA,NA,NA,NA,NA,NA,NA,NA,NA,0.00,NA,NA,NA
2022-12-26 01:00:00,140.16,239.31,4.18,28.08,32.26,NA,NA,0.80,0.88,NA,NA,NA,NA,NA,NA,NA,NA,NA,NA,NA,0.00,NA,NA,NA
2022-12-26 02:00:00,135.80,204.70,3.87,27.30,31.17,NA,NA,0.68,4.76,NA,NA,NA,NA,NA,NA,NA,NA,NA,NA,NA,0.00,NA,NA,NA
2022-12-26 03:00:00,136.49,190.87,3.04,28.39,31.43,NA,NA,0.53,2.69,NA,NA,NA,NA,NA,NA,NA,NA,NA,NA,NA,0.00,NA,NA,NA
2022-12-26 04:00:00,118.26,159.01,2.88,25.38,28.25,NA,NA,0.47,4.70,NA,NA,NA,NA,NA,NA,NA,NA,NA,NA,NA,0.00,NA,NA,NA
2022-12-26 05:00:00,78.26,87.24,2.73,25.06,27.80,NA,NA,0.48,4.06,NA,NA,NA,NA,NA,NA,NA,NA,NA,NA,NA,0.00,NA,NA,NA
2022-12-26 06:00:00,85.96,103.11,2.93,27.29,30.22,NA,NA,0.49,2.31,NA,NA,NA,NA,NA,NA,NA,NA,NA,NA,NA,0.00,NA,NA,NA
2022-12-26 07:00:00,99.12,149.19,3.89,27.06,30.95,NA,NA,0.49,3.41,NA,NA,NA,NA,NA,NA,NA,NA,NA,NA,NA,0.00,NA,NA,NA
2022-12-26 08:00:00,81.86,131.43,6.83,27.34,34.16,NA,NA,0.50,4.19,NA,NA,NA,NA,NA,NA,NA,NA,NA,NA,NA,0.00,NA,NA,NA
2022-12-26 09:00:00,82.31,132.29,9.43,28.21,37.64,NA,NA,0.51,3.17,NA,NA,NA,NA,NA,NA,NA,NA,NA,NA,NA,0.00,NA,NA,NA
2022-12-26 10:00:00,91.98,166.42,11.87,30.06,41.94,NA,NA,0.60,5.90,NA,NA,NA,NA,NA,NA,NA,NA,NA,NA,NA,0.00,NA,NA,NA
2022-12-26 11:00:00,108.38,176.51,13.61,38.05,51.67,NA,NA,0.78,5.02,NA,NA,NA,NA,NA,NA,NA,NA,NA,NA,NA,0.00,NA,NA,NA
2022-12-26 12:00:00,150.74,226.99,14.95,46.16,61.11,NA,NA,0.86,12.30,NA,NA,NA,NA,NA,NA,NA,NA,NA,NA,NA,0.00,NA,NA,NA
2022-12-26 13:00:00,197.40,286.36,13.60,44.32,57.92,NA,NA,0.89,25.20,NA,NA,NA,NA,NA,NA,NA,NA,NA,NA,NA,0.00,NA,NA,NA
2022-12-26 14:00:00,228.99,299.86,10.14,44.05,54.20,NA,NA,0.94,33.36,NA,NA,NA,NA,NA,NA,NA,NA,NA,NA,NA,0.00,NA,NA,NA
2022-12-26 15:00:00,227.57,281.76,7.79,43.68,51.47,NA,NA,0.95,33.57,NA,NA,NA,NA,NA,NA,NA,NA,NA,NA,NA,0.00,NA,NA,NA
2022-12-26 16:00:00,206.55,294.12,5.85,41.23,47.09,NA,NA,0.87,25.33,NA,NA,NA,NA,NA,NA,NA,NA,NA,NA,NA,0.00,NA,NA,NA
2022-12-26 17:00:00,193.71,290.89,4.09,42.93,47.03,NA,NA,0.81,11.96,NA,NA,NA,NA,NA,NA,NA,NA,NA,NA,NA,0.00,NA,NA,NA
2022-12-26 18:00:00,160.17,250.11,3.00,36.00,38.99,NA,NA,0.72,5.56,NA,NA,NA,NA,NA,NA,NA,NA,NA,NA,NA,0.00,NA,NA,NA
2022-12-26 19:00:00,153.57,231.15,4.70,33.60,38.30,NA,NA,0.92,1.20,NA,NA,NA,NA,NA,NA,NA,NA,NA,NA,NA,0.00,NA,NA,NA
2022-12-26 20:00:00,156.14,263.01,16.23,29.70,45.92,NA,NA,1.02,2.02,NA,NA,NA,NA,NA,NA,NA,NA,NA,NA,NA,0.00,NA,NA,NA
2022-12-26 21:00:00,157.77,252.22,27.79,30.65,58.42,NA,NA,1.43,1.04,NA,NA,NA,NA,NA,NA,NA,NA,NA,NA,NA,0.00,NA,NA,NA
2022-12-26 22:00:00,177.24,271.43,25.49,32.98,58.48,NA,NA,1.64,0.86,NA,NA,NA,NA,NA,NA,NA,NA,NA,NA,NA,0.00,NA,NA,NA
2022-12-26 23:00:00,165.35,258.71,18.10,31.38,49.50,NA,NA,1.38,1.50,NA,NA,NA,NA,NA,NA,NA,NA,NA,NA,NA,0.00,NA,NA,NA
2022-12-27 00:00:00,130.14,241.54,28.73,33.38,62.12,NA,NA,1.28,1.42,NA,NA,NA,NA,NA,NA,NA,NA,NA,NA,NA,0.00,NA,NA,NA
2022-12-27 01:00:00,129.35,186.41,4.78,30.06,34.85,NA,NA,0.78,1.64,NA,NA,NA,NA,NA,NA,NA,NA,NA,NA,NA,0.00,NA,NA,NA
2022-12-27 02:00:00,102.30,137.26,3.73,28.91,32.65,NA,NA,0.73,1.60,NA,NA,NA,NA,NA,NA,NA,NA,NA,NA,NA,0.00,NA,NA,NA
2022-12-27 03:00:00,100.11,129.84,2.97,26.43,29.40,NA,NA,0.75,3.64,NA,NA,NA,NA,NA,NA,NA,NA,NA,NA,NA,0.00,NA,NA,NA
2022-12-27 04:00:00,81.26,108.71,2.90,25.27,28.17,NA,NA,0.71,5.82,NA,NA,NA,NA,NA,NA,NA,NA,NA,NA,NA,0.00,NA,NA,NA
2022-12-27 05:00:00,76.09,101.47,2.83,25.19,28.02,NA,NA,0.75,6.87,NA,NA,NA,NA,NA,NA,NA,NA,NA,NA,NA,0.00,NA,NA,NA
2022-12-27 06:00:00,83.90,96.42,2.90,24.85,27.76,NA,NA,0.75,5.83,NA,NA,NA,NA,NA,NA,NA,NA,NA,NA,NA,0.00,NA,NA,NA
2022-12-27 07:00:00,91.83,108.89,3.45,26.47,29.92,NA,NA,0.80,4.01,NA,NA,NA,NA,NA,NA,NA,NA,NA,NA,NA,0.00,NA,NA,NA
2022-12-27 08:00:00,94.26,112.12,6.39,26.90,33.28,NA,NA,0.85,4.36,NA,NA,NA,NA,NA,NA,NA,NA,NA,NA,NA,0.00,NA,NA,NA
2022-12-27 09:00:00,111.32,160.99,10.07,28.45,38.52,NA,NA,0.95,5.70,NA,NA,NA,NA,NA,NA,NA,NA,NA,NA,NA,0.00,NA,NA,NA
2022-12-27 10:00:00,120.55,148.61,13.19,33.30,46.49,NA,NA,1.05,8.83,NA,NA,NA,NA,NA,NA,NA,NA,NA,NA,NA,0.00,NA,NA,NA
2022-12-27 11:00:00,134.10,174.63,13.74,37.58,51.31,NA,NA,1.03,19.68,NA,NA,NA,NA,NA,NA,NA,NA,NA,NA,NA,0.00,NA,NA,NA
2022-12-27 12:00:00,136.29,165.64,10.58,30.43,41.01,NA,NA,0.84,40.86,NA,NA,NA,NA,NA,NA,NA,NA,NA,NA,NA,0.00,NA,NA,NA
2022-12-27 13:00:00,112.38,155.59,8.97,28.73,37.70,NA,NA,0.72,53.74,NA,NA,NA,NA,NA,NA,NA,NA,NA,NA,NA,0.00,NA,NA,NA
2022-12-27 14:00:00,115.78,129.03,6.78,25.87,32.66,NA,NA,0.64,64.05,NA,NA,NA,NA,NA,NA,NA,NA,NA,NA,NA,0.00,NA,NA,NA
2022-12-27 15:00:00,118.87,157.54,5.44,26.31,31.75,NA,NA,0.62,69.85,NA,NA,NA,NA,NA,NA,NA,NA,NA,NA,NA,0.00,NA,NA,NA
2022-12-27 16:00:00,114.78,155.66,4.21,26.49,30.70,NA,NA,0.57,71.45,NA,NA,NA,NA,NA,NA,NA,NA,NA,NA,NA,0.00,NA,NA,NA
2022-12-27 17:00:00,124.60,169.24,2.96,29.82,32.79,NA,NA,0.66,56.66,NA,NA,NA,NA,NA,NA,NA,NA,NA,NA,NA,0.00,NA,NA,NA
2022-12-27 18:00:00,134.18,183.65,2.65,38.59,41.24,NA,NA,0.82,32.52,NA,NA,NA,NA,NA,NA,NA,NA,NA,NA,NA,0.00,NA,NA,NA
2022-12-27 19:00:00,159.73,207.50,2.90,39.61,42.51,NA,NA,0.92,32.43,NA,NA,NA,NA,NA,NA,NA,NA,NA,NA,NA,0.00,NA,NA,NA
2022-12-27 20:00:00,145.58,211.00,2.75,34.71,37.46,NA,NA,0.77,39.03,NA,NA,NA,NA,NA,NA,NA,NA,NA,NA,NA,0.00,NA,NA,NA
2022-12-27 21:00:00,119.09,183.63,2.72,33.79,36.51,NA,NA,0.68,33.12,NA,NA,NA,NA,NA,NA,NA,NA,NA,NA,NA,0.00,NA,NA,NA
2022-12-27 22:00:00,116.78,156.77,2.71,29.24,31.95,NA,NA,0.56,41.49,NA,NA,NA,NA,NA,NA,NA,NA,NA,NA,NA,0.00,NA,NA,NA
2022-12-27 23:00:00,130.24,157.00,2.79,31.84,34.63,NA,NA,0.61,28.48,NA,NA,NA,NA,NA,NA,NA,NA,NA,NA,NA,0.00,NA,NA,NA
2022-12-28 00:00:00,131.24,162.95,2.75,31.09,33.84,NA,NA,0.56,24.85,NA,NA,NA,NA,NA,NA,NA,NA,NA,NA,NA,0.00,NA,NA,NA
2022-12-28 01:00:00,123.61,171.63,2.80,31.53,34.33,NA,NA,0.57,23.29,NA,NA,NA,NA,NA,NA,NA,NA,NA,NA,NA,0.00,NA,NA,NA
2022-12-28 02:00:00,110.13,158.88,2.68,28.44,31.12,NA,NA,0.54,27.38,NA,NA,NA,NA,NA,NA,NA,NA,NA,NA,NA,0.00,NA,NA,NA
2022-12-28 03:00:00,116.02,155.68,2.75,25.23,27.98,NA,NA,0.52,25.94,NA,NA,NA,NA,NA,NA,NA,NA,NA,NA,NA,0.00,NA,NA,NA
2022-12-28 04:00:00,112.59,149.52,2.71,21.62,24.32,NA,NA,0.51,32.46,NA,NA,NA,NA,NA,NA,NA,NA,NA,NA,NA,0.00,NA,NA,NA
2022-12-28 05:00:00,110.53,144.35,2.66,21.73,24.40,NA,NA,0.58,30.83,NA,NA,NA,NA,NA,NA,NA,NA,NA,NA,NA,0.00,NA,NA,NA
2022-12-28 06:00:00,133.12,151.49,2.50,21.45,23.94,NA,NA,0.59,29.08,NA,NA,NA,NA,NA,NA,NA,NA,NA,NA,NA,0.00,NA,NA,NA
2022-12-28 07:00:00,139.83,176.28,2.96,27.55,30.52,NA,NA,0.64,12.98,NA,NA,NA,NA,NA,NA,NA,NA,NA,NA,NA,0.00,NA,NA,NA
2022-12-28 08:00:00,144.83,192.68,4.75,28.84,33.59,NA,NA,0.73,17.79,NA,NA,NA,NA,NA,NA,NA,NA,NA,NA,NA,0.00,NA,NA,NA
2022-12-28 09:00:00,136.96,187.25,5.63,26.27,31.90,NA,NA,0.72,30.90,NA,NA,NA,NA,NA,NA,NA,NA,NA,NA,NA,0.00,NA,NA,NA
2022-12-28 10:00:00,121.63,165.78,6.34,25.70,32.04,NA,NA,0.64,43.87,NA,NA,NA,NA,NA,NA,NA,NA,NA,NA,NA,0.00,NA,NA,NA
2022-12-28 11:00:00,95.81,144.74,7.86,23.12,30.97,NA,NA,0.44,59.48,NA,NA,NA,NA,NA,NA,NA,NA,NA,NA,NA,0.00,NA,NA,NA
2022-12-28 12:00:00,93.15,150.19,13.05,25.47,38.14,NA,NA,0.39,45.60,NA,NA,NA,NA,NA,NA,NA,NA,NA,NA,NA,0.00,NA,NA,NA
2022-12-28 13:00:00,108.72,176.31,8.03,23.35,31.38,NA,NA,0.31,42.36,NA,NA,NA,NA,NA,NA,NA,NA,NA,NA,NA,0.00,NA,NA,NA
2022-12-28 14:00:00,110.22,163.74,6.10,20.69,26.79,NA,NA,0.23,62.93,NA,NA,NA,NA,NA,NA,NA,NA,NA,NA,NA,0.00,NA,NA,NA
2022-12-28 15:00:00,69.95,116.81,4.97,20.26,25.23,NA,NA,0.18,70.23,NA,NA,NA,NA,NA,NA,NA,NA,NA,NA,NA,0.00,NA,NA,NA
2022-12-28 16:00:00,56.06,108.69,4.04,20.68,24.72,NA,NA,0.15,70.52,NA,NA,NA,NA,NA,NA,NA,NA,NA,NA,NA,0.00,NA,NA,NA
2022-12-28 17:00:00,63.41,109.36,2.86,24.56,27.42,NA,NA,0.19,61.20,NA,NA,NA,NA,NA,NA,NA,NA,NA,NA,NA,0.00,NA,NA,NA
2022-12-28 18:00:00,69.60,119.06,2.59,32.33,34.92,NA,NA,0.32,40.81,NA,NA,NA,NA,NA,NA,NA,NA,NA,NA,NA,0.00,NA,NA,NA
2022-12-28 19:00:00,100.47,172.79,3.02,48.23,51.25,NA,NA,0.64,11.80,NA,NA,NA,NA,NA,NA,NA,NA,NA,NA,NA,0.00,NA,NA,NA
2022-12-28 20:00:00,105.97,196.09,2.97,41.48,44.45,NA,NA,0.61,15.10,NA,NA,NA,NA,NA,NA,NA,NA,NA,NA,NA,0.00,NA,NA,NA
2022-12-28 21:00:00,109.78,178.21,9.45,54.96,64.42,NA,NA,0.84,4.24,NA,NA,NA,NA,NA,NA,NA,NA,NA,NA,NA,0.00,NA,NA,NA
2022-12-28 22:00:00,129.35,225.38,13.98,53.11,67.08,NA,NA,1.05,6.63,NA,NA,NA,NA,NA,NA,NA,NA,NA,NA,NA,0.00,NA,NA,NA
2022-12-28 23:00:00,131.99,181.86,12.05,50.46,62.55,NA,NA,0.99,7.40,NA,NA,NA,NA,NA,NA,NA,NA,NA,NA,NA,0.00,NA,NA,NA
2022-12-29 00:00:00,182.72,253.27,20.46,54.58,75.01,NA,NA,1.29,2.98,NA,NA,NA,NA,NA,NA,NA,NA,NA,NA,NA,0.00,NA,NA,NA
2022-12-29 01:00:00,130.25,200.16,2.91,31.32,34.22,NA,NA,0.46,25.63,NA,NA,NA,NA,NA,NA,NA,NA,NA,NA,NA,0.00,NA,NA,NA
2022-12-29 02:00:00,120.12,175.70,8.60,43.24,51.85,NA,NA,0.62,11.07,NA,NA,NA,NA,NA,NA,NA,NA,NA,NA,NA,0.00,NA,NA,NA
2022-12-29 03:00:00,123.94,182.98,8.03,47.32,55.33,NA,NA,0.66,1.61,NA,NA,NA,NA,NA,NA,NA,NA,NA,NA,NA,0.00,NA,NA,NA
2022-12-29 04:00:00,116.71,174.79,4.16,43.20,47.36,NA,NA,0.63,3.35,NA,NA,NA,NA,NA,NA,NA,NA,NA,NA,NA,0.00,NA,NA,NA
2022-12-29 05:00:00,122.47,157.19,3.59,42.68,46.28,NA,NA,0.50,5.26,NA,NA,NA,NA,NA,NA,NA,NA,NA,NA,NA,0.00,NA,NA,NA
2022-12-29 06:00:00,131.83,171.96,3.42,42.13,45.54,NA,NA,0.54,6.61,NA,NA,NA,NA,NA,NA,NA,NA,NA,NA,NA,0.00,NA,NA,NA
2022-12-29 07:00:00,139.75,189.77,4.63,43.64,48.28,NA,NA,0.57,5.02,NA,NA,NA,NA,NA,NA,NA,NA,NA,NA,NA,0.00,NA,NA,NA
2022-12-29 08:00:00,134.72,194.54,6.82,42.68,49.50,NA,NA,0.60,16.57,NA,NA,NA,NA,NA,NA,NA,NA,NA,NA,NA,0.00,NA,NA,NA
2022-12-29 09:00:00,129.48,176.61,5.69,33.85,39.53,NA,NA,0.51,34.93,NA,NA,NA,NA,NA,NA,NA,NA,NA,NA,NA,0.00,NA,NA,NA
2022-12-29 10:00:00,115.78,171.59,6.40,32.06,38.46,NA,NA,0.45,50.70,NA,NA,NA,NA,NA,NA,NA,NA,NA,NA,NA,0.00,NA,NA,NA
2022-12-29 11:00:00,95.08,152.93,7.41,31.33,38.72,NA,NA,0.42,58.66,NA,NA,NA,NA,NA,NA,NA,NA,NA,NA,NA,0.00,NA,NA,NA
2022-12-29 12:00:00,75.33,158.01,7.30,25.22,32.51,NA,NA,0.24,66.47,NA,NA,NA,NA,NA,NA,NA,NA,NA,NA,NA,0.00,NA,NA,NA
2022-12-29 13:00:00,49.83,110.66,7.07,22.58,29.64,NA,NA,0.12,69.67,NA,NA,NA,NA,NA,NA,NA,NA,NA,NA,NA,0.00,NA,NA,NA
2022-12-29 14:00:00,34.39,85.06,4.18,21.88,26.06,NA,NA,0.10,75.18,NA,NA,NA,NA,NA,NA,NA,NA,NA,NA,NA,0.00,NA,NA,NA
2022-12-29 15:00:00,54.83,118.30,3.15,26.01,29.17,NA,NA,0.18,72.97,NA,NA,NA,NA,NA,NA,NA,NA,NA,NA,NA,0.00,NA,NA,NA
2022-12-29 16:00:00,53.47,117.21,3.52,32.33,35.87,NA,NA,0.20,53.73,NA,NA,NA,NA,NA,NA,NA,NA,NA,NA,NA,0.00,NA,NA,NA
2022-12-29 17:00:00,94.83,169.82,2.98,42.98,45.97,NA,NA,0.50,46.01,NA,NA,NA,NA,NA,NA,NA,NA,NA,NA,NA,0.00,NA,NA,NA
2022-12-29 18:00:00,174.91,265.56,2.82,39.89,42.71,NA,NA,0.78,62.06,NA,NA,NA,NA,NA,NA,NA,NA,NA,NA,NA,0.00,NA,NA,NA
2022-12-29 19:00:00,250.38,348.14,2.89,33.57,36.45,NA,NA,1.10,49.96,NA,NA,NA,NA,NA,NA,NA,NA,NA,NA,NA,0.00,NA,NA,NA
2022-12-29 20:00:00,242.85,326.48,2.90,35.64,38.54,NA,NA,1.35,34.93,NA,NA,NA,NA,NA,NA,NA,NA,NA,NA,NA,0.00,NA,NA,NA
2022-12-29 21:00:00,289.27,359.80,2.87,35.93,38.79,NA,NA,1.54,20.74,NA,NA,NA,NA,NA,NA,NA,NA,NA,NA,NA,0.00,NA,NA,NA
2022-12-29 22:00:00,288.55,356.50,2.87,32.55,35.40,NA,NA,1.39,18.60,NA,NA,NA,NA,NA,NA,NA,NA,NA,NA,NA,0.00,NA,NA,NA
2022-12-29 23:00:00,236.80,284.58,2.84,29.93,32.77,NA,NA,0.96,48.83,NA,NA,NA,NA,NA,NA,NA,NA,NA,NA,NA,0.00,NA,NA,NA
2022-12-30 00:00:00,222.28,284.27,2.77,31.35,34.13,NA,NA,1.12,30.05,NA,NA,NA,NA,NA,NA,NA,NA,NA,NA,NA,0.00,NA,NA,NA
2022-12-30 01:00:00,265.89,373.19,3.13,38.26,41.39,NA,NA,1.48,6.20,NA,NA,NA,NA,NA,NA,NA,NA,NA,NA,NA,0.00,NA,NA,NA
2022-12-30 02:00:00,292.32,381.16,3.35,35.03,38.36,NA,NA,1.45,4.85,NA,NA,NA,NA,NA,NA,NA,NA,NA,NA,NA,0.00,NA,NA,NA
2022-12-30 03:00:00,264.35,375.66,3.05,28.26,31.31,NA,NA,1.31,10.15,NA,NA,NA,NA,NA,NA,NA,NA,NA,NA,NA,0.00,NA,NA,NA
2022-12-30 04:00:00,237.87,333.84,2.75,26.88,29.61,NA,NA,1.18,16.55,NA,NA,NA,NA,NA,NA,NA,NA,NA,NA,NA,0.00,NA,NA,NA
2022-12-30 05:00:00,233.46,282.16,2.77,25.48,28.25,NA,NA,1.09,22.14,NA,NA,NA,NA,NA,NA,NA,NA,NA,NA,NA,0.00,NA,NA,NA
2022-12-30 06:00:00,277.26,338.51,2.78,25.83,28.61,NA,NA,1.20,16.74,NA,NA,NA,NA,NA,NA,NA,NA,NA,NA,NA,0.00,NA,NA,NA
2022-12-30 07:00:00,262.50,349.35,2.95,26.13,29.08,NA,NA,1.20,10.38,NA,NA,NA,NA,NA,NA,NA,NA,NA,NA,NA,0.00,NA,NA,NA
2022-12-30 08:00:00,232.71,294.92,3.29,23.53,26.81,NA,NA,1.04,21.45,NA,NA,NA,NA,NA,NA,NA,NA,NA,NA,NA,0.00,NA,NA,NA
2022-12-30 09:00:00,215.27,258.38,4.26,21.82,26.07,NA,NA,0.98,39.57,NA,NA,NA,NA,NA,NA,NA,NA,NA,NA,NA,0.00,NA,NA,NA
2022-12-30 10:00:00,225.25,280.58,5.11,21.59,26.70,NA,NA,0.90,54.81,NA,NA,NA,NA,NA,NA,NA,NA,NA,NA,NA,0.00,NA,NA,NA
2022-12-30 11:00:00,192.49,228.99,6.02,21.92,27.94,NA,NA,0.68,65.04,NA,NA,NA,NA,NA,NA,NA,NA,NA,NA,NA,0.00,NA,NA,NA
2022-12-30 12:00:00,168.93,219.98,6.42,22.41,28.82,NA,NA,0.66,71.36,NA,NA,NA,NA,NA,NA,NA,NA,NA,NA,NA,0.00,NA,NA,NA
2022-12-30 13:00:00,170.20,219.16,5.00,22.86,27.86,NA,NA,0.76,71.84,NA,NA,NA,NA,NA,NA,NA,NA,NA,NA,NA,0.00,NA,NA,NA
2022-12-30 14:00:00,199.62,276.89,4.88,23.43,28.31,NA,NA,0.81,68.15,NA,NA,NA,NA,NA,NA,NA,NA,NA,NA,NA,0.00,NA,NA,NA
2022-12-30 15:00:00,190.00,233.64,4.57,21.94,26.52,NA,NA,0.69,69.84,NA,NA,NA,NA,NA,NA,NA,NA,NA,NA,NA,0.00,NA,NA,NA
2022-12-30 16:00:00,186.61,230.52,3.82,24.65,28.47,NA,NA,0.81,68.62,NA,NA,NA,NA,NA,NA,NA,NA,NA,NA,NA,0.00,NA,NA,NA
2022-12-30 17:00:00,246.83,338.01,3.08,30.81,33.89,NA,NA,1.05,46.91,NA,NA,NA,NA,NA,NA,NA,NA,NA,NA,NA,0.00,NA,NA,NA
2022-12-30 18:00:00,230.18,341.09,2.81,31.40,34.21,NA,NA,1.06,20.95,NA,NA,NA,NA,NA,NA,NA,NA,NA,NA,NA,0.00,NA,NA,NA
2022-12-30 19:00:00,218.25,300.56,3.32,34.13,37.43,NA,NA,1.12,6.03,NA,NA,NA,NA,NA,NA,NA,NA,NA,NA,NA,0.00,NA,NA,NA
2022-12-30 20:00:00,230.06,338.86,12.04,42.54,54.59,NA,NA,1.52,9.02,NA,NA,NA,NA,NA,NA,NA,NA,NA,NA,NA,0.00,NA,NA,NA
2022-12-30 21:00:00,251.81,359.65,6.69,39.99,46.68,NA,NA,1.56,4.97,NA,NA,NA,NA,NA,NA,NA,NA,NA,NA,NA,0.00,NA,NA,NA
2022-12-30 22:00:00,277.15,386.66,2.98,33.63,36.61,NA,NA,1.42,9.60,NA,NA,NA,NA,NA,NA,NA,NA,NA,NA,NA,0.00,NA,NA,NA
2022-12-30 23:00:00,287.03,398.81,3.00,31.65,34.65,NA,NA,1.32,7.04,NA,NA,NA,NA,NA,NA,NA,NA,NA,NA,NA,0.00,NA,NA,NA
2022-12-31 00:00:00,279.80,379.35,3.08,29.35,32.43,NA,NA,1.17,6.82,NA,NA,NA,NA,NA,NA,NA,NA,NA,NA,NA,0.00,NA,NA,NA
2022-12-31 01:00:00,265.60,384.33,2.98,27.19,30.17,NA,NA,1.12,7.36,NA,NA,NA,NA,NA,NA,NA,NA,NA,NA,NA,0.00,NA,NA,NA
2022-12-31 02:00:00,253.74,346.21,2.84,24.47,27.30,NA,NA,0.99,9.75,NA,NA,NA,NA,NA,NA,NA,NA,NA,NA,NA,0.00,NA,NA,NA
2022-12-31 03:00:00,250.17,319.48,2.90,22.99,25.89,NA,NA,0.88,14.83,NA,NA,NA,NA,NA,NA,NA,NA,NA,NA,NA,0.00,NA,NA,NA
2022-12-31 04:00:00,234.54,326.00,2.82,21.50,24.32,NA,NA,0.85,16.46,NA,NA,NA,NA,NA,NA,NA,NA,NA,NA,NA,0.00,NA,NA,NA
2022-12-31 05:00:00,229.32,308.03,2.73,20.41,23.14,NA,NA,0.69,22.79,NA,NA,NA,NA,NA,NA,NA,NA,NA,NA,NA,0.00,NA,NA,NA
2022-12-31 06:00:00,201.57,241.05,2.70,20.30,22.99,NA,NA,0.57,21.18,NA,NA,NA,NA,NA,NA,NA,NA,NA,NA,NA,0.00,NA,NA,NA
2022-12-31 07:00:00,174.42,246.10,2.72,20.95,23.67,NA,NA,0.50,18.96,NA,NA,NA,NA,NA,NA,NA,NA,NA,NA,NA,0.00,NA,NA,NA
2022-12-31 08:00:00,129.10,172.49,3.11,19.87,22.98,NA,NA,0.36,22.94,NA,NA,NA,NA,NA,NA,NA,NA,NA,NA,NA,0.00,NA,NA,NA
2022-12-31 09:00:00,95.59,122.01,4.35,20.67,25.02,NA,NA,0.34,24.53,NA,NA,NA,NA,NA,NA,NA,NA,NA,NA,NA,0.00,NA,NA,NA
2022-12-31 10:00:00,88.12,114.56,5.73,20.83,26.57,NA,NA,0.31,29.94,NA,NA,NA,NA,NA,NA,NA,NA,NA,NA,NA,0.00,NA,NA,NA
2022-12-31 11:00:00,81.29,119.76,8.05,22.51,30.57,NA,NA,0.29,33.35,NA,NA,NA,NA,NA,NA,NA,NA,NA,NA,NA,0.00,NA,NA,NA
2022-12-31 12:00:00,75.36,117.50,10.35,25.27,35.62,NA,NA,0.25,37.32,NA,NA,NA,NA,NA,NA,NA,NA,NA,NA,NA,0.00,NA,NA,NA
2022-12-31 13:00:00,72.10,132.49,10.34,25.98,36.32,NA,NA,0.24,45.24,NA,NA,NA,NA,NA,NA,NA,NA,NA,NA,NA,0.00,NA,NA,NA
2022-12-31 14:00:00,117.19,121.42,6.70,21.14,27.84,NA,NA,0.22,53.18,NA,NA,NA,NA,NA,NA,NA,NA,NA,NA,NA,0.00,NA,NA,NA
2022-12-31 15:00:00,131.80,143.29,5.67,21.63,27.31,NA,NA,0.18,54.17,NA,NA,NA,NA,NA,NA,NA,NA,NA,NA,NA,0.00,NA,NA,NA
2022-12-31 16:00:00,101.40,115.35,4.12,19.66,23.78,NA,NA,0.15,57.42,NA,NA,NA,NA,NA,NA,NA,NA,NA,NA,NA,0.00,NA,NA,NA
2022-12-31 17:00:00,91.99,106.32,2.98,20.84,23.82,NA,NA,0.16,52.72,NA,NA,NA,NA,NA,NA,NA,NA,NA,NA,NA,0.00,NA,NA,NA
2022-12-31 18:00:00,90.56,109.05,2.53,24.34,26.87,NA,NA,0.23,36.19,NA,NA,NA,NA,NA,NA,NA,NA,NA,NA,NA,0.00,NA,NA,NA
2022-12-31 19:00:00,91.67,112.95,2.68,29.57,32.26,NA,NA,0.33,25.99,NA,NA,NA,NA,NA,NA,NA,NA,NA,NA,NA,0.00,NA,NA,NA
2022-12-31 20:00:00,87.55,103.96,2.73,34.26,36.99,NA,NA,0.42,7.22,NA,NA,NA,NA,NA,NA,NA,NA,NA,NA,NA,0.00,NA,NA,NA
2022-12-31 21:00:00,87.69,118.05,2.98,35.87,38.86,NA,NA,0.49,5.58,NA,NA,NA,NA,NA,NA,NA,NA,NA,NA,NA,0.00,NA,NA,NA
2022-12-31 22:00:00,87.46,123.80,3.05,28.35,31.40,NA,NA,0.48,1.66,NA,NA,NA,NA,NA,NA,NA,NA,NA,NA,NA,0.00,NA,NA,NA
2022-12-31 23:00:00,225.80,125.40,3.05,28.97,32.02,NA,NA,0.58,2.91,NA,NA,NA,NA,NA,NA,NA,NA,NA,NA,NA,0.00,NA,NA,NA
