Timestamp,PM2.5 (µg/m³),PM10 (µg/m³),NO (µg/m³),NO2 (µg/m³),NOx (ppb),NH3 (µg/m³),SO2 (µg/m³),CO (mg/m³),Ozone (µg/m³),Benzene (µg/m³),Toluene (µg/m³),Xylene (µg/m³),O Xylene (µg/m³),Eth-Benzene (µg/m³),MP-Xylene (µg/m³),AT (°C),RH (%),WS (m/s),WD (deg),RF (mm),TOT-RF (mm),SR (W/mt2),BP (mmHg),VWS (m/s)
2021-01-01 00:00:00,NA,NA,3.12,8.38,11.50,NA,5.63,NA,NA,NA,NA,NA,NA,NA,NA,NA,NA,NA,NA,NA,NA,NA,NA,NA
2021-01-01 01:00:00,NA,NA,2.21,8.18,10.33,NA,8.70,NA,NA,NA,NA,NA,NA,NA,NA,NA,NA,NA,NA,NA,NA,NA,NA,NA
2021-01-01 02:00:00,NA,NA,2.22,8.22,10.36,NA,5.15,NA,NA,NA,NA,NA,NA,NA,NA,NA,NA,NA,NA,NA,NA,NA,NA,NA
2021-01-01 03:00:00,NA,NA,2.19,8.41,10.60,NA,7.37,NA,NA,NA,NA,NA,NA,NA,NA,NA,NA,NA,NA,NA,NA,NA,NA,NA
2021-01-01 04:00:00,NA,NA,2.50,8.76,11.19,NA,8.96,NA,NA,NA,NA,NA,NA,NA,NA,NA,NA,NA,NA,NA,NA,NA,NA,NA
2021-01-01 05:00:00,NA,NA,2.38,8.13,10.43,NA,9.57,NA,NA,NA,NA,NA,NA,NA,NA,NA,NA,NA,NA,NA,NA,NA,NA,NA
2021-01-01 06:00:00,NA,NA,1.76,8.40,10.10,NA,NA,NA,NA,NA,NA,NA,NA,NA,NA,NA,NA,NA,NA,NA,NA,NA,NA,NA
2021-01-01 07:00:00,NA,NA,1.88,8.19,10.05,NA,9.58,NA,NA,NA,NA,NA,NA,NA,NA,NA,NA,NA,NA,NA,NA,NA,NA,NA
2021-01-01 08:00:00,NA,NA,2.14,8.31,10.44,NA,9.07,NA,NA,NA,NA,NA,NA,NA,NA,NA,NA,NA,NA,NA,NA,NA,NA,NA
2021-01-01 09:00:00,NA,NA,1.87,8.38,10.15,NA,8.36,NA,NA,NA,NA,NA,NA,NA,NA,NA,NA,NA,NA,NA,NA,NA,NA,NA
2021-01-01 10:00:00,NA,434.84,2.84,10.91,13.60,NA,NA,NA,NA,NA,NA,NA,NA,NA,NA,NA,NA,NA,NA,NA,NA,NA,NA,NA
2021-01-01 11:00:00,NA,25.23,4.26,15.27,19.54,NA,5.27,NA,NA,NA,NA,NA,NA,NA,NA,NA,NA,NA,NA,NA,NA,NA,NA,NA
2021-01-01 12:00:00,NA,25.23,4.26,15.26,19.52,NA,6.22,NA,NA,NA,NA,NA,NA,NA,NA,NA,NA,NA,NA,NA,NA,NA,NA,NA
2021-01-01 13:00:00,NA,NA,4.85,15.73,20.58,NA,9.63,NA,NA,NA,NA,NA,NA,NA,NA,NA,NA,NA,NA,NA,NA,NA,NA,NA
2021-01-01 14:00:00,NA,NA,4.73,15.38,20.11,NA,9.86,NA,NA,NA,NA,NA,NA,NA,NA,NA,NA,NA,NA,NA,NA,NA,NA,NA
2021-01-01 15:00:00,NA,NA,4.35,15.59,19.93,NA,9.19,NA,NA,NA,NA,NA,NA,NA,NA,NA,NA,NA,NA,NA,NA,NA,NA,NA
2021-01-01 16:00:00,NA,NA,4.93,15.68,20.62,NA,9.06,NA,NA,NA,NA,NA,NA,NA,NA,NA,NA,NA,NA,NA,NA,NA,NA,NA
2021-01-01 17:00:00,NA,NA,4.54,15.18,19.70,NA,8.97,NA,NA,NA,NA,NA,NA,NA,NA,NA,NA,NA,NA,NA,NA,NA,NA,NA
2021-01-01 18:00:00,NA,NA,4.68,15.70,20.38,NA,NA,NA,NA,NA,NA,NA,NA,NA,NA,NA,NA,NA,NA,NA,NA,NA,NA,NA
2021-01-01 19:00:00,NA,NA,5.24,16.25,21.49,NA,NA,NA,NA,NA,NA,NA,NA,NA,NA,NA,NA,NA,NA,NA,NA,NA,NA,NA
2021-01-01 20:00:00,NA,NA,3.77,15.39,19.12,NA,NA,NA,NA,NA,NA,NA,NA,NA,NA,NA,NA,NA,NA,NA,NA,NA,NA,NA
2021-01-01 21:00:00,NA,NA,5.43,15.72,21.15,NA,NA,NA,NA,NA,NA,NA,NA,NA,NA,NA,NA,NA,NA,NA,NA,NA,NA,NA
2021-01-01 22:00:00,NA,NA,4.65,15.58,20.23,NA,NA,NA,NA,NA,NA,NA,NA,NA,NA,NA,NA,NA,NA,NA,NA,NA,NA,NA
2021-01-01 23:00:00,NA,NA,5.30,15.81,21.11,NA,9.81,NA,NA,NA,NA,NA,NA,NA,NA,NA,NA,NA,NA,NA,NA,NA,NA,NA
2021-01-02 00:00:00,NA,NA,5.15,15.70,20.85,NA,8.78,NA,NA,NA,NA,NA,NA,NA,NA,NA,NA,NA,NA,NA,NA,NA,NA,NA
2021-01-02 01:00:00,NA,NA,3.69,15.38,19.07,NA,10.11,NA,NA,NA,NA,NA,NA,NA,NA,NA,NA,NA,NA,NA,NA,NA,NA,NA
2021-01-02 02:00:00,NA,NA,4.34,15.78,20.11,NA,9.18,NA,NA,NA,NA,NA,NA,NA,NA,NA,NA,NA,NA,NA,NA,NA,NA,NA
2021-01-02 03:00:00,NA,NA,4.46,15.27,19.74,NA,9.89,NA,NA,NA,NA,NA,NA,NA,NA,NA,NA,NA,NA,NA,NA,NA,NA,NA
2021-01-02 04:00:00,NA,NA,5.85,16.08,21.94,NA,8.98,NA,NA,NA,NA,NA,NA,NA,NA,NA,NA,NA,NA,NA,NA,NA,NA,NA
2021-01-02 05:00:00,NA,NA,5.42,15.80,21.22,NA,9.16,NA,NA,NA,NA,NA,NA,NA,NA,NA,NA,NA,NA,NA,NA,NA,NA,NA
2021-01-02 06:00:00,NA,NA,5.91,15.86,21.77,NA,9.73,NA,NA,NA,NA,NA,NA,NA,NA,NA,NA,NA,NA,NA,NA,NA,NA,NA
2021-01-02 07:00:00,NA,NA,4.37,15.54,19.87,NA,NA,NA,NA,NA,NA,NA,NA,NA,NA,NA,NA,NA,NA,NA,NA,NA,NA,NA
2021-01-02 08:00:00,NA,NA,4.55,16.37,20.93,NA,9.03,NA,NA,NA,NA,NA,NA,NA,NA,NA,NA,NA,NA,NA,NA,NA,NA,NA
2021-01-02 09:00:00,NA,141.06,5.40,16.13,21.54,NA,9.24,NA,NA,NA,NA,NA,NA,NA,NA,NA,NA,NA,NA,NA,NA,NA,NA,NA
2021-01-02 10:00:00,NA,25.23,4.41,16.26,20.67,NA,6.81,3.25,NA,NA,NA,NA,NA,NA,NA,NA,NA,NA,NA,NA,NA,NA,NA,NA
2021-01-02 11:00:00,NA,25.23,5.15,15.86,21.00,NA,6.76,NA,NA,NA,NA,NA,NA,NA,NA,NA,NA,NA,NA,NA,NA,NA,NA,NA
2021-01-02 12:00:00,NA,25.23,4.54,16.09,20.63,NA,5.71,NA,NA,NA,NA,NA,NA,NA,NA,NA,NA,NA,NA,NA,NA,NA,NA,NA
2021-01-02 13:00:00,NA,268.92,5.15,15.81,20.96,NA,9.00,NA,NA,NA,NA,NA,NA,NA,NA,NA,NA,NA,NA,NA,NA,NA,NA,NA
2021-01-02 14:00:00,NA,25.23,4.46,15.65,20.11,NA,13.23,NA,NA,NA,NA,NA,NA,NA,NA,NA,NA,NA,NA,NA,NA,NA,NA,NA
2021-01-02 15:00:00,NA,25.23,4.61,15.69,20.30,NA,6.75,NA,NA,NA,NA,NA,NA,NA,NA,NA,NA,NA,NA,NA,NA,NA,NA,NA
2021-01-02 16:00:00,NA,25.23,4.74,15.87,20.58,NA,5.48,NA,NA,NA,NA,NA,NA,NA,NA,NA,NA,NA,NA,NA,NA,NA,NA,NA
2021-01-02 17:00:00,NA,25.23,3.54,15.80,19.34,NA,9.28,NA,NA,NA,NA,NA,NA,NA,NA,NA,NA,NA,NA,NA,NA,NA,NA,NA
2021-01-02 18:00:00,NA,25.23,3.97,16.02,19.96,NA,5.61,NA,NA,NA,NA,NA,NA,NA,NA,NA,NA,NA,NA,NA,NA,NA,NA,NA
2021-01-02 19:00:00,NA,NA,4.61,15.65,20.26,NA,NA,NA,NA,NA,NA,NA,NA,NA,NA,NA,NA,NA,NA,NA,NA,NA,NA,NA
2021-01-02 20:00:00,NA,NA,4.57,16.22,20.78,NA,11.92,NA,NA,NA,NA,NA,NA,NA,NA,NA,NA,NA,NA,NA,NA,NA,NA,NA
2021-01-02 21:00:00,NA,NA,4.40,15.73,20.13,NA,6.77,NA,NA,NA,NA,NA,NA,NA,NA,NA,NA,NA,NA,NA,NA,NA,NA,NA
2021-01-02 22:00:00,NA,NA,4.81,15.86,20.67,NA,6.88,NA,NA,NA,NA,NA,NA,NA,NA,NA,NA,NA,NA,NA,NA,NA,NA,NA
2021-01-02 23:00:00,NA,NA,5.05,15.73,20.78,NA,12.14,NA,NA,NA,NA,NA,NA,NA,NA,NA,NA,NA,NA,NA,NA,NA,NA,NA
2021-01-03 00:00:00,NA,NA,5.55,16.31,21.86,NA,11.02,NA,NA,NA,NA,NA,NA,NA,NA,NA,NA,NA,NA,NA,NA,NA,NA,NA
2021-01-03 01:00:00,NA,NA,5.10,16.41,21.51,NA,6.65,NA,NA,NA,NA,NA,NA,NA,NA,NA,NA,NA,NA,NA,NA,NA,NA,NA
2021-01-03 02:00:00,NA,NA,4.67,15.76,20.42,NA,9.76,NA,NA,NA,NA,NA,NA,NA,NA,NA,NA,NA,NA,NA,NA,NA,NA,NA
2021-01-03 03:00:00,NA,NA,4.64,16.10,20.74,NA,8.48,NA,NA,NA,NA,NA,NA,NA,NA,NA,NA,NA,NA,NA,NA,NA,NA,NA
2021-01-03 04:00:00,NA,NA,5.35,16.35,21.70,NA,7.33,NA,NA,NA,NA,NA,NA,NA,NA,NA,NA,NA,NA,NA,NA,NA,NA,NA
2021-01-03 05:00:00,NA,NA,4.74,15.82,20.56,NA,7.88,NA,NA,NA,NA,NA,NA,NA,NA,NA,NA,NA,NA,NA,NA,NA,NA,NA
2021-01-03 06:00:00,NA,NA,4.52,15.91,20.44,NA,5.82,NA,NA,NA,NA,NA,NA,NA,NA,NA,NA,NA,NA,NA,NA,NA,NA,NA
2021-01-03 07:00:00,NA,NA,3.65,15.97,19.60,NA,NA,NA,NA,NA,NA,NA,NA,NA,NA,NA,NA,NA,NA,NA,NA,NA,NA,NA
2021-01-03 08:00:00,NA,NA,5.80,16.47,22.27,NA,NA,NA,NA,NA,NA,NA,NA,NA,NA,NA,NA,NA,NA,NA,NA,NA,NA,NA
2021-01-03 09:00:00,NA,NA,4.13,15.58,19.70,NA,10.16,NA,NA,NA,NA,NA,NA,NA,NA,NA,NA,NA,NA,NA,NA,NA,NA,NA
2021-01-03 10:00:00,NA,NA,5.18,16.12,21.30,NA,9.74,NA,NA,NA,NA,NA,NA,NA,NA,NA,NA,NA,NA,NA,NA,NA,NA,NA
2021-01-03 11:00:00,NA,NA,5.03,16.38,21.40,NA,6.82,NA,NA,NA,NA,NA,NA,NA,NA,NA,NA,NA,NA,NA,NA,NA,NA,NA
2021-01-03 12:00:00,NA,NA,4.03,15.55,19.58,NA,7.21,NA,NA,NA,NA,NA,NA,NA,NA,NA,NA,NA,NA,NA,NA,NA,NA,NA
2021-01-03 13:00:00,NA,NA,5.88,15.70,21.57,NA,NA,NA,NA,NA,NA,NA,NA,NA,NA,NA,NA,NA,NA,NA,NA,NA,NA,NA
2021-01-03 14:00:00,NA,NA,5.22,15.54,20.76,NA,9.24,NA,NA,NA,NA,NA,NA,NA,NA,NA,NA,NA,NA,NA,NA,NA,NA,NA
2021-01-03 15:00:00,NA,NA,5.18,15.66,20.83,NA,9.90,NA,NA,NA,NA,NA,NA,NA,NA,NA,NA,NA,NA,NA,NA,NA,NA,NA
2021-01-03 16:00:00,NA,NA,4.23,15.59,19.82,NA,11.08,NA,NA,NA,NA,NA,NA,NA,NA,NA,NA,NA,NA,NA,NA,NA,NA,NA
2021-01-03 17:00:00,NA,NA,4.64,15.82,20.45,NA,10.92,NA,NA,NA,NA,NA,NA,NA,NA,NA,NA,NA,NA,NA,NA,NA,NA,NA
2021-01-03 18:00:00,NA,NA,4.16,15.75,19.91,NA,7.95,NA,NA,NA,NA,NA,NA,NA,NA,NA,NA,NA,NA,NA,NA,NA,NA,NA
2021-01-03 19:00:00,NA,294.75,4.14,15.76,19.90,NA,11.15,NA,NA,NA,NA,NA,NA,NA,NA,NA,NA,NA,NA,NA,NA,NA,NA,NA
2021-01-03 20:00:00,NA,294.75,4.10,15.37,19.47,NA,8.36,NA,NA,NA,NA,NA,NA,NA,NA,NA,NA,NA,NA,NA,NA,NA,NA,NA
2021-01-03 21:00:00,NA,294.75,4.66,15.58,20.24,NA,10.46,NA,NA,NA,NA,NA,NA,NA,NA,NA,NA,NA,NA,NA,NA,NA,NA,NA
2021-01-03 22:00:00,NA,294.75,4.17,16.02,20.20,NA,9.32,NA,NA,NA,NA,NA,NA,NA,NA,NA,NA,NA,NA,NA,NA,NA,NA,NA
2021-01-03 23:00:00,NA,294.75,5.03,15.68,20.71,NA,9.39,NA,NA,NA,NA,NA,NA,NA,NA,NA,NA,NA,NA,NA,NA,NA,NA,NA
2021-01-04 00:00:00,NA,294.75,4.39,15.98,20.38,NA,9.75,NA,NA,NA,NA,NA,NA,NA,NA,NA,NA,NA,NA,NA,NA,NA,NA,NA
2021-01-04 01:00:00,NA,294.75,3.93,15.42,19.35,NA,11.03,NA,NA,NA,NA,NA,NA,NA,NA,NA,NA,NA,NA,NA,NA,NA,NA,NA
2021-01-04 02:00:00,NA,294.75,4.50,15.60,20.10,NA,9.81,NA,NA,NA,NA,NA,NA,NA,NA,NA,NA,NA,NA,NA,NA,NA,NA,NA
2021-01-04 03:00:00,NA,294.75,4.86,16.05,20.90,NA,10.04,NA,NA,NA,NA,NA,NA,NA,NA,NA,NA,NA,NA,NA,NA,NA,NA,NA
2021-01-04 04:00:00,NA,294.75,4.24,15.42,19.68,NA,10.73,NA,NA,NA,NA,NA,NA,NA,NA,NA,NA,NA,NA,NA,NA,NA,NA,NA
2021-01-04 05:00:00,NA,294.75,3.96,15.28,19.23,NA,10.70,NA,NA,NA,NA,NA,NA,NA,NA,NA,NA,NA,NA,NA,NA,NA,NA,NA
2021-01-04 06:00:00,NA,294.75,5.14,15.74,20.88,NA,10.30,NA,NA,NA,NA,NA,NA,NA,NA,NA,NA,NA,NA,NA,NA,NA,NA,NA
2021-01-04 07:00:00,NA,294.75,4.76,15.34,20.09,NA,10.30,NA,NA,NA,NA,NA,NA,NA,NA,NA,NA,NA,NA,NA,NA,NA,NA,NA
2021-01-04 08:00:00,NA,294.75,4.88,15.97,20.85,NA,10.91,NA,NA,NA,NA,NA,NA,NA,NA,NA,NA,NA,NA,NA,NA,NA,NA,NA
2021-01-04 09:00:00,NA,294.75,5.14,16.09,21.23,NA,10.77,3.96,NA,NA,NA,NA,NA,NA,NA,NA,NA,NA,NA,NA,NA,NA,NA,NA
2021-01-04 10:00:00,NA,294.75,4.25,15.70,19.94,NA,10.81,1.59,NA,NA,NA,NA,NA,NA,NA,NA,NA,NA,NA,NA,NA,NA,NA,NA
2021-01-04 11:00:00,NA,92.61,4.18,15.73,19.91,NA,5.67,2.15,NA,NA,NA,NA,NA,NA,NA,NA,NA,NA,NA,NA,NA,NA,NA,NA
2021-01-04 12:00:00,NA,25.23,5.25,15.82,21.08,NA,10.12,0.52,NA,NA,NA,NA,NA,NA,NA,NA,NA,NA,NA,NA,NA,NA,NA,NA
2021-01-04 13:00:00,NA,25.23,4.56,15.38,19.93,NA,7.74,0.46,NA,NA,NA,NA,NA,NA,NA,NA,NA,NA,NA,NA,NA,NA,NA,NA
2021-01-04 14:00:00,NA,136.46,4.04,15.65,19.69,NA,7.86,0.53,NA,NA,NA,NA,NA,NA,NA,NA,NA,NA,NA,NA,NA,NA,NA,NA
2021-01-04 15:00:00,NA,80.78,3.73,15.69,19.42,NA,5.11,0.70,NA,NA,NA,NA,NA,NA,NA,NA,NA,NA,NA,NA,NA,NA,NA,NA
2021-01-04 16:00:00,NA,33.58,4.14,15.79,19.93,NA,6.92,1.55,NA,NA,NA,NA,NA,NA,NA,NA,NA,NA,NA,NA,NA,NA,NA,NA
2021-01-04 17:00:00,NA,31.91,5.60,16.19,21.80,NA,5.74,1.38,NA,NA,NA,NA,NA,NA,NA,NA,NA,NA,NA,NA,NA,NA,NA,NA
2021-01-04 18:00:00,NA,NA,4.20,15.51,19.61,NA,6.34,1.52,NA,NA,NA,NA,NA,NA,NA,NA,NA,NA,NA,NA,NA,NA,NA,NA
2021-01-04 19:00:00,NA,NA,5.11,15.86,20.96,NA,7.52,1.03,NA,NA,NA,NA,NA,NA,NA,NA,NA,NA,NA,NA,NA,NA,NA,NA
2021-01-04 20:00:00,NA,NA,4.79,15.54,20.33,NA,7.90,0.62,NA,NA,NA,NA,NA,NA,NA,NA,NA,NA,NA,NA,NA,NA,NA,NA
2021-01-04 21:00:00,NA,NA,5.08,15.88,20.96,NA,7.79,1.24,NA,NA,NA,NA,NA,NA,NA,NA,NA,NA,NA,NA,NA,NA,NA,NA
2021-01-04 22:00:00,NA,NA,5.08,15.94,21.02,NA,10.06,1.42,NA,NA,NA,NA,NA,NA,NA,NA,NA,NA,NA,NA,NA,NA,NA,NA
2021-01-04 23:00:00,NA,NA,4.66,15.48,20.14,NA,5.32,0.89,NA,NA,NA,NA,NA,NA,NA,NA,NA,NA,NA,NA,NA,NA,NA,NA
2021-01-05 00:00:00,NA,NA,4.39,15.92,20.31,NA,4.36,1.19,NA,NA,NA,NA,NA,NA,NA,NA,NA,NA,NA,NA,NA,NA,NA,NA
2021-01-05 01:00:00,NA,NA,4.15,15.64,19.78,NA,9.74,1.37,NA,NA,NA,NA,NA,NA,NA,NA,NA,NA,NA,NA,NA,NA,NA,NA
2021-01-05 02:00:00,NA,NA,4.91,16.62,21.52,NA,NA,NA,NA,NA,NA,NA,NA,NA,NA,NA,NA,NA,NA,NA,NA,NA,NA,NA
2021-01-05 03:00:00,NA,NA,4.58,15.99,20.58,NA,NA,NA,NA,NA,NA,NA,NA,NA,NA,NA,NA,NA,NA,NA,NA,NA,NA,NA
2021-01-05 04:00:00,NA,NA,4.32,15.64,19.93,NA,NA,NA,NA,NA,NA,NA,NA,NA,NA,NA,NA,NA,NA,NA,NA,NA,NA,NA
2021-01-05 05:00:00,NA,NA,4.76,15.66,20.42,NA,NA,NA,NA,NA,NA,NA,NA,NA,NA,NA,NA,NA,NA,NA,NA,NA,NA,NA
2021-01-05 06:00:00,NA,NA,4.80,15.88,20.68,NA,NA,NA,NA,NA,NA,NA,NA,NA,NA,NA,NA,NA,NA,NA,NA,NA,NA,NA
2021-01-05 07:00:00,NA,NA,4.50,15.59,20.09,NA,NA,NA,NA,NA,NA,NA,NA,NA,NA,NA,NA,NA,NA,NA,NA,NA,NA,NA
2021-01-05 08:00:00,NA,NA,4.31,15.74,20.06,NA,9.65,NA,NA,NA,NA,NA,NA,NA,NA,NA,NA,NA,NA,NA,NA,NA,NA,NA
2021-01-05 09:00:00,NA,392.81,5.10,15.71,20.81,NA,9.56,3.26,NA,NA,NA,NA,NA,NA,NA,NA,NA,NA,NA,NA,NA,NA,NA,NA
2021-01-05 10:00:00,NA,101.10,8.01,17.12,25.13,NA,9.50,1.54,NA,NA,NA,NA,NA,NA,NA,NA,NA,NA,NA,NA,NA,NA,NA,NA
2021-01-05 11:00:00,NA,25.23,3.51,15.54,17.98,NA,7.84,0.52,NA,NA,NA,NA,NA,NA,NA,NA,NA,NA,NA,NA,NA,NA,NA,NA
2021-01-05 12:00:00,NA,NA,7.46,17.03,24.49,NA,NA,3.65,NA,NA,NA,NA,NA,NA,NA,NA,NA,NA,NA,NA,NA,NA,NA,NA
2021-01-05 13:00:00,NA,298.02,8.74,18.11,26.85,NA,6.18,0.45,NA,NA,NA,NA,NA,NA,NA,NA,NA,NA,NA,NA,NA,NA,NA,NA
2021-01-05 14:00:00,NA,270.60,7.63,18.44,26.06,NA,5.70,4.09,NA,NA,NA,NA,NA,NA,NA,NA,NA,NA,NA,NA,NA,NA,NA,NA
2021-01-05 15:00:00,NA,129.00,9.34,19.15,28.49,NA,12.03,3.38,NA,NA,NA,NA,NA,NA,NA,NA,NA,NA,NA,NA,NA,NA,NA,NA
2021-01-05 16:00:00,NA,223.21,9.57,20.13,29.71,NA,6.70,0.50,NA,NA,NA,NA,NA,NA,NA,NA,NA,NA,NA,NA,NA,NA,NA,NA
2021-01-05 17:00:00,NA,25.23,6.30,18.90,25.20,NA,11.74,0.43,NA,NA,NA,NA,NA,NA,NA,NA,NA,NA,NA,NA,NA,NA,NA,NA
2021-01-05 18:00:00,NA,25.23,9.15,18.82,27.98,NA,8.07,NA,NA,NA,NA,NA,NA,NA,NA,NA,NA,NA,NA,NA,NA,NA,NA,NA
2021-01-05 19:00:00,NA,NA,8.81,19.97,28.78,NA,9.28,NA,NA,NA,NA,NA,NA,NA,NA,NA,NA,NA,NA,NA,NA,NA,NA,NA
2021-01-05 20:00:00,NA,NA,7.37,18.69,26.06,NA,10.38,NA,NA,NA,NA,NA,NA,NA,NA,NA,NA,NA,NA,NA,NA,NA,NA,NA
2021-01-05 21:00:00,NA,NA,6.55,17.99,24.54,NA,5.32,NA,NA,NA,NA,NA,NA,NA,NA,NA,NA,NA,NA,NA,NA,NA,NA,NA
2021-01-05 22:00:00,NA,NA,7.71,19.68,27.39,NA,NA,NA,NA,NA,NA,NA,NA,NA,NA,NA,NA,NA,NA,NA,NA,NA,NA,NA
2021-01-05 23:00:00,NA,NA,7.80,19.22,27.02,NA,NA,NA,NA,NA,NA,NA,NA,NA,NA,NA,NA,NA,NA,NA,NA,NA,NA,NA
2021-01-06 00:00:00,NA,NA,8.73,20.19,28.93,NA,NA,NA,NA,NA,NA,NA,NA,NA,NA,NA,NA,NA,NA,NA,NA,NA,NA,NA
2021-01-06 01:00:00,NA,NA,9.03,19.42,28.46,NA,8.81,NA,NA,NA,NA,NA,NA,NA,NA,NA,NA,NA,NA,NA,NA,NA,NA,NA
2021-01-06 02:00:00,NA,NA,8.20,20.24,28.44,NA,8.43,NA,NA,NA,NA,NA,NA,NA,NA,NA,NA,NA,NA,NA,NA,NA,NA,NA
2021-01-06 03:00:00,NA,NA,9.43,19.80,29.23,NA,8.60,NA,NA,NA,NA,NA,NA,NA,NA,NA,NA,NA,NA,NA,NA,NA,NA,NA
2021-01-06 04:00:00,NA,NA,9.60,20.82,30.44,NA,NA,NA,NA,NA,NA,NA,NA,NA,NA,NA,NA,NA,NA,NA,NA,NA,NA,NA
2021-01-06 05:00:00,NA,NA,10.76,19.78,30.55,NA,NA,NA,NA,NA,NA,NA,NA,NA,NA,NA,NA,NA,NA,NA,NA,NA,NA,NA
2021-01-06 06:00:00,NA,NA,7.76,20.30,28.06,NA,NA,NA,NA,NA,NA,NA,NA,NA,NA,NA,NA,NA,NA,NA,NA,NA,NA,NA
2021-01-06 07:00:00,NA,NA,10.34,20.31,30.65,NA,NA,NA,NA,NA,NA,NA,NA,NA,NA,NA,NA,NA,NA,NA,NA,NA,NA,NA
2021-01-06 08:00:00,NA,NA,10.27,19.94,30.21,NA,NA,NA,NA,NA,NA,NA,NA,NA,NA,NA,NA,NA,NA,NA,NA,NA,NA,NA
2021-01-06 09:00:00,NA,737.65,6.44,14.16,12.90,NA,9.48,NA,NA,NA,NA,NA,NA,NA,NA,NA,NA,NA,NA,NA,NA,NA,NA,NA
2021-01-06 10:00:00,NA,381.44,3.15,15.14,17.85,NA,9.15,NA,NA,NA,NA,NA,NA,NA,NA,NA,NA,NA,NA,NA,NA,NA,NA,NA
2021-01-06 11:00:00,NA,92.24,4.64,15.57,20.22,NA,9.44,0.96,NA,NA,NA,NA,NA,NA,NA,NA,NA,NA,NA,NA,NA,NA,NA,NA
2021-01-06 12:00:00,NA,266.45,2.28,15.72,17.92,NA,8.68,NA,NA,NA,NA,NA,NA,NA,NA,NA,NA,NA,NA,NA,NA,NA,NA,NA
2021-01-06 13:00:00,NA,NA,NA,22.54,6.23,NA,NA,0.55,NA,NA,NA,NA,NA,NA,NA,NA,NA,NA,NA,NA,NA,NA,NA,NA
2021-01-06 14:00:00,NA,25.23,1.23,12.71,11.28,NA,8.82,5.87,NA,NA,NA,NA,NA,NA,NA,NA,NA,NA,NA,NA,NA,NA,NA,NA
2021-01-06 15:00:00,NA,25.23,5.04,15.58,20.62,NA,7.83,NA,NA,NA,NA,NA,NA,NA,NA,NA,NA,NA,NA,NA,NA,NA,NA,NA
2021-01-06 16:00:00,NA,25.23,4.47,15.63,20.10,NA,NA,NA,NA,NA,NA,NA,NA,NA,NA,NA,NA,NA,NA,NA,NA,NA,NA,NA
2021-01-06 17:00:00,NA,25.23,5.48,16.02,21.50,NA,4.62,NA,NA,NA,NA,NA,NA,NA,NA,NA,NA,NA,NA,NA,NA,NA,NA,NA
2021-01-06 18:00:00,NA,12.76,4.53,15.27,19.62,NA,7.94,1.77,NA,NA,NA,NA,NA,NA,NA,NA,NA,NA,NA,NA,NA,NA,NA,NA
2021-01-06 19:00:00,NA,15.51,4.82,15.38,20.20,NA,8.42,NA,NA,NA,NA,NA,NA,NA,NA,NA,NA,NA,NA,NA,NA,NA,NA,NA
2021-01-06 20:00:00,NA,22.00,4.34,15.96,20.28,NA,4.35,NA,NA,NA,NA,NA,NA,NA,NA,NA,NA,NA,NA,NA,NA,NA,NA,NA
2021-01-06 21:00:00,NA,16.76,5.30,15.97,21.27,NA,8.10,NA,NA,NA,NA,NA,NA,NA,NA,NA,NA,NA,NA,NA,NA,NA,NA,NA
2021-01-06 22:00:00,NA,11.93,5.14,15.76,20.90,NA,9.57,NA,NA,NA,NA,NA,NA,NA,NA,NA,NA,NA,NA,NA,NA,NA,NA,NA
2021-01-06 23:00:00,NA,13.00,5.49,16.52,22.02,NA,10.14,NA,NA,NA,NA,NA,NA,NA,NA,NA,NA,NA,NA,NA,NA,NA,NA,NA
2021-01-07 00:00:00,NA,7.38,4.58,15.84,20.41,NA,10.34,NA,NA,NA,NA,NA,NA,NA,NA,NA,NA,NA,NA,NA,NA,NA,NA,NA
2021-01-07 01:00:00,NA,4.03,5.17,15.92,21.10,NA,8.56,NA,NA,NA,NA,NA,NA,NA,NA,NA,NA,NA,NA,NA,NA,NA,NA,NA
2021-01-07 02:00:00,NA,1.86,4.89,15.99,20.88,NA,9.55,NA,NA,NA,NA,NA,NA,NA,NA,NA,NA,NA,NA,NA,NA,NA,NA,NA
2021-01-07 03:00:00,NA,1.48,4.65,15.94,20.59,NA,4.49,NA,NA,NA,NA,NA,NA,NA,NA,NA,NA,NA,NA,NA,NA,NA,NA,NA
2021-01-07 04:00:00,NA,1.68,5.21,16.29,21.51,NA,7.16,NA,NA,NA,NA,NA,NA,NA,NA,NA,NA,NA,NA,NA,NA,NA,NA,NA
2021-01-07 05:00:00,NA,1.76,4.55,15.64,20.15,NA,7.92,NA,NA,NA,NA,NA,NA,NA,NA,NA,NA,NA,NA,NA,NA,NA,NA,NA
2021-01-07 06:00:00,NA,1.99,4.73,16.41,21.13,NA,8.39,NA,NA,NA,NA,NA,NA,NA,NA,NA,NA,NA,NA,NA,NA,NA,NA,NA
2021-01-07 07:00:00,NA,4.40,4.98,16.39,21.37,NA,8.00,NA,NA,NA,NA,NA,NA,NA,NA,NA,NA,NA,NA,NA,NA,NA,NA,NA
2021-01-07 08:00:00,NA,7.23,3.80,15.50,19.29,NA,8.99,NA,NA,NA,NA,NA,NA,NA,NA,NA,NA,NA,NA,NA,NA,NA,NA,NA
2021-01-07 09:00:00,NA,6.31,6.25,15.81,22.06,NA,12.26,NA,NA,NA,NA,NA,NA,NA,NA,NA,NA,NA,NA,NA,NA,NA,NA,NA
2021-01-07 10:00:00,NA,7.12,7.34,16.95,24.29,NA,9.10,NA,NA,NA,NA,NA,NA,NA,NA,NA,NA,NA,NA,NA,NA,NA,NA,NA
2021-01-07 11:00:00,NA,6.69,7.88,18.34,26.23,NA,7.63,NA,NA,NA,NA,NA,NA,NA,NA,NA,NA,NA,NA,NA,NA,NA,NA,NA
2021-01-07 12:00:00,NA,551.88,8.33,18.47,26.81,NA,6.87,NA,NA,NA,NA,NA,NA,NA,NA,NA,NA,NA,NA,NA,NA,NA,NA,NA
2021-01-07 13:00:00,NA,79.61,9.28,19.25,28.54,NA,8.50,6.30,NA,NA,NA,NA,NA,NA,NA,NA,NA,NA,NA,NA,NA,NA,NA,NA
2021-01-07 14:00:00,NA,69.06,7.92,19.65,27.57,NA,5.62,0.43,NA,NA,NA,NA,NA,NA,NA,NA,NA,NA,NA,NA,NA,NA,NA,NA
2021-01-07 15:00:00,NA,61.77,1.82,13.89,11.38,NA,6.30,1.11,NA,NA,NA,NA,NA,NA,NA,NA,NA,NA,NA,NA,NA,NA,NA,NA
2021-01-07 16:00:00,NA,17.80,4.64,16.27,20.91,NA,12.46,0.40,NA,NA,NA,NA,NA,NA,NA,NA,NA,NA,NA,NA,NA,NA,NA,NA
2021-01-07 17:00:00,NA,34.10,5.16,16.10,21.26,NA,10.24,1.48,NA,NA,NA,NA,NA,NA,NA,NA,NA,NA,NA,NA,NA,NA,NA,NA
2021-01-07 18:00:00,NA,55.72,5.34,16.15,21.48,NA,11.34,1.32,NA,NA,NA,NA,NA,NA,NA,NA,NA,NA,NA,NA,NA,NA,NA,NA
2021-01-07 19:00:00,NA,57.14,5.40,16.26,21.66,NA,11.21,1.60,NA,NA,NA,NA,NA,NA,NA,NA,NA,NA,NA,NA,NA,NA,NA,NA
2021-01-07 20:00:00,NA,68.38,3.33,16.16,19.49,NA,11.15,1.74,NA,NA,NA,NA,NA,NA,NA,NA,NA,NA,NA,NA,NA,NA,NA,NA
2021-01-07 21:00:00,NA,71.56,4.68,16.46,21.15,NA,NA,2.09,NA,NA,NA,NA,NA,NA,NA,NA,NA,NA,NA,NA,NA,NA,NA,NA
2021-01-07 22:00:00,NA,62.56,4.40,16.17,20.57,NA,10.99,1.25,NA,NA,NA,NA,NA,NA,NA,NA,NA,NA,NA,NA,NA,NA,NA,NA
2021-01-07 23:00:00,NA,64.80,4.66,16.09,20.74,NA,10.32,NA,NA,NA,NA,NA,NA,NA,NA,NA,NA,NA,NA,NA,NA,NA,NA,NA
2021-01-08 00:00:00,NA,57.28,5.58,16.15,21.72,NA,NA,NA,NA,NA,NA,NA,NA,NA,NA,NA,NA,NA,NA,NA,NA,NA,NA,NA
2021-01-08 01:00:00,NA,41.70,5.69,15.93,21.62,NA,NA,NA,NA,NA,NA,NA,NA,NA,NA,NA,NA,NA,NA,NA,NA,NA,NA,NA
2021-01-08 02:00:00,NA,32.44,4.62,16.04,20.66,NA,10.38,NA,NA,NA,NA,NA,NA,NA,NA,NA,NA,NA,NA,NA,NA,NA,NA,NA
2021-01-08 03:00:00,NA,34.84,6.13,16.22,22.36,NA,11.51,NA,NA,NA,NA,NA,NA,NA,NA,NA,NA,NA,NA,NA,NA,NA,NA,NA
2021-01-08 04:00:00,NA,35.88,4.44,16.10,20.54,NA,NA,NA,NA,NA,NA,NA,NA,NA,NA,NA,NA,NA,NA,NA,NA,NA,NA,NA
2021-01-08 05:00:00,NA,36.26,4.59,15.80,20.39,NA,NA,NA,NA,NA,NA,NA,NA,NA,NA,NA,NA,NA,NA,NA,NA,NA,NA,NA
2021-01-08 06:00:00,NA,40.62,3.74,15.77,19.51,NA,NA,NA,NA,NA,NA,NA,NA,NA,NA,NA,NA,NA,NA,NA,NA,NA,NA,NA
2021-01-08 07:00:00,NA,55.66,4.25,15.61,19.87,NA,NA,NA,NA,NA,NA,NA,NA,NA,NA,NA,NA,NA,NA,NA,NA,NA,NA,NA
2021-01-08 08:00:00,NA,69.30,4.37,15.84,20.21,NA,NA,NA,NA,NA,NA,NA,NA,NA,NA,NA,NA,NA,NA,NA,NA,NA,NA,NA
2021-01-08 09:00:00,NA,74.92,5.79,16.38,22.16,NA,10.82,NA,NA,NA,NA,NA,NA,NA,NA,NA,NA,NA,NA,NA,NA,NA,NA,NA
2021-01-08 10:00:00,NA,74.62,5.19,16.17,21.36,NA,NA,NA,NA,NA,NA,NA,NA,NA,NA,NA,NA,NA,NA,NA,NA,NA,NA,NA
2021-01-08 11:00:00,NA,67.44,3.70,15.95,19.64,NA,4.00,5.78,NA,NA,NA,NA,NA,NA,NA,NA,NA,NA,NA,NA,NA,NA,NA,NA
2021-01-08 12:00:00,NA,65.22,4.24,15.71,19.94,NA,NA,3.52,NA,NA,NA,NA,NA,NA,NA,NA,NA,NA,NA,NA,NA,NA,NA,NA
2021-01-08 13:00:00,NA,65.78,4.59,15.61,20.20,NA,4.00,NA,NA,NA,NA,NA,NA,NA,NA,NA,NA,NA,NA,NA,NA,NA,NA,NA
2021-01-08 14:00:00,NA,64.34,4.91,15.84,20.75,NA,NA,NA,NA,NA,NA,NA,NA,NA,NA,NA,NA,NA,NA,NA,NA,NA,NA,NA
2021-01-08 15:00:00,NA,61.84,5.33,16.22,21.56,NA,7.78,NA,NA,NA,NA,NA,NA,NA,NA,NA,NA,NA,NA,NA,NA,NA,NA,NA
2021-01-08 16:00:00,NA,90.50,4.58,15.72,20.31,NA,20.29,0.25,NA,NA,NA,NA,NA,NA,NA,NA,NA,NA,NA,NA,NA,NA,NA,NA
2021-01-08 17:00:00,NA,115.10,4.92,16.24,21.16,NA,23.04,0.21,NA,NA,NA,NA,NA,NA,NA,NA,NA,NA,NA,NA,NA,NA,NA,NA
2021-01-08 18:00:00,NA,100.40,3.56,15.70,19.27,NA,NA,0.21,NA,NA,NA,NA,NA,NA,NA,NA,NA,NA,NA,NA,NA,NA,NA,NA
2021-01-08 19:00:00,NA,103.32,5.35,16.40,21.74,NA,NA,NA,NA,NA,NA,NA,NA,NA,NA,NA,NA,NA,NA,NA,NA,NA,NA,NA
2021-01-08 20:00:00,NA,109.76,4.83,16.39,21.22,NA,NA,NA,NA,NA,NA,NA,NA,NA,NA,NA,NA,NA,NA,NA,NA,NA,NA,NA
2021-01-08 21:00:00,NA,104.76,4.96,16.20,21.17,NA,NA,NA,NA,NA,NA,NA,NA,NA,NA,NA,NA,NA,NA,NA,NA,NA,NA,NA
2021-01-08 22:00:00,NA,91.68,5.06,15.92,20.98,NA,NA,NA,NA,NA,NA,NA,NA,NA,NA,NA,NA,NA,NA,NA,NA,NA,NA,NA
2021-01-08 23:00:00,NA,70.12,4.16,15.91,20.06,NA,NA,NA,NA,NA,NA,NA,NA,NA,NA,NA,NA,NA,NA,NA,NA,NA,NA,NA
2021-01-09 00:00:00,NA,58.10,4.80,15.74,20.54,NA,NA,NA,NA,NA,NA,NA,NA,NA,NA,NA,NA,NA,NA,NA,NA,NA,NA,NA
2021-01-09 01:00:00,NA,52.96,4.67,15.89,20.56,NA,NA,NA,NA,NA,NA,NA,NA,NA,NA,NA,NA,NA,NA,NA,NA,NA,NA,NA
2021-01-09 02:00:00,NA,45.88,5.08,15.86,20.94,NA,NA,NA,NA,NA,NA,NA,NA,NA,NA,NA,NA,NA,NA,NA,NA,NA,NA,NA
2021-01-09 03:00:00,NA,30.80,4.90,16.32,21.21,NA,NA,NA,NA,NA,NA,NA,NA,NA,NA,NA,NA,NA,NA,NA,NA,NA,NA,NA
2021-01-09 04:00:00,NA,24.68,4.67,16.12,20.78,NA,NA,NA,NA,NA,NA,NA,NA,NA,NA,NA,NA,NA,NA,NA,NA,NA,NA,NA
2021-01-09 05:00:00,NA,37.28,5.01,15.88,20.90,NA,NA,NA,NA,NA,NA,NA,NA,NA,NA,NA,NA,NA,NA,NA,NA,NA,NA,NA
2021-01-09 06:00:00,NA,50.02,4.16,15.86,20.00,NA,NA,NA,NA,NA,NA,NA,NA,NA,NA,NA,NA,NA,NA,NA,NA,NA,NA,NA
2021-01-09 07:00:00,NA,46.76,4.29,15.81,20.09,NA,NA,NA,NA,NA,NA,NA,NA,NA,NA,NA,NA,NA,NA,NA,NA,NA,NA,NA
2021-01-09 08:00:00,NA,54.74,4.99,15.97,20.96,NA,NA,NA,NA,NA,NA,NA,NA,NA,NA,NA,NA,NA,NA,NA,NA,NA,NA,NA
2021-01-09 09:00:00,NA,72.56,5.38,15.73,21.12,NA,NA,NA,NA,NA,NA,NA,NA,NA,NA,NA,NA,NA,NA,NA,NA,NA,NA,NA
2021-01-09 10:00:00,NA,71.90,5.26,16.15,21.42,NA,NA,NA,NA,NA,NA,NA,NA,NA,NA,NA,NA,NA,NA,NA,NA,NA,NA,NA
2021-01-09 11:00:00,NA,72.96,4.58,15.73,20.30,NA,4.00,NA,NA,NA,NA,NA,NA,NA,NA,NA,NA,NA,NA,NA,NA,NA,NA,NA
2021-01-09 12:00:00,NA,77.40,5.81,16.65,22.46,NA,NA,NA,NA,NA,NA,NA,NA,NA,NA,NA,NA,NA,NA,NA,NA,NA,NA,NA
2021-01-09 13:00:00,NA,74.42,8.02,18.12,26.14,NA,NA,NA,NA,NA,NA,NA,NA,NA,NA,NA,NA,NA,NA,NA,NA,NA,NA,NA
2021-01-09 14:00:00,NA,72.08,8.23,18.30,26.52,NA,4.69,NA,NA,NA,NA,NA,NA,NA,NA,NA,NA,NA,NA,NA,NA,NA,NA,NA
2021-01-09 15:00:00,NA,77.20,9.27,19.27,28.54,NA,2.80,NA,NA,NA,NA,NA,NA,NA,NA,NA,NA,NA,NA,NA,NA,NA,NA,NA
2021-01-09 16:00:00,NA,91.84,7.02,18.18,25.21,NA,3.08,NA,NA,NA,NA,NA,NA,NA,NA,NA,NA,NA,NA,NA,NA,NA,NA,NA
2021-01-09 17:00:00,NA,101.54,8.44,19.47,27.92,NA,3.36,NA,NA,NA,NA,NA,NA,NA,NA,NA,NA,NA,NA,NA,NA,NA,NA,NA
2021-01-09 18:00:00,NA,106.20,8.93,19.17,28.10,NA,3.93,NA,NA,NA,NA,NA,NA,NA,NA,NA,NA,NA,NA,NA,NA,NA,NA,NA
2021-01-09 19:00:00,NA,120.84,7.46,18.68,26.14,NA,4.78,NA,NA,NA,NA,NA,NA,NA,NA,NA,NA,NA,NA,NA,NA,NA,NA,NA
2021-01-09 20:00:00,NA,135.70,8.16,18.81,26.98,NA,1.57,NA,NA,NA,NA,NA,NA,NA,NA,NA,NA,NA,NA,NA,NA,NA,NA,NA
2021-01-09 21:00:00,NA,151.80,8.69,19.73,28.42,NA,2.04,NA,NA,NA,NA,NA,NA,NA,NA,NA,NA,NA,NA,NA,NA,NA,NA,NA
2021-01-09 22:00:00,NA,151.84,8.20,19.11,27.31,NA,2.22,NA,NA,NA,NA,NA,NA,NA,NA,NA,NA,NA,NA,NA,NA,NA,NA,NA
2021-01-09 23:00:00,NA,128.14,8.61,19.75,28.36,NA,2.05,NA,NA,NA,NA,NA,NA,NA,NA,NA,NA,NA,NA,NA,NA,NA,NA,NA
2021-01-10 00:00:00,NA,100.00,8.34,18.92,27.26,NA,1.89,NA,NA,NA,NA,NA,NA,NA,NA,NA,NA,NA,NA,NA,NA,NA,NA,NA
2021-01-10 01:00:00,NA,72.70,7.96,19.82,27.79,NA,1.09,NA,NA,NA,NA,NA,NA,NA,NA,NA,NA,NA,NA,NA,NA,NA,NA,NA
2021-01-10 02:00:00,NA,57.44,7.87,19.03,26.90,NA,0.94,NA,NA,NA,NA,NA,NA,NA,NA,NA,NA,NA,NA,NA,NA,NA,NA,NA
2021-01-10 03:00:00,NA,51.52,8.15,19.56,27.71,NA,0.93,NA,NA,NA,NA,NA,NA,NA,NA,NA,NA,NA,NA,NA,NA,NA,NA,NA
2021-01-10 04:00:00,NA,47.72,8.36,19.64,28.01,NA,0.78,NA,NA,NA,NA,NA,NA,NA,NA,NA,NA,NA,NA,NA,NA,NA,NA,NA
2021-01-10 05:00:00,NA,47.40,9.09,19.46,28.54,NA,0.35,NA,NA,NA,NA,NA,NA,NA,NA,NA,NA,NA,NA,NA,NA,NA,NA,NA
2021-01-10 06:00:00,NA,55.92,8.84,20.10,28.94,NA,4.88,NA,NA,NA,NA,NA,NA,NA,NA,NA,NA,NA,NA,NA,NA,NA,NA,NA
2021-01-10 07:00:00,NA,67.30,8.30,19.14,27.45,NA,4.56,NA,NA,NA,NA,NA,NA,NA,NA,NA,NA,NA,NA,NA,NA,NA,NA,NA
2021-01-10 08:00:00,NA,76.84,8.83,19.32,28.15,NA,4.76,NA,NA,NA,NA,NA,NA,NA,NA,NA,NA,NA,NA,NA,NA,NA,NA,NA
2021-01-10 09:00:00,NA,77.10,8.02,19.41,27.44,NA,4.60,NA,NA,NA,NA,NA,NA,NA,NA,NA,NA,NA,NA,NA,NA,NA,NA,NA
2021-01-10 10:00:00,NA,80.72,8.81,19.31,28.12,NA,4.52,NA,NA,NA,NA,NA,NA,NA,NA,NA,NA,NA,NA,NA,NA,NA,NA,NA
2021-01-10 11:00:00,NA,87.66,10.64,20.70,31.34,NA,6.24,NA,NA,NA,NA,NA,NA,NA,NA,NA,NA,NA,NA,NA,NA,NA,NA,NA
2021-01-10 12:00:00,NA,82.52,8.41,19.93,28.33,NA,6.10,NA,NA,NA,NA,NA,NA,NA,NA,NA,NA,NA,NA,NA,NA,NA,NA,NA
2021-01-10 13:00:00,NA,72.02,10.64,20.70,31.35,NA,5.46,NA,NA,NA,NA,NA,NA,NA,NA,NA,NA,NA,NA,NA,NA,NA,NA,NA
2021-01-10 14:00:00,NA,63.44,9.80,20.60,30.40,NA,5.04,NA,NA,NA,NA,NA,NA,NA,NA,NA,NA,NA,NA,NA,NA,NA,NA,NA
2021-01-10 15:00:00,NA,67.56,9.56,20.48,30.02,NA,5.21,NA,NA,NA,NA,NA,NA,NA,NA,NA,NA,NA,NA,NA,NA,NA,NA,NA
2021-01-10 16:00:00,NA,74.54,10.24,20.98,31.21,NA,5.00,NA,NA,NA,NA,NA,NA,NA,NA,NA,NA,NA,NA,NA,NA,NA,NA,NA
2021-01-10 17:00:00,NA,81.52,8.82,21.39,30.21,NA,4.94,NA,NA,NA,NA,NA,NA,NA,NA,NA,NA,NA,NA,NA,NA,NA,NA,NA
2021-01-10 18:00:00,NA,97.62,8.80,20.21,29.00,NA,5.27,NA,NA,NA,NA,NA,NA,NA,NA,NA,NA,NA,NA,NA,NA,NA,NA,NA
2021-01-10 19:00:00,NA,98.86,8.64,20.34,28.98,NA,5.34,NA,NA,NA,NA,NA,NA,NA,NA,NA,NA,NA,NA,NA,NA,NA,NA,NA
2021-01-10 20:00:00,NA,105.82,9.50,20.46,29.96,NA,5.38,NA,NA,NA,NA,NA,NA,NA,NA,NA,NA,NA,NA,NA,NA,NA,NA,NA
2021-01-10 21:00:00,NA,104.00,8.00,21.08,29.08,NA,2.48,NA,NA,NA,NA,NA,NA,NA,NA,NA,NA,NA,NA,NA,NA,NA,NA,NA
2021-01-10 22:00:00,NA,92.58,8.03,20.80,28.82,NA,2.42,NA,NA,NA,NA,NA,NA,NA,NA,NA,NA,NA,NA,NA,NA,NA,NA,NA
2021-01-10 23:00:00,NA,99.22,8.33,20.18,28.51,NA,2.20,NA,NA,NA,NA,NA,NA,NA,NA,NA,NA,NA,NA,NA,NA,NA,NA,NA
2021-01-11 00:00:00,NA,90.90,8.99,20.09,29.08,NA,2.07,NA,NA,NA,NA,NA,NA,NA,NA,NA,NA,NA,NA,NA,NA,NA,NA,NA
2021-01-11 01:00:00,NA,81.04,10.88,21.04,31.92,NA,2.11,NA,NA,NA,NA,NA,NA,NA,NA,NA,NA,NA,NA,NA,NA,NA,NA,NA
2021-01-11 02:00:00,NA,77.84,9.04,21.05,30.09,NA,5.39,NA,NA,NA,NA,NA,NA,NA,NA,NA,NA,NA,NA,NA,NA,NA,NA,NA
2021-01-11 03:00:00,NA,65.90,8.09,20.16,28.24,NA,5.28,NA,NA,NA,NA,NA,NA,NA,NA,NA,NA,NA,NA,NA,NA,NA,NA,NA
2021-01-11 04:00:00,NA,67.30,8.88,20.41,29.28,NA,5.25,NA,NA,NA,NA,NA,NA,NA,NA,NA,NA,NA,NA,NA,NA,NA,NA,NA
2021-01-11 05:00:00,NA,74.70,8.89,20.05,28.94,NA,4.97,NA,NA,NA,NA,NA,NA,NA,NA,NA,NA,NA,NA,NA,NA,NA,NA,NA
2021-01-11 06:00:00,NA,81.34,8.77,19.82,28.59,NA,5.32,NA,NA,NA,NA,NA,NA,NA,NA,NA,NA,NA,NA,NA,NA,NA,NA,NA
2021-01-11 07:00:00,NA,110.54,9.60,20.54,30.14,NA,4.05,NA,NA,NA,NA,NA,NA,NA,NA,NA,NA,NA,NA,NA,NA,NA,NA,NA
2021-01-11 08:00:00,NA,118.38,10.01,21.24,31.24,NA,4.12,NA,NA,NA,NA,NA,NA,NA,NA,NA,NA,NA,NA,NA,NA,NA,NA,NA
2021-01-11 09:00:00,NA,103.40,11.50,21.12,32.63,NA,4.16,NA,NA,NA,NA,NA,NA,NA,NA,NA,NA,NA,NA,NA,NA,NA,NA,NA
2021-01-11 10:00:00,NA,104.30,9.37,20.51,29.88,NA,3.85,NA,NA,NA,NA,NA,NA,NA,NA,NA,NA,NA,NA,NA,NA,NA,NA,NA
2021-01-11 11:00:00,NA,98.68,3.61,14.31,12.62,NA,3.62,NA,NA,NA,NA,NA,NA,NA,NA,NA,NA,NA,NA,NA,NA,NA,NA,NA
2021-01-11 12:00:00,NA,75.60,4.09,15.62,19.71,NA,5.91,NA,NA,NA,NA,NA,NA,NA,NA,NA,NA,NA,NA,NA,NA,NA,NA,NA
2021-01-11 13:00:00,NA,62.72,4.10,15.57,19.67,NA,5.50,NA,NA,NA,NA,NA,NA,NA,NA,NA,NA,NA,NA,NA,NA,NA,NA,NA
2021-01-11 14:00:00,NA,67.64,4.47,15.44,19.92,NA,5.59,NA,NA,NA,NA,NA,NA,NA,NA,NA,NA,NA,NA,NA,NA,NA,NA,NA
2021-01-11 15:00:00,NA,52.44,4.64,15.93,20.57,NA,6.39,NA,NA,NA,NA,NA,NA,NA,NA,NA,NA,NA,NA,NA,NA,NA,NA,NA
2021-01-11 16:00:00,NA,395.98,4.10,15.86,19.95,NA,7.48,NA,NA,NA,NA,NA,NA,NA,NA,NA,NA,NA,NA,NA,NA,NA,NA,NA
2021-01-11 17:00:00,NA,145.99,4.59,15.76,20.31,NA,4.06,NA,NA,NA,NA,NA,NA,NA,NA,NA,NA,NA,NA,NA,NA,NA,NA,NA
2021-01-11 18:00:00,NA,141.54,5.30,15.89,21.19,NA,4.00,NA,NA,NA,NA,NA,NA,NA,NA,NA,NA,NA,NA,NA,NA,NA,NA,NA
2021-01-11 19:00:00,NA,163.87,5.07,16.10,21.17,NA,4.00,NA,NA,NA,NA,NA,NA,NA,NA,NA,NA,NA,NA,NA,NA,NA,NA,NA
2021-01-11 20:00:00,NA,161.71,4.62,15.92,20.54,NA,4.00,NA,NA,NA,NA,NA,NA,NA,NA,NA,NA,NA,NA,NA,NA,NA,NA,NA
2021-01-11 21:00:00,NA,171.11,5.60,16.46,22.06,NA,4.00,NA,NA,NA,NA,NA,NA,NA,NA,NA,NA,NA,NA,NA,NA,NA,NA,NA
2021-01-11 22:00:00,NA,156.22,5.19,16.34,21.54,NA,6.60,NA,NA,NA,NA,NA,NA,NA,NA,NA,NA,NA,NA,NA,NA,NA,NA,NA
2021-01-11 23:00:00,NA,140.35,4.60,17.25,21.81,NA,5.94,NA,NA,NA,NA,NA,NA,NA,NA,NA,NA,NA,NA,NA,NA,NA,NA,NA
2021-01-12 00:00:00,NA,111.16,5.43,18.05,23.46,NA,5.70,NA,NA,NA,NA,NA,NA,NA,NA,NA,NA,NA,NA,NA,NA,NA,NA,NA
2021-01-12 01:00:00,NA,84.92,7.45,18.60,26.04,NA,5.70,NA,NA,NA,NA,NA,NA,NA,NA,NA,NA,NA,NA,NA,NA,NA,NA,NA
2021-01-12 02:00:00,NA,62.89,7.40,19.07,26.42,NA,5.61,NA,NA,NA,NA,NA,NA,NA,NA,NA,NA,NA,NA,NA,NA,NA,NA,NA
2021-01-12 03:00:00,NA,55.68,5.26,18.76,24.01,NA,4.60,NA,NA,NA,NA,NA,NA,NA,NA,NA,NA,NA,NA,NA,NA,NA,NA,NA
2021-01-12 04:00:00,NA,52.61,6.65,19.26,25.92,NA,4.39,NA,NA,NA,NA,NA,NA,NA,NA,NA,NA,NA,NA,NA,NA,NA,NA,NA
2021-01-12 05:00:00,NA,55.89,8.41,19.98,28.40,NA,4.47,NA,NA,NA,NA,NA,NA,NA,NA,NA,NA,NA,NA,NA,NA,NA,NA,NA
2021-01-12 06:00:00,NA,47.15,6.40,18.78,25.17,NA,4.38,NA,NA,NA,NA,NA,NA,NA,NA,NA,NA,NA,NA,NA,NA,NA,NA,NA
2021-01-12 07:00:00,NA,77.58,4.89,18.79,23.44,NA,4.27,NA,NA,NA,NA,NA,NA,NA,NA,NA,NA,NA,NA,NA,NA,NA,NA,NA
2021-01-12 08:00:00,NA,108.70,6.29,19.82,26.11,NA,4.31,NA,NA,NA,NA,NA,NA,NA,NA,NA,NA,NA,NA,NA,NA,NA,NA,NA
2021-01-12 09:00:00,NA,117.12,4.67,18.84,23.49,NA,4.30,NA,NA,NA,NA,NA,NA,NA,NA,NA,NA,NA,NA,NA,NA,NA,NA,NA
2021-01-12 10:00:00,NA,100.15,4.61,19.34,23.96,NA,4.29,NA,NA,NA,NA,NA,NA,NA,NA,NA,NA,NA,NA,NA,NA,NA,NA,NA
2021-01-12 11:00:00,NA,104.37,16.49,20.56,37.05,NA,4.26,0.40,NA,NA,NA,NA,NA,NA,NA,NA,NA,NA,NA,NA,NA,NA,NA,NA
2021-01-12 12:00:00,NA,104.19,4.92,15.71,20.64,NA,4.26,0.63,NA,NA,NA,NA,NA,NA,NA,NA,NA,NA,NA,NA,NA,NA,NA,NA
2021-01-12 13:00:00,NA,93.92,4.82,15.39,20.21,NA,4.38,NA,NA,NA,NA,NA,NA,NA,NA,NA,NA,NA,NA,NA,NA,NA,NA,NA
2021-01-12 14:00:00,NA,97.61,5.42,15.50,20.92,NA,6.10,NA,NA,NA,NA,NA,NA,NA,NA,NA,NA,NA,NA,NA,NA,NA,NA,NA
2021-01-12 15:00:00,NA,87.04,3.55,14.52,17.97,NA,7.01,NA,NA,NA,NA,NA,NA,NA,NA,NA,NA,NA,NA,NA,NA,NA,NA,NA
2021-01-12 16:00:00,NA,85.16,4.26,15.08,19.34,NA,6.72,NA,NA,NA,NA,NA,NA,NA,NA,NA,NA,NA,NA,NA,NA,NA,NA,NA
2021-01-12 17:00:00,NA,122.92,4.54,15.21,19.75,NA,7.06,NA,NA,NA,NA,NA,NA,NA,NA,NA,NA,NA,NA,NA,NA,NA,NA,NA
2021-01-12 18:00:00,NA,168.50,4.30,15.20,19.50,NA,4.09,NA,NA,NA,NA,NA,NA,NA,NA,NA,NA,NA,NA,NA,NA,NA,NA,NA
2021-01-12 19:00:00,NA,188.37,3.80,14.62,18.42,NA,4.00,NA,NA,NA,NA,NA,NA,NA,NA,NA,NA,NA,NA,NA,NA,NA,NA,NA
2021-01-12 20:00:00,NA,190.34,4.64,15.02,19.66,NA,4.00,NA,NA,NA,NA,NA,NA,NA,NA,NA,NA,NA,NA,NA,NA,NA,NA,NA
2021-01-12 21:00:00,NA,187.47,4.58,15.02,19.60,NA,4.00,NA,NA,NA,NA,NA,NA,NA,NA,NA,NA,NA,NA,NA,NA,NA,NA,NA
2021-01-12 22:00:00,NA,165.06,4.17,14.48,18.65,NA,4.00,NA,NA,NA,NA,NA,NA,NA,NA,NA,NA,NA,NA,NA,NA,NA,NA,NA
2021-01-12 23:00:00,NA,152.52,3.85,14.82,18.67,NA,8.73,NA,NA,NA,NA,NA,NA,NA,NA,NA,NA,NA,NA,NA,NA,NA,NA,NA
2021-01-13 00:00:00,NA,132.64,4.53,14.92,19.45,NA,8.32,NA,NA,NA,NA,NA,NA,NA,NA,NA,NA,NA,NA,NA,NA,NA,NA,NA
2021-01-13 01:00:00,NA,106.53,4.71,15.00,19.71,NA,8.28,NA,NA,NA,NA,NA,NA,NA,NA,NA,NA,NA,NA,NA,NA,NA,NA,NA
2021-01-13 02:00:00,NA,92.53,4.49,14.75,19.24,NA,8.26,NA,NA,NA,NA,NA,NA,NA,NA,NA,NA,NA,NA,NA,NA,NA,NA,NA
2021-01-13 03:00:00,NA,89.29,4.18,15.15,19.33,NA,8.25,NA,NA,NA,NA,NA,NA,NA,NA,NA,NA,NA,NA,NA,NA,NA,NA,NA
2021-01-13 04:00:00,NA,70.90,4.23,15.02,19.25,NA,4.04,NA,NA,NA,NA,NA,NA,NA,NA,NA,NA,NA,NA,NA,NA,NA,NA,NA
2021-01-13 05:00:00,NA,72.89,4.03,14.84,18.88,NA,4.00,NA,NA,NA,NA,NA,NA,NA,NA,NA,NA,NA,NA,NA,NA,NA,NA,NA
2021-01-13 06:00:00,NA,85.60,4.62,15.08,19.70,NA,4.00,NA,NA,NA,NA,NA,NA,NA,NA,NA,NA,NA,NA,NA,NA,NA,NA,NA
2021-01-13 07:00:00,NA,95.07,3.94,14.90,18.84,NA,4.00,NA,NA,NA,NA,NA,NA,NA,NA,NA,NA,NA,NA,NA,NA,NA,NA,NA
2021-01-13 08:00:00,NA,95.92,4.56,14.63,19.19,NA,4.00,NA,NA,NA,NA,NA,NA,NA,NA,NA,NA,NA,NA,NA,NA,NA,NA,NA
2021-01-13 09:00:00,NA,106.92,4.83,14.93,19.76,NA,4.56,NA,NA,NA,NA,NA,NA,NA,NA,NA,NA,NA,NA,NA,NA,NA,NA,NA
2021-01-13 10:00:00,NA,98.11,4.23,14.87,19.10,NA,4.44,NA,NA,NA,NA,NA,NA,NA,NA,NA,NA,NA,NA,NA,NA,NA,NA,NA
2021-01-13 11:00:00,NA,91.84,4.14,14.93,19.07,NA,4.28,NA,NA,NA,NA,NA,NA,NA,NA,NA,NA,NA,NA,NA,NA,NA,NA,NA
2021-01-13 12:00:00,NA,86.57,4.79,14.76,19.54,NA,4.20,NA,NA,NA,NA,NA,NA,NA,NA,NA,NA,NA,NA,NA,NA,NA,NA,NA
2021-01-13 13:00:00,NA,75.67,4.61,15.08,19.69,NA,4.20,NA,NA,NA,NA,NA,NA,NA,NA,NA,NA,NA,NA,NA,NA,NA,NA,NA
2021-01-13 14:00:00,NA,82.27,4.91,14.82,19.74,NA,7.41,NA,NA,NA,NA,NA,NA,NA,NA,NA,NA,NA,NA,NA,NA,NA,NA,NA
2021-01-13 15:00:00,NA,64.84,4.09,14.45,18.54,NA,7.34,NA,NA,NA,NA,NA,NA,NA,NA,NA,NA,NA,NA,NA,NA,NA,NA,NA
2021-01-13 16:00:00,NA,71.99,4.24,14.74,18.98,NA,7.32,NA,NA,NA,NA,NA,NA,NA,NA,NA,NA,NA,NA,NA,NA,NA,NA,NA
2021-01-13 17:00:00,NA,105.02,4.28,14.76,19.04,NA,7.52,NA,NA,NA,NA,NA,NA,NA,NA,NA,NA,NA,NA,NA,NA,NA,NA,NA
2021-01-13 18:00:00,NA,126.72,3.98,14.89,18.87,NA,7.72,NA,NA,NA,NA,NA,NA,NA,NA,NA,NA,NA,NA,NA,NA,NA,NA,NA
2021-01-13 19:00:00,NA,151.72,4.99,14.98,19.96,NA,11.42,NA,NA,NA,NA,NA,NA,NA,NA,NA,NA,NA,NA,NA,NA,NA,NA,NA
2021-01-13 20:00:00,NA,166.78,5.31,15.20,20.51,NA,11.84,NA,NA,NA,NA,NA,NA,NA,NA,NA,NA,NA,NA,NA,NA,NA,NA,NA
2021-01-13 21:00:00,NA,165.44,4.67,14.70,19.37,NA,12.04,NA,NA,NA,NA,NA,NA,NA,NA,NA,NA,NA,NA,NA,NA,NA,NA,NA
2021-01-13 22:00:00,NA,146.49,4.42,14.86,19.28,NA,11.78,NA,NA,NA,NA,NA,NA,NA,NA,NA,NA,NA,NA,NA,NA,NA,NA,NA
2021-01-13 23:00:00,NA,126.02,4.40,14.84,19.24,NA,11.52,NA,NA,NA,NA,NA,NA,NA,NA,NA,NA,NA,NA,NA,NA,NA,NA,NA
2021-01-14 00:00:00,NA,100.94,4.36,14.50,18.86,NA,4.24,NA,NA,NA,NA,NA,NA,NA,NA,NA,NA,NA,NA,NA,NA,NA,NA,NA
2021-01-14 01:00:00,NA,79.90,5.01,15.10,20.11,NA,4.02,NA,NA,NA,NA,NA,NA,NA,NA,NA,NA,NA,NA,NA,NA,NA,NA,NA
2021-01-14 02:00:00,NA,81.88,4.84,14.93,19.77,NA,4.02,NA,NA,NA,NA,NA,NA,NA,NA,NA,NA,NA,NA,NA,NA,NA,NA,NA
2021-01-14 03:00:00,NA,74.54,4.10,14.83,18.93,NA,4.05,NA,NA,NA,NA,NA,NA,NA,NA,NA,NA,NA,NA,NA,NA,NA,NA,NA
2021-01-14 04:00:00,NA,69.52,4.24,15.00,19.24,NA,4.03,NA,NA,NA,NA,NA,NA,NA,NA,NA,NA,NA,NA,NA,NA,NA,NA,NA
2021-01-14 05:00:00,NA,77.89,4.96,15.20,20.16,NA,6.76,NA,NA,NA,NA,NA,NA,NA,NA,NA,NA,NA,NA,NA,NA,NA,NA,NA
2021-01-14 06:00:00,NA,80.01,4.20,14.89,19.09,NA,6.49,NA,NA,NA,NA,NA,NA,NA,NA,NA,NA,NA,NA,NA,NA,NA,NA,NA
2021-01-14 07:00:00,NA,101.57,4.61,15.03,19.64,NA,6.36,NA,NA,NA,NA,NA,NA,NA,NA,NA,NA,NA,NA,NA,NA,NA,NA,NA
2021-01-14 08:00:00,NA,121.14,4.30,14.92,19.21,NA,6.17,NA,NA,NA,NA,NA,NA,NA,NA,NA,NA,NA,NA,NA,NA,NA,NA,NA
2021-01-14 09:00:00,NA,121.97,3.92,14.47,18.38,NA,5.91,NA,NA,NA,NA,NA,NA,NA,NA,NA,NA,NA,NA,NA,NA,NA,NA,NA
2021-01-14 10:00:00,NA,96.52,4.61,14.71,19.32,NA,5.56,NA,NA,NA,NA,NA,NA,NA,NA,NA,NA,NA,NA,NA,NA,NA,NA,NA
2021-01-14 11:00:00,NA,NA,4.00,14.64,18.64,NA,5.60,NA,NA,NA,NA,NA,NA,NA,NA,NA,NA,NA,NA,NA,NA,NA,NA,NA
2021-01-14 12:00:00,NA,NA,4.21,15.14,19.36,NA,5.35,NA,NA,NA,NA,NA,NA,NA,NA,NA,NA,NA,NA,NA,NA,NA,NA,NA
2021-01-14 13:00:00,NA,NA,3.89,14.79,18.68,NA,5.36,NA,NA,NA,NA,NA,NA,NA,NA,NA,NA,NA,NA,NA,NA,NA,NA,NA
2021-01-14 14:00:00,NA,NA,3.62,14.59,18.22,NA,5.52,NA,NA,NA,NA,NA,NA,NA,NA,NA,NA,NA,NA,NA,NA,NA,NA,NA
2021-01-14 15:00:00,NA,NA,4.69,14.81,19.50,NA,7.60,NA,NA,NA,NA,NA,NA,NA,NA,NA,NA,NA,NA,NA,NA,NA,NA,NA
2021-01-14 16:00:00,NA,NA,4.49,14.98,19.47,NA,7.29,NA,NA,NA,NA,NA,NA,NA,NA,NA,NA,NA,NA,NA,NA,NA,NA,NA
2021-01-14 17:00:00,NA,NA,4.12,15.06,19.18,NA,7.58,NA,NA,NA,NA,NA,NA,NA,NA,NA,NA,NA,NA,NA,NA,NA,NA,NA
2021-01-14 18:00:00,NA,NA,3.80,14.44,18.24,NA,7.58,NA,NA,NA,NA,NA,NA,NA,NA,NA,NA,NA,NA,NA,NA,NA,NA,NA
2021-01-14 19:00:00,NA,NA,4.41,14.86,19.28,NA,7.61,NA,NA,NA,NA,NA,NA,NA,NA,NA,NA,NA,NA,NA,NA,NA,NA,NA
2021-01-14 20:00:00,NA,NA,4.72,14.70,19.41,NA,4.90,NA,NA,NA,NA,NA,NA,NA,NA,NA,NA,NA,NA,NA,NA,NA,NA,NA
2021-01-14 21:00:00,NA,NA,5.04,15.09,20.14,NA,5.20,NA,NA,NA,NA,NA,NA,NA,NA,NA,NA,NA,NA,NA,NA,NA,NA,NA
2021-01-14 22:00:00,NA,NA,4.43,14.76,19.20,NA,5.14,NA,NA,NA,NA,NA,NA,NA,NA,NA,NA,NA,NA,NA,NA,NA,NA,NA
2021-01-14 23:00:00,NA,NA,4.69,15.30,19.98,NA,5.16,NA,NA,NA,NA,NA,NA,NA,NA,NA,NA,NA,NA,NA,NA,NA,NA,NA
2021-01-15 00:00:00,NA,NA,4.16,14.58,18.74,NA,4.82,NA,NA,NA,NA,NA,NA,NA,NA,NA,NA,NA,NA,NA,NA,NA,NA,NA
2021-01-15 01:00:00,NA,NA,4.16,15.02,19.19,NA,4.16,NA,NA,NA,NA,NA,NA,NA,NA,NA,NA,NA,NA,NA,NA,NA,NA,NA
2021-01-15 02:00:00,NA,NA,4.62,15.04,19.67,NA,4.00,NA,NA,NA,NA,NA,NA,NA,NA,NA,NA,NA,NA,NA,NA,NA,NA,NA
2021-01-15 03:00:00,NA,NA,4.54,14.95,19.50,NA,4.04,NA,NA,NA,NA,NA,NA,NA,NA,NA,NA,NA,NA,NA,NA,NA,NA,NA
2021-01-15 04:00:00,NA,NA,4.13,14.59,18.73,NA,4.04,NA,NA,NA,NA,NA,NA,NA,NA,NA,NA,NA,NA,NA,NA,NA,NA,NA
2021-01-15 05:00:00,NA,NA,4.01,14.71,18.73,NA,4.02,NA,NA,NA,NA,NA,NA,NA,NA,NA,NA,NA,NA,NA,NA,NA,NA,NA
2021-01-15 06:00:00,NA,NA,4.46,15.02,19.48,NA,8.82,NA,NA,NA,NA,NA,NA,NA,NA,NA,NA,NA,NA,NA,NA,NA,NA,NA
2021-01-15 07:00:00,NA,NA,4.73,15.22,19.95,NA,8.43,NA,NA,NA,NA,NA,NA,NA,NA,NA,NA,NA,NA,NA,NA,NA,NA,NA
2021-01-15 08:00:00,NA,NA,4.98,14.85,19.83,NA,8.40,NA,NA,NA,NA,NA,NA,NA,NA,NA,NA,NA,NA,NA,NA,NA,NA,NA
2021-01-15 09:00:00,NA,NA,4.66,14.88,19.54,NA,8.35,NA,NA,NA,NA,NA,NA,NA,NA,NA,NA,NA,NA,NA,NA,NA,NA,NA
2021-01-15 10:00:00,NA,112.58,4.59,15.09,19.67,NA,8.43,NA,NA,NA,NA,NA,NA,NA,NA,NA,NA,NA,NA,NA,NA,NA,NA,NA
2021-01-15 11:00:00,NA,86.04,4.16,14.67,18.84,NA,5.40,1.78,NA,NA,NA,NA,NA,NA,NA,NA,NA,NA,NA,NA,NA,NA,NA,NA
2021-01-15 12:00:00,NA,NA,3.79,14.71,18.50,NA,4.84,1.76,NA,NA,NA,NA,NA,NA,NA,NA,NA,NA,NA,NA,NA,NA,NA,NA
2021-01-15 13:00:00,NA,107.23,4.09,14.80,18.90,NA,4.86,0.74,NA,NA,NA,NA,NA,NA,NA,NA,NA,NA,NA,NA,NA,NA,NA,NA
2021-01-15 14:00:00,NA,104.92,4.97,15.02,19.99,NA,4.46,0.40,NA,NA,NA,NA,NA,NA,NA,NA,NA,NA,NA,NA,NA,NA,NA,NA
2021-01-15 15:00:00,NA,108.92,4.52,15.06,19.58,NA,4.51,0.40,NA,NA,NA,NA,NA,NA,NA,NA,NA,NA,NA,NA,NA,NA,NA,NA
2021-01-15 16:00:00,NA,119.10,5.09,15.06,20.15,NA,5.79,0.40,NA,NA,NA,NA,NA,NA,NA,NA,NA,NA,NA,NA,NA,NA,NA,NA
2021-01-15 17:00:00,NA,119.48,4.23,15.23,19.46,NA,5.72,0.56,NA,NA,NA,NA,NA,NA,NA,NA,NA,NA,NA,NA,NA,NA,NA,NA
2021-01-15 18:00:00,NA,124.86,4.70,15.46,20.16,NA,5.89,1.24,NA,NA,NA,NA,NA,NA,NA,NA,NA,NA,NA,NA,NA,NA,NA,NA
2021-01-15 19:00:00,NA,115.87,4.73,15.32,20.05,NA,6.04,1.42,NA,NA,NA,NA,NA,NA,NA,NA,NA,NA,NA,NA,NA,NA,NA,NA
2021-01-15 20:00:00,NA,117.61,4.54,14.88,19.43,NA,6.12,1.19,NA,NA,NA,NA,NA,NA,NA,NA,NA,NA,NA,NA,NA,NA,NA,NA
2021-01-15 21:00:00,NA,141.37,4.40,15.21,19.62,NA,6.82,0.81,NA,NA,NA,NA,NA,NA,NA,NA,NA,NA,NA,NA,NA,NA,NA,NA
2021-01-15 22:00:00,NA,137.92,4.49,14.86,19.35,NA,6.62,0.45,NA,NA,NA,NA,NA,NA,NA,NA,NA,NA,NA,NA,NA,NA,NA,NA
2021-01-15 23:00:00,NA,97.90,4.38,14.80,19.18,NA,6.42,0.40,NA,NA,NA,NA,NA,NA,NA,NA,NA,NA,NA,NA,NA,NA,NA,NA
2021-01-16 00:00:00,NA,103.28,4.38,14.92,19.31,NA,6.39,0.40,NA,NA,NA,NA,NA,NA,NA,NA,NA,NA,NA,NA,NA,NA,NA,NA
2021-01-16 01:00:00,NA,99.22,4.54,15.15,19.69,NA,6.16,0.40,NA,NA,NA,NA,NA,NA,NA,NA,NA,NA,NA,NA,NA,NA,NA,NA
2021-01-16 02:00:00,NA,71.97,5.26,15.18,20.44,NA,9.94,0.40,NA,NA,NA,NA,NA,NA,NA,NA,NA,NA,NA,NA,NA,NA,NA,NA
2021-01-16 03:00:00,NA,74.45,4.33,14.74,19.06,NA,9.56,0.40,NA,NA,NA,NA,NA,NA,NA,NA,NA,NA,NA,NA,NA,NA,NA,NA
2021-01-16 04:00:00,NA,77.59,4.67,14.70,19.38,NA,9.60,0.40,NA,NA,NA,NA,NA,NA,NA,NA,NA,NA,NA,NA,NA,NA,NA,NA
2021-01-16 05:00:00,NA,77.78,4.30,14.97,19.27,NA,9.84,0.41,NA,NA,NA,NA,NA,NA,NA,NA,NA,NA,NA,NA,NA,NA,NA,NA
2021-01-16 06:00:00,NA,81.93,4.95,15.02,19.97,NA,9.66,0.49,NA,NA,NA,NA,NA,NA,NA,NA,NA,NA,NA,NA,NA,NA,NA,NA
2021-01-16 07:00:00,NA,103.84,4.39,15.04,19.42,NA,7.25,0.51,NA,NA,NA,NA,NA,NA,NA,NA,NA,NA,NA,NA,NA,NA,NA,NA
2021-01-16 08:00:00,NA,106.58,4.64,15.10,19.75,NA,7.14,0.53,NA,NA,NA,NA,NA,NA,NA,NA,NA,NA,NA,NA,NA,NA,NA,NA
2021-01-16 09:00:00,NA,104.10,4.39,14.68,19.07,NA,7.25,0.54,NA,NA,NA,NA,NA,NA,NA,NA,NA,NA,NA,NA,NA,NA,NA,NA
2021-01-16 10:00:00,NA,116.14,4.16,14.91,19.07,NA,7.35,0.59,NA,NA,NA,NA,NA,NA,NA,NA,NA,NA,NA,NA,NA,NA,NA,NA
2021-01-16 11:00:00,NA,90.79,3.68,14.36,18.02,NA,7.10,0.48,NA,NA,NA,NA,NA,NA,NA,NA,NA,NA,NA,NA,NA,NA,NA,NA
2021-01-16 12:00:00,NA,80.48,4.19,14.58,18.76,NA,7.84,0.44,NA,NA,NA,NA,NA,NA,NA,NA,NA,NA,NA,NA,NA,NA,NA,NA
2021-01-16 13:00:00,NA,109.40,4.98,14.86,19.84,NA,7.85,0.44,NA,NA,NA,NA,NA,NA,NA,NA,NA,NA,NA,NA,NA,NA,NA,NA
2021-01-16 14:00:00,NA,112.10,4.02,14.40,18.42,NA,7.89,0.54,NA,NA,NA,NA,NA,NA,NA,NA,NA,NA,NA,NA,NA,NA,NA,NA
2021-01-16 15:00:00,NA,98.18,4.25,14.67,18.92,NA,7.92,0.50,NA,NA,NA,NA,NA,NA,NA,NA,NA,NA,NA,NA,NA,NA,NA,NA
2021-01-16 16:00:00,NA,119.65,4.56,15.11,19.67,NA,8.25,0.52,NA,NA,NA,NA,NA,NA,NA,NA,NA,NA,NA,NA,NA,NA,NA,NA
2021-01-16 17:00:00,NA,124.13,4.83,14.90,19.73,NA,8.89,1.14,NA,NA,NA,NA,NA,NA,NA,NA,NA,NA,NA,NA,NA,NA,NA,NA
2021-01-16 18:00:00,NA,146.23,4.46,14.61,19.08,NA,9.13,1.36,NA,NA,NA,NA,NA,NA,NA,NA,NA,NA,NA,NA,NA,NA,NA,NA
2021-01-16 19:00:00,NA,132.64,4.88,15.38,20.27,NA,9.43,1.30,NA,NA,NA,NA,NA,NA,NA,NA,NA,NA,NA,NA,NA,NA,NA,NA
2021-01-16 20:00:00,NA,164.76,4.21,14.93,19.14,NA,9.62,1.13,NA,NA,NA,NA,NA,NA,NA,NA,NA,NA,NA,NA,NA,NA,NA,NA
2021-01-16 21:00:00,NA,148.88,4.49,15.10,19.59,NA,9.80,NA,NA,NA,NA,NA,NA,NA,NA,NA,NA,NA,NA,NA,NA,NA,NA,NA
2021-01-16 22:00:00,NA,134.85,4.86,15.10,19.95,NA,6.21,NA,NA,NA,NA,NA,NA,NA,NA,NA,NA,NA,NA,NA,NA,NA,NA,NA
2021-01-16 23:00:00,NA,119.95,4.56,14.70,19.26,NA,5.54,NA,NA,NA,NA,NA,NA,NA,NA,NA,NA,NA,NA,NA,NA,NA,NA,NA
2021-01-17 00:00:00,NA,103.92,4.31,15.02,19.33,NA,5.86,NA,NA,NA,NA,NA,NA,NA,NA,NA,NA,NA,NA,NA,NA,NA,NA,NA
2021-01-17 01:00:00,NA,85.69,3.83,14.90,18.73,NA,5.38,NA,NA,NA,NA,NA,NA,NA,NA,NA,NA,NA,NA,NA,NA,NA,NA,NA
2021-01-17 02:00:00,NA,84.28,3.92,14.71,18.63,NA,5.22,NA,NA,NA,NA,NA,NA,NA,NA,NA,NA,NA,NA,NA,NA,NA,NA,NA
2021-01-17 03:00:00,NA,77.72,4.55,14.74,19.29,NA,7.83,NA,NA,NA,NA,NA,NA,NA,NA,NA,NA,NA,NA,NA,NA,NA,NA,NA
2021-01-17 04:00:00,NA,71.46,3.90,14.19,18.08,NA,7.54,NA,NA,NA,NA,NA,NA,NA,NA,NA,NA,NA,NA,NA,NA,NA,NA,NA
2021-01-17 05:00:00,NA,60.53,4.50,14.63,19.14,NA,7.70,NA,NA,NA,NA,NA,NA,NA,NA,NA,NA,NA,NA,NA,NA,NA,NA,NA
2021-01-17 06:00:00,NA,72.56,4.27,14.66,18.93,NA,7.54,NA,NA,NA,NA,NA,NA,NA,NA,NA,NA,NA,NA,NA,NA,NA,NA,NA
2021-01-17 07:00:00,NA,97.35,4.12,14.71,18.83,NA,7.40,NA,NA,NA,NA,NA,NA,NA,NA,NA,NA,NA,NA,NA,NA,NA,NA,NA
2021-01-17 08:00:00,NA,94.33,4.57,14.87,19.44,NA,7.52,NA,NA,NA,NA,NA,NA,NA,NA,NA,NA,NA,NA,NA,NA,NA,NA,NA
2021-01-17 09:00:00,NA,109.44,4.15,14.56,18.72,NA,7.32,NA,NA,NA,NA,NA,NA,NA,NA,NA,NA,NA,NA,NA,NA,NA,NA,NA
2021-01-17 10:00:00,NA,87.60,4.21,14.68,18.90,NA,7.19,NA,NA,NA,NA,NA,NA,NA,NA,NA,NA,NA,NA,NA,NA,NA,NA,NA
2021-01-17 11:00:00,NA,NA,NA,NA,NA,NA,NA,NA,NA,NA,NA,NA,NA,NA,NA,NA,NA,NA,NA,NA,NA,NA,NA,NA
2021-01-17 12:00:00,NA,NA,NA,NA,NA,NA,NA,NA,NA,NA,NA,NA,NA,NA,NA,NA,NA,NA,NA,NA,NA,NA,NA,NA
2021-01-17 13:00:00,NA,NA,NA,NA,NA,NA,NA,NA,NA,NA,NA,NA,NA,NA,NA,NA,NA,NA,NA,NA,NA,NA,NA,NA
2021-01-17 14:00:00,NA,NA,NA,NA,NA,NA,NA,NA,NA,NA,NA,NA,NA,NA,NA,NA,NA,NA,NA,NA,NA,NA,NA,NA
2021-01-17 15:00:00,NA,NA,NA,NA,NA,NA,NA,NA,NA,NA,NA,NA,NA,NA,NA,NA,NA,NA,NA,NA,NA,NA,NA,NA
2021-01-17 16:00:00,NA,NA,NA,NA,NA,NA,NA,NA,NA,NA,NA,NA,NA,NA,NA,NA,NA,NA,NA,NA,NA,NA,NA,NA
2021-01-17 17:00:00,NA,NA,NA,NA,NA,NA,NA,NA,NA,NA,NA,NA,NA,NA,NA,NA,NA,NA,NA,NA,NA,NA,NA,NA
2021-01-17 18:00:00,NA,NA,NA,NA,NA,NA,NA,NA,NA,NA,NA,NA,NA,NA,NA,NA,NA,NA,NA,NA,NA,NA,NA,NA
2021-01-17 19:00:00,NA,NA,NA,NA,NA,NA,NA,NA,NA,NA,NA,NA,NA,NA,NA,NA,NA,NA,NA,NA,NA,NA,NA,NA
2021-01-17 20:00:00,NA,NA,NA,NA,NA,NA,NA,NA,NA,NA,NA,NA,NA,NA,NA,NA,NA,NA,NA,NA,NA,NA,NA,NA
2021-01-17 21:00:00,NA,NA,NA,NA,NA,NA,NA,NA,NA,NA,NA,NA,NA,NA,NA,NA,NA,NA,NA,NA,NA,NA,NA,NA
2021-01-17 22:00:00,NA,NA,NA,NA,NA,NA,NA,NA,NA,NA,NA,NA,NA,NA,NA,NA,NA,NA,NA,NA,NA,NA,NA,NA
2021-01-17 23:00:00,NA,NA,NA,NA,NA,NA,NA,NA,NA,NA,NA,NA,NA,NA,NA,NA,NA,NA,NA,NA,NA,NA,NA,NA
2021-01-18 00:00:00,NA,NA,NA,NA,NA,NA,NA,NA,NA,NA,NA,NA,NA,NA,NA,NA,NA,NA,NA,NA,NA,NA,NA,NA
2021-01-18 01:00:00,NA,NA,NA,NA,NA,NA,NA,NA,NA,NA,NA,NA,NA,NA,NA,NA,NA,NA,NA,NA,NA,NA,NA,NA
2021-01-18 02:00:00,NA,NA,NA,NA,NA,NA,NA,NA,NA,NA,NA,NA,NA,NA,NA,NA,NA,NA,NA,NA,NA,NA,NA,NA
2021-01-18 03:00:00,NA,NA,NA,NA,NA,NA,NA,NA,NA,NA,NA,NA,NA,NA,NA,NA,NA,NA,NA,NA,NA,NA,NA,NA
2021-01-18 04:00:00,NA,NA,NA,NA,NA,NA,NA,NA,NA,NA,NA,NA,NA,NA,NA,NA,NA,NA,NA,NA,NA,NA,NA,NA
2021-01-18 05:00:00,NA,NA,NA,NA,NA,NA,NA,NA,NA,NA,NA,NA,NA,NA,NA,NA,NA,NA,NA,NA,NA,NA,NA,NA
2021-01-18 06:00:00,NA,NA,NA,NA,NA,NA,NA,NA,NA,NA,NA,NA,NA,NA,NA,NA,NA,NA,NA,NA,NA,NA,NA,NA
2021-01-18 07:00:00,NA,NA,NA,NA,NA,NA,NA,NA,NA,NA,NA,NA,NA,NA,NA,NA,NA,NA,NA,NA,NA,NA,NA,NA
2021-01-18 08:00:00,NA,NA,NA,NA,NA,NA,NA,NA,NA,NA,NA,NA,NA,NA,NA,NA,NA,NA,NA,NA,NA,NA,NA,NA
2021-01-18 09:00:00,NA,73.06,4.39,14.58,18.98,NA,5.96,NA,NA,NA,NA,NA,NA,NA,NA,NA,NA,NA,NA,NA,NA,NA,NA,NA
2021-01-18 10:00:00,NA,82.67,4.18,14.38,18.56,NA,6.05,NA,NA,NA,NA,NA,NA,NA,NA,NA,NA,NA,NA,NA,NA,NA,NA,NA
2021-01-18 11:00:00,NA,74.52,4.13,14.70,18.82,NA,5.77,NA,NA,NA,NA,NA,NA,NA,NA,NA,NA,NA,NA,NA,NA,NA,NA,NA
2021-01-18 12:00:00,NA,63.75,4.52,14.49,19.02,NA,5.87,NA,NA,NA,NA,NA,NA,NA,NA,NA,NA,NA,NA,NA,NA,NA,NA,NA
2021-01-18 13:00:00,NA,65.27,4.39,14.68,19.07,NA,5.64,NA,NA,NA,NA,NA,NA,NA,NA,NA,NA,NA,NA,NA,NA,NA,NA,NA
2021-01-18 14:00:00,NA,100.75,5.02,14.77,19.79,NA,10.40,NA,NA,NA,NA,NA,NA,NA,NA,NA,NA,NA,NA,NA,NA,NA,NA,NA
2021-01-18 15:00:00,NA,92.56,4.97,15.20,20.18,NA,10.16,NA,NA,NA,NA,NA,NA,NA,NA,NA,NA,NA,NA,NA,NA,NA,NA,NA
2021-01-18 16:00:00,NA,83.66,5.80,15.46,21.26,NA,10.46,NA,NA,NA,NA,NA,NA,NA,NA,NA,NA,NA,NA,NA,NA,NA,NA,NA
2021-01-18 17:00:00,NA,112.93,6.63,16.10,22.73,NA,11.46,NA,NA,NA,NA,NA,NA,NA,NA,NA,NA,NA,NA,NA,NA,NA,NA,NA
2021-01-18 18:00:00,NA,116.07,6.58,16.01,22.58,NA,11.74,NA,NA,NA,NA,NA,NA,NA,NA,NA,NA,NA,NA,NA,NA,NA,NA,NA
2021-01-18 19:00:00,NA,132.99,7.34,16.56,23.90,NA,4.14,NA,NA,NA,NA,NA,NA,NA,NA,NA,NA,NA,NA,NA,NA,NA,NA,NA
2021-01-18 20:00:00,NA,132.66,7.06,17.25,24.32,NA,4.04,NA,NA,NA,NA,NA,NA,NA,NA,NA,NA,NA,NA,NA,NA,NA,NA,NA
2021-01-18 21:00:00,NA,107.78,7.08,16.77,23.86,NA,4.01,NA,NA,NA,NA,NA,NA,NA,NA,NA,NA,NA,NA,NA,NA,NA,NA,NA
2021-01-18 22:00:00,NA,112.00,5.88,16.38,22.26,NA,4.02,NA,NA,NA,NA,NA,NA,NA,NA,NA,NA,NA,NA,NA,NA,NA,NA,NA
2021-01-18 23:00:00,NA,103.71,7.06,17.57,24.62,NA,4.01,NA,NA,NA,NA,NA,NA,NA,NA,NA,NA,NA,NA,NA,NA,NA,NA,NA
2021-01-19 00:00:00,NA,84.74,7.80,17.65,25.45,NA,4.83,NA,NA,NA,NA,NA,NA,NA,NA,NA,NA,NA,NA,NA,NA,NA,NA,NA
2021-01-19 01:00:00,NA,70.21,5.09,16.90,21.96,NA,4.73,NA,NA,NA,NA,NA,NA,NA,NA,NA,NA,NA,NA,NA,NA,NA,NA,NA
2021-01-19 02:00:00,NA,65.04,5.70,16.81,22.52,NA,4.69,NA,NA,NA,NA,NA,NA,NA,NA,NA,NA,NA,NA,NA,NA,NA,NA,NA
2021-01-19 03:00:00,NA,60.36,5.93,16.53,22.46,NA,4.54,NA,NA,NA,NA,NA,NA,NA,NA,NA,NA,NA,NA,NA,NA,NA,NA,NA
2021-01-19 04:00:00,NA,74.25,6.94,16.70,23.65,NA,4.72,NA,NA,NA,NA,NA,NA,NA,NA,NA,NA,NA,NA,NA,NA,NA,NA,NA
2021-01-19 05:00:00,NA,68.79,8.86,17.49,26.35,NA,6.06,NA,NA,NA,NA,NA,NA,NA,NA,NA,NA,NA,NA,NA,NA,NA,NA,NA
2021-01-19 06:00:00,NA,76.41,6.37,17.12,23.49,NA,5.94,NA,NA,NA,NA,NA,NA,NA,NA,NA,NA,NA,NA,NA,NA,NA,NA,NA
2021-01-19 07:00:00,NA,82.93,6.88,17.20,24.07,NA,5.71,NA,NA,NA,NA,NA,NA,NA,NA,NA,NA,NA,NA,NA,NA,NA,NA,NA
2021-01-19 08:00:00,NA,100.04,7.26,17.28,24.54,NA,5.82,NA,NA,NA,NA,NA,NA,NA,NA,NA,NA,NA,NA,NA,NA,NA,NA,NA
2021-01-19 09:00:00,NA,105.44,3.11,14.34,14.57,NA,5.57,NA,NA,NA,NA,NA,NA,NA,NA,NA,NA,NA,NA,NA,NA,NA,NA,NA
2021-01-19 10:00:00,NA,68.57,4.14,14.70,18.84,NA,4.62,NA,NA,NA,NA,NA,NA,NA,NA,NA,NA,NA,NA,NA,NA,NA,NA,NA
2021-01-19 11:00:00,NA,75.88,5.22,15.18,20.40,NA,4.26,NA,NA,NA,NA,NA,NA,NA,NA,NA,NA,NA,NA,NA,NA,NA,NA,NA
2021-01-19 12:00:00,NA,86.92,4.82,14.77,19.59,NA,4.16,NA,NA,NA,NA,NA,NA,NA,NA,NA,NA,NA,NA,NA,NA,NA,NA,NA
2021-01-19 13:00:00,NA,80.96,3.97,14.59,18.57,NA,4.05,NA,NA,NA,NA,NA,NA,NA,NA,NA,NA,NA,NA,NA,NA,NA,NA,NA
2021-01-19 14:00:00,NA,94.57,4.79,14.76,19.56,NA,4.09,NA,NA,NA,NA,NA,NA,NA,NA,NA,NA,NA,NA,NA,NA,NA,NA,NA
2021-01-19 15:00:00,NA,100.22,4.44,15.02,19.46,NA,5.80,NA,NA,NA,NA,NA,NA,NA,NA,NA,NA,NA,NA,NA,NA,NA,NA,NA
2021-01-19 16:00:00,NA,102.54,4.57,15.07,19.64,NA,5.52,NA,NA,NA,NA,NA,NA,NA,NA,NA,NA,NA,NA,NA,NA,NA,NA,NA
2021-01-19 17:00:00,NA,115.36,4.40,14.73,19.13,NA,5.82,NA,NA,NA,NA,NA,NA,NA,NA,NA,NA,NA,NA,NA,NA,NA,NA,NA
2021-01-19 18:00:00,NA,118.11,5.15,15.45,20.60,NA,6.13,NA,NA,NA,NA,NA,NA,NA,NA,NA,NA,NA,NA,NA,NA,NA,NA,NA
2021-01-19 19:00:00,NA,138.44,5.54,15.06,20.60,NA,6.22,NA,NA,NA,NA,NA,NA,NA,NA,NA,NA,NA,NA,NA,NA,NA,NA,NA
2021-01-19 20:00:00,NA,165.12,3.98,15.56,19.54,NA,5.51,NA,NA,NA,NA,NA,NA,NA,NA,NA,NA,NA,NA,NA,NA,NA,NA,NA
2021-01-19 21:00:00,NA,157.04,4.38,15.39,19.77,NA,5.51,NA,NA,NA,NA,NA,NA,NA,NA,NA,NA,NA,NA,NA,NA,NA,NA,NA
2021-01-19 22:00:00,NA,140.44,4.55,15.30,19.86,NA,5.83,NA,NA,NA,NA,NA,NA,NA,NA,NA,NA,NA,NA,NA,NA,NA,NA,NA
2021-01-19 23:00:00,NA,133.75,4.67,14.89,19.56,NA,5.37,NA,NA,NA,NA,NA,NA,NA,NA,NA,NA,NA,NA,NA,NA,NA,NA,NA
2021-01-20 00:00:00,NA,115.86,4.80,15.29,20.09,NA,5.23,NA,NA,NA,NA,NA,NA,NA,NA,NA,NA,NA,NA,NA,NA,NA,NA,NA
2021-01-20 01:00:00,NA,111.30,3.27,14.51,17.79,NA,6.82,NA,NA,NA,NA,NA,NA,NA,NA,NA,NA,NA,NA,NA,NA,NA,NA,NA
2021-01-20 02:00:00,NA,77.42,4.42,14.89,19.30,NA,6.59,NA,NA,NA,NA,NA,NA,NA,NA,NA,NA,NA,NA,NA,NA,NA,NA,NA
2021-01-20 03:00:00,NA,81.25,5.17,15.43,20.60,NA,6.74,NA,NA,NA,NA,NA,NA,NA,NA,NA,NA,NA,NA,NA,NA,NA,NA,NA
2021-01-20 04:00:00,NA,94.57,5.18,15.34,20.52,NA,6.73,NA,NA,NA,NA,NA,NA,NA,NA,NA,NA,NA,NA,NA,NA,NA,NA,NA
2021-01-20 05:00:00,NA,114.96,3.70,14.99,18.69,NA,6.91,NA,NA,NA,NA,NA,NA,NA,NA,NA,NA,NA,NA,NA,NA,NA,NA,NA
2021-01-20 06:00:00,NA,103.72,4.43,15.23,19.66,NA,10.95,NA,NA,NA,NA,NA,NA,NA,NA,NA,NA,NA,NA,NA,NA,NA,NA,NA
2021-01-20 07:00:00,NA,140.37,4.11,14.68,18.80,NA,10.74,NA,NA,NA,NA,NA,NA,NA,NA,NA,NA,NA,NA,NA,NA,NA,NA,NA
2021-01-20 08:00:00,NA,166.42,4.91,15.35,20.26,NA,10.56,NA,NA,NA,NA,NA,NA,NA,NA,NA,NA,NA,NA,NA,NA,NA,NA,NA
2021-01-20 09:00:00,NA,154.54,5.43,15.26,20.69,NA,10.60,NA,NA,NA,NA,NA,NA,NA,NA,NA,NA,NA,NA,NA,NA,NA,NA,NA
2021-01-20 10:00:00,NA,117.72,4.40,15.12,19.53,NA,10.71,NA,NA,NA,NA,NA,NA,NA,NA,NA,NA,NA,NA,NA,NA,NA,NA,NA
2021-01-20 11:00:00,NA,136.58,3.47,14.58,17.97,NA,4.00,NA,NA,NA,NA,NA,NA,NA,NA,NA,NA,NA,NA,NA,NA,NA,NA,NA
2021-01-20 12:00:00,NA,98.00,5.00,15.15,20.16,NA,4.00,NA,NA,NA,NA,NA,NA,NA,NA,NA,NA,NA,NA,NA,NA,NA,NA,NA
2021-01-20 13:00:00,NA,149.18,5.50,15.27,20.77,NA,4.00,NA,NA,NA,NA,NA,NA,NA,NA,NA,NA,NA,NA,NA,NA,NA,NA,NA
2021-01-20 14:00:00,NA,123.00,4.63,15.17,19.80,NA,4.00,NA,NA,NA,NA,NA,NA,NA,NA,NA,NA,NA,NA,NA,NA,NA,NA,NA
2021-01-20 15:00:00,NA,123.64,5.59,15.69,21.28,NA,4.00,NA,NA,NA,NA,NA,NA,NA,NA,NA,NA,NA,NA,NA,NA,NA,NA,NA
2021-01-20 16:00:00,NA,122.08,4.72,15.28,20.00,NA,7.49,NA,NA,NA,NA,NA,NA,NA,NA,NA,NA,NA,NA,NA,NA,NA,NA,NA
2021-01-20 17:00:00,NA,133.67,5.03,15.10,20.13,NA,7.60,NA,NA,NA,NA,NA,NA,NA,NA,NA,NA,NA,NA,NA,NA,NA,NA,NA
2021-01-20 18:00:00,NA,127.63,5.16,15.15,20.31,NA,7.85,NA,NA,NA,NA,NA,NA,NA,NA,NA,NA,NA,NA,NA,NA,NA,NA,NA
2021-01-20 19:00:00,NA,146.80,4.64,15.34,19.97,NA,8.22,NA,NA,NA,NA,NA,NA,NA,NA,NA,NA,NA,NA,NA,NA,NA,NA,NA
2021-01-20 20:00:00,NA,164.00,4.85,15.18,20.03,NA,8.25,NA,NA,NA,NA,NA,NA,NA,NA,NA,NA,NA,NA,NA,NA,NA,NA,NA
2021-01-20 21:00:00,NA,165.12,5.09,15.57,20.66,NA,4.90,NA,NA,NA,NA,NA,NA,NA,NA,NA,NA,NA,NA,NA,NA,NA,NA,NA
2021-01-20 22:00:00,NA,145.80,4.60,15.39,19.99,NA,4.86,NA,NA,NA,NA,NA,NA,NA,NA,NA,NA,NA,NA,NA,NA,NA,NA,NA
2021-01-20 23:00:00,NA,121.34,5.35,15.38,20.73,NA,4.50,NA,NA,NA,NA,NA,NA,NA,NA,NA,NA,NA,NA,NA,NA,NA,NA,NA
2021-01-21 00:00:00,NA,111.81,4.70,15.20,19.91,NA,4.64,NA,NA,NA,NA,NA,NA,NA,NA,NA,NA,NA,NA,NA,NA,NA,NA,NA
2021-01-21 01:00:00,NA,105.98,5.29,15.65,20.94,NA,4.43,NA,NA,NA,NA,NA,NA,NA,NA,NA,NA,NA,NA,NA,NA,NA,NA,NA
2021-01-21 02:00:00,NA,92.10,5.36,15.20,20.56,NA,7.13,NA,NA,NA,NA,NA,NA,NA,NA,NA,NA,NA,NA,NA,NA,NA,NA,NA
2021-01-21 03:00:00,NA,80.87,4.31,15.34,19.66,NA,6.75,NA,NA,NA,NA,NA,NA,NA,NA,NA,NA,NA,NA,NA,NA,NA,NA,NA
2021-01-21 04:00:00,NA,87.24,5.53,15.62,21.16,NA,7.07,NA,NA,NA,NA,NA,NA,NA,NA,NA,NA,NA,NA,NA,NA,NA,NA,NA
2021-01-21 05:00:00,NA,88.38,4.33,15.23,19.56,NA,7.12,NA,NA,NA,NA,NA,NA,NA,NA,NA,NA,NA,NA,NA,NA,NA,NA,NA
2021-01-21 06:00:00,NA,91.96,4.74,15.16,19.90,NA,7.18,NA,NA,NA,NA,NA,NA,NA,NA,NA,NA,NA,NA,NA,NA,NA,NA,NA
2021-01-21 07:00:00,NA,123.82,4.58,15.05,19.63,NA,8.28,NA,NA,NA,NA,NA,NA,NA,NA,NA,NA,NA,NA,NA,NA,NA,NA,NA
2021-01-21 08:00:00,NA,116.77,4.86,15.46,20.33,NA,8.01,NA,NA,NA,NA,NA,NA,NA,NA,NA,NA,NA,NA,NA,NA,NA,NA,NA
2021-01-21 09:00:00,NA,118.13,4.67,15.30,19.97,NA,8.15,NA,NA,NA,NA,NA,NA,NA,NA,NA,NA,NA,NA,NA,NA,NA,NA,NA
2021-01-21 10:00:00,NA,103.74,5.60,15.60,21.20,NA,8.14,NA,NA,NA,NA,NA,NA,NA,NA,NA,NA,NA,NA,NA,NA,NA,NA,NA
2021-01-21 11:00:00,NA,92.04,5.54,15.15,20.69,NA,7.78,NA,NA,NA,NA,NA,NA,NA,NA,NA,NA,NA,NA,NA,NA,NA,NA,NA
2021-01-21 12:00:00,NA,102.59,9.03,17.30,26.33,NA,5.05,NA,NA,NA,NA,NA,NA,NA,NA,NA,NA,NA,NA,NA,NA,NA,NA,NA
2021-01-21 13:00:00,NA,94.66,2.06,14.22,14.60,NA,4.53,NA,NA,NA,NA,NA,NA,NA,NA,NA,NA,NA,NA,NA,NA,NA,NA,NA
2021-01-21 14:00:00,NA,97.75,4.26,14.73,19.00,NA,4.06,NA,NA,NA,NA,NA,NA,NA,NA,NA,NA,NA,NA,NA,NA,NA,NA,NA
2021-01-21 15:00:00,NA,104.27,4.40,14.95,19.36,NA,4.04,NA,NA,NA,NA,NA,NA,NA,NA,NA,NA,NA,NA,NA,NA,NA,NA,NA
2021-01-21 16:00:00,NA,129.70,5.16,14.92,20.08,NA,4.01,NA,NA,NA,NA,NA,NA,NA,NA,NA,NA,NA,NA,NA,NA,NA,NA,NA
2021-01-21 17:00:00,NA,146.78,4.99,15.10,20.09,NA,4.49,NA,NA,NA,NA,NA,NA,NA,NA,NA,NA,NA,NA,NA,NA,NA,NA,NA
2021-01-21 18:00:00,NA,145.90,5.02,15.46,20.49,NA,4.88,NA,NA,NA,NA,NA,NA,NA,NA,NA,NA,NA,NA,NA,NA,NA,NA,NA
2021-01-21 19:00:00,NA,171.12,4.82,16.14,20.97,NA,5.27,NA,NA,NA,NA,NA,NA,NA,NA,NA,NA,NA,NA,NA,NA,NA,NA,NA
2021-01-21 20:00:00,NA,188.62,4.08,14.80,18.84,NA,5.74,NA,NA,NA,NA,NA,NA,NA,NA,NA,NA,NA,NA,NA,NA,NA,NA,NA
2021-01-21 21:00:00,NA,191.87,4.51,15.60,20.11,NA,6.00,NA,NA,NA,NA,NA,NA,NA,NA,NA,NA,NA,NA,NA,NA,NA,NA,NA
2021-01-21 22:00:00,NA,173.42,5.35,15.97,21.32,NA,4.31,NA,NA,NA,NA,NA,NA,NA,NA,NA,NA,NA,NA,NA,NA,NA,NA,NA
2021-01-21 23:00:00,NA,153.55,4.44,15.09,19.52,NA,4.00,NA,NA,NA,NA,NA,NA,NA,NA,NA,NA,NA,NA,NA,NA,NA,NA,NA
2021-01-22 00:00:00,NA,128.81,5.02,15.44,20.46,NA,4.00,NA,NA,NA,NA,NA,NA,NA,NA,NA,NA,NA,NA,NA,NA,NA,NA,NA
2021-01-22 01:00:00,NA,102.72,4.74,15.46,20.20,NA,4.00,NA,NA,NA,NA,NA,NA,NA,NA,NA,NA,NA,NA,NA,NA,NA,NA,NA
2021-01-22 02:00:00,NA,89.02,4.67,14.81,19.48,NA,4.00,NA,NA,NA,NA,NA,NA,NA,NA,NA,NA,NA,NA,NA,NA,NA,NA,NA
2021-01-22 03:00:00,NA,74.26,4.78,15.75,20.52,NA,10.42,NA,NA,NA,NA,NA,NA,NA,NA,NA,NA,NA,NA,NA,NA,NA,NA,NA
2021-01-22 04:00:00,NA,70.48,4.46,15.23,19.69,NA,10.21,NA,NA,NA,NA,NA,NA,NA,NA,NA,NA,NA,NA,NA,NA,NA,NA,NA
2021-01-22 05:00:00,NA,63.32,5.28,15.27,20.55,NA,10.10,NA,NA,NA,NA,NA,NA,NA,NA,NA,NA,NA,NA,NA,NA,NA,NA,NA
2021-01-22 06:00:00,NA,69.54,5.79,15.51,21.30,NA,10.06,NA,NA,NA,NA,NA,NA,NA,NA,NA,NA,NA,NA,NA,NA,NA,NA,NA
2021-01-22 07:00:00,NA,83.57,5.66,15.84,21.50,NA,10.04,NA,NA,NA,NA,NA,NA,NA,NA,NA,NA,NA,NA,NA,NA,NA,NA,NA
2021-01-22 08:00:00,NA,98.04,4.53,16.05,20.58,NA,8.00,NA,NA,NA,NA,NA,NA,NA,NA,NA,NA,NA,NA,NA,NA,NA,NA,NA
2021-01-22 09:00:00,NA,68.14,4.58,15.15,19.73,NA,7.65,NA,NA,NA,NA,NA,NA,NA,NA,NA,NA,NA,NA,NA,NA,NA,NA,NA
2021-01-22 10:00:00,NA,103.66,4.14,15.48,19.61,NA,7.31,NA,NA,NA,NA,NA,NA,NA,NA,NA,NA,NA,NA,NA,NA,NA,NA,NA
2021-01-22 11:00:00,NA,68.19,4.83,15.52,20.35,NA,7.46,NA,NA,NA,NA,NA,NA,NA,NA,NA,NA,NA,NA,NA,NA,NA,NA,NA
2021-01-22 12:00:00,NA,76.03,4.38,15.50,19.88,NA,7.28,NA,NA,NA,NA,NA,NA,NA,NA,NA,NA,NA,NA,NA,NA,NA,NA,NA
2021-01-22 13:00:00,NA,84.85,4.53,14.83,19.36,NA,7.33,NA,NA,NA,NA,NA,NA,NA,NA,NA,NA,NA,NA,NA,NA,NA,NA,NA
2021-01-22 14:00:00,NA,98.64,3.96,14.92,18.89,NA,7.22,NA,NA,NA,NA,NA,NA,NA,NA,NA,NA,NA,NA,NA,NA,NA,NA,NA
2021-01-22 15:00:00,NA,112.85,4.48,15.31,19.79,NA,7.14,NA,NA,NA,NA,NA,NA,NA,NA,NA,NA,NA,NA,NA,NA,NA,NA,NA
2021-01-22 16:00:00,NA,127.30,4.56,15.23,19.79,NA,6.96,NA,NA,NA,NA,NA,NA,NA,NA,NA,NA,NA,NA,NA,NA,NA,NA,NA
2021-01-22 17:00:00,NA,122.00,11.71,18.44,30.14,NA,7.12,NA,NA,NA,NA,NA,NA,NA,NA,NA,NA,NA,NA,NA,NA,NA,NA,NA
2021-01-22 18:00:00,NA,138.64,5.52,15.57,21.08,NA,4.06,NA,NA,NA,NA,NA,NA,NA,NA,NA,NA,NA,NA,NA,NA,NA,NA,NA
2021-01-22 19:00:00,NA,186.62,5.60,16.17,21.77,NA,4.00,NA,NA,NA,NA,NA,NA,NA,NA,NA,NA,NA,NA,NA,NA,NA,NA,NA
2021-01-22 20:00:00,NA,200.24,4.20,15.96,20.16,NA,4.00,NA,NA,NA,NA,NA,NA,NA,NA,NA,NA,NA,NA,NA,NA,NA,NA,NA
2021-01-22 21:00:00,NA,168.65,5.26,16.11,21.36,NA,4.00,NA,NA,NA,NA,NA,NA,NA,NA,NA,NA,NA,NA,NA,NA,NA,NA,NA
2021-01-22 22:00:00,NA,141.77,5.18,16.01,21.19,NA,4.00,NA,NA,NA,NA,NA,NA,NA,NA,NA,NA,NA,NA,NA,NA,NA,NA,NA
2021-01-22 23:00:00,NA,128.53,5.39,15.67,21.06,NA,4.79,NA,NA,NA,NA,NA,NA,NA,NA,NA,NA,NA,NA,NA,NA,NA,NA,NA
2021-01-23 00:00:00,NA,101.06,5.23,16.48,21.70,NA,4.48,NA,NA,NA,NA,NA,NA,NA,NA,NA,NA,NA,NA,NA,NA,NA,NA,NA
2021-01-23 01:00:00,NA,111.41,4.54,15.93,20.48,NA,4.43,NA,NA,NA,NA,NA,NA,NA,NA,NA,NA,NA,NA,NA,NA,NA,NA,NA
2021-01-23 02:00:00,NA,104.26,4.74,16.26,21.01,NA,4.35,NA,NA,NA,NA,NA,NA,NA,NA,NA,NA,NA,NA,NA,NA,NA,NA,NA
2021-01-23 03:00:00,NA,95.19,4.05,16.12,20.18,NA,4.49,NA,NA,NA,NA,NA,NA,NA,NA,NA,NA,NA,NA,NA,NA,NA,NA,NA
2021-01-23 04:00:00,NA,80.94,4.48,15.76,20.25,NA,6.51,NA,NA,NA,NA,NA,NA,NA,NA,NA,NA,NA,NA,NA,NA,NA,NA,NA
2021-01-23 05:00:00,NA,92.82,4.35,16.22,20.56,NA,6.30,NA,NA,NA,NA,NA,NA,NA,NA,NA,NA,NA,NA,NA,NA,NA,NA,NA
2021-01-23 06:00:00,NA,84.80,5.72,16.92,22.63,NA,6.09,NA,NA,NA,NA,NA,NA,NA,NA,NA,NA,NA,NA,NA,NA,NA,NA,NA
2021-01-23 07:00:00,NA,99.50,5.42,16.75,22.16,NA,6.01,NA,NA,NA,NA,NA,NA,NA,NA,NA,NA,NA,NA,NA,NA,NA,NA,NA
2021-01-23 08:00:00,NA,106.74,5.28,16.26,21.54,NA,5.81,NA,NA,NA,NA,NA,NA,NA,NA,NA,NA,NA,NA,NA,NA,NA,NA,NA
2021-01-23 09:00:00,NA,109.90,5.28,15.98,21.26,NA,8.00,NA,NA,NA,NA,NA,NA,NA,NA,NA,NA,NA,NA,NA,NA,NA,NA,NA
2021-01-23 10:00:00,NA,108.28,3.46,15.60,19.03,NA,7.89,NA,NA,NA,NA,NA,NA,NA,NA,NA,NA,NA,NA,NA,NA,NA,NA,NA
2021-01-23 11:00:00,NA,98.60,4.82,16.01,20.84,NA,7.78,NA,NA,NA,NA,NA,NA,NA,NA,NA,NA,NA,NA,NA,NA,NA,NA,NA
2021-01-23 12:00:00,NA,92.62,5.41,16.32,21.73,NA,7.72,NA,NA,NA,NA,NA,NA,NA,NA,NA,NA,NA,NA,NA,NA,NA,NA,NA
2021-01-23 13:00:00,NA,120.34,5.40,15.86,21.26,NA,7.38,NA,NA,NA,NA,NA,NA,NA,NA,NA,NA,NA,NA,NA,NA,NA,NA,NA
2021-01-23 14:00:00,NA,131.86,4.65,16.04,20.69,NA,11.57,NA,NA,NA,NA,NA,NA,NA,NA,NA,NA,NA,NA,NA,NA,NA,NA,NA
2021-01-23 15:00:00,NA,130.25,4.15,15.80,19.96,NA,11.66,NA,NA,NA,NA,NA,NA,NA,NA,NA,NA,NA,NA,NA,NA,NA,NA,NA
2021-01-23 16:00:00,NA,127.75,5.39,15.96,21.35,NA,11.85,NA,NA,NA,NA,NA,NA,NA,NA,NA,NA,NA,NA,NA,NA,NA,NA,NA
2021-01-23 17:00:00,NA,134.17,4.06,15.78,19.84,NA,11.68,NA,NA,NA,NA,NA,NA,NA,NA,NA,NA,NA,NA,NA,NA,NA,NA,NA
2021-01-23 18:00:00,NA,160.66,5.19,15.59,20.78,NA,12.03,NA,NA,NA,NA,NA,NA,NA,NA,NA,NA,NA,NA,NA,NA,NA,NA,NA
2021-01-23 19:00:00,NA,178.14,4.03,16.00,20.02,NA,5.74,NA,NA,NA,NA,NA,NA,NA,NA,NA,NA,NA,NA,NA,NA,NA,NA,NA
2021-01-23 20:00:00,NA,169.88,5.67,16.19,21.86,NA,5.73,NA,NA,NA,NA,NA,NA,NA,NA,NA,NA,NA,NA,NA,NA,NA,NA,NA
2021-01-23 21:00:00,NA,171.33,4.47,15.82,20.29,NA,6.07,NA,NA,NA,NA,NA,NA,NA,NA,NA,NA,NA,NA,NA,NA,NA,NA,NA
2021-01-23 22:00:00,NA,158.02,4.98,15.90,20.88,NA,5.94,NA,NA,NA,NA,NA,NA,NA,NA,NA,NA,NA,NA,NA,NA,NA,NA,NA
2021-01-23 23:00:00,NA,133.65,4.43,16.38,20.81,NA,5.91,NA,NA,NA,NA,NA,NA,NA,NA,NA,NA,NA,NA,NA,NA,NA,NA,NA
2021-01-24 00:00:00,NA,105.10,5.68,16.00,21.68,NA,4.25,NA,NA,NA,NA,NA,NA,NA,NA,NA,NA,NA,NA,NA,NA,NA,NA,NA
2021-01-24 01:00:00,NA,113.98,4.86,15.80,20.65,NA,4.19,NA,NA,NA,NA,NA,NA,NA,NA,NA,NA,NA,NA,NA,NA,NA,NA,NA
2021-01-24 02:00:00,NA,80.56,5.44,16.01,21.45,NA,4.16,NA,NA,NA,NA,NA,NA,NA,NA,NA,NA,NA,NA,NA,NA,NA,NA,NA
2021-01-24 03:00:00,NA,78.92,5.11,16.24,21.36,NA,4.30,NA,NA,NA,NA,NA,NA,NA,NA,NA,NA,NA,NA,NA,NA,NA,NA,NA
2021-01-24 04:00:00,NA,80.90,4.07,16.30,20.37,NA,4.16,NA,NA,NA,NA,NA,NA,NA,NA,NA,NA,NA,NA,NA,NA,NA,NA,NA
2021-01-24 05:00:00,NA,70.59,5.80,15.97,21.76,NA,11.35,NA,NA,NA,NA,NA,NA,NA,NA,NA,NA,NA,NA,NA,NA,NA,NA,NA
2021-01-24 06:00:00,NA,60.49,4.70,15.79,20.50,NA,11.47,NA,NA,NA,NA,NA,NA,NA,NA,NA,NA,NA,NA,NA,NA,NA,NA,NA
2021-01-24 07:00:00,NA,91.00,4.41,15.68,20.09,NA,11.42,NA,NA,NA,NA,NA,NA,NA,NA,NA,NA,NA,NA,NA,NA,NA,NA,NA
2021-01-24 08:00:00,NA,99.91,4.33,16.20,20.52,NA,11.28,NA,NA,NA,NA,NA,NA,NA,NA,NA,NA,NA,NA,NA,NA,NA,NA,NA
2021-01-24 09:00:00,NA,93.76,5.00,16.28,21.28,NA,11.24,NA,NA,NA,NA,NA,NA,NA,NA,NA,NA,NA,NA,NA,NA,NA,NA,NA
2021-01-24 10:00:00,NA,90.33,5.07,16.18,21.24,NA,7.35,NA,NA,NA,NA,NA,NA,NA,NA,NA,NA,NA,NA,NA,NA,NA,NA,NA
2021-01-24 11:00:00,NA,82.03,4.80,15.58,20.37,NA,7.20,NA,NA,NA,NA,NA,NA,NA,NA,NA,NA,NA,NA,NA,NA,NA,NA,NA
2021-01-24 12:00:00,NA,79.42,4.50,16.05,20.55,NA,7.08,NA,NA,NA,NA,NA,NA,NA,NA,NA,NA,NA,NA,NA,NA,NA,NA,NA
2021-01-24 13:00:00,NA,96.46,5.19,16.32,21.52,NA,7.17,NA,NA,NA,NA,NA,NA,NA,NA,NA,NA,NA,NA,NA,NA,NA,NA,NA
2021-01-24 14:00:00,NA,97.48,5.31,16.09,21.40,NA,6.90,NA,NA,NA,NA,NA,NA,NA,NA,NA,NA,NA,NA,NA,NA,NA,NA,NA
2021-01-24 15:00:00,NA,101.18,4.46,15.80,20.26,NA,4.10,NA,NA,NA,NA,NA,NA,NA,NA,NA,NA,NA,NA,NA,NA,NA,NA,NA
2021-01-24 16:00:00,NA,110.54,4.73,15.57,20.30,NA,4.10,NA,NA,NA,NA,NA,NA,NA,NA,NA,NA,NA,NA,NA,NA,NA,NA,NA
2021-01-24 17:00:00,NA,112.52,4.68,15.59,20.27,NA,4.11,NA,NA,NA,NA,NA,NA,NA,NA,NA,NA,NA,NA,NA,NA,NA,NA,NA
2021-01-24 18:00:00,NA,120.84,4.13,15.82,19.95,NA,4.50,NA,NA,NA,NA,NA,NA,NA,NA,NA,NA,NA,NA,NA,NA,NA,NA,NA
2021-01-24 19:00:00,NA,150.61,4.28,16.16,20.44,NA,4.53,NA,NA,NA,NA,NA,NA,NA,NA,NA,NA,NA,NA,NA,NA,NA,NA,NA
2021-01-24 20:00:00,NA,193.12,4.11,15.92,20.03,NA,7.02,NA,NA,NA,NA,NA,NA,NA,NA,NA,NA,NA,NA,NA,NA,NA,NA,NA
2021-01-24 21:00:00,NA,187.74,5.22,15.82,21.04,NA,6.94,NA,NA,NA,NA,NA,NA,NA,NA,NA,NA,NA,NA,NA,NA,NA,NA,NA
2021-01-24 22:00:00,NA,163.61,4.69,15.81,20.50,NA,7.28,NA,NA,NA,NA,NA,NA,NA,NA,NA,NA,NA,NA,NA,NA,NA,NA,NA
2021-01-24 23:00:00,NA,136.18,4.14,15.54,19.68,NA,7.11,NA,NA,NA,NA,NA,NA,NA,NA,NA,NA,NA,NA,NA,NA,NA,NA,NA
2021-01-25 00:00:00,NA,100.64,5.13,16.62,21.75,NA,7.10,NA,NA,NA,NA,NA,NA,NA,NA,NA,NA,NA,NA,NA,NA,NA,NA,NA
2021-01-25 01:00:00,NA,102.76,4.34,15.63,19.97,NA,6.30,NA,NA,NA,NA,NA,NA,NA,NA,NA,NA,NA,NA,NA,NA,NA,NA,NA
2021-01-25 02:00:00,NA,82.94,5.57,15.90,21.47,NA,6.23,NA,NA,NA,NA,NA,NA,NA,NA,NA,NA,NA,NA,NA,NA,NA,NA,NA
2021-01-25 03:00:00,NA,63.40,5.34,16.33,21.67,NA,5.95,NA,NA,NA,NA,NA,NA,NA,NA,NA,NA,NA,NA,NA,NA,NA,NA,NA
2021-01-25 04:00:00,NA,63.20,5.00,16.07,21.08,NA,6.27,NA,NA,NA,NA,NA,NA,NA,NA,NA,NA,NA,NA,NA,NA,NA,NA,NA
2021-01-25 05:00:00,NA,80.30,5.03,15.86,20.89,NA,6.40,NA,NA,NA,NA,NA,NA,NA,NA,NA,NA,NA,NA,NA,NA,NA,NA,NA
2021-01-25 06:00:00,NA,87.96,4.78,15.66,20.43,NA,4.38,NA,NA,NA,NA,NA,NA,NA,NA,NA,NA,NA,NA,NA,NA,NA,NA,NA
2021-01-25 07:00:00,NA,108.34,4.08,15.97,20.01,NA,4.37,NA,NA,NA,NA,NA,NA,NA,NA,NA,NA,NA,NA,NA,NA,NA,NA,NA
2021-01-25 08:00:00,NA,113.51,4.78,15.93,20.71,NA,4.36,NA,NA,NA,NA,NA,NA,NA,NA,NA,NA,NA,NA,NA,NA,NA,NA,NA
2021-01-25 09:00:00,NA,99.52,4.22,16.27,20.50,NA,4.26,NA,NA,NA,NA,NA,NA,NA,NA,NA,NA,NA,NA,NA,NA,NA,NA,NA
2021-01-25 10:00:00,NA,106.46,4.38,15.76,20.14,NA,4.23,NA,NA,NA,NA,NA,NA,NA,NA,NA,NA,NA,NA,NA,NA,NA,NA,NA
2021-01-25 11:00:00,NA,68.74,4.36,15.82,20.12,NA,4.00,NA,NA,NA,NA,NA,NA,NA,NA,NA,NA,NA,NA,NA,NA,NA,NA,NA
2021-01-25 12:00:00,NA,65.90,5.35,15.74,21.09,NA,4.00,NA,NA,NA,NA,NA,NA,NA,NA,NA,NA,NA,NA,NA,NA,NA,NA,NA
2021-01-25 13:00:00,NA,89.54,5.40,16.20,21.61,NA,4.00,NA,NA,NA,NA,NA,NA,NA,NA,NA,NA,NA,NA,NA,NA,NA,NA,NA
2021-01-25 14:00:00,NA,101.28,4.89,16.06,20.95,NA,4.00,NA,NA,NA,NA,NA,NA,NA,NA,NA,NA,NA,NA,NA,NA,NA,NA,NA
2021-01-25 15:00:00,NA,107.16,5.04,15.99,21.04,NA,4.00,NA,NA,NA,NA,NA,NA,NA,NA,NA,NA,NA,NA,NA,NA,NA,NA,NA
2021-01-25 16:00:00,NA,116.81,4.53,15.83,20.35,NA,5.98,NA,NA,NA,NA,NA,NA,NA,NA,NA,NA,NA,NA,NA,NA,NA,NA,NA
2021-01-25 17:00:00,NA,99.67,4.55,15.46,20.01,NA,5.98,NA,NA,NA,NA,NA,NA,NA,NA,NA,NA,NA,NA,NA,NA,NA,NA,NA
2021-01-25 18:00:00,NA,101.75,4.06,15.32,19.37,NA,5.96,NA,NA,NA,NA,NA,NA,NA,NA,NA,NA,NA,NA,NA,NA,NA,NA,NA
2021-01-25 19:00:00,NA,151.79,5.20,15.84,21.04,NA,6.24,NA,NA,NA,NA,NA,NA,NA,NA,NA,NA,NA,NA,NA,NA,NA,NA,NA
2021-01-25 20:00:00,NA,142.62,4.96,15.38,20.34,NA,6.41,NA,NA,NA,NA,NA,NA,NA,NA,NA,NA,NA,NA,NA,NA,NA,NA,NA
2021-01-25 21:00:00,NA,149.29,5.08,15.97,21.04,NA,9.07,NA,NA,NA,NA,NA,NA,NA,NA,NA,NA,NA,NA,NA,NA,NA,NA,NA
2021-01-25 22:00:00,NA,161.07,5.90,16.10,22.00,NA,9.43,NA,NA,NA,NA,NA,NA,NA,NA,NA,NA,NA,NA,NA,NA,NA,NA,NA
2021-01-25 23:00:00,NA,130.93,5.62,16.09,21.70,NA,9.09,NA,NA,NA,NA,NA,NA,NA,NA,NA,NA,NA,NA,NA,NA,NA,NA,NA
2021-01-26 00:00:00,NA,120.02,4.57,16.63,21.20,NA,9.02,NA,NA,NA,NA,NA,NA,NA,NA,NA,NA,NA,NA,NA,NA,NA,NA,NA
2021-01-26 01:00:00,NA,105.33,4.15,15.72,19.88,NA,8.96,NA,NA,NA,NA,NA,NA,NA,NA,NA,NA,NA,NA,NA,NA,NA,NA,NA
2021-01-26 02:00:00,NA,89.74,4.99,16.70,21.69,NA,7.00,NA,NA,NA,NA,NA,NA,NA,NA,NA,NA,NA,NA,NA,NA,NA,NA,NA
2021-01-26 03:00:00,NA,82.38,4.46,15.84,20.29,NA,6.90,NA,NA,NA,NA,NA,NA,NA,NA,NA,NA,NA,NA,NA,NA,NA,NA,NA
2021-01-26 04:00:00,NA,62.33,4.87,16.32,21.19,NA,7.04,NA,NA,NA,NA,NA,NA,NA,NA,NA,NA,NA,NA,NA,NA,NA,NA,NA
2021-01-26 05:00:00,NA,46.97,4.88,16.00,20.87,NA,7.23,NA,NA,NA,NA,NA,NA,NA,NA,NA,NA,NA,NA,NA,NA,NA,NA,NA
2021-01-26 06:00:00,NA,84.54,5.14,16.13,21.27,NA,7.08,NA,NA,NA,NA,NA,NA,NA,NA,NA,NA,NA,NA,NA,NA,NA,NA,NA
2021-01-26 07:00:00,NA,94.10,5.24,16.22,21.44,NA,7.75,NA,NA,NA,NA,NA,NA,NA,NA,NA,NA,NA,NA,NA,NA,NA,NA,NA
2021-01-26 08:00:00,NA,116.44,5.30,15.89,21.19,NA,7.54,NA,NA,NA,NA,NA,NA,NA,NA,NA,NA,NA,NA,NA,NA,NA,NA,NA
2021-01-26 09:00:00,NA,101.39,3.74,15.37,19.05,NA,7.30,NA,NA,NA,NA,NA,NA,NA,NA,NA,NA,NA,NA,NA,NA,NA,NA,NA
2021-01-26 10:00:00,NA,91.22,4.76,15.96,20.73,NA,7.09,NA,NA,NA,NA,NA,NA,NA,NA,NA,NA,NA,NA,NA,NA,NA,NA,NA
2021-01-26 11:00:00,NA,74.31,5.01,16.08,21.09,NA,7.12,NA,NA,NA,NA,NA,NA,NA,NA,NA,NA,NA,NA,NA,NA,NA,NA,NA
2021-01-26 12:00:00,NA,72.14,4.44,15.74,20.19,NA,10.14,NA,NA,NA,NA,NA,NA,NA,NA,NA,NA,NA,NA,NA,NA,NA,NA,NA
2021-01-26 13:00:00,NA,87.28,4.95,15.86,20.82,NA,9.96,NA,NA,NA,NA,NA,NA,NA,NA,NA,NA,NA,NA,NA,NA,NA,NA,NA
2021-01-26 14:00:00,NA,82.39,4.04,15.43,19.47,NA,10.28,NA,NA,NA,NA,NA,NA,NA,NA,NA,NA,NA,NA,NA,NA,NA,NA,NA
2021-01-26 15:00:00,NA,78.94,4.18,16.17,20.35,NA,10.01,NA,NA,NA,NA,NA,NA,NA,NA,NA,NA,NA,NA,NA,NA,NA,NA,NA
2021-01-26 16:00:00,NA,78.16,5.19,16.11,21.30,NA,9.93,NA,NA,NA,NA,NA,NA,NA,NA,NA,NA,NA,NA,NA,NA,NA,NA,NA
2021-01-26 17:00:00,NA,95.65,4.93,15.67,20.60,NA,4.77,NA,NA,NA,NA,NA,NA,NA,NA,NA,NA,NA,NA,NA,NA,NA,NA,NA
2021-01-26 18:00:00,NA,101.49,4.84,15.94,20.78,NA,4.76,NA,NA,NA,NA,NA,NA,NA,NA,NA,NA,NA,NA,NA,NA,NA,NA,NA
2021-01-26 19:00:00,NA,125.42,4.97,15.68,20.65,NA,4.85,NA,NA,NA,NA,NA,NA,NA,NA,NA,NA,NA,NA,NA,NA,NA,NA,NA
2021-01-26 20:00:00,NA,145.03,4.92,15.92,20.84,NA,4.85,NA,NA,NA,NA,NA,NA,NA,NA,NA,NA,NA,NA,NA,NA,NA,NA,NA
2021-01-26 21:00:00,NA,118.70,5.23,16.30,21.52,NA,5.05,NA,NA,NA,NA,NA,NA,NA,NA,NA,NA,NA,NA,NA,NA,NA,NA,NA
2021-01-26 22:00:00,NA,144.69,4.65,15.86,20.52,NA,6.78,NA,NA,NA,NA,NA,NA,NA,NA,NA,NA,NA,NA,NA,NA,NA,NA,NA
2021-01-26 23:00:00,NA,135.51,4.70,16.02,20.72,NA,6.64,NA,NA,NA,NA,NA,NA,NA,NA,NA,NA,NA,NA,NA,NA,NA,NA,NA
2021-01-27 00:00:00,NA,113.54,5.12,16.06,21.18,NA,6.46,NA,NA,NA,NA,NA,NA,NA,NA,NA,NA,NA,NA,NA,NA,NA,NA,NA
2021-01-27 01:00:00,NA,92.55,5.28,15.90,21.18,NA,6.49,NA,NA,NA,NA,NA,NA,NA,NA,NA,NA,NA,NA,NA,NA,NA,NA,NA
2021-01-27 02:00:00,NA,82.06,3.63,15.70,19.30,NA,6.40,NA,NA,NA,NA,NA,NA,NA,NA,NA,NA,NA,NA,NA,NA,NA,NA,NA
2021-01-27 03:00:00,NA,66.88,4.74,15.72,20.45,NA,7.79,NA,NA,NA,NA,NA,NA,NA,NA,NA,NA,NA,NA,NA,NA,NA,NA,NA
2021-01-27 04:00:00,NA,77.33,4.24,16.01,20.25,NA,7.76,NA,NA,NA,NA,NA,NA,NA,NA,NA,NA,NA,NA,NA,NA,NA,NA,NA
2021-01-27 05:00:00,NA,75.54,4.68,16.26,20.93,NA,7.98,NA,NA,NA,NA,NA,NA,NA,NA,NA,NA,NA,NA,NA,NA,NA,NA,NA
2021-01-27 06:00:00,NA,82.84,6.22,16.40,22.62,NA,7.77,NA,NA,NA,NA,NA,NA,NA,NA,NA,NA,NA,NA,NA,NA,NA,NA,NA
2021-01-27 07:00:00,NA,92.56,5.00,16.27,21.26,NA,7.85,NA,NA,NA,NA,NA,NA,NA,NA,NA,NA,NA,NA,NA,NA,NA,NA,NA
2021-01-27 08:00:00,NA,118.59,4.27,15.65,19.90,NA,8.23,NA,NA,NA,NA,NA,NA,NA,NA,NA,NA,NA,NA,NA,NA,NA,NA,NA
2021-01-27 09:00:00,NA,111.69,3.94,15.76,19.68,NA,8.24,1.83,NA,NA,NA,NA,NA,NA,NA,NA,NA,NA,NA,NA,NA,NA,NA,NA
2021-01-27 10:00:00,NA,102.31,5.15,15.89,21.04,NA,8.15,0.60,NA,NA,NA,NA,NA,NA,NA,NA,NA,NA,NA,NA,NA,NA,NA,NA
2021-01-27 11:00:00,NA,84.37,5.51,16.13,21.64,NA,8.16,0.53,NA,NA,NA,NA,NA,NA,NA,NA,NA,NA,NA,NA,NA,NA,NA,NA
2021-01-27 12:00:00,NA,80.70,5.14,15.88,21.02,NA,8.11,0.79,NA,NA,NA,NA,NA,NA,NA,NA,NA,NA,NA,NA,NA,NA,NA,NA
2021-01-27 13:00:00,NA,90.92,3.97,15.88,19.84,NA,7.83,0.82,NA,NA,NA,NA,NA,NA,NA,NA,NA,NA,NA,NA,NA,NA,NA,NA
2021-01-27 14:00:00,NA,98.72,5.18,15.98,21.15,NA,7.80,0.73,NA,NA,NA,NA,NA,NA,NA,NA,NA,NA,NA,NA,NA,NA,NA,NA
2021-01-27 15:00:00,NA,112.63,4.95,15.84,20.78,NA,7.79,0.90,NA,NA,NA,NA,NA,NA,NA,NA,NA,NA,NA,NA,NA,NA,NA,NA
2021-01-27 16:00:00,NA,82.88,5.45,16.46,21.92,NA,7.66,1.25,NA,NA,NA,NA,NA,NA,NA,NA,NA,NA,NA,NA,NA,NA,NA,NA
2021-01-27 17:00:00,NA,119.04,3.40,15.50,18.91,NA,7.74,1.70,NA,NA,NA,NA,NA,NA,NA,NA,NA,NA,NA,NA,NA,NA,NA,NA
2021-01-27 18:00:00,NA,127.58,4.50,15.94,20.44,NA,6.14,2.04,NA,NA,NA,NA,NA,NA,NA,NA,NA,NA,NA,NA,NA,NA,NA,NA
2021-01-27 19:00:00,NA,167.00,4.87,15.74,20.61,NA,6.11,1.96,NA,NA,NA,NA,NA,NA,NA,NA,NA,NA,NA,NA,NA,NA,NA,NA
2021-01-27 20:00:00,NA,181.08,5.36,16.12,21.48,NA,6.05,1.39,NA,NA,NA,NA,NA,NA,NA,NA,NA,NA,NA,NA,NA,NA,NA,NA
2021-01-27 21:00:00,NA,154.45,4.39,15.26,19.65,NA,6.02,1.09,NA,NA,NA,NA,NA,NA,NA,NA,NA,NA,NA,NA,NA,NA,NA,NA
2021-01-27 22:00:00,NA,145.36,4.41,15.60,20.01,NA,6.29,0.74,NA,NA,NA,NA,NA,NA,NA,NA,NA,NA,NA,NA,NA,NA,NA,NA
2021-01-27 23:00:00,NA,134.88,5.56,16.28,21.84,NA,6.68,0.54,NA,NA,NA,NA,NA,NA,NA,NA,NA,NA,NA,NA,NA,NA,NA,NA
2021-01-28 00:00:00,NA,128.41,5.27,16.12,21.40,NA,6.10,0.60,NA,NA,NA,NA,NA,NA,NA,NA,NA,NA,NA,NA,NA,NA,NA,NA
2021-01-28 01:00:00,NA,123.41,3.65,15.52,19.18,NA,6.17,0.75,NA,NA,NA,NA,NA,NA,NA,NA,NA,NA,NA,NA,NA,NA,NA,NA
2021-01-28 02:00:00,NA,111.66,5.22,15.82,21.04,NA,6.10,0.84,NA,NA,NA,NA,NA,NA,NA,NA,NA,NA,NA,NA,NA,NA,NA,NA
2021-01-28 03:00:00,NA,97.40,4.74,16.22,20.96,NA,6.10,1.05,NA,NA,NA,NA,NA,NA,NA,NA,NA,NA,NA,NA,NA,NA,NA,NA
2021-01-28 04:00:00,NA,81.09,3.97,15.88,19.84,NA,5.99,1.47,NA,NA,NA,NA,NA,NA,NA,NA,NA,NA,NA,NA,NA,NA,NA,NA
2021-01-28 05:00:00,NA,88.87,4.46,15.68,20.14,NA,5.94,1.72,NA,NA,NA,NA,NA,NA,NA,NA,NA,NA,NA,NA,NA,NA,NA,NA
2021-01-28 06:00:00,NA,106.72,6.31,16.77,23.08,NA,5.88,1.68,NA,NA,NA,NA,NA,NA,NA,NA,NA,NA,NA,NA,NA,NA,NA,NA
2021-01-28 07:00:00,NA,114.87,5.05,16.56,21.62,NA,5.77,1.81,NA,NA,NA,NA,NA,NA,NA,NA,NA,NA,NA,NA,NA,NA,NA,NA
2021-01-28 08:00:00,NA,111.12,5.76,16.40,22.16,NA,5.95,1.52,NA,NA,NA,NA,NA,NA,NA,NA,NA,NA,NA,NA,NA,NA,NA,NA
2021-01-28 09:00:00,NA,121.04,5.08,16.16,21.24,NA,5.33,1.38,NA,NA,NA,NA,NA,NA,NA,NA,NA,NA,NA,NA,NA,NA,NA,NA
2021-01-28 10:00:00,NA,102.34,4.65,15.94,20.59,NA,5.27,1.36,NA,NA,NA,NA,NA,NA,NA,NA,NA,NA,NA,NA,NA,NA,NA,NA
2021-01-28 11:00:00,NA,82.75,4.84,15.71,20.56,NA,5.26,1.04,NA,NA,NA,NA,NA,NA,NA,NA,NA,NA,NA,NA,NA,NA,NA,NA
2021-01-28 12:00:00,NA,73.55,7.90,17.12,25.02,NA,5.48,0.68,NA,NA,NA,NA,NA,NA,NA,NA,NA,NA,NA,NA,NA,NA,NA,NA
2021-01-28 13:00:00,NA,111.24,10.16,18.62,28.78,NA,6.05,0.92,NA,NA,NA,NA,NA,NA,NA,NA,NA,NA,NA,NA,NA,NA,NA,NA
2021-01-28 14:00:00,NA,132.03,9.71,18.92,28.62,NA,4.28,0.82,NA,NA,NA,NA,NA,NA,NA,NA,NA,NA,NA,NA,NA,NA,NA,NA
2021-01-28 15:00:00,NA,117.03,8.64,20.10,28.75,NA,4.07,1.21,NA,NA,NA,NA,NA,NA,NA,NA,NA,NA,NA,NA,NA,NA,NA,NA
2021-01-28 16:00:00,NA,124.28,10.09,19.76,29.84,NA,4.04,1.17,NA,NA,NA,NA,NA,NA,NA,NA,NA,NA,NA,NA,NA,NA,NA,NA
2021-01-28 17:00:00,NA,118.90,7.88,20.10,27.98,NA,4.03,1.76,NA,NA,NA,NA,NA,NA,NA,NA,NA,NA,NA,NA,NA,NA,NA,NA
2021-01-28 18:00:00,NA,117.19,8.52,19.73,28.26,NA,4.14,2.32,NA,NA,NA,NA,NA,NA,NA,NA,NA,NA,NA,NA,NA,NA,NA,NA
2021-01-28 19:00:00,NA,141.89,8.14,20.26,28.40,NA,5.31,2.59,NA,NA,NA,NA,NA,NA,NA,NA,NA,NA,NA,NA,NA,NA,NA,NA
2021-01-28 20:00:00,NA,155.90,9.28,19.89,29.17,NA,5.47,2.20,NA,NA,NA,NA,NA,NA,NA,NA,NA,NA,NA,NA,NA,NA,NA,NA
2021-01-28 21:00:00,NA,161.25,10.10,20.84,30.94,NA,5.42,1.52,NA,NA,NA,NA,NA,NA,NA,NA,NA,NA,NA,NA,NA,NA,NA,NA
2021-01-28 22:00:00,NA,169.71,9.45,19.61,29.06,NA,5.56,0.92,NA,NA,NA,NA,NA,NA,NA,NA,NA,NA,NA,NA,NA,NA,NA,NA
2021-01-28 23:00:00,NA,132.61,9.88,20.44,30.32,NA,5.38,0.53,NA,NA,NA,NA,NA,NA,NA,NA,NA,NA,NA,NA,NA,NA,NA,NA
2021-01-29 00:00:00,NA,125.45,9.12,19.79,28.90,NA,4.05,0.53,NA,NA,NA,NA,NA,NA,NA,NA,NA,NA,NA,NA,NA,NA,NA,NA
2021-01-29 01:00:00,NA,110.40,7.88,20.24,28.13,NA,4.00,0.66,NA,NA,NA,NA,NA,NA,NA,NA,NA,NA,NA,NA,NA,NA,NA,NA
2021-01-29 02:00:00,NA,122.60,7.58,20.19,27.77,NA,4.00,0.90,NA,NA,NA,NA,NA,NA,NA,NA,NA,NA,NA,NA,NA,NA,NA,NA
2021-01-29 03:00:00,NA,95.52,8.96,19.17,28.14,NA,4.00,1.10,NA,NA,NA,NA,NA,NA,NA,NA,NA,NA,NA,NA,NA,NA,NA,NA
2021-01-29 04:00:00,NA,90.80,8.54,19.75,28.29,NA,4.00,1.14,NA,NA,NA,NA,NA,NA,NA,NA,NA,NA,NA,NA,NA,NA,NA,NA
2021-01-29 05:00:00,NA,102.34,8.52,19.87,28.40,NA,5.53,1.66,NA,NA,NA,NA,NA,NA,NA,NA,NA,NA,NA,NA,NA,NA,NA,NA
2021-01-29 06:00:00,NA,118.42,8.40,19.48,27.88,NA,5.46,1.83,NA,NA,NA,NA,NA,NA,NA,NA,NA,NA,NA,NA,NA,NA,NA,NA
2021-01-29 07:00:00,NA,113.05,8.01,20.09,28.10,NA,5.64,1.80,NA,NA,NA,NA,NA,NA,NA,NA,NA,NA,NA,NA,NA,NA,NA,NA
2021-01-29 08:00:00,NA,115.56,7.92,18.72,26.63,NA,5.40,1.76,NA,NA,NA,NA,NA,NA,NA,NA,NA,NA,NA,NA,NA,NA,NA,NA
2021-01-29 09:00:00,NA,111.78,6.17,18.09,22.81,NA,5.68,1.94,NA,NA,NA,NA,NA,NA,NA,NA,NA,NA,NA,NA,NA,NA,NA,NA
2021-01-29 10:00:00,NA,96.02,1.81,13.89,12.40,NA,4.68,1.16,NA,NA,NA,NA,NA,NA,NA,NA,NA,NA,NA,NA,NA,NA,NA,NA
2021-01-29 11:00:00,NA,94.74,4.52,15.76,20.27,NA,4.00,1.06,NA,NA,NA,NA,NA,NA,NA,NA,NA,NA,NA,NA,NA,NA,NA,NA
2021-01-29 12:00:00,NA,92.91,4.68,15.35,20.03,NA,4.00,0.73,NA,NA,NA,NA,NA,NA,NA,NA,NA,NA,NA,NA,NA,NA,NA,NA
2021-01-29 13:00:00,NA,112.33,5.44,16.26,21.69,NA,4.01,0.85,NA,NA,NA,NA,NA,NA,NA,NA,NA,NA,NA,NA,NA,NA,NA,NA
2021-01-29 14:00:00,NA,128.80,5.81,16.28,22.09,NA,4.00,0.94,NA,NA,NA,NA,NA,NA,NA,NA,NA,NA,NA,NA,NA,NA,NA,NA
2021-01-29 15:00:00,NA,119.05,4.89,16.01,20.90,NA,9.46,1.33,NA,NA,NA,NA,NA,NA,NA,NA,NA,NA,NA,NA,NA,NA,NA,NA
2021-01-29 16:00:00,NA,127.48,4.50,16.14,20.63,NA,9.58,1.42,NA,NA,NA,NA,NA,NA,NA,NA,NA,NA,NA,NA,NA,NA,NA,NA
2021-01-29 17:00:00,NA,153.96,4.91,15.94,20.85,NA,9.51,1.49,NA,NA,NA,NA,NA,NA,NA,NA,NA,NA,NA,NA,NA,NA,NA,NA
2021-01-29 18:00:00,NA,173.32,5.44,16.35,21.79,NA,9.54,0.96,NA,NA,NA,NA,NA,NA,NA,NA,NA,NA,NA,NA,NA,NA,NA,NA
2021-01-29 19:00:00,NA,181.42,5.63,15.62,21.24,NA,9.80,1.74,NA,NA,NA,NA,NA,NA,NA,NA,NA,NA,NA,NA,NA,NA,NA,NA
2021-01-29 20:00:00,NA,160.56,6.15,16.38,22.53,NA,10.57,1.25,NA,NA,NA,NA,NA,NA,NA,NA,NA,NA,NA,NA,NA,NA,NA,NA
2021-01-29 21:00:00,NA,162.48,4.57,16.35,20.93,NA,10.71,1.16,NA,NA,NA,NA,NA,NA,NA,NA,NA,NA,NA,NA,NA,NA,NA,NA
2021-01-29 22:00:00,NA,179.64,4.85,16.16,20.99,NA,10.72,0.64,NA,NA,NA,NA,NA,NA,NA,NA,NA,NA,NA,NA,NA,NA,NA,NA
2021-01-29 23:00:00,NA,151.02,4.13,16.20,20.32,NA,10.60,0.41,NA,NA,NA,NA,NA,NA,NA,NA,NA,NA,NA,NA,NA,NA,NA,NA
2021-01-30 00:00:00,NA,133.92,5.98,17.05,23.03,NA,10.60,0.46,NA,NA,NA,NA,NA,NA,NA,NA,NA,NA,NA,NA,NA,NA,NA,NA
2021-01-30 01:00:00,NA,133.28,5.48,16.78,22.26,NA,7.82,0.48,NA,NA,NA,NA,NA,NA,NA,NA,NA,NA,NA,NA,NA,NA,NA,NA
2021-01-30 02:00:00,NA,112.59,4.60,16.43,21.02,NA,7.62,0.68,NA,NA,NA,NA,NA,NA,NA,NA,NA,NA,NA,NA,NA,NA,NA,NA
2021-01-30 03:00:00,NA,114.91,4.97,16.42,21.39,NA,7.53,0.66,NA,NA,NA,NA,NA,NA,NA,NA,NA,NA,NA,NA,NA,NA,NA,NA
2021-01-30 04:00:00,NA,85.68,5.68,15.79,21.47,NA,7.48,0.79,NA,NA,NA,NA,NA,NA,NA,NA,NA,NA,NA,NA,NA,NA,NA,NA
2021-01-30 05:00:00,NA,96.74,4.22,16.72,20.94,NA,7.54,1.28,NA,NA,NA,NA,NA,NA,NA,NA,NA,NA,NA,NA,NA,NA,NA,NA
2021-01-30 06:00:00,NA,85.66,5.61,16.14,21.75,NA,5.35,1.38,NA,NA,NA,NA,NA,NA,NA,NA,NA,NA,NA,NA,NA,NA,NA,NA
2021-01-30 07:00:00,NA,101.73,5.70,16.11,21.81,NA,5.20,1.89,NA,NA,NA,NA,NA,NA,NA,NA,NA,NA,NA,NA,NA,NA,NA,NA
2021-01-30 08:00:00,NA,109.01,6.50,16.50,23.00,NA,5.36,1.51,NA,NA,NA,NA,NA,NA,NA,NA,NA,NA,NA,NA,NA,NA,NA,NA
2021-01-30 09:00:00,NA,117.78,4.71,16.10,20.82,NA,5.18,1.39,NA,NA,NA,NA,NA,NA,NA,NA,NA,NA,NA,NA,NA,NA,NA,NA
2021-01-30 10:00:00,NA,117.29,4.41,16.11,20.52,NA,5.32,1.36,NA,NA,NA,NA,NA,NA,NA,NA,NA,NA,NA,NA,NA,NA,NA,NA
2021-01-30 11:00:00,NA,98.70,5.86,16.37,22.24,NA,4.59,0.85,NA,NA,NA,NA,NA,NA,NA,NA,NA,NA,NA,NA,NA,NA,NA,NA
2021-01-30 12:00:00,NA,93.20,4.64,16.24,20.88,NA,4.39,0.66,NA,NA,NA,NA,NA,NA,NA,NA,NA,NA,NA,NA,NA,NA,NA,NA
2021-01-30 13:00:00,NA,118.20,5.18,16.30,21.49,NA,4.33,0.87,NA,NA,NA,NA,NA,NA,NA,NA,NA,NA,NA,NA,NA,NA,NA,NA
2021-01-30 14:00:00,NA,120.26,5.17,16.03,21.20,NA,4.33,1.28,NA,NA,NA,NA,NA,NA,NA,NA,NA,NA,NA,NA,NA,NA,NA,NA
2021-01-30 15:00:00,NA,121.32,4.24,16.28,20.47,NA,4.24,0.93,NA,NA,NA,NA,NA,NA,NA,NA,NA,NA,NA,NA,NA,NA,NA,NA
2021-01-30 16:00:00,NA,139.63,5.39,16.08,21.47,NA,8.53,0.97,NA,NA,NA,NA,NA,NA,NA,NA,NA,NA,NA,NA,NA,NA,NA,NA
2021-01-30 17:00:00,NA,120.66,5.37,16.08,21.45,NA,8.75,1.48,NA,NA,NA,NA,NA,NA,NA,NA,NA,NA,NA,NA,NA,NA,NA,NA
2021-01-30 18:00:00,NA,147.31,5.62,16.51,22.13,NA,8.76,2.55,NA,NA,NA,NA,NA,NA,NA,NA,NA,NA,NA,NA,NA,NA,NA,NA
2021-01-30 19:00:00,NA,153.94,5.04,16.06,21.11,NA,9.14,2.66,NA,NA,NA,NA,NA,NA,NA,NA,NA,NA,NA,NA,NA,NA,NA,NA
2021-01-30 20:00:00,NA,164.95,4.91,16.15,21.06,NA,9.09,1.42,NA,NA,NA,NA,NA,NA,NA,NA,NA,NA,NA,NA,NA,NA,NA,NA
2021-01-30 21:00:00,NA,150.00,4.92,15.66,20.58,NA,7.27,1.04,NA,NA,NA,NA,NA,NA,NA,NA,NA,NA,NA,NA,NA,NA,NA,NA
2021-01-30 22:00:00,NA,144.28,4.68,16.21,20.89,NA,7.30,0.56,NA,NA,NA,NA,NA,NA,NA,NA,NA,NA,NA,NA,NA,NA,NA,NA
2021-01-30 23:00:00,NA,140.22,3.99,15.90,19.89,NA,6.92,0.45,NA,NA,NA,NA,NA,NA,NA,NA,NA,NA,NA,NA,NA,NA,NA,NA
2021-01-31 00:00:00,NA,116.85,4.86,16.34,21.20,NA,7.04,0.42,NA,NA,NA,NA,NA,NA,NA,NA,NA,NA,NA,NA,NA,NA,NA,NA
2021-01-31 01:00:00,NA,109.04,5.41,16.58,21.99,NA,6.81,0.50,NA,NA,NA,NA,NA,NA,NA,NA,NA,NA,NA,NA,NA,NA,NA,NA
2021-01-31 02:00:00,NA,109.18,5.48,16.19,21.68,NA,6.81,0.71,NA,NA,NA,NA,NA,NA,NA,NA,NA,NA,NA,NA,NA,NA,NA,NA
2021-01-31 03:00:00,NA,85.48,4.65,16.04,20.68,NA,6.95,0.94,NA,NA,NA,NA,NA,NA,NA,NA,NA,NA,NA,NA,NA,NA,NA,NA
2021-01-31 04:00:00,NA,109.33,4.47,15.59,20.06,NA,6.78,1.15,NA,NA,NA,NA,NA,NA,NA,NA,NA,NA,NA,NA,NA,NA,NA,NA
2021-01-31 05:00:00,NA,92.44,4.43,16.09,20.52,NA,6.96,1.69,NA,NA,NA,NA,NA,NA,NA,NA,NA,NA,NA,NA,NA,NA,NA,NA
2021-01-31 06:00:00,NA,106.90,4.47,15.88,20.34,NA,6.80,1.54,NA,NA,NA,NA,NA,NA,NA,NA,NA,NA,NA,NA,NA,NA,NA,NA
2021-01-31 07:00:00,NA,87.58,3.14,15.22,18.34,NA,4.66,1.51,NA,NA,NA,NA,NA,NA,NA,NA,NA,NA,NA,NA,NA,NA,NA,NA
2021-01-31 08:00:00,NA,120.87,5.01,16.05,21.06,NA,4.58,1.32,NA,NA,NA,NA,NA,NA,NA,NA,NA,NA,NA,NA,NA,NA,NA,NA
2021-01-31 09:00:00,NA,97.70,4.59,16.42,21.00,NA,4.50,1.07,NA,NA,NA,NA,NA,NA,NA,NA,NA,NA,NA,NA,NA,NA,NA,NA
2021-01-31 10:00:00,NA,102.36,4.94,16.00,20.95,NA,4.39,1.05,NA,NA,NA,NA,NA,NA,NA,NA,NA,NA,NA,NA,NA,NA,NA,NA
2021-01-31 11:00:00,NA,97.60,4.07,15.58,19.66,NA,4.39,0.98,NA,NA,NA,NA,NA,NA,NA,NA,NA,NA,NA,NA,NA,NA,NA,NA
2021-01-31 12:00:00,NA,75.49,5.70,16.78,22.49,NA,7.27,1.27,NA,NA,NA,NA,NA,NA,NA,NA,NA,NA,NA,NA,NA,NA,NA,NA
2021-01-31 13:00:00,NA,96.73,4.40,15.84,20.24,NA,7.24,0.96,NA,NA,NA,NA,NA,NA,NA,NA,NA,NA,NA,NA,NA,NA,NA,NA
2021-01-31 14:00:00,NA,102.28,4.33,16.38,20.71,NA,7.21,1.08,NA,NA,NA,NA,NA,NA,NA,NA,NA,NA,NA,NA,NA,NA,NA,NA
2021-01-31 15:00:00,NA,99.86,4.80,16.10,20.90,NA,7.16,1.01,NA,NA,NA,NA,NA,NA,NA,NA,NA,NA,NA,NA,NA,NA,NA,NA
2021-01-31 16:00:00,NA,126.80,4.82,16.32,21.13,NA,7.15,1.33,NA,NA,NA,NA,NA,NA,NA,NA,NA,NA,NA,NA,NA,NA,NA,NA
2021-01-31 17:00:00,NA,136.73,5.80,16.91,22.72,NA,9.32,1.12,NA,NA,NA,NA,NA,NA,NA,NA,NA,NA,NA,NA,NA,NA,NA,NA
2021-01-31 18:00:00,NA,118.90,4.56,15.92,20.48,NA,9.38,NA,NA,NA,NA,NA,NA,NA,NA,NA,NA,NA,NA,NA,NA,NA,NA,NA
2021-01-31 19:00:00,NA,142.32,3.83,16.04,19.87,NA,9.36,NA,NA,NA,NA,NA,NA,NA,NA,NA,NA,NA,NA,NA,NA,NA,NA,NA
2021-01-31 20:00:00,NA,150.61,5.02,15.85,20.87,NA,9.52,NA,NA,NA,NA,NA,NA,NA,NA,NA,NA,NA,NA,NA,NA,NA,NA,NA
2021-01-31 21:00:00,NA,140.46,4.61,15.76,20.38,NA,9.42,NA,NA,NA,NA,NA,NA,NA,NA,NA,NA,NA,NA,NA,NA,NA,NA,NA
2021-01-31 22:00:00,NA,136.20,3.88,15.57,19.44,NA,8.63,NA,NA,NA,NA,NA,NA,NA,NA,NA,NA,NA,NA,NA,NA,NA,NA,NA
2021-01-31 23:00:00,NA,130.99,4.99,16.09,21.08,NA,8.62,NA,NA,NA,NA,NA,NA,NA,NA,NA,NA,NA,NA,NA,NA,NA,NA,NA
2021-02-01 00:00:00,NA,124.68,4.99,16.37,21.36,NA,8.48,NA,NA,NA,NA,NA,NA,NA,NA,NA,NA,NA,NA,NA,NA,NA,NA,NA
2021-02-01 01:00:00,NA,95.20,4.53,15.73,20.26,NA,8.40,NA,NA,NA,NA,NA,NA,NA,NA,NA,NA,NA,NA,NA,NA,NA,NA,NA
2021-02-01 02:00:00,NA,71.33,3.73,15.42,19.15,NA,8.24,NA,NA,NA,NA,NA,NA,NA,NA,NA,NA,NA,NA,NA,NA,NA,NA,NA
2021-02-01 03:00:00,NA,68.09,5.83,15.98,21.81,NA,7.16,NA,NA,NA,NA,NA,NA,NA,NA,NA,NA,NA,NA,NA,NA,NA,NA,NA
2021-02-01 04:00:00,NA,69.85,5.88,16.64,22.52,NA,7.12,NA,NA,NA,NA,NA,NA,NA,NA,NA,NA,NA,NA,NA,NA,NA,NA,NA
2021-02-01 05:00:00,NA,55.22,4.95,16.09,21.05,NA,7.16,NA,NA,NA,NA,NA,NA,NA,NA,NA,NA,NA,NA,NA,NA,NA,NA,NA
2021-02-01 06:00:00,NA,89.31,6.32,16.70,23.02,NA,7.21,NA,NA,NA,NA,NA,NA,NA,NA,NA,NA,NA,NA,NA,NA,NA,NA,NA
2021-02-01 07:00:00,NA,92.11,5.10,16.10,21.20,NA,7.24,NA,NA,NA,NA,NA,NA,NA,NA,NA,NA,NA,NA,NA,NA,NA,NA,NA
2021-02-01 08:00:00,NA,122.18,5.07,16.26,21.33,NA,6.34,NA,NA,NA,NA,NA,NA,NA,NA,NA,NA,NA,NA,NA,NA,NA,NA,NA
2021-02-01 09:00:00,NA,103.25,5.38,16.03,21.42,NA,6.10,NA,NA,NA,NA,NA,NA,NA,NA,NA,NA,NA,NA,NA,NA,NA,NA,NA
2021-02-01 10:00:00,NA,100.29,5.41,15.88,21.30,NA,5.55,NA,NA,NA,NA,NA,NA,NA,NA,NA,NA,NA,NA,NA,NA,NA,NA,NA
2021-02-01 11:00:00,NA,78.30,4.95,15.70,20.66,NA,5.98,NA,NA,NA,NA,NA,NA,NA,NA,NA,NA,NA,NA,NA,NA,NA,NA,NA
2021-02-01 12:00:00,NA,130.33,9.44,18.40,27.84,NA,6.16,NA,NA,NA,NA,NA,NA,NA,NA,NA,NA,NA,NA,NA,NA,NA,NA,NA
2021-02-01 13:00:00,NA,778.01,4.19,15.60,18.38,NA,5.35,0.50,NA,NA,NA,NA,NA,NA,NA,NA,NA,NA,NA,NA,NA,NA,NA,NA
2021-02-01 14:00:00,NA,250.27,6.84,17.02,22.84,NA,5.20,1.77,NA,NA,NA,NA,NA,NA,NA,NA,NA,NA,NA,NA,NA,NA,NA,NA
2021-02-01 15:00:00,NA,227.16,3.94,15.50,19.42,NA,4.53,1.73,NA,NA,NA,NA,NA,NA,NA,NA,NA,NA,NA,NA,NA,NA,NA,NA
2021-02-01 16:00:00,NA,210.64,4.63,16.58,21.21,NA,4.47,NA,NA,NA,NA,NA,NA,NA,NA,NA,NA,NA,NA,NA,NA,NA,NA,NA
2021-02-01 17:00:00,NA,244.98,6.26,16.62,22.89,NA,4.56,NA,NA,NA,NA,NA,NA,NA,NA,NA,NA,NA,NA,NA,NA,NA,NA,NA
2021-02-01 18:00:00,NA,234.34,4.30,15.99,20.29,NA,11.55,NA,NA,NA,NA,NA,NA,NA,NA,NA,NA,NA,NA,NA,NA,NA,NA,NA
2021-02-01 19:00:00,NA,258.06,4.45,16.18,20.62,NA,11.69,NA,NA,NA,NA,NA,NA,NA,NA,NA,NA,NA,NA,NA,NA,NA,NA,NA
2021-02-01 20:00:00,NA,319.10,4.49,16.18,20.67,NA,11.62,NA,NA,NA,NA,NA,NA,NA,NA,NA,NA,NA,NA,NA,NA,NA,NA,NA
2021-02-01 21:00:00,NA,284.54,4.48,16.05,20.53,NA,11.69,NA,NA,NA,NA,NA,NA,NA,NA,NA,NA,NA,NA,NA,NA,NA,NA,NA
2021-02-01 22:00:00,NA,237.76,5.48,16.26,21.74,NA,11.61,NA,NA,NA,NA,NA,NA,NA,NA,NA,NA,NA,NA,NA,NA,NA,NA,NA
2021-02-01 23:00:00,NA,264.86,3.96,15.74,19.70,NA,6.44,NA,NA,NA,NA,NA,NA,NA,NA,NA,NA,NA,NA,NA,NA,NA,NA,NA
2021-02-02 00:00:00,NA,244.96,5.36,16.03,21.38,NA,6.19,NA,NA,NA,NA,NA,NA,NA,NA,NA,NA,NA,NA,NA,NA,NA,NA,NA
2021-02-02 01:00:00,NA,181.44,5.23,16.26,21.48,NA,6.39,NA,NA,NA,NA,NA,NA,NA,NA,NA,NA,NA,NA,NA,NA,NA,NA,NA
2021-02-02 02:00:00,NA,178.24,4.58,15.68,20.24,NA,6.22,NA,NA,NA,NA,NA,NA,NA,NA,NA,NA,NA,NA,NA,NA,NA,NA,NA
2021-02-02 03:00:00,NA,166.71,5.02,16.02,21.05,NA,6.18,NA,NA,NA,NA,NA,NA,NA,NA,NA,NA,NA,NA,NA,NA,NA,NA,NA
2021-02-02 04:00:00,NA,93.21,5.89,16.67,22.57,NA,7.93,NA,NA,NA,NA,NA,NA,NA,NA,NA,NA,NA,NA,NA,NA,NA,NA,NA
2021-02-02 05:00:00,NA,193.81,4.90,15.81,20.72,NA,8.02,NA,NA,NA,NA,NA,NA,NA,NA,NA,NA,NA,NA,NA,NA,NA,NA,NA
2021-02-02 06:00:00,NA,180.63,5.20,16.50,21.71,NA,8.04,NA,NA,NA,NA,NA,NA,NA,NA,NA,NA,NA,NA,NA,NA,NA,NA,NA
2021-02-02 07:00:00,NA,174.56,4.83,15.76,20.59,NA,8.17,NA,NA,NA,NA,NA,NA,NA,NA,NA,NA,NA,NA,NA,NA,NA,NA,NA
2021-02-02 08:00:00,NA,236.87,4.62,16.21,20.83,NA,8.02,NA,NA,NA,NA,NA,NA,NA,NA,NA,NA,NA,NA,NA,NA,NA,NA,NA
2021-02-02 09:00:00,NA,200.30,4.85,15.70,20.55,NA,9.48,NA,NA,NA,NA,NA,NA,NA,NA,NA,NA,NA,NA,NA,NA,NA,NA,NA
2021-02-02 10:00:00,NA,207.52,5.21,15.96,21.17,NA,9.36,NA,NA,NA,NA,NA,NA,NA,NA,NA,NA,NA,NA,NA,NA,NA,NA,NA
2021-02-02 11:00:00,NA,198.82,4.58,16.23,20.82,NA,9.46,NA,NA,NA,NA,NA,NA,NA,NA,NA,NA,NA,NA,NA,NA,NA,NA,NA
2021-02-02 12:00:00,NA,176.72,4.49,15.68,20.17,NA,9.22,NA,NA,NA,NA,NA,NA,NA,NA,NA,NA,NA,NA,NA,NA,NA,NA,NA
2021-02-02 13:00:00,NA,247.55,3.74,15.63,19.37,NA,9.00,NA,NA,NA,NA,NA,NA,NA,NA,NA,NA,NA,NA,NA,NA,NA,NA,NA
2021-02-02 14:00:00,NA,259.55,6.52,16.68,23.20,NA,5.20,NA,NA,NA,NA,NA,NA,NA,NA,NA,NA,NA,NA,NA,NA,NA,NA,NA
2021-02-02 15:00:00,NA,257.18,4.82,16.58,21.42,NA,4.94,NA,NA,NA,NA,NA,NA,NA,NA,NA,NA,NA,NA,NA,NA,NA,NA,NA
2021-02-02 16:00:00,NA,252.10,5.34,16.26,21.59,NA,5.10,NA,NA,NA,NA,NA,NA,NA,NA,NA,NA,NA,NA,NA,NA,NA,NA,NA
2021-02-02 17:00:00,NA,240.27,4.37,16.61,20.98,NA,4.95,NA,NA,NA,NA,NA,NA,NA,NA,NA,NA,NA,NA,NA,NA,NA,NA,NA
2021-02-02 18:00:00,NA,250.26,4.90,16.23,21.13,NA,5.07,NA,NA,NA,NA,NA,NA,NA,NA,NA,NA,NA,NA,NA,NA,NA,NA,NA
2021-02-02 19:00:00,NA,289.75,3.76,15.73,19.50,NA,6.83,2.58,NA,NA,NA,NA,NA,NA,NA,NA,NA,NA,NA,NA,NA,NA,NA,NA
2021-02-02 20:00:00,NA,314.62,5.72,16.22,21.94,NA,6.62,1.40,NA,NA,NA,NA,NA,NA,NA,NA,NA,NA,NA,NA,NA,NA,NA,NA
2021-02-02 21:00:00,NA,297.98,5.16,16.09,21.26,NA,6.80,NA,NA,NA,NA,NA,NA,NA,NA,NA,NA,NA,NA,NA,NA,NA,NA,NA
2021-02-02 22:00:00,NA,285.37,4.76,16.01,20.78,NA,6.91,NA,NA,NA,NA,NA,NA,NA,NA,NA,NA,NA,NA,NA,NA,NA,NA,NA
2021-02-02 23:00:00,NA,230.18,5.61,16.59,22.20,NA,6.69,NA,NA,NA,NA,NA,NA,NA,NA,NA,NA,NA,NA,NA,NA,NA,NA,NA
2021-02-03 00:00:00,NA,236.49,4.99,16.73,21.72,NA,9.76,NA,NA,NA,NA,NA,NA,NA,NA,NA,NA,NA,NA,NA,NA,NA,NA,NA
2021-02-03 01:00:00,NA,246.79,5.89,16.92,22.81,NA,9.76,NA,NA,NA,NA,NA,NA,NA,NA,NA,NA,NA,NA,NA,NA,NA,NA,NA
2021-02-03 02:00:00,NA,189.98,4.83,16.43,21.26,NA,9.73,NA,NA,NA,NA,NA,NA,NA,NA,NA,NA,NA,NA,NA,NA,NA,NA,NA
2021-02-03 03:00:00,NA,196.25,5.90,16.72,22.62,NA,9.81,NA,NA,NA,NA,NA,NA,NA,NA,NA,NA,NA,NA,NA,NA,NA,NA,NA
2021-02-03 04:00:00,NA,186.06,5.40,16.21,21.61,NA,9.75,NA,NA,NA,NA,NA,NA,NA,NA,NA,NA,NA,NA,NA,NA,NA,NA,NA
2021-02-03 05:00:00,NA,196.41,4.89,16.50,21.38,NA,10.47,NA,NA,NA,NA,NA,NA,NA,NA,NA,NA,NA,NA,NA,NA,NA,NA,NA
2021-02-03 06:00:00,NA,223.79,5.59,16.05,21.64,NA,10.20,NA,NA,NA,NA,NA,NA,NA,NA,NA,NA,NA,NA,NA,NA,NA,NA,NA
2021-02-03 07:00:00,NA,197.96,5.66,16.38,22.04,NA,10.30,NA,NA,NA,NA,NA,NA,NA,NA,NA,NA,NA,NA,NA,NA,NA,NA,NA
2021-02-03 08:00:00,NA,214.61,5.44,16.09,21.54,NA,10.21,NA,NA,NA,NA,NA,NA,NA,NA,NA,NA,NA,NA,NA,NA,NA,NA,NA
2021-02-03 09:00:00,NA,227.69,4.24,15.72,19.97,NA,10.26,NA,NA,NA,NA,NA,NA,NA,NA,NA,NA,NA,NA,NA,NA,NA,NA,NA
2021-02-03 10:00:00,NA,197.04,6.60,16.47,23.07,NA,7.85,NA,NA,NA,NA,NA,NA,NA,NA,NA,NA,NA,NA,NA,NA,NA,NA,NA
2021-02-03 11:00:00,NA,199.16,4.66,16.01,20.67,NA,7.56,NA,NA,NA,NA,NA,NA,NA,NA,NA,NA,NA,NA,NA,NA,NA,NA,NA
2021-02-03 12:00:00,NA,175.13,4.54,16.07,20.61,NA,7.63,NA,NA,NA,NA,NA,NA,NA,NA,NA,NA,NA,NA,NA,NA,NA,NA,NA
2021-02-03 13:00:00,NA,207.62,4.92,16.48,21.40,NA,7.66,NA,NA,NA,NA,NA,NA,NA,NA,NA,NA,NA,NA,NA,NA,NA,NA,NA
2021-02-03 14:00:00,NA,247.86,4.13,15.50,19.63,NA,7.66,NA,NA,NA,NA,NA,NA,NA,NA,NA,NA,NA,NA,NA,NA,NA,NA,NA
2021-02-03 15:00:00,NA,97.60,5.12,15.58,20.70,NA,4.74,NA,NA,NA,NA,NA,NA,NA,NA,NA,NA,NA,NA,NA,NA,NA,NA,NA
2021-02-03 16:00:00,NA,189.52,5.62,16.23,21.85,NA,4.52,NA,NA,NA,NA,NA,NA,NA,NA,NA,NA,NA,NA,NA,NA,NA,NA,NA
2021-02-03 17:00:00,NA,199.10,6.01,16.67,22.68,NA,4.53,NA,NA,NA,NA,NA,NA,NA,NA,NA,NA,NA,NA,NA,NA,NA,NA,NA
2021-02-03 18:00:00,NA,NA,4.76,16.35,21.11,NA,4.47,NA,NA,NA,NA,NA,NA,NA,NA,NA,NA,NA,NA,NA,NA,NA,NA,NA
2021-02-03 19:00:00,NA,50.47,5.15,15.71,20.86,NA,4.62,NA,NA,NA,NA,NA,NA,NA,NA,NA,NA,NA,NA,NA,NA,NA,NA,NA
2021-02-03 20:00:00,NA,148.10,5.25,16.81,22.06,NA,9.60,NA,NA,NA,NA,NA,NA,NA,NA,NA,NA,NA,NA,NA,NA,NA,NA,NA
2021-02-03 21:00:00,NA,243.72,4.81,16.53,21.34,NA,9.68,NA,NA,NA,NA,NA,NA,NA,NA,NA,NA,NA,NA,NA,NA,NA,NA,NA
2021-02-03 22:00:00,NA,260.81,3.92,15.51,19.42,NA,9.73,NA,NA,NA,NA,NA,NA,NA,NA,NA,NA,NA,NA,NA,NA,NA,NA,NA
2021-02-03 23:00:00,NA,187.22,4.85,16.42,21.27,NA,9.48,NA,NA,NA,NA,NA,NA,NA,NA,NA,NA,NA,NA,NA,NA,NA,NA,NA
2021-02-04 00:00:00,NA,205.06,5.26,16.23,21.49,NA,9.25,NA,NA,NA,NA,NA,NA,NA,NA,NA,NA,NA,NA,NA,NA,NA,NA,NA
2021-02-04 01:00:00,NA,226.93,5.55,16.20,21.76,NA,5.69,NA,NA,NA,NA,NA,NA,NA,NA,NA,NA,NA,NA,NA,NA,NA,NA,NA
2021-02-04 02:00:00,NA,166.93,5.54,16.49,22.03,NA,5.51,NA,NA,NA,NA,NA,NA,NA,NA,NA,NA,NA,NA,NA,NA,NA,NA,NA
2021-02-04 03:00:00,NA,159.94,5.42,16.09,21.51,NA,5.37,NA,NA,NA,NA,NA,NA,NA,NA,NA,NA,NA,NA,NA,NA,NA,NA,NA
2021-02-04 04:00:00,NA,158.45,4.79,16.03,20.82,NA,5.37,NA,NA,NA,NA,NA,NA,NA,NA,NA,NA,NA,NA,NA,NA,NA,NA,NA
2021-02-04 05:00:00,NA,143.17,4.00,16.53,20.50,NA,5.50,NA,NA,NA,NA,NA,NA,NA,NA,NA,NA,NA,NA,NA,NA,NA,NA,NA
2021-02-04 06:00:00,NA,162.04,4.80,16.06,20.86,NA,8.05,NA,NA,NA,NA,NA,NA,NA,NA,NA,NA,NA,NA,NA,NA,NA,NA,NA
2021-02-04 07:00:00,NA,213.08,5.14,16.01,21.16,NA,8.08,NA,NA,NA,NA,NA,NA,NA,NA,NA,NA,NA,NA,NA,NA,NA,NA,NA
2021-02-04 08:00:00,NA,213.68,6.11,16.47,22.58,NA,8.00,NA,NA,NA,NA,NA,NA,NA,NA,NA,NA,NA,NA,NA,NA,NA,NA,NA
2021-02-04 09:00:00,NA,220.61,5.59,15.93,21.52,NA,8.00,NA,NA,NA,NA,NA,NA,NA,NA,NA,NA,NA,NA,NA,NA,NA,NA,NA
2021-02-04 10:00:00,NA,200.08,5.10,16.20,21.30,NA,8.17,NA,NA,NA,NA,NA,NA,NA,NA,NA,NA,NA,NA,NA,NA,NA,NA,NA
2021-02-04 11:00:00,NA,138.85,3.82,15.29,19.10,NA,7.62,NA,NA,NA,NA,NA,NA,NA,NA,NA,NA,NA,NA,NA,NA,NA,NA,NA
2021-02-04 12:00:00,NA,141.14,5.28,16.21,21.48,NA,7.42,NA,NA,NA,NA,NA,NA,NA,NA,NA,NA,NA,NA,NA,NA,NA,NA,NA
2021-02-04 13:00:00,NA,71.68,4.67,16.10,20.77,NA,7.65,NA,NA,NA,NA,NA,NA,NA,NA,NA,NA,NA,NA,NA,NA,NA,NA,NA
2021-02-04 14:00:00,NA,20.04,5.00,15.39,20.39,NA,7.26,NA,NA,NA,NA,NA,NA,NA,NA,NA,NA,NA,NA,NA,NA,NA,NA,NA
2021-02-04 15:00:00,NA,33.49,6.01,16.36,22.38,NA,6.88,0.42,NA,NA,NA,NA,NA,NA,NA,NA,NA,NA,NA,NA,NA,NA,NA,NA
2021-02-04 16:00:00,NA,41.62,6.66,16.91,23.58,NA,4.07,NA,NA,NA,NA,NA,NA,NA,NA,NA,NA,NA,NA,NA,NA,NA,NA,NA
2021-02-04 17:00:00,NA,32.63,4.70,16.20,20.90,NA,4.00,NA,NA,NA,NA,NA,NA,NA,NA,NA,NA,NA,NA,NA,NA,NA,NA,NA
2021-02-04 18:00:00,NA,30.45,3.44,15.43,18.88,NA,4.00,NA,NA,NA,NA,NA,NA,NA,NA,NA,NA,NA,NA,NA,NA,NA,NA,NA
2021-02-04 19:00:00,NA,NA,5.73,16.16,21.90,NA,4.46,4.01,NA,NA,NA,NA,NA,NA,NA,NA,NA,NA,NA,NA,NA,NA,NA,NA
2021-02-04 20:00:00,NA,NA,5.96,16.26,22.22,NA,4.72,2.01,NA,NA,NA,NA,NA,NA,NA,NA,NA,NA,NA,NA,NA,NA,NA,NA
2021-02-04 21:00:00,NA,NA,6.01,16.48,22.49,NA,5.56,1.23,NA,NA,NA,NA,NA,NA,NA,NA,NA,NA,NA,NA,NA,NA,NA,NA
2021-02-04 22:00:00,NA,NA,6.17,16.58,22.76,NA,5.72,NA,NA,NA,NA,NA,NA,NA,NA,NA,NA,NA,NA,NA,NA,NA,NA,NA
2021-02-04 23:00:00,NA,NA,5.15,16.50,21.65,NA,5.71,NA,NA,NA,NA,NA,NA,NA,NA,NA,NA,NA,NA,NA,NA,NA,NA,NA
2021-02-05 00:00:00,NA,NA,5.52,16.94,22.46,NA,5.48,NA,NA,NA,NA,NA,NA,NA,NA,NA,NA,NA,NA,NA,NA,NA,NA,NA
2021-02-05 01:00:00,NA,NA,5.07,16.80,21.87,NA,5.58,NA,NA,NA,NA,NA,NA,NA,NA,NA,NA,NA,NA,NA,NA,NA,NA,NA
2021-02-05 02:00:00,NA,NA,5.30,16.54,21.84,NA,8.37,NA,NA,NA,NA,NA,NA,NA,NA,NA,NA,NA,NA,NA,NA,NA,NA,NA
2021-02-05 03:00:00,NA,NA,4.53,16.52,21.04,NA,8.37,NA,NA,NA,NA,NA,NA,NA,NA,NA,NA,NA,NA,NA,NA,NA,NA,NA
2021-02-05 04:00:00,NA,NA,6.40,16.30,22.70,NA,8.33,NA,NA,NA,NA,NA,NA,NA,NA,NA,NA,NA,NA,NA,NA,NA,NA,NA
2021-02-05 05:00:00,NA,NA,4.70,16.23,20.93,NA,8.32,NA,NA,NA,NA,NA,NA,NA,NA,NA,NA,NA,NA,NA,NA,NA,NA,NA
2021-02-05 06:00:00,NA,NA,4.45,16.42,20.88,NA,8.35,NA,NA,NA,NA,NA,NA,NA,NA,NA,NA,NA,NA,NA,NA,NA,NA,NA
2021-02-05 07:00:00,NA,NA,6.22,16.89,23.11,NA,7.87,NA,NA,NA,NA,NA,NA,NA,NA,NA,NA,NA,NA,NA,NA,NA,NA,NA
2021-02-05 08:00:00,NA,NA,5.12,16.24,21.36,NA,7.58,NA,NA,NA,NA,NA,NA,NA,NA,NA,NA,NA,NA,NA,NA,NA,NA,NA
2021-02-05 09:00:00,NA,NA,5.40,16.57,21.96,NA,7.68,NA,NA,NA,NA,NA,NA,NA,NA,NA,NA,NA,NA,NA,NA,NA,NA,NA
2021-02-05 10:00:00,NA,4.56,5.01,16.23,21.24,NA,8.12,NA,NA,NA,NA,NA,NA,NA,NA,NA,NA,NA,NA,NA,NA,NA,NA,NA
2021-02-05 11:00:00,NA,NA,4.25,15.69,19.94,NA,8.25,NA,NA,NA,NA,NA,NA,NA,NA,NA,NA,NA,NA,NA,NA,NA,NA,NA
2021-02-05 12:00:00,NA,15.06,4.96,16.45,21.42,NA,4.46,NA,NA,NA,NA,NA,NA,NA,NA,NA,NA,NA,NA,NA,NA,NA,NA,NA
2021-02-05 13:00:00,NA,14.00,5.06,16.26,21.33,NA,4.00,NA,NA,NA,NA,NA,NA,NA,NA,NA,NA,NA,NA,NA,NA,NA,NA,NA
2021-02-05 14:00:00,NA,21.63,5.01,16.57,21.58,NA,4.02,NA,NA,NA,NA,NA,NA,NA,NA,NA,NA,NA,NA,NA,NA,NA,NA,NA
2021-02-05 15:00:00,NA,70.07,4.70,16.55,21.26,NA,4.02,NA,NA,NA,NA,NA,NA,NA,NA,NA,NA,NA,NA,NA,NA,NA,NA,NA
2021-02-05 16:00:00,NA,45.25,5.14,15.97,21.11,NA,4.01,NA,NA,NA,NA,NA,NA,NA,NA,NA,NA,NA,NA,NA,NA,NA,NA,NA
2021-02-05 17:00:00,NA,38.66,5.42,16.25,21.67,NA,6.70,NA,NA,NA,NA,NA,NA,NA,NA,NA,NA,NA,NA,NA,NA,NA,NA,NA
2021-02-05 18:00:00,NA,35.05,5.61,16.40,22.02,NA,6.60,NA,NA,NA,NA,NA,NA,NA,NA,NA,NA,NA,NA,NA,NA,NA,NA,NA
2021-02-05 19:00:00,NA,42.73,5.30,16.98,22.27,NA,7.03,NA,NA,NA,NA,NA,NA,NA,NA,NA,NA,NA,NA,NA,NA,NA,NA,NA
2021-02-05 20:00:00,NA,48.26,4.60,15.88,20.49,NA,7.40,NA,NA,NA,NA,NA,NA,NA,NA,NA,NA,NA,NA,NA,NA,NA,NA,NA
2021-02-05 21:00:00,NA,47.26,5.08,15.98,21.06,NA,7.14,NA,NA,NA,NA,NA,NA,NA,NA,NA,NA,NA,NA,NA,NA,NA,NA,NA
2021-02-05 22:00:00,NA,43.19,5.24,16.29,21.54,NA,5.42,NA,NA,NA,NA,NA,NA,NA,NA,NA,NA,NA,NA,NA,NA,NA,NA,NA
2021-02-05 23:00:00,NA,46.52,5.35,16.05,21.41,NA,5.20,NA,NA,NA,NA,NA,NA,NA,NA,NA,NA,NA,NA,NA,NA,NA,NA,NA
2021-02-06 00:00:00,NA,36.10,5.77,16.59,22.36,NA,5.12,NA,NA,NA,NA,NA,NA,NA,NA,NA,NA,NA,NA,NA,NA,NA,NA,NA
2021-02-06 01:00:00,NA,36.22,4.99,16.22,21.22,NA,5.08,NA,NA,NA,NA,NA,NA,NA,NA,NA,NA,NA,NA,NA,NA,NA,NA,NA
2021-02-06 02:00:00,NA,30.90,5.55,16.45,22.00,NA,5.06,NA,NA,NA,NA,NA,NA,NA,NA,NA,NA,NA,NA,NA,NA,NA,NA,NA
2021-02-06 03:00:00,NA,30.64,4.66,16.81,21.47,NA,8.10,NA,NA,NA,NA,NA,NA,NA,NA,NA,NA,NA,NA,NA,NA,NA,NA,NA
2021-02-06 04:00:00,NA,27.82,5.81,16.53,22.35,NA,8.16,NA,NA,NA,NA,NA,NA,NA,NA,NA,NA,NA,NA,NA,NA,NA,NA,NA
2021-02-06 05:00:00,NA,31.09,4.45,15.76,20.19,NA,8.30,NA,NA,NA,NA,NA,NA,NA,NA,NA,NA,NA,NA,NA,NA,NA,NA,NA
2021-02-06 06:00:00,NA,31.99,4.50,16.22,20.72,NA,8.20,NA,NA,NA,NA,NA,NA,NA,NA,NA,NA,NA,NA,NA,NA,NA,NA,NA
2021-02-06 07:00:00,NA,34.14,5.56,16.20,21.77,NA,8.35,NA,NA,NA,NA,NA,NA,NA,NA,NA,NA,NA,NA,NA,NA,NA,NA,NA
2021-02-06 08:00:00,NA,37.03,5.75,16.74,22.49,NA,11.54,NA,NA,NA,NA,NA,NA,NA,NA,NA,NA,NA,NA,NA,NA,NA,NA,NA
2021-02-06 09:00:00,NA,36.06,4.58,16.10,20.68,NA,11.39,NA,NA,NA,NA,NA,NA,NA,NA,NA,NA,NA,NA,NA,NA,NA,NA,NA
2021-02-06 10:00:00,NA,34.15,4.54,16.06,20.52,NA,11.42,NA,NA,NA,NA,NA,NA,NA,NA,NA,NA,NA,NA,NA,NA,NA,NA,NA
2021-02-06 11:00:00,NA,32.43,5.18,16.33,21.46,NA,11.42,NA,NA,NA,NA,NA,NA,NA,NA,NA,NA,NA,NA,NA,NA,NA,NA,NA
2021-02-06 12:00:00,NA,30.61,5.50,17.08,22.58,NA,11.41,NA,NA,NA,NA,NA,NA,NA,NA,NA,NA,NA,NA,NA,NA,NA,NA,NA
2021-02-06 13:00:00,NA,NA,4.88,16.05,20.94,NA,7.95,NA,NA,NA,NA,NA,NA,NA,NA,NA,NA,NA,NA,NA,NA,NA,NA,NA
2021-02-06 14:00:00,NA,NA,4.64,16.48,21.12,NA,7.98,NA,NA,NA,NA,NA,NA,NA,NA,NA,NA,NA,NA,NA,NA,NA,NA,NA
2021-02-06 15:00:00,NA,NA,4.52,16.30,20.82,NA,8.07,NA,NA,NA,NA,NA,NA,NA,NA,NA,NA,NA,NA,NA,NA,NA,NA,NA
2021-02-06 16:00:00,NA,NA,5.49,15.80,21.29,NA,8.16,NA,NA,NA,NA,NA,NA,NA,NA,NA,NA,NA,NA,NA,NA,NA,NA,NA
2021-02-06 17:00:00,NA,NA,5.07,16.09,21.16,NA,7.90,NA,NA,NA,NA,NA,NA,NA,NA,NA,NA,NA,NA,NA,NA,NA,NA,NA
2021-02-06 18:00:00,NA,NA,4.93,15.99,20.92,NA,10.82,NA,NA,NA,NA,NA,NA,NA,NA,NA,NA,NA,NA,NA,NA,NA,NA,NA
2021-02-06 19:00:00,NA,NA,5.67,17.15,22.82,NA,11.02,NA,NA,NA,NA,NA,NA,NA,NA,NA,NA,NA,NA,NA,NA,NA,NA,NA
2021-02-06 20:00:00,NA,NA,5.46,16.64,22.10,NA,10.94,NA,NA,NA,NA,NA,NA,NA,NA,NA,NA,NA,NA,NA,NA,NA,NA,NA
2021-02-06 21:00:00,NA,NA,5.72,16.38,22.11,NA,10.76,NA,NA,NA,NA,NA,NA,NA,NA,NA,NA,NA,NA,NA,NA,NA,NA,NA
2021-02-06 22:00:00,NA,NA,5.96,16.91,22.88,NA,10.94,NA,NA,NA,NA,NA,NA,NA,NA,NA,NA,NA,NA,NA,NA,NA,NA,NA
2021-02-06 23:00:00,NA,NA,5.40,16.66,22.06,NA,8.47,NA,NA,NA,NA,NA,NA,NA,NA,NA,NA,NA,NA,NA,NA,NA,NA,NA
2021-02-07 00:00:00,NA,NA,6.22,17.01,23.23,NA,8.34,NA,NA,NA,NA,NA,NA,NA,NA,NA,NA,NA,NA,NA,NA,NA,NA,NA
2021-02-07 01:00:00,NA,NA,5.82,16.93,22.74,NA,8.42,NA,NA,NA,NA,NA,NA,NA,NA,NA,NA,NA,NA,NA,NA,NA,NA,NA
2021-02-07 02:00:00,NA,NA,5.58,17.06,22.64,NA,8.50,NA,NA,NA,NA,NA,NA,NA,NA,NA,NA,NA,NA,NA,NA,NA,NA,NA
2021-02-07 03:00:00,NA,NA,5.76,16.42,22.17,NA,8.20,NA,NA,NA,NA,NA,NA,NA,NA,NA,NA,NA,NA,NA,NA,NA,NA,NA
2021-02-07 04:00:00,NA,NA,5.78,17.20,22.98,NA,4.26,NA,NA,NA,NA,NA,NA,NA,NA,NA,NA,NA,NA,NA,NA,NA,NA,NA
2021-02-07 05:00:00,NA,NA,5.31,16.26,21.53,NA,4.32,NA,NA,NA,NA,NA,NA,NA,NA,NA,NA,NA,NA,NA,NA,NA,NA,NA
2021-02-07 06:00:00,NA,NA,4.50,16.33,20.82,NA,4.19,NA,NA,NA,NA,NA,NA,NA,NA,NA,NA,NA,NA,NA,NA,NA,NA,NA
2021-02-07 07:00:00,NA,NA,5.50,16.88,22.35,NA,4.33,NA,NA,NA,NA,NA,NA,NA,NA,NA,NA,NA,NA,NA,NA,NA,NA,NA
2021-02-07 08:00:00,NA,NA,4.49,16.49,20.96,NA,4.33,NA,NA,NA,NA,NA,NA,NA,NA,NA,NA,NA,NA,NA,NA,NA,NA,NA
2021-02-07 09:00:00,NA,NA,4.71,16.86,21.56,NA,6.21,NA,NA,NA,NA,NA,NA,NA,NA,NA,NA,NA,NA,NA,NA,NA,NA,NA
2021-02-07 10:00:00,NA,NA,5.43,16.40,21.84,NA,6.10,NA,NA,NA,NA,NA,NA,NA,NA,NA,NA,NA,NA,NA,NA,NA,NA,NA
2021-02-07 11:00:00,NA,NA,5.84,17.10,22.94,NA,5.98,NA,NA,NA,NA,NA,NA,NA,NA,NA,NA,NA,NA,NA,NA,NA,NA,NA
2021-02-07 12:00:00,NA,NA,5.20,16.44,21.63,NA,5.78,NA,NA,NA,NA,NA,NA,NA,NA,NA,NA,NA,NA,NA,NA,NA,NA,NA
2021-02-07 13:00:00,NA,NA,5.37,16.06,21.43,NA,5.76,NA,NA,NA,NA,NA,NA,NA,NA,NA,NA,NA,NA,NA,NA,NA,NA,NA
2021-02-07 14:00:00,NA,NA,6.40,16.86,23.26,NA,7.73,NA,NA,NA,NA,NA,NA,NA,NA,NA,NA,NA,NA,NA,NA,NA,NA,NA
2021-02-07 15:00:00,NA,NA,4.96,16.59,21.55,NA,7.49,NA,NA,NA,NA,NA,NA,NA,NA,NA,NA,NA,NA,NA,NA,NA,NA,NA
2021-02-07 16:00:00,NA,NA,5.94,16.68,22.61,NA,7.60,NA,NA,NA,NA,NA,NA,NA,NA,NA,NA,NA,NA,NA,NA,NA,NA,NA
2021-02-07 17:00:00,NA,NA,6.43,17.22,23.66,NA,7.58,NA,NA,NA,NA,NA,NA,NA,NA,NA,NA,NA,NA,NA,NA,NA,NA,NA
2021-02-07 18:00:00,NA,NA,6.85,17.19,24.03,NA,7.75,NA,NA,NA,NA,NA,NA,NA,NA,NA,NA,NA,NA,NA,NA,NA,NA,NA
2021-02-07 19:00:00,NA,NA,5.19,16.80,22.00,NA,9.14,NA,NA,NA,NA,NA,NA,NA,NA,NA,NA,NA,NA,NA,NA,NA,NA,NA
2021-02-07 20:00:00,NA,NA,5.15,16.72,21.86,NA,9.23,NA,NA,NA,NA,NA,NA,NA,NA,NA,NA,NA,NA,NA,NA,NA,NA,NA
2021-02-07 21:00:00,NA,NA,6.06,16.53,22.59,NA,9.26,NA,NA,NA,NA,NA,NA,NA,NA,NA,NA,NA,NA,NA,NA,NA,NA,NA
2021-02-07 22:00:00,NA,NA,5.16,16.92,22.08,NA,9.22,NA,NA,NA,NA,NA,NA,NA,NA,NA,NA,NA,NA,NA,NA,NA,NA,NA
2021-02-07 23:00:00,NA,NA,6.57,17.04,23.62,NA,9.19,NA,NA,NA,NA,NA,NA,NA,NA,NA,NA,NA,NA,NA,NA,NA,NA,NA
2021-02-08 00:00:00,NA,NA,5.88,16.84,22.72,NA,8.25,NA,NA,NA,NA,NA,NA,NA,NA,NA,NA,NA,NA,NA,NA,NA,NA,NA
2021-02-08 01:00:00,NA,NA,5.50,17.17,22.67,NA,8.32,NA,NA,NA,NA,NA,NA,NA,NA,NA,NA,NA,NA,NA,NA,NA,NA,NA
2021-02-08 02:00:00,NA,NA,5.70,16.64,22.35,NA,8.28,NA,NA,NA,NA,NA,NA,NA,NA,NA,NA,NA,NA,NA,NA,NA,NA,NA
2021-02-08 03:00:00,NA,13.96,5.80,17.20,23.01,NA,8.36,1.25,NA,NA,NA,NA,NA,NA,NA,NA,NA,NA,NA,NA,NA,NA,NA,NA
2021-02-08 04:00:00,NA,16.40,6.38,17.17,23.55,NA,8.34,0.76,NA,NA,NA,NA,NA,NA,NA,NA,NA,NA,NA,NA,NA,NA,NA,NA
2021-02-08 05:00:00,NA,19.02,5.44,15.94,21.90,NA,8.14,1.51,NA,NA,NA,NA,NA,NA,NA,NA,NA,NA,NA,NA,NA,NA,NA,NA
2021-02-08 06:00:00,NA,NA,6.87,NA,23.64,NA,NA,1.38,NA,NA,NA,NA,NA,NA,NA,NA,NA,NA,NA,NA,NA,NA,NA,NA
2021-02-08 07:00:00,NA,NA,6.15,NA,23.48,NA,NA,1.36,NA,NA,NA,NA,NA,NA,NA,NA,NA,NA,NA,NA,NA,NA,NA,NA
2021-02-08 08:00:00,NA,NA,5.10,NA,21.70,NA,NA,1.37,NA,NA,NA,NA,NA,NA,NA,NA,NA,NA,NA,NA,NA,NA,NA,NA
2021-02-08 09:00:00,NA,NA,5.06,NA,21.79,NA,NA,1.37,NA,NA,NA,NA,NA,NA,NA,NA,NA,NA,NA,NA,NA,NA,NA,NA
2021-02-08 10:00:00,NA,NA,4.89,NA,21.40,NA,NA,1.30,NA,NA,NA,NA,NA,NA,NA,NA,NA,NA,NA,NA,NA,NA,NA,NA
2021-02-08 11:00:00,NA,NA,5.85,NA,22.86,NA,NA,1.10,NA,NA,NA,NA,NA,NA,NA,NA,NA,NA,NA,NA,NA,NA,NA,NA
2021-02-08 12:00:00,NA,NA,7.06,NA,24.53,NA,NA,1.11,NA,NA,NA,NA,NA,NA,NA,NA,NA,NA,NA,NA,NA,NA,NA,NA
2021-02-08 13:00:00,NA,NA,5.85,NA,22.69,NA,NA,1.07,NA,NA,NA,NA,NA,NA,NA,NA,NA,NA,NA,NA,NA,NA,NA,NA
2021-02-08 14:00:00,NA,NA,5.58,NA,22.39,NA,NA,1.13,NA,NA,NA,NA,NA,NA,NA,NA,NA,NA,NA,NA,NA,NA,NA,NA
2021-02-08 15:00:00,NA,NA,6.52,NA,24.22,NA,NA,1.33,NA,NA,NA,NA,NA,NA,NA,NA,NA,NA,NA,NA,NA,NA,NA,NA
2021-02-08 16:00:00,NA,NA,6.52,NA,23.57,NA,NA,1.43,NA,NA,NA,NA,NA,NA,NA,NA,NA,NA,NA,NA,NA,NA,NA,NA
2021-02-08 17:00:00,NA,NA,5.82,NA,22.35,NA,NA,1.61,NA,NA,NA,NA,NA,NA,NA,NA,NA,NA,NA,NA,NA,NA,NA,NA
2021-02-08 18:00:00,NA,NA,6.00,NA,23.00,NA,NA,2.71,NA,NA,NA,NA,NA,NA,NA,NA,NA,NA,NA,NA,NA,NA,NA,NA
2021-02-08 19:00:00,NA,NA,6.94,NA,24.31,NA,NA,2.92,NA,NA,NA,NA,NA,NA,NA,NA,NA,NA,NA,NA,NA,NA,NA,NA
2021-02-08 20:00:00,NA,NA,6.51,NA,23.67,NA,NA,1.71,NA,NA,NA,NA,NA,NA,NA,NA,NA,NA,NA,NA,NA,NA,NA,NA
2021-02-08 21:00:00,NA,NA,6.60,NA,23.84,NA,NA,1.42,NA,NA,NA,NA,NA,NA,NA,NA,NA,NA,NA,NA,NA,NA,NA,NA
2021-02-08 22:00:00,NA,NA,5.75,NA,22.45,NA,NA,0.80,NA,NA,NA,NA,NA,NA,NA,NA,NA,NA,NA,NA,NA,NA,NA,NA
2021-02-08 23:00:00,NA,NA,5.91,NA,23.28,NA,NA,0.47,NA,NA,NA,NA,NA,NA,NA,NA,NA,NA,NA,NA,NA,NA,NA,NA
2021-02-09 00:00:00,NA,NA,6.74,NA,23.56,NA,NA,0.46,NA,NA,NA,NA,NA,NA,NA,NA,NA,NA,NA,NA,NA,NA,NA,NA
2021-02-09 01:00:00,NA,NA,5.67,NA,22.93,NA,NA,0.55,NA,NA,NA,NA,NA,NA,NA,NA,NA,NA,NA,NA,NA,NA,NA,NA
2021-02-09 02:00:00,NA,NA,6.76,NA,24.12,NA,NA,0.70,NA,NA,NA,NA,NA,NA,NA,NA,NA,NA,NA,NA,NA,NA,NA,NA
2021-02-09 03:00:00,NA,NA,6.77,NA,25.06,NA,NA,0.86,NA,NA,NA,NA,NA,NA,NA,NA,NA,NA,NA,NA,NA,NA,NA,NA
2021-02-09 04:00:00,NA,NA,7.48,NA,25.26,NA,NA,1.20,NA,NA,NA,NA,NA,NA,NA,NA,NA,NA,NA,NA,NA,NA,NA,NA
2021-02-09 05:00:00,NA,NA,6.28,NA,23.50,NA,NA,1.73,NA,NA,NA,NA,NA,NA,NA,NA,NA,NA,NA,NA,NA,NA,NA,NA
2021-02-09 06:00:00,NA,NA,5.88,17.08,23.01,NA,8.54,1.98,NA,NA,NA,NA,NA,NA,NA,NA,NA,NA,NA,NA,NA,NA,NA,NA
2021-02-09 07:00:00,NA,NA,6.71,18.00,24.70,NA,8.41,2.04,NA,NA,NA,NA,NA,NA,NA,NA,NA,NA,NA,NA,NA,NA,NA,NA
2021-02-09 08:00:00,NA,NA,7.10,17.64,24.74,NA,8.20,1.62,NA,NA,NA,NA,NA,NA,NA,NA,NA,NA,NA,NA,NA,NA,NA,NA
2021-02-09 09:00:00,NA,NA,6.22,17.00,23.22,NA,8.18,1.28,NA,NA,NA,NA,NA,NA,NA,NA,NA,NA,NA,NA,NA,NA,NA,NA
2021-02-09 10:00:00,NA,13.96,6.43,17.76,24.19,NA,8.22,1.42,NA,NA,NA,NA,NA,NA,NA,NA,NA,NA,NA,NA,NA,NA,NA,NA
2021-02-09 11:00:00,NA,22.96,6.25,16.74,22.99,NA,4.17,NA,NA,NA,NA,NA,NA,NA,NA,NA,NA,NA,NA,NA,NA,NA,NA,NA
2021-02-09 12:00:00,NA,58.36,6.29,17.45,23.74,NA,4.01,NA,NA,NA,NA,NA,NA,NA,NA,NA,NA,NA,NA,NA,NA,NA,NA,NA
2021-02-09 13:00:00,NA,46.62,4.97,17.04,22.02,NA,4.01,NA,NA,NA,NA,NA,NA,NA,NA,NA,NA,NA,NA,NA,NA,NA,NA,NA
2021-02-09 14:00:00,NA,42.39,6.96,17.83,24.79,NA,4.02,NA,NA,NA,NA,NA,NA,NA,NA,NA,NA,NA,NA,NA,NA,NA,NA,NA
2021-02-09 15:00:00,NA,41.26,5.81,17.53,23.34,NA,4.00,NA,NA,NA,NA,NA,NA,NA,NA,NA,NA,NA,NA,NA,NA,NA,NA,NA
2021-02-09 16:00:00,NA,35.97,4.83,16.66,21.48,NA,8.08,NA,NA,NA,NA,NA,NA,NA,NA,NA,NA,NA,NA,NA,NA,NA,NA,NA
2021-02-09 17:00:00,NA,37.16,5.91,16.58,22.49,NA,8.32,NA,NA,NA,NA,NA,NA,NA,NA,NA,NA,NA,NA,NA,NA,NA,NA,NA
2021-02-09 18:00:00,NA,37.27,6.69,17.12,23.81,NA,8.27,NA,NA,NA,NA,NA,NA,NA,NA,NA,NA,NA,NA,NA,NA,NA,NA,NA
2021-02-09 19:00:00,NA,39.98,6.12,17.27,23.39,NA,8.48,NA,NA,NA,NA,NA,NA,NA,NA,NA,NA,NA,NA,NA,NA,NA,NA,NA
2021-02-09 20:00:00,NA,40.38,6.26,17.50,23.77,NA,8.62,NA,NA,NA,NA,NA,NA,NA,NA,NA,NA,NA,NA,NA,NA,NA,NA,NA
2021-02-09 21:00:00,NA,39.30,6.52,17.12,23.64,NA,8.70,NA,NA,NA,NA,NA,NA,NA,NA,NA,NA,NA,NA,NA,NA,NA,NA,NA
2021-02-09 22:00:00,NA,38.39,5.77,16.99,22.74,NA,8.45,NA,NA,NA,NA,NA,NA,NA,NA,NA,NA,NA,NA,NA,NA,NA,NA,NA
2021-02-09 23:00:00,NA,38.46,5.26,17.30,22.56,NA,8.35,NA,NA,NA,NA,NA,NA,NA,NA,NA,NA,NA,NA,NA,NA,NA,NA,NA
2021-02-10 00:00:00,NA,41.79,6.74,17.19,23.93,NA,8.32,NA,NA,NA,NA,NA,NA,NA,NA,NA,NA,NA,NA,NA,NA,NA,NA,NA
2021-02-10 01:00:00,NA,40.65,5.86,17.16,23.02,NA,8.17,NA,NA,NA,NA,NA,NA,NA,NA,NA,NA,NA,NA,NA,NA,NA,NA,NA
2021-02-10 02:00:00,NA,37.60,6.81,17.86,24.67,NA,8.47,NA,NA,NA,NA,NA,NA,NA,NA,NA,NA,NA,NA,NA,NA,NA,NA,NA
2021-02-10 03:00:00,NA,35.39,5.58,17.24,22.83,NA,8.49,NA,NA,NA,NA,NA,NA,NA,NA,NA,NA,NA,NA,NA,NA,NA,NA,NA
2021-02-10 04:00:00,NA,34.63,5.66,16.67,22.31,NA,8.32,NA,NA,NA,NA,NA,NA,NA,NA,NA,NA,NA,NA,NA,NA,NA,NA,NA
2021-02-10 05:00:00,NA,34.37,6.90,17.77,24.67,NA,8.36,NA,NA,NA,NA,NA,NA,NA,NA,NA,NA,NA,NA,NA,NA,NA,NA,NA
2021-02-10 06:00:00,NA,32.90,6.15,17.58,23.72,NA,8.40,NA,NA,NA,NA,NA,NA,NA,NA,NA,NA,NA,NA,NA,NA,NA,NA,NA
2021-02-10 07:00:00,NA,14.99,5.69,17.60,23.30,NA,7.78,NA,NA,NA,NA,NA,NA,NA,NA,NA,NA,NA,NA,NA,NA,NA,NA,NA
2021-02-10 08:00:00,NA,17.54,6.96,17.64,24.59,NA,7.62,NA,NA,NA,NA,NA,NA,NA,NA,NA,NA,NA,NA,NA,NA,NA,NA,NA
2021-02-10 09:00:00,NA,28.85,6.12,16.92,23.05,NA,7.54,NA,NA,NA,NA,NA,NA,NA,NA,NA,NA,NA,NA,NA,NA,NA,NA,NA
2021-02-10 10:00:00,NA,25.40,5.07,16.81,21.89,NA,7.48,1.72,NA,NA,NA,NA,NA,NA,NA,NA,NA,NA,NA,NA,NA,NA,NA,NA
2021-02-10 11:00:00,NA,84.07,5.54,17.23,22.77,NA,7.46,0.52,NA,NA,NA,NA,NA,NA,NA,NA,NA,NA,NA,NA,NA,NA,NA,NA
2021-02-10 12:00:00,NA,123.24,6.89,17.30,24.18,NA,4.92,0.82,NA,NA,NA,NA,NA,NA,NA,NA,NA,NA,NA,NA,NA,NA,NA,NA
2021-02-10 13:00:00,NA,128.41,6.09,18.12,24.22,NA,4.85,0.72,NA,NA,NA,NA,NA,NA,NA,NA,NA,NA,NA,NA,NA,NA,NA,NA
2021-02-10 14:00:00,NA,145.18,6.46,17.20,23.66,NA,4.81,0.76,NA,NA,NA,NA,NA,NA,NA,NA,NA,NA,NA,NA,NA,NA,NA,NA
2021-02-10 15:00:00,NA,144.70,9.02,29.65,38.65,NA,6.93,0.63,NA,NA,NA,NA,NA,NA,NA,NA,NA,NA,NA,NA,NA,NA,NA,NA
2021-02-10 16:00:00,NA,145.83,9.86,33.15,43.01,NA,7.66,0.74,NA,NA,NA,NA,NA,NA,NA,NA,NA,NA,NA,NA,NA,NA,NA,NA
2021-02-10 17:00:00,NA,150.20,9.44,32.10,41.50,NA,7.21,0.96,NA,NA,NA,NA,NA,NA,NA,NA,NA,NA,NA,NA,NA,NA,NA,NA
2021-02-10 18:00:00,NA,181.89,10.74,33.58,44.32,NA,7.00,2.53,NA,NA,NA,NA,NA,NA,NA,NA,NA,NA,NA,NA,NA,NA,NA,NA
2021-02-10 19:00:00,NA,244.73,10.03,33.40,43.44,NA,7.00,6.64,NA,NA,NA,NA,NA,NA,NA,NA,NA,NA,NA,NA,NA,NA,NA,NA
2021-02-10 20:00:00,NA,274.85,9.51,32.76,42.23,NA,7.03,NA,NA,NA,NA,NA,NA,NA,NA,NA,NA,NA,NA,NA,NA,NA,NA,NA
2021-02-10 21:00:00,NA,273.90,10.04,33.43,43.48,NA,7.03,NA,NA,NA,NA,NA,NA,NA,NA,NA,NA,NA,NA,NA,NA,NA,NA,NA
2021-02-10 22:00:00,NA,234.61,10.38,33.44,43.82,NA,11.67,NA,NA,NA,NA,NA,NA,NA,NA,NA,NA,NA,NA,NA,NA,NA,NA,NA
2021-02-10 23:00:00,NA,205.16,11.61,33.47,45.08,NA,11.50,NA,NA,NA,NA,NA,NA,NA,NA,NA,NA,NA,NA,NA,NA,NA,NA,NA
2021-02-11 00:00:00,NA,190.62,11.22,33.88,45.11,NA,11.49,NA,NA,NA,NA,NA,NA,NA,NA,NA,NA,NA,NA,NA,NA,NA,NA,NA
2021-02-11 01:00:00,NA,196.78,9.84,33.22,43.07,NA,11.40,NA,NA,NA,NA,NA,NA,NA,NA,NA,NA,NA,NA,NA,NA,NA,NA,NA
2021-02-11 02:00:00,NA,194.86,9.93,33.34,43.27,NA,11.56,NA,NA,NA,NA,NA,NA,NA,NA,NA,NA,NA,NA,NA,NA,NA,NA,NA
2021-02-11 03:00:00,NA,166.94,11.34,33.70,45.04,NA,10.62,NA,NA,NA,NA,NA,NA,NA,NA,NA,NA,NA,NA,NA,NA,NA,NA,NA
2021-02-11 04:00:00,NA,153.13,10.42,34.06,44.46,NA,10.71,NA,NA,NA,NA,NA,NA,NA,NA,NA,NA,NA,NA,NA,NA,NA,NA,NA
2021-02-11 05:00:00,NA,154.72,9.87,33.31,43.14,NA,10.63,NA,NA,NA,NA,NA,NA,NA,NA,NA,NA,NA,NA,NA,NA,NA,NA,NA
2021-02-11 06:00:00,NA,193.59,9.76,33.23,43.00,NA,10.63,NA,NA,NA,NA,NA,NA,NA,NA,NA,NA,NA,NA,NA,NA,NA,NA,NA
2021-02-11 07:00:00,NA,230.08,10.36,33.21,43.56,NA,10.64,NA,NA,NA,NA,NA,NA,NA,NA,NA,NA,NA,NA,NA,NA,NA,NA,NA
2021-02-11 08:00:00,NA,95.95,8.52,32.81,41.32,NA,10.68,NA,NA,NA,NA,NA,NA,NA,NA,NA,NA,NA,NA,NA,NA,NA,NA,NA
2021-02-11 09:00:00,NA,8.44,10.20,33.95,44.16,NA,10.38,NA,NA,NA,NA,NA,NA,NA,NA,NA,NA,NA,NA,NA,NA,NA,NA,NA
2021-02-11 10:00:00,NA,68.08,10.15,33.38,43.53,NA,10.17,NA,NA,NA,NA,NA,NA,NA,NA,NA,NA,NA,NA,NA,NA,NA,NA,NA
2021-02-11 11:00:00,NA,193.60,9.29,32.66,41.96,NA,9.45,NA,NA,NA,NA,NA,NA,NA,NA,NA,NA,NA,NA,NA,NA,NA,NA,NA
2021-02-11 12:00:00,NA,151.26,9.56,33.25,42.81,NA,9.57,NA,NA,NA,NA,NA,NA,NA,NA,NA,NA,NA,NA,NA,NA,NA,NA,NA
2021-02-11 13:00:00,NA,156.34,10.15,33.43,43.58,NA,9.74,NA,NA,NA,NA,NA,NA,NA,NA,NA,NA,NA,NA,NA,NA,NA,NA,NA
2021-02-11 14:00:00,NA,164.62,9.88,33.19,43.07,NA,11.38,NA,NA,NA,NA,NA,NA,NA,NA,NA,NA,NA,NA,NA,NA,NA,NA,NA
2021-02-11 15:00:00,NA,149.06,10.07,32.30,42.38,NA,11.38,NA,NA,NA,NA,NA,NA,NA,NA,NA,NA,NA,NA,NA,NA,NA,NA,NA
2021-02-11 16:00:00,NA,135.99,7.85,32.44,40.28,NA,11.27,NA,NA,NA,NA,NA,NA,NA,NA,NA,NA,NA,NA,NA,NA,NA,NA,NA
2021-02-11 17:00:00,NA,134.62,9.99,33.01,43.00,NA,11.30,NA,NA,NA,NA,NA,NA,NA,NA,NA,NA,NA,NA,NA,NA,NA,NA,NA
2021-02-11 18:00:00,NA,156.04,9.38,32.77,42.16,NA,11.47,NA,NA,NA,NA,NA,NA,NA,NA,NA,NA,NA,NA,NA,NA,NA,NA,NA
2021-02-11 19:00:00,NA,217.51,10.83,33.67,44.50,NA,10.34,NA,NA,NA,NA,NA,NA,NA,NA,NA,NA,NA,NA,NA,NA,NA,NA,NA
2021-02-11 20:00:00,NA,259.23,10.52,33.14,43.66,NA,10.41,NA,NA,NA,NA,NA,NA,NA,NA,NA,NA,NA,NA,NA,NA,NA,NA,NA
2021-02-11 21:00:00,NA,266.26,10.40,33.54,43.94,NA,10.42,NA,NA,NA,NA,NA,NA,NA,NA,NA,NA,NA,NA,NA,NA,NA,NA,NA
2021-02-11 22:00:00,NA,235.71,9.52,33.32,42.84,NA,10.45,NA,NA,NA,NA,NA,NA,NA,NA,NA,NA,NA,NA,NA,NA,NA,NA,NA
2021-02-11 23:00:00,NA,227.54,10.80,33.73,44.53,NA,10.35,NA,NA,NA,NA,NA,NA,NA,NA,NA,NA,NA,NA,NA,NA,NA,NA,NA
2021-02-12 00:00:00,NA,181.60,9.40,33.03,42.43,NA,10.92,NA,NA,NA,NA,NA,NA,NA,NA,NA,NA,NA,NA,NA,NA,NA,NA,NA
2021-02-12 01:00:00,NA,168.98,9.43,32.80,42.22,NA,11.06,NA,NA,NA,NA,NA,NA,NA,NA,NA,NA,NA,NA,NA,NA,NA,NA,NA
2021-02-12 02:00:00,NA,189.06,9.28,33.43,42.68,NA,11.06,NA,NA,NA,NA,NA,NA,NA,NA,NA,NA,NA,NA,NA,NA,NA,NA,NA
2021-02-12 03:00:00,NA,188.95,9.63,33.18,42.71,NA,10.82,NA,NA,NA,NA,NA,NA,NA,NA,NA,NA,NA,NA,NA,NA,NA,NA,NA
2021-02-12 04:00:00,NA,159.90,9.32,33.17,42.47,NA,10.90,NA,NA,NA,NA,NA,NA,NA,NA,NA,NA,NA,NA,NA,NA,NA,NA,NA
2021-02-12 05:00:00,NA,150.47,10.05,32.61,42.64,NA,9.90,NA,NA,NA,NA,NA,NA,NA,NA,NA,NA,NA,NA,NA,NA,NA,NA,NA
2021-02-12 06:00:00,NA,198.54,9.67,32.89,42.48,NA,9.75,NA,NA,NA,NA,NA,NA,NA,NA,NA,NA,NA,NA,NA,NA,NA,NA,NA
2021-02-12 07:00:00,NA,190.48,9.85,33.04,42.86,NA,9.76,NA,NA,NA,NA,NA,NA,NA,NA,NA,NA,NA,NA,NA,NA,NA,NA,NA
2021-02-12 08:00:00,NA,187.30,10.32,33.46,43.77,NA,9.76,NA,NA,NA,NA,NA,NA,NA,NA,NA,NA,NA,NA,NA,NA,NA,NA,NA
2021-02-12 09:00:00,NA,186.22,10.18,33.46,43.64,NA,9.66,NA,NA,NA,NA,NA,NA,NA,NA,NA,NA,NA,NA,NA,NA,NA,NA,NA
2021-02-12 10:00:00,NA,177.48,8.36,32.22,40.56,NA,13.46,NA,NA,NA,NA,NA,NA,NA,NA,NA,NA,NA,NA,NA,NA,NA,NA,NA
2021-02-12 11:00:00,NA,155.50,9.97,33.07,42.66,NA,13.15,NA,NA,NA,NA,NA,NA,NA,NA,NA,NA,NA,NA,NA,NA,NA,NA,NA
2021-02-12 12:00:00,NA,144.80,10.00,33.65,43.65,NA,13.08,NA,NA,NA,NA,NA,NA,NA,NA,NA,NA,NA,NA,NA,NA,NA,NA,NA
2021-02-12 13:00:00,NA,127.46,9.23,32.99,42.22,NA,12.86,NA,NA,NA,NA,NA,NA,NA,NA,NA,NA,NA,NA,NA,NA,NA,NA,NA
2021-02-12 14:00:00,NA,110.05,9.30,33.38,42.59,NA,12.70,NA,NA,NA,NA,NA,NA,NA,NA,NA,NA,NA,NA,NA,NA,NA,NA,NA
2021-02-12 15:00:00,NA,115.35,9.06,33.90,42.96,NA,11.49,NA,NA,NA,NA,NA,NA,NA,NA,NA,NA,NA,NA,NA,NA,NA,NA,NA
2021-02-12 16:00:00,NA,115.76,9.81,33.31,43.12,NA,11.44,NA,NA,NA,NA,NA,NA,NA,NA,NA,NA,NA,NA,NA,NA,NA,NA,NA
2021-02-12 17:00:00,NA,124.06,9.96,33.35,43.31,NA,11.45,NA,NA,NA,NA,NA,NA,NA,NA,NA,NA,NA,NA,NA,NA,NA,NA,NA
2021-02-12 18:00:00,NA,142.25,9.80,33.40,43.19,NA,12.00,NA,NA,NA,NA,NA,NA,NA,NA,NA,NA,NA,NA,NA,NA,NA,NA,NA
2021-02-12 19:00:00,NA,198.71,10.72,33.34,44.04,NA,12.04,NA,NA,NA,NA,NA,NA,NA,NA,NA,NA,NA,NA,NA,NA,NA,NA,NA
2021-02-12 20:00:00,NA,251.12,10.85,33.92,44.77,NA,7.15,NA,NA,NA,NA,NA,NA,NA,NA,NA,NA,NA,NA,NA,NA,NA,NA,NA
2021-02-12 21:00:00,NA,250.10,9.28,33.36,42.64,NA,7.00,NA,NA,NA,NA,NA,NA,NA,NA,NA,NA,NA,NA,NA,NA,NA,NA,NA
2021-02-12 22:00:00,NA,213.62,11.02,33.81,44.83,NA,7.00,NA,NA,NA,NA,NA,NA,NA,NA,NA,NA,NA,NA,NA,NA,NA,NA,NA
2021-02-12 23:00:00,NA,151.98,10.10,33.50,43.60,NA,7.00,NA,NA,NA,NA,NA,NA,NA,NA,NA,NA,NA,NA,NA,NA,NA,NA,NA
2021-02-13 00:00:00,NA,134.04,10.83,33.25,44.08,NA,7.00,NA,NA,NA,NA,NA,NA,NA,NA,NA,NA,NA,NA,NA,NA,NA,NA,NA
2021-02-13 01:00:00,NA,131.29,11.37,33.34,44.72,NA,13.90,NA,NA,NA,NA,NA,NA,NA,NA,NA,NA,NA,NA,NA,NA,NA,NA,NA
2021-02-13 02:00:00,NA,145.18,10.39,34.13,44.50,NA,13.81,NA,NA,NA,NA,NA,NA,NA,NA,NA,NA,NA,NA,NA,NA,NA,NA,NA
2021-02-13 03:00:00,NA,149.14,9.84,33.03,42.84,NA,13.88,NA,NA,NA,NA,NA,NA,NA,NA,NA,NA,NA,NA,NA,NA,NA,NA,NA
2021-02-13 04:00:00,NA,133.78,11.58,33.36,44.94,NA,13.94,NA,NA,NA,NA,NA,NA,NA,NA,NA,NA,NA,NA,NA,NA,NA,NA,NA
2021-02-13 05:00:00,NA,115.88,10.13,32.65,42.78,NA,14.01,NA,NA,NA,NA,NA,NA,NA,NA,NA,NA,NA,NA,NA,NA,NA,NA,NA
2021-02-13 06:00:00,NA,101.33,10.59,33.33,43.84,NA,9.15,NA,NA,NA,NA,NA,NA,NA,NA,NA,NA,NA,NA,NA,NA,NA,NA,NA
2021-02-13 07:00:00,NA,119.90,9.84,33.14,42.97,NA,8.86,NA,NA,NA,NA,NA,NA,NA,NA,NA,NA,NA,NA,NA,NA,NA,NA,NA
2021-02-13 08:00:00,NA,157.04,10.16,33.13,43.29,NA,8.80,NA,NA,NA,NA,NA,NA,NA,NA,NA,NA,NA,NA,NA,NA,NA,NA,NA
2021-02-13 09:00:00,NA,183.80,10.42,33.27,43.68,NA,8.81,NA,NA,NA,NA,NA,NA,NA,NA,NA,NA,NA,NA,NA,NA,NA,NA,NA
2021-02-13 10:00:00,NA,169.84,8.59,33.15,41.74,NA,8.90,NA,NA,NA,NA,NA,NA,NA,NA,NA,NA,NA,NA,NA,NA,NA,NA,NA
2021-02-13 11:00:00,NA,156.54,10.62,32.66,43.27,NA,11.72,NA,NA,NA,NA,NA,NA,NA,NA,NA,NA,NA,NA,NA,NA,NA,NA,NA
2021-02-13 12:00:00,NA,185.04,11.63,33.32,44.95,NA,11.70,NA,NA,NA,NA,NA,NA,NA,NA,NA,NA,NA,NA,NA,NA,NA,NA,NA
2021-02-13 13:00:00,NA,165.70,9.32,32.30,41.62,NA,11.51,NA,NA,NA,NA,NA,NA,NA,NA,NA,NA,NA,NA,NA,NA,NA,NA,NA
2021-02-13 14:00:00,NA,177.84,10.24,33.55,43.78,NA,11.60,NA,NA,NA,NA,NA,NA,NA,NA,NA,NA,NA,NA,NA,NA,NA,NA,NA
2021-02-13 15:00:00,NA,164.02,10.61,33.43,44.04,NA,11.42,NA,NA,NA,NA,NA,NA,NA,NA,NA,NA,NA,NA,NA,NA,NA,NA,NA
2021-02-13 16:00:00,NA,159.40,9.55,33.18,42.73,NA,12.92,NA,NA,NA,NA,NA,NA,NA,NA,NA,NA,NA,NA,NA,NA,NA,NA,NA
2021-02-13 17:00:00,NA,173.73,11.32,34.18,45.50,NA,12.94,NA,NA,NA,NA,NA,NA,NA,NA,NA,NA,NA,NA,NA,NA,NA,NA,NA
2021-02-13 18:00:00,NA,187.06,8.91,33.36,42.26,NA,13.33,NA,NA,NA,NA,NA,NA,NA,NA,NA,NA,NA,NA,NA,NA,NA,NA,NA
2021-02-13 19:00:00,NA,246.42,9.89,33.32,43.22,NA,13.50,NA,NA,NA,NA,NA,NA,NA,NA,NA,NA,NA,NA,NA,NA,NA,NA,NA
2021-02-13 20:00:00,NA,290.69,9.48,33.28,42.76,NA,13.54,NA,NA,NA,NA,NA,NA,NA,NA,NA,NA,NA,NA,NA,NA,NA,NA,NA
2021-02-13 21:00:00,NA,291.57,9.83,33.39,43.22,NA,8.71,NA,NA,NA,NA,NA,NA,NA,NA,NA,NA,NA,NA,NA,NA,NA,NA,NA
2021-02-13 22:00:00,NA,178.51,10.05,33.53,43.58,NA,8.82,NA,NA,NA,NA,NA,NA,NA,NA,NA,NA,NA,NA,NA,NA,NA,NA,NA
2021-02-13 23:00:00,NA,86.39,9.70,33.32,43.02,NA,8.78,NA,NA,NA,NA,NA,NA,NA,NA,NA,NA,NA,NA,NA,NA,NA,NA,NA
2021-02-14 00:00:00,NA,94.84,9.12,32.95,42.06,NA,8.64,NA,NA,NA,NA,NA,NA,NA,NA,NA,NA,NA,NA,NA,NA,NA,NA,NA
2021-02-14 01:00:00,NA,128.02,10.86,33.76,44.63,NA,8.50,NA,NA,NA,NA,NA,NA,NA,NA,NA,NA,NA,NA,NA,NA,NA,NA,NA
2021-02-14 02:00:00,NA,132.55,10.07,33.22,43.28,NA,10.94,NA,NA,NA,NA,NA,NA,NA,NA,NA,NA,NA,NA,NA,NA,NA,NA,NA
2021-02-14 03:00:00,NA,130.32,11.71,33.67,45.38,NA,11.01,NA,NA,NA,NA,NA,NA,NA,NA,NA,NA,NA,NA,NA,NA,NA,NA,NA
2021-02-14 04:00:00,NA,94.35,9.57,33.26,42.82,NA,11.04,NA,NA,NA,NA,NA,NA,NA,NA,NA,NA,NA,NA,NA,NA,NA,NA,NA
2021-02-14 05:00:00,NA,111.13,9.11,33.24,42.13,NA,11.18,NA,NA,NA,NA,NA,NA,NA,NA,NA,NA,NA,NA,NA,NA,NA,NA,NA
2021-02-14 06:00:00,NA,145.38,10.24,33.26,43.50,NA,11.09,NA,NA,NA,NA,NA,NA,NA,NA,NA,NA,NA,NA,NA,NA,NA,NA,NA
2021-02-14 07:00:00,NA,166.50,10.96,33.81,44.78,NA,12.34,NA,NA,NA,NA,NA,NA,NA,NA,NA,NA,NA,NA,NA,NA,NA,NA,NA
2021-02-14 08:00:00,NA,228.42,10.50,33.43,43.92,NA,12.23,NA,NA,NA,NA,NA,NA,NA,NA,NA,NA,NA,NA,NA,NA,NA,NA,NA
2021-02-14 09:00:00,NA,252.27,9.95,33.74,43.68,NA,12.10,NA,NA,NA,NA,NA,NA,NA,NA,NA,NA,NA,NA,NA,NA,NA,NA,NA
2021-02-14 10:00:00,NA,220.42,9.90,32.95,42.84,NA,12.20,NA,NA,NA,NA,NA,NA,NA,NA,NA,NA,NA,NA,NA,NA,NA,NA,NA
2021-02-14 11:00:00,NA,211.34,10.46,33.26,43.70,NA,12.04,NA,NA,NA,NA,NA,NA,NA,NA,NA,NA,NA,NA,NA,NA,NA,NA,NA
2021-02-14 12:00:00,NA,156.82,10.02,33.80,43.82,NA,10.54,NA,NA,NA,NA,NA,NA,NA,NA,NA,NA,NA,NA,NA,NA,NA,NA,NA
2021-02-14 13:00:00,NA,128.42,9.07,33.37,42.44,NA,10.30,NA,NA,NA,NA,NA,NA,NA,NA,NA,NA,NA,NA,NA,NA,NA,NA,NA
2021-02-14 14:00:00,NA,123.20,10.29,33.30,43.58,NA,10.02,NA,NA,NA,NA,NA,NA,NA,NA,NA,NA,NA,NA,NA,NA,NA,NA,NA
2021-02-14 15:00:00,NA,119.06,9.28,33.11,42.38,NA,10.15,NA,NA,NA,NA,NA,NA,NA,NA,NA,NA,NA,NA,NA,NA,NA,NA,NA
2021-02-14 16:00:00,NA,167.71,9.00,32.61,41.60,NA,10.16,NA,NA,NA,NA,NA,NA,NA,NA,NA,NA,NA,NA,NA,NA,NA,NA,NA
2021-02-14 17:00:00,NA,219.25,10.13,33.82,43.96,NA,12.61,NA,NA,NA,NA,NA,NA,NA,NA,NA,NA,NA,NA,NA,NA,NA,NA,NA
2021-02-14 18:00:00,NA,226.50,9.86,33.38,43.24,NA,12.56,NA,NA,NA,NA,NA,NA,NA,NA,NA,NA,NA,NA,NA,NA,NA,NA,NA
2021-02-14 19:00:00,NA,NA,NA,NA,NA,NA,NA,NA,NA,NA,NA,NA,NA,NA,NA,NA,NA,NA,NA,NA,NA,NA,NA,NA
2021-02-14 20:00:00,NA,NA,NA,NA,NA,NA,NA,NA,NA,NA,NA,NA,NA,NA,NA,NA,NA,NA,NA,NA,NA,NA,NA,NA
2021-02-14 21:00:00,NA,NA,NA,NA,NA,NA,NA,NA,NA,NA,NA,NA,NA,NA,NA,NA,NA,NA,NA,NA,NA,NA,NA,NA
2021-02-14 22:00:00,NA,NA,NA,NA,NA,NA,NA,NA,NA,NA,NA,NA,NA,NA,NA,NA,NA,NA,NA,NA,NA,NA,NA,NA
2021-02-14 23:00:00,NA,NA,NA,NA,NA,NA,NA,NA,NA,NA,NA,NA,NA,NA,NA,NA,NA,NA,NA,NA,NA,NA,NA,NA
2021-02-15 00:00:00,NA,NA,NA,NA,NA,NA,NA,NA,NA,NA,NA,NA,NA,NA,NA,NA,NA,NA,NA,NA,NA,NA,NA,NA
2021-02-15 01:00:00,NA,NA,NA,NA,NA,NA,NA,NA,NA,NA,NA,NA,NA,NA,NA,NA,NA,NA,NA,NA,NA,NA,NA,NA
2021-02-15 02:00:00,NA,NA,NA,NA,NA,NA,NA,NA,NA,NA,NA,NA,NA,NA,NA,NA,NA,NA,NA,NA,NA,NA,NA,NA
2021-02-15 03:00:00,NA,NA,NA,NA,NA,NA,NA,NA,NA,NA,NA,NA,NA,NA,NA,NA,NA,NA,NA,NA,NA,NA,NA,NA
2021-02-15 04:00:00,NA,NA,NA,NA,NA,NA,NA,NA,NA,NA,NA,NA,NA,NA,NA,NA,NA,NA,NA,NA,NA,NA,NA,NA
2021-02-15 05:00:00,NA,NA,NA,NA,NA,NA,NA,NA,NA,NA,NA,NA,NA,NA,NA,NA,NA,NA,NA,NA,NA,NA,NA,NA
2021-02-15 06:00:00,NA,NA,NA,NA,NA,NA,NA,NA,NA,NA,NA,NA,NA,NA,NA,NA,NA,NA,NA,NA,NA,NA,NA,NA
2021-02-15 07:00:00,NA,NA,NA,NA,NA,NA,NA,NA,NA,NA,NA,NA,NA,NA,NA,NA,NA,NA,NA,NA,NA,NA,NA,NA
2021-02-15 08:00:00,NA,NA,10.38,32.86,43.24,NA,13.68,NA,NA,NA,NA,NA,NA,NA,NA,NA,NA,NA,NA,NA,NA,NA,NA,NA
2021-02-15 09:00:00,NA,NA,10.09,33.56,43.64,NA,13.60,NA,NA,NA,NA,NA,NA,NA,NA,NA,NA,NA,NA,NA,NA,NA,NA,NA
2021-02-15 10:00:00,NA,NA,10.07,33.16,43.24,NA,13.66,NA,NA,NA,NA,NA,NA,NA,NA,NA,NA,NA,NA,NA,NA,NA,NA,NA
2021-02-15 11:00:00,NA,8.40,10.40,33.28,43.68,NA,13.56,NA,NA,NA,NA,NA,NA,NA,NA,NA,NA,NA,NA,NA,NA,NA,NA,NA
2021-02-15 12:00:00,NA,12.22,10.14,32.31,42.46,NA,13.62,NA,NA,NA,NA,NA,NA,NA,NA,NA,NA,NA,NA,NA,NA,NA,NA,NA
2021-02-15 13:00:00,NA,120.41,10.31,33.26,43.58,NA,8.91,NA,NA,NA,NA,NA,NA,NA,NA,NA,NA,NA,NA,NA,NA,NA,NA,NA
2021-02-15 14:00:00,NA,268.21,9.83,33.28,43.11,NA,8.49,NA,NA,NA,NA,NA,NA,NA,NA,NA,NA,NA,NA,NA,NA,NA,NA,NA
2021-02-15 15:00:00,NA,201.86,10.16,33.64,43.80,NA,8.52,NA,NA,NA,NA,NA,NA,NA,NA,NA,NA,NA,NA,NA,NA,NA,NA,NA
2021-02-15 16:00:00,NA,150.90,10.56,33.29,43.85,NA,8.47,NA,NA,NA,NA,NA,NA,NA,NA,NA,NA,NA,NA,NA,NA,NA,NA,NA
2021-02-15 17:00:00,NA,169.78,12.16,33.93,46.08,NA,8.61,NA,NA,NA,NA,NA,NA,NA,NA,NA,NA,NA,NA,NA,NA,NA,NA,NA
2021-02-15 18:00:00,NA,204.92,9.04,32.33,41.37,NA,7.59,NA,NA,NA,NA,NA,NA,NA,NA,NA,NA,NA,NA,NA,NA,NA,NA,NA
2021-02-15 19:00:00,NA,226.24,10.70,33.53,44.22,NA,7.51,NA,NA,NA,NA,NA,NA,NA,NA,NA,NA,NA,NA,NA,NA,NA,NA,NA
2021-02-15 20:00:00,NA,257.16,10.64,33.64,44.28,NA,7.37,NA,NA,NA,NA,NA,NA,NA,NA,NA,NA,NA,NA,NA,NA,NA,NA,NA
2021-02-15 21:00:00,NA,260.80,9.88,33.96,43.84,NA,7.24,NA,NA,NA,NA,NA,NA,NA,NA,NA,NA,NA,NA,NA,NA,NA,NA,NA
2021-02-15 22:00:00,NA,245.24,11.03,33.42,44.44,NA,7.42,NA,NA,NA,NA,NA,NA,NA,NA,NA,NA,NA,NA,NA,NA,NA,NA,NA
2021-02-15 23:00:00,NA,217.40,11.03,34.74,45.77,NA,8.71,NA,NA,NA,NA,NA,NA,NA,NA,NA,NA,NA,NA,NA,NA,NA,NA,NA
2021-02-16 00:00:00,NA,NA,NA,NA,0.00,NA,NA,0.00,NA,NA,NA,NA,NA,NA,NA,NA,NA,NA,NA,NA,NA,NA,NA,NA
2021-02-16 01:00:00,NA,NA,NA,NA,0.00,NA,NA,0.00,NA,NA,NA,NA,NA,NA,NA,NA,NA,NA,NA,NA,NA,NA,NA,NA
2021-02-16 02:00:00,NA,NA,NA,NA,0.00,NA,NA,0.00,NA,NA,NA,NA,NA,NA,NA,NA,NA,NA,NA,NA,NA,NA,NA,NA
2021-02-16 03:00:00,NA,NA,NA,NA,0.00,NA,NA,0.00,NA,NA,NA,NA,NA,NA,NA,NA,NA,NA,NA,NA,NA,NA,NA,NA
2021-02-16 04:00:00,NA,NA,NA,NA,0.00,NA,NA,0.00,NA,NA,NA,NA,NA,NA,NA,NA,NA,NA,NA,NA,NA,NA,NA,NA
2021-02-16 05:00:00,NA,NA,NA,NA,0.00,NA,NA,0.00,NA,NA,NA,NA,NA,NA,NA,NA,NA,NA,NA,NA,NA,NA,NA,NA
2021-02-16 06:00:00,NA,NA,NA,NA,0.00,NA,NA,0.00,NA,NA,NA,NA,NA,NA,NA,NA,NA,NA,NA,NA,NA,NA,NA,NA
2021-02-16 07:00:00,NA,NA,NA,NA,0.00,NA,NA,0.00,NA,NA,NA,NA,NA,NA,NA,NA,NA,NA,NA,NA,NA,NA,NA,NA
2021-02-16 08:00:00,NA,NA,NA,NA,0.00,NA,NA,0.00,NA,NA,NA,NA,NA,NA,NA,NA,NA,NA,NA,NA,NA,NA,NA,NA
2021-02-16 09:00:00,NA,257.46,11.48,33.17,11.16,NA,8.13,0.00,NA,NA,NA,NA,NA,NA,NA,NA,NA,NA,NA,NA,NA,NA,NA,NA
2021-02-16 10:00:00,NA,3.97,9.07,32.82,41.86,NA,7.90,NA,NA,NA,NA,NA,NA,NA,NA,NA,NA,NA,NA,NA,NA,NA,NA,NA
2021-02-16 11:00:00,NA,3.36,9.65,33.22,42.88,NA,7.71,NA,NA,NA,NA,NA,NA,NA,NA,NA,NA,NA,NA,NA,NA,NA,NA,NA
2021-02-16 12:00:00,NA,NA,NA,NA,NA,NA,NA,NA,NA,NA,NA,NA,NA,NA,NA,NA,NA,NA,NA,NA,NA,NA,NA,NA
2021-02-16 13:00:00,NA,41.96,7.63,21.73,29.36,NA,5.70,NA,NA,NA,NA,NA,NA,NA,NA,NA,NA,NA,NA,NA,NA,NA,NA,NA
2021-02-16 14:00:00,NA,53.21,5.25,17.40,22.59,NA,6.62,NA,NA,NA,NA,NA,NA,NA,NA,NA,NA,NA,NA,NA,NA,NA,NA,NA
2021-02-16 15:00:00,NA,51.70,8.00,23.84,31.84,NA,6.57,NA,NA,NA,NA,NA,NA,NA,NA,NA,NA,NA,NA,NA,NA,NA,NA,NA
2021-02-16 16:00:00,NA,50.26,10.07,27.05,37.11,NA,6.48,NA,NA,NA,NA,NA,NA,NA,NA,NA,NA,NA,NA,NA,NA,NA,NA,NA
2021-02-16 17:00:00,NA,53.76,9.73,27.20,36.94,NA,6.44,NA,NA,NA,NA,NA,NA,NA,NA,NA,NA,NA,NA,NA,NA,NA,NA,NA
2021-02-16 18:00:00,NA,59.58,10.05,27.26,37.31,NA,6.80,NA,NA,NA,NA,NA,NA,NA,NA,NA,NA,NA,NA,NA,NA,NA,NA,NA
2021-02-16 19:00:00,NA,62.86,9.38,26.82,36.19,NA,4.88,NA,NA,NA,NA,NA,NA,NA,NA,NA,NA,NA,NA,NA,NA,NA,NA,NA
2021-02-16 20:00:00,NA,NA,NA,NA,NA,NA,NA,NA,NA,NA,NA,NA,NA,NA,NA,NA,NA,NA,NA,NA,NA,NA,NA,NA
2021-02-16 21:00:00,NA,NA,NA,NA,NA,NA,NA,NA,NA,NA,NA,NA,NA,NA,NA,NA,NA,NA,NA,NA,NA,NA,NA,NA
2021-02-16 22:00:00,NA,NA,NA,NA,NA,NA,NA,NA,NA,NA,NA,NA,NA,NA,NA,NA,NA,NA,NA,NA,NA,NA,NA,NA
2021-02-16 23:00:00,NA,NA,NA,NA,NA,NA,NA,NA,NA,NA,NA,NA,NA,NA,NA,NA,NA,NA,NA,NA,NA,NA,NA,NA
2021-02-17 00:00:00,NA,NA,NA,NA,NA,NA,NA,NA,NA,NA,NA,NA,NA,NA,NA,NA,NA,NA,NA,NA,NA,NA,NA,NA
2021-02-17 01:00:00,NA,NA,NA,NA,NA,NA,NA,NA,NA,NA,NA,NA,NA,NA,NA,NA,NA,NA,NA,NA,NA,NA,NA,NA
2021-02-17 02:00:00,NA,NA,NA,NA,NA,NA,NA,NA,NA,NA,NA,NA,NA,NA,NA,NA,NA,NA,NA,NA,NA,NA,NA,NA
2021-02-17 03:00:00,NA,NA,NA,NA,NA,NA,NA,NA,NA,NA,NA,NA,NA,NA,NA,NA,NA,NA,NA,NA,NA,NA,NA,NA
2021-02-17 04:00:00,NA,NA,NA,NA,NA,NA,NA,NA,NA,NA,NA,NA,NA,NA,NA,NA,NA,NA,NA,NA,NA,NA,NA,NA
2021-02-17 05:00:00,NA,NA,NA,NA,NA,NA,NA,NA,NA,NA,NA,NA,NA,NA,NA,NA,NA,NA,NA,NA,NA,NA,NA,NA
2021-02-17 06:00:00,NA,NA,NA,NA,NA,NA,NA,NA,NA,NA,NA,NA,NA,NA,NA,NA,NA,NA,NA,NA,NA,NA,NA,NA
2021-02-17 07:00:00,NA,NA,NA,NA,NA,NA,NA,NA,NA,NA,NA,NA,NA,NA,NA,NA,NA,NA,NA,NA,NA,NA,NA,NA
2021-02-17 08:00:00,NA,NA,9.19,28.16,37.32,NA,7.06,NA,NA,NA,NA,NA,NA,NA,NA,NA,NA,NA,NA,NA,NA,NA,NA,NA
2021-02-17 09:00:00,NA,NA,10.00,27.78,37.78,NA,7.02,NA,NA,NA,NA,NA,NA,NA,NA,NA,NA,NA,NA,NA,NA,NA,NA,NA
2021-02-17 10:00:00,NA,9.72,9.91,27.79,37.66,NA,8.69,2.10,NA,NA,NA,NA,NA,NA,NA,NA,NA,NA,NA,NA,NA,NA,NA,NA
2021-02-17 11:00:00,NA,19.13,9.26,26.62,35.88,NA,8.52,1.12,NA,NA,NA,NA,NA,NA,NA,NA,NA,NA,NA,NA,NA,NA,NA,NA
2021-02-17 12:00:00,NA,32.83,11.27,27.43,38.68,NA,8.52,0.56,NA,NA,NA,NA,NA,NA,NA,NA,NA,NA,NA,NA,NA,NA,NA,NA
2021-02-17 13:00:00,NA,56.10,9.85,27.86,37.70,NA,8.48,0.42,NA,NA,NA,NA,NA,NA,NA,NA,NA,NA,NA,NA,NA,NA,NA,NA
2021-02-17 14:00:00,NA,69.38,9.96,27.36,37.32,NA,8.40,0.40,NA,NA,NA,NA,NA,NA,NA,NA,NA,NA,NA,NA,NA,NA,NA,NA
2021-02-17 15:00:00,NA,65.66,10.30,27.37,37.66,NA,10.08,0.40,NA,NA,NA,NA,NA,NA,NA,NA,NA,NA,NA,NA,NA,NA,NA,NA
2021-02-17 16:00:00,NA,68.68,10.99,27.02,38.02,NA,10.01,0.40,NA,NA,NA,NA,NA,NA,NA,NA,NA,NA,NA,NA,NA,NA,NA,NA
2021-02-17 17:00:00,NA,72.75,9.80,27.34,37.14,NA,10.07,0.57,NA,NA,NA,NA,NA,NA,NA,NA,NA,NA,NA,NA,NA,NA,NA,NA
2021-02-17 18:00:00,NA,76.70,10.46,27.84,38.31,NA,10.41,2.47,NA,NA,NA,NA,NA,NA,NA,NA,NA,NA,NA,NA,NA,NA,NA,NA
2021-02-17 19:00:00,NA,76.49,9.93,27.36,37.29,NA,10.74,4.16,NA,NA,NA,NA,NA,NA,NA,NA,NA,NA,NA,NA,NA,NA,NA,NA
2021-02-17 20:00:00,NA,88.20,9.82,27.30,37.12,NA,8.82,1.63,NA,NA,NA,NA,NA,NA,NA,NA,NA,NA,NA,NA,NA,NA,NA,NA
2021-02-17 21:00:00,NA,84.94,9.59,27.63,37.22,NA,8.79,0.82,NA,NA,NA,NA,NA,NA,NA,NA,NA,NA,NA,NA,NA,NA,NA,NA
2021-02-17 22:00:00,NA,64.95,10.17,28.10,38.27,NA,8.57,0.57,NA,NA,NA,NA,NA,NA,NA,NA,NA,NA,NA,NA,NA,NA,NA,NA
2021-02-17 23:00:00,NA,66.14,10.55,27.58,38.13,NA,8.73,0.63,NA,NA,NA,NA,NA,NA,NA,NA,NA,NA,NA,NA,NA,NA,NA,NA
2021-02-18 00:00:00,NA,63.74,9.91,27.76,37.67,NA,8.49,0.83,NA,NA,NA,NA,NA,NA,NA,NA,NA,NA,NA,NA,NA,NA,NA,NA
2021-02-18 01:00:00,NA,63.44,10.60,27.92,38.52,NA,8.05,1.00,NA,NA,NA,NA,NA,NA,NA,NA,NA,NA,NA,NA,NA,NA,NA,NA
2021-02-18 02:00:00,NA,60.43,9.47,27.94,37.41,NA,7.94,1.16,NA,NA,NA,NA,NA,NA,NA,NA,NA,NA,NA,NA,NA,NA,NA,NA
2021-02-18 03:00:00,NA,60.72,11.07,27.62,38.70,NA,7.74,1.14,NA,NA,NA,NA,NA,NA,NA,NA,NA,NA,NA,NA,NA,NA,NA,NA
2021-02-18 04:00:00,NA,55.74,10.02,27.31,37.32,NA,7.89,1.31,NA,NA,NA,NA,NA,NA,NA,NA,NA,NA,NA,NA,NA,NA,NA,NA
2021-02-18 05:00:00,NA,51.41,9.44,27.02,36.46,NA,7.87,1.52,NA,NA,NA,NA,NA,NA,NA,NA,NA,NA,NA,NA,NA,NA,NA,NA
2021-02-18 06:00:00,NA,53.22,9.29,26.89,36.17,NA,5.65,1.44,NA,NA,NA,NA,NA,NA,NA,NA,NA,NA,NA,NA,NA,NA,NA,NA
2021-02-18 07:00:00,NA,60.66,9.33,27.78,37.11,NA,5.67,1.81,NA,NA,NA,NA,NA,NA,NA,NA,NA,NA,NA,NA,NA,NA,NA,NA
2021-02-18 08:00:00,NA,55.44,10.35,27.87,38.22,NA,5.46,1.61,NA,NA,NA,NA,NA,NA,NA,NA,NA,NA,NA,NA,NA,NA,NA,NA
2021-02-18 09:00:00,NA,59.44,8.74,27.62,36.37,NA,5.58,1.88,NA,NA,NA,NA,NA,NA,NA,NA,NA,NA,NA,NA,NA,NA,NA,NA
2021-02-18 10:00:00,NA,63.03,10.58,27.75,38.33,NA,5.41,NA,NA,NA,NA,NA,NA,NA,NA,NA,NA,NA,NA,NA,NA,NA,NA,NA
2021-02-18 11:00:00,NA,56.05,11.46,28.09,39.56,NA,7.84,NA,NA,NA,NA,NA,NA,NA,NA,NA,NA,NA,NA,NA,NA,NA,NA,NA
2021-02-18 12:00:00,NA,52.75,10.23,27.20,37.44,NA,7.48,NA,NA,NA,NA,NA,NA,NA,NA,NA,NA,NA,NA,NA,NA,NA,NA,NA
2021-02-18 13:00:00,NA,61.50,9.73,27.80,37.54,NA,7.54,NA,NA,NA,NA,NA,NA,NA,NA,NA,NA,NA,NA,NA,NA,NA,NA,NA
2021-02-18 14:00:00,NA,66.74,11.20,28.17,39.38,NA,7.68,NA,NA,NA,NA,NA,NA,NA,NA,NA,NA,NA,NA,NA,NA,NA,NA,NA
2021-02-18 15:00:00,NA,70.93,9.75,27.34,37.09,NA,7.73,NA,NA,NA,NA,NA,NA,NA,NA,NA,NA,NA,NA,NA,NA,NA,NA,NA
2021-02-18 16:00:00,NA,70.20,11.61,27.94,39.54,NA,8.48,NA,NA,NA,NA,NA,NA,NA,NA,NA,NA,NA,NA,NA,NA,NA,NA,NA
2021-02-18 17:00:00,NA,67.88,11.32,27.87,39.18,NA,8.62,NA,NA,NA,NA,NA,NA,NA,NA,NA,NA,NA,NA,NA,NA,NA,NA,NA
2021-02-18 18:00:00,NA,71.02,11.46,28.26,39.72,NA,8.56,NA,NA,NA,NA,NA,NA,NA,NA,NA,NA,NA,NA,NA,NA,NA,NA,NA
2021-02-18 19:00:00,NA,69.08,10.19,27.89,38.08,NA,8.71,NA,NA,NA,NA,NA,NA,NA,NA,NA,NA,NA,NA,NA,NA,NA,NA,NA
2021-02-18 20:00:00,NA,70.48,11.81,27.27,39.08,NA,8.78,NA,NA,NA,NA,NA,NA,NA,NA,NA,NA,NA,NA,NA,NA,NA,NA,NA
2021-02-18 21:00:00,NA,60.83,9.33,27.17,36.50,NA,8.76,NA,NA,NA,NA,NA,NA,NA,NA,NA,NA,NA,NA,NA,NA,NA,NA,NA
2021-02-18 22:00:00,NA,66.56,11.09,27.88,38.98,NA,8.65,NA,NA,NA,NA,NA,NA,NA,NA,NA,NA,NA,NA,NA,NA,NA,NA,NA
2021-02-18 23:00:00,NA,61.78,10.27,27.52,37.78,NA,8.62,NA,NA,NA,NA,NA,NA,NA,NA,NA,NA,NA,NA,NA,NA,NA,NA,NA
2021-02-19 00:00:00,NA,53.31,10.38,27.88,38.25,NA,8.56,NA,NA,NA,NA,NA,NA,NA,NA,NA,NA,NA,NA,NA,NA,NA,NA,NA
2021-02-19 01:00:00,NA,52.75,11.74,28.14,39.88,NA,8.53,NA,NA,NA,NA,NA,NA,NA,NA,NA,NA,NA,NA,NA,NA,NA,NA,NA
2021-02-19 02:00:00,NA,54.52,10.38,27.03,37.21,NA,8.01,NA,NA,NA,NA,NA,NA,NA,NA,NA,NA,NA,NA,NA,NA,NA,NA,NA
2021-02-19 03:00:00,NA,56.69,11.32,28.38,39.71,NA,7.76,NA,NA,NA,NA,NA,NA,NA,NA,NA,NA,NA,NA,NA,NA,NA,NA,NA
2021-02-19 04:00:00,NA,53.42,10.62,27.58,38.20,NA,7.80,NA,NA,NA,NA,NA,NA,NA,NA,NA,NA,NA,NA,NA,NA,NA,NA,NA
2021-02-19 05:00:00,NA,51.02,10.71,27.75,38.45,NA,7.73,NA,NA,NA,NA,NA,NA,NA,NA,NA,NA,NA,NA,NA,NA,NA,NA,NA
2021-02-19 06:00:00,NA,50.74,10.71,27.32,38.03,NA,7.74,NA,NA,NA,NA,NA,NA,NA,NA,NA,NA,NA,NA,NA,NA,NA,NA,NA
2021-02-19 07:00:00,NA,54.28,11.25,28.28,39.54,NA,9.18,NA,NA,NA,NA,NA,NA,NA,NA,NA,NA,NA,NA,NA,NA,NA,NA,NA
2021-02-19 08:00:00,NA,59.78,10.73,27.79,38.52,NA,9.02,NA,NA,NA,NA,NA,NA,NA,NA,NA,NA,NA,NA,NA,NA,NA,NA,NA
2021-02-19 09:00:00,NA,57.60,11.65,27.92,39.57,NA,9.10,NA,NA,NA,NA,NA,NA,NA,NA,NA,NA,NA,NA,NA,NA,NA,NA,NA
2021-02-19 10:00:00,NA,52.99,10.66,27.28,37.92,NA,9.11,NA,NA,NA,NA,NA,NA,NA,NA,NA,NA,NA,NA,NA,NA,NA,NA,NA
2021-02-19 11:00:00,NA,40.86,10.03,27.66,37.69,NA,9.16,NA,NA,NA,NA,NA,NA,NA,NA,NA,NA,NA,NA,NA,NA,NA,NA,NA
2021-02-19 12:00:00,NA,41.03,8.29,27.09,35.36,NA,6.24,NA,NA,NA,NA,NA,NA,NA,NA,NA,NA,NA,NA,NA,NA,NA,NA,NA
2021-02-19 13:00:00,NA,69.12,10.86,27.56,38.43,NA,6.06,NA,NA,NA,NA,NA,NA,NA,NA,NA,NA,NA,NA,NA,NA,NA,NA,NA
2021-02-19 14:00:00,NA,70.62,10.74,27.36,38.09,NA,6.05,NA,NA,NA,NA,NA,NA,NA,NA,NA,NA,NA,NA,NA,NA,NA,NA,NA
2021-02-19 15:00:00,NA,76.81,10.85,27.59,38.44,NA,6.04,NA,NA,NA,NA,NA,NA,NA,NA,NA,NA,NA,NA,NA,NA,NA,NA,NA
2021-02-19 16:00:00,NA,NA,NA,NA,NA,NA,NA,NA,NA,NA,NA,NA,NA,NA,NA,NA,NA,NA,NA,NA,NA,NA,NA,NA
2021-02-19 17:00:00,NA,NA,NA,NA,NA,NA,NA,NA,NA,NA,NA,NA,NA,NA,NA,NA,NA,NA,NA,NA,NA,NA,NA,NA
2021-02-19 18:00:00,NA,NA,NA,NA,NA,NA,NA,NA,NA,NA,NA,NA,NA,NA,NA,NA,NA,NA,NA,NA,NA,NA,NA,NA
2021-02-19 19:00:00,NA,NA,NA,NA,NA,NA,NA,NA,NA,NA,NA,NA,NA,NA,NA,NA,NA,NA,NA,NA,NA,NA,NA,NA
2021-02-19 20:00:00,NA,NA,NA,NA,NA,NA,NA,NA,NA,NA,NA,NA,NA,NA,NA,NA,NA,NA,NA,NA,NA,NA,NA,NA
2021-02-19 21:00:00,NA,NA,NA,NA,NA,NA,NA,NA,NA,NA,NA,NA,NA,NA,NA,NA,NA,NA,NA,NA,NA,NA,NA,NA
2021-02-19 22:00:00,NA,NA,NA,NA,NA,NA,NA,NA,NA,NA,NA,NA,NA,NA,NA,NA,NA,NA,NA,NA,NA,NA,NA,NA
2021-02-19 23:00:00,NA,NA,NA,NA,NA,NA,NA,NA,NA,NA,NA,NA,NA,NA,NA,NA,NA,NA,NA,NA,NA,NA,NA,NA
2021-02-20 00:00:00,NA,NA,NA,NA,NA,NA,NA,NA,NA,NA,NA,NA,NA,NA,NA,NA,NA,NA,NA,NA,NA,NA,NA,NA
2021-02-20 01:00:00,NA,NA,NA,NA,NA,NA,NA,NA,NA,NA,NA,NA,NA,NA,NA,NA,NA,NA,NA,NA,NA,NA,NA,NA
2021-02-20 02:00:00,NA,NA,NA,NA,NA,NA,NA,NA,NA,NA,NA,NA,NA,NA,NA,NA,NA,NA,NA,NA,NA,NA,NA,NA
2021-02-20 03:00:00,NA,NA,NA,NA,NA,NA,NA,NA,NA,NA,NA,NA,NA,NA,NA,NA,NA,NA,NA,NA,NA,NA,NA,NA
2021-02-20 04:00:00,NA,NA,NA,NA,NA,NA,NA,NA,NA,NA,NA,NA,NA,NA,NA,NA,NA,NA,NA,NA,NA,NA,NA,NA
2021-02-20 05:00:00,NA,NA,NA,NA,NA,NA,NA,NA,NA,NA,NA,NA,NA,NA,NA,NA,NA,NA,NA,NA,NA,NA,NA,NA
2021-02-20 06:00:00,NA,NA,NA,NA,NA,NA,NA,NA,NA,NA,NA,NA,NA,NA,NA,NA,NA,NA,NA,NA,NA,NA,NA,NA
2021-02-20 07:00:00,NA,NA,NA,NA,NA,NA,NA,NA,NA,NA,NA,NA,NA,NA,NA,NA,NA,NA,NA,NA,NA,NA,NA,NA
2021-02-20 08:00:00,NA,NA,9.97,28.45,38.42,NA,8.33,NA,NA,NA,NA,NA,NA,NA,NA,NA,NA,NA,NA,NA,NA,NA,NA,NA
2021-02-20 09:00:00,NA,NA,10.44,28.12,38.56,NA,8.52,NA,NA,NA,NA,NA,NA,NA,NA,NA,NA,NA,NA,NA,NA,NA,NA,NA
2021-02-20 10:00:00,NA,NA,10.34,27.10,37.34,NA,8.51,NA,NA,NA,NA,NA,NA,NA,NA,NA,NA,NA,NA,NA,NA,NA,NA,NA
2021-02-20 11:00:00,NA,NA,10.33,27.51,37.85,NA,8.63,NA,NA,NA,NA,NA,NA,NA,NA,NA,NA,NA,NA,NA,NA,NA,NA,NA
2021-02-20 12:00:00,NA,19.00,11.26,27.97,39.23,NA,8.36,NA,NA,NA,NA,NA,NA,NA,NA,NA,NA,NA,NA,NA,NA,NA,NA,NA
2021-02-20 13:00:00,NA,19.19,11.32,28.01,39.33,NA,4.73,NA,NA,NA,NA,NA,NA,NA,NA,NA,NA,NA,NA,NA,NA,NA,NA,NA
2021-02-20 14:00:00,NA,NA,11.78,28.30,40.07,NA,4.70,NA,NA,NA,NA,NA,NA,NA,NA,NA,NA,NA,NA,NA,NA,NA,NA,NA
2021-02-20 15:00:00,NA,NA,11.68,27.92,39.61,NA,4.83,NA,NA,NA,NA,NA,NA,NA,NA,NA,NA,NA,NA,NA,NA,NA,NA,NA
2021-02-20 16:00:00,NA,NA,10.92,28.21,39.13,NA,4.92,NA,NA,NA,NA,NA,NA,NA,NA,NA,NA,NA,NA,NA,NA,NA,NA,NA
2021-02-20 17:00:00,NA,NA,9.84,27.72,37.56,NA,4.96,NA,NA,NA,NA,NA,NA,NA,NA,NA,NA,NA,NA,NA,NA,NA,NA,NA
2021-02-20 18:00:00,NA,NA,12.19,27.97,40.16,NA,10.64,NA,NA,NA,NA,NA,NA,NA,NA,NA,NA,NA,NA,NA,NA,NA,NA,NA
2021-02-20 19:00:00,NA,NA,9.57,27.28,36.85,NA,10.92,NA,NA,NA,NA,NA,NA,NA,NA,NA,NA,NA,NA,NA,NA,NA,NA,NA
2021-02-20 20:00:00,NA,NA,11.34,28.28,39.62,NA,10.80,NA,NA,NA,NA,NA,NA,NA,NA,NA,NA,NA,NA,NA,NA,NA,NA,NA
2021-02-20 21:00:00,NA,NA,11.84,27.90,39.74,NA,11.07,NA,NA,NA,NA,NA,NA,NA,NA,NA,NA,NA,NA,NA,NA,NA,NA,NA
2021-02-20 22:00:00,NA,NA,10.28,28.23,38.51,NA,10.90,NA,NA,NA,NA,NA,NA,NA,NA,NA,NA,NA,NA,NA,NA,NA,NA,NA
2021-02-20 23:00:00,NA,NA,11.86,28.90,40.76,NA,9.41,NA,NA,NA,NA,NA,NA,NA,NA,NA,NA,NA,NA,NA,NA,NA,NA,NA
2021-02-21 00:00:00,NA,NA,11.37,28.21,39.58,NA,9.19,NA,NA,NA,NA,NA,NA,NA,NA,NA,NA,NA,NA,NA,NA,NA,NA,NA
2021-02-21 01:00:00,NA,NA,10.92,28.23,39.16,NA,9.25,NA,NA,NA,NA,NA,NA,NA,NA,NA,NA,NA,NA,NA,NA,NA,NA,NA
2021-02-21 02:00:00,NA,NA,10.82,29.31,40.13,NA,9.25,NA,NA,NA,NA,NA,NA,NA,NA,NA,NA,NA,NA,NA,NA,NA,NA,NA
2021-02-21 03:00:00,NA,NA,10.00,27.75,37.75,NA,9.20,NA,NA,NA,NA,NA,NA,NA,NA,NA,NA,NA,NA,NA,NA,NA,NA,NA
2021-02-21 04:00:00,NA,NA,11.47,28.38,39.84,NA,10.32,NA,NA,NA,NA,NA,NA,NA,NA,NA,NA,NA,NA,NA,NA,NA,NA,NA
2021-02-21 05:00:00,NA,NA,9.11,27.22,36.33,NA,10.31,NA,NA,NA,NA,NA,NA,NA,NA,NA,NA,NA,NA,NA,NA,NA,NA,NA
2021-02-21 06:00:00,NA,NA,10.15,27.74,37.88,NA,10.27,NA,NA,NA,NA,NA,NA,NA,NA,NA,NA,NA,NA,NA,NA,NA,NA,NA
2021-02-21 07:00:00,NA,NA,10.88,28.28,39.15,NA,10.24,NA,NA,NA,NA,NA,NA,NA,NA,NA,NA,NA,NA,NA,NA,NA,NA,NA
2021-02-21 08:00:00,NA,NA,11.20,28.82,40.02,NA,10.16,NA,NA,NA,NA,NA,NA,NA,NA,NA,NA,NA,NA,NA,NA,NA,NA,NA
2021-02-21 09:00:00,NA,NA,10.68,27.60,38.28,NA,8.64,NA,NA,NA,NA,NA,NA,NA,NA,NA,NA,NA,NA,NA,NA,NA,NA,NA
2021-02-21 10:00:00,NA,NA,10.58,28.27,38.85,NA,8.56,NA,NA,NA,NA,NA,NA,NA,NA,NA,NA,NA,NA,NA,NA,NA,NA,NA
2021-02-21 11:00:00,NA,NA,10.15,28.07,38.22,NA,8.60,NA,NA,NA,NA,NA,NA,NA,NA,NA,NA,NA,NA,NA,NA,NA,NA,NA
2021-02-21 12:00:00,NA,NA,11.18,27.99,39.17,NA,8.54,NA,NA,NA,NA,NA,NA,NA,NA,NA,NA,NA,NA,NA,NA,NA,NA,NA
2021-02-21 13:00:00,NA,NA,11.36,28.30,39.66,NA,8.54,NA,NA,NA,NA,NA,NA,NA,NA,NA,NA,NA,NA,NA,NA,NA,NA,NA
2021-02-21 14:00:00,NA,NA,11.71,27.98,39.69,NA,7.66,NA,NA,NA,NA,NA,NA,NA,NA,NA,NA,NA,NA,NA,NA,NA,NA,NA
2021-02-21 15:00:00,NA,NA,10.68,27.89,38.56,NA,7.71,NA,NA,NA,NA,NA,NA,NA,NA,NA,NA,NA,NA,NA,NA,NA,NA,NA
2021-02-21 16:00:00,NA,NA,10.54,27.57,38.11,NA,7.65,NA,NA,NA,NA,NA,NA,NA,NA,NA,NA,NA,NA,NA,NA,NA,NA,NA
2021-02-21 17:00:00,NA,NA,11.20,27.69,38.89,NA,7.96,NA,NA,NA,NA,NA,NA,NA,NA,NA,NA,NA,NA,NA,NA,NA,NA,NA
2021-02-21 18:00:00,NA,NA,11.44,28.35,39.79,NA,8.02,NA,NA,NA,NA,NA,NA,NA,NA,NA,NA,NA,NA,NA,NA,NA,NA,NA
2021-02-21 19:00:00,NA,NA,9.39,28.24,37.64,NA,8.27,NA,NA,NA,NA,NA,NA,NA,NA,NA,NA,NA,NA,NA,NA,NA,NA,NA
2021-02-21 20:00:00,NA,NA,10.11,28.55,38.66,NA,8.36,NA,NA,NA,NA,NA,NA,NA,NA,NA,NA,NA,NA,NA,NA,NA,NA,NA
2021-02-21 21:00:00,NA,NA,9.63,27.44,37.08,NA,8.23,NA,NA,NA,NA,NA,NA,NA,NA,NA,NA,NA,NA,NA,NA,NA,NA,NA
2021-02-21 22:00:00,NA,NA,11.36,27.87,39.22,NA,8.23,NA,NA,NA,NA,NA,NA,NA,NA,NA,NA,NA,NA,NA,NA,NA,NA,NA
2021-02-21 23:00:00,NA,NA,10.88,27.64,38.51,NA,8.38,NA,NA,NA,NA,NA,NA,NA,NA,NA,NA,NA,NA,NA,NA,NA,NA,NA
2021-02-22 00:00:00,NA,NA,11.48,28.18,39.66,NA,9.17,NA,NA,NA,NA,NA,NA,NA,NA,NA,NA,NA,NA,NA,NA,NA,NA,NA
2021-02-22 01:00:00,NA,NA,11.12,28.10,39.22,NA,9.21,NA,NA,NA,NA,NA,NA,NA,NA,NA,NA,NA,NA,NA,NA,NA,NA,NA
2021-02-22 02:00:00,NA,NA,10.84,27.40,38.24,NA,9.20,NA,NA,NA,NA,NA,NA,NA,NA,NA,NA,NA,NA,NA,NA,NA,NA,NA
2021-02-22 03:00:00,NA,NA,9.65,27.83,37.48,NA,9.12,NA,NA,NA,NA,NA,NA,NA,NA,NA,NA,NA,NA,NA,NA,NA,NA,NA
2021-02-22 04:00:00,NA,NA,11.22,28.82,40.04,NA,8.98,NA,NA,NA,NA,NA,NA,NA,NA,NA,NA,NA,NA,NA,NA,NA,NA,NA
2021-02-22 05:00:00,NA,NA,9.42,27.78,37.20,NA,8.85,NA,NA,NA,NA,NA,NA,NA,NA,NA,NA,NA,NA,NA,NA,NA,NA,NA
2021-02-22 06:00:00,NA,NA,10.07,27.62,37.68,NA,8.73,NA,NA,NA,NA,NA,NA,NA,NA,NA,NA,NA,NA,NA,NA,NA,NA,NA
2021-02-22 07:00:00,NA,NA,11.34,27.83,39.16,NA,8.76,NA,NA,NA,NA,NA,NA,NA,NA,NA,NA,NA,NA,NA,NA,NA,NA,NA
2021-02-22 08:00:00,NA,NA,10.86,27.56,38.41,NA,8.83,NA,NA,NA,NA,NA,NA,NA,NA,NA,NA,NA,NA,NA,NA,NA,NA,NA
2021-02-22 09:00:00,NA,NA,11.36,27.76,39.12,NA,8.76,NA,NA,NA,NA,NA,NA,NA,NA,NA,NA,NA,NA,NA,NA,NA,NA,NA
2021-02-22 10:00:00,NA,NA,10.36,27.91,38.26,NA,8.00,NA,NA,NA,NA,NA,NA,NA,NA,NA,NA,NA,NA,NA,NA,NA,NA,NA
2021-02-22 11:00:00,NA,32.97,10.16,27.82,37.97,NA,8.03,NA,NA,NA,NA,NA,NA,NA,NA,NA,NA,NA,NA,NA,NA,NA,NA,NA
2021-02-22 12:00:00,NA,19.00,10.66,27.83,38.50,NA,8.34,NA,NA,NA,NA,NA,NA,NA,NA,NA,NA,NA,NA,NA,NA,NA,NA,NA
2021-02-22 13:00:00,NA,21.34,11.52,28.07,39.58,NA,8.12,NA,NA,NA,NA,NA,NA,NA,NA,NA,NA,NA,NA,NA,NA,NA,NA,NA
2021-02-22 14:00:00,NA,19.03,10.64,28.77,39.41,NA,8.02,NA,NA,NA,NA,NA,NA,NA,NA,NA,NA,NA,NA,NA,NA,NA,NA,NA
2021-02-22 15:00:00,NA,19.54,10.91,28.05,38.96,NA,7.40,NA,NA,NA,NA,NA,NA,NA,NA,NA,NA,NA,NA,NA,NA,NA,NA,NA
2021-02-22 16:00:00,NA,20.64,10.83,27.83,38.66,NA,6.96,NA,NA,NA,NA,NA,NA,NA,NA,NA,NA,NA,NA,NA,NA,NA,NA,NA
2021-02-22 17:00:00,NA,22.12,11.30,28.49,39.78,NA,7.11,NA,NA,NA,NA,NA,NA,NA,NA,NA,NA,NA,NA,NA,NA,NA,NA,NA
2021-02-22 18:00:00,NA,22.12,11.02,27.78,38.80,NA,7.06,NA,NA,NA,NA,NA,NA,NA,NA,NA,NA,NA,NA,NA,NA,NA,NA,NA
2021-02-22 19:00:00,NA,22.12,11.08,27.83,38.91,NA,7.22,NA,NA,NA,NA,NA,NA,NA,NA,NA,NA,NA,NA,NA,NA,NA,NA,NA
2021-02-22 20:00:00,NA,22.12,12.99,29.59,42.54,NA,7.43,NA,NA,NA,NA,NA,NA,NA,NA,NA,NA,NA,NA,NA,NA,NA,NA,NA
2021-02-22 21:00:00,NA,22.12,8.26,27.35,35.15,NA,7.20,NA,NA,NA,NA,NA,NA,NA,NA,NA,NA,NA,NA,NA,NA,NA,NA,NA
2021-02-22 22:00:00,NA,22.12,10.09,27.90,37.98,NA,7.04,NA,NA,NA,NA,NA,NA,NA,NA,NA,NA,NA,NA,NA,NA,NA,NA,NA
2021-02-22 23:00:00,NA,22.12,9.58,27.34,36.92,NA,7.10,NA,NA,NA,NA,NA,NA,NA,NA,NA,NA,NA,NA,NA,NA,NA,NA,NA
2021-02-23 00:00:00,NA,22.12,10.57,27.26,36.70,NA,7.07,NA,NA,NA,NA,NA,NA,NA,NA,NA,NA,NA,NA,NA,NA,NA,NA,NA
2021-02-23 01:00:00,NA,22.12,7.74,26.09,33.78,NA,7.62,NA,NA,NA,NA,NA,NA,NA,NA,NA,NA,NA,NA,NA,NA,NA,NA,NA
2021-02-23 02:00:00,NA,22.12,9.30,26.44,35.74,NA,7.43,NA,NA,NA,NA,NA,NA,NA,NA,NA,NA,NA,NA,NA,NA,NA,NA,NA
2021-02-23 03:00:00,NA,22.12,10.04,27.11,37.16,NA,7.41,NA,NA,NA,NA,NA,NA,NA,NA,NA,NA,NA,NA,NA,NA,NA,NA,NA
2021-02-23 04:00:00,NA,22.12,10.59,26.76,37.35,NA,7.56,NA,NA,NA,NA,NA,NA,NA,NA,NA,NA,NA,NA,NA,NA,NA,NA,NA
2021-02-23 05:00:00,NA,22.12,9.44,26.46,35.91,NA,7.56,NA,NA,NA,NA,NA,NA,NA,NA,NA,NA,NA,NA,NA,NA,NA,NA,NA
2021-02-23 06:00:00,NA,22.12,8.79,26.35,35.14,NA,11.18,NA,NA,NA,NA,NA,NA,NA,NA,NA,NA,NA,NA,NA,NA,NA,NA,NA
2021-02-23 07:00:00,NA,22.12,8.43,25.86,34.27,NA,11.20,NA,NA,NA,NA,NA,NA,NA,NA,NA,NA,NA,NA,NA,NA,NA,NA,NA
2021-02-23 08:00:00,NA,22.12,9.13,26.43,35.56,NA,11.21,NA,NA,NA,NA,NA,NA,NA,NA,NA,NA,NA,NA,NA,NA,NA,NA,NA
2021-02-23 09:00:00,NA,22.12,8.94,26.16,35.11,NA,11.30,NA,NA,NA,NA,NA,NA,NA,NA,NA,NA,NA,NA,NA,NA,NA,NA,NA
2021-02-23 10:00:00,NA,22.12,9.68,26.72,36.40,NA,11.31,NA,NA,NA,NA,NA,NA,NA,NA,NA,NA,NA,NA,NA,NA,NA,NA,NA
2021-02-23 11:00:00,NA,40.83,8.29,26.16,34.46,NA,8.49,1.94,NA,NA,NA,NA,NA,NA,NA,NA,NA,NA,NA,NA,NA,NA,NA,NA
2021-02-23 12:00:00,NA,84.68,8.50,25.81,34.31,NA,8.23,0.70,NA,NA,NA,NA,NA,NA,NA,NA,NA,NA,NA,NA,NA,NA,NA,NA
2021-02-23 13:00:00,NA,86.18,9.78,26.46,36.24,NA,8.22,1.01,NA,NA,NA,NA,NA,NA,NA,NA,NA,NA,NA,NA,NA,NA,NA,NA
2021-02-23 14:00:00,NA,89.13,9.28,26.39,35.66,NA,8.32,1.47,NA,NA,NA,NA,NA,NA,NA,NA,NA,NA,NA,NA,NA,NA,NA,NA
2021-02-23 15:00:00,NA,59.64,9.19,26.28,35.48,NA,8.39,1.26,NA,NA,NA,NA,NA,NA,NA,NA,NA,NA,NA,NA,NA,NA,NA,NA
2021-02-23 16:00:00,NA,40.00,10.31,27.37,37.68,NA,9.87,1.10,NA,NA,NA,NA,NA,NA,NA,NA,NA,NA,NA,NA,NA,NA,NA,NA
2021-02-23 17:00:00,NA,50.52,9.13,26.91,36.04,NA,9.74,1.31,NA,NA,NA,NA,NA,NA,NA,NA,NA,NA,NA,NA,NA,NA,NA,NA
2021-02-23 18:00:00,NA,70.00,9.49,26.88,36.38,NA,9.41,2.13,NA,NA,NA,NA,NA,NA,NA,NA,NA,NA,NA,NA,NA,NA,NA,NA
2021-02-23 19:00:00,NA,79.77,10.67,27.78,38.46,NA,9.70,3.25,NA,NA,NA,NA,NA,NA,NA,NA,NA,NA,NA,NA,NA,NA,NA,NA
2021-02-23 20:00:00,NA,105.23,10.68,27.16,37.14,NA,10.14,3.68,NA,NA,NA,NA,NA,NA,NA,NA,NA,NA,NA,NA,NA,NA,NA,NA
2021-02-23 21:00:00,NA,110.00,9.32,27.06,36.38,NA,4.60,1.74,NA,NA,NA,NA,NA,NA,NA,NA,NA,NA,NA,NA,NA,NA,NA,NA
2021-02-23 22:00:00,NA,110.00,12.32,28.35,40.67,NA,4.24,1.32,NA,NA,NA,NA,NA,NA,NA,NA,NA,NA,NA,NA,NA,NA,NA,NA
2021-02-23 23:00:00,NA,110.00,9.99,28.12,38.11,NA,4.14,NA,NA,NA,NA,NA,NA,NA,NA,NA,NA,NA,NA,NA,NA,NA,NA,NA
2021-02-24 00:00:00,NA,110.00,10.97,27.88,38.86,NA,4.19,NA,NA,NA,NA,NA,NA,NA,NA,NA,NA,NA,NA,NA,NA,NA,NA,NA
2021-02-24 01:00:00,NA,110.00,9.57,27.82,37.38,NA,4.11,NA,NA,NA,NA,NA,NA,NA,NA,NA,NA,NA,NA,NA,NA,NA,NA,NA
2021-02-24 02:00:00,NA,110.00,11.14,28.05,39.20,NA,9.39,NA,NA,NA,NA,NA,NA,NA,NA,NA,NA,NA,NA,NA,NA,NA,NA,NA
2021-02-24 03:00:00,NA,110.00,11.30,28.15,39.46,NA,9.22,NA,NA,NA,NA,NA,NA,NA,NA,NA,NA,NA,NA,NA,NA,NA,NA,NA
2021-02-24 04:00:00,NA,110.00,10.74,28.15,38.88,NA,9.26,NA,NA,NA,NA,NA,NA,NA,NA,NA,NA,NA,NA,NA,NA,NA,NA,NA
2021-02-24 05:00:00,NA,110.00,11.95,27.93,39.88,NA,9.30,NA,NA,NA,NA,NA,NA,NA,NA,NA,NA,NA,NA,NA,NA,NA,NA,NA
2021-02-24 06:00:00,NA,110.00,10.29,27.46,37.74,NA,9.34,NA,NA,NA,NA,NA,NA,NA,NA,NA,NA,NA,NA,NA,NA,NA,NA,NA
2021-02-24 07:00:00,NA,110.00,9.71,27.68,37.40,NA,8.27,NA,NA,NA,NA,NA,NA,NA,NA,NA,NA,NA,NA,NA,NA,NA,NA,NA
2021-02-24 08:00:00,NA,110.00,8.85,27.60,36.44,NA,8.02,NA,NA,NA,NA,NA,NA,NA,NA,NA,NA,NA,NA,NA,NA,NA,NA,NA
2021-02-24 09:00:00,NA,110.00,10.02,26.95,36.96,NA,8.09,NA,NA,NA,NA,NA,NA,NA,NA,NA,NA,NA,NA,NA,NA,NA,NA,NA
2021-02-24 10:00:00,NA,107.82,10.30,27.21,37.51,NA,8.07,NA,NA,NA,NA,NA,NA,NA,NA,NA,NA,NA,NA,NA,NA,NA,NA,NA
2021-02-24 11:00:00,NA,90.00,10.04,27.89,37.92,NA,8.10,NA,NA,NA,NA,NA,NA,NA,NA,NA,NA,NA,NA,NA,NA,NA,NA,NA
2021-02-24 12:00:00,NA,86.86,10.52,27.69,38.20,NA,8.65,NA,NA,NA,NA,NA,NA,NA,NA,NA,NA,NA,NA,NA,NA,NA,NA,NA
2021-02-24 13:00:00,NA,64.00,9.65,27.58,37.23,NA,8.38,NA,NA,NA,NA,NA,NA,NA,NA,NA,NA,NA,NA,NA,NA,NA,NA,NA
2021-02-24 14:00:00,NA,59.96,11.24,27.57,38.81,NA,8.42,NA,NA,NA,NA,NA,NA,NA,NA,NA,NA,NA,NA,NA,NA,NA,NA,NA
2021-02-24 15:00:00,NA,56.00,9.17,27.25,36.43,NA,8.37,NA,NA,NA,NA,NA,NA,NA,NA,NA,NA,NA,NA,NA,NA,NA,NA,NA
2021-02-24 16:00:00,NA,NA,10.49,27.54,38.03,NA,8.34,NA,NA,NA,NA,NA,NA,NA,NA,NA,NA,NA,NA,NA,NA,NA,NA,NA
2021-02-24 17:00:00,NA,56.00,10.12,27.38,37.50,NA,8.98,NA,NA,NA,NA,NA,NA,NA,NA,NA,NA,NA,NA,NA,NA,NA,NA,NA
2021-02-24 18:00:00,NA,NA,11.08,27.79,38.86,NA,9.02,NA,NA,NA,NA,NA,NA,NA,NA,NA,NA,NA,NA,NA,NA,NA,NA,NA
2021-02-24 19:00:00,NA,NA,10.16,28.06,38.22,NA,9.41,NA,NA,NA,NA,NA,NA,NA,NA,NA,NA,NA,NA,NA,NA,NA,NA,NA
2021-02-24 20:00:00,NA,NA,10.18,28.37,38.56,NA,9.40,NA,NA,NA,NA,NA,NA,NA,NA,NA,NA,NA,NA,NA,NA,NA,NA,NA
2021-02-24 21:00:00,NA,49.58,10.64,27.96,38.57,NA,9.49,NA,NA,NA,NA,NA,NA,NA,NA,NA,NA,NA,NA,NA,NA,NA,NA,NA
2021-02-24 22:00:00,NA,47.00,10.84,28.08,38.90,NA,8.28,NA,NA,NA,NA,NA,NA,NA,NA,NA,NA,NA,NA,NA,NA,NA,NA,NA
2021-02-24 23:00:00,NA,47.00,10.44,28.40,38.85,NA,8.12,NA,NA,NA,NA,NA,NA,NA,NA,NA,NA,NA,NA,NA,NA,NA,NA,NA
2021-02-25 00:00:00,NA,47.00,10.06,26.89,36.94,NA,8.00,NA,NA,NA,NA,NA,NA,NA,NA,NA,NA,NA,NA,NA,NA,NA,NA,NA
2021-02-25 01:00:00,NA,47.00,10.80,28.44,39.24,NA,7.94,NA,NA,NA,NA,NA,NA,NA,NA,NA,NA,NA,NA,NA,NA,NA,NA,NA
2021-02-25 02:00:00,NA,47.00,10.45,27.76,38.22,NA,7.90,NA,NA,NA,NA,NA,NA,NA,NA,NA,NA,NA,NA,NA,NA,NA,NA,NA
2021-02-25 03:00:00,NA,47.00,10.47,27.31,37.78,NA,9.93,NA,NA,NA,NA,NA,NA,NA,NA,NA,NA,NA,NA,NA,NA,NA,NA,NA
2021-02-25 04:00:00,NA,47.00,10.11,27.65,37.75,NA,9.88,NA,NA,NA,NA,NA,NA,NA,NA,NA,NA,NA,NA,NA,NA,NA,NA,NA
2021-02-25 05:00:00,NA,47.00,10.39,27.15,37.54,NA,10.10,NA,NA,NA,NA,NA,NA,NA,NA,NA,NA,NA,NA,NA,NA,NA,NA,NA
2021-02-25 06:00:00,NA,47.00,10.59,27.28,37.88,NA,10.13,NA,NA,NA,NA,NA,NA,NA,NA,NA,NA,NA,NA,NA,NA,NA,NA,NA
2021-02-25 07:00:00,NA,47.00,10.88,27.77,38.65,NA,10.25,NA,NA,NA,NA,NA,NA,NA,NA,NA,NA,NA,NA,NA,NA,NA,NA,NA
2021-02-25 08:00:00,NA,47.00,10.52,27.72,38.24,NA,7.58,NA,NA,NA,NA,NA,NA,NA,NA,NA,NA,NA,NA,NA,NA,NA,NA,NA
2021-02-25 09:00:00,NA,48.39,11.55,28.25,39.80,NA,7.55,NA,NA,NA,NA,NA,NA,NA,NA,NA,NA,NA,NA,NA,NA,NA,NA,NA
2021-02-25 10:00:00,NA,69.00,11.21,27.80,39.01,NA,7.53,NA,NA,NA,NA,NA,NA,NA,NA,NA,NA,NA,NA,NA,NA,NA,NA,NA
2021-02-25 11:00:00,NA,69.00,10.10,27.17,37.26,NA,7.62,NA,NA,NA,NA,NA,NA,NA,NA,NA,NA,NA,NA,NA,NA,NA,NA,NA
2021-02-25 12:00:00,NA,69.00,8.80,27.20,35.93,NA,7.54,NA,NA,NA,NA,NA,NA,NA,NA,NA,NA,NA,NA,NA,NA,NA,NA,NA
2021-02-25 13:00:00,NA,80.90,10.94,27.40,38.34,NA,7.38,NA,NA,NA,NA,NA,NA,NA,NA,NA,NA,NA,NA,NA,NA,NA,NA,NA
2021-02-25 14:00:00,NA,78.00,9.51,27.73,37.22,NA,7.02,NA,NA,NA,NA,NA,NA,NA,NA,NA,NA,NA,NA,NA,NA,NA,NA,NA
2021-02-25 15:00:00,NA,78.00,7.75,26.06,33.80,NA,6.94,NA,NA,NA,NA,NA,NA,NA,NA,NA,NA,NA,NA,NA,NA,NA,NA,NA
2021-02-25 16:00:00,NA,78.00,11.05,27.20,38.25,NA,6.48,NA,NA,NA,NA,NA,NA,NA,NA,NA,NA,NA,NA,NA,NA,NA,NA,NA
2021-02-25 17:00:00,NA,78.00,10.85,28.68,39.54,NA,6.87,NA,NA,NA,NA,NA,NA,NA,NA,NA,NA,NA,NA,NA,NA,NA,NA,NA
2021-02-25 18:00:00,NA,78.00,8.88,26.87,35.66,NA,4.27,NA,NA,NA,NA,NA,NA,NA,NA,NA,NA,NA,NA,NA,NA,NA,NA,NA
2021-02-25 19:00:00,NA,78.00,9.14,27.72,36.86,NA,4.29,NA,NA,NA,NA,NA,NA,NA,NA,NA,NA,NA,NA,NA,NA,NA,NA,NA
2021-02-25 20:00:00,NA,78.00,10.38,27.81,38.19,NA,4.21,NA,NA,NA,NA,NA,NA,NA,NA,NA,NA,NA,NA,NA,NA,NA,NA,NA
2021-02-25 21:00:00,NA,78.00,10.79,28.23,39.03,NA,4.30,NA,NA,NA,NA,NA,NA,NA,NA,NA,NA,NA,NA,NA,NA,NA,NA,NA
2021-02-25 22:00:00,NA,78.00,10.27,27.78,38.06,NA,4.27,NA,NA,NA,NA,NA,NA,NA,NA,NA,NA,NA,NA,NA,NA,NA,NA,NA
2021-02-25 23:00:00,NA,78.00,10.49,27.33,37.81,NA,7.46,NA,NA,NA,NA,NA,NA,NA,NA,NA,NA,NA,NA,NA,NA,NA,NA,NA
2021-02-26 00:00:00,NA,78.00,10.26,27.20,37.46,NA,7.25,NA,NA,NA,NA,NA,NA,NA,NA,NA,NA,NA,NA,NA,NA,NA,NA,NA
2021-02-26 01:00:00,NA,78.00,10.29,27.36,37.65,NA,7.58,NA,NA,NA,NA,NA,NA,NA,NA,NA,NA,NA,NA,NA,NA,NA,NA,NA
2021-02-26 02:00:00,NA,78.00,11.37,28.01,39.39,NA,7.37,NA,NA,NA,NA,NA,NA,NA,NA,NA,NA,NA,NA,NA,NA,NA,NA,NA
2021-02-26 03:00:00,NA,78.00,10.12,27.87,38.00,NA,7.42,NA,NA,NA,NA,NA,NA,NA,NA,NA,NA,NA,NA,NA,NA,NA,NA,NA
2021-02-26 04:00:00,NA,78.00,10.70,28.06,38.76,NA,9.61,NA,NA,NA,NA,NA,NA,NA,NA,NA,NA,NA,NA,NA,NA,NA,NA,NA
2021-02-26 05:00:00,NA,78.00,10.04,28.64,38.68,NA,9.60,NA,NA,NA,NA,NA,NA,NA,NA,NA,NA,NA,NA,NA,NA,NA,NA,NA
2021-02-26 06:00:00,NA,78.00,12.22,28.68,40.90,NA,9.66,NA,NA,NA,NA,NA,NA,NA,NA,NA,NA,NA,NA,NA,NA,NA,NA,NA
2021-02-26 07:00:00,NA,78.00,9.91,27.70,37.61,NA,9.93,NA,NA,NA,NA,NA,NA,NA,NA,NA,NA,NA,NA,NA,NA,NA,NA,NA
2021-02-26 08:00:00,NA,78.00,11.10,27.89,38.99,NA,10.12,NA,NA,NA,NA,NA,NA,NA,NA,NA,NA,NA,NA,NA,NA,NA,NA,NA
2021-02-26 09:00:00,NA,78.00,10.80,27.64,38.45,NA,6.09,NA,NA,NA,NA,NA,NA,NA,NA,NA,NA,NA,NA,NA,NA,NA,NA,NA
2021-02-26 10:00:00,NA,77.28,8.93,27.10,35.90,NA,5.90,5.18,NA,NA,NA,NA,NA,NA,NA,NA,NA,NA,NA,NA,NA,NA,NA,NA
2021-02-26 11:00:00,NA,441.76,9.42,27.12,36.54,NA,5.75,1.24,NA,NA,NA,NA,NA,NA,NA,NA,NA,NA,NA,NA,NA,NA,NA,NA
2021-02-26 12:00:00,NA,206.82,10.30,27.34,37.65,NA,5.28,3.32,NA,NA,NA,NA,NA,NA,NA,NA,NA,NA,NA,NA,NA,NA,NA,NA
2021-02-26 13:00:00,NA,262.73,9.72,27.12,36.84,NA,5.35,5.19,NA,NA,NA,NA,NA,NA,NA,NA,NA,NA,NA,NA,NA,NA,NA,NA
2021-02-26 14:00:00,NA,252.02,8.87,26.47,35.34,NA,4.11,4.09,NA,NA,NA,NA,NA,NA,NA,NA,NA,NA,NA,NA,NA,NA,NA,NA
2021-02-26 15:00:00,NA,2.44,11.14,27.41,38.56,NA,4.00,3.86,NA,NA,NA,NA,NA,NA,NA,NA,NA,NA,NA,NA,NA,NA,NA,NA
2021-02-26 16:00:00,NA,14.08,9.70,27.54,37.24,NA,4.00,3.56,NA,NA,NA,NA,NA,NA,NA,NA,NA,NA,NA,NA,NA,NA,NA,NA
2021-02-26 17:00:00,NA,119.75,10.37,27.42,37.79,NA,4.00,3.24,NA,NA,NA,NA,NA,NA,NA,NA,NA,NA,NA,NA,NA,NA,NA,NA
2021-02-26 18:00:00,NA,206.73,9.89,27.27,37.09,NA,4.00,3.57,NA,NA,NA,NA,NA,NA,NA,NA,NA,NA,NA,NA,NA,NA,NA,NA
2021-02-26 19:00:00,NA,218.00,10.61,27.64,38.25,NA,5.84,0.80,NA,NA,NA,NA,NA,NA,NA,NA,NA,NA,NA,NA,NA,NA,NA,NA
2021-02-26 20:00:00,NA,NA,9.96,28.32,38.28,NA,5.77,1.51,NA,NA,NA,NA,NA,NA,NA,NA,NA,NA,NA,NA,NA,NA,NA,NA
2021-02-26 21:00:00,NA,NA,10.29,27.20,37.49,NA,5.73,1.87,NA,NA,NA,NA,NA,NA,NA,NA,NA,NA,NA,NA,NA,NA,NA,NA
2021-02-26 22:00:00,NA,NA,11.01,27.78,38.79,NA,5.69,1.18,NA,NA,NA,NA,NA,NA,NA,NA,NA,NA,NA,NA,NA,NA,NA,NA
2021-02-26 23:00:00,NA,NA,10.32,27.65,37.97,NA,5.58,0.89,NA,NA,NA,NA,NA,NA,NA,NA,NA,NA,NA,NA,NA,NA,NA,NA
2021-02-27 00:00:00,NA,NA,11.12,27.39,38.52,NA,8.16,NA,NA,NA,NA,NA,NA,NA,NA,NA,NA,NA,NA,NA,NA,NA,NA,NA
2021-02-27 01:00:00,NA,NA,10.48,27.55,38.03,NA,8.16,NA,NA,NA,NA,NA,NA,NA,NA,NA,NA,NA,NA,NA,NA,NA,NA,NA
2021-02-27 02:00:00,NA,NA,11.34,28.08,39.38,NA,8.06,NA,NA,NA,NA,NA,NA,NA,NA,NA,NA,NA,NA,NA,NA,NA,NA,NA
2021-02-27 03:00:00,NA,NA,11.06,27.49,38.56,NA,8.06,NA,NA,NA,NA,NA,NA,NA,NA,NA,NA,NA,NA,NA,NA,NA,NA,NA
2021-02-27 04:00:00,NA,NA,11.21,27.65,38.86,NA,8.17,NA,NA,NA,NA,NA,NA,NA,NA,NA,NA,NA,NA,NA,NA,NA,NA,NA
2021-02-27 05:00:00,NA,NA,10.07,27.86,37.93,NA,7.11,NA,NA,NA,NA,NA,NA,NA,NA,NA,NA,NA,NA,NA,NA,NA,NA,NA
2021-02-27 06:00:00,NA,NA,11.19,28.06,39.25,NA,6.96,NA,NA,NA,NA,NA,NA,NA,NA,NA,NA,NA,NA,NA,NA,NA,NA,NA
2021-02-27 07:00:00,NA,NA,9.78,27.82,37.59,NA,6.88,NA,NA,NA,NA,NA,NA,NA,NA,NA,NA,NA,NA,NA,NA,NA,NA,NA
2021-02-27 08:00:00,NA,NA,11.37,28.23,39.60,NA,7.08,NA,NA,NA,NA,NA,NA,NA,NA,NA,NA,NA,NA,NA,NA,NA,NA,NA
2021-02-27 09:00:00,NA,NA,9.89,27.30,37.18,NA,7.19,NA,NA,NA,NA,NA,NA,NA,NA,NA,NA,NA,NA,NA,NA,NA,NA,NA
2021-02-27 10:00:00,NA,84.26,8.42,27.03,35.42,NA,8.18,NA,NA,NA,NA,NA,NA,NA,NA,NA,NA,NA,NA,NA,NA,NA,NA,NA
2021-02-27 11:00:00,NA,96.54,9.24,26.78,36.03,NA,8.03,NA,NA,NA,NA,NA,NA,NA,NA,NA,NA,NA,NA,NA,NA,NA,NA,NA
2021-02-27 12:00:00,NA,7.85,10.76,27.24,38.00,NA,8.22,NA,NA,NA,NA,NA,NA,NA,NA,NA,NA,NA,NA,NA,NA,NA,NA,NA
2021-02-27 13:00:00,NA,272.01,10.76,26.91,37.67,NA,8.12,NA,NA,NA,NA,NA,NA,NA,NA,NA,NA,NA,NA,NA,NA,NA,NA,NA
2021-02-27 14:00:00,NA,30.05,9.00,26.78,35.78,NA,8.05,NA,NA,NA,NA,NA,NA,NA,NA,NA,NA,NA,NA,NA,NA,NA,NA,NA
2021-02-27 15:00:00,NA,56.85,10.56,27.74,38.30,NA,5.00,NA,NA,NA,NA,NA,NA,NA,NA,NA,NA,NA,NA,NA,NA,NA,NA,NA
2021-02-27 16:00:00,NA,NA,NA,NA,NA,NA,NA,NA,NA,NA,NA,NA,NA,NA,NA,NA,NA,NA,NA,NA,NA,NA,NA,NA
2021-02-27 17:00:00,NA,NA,NA,NA,NA,NA,NA,NA,NA,NA,NA,NA,NA,NA,NA,NA,NA,NA,NA,NA,NA,NA,NA,NA
2021-02-27 18:00:00,NA,NA,NA,NA,NA,NA,NA,NA,NA,NA,NA,NA,NA,NA,NA,NA,NA,NA,NA,NA,NA,NA,NA,NA
2021-02-27 19:00:00,NA,NA,NA,NA,NA,NA,NA,NA,NA,NA,NA,NA,NA,NA,NA,NA,NA,NA,NA,NA,NA,NA,NA,NA
2021-02-27 20:00:00,NA,NA,NA,NA,NA,NA,NA,NA,NA,NA,NA,NA,NA,NA,NA,NA,NA,NA,NA,NA,NA,NA,NA,NA
2021-02-27 21:00:00,NA,NA,NA,NA,NA,NA,NA,NA,NA,NA,NA,NA,NA,NA,NA,NA,NA,NA,NA,NA,NA,NA,NA,NA
2021-02-27 22:00:00,NA,NA,NA,NA,NA,NA,NA,NA,NA,NA,NA,NA,NA,NA,NA,NA,NA,NA,NA,NA,NA,NA,NA,NA
2021-02-27 23:00:00,NA,NA,NA,NA,NA,NA,NA,NA,NA,NA,NA,NA,NA,NA,NA,NA,NA,NA,NA,NA,NA,NA,NA,NA
2021-02-28 00:00:00,NA,NA,NA,NA,NA,NA,NA,NA,NA,NA,NA,NA,NA,NA,NA,NA,NA,NA,NA,NA,NA,NA,NA,NA
2021-02-28 01:00:00,NA,NA,NA,NA,NA,NA,NA,NA,NA,NA,NA,NA,NA,NA,NA,NA,NA,NA,NA,NA,NA,NA,NA,NA
2021-02-28 02:00:00,NA,NA,NA,NA,NA,NA,NA,NA,NA,NA,NA,NA,NA,NA,NA,NA,NA,NA,NA,NA,NA,NA,NA,NA
2021-02-28 03:00:00,NA,NA,NA,NA,NA,NA,NA,NA,NA,NA,NA,NA,NA,NA,NA,NA,NA,NA,NA,NA,NA,NA,NA,NA
2021-02-28 04:00:00,NA,NA,NA,NA,NA,NA,NA,NA,NA,NA,NA,NA,NA,NA,NA,NA,NA,NA,NA,NA,NA,NA,NA,NA
2021-02-28 05:00:00,NA,NA,NA,NA,NA,NA,NA,NA,NA,NA,NA,NA,NA,NA,NA,NA,NA,NA,NA,NA,NA,NA,NA,NA
2021-02-28 06:00:00,NA,NA,NA,NA,NA,NA,NA,NA,NA,NA,NA,NA,NA,NA,NA,NA,NA,NA,NA,NA,NA,NA,NA,NA
2021-02-28 07:00:00,NA,NA,NA,NA,NA,NA,NA,NA,NA,NA,NA,NA,NA,NA,NA,NA,NA,NA,NA,NA,NA,NA,NA,NA
2021-02-28 08:00:00,NA,NA,NA,NA,NA,NA,NA,NA,NA,NA,NA,NA,NA,NA,NA,NA,NA,NA,NA,NA,NA,NA,NA,NA
2021-02-28 09:00:00,NA,NA,NA,NA,NA,NA,NA,NA,NA,NA,NA,NA,NA,NA,NA,NA,NA,NA,NA,NA,NA,NA,NA,NA
2021-02-28 10:00:00,NA,NA,NA,NA,NA,NA,NA,NA,NA,NA,NA,NA,NA,NA,NA,NA,NA,NA,NA,NA,NA,NA,NA,NA
2021-02-28 11:00:00,NA,NA,NA,NA,NA,NA,NA,NA,NA,NA,NA,NA,NA,NA,NA,NA,NA,NA,NA,NA,NA,NA,NA,NA
2021-02-28 12:00:00,NA,NA,NA,NA,NA,NA,NA,NA,NA,NA,NA,NA,NA,NA,NA,NA,NA,NA,NA,NA,NA,NA,NA,NA
2021-02-28 13:00:00,NA,NA,NA,NA,NA,NA,NA,NA,NA,NA,NA,NA,NA,NA,NA,NA,NA,NA,NA,NA,NA,NA,NA,NA
2021-02-28 14:00:00,NA,NA,NA,NA,NA,NA,NA,NA,NA,NA,NA,NA,NA,NA,NA,NA,NA,NA,NA,NA,NA,NA,NA,NA
2021-02-28 15:00:00,NA,NA,NA,NA,NA,NA,NA,NA,NA,NA,NA,NA,NA,NA,NA,NA,NA,NA,NA,NA,NA,NA,NA,NA
2021-02-28 16:00:00,NA,NA,NA,NA,NA,NA,NA,NA,NA,NA,NA,NA,NA,NA,NA,NA,NA,NA,NA,NA,NA,NA,NA,NA
2021-02-28 17:00:00,NA,NA,NA,NA,NA,NA,NA,NA,NA,NA,NA,NA,NA,NA,NA,NA,NA,NA,NA,NA,NA,NA,NA,NA
2021-02-28 18:00:00,NA,NA,NA,NA,NA,NA,NA,NA,NA,NA,NA,NA,NA,NA,NA,NA,NA,NA,NA,NA,NA,NA,NA,NA
2021-02-28 19:00:00,NA,NA,NA,NA,NA,NA,NA,NA,NA,NA,NA,NA,NA,NA,NA,NA,NA,NA,NA,NA,NA,NA,NA,NA
2021-02-28 20:00:00,NA,NA,NA,NA,NA,NA,NA,NA,NA,NA,NA,NA,NA,NA,NA,NA,NA,NA,NA,NA,NA,NA,NA,NA
2021-02-28 21:00:00,NA,NA,NA,NA,NA,NA,NA,NA,NA,NA,NA,NA,NA,NA,NA,NA,NA,NA,NA,NA,NA,NA,NA,NA
2021-02-28 22:00:00,NA,NA,NA,NA,NA,NA,NA,NA,NA,NA,NA,NA,NA,NA,NA,NA,NA,NA,NA,NA,NA,NA,NA,NA
2021-02-28 23:00:00,NA,NA,NA,NA,NA,NA,NA,NA,NA,NA,NA,NA,NA,NA,NA,NA,NA,NA,NA,NA,NA,NA,NA,NA
2021-03-01 00:00:00,NA,NA,NA,NA,NA,NA,NA,NA,NA,NA,NA,NA,NA,NA,NA,NA,NA,NA,NA,NA,NA,NA,NA,NA
2021-03-01 01:00:00,NA,NA,NA,NA,NA,NA,NA,NA,NA,NA,NA,NA,NA,NA,NA,NA,NA,NA,NA,NA,NA,NA,NA,NA
2021-03-01 02:00:00,NA,NA,NA,NA,NA,NA,NA,NA,NA,NA,NA,NA,NA,NA,NA,NA,NA,NA,NA,NA,NA,NA,NA,NA
2021-03-01 03:00:00,NA,NA,NA,NA,NA,NA,NA,NA,NA,NA,NA,NA,NA,NA,NA,NA,NA,NA,NA,NA,NA,NA,NA,NA
2021-03-01 04:00:00,NA,NA,NA,NA,NA,NA,NA,NA,NA,NA,NA,NA,NA,NA,NA,NA,NA,NA,NA,NA,NA,NA,NA,NA
2021-03-01 05:00:00,NA,NA,NA,NA,NA,NA,NA,NA,NA,NA,NA,NA,NA,NA,NA,NA,NA,NA,NA,NA,NA,NA,NA,NA
2021-03-01 06:00:00,NA,NA,NA,NA,NA,NA,NA,NA,NA,NA,NA,NA,NA,NA,NA,NA,NA,NA,NA,NA,NA,NA,NA,NA
2021-03-01 07:00:00,NA,NA,NA,NA,NA,NA,NA,NA,NA,NA,NA,NA,NA,NA,NA,NA,NA,NA,NA,NA,NA,NA,NA,NA
2021-03-01 08:00:00,NA,NA,NA,NA,NA,NA,NA,NA,NA,NA,NA,NA,NA,NA,NA,NA,NA,NA,NA,NA,NA,NA,NA,NA
2021-03-01 09:00:00,NA,NA,9.53,26.48,36.00,NA,10.18,NA,NA,NA,NA,NA,NA,NA,NA,NA,NA,NA,NA,NA,NA,NA,NA,NA
2021-03-01 10:00:00,NA,NA,8.06,25.74,33.80,NA,10.15,NA,NA,NA,NA,NA,NA,NA,NA,NA,NA,NA,NA,NA,NA,NA,NA,NA
2021-03-01 11:00:00,NA,NA,8.41,26.03,34.44,NA,9.89,NA,NA,NA,NA,NA,NA,NA,NA,NA,NA,NA,NA,NA,NA,NA,NA,NA
2021-03-01 12:00:00,NA,NA,7.83,25.47,33.30,NA,6.74,NA,NA,NA,NA,NA,NA,NA,NA,NA,NA,NA,NA,NA,NA,NA,NA,NA
2021-03-01 13:00:00,NA,NA,9.85,25.94,35.80,NA,6.45,NA,NA,NA,NA,NA,NA,NA,NA,NA,NA,NA,NA,NA,NA,NA,NA,NA
2021-03-01 14:00:00,NA,NA,8.72,26.29,35.01,NA,6.40,NA,NA,NA,NA,NA,NA,NA,NA,NA,NA,NA,NA,NA,NA,NA,NA,NA
2021-03-01 15:00:00,NA,NA,9.17,26.16,35.33,NA,6.39,NA,NA,NA,NA,NA,NA,NA,NA,NA,NA,NA,NA,NA,NA,NA,NA,NA
2021-03-01 16:00:00,NA,NA,8.38,25.78,34.15,NA,6.52,NA,NA,NA,NA,NA,NA,NA,NA,NA,NA,NA,NA,NA,NA,NA,NA,NA
2021-03-01 17:00:00,NA,NA,8.23,25.71,33.94,NA,9.73,NA,NA,NA,NA,NA,NA,NA,NA,NA,NA,NA,NA,NA,NA,NA,NA,NA
2021-03-01 18:00:00,NA,NA,9.66,26.39,36.04,NA,9.91,NA,NA,NA,NA,NA,NA,NA,NA,NA,NA,NA,NA,NA,NA,NA,NA,NA
2021-03-01 19:00:00,NA,NA,8.73,25.91,34.64,NA,9.97,NA,NA,NA,NA,NA,NA,NA,NA,NA,NA,NA,NA,NA,NA,NA,NA,NA
2021-03-01 20:00:00,NA,NA,10.32,26.48,36.79,NA,10.21,NA,NA,NA,NA,NA,NA,NA,NA,NA,NA,NA,NA,NA,NA,NA,NA,NA
2021-03-01 21:00:00,NA,NA,8.91,25.98,34.89,NA,10.04,NA,NA,NA,NA,NA,NA,NA,NA,NA,NA,NA,NA,NA,NA,NA,NA,NA
2021-03-01 22:00:00,NA,NA,8.36,26.10,34.46,NA,7.54,NA,NA,NA,NA,NA,NA,NA,NA,NA,NA,NA,NA,NA,NA,NA,NA,NA
2021-03-01 23:00:00,NA,NA,9.39,26.29,35.69,NA,7.36,NA,NA,NA,NA,NA,NA,NA,NA,NA,NA,NA,NA,NA,NA,NA,NA,NA
2021-03-02 00:00:00,NA,NA,9.23,26.06,35.29,NA,7.19,NA,NA,NA,NA,NA,NA,NA,NA,NA,NA,NA,NA,NA,NA,NA,NA,NA
2021-03-02 01:00:00,NA,NA,8.49,26.18,34.66,NA,7.20,NA,NA,NA,NA,NA,NA,NA,NA,NA,NA,NA,NA,NA,NA,NA,NA,NA
2021-03-02 02:00:00,NA,NA,10.09,26.39,36.49,NA,7.16,NA,NA,NA,NA,NA,NA,NA,NA,NA,NA,NA,NA,NA,NA,NA,NA,NA
2021-03-02 03:00:00,NA,NA,9.03,26.07,35.10,NA,8.28,NA,NA,NA,NA,NA,NA,NA,NA,NA,NA,NA,NA,NA,NA,NA,NA,NA
2021-03-02 04:00:00,NA,NA,8.93,26.10,35.03,NA,8.05,NA,NA,NA,NA,NA,NA,NA,NA,NA,NA,NA,NA,NA,NA,NA,NA,NA
2021-03-02 05:00:00,NA,NA,9.44,26.54,35.99,NA,8.22,NA,NA,NA,NA,NA,NA,NA,NA,NA,NA,NA,NA,NA,NA,NA,NA,NA
2021-03-02 06:00:00,NA,NA,8.70,25.80,34.49,NA,8.31,NA,NA,NA,NA,NA,NA,NA,NA,NA,NA,NA,NA,NA,NA,NA,NA,NA
2021-03-02 07:00:00,NA,NA,9.17,26.53,35.68,NA,8.20,NA,NA,NA,NA,NA,NA,NA,NA,NA,NA,NA,NA,NA,NA,NA,NA,NA
2021-03-02 08:00:00,NA,NA,9.04,26.07,35.11,NA,9.59,NA,NA,NA,NA,NA,NA,NA,NA,NA,NA,NA,NA,NA,NA,NA,NA,NA
2021-03-02 09:00:00,NA,NA,9.91,27.03,36.94,NA,9.59,NA,NA,NA,NA,NA,NA,NA,NA,NA,NA,NA,NA,NA,NA,NA,NA,NA
2021-03-02 10:00:00,NA,NA,8.01,25.77,33.78,NA,9.70,NA,NA,NA,NA,NA,NA,NA,NA,NA,NA,NA,NA,NA,NA,NA,NA,NA
2021-03-02 11:00:00,NA,NA,8.35,25.94,34.30,NA,9.43,NA,NA,NA,NA,NA,NA,NA,NA,NA,NA,NA,NA,NA,NA,NA,NA,NA
2021-03-02 12:00:00,NA,NA,9.18,25.94,35.11,NA,9.35,NA,NA,NA,NA,NA,NA,NA,NA,NA,NA,NA,NA,NA,NA,NA,NA,NA
2021-03-02 13:00:00,NA,NA,7.81,25.93,33.75,NA,4.91,NA,NA,NA,NA,NA,NA,NA,NA,NA,NA,NA,NA,NA,NA,NA,NA,NA
2021-03-02 14:00:00,NA,NA,9.06,26.12,35.19,NA,4.60,NA,NA,NA,NA,NA,NA,NA,NA,NA,NA,NA,NA,NA,NA,NA,NA,NA
2021-03-02 15:00:00,NA,NA,9.10,26.06,35.16,NA,4.49,NA,NA,NA,NA,NA,NA,NA,NA,NA,NA,NA,NA,NA,NA,NA,NA,NA
2021-03-02 16:00:00,NA,NA,8.69,26.10,34.79,NA,4.46,NA,NA,NA,NA,NA,NA,NA,NA,NA,NA,NA,NA,NA,NA,NA,NA,NA
2021-03-02 17:00:00,NA,NA,8.98,26.18,35.16,NA,4.48,NA,NA,NA,NA,NA,NA,NA,NA,NA,NA,NA,NA,NA,NA,NA,NA,NA
2021-03-02 18:00:00,NA,NA,9.17,26.24,35.42,NA,7.69,NA,NA,NA,NA,NA,NA,NA,NA,NA,NA,NA,NA,NA,NA,NA,NA,NA
2021-03-02 19:00:00,NA,NA,9.22,25.96,35.18,NA,7.67,NA,NA,NA,NA,NA,NA,NA,NA,NA,NA,NA,NA,NA,NA,NA,NA,NA
2021-03-02 20:00:00,NA,NA,9.86,26.36,36.22,NA,7.79,NA,NA,NA,NA,NA,NA,NA,NA,NA,NA,NA,NA,NA,NA,NA,NA,NA
2021-03-02 21:00:00,NA,NA,9.25,26.16,35.41,NA,7.80,NA,NA,NA,NA,NA,NA,NA,NA,NA,NA,NA,NA,NA,NA,NA,NA,NA
2021-03-02 22:00:00,NA,NA,8.98,25.84,34.82,NA,7.96,NA,NA,NA,NA,NA,NA,NA,NA,NA,NA,NA,NA,NA,NA,NA,NA,NA
2021-03-02 23:00:00,NA,NA,9.30,26.52,35.82,NA,10.55,NA,NA,NA,NA,NA,NA,NA,NA,NA,NA,NA,NA,NA,NA,NA,NA,NA
2021-03-03 00:00:00,NA,NA,9.06,25.96,35.02,NA,10.50,NA,NA,NA,NA,NA,NA,NA,NA,NA,NA,NA,NA,NA,NA,NA,NA,NA
2021-03-03 01:00:00,NA,NA,9.24,25.74,34.98,NA,10.34,NA,NA,NA,NA,NA,NA,NA,NA,NA,NA,NA,NA,NA,NA,NA,NA,NA
2021-03-03 02:00:00,NA,NA,10.16,26.22,36.39,NA,10.42,NA,NA,NA,NA,NA,NA,NA,NA,NA,NA,NA,NA,NA,NA,NA,NA,NA
2021-03-03 03:00:00,NA,NA,9.48,26.35,35.83,NA,10.46,NA,NA,NA,NA,NA,NA,NA,NA,NA,NA,NA,NA,NA,NA,NA,NA,NA
2021-03-03 04:00:00,NA,NA,8.47,25.63,34.10,NA,9.53,NA,NA,NA,NA,NA,NA,NA,NA,NA,NA,NA,NA,NA,NA,NA,NA,NA
2021-03-03 05:00:00,NA,NA,9.28,26.42,35.70,NA,9.40,NA,NA,NA,NA,NA,NA,NA,NA,NA,NA,NA,NA,NA,NA,NA,NA,NA
2021-03-03 06:00:00,NA,NA,9.19,26.70,35.89,NA,9.49,NA,NA,NA,NA,NA,NA,NA,NA,NA,NA,NA,NA,NA,NA,NA,NA,NA
2021-03-03 07:00:00,NA,NA,9.48,26.26,35.73,NA,9.60,NA,NA,NA,NA,NA,NA,NA,NA,NA,NA,NA,NA,NA,NA,NA,NA,NA
2021-03-03 08:00:00,NA,NA,9.05,26.30,35.34,NA,9.48,NA,NA,NA,NA,NA,NA,NA,NA,NA,NA,NA,NA,NA,NA,NA,NA,NA
2021-03-03 09:00:00,NA,NA,9.23,26.03,35.26,NA,7.71,NA,NA,NA,NA,NA,NA,NA,NA,NA,NA,NA,NA,NA,NA,NA,NA,NA
2021-03-03 10:00:00,NA,NA,7.89,25.74,33.64,NA,7.53,NA,NA,NA,NA,NA,NA,NA,NA,NA,NA,NA,NA,NA,NA,NA,NA,NA
2021-03-03 11:00:00,NA,NA,8.89,26.22,35.10,NA,7.34,NA,NA,NA,NA,NA,NA,NA,NA,NA,NA,NA,NA,NA,NA,NA,NA,NA
2021-03-03 12:00:00,NA,NA,9.59,26.20,35.80,NA,7.47,NA,NA,NA,NA,NA,NA,NA,NA,NA,NA,NA,NA,NA,NA,NA,NA,NA
2021-03-03 13:00:00,NA,NA,8.81,26.60,35.41,NA,7.28,NA,NA,NA,NA,NA,NA,NA,NA,NA,NA,NA,NA,NA,NA,NA,NA,NA
2021-03-03 14:00:00,NA,NA,9.13,26.08,35.20,NA,8.46,NA,NA,NA,NA,NA,NA,NA,NA,NA,NA,NA,NA,NA,NA,NA,NA,NA
2021-03-03 15:00:00,NA,NA,9.15,26.26,35.40,NA,8.39,NA,NA,NA,NA,NA,NA,NA,NA,NA,NA,NA,NA,NA,NA,NA,NA,NA
2021-03-03 16:00:00,NA,NA,9.01,26.22,35.24,NA,8.29,NA,NA,NA,NA,NA,NA,NA,NA,NA,NA,NA,NA,NA,NA,NA,NA,NA
2021-03-03 17:00:00,NA,NA,9.04,26.18,35.17,NA,8.41,NA,NA,NA,NA,NA,NA,NA,NA,NA,NA,NA,NA,NA,NA,NA,NA,NA
2021-03-03 18:00:00,NA,NA,10.26,26.24,36.50,NA,8.51,NA,NA,NA,NA,NA,NA,NA,NA,NA,NA,NA,NA,NA,NA,NA,NA,NA
2021-03-03 19:00:00,NA,NA,9.34,26.17,35.50,NA,8.60,NA,NA,NA,NA,NA,NA,NA,NA,NA,NA,NA,NA,NA,NA,NA,NA,NA
2021-03-03 20:00:00,NA,NA,9.24,26.29,35.53,NA,8.56,NA,NA,NA,NA,NA,NA,NA,NA,NA,NA,NA,NA,NA,NA,NA,NA,NA
2021-03-03 21:00:00,NA,NA,8.93,26.06,34.99,NA,8.58,NA,NA,NA,NA,NA,NA,NA,NA,NA,NA,NA,NA,NA,NA,NA,NA,NA
2021-03-03 22:00:00,NA,NA,8.12,25.92,34.04,NA,8.56,NA,NA,NA,NA,NA,NA,NA,NA,NA,NA,NA,NA,NA,NA,NA,NA,NA
2021-03-03 23:00:00,NA,NA,9.66,26.44,36.11,NA,8.62,NA,NA,NA,NA,NA,NA,NA,NA,NA,NA,NA,NA,NA,NA,NA,NA,NA
2021-03-04 00:00:00,NA,NA,9.36,26.02,35.29,NA,9.40,NA,NA,NA,NA,NA,NA,NA,NA,NA,NA,NA,NA,NA,NA,NA,NA,NA
2021-03-04 01:00:00,NA,NA,9.33,26.83,36.17,NA,9.43,NA,NA,NA,NA,NA,NA,NA,NA,NA,NA,NA,NA,NA,NA,NA,NA,NA
2021-03-04 02:00:00,NA,NA,9.07,26.22,35.30,NA,9.40,NA,NA,NA,NA,NA,NA,NA,NA,NA,NA,NA,NA,NA,NA,NA,NA,NA
2021-03-04 03:00:00,NA,NA,10.10,26.54,36.64,NA,9.37,NA,NA,NA,NA,NA,NA,NA,NA,NA,NA,NA,NA,NA,NA,NA,NA,NA
2021-03-04 04:00:00,NA,NA,9.86,27.14,37.01,NA,9.51,NA,NA,NA,NA,NA,NA,NA,NA,NA,NA,NA,NA,NA,NA,NA,NA,NA
2021-03-04 05:00:00,NA,NA,8.95,26.33,35.29,NA,6.22,NA,NA,NA,NA,NA,NA,NA,NA,NA,NA,NA,NA,NA,NA,NA,NA,NA
2021-03-04 06:00:00,NA,NA,9.28,26.73,35.98,NA,6.33,NA,NA,NA,NA,NA,NA,NA,NA,NA,NA,NA,NA,NA,NA,NA,NA,NA
2021-03-04 07:00:00,NA,NA,8.98,26.72,35.70,NA,6.27,NA,NA,NA,NA,NA,NA,NA,NA,NA,NA,NA,NA,NA,NA,NA,NA,NA
2021-03-04 08:00:00,NA,NA,10.46,27.24,37.70,NA,6.16,NA,NA,NA,NA,NA,NA,NA,NA,NA,NA,NA,NA,NA,NA,NA,NA,NA
2021-03-04 09:00:00,NA,NA,10.17,27.36,37.53,NA,6.02,NA,NA,NA,NA,NA,NA,NA,NA,NA,NA,NA,NA,NA,NA,NA,NA,NA
2021-03-04 10:00:00,NA,NA,9.90,27.21,37.10,NA,7.64,NA,NA,NA,NA,NA,NA,NA,NA,NA,NA,NA,NA,NA,NA,NA,NA,NA
2021-03-04 11:00:00,NA,NA,11.01,27.29,38.30,NA,7.58,NA,NA,NA,NA,NA,NA,NA,NA,NA,NA,NA,NA,NA,NA,NA,NA,NA
2021-03-04 12:00:00,NA,NA,10.12,26.67,36.80,NA,7.44,NA,NA,NA,NA,NA,NA,NA,NA,NA,NA,NA,NA,NA,NA,NA,NA,NA
2021-03-04 13:00:00,NA,NA,8.40,26.04,34.42,NA,7.25,NA,NA,NA,NA,NA,NA,NA,NA,NA,NA,NA,NA,NA,NA,NA,NA,NA
2021-03-04 14:00:00,NA,NA,9.24,26.78,36.02,NA,7.28,NA,NA,NA,NA,NA,NA,NA,NA,NA,NA,NA,NA,NA,NA,NA,NA,NA
2021-03-04 15:00:00,NA,NA,9.83,27.13,36.96,NA,7.76,NA,NA,NA,NA,NA,NA,NA,NA,NA,NA,NA,NA,NA,NA,NA,NA,NA
2021-03-04 16:00:00,NA,NA,9.78,26.80,36.58,NA,7.72,NA,NA,NA,NA,NA,NA,NA,NA,NA,NA,NA,NA,NA,NA,NA,NA,NA
2021-03-04 17:00:00,NA,NA,10.26,26.70,36.96,NA,7.78,NA,NA,NA,NA,NA,NA,NA,NA,NA,NA,NA,NA,NA,NA,NA,NA,NA
2021-03-04 18:00:00,NA,NA,10.18,26.70,36.88,NA,7.85,NA,NA,NA,NA,NA,NA,NA,NA,NA,NA,NA,NA,NA,NA,NA,NA,NA
2021-03-04 19:00:00,NA,NA,9.71,26.90,36.62,NA,7.91,NA,NA,NA,NA,NA,NA,NA,NA,NA,NA,NA,NA,NA,NA,NA,NA,NA
2021-03-04 20:00:00,NA,NA,9.89,26.82,36.71,NA,6.27,NA,NA,NA,NA,NA,NA,NA,NA,NA,NA,NA,NA,NA,NA,NA,NA,NA
2021-03-04 21:00:00,NA,NA,8.20,26.11,34.31,NA,6.24,NA,NA,NA,NA,NA,NA,NA,NA,NA,NA,NA,NA,NA,NA,NA,NA,NA
2021-03-04 22:00:00,NA,NA,9.05,26.78,35.83,NA,6.40,NA,NA,NA,NA,NA,NA,NA,NA,NA,NA,NA,NA,NA,NA,NA,NA,NA
2021-03-04 23:00:00,NA,NA,9.98,27.06,37.04,NA,6.28,NA,NA,NA,NA,NA,NA,NA,NA,NA,NA,NA,NA,NA,NA,NA,NA,NA
2021-03-05 00:00:00,NA,NA,10.34,26.82,37.16,NA,6.22,NA,NA,NA,NA,NA,NA,NA,NA,NA,NA,NA,NA,NA,NA,NA,NA,NA
2021-03-05 01:00:00,NA,NA,10.04,26.77,36.81,NA,9.30,NA,NA,NA,NA,NA,NA,NA,NA,NA,NA,NA,NA,NA,NA,NA,NA,NA
2021-03-05 02:00:00,NA,NA,9.54,26.52,36.05,NA,9.15,NA,NA,NA,NA,NA,NA,NA,NA,NA,NA,NA,NA,NA,NA,NA,NA,NA
2021-03-05 03:00:00,NA,NA,9.64,26.83,36.47,NA,9.50,NA,NA,NA,NA,NA,NA,NA,NA,NA,NA,NA,NA,NA,NA,NA,NA,NA
2021-03-05 04:00:00,NA,NA,9.32,26.16,35.48,NA,9.44,NA,NA,NA,NA,NA,NA,NA,NA,NA,NA,NA,NA,NA,NA,NA,NA,NA
2021-03-05 05:00:00,NA,NA,11.28,27.10,38.38,NA,9.46,NA,NA,NA,NA,NA,NA,NA,NA,NA,NA,NA,NA,NA,NA,NA,NA,NA
2021-03-05 06:00:00,NA,NA,9.27,26.96,36.23,NA,10.38,NA,NA,NA,NA,NA,NA,NA,NA,NA,NA,NA,NA,NA,NA,NA,NA,NA
2021-03-05 07:00:00,NA,NA,9.80,27.24,37.04,NA,10.42,NA,NA,NA,NA,NA,NA,NA,NA,NA,NA,NA,NA,NA,NA,NA,NA,NA
2021-03-05 08:00:00,NA,NA,8.74,26.71,35.41,NA,10.46,NA,NA,NA,NA,NA,NA,NA,NA,NA,NA,NA,NA,NA,NA,NA,NA,NA
2021-03-05 09:00:00,NA,NA,8.83,27.00,35.84,NA,10.49,NA,NA,NA,NA,NA,NA,NA,NA,NA,NA,NA,NA,NA,NA,NA,NA,NA
2021-03-05 10:00:00,NA,NA,10.26,27.22,37.48,NA,10.36,NA,NA,NA,NA,NA,NA,NA,NA,NA,NA,NA,NA,NA,NA,NA,NA,NA
2021-03-05 11:00:00,NA,NA,10.39,26.95,37.33,NA,9.26,NA,NA,NA,NA,NA,NA,NA,NA,NA,NA,NA,NA,NA,NA,NA,NA,NA
2021-03-05 12:00:00,NA,NA,9.48,26.93,36.40,NA,9.28,NA,NA,NA,NA,NA,NA,NA,NA,NA,NA,NA,NA,NA,NA,NA,NA,NA
2021-03-05 13:00:00,NA,70.05,10.24,27.19,37.43,NA,9.22,NA,NA,NA,NA,NA,NA,NA,NA,NA,NA,NA,NA,NA,NA,NA,NA,NA
2021-03-05 14:00:00,NA,70.05,10.80,27.35,38.15,NA,9.49,0.24,NA,NA,NA,NA,NA,NA,NA,NA,NA,NA,NA,NA,NA,NA,NA,NA
2021-03-05 15:00:00,NA,NA,12.01,27.49,39.50,NA,9.16,0.24,NA,NA,NA,NA,NA,NA,NA,NA,NA,NA,NA,NA,NA,NA,NA,NA
2021-03-05 16:00:00,NA,NA,10.47,27.41,37.89,NA,9.12,0.22,NA,NA,NA,NA,NA,NA,NA,NA,NA,NA,NA,NA,NA,NA,NA,NA
2021-03-05 17:00:00,NA,NA,13.22,29.36,42.58,NA,9.11,0.18,NA,NA,NA,NA,NA,NA,NA,NA,NA,NA,NA,NA,NA,NA,NA,NA
2021-03-05 18:00:00,NA,NA,10.39,28.21,38.60,NA,9.12,0.52,NA,NA,NA,NA,NA,NA,NA,NA,NA,NA,NA,NA,NA,NA,NA,NA
2021-03-05 19:00:00,NA,NA,10.25,27.27,37.52,NA,9.41,0.75,NA,NA,NA,NA,NA,NA,NA,NA,NA,NA,NA,NA,NA,NA,NA,NA
2021-03-05 20:00:00,NA,NA,10.53,27.63,38.17,NA,9.56,0.75,NA,NA,NA,NA,NA,NA,NA,NA,NA,NA,NA,NA,NA,NA,NA,NA
2021-03-05 21:00:00,NA,NA,9.07,27.19,36.24,NA,5.68,0.75,NA,NA,NA,NA,NA,NA,NA,NA,NA,NA,NA,NA,NA,NA,NA,NA
2021-03-05 22:00:00,NA,NA,10.55,27.32,37.86,NA,5.60,0.75,NA,NA,NA,NA,NA,NA,NA,NA,NA,NA,NA,NA,NA,NA,NA,NA
2021-03-05 23:00:00,NA,NA,9.76,27.11,36.86,NA,5.47,0.76,NA,NA,NA,NA,NA,NA,NA,NA,NA,NA,NA,NA,NA,NA,NA,NA
2021-03-06 00:00:00,NA,NA,13.43,29.38,42.20,NA,5.56,0.76,NA,NA,NA,NA,NA,NA,NA,NA,NA,NA,NA,NA,NA,NA,NA,NA
2021-03-06 01:00:00,NA,NA,6.60,25.79,31.58,NA,5.61,0.76,NA,NA,NA,NA,NA,NA,NA,NA,NA,NA,NA,NA,NA,NA,NA,NA
2021-03-06 02:00:00,NA,NA,9.77,26.35,36.06,NA,9.98,0.76,NA,NA,NA,NA,NA,NA,NA,NA,NA,NA,NA,NA,NA,NA,NA,NA
2021-03-06 03:00:00,NA,NA,11.65,27.70,38.36,NA,9.97,0.76,NA,NA,NA,NA,NA,NA,NA,NA,NA,NA,NA,NA,NA,NA,NA,NA
2021-03-06 04:00:00,NA,NA,6.60,24.74,29.95,NA,9.94,0.75,NA,NA,NA,NA,NA,NA,NA,NA,NA,NA,NA,NA,NA,NA,NA,NA
2021-03-06 05:00:00,NA,NA,8.99,26.54,35.50,NA,10.06,0.75,NA,NA,NA,NA,NA,NA,NA,NA,NA,NA,NA,NA,NA,NA,NA,NA
2021-03-06 06:00:00,NA,NA,9.17,25.90,35.07,NA,10.11,0.76,NA,NA,NA,NA,NA,NA,NA,NA,NA,NA,NA,NA,NA,NA,NA,NA
2021-03-06 07:00:00,NA,NA,8.61,26.25,34.86,NA,8.82,0.76,NA,NA,NA,NA,NA,NA,NA,NA,NA,NA,NA,NA,NA,NA,NA,NA
2021-03-06 08:00:00,NA,NA,8.28,25.85,34.13,NA,8.72,0.75,NA,NA,NA,NA,NA,NA,NA,NA,NA,NA,NA,NA,NA,NA,NA,NA
2021-03-06 09:00:00,NA,NA,8.86,26.17,35.03,NA,8.74,0.75,NA,NA,NA,NA,NA,NA,NA,NA,NA,NA,NA,NA,NA,NA,NA,NA
2021-03-06 10:00:00,NA,70.05,18.53,29.71,48.20,NA,8.70,0.66,NA,NA,NA,NA,NA,NA,NA,NA,NA,NA,NA,NA,NA,NA,NA,NA
2021-03-06 11:00:00,NA,70.05,28.55,35.42,63.97,NA,8.73,NA,NA,NA,NA,NA,NA,NA,NA,NA,NA,NA,NA,NA,NA,NA,NA,NA
2021-03-06 12:00:00,NA,NA,18.25,32.91,51.17,NA,8.93,NA,NA,NA,NA,NA,NA,NA,NA,NA,NA,NA,NA,NA,NA,NA,NA,NA
2021-03-06 13:00:00,NA,NA,18.48,33.07,51.55,NA,8.76,NA,NA,NA,NA,NA,NA,NA,NA,NA,NA,NA,NA,NA,NA,NA,NA,NA
2021-03-06 14:00:00,NA,NA,16.97,32.98,49.95,NA,8.57,NA,NA,NA,NA,NA,NA,NA,NA,NA,NA,NA,NA,NA,NA,NA,NA,NA
2021-03-06 15:00:00,NA,NA,16.84,32.68,49.50,NA,8.40,NA,NA,NA,NA,NA,NA,NA,NA,NA,NA,NA,NA,NA,NA,NA,NA,NA
2021-03-06 16:00:00,NA,NA,24.42,35.66,60.08,NA,8.32,NA,NA,NA,NA,NA,NA,NA,NA,NA,NA,NA,NA,NA,NA,NA,NA,NA
2021-03-06 17:00:00,NA,NA,18.08,32.82,50.82,NA,10.23,NA,NA,NA,NA,NA,NA,NA,NA,NA,NA,NA,NA,NA,NA,NA,NA,NA
2021-03-06 18:00:00,NA,NA,18.26,32.88,51.14,NA,10.57,0.15,NA,NA,NA,NA,NA,NA,NA,NA,NA,NA,NA,NA,NA,NA,NA,NA
2021-03-06 19:00:00,NA,NA,13.84,32.70,46.54,NA,10.94,0.00,NA,NA,NA,NA,NA,NA,NA,NA,NA,NA,NA,NA,NA,NA,NA,NA
2021-03-06 20:00:00,NA,NA,15.40,32.02,46.94,NA,10.94,0.00,NA,NA,NA,NA,NA,NA,NA,NA,NA,NA,NA,NA,NA,NA,NA,NA
2021-03-06 21:00:00,NA,NA,17.59,33.24,50.84,NA,11.02,0.00,NA,NA,NA,NA,NA,NA,NA,NA,NA,NA,NA,NA,NA,NA,NA,NA
2021-03-06 22:00:00,NA,NA,16.46,31.91,48.38,NA,7.59,0.00,NA,NA,NA,NA,NA,NA,NA,NA,NA,NA,NA,NA,NA,NA,NA,NA
2021-03-06 23:00:00,NA,NA,18.84,33.34,52.18,NA,7.37,0.00,NA,NA,NA,NA,NA,NA,NA,NA,NA,NA,NA,NA,NA,NA,NA,NA
2021-03-07 00:00:00,NA,NA,18.24,32.74,50.98,NA,7.33,1.42,NA,NA,NA,NA,NA,NA,NA,NA,NA,NA,NA,NA,NA,NA,NA,NA
2021-03-07 01:00:00,NA,NA,19.63,33.99,53.61,NA,7.24,2.89,NA,NA,NA,NA,NA,NA,NA,NA,NA,NA,NA,NA,NA,NA,NA,NA
2021-03-07 02:00:00,NA,NA,15.98,31.83,47.68,NA,7.20,3.03,NA,NA,NA,NA,NA,NA,NA,NA,NA,NA,NA,NA,NA,NA,NA,NA
2021-03-07 03:00:00,NA,NA,17.94,31.84,49.64,NA,8.22,3.38,NA,NA,NA,NA,NA,NA,NA,NA,NA,NA,NA,NA,NA,NA,NA,NA
2021-03-07 04:00:00,NA,NA,16.47,32.26,48.54,NA,8.44,3.56,NA,NA,NA,NA,NA,NA,NA,NA,NA,NA,NA,NA,NA,NA,NA,NA
2021-03-07 05:00:00,NA,NA,18.75,33.83,52.58,NA,8.44,4.31,NA,NA,NA,NA,NA,NA,NA,NA,NA,NA,NA,NA,NA,NA,NA,NA
2021-03-07 06:00:00,NA,NA,16.46,33.25,49.17,NA,8.80,5.16,NA,NA,NA,NA,NA,NA,NA,NA,NA,NA,NA,NA,NA,NA,NA,NA
2021-03-07 07:00:00,NA,NA,21.46,35.80,57.27,NA,8.80,5.25,NA,NA,NA,NA,NA,NA,NA,NA,NA,NA,NA,NA,NA,NA,NA,NA
2021-03-07 08:00:00,NA,NA,19.22,33.77,52.99,NA,8.64,4.64,NA,NA,NA,NA,NA,NA,NA,NA,NA,NA,NA,NA,NA,NA,NA,NA
2021-03-07 09:00:00,NA,NA,16.05,31.68,47.73,NA,8.66,4.15,NA,NA,NA,NA,NA,NA,NA,NA,NA,NA,NA,NA,NA,NA,NA,NA
2021-03-07 10:00:00,NA,NA,19.42,33.52,52.93,NA,8.54,3.86,NA,NA,NA,NA,NA,NA,NA,NA,NA,NA,NA,NA,NA,NA,NA,NA
2021-03-07 11:00:00,NA,NA,16.09,32.74,48.78,NA,8.37,3.66,NA,NA,NA,NA,NA,NA,NA,NA,NA,NA,NA,NA,NA,NA,NA,NA
2021-03-07 12:00:00,NA,NA,17.86,36.59,54.45,NA,8.31,3.50,NA,NA,NA,NA,NA,NA,NA,NA,NA,NA,NA,NA,NA,NA,NA,NA
2021-03-07 13:00:00,NA,NA,33.24,67.07,92.85,NA,9.11,3.52,NA,NA,NA,NA,NA,NA,NA,NA,NA,NA,NA,NA,NA,NA,NA,NA
2021-03-07 14:00:00,NA,NA,32.49,62.03,91.57,NA,9.17,3.78,NA,NA,NA,NA,NA,NA,NA,NA,NA,NA,NA,NA,NA,NA,NA,NA
2021-03-07 15:00:00,NA,NA,20.67,36.22,56.89,NA,8.80,3.76,NA,NA,NA,NA,NA,NA,NA,NA,NA,NA,NA,NA,NA,NA,NA,NA
2021-03-07 16:00:00,NA,NA,NA,NA,NA,NA,NA,NA,NA,NA,NA,NA,NA,NA,NA,NA,NA,NA,NA,NA,NA,NA,NA,NA
2021-03-07 17:00:00,NA,NA,NA,NA,NA,NA,NA,NA,NA,NA,NA,NA,NA,NA,NA,NA,NA,NA,NA,NA,NA,NA,NA,NA
2021-03-07 18:00:00,NA,NA,NA,NA,NA,NA,NA,NA,NA,NA,NA,NA,NA,NA,NA,NA,NA,NA,NA,NA,NA,NA,NA,NA
2021-03-07 19:00:00,NA,NA,NA,NA,NA,NA,NA,NA,NA,NA,NA,NA,NA,NA,NA,NA,NA,NA,NA,NA,NA,NA,NA,NA
2021-03-07 20:00:00,NA,NA,NA,NA,NA,NA,NA,NA,NA,NA,NA,NA,NA,NA,NA,NA,NA,NA,NA,NA,NA,NA,NA,NA
2021-03-07 21:00:00,NA,NA,NA,NA,NA,NA,NA,NA,NA,NA,NA,NA,NA,NA,NA,NA,NA,NA,NA,NA,NA,NA,NA,NA
2021-03-07 22:00:00,NA,NA,NA,NA,NA,NA,NA,NA,NA,NA,NA,NA,NA,NA,NA,NA,NA,NA,NA,NA,NA,NA,NA,NA
2021-03-07 23:00:00,NA,NA,NA,NA,NA,NA,NA,NA,NA,NA,NA,NA,NA,NA,NA,NA,NA,NA,NA,NA,NA,NA,NA,NA
2021-03-08 00:00:00,NA,NA,NA,NA,NA,NA,NA,NA,NA,NA,NA,NA,NA,NA,NA,NA,NA,NA,NA,NA,NA,NA,NA,NA
2021-03-08 01:00:00,NA,NA,NA,NA,NA,NA,NA,NA,NA,NA,NA,NA,NA,NA,NA,NA,NA,NA,NA,NA,NA,NA,NA,NA
2021-03-08 02:00:00,NA,NA,NA,NA,NA,NA,NA,NA,NA,NA,NA,NA,NA,NA,NA,NA,NA,NA,NA,NA,NA,NA,NA,NA
2021-03-08 03:00:00,NA,NA,NA,NA,NA,NA,NA,NA,NA,NA,NA,NA,NA,NA,NA,NA,NA,NA,NA,NA,NA,NA,NA,NA
2021-03-08 04:00:00,NA,NA,NA,NA,NA,NA,NA,NA,NA,NA,NA,NA,NA,NA,NA,NA,NA,NA,NA,NA,NA,NA,NA,NA
2021-03-08 05:00:00,NA,NA,NA,NA,NA,NA,NA,NA,NA,NA,NA,NA,NA,NA,NA,NA,NA,NA,NA,NA,NA,NA,NA,NA
2021-03-08 06:00:00,NA,NA,NA,NA,NA,NA,NA,NA,NA,NA,NA,NA,NA,NA,NA,NA,NA,NA,NA,NA,NA,NA,NA,NA
2021-03-08 07:00:00,NA,NA,NA,NA,NA,NA,NA,NA,NA,NA,NA,NA,NA,NA,NA,NA,NA,NA,NA,NA,NA,NA,NA,NA
2021-03-08 08:00:00,NA,NA,NA,NA,NA,NA,NA,NA,NA,NA,NA,NA,NA,NA,NA,NA,NA,NA,NA,NA,NA,NA,NA,NA
2021-03-08 09:00:00,NA,NA,13.16,33.42,46.08,NA,8.79,2.57,NA,NA,NA,NA,NA,NA,NA,NA,NA,NA,NA,NA,NA,NA,NA,NA
2021-03-08 10:00:00,NA,NA,18.27,34.10,52.18,NA,8.80,5.22,NA,NA,NA,NA,NA,NA,NA,NA,NA,NA,NA,NA,NA,NA,NA,NA
2021-03-08 11:00:00,NA,NA,18.13,34.09,51.65,NA,8.88,4.82,NA,NA,NA,NA,NA,NA,NA,NA,NA,NA,NA,NA,NA,NA,NA,NA
2021-03-08 12:00:00,NA,NA,15.43,32.39,47.82,NA,8.83,4.34,NA,NA,NA,NA,NA,NA,NA,NA,NA,NA,NA,NA,NA,NA,NA,NA
2021-03-08 13:00:00,NA,NA,17.17,32.56,49.73,NA,8.78,5.48,NA,NA,NA,NA,NA,NA,NA,NA,NA,NA,NA,NA,NA,NA,NA,NA
2021-03-08 14:00:00,NA,NA,18.05,33.34,51.38,NA,6.60,4.50,NA,NA,NA,NA,NA,NA,NA,NA,NA,NA,NA,NA,NA,NA,NA,NA
2021-03-08 15:00:00,NA,NA,19.67,33.96,53.63,NA,6.57,NA,NA,NA,NA,NA,NA,NA,NA,NA,NA,NA,NA,NA,NA,NA,NA,NA
2021-03-08 16:00:00,NA,NA,14.99,30.80,45.79,NA,6.88,NA,NA,NA,NA,NA,NA,NA,NA,NA,NA,NA,NA,NA,NA,NA,NA,NA
2021-03-08 17:00:00,NA,NA,NA,NA,NA,NA,NA,NA,NA,NA,NA,NA,NA,NA,NA,NA,NA,NA,NA,NA,NA,NA,NA,NA
2021-03-08 18:00:00,NA,NA,NA,NA,NA,NA,NA,NA,NA,NA,NA,NA,NA,NA,NA,NA,NA,NA,NA,NA,NA,NA,NA,NA
2021-03-08 19:00:00,NA,NA,NA,NA,NA,NA,NA,NA,NA,NA,NA,NA,NA,NA,NA,NA,NA,NA,NA,NA,NA,NA,NA,NA
2021-03-08 20:00:00,NA,NA,NA,NA,NA,NA,NA,NA,NA,NA,NA,NA,NA,NA,NA,NA,NA,NA,NA,NA,NA,NA,NA,NA
2021-03-08 21:00:00,NA,NA,NA,NA,NA,NA,NA,NA,NA,NA,NA,NA,NA,NA,NA,NA,NA,NA,NA,NA,NA,NA,NA,NA
2021-03-08 22:00:00,NA,NA,NA,NA,NA,NA,NA,NA,NA,NA,NA,NA,NA,NA,NA,NA,NA,NA,NA,NA,NA,NA,NA,NA
2021-03-08 23:00:00,NA,NA,NA,NA,NA,NA,NA,NA,NA,NA,NA,NA,NA,NA,NA,NA,NA,NA,NA,NA,NA,NA,NA,NA
2021-03-09 00:00:00,NA,NA,NA,NA,NA,NA,NA,NA,NA,NA,NA,NA,NA,NA,NA,NA,NA,NA,NA,NA,NA,NA,NA,NA
2021-03-09 01:00:00,NA,NA,NA,NA,NA,NA,NA,NA,NA,NA,NA,NA,NA,NA,NA,NA,NA,NA,NA,NA,NA,NA,NA,NA
2021-03-09 02:00:00,NA,NA,NA,NA,NA,NA,NA,NA,NA,NA,NA,NA,NA,NA,NA,NA,NA,NA,NA,NA,NA,NA,NA,NA
2021-03-09 03:00:00,NA,NA,NA,NA,NA,NA,NA,NA,NA,NA,NA,NA,NA,NA,NA,NA,NA,NA,NA,NA,NA,NA,NA,NA
2021-03-09 04:00:00,NA,NA,NA,NA,NA,NA,NA,NA,NA,NA,NA,NA,NA,NA,NA,NA,NA,NA,NA,NA,NA,NA,NA,NA
2021-03-09 05:00:00,NA,NA,NA,NA,NA,NA,NA,NA,NA,NA,NA,NA,NA,NA,NA,NA,NA,NA,NA,NA,NA,NA,NA,NA
2021-03-09 06:00:00,NA,NA,NA,NA,NA,NA,NA,NA,NA,NA,NA,NA,NA,NA,NA,NA,NA,NA,NA,NA,NA,NA,NA,NA
2021-03-09 07:00:00,NA,NA,NA,NA,NA,NA,NA,NA,NA,NA,NA,NA,NA,NA,NA,NA,NA,NA,NA,NA,NA,NA,NA,NA
2021-03-09 08:00:00,NA,NA,NA,NA,NA,NA,NA,NA,NA,NA,NA,NA,NA,NA,NA,NA,NA,NA,NA,NA,NA,NA,NA,NA
2021-03-09 09:00:00,NA,NA,NA,NA,NA,NA,NA,NA,NA,NA,NA,NA,NA,NA,NA,NA,NA,NA,NA,NA,NA,NA,NA,NA
2021-03-09 10:00:00,NA,NA,NA,NA,NA,NA,NA,NA,NA,NA,NA,NA,NA,NA,NA,NA,NA,NA,NA,NA,NA,NA,NA,NA
2021-03-09 11:00:00,NA,NA,NA,NA,NA,NA,NA,NA,NA,NA,NA,NA,NA,NA,NA,NA,NA,NA,NA,NA,NA,NA,NA,NA
2021-03-09 12:00:00,NA,NA,NA,NA,NA,NA,NA,NA,NA,NA,NA,NA,NA,NA,NA,NA,NA,NA,NA,NA,NA,NA,NA,NA
2021-03-09 13:00:00,NA,NA,NA,NA,NA,NA,NA,NA,NA,NA,NA,NA,NA,NA,NA,NA,NA,NA,NA,NA,NA,NA,NA,NA
2021-03-09 14:00:00,NA,NA,NA,NA,NA,NA,NA,NA,NA,NA,NA,NA,NA,NA,NA,NA,NA,NA,NA,NA,NA,NA,NA,NA
2021-03-09 15:00:00,NA,NA,NA,NA,NA,NA,NA,NA,NA,NA,NA,NA,NA,NA,NA,NA,NA,NA,NA,NA,NA,NA,NA,NA
2021-03-09 16:00:00,NA,NA,NA,NA,NA,NA,NA,NA,NA,NA,NA,NA,NA,NA,NA,NA,NA,NA,NA,NA,NA,NA,NA,NA
2021-03-09 17:00:00,NA,NA,NA,NA,NA,NA,NA,NA,NA,NA,NA,NA,NA,NA,NA,NA,NA,NA,NA,NA,NA,NA,NA,NA
2021-03-09 18:00:00,NA,NA,NA,NA,NA,NA,NA,NA,NA,NA,NA,NA,NA,NA,NA,NA,NA,NA,NA,NA,NA,NA,NA,NA
2021-03-09 19:00:00,NA,NA,NA,NA,NA,NA,NA,NA,NA,NA,NA,NA,NA,NA,NA,NA,NA,NA,NA,NA,NA,NA,NA,NA
2021-03-09 20:00:00,NA,NA,NA,NA,NA,NA,NA,NA,NA,NA,NA,NA,NA,NA,NA,NA,NA,NA,NA,NA,NA,NA,NA,NA
2021-03-09 21:00:00,NA,NA,NA,NA,NA,NA,NA,NA,NA,NA,NA,NA,NA,NA,NA,NA,NA,NA,NA,NA,NA,NA,NA,NA
2021-03-09 22:00:00,NA,NA,NA,NA,NA,NA,NA,NA,NA,NA,NA,NA,NA,NA,NA,NA,NA,NA,NA,NA,NA,NA,NA,NA
2021-03-09 23:00:00,NA,NA,NA,NA,NA,NA,NA,NA,NA,NA,NA,NA,NA,NA,NA,NA,NA,NA,NA,NA,NA,NA,NA,NA
2021-03-10 00:00:00,NA,NA,NA,NA,NA,NA,NA,NA,NA,NA,NA,NA,NA,NA,NA,NA,NA,NA,NA,NA,NA,NA,NA,NA
2021-03-10 01:00:00,NA,NA,NA,NA,NA,NA,NA,NA,NA,NA,NA,NA,NA,NA,NA,NA,NA,NA,NA,NA,NA,NA,NA,NA
2021-03-10 02:00:00,NA,NA,NA,NA,NA,NA,NA,NA,NA,NA,NA,NA,NA,NA,NA,NA,NA,NA,NA,NA,NA,NA,NA,NA
2021-03-10 03:00:00,NA,NA,NA,NA,NA,NA,NA,NA,NA,NA,NA,NA,NA,NA,NA,NA,NA,NA,NA,NA,NA,NA,NA,NA
2021-03-10 04:00:00,NA,NA,NA,NA,NA,NA,NA,NA,NA,NA,NA,NA,NA,NA,NA,NA,NA,NA,NA,NA,NA,NA,NA,NA
2021-03-10 05:00:00,NA,NA,NA,NA,NA,NA,NA,NA,NA,NA,NA,NA,NA,NA,NA,NA,NA,NA,NA,NA,NA,NA,NA,NA
2021-03-10 06:00:00,NA,NA,NA,NA,NA,NA,NA,NA,NA,NA,NA,NA,NA,NA,NA,NA,NA,NA,NA,NA,NA,NA,NA,NA
2021-03-10 07:00:00,NA,NA,NA,NA,NA,NA,NA,NA,NA,NA,NA,NA,NA,NA,NA,NA,NA,NA,NA,NA,NA,NA,NA,NA
2021-03-10 08:00:00,NA,NA,NA,NA,NA,NA,NA,NA,NA,NA,NA,NA,NA,NA,NA,NA,NA,NA,NA,NA,NA,NA,NA,NA
2021-03-10 09:00:00,NA,NA,NA,NA,NA,NA,NA,NA,NA,NA,NA,NA,NA,NA,NA,NA,NA,NA,NA,NA,NA,NA,NA,NA
2021-03-10 10:00:00,NA,NA,NA,NA,NA,NA,NA,NA,NA,NA,NA,NA,NA,NA,NA,NA,NA,NA,NA,NA,NA,NA,NA,NA
2021-03-10 11:00:00,NA,NA,NA,NA,NA,NA,NA,NA,NA,NA,NA,NA,NA,NA,NA,NA,NA,NA,NA,NA,NA,NA,NA,NA
2021-03-10 12:00:00,NA,NA,NA,NA,NA,NA,NA,NA,NA,NA,NA,NA,NA,NA,NA,NA,NA,NA,NA,NA,NA,NA,NA,NA
2021-03-10 13:00:00,NA,NA,NA,NA,NA,NA,NA,NA,NA,NA,NA,NA,NA,NA,NA,NA,NA,NA,NA,NA,NA,NA,NA,NA
2021-03-10 14:00:00,NA,NA,NA,NA,NA,NA,NA,NA,NA,NA,NA,NA,NA,NA,NA,NA,NA,NA,NA,NA,NA,NA,NA,NA
2021-03-10 15:00:00,NA,NA,NA,NA,NA,NA,NA,NA,NA,NA,NA,NA,NA,NA,NA,NA,NA,NA,NA,NA,NA,NA,NA,NA
2021-03-10 16:00:00,NA,NA,NA,NA,NA,NA,NA,NA,NA,NA,NA,NA,NA,NA,NA,NA,NA,NA,NA,NA,NA,NA,NA,NA
2021-03-10 17:00:00,NA,NA,NA,NA,NA,NA,NA,NA,NA,NA,NA,NA,NA,NA,NA,NA,NA,NA,NA,NA,NA,NA,NA,NA
2021-03-10 18:00:00,NA,NA,NA,NA,NA,NA,NA,NA,NA,NA,NA,NA,NA,NA,NA,NA,NA,NA,NA,NA,NA,NA,NA,NA
2021-03-10 19:00:00,NA,NA,NA,NA,NA,NA,NA,NA,NA,NA,NA,NA,NA,NA,NA,NA,NA,NA,NA,NA,NA,NA,NA,NA
2021-03-10 20:00:00,NA,NA,NA,NA,NA,NA,NA,NA,NA,NA,NA,NA,NA,NA,NA,NA,NA,NA,NA,NA,NA,NA,NA,NA
2021-03-10 21:00:00,NA,NA,NA,NA,NA,NA,NA,NA,NA,NA,NA,NA,NA,NA,NA,NA,NA,NA,NA,NA,NA,NA,NA,NA
2021-03-10 22:00:00,NA,NA,NA,NA,NA,NA,NA,NA,NA,NA,NA,NA,NA,NA,NA,NA,NA,NA,NA,NA,NA,NA,NA,NA
2021-03-10 23:00:00,NA,NA,NA,NA,NA,NA,NA,NA,NA,NA,NA,NA,NA,NA,NA,NA,NA,NA,NA,NA,NA,NA,NA,NA
2021-03-11 00:00:00,NA,NA,NA,NA,NA,NA,NA,NA,NA,NA,NA,NA,NA,NA,NA,NA,NA,NA,NA,NA,NA,NA,NA,NA
2021-03-11 01:00:00,NA,NA,NA,NA,NA,NA,NA,NA,NA,NA,NA,NA,NA,NA,NA,NA,NA,NA,NA,NA,NA,NA,NA,NA
2021-03-11 02:00:00,NA,NA,NA,NA,NA,NA,NA,NA,NA,NA,NA,NA,NA,NA,NA,NA,NA,NA,NA,NA,NA,NA,NA,NA
2021-03-11 03:00:00,NA,NA,NA,NA,NA,NA,NA,NA,NA,NA,NA,NA,NA,NA,NA,NA,NA,NA,NA,NA,NA,NA,NA,NA
2021-03-11 04:00:00,NA,NA,NA,NA,NA,NA,NA,NA,NA,NA,NA,NA,NA,NA,NA,NA,NA,NA,NA,NA,NA,NA,NA,NA
2021-03-11 05:00:00,NA,NA,NA,NA,NA,NA,NA,NA,NA,NA,NA,NA,NA,NA,NA,NA,NA,NA,NA,NA,NA,NA,NA,NA
2021-03-11 06:00:00,NA,NA,NA,NA,NA,NA,NA,NA,NA,NA,NA,NA,NA,NA,NA,NA,NA,NA,NA,NA,NA,NA,NA,NA
2021-03-11 07:00:00,NA,NA,NA,NA,NA,NA,NA,NA,NA,NA,NA,NA,NA,NA,NA,NA,NA,NA,NA,NA,NA,NA,NA,NA
2021-03-11 08:00:00,NA,NA,NA,NA,NA,NA,NA,NA,NA,NA,NA,NA,NA,NA,NA,NA,NA,NA,NA,NA,NA,NA,NA,NA
2021-03-11 09:00:00,NA,NA,NA,NA,NA,NA,NA,NA,NA,NA,NA,NA,NA,NA,NA,NA,NA,NA,NA,NA,NA,NA,NA,NA
2021-03-11 10:00:00,NA,NA,NA,NA,NA,NA,NA,NA,NA,NA,NA,NA,NA,NA,NA,NA,NA,NA,NA,NA,NA,NA,NA,NA
2021-03-11 11:00:00,NA,NA,NA,NA,NA,NA,NA,NA,NA,NA,NA,NA,NA,NA,NA,NA,NA,NA,NA,NA,NA,NA,NA,NA
2021-03-11 12:00:00,NA,NA,NA,NA,NA,NA,NA,NA,NA,NA,NA,NA,NA,NA,NA,NA,NA,NA,NA,NA,NA,NA,NA,NA
2021-03-11 13:00:00,NA,NA,NA,NA,NA,NA,NA,NA,NA,NA,NA,NA,NA,NA,NA,NA,NA,NA,NA,NA,NA,NA,NA,NA
2021-03-11 14:00:00,NA,NA,NA,NA,NA,NA,NA,NA,NA,NA,NA,NA,NA,NA,NA,NA,NA,NA,NA,NA,NA,NA,NA,NA
2021-03-11 15:00:00,NA,NA,NA,NA,NA,NA,NA,NA,NA,NA,NA,NA,NA,NA,NA,NA,NA,NA,NA,NA,NA,NA,NA,NA
2021-03-11 16:00:00,NA,NA,NA,NA,NA,NA,NA,NA,NA,NA,NA,NA,NA,NA,NA,NA,NA,NA,NA,NA,NA,NA,NA,NA
2021-03-11 17:00:00,NA,NA,NA,NA,NA,NA,NA,NA,NA,NA,NA,NA,NA,NA,NA,NA,NA,NA,NA,NA,NA,NA,NA,NA
2021-03-11 18:00:00,NA,NA,NA,NA,NA,NA,NA,NA,NA,NA,NA,NA,NA,NA,NA,NA,NA,NA,NA,NA,NA,NA,NA,NA
2021-03-11 19:00:00,NA,NA,NA,NA,NA,NA,NA,NA,NA,NA,NA,NA,NA,NA,NA,NA,NA,NA,NA,NA,NA,NA,NA,NA
2021-03-11 20:00:00,NA,NA,NA,NA,NA,NA,NA,NA,NA,NA,NA,NA,NA,NA,NA,NA,NA,NA,NA,NA,NA,NA,NA,NA
2021-03-11 21:00:00,NA,NA,NA,NA,NA,NA,NA,NA,NA,NA,NA,NA,NA,NA,NA,NA,NA,NA,NA,NA,NA,NA,NA,NA
2021-03-11 22:00:00,NA,NA,NA,NA,NA,NA,NA,NA,NA,NA,NA,NA,NA,NA,NA,NA,NA,NA,NA,NA,NA,NA,NA,NA
2021-03-11 23:00:00,NA,NA,NA,NA,NA,NA,NA,NA,NA,NA,NA,NA,NA,NA,NA,NA,NA,NA,NA,NA,NA,NA,NA,NA
2021-03-12 00:00:00,NA,NA,NA,NA,NA,NA,NA,NA,NA,NA,NA,NA,NA,NA,NA,NA,NA,NA,NA,NA,NA,NA,NA,NA
2021-03-12 01:00:00,NA,NA,NA,NA,NA,NA,NA,NA,NA,NA,NA,NA,NA,NA,NA,NA,NA,NA,NA,NA,NA,NA,NA,NA
2021-03-12 02:00:00,NA,NA,NA,NA,NA,NA,NA,NA,NA,NA,NA,NA,NA,NA,NA,NA,NA,NA,NA,NA,NA,NA,NA,NA
2021-03-12 03:00:00,NA,NA,NA,NA,NA,NA,NA,NA,NA,NA,NA,NA,NA,NA,NA,NA,NA,NA,NA,NA,NA,NA,NA,NA
2021-03-12 04:00:00,NA,NA,NA,NA,NA,NA,NA,NA,NA,NA,NA,NA,NA,NA,NA,NA,NA,NA,NA,NA,NA,NA,NA,NA
2021-03-12 05:00:00,NA,NA,NA,NA,NA,NA,NA,NA,NA,NA,NA,NA,NA,NA,NA,NA,NA,NA,NA,NA,NA,NA,NA,NA
2021-03-12 06:00:00,NA,NA,NA,NA,NA,NA,NA,NA,NA,NA,NA,NA,NA,NA,NA,NA,NA,NA,NA,NA,NA,NA,NA,NA
2021-03-12 07:00:00,NA,NA,NA,NA,NA,NA,NA,NA,NA,NA,NA,NA,NA,NA,NA,NA,NA,NA,NA,NA,NA,NA,NA,NA
2021-03-12 08:00:00,NA,NA,NA,NA,NA,NA,NA,NA,NA,NA,NA,NA,NA,NA,NA,NA,NA,NA,NA,NA,NA,NA,NA,NA
2021-03-12 09:00:00,NA,NA,NA,NA,NA,NA,NA,NA,NA,NA,NA,NA,NA,NA,NA,NA,NA,NA,NA,NA,NA,NA,NA,NA
2021-03-12 10:00:00,NA,NA,NA,NA,NA,NA,NA,NA,NA,NA,NA,NA,NA,NA,NA,NA,NA,NA,NA,NA,NA,NA,NA,NA
2021-03-12 11:00:00,NA,NA,NA,NA,NA,NA,NA,NA,NA,NA,NA,NA,NA,NA,NA,NA,NA,NA,NA,NA,NA,NA,NA,NA
2021-03-12 12:00:00,NA,NA,NA,NA,NA,NA,NA,NA,NA,NA,NA,NA,NA,NA,NA,NA,NA,NA,NA,NA,NA,NA,NA,NA
2021-03-12 13:00:00,NA,NA,NA,NA,NA,NA,NA,NA,NA,NA,NA,NA,NA,NA,NA,NA,NA,NA,NA,NA,NA,NA,NA,NA
2021-03-12 14:00:00,NA,NA,NA,NA,NA,NA,NA,NA,NA,NA,NA,NA,NA,NA,NA,NA,NA,NA,NA,NA,NA,NA,NA,NA
2021-03-12 15:00:00,NA,NA,NA,NA,NA,NA,NA,NA,NA,NA,NA,NA,NA,NA,NA,NA,NA,NA,NA,NA,NA,NA,NA,NA
2021-03-12 16:00:00,NA,NA,NA,NA,NA,NA,NA,NA,NA,NA,NA,NA,NA,NA,NA,NA,NA,NA,NA,NA,NA,NA,NA,NA
2021-03-12 17:00:00,NA,NA,NA,NA,NA,NA,NA,NA,NA,NA,NA,NA,NA,NA,NA,NA,NA,NA,NA,NA,NA,NA,NA,NA
2021-03-12 18:00:00,NA,NA,NA,NA,NA,NA,NA,NA,NA,NA,NA,NA,NA,NA,NA,NA,NA,NA,NA,NA,NA,NA,NA,NA
2021-03-12 19:00:00,NA,NA,NA,NA,NA,NA,NA,NA,NA,NA,NA,NA,NA,NA,NA,NA,NA,NA,NA,NA,NA,NA,NA,NA
2021-03-12 20:00:00,NA,NA,NA,NA,NA,NA,NA,NA,NA,NA,NA,NA,NA,NA,NA,NA,NA,NA,NA,NA,NA,NA,NA,NA
2021-03-12 21:00:00,NA,NA,NA,NA,NA,NA,NA,NA,NA,NA,NA,NA,NA,NA,NA,NA,NA,NA,NA,NA,NA,NA,NA,NA
2021-03-12 22:00:00,NA,NA,NA,NA,NA,NA,NA,NA,NA,NA,NA,NA,NA,NA,NA,NA,NA,NA,NA,NA,NA,NA,NA,NA
2021-03-12 23:00:00,NA,NA,NA,NA,NA,NA,NA,NA,NA,NA,NA,NA,NA,NA,NA,NA,NA,NA,NA,NA,NA,NA,NA,NA
2021-03-13 00:00:00,NA,NA,NA,NA,NA,NA,NA,NA,NA,NA,NA,NA,NA,NA,NA,NA,NA,NA,NA,NA,NA,NA,NA,NA
2021-03-13 01:00:00,NA,NA,NA,NA,NA,NA,NA,NA,NA,NA,NA,NA,NA,NA,NA,NA,NA,NA,NA,NA,NA,NA,NA,NA
2021-03-13 02:00:00,NA,NA,NA,NA,NA,NA,NA,NA,NA,NA,NA,NA,NA,NA,NA,NA,NA,NA,NA,NA,NA,NA,NA,NA
2021-03-13 03:00:00,NA,NA,NA,NA,NA,NA,NA,NA,NA,NA,NA,NA,NA,NA,NA,NA,NA,NA,NA,NA,NA,NA,NA,NA
2021-03-13 04:00:00,NA,NA,NA,NA,NA,NA,NA,NA,NA,NA,NA,NA,NA,NA,NA,NA,NA,NA,NA,NA,NA,NA,NA,NA
2021-03-13 05:00:00,NA,NA,NA,NA,NA,NA,NA,NA,NA,NA,NA,NA,NA,NA,NA,NA,NA,NA,NA,NA,NA,NA,NA,NA
2021-03-13 06:00:00,NA,NA,NA,NA,NA,NA,NA,NA,NA,NA,NA,NA,NA,NA,NA,NA,NA,NA,NA,NA,NA,NA,NA,NA
2021-03-13 07:00:00,NA,NA,NA,NA,NA,NA,NA,NA,NA,NA,NA,NA,NA,NA,NA,NA,NA,NA,NA,NA,NA,NA,NA,NA
2021-03-13 08:00:00,NA,NA,NA,NA,NA,NA,NA,NA,NA,NA,NA,NA,NA,NA,NA,NA,NA,NA,NA,NA,NA,NA,NA,NA
2021-03-13 09:00:00,NA,NA,NA,NA,NA,NA,NA,NA,NA,NA,NA,NA,NA,NA,NA,NA,NA,NA,NA,NA,NA,NA,NA,NA
2021-03-13 10:00:00,NA,NA,NA,NA,NA,NA,NA,NA,NA,NA,NA,NA,NA,NA,NA,NA,NA,NA,NA,NA,NA,NA,NA,NA
2021-03-13 11:00:00,NA,NA,NA,NA,NA,NA,NA,NA,NA,NA,NA,NA,NA,NA,NA,NA,NA,NA,NA,NA,NA,NA,NA,NA
2021-03-13 12:00:00,NA,NA,NA,NA,NA,NA,NA,NA,NA,NA,NA,NA,NA,NA,NA,NA,NA,NA,NA,NA,NA,NA,NA,NA
2021-03-13 13:00:00,NA,NA,NA,NA,NA,NA,NA,NA,NA,NA,NA,NA,NA,NA,NA,NA,NA,NA,NA,NA,NA,NA,NA,NA
2021-03-13 14:00:00,NA,NA,NA,NA,NA,NA,NA,NA,NA,NA,NA,NA,NA,NA,NA,NA,NA,NA,NA,NA,NA,NA,NA,NA
2021-03-13 15:00:00,NA,NA,NA,NA,NA,NA,NA,NA,NA,NA,NA,NA,NA,NA,NA,NA,NA,NA,NA,NA,NA,NA,NA,NA
2021-03-13 16:00:00,NA,NA,NA,NA,NA,NA,NA,NA,NA,NA,NA,NA,NA,NA,NA,NA,NA,NA,NA,NA,NA,NA,NA,NA
2021-03-13 17:00:00,NA,NA,NA,NA,NA,NA,NA,NA,NA,NA,NA,NA,NA,NA,NA,NA,NA,NA,NA,NA,NA,NA,NA,NA
2021-03-13 18:00:00,NA,NA,NA,NA,NA,NA,NA,NA,NA,NA,NA,NA,NA,NA,NA,NA,NA,NA,NA,NA,NA,NA,NA,NA
2021-03-13 19:00:00,NA,NA,NA,NA,NA,NA,NA,NA,NA,NA,NA,NA,NA,NA,NA,NA,NA,NA,NA,NA,NA,NA,NA,NA
2021-03-13 20:00:00,NA,NA,NA,NA,NA,NA,NA,NA,NA,NA,NA,NA,NA,NA,NA,NA,NA,NA,NA,NA,NA,NA,NA,NA
2021-03-13 21:00:00,NA,NA,NA,NA,NA,NA,NA,NA,NA,NA,NA,NA,NA,NA,NA,NA,NA,NA,NA,NA,NA,NA,NA,NA
2021-03-13 22:00:00,NA,NA,NA,NA,NA,NA,NA,NA,NA,NA,NA,NA,NA,NA,NA,NA,NA,NA,NA,NA,NA,NA,NA,NA
2021-03-13 23:00:00,NA,NA,NA,NA,NA,NA,NA,NA,NA,NA,NA,NA,NA,NA,NA,NA,NA,NA,NA,NA,NA,NA,NA,NA
2021-03-14 00:00:00,NA,NA,NA,NA,NA,NA,NA,NA,NA,NA,NA,NA,NA,NA,NA,NA,NA,NA,NA,NA,NA,NA,NA,NA
2021-03-14 01:00:00,NA,NA,NA,NA,NA,NA,NA,NA,NA,NA,NA,NA,NA,NA,NA,NA,NA,NA,NA,NA,NA,NA,NA,NA
2021-03-14 02:00:00,NA,NA,NA,NA,NA,NA,NA,NA,NA,NA,NA,NA,NA,NA,NA,NA,NA,NA,NA,NA,NA,NA,NA,NA
2021-03-14 03:00:00,NA,NA,NA,NA,NA,NA,NA,NA,NA,NA,NA,NA,NA,NA,NA,NA,NA,NA,NA,NA,NA,NA,NA,NA
2021-03-14 04:00:00,NA,NA,NA,NA,NA,NA,NA,NA,NA,NA,NA,NA,NA,NA,NA,NA,NA,NA,NA,NA,NA,NA,NA,NA
2021-03-14 05:00:00,NA,NA,NA,NA,NA,NA,NA,NA,NA,NA,NA,NA,NA,NA,NA,NA,NA,NA,NA,NA,NA,NA,NA,NA
2021-03-14 06:00:00,NA,NA,NA,NA,NA,NA,NA,NA,NA,NA,NA,NA,NA,NA,NA,NA,NA,NA,NA,NA,NA,NA,NA,NA
2021-03-14 07:00:00,NA,NA,NA,NA,NA,NA,NA,NA,NA,NA,NA,NA,NA,NA,NA,NA,NA,NA,NA,NA,NA,NA,NA,NA
2021-03-14 08:00:00,NA,NA,NA,NA,NA,NA,NA,NA,NA,NA,NA,NA,NA,NA,NA,NA,NA,NA,NA,NA,NA,NA,NA,NA
2021-03-14 09:00:00,NA,NA,NA,NA,NA,NA,NA,NA,NA,NA,NA,NA,NA,NA,NA,NA,NA,NA,NA,NA,NA,NA,NA,NA
2021-03-14 10:00:00,NA,NA,NA,NA,NA,NA,NA,NA,NA,NA,NA,NA,NA,NA,NA,NA,NA,NA,NA,NA,NA,NA,NA,NA
2021-03-14 11:00:00,NA,NA,NA,NA,NA,NA,NA,NA,NA,NA,NA,NA,NA,NA,NA,NA,NA,NA,NA,NA,NA,NA,NA,NA
2021-03-14 12:00:00,NA,NA,NA,NA,NA,NA,NA,NA,NA,NA,NA,NA,NA,NA,NA,NA,NA,NA,NA,NA,NA,NA,NA,NA
2021-03-14 13:00:00,NA,NA,NA,NA,NA,NA,NA,NA,NA,NA,NA,NA,NA,NA,NA,NA,NA,NA,NA,NA,NA,NA,NA,NA
2021-03-14 14:00:00,NA,NA,NA,NA,NA,NA,NA,NA,NA,NA,NA,NA,NA,NA,NA,NA,NA,NA,NA,NA,NA,NA,NA,NA
2021-03-14 15:00:00,NA,NA,NA,NA,NA,NA,NA,NA,NA,NA,NA,NA,NA,NA,NA,NA,NA,NA,NA,NA,NA,NA,NA,NA
2021-03-14 16:00:00,NA,NA,NA,NA,NA,NA,NA,NA,NA,NA,NA,NA,NA,NA,NA,NA,NA,NA,NA,NA,NA,NA,NA,NA
2021-03-14 17:00:00,NA,NA,NA,NA,NA,NA,NA,NA,NA,NA,NA,NA,NA,NA,NA,NA,NA,NA,NA,NA,NA,NA,NA,NA
2021-03-14 18:00:00,NA,NA,NA,NA,NA,NA,NA,NA,NA,NA,NA,NA,NA,NA,NA,NA,NA,NA,NA,NA,NA,NA,NA,NA
2021-03-14 19:00:00,NA,NA,NA,NA,NA,NA,NA,NA,NA,NA,NA,NA,NA,NA,NA,NA,NA,NA,NA,NA,NA,NA,NA,NA
2021-03-14 20:00:00,NA,NA,NA,NA,NA,NA,NA,NA,NA,NA,NA,NA,NA,NA,NA,NA,NA,NA,NA,NA,NA,NA,NA,NA
2021-03-14 21:00:00,NA,NA,NA,NA,NA,NA,NA,NA,NA,NA,NA,NA,NA,NA,NA,NA,NA,NA,NA,NA,NA,NA,NA,NA
2021-03-14 22:00:00,NA,NA,NA,NA,NA,NA,NA,NA,NA,NA,NA,NA,NA,NA,NA,NA,NA,NA,NA,NA,NA,NA,NA,NA
2021-03-14 23:00:00,NA,NA,NA,NA,NA,NA,NA,NA,NA,NA,NA,NA,NA,NA,NA,NA,NA,NA,NA,NA,NA,NA,NA,NA
2021-03-15 00:00:00,NA,NA,NA,NA,NA,NA,NA,NA,NA,NA,NA,NA,NA,NA,NA,NA,NA,NA,NA,NA,NA,NA,NA,NA
2021-03-15 01:00:00,NA,NA,NA,NA,NA,NA,NA,NA,NA,NA,NA,NA,NA,NA,NA,NA,NA,NA,NA,NA,NA,NA,NA,NA
2021-03-15 02:00:00,NA,NA,NA,NA,NA,NA,NA,NA,NA,NA,NA,NA,NA,NA,NA,NA,NA,NA,NA,NA,NA,NA,NA,NA
2021-03-15 03:00:00,NA,NA,NA,NA,NA,NA,NA,NA,NA,NA,NA,NA,NA,NA,NA,NA,NA,NA,NA,NA,NA,NA,NA,NA
2021-03-15 04:00:00,NA,NA,NA,NA,NA,NA,NA,NA,NA,NA,NA,NA,NA,NA,NA,NA,NA,NA,NA,NA,NA,NA,NA,NA
2021-03-15 05:00:00,NA,NA,NA,NA,NA,NA,NA,NA,NA,NA,NA,NA,NA,NA,NA,NA,NA,NA,NA,NA,NA,NA,NA,NA
2021-03-15 06:00:00,NA,NA,NA,NA,NA,NA,NA,NA,NA,NA,NA,NA,NA,NA,NA,NA,NA,NA,NA,NA,NA,NA,NA,NA
2021-03-15 07:00:00,NA,NA,NA,NA,NA,NA,NA,NA,NA,NA,NA,NA,NA,NA,NA,NA,NA,NA,NA,NA,NA,NA,NA,NA
2021-03-15 08:00:00,NA,NA,NA,NA,NA,NA,NA,NA,NA,NA,NA,NA,NA,NA,NA,NA,NA,NA,NA,NA,NA,NA,NA,NA
2021-03-15 09:00:00,NA,NA,NA,NA,NA,NA,NA,NA,NA,NA,NA,NA,NA,NA,NA,NA,NA,NA,NA,NA,NA,NA,NA,NA
2021-03-15 10:00:00,NA,NA,NA,NA,NA,NA,NA,NA,NA,NA,NA,NA,NA,NA,NA,NA,NA,NA,NA,NA,NA,NA,NA,NA
2021-03-15 11:00:00,NA,NA,NA,NA,NA,NA,NA,NA,NA,NA,NA,NA,NA,NA,NA,NA,NA,NA,NA,NA,NA,NA,NA,NA
2021-03-15 12:00:00,NA,NA,NA,NA,NA,NA,NA,NA,NA,NA,NA,NA,NA,NA,NA,NA,NA,NA,NA,NA,NA,NA,NA,NA
2021-03-15 13:00:00,NA,NA,NA,NA,NA,NA,NA,NA,NA,NA,NA,NA,NA,NA,NA,NA,NA,NA,NA,NA,NA,NA,NA,NA
2021-03-15 14:00:00,NA,NA,NA,NA,NA,NA,NA,NA,NA,NA,NA,NA,NA,NA,NA,NA,NA,NA,NA,NA,NA,NA,NA,NA
2021-03-15 15:00:00,NA,NA,NA,NA,NA,NA,NA,NA,NA,NA,NA,NA,NA,NA,NA,NA,NA,NA,NA,NA,NA,NA,NA,NA
2021-03-15 16:00:00,NA,NA,NA,NA,NA,NA,NA,NA,NA,NA,NA,NA,NA,NA,NA,NA,NA,NA,NA,NA,NA,NA,NA,NA
2021-03-15 17:00:00,NA,NA,NA,NA,NA,NA,NA,NA,NA,NA,NA,NA,NA,NA,NA,NA,NA,NA,NA,NA,NA,NA,NA,NA
2021-03-15 18:00:00,NA,NA,NA,NA,NA,NA,NA,NA,NA,NA,NA,NA,NA,NA,NA,NA,NA,NA,NA,NA,NA,NA,NA,NA
2021-03-15 19:00:00,NA,NA,NA,NA,NA,NA,NA,NA,NA,NA,NA,NA,NA,NA,NA,NA,NA,NA,NA,NA,NA,NA,NA,NA
2021-03-15 20:00:00,NA,NA,NA,NA,NA,NA,NA,NA,NA,NA,NA,NA,NA,NA,NA,NA,NA,NA,NA,NA,NA,NA,NA,NA
2021-03-15 21:00:00,NA,NA,NA,NA,NA,NA,NA,NA,NA,NA,NA,NA,NA,NA,NA,NA,NA,NA,NA,NA,NA,NA,NA,NA
2021-03-15 22:00:00,NA,NA,NA,NA,NA,NA,NA,NA,NA,NA,NA,NA,NA,NA,NA,NA,NA,NA,NA,NA,NA,NA,NA,NA
2021-03-15 23:00:00,NA,NA,NA,NA,NA,NA,NA,NA,NA,NA,NA,NA,NA,NA,NA,NA,NA,NA,NA,NA,NA,NA,NA,NA
2021-03-16 00:00:00,NA,NA,NA,NA,NA,NA,NA,NA,NA,NA,NA,NA,NA,NA,NA,NA,NA,NA,NA,NA,NA,NA,NA,NA
2021-03-16 01:00:00,NA,NA,NA,NA,NA,NA,NA,NA,NA,NA,NA,NA,NA,NA,NA,NA,NA,NA,NA,NA,NA,NA,NA,NA
2021-03-16 02:00:00,NA,NA,NA,NA,NA,NA,NA,NA,NA,NA,NA,NA,NA,NA,NA,NA,NA,NA,NA,NA,NA,NA,NA,NA
2021-03-16 03:00:00,NA,NA,NA,NA,NA,NA,NA,NA,NA,NA,NA,NA,NA,NA,NA,NA,NA,NA,NA,NA,NA,NA,NA,NA
2021-03-16 04:00:00,NA,NA,NA,NA,NA,NA,NA,NA,NA,NA,NA,NA,NA,NA,NA,NA,NA,NA,NA,NA,NA,NA,NA,NA
2021-03-16 05:00:00,NA,NA,NA,NA,NA,NA,NA,NA,NA,NA,NA,NA,NA,NA,NA,NA,NA,NA,NA,NA,NA,NA,NA,NA
2021-03-16 06:00:00,NA,NA,NA,NA,NA,NA,NA,NA,NA,NA,NA,NA,NA,NA,NA,NA,NA,NA,NA,NA,NA,NA,NA,NA
2021-03-16 07:00:00,NA,NA,NA,NA,NA,NA,NA,NA,NA,NA,NA,NA,NA,NA,NA,NA,NA,NA,NA,NA,NA,NA,NA,NA
2021-03-16 08:00:00,NA,NA,NA,NA,NA,NA,NA,NA,NA,NA,NA,NA,NA,NA,NA,NA,NA,NA,NA,NA,NA,NA,NA,NA
2021-03-16 09:00:00,NA,NA,NA,NA,NA,NA,NA,NA,NA,NA,NA,NA,NA,NA,NA,NA,NA,NA,NA,NA,NA,NA,NA,NA
2021-03-16 10:00:00,NA,NA,NA,NA,NA,NA,NA,NA,NA,NA,NA,NA,NA,NA,NA,NA,NA,NA,NA,NA,NA,NA,NA,NA
2021-03-16 11:00:00,NA,NA,NA,NA,NA,NA,NA,NA,NA,NA,NA,NA,NA,NA,NA,NA,NA,NA,NA,NA,NA,NA,NA,NA
2021-03-16 12:00:00,NA,NA,NA,NA,NA,NA,NA,NA,NA,NA,NA,NA,NA,NA,NA,NA,NA,NA,NA,NA,NA,NA,NA,NA
2021-03-16 13:00:00,NA,NA,NA,NA,NA,NA,NA,NA,NA,NA,NA,NA,NA,NA,NA,NA,NA,NA,NA,NA,NA,NA,NA,NA
2021-03-16 14:00:00,NA,NA,NA,NA,NA,NA,NA,NA,NA,NA,NA,NA,NA,NA,NA,NA,NA,NA,NA,NA,NA,NA,NA,NA
2021-03-16 15:00:00,NA,NA,NA,NA,NA,NA,NA,NA,NA,NA,NA,NA,NA,NA,NA,NA,NA,NA,NA,NA,NA,NA,NA,NA
2021-03-16 16:00:00,NA,NA,NA,NA,NA,NA,NA,NA,NA,NA,NA,NA,NA,NA,NA,NA,NA,NA,NA,NA,NA,NA,NA,NA
2021-03-16 17:00:00,NA,NA,NA,NA,NA,NA,NA,NA,NA,NA,NA,NA,NA,NA,NA,NA,NA,NA,NA,NA,NA,NA,NA,NA
2021-03-16 18:00:00,NA,NA,NA,NA,NA,NA,NA,NA,NA,NA,NA,NA,NA,NA,NA,NA,NA,NA,NA,NA,NA,NA,NA,NA
2021-03-16 19:00:00,NA,NA,NA,NA,NA,NA,NA,NA,NA,NA,NA,NA,NA,NA,NA,NA,NA,NA,NA,NA,NA,NA,NA,NA
2021-03-16 20:00:00,NA,NA,NA,NA,NA,NA,NA,NA,NA,NA,NA,NA,NA,NA,NA,NA,NA,NA,NA,NA,NA,NA,NA,NA
2021-03-16 21:00:00,NA,NA,NA,NA,NA,NA,NA,NA,NA,NA,NA,NA,NA,NA,NA,NA,NA,NA,NA,NA,NA,NA,NA,NA
2021-03-16 22:00:00,NA,NA,NA,NA,NA,NA,NA,NA,NA,NA,NA,NA,NA,NA,NA,NA,NA,NA,NA,NA,NA,NA,NA,NA
2021-03-16 23:00:00,NA,NA,NA,NA,NA,NA,NA,NA,NA,NA,NA,NA,NA,NA,NA,NA,NA,NA,NA,NA,NA,NA,NA,NA
2021-03-17 00:00:00,NA,NA,NA,NA,NA,NA,NA,NA,NA,NA,NA,NA,NA,NA,NA,NA,NA,NA,NA,NA,NA,NA,NA,NA
2021-03-17 01:00:00,NA,NA,NA,NA,NA,NA,NA,NA,NA,NA,NA,NA,NA,NA,NA,NA,NA,NA,NA,NA,NA,NA,NA,NA
2021-03-17 02:00:00,NA,NA,NA,NA,NA,NA,NA,NA,NA,NA,NA,NA,NA,NA,NA,NA,NA,NA,NA,NA,NA,NA,NA,NA
2021-03-17 03:00:00,NA,NA,NA,NA,NA,NA,NA,NA,NA,NA,NA,NA,NA,NA,NA,NA,NA,NA,NA,NA,NA,NA,NA,NA
2021-03-17 04:00:00,NA,NA,NA,NA,NA,NA,NA,NA,NA,NA,NA,NA,NA,NA,NA,NA,NA,NA,NA,NA,NA,NA,NA,NA
2021-03-17 05:00:00,NA,NA,NA,NA,NA,NA,NA,NA,NA,NA,NA,NA,NA,NA,NA,NA,NA,NA,NA,NA,NA,NA,NA,NA
2021-03-17 06:00:00,NA,NA,NA,NA,NA,NA,NA,NA,NA,NA,NA,NA,NA,NA,NA,NA,NA,NA,NA,NA,NA,NA,NA,NA
2021-03-17 07:00:00,NA,NA,NA,NA,NA,NA,NA,NA,NA,NA,NA,NA,NA,NA,NA,NA,NA,NA,NA,NA,NA,NA,NA,NA
2021-03-17 08:00:00,NA,NA,NA,NA,NA,NA,NA,NA,NA,NA,NA,NA,NA,NA,NA,NA,NA,NA,NA,NA,NA,NA,NA,NA
2021-03-17 09:00:00,NA,NA,NA,NA,NA,NA,NA,NA,NA,NA,NA,NA,NA,NA,NA,NA,NA,NA,NA,NA,NA,NA,NA,NA
2021-03-17 10:00:00,NA,NA,NA,NA,NA,NA,NA,NA,NA,NA,NA,NA,NA,NA,NA,NA,NA,NA,NA,NA,NA,NA,NA,NA
2021-03-17 11:00:00,NA,NA,NA,NA,NA,NA,NA,NA,NA,NA,NA,NA,NA,NA,NA,NA,NA,NA,NA,NA,NA,NA,NA,NA
2021-03-17 12:00:00,NA,NA,NA,NA,NA,NA,NA,NA,NA,NA,NA,NA,NA,NA,NA,NA,NA,NA,NA,NA,NA,NA,NA,NA
2021-03-17 13:00:00,NA,NA,NA,NA,NA,NA,NA,NA,NA,NA,NA,NA,NA,NA,NA,NA,NA,NA,NA,NA,NA,NA,NA,NA
2021-03-17 14:00:00,NA,NA,NA,NA,NA,NA,NA,NA,NA,NA,NA,NA,NA,NA,NA,NA,NA,NA,NA,NA,NA,NA,NA,NA
2021-03-17 15:00:00,NA,NA,NA,NA,NA,NA,NA,NA,NA,NA,NA,NA,NA,NA,NA,NA,NA,NA,NA,NA,NA,NA,NA,NA
2021-03-17 16:00:00,NA,NA,NA,NA,NA,NA,NA,NA,NA,NA,NA,NA,NA,NA,NA,NA,NA,NA,NA,NA,NA,NA,NA,NA
2021-03-17 17:00:00,NA,NA,NA,NA,NA,NA,NA,NA,NA,NA,NA,NA,NA,NA,NA,NA,NA,NA,NA,NA,NA,NA,NA,NA
2021-03-17 18:00:00,NA,NA,NA,NA,NA,NA,NA,NA,NA,NA,NA,NA,NA,NA,NA,NA,NA,NA,NA,NA,NA,NA,NA,NA
2021-03-17 19:00:00,NA,NA,NA,NA,NA,NA,NA,NA,NA,NA,NA,NA,NA,NA,NA,NA,NA,NA,NA,NA,NA,NA,NA,NA
2021-03-17 20:00:00,NA,NA,NA,NA,NA,NA,NA,NA,NA,NA,NA,NA,NA,NA,NA,NA,NA,NA,NA,NA,NA,NA,NA,NA
2021-03-17 21:00:00,NA,NA,NA,NA,NA,NA,NA,NA,NA,NA,NA,NA,NA,NA,NA,NA,NA,NA,NA,NA,NA,NA,NA,NA
2021-03-17 22:00:00,NA,NA,NA,NA,NA,NA,NA,NA,NA,NA,NA,NA,NA,NA,NA,NA,NA,NA,NA,NA,NA,NA,NA,NA
2021-03-17 23:00:00,NA,NA,NA,NA,NA,NA,NA,NA,NA,NA,NA,NA,NA,NA,NA,NA,NA,NA,NA,NA,NA,NA,NA,NA
2021-03-18 00:00:00,NA,NA,NA,NA,NA,NA,NA,NA,NA,NA,NA,NA,NA,NA,NA,NA,NA,NA,NA,NA,NA,NA,NA,NA
2021-03-18 01:00:00,NA,NA,NA,NA,NA,NA,NA,NA,NA,NA,NA,NA,NA,NA,NA,NA,NA,NA,NA,NA,NA,NA,NA,NA
2021-03-18 02:00:00,NA,NA,NA,NA,NA,NA,NA,NA,NA,NA,NA,NA,NA,NA,NA,NA,NA,NA,NA,NA,NA,NA,NA,NA
2021-03-18 03:00:00,NA,NA,NA,NA,NA,NA,NA,NA,NA,NA,NA,NA,NA,NA,NA,NA,NA,NA,NA,NA,NA,NA,NA,NA
2021-03-18 04:00:00,NA,NA,NA,NA,NA,NA,NA,NA,NA,NA,NA,NA,NA,NA,NA,NA,NA,NA,NA,NA,NA,NA,NA,NA
2021-03-18 05:00:00,NA,NA,NA,NA,NA,NA,NA,NA,NA,NA,NA,NA,NA,NA,NA,NA,NA,NA,NA,NA,NA,NA,NA,NA
2021-03-18 06:00:00,NA,NA,NA,NA,NA,NA,NA,NA,NA,NA,NA,NA,NA,NA,NA,NA,NA,NA,NA,NA,NA,NA,NA,NA
2021-03-18 07:00:00,NA,NA,NA,NA,NA,NA,NA,NA,NA,NA,NA,NA,NA,NA,NA,NA,NA,NA,NA,NA,NA,NA,NA,NA
2021-03-18 08:00:00,NA,NA,NA,NA,NA,NA,NA,NA,NA,NA,NA,NA,NA,NA,NA,NA,NA,NA,NA,NA,NA,NA,NA,NA
2021-03-18 09:00:00,NA,NA,NA,NA,NA,NA,NA,NA,NA,NA,NA,NA,NA,NA,NA,NA,NA,NA,NA,NA,NA,NA,NA,NA
2021-03-18 10:00:00,NA,NA,NA,NA,NA,NA,NA,NA,NA,NA,NA,NA,NA,NA,NA,NA,NA,NA,NA,NA,NA,NA,NA,NA
2021-03-18 11:00:00,NA,NA,NA,NA,NA,NA,NA,NA,NA,NA,NA,NA,NA,NA,NA,NA,NA,NA,NA,NA,NA,NA,NA,NA
2021-03-18 12:00:00,NA,NA,NA,NA,NA,NA,NA,NA,NA,NA,NA,NA,NA,NA,NA,NA,NA,NA,NA,NA,NA,NA,NA,NA
2021-03-18 13:00:00,NA,NA,NA,NA,NA,NA,NA,NA,NA,NA,NA,NA,NA,NA,NA,NA,NA,NA,NA,NA,NA,NA,NA,NA
2021-03-18 14:00:00,NA,NA,NA,NA,NA,NA,NA,NA,NA,NA,NA,NA,NA,NA,NA,NA,NA,NA,NA,NA,NA,NA,NA,NA
2021-03-18 15:00:00,NA,NA,NA,NA,NA,NA,NA,NA,NA,NA,NA,NA,NA,NA,NA,NA,NA,NA,NA,NA,NA,NA,NA,NA
2021-03-18 16:00:00,NA,NA,NA,NA,NA,NA,NA,NA,NA,NA,NA,NA,NA,NA,NA,NA,NA,NA,NA,NA,NA,NA,NA,NA
2021-03-18 17:00:00,NA,NA,NA,NA,NA,NA,NA,NA,NA,NA,NA,NA,NA,NA,NA,NA,NA,NA,NA,NA,NA,NA,NA,NA
2021-03-18 18:00:00,NA,NA,NA,NA,NA,NA,NA,NA,NA,NA,NA,NA,NA,NA,NA,NA,NA,NA,NA,NA,NA,NA,NA,NA
2021-03-18 19:00:00,NA,NA,NA,NA,NA,NA,NA,NA,NA,NA,NA,NA,NA,NA,NA,NA,NA,NA,NA,NA,NA,NA,NA,NA
2021-03-18 20:00:00,NA,NA,NA,NA,NA,NA,NA,NA,NA,NA,NA,NA,NA,NA,NA,NA,NA,NA,NA,NA,NA,NA,NA,NA
2021-03-18 21:00:00,NA,NA,NA,NA,NA,NA,NA,NA,NA,NA,NA,NA,NA,NA,NA,NA,NA,NA,NA,NA,NA,NA,NA,NA
2021-03-18 22:00:00,NA,NA,NA,NA,NA,NA,NA,NA,NA,NA,NA,NA,NA,NA,NA,NA,NA,NA,NA,NA,NA,NA,NA,NA
2021-03-18 23:00:00,NA,NA,NA,NA,NA,NA,NA,NA,NA,NA,NA,NA,NA,NA,NA,NA,NA,NA,NA,NA,NA,NA,NA,NA
2021-03-19 00:00:00,NA,NA,NA,NA,NA,NA,NA,NA,NA,NA,NA,NA,NA,NA,NA,NA,NA,NA,NA,NA,NA,NA,NA,NA
2021-03-19 01:00:00,NA,NA,NA,NA,NA,NA,NA,NA,NA,NA,NA,NA,NA,NA,NA,NA,NA,NA,NA,NA,NA,NA,NA,NA
2021-03-19 02:00:00,NA,NA,NA,NA,NA,NA,NA,NA,NA,NA,NA,NA,NA,NA,NA,NA,NA,NA,NA,NA,NA,NA,NA,NA
2021-03-19 03:00:00,NA,NA,NA,NA,NA,NA,NA,NA,NA,NA,NA,NA,NA,NA,NA,NA,NA,NA,NA,NA,NA,NA,NA,NA
2021-03-19 04:00:00,NA,NA,NA,NA,NA,NA,NA,NA,NA,NA,NA,NA,NA,NA,NA,NA,NA,NA,NA,NA,NA,NA,NA,NA
2021-03-19 05:00:00,NA,NA,NA,NA,NA,NA,NA,NA,NA,NA,NA,NA,NA,NA,NA,NA,NA,NA,NA,NA,NA,NA,NA,NA
2021-03-19 06:00:00,NA,NA,NA,NA,NA,NA,NA,NA,NA,NA,NA,NA,NA,NA,NA,NA,NA,NA,NA,NA,NA,NA,NA,NA
2021-03-19 07:00:00,NA,NA,NA,NA,NA,NA,NA,NA,NA,NA,NA,NA,NA,NA,NA,NA,NA,NA,NA,NA,NA,NA,NA,NA
2021-03-19 08:00:00,NA,NA,NA,NA,NA,NA,NA,NA,NA,NA,NA,NA,NA,NA,NA,NA,NA,NA,NA,NA,NA,NA,NA,NA
2021-03-19 09:00:00,NA,NA,NA,NA,NA,NA,NA,NA,NA,NA,NA,NA,NA,NA,NA,NA,NA,NA,NA,NA,NA,NA,NA,NA
2021-03-19 10:00:00,NA,NA,NA,NA,NA,NA,NA,NA,NA,NA,NA,NA,NA,NA,NA,NA,NA,NA,NA,NA,NA,NA,NA,NA
2021-03-19 11:00:00,NA,NA,NA,NA,NA,NA,NA,NA,NA,NA,NA,NA,NA,NA,NA,NA,NA,NA,NA,NA,NA,NA,NA,NA
2021-03-19 12:00:00,NA,NA,NA,NA,NA,NA,NA,NA,NA,NA,NA,NA,NA,NA,NA,NA,NA,NA,NA,NA,NA,NA,NA,NA
2021-03-19 13:00:00,NA,NA,NA,NA,NA,NA,NA,NA,NA,NA,NA,NA,NA,NA,NA,NA,NA,NA,NA,NA,NA,NA,NA,NA
2021-03-19 14:00:00,NA,NA,NA,NA,NA,NA,NA,NA,NA,NA,NA,NA,NA,NA,NA,NA,NA,NA,NA,NA,NA,NA,NA,NA
2021-03-19 15:00:00,NA,NA,NA,NA,NA,NA,NA,NA,NA,NA,NA,NA,NA,NA,NA,NA,NA,NA,NA,NA,NA,NA,NA,NA
2021-03-19 16:00:00,NA,NA,NA,NA,NA,NA,NA,NA,NA,NA,NA,NA,NA,NA,NA,NA,NA,NA,NA,NA,NA,NA,NA,NA
2021-03-19 17:00:00,NA,NA,NA,NA,NA,NA,NA,NA,NA,NA,NA,NA,NA,NA,NA,NA,NA,NA,NA,NA,NA,NA,NA,NA
2021-03-19 18:00:00,NA,NA,NA,NA,NA,NA,NA,NA,NA,NA,NA,NA,NA,NA,NA,NA,NA,NA,NA,NA,NA,NA,NA,NA
2021-03-19 19:00:00,NA,NA,NA,NA,NA,NA,NA,NA,NA,NA,NA,NA,NA,NA,NA,NA,NA,NA,NA,NA,NA,NA,NA,NA
2021-03-19 20:00:00,NA,NA,NA,NA,NA,NA,NA,NA,NA,NA,NA,NA,NA,NA,NA,NA,NA,NA,NA,NA,NA,NA,NA,NA
2021-03-19 21:00:00,NA,NA,NA,NA,NA,NA,NA,NA,NA,NA,NA,NA,NA,NA,NA,NA,NA,NA,NA,NA,NA,NA,NA,NA
2021-03-19 22:00:00,NA,NA,NA,NA,NA,NA,NA,NA,NA,NA,NA,NA,NA,NA,NA,NA,NA,NA,NA,NA,NA,NA,NA,NA
2021-03-19 23:00:00,NA,NA,NA,NA,NA,NA,NA,NA,NA,NA,NA,NA,NA,NA,NA,NA,NA,NA,NA,NA,NA,NA,NA,NA
2021-03-20 00:00:00,NA,NA,NA,NA,NA,NA,NA,NA,NA,NA,NA,NA,NA,NA,NA,NA,NA,NA,NA,NA,NA,NA,NA,NA
2021-03-20 01:00:00,NA,NA,NA,NA,NA,NA,NA,NA,NA,NA,NA,NA,NA,NA,NA,NA,NA,NA,NA,NA,NA,NA,NA,NA
2021-03-20 02:00:00,NA,NA,NA,NA,NA,NA,NA,NA,NA,NA,NA,NA,NA,NA,NA,NA,NA,NA,NA,NA,NA,NA,NA,NA
2021-03-20 03:00:00,NA,NA,NA,NA,NA,NA,NA,NA,NA,NA,NA,NA,NA,NA,NA,NA,NA,NA,NA,NA,NA,NA,NA,NA
2021-03-20 04:00:00,NA,NA,NA,NA,NA,NA,NA,NA,NA,NA,NA,NA,NA,NA,NA,NA,NA,NA,NA,NA,NA,NA,NA,NA
2021-03-20 05:00:00,NA,NA,NA,NA,NA,NA,NA,NA,NA,NA,NA,NA,NA,NA,NA,NA,NA,NA,NA,NA,NA,NA,NA,NA
2021-03-20 06:00:00,NA,NA,NA,NA,NA,NA,NA,NA,NA,NA,NA,NA,NA,NA,NA,NA,NA,NA,NA,NA,NA,NA,NA,NA
2021-03-20 07:00:00,NA,NA,NA,NA,NA,NA,NA,NA,NA,NA,NA,NA,NA,NA,NA,NA,NA,NA,NA,NA,NA,NA,NA,NA
2021-03-20 08:00:00,NA,NA,NA,NA,NA,NA,NA,NA,NA,NA,NA,NA,NA,NA,NA,NA,NA,NA,NA,NA,NA,NA,NA,NA
2021-03-20 09:00:00,NA,NA,NA,NA,NA,NA,NA,NA,NA,NA,NA,NA,NA,NA,NA,NA,NA,NA,NA,NA,NA,NA,NA,NA
2021-03-20 10:00:00,NA,NA,NA,NA,NA,NA,NA,NA,NA,NA,NA,NA,NA,NA,NA,NA,NA,NA,NA,NA,NA,NA,NA,NA
2021-03-20 11:00:00,NA,NA,NA,NA,NA,NA,NA,NA,NA,NA,NA,NA,NA,NA,NA,NA,NA,NA,NA,NA,NA,NA,NA,NA
2021-03-20 12:00:00,NA,NA,NA,NA,NA,NA,NA,NA,NA,NA,NA,NA,NA,NA,NA,NA,NA,NA,NA,NA,NA,NA,NA,NA
2021-03-20 13:00:00,NA,NA,NA,NA,NA,NA,NA,NA,NA,NA,NA,NA,NA,NA,NA,NA,NA,NA,NA,NA,NA,NA,NA,NA
2021-03-20 14:00:00,NA,NA,NA,NA,NA,NA,NA,NA,NA,NA,NA,NA,NA,NA,NA,NA,NA,NA,NA,NA,NA,NA,NA,NA
2021-03-20 15:00:00,NA,NA,NA,NA,NA,NA,NA,NA,NA,NA,NA,NA,NA,NA,NA,NA,NA,NA,NA,NA,NA,NA,NA,NA
2021-03-20 16:00:00,NA,NA,NA,NA,NA,NA,NA,NA,NA,NA,NA,NA,NA,NA,NA,NA,NA,NA,NA,NA,NA,NA,NA,NA
2021-03-20 17:00:00,NA,NA,NA,NA,NA,NA,NA,NA,NA,NA,NA,NA,NA,NA,NA,NA,NA,NA,NA,NA,NA,NA,NA,NA
2021-03-20 18:00:00,NA,NA,NA,NA,NA,NA,NA,NA,NA,NA,NA,NA,NA,NA,NA,NA,NA,NA,NA,NA,NA,NA,NA,NA
2021-03-20 19:00:00,NA,NA,NA,NA,NA,NA,NA,NA,NA,NA,NA,NA,NA,NA,NA,NA,NA,NA,NA,NA,NA,NA,NA,NA
2021-03-20 20:00:00,NA,NA,NA,NA,NA,NA,NA,NA,NA,NA,NA,NA,NA,NA,NA,NA,NA,NA,NA,NA,NA,NA,NA,NA
2021-03-20 21:00:00,NA,NA,NA,NA,NA,NA,NA,NA,NA,NA,NA,NA,NA,NA,NA,NA,NA,NA,NA,NA,NA,NA,NA,NA
2021-03-20 22:00:00,NA,NA,NA,NA,NA,NA,NA,NA,NA,NA,NA,NA,NA,NA,NA,NA,NA,NA,NA,NA,NA,NA,NA,NA
2021-03-20 23:00:00,NA,NA,NA,NA,NA,NA,NA,NA,NA,NA,NA,NA,NA,NA,NA,NA,NA,NA,NA,NA,NA,NA,NA,NA
2021-03-21 00:00:00,NA,NA,NA,NA,NA,NA,NA,NA,NA,NA,NA,NA,NA,NA,NA,NA,NA,NA,NA,NA,NA,NA,NA,NA
2021-03-21 01:00:00,NA,NA,NA,NA,NA,NA,NA,NA,NA,NA,NA,NA,NA,NA,NA,NA,NA,NA,NA,NA,NA,NA,NA,NA
2021-03-21 02:00:00,NA,NA,NA,NA,NA,NA,NA,NA,NA,NA,NA,NA,NA,NA,NA,NA,NA,NA,NA,NA,NA,NA,NA,NA
2021-03-21 03:00:00,NA,NA,NA,NA,NA,NA,NA,NA,NA,NA,NA,NA,NA,NA,NA,NA,NA,NA,NA,NA,NA,NA,NA,NA
2021-03-21 04:00:00,NA,NA,NA,NA,NA,NA,NA,NA,NA,NA,NA,NA,NA,NA,NA,NA,NA,NA,NA,NA,NA,NA,NA,NA
2021-03-21 05:00:00,NA,NA,NA,NA,NA,NA,NA,NA,NA,NA,NA,NA,NA,NA,NA,NA,NA,NA,NA,NA,NA,NA,NA,NA
2021-03-21 06:00:00,NA,NA,NA,NA,NA,NA,NA,NA,NA,NA,NA,NA,NA,NA,NA,NA,NA,NA,NA,NA,NA,NA,NA,NA
2021-03-21 07:00:00,NA,NA,NA,NA,NA,NA,NA,NA,NA,NA,NA,NA,NA,NA,NA,NA,NA,NA,NA,NA,NA,NA,NA,NA
2021-03-21 08:00:00,NA,NA,NA,NA,NA,NA,NA,NA,NA,NA,NA,NA,NA,NA,NA,NA,NA,NA,NA,NA,NA,NA,NA,NA
2021-03-21 09:00:00,NA,NA,NA,NA,NA,NA,NA,NA,NA,NA,NA,NA,NA,NA,NA,NA,NA,NA,NA,NA,NA,NA,NA,NA
2021-03-21 10:00:00,NA,NA,NA,NA,NA,NA,NA,NA,NA,NA,NA,NA,NA,NA,NA,NA,NA,NA,NA,NA,NA,NA,NA,NA
2021-03-21 11:00:00,NA,NA,NA,NA,NA,NA,NA,NA,NA,NA,NA,NA,NA,NA,NA,NA,NA,NA,NA,NA,NA,NA,NA,NA
2021-03-21 12:00:00,NA,NA,NA,NA,NA,NA,NA,NA,NA,NA,NA,NA,NA,NA,NA,NA,NA,NA,NA,NA,NA,NA,NA,NA
2021-03-21 13:00:00,NA,NA,NA,NA,NA,NA,NA,NA,NA,NA,NA,NA,NA,NA,NA,NA,NA,NA,NA,NA,NA,NA,NA,NA
2021-03-21 14:00:00,NA,NA,NA,NA,NA,NA,NA,NA,NA,NA,NA,NA,NA,NA,NA,NA,NA,NA,NA,NA,NA,NA,NA,NA
2021-03-21 15:00:00,NA,NA,NA,NA,NA,NA,NA,NA,NA,NA,NA,NA,NA,NA,NA,NA,NA,NA,NA,NA,NA,NA,NA,NA
2021-03-21 16:00:00,NA,NA,NA,NA,NA,NA,NA,NA,NA,NA,NA,NA,NA,NA,NA,NA,NA,NA,NA,NA,NA,NA,NA,NA
2021-03-21 17:00:00,NA,NA,NA,NA,NA,NA,NA,NA,NA,NA,NA,NA,NA,NA,NA,NA,NA,NA,NA,NA,NA,NA,NA,NA
2021-03-21 18:00:00,NA,NA,NA,NA,NA,NA,NA,NA,NA,NA,NA,NA,NA,NA,NA,NA,NA,NA,NA,NA,NA,NA,NA,NA
2021-03-21 19:00:00,NA,NA,NA,NA,NA,NA,NA,NA,NA,NA,NA,NA,NA,NA,NA,NA,NA,NA,NA,NA,NA,NA,NA,NA
2021-03-21 20:00:00,NA,NA,NA,NA,NA,NA,NA,NA,NA,NA,NA,NA,NA,NA,NA,NA,NA,NA,NA,NA,NA,NA,NA,NA
2021-03-21 21:00:00,NA,NA,NA,NA,NA,NA,NA,NA,NA,NA,NA,NA,NA,NA,NA,NA,NA,NA,NA,NA,NA,NA,NA,NA
2021-03-21 22:00:00,NA,NA,NA,NA,NA,NA,NA,NA,NA,NA,NA,NA,NA,NA,NA,NA,NA,NA,NA,NA,NA,NA,NA,NA
2021-03-21 23:00:00,NA,NA,NA,NA,NA,NA,NA,NA,NA,NA,NA,NA,NA,NA,NA,NA,NA,NA,NA,NA,NA,NA,NA,NA
2021-03-22 00:00:00,NA,NA,NA,NA,NA,NA,NA,NA,NA,NA,NA,NA,NA,NA,NA,NA,NA,NA,NA,NA,NA,NA,NA,NA
2021-03-22 01:00:00,NA,NA,NA,NA,NA,NA,NA,NA,NA,NA,NA,NA,NA,NA,NA,NA,NA,NA,NA,NA,NA,NA,NA,NA
2021-03-22 02:00:00,NA,NA,NA,NA,NA,NA,NA,NA,NA,NA,NA,NA,NA,NA,NA,NA,NA,NA,NA,NA,NA,NA,NA,NA
2021-03-22 03:00:00,NA,NA,NA,NA,NA,NA,NA,NA,NA,NA,NA,NA,NA,NA,NA,NA,NA,NA,NA,NA,NA,NA,NA,NA
2021-03-22 04:00:00,NA,NA,NA,NA,NA,NA,NA,NA,NA,NA,NA,NA,NA,NA,NA,NA,NA,NA,NA,NA,NA,NA,NA,NA
2021-03-22 05:00:00,NA,NA,NA,NA,NA,NA,NA,NA,NA,NA,NA,NA,NA,NA,NA,NA,NA,NA,NA,NA,NA,NA,NA,NA
2021-03-22 06:00:00,NA,NA,NA,NA,NA,NA,NA,NA,NA,NA,NA,NA,NA,NA,NA,NA,NA,NA,NA,NA,NA,NA,NA,NA
2021-03-22 07:00:00,NA,NA,NA,NA,NA,NA,NA,NA,NA,NA,NA,NA,NA,NA,NA,NA,NA,NA,NA,NA,NA,NA,NA,NA
2021-03-22 08:00:00,NA,NA,NA,NA,NA,NA,NA,NA,NA,NA,NA,NA,NA,NA,NA,NA,NA,NA,NA,NA,NA,NA,NA,NA
2021-03-22 09:00:00,NA,NA,NA,NA,NA,NA,NA,NA,NA,NA,NA,NA,NA,NA,NA,NA,NA,NA,NA,NA,NA,NA,NA,NA
2021-03-22 10:00:00,NA,NA,NA,NA,NA,NA,NA,NA,NA,NA,NA,NA,NA,NA,NA,NA,NA,NA,NA,NA,NA,NA,NA,NA
2021-03-22 11:00:00,NA,NA,NA,NA,NA,NA,NA,NA,NA,NA,NA,NA,NA,NA,NA,NA,NA,NA,NA,NA,NA,NA,NA,NA
2021-03-22 12:00:00,NA,NA,NA,NA,NA,NA,NA,NA,NA,NA,NA,NA,NA,NA,NA,NA,NA,NA,NA,NA,NA,NA,NA,NA
2021-03-22 13:00:00,NA,97.00,12.08,22.24,34.31,NA,7.89,2.69,NA,NA,NA,NA,NA,NA,NA,NA,NA,NA,NA,NA,NA,NA,NA,NA
2021-03-22 14:00:00,NA,96.93,14.70,22.73,37.43,NA,6.82,2.91,NA,NA,NA,NA,NA,NA,NA,NA,NA,NA,NA,NA,NA,NA,NA,NA
2021-03-22 15:00:00,NA,97.05,14.12,23.58,37.70,NA,6.78,2.88,NA,NA,NA,NA,NA,NA,NA,NA,NA,NA,NA,NA,NA,NA,NA,NA
2021-03-22 16:00:00,NA,96.85,13.24,22.94,36.18,NA,6.78,2.84,NA,NA,NA,NA,NA,NA,NA,NA,NA,NA,NA,NA,NA,NA,NA,NA
2021-03-22 17:00:00,NA,97.03,12.36,22.24,34.61,NA,6.93,3.50,NA,NA,NA,NA,NA,NA,NA,NA,NA,NA,NA,NA,NA,NA,NA,NA
2021-03-22 18:00:00,NA,96.91,12.64,22.17,34.80,NA,6.93,4.12,NA,NA,NA,NA,NA,NA,NA,NA,NA,NA,NA,NA,NA,NA,NA,NA
2021-03-22 19:00:00,NA,96.96,14.28,22.90,37.18,NA,7.91,4.43,NA,NA,NA,NA,NA,NA,NA,NA,NA,NA,NA,NA,NA,NA,NA,NA
2021-03-22 20:00:00,NA,96.95,15.28,22.80,38.07,NA,7.96,4.69,NA,NA,NA,NA,NA,NA,NA,NA,NA,NA,NA,NA,NA,NA,NA,NA
2021-03-22 21:00:00,NA,97.03,15.43,25.14,40.56,NA,7.79,3.74,NA,NA,NA,NA,NA,NA,NA,NA,NA,NA,NA,NA,NA,NA,NA,NA
2021-03-22 22:00:00,NA,97.20,13.28,22.34,35.62,NA,7.94,3.24,NA,NA,NA,NA,NA,NA,NA,NA,NA,NA,NA,NA,NA,NA,NA,NA
2021-03-22 23:00:00,NA,96.90,12.07,21.68,33.68,NA,7.92,2.74,NA,NA,NA,NA,NA,NA,NA,NA,NA,NA,NA,NA,NA,NA,NA,NA
2021-03-23 00:00:00,NA,96.96,13.30,21.99,35.29,NA,8.98,2.56,NA,NA,NA,NA,NA,NA,NA,NA,NA,NA,NA,NA,NA,NA,NA,NA
2021-03-23 01:00:00,NA,97.00,15.63,22.88,38.52,NA,9.07,1.10,NA,NA,NA,NA,NA,NA,NA,NA,NA,NA,NA,NA,NA,NA,NA,NA
2021-03-23 02:00:00,NA,96.92,23.10,26.35,49.44,NA,9.17,0.60,NA,NA,NA,NA,NA,NA,NA,NA,NA,NA,NA,NA,NA,NA,NA,NA
2021-03-23 03:00:00,NA,97.04,10.30,22.01,31.08,NA,9.21,0.58,NA,NA,NA,NA,NA,NA,NA,NA,NA,NA,NA,NA,NA,NA,NA,NA
2021-03-23 04:00:00,NA,96.87,12.84,22.01,34.86,NA,8.97,1.18,NA,NA,NA,NA,NA,NA,NA,NA,NA,NA,NA,NA,NA,NA,NA,NA
2021-03-23 05:00:00,NA,96.94,12.06,22.76,34.82,NA,9.13,1.77,NA,NA,NA,NA,NA,NA,NA,NA,NA,NA,NA,NA,NA,NA,NA,NA
2021-03-23 06:00:00,NA,96.87,11.60,21.94,33.36,NA,9.02,2.16,NA,NA,NA,NA,NA,NA,NA,NA,NA,NA,NA,NA,NA,NA,NA,NA
2021-03-23 07:00:00,NA,96.94,13.10,22.05,35.07,NA,9.15,2.95,NA,NA,NA,NA,NA,NA,NA,NA,NA,NA,NA,NA,NA,NA,NA,NA
2021-03-23 08:00:00,NA,97.01,12.11,22.61,34.72,NA,9.01,2.88,NA,NA,NA,NA,NA,NA,NA,NA,NA,NA,NA,NA,NA,NA,NA,NA
2021-03-23 09:00:00,NA,97.10,11.41,22.33,33.67,NA,8.98,3.34,NA,NA,NA,NA,NA,NA,NA,NA,NA,NA,NA,NA,NA,NA,NA,NA
2021-03-23 10:00:00,NA,97.16,12.93,NA,NA,NA,6.53,0.81,NA,NA,NA,NA,NA,NA,NA,NA,NA,NA,NA,NA,NA,NA,NA,NA
2021-03-23 11:00:00,NA,NA,NA,NA,0.00,NA,NA,0.00,NA,NA,NA,NA,NA,NA,NA,NA,NA,NA,NA,NA,NA,NA,NA,NA
2021-03-23 12:00:00,NA,NA,NA,NA,0.00,NA,NA,0.00,NA,NA,NA,NA,NA,NA,NA,NA,NA,NA,NA,NA,NA,NA,NA,NA
2021-03-23 13:00:00,NA,NA,NA,NA,0.00,NA,NA,0.00,NA,NA,NA,NA,NA,NA,NA,NA,NA,NA,NA,NA,NA,NA,NA,NA
2021-03-23 14:00:00,NA,NA,NA,NA,0.00,NA,NA,0.00,NA,NA,NA,NA,NA,NA,NA,NA,NA,NA,NA,NA,NA,NA,NA,NA
2021-03-23 15:00:00,NA,92.39,13.76,23.38,37.15,NA,8.96,0.30,NA,NA,NA,NA,NA,NA,NA,NA,NA,NA,NA,NA,NA,NA,NA,NA
2021-03-23 16:00:00,NA,88.82,13.76,22.70,36.46,NA,9.16,0.30,NA,NA,NA,NA,NA,NA,NA,NA,NA,NA,NA,NA,NA,NA,NA,NA
2021-03-23 17:00:00,NA,89.68,13.01,22.78,35.79,NA,9.10,0.30,NA,NA,NA,NA,NA,NA,NA,NA,NA,NA,NA,NA,NA,NA,NA,NA
2021-03-23 18:00:00,NA,90.98,14.49,23.78,38.28,NA,9.04,0.52,NA,NA,NA,NA,NA,NA,NA,NA,NA,NA,NA,NA,NA,NA,NA,NA
2021-03-23 19:00:00,NA,91.10,12.06,21.81,33.87,NA,8.93,0.90,NA,NA,NA,NA,NA,NA,NA,NA,NA,NA,NA,NA,NA,NA,NA,NA
2021-03-23 20:00:00,NA,91.17,12.03,22.16,34.19,NA,6.61,0.50,NA,NA,NA,NA,NA,NA,NA,NA,NA,NA,NA,NA,NA,NA,NA,NA
2021-03-23 21:00:00,NA,90.91,12.48,21.08,33.56,NA,6.67,0.30,NA,NA,NA,NA,NA,NA,NA,NA,NA,NA,NA,NA,NA,NA,NA,NA
2021-03-23 22:00:00,NA,91.02,11.19,21.88,33.07,NA,6.62,0.30,NA,NA,NA,NA,NA,NA,NA,NA,NA,NA,NA,NA,NA,NA,NA,NA
2021-03-23 23:00:00,NA,91.24,13.31,22.00,35.31,NA,6.77,0.30,NA,NA,NA,NA,NA,NA,NA,NA,NA,NA,NA,NA,NA,NA,NA,NA
2021-03-24 00:00:00,NA,91.22,12.96,23.24,36.19,NA,6.86,1.06,NA,NA,NA,NA,NA,NA,NA,NA,NA,NA,NA,NA,NA,NA,NA,NA
2021-03-24 01:00:00,NA,91.08,19.63,25.44,44.70,NA,11.03,0.45,NA,NA,NA,NA,NA,NA,NA,NA,NA,NA,NA,NA,NA,NA,NA,NA
2021-03-24 02:00:00,NA,90.96,9.92,20.79,30.54,NA,11.12,0.98,NA,NA,NA,NA,NA,NA,NA,NA,NA,NA,NA,NA,NA,NA,NA,NA
2021-03-24 03:00:00,NA,90.98,14.42,22.86,37.29,NA,10.93,1.35,NA,NA,NA,NA,NA,NA,NA,NA,NA,NA,NA,NA,NA,NA,NA,NA
2021-03-24 04:00:00,NA,91.03,10.07,21.07,31.13,NA,11.06,1.56,NA,NA,NA,NA,NA,NA,NA,NA,NA,NA,NA,NA,NA,NA,NA,NA
2021-03-24 05:00:00,NA,90.92,17.02,23.74,40.75,NA,11.00,1.98,NA,NA,NA,NA,NA,NA,NA,NA,NA,NA,NA,NA,NA,NA,NA,NA
2021-03-24 06:00:00,NA,91.12,11.10,22.11,31.56,NA,9.89,1.98,NA,NA,NA,NA,NA,NA,NA,NA,NA,NA,NA,NA,NA,NA,NA,NA
2021-03-24 07:00:00,NA,91.06,13.58,23.28,36.86,NA,9.73,2.92,NA,NA,NA,NA,NA,NA,NA,NA,NA,NA,NA,NA,NA,NA,NA,NA
2021-03-24 08:00:00,NA,91.01,14.78,23.37,38.14,NA,9.67,3.72,NA,NA,NA,NA,NA,NA,NA,NA,NA,NA,NA,NA,NA,NA,NA,NA
2021-03-24 09:00:00,NA,90.80,10.74,21.39,32.12,NA,9.69,4.09,NA,NA,NA,NA,NA,NA,NA,NA,NA,NA,NA,NA,NA,NA,NA,NA
2021-03-24 10:00:00,NA,91.01,12.68,22.67,34.03,NA,9.53,3.24,NA,NA,NA,NA,NA,NA,NA,NA,NA,NA,NA,NA,NA,NA,NA,NA
2021-03-24 11:00:00,NA,91.02,30.52,27.74,29.14,NA,NA,2.83,NA,NA,NA,NA,NA,NA,NA,NA,NA,NA,NA,NA,NA,NA,NA,NA
2021-03-24 12:00:00,NA,90.91,11.82,21.59,33.42,NA,11.46,2.45,NA,NA,NA,NA,NA,NA,NA,NA,NA,NA,NA,NA,NA,NA,NA,NA
2021-03-24 13:00:00,NA,91.10,15.14,24.00,39.14,NA,12.28,1.95,NA,NA,NA,NA,NA,NA,NA,NA,NA,NA,NA,NA,NA,NA,NA,NA
2021-03-24 14:00:00,NA,90.96,11.29,21.48,32.76,NA,12.28,1.66,NA,NA,NA,NA,NA,NA,NA,NA,NA,NA,NA,NA,NA,NA,NA,NA
2021-03-24 15:00:00,NA,91.01,13.24,22.78,36.01,NA,12.36,1.56,NA,NA,NA,NA,NA,NA,NA,NA,NA,NA,NA,NA,NA,NA,NA,NA
2021-03-24 16:00:00,NA,90.86,15.35,23.74,39.09,NA,10.38,1.81,NA,NA,NA,NA,NA,NA,NA,NA,NA,NA,NA,NA,NA,NA,NA,NA
2021-03-24 17:00:00,NA,90.88,13.58,22.58,36.16,NA,10.25,1.98,NA,NA,NA,NA,NA,NA,NA,NA,NA,NA,NA,NA,NA,NA,NA,NA
2021-03-24 18:00:00,NA,91.07,13.41,21.86,35.26,NA,10.27,2.74,NA,NA,NA,NA,NA,NA,NA,NA,NA,NA,NA,NA,NA,NA,NA,NA
2021-03-24 19:00:00,NA,91.07,12.76,21.72,34.46,NA,10.28,3.77,NA,NA,NA,NA,NA,NA,NA,NA,NA,NA,NA,NA,NA,NA,NA,NA
2021-03-24 20:00:00,NA,91.14,14.64,23.51,38.15,NA,10.15,3.82,NA,NA,NA,NA,NA,NA,NA,NA,NA,NA,NA,NA,NA,NA,NA,NA
2021-03-24 21:00:00,NA,90.95,14.82,23.00,37.83,NA,6.93,3.50,NA,NA,NA,NA,NA,NA,NA,NA,NA,NA,NA,NA,NA,NA,NA,NA
2021-03-24 22:00:00,NA,90.96,13.97,20.92,34.89,NA,7.03,2.20,NA,NA,NA,NA,NA,NA,NA,NA,NA,NA,NA,NA,NA,NA,NA,NA
2021-03-24 23:00:00,NA,91.02,14.41,23.36,37.77,NA,7.23,1.01,NA,NA,NA,NA,NA,NA,NA,NA,NA,NA,NA,NA,NA,NA,NA,NA
2021-03-25 00:00:00,NA,90.90,12.37,22.83,35.09,NA,7.26,1.52,NA,NA,NA,NA,NA,NA,NA,NA,NA,NA,NA,NA,NA,NA,NA,NA
2021-03-25 01:00:00,NA,91.16,13.95,22.42,36.36,NA,7.21,0.00,NA,NA,NA,NA,NA,NA,NA,NA,NA,NA,NA,NA,NA,NA,NA,NA
2021-03-25 02:00:00,NA,90.94,14.40,22.42,36.82,NA,8.03,0.00,NA,NA,NA,NA,NA,NA,NA,NA,NA,NA,NA,NA,NA,NA,NA,NA
2021-03-25 03:00:00,NA,91.15,11.68,22.37,34.06,NA,8.20,0.79,NA,NA,NA,NA,NA,NA,NA,NA,NA,NA,NA,NA,NA,NA,NA,NA
2021-03-25 04:00:00,NA,91.12,14.18,21.78,36.28,NA,8.15,1.71,NA,NA,NA,NA,NA,NA,NA,NA,NA,NA,NA,NA,NA,NA,NA,NA
2021-03-25 05:00:00,NA,90.85,11.74,22.29,34.00,NA,8.26,1.86,NA,NA,NA,NA,NA,NA,NA,NA,NA,NA,NA,NA,NA,NA,NA,NA
2021-03-25 06:00:00,NA,90.98,15.34,22.87,38.22,NA,8.29,2.53,NA,NA,NA,NA,NA,NA,NA,NA,NA,NA,NA,NA,NA,NA,NA,NA
2021-03-25 07:00:00,NA,91.04,14.15,23.06,37.21,NA,7.01,3.35,NA,NA,NA,NA,NA,NA,NA,NA,NA,NA,NA,NA,NA,NA,NA,NA
2021-03-25 08:00:00,NA,90.97,14.15,21.98,36.12,NA,7.02,2.93,NA,NA,NA,NA,NA,NA,NA,NA,NA,NA,NA,NA,NA,NA,NA,NA
2021-03-25 09:00:00,NA,91.17,13.59,22.79,36.38,NA,7.04,2.97,NA,NA,NA,NA,NA,NA,NA,NA,NA,NA,NA,NA,NA,NA,NA,NA
2021-03-25 10:00:00,NA,91.42,14.31,23.48,37.79,NA,6.97,3.03,NA,NA,NA,NA,NA,NA,NA,NA,NA,NA,NA,NA,NA,NA,NA,NA
2021-03-25 11:00:00,NA,91.42,11.42,21.79,33.22,NA,7.02,2.77,NA,NA,NA,NA,NA,NA,NA,NA,NA,NA,NA,NA,NA,NA,NA,NA
2021-03-25 12:00:00,NA,91.38,9.36,20.74,16.09,NA,10.33,0.67,NA,NA,NA,NA,NA,NA,NA,NA,NA,NA,NA,NA,NA,NA,NA,NA
2021-03-25 13:00:00,NA,91.54,17.68,24.26,41.93,NA,10.97,0.00,NA,NA,NA,NA,NA,NA,NA,NA,NA,NA,NA,NA,NA,NA,NA,NA
2021-03-25 14:00:00,NA,91.43,14.28,22.15,36.43,NA,12.58,0.00,NA,NA,NA,NA,NA,NA,NA,NA,NA,NA,NA,NA,NA,NA,NA,NA
2021-03-25 15:00:00,NA,91.48,15.71,23.34,39.04,NA,12.76,0.00,NA,NA,NA,NA,NA,NA,NA,NA,NA,NA,NA,NA,NA,NA,NA,NA
2021-03-25 16:00:00,NA,91.48,12.31,21.52,33.84,NA,12.80,0.00,NA,NA,NA,NA,NA,NA,NA,NA,NA,NA,NA,NA,NA,NA,NA,NA
2021-03-25 17:00:00,NA,91.56,14.43,22.91,37.34,NA,9.28,0.00,NA,NA,NA,NA,NA,NA,NA,NA,NA,NA,NA,NA,NA,NA,NA,NA
2021-03-25 18:00:00,NA,91.63,11.51,23.22,34.74,NA,9.15,0.00,NA,NA,NA,NA,NA,NA,NA,NA,NA,NA,NA,NA,NA,NA,NA,NA
2021-03-25 19:00:00,NA,91.44,12.66,23.08,35.73,NA,9.29,0.00,NA,NA,NA,NA,NA,NA,NA,NA,NA,NA,NA,NA,NA,NA,NA,NA
2021-03-25 20:00:00,NA,91.44,13.84,22.87,36.71,NA,9.11,0.00,NA,NA,NA,NA,NA,NA,NA,NA,NA,NA,NA,NA,NA,NA,NA,NA
2021-03-25 21:00:00,NA,91.44,12.36,22.40,34.76,NA,9.05,0.00,NA,NA,NA,NA,NA,NA,NA,NA,NA,NA,NA,NA,NA,NA,NA,NA
2021-03-25 22:00:00,NA,91.56,11.73,22.18,33.86,NA,12.08,0.00,NA,NA,NA,NA,NA,NA,NA,NA,NA,NA,NA,NA,NA,NA,NA,NA
2021-03-25 23:00:00,NA,91.37,12.93,23.98,36.92,NA,12.11,0.00,NA,NA,NA,NA,NA,NA,NA,NA,NA,NA,NA,NA,NA,NA,NA,NA
2021-03-26 00:00:00,NA,91.44,14.90,23.52,38.42,NA,12.14,0.00,NA,NA,NA,NA,NA,NA,NA,NA,NA,NA,NA,NA,NA,NA,NA,NA
2021-03-26 01:00:00,NA,91.51,13.46,23.05,36.51,NA,12.07,0.00,NA,NA,NA,NA,NA,NA,NA,NA,NA,NA,NA,NA,NA,NA,NA,NA
2021-03-26 02:00:00,NA,91.54,14.60,24.02,38.62,NA,12.23,0.00,NA,NA,NA,NA,NA,NA,NA,NA,NA,NA,NA,NA,NA,NA,NA,NA
2021-03-26 03:00:00,NA,91.45,13.90,23.48,37.38,NA,11.05,0.00,NA,NA,NA,NA,NA,NA,NA,NA,NA,NA,NA,NA,NA,NA,NA,NA
2021-03-26 04:00:00,NA,91.59,13.35,22.75,36.10,NA,11.06,0.00,NA,NA,NA,NA,NA,NA,NA,NA,NA,NA,NA,NA,NA,NA,NA,NA
2021-03-26 05:00:00,NA,91.45,11.86,22.44,34.30,NA,10.79,0.00,NA,NA,NA,NA,NA,NA,NA,NA,NA,NA,NA,NA,NA,NA,NA,NA
2021-03-26 06:00:00,NA,91.62,11.13,21.84,32.97,NA,10.96,0.00,NA,NA,NA,NA,NA,NA,NA,NA,NA,NA,NA,NA,NA,NA,NA,NA
2021-03-26 07:00:00,NA,91.48,15.83,23.39,39.22,NA,10.90,0.00,NA,NA,NA,NA,NA,NA,NA,NA,NA,NA,NA,NA,NA,NA,NA,NA
2021-03-26 08:00:00,NA,91.46,12.00,22.26,34.25,NA,9.19,0.00,NA,NA,NA,NA,NA,NA,NA,NA,NA,NA,NA,NA,NA,NA,NA,NA
2021-03-26 09:00:00,NA,91.42,14.37,22.25,36.62,NA,9.26,0.00,NA,NA,NA,NA,NA,NA,NA,NA,NA,NA,NA,NA,NA,NA,NA,NA
2021-03-26 10:00:00,NA,91.32,5.40,20.07,25.34,NA,8.83,0.00,NA,NA,NA,NA,NA,NA,NA,NA,NA,NA,NA,NA,NA,NA,NA,NA
2021-03-26 11:00:00,NA,91.56,19.96,24.50,44.47,NA,8.90,0.00,NA,NA,NA,NA,NA,NA,NA,NA,NA,NA,NA,NA,NA,NA,NA,NA
2021-03-26 12:00:00,NA,91.53,12.65,22.01,35.46,NA,9.07,0.00,NA,NA,NA,NA,NA,NA,NA,NA,NA,NA,NA,NA,NA,NA,NA,NA
2021-03-26 13:00:00,NA,91.43,42.01,29.74,35.88,NA,NA,0.00,NA,NA,NA,NA,NA,NA,NA,NA,NA,NA,NA,NA,NA,NA,NA,NA
2021-03-26 14:00:00,NA,91.46,7.34,20.09,26.75,NA,9.95,0.00,NA,NA,NA,NA,NA,NA,NA,NA,NA,NA,NA,NA,NA,NA,NA,NA
2021-03-26 15:00:00,NA,91.41,11.59,22.03,33.62,NA,11.12,0.00,NA,NA,NA,NA,NA,NA,NA,NA,NA,NA,NA,NA,NA,NA,NA,NA
2021-03-26 16:00:00,NA,91.53,10.22,20.48,30.52,NA,11.21,0.00,NA,NA,NA,NA,NA,NA,NA,NA,NA,NA,NA,NA,NA,NA,NA,NA
2021-03-26 17:00:00,NA,91.46,13.76,22.63,36.39,NA,11.18,0.00,NA,NA,NA,NA,NA,NA,NA,NA,NA,NA,NA,NA,NA,NA,NA,NA
2021-03-26 18:00:00,NA,91.50,15.02,22.37,37.39,NA,9.40,0.00,NA,NA,NA,NA,NA,NA,NA,NA,NA,NA,NA,NA,NA,NA,NA,NA
2021-03-26 19:00:00,NA,91.51,12.37,20.90,33.28,NA,9.34,0.00,NA,NA,NA,NA,NA,NA,NA,NA,NA,NA,NA,NA,NA,NA,NA,NA
2021-03-26 20:00:00,NA,91.37,12.32,22.14,34.46,NA,9.27,0.00,NA,NA,NA,NA,NA,NA,NA,NA,NA,NA,NA,NA,NA,NA,NA,NA
2021-03-26 21:00:00,NA,91.40,11.53,22.60,34.05,NA,9.38,0.00,NA,NA,NA,NA,NA,NA,NA,NA,NA,NA,NA,NA,NA,NA,NA,NA
2021-03-26 22:00:00,NA,91.39,14.83,22.76,37.60,NA,9.33,0.00,NA,NA,NA,NA,NA,NA,NA,NA,NA,NA,NA,NA,NA,NA,NA,NA
2021-03-26 23:00:00,NA,91.50,13.88,22.94,36.83,NA,9.18,0.00,NA,NA,NA,NA,NA,NA,NA,NA,NA,NA,NA,NA,NA,NA,NA,NA
2021-03-27 00:00:00,NA,91.49,10.14,21.69,31.82,NA,9.15,0.00,NA,NA,NA,NA,NA,NA,NA,NA,NA,NA,NA,NA,NA,NA,NA,NA
2021-03-27 01:00:00,NA,91.60,14.55,23.86,38.41,NA,8.98,0.00,NA,NA,NA,NA,NA,NA,NA,NA,NA,NA,NA,NA,NA,NA,NA,NA
2021-03-27 02:00:00,NA,91.41,13.76,22.51,36.28,NA,9.00,0.00,NA,NA,NA,NA,NA,NA,NA,NA,NA,NA,NA,NA,NA,NA,NA,NA
2021-03-27 03:00:00,NA,91.30,13.55,23.12,36.65,NA,9.02,0.00,NA,NA,NA,NA,NA,NA,NA,NA,NA,NA,NA,NA,NA,NA,NA,NA
2021-03-27 04:00:00,NA,91.62,16.00,23.01,39.02,NA,7.46,0.00,NA,NA,NA,NA,NA,NA,NA,NA,NA,NA,NA,NA,NA,NA,NA,NA
2021-03-27 05:00:00,NA,91.68,14.62,24.42,29.37,NA,7.29,0.00,NA,NA,NA,NA,NA,NA,NA,NA,NA,NA,NA,NA,NA,NA,NA,NA
2021-03-27 06:00:00,NA,91.44,13.67,22.74,36.26,NA,7.22,0.00,NA,NA,NA,NA,NA,NA,NA,NA,NA,NA,NA,NA,NA,NA,NA,NA
2021-03-27 07:00:00,NA,91.44,13.51,22.53,35.84,NA,7.28,0.00,NA,NA,NA,NA,NA,NA,NA,NA,NA,NA,NA,NA,NA,NA,NA,NA
2021-03-27 08:00:00,NA,91.54,13.64,23.21,36.85,NA,7.36,0.00,NA,NA,NA,NA,NA,NA,NA,NA,NA,NA,NA,NA,NA,NA,NA,NA
2021-03-27 09:00:00,NA,91.41,14.38,23.29,37.67,NA,8.06,0.00,NA,NA,NA,NA,NA,NA,NA,NA,NA,NA,NA,NA,NA,NA,NA,NA
2021-03-27 10:00:00,NA,91.49,15.20,22.66,37.86,NA,8.12,0.00,NA,NA,NA,NA,NA,NA,NA,NA,NA,NA,NA,NA,NA,NA,NA,NA
2021-03-27 11:00:00,NA,91.52,9.66,22.44,32.08,NA,8.16,0.00,NA,NA,NA,NA,NA,NA,NA,NA,NA,NA,NA,NA,NA,NA,NA,NA
2021-03-27 12:00:00,NA,91.44,18.51,23.52,42.04,NA,8.18,0.00,NA,NA,NA,NA,NA,NA,NA,NA,NA,NA,NA,NA,NA,NA,NA,NA
2021-03-27 13:00:00,NA,91.45,12.37,22.63,35.00,NA,8.19,0.00,NA,NA,NA,NA,NA,NA,NA,NA,NA,NA,NA,NA,NA,NA,NA,NA
2021-03-27 14:00:00,NA,91.54,12.37,21.62,33.99,NA,10.86,0.00,NA,NA,NA,NA,NA,NA,NA,NA,NA,NA,NA,NA,NA,NA,NA,NA
2021-03-27 15:00:00,NA,91.51,12.94,21.89,34.81,NA,10.85,0.00,NA,NA,NA,NA,NA,NA,NA,NA,NA,NA,NA,NA,NA,NA,NA,NA
2021-03-27 16:00:00,NA,91.65,13.54,22.22,35.76,NA,10.98,0.00,NA,NA,NA,NA,NA,NA,NA,NA,NA,NA,NA,NA,NA,NA,NA,NA
2021-03-27 17:00:00,NA,91.42,13.59,22.98,36.56,NA,10.74,0.00,NA,NA,NA,NA,NA,NA,NA,NA,NA,NA,NA,NA,NA,NA,NA,NA
2021-03-27 18:00:00,NA,91.48,13.27,21.91,35.18,NA,10.89,0.00,NA,NA,NA,NA,NA,NA,NA,NA,NA,NA,NA,NA,NA,NA,NA,NA
2021-03-27 19:00:00,NA,91.37,14.83,24.00,38.84,NA,8.33,0.00,NA,NA,NA,NA,NA,NA,NA,NA,NA,NA,NA,NA,NA,NA,NA,NA
2021-03-27 20:00:00,NA,91.48,16.09,23.54,39.63,NA,8.46,0.00,NA,NA,NA,NA,NA,NA,NA,NA,NA,NA,NA,NA,NA,NA,NA,NA
2021-03-27 21:00:00,NA,91.54,15.02,22.88,37.90,NA,8.23,0.00,NA,NA,NA,NA,NA,NA,NA,NA,NA,NA,NA,NA,NA,NA,NA,NA
2021-03-27 22:00:00,NA,91.41,15.86,24.03,39.90,NA,8.33,0.00,NA,NA,NA,NA,NA,NA,NA,NA,NA,NA,NA,NA,NA,NA,NA,NA
2021-03-27 23:00:00,NA,91.44,13.65,23.15,36.80,NA,8.32,0.00,NA,NA,NA,NA,NA,NA,NA,NA,NA,NA,NA,NA,NA,NA,NA,NA
2021-03-28 00:00:00,NA,91.53,12.51,22.92,35.44,NA,9.09,0.00,NA,NA,NA,NA,NA,NA,NA,NA,NA,NA,NA,NA,NA,NA,NA,NA
2021-03-28 01:00:00,NA,91.60,13.96,23.00,36.97,NA,9.07,0.00,NA,NA,NA,NA,NA,NA,NA,NA,NA,NA,NA,NA,NA,NA,NA,NA
2021-03-28 02:00:00,NA,91.49,14.26,22.28,36.55,NA,9.10,0.00,NA,NA,NA,NA,NA,NA,NA,NA,NA,NA,NA,NA,NA,NA,NA,NA
2021-03-28 03:00:00,NA,91.50,16.10,23.67,39.78,NA,9.07,0.00,NA,NA,NA,NA,NA,NA,NA,NA,NA,NA,NA,NA,NA,NA,NA,NA
2021-03-28 04:00:00,NA,91.46,15.05,23.42,38.47,NA,9.21,0.00,NA,NA,NA,NA,NA,NA,NA,NA,NA,NA,NA,NA,NA,NA,NA,NA
2021-03-28 05:00:00,NA,91.41,15.42,22.51,37.93,NA,8.18,0.00,NA,NA,NA,NA,NA,NA,NA,NA,NA,NA,NA,NA,NA,NA,NA,NA
2021-03-28 06:00:00,NA,91.32,11.39,22.22,33.59,NA,8.38,0.00,NA,NA,NA,NA,NA,NA,NA,NA,NA,NA,NA,NA,NA,NA,NA,NA
2021-03-28 07:00:00,NA,91.45,13.86,24.09,37.92,NA,8.39,0.00,NA,NA,NA,NA,NA,NA,NA,NA,NA,NA,NA,NA,NA,NA,NA,NA
2021-03-28 08:00:00,NA,91.60,13.09,23.94,37.03,NA,8.32,0.00,NA,NA,NA,NA,NA,NA,NA,NA,NA,NA,NA,NA,NA,NA,NA,NA
2021-03-28 09:00:00,NA,91.52,13.19,23.13,36.32,NA,8.30,0.00,NA,NA,NA,NA,NA,NA,NA,NA,NA,NA,NA,NA,NA,NA,NA,NA
2021-03-28 10:00:00,NA,91.48,14.03,23.24,37.22,NA,9.97,0.00,NA,NA,NA,NA,NA,NA,NA,NA,NA,NA,NA,NA,NA,NA,NA,NA
2021-03-28 11:00:00,NA,91.40,15.30,23.54,38.84,NA,10.09,0.00,NA,NA,NA,NA,NA,NA,NA,NA,NA,NA,NA,NA,NA,NA,NA,NA
2021-03-28 12:00:00,NA,91.46,13.40,22.54,35.94,NA,10.01,0.00,NA,NA,NA,NA,NA,NA,NA,NA,NA,NA,NA,NA,NA,NA,NA,NA
2021-03-28 13:00:00,NA,91.53,12.53,22.85,35.39,NA,9.86,0.00,NA,NA,NA,NA,NA,NA,NA,NA,NA,NA,NA,NA,NA,NA,NA,NA
2021-03-28 14:00:00,NA,91.62,11.43,22.36,33.79,NA,9.80,0.00,NA,NA,NA,NA,NA,NA,NA,NA,NA,NA,NA,NA,NA,NA,NA,NA
2021-03-28 15:00:00,NA,91.55,16.52,22.59,39.12,NA,6.62,0.00,NA,NA,NA,NA,NA,NA,NA,NA,NA,NA,NA,NA,NA,NA,NA,NA
2021-03-28 16:00:00,NA,91.56,12.17,22.49,34.66,NA,6.81,0.00,NA,NA,NA,NA,NA,NA,NA,NA,NA,NA,NA,NA,NA,NA,NA,NA
2021-03-28 17:00:00,NA,91.48,13.69,23.31,37.00,NA,6.67,0.00,NA,NA,NA,NA,NA,NA,NA,NA,NA,NA,NA,NA,NA,NA,NA,NA
2021-03-28 18:00:00,NA,91.46,13.88,22.76,36.64,NA,6.77,0.00,NA,NA,NA,NA,NA,NA,NA,NA,NA,NA,NA,NA,NA,NA,NA,NA
2021-03-28 19:00:00,NA,91.39,14.13,23.29,37.41,NA,6.75,0.00,NA,NA,NA,NA,NA,NA,NA,NA,NA,NA,NA,NA,NA,NA,NA,NA
2021-03-28 20:00:00,NA,91.48,15.32,22.87,38.20,NA,10.40,0.00,NA,NA,NA,NA,NA,NA,NA,NA,NA,NA,NA,NA,NA,NA,NA,NA
2021-03-28 21:00:00,NA,91.52,13.64,22.00,35.65,NA,10.45,0.00,NA,NA,NA,NA,NA,NA,NA,NA,NA,NA,NA,NA,NA,NA,NA,NA
2021-03-28 22:00:00,NA,91.42,14.40,22.84,37.25,NA,10.49,0.00,NA,NA,NA,NA,NA,NA,NA,NA,NA,NA,NA,NA,NA,NA,NA,NA
2021-03-28 23:00:00,NA,91.43,17.39,24.74,42.12,NA,10.37,0.00,NA,NA,NA,NA,NA,NA,NA,NA,NA,NA,NA,NA,NA,NA,NA,NA
2021-03-29 00:00:00,NA,91.53,12.52,21.54,34.07,NA,10.48,0.00,NA,NA,NA,NA,NA,NA,NA,NA,NA,NA,NA,NA,NA,NA,NA,NA
2021-03-29 01:00:00,NA,91.55,15.04,22.24,37.28,NA,9.66,0.00,NA,NA,NA,NA,NA,NA,NA,NA,NA,NA,NA,NA,NA,NA,NA,NA
2021-03-29 02:00:00,NA,91.42,12.93,22.34,35.21,NA,9.58,0.00,NA,NA,NA,NA,NA,NA,NA,NA,NA,NA,NA,NA,NA,NA,NA,NA
2021-03-29 03:00:00,NA,91.54,14.40,22.91,37.31,NA,9.64,0.00,NA,NA,NA,NA,NA,NA,NA,NA,NA,NA,NA,NA,NA,NA,NA,NA
2021-03-29 04:00:00,NA,91.43,13.11,22.90,36.01,NA,9.55,0.00,NA,NA,NA,NA,NA,NA,NA,NA,NA,NA,NA,NA,NA,NA,NA,NA
2021-03-29 05:00:00,NA,91.68,12.69,22.20,34.86,NA,9.68,0.00,NA,NA,NA,NA,NA,NA,NA,NA,NA,NA,NA,NA,NA,NA,NA,NA
2021-03-29 06:00:00,NA,91.46,17.99,24.01,42.00,NA,9.32,0.00,NA,NA,NA,NA,NA,NA,NA,NA,NA,NA,NA,NA,NA,NA,NA,NA
2021-03-29 07:00:00,NA,91.43,22.54,26.06,48.51,NA,9.35,0.00,NA,NA,NA,NA,NA,NA,NA,NA,NA,NA,NA,NA,NA,NA,NA,NA
2021-03-29 08:00:00,NA,91.44,9.36,21.79,30.41,NA,9.27,0.00,NA,NA,NA,NA,NA,NA,NA,NA,NA,NA,NA,NA,NA,NA,NA,NA
2021-03-29 09:00:00,NA,91.56,12.28,22.42,34.70,NA,9.17,0.00,NA,NA,NA,NA,NA,NA,NA,NA,NA,NA,NA,NA,NA,NA,NA,NA
2021-03-29 10:00:00,NA,91.52,12.63,21.34,25.21,NA,8.93,0.00,NA,NA,NA,NA,NA,NA,NA,NA,NA,NA,NA,NA,NA,NA,NA,NA
2021-03-29 11:00:00,NA,91.42,37.78,32.17,34.98,NA,10.06,0.08,NA,NA,NA,NA,NA,NA,NA,NA,NA,NA,NA,NA,NA,NA,NA,NA
2021-03-29 12:00:00,NA,91.58,9.73,22.56,30.07,NA,9.91,0.30,NA,NA,NA,NA,NA,NA,NA,NA,NA,NA,NA,NA,NA,NA,NA,NA
2021-03-29 13:00:00,NA,91.51,24.67,26.04,50.72,NA,10.19,0.30,NA,NA,NA,NA,NA,NA,NA,NA,NA,NA,NA,NA,NA,NA,NA,NA
2021-03-29 14:00:00,NA,91.41,274.30,179.30,106.44,NA,10.79,0.30,NA,NA,NA,NA,NA,NA,NA,NA,NA,NA,NA,NA,NA,NA,NA,NA
2021-03-29 15:00:00,NA,91.46,482.07,204.55,0.00,NA,10.12,0.30,NA,NA,NA,NA,NA,NA,NA,NA,NA,NA,NA,NA,NA,NA,NA,NA
2021-03-29 16:00:00,NA,91.56,10.62,16.06,8.36,NA,10.42,0.30,NA,NA,NA,NA,NA,NA,NA,NA,NA,NA,NA,NA,NA,NA,NA,NA
2021-03-29 17:00:00,NA,91.35,10.50,20.37,29.13,NA,8.44,1.17,NA,NA,NA,NA,NA,NA,NA,NA,NA,NA,NA,NA,NA,NA,NA,NA
2021-03-29 18:00:00,NA,91.40,11.56,21.58,33.14,NA,8.40,2.74,NA,NA,NA,NA,NA,NA,NA,NA,NA,NA,NA,NA,NA,NA,NA,NA
2021-03-29 19:00:00,NA,91.53,13.40,22.49,35.89,NA,8.37,3.59,NA,NA,NA,NA,NA,NA,NA,NA,NA,NA,NA,NA,NA,NA,NA,NA
2021-03-29 20:00:00,NA,64.33,16.24,24.00,40.24,NA,7.98,3.74,NA,NA,NA,NA,NA,NA,NA,NA,NA,NA,NA,NA,NA,NA,NA,NA
2021-03-29 21:00:00,NA,82.81,11.76,22.40,34.16,NA,8.07,2.66,NA,NA,NA,NA,NA,NA,NA,NA,NA,NA,NA,NA,NA,NA,NA,NA
2021-03-29 22:00:00,NA,82.84,15.63,22.66,38.29,NA,8.30,2.50,NA,NA,NA,NA,NA,NA,NA,NA,NA,NA,NA,NA,NA,NA,NA,NA
2021-03-29 23:00:00,NA,82.95,14.85,23.41,38.26,NA,8.44,1.50,NA,NA,NA,NA,NA,NA,NA,NA,NA,NA,NA,NA,NA,NA,NA,NA
2021-03-30 00:00:00,NA,82.93,11.24,22.04,33.28,NA,8.22,1.06,NA,NA,NA,NA,NA,NA,NA,NA,NA,NA,NA,NA,NA,NA,NA,NA
2021-03-30 01:00:00,NA,82.86,10.54,21.40,31.94,NA,8.30,1.02,NA,NA,NA,NA,NA,NA,NA,NA,NA,NA,NA,NA,NA,NA,NA,NA
2021-03-30 02:00:00,NA,82.94,12.87,22.06,34.93,NA,8.34,1.01,NA,NA,NA,NA,NA,NA,NA,NA,NA,NA,NA,NA,NA,NA,NA,NA
2021-03-30 03:00:00,NA,82.86,13.87,22.62,36.49,NA,7.12,1.07,NA,NA,NA,NA,NA,NA,NA,NA,NA,NA,NA,NA,NA,NA,NA,NA
2021-03-30 04:00:00,NA,82.90,12.98,23.60,36.58,NA,7.21,1.00,NA,NA,NA,NA,NA,NA,NA,NA,NA,NA,NA,NA,NA,NA,NA,NA
2021-03-30 05:00:00,NA,82.84,13.41,22.54,35.95,NA,7.12,1.00,NA,NA,NA,NA,NA,NA,NA,NA,NA,NA,NA,NA,NA,NA,NA,NA
2021-03-30 06:00:00,NA,82.93,13.50,23.47,36.96,NA,7.20,1.03,NA,NA,NA,NA,NA,NA,NA,NA,NA,NA,NA,NA,NA,NA,NA,NA
2021-03-30 07:00:00,NA,82.85,17.10,23.02,40.12,NA,7.30,1.00,NA,NA,NA,NA,NA,NA,NA,NA,NA,NA,NA,NA,NA,NA,NA,NA
2021-03-30 08:00:00,NA,82.74,13.84,23.12,36.97,NA,6.38,1.00,NA,NA,NA,NA,NA,NA,NA,NA,NA,NA,NA,NA,NA,NA,NA,NA
2021-03-30 09:00:00,NA,82.70,13.06,21.46,34.51,NA,6.55,1.00,NA,NA,NA,NA,NA,NA,NA,NA,NA,NA,NA,NA,NA,NA,NA,NA
2021-03-30 10:00:00,NA,82.84,15.86,24.02,39.88,NA,6.47,1.00,NA,NA,NA,NA,NA,NA,NA,NA,NA,NA,NA,NA,NA,NA,NA,NA
2021-03-30 11:00:00,NA,NA,NA,NA,0.00,NA,NA,0.00,NA,NA,NA,NA,NA,NA,NA,NA,NA,NA,NA,NA,NA,NA,NA,NA
2021-03-30 12:00:00,NA,NA,NA,NA,0.00,NA,NA,0.00,NA,NA,NA,NA,NA,NA,NA,NA,NA,NA,NA,NA,NA,NA,NA,NA
2021-03-30 13:00:00,NA,NA,NA,NA,0.00,NA,NA,0.00,NA,NA,NA,NA,NA,NA,NA,NA,NA,NA,NA,NA,NA,NA,NA,NA
2021-03-30 14:00:00,NA,NA,NA,NA,0.00,NA,NA,0.00,NA,NA,NA,NA,NA,NA,NA,NA,NA,NA,NA,NA,NA,NA,NA,NA
2021-03-30 15:00:00,NA,NA,NA,NA,0.00,NA,NA,0.00,NA,NA,NA,NA,NA,NA,NA,NA,NA,NA,NA,NA,NA,NA,NA,NA
2021-03-30 16:00:00,NA,83.06,18.03,20.61,9.66,NA,NA,0.00,NA,NA,NA,NA,NA,NA,NA,NA,NA,NA,NA,NA,NA,NA,NA,NA
2021-03-30 17:00:00,NA,82.88,17.91,24.56,42.48,NA,11.64,1.00,NA,NA,NA,NA,NA,NA,NA,NA,NA,NA,NA,NA,NA,NA,NA,NA
2021-03-30 18:00:00,NA,83.02,16.31,23.77,40.08,NA,12.78,1.00,NA,NA,NA,NA,NA,NA,NA,NA,NA,NA,NA,NA,NA,NA,NA,NA
2021-03-30 19:00:00,NA,83.02,14.12,22.61,36.74,NA,10.64,1.00,NA,NA,NA,NA,NA,NA,NA,NA,NA,NA,NA,NA,NA,NA,NA,NA
2021-03-30 20:00:00,NA,82.80,11.47,22.71,34.18,NA,10.57,1.00,NA,NA,NA,NA,NA,NA,NA,NA,NA,NA,NA,NA,NA,NA,NA,NA
2021-03-30 21:00:00,NA,82.80,12.65,23.66,36.31,NA,10.34,1.00,NA,NA,NA,NA,NA,NA,NA,NA,NA,NA,NA,NA,NA,NA,NA,NA
2021-03-30 22:00:00,NA,82.91,11.65,22.44,34.08,NA,10.59,1.00,NA,NA,NA,NA,NA,NA,NA,NA,NA,NA,NA,NA,NA,NA,NA,NA
2021-03-30 23:00:00,NA,82.81,15.34,22.10,37.44,NA,10.49,1.00,NA,NA,NA,NA,NA,NA,NA,NA,NA,NA,NA,NA,NA,NA,NA,NA
2021-03-31 00:00:00,NA,82.80,13.21,22.57,35.78,NA,9.55,1.23,NA,NA,NA,NA,NA,NA,NA,NA,NA,NA,NA,NA,NA,NA,NA,NA
2021-03-31 01:00:00,NA,82.85,13.57,22.84,36.41,NA,9.54,1.01,NA,NA,NA,NA,NA,NA,NA,NA,NA,NA,NA,NA,NA,NA,NA,NA
2021-03-31 02:00:00,NA,82.96,12.74,22.42,35.15,NA,9.56,1.16,NA,NA,NA,NA,NA,NA,NA,NA,NA,NA,NA,NA,NA,NA,NA,NA
2021-03-31 03:00:00,NA,82.77,11.94,22.48,34.43,NA,9.53,1.09,NA,NA,NA,NA,NA,NA,NA,NA,NA,NA,NA,NA,NA,NA,NA,NA
2021-03-31 04:00:00,NA,82.91,13.64,22.40,36.04,NA,9.57,1.42,NA,NA,NA,NA,NA,NA,NA,NA,NA,NA,NA,NA,NA,NA,NA,NA
2021-03-31 05:00:00,NA,82.86,12.34,23.30,35.64,NA,7.68,1.72,NA,NA,NA,NA,NA,NA,NA,NA,NA,NA,NA,NA,NA,NA,NA,NA
2021-03-31 06:00:00,NA,82.88,12.95,22.41,35.35,NA,7.72,2.14,NA,NA,NA,NA,NA,NA,NA,NA,NA,NA,NA,NA,NA,NA,NA,NA
2021-03-31 07:00:00,NA,82.96,12.39,22.66,35.05,NA,7.76,1.24,NA,NA,NA,NA,NA,NA,NA,NA,NA,NA,NA,NA,NA,NA,NA,NA
2021-03-31 08:00:00,NA,83.00,12.92,21.88,34.80,NA,7.78,1.13,NA,NA,NA,NA,NA,NA,NA,NA,NA,NA,NA,NA,NA,NA,NA,NA
2021-03-31 09:00:00,NA,82.98,12.30,22.17,34.44,NA,7.72,1.16,NA,NA,NA,NA,NA,NA,NA,NA,NA,NA,NA,NA,NA,NA,NA,NA
2021-03-31 10:00:00,NA,82.86,12.86,22.29,35.16,NA,8.73,1.06,NA,NA,NA,NA,NA,NA,NA,NA,NA,NA,NA,NA,NA,NA,NA,NA
2021-03-31 11:00:00,NA,82.80,15.09,23.62,38.72,NA,8.62,1.01,NA,NA,NA,NA,NA,NA,NA,NA,NA,NA,NA,NA,NA,NA,NA,NA
2021-03-31 12:00:00,NA,82.84,12.04,21.85,25.55,NA,8.63,0.75,NA,NA,NA,NA,NA,NA,NA,NA,NA,NA,NA,NA,NA,NA,NA,NA
2021-03-31 13:00:00,NA,82.72,21.97,25.72,23.84,NA,10.90,2.08,NA,NA,NA,NA,NA,NA,NA,NA,NA,NA,NA,NA,NA,NA,NA,NA
2021-03-31 14:00:00,NA,82.96,14.21,22.53,36.75,NA,12.60,0.00,NA,NA,NA,NA,NA,NA,NA,NA,NA,NA,NA,NA,NA,NA,NA,NA
2021-03-31 15:00:00,NA,82.77,34.34,31.09,65.34,NA,13.33,0.00,NA,NA,NA,NA,NA,NA,NA,NA,NA,NA,NA,NA,NA,NA,NA,NA
2021-03-31 16:00:00,NA,82.96,2.53,17.43,15.19,NA,8.73,0.00,NA,NA,NA,NA,NA,NA,NA,NA,NA,NA,NA,NA,NA,NA,NA,NA
2021-03-31 17:00:00,NA,82.82,13.02,22.39,34.80,NA,8.44,0.00,NA,NA,NA,NA,NA,NA,NA,NA,NA,NA,NA,NA,NA,NA,NA,NA
2021-03-31 18:00:00,NA,83.01,15.10,22.81,37.91,NA,8.29,0.00,NA,NA,NA,NA,NA,NA,NA,NA,NA,NA,NA,NA,NA,NA,NA,NA
2021-03-31 19:00:00,NA,82.84,15.02,21.86,36.89,NA,8.20,0.00,NA,NA,NA,NA,NA,NA,NA,NA,NA,NA,NA,NA,NA,NA,NA,NA
2021-03-31 20:00:00,NA,82.86,11.02,21.65,32.67,NA,8.32,0.00,NA,NA,NA,NA,NA,NA,NA,NA,NA,NA,NA,NA,NA,NA,NA,NA
2021-03-31 21:00:00,NA,83.03,14.99,22.54,37.54,NA,9.51,0.00,NA,NA,NA,NA,NA,NA,NA,NA,NA,NA,NA,NA,NA,NA,NA,NA
2021-03-31 22:00:00,NA,82.88,14.98,24.14,39.12,NA,9.52,0.00,NA,NA,NA,NA,NA,NA,NA,NA,NA,NA,NA,NA,NA,NA,NA,NA
2021-03-31 23:00:00,NA,82.73,14.46,22.60,37.07,NA,9.48,0.00,NA,NA,NA,NA,NA,NA,NA,NA,NA,NA,NA,NA,NA,NA,NA,NA
2021-04-01 00:00:00,NA,82.68,12.77,24.12,36.90,NA,9.46,0.00,NA,NA,NA,NA,NA,NA,NA,NA,NA,NA,NA,NA,NA,NA,NA,NA
2021-04-01 01:00:00,NA,82.87,14.06,23.54,37.61,NA,9.47,0.00,NA,NA,NA,NA,NA,NA,NA,NA,NA,NA,NA,NA,NA,NA,NA,NA
2021-04-01 02:00:00,NA,82.93,11.96,22.97,34.93,NA,10.49,0.00,NA,NA,NA,NA,NA,NA,NA,NA,NA,NA,NA,NA,NA,NA,NA,NA
2021-04-01 03:00:00,NA,82.81,15.25,23.38,38.62,NA,10.52,0.00,NA,NA,NA,NA,NA,NA,NA,NA,NA,NA,NA,NA,NA,NA,NA,NA
2021-04-01 04:00:00,NA,82.96,15.29,22.98,38.28,NA,10.57,0.00,NA,NA,NA,NA,NA,NA,NA,NA,NA,NA,NA,NA,NA,NA,NA,NA
2021-04-01 05:00:00,NA,82.91,15.79,23.54,39.33,NA,10.56,0.00,NA,NA,NA,NA,NA,NA,NA,NA,NA,NA,NA,NA,NA,NA,NA,NA
2021-04-01 06:00:00,NA,83.02,11.91,22.00,33.91,NA,10.34,0.00,NA,NA,NA,NA,NA,NA,NA,NA,NA,NA,NA,NA,NA,NA,NA,NA
2021-04-01 07:00:00,NA,NA,NA,NA,NA,NA,NA,NA,NA,NA,NA,NA,NA,NA,NA,NA,NA,NA,NA,NA,NA,NA,NA,NA
2021-04-01 08:00:00,NA,NA,NA,NA,NA,NA,NA,NA,NA,NA,NA,NA,NA,NA,NA,NA,NA,NA,NA,NA,NA,NA,NA,NA
2021-04-01 09:00:00,NA,NA,NA,NA,NA,NA,NA,NA,NA,NA,NA,NA,NA,NA,NA,NA,NA,NA,NA,NA,NA,NA,NA,NA
2021-04-01 10:00:00,NA,NA,NA,NA,NA,NA,NA,NA,NA,NA,NA,NA,NA,NA,NA,NA,NA,NA,NA,NA,NA,NA,NA,NA
2021-04-01 11:00:00,NA,NA,NA,NA,0.00,NA,NA,0.00,NA,NA,NA,NA,NA,NA,NA,NA,NA,NA,NA,NA,NA,NA,NA,NA
2021-04-01 12:00:00,NA,82.97,5.78,19.89,18.36,NA,9.80,0.75,NA,NA,NA,NA,NA,NA,NA,NA,NA,NA,NA,NA,NA,NA,NA,NA
2021-04-01 13:00:00,NA,83.05,9.86,20.74,30.59,NA,8.40,1.00,NA,NA,NA,NA,NA,NA,NA,NA,NA,NA,NA,NA,NA,NA,NA,NA
2021-04-01 14:00:00,NA,82.94,12.83,21.38,34.22,NA,8.33,1.00,NA,NA,NA,NA,NA,NA,NA,NA,NA,NA,NA,NA,NA,NA,NA,NA
2021-04-01 15:00:00,NA,83.05,18.98,23.57,42.55,NA,8.89,1.00,NA,NA,NA,NA,NA,NA,NA,NA,NA,NA,NA,NA,NA,NA,NA,NA
2021-04-01 16:00:00,NA,82.89,15.50,22.63,38.14,NA,8.93,1.00,NA,NA,NA,NA,NA,NA,NA,NA,NA,NA,NA,NA,NA,NA,NA,NA
2021-04-01 17:00:00,NA,83.00,13.10,22.64,35.74,NA,8.96,1.00,NA,NA,NA,NA,NA,NA,NA,NA,NA,NA,NA,NA,NA,NA,NA,NA
2021-04-01 18:00:00,NA,82.88,10.67,22.45,33.11,NA,8.13,1.00,NA,NA,NA,NA,NA,NA,NA,NA,NA,NA,NA,NA,NA,NA,NA,NA
2021-04-01 19:00:00,NA,83.08,14.42,22.88,37.30,NA,8.33,1.00,NA,NA,NA,NA,NA,NA,NA,NA,NA,NA,NA,NA,NA,NA,NA,NA
2021-04-01 20:00:00,NA,82.75,11.99,21.66,33.65,NA,8.18,1.00,NA,NA,NA,NA,NA,NA,NA,NA,NA,NA,NA,NA,NA,NA,NA,NA
2021-04-01 21:00:00,NA,82.90,15.12,23.11,38.23,NA,8.24,1.00,NA,NA,NA,NA,NA,NA,NA,NA,NA,NA,NA,NA,NA,NA,NA,NA
2021-04-01 22:00:00,NA,82.84,13.20,22.86,36.00,NA,8.40,1.00,NA,NA,NA,NA,NA,NA,NA,NA,NA,NA,NA,NA,NA,NA,NA,NA
2021-04-01 23:00:00,NA,82.78,11.22,22.88,34.09,NA,6.01,1.00,NA,NA,NA,NA,NA,NA,NA,NA,NA,NA,NA,NA,NA,NA,NA,NA
2021-04-02 00:00:00,NA,82.94,13.31,22.72,36.03,NA,6.24,0.27,NA,NA,NA,NA,NA,NA,NA,NA,NA,NA,NA,NA,NA,NA,NA,NA
2021-04-02 01:00:00,NA,82.96,12.99,22.62,35.60,NA,6.20,0.00,NA,NA,NA,NA,NA,NA,NA,NA,NA,NA,NA,NA,NA,NA,NA,NA
2021-04-02 02:00:00,NA,82.86,14.46,22.16,36.56,NA,6.22,0.00,NA,NA,NA,NA,NA,NA,NA,NA,NA,NA,NA,NA,NA,NA,NA,NA
2021-04-02 03:00:00,NA,82.83,14.00,23.02,37.01,NA,6.35,0.00,NA,NA,NA,NA,NA,NA,NA,NA,NA,NA,NA,NA,NA,NA,NA,NA
2021-04-02 04:00:00,NA,82.99,13.70,23.33,37.02,NA,7.67,0.00,NA,NA,NA,NA,NA,NA,NA,NA,NA,NA,NA,NA,NA,NA,NA,NA
2021-04-02 05:00:00,NA,83.11,15.74,25.15,40.89,NA,7.70,0.00,NA,NA,NA,NA,NA,NA,NA,NA,NA,NA,NA,NA,NA,NA,NA,NA
2021-04-02 06:00:00,NA,82.94,14.39,23.44,37.83,NA,7.64,0.00,NA,NA,NA,NA,NA,NA,NA,NA,NA,NA,NA,NA,NA,NA,NA,NA
2021-04-02 07:00:00,NA,83.03,15.88,23.19,39.08,NA,7.60,0.00,NA,NA,NA,NA,NA,NA,NA,NA,NA,NA,NA,NA,NA,NA,NA,NA
2021-04-02 08:00:00,NA,82.85,13.06,22.39,35.45,NA,7.50,0.00,NA,NA,NA,NA,NA,NA,NA,NA,NA,NA,NA,NA,NA,NA,NA,NA
2021-04-02 09:00:00,NA,82.85,13.64,21.80,35.45,NA,8.46,0.00,NA,NA,NA,NA,NA,NA,NA,NA,NA,NA,NA,NA,NA,NA,NA,NA
2021-04-02 10:00:00,NA,82.76,14.60,23.56,38.10,NA,8.42,0.00,NA,NA,NA,NA,NA,NA,NA,NA,NA,NA,NA,NA,NA,NA,NA,NA
2021-04-02 11:00:00,NA,NA,NA,NA,NA,NA,NA,NA,NA,NA,NA,NA,NA,NA,NA,NA,NA,NA,NA,NA,NA,NA,NA,NA
2021-04-02 12:00:00,NA,NA,NA,NA,NA,NA,NA,NA,NA,NA,NA,NA,NA,NA,NA,NA,NA,NA,NA,NA,NA,NA,NA,NA
2021-04-02 13:00:00,NA,NA,NA,NA,NA,NA,NA,NA,NA,NA,NA,NA,NA,NA,NA,NA,NA,NA,NA,NA,NA,NA,NA,NA
2021-04-02 14:00:00,NA,NA,NA,NA,NA,NA,NA,NA,NA,NA,NA,NA,NA,NA,NA,NA,NA,NA,NA,NA,NA,NA,NA,NA
2021-04-02 15:00:00,NA,NA,NA,NA,NA,NA,NA,NA,NA,NA,NA,NA,NA,NA,NA,NA,NA,NA,NA,NA,NA,NA,NA,NA
2021-04-02 16:00:00,NA,NA,NA,NA,NA,NA,NA,NA,NA,NA,NA,NA,NA,NA,NA,NA,NA,NA,NA,NA,NA,NA,NA,NA
2021-04-02 17:00:00,NA,NA,NA,NA,NA,NA,NA,NA,NA,NA,NA,NA,NA,NA,NA,NA,NA,NA,NA,NA,NA,NA,NA,NA
2021-04-02 18:00:00,NA,NA,NA,NA,NA,NA,NA,NA,NA,NA,NA,NA,NA,NA,NA,NA,NA,NA,NA,NA,NA,NA,NA,NA
2021-04-02 19:00:00,NA,NA,NA,NA,NA,NA,NA,NA,NA,NA,NA,NA,NA,NA,NA,NA,NA,NA,NA,NA,NA,NA,NA,NA
2021-04-02 20:00:00,NA,NA,NA,NA,NA,NA,NA,NA,NA,NA,NA,NA,NA,NA,NA,NA,NA,NA,NA,NA,NA,NA,NA,NA
2021-04-02 21:00:00,NA,NA,NA,NA,NA,NA,NA,NA,NA,NA,NA,NA,NA,NA,NA,NA,NA,NA,NA,NA,NA,NA,NA,NA
2021-04-02 22:00:00,NA,NA,NA,NA,NA,NA,NA,NA,NA,NA,NA,NA,NA,NA,NA,NA,NA,NA,NA,NA,NA,NA,NA,NA
2021-04-02 23:00:00,NA,NA,NA,NA,NA,NA,NA,NA,NA,NA,NA,NA,NA,NA,NA,NA,NA,NA,NA,NA,NA,NA,NA,NA
2021-04-03 00:00:00,NA,NA,NA,NA,NA,NA,NA,NA,NA,NA,NA,NA,NA,NA,NA,NA,NA,NA,NA,NA,NA,NA,NA,NA
2021-04-03 01:00:00,NA,NA,NA,NA,NA,NA,NA,NA,NA,NA,NA,NA,NA,NA,NA,NA,NA,NA,NA,NA,NA,NA,NA,NA
2021-04-03 02:00:00,NA,NA,NA,NA,NA,NA,NA,NA,NA,NA,NA,NA,NA,NA,NA,NA,NA,NA,NA,NA,NA,NA,NA,NA
2021-04-03 03:00:00,NA,NA,NA,NA,NA,NA,NA,NA,NA,NA,NA,NA,NA,NA,NA,NA,NA,NA,NA,NA,NA,NA,NA,NA
2021-04-03 04:00:00,NA,NA,NA,NA,NA,NA,NA,NA,NA,NA,NA,NA,NA,NA,NA,NA,NA,NA,NA,NA,NA,NA,NA,NA
2021-04-03 05:00:00,NA,NA,NA,NA,NA,NA,NA,NA,NA,NA,NA,NA,NA,NA,NA,NA,NA,NA,NA,NA,NA,NA,NA,NA
2021-04-03 06:00:00,NA,NA,NA,NA,NA,NA,NA,NA,NA,NA,NA,NA,NA,NA,NA,NA,NA,NA,NA,NA,NA,NA,NA,NA
2021-04-03 07:00:00,NA,NA,NA,NA,NA,NA,NA,NA,NA,NA,NA,NA,NA,NA,NA,NA,NA,NA,NA,NA,NA,NA,NA,NA
2021-04-03 08:00:00,NA,NA,NA,NA,NA,NA,NA,NA,NA,NA,NA,NA,NA,NA,NA,NA,NA,NA,NA,NA,NA,NA,NA,NA
2021-04-03 09:00:00,NA,NA,NA,NA,NA,NA,NA,NA,NA,NA,NA,NA,NA,NA,NA,NA,NA,NA,NA,NA,NA,NA,NA,NA
2021-04-03 10:00:00,NA,NA,NA,NA,NA,NA,NA,NA,NA,NA,NA,NA,NA,NA,NA,NA,NA,NA,NA,NA,NA,NA,NA,NA
2021-04-03 11:00:00,NA,NA,NA,NA,NA,NA,NA,NA,NA,NA,NA,NA,NA,NA,NA,NA,NA,NA,NA,NA,NA,NA,NA,NA
2021-04-03 12:00:00,NA,NA,NA,NA,NA,NA,NA,NA,NA,NA,NA,NA,NA,NA,NA,NA,NA,NA,NA,NA,NA,NA,NA,NA
2021-04-03 13:00:00,NA,NA,NA,NA,NA,NA,NA,NA,NA,NA,NA,NA,NA,NA,NA,NA,NA,NA,NA,NA,NA,NA,NA,NA
2021-04-03 14:00:00,NA,NA,NA,NA,NA,NA,NA,NA,NA,NA,NA,NA,NA,NA,NA,NA,NA,NA,NA,NA,NA,NA,NA,NA
2021-04-03 15:00:00,NA,NA,NA,NA,NA,NA,NA,NA,NA,NA,NA,NA,NA,NA,NA,NA,NA,NA,NA,NA,NA,NA,NA,NA
2021-04-03 16:00:00,NA,NA,NA,NA,NA,NA,NA,NA,NA,NA,NA,NA,NA,NA,NA,NA,NA,NA,NA,NA,NA,NA,NA,NA
2021-04-03 17:00:00,NA,NA,NA,NA,NA,NA,NA,NA,NA,NA,NA,NA,NA,NA,NA,NA,NA,NA,NA,NA,NA,NA,NA,NA
2021-04-03 18:00:00,NA,NA,NA,NA,NA,NA,NA,NA,NA,NA,NA,NA,NA,NA,NA,NA,NA,NA,NA,NA,NA,NA,NA,NA
2021-04-03 19:00:00,NA,NA,NA,NA,NA,NA,NA,NA,NA,NA,NA,NA,NA,NA,NA,NA,NA,NA,NA,NA,NA,NA,NA,NA
2021-04-03 20:00:00,NA,NA,NA,NA,NA,NA,NA,NA,NA,NA,NA,NA,NA,NA,NA,NA,NA,NA,NA,NA,NA,NA,NA,NA
2021-04-03 21:00:00,NA,NA,NA,NA,NA,NA,NA,NA,NA,NA,NA,NA,NA,NA,NA,NA,NA,NA,NA,NA,NA,NA,NA,NA
2021-04-03 22:00:00,NA,NA,NA,NA,NA,NA,NA,NA,NA,NA,NA,NA,NA,NA,NA,NA,NA,NA,NA,NA,NA,NA,NA,NA
2021-04-03 23:00:00,NA,NA,NA,NA,NA,NA,NA,NA,NA,NA,NA,NA,NA,NA,NA,NA,NA,NA,NA,NA,NA,NA,NA,NA
2021-04-04 00:00:00,NA,NA,NA,NA,NA,NA,NA,NA,NA,NA,NA,NA,NA,NA,NA,NA,NA,NA,NA,NA,NA,NA,NA,NA
2021-04-04 01:00:00,NA,NA,NA,NA,NA,NA,NA,NA,NA,NA,NA,NA,NA,NA,NA,NA,NA,NA,NA,NA,NA,NA,NA,NA
2021-04-04 02:00:00,NA,NA,NA,NA,NA,NA,NA,NA,NA,NA,NA,NA,NA,NA,NA,NA,NA,NA,NA,NA,NA,NA,NA,NA
2021-04-04 03:00:00,NA,NA,NA,NA,NA,NA,NA,NA,NA,NA,NA,NA,NA,NA,NA,NA,NA,NA,NA,NA,NA,NA,NA,NA
2021-04-04 04:00:00,NA,NA,NA,NA,NA,NA,NA,NA,NA,NA,NA,NA,NA,NA,NA,NA,NA,NA,NA,NA,NA,NA,NA,NA
2021-04-04 05:00:00,NA,NA,NA,NA,NA,NA,NA,NA,NA,NA,NA,NA,NA,NA,NA,NA,NA,NA,NA,NA,NA,NA,NA,NA
2021-04-04 06:00:00,NA,NA,NA,NA,NA,NA,NA,NA,NA,NA,NA,NA,NA,NA,NA,NA,NA,NA,NA,NA,NA,NA,NA,NA
2021-04-04 07:00:00,NA,NA,NA,NA,NA,NA,NA,NA,NA,NA,NA,NA,NA,NA,NA,NA,NA,NA,NA,NA,NA,NA,NA,NA
2021-04-04 08:00:00,NA,NA,NA,NA,NA,NA,NA,NA,NA,NA,NA,NA,NA,NA,NA,NA,NA,NA,NA,NA,NA,NA,NA,NA
2021-04-04 09:00:00,NA,NA,NA,NA,NA,NA,NA,NA,NA,NA,NA,NA,NA,NA,NA,NA,NA,NA,NA,NA,NA,NA,NA,NA
2021-04-04 10:00:00,NA,NA,NA,NA,NA,NA,NA,NA,NA,NA,NA,NA,NA,NA,NA,NA,NA,NA,NA,NA,NA,NA,NA,NA
2021-04-04 11:00:00,NA,NA,NA,NA,NA,NA,NA,NA,NA,NA,NA,NA,NA,NA,NA,NA,NA,NA,NA,NA,NA,NA,NA,NA
2021-04-04 12:00:00,NA,NA,NA,NA,NA,NA,NA,NA,NA,NA,NA,NA,NA,NA,NA,NA,NA,NA,NA,NA,NA,NA,NA,NA
2021-04-04 13:00:00,NA,NA,NA,NA,NA,NA,NA,NA,NA,NA,NA,NA,NA,NA,NA,NA,NA,NA,NA,NA,NA,NA,NA,NA
2021-04-04 14:00:00,NA,NA,NA,NA,NA,NA,NA,NA,NA,NA,NA,NA,NA,NA,NA,NA,NA,NA,NA,NA,NA,NA,NA,NA
2021-04-04 15:00:00,NA,NA,NA,NA,NA,NA,NA,NA,NA,NA,NA,NA,NA,NA,NA,NA,NA,NA,NA,NA,NA,NA,NA,NA
2021-04-04 16:00:00,NA,NA,NA,NA,NA,NA,NA,NA,NA,NA,NA,NA,NA,NA,NA,NA,NA,NA,NA,NA,NA,NA,NA,NA
2021-04-04 17:00:00,NA,NA,NA,NA,NA,NA,NA,NA,NA,NA,NA,NA,NA,NA,NA,NA,NA,NA,NA,NA,NA,NA,NA,NA
2021-04-04 18:00:00,NA,NA,NA,NA,NA,NA,NA,NA,NA,NA,NA,NA,NA,NA,NA,NA,NA,NA,NA,NA,NA,NA,NA,NA
2021-04-04 19:00:00,NA,NA,NA,NA,NA,NA,NA,NA,NA,NA,NA,NA,NA,NA,NA,NA,NA,NA,NA,NA,NA,NA,NA,NA
2021-04-04 20:00:00,NA,NA,NA,NA,NA,NA,NA,NA,NA,NA,NA,NA,NA,NA,NA,NA,NA,NA,NA,NA,NA,NA,NA,NA
2021-04-04 21:00:00,NA,NA,NA,NA,NA,NA,NA,NA,NA,NA,NA,NA,NA,NA,NA,NA,NA,NA,NA,NA,NA,NA,NA,NA
2021-04-04 22:00:00,NA,NA,NA,NA,NA,NA,NA,NA,NA,NA,NA,NA,NA,NA,NA,NA,NA,NA,NA,NA,NA,NA,NA,NA
2021-04-04 23:00:00,NA,NA,NA,NA,NA,NA,NA,NA,NA,NA,NA,NA,NA,NA,NA,NA,NA,NA,NA,NA,NA,NA,NA,NA
2021-04-05 00:00:00,NA,NA,NA,NA,NA,NA,NA,NA,NA,NA,NA,NA,NA,NA,NA,NA,NA,NA,NA,NA,NA,NA,NA,NA
2021-04-05 01:00:00,NA,NA,NA,NA,NA,NA,NA,NA,NA,NA,NA,NA,NA,NA,NA,NA,NA,NA,NA,NA,NA,NA,NA,NA
2021-04-05 02:00:00,NA,NA,NA,NA,NA,NA,NA,NA,NA,NA,NA,NA,NA,NA,NA,NA,NA,NA,NA,NA,NA,NA,NA,NA
2021-04-05 03:00:00,NA,NA,NA,NA,NA,NA,NA,NA,NA,NA,NA,NA,NA,NA,NA,NA,NA,NA,NA,NA,NA,NA,NA,NA
2021-04-05 04:00:00,NA,NA,NA,NA,NA,NA,NA,NA,NA,NA,NA,NA,NA,NA,NA,NA,NA,NA,NA,NA,NA,NA,NA,NA
2021-04-05 05:00:00,NA,NA,NA,NA,NA,NA,NA,NA,NA,NA,NA,NA,NA,NA,NA,NA,NA,NA,NA,NA,NA,NA,NA,NA
2021-04-05 06:00:00,NA,NA,NA,NA,NA,NA,NA,NA,NA,NA,NA,NA,NA,NA,NA,NA,NA,NA,NA,NA,NA,NA,NA,NA
2021-04-05 07:00:00,NA,NA,NA,NA,NA,NA,NA,NA,NA,NA,NA,NA,NA,NA,NA,NA,NA,NA,NA,NA,NA,NA,NA,NA
2021-04-05 08:00:00,NA,NA,NA,NA,NA,NA,NA,NA,NA,NA,NA,NA,NA,NA,NA,NA,NA,NA,NA,NA,NA,NA,NA,NA
2021-04-05 09:00:00,NA,NA,NA,NA,NA,NA,NA,NA,NA,NA,NA,NA,NA,NA,NA,NA,NA,NA,NA,NA,NA,NA,NA,NA
2021-04-05 10:00:00,NA,NA,NA,NA,0.00,NA,NA,0.00,NA,NA,NA,NA,NA,NA,NA,NA,NA,NA,NA,NA,NA,NA,NA,NA
2021-04-05 11:00:00,NA,83.04,23.65,24.47,47.38,NA,10.54,0.76,NA,NA,NA,NA,NA,NA,NA,NA,NA,NA,NA,NA,NA,NA,NA,NA
2021-04-05 12:00:00,NA,83.14,10.35,21.87,32.21,NA,14.14,1.00,NA,NA,NA,NA,NA,NA,NA,NA,NA,NA,NA,NA,NA,NA,NA,NA
2021-04-05 13:00:00,NA,83.08,13.40,22.44,35.83,NA,15.07,1.00,NA,NA,NA,NA,NA,NA,NA,NA,NA,NA,NA,NA,NA,NA,NA,NA
2021-04-05 14:00:00,NA,83.19,13.73,22.84,36.57,NA,9.86,1.00,NA,NA,NA,NA,NA,NA,NA,NA,NA,NA,NA,NA,NA,NA,NA,NA
2021-04-05 15:00:00,NA,83.09,13.31,22.47,35.78,NA,9.74,1.00,NA,NA,NA,NA,NA,NA,NA,NA,NA,NA,NA,NA,NA,NA,NA,NA
2021-04-05 16:00:00,NA,83.19,13.93,23.06,36.99,NA,9.56,1.00,NA,NA,NA,NA,NA,NA,NA,NA,NA,NA,NA,NA,NA,NA,NA,NA
2021-04-05 17:00:00,NA,83.13,14.68,22.97,37.64,NA,9.20,1.00,NA,NA,NA,NA,NA,NA,NA,NA,NA,NA,NA,NA,NA,NA,NA,NA
2021-04-05 18:00:00,NA,82.97,14.89,22.82,37.72,NA,8.95,1.00,NA,NA,NA,NA,NA,NA,NA,NA,NA,NA,NA,NA,NA,NA,NA,NA
2021-04-05 19:00:00,NA,83.14,11.43,21.30,32.73,NA,9.59,1.00,NA,NA,NA,NA,NA,NA,NA,NA,NA,NA,NA,NA,NA,NA,NA,NA
2021-04-05 20:00:00,NA,83.00,13.50,22.13,35.62,NA,9.36,1.00,NA,NA,NA,NA,NA,NA,NA,NA,NA,NA,NA,NA,NA,NA,NA,NA
2021-04-05 21:00:00,NA,83.12,17.35,23.06,40.41,NA,9.14,1.00,NA,NA,NA,NA,NA,NA,NA,NA,NA,NA,NA,NA,NA,NA,NA,NA
2021-04-05 22:00:00,NA,83.09,15.98,22.62,38.60,NA,9.07,1.00,NA,NA,NA,NA,NA,NA,NA,NA,NA,NA,NA,NA,NA,NA,NA,NA
2021-04-05 23:00:00,NA,83.21,11.41,22.76,34.16,NA,8.87,1.00,NA,NA,NA,NA,NA,NA,NA,NA,NA,NA,NA,NA,NA,NA,NA,NA
2021-04-06 00:00:00,NA,83.59,14.65,24.58,39.23,NA,9.75,1.00,NA,NA,NA,NA,NA,NA,NA,NA,NA,NA,NA,NA,NA,NA,NA,NA
2021-04-06 01:00:00,NA,82.98,11.63,22.85,34.48,NA,9.63,1.00,NA,NA,NA,NA,NA,NA,NA,NA,NA,NA,NA,NA,NA,NA,NA,NA
2021-04-06 02:00:00,NA,83.15,13.70,23.59,37.30,NA,9.29,1.00,NA,NA,NA,NA,NA,NA,NA,NA,NA,NA,NA,NA,NA,NA,NA,NA
2021-04-06 03:00:00,NA,83.14,11.82,21.87,33.68,NA,9.28,1.00,NA,NA,NA,NA,NA,NA,NA,NA,NA,NA,NA,NA,NA,NA,NA,NA
2021-04-06 04:00:00,NA,83.14,14.52,23.44,37.79,NA,9.21,1.00,NA,NA,NA,NA,NA,NA,NA,NA,NA,NA,NA,NA,NA,NA,NA,NA
2021-04-06 05:00:00,NA,83.01,13.68,21.63,27.16,NA,8.71,0.84,NA,NA,NA,NA,NA,NA,NA,NA,NA,NA,NA,NA,NA,NA,NA,NA
2021-04-06 06:00:00,NA,83.03,13.31,23.29,36.59,NA,8.82,1.00,NA,NA,NA,NA,NA,NA,NA,NA,NA,NA,NA,NA,NA,NA,NA,NA
2021-04-06 07:00:00,NA,82.99,12.45,22.37,34.80,NA,9.09,1.00,NA,NA,NA,NA,NA,NA,NA,NA,NA,NA,NA,NA,NA,NA,NA,NA
2021-04-06 08:00:00,NA,83.22,13.83,22.69,36.46,NA,8.86,1.84,NA,NA,NA,NA,NA,NA,NA,NA,NA,NA,NA,NA,NA,NA,NA,NA
2021-04-06 09:00:00,NA,83.20,13.21,23.34,36.55,NA,8.72,2.51,NA,NA,NA,NA,NA,NA,NA,NA,NA,NA,NA,NA,NA,NA,NA,NA
2021-04-06 10:00:00,NA,84.10,14.88,24.94,39.82,NA,11.00,2.63,NA,NA,NA,NA,NA,NA,NA,NA,NA,NA,NA,NA,NA,NA,NA,NA
2021-04-06 11:00:00,NA,85.23,11.33,22.58,33.91,NA,10.87,2.77,NA,NA,NA,NA,NA,NA,NA,NA,NA,NA,NA,NA,NA,NA,NA,NA
2021-04-06 12:00:00,NA,85.15,11.36,22.06,33.42,NA,10.60,2.96,NA,NA,NA,NA,NA,NA,NA,NA,NA,NA,NA,NA,NA,NA,NA,NA
2021-04-06 13:00:00,NA,85.13,13.13,22.02,35.15,NA,10.46,3.27,NA,NA,NA,NA,NA,NA,NA,NA,NA,NA,NA,NA,NA,NA,NA,NA
2021-04-06 14:00:00,NA,85.14,15.65,24.06,39.72,NA,10.48,3.29,NA,NA,NA,NA,NA,NA,NA,NA,NA,NA,NA,NA,NA,NA,NA,NA
2021-04-06 15:00:00,NA,85.08,13.94,23.08,37.02,NA,8.60,2.44,NA,NA,NA,NA,NA,NA,NA,NA,NA,NA,NA,NA,NA,NA,NA,NA
2021-04-06 16:00:00,NA,85.28,14.71,23.22,37.93,NA,8.66,2.35,NA,NA,NA,NA,NA,NA,NA,NA,NA,NA,NA,NA,NA,NA,NA,NA
2021-04-06 17:00:00,NA,85.04,13.26,22.44,35.70,NA,8.67,2.51,NA,NA,NA,NA,NA,NA,NA,NA,NA,NA,NA,NA,NA,NA,NA,NA
2021-04-06 18:00:00,NA,85.08,12.67,22.32,34.99,NA,8.53,3.38,NA,NA,NA,NA,NA,NA,NA,NA,NA,NA,NA,NA,NA,NA,NA,NA
2021-04-06 19:00:00,NA,85.24,12.68,22.78,35.47,NA,8.64,3.75,NA,NA,NA,NA,NA,NA,NA,NA,NA,NA,NA,NA,NA,NA,NA,NA
2021-04-06 20:00:00,NA,85.10,13.99,22.04,36.04,NA,9.91,3.72,NA,NA,NA,NA,NA,NA,NA,NA,NA,NA,NA,NA,NA,NA,NA,NA
2021-04-06 21:00:00,NA,85.33,11.45,21.73,33.18,NA,9.76,3.45,NA,NA,NA,NA,NA,NA,NA,NA,NA,NA,NA,NA,NA,NA,NA,NA
2021-04-06 22:00:00,NA,85.02,14.43,22.38,36.81,NA,10.01,2.98,NA,NA,NA,NA,NA,NA,NA,NA,NA,NA,NA,NA,NA,NA,NA,NA
2021-04-06 23:00:00,NA,84.59,11.65,22.62,34.26,NA,9.70,2.10,NA,NA,NA,NA,NA,NA,NA,NA,NA,NA,NA,NA,NA,NA,NA,NA
2021-04-07 00:00:00,NA,84.14,14.49,23.21,37.69,NA,9.71,1.72,NA,NA,NA,NA,NA,NA,NA,NA,NA,NA,NA,NA,NA,NA,NA,NA
2021-04-07 01:00:00,NA,84.17,14.15,23.69,37.84,NA,11.78,1.62,NA,NA,NA,NA,NA,NA,NA,NA,NA,NA,NA,NA,NA,NA,NA,NA
2021-04-07 02:00:00,NA,84.09,13.60,22.84,36.44,NA,11.64,1.70,NA,NA,NA,NA,NA,NA,NA,NA,NA,NA,NA,NA,NA,NA,NA,NA
2021-04-07 03:00:00,NA,84.04,12.52,23.79,36.26,NA,11.74,1.77,NA,NA,NA,NA,NA,NA,NA,NA,NA,NA,NA,NA,NA,NA,NA,NA
2021-04-07 04:00:00,NA,84.19,13.93,22.58,36.51,NA,11.67,1.98,NA,NA,NA,NA,NA,NA,NA,NA,NA,NA,NA,NA,NA,NA,NA,NA
2021-04-07 05:00:00,NA,84.00,13.48,23.60,37.08,NA,11.62,2.56,NA,NA,NA,NA,NA,NA,NA,NA,NA,NA,NA,NA,NA,NA,NA,NA
2021-04-07 06:00:00,NA,84.15,12.82,22.16,34.98,NA,10.19,3.08,NA,NA,NA,NA,NA,NA,NA,NA,NA,NA,NA,NA,NA,NA,NA,NA
2021-04-07 07:00:00,NA,84.07,12.51,22.37,34.88,NA,10.26,2.60,NA,NA,NA,NA,NA,NA,NA,NA,NA,NA,NA,NA,NA,NA,NA,NA
2021-04-07 08:00:00,NA,84.09,14.36,22.62,36.91,NA,10.28,1.18,NA,NA,NA,NA,NA,NA,NA,NA,NA,NA,NA,NA,NA,NA,NA,NA
2021-04-07 09:00:00,NA,84.04,14.71,24.90,39.62,NA,10.16,1.20,NA,NA,NA,NA,NA,NA,NA,NA,NA,NA,NA,NA,NA,NA,NA,NA
2021-04-07 10:00:00,NA,84.03,15.14,22.31,37.45,NA,10.00,2.36,NA,NA,NA,NA,NA,NA,NA,NA,NA,NA,NA,NA,NA,NA,NA,NA
2021-04-07 11:00:00,NA,84.10,14.37,22.81,37.18,NA,8.16,2.33,NA,NA,NA,NA,NA,NA,NA,NA,NA,NA,NA,NA,NA,NA,NA,NA
2021-04-07 12:00:00,NA,83.09,8.73,20.76,29.46,NA,8.09,2.86,NA,NA,NA,NA,NA,NA,NA,NA,NA,NA,NA,NA,NA,NA,NA,NA
2021-04-07 13:00:00,NA,83.44,7.88,20.38,28.19,NA,7.95,2.72,NA,NA,NA,NA,NA,NA,NA,NA,NA,NA,NA,NA,NA,NA,NA,NA
2021-04-07 14:00:00,NA,84.48,14.93,22.79,37.72,NA,8.00,0.36,NA,NA,NA,NA,NA,NA,NA,NA,NA,NA,NA,NA,NA,NA,NA,NA
2021-04-07 15:00:00,NA,84.65,9.51,21.14,30.62,NA,7.85,NA,NA,NA,NA,NA,NA,NA,NA,NA,NA,NA,NA,NA,NA,NA,NA,NA
2021-04-07 16:00:00,NA,84.40,16.56,22.84,39.40,NA,9.06,NA,NA,NA,NA,NA,NA,NA,NA,NA,NA,NA,NA,NA,NA,NA,NA,NA
2021-04-07 17:00:00,NA,84.35,11.08,21.41,32.49,NA,9.17,NA,NA,NA,NA,NA,NA,NA,NA,NA,NA,NA,NA,NA,NA,NA,NA,NA
2021-04-07 18:00:00,NA,84.59,13.72,22.69,36.41,NA,9.17,NA,NA,NA,NA,NA,NA,NA,NA,NA,NA,NA,NA,NA,NA,NA,NA,NA
2021-04-07 19:00:00,NA,84.49,15.26,22.69,37.96,NA,9.21,0.21,NA,NA,NA,NA,NA,NA,NA,NA,NA,NA,NA,NA,NA,NA,NA,NA
2021-04-07 20:00:00,NA,84.43,12.23,22.40,34.62,NA,9.26,0.36,NA,NA,NA,NA,NA,NA,NA,NA,NA,NA,NA,NA,NA,NA,NA,NA
2021-04-07 21:00:00,NA,84.36,12.46,21.93,34.40,NA,12.20,0.01,NA,NA,NA,NA,NA,NA,NA,NA,NA,NA,NA,NA,NA,NA,NA,NA
2021-04-07 22:00:00,NA,84.40,13.40,22.70,36.09,NA,12.11,0.12,NA,NA,NA,NA,NA,NA,NA,NA,NA,NA,NA,NA,NA,NA,NA,NA
2021-04-07 23:00:00,NA,84.38,13.08,22.87,35.95,NA,12.13,NA,NA,NA,NA,NA,NA,NA,NA,NA,NA,NA,NA,NA,NA,NA,NA,NA
2021-04-08 00:00:00,NA,84.44,12.52,21.41,33.94,NA,12.14,NA,NA,NA,NA,NA,NA,NA,NA,NA,NA,NA,NA,NA,NA,NA,NA,NA
2021-04-08 01:00:00,NA,84.42,11.64,21.89,33.53,NA,12.08,NA,NA,NA,NA,NA,NA,NA,NA,NA,NA,NA,NA,NA,NA,NA,NA,NA
2021-04-08 02:00:00,NA,84.34,12.97,21.68,34.65,NA,12.40,NA,NA,NA,NA,NA,NA,NA,NA,NA,NA,NA,NA,NA,NA,NA,NA,NA
2021-04-08 03:00:00,NA,84.32,12.70,23.53,36.20,NA,12.50,NA,NA,NA,NA,NA,NA,NA,NA,NA,NA,NA,NA,NA,NA,NA,NA,NA
2021-04-08 04:00:00,NA,84.36,12.22,24.06,36.28,NA,12.56,NA,NA,NA,NA,NA,NA,NA,NA,NA,NA,NA,NA,NA,NA,NA,NA,NA
2021-04-08 05:00:00,NA,84.49,14.97,23.27,38.24,NA,12.37,0.00,NA,NA,NA,NA,NA,NA,NA,NA,NA,NA,NA,NA,NA,NA,NA,NA
2021-04-08 06:00:00,NA,84.48,13.74,23.11,36.85,NA,12.31,0.00,NA,NA,NA,NA,NA,NA,NA,NA,NA,NA,NA,NA,NA,NA,NA,NA
2021-04-08 07:00:00,NA,84.49,12.11,22.65,34.76,NA,8.53,0.00,NA,NA,NA,NA,NA,NA,NA,NA,NA,NA,NA,NA,NA,NA,NA,NA
2021-04-08 08:00:00,NA,84.35,14.75,24.74,39.49,NA,8.56,0.00,NA,NA,NA,NA,NA,NA,NA,NA,NA,NA,NA,NA,NA,NA,NA,NA
2021-04-08 09:00:00,NA,84.43,13.72,23.33,37.05,NA,8.51,0.00,NA,NA,NA,NA,NA,NA,NA,NA,NA,NA,NA,NA,NA,NA,NA,NA
2021-04-08 10:00:00,NA,84.52,12.74,23.32,36.06,NA,8.58,0.00,NA,NA,NA,NA,NA,NA,NA,NA,NA,NA,NA,NA,NA,NA,NA,NA
2021-04-08 11:00:00,NA,84.50,14.26,23.48,37.73,NA,8.70,0.00,NA,NA,NA,NA,NA,NA,NA,NA,NA,NA,NA,NA,NA,NA,NA,NA
2021-04-08 12:00:00,NA,84.27,13.89,22.66,36.55,NA,9.57,0.00,NA,NA,NA,NA,NA,NA,NA,NA,NA,NA,NA,NA,NA,NA,NA,NA
2021-04-08 13:00:00,NA,84.41,15.49,22.72,38.20,NA,9.54,0.00,NA,NA,NA,NA,NA,NA,NA,NA,NA,NA,NA,NA,NA,NA,NA,NA
2021-04-08 14:00:00,NA,84.52,14.27,23.26,37.53,NA,9.45,0.00,NA,NA,NA,NA,NA,NA,NA,NA,NA,NA,NA,NA,NA,NA,NA,NA
2021-04-08 15:00:00,NA,84.47,13.34,23.52,36.86,NA,9.63,0.00,NA,NA,NA,NA,NA,NA,NA,NA,NA,NA,NA,NA,NA,NA,NA,NA
2021-04-08 16:00:00,NA,84.33,13.97,22.56,36.54,NA,9.62,0.00,NA,NA,NA,NA,NA,NA,NA,NA,NA,NA,NA,NA,NA,NA,NA,NA
2021-04-08 17:00:00,NA,84.59,11.01,22.05,33.06,NA,8.76,0.00,NA,NA,NA,NA,NA,NA,NA,NA,NA,NA,NA,NA,NA,NA,NA,NA
2021-04-08 18:00:00,NA,84.43,13.87,22.12,35.99,NA,8.48,0.00,NA,NA,NA,NA,NA,NA,NA,NA,NA,NA,NA,NA,NA,NA,NA,NA
2021-04-08 19:00:00,NA,84.48,14.86,22.82,37.68,NA,8.46,0.00,NA,NA,NA,NA,NA,NA,NA,NA,NA,NA,NA,NA,NA,NA,NA,NA
2021-04-08 20:00:00,NA,84.46,13.19,22.35,35.53,NA,8.46,0.00,NA,NA,NA,NA,NA,NA,NA,NA,NA,NA,NA,NA,NA,NA,NA,NA
2021-04-08 21:00:00,NA,84.43,12.94,23.14,36.08,NA,8.52,0.00,NA,NA,NA,NA,NA,NA,NA,NA,NA,NA,NA,NA,NA,NA,NA,NA
2021-04-08 22:00:00,NA,84.40,14.02,23.02,37.04,NA,8.57,0.00,NA,NA,NA,NA,NA,NA,NA,NA,NA,NA,NA,NA,NA,NA,NA,NA
2021-04-08 23:00:00,NA,84.15,13.82,21.51,35.29,NA,8.62,0.00,NA,NA,NA,NA,NA,NA,NA,NA,NA,NA,NA,NA,NA,NA,NA,NA
2021-04-09 00:00:00,NA,84.10,11.69,22.05,33.73,NA,8.49,0.00,NA,NA,NA,NA,NA,NA,NA,NA,NA,NA,NA,NA,NA,NA,NA,NA
2021-04-09 01:00:00,NA,84.45,14.78,23.67,38.46,NA,8.50,0.00,NA,NA,NA,NA,NA,NA,NA,NA,NA,NA,NA,NA,NA,NA,NA,NA
2021-04-09 02:00:00,NA,84.26,14.32,24.18,38.51,NA,8.63,0.00,NA,NA,NA,NA,NA,NA,NA,NA,NA,NA,NA,NA,NA,NA,NA,NA
2021-04-09 03:00:00,NA,84.23,13.26,22.91,35.44,NA,8.98,0.00,NA,NA,NA,NA,NA,NA,NA,NA,NA,NA,NA,NA,NA,NA,NA,NA
2021-04-09 04:00:00,NA,84.42,12.31,22.44,34.75,NA,8.97,0.00,NA,NA,NA,NA,NA,NA,NA,NA,NA,NA,NA,NA,NA,NA,NA,NA
2021-04-09 05:00:00,NA,84.40,13.46,22.43,34.89,NA,8.99,0.00,NA,NA,NA,NA,NA,NA,NA,NA,NA,NA,NA,NA,NA,NA,NA,NA
2021-04-09 06:00:00,NA,84.46,13.56,22.50,36.06,NA,8.99,0.00,NA,NA,NA,NA,NA,NA,NA,NA,NA,NA,NA,NA,NA,NA,NA,NA
2021-04-09 07:00:00,NA,84.39,16.70,27.82,44.52,NA,8.94,0.00,NA,NA,NA,NA,NA,NA,NA,NA,NA,NA,NA,NA,NA,NA,NA,NA
2021-04-09 08:00:00,NA,84.41,21.60,30.11,51.71,NA,7.89,0.00,NA,NA,NA,NA,NA,NA,NA,NA,NA,NA,NA,NA,NA,NA,NA,NA
2021-04-09 09:00:00,NA,84.36,23.19,31.28,54.48,NA,7.87,0.00,NA,NA,NA,NA,NA,NA,NA,NA,NA,NA,NA,NA,NA,NA,NA,NA
2021-04-09 10:00:00,NA,84.34,18.91,32.43,51.34,NA,7.68,0.00,NA,NA,NA,NA,NA,NA,NA,NA,NA,NA,NA,NA,NA,NA,NA,NA
2021-04-09 11:00:00,NA,NA,NA,NA,NA,NA,NA,NA,NA,NA,NA,NA,NA,NA,NA,NA,NA,NA,NA,NA,NA,NA,NA,NA
2021-04-09 12:00:00,NA,NA,NA,NA,NA,NA,NA,NA,NA,NA,NA,NA,NA,NA,NA,NA,NA,NA,NA,NA,NA,NA,NA,NA
2021-04-09 13:00:00,NA,NA,NA,NA,NA,NA,NA,NA,NA,NA,NA,NA,NA,NA,NA,NA,NA,NA,NA,NA,NA,NA,NA,NA
2021-04-09 14:00:00,NA,NA,NA,NA,NA,NA,NA,NA,NA,NA,NA,NA,NA,NA,NA,NA,NA,NA,NA,NA,NA,NA,NA,NA
2021-04-09 15:00:00,NA,83.44,NA,423.11,NA,NA,12.60,0.00,NA,NA,NA,NA,NA,NA,NA,NA,NA,NA,NA,NA,NA,NA,NA,NA
2021-04-09 16:00:00,NA,83.47,0.12,288.68,1.81,NA,12.30,0.00,NA,NA,NA,NA,NA,NA,NA,NA,NA,NA,NA,NA,NA,NA,NA,NA
2021-04-09 17:00:00,NA,83.44,5.22,18.55,21.04,NA,12.14,0.00,NA,NA,NA,NA,NA,NA,NA,NA,NA,NA,NA,NA,NA,NA,NA,NA
2021-04-09 18:00:00,NA,83.38,19.72,32.60,52.20,NA,6.79,0.00,NA,NA,NA,NA,NA,NA,NA,NA,NA,NA,NA,NA,NA,NA,NA,NA
2021-04-09 19:00:00,NA,83.44,25.12,33.52,58.64,NA,6.82,0.00,NA,NA,NA,NA,NA,NA,NA,NA,NA,NA,NA,NA,NA,NA,NA,NA
2021-04-09 20:00:00,NA,83.47,21.68,35.29,56.96,NA,6.77,0.00,NA,NA,NA,NA,NA,NA,NA,NA,NA,NA,NA,NA,NA,NA,NA,NA
2021-04-09 21:00:00,NA,83.32,23.84,34.36,58.20,NA,6.91,0.00,NA,NA,NA,NA,NA,NA,NA,NA,NA,NA,NA,NA,NA,NA,NA,NA
2021-04-09 22:00:00,NA,83.32,24.10,35.70,59.79,NA,6.61,0.78,NA,NA,NA,NA,NA,NA,NA,NA,NA,NA,NA,NA,NA,NA,NA,NA
2021-04-09 23:00:00,NA,83.47,26.60,34.75,61.35,NA,4.02,0.00,NA,NA,NA,NA,NA,NA,NA,NA,NA,NA,NA,NA,NA,NA,NA,NA
2021-04-10 00:00:00,NA,83.15,19.04,31.46,50.50,NA,4.01,0.00,NA,NA,NA,NA,NA,NA,NA,NA,NA,NA,NA,NA,NA,NA,NA,NA
2021-04-10 01:00:00,NA,83.48,21.54,30.31,51.85,NA,4.04,0.00,NA,NA,NA,NA,NA,NA,NA,NA,NA,NA,NA,NA,NA,NA,NA,NA
2021-04-10 02:00:00,NA,83.36,24.45,34.47,58.92,NA,4.03,0.00,NA,NA,NA,NA,NA,NA,NA,NA,NA,NA,NA,NA,NA,NA,NA,NA
2021-04-10 03:00:00,NA,83.38,20.54,31.53,51.39,NA,4.00,0.00,NA,NA,NA,NA,NA,NA,NA,NA,NA,NA,NA,NA,NA,NA,NA,NA
2021-04-10 04:00:00,NA,83.49,22.67,33.43,56.10,NA,7.87,0.00,NA,NA,NA,NA,NA,NA,NA,NA,NA,NA,NA,NA,NA,NA,NA,NA
2021-04-10 05:00:00,NA,83.29,20.16,33.96,54.03,NA,7.97,0.00,NA,NA,NA,NA,NA,NA,NA,NA,NA,NA,NA,NA,NA,NA,NA,NA
2021-04-10 06:00:00,NA,83.32,23.03,34.40,57.03,NA,7.84,0.00,NA,NA,NA,NA,NA,NA,NA,NA,NA,NA,NA,NA,NA,NA,NA,NA
2021-04-10 07:00:00,NA,83.52,24.00,36.30,60.30,NA,8.01,0.00,NA,NA,NA,NA,NA,NA,NA,NA,NA,NA,NA,NA,NA,NA,NA,NA
2021-04-10 08:00:00,NA,83.41,19.85,32.40,52.25,NA,7.80,0.00,NA,NA,NA,NA,NA,NA,NA,NA,NA,NA,NA,NA,NA,NA,NA,NA
2021-04-10 09:00:00,NA,83.48,30.65,33.15,63.81,NA,10.82,0.00,NA,NA,NA,NA,NA,NA,NA,NA,NA,NA,NA,NA,NA,NA,NA,NA
2021-04-10 10:00:00,NA,83.47,25.31,33.84,59.15,NA,10.82,0.00,NA,NA,NA,NA,NA,NA,NA,NA,NA,NA,NA,NA,NA,NA,NA,NA
2021-04-10 11:00:00,NA,83.30,21.53,33.19,54.46,NA,10.79,0.00,NA,NA,NA,NA,NA,NA,NA,NA,NA,NA,NA,NA,NA,NA,NA,NA
2021-04-10 12:00:00,NA,83.33,20.38,33.28,53.65,NA,10.90,0.00,NA,NA,NA,NA,NA,NA,NA,NA,NA,NA,NA,NA,NA,NA,NA,NA
2021-04-10 13:00:00,NA,83.42,20.85,34.28,55.14,NA,10.84,0.00,NA,NA,NA,NA,NA,NA,NA,NA,NA,NA,NA,NA,NA,NA,NA,NA
2021-04-10 14:00:00,NA,83.43,22.86,33.91,56.76,NA,9.79,0.00,NA,NA,NA,NA,NA,NA,NA,NA,NA,NA,NA,NA,NA,NA,NA,NA
2021-04-10 15:00:00,NA,83.44,23.74,33.70,57.44,NA,9.65,0.00,NA,NA,NA,NA,NA,NA,NA,NA,NA,NA,NA,NA,NA,NA,NA,NA
2021-04-10 16:00:00,NA,83.37,24.08,35.28,59.36,NA,9.84,0.00,NA,NA,NA,NA,NA,NA,NA,NA,NA,NA,NA,NA,NA,NA,NA,NA
2021-04-10 17:00:00,NA,83.42,21.30,33.84,55.13,NA,9.70,0.00,NA,NA,NA,NA,NA,NA,NA,NA,NA,NA,NA,NA,NA,NA,NA,NA
2021-04-10 18:00:00,NA,83.46,23.12,35.94,58.98,NA,9.62,0.00,NA,NA,NA,NA,NA,NA,NA,NA,NA,NA,NA,NA,NA,NA,NA,NA
2021-04-10 19:00:00,NA,83.35,21.12,33.85,54.96,NA,8.16,0.00,NA,NA,NA,NA,NA,NA,NA,NA,NA,NA,NA,NA,NA,NA,NA,NA
2021-04-10 20:00:00,NA,83.41,23.84,33.30,57.10,NA,8.06,0.00,NA,NA,NA,NA,NA,NA,NA,NA,NA,NA,NA,NA,NA,NA,NA,NA
2021-04-10 21:00:00,NA,83.48,23.90,33.97,57.86,NA,8.19,0.00,NA,NA,NA,NA,NA,NA,NA,NA,NA,NA,NA,NA,NA,NA,NA,NA
2021-04-10 22:00:00,NA,83.24,20.14,33.11,53.25,NA,8.23,0.00,NA,NA,NA,NA,NA,NA,NA,NA,NA,NA,NA,NA,NA,NA,NA,NA
2021-04-10 23:00:00,NA,83.58,16.51,34.68,51.20,NA,8.04,0.00,NA,NA,NA,NA,NA,NA,NA,NA,NA,NA,NA,NA,NA,NA,NA,NA
2021-04-11 00:00:00,NA,83.58,24.99,34.10,58.62,NA,10.68,0.00,NA,NA,NA,NA,NA,NA,NA,NA,NA,NA,NA,NA,NA,NA,NA,NA
2021-04-11 01:00:00,NA,83.42,24.10,33.26,57.36,NA,10.69,0.00,NA,NA,NA,NA,NA,NA,NA,NA,NA,NA,NA,NA,NA,NA,NA,NA
2021-04-11 02:00:00,NA,83.43,21.23,32.32,53.55,NA,10.69,0.00,NA,NA,NA,NA,NA,NA,NA,NA,NA,NA,NA,NA,NA,NA,NA,NA
2021-04-11 03:00:00,NA,83.42,24.22,34.58,58.80,NA,10.77,0.00,NA,NA,NA,NA,NA,NA,NA,NA,NA,NA,NA,NA,NA,NA,NA,NA
2021-04-11 04:00:00,NA,83.39,22.28,33.19,55.47,NA,10.55,0.00,NA,NA,NA,NA,NA,NA,NA,NA,NA,NA,NA,NA,NA,NA,NA,NA
2021-04-11 05:00:00,NA,83.22,23.64,34.38,58.01,NA,6.79,0.00,NA,NA,NA,NA,NA,NA,NA,NA,NA,NA,NA,NA,NA,NA,NA,NA
2021-04-11 06:00:00,NA,83.36,23.56,34.43,57.99,NA,7.04,0.00,NA,NA,NA,NA,NA,NA,NA,NA,NA,NA,NA,NA,NA,NA,NA,NA
2021-04-11 07:00:00,NA,83.43,28.19,37.04,65.23,NA,7.04,0.00,NA,NA,NA,NA,NA,NA,NA,NA,NA,NA,NA,NA,NA,NA,NA,NA
2021-04-11 08:00:00,NA,83.52,24.82,35.00,59.82,NA,7.13,0.00,NA,NA,NA,NA,NA,NA,NA,NA,NA,NA,NA,NA,NA,NA,NA,NA
2021-04-11 09:00:00,NA,83.52,19.28,33.74,53.02,NA,7.23,0.00,NA,NA,NA,NA,NA,NA,NA,NA,NA,NA,NA,NA,NA,NA,NA,NA
2021-04-11 10:00:00,NA,83.39,21.67,35.12,56.74,NA,8.09,0.00,NA,NA,NA,NA,NA,NA,NA,NA,NA,NA,NA,NA,NA,NA,NA,NA
2021-04-11 11:00:00,NA,83.38,26.60,35.75,62.35,NA,7.92,0.00,NA,NA,NA,NA,NA,NA,NA,NA,NA,NA,NA,NA,NA,NA,NA,NA
2021-04-11 12:00:00,NA,83.27,23.55,36.39,59.94,NA,8.10,0.00,NA,NA,NA,NA,NA,NA,NA,NA,NA,NA,NA,NA,NA,NA,NA,NA
2021-04-11 13:00:00,NA,83.36,22.76,33.01,55.75,NA,7.84,0.00,NA,NA,NA,NA,NA,NA,NA,NA,NA,NA,NA,NA,NA,NA,NA,NA
2021-04-11 14:00:00,NA,83.30,20.69,31.24,51.93,NA,7.93,0.00,NA,NA,NA,NA,NA,NA,NA,NA,NA,NA,NA,NA,NA,NA,NA,NA
2021-04-11 15:00:00,NA,83.50,25.87,33.92,59.78,NA,9.54,0.00,NA,NA,NA,NA,NA,NA,NA,NA,NA,NA,NA,NA,NA,NA,NA,NA
2021-04-11 16:00:00,NA,83.33,25.69,35.11,60.80,NA,9.54,0.00,NA,NA,NA,NA,NA,NA,NA,NA,NA,NA,NA,NA,NA,NA,NA,NA
2021-04-11 17:00:00,NA,83.46,22.14,36.06,58.20,NA,9.36,0.00,NA,NA,NA,NA,NA,NA,NA,NA,NA,NA,NA,NA,NA,NA,NA,NA
2021-04-11 18:00:00,NA,83.34,25.12,34.38,59.50,NA,9.40,0.00,NA,NA,NA,NA,NA,NA,NA,NA,NA,NA,NA,NA,NA,NA,NA,NA
2021-04-11 19:00:00,NA,83.29,27.18,34.96,62.14,NA,9.41,0.00,NA,NA,NA,NA,NA,NA,NA,NA,NA,NA,NA,NA,NA,NA,NA,NA
2021-04-11 20:00:00,NA,83.39,27.33,33.42,60.72,NA,4.37,0.00,NA,NA,NA,NA,NA,NA,NA,NA,NA,NA,NA,NA,NA,NA,NA,NA
2021-04-11 21:00:00,NA,83.06,26.58,34.47,61.04,NA,4.39,0.00,NA,NA,NA,NA,NA,NA,NA,NA,NA,NA,NA,NA,NA,NA,NA,NA
2021-04-11 22:00:00,NA,83.12,20.60,33.89,54.49,NA,4.33,0.00,NA,NA,NA,NA,NA,NA,NA,NA,NA,NA,NA,NA,NA,NA,NA,NA
2021-04-11 23:00:00,NA,82.87,26.57,34.14,60.72,NA,4.30,0.00,NA,NA,NA,NA,NA,NA,NA,NA,NA,NA,NA,NA,NA,NA,NA,NA
2021-04-12 00:00:00,NA,82.95,27.00,34.27,61.27,NA,4.30,0.00,NA,NA,NA,NA,NA,NA,NA,NA,NA,NA,NA,NA,NA,NA,NA,NA
2021-04-12 01:00:00,NA,83.14,25.62,34.12,59.63,NA,8.75,0.00,NA,NA,NA,NA,NA,NA,NA,NA,NA,NA,NA,NA,NA,NA,NA,NA
2021-04-12 02:00:00,NA,83.18,25.13,37.66,62.79,NA,8.98,0.00,NA,NA,NA,NA,NA,NA,NA,NA,NA,NA,NA,NA,NA,NA,NA,NA
2021-04-12 03:00:00,NA,82.87,23.10,35.19,58.30,NA,8.67,0.00,NA,NA,NA,NA,NA,NA,NA,NA,NA,NA,NA,NA,NA,NA,NA,NA
2021-04-12 04:00:00,NA,83.11,25.77,36.20,61.92,NA,8.79,0.00,NA,NA,NA,NA,NA,NA,NA,NA,NA,NA,NA,NA,NA,NA,NA,NA
2021-04-12 05:00:00,NA,82.93,22.73,35.00,57.45,NA,8.81,0.00,NA,NA,NA,NA,NA,NA,NA,NA,NA,NA,NA,NA,NA,NA,NA,NA
2021-04-12 06:00:00,NA,83.16,25.38,37.36,62.60,NA,10.39,0.00,NA,NA,NA,NA,NA,NA,NA,NA,NA,NA,NA,NA,NA,NA,NA,NA
2021-04-12 07:00:00,NA,82.93,25.40,38.10,63.51,NA,10.22,0.00,NA,NA,NA,NA,NA,NA,NA,NA,NA,NA,NA,NA,NA,NA,NA,NA
2021-04-12 08:00:00,NA,82.98,26.40,34.33,60.74,NA,10.26,0.00,NA,NA,NA,NA,NA,NA,NA,NA,NA,NA,NA,NA,NA,NA,NA,NA
2021-04-12 09:00:00,NA,82.92,22.10,34.73,56.62,NA,10.37,0.00,NA,NA,NA,NA,NA,NA,NA,NA,NA,NA,NA,NA,NA,NA,NA,NA
2021-04-12 10:00:00,NA,82.15,21.56,34.50,56.05,NA,10.35,0.00,NA,NA,NA,NA,NA,NA,NA,NA,NA,NA,NA,NA,NA,NA,NA,NA
2021-04-12 11:00:00,NA,82.18,23.74,33.67,57.38,NA,7.20,0.00,NA,NA,NA,NA,NA,NA,NA,NA,NA,NA,NA,NA,NA,NA,NA,NA
2021-04-12 12:00:00,NA,81.94,84.34,58.28,142.62,NA,7.52,0.00,NA,NA,NA,NA,NA,NA,NA,NA,NA,NA,NA,NA,NA,NA,NA,NA
2021-04-12 13:00:00,NA,82.11,64.66,56.28,120.94,NA,7.96,0.00,NA,NA,NA,NA,NA,NA,NA,NA,NA,NA,NA,NA,NA,NA,NA,NA
2021-04-12 14:00:00,NA,82.06,66.70,63.38,130.08,NA,8.29,0.00,NA,NA,NA,NA,NA,NA,NA,NA,NA,NA,NA,NA,NA,NA,NA,NA
2021-04-12 15:00:00,NA,81.97,66.70,241.00,32.52,NA,8.04,0.00,NA,NA,NA,NA,NA,NA,NA,NA,NA,NA,NA,NA,NA,NA,NA,NA
2021-04-12 16:00:00,NA,82.04,NA,493.96,0.00,NA,11.33,0.00,NA,NA,NA,NA,NA,NA,NA,NA,NA,NA,NA,NA,NA,NA,NA,NA
2021-04-12 17:00:00,NA,82.01,NA,428.26,0.00,NA,11.48,0.00,NA,NA,NA,NA,NA,NA,NA,NA,NA,NA,NA,NA,NA,NA,NA,NA
2021-04-12 18:00:00,NA,81.99,NA,NA,0.00,NA,11.50,0.00,NA,NA,NA,NA,NA,NA,NA,NA,NA,NA,NA,NA,NA,NA,NA,NA
2021-04-12 19:00:00,NA,82.23,NA,416.29,0.00,NA,11.44,0.00,NA,NA,NA,NA,NA,NA,NA,NA,NA,NA,NA,NA,NA,NA,NA,NA
2021-04-12 20:00:00,NA,82.10,NA,NA,0.00,NA,11.65,0.00,NA,NA,NA,NA,NA,NA,NA,NA,NA,NA,NA,NA,NA,NA,NA,NA
2021-04-12 21:00:00,NA,82.13,NA,NA,0.00,NA,10.84,0.00,NA,NA,NA,NA,NA,NA,NA,NA,NA,NA,NA,NA,NA,NA,NA,NA
2021-04-12 22:00:00,NA,82.13,NA,NA,0.00,NA,10.86,0.00,NA,NA,NA,NA,NA,NA,NA,NA,NA,NA,NA,NA,NA,NA,NA,NA
2021-04-12 23:00:00,NA,81.96,NA,NA,0.00,NA,10.86,0.00,NA,NA,NA,NA,NA,NA,NA,NA,NA,NA,NA,NA,NA,NA,NA,NA
2021-04-13 00:00:00,NA,82.22,NA,NA,0.00,NA,10.98,0.00,NA,NA,NA,NA,NA,NA,NA,NA,NA,NA,NA,NA,NA,NA,NA,NA
2021-04-13 01:00:00,NA,82.07,NA,NA,0.00,NA,11.07,0.00,NA,NA,NA,NA,NA,NA,NA,NA,NA,NA,NA,NA,NA,NA,NA,NA
2021-04-13 02:00:00,NA,81.99,NA,NA,0.00,NA,7.15,0.00,NA,NA,NA,NA,NA,NA,NA,NA,NA,NA,NA,NA,NA,NA,NA,NA
2021-04-13 03:00:00,NA,82.22,NA,NA,0.00,NA,7.36,0.00,NA,NA,NA,NA,NA,NA,NA,NA,NA,NA,NA,NA,NA,NA,NA,NA
2021-04-13 04:00:00,NA,82.17,NA,NA,0.00,NA,7.25,0.00,NA,NA,NA,NA,NA,NA,NA,NA,NA,NA,NA,NA,NA,NA,NA,NA
2021-04-13 05:00:00,NA,82.00,NA,NA,0.00,NA,7.28,0.00,NA,NA,NA,NA,NA,NA,NA,NA,NA,NA,NA,NA,NA,NA,NA,NA
2021-04-13 06:00:00,NA,82.11,NA,NA,0.00,NA,7.32,0.00,NA,NA,NA,NA,NA,NA,NA,NA,NA,NA,NA,NA,NA,NA,NA,NA
2021-04-13 07:00:00,NA,82.08,NA,NA,0.00,NA,9.74,0.00,NA,NA,NA,NA,NA,NA,NA,NA,NA,NA,NA,NA,NA,NA,NA,NA
2021-04-13 08:00:00,NA,82.14,NA,NA,0.00,NA,9.94,0.00,NA,NA,NA,NA,NA,NA,NA,NA,NA,NA,NA,NA,NA,NA,NA,NA
2021-04-13 09:00:00,NA,82.12,NA,NA,0.00,NA,10.06,0.00,NA,NA,NA,NA,NA,NA,NA,NA,NA,NA,NA,NA,NA,NA,NA,NA
2021-04-13 10:00:00,NA,82.00,NA,NA,0.00,NA,9.79,0.00,NA,NA,NA,NA,NA,NA,NA,NA,NA,NA,NA,NA,NA,NA,NA,NA
2021-04-13 11:00:00,NA,82.13,NA,NA,0.00,NA,9.69,0.00,NA,NA,NA,NA,NA,NA,NA,NA,NA,NA,NA,NA,NA,NA,NA,NA
2021-04-13 12:00:00,NA,82.00,NA,430.97,0.00,NA,10.74,0.00,NA,NA,NA,NA,NA,NA,NA,NA,NA,NA,NA,NA,NA,NA,NA,NA
2021-04-13 13:00:00,NA,82.04,NA,NA,0.00,NA,10.40,0.00,NA,NA,NA,NA,NA,NA,NA,NA,NA,NA,NA,NA,NA,NA,NA,NA
2021-04-13 14:00:00,NA,82.18,NA,450.48,0.00,NA,10.27,0.00,NA,NA,NA,NA,NA,NA,NA,NA,NA,NA,NA,NA,NA,NA,NA,NA
2021-04-13 15:00:00,NA,82.00,NA,NA,0.00,NA,9.96,0.00,NA,NA,NA,NA,NA,NA,NA,NA,NA,NA,NA,NA,NA,NA,NA,NA
2021-04-13 16:00:00,NA,82.01,NA,427.05,0.00,NA,9.62,0.00,NA,NA,NA,NA,NA,NA,NA,NA,NA,NA,NA,NA,NA,NA,NA,NA
2021-04-13 17:00:00,NA,82.18,NA,NA,0.00,NA,10.74,0.00,NA,NA,NA,NA,NA,NA,NA,NA,NA,NA,NA,NA,NA,NA,NA,NA
2021-04-13 18:00:00,NA,81.93,NA,NA,0.00,NA,10.84,0.00,NA,NA,NA,NA,NA,NA,NA,NA,NA,NA,NA,NA,NA,NA,NA,NA
2021-04-13 19:00:00,NA,82.08,NA,NA,0.00,NA,10.60,0.00,NA,NA,NA,NA,NA,NA,NA,NA,NA,NA,NA,NA,NA,NA,NA,NA
2021-04-13 20:00:00,NA,82.28,NA,NA,0.00,NA,10.65,0.00,NA,NA,NA,NA,NA,NA,NA,NA,NA,NA,NA,NA,NA,NA,NA,NA
2021-04-13 21:00:00,NA,82.00,NA,NA,0.00,NA,11.06,0.00,NA,NA,NA,NA,NA,NA,NA,NA,NA,NA,NA,NA,NA,NA,NA,NA
2021-04-13 22:00:00,NA,82.15,NA,NA,0.00,NA,9.57,0.00,NA,NA,NA,NA,NA,NA,NA,NA,NA,NA,NA,NA,NA,NA,NA,NA
2021-04-13 23:00:00,NA,82.06,NA,NA,0.00,NA,9.86,0.00,NA,NA,NA,NA,NA,NA,NA,NA,NA,NA,NA,NA,NA,NA,NA,NA
2021-04-14 00:00:00,NA,82.45,NA,NA,0.00,NA,9.90,0.00,NA,NA,NA,NA,NA,NA,NA,NA,NA,NA,NA,NA,NA,NA,NA,NA
2021-04-14 01:00:00,NA,82.18,NA,NA,0.00,NA,9.98,0.00,NA,NA,NA,NA,NA,NA,NA,NA,NA,NA,NA,NA,NA,NA,NA,NA
2021-04-14 02:00:00,NA,82.05,NA,NA,0.00,NA,10.10,0.00,NA,NA,NA,NA,NA,NA,NA,NA,NA,NA,NA,NA,NA,NA,NA,NA
2021-04-14 03:00:00,NA,82.27,6.47,136.23,0.44,NA,8.43,0.00,NA,NA,NA,NA,NA,NA,NA,NA,NA,NA,NA,NA,NA,NA,NA,NA
2021-04-14 04:00:00,NA,82.13,8.21,22.52,25.88,NA,8.52,0.00,NA,NA,NA,NA,NA,NA,NA,NA,NA,NA,NA,NA,NA,NA,NA,NA
2021-04-14 05:00:00,NA,82.00,25.88,34.68,60.56,NA,8.17,0.00,NA,NA,NA,NA,NA,NA,NA,NA,NA,NA,NA,NA,NA,NA,NA,NA
2021-04-14 06:00:00,NA,81.94,21.59,35.52,57.11,NA,7.83,0.00,NA,NA,NA,NA,NA,NA,NA,NA,NA,NA,NA,NA,NA,NA,NA,NA
2021-04-14 07:00:00,NA,82.10,24.07,35.58,59.65,NA,7.92,0.00,NA,NA,NA,NA,NA,NA,NA,NA,NA,NA,NA,NA,NA,NA,NA,NA
2021-04-14 08:00:00,NA,81.94,28.85,36.95,65.79,NA,7.43,0.00,NA,NA,NA,NA,NA,NA,NA,NA,NA,NA,NA,NA,NA,NA,NA,NA
2021-04-14 09:00:00,NA,82.19,22.80,32.00,54.79,NA,7.62,0.00,NA,NA,NA,NA,NA,NA,NA,NA,NA,NA,NA,NA,NA,NA,NA,NA
2021-04-14 10:00:00,NA,82.03,17.49,33.04,50.53,NA,7.54,0.00,NA,NA,NA,NA,NA,NA,NA,NA,NA,NA,NA,NA,NA,NA,NA,NA
2021-04-14 11:00:00,NA,82.15,20.07,33.50,53.58,NA,7.54,0.00,NA,NA,NA,NA,NA,NA,NA,NA,NA,NA,NA,NA,NA,NA,NA,NA
2021-04-14 12:00:00,NA,82.02,22.57,36.99,59.56,NA,7.48,0.25,NA,NA,NA,NA,NA,NA,NA,NA,NA,NA,NA,NA,NA,NA,NA,NA
2021-04-14 13:00:00,NA,82.18,24.72,37.73,62.44,NA,10.75,0.73,NA,NA,NA,NA,NA,NA,NA,NA,NA,NA,NA,NA,NA,NA,NA,NA
2021-04-14 14:00:00,NA,82.10,22.68,34.52,57.20,NA,10.72,2.25,NA,NA,NA,NA,NA,NA,NA,NA,NA,NA,NA,NA,NA,NA,NA,NA
2021-04-14 15:00:00,NA,82.03,23.60,34.19,57.65,NA,10.72,1.50,NA,NA,NA,NA,NA,NA,NA,NA,NA,NA,NA,NA,NA,NA,NA,NA
2021-04-14 16:00:00,NA,82.15,25.10,37.23,62.34,NA,10.68,1.20,NA,NA,NA,NA,NA,NA,NA,NA,NA,NA,NA,NA,NA,NA,NA,NA
2021-04-14 17:00:00,NA,82.07,23.94,35.01,58.95,NA,10.87,1.20,NA,NA,NA,NA,NA,NA,NA,NA,NA,NA,NA,NA,NA,NA,NA,NA
2021-04-14 18:00:00,NA,82.18,26.08,34.66,60.74,NA,11.07,1.20,NA,NA,NA,NA,NA,NA,NA,NA,NA,NA,NA,NA,NA,NA,NA,NA
2021-04-14 19:00:00,NA,82.25,26.82,38.37,63.83,NA,11.09,1.20,NA,NA,NA,NA,NA,NA,NA,NA,NA,NA,NA,NA,NA,NA,NA,NA
2021-04-14 20:00:00,NA,82.22,24.79,35.24,60.03,NA,11.18,1.20,NA,NA,NA,NA,NA,NA,NA,NA,NA,NA,NA,NA,NA,NA,NA,NA
2021-04-14 21:00:00,NA,NA,31.58,36.90,68.48,NA,11.23,1.20,NA,NA,NA,NA,NA,NA,NA,NA,NA,NA,NA,NA,NA,NA,NA,NA
2021-04-14 22:00:00,NA,82.15,26.43,39.56,65.99,NA,11.32,1.20,NA,NA,NA,NA,NA,NA,NA,NA,NA,NA,NA,NA,NA,NA,NA,NA
2021-04-14 23:00:00,NA,81.99,24.73,35.32,60.05,NA,10.59,1.20,NA,NA,NA,NA,NA,NA,NA,NA,NA,NA,NA,NA,NA,NA,NA,NA
2021-04-15 00:00:00,NA,81.76,31.75,39.02,70.60,NA,10.59,2.64,NA,NA,NA,NA,NA,NA,NA,NA,NA,NA,NA,NA,NA,NA,NA,NA
2021-04-15 01:00:00,NA,82.05,22.86,34.92,57.73,NA,10.68,2.48,NA,NA,NA,NA,NA,NA,NA,NA,NA,NA,NA,NA,NA,NA,NA,NA
2021-04-15 02:00:00,NA,82.26,22.39,32.65,55.04,NA,10.52,2.54,NA,NA,NA,NA,NA,NA,NA,NA,NA,NA,NA,NA,NA,NA,NA,NA
2021-04-15 03:00:00,NA,82.12,30.40,38.64,69.04,NA,10.63,2.45,NA,NA,NA,NA,NA,NA,NA,NA,NA,NA,NA,NA,NA,NA,NA,NA
2021-04-15 04:00:00,NA,82.12,22.88,35.16,58.04,NA,8.43,2.40,NA,NA,NA,NA,NA,NA,NA,NA,NA,NA,NA,NA,NA,NA,NA,NA
2021-04-15 05:00:00,NA,82.10,19.63,35.09,54.68,NA,8.21,2.80,NA,NA,NA,NA,NA,NA,NA,NA,NA,NA,NA,NA,NA,NA,NA,NA
2021-04-15 06:00:00,NA,82.06,24.79,35.03,59.82,NA,8.35,3.36,NA,NA,NA,NA,NA,NA,NA,NA,NA,NA,NA,NA,NA,NA,NA,NA
2021-04-15 07:00:00,NA,81.98,28.88,37.25,66.13,NA,8.22,4.06,NA,NA,NA,NA,NA,NA,NA,NA,NA,NA,NA,NA,NA,NA,NA,NA
2021-04-15 08:00:00,NA,82.22,19.76,36.07,55.67,NA,8.50,3.41,NA,NA,NA,NA,NA,NA,NA,NA,NA,NA,NA,NA,NA,NA,NA,NA
2021-04-15 09:00:00,NA,82.14,23.32,35.26,58.58,NA,10.03,2.11,NA,NA,NA,NA,NA,NA,NA,NA,NA,NA,NA,NA,NA,NA,NA,NA
2021-04-15 10:00:00,NA,82.16,15.87,30.58,44.69,NA,9.88,1.75,NA,NA,NA,NA,NA,NA,NA,NA,NA,NA,NA,NA,NA,NA,NA,NA
2021-04-15 11:00:00,NA,82.10,17.70,34.68,52.21,NA,9.88,1.34,NA,NA,NA,NA,NA,NA,NA,NA,NA,NA,NA,NA,NA,NA,NA,NA
2021-04-15 12:00:00,NA,NA,NA,NA,NA,NA,NA,NA,NA,NA,NA,NA,NA,NA,NA,NA,NA,NA,NA,NA,NA,NA,NA,NA
2021-04-15 13:00:00,NA,NA,NA,NA,NA,NA,NA,NA,NA,NA,NA,NA,NA,NA,NA,NA,NA,NA,NA,NA,NA,NA,NA,NA
2021-04-15 14:00:00,NA,NA,NA,NA,0.00,NA,NA,0.00,NA,NA,NA,NA,NA,NA,NA,NA,NA,NA,NA,NA,NA,NA,NA,NA
2021-04-15 15:00:00,NA,82.06,14.88,29.78,21.22,NA,12.42,0.73,NA,NA,NA,NA,NA,NA,NA,NA,NA,NA,NA,NA,NA,NA,NA,NA
2021-04-15 16:00:00,NA,82.20,20.82,30.96,51.79,NA,12.45,1.26,NA,NA,NA,NA,NA,NA,NA,NA,NA,NA,NA,NA,NA,NA,NA,NA
2021-04-15 17:00:00,NA,82.18,19.84,30.13,49.22,NA,8.02,1.09,NA,NA,NA,NA,NA,NA,NA,NA,NA,NA,NA,NA,NA,NA,NA,NA
2021-04-15 18:00:00,NA,82.20,20.09,30.53,50.62,NA,8.09,1.62,NA,NA,NA,NA,NA,NA,NA,NA,NA,NA,NA,NA,NA,NA,NA,NA
2021-04-15 19:00:00,NA,81.83,28.01,34.72,62.73,NA,8.02,1.66,NA,NA,NA,NA,NA,NA,NA,NA,NA,NA,NA,NA,NA,NA,NA,NA
2021-04-15 20:00:00,NA,82.00,30.93,36.12,67.05,NA,8.13,1.99,NA,NA,NA,NA,NA,NA,NA,NA,NA,NA,NA,NA,NA,NA,NA,NA
2021-04-15 21:00:00,NA,82.06,23.75,37.19,60.94,NA,7.98,1.76,NA,NA,NA,NA,NA,NA,NA,NA,NA,NA,NA,NA,NA,NA,NA,NA
2021-04-15 22:00:00,NA,82.12,24.06,35.73,59.79,NA,9.06,1.13,NA,NA,NA,NA,NA,NA,NA,NA,NA,NA,NA,NA,NA,NA,NA,NA
2021-04-15 23:00:00,NA,82.18,16.62,33.26,37.39,NA,8.98,0.52,NA,NA,NA,NA,NA,NA,NA,NA,NA,NA,NA,NA,NA,NA,NA,NA
2021-04-16 00:00:00,NA,82.09,26.35,35.71,62.06,NA,9.25,0.47,NA,NA,NA,NA,NA,NA,NA,NA,NA,NA,NA,NA,NA,NA,NA,NA
2021-04-16 01:00:00,NA,82.09,29.04,37.81,66.85,NA,9.06,0.48,NA,NA,NA,NA,NA,NA,NA,NA,NA,NA,NA,NA,NA,NA,NA,NA
2021-04-16 02:00:00,NA,82.14,21.83,33.94,55.76,NA,9.16,0.48,NA,NA,NA,NA,NA,NA,NA,NA,NA,NA,NA,NA,NA,NA,NA,NA
2021-04-16 03:00:00,NA,82.04,22.95,35.31,45.53,NA,8.56,0.10,NA,NA,NA,NA,NA,NA,NA,NA,NA,NA,NA,NA,NA,NA,NA,NA
2021-04-16 04:00:00,NA,82.05,24.50,33.38,57.88,NA,8.37,0.02,NA,NA,NA,NA,NA,NA,NA,NA,NA,NA,NA,NA,NA,NA,NA,NA
2021-04-16 05:00:00,NA,82.16,23.10,34.99,58.09,NA,8.49,0.28,NA,NA,NA,NA,NA,NA,NA,NA,NA,NA,NA,NA,NA,NA,NA,NA
2021-04-16 06:00:00,NA,82.06,34.38,40.33,74.70,NA,8.38,0.23,NA,NA,NA,NA,NA,NA,NA,NA,NA,NA,NA,NA,NA,NA,NA,NA
2021-04-16 07:00:00,NA,82.09,23.07,33.76,56.83,NA,8.38,0.44,NA,NA,NA,NA,NA,NA,NA,NA,NA,NA,NA,NA,NA,NA,NA,NA
2021-04-16 08:00:00,NA,82.01,26.17,36.38,62.54,NA,8.34,0.36,NA,NA,NA,NA,NA,NA,NA,NA,NA,NA,NA,NA,NA,NA,NA,NA
2021-04-16 09:00:00,NA,82.12,25.05,35.20,60.26,NA,8.26,0.37,NA,NA,NA,NA,NA,NA,NA,NA,NA,NA,NA,NA,NA,NA,NA,NA
2021-04-16 10:00:00,NA,81.93,32.18,39.12,71.28,NA,8.32,0.33,NA,NA,NA,NA,NA,NA,NA,NA,NA,NA,NA,NA,NA,NA,NA,NA
2021-04-16 11:00:00,NA,82.20,18.11,35.09,53.18,NA,8.44,0.49,NA,NA,NA,NA,NA,NA,NA,NA,NA,NA,NA,NA,NA,NA,NA,NA
2021-04-16 12:00:00,NA,81.94,26.58,36.76,63.34,NA,8.30,0.80,NA,NA,NA,NA,NA,NA,NA,NA,NA,NA,NA,NA,NA,NA,NA,NA
2021-04-16 13:00:00,NA,82.18,20.20,33.52,39.70,NA,6.77,0.57,NA,NA,NA,NA,NA,NA,NA,NA,NA,NA,NA,NA,NA,NA,NA,NA
2021-04-16 14:00:00,NA,81.91,20.91,35.48,56.39,NA,7.04,0.65,NA,NA,NA,NA,NA,NA,NA,NA,NA,NA,NA,NA,NA,NA,NA,NA
2021-04-16 15:00:00,NA,82.10,30.72,38.00,68.72,NA,6.95,0.72,NA,NA,NA,NA,NA,NA,NA,NA,NA,NA,NA,NA,NA,NA,NA,NA
2021-04-16 16:00:00,NA,82.06,24.17,36.28,60.46,NA,7.01,0.80,NA,NA,NA,NA,NA,NA,NA,NA,NA,NA,NA,NA,NA,NA,NA,NA
2021-04-16 17:00:00,NA,82.06,19.56,33.49,53.05,NA,7.07,0.59,NA,NA,NA,NA,NA,NA,NA,NA,NA,NA,NA,NA,NA,NA,NA,NA
2021-04-16 18:00:00,NA,82.09,26.11,37.40,63.32,NA,9.32,2.49,NA,NA,NA,NA,NA,NA,NA,NA,NA,NA,NA,NA,NA,NA,NA,NA
2021-04-16 19:00:00,NA,82.12,28.03,38.53,66.56,NA,9.26,2.22,NA,NA,NA,NA,NA,NA,NA,NA,NA,NA,NA,NA,NA,NA,NA,NA
2021-04-16 20:00:00,NA,81.99,19.00,34.35,53.35,NA,9.24,2.37,NA,NA,NA,NA,NA,NA,NA,NA,NA,NA,NA,NA,NA,NA,NA,NA
2021-04-16 21:00:00,NA,82.06,31.10,40.78,71.88,NA,9.18,3.48,NA,NA,NA,NA,NA,NA,NA,NA,NA,NA,NA,NA,NA,NA,NA,NA
2021-04-16 22:00:00,NA,82.08,22.15,34.45,56.60,NA,9.32,2.25,NA,NA,NA,NA,NA,NA,NA,NA,NA,NA,NA,NA,NA,NA,NA,NA
2021-04-16 23:00:00,NA,82.12,23.75,33.85,57.61,NA,7.87,0.74,NA,NA,NA,NA,NA,NA,NA,NA,NA,NA,NA,NA,NA,NA,NA,NA
2021-04-17 00:00:00,NA,82.06,21.84,35.84,57.68,NA,7.88,0.45,NA,NA,NA,NA,NA,NA,NA,NA,NA,NA,NA,NA,NA,NA,NA,NA
2021-04-17 01:00:00,NA,82.14,25.09,38.01,63.10,NA,8.00,0.36,NA,NA,NA,NA,NA,NA,NA,NA,NA,NA,NA,NA,NA,NA,NA,NA
2021-04-17 02:00:00,NA,82.23,23.91,36.93,60.84,NA,8.02,0.34,NA,NA,NA,NA,NA,NA,NA,NA,NA,NA,NA,NA,NA,NA,NA,NA
2021-04-17 03:00:00,NA,82.25,27.19,36.83,64.02,NA,7.93,0.33,NA,NA,NA,NA,NA,NA,NA,NA,NA,NA,NA,NA,NA,NA,NA,NA
2021-04-17 04:00:00,NA,82.16,21.32,33.40,54.38,NA,7.82,NA,NA,NA,NA,NA,NA,NA,NA,NA,NA,NA,NA,NA,NA,NA,NA,NA
2021-04-17 05:00:00,NA,82.12,25.80,36.24,62.04,NA,7.94,0.06,NA,NA,NA,NA,NA,NA,NA,NA,NA,NA,NA,NA,NA,NA,NA,NA
2021-04-17 06:00:00,NA,82.00,30.04,36.54,66.57,NA,7.96,0.31,NA,NA,NA,NA,NA,NA,NA,NA,NA,NA,NA,NA,NA,NA,NA,NA
2021-04-17 07:00:00,NA,82.24,24.77,36.84,61.54,NA,8.04,0.15,NA,NA,NA,NA,NA,NA,NA,NA,NA,NA,NA,NA,NA,NA,NA,NA
2021-04-17 08:00:00,NA,82.11,24.68,34.66,60.36,NA,7.96,0.28,NA,NA,NA,NA,NA,NA,NA,NA,NA,NA,NA,NA,NA,NA,NA,NA
2021-04-17 09:00:00,NA,82.08,25.77,35.52,61.29,NA,6.23,0.31,NA,NA,NA,NA,NA,NA,NA,NA,NA,NA,NA,NA,NA,NA,NA,NA
2021-04-17 10:00:00,NA,82.02,29.04,38.69,50.28,NA,6.12,0.25,NA,NA,NA,NA,NA,NA,NA,NA,NA,NA,NA,NA,NA,NA,NA,NA
2021-04-17 11:00:00,NA,81.99,26.39,35.66,62.04,NA,6.22,0.30,NA,NA,NA,NA,NA,NA,NA,NA,NA,NA,NA,NA,NA,NA,NA,NA
2021-04-17 12:00:00,NA,82.03,25.60,38.15,61.76,NA,6.10,0.61,NA,NA,NA,NA,NA,NA,NA,NA,NA,NA,NA,NA,NA,NA,NA,NA
2021-04-17 13:00:00,NA,82.16,21.34,35.15,56.44,NA,6.07,0.98,NA,NA,NA,NA,NA,NA,NA,NA,NA,NA,NA,NA,NA,NA,NA,NA
2021-04-17 14:00:00,NA,82.07,23.12,35.56,58.68,NA,9.78,0.94,NA,NA,NA,NA,NA,NA,NA,NA,NA,NA,NA,NA,NA,NA,NA,NA
2021-04-17 15:00:00,NA,82.01,24.42,35.63,60.05,NA,9.80,0.82,NA,NA,NA,NA,NA,NA,NA,NA,NA,NA,NA,NA,NA,NA,NA,NA
2021-04-17 16:00:00,NA,81.95,26.17,36.26,62.43,NA,9.70,0.53,NA,NA,NA,NA,NA,NA,NA,NA,NA,NA,NA,NA,NA,NA,NA,NA
2021-04-17 17:00:00,NA,82.18,26.50,36.68,63.18,NA,9.58,0.77,NA,NA,NA,NA,NA,NA,NA,NA,NA,NA,NA,NA,NA,NA,NA,NA
2021-04-17 18:00:00,NA,82.18,26.99,37.15,64.14,NA,9.74,1.72,NA,NA,NA,NA,NA,NA,NA,NA,NA,NA,NA,NA,NA,NA,NA,NA
2021-04-17 19:00:00,NA,82.08,22.76,34.06,56.82,NA,12.00,2.30,NA,NA,NA,NA,NA,NA,NA,NA,NA,NA,NA,NA,NA,NA,NA,NA
2021-04-17 20:00:00,NA,82.18,25.70,35.03,60.72,NA,12.09,2.09,NA,NA,NA,NA,NA,NA,NA,NA,NA,NA,NA,NA,NA,NA,NA,NA
2021-04-17 21:00:00,NA,82.06,27.08,36.41,63.48,NA,12.33,3.08,NA,NA,NA,NA,NA,NA,NA,NA,NA,NA,NA,NA,NA,NA,NA,NA
2021-04-17 22:00:00,NA,82.02,27.35,37.14,64.50,NA,12.04,2.52,NA,NA,NA,NA,NA,NA,NA,NA,NA,NA,NA,NA,NA,NA,NA,NA
2021-04-17 23:00:00,NA,82.06,25.48,39.23,64.71,NA,12.05,0.85,NA,NA,NA,NA,NA,NA,NA,NA,NA,NA,NA,NA,NA,NA,NA,NA
2021-04-18 00:00:00,NA,82.22,24.11,38.13,62.24,NA,7.06,0.28,NA,NA,NA,NA,NA,NA,NA,NA,NA,NA,NA,NA,NA,NA,NA,NA
2021-04-18 01:00:00,NA,81.92,25.49,38.30,63.79,NA,7.02,0.10,NA,NA,NA,NA,NA,NA,NA,NA,NA,NA,NA,NA,NA,NA,NA,NA
2021-04-18 02:00:00,NA,82.01,23.58,37.10,60.68,NA,6.96,0.11,NA,NA,NA,NA,NA,NA,NA,NA,NA,NA,NA,NA,NA,NA,NA,NA
2021-04-18 03:00:00,NA,81.90,30.44,38.09,68.53,NA,7.04,0.42,NA,NA,NA,NA,NA,NA,NA,NA,NA,NA,NA,NA,NA,NA,NA,NA
2021-04-18 04:00:00,NA,82.12,23.56,33.26,56.72,NA,7.01,NA,NA,NA,NA,NA,NA,NA,NA,NA,NA,NA,NA,NA,NA,NA,NA,NA
2021-04-18 05:00:00,NA,82.10,28.82,34.78,63.59,NA,9.89,NA,NA,NA,NA,NA,NA,NA,NA,NA,NA,NA,NA,NA,NA,NA,NA,NA
2021-04-18 06:00:00,NA,82.25,22.57,35.75,58.32,NA,10.08,0.13,NA,NA,NA,NA,NA,NA,NA,NA,NA,NA,NA,NA,NA,NA,NA,NA
2021-04-18 07:00:00,NA,NA,NA,NA,NA,NA,NA,NA,NA,NA,NA,NA,NA,NA,NA,NA,NA,NA,NA,NA,NA,NA,NA,NA
2021-04-18 08:00:00,NA,NA,23.79,34.38,58.17,NA,10.12,0.33,NA,NA,NA,NA,NA,NA,NA,NA,NA,NA,NA,NA,NA,NA,NA,NA
2021-04-18 09:00:00,NA,82.04,25.12,33.55,58.68,NA,10.09,0.20,NA,NA,NA,NA,NA,NA,NA,NA,NA,NA,NA,NA,NA,NA,NA,NA
2021-04-18 10:00:00,NA,82.22,30.09,37.42,67.51,NA,10.70,0.34,NA,NA,NA,NA,NA,NA,NA,NA,NA,NA,NA,NA,NA,NA,NA,NA
2021-04-18 11:00:00,NA,82.13,26.84,36.75,63.58,NA,10.63,0.50,NA,NA,NA,NA,NA,NA,NA,NA,NA,NA,NA,NA,NA,NA,NA,NA
2021-04-18 12:00:00,NA,82.10,25.11,37.56,61.28,NA,10.62,0.73,NA,NA,NA,NA,NA,NA,NA,NA,NA,NA,NA,NA,NA,NA,NA,NA
2021-04-18 13:00:00,NA,82.04,16.62,34.39,50.87,NA,10.60,0.58,NA,NA,NA,NA,NA,NA,NA,NA,NA,NA,NA,NA,NA,NA,NA,NA
2021-04-18 14:00:00,NA,81.84,19.96,36.09,56.05,NA,10.68,0.71,NA,NA,NA,NA,NA,NA,NA,NA,NA,NA,NA,NA,NA,NA,NA,NA
2021-04-18 15:00:00,NA,NA,44.11,40.18,81.40,NA,7.78,0.55,NA,NA,NA,NA,NA,NA,NA,NA,NA,NA,NA,NA,NA,NA,NA,NA
2021-04-18 16:00:00,NA,82.05,26.67,32.83,55.98,NA,7.52,0.82,NA,NA,NA,NA,NA,NA,NA,NA,NA,NA,NA,NA,NA,NA,NA,NA
2021-04-18 17:00:00,NA,81.96,25.42,36.40,61.81,NA,7.51,0.70,NA,NA,NA,NA,NA,NA,NA,NA,NA,NA,NA,NA,NA,NA,NA,NA
2021-04-18 18:00:00,NA,82.12,23.55,34.22,57.76,NA,7.46,1.18,NA,NA,NA,NA,NA,NA,NA,NA,NA,NA,NA,NA,NA,NA,NA,NA
2021-04-18 19:00:00,NA,82.02,24.82,34.61,59.42,NA,7.38,1.62,NA,NA,NA,NA,NA,NA,NA,NA,NA,NA,NA,NA,NA,NA,NA,NA
2021-04-18 20:00:00,NA,82.15,32.95,40.21,73.16,NA,6.22,1.67,NA,NA,NA,NA,NA,NA,NA,NA,NA,NA,NA,NA,NA,NA,NA,NA
2021-04-18 21:00:00,NA,82.17,18.96,34.37,53.20,NA,6.19,1.43,NA,NA,NA,NA,NA,NA,NA,NA,NA,NA,NA,NA,NA,NA,NA,NA
2021-04-18 22:00:00,NA,82.12,22.78,36.48,59.27,NA,6.13,1.11,NA,NA,NA,NA,NA,NA,NA,NA,NA,NA,NA,NA,NA,NA,NA,NA
2021-04-18 23:00:00,NA,82.14,19.03,32.71,51.74,NA,6.13,0.27,NA,NA,NA,NA,NA,NA,NA,NA,NA,NA,NA,NA,NA,NA,NA,NA
2021-04-19 00:00:00,NA,81.94,33.04,39.89,72.93,NA,5.92,NA,NA,NA,NA,NA,NA,NA,NA,NA,NA,NA,NA,NA,NA,NA,NA,NA
2021-04-19 01:00:00,NA,82.10,22.81,36.83,59.59,NA,11.62,NA,NA,NA,NA,NA,NA,NA,NA,NA,NA,NA,NA,NA,NA,NA,NA,NA
2021-04-19 02:00:00,NA,82.04,20.23,33.03,53.09,NA,11.87,NA,NA,NA,NA,NA,NA,NA,NA,NA,NA,NA,NA,NA,NA,NA,NA,NA
2021-04-19 03:00:00,NA,82.06,30.60,36.89,67.50,NA,11.67,0.26,NA,NA,NA,NA,NA,NA,NA,NA,NA,NA,NA,NA,NA,NA,NA,NA
2021-04-19 04:00:00,NA,82.10,23.46,33.35,56.81,NA,11.89,0.06,NA,NA,NA,NA,NA,NA,NA,NA,NA,NA,NA,NA,NA,NA,NA,NA
2021-04-19 05:00:00,NA,81.88,29.26,37.46,66.72,NA,11.58,0.24,NA,NA,NA,NA,NA,NA,NA,NA,NA,NA,NA,NA,NA,NA,NA,NA
2021-04-19 06:00:00,NA,82.19,27.35,34.59,61.92,NA,9.33,0.30,NA,NA,NA,NA,NA,NA,NA,NA,NA,NA,NA,NA,NA,NA,NA,NA
2021-04-19 07:00:00,NA,NA,31.57,37.77,69.34,NA,9.13,0.34,NA,NA,NA,NA,NA,NA,NA,NA,NA,NA,NA,NA,NA,NA,NA,NA
2021-04-19 08:00:00,NA,82.20,28.62,38.51,67.13,NA,9.10,0.32,NA,NA,NA,NA,NA,NA,NA,NA,NA,NA,NA,NA,NA,NA,NA,NA
2021-04-19 09:00:00,NA,81.88,22.79,35.12,57.85,NA,9.20,0.32,NA,NA,NA,NA,NA,NA,NA,NA,NA,NA,NA,NA,NA,NA,NA,NA
2021-04-19 10:00:00,NA,82.08,28.81,35.93,64.54,NA,9.04,0.33,NA,NA,NA,NA,NA,NA,NA,NA,NA,NA,NA,NA,NA,NA,NA,NA
2021-04-19 11:00:00,NA,82.12,23.08,34.80,57.88,NA,9.13,0.29,NA,NA,NA,NA,NA,NA,NA,NA,NA,NA,NA,NA,NA,NA,NA,NA
2021-04-19 12:00:00,NA,81.98,22.20,35.91,58.10,NA,9.06,0.20,NA,NA,NA,NA,NA,NA,NA,NA,NA,NA,NA,NA,NA,NA,NA,NA
2021-04-19 13:00:00,NA,NA,NA,NA,NA,NA,NA,NA,NA,NA,NA,NA,NA,NA,NA,NA,NA,NA,NA,NA,NA,NA,NA,NA
2021-04-19 14:00:00,NA,NA,NA,NA,NA,NA,NA,NA,NA,NA,NA,NA,NA,NA,NA,NA,NA,NA,NA,NA,NA,NA,NA,NA
2021-04-19 15:00:00,NA,NA,NA,NA,NA,NA,NA,NA,NA,NA,NA,NA,NA,NA,NA,NA,NA,NA,NA,NA,NA,NA,NA,NA
2021-04-19 16:00:00,NA,NA,NA,NA,0.00,NA,NA,0.00,NA,NA,NA,NA,NA,NA,NA,NA,NA,NA,NA,NA,NA,NA,NA,NA
2021-04-19 17:00:00,NA,NA,NA,NA,0.00,NA,NA,0.00,NA,NA,NA,NA,NA,NA,NA,NA,NA,NA,NA,NA,NA,NA,NA,NA
2021-04-19 18:00:00,NA,NA,NA,NA,NA,NA,NA,NA,NA,NA,NA,NA,NA,NA,NA,NA,NA,NA,NA,NA,NA,NA,NA,NA
2021-04-19 19:00:00,NA,NA,NA,NA,NA,NA,NA,0.00,NA,NA,NA,NA,NA,NA,NA,NA,NA,NA,NA,NA,NA,NA,NA,NA
2021-04-19 20:00:00,NA,NA,NA,NA,0.00,NA,NA,0.00,NA,NA,NA,NA,NA,NA,NA,NA,NA,NA,NA,NA,NA,NA,NA,NA
2021-04-19 21:00:00,NA,NA,NA,NA,0.00,NA,NA,0.00,NA,NA,NA,NA,NA,NA,NA,NA,NA,NA,NA,NA,NA,NA,NA,NA
2021-04-19 22:00:00,NA,NA,NA,NA,0.00,NA,NA,0.00,NA,NA,NA,NA,NA,NA,NA,NA,NA,NA,NA,NA,NA,NA,NA,NA
2021-04-19 23:00:00,NA,NA,NA,NA,0.00,NA,NA,0.00,NA,NA,NA,NA,NA,NA,NA,NA,NA,NA,NA,NA,NA,NA,NA,NA
2021-04-20 00:00:00,NA,NA,NA,NA,NA,NA,NA,NA,NA,NA,NA,NA,NA,NA,NA,NA,NA,NA,NA,NA,NA,NA,NA,NA
2021-04-20 01:00:00,NA,NA,NA,NA,NA,NA,NA,NA,NA,NA,NA,NA,NA,NA,NA,NA,NA,NA,NA,NA,NA,NA,NA,NA
2021-04-20 02:00:00,NA,NA,NA,NA,NA,NA,NA,NA,NA,NA,NA,NA,NA,NA,NA,NA,NA,NA,NA,NA,NA,NA,NA,NA
2021-04-20 03:00:00,NA,NA,NA,NA,NA,NA,NA,NA,NA,NA,NA,NA,NA,NA,NA,NA,NA,NA,NA,NA,NA,NA,NA,NA
2021-04-20 04:00:00,NA,NA,NA,NA,NA,NA,NA,NA,NA,NA,NA,NA,NA,NA,NA,NA,NA,NA,NA,NA,NA,NA,NA,NA
2021-04-20 05:00:00,NA,NA,NA,NA,NA,NA,NA,NA,NA,NA,NA,NA,NA,NA,NA,NA,NA,NA,NA,NA,NA,NA,NA,NA
2021-04-20 06:00:00,NA,NA,NA,NA,NA,NA,NA,NA,NA,NA,NA,NA,NA,NA,NA,NA,NA,NA,NA,NA,NA,NA,NA,NA
2021-04-20 07:00:00,NA,NA,NA,NA,NA,NA,NA,NA,NA,NA,NA,NA,NA,NA,NA,NA,NA,NA,NA,NA,NA,NA,NA,NA
2021-04-20 08:00:00,NA,NA,NA,NA,NA,NA,NA,NA,NA,NA,NA,NA,NA,NA,NA,NA,NA,NA,NA,NA,NA,NA,NA,NA
2021-04-20 09:00:00,NA,NA,NA,NA,NA,NA,NA,NA,NA,NA,NA,NA,NA,NA,NA,NA,NA,NA,NA,NA,NA,NA,NA,NA
2021-04-20 10:00:00,NA,NA,NA,NA,NA,NA,NA,NA,NA,NA,NA,NA,NA,NA,NA,NA,NA,NA,NA,NA,NA,NA,NA,NA
2021-04-20 11:00:00,NA,NA,NA,NA,NA,NA,NA,NA,NA,NA,NA,NA,NA,NA,NA,NA,NA,NA,NA,NA,NA,NA,NA,NA
2021-04-20 12:00:00,NA,NA,NA,NA,NA,NA,NA,NA,NA,NA,NA,NA,NA,NA,NA,NA,NA,NA,NA,NA,NA,NA,NA,NA
2021-04-20 13:00:00,NA,NA,NA,NA,NA,NA,NA,NA,NA,NA,NA,NA,NA,NA,NA,NA,NA,NA,NA,NA,NA,NA,NA,NA
2021-04-20 14:00:00,NA,NA,NA,NA,NA,NA,NA,NA,NA,NA,NA,NA,NA,NA,NA,NA,NA,NA,NA,NA,NA,NA,NA,NA
2021-04-20 15:00:00,NA,NA,NA,NA,NA,NA,NA,NA,NA,NA,NA,NA,NA,NA,NA,NA,NA,NA,NA,NA,NA,NA,NA,NA
2021-04-20 16:00:00,NA,NA,NA,NA,NA,NA,NA,NA,NA,NA,NA,NA,NA,NA,NA,NA,NA,NA,NA,NA,NA,NA,NA,NA
2021-04-20 17:00:00,NA,NA,NA,NA,NA,NA,NA,NA,NA,NA,NA,NA,NA,NA,NA,NA,NA,NA,NA,NA,NA,NA,NA,NA
2021-04-20 18:00:00,NA,NA,NA,NA,NA,NA,NA,NA,NA,NA,NA,NA,NA,NA,NA,NA,NA,NA,NA,NA,NA,NA,NA,NA
2021-04-20 19:00:00,NA,NA,NA,NA,NA,NA,NA,NA,NA,NA,NA,NA,NA,NA,NA,NA,NA,NA,NA,NA,NA,NA,NA,NA
2021-04-20 20:00:00,NA,NA,NA,NA,NA,NA,NA,NA,NA,NA,NA,NA,NA,NA,NA,NA,NA,NA,NA,NA,NA,NA,NA,NA
2021-04-20 21:00:00,NA,NA,NA,NA,NA,NA,NA,NA,NA,NA,NA,NA,NA,NA,NA,NA,NA,NA,NA,NA,NA,NA,NA,NA
2021-04-20 22:00:00,NA,NA,NA,NA,NA,NA,NA,NA,NA,NA,NA,NA,NA,NA,NA,NA,NA,NA,NA,NA,NA,NA,NA,NA
2021-04-20 23:00:00,NA,NA,NA,NA,NA,NA,NA,NA,NA,NA,NA,NA,NA,NA,NA,NA,NA,NA,NA,NA,NA,NA,NA,NA
2021-04-21 00:00:00,NA,NA,NA,NA,NA,NA,NA,NA,NA,NA,NA,NA,NA,NA,NA,NA,NA,NA,NA,NA,NA,NA,NA,NA
2021-04-21 01:00:00,NA,NA,NA,NA,NA,NA,NA,NA,NA,NA,NA,NA,NA,NA,NA,NA,NA,NA,NA,NA,NA,NA,NA,NA
2021-04-21 02:00:00,NA,NA,NA,NA,NA,NA,NA,NA,NA,NA,NA,NA,NA,NA,NA,NA,NA,NA,NA,NA,NA,NA,NA,NA
2021-04-21 03:00:00,NA,NA,NA,NA,NA,NA,NA,NA,NA,NA,NA,NA,NA,NA,NA,NA,NA,NA,NA,NA,NA,NA,NA,NA
2021-04-21 04:00:00,NA,NA,NA,NA,NA,NA,NA,NA,NA,NA,NA,NA,NA,NA,NA,NA,NA,NA,NA,NA,NA,NA,NA,NA
2021-04-21 05:00:00,NA,NA,NA,NA,NA,NA,NA,NA,NA,NA,NA,NA,NA,NA,NA,NA,NA,NA,NA,NA,NA,NA,NA,NA
2021-04-21 06:00:00,NA,NA,NA,NA,NA,NA,NA,NA,NA,NA,NA,NA,NA,NA,NA,NA,NA,NA,NA,NA,NA,NA,NA,NA
2021-04-21 07:00:00,NA,NA,NA,NA,NA,NA,NA,NA,NA,NA,NA,NA,NA,NA,NA,NA,NA,NA,NA,NA,NA,NA,NA,NA
2021-04-21 08:00:00,NA,NA,NA,NA,NA,NA,NA,NA,NA,NA,NA,NA,NA,NA,NA,NA,NA,NA,NA,NA,NA,NA,NA,NA
2021-04-21 09:00:00,NA,NA,NA,NA,NA,NA,NA,NA,NA,NA,NA,NA,NA,NA,NA,NA,NA,NA,NA,NA,NA,NA,NA,NA
2021-04-21 10:00:00,NA,NA,NA,NA,NA,NA,NA,NA,NA,NA,NA,NA,NA,NA,NA,NA,NA,NA,NA,NA,NA,NA,NA,NA
2021-04-21 11:00:00,NA,NA,NA,NA,NA,NA,NA,NA,NA,NA,NA,NA,NA,NA,NA,NA,NA,NA,NA,NA,NA,NA,NA,NA
2021-04-21 12:00:00,NA,NA,NA,NA,NA,NA,NA,NA,NA,NA,NA,NA,NA,NA,NA,NA,NA,NA,NA,NA,NA,NA,NA,NA
2021-04-21 13:00:00,NA,NA,NA,NA,NA,NA,NA,NA,NA,NA,NA,NA,NA,NA,NA,NA,NA,NA,NA,NA,NA,NA,NA,NA
2021-04-21 14:00:00,NA,NA,NA,NA,NA,NA,NA,NA,NA,NA,NA,NA,NA,NA,NA,NA,NA,NA,NA,NA,NA,NA,NA,NA
2021-04-21 15:00:00,NA,NA,NA,NA,NA,NA,NA,NA,NA,NA,NA,NA,NA,NA,NA,NA,NA,NA,NA,NA,NA,NA,NA,NA
2021-04-21 16:00:00,NA,NA,NA,NA,NA,NA,NA,NA,NA,NA,NA,NA,NA,NA,NA,NA,NA,NA,NA,NA,NA,NA,NA,NA
2021-04-21 17:00:00,NA,NA,NA,NA,NA,NA,NA,NA,NA,NA,NA,NA,NA,NA,NA,NA,NA,NA,NA,NA,NA,NA,NA,NA
2021-04-21 18:00:00,NA,NA,NA,NA,NA,NA,NA,NA,NA,NA,NA,NA,NA,NA,NA,NA,NA,NA,NA,NA,NA,NA,NA,NA
2021-04-21 19:00:00,NA,NA,NA,NA,NA,NA,NA,NA,NA,NA,NA,NA,NA,NA,NA,NA,NA,NA,NA,NA,NA,NA,NA,NA
2021-04-21 20:00:00,NA,NA,NA,NA,NA,NA,NA,NA,NA,NA,NA,NA,NA,NA,NA,NA,NA,NA,NA,NA,NA,NA,NA,NA
2021-04-21 21:00:00,NA,NA,NA,NA,NA,NA,NA,NA,NA,NA,NA,NA,NA,NA,NA,NA,NA,NA,NA,NA,NA,NA,NA,NA
2021-04-21 22:00:00,NA,NA,NA,NA,NA,NA,NA,NA,NA,NA,NA,NA,NA,NA,NA,NA,NA,NA,NA,NA,NA,NA,NA,NA
2021-04-21 23:00:00,NA,NA,NA,NA,NA,NA,NA,NA,NA,NA,NA,NA,NA,NA,NA,NA,NA,NA,NA,NA,NA,NA,NA,NA
2021-04-22 00:00:00,NA,NA,NA,NA,NA,NA,NA,NA,NA,NA,NA,NA,NA,NA,NA,NA,NA,NA,NA,NA,NA,NA,NA,NA
2021-04-22 01:00:00,NA,NA,NA,NA,NA,NA,NA,NA,NA,NA,NA,NA,NA,NA,NA,NA,NA,NA,NA,NA,NA,NA,NA,NA
2021-04-22 02:00:00,NA,NA,NA,NA,NA,NA,NA,NA,NA,NA,NA,NA,NA,NA,NA,NA,NA,NA,NA,NA,NA,NA,NA,NA
2021-04-22 03:00:00,NA,NA,NA,NA,NA,NA,NA,NA,NA,NA,NA,NA,NA,NA,NA,NA,NA,NA,NA,NA,NA,NA,NA,NA
2021-04-22 04:00:00,NA,NA,NA,NA,NA,NA,NA,NA,NA,NA,NA,NA,NA,NA,NA,NA,NA,NA,NA,NA,NA,NA,NA,NA
2021-04-22 05:00:00,NA,NA,NA,NA,NA,NA,NA,NA,NA,NA,NA,NA,NA,NA,NA,NA,NA,NA,NA,NA,NA,NA,NA,NA
2021-04-22 06:00:00,NA,NA,NA,NA,NA,NA,NA,NA,NA,NA,NA,NA,NA,NA,NA,NA,NA,NA,NA,NA,NA,NA,NA,NA
2021-04-22 07:00:00,NA,NA,NA,NA,NA,NA,NA,NA,NA,NA,NA,NA,NA,NA,NA,NA,NA,NA,NA,NA,NA,NA,NA,NA
2021-04-22 08:00:00,NA,NA,NA,NA,NA,NA,NA,NA,NA,NA,NA,NA,NA,NA,NA,NA,NA,NA,NA,NA,NA,NA,NA,NA
2021-04-22 09:00:00,NA,NA,NA,NA,NA,NA,NA,NA,NA,NA,NA,NA,NA,NA,NA,NA,NA,NA,NA,NA,NA,NA,NA,NA
2021-04-22 10:00:00,NA,NA,NA,NA,NA,NA,NA,NA,NA,NA,NA,NA,NA,NA,NA,NA,NA,NA,NA,NA,NA,NA,NA,NA
2021-04-22 11:00:00,NA,NA,NA,NA,NA,NA,NA,NA,NA,NA,NA,NA,NA,NA,NA,NA,NA,NA,NA,NA,NA,NA,NA,NA
2021-04-22 12:00:00,NA,NA,NA,NA,NA,NA,NA,NA,NA,NA,NA,NA,NA,NA,NA,NA,NA,NA,NA,NA,NA,NA,NA,NA
2021-04-22 13:00:00,NA,NA,NA,NA,NA,NA,NA,NA,NA,NA,NA,NA,NA,NA,NA,NA,NA,NA,NA,NA,NA,NA,NA,NA
2021-04-22 14:00:00,NA,NA,NA,NA,NA,NA,NA,NA,NA,NA,NA,NA,NA,NA,NA,NA,NA,NA,NA,NA,NA,NA,NA,NA
2021-04-22 15:00:00,NA,NA,NA,NA,NA,NA,NA,NA,NA,NA,NA,NA,NA,NA,NA,NA,NA,NA,NA,NA,NA,NA,NA,NA
2021-04-22 16:00:00,NA,NA,NA,NA,NA,NA,NA,NA,NA,NA,NA,NA,NA,NA,NA,NA,NA,NA,NA,NA,NA,NA,NA,NA
2021-04-22 17:00:00,NA,NA,NA,NA,NA,NA,NA,NA,NA,NA,NA,NA,NA,NA,NA,NA,NA,NA,NA,NA,NA,NA,NA,NA
2021-04-22 18:00:00,NA,NA,NA,NA,NA,NA,NA,NA,NA,NA,NA,NA,NA,NA,NA,NA,NA,NA,NA,NA,NA,NA,NA,NA
2021-04-22 19:00:00,NA,NA,NA,NA,NA,NA,NA,NA,NA,NA,NA,NA,NA,NA,NA,NA,NA,NA,NA,NA,NA,NA,NA,NA
2021-04-22 20:00:00,NA,NA,NA,NA,NA,NA,NA,NA,NA,NA,NA,NA,NA,NA,NA,NA,NA,NA,NA,NA,NA,NA,NA,NA
2021-04-22 21:00:00,NA,NA,NA,NA,NA,NA,NA,NA,NA,NA,NA,NA,NA,NA,NA,NA,NA,NA,NA,NA,NA,NA,NA,NA
2021-04-22 22:00:00,NA,NA,NA,NA,NA,NA,NA,NA,NA,NA,NA,NA,NA,NA,NA,NA,NA,NA,NA,NA,NA,NA,NA,NA
2021-04-22 23:00:00,NA,NA,NA,NA,NA,NA,NA,NA,NA,NA,NA,NA,NA,NA,NA,NA,NA,NA,NA,NA,NA,NA,NA,NA
2021-04-23 00:00:00,NA,NA,NA,NA,NA,NA,NA,NA,NA,NA,NA,NA,NA,NA,NA,NA,NA,NA,NA,NA,NA,NA,NA,NA
2021-04-23 01:00:00,NA,NA,NA,NA,NA,NA,NA,NA,NA,NA,NA,NA,NA,NA,NA,NA,NA,NA,NA,NA,NA,NA,NA,NA
2021-04-23 02:00:00,NA,NA,NA,NA,NA,NA,NA,NA,NA,NA,NA,NA,NA,NA,NA,NA,NA,NA,NA,NA,NA,NA,NA,NA
2021-04-23 03:00:00,NA,NA,NA,NA,NA,NA,NA,NA,NA,NA,NA,NA,NA,NA,NA,NA,NA,NA,NA,NA,NA,NA,NA,NA
2021-04-23 04:00:00,NA,NA,NA,NA,NA,NA,NA,NA,NA,NA,NA,NA,NA,NA,NA,NA,NA,NA,NA,NA,NA,NA,NA,NA
2021-04-23 05:00:00,NA,NA,NA,NA,NA,NA,NA,NA,NA,NA,NA,NA,NA,NA,NA,NA,NA,NA,NA,NA,NA,NA,NA,NA
2021-04-23 06:00:00,NA,NA,NA,NA,NA,NA,NA,NA,NA,NA,NA,NA,NA,NA,NA,NA,NA,NA,NA,NA,NA,NA,NA,NA
2021-04-23 07:00:00,NA,NA,NA,NA,NA,NA,NA,NA,NA,NA,NA,NA,NA,NA,NA,NA,NA,NA,NA,NA,NA,NA,NA,NA
2021-04-23 08:00:00,NA,NA,NA,NA,NA,NA,NA,NA,NA,NA,NA,NA,NA,NA,NA,NA,NA,NA,NA,NA,NA,NA,NA,NA
2021-04-23 09:00:00,NA,NA,NA,NA,NA,NA,NA,NA,NA,NA,NA,NA,NA,NA,NA,NA,NA,NA,NA,NA,NA,NA,NA,NA
2021-04-23 10:00:00,NA,NA,NA,NA,NA,NA,NA,NA,NA,NA,NA,NA,NA,NA,NA,NA,NA,NA,NA,NA,NA,NA,NA,NA
2021-04-23 11:00:00,NA,NA,NA,NA,NA,NA,NA,NA,NA,NA,NA,NA,NA,NA,NA,NA,NA,NA,NA,NA,NA,NA,NA,NA
2021-04-23 12:00:00,NA,NA,NA,NA,NA,NA,NA,NA,NA,NA,NA,NA,NA,NA,NA,NA,NA,NA,NA,NA,NA,NA,NA,NA
2021-04-23 13:00:00,NA,NA,NA,NA,NA,NA,NA,NA,NA,NA,NA,NA,NA,NA,NA,NA,NA,NA,NA,NA,NA,NA,NA,NA
2021-04-23 14:00:00,NA,NA,NA,NA,NA,NA,NA,NA,NA,NA,NA,NA,NA,NA,NA,NA,NA,NA,NA,NA,NA,NA,NA,NA
2021-04-23 15:00:00,NA,NA,NA,NA,NA,NA,NA,NA,NA,NA,NA,NA,NA,NA,NA,NA,NA,NA,NA,NA,NA,NA,NA,NA
2021-04-23 16:00:00,NA,NA,NA,NA,NA,NA,NA,NA,NA,NA,NA,NA,NA,NA,NA,NA,NA,NA,NA,NA,NA,NA,NA,NA
2021-04-23 17:00:00,NA,NA,NA,NA,NA,NA,NA,NA,NA,NA,NA,NA,NA,NA,NA,NA,NA,NA,NA,NA,NA,NA,NA,NA
2021-04-23 18:00:00,NA,NA,NA,NA,NA,NA,NA,NA,NA,NA,NA,NA,NA,NA,NA,NA,NA,NA,NA,NA,NA,NA,NA,NA
2021-04-23 19:00:00,NA,NA,NA,NA,NA,NA,NA,NA,NA,NA,NA,NA,NA,NA,NA,NA,NA,NA,NA,NA,NA,NA,NA,NA
2021-04-23 20:00:00,NA,NA,NA,NA,NA,NA,NA,NA,NA,NA,NA,NA,NA,NA,NA,NA,NA,NA,NA,NA,NA,NA,NA,NA
2021-04-23 21:00:00,NA,NA,NA,NA,NA,NA,NA,NA,NA,NA,NA,NA,NA,NA,NA,NA,NA,NA,NA,NA,NA,NA,NA,NA
2021-04-23 22:00:00,NA,NA,NA,NA,NA,NA,NA,NA,NA,NA,NA,NA,NA,NA,NA,NA,NA,NA,NA,NA,NA,NA,NA,NA
2021-04-23 23:00:00,NA,NA,NA,NA,NA,NA,NA,NA,NA,NA,NA,NA,NA,NA,NA,NA,NA,NA,NA,NA,NA,NA,NA,NA
2021-04-24 00:00:00,NA,NA,NA,NA,NA,NA,NA,NA,NA,NA,NA,NA,NA,NA,NA,NA,NA,NA,NA,NA,NA,NA,NA,NA
2021-04-24 01:00:00,NA,NA,NA,NA,NA,NA,NA,NA,NA,NA,NA,NA,NA,NA,NA,NA,NA,NA,NA,NA,NA,NA,NA,NA
2021-04-24 02:00:00,NA,NA,NA,NA,NA,NA,NA,NA,NA,NA,NA,NA,NA,NA,NA,NA,NA,NA,NA,NA,NA,NA,NA,NA
2021-04-24 03:00:00,NA,NA,NA,NA,NA,NA,NA,NA,NA,NA,NA,NA,NA,NA,NA,NA,NA,NA,NA,NA,NA,NA,NA,NA
2021-04-24 04:00:00,NA,NA,NA,NA,NA,NA,NA,NA,NA,NA,NA,NA,NA,NA,NA,NA,NA,NA,NA,NA,NA,NA,NA,NA
2021-04-24 05:00:00,NA,NA,NA,NA,NA,NA,NA,NA,NA,NA,NA,NA,NA,NA,NA,NA,NA,NA,NA,NA,NA,NA,NA,NA
2021-04-24 06:00:00,NA,NA,NA,NA,NA,NA,NA,NA,NA,NA,NA,NA,NA,NA,NA,NA,NA,NA,NA,NA,NA,NA,NA,NA
2021-04-24 07:00:00,NA,NA,NA,NA,NA,NA,NA,NA,NA,NA,NA,NA,NA,NA,NA,NA,NA,NA,NA,NA,NA,NA,NA,NA
2021-04-24 08:00:00,NA,NA,NA,NA,NA,NA,NA,NA,NA,NA,NA,NA,NA,NA,NA,NA,NA,NA,NA,NA,NA,NA,NA,NA
2021-04-24 09:00:00,NA,NA,NA,NA,NA,NA,NA,NA,NA,NA,NA,NA,NA,NA,NA,NA,NA,NA,NA,NA,NA,NA,NA,NA
2021-04-24 10:00:00,NA,NA,NA,NA,NA,NA,NA,NA,NA,NA,NA,NA,NA,NA,NA,NA,NA,NA,NA,NA,NA,NA,NA,NA
2021-04-24 11:00:00,NA,NA,NA,NA,NA,NA,NA,NA,NA,NA,NA,NA,NA,NA,NA,NA,NA,NA,NA,NA,NA,NA,NA,NA
2021-04-24 12:00:00,NA,NA,NA,NA,NA,NA,NA,NA,NA,NA,NA,NA,NA,NA,NA,NA,NA,NA,NA,NA,NA,NA,NA,NA
2021-04-24 13:00:00,NA,NA,NA,NA,NA,NA,NA,NA,NA,NA,NA,NA,NA,NA,NA,NA,NA,NA,NA,NA,NA,NA,NA,NA
2021-04-24 14:00:00,NA,NA,NA,NA,NA,NA,NA,NA,NA,NA,NA,NA,NA,NA,NA,NA,NA,NA,NA,NA,NA,NA,NA,NA
2021-04-24 15:00:00,NA,NA,NA,NA,NA,NA,NA,NA,NA,NA,NA,NA,NA,NA,NA,NA,NA,NA,NA,NA,NA,NA,NA,NA
2021-04-24 16:00:00,NA,NA,NA,NA,NA,NA,NA,NA,NA,NA,NA,NA,NA,NA,NA,NA,NA,NA,NA,NA,NA,NA,NA,NA
2021-04-24 17:00:00,NA,NA,NA,NA,NA,NA,NA,NA,NA,NA,NA,NA,NA,NA,NA,NA,NA,NA,NA,NA,NA,NA,NA,NA
2021-04-24 18:00:00,NA,NA,NA,NA,NA,NA,NA,NA,NA,NA,NA,NA,NA,NA,NA,NA,NA,NA,NA,NA,NA,NA,NA,NA
2021-04-24 19:00:00,NA,NA,NA,NA,NA,NA,NA,NA,NA,NA,NA,NA,NA,NA,NA,NA,NA,NA,NA,NA,NA,NA,NA,NA
2021-04-24 20:00:00,NA,NA,NA,NA,NA,NA,NA,NA,NA,NA,NA,NA,NA,NA,NA,NA,NA,NA,NA,NA,NA,NA,NA,NA
2021-04-24 21:00:00,NA,NA,NA,NA,NA,NA,NA,NA,NA,NA,NA,NA,NA,NA,NA,NA,NA,NA,NA,NA,NA,NA,NA,NA
2021-04-24 22:00:00,NA,NA,NA,NA,NA,NA,NA,NA,NA,NA,NA,NA,NA,NA,NA,NA,NA,NA,NA,NA,NA,NA,NA,NA
2021-04-24 23:00:00,NA,NA,NA,NA,NA,NA,NA,NA,NA,NA,NA,NA,NA,NA,NA,NA,NA,NA,NA,NA,NA,NA,NA,NA
2021-04-25 00:00:00,NA,NA,NA,NA,NA,NA,NA,NA,NA,NA,NA,NA,NA,NA,NA,NA,NA,NA,NA,NA,NA,NA,NA,NA
2021-04-25 01:00:00,NA,NA,NA,NA,NA,NA,NA,NA,NA,NA,NA,NA,NA,NA,NA,NA,NA,NA,NA,NA,NA,NA,NA,NA
2021-04-25 02:00:00,NA,NA,NA,NA,NA,NA,NA,NA,NA,NA,NA,NA,NA,NA,NA,NA,NA,NA,NA,NA,NA,NA,NA,NA
2021-04-25 03:00:00,NA,NA,NA,NA,NA,NA,NA,NA,NA,NA,NA,NA,NA,NA,NA,NA,NA,NA,NA,NA,NA,NA,NA,NA
2021-04-25 04:00:00,NA,NA,NA,NA,NA,NA,NA,NA,NA,NA,NA,NA,NA,NA,NA,NA,NA,NA,NA,NA,NA,NA,NA,NA
2021-04-25 05:00:00,NA,NA,NA,NA,NA,NA,NA,NA,NA,NA,NA,NA,NA,NA,NA,NA,NA,NA,NA,NA,NA,NA,NA,NA
2021-04-25 06:00:00,NA,NA,NA,NA,NA,NA,NA,NA,NA,NA,NA,NA,NA,NA,NA,NA,NA,NA,NA,NA,NA,NA,NA,NA
2021-04-25 07:00:00,NA,NA,NA,NA,NA,NA,NA,NA,NA,NA,NA,NA,NA,NA,NA,NA,NA,NA,NA,NA,NA,NA,NA,NA
2021-04-25 08:00:00,NA,NA,NA,NA,NA,NA,NA,NA,NA,NA,NA,NA,NA,NA,NA,NA,NA,NA,NA,NA,NA,NA,NA,NA
2021-04-25 09:00:00,NA,NA,NA,NA,NA,NA,NA,NA,NA,NA,NA,NA,NA,NA,NA,NA,NA,NA,NA,NA,NA,NA,NA,NA
2021-04-25 10:00:00,NA,NA,NA,NA,NA,NA,NA,NA,NA,NA,NA,NA,NA,NA,NA,NA,NA,NA,NA,NA,NA,NA,NA,NA
2021-04-25 11:00:00,NA,NA,NA,NA,NA,NA,NA,NA,NA,NA,NA,NA,NA,NA,NA,NA,NA,NA,NA,NA,NA,NA,NA,NA
2021-04-25 12:00:00,NA,NA,NA,NA,NA,NA,NA,NA,NA,NA,NA,NA,NA,NA,NA,NA,NA,NA,NA,NA,NA,NA,NA,NA
2021-04-25 13:00:00,NA,NA,NA,NA,NA,NA,NA,NA,NA,NA,NA,NA,NA,NA,NA,NA,NA,NA,NA,NA,NA,NA,NA,NA
2021-04-25 14:00:00,NA,NA,NA,NA,NA,NA,NA,NA,NA,NA,NA,NA,NA,NA,NA,NA,NA,NA,NA,NA,NA,NA,NA,NA
2021-04-25 15:00:00,NA,NA,NA,NA,NA,NA,NA,NA,NA,NA,NA,NA,NA,NA,NA,NA,NA,NA,NA,NA,NA,NA,NA,NA
2021-04-25 16:00:00,NA,NA,NA,NA,NA,NA,NA,NA,NA,NA,NA,NA,NA,NA,NA,NA,NA,NA,NA,NA,NA,NA,NA,NA
2021-04-25 17:00:00,NA,NA,NA,NA,NA,NA,NA,NA,NA,NA,NA,NA,NA,NA,NA,NA,NA,NA,NA,NA,NA,NA,NA,NA
2021-04-25 18:00:00,NA,NA,NA,NA,NA,NA,NA,NA,NA,NA,NA,NA,NA,NA,NA,NA,NA,NA,NA,NA,NA,NA,NA,NA
2021-04-25 19:00:00,NA,NA,NA,NA,NA,NA,NA,NA,NA,NA,NA,NA,NA,NA,NA,NA,NA,NA,NA,NA,NA,NA,NA,NA
2021-04-25 20:00:00,NA,NA,NA,NA,NA,NA,NA,NA,NA,NA,NA,NA,NA,NA,NA,NA,NA,NA,NA,NA,NA,NA,NA,NA
2021-04-25 21:00:00,NA,NA,NA,NA,NA,NA,NA,NA,NA,NA,NA,NA,NA,NA,NA,NA,NA,NA,NA,NA,NA,NA,NA,NA
2021-04-25 22:00:00,NA,NA,NA,NA,NA,NA,NA,NA,NA,NA,NA,NA,NA,NA,NA,NA,NA,NA,NA,NA,NA,NA,NA,NA
2021-04-25 23:00:00,NA,NA,NA,NA,NA,NA,NA,NA,NA,NA,NA,NA,NA,NA,NA,NA,NA,NA,NA,NA,NA,NA,NA,NA
2021-04-26 00:00:00,NA,NA,NA,NA,NA,NA,NA,NA,NA,NA,NA,NA,NA,NA,NA,NA,NA,NA,NA,NA,NA,NA,NA,NA
2021-04-26 01:00:00,NA,NA,NA,NA,NA,NA,NA,NA,NA,NA,NA,NA,NA,NA,NA,NA,NA,NA,NA,NA,NA,NA,NA,NA
2021-04-26 02:00:00,NA,NA,NA,NA,NA,NA,NA,NA,NA,NA,NA,NA,NA,NA,NA,NA,NA,NA,NA,NA,NA,NA,NA,NA
2021-04-26 03:00:00,NA,NA,NA,NA,NA,NA,NA,NA,NA,NA,NA,NA,NA,NA,NA,NA,NA,NA,NA,NA,NA,NA,NA,NA
2021-04-26 04:00:00,NA,NA,NA,NA,NA,NA,NA,NA,NA,NA,NA,NA,NA,NA,NA,NA,NA,NA,NA,NA,NA,NA,NA,NA
2021-04-26 05:00:00,NA,NA,NA,NA,NA,NA,NA,NA,NA,NA,NA,NA,NA,NA,NA,NA,NA,NA,NA,NA,NA,NA,NA,NA
2021-04-26 06:00:00,NA,NA,NA,NA,NA,NA,NA,NA,NA,NA,NA,NA,NA,NA,NA,NA,NA,NA,NA,NA,NA,NA,NA,NA
2021-04-26 07:00:00,NA,NA,NA,NA,NA,NA,NA,NA,NA,NA,NA,NA,NA,NA,NA,NA,NA,NA,NA,NA,NA,NA,NA,NA
2021-04-26 08:00:00,NA,NA,NA,NA,NA,NA,NA,NA,NA,NA,NA,NA,NA,NA,NA,NA,NA,NA,NA,NA,NA,NA,NA,NA
2021-04-26 09:00:00,NA,NA,NA,NA,NA,NA,NA,NA,NA,NA,NA,NA,NA,NA,NA,NA,NA,NA,NA,NA,NA,NA,NA,NA
2021-04-26 10:00:00,NA,NA,NA,NA,NA,NA,NA,NA,NA,NA,NA,NA,NA,NA,NA,NA,NA,NA,NA,NA,NA,NA,NA,NA
2021-04-26 11:00:00,NA,NA,NA,NA,NA,NA,NA,NA,NA,NA,NA,NA,NA,NA,NA,NA,NA,NA,NA,NA,NA,NA,NA,NA
2021-04-26 12:00:00,NA,NA,NA,NA,NA,NA,NA,NA,NA,NA,NA,NA,NA,NA,NA,NA,NA,NA,NA,NA,NA,NA,NA,NA
2021-04-26 13:00:00,NA,NA,NA,NA,NA,NA,NA,NA,NA,NA,NA,NA,NA,NA,NA,NA,NA,NA,NA,NA,NA,NA,NA,NA
2021-04-26 14:00:00,NA,NA,NA,NA,NA,NA,NA,NA,NA,NA,NA,NA,NA,NA,NA,NA,NA,NA,NA,NA,NA,NA,NA,NA
2021-04-26 15:00:00,NA,NA,NA,NA,NA,NA,NA,NA,NA,NA,NA,NA,NA,NA,NA,NA,NA,NA,NA,NA,NA,NA,NA,NA
2021-04-26 16:00:00,NA,NA,NA,NA,NA,NA,NA,NA,NA,NA,NA,NA,NA,NA,NA,NA,NA,NA,NA,NA,NA,NA,NA,NA
2021-04-26 17:00:00,NA,NA,NA,NA,NA,NA,NA,NA,NA,NA,NA,NA,NA,NA,NA,NA,NA,NA,NA,NA,NA,NA,NA,NA
2021-04-26 18:00:00,NA,NA,NA,NA,NA,NA,NA,NA,NA,NA,NA,NA,NA,NA,NA,NA,NA,NA,NA,NA,NA,NA,NA,NA
2021-04-26 19:00:00,NA,NA,NA,NA,NA,NA,NA,NA,NA,NA,NA,NA,NA,NA,NA,NA,NA,NA,NA,NA,NA,NA,NA,NA
2021-04-26 20:00:00,NA,NA,NA,NA,NA,NA,NA,NA,NA,NA,NA,NA,NA,NA,NA,NA,NA,NA,NA,NA,NA,NA,NA,NA
2021-04-26 21:00:00,NA,NA,NA,NA,NA,NA,NA,NA,NA,NA,NA,NA,NA,NA,NA,NA,NA,NA,NA,NA,NA,NA,NA,NA
2021-04-26 22:00:00,NA,NA,NA,NA,NA,NA,NA,NA,NA,NA,NA,NA,NA,NA,NA,NA,NA,NA,NA,NA,NA,NA,NA,NA
2021-04-26 23:00:00,NA,NA,NA,NA,NA,NA,NA,NA,NA,NA,NA,NA,NA,NA,NA,NA,NA,NA,NA,NA,NA,NA,NA,NA
2021-04-27 00:00:00,NA,NA,NA,NA,NA,NA,NA,NA,NA,NA,NA,NA,NA,NA,NA,NA,NA,NA,NA,NA,NA,NA,NA,NA
2021-04-27 01:00:00,NA,NA,NA,NA,NA,NA,NA,NA,NA,NA,NA,NA,NA,NA,NA,NA,NA,NA,NA,NA,NA,NA,NA,NA
2021-04-27 02:00:00,NA,NA,NA,NA,NA,NA,NA,NA,NA,NA,NA,NA,NA,NA,NA,NA,NA,NA,NA,NA,NA,NA,NA,NA
2021-04-27 03:00:00,NA,NA,NA,NA,NA,NA,NA,NA,NA,NA,NA,NA,NA,NA,NA,NA,NA,NA,NA,NA,NA,NA,NA,NA
2021-04-27 04:00:00,NA,NA,NA,NA,NA,NA,NA,NA,NA,NA,NA,NA,NA,NA,NA,NA,NA,NA,NA,NA,NA,NA,NA,NA
2021-04-27 05:00:00,NA,NA,NA,NA,NA,NA,NA,NA,NA,NA,NA,NA,NA,NA,NA,NA,NA,NA,NA,NA,NA,NA,NA,NA
2021-04-27 06:00:00,NA,NA,NA,NA,NA,NA,NA,NA,NA,NA,NA,NA,NA,NA,NA,NA,NA,NA,NA,NA,NA,NA,NA,NA
2021-04-27 07:00:00,NA,NA,NA,NA,NA,NA,NA,NA,NA,NA,NA,NA,NA,NA,NA,NA,NA,NA,NA,NA,NA,NA,NA,NA
2021-04-27 08:00:00,NA,NA,NA,NA,NA,NA,NA,NA,NA,NA,NA,NA,NA,NA,NA,NA,NA,NA,NA,NA,NA,NA,NA,NA
2021-04-27 09:00:00,NA,NA,NA,NA,NA,NA,NA,NA,NA,NA,NA,NA,NA,NA,NA,NA,NA,NA,NA,NA,NA,NA,NA,NA
2021-04-27 10:00:00,NA,NA,NA,NA,NA,NA,NA,NA,NA,NA,NA,NA,NA,NA,NA,NA,NA,NA,NA,NA,NA,NA,NA,NA
2021-04-27 11:00:00,NA,NA,NA,NA,NA,NA,NA,NA,NA,NA,NA,NA,NA,NA,NA,NA,NA,NA,NA,NA,NA,NA,NA,NA
2021-04-27 12:00:00,NA,NA,NA,NA,NA,NA,NA,NA,NA,NA,NA,NA,NA,NA,NA,NA,NA,NA,NA,NA,NA,NA,NA,NA
2021-04-27 13:00:00,NA,NA,NA,NA,NA,NA,NA,NA,NA,NA,NA,NA,NA,NA,NA,NA,NA,NA,NA,NA,NA,NA,NA,NA
2021-04-27 14:00:00,NA,NA,NA,NA,NA,NA,NA,NA,NA,NA,NA,NA,NA,NA,NA,NA,NA,NA,NA,NA,NA,NA,NA,NA
2021-04-27 15:00:00,NA,NA,NA,NA,NA,NA,NA,NA,NA,NA,NA,NA,NA,NA,NA,NA,NA,NA,NA,NA,NA,NA,NA,NA
2021-04-27 16:00:00,NA,NA,NA,NA,NA,NA,NA,NA,NA,NA,NA,NA,NA,NA,NA,NA,NA,NA,NA,NA,NA,NA,NA,NA
2021-04-27 17:00:00,NA,NA,NA,NA,NA,NA,NA,NA,NA,NA,NA,NA,NA,NA,NA,NA,NA,NA,NA,NA,NA,NA,NA,NA
2021-04-27 18:00:00,NA,NA,NA,NA,NA,NA,NA,NA,NA,NA,NA,NA,NA,NA,NA,NA,NA,NA,NA,NA,NA,NA,NA,NA
2021-04-27 19:00:00,NA,NA,NA,NA,NA,NA,NA,NA,NA,NA,NA,NA,NA,NA,NA,NA,NA,NA,NA,NA,NA,NA,NA,NA
2021-04-27 20:00:00,NA,NA,NA,NA,NA,NA,NA,NA,NA,NA,NA,NA,NA,NA,NA,NA,NA,NA,NA,NA,NA,NA,NA,NA
2021-04-27 21:00:00,NA,NA,NA,NA,NA,NA,NA,NA,NA,NA,NA,NA,NA,NA,NA,NA,NA,NA,NA,NA,NA,NA,NA,NA
2021-04-27 22:00:00,NA,NA,NA,NA,NA,NA,NA,NA,NA,NA,NA,NA,NA,NA,NA,NA,NA,NA,NA,NA,NA,NA,NA,NA
2021-04-27 23:00:00,NA,NA,NA,NA,NA,NA,NA,NA,NA,NA,NA,NA,NA,NA,NA,NA,NA,NA,NA,NA,NA,NA,NA,NA
2021-04-28 00:00:00,NA,NA,NA,NA,NA,NA,NA,NA,NA,NA,NA,NA,NA,NA,NA,NA,NA,NA,NA,NA,NA,NA,NA,NA
2021-04-28 01:00:00,NA,NA,NA,NA,NA,NA,NA,NA,NA,NA,NA,NA,NA,NA,NA,NA,NA,NA,NA,NA,NA,NA,NA,NA
2021-04-28 02:00:00,NA,NA,NA,NA,NA,NA,NA,NA,NA,NA,NA,NA,NA,NA,NA,NA,NA,NA,NA,NA,NA,NA,NA,NA
2021-04-28 03:00:00,NA,NA,NA,NA,NA,NA,NA,NA,NA,NA,NA,NA,NA,NA,NA,NA,NA,NA,NA,NA,NA,NA,NA,NA
2021-04-28 04:00:00,NA,NA,NA,NA,NA,NA,NA,NA,NA,NA,NA,NA,NA,NA,NA,NA,NA,NA,NA,NA,NA,NA,NA,NA
2021-04-28 05:00:00,NA,NA,NA,NA,NA,NA,NA,NA,NA,NA,NA,NA,NA,NA,NA,NA,NA,NA,NA,NA,NA,NA,NA,NA
2021-04-28 06:00:00,NA,NA,NA,NA,NA,NA,NA,NA,NA,NA,NA,NA,NA,NA,NA,NA,NA,NA,NA,NA,NA,NA,NA,NA
2021-04-28 07:00:00,NA,NA,NA,NA,NA,NA,NA,NA,NA,NA,NA,NA,NA,NA,NA,NA,NA,NA,NA,NA,NA,NA,NA,NA
2021-04-28 08:00:00,NA,NA,NA,NA,NA,NA,NA,NA,NA,NA,NA,NA,NA,NA,NA,NA,NA,NA,NA,NA,NA,NA,NA,NA
2021-04-28 09:00:00,NA,NA,NA,NA,NA,NA,NA,NA,NA,NA,NA,NA,NA,NA,NA,NA,NA,NA,NA,NA,NA,NA,NA,NA
2021-04-28 10:00:00,NA,NA,NA,NA,NA,NA,NA,NA,NA,NA,NA,NA,NA,NA,NA,NA,NA,NA,NA,NA,NA,NA,NA,NA
2021-04-28 11:00:00,NA,NA,NA,NA,NA,NA,NA,NA,NA,NA,NA,NA,NA,NA,NA,NA,NA,NA,NA,NA,NA,NA,NA,NA
2021-04-28 12:00:00,NA,NA,NA,NA,NA,NA,NA,NA,NA,NA,NA,NA,NA,NA,NA,NA,NA,NA,NA,NA,NA,NA,NA,NA
2021-04-28 13:00:00,NA,NA,NA,NA,NA,NA,NA,NA,NA,NA,NA,NA,NA,NA,NA,NA,NA,NA,NA,NA,NA,NA,NA,NA
2021-04-28 14:00:00,NA,NA,NA,NA,NA,NA,NA,NA,NA,NA,NA,NA,NA,NA,NA,NA,NA,NA,NA,NA,NA,NA,NA,NA
2021-04-28 15:00:00,NA,NA,NA,NA,NA,NA,NA,NA,NA,NA,NA,NA,NA,NA,NA,NA,NA,NA,NA,NA,NA,NA,NA,NA
2021-04-28 16:00:00,NA,NA,NA,NA,NA,NA,NA,NA,NA,NA,NA,NA,NA,NA,NA,NA,NA,NA,NA,NA,NA,NA,NA,NA
2021-04-28 17:00:00,NA,NA,NA,NA,NA,NA,NA,NA,NA,NA,NA,NA,NA,NA,NA,NA,NA,NA,NA,NA,NA,NA,NA,NA
2021-04-28 18:00:00,NA,NA,NA,NA,NA,NA,NA,NA,NA,NA,NA,NA,NA,NA,NA,NA,NA,NA,NA,NA,NA,NA,NA,NA
2021-04-28 19:00:00,NA,NA,NA,NA,NA,NA,NA,NA,NA,NA,NA,NA,NA,NA,NA,NA,NA,NA,NA,NA,NA,NA,NA,NA
2021-04-28 20:00:00,NA,NA,NA,NA,NA,NA,NA,NA,NA,NA,NA,NA,NA,NA,NA,NA,NA,NA,NA,NA,NA,NA,NA,NA
2021-04-28 21:00:00,NA,NA,NA,NA,NA,NA,NA,NA,NA,NA,NA,NA,NA,NA,NA,NA,NA,NA,NA,NA,NA,NA,NA,NA
2021-04-28 22:00:00,NA,NA,NA,NA,NA,NA,NA,NA,NA,NA,NA,NA,NA,NA,NA,NA,NA,NA,NA,NA,NA,NA,NA,NA
2021-04-28 23:00:00,NA,NA,NA,NA,NA,NA,NA,NA,NA,NA,NA,NA,NA,NA,NA,NA,NA,NA,NA,NA,NA,NA,NA,NA
2021-04-29 00:00:00,NA,NA,NA,NA,NA,NA,NA,NA,NA,NA,NA,NA,NA,NA,NA,NA,NA,NA,NA,NA,NA,NA,NA,NA
2021-04-29 01:00:00,NA,NA,NA,NA,NA,NA,NA,NA,NA,NA,NA,NA,NA,NA,NA,NA,NA,NA,NA,NA,NA,NA,NA,NA
2021-04-29 02:00:00,NA,NA,NA,NA,NA,NA,NA,NA,NA,NA,NA,NA,NA,NA,NA,NA,NA,NA,NA,NA,NA,NA,NA,NA
2021-04-29 03:00:00,NA,NA,NA,NA,NA,NA,NA,NA,NA,NA,NA,NA,NA,NA,NA,NA,NA,NA,NA,NA,NA,NA,NA,NA
2021-04-29 04:00:00,NA,NA,NA,NA,NA,NA,NA,NA,NA,NA,NA,NA,NA,NA,NA,NA,NA,NA,NA,NA,NA,NA,NA,NA
2021-04-29 05:00:00,NA,NA,NA,NA,NA,NA,NA,NA,NA,NA,NA,NA,NA,NA,NA,NA,NA,NA,NA,NA,NA,NA,NA,NA
2021-04-29 06:00:00,NA,NA,NA,NA,NA,NA,NA,NA,NA,NA,NA,NA,NA,NA,NA,NA,NA,NA,NA,NA,NA,NA,NA,NA
2021-04-29 07:00:00,NA,NA,NA,NA,NA,NA,NA,NA,NA,NA,NA,NA,NA,NA,NA,NA,NA,NA,NA,NA,NA,NA,NA,NA
2021-04-29 08:00:00,NA,NA,NA,NA,NA,NA,NA,NA,NA,NA,NA,NA,NA,NA,NA,NA,NA,NA,NA,NA,NA,NA,NA,NA
2021-04-29 09:00:00,NA,NA,NA,NA,NA,NA,NA,NA,NA,NA,NA,NA,NA,NA,NA,NA,NA,NA,NA,NA,NA,NA,NA,NA
2021-04-29 10:00:00,NA,NA,NA,NA,NA,NA,NA,NA,NA,NA,NA,NA,NA,NA,NA,NA,NA,NA,NA,NA,NA,NA,NA,NA
2021-04-29 11:00:00,NA,NA,NA,NA,NA,NA,NA,NA,NA,NA,NA,NA,NA,NA,NA,NA,NA,NA,NA,NA,NA,NA,NA,NA
2021-04-29 12:00:00,NA,NA,NA,NA,NA,NA,NA,NA,NA,NA,NA,NA,NA,NA,NA,NA,NA,NA,NA,NA,NA,NA,NA,NA
2021-04-29 13:00:00,NA,NA,NA,NA,NA,NA,NA,NA,NA,NA,NA,NA,NA,NA,NA,NA,NA,NA,NA,NA,NA,NA,NA,NA
2021-04-29 14:00:00,NA,NA,NA,NA,NA,NA,NA,NA,NA,NA,NA,NA,NA,NA,NA,NA,NA,NA,NA,NA,NA,NA,NA,NA
2021-04-29 15:00:00,NA,NA,NA,NA,NA,NA,NA,NA,NA,NA,NA,NA,NA,NA,NA,NA,NA,NA,NA,NA,NA,NA,NA,NA
2021-04-29 16:00:00,NA,NA,NA,NA,NA,NA,NA,NA,NA,NA,NA,NA,NA,NA,NA,NA,NA,NA,NA,NA,NA,NA,NA,NA
2021-04-29 17:00:00,NA,NA,NA,NA,NA,NA,NA,NA,NA,NA,NA,NA,NA,NA,NA,NA,NA,NA,NA,NA,NA,NA,NA,NA
2021-04-29 18:00:00,NA,NA,NA,NA,NA,NA,NA,NA,NA,NA,NA,NA,NA,NA,NA,NA,NA,NA,NA,NA,NA,NA,NA,NA
2021-04-29 19:00:00,NA,NA,NA,NA,NA,NA,NA,NA,NA,NA,NA,NA,NA,NA,NA,NA,NA,NA,NA,NA,NA,NA,NA,NA
2021-04-29 20:00:00,NA,NA,NA,NA,NA,NA,NA,NA,NA,NA,NA,NA,NA,NA,NA,NA,NA,NA,NA,NA,NA,NA,NA,NA
2021-04-29 21:00:00,NA,NA,NA,NA,NA,NA,NA,NA,NA,NA,NA,NA,NA,NA,NA,NA,NA,NA,NA,NA,NA,NA,NA,NA
2021-04-29 22:00:00,NA,NA,NA,NA,NA,NA,NA,NA,NA,NA,NA,NA,NA,NA,NA,NA,NA,NA,NA,NA,NA,NA,NA,NA
2021-04-29 23:00:00,NA,NA,NA,NA,NA,NA,NA,NA,NA,NA,NA,NA,NA,NA,NA,NA,NA,NA,NA,NA,NA,NA,NA,NA
2021-04-30 00:00:00,NA,NA,NA,NA,NA,NA,NA,NA,NA,NA,NA,NA,NA,NA,NA,NA,NA,NA,NA,NA,NA,NA,NA,NA
2021-04-30 01:00:00,NA,NA,NA,NA,NA,NA,NA,NA,NA,NA,NA,NA,NA,NA,NA,NA,NA,NA,NA,NA,NA,NA,NA,NA
2021-04-30 02:00:00,NA,NA,NA,NA,NA,NA,NA,NA,NA,NA,NA,NA,NA,NA,NA,NA,NA,NA,NA,NA,NA,NA,NA,NA
2021-04-30 03:00:00,NA,NA,NA,NA,NA,NA,NA,NA,NA,NA,NA,NA,NA,NA,NA,NA,NA,NA,NA,NA,NA,NA,NA,NA
2021-04-30 04:00:00,NA,NA,NA,NA,NA,NA,NA,NA,NA,NA,NA,NA,NA,NA,NA,NA,NA,NA,NA,NA,NA,NA,NA,NA
2021-04-30 05:00:00,NA,NA,NA,NA,NA,NA,NA,NA,NA,NA,NA,NA,NA,NA,NA,NA,NA,NA,NA,NA,NA,NA,NA,NA
2021-04-30 06:00:00,NA,NA,NA,NA,NA,NA,NA,NA,NA,NA,NA,NA,NA,NA,NA,NA,NA,NA,NA,NA,NA,NA,NA,NA
2021-04-30 07:00:00,NA,NA,NA,NA,NA,NA,NA,NA,NA,NA,NA,NA,NA,NA,NA,NA,NA,NA,NA,NA,NA,NA,NA,NA
2021-04-30 08:00:00,NA,NA,NA,NA,NA,NA,NA,NA,NA,NA,NA,NA,NA,NA,NA,NA,NA,NA,NA,NA,NA,NA,NA,NA
2021-04-30 09:00:00,NA,NA,NA,NA,NA,NA,NA,NA,NA,NA,NA,NA,NA,NA,NA,NA,NA,NA,NA,NA,NA,NA,NA,NA
2021-04-30 10:00:00,NA,NA,NA,NA,NA,NA,NA,NA,NA,NA,NA,NA,NA,NA,NA,NA,NA,NA,NA,NA,NA,NA,NA,NA
2021-04-30 11:00:00,NA,NA,NA,NA,NA,NA,NA,NA,NA,NA,NA,NA,NA,NA,NA,NA,NA,NA,NA,NA,NA,NA,NA,NA
2021-04-30 12:00:00,NA,NA,NA,NA,NA,NA,NA,NA,NA,NA,NA,NA,NA,NA,NA,NA,NA,NA,NA,NA,NA,NA,NA,NA
2021-04-30 13:00:00,NA,NA,NA,NA,NA,NA,NA,NA,NA,NA,NA,NA,NA,NA,NA,NA,NA,NA,NA,NA,NA,NA,NA,NA
2021-04-30 14:00:00,NA,NA,NA,NA,NA,NA,NA,NA,NA,NA,NA,NA,NA,NA,NA,NA,NA,NA,NA,NA,NA,NA,NA,NA
2021-04-30 15:00:00,NA,NA,NA,NA,NA,NA,NA,NA,NA,NA,NA,NA,NA,NA,NA,NA,NA,NA,NA,NA,NA,NA,NA,NA
2021-04-30 16:00:00,NA,NA,NA,NA,NA,NA,NA,NA,NA,NA,NA,NA,NA,NA,NA,NA,NA,NA,NA,NA,NA,NA,NA,NA
2021-04-30 17:00:00,NA,67.91,8.80,23.52,NA,NA,NA,2.78,NA,NA,NA,NA,NA,NA,NA,NA,NA,NA,NA,NA,NA,NA,NA,NA
2021-04-30 18:00:00,NA,82.56,9.56,24.97,34.52,NA,NA,3.00,NA,NA,NA,NA,NA,NA,NA,NA,NA,NA,NA,NA,NA,NA,NA,NA
2021-04-30 19:00:00,NA,88.18,8.93,23.80,32.73,NA,NA,2.63,NA,NA,NA,NA,NA,NA,NA,NA,NA,NA,NA,NA,NA,NA,NA,NA
2021-04-30 20:00:00,NA,77.76,8.81,23.13,31.94,NA,NA,2.80,NA,NA,NA,NA,NA,NA,NA,NA,NA,NA,NA,NA,NA,NA,NA,NA
2021-04-30 21:00:00,NA,63.77,10.30,25.02,35.33,NA,NA,2.69,NA,NA,NA,NA,NA,NA,NA,NA,NA,NA,NA,NA,NA,NA,NA,NA
2021-04-30 22:00:00,NA,55.68,9.74,24.12,33.86,NA,NA,2.62,NA,NA,NA,NA,NA,NA,NA,NA,NA,NA,NA,NA,NA,NA,NA,NA
2021-04-30 23:00:00,NA,53.30,9.69,24.76,34.46,NA,NA,2.60,NA,NA,NA,NA,NA,NA,NA,NA,NA,NA,NA,NA,NA,NA,NA,NA
2021-05-01 00:00:00,NA,52.73,9.24,23.38,32.62,NA,NA,2.41,NA,NA,NA,NA,NA,NA,NA,NA,NA,NA,NA,NA,NA,NA,NA,NA
2021-05-01 01:00:00,NA,53.52,8.65,23.52,32.17,NA,NA,2.37,NA,NA,NA,NA,NA,NA,NA,NA,NA,NA,NA,NA,NA,NA,NA,NA
2021-05-01 02:00:00,NA,50.28,9.03,23.97,32.99,NA,14.75,2.21,NA,NA,NA,NA,NA,NA,NA,NA,NA,NA,NA,NA,NA,NA,NA,NA
2021-05-01 03:00:00,NA,42.71,8.72,23.72,32.44,NA,15.12,1.78,NA,NA,NA,NA,NA,NA,NA,NA,NA,NA,NA,NA,NA,NA,NA,NA
2021-05-01 04:00:00,NA,49.94,9.78,24.83,34.62,NA,13.37,1.52,NA,NA,NA,NA,NA,NA,NA,NA,NA,NA,NA,NA,NA,NA,NA,NA
2021-05-01 05:00:00,NA,54.65,9.99,24.50,34.50,NA,15.21,1.69,NA,NA,NA,NA,NA,NA,NA,NA,NA,NA,NA,NA,NA,NA,NA,NA
2021-05-01 06:00:00,NA,61.14,9.02,23.84,32.86,NA,14.78,2.05,NA,NA,NA,NA,NA,NA,NA,NA,NA,NA,NA,NA,NA,NA,NA,NA
2021-05-01 07:00:00,NA,57.92,9.66,24.35,34.02,NA,17.32,2.56,NA,NA,NA,NA,NA,NA,NA,NA,NA,NA,NA,NA,NA,NA,NA,NA
2021-05-01 08:00:00,NA,57.15,9.52,24.14,33.65,NA,16.69,2.59,NA,NA,NA,NA,NA,NA,NA,NA,NA,NA,NA,NA,NA,NA,NA,NA
2021-05-01 09:00:00,NA,59.38,9.61,24.74,34.35,NA,14.32,2.50,NA,NA,NA,NA,NA,NA,NA,NA,NA,NA,NA,NA,NA,NA,NA,NA
2021-05-01 10:00:00,NA,37.19,8.52,23.88,32.40,NA,14.26,2.41,NA,NA,NA,NA,NA,NA,NA,NA,NA,NA,NA,NA,NA,NA,NA,NA
2021-05-01 11:00:00,NA,26.09,8.71,23.12,31.83,NA,17.84,1.95,NA,NA,NA,NA,NA,NA,NA,NA,NA,NA,NA,NA,NA,NA,NA,NA
2021-05-01 12:00:00,NA,20.56,8.56,23.38,31.94,NA,11.96,1.73,NA,NA,NA,NA,NA,NA,NA,NA,NA,NA,NA,NA,NA,NA,NA,NA
2021-05-01 13:00:00,NA,27.88,9.64,25.10,34.71,NA,17.44,1.65,NA,NA,NA,NA,NA,NA,NA,NA,NA,NA,NA,NA,NA,NA,NA,NA
2021-05-01 14:00:00,NA,117.96,8.03,23.16,33.16,NA,15.51,1.53,NA,NA,NA,NA,NA,NA,NA,NA,NA,NA,NA,NA,NA,NA,NA,NA
2021-05-01 15:00:00,NA,187.77,6.68,22.05,32.73,NA,19.34,1.56,NA,NA,NA,NA,NA,NA,NA,NA,NA,NA,NA,NA,NA,NA,NA,NA
2021-05-01 16:00:00,NA,139.34,7.03,21.61,32.64,NA,NA,1.38,NA,NA,NA,NA,NA,NA,NA,NA,NA,NA,NA,NA,NA,NA,NA,NA
2021-05-01 17:00:00,NA,95.62,8.39,22.82,35.22,NA,9.39,1.39,NA,NA,NA,NA,NA,NA,NA,NA,NA,NA,NA,NA,NA,NA,NA,NA
2021-05-01 18:00:00,NA,55.32,8.64,22.80,35.44,NA,8.53,1.37,NA,NA,NA,NA,NA,NA,NA,NA,NA,NA,NA,NA,NA,NA,NA,NA
2021-05-01 19:00:00,NA,57.26,8.44,23.78,36.22,NA,10.68,1.33,NA,NA,NA,NA,NA,NA,NA,NA,NA,NA,NA,NA,NA,NA,NA,NA
2021-05-01 20:00:00,NA,79.98,7.08,21.36,32.44,NA,NA,1.38,NA,NA,NA,NA,NA,NA,NA,NA,NA,NA,NA,NA,NA,NA,NA,NA
2021-05-01 21:00:00,NA,158.02,7.15,20.99,32.14,NA,NA,1.21,NA,NA,NA,NA,NA,NA,NA,NA,NA,NA,NA,NA,NA,NA,NA,NA
2021-05-01 22:00:00,NA,262.03,7.60,22.82,34.42,NA,13.68,1.07,NA,NA,NA,NA,NA,NA,NA,NA,NA,NA,NA,NA,NA,NA,NA,NA
2021-05-01 23:00:00,NA,242.96,7.26,23.20,34.47,NA,NA,0.90,NA,NA,NA,NA,NA,NA,NA,NA,NA,NA,NA,NA,NA,NA,NA,NA
2021-05-02 00:00:00,NA,161.47,6.43,21.45,31.88,NA,NA,0.93,NA,NA,NA,NA,NA,NA,NA,NA,NA,NA,NA,NA,NA,NA,NA,NA
2021-05-02 01:00:00,NA,101.65,6.84,22.06,32.90,NA,NA,0.94,NA,NA,NA,NA,NA,NA,NA,NA,NA,NA,NA,NA,NA,NA,NA,NA
2021-05-02 02:00:00,NA,46.47,7.67,22.26,33.93,NA,NA,0.78,NA,NA,NA,NA,NA,NA,NA,NA,NA,NA,NA,NA,NA,NA,NA,NA
2021-05-02 03:00:00,NA,22.38,6.78,21.39,32.17,NA,21.90,2.10,NA,NA,NA,NA,NA,NA,NA,NA,NA,NA,NA,NA,NA,NA,NA,NA
2021-05-02 04:00:00,NA,35.26,7.79,22.78,34.60,NA,14.99,2.20,NA,NA,NA,NA,NA,NA,NA,NA,NA,NA,NA,NA,NA,NA,NA,NA
2021-05-02 05:00:00,NA,37.20,5.67,21.36,31.03,NA,14.59,2.46,NA,NA,NA,NA,NA,NA,NA,NA,NA,NA,NA,NA,NA,NA,NA,NA
2021-05-02 06:00:00,NA,37.42,7.57,22.90,34.48,NA,14.37,2.76,NA,NA,NA,NA,NA,NA,NA,NA,NA,NA,NA,NA,NA,NA,NA,NA
2021-05-02 07:00:00,NA,51.86,6.65,21.91,32.56,NA,15.05,3.28,NA,NA,NA,NA,NA,NA,NA,NA,NA,NA,NA,NA,NA,NA,NA,NA
2021-05-02 08:00:00,NA,65.83,6.69,20.94,31.63,NA,7.44,3.42,NA,NA,NA,NA,NA,NA,NA,NA,NA,NA,NA,NA,NA,NA,NA,NA
2021-05-02 09:00:00,NA,67.28,7.90,22.86,34.76,NA,4.85,3.26,NA,NA,NA,NA,NA,NA,NA,NA,NA,NA,NA,NA,NA,NA,NA,NA
2021-05-02 10:00:00,NA,57.39,8.02,22.77,34.79,NA,6.46,2.81,NA,NA,NA,NA,NA,NA,NA,NA,NA,NA,NA,NA,NA,NA,NA,NA
2021-05-02 11:00:00,NA,44.72,5.94,21.54,31.48,NA,8.06,2.71,NA,NA,NA,NA,NA,NA,NA,NA,NA,NA,NA,NA,NA,NA,NA,NA
2021-05-02 12:00:00,NA,46.49,8.12,23.12,35.23,NA,8.80,2.64,NA,NA,NA,NA,NA,NA,NA,NA,NA,NA,NA,NA,NA,NA,NA,NA
2021-05-02 13:00:00,NA,45.32,7.98,22.89,34.87,NA,24.25,2.48,NA,NA,NA,NA,NA,NA,NA,NA,NA,NA,NA,NA,NA,NA,NA,NA
2021-05-02 14:00:00,NA,33.25,6.15,20.28,32.01,NA,NA,2.52,NA,NA,NA,NA,NA,NA,NA,NA,NA,NA,NA,NA,NA,NA,NA,NA
2021-05-02 15:00:00,NA,32.18,7.14,22.14,33.28,NA,NA,2.42,NA,NA,NA,NA,NA,NA,NA,NA,NA,NA,NA,NA,NA,NA,NA,NA
2021-05-02 16:00:00,NA,33.20,7.30,22.42,33.71,NA,NA,2.38,NA,NA,NA,NA,NA,NA,NA,NA,NA,NA,NA,NA,NA,NA,NA,NA
2021-05-02 17:00:00,NA,34.42,7.48,22.14,33.62,NA,NA,2.32,NA,NA,NA,NA,NA,NA,NA,NA,NA,NA,NA,NA,NA,NA,NA,NA
2021-05-02 18:00:00,NA,40.59,6.92,22.18,33.10,NA,24.95,2.39,NA,NA,NA,NA,NA,NA,NA,NA,NA,NA,NA,NA,NA,NA,NA,NA
2021-05-02 19:00:00,NA,61.60,7.52,22.55,34.07,NA,NA,2.37,NA,NA,NA,NA,NA,NA,NA,NA,NA,NA,NA,NA,NA,NA,NA,NA
2021-05-02 20:00:00,NA,73.97,7.49,21.62,33.11,NA,NA,2.31,NA,NA,NA,NA,NA,NA,NA,NA,NA,NA,NA,NA,NA,NA,NA,NA
2021-05-02 21:00:00,NA,60.12,7.39,22.09,33.48,NA,NA,2.62,NA,NA,NA,NA,NA,NA,NA,NA,NA,NA,NA,NA,NA,NA,NA,NA
2021-05-02 22:00:00,NA,68.08,6.07,21.50,31.57,NA,NA,2.25,NA,NA,NA,NA,NA,NA,NA,NA,NA,NA,NA,NA,NA,NA,NA,NA
2021-05-02 23:00:00,NA,67.94,7.57,22.91,34.48,NA,12.68,2.04,NA,NA,NA,NA,NA,NA,NA,NA,NA,NA,NA,NA,NA,NA,NA,NA
2021-05-03 00:00:00,NA,59.74,7.77,22.37,34.15,NA,NA,1.95,NA,NA,NA,NA,NA,NA,NA,NA,NA,NA,NA,NA,NA,NA,NA,NA
2021-05-03 01:00:00,NA,45.90,7.35,22.56,33.91,NA,NA,1.94,NA,NA,NA,NA,NA,NA,NA,NA,NA,NA,NA,NA,NA,NA,NA,NA
2021-05-03 02:00:00,NA,34.95,8.36,22.87,35.24,NA,NA,1.69,NA,NA,NA,NA,NA,NA,NA,NA,NA,NA,NA,NA,NA,NA,NA,NA
2021-05-03 03:00:00,NA,29.01,6.52,21.06,31.58,NA,NA,1.82,NA,NA,NA,NA,NA,NA,NA,NA,NA,NA,NA,NA,NA,NA,NA,NA
2021-05-03 04:00:00,NA,24.28,6.43,20.97,31.40,NA,NA,1.86,NA,NA,NA,NA,NA,NA,NA,NA,NA,NA,NA,NA,NA,NA,NA,NA
2021-05-03 05:00:00,NA,22.38,7.74,22.67,34.41,NA,NA,2.02,NA,NA,NA,NA,NA,NA,NA,NA,NA,NA,NA,NA,NA,NA,NA,NA
2021-05-03 06:00:00,NA,24.04,7.89,23.56,35.45,NA,NA,2.70,NA,NA,NA,NA,NA,NA,NA,NA,NA,NA,NA,NA,NA,NA,NA,NA
2021-05-03 07:00:00,NA,29.81,8.09,22.32,34.41,NA,NA,3.04,NA,NA,NA,NA,NA,NA,NA,NA,NA,NA,NA,NA,NA,NA,NA,NA
2021-05-03 08:00:00,NA,42.12,8.98,23.79,36.78,NA,NA,3.10,NA,NA,NA,NA,NA,NA,NA,NA,NA,NA,NA,NA,NA,NA,NA,NA
2021-05-03 09:00:00,NA,56.46,7.93,22.50,34.42,NA,NA,3.21,NA,NA,NA,NA,NA,NA,NA,NA,NA,NA,NA,NA,NA,NA,NA,NA
2021-05-03 10:00:00,NA,56.72,9.28,23.16,36.45,NA,NA,3.22,NA,NA,NA,NA,NA,NA,NA,NA,NA,NA,NA,NA,NA,NA,NA,NA
2021-05-03 11:00:00,NA,47.98,8.75,24.32,37.06,NA,NA,2.75,NA,NA,NA,NA,NA,NA,NA,NA,NA,NA,NA,NA,NA,NA,NA,NA
2021-05-03 12:00:00,NA,39.75,8.69,24.01,36.70,NA,NA,2.45,NA,NA,NA,NA,NA,NA,NA,NA,NA,NA,NA,NA,NA,NA,NA,NA
2021-05-03 13:00:00,NA,34.56,6.99,21.65,32.64,NA,NA,2.22,NA,NA,NA,NA,NA,NA,NA,NA,NA,NA,NA,NA,NA,NA,NA,NA
2021-05-03 14:00:00,NA,29.40,7.09,22.06,33.15,NA,7.00,2.28,NA,NA,NA,NA,NA,NA,NA,NA,NA,NA,NA,NA,NA,NA,NA,NA
2021-05-03 15:00:00,NA,24.42,7.64,22.31,33.95,NA,7.00,2.39,NA,NA,NA,NA,NA,NA,NA,NA,NA,NA,NA,NA,NA,NA,NA,NA
2021-05-03 16:00:00,NA,23.66,8.23,22.38,34.61,NA,NA,2.50,NA,NA,NA,NA,NA,NA,NA,NA,NA,NA,NA,NA,NA,NA,NA,NA
2021-05-03 17:00:00,NA,29.46,7.71,22.20,33.91,NA,NA,2.14,NA,NA,NA,NA,NA,NA,NA,NA,NA,NA,NA,NA,NA,NA,NA,NA
2021-05-03 18:00:00,NA,36.90,7.12,21.74,32.86,NA,NA,2.25,NA,NA,NA,NA,NA,NA,NA,NA,NA,NA,NA,NA,NA,NA,NA,NA
2021-05-03 19:00:00,NA,44.39,7.49,22.57,34.06,NA,NA,2.32,NA,NA,NA,NA,NA,NA,NA,NA,NA,NA,NA,NA,NA,NA,NA,NA
2021-05-03 20:00:00,NA,47.06,7.01,21.48,32.49,NA,NA,2.30,NA,NA,NA,NA,NA,NA,NA,NA,NA,NA,NA,NA,NA,NA,NA,NA
2021-05-03 21:00:00,NA,65.50,7.62,22.38,33.99,NA,NA,2.50,NA,NA,NA,NA,NA,NA,NA,NA,NA,NA,NA,NA,NA,NA,NA,NA
2021-05-03 22:00:00,NA,76.86,7.45,22.52,33.98,NA,NA,2.15,NA,NA,NA,NA,NA,NA,NA,NA,NA,NA,NA,NA,NA,NA,NA,NA
2021-05-03 23:00:00,NA,57.32,7.09,21.03,32.12,NA,NA,1.95,NA,NA,NA,NA,NA,NA,NA,NA,NA,NA,NA,NA,NA,NA,NA,NA
2021-05-04 00:00:00,NA,51.39,7.16,22.08,33.23,NA,NA,1.71,NA,NA,NA,NA,NA,NA,NA,NA,NA,NA,NA,NA,NA,NA,NA,NA
2021-05-04 01:00:00,NA,29.21,10.36,26.38,40.73,NA,7.00,2.44,NA,NA,NA,NA,NA,NA,NA,NA,NA,NA,NA,NA,NA,NA,NA,NA
2021-05-04 02:00:00,NA,30.84,4.46,19.63,28.08,NA,NA,3.08,NA,NA,NA,NA,NA,NA,NA,NA,NA,NA,NA,NA,NA,NA,NA,NA
2021-05-04 03:00:00,NA,43.50,7.21,21.68,32.89,NA,NA,1.94,NA,NA,NA,NA,NA,NA,NA,NA,NA,NA,NA,NA,NA,NA,NA,NA
2021-05-04 04:00:00,NA,43.41,6.25,21.44,31.70,NA,NA,1.86,NA,NA,NA,NA,NA,NA,NA,NA,NA,NA,NA,NA,NA,NA,NA,NA
2021-05-04 05:00:00,NA,45.79,8.04,22.59,34.64,NA,NA,2.11,NA,NA,NA,NA,NA,NA,NA,NA,NA,NA,NA,NA,NA,NA,NA,NA
2021-05-04 06:00:00,NA,38.90,7.56,22.96,34.53,NA,NA,2.24,NA,NA,NA,NA,NA,NA,NA,NA,NA,NA,NA,NA,NA,NA,NA,NA
2021-05-04 07:00:00,NA,45.50,7.29,22.60,33.89,NA,NA,2.57,NA,NA,NA,NA,NA,NA,NA,NA,NA,NA,NA,NA,NA,NA,NA,NA
2021-05-04 08:00:00,NA,45.38,7.41,23.06,34.46,NA,NA,2.38,NA,NA,NA,NA,NA,NA,NA,NA,NA,NA,NA,NA,NA,NA,NA,NA
2021-05-04 09:00:00,NA,49.31,7.59,22.28,33.87,NA,NA,2.22,NA,NA,NA,NA,NA,NA,NA,NA,NA,NA,NA,NA,NA,NA,NA,NA
2021-05-04 10:00:00,NA,62.44,7.46,22.96,34.42,NA,NA,2.36,NA,NA,NA,NA,NA,NA,NA,NA,NA,NA,NA,NA,NA,NA,NA,NA
2021-05-04 11:00:00,NA,54.35,6.62,22.20,32.81,NA,NA,2.36,NA,NA,NA,NA,NA,NA,NA,NA,NA,NA,NA,NA,NA,NA,NA,NA
2021-05-04 12:00:00,NA,47.46,7.70,23.50,35.21,NA,NA,2.24,NA,NA,NA,NA,NA,NA,NA,NA,NA,NA,NA,NA,NA,NA,NA,NA
2021-05-04 13:00:00,NA,37.16,6.81,21.42,32.24,NA,NA,2.16,NA,NA,NA,NA,NA,NA,NA,NA,NA,NA,NA,NA,NA,NA,NA,NA
2021-05-04 14:00:00,NA,22.97,8.58,23.40,35.98,NA,NA,2.08,NA,NA,NA,NA,NA,NA,NA,NA,NA,NA,NA,NA,NA,NA,NA,NA
2021-05-04 15:00:00,NA,23.16,6.67,22.09,32.76,NA,NA,2.14,NA,NA,NA,NA,NA,NA,NA,NA,NA,NA,NA,NA,NA,NA,NA,NA
2021-05-04 16:00:00,NA,35.02,7.07,22.40,33.47,NA,NA,2.23,NA,NA,NA,NA,NA,NA,NA,NA,NA,NA,NA,NA,NA,NA,NA,NA
2021-05-04 17:00:00,NA,44.80,6.50,21.68,32.18,NA,NA,2.29,NA,NA,NA,NA,NA,NA,NA,NA,NA,NA,NA,NA,NA,NA,NA,NA
2021-05-04 18:00:00,NA,30.51,7.50,22.46,33.96,NA,NA,2.35,NA,NA,NA,NA,NA,NA,NA,NA,NA,NA,NA,NA,NA,NA,NA,NA
2021-05-04 19:00:00,NA,42.34,7.72,23.14,34.85,NA,NA,2.62,NA,NA,NA,NA,NA,NA,NA,NA,NA,NA,NA,NA,NA,NA,NA,NA
2021-05-04 20:00:00,NA,60.51,7.29,22.51,33.81,NA,NA,2.63,NA,NA,NA,NA,NA,NA,NA,NA,NA,NA,NA,NA,NA,NA,NA,NA
2021-05-04 21:00:00,NA,53.50,7.32,22.52,33.83,NA,NA,2.33,NA,NA,NA,NA,NA,NA,NA,NA,NA,NA,NA,NA,NA,NA,NA,NA
2021-05-04 22:00:00,NA,56.46,6.46,21.15,31.60,NA,NA,2.25,NA,NA,NA,NA,NA,NA,NA,NA,NA,NA,NA,NA,NA,NA,NA,NA
2021-05-04 23:00:00,NA,56.33,7.95,22.80,34.74,NA,NA,2.12,NA,NA,NA,NA,NA,NA,NA,NA,NA,NA,NA,NA,NA,NA,NA,NA
2021-05-05 00:00:00,NA,52.84,6.69,21.92,32.61,NA,NA,1.87,NA,NA,NA,NA,NA,NA,NA,NA,NA,NA,NA,NA,NA,NA,NA,NA
2021-05-05 01:00:00,NA,54.61,7.84,22.90,34.75,NA,NA,1.86,NA,NA,NA,NA,NA,NA,NA,NA,NA,NA,NA,NA,NA,NA,NA,NA
2021-05-05 02:00:00,NA,37.34,7.42,22.04,33.46,NA,NA,1.82,NA,NA,NA,NA,NA,NA,NA,NA,NA,NA,NA,NA,NA,NA,NA,NA
2021-05-05 03:00:00,NA,28.51,7.03,22.44,33.47,NA,NA,1.89,NA,NA,NA,NA,NA,NA,NA,NA,NA,NA,NA,NA,NA,NA,NA,NA
2021-05-05 04:00:00,NA,24.06,8.46,23.55,36.00,NA,NA,1.99,NA,NA,NA,NA,NA,NA,NA,NA,NA,NA,NA,NA,NA,NA,NA,NA
2021-05-05 05:00:00,NA,33.36,6.58,22.03,32.61,NA,NA,2.35,NA,NA,NA,NA,NA,NA,NA,NA,NA,NA,NA,NA,NA,NA,NA,NA
2021-05-05 06:00:00,NA,48.69,7.68,21.85,33.53,NA,NA,2.79,NA,NA,NA,NA,NA,NA,NA,NA,NA,NA,NA,NA,NA,NA,NA,NA
2021-05-05 07:00:00,NA,43.79,7.22,22.20,33.42,NA,NA,2.90,NA,NA,NA,NA,NA,NA,NA,NA,NA,NA,NA,NA,NA,NA,NA,NA
2021-05-05 08:00:00,NA,52.53,6.42,20.72,31.14,NA,NA,3.13,NA,NA,NA,NA,NA,NA,NA,NA,NA,NA,NA,NA,NA,NA,NA,NA
2021-05-05 09:00:00,NA,64.00,6.73,21.18,31.91,NA,NA,2.89,NA,NA,NA,NA,NA,NA,NA,NA,NA,NA,NA,NA,NA,NA,NA,NA
2021-05-05 10:00:00,NA,62.92,7.54,22.27,33.82,NA,NA,2.66,NA,NA,NA,NA,NA,NA,NA,NA,NA,NA,NA,NA,NA,NA,NA,NA
2021-05-05 11:00:00,NA,66.22,7.40,22.51,33.91,NA,NA,2.48,NA,NA,NA,NA,NA,NA,NA,NA,NA,NA,NA,NA,NA,NA,NA,NA
2021-05-05 12:00:00,NA,61.74,8.05,22.48,34.53,NA,NA,2.10,NA,NA,NA,NA,NA,NA,NA,NA,NA,NA,NA,NA,NA,NA,NA,NA
2021-05-05 13:00:00,NA,68.16,6.23,21.63,31.86,NA,NA,1.50,NA,NA,NA,NA,NA,NA,NA,NA,NA,NA,NA,NA,NA,NA,NA,NA
2021-05-05 14:00:00,NA,56.24,8.28,22.22,34.51,NA,NA,1.38,NA,NA,NA,NA,NA,NA,NA,NA,NA,NA,NA,NA,NA,NA,NA,NA
2021-05-05 15:00:00,NA,53.04,8.08,23.14,35.23,NA,NA,1.42,NA,NA,NA,NA,NA,NA,NA,NA,NA,NA,NA,NA,NA,NA,NA,NA
2021-05-05 16:00:00,NA,50.80,6.60,21.31,31.90,NA,NA,1.50,NA,NA,NA,NA,NA,NA,NA,NA,NA,NA,NA,NA,NA,NA,NA,NA
2021-05-05 17:00:00,NA,52.30,8.56,23.11,35.67,NA,NA,1.33,NA,NA,NA,NA,NA,NA,NA,NA,NA,NA,NA,NA,NA,NA,NA,NA
2021-05-05 18:00:00,NA,68.32,6.57,21.23,31.80,NA,NA,1.59,NA,NA,NA,NA,NA,NA,NA,NA,NA,NA,NA,NA,NA,NA,NA,NA
2021-05-05 19:00:00,NA,70.10,6.96,21.84,32.80,NA,NA,1.73,NA,NA,NA,NA,NA,NA,NA,NA,NA,NA,NA,NA,NA,NA,NA,NA
2021-05-05 20:00:00,NA,61.02,7.32,22.70,34.02,NA,NA,1.60,NA,NA,NA,NA,NA,NA,NA,NA,NA,NA,NA,NA,NA,NA,NA,NA
2021-05-05 21:00:00,NA,59.96,7.32,21.92,33.24,NA,NA,1.38,NA,NA,NA,NA,NA,NA,NA,NA,NA,NA,NA,NA,NA,NA,NA,NA
2021-05-05 22:00:00,NA,70.07,6.61,21.46,32.07,NA,NA,1.26,NA,NA,NA,NA,NA,NA,NA,NA,NA,NA,NA,NA,NA,NA,NA,NA
2021-05-05 23:00:00,NA,56.04,8.21,23.13,35.34,NA,NA,1.11,NA,NA,NA,NA,NA,NA,NA,NA,NA,NA,NA,NA,NA,NA,NA,NA
2021-05-06 00:00:00,NA,46.25,7.79,23.09,34.88,NA,NA,1.15,NA,NA,NA,NA,NA,NA,NA,NA,NA,NA,NA,NA,NA,NA,NA,NA
2021-05-06 01:00:00,NA,41.20,7.28,22.11,33.39,NA,NA,1.01,NA,NA,NA,NA,NA,NA,NA,NA,NA,NA,NA,NA,NA,NA,NA,NA
2021-05-06 02:00:00,NA,46.70,6.69,22.35,33.04,NA,NA,0.77,NA,NA,NA,NA,NA,NA,NA,NA,NA,NA,NA,NA,NA,NA,NA,NA
2021-05-06 03:00:00,NA,46.20,6.71,20.90,31.61,NA,NA,1.22,NA,NA,NA,NA,NA,NA,NA,NA,NA,NA,NA,NA,NA,NA,NA,NA
2021-05-06 04:00:00,NA,30.60,6.27,21.74,32.02,NA,NA,1.24,NA,NA,NA,NA,NA,NA,NA,NA,NA,NA,NA,NA,NA,NA,NA,NA
2021-05-06 05:00:00,NA,29.03,9.01,24.34,37.35,NA,NA,1.28,NA,NA,NA,NA,NA,NA,NA,NA,NA,NA,NA,NA,NA,NA,NA,NA
2021-05-06 06:00:00,NA,31.82,9.16,24.38,37.54,NA,NA,1.56,NA,NA,NA,NA,NA,NA,NA,NA,NA,NA,NA,NA,NA,NA,NA,NA
2021-05-06 07:00:00,NA,42.68,8.10,23.42,35.52,NA,NA,2.16,NA,NA,NA,NA,NA,NA,NA,NA,NA,NA,NA,NA,NA,NA,NA,NA
2021-05-06 08:00:00,NA,54.34,6.68,20.65,31.34,NA,NA,2.17,NA,NA,NA,NA,NA,NA,NA,NA,NA,NA,NA,NA,NA,NA,NA,NA
2021-05-06 09:00:00,NA,48.12,6.69,21.56,32.25,NA,NA,1.93,NA,NA,NA,NA,NA,NA,NA,NA,NA,NA,NA,NA,NA,NA,NA,NA
2021-05-06 10:00:00,NA,39.74,8.17,22.89,35.06,NA,NA,2.00,NA,NA,NA,NA,NA,NA,NA,NA,NA,NA,NA,NA,NA,NA,NA,NA
2021-05-06 11:00:00,NA,49.18,7.56,22.69,34.24,NA,NA,2.17,NA,NA,NA,NA,NA,NA,NA,NA,NA,NA,NA,NA,NA,NA,NA,NA
2021-05-06 12:00:00,NA,65.65,6.41,21.48,31.89,NA,NA,1.78,NA,NA,NA,NA,NA,NA,NA,NA,NA,NA,NA,NA,NA,NA,NA,NA
2021-05-06 13:00:00,NA,58.40,7.43,22.97,34.40,NA,NA,1.68,NA,NA,NA,NA,NA,NA,NA,NA,NA,NA,NA,NA,NA,NA,NA,NA
2021-05-06 14:00:00,NA,52.20,8.18,23.33,35.51,NA,NA,1.52,NA,NA,NA,NA,NA,NA,NA,NA,NA,NA,NA,NA,NA,NA,NA,NA
2021-05-06 15:00:00,NA,39.02,7.61,22.06,33.67,NA,NA,1.55,NA,NA,NA,NA,NA,NA,NA,NA,NA,NA,NA,NA,NA,NA,NA,NA
2021-05-06 16:00:00,NA,27.39,7.34,22.44,33.77,NA,NA,1.44,NA,NA,NA,NA,NA,NA,NA,NA,NA,NA,NA,NA,NA,NA,NA,NA
2021-05-06 17:00:00,NA,46.34,6.96,21.92,32.89,NA,NA,1.42,NA,NA,NA,NA,NA,NA,NA,NA,NA,NA,NA,NA,NA,NA,NA,NA
2021-05-06 18:00:00,NA,64.18,7.30,22.65,33.95,NA,NA,1.65,NA,NA,NA,NA,NA,NA,NA,NA,NA,NA,NA,NA,NA,NA,NA,NA
2021-05-06 19:00:00,NA,68.10,6.40,21.29,31.69,NA,NA,1.64,NA,NA,NA,NA,NA,NA,NA,NA,NA,NA,NA,NA,NA,NA,NA,NA
2021-05-06 20:00:00,NA,76.61,8.92,23.24,36.15,NA,NA,1.67,NA,NA,NA,NA,NA,NA,NA,NA,NA,NA,NA,NA,NA,NA,NA,NA
2021-05-06 21:00:00,NA,52.06,8.00,22.47,34.47,NA,NA,1.72,NA,NA,NA,NA,NA,NA,NA,NA,NA,NA,NA,NA,NA,NA,NA,NA
2021-05-06 22:00:00,NA,33.53,7.94,22.42,34.36,NA,NA,1.12,NA,NA,NA,NA,NA,NA,NA,NA,NA,NA,NA,NA,NA,NA,NA,NA
2021-05-06 23:00:00,NA,44.62,7.66,23.63,35.28,NA,NA,1.31,NA,NA,NA,NA,NA,NA,NA,NA,NA,NA,NA,NA,NA,NA,NA,NA
2021-05-07 00:00:00,NA,67.93,6.58,21.68,32.26,NA,NA,1.25,NA,NA,NA,NA,NA,NA,NA,NA,NA,NA,NA,NA,NA,NA,NA,NA
2021-05-07 01:00:00,NA,57.19,6.81,21.25,32.06,NA,NA,1.23,NA,NA,NA,NA,NA,NA,NA,NA,NA,NA,NA,NA,NA,NA,NA,NA
2021-05-07 02:00:00,NA,41.25,6.08,20.98,31.06,NA,NA,1.15,NA,NA,NA,NA,NA,NA,NA,NA,NA,NA,NA,NA,NA,NA,NA,NA
2021-05-07 03:00:00,NA,29.06,9.15,24.14,37.29,NA,NA,1.49,NA,NA,NA,NA,NA,NA,NA,NA,NA,NA,NA,NA,NA,NA,NA,NA
2021-05-07 04:00:00,NA,24.50,8.64,23.65,36.29,NA,NA,1.56,NA,NA,NA,NA,NA,NA,NA,NA,NA,NA,NA,NA,NA,NA,NA,NA
2021-05-07 05:00:00,NA,24.37,7.11,21.62,32.72,NA,NA,1.71,NA,NA,NA,NA,NA,NA,NA,NA,NA,NA,NA,NA,NA,NA,NA,NA
2021-05-07 06:00:00,NA,23.60,6.08,20.63,30.71,NA,NA,1.98,NA,NA,NA,NA,NA,NA,NA,NA,NA,NA,NA,NA,NA,NA,NA,NA
2021-05-07 07:00:00,NA,33.36,8.05,23.28,35.33,NA,NA,2.36,NA,NA,NA,NA,NA,NA,NA,NA,NA,NA,NA,NA,NA,NA,NA,NA
2021-05-07 08:00:00,NA,47.90,7.96,22.38,34.34,NA,NA,2.64,NA,NA,NA,NA,NA,NA,NA,NA,NA,NA,NA,NA,NA,NA,NA,NA
2021-05-07 09:00:00,NA,57.11,6.44,21.48,31.92,NA,NA,2.72,NA,NA,NA,NA,NA,NA,NA,NA,NA,NA,NA,NA,NA,NA,NA,NA
2021-05-07 10:00:00,NA,65.22,6.07,20.80,30.87,NA,NA,2.73,NA,NA,NA,NA,NA,NA,NA,NA,NA,NA,NA,NA,NA,NA,NA,NA
2021-05-07 11:00:00,NA,55.04,9.90,25.66,39.56,NA,7.00,3.17,NA,NA,NA,NA,NA,NA,NA,NA,NA,NA,NA,NA,NA,NA,NA,NA
2021-05-07 12:00:00,NA,42.75,9.41,24.83,38.24,NA,8.06,4.12,NA,NA,NA,NA,NA,NA,NA,NA,NA,NA,NA,NA,NA,NA,NA,NA
2021-05-07 13:00:00,NA,43.37,5.51,18.35,26.28,NA,8.05,3.44,NA,NA,NA,NA,NA,NA,NA,NA,NA,NA,NA,NA,NA,NA,NA,NA
2021-05-07 14:00:00,NA,36.76,9.01,23.92,36.93,NA,7.96,2.49,NA,NA,NA,NA,NA,NA,NA,NA,NA,NA,NA,NA,NA,NA,NA,NA
2021-05-07 15:00:00,NA,36.76,7.69,22.16,33.85,NA,8.07,2.37,NA,NA,NA,NA,NA,NA,NA,NA,NA,NA,NA,NA,NA,NA,NA,NA
2021-05-07 16:00:00,NA,42.70,6.95,22.52,33.47,NA,8.16,2.39,NA,NA,NA,NA,NA,NA,NA,NA,NA,NA,NA,NA,NA,NA,NA,NA
2021-05-07 17:00:00,NA,39.19,7.07,21.60,32.66,NA,8.01,2.38,NA,NA,NA,NA,NA,NA,NA,NA,NA,NA,NA,NA,NA,NA,NA,NA
2021-05-07 18:00:00,NA,42.70,8.84,23.11,35.96,NA,8.01,2.46,NA,NA,NA,NA,NA,NA,NA,NA,NA,NA,NA,NA,NA,NA,NA,NA
2021-05-07 19:00:00,NA,49.68,6.97,21.30,32.27,NA,8.13,2.62,NA,NA,NA,NA,NA,NA,NA,NA,NA,NA,NA,NA,NA,NA,NA,NA
2021-05-07 20:00:00,NA,61.24,6.80,21.68,32.48,NA,7.98,2.50,NA,NA,NA,NA,NA,NA,NA,NA,NA,NA,NA,NA,NA,NA,NA,NA
2021-05-07 21:00:00,NA,70.73,7.58,21.92,33.50,NA,7.94,2.06,NA,NA,NA,NA,NA,NA,NA,NA,NA,NA,NA,NA,NA,NA,NA,NA
2021-05-07 22:00:00,NA,54.78,7.62,22.24,33.85,NA,8.04,1.75,NA,NA,NA,NA,NA,NA,NA,NA,NA,NA,NA,NA,NA,NA,NA,NA
2021-05-07 23:00:00,NA,45.96,7.96,23.52,35.48,NA,8.15,1.73,NA,NA,NA,NA,NA,NA,NA,NA,NA,NA,NA,NA,NA,NA,NA,NA
2021-05-08 00:00:00,NA,40.90,6.64,22.26,32.90,NA,8.07,1.74,NA,NA,NA,NA,NA,NA,NA,NA,NA,NA,NA,NA,NA,NA,NA,NA
2021-05-08 01:00:00,NA,30.26,6.88,21.77,32.64,NA,7.94,1.82,NA,NA,NA,NA,NA,NA,NA,NA,NA,NA,NA,NA,NA,NA,NA,NA
2021-05-08 02:00:00,NA,27.06,8.09,23.19,35.28,NA,8.02,1.75,NA,NA,NA,NA,NA,NA,NA,NA,NA,NA,NA,NA,NA,NA,NA,NA
2021-05-08 03:00:00,NA,27.93,8.14,22.44,34.58,NA,7.93,1.54,NA,NA,NA,NA,NA,NA,NA,NA,NA,NA,NA,NA,NA,NA,NA,NA
2021-05-08 04:00:00,NA,28.20,7.82,22.64,34.46,NA,8.00,1.48,NA,NA,NA,NA,NA,NA,NA,NA,NA,NA,NA,NA,NA,NA,NA,NA
2021-05-08 05:00:00,NA,31.89,8.55,22.51,35.05,NA,7.95,1.41,NA,NA,NA,NA,NA,NA,NA,NA,NA,NA,NA,NA,NA,NA,NA,NA
2021-05-08 06:00:00,NA,31.77,7.73,22.86,34.60,NA,7.95,1.67,NA,NA,NA,NA,NA,NA,NA,NA,NA,NA,NA,NA,NA,NA,NA,NA
2021-05-08 07:00:00,NA,29.16,8.22,22.91,35.13,NA,8.02,1.70,NA,NA,NA,NA,NA,NA,NA,NA,NA,NA,NA,NA,NA,NA,NA,NA
2021-05-08 08:00:00,NA,44.90,7.04,22.26,33.29,NA,8.02,2.26,NA,NA,NA,NA,NA,NA,NA,NA,NA,NA,NA,NA,NA,NA,NA,NA
2021-05-08 09:00:00,NA,57.32,5.48,20.34,29.82,NA,7.99,2.37,NA,NA,NA,NA,NA,NA,NA,NA,NA,NA,NA,NA,NA,NA,NA,NA
2021-05-08 10:00:00,NA,53.24,6.68,22.20,32.89,NA,8.36,2.15,NA,NA,NA,NA,NA,NA,NA,NA,NA,NA,NA,NA,NA,NA,NA,NA
2021-05-08 11:00:00,NA,54.59,8.21,23.40,35.60,NA,9.17,2.04,NA,NA,NA,NA,NA,NA,NA,NA,NA,NA,NA,NA,NA,NA,NA,NA
2021-05-08 12:00:00,NA,56.30,7.00,22.20,33.20,NA,9.42,1.94,NA,NA,NA,NA,NA,NA,NA,NA,NA,NA,NA,NA,NA,NA,NA,NA
2021-05-08 13:00:00,NA,NA,NA,NA,0.00,NA,NA,0.00,NA,NA,NA,NA,NA,NA,NA,NA,NA,NA,NA,NA,NA,NA,NA,NA
2021-05-08 14:00:00,NA,NA,NA,NA,0.00,NA,NA,0.00,NA,NA,NA,NA,NA,NA,NA,NA,NA,NA,NA,NA,NA,NA,NA,NA
2021-05-08 15:00:00,NA,NA,NA,NA,0.00,NA,NA,0.00,NA,NA,NA,NA,NA,NA,NA,NA,NA,NA,NA,NA,NA,NA,NA,NA
2021-05-08 16:00:00,NA,NA,NA,NA,0.00,NA,NA,0.00,NA,NA,NA,NA,NA,NA,NA,NA,NA,NA,NA,NA,NA,NA,NA,NA
2021-05-08 17:00:00,NA,NA,NA,NA,0.00,NA,NA,0.00,NA,NA,NA,NA,NA,NA,NA,NA,NA,NA,NA,NA,NA,NA,NA,NA
2021-05-08 18:00:00,NA,NA,NA,NA,0.00,NA,NA,0.00,NA,NA,NA,NA,NA,NA,NA,NA,NA,NA,NA,NA,NA,NA,NA,NA
2021-05-08 19:00:00,NA,NA,NA,NA,0.00,NA,NA,0.00,NA,NA,NA,NA,NA,NA,NA,NA,NA,NA,NA,NA,NA,NA,NA,NA
2021-05-08 20:00:00,NA,NA,NA,NA,0.00,NA,NA,0.00,NA,NA,NA,NA,NA,NA,NA,NA,NA,NA,NA,NA,NA,NA,NA,NA
2021-05-08 21:00:00,NA,NA,NA,NA,0.00,NA,NA,0.00,NA,NA,NA,NA,NA,NA,NA,NA,NA,NA,NA,NA,NA,NA,NA,NA
2021-05-08 22:00:00,NA,NA,NA,NA,0.00,NA,NA,0.00,NA,NA,NA,NA,NA,NA,NA,NA,NA,NA,NA,NA,NA,NA,NA,NA
2021-05-08 23:00:00,NA,NA,NA,NA,0.00,NA,NA,0.00,NA,NA,NA,NA,NA,NA,NA,NA,NA,NA,NA,NA,NA,NA,NA,NA
2021-05-09 00:00:00,NA,NA,NA,NA,NA,NA,NA,NA,NA,NA,NA,NA,NA,NA,NA,NA,NA,NA,NA,NA,NA,NA,NA,NA
2021-05-09 01:00:00,NA,NA,NA,NA,NA,NA,NA,NA,NA,NA,NA,NA,NA,NA,NA,NA,NA,NA,NA,NA,NA,NA,NA,NA
2021-05-09 02:00:00,NA,NA,NA,NA,NA,NA,NA,NA,NA,NA,NA,NA,NA,NA,NA,NA,NA,NA,NA,NA,NA,NA,NA,NA
2021-05-09 03:00:00,NA,NA,NA,NA,NA,NA,NA,NA,NA,NA,NA,NA,NA,NA,NA,NA,NA,NA,NA,NA,NA,NA,NA,NA
2021-05-09 04:00:00,NA,NA,NA,NA,NA,NA,NA,NA,NA,NA,NA,NA,NA,NA,NA,NA,NA,NA,NA,NA,NA,NA,NA,NA
2021-05-09 05:00:00,NA,NA,NA,NA,NA,NA,NA,NA,NA,NA,NA,NA,NA,NA,NA,NA,NA,NA,NA,NA,NA,NA,NA,NA
2021-05-09 06:00:00,NA,NA,NA,NA,NA,NA,NA,NA,NA,NA,NA,NA,NA,NA,NA,NA,NA,NA,NA,NA,NA,NA,NA,NA
2021-05-09 07:00:00,NA,NA,NA,NA,NA,NA,NA,NA,NA,NA,NA,NA,NA,NA,NA,NA,NA,NA,NA,NA,NA,NA,NA,NA
2021-05-09 08:00:00,NA,NA,NA,NA,NA,NA,NA,NA,NA,NA,NA,NA,NA,NA,NA,NA,NA,NA,NA,NA,NA,NA,NA,NA
2021-05-09 09:00:00,NA,NA,NA,NA,NA,NA,NA,NA,NA,NA,NA,NA,NA,NA,NA,NA,NA,NA,NA,NA,NA,NA,NA,NA
2021-05-09 10:00:00,NA,NA,NA,NA,NA,NA,NA,NA,NA,NA,NA,NA,NA,NA,NA,NA,NA,NA,NA,NA,NA,NA,NA,NA
2021-05-09 11:00:00,NA,NA,NA,NA,NA,NA,NA,NA,NA,NA,NA,NA,NA,NA,NA,NA,NA,NA,NA,NA,NA,NA,NA,NA
2021-05-09 12:00:00,NA,NA,NA,NA,NA,NA,NA,NA,NA,NA,NA,NA,NA,NA,NA,NA,NA,NA,NA,NA,NA,NA,NA,NA
2021-05-09 13:00:00,NA,NA,NA,NA,NA,NA,NA,NA,NA,NA,NA,NA,NA,NA,NA,NA,NA,NA,NA,NA,NA,NA,NA,NA
2021-05-09 14:00:00,NA,NA,NA,NA,NA,NA,NA,NA,NA,NA,NA,NA,NA,NA,NA,NA,NA,NA,NA,NA,NA,NA,NA,NA
2021-05-09 15:00:00,NA,33.22,7.55,22.25,34.92,NA,8.74,1.69,NA,NA,NA,NA,NA,NA,NA,NA,NA,NA,NA,NA,NA,NA,NA,NA
2021-05-09 16:00:00,NA,25.37,7.49,22.02,33.51,NA,8.44,1.60,NA,NA,NA,NA,NA,NA,NA,NA,NA,NA,NA,NA,NA,NA,NA,NA
2021-05-09 17:00:00,NA,29.20,8.10,22.60,34.70,NA,8.42,1.67,NA,NA,NA,NA,NA,NA,NA,NA,NA,NA,NA,NA,NA,NA,NA,NA
2021-05-09 18:00:00,NA,47.41,7.13,22.00,33.14,NA,8.52,1.74,NA,NA,NA,NA,NA,NA,NA,NA,NA,NA,NA,NA,NA,NA,NA,NA
2021-05-09 19:00:00,NA,56.00,9.00,23.98,36.98,NA,8.54,1.84,NA,NA,NA,NA,NA,NA,NA,NA,NA,NA,NA,NA,NA,NA,NA,NA
2021-05-09 20:00:00,NA,56.08,7.12,22.50,33.62,NA,9.30,2.01,NA,NA,NA,NA,NA,NA,NA,NA,NA,NA,NA,NA,NA,NA,NA,NA
2021-05-09 21:00:00,NA,59.01,7.60,23.60,35.20,NA,9.22,2.06,NA,NA,NA,NA,NA,NA,NA,NA,NA,NA,NA,NA,NA,NA,NA,NA
2021-05-09 22:00:00,NA,61.88,7.30,22.18,33.48,NA,9.40,1.82,NA,NA,NA,NA,NA,NA,NA,NA,NA,NA,NA,NA,NA,NA,NA,NA
2021-05-09 23:00:00,NA,61.21,5.14,20.32,29.47,NA,9.18,1.76,NA,NA,NA,NA,NA,NA,NA,NA,NA,NA,NA,NA,NA,NA,NA,NA
2021-05-10 00:00:00,NA,49.47,7.92,22.85,34.76,NA,9.09,1.62,NA,NA,NA,NA,NA,NA,NA,NA,NA,NA,NA,NA,NA,NA,NA,NA
2021-05-10 01:00:00,NA,38.56,7.26,22.15,33.41,NA,8.34,1.61,NA,NA,NA,NA,NA,NA,NA,NA,NA,NA,NA,NA,NA,NA,NA,NA
2021-05-10 02:00:00,NA,31.70,7.77,22.59,34.36,NA,8.09,1.65,NA,NA,NA,NA,NA,NA,NA,NA,NA,NA,NA,NA,NA,NA,NA,NA
2021-05-10 03:00:00,NA,30.16,6.88,21.98,32.87,NA,8.20,1.74,NA,NA,NA,NA,NA,NA,NA,NA,NA,NA,NA,NA,NA,NA,NA,NA
2021-05-10 04:00:00,NA,33.67,8.35,22.96,37.49,NA,8.28,1.78,NA,NA,NA,NA,NA,NA,NA,NA,NA,NA,NA,NA,NA,NA,NA,NA
2021-05-10 05:00:00,NA,39.61,7.55,21.98,33.52,NA,8.22,1.83,NA,NA,NA,NA,NA,NA,NA,NA,NA,NA,NA,NA,NA,NA,NA,NA
2021-05-10 06:00:00,NA,38.38,8.58,24.11,36.70,NA,6.33,2.04,NA,NA,NA,NA,NA,NA,NA,NA,NA,NA,NA,NA,NA,NA,NA,NA
2021-05-10 07:00:00,NA,44.27,6.68,22.29,32.98,NA,6.13,2.09,NA,NA,NA,NA,NA,NA,NA,NA,NA,NA,NA,NA,NA,NA,NA,NA
2021-05-10 08:00:00,NA,42.79,6.61,21.65,32.25,NA,6.08,1.98,NA,NA,NA,NA,NA,NA,NA,NA,NA,NA,NA,NA,NA,NA,NA,NA
2021-05-10 09:00:00,NA,41.78,7.70,23.35,35.05,NA,6.10,1.92,NA,NA,NA,NA,NA,NA,NA,NA,NA,NA,NA,NA,NA,NA,NA,NA
2021-05-10 10:00:00,NA,45.14,6.92,21.73,32.65,NA,6.03,1.96,NA,NA,NA,NA,NA,NA,NA,NA,NA,NA,NA,NA,NA,NA,NA,NA
2021-05-10 11:00:00,NA,32.85,6.13,20.83,30.96,NA,4.46,1.90,NA,NA,NA,NA,NA,NA,NA,NA,NA,NA,NA,NA,NA,NA,NA,NA
2021-05-10 12:00:00,NA,25.09,7.37,22.63,34.00,NA,4.30,1.82,NA,NA,NA,NA,NA,NA,NA,NA,NA,NA,NA,NA,NA,NA,NA,NA
2021-05-10 13:00:00,NA,33.02,7.76,23.18,34.95,NA,4.22,1.86,NA,NA,NA,NA,NA,NA,NA,NA,NA,NA,NA,NA,NA,NA,NA,NA
2021-05-10 14:00:00,NA,40.68,7.64,22.42,34.05,NA,4.29,1.79,NA,NA,NA,NA,NA,NA,NA,NA,NA,NA,NA,NA,NA,NA,NA,NA
2021-05-10 15:00:00,NA,33.85,7.44,21.73,33.17,NA,4.34,1.85,NA,NA,NA,NA,NA,NA,NA,NA,NA,NA,NA,NA,NA,NA,NA,NA
2021-05-10 16:00:00,NA,30.80,7.92,22.38,34.30,NA,6.52,1.83,NA,NA,NA,NA,NA,NA,NA,NA,NA,NA,NA,NA,NA,NA,NA,NA
2021-05-10 17:00:00,NA,41.62,7.68,22.67,34.36,NA,6.42,2.04,NA,NA,NA,NA,NA,NA,NA,NA,NA,NA,NA,NA,NA,NA,NA,NA
2021-05-10 18:00:00,NA,51.83,7.88,23.41,35.28,NA,3.57,2.12,NA,NA,NA,NA,NA,NA,NA,NA,NA,NA,NA,NA,NA,NA,NA,NA
2021-05-10 19:00:00,NA,36.46,6.21,21.25,31.46,NA,3.42,2.14,NA,NA,NA,NA,NA,NA,NA,NA,NA,NA,NA,NA,NA,NA,NA,NA
2021-05-10 20:00:00,NA,28.71,7.44,22.55,33.99,NA,3.41,2.15,NA,NA,NA,NA,NA,NA,NA,NA,NA,NA,NA,NA,NA,NA,NA,NA
2021-05-10 21:00:00,NA,28.43,9.14,24.24,37.38,NA,3.58,2.38,NA,NA,NA,NA,NA,NA,NA,NA,NA,NA,NA,NA,NA,NA,NA,NA
2021-05-10 22:00:00,NA,32.36,6.94,22.24,33.19,NA,3.58,2.38,NA,NA,NA,NA,NA,NA,NA,NA,NA,NA,NA,NA,NA,NA,NA,NA
2021-05-10 23:00:00,NA,30.18,7.06,21.86,32.93,NA,3.62,2.14,NA,NA,NA,NA,NA,NA,NA,NA,NA,NA,NA,NA,NA,NA,NA,NA
2021-05-11 00:00:00,NA,26.08,7.74,22.48,34.21,NA,3.52,1.86,NA,NA,NA,NA,NA,NA,NA,NA,NA,NA,NA,NA,NA,NA,NA,NA
2021-05-11 01:00:00,NA,38.36,6.92,21.14,32.07,NA,3.66,1.74,NA,NA,NA,NA,NA,NA,NA,NA,NA,NA,NA,NA,NA,NA,NA,NA
2021-05-11 02:00:00,NA,42.54,8.24,23.45,35.69,NA,6.23,1.69,NA,NA,NA,NA,NA,NA,NA,NA,NA,NA,NA,NA,NA,NA,NA,NA
2021-05-11 03:00:00,NA,28.77,7.52,22.56,34.07,NA,6.36,1.48,NA,NA,NA,NA,NA,NA,NA,NA,NA,NA,NA,NA,NA,NA,NA,NA
2021-05-11 04:00:00,NA,21.88,6.73,22.83,33.56,NA,6.44,1.40,NA,NA,NA,NA,NA,NA,NA,NA,NA,NA,NA,NA,NA,NA,NA,NA
2021-05-11 05:00:00,NA,18.44,6.95,21.96,32.91,NA,6.30,1.51,NA,NA,NA,NA,NA,NA,NA,NA,NA,NA,NA,NA,NA,NA,NA,NA
2021-05-11 06:00:00,NA,16.72,8.38,23.74,36.12,NA,6.46,1.57,NA,NA,NA,NA,NA,NA,NA,NA,NA,NA,NA,NA,NA,NA,NA,NA
2021-05-11 07:00:00,NA,39.28,6.10,20.80,30.90,NA,5.10,1.73,NA,NA,NA,NA,NA,NA,NA,NA,NA,NA,NA,NA,NA,NA,NA,NA
2021-05-11 08:00:00,NA,69.98,7.08,22.47,33.54,NA,5.39,1.78,NA,NA,NA,NA,NA,NA,NA,NA,NA,NA,NA,NA,NA,NA,NA,NA
2021-05-11 09:00:00,NA,66.28,8.24,22.71,34.95,NA,5.30,1.65,NA,NA,NA,NA,NA,NA,NA,NA,NA,NA,NA,NA,NA,NA,NA,NA
2021-05-11 10:00:00,NA,55.22,6.78,22.90,33.69,NA,5.20,1.67,NA,NA,NA,NA,NA,NA,NA,NA,NA,NA,NA,NA,NA,NA,NA,NA
2021-05-11 11:00:00,NA,56.69,8.48,23.86,36.34,NA,5.31,1.67,NA,NA,NA,NA,NA,NA,NA,NA,NA,NA,NA,NA,NA,NA,NA,NA
2021-05-11 12:00:00,NA,57.72,6.65,21.89,32.53,NA,3.02,1.55,NA,NA,NA,NA,NA,NA,NA,NA,NA,NA,NA,NA,NA,NA,NA,NA
2021-05-11 13:00:00,NA,46.45,8.03,23.36,35.39,NA,2.96,1.49,NA,NA,NA,NA,NA,NA,NA,NA,NA,NA,NA,NA,NA,NA,NA,NA
2021-05-11 14:00:00,NA,43.60,7.60,22.42,34.02,NA,3.01,1.51,NA,NA,NA,NA,NA,NA,NA,NA,NA,NA,NA,NA,NA,NA,NA,NA
2021-05-11 15:00:00,NA,41.40,7.18,22.08,33.25,NA,3.04,1.45,NA,NA,NA,NA,NA,NA,NA,NA,NA,NA,NA,NA,NA,NA,NA,NA
2021-05-11 16:00:00,NA,33.11,6.96,22.01,32.97,NA,2.96,1.42,NA,NA,NA,NA,NA,NA,NA,NA,NA,NA,NA,NA,NA,NA,NA,NA
2021-05-11 17:00:00,NA,33.35,8.12,23.40,35.52,NA,4.42,1.49,NA,NA,NA,NA,NA,NA,NA,NA,NA,NA,NA,NA,NA,NA,NA,NA
2021-05-11 18:00:00,NA,29.01,8.45,24.83,37.28,NA,4.51,1.59,NA,NA,NA,NA,NA,NA,NA,NA,NA,NA,NA,NA,NA,NA,NA,NA
2021-05-11 19:00:00,NA,22.02,8.90,24.30,37.20,NA,4.71,1.77,NA,NA,NA,NA,NA,NA,NA,NA,NA,NA,NA,NA,NA,NA,NA,NA
2021-05-11 20:00:00,NA,43.13,7.62,22.34,33.97,NA,4.38,1.74,NA,NA,NA,NA,NA,NA,NA,NA,NA,NA,NA,NA,NA,NA,NA,NA
2021-05-11 21:00:00,NA,73.35,8.45,23.98,36.43,NA,4.35,1.64,NA,NA,NA,NA,NA,NA,NA,NA,NA,NA,NA,NA,NA,NA,NA,NA
2021-05-11 22:00:00,NA,65.58,6.94,22.49,33.44,NA,2.72,1.59,NA,NA,NA,NA,NA,NA,NA,NA,NA,NA,NA,NA,NA,NA,NA,NA
2021-05-11 23:00:00,NA,46.89,8.10,23.46,35.56,NA,2.68,1.49,NA,NA,NA,NA,NA,NA,NA,NA,NA,NA,NA,NA,NA,NA,NA,NA
2021-05-12 00:00:00,NA,36.64,7.22,22.25,33.48,NA,2.50,1.48,NA,NA,NA,NA,NA,NA,NA,NA,NA,NA,NA,NA,NA,NA,NA,NA
2021-05-12 01:00:00,NA,39.44,5.12,19.16,28.28,NA,2.60,1.42,NA,NA,NA,NA,NA,NA,NA,NA,NA,NA,NA,NA,NA,NA,NA,NA
2021-05-12 02:00:00,NA,43.43,8.70,24.62,37.29,NA,2.47,1.41,NA,NA,NA,NA,NA,NA,NA,NA,NA,NA,NA,NA,NA,NA,NA,NA
2021-05-12 03:00:00,NA,37.28,6.99,22.23,33.22,NA,5.68,1.48,NA,NA,NA,NA,NA,NA,NA,NA,NA,NA,NA,NA,NA,NA,NA,NA
2021-05-12 04:00:00,NA,28.96,7.48,22.91,33.99,NA,5.82,1.42,NA,NA,NA,NA,NA,NA,NA,NA,NA,NA,NA,NA,NA,NA,NA,NA
2021-05-12 05:00:00,NA,33.12,7.26,21.90,33.18,NA,5.57,1.58,NA,NA,NA,NA,NA,NA,NA,NA,NA,NA,NA,NA,NA,NA,NA,NA
2021-05-12 06:00:00,NA,34.79,7.54,23.06,34.61,NA,5.58,1.56,NA,NA,NA,NA,NA,NA,NA,NA,NA,NA,NA,NA,NA,NA,NA,NA
2021-05-12 07:00:00,NA,27.89,6.75,21.91,32.66,NA,5.64,1.55,NA,NA,NA,NA,NA,NA,NA,NA,NA,NA,NA,NA,NA,NA,NA,NA
2021-05-12 08:00:00,NA,23.09,6.76,21.37,30.70,NA,5.28,1.62,NA,NA,NA,NA,NA,NA,NA,NA,NA,NA,NA,NA,NA,NA,NA,NA
2021-05-12 09:00:00,NA,19.04,7.09,21.70,32.79,NA,5.50,1.57,NA,NA,NA,NA,NA,NA,NA,NA,NA,NA,NA,NA,NA,NA,NA,NA
2021-05-12 10:00:00,NA,42.75,6.88,20.21,31.10,NA,5.24,1.58,NA,NA,NA,NA,NA,NA,NA,NA,NA,NA,NA,NA,NA,NA,NA,NA
2021-05-12 11:00:00,NA,71.07,7.68,22.56,34.24,NA,5.36,1.65,NA,NA,NA,NA,NA,NA,NA,NA,NA,NA,NA,NA,NA,NA,NA,NA
2021-05-12 12:00:00,NA,59.88,7.95,23.44,35.40,NA,5.40,1.62,NA,NA,NA,NA,NA,NA,NA,NA,NA,NA,NA,NA,NA,NA,NA,NA
2021-05-12 13:00:00,NA,41.98,8.38,24.07,36.45,NA,4.48,1.60,NA,NA,NA,NA,NA,NA,NA,NA,NA,NA,NA,NA,NA,NA,NA,NA
2021-05-12 14:00:00,NA,52.39,6.16,20.91,31.06,NA,4.34,1.60,NA,NA,NA,NA,NA,NA,NA,NA,NA,NA,NA,NA,NA,NA,NA,NA
2021-05-12 15:00:00,NA,63.96,7.33,22.62,33.95,NA,4.28,1.56,NA,NA,NA,NA,NA,NA,NA,NA,NA,NA,NA,NA,NA,NA,NA,NA
2021-05-12 16:00:00,NA,40.76,9.10,24.14,37.24,NA,4.19,1.49,NA,NA,NA,NA,NA,NA,NA,NA,NA,NA,NA,NA,NA,NA,NA,NA
2021-05-12 17:00:00,NA,27.88,6.23,20.90,31.13,NA,4.23,1.50,NA,NA,NA,NA,NA,NA,NA,NA,NA,NA,NA,NA,NA,NA,NA,NA
2021-05-12 18:00:00,NA,21.44,9.05,24.58,37.63,NA,3.74,1.56,NA,NA,NA,NA,NA,NA,NA,NA,NA,NA,NA,NA,NA,NA,NA,NA
2021-05-12 19:00:00,NA,18.22,6.99,21.70,32.69,NA,3.76,1.61,NA,NA,NA,NA,NA,NA,NA,NA,NA,NA,NA,NA,NA,NA,NA,NA
2021-05-12 20:00:00,NA,33.14,8.32,23.95,36.27,NA,3.66,1.68,NA,NA,NA,NA,NA,NA,NA,NA,NA,NA,NA,NA,NA,NA,NA,NA
2021-05-12 21:00:00,NA,44.28,8.33,22.84,35.17,NA,3.77,1.65,NA,NA,NA,NA,NA,NA,NA,NA,NA,NA,NA,NA,NA,NA,NA,NA
2021-05-12 22:00:00,NA,38.24,5.89,20.96,30.86,NA,3.60,1.75,NA,NA,NA,NA,NA,NA,NA,NA,NA,NA,NA,NA,NA,NA,NA,NA
2021-05-12 23:00:00,NA,69.56,8.46,23.67,36.14,NA,6.67,1.69,NA,NA,NA,NA,NA,NA,NA,NA,NA,NA,NA,NA,NA,NA,NA,NA
2021-05-13 00:00:00,NA,89.19,7.77,22.44,34.21,NA,6.60,1.68,NA,NA,NA,NA,NA,NA,NA,NA,NA,NA,NA,NA,NA,NA,NA,NA
2021-05-13 01:00:00,NA,53.85,5.68,20.46,30.14,NA,6.64,1.51,NA,NA,NA,NA,NA,NA,NA,NA,NA,NA,NA,NA,NA,NA,NA,NA
2021-05-13 02:00:00,NA,34.42,8.59,22.39,34.98,NA,6.46,1.44,NA,NA,NA,NA,NA,NA,NA,NA,NA,NA,NA,NA,NA,NA,NA,NA
2021-05-13 03:00:00,NA,25.28,7.24,21.62,32.86,NA,6.50,1.36,NA,NA,NA,NA,NA,NA,NA,NA,NA,NA,NA,NA,NA,NA,NA,NA
2021-05-13 04:00:00,NA,21.07,6.65,21.76,32.41,NA,3.14,1.40,NA,NA,NA,NA,NA,NA,NA,NA,NA,NA,NA,NA,NA,NA,NA,NA
2021-05-13 05:00:00,NA,18.92,6.50,21.63,32.14,NA,3.13,1.50,NA,NA,NA,NA,NA,NA,NA,NA,NA,NA,NA,NA,NA,NA,NA,NA
2021-05-13 06:00:00,NA,21.25,7.63,22.33,33.96,NA,3.23,1.43,NA,NA,NA,NA,NA,NA,NA,NA,NA,NA,NA,NA,NA,NA,NA,NA
2021-05-13 07:00:00,NA,26.85,7.84,23.08,34.91,NA,2.97,1.54,NA,NA,NA,NA,NA,NA,NA,NA,NA,NA,NA,NA,NA,NA,NA,NA
2021-05-13 08:00:00,NA,26.80,6.10,20.42,30.52,NA,3.19,1.27,NA,NA,NA,NA,NA,NA,NA,NA,NA,NA,NA,NA,NA,NA,NA,NA
2021-05-13 09:00:00,NA,37.92,6.40,20.88,31.27,NA,4.64,1.36,NA,NA,NA,NA,NA,NA,NA,NA,NA,NA,NA,NA,NA,NA,NA,NA
2021-05-13 10:00:00,NA,47.38,7.19,23.18,34.38,NA,5.04,1.44,NA,NA,NA,NA,NA,NA,NA,NA,NA,NA,NA,NA,NA,NA,NA,NA
2021-05-13 11:00:00,NA,38.56,8.15,23.31,35.46,NA,4.73,1.13,NA,NA,NA,NA,NA,NA,NA,NA,NA,NA,NA,NA,NA,NA,NA,NA
2021-05-13 12:00:00,NA,35.56,8.18,23.28,35.46,NA,4.84,1.26,NA,NA,NA,NA,NA,NA,NA,NA,NA,NA,NA,NA,NA,NA,NA,NA
2021-05-13 13:00:00,NA,28.01,7.33,22.34,33.67,NA,4.80,1.34,NA,NA,NA,NA,NA,NA,NA,NA,NA,NA,NA,NA,NA,NA,NA,NA
2021-05-13 14:00:00,NA,23.88,8.58,24.30,36.88,NA,4.37,1.43,NA,NA,NA,NA,NA,NA,NA,NA,NA,NA,NA,NA,NA,NA,NA,NA
2021-05-13 15:00:00,NA,21.21,7.27,21.81,33.08,NA,4.39,1.35,NA,NA,NA,NA,NA,NA,NA,NA,NA,NA,NA,NA,NA,NA,NA,NA
2021-05-13 16:00:00,NA,18.10,7.93,22.74,34.66,NA,4.26,1.33,NA,NA,NA,NA,NA,NA,NA,NA,NA,NA,NA,NA,NA,NA,NA,NA
2021-05-13 17:00:00,NA,23.64,8.24,23.32,35.55,NA,4.42,1.40,NA,NA,NA,NA,NA,NA,NA,NA,NA,NA,NA,NA,NA,NA,NA,NA
2021-05-13 18:00:00,NA,33.10,6.56,21.70,32.25,NA,4.30,1.43,NA,NA,NA,NA,NA,NA,NA,NA,NA,NA,NA,NA,NA,NA,NA,NA
2021-05-13 19:00:00,NA,41.47,8.70,23.38,36.08,NA,1.01,1.35,NA,NA,NA,NA,NA,NA,NA,NA,NA,NA,NA,NA,NA,NA,NA,NA
2021-05-13 20:00:00,NA,46.29,8.97,23.54,36.51,NA,0.78,1.40,NA,NA,NA,NA,NA,NA,NA,NA,NA,NA,NA,NA,NA,NA,NA,NA
2021-05-13 21:00:00,NA,35.37,6.38,21.31,31.69,NA,0.82,1.41,NA,NA,NA,NA,NA,NA,NA,NA,NA,NA,NA,NA,NA,NA,NA,NA
2021-05-13 22:00:00,NA,25.16,7.89,23.64,35.53,NA,0.97,1.25,NA,NA,NA,NA,NA,NA,NA,NA,NA,NA,NA,NA,NA,NA,NA,NA
2021-05-13 23:00:00,NA,31.34,9.76,25.39,39.16,NA,1.31,2.08,NA,NA,NA,NA,NA,NA,NA,NA,NA,NA,NA,NA,NA,NA,NA,NA
2021-05-14 00:00:00,NA,40.31,6.66,21.34,31.99,NA,1.63,1.36,NA,NA,NA,NA,NA,NA,NA,NA,NA,NA,NA,NA,NA,NA,NA,NA
2021-05-14 01:00:00,NA,31.66,7.76,22.94,34.70,NA,1.61,0.94,NA,NA,NA,NA,NA,NA,NA,NA,NA,NA,NA,NA,NA,NA,NA,NA
2021-05-14 02:00:00,NA,28.53,7.96,22.62,34.58,NA,1.25,1.19,NA,NA,NA,NA,NA,NA,NA,NA,NA,NA,NA,NA,NA,NA,NA,NA
2021-05-14 03:00:00,NA,22.59,6.23,21.09,31.32,NA,1.34,1.55,NA,NA,NA,NA,NA,NA,NA,NA,NA,NA,NA,NA,NA,NA,NA,NA
2021-05-14 04:00:00,NA,20.11,6.58,20.89,31.47,NA,1.40,1.25,NA,NA,NA,NA,NA,NA,NA,NA,NA,NA,NA,NA,NA,NA,NA,NA
2021-05-14 05:00:00,NA,19.68,6.11,21.06,31.17,NA,4.52,1.47,NA,NA,NA,NA,NA,NA,NA,NA,NA,NA,NA,NA,NA,NA,NA,NA
2021-05-14 06:00:00,NA,18.93,8.49,23.02,35.51,NA,4.66,1.67,NA,NA,NA,NA,NA,NA,NA,NA,NA,NA,NA,NA,NA,NA,NA,NA
2021-05-14 07:00:00,NA,28.65,7.18,23.46,34.64,NA,4.70,1.89,NA,NA,NA,NA,NA,NA,NA,NA,NA,NA,NA,NA,NA,NA,NA,NA
2021-05-14 08:00:00,NA,34.55,8.15,23.41,35.56,NA,4.54,2.07,NA,NA,NA,NA,NA,NA,NA,NA,NA,NA,NA,NA,NA,NA,NA,NA
2021-05-14 09:00:00,NA,24.77,7.04,22.34,33.38,NA,4.66,1.65,NA,NA,NA,NA,NA,NA,NA,NA,NA,NA,NA,NA,NA,NA,NA,NA
2021-05-14 10:00:00,NA,37.01,8.38,24.23,36.61,NA,6.62,1.38,NA,NA,NA,NA,NA,NA,NA,NA,NA,NA,NA,NA,NA,NA,NA,NA
2021-05-14 11:00:00,NA,47.76,8.13,23.79,35.92,NA,6.54,1.29,NA,NA,NA,NA,NA,NA,NA,NA,NA,NA,NA,NA,NA,NA,NA,NA
2021-05-14 12:00:00,NA,36.00,7.24,22.02,33.26,NA,6.28,1.34,NA,NA,NA,NA,NA,NA,NA,NA,NA,NA,NA,NA,NA,NA,NA,NA
2021-05-14 13:00:00,NA,36.48,7.45,22.88,34.33,NA,6.57,1.06,NA,NA,NA,NA,NA,NA,NA,NA,NA,NA,NA,NA,NA,NA,NA,NA
2021-05-14 14:00:00,NA,34.12,7.84,22.58,34.42,NA,6.52,1.10,NA,NA,NA,NA,NA,NA,NA,NA,NA,NA,NA,NA,NA,NA,NA,NA
2021-05-14 15:00:00,NA,24.56,5.84,21.01,30.85,NA,5.50,1.30,NA,NA,NA,NA,NA,NA,NA,NA,NA,NA,NA,NA,NA,NA,NA,NA
2021-05-14 16:00:00,NA,20.86,8.61,23.70,36.31,NA,5.18,1.38,NA,NA,NA,NA,NA,NA,NA,NA,NA,NA,NA,NA,NA,NA,NA,NA
2021-05-14 17:00:00,NA,22.42,6.89,22.78,33.67,NA,5.30,1.28,NA,NA,NA,NA,NA,NA,NA,NA,NA,NA,NA,NA,NA,NA,NA,NA
2021-05-14 18:00:00,NA,36.02,6.93,21.28,32.21,NA,5.34,1.36,NA,NA,NA,NA,NA,NA,NA,NA,NA,NA,NA,NA,NA,NA,NA,NA
2021-05-14 19:00:00,NA,41.58,7.70,22.96,34.66,NA,5.38,1.20,NA,NA,NA,NA,NA,NA,NA,NA,NA,NA,NA,NA,NA,NA,NA,NA
2021-05-14 20:00:00,NA,28.31,7.99,23.25,35.24,NA,4.27,1.35,NA,NA,NA,NA,NA,NA,NA,NA,NA,NA,NA,NA,NA,NA,NA,NA
2021-05-14 21:00:00,NA,21.64,6.99,22.12,33.11,NA,4.05,1.39,NA,NA,NA,NA,NA,NA,NA,NA,NA,NA,NA,NA,NA,NA,NA,NA
2021-05-14 22:00:00,NA,39.67,6.75,20.73,31.48,NA,4.04,1.05,NA,NA,NA,NA,NA,NA,NA,NA,NA,NA,NA,NA,NA,NA,NA,NA
2021-05-14 23:00:00,NA,56.37,9.42,24.95,38.36,NA,3.96,0.88,NA,NA,NA,NA,NA,NA,NA,NA,NA,NA,NA,NA,NA,NA,NA,NA
2021-05-15 00:00:00,NA,38.02,8.19,22.44,34.63,NA,4.18,0.87,NA,NA,NA,NA,NA,NA,NA,NA,NA,NA,NA,NA,NA,NA,NA,NA
2021-05-15 01:00:00,NA,26.51,7.17,22.71,33.88,NA,1.71,0.97,NA,NA,NA,NA,NA,NA,NA,NA,NA,NA,NA,NA,NA,NA,NA,NA
2021-05-15 02:00:00,NA,20.76,8.12,23.19,35.31,NA,1.72,0.77,NA,NA,NA,NA,NA,NA,NA,NA,NA,NA,NA,NA,NA,NA,NA,NA
2021-05-15 03:00:00,NA,20.52,8.02,22.40,34.42,NA,1.97,1.45,NA,NA,NA,NA,NA,NA,NA,NA,NA,NA,NA,NA,NA,NA,NA,NA
2021-05-15 04:00:00,NA,24.14,8.00,23.24,35.24,NA,1.64,1.40,NA,NA,NA,NA,NA,NA,NA,NA,NA,NA,NA,NA,NA,NA,NA,NA
2021-05-15 05:00:00,NA,24.84,8.08,23.39,35.47,NA,1.71,1.60,NA,NA,NA,NA,NA,NA,NA,NA,NA,NA,NA,NA,NA,NA,NA,NA
2021-05-15 06:00:00,NA,21.97,7.01,21.52,32.53,NA,0.85,1.76,NA,NA,NA,NA,NA,NA,NA,NA,NA,NA,NA,NA,NA,NA,NA,NA
2021-05-15 07:00:00,NA,20.19,7.80,22.78,34.58,NA,0.52,1.96,NA,NA,NA,NA,NA,NA,NA,NA,NA,NA,NA,NA,NA,NA,NA,NA
2021-05-15 08:00:00,NA,23.45,7.47,21.99,33.46,NA,0.48,1.96,NA,NA,NA,NA,NA,NA,NA,NA,NA,NA,NA,NA,NA,NA,NA,NA
2021-05-15 09:00:00,NA,30.56,7.45,21.99,33.44,NA,0.69,2.03,NA,NA,NA,NA,NA,NA,NA,NA,NA,NA,NA,NA,NA,NA,NA,NA
2021-05-15 10:00:00,NA,36.30,8.93,23.97,36.89,NA,0.65,1.90,NA,NA,NA,NA,NA,NA,NA,NA,NA,NA,NA,NA,NA,NA,NA,NA
2021-05-15 11:00:00,NA,33.66,7.37,22.14,33.52,NA,4.65,1.86,NA,NA,NA,NA,NA,NA,NA,NA,NA,NA,NA,NA,NA,NA,NA,NA
2021-05-15 12:00:00,NA,27.47,5.95,20.28,30.23,NA,4.49,1.93,NA,NA,NA,NA,NA,NA,NA,NA,NA,NA,NA,NA,NA,NA,NA,NA
2021-05-15 13:00:00,NA,28.88,7.93,22.71,34.64,NA,4.55,1.89,NA,NA,NA,NA,NA,NA,NA,NA,NA,NA,NA,NA,NA,NA,NA,NA
2021-05-15 14:00:00,NA,29.19,6.65,21.73,32.38,NA,4.47,1.91,NA,NA,NA,NA,NA,NA,NA,NA,NA,NA,NA,NA,NA,NA,NA,NA
2021-05-15 15:00:00,NA,25.21,8.34,23.16,35.50,NA,4.67,1.77,NA,NA,NA,NA,NA,NA,NA,NA,NA,NA,NA,NA,NA,NA,NA,NA
2021-05-15 16:00:00,NA,23.01,7.78,22.59,34.38,NA,3.90,1.78,NA,NA,NA,NA,NA,NA,NA,NA,NA,NA,NA,NA,NA,NA,NA,NA
2021-05-15 17:00:00,NA,20.40,7.40,22.62,34.02,NA,3.79,1.97,NA,NA,NA,NA,NA,NA,NA,NA,NA,NA,NA,NA,NA,NA,NA,NA
2021-05-15 18:00:00,NA,17.70,7.86,23.17,35.03,NA,3.62,1.90,NA,NA,NA,NA,NA,NA,NA,NA,NA,NA,NA,NA,NA,NA,NA,NA
2021-05-15 19:00:00,NA,16.34,8.14,23.46,35.60,NA,3.74,1.78,NA,NA,NA,NA,NA,NA,NA,NA,NA,NA,NA,NA,NA,NA,NA,NA
2021-05-15 20:00:00,NA,16.41,7.76,22.88,34.64,NA,3.68,1.76,NA,NA,NA,NA,NA,NA,NA,NA,NA,NA,NA,NA,NA,NA,NA,NA
2021-05-15 21:00:00,NA,20.38,6.77,21.76,32.53,NA,2.89,2.02,NA,NA,NA,NA,NA,NA,NA,NA,NA,NA,NA,NA,NA,NA,NA,NA
2021-05-15 22:00:00,NA,23.22,7.59,22.68,34.27,NA,3.00,1.76,NA,NA,NA,NA,NA,NA,NA,NA,NA,NA,NA,NA,NA,NA,NA,NA
2021-05-15 23:00:00,NA,22.03,8.72,23.46,36.18,NA,2.91,1.81,NA,NA,NA,NA,NA,NA,NA,NA,NA,NA,NA,NA,NA,NA,NA,NA
2021-05-16 00:00:00,NA,20.89,6.73,22.33,33.06,NA,2.86,1.60,NA,NA,NA,NA,NA,NA,NA,NA,NA,NA,NA,NA,NA,NA,NA,NA
2021-05-16 01:00:00,NA,19.70,7.95,23.37,35.32,NA,2.79,1.48,NA,NA,NA,NA,NA,NA,NA,NA,NA,NA,NA,NA,NA,NA,NA,NA
2021-05-16 02:00:00,NA,19.91,7.52,22.65,34.16,NA,6.39,1.72,NA,NA,NA,NA,NA,NA,NA,NA,NA,NA,NA,NA,NA,NA,NA,NA
2021-05-16 03:00:00,NA,19.08,8.39,23.62,36.01,NA,6.35,2.03,NA,NA,NA,NA,NA,NA,NA,NA,NA,NA,NA,NA,NA,NA,NA,NA
2021-05-16 04:00:00,NA,18.38,7.99,23.12,35.11,NA,6.26,1.92,NA,NA,NA,NA,NA,NA,NA,NA,NA,NA,NA,NA,NA,NA,NA,NA
2021-05-16 05:00:00,NA,17.30,7.28,21.72,32.99,NA,6.41,2.14,NA,NA,NA,NA,NA,NA,NA,NA,NA,NA,NA,NA,NA,NA,NA,NA
2021-05-16 06:00:00,NA,18.03,8.28,23.23,35.52,NA,6.18,2.28,NA,NA,NA,NA,NA,NA,NA,NA,NA,NA,NA,NA,NA,NA,NA,NA
2021-05-16 07:00:00,NA,19.53,7.66,21.84,33.51,NA,2.91,2.37,NA,NA,NA,NA,NA,NA,NA,NA,NA,NA,NA,NA,NA,NA,NA,NA
2021-05-16 08:00:00,NA,31.00,7.79,22.80,34.59,NA,2.88,2.47,NA,NA,NA,NA,NA,NA,NA,NA,NA,NA,NA,NA,NA,NA,NA,NA
2021-05-16 09:00:00,NA,39.16,6.78,22.13,32.90,NA,3.04,2.40,NA,NA,NA,NA,NA,NA,NA,NA,NA,NA,NA,NA,NA,NA,NA,NA
2021-05-16 10:00:00,NA,33.88,6.95,21.90,32.85,NA,3.07,2.19,NA,NA,NA,NA,NA,NA,NA,NA,NA,NA,NA,NA,NA,NA,NA,NA
2021-05-16 11:00:00,NA,36.94,8.04,23.25,35.30,NA,2.80,2.27,NA,NA,NA,NA,NA,NA,NA,NA,NA,NA,NA,NA,NA,NA,NA,NA
2021-05-16 12:00:00,NA,37.50,6.77,21.60,32.36,NA,4.15,2.14,NA,NA,NA,NA,NA,NA,NA,NA,NA,NA,NA,NA,NA,NA,NA,NA
2021-05-16 13:00:00,NA,33.82,7.24,22.50,33.74,NA,4.31,2.29,NA,NA,NA,NA,NA,NA,NA,NA,NA,NA,NA,NA,NA,NA,NA,NA
2021-05-16 14:00:00,NA,37.35,8.54,22.99,35.53,NA,4.23,1.98,NA,NA,NA,NA,NA,NA,NA,NA,NA,NA,NA,NA,NA,NA,NA,NA
2021-05-16 15:00:00,NA,41.22,7.48,22.72,34.20,NA,4.35,2.08,NA,NA,NA,NA,NA,NA,NA,NA,NA,NA,NA,NA,NA,NA,NA,NA
2021-05-16 16:00:00,NA,31.03,6.92,20.80,31.71,NA,4.41,2.19,NA,NA,NA,NA,NA,NA,NA,NA,NA,NA,NA,NA,NA,NA,NA,NA
2021-05-16 17:00:00,NA,24.62,8.26,23.57,35.82,NA,6.04,1.99,NA,NA,NA,NA,NA,NA,NA,NA,NA,NA,NA,NA,NA,NA,NA,NA
2021-05-16 18:00:00,NA,20.19,7.55,22.99,34.53,NA,6.00,2.18,NA,NA,NA,NA,NA,NA,NA,NA,NA,NA,NA,NA,NA,NA,NA,NA
2021-05-16 19:00:00,NA,20.30,7.02,21.95,32.97,NA,5.97,2.05,NA,NA,NA,NA,NA,NA,NA,NA,NA,NA,NA,NA,NA,NA,NA,NA
2021-05-16 20:00:00,NA,28.26,7.69,23.10,34.79,NA,5.88,2.02,NA,NA,NA,NA,NA,NA,NA,NA,NA,NA,NA,NA,NA,NA,NA,NA
2021-05-16 21:00:00,NA,32.84,6.55,21.08,31.64,NA,6.13,2.31,NA,NA,NA,NA,NA,NA,NA,NA,NA,NA,NA,NA,NA,NA,NA,NA
2021-05-16 22:00:00,NA,34.51,7.35,22.70,34.04,NA,4.44,2.10,NA,NA,NA,NA,NA,NA,NA,NA,NA,NA,NA,NA,NA,NA,NA,NA
2021-05-16 23:00:00,NA,36.40,7.86,22.87,34.73,NA,4.51,2.30,NA,NA,NA,NA,NA,NA,NA,NA,NA,NA,NA,NA,NA,NA,NA,NA
2021-05-17 00:00:00,NA,26.34,9.35,25.17,38.53,NA,4.29,1.94,NA,NA,NA,NA,NA,NA,NA,NA,NA,NA,NA,NA,NA,NA,NA,NA
2021-05-17 01:00:00,NA,20.67,6.98,21.17,32.15,NA,4.30,1.87,NA,NA,NA,NA,NA,NA,NA,NA,NA,NA,NA,NA,NA,NA,NA,NA
2021-05-17 02:00:00,NA,27.11,6.39,22.03,32.42,NA,4.54,2.02,NA,NA,NA,NA,NA,NA,NA,NA,NA,NA,NA,NA,NA,NA,NA,NA
2021-05-17 03:00:00,NA,32.82,6.78,21.96,32.75,NA,4.10,1.68,NA,NA,NA,NA,NA,NA,NA,NA,NA,NA,NA,NA,NA,NA,NA,NA
2021-05-17 04:00:00,NA,25.94,6.89,21.12,32.01,NA,4.22,1.48,NA,NA,NA,NA,NA,NA,NA,NA,NA,NA,NA,NA,NA,NA,NA,NA
2021-05-17 05:00:00,NA,23.54,6.76,22.59,33.35,NA,4.00,1.66,NA,NA,NA,NA,NA,NA,NA,NA,NA,NA,NA,NA,NA,NA,NA,NA
2021-05-17 06:00:00,NA,29.12,7.17,22.94,34.11,NA,3.98,2.12,NA,NA,NA,NA,NA,NA,NA,NA,NA,NA,NA,NA,NA,NA,NA,NA
2021-05-17 07:00:00,NA,33.32,6.65,22.13,32.78,NA,4.15,2.08,NA,NA,NA,NA,NA,NA,NA,NA,NA,NA,NA,NA,NA,NA,NA,NA
2021-05-17 08:00:00,NA,31.32,7.54,21.84,33.38,NA,4.51,1.88,NA,NA,NA,NA,NA,NA,NA,NA,NA,NA,NA,NA,NA,NA,NA,NA
2021-05-17 09:00:00,NA,38.38,7.90,23.38,35.28,NA,4.49,1.84,NA,NA,NA,NA,NA,NA,NA,NA,NA,NA,NA,NA,NA,NA,NA,NA
2021-05-17 10:00:00,NA,39.85,8.06,23.43,35.49,NA,4.70,1.88,NA,NA,NA,NA,NA,NA,NA,NA,NA,NA,NA,NA,NA,NA,NA,NA
2021-05-17 11:00:00,NA,30.16,5.90,21.78,23.91,NA,4.52,1.40,NA,NA,NA,NA,NA,NA,NA,NA,NA,NA,NA,NA,NA,NA,NA,NA
2021-05-17 12:00:00,NA,36.32,6.66,22.54,33.20,NA,4.45,1.80,NA,NA,NA,NA,NA,NA,NA,NA,NA,NA,NA,NA,NA,NA,NA,NA
2021-05-17 13:00:00,NA,44.21,7.88,22.39,34.27,NA,3.69,1.06,NA,NA,NA,NA,NA,NA,NA,NA,NA,NA,NA,NA,NA,NA,NA,NA
2021-05-17 14:00:00,NA,32.52,7.90,22.94,34.84,NA,3.89,0.66,NA,NA,NA,NA,NA,NA,NA,NA,NA,NA,NA,NA,NA,NA,NA,NA
2021-05-17 15:00:00,NA,25.61,9.64,25.36,38.99,NA,3.74,0.68,NA,NA,NA,NA,NA,NA,NA,NA,NA,NA,NA,NA,NA,NA,NA,NA
2021-05-17 16:00:00,NA,24.14,8.28,23.17,35.45,NA,3.75,0.82,NA,NA,NA,NA,NA,NA,NA,NA,NA,NA,NA,NA,NA,NA,NA,NA
2021-05-17 17:00:00,NA,25.36,7.78,22.89,34.68,NA,3.52,0.89,NA,NA,NA,NA,NA,NA,NA,NA,NA,NA,NA,NA,NA,NA,NA,NA
2021-05-17 18:00:00,NA,32.82,7.55,23.07,34.62,NA,6.82,0.87,NA,NA,NA,NA,NA,NA,NA,NA,NA,NA,NA,NA,NA,NA,NA,NA
2021-05-17 19:00:00,NA,46.43,6.43,22.20,32.63,NA,6.85,0.80,NA,NA,NA,NA,NA,NA,NA,NA,NA,NA,NA,NA,NA,NA,NA,NA
2021-05-17 20:00:00,NA,42.75,7.64,22.74,34.38,NA,6.69,0.76,NA,NA,NA,NA,NA,NA,NA,NA,NA,NA,NA,NA,NA,NA,NA,NA
2021-05-17 21:00:00,NA,30.34,6.80,22.04,32.84,NA,6.83,0.89,NA,NA,NA,NA,NA,NA,NA,NA,NA,NA,NA,NA,NA,NA,NA,NA
2021-05-17 22:00:00,NA,25.20,7.97,23.65,35.63,NA,6.77,0.97,NA,NA,NA,NA,NA,NA,NA,NA,NA,NA,NA,NA,NA,NA,NA,NA
2021-05-17 23:00:00,NA,22.29,8.46,24.82,37.27,NA,2.88,0.78,NA,NA,NA,NA,NA,NA,NA,NA,NA,NA,NA,NA,NA,NA,NA,NA
2021-05-18 00:00:00,NA,20.67,7.60,22.91,34.51,NA,2.88,0.71,NA,NA,NA,NA,NA,NA,NA,NA,NA,NA,NA,NA,NA,NA,NA,NA
2021-05-18 01:00:00,NA,30.14,8.45,23.18,35.62,NA,2.59,0.82,NA,NA,NA,NA,NA,NA,NA,NA,NA,NA,NA,NA,NA,NA,NA,NA
2021-05-18 02:00:00,NA,39.64,8.18,23.55,35.73,NA,2.62,0.84,NA,NA,NA,NA,NA,NA,NA,NA,NA,NA,NA,NA,NA,NA,NA,NA
2021-05-18 03:00:00,NA,39.09,6.50,21.20,31.69,NA,2.80,0.75,NA,NA,NA,NA,NA,NA,NA,NA,NA,NA,NA,NA,NA,NA,NA,NA
2021-05-18 04:00:00,NA,35.58,8.51,23.42,35.93,NA,8.17,0.94,NA,NA,NA,NA,NA,NA,NA,NA,NA,NA,NA,NA,NA,NA,NA,NA
2021-05-18 05:00:00,NA,28.75,7.06,21.53,32.59,NA,8.05,0.76,NA,NA,NA,NA,NA,NA,NA,NA,NA,NA,NA,NA,NA,NA,NA,NA
2021-05-18 06:00:00,NA,26.61,8.31,24.08,36.39,NA,8.02,1.20,NA,NA,NA,NA,NA,NA,NA,NA,NA,NA,NA,NA,NA,NA,NA,NA
2021-05-18 07:00:00,NA,27.82,6.49,21.24,31.73,NA,7.94,1.23,NA,NA,NA,NA,NA,NA,NA,NA,NA,NA,NA,NA,NA,NA,NA,NA
2021-05-18 08:00:00,NA,43.43,9.08,23.82,36.90,NA,8.10,1.16,NA,NA,NA,NA,NA,NA,NA,NA,NA,NA,NA,NA,NA,NA,NA,NA
2021-05-18 09:00:00,NA,NA,NA,NA,0.00,NA,NA,0.00,NA,NA,NA,NA,NA,NA,NA,NA,NA,NA,NA,NA,NA,NA,NA,NA
2021-05-18 10:00:00,NA,42.72,7.27,21.45,32.72,NA,7.92,2.63,NA,NA,NA,NA,NA,NA,NA,NA,NA,NA,NA,NA,NA,NA,NA,NA
2021-05-18 11:00:00,NA,39.91,8.22,22.72,34.94,NA,8.15,2.40,NA,NA,NA,NA,NA,NA,NA,NA,NA,NA,NA,NA,NA,NA,NA,NA
2021-05-18 12:00:00,NA,31.28,6.98,21.65,32.63,NA,8.10,2.34,NA,NA,NA,NA,NA,NA,NA,NA,NA,NA,NA,NA,NA,NA,NA,NA
2021-05-18 13:00:00,NA,33.99,7.26,22.52,33.77,NA,8.16,2.25,NA,NA,NA,NA,NA,NA,NA,NA,NA,NA,NA,NA,NA,NA,NA,NA
2021-05-18 14:00:00,NA,34.58,8.59,23.52,36.11,NA,5.54,2.10,NA,NA,NA,NA,NA,NA,NA,NA,NA,NA,NA,NA,NA,NA,NA,NA
2021-05-18 15:00:00,NA,26.60,6.09,21.48,31.57,NA,5.61,2.26,NA,NA,NA,NA,NA,NA,NA,NA,NA,NA,NA,NA,NA,NA,NA,NA
2021-05-18 16:00:00,NA,23.87,7.47,22.21,33.67,NA,5.54,2.22,NA,NA,NA,NA,NA,NA,NA,NA,NA,NA,NA,NA,NA,NA,NA,NA
2021-05-18 17:00:00,NA,21.48,7.26,22.03,33.29,NA,5.33,2.14,NA,NA,NA,NA,NA,NA,NA,NA,NA,NA,NA,NA,NA,NA,NA,NA
2021-05-18 18:00:00,NA,19.40,8.02,22.20,34.22,NA,5.58,2.28,NA,NA,NA,NA,NA,NA,NA,NA,NA,NA,NA,NA,NA,NA,NA,NA
2021-05-18 19:00:00,NA,18.08,6.29,21.29,31.58,NA,3.90,2.27,NA,NA,NA,NA,NA,NA,NA,NA,NA,NA,NA,NA,NA,NA,NA,NA
2021-05-18 20:00:00,NA,16.53,6.25,21.10,31.35,NA,4.08,2.18,NA,NA,NA,NA,NA,NA,NA,NA,NA,NA,NA,NA,NA,NA,NA,NA
2021-05-18 21:00:00,NA,15.76,8.13,22.93,35.07,NA,4.03,2.17,NA,NA,NA,NA,NA,NA,NA,NA,NA,NA,NA,NA,NA,NA,NA,NA
2021-05-18 22:00:00,NA,15.39,6.99,21.57,32.56,NA,4.20,2.22,NA,NA,NA,NA,NA,NA,NA,NA,NA,NA,NA,NA,NA,NA,NA,NA
2021-05-18 23:00:00,NA,38.67,7.83,22.78,34.60,NA,3.98,2.04,NA,NA,NA,NA,NA,NA,NA,NA,NA,NA,NA,NA,NA,NA,NA,NA
2021-05-19 00:00:00,NA,63.54,7.21,22.25,33.46,NA,5.14,1.94,NA,NA,NA,NA,NA,NA,NA,NA,NA,NA,NA,NA,NA,NA,NA,NA
2021-05-19 01:00:00,NA,40.03,7.49,23.17,34.67,NA,5.05,2.02,NA,NA,NA,NA,NA,NA,NA,NA,NA,NA,NA,NA,NA,NA,NA,NA
2021-05-19 02:00:00,NA,27.78,6.31,20.90,31.21,NA,5.04,1.96,NA,NA,NA,NA,NA,NA,NA,NA,NA,NA,NA,NA,NA,NA,NA,NA
2021-05-19 03:00:00,NA,23.13,6.74,21.90,32.64,NA,5.06,0.89,NA,NA,NA,NA,NA,NA,NA,NA,NA,NA,NA,NA,NA,NA,NA,NA
2021-05-19 04:00:00,NA,22.14,7.74,21.86,33.61,NA,5.19,0.81,NA,NA,NA,NA,NA,NA,NA,NA,NA,NA,NA,NA,NA,NA,NA,NA
2021-05-19 05:00:00,NA,21.52,6.47,21.45,31.93,NA,4.51,0.79,NA,NA,NA,NA,NA,NA,NA,NA,NA,NA,NA,NA,NA,NA,NA,NA
2021-05-19 06:00:00,NA,27.14,6.57,21.17,31.75,NA,4.40,0.96,NA,NA,NA,NA,NA,NA,NA,NA,NA,NA,NA,NA,NA,NA,NA,NA
2021-05-19 07:00:00,NA,31.19,7.70,21.68,33.38,NA,4.45,0.87,NA,NA,NA,NA,NA,NA,NA,NA,NA,NA,NA,NA,NA,NA,NA,NA
2021-05-19 08:00:00,NA,41.46,6.43,21.57,32.00,NA,4.60,1.07,NA,NA,NA,NA,NA,NA,NA,NA,NA,NA,NA,NA,NA,NA,NA,NA
2021-05-19 09:00:00,NA,52.64,8.94,23.53,36.48,NA,4.46,0.86,NA,NA,NA,NA,NA,NA,NA,NA,NA,NA,NA,NA,NA,NA,NA,NA
2021-05-19 10:00:00,NA,43.09,7.85,23.15,35.00,NA,4.46,0.99,NA,NA,NA,NA,NA,NA,NA,NA,NA,NA,NA,NA,NA,NA,NA,NA
2021-05-19 11:00:00,NA,34.62,6.84,21.89,32.74,NA,4.42,0.80,NA,NA,NA,NA,NA,NA,NA,NA,NA,NA,NA,NA,NA,NA,NA,NA
2021-05-19 12:00:00,NA,26.97,8.12,23.43,35.54,NA,4.33,0.80,NA,NA,NA,NA,NA,NA,NA,NA,NA,NA,NA,NA,NA,NA,NA,NA
2021-05-19 13:00:00,NA,23.07,7.04,22.24,33.28,NA,4.28,0.75,NA,NA,NA,NA,NA,NA,NA,NA,NA,NA,NA,NA,NA,NA,NA,NA
2021-05-19 14:00:00,NA,56.02,6.29,21.33,31.62,NA,4.12,0.76,NA,NA,NA,NA,NA,NA,NA,NA,NA,NA,NA,NA,NA,NA,NA,NA
2021-05-19 15:00:00,NA,103.24,7.33,22.43,33.76,NA,5.02,0.75,NA,NA,NA,NA,NA,NA,NA,NA,NA,NA,NA,NA,NA,NA,NA,NA
2021-05-19 16:00:00,NA,88.92,7.90,22.14,34.04,NA,5.31,0.62,NA,NA,NA,NA,NA,NA,NA,NA,NA,NA,NA,NA,NA,NA,NA,NA
2021-05-19 17:00:00,NA,53.50,6.59,21.30,31.89,NA,5.21,0.71,NA,NA,NA,NA,NA,NA,NA,NA,NA,NA,NA,NA,NA,NA,NA,NA
2021-05-19 18:00:00,NA,34.25,7.59,22.34,33.94,NA,5.13,0.70,NA,NA,NA,NA,NA,NA,NA,NA,NA,NA,NA,NA,NA,NA,NA,NA
2021-05-19 19:00:00,NA,30.92,6.94,21.34,32.28,NA,4.81,0.77,NA,NA,NA,NA,NA,NA,NA,NA,NA,NA,NA,NA,NA,NA,NA,NA
2021-05-19 20:00:00,NA,40.90,8.02,23.30,35.32,NA,5.63,0.86,NA,NA,NA,NA,NA,NA,NA,NA,NA,NA,NA,NA,NA,NA,NA,NA
2021-05-19 21:00:00,NA,41.95,8.56,23.37,35.93,NA,5.32,0.86,NA,NA,NA,NA,NA,NA,NA,NA,NA,NA,NA,NA,NA,NA,NA,NA
2021-05-19 22:00:00,NA,45.34,7.09,21.71,32.80,NA,5.35,0.78,NA,NA,NA,NA,NA,NA,NA,NA,NA,NA,NA,NA,NA,NA,NA,NA
2021-05-19 23:00:00,NA,50.58,6.92,21.23,33.20,NA,5.25,0.79,NA,NA,NA,NA,NA,NA,NA,NA,NA,NA,NA,NA,NA,NA,NA,NA
2021-05-20 00:00:00,NA,34.90,7.45,21.73,33.18,NA,5.46,0.52,NA,NA,NA,NA,NA,NA,NA,NA,NA,NA,NA,NA,NA,NA,NA,NA
2021-05-20 01:00:00,NA,26.37,6.00,21.95,31.94,NA,2.46,0.61,NA,NA,NA,NA,NA,NA,NA,NA,NA,NA,NA,NA,NA,NA,NA,NA
2021-05-20 02:00:00,NA,22.35,7.77,23.21,34.99,NA,2.38,0.62,NA,NA,NA,NA,NA,NA,NA,NA,NA,NA,NA,NA,NA,NA,NA,NA
2021-05-20 03:00:00,NA,20.42,8.32,23.86,36.17,NA,2.41,0.65,NA,NA,NA,NA,NA,NA,NA,NA,NA,NA,NA,NA,NA,NA,NA,NA
2021-05-20 04:00:00,NA,19.17,6.29,21.62,31.91,NA,2.38,0.70,NA,NA,NA,NA,NA,NA,NA,NA,NA,NA,NA,NA,NA,NA,NA,NA
2021-05-20 05:00:00,NA,22.08,8.58,23.13,35.71,NA,2.48,0.85,NA,NA,NA,NA,NA,NA,NA,NA,NA,NA,NA,NA,NA,NA,NA,NA
2021-05-20 06:00:00,NA,22.91,7.75,22.05,33.80,NA,2.86,0.96,NA,NA,NA,NA,NA,NA,NA,NA,NA,NA,NA,NA,NA,NA,NA,NA
2021-05-20 07:00:00,NA,27.44,7.12,21.72,32.84,NA,2.64,1.11,NA,NA,NA,NA,NA,NA,NA,NA,NA,NA,NA,NA,NA,NA,NA,NA
2021-05-20 08:00:00,NA,32.38,8.20,22.77,34.97,NA,2.64,0.99,NA,NA,NA,NA,NA,NA,NA,NA,NA,NA,NA,NA,NA,NA,NA,NA
2021-05-20 09:00:00,NA,25.69,7.79,22.33,34.12,NA,2.66,1.04,NA,NA,NA,NA,NA,NA,NA,NA,NA,NA,NA,NA,NA,NA,NA,NA
2021-05-20 10:00:00,NA,23.01,5.83,20.90,30.74,NA,2.79,1.06,NA,NA,NA,NA,NA,NA,NA,NA,NA,NA,NA,NA,NA,NA,NA,NA
2021-05-20 11:00:00,NA,41.60,6.76,22.44,33.20,NA,6.01,0.88,NA,NA,NA,NA,NA,NA,NA,NA,NA,NA,NA,NA,NA,NA,NA,NA
2021-05-20 12:00:00,NA,54.62,8.25,23.82,36.06,NA,5.80,0.85,NA,NA,NA,NA,NA,NA,NA,NA,NA,NA,NA,NA,NA,NA,NA,NA
2021-05-20 13:00:00,NA,37.68,6.38,21.14,31.52,NA,5.98,0.84,NA,NA,NA,NA,NA,NA,NA,NA,NA,NA,NA,NA,NA,NA,NA,NA
2021-05-20 14:00:00,NA,28.35,6.47,21.28,31.75,NA,5.90,0.77,NA,NA,NA,NA,NA,NA,NA,NA,NA,NA,NA,NA,NA,NA,NA,NA
2021-05-20 15:00:00,NA,22.53,8.21,23.70,35.91,NA,6.13,0.83,NA,NA,NA,NA,NA,NA,NA,NA,NA,NA,NA,NA,NA,NA,NA,NA
2021-05-20 16:00:00,NA,19.78,8.41,22.80,35.22,NA,5.62,0.84,NA,NA,NA,NA,NA,NA,NA,NA,NA,NA,NA,NA,NA,NA,NA,NA
2021-05-20 17:00:00,NA,18.13,6.78,22.00,32.79,NA,5.60,0.98,NA,NA,NA,NA,NA,NA,NA,NA,NA,NA,NA,NA,NA,NA,NA,NA
2021-05-20 18:00:00,NA,16.57,8.14,23.61,35.75,NA,5.79,1.23,NA,NA,NA,NA,NA,NA,NA,NA,NA,NA,NA,NA,NA,NA,NA,NA
2021-05-20 19:00:00,NA,15.78,6.50,22.42,32.92,NA,5.78,1.34,NA,NA,NA,NA,NA,NA,NA,NA,NA,NA,NA,NA,NA,NA,NA,NA
2021-05-20 20:00:00,NA,15.40,7.35,22.66,34.01,NA,5.54,1.23,NA,NA,NA,NA,NA,NA,NA,NA,NA,NA,NA,NA,NA,NA,NA,NA
2021-05-20 21:00:00,NA,15.20,6.62,20.70,31.31,NA,4.73,1.11,NA,NA,NA,NA,NA,NA,NA,NA,NA,NA,NA,NA,NA,NA,NA,NA
2021-05-20 22:00:00,NA,15.10,7.75,23.67,35.43,NA,4.65,1.10,NA,NA,NA,NA,NA,NA,NA,NA,NA,NA,NA,NA,NA,NA,NA,NA
2021-05-20 23:00:00,NA,15.07,8.76,22.84,35.60,NA,4.92,1.22,NA,NA,NA,NA,NA,NA,NA,NA,NA,NA,NA,NA,NA,NA,NA,NA
2021-05-21 00:00:00,NA,48.68,6.86,21.53,32.39,NA,4.61,0.88,NA,NA,NA,NA,NA,NA,NA,NA,NA,NA,NA,NA,NA,NA,NA,NA
2021-05-21 01:00:00,NA,33.46,7.70,22.70,34.40,NA,4.61,0.77,NA,NA,NA,NA,NA,NA,NA,NA,NA,NA,NA,NA,NA,NA,NA,NA
2021-05-21 02:00:00,NA,26.12,6.24,22.25,32.48,NA,6.16,0.70,NA,NA,NA,NA,NA,NA,NA,NA,NA,NA,NA,NA,NA,NA,NA,NA
2021-05-21 03:00:00,NA,23.36,7.75,22.96,34.71,NA,6.23,0.75,NA,NA,NA,NA,NA,NA,NA,NA,NA,NA,NA,NA,NA,NA,NA,NA
2021-05-21 04:00:00,NA,33.52,6.47,21.48,31.95,NA,6.12,0.58,NA,NA,NA,NA,NA,NA,NA,NA,NA,NA,NA,NA,NA,NA,NA,NA
2021-05-21 05:00:00,NA,44.22,6.72,21.86,32.57,NA,5.84,0.66,NA,NA,NA,NA,NA,NA,NA,NA,NA,NA,NA,NA,NA,NA,NA,NA
2021-05-21 06:00:00,NA,35.82,6.17,21.95,32.12,NA,6.30,0.83,NA,NA,NA,NA,NA,NA,NA,NA,NA,NA,NA,NA,NA,NA,NA,NA
2021-05-21 07:00:00,NA,29.53,7.07,22.06,33.14,NA,3.69,1.09,NA,NA,NA,NA,NA,NA,NA,NA,NA,NA,NA,NA,NA,NA,NA,NA
2021-05-21 08:00:00,NA,34.40,7.14,23.10,34.24,NA,3.74,1.23,NA,NA,NA,NA,NA,NA,NA,NA,NA,NA,NA,NA,NA,NA,NA,NA
2021-05-21 09:00:00,NA,39.53,8.29,23.84,36.13,NA,3.85,0.87,NA,NA,NA,NA,NA,NA,NA,NA,NA,NA,NA,NA,NA,NA,NA,NA
2021-05-21 10:00:00,NA,35.69,7.33,23.02,34.35,NA,3.88,0.96,NA,NA,NA,NA,NA,NA,NA,NA,NA,NA,NA,NA,NA,NA,NA,NA
2021-05-21 11:00:00,NA,29.36,6.30,21.80,32.10,NA,3.89,0.98,NA,NA,NA,NA,NA,NA,NA,NA,NA,NA,NA,NA,NA,NA,NA,NA
2021-05-21 12:00:00,NA,24.54,6.75,21.80,32.56,NA,5.60,0.81,NA,NA,NA,NA,NA,NA,NA,NA,NA,NA,NA,NA,NA,NA,NA,NA
2021-05-21 13:00:00,NA,22.33,8.03,23.58,35.61,NA,5.64,0.69,NA,NA,NA,NA,NA,NA,NA,NA,NA,NA,NA,NA,NA,NA,NA,NA
2021-05-21 14:00:00,NA,20.70,8.04,23.58,35.62,NA,5.52,1.05,NA,NA,NA,NA,NA,NA,NA,NA,NA,NA,NA,NA,NA,NA,NA,NA
2021-05-21 15:00:00,NA,19.54,7.62,22.03,33.65,NA,5.56,1.06,NA,NA,NA,NA,NA,NA,NA,NA,NA,NA,NA,NA,NA,NA,NA,NA
2021-05-21 16:00:00,NA,22.11,7.46,22.08,33.54,NA,5.54,0.97,NA,NA,NA,NA,NA,NA,NA,NA,NA,NA,NA,NA,NA,NA,NA,NA
2021-05-21 17:00:00,NA,22.94,7.89,23.00,34.88,NA,3.80,1.04,NA,NA,NA,NA,NA,NA,NA,NA,NA,NA,NA,NA,NA,NA,NA,NA
2021-05-21 18:00:00,NA,18.97,8.36,23.02,35.39,NA,3.68,1.16,NA,NA,NA,NA,NA,NA,NA,NA,NA,NA,NA,NA,NA,NA,NA,NA
2021-05-21 19:00:00,NA,16.98,8.06,23.33,35.39,NA,3.76,1.21,NA,NA,NA,NA,NA,NA,NA,NA,NA,NA,NA,NA,NA,NA,NA,NA
2021-05-21 20:00:00,NA,24.41,9.04,23.68,36.71,NA,3.69,1.11,NA,NA,NA,NA,NA,NA,NA,NA,NA,NA,NA,NA,NA,NA,NA,NA
2021-05-21 21:00:00,NA,30.16,7.92,23.90,35.82,NA,3.46,0.90,NA,NA,NA,NA,NA,NA,NA,NA,NA,NA,NA,NA,NA,NA,NA,NA
2021-05-21 22:00:00,NA,22.93,6.34,21.98,32.32,NA,4.26,0.89,NA,NA,NA,NA,NA,NA,NA,NA,NA,NA,NA,NA,NA,NA,NA,NA
2021-05-21 23:00:00,NA,19.08,8.32,23.86,36.18,NA,4.33,0.87,NA,NA,NA,NA,NA,NA,NA,NA,NA,NA,NA,NA,NA,NA,NA,NA
2021-05-22 00:00:00,NA,31.65,7.31,22.80,34.11,NA,4.02,0.74,NA,NA,NA,NA,NA,NA,NA,NA,NA,NA,NA,NA,NA,NA,NA,NA
2021-05-22 01:00:00,NA,33.43,6.93,22.29,33.22,NA,4.13,0.70,NA,NA,NA,NA,NA,NA,NA,NA,NA,NA,NA,NA,NA,NA,NA,NA
2021-05-22 02:00:00,NA,28.03,7.20,21.84,33.04,NA,4.28,0.59,NA,NA,NA,NA,NA,NA,NA,NA,NA,NA,NA,NA,NA,NA,NA,NA
2021-05-22 03:00:00,NA,26.45,8.35,23.53,35.88,NA,4.57,0.64,NA,NA,NA,NA,NA,NA,NA,NA,NA,NA,NA,NA,NA,NA,NA,NA
2021-05-22 04:00:00,NA,27.83,5.56,21.08,30.64,NA,4.62,0.44,NA,NA,NA,NA,NA,NA,NA,NA,NA,NA,NA,NA,NA,NA,NA,NA
2021-05-22 05:00:00,NA,22.76,8.22,24.12,36.34,NA,4.72,0.52,NA,NA,NA,NA,NA,NA,NA,NA,NA,NA,NA,NA,NA,NA,NA,NA
2021-05-22 06:00:00,NA,18.87,7.65,22.34,33.99,NA,4.63,0.78,NA,NA,NA,NA,NA,NA,NA,NA,NA,NA,NA,NA,NA,NA,NA,NA
2021-05-22 07:00:00,NA,16.93,6.29,20.93,31.22,NA,4.72,0.97,NA,NA,NA,NA,NA,NA,NA,NA,NA,NA,NA,NA,NA,NA,NA,NA
2021-05-22 08:00:00,NA,19.49,8.24,22.44,34.67,NA,4.90,0.73,NA,NA,NA,NA,NA,NA,NA,NA,NA,NA,NA,NA,NA,NA,NA,NA
2021-05-22 09:00:00,NA,31.90,7.33,21.79,33.12,NA,4.65,0.63,NA,NA,NA,NA,NA,NA,NA,NA,NA,NA,NA,NA,NA,NA,NA,NA
2021-05-22 10:00:00,NA,36.76,5.95,21.66,31.62,NA,4.72,0.62,NA,NA,NA,NA,NA,NA,NA,NA,NA,NA,NA,NA,NA,NA,NA,NA
2021-05-22 11:00:00,NA,27.36,7.34,22.72,34.06,NA,4.73,0.68,NA,NA,NA,NA,NA,NA,NA,NA,NA,NA,NA,NA,NA,NA,NA,NA
2021-05-22 12:00:00,NA,26.44,8.68,23.60,36.28,NA,4.66,0.44,NA,NA,NA,NA,NA,NA,NA,NA,NA,NA,NA,NA,NA,NA,NA,NA
2021-05-22 13:00:00,NA,33.72,8.64,23.56,36.20,NA,2.36,0.40,NA,NA,NA,NA,NA,NA,NA,NA,NA,NA,NA,NA,NA,NA,NA,NA
2021-05-22 14:00:00,NA,38.77,6.28,21.45,15.86,NA,2.12,0.26,NA,NA,NA,NA,NA,NA,NA,NA,NA,NA,NA,NA,NA,NA,NA,NA
2021-05-22 15:00:00,NA,NA,NA,NA,0.00,NA,NA,0.00,NA,NA,NA,NA,NA,NA,NA,NA,NA,NA,NA,NA,NA,NA,NA,NA
2021-05-22 16:00:00,NA,NA,NA,NA,0.00,NA,NA,0.00,NA,NA,NA,NA,NA,NA,NA,NA,NA,NA,NA,NA,NA,NA,NA,NA
2021-05-22 17:00:00,NA,NA,NA,NA,0.00,NA,NA,0.00,NA,NA,NA,NA,NA,NA,NA,NA,NA,NA,NA,NA,NA,NA,NA,NA
2021-05-22 18:00:00,NA,NA,NA,NA,0.00,NA,NA,0.00,NA,NA,NA,NA,NA,NA,NA,NA,NA,NA,NA,NA,NA,NA,NA,NA
2021-05-22 19:00:00,NA,NA,NA,NA,0.00,NA,NA,0.00,NA,NA,NA,NA,NA,NA,NA,NA,NA,NA,NA,NA,NA,NA,NA,NA
2021-05-22 20:00:00,NA,NA,NA,NA,0.00,NA,NA,0.00,NA,NA,NA,NA,NA,NA,NA,NA,NA,NA,NA,NA,NA,NA,NA,NA
2021-05-22 21:00:00,NA,NA,NA,NA,0.00,NA,NA,0.00,NA,NA,NA,NA,NA,NA,NA,NA,NA,NA,NA,NA,NA,NA,NA,NA
2021-05-22 22:00:00,NA,NA,NA,NA,0.00,NA,NA,0.00,NA,NA,NA,NA,NA,NA,NA,NA,NA,NA,NA,NA,NA,NA,NA,NA
2021-05-22 23:00:00,NA,NA,NA,NA,0.00,NA,NA,0.00,NA,NA,NA,NA,NA,NA,NA,NA,NA,NA,NA,NA,NA,NA,NA,NA
2021-05-23 00:00:00,NA,NA,NA,NA,NA,NA,NA,NA,NA,NA,NA,NA,NA,NA,NA,NA,NA,NA,NA,NA,NA,NA,NA,NA
2021-05-23 01:00:00,NA,NA,NA,NA,NA,NA,NA,NA,NA,NA,NA,NA,NA,NA,NA,NA,NA,NA,NA,NA,NA,NA,NA,NA
2021-05-23 02:00:00,NA,NA,NA,NA,NA,NA,NA,NA,NA,NA,NA,NA,NA,NA,NA,NA,NA,NA,NA,NA,NA,NA,NA,NA
2021-05-23 03:00:00,NA,NA,NA,NA,NA,NA,NA,NA,NA,NA,NA,NA,NA,NA,NA,NA,NA,NA,NA,NA,NA,NA,NA,NA
2021-05-23 04:00:00,NA,NA,NA,NA,NA,NA,NA,NA,NA,NA,NA,NA,NA,NA,NA,NA,NA,NA,NA,NA,NA,NA,NA,NA
2021-05-23 05:00:00,NA,NA,NA,NA,NA,NA,NA,NA,NA,NA,NA,NA,NA,NA,NA,NA,NA,NA,NA,NA,NA,NA,NA,NA
2021-05-23 06:00:00,NA,NA,NA,NA,NA,NA,NA,NA,NA,NA,NA,NA,NA,NA,NA,NA,NA,NA,NA,NA,NA,NA,NA,NA
2021-05-23 07:00:00,NA,NA,NA,NA,NA,NA,NA,NA,NA,NA,NA,NA,NA,NA,NA,NA,NA,NA,NA,NA,NA,NA,NA,NA
2021-05-23 08:00:00,NA,NA,NA,NA,NA,NA,NA,NA,NA,NA,NA,NA,NA,NA,NA,NA,NA,NA,NA,NA,NA,NA,NA,NA
2021-05-23 09:00:00,NA,NA,NA,NA,NA,NA,NA,NA,NA,NA,NA,NA,NA,NA,NA,NA,NA,NA,NA,NA,NA,NA,NA,NA
2021-05-23 10:00:00,NA,NA,NA,NA,NA,NA,NA,NA,NA,NA,NA,NA,NA,NA,NA,NA,NA,NA,NA,NA,NA,NA,NA,NA
2021-05-23 11:00:00,NA,NA,NA,NA,NA,NA,NA,NA,NA,NA,NA,NA,NA,NA,NA,NA,NA,NA,NA,NA,NA,NA,NA,NA
2021-05-23 12:00:00,NA,NA,NA,NA,NA,NA,NA,NA,NA,NA,NA,NA,NA,NA,NA,NA,NA,NA,NA,NA,NA,NA,NA,NA
2021-05-23 13:00:00,NA,NA,NA,NA,NA,NA,NA,NA,NA,NA,NA,NA,NA,NA,NA,NA,NA,NA,NA,NA,NA,NA,NA,NA
2021-05-23 14:00:00,NA,NA,NA,NA,NA,NA,NA,NA,NA,NA,NA,NA,NA,NA,NA,NA,NA,NA,NA,NA,NA,NA,NA,NA
2021-05-23 15:00:00,NA,NA,NA,NA,NA,NA,NA,NA,NA,NA,NA,NA,NA,NA,NA,NA,NA,NA,NA,NA,NA,NA,NA,NA
2021-05-23 16:00:00,NA,NA,NA,NA,NA,NA,NA,NA,NA,NA,NA,NA,NA,NA,NA,NA,NA,NA,NA,NA,NA,NA,NA,NA
2021-05-23 17:00:00,NA,NA,NA,NA,NA,NA,NA,NA,NA,NA,NA,NA,NA,NA,NA,NA,NA,NA,NA,NA,NA,NA,NA,NA
2021-05-23 18:00:00,NA,NA,NA,NA,NA,NA,NA,NA,NA,NA,NA,NA,NA,NA,NA,NA,NA,NA,NA,NA,NA,NA,NA,NA
2021-05-23 19:00:00,NA,NA,NA,NA,NA,NA,NA,NA,NA,NA,NA,NA,NA,NA,NA,NA,NA,NA,NA,NA,NA,NA,NA,NA
2021-05-23 20:00:00,NA,NA,NA,NA,NA,NA,NA,NA,NA,NA,NA,NA,NA,NA,NA,NA,NA,NA,NA,NA,NA,NA,NA,NA
2021-05-23 21:00:00,NA,NA,NA,NA,NA,NA,NA,NA,NA,NA,NA,NA,NA,NA,NA,NA,NA,NA,NA,NA,NA,NA,NA,NA
2021-05-23 22:00:00,NA,NA,NA,NA,NA,NA,NA,NA,NA,NA,NA,NA,NA,NA,NA,NA,NA,NA,NA,NA,NA,NA,NA,NA
2021-05-23 23:00:00,NA,NA,NA,NA,NA,NA,NA,NA,NA,NA,NA,NA,NA,NA,NA,NA,NA,NA,NA,NA,NA,NA,NA,NA
2021-05-24 00:00:00,NA,NA,NA,NA,NA,NA,NA,NA,NA,NA,NA,NA,NA,NA,NA,NA,NA,NA,NA,NA,NA,NA,NA,NA
2021-05-24 01:00:00,NA,NA,NA,NA,NA,NA,NA,NA,NA,NA,NA,NA,NA,NA,NA,NA,NA,NA,NA,NA,NA,NA,NA,NA
2021-05-24 02:00:00,NA,NA,NA,NA,NA,NA,NA,NA,NA,NA,NA,NA,NA,NA,NA,NA,NA,NA,NA,NA,NA,NA,NA,NA
2021-05-24 03:00:00,NA,NA,NA,NA,NA,NA,NA,NA,NA,NA,NA,NA,NA,NA,NA,NA,NA,NA,NA,NA,NA,NA,NA,NA
2021-05-24 04:00:00,NA,NA,NA,NA,NA,NA,NA,NA,NA,NA,NA,NA,NA,NA,NA,NA,NA,NA,NA,NA,NA,NA,NA,NA
2021-05-24 05:00:00,NA,NA,NA,NA,NA,NA,NA,NA,NA,NA,NA,NA,NA,NA,NA,NA,NA,NA,NA,NA,NA,NA,NA,NA
2021-05-24 06:00:00,NA,NA,NA,NA,NA,NA,NA,NA,NA,NA,NA,NA,NA,NA,NA,NA,NA,NA,NA,NA,NA,NA,NA,NA
2021-05-24 07:00:00,NA,NA,NA,NA,NA,NA,NA,NA,NA,NA,NA,NA,NA,NA,NA,NA,NA,NA,NA,NA,NA,NA,NA,NA
2021-05-24 08:00:00,NA,NA,NA,NA,NA,NA,NA,NA,NA,NA,NA,NA,NA,NA,NA,NA,NA,NA,NA,NA,NA,NA,NA,NA
2021-05-24 09:00:00,NA,NA,NA,NA,NA,NA,NA,NA,NA,NA,NA,NA,NA,NA,NA,NA,NA,NA,NA,NA,NA,NA,NA,NA
2021-05-24 10:00:00,NA,NA,NA,NA,NA,NA,NA,NA,NA,NA,NA,NA,NA,NA,NA,NA,NA,NA,NA,NA,NA,NA,NA,NA
2021-05-24 11:00:00,NA,NA,NA,NA,NA,NA,NA,NA,NA,NA,NA,NA,NA,NA,NA,NA,NA,NA,NA,NA,NA,NA,NA,NA
2021-05-24 12:00:00,NA,NA,NA,NA,NA,NA,NA,NA,NA,NA,NA,NA,NA,NA,NA,NA,NA,NA,NA,NA,NA,NA,NA,NA
2021-05-24 13:00:00,NA,NA,NA,NA,NA,NA,NA,NA,NA,NA,NA,NA,NA,NA,NA,NA,NA,NA,NA,NA,NA,NA,NA,NA
2021-05-24 14:00:00,NA,NA,NA,NA,NA,NA,NA,NA,NA,NA,NA,NA,NA,NA,NA,NA,NA,NA,NA,NA,NA,NA,NA,NA
2021-05-24 15:00:00,NA,NA,6.74,23.00,24.74,NA,0.18,0.54,NA,NA,NA,NA,NA,NA,NA,NA,NA,NA,NA,NA,NA,NA,NA,NA
2021-05-24 16:00:00,NA,28.95,7.66,21.94,33.60,NA,2.62,0.66,NA,NA,NA,NA,NA,NA,NA,NA,NA,NA,NA,NA,NA,NA,NA,NA
2021-05-24 17:00:00,NA,30.81,7.24,21.63,32.87,NA,3.62,1.02,NA,NA,NA,NA,NA,NA,NA,NA,NA,NA,NA,NA,NA,NA,NA,NA
2021-05-24 18:00:00,NA,28.15,6.07,20.93,30.99,NA,3.90,1.13,NA,NA,NA,NA,NA,NA,NA,NA,NA,NA,NA,NA,NA,NA,NA,NA
2021-05-24 19:00:00,NA,43.80,6.75,21.10,31.86,NA,4.02,1.16,NA,NA,NA,NA,NA,NA,NA,NA,NA,NA,NA,NA,NA,NA,NA,NA
2021-05-24 20:00:00,NA,56.60,7.48,22.26,33.74,NA,4.07,1.12,NA,NA,NA,NA,NA,NA,NA,NA,NA,NA,NA,NA,NA,NA,NA,NA
2021-05-24 21:00:00,NA,45.12,7.97,22.71,34.68,NA,4.12,1.16,NA,NA,NA,NA,NA,NA,NA,NA,NA,NA,NA,NA,NA,NA,NA,NA
2021-05-24 22:00:00,NA,51.50,7.18,22.63,33.82,NA,4.08,1.05,NA,NA,NA,NA,NA,NA,NA,NA,NA,NA,NA,NA,NA,NA,NA,NA
2021-05-24 23:00:00,NA,49.26,6.33,21.05,31.37,NA,4.18,0.88,NA,NA,NA,NA,NA,NA,NA,NA,NA,NA,NA,NA,NA,NA,NA,NA
2021-05-25 00:00:00,NA,38.68,5.90,21.68,31.58,NA,4.06,0.86,NA,NA,NA,NA,NA,NA,NA,NA,NA,NA,NA,NA,NA,NA,NA,NA
2021-05-25 01:00:00,NA,33.15,7.16,22.70,33.86,NA,3.95,0.86,NA,NA,NA,NA,NA,NA,NA,NA,NA,NA,NA,NA,NA,NA,NA,NA
2021-05-25 02:00:00,NA,27.79,8.57,23.68,36.26,NA,5.30,0.78,NA,NA,NA,NA,NA,NA,NA,NA,NA,NA,NA,NA,NA,NA,NA,NA
2021-05-25 03:00:00,NA,25.18,5.74,20.98,30.72,NA,5.29,0.80,NA,NA,NA,NA,NA,NA,NA,NA,NA,NA,NA,NA,NA,NA,NA,NA
2021-05-25 04:00:00,NA,29.03,7.08,21.69,32.78,NA,5.36,0.72,NA,NA,NA,NA,NA,NA,NA,NA,NA,NA,NA,NA,NA,NA,NA,NA
2021-05-25 05:00:00,NA,42.45,7.72,23.37,35.09,NA,5.31,0.66,NA,NA,NA,NA,NA,NA,NA,NA,NA,NA,NA,NA,NA,NA,NA,NA
2021-05-25 06:00:00,NA,45.58,7.00,22.12,33.12,NA,5.24,0.88,NA,NA,NA,NA,NA,NA,NA,NA,NA,NA,NA,NA,NA,NA,NA,NA
2021-05-25 07:00:00,NA,42.86,7.15,22.44,33.60,NA,4.47,0.94,NA,NA,NA,NA,NA,NA,NA,NA,NA,NA,NA,NA,NA,NA,NA,NA
2021-05-25 08:00:00,NA,50.51,7.24,21.75,32.99,NA,4.43,1.05,NA,NA,NA,NA,NA,NA,NA,NA,NA,NA,NA,NA,NA,NA,NA,NA
2021-05-25 09:00:00,NA,48.40,7.38,22.90,34.29,NA,4.67,0.89,NA,NA,NA,NA,NA,NA,NA,NA,NA,NA,NA,NA,NA,NA,NA,NA
2021-05-25 10:00:00,NA,31.82,6.30,21.07,31.37,NA,4.76,0.89,NA,NA,NA,NA,NA,NA,NA,NA,NA,NA,NA,NA,NA,NA,NA,NA
2021-05-25 11:00:00,NA,36.08,6.93,22.14,33.07,NA,4.79,0.99,NA,NA,NA,NA,NA,NA,NA,NA,NA,NA,NA,NA,NA,NA,NA,NA
2021-05-25 12:00:00,NA,46.26,11.43,28.10,43.54,NA,3.58,1.28,NA,NA,NA,NA,NA,NA,NA,NA,NA,NA,NA,NA,NA,NA,NA,NA
2021-05-25 13:00:00,NA,37.39,6.28,17.57,25.88,NA,3.51,1.09,NA,NA,NA,NA,NA,NA,NA,NA,NA,NA,NA,NA,NA,NA,NA,NA
2021-05-25 14:00:00,NA,27.25,8.43,23.69,36.11,NA,2.92,0.71,NA,NA,NA,NA,NA,NA,NA,NA,NA,NA,NA,NA,NA,NA,NA,NA
2021-05-25 15:00:00,NA,33.65,8.25,22.99,35.24,NA,2.97,0.70,NA,NA,NA,NA,NA,NA,NA,NA,NA,NA,NA,NA,NA,NA,NA,NA
2021-05-25 16:00:00,NA,46.38,7.92,22.84,34.77,NA,2.87,0.51,NA,NA,NA,NA,NA,NA,NA,NA,NA,NA,NA,NA,NA,NA,NA,NA
2021-05-25 17:00:00,NA,45.99,7.64,22.58,34.22,NA,4.72,0.75,NA,NA,NA,NA,NA,NA,NA,NA,NA,NA,NA,NA,NA,NA,NA,NA
2021-05-25 18:00:00,NA,36.64,8.64,24.29,36.94,NA,4.68,0.76,NA,NA,NA,NA,NA,NA,NA,NA,NA,NA,NA,NA,NA,NA,NA,NA
2021-05-25 19:00:00,NA,40.42,8.42,23.71,36.13,NA,4.60,0.92,NA,NA,NA,NA,NA,NA,NA,NA,NA,NA,NA,NA,NA,NA,NA,NA
2021-05-25 20:00:00,NA,49.60,6.38,21.22,31.60,NA,4.71,1.20,NA,NA,NA,NA,NA,NA,NA,NA,NA,NA,NA,NA,NA,NA,NA,NA
2021-05-25 21:00:00,NA,38.53,7.91,23.68,35.58,NA,4.37,0.97,NA,NA,NA,NA,NA,NA,NA,NA,NA,NA,NA,NA,NA,NA,NA,NA
2021-05-25 22:00:00,NA,28.53,7.74,22.46,34.20,NA,2.15,0.91,NA,NA,NA,NA,NA,NA,NA,NA,NA,NA,NA,NA,NA,NA,NA,NA
2021-05-25 23:00:00,NA,20.62,9.04,24.33,37.37,NA,2.21,0.80,NA,NA,NA,NA,NA,NA,NA,NA,NA,NA,NA,NA,NA,NA,NA,NA
2021-05-26 00:00:00,NA,15.00,7.17,21.79,32.96,NA,2.27,0.75,NA,NA,NA,NA,NA,NA,NA,NA,NA,NA,NA,NA,NA,NA,NA,NA
2021-05-26 01:00:00,NA,15.00,5.98,19.92,29.90,NA,2.10,0.52,NA,NA,NA,NA,NA,NA,NA,NA,NA,NA,NA,NA,NA,NA,NA,NA
2021-05-26 02:00:00,NA,16.34,9.09,24.23,37.32,NA,2.12,0.60,NA,NA,NA,NA,NA,NA,NA,NA,NA,NA,NA,NA,NA,NA,NA,NA
2021-05-26 03:00:00,NA,17.30,7.72,22.02,33.74,NA,3.88,0.61,NA,NA,NA,NA,NA,NA,NA,NA,NA,NA,NA,NA,NA,NA,NA,NA
2021-05-26 04:00:00,NA,16.14,7.46,22.77,34.24,NA,3.82,0.56,NA,NA,NA,NA,NA,NA,NA,NA,NA,NA,NA,NA,NA,NA,NA,NA
2021-05-26 05:00:00,NA,28.72,8.31,23.31,35.62,NA,4.02,0.68,NA,NA,NA,NA,NA,NA,NA,NA,NA,NA,NA,NA,NA,NA,NA,NA
2021-05-26 06:00:00,NA,38.39,7.10,21.71,32.80,NA,3.82,0.91,NA,NA,NA,NA,NA,NA,NA,NA,NA,NA,NA,NA,NA,NA,NA,NA
2021-05-26 07:00:00,NA,40.29,6.21,20.37,30.58,NA,3.96,0.97,NA,NA,NA,NA,NA,NA,NA,NA,NA,NA,NA,NA,NA,NA,NA,NA
2021-05-26 08:00:00,NA,57.52,7.51,22.83,34.34,NA,2.29,0.80,NA,NA,NA,NA,NA,NA,NA,NA,NA,NA,NA,NA,NA,NA,NA,NA
2021-05-26 09:00:00,NA,53.67,7.08,22.30,33.38,NA,2.22,0.94,NA,NA,NA,NA,NA,NA,NA,NA,NA,NA,NA,NA,NA,NA,NA,NA
2021-05-26 10:00:00,NA,34.33,8.08,22.59,34.67,NA,2.44,0.91,NA,NA,NA,NA,NA,NA,NA,NA,NA,NA,NA,NA,NA,NA,NA,NA
2021-05-26 11:00:00,NA,24.66,8.79,23.70,36.49,NA,2.32,0.84,NA,NA,NA,NA,NA,NA,NA,NA,NA,NA,NA,NA,NA,NA,NA,NA
2021-05-26 12:00:00,NA,33.84,7.34,21.78,33.13,NA,2.48,0.64,NA,NA,NA,NA,NA,NA,NA,NA,NA,NA,NA,NA,NA,NA,NA,NA
2021-05-26 13:00:00,NA,41.23,6.53,21.14,31.67,NA,1.41,0.67,NA,NA,NA,NA,NA,NA,NA,NA,NA,NA,NA,NA,NA,NA,NA,NA
2021-05-26 14:00:00,NA,30.32,8.61,23.87,36.48,NA,1.54,0.57,NA,NA,NA,NA,NA,NA,NA,NA,NA,NA,NA,NA,NA,NA,NA,NA
2021-05-26 15:00:00,NA,26.23,8.64,23.92,36.55,NA,1.32,0.66,NA,NA,NA,NA,NA,NA,NA,NA,NA,NA,NA,NA,NA,NA,NA,NA
2021-05-26 16:00:00,NA,21.70,7.86,22.88,34.74,NA,1.43,0.62,NA,NA,NA,NA,NA,NA,NA,NA,NA,NA,NA,NA,NA,NA,NA,NA
2021-05-26 17:00:00,NA,21.20,7.95,23.34,35.30,NA,1.56,0.67,NA,NA,NA,NA,NA,NA,NA,NA,NA,NA,NA,NA,NA,NA,NA,NA
2021-05-26 18:00:00,NA,91.32,6.87,21.64,32.51,NA,2.83,0.75,NA,NA,NA,NA,NA,NA,NA,NA,NA,NA,NA,NA,NA,NA,NA,NA
2021-05-26 19:00:00,NA,136.79,8.40,22.91,35.30,NA,2.92,0.84,NA,NA,NA,NA,NA,NA,NA,NA,NA,NA,NA,NA,NA,NA,NA,NA
2021-05-26 20:00:00,NA,75.89,6.62,21.19,31.81,NA,2.76,0.80,NA,NA,NA,NA,NA,NA,NA,NA,NA,NA,NA,NA,NA,NA,NA,NA
2021-05-26 21:00:00,NA,45.44,8.20,22.73,34.93,NA,2.80,0.76,NA,NA,NA,NA,NA,NA,NA,NA,NA,NA,NA,NA,NA,NA,NA,NA
2021-05-26 22:00:00,NA,53.90,6.46,20.97,31.44,NA,2.74,0.61,NA,NA,NA,NA,NA,NA,NA,NA,NA,NA,NA,NA,NA,NA,NA,NA
2021-05-26 23:00:00,NA,65.03,8.70,24.14,36.84,NA,3.61,0.61,NA,NA,NA,NA,NA,NA,NA,NA,NA,NA,NA,NA,NA,NA,NA,NA
2021-05-27 00:00:00,NA,41.16,6.83,21.41,32.23,NA,3.72,0.59,NA,NA,NA,NA,NA,NA,NA,NA,NA,NA,NA,NA,NA,NA,NA,NA
2021-05-27 01:00:00,NA,29.52,7.36,22.28,33.64,NA,3.80,0.41,NA,NA,NA,NA,NA,NA,NA,NA,NA,NA,NA,NA,NA,NA,NA,NA
2021-05-27 02:00:00,NA,22.24,7.23,22.04,33.27,NA,3.66,0.46,NA,NA,NA,NA,NA,NA,NA,NA,NA,NA,NA,NA,NA,NA,NA,NA
2021-05-27 03:00:00,NA,18.63,5.98,20.68,30.66,NA,3.67,0.36,NA,NA,NA,NA,NA,NA,NA,NA,NA,NA,NA,NA,NA,NA,NA,NA
2021-05-27 04:00:00,NA,25.33,5.83,21.05,30.88,NA,4.48,0.80,NA,NA,NA,NA,NA,NA,NA,NA,NA,NA,NA,NA,NA,NA,NA,NA
2021-05-27 05:00:00,NA,30.42,7.43,22.58,34.01,NA,4.44,0.91,NA,NA,NA,NA,NA,NA,NA,NA,NA,NA,NA,NA,NA,NA,NA,NA
2021-05-27 06:00:00,NA,22.72,8.41,24.39,36.80,NA,4.55,1.00,NA,NA,NA,NA,NA,NA,NA,NA,NA,NA,NA,NA,NA,NA,NA,NA
2021-05-27 07:00:00,NA,48.97,7.34,23.69,35.02,NA,4.33,1.11,NA,NA,NA,NA,NA,NA,NA,NA,NA,NA,NA,NA,NA,NA,NA,NA
2021-05-27 08:00:00,NA,89.76,8.39,23.99,36.38,NA,4.39,1.28,NA,NA,NA,NA,NA,NA,NA,NA,NA,NA,NA,NA,NA,NA,NA,NA
2021-05-27 09:00:00,NA,82.18,8.47,23.15,35.62,NA,5.48,1.28,NA,NA,NA,NA,NA,NA,NA,NA,NA,NA,NA,NA,NA,NA,NA,NA
2021-05-27 10:00:00,NA,56.54,9.68,24.53,38.21,NA,5.61,1.01,NA,NA,NA,NA,NA,NA,NA,NA,NA,NA,NA,NA,NA,NA,NA,NA
2021-05-27 11:00:00,NA,36.16,8.28,23.52,35.80,NA,5.63,0.88,NA,NA,NA,NA,NA,NA,NA,NA,NA,NA,NA,NA,NA,NA,NA,NA
2021-05-27 12:00:00,NA,27.85,6.80,21.90,32.70,NA,5.65,0.75,NA,NA,NA,NA,NA,NA,NA,NA,NA,NA,NA,NA,NA,NA,NA,NA
2021-05-27 13:00:00,NA,31.75,7.41,22.40,33.81,NA,5.46,0.97,NA,NA,NA,NA,NA,NA,NA,NA,NA,NA,NA,NA,NA,NA,NA,NA
2021-05-27 14:00:00,NA,31.75,7.14,23.13,34.28,NA,6.78,0.99,NA,NA,NA,NA,NA,NA,NA,NA,NA,NA,NA,NA,NA,NA,NA,NA
2021-05-27 15:00:00,NA,24.64,9.10,24.41,37.51,NA,7.16,0.90,NA,NA,NA,NA,NA,NA,NA,NA,NA,NA,NA,NA,NA,NA,NA,NA
2021-05-27 16:00:00,NA,22.68,7.70,23.40,35.10,NA,6.83,0.88,NA,NA,NA,NA,NA,NA,NA,NA,NA,NA,NA,NA,NA,NA,NA,NA
2021-05-27 17:00:00,NA,21.75,8.46,22.90,35.37,NA,6.97,0.73,NA,NA,NA,NA,NA,NA,NA,NA,NA,NA,NA,NA,NA,NA,NA,NA
2021-05-27 18:00:00,NA,25.07,6.95,21.44,32.38,NA,6.84,0.83,NA,NA,NA,NA,NA,NA,NA,NA,NA,NA,NA,NA,NA,NA,NA,NA
2021-05-27 19:00:00,NA,18.88,8.60,23.10,35.69,NA,2.85,0.92,NA,NA,NA,NA,NA,NA,NA,NA,NA,NA,NA,NA,NA,NA,NA,NA
2021-05-27 20:00:00,NA,15.15,8.01,22.92,34.92,NA,2.64,1.13,NA,NA,NA,NA,NA,NA,NA,NA,NA,NA,NA,NA,NA,NA,NA,NA
2021-05-27 21:00:00,NA,7.33,7.79,23.48,35.28,NA,2.66,1.14,NA,NA,NA,NA,NA,NA,NA,NA,NA,NA,NA,NA,NA,NA,NA,NA
2021-05-27 22:00:00,NA,28.80,7.02,22.68,33.70,NA,2.79,0.90,NA,NA,NA,NA,NA,NA,NA,NA,NA,NA,NA,NA,NA,NA,NA,NA
2021-05-27 23:00:00,NA,46.89,8.76,24.11,36.87,NA,2.82,0.78,NA,NA,NA,NA,NA,NA,NA,NA,NA,NA,NA,NA,NA,NA,NA,NA
2021-05-28 00:00:00,NA,22.80,7.95,23.34,35.29,NA,6.78,0.84,NA,NA,NA,NA,NA,NA,NA,NA,NA,NA,NA,NA,NA,NA,NA,NA
2021-05-28 01:00:00,NA,11.11,6.85,21.92,32.76,NA,6.82,0.71,NA,NA,NA,NA,NA,NA,NA,NA,NA,NA,NA,NA,NA,NA,NA,NA
2021-05-28 02:00:00,NA,48.34,6.92,21.08,32.00,NA,6.76,0.69,NA,NA,NA,NA,NA,NA,NA,NA,NA,NA,NA,NA,NA,NA,NA,NA
2021-05-28 03:00:00,NA,78.64,9.40,24.57,37.97,NA,6.68,0.70,NA,NA,NA,NA,NA,NA,NA,NA,NA,NA,NA,NA,NA,NA,NA,NA
2021-05-28 04:00:00,NA,47.21,7.43,22.96,34.39,NA,6.61,0.88,NA,NA,NA,NA,NA,NA,NA,NA,NA,NA,NA,NA,NA,NA,NA,NA
2021-05-28 05:00:00,NA,33.30,6.80,21.92,32.72,NA,5.06,0.92,NA,NA,NA,NA,NA,NA,NA,NA,NA,NA,NA,NA,NA,NA,NA,NA
2021-05-28 06:00:00,NA,23.20,7.08,21.78,32.86,NA,5.12,1.12,NA,NA,NA,NA,NA,NA,NA,NA,NA,NA,NA,NA,NA,NA,NA,NA
2021-05-28 07:00:00,NA,19.57,7.22,22.21,33.43,NA,4.95,1.14,NA,NA,NA,NA,NA,NA,NA,NA,NA,NA,NA,NA,NA,NA,NA,NA
2021-05-28 08:00:00,NA,17.91,6.84,22.77,33.61,NA,4.88,1.12,NA,NA,NA,NA,NA,NA,NA,NA,NA,NA,NA,NA,NA,NA,NA,NA
2021-05-28 09:00:00,NA,8.70,7.28,22.12,33.41,NA,4.89,1.10,NA,NA,NA,NA,NA,NA,NA,NA,NA,NA,NA,NA,NA,NA,NA,NA
2021-05-28 10:00:00,NA,32.83,7.69,23.51,35.20,NA,5.93,1.02,NA,NA,NA,NA,NA,NA,NA,NA,NA,NA,NA,NA,NA,NA,NA,NA
2021-05-28 11:00:00,NA,52.40,8.32,23.67,35.99,NA,6.23,0.98,NA,NA,NA,NA,NA,NA,NA,NA,NA,NA,NA,NA,NA,NA,NA,NA
2021-05-28 12:00:00,NA,43.95,8.36,23.79,36.15,NA,6.18,0.86,NA,NA,NA,NA,NA,NA,NA,NA,NA,NA,NA,NA,NA,NA,NA,NA
2021-05-28 13:00:00,NA,42.71,7.28,22.17,33.45,NA,6.11,0.78,NA,NA,NA,NA,NA,NA,NA,NA,NA,NA,NA,NA,NA,NA,NA,NA
2021-05-28 14:00:00,NA,110.13,8.25,23.38,35.63,NA,6.05,0.85,NA,NA,NA,NA,NA,NA,NA,NA,NA,NA,NA,NA,NA,NA,NA,NA
2021-05-28 15:00:00,NA,166.33,5.43,20.64,30.07,NA,6.99,0.71,NA,NA,NA,NA,NA,NA,NA,NA,NA,NA,NA,NA,NA,NA,NA,NA
2021-05-28 16:00:00,NA,NA,NA,NA,NA,NA,NA,NA,NA,NA,NA,NA,NA,NA,NA,NA,NA,NA,NA,NA,NA,NA,NA,NA
2021-05-28 17:00:00,NA,NA,NA,NA,NA,NA,NA,NA,NA,NA,NA,NA,NA,NA,NA,NA,NA,NA,NA,NA,NA,NA,NA,NA
2021-05-28 18:00:00,NA,NA,NA,NA,NA,NA,NA,NA,NA,NA,NA,NA,NA,NA,NA,NA,NA,NA,NA,NA,NA,NA,NA,NA
2021-05-28 19:00:00,NA,NA,NA,NA,NA,NA,NA,NA,NA,NA,NA,NA,NA,NA,NA,NA,NA,NA,NA,NA,NA,NA,NA,NA
2021-05-28 20:00:00,NA,NA,NA,NA,NA,NA,NA,NA,NA,NA,NA,NA,NA,NA,NA,NA,NA,NA,NA,NA,NA,NA,NA,NA
2021-05-28 21:00:00,NA,NA,NA,NA,NA,NA,NA,NA,NA,NA,NA,NA,NA,NA,NA,NA,NA,NA,NA,NA,NA,NA,NA,NA
2021-05-28 22:00:00,NA,NA,NA,NA,NA,NA,NA,NA,NA,NA,NA,NA,NA,NA,NA,NA,NA,NA,NA,NA,NA,NA,NA,NA
2021-05-28 23:00:00,NA,NA,NA,NA,NA,NA,NA,NA,NA,NA,NA,NA,NA,NA,NA,NA,NA,NA,NA,NA,NA,NA,NA,NA
2021-05-29 00:00:00,NA,35.42,8.75,23.50,37.25,NA,3.26,0.80,NA,NA,NA,NA,NA,NA,NA,NA,NA,NA,NA,NA,NA,NA,NA,NA
2021-05-29 01:00:00,NA,16.92,7.63,22.13,33.76,NA,6.46,0.80,NA,NA,NA,NA,NA,NA,NA,NA,NA,NA,NA,NA,NA,NA,NA,NA
2021-05-29 02:00:00,NA,20.60,7.80,22.65,34.45,NA,6.58,0.92,NA,NA,NA,NA,NA,NA,NA,NA,NA,NA,NA,NA,NA,NA,NA,NA
2021-05-29 03:00:00,NA,21.11,8.07,22.40,34.47,NA,6.47,0.80,NA,NA,NA,NA,NA,NA,NA,NA,NA,NA,NA,NA,NA,NA,NA,NA
2021-05-29 04:00:00,NA,12.65,6.55,22.14,32.68,NA,6.72,1.09,NA,NA,NA,NA,NA,NA,NA,NA,NA,NA,NA,NA,NA,NA,NA,NA
2021-05-29 05:00:00,NA,8.20,7.01,22.49,33.50,NA,6.42,1.15,NA,NA,NA,NA,NA,NA,NA,NA,NA,NA,NA,NA,NA,NA,NA,NA
2021-05-29 06:00:00,NA,16.20,8.11,23.28,35.39,NA,5.00,1.40,NA,NA,NA,NA,NA,NA,NA,NA,NA,NA,NA,NA,NA,NA,NA,NA
2021-05-29 07:00:00,NA,31.62,8.04,23.06,35.10,NA,4.95,1.53,NA,NA,NA,NA,NA,NA,NA,NA,NA,NA,NA,NA,NA,NA,NA,NA
2021-05-29 08:00:00,NA,30.04,7.24,22.77,34.01,NA,4.93,1.55,NA,NA,NA,NA,NA,NA,NA,NA,NA,NA,NA,NA,NA,NA,NA,NA
2021-05-29 09:00:00,NA,29.16,7.24,22.63,33.88,NA,4.91,1.42,NA,NA,NA,NA,NA,NA,NA,NA,NA,NA,NA,NA,NA,NA,NA,NA
2021-05-29 10:00:00,NA,32.30,7.61,23.41,35.02,NA,5.12,1.32,NA,NA,NA,NA,NA,NA,NA,NA,NA,NA,NA,NA,NA,NA,NA,NA
2021-05-29 11:00:00,NA,20.82,8.54,22.84,35.38,NA,5.03,1.23,NA,NA,NA,NA,NA,NA,NA,NA,NA,NA,NA,NA,NA,NA,NA,NA
2021-05-29 12:00:00,NA,15.76,5.74,20.94,30.67,NA,5.14,1.17,NA,NA,NA,NA,NA,NA,NA,NA,NA,NA,NA,NA,NA,NA,NA,NA
2021-05-29 13:00:00,NA,27.17,6.46,21.50,31.96,NA,4.85,1.07,NA,NA,NA,NA,NA,NA,NA,NA,NA,NA,NA,NA,NA,NA,NA,NA
2021-05-29 14:00:00,NA,31.54,6.20,20.60,30.80,NA,5.17,0.91,NA,NA,NA,NA,NA,NA,NA,NA,NA,NA,NA,NA,NA,NA,NA,NA
2021-05-29 15:00:00,NA,23.11,6.95,21.46,32.41,NA,5.09,0.99,NA,NA,NA,NA,NA,NA,NA,NA,NA,NA,NA,NA,NA,NA,NA,NA
2021-05-29 16:00:00,NA,19.44,7.88,22.62,34.50,NA,1.90,1.14,NA,NA,NA,NA,NA,NA,NA,NA,NA,NA,NA,NA,NA,NA,NA,NA
2021-05-29 17:00:00,NA,19.44,8.05,22.72,34.77,NA,1.81,1.02,NA,NA,NA,NA,NA,NA,NA,NA,NA,NA,NA,NA,NA,NA,NA,NA
2021-05-29 18:00:00,NA,25.86,8.49,22.69,35.18,NA,1.98,1.07,NA,NA,NA,NA,NA,NA,NA,NA,NA,NA,NA,NA,NA,NA,NA,NA
2021-05-29 19:00:00,NA,33.85,7.88,22.72,34.61,NA,1.88,1.10,NA,NA,NA,NA,NA,NA,NA,NA,NA,NA,NA,NA,NA,NA,NA,NA
2021-05-29 20:00:00,NA,34.33,6.73,21.04,31.77,NA,1.96,1.26,NA,NA,NA,NA,NA,NA,NA,NA,NA,NA,NA,NA,NA,NA,NA,NA
2021-05-29 21:00:00,NA,22.43,6.81,21.46,32.26,NA,3.72,1.14,NA,NA,NA,NA,NA,NA,NA,NA,NA,NA,NA,NA,NA,NA,NA,NA
2021-05-29 22:00:00,NA,17.26,7.12,21.59,32.70,NA,3.61,1.25,NA,NA,NA,NA,NA,NA,NA,NA,NA,NA,NA,NA,NA,NA,NA,NA
2021-05-29 23:00:00,NA,9.21,7.63,22.50,34.13,NA,3.76,1.17,NA,NA,NA,NA,NA,NA,NA,NA,NA,NA,NA,NA,NA,NA,NA,NA
2021-05-30 00:00:00,NA,4.22,8.05,23.24,35.28,NA,3.70,0.99,NA,NA,NA,NA,NA,NA,NA,NA,NA,NA,NA,NA,NA,NA,NA,NA
2021-05-30 01:00:00,NA,10.10,7.37,23.19,34.56,NA,3.74,0.87,NA,NA,NA,NA,NA,NA,NA,NA,NA,NA,NA,NA,NA,NA,NA,NA
2021-05-30 02:00:00,NA,15.30,8.08,22.87,34.95,NA,3.46,0.99,NA,NA,NA,NA,NA,NA,NA,NA,NA,NA,NA,NA,NA,NA,NA,NA
2021-05-30 03:00:00,NA,9.88,8.25,23.42,35.66,NA,3.71,1.08,NA,NA,NA,NA,NA,NA,NA,NA,NA,NA,NA,NA,NA,NA,NA,NA
2021-05-30 04:00:00,NA,7.53,8.13,23.35,35.48,NA,3.56,1.03,NA,NA,NA,NA,NA,NA,NA,NA,NA,NA,NA,NA,NA,NA,NA,NA
2021-05-30 05:00:00,NA,13.57,7.52,22.23,33.74,NA,3.48,1.05,NA,NA,NA,NA,NA,NA,NA,NA,NA,NA,NA,NA,NA,NA,NA,NA
2021-05-30 06:00:00,NA,26.01,6.46,21.46,31.92,NA,3.54,1.39,NA,NA,NA,NA,NA,NA,NA,NA,NA,NA,NA,NA,NA,NA,NA,NA
2021-05-30 07:00:00,NA,23.54,6.73,21.47,32.20,NA,2.25,1.39,NA,NA,NA,NA,NA,NA,NA,NA,NA,NA,NA,NA,NA,NA,NA,NA
2021-05-30 08:00:00,NA,12.96,8.22,24.36,36.58,NA,2.23,1.34,NA,NA,NA,NA,NA,NA,NA,NA,NA,NA,NA,NA,NA,NA,NA,NA
2021-05-30 09:00:00,NA,13.94,7.81,22.81,34.61,NA,2.34,1.14,NA,NA,NA,NA,NA,NA,NA,NA,NA,NA,NA,NA,NA,NA,NA,NA
2021-05-30 10:00:00,NA,18.73,7.30,22.88,34.18,NA,2.26,1.14,NA,NA,NA,NA,NA,NA,NA,NA,NA,NA,NA,NA,NA,NA,NA,NA
2021-05-30 11:00:00,NA,21.06,7.64,23.29,34.93,NA,2.51,1.13,NA,NA,NA,NA,NA,NA,NA,NA,NA,NA,NA,NA,NA,NA,NA,NA
2021-05-30 12:00:00,NA,NA,NA,NA,0.00,NA,NA,0.00,NA,NA,NA,NA,NA,NA,NA,NA,NA,NA,NA,NA,NA,NA,NA,NA
2021-05-30 13:00:00,NA,NA,NA,NA,0.00,NA,NA,0.00,NA,NA,NA,NA,NA,NA,NA,NA,NA,NA,NA,NA,NA,NA,NA,NA
2021-05-30 14:00:00,NA,NA,NA,NA,0.00,NA,NA,0.00,NA,NA,NA,NA,NA,NA,NA,NA,NA,NA,NA,NA,NA,NA,NA,NA
2021-05-30 15:00:00,NA,NA,NA,NA,0.00,NA,NA,0.00,NA,NA,NA,NA,NA,NA,NA,NA,NA,NA,NA,NA,NA,NA,NA,NA
2021-05-30 16:00:00,NA,NA,NA,NA,0.00,NA,NA,0.00,NA,NA,NA,NA,NA,NA,NA,NA,NA,NA,NA,NA,NA,NA,NA,NA
2021-05-30 17:00:00,NA,NA,NA,NA,0.00,NA,NA,0.00,NA,NA,NA,NA,NA,NA,NA,NA,NA,NA,NA,NA,NA,NA,NA,NA
2021-05-30 18:00:00,NA,NA,NA,NA,0.00,NA,NA,0.00,NA,NA,NA,NA,NA,NA,NA,NA,NA,NA,NA,NA,NA,NA,NA,NA
2021-05-30 19:00:00,NA,NA,NA,NA,0.00,NA,NA,0.00,NA,NA,NA,NA,NA,NA,NA,NA,NA,NA,NA,NA,NA,NA,NA,NA
2021-05-30 20:00:00,NA,NA,NA,NA,0.00,NA,NA,0.00,NA,NA,NA,NA,NA,NA,NA,NA,NA,NA,NA,NA,NA,NA,NA,NA
2021-05-30 21:00:00,NA,NA,NA,NA,0.00,NA,NA,0.00,NA,NA,NA,NA,NA,NA,NA,NA,NA,NA,NA,NA,NA,NA,NA,NA
2021-05-30 22:00:00,NA,NA,NA,NA,0.00,NA,NA,0.00,NA,NA,NA,NA,NA,NA,NA,NA,NA,NA,NA,NA,NA,NA,NA,NA
2021-05-30 23:00:00,NA,NA,NA,NA,0.00,NA,NA,0.00,NA,NA,NA,NA,NA,NA,NA,NA,NA,NA,NA,NA,NA,NA,NA,NA
2021-05-31 00:00:00,NA,NA,NA,NA,NA,NA,NA,NA,NA,NA,NA,NA,NA,NA,NA,NA,NA,NA,NA,NA,NA,NA,NA,NA
2021-05-31 01:00:00,NA,NA,NA,NA,NA,NA,NA,NA,NA,NA,NA,NA,NA,NA,NA,NA,NA,NA,NA,NA,NA,NA,NA,NA
2021-05-31 02:00:00,NA,NA,NA,NA,NA,NA,NA,NA,NA,NA,NA,NA,NA,NA,NA,NA,NA,NA,NA,NA,NA,NA,NA,NA
2021-05-31 03:00:00,NA,NA,NA,NA,NA,NA,NA,NA,NA,NA,NA,NA,NA,NA,NA,NA,NA,NA,NA,NA,NA,NA,NA,NA
2021-05-31 04:00:00,NA,NA,NA,NA,NA,NA,NA,NA,NA,NA,NA,NA,NA,NA,NA,NA,NA,NA,NA,NA,NA,NA,NA,NA
2021-05-31 05:00:00,NA,NA,NA,NA,NA,NA,NA,NA,NA,NA,NA,NA,NA,NA,NA,NA,NA,NA,NA,NA,NA,NA,NA,NA
2021-05-31 06:00:00,NA,NA,NA,NA,NA,NA,NA,NA,NA,NA,NA,NA,NA,NA,NA,NA,NA,NA,NA,NA,NA,NA,NA,NA
2021-05-31 07:00:00,NA,NA,7.56,21.74,33.30,NA,4.18,1.61,NA,NA,NA,NA,NA,NA,NA,NA,NA,NA,NA,NA,NA,NA,NA,NA
2021-05-31 08:00:00,NA,27.81,9.04,25.43,38.46,NA,3.16,1.53,NA,NA,NA,NA,NA,NA,NA,NA,NA,NA,NA,NA,NA,NA,NA,NA
2021-05-31 09:00:00,NA,24.88,7.66,23.86,35.52,NA,3.46,1.49,NA,NA,NA,NA,NA,NA,NA,NA,NA,NA,NA,NA,NA,NA,NA,NA
2021-05-31 10:00:00,NA,24.86,7.94,23.33,35.27,NA,3.29,1.33,NA,NA,NA,NA,NA,NA,NA,NA,NA,NA,NA,NA,NA,NA,NA,NA
2021-05-31 11:00:00,NA,28.28,9.09,24.17,37.26,NA,3.38,1.27,NA,NA,NA,NA,NA,NA,NA,NA,NA,NA,NA,NA,NA,NA,NA,NA
2021-05-31 12:00:00,NA,25.22,8.35,23.82,36.17,NA,3.46,1.26,NA,NA,NA,NA,NA,NA,NA,NA,NA,NA,NA,NA,NA,NA,NA,NA
2021-05-31 13:00:00,NA,28.35,6.82,22.27,33.10,NA,5.56,1.16,NA,NA,NA,NA,NA,NA,NA,NA,NA,NA,NA,NA,NA,NA,NA,NA
2021-05-31 14:00:00,NA,24.60,7.72,22.42,34.13,NA,5.54,1.10,NA,NA,NA,NA,NA,NA,NA,NA,NA,NA,NA,NA,NA,NA,NA,NA
2021-05-31 15:00:00,NA,14.31,5.89,21.04,30.93,NA,5.52,1.08,NA,NA,NA,NA,NA,NA,NA,NA,NA,NA,NA,NA,NA,NA,NA,NA
2021-05-31 16:00:00,NA,16.70,7.73,22.28,34.01,NA,5.49,1.07,NA,NA,NA,NA,NA,NA,NA,NA,NA,NA,NA,NA,NA,NA,NA,NA
2021-05-31 17:00:00,NA,26.42,7.06,22.36,33.43,NA,5.43,1.00,NA,NA,NA,NA,NA,NA,NA,NA,NA,NA,NA,NA,NA,NA,NA,NA
2021-05-31 18:00:00,NA,30.34,8.20,23.34,35.53,NA,4.48,1.27,NA,NA,NA,NA,NA,NA,NA,NA,NA,NA,NA,NA,NA,NA,NA,NA
2021-05-31 19:00:00,NA,24.45,7.62,22.79,34.41,NA,4.38,1.24,NA,NA,NA,NA,NA,NA,NA,NA,NA,NA,NA,NA,NA,NA,NA,NA
2021-05-31 20:00:00,NA,23.63,6.96,22.54,33.50,NA,4.30,1.34,NA,NA,NA,NA,NA,NA,NA,NA,NA,NA,NA,NA,NA,NA,NA,NA
2021-05-31 21:00:00,NA,33.62,8.06,23.52,35.58,NA,4.32,1.22,NA,NA,NA,NA,NA,NA,NA,NA,NA,NA,NA,NA,NA,NA,NA,NA
2021-05-31 22:00:00,NA,34.85,7.88,22.71,34.59,NA,4.34,1.24,NA,NA,NA,NA,NA,NA,NA,NA,NA,NA,NA,NA,NA,NA,NA,NA
2021-05-31 23:00:00,NA,25.66,8.66,24.24,36.90,NA,6.15,1.10,NA,NA,NA,NA,NA,NA,NA,NA,NA,NA,NA,NA,NA,NA,NA,NA
2021-06-01 00:00:00,NA,13.30,7.31,22.11,33.42,NA,6.17,1.02,NA,NA,NA,NA,NA,NA,NA,NA,NA,NA,NA,NA,NA,NA,NA,NA
2021-06-01 01:00:00,NA,14.09,6.83,21.45,32.28,NA,6.06,0.95,NA,NA,NA,NA,NA,NA,NA,NA,NA,NA,NA,NA,NA,NA,NA,NA
2021-06-01 02:00:00,NA,16.34,7.33,22.52,33.85,NA,6.18,0.91,NA,NA,NA,NA,NA,NA,NA,NA,NA,NA,NA,NA,NA,NA,NA,NA
2021-06-01 03:00:00,NA,11.02,8.37,22.85,35.22,NA,6.17,0.98,NA,NA,NA,NA,NA,NA,NA,NA,NA,NA,NA,NA,NA,NA,NA,NA
2021-06-01 04:00:00,NA,11.61,7.29,21.98,33.27,NA,3.42,0.61,NA,NA,NA,NA,NA,NA,NA,NA,NA,NA,NA,NA,NA,NA,NA,NA
2021-06-01 05:00:00,NA,15.27,7.25,22.68,33.93,NA,3.41,0.74,NA,NA,NA,NA,NA,NA,NA,NA,NA,NA,NA,NA,NA,NA,NA,NA
2021-06-01 06:00:00,NA,18.95,8.55,24.00,36.56,NA,3.36,1.01,NA,NA,NA,NA,NA,NA,NA,NA,NA,NA,NA,NA,NA,NA,NA,NA
2021-06-01 07:00:00,NA,23.36,6.60,21.88,32.49,NA,3.44,1.13,NA,NA,NA,NA,NA,NA,NA,NA,NA,NA,NA,NA,NA,NA,NA,NA
2021-06-01 08:00:00,NA,36.18,8.12,22.94,35.06,NA,3.26,1.07,NA,NA,NA,NA,NA,NA,NA,NA,NA,NA,NA,NA,NA,NA,NA,NA
2021-06-01 09:00:00,NA,44.67,7.42,22.94,34.36,NA,0.82,1.11,NA,NA,NA,NA,NA,NA,NA,NA,NA,NA,NA,NA,NA,NA,NA,NA
2021-06-01 10:00:00,NA,33.63,9.15,24.46,37.61,NA,0.88,1.06,NA,NA,NA,NA,NA,NA,NA,NA,NA,NA,NA,NA,NA,NA,NA,NA
2021-06-01 11:00:00,NA,25.76,6.57,21.57,32.14,NA,1.10,0.73,NA,NA,NA,NA,NA,NA,NA,NA,NA,NA,NA,NA,NA,NA,NA,NA
2021-06-01 12:00:00,NA,22.97,7.26,22.46,33.72,NA,1.17,0.68,NA,NA,NA,NA,NA,NA,NA,NA,NA,NA,NA,NA,NA,NA,NA,NA
2021-06-01 13:00:00,NA,20.75,8.16,23.53,35.69,NA,1.00,0.52,NA,NA,NA,NA,NA,NA,NA,NA,NA,NA,NA,NA,NA,NA,NA,NA
2021-06-01 14:00:00,NA,16.95,8.37,22.88,35.24,NA,1.44,0.62,NA,NA,NA,NA,NA,NA,NA,NA,NA,NA,NA,NA,NA,NA,NA,NA
2021-06-01 15:00:00,NA,14.69,6.76,21.97,32.73,NA,1.28,0.61,NA,NA,NA,NA,NA,NA,NA,NA,NA,NA,NA,NA,NA,NA,NA,NA
2021-06-01 16:00:00,NA,13.53,7.93,23.96,35.89,NA,1.30,0.72,NA,NA,NA,NA,NA,NA,NA,NA,NA,NA,NA,NA,NA,NA,NA,NA
2021-06-01 17:00:00,NA,13.13,8.10,22.86,34.96,NA,1.34,0.68,NA,NA,NA,NA,NA,NA,NA,NA,NA,NA,NA,NA,NA,NA,NA,NA
2021-06-01 18:00:00,NA,19.46,7.85,23.05,34.90,NA,1.34,0.70,NA,NA,NA,NA,NA,NA,NA,NA,NA,NA,NA,NA,NA,NA,NA,NA
2021-06-01 19:00:00,NA,29.08,7.23,21.27,32.50,NA,3.89,0.92,NA,NA,NA,NA,NA,NA,NA,NA,NA,NA,NA,NA,NA,NA,NA,NA
2021-06-01 20:00:00,NA,31.16,8.27,23.37,35.65,NA,4.10,0.85,NA,NA,NA,NA,NA,NA,NA,NA,NA,NA,NA,NA,NA,NA,NA,NA
2021-06-01 21:00:00,NA,31.74,10.23,25.80,40.03,NA,4.10,0.91,NA,NA,NA,NA,NA,NA,NA,NA,NA,NA,NA,NA,NA,NA,NA,NA
2021-06-01 22:00:00,NA,31.05,7.06,22.98,35.26,NA,4.37,1.42,NA,NA,NA,NA,NA,NA,NA,NA,NA,NA,NA,NA,NA,NA,NA,NA
2021-06-01 23:00:00,NA,17.62,8.39,23.43,35.82,NA,4.06,0.88,NA,NA,NA,NA,NA,NA,NA,NA,NA,NA,NA,NA,NA,NA,NA,NA
2021-06-02 00:00:00,NA,14.04,8.20,23.32,35.52,NA,3.61,0.70,NA,NA,NA,NA,NA,NA,NA,NA,NA,NA,NA,NA,NA,NA,NA,NA
2021-06-02 01:00:00,NA,18.58,8.12,23.11,35.23,NA,3.52,0.61,NA,NA,NA,NA,NA,NA,NA,NA,NA,NA,NA,NA,NA,NA,NA,NA
2021-06-02 02:00:00,NA,17.62,6.78,21.48,32.26,NA,3.50,0.54,NA,NA,NA,NA,NA,NA,NA,NA,NA,NA,NA,NA,NA,NA,NA,NA
2021-06-02 03:00:00,NA,10.12,6.30,21.36,31.66,NA,3.48,0.56,NA,NA,NA,NA,NA,NA,NA,NA,NA,NA,NA,NA,NA,NA,NA,NA
2021-06-02 04:00:00,NA,8.12,8.55,23.75,36.30,NA,3.40,0.86,NA,NA,NA,NA,NA,NA,NA,NA,NA,NA,NA,NA,NA,NA,NA,NA
2021-06-02 05:00:00,NA,11.19,7.64,22.82,34.46,NA,3.51,1.03,NA,NA,NA,NA,NA,NA,NA,NA,NA,NA,NA,NA,NA,NA,NA,NA
2021-06-02 06:00:00,NA,9.97,7.21,22.84,34.06,NA,3.52,1.20,NA,NA,NA,NA,NA,NA,NA,NA,NA,NA,NA,NA,NA,NA,NA,NA
2021-06-02 07:00:00,NA,5.94,8.98,24.69,37.67,NA,3.66,1.64,NA,NA,NA,NA,NA,NA,NA,NA,NA,NA,NA,NA,NA,NA,NA,NA
2021-06-02 08:00:00,NA,3.74,6.79,21.69,32.48,NA,3.56,1.62,NA,NA,NA,NA,NA,NA,NA,NA,NA,NA,NA,NA,NA,NA,NA,NA
2021-06-02 09:00:00,NA,18.65,8.01,22.73,34.74,NA,3.48,1.46,NA,NA,NA,NA,NA,NA,NA,NA,NA,NA,NA,NA,NA,NA,NA,NA
2021-06-02 10:00:00,NA,30.34,6.54,22.42,32.97,NA,4.88,1.14,NA,NA,NA,NA,NA,NA,NA,NA,NA,NA,NA,NA,NA,NA,NA,NA
2021-06-02 11:00:00,NA,16.32,7.76,22.65,34.41,NA,4.84,1.06,NA,NA,NA,NA,NA,NA,NA,NA,NA,NA,NA,NA,NA,NA,NA,NA
2021-06-02 12:00:00,NA,18.68,7.11,22.16,33.26,NA,4.64,1.00,NA,NA,NA,NA,NA,NA,NA,NA,NA,NA,NA,NA,NA,NA,NA,NA
2021-06-02 13:00:00,NA,24.00,8.35,24.30,36.66,NA,4.56,1.05,NA,NA,NA,NA,NA,NA,NA,NA,NA,NA,NA,NA,NA,NA,NA,NA
2021-06-02 14:00:00,NA,14.97,8.39,23.03,35.42,NA,4.55,1.12,NA,NA,NA,NA,NA,NA,NA,NA,NA,NA,NA,NA,NA,NA,NA,NA
2021-06-02 15:00:00,NA,9.07,7.65,23.56,35.21,NA,2.32,1.04,NA,NA,NA,NA,NA,NA,NA,NA,NA,NA,NA,NA,NA,NA,NA,NA
2021-06-02 16:00:00,NA,8.92,7.92,23.02,34.95,NA,2.26,1.01,NA,NA,NA,NA,NA,NA,NA,NA,NA,NA,NA,NA,NA,NA,NA,NA
2021-06-02 17:00:00,NA,16.25,7.99,23.01,35.00,NA,2.10,1.18,NA,NA,NA,NA,NA,NA,NA,NA,NA,NA,NA,NA,NA,NA,NA,NA
2021-06-02 18:00:00,NA,18.20,7.28,22.44,33.72,NA,2.25,1.08,NA,NA,NA,NA,NA,NA,NA,NA,NA,NA,NA,NA,NA,NA,NA,NA
2021-06-02 19:00:00,NA,14.12,7.79,22.88,34.67,NA,2.20,1.26,NA,NA,NA,NA,NA,NA,NA,NA,NA,NA,NA,NA,NA,NA,NA,NA
2021-06-02 20:00:00,NA,22.24,7.46,23.65,35.11,NA,2.38,1.33,NA,NA,NA,NA,NA,NA,NA,NA,NA,NA,NA,NA,NA,NA,NA,NA
2021-06-02 21:00:00,NA,41.26,7.87,23.37,35.24,NA,2.12,1.49,NA,NA,NA,NA,NA,NA,NA,NA,NA,NA,NA,NA,NA,NA,NA,NA
2021-06-02 22:00:00,NA,41.18,7.70,22.35,34.04,NA,2.25,1.32,NA,NA,NA,NA,NA,NA,NA,NA,NA,NA,NA,NA,NA,NA,NA,NA
2021-06-02 23:00:00,NA,20.98,7.29,23.90,35.18,NA,2.26,1.17,NA,NA,NA,NA,NA,NA,NA,NA,NA,NA,NA,NA,NA,NA,NA,NA
2021-06-03 00:00:00,NA,12.94,7.43,23.17,34.60,NA,2.22,0.99,NA,NA,NA,NA,NA,NA,NA,NA,NA,NA,NA,NA,NA,NA,NA,NA
2021-06-03 01:00:00,NA,10.77,6.68,22.10,32.78,NA,4.83,0.98,NA,NA,NA,NA,NA,NA,NA,NA,NA,NA,NA,NA,NA,NA,NA,NA
2021-06-03 02:00:00,NA,6.22,7.36,22.79,34.14,NA,4.57,0.91,NA,NA,NA,NA,NA,NA,NA,NA,NA,NA,NA,NA,NA,NA,NA,NA
2021-06-03 03:00:00,NA,2.86,9.09,24.20,37.29,NA,4.49,0.68,NA,NA,NA,NA,NA,NA,NA,NA,NA,NA,NA,NA,NA,NA,NA,NA
2021-06-03 04:00:00,NA,1.18,6.78,21.98,32.75,NA,4.72,0.86,NA,NA,NA,NA,NA,NA,NA,NA,NA,NA,NA,NA,NA,NA,NA,NA
2021-06-03 05:00:00,NA,0.34,8.02,23.57,35.59,NA,4.54,0.90,NA,NA,NA,NA,NA,NA,NA,NA,NA,NA,NA,NA,NA,NA,NA,NA
2021-06-03 06:00:00,NA,NA,9.80,24.20,28.52,NA,5.30,0.46,NA,NA,NA,NA,NA,NA,NA,NA,NA,NA,NA,NA,NA,NA,NA,NA
2021-06-03 07:00:00,NA,4.77,3.76,15.48,18.90,NA,4.58,2.67,NA,NA,NA,NA,NA,NA,NA,NA,NA,NA,NA,NA,NA,NA,NA,NA
2021-06-03 08:00:00,NA,14.97,7.16,22.22,33.38,NA,5.51,1.23,NA,NA,NA,NA,NA,NA,NA,NA,NA,NA,NA,NA,NA,NA,NA,NA
2021-06-03 09:00:00,NA,22.98,7.53,22.65,34.17,NA,5.80,1.35,NA,NA,NA,NA,NA,NA,NA,NA,NA,NA,NA,NA,NA,NA,NA,NA
2021-06-03 10:00:00,NA,14.98,7.20,22.06,33.25,NA,5.88,1.41,NA,NA,NA,NA,NA,NA,NA,NA,NA,NA,NA,NA,NA,NA,NA,NA
2021-06-03 11:00:00,NA,8.66,8.48,24.03,36.51,NA,5.92,1.30,NA,NA,NA,NA,NA,NA,NA,NA,NA,NA,NA,NA,NA,NA,NA,NA
2021-06-03 12:00:00,NA,12.30,8.60,23.69,36.29,NA,6.10,1.23,NA,NA,NA,NA,NA,NA,NA,NA,NA,NA,NA,NA,NA,NA,NA,NA
2021-06-03 13:00:00,NA,17.24,7.99,23.46,35.46,NA,6.08,1.30,NA,NA,NA,NA,NA,NA,NA,NA,NA,NA,NA,NA,NA,NA,NA,NA
2021-06-03 14:00:00,NA,18.04,7.72,21.67,33.39,NA,6.08,1.32,NA,NA,NA,NA,NA,NA,NA,NA,NA,NA,NA,NA,NA,NA,NA,NA
2021-06-03 15:00:00,NA,18.56,7.43,22.15,33.58,NA,6.16,1.18,NA,NA,NA,NA,NA,NA,NA,NA,NA,NA,NA,NA,NA,NA,NA,NA
2021-06-03 16:00:00,NA,10.60,6.71,21.06,31.78,NA,7.52,1.00,NA,NA,NA,NA,NA,NA,NA,NA,NA,NA,NA,NA,NA,NA,NA,NA
2021-06-03 17:00:00,NA,11.58,6.20,21.40,31.60,NA,7.80,1.25,NA,NA,NA,NA,NA,NA,NA,NA,NA,NA,NA,NA,NA,NA,NA,NA
2021-06-03 18:00:00,NA,14.39,7.24,22.53,33.77,NA,7.67,1.74,NA,NA,NA,NA,NA,NA,NA,NA,NA,NA,NA,NA,NA,NA,NA,NA
2021-06-03 19:00:00,NA,19.81,8.74,24.01,36.75,NA,7.66,2.20,NA,NA,NA,NA,NA,NA,NA,NA,NA,NA,NA,NA,NA,NA,NA,NA
2021-06-03 20:00:00,NA,29.53,5.02,19.34,28.36,NA,7.83,2.05,NA,NA,NA,NA,NA,NA,NA,NA,NA,NA,NA,NA,NA,NA,NA,NA
2021-06-03 21:00:00,NA,28.38,7.91,23.60,35.50,NA,4.43,1.37,NA,NA,NA,NA,NA,NA,NA,NA,NA,NA,NA,NA,NA,NA,NA,NA
2021-06-03 22:00:00,NA,21.76,7.97,22.38,34.35,NA,4.57,1.16,NA,NA,NA,NA,NA,NA,NA,NA,NA,NA,NA,NA,NA,NA,NA,NA
2021-06-03 23:00:00,NA,11.71,6.83,21.28,32.11,NA,4.32,1.21,NA,NA,NA,NA,NA,NA,NA,NA,NA,NA,NA,NA,NA,NA,NA,NA
2021-06-04 00:00:00,NA,6.82,7.00,22.27,33.28,NA,4.38,1.13,NA,NA,NA,NA,NA,NA,NA,NA,NA,NA,NA,NA,NA,NA,NA,NA
2021-06-04 01:00:00,NA,4.93,7.88,23.13,35.01,NA,4.53,1.02,NA,NA,NA,NA,NA,NA,NA,NA,NA,NA,NA,NA,NA,NA,NA,NA
2021-06-04 02:00:00,NA,2.90,8.24,23.98,36.21,NA,5.93,0.86,NA,NA,NA,NA,NA,NA,NA,NA,NA,NA,NA,NA,NA,NA,NA,NA
2021-06-04 03:00:00,NA,1.20,7.96,23.20,35.17,NA,5.99,0.89,NA,NA,NA,NA,NA,NA,NA,NA,NA,NA,NA,NA,NA,NA,NA,NA
2021-06-04 04:00:00,NA,1.20,7.61,22.55,34.17,NA,6.19,0.73,NA,NA,NA,NA,NA,NA,NA,NA,NA,NA,NA,NA,NA,NA,NA,NA
2021-06-04 05:00:00,NA,11.17,7.82,23.62,35.45,NA,6.26,0.82,NA,NA,NA,NA,NA,NA,NA,NA,NA,NA,NA,NA,NA,NA,NA,NA
2021-06-04 06:00:00,NA,20.57,5.96,20.62,30.57,NA,6.09,1.06,NA,NA,NA,NA,NA,NA,NA,NA,NA,NA,NA,NA,NA,NA,NA,NA
2021-06-04 07:00:00,NA,21.72,7.10,22.58,33.69,NA,6.89,1.35,NA,NA,NA,NA,NA,NA,NA,NA,NA,NA,NA,NA,NA,NA,NA,NA
2021-06-04 08:00:00,NA,24.36,7.42,22.86,34.28,NA,6.65,1.38,NA,NA,NA,NA,NA,NA,NA,NA,NA,NA,NA,NA,NA,NA,NA,NA
2021-06-04 09:00:00,NA,17.48,8.23,23.22,35.44,NA,6.70,1.46,NA,NA,NA,NA,NA,NA,NA,NA,NA,NA,NA,NA,NA,NA,NA,NA
2021-06-04 10:00:00,NA,26.46,7.72,23.39,35.12,NA,6.79,1.28,NA,NA,NA,NA,NA,NA,NA,NA,NA,NA,NA,NA,NA,NA,NA,NA
2021-06-04 11:00:00,NA,35.83,8.83,24.88,37.70,NA,6.87,0.87,NA,NA,NA,NA,NA,NA,NA,NA,NA,NA,NA,NA,NA,NA,NA,NA
2021-06-04 12:00:00,NA,19.34,7.43,23.30,34.72,NA,7.23,0.87,NA,NA,NA,NA,NA,NA,NA,NA,NA,NA,NA,NA,NA,NA,NA,NA
2021-06-04 13:00:00,NA,10.27,8.27,24.09,36.37,NA,7.34,0.72,NA,NA,NA,NA,NA,NA,NA,NA,NA,NA,NA,NA,NA,NA,NA,NA
2021-06-04 14:00:00,NA,14.74,7.90,23.80,35.70,NA,7.30,0.86,NA,NA,NA,NA,NA,NA,NA,NA,NA,NA,NA,NA,NA,NA,NA,NA
2021-06-04 15:00:00,NA,20.91,6.98,22.42,33.40,NA,7.26,0.59,NA,NA,NA,NA,NA,NA,NA,NA,NA,NA,NA,NA,NA,NA,NA,NA
2021-06-04 16:00:00,NA,14.67,8.41,23.60,36.01,NA,7.33,0.65,NA,NA,NA,NA,NA,NA,NA,NA,NA,NA,NA,NA,NA,NA,NA,NA
2021-06-04 17:00:00,NA,9.62,7.21,23.13,34.33,NA,3.58,0.59,NA,NA,NA,NA,NA,NA,NA,NA,NA,NA,NA,NA,NA,NA,NA,NA
2021-06-04 18:00:00,NA,4.04,9.73,24.31,27.39,NA,NA,1.94,NA,NA,NA,NA,NA,NA,NA,NA,NA,NA,NA,NA,NA,NA,NA,NA
2021-06-04 19:00:00,NA,1.74,8.33,23.54,35.87,NA,4.00,2.70,NA,NA,NA,NA,NA,NA,NA,NA,NA,NA,NA,NA,NA,NA,NA,NA
2021-06-04 20:00:00,NA,2.36,7.38,22.24,33.62,NA,NA,2.63,NA,NA,NA,NA,NA,NA,NA,NA,NA,NA,NA,NA,NA,NA,NA,NA
2021-06-04 21:00:00,NA,2.05,7.39,22.17,33.56,NA,NA,2.50,NA,NA,NA,NA,NA,NA,NA,NA,NA,NA,NA,NA,NA,NA,NA,NA
2021-06-04 22:00:00,NA,0.77,6.89,21.78,32.67,NA,4.00,2.30,NA,NA,NA,NA,NA,NA,NA,NA,NA,NA,NA,NA,NA,NA,NA,NA
2021-06-04 23:00:00,NA,0.32,7.22,22.72,33.94,NA,NA,2.18,NA,NA,NA,NA,NA,NA,NA,NA,NA,NA,NA,NA,NA,NA,NA,NA
2021-06-05 00:00:00,NA,22.31,6.88,21.64,32.51,NA,NA,2.03,NA,NA,NA,NA,NA,NA,NA,NA,NA,NA,NA,NA,NA,NA,NA,NA
2021-06-05 01:00:00,NA,20.52,6.61,21.58,32.20,NA,NA,1.90,NA,NA,NA,NA,NA,NA,NA,NA,NA,NA,NA,NA,NA,NA,NA,NA
2021-06-05 02:00:00,NA,12.62,7.57,21.40,32.96,NA,NA,1.80,NA,NA,NA,NA,NA,NA,NA,NA,NA,NA,NA,NA,NA,NA,NA,NA
2021-06-05 03:00:00,NA,8.64,7.04,21.85,32.90,NA,NA,1.62,NA,NA,NA,NA,NA,NA,NA,NA,NA,NA,NA,NA,NA,NA,NA,NA
2021-06-05 04:00:00,NA,5.98,7.09,21.83,32.92,NA,NA,0.67,NA,NA,NA,NA,NA,NA,NA,NA,NA,NA,NA,NA,NA,NA,NA,NA
2021-06-05 05:00:00,NA,5.91,7.30,22.38,33.68,NA,NA,0.77,NA,NA,NA,NA,NA,NA,NA,NA,NA,NA,NA,NA,NA,NA,NA,NA
2021-06-05 06:00:00,NA,7.30,7.17,22.42,33.58,NA,NA,0.82,NA,NA,NA,NA,NA,NA,NA,NA,NA,NA,NA,NA,NA,NA,NA,NA
2021-06-05 07:00:00,NA,12.29,7.66,22.50,34.16,NA,NA,0.87,NA,NA,NA,NA,NA,NA,NA,NA,NA,NA,NA,NA,NA,NA,NA,NA
2021-06-05 08:00:00,NA,15.17,7.11,22.42,33.53,NA,NA,0.94,NA,NA,NA,NA,NA,NA,NA,NA,NA,NA,NA,NA,NA,NA,NA,NA
2021-06-05 09:00:00,NA,9.00,8.86,24.51,37.36,NA,NA,0.96,NA,NA,NA,NA,NA,NA,NA,NA,NA,NA,NA,NA,NA,NA,NA,NA
2021-06-05 10:00:00,NA,6.00,6.47,21.24,31.70,NA,NA,1.08,NA,NA,NA,NA,NA,NA,NA,NA,NA,NA,NA,NA,NA,NA,NA,NA
2021-06-05 11:00:00,NA,5.12,8.37,24.14,36.51,NA,NA,0.94,NA,NA,NA,NA,NA,NA,NA,NA,NA,NA,NA,NA,NA,NA,NA,NA
2021-06-05 12:00:00,NA,13.41,7.60,22.16,33.75,NA,NA,0.72,NA,NA,NA,NA,NA,NA,NA,NA,NA,NA,NA,NA,NA,NA,NA,NA
2021-06-05 13:00:00,NA,18.48,7.22,22.65,33.87,NA,NA,0.70,NA,NA,NA,NA,NA,NA,NA,NA,NA,NA,NA,NA,NA,NA,NA,NA
2021-06-05 14:00:00,NA,16.34,6.20,20.67,30.88,NA,NA,0.67,NA,NA,NA,NA,NA,NA,NA,NA,NA,NA,NA,NA,NA,NA,NA,NA
2021-06-05 15:00:00,NA,16.96,7.09,21.96,33.04,NA,NA,0.54,NA,NA,NA,NA,NA,NA,NA,NA,NA,NA,NA,NA,NA,NA,NA,NA
2021-06-05 16:00:00,NA,10.78,8.29,23.71,36.00,NA,NA,0.61,NA,NA,NA,NA,NA,NA,NA,NA,NA,NA,NA,NA,NA,NA,NA,NA
2021-06-05 17:00:00,NA,10.26,7.08,22.70,33.78,NA,NA,0.54,NA,NA,NA,NA,NA,NA,NA,NA,NA,NA,NA,NA,NA,NA,NA,NA
2021-06-05 18:00:00,NA,11.01,6.90,22.06,32.96,NA,NA,0.72,NA,NA,NA,NA,NA,NA,NA,NA,NA,NA,NA,NA,NA,NA,NA,NA
2021-06-05 19:00:00,NA,7.22,7.63,22.76,34.39,NA,NA,1.03,NA,NA,NA,NA,NA,NA,NA,NA,NA,NA,NA,NA,NA,NA,NA,NA
2021-06-05 20:00:00,NA,12.43,7.90,22.49,34.40,NA,NA,0.88,NA,NA,NA,NA,NA,NA,NA,NA,NA,NA,NA,NA,NA,NA,NA,NA
2021-06-05 21:00:00,NA,16.30,8.42,23.34,35.76,NA,NA,0.80,NA,NA,NA,NA,NA,NA,NA,NA,NA,NA,NA,NA,NA,NA,NA,NA
2021-06-05 22:00:00,NA,9.38,7.99,23.10,35.10,NA,NA,0.70,NA,NA,NA,NA,NA,NA,NA,NA,NA,NA,NA,NA,NA,NA,NA,NA
2021-06-05 23:00:00,NA,7.14,6.22,21.91,32.12,NA,NA,0.56,NA,NA,NA,NA,NA,NA,NA,NA,NA,NA,NA,NA,NA,NA,NA,NA
2021-06-06 00:00:00,NA,4.30,6.79,21.56,32.34,NA,NA,0.32,NA,NA,NA,NA,NA,NA,NA,NA,NA,NA,NA,NA,NA,NA,NA,NA
2021-06-06 01:00:00,NA,0.78,7.28,22.98,34.26,NA,NA,0.29,NA,NA,NA,NA,NA,NA,NA,NA,NA,NA,NA,NA,NA,NA,NA,NA
2021-06-06 02:00:00,NA,1.42,8.01,23.67,35.68,NA,NA,0.22,NA,NA,NA,NA,NA,NA,NA,NA,NA,NA,NA,NA,NA,NA,NA,NA
2021-06-06 03:00:00,NA,2.45,7.17,22.34,33.51,NA,NA,0.21,NA,NA,NA,NA,NA,NA,NA,NA,NA,NA,NA,NA,NA,NA,NA,NA
2021-06-06 04:00:00,NA,2.08,7.62,22.52,34.15,NA,NA,0.64,NA,NA,NA,NA,NA,NA,NA,NA,NA,NA,NA,NA,NA,NA,NA,NA
2021-06-06 05:00:00,NA,2.69,6.14,21.87,32.00,NA,NA,0.66,NA,NA,NA,NA,NA,NA,NA,NA,NA,NA,NA,NA,NA,NA,NA,NA
2021-06-06 06:00:00,NA,4.83,7.55,22.34,33.88,NA,NA,0.73,NA,NA,NA,NA,NA,NA,NA,NA,NA,NA,NA,NA,NA,NA,NA,NA
2021-06-06 07:00:00,NA,11.42,8.07,23.20,35.26,NA,NA,1.01,NA,NA,NA,NA,NA,NA,NA,NA,NA,NA,NA,NA,NA,NA,NA,NA
2021-06-06 08:00:00,NA,18.66,9.34,24.94,38.28,NA,NA,1.05,NA,NA,NA,NA,NA,NA,NA,NA,NA,NA,NA,NA,NA,NA,NA,NA
2021-06-06 09:00:00,NA,16.13,6.90,22.46,33.36,NA,NA,0.97,NA,NA,NA,NA,NA,NA,NA,NA,NA,NA,NA,NA,NA,NA,NA,NA
2021-06-06 10:00:00,NA,18.06,7.96,23.32,35.28,NA,NA,0.86,NA,NA,NA,NA,NA,NA,NA,NA,NA,NA,NA,NA,NA,NA,NA,NA
2021-06-06 11:00:00,NA,21.22,8.24,23.31,35.55,NA,NA,0.58,NA,NA,NA,NA,NA,NA,NA,NA,NA,NA,NA,NA,NA,NA,NA,NA
2021-06-06 12:00:00,NA,25.35,9.73,24.61,38.34,NA,NA,0.51,NA,NA,NA,NA,NA,NA,NA,NA,NA,NA,NA,NA,NA,NA,NA,NA
2021-06-06 13:00:00,NA,30.10,8.21,23.77,35.98,NA,NA,0.50,NA,NA,NA,NA,NA,NA,NA,NA,NA,NA,NA,NA,NA,NA,NA,NA
2021-06-06 14:00:00,NA,17.00,7.48,22.62,34.10,NA,NA,0.48,NA,NA,NA,NA,NA,NA,NA,NA,NA,NA,NA,NA,NA,NA,NA,NA
2021-06-06 15:00:00,NA,10.54,7.65,23.20,34.84,NA,NA,0.48,NA,NA,NA,NA,NA,NA,NA,NA,NA,NA,NA,NA,NA,NA,NA,NA
2021-06-06 16:00:00,NA,7.37,7.45,23.02,34.47,NA,NA,0.46,NA,NA,NA,NA,NA,NA,NA,NA,NA,NA,NA,NA,NA,NA,NA,NA
2021-06-06 17:00:00,NA,10.61,7.04,21.94,32.98,NA,NA,0.40,NA,NA,NA,NA,NA,NA,NA,NA,NA,NA,NA,NA,NA,NA,NA,NA
2021-06-06 18:00:00,NA,12.51,7.39,21.43,32.83,NA,NA,0.41,NA,NA,NA,NA,NA,NA,NA,NA,NA,NA,NA,NA,NA,NA,NA,NA
2021-06-06 19:00:00,NA,13.70,7.64,22.66,34.29,NA,NA,0.48,NA,NA,NA,NA,NA,NA,NA,NA,NA,NA,NA,NA,NA,NA,NA,NA
2021-06-06 20:00:00,NA,18.58,6.47,21.16,31.62,NA,NA,0.58,NA,NA,NA,NA,NA,NA,NA,NA,NA,NA,NA,NA,NA,NA,NA,NA
2021-06-06 21:00:00,NA,15.48,8.75,23.77,36.51,NA,NA,0.64,NA,NA,NA,NA,NA,NA,NA,NA,NA,NA,NA,NA,NA,NA,NA,NA
2021-06-06 22:00:00,NA,15.88,7.30,22.40,33.70,NA,NA,0.66,NA,NA,NA,NA,NA,NA,NA,NA,NA,NA,NA,NA,NA,NA,NA,NA
2021-06-06 23:00:00,NA,18.04,7.14,22.68,33.82,NA,NA,0.55,NA,NA,NA,NA,NA,NA,NA,NA,NA,NA,NA,NA,NA,NA,NA,NA
2021-06-07 00:00:00,NA,13.52,6.86,22.13,33.00,NA,NA,0.46,NA,NA,NA,NA,NA,NA,NA,NA,NA,NA,NA,NA,NA,NA,NA,NA
2021-06-07 01:00:00,NA,8.96,6.38,21.53,31.91,NA,NA,0.34,NA,NA,NA,NA,NA,NA,NA,NA,NA,NA,NA,NA,NA,NA,NA,NA
2021-06-07 02:00:00,NA,8.08,7.30,22.68,33.98,NA,NA,0.33,NA,NA,NA,NA,NA,NA,NA,NA,NA,NA,NA,NA,NA,NA,NA,NA
2021-06-07 03:00:00,NA,8.21,8.50,23.50,35.87,NA,NA,0.23,NA,NA,NA,NA,NA,NA,NA,NA,NA,NA,NA,NA,NA,NA,NA,NA
2021-06-07 04:00:00,NA,5.04,6.18,21.17,29.66,NA,NA,0.76,NA,NA,NA,NA,NA,NA,NA,NA,NA,NA,NA,NA,NA,NA,NA,NA
2021-06-07 05:00:00,NA,17.13,7.54,22.92,34.46,NA,NA,0.88,NA,NA,NA,NA,NA,NA,NA,NA,NA,NA,NA,NA,NA,NA,NA,NA
2021-06-07 06:00:00,NA,27.78,8.25,23.10,35.34,NA,NA,0.91,NA,NA,NA,NA,NA,NA,NA,NA,NA,NA,NA,NA,NA,NA,NA,NA
2021-06-07 07:00:00,NA,27.43,6.95,22.64,33.58,NA,NA,0.93,NA,NA,NA,NA,NA,NA,NA,NA,NA,NA,NA,NA,NA,NA,NA,NA
2021-06-07 08:00:00,NA,28.74,7.04,22.26,33.30,NA,NA,1.02,NA,NA,NA,NA,NA,NA,NA,NA,NA,NA,NA,NA,NA,NA,NA,NA
2021-06-07 09:00:00,NA,26.54,5.88,20.07,29.95,NA,NA,0.87,NA,NA,NA,NA,NA,NA,NA,NA,NA,NA,NA,NA,NA,NA,NA,NA
2021-06-07 10:00:00,NA,28.42,7.12,20.84,31.96,NA,NA,0.92,NA,NA,NA,NA,NA,NA,NA,NA,NA,NA,NA,NA,NA,NA,NA,NA
2021-06-07 11:00:00,NA,21.91,6.71,21.12,31.84,NA,NA,0.86,NA,NA,NA,NA,NA,NA,NA,NA,NA,NA,NA,NA,NA,NA,NA,NA
2021-06-07 12:00:00,NA,NA,NA,NA,NA,NA,NA,NA,NA,NA,NA,NA,NA,NA,NA,NA,NA,NA,NA,NA,NA,NA,NA,NA
2021-06-07 13:00:00,NA,NA,NA,NA,NA,NA,NA,NA,NA,NA,NA,NA,NA,NA,NA,NA,NA,NA,NA,NA,NA,NA,NA,NA
2021-06-07 14:00:00,NA,NA,NA,NA,NA,NA,NA,NA,NA,NA,NA,NA,NA,NA,NA,NA,NA,NA,NA,NA,NA,NA,NA,NA
2021-06-07 15:00:00,NA,NA,NA,NA,NA,NA,NA,NA,NA,NA,NA,NA,NA,NA,NA,NA,NA,NA,NA,NA,NA,NA,NA,NA
2021-06-07 16:00:00,NA,NA,NA,NA,NA,NA,NA,NA,NA,NA,NA,NA,NA,NA,NA,NA,NA,NA,NA,NA,NA,NA,NA,NA
2021-06-07 17:00:00,NA,NA,NA,NA,NA,NA,NA,0.00,NA,NA,NA,NA,NA,NA,NA,NA,NA,NA,NA,NA,NA,NA,NA,NA
2021-06-07 18:00:00,NA,43.54,7.64,22.86,25.42,NA,6.14,0.51,NA,NA,NA,NA,NA,NA,NA,NA,NA,NA,NA,NA,NA,NA,NA,NA
2021-06-07 19:00:00,NA,59.12,7.14,22.48,33.61,NA,6.09,0.69,NA,NA,NA,NA,NA,NA,NA,NA,NA,NA,NA,NA,NA,NA,NA,NA
2021-06-07 20:00:00,NA,62.32,7.56,23.26,34.83,NA,5.89,0.79,NA,NA,NA,NA,NA,NA,NA,NA,NA,NA,NA,NA,NA,NA,NA,NA
2021-06-07 21:00:00,NA,67.92,7.64,22.38,34.02,NA,6.00,0.80,NA,NA,NA,NA,NA,NA,NA,NA,NA,NA,NA,NA,NA,NA,NA,NA
2021-06-07 22:00:00,NA,69.96,8.22,23.47,35.68,NA,6.06,0.91,NA,NA,NA,NA,NA,NA,NA,NA,NA,NA,NA,NA,NA,NA,NA,NA
2021-06-07 23:00:00,NA,82.74,6.14,21.21,31.35,NA,6.00,0.82,NA,NA,NA,NA,NA,NA,NA,NA,NA,NA,NA,NA,NA,NA,NA,NA
2021-06-08 00:00:00,NA,73.06,5.97,20.19,30.16,NA,6.01,0.62,NA,NA,NA,NA,NA,NA,NA,NA,NA,NA,NA,NA,NA,NA,NA,NA
2021-06-08 01:00:00,NA,63.74,7.65,21.78,33.42,NA,5.90,0.53,NA,NA,NA,NA,NA,NA,NA,NA,NA,NA,NA,NA,NA,NA,NA,NA
2021-06-08 02:00:00,NA,62.10,8.33,24.10,36.43,NA,5.92,0.43,NA,NA,NA,NA,NA,NA,NA,NA,NA,NA,NA,NA,NA,NA,NA,NA
2021-06-08 03:00:00,NA,58.46,7.19,21.80,32.99,NA,5.98,0.37,NA,NA,NA,NA,NA,NA,NA,NA,NA,NA,NA,NA,NA,NA,NA,NA
2021-06-08 04:00:00,NA,58.78,7.91,24.15,36.06,NA,5.88,0.68,NA,NA,NA,NA,NA,NA,NA,NA,NA,NA,NA,NA,NA,NA,NA,NA
2021-06-08 05:00:00,NA,55.66,9.04,24.10,37.15,NA,5.98,0.94,NA,NA,NA,NA,NA,NA,NA,NA,NA,NA,NA,NA,NA,NA,NA,NA
2021-06-08 06:00:00,NA,57.27,7.24,22.58,33.82,NA,5.91,0.88,NA,NA,NA,NA,NA,NA,NA,NA,NA,NA,NA,NA,NA,NA,NA,NA
2021-06-08 07:00:00,NA,69.60,8.12,22.99,35.11,NA,6.12,0.97,NA,NA,NA,NA,NA,NA,NA,NA,NA,NA,NA,NA,NA,NA,NA,NA
2021-06-08 08:00:00,NA,69.68,8.60,23.17,35.78,NA,5.96,1.03,NA,NA,NA,NA,NA,NA,NA,NA,NA,NA,NA,NA,NA,NA,NA,NA
2021-06-08 09:00:00,NA,71.78,6.77,21.82,32.59,NA,5.95,0.98,NA,NA,NA,NA,NA,NA,NA,NA,NA,NA,NA,NA,NA,NA,NA,NA
2021-06-08 10:00:00,NA,84.12,8.81,23.85,36.66,NA,6.04,0.86,NA,NA,NA,NA,NA,NA,NA,NA,NA,NA,NA,NA,NA,NA,NA,NA
2021-06-08 11:00:00,NA,71.28,7.89,22.58,34.47,NA,5.96,1.06,NA,NA,NA,NA,NA,NA,NA,NA,NA,NA,NA,NA,NA,NA,NA,NA
2021-06-08 12:00:00,NA,53.70,6.89,22.17,33.06,NA,5.97,1.06,NA,NA,NA,NA,NA,NA,NA,NA,NA,NA,NA,NA,NA,NA,NA,NA
2021-06-08 13:00:00,NA,59.25,6.58,21.33,31.89,NA,6.03,0.94,NA,NA,NA,NA,NA,NA,NA,NA,NA,NA,NA,NA,NA,NA,NA,NA
2021-06-08 14:00:00,NA,66.54,6.08,20.42,30.50,NA,6.06,0.89,NA,NA,NA,NA,NA,NA,NA,NA,NA,NA,NA,NA,NA,NA,NA,NA
2021-06-08 15:00:00,NA,55.86,7.81,23.18,35.00,NA,5.99,0.59,NA,NA,NA,NA,NA,NA,NA,NA,NA,NA,NA,NA,NA,NA,NA,NA
2021-06-08 16:00:00,NA,58.33,8.36,23.77,36.12,NA,6.02,0.60,NA,NA,NA,NA,NA,NA,NA,NA,NA,NA,NA,NA,NA,NA,NA,NA
2021-06-08 17:00:00,NA,61.46,9.41,24.92,38.32,NA,5.94,0.94,NA,NA,NA,NA,NA,NA,NA,NA,NA,NA,NA,NA,NA,NA,NA,NA
2021-06-08 18:00:00,NA,53.29,7.36,22.64,34.00,NA,6.03,1.21,NA,NA,NA,NA,NA,NA,NA,NA,NA,NA,NA,NA,NA,NA,NA,NA
2021-06-08 19:00:00,NA,70.88,7.94,23.10,35.03,NA,6.11,1.40,NA,NA,NA,NA,NA,NA,NA,NA,NA,NA,NA,NA,NA,NA,NA,NA
2021-06-08 20:00:00,NA,101.16,5.43,21.18,30.61,NA,5.90,1.22,NA,NA,NA,NA,NA,NA,NA,NA,NA,NA,NA,NA,NA,NA,NA,NA
2021-06-08 21:00:00,NA,87.74,7.94,22.60,34.54,NA,5.85,1.09,NA,NA,NA,NA,NA,NA,NA,NA,NA,NA,NA,NA,NA,NA,NA,NA
2021-06-08 22:00:00,NA,61.84,8.86,23.56,36.43,NA,6.00,0.95,NA,NA,NA,NA,NA,NA,NA,NA,NA,NA,NA,NA,NA,NA,NA,NA
2021-06-08 23:00:00,NA,57.74,7.70,24.10,35.80,NA,6.02,0.86,NA,NA,NA,NA,NA,NA,NA,NA,NA,NA,NA,NA,NA,NA,NA,NA
2021-06-09 00:00:00,NA,58.52,8.19,23.34,35.54,NA,5.95,0.78,NA,NA,NA,NA,NA,NA,NA,NA,NA,NA,NA,NA,NA,NA,NA,NA
2021-06-09 01:00:00,NA,46.76,7.96,22.83,34.79,NA,5.96,0.72,NA,NA,NA,NA,NA,NA,NA,NA,NA,NA,NA,NA,NA,NA,NA,NA
2021-06-09 02:00:00,NA,40.88,8.72,24.72,37.44,NA,5.94,0.68,NA,NA,NA,NA,NA,NA,NA,NA,NA,NA,NA,NA,NA,NA,NA,NA
2021-06-09 03:00:00,NA,37.94,8.29,24.48,36.77,NA,6.02,0.71,NA,NA,NA,NA,NA,NA,NA,NA,NA,NA,NA,NA,NA,NA,NA,NA
2021-06-09 04:00:00,NA,36.47,7.27,22.50,33.77,NA,5.88,0.97,NA,NA,NA,NA,NA,NA,NA,NA,NA,NA,NA,NA,NA,NA,NA,NA
2021-06-09 05:00:00,NA,35.74,8.44,24.82,37.26,NA,6.15,0.92,NA,NA,NA,NA,NA,NA,NA,NA,NA,NA,NA,NA,NA,NA,NA,NA
2021-06-09 06:00:00,NA,68.20,7.88,23.05,34.93,NA,5.86,1.13,NA,NA,NA,NA,NA,NA,NA,NA,NA,NA,NA,NA,NA,NA,NA,NA
2021-06-09 07:00:00,NA,101.88,7.16,22.20,33.37,NA,6.07,1.22,NA,NA,NA,NA,NA,NA,NA,NA,NA,NA,NA,NA,NA,NA,NA,NA
2021-06-09 08:00:00,NA,93.60,8.26,23.89,36.15,NA,5.95,1.25,NA,NA,NA,NA,NA,NA,NA,NA,NA,NA,NA,NA,NA,NA,NA,NA
2021-06-09 09:00:00,NA,81.56,7.59,22.76,34.36,NA,5.89,1.12,NA,NA,NA,NA,NA,NA,NA,NA,NA,NA,NA,NA,NA,NA,NA,NA
2021-06-09 10:00:00,NA,71.10,7.49,23.18,34.67,NA,6.04,1.00,NA,NA,NA,NA,NA,NA,NA,NA,NA,NA,NA,NA,NA,NA,NA,NA
2021-06-09 11:00:00,NA,66.74,7.59,22.88,34.47,NA,6.09,0.94,NA,NA,NA,NA,NA,NA,NA,NA,NA,NA,NA,NA,NA,NA,NA,NA
2021-06-09 12:00:00,NA,56.96,7.76,22.88,34.65,NA,6.01,1.03,NA,NA,NA,NA,NA,NA,NA,NA,NA,NA,NA,NA,NA,NA,NA,NA
2021-06-09 13:00:00,NA,54.14,7.69,22.93,34.61,NA,5.94,1.00,NA,NA,NA,NA,NA,NA,NA,NA,NA,NA,NA,NA,NA,NA,NA,NA
2021-06-09 14:00:00,NA,54.13,8.71,23.48,35.78,NA,6.03,1.05,NA,NA,NA,NA,NA,NA,NA,NA,NA,NA,NA,NA,NA,NA,NA,NA
2021-06-09 15:00:00,NA,52.58,8.43,23.36,35.79,NA,6.04,1.01,NA,NA,NA,NA,NA,NA,NA,NA,NA,NA,NA,NA,NA,NA,NA,NA
2021-06-09 16:00:00,NA,53.12,7.66,22.79,34.45,NA,5.97,1.03,NA,NA,NA,NA,NA,NA,NA,NA,NA,NA,NA,NA,NA,NA,NA,NA
2021-06-09 17:00:00,NA,59.07,8.20,22.60,17.60,NA,6.04,0.87,NA,NA,NA,NA,NA,NA,NA,NA,NA,NA,NA,NA,NA,NA,NA,NA
2021-06-09 18:00:00,NA,66.58,8.12,23.14,35.26,NA,5.98,1.17,NA,NA,NA,NA,NA,NA,NA,NA,NA,NA,NA,NA,NA,NA,NA,NA
2021-06-09 19:00:00,NA,67.92,8.03,23.65,35.68,NA,6.03,1.15,NA,NA,NA,NA,NA,NA,NA,NA,NA,NA,NA,NA,NA,NA,NA,NA
2021-06-09 20:00:00,NA,53.29,7.22,21.44,32.66,NA,6.10,1.05,NA,NA,NA,NA,NA,NA,NA,NA,NA,NA,NA,NA,NA,NA,NA,NA
2021-06-09 21:00:00,NA,46.02,7.37,22.46,33.82,NA,6.08,1.09,NA,NA,NA,NA,NA,NA,NA,NA,NA,NA,NA,NA,NA,NA,NA,NA
2021-06-09 22:00:00,NA,41.19,8.40,23.96,36.35,NA,5.94,0.97,NA,NA,NA,NA,NA,NA,NA,NA,NA,NA,NA,NA,NA,NA,NA,NA
2021-06-09 23:00:00,NA,38.20,7.83,23.46,35.29,NA,5.98,0.92,NA,NA,NA,NA,NA,NA,NA,NA,NA,NA,NA,NA,NA,NA,NA,NA
2021-06-10 00:00:00,NA,36.54,6.26,21.97,32.23,NA,6.07,0.92,NA,NA,NA,NA,NA,NA,NA,NA,NA,NA,NA,NA,NA,NA,NA,NA
2021-06-10 01:00:00,NA,40.16,8.24,23.66,35.89,NA,6.01,0.75,NA,NA,NA,NA,NA,NA,NA,NA,NA,NA,NA,NA,NA,NA,NA,NA
2021-06-10 02:00:00,NA,43.81,8.14,22.97,35.11,NA,6.05,0.75,NA,NA,NA,NA,NA,NA,NA,NA,NA,NA,NA,NA,NA,NA,NA,NA
2021-06-10 03:00:00,NA,41.94,6.76,23.28,34.03,NA,6.03,0.70,NA,NA,NA,NA,NA,NA,NA,NA,NA,NA,NA,NA,NA,NA,NA,NA
2021-06-10 04:00:00,NA,51.31,6.18,21.18,31.35,NA,6.01,0.90,NA,NA,NA,NA,NA,NA,NA,NA,NA,NA,NA,NA,NA,NA,NA,NA
2021-06-10 05:00:00,NA,57.45,7.88,22.38,34.25,NA,6.04,0.99,NA,NA,NA,NA,NA,NA,NA,NA,NA,NA,NA,NA,NA,NA,NA,NA
2021-06-10 06:00:00,NA,47.50,6.82,21.40,32.22,NA,6.17,1.16,NA,NA,NA,NA,NA,NA,NA,NA,NA,NA,NA,NA,NA,NA,NA,NA
2021-06-10 07:00:00,NA,46.47,7.71,22.90,34.62,NA,6.03,1.31,NA,NA,NA,NA,NA,NA,NA,NA,NA,NA,NA,NA,NA,NA,NA,NA
2021-06-10 08:00:00,NA,55.22,8.68,24.39,37.07,NA,5.97,1.36,NA,NA,NA,NA,NA,NA,NA,NA,NA,NA,NA,NA,NA,NA,NA,NA
2021-06-10 09:00:00,NA,65.34,7.93,23.39,35.32,NA,5.92,1.19,NA,NA,NA,NA,NA,NA,NA,NA,NA,NA,NA,NA,NA,NA,NA,NA
2021-06-10 10:00:00,NA,62.62,8.30,23.27,35.57,NA,6.00,1.08,NA,NA,NA,NA,NA,NA,NA,NA,NA,NA,NA,NA,NA,NA,NA,NA
2021-06-10 11:00:00,NA,58.54,8.29,24.25,36.54,NA,5.95,0.89,NA,NA,NA,NA,NA,NA,NA,NA,NA,NA,NA,NA,NA,NA,NA,NA
2021-06-10 12:00:00,NA,73.45,6.93,22.94,33.87,NA,6.08,0.80,NA,NA,NA,NA,NA,NA,NA,NA,NA,NA,NA,NA,NA,NA,NA,NA
2021-06-10 13:00:00,NA,74.69,8.28,23.51,35.80,NA,5.90,0.78,NA,NA,NA,NA,NA,NA,NA,NA,NA,NA,NA,NA,NA,NA,NA,NA
2021-06-10 14:00:00,NA,64.96,7.92,23.86,35.78,NA,6.17,0.82,NA,NA,NA,NA,NA,NA,NA,NA,NA,NA,NA,NA,NA,NA,NA,NA
2021-06-10 15:00:00,NA,60.76,8.56,23.19,35.74,NA,6.03,0.84,NA,NA,NA,NA,NA,NA,NA,NA,NA,NA,NA,NA,NA,NA,NA,NA
2021-06-10 16:00:00,NA,50.02,7.64,22.79,34.42,NA,5.98,0.78,NA,NA,NA,NA,NA,NA,NA,NA,NA,NA,NA,NA,NA,NA,NA,NA
2021-06-10 17:00:00,NA,45.30,6.59,21.84,32.43,NA,6.10,0.79,NA,NA,NA,NA,NA,NA,NA,NA,NA,NA,NA,NA,NA,NA,NA,NA
2021-06-10 18:00:00,NA,51.53,6.44,21.65,32.10,NA,6.08,0.77,NA,NA,NA,NA,NA,NA,NA,NA,NA,NA,NA,NA,NA,NA,NA,NA
2021-06-10 19:00:00,NA,55.26,8.72,23.63,36.35,NA,5.90,0.85,NA,NA,NA,NA,NA,NA,NA,NA,NA,NA,NA,NA,NA,NA,NA,NA
2021-06-10 20:00:00,NA,48.90,8.52,23.30,35.82,NA,5.99,0.95,NA,NA,NA,NA,NA,NA,NA,NA,NA,NA,NA,NA,NA,NA,NA,NA
2021-06-10 21:00:00,NA,49.08,8.51,23.90,36.40,NA,5.96,0.95,NA,NA,NA,NA,NA,NA,NA,NA,NA,NA,NA,NA,NA,NA,NA,NA
2021-06-10 22:00:00,NA,55.24,7.15,22.79,33.94,NA,5.85,0.93,NA,NA,NA,NA,NA,NA,NA,NA,NA,NA,NA,NA,NA,NA,NA,NA
2021-06-10 23:00:00,NA,58.61,7.20,22.56,33.76,NA,5.93,0.78,NA,NA,NA,NA,NA,NA,NA,NA,NA,NA,NA,NA,NA,NA,NA,NA
2021-06-11 00:00:00,NA,47.88,6.96,21.77,32.74,NA,6.04,0.72,NA,NA,NA,NA,NA,NA,NA,NA,NA,NA,NA,NA,NA,NA,NA,NA
2021-06-11 01:00:00,NA,42.86,7.44,22.41,33.85,NA,5.99,0.68,NA,NA,NA,NA,NA,NA,NA,NA,NA,NA,NA,NA,NA,NA,NA,NA
2021-06-11 02:00:00,NA,45.92,7.70,22.68,34.37,NA,6.07,0.61,NA,NA,NA,NA,NA,NA,NA,NA,NA,NA,NA,NA,NA,NA,NA,NA
2021-06-11 03:00:00,NA,47.87,7.54,21.37,32.91,NA,5.96,0.66,NA,NA,NA,NA,NA,NA,NA,NA,NA,NA,NA,NA,NA,NA,NA,NA
2021-06-11 04:00:00,NA,41.43,8.20,22.36,34.56,NA,6.04,0.79,NA,NA,NA,NA,NA,NA,NA,NA,NA,NA,NA,NA,NA,NA,NA,NA
2021-06-11 05:00:00,NA,38.21,6.92,22.84,33.76,NA,6.04,0.97,NA,NA,NA,NA,NA,NA,NA,NA,NA,NA,NA,NA,NA,NA,NA,NA
2021-06-11 06:00:00,NA,36.61,8.04,24.07,36.10,NA,5.96,1.00,NA,NA,NA,NA,NA,NA,NA,NA,NA,NA,NA,NA,NA,NA,NA,NA
2021-06-11 07:00:00,NA,35.80,7.70,22.43,34.13,NA,6.00,1.05,NA,NA,NA,NA,NA,NA,NA,NA,NA,NA,NA,NA,NA,NA,NA,NA
2021-06-11 08:00:00,NA,65.99,6.48,22.20,32.68,NA,6.03,1.11,NA,NA,NA,NA,NA,NA,NA,NA,NA,NA,NA,NA,NA,NA,NA,NA
2021-06-11 09:00:00,NA,97.62,7.76,22.81,34.58,NA,5.98,1.26,NA,NA,NA,NA,NA,NA,NA,NA,NA,NA,NA,NA,NA,NA,NA,NA
2021-06-11 10:00:00,NA,78.59,8.15,24.03,36.18,NA,6.01,1.19,NA,NA,NA,NA,NA,NA,NA,NA,NA,NA,NA,NA,NA,NA,NA,NA
2021-06-11 11:00:00,NA,56.80,8.09,23.17,35.26,NA,5.94,0.98,NA,NA,NA,NA,NA,NA,NA,NA,NA,NA,NA,NA,NA,NA,NA,NA
2021-06-11 12:00:00,NA,45.90,7.37,22.15,33.52,NA,5.82,0.84,NA,NA,NA,NA,NA,NA,NA,NA,NA,NA,NA,NA,NA,NA,NA,NA
2021-06-11 13:00:00,NA,40.45,8.47,24.39,36.86,NA,6.03,0.82,NA,NA,NA,NA,NA,NA,NA,NA,NA,NA,NA,NA,NA,NA,NA,NA
2021-06-11 14:00:00,NA,282.40,9.36,24.61,37.97,NA,5.92,0.76,NA,NA,NA,NA,NA,NA,NA,NA,NA,NA,NA,NA,NA,NA,NA,NA
2021-06-11 15:00:00,NA,573.87,16.54,33.91,54.44,NA,5.97,0.87,NA,NA,NA,NA,NA,NA,NA,NA,NA,NA,NA,NA,NA,NA,NA,NA
2021-06-11 16:00:00,NA,607.06,16.42,35.39,55.82,NA,6.07,0.22,NA,NA,NA,NA,NA,NA,NA,NA,NA,NA,NA,NA,NA,NA,NA,NA
2021-06-11 17:00:00,NA,607.06,25.36,39.53,68.88,NA,6.03,NA,NA,NA,NA,NA,NA,NA,NA,NA,NA,NA,NA,NA,NA,NA,NA,NA
2021-06-11 18:00:00,NA,NA,339.28,404.02,0.00,NA,6.03,NA,NA,NA,NA,NA,NA,NA,NA,NA,NA,NA,NA,NA,NA,NA,NA,NA
2021-06-11 19:00:00,NA,564.72,323.88,383.86,0.00,NA,5.90,NA,NA,NA,NA,NA,NA,NA,NA,NA,NA,NA,NA,NA,NA,NA,NA,NA
2021-06-11 20:00:00,NA,444.80,310.64,370.06,0.00,NA,6.06,NA,NA,NA,NA,NA,NA,NA,NA,NA,NA,NA,NA,NA,NA,NA,NA,NA
2021-06-11 21:00:00,NA,239.90,NA,NA,0.00,NA,6.00,NA,NA,NA,NA,NA,NA,NA,NA,NA,NA,NA,NA,NA,NA,NA,NA,NA
2021-06-11 22:00:00,NA,137.45,322.59,380.97,0.00,NA,6.04,NA,NA,NA,NA,NA,NA,NA,NA,NA,NA,NA,NA,NA,NA,NA,NA,NA
2021-06-11 23:00:00,NA,87.78,NA,NA,0.00,NA,6.20,NA,NA,NA,NA,NA,NA,NA,NA,NA,NA,NA,NA,NA,NA,NA,NA,NA
2021-06-12 00:00:00,NA,60.61,293.72,322.86,0.00,NA,6.01,NA,NA,NA,NA,NA,NA,NA,NA,NA,NA,NA,NA,NA,NA,NA,NA,NA
2021-06-12 01:00:00,NA,161.32,336.43,404.95,0.00,NA,6.00,NA,NA,NA,NA,NA,NA,NA,NA,NA,NA,NA,NA,NA,NA,NA,NA,NA
2021-06-12 02:00:00,NA,235.35,NA,NA,0.00,NA,6.00,NA,NA,NA,NA,NA,NA,NA,NA,NA,NA,NA,NA,NA,NA,NA,NA,NA
2021-06-12 03:00:00,NA,135.18,NA,NA,0.00,NA,6.08,NA,NA,NA,NA,NA,NA,NA,NA,NA,NA,NA,NA,NA,NA,NA,NA,NA
2021-06-12 04:00:00,NA,85.09,NA,NA,0.00,NA,6.08,0.72,NA,NA,NA,NA,NA,NA,NA,NA,NA,NA,NA,NA,NA,NA,NA,NA
2021-06-12 05:00:00,NA,60.05,NA,NA,0.00,NA,6.06,1.00,NA,NA,NA,NA,NA,NA,NA,NA,NA,NA,NA,NA,NA,NA,NA,NA
2021-06-12 06:00:00,NA,47.53,NA,NA,0.00,NA,6.05,1.22,NA,NA,NA,NA,NA,NA,NA,NA,NA,NA,NA,NA,NA,NA,NA,NA
2021-06-12 07:00:00,NA,41.27,NA,NA,0.00,NA,6.14,1.28,NA,NA,NA,NA,NA,NA,NA,NA,NA,NA,NA,NA,NA,NA,NA,NA
2021-06-12 08:00:00,NA,38.14,NA,NA,0.00,NA,6.01,1.26,NA,NA,NA,NA,NA,NA,NA,NA,NA,NA,NA,NA,NA,NA,NA,NA
2021-06-12 09:00:00,NA,36.57,NA,NA,0.00,NA,5.96,1.12,NA,NA,NA,NA,NA,NA,NA,NA,NA,NA,NA,NA,NA,NA,NA,NA
2021-06-12 10:00:00,NA,69.30,NA,NA,0.00,NA,6.00,0.85,NA,NA,NA,NA,NA,NA,NA,NA,NA,NA,NA,NA,NA,NA,NA,NA
2021-06-12 11:00:00,NA,97.95,328.84,399.48,0.00,NA,6.01,0.68,NA,NA,NA,NA,NA,NA,NA,NA,NA,NA,NA,NA,NA,NA,NA,NA
2021-06-12 12:00:00,NA,73.00,NA,NA,0.00,NA,5.87,0.49,NA,NA,NA,NA,NA,NA,NA,NA,NA,NA,NA,NA,NA,NA,NA,NA
2021-06-12 13:00:00,NA,51.88,40.25,56.10,215.02,NA,5.82,0.46,NA,NA,NA,NA,NA,NA,NA,NA,NA,NA,NA,NA,NA,NA,NA,NA
2021-06-12 14:00:00,NA,38.56,NA,NA,0.00,NA,6.02,0.20,NA,NA,NA,NA,NA,NA,NA,NA,NA,NA,NA,NA,NA,NA,NA,NA
2021-06-12 15:00:00,NA,61.86,NA,NA,4.32,NA,6.00,0.06,NA,NA,NA,NA,NA,NA,NA,NA,NA,NA,NA,NA,NA,NA,NA,NA
2021-06-12 16:00:00,NA,61.05,NA,NA,0.00,NA,5.92,0.36,NA,NA,NA,NA,NA,NA,NA,NA,NA,NA,NA,NA,NA,NA,NA,NA
2021-06-12 17:00:00,NA,29.35,NA,NA,0.00,NA,6.04,0.55,NA,NA,NA,NA,NA,NA,NA,NA,NA,NA,NA,NA,NA,NA,NA,NA
2021-06-12 18:00:00,NA,42.24,NA,NA,0.00,NA,5.85,0.98,NA,NA,NA,NA,NA,NA,NA,NA,NA,NA,NA,NA,NA,NA,NA,NA
2021-06-12 19:00:00,NA,37.20,NA,NA,0.00,NA,5.94,0.99,NA,NA,NA,NA,NA,NA,NA,NA,NA,NA,NA,NA,NA,NA,NA,NA
2021-06-12 20:00:00,NA,27.07,NA,NA,0.00,NA,6.02,1.08,NA,NA,NA,NA,NA,NA,NA,NA,NA,NA,NA,NA,NA,NA,NA,NA
2021-06-12 21:00:00,NA,21.46,NA,NA,0.00,NA,6.01,1.04,NA,NA,NA,NA,NA,NA,NA,NA,NA,NA,NA,NA,NA,NA,NA,NA
2021-06-12 22:00:00,NA,18.23,NA,NA,0.00,NA,6.01,1.13,NA,NA,NA,NA,NA,NA,NA,NA,NA,NA,NA,NA,NA,NA,NA,NA
2021-06-12 23:00:00,NA,16.67,NA,NA,0.00,NA,6.08,1.27,NA,NA,NA,NA,NA,NA,NA,NA,NA,NA,NA,NA,NA,NA,NA,NA
2021-06-13 00:00:00,NA,32.76,NA,NA,0.00,NA,5.80,1.13,NA,NA,NA,NA,NA,NA,NA,NA,NA,NA,NA,NA,NA,NA,NA,NA
2021-06-13 01:00:00,NA,44.74,NA,NA,0.00,NA,6.01,1.07,NA,NA,NA,NA,NA,NA,NA,NA,NA,NA,NA,NA,NA,NA,NA,NA
2021-06-13 02:00:00,NA,29.87,NA,NA,0.00,NA,5.93,1.15,NA,NA,NA,NA,NA,NA,NA,NA,NA,NA,NA,NA,NA,NA,NA,NA
2021-06-13 03:00:00,NA,22.43,NA,NA,0.00,NA,6.08,1.20,NA,NA,NA,NA,NA,NA,NA,NA,NA,NA,NA,NA,NA,NA,NA,NA
2021-06-13 04:00:00,NA,20.34,NA,NA,0.00,NA,6.03,1.23,NA,NA,NA,NA,NA,NA,NA,NA,NA,NA,NA,NA,NA,NA,NA,NA
2021-06-13 05:00:00,NA,21.98,NA,NA,0.00,NA,6.04,1.58,NA,NA,NA,NA,NA,NA,NA,NA,NA,NA,NA,NA,NA,NA,NA,NA
2021-06-13 06:00:00,NA,43.07,NA,NA,0.00,NA,6.01,1.80,NA,NA,NA,NA,NA,NA,NA,NA,NA,NA,NA,NA,NA,NA,NA,NA
2021-06-13 07:00:00,NA,70.51,NA,NA,0.00,NA,5.95,2.03,NA,NA,NA,NA,NA,NA,NA,NA,NA,NA,NA,NA,NA,NA,NA,NA
2021-06-13 08:00:00,NA,64.88,NA,NA,0.00,NA,6.00,2.29,NA,NA,NA,NA,NA,NA,NA,NA,NA,NA,NA,NA,NA,NA,NA,NA
2021-06-13 09:00:00,NA,52.09,NA,NA,0.00,NA,6.14,2.34,NA,NA,NA,NA,NA,NA,NA,NA,NA,NA,NA,NA,NA,NA,NA,NA
2021-06-13 10:00:00,NA,46.19,NA,NA,0.00,NA,5.98,1.84,NA,NA,NA,NA,NA,NA,NA,NA,NA,NA,NA,NA,NA,NA,NA,NA
2021-06-13 11:00:00,NA,35.45,NA,NA,0.00,NA,6.01,1.43,NA,NA,NA,NA,NA,NA,NA,NA,NA,NA,NA,NA,NA,NA,NA,NA
2021-06-13 12:00:00,NA,40.22,NA,NA,0.00,NA,5.99,2.70,NA,NA,NA,NA,NA,NA,NA,NA,NA,NA,NA,NA,NA,NA,NA,NA
2021-06-13 13:00:00,NA,55.09,NA,NA,NA,NA,6.02,4.80,NA,NA,NA,NA,NA,NA,NA,NA,NA,NA,NA,NA,NA,NA,NA,NA
2021-06-13 14:00:00,NA,48.79,NA,NA,NA,NA,6.05,3.72,NA,NA,NA,NA,NA,NA,NA,NA,NA,NA,NA,NA,NA,NA,NA,NA
2021-06-13 15:00:00,NA,35.22,NA,NA,NA,NA,6.02,3.56,NA,NA,NA,NA,NA,NA,NA,NA,NA,NA,NA,NA,NA,NA,NA,NA
2021-06-13 16:00:00,NA,29.03,NA,NA,NA,NA,6.02,3.55,NA,NA,NA,NA,NA,NA,NA,NA,NA,NA,NA,NA,NA,NA,NA,NA
2021-06-13 17:00:00,NA,25.42,NA,NA,NA,NA,6.04,3.61,NA,NA,NA,NA,NA,NA,NA,NA,NA,NA,NA,NA,NA,NA,NA,NA
2021-06-13 18:00:00,NA,26.81,NA,NA,NA,NA,5.98,3.65,NA,NA,NA,NA,NA,NA,NA,NA,NA,NA,NA,NA,NA,NA,NA,NA
2021-06-13 19:00:00,NA,29.15,NA,NA,NA,NA,6.04,4.00,NA,NA,NA,NA,NA,NA,NA,NA,NA,NA,NA,NA,NA,NA,NA,NA
2021-06-13 20:00:00,NA,28.98,NA,NA,NA,NA,6.11,3.96,NA,NA,NA,NA,NA,NA,NA,NA,NA,NA,NA,NA,NA,NA,NA,NA
2021-06-13 21:00:00,NA,37.71,NA,NA,NA,NA,5.98,4.12,NA,NA,NA,NA,NA,NA,NA,NA,NA,NA,NA,NA,NA,NA,NA,NA
2021-06-13 22:00:00,NA,44.18,NA,NA,NA,NA,6.00,4.19,NA,NA,NA,NA,NA,NA,NA,NA,NA,NA,NA,NA,NA,NA,NA,NA
2021-06-13 23:00:00,NA,37.11,NA,NA,NA,NA,5.94,4.06,NA,NA,NA,NA,NA,NA,NA,NA,NA,NA,NA,NA,NA,NA,NA,NA
2021-06-14 00:00:00,NA,27.76,NA,NA,NA,NA,5.82,3.84,NA,NA,NA,NA,NA,NA,NA,NA,NA,NA,NA,NA,NA,NA,NA,NA
2021-06-14 01:00:00,NA,23.19,NA,NA,NA,NA,5.94,3.86,NA,NA,NA,NA,NA,NA,NA,NA,NA,NA,NA,NA,NA,NA,NA,NA
2021-06-14 02:00:00,NA,21.72,NA,NA,NA,NA,6.04,4.11,NA,NA,NA,NA,NA,NA,NA,NA,NA,NA,NA,NA,NA,NA,NA,NA
2021-06-14 03:00:00,NA,20.60,NA,NA,NA,NA,6.06,4.16,NA,NA,NA,NA,NA,NA,NA,NA,NA,NA,NA,NA,NA,NA,NA,NA
2021-06-14 04:00:00,NA,20.19,NA,NA,NA,NA,5.88,1.50,NA,NA,NA,NA,NA,NA,NA,NA,NA,NA,NA,NA,NA,NA,NA,NA
2021-06-14 05:00:00,NA,20.41,NA,NA,NA,NA,5.98,1.54,NA,NA,NA,NA,NA,NA,NA,NA,NA,NA,NA,NA,NA,NA,NA,NA
2021-06-14 06:00:00,NA,24.83,NA,NA,NA,NA,5.96,1.98,NA,NA,NA,NA,NA,NA,NA,NA,NA,NA,NA,NA,NA,NA,NA,NA
2021-06-14 07:00:00,NA,35.55,NA,NA,0.00,NA,6.05,1.74,NA,NA,NA,NA,NA,NA,NA,NA,NA,NA,NA,NA,NA,NA,NA,NA
2021-06-14 08:00:00,NA,NA,NA,NA,0.00,NA,NA,0.00,NA,NA,NA,NA,NA,NA,NA,NA,NA,NA,NA,NA,NA,NA,NA,NA
2021-06-14 09:00:00,NA,NA,NA,NA,0.00,NA,NA,0.00,NA,NA,NA,NA,NA,NA,NA,NA,NA,NA,NA,NA,NA,NA,NA,NA
2021-06-14 10:00:00,NA,42.93,10.20,25.38,35.57,NA,6.04,1.86,NA,NA,NA,NA,NA,NA,NA,NA,NA,NA,NA,NA,NA,NA,NA,NA
2021-06-14 11:00:00,NA,38.67,10.07,26.10,25.93,NA,6.00,1.12,NA,NA,NA,NA,NA,NA,NA,NA,NA,NA,NA,NA,NA,NA,NA,NA
2021-06-14 12:00:00,NA,44.87,10.46,24.55,35.98,NA,5.94,1.10,NA,NA,NA,NA,NA,NA,NA,NA,NA,NA,NA,NA,NA,NA,NA,NA
2021-06-14 13:00:00,NA,50.18,10.96,16.86,37.42,NA,5.93,1.08,NA,NA,NA,NA,NA,NA,NA,NA,NA,NA,NA,NA,NA,NA,NA,NA
2021-06-14 14:00:00,NA,34.00,8.85,14.36,32.81,NA,6.11,0.92,NA,NA,NA,NA,NA,NA,NA,NA,NA,NA,NA,NA,NA,NA,NA,NA
2021-06-14 15:00:00,NA,18.43,10.18,16.76,36.53,NA,6.06,0.86,NA,NA,NA,NA,NA,NA,NA,NA,NA,NA,NA,NA,NA,NA,NA,NA
2021-06-14 16:00:00,NA,10.02,11.29,16.69,37.58,NA,6.03,1.05,NA,NA,NA,NA,NA,NA,NA,NA,NA,NA,NA,NA,NA,NA,NA,NA
2021-06-14 17:00:00,NA,7.09,8.47,13.69,31.75,NA,6.02,0.68,NA,NA,NA,NA,NA,NA,NA,NA,NA,NA,NA,NA,NA,NA,NA,NA
2021-06-14 18:00:00,NA,6.07,9.96,15.31,34.87,NA,6.14,0.78,NA,NA,NA,NA,NA,NA,NA,NA,NA,NA,NA,NA,NA,NA,NA,NA
2021-06-14 19:00:00,NA,6.20,8.72,13.58,31.90,NA,6.09,0.73,NA,NA,NA,NA,NA,NA,NA,NA,NA,NA,NA,NA,NA,NA,NA,NA
2021-06-14 20:00:00,NA,9.12,9.49,15.54,34.63,NA,5.98,0.79,NA,NA,NA,NA,NA,NA,NA,NA,NA,NA,NA,NA,NA,NA,NA,NA
2021-06-14 21:00:00,NA,17.98,9.93,15.95,35.48,NA,5.96,0.86,NA,NA,NA,NA,NA,NA,NA,NA,NA,NA,NA,NA,NA,NA,NA,NA
2021-06-14 22:00:00,NA,36.51,9.99,15.45,35.05,NA,5.94,0.65,NA,NA,NA,NA,NA,NA,NA,NA,NA,NA,NA,NA,NA,NA,NA,NA
2021-06-14 23:00:00,NA,27.45,11.04,15.62,36.27,NA,5.73,0.54,NA,NA,NA,NA,NA,NA,NA,NA,NA,NA,NA,NA,NA,NA,NA,NA
2021-06-15 00:00:00,NA,23.40,9.85,15.55,35.01,NA,6.01,0.36,NA,NA,NA,NA,NA,NA,NA,NA,NA,NA,NA,NA,NA,NA,NA,NA
2021-06-15 01:00:00,NA,23.86,9.14,14.54,33.27,NA,5.96,0.40,NA,NA,NA,NA,NA,NA,NA,NA,NA,NA,NA,NA,NA,NA,NA,NA
2021-06-15 02:00:00,NA,22.24,10.20,15.84,35.64,NA,6.06,0.38,NA,NA,NA,NA,NA,NA,NA,NA,NA,NA,NA,NA,NA,NA,NA,NA
2021-06-15 03:00:00,NA,18.62,9.18,14.36,33.14,NA,5.95,0.17,NA,NA,NA,NA,NA,NA,NA,NA,NA,NA,NA,NA,NA,NA,NA,NA
2021-06-15 04:00:00,NA,18.43,8.12,14.24,31.96,NA,5.88,NA,NA,NA,NA,NA,NA,NA,NA,NA,NA,NA,NA,NA,NA,NA,NA,NA
2021-06-15 05:00:00,NA,19.77,10.57,16.58,36.75,NA,6.03,NA,NA,NA,NA,NA,NA,NA,NA,NA,NA,NA,NA,NA,NA,NA,NA,NA
2021-06-15 06:00:00,NA,27.86,10.94,15.96,36.49,NA,5.98,NA,NA,NA,NA,NA,NA,NA,NA,NA,NA,NA,NA,NA,NA,NA,NA,NA
2021-06-15 07:00:00,NA,32.48,8.76,14.88,33.25,NA,5.96,NA,NA,NA,NA,NA,NA,NA,NA,NA,NA,NA,NA,NA,NA,NA,NA,NA
2021-06-15 08:00:00,NA,40.66,9.62,15.81,35.02,NA,6.10,NA,NA,NA,NA,NA,NA,NA,NA,NA,NA,NA,NA,NA,NA,NA,NA,NA
2021-06-15 09:00:00,NA,48.28,10.34,15.84,35.78,NA,6.11,NA,NA,NA,NA,NA,NA,NA,NA,NA,NA,NA,NA,NA,NA,NA,NA,NA
2021-06-15 10:00:00,NA,31.64,9.04,14.92,33.56,NA,6.07,NA,NA,NA,NA,NA,NA,NA,NA,NA,NA,NA,NA,NA,NA,NA,NA,NA
2021-06-15 11:00:00,NA,23.36,8.67,14.38,32.65,NA,6.02,0.92,NA,NA,NA,NA,NA,NA,NA,NA,NA,NA,NA,NA,NA,NA,NA,NA
2021-06-15 12:00:00,NA,20.38,10.12,15.27,17.10,NA,6.01,0.44,NA,NA,NA,NA,NA,NA,NA,NA,NA,NA,NA,NA,NA,NA,NA,NA
2021-06-15 13:00:00,NA,NA,NA,NA,0.00,NA,NA,0.00,NA,NA,NA,NA,NA,NA,NA,NA,NA,NA,NA,NA,NA,NA,NA,NA
2021-06-15 14:00:00,NA,NA,NA,NA,0.00,NA,NA,0.00,NA,NA,NA,NA,NA,NA,NA,NA,NA,NA,NA,NA,NA,NA,NA,NA
2021-06-15 15:00:00,NA,NA,NA,NA,0.00,NA,NA,0.00,NA,NA,NA,NA,NA,NA,NA,NA,NA,NA,NA,NA,NA,NA,NA,NA
2021-06-15 16:00:00,NA,NA,NA,NA,0.00,NA,NA,0.00,NA,NA,NA,NA,NA,NA,NA,NA,NA,NA,NA,NA,NA,NA,NA,NA
2021-06-15 17:00:00,NA,NA,NA,NA,0.00,NA,NA,0.00,NA,NA,NA,NA,NA,NA,NA,NA,NA,NA,NA,NA,NA,NA,NA,NA
2021-06-15 18:00:00,NA,NA,NA,NA,0.00,NA,NA,0.00,NA,NA,NA,NA,NA,NA,NA,NA,NA,NA,NA,NA,NA,NA,NA,NA
2021-06-15 19:00:00,NA,NA,NA,NA,0.00,NA,NA,0.00,NA,NA,NA,NA,NA,NA,NA,NA,NA,NA,NA,NA,NA,NA,NA,NA
2021-06-15 20:00:00,NA,NA,NA,NA,0.00,NA,NA,0.00,NA,NA,NA,NA,NA,NA,NA,NA,NA,NA,NA,NA,NA,NA,NA,NA
2021-06-15 21:00:00,NA,NA,NA,NA,0.00,NA,NA,0.00,NA,NA,NA,NA,NA,NA,NA,NA,NA,NA,NA,NA,NA,NA,NA,NA
2021-06-15 22:00:00,NA,94.09,5.79,10.38,6.44,NA,5.92,0.05,NA,NA,NA,NA,NA,NA,NA,NA,NA,NA,NA,NA,NA,NA,NA,NA
2021-06-15 23:00:00,NA,68.54,9.05,15.26,33.91,NA,5.95,0.18,NA,NA,NA,NA,NA,NA,NA,NA,NA,NA,NA,NA,NA,NA,NA,NA
2021-06-16 00:00:00,NA,43.06,8.96,14.69,33.25,NA,6.10,0.06,NA,NA,NA,NA,NA,NA,NA,NA,NA,NA,NA,NA,NA,NA,NA,NA
2021-06-16 01:00:00,NA,36.17,8.57,14.79,32.97,NA,5.97,NA,NA,NA,NA,NA,NA,NA,NA,NA,NA,NA,NA,NA,NA,NA,NA,NA
2021-06-16 02:00:00,NA,28.58,12.42,18.22,40.24,NA,6.00,NA,NA,NA,NA,NA,NA,NA,NA,NA,NA,NA,NA,NA,NA,NA,NA,NA
2021-06-16 03:00:00,NA,18.47,9.82,16.31,35.72,NA,6.05,NA,NA,NA,NA,NA,NA,NA,NA,NA,NA,NA,NA,NA,NA,NA,NA,NA
2021-06-16 04:00:00,NA,20.75,10.16,14.80,34.56,NA,6.07,NA,NA,NA,NA,NA,NA,NA,NA,NA,NA,NA,NA,NA,NA,NA,NA,NA
2021-06-16 05:00:00,NA,25.58,9.18,15.44,34.22,NA,6.07,0.04,NA,NA,NA,NA,NA,NA,NA,NA,NA,NA,NA,NA,NA,NA,NA,NA
2021-06-16 06:00:00,NA,29.58,9.23,15.20,34.02,NA,5.92,0.31,NA,NA,NA,NA,NA,NA,NA,NA,NA,NA,NA,NA,NA,NA,NA,NA
2021-06-16 07:00:00,NA,42.07,10.70,15.80,27.28,NA,6.17,0.32,NA,NA,NA,NA,NA,NA,NA,NA,NA,NA,NA,NA,NA,NA,NA,NA
2021-06-16 08:00:00,NA,NA,NA,NA,0.00,NA,NA,0.00,NA,NA,NA,NA,NA,NA,NA,NA,NA,NA,NA,NA,NA,NA,NA,NA
2021-06-16 09:00:00,NA,NA,NA,NA,0.00,NA,NA,0.00,NA,NA,NA,NA,NA,NA,NA,NA,NA,NA,NA,NA,NA,NA,NA,NA
2021-06-16 10:00:00,NA,55.86,8.97,15.53,25.72,NA,6.02,0.59,NA,NA,NA,NA,NA,NA,NA,NA,NA,NA,NA,NA,NA,NA,NA,NA
2021-06-16 11:00:00,NA,46.96,9.28,14.13,33.01,NA,6.14,0.70,NA,NA,NA,NA,NA,NA,NA,NA,NA,NA,NA,NA,NA,NA,NA,NA
2021-06-16 12:00:00,NA,39.78,1.56,11.65,21.51,NA,6.02,0.52,NA,NA,NA,NA,NA,NA,NA,NA,NA,NA,NA,NA,NA,NA,NA,NA
2021-06-16 13:00:00,NA,52.13,13.92,29.00,52.44,NA,5.97,1.91,NA,NA,NA,NA,NA,NA,NA,NA,NA,NA,NA,NA,NA,NA,NA,NA
2021-06-16 14:00:00,NA,40.28,11.03,23.40,25.32,NA,5.98,1.07,NA,NA,NA,NA,NA,NA,NA,NA,NA,NA,NA,NA,NA,NA,NA,NA
2021-06-16 15:00:00,NA,56.37,12.20,4.18,20.32,NA,6.00,1.06,NA,NA,NA,NA,NA,NA,NA,NA,NA,NA,NA,NA,NA,NA,NA,NA
2021-06-16 16:00:00,NA,48.44,9.64,4.90,10.57,NA,6.08,0.40,NA,NA,NA,NA,NA,NA,NA,NA,NA,NA,NA,NA,NA,NA,NA,NA
2021-06-16 17:00:00,NA,NA,NA,NA,0.00,NA,NA,0.00,NA,NA,NA,NA,NA,NA,NA,NA,NA,NA,NA,NA,NA,NA,NA,NA
2021-06-16 18:00:00,NA,NA,NA,NA,0.00,NA,NA,0.00,NA,NA,NA,NA,NA,NA,NA,NA,NA,NA,NA,NA,NA,NA,NA,NA
2021-06-16 19:00:00,NA,NA,NA,NA,0.00,NA,NA,0.00,NA,NA,NA,NA,NA,NA,NA,NA,NA,NA,NA,NA,NA,NA,NA,NA
2021-06-16 20:00:00,NA,NA,NA,NA,0.00,NA,NA,0.00,NA,NA,NA,NA,NA,NA,NA,NA,NA,NA,NA,NA,NA,NA,NA,NA
2021-06-16 21:00:00,NA,NA,NA,NA,0.00,NA,NA,0.00,NA,NA,NA,NA,NA,NA,NA,NA,NA,NA,NA,NA,NA,NA,NA,NA
2021-06-16 22:00:00,NA,NA,NA,NA,0.00,NA,NA,0.00,NA,NA,NA,NA,NA,NA,NA,NA,NA,NA,NA,NA,NA,NA,NA,NA
2021-06-16 23:00:00,NA,NA,NA,NA,0.00,NA,NA,0.00,NA,NA,NA,NA,NA,NA,NA,NA,NA,NA,NA,NA,NA,NA,NA,NA
2021-06-17 00:00:00,NA,NA,NA,NA,NA,NA,NA,NA,NA,NA,NA,NA,NA,NA,NA,NA,NA,NA,NA,NA,NA,NA,NA,NA
2021-06-17 01:00:00,NA,NA,NA,NA,NA,NA,NA,NA,NA,NA,NA,NA,NA,NA,NA,NA,NA,NA,NA,NA,NA,NA,NA,NA
2021-06-17 02:00:00,NA,NA,NA,NA,NA,NA,NA,NA,NA,NA,NA,NA,NA,NA,NA,NA,NA,NA,NA,NA,NA,NA,NA,NA
2021-06-17 03:00:00,NA,NA,NA,NA,NA,NA,NA,NA,NA,NA,NA,NA,NA,NA,NA,NA,NA,NA,NA,NA,NA,NA,NA,NA
2021-06-17 04:00:00,NA,NA,NA,NA,NA,NA,NA,NA,NA,NA,NA,NA,NA,NA,NA,NA,NA,NA,NA,NA,NA,NA,NA,NA
2021-06-17 05:00:00,NA,NA,NA,NA,NA,NA,NA,NA,NA,NA,NA,NA,NA,NA,NA,NA,NA,NA,NA,NA,NA,NA,NA,NA
2021-06-17 06:00:00,NA,NA,NA,NA,NA,NA,NA,NA,NA,NA,NA,NA,NA,NA,NA,NA,NA,NA,NA,NA,NA,NA,NA,NA
2021-06-17 07:00:00,NA,42.24,12.66,10.72,NA,NA,5.97,1.90,NA,NA,NA,NA,NA,NA,NA,NA,NA,NA,NA,NA,NA,NA,NA,NA
2021-06-17 08:00:00,NA,45.62,10.21,8.64,23.41,NA,5.97,1.93,NA,NA,NA,NA,NA,NA,NA,NA,NA,NA,NA,NA,NA,NA,NA,NA
2021-06-17 09:00:00,NA,60.42,10.66,9.34,23.60,NA,6.10,1.85,NA,NA,NA,NA,NA,NA,NA,NA,NA,NA,NA,NA,NA,NA,NA,NA
2021-06-17 10:00:00,NA,61.46,10.61,9.68,23.89,NA,6.03,1.72,NA,NA,NA,NA,NA,NA,NA,NA,NA,NA,NA,NA,NA,NA,NA,NA
2021-06-17 11:00:00,NA,49.41,12.32,10.65,26.58,NA,6.11,1.70,NA,NA,NA,NA,NA,NA,NA,NA,NA,NA,NA,NA,NA,NA,NA,NA
2021-06-17 12:00:00,NA,62.26,10.01,8.84,22.45,NA,5.93,1.83,NA,NA,NA,NA,NA,NA,NA,NA,NA,NA,NA,NA,NA,NA,NA,NA
2021-06-17 13:00:00,NA,66.19,9.25,7.55,20.39,NA,5.87,1.27,NA,NA,NA,NA,NA,NA,NA,NA,NA,NA,NA,NA,NA,NA,NA,NA
2021-06-17 14:00:00,NA,52.62,10.90,9.31,23.82,NA,5.98,1.08,NA,NA,NA,NA,NA,NA,NA,NA,NA,NA,NA,NA,NA,NA,NA,NA
2021-06-17 15:00:00,NA,55.81,11.40,9.44,24.44,NA,6.07,1.23,NA,NA,NA,NA,NA,NA,NA,NA,NA,NA,NA,NA,NA,NA,NA,NA
2021-06-17 16:00:00,NA,71.54,10.94,10.05,24.60,NA,6.02,0.87,NA,NA,NA,NA,NA,NA,NA,NA,NA,NA,NA,NA,NA,NA,NA,NA
2021-06-17 17:00:00,NA,64.34,11.54,10.42,25.56,NA,5.98,1.16,NA,NA,NA,NA,NA,NA,NA,NA,NA,NA,NA,NA,NA,NA,NA,NA
2021-06-17 18:00:00,NA,59.22,11.43,9.84,24.87,NA,5.94,1.40,NA,NA,NA,NA,NA,NA,NA,NA,NA,NA,NA,NA,NA,NA,NA,NA
2021-06-17 19:00:00,NA,72.88,10.78,9.23,23.61,NA,6.02,1.80,NA,NA,NA,NA,NA,NA,NA,NA,NA,NA,NA,NA,NA,NA,NA,NA
2021-06-17 20:00:00,NA,64.06,10.47,9.15,23.22,NA,5.90,1.56,NA,NA,NA,NA,NA,NA,NA,NA,NA,NA,NA,NA,NA,NA,NA,NA
2021-06-17 21:00:00,NA,55.28,12.02,9.88,25.51,NA,5.94,1.45,NA,NA,NA,NA,NA,NA,NA,NA,NA,NA,NA,NA,NA,NA,NA,NA
2021-06-17 22:00:00,NA,64.82,10.30,8.53,22.43,NA,6.08,1.41,NA,NA,NA,NA,NA,NA,NA,NA,NA,NA,NA,NA,NA,NA,NA,NA
2021-06-17 23:00:00,NA,65.48,11.82,11.03,26.46,NA,6.02,1.03,NA,NA,NA,NA,NA,NA,NA,NA,NA,NA,NA,NA,NA,NA,NA,NA
2021-06-18 00:00:00,NA,57.66,11.91,10.25,25.76,NA,6.04,0.94,NA,NA,NA,NA,NA,NA,NA,NA,NA,NA,NA,NA,NA,NA,NA,NA
2021-06-18 01:00:00,NA,41.02,12.46,11.77,27.83,NA,6.17,0.82,NA,NA,NA,NA,NA,NA,NA,NA,NA,NA,NA,NA,NA,NA,NA,NA
2021-06-18 02:00:00,NA,39.03,10.48,8.82,22.89,NA,5.97,0.68,NA,NA,NA,NA,NA,NA,NA,NA,NA,NA,NA,NA,NA,NA,NA,NA
2021-06-18 03:00:00,NA,39.21,10.70,9.75,24.05,NA,5.97,0.59,NA,NA,NA,NA,NA,NA,NA,NA,NA,NA,NA,NA,NA,NA,NA,NA
2021-06-18 04:00:00,NA,42.52,11.30,9.71,24.60,NA,6.01,0.66,NA,NA,NA,NA,NA,NA,NA,NA,NA,NA,NA,NA,NA,NA,NA,NA
2021-06-18 05:00:00,NA,45.40,10.72,8.88,23.20,NA,5.90,1.03,NA,NA,NA,NA,NA,NA,NA,NA,NA,NA,NA,NA,NA,NA,NA,NA
2021-06-18 06:00:00,NA,47.83,12.76,11.77,28.13,NA,5.98,1.15,NA,NA,NA,NA,NA,NA,NA,NA,NA,NA,NA,NA,NA,NA,NA,NA
2021-06-18 07:00:00,NA,43.90,10.36,9.91,23.86,NA,6.07,1.25,NA,NA,NA,NA,NA,NA,NA,NA,NA,NA,NA,NA,NA,NA,NA,NA
2021-06-18 08:00:00,NA,29.59,10.26,8.68,22.54,NA,5.98,1.52,NA,NA,NA,NA,NA,NA,NA,NA,NA,NA,NA,NA,NA,NA,NA,NA
2021-06-18 09:00:00,NA,48.88,12.30,12.12,28.03,NA,5.97,1.48,NA,NA,NA,NA,NA,NA,NA,NA,NA,NA,NA,NA,NA,NA,NA,NA
2021-06-18 10:00:00,NA,77.25,10.93,17.83,30.30,NA,6.11,1.52,NA,NA,NA,NA,NA,NA,NA,NA,NA,NA,NA,NA,NA,NA,NA,NA
2021-06-18 11:00:00,NA,81.71,12.13,23.65,35.78,NA,6.04,1.54,NA,NA,NA,NA,NA,NA,NA,NA,NA,NA,NA,NA,NA,NA,NA,NA
2021-06-18 12:00:00,NA,85.76,10.61,21.29,31.90,NA,5.94,1.08,NA,NA,NA,NA,NA,NA,NA,NA,NA,NA,NA,NA,NA,NA,NA,NA
2021-06-18 13:00:00,NA,86.31,12.44,24.45,36.89,NA,5.99,1.23,NA,NA,NA,NA,NA,NA,NA,NA,NA,NA,NA,NA,NA,NA,NA,NA
2021-06-18 14:00:00,NA,90.27,10.98,23.06,34.04,NA,6.02,1.46,NA,NA,NA,NA,NA,NA,NA,NA,NA,NA,NA,NA,NA,NA,NA,NA
2021-06-18 15:00:00,NA,99.26,12.44,26.06,38.50,NA,5.97,1.83,NA,NA,NA,NA,NA,NA,NA,NA,NA,NA,NA,NA,NA,NA,NA,NA
2021-06-18 16:00:00,NA,90.22,11.99,24.12,36.11,NA,5.93,0.48,NA,NA,NA,NA,NA,NA,NA,NA,NA,NA,NA,NA,NA,NA,NA,NA
2021-06-18 17:00:00,NA,70.09,10.04,21.47,31.47,NA,6.07,0.56,NA,NA,NA,NA,NA,NA,NA,NA,NA,NA,NA,NA,NA,NA,NA,NA
2021-06-18 18:00:00,NA,86.82,10.46,21.58,32.04,NA,5.95,0.58,NA,NA,NA,NA,NA,NA,NA,NA,NA,NA,NA,NA,NA,NA,NA,NA
2021-06-18 19:00:00,NA,102.93,11.02,22.99,34.02,NA,5.87,0.54,NA,NA,NA,NA,NA,NA,NA,NA,NA,NA,NA,NA,NA,NA,NA,NA
2021-06-18 20:00:00,NA,80.11,11.61,22.89,34.50,NA,5.88,0.17,NA,NA,NA,NA,NA,NA,NA,NA,NA,NA,NA,NA,NA,NA,NA,NA
2021-06-18 21:00:00,NA,82.88,12.00,22.88,34.89,NA,6.10,0.04,NA,NA,NA,NA,NA,NA,NA,NA,NA,NA,NA,NA,NA,NA,NA,NA
2021-06-18 22:00:00,NA,80.37,10.80,23.20,34.00,NA,5.99,0.04,NA,NA,NA,NA,NA,NA,NA,NA,NA,NA,NA,NA,NA,NA,NA,NA
2021-06-18 23:00:00,NA,63.11,12.23,23.89,36.12,NA,6.03,NA,NA,NA,NA,NA,NA,NA,NA,NA,NA,NA,NA,NA,NA,NA,NA,NA
2021-06-19 00:00:00,NA,59.62,10.16,21.60,31.76,NA,6.01,NA,NA,NA,NA,NA,NA,NA,NA,NA,NA,NA,NA,NA,NA,NA,NA,NA
2021-06-19 01:00:00,NA,39.40,10.87,22.36,33.24,NA,6.03,NA,NA,NA,NA,NA,NA,NA,NA,NA,NA,NA,NA,NA,NA,NA,NA,NA
2021-06-19 02:00:00,NA,38.11,11.31,23.38,34.69,NA,5.97,NA,NA,NA,NA,NA,NA,NA,NA,NA,NA,NA,NA,NA,NA,NA,NA,NA
2021-06-19 03:00:00,NA,39.16,11.13,22.45,33.58,NA,5.86,NA,NA,NA,NA,NA,NA,NA,NA,NA,NA,NA,NA,NA,NA,NA,NA,NA
2021-06-19 04:00:00,NA,33.80,12.00,23.28,35.28,NA,5.92,NA,NA,NA,NA,NA,NA,NA,NA,NA,NA,NA,NA,NA,NA,NA,NA,NA
2021-06-19 05:00:00,NA,39.63,10.74,22.61,33.36,NA,5.99,0.76,NA,NA,NA,NA,NA,NA,NA,NA,NA,NA,NA,NA,NA,NA,NA,NA
2021-06-19 06:00:00,NA,41.07,9.90,21.19,31.09,NA,5.91,1.14,NA,NA,NA,NA,NA,NA,NA,NA,NA,NA,NA,NA,NA,NA,NA,NA
2021-06-19 07:00:00,NA,44.06,11.28,22.77,34.06,NA,5.94,1.19,NA,NA,NA,NA,NA,NA,NA,NA,NA,NA,NA,NA,NA,NA,NA,NA
2021-06-19 08:00:00,NA,42.88,15.57,28.03,43.60,NA,6.04,0.94,NA,NA,NA,NA,NA,NA,NA,NA,NA,NA,NA,NA,NA,NA,NA,NA
2021-06-19 09:00:00,NA,44.74,9.26,20.32,29.52,NA,6.00,1.02,NA,NA,NA,NA,NA,NA,NA,NA,NA,NA,NA,NA,NA,NA,NA,NA
2021-06-19 10:00:00,NA,71.54,12.15,24.50,36.65,NA,6.10,1.12,NA,NA,NA,NA,NA,NA,NA,NA,NA,NA,NA,NA,NA,NA,NA,NA
2021-06-19 11:00:00,NA,72.75,10.57,21.82,32.39,NA,6.05,0.92,NA,NA,NA,NA,NA,NA,NA,NA,NA,NA,NA,NA,NA,NA,NA,NA
2021-06-19 12:00:00,NA,68.31,11.11,22.82,33.92,NA,6.04,0.84,NA,NA,NA,NA,NA,NA,NA,NA,NA,NA,NA,NA,NA,NA,NA,NA
2021-06-19 13:00:00,NA,79.72,10.69,21.76,32.44,NA,5.95,0.64,NA,NA,NA,NA,NA,NA,NA,NA,NA,NA,NA,NA,NA,NA,NA,NA
2021-06-19 14:00:00,NA,105.98,11.51,22.85,34.36,NA,6.00,0.65,NA,NA,NA,NA,NA,NA,NA,NA,NA,NA,NA,NA,NA,NA,NA,NA
2021-06-19 15:00:00,NA,102.47,10.38,22.54,32.92,NA,5.96,0.29,NA,NA,NA,NA,NA,NA,NA,NA,NA,NA,NA,NA,NA,NA,NA,NA
2021-06-19 16:00:00,NA,89.67,10.02,21.59,31.61,NA,5.88,0.48,NA,NA,NA,NA,NA,NA,NA,NA,NA,NA,NA,NA,NA,NA,NA,NA
2021-06-19 17:00:00,NA,79.12,10.60,21.56,32.15,NA,5.95,0.33,NA,NA,NA,NA,NA,NA,NA,NA,NA,NA,NA,NA,NA,NA,NA,NA
2021-06-19 18:00:00,NA,74.03,11.30,22.44,33.73,NA,6.09,0.30,NA,NA,NA,NA,NA,NA,NA,NA,NA,NA,NA,NA,NA,NA,NA,NA
2021-06-19 19:00:00,NA,73.33,15.67,28.87,44.54,NA,5.94,0.12,NA,NA,NA,NA,NA,NA,NA,NA,NA,NA,NA,NA,NA,NA,NA,NA
2021-06-19 20:00:00,NA,74.17,10.01,21.69,31.68,NA,6.09,0.26,NA,NA,NA,NA,NA,NA,NA,NA,NA,NA,NA,NA,NA,NA,NA,NA
2021-06-19 21:00:00,NA,69.51,10.71,21.99,32.71,NA,6.08,0.52,NA,NA,NA,NA,NA,NA,NA,NA,NA,NA,NA,NA,NA,NA,NA,NA
2021-06-19 22:00:00,NA,76.06,10.20,21.20,31.39,NA,6.01,0.52,NA,NA,NA,NA,NA,NA,NA,NA,NA,NA,NA,NA,NA,NA,NA,NA
2021-06-19 23:00:00,NA,68.71,12.75,23.76,36.51,NA,6.05,0.24,NA,NA,NA,NA,NA,NA,NA,NA,NA,NA,NA,NA,NA,NA,NA,NA
2021-06-20 00:00:00,NA,55.26,11.28,22.39,33.67,NA,5.87,0.09,NA,NA,NA,NA,NA,NA,NA,NA,NA,NA,NA,NA,NA,NA,NA,NA
2021-06-20 01:00:00,NA,48.50,13.41,26.11,39.52,NA,5.96,NA,NA,NA,NA,NA,NA,NA,NA,NA,NA,NA,NA,NA,NA,NA,NA,NA
2021-06-20 02:00:00,NA,29.25,9.99,22.02,32.01,NA,6.07,NA,NA,NA,NA,NA,NA,NA,NA,NA,NA,NA,NA,NA,NA,NA,NA,NA
2021-06-20 03:00:00,NA,19.62,8.44,19.15,27.58,NA,5.98,NA,NA,NA,NA,NA,NA,NA,NA,NA,NA,NA,NA,NA,NA,NA,NA,NA
2021-06-20 04:00:00,NA,18.38,11.86,24.31,36.17,NA,6.02,NA,NA,NA,NA,NA,NA,NA,NA,NA,NA,NA,NA,NA,NA,NA,NA,NA
2021-06-20 05:00:00,NA,18.51,10.94,23.54,34.48,NA,5.92,0.64,NA,NA,NA,NA,NA,NA,NA,NA,NA,NA,NA,NA,NA,NA,NA,NA
2021-06-20 06:00:00,NA,14.26,11.39,22.24,33.63,NA,5.99,1.08,NA,NA,NA,NA,NA,NA,NA,NA,NA,NA,NA,NA,NA,NA,NA,NA
2021-06-20 07:00:00,NA,54.17,12.02,24.25,36.27,NA,6.06,1.34,NA,NA,NA,NA,NA,NA,NA,NA,NA,NA,NA,NA,NA,NA,NA,NA
2021-06-20 08:00:00,NA,115.64,10.36,21.46,31.83,NA,6.02,1.04,NA,NA,NA,NA,NA,NA,NA,NA,NA,NA,NA,NA,NA,NA,NA,NA
2021-06-20 09:00:00,NA,112.29,11.76,22.86,34.62,NA,5.92,0.84,NA,NA,NA,NA,NA,NA,NA,NA,NA,NA,NA,NA,NA,NA,NA,NA
2021-06-20 10:00:00,NA,80.69,10.81,22.43,33.24,NA,5.97,0.66,NA,NA,NA,NA,NA,NA,NA,NA,NA,NA,NA,NA,NA,NA,NA,NA
2021-06-20 11:00:00,NA,65.04,12.35,23.87,36.23,NA,6.08,0.55,NA,NA,NA,NA,NA,NA,NA,NA,NA,NA,NA,NA,NA,NA,NA,NA
2021-06-20 12:00:00,NA,59.78,10.97,22.24,33.22,NA,6.16,0.52,NA,NA,NA,NA,NA,NA,NA,NA,NA,NA,NA,NA,NA,NA,NA,NA
2021-06-20 13:00:00,NA,65.95,10.61,22.64,33.25,NA,5.98,0.48,NA,NA,NA,NA,NA,NA,NA,NA,NA,NA,NA,NA,NA,NA,NA,NA
2021-06-20 14:00:00,NA,63.86,11.41,22.38,33.79,NA,5.97,0.45,NA,NA,NA,NA,NA,NA,NA,NA,NA,NA,NA,NA,NA,NA,NA,NA
2021-06-20 15:00:00,NA,53.72,10.23,21.20,31.43,NA,5.95,0.48,NA,NA,NA,NA,NA,NA,NA,NA,NA,NA,NA,NA,NA,NA,NA,NA
2021-06-20 16:00:00,NA,61.88,16.78,31.14,47.93,NA,5.98,0.02,NA,NA,NA,NA,NA,NA,NA,NA,NA,NA,NA,NA,NA,NA,NA,NA
2021-06-20 17:00:00,NA,58.98,8.75,18.59,27.02,NA,6.01,0.18,NA,NA,NA,NA,NA,NA,NA,NA,NA,NA,NA,NA,NA,NA,NA,NA
2021-06-20 18:00:00,NA,54.94,10.60,22.70,30.68,NA,6.20,0.32,NA,NA,NA,NA,NA,NA,NA,NA,NA,NA,NA,NA,NA,NA,NA,NA
2021-06-20 19:00:00,NA,51.97,10.59,21.24,31.83,NA,5.92,0.30,NA,NA,NA,NA,NA,NA,NA,NA,NA,NA,NA,NA,NA,NA,NA,NA
2021-06-20 20:00:00,NA,57.95,10.41,21.46,31.87,NA,6.08,0.43,NA,NA,NA,NA,NA,NA,NA,NA,NA,NA,NA,NA,NA,NA,NA,NA
2021-06-20 21:00:00,NA,66.72,12.58,25.43,38.02,NA,5.95,0.46,NA,NA,NA,NA,NA,NA,NA,NA,NA,NA,NA,NA,NA,NA,NA,NA
2021-06-20 22:00:00,NA,54.01,11.08,22.56,33.64,NA,5.85,0.40,NA,NA,NA,NA,NA,NA,NA,NA,NA,NA,NA,NA,NA,NA,NA,NA
2021-06-20 23:00:00,NA,46.48,10.71,21.40,32.11,NA,5.92,0.21,NA,NA,NA,NA,NA,NA,NA,NA,NA,NA,NA,NA,NA,NA,NA,NA
2021-06-21 00:00:00,NA,46.44,10.46,22.18,32.63,NA,6.05,0.19,NA,NA,NA,NA,NA,NA,NA,NA,NA,NA,NA,NA,NA,NA,NA,NA
2021-06-21 01:00:00,NA,51.45,10.74,21.44,32.19,NA,6.04,0.05,NA,NA,NA,NA,NA,NA,NA,NA,NA,NA,NA,NA,NA,NA,NA,NA
2021-06-21 02:00:00,NA,53.33,11.46,23.69,35.15,NA,6.05,0.02,NA,NA,NA,NA,NA,NA,NA,NA,NA,NA,NA,NA,NA,NA,NA,NA
2021-06-21 03:00:00,NA,41.13,11.03,22.76,33.79,NA,5.92,0.02,NA,NA,NA,NA,NA,NA,NA,NA,NA,NA,NA,NA,NA,NA,NA,NA
2021-06-21 04:00:00,NA,26.85,10.89,22.02,32.91,NA,6.03,0.04,NA,NA,NA,NA,NA,NA,NA,NA,NA,NA,NA,NA,NA,NA,NA,NA
2021-06-21 05:00:00,NA,18.42,11.22,22.42,33.63,NA,5.90,0.60,NA,NA,NA,NA,NA,NA,NA,NA,NA,NA,NA,NA,NA,NA,NA,NA
2021-06-21 06:00:00,NA,26.62,11.64,23.27,34.92,NA,6.13,0.94,NA,NA,NA,NA,NA,NA,NA,NA,NA,NA,NA,NA,NA,NA,NA,NA
2021-06-21 07:00:00,NA,49.24,11.10,22.82,33.93,NA,6.02,0.98,NA,NA,NA,NA,NA,NA,NA,NA,NA,NA,NA,NA,NA,NA,NA,NA
2021-06-21 08:00:00,NA,53.36,11.04,22.65,33.69,NA,6.01,0.86,NA,NA,NA,NA,NA,NA,NA,NA,NA,NA,NA,NA,NA,NA,NA,NA
2021-06-21 09:00:00,NA,44.68,12.46,24.62,37.07,NA,6.09,0.80,NA,NA,NA,NA,NA,NA,NA,NA,NA,NA,NA,NA,NA,NA,NA,NA
2021-06-21 10:00:00,NA,70.27,12.27,24.87,37.14,NA,5.98,0.76,NA,NA,NA,NA,NA,NA,NA,NA,NA,NA,NA,NA,NA,NA,NA,NA
2021-06-21 11:00:00,NA,81.59,10.18,21.68,31.86,NA,5.85,0.51,NA,NA,NA,NA,NA,NA,NA,NA,NA,NA,NA,NA,NA,NA,NA,NA
2021-06-21 12:00:00,NA,57.96,11.00,22.36,33.37,NA,6.00,0.40,NA,NA,NA,NA,NA,NA,NA,NA,NA,NA,NA,NA,NA,NA,NA,NA
2021-06-21 13:00:00,NA,53.98,12.74,24.22,36.87,NA,5.96,0.15,NA,NA,NA,NA,NA,NA,NA,NA,NA,NA,NA,NA,NA,NA,NA,NA
2021-06-21 14:00:00,NA,75.79,9.18,19.55,28.72,NA,6.05,0.12,NA,NA,NA,NA,NA,NA,NA,NA,NA,NA,NA,NA,NA,NA,NA,NA
2021-06-21 15:00:00,NA,87.72,12.84,24.62,37.47,NA,5.96,0.20,NA,NA,NA,NA,NA,NA,NA,NA,NA,NA,NA,NA,NA,NA,NA,NA
2021-06-21 16:00:00,NA,48.86,9.27,20.70,29.96,NA,5.82,0.19,NA,NA,NA,NA,NA,NA,NA,NA,NA,NA,NA,NA,NA,NA,NA,NA
2021-06-21 17:00:00,NA,41.14,11.80,23.19,34.99,NA,6.04,0.11,NA,NA,NA,NA,NA,NA,NA,NA,NA,NA,NA,NA,NA,NA,NA,NA
2021-06-21 18:00:00,NA,75.63,9.81,20.35,30.15,NA,5.96,0.36,NA,NA,NA,NA,NA,NA,NA,NA,NA,NA,NA,NA,NA,NA,NA,NA
2021-06-21 19:00:00,NA,86.51,11.01,22.86,33.86,NA,5.90,0.80,NA,NA,NA,NA,NA,NA,NA,NA,NA,NA,NA,NA,NA,NA,NA,NA
2021-06-21 20:00:00,NA,48.26,10.42,22.02,32.43,NA,5.98,0.70,NA,NA,NA,NA,NA,NA,NA,NA,NA,NA,NA,NA,NA,NA,NA,NA
2021-06-21 21:00:00,NA,29.13,10.23,21.24,31.26,NA,6.10,0.51,NA,NA,NA,NA,NA,NA,NA,NA,NA,NA,NA,NA,NA,NA,NA,NA
2021-06-21 22:00:00,NA,19.56,10.64,22.17,32.81,NA,5.96,0.48,NA,NA,NA,NA,NA,NA,NA,NA,NA,NA,NA,NA,NA,NA,NA,NA
2021-06-21 23:00:00,NA,14.94,10.24,21.03,31.28,NA,5.98,0.34,NA,NA,NA,NA,NA,NA,NA,NA,NA,NA,NA,NA,NA,NA,NA,NA
2021-06-22 00:00:00,NA,38.84,11.08,22.65,33.73,NA,5.85,0.20,NA,NA,NA,NA,NA,NA,NA,NA,NA,NA,NA,NA,NA,NA,NA,NA
2021-06-22 01:00:00,NA,56.67,10.17,20.70,30.86,NA,6.01,0.13,NA,NA,NA,NA,NA,NA,NA,NA,NA,NA,NA,NA,NA,NA,NA,NA
2021-06-22 02:00:00,NA,33.33,12.49,24.04,36.52,NA,6.01,0.08,NA,NA,NA,NA,NA,NA,NA,NA,NA,NA,NA,NA,NA,NA,NA,NA
2021-06-22 03:00:00,NA,21.66,10.80,22.93,33.73,NA,6.04,0.04,NA,NA,NA,NA,NA,NA,NA,NA,NA,NA,NA,NA,NA,NA,NA,NA
2021-06-22 04:00:00,NA,15.83,10.38,21.39,31.77,NA,6.11,0.13,NA,NA,NA,NA,NA,NA,NA,NA,NA,NA,NA,NA,NA,NA,NA,NA
2021-06-22 05:00:00,NA,12.92,12.18,24.06,36.23,NA,5.89,0.57,NA,NA,NA,NA,NA,NA,NA,NA,NA,NA,NA,NA,NA,NA,NA,NA
2021-06-22 06:00:00,NA,44.33,11.33,23.35,34.68,NA,6.03,0.71,NA,NA,NA,NA,NA,NA,NA,NA,NA,NA,NA,NA,NA,NA,NA,NA
2021-06-22 07:00:00,NA,66.88,10.22,23.09,33.31,NA,6.04,0.80,NA,NA,NA,NA,NA,NA,NA,NA,NA,NA,NA,NA,NA,NA,NA,NA
2021-06-22 08:00:00,NA,38.44,10.89,22.43,33.32,NA,5.94,0.67,NA,NA,NA,NA,NA,NA,NA,NA,NA,NA,NA,NA,NA,NA,NA,NA
2021-06-22 09:00:00,NA,24.22,10.55,22.78,33.33,NA,6.04,0.71,NA,NA,NA,NA,NA,NA,NA,NA,NA,NA,NA,NA,NA,NA,NA,NA
2021-06-22 10:00:00,NA,17.11,10.10,21.16,31.24,NA,5.91,0.82,NA,NA,NA,NA,NA,NA,NA,NA,NA,NA,NA,NA,NA,NA,NA,NA
2021-06-22 11:00:00,NA,33.62,10.43,21.11,31.54,NA,6.07,1.24,NA,NA,NA,NA,NA,NA,NA,NA,NA,NA,NA,NA,NA,NA,NA,NA
2021-06-22 12:00:00,NA,35.00,16.49,30.36,46.85,NA,5.92,0.64,NA,NA,NA,NA,NA,NA,NA,NA,NA,NA,NA,NA,NA,NA,NA,NA
2021-06-22 13:00:00,NA,38.89,11.53,22.23,33.42,NA,6.04,0.48,NA,NA,NA,NA,NA,NA,NA,NA,NA,NA,NA,NA,NA,NA,NA,NA
2021-06-22 14:00:00,NA,251.07,9.59,20.28,29.87,NA,5.96,1.30,NA,NA,NA,NA,NA,NA,NA,NA,NA,NA,NA,NA,NA,NA,NA,NA
2021-06-22 15:00:00,NA,281.27,10.26,20.97,31.22,NA,6.10,1.29,NA,NA,NA,NA,NA,NA,NA,NA,NA,NA,NA,NA,NA,NA,NA,NA
2021-06-22 16:00:00,NA,225.42,10.46,22.17,32.64,NA,6.12,1.24,NA,NA,NA,NA,NA,NA,NA,NA,NA,NA,NA,NA,NA,NA,NA,NA
2021-06-22 17:00:00,NA,160.78,10.98,22.29,33.26,NA,5.78,1.29,NA,NA,NA,NA,NA,NA,NA,NA,NA,NA,NA,NA,NA,NA,NA,NA
2021-06-22 18:00:00,NA,136.51,11.50,23.13,34.64,NA,8.62,1.36,NA,NA,NA,NA,NA,NA,NA,NA,NA,NA,NA,NA,NA,NA,NA,NA
2021-06-22 19:00:00,NA,145.75,11.16,22.48,33.63,NA,8.52,1.52,NA,NA,NA,NA,NA,NA,NA,NA,NA,NA,NA,NA,NA,NA,NA,NA
2021-06-22 20:00:00,NA,135.89,11.01,22.89,33.90,NA,8.29,1.82,NA,NA,NA,NA,NA,NA,NA,NA,NA,NA,NA,NA,NA,NA,NA,NA
2021-06-22 21:00:00,NA,131.76,10.61,23.03,33.64,NA,8.14,1.75,NA,NA,NA,NA,NA,NA,NA,NA,NA,NA,NA,NA,NA,NA,NA,NA
2021-06-22 22:00:00,NA,142.37,10.78,22.61,33.39,NA,8.26,1.74,NA,NA,NA,NA,NA,NA,NA,NA,NA,NA,NA,NA,NA,NA,NA,NA
2021-06-22 23:00:00,NA,109.76,11.99,22.73,34.72,NA,9.17,1.52,NA,NA,NA,NA,NA,NA,NA,NA,NA,NA,NA,NA,NA,NA,NA,NA
2021-06-23 00:00:00,NA,100.04,10.35,21.82,32.18,NA,9.05,1.30,NA,NA,NA,NA,NA,NA,NA,NA,NA,NA,NA,NA,NA,NA,NA,NA
2021-06-23 01:00:00,NA,90.06,10.82,21.30,32.12,NA,9.10,1.30,NA,NA,NA,NA,NA,NA,NA,NA,NA,NA,NA,NA,NA,NA,NA,NA
2021-06-23 02:00:00,NA,89.88,11.96,22.46,34.42,NA,8.98,1.25,NA,NA,NA,NA,NA,NA,NA,NA,NA,NA,NA,NA,NA,NA,NA,NA
2021-06-23 03:00:00,NA,95.04,11.68,22.98,34.66,NA,8.96,1.27,NA,NA,NA,NA,NA,NA,NA,NA,NA,NA,NA,NA,NA,NA,NA,NA
2021-06-23 04:00:00,NA,84.56,11.46,24.40,35.85,NA,10.50,1.32,NA,NA,NA,NA,NA,NA,NA,NA,NA,NA,NA,NA,NA,NA,NA,NA
2021-06-23 05:00:00,NA,85.42,11.23,23.06,34.29,NA,10.64,1.32,NA,NA,NA,NA,NA,NA,NA,NA,NA,NA,NA,NA,NA,NA,NA,NA
2021-06-23 06:00:00,NA,101.89,10.65,22.20,32.84,NA,10.67,1.41,NA,NA,NA,NA,NA,NA,NA,NA,NA,NA,NA,NA,NA,NA,NA,NA
2021-06-23 07:00:00,NA,82.24,11.68,24.14,35.82,NA,10.66,1.47,NA,NA,NA,NA,NA,NA,NA,NA,NA,NA,NA,NA,NA,NA,NA,NA
2021-06-23 08:00:00,NA,89.17,11.73,23.44,35.17,NA,10.60,1.48,NA,NA,NA,NA,NA,NA,NA,NA,NA,NA,NA,NA,NA,NA,NA,NA
2021-06-23 09:00:00,NA,87.04,9.57,21.02,30.60,NA,9.19,1.38,NA,NA,NA,NA,NA,NA,NA,NA,NA,NA,NA,NA,NA,NA,NA,NA
2021-06-23 10:00:00,NA,84.57,11.80,23.90,35.70,NA,9.16,1.30,NA,NA,NA,NA,NA,NA,NA,NA,NA,NA,NA,NA,NA,NA,NA,NA
2021-06-23 11:00:00,NA,91.90,10.63,22.40,33.03,NA,9.26,1.32,NA,NA,NA,NA,NA,NA,NA,NA,NA,NA,NA,NA,NA,NA,NA,NA
2021-06-23 12:00:00,NA,98.13,10.08,21.20,31.27,NA,9.20,1.27,NA,NA,NA,NA,NA,NA,NA,NA,NA,NA,NA,NA,NA,NA,NA,NA
2021-06-23 13:00:00,NA,98.61,12.31,23.36,35.68,NA,9.05,1.29,NA,NA,NA,NA,NA,NA,NA,NA,NA,NA,NA,NA,NA,NA,NA,NA
2021-06-23 14:00:00,NA,80.70,10.72,22.64,33.36,NA,10.21,1.54,NA,NA,NA,NA,NA,NA,NA,NA,NA,NA,NA,NA,NA,NA,NA,NA
2021-06-23 15:00:00,NA,83.97,10.69,22.27,32.96,NA,10.41,1.58,NA,NA,NA,NA,NA,NA,NA,NA,NA,NA,NA,NA,NA,NA,NA,NA
2021-06-23 16:00:00,NA,101.84,11.23,21.88,33.11,NA,10.25,1.39,NA,NA,NA,NA,NA,NA,NA,NA,NA,NA,NA,NA,NA,NA,NA,NA
2021-06-23 17:00:00,NA,108.06,10.62,22.20,32.83,NA,10.23,1.33,NA,NA,NA,NA,NA,NA,NA,NA,NA,NA,NA,NA,NA,NA,NA,NA
2021-06-23 18:00:00,NA,136.06,10.71,22.12,32.83,NA,10.28,1.40,NA,NA,NA,NA,NA,NA,NA,NA,NA,NA,NA,NA,NA,NA,NA,NA
2021-06-23 19:00:00,NA,118.31,10.93,22.18,33.11,NA,10.67,1.60,NA,NA,NA,NA,NA,NA,NA,NA,NA,NA,NA,NA,NA,NA,NA,NA
2021-06-23 20:00:00,NA,113.50,11.22,22.90,34.13,NA,11.01,1.52,NA,NA,NA,NA,NA,NA,NA,NA,NA,NA,NA,NA,NA,NA,NA,NA
2021-06-23 21:00:00,NA,112.55,10.94,23.12,34.06,NA,11.21,1.68,NA,NA,NA,NA,NA,NA,NA,NA,NA,NA,NA,NA,NA,NA,NA,NA
2021-06-23 22:00:00,NA,83.65,11.32,22.82,34.15,NA,11.34,1.78,NA,NA,NA,NA,NA,NA,NA,NA,NA,NA,NA,NA,NA,NA,NA,NA
2021-06-23 23:00:00,NA,55.53,11.15,23.16,34.30,NA,11.44,1.56,NA,NA,NA,NA,NA,NA,NA,NA,NA,NA,NA,NA,NA,NA,NA,NA
2021-06-24 00:00:00,NA,45.43,10.07,20.85,30.92,NA,9.78,1.30,NA,NA,NA,NA,NA,NA,NA,NA,NA,NA,NA,NA,NA,NA,NA,NA
2021-06-24 01:00:00,NA,37.98,9.46,19.87,29.33,NA,9.62,1.19,NA,NA,NA,NA,NA,NA,NA,NA,NA,NA,NA,NA,NA,NA,NA,NA
2021-06-24 02:00:00,NA,68.89,10.28,21.92,32.19,NA,9.47,1.14,NA,NA,NA,NA,NA,NA,NA,NA,NA,NA,NA,NA,NA,NA,NA,NA
2021-06-24 03:00:00,NA,91.60,10.26,20.97,31.22,NA,9.51,1.15,NA,NA,NA,NA,NA,NA,NA,NA,NA,NA,NA,NA,NA,NA,NA,NA
2021-06-24 04:00:00,NA,82.87,9.95,21.44,31.40,NA,9.38,1.17,NA,NA,NA,NA,NA,NA,NA,NA,NA,NA,NA,NA,NA,NA,NA,NA
2021-06-24 05:00:00,NA,80.42,11.59,23.18,34.78,NA,7.10,1.20,NA,NA,NA,NA,NA,NA,NA,NA,NA,NA,NA,NA,NA,NA,NA,NA
2021-06-24 06:00:00,NA,63.67,11.08,22.98,34.05,NA,7.18,1.44,NA,NA,NA,NA,NA,NA,NA,NA,NA,NA,NA,NA,NA,NA,NA,NA
2021-06-24 07:00:00,NA,68.18,10.47,22.06,32.53,NA,7.01,1.64,NA,NA,NA,NA,NA,NA,NA,NA,NA,NA,NA,NA,NA,NA,NA,NA
2021-06-24 08:00:00,NA,59.90,12.49,24.50,36.92,NA,7.18,1.23,NA,NA,NA,NA,NA,NA,NA,NA,NA,NA,NA,NA,NA,NA,NA,NA
2021-06-24 09:00:00,NA,58.45,9.79,20.54,30.33,NA,7.18,1.48,NA,NA,NA,NA,NA,NA,NA,NA,NA,NA,NA,NA,NA,NA,NA,NA
2021-06-24 10:00:00,NA,55.94,7.72,18.05,25.76,NA,10.46,1.32,NA,NA,NA,NA,NA,NA,NA,NA,NA,NA,NA,NA,NA,NA,NA,NA
2021-06-24 11:00:00,NA,43.56,12.04,23.37,35.40,NA,10.58,1.10,NA,NA,NA,NA,NA,NA,NA,NA,NA,NA,NA,NA,NA,NA,NA,NA
2021-06-24 12:00:00,NA,34.28,13.14,26.00,39.14,NA,10.56,0.75,NA,NA,NA,NA,NA,NA,NA,NA,NA,NA,NA,NA,NA,NA,NA,NA
2021-06-24 13:00:00,NA,164.04,16.37,30.97,47.34,NA,10.54,0.48,NA,NA,NA,NA,NA,NA,NA,NA,NA,NA,NA,NA,NA,NA,NA,NA
2021-06-24 14:00:00,NA,75.54,11.22,22.50,26.31,NA,10.44,0.28,NA,NA,NA,NA,NA,NA,NA,NA,NA,NA,NA,NA,NA,NA,NA,NA
2021-06-24 15:00:00,NA,58.64,11.04,22.44,33.47,NA,7.59,0.30,NA,NA,NA,NA,NA,NA,NA,NA,NA,NA,NA,NA,NA,NA,NA,NA
2021-06-24 16:00:00,NA,80.99,15.45,29.25,44.70,NA,7.63,0.35,NA,NA,NA,NA,NA,NA,NA,NA,NA,NA,NA,NA,NA,NA,NA,NA
2021-06-24 17:00:00,NA,103.40,11.08,22.32,33.07,NA,7.98,0.54,NA,NA,NA,NA,NA,NA,NA,NA,NA,NA,NA,NA,NA,NA,NA,NA
2021-06-24 18:00:00,NA,147.57,8.77,18.88,27.46,NA,8.18,2.31,NA,NA,NA,NA,NA,NA,NA,NA,NA,NA,NA,NA,NA,NA,NA,NA
2021-06-24 19:00:00,NA,164.89,10.40,20.90,31.31,NA,8.10,2.02,NA,NA,NA,NA,NA,NA,NA,NA,NA,NA,NA,NA,NA,NA,NA,NA
2021-06-24 20:00:00,NA,120.56,10.23,21.66,31.90,NA,10.06,1.35,NA,NA,NA,NA,NA,NA,NA,NA,NA,NA,NA,NA,NA,NA,NA,NA
2021-06-24 21:00:00,NA,69.22,10.72,22.46,33.18,NA,9.96,1.24,NA,NA,NA,NA,NA,NA,NA,NA,NA,NA,NA,NA,NA,NA,NA,NA
2021-06-24 22:00:00,NA,42.11,11.26,22.68,33.95,NA,9.95,1.12,NA,NA,NA,NA,NA,NA,NA,NA,NA,NA,NA,NA,NA,NA,NA,NA
2021-06-24 23:00:00,NA,28.56,11.77,23.26,35.03,NA,9.91,0.99,NA,NA,NA,NA,NA,NA,NA,NA,NA,NA,NA,NA,NA,NA,NA,NA
2021-06-25 00:00:00,NA,21.78,10.10,20.98,31.08,NA,9.78,0.90,NA,NA,NA,NA,NA,NA,NA,NA,NA,NA,NA,NA,NA,NA,NA,NA
2021-06-25 01:00:00,NA,27.41,10.38,21.32,31.71,NA,8.02,0.84,NA,NA,NA,NA,NA,NA,NA,NA,NA,NA,NA,NA,NA,NA,NA,NA
2021-06-25 02:00:00,NA,167.80,10.48,21.82,32.30,NA,7.94,0.83,NA,NA,NA,NA,NA,NA,NA,NA,NA,NA,NA,NA,NA,NA,NA,NA
2021-06-25 03:00:00,NA,167.72,12.48,24.50,36.97,NA,7.78,0.85,NA,NA,NA,NA,NA,NA,NA,NA,NA,NA,NA,NA,NA,NA,NA,NA
2021-06-25 04:00:00,NA,126.36,11.63,23.29,34.92,NA,7.64,0.82,NA,NA,NA,NA,NA,NA,NA,NA,NA,NA,NA,NA,NA,NA,NA,NA
2021-06-25 05:00:00,NA,120.99,10.94,22.48,33.43,NA,7.70,1.30,NA,NA,NA,NA,NA,NA,NA,NA,NA,NA,NA,NA,NA,NA,NA,NA
2021-06-25 06:00:00,NA,85.70,11.70,23.84,35.54,NA,12.04,1.53,NA,NA,NA,NA,NA,NA,NA,NA,NA,NA,NA,NA,NA,NA,NA,NA
2021-06-25 07:00:00,NA,87.12,10.62,21.69,32.31,NA,12.14,1.56,NA,NA,NA,NA,NA,NA,NA,NA,NA,NA,NA,NA,NA,NA,NA,NA
2021-06-25 08:00:00,NA,70.72,11.63,23.22,34.85,NA,12.30,1.54,NA,NA,NA,NA,NA,NA,NA,NA,NA,NA,NA,NA,NA,NA,NA,NA
2021-06-25 09:00:00,NA,99.42,11.16,23.12,34.27,NA,12.17,1.53,NA,NA,NA,NA,NA,NA,NA,NA,NA,NA,NA,NA,NA,NA,NA,NA
2021-06-25 10:00:00,NA,87.67,10.26,21.17,31.44,NA,12.38,1.57,NA,NA,NA,NA,NA,NA,NA,NA,NA,NA,NA,NA,NA,NA,NA,NA
2021-06-25 11:00:00,NA,51.34,14.42,27.96,42.26,NA,9.52,1.24,NA,NA,NA,NA,NA,NA,NA,NA,NA,NA,NA,NA,NA,NA,NA,NA
2021-06-25 12:00:00,NA,80.59,10.76,21.31,32.07,NA,9.61,1.61,NA,NA,NA,NA,NA,NA,NA,NA,NA,NA,NA,NA,NA,NA,NA,NA
2021-06-25 13:00:00,NA,103.94,11.48,23.26,34.73,NA,9.63,1.61,NA,NA,NA,NA,NA,NA,NA,NA,NA,NA,NA,NA,NA,NA,NA,NA
2021-06-25 14:00:00,NA,179.68,9.63,20.72,30.34,NA,9.49,1.48,NA,NA,NA,NA,NA,NA,NA,NA,NA,NA,NA,NA,NA,NA,NA,NA
2021-06-25 15:00:00,NA,157.98,12.68,24.74,37.42,NA,9.41,1.50,NA,NA,NA,NA,NA,NA,NA,NA,NA,NA,NA,NA,NA,NA,NA,NA
2021-06-25 16:00:00,NA,92.74,12.24,24.15,36.39,NA,10.09,1.44,NA,NA,NA,NA,NA,NA,NA,NA,NA,NA,NA,NA,NA,NA,NA,NA
2021-06-25 17:00:00,NA,55.85,12.17,24.90,37.08,NA,10.30,1.41,NA,NA,NA,NA,NA,NA,NA,NA,NA,NA,NA,NA,NA,NA,NA,NA
2021-06-25 18:00:00,NA,35.47,22.62,39.52,62.14,NA,10.25,0.55,NA,NA,NA,NA,NA,NA,NA,NA,NA,NA,NA,NA,NA,NA,NA,NA
2021-06-25 19:00:00,NA,79.04,21.76,38.00,59.76,NA,10.19,0.00,NA,NA,NA,NA,NA,NA,NA,NA,NA,NA,NA,NA,NA,NA,NA,NA
2021-06-25 20:00:00,NA,185.09,312.25,431.07,0.00,NA,10.27,0.00,NA,NA,NA,NA,NA,NA,NA,NA,NA,NA,NA,NA,NA,NA,NA,NA
2021-06-25 21:00:00,NA,229.89,203.64,284.54,88.30,NA,11.86,0.20,NA,NA,NA,NA,NA,NA,NA,NA,NA,NA,NA,NA,NA,NA,NA,NA
2021-06-25 22:00:00,NA,160.73,8.06,17.87,25.80,NA,12.09,1.83,NA,NA,NA,NA,NA,NA,NA,NA,NA,NA,NA,NA,NA,NA,NA,NA
2021-06-25 23:00:00,NA,87.87,12.13,24.79,36.92,NA,12.00,1.60,NA,NA,NA,NA,NA,NA,NA,NA,NA,NA,NA,NA,NA,NA,NA,NA
2021-06-26 00:00:00,NA,51.44,10.09,21.60,31.70,NA,11.94,1.34,NA,NA,NA,NA,NA,NA,NA,NA,NA,NA,NA,NA,NA,NA,NA,NA
2021-06-26 01:00:00,NA,97.23,11.78,23.77,35.54,NA,11.88,1.24,NA,NA,NA,NA,NA,NA,NA,NA,NA,NA,NA,NA,NA,NA,NA,NA
2021-06-26 02:00:00,NA,91.88,10.72,22.74,33.47,NA,11.89,1.27,NA,NA,NA,NA,NA,NA,NA,NA,NA,NA,NA,NA,NA,NA,NA,NA
2021-06-26 03:00:00,NA,56.42,11.12,22.50,33.61,NA,12.07,1.26,NA,NA,NA,NA,NA,NA,NA,NA,NA,NA,NA,NA,NA,NA,NA,NA
2021-06-26 04:00:00,NA,39.39,10.26,21.04,31.30,NA,11.89,1.42,NA,NA,NA,NA,NA,NA,NA,NA,NA,NA,NA,NA,NA,NA,NA,NA
2021-06-26 05:00:00,NA,84.40,10.20,22.04,32.25,NA,11.84,1.45,NA,NA,NA,NA,NA,NA,NA,NA,NA,NA,NA,NA,NA,NA,NA,NA
2021-06-26 06:00:00,NA,79.82,10.84,22.49,33.33,NA,11.72,1.70,NA,NA,NA,NA,NA,NA,NA,NA,NA,NA,NA,NA,NA,NA,NA,NA
2021-06-26 07:00:00,NA,63.84,11.00,21.88,32.89,NA,10.18,1.83,NA,NA,NA,NA,NA,NA,NA,NA,NA,NA,NA,NA,NA,NA,NA,NA
2021-06-26 08:00:00,NA,48.27,9.68,20.62,30.30,NA,10.21,1.88,NA,NA,NA,NA,NA,NA,NA,NA,NA,NA,NA,NA,NA,NA,NA,NA
2021-06-26 09:00:00,NA,31.63,10.92,22.28,33.20,NA,10.16,1.80,NA,NA,NA,NA,NA,NA,NA,NA,NA,NA,NA,NA,NA,NA,NA,NA
2021-06-26 10:00:00,NA,23.33,12.48,23.91,36.39,NA,10.16,1.63,NA,NA,NA,NA,NA,NA,NA,NA,NA,NA,NA,NA,NA,NA,NA,NA
2021-06-26 11:00:00,NA,19.16,11.42,23.00,34.41,NA,10.07,1.56,NA,NA,NA,NA,NA,NA,NA,NA,NA,NA,NA,NA,NA,NA,NA,NA
2021-06-26 12:00:00,NA,21.16,10.41,21.44,31.85,NA,10.60,1.62,NA,NA,NA,NA,NA,NA,NA,NA,NA,NA,NA,NA,NA,NA,NA,NA
2021-06-26 13:00:00,NA,63.49,9.99,21.34,31.34,NA,10.60,1.64,NA,NA,NA,NA,NA,NA,NA,NA,NA,NA,NA,NA,NA,NA,NA,NA
2021-06-26 14:00:00,NA,63.05,11.06,23.32,34.37,NA,10.60,1.65,NA,NA,NA,NA,NA,NA,NA,NA,NA,NA,NA,NA,NA,NA,NA,NA
2021-06-26 15:00:00,NA,65.17,11.07,23.12,34.20,NA,10.43,1.67,NA,NA,NA,NA,NA,NA,NA,NA,NA,NA,NA,NA,NA,NA,NA,NA
2021-06-26 16:00:00,NA,61.84,10.22,21.90,32.12,NA,10.71,1.80,NA,NA,NA,NA,NA,NA,NA,NA,NA,NA,NA,NA,NA,NA,NA,NA
2021-06-26 17:00:00,NA,80.16,10.49,21.18,31.58,NA,10.22,1.98,NA,NA,NA,NA,NA,NA,NA,NA,NA,NA,NA,NA,NA,NA,NA,NA
2021-06-26 18:00:00,NA,97.32,12.42,25.09,37.51,NA,10.51,2.04,NA,NA,NA,NA,NA,NA,NA,NA,NA,NA,NA,NA,NA,NA,NA,NA
2021-06-26 19:00:00,NA,87.11,11.65,23.07,34.72,NA,10.70,1.84,NA,NA,NA,NA,NA,NA,NA,NA,NA,NA,NA,NA,NA,NA,NA,NA
2021-06-26 20:00:00,NA,68.96,10.98,23.29,34.27,NA,10.81,2.01,NA,NA,NA,NA,NA,NA,NA,NA,NA,NA,NA,NA,NA,NA,NA,NA
2021-06-26 21:00:00,NA,58.09,10.62,22.62,33.24,NA,10.80,2.15,NA,NA,NA,NA,NA,NA,NA,NA,NA,NA,NA,NA,NA,NA,NA,NA
2021-06-26 22:00:00,NA,43.57,11.41,24.17,35.58,NA,9.51,2.22,NA,NA,NA,NA,NA,NA,NA,NA,NA,NA,NA,NA,NA,NA,NA,NA
2021-06-26 23:00:00,NA,32.61,11.90,23.41,35.31,NA,9.56,2.04,NA,NA,NA,NA,NA,NA,NA,NA,NA,NA,NA,NA,NA,NA,NA,NA
2021-06-27 00:00:00,NA,25.25,9.77,21.44,31.14,NA,9.54,1.78,NA,NA,NA,NA,NA,NA,NA,NA,NA,NA,NA,NA,NA,NA,NA,NA
2021-06-27 01:00:00,NA,20.13,14.14,27.25,41.40,NA,9.49,1.52,NA,NA,NA,NA,NA,NA,NA,NA,NA,NA,NA,NA,NA,NA,NA,NA
2021-06-27 02:00:00,NA,17.56,8.80,19.30,27.97,NA,9.38,1.65,NA,NA,NA,NA,NA,NA,NA,NA,NA,NA,NA,NA,NA,NA,NA,NA
2021-06-27 03:00:00,NA,16.28,10.41,22.26,32.66,NA,8.20,1.55,NA,NA,NA,NA,NA,NA,NA,NA,NA,NA,NA,NA,NA,NA,NA,NA
2021-06-27 04:00:00,NA,15.64,12.50,24.62,37.12,NA,8.24,1.44,NA,NA,NA,NA,NA,NA,NA,NA,NA,NA,NA,NA,NA,NA,NA,NA
2021-06-27 05:00:00,NA,15.32,11.27,23.00,34.26,NA,8.12,1.58,NA,NA,NA,NA,NA,NA,NA,NA,NA,NA,NA,NA,NA,NA,NA,NA
2021-06-27 06:00:00,NA,15.15,9.33,20.83,30.16,NA,8.09,1.67,NA,NA,NA,NA,NA,NA,NA,NA,NA,NA,NA,NA,NA,NA,NA,NA
2021-06-27 07:00:00,NA,64.65,12.04,23.66,35.70,NA,8.08,1.62,NA,NA,NA,NA,NA,NA,NA,NA,NA,NA,NA,NA,NA,NA,NA,NA
2021-06-27 08:00:00,NA,68.75,11.02,23.01,34.03,NA,6.67,1.64,NA,NA,NA,NA,NA,NA,NA,NA,NA,NA,NA,NA,NA,NA,NA,NA
2021-06-27 09:00:00,NA,44.50,11.18,23.01,34.19,NA,6.52,1.59,NA,NA,NA,NA,NA,NA,NA,NA,NA,NA,NA,NA,NA,NA,NA,NA
2021-06-27 10:00:00,NA,58.85,11.09,22.98,34.06,NA,6.52,1.58,NA,NA,NA,NA,NA,NA,NA,NA,NA,NA,NA,NA,NA,NA,NA,NA
2021-06-27 11:00:00,NA,53.21,12.15,23.62,35.78,NA,6.49,1.44,NA,NA,NA,NA,NA,NA,NA,NA,NA,NA,NA,NA,NA,NA,NA,NA
2021-06-27 12:00:00,NA,57.08,11.52,23.04,34.56,NA,6.54,1.48,NA,NA,NA,NA,NA,NA,NA,NA,NA,NA,NA,NA,NA,NA,NA,NA
2021-06-27 13:00:00,NA,50.69,11.02,22.60,33.62,NA,9.11,1.44,NA,NA,NA,NA,NA,NA,NA,NA,NA,NA,NA,NA,NA,NA,NA,NA
2021-06-27 14:00:00,NA,35.38,9.94,20.29,30.23,NA,8.94,1.52,NA,NA,NA,NA,NA,NA,NA,NA,NA,NA,NA,NA,NA,NA,NA,NA
2021-06-27 15:00:00,NA,26.24,11.18,22.59,33.78,NA,9.02,1.44,NA,NA,NA,NA,NA,NA,NA,NA,NA,NA,NA,NA,NA,NA,NA,NA
2021-06-27 16:00:00,NA,22.61,13.31,26.15,39.45,NA,9.02,1.23,NA,NA,NA,NA,NA,NA,NA,NA,NA,NA,NA,NA,NA,NA,NA,NA
2021-06-27 17:00:00,NA,22.34,10.46,21.64,32.09,NA,9.00,1.54,NA,NA,NA,NA,NA,NA,NA,NA,NA,NA,NA,NA,NA,NA,NA,NA
2021-06-27 18:00:00,NA,30.21,11.14,22.72,33.86,NA,9.15,1.40,NA,NA,NA,NA,NA,NA,NA,NA,NA,NA,NA,NA,NA,NA,NA,NA
2021-06-27 19:00:00,NA,41.89,15.16,28.26,43.42,NA,9.18,1.38,NA,NA,NA,NA,NA,NA,NA,NA,NA,NA,NA,NA,NA,NA,NA,NA
2021-06-27 20:00:00,NA,35.89,8.15,18.98,26.96,NA,9.29,1.67,NA,NA,NA,NA,NA,NA,NA,NA,NA,NA,NA,NA,NA,NA,NA,NA
2021-06-27 21:00:00,NA,43.33,10.53,21.59,32.11,NA,9.20,1.66,NA,NA,NA,NA,NA,NA,NA,NA,NA,NA,NA,NA,NA,NA,NA,NA
2021-06-27 22:00:00,NA,69.63,11.66,23.15,34.81,NA,9.24,1.56,NA,NA,NA,NA,NA,NA,NA,NA,NA,NA,NA,NA,NA,NA,NA,NA
2021-06-27 23:00:00,NA,61.55,11.23,23.45,34.68,NA,10.69,1.52,NA,NA,NA,NA,NA,NA,NA,NA,NA,NA,NA,NA,NA,NA,NA,NA
2021-06-28 00:00:00,NA,54.19,11.95,23.15,35.10,NA,10.82,1.50,NA,NA,NA,NA,NA,NA,NA,NA,NA,NA,NA,NA,NA,NA,NA,NA
2021-06-28 01:00:00,NA,54.32,10.10,20.75,30.84,NA,10.72,1.48,NA,NA,NA,NA,NA,NA,NA,NA,NA,NA,NA,NA,NA,NA,NA,NA
2021-06-28 02:00:00,NA,49.00,11.12,22.33,33.46,NA,10.65,1.29,NA,NA,NA,NA,NA,NA,NA,NA,NA,NA,NA,NA,NA,NA,NA,NA
2021-06-28 03:00:00,NA,39.14,11.75,23.13,34.88,NA,10.62,1.31,NA,NA,NA,NA,NA,NA,NA,NA,NA,NA,NA,NA,NA,NA,NA,NA
2021-06-28 04:00:00,NA,33.44,10.50,22.06,32.57,NA,10.72,1.39,NA,NA,NA,NA,NA,NA,NA,NA,NA,NA,NA,NA,NA,NA,NA,NA
2021-06-28 05:00:00,NA,29.48,10.39,21.74,32.13,NA,10.82,1.18,NA,NA,NA,NA,NA,NA,NA,NA,NA,NA,NA,NA,NA,NA,NA,NA
2021-06-28 06:00:00,NA,58.33,9.74,20.72,30.46,NA,10.88,1.34,NA,NA,NA,NA,NA,NA,NA,NA,NA,NA,NA,NA,NA,NA,NA,NA
2021-06-28 07:00:00,NA,72.39,11.62,22.94,34.57,NA,10.87,1.60,NA,NA,NA,NA,NA,NA,NA,NA,NA,NA,NA,NA,NA,NA,NA,NA
2021-06-28 08:00:00,NA,65.22,11.47,23.24,34.71,NA,10.76,1.60,NA,NA,NA,NA,NA,NA,NA,NA,NA,NA,NA,NA,NA,NA,NA,NA
2021-06-28 09:00:00,NA,48.06,9.74,21.26,30.98,NA,10.82,1.50,NA,NA,NA,NA,NA,NA,NA,NA,NA,NA,NA,NA,NA,NA,NA,NA
2021-06-28 10:00:00,NA,71.78,9.74,20.60,30.34,NA,11.06,1.38,NA,NA,NA,NA,NA,NA,NA,NA,NA,NA,NA,NA,NA,NA,NA,NA
2021-06-28 11:00:00,NA,64.81,9.16,20.47,29.63,NA,9.08,1.52,NA,NA,NA,NA,NA,NA,NA,NA,NA,NA,NA,NA,NA,NA,NA,NA
2021-06-28 12:00:00,NA,51.80,12.95,24.51,9.36,NA,NA,0.32,NA,NA,NA,NA,NA,NA,NA,NA,NA,NA,NA,NA,NA,NA,NA,NA
2021-06-28 13:00:00,NA,15.03,5.93,15.61,10.75,NA,7.80,0.91,NA,NA,NA,NA,NA,NA,NA,NA,NA,NA,NA,NA,NA,NA,NA,NA
2021-06-28 14:00:00,NA,117.36,10.76,21.91,32.67,NA,3.68,1.56,NA,NA,NA,NA,NA,NA,NA,NA,NA,NA,NA,NA,NA,NA,NA,NA
2021-06-28 15:00:00,NA,136.45,10.94,22.90,33.84,NA,3.38,1.45,NA,NA,NA,NA,NA,NA,NA,NA,NA,NA,NA,NA,NA,NA,NA,NA
2021-06-28 16:00:00,NA,82.15,16.79,29.98,46.66,NA,3.43,0.91,NA,NA,NA,NA,NA,NA,NA,NA,NA,NA,NA,NA,NA,NA,NA,NA
2021-06-28 17:00:00,NA,69.68,6.95,16.77,23.54,NA,3.66,1.50,NA,NA,NA,NA,NA,NA,NA,NA,NA,NA,NA,NA,NA,NA,NA,NA
2021-06-28 18:00:00,NA,71.68,12.11,23.32,35.42,NA,3.61,1.60,NA,NA,NA,NA,NA,NA,NA,NA,NA,NA,NA,NA,NA,NA,NA,NA
2021-06-28 19:00:00,NA,48.53,11.20,23.00,34.20,NA,5.99,1.32,NA,NA,NA,NA,NA,NA,NA,NA,NA,NA,NA,NA,NA,NA,NA,NA
2021-06-28 20:00:00,NA,46.18,10.39,21.42,31.81,NA,6.30,1.49,NA,NA,NA,NA,NA,NA,NA,NA,NA,NA,NA,NA,NA,NA,NA,NA
2021-06-28 21:00:00,NA,35.15,11.72,22.95,34.67,NA,6.64,1.95,NA,NA,NA,NA,NA,NA,NA,NA,NA,NA,NA,NA,NA,NA,NA,NA
2021-06-28 22:00:00,NA,17.57,11.27,22.60,33.87,NA,6.56,2.45,NA,NA,NA,NA,NA,NA,NA,NA,NA,NA,NA,NA,NA,NA,NA,NA
2021-06-28 23:00:00,NA,8.78,10.54,21.12,31.66,NA,6.68,2.13,NA,NA,NA,NA,NA,NA,NA,NA,NA,NA,NA,NA,NA,NA,NA,NA
2021-06-29 00:00:00,NA,4.39,8.94,20.30,29.24,NA,5.96,1.36,NA,NA,NA,NA,NA,NA,NA,NA,NA,NA,NA,NA,NA,NA,NA,NA
2021-06-29 01:00:00,NA,95.13,11.67,24.08,35.75,NA,6.20,1.00,NA,NA,NA,NA,NA,NA,NA,NA,NA,NA,NA,NA,NA,NA,NA,NA
2021-06-29 02:00:00,NA,97.62,11.35,23.71,35.06,NA,6.25,0.92,NA,NA,NA,NA,NA,NA,NA,NA,NA,NA,NA,NA,NA,NA,NA,NA
2021-06-29 03:00:00,NA,48.80,11.97,23.58,35.55,NA,5.98,0.86,NA,NA,NA,NA,NA,NA,NA,NA,NA,NA,NA,NA,NA,NA,NA,NA
2021-06-29 04:00:00,NA,54.11,12.04,23.58,35.61,NA,5.84,0.82,NA,NA,NA,NA,NA,NA,NA,NA,NA,NA,NA,NA,NA,NA,NA,NA
2021-06-29 05:00:00,NA,76.20,11.78,23.55,35.33,NA,6.38,1.38,NA,NA,NA,NA,NA,NA,NA,NA,NA,NA,NA,NA,NA,NA,NA,NA
2021-06-29 06:00:00,NA,55.95,11.98,24.65,36.64,NA,6.41,1.30,NA,NA,NA,NA,NA,NA,NA,NA,NA,NA,NA,NA,NA,NA,NA,NA
2021-06-29 07:00:00,NA,27.97,11.37,23.80,35.08,NA,6.32,1.30,NA,NA,NA,NA,NA,NA,NA,NA,NA,NA,NA,NA,NA,NA,NA,NA
2021-06-29 08:00:00,NA,13.96,12.06,23.64,35.70,NA,6.42,1.37,NA,NA,NA,NA,NA,NA,NA,NA,NA,NA,NA,NA,NA,NA,NA,NA
2021-06-29 09:00:00,NA,6.99,11.46,23.57,35.04,NA,6.46,1.36,NA,NA,NA,NA,NA,NA,NA,NA,NA,NA,NA,NA,NA,NA,NA,NA
2021-06-29 10:00:00,NA,122.97,10.38,21.30,31.68,NA,8.59,1.49,NA,NA,NA,NA,NA,NA,NA,NA,NA,NA,NA,NA,NA,NA,NA,NA
2021-06-29 11:00:00,NA,125.82,12.18,23.71,35.88,NA,8.56,1.58,NA,NA,NA,NA,NA,NA,NA,NA,NA,NA,NA,NA,NA,NA,NA,NA
2021-06-29 12:00:00,NA,138.10,18.31,33.37,51.68,NA,8.67,1.06,NA,NA,NA,NA,NA,NA,NA,NA,NA,NA,NA,NA,NA,NA,NA,NA
2021-06-29 13:00:00,NA,127.24,12.57,24.95,37.37,NA,8.52,0.98,NA,NA,NA,NA,NA,NA,NA,NA,NA,NA,NA,NA,NA,NA,NA,NA
2021-06-29 14:00:00,NA,127.66,10.34,18.85,29.00,NA,8.50,1.17,NA,NA,NA,NA,NA,NA,NA,NA,NA,NA,NA,NA,NA,NA,NA,NA
2021-06-29 15:00:00,NA,121.37,12.82,25.16,37.88,NA,5.30,0.90,NA,NA,NA,NA,NA,NA,NA,NA,NA,NA,NA,NA,NA,NA,NA,NA
2021-06-29 16:00:00,NA,95.20,20.98,37.02,58.00,NA,5.01,0.41,NA,NA,NA,NA,NA,NA,NA,NA,NA,NA,NA,NA,NA,NA,NA,NA
2021-06-29 17:00:00,NA,63.86,12.00,23.16,35.05,NA,5.05,0.09,NA,NA,NA,NA,NA,NA,NA,NA,NA,NA,NA,NA,NA,NA,NA,NA
2021-06-29 18:00:00,NA,46.76,12.69,23.46,36.09,NA,5.02,1.00,NA,NA,NA,NA,NA,NA,NA,NA,NA,NA,NA,NA,NA,NA,NA,NA
2021-06-29 19:00:00,NA,57.89,7.84,17.70,25.32,NA,5.03,1.48,NA,NA,NA,NA,NA,NA,NA,NA,NA,NA,NA,NA,NA,NA,NA,NA
2021-06-29 20:00:00,NA,86.71,10.09,22.15,32.23,NA,7.33,1.67,NA,NA,NA,NA,NA,NA,NA,NA,NA,NA,NA,NA,NA,NA,NA,NA
2021-06-29 21:00:00,NA,85.54,11.32,22.78,34.09,NA,7.84,1.60,NA,NA,NA,NA,NA,NA,NA,NA,NA,NA,NA,NA,NA,NA,NA,NA
2021-06-29 22:00:00,NA,78.73,10.79,22.67,33.46,NA,7.64,1.28,NA,NA,NA,NA,NA,NA,NA,NA,NA,NA,NA,NA,NA,NA,NA,NA
2021-06-29 23:00:00,NA,60.22,11.86,23.53,35.40,NA,7.58,1.10,NA,NA,NA,NA,NA,NA,NA,NA,NA,NA,NA,NA,NA,NA,NA,NA
2021-06-30 00:00:00,NA,50.72,11.92,24.30,36.22,NA,7.71,0.94,NA,NA,NA,NA,NA,NA,NA,NA,NA,NA,NA,NA,NA,NA,NA,NA
2021-06-30 01:00:00,NA,58.32,9.60,20.00,29.60,NA,8.03,0.83,NA,NA,NA,NA,NA,NA,NA,NA,NA,NA,NA,NA,NA,NA,NA,NA
2021-06-30 02:00:00,NA,51.50,11.01,23.19,34.20,NA,7.68,0.78,NA,NA,NA,NA,NA,NA,NA,NA,NA,NA,NA,NA,NA,NA,NA,NA
2021-06-30 03:00:00,NA,34.48,11.52,23.32,34.84,NA,7.66,0.90,NA,NA,NA,NA,NA,NA,NA,NA,NA,NA,NA,NA,NA,NA,NA,NA
2021-06-30 04:00:00,NA,35.47,11.60,23.05,34.66,NA,7.71,0.84,NA,NA,NA,NA,NA,NA,NA,NA,NA,NA,NA,NA,NA,NA,NA,NA
2021-06-30 05:00:00,NA,39.08,10.30,22.08,32.38,NA,7.78,1.37,NA,NA,NA,NA,NA,NA,NA,NA,NA,NA,NA,NA,NA,NA,NA,NA
2021-06-30 06:00:00,NA,56.01,11.04,22.42,33.47,NA,4.72,1.84,NA,NA,NA,NA,NA,NA,NA,NA,NA,NA,NA,NA,NA,NA,NA,NA
2021-06-30 07:00:00,NA,56.97,11.58,23.36,34.93,NA,4.84,1.73,NA,NA,NA,NA,NA,NA,NA,NA,NA,NA,NA,NA,NA,NA,NA,NA
2021-06-30 08:00:00,NA,55.05,12.49,24.44,36.94,NA,4.82,1.55,NA,NA,NA,NA,NA,NA,NA,NA,NA,NA,NA,NA,NA,NA,NA,NA
2021-06-30 09:00:00,NA,38.42,11.55,23.37,34.92,NA,4.77,1.60,NA,NA,NA,NA,NA,NA,NA,NA,NA,NA,NA,NA,NA,NA,NA,NA
2021-06-30 10:00:00,NA,31.71,10.95,22.10,33.05,NA,4.75,1.56,NA,NA,NA,NA,NA,NA,NA,NA,NA,NA,NA,NA,NA,NA,NA,NA
2021-06-30 11:00:00,NA,53.21,12.37,23.77,36.14,NA,5.29,1.54,NA,NA,NA,NA,NA,NA,NA,NA,NA,NA,NA,NA,NA,NA,NA,NA
2021-06-30 12:00:00,NA,44.32,12.69,25.25,37.94,NA,5.16,1.39,NA,NA,NA,NA,NA,NA,NA,NA,NA,NA,NA,NA,NA,NA,NA,NA
2021-06-30 13:00:00,NA,41.62,10.41,21.14,31.54,NA,5.24,1.46,NA,NA,NA,NA,NA,NA,NA,NA,NA,NA,NA,NA,NA,NA,NA,NA
2021-06-30 14:00:00,NA,40.20,10.39,21.68,32.07,NA,5.29,1.37,NA,NA,NA,NA,NA,NA,NA,NA,NA,NA,NA,NA,NA,NA,NA,NA
2021-06-30 15:00:00,NA,37.85,15.18,28.80,43.98,NA,5.38,1.32,NA,NA,NA,NA,NA,NA,NA,NA,NA,NA,NA,NA,NA,NA,NA,NA
2021-06-30 16:00:00,NA,46.44,15.55,29.11,44.45,NA,6.24,0.64,NA,NA,NA,NA,NA,NA,NA,NA,NA,NA,NA,NA,NA,NA,NA,NA
2021-06-30 17:00:00,NA,65.08,15.03,29.10,44.00,NA,6.45,0.26,NA,NA,NA,NA,NA,NA,NA,NA,NA,NA,NA,NA,NA,NA,NA,NA
2021-06-30 18:00:00,NA,69.90,17.36,31.96,49.25,NA,6.60,0.02,NA,NA,NA,NA,NA,NA,NA,NA,NA,NA,NA,NA,NA,NA,NA,NA
2021-06-30 19:00:00,NA,71.46,4.91,10.47,15.01,NA,6.78,1.78,NA,NA,NA,NA,NA,NA,NA,NA,NA,NA,NA,NA,NA,NA,NA,NA
2021-06-30 20:00:00,NA,83.49,9.96,21.12,31.08,NA,6.76,1.96,NA,NA,NA,NA,NA,NA,NA,NA,NA,NA,NA,NA,NA,NA,NA,NA
2021-06-30 21:00:00,NA,69.28,11.62,23.98,35.59,NA,6.26,1.86,NA,NA,NA,NA,NA,NA,NA,NA,NA,NA,NA,NA,NA,NA,NA,NA
2021-06-30 22:00:00,NA,85.77,10.54,21.69,32.23,NA,6.26,1.75,NA,NA,NA,NA,NA,NA,NA,NA,NA,NA,NA,NA,NA,NA,NA,NA
2021-06-30 23:00:00,NA,70.53,11.23,22.80,34.03,NA,6.02,1.52,NA,NA,NA,NA,NA,NA,NA,NA,NA,NA,NA,NA,NA,NA,NA,NA
2021-07-01 00:00:00,NA,51.51,10.19,21.20,31.38,NA,6.18,1.20,NA,NA,NA,NA,NA,NA,NA,NA,NA,NA,NA,NA,NA,NA,NA,NA
2021-07-01 01:00:00,NA,66.64,11.35,22.52,33.86,NA,6.04,1.08,NA,NA,NA,NA,NA,NA,NA,NA,NA,NA,NA,NA,NA,NA,NA,NA
2021-07-01 02:00:00,NA,52.59,12.76,24.46,37.23,NA,4.58,1.05,NA,NA,NA,NA,NA,NA,NA,NA,NA,NA,NA,NA,NA,NA,NA,NA
2021-07-01 03:00:00,NA,29.96,11.16,23.18,34.34,NA,4.62,1.04,NA,NA,NA,NA,NA,NA,NA,NA,NA,NA,NA,NA,NA,NA,NA,NA
2021-07-01 04:00:00,NA,16.56,11.08,22.16,33.25,NA,4.59,1.09,NA,NA,NA,NA,NA,NA,NA,NA,NA,NA,NA,NA,NA,NA,NA,NA
2021-07-01 05:00:00,NA,15.55,10.43,22.19,32.62,NA,4.45,1.14,NA,NA,NA,NA,NA,NA,NA,NA,NA,NA,NA,NA,NA,NA,NA,NA
2021-07-01 06:00:00,NA,26.76,10.93,22.61,33.54,NA,4.59,1.38,NA,NA,NA,NA,NA,NA,NA,NA,NA,NA,NA,NA,NA,NA,NA,NA
2021-07-01 07:00:00,NA,24.10,11.92,22.66,34.58,NA,7.61,1.54,NA,NA,NA,NA,NA,NA,NA,NA,NA,NA,NA,NA,NA,NA,NA,NA
2021-07-01 08:00:00,NA,38.34,10.13,22.06,32.19,NA,7.66,1.42,NA,NA,NA,NA,NA,NA,NA,NA,NA,NA,NA,NA,NA,NA,NA,NA
2021-07-01 09:00:00,NA,48.90,10.60,21.98,32.58,NA,7.72,1.32,NA,NA,NA,NA,NA,NA,NA,NA,NA,NA,NA,NA,NA,NA,NA,NA
2021-07-01 10:00:00,NA,47.07,11.48,23.28,34.76,NA,7.69,1.38,NA,NA,NA,NA,NA,NA,NA,NA,NA,NA,NA,NA,NA,NA,NA,NA
2021-07-01 11:00:00,NA,46.40,12.14,23.99,36.13,NA,7.77,1.37,NA,NA,NA,NA,NA,NA,NA,NA,NA,NA,NA,NA,NA,NA,NA,NA
2021-07-01 12:00:00,NA,33.24,11.50,23.28,34.78,NA,4.52,1.29,NA,NA,NA,NA,NA,NA,NA,NA,NA,NA,NA,NA,NA,NA,NA,NA
2021-07-01 13:00:00,NA,31.69,11.34,23.08,34.42,NA,4.50,1.36,NA,NA,NA,NA,NA,NA,NA,NA,NA,NA,NA,NA,NA,NA,NA,NA
2021-07-01 14:00:00,NA,51.03,8.68,19.49,28.17,NA,4.58,1.40,NA,NA,NA,NA,NA,NA,NA,NA,NA,NA,NA,NA,NA,NA,NA,NA
2021-07-01 15:00:00,NA,79.72,10.82,23.14,33.96,NA,4.33,1.40,NA,NA,NA,NA,NA,NA,NA,NA,NA,NA,NA,NA,NA,NA,NA,NA
2021-07-01 16:00:00,NA,61.05,10.75,22.63,33.38,NA,4.44,1.65,NA,NA,NA,NA,NA,NA,NA,NA,NA,NA,NA,NA,NA,NA,NA,NA
2021-07-01 17:00:00,NA,79.67,10.49,22.08,32.54,NA,5.57,1.89,NA,NA,NA,NA,NA,NA,NA,NA,NA,NA,NA,NA,NA,NA,NA,NA
2021-07-01 18:00:00,NA,67.23,10.77,22.69,33.46,NA,5.84,1.89,NA,NA,NA,NA,NA,NA,NA,NA,NA,NA,NA,NA,NA,NA,NA,NA
2021-07-01 19:00:00,NA,37.68,9.60,20.60,30.20,NA,6.00,2.05,NA,NA,NA,NA,NA,NA,NA,NA,NA,NA,NA,NA,NA,NA,NA,NA
2021-07-01 20:00:00,NA,93.10,10.79,21.80,32.58,NA,6.01,2.01,NA,NA,NA,NA,NA,NA,NA,NA,NA,NA,NA,NA,NA,NA,NA,NA
2021-07-01 21:00:00,NA,114.56,11.86,23.23,35.09,NA,6.05,1.80,NA,NA,NA,NA,NA,NA,NA,NA,NA,NA,NA,NA,NA,NA,NA,NA
2021-07-01 22:00:00,NA,76.70,10.09,21.21,31.30,NA,7.09,1.61,NA,NA,NA,NA,NA,NA,NA,NA,NA,NA,NA,NA,NA,NA,NA,NA
2021-07-01 23:00:00,NA,59.98,9.57,22.17,31.74,NA,7.12,1.49,NA,NA,NA,NA,NA,NA,NA,NA,NA,NA,NA,NA,NA,NA,NA,NA
2021-07-02 00:00:00,NA,54.10,12.10,24.78,36.88,NA,6.80,1.23,NA,NA,NA,NA,NA,NA,NA,NA,NA,NA,NA,NA,NA,NA,NA,NA
2021-07-02 01:00:00,NA,69.04,11.26,22.62,33.88,NA,6.95,1.04,NA,NA,NA,NA,NA,NA,NA,NA,NA,NA,NA,NA,NA,NA,NA,NA
2021-07-02 02:00:00,NA,55.79,9.61,20.86,30.48,NA,6.68,0.98,NA,NA,NA,NA,NA,NA,NA,NA,NA,NA,NA,NA,NA,NA,NA,NA
2021-07-02 03:00:00,NA,32.02,11.04,22.87,33.90,NA,9.20,0.96,NA,NA,NA,NA,NA,NA,NA,NA,NA,NA,NA,NA,NA,NA,NA,NA
2021-07-02 04:00:00,NA,19.40,10.58,21.66,32.24,NA,9.24,1.00,NA,NA,NA,NA,NA,NA,NA,NA,NA,NA,NA,NA,NA,NA,NA,NA
2021-07-02 05:00:00,NA,10.70,10.41,22.58,32.99,NA,9.11,0.83,NA,NA,NA,NA,NA,NA,NA,NA,NA,NA,NA,NA,NA,NA,NA,NA
2021-07-02 06:00:00,NA,23.41,10.76,21.81,32.57,NA,9.20,0.93,NA,NA,NA,NA,NA,NA,NA,NA,NA,NA,NA,NA,NA,NA,NA,NA
2021-07-02 07:00:00,NA,26.71,11.22,23.30,34.53,NA,9.24,0.94,NA,NA,NA,NA,NA,NA,NA,NA,NA,NA,NA,NA,NA,NA,NA,NA
2021-07-02 08:00:00,NA,26.74,9.98,21.26,31.24,NA,8.55,1.00,NA,NA,NA,NA,NA,NA,NA,NA,NA,NA,NA,NA,NA,NA,NA,NA
2021-07-02 09:00:00,NA,40.48,9.81,20.52,30.33,NA,8.45,1.07,NA,NA,NA,NA,NA,NA,NA,NA,NA,NA,NA,NA,NA,NA,NA,NA
2021-07-02 10:00:00,NA,53.54,10.13,20.72,30.85,NA,8.40,0.99,NA,NA,NA,NA,NA,NA,NA,NA,NA,NA,NA,NA,NA,NA,NA,NA
2021-07-02 11:00:00,NA,45.60,11.30,23.23,34.53,NA,8.46,0.96,NA,NA,NA,NA,NA,NA,NA,NA,NA,NA,NA,NA,NA,NA,NA,NA
2021-07-02 12:00:00,NA,51.85,11.03,23.01,34.03,NA,8.52,0.98,NA,NA,NA,NA,NA,NA,NA,NA,NA,NA,NA,NA,NA,NA,NA,NA
2021-07-02 13:00:00,NA,54.12,11.26,23.40,34.66,NA,7.72,1.00,NA,NA,NA,NA,NA,NA,NA,NA,NA,NA,NA,NA,NA,NA,NA,NA
2021-07-02 14:00:00,NA,37.97,9.94,21.28,31.22,NA,7.79,0.97,NA,NA,NA,NA,NA,NA,NA,NA,NA,NA,NA,NA,NA,NA,NA,NA
2021-07-02 15:00:00,NA,26.62,12.32,24.72,37.04,NA,7.85,1.02,NA,NA,NA,NA,NA,NA,NA,NA,NA,NA,NA,NA,NA,NA,NA,NA
2021-07-02 16:00:00,NA,41.18,11.53,23.26,34.79,NA,8.03,1.28,NA,NA,NA,NA,NA,NA,NA,NA,NA,NA,NA,NA,NA,NA,NA,NA
2021-07-02 17:00:00,NA,49.20,12.05,23.93,35.98,NA,8.08,1.44,NA,NA,NA,NA,NA,NA,NA,NA,NA,NA,NA,NA,NA,NA,NA,NA
2021-07-02 18:00:00,NA,68.85,11.77,23.35,35.00,NA,2.16,1.82,NA,NA,NA,NA,NA,NA,NA,NA,NA,NA,NA,NA,NA,NA,NA,NA
2021-07-02 19:00:00,NA,55.79,10.77,22.14,32.90,NA,2.03,1.95,NA,NA,NA,NA,NA,NA,NA,NA,NA,NA,NA,NA,NA,NA,NA,NA
2021-07-02 20:00:00,NA,28.96,9.93,21.16,31.07,NA,2.02,1.64,NA,NA,NA,NA,NA,NA,NA,NA,NA,NA,NA,NA,NA,NA,NA,NA
2021-07-02 21:00:00,NA,80.04,11.67,23.43,35.10,NA,2.02,1.42,NA,NA,NA,NA,NA,NA,NA,NA,NA,NA,NA,NA,NA,NA,NA,NA
2021-07-02 22:00:00,NA,79.52,10.86,21.74,32.59,NA,2.01,1.14,NA,NA,NA,NA,NA,NA,NA,NA,NA,NA,NA,NA,NA,NA,NA,NA
2021-07-02 23:00:00,NA,43.07,12.53,25.33,37.86,NA,6.65,1.07,NA,NA,NA,NA,NA,NA,NA,NA,NA,NA,NA,NA,NA,NA,NA,NA
2021-07-03 00:00:00,NA,60.97,11.28,23.28,34.56,NA,6.70,0.88,NA,NA,NA,NA,NA,NA,NA,NA,NA,NA,NA,NA,NA,NA,NA,NA
2021-07-03 01:00:00,NA,62.54,12.32,24.34,36.65,NA,6.54,0.68,NA,NA,NA,NA,NA,NA,NA,NA,NA,NA,NA,NA,NA,NA,NA,NA
2021-07-03 02:00:00,NA,48.80,11.42,22.50,33.91,NA,6.58,0.58,NA,NA,NA,NA,NA,NA,NA,NA,NA,NA,NA,NA,NA,NA,NA,NA
2021-07-03 03:00:00,NA,46.78,10.64,22.05,32.69,NA,6.47,0.60,NA,NA,NA,NA,NA,NA,NA,NA,NA,NA,NA,NA,NA,NA,NA,NA
2021-07-03 04:00:00,NA,57.50,10.24,21.72,31.96,NA,7.19,0.70,NA,NA,NA,NA,NA,NA,NA,NA,NA,NA,NA,NA,NA,NA,NA,NA
2021-07-03 05:00:00,NA,53.23,11.78,23.76,35.54,NA,7.31,1.21,NA,NA,NA,NA,NA,NA,NA,NA,NA,NA,NA,NA,NA,NA,NA,NA
2021-07-03 06:00:00,NA,55.98,10.36,21.78,32.14,NA,7.46,1.55,NA,NA,NA,NA,NA,NA,NA,NA,NA,NA,NA,NA,NA,NA,NA,NA
2021-07-03 07:00:00,NA,59.82,10.78,22.18,32.96,NA,7.25,1.51,NA,NA,NA,NA,NA,NA,NA,NA,NA,NA,NA,NA,NA,NA,NA,NA
2021-07-03 08:00:00,NA,67.71,11.22,23.43,34.65,NA,7.36,1.52,NA,NA,NA,NA,NA,NA,NA,NA,NA,NA,NA,NA,NA,NA,NA,NA
2021-07-03 09:00:00,NA,63.13,10.96,23.87,34.83,NA,3.73,1.48,NA,NA,NA,NA,NA,NA,NA,NA,NA,NA,NA,NA,NA,NA,NA,NA
2021-07-03 10:00:00,NA,48.43,12.12,23.99,36.12,NA,3.58,1.52,NA,NA,NA,NA,NA,NA,NA,NA,NA,NA,NA,NA,NA,NA,NA,NA
2021-07-03 11:00:00,NA,38.09,10.48,21.79,32.27,NA,3.63,1.36,NA,NA,NA,NA,NA,NA,NA,NA,NA,NA,NA,NA,NA,NA,NA,NA
2021-07-03 12:00:00,NA,40.70,11.21,21.71,32.92,NA,3.42,1.32,NA,NA,NA,NA,NA,NA,NA,NA,NA,NA,NA,NA,NA,NA,NA,NA
2021-07-03 13:00:00,NA,51.50,10.70,22.83,33.52,NA,3.43,1.38,NA,NA,NA,NA,NA,NA,NA,NA,NA,NA,NA,NA,NA,NA,NA,NA
2021-07-03 14:00:00,NA,50.45,14.91,27.94,42.85,NA,6.98,1.34,NA,NA,NA,NA,NA,NA,NA,NA,NA,NA,NA,NA,NA,NA,NA,NA
2021-07-03 15:00:00,NA,51.88,8.82,18.69,27.47,NA,7.15,1.50,NA,NA,NA,NA,NA,NA,NA,NA,NA,NA,NA,NA,NA,NA,NA,NA
2021-07-03 16:00:00,NA,51.14,11.04,22.06,33.10,NA,7.04,1.42,NA,NA,NA,NA,NA,NA,NA,NA,NA,NA,NA,NA,NA,NA,NA,NA
2021-07-03 17:00:00,NA,50.22,12.15,24.36,36.52,NA,7.06,1.47,NA,NA,NA,NA,NA,NA,NA,NA,NA,NA,NA,NA,NA,NA,NA,NA
2021-07-03 18:00:00,NA,66.10,11.38,22.60,33.97,NA,7.24,1.57,NA,NA,NA,NA,NA,NA,NA,NA,NA,NA,NA,NA,NA,NA,NA,NA
2021-07-03 19:00:00,NA,61.05,11.82,24.37,36.20,NA,6.00,1.76,NA,NA,NA,NA,NA,NA,NA,NA,NA,NA,NA,NA,NA,NA,NA,NA
2021-07-03 20:00:00,NA,74.16,11.16,23.12,24.98,NA,6.00,1.44,NA,NA,NA,NA,NA,NA,NA,NA,NA,NA,NA,NA,NA,NA,NA,NA
2021-07-03 21:00:00,NA,NA,NA,NA,0.00,NA,NA,0.00,NA,NA,NA,NA,NA,NA,NA,NA,NA,NA,NA,NA,NA,NA,NA,NA
2021-07-03 22:00:00,NA,75.28,11.28,21.63,16.45,NA,9.56,0.46,NA,NA,NA,NA,NA,NA,NA,NA,NA,NA,NA,NA,NA,NA,NA,NA
2021-07-03 23:00:00,NA,36.65,11.58,22.72,34.30,NA,8.84,1.27,NA,NA,NA,NA,NA,NA,NA,NA,NA,NA,NA,NA,NA,NA,NA,NA
2021-07-04 00:00:00,NA,NA,16.27,29.92,23.10,NA,7.51,1.40,NA,NA,NA,NA,NA,NA,NA,NA,NA,NA,NA,NA,NA,NA,NA,NA
2021-07-04 01:00:00,NA,NA,10.54,21.88,32.42,NA,7.79,1.19,NA,NA,NA,NA,NA,NA,NA,NA,NA,NA,NA,NA,NA,NA,NA,NA
2021-07-04 02:00:00,NA,2.30,10.66,21.98,32.64,NA,7.99,1.12,NA,NA,NA,NA,NA,NA,NA,NA,NA,NA,NA,NA,NA,NA,NA,NA
2021-07-04 03:00:00,NA,17.24,10.58,21.52,32.10,NA,7.86,1.05,NA,NA,NA,NA,NA,NA,NA,NA,NA,NA,NA,NA,NA,NA,NA,NA
2021-07-04 04:00:00,NA,16.85,9.90,20.92,30.82,NA,7.72,1.15,NA,NA,NA,NA,NA,NA,NA,NA,NA,NA,NA,NA,NA,NA,NA,NA
2021-07-04 05:00:00,NA,12.05,11.31,22.30,33.61,NA,5.79,1.36,NA,NA,NA,NA,NA,NA,NA,NA,NA,NA,NA,NA,NA,NA,NA,NA
2021-07-04 06:00:00,NA,29.25,11.68,23.15,34.82,NA,5.60,1.56,NA,NA,NA,NA,NA,NA,NA,NA,NA,NA,NA,NA,NA,NA,NA,NA
2021-07-04 07:00:00,NA,28.72,9.68,20.24,29.92,NA,5.59,1.51,NA,NA,NA,NA,NA,NA,NA,NA,NA,NA,NA,NA,NA,NA,NA,NA
2021-07-04 08:00:00,NA,16.95,11.20,22.61,33.82,NA,5.65,1.54,NA,NA,NA,NA,NA,NA,NA,NA,NA,NA,NA,NA,NA,NA,NA,NA
2021-07-04 09:00:00,NA,9.09,8.94,19.37,28.27,NA,5.67,1.62,NA,NA,NA,NA,NA,NA,NA,NA,NA,NA,NA,NA,NA,NA,NA,NA
2021-07-04 10:00:00,NA,4.55,11.54,23.53,35.07,NA,6.78,1.53,NA,NA,NA,NA,NA,NA,NA,NA,NA,NA,NA,NA,NA,NA,NA,NA
2021-07-04 11:00:00,NA,51.43,10.54,21.76,32.31,NA,6.86,1.48,NA,NA,NA,NA,NA,NA,NA,NA,NA,NA,NA,NA,NA,NA,NA,NA
2021-07-04 12:00:00,NA,54.69,9.86,21.16,31.02,NA,6.84,1.47,NA,NA,NA,NA,NA,NA,NA,NA,NA,NA,NA,NA,NA,NA,NA,NA
2021-07-04 13:00:00,NA,33.97,11.23,21.84,33.06,NA,6.87,1.37,NA,NA,NA,NA,NA,NA,NA,NA,NA,NA,NA,NA,NA,NA,NA,NA
2021-07-04 14:00:00,NA,27.78,10.68,21.66,32.33,NA,6.88,1.30,NA,NA,NA,NA,NA,NA,NA,NA,NA,NA,NA,NA,NA,NA,NA,NA
2021-07-04 15:00:00,NA,23.20,11.80,24.17,17.99,NA,7.21,0.65,NA,NA,NA,NA,NA,NA,NA,NA,NA,NA,NA,NA,NA,NA,NA,NA
2021-07-04 16:00:00,NA,NA,NA,NA,0.00,NA,NA,0.00,NA,NA,NA,NA,NA,NA,NA,NA,NA,NA,NA,NA,NA,NA,NA,NA
2021-07-04 17:00:00,NA,NA,NA,NA,0.00,NA,NA,0.00,NA,NA,NA,NA,NA,NA,NA,NA,NA,NA,NA,NA,NA,NA,NA,NA
2021-07-04 18:00:00,NA,10.71,7.46,13.53,5.25,NA,NA,0.00,NA,NA,NA,NA,NA,NA,NA,NA,NA,NA,NA,NA,NA,NA,NA,NA
2021-07-04 19:00:00,NA,90.87,10.94,21.78,32.70,NA,6.46,1.52,NA,NA,NA,NA,NA,NA,NA,NA,NA,NA,NA,NA,NA,NA,NA,NA
2021-07-04 20:00:00,NA,24.29,15.10,26.63,20.87,NA,8.50,2.28,NA,NA,NA,NA,NA,NA,NA,NA,NA,NA,NA,NA,NA,NA,NA,NA
2021-07-04 21:00:00,NA,21.58,10.31,21.84,32.15,NA,8.91,1.81,NA,NA,NA,NA,NA,NA,NA,NA,NA,NA,NA,NA,NA,NA,NA,NA
2021-07-04 22:00:00,NA,18.37,10.63,20.85,31.48,NA,9.23,1.99,NA,NA,NA,NA,NA,NA,NA,NA,NA,NA,NA,NA,NA,NA,NA,NA
2021-07-04 23:00:00,NA,9.18,10.56,21.40,31.96,NA,9.28,1.69,NA,NA,NA,NA,NA,NA,NA,NA,NA,NA,NA,NA,NA,NA,NA,NA
2021-07-05 00:00:00,NA,7.29,10.35,20.95,31.30,NA,9.04,1.42,NA,NA,NA,NA,NA,NA,NA,NA,NA,NA,NA,NA,NA,NA,NA,NA
2021-07-05 01:00:00,NA,5.25,11.51,22.84,34.35,NA,7.71,1.20,NA,NA,NA,NA,NA,NA,NA,NA,NA,NA,NA,NA,NA,NA,NA,NA
2021-07-05 02:00:00,NA,NA,10.50,21.46,31.96,NA,7.62,1.16,NA,NA,NA,NA,NA,NA,NA,NA,NA,NA,NA,NA,NA,NA,NA,NA
2021-07-05 03:00:00,NA,1.74,12.53,24.00,36.52,NA,7.52,1.08,NA,NA,NA,NA,NA,NA,NA,NA,NA,NA,NA,NA,NA,NA,NA,NA
2021-07-05 04:00:00,NA,7.20,10.18,21.80,31.97,NA,7.64,1.33,NA,NA,NA,NA,NA,NA,NA,NA,NA,NA,NA,NA,NA,NA,NA,NA
2021-07-05 05:00:00,NA,9.90,11.40,22.31,33.71,NA,7.82,1.25,NA,NA,NA,NA,NA,NA,NA,NA,NA,NA,NA,NA,NA,NA,NA,NA
2021-07-05 06:00:00,NA,23.39,11.99,23.84,35.83,NA,7.88,1.42,NA,NA,NA,NA,NA,NA,NA,NA,NA,NA,NA,NA,NA,NA,NA,NA
2021-07-05 07:00:00,NA,22.34,10.74,21.91,32.65,NA,8.04,1.30,NA,NA,NA,NA,NA,NA,NA,NA,NA,NA,NA,NA,NA,NA,NA,NA
2021-07-05 08:00:00,NA,14.23,10.58,21.16,31.74,NA,8.06,1.29,NA,NA,NA,NA,NA,NA,NA,NA,NA,NA,NA,NA,NA,NA,NA,NA
2021-07-05 09:00:00,NA,10.27,10.84,21.75,32.60,NA,7.99,1.23,NA,NA,NA,NA,NA,NA,NA,NA,NA,NA,NA,NA,NA,NA,NA,NA
2021-07-05 10:00:00,NA,23.87,11.20,23.01,34.12,NA,7.88,1.30,NA,NA,NA,NA,NA,NA,NA,NA,NA,NA,NA,NA,NA,NA,NA,NA
2021-07-05 11:00:00,NA,31.78,14.46,27.18,41.64,NA,7.94,1.37,NA,NA,NA,NA,NA,NA,NA,NA,NA,NA,NA,NA,NA,NA,NA,NA
2021-07-05 12:00:00,NA,32.38,12.35,24.05,36.40,NA,7.32,0.92,NA,NA,NA,NA,NA,NA,NA,NA,NA,NA,NA,NA,NA,NA,NA,NA
2021-07-05 13:00:00,NA,27.78,9.99,21.36,31.35,NA,7.24,0.94,NA,NA,NA,NA,NA,NA,NA,NA,NA,NA,NA,NA,NA,NA,NA,NA
2021-07-05 14:00:00,NA,20.87,10.68,21.90,32.57,NA,7.16,0.79,NA,NA,NA,NA,NA,NA,NA,NA,NA,NA,NA,NA,NA,NA,NA,NA
2021-07-05 15:00:00,NA,17.97,12.54,24.20,36.74,NA,7.12,0.59,NA,NA,NA,NA,NA,NA,NA,NA,NA,NA,NA,NA,NA,NA,NA,NA
2021-07-05 16:00:00,NA,17.08,10.36,20.57,30.94,NA,3.10,0.52,NA,NA,NA,NA,NA,NA,NA,NA,NA,NA,NA,NA,NA,NA,NA,NA
2021-07-05 17:00:00,NA,28.87,11.23,22.56,33.47,NA,3.20,0.37,NA,NA,NA,NA,NA,NA,NA,NA,NA,NA,NA,NA,NA,NA,NA,NA
2021-07-05 18:00:00,NA,27.58,10.36,22.56,32.92,NA,3.10,0.70,NA,NA,NA,NA,NA,NA,NA,NA,NA,NA,NA,NA,NA,NA,NA,NA
2021-07-05 19:00:00,NA,18.76,10.71,21.92,32.60,NA,3.31,0.87,NA,NA,NA,NA,NA,NA,NA,NA,NA,NA,NA,NA,NA,NA,NA,NA
2021-07-05 20:00:00,NA,14.39,10.32,20.91,31.23,NA,3.40,1.27,NA,NA,NA,NA,NA,NA,NA,NA,NA,NA,NA,NA,NA,NA,NA,NA
2021-07-05 21:00:00,NA,64.54,12.36,23.99,36.35,NA,7.33,1.46,NA,NA,NA,NA,NA,NA,NA,NA,NA,NA,NA,NA,NA,NA,NA,NA
2021-07-05 22:00:00,NA,104.22,11.42,23.00,34.42,NA,7.48,1.57,NA,NA,NA,NA,NA,NA,NA,NA,NA,NA,NA,NA,NA,NA,NA,NA
2021-07-05 23:00:00,NA,78.14,9.95,21.17,31.12,NA,7.50,1.30,NA,NA,NA,NA,NA,NA,NA,NA,NA,NA,NA,NA,NA,NA,NA,NA
2021-07-06 00:00:00,NA,69.82,10.26,22.14,32.39,NA,7.46,1.02,NA,NA,NA,NA,NA,NA,NA,NA,NA,NA,NA,NA,NA,NA,NA,NA
2021-07-06 01:00:00,NA,58.51,10.57,21.04,31.61,NA,7.24,0.91,NA,NA,NA,NA,NA,NA,NA,NA,NA,NA,NA,NA,NA,NA,NA,NA
2021-07-06 02:00:00,NA,60.08,10.56,21.75,32.31,NA,8.00,0.82,NA,NA,NA,NA,NA,NA,NA,NA,NA,NA,NA,NA,NA,NA,NA,NA
2021-07-06 03:00:00,NA,48.38,11.19,22.60,33.79,NA,7.99,0.80,NA,NA,NA,NA,NA,NA,NA,NA,NA,NA,NA,NA,NA,NA,NA,NA
2021-07-06 04:00:00,NA,29.92,11.62,23.60,35.22,NA,7.93,0.86,NA,NA,NA,NA,NA,NA,NA,NA,NA,NA,NA,NA,NA,NA,NA,NA
2021-07-06 05:00:00,NA,20.16,12.11,24.26,36.36,NA,7.77,0.99,NA,NA,NA,NA,NA,NA,NA,NA,NA,NA,NA,NA,NA,NA,NA,NA
2021-07-06 06:00:00,NA,15.08,11.58,23.17,34.75,NA,7.87,1.07,NA,NA,NA,NA,NA,NA,NA,NA,NA,NA,NA,NA,NA,NA,NA,NA
2021-07-06 07:00:00,NA,23.79,11.23,23.16,34.39,NA,9.04,1.13,NA,NA,NA,NA,NA,NA,NA,NA,NA,NA,NA,NA,NA,NA,NA,NA
2021-07-06 08:00:00,NA,38.51,11.52,22.44,33.95,NA,9.34,1.17,NA,NA,NA,NA,NA,NA,NA,NA,NA,NA,NA,NA,NA,NA,NA,NA
2021-07-06 09:00:00,NA,33.00,10.22,21.38,31.59,NA,9.35,1.19,NA,NA,NA,NA,NA,NA,NA,NA,NA,NA,NA,NA,NA,NA,NA,NA
2021-07-06 10:00:00,NA,39.58,11.32,22.40,33.71,NA,9.43,1.21,NA,NA,NA,NA,NA,NA,NA,NA,NA,NA,NA,NA,NA,NA,NA,NA
2021-07-06 11:00:00,NA,34.77,10.80,22.39,33.18,NA,9.28,1.48,NA,NA,NA,NA,NA,NA,NA,NA,NA,NA,NA,NA,NA,NA,NA,NA
2021-07-06 12:00:00,NA,24.74,9.83,20.89,30.73,NA,7.60,1.41,NA,NA,NA,NA,NA,NA,NA,NA,NA,NA,NA,NA,NA,NA,NA,NA
2021-07-06 13:00:00,NA,57.12,12.31,23.97,36.28,NA,7.62,1.24,NA,NA,NA,NA,NA,NA,NA,NA,NA,NA,NA,NA,NA,NA,NA,NA
2021-07-06 14:00:00,NA,56.52,12.14,22.97,35.11,NA,7.85,1.18,NA,NA,NA,NA,NA,NA,NA,NA,NA,NA,NA,NA,NA,NA,NA,NA
2021-07-06 15:00:00,NA,36.68,10.46,21.82,32.28,NA,7.80,1.12,NA,NA,NA,NA,NA,NA,NA,NA,NA,NA,NA,NA,NA,NA,NA,NA
2021-07-06 16:00:00,NA,31.48,12.23,23.87,36.10,NA,7.78,1.12,NA,NA,NA,NA,NA,NA,NA,NA,NA,NA,NA,NA,NA,NA,NA,NA
2021-07-06 17:00:00,NA,49.29,12.49,24.30,36.79,NA,7.64,1.20,NA,NA,NA,NA,NA,NA,NA,NA,NA,NA,NA,NA,NA,NA,NA,NA
2021-07-06 18:00:00,NA,44.58,11.49,22.54,34.03,NA,7.68,1.42,NA,NA,NA,NA,NA,NA,NA,NA,NA,NA,NA,NA,NA,NA,NA,NA
2021-07-06 19:00:00,NA,46.96,11.24,22.66,33.90,NA,7.68,1.75,NA,NA,NA,NA,NA,NA,NA,NA,NA,NA,NA,NA,NA,NA,NA,NA
2021-07-06 20:00:00,NA,108.40,11.51,22.74,34.25,NA,8.08,2.53,NA,NA,NA,NA,NA,NA,NA,NA,NA,NA,NA,NA,NA,NA,NA,NA
2021-07-06 21:00:00,NA,113.05,9.94,21.43,31.36,NA,8.25,3.38,NA,NA,NA,NA,NA,NA,NA,NA,NA,NA,NA,NA,NA,NA,NA,NA
2021-07-06 22:00:00,NA,104.99,10.59,22.15,32.75,NA,5.02,3.38,NA,NA,NA,NA,NA,NA,NA,NA,NA,NA,NA,NA,NA,NA,NA,NA
2021-07-06 23:00:00,NA,99.99,10.78,22.40,33.18,NA,5.28,3.10,NA,NA,NA,NA,NA,NA,NA,NA,NA,NA,NA,NA,NA,NA,NA,NA
2021-07-07 00:00:00,NA,69.08,9.24,20.64,29.88,NA,5.33,1.96,NA,NA,NA,NA,NA,NA,NA,NA,NA,NA,NA,NA,NA,NA,NA,NA
2021-07-07 01:00:00,NA,42.45,11.27,24.14,35.40,NA,5.26,1.37,NA,NA,NA,NA,NA,NA,NA,NA,NA,NA,NA,NA,NA,NA,NA,NA
2021-07-07 02:00:00,NA,48.16,10.52,21.45,32.01,NA,5.34,1.01,NA,NA,NA,NA,NA,NA,NA,NA,NA,NA,NA,NA,NA,NA,NA,NA
2021-07-07 03:00:00,NA,40.21,11.61,23.57,35.18,NA,7.15,0.86,NA,NA,NA,NA,NA,NA,NA,NA,NA,NA,NA,NA,NA,NA,NA,NA
2021-07-07 04:00:00,NA,25.11,10.66,22.23,17.60,NA,7.06,0.65,NA,NA,NA,NA,NA,NA,NA,NA,NA,NA,NA,NA,NA,NA,NA,NA
2021-07-07 05:00:00,NA,NA,NA,NA,0.00,NA,NA,0.00,NA,NA,NA,NA,NA,NA,NA,NA,NA,NA,NA,NA,NA,NA,NA,NA
2021-07-07 06:00:00,NA,NA,NA,NA,0.00,NA,NA,0.00,NA,NA,NA,NA,NA,NA,NA,NA,NA,NA,NA,NA,NA,NA,NA,NA
2021-07-07 07:00:00,NA,NA,NA,NA,0.00,NA,NA,0.00,NA,NA,NA,NA,NA,NA,NA,NA,NA,NA,NA,NA,NA,NA,NA,NA
2021-07-07 08:00:00,NA,27.69,9.23,20.62,7.46,NA,7.69,0.30,NA,NA,NA,NA,NA,NA,NA,NA,NA,NA,NA,NA,NA,NA,NA,NA
2021-07-07 09:00:00,NA,22.06,13.12,25.28,38.40,NA,7.60,1.23,NA,NA,NA,NA,NA,NA,NA,NA,NA,NA,NA,NA,NA,NA,NA,NA
2021-07-07 10:00:00,NA,21.22,11.93,23.89,35.82,NA,7.48,1.12,NA,NA,NA,NA,NA,NA,NA,NA,NA,NA,NA,NA,NA,NA,NA,NA
2021-07-07 11:00:00,NA,36.28,16.18,30.52,46.70,NA,7.70,0.49,NA,NA,NA,NA,NA,NA,NA,NA,NA,NA,NA,NA,NA,NA,NA,NA
2021-07-07 12:00:00,NA,33.14,11.05,21.19,31.99,NA,7.72,0.54,NA,NA,NA,NA,NA,NA,NA,NA,NA,NA,NA,NA,NA,NA,NA,NA
2021-07-07 13:00:00,NA,75.87,13.93,27.56,41.49,NA,2.16,0.84,NA,NA,NA,NA,NA,NA,NA,NA,NA,NA,NA,NA,NA,NA,NA,NA
2021-07-07 14:00:00,NA,109.84,8.95,19.27,28.10,NA,2.00,1.08,NA,NA,NA,NA,NA,NA,NA,NA,NA,NA,NA,NA,NA,NA,NA,NA
2021-07-07 15:00:00,NA,109.39,11.63,24.15,35.78,NA,2.00,0.94,NA,NA,NA,NA,NA,NA,NA,NA,NA,NA,NA,NA,NA,NA,NA,NA
2021-07-07 16:00:00,NA,69.61,13.06,25.32,38.37,NA,2.00,0.80,NA,NA,NA,NA,NA,NA,NA,NA,NA,NA,NA,NA,NA,NA,NA,NA
2021-07-07 17:00:00,NA,46.74,14.30,27.41,41.58,NA,2.00,0.70,NA,NA,NA,NA,NA,NA,NA,NA,NA,NA,NA,NA,NA,NA,NA,NA
2021-07-07 18:00:00,NA,41.97,9.35,20.05,29.26,NA,5.60,1.58,NA,NA,NA,NA,NA,NA,NA,NA,NA,NA,NA,NA,NA,NA,NA,NA
2021-07-07 19:00:00,NA,136.19,10.66,22.48,33.14,NA,5.63,1.90,NA,NA,NA,NA,NA,NA,NA,NA,NA,NA,NA,NA,NA,NA,NA,NA
2021-07-07 20:00:00,NA,140.20,10.42,21.46,31.88,NA,5.54,2.04,NA,NA,NA,NA,NA,NA,NA,NA,NA,NA,NA,NA,NA,NA,NA,NA
2021-07-07 21:00:00,NA,88.46,11.66,23.76,35.42,NA,5.58,1.72,NA,NA,NA,NA,NA,NA,NA,NA,NA,NA,NA,NA,NA,NA,NA,NA
2021-07-07 22:00:00,NA,60.94,11.46,23.28,36.47,NA,5.74,1.48,NA,NA,NA,NA,NA,NA,NA,NA,NA,NA,NA,NA,NA,NA,NA,NA
2021-07-07 23:00:00,NA,88.37,11.27,22.72,33.99,NA,6.89,1.27,NA,NA,NA,NA,NA,NA,NA,NA,NA,NA,NA,NA,NA,NA,NA,NA
2021-07-08 00:00:00,NA,83.52,12.56,24.74,37.29,NA,7.05,0.99,NA,NA,NA,NA,NA,NA,NA,NA,NA,NA,NA,NA,NA,NA,NA,NA
2021-07-08 01:00:00,NA,55.98,9.77,20.27,30.03,NA,6.84,0.82,NA,NA,NA,NA,NA,NA,NA,NA,NA,NA,NA,NA,NA,NA,NA,NA
2021-07-08 02:00:00,NA,53.68,10.78,21.66,32.45,NA,6.82,0.68,NA,NA,NA,NA,NA,NA,NA,NA,NA,NA,NA,NA,NA,NA,NA,NA
2021-07-08 03:00:00,NA,68.70,12.12,24.72,36.83,NA,6.74,0.62,NA,NA,NA,NA,NA,NA,NA,NA,NA,NA,NA,NA,NA,NA,NA,NA
2021-07-08 04:00:00,NA,62.98,10.88,23.36,34.24,NA,8.70,0.73,NA,NA,NA,NA,NA,NA,NA,NA,NA,NA,NA,NA,NA,NA,NA,NA
2021-07-08 05:00:00,NA,50.28,11.47,23.29,34.75,NA,8.59,1.28,NA,NA,NA,NA,NA,NA,NA,NA,NA,NA,NA,NA,NA,NA,NA,NA
2021-07-08 06:00:00,NA,42.17,10.80,22.49,33.29,NA,8.73,1.35,NA,NA,NA,NA,NA,NA,NA,NA,NA,NA,NA,NA,NA,NA,NA,NA
2021-07-08 07:00:00,NA,36.12,10.53,22.93,33.46,NA,8.64,1.36,NA,NA,NA,NA,NA,NA,NA,NA,NA,NA,NA,NA,NA,NA,NA,NA
2021-07-08 08:00:00,NA,32.56,11.90,23.12,35.03,NA,8.34,1.45,NA,NA,NA,NA,NA,NA,NA,NA,NA,NA,NA,NA,NA,NA,NA,NA
2021-07-08 09:00:00,NA,30.77,10.70,22.23,32.92,NA,9.33,1.46,NA,NA,NA,NA,NA,NA,NA,NA,NA,NA,NA,NA,NA,NA,NA,NA
2021-07-08 10:00:00,NA,67.22,11.52,23.58,35.10,NA,9.16,1.41,NA,NA,NA,NA,NA,NA,NA,NA,NA,NA,NA,NA,NA,NA,NA,NA
2021-07-08 11:00:00,NA,68.22,10.90,22.48,33.38,NA,9.37,1.35,NA,NA,NA,NA,NA,NA,NA,NA,NA,NA,NA,NA,NA,NA,NA,NA
2021-07-08 12:00:00,NA,48.60,10.56,21.22,31.78,NA,9.17,1.37,NA,NA,NA,NA,NA,NA,NA,NA,NA,NA,NA,NA,NA,NA,NA,NA
2021-07-08 13:00:00,NA,38.80,10.78,21.48,32.26,NA,9.30,1.36,NA,NA,NA,NA,NA,NA,NA,NA,NA,NA,NA,NA,NA,NA,NA,NA
2021-07-08 14:00:00,NA,33.90,10.48,21.35,31.82,NA,7.39,1.38,NA,NA,NA,NA,NA,NA,NA,NA,NA,NA,NA,NA,NA,NA,NA,NA
2021-07-08 15:00:00,NA,31.45,10.59,21.98,32.57,NA,7.10,1.35,NA,NA,NA,NA,NA,NA,NA,NA,NA,NA,NA,NA,NA,NA,NA,NA
2021-07-08 16:00:00,NA,30.23,11.08,22.07,33.15,NA,7.22,1.26,NA,NA,NA,NA,NA,NA,NA,NA,NA,NA,NA,NA,NA,NA,NA,NA
2021-07-08 17:00:00,NA,29.61,12.16,23.57,35.74,NA,7.31,1.32,NA,NA,NA,NA,NA,NA,NA,NA,NA,NA,NA,NA,NA,NA,NA,NA
2021-07-08 18:00:00,NA,219.85,11.65,23.50,35.15,NA,7.36,1.55,NA,NA,NA,NA,NA,NA,NA,NA,NA,NA,NA,NA,NA,NA,NA,NA
2021-07-08 19:00:00,NA,227.02,9.76,19.96,29.72,NA,8.24,1.71,NA,NA,NA,NA,NA,NA,NA,NA,NA,NA,NA,NA,NA,NA,NA,NA
2021-07-08 20:00:00,NA,128.01,10.63,22.37,33.00,NA,8.40,2.44,NA,NA,NA,NA,NA,NA,NA,NA,NA,NA,NA,NA,NA,NA,NA,NA
2021-07-08 21:00:00,NA,78.50,12.40,24.79,37.18,NA,8.68,2.90,NA,NA,NA,NA,NA,NA,NA,NA,NA,NA,NA,NA,NA,NA,NA,NA
2021-07-08 22:00:00,NA,53.75,11.90,23.54,35.44,NA,8.70,2.50,NA,NA,NA,NA,NA,NA,NA,NA,NA,NA,NA,NA,NA,NA,NA,NA
2021-07-08 23:00:00,NA,41.37,10.42,21.20,31.62,NA,8.76,1.74,NA,NA,NA,NA,NA,NA,NA,NA,NA,NA,NA,NA,NA,NA,NA,NA
2021-07-09 00:00:00,NA,35.18,11.96,24.57,36.53,NA,8.92,1.36,NA,NA,NA,NA,NA,NA,NA,NA,NA,NA,NA,NA,NA,NA,NA,NA
2021-07-09 01:00:00,NA,32.09,10.66,21.59,32.25,NA,8.85,1.17,NA,NA,NA,NA,NA,NA,NA,NA,NA,NA,NA,NA,NA,NA,NA,NA
2021-07-09 02:00:00,NA,31.71,11.82,23.32,35.13,NA,8.85,1.07,NA,NA,NA,NA,NA,NA,NA,NA,NA,NA,NA,NA,NA,NA,NA,NA
2021-07-09 03:00:00,NA,187.98,11.65,22.89,34.54,NA,8.61,1.12,NA,NA,NA,NA,NA,NA,NA,NA,NA,NA,NA,NA,NA,NA,NA,NA
2021-07-09 04:00:00,NA,205.48,11.95,23.67,35.62,NA,8.62,1.10,NA,NA,NA,NA,NA,NA,NA,NA,NA,NA,NA,NA,NA,NA,NA,NA
2021-07-09 05:00:00,NA,126.23,11.08,22.49,33.57,NA,7.76,0.98,NA,NA,NA,NA,NA,NA,NA,NA,NA,NA,NA,NA,NA,NA,NA,NA
2021-07-09 06:00:00,NA,85.18,11.56,23.67,35.23,NA,7.77,1.07,NA,NA,NA,NA,NA,NA,NA,NA,NA,NA,NA,NA,NA,NA,NA,NA
2021-07-09 07:00:00,NA,78.34,11.18,22.80,33.99,NA,7.68,1.16,NA,NA,NA,NA,NA,NA,NA,NA,NA,NA,NA,NA,NA,NA,NA,NA
2021-07-09 08:00:00,NA,63.60,12.68,24.75,37.43,NA,7.66,1.15,NA,NA,NA,NA,NA,NA,NA,NA,NA,NA,NA,NA,NA,NA,NA,NA
2021-07-09 09:00:00,NA,79.69,9.92,21.66,31.59,NA,7.69,1.32,NA,NA,NA,NA,NA,NA,NA,NA,NA,NA,NA,NA,NA,NA,NA,NA
2021-07-09 10:00:00,NA,75.22,12.57,24.51,37.08,NA,5.90,1.21,NA,NA,NA,NA,NA,NA,NA,NA,NA,NA,NA,NA,NA,NA,NA,NA
2021-07-09 11:00:00,NA,62.54,10.84,22.85,33.69,NA,5.91,1.33,NA,NA,NA,NA,NA,NA,NA,NA,NA,NA,NA,NA,NA,NA,NA,NA
2021-07-09 12:00:00,NA,64.68,10.69,22.09,32.78,NA,6.04,1.43,NA,NA,NA,NA,NA,NA,NA,NA,NA,NA,NA,NA,NA,NA,NA,NA
2021-07-09 13:00:00,NA,83.66,10.64,22.78,33.42,NA,6.16,1.66,NA,NA,NA,NA,NA,NA,NA,NA,NA,NA,NA,NA,NA,NA,NA,NA
2021-07-09 14:00:00,NA,82.76,11.80,24.21,36.01,NA,6.08,1.55,NA,NA,NA,NA,NA,NA,NA,NA,NA,NA,NA,NA,NA,NA,NA,NA
2021-07-09 15:00:00,NA,68.98,11.46,23.56,35.02,NA,7.65,1.20,NA,NA,NA,NA,NA,NA,NA,NA,NA,NA,NA,NA,NA,NA,NA,NA
2021-07-09 16:00:00,NA,77.74,10.54,21.92,32.45,NA,7.99,1.37,NA,NA,NA,NA,NA,NA,NA,NA,NA,NA,NA,NA,NA,NA,NA,NA
2021-07-09 17:00:00,NA,83.56,11.07,22.63,33.71,NA,7.88,1.46,NA,NA,NA,NA,NA,NA,NA,NA,NA,NA,NA,NA,NA,NA,NA,NA
2021-07-09 18:00:00,NA,88.49,10.98,23.09,34.06,NA,8.03,1.36,NA,NA,NA,NA,NA,NA,NA,NA,NA,NA,NA,NA,NA,NA,NA,NA
2021-07-09 19:00:00,NA,101.82,11.76,23.17,34.93,NA,8.12,1.74,NA,NA,NA,NA,NA,NA,NA,NA,NA,NA,NA,NA,NA,NA,NA,NA
2021-07-09 20:00:00,NA,97.11,9.98,21.18,31.17,NA,6.20,1.77,NA,NA,NA,NA,NA,NA,NA,NA,NA,NA,NA,NA,NA,NA,NA,NA
2021-07-09 21:00:00,NA,73.72,11.13,22.85,33.98,NA,6.33,1.33,NA,NA,NA,NA,NA,NA,NA,NA,NA,NA,NA,NA,NA,NA,NA,NA
2021-07-09 22:00:00,NA,66.36,10.69,21.78,32.46,NA,6.31,1.36,NA,NA,NA,NA,NA,NA,NA,NA,NA,NA,NA,NA,NA,NA,NA,NA
2021-07-09 23:00:00,NA,72.08,11.96,23.71,35.68,NA,6.31,1.29,NA,NA,NA,NA,NA,NA,NA,NA,NA,NA,NA,NA,NA,NA,NA,NA
2021-07-10 00:00:00,NA,61.40,12.10,24.88,36.98,NA,6.26,1.04,NA,NA,NA,NA,NA,NA,NA,NA,NA,NA,NA,NA,NA,NA,NA,NA
2021-07-10 01:00:00,NA,52.72,10.45,22.34,32.78,NA,7.85,0.86,NA,NA,NA,NA,NA,NA,NA,NA,NA,NA,NA,NA,NA,NA,NA,NA
2021-07-10 02:00:00,NA,44.42,11.86,23.61,35.47,NA,7.68,0.73,NA,NA,NA,NA,NA,NA,NA,NA,NA,NA,NA,NA,NA,NA,NA,NA
2021-07-10 03:00:00,NA,37.62,10.79,22.81,33.60,NA,7.72,0.70,NA,NA,NA,NA,NA,NA,NA,NA,NA,NA,NA,NA,NA,NA,NA,NA
2021-07-10 04:00:00,NA,33.80,10.76,22.92,33.68,NA,7.76,0.75,NA,NA,NA,NA,NA,NA,NA,NA,NA,NA,NA,NA,NA,NA,NA,NA
2021-07-10 05:00:00,NA,31.39,10.58,21.74,32.32,NA,7.60,1.19,NA,NA,NA,NA,NA,NA,NA,NA,NA,NA,NA,NA,NA,NA,NA,NA
2021-07-10 06:00:00,NA,30.19,9.94,21.32,31.25,NA,5.20,1.62,NA,NA,NA,NA,NA,NA,NA,NA,NA,NA,NA,NA,NA,NA,NA,NA
2021-07-10 07:00:00,NA,32.41,11.27,23.15,34.41,NA,5.09,1.70,NA,NA,NA,NA,NA,NA,NA,NA,NA,NA,NA,NA,NA,NA,NA,NA
2021-07-10 08:00:00,NA,59.97,12.02,24.44,36.46,NA,5.08,1.59,NA,NA,NA,NA,NA,NA,NA,NA,NA,NA,NA,NA,NA,NA,NA,NA
2021-07-10 09:00:00,NA,61.80,11.27,23.02,34.30,NA,5.13,1.70,NA,NA,NA,NA,NA,NA,NA,NA,NA,NA,NA,NA,NA,NA,NA,NA
2021-07-10 10:00:00,NA,71.12,12.02,24.48,36.50,NA,5.03,1.54,NA,NA,NA,NA,NA,NA,NA,NA,NA,NA,NA,NA,NA,NA,NA,NA
2021-07-10 11:00:00,NA,76.96,11.63,23.78,35.41,NA,6.33,1.50,NA,NA,NA,NA,NA,NA,NA,NA,NA,NA,NA,NA,NA,NA,NA,NA
2021-07-10 12:00:00,NA,62.59,10.97,22.47,33.44,NA,6.27,1.53,NA,NA,NA,NA,NA,NA,NA,NA,NA,NA,NA,NA,NA,NA,NA,NA
2021-07-10 13:00:00,NA,55.06,10.88,23.04,33.91,NA,6.23,1.65,NA,NA,NA,NA,NA,NA,NA,NA,NA,NA,NA,NA,NA,NA,NA,NA
2021-07-10 14:00:00,NA,49.20,10.47,21.95,32.41,NA,6.38,1.81,NA,NA,NA,NA,NA,NA,NA,NA,NA,NA,NA,NA,NA,NA,NA,NA
2021-07-10 15:00:00,NA,57.07,11.82,23.31,35.13,NA,6.44,2.03,NA,NA,NA,NA,NA,NA,NA,NA,NA,NA,NA,NA,NA,NA,NA,NA
2021-07-10 16:00:00,NA,80.93,13.75,26.31,40.06,NA,8.05,2.20,NA,NA,NA,NA,NA,NA,NA,NA,NA,NA,NA,NA,NA,NA,NA,NA
2021-07-10 17:00:00,NA,101.38,9.85,20.54,30.40,NA,8.38,2.22,NA,NA,NA,NA,NA,NA,NA,NA,NA,NA,NA,NA,NA,NA,NA,NA
2021-07-10 18:00:00,NA,100.21,10.91,22.42,33.33,NA,8.43,2.49,NA,NA,NA,NA,NA,NA,NA,NA,NA,NA,NA,NA,NA,NA,NA,NA
2021-07-10 19:00:00,NA,110.18,11.17,23.49,34.67,NA,8.70,2.29,NA,NA,NA,NA,NA,NA,NA,NA,NA,NA,NA,NA,NA,NA,NA,NA
2021-07-10 20:00:00,NA,90.80,9.41,19.76,29.16,NA,8.64,2.53,NA,NA,NA,NA,NA,NA,NA,NA,NA,NA,NA,NA,NA,NA,NA,NA
2021-07-10 21:00:00,NA,90.50,11.40,22.98,34.39,NA,7.08,2.52,NA,NA,NA,NA,NA,NA,NA,NA,NA,NA,NA,NA,NA,NA,NA,NA
2021-07-10 22:00:00,NA,86.60,11.43,23.31,34.75,NA,7.19,2.26,NA,NA,NA,NA,NA,NA,NA,NA,NA,NA,NA,NA,NA,NA,NA,NA
2021-07-10 23:00:00,NA,73.67,12.44,25.17,37.61,NA,7.31,1.83,NA,NA,NA,NA,NA,NA,NA,NA,NA,NA,NA,NA,NA,NA,NA,NA
2021-07-11 00:00:00,NA,58.62,12.41,24.92,37.34,NA,7.20,1.50,NA,NA,NA,NA,NA,NA,NA,NA,NA,NA,NA,NA,NA,NA,NA,NA
2021-07-11 01:00:00,NA,49.78,9.51,19.70,29.21,NA,6.98,1.20,NA,NA,NA,NA,NA,NA,NA,NA,NA,NA,NA,NA,NA,NA,NA,NA
2021-07-11 02:00:00,NA,48.06,11.58,23.80,35.37,NA,7.74,1.07,NA,NA,NA,NA,NA,NA,NA,NA,NA,NA,NA,NA,NA,NA,NA,NA
2021-07-11 03:00:00,NA,43.08,11.39,23.24,34.63,NA,7.63,1.10,NA,NA,NA,NA,NA,NA,NA,NA,NA,NA,NA,NA,NA,NA,NA,NA
2021-07-11 04:00:00,NA,53.45,11.58,23.51,35.09,NA,7.58,1.07,NA,NA,NA,NA,NA,NA,NA,NA,NA,NA,NA,NA,NA,NA,NA,NA
2021-07-11 05:00:00,NA,56.52,10.88,23.11,33.99,NA,7.95,1.29,NA,NA,NA,NA,NA,NA,NA,NA,NA,NA,NA,NA,NA,NA,NA,NA
2021-07-11 06:00:00,NA,54.71,12.36,23.89,36.24,NA,7.56,1.60,NA,NA,NA,NA,NA,NA,NA,NA,NA,NA,NA,NA,NA,NA,NA,NA
2021-07-11 07:00:00,NA,49.56,11.15,22.58,33.73,NA,7.67,1.58,NA,NA,NA,NA,NA,NA,NA,NA,NA,NA,NA,NA,NA,NA,NA,NA
2021-07-11 08:00:00,NA,53.78,11.45,22.67,34.12,NA,7.71,1.40,NA,NA,NA,NA,NA,NA,NA,NA,NA,NA,NA,NA,NA,NA,NA,NA
2021-07-11 09:00:00,NA,57.93,11.27,22.51,33.78,NA,7.61,1.37,NA,NA,NA,NA,NA,NA,NA,NA,NA,NA,NA,NA,NA,NA,NA,NA
2021-07-11 10:00:00,NA,53.35,10.31,22.20,32.52,NA,7.67,1.40,NA,NA,NA,NA,NA,NA,NA,NA,NA,NA,NA,NA,NA,NA,NA,NA
2021-07-11 11:00:00,NA,49.55,12.21,24.17,36.38,NA,7.56,1.43,NA,NA,NA,NA,NA,NA,NA,NA,NA,NA,NA,NA,NA,NA,NA,NA
2021-07-11 12:00:00,NA,54.57,10.70,22.22,32.92,NA,6.59,1.63,NA,NA,NA,NA,NA,NA,NA,NA,NA,NA,NA,NA,NA,NA,NA,NA
2021-07-11 13:00:00,NA,60.08,11.26,22.35,33.60,NA,6.48,1.54,NA,NA,NA,NA,NA,NA,NA,NA,NA,NA,NA,NA,NA,NA,NA,NA
2021-07-11 14:00:00,NA,63.75,10.60,22.23,32.83,NA,6.61,1.58,NA,NA,NA,NA,NA,NA,NA,NA,NA,NA,NA,NA,NA,NA,NA,NA
2021-07-11 15:00:00,NA,62.09,12.70,25.66,38.36,NA,6.58,1.66,NA,NA,NA,NA,NA,NA,NA,NA,NA,NA,NA,NA,NA,NA,NA,NA
2021-07-11 16:00:00,NA,55.53,11.99,23.43,35.42,NA,6.55,1.59,NA,NA,NA,NA,NA,NA,NA,NA,NA,NA,NA,NA,NA,NA,NA,NA
2021-07-11 17:00:00,NA,56.91,10.76,22.86,33.62,NA,6.54,1.43,NA,NA,NA,NA,NA,NA,NA,NA,NA,NA,NA,NA,NA,NA,NA,NA
2021-07-11 18:00:00,NA,66.69,10.85,22.60,33.46,NA,6.58,1.38,NA,NA,NA,NA,NA,NA,NA,NA,NA,NA,NA,NA,NA,NA,NA,NA
2021-07-11 19:00:00,NA,65.30,10.65,22.44,33.09,NA,6.57,1.52,NA,NA,NA,NA,NA,NA,NA,NA,NA,NA,NA,NA,NA,NA,NA,NA
2021-07-11 20:00:00,NA,81.12,10.17,21.71,31.88,NA,6.64,2.05,NA,NA,NA,NA,NA,NA,NA,NA,NA,NA,NA,NA,NA,NA,NA,NA
2021-07-11 21:00:00,NA,87.95,10.74,22.01,32.75,NA,6.71,2.04,NA,NA,NA,NA,NA,NA,NA,NA,NA,NA,NA,NA,NA,NA,NA,NA
2021-07-11 22:00:00,NA,85.02,10.92,22.33,33.25,NA,5.96,1.93,NA,NA,NA,NA,NA,NA,NA,NA,NA,NA,NA,NA,NA,NA,NA,NA
2021-07-11 23:00:00,NA,92.79,11.84,24.12,35.96,NA,5.90,1.67,NA,NA,NA,NA,NA,NA,NA,NA,NA,NA,NA,NA,NA,NA,NA,NA
2021-07-12 00:00:00,NA,77.13,9.91,21.06,30.96,NA,5.78,1.42,NA,NA,NA,NA,NA,NA,NA,NA,NA,NA,NA,NA,NA,NA,NA,NA
2021-07-12 01:00:00,NA,55.42,11.96,23.52,35.48,NA,5.70,1.24,NA,NA,NA,NA,NA,NA,NA,NA,NA,NA,NA,NA,NA,NA,NA,NA
2021-07-12 02:00:00,NA,42.94,12.52,25.12,37.64,NA,5.66,1.21,NA,NA,NA,NA,NA,NA,NA,NA,NA,NA,NA,NA,NA,NA,NA,NA
2021-07-12 03:00:00,NA,36.63,12.24,24.52,36.76,NA,8.40,1.15,NA,NA,NA,NA,NA,NA,NA,NA,NA,NA,NA,NA,NA,NA,NA,NA
2021-07-12 04:00:00,NA,36.21,10.93,23.28,34.20,NA,8.43,1.20,NA,NA,NA,NA,NA,NA,NA,NA,NA,NA,NA,NA,NA,NA,NA,NA
2021-07-12 05:00:00,NA,52.94,9.73,19.80,29.53,NA,8.59,1.28,NA,NA,NA,NA,NA,NA,NA,NA,NA,NA,NA,NA,NA,NA,NA,NA
2021-07-12 06:00:00,NA,56.25,10.10,23.38,33.47,NA,8.55,1.95,NA,NA,NA,NA,NA,NA,NA,NA,NA,NA,NA,NA,NA,NA,NA,NA
2021-07-12 07:00:00,NA,69.77,10.33,21.88,32.21,NA,8.48,2.06,NA,NA,NA,NA,NA,NA,NA,NA,NA,NA,NA,NA,NA,NA,NA,NA
2021-07-12 08:00:00,NA,75.25,11.39,23.38,34.77,NA,8.48,1.89,NA,NA,NA,NA,NA,NA,NA,NA,NA,NA,NA,NA,NA,NA,NA,NA
2021-07-12 09:00:00,NA,72.24,11.39,23.05,34.44,NA,8.43,1.65,NA,NA,NA,NA,NA,NA,NA,NA,NA,NA,NA,NA,NA,NA,NA,NA
2021-07-12 10:00:00,NA,82.09,11.73,23.77,35.50,NA,8.53,1.78,NA,NA,NA,NA,NA,NA,NA,NA,NA,NA,NA,NA,NA,NA,NA,NA
2021-07-12 11:00:00,NA,96.59,8.59,18.91,27.50,NA,8.59,1.88,NA,NA,NA,NA,NA,NA,NA,NA,NA,NA,NA,NA,NA,NA,NA,NA
2021-07-12 12:00:00,NA,78.16,11.64,23.86,35.50,NA,8.60,1.72,NA,NA,NA,NA,NA,NA,NA,NA,NA,NA,NA,NA,NA,NA,NA,NA
2021-07-12 13:00:00,NA,85.93,10.09,20.68,30.77,NA,5.53,1.67,NA,NA,NA,NA,NA,NA,NA,NA,NA,NA,NA,NA,NA,NA,NA,NA
2021-07-12 14:00:00,NA,126.54,11.26,22.41,33.67,NA,5.68,1.37,NA,NA,NA,NA,NA,NA,NA,NA,NA,NA,NA,NA,NA,NA,NA,NA
2021-07-12 15:00:00,NA,118.28,12.63,24.65,37.28,NA,5.95,1.13,NA,NA,NA,NA,NA,NA,NA,NA,NA,NA,NA,NA,NA,NA,NA,NA
2021-07-12 16:00:00,NA,83.36,9.09,20.89,29.98,NA,5.77,1.14,NA,NA,NA,NA,NA,NA,NA,NA,NA,NA,NA,NA,NA,NA,NA,NA
2021-07-12 17:00:00,NA,77.37,11.60,22.80,34.41,NA,5.94,1.02,NA,NA,NA,NA,NA,NA,NA,NA,NA,NA,NA,NA,NA,NA,NA,NA
2021-07-12 18:00:00,NA,78.50,9.06,19.86,28.92,NA,8.71,1.27,NA,NA,NA,NA,NA,NA,NA,NA,NA,NA,NA,NA,NA,NA,NA,NA
2021-07-12 19:00:00,NA,89.05,11.14,22.41,33.52,NA,9.04,1.72,NA,NA,NA,NA,NA,NA,NA,NA,NA,NA,NA,NA,NA,NA,NA,NA
2021-07-12 20:00:00,NA,90.96,11.32,23.18,34.49,NA,9.14,2.16,NA,NA,NA,NA,NA,NA,NA,NA,NA,NA,NA,NA,NA,NA,NA,NA
2021-07-12 21:00:00,NA,82.96,11.18,22.88,34.06,NA,9.06,2.30,NA,NA,NA,NA,NA,NA,NA,NA,NA,NA,NA,NA,NA,NA,NA,NA
2021-07-12 22:00:00,NA,94.14,11.09,22.48,33.57,NA,9.05,2.13,NA,NA,NA,NA,NA,NA,NA,NA,NA,NA,NA,NA,NA,NA,NA,NA
2021-07-12 23:00:00,NA,89.02,9.70,21.44,31.14,NA,7.83,1.78,NA,NA,NA,NA,NA,NA,NA,NA,NA,NA,NA,NA,NA,NA,NA,NA
2021-07-13 00:00:00,NA,NA,NA,NA,0.00,NA,NA,0.00,NA,NA,NA,NA,NA,NA,NA,NA,NA,NA,NA,NA,NA,NA,NA,NA
2021-07-13 01:00:00,NA,NA,NA,NA,0.00,NA,NA,0.00,NA,NA,NA,NA,NA,NA,NA,NA,NA,NA,NA,NA,NA,NA,NA,NA
2021-07-13 02:00:00,NA,NA,NA,NA,0.00,NA,NA,0.00,NA,NA,NA,NA,NA,NA,NA,NA,NA,NA,NA,NA,NA,NA,NA,NA
2021-07-13 03:00:00,NA,NA,NA,NA,0.00,NA,NA,0.00,NA,NA,NA,NA,NA,NA,NA,NA,NA,NA,NA,NA,NA,NA,NA,NA
2021-07-13 04:00:00,NA,NA,NA,NA,0.00,NA,NA,0.00,NA,NA,NA,NA,NA,NA,NA,NA,NA,NA,NA,NA,NA,NA,NA,NA
2021-07-13 05:00:00,NA,NA,NA,NA,0.00,NA,NA,0.00,NA,NA,NA,NA,NA,NA,NA,NA,NA,NA,NA,NA,NA,NA,NA,NA
2021-07-13 06:00:00,NA,NA,NA,NA,0.00,NA,NA,0.00,NA,NA,NA,NA,NA,NA,NA,NA,NA,NA,NA,NA,NA,NA,NA,NA
2021-07-13 07:00:00,NA,NA,NA,NA,0.00,NA,NA,0.00,NA,NA,NA,NA,NA,NA,NA,NA,NA,NA,NA,NA,NA,NA,NA,NA
2021-07-13 08:00:00,NA,62.25,11.65,24.96,18.31,NA,7.44,0.84,NA,NA,NA,NA,NA,NA,NA,NA,NA,NA,NA,NA,NA,NA,NA,NA
2021-07-13 09:00:00,NA,74.92,11.13,22.36,33.49,NA,7.50,1.83,NA,NA,NA,NA,NA,NA,NA,NA,NA,NA,NA,NA,NA,NA,NA,NA
2021-07-13 10:00:00,NA,85.20,11.35,23.58,34.92,NA,5.34,1.91,NA,NA,NA,NA,NA,NA,NA,NA,NA,NA,NA,NA,NA,NA,NA,NA
2021-07-13 11:00:00,NA,70.66,11.34,23.15,34.49,NA,5.36,1.55,NA,NA,NA,NA,NA,NA,NA,NA,NA,NA,NA,NA,NA,NA,NA,NA
2021-07-13 12:00:00,NA,54.61,10.59,23.33,33.92,NA,5.36,1.31,NA,NA,NA,NA,NA,NA,NA,NA,NA,NA,NA,NA,NA,NA,NA,NA
2021-07-13 13:00:00,NA,49.85,11.46,22.34,16.90,NA,5.26,0.83,NA,NA,NA,NA,NA,NA,NA,NA,NA,NA,NA,NA,NA,NA,NA,NA
2021-07-13 14:00:00,NA,35.64,16.03,29.29,30.08,NA,6.40,1.36,NA,NA,NA,NA,NA,NA,NA,NA,NA,NA,NA,NA,NA,NA,NA,NA
2021-07-13 15:00:00,NA,41.30,15.66,20.77,23.92,NA,7.14,1.34,NA,NA,NA,NA,NA,NA,NA,NA,NA,NA,NA,NA,NA,NA,NA,NA
2021-07-13 16:00:00,NA,57.09,15.21,18.92,21.12,NA,9.70,1.32,NA,NA,NA,NA,NA,NA,NA,NA,NA,NA,NA,NA,NA,NA,NA,NA
2021-07-13 17:00:00,NA,58.43,20.44,24.75,32.18,NA,9.99,1.49,NA,NA,NA,NA,NA,NA,NA,NA,NA,NA,NA,NA,NA,NA,NA,NA
2021-07-13 18:00:00,NA,NA,NA,NA,NA,NA,NA,NA,NA,NA,NA,NA,NA,NA,NA,NA,NA,NA,NA,NA,NA,NA,NA,NA
2021-07-13 19:00:00,NA,NA,NA,NA,0.00,NA,NA,NA,NA,NA,NA,NA,NA,NA,NA,NA,NA,NA,NA,NA,NA,NA,NA,NA
2021-07-13 20:00:00,NA,NA,NA,NA,0.00,NA,NA,0.00,NA,NA,NA,NA,NA,NA,NA,NA,NA,NA,NA,NA,NA,NA,NA,NA
2021-07-13 21:00:00,NA,121.75,16.53,22.64,19.28,NA,2.25,1.70,NA,NA,NA,NA,NA,NA,NA,NA,NA,NA,NA,NA,NA,NA,NA,NA
2021-07-13 22:00:00,NA,69.58,16.58,21.66,25.25,NA,2.40,1.53,NA,NA,NA,NA,NA,NA,NA,NA,NA,NA,NA,NA,NA,NA,NA,NA
2021-07-13 23:00:00,NA,43.03,17.38,22.52,26.90,NA,6.64,0.97,NA,NA,NA,NA,NA,NA,NA,NA,NA,NA,NA,NA,NA,NA,NA,NA
2021-07-14 00:00:00,NA,50.29,17.60,22.21,26.81,NA,6.39,0.60,NA,NA,NA,NA,NA,NA,NA,NA,NA,NA,NA,NA,NA,NA,NA,NA
2021-07-14 01:00:00,NA,42.90,17.74,22.99,27.72,NA,6.15,0.64,NA,NA,NA,NA,NA,NA,NA,NA,NA,NA,NA,NA,NA,NA,NA,NA
2021-07-14 02:00:00,NA,34.08,16.73,21.60,25.33,NA,5.93,0.72,NA,NA,NA,NA,NA,NA,NA,NA,NA,NA,NA,NA,NA,NA,NA,NA
2021-07-14 03:00:00,NA,27.11,18.18,24.16,29.33,NA,6.12,0.59,NA,NA,NA,NA,NA,NA,NA,NA,NA,NA,NA,NA,NA,NA,NA,NA
2021-07-14 04:00:00,NA,24.49,17.44,22.04,26.49,NA,6.69,0.92,NA,NA,NA,NA,NA,NA,NA,NA,NA,NA,NA,NA,NA,NA,NA,NA
2021-07-14 05:00:00,NA,28.96,16.29,21.42,17.53,NA,6.68,0.98,NA,NA,NA,NA,NA,NA,NA,NA,NA,NA,NA,NA,NA,NA,NA,NA
2021-07-14 06:00:00,NA,38.37,16.51,21.36,24.87,NA,6.76,2.01,NA,NA,NA,NA,NA,NA,NA,NA,NA,NA,NA,NA,NA,NA,NA,NA
2021-07-14 07:00:00,NA,31.53,17.46,22.53,27.00,NA,6.83,2.24,NA,NA,NA,NA,NA,NA,NA,NA,NA,NA,NA,NA,NA,NA,NA,NA
2021-07-14 08:00:00,NA,35.28,17.52,22.84,27.36,NA,6.58,2.51,NA,NA,NA,NA,NA,NA,NA,NA,NA,NA,NA,NA,NA,NA,NA,NA
2021-07-14 09:00:00,NA,37.28,16.26,21.33,24.59,NA,6.44,0.98,NA,NA,NA,NA,NA,NA,NA,NA,NA,NA,NA,NA,NA,NA,NA,NA
2021-07-14 10:00:00,NA,32.67,14.92,19.47,21.39,NA,6.74,1.32,NA,NA,NA,NA,NA,NA,NA,NA,NA,NA,NA,NA,NA,NA,NA,NA
2021-07-14 11:00:00,NA,NA,NA,NA,0.00,NA,NA,0.00,NA,NA,NA,NA,NA,NA,NA,NA,NA,NA,NA,NA,NA,NA,NA,NA
2021-07-14 12:00:00,NA,NA,NA,NA,0.00,NA,NA,0.00,NA,NA,NA,NA,NA,NA,NA,NA,NA,NA,NA,NA,NA,NA,NA,NA
2021-07-14 13:00:00,NA,NA,NA,NA,0.00,NA,NA,0.00,NA,NA,NA,NA,NA,NA,NA,NA,NA,NA,NA,NA,NA,NA,NA,NA
2021-07-14 14:00:00,NA,100.12,18.25,24.02,22.30,NA,8.83,0.89,NA,NA,NA,NA,NA,NA,NA,NA,NA,NA,NA,NA,NA,NA,NA,NA
2021-07-14 15:00:00,NA,70.90,16.81,20.88,24.70,NA,8.98,0.82,NA,NA,NA,NA,NA,NA,NA,NA,NA,NA,NA,NA,NA,NA,NA,NA
2021-07-14 16:00:00,NA,46.57,16.00,20.69,23.69,NA,4.56,1.01,NA,NA,NA,NA,NA,NA,NA,NA,NA,NA,NA,NA,NA,NA,NA,NA
2021-07-14 17:00:00,NA,28.93,15.73,19.86,22.60,NA,4.81,1.00,NA,NA,NA,NA,NA,NA,NA,NA,NA,NA,NA,NA,NA,NA,NA,NA
2021-07-14 18:00:00,NA,34.34,17.08,20.54,24.62,NA,5.41,1.40,NA,NA,NA,NA,NA,NA,NA,NA,NA,NA,NA,NA,NA,NA,NA,NA
2021-07-14 19:00:00,NA,28.68,17.33,21.28,25.61,NA,5.64,2.26,NA,NA,NA,NA,NA,NA,NA,NA,NA,NA,NA,NA,NA,NA,NA,NA
2021-07-14 20:00:00,NA,37.25,15.86,21.03,23.89,NA,5.98,2.84,NA,NA,NA,NA,NA,NA,NA,NA,NA,NA,NA,NA,NA,NA,NA,NA
2021-07-14 21:00:00,NA,34.81,18.65,23.19,28.84,NA,4.88,2.34,NA,NA,NA,NA,NA,NA,NA,NA,NA,NA,NA,NA,NA,NA,NA,NA
2021-07-14 22:00:00,NA,24.96,16.03,20.69,23.72,NA,4.94,2.08,NA,NA,NA,NA,NA,NA,NA,NA,NA,NA,NA,NA,NA,NA,NA,NA
2021-07-14 23:00:00,NA,43.92,16.44,20.71,24.16,NA,4.78,1.75,NA,NA,NA,NA,NA,NA,NA,NA,NA,NA,NA,NA,NA,NA,NA,NA
2021-07-15 00:00:00,NA,42.76,15.93,19.99,22.92,NA,4.62,1.08,NA,NA,NA,NA,NA,NA,NA,NA,NA,NA,NA,NA,NA,NA,NA,NA
2021-07-15 01:00:00,NA,28.97,16.86,21.70,25.56,NA,4.62,0.69,NA,NA,NA,NA,NA,NA,NA,NA,NA,NA,NA,NA,NA,NA,NA,NA
2021-07-15 02:00:00,NA,20.72,15.99,20.62,23.62,NA,7.80,0.42,NA,NA,NA,NA,NA,NA,NA,NA,NA,NA,NA,NA,NA,NA,NA,NA
2021-07-15 03:00:00,NA,15.29,16.24,20.60,23.85,NA,7.72,0.58,NA,NA,NA,NA,NA,NA,NA,NA,NA,NA,NA,NA,NA,NA,NA,NA
2021-07-15 04:00:00,NA,12.68,16.47,21.06,24.53,NA,7.44,0.59,NA,NA,NA,NA,NA,NA,NA,NA,NA,NA,NA,NA,NA,NA,NA,NA
2021-07-15 05:00:00,NA,11.16,16.85,21.48,25.32,NA,7.38,0.65,NA,NA,NA,NA,NA,NA,NA,NA,NA,NA,NA,NA,NA,NA,NA,NA
2021-07-15 06:00:00,NA,19.53,18.08,23.59,28.67,NA,7.46,0.91,NA,NA,NA,NA,NA,NA,NA,NA,NA,NA,NA,NA,NA,NA,NA,NA
2021-07-15 07:00:00,NA,20.33,17.78,23.01,27.79,NA,7.78,1.45,NA,NA,NA,NA,NA,NA,NA,NA,NA,NA,NA,NA,NA,NA,NA,NA
2021-07-15 08:00:00,NA,25.49,18.49,23.72,29.09,NA,7.80,1.97,NA,NA,NA,NA,NA,NA,NA,NA,NA,NA,NA,NA,NA,NA,NA,NA
2021-07-15 09:00:00,NA,30.93,18.38,23.14,28.05,NA,7.84,2.29,NA,NA,NA,NA,NA,NA,NA,NA,NA,NA,NA,NA,NA,NA,NA,NA
2021-07-15 10:00:00,NA,25.67,16.15,21.29,24.44,NA,8.03,2.39,NA,NA,NA,NA,NA,NA,NA,NA,NA,NA,NA,NA,NA,NA,NA,NA
2021-07-15 11:00:00,NA,24.72,18.50,23.90,29.40,NA,8.42,0.42,NA,NA,NA,NA,NA,NA,NA,NA,NA,NA,NA,NA,NA,NA,NA,NA
2021-07-15 12:00:00,NA,32.89,21.21,27.97,36.13,NA,5.75,0.23,NA,NA,NA,NA,NA,NA,NA,NA,NA,NA,NA,NA,NA,NA,NA,NA
2021-07-15 13:00:00,NA,28.94,27.54,37.49,52.04,NA,6.38,NA,NA,NA,NA,NA,NA,NA,NA,NA,NA,NA,NA,NA,NA,NA,NA,NA
2021-07-15 14:00:00,NA,21.17,26.34,37.14,50.47,NA,6.70,NA,NA,NA,NA,NA,NA,NA,NA,NA,NA,NA,NA,NA,NA,NA,NA,NA
2021-07-15 15:00:00,NA,37.42,71.49,101.74,160.22,NA,6.37,NA,NA,NA,NA,NA,NA,NA,NA,NA,NA,NA,NA,NA,NA,NA,NA,NA
2021-07-15 16:00:00,NA,37.23,362.43,494.91,0.00,NA,6.63,NA,NA,NA,NA,NA,NA,NA,NA,NA,NA,NA,NA,NA,NA,NA,NA,NA
2021-07-15 17:00:00,NA,55.42,309.58,423.52,0.00,NA,6.51,NA,NA,NA,NA,NA,NA,NA,NA,NA,NA,NA,NA,NA,NA,NA,NA,NA
2021-07-15 18:00:00,NA,89.58,NA,NA,0.00,NA,6.72,NA,NA,NA,NA,NA,NA,NA,NA,NA,NA,NA,NA,NA,NA,NA,NA,NA
2021-07-15 19:00:00,NA,110.01,NA,NA,0.00,NA,6.79,NA,NA,NA,NA,NA,NA,NA,NA,NA,NA,NA,NA,NA,NA,NA,NA,NA
2021-07-15 20:00:00,NA,102.94,294.03,388.34,0.00,NA,6.70,NA,NA,NA,NA,NA,NA,NA,NA,NA,NA,NA,NA,NA,NA,NA,NA,NA
2021-07-15 21:00:00,NA,88.01,332.34,451.16,0.00,NA,6.68,NA,NA,NA,NA,NA,NA,NA,NA,NA,NA,NA,NA,NA,NA,NA,NA,NA
2021-07-15 22:00:00,NA,71.71,288.93,310.43,0.00,NA,3.47,NA,NA,NA,NA,NA,NA,NA,NA,NA,NA,NA,NA,NA,NA,NA,NA,NA
2021-07-15 23:00:00,NA,57.83,323.09,440.89,NA,NA,3.39,NA,NA,NA,NA,NA,NA,NA,NA,NA,NA,NA,NA,NA,NA,NA,NA,NA
2021-07-16 00:00:00,NA,49.16,NA,NA,0.00,NA,3.07,NA,NA,NA,NA,NA,NA,NA,NA,NA,NA,NA,NA,NA,NA,NA,NA,NA
2021-07-16 01:00:00,NA,45.33,NA,NA,0.00,NA,2.72,NA,NA,NA,NA,NA,NA,NA,NA,NA,NA,NA,NA,NA,NA,NA,NA,NA
2021-07-16 02:00:00,NA,34.91,NA,NA,0.00,NA,2.50,NA,NA,NA,NA,NA,NA,NA,NA,NA,NA,NA,NA,NA,NA,NA,NA,NA
2021-07-16 03:00:00,NA,25.15,NA,NA,0.00,NA,7.02,NA,NA,NA,NA,NA,NA,NA,NA,NA,NA,NA,NA,NA,NA,NA,NA,NA
2021-07-16 04:00:00,NA,33.08,NA,NA,0.00,NA,6.98,NA,NA,NA,NA,NA,NA,NA,NA,NA,NA,NA,NA,NA,NA,NA,NA,NA
2021-07-16 05:00:00,NA,30.64,NA,NA,0.00,NA,6.97,NA,NA,NA,NA,NA,NA,NA,NA,NA,NA,NA,NA,NA,NA,NA,NA,NA
2021-07-16 06:00:00,NA,27.99,NA,NA,0.00,NA,6.98,NA,NA,NA,NA,NA,NA,NA,NA,NA,NA,NA,NA,NA,NA,NA,NA,NA
2021-07-16 07:00:00,NA,30.04,NA,NA,0.00,NA,6.77,NA,NA,NA,NA,NA,NA,NA,NA,NA,NA,NA,NA,NA,NA,NA,NA,NA
2021-07-16 08:00:00,NA,31.62,NA,NA,0.00,NA,6.82,NA,NA,NA,NA,NA,NA,NA,NA,NA,NA,NA,NA,NA,NA,NA,NA,NA
2021-07-16 09:00:00,NA,39.36,NA,NA,0.00,NA,7.10,NA,NA,NA,NA,NA,NA,NA,NA,NA,NA,NA,NA,NA,NA,NA,NA,NA
2021-07-16 10:00:00,NA,43.11,NA,NA,0.00,NA,7.01,0.50,NA,NA,NA,NA,NA,NA,NA,NA,NA,NA,NA,NA,NA,NA,NA,NA
2021-07-16 11:00:00,NA,48.58,NA,NA,0.00,NA,6.96,1.84,NA,NA,NA,NA,NA,NA,NA,NA,NA,NA,NA,NA,NA,NA,NA,NA
2021-07-16 12:00:00,NA,41.30,8.00,5.00,0.00,NA,6.45,1.33,NA,NA,NA,NA,NA,NA,NA,NA,NA,NA,NA,NA,NA,NA,NA,NA
2021-07-16 13:00:00,NA,59.42,NA,NA,0.00,NA,4.67,2.54,NA,NA,NA,NA,NA,NA,NA,NA,NA,NA,NA,NA,NA,NA,NA,NA
2021-07-16 14:00:00,NA,69.58,NA,NA,0.00,NA,4.80,2.39,NA,NA,NA,NA,NA,NA,NA,NA,NA,NA,NA,NA,NA,NA,NA,NA
2021-07-16 15:00:00,NA,51.20,NA,NA,0.00,NA,4.73,2.03,NA,NA,NA,NA,NA,NA,NA,NA,NA,NA,NA,NA,NA,NA,NA,NA
2021-07-16 16:00:00,NA,66.77,NA,NA,0.00,NA,4.70,1.90,NA,NA,NA,NA,NA,NA,NA,NA,NA,NA,NA,NA,NA,NA,NA,NA
2021-07-16 17:00:00,NA,61.44,NA,NA,0.00,NA,4.72,1.58,NA,NA,NA,NA,NA,NA,NA,NA,NA,NA,NA,NA,NA,NA,NA,NA
2021-07-16 18:00:00,NA,43.08,NA,NA,0.00,NA,3.51,1.46,NA,NA,NA,NA,NA,NA,NA,NA,NA,NA,NA,NA,NA,NA,NA,NA
2021-07-16 19:00:00,NA,45.58,289.20,353.77,0.00,NA,3.49,0.97,NA,NA,NA,NA,NA,NA,NA,NA,NA,NA,NA,NA,NA,NA,NA,NA
2021-07-16 20:00:00,NA,52.04,319.27,436.46,0.00,NA,3.32,0.81,NA,NA,NA,NA,NA,NA,NA,NA,NA,NA,NA,NA,NA,NA,NA,NA
2021-07-16 21:00:00,NA,47.92,NA,NA,0.00,NA,3.70,0.82,NA,NA,NA,NA,NA,NA,NA,NA,NA,NA,NA,NA,NA,NA,NA,NA
2021-07-16 22:00:00,NA,33.93,NA,NA,0.00,NA,3.71,0.73,NA,NA,NA,NA,NA,NA,NA,NA,NA,NA,NA,NA,NA,NA,NA,NA
2021-07-16 23:00:00,NA,33.98,NA,NA,0.00,NA,7.48,0.51,NA,NA,NA,NA,NA,NA,NA,NA,NA,NA,NA,NA,NA,NA,NA,NA
2021-07-17 00:00:00,NA,49.86,NA,NA,0.00,NA,7.43,0.50,NA,NA,NA,NA,NA,NA,NA,NA,NA,NA,NA,NA,NA,NA,NA,NA
2021-07-17 01:00:00,NA,48.44,NA,NA,0.00,NA,7.30,0.50,NA,NA,NA,NA,NA,NA,NA,NA,NA,NA,NA,NA,NA,NA,NA,NA
2021-07-17 02:00:00,NA,34.21,NA,NA,0.00,NA,7.21,0.50,NA,NA,NA,NA,NA,NA,NA,NA,NA,NA,NA,NA,NA,NA,NA,NA
2021-07-17 03:00:00,NA,23.83,NA,NA,0.00,NA,7.30,0.50,NA,NA,NA,NA,NA,NA,NA,NA,NA,NA,NA,NA,NA,NA,NA,NA
2021-07-17 04:00:00,NA,23.84,NA,NA,0.00,NA,6.16,0.50,NA,NA,NA,NA,NA,NA,NA,NA,NA,NA,NA,NA,NA,NA,NA,NA
2021-07-17 05:00:00,NA,30.94,NA,NA,0.00,NA,6.31,0.50,NA,NA,NA,NA,NA,NA,NA,NA,NA,NA,NA,NA,NA,NA,NA,NA
2021-07-17 06:00:00,NA,25.52,NA,NA,0.00,NA,6.32,0.50,NA,NA,NA,NA,NA,NA,NA,NA,NA,NA,NA,NA,NA,NA,NA,NA
2021-07-17 07:00:00,NA,16.76,NA,NA,0.00,NA,6.21,0.50,NA,NA,NA,NA,NA,NA,NA,NA,NA,NA,NA,NA,NA,NA,NA,NA
2021-07-17 08:00:00,NA,12.38,NA,NA,0.00,NA,6.27,0.50,NA,NA,NA,NA,NA,NA,NA,NA,NA,NA,NA,NA,NA,NA,NA,NA
2021-07-17 09:00:00,NA,25.24,NA,NA,0.00,NA,9.43,0.50,NA,NA,NA,NA,NA,NA,NA,NA,NA,NA,NA,NA,NA,NA,NA,NA
2021-07-17 10:00:00,NA,27.19,NA,NA,0.00,NA,9.41,0.50,NA,NA,NA,NA,NA,NA,NA,NA,NA,NA,NA,NA,NA,NA,NA,NA
2021-07-17 11:00:00,NA,34.45,NA,NA,0.00,NA,9.76,1.72,NA,NA,NA,NA,NA,NA,NA,NA,NA,NA,NA,NA,NA,NA,NA,NA
2021-07-17 12:00:00,NA,57.83,NA,NA,0.00,NA,9.45,2.03,NA,NA,NA,NA,NA,NA,NA,NA,NA,NA,NA,NA,NA,NA,NA,NA
2021-07-17 13:00:00,NA,61.85,NA,NA,0.00,NA,8.95,1.65,NA,NA,NA,NA,NA,NA,NA,NA,NA,NA,NA,NA,NA,NA,NA,NA
2021-07-17 14:00:00,NA,51.96,313.13,429.10,0.00,NA,6.51,1.49,NA,NA,NA,NA,NA,NA,NA,NA,NA,NA,NA,NA,NA,NA,NA,NA
2021-07-17 15:00:00,NA,52.81,NA,NA,0.00,NA,6.71,1.36,NA,NA,NA,NA,NA,NA,NA,NA,NA,NA,NA,NA,NA,NA,NA,NA
2021-07-17 16:00:00,NA,53.66,338.84,465.24,0.00,NA,7.01,1.43,NA,NA,NA,NA,NA,NA,NA,NA,NA,NA,NA,NA,NA,NA,NA,NA
2021-07-17 17:00:00,NA,54.64,NA,NA,0.00,NA,5.52,1.78,NA,NA,NA,NA,NA,NA,NA,NA,NA,NA,NA,NA,NA,NA,NA,NA
2021-07-17 18:00:00,NA,47.23,NA,NA,0.00,NA,6.40,1.78,NA,NA,NA,NA,NA,NA,NA,NA,NA,NA,NA,NA,NA,NA,NA,NA
2021-07-17 19:00:00,NA,40.16,NA,NA,0.00,NA,7.34,2.01,NA,NA,NA,NA,NA,NA,NA,NA,NA,NA,NA,NA,NA,NA,NA,NA
2021-07-17 20:00:00,NA,42.88,NA,NA,0.00,NA,7.96,2.88,NA,NA,NA,NA,NA,NA,NA,NA,NA,NA,NA,NA,NA,NA,NA,NA
2021-07-17 21:00:00,NA,37.96,NA,NA,0.00,NA,8.58,3.56,NA,NA,NA,NA,NA,NA,NA,NA,NA,NA,NA,NA,NA,NA,NA,NA
2021-07-17 22:00:00,NA,42.38,NA,NA,0.00,NA,9.55,3.23,NA,NA,NA,NA,NA,NA,NA,NA,NA,NA,NA,NA,NA,NA,NA,NA
2021-07-17 23:00:00,NA,35.47,NA,NA,0.00,NA,10.36,2.64,NA,NA,NA,NA,NA,NA,NA,NA,NA,NA,NA,NA,NA,NA,NA,NA
2021-07-18 00:00:00,NA,25.29,NA,NA,0.00,NA,7.04,2.15,NA,NA,NA,NA,NA,NA,NA,NA,NA,NA,NA,NA,NA,NA,NA,NA
2021-07-18 01:00:00,NA,19.81,NA,NA,0.00,NA,7.55,1.82,NA,NA,NA,NA,NA,NA,NA,NA,NA,NA,NA,NA,NA,NA,NA,NA
2021-07-18 02:00:00,NA,16.03,NA,NA,0.00,NA,8.23,1.64,NA,NA,NA,NA,NA,NA,NA,NA,NA,NA,NA,NA,NA,NA,NA,NA
2021-07-18 03:00:00,NA,28.05,NA,NA,0.00,NA,8.07,1.85,NA,NA,NA,NA,NA,NA,NA,NA,NA,NA,NA,NA,NA,NA,NA,NA
2021-07-18 04:00:00,NA,27.65,NA,NA,0.00,NA,7.87,1.87,NA,NA,NA,NA,NA,NA,NA,NA,NA,NA,NA,NA,NA,NA,NA,NA
2021-07-18 05:00:00,NA,22.59,NA,NA,0.00,NA,8.28,2.02,NA,NA,NA,NA,NA,NA,NA,NA,NA,NA,NA,NA,NA,NA,NA,NA
2021-07-18 06:00:00,NA,19.22,NA,NA,0.00,NA,7.52,2.16,NA,NA,NA,NA,NA,NA,NA,NA,NA,NA,NA,NA,NA,NA,NA,NA
2021-07-18 07:00:00,NA,16.26,NA,NA,0.00,NA,6.40,2.44,NA,NA,NA,NA,NA,NA,NA,NA,NA,NA,NA,NA,NA,NA,NA,NA
2021-07-18 08:00:00,NA,15.04,NA,NA,0.00,NA,4.37,2.69,NA,NA,NA,NA,NA,NA,NA,NA,NA,NA,NA,NA,NA,NA,NA,NA
2021-07-18 09:00:00,NA,13.21,NA,NA,0.00,NA,4.93,2.83,NA,NA,NA,NA,NA,NA,NA,NA,NA,NA,NA,NA,NA,NA,NA,NA
2021-07-18 10:00:00,NA,25.92,NA,NA,0.00,NA,5.79,3.34,NA,NA,NA,NA,NA,NA,NA,NA,NA,NA,NA,NA,NA,NA,NA,NA
2021-07-18 11:00:00,NA,37.98,NA,NA,0.00,NA,5.83,1.33,NA,NA,NA,NA,NA,NA,NA,NA,NA,NA,NA,NA,NA,NA,NA,NA
2021-07-18 12:00:00,NA,32.90,NA,NA,0.00,NA,6.32,1.70,NA,NA,NA,NA,NA,NA,NA,NA,NA,NA,NA,NA,NA,NA,NA,NA
2021-07-18 13:00:00,NA,24.74,NA,NA,0.00,NA,6.36,1.58,NA,NA,NA,NA,NA,NA,NA,NA,NA,NA,NA,NA,NA,NA,NA,NA
2021-07-18 14:00:00,NA,20.42,NA,NA,0.00,NA,7.11,1.33,NA,NA,NA,NA,NA,NA,NA,NA,NA,NA,NA,NA,NA,NA,NA,NA
2021-07-18 15:00:00,NA,24.31,NA,NA,0.00,NA,8.54,1.02,NA,NA,NA,NA,NA,NA,NA,NA,NA,NA,NA,NA,NA,NA,NA,NA
2021-07-18 16:00:00,NA,45.74,NA,NA,0.00,NA,8.98,1.04,NA,NA,NA,NA,NA,NA,NA,NA,NA,NA,NA,NA,NA,NA,NA,NA
2021-07-18 17:00:00,NA,51.94,NA,NA,0.00,NA,9.54,1.66,NA,NA,NA,NA,NA,NA,NA,NA,NA,NA,NA,NA,NA,NA,NA,NA
2021-07-18 18:00:00,NA,37.72,NA,NA,0.00,NA,9.57,1.53,NA,NA,NA,NA,NA,NA,NA,NA,NA,NA,NA,NA,NA,NA,NA,NA
2021-07-18 19:00:00,NA,19.60,NA,NA,0.00,NA,9.86,1.20,NA,NA,NA,NA,NA,NA,NA,NA,NA,NA,NA,NA,NA,NA,NA,NA
2021-07-18 20:00:00,NA,37.89,NA,NA,0.00,NA,3.74,0.82,NA,NA,NA,NA,NA,NA,NA,NA,NA,NA,NA,NA,NA,NA,NA,NA
2021-07-18 21:00:00,NA,44.26,NA,NA,0.00,NA,3.68,0.53,NA,NA,NA,NA,NA,NA,NA,NA,NA,NA,NA,NA,NA,NA,NA,NA
2021-07-18 22:00:00,NA,45.44,NA,NA,0.00,NA,2.74,0.38,NA,NA,NA,NA,NA,NA,NA,NA,NA,NA,NA,NA,NA,NA,NA,NA
2021-07-18 23:00:00,NA,36.52,NA,NA,0.00,NA,2.47,0.22,NA,NA,NA,NA,NA,NA,NA,NA,NA,NA,NA,NA,NA,NA,NA,NA
2021-07-19 00:00:00,NA,23.85,NA,NA,0.00,NA,2.19,0.08,NA,NA,NA,NA,NA,NA,NA,NA,NA,NA,NA,NA,NA,NA,NA,NA
2021-07-19 01:00:00,NA,17.30,NA,NA,0.00,NA,9.20,0.08,NA,NA,NA,NA,NA,NA,NA,NA,NA,NA,NA,NA,NA,NA,NA,NA
2021-07-19 02:00:00,NA,14.55,NA,NA,0.00,NA,8.92,0.01,NA,NA,NA,NA,NA,NA,NA,NA,NA,NA,NA,NA,NA,NA,NA,NA
2021-07-19 03:00:00,NA,13.82,NA,NA,0.00,NA,8.74,0.01,NA,NA,NA,NA,NA,NA,NA,NA,NA,NA,NA,NA,NA,NA,NA,NA
2021-07-19 04:00:00,NA,11.88,NA,NA,0.00,NA,8.25,0.07,NA,NA,NA,NA,NA,NA,NA,NA,NA,NA,NA,NA,NA,NA,NA,NA
2021-07-19 05:00:00,NA,9.93,NA,NA,0.00,NA,8.00,0.09,NA,NA,NA,NA,NA,NA,NA,NA,NA,NA,NA,NA,NA,NA,NA,NA
2021-07-19 06:00:00,NA,8.96,NA,NA,0.00,NA,5.52,0.24,NA,NA,NA,NA,NA,NA,NA,NA,NA,NA,NA,NA,NA,NA,NA,NA
2021-07-19 07:00:00,NA,9.02,NA,NA,0.00,NA,5.42,0.36,NA,NA,NA,NA,NA,NA,NA,NA,NA,NA,NA,NA,NA,NA,NA,NA
2021-07-19 08:00:00,NA,17.26,NA,NA,0.00,NA,5.20,0.40,NA,NA,NA,NA,NA,NA,NA,NA,NA,NA,NA,NA,NA,NA,NA,NA
2021-07-19 09:00:00,NA,55.66,NA,NA,0.00,NA,5.31,0.54,NA,NA,NA,NA,NA,NA,NA,NA,NA,NA,NA,NA,NA,NA,NA,NA
2021-07-19 10:00:00,NA,59.95,NA,NA,0.00,NA,5.52,0.58,NA,NA,NA,NA,NA,NA,NA,NA,NA,NA,NA,NA,NA,NA,NA,NA
2021-07-19 11:00:00,NA,70.36,NA,NA,0.00,NA,6.73,1.12,NA,NA,NA,NA,NA,NA,NA,NA,NA,NA,NA,NA,NA,NA,NA,NA
2021-07-19 12:00:00,NA,88.36,NA,NA,0.00,NA,6.84,1.31,NA,NA,NA,NA,NA,NA,NA,NA,NA,NA,NA,NA,NA,NA,NA,NA
2021-07-19 13:00:00,NA,108.62,NA,NA,0.00,NA,7.17,1.38,NA,NA,NA,NA,NA,NA,NA,NA,NA,NA,NA,NA,NA,NA,NA,NA
2021-07-19 14:00:00,NA,95.86,353.65,454.58,0.00,NA,7.27,0.90,NA,NA,NA,NA,NA,NA,NA,NA,NA,NA,NA,NA,NA,NA,NA,NA
2021-07-19 15:00:00,NA,80.00,NA,NA,0.00,NA,7.76,1.07,NA,NA,NA,NA,NA,NA,NA,NA,NA,NA,NA,NA,NA,NA,NA,NA
2021-07-19 16:00:00,NA,76.20,NA,NA,0.00,NA,7.95,1.02,NA,NA,NA,NA,NA,NA,NA,NA,NA,NA,NA,NA,NA,NA,NA,NA
2021-07-19 17:00:00,NA,58.27,NA,NA,0.00,NA,8.76,1.25,NA,NA,NA,NA,NA,NA,NA,NA,NA,NA,NA,NA,NA,NA,NA,NA
2021-07-19 18:00:00,NA,42.61,NA,NA,0.00,NA,9.72,1.92,NA,NA,NA,NA,NA,NA,NA,NA,NA,NA,NA,NA,NA,NA,NA,NA
2021-07-19 19:00:00,NA,30.90,NA,NA,0.00,NA,9.26,1.29,NA,NA,NA,NA,NA,NA,NA,NA,NA,NA,NA,NA,NA,NA,NA,NA
2021-07-19 20:00:00,NA,20.42,NA,NA,0.00,NA,9.54,1.12,NA,NA,NA,NA,NA,NA,NA,NA,NA,NA,NA,NA,NA,NA,NA,NA
2021-07-19 21:00:00,NA,14.21,NA,NA,0.00,NA,7.27,1.49,NA,NA,NA,NA,NA,NA,NA,NA,NA,NA,NA,NA,NA,NA,NA,NA
2021-07-19 22:00:00,NA,49.18,NA,NA,0.00,NA,7.04,2.00,NA,NA,NA,NA,NA,NA,NA,NA,NA,NA,NA,NA,NA,NA,NA,NA
2021-07-19 23:00:00,NA,50.70,NA,NA,0.00,NA,6.93,1.59,NA,NA,NA,NA,NA,NA,NA,NA,NA,NA,NA,NA,NA,NA,NA,NA
2021-07-20 00:00:00,NA,32.87,NA,NA,0.00,NA,6.19,1.08,NA,NA,NA,NA,NA,NA,NA,NA,NA,NA,NA,NA,NA,NA,NA,NA
2021-07-20 01:00:00,NA,42.21,NA,NA,0.00,NA,5.40,0.91,NA,NA,NA,NA,NA,NA,NA,NA,NA,NA,NA,NA,NA,NA,NA,NA
2021-07-20 02:00:00,NA,37.26,NA,NA,0.00,NA,2.60,0.80,NA,NA,NA,NA,NA,NA,NA,NA,NA,NA,NA,NA,NA,NA,NA,NA
2021-07-20 03:00:00,NA,25.04,NA,NA,0.00,NA,2.24,0.93,NA,NA,NA,NA,NA,NA,NA,NA,NA,NA,NA,NA,NA,NA,NA,NA
2021-07-20 04:00:00,NA,40.40,NA,NA,0.00,NA,2.20,1.00,NA,NA,NA,NA,NA,NA,NA,NA,NA,NA,NA,NA,NA,NA,NA,NA
2021-07-20 05:00:00,NA,38.83,NA,NA,0.00,NA,2.08,1.21,NA,NA,NA,NA,NA,NA,NA,NA,NA,NA,NA,NA,NA,NA,NA,NA
2021-07-20 06:00:00,NA,26.78,NA,NA,0.00,NA,2.06,1.50,NA,NA,NA,NA,NA,NA,NA,NA,NA,NA,NA,NA,NA,NA,NA,NA
2021-07-20 07:00:00,NA,20.90,NA,NA,0.00,NA,7.40,1.79,NA,NA,NA,NA,NA,NA,NA,NA,NA,NA,NA,NA,NA,NA,NA,NA
2021-07-20 08:00:00,NA,54.74,NA,NA,0.00,NA,7.59,1.61,NA,NA,NA,NA,NA,NA,NA,NA,NA,NA,NA,NA,NA,NA,NA,NA
2021-07-20 09:00:00,NA,67.66,NA,NA,0.00,NA,7.16,1.78,NA,NA,NA,NA,NA,NA,NA,NA,NA,NA,NA,NA,NA,NA,NA,NA
2021-07-20 10:00:00,NA,60.63,8.00,5.00,0.00,NA,6.62,1.92,NA,NA,NA,NA,NA,NA,NA,NA,NA,NA,NA,NA,NA,NA,NA,NA
2021-07-20 11:00:00,NA,57.64,NA,NA,0.00,NA,6.71,1.44,NA,NA,NA,NA,NA,NA,NA,NA,NA,NA,NA,NA,NA,NA,NA,NA
2021-07-20 12:00:00,NA,61.52,NA,NA,0.00,NA,3.16,1.88,NA,NA,NA,NA,NA,NA,NA,NA,NA,NA,NA,NA,NA,NA,NA,NA
2021-07-20 13:00:00,NA,74.44,NA,NA,0.00,NA,3.33,1.76,NA,NA,NA,NA,NA,NA,NA,NA,NA,NA,NA,NA,NA,NA,NA,NA
2021-07-20 14:00:00,NA,84.36,NA,NA,0.00,NA,4.74,0.39,NA,NA,NA,NA,NA,NA,NA,NA,NA,NA,NA,NA,NA,NA,NA,NA
2021-07-20 15:00:00,NA,105.60,NA,NA,0.00,NA,4.74,0.21,NA,NA,NA,NA,NA,NA,NA,NA,NA,NA,NA,NA,NA,NA,NA,NA
2021-07-20 16:00:00,NA,112.80,NA,NA,0.00,NA,4.82,0.17,NA,NA,NA,NA,NA,NA,NA,NA,NA,NA,NA,NA,NA,NA,NA,NA
2021-07-20 17:00:00,NA,96.50,NA,NA,0.00,NA,4.56,0.11,NA,NA,NA,NA,NA,NA,NA,NA,NA,NA,NA,NA,NA,NA,NA,NA
2021-07-20 18:00:00,NA,77.66,NA,NA,0.00,NA,4.53,0.00,NA,NA,NA,NA,NA,NA,NA,NA,NA,NA,NA,NA,NA,NA,NA,NA
2021-07-20 19:00:00,NA,72.91,NA,NA,0.00,NA,4.46,0.00,NA,NA,NA,NA,NA,NA,NA,NA,NA,NA,NA,NA,NA,NA,NA,NA
2021-07-20 20:00:00,NA,63.96,NA,NA,0.00,NA,4.52,0.00,NA,NA,NA,NA,NA,NA,NA,NA,NA,NA,NA,NA,NA,NA,NA,NA
2021-07-20 21:00:00,NA,68.70,NA,NA,0.00,NA,4.75,0.00,NA,NA,NA,NA,NA,NA,NA,NA,NA,NA,NA,NA,NA,NA,NA,NA
2021-07-20 22:00:00,NA,73.91,NA,NA,0.00,NA,4.83,0.11,NA,NA,NA,NA,NA,NA,NA,NA,NA,NA,NA,NA,NA,NA,NA,NA
2021-07-20 23:00:00,NA,57.87,NA,NA,0.00,NA,4.87,0.59,NA,NA,NA,NA,NA,NA,NA,NA,NA,NA,NA,NA,NA,NA,NA,NA
2021-07-21 00:00:00,NA,37.16,NA,NA,0.00,NA,4.69,0.62,NA,NA,NA,NA,NA,NA,NA,NA,NA,NA,NA,NA,NA,NA,NA,NA
2021-07-21 01:00:00,NA,33.52,NA,NA,0.00,NA,4.77,0.31,NA,NA,NA,NA,NA,NA,NA,NA,NA,NA,NA,NA,NA,NA,NA,NA
2021-07-21 02:00:00,NA,28.79,NA,NA,0.00,NA,4.52,0.08,NA,NA,NA,NA,NA,NA,NA,NA,NA,NA,NA,NA,NA,NA,NA,NA
2021-07-21 03:00:00,NA,32.57,NA,NA,0.00,NA,7.31,0.33,NA,NA,NA,NA,NA,NA,NA,NA,NA,NA,NA,NA,NA,NA,NA,NA
2021-07-21 04:00:00,NA,33.97,NA,NA,0.00,NA,7.30,0.66,NA,NA,NA,NA,NA,NA,NA,NA,NA,NA,NA,NA,NA,NA,NA,NA
2021-07-21 05:00:00,NA,37.58,NA,NA,0.00,NA,7.34,0.81,NA,NA,NA,NA,NA,NA,NA,NA,NA,NA,NA,NA,NA,NA,NA,NA
2021-07-21 06:00:00,NA,71.53,NA,NA,0.00,NA,7.38,1.32,NA,NA,NA,NA,NA,NA,NA,NA,NA,NA,NA,NA,NA,NA,NA,NA
2021-07-21 07:00:00,NA,95.29,NA,NA,0.00,NA,7.55,1.71,NA,NA,NA,NA,NA,NA,NA,NA,NA,NA,NA,NA,NA,NA,NA,NA
2021-07-21 08:00:00,NA,90.81,NA,NA,0.00,NA,7.22,1.93,NA,NA,NA,NA,NA,NA,NA,NA,NA,NA,NA,NA,NA,NA,NA,NA
2021-07-21 09:00:00,NA,62.70,NA,NA,0.00,NA,7.51,1.64,NA,NA,NA,NA,NA,NA,NA,NA,NA,NA,NA,NA,NA,NA,NA,NA
2021-07-21 10:00:00,NA,76.39,NA,NA,0.00,NA,7.35,1.49,NA,NA,NA,NA,NA,NA,NA,NA,NA,NA,NA,NA,NA,NA,NA,NA
2021-07-21 11:00:00,NA,116.14,NA,NA,0.00,NA,7.19,1.13,NA,NA,NA,NA,NA,NA,NA,NA,NA,NA,NA,NA,NA,NA,NA,NA
2021-07-21 12:00:00,NA,133.36,NA,NA,0.00,NA,7.40,1.32,NA,NA,NA,NA,NA,NA,NA,NA,NA,NA,NA,NA,NA,NA,NA,NA
2021-07-21 13:00:00,NA,118.18,NA,NA,0.00,NA,5.80,0.91,NA,NA,NA,NA,NA,NA,NA,NA,NA,NA,NA,NA,NA,NA,NA,NA
2021-07-21 14:00:00,NA,77.19,NA,NA,0.00,NA,5.87,0.66,NA,NA,NA,NA,NA,NA,NA,NA,NA,NA,NA,NA,NA,NA,NA,NA
2021-07-21 15:00:00,NA,70.79,NA,NA,0.00,NA,6.51,1.62,NA,NA,NA,NA,NA,NA,NA,NA,NA,NA,NA,NA,NA,NA,NA,NA
2021-07-21 16:00:00,NA,57.44,NA,NA,0.00,NA,6.30,2.24,NA,NA,NA,NA,NA,NA,NA,NA,NA,NA,NA,NA,NA,NA,NA,NA
2021-07-21 17:00:00,NA,43.34,NA,NA,0.00,NA,6.06,2.15,NA,NA,NA,NA,NA,NA,NA,NA,NA,NA,NA,NA,NA,NA,NA,NA
2021-07-21 18:00:00,NA,33.16,NA,NA,0.00,NA,3.28,1.60,NA,NA,NA,NA,NA,NA,NA,NA,NA,NA,NA,NA,NA,NA,NA,NA
2021-07-21 19:00:00,NA,41.54,NA,NA,0.00,NA,3.62,2.12,NA,NA,NA,NA,NA,NA,NA,NA,NA,NA,NA,NA,NA,NA,NA,NA
2021-07-21 20:00:00,NA,45.79,NA,NA,0.00,NA,3.54,2.05,NA,NA,NA,NA,NA,NA,NA,NA,NA,NA,NA,NA,NA,NA,NA,NA
2021-07-21 21:00:00,NA,57.67,NA,NA,0.00,NA,3.50,1.94,NA,NA,NA,NA,NA,NA,NA,NA,NA,NA,NA,NA,NA,NA,NA,NA
2021-07-21 22:00:00,NA,42.34,NA,NA,0.00,NA,3.36,1.72,NA,NA,NA,NA,NA,NA,NA,NA,NA,NA,NA,NA,NA,NA,NA,NA
2021-07-21 23:00:00,NA,29.29,NA,NA,0.00,NA,8.25,1.32,NA,NA,NA,NA,NA,NA,NA,NA,NA,NA,NA,NA,NA,NA,NA,NA
2021-07-22 00:00:00,NA,31.24,NA,NA,0.00,NA,8.38,1.06,NA,NA,NA,NA,NA,NA,NA,NA,NA,NA,NA,NA,NA,NA,NA,NA
2021-07-22 01:00:00,NA,34.08,NA,NA,0.00,NA,8.33,0.90,NA,NA,NA,NA,NA,NA,NA,NA,NA,NA,NA,NA,NA,NA,NA,NA
2021-07-22 02:00:00,NA,26.65,NA,NA,0.00,NA,8.32,0.85,NA,NA,NA,NA,NA,NA,NA,NA,NA,NA,NA,NA,NA,NA,NA,NA
2021-07-22 03:00:00,NA,19.26,NA,NA,0.00,NA,8.11,0.90,NA,NA,NA,NA,NA,NA,NA,NA,NA,NA,NA,NA,NA,NA,NA,NA
2021-07-22 04:00:00,NA,15.24,NA,NA,0.00,NA,6.40,0.91,NA,NA,NA,NA,NA,NA,NA,NA,NA,NA,NA,NA,NA,NA,NA,NA
2021-07-22 05:00:00,NA,14.07,NA,NA,0.00,NA,6.44,1.07,NA,NA,NA,NA,NA,NA,NA,NA,NA,NA,NA,NA,NA,NA,NA,NA
2021-07-22 06:00:00,NA,33.54,NA,NA,0.00,NA,6.55,1.62,NA,NA,NA,NA,NA,NA,NA,NA,NA,NA,NA,NA,NA,NA,NA,NA
2021-07-22 07:00:00,NA,40.92,NA,NA,0.00,NA,6.70,1.82,NA,NA,NA,NA,NA,NA,NA,NA,NA,NA,NA,NA,NA,NA,NA,NA
2021-07-22 08:00:00,NA,44.44,NA,NA,0.00,NA,6.59,1.84,NA,NA,NA,NA,NA,NA,NA,NA,NA,NA,NA,NA,NA,NA,NA,NA
2021-07-22 09:00:00,NA,45.40,NA,NA,0.00,NA,7.09,1.65,NA,NA,NA,NA,NA,NA,NA,NA,NA,NA,NA,NA,NA,NA,NA,NA
2021-07-22 10:00:00,NA,39.64,213.32,41.53,60.55,NA,7.32,1.54,NA,NA,NA,NA,NA,NA,NA,NA,NA,NA,NA,NA,NA,NA,NA,NA
2021-07-22 11:00:00,NA,35.97,26.75,29.55,1.00,NA,7.22,1.70,NA,NA,NA,NA,NA,NA,NA,NA,NA,NA,NA,NA,NA,NA,NA,NA
2021-07-22 12:00:00,NA,44.72,9.00,6.00,1.00,NA,7.02,1.52,NA,NA,NA,NA,NA,NA,NA,NA,NA,NA,NA,NA,NA,NA,NA,NA
2021-07-22 13:00:00,NA,44.00,9.00,6.00,1.00,NA,7.05,1.50,NA,NA,NA,NA,NA,NA,NA,NA,NA,NA,NA,NA,NA,NA,NA,NA
2021-07-22 14:00:00,NA,30.78,9.00,6.00,1.00,NA,2.71,1.19,NA,NA,NA,NA,NA,NA,NA,NA,NA,NA,NA,NA,NA,NA,NA,NA
2021-07-22 15:00:00,NA,34.10,9.00,6.00,1.00,NA,2.67,0.72,NA,NA,NA,NA,NA,NA,NA,NA,NA,NA,NA,NA,NA,NA,NA,NA
2021-07-22 16:00:00,NA,35.87,9.00,6.00,1.00,NA,2.54,0.30,NA,NA,NA,NA,NA,NA,NA,NA,NA,NA,NA,NA,NA,NA,NA,NA
2021-07-22 17:00:00,NA,28.67,9.00,6.00,1.00,NA,2.50,0.05,NA,NA,NA,NA,NA,NA,NA,NA,NA,NA,NA,NA,NA,NA,NA,NA
2021-07-22 18:00:00,NA,21.36,9.00,6.00,0.75,NA,2.42,0.00,NA,NA,NA,NA,NA,NA,NA,NA,NA,NA,NA,NA,NA,NA,NA,NA
2021-07-22 19:00:00,NA,NA,NA,NA,0.00,NA,NA,0.00,NA,NA,NA,NA,NA,NA,NA,NA,NA,NA,NA,NA,NA,NA,NA,NA
2021-07-22 20:00:00,NA,NA,NA,NA,0.00,NA,NA,0.00,NA,NA,NA,NA,NA,NA,NA,NA,NA,NA,NA,NA,NA,NA,NA,NA
2021-07-22 21:00:00,NA,NA,NA,NA,0.00,NA,NA,0.00,NA,NA,NA,NA,NA,NA,NA,NA,NA,NA,NA,NA,NA,NA,NA,NA
2021-07-22 22:00:00,NA,NA,NA,NA,0.00,NA,NA,0.00,NA,NA,NA,NA,NA,NA,NA,NA,NA,NA,NA,NA,NA,NA,NA,NA
2021-07-22 23:00:00,NA,NA,NA,NA,0.00,NA,NA,0.00,NA,NA,NA,NA,NA,NA,NA,NA,NA,NA,NA,NA,NA,NA,NA,NA
2021-07-23 00:00:00,NA,NA,NA,NA,NA,NA,NA,NA,NA,NA,NA,NA,NA,NA,NA,NA,NA,NA,NA,NA,NA,NA,NA,NA
2021-07-23 01:00:00,NA,NA,NA,NA,NA,NA,NA,NA,NA,NA,NA,NA,NA,NA,NA,NA,NA,NA,NA,NA,NA,NA,NA,NA
2021-07-23 02:00:00,NA,NA,NA,NA,NA,NA,NA,NA,NA,NA,NA,NA,NA,NA,NA,NA,NA,NA,NA,NA,NA,NA,NA,NA
2021-07-23 03:00:00,NA,NA,NA,NA,NA,NA,NA,NA,NA,NA,NA,NA,NA,NA,NA,NA,NA,NA,NA,NA,NA,NA,NA,NA
2021-07-23 04:00:00,NA,NA,NA,NA,NA,NA,NA,NA,NA,NA,NA,NA,NA,NA,NA,NA,NA,NA,NA,NA,NA,NA,NA,NA
2021-07-23 05:00:00,NA,NA,NA,NA,NA,NA,NA,NA,NA,NA,NA,NA,NA,NA,NA,NA,NA,NA,NA,NA,NA,NA,NA,NA
2021-07-23 06:00:00,NA,NA,NA,NA,NA,NA,NA,NA,NA,NA,NA,NA,NA,NA,NA,NA,NA,NA,NA,NA,NA,NA,NA,NA
2021-07-23 07:00:00,NA,NA,NA,NA,NA,NA,NA,NA,NA,NA,NA,NA,NA,NA,NA,NA,NA,NA,NA,NA,NA,NA,NA,NA
2021-07-23 08:00:00,NA,NA,NA,NA,NA,NA,NA,NA,NA,NA,NA,NA,NA,NA,NA,NA,NA,NA,NA,NA,NA,NA,NA,NA
2021-07-23 09:00:00,NA,67.47,9.00,6.00,1.00,NA,NA,2.01,NA,NA,NA,NA,NA,NA,NA,NA,NA,NA,NA,NA,NA,NA,NA,NA
2021-07-23 10:00:00,NA,70.16,9.00,6.00,1.00,NA,4.92,2.12,NA,NA,NA,NA,NA,NA,NA,NA,NA,NA,NA,NA,NA,NA,NA,NA
2021-07-23 11:00:00,NA,74.60,8.53,6.44,1.10,NA,7.07,1.91,NA,NA,NA,NA,NA,NA,NA,NA,NA,NA,NA,NA,NA,NA,NA,NA
2021-07-23 12:00:00,NA,82.99,7.52,7.67,1.50,NA,7.09,0.62,NA,NA,NA,NA,NA,NA,NA,NA,NA,NA,NA,NA,NA,NA,NA,NA
2021-07-23 13:00:00,NA,82.24,8.55,7.00,1.50,NA,7.72,0.86,NA,NA,NA,NA,NA,NA,NA,NA,NA,NA,NA,NA,NA,NA,NA,NA
2021-07-23 14:00:00,NA,57.83,8.55,7.00,1.50,NA,8.86,2.32,NA,NA,NA,NA,NA,NA,NA,NA,NA,NA,NA,NA,NA,NA,NA,NA
2021-07-23 15:00:00,NA,34.49,8.55,7.00,1.50,NA,8.73,2.51,NA,NA,NA,NA,NA,NA,NA,NA,NA,NA,NA,NA,NA,NA,NA,NA
2021-07-23 16:00:00,NA,8.00,8.55,7.00,1.50,NA,4.24,2.77,NA,NA,NA,NA,NA,NA,NA,NA,NA,NA,NA,NA,NA,NA,NA,NA
2021-07-23 17:00:00,NA,8.13,8.55,7.00,1.50,NA,4.12,2.90,NA,NA,NA,NA,NA,NA,NA,NA,NA,NA,NA,NA,NA,NA,NA,NA
2021-07-23 18:00:00,NA,12.06,8.55,7.00,1.50,NA,3.58,2.22,NA,NA,NA,NA,NA,NA,NA,NA,NA,NA,NA,NA,NA,NA,NA,NA
2021-07-23 19:00:00,NA,42.66,8.55,7.00,1.50,NA,3.43,1.34,NA,NA,NA,NA,NA,NA,NA,NA,NA,NA,NA,NA,NA,NA,NA,NA
2021-07-23 20:00:00,NA,45.78,8.55,7.00,1.50,NA,2.96,1.16,NA,NA,NA,NA,NA,NA,NA,NA,NA,NA,NA,NA,NA,NA,NA,NA
2021-07-23 21:00:00,NA,72.79,8.55,7.00,1.50,NA,2.56,0.86,NA,NA,NA,NA,NA,NA,NA,NA,NA,NA,NA,NA,NA,NA,NA,NA
2021-07-23 22:00:00,NA,71.16,8.55,7.00,1.50,NA,2.35,0.67,NA,NA,NA,NA,NA,NA,NA,NA,NA,NA,NA,NA,NA,NA,NA,NA
2021-07-23 23:00:00,NA,92.26,8.55,7.00,1.50,NA,2.33,0.15,NA,NA,NA,NA,NA,NA,NA,NA,NA,NA,NA,NA,NA,NA,NA,NA
2021-07-24 00:00:00,NA,60.10,8.55,7.00,1.50,NA,2.09,NA,NA,NA,NA,NA,NA,NA,NA,NA,NA,NA,NA,NA,NA,NA,NA,NA
2021-07-24 01:00:00,NA,41.68,8.55,7.00,1.50,NA,2.05,NA,NA,NA,NA,NA,NA,NA,NA,NA,NA,NA,NA,NA,NA,NA,NA,NA
2021-07-24 02:00:00,NA,29.94,8.55,7.00,1.50,NA,6.48,NA,NA,NA,NA,NA,NA,NA,NA,NA,NA,NA,NA,NA,NA,NA,NA,NA
2021-07-24 03:00:00,NA,59.53,8.55,7.00,1.50,NA,6.60,NA,NA,NA,NA,NA,NA,NA,NA,NA,NA,NA,NA,NA,NA,NA,NA,NA
2021-07-24 04:00:00,NA,37.50,8.55,7.00,1.50,NA,6.38,NA,NA,NA,NA,NA,NA,NA,NA,NA,NA,NA,NA,NA,NA,NA,NA,NA
2021-07-24 05:00:00,NA,27.25,8.55,7.00,1.50,NA,6.22,NA,NA,NA,NA,NA,NA,NA,NA,NA,NA,NA,NA,NA,NA,NA,NA,NA
2021-07-24 06:00:00,NA,64.76,8.55,7.00,1.50,NA,6.29,NA,NA,NA,NA,NA,NA,NA,NA,NA,NA,NA,NA,NA,NA,NA,NA,NA
2021-07-24 07:00:00,NA,74.66,8.55,7.00,1.50,NA,5.86,NA,NA,NA,NA,NA,NA,NA,NA,NA,NA,NA,NA,NA,NA,NA,NA,NA
2021-07-24 08:00:00,NA,87.87,8.55,7.00,1.50,NA,5.72,NA,NA,NA,NA,NA,NA,NA,NA,NA,NA,NA,NA,NA,NA,NA,NA,NA
2021-07-24 09:00:00,NA,81.43,8.55,7.00,1.50,NA,5.93,NA,NA,NA,NA,NA,NA,NA,NA,NA,NA,NA,NA,NA,NA,NA,NA,NA
2021-07-24 10:00:00,NA,76.68,8.55,7.00,1.50,NA,6.13,0.11,NA,NA,NA,NA,NA,NA,NA,NA,NA,NA,NA,NA,NA,NA,NA,NA
2021-07-24 11:00:00,NA,91.54,8.55,7.00,1.50,NA,7.63,0.86,NA,NA,NA,NA,NA,NA,NA,NA,NA,NA,NA,NA,NA,NA,NA,NA
2021-07-24 12:00:00,NA,95.69,NA,NA,0.00,NA,8.29,1.04,NA,NA,NA,NA,NA,NA,NA,NA,NA,NA,NA,NA,NA,NA,NA,NA
2021-07-24 13:00:00,NA,95.93,NA,NA,0.00,NA,9.44,1.98,NA,NA,NA,NA,NA,NA,NA,NA,NA,NA,NA,NA,NA,NA,NA,NA
2021-07-24 14:00:00,NA,53.63,NA,NA,0.00,NA,11.94,2.93,NA,NA,NA,NA,NA,NA,NA,NA,NA,NA,NA,NA,NA,NA,NA,NA
2021-07-24 15:00:00,NA,109.50,8.76,7.54,0.81,NA,13.50,4.00,NA,NA,NA,NA,NA,NA,NA,NA,NA,NA,NA,NA,NA,NA,NA,NA
2021-07-24 16:00:00,NA,121.45,9.02,8.36,4.33,NA,14.18,4.07,NA,NA,NA,NA,NA,NA,NA,NA,NA,NA,NA,NA,NA,NA,NA,NA
2021-07-24 17:00:00,NA,79.91,8.48,7.82,3.24,NA,4.08,3.64,NA,NA,NA,NA,NA,NA,NA,NA,NA,NA,NA,NA,NA,NA,NA,NA
2021-07-24 18:00:00,NA,49.26,8.55,7.82,3.32,NA,3.21,4.12,NA,NA,NA,NA,NA,NA,NA,NA,NA,NA,NA,NA,NA,NA,NA,NA
2021-07-24 19:00:00,NA,51.06,8.41,7.61,2.96,NA,2.15,4.24,NA,NA,NA,NA,NA,NA,NA,NA,NA,NA,NA,NA,NA,NA,NA,NA
2021-07-24 20:00:00,NA,27.78,8.50,7.76,3.20,NA,2.06,4.63,NA,NA,NA,NA,NA,NA,NA,NA,NA,NA,NA,NA,NA,NA,NA,NA
2021-07-24 21:00:00,NA,27.37,8.59,7.88,3.41,NA,2.04,5.03,NA,NA,NA,NA,NA,NA,NA,NA,NA,NA,NA,NA,NA,NA,NA,NA
2021-07-24 22:00:00,NA,53.77,9.34,8.96,5.25,NA,8.94,6.10,NA,NA,NA,NA,NA,NA,NA,NA,NA,NA,NA,NA,NA,NA,NA,NA
2021-07-24 23:00:00,NA,27.65,9.09,8.50,4.53,NA,9.44,6.09,NA,NA,NA,NA,NA,NA,NA,NA,NA,NA,NA,NA,NA,NA,NA,NA
2021-07-25 00:00:00,NA,22.02,8.26,7.40,2.60,NA,9.38,4.89,NA,NA,NA,NA,NA,NA,NA,NA,NA,NA,NA,NA,NA,NA,NA,NA
2021-07-25 01:00:00,NA,NA,8.52,7.84,3.31,NA,8.24,4.26,NA,NA,NA,NA,NA,NA,NA,NA,NA,NA,NA,NA,NA,NA,NA,NA
2021-07-25 02:00:00,NA,NA,8.36,7.60,2.90,NA,7.62,4.28,NA,NA,NA,NA,NA,NA,NA,NA,NA,NA,NA,NA,NA,NA,NA,NA
2021-07-25 03:00:00,NA,NA,8.63,7.94,3.52,NA,5.74,4.41,NA,NA,NA,NA,NA,NA,NA,NA,NA,NA,NA,NA,NA,NA,NA,NA
2021-07-25 04:00:00,NA,NA,8.34,7.50,2.79,NA,5.91,4.72,NA,NA,NA,NA,NA,NA,NA,NA,NA,NA,NA,NA,NA,NA,NA,NA
2021-07-25 05:00:00,NA,NA,8.54,7.80,3.28,NA,5.64,4.75,NA,NA,NA,NA,NA,NA,NA,NA,NA,NA,NA,NA,NA,NA,NA,NA
2021-07-25 06:00:00,NA,NA,8.52,7.77,3.24,NA,5.58,5.13,NA,NA,NA,NA,NA,NA,NA,NA,NA,NA,NA,NA,NA,NA,NA,NA
2021-07-25 07:00:00,NA,NA,8.46,7.84,3.25,NA,5.36,5.24,NA,NA,NA,NA,NA,NA,NA,NA,NA,NA,NA,NA,NA,NA,NA,NA
2021-07-25 08:00:00,NA,NA,8.55,7.85,3.34,NA,7.75,5.22,NA,NA,NA,NA,NA,NA,NA,NA,NA,NA,NA,NA,NA,NA,NA,NA
2021-07-25 09:00:00,NA,NA,8.51,7.72,3.18,NA,7.91,5.58,NA,NA,NA,NA,NA,NA,NA,NA,NA,NA,NA,NA,NA,NA,NA,NA
2021-07-25 10:00:00,NA,NA,8.55,7.87,3.37,NA,7.96,5.62,NA,NA,NA,NA,NA,NA,NA,NA,NA,NA,NA,NA,NA,NA,NA,NA
2021-07-25 11:00:00,NA,NA,8.70,8.04,3.69,NA,8.15,5.38,NA,NA,NA,NA,NA,NA,NA,NA,NA,NA,NA,NA,NA,NA,NA,NA
2021-07-25 12:00:00,NA,NA,8.62,8.00,3.58,NA,8.05,1.22,NA,NA,NA,NA,NA,NA,NA,NA,NA,NA,NA,NA,NA,NA,NA,NA
2021-07-25 13:00:00,NA,NA,8.62,7.91,3.47,NA,9.28,1.50,NA,NA,NA,NA,NA,NA,NA,NA,NA,NA,NA,NA,NA,NA,NA,NA
2021-07-25 14:00:00,NA,NA,8.44,7.74,3.12,NA,9.32,1.62,NA,NA,NA,NA,NA,NA,NA,NA,NA,NA,NA,NA,NA,NA,NA,NA
2021-07-25 15:00:00,NA,NA,8.49,7.74,3.18,NA,9.26,1.61,NA,NA,NA,NA,NA,NA,NA,NA,NA,NA,NA,NA,NA,NA,NA,NA
2021-07-25 16:00:00,NA,NA,8.44,7.65,3.04,NA,9.24,1.62,NA,NA,NA,NA,NA,NA,NA,NA,NA,NA,NA,NA,NA,NA,NA,NA
2021-07-25 17:00:00,NA,NA,8.58,7.89,3.42,NA,9.38,1.92,NA,NA,NA,NA,NA,NA,NA,NA,NA,NA,NA,NA,NA,NA,NA,NA
2021-07-25 18:00:00,NA,NA,8.39,8.05,3.72,NA,6.88,1.64,NA,NA,NA,NA,NA,NA,NA,NA,NA,NA,NA,NA,NA,NA,NA,NA
2021-07-25 19:00:00,NA,0.47,3.03,7.51,2.81,NA,7.04,1.30,NA,NA,NA,NA,NA,NA,NA,NA,NA,NA,NA,NA,NA,NA,NA,NA
2021-07-25 20:00:00,NA,2.93,3.30,7.90,3.41,NA,6.77,1.64,NA,NA,NA,NA,NA,NA,NA,NA,NA,NA,NA,NA,NA,NA,NA,NA
2021-07-25 21:00:00,NA,1.52,3.34,7.97,3.51,NA,6.62,1.90,NA,NA,NA,NA,NA,NA,NA,NA,NA,NA,NA,NA,NA,NA,NA,NA
2021-07-25 22:00:00,NA,5.56,3.24,7.73,3.16,NA,6.52,1.71,NA,NA,NA,NA,NA,NA,NA,NA,NA,NA,NA,NA,NA,NA,NA,NA
2021-07-25 23:00:00,NA,13.05,3.16,7.59,2.95,NA,7.88,1.52,NA,NA,NA,NA,NA,NA,NA,NA,NA,NA,NA,NA,NA,NA,NA,NA
2021-07-26 00:00:00,NA,13.75,3.16,7.65,3.01,NA,7.77,1.29,NA,NA,NA,NA,NA,NA,NA,NA,NA,NA,NA,NA,NA,NA,NA,NA
2021-07-26 01:00:00,NA,12.88,3.36,7.88,3.44,NA,7.66,1.03,NA,NA,NA,NA,NA,NA,NA,NA,NA,NA,NA,NA,NA,NA,NA,NA
2021-07-26 02:00:00,NA,12.00,3.15,7.65,3.00,NA,7.34,0.92,NA,NA,NA,NA,NA,NA,NA,NA,NA,NA,NA,NA,NA,NA,NA,NA
2021-07-26 03:00:00,NA,12.00,3.35,7.84,3.39,NA,7.20,0.97,NA,NA,NA,NA,NA,NA,NA,NA,NA,NA,NA,NA,NA,NA,NA,NA
2021-07-26 04:00:00,NA,12.00,3.26,7.83,3.29,NA,9.23,1.07,NA,NA,NA,NA,NA,NA,NA,NA,NA,NA,NA,NA,NA,NA,NA,NA
2021-07-26 05:00:00,NA,NA,3.46,8.02,3.67,NA,9.34,1.26,NA,NA,NA,NA,NA,NA,NA,NA,NA,NA,NA,NA,NA,NA,NA,NA
2021-07-26 06:00:00,NA,NA,3.34,7.93,3.47,NA,9.33,1.40,NA,NA,NA,NA,NA,NA,NA,NA,NA,NA,NA,NA,NA,NA,NA,NA
2021-07-26 07:00:00,NA,NA,3.45,8.02,3.68,NA,9.10,1.43,NA,NA,NA,NA,NA,NA,NA,NA,NA,NA,NA,NA,NA,NA,NA,NA
2021-07-26 08:00:00,NA,NA,3.24,7.74,3.18,NA,9.31,1.38,NA,NA,NA,NA,NA,NA,NA,NA,NA,NA,NA,NA,NA,NA,NA,NA
2021-07-26 09:00:00,NA,12.50,3.23,7.74,3.17,NA,9.09,1.39,NA,NA,NA,NA,NA,NA,NA,NA,NA,NA,NA,NA,NA,NA,NA,NA
2021-07-26 10:00:00,NA,20.58,3.20,7.77,3.17,NA,9.24,1.40,NA,NA,NA,NA,NA,NA,NA,NA,NA,NA,NA,NA,NA,NA,NA,NA
2021-07-26 11:00:00,NA,12.76,3.12,7.57,2.89,NA,8.96,1.16,NA,NA,NA,NA,NA,NA,NA,NA,NA,NA,NA,NA,NA,NA,NA,NA
2021-07-26 12:00:00,NA,15.63,3.27,7.86,3.32,NA,9.03,1.08,NA,NA,NA,NA,NA,NA,NA,NA,NA,NA,NA,NA,NA,NA,NA,NA
2021-07-26 13:00:00,NA,36.71,3.38,8.00,3.58,NA,9.16,1.19,NA,NA,NA,NA,NA,NA,NA,NA,NA,NA,NA,NA,NA,NA,NA,NA
2021-07-26 14:00:00,NA,33.78,3.12,7.60,2.92,NA,8.38,1.09,NA,NA,NA,NA,NA,NA,NA,NA,NA,NA,NA,NA,NA,NA,NA,NA
2021-07-26 15:00:00,NA,108.33,3.29,7.72,3.21,NA,8.52,1.14,NA,NA,NA,NA,NA,NA,NA,NA,NA,NA,NA,NA,NA,NA,NA,NA
2021-07-26 16:00:00,NA,68.04,3.36,7.92,3.48,NA,8.75,1.16,NA,NA,NA,NA,NA,NA,NA,NA,NA,NA,NA,NA,NA,NA,NA,NA
2021-07-26 17:00:00,NA,65.20,3.29,7.84,3.33,NA,8.78,1.73,NA,NA,NA,NA,NA,NA,NA,NA,NA,NA,NA,NA,NA,NA,NA,NA
2021-07-26 18:00:00,NA,115.38,3.24,7.72,3.17,NA,8.71,1.59,NA,NA,NA,NA,NA,NA,NA,NA,NA,NA,NA,NA,NA,NA,NA,NA
2021-07-26 19:00:00,NA,85.08,3.38,7.97,3.56,NA,5.41,1.40,NA,NA,NA,NA,NA,NA,NA,NA,NA,NA,NA,NA,NA,NA,NA,NA
2021-07-26 20:00:00,NA,88.11,3.36,7.93,3.50,NA,5.91,1.88,NA,NA,NA,NA,NA,NA,NA,NA,NA,NA,NA,NA,NA,NA,NA,NA
2021-07-26 21:00:00,NA,121.31,3.24,7.81,3.25,NA,5.79,2.36,NA,NA,NA,NA,NA,NA,NA,NA,NA,NA,NA,NA,NA,NA,NA,NA
2021-07-26 22:00:00,NA,101.37,3.37,7.97,3.54,NA,5.86,1.95,NA,NA,NA,NA,NA,NA,NA,NA,NA,NA,NA,NA,NA,NA,NA,NA
2021-07-26 23:00:00,NA,128.38,3.24,7.82,3.26,NA,5.92,1.76,NA,NA,NA,NA,NA,NA,NA,NA,NA,NA,NA,NA,NA,NA,NA,NA
2021-07-27 00:00:00,NA,87.56,3.22,7.78,3.20,NA,8.28,1.38,NA,NA,NA,NA,NA,NA,NA,NA,NA,NA,NA,NA,NA,NA,NA,NA
2021-07-27 01:00:00,NA,83.66,3.34,7.89,3.43,NA,8.16,1.15,NA,NA,NA,NA,NA,NA,NA,NA,NA,NA,NA,NA,NA,NA,NA,NA
2021-07-27 02:00:00,NA,51.04,3.38,7.89,3.47,NA,8.09,1.12,NA,NA,NA,NA,NA,NA,NA,NA,NA,NA,NA,NA,NA,NA,NA,NA
2021-07-27 03:00:00,NA,45.70,3.32,7.83,3.34,NA,8.07,1.01,NA,NA,NA,NA,NA,NA,NA,NA,NA,NA,NA,NA,NA,NA,NA,NA
2021-07-27 04:00:00,NA,57.09,3.17,7.68,3.05,NA,7.87,1.17,NA,NA,NA,NA,NA,NA,NA,NA,NA,NA,NA,NA,NA,NA,NA,NA
2021-07-27 05:00:00,NA,69.60,3.27,7.86,3.32,NA,6.53,1.27,NA,NA,NA,NA,NA,NA,NA,NA,NA,NA,NA,NA,NA,NA,NA,NA
2021-07-27 06:00:00,NA,50.76,3.42,8.12,1.87,NA,6.73,0.83,NA,NA,NA,NA,NA,NA,NA,NA,NA,NA,NA,NA,NA,NA,NA,NA
2021-07-27 07:00:00,NA,NA,NA,NA,0.00,NA,NA,0.00,NA,NA,NA,NA,NA,NA,NA,NA,NA,NA,NA,NA,NA,NA,NA,NA
2021-07-27 08:00:00,NA,NA,NA,NA,0.00,NA,NA,0.00,NA,NA,NA,NA,NA,NA,NA,NA,NA,NA,NA,NA,NA,NA,NA,NA
2021-07-27 09:00:00,NA,NA,NA,NA,0.00,NA,NA,0.00,NA,NA,NA,NA,NA,NA,NA,NA,NA,NA,NA,NA,NA,NA,NA,NA
2021-07-27 10:00:00,NA,NA,3.46,8.14,2.90,NA,6.36,1.96,NA,NA,NA,NA,NA,NA,NA,NA,NA,NA,NA,NA,NA,NA,NA,NA
2021-07-27 11:00:00,NA,NA,4.16,9.20,5.57,NA,6.54,2.92,NA,NA,NA,NA,NA,NA,NA,NA,NA,NA,NA,NA,NA,NA,NA,NA
2021-07-27 12:00:00,NA,NA,38.58,55.27,86.05,NA,6.37,1.14,NA,NA,NA,NA,NA,NA,NA,NA,NA,NA,NA,NA,NA,NA,NA,NA
2021-07-27 13:00:00,NA,NA,55.76,78.54,107.18,NA,6.33,0.28,NA,NA,NA,NA,NA,NA,NA,NA,NA,NA,NA,NA,NA,NA,NA,NA
2021-07-27 14:00:00,NA,NA,24.28,36.28,36.14,NA,6.16,0.00,NA,NA,NA,NA,NA,NA,NA,NA,NA,NA,NA,NA,NA,NA,NA,NA
2021-07-27 15:00:00,NA,6.56,2.30,6.00,0.12,NA,5.10,0.00,NA,NA,NA,NA,NA,NA,NA,NA,NA,NA,NA,NA,NA,NA,NA,NA
2021-07-27 16:00:00,NA,25.39,36.25,52.62,58.73,NA,5.11,0.00,NA,NA,NA,NA,NA,NA,NA,NA,NA,NA,NA,NA,NA,NA,NA,NA
2021-07-27 17:00:00,NA,58.75,32.47,48.14,36.40,NA,4.72,0.00,NA,NA,NA,NA,NA,NA,NA,NA,NA,NA,NA,NA,NA,NA,NA,NA
2021-07-27 18:00:00,NA,77.28,NA,NA,0.00,NA,4.90,0.00,NA,NA,NA,NA,NA,NA,NA,NA,NA,NA,NA,NA,NA,NA,NA,NA
2021-07-27 19:00:00,NA,101.06,30.50,44.76,33.48,NA,5.06,0.00,NA,NA,NA,NA,NA,NA,NA,NA,NA,NA,NA,NA,NA,NA,NA,NA
2021-07-27 20:00:00,NA,105.17,32.59,48.02,18.08,NA,5.32,0.00,NA,NA,NA,NA,NA,NA,NA,NA,NA,NA,NA,NA,NA,NA,NA,NA
2021-07-27 21:00:00,NA,99.93,NA,NA,0.00,NA,5.57,0.00,NA,NA,NA,NA,NA,NA,NA,NA,NA,NA,NA,NA,NA,NA,NA,NA
2021-07-27 22:00:00,NA,78.02,NA,NA,0.00,NA,5.30,0.00,NA,NA,NA,NA,NA,NA,NA,NA,NA,NA,NA,NA,NA,NA,NA,NA
2021-07-27 23:00:00,NA,51.08,NA,NA,0.00,NA,5.21,0.00,NA,NA,NA,NA,NA,NA,NA,NA,NA,NA,NA,NA,NA,NA,NA,NA
2021-07-28 00:00:00,NA,53.26,NA,NA,0.00,NA,5.22,0.00,NA,NA,NA,NA,NA,NA,NA,NA,NA,NA,NA,NA,NA,NA,NA,NA
2021-07-28 01:00:00,NA,26.46,NA,NA,0.00,NA,8.04,0.00,NA,NA,NA,NA,NA,NA,NA,NA,NA,NA,NA,NA,NA,NA,NA,NA
2021-07-28 02:00:00,NA,17.32,NA,NA,0.00,NA,8.06,0.00,NA,NA,NA,NA,NA,NA,NA,NA,NA,NA,NA,NA,NA,NA,NA,NA
2021-07-28 03:00:00,NA,16.08,NA,NA,0.00,NA,8.07,0.00,NA,NA,NA,NA,NA,NA,NA,NA,NA,NA,NA,NA,NA,NA,NA,NA
2021-07-28 04:00:00,NA,8.04,NA,NA,0.00,NA,7.86,0.00,NA,NA,NA,NA,NA,NA,NA,NA,NA,NA,NA,NA,NA,NA,NA,NA
2021-07-28 05:00:00,NA,4.02,NA,NA,0.00,NA,7.70,0.00,NA,NA,NA,NA,NA,NA,NA,NA,NA,NA,NA,NA,NA,NA,NA,NA
2021-07-28 06:00:00,NA,30.15,NA,NA,0.00,NA,7.87,0.00,NA,NA,NA,NA,NA,NA,NA,NA,NA,NA,NA,NA,NA,NA,NA,NA
2021-07-28 07:00:00,NA,67.74,NA,NA,0.00,NA,7.98,0.00,NA,NA,NA,NA,NA,NA,NA,NA,NA,NA,NA,NA,NA,NA,NA,NA
2021-07-28 08:00:00,NA,40.94,NA,NA,0.00,NA,8.07,0.00,NA,NA,NA,NA,NA,NA,NA,NA,NA,NA,NA,NA,NA,NA,NA,NA
2021-07-28 09:00:00,NA,76.22,2.30,7.00,1.00,NA,8.10,0.50,NA,NA,NA,NA,NA,NA,NA,NA,NA,NA,NA,NA,NA,NA,NA,NA
2021-07-28 10:00:00,NA,127.29,2.30,7.00,1.00,NA,7.91,0.76,NA,NA,NA,NA,NA,NA,NA,NA,NA,NA,NA,NA,NA,NA,NA,NA
2021-07-28 11:00:00,NA,81.71,2.30,7.00,1.00,NA,7.29,1.01,NA,NA,NA,NA,NA,NA,NA,NA,NA,NA,NA,NA,NA,NA,NA,NA
2021-07-28 12:00:00,NA,77.03,2.30,7.00,1.00,NA,6.27,1.47,NA,NA,NA,NA,NA,NA,NA,NA,NA,NA,NA,NA,NA,NA,NA,NA
2021-07-28 13:00:00,NA,62.39,2.30,7.00,1.00,NA,7.41,4.08,NA,NA,NA,NA,NA,NA,NA,NA,NA,NA,NA,NA,NA,NA,NA,NA
2021-07-28 14:00:00,NA,82.75,2.30,7.00,1.00,NA,8.32,5.46,NA,NA,NA,NA,NA,NA,NA,NA,NA,NA,NA,NA,NA,NA,NA,NA
2021-07-28 15:00:00,NA,105.02,2.30,7.00,1.00,NA,8.16,4.94,NA,NA,NA,NA,NA,NA,NA,NA,NA,NA,NA,NA,NA,NA,NA,NA
2021-07-28 16:00:00,NA,95.85,2.30,7.00,1.00,NA,7.48,5.34,NA,NA,NA,NA,NA,NA,NA,NA,NA,NA,NA,NA,NA,NA,NA,NA
2021-07-28 17:00:00,NA,54.94,2.30,7.00,1.00,NA,7.74,4.84,NA,NA,NA,NA,NA,NA,NA,NA,NA,NA,NA,NA,NA,NA,NA,NA
2021-07-28 18:00:00,NA,79.79,2.30,7.00,1.00,NA,7.39,3.55,NA,NA,NA,NA,NA,NA,NA,NA,NA,NA,NA,NA,NA,NA,NA,NA
2021-07-28 19:00:00,NA,115.86,2.30,7.00,1.00,NA,7.68,2.88,NA,NA,NA,NA,NA,NA,NA,NA,NA,NA,NA,NA,NA,NA,NA,NA
2021-07-28 20:00:00,NA,77.10,2.30,7.00,1.00,NA,7.85,3.03,NA,NA,NA,NA,NA,NA,NA,NA,NA,NA,NA,NA,NA,NA,NA,NA
2021-07-28 21:00:00,NA,107.90,2.30,7.00,1.00,NA,6.32,2.28,NA,NA,NA,NA,NA,NA,NA,NA,NA,NA,NA,NA,NA,NA,NA,NA
2021-07-28 22:00:00,NA,145.74,2.30,7.00,1.00,NA,6.24,1.68,NA,NA,NA,NA,NA,NA,NA,NA,NA,NA,NA,NA,NA,NA,NA,NA
2021-07-28 23:00:00,NA,123.74,2.30,7.00,1.00,NA,6.13,1.61,NA,NA,NA,NA,NA,NA,NA,NA,NA,NA,NA,NA,NA,NA,NA,NA
2021-07-29 00:00:00,NA,57.84,2.30,7.00,1.00,NA,6.01,1.48,NA,NA,NA,NA,NA,NA,NA,NA,NA,NA,NA,NA,NA,NA,NA,NA
2021-07-29 01:00:00,NA,34.47,2.30,7.00,1.00,NA,5.89,1.47,NA,NA,NA,NA,NA,NA,NA,NA,NA,NA,NA,NA,NA,NA,NA,NA
2021-07-29 02:00:00,NA,30.25,2.30,7.00,1.00,NA,4.58,1.49,NA,NA,NA,NA,NA,NA,NA,NA,NA,NA,NA,NA,NA,NA,NA,NA
2021-07-29 03:00:00,NA,25.60,2.30,7.00,1.00,NA,4.69,1.55,NA,NA,NA,NA,NA,NA,NA,NA,NA,NA,NA,NA,NA,NA,NA,NA
2021-07-29 04:00:00,NA,34.53,2.30,7.00,1.00,NA,4.50,1.84,NA,NA,NA,NA,NA,NA,NA,NA,NA,NA,NA,NA,NA,NA,NA,NA
2021-07-29 05:00:00,NA,37.35,2.30,7.00,1.00,NA,4.46,2.29,NA,NA,NA,NA,NA,NA,NA,NA,NA,NA,NA,NA,NA,NA,NA,NA
2021-07-29 06:00:00,NA,40.22,2.30,7.00,1.00,NA,4.52,2.75,NA,NA,NA,NA,NA,NA,NA,NA,NA,NA,NA,NA,NA,NA,NA,NA
2021-07-29 07:00:00,NA,73.79,2.30,7.00,1.00,NA,7.04,3.70,NA,NA,NA,NA,NA,NA,NA,NA,NA,NA,NA,NA,NA,NA,NA,NA
2021-07-29 08:00:00,NA,73.11,2.30,7.00,1.00,NA,7.20,3.68,NA,NA,NA,NA,NA,NA,NA,NA,NA,NA,NA,NA,NA,NA,NA,NA
2021-07-29 09:00:00,NA,67.75,2.30,7.00,1.00,NA,7.17,3.66,NA,NA,NA,NA,NA,NA,NA,NA,NA,NA,NA,NA,NA,NA,NA,NA
2021-07-29 10:00:00,NA,74.10,2.30,7.00,1.00,NA,7.06,3.36,NA,NA,NA,NA,NA,NA,NA,NA,NA,NA,NA,NA,NA,NA,NA,NA
2021-07-29 11:00:00,NA,79.88,2.30,7.00,1.00,NA,7.12,2.22,NA,NA,NA,NA,NA,NA,NA,NA,NA,NA,NA,NA,NA,NA,NA,NA
2021-07-29 12:00:00,NA,87.46,2.30,7.00,0.75,NA,8.93,0.00,NA,NA,NA,NA,NA,NA,NA,NA,NA,NA,NA,NA,NA,NA,NA,NA
2021-07-29 13:00:00,NA,86.93,2.30,7.00,1.00,NA,9.06,NA,NA,NA,NA,NA,NA,NA,NA,NA,NA,NA,NA,NA,NA,NA,NA,NA
2021-07-29 14:00:00,NA,54.26,2.30,7.00,1.00,NA,8.96,NA,NA,NA,NA,NA,NA,NA,NA,NA,NA,NA,NA,NA,NA,NA,NA,NA
2021-07-29 15:00:00,NA,137.55,2.30,7.00,1.00,NA,8.46,NA,NA,NA,NA,NA,NA,NA,NA,NA,NA,NA,NA,NA,NA,NA,NA,NA
2021-07-29 16:00:00,NA,259.15,4.58,9.50,8.00,NA,8.43,0.38,NA,NA,NA,NA,NA,NA,NA,NA,NA,NA,NA,NA,NA,NA,NA,NA
2021-07-29 17:00:00,NA,100.85,12.00,17.00,21.75,NA,7.96,0.38,NA,NA,NA,NA,NA,NA,NA,NA,NA,NA,NA,NA,NA,NA,NA,NA
2021-07-29 18:00:00,NA,57.35,12.00,17.00,29.00,NA,7.82,0.50,NA,NA,NA,NA,NA,NA,NA,NA,NA,NA,NA,NA,NA,NA,NA,NA
2021-07-29 19:00:00,NA,23.59,12.00,17.00,29.00,NA,7.87,0.50,NA,NA,NA,NA,NA,NA,NA,NA,NA,NA,NA,NA,NA,NA,NA,NA
2021-07-29 20:00:00,NA,16.92,12.00,17.00,29.00,NA,8.04,0.50,NA,NA,NA,NA,NA,NA,NA,NA,NA,NA,NA,NA,NA,NA,NA,NA
2021-07-29 21:00:00,NA,14.18,12.00,17.00,29.00,NA,8.04,0.56,NA,NA,NA,NA,NA,NA,NA,NA,NA,NA,NA,NA,NA,NA,NA,NA
2021-07-29 22:00:00,NA,19.76,12.00,17.00,29.00,NA,8.20,0.50,NA,NA,NA,NA,NA,NA,NA,NA,NA,NA,NA,NA,NA,NA,NA,NA
2021-07-29 23:00:00,NA,NA,12.00,17.00,29.00,NA,7.49,0.50,NA,NA,NA,NA,NA,NA,NA,NA,NA,NA,NA,NA,NA,NA,NA,NA
2021-07-30 00:00:00,NA,1.91,12.00,17.00,29.00,NA,7.52,0.50,NA,NA,NA,NA,NA,NA,NA,NA,NA,NA,NA,NA,NA,NA,NA,NA
2021-07-30 01:00:00,NA,NA,12.00,17.00,29.00,NA,7.60,0.50,NA,NA,NA,NA,NA,NA,NA,NA,NA,NA,NA,NA,NA,NA,NA,NA
2021-07-30 02:00:00,NA,NA,12.00,17.00,29.00,NA,7.47,0.50,NA,NA,NA,NA,NA,NA,NA,NA,NA,NA,NA,NA,NA,NA,NA,NA
2021-07-30 03:00:00,NA,NA,12.00,17.00,29.00,NA,7.44,0.50,NA,NA,NA,NA,NA,NA,NA,NA,NA,NA,NA,NA,NA,NA,NA,NA
2021-07-30 04:00:00,NA,NA,12.00,17.00,29.00,NA,9.21,0.52,NA,NA,NA,NA,NA,NA,NA,NA,NA,NA,NA,NA,NA,NA,NA,NA
2021-07-30 05:00:00,NA,NA,12.00,17.00,29.00,NA,9.42,0.76,NA,NA,NA,NA,NA,NA,NA,NA,NA,NA,NA,NA,NA,NA,NA,NA
2021-07-30 06:00:00,NA,NA,12.00,17.00,29.00,NA,9.39,1.31,NA,NA,NA,NA,NA,NA,NA,NA,NA,NA,NA,NA,NA,NA,NA,NA
2021-07-30 07:00:00,NA,0.45,12.00,17.00,29.00,NA,9.20,1.29,NA,NA,NA,NA,NA,NA,NA,NA,NA,NA,NA,NA,NA,NA,NA,NA
2021-07-30 08:00:00,NA,24.91,11.02,17.00,28.03,NA,9.43,1.27,NA,NA,NA,NA,NA,NA,NA,NA,NA,NA,NA,NA,NA,NA,NA,NA
2021-07-30 09:00:00,NA,45.68,10.00,17.00,27.00,NA,4.92,1.28,NA,NA,NA,NA,NA,NA,NA,NA,NA,NA,NA,NA,NA,NA,NA,NA
2021-07-30 10:00:00,NA,44.20,10.00,17.00,27.00,NA,5.00,1.17,NA,NA,NA,NA,NA,NA,NA,NA,NA,NA,NA,NA,NA,NA,NA,NA
2021-07-30 11:00:00,NA,55.90,10.00,17.00,27.00,NA,4.99,0.63,NA,NA,NA,NA,NA,NA,NA,NA,NA,NA,NA,NA,NA,NA,NA,NA
2021-07-30 12:00:00,NA,66.34,10.00,17.00,27.00,NA,4.88,0.59,NA,NA,NA,NA,NA,NA,NA,NA,NA,NA,NA,NA,NA,NA,NA,NA
2021-07-30 13:00:00,NA,60.55,10.00,17.00,27.00,NA,4.49,1.40,NA,NA,NA,NA,NA,NA,NA,NA,NA,NA,NA,NA,NA,NA,NA,NA
2021-07-30 14:00:00,NA,52.85,10.04,17.00,27.04,NA,8.18,1.19,NA,NA,NA,NA,NA,NA,NA,NA,NA,NA,NA,NA,NA,NA,NA,NA
2021-07-30 15:00:00,NA,41.42,11.00,17.00,28.00,NA,8.03,1.00,NA,NA,NA,NA,NA,NA,NA,NA,NA,NA,NA,NA,NA,NA,NA,NA
2021-07-30 16:00:00,NA,27.61,11.00,17.00,28.00,NA,7.94,0.76,NA,NA,NA,NA,NA,NA,NA,NA,NA,NA,NA,NA,NA,NA,NA,NA
2021-07-30 17:00:00,NA,28.51,11.00,17.00,28.00,NA,7.82,0.67,NA,NA,NA,NA,NA,NA,NA,NA,NA,NA,NA,NA,NA,NA,NA,NA
2021-07-30 18:00:00,NA,35.72,11.00,17.00,28.00,NA,7.75,0.73,NA,NA,NA,NA,NA,NA,NA,NA,NA,NA,NA,NA,NA,NA,NA,NA
2021-07-30 19:00:00,NA,42.83,11.00,17.00,28.00,NA,7.08,0.88,NA,NA,NA,NA,NA,NA,NA,NA,NA,NA,NA,NA,NA,NA,NA,NA
2021-07-30 20:00:00,NA,45.25,11.00,17.00,28.00,NA,7.12,0.93,NA,NA,NA,NA,NA,NA,NA,NA,NA,NA,NA,NA,NA,NA,NA,NA
2021-07-30 21:00:00,NA,50.79,11.00,17.00,28.00,NA,7.50,1.17,NA,NA,NA,NA,NA,NA,NA,NA,NA,NA,NA,NA,NA,NA,NA,NA
2021-07-30 22:00:00,NA,48.54,11.00,17.00,28.00,NA,7.61,1.26,NA,NA,NA,NA,NA,NA,NA,NA,NA,NA,NA,NA,NA,NA,NA,NA
2021-07-30 23:00:00,NA,23.46,11.00,17.00,28.00,NA,7.61,1.45,NA,NA,NA,NA,NA,NA,NA,NA,NA,NA,NA,NA,NA,NA,NA,NA
2021-07-31 00:00:00,NA,18.90,11.00,17.00,28.00,NA,5.02,1.55,NA,NA,NA,NA,NA,NA,NA,NA,NA,NA,NA,NA,NA,NA,NA,NA
2021-07-31 01:00:00,NA,23.66,11.00,17.00,28.00,NA,4.99,1.66,NA,NA,NA,NA,NA,NA,NA,NA,NA,NA,NA,NA,NA,NA,NA,NA
2021-07-31 02:00:00,NA,33.37,11.00,17.00,28.00,NA,5.06,1.76,NA,NA,NA,NA,NA,NA,NA,NA,NA,NA,NA,NA,NA,NA,NA,NA
2021-07-31 03:00:00,NA,39.08,11.00,17.00,28.00,NA,5.03,2.04,NA,NA,NA,NA,NA,NA,NA,NA,NA,NA,NA,NA,NA,NA,NA,NA
2021-07-31 04:00:00,NA,23.44,11.00,17.00,28.00,NA,5.02,2.18,NA,NA,NA,NA,NA,NA,NA,NA,NA,NA,NA,NA,NA,NA,NA,NA
2021-07-31 05:00:00,NA,25.85,11.00,17.00,28.00,NA,8.36,2.29,NA,NA,NA,NA,NA,NA,NA,NA,NA,NA,NA,NA,NA,NA,NA,NA
2021-07-31 06:00:00,NA,38.08,11.00,17.00,28.00,NA,8.56,2.62,NA,NA,NA,NA,NA,NA,NA,NA,NA,NA,NA,NA,NA,NA,NA,NA
2021-07-31 07:00:00,NA,70.23,11.00,17.00,28.00,NA,8.71,2.59,NA,NA,NA,NA,NA,NA,NA,NA,NA,NA,NA,NA,NA,NA,NA,NA
2021-07-31 08:00:00,NA,104.32,11.00,17.00,28.00,NA,8.98,2.47,NA,NA,NA,NA,NA,NA,NA,NA,NA,NA,NA,NA,NA,NA,NA,NA
2021-07-31 09:00:00,NA,49.63,11.00,17.00,28.00,NA,8.63,2.27,NA,NA,NA,NA,NA,NA,NA,NA,NA,NA,NA,NA,NA,NA,NA,NA
2021-07-31 10:00:00,NA,24.64,11.00,17.00,28.00,NA,8.56,1.24,NA,NA,NA,NA,NA,NA,NA,NA,NA,NA,NA,NA,NA,NA,NA,NA
2021-07-31 11:00:00,NA,35.25,11.00,17.00,28.00,NA,8.41,0.86,NA,NA,NA,NA,NA,NA,NA,NA,NA,NA,NA,NA,NA,NA,NA,NA
2021-07-31 12:00:00,NA,28.65,11.00,17.00,28.00,NA,8.58,1.09,NA,NA,NA,NA,NA,NA,NA,NA,NA,NA,NA,NA,NA,NA,NA,NA
2021-07-31 13:00:00,NA,28.11,11.00,17.00,28.00,NA,8.52,0.40,NA,NA,NA,NA,NA,NA,NA,NA,NA,NA,NA,NA,NA,NA,NA,NA
2021-07-31 14:00:00,NA,36.48,11.00,17.00,28.00,NA,8.24,NA,NA,NA,NA,NA,NA,NA,NA,NA,NA,NA,NA,NA,NA,NA,NA,NA
2021-07-31 15:00:00,NA,48.39,11.00,17.00,28.00,NA,5.28,NA,NA,NA,NA,NA,NA,NA,NA,NA,NA,NA,NA,NA,NA,NA,NA,NA
2021-07-31 16:00:00,NA,NA,NA,NA,0.00,NA,NA,0.00,NA,NA,NA,NA,NA,NA,NA,NA,NA,NA,NA,NA,NA,NA,NA,NA
2021-07-31 17:00:00,NA,NA,NA,NA,0.00,NA,NA,0.00,NA,NA,NA,NA,NA,NA,NA,NA,NA,NA,NA,NA,NA,NA,NA,NA
2021-07-31 18:00:00,NA,NA,NA,NA,0.00,NA,NA,0.00,NA,NA,NA,NA,NA,NA,NA,NA,NA,NA,NA,NA,NA,NA,NA,NA
2021-07-31 19:00:00,NA,NA,NA,NA,0.00,NA,NA,0.00,NA,NA,NA,NA,NA,NA,NA,NA,NA,NA,NA,NA,NA,NA,NA,NA
2021-07-31 20:00:00,NA,NA,NA,NA,0.00,NA,NA,0.00,NA,NA,NA,NA,NA,NA,NA,NA,NA,NA,NA,NA,NA,NA,NA,NA
2021-07-31 21:00:00,NA,NA,NA,NA,0.00,NA,NA,0.00,NA,NA,NA,NA,NA,NA,NA,NA,NA,NA,NA,NA,NA,NA,NA,NA
2021-07-31 22:00:00,NA,NA,NA,NA,0.00,NA,NA,0.00,NA,NA,NA,NA,NA,NA,NA,NA,NA,NA,NA,NA,NA,NA,NA,NA
2021-07-31 23:00:00,NA,NA,NA,NA,0.00,NA,NA,0.00,NA,NA,NA,NA,NA,NA,NA,NA,NA,NA,NA,NA,NA,NA,NA,NA
2021-08-01 00:00:00,NA,NA,NA,NA,NA,NA,NA,NA,NA,NA,NA,NA,NA,NA,NA,NA,NA,NA,NA,NA,NA,NA,NA,NA
2021-08-01 01:00:00,NA,NA,NA,NA,NA,NA,NA,NA,NA,NA,NA,NA,NA,NA,NA,NA,NA,NA,NA,NA,NA,NA,NA,NA
2021-08-01 02:00:00,NA,NA,NA,NA,NA,NA,NA,NA,NA,NA,NA,NA,NA,NA,NA,NA,NA,NA,NA,NA,NA,NA,NA,NA
2021-08-01 03:00:00,NA,NA,NA,NA,NA,NA,NA,NA,NA,NA,NA,NA,NA,NA,NA,NA,NA,NA,NA,NA,NA,NA,NA,NA
2021-08-01 04:00:00,NA,NA,NA,NA,NA,NA,NA,NA,NA,NA,NA,NA,NA,NA,NA,NA,NA,NA,NA,NA,NA,NA,NA,NA
2021-08-01 05:00:00,NA,NA,NA,NA,NA,NA,NA,NA,NA,NA,NA,NA,NA,NA,NA,NA,NA,NA,NA,NA,NA,NA,NA,NA
2021-08-01 06:00:00,NA,NA,NA,NA,NA,NA,NA,NA,NA,NA,NA,NA,NA,NA,NA,NA,NA,NA,NA,NA,NA,NA,NA,NA
2021-08-01 07:00:00,NA,NA,NA,NA,NA,NA,NA,NA,NA,NA,NA,NA,NA,NA,NA,NA,NA,NA,NA,NA,NA,NA,NA,NA
2021-08-01 08:00:00,NA,NA,NA,NA,NA,NA,NA,NA,NA,NA,NA,NA,NA,NA,NA,NA,NA,NA,NA,NA,NA,NA,NA,NA
2021-08-01 09:00:00,NA,NA,NA,NA,NA,NA,NA,NA,NA,NA,NA,NA,NA,NA,NA,NA,NA,NA,NA,NA,NA,NA,NA,NA
2021-08-01 10:00:00,NA,NA,NA,NA,NA,NA,NA,NA,NA,NA,NA,NA,NA,NA,NA,NA,NA,NA,NA,NA,NA,NA,NA,NA
2021-08-01 11:00:00,NA,NA,NA,NA,NA,NA,NA,NA,NA,NA,NA,NA,NA,NA,NA,NA,NA,NA,NA,NA,NA,NA,NA,NA
2021-08-01 12:00:00,NA,NA,NA,NA,NA,NA,NA,NA,NA,NA,NA,NA,NA,NA,NA,NA,NA,NA,NA,NA,NA,NA,NA,NA
2021-08-01 13:00:00,NA,NA,NA,NA,NA,NA,NA,NA,NA,NA,NA,NA,NA,NA,NA,NA,NA,NA,NA,NA,NA,NA,NA,NA
2021-08-01 14:00:00,NA,NA,NA,NA,NA,NA,NA,NA,NA,NA,NA,NA,NA,NA,NA,NA,NA,NA,NA,NA,NA,NA,NA,NA
2021-08-01 15:00:00,NA,NA,NA,NA,NA,NA,NA,NA,NA,NA,NA,NA,NA,NA,NA,NA,NA,NA,NA,NA,NA,NA,NA,NA
2021-08-01 16:00:00,NA,NA,NA,NA,NA,NA,NA,NA,NA,NA,NA,NA,NA,NA,NA,NA,NA,NA,NA,NA,NA,NA,NA,NA
2021-08-01 17:00:00,NA,NA,NA,NA,NA,NA,NA,NA,NA,NA,NA,NA,NA,NA,NA,NA,NA,NA,NA,NA,NA,NA,NA,NA
2021-08-01 18:00:00,NA,NA,NA,NA,NA,NA,NA,NA,NA,NA,NA,NA,NA,NA,NA,NA,NA,NA,NA,NA,NA,NA,NA,NA
2021-08-01 19:00:00,NA,NA,NA,NA,NA,NA,NA,NA,NA,NA,NA,NA,NA,NA,NA,NA,NA,NA,NA,NA,NA,NA,NA,NA
2021-08-01 20:00:00,NA,NA,NA,NA,NA,NA,NA,NA,NA,NA,NA,NA,NA,NA,NA,NA,NA,NA,NA,NA,NA,NA,NA,NA
2021-08-01 21:00:00,NA,NA,NA,NA,NA,NA,NA,NA,NA,NA,NA,NA,NA,NA,NA,NA,NA,NA,NA,NA,NA,NA,NA,NA
2021-08-01 22:00:00,NA,NA,NA,NA,NA,NA,NA,NA,NA,NA,NA,NA,NA,NA,NA,NA,NA,NA,NA,NA,NA,NA,NA,NA
2021-08-01 23:00:00,NA,NA,NA,NA,NA,NA,NA,NA,NA,NA,NA,NA,NA,NA,NA,NA,NA,NA,NA,NA,NA,NA,NA,NA
2021-08-02 00:00:00,NA,NA,NA,NA,NA,NA,NA,NA,NA,NA,NA,NA,NA,NA,NA,NA,NA,NA,NA,NA,NA,NA,NA,NA
2021-08-02 01:00:00,NA,NA,NA,NA,NA,NA,NA,NA,NA,NA,NA,NA,NA,NA,NA,NA,NA,NA,NA,NA,NA,NA,NA,NA
2021-08-02 02:00:00,NA,NA,NA,NA,NA,NA,NA,NA,NA,NA,NA,NA,NA,NA,NA,NA,NA,NA,NA,NA,NA,NA,NA,NA
2021-08-02 03:00:00,NA,NA,NA,NA,NA,NA,NA,NA,NA,NA,NA,NA,NA,NA,NA,NA,NA,NA,NA,NA,NA,NA,NA,NA
2021-08-02 04:00:00,NA,NA,NA,NA,NA,NA,NA,NA,NA,NA,NA,NA,NA,NA,NA,NA,NA,NA,NA,NA,NA,NA,NA,NA
2021-08-02 05:00:00,NA,NA,NA,NA,NA,NA,NA,NA,NA,NA,NA,NA,NA,NA,NA,NA,NA,NA,NA,NA,NA,NA,NA,NA
2021-08-02 06:00:00,NA,NA,NA,NA,NA,NA,NA,NA,NA,NA,NA,NA,NA,NA,NA,NA,NA,NA,NA,NA,NA,NA,NA,NA
2021-08-02 07:00:00,NA,NA,NA,NA,NA,NA,NA,NA,NA,NA,NA,NA,NA,NA,NA,NA,NA,NA,NA,NA,NA,NA,NA,NA
2021-08-02 08:00:00,NA,NA,NA,NA,NA,NA,NA,NA,NA,NA,NA,NA,NA,NA,NA,NA,NA,NA,NA,NA,NA,NA,NA,NA
2021-08-02 09:00:00,NA,NA,11.00,17.00,28.00,NA,NA,1.98,NA,NA,NA,NA,NA,NA,NA,NA,NA,NA,NA,NA,NA,NA,NA,NA
2021-08-02 10:00:00,NA,NA,11.00,17.00,28.00,NA,7.54,2.11,NA,NA,NA,NA,NA,NA,NA,NA,NA,NA,NA,NA,NA,NA,NA,NA
2021-08-02 11:00:00,NA,NA,11.00,17.00,28.00,NA,7.48,2.32,NA,NA,NA,NA,NA,NA,NA,NA,NA,NA,NA,NA,NA,NA,NA,NA
2021-08-02 12:00:00,NA,NA,11.00,17.00,28.00,NA,8.13,2.11,NA,NA,NA,NA,NA,NA,NA,NA,NA,NA,NA,NA,NA,NA,NA,NA
2021-08-02 13:00:00,NA,NA,11.00,17.00,28.00,NA,9.18,0.49,NA,NA,NA,NA,NA,NA,NA,NA,NA,NA,NA,NA,NA,NA,NA,NA
2021-08-02 14:00:00,NA,NA,11.00,17.00,28.00,NA,9.05,0.15,NA,NA,NA,NA,NA,NA,NA,NA,NA,NA,NA,NA,NA,NA,NA,NA
2021-08-02 15:00:00,NA,NA,11.00,17.00,28.00,NA,8.76,NA,NA,NA,NA,NA,NA,NA,NA,NA,NA,NA,NA,NA,NA,NA,NA,NA
2021-08-02 16:00:00,NA,NA,11.00,17.00,28.00,NA,8.25,NA,NA,NA,NA,NA,NA,NA,NA,NA,NA,NA,NA,NA,NA,NA,NA,NA
2021-08-02 17:00:00,NA,NA,11.00,17.00,28.00,NA,4.76,NA,NA,NA,NA,NA,NA,NA,NA,NA,NA,NA,NA,NA,NA,NA,NA,NA
2021-08-02 18:00:00,NA,NA,11.00,17.00,28.00,NA,4.62,NA,NA,NA,NA,NA,NA,NA,NA,NA,NA,NA,NA,NA,NA,NA,NA,NA
2021-08-02 19:00:00,NA,NA,11.00,17.00,28.00,NA,4.67,NA,NA,NA,NA,NA,NA,NA,NA,NA,NA,NA,NA,NA,NA,NA,NA,NA
2021-08-02 20:00:00,NA,NA,11.00,17.00,28.00,NA,5.05,NA,NA,NA,NA,NA,NA,NA,NA,NA,NA,NA,NA,NA,NA,NA,NA,NA
2021-08-02 21:00:00,NA,NA,11.00,17.00,28.00,NA,5.22,NA,NA,NA,NA,NA,NA,NA,NA,NA,NA,NA,NA,NA,NA,NA,NA,NA
2021-08-02 22:00:00,NA,NA,11.00,17.00,28.00,NA,6.73,NA,NA,NA,NA,NA,NA,NA,NA,NA,NA,NA,NA,NA,NA,NA,NA,NA
2021-08-02 23:00:00,NA,NA,11.00,17.00,28.00,NA,6.92,NA,NA,NA,NA,NA,NA,NA,NA,NA,NA,NA,NA,NA,NA,NA,NA,NA
2021-08-03 00:00:00,NA,NA,11.00,17.00,28.00,NA,6.74,NA,NA,NA,NA,NA,NA,NA,NA,NA,NA,NA,NA,NA,NA,NA,NA,NA
2021-08-03 01:00:00,NA,NA,11.00,17.00,28.00,NA,6.70,NA,NA,NA,NA,NA,NA,NA,NA,NA,NA,NA,NA,NA,NA,NA,NA,NA
2021-08-03 02:00:00,NA,NA,11.00,17.00,28.00,NA,6.56,NA,NA,NA,NA,NA,NA,NA,NA,NA,NA,NA,NA,NA,NA,NA,NA,NA
2021-08-03 03:00:00,NA,NA,11.00,17.00,28.00,NA,7.47,NA,NA,NA,NA,NA,NA,NA,NA,NA,NA,NA,NA,NA,NA,NA,NA,NA
2021-08-03 04:00:00,NA,NA,11.00,17.00,28.00,NA,7.61,NA,NA,NA,NA,NA,NA,NA,NA,NA,NA,NA,NA,NA,NA,NA,NA,NA
2021-08-03 05:00:00,NA,NA,11.00,17.00,28.00,NA,7.60,NA,NA,NA,NA,NA,NA,NA,NA,NA,NA,NA,NA,NA,NA,NA,NA,NA
2021-08-03 06:00:00,NA,NA,11.00,17.00,28.00,NA,7.47,NA,NA,NA,NA,NA,NA,NA,NA,NA,NA,NA,NA,NA,NA,NA,NA,NA
2021-08-03 07:00:00,NA,NA,11.00,17.00,28.00,NA,7.62,NA,NA,NA,NA,NA,NA,NA,NA,NA,NA,NA,NA,NA,NA,NA,NA,NA
2021-08-03 08:00:00,NA,NA,11.00,17.00,28.00,NA,8.78,NA,NA,NA,NA,NA,NA,NA,NA,NA,NA,NA,NA,NA,NA,NA,NA,NA
2021-08-03 09:00:00,NA,NA,11.00,17.00,28.00,NA,8.69,NA,NA,NA,NA,NA,NA,NA,NA,NA,NA,NA,NA,NA,NA,NA,NA,NA
2021-08-03 10:00:00,NA,32.35,10.98,16.98,27.98,NA,8.80,0.72,NA,NA,NA,NA,NA,NA,NA,NA,NA,NA,NA,NA,NA,NA,NA,NA
2021-08-03 11:00:00,NA,12.12,10.00,16.00,27.00,NA,8.78,0.93,NA,NA,NA,NA,NA,NA,NA,NA,NA,NA,NA,NA,NA,NA,NA,NA
2021-08-03 12:00:00,NA,NA,10.00,16.00,27.00,NA,8.74,0.46,NA,NA,NA,NA,NA,NA,NA,NA,NA,NA,NA,NA,NA,NA,NA,NA
2021-08-03 13:00:00,NA,NA,10.00,16.00,27.00,NA,7.26,0.56,NA,NA,NA,NA,NA,NA,NA,NA,NA,NA,NA,NA,NA,NA,NA,NA
2021-08-03 14:00:00,NA,NA,10.00,16.00,27.00,NA,7.43,0.78,NA,NA,NA,NA,NA,NA,NA,NA,NA,NA,NA,NA,NA,NA,NA,NA
2021-08-03 15:00:00,NA,NA,10.00,16.00,27.00,NA,7.24,0.22,NA,NA,NA,NA,NA,NA,NA,NA,NA,NA,NA,NA,NA,NA,NA,NA
2021-08-03 16:00:00,NA,NA,10.00,16.00,27.00,NA,7.21,NA,NA,NA,NA,NA,NA,NA,NA,NA,NA,NA,NA,NA,NA,NA,NA,NA
2021-08-03 17:00:00,NA,NA,10.00,16.00,27.00,NA,7.15,NA,NA,NA,NA,NA,NA,NA,NA,NA,NA,NA,NA,NA,NA,NA,NA,NA
2021-08-03 18:00:00,NA,NA,10.00,16.00,27.00,NA,8.61,0.36,NA,NA,NA,NA,NA,NA,NA,NA,NA,NA,NA,NA,NA,NA,NA,NA
2021-08-03 19:00:00,NA,NA,10.00,16.00,27.00,NA,9.00,1.76,NA,NA,NA,NA,NA,NA,NA,NA,NA,NA,NA,NA,NA,NA,NA,NA
2021-08-03 20:00:00,NA,NA,10.00,16.00,27.00,NA,9.28,1.76,NA,NA,NA,NA,NA,NA,NA,NA,NA,NA,NA,NA,NA,NA,NA,NA
2021-08-03 21:00:00,NA,NA,10.00,16.00,27.00,NA,9.54,2.25,NA,NA,NA,NA,NA,NA,NA,NA,NA,NA,NA,NA,NA,NA,NA,NA
2021-08-03 22:00:00,NA,NA,10.00,16.00,27.00,NA,9.88,1.76,NA,NA,NA,NA,NA,NA,NA,NA,NA,NA,NA,NA,NA,NA,NA,NA
2021-08-03 23:00:00,NA,NA,10.00,16.00,27.00,NA,6.52,1.53,NA,NA,NA,NA,NA,NA,NA,NA,NA,NA,NA,NA,NA,NA,NA,NA
2021-08-04 00:00:00,NA,NA,10.00,16.00,27.00,NA,6.61,1.24,NA,NA,NA,NA,NA,NA,NA,NA,NA,NA,NA,NA,NA,NA,NA,NA
2021-08-04 01:00:00,NA,NA,10.00,16.00,27.00,NA,6.16,1.26,NA,NA,NA,NA,NA,NA,NA,NA,NA,NA,NA,NA,NA,NA,NA,NA
2021-08-04 02:00:00,NA,NA,10.00,16.00,27.00,NA,6.34,1.34,NA,NA,NA,NA,NA,NA,NA,NA,NA,NA,NA,NA,NA,NA,NA,NA
2021-08-04 03:00:00,NA,NA,10.00,16.00,27.00,NA,6.19,1.50,NA,NA,NA,NA,NA,NA,NA,NA,NA,NA,NA,NA,NA,NA,NA,NA
2021-08-04 04:00:00,NA,NA,10.00,16.00,27.00,NA,4.18,1.62,NA,NA,NA,NA,NA,NA,NA,NA,NA,NA,NA,NA,NA,NA,NA,NA
2021-08-04 05:00:00,NA,NA,10.00,16.00,27.00,NA,4.23,1.91,NA,NA,NA,NA,NA,NA,NA,NA,NA,NA,NA,NA,NA,NA,NA,NA
2021-08-04 06:00:00,NA,NA,10.00,16.00,27.00,NA,4.26,2.04,NA,NA,NA,NA,NA,NA,NA,NA,NA,NA,NA,NA,NA,NA,NA,NA
2021-08-04 07:00:00,NA,NA,10.00,16.00,13.50,NA,4.17,2.02,NA,NA,NA,NA,NA,NA,NA,NA,NA,NA,NA,NA,NA,NA,NA,NA
2021-08-04 08:00:00,NA,NA,NA,NA,0.00,NA,NA,0.00,NA,NA,NA,NA,NA,NA,NA,NA,NA,NA,NA,NA,NA,NA,NA,NA
2021-08-04 09:00:00,NA,NA,NA,NA,0.00,NA,NA,0.00,NA,NA,NA,NA,NA,NA,NA,NA,NA,NA,NA,NA,NA,NA,NA,NA
2021-08-04 10:00:00,NA,NA,NA,NA,NA,NA,NA,NA,NA,NA,NA,NA,NA,NA,NA,NA,NA,NA,NA,NA,NA,NA,NA,NA
2021-08-04 11:00:00,NA,NA,NA,NA,0.00,NA,NA,NA,NA,NA,NA,NA,NA,NA,NA,NA,NA,NA,NA,NA,NA,NA,NA,NA
2021-08-04 12:00:00,NA,NA,NA,NA,0.00,NA,NA,0.00,NA,NA,NA,NA,NA,NA,NA,NA,NA,NA,NA,NA,NA,NA,NA,NA
2021-08-04 13:00:00,NA,NA,NA,NA,0.00,NA,NA,0.00,NA,NA,NA,NA,NA,NA,NA,NA,NA,NA,NA,NA,NA,NA,NA,NA
2021-08-04 14:00:00,NA,NA,NA,NA,0.00,NA,NA,0.00,NA,NA,NA,NA,NA,NA,NA,NA,NA,NA,NA,NA,NA,NA,NA,NA
2021-08-04 15:00:00,NA,NA,NA,NA,0.00,NA,NA,0.00,NA,NA,NA,NA,NA,NA,NA,NA,NA,NA,NA,NA,NA,NA,NA,NA
2021-08-04 16:00:00,NA,NA,NA,NA,0.00,NA,NA,0.00,NA,NA,NA,NA,NA,NA,NA,NA,NA,NA,NA,NA,NA,NA,NA,NA
2021-08-04 17:00:00,NA,NA,NA,NA,0.00,NA,NA,0.00,NA,NA,NA,NA,NA,NA,NA,NA,NA,NA,NA,NA,NA,NA,NA,NA
2021-08-04 18:00:00,NA,NA,NA,NA,0.00,NA,NA,0.00,NA,NA,NA,NA,NA,NA,NA,NA,NA,NA,NA,NA,NA,NA,NA,NA
2021-08-04 19:00:00,NA,NA,NA,NA,0.00,NA,NA,0.00,NA,NA,NA,NA,NA,NA,NA,NA,NA,NA,NA,NA,NA,NA,NA,NA
2021-08-04 20:00:00,NA,NA,NA,NA,0.00,NA,NA,0.00,NA,NA,NA,NA,NA,NA,NA,NA,NA,NA,NA,NA,NA,NA,NA,NA
2021-08-04 21:00:00,NA,NA,NA,NA,0.00,NA,NA,0.00,NA,NA,NA,NA,NA,NA,NA,NA,NA,NA,NA,NA,NA,NA,NA,NA
2021-08-04 22:00:00,NA,NA,NA,NA,0.00,NA,NA,0.00,NA,NA,NA,NA,NA,NA,NA,NA,NA,NA,NA,NA,NA,NA,NA,NA
2021-08-04 23:00:00,NA,NA,NA,NA,0.00,NA,NA,0.00,NA,NA,NA,NA,NA,NA,NA,NA,NA,NA,NA,NA,NA,NA,NA,NA
2021-08-05 00:00:00,NA,NA,NA,NA,NA,NA,NA,NA,NA,NA,NA,NA,NA,NA,NA,NA,NA,NA,NA,NA,NA,NA,NA,NA
2021-08-05 01:00:00,NA,NA,NA,NA,NA,NA,NA,NA,NA,NA,NA,NA,NA,NA,NA,NA,NA,NA,NA,NA,NA,NA,NA,NA
2021-08-05 02:00:00,NA,NA,NA,NA,NA,NA,NA,NA,NA,NA,NA,NA,NA,NA,NA,NA,NA,NA,NA,NA,NA,NA,NA,NA
2021-08-05 03:00:00,NA,NA,NA,NA,NA,NA,NA,NA,NA,NA,NA,NA,NA,NA,NA,NA,NA,NA,NA,NA,NA,NA,NA,NA
2021-08-05 04:00:00,NA,NA,NA,NA,NA,NA,NA,NA,NA,NA,NA,NA,NA,NA,NA,NA,NA,NA,NA,NA,NA,NA,NA,NA
2021-08-05 05:00:00,NA,NA,NA,NA,NA,NA,NA,NA,NA,NA,NA,NA,NA,NA,NA,NA,NA,NA,NA,NA,NA,NA,NA,NA
2021-08-05 06:00:00,NA,NA,NA,NA,NA,NA,NA,NA,NA,NA,NA,NA,NA,NA,NA,NA,NA,NA,NA,NA,NA,NA,NA,NA
2021-08-05 07:00:00,NA,NA,NA,NA,NA,NA,NA,NA,NA,NA,NA,NA,NA,NA,NA,NA,NA,NA,NA,NA,NA,NA,NA,NA
2021-08-05 08:00:00,NA,NA,NA,NA,NA,NA,NA,NA,NA,NA,NA,NA,NA,NA,NA,NA,NA,NA,NA,NA,NA,NA,NA,NA
2021-08-05 09:00:00,NA,NA,11.00,16.00,28.00,NA,NA,3.26,NA,NA,NA,NA,NA,NA,NA,NA,NA,NA,NA,NA,NA,NA,NA,NA
2021-08-05 10:00:00,NA,44.27,11.00,16.00,28.00,NA,7.40,3.18,NA,NA,NA,NA,NA,NA,NA,NA,NA,NA,NA,NA,NA,NA,NA,NA
2021-08-05 11:00:00,NA,44.27,11.00,16.00,28.00,NA,7.58,2.97,NA,NA,NA,NA,NA,NA,NA,NA,NA,NA,NA,NA,NA,NA,NA,NA
2021-08-05 12:00:00,NA,44.27,11.00,16.00,28.00,NA,7.30,2.68,NA,NA,NA,NA,NA,NA,NA,NA,NA,NA,NA,NA,NA,NA,NA,NA
2021-08-05 13:00:00,NA,44.27,11.00,16.00,28.00,NA,7.30,2.34,NA,NA,NA,NA,NA,NA,NA,NA,NA,NA,NA,NA,NA,NA,NA,NA
2021-08-05 14:00:00,NA,44.27,11.00,16.00,28.00,NA,7.25,2.19,NA,NA,NA,NA,NA,NA,NA,NA,NA,NA,NA,NA,NA,NA,NA,NA
2021-08-05 15:00:00,NA,44.27,11.00,16.00,28.00,NA,7.30,1.53,NA,NA,NA,NA,NA,NA,NA,NA,NA,NA,NA,NA,NA,NA,NA,NA
2021-08-05 16:00:00,NA,44.27,11.00,16.00,28.00,NA,7.39,1.08,NA,NA,NA,NA,NA,NA,NA,NA,NA,NA,NA,NA,NA,NA,NA,NA
2021-08-05 17:00:00,NA,44.27,11.00,16.00,28.00,NA,7.26,1.66,NA,NA,NA,NA,NA,NA,NA,NA,NA,NA,NA,NA,NA,NA,NA,NA
2021-08-05 18:00:00,NA,44.27,11.00,16.00,28.00,NA,6.30,1.42,NA,NA,NA,NA,NA,NA,NA,NA,NA,NA,NA,NA,NA,NA,NA,NA
2021-08-05 19:00:00,NA,44.27,11.00,16.00,28.00,NA,6.62,2.45,NA,NA,NA,NA,NA,NA,NA,NA,NA,NA,NA,NA,NA,NA,NA,NA
2021-08-05 20:00:00,NA,44.27,11.00,16.00,28.00,NA,6.75,2.48,NA,NA,NA,NA,NA,NA,NA,NA,NA,NA,NA,NA,NA,NA,NA,NA
2021-08-05 21:00:00,NA,44.27,11.00,16.00,28.00,NA,7.31,3.00,NA,NA,NA,NA,NA,NA,NA,NA,NA,NA,NA,NA,NA,NA,NA,NA
2021-08-05 22:00:00,NA,44.27,11.00,16.00,28.00,NA,7.27,2.91,NA,NA,NA,NA,NA,NA,NA,NA,NA,NA,NA,NA,NA,NA,NA,NA
2021-08-05 23:00:00,NA,44.27,11.00,16.00,28.00,NA,6.64,2.26,NA,NA,NA,NA,NA,NA,NA,NA,NA,NA,NA,NA,NA,NA,NA,NA
2021-08-06 00:00:00,NA,44.04,11.00,16.00,28.00,NA,6.25,1.77,NA,NA,NA,NA,NA,NA,NA,NA,NA,NA,NA,NA,NA,NA,NA,NA
2021-08-06 01:00:00,NA,44.27,11.00,16.00,28.00,NA,6.18,1.97,NA,NA,NA,NA,NA,NA,NA,NA,NA,NA,NA,NA,NA,NA,NA,NA
2021-08-06 02:00:00,NA,44.27,11.00,16.00,28.00,NA,5.76,1.98,NA,NA,NA,NA,NA,NA,NA,NA,NA,NA,NA,NA,NA,NA,NA,NA
2021-08-06 03:00:00,NA,44.27,11.00,16.00,28.00,NA,5.76,1.92,NA,NA,NA,NA,NA,NA,NA,NA,NA,NA,NA,NA,NA,NA,NA,NA
2021-08-06 04:00:00,NA,44.27,11.00,16.00,28.00,NA,6.85,2.12,NA,NA,NA,NA,NA,NA,NA,NA,NA,NA,NA,NA,NA,NA,NA,NA
2021-08-06 05:00:00,NA,44.27,11.00,16.00,28.00,NA,6.75,2.24,NA,NA,NA,NA,NA,NA,NA,NA,NA,NA,NA,NA,NA,NA,NA,NA
2021-08-06 06:00:00,NA,44.27,11.00,16.00,28.00,NA,6.75,2.47,NA,NA,NA,NA,NA,NA,NA,NA,NA,NA,NA,NA,NA,NA,NA,NA
2021-08-06 07:00:00,NA,NA,NA,NA,NA,NA,NA,NA,NA,NA,NA,NA,NA,NA,NA,NA,NA,NA,NA,NA,NA,NA,NA,NA
2021-08-06 08:00:00,NA,NA,NA,NA,NA,NA,NA,0.00,NA,NA,NA,NA,NA,NA,NA,NA,NA,NA,NA,NA,NA,NA,NA,NA
2021-08-06 09:00:00,NA,44.27,11.00,16.00,21.00,NA,6.80,1.80,NA,NA,NA,NA,NA,NA,NA,NA,NA,NA,NA,NA,NA,NA,NA,NA
2021-08-06 10:00:00,NA,44.27,11.00,16.00,28.00,NA,6.85,2.24,NA,NA,NA,NA,NA,NA,NA,NA,NA,NA,NA,NA,NA,NA,NA,NA
2021-08-06 11:00:00,NA,71.27,10.00,15.00,20.25,NA,6.75,1.51,NA,NA,NA,NA,NA,NA,NA,NA,NA,NA,NA,NA,NA,NA,NA,NA
2021-08-06 12:00:00,NA,71.27,10.00,15.00,27.00,NA,6.59,1.72,NA,NA,NA,NA,NA,NA,NA,NA,NA,NA,NA,NA,NA,NA,NA,NA
2021-08-06 13:00:00,NA,70.32,10.00,15.00,27.00,NA,6.51,1.27,NA,NA,NA,NA,NA,NA,NA,NA,NA,NA,NA,NA,NA,NA,NA,NA
2021-08-06 14:00:00,NA,70.27,10.00,15.00,27.00,NA,4.73,0.57,NA,NA,NA,NA,NA,NA,NA,NA,NA,NA,NA,NA,NA,NA,NA,NA
2021-08-06 15:00:00,NA,70.27,10.00,15.00,27.00,NA,4.62,0.37,NA,NA,NA,NA,NA,NA,NA,NA,NA,NA,NA,NA,NA,NA,NA,NA
2021-08-06 16:00:00,NA,70.27,10.00,15.00,27.00,NA,4.46,0.55,NA,NA,NA,NA,NA,NA,NA,NA,NA,NA,NA,NA,NA,NA,NA,NA
2021-08-06 17:00:00,NA,70.27,10.00,15.00,27.00,NA,4.46,0.44,NA,NA,NA,NA,NA,NA,NA,NA,NA,NA,NA,NA,NA,NA,NA,NA
2021-08-06 18:00:00,NA,70.27,10.00,15.00,27.00,NA,4.22,0.50,NA,NA,NA,NA,NA,NA,NA,NA,NA,NA,NA,NA,NA,NA,NA,NA
2021-08-06 19:00:00,NA,70.27,10.00,15.00,27.00,NA,7.44,0.73,NA,NA,NA,NA,NA,NA,NA,NA,NA,NA,NA,NA,NA,NA,NA,NA
2021-08-06 20:00:00,NA,70.27,10.00,15.00,27.00,NA,7.81,1.26,NA,NA,NA,NA,NA,NA,NA,NA,NA,NA,NA,NA,NA,NA,NA,NA
2021-08-06 21:00:00,NA,70.27,10.00,15.00,27.00,NA,8.44,1.59,NA,NA,NA,NA,NA,NA,NA,NA,NA,NA,NA,NA,NA,NA,NA,NA
2021-08-06 22:00:00,NA,70.27,10.00,15.00,27.00,NA,8.32,1.78,NA,NA,NA,NA,NA,NA,NA,NA,NA,NA,NA,NA,NA,NA,NA,NA
2021-08-06 23:00:00,NA,70.27,10.00,15.00,27.00,NA,8.54,1.43,NA,NA,NA,NA,NA,NA,NA,NA,NA,NA,NA,NA,NA,NA,NA,NA
2021-08-07 00:00:00,NA,70.16,10.00,15.00,27.00,NA,8.32,3.35,NA,NA,NA,NA,NA,NA,NA,NA,NA,NA,NA,NA,NA,NA,NA,NA
2021-08-07 01:00:00,NA,70.27,10.00,15.00,27.00,NA,8.52,1.21,NA,NA,NA,NA,NA,NA,NA,NA,NA,NA,NA,NA,NA,NA,NA,NA
2021-08-07 02:00:00,NA,70.27,10.00,15.00,27.00,NA,8.52,1.38,NA,NA,NA,NA,NA,NA,NA,NA,NA,NA,NA,NA,NA,NA,NA,NA
2021-08-07 03:00:00,NA,70.27,10.00,15.00,27.00,NA,8.21,1.52,NA,NA,NA,NA,NA,NA,NA,NA,NA,NA,NA,NA,NA,NA,NA,NA
2021-08-07 04:00:00,NA,70.27,10.00,15.00,27.00,NA,8.25,1.76,NA,NA,NA,NA,NA,NA,NA,NA,NA,NA,NA,NA,NA,NA,NA,NA
2021-08-07 05:00:00,NA,70.27,10.00,15.00,NA,NA,9.05,2.30,NA,NA,NA,NA,NA,NA,NA,NA,NA,NA,NA,NA,NA,NA,NA,NA
2021-08-07 06:00:00,NA,70.27,10.00,15.00,27.00,NA,8.89,2.78,NA,NA,NA,NA,NA,NA,NA,NA,NA,NA,NA,NA,NA,NA,NA,NA
2021-08-07 07:00:00,NA,70.27,10.00,15.00,27.00,NA,9.02,2.78,NA,NA,NA,NA,NA,NA,NA,NA,NA,NA,NA,NA,NA,NA,NA,NA
2021-08-07 08:00:00,NA,70.27,10.00,15.00,27.00,NA,9.17,2.92,NA,NA,NA,NA,NA,NA,NA,NA,NA,NA,NA,NA,NA,NA,NA,NA
2021-08-07 09:00:00,NA,70.27,10.00,15.00,27.00,NA,9.36,2.83,NA,NA,NA,NA,NA,NA,NA,NA,NA,NA,NA,NA,NA,NA,NA,NA
2021-08-07 10:00:00,NA,NA,NA,NA,NA,NA,NA,NA,NA,NA,NA,NA,NA,NA,NA,NA,NA,NA,NA,NA,NA,NA,NA,NA
2021-08-07 11:00:00,NA,NA,NA,NA,NA,NA,NA,NA,NA,NA,NA,NA,NA,NA,NA,NA,NA,NA,NA,NA,NA,NA,NA,NA
2021-08-07 12:00:00,NA,NA,NA,NA,NA,NA,NA,NA,NA,NA,NA,NA,NA,NA,NA,NA,NA,NA,NA,NA,NA,NA,NA,NA
2021-08-07 13:00:00,NA,NA,NA,NA,NA,NA,NA,NA,NA,NA,NA,NA,NA,NA,NA,NA,NA,NA,NA,NA,NA,NA,NA,NA
2021-08-07 14:00:00,NA,NA,NA,NA,NA,NA,NA,NA,NA,NA,NA,NA,NA,NA,NA,NA,NA,NA,NA,NA,NA,NA,NA,NA
2021-08-07 15:00:00,NA,NA,NA,NA,NA,NA,NA,NA,NA,NA,NA,NA,NA,NA,NA,NA,NA,NA,NA,NA,NA,NA,NA,NA
2021-08-07 16:00:00,NA,NA,NA,NA,NA,NA,NA,NA,NA,NA,NA,NA,NA,NA,NA,NA,NA,NA,NA,NA,NA,NA,NA,NA
2021-08-07 17:00:00,NA,NA,NA,NA,NA,NA,NA,0.00,NA,NA,NA,NA,NA,NA,NA,NA,NA,NA,NA,NA,NA,NA,NA,NA
2021-08-07 18:00:00,NA,NA,NA,NA,0.00,NA,NA,0.00,NA,NA,NA,NA,NA,NA,NA,NA,NA,NA,NA,NA,NA,NA,NA,NA
2021-08-07 19:00:00,NA,NA,NA,NA,0.00,NA,NA,0.00,NA,NA,NA,NA,NA,NA,NA,NA,NA,NA,NA,NA,NA,NA,NA,NA
2021-08-07 20:00:00,NA,NA,NA,NA,0.00,NA,NA,0.00,NA,NA,NA,NA,NA,NA,NA,NA,NA,NA,NA,NA,NA,NA,NA,NA
2021-08-07 21:00:00,NA,NA,NA,NA,0.00,NA,NA,0.00,NA,NA,NA,NA,NA,NA,NA,NA,NA,NA,NA,NA,NA,NA,NA,NA
2021-08-07 22:00:00,NA,NA,NA,NA,0.00,NA,NA,0.00,NA,NA,NA,NA,NA,NA,NA,NA,NA,NA,NA,NA,NA,NA,NA,NA
2021-08-07 23:00:00,NA,NA,NA,NA,0.00,NA,NA,0.00,NA,NA,NA,NA,NA,NA,NA,NA,NA,NA,NA,NA,NA,NA,NA,NA
2021-08-08 00:00:00,NA,NA,NA,NA,NA,NA,NA,NA,NA,NA,NA,NA,NA,NA,NA,NA,NA,NA,NA,NA,NA,NA,NA,NA
2021-08-08 01:00:00,NA,NA,NA,NA,NA,NA,NA,NA,NA,NA,NA,NA,NA,NA,NA,NA,NA,NA,NA,NA,NA,NA,NA,NA
2021-08-08 02:00:00,NA,NA,NA,NA,NA,NA,NA,NA,NA,NA,NA,NA,NA,NA,NA,NA,NA,NA,NA,NA,NA,NA,NA,NA
2021-08-08 03:00:00,NA,NA,NA,NA,NA,NA,NA,NA,NA,NA,NA,NA,NA,NA,NA,NA,NA,NA,NA,NA,NA,NA,NA,NA
2021-08-08 04:00:00,NA,NA,NA,NA,NA,NA,NA,NA,NA,NA,NA,NA,NA,NA,NA,NA,NA,NA,NA,NA,NA,NA,NA,NA
2021-08-08 05:00:00,NA,NA,NA,NA,NA,NA,NA,NA,NA,NA,NA,NA,NA,NA,NA,NA,NA,NA,NA,NA,NA,NA,NA,NA
2021-08-08 06:00:00,NA,NA,NA,NA,NA,NA,NA,NA,NA,NA,NA,NA,NA,NA,NA,NA,NA,NA,NA,NA,NA,NA,NA,NA
2021-08-08 07:00:00,NA,NA,NA,NA,NA,NA,NA,NA,NA,NA,NA,NA,NA,NA,NA,NA,NA,NA,NA,NA,NA,NA,NA,NA
2021-08-08 08:00:00,NA,NA,NA,NA,NA,NA,NA,NA,NA,NA,NA,NA,NA,NA,NA,NA,NA,NA,NA,NA,NA,NA,NA,NA
2021-08-08 09:00:00,NA,NA,NA,NA,NA,NA,NA,NA,NA,NA,NA,NA,NA,NA,NA,NA,NA,NA,NA,NA,NA,NA,NA,NA
2021-08-08 10:00:00,NA,NA,NA,NA,NA,NA,NA,NA,NA,NA,NA,NA,NA,NA,NA,NA,NA,NA,NA,NA,NA,NA,NA,NA
2021-08-08 11:00:00,NA,NA,NA,NA,NA,NA,NA,NA,NA,NA,NA,NA,NA,NA,NA,NA,NA,NA,NA,NA,NA,NA,NA,NA
2021-08-08 12:00:00,NA,NA,NA,NA,NA,NA,NA,NA,NA,NA,NA,NA,NA,NA,NA,NA,NA,NA,NA,NA,NA,NA,NA,NA
2021-08-08 13:00:00,NA,NA,NA,NA,NA,NA,NA,NA,NA,NA,NA,NA,NA,NA,NA,NA,NA,NA,NA,NA,NA,NA,NA,NA
2021-08-08 14:00:00,NA,NA,NA,NA,NA,NA,NA,NA,NA,NA,NA,NA,NA,NA,NA,NA,NA,NA,NA,NA,NA,NA,NA,NA
2021-08-08 15:00:00,NA,NA,NA,NA,NA,NA,NA,NA,NA,NA,NA,NA,NA,NA,NA,NA,NA,NA,NA,NA,NA,NA,NA,NA
2021-08-08 16:00:00,NA,NA,NA,NA,NA,NA,NA,NA,NA,NA,NA,NA,NA,NA,NA,NA,NA,NA,NA,NA,NA,NA,NA,NA
2021-08-08 17:00:00,NA,NA,NA,NA,NA,NA,NA,NA,NA,NA,NA,NA,NA,NA,NA,NA,NA,NA,NA,NA,NA,NA,NA,NA
2021-08-08 18:00:00,NA,NA,NA,NA,NA,NA,NA,NA,NA,NA,NA,NA,NA,NA,NA,NA,NA,NA,NA,NA,NA,NA,NA,NA
2021-08-08 19:00:00,NA,NA,NA,NA,NA,NA,NA,NA,NA,NA,NA,NA,NA,NA,NA,NA,NA,NA,NA,NA,NA,NA,NA,NA
2021-08-08 20:00:00,NA,NA,NA,NA,NA,NA,NA,NA,NA,NA,NA,NA,NA,NA,NA,NA,NA,NA,NA,NA,NA,NA,NA,NA
2021-08-08 21:00:00,NA,NA,NA,NA,NA,NA,NA,NA,NA,NA,NA,NA,NA,NA,NA,NA,NA,NA,NA,NA,NA,NA,NA,NA
2021-08-08 22:00:00,NA,NA,NA,NA,NA,NA,NA,NA,NA,NA,NA,NA,NA,NA,NA,NA,NA,NA,NA,NA,NA,NA,NA,NA
2021-08-08 23:00:00,NA,NA,NA,NA,NA,NA,NA,NA,NA,NA,NA,NA,NA,NA,NA,NA,NA,NA,NA,NA,NA,NA,NA,NA
2021-08-09 00:00:00,NA,NA,NA,NA,NA,NA,NA,NA,NA,NA,NA,NA,NA,NA,NA,NA,NA,NA,NA,NA,NA,NA,NA,NA
2021-08-09 01:00:00,NA,NA,NA,NA,NA,NA,NA,NA,NA,NA,NA,NA,NA,NA,NA,NA,NA,NA,NA,NA,NA,NA,NA,NA
2021-08-09 02:00:00,NA,NA,NA,NA,NA,NA,NA,NA,NA,NA,NA,NA,NA,NA,NA,NA,NA,NA,NA,NA,NA,NA,NA,NA
2021-08-09 03:00:00,NA,NA,NA,NA,NA,NA,NA,NA,NA,NA,NA,NA,NA,NA,NA,NA,NA,NA,NA,NA,NA,NA,NA,NA
2021-08-09 04:00:00,NA,NA,NA,NA,NA,NA,NA,NA,NA,NA,NA,NA,NA,NA,NA,NA,NA,NA,NA,NA,NA,NA,NA,NA
2021-08-09 05:00:00,NA,NA,NA,NA,NA,NA,NA,NA,NA,NA,NA,NA,NA,NA,NA,NA,NA,NA,NA,NA,NA,NA,NA,NA
2021-08-09 06:00:00,NA,NA,NA,NA,NA,NA,NA,NA,NA,NA,NA,NA,NA,NA,NA,NA,NA,NA,NA,NA,NA,NA,NA,NA
2021-08-09 07:00:00,NA,NA,NA,NA,NA,NA,NA,NA,NA,NA,NA,NA,NA,NA,NA,NA,NA,NA,NA,NA,NA,NA,NA,NA
2021-08-09 08:00:00,NA,NA,NA,NA,NA,NA,NA,NA,NA,NA,NA,NA,NA,NA,NA,NA,NA,NA,NA,NA,NA,NA,NA,NA
2021-08-09 09:00:00,NA,70.27,10.00,15.00,27.00,NA,5.84,2.07,NA,NA,NA,NA,NA,NA,NA,NA,NA,NA,NA,NA,NA,NA,NA,NA
2021-08-09 10:00:00,NA,69.86,10.50,15.50,27.50,NA,7.32,2.21,NA,NA,NA,NA,NA,NA,NA,NA,NA,NA,NA,NA,NA,NA,NA,NA
2021-08-09 11:00:00,NA,69.46,11.00,16.00,28.00,NA,7.23,2.27,NA,NA,NA,NA,NA,NA,NA,NA,NA,NA,NA,NA,NA,NA,NA,NA
2021-08-09 12:00:00,NA,63.49,11.00,16.00,28.00,NA,7.27,1.82,NA,NA,NA,NA,NA,NA,NA,NA,NA,NA,NA,NA,NA,NA,NA,NA
2021-08-09 13:00:00,NA,59.46,11.00,16.00,28.00,NA,7.22,1.22,NA,NA,NA,NA,NA,NA,NA,NA,NA,NA,NA,NA,NA,NA,NA,NA
2021-08-09 14:00:00,NA,59.46,11.00,16.00,28.00,NA,7.02,1.21,NA,NA,NA,NA,NA,NA,NA,NA,NA,NA,NA,NA,NA,NA,NA,NA
2021-08-09 15:00:00,NA,59.46,11.00,16.00,28.00,NA,9.08,0.39,NA,NA,NA,NA,NA,NA,NA,NA,NA,NA,NA,NA,NA,NA,NA,NA
2021-08-09 16:00:00,NA,59.46,11.00,16.00,28.00,NA,9.07,NA,NA,NA,NA,NA,NA,NA,NA,NA,NA,NA,NA,NA,NA,NA,NA,NA
2021-08-09 17:00:00,NA,59.46,11.00,16.00,28.00,NA,8.96,NA,NA,NA,NA,NA,NA,NA,NA,NA,NA,NA,NA,NA,NA,NA,NA,NA
2021-08-09 18:00:00,NA,59.46,11.00,16.00,28.00,NA,9.12,NA,NA,NA,NA,NA,NA,NA,NA,NA,NA,NA,NA,NA,NA,NA,NA,NA
2021-08-09 19:00:00,NA,59.46,11.00,16.00,28.00,NA,9.44,0.17,NA,NA,NA,NA,NA,NA,NA,NA,NA,NA,NA,NA,NA,NA,NA,NA
2021-08-09 20:00:00,NA,59.46,11.00,16.00,28.00,NA,8.41,0.43,NA,NA,NA,NA,NA,NA,NA,NA,NA,NA,NA,NA,NA,NA,NA,NA
2021-08-09 21:00:00,NA,59.46,11.00,16.00,28.00,NA,8.80,0.76,NA,NA,NA,NA,NA,NA,NA,NA,NA,NA,NA,NA,NA,NA,NA,NA
2021-08-09 22:00:00,NA,59.46,11.00,16.00,28.00,NA,9.02,0.80,NA,NA,NA,NA,NA,NA,NA,NA,NA,NA,NA,NA,NA,NA,NA,NA
2021-08-09 23:00:00,NA,59.46,11.00,16.00,28.00,NA,9.02,0.26,NA,NA,NA,NA,NA,NA,NA,NA,NA,NA,NA,NA,NA,NA,NA,NA
2021-08-10 00:00:00,NA,59.46,11.00,16.00,28.00,NA,8.88,0.16,NA,NA,NA,NA,NA,NA,NA,NA,NA,NA,NA,NA,NA,NA,NA,NA
2021-08-10 01:00:00,NA,59.46,11.00,16.00,28.00,NA,2.43,0.07,NA,NA,NA,NA,NA,NA,NA,NA,NA,NA,NA,NA,NA,NA,NA,NA
2021-08-10 02:00:00,NA,59.46,11.00,16.00,28.00,NA,2.33,0.20,NA,NA,NA,NA,NA,NA,NA,NA,NA,NA,NA,NA,NA,NA,NA,NA
2021-08-10 03:00:00,NA,59.46,11.00,16.00,28.00,NA,2.21,0.37,NA,NA,NA,NA,NA,NA,NA,NA,NA,NA,NA,NA,NA,NA,NA,NA
2021-08-10 04:00:00,NA,59.46,11.00,16.00,28.00,NA,2.12,0.60,NA,NA,NA,NA,NA,NA,NA,NA,NA,NA,NA,NA,NA,NA,NA,NA
2021-08-10 05:00:00,NA,59.46,11.00,16.00,28.00,NA,2.12,1.08,NA,NA,NA,NA,NA,NA,NA,NA,NA,NA,NA,NA,NA,NA,NA,NA
2021-08-10 06:00:00,NA,59.46,11.00,16.00,28.00,NA,4.73,1.14,NA,NA,NA,NA,NA,NA,NA,NA,NA,NA,NA,NA,NA,NA,NA,NA
2021-08-10 07:00:00,NA,59.46,11.00,16.00,28.00,NA,4.88,1.35,NA,NA,NA,NA,NA,NA,NA,NA,NA,NA,NA,NA,NA,NA,NA,NA
2021-08-10 08:00:00,NA,59.46,11.00,16.00,28.00,NA,5.02,1.76,NA,NA,NA,NA,NA,NA,NA,NA,NA,NA,NA,NA,NA,NA,NA,NA
2021-08-10 09:00:00,NA,59.46,11.00,16.00,28.00,NA,5.09,1.70,NA,NA,NA,NA,NA,NA,NA,NA,NA,NA,NA,NA,NA,NA,NA,NA
2021-08-10 10:00:00,NA,67.25,11.00,16.00,28.00,NA,5.15,1.75,NA,NA,NA,NA,NA,NA,NA,NA,NA,NA,NA,NA,NA,NA,NA,NA
2021-08-10 11:00:00,NA,70.66,11.00,16.00,28.00,NA,4.03,1.80,NA,NA,NA,NA,NA,NA,NA,NA,NA,NA,NA,NA,NA,NA,NA,NA
2021-08-10 12:00:00,NA,76.03,11.35,15.65,27.65,NA,3.61,1.10,NA,NA,NA,NA,NA,NA,NA,NA,NA,NA,NA,NA,NA,NA,NA,NA
2021-08-10 13:00:00,NA,82.46,12.00,15.00,27.00,NA,3.77,0.79,NA,NA,NA,NA,NA,NA,NA,NA,NA,NA,NA,NA,NA,NA,NA,NA
2021-08-10 14:00:00,NA,79.88,11.63,15.00,27.37,NA,3.42,0.74,NA,NA,NA,NA,NA,NA,NA,NA,NA,NA,NA,NA,NA,NA,NA,NA
2021-08-10 15:00:00,NA,72.77,11.00,15.00,28.00,NA,3.56,0.55,NA,NA,NA,NA,NA,NA,NA,NA,NA,NA,NA,NA,NA,NA,NA,NA
2021-08-10 16:00:00,NA,70.46,11.00,15.00,28.00,NA,5.72,0.52,NA,NA,NA,NA,NA,NA,NA,NA,NA,NA,NA,NA,NA,NA,NA,NA
2021-08-10 17:00:00,NA,70.46,11.00,15.00,28.00,NA,5.78,NA,NA,NA,NA,NA,NA,NA,NA,NA,NA,NA,NA,NA,NA,NA,NA,NA
2021-08-10 18:00:00,NA,70.46,11.00,15.00,28.00,NA,5.75,0.35,NA,NA,NA,NA,NA,NA,NA,NA,NA,NA,NA,NA,NA,NA,NA,NA
2021-08-10 19:00:00,NA,70.46,11.00,15.00,28.00,NA,5.70,0.52,NA,NA,NA,NA,NA,NA,NA,NA,NA,NA,NA,NA,NA,NA,NA,NA
2021-08-10 20:00:00,NA,70.46,11.00,15.00,28.00,NA,5.78,0.04,NA,NA,NA,NA,NA,NA,NA,NA,NA,NA,NA,NA,NA,NA,NA,NA
2021-08-10 21:00:00,NA,70.46,11.00,15.00,28.00,NA,6.23,0.05,NA,NA,NA,NA,NA,NA,NA,NA,NA,NA,NA,NA,NA,NA,NA,NA
2021-08-10 22:00:00,NA,70.46,11.00,15.00,28.00,NA,6.32,0.08,NA,NA,NA,NA,NA,NA,NA,NA,NA,NA,NA,NA,NA,NA,NA,NA
2021-08-10 23:00:00,NA,70.46,11.00,15.00,28.00,NA,6.23,0.04,NA,NA,NA,NA,NA,NA,NA,NA,NA,NA,NA,NA,NA,NA,NA,NA
2021-08-11 00:00:00,NA,70.46,11.00,15.00,28.00,NA,6.08,0.27,NA,NA,NA,NA,NA,NA,NA,NA,NA,NA,NA,NA,NA,NA,NA,NA
2021-08-11 01:00:00,NA,70.46,11.00,15.00,21.00,NA,6.42,0.05,NA,NA,NA,NA,NA,NA,NA,NA,NA,NA,NA,NA,NA,NA,NA,NA
2021-08-11 02:00:00,NA,70.46,11.00,15.00,28.00,NA,7.74,0.41,NA,NA,NA,NA,NA,NA,NA,NA,NA,NA,NA,NA,NA,NA,NA,NA
2021-08-11 03:00:00,NA,70.46,11.00,15.00,28.00,NA,7.66,0.57,NA,NA,NA,NA,NA,NA,NA,NA,NA,NA,NA,NA,NA,NA,NA,NA
2021-08-11 04:00:00,NA,70.46,11.00,15.00,28.00,NA,7.65,0.92,NA,NA,NA,NA,NA,NA,NA,NA,NA,NA,NA,NA,NA,NA,NA,NA
2021-08-11 05:00:00,NA,70.46,11.00,15.00,28.00,NA,7.55,1.21,NA,NA,NA,NA,NA,NA,NA,NA,NA,NA,NA,NA,NA,NA,NA,NA
2021-08-11 06:00:00,NA,70.46,11.00,15.00,28.00,NA,7.74,1.22,NA,NA,NA,NA,NA,NA,NA,NA,NA,NA,NA,NA,NA,NA,NA,NA
2021-08-11 07:00:00,NA,70.46,11.00,15.00,21.00,NA,7.75,2.75,NA,NA,NA,NA,NA,NA,NA,NA,NA,NA,NA,NA,NA,NA,NA,NA
2021-08-11 08:00:00,NA,70.46,11.00,15.00,28.00,NA,7.99,0.81,NA,NA,NA,NA,NA,NA,NA,NA,NA,NA,NA,NA,NA,NA,NA,NA
2021-08-11 09:00:00,NA,70.46,11.00,15.00,28.00,NA,8.04,0.59,NA,NA,NA,NA,NA,NA,NA,NA,NA,NA,NA,NA,NA,NA,NA,NA
2021-08-11 10:00:00,NA,55.16,11.00,15.00,28.00,NA,7.88,0.97,NA,NA,NA,NA,NA,NA,NA,NA,NA,NA,NA,NA,NA,NA,NA,NA
2021-08-11 11:00:00,NA,50.46,11.84,15.00,28.00,NA,7.81,0.44,NA,NA,NA,NA,NA,NA,NA,NA,NA,NA,NA,NA,NA,NA,NA,NA
2021-08-11 12:00:00,NA,50.46,12.00,15.00,28.00,NA,6.58,0.23,NA,NA,NA,NA,NA,NA,NA,NA,NA,NA,NA,NA,NA,NA,NA,NA
2021-08-11 13:00:00,NA,46.46,12.00,15.00,28.00,NA,6.47,0.37,NA,NA,NA,NA,NA,NA,NA,NA,NA,NA,NA,NA,NA,NA,NA,NA
2021-08-11 14:00:00,NA,42.46,12.00,15.00,28.00,NA,6.47,0.57,NA,NA,NA,NA,NA,NA,NA,NA,NA,NA,NA,NA,NA,NA,NA,NA
2021-08-11 15:00:00,NA,NA,12.00,15.00,7.00,NA,6.21,0.00,NA,NA,NA,NA,NA,NA,NA,NA,NA,NA,NA,NA,NA,NA,NA,NA
2021-08-11 16:00:00,NA,NA,NA,NA,0.00,NA,NA,0.00,NA,NA,NA,NA,NA,NA,NA,NA,NA,NA,NA,NA,NA,NA,NA,NA
2021-08-11 17:00:00,NA,NA,NA,NA,0.00,NA,NA,0.00,NA,NA,NA,NA,NA,NA,NA,NA,NA,NA,NA,NA,NA,NA,NA,NA
2021-08-11 18:00:00,NA,NA,NA,NA,0.00,NA,NA,0.00,NA,NA,NA,NA,NA,NA,NA,NA,NA,NA,NA,NA,NA,NA,NA,NA
2021-08-11 19:00:00,NA,NA,NA,NA,0.00,NA,NA,0.00,NA,NA,NA,NA,NA,NA,NA,NA,NA,NA,NA,NA,NA,NA,NA,NA
2021-08-11 20:00:00,NA,NA,NA,NA,0.00,NA,NA,0.00,NA,NA,NA,NA,NA,NA,NA,NA,NA,NA,NA,NA,NA,NA,NA,NA
2021-08-11 21:00:00,NA,NA,NA,NA,0.00,NA,NA,0.00,NA,NA,NA,NA,NA,NA,NA,NA,NA,NA,NA,NA,NA,NA,NA,NA
2021-08-11 22:00:00,NA,NA,NA,NA,0.00,NA,NA,0.00,NA,NA,NA,NA,NA,NA,NA,NA,NA,NA,NA,NA,NA,NA,NA,NA
2021-08-11 23:00:00,NA,NA,NA,NA,0.00,NA,NA,0.00,NA,NA,NA,NA,NA,NA,NA,NA,NA,NA,NA,NA,NA,NA,NA,NA
2021-08-12 00:00:00,NA,NA,NA,NA,NA,NA,NA,NA,NA,NA,NA,NA,NA,NA,NA,NA,NA,NA,NA,NA,NA,NA,NA,NA
2021-08-12 01:00:00,NA,NA,NA,NA,NA,NA,NA,NA,NA,NA,NA,NA,NA,NA,NA,NA,NA,NA,NA,NA,NA,NA,NA,NA
2021-08-12 02:00:00,NA,NA,NA,NA,NA,NA,NA,NA,NA,NA,NA,NA,NA,NA,NA,NA,NA,NA,NA,NA,NA,NA,NA,NA
2021-08-12 03:00:00,NA,NA,NA,NA,NA,NA,NA,NA,NA,NA,NA,NA,NA,NA,NA,NA,NA,NA,NA,NA,NA,NA,NA,NA
2021-08-12 04:00:00,NA,NA,NA,NA,NA,NA,NA,NA,NA,NA,NA,NA,NA,NA,NA,NA,NA,NA,NA,NA,NA,NA,NA,NA
2021-08-12 05:00:00,NA,NA,NA,NA,NA,NA,NA,NA,NA,NA,NA,NA,NA,NA,NA,NA,NA,NA,NA,NA,NA,NA,NA,NA
2021-08-12 06:00:00,NA,NA,NA,NA,NA,NA,NA,NA,NA,NA,NA,NA,NA,NA,NA,NA,NA,NA,NA,NA,NA,NA,NA,NA
2021-08-12 07:00:00,NA,NA,NA,NA,NA,NA,NA,NA,NA,NA,NA,NA,NA,NA,NA,NA,NA,NA,NA,NA,NA,NA,NA,NA
2021-08-12 08:00:00,NA,NA,NA,NA,NA,NA,NA,NA,NA,NA,NA,NA,NA,NA,NA,NA,NA,NA,NA,NA,NA,NA,NA,NA
2021-08-12 09:00:00,NA,NA,NA,NA,NA,NA,NA,NA,NA,NA,NA,NA,NA,NA,NA,NA,NA,NA,NA,NA,NA,NA,NA,NA
2021-08-12 10:00:00,NA,NA,NA,NA,NA,NA,NA,NA,NA,NA,NA,NA,NA,NA,NA,NA,NA,NA,NA,NA,NA,NA,NA,NA
2021-08-12 11:00:00,NA,NA,12.00,NA,28.00,NA,6.63,1.75,NA,NA,NA,NA,NA,NA,NA,NA,NA,NA,NA,NA,NA,NA,NA,NA
2021-08-12 12:00:00,NA,42.46,12.00,15.00,28.00,NA,6.71,1.70,NA,NA,NA,NA,NA,NA,NA,NA,NA,NA,NA,NA,NA,NA,NA,NA
2021-08-12 13:00:00,NA,42.46,12.00,15.00,28.00,NA,5.60,1.86,NA,NA,NA,NA,NA,NA,NA,NA,NA,NA,NA,NA,NA,NA,NA,NA
2021-08-12 14:00:00,NA,42.46,12.00,15.00,28.00,NA,5.61,1.74,NA,NA,NA,NA,NA,NA,NA,NA,NA,NA,NA,NA,NA,NA,NA,NA
2021-08-12 15:00:00,NA,42.46,12.00,15.00,28.00,NA,5.61,1.66,NA,NA,NA,NA,NA,NA,NA,NA,NA,NA,NA,NA,NA,NA,NA,NA
2021-08-12 16:00:00,NA,42.46,12.00,15.00,28.00,NA,5.75,1.56,NA,NA,NA,NA,NA,NA,NA,NA,NA,NA,NA,NA,NA,NA,NA,NA
2021-08-12 17:00:00,NA,42.46,12.00,15.00,28.00,NA,5.92,1.76,NA,NA,NA,NA,NA,NA,NA,NA,NA,NA,NA,NA,NA,NA,NA,NA
2021-08-12 18:00:00,NA,42.46,12.00,15.00,28.00,NA,6.39,2.89,NA,NA,NA,NA,NA,NA,NA,NA,NA,NA,NA,NA,NA,NA,NA,NA
2021-08-12 19:00:00,NA,42.46,12.00,15.00,28.00,NA,6.68,3.97,NA,NA,NA,NA,NA,NA,NA,NA,NA,NA,NA,NA,NA,NA,NA,NA
2021-08-12 20:00:00,NA,42.47,12.00,15.00,28.00,NA,6.68,3.14,NA,NA,NA,NA,NA,NA,NA,NA,NA,NA,NA,NA,NA,NA,NA,NA
2021-08-12 21:00:00,NA,42.46,12.00,15.00,28.00,NA,6.08,3.15,NA,NA,NA,NA,NA,NA,NA,NA,NA,NA,NA,NA,NA,NA,NA,NA
2021-08-12 22:00:00,NA,42.46,12.00,15.00,28.00,NA,6.29,2.58,NA,NA,NA,NA,NA,NA,NA,NA,NA,NA,NA,NA,NA,NA,NA,NA
2021-08-12 23:00:00,NA,42.46,12.00,15.00,28.00,NA,7.30,2.28,NA,NA,NA,NA,NA,NA,NA,NA,NA,NA,NA,NA,NA,NA,NA,NA
2021-08-13 00:00:00,NA,42.46,12.00,15.00,28.00,NA,7.31,0.90,NA,NA,NA,NA,NA,NA,NA,NA,NA,NA,NA,NA,NA,NA,NA,NA
2021-08-13 01:00:00,NA,42.46,12.00,15.00,28.00,NA,6.98,0.66,NA,NA,NA,NA,NA,NA,NA,NA,NA,NA,NA,NA,NA,NA,NA,NA
2021-08-13 02:00:00,NA,42.46,12.00,15.00,28.00,NA,7.00,0.62,NA,NA,NA,NA,NA,NA,NA,NA,NA,NA,NA,NA,NA,NA,NA,NA
2021-08-13 03:00:00,NA,42.46,12.00,15.00,28.00,NA,6.85,0.66,NA,NA,NA,NA,NA,NA,NA,NA,NA,NA,NA,NA,NA,NA,NA,NA
2021-08-13 04:00:00,NA,42.46,12.00,15.00,28.00,NA,4.83,0.68,NA,NA,NA,NA,NA,NA,NA,NA,NA,NA,NA,NA,NA,NA,NA,NA
2021-08-13 05:00:00,NA,42.46,12.00,15.00,28.00,NA,5.15,1.59,NA,NA,NA,NA,NA,NA,NA,NA,NA,NA,NA,NA,NA,NA,NA,NA
2021-08-13 06:00:00,NA,42.46,12.00,15.00,21.00,NA,5.27,1.55,NA,NA,NA,NA,NA,NA,NA,NA,NA,NA,NA,NA,NA,NA,NA,NA
2021-08-13 07:00:00,NA,42.46,12.00,15.00,28.00,NA,4.94,2.32,NA,NA,NA,NA,NA,NA,NA,NA,NA,NA,NA,NA,NA,NA,NA,NA
2021-08-13 08:00:00,NA,42.46,12.00,15.00,28.00,NA,5.04,1.75,NA,NA,NA,NA,NA,NA,NA,NA,NA,NA,NA,NA,NA,NA,NA,NA
2021-08-13 09:00:00,NA,42.46,12.00,15.00,28.00,NA,7.30,1.60,NA,NA,NA,NA,NA,NA,NA,NA,NA,NA,NA,NA,NA,NA,NA,NA
2021-08-13 10:00:00,NA,33.90,12.32,15.17,28.46,NA,7.34,1.47,NA,NA,NA,NA,NA,NA,NA,NA,NA,NA,NA,NA,NA,NA,NA,NA
2021-08-13 11:00:00,NA,63.20,12.70,15.40,29.10,NA,7.24,1.41,NA,NA,NA,NA,NA,NA,NA,NA,NA,NA,NA,NA,NA,NA,NA,NA
2021-08-13 12:00:00,NA,62.88,12.70,15.40,29.10,NA,7.20,1.13,NA,NA,NA,NA,NA,NA,NA,NA,NA,NA,NA,NA,NA,NA,NA,NA
2021-08-13 13:00:00,NA,63.37,12.70,15.40,29.10,NA,7.09,0.79,NA,NA,NA,NA,NA,NA,NA,NA,NA,NA,NA,NA,NA,NA,NA,NA
2021-08-13 14:00:00,NA,64.93,13.26,16.24,29.10,NA,8.00,0.51,NA,NA,NA,NA,NA,NA,NA,NA,NA,NA,NA,NA,NA,NA,NA,NA
2021-08-13 15:00:00,NA,68.04,14.70,18.40,29.10,NA,8.06,0.55,NA,NA,NA,NA,NA,NA,NA,NA,NA,NA,NA,NA,NA,NA,NA,NA
2021-08-13 16:00:00,NA,67.74,14.70,18.40,29.10,NA,7.96,0.46,NA,NA,NA,NA,NA,NA,NA,NA,NA,NA,NA,NA,NA,NA,NA,NA
2021-08-13 17:00:00,NA,67.42,14.70,18.40,29.10,NA,7.94,0.47,NA,NA,NA,NA,NA,NA,NA,NA,NA,NA,NA,NA,NA,NA,NA,NA
2021-08-13 18:00:00,NA,63.65,14.70,18.40,29.10,NA,8.04,0.50,NA,NA,NA,NA,NA,NA,NA,NA,NA,NA,NA,NA,NA,NA,NA,NA
2021-08-13 19:00:00,NA,63.54,14.70,18.40,29.10,NA,8.84,0.60,NA,NA,NA,NA,NA,NA,NA,NA,NA,NA,NA,NA,NA,NA,NA,NA
2021-08-13 20:00:00,NA,63.46,14.70,18.40,29.10,NA,9.45,1.03,NA,NA,NA,NA,NA,NA,NA,NA,NA,NA,NA,NA,NA,NA,NA,NA
2021-08-13 21:00:00,NA,63.53,14.70,18.40,29.10,NA,9.74,1.68,NA,NA,NA,NA,NA,NA,NA,NA,NA,NA,NA,NA,NA,NA,NA,NA
2021-08-13 22:00:00,NA,63.10,14.70,18.40,29.10,NA,9.98,1.51,NA,NA,NA,NA,NA,NA,NA,NA,NA,NA,NA,NA,NA,NA,NA,NA
2021-08-13 23:00:00,NA,63.20,14.70,18.40,29.10,NA,10.04,1.31,NA,NA,NA,NA,NA,NA,NA,NA,NA,NA,NA,NA,NA,NA,NA,NA
2021-08-14 00:00:00,NA,NA,14.70,18.40,29.11,NA,7.66,1.01,NA,NA,NA,NA,NA,NA,NA,NA,NA,NA,NA,NA,NA,NA,NA,NA
2021-08-14 01:00:00,NA,63.44,14.70,18.40,29.10,NA,7.68,0.91,NA,NA,NA,NA,NA,NA,NA,NA,NA,NA,NA,NA,NA,NA,NA,NA
2021-08-14 02:00:00,NA,63.18,14.70,18.40,29.10,NA,7.70,0.96,NA,NA,NA,NA,NA,NA,NA,NA,NA,NA,NA,NA,NA,NA,NA,NA
2021-08-14 03:00:00,NA,63.38,14.70,18.40,29.10,NA,7.66,1.08,NA,NA,NA,NA,NA,NA,NA,NA,NA,NA,NA,NA,NA,NA,NA,NA
2021-08-14 04:00:00,NA,63.10,14.70,18.40,29.10,NA,7.46,1.39,NA,NA,NA,NA,NA,NA,NA,NA,NA,NA,NA,NA,NA,NA,NA,NA
2021-08-14 05:00:00,NA,63.29,14.70,18.40,29.10,NA,6.42,1.62,NA,NA,NA,NA,NA,NA,NA,NA,NA,NA,NA,NA,NA,NA,NA,NA
2021-08-14 06:00:00,NA,63.34,14.70,18.40,29.10,NA,6.16,1.68,NA,NA,NA,NA,NA,NA,NA,NA,NA,NA,NA,NA,NA,NA,NA,NA
2021-08-14 07:00:00,NA,63.40,14.70,18.40,29.10,NA,6.29,1.80,NA,NA,NA,NA,NA,NA,NA,NA,NA,NA,NA,NA,NA,NA,NA,NA
2021-08-14 08:00:00,NA,63.28,14.70,18.40,29.10,NA,6.17,1.80,NA,NA,NA,NA,NA,NA,NA,NA,NA,NA,NA,NA,NA,NA,NA,NA
2021-08-14 09:00:00,NA,63.32,14.70,18.40,29.10,NA,6.33,1.69,NA,NA,NA,NA,NA,NA,NA,NA,NA,NA,NA,NA,NA,NA,NA,NA
2021-08-14 10:00:00,NA,63.14,14.70,18.40,29.10,NA,5.68,1.44,NA,NA,NA,NA,NA,NA,NA,NA,NA,NA,NA,NA,NA,NA,NA,NA
2021-08-14 11:00:00,NA,62.99,14.70,18.40,29.10,NA,5.60,1.01,NA,NA,NA,NA,NA,NA,NA,NA,NA,NA,NA,NA,NA,NA,NA,NA
2021-08-14 12:00:00,NA,63.36,14.70,18.40,29.10,NA,5.62,0.83,NA,NA,NA,NA,NA,NA,NA,NA,NA,NA,NA,NA,NA,NA,NA,NA
2021-08-14 13:00:00,NA,63.40,14.70,18.40,29.10,NA,5.50,0.63,NA,NA,NA,NA,NA,NA,NA,NA,NA,NA,NA,NA,NA,NA,NA,NA
2021-08-14 14:00:00,NA,63.04,14.70,18.40,29.10,NA,5.51,0.54,NA,NA,NA,NA,NA,NA,NA,NA,NA,NA,NA,NA,NA,NA,NA,NA
2021-08-14 15:00:00,NA,63.11,14.70,18.40,29.10,NA,5.18,0.28,NA,NA,NA,NA,NA,NA,NA,NA,NA,NA,NA,NA,NA,NA,NA,NA
2021-08-14 16:00:00,NA,63.38,14.70,18.40,29.10,NA,5.24,0.02,NA,NA,NA,NA,NA,NA,NA,NA,NA,NA,NA,NA,NA,NA,NA,NA
2021-08-14 17:00:00,NA,63.12,14.70,18.40,29.10,NA,5.26,0.00,NA,NA,NA,NA,NA,NA,NA,NA,NA,NA,NA,NA,NA,NA,NA,NA
2021-08-14 18:00:00,NA,63.46,14.70,18.40,29.10,NA,5.34,0.14,NA,NA,NA,NA,NA,NA,NA,NA,NA,NA,NA,NA,NA,NA,NA,NA
2021-08-14 19:00:00,NA,63.20,14.70,18.40,29.10,NA,5.32,0.26,NA,NA,NA,NA,NA,NA,NA,NA,NA,NA,NA,NA,NA,NA,NA,NA
2021-08-14 20:00:00,NA,63.12,14.70,18.40,29.10,NA,8.15,1.19,NA,NA,NA,NA,NA,NA,NA,NA,NA,NA,NA,NA,NA,NA,NA,NA
2021-08-14 21:00:00,NA,63.42,14.70,18.40,29.10,NA,8.33,1.34,NA,NA,NA,NA,NA,NA,NA,NA,NA,NA,NA,NA,NA,NA,NA,NA
2021-08-14 22:00:00,NA,63.29,14.70,18.40,29.10,NA,8.61,1.50,NA,NA,NA,NA,NA,NA,NA,NA,NA,NA,NA,NA,NA,NA,NA,NA
2021-08-14 23:00:00,NA,63.00,14.70,18.40,29.10,NA,8.65,1.41,NA,NA,NA,NA,NA,NA,NA,NA,NA,NA,NA,NA,NA,NA,NA,NA
2021-08-15 00:00:00,NA,NA,14.70,18.40,29.10,NA,8.70,1.07,NA,NA,NA,NA,NA,NA,NA,NA,NA,NA,NA,NA,NA,NA,NA,NA
2021-08-15 01:00:00,NA,63.17,14.70,18.40,29.10,NA,5.45,1.00,NA,NA,NA,NA,NA,NA,NA,NA,NA,NA,NA,NA,NA,NA,NA,NA
2021-08-15 02:00:00,NA,63.15,14.70,18.40,29.10,NA,5.70,1.18,NA,NA,NA,NA,NA,NA,NA,NA,NA,NA,NA,NA,NA,NA,NA,NA
2021-08-15 03:00:00,NA,63.22,14.70,18.40,29.10,NA,5.44,1.33,NA,NA,NA,NA,NA,NA,NA,NA,NA,NA,NA,NA,NA,NA,NA,NA
2021-08-15 04:00:00,NA,63.44,14.70,18.40,29.10,NA,5.12,1.55,NA,NA,NA,NA,NA,NA,NA,NA,NA,NA,NA,NA,NA,NA,NA,NA
2021-08-15 05:00:00,NA,62.88,14.70,18.40,29.10,NA,5.30,1.72,NA,NA,NA,NA,NA,NA,NA,NA,NA,NA,NA,NA,NA,NA,NA,NA
2021-08-15 06:00:00,NA,63.25,14.70,18.40,29.10,NA,7.09,1.99,NA,NA,NA,NA,NA,NA,NA,NA,NA,NA,NA,NA,NA,NA,NA,NA
2021-08-15 07:00:00,NA,63.24,14.70,18.40,29.10,NA,7.14,1.86,NA,NA,NA,NA,NA,NA,NA,NA,NA,NA,NA,NA,NA,NA,NA,NA
2021-08-15 08:00:00,NA,63.26,14.70,18.40,29.10,NA,7.23,2.02,NA,NA,NA,NA,NA,NA,NA,NA,NA,NA,NA,NA,NA,NA,NA,NA
2021-08-15 09:00:00,NA,63.16,14.70,18.40,29.10,NA,7.22,1.93,NA,NA,NA,NA,NA,NA,NA,NA,NA,NA,NA,NA,NA,NA,NA,NA
2021-08-15 10:00:00,NA,63.00,14.70,18.40,29.10,NA,7.07,1.73,NA,NA,NA,NA,NA,NA,NA,NA,NA,NA,NA,NA,NA,NA,NA,NA
2021-08-15 11:00:00,NA,63.41,14.70,18.40,29.10,NA,5.56,1.53,NA,NA,NA,NA,NA,NA,NA,NA,NA,NA,NA,NA,NA,NA,NA,NA
2021-08-15 12:00:00,NA,63.52,14.70,18.40,29.10,NA,5.54,1.24,NA,NA,NA,NA,NA,NA,NA,NA,NA,NA,NA,NA,NA,NA,NA,NA
2021-08-15 13:00:00,NA,63.18,14.70,18.40,29.10,NA,5.64,0.76,NA,NA,NA,NA,NA,NA,NA,NA,NA,NA,NA,NA,NA,NA,NA,NA
2021-08-15 14:00:00,NA,63.30,14.70,18.40,29.10,NA,5.38,0.46,NA,NA,NA,NA,NA,NA,NA,NA,NA,NA,NA,NA,NA,NA,NA,NA
2021-08-15 15:00:00,NA,63.42,14.70,18.40,29.10,NA,5.04,0.24,NA,NA,NA,NA,NA,NA,NA,NA,NA,NA,NA,NA,NA,NA,NA,NA
2021-08-15 16:00:00,NA,63.45,14.70,18.40,29.10,NA,7.10,0.06,NA,NA,NA,NA,NA,NA,NA,NA,NA,NA,NA,NA,NA,NA,NA,NA
2021-08-15 17:00:00,NA,63.13,14.70,18.40,29.10,NA,7.21,0.03,NA,NA,NA,NA,NA,NA,NA,NA,NA,NA,NA,NA,NA,NA,NA,NA
2021-08-15 18:00:00,NA,63.16,14.70,18.40,29.10,NA,7.33,0.16,NA,NA,NA,NA,NA,NA,NA,NA,NA,NA,NA,NA,NA,NA,NA,NA
2021-08-15 19:00:00,NA,63.41,14.70,18.40,29.10,NA,7.54,0.05,NA,NA,NA,NA,NA,NA,NA,NA,NA,NA,NA,NA,NA,NA,NA,NA
2021-08-15 20:00:00,NA,63.62,14.70,18.40,29.10,NA,7.54,0.36,NA,NA,NA,NA,NA,NA,NA,NA,NA,NA,NA,NA,NA,NA,NA,NA
2021-08-15 21:00:00,NA,63.32,14.70,18.40,29.10,NA,6.93,0.61,NA,NA,NA,NA,NA,NA,NA,NA,NA,NA,NA,NA,NA,NA,NA,NA
2021-08-15 22:00:00,NA,63.27,14.70,18.40,29.10,NA,7.20,0.96,NA,NA,NA,NA,NA,NA,NA,NA,NA,NA,NA,NA,NA,NA,NA,NA
2021-08-15 23:00:00,NA,63.25,14.70,18.40,29.10,NA,7.19,0.96,NA,NA,NA,NA,NA,NA,NA,NA,NA,NA,NA,NA,NA,NA,NA,NA
2021-08-16 00:00:00,NA,NA,14.70,18.40,29.10,NA,7.24,1.05,NA,NA,NA,NA,NA,NA,NA,NA,NA,NA,NA,NA,NA,NA,NA,NA
2021-08-16 01:00:00,NA,63.32,14.70,18.40,29.10,NA,7.36,1.00,NA,NA,NA,NA,NA,NA,NA,NA,NA,NA,NA,NA,NA,NA,NA,NA
2021-08-16 02:00:00,NA,63.47,14.70,18.40,29.10,NA,9.14,0.90,NA,NA,NA,NA,NA,NA,NA,NA,NA,NA,NA,NA,NA,NA,NA,NA
2021-08-16 03:00:00,NA,63.20,14.70,18.40,29.10,NA,9.40,0.84,NA,NA,NA,NA,NA,NA,NA,NA,NA,NA,NA,NA,NA,NA,NA,NA
2021-08-16 04:00:00,NA,63.20,14.70,18.40,29.10,NA,9.32,0.94,NA,NA,NA,NA,NA,NA,NA,NA,NA,NA,NA,NA,NA,NA,NA,NA
2021-08-16 05:00:00,NA,63.16,14.70,18.40,29.10,NA,9.32,1.03,NA,NA,NA,NA,NA,NA,NA,NA,NA,NA,NA,NA,NA,NA,NA,NA
2021-08-16 06:00:00,NA,63.20,14.70,18.40,29.10,NA,9.26,1.17,NA,NA,NA,NA,NA,NA,NA,NA,NA,NA,NA,NA,NA,NA,NA,NA
2021-08-16 07:00:00,NA,63.14,14.70,18.40,29.10,NA,8.64,1.19,NA,NA,NA,NA,NA,NA,NA,NA,NA,NA,NA,NA,NA,NA,NA,NA
2021-08-16 08:00:00,NA,63.34,14.70,18.40,29.10,NA,8.84,1.48,NA,NA,NA,NA,NA,NA,NA,NA,NA,NA,NA,NA,NA,NA,NA,NA
2021-08-16 09:00:00,NA,63.01,14.70,18.40,29.10,NA,8.74,1.80,NA,NA,NA,NA,NA,NA,NA,NA,NA,NA,NA,NA,NA,NA,NA,NA
2021-08-16 10:00:00,NA,61.08,14.20,18.15,28.60,NA,8.77,1.71,NA,NA,NA,NA,NA,NA,NA,NA,NA,NA,NA,NA,NA,NA,NA,NA
2021-08-16 11:00:00,NA,58.37,12.70,17.40,27.10,NA,8.64,1.84,NA,NA,NA,NA,NA,NA,NA,NA,NA,NA,NA,NA,NA,NA,NA,NA
2021-08-16 12:00:00,NA,58.30,12.70,17.40,27.10,NA,6.14,1.75,NA,NA,NA,NA,NA,NA,NA,NA,NA,NA,NA,NA,NA,NA,NA,NA
2021-08-16 13:00:00,NA,58.38,12.70,17.40,27.11,NA,6.03,1.50,NA,NA,NA,NA,NA,NA,NA,NA,NA,NA,NA,NA,NA,NA,NA,NA
2021-08-16 14:00:00,NA,58.32,12.70,17.40,27.10,NA,5.97,1.40,NA,NA,NA,NA,NA,NA,NA,NA,NA,NA,NA,NA,NA,NA,NA,NA
2021-08-16 15:00:00,NA,58.42,12.70,17.40,27.10,NA,5.83,1.16,NA,NA,NA,NA,NA,NA,NA,NA,NA,NA,NA,NA,NA,NA,NA,NA
2021-08-16 16:00:00,NA,58.24,12.70,17.40,27.10,NA,5.86,0.94,NA,NA,NA,NA,NA,NA,NA,NA,NA,NA,NA,NA,NA,NA,NA,NA
2021-08-16 17:00:00,NA,58.11,12.70,17.40,27.10,NA,6.80,0.82,NA,NA,NA,NA,NA,NA,NA,NA,NA,NA,NA,NA,NA,NA,NA,NA
2021-08-16 18:00:00,NA,58.54,12.70,17.40,27.10,NA,6.94,1.39,NA,NA,NA,NA,NA,NA,NA,NA,NA,NA,NA,NA,NA,NA,NA,NA
2021-08-16 19:00:00,NA,58.37,12.70,17.40,27.10,NA,7.08,1.66,NA,NA,NA,NA,NA,NA,NA,NA,NA,NA,NA,NA,NA,NA,NA,NA
2021-08-16 20:00:00,NA,58.06,12.70,17.40,27.10,NA,7.25,1.32,NA,NA,NA,NA,NA,NA,NA,NA,NA,NA,NA,NA,NA,NA,NA,NA
2021-08-16 21:00:00,NA,58.53,12.70,17.40,27.10,NA,7.60,1.68,NA,NA,NA,NA,NA,NA,NA,NA,NA,NA,NA,NA,NA,NA,NA,NA
2021-08-16 22:00:00,NA,58.15,12.70,17.40,27.10,NA,7.87,1.87,NA,NA,NA,NA,NA,NA,NA,NA,NA,NA,NA,NA,NA,NA,NA,NA
2021-08-16 23:00:00,NA,58.25,12.70,17.40,27.10,NA,7.99,1.94,NA,NA,NA,NA,NA,NA,NA,NA,NA,NA,NA,NA,NA,NA,NA,NA
2021-08-17 00:00:00,NA,NA,12.70,17.40,27.10,NA,8.09,0.91,NA,NA,NA,NA,NA,NA,NA,NA,NA,NA,NA,NA,NA,NA,NA,NA
2021-08-17 01:00:00,NA,58.31,12.70,17.40,27.10,NA,8.20,0.73,NA,NA,NA,NA,NA,NA,NA,NA,NA,NA,NA,NA,NA,NA,NA,NA
2021-08-17 02:00:00,NA,58.58,12.70,17.40,27.10,NA,7.87,0.79,NA,NA,NA,NA,NA,NA,NA,NA,NA,NA,NA,NA,NA,NA,NA,NA
2021-08-17 03:00:00,NA,58.18,12.70,17.40,27.10,NA,4.48,0.90,NA,NA,NA,NA,NA,NA,NA,NA,NA,NA,NA,NA,NA,NA,NA,NA
2021-08-17 04:00:00,NA,58.22,12.70,17.40,27.10,NA,4.82,1.05,NA,NA,NA,NA,NA,NA,NA,NA,NA,NA,NA,NA,NA,NA,NA,NA
2021-08-17 05:00:00,NA,58.40,12.70,17.40,27.10,NA,4.64,1.34,NA,NA,NA,NA,NA,NA,NA,NA,NA,NA,NA,NA,NA,NA,NA,NA
2021-08-17 06:00:00,NA,58.10,12.70,17.40,27.10,NA,4.81,1.72,NA,NA,NA,NA,NA,NA,NA,NA,NA,NA,NA,NA,NA,NA,NA,NA
2021-08-17 07:00:00,NA,58.32,12.70,17.40,27.10,NA,4.76,1.49,NA,NA,NA,NA,NA,NA,NA,NA,NA,NA,NA,NA,NA,NA,NA,NA
2021-08-17 08:00:00,NA,58.16,12.70,17.40,27.10,NA,7.70,2.13,NA,NA,NA,NA,NA,NA,NA,NA,NA,NA,NA,NA,NA,NA,NA,NA
2021-08-17 09:00:00,NA,58.34,12.70,17.40,27.10,NA,7.90,2.32,NA,NA,NA,NA,NA,NA,NA,NA,NA,NA,NA,NA,NA,NA,NA,NA
2021-08-17 10:00:00,NA,58.38,12.70,17.40,27.10,NA,8.14,2.51,NA,NA,NA,NA,NA,NA,NA,NA,NA,NA,NA,NA,NA,NA,NA,NA
2021-08-17 11:00:00,NA,58.34,12.70,17.40,27.09,NA,8.19,2.94,NA,NA,NA,NA,NA,NA,NA,NA,NA,NA,NA,NA,NA,NA,NA,NA
2021-08-17 12:00:00,NA,58.37,12.70,17.40,27.10,NA,8.21,1.97,NA,NA,NA,NA,NA,NA,NA,NA,NA,NA,NA,NA,NA,NA,NA,NA
2021-08-17 13:00:00,NA,58.19,12.70,17.40,27.10,NA,7.16,1.21,NA,NA,NA,NA,NA,NA,NA,NA,NA,NA,NA,NA,NA,NA,NA,NA
2021-08-17 14:00:00,NA,58.16,12.70,17.40,27.10,NA,7.14,0.92,NA,NA,NA,NA,NA,NA,NA,NA,NA,NA,NA,NA,NA,NA,NA,NA
2021-08-17 15:00:00,NA,58.34,12.70,17.40,27.10,NA,6.90,0.54,NA,NA,NA,NA,NA,NA,NA,NA,NA,NA,NA,NA,NA,NA,NA,NA
2021-08-17 16:00:00,NA,58.31,12.70,17.40,27.10,NA,6.91,0.25,NA,NA,NA,NA,NA,NA,NA,NA,NA,NA,NA,NA,NA,NA,NA,NA
2021-08-17 17:00:00,NA,58.25,12.70,17.40,27.10,NA,7.14,0.60,NA,NA,NA,NA,NA,NA,NA,NA,NA,NA,NA,NA,NA,NA,NA,NA
2021-08-17 18:00:00,NA,58.27,12.70,17.40,27.10,NA,8.47,0.86,NA,NA,NA,NA,NA,NA,NA,NA,NA,NA,NA,NA,NA,NA,NA,NA
2021-08-17 19:00:00,NA,58.16,12.70,17.40,27.10,NA,8.58,0.71,NA,NA,NA,NA,NA,NA,NA,NA,NA,NA,NA,NA,NA,NA,NA,NA
2021-08-17 20:00:00,NA,58.06,12.70,17.40,27.10,NA,8.80,0.90,NA,NA,NA,NA,NA,NA,NA,NA,NA,NA,NA,NA,NA,NA,NA,NA
2021-08-17 21:00:00,NA,58.20,12.70,17.40,27.10,NA,8.71,0.21,NA,NA,NA,NA,NA,NA,NA,NA,NA,NA,NA,NA,NA,NA,NA,NA
2021-08-17 22:00:00,NA,58.32,12.70,17.40,27.10,NA,8.92,0.14,NA,NA,NA,NA,NA,NA,NA,NA,NA,NA,NA,NA,NA,NA,NA,NA
2021-08-17 23:00:00,NA,58.10,12.70,17.40,27.10,NA,7.10,0.30,NA,NA,NA,NA,NA,NA,NA,NA,NA,NA,NA,NA,NA,NA,NA,NA
2021-08-18 00:00:00,NA,NA,12.70,17.40,27.10,NA,7.10,0.97,NA,NA,NA,NA,NA,NA,NA,NA,NA,NA,NA,NA,NA,NA,NA,NA
2021-08-18 01:00:00,NA,58.46,12.70,17.40,27.10,NA,6.74,0.85,NA,NA,NA,NA,NA,NA,NA,NA,NA,NA,NA,NA,NA,NA,NA,NA
2021-08-18 02:00:00,NA,58.34,12.70,17.40,27.10,NA,6.51,0.93,NA,NA,NA,NA,NA,NA,NA,NA,NA,NA,NA,NA,NA,NA,NA,NA
2021-08-18 03:00:00,NA,58.40,12.70,17.40,27.10,NA,6.36,1.17,NA,NA,NA,NA,NA,NA,NA,NA,NA,NA,NA,NA,NA,NA,NA,NA
2021-08-18 04:00:00,NA,58.16,12.70,17.40,27.10,NA,8.41,1.41,NA,NA,NA,NA,NA,NA,NA,NA,NA,NA,NA,NA,NA,NA,NA,NA
2021-08-18 05:00:00,NA,58.34,12.70,17.40,27.10,NA,8.15,1.80,NA,NA,NA,NA,NA,NA,NA,NA,NA,NA,NA,NA,NA,NA,NA,NA
2021-08-18 06:00:00,NA,57.93,12.70,17.40,27.10,NA,8.32,2.29,NA,NA,NA,NA,NA,NA,NA,NA,NA,NA,NA,NA,NA,NA,NA,NA
2021-08-18 07:00:00,NA,58.20,12.70,17.40,27.09,NA,8.20,2.33,NA,NA,NA,NA,NA,NA,NA,NA,NA,NA,NA,NA,NA,NA,NA,NA
2021-08-18 08:00:00,NA,58.02,12.70,17.40,27.10,NA,8.25,2.24,NA,NA,NA,NA,NA,NA,NA,NA,NA,NA,NA,NA,NA,NA,NA,NA
2021-08-18 09:00:00,NA,58.16,12.70,17.40,27.10,NA,9.07,2.36,NA,NA,NA,NA,NA,NA,NA,NA,NA,NA,NA,NA,NA,NA,NA,NA
2021-08-18 10:00:00,NA,58.06,12.70,17.40,27.10,NA,8.81,2.32,NA,NA,NA,NA,NA,NA,NA,NA,NA,NA,NA,NA,NA,NA,NA,NA
2021-08-18 11:00:00,NA,58.23,12.70,17.40,27.10,NA,8.79,1.92,NA,NA,NA,NA,NA,NA,NA,NA,NA,NA,NA,NA,NA,NA,NA,NA
2021-08-18 12:00:00,NA,58.21,12.70,17.40,27.10,NA,8.96,1.40,NA,NA,NA,NA,NA,NA,NA,NA,NA,NA,NA,NA,NA,NA,NA,NA
2021-08-18 13:00:00,NA,58.32,12.70,17.40,27.10,NA,8.74,1.13,NA,NA,NA,NA,NA,NA,NA,NA,NA,NA,NA,NA,NA,NA,NA,NA
2021-08-18 14:00:00,NA,58.46,12.70,17.40,27.10,NA,7.81,1.06,NA,NA,NA,NA,NA,NA,NA,NA,NA,NA,NA,NA,NA,NA,NA,NA
2021-08-18 15:00:00,NA,58.45,12.70,17.40,27.10,NA,7.83,0.89,NA,NA,NA,NA,NA,NA,NA,NA,NA,NA,NA,NA,NA,NA,NA,NA
2021-08-18 16:00:00,NA,58.00,12.70,17.40,27.10,NA,7.78,0.54,NA,NA,NA,NA,NA,NA,NA,NA,NA,NA,NA,NA,NA,NA,NA,NA
2021-08-18 17:00:00,NA,58.33,12.70,17.40,27.10,NA,7.94,0.39,NA,NA,NA,NA,NA,NA,NA,NA,NA,NA,NA,NA,NA,NA,NA,NA
2021-08-18 18:00:00,NA,58.31,12.70,17.40,27.10,NA,7.96,0.70,NA,NA,NA,NA,NA,NA,NA,NA,NA,NA,NA,NA,NA,NA,NA,NA
2021-08-18 19:00:00,NA,58.34,12.70,17.40,27.10,NA,11.14,0.92,NA,NA,NA,NA,NA,NA,NA,NA,NA,NA,NA,NA,NA,NA,NA,NA
2021-08-18 20:00:00,NA,58.36,12.70,17.40,27.10,NA,11.35,1.32,NA,NA,NA,NA,NA,NA,NA,NA,NA,NA,NA,NA,NA,NA,NA,NA
2021-08-18 21:00:00,NA,58.35,12.70,17.40,27.10,NA,11.70,2.06,NA,NA,NA,NA,NA,NA,NA,NA,NA,NA,NA,NA,NA,NA,NA,NA
2021-08-18 22:00:00,NA,58.28,12.70,17.40,27.10,NA,11.90,1.88,NA,NA,NA,NA,NA,NA,NA,NA,NA,NA,NA,NA,NA,NA,NA,NA
2021-08-18 23:00:00,NA,58.30,12.70,17.40,27.10,NA,11.82,1.29,NA,NA,NA,NA,NA,NA,NA,NA,NA,NA,NA,NA,NA,NA,NA,NA
2021-08-19 00:00:00,NA,NA,12.70,17.40,27.10,NA,7.00,0.84,NA,NA,NA,NA,NA,NA,NA,NA,NA,NA,NA,NA,NA,NA,NA,NA
2021-08-19 01:00:00,NA,58.36,12.70,17.40,27.10,NA,6.82,0.62,NA,NA,NA,NA,NA,NA,NA,NA,NA,NA,NA,NA,NA,NA,NA,NA
2021-08-19 02:00:00,NA,58.18,12.70,17.40,27.10,NA,6.74,0.66,NA,NA,NA,NA,NA,NA,NA,NA,NA,NA,NA,NA,NA,NA,NA,NA
2021-08-19 03:00:00,NA,57.94,12.70,17.40,27.10,NA,6.65,0.77,NA,NA,NA,NA,NA,NA,NA,NA,NA,NA,NA,NA,NA,NA,NA,NA
2021-08-19 04:00:00,NA,58.33,12.70,17.40,27.10,NA,6.55,1.07,NA,NA,NA,NA,NA,NA,NA,NA,NA,NA,NA,NA,NA,NA,NA,NA
2021-08-19 05:00:00,NA,58.23,12.70,17.40,27.10,NA,10.04,1.28,NA,NA,NA,NA,NA,NA,NA,NA,NA,NA,NA,NA,NA,NA,NA,NA
2021-08-19 06:00:00,NA,58.32,12.70,17.40,27.10,NA,9.89,1.58,NA,NA,NA,NA,NA,NA,NA,NA,NA,NA,NA,NA,NA,NA,NA,NA
2021-08-19 07:00:00,NA,58.21,12.70,17.40,27.10,NA,9.80,1.59,NA,NA,NA,NA,NA,NA,NA,NA,NA,NA,NA,NA,NA,NA,NA,NA
2021-08-19 08:00:00,NA,58.40,12.70,17.40,27.10,NA,9.58,1.49,NA,NA,NA,NA,NA,NA,NA,NA,NA,NA,NA,NA,NA,NA,NA,NA
2021-08-19 09:00:00,NA,58.04,12.70,17.40,27.10,NA,9.56,1.54,NA,NA,NA,NA,NA,NA,NA,NA,NA,NA,NA,NA,NA,NA,NA,NA
2021-08-19 10:00:00,NA,58.40,12.70,17.40,27.10,NA,8.44,1.33,NA,NA,NA,NA,NA,NA,NA,NA,NA,NA,NA,NA,NA,NA,NA,NA
2021-08-19 11:00:00,NA,58.22,12.70,17.40,27.10,NA,8.22,0.80,NA,NA,NA,NA,NA,NA,NA,NA,NA,NA,NA,NA,NA,NA,NA,NA
2021-08-19 12:00:00,NA,58.66,12.70,17.40,27.10,NA,8.14,0.51,NA,NA,NA,NA,NA,NA,NA,NA,NA,NA,NA,NA,NA,NA,NA,NA
2021-08-19 13:00:00,NA,58.35,12.70,17.40,27.10,NA,8.21,0.11,NA,NA,NA,NA,NA,NA,NA,NA,NA,NA,NA,NA,NA,NA,NA,NA
2021-08-19 14:00:00,NA,61.86,11.96,16.67,26.36,NA,7.96,0.02,NA,NA,NA,NA,NA,NA,NA,NA,NA,NA,NA,NA,NA,NA,NA,NA
2021-08-19 15:00:00,NA,63.29,11.70,16.40,26.10,NA,7.45,0.01,NA,NA,NA,NA,NA,NA,NA,NA,NA,NA,NA,NA,NA,NA,NA,NA
2021-08-19 16:00:00,NA,63.34,11.70,16.40,26.10,NA,7.45,0.00,NA,NA,NA,NA,NA,NA,NA,NA,NA,NA,NA,NA,NA,NA,NA,NA
2021-08-19 17:00:00,NA,63.14,11.70,16.40,26.10,NA,7.50,0.00,NA,NA,NA,NA,NA,NA,NA,NA,NA,NA,NA,NA,NA,NA,NA,NA
2021-08-19 18:00:00,NA,63.35,11.70,16.40,26.10,NA,7.71,0.16,NA,NA,NA,NA,NA,NA,NA,NA,NA,NA,NA,NA,NA,NA,NA,NA
2021-08-19 19:00:00,NA,63.19,11.70,16.40,26.10,NA,7.99,1.09,NA,NA,NA,NA,NA,NA,NA,NA,NA,NA,NA,NA,NA,NA,NA,NA
2021-08-19 20:00:00,NA,63.46,11.70,16.40,26.10,NA,7.94,1.30,NA,NA,NA,NA,NA,NA,NA,NA,NA,NA,NA,NA,NA,NA,NA,NA
2021-08-19 21:00:00,NA,63.38,11.70,16.40,26.10,NA,8.30,1.50,NA,NA,NA,NA,NA,NA,NA,NA,NA,NA,NA,NA,NA,NA,NA,NA
2021-08-19 22:00:00,NA,63.14,11.70,16.40,26.10,NA,8.66,1.45,NA,NA,NA,NA,NA,NA,NA,NA,NA,NA,NA,NA,NA,NA,NA,NA
2021-08-19 23:00:00,NA,63.34,11.70,16.40,26.10,NA,8.64,1.34,NA,NA,NA,NA,NA,NA,NA,NA,NA,NA,NA,NA,NA,NA,NA,NA
2021-08-20 00:00:00,NA,NA,11.70,16.40,26.10,NA,8.63,1.16,NA,NA,NA,NA,NA,NA,NA,NA,NA,NA,NA,NA,NA,NA,NA,NA
2021-08-20 01:00:00,NA,63.24,11.70,16.40,26.10,NA,8.65,1.15,NA,NA,NA,NA,NA,NA,NA,NA,NA,NA,NA,NA,NA,NA,NA,NA
2021-08-20 02:00:00,NA,63.05,11.70,16.40,26.10,NA,8.81,1.38,NA,NA,NA,NA,NA,NA,NA,NA,NA,NA,NA,NA,NA,NA,NA,NA
2021-08-20 03:00:00,NA,63.09,11.70,16.40,26.10,NA,8.61,1.48,NA,NA,NA,NA,NA,NA,NA,NA,NA,NA,NA,NA,NA,NA,NA,NA
2021-08-20 04:00:00,NA,63.09,11.70,16.40,26.10,NA,8.47,1.61,NA,NA,NA,NA,NA,NA,NA,NA,NA,NA,NA,NA,NA,NA,NA,NA
2021-08-20 05:00:00,NA,63.37,11.70,16.40,26.10,NA,8.40,1.87,NA,NA,NA,NA,NA,NA,NA,NA,NA,NA,NA,NA,NA,NA,NA,NA
2021-08-20 06:00:00,NA,63.04,11.70,16.40,26.10,NA,6.56,2.17,NA,NA,NA,NA,NA,NA,NA,NA,NA,NA,NA,NA,NA,NA,NA,NA
2021-08-20 07:00:00,NA,63.56,11.70,16.40,26.10,NA,6.71,1.94,NA,NA,NA,NA,NA,NA,NA,NA,NA,NA,NA,NA,NA,NA,NA,NA
2021-08-20 08:00:00,NA,63.10,11.70,16.40,26.10,NA,6.50,2.32,NA,NA,NA,NA,NA,NA,NA,NA,NA,NA,NA,NA,NA,NA,NA,NA
2021-08-20 09:00:00,NA,63.31,11.70,16.40,26.10,NA,6.54,2.49,NA,NA,NA,NA,NA,NA,NA,NA,NA,NA,NA,NA,NA,NA,NA,NA
2021-08-20 10:00:00,NA,63.53,11.70,16.40,26.10,NA,6.53,2.06,NA,NA,NA,NA,NA,NA,NA,NA,NA,NA,NA,NA,NA,NA,NA,NA
2021-08-20 11:00:00,NA,63.49,11.70,16.40,26.10,NA,3.05,1.70,NA,NA,NA,NA,NA,NA,NA,NA,NA,NA,NA,NA,NA,NA,NA,NA
2021-08-20 12:00:00,NA,63.31,11.70,16.40,26.10,NA,2.80,1.48,NA,NA,NA,NA,NA,NA,NA,NA,NA,NA,NA,NA,NA,NA,NA,NA
2021-08-20 13:00:00,NA,63.17,11.70,16.40,26.10,NA,2.90,1.09,NA,NA,NA,NA,NA,NA,NA,NA,NA,NA,NA,NA,NA,NA,NA,NA
2021-08-20 14:00:00,NA,63.34,11.70,16.40,26.10,NA,2.85,0.72,NA,NA,NA,NA,NA,NA,NA,NA,NA,NA,NA,NA,NA,NA,NA,NA
2021-08-20 15:00:00,NA,63.16,11.70,16.40,26.10,NA,2.70,0.25,NA,NA,NA,NA,NA,NA,NA,NA,NA,NA,NA,NA,NA,NA,NA,NA
2021-08-20 16:00:00,NA,63.25,11.70,16.40,26.10,NA,8.77,0.22,NA,NA,NA,NA,NA,NA,NA,NA,NA,NA,NA,NA,NA,NA,NA,NA
2021-08-20 17:00:00,NA,63.42,11.70,16.40,26.10,NA,8.67,0.11,NA,NA,NA,NA,NA,NA,NA,NA,NA,NA,NA,NA,NA,NA,NA,NA
2021-08-20 18:00:00,NA,63.08,11.70,16.40,26.10,NA,8.74,0.00,NA,NA,NA,NA,NA,NA,NA,NA,NA,NA,NA,NA,NA,NA,NA,NA
2021-08-20 19:00:00,NA,63.42,11.70,16.40,26.10,NA,8.90,0.34,NA,NA,NA,NA,NA,NA,NA,NA,NA,NA,NA,NA,NA,NA,NA,NA
2021-08-20 20:00:00,NA,63.06,11.70,16.40,26.09,NA,9.19,1.16,NA,NA,NA,NA,NA,NA,NA,NA,NA,NA,NA,NA,NA,NA,NA,NA
2021-08-20 21:00:00,NA,63.13,11.70,16.40,26.10,NA,7.28,1.30,NA,NA,NA,NA,NA,NA,NA,NA,NA,NA,NA,NA,NA,NA,NA,NA
2021-08-20 22:00:00,NA,63.08,11.70,16.40,26.10,NA,7.50,0.64,NA,NA,NA,NA,NA,NA,NA,NA,NA,NA,NA,NA,NA,NA,NA,NA
2021-08-20 23:00:00,NA,63.41,11.70,16.40,26.10,NA,7.73,0.72,NA,NA,NA,NA,NA,NA,NA,NA,NA,NA,NA,NA,NA,NA,NA,NA
2021-08-21 00:00:00,NA,NA,11.70,16.40,26.10,NA,7.40,0.81,NA,NA,NA,NA,NA,NA,NA,NA,NA,NA,NA,NA,NA,NA,NA,NA
2021-08-21 01:00:00,NA,63.64,11.70,16.40,26.10,NA,7.33,0.79,NA,NA,NA,NA,NA,NA,NA,NA,NA,NA,NA,NA,NA,NA,NA,NA
2021-08-21 02:00:00,NA,63.24,11.70,16.40,26.10,NA,7.67,0.72,NA,NA,NA,NA,NA,NA,NA,NA,NA,NA,NA,NA,NA,NA,NA,NA
2021-08-21 03:00:00,NA,63.44,11.70,16.40,26.10,NA,7.61,0.83,NA,NA,NA,NA,NA,NA,NA,NA,NA,NA,NA,NA,NA,NA,NA,NA
2021-08-21 04:00:00,NA,63.06,11.70,16.40,26.10,NA,7.69,0.98,NA,NA,NA,NA,NA,NA,NA,NA,NA,NA,NA,NA,NA,NA,NA,NA
2021-08-21 05:00:00,NA,63.32,11.70,16.40,26.10,NA,7.81,1.27,NA,NA,NA,NA,NA,NA,NA,NA,NA,NA,NA,NA,NA,NA,NA,NA
2021-08-21 06:00:00,NA,63.44,11.70,16.40,26.10,NA,7.55,1.74,NA,NA,NA,NA,NA,NA,NA,NA,NA,NA,NA,NA,NA,NA,NA,NA
2021-08-21 07:00:00,NA,63.34,11.70,16.40,26.10,NA,5.36,1.73,NA,NA,NA,NA,NA,NA,NA,NA,NA,NA,NA,NA,NA,NA,NA,NA
2021-08-21 08:00:00,NA,62.89,11.70,16.40,26.10,NA,5.09,1.73,NA,NA,NA,NA,NA,NA,NA,NA,NA,NA,NA,NA,NA,NA,NA,NA
2021-08-21 09:00:00,NA,61.66,11.70,16.40,26.10,NA,5.24,1.85,NA,NA,NA,NA,NA,NA,NA,NA,NA,NA,NA,NA,NA,NA,NA,NA
2021-08-21 10:00:00,NA,60.06,11.70,16.40,26.10,NA,5.26,1.92,NA,NA,NA,NA,NA,NA,NA,NA,NA,NA,NA,NA,NA,NA,NA,NA
2021-08-21 11:00:00,NA,60.21,11.70,16.40,26.10,NA,5.10,2.02,NA,NA,NA,NA,NA,NA,NA,NA,NA,NA,NA,NA,NA,NA,NA,NA
2021-08-21 12:00:00,NA,60.32,11.70,16.40,26.10,NA,2.97,1.70,NA,NA,NA,NA,NA,NA,NA,NA,NA,NA,NA,NA,NA,NA,NA,NA
2021-08-21 13:00:00,NA,60.18,11.70,16.40,26.10,NA,2.99,1.24,NA,NA,NA,NA,NA,NA,NA,NA,NA,NA,NA,NA,NA,NA,NA,NA
2021-08-21 14:00:00,NA,58.56,11.70,16.40,26.10,NA,2.92,1.00,NA,NA,NA,NA,NA,NA,NA,NA,NA,NA,NA,NA,NA,NA,NA,NA
2021-08-21 15:00:00,NA,58.09,11.70,16.40,26.10,NA,3.17,1.01,NA,NA,NA,NA,NA,NA,NA,NA,NA,NA,NA,NA,NA,NA,NA,NA
2021-08-21 16:00:00,NA,58.13,11.70,16.40,26.10,NA,3.20,1.58,NA,NA,NA,NA,NA,NA,NA,NA,NA,NA,NA,NA,NA,NA,NA,NA
2021-08-21 17:00:00,NA,58.16,11.70,16.40,26.10,NA,6.55,2.11,NA,NA,NA,NA,NA,NA,NA,NA,NA,NA,NA,NA,NA,NA,NA,NA
2021-08-21 18:00:00,NA,58.24,11.70,16.40,26.10,NA,7.05,2.97,NA,NA,NA,NA,NA,NA,NA,NA,NA,NA,NA,NA,NA,NA,NA,NA
2021-08-21 19:00:00,NA,58.33,11.70,16.40,26.10,NA,7.18,2.71,NA,NA,NA,NA,NA,NA,NA,NA,NA,NA,NA,NA,NA,NA,NA,NA
2021-08-21 20:00:00,NA,58.28,11.70,16.40,26.10,NA,7.39,1.96,NA,NA,NA,NA,NA,NA,NA,NA,NA,NA,NA,NA,NA,NA,NA,NA
2021-08-21 21:00:00,NA,58.13,11.70,16.40,26.10,NA,7.58,1.98,NA,NA,NA,NA,NA,NA,NA,NA,NA,NA,NA,NA,NA,NA,NA,NA
2021-08-21 22:00:00,NA,58.12,11.70,16.40,26.10,NA,5.12,2.12,NA,NA,NA,NA,NA,NA,NA,NA,NA,NA,NA,NA,NA,NA,NA,NA
2021-08-21 23:00:00,NA,58.23,11.70,16.40,26.10,NA,5.07,1.78,NA,NA,NA,NA,NA,NA,NA,NA,NA,NA,NA,NA,NA,NA,NA,NA
2021-08-22 00:00:00,NA,NA,11.70,16.40,26.10,NA,5.26,0.89,NA,NA,NA,NA,NA,NA,NA,NA,NA,NA,NA,NA,NA,NA,NA,NA
2021-08-22 01:00:00,NA,58.14,11.70,16.40,26.10,NA,5.08,0.60,NA,NA,NA,NA,NA,NA,NA,NA,NA,NA,NA,NA,NA,NA,NA,NA
2021-08-22 02:00:00,NA,58.17,11.70,16.40,26.10,NA,4.95,0.76,NA,NA,NA,NA,NA,NA,NA,NA,NA,NA,NA,NA,NA,NA,NA,NA
2021-08-22 03:00:00,NA,58.16,11.70,16.40,26.10,NA,7.44,1.13,NA,NA,NA,NA,NA,NA,NA,NA,NA,NA,NA,NA,NA,NA,NA,NA
2021-08-22 04:00:00,NA,58.46,11.70,16.40,26.10,NA,7.38,1.30,NA,NA,NA,NA,NA,NA,NA,NA,NA,NA,NA,NA,NA,NA,NA,NA
2021-08-22 05:00:00,NA,58.46,11.70,16.40,26.10,NA,7.49,1.54,NA,NA,NA,NA,NA,NA,NA,NA,NA,NA,NA,NA,NA,NA,NA,NA
2021-08-22 06:00:00,NA,58.28,11.70,16.40,26.10,NA,7.32,1.57,NA,NA,NA,NA,NA,NA,NA,NA,NA,NA,NA,NA,NA,NA,NA,NA
2021-08-22 07:00:00,NA,58.20,11.70,16.40,26.10,NA,7.56,1.52,NA,NA,NA,NA,NA,NA,NA,NA,NA,NA,NA,NA,NA,NA,NA,NA
2021-08-22 08:00:00,NA,58.23,11.70,16.40,26.10,NA,7.35,1.33,NA,NA,NA,NA,NA,NA,NA,NA,NA,NA,NA,NA,NA,NA,NA,NA
2021-08-22 09:00:00,NA,58.15,11.70,16.40,26.10,NA,7.32,1.17,NA,NA,NA,NA,NA,NA,NA,NA,NA,NA,NA,NA,NA,NA,NA,NA
2021-08-22 10:00:00,NA,58.43,11.70,16.40,26.11,NA,7.22,1.10,NA,NA,NA,NA,NA,NA,NA,NA,NA,NA,NA,NA,NA,NA,NA,NA
2021-08-22 11:00:00,NA,58.30,11.70,16.40,26.10,NA,7.00,0.96,NA,NA,NA,NA,NA,NA,NA,NA,NA,NA,NA,NA,NA,NA,NA,NA
2021-08-22 12:00:00,NA,58.34,11.70,16.40,26.10,NA,7.04,0.95,NA,NA,NA,NA,NA,NA,NA,NA,NA,NA,NA,NA,NA,NA,NA,NA
2021-08-22 13:00:00,NA,58.18,11.70,16.40,26.10,NA,6.53,0.87,NA,NA,NA,NA,NA,NA,NA,NA,NA,NA,NA,NA,NA,NA,NA,NA
2021-08-22 14:00:00,NA,58.40,11.70,16.40,26.10,NA,6.79,0.49,NA,NA,NA,NA,NA,NA,NA,NA,NA,NA,NA,NA,NA,NA,NA,NA
2021-08-22 15:00:00,NA,58.28,11.70,16.40,26.11,NA,6.77,0.51,NA,NA,NA,NA,NA,NA,NA,NA,NA,NA,NA,NA,NA,NA,NA,NA
2021-08-22 16:00:00,NA,58.30,11.70,16.40,26.10,NA,7.02,0.65,NA,NA,NA,NA,NA,NA,NA,NA,NA,NA,NA,NA,NA,NA,NA,NA
2021-08-22 17:00:00,NA,58.12,11.70,16.40,26.10,NA,7.20,1.18,NA,NA,NA,NA,NA,NA,NA,NA,NA,NA,NA,NA,NA,NA,NA,NA
2021-08-22 18:00:00,NA,58.44,11.70,16.40,26.10,NA,7.93,1.25,NA,NA,NA,NA,NA,NA,NA,NA,NA,NA,NA,NA,NA,NA,NA,NA
2021-08-22 19:00:00,NA,58.48,11.70,16.40,26.10,NA,8.32,1.86,NA,NA,NA,NA,NA,NA,NA,NA,NA,NA,NA,NA,NA,NA,NA,NA
2021-08-22 20:00:00,NA,58.21,11.70,16.40,26.10,NA,8.62,2.28,NA,NA,NA,NA,NA,NA,NA,NA,NA,NA,NA,NA,NA,NA,NA,NA
2021-08-22 21:00:00,NA,58.31,11.70,16.40,26.10,NA,8.99,2.71,NA,NA,NA,NA,NA,NA,NA,NA,NA,NA,NA,NA,NA,NA,NA,NA
2021-08-22 22:00:00,NA,58.31,11.70,16.40,26.10,NA,9.14,2.27,NA,NA,NA,NA,NA,NA,NA,NA,NA,NA,NA,NA,NA,NA,NA,NA
2021-08-22 23:00:00,NA,58.26,11.70,16.40,26.10,NA,4.74,1.44,NA,NA,NA,NA,NA,NA,NA,NA,NA,NA,NA,NA,NA,NA,NA,NA
2021-08-23 00:00:00,NA,NA,11.70,16.40,26.10,NA,4.69,0.91,NA,NA,NA,NA,NA,NA,NA,NA,NA,NA,NA,NA,NA,NA,NA,NA
2021-08-23 01:00:00,NA,58.25,11.70,16.40,26.10,NA,4.76,0.71,NA,NA,NA,NA,NA,NA,NA,NA,NA,NA,NA,NA,NA,NA,NA,NA
2021-08-23 02:00:00,NA,58.44,11.70,16.40,26.10,NA,4.48,0.63,NA,NA,NA,NA,NA,NA,NA,NA,NA,NA,NA,NA,NA,NA,NA,NA
2021-08-23 03:00:00,NA,58.40,11.70,16.40,26.10,NA,4.25,0.64,NA,NA,NA,NA,NA,NA,NA,NA,NA,NA,NA,NA,NA,NA,NA,NA
2021-08-23 04:00:00,NA,58.06,11.70,16.40,26.10,NA,3.44,0.71,NA,NA,NA,NA,NA,NA,NA,NA,NA,NA,NA,NA,NA,NA,NA,NA
2021-08-23 05:00:00,NA,58.10,11.70,16.40,26.10,NA,3.38,0.94,NA,NA,NA,NA,NA,NA,NA,NA,NA,NA,NA,NA,NA,NA,NA,NA
2021-08-23 06:00:00,NA,57.85,11.70,16.40,26.10,NA,3.57,1.11,NA,NA,NA,NA,NA,NA,NA,NA,NA,NA,NA,NA,NA,NA,NA,NA
2021-08-23 07:00:00,NA,58.16,11.70,16.40,26.10,NA,3.29,1.03,NA,NA,NA,NA,NA,NA,NA,NA,NA,NA,NA,NA,NA,NA,NA,NA
2021-08-23 08:00:00,NA,66.58,11.70,16.40,26.10,NA,3.25,1.06,NA,NA,NA,NA,NA,NA,NA,NA,NA,NA,NA,NA,NA,NA,NA,NA
2021-08-23 09:00:00,NA,68.32,11.70,16.40,26.10,NA,8.10,1.00,NA,NA,NA,NA,NA,NA,NA,NA,NA,NA,NA,NA,NA,NA,NA,NA
2021-08-23 10:00:00,NA,71.03,11.70,16.40,26.10,NA,8.38,1.01,NA,NA,NA,NA,NA,NA,NA,NA,NA,NA,NA,NA,NA,NA,NA,NA
2021-08-23 11:00:00,NA,66.28,11.70,16.40,26.10,NA,8.02,1.15,NA,NA,NA,NA,NA,NA,NA,NA,NA,NA,NA,NA,NA,NA,NA,NA
2021-08-23 12:00:00,NA,65.57,12.24,15.86,26.64,NA,7.67,1.00,NA,NA,NA,NA,NA,NA,NA,NA,NA,NA,NA,NA,NA,NA,NA,NA
2021-08-23 13:00:00,NA,69.01,12.70,15.40,27.10,NA,7.58,0.38,NA,NA,NA,NA,NA,NA,NA,NA,NA,NA,NA,NA,NA,NA,NA,NA
2021-08-23 14:00:00,NA,72.05,12.70,15.40,27.10,NA,7.34,0.00,NA,NA,NA,NA,NA,NA,NA,NA,NA,NA,NA,NA,NA,NA,NA,NA
2021-08-23 15:00:00,NA,84.44,12.70,15.40,27.10,NA,7.36,0.00,NA,NA,NA,NA,NA,NA,NA,NA,NA,NA,NA,NA,NA,NA,NA,NA
2021-08-23 16:00:00,NA,84.45,12.70,15.40,27.10,NA,7.28,0.00,NA,NA,NA,NA,NA,NA,NA,NA,NA,NA,NA,NA,NA,NA,NA,NA
2021-08-23 17:00:00,NA,84.32,12.70,15.40,27.10,NA,7.51,0.00,NA,NA,NA,NA,NA,NA,NA,NA,NA,NA,NA,NA,NA,NA,NA,NA
2021-08-23 18:00:00,NA,84.44,12.70,15.40,27.10,NA,7.57,0.00,NA,NA,NA,NA,NA,NA,NA,NA,NA,NA,NA,NA,NA,NA,NA,NA
2021-08-23 19:00:00,NA,84.04,12.70,15.40,27.10,NA,7.54,0.00,NA,NA,NA,NA,NA,NA,NA,NA,NA,NA,NA,NA,NA,NA,NA,NA
2021-08-23 20:00:00,NA,84.22,12.70,15.40,27.10,NA,7.81,0.00,NA,NA,NA,NA,NA,NA,NA,NA,NA,NA,NA,NA,NA,NA,NA,NA
2021-08-23 21:00:00,NA,84.27,12.70,15.40,27.10,NA,8.21,0.48,NA,NA,NA,NA,NA,NA,NA,NA,NA,NA,NA,NA,NA,NA,NA,NA
2021-08-23 22:00:00,NA,84.41,12.70,15.40,27.10,NA,8.10,0.80,NA,NA,NA,NA,NA,NA,NA,NA,NA,NA,NA,NA,NA,NA,NA,NA
2021-08-23 23:00:00,NA,84.03,12.70,15.41,27.10,NA,8.24,0.60,NA,NA,NA,NA,NA,NA,NA,NA,NA,NA,NA,NA,NA,NA,NA,NA
2021-08-24 00:00:00,NA,NA,12.70,15.40,27.09,NA,6.44,1.04,NA,NA,NA,NA,NA,NA,NA,NA,NA,NA,NA,NA,NA,NA,NA,NA
2021-08-24 01:00:00,NA,84.02,12.70,15.40,27.10,NA,6.77,0.84,NA,NA,NA,NA,NA,NA,NA,NA,NA,NA,NA,NA,NA,NA,NA,NA
2021-08-24 02:00:00,NA,84.38,12.70,15.40,27.10,NA,6.51,1.00,NA,NA,NA,NA,NA,NA,NA,NA,NA,NA,NA,NA,NA,NA,NA,NA
2021-08-24 03:00:00,NA,84.25,12.70,15.40,27.10,NA,6.39,1.23,NA,NA,NA,NA,NA,NA,NA,NA,NA,NA,NA,NA,NA,NA,NA,NA
2021-08-24 04:00:00,NA,84.00,12.70,15.40,27.10,NA,6.35,1.38,NA,NA,NA,NA,NA,NA,NA,NA,NA,NA,NA,NA,NA,NA,NA,NA
2021-08-24 05:00:00,NA,84.29,12.70,15.40,27.10,NA,7.02,1.63,NA,NA,NA,NA,NA,NA,NA,NA,NA,NA,NA,NA,NA,NA,NA,NA
2021-08-24 06:00:00,NA,84.29,12.70,15.40,27.10,NA,7.10,2.00,NA,NA,NA,NA,NA,NA,NA,NA,NA,NA,NA,NA,NA,NA,NA,NA
2021-08-24 07:00:00,NA,84.38,12.70,15.40,27.10,NA,7.07,2.06,NA,NA,NA,NA,NA,NA,NA,NA,NA,NA,NA,NA,NA,NA,NA,NA
2021-08-24 08:00:00,NA,84.08,12.70,15.40,27.10,NA,6.88,2.15,NA,NA,NA,NA,NA,NA,NA,NA,NA,NA,NA,NA,NA,NA,NA,NA
2021-08-24 09:00:00,NA,75.42,12.70,15.40,27.10,NA,6.90,2.20,NA,NA,NA,NA,NA,NA,NA,NA,NA,NA,NA,NA,NA,NA,NA,NA
2021-08-24 10:00:00,NA,74.17,12.70,15.40,27.10,NA,8.36,2.12,NA,NA,NA,NA,NA,NA,NA,NA,NA,NA,NA,NA,NA,NA,NA,NA
2021-08-24 11:00:00,NA,74.07,12.70,15.40,27.10,NA,7.99,1.68,NA,NA,NA,NA,NA,NA,NA,NA,NA,NA,NA,NA,NA,NA,NA,NA
2021-08-24 12:00:00,NA,74.44,12.70,15.40,27.10,NA,8.05,0.88,NA,NA,NA,NA,NA,NA,NA,NA,NA,NA,NA,NA,NA,NA,NA,NA
2021-08-24 13:00:00,NA,74.29,12.70,15.40,27.10,NA,7.86,0.48,NA,NA,NA,NA,NA,NA,NA,NA,NA,NA,NA,NA,NA,NA,NA,NA
2021-08-24 14:00:00,NA,73.21,12.54,15.24,26.94,NA,7.70,0.34,NA,NA,NA,NA,NA,NA,NA,NA,NA,NA,NA,NA,NA,NA,NA,NA
2021-08-24 15:00:00,NA,68.16,11.70,14.40,26.10,NA,4.99,0.02,NA,NA,NA,NA,NA,NA,NA,NA,NA,NA,NA,NA,NA,NA,NA,NA
2021-08-24 16:00:00,NA,68.23,11.70,14.40,26.10,NA,4.66,0.00,NA,NA,NA,NA,NA,NA,NA,NA,NA,NA,NA,NA,NA,NA,NA,NA
2021-08-24 17:00:00,NA,68.30,11.70,14.40,26.10,NA,4.44,0.00,NA,NA,NA,NA,NA,NA,NA,NA,NA,NA,NA,NA,NA,NA,NA,NA
2021-08-24 18:00:00,NA,51.46,7.13,14.03,21.14,NA,6.46,0.97,NA,NA,NA,NA,NA,NA,NA,NA,NA,NA,NA,NA,NA,NA,NA,NA
2021-08-24 19:00:00,NA,41.60,6.99,13.96,20.96,NA,6.40,1.00,NA,NA,NA,NA,NA,NA,NA,NA,NA,NA,NA,NA,NA,NA,NA,NA
2021-08-24 20:00:00,NA,34.96,7.01,14.02,20.98,NA,5.46,1.04,NA,NA,NA,NA,NA,NA,NA,NA,NA,NA,NA,NA,NA,NA,NA,NA
2021-08-24 21:00:00,NA,55.67,7.00,13.97,20.96,NA,5.35,1.24,NA,NA,NA,NA,NA,NA,NA,NA,NA,NA,NA,NA,NA,NA,NA,NA
2021-08-24 22:00:00,NA,53.34,7.01,14.00,20.96,NA,5.75,1.10,NA,NA,NA,NA,NA,NA,NA,NA,NA,NA,NA,NA,NA,NA,NA,NA
2021-08-24 23:00:00,NA,24.79,6.99,13.98,21.00,NA,5.49,1.00,NA,NA,NA,NA,NA,NA,NA,NA,NA,NA,NA,NA,NA,NA,NA,NA
2021-08-25 00:00:00,NA,15.69,7.00,13.98,20.98,NA,5.75,1.84,NA,NA,NA,NA,NA,NA,NA,NA,NA,NA,NA,NA,NA,NA,NA,NA
2021-08-25 01:00:00,NA,15.70,7.00,14.00,20.90,NA,10.32,1.42,NA,NA,NA,NA,NA,NA,NA,NA,NA,NA,NA,NA,NA,NA,NA,NA
2021-08-25 02:00:00,NA,13.72,7.00,13.98,21.04,NA,10.46,1.25,NA,NA,NA,NA,NA,NA,NA,NA,NA,NA,NA,NA,NA,NA,NA,NA
2021-08-25 03:00:00,NA,9.14,6.99,13.99,21.00,NA,10.30,1.28,NA,NA,NA,NA,NA,NA,NA,NA,NA,NA,NA,NA,NA,NA,NA,NA
2021-08-25 04:00:00,NA,13.42,7.01,14.03,20.98,NA,10.34,1.50,NA,NA,NA,NA,NA,NA,NA,NA,NA,NA,NA,NA,NA,NA,NA,NA
2021-08-25 05:00:00,NA,8.84,7.00,13.99,21.02,NA,10.41,1.89,NA,NA,NA,NA,NA,NA,NA,NA,NA,NA,NA,NA,NA,NA,NA,NA
2021-08-25 06:00:00,NA,7.59,7.01,14.02,20.98,NA,6.38,2.28,NA,NA,NA,NA,NA,NA,NA,NA,NA,NA,NA,NA,NA,NA,NA,NA
2021-08-25 07:00:00,NA,15.61,6.99,14.00,20.99,NA,6.72,2.64,NA,NA,NA,NA,NA,NA,NA,NA,NA,NA,NA,NA,NA,NA,NA,NA
2021-08-25 08:00:00,NA,17.06,7.00,14.02,21.00,NA,6.77,2.78,NA,NA,NA,NA,NA,NA,NA,NA,NA,NA,NA,NA,NA,NA,NA,NA
2021-08-25 09:00:00,NA,10.54,6.99,13.99,21.00,NA,6.72,2.36,NA,NA,NA,NA,NA,NA,NA,NA,NA,NA,NA,NA,NA,NA,NA,NA
2021-08-25 10:00:00,NA,13.47,6.98,14.00,20.98,NA,6.55,2.03,NA,NA,NA,NA,NA,NA,NA,NA,NA,NA,NA,NA,NA,NA,NA,NA
2021-08-25 11:00:00,NA,6.78,7.00,13.98,21.00,NA,8.76,2.00,NA,NA,NA,NA,NA,NA,NA,NA,NA,NA,NA,NA,NA,NA,NA,NA
2021-08-25 12:00:00,NA,11.44,7.00,14.00,21.00,NA,8.83,1.72,NA,NA,NA,NA,NA,NA,NA,NA,NA,NA,NA,NA,NA,NA,NA,NA
2021-08-25 13:00:00,NA,10.31,7.00,14.02,21.01,NA,8.44,1.37,NA,NA,NA,NA,NA,NA,NA,NA,NA,NA,NA,NA,NA,NA,NA,NA
2021-08-25 14:00:00,NA,14.11,7.00,14.02,21.02,NA,8.20,1.39,NA,NA,NA,NA,NA,NA,NA,NA,NA,NA,NA,NA,NA,NA,NA,NA
2021-08-25 15:00:00,NA,22.78,7.01,14.01,20.99,NA,8.14,1.36,NA,NA,NA,NA,NA,NA,NA,NA,NA,NA,NA,NA,NA,NA,NA,NA
2021-08-25 16:00:00,NA,19.06,7.00,14.00,21.02,NA,9.44,1.72,NA,NA,NA,NA,NA,NA,NA,NA,NA,NA,NA,NA,NA,NA,NA,NA
2021-08-25 17:00:00,NA,38.31,7.01,13.99,20.99,NA,9.44,1.96,NA,NA,NA,NA,NA,NA,NA,NA,NA,NA,NA,NA,NA,NA,NA,NA
2021-08-25 18:00:00,NA,29.02,7.00,14.01,21.01,NA,9.43,2.19,NA,NA,NA,NA,NA,NA,NA,NA,NA,NA,NA,NA,NA,NA,NA,NA
2021-08-25 19:00:00,NA,21.51,7.00,14.00,21.02,NA,9.69,2.17,NA,NA,NA,NA,NA,NA,NA,NA,NA,NA,NA,NA,NA,NA,NA,NA
2021-08-25 20:00:00,NA,51.13,7.01,14.00,21.03,NA,9.91,2.34,NA,NA,NA,NA,NA,NA,NA,NA,NA,NA,NA,NA,NA,NA,NA,NA
2021-08-25 21:00:00,NA,47.94,6.99,14.02,21.02,NA,7.42,3.16,NA,NA,NA,NA,NA,NA,NA,NA,NA,NA,NA,NA,NA,NA,NA,NA
2021-08-25 22:00:00,NA,64.44,6.99,13.97,21.02,NA,7.46,2.88,NA,NA,NA,NA,NA,NA,NA,NA,NA,NA,NA,NA,NA,NA,NA,NA
2021-08-25 23:00:00,NA,31.86,7.00,14.00,21.03,NA,7.28,2.05,NA,NA,NA,NA,NA,NA,NA,NA,NA,NA,NA,NA,NA,NA,NA,NA
2021-08-26 00:00:00,NA,103.97,7.00,14.00,21.03,NA,7.40,2.01,NA,NA,NA,NA,NA,NA,NA,NA,NA,NA,NA,NA,NA,NA,NA,NA
2021-08-26 01:00:00,NA,35.16,7.00,14.01,21.00,NA,7.59,1.88,NA,NA,NA,NA,NA,NA,NA,NA,NA,NA,NA,NA,NA,NA,NA,NA
2021-08-26 02:00:00,NA,18.50,7.00,14.01,20.99,NA,7.25,1.85,NA,NA,NA,NA,NA,NA,NA,NA,NA,NA,NA,NA,NA,NA,NA,NA
2021-08-26 03:00:00,NA,28.97,7.02,14.01,20.99,NA,7.28,1.85,NA,NA,NA,NA,NA,NA,NA,NA,NA,NA,NA,NA,NA,NA,NA,NA
2021-08-26 04:00:00,NA,28.37,7.00,14.00,20.99,NA,7.00,2.12,NA,NA,NA,NA,NA,NA,NA,NA,NA,NA,NA,NA,NA,NA,NA,NA
2021-08-26 05:00:00,NA,17.16,6.99,13.99,21.03,NA,7.33,2.48,NA,NA,NA,NA,NA,NA,NA,NA,NA,NA,NA,NA,NA,NA,NA,NA
2021-08-26 06:00:00,NA,14.64,7.00,14.00,21.00,NA,7.30,3.01,NA,NA,NA,NA,NA,NA,NA,NA,NA,NA,NA,NA,NA,NA,NA,NA
2021-08-26 07:00:00,NA,25.92,7.01,14.00,21.00,NA,9.95,3.10,NA,NA,NA,NA,NA,NA,NA,NA,NA,NA,NA,NA,NA,NA,NA,NA
2021-08-26 08:00:00,NA,26.56,6.99,14.03,21.00,NA,10.15,3.13,NA,NA,NA,NA,NA,NA,NA,NA,NA,NA,NA,NA,NA,NA,NA,NA
2021-08-26 09:00:00,NA,38.47,7.00,14.03,20.98,NA,10.04,3.10,NA,NA,NA,NA,NA,NA,NA,NA,NA,NA,NA,NA,NA,NA,NA,NA
2021-08-26 10:00:00,NA,21.38,7.00,14.02,21.02,NA,10.05,3.17,NA,NA,NA,NA,NA,NA,NA,NA,NA,NA,NA,NA,NA,NA,NA,NA
2021-08-26 11:00:00,NA,10.53,7.01,14.00,20.99,NA,9.96,3.46,NA,NA,NA,NA,NA,NA,NA,NA,NA,NA,NA,NA,NA,NA,NA,NA
2021-08-26 12:00:00,NA,18.62,6.99,14.00,21.01,NA,9.02,3.20,NA,NA,NA,NA,NA,NA,NA,NA,NA,NA,NA,NA,NA,NA,NA,NA
2021-08-26 13:00:00,NA,15.70,6.99,14.00,20.96,NA,8.78,2.84,NA,NA,NA,NA,NA,NA,NA,NA,NA,NA,NA,NA,NA,NA,NA,NA
2021-08-26 14:00:00,NA,6.52,7.00,13.99,21.00,NA,8.52,2.26,NA,NA,NA,NA,NA,NA,NA,NA,NA,NA,NA,NA,NA,NA,NA,NA
2021-08-26 15:00:00,NA,99.01,7.00,14.01,21.00,NA,8.11,1.73,NA,NA,NA,NA,NA,NA,NA,NA,NA,NA,NA,NA,NA,NA,NA,NA
2021-08-26 16:00:00,NA,78.00,7.00,14.01,20.99,NA,7.89,1.56,NA,NA,NA,NA,NA,NA,NA,NA,NA,NA,NA,NA,NA,NA,NA,NA
2021-08-26 17:00:00,NA,390.97,7.00,14.02,21.01,NA,7.96,1.35,NA,NA,NA,NA,NA,NA,NA,NA,NA,NA,NA,NA,NA,NA,NA,NA
2021-08-26 18:00:00,NA,461.02,6.99,14.02,20.99,NA,8.32,2.17,NA,NA,NA,NA,NA,NA,NA,NA,NA,NA,NA,NA,NA,NA,NA,NA
2021-08-26 19:00:00,NA,125.08,7.01,14.02,20.99,NA,8.50,2.43,NA,NA,NA,NA,NA,NA,NA,NA,NA,NA,NA,NA,NA,NA,NA,NA
2021-08-26 20:00:00,NA,54.57,7.00,14.00,21.02,NA,8.95,2.40,NA,NA,NA,NA,NA,NA,NA,NA,NA,NA,NA,NA,NA,NA,NA,NA
2021-08-26 21:00:00,NA,24.29,7.00,14.01,21.02,NA,9.60,3.02,NA,NA,NA,NA,NA,NA,NA,NA,NA,NA,NA,NA,NA,NA,NA,NA
2021-08-26 22:00:00,NA,14.48,7.02,13.98,21.00,NA,10.26,3.24,NA,NA,NA,NA,NA,NA,NA,NA,NA,NA,NA,NA,NA,NA,NA,NA
2021-08-26 23:00:00,NA,13.12,7.00,14.01,21.01,NA,10.82,3.21,NA,NA,NA,NA,NA,NA,NA,NA,NA,NA,NA,NA,NA,NA,NA,NA
2021-08-27 00:00:00,NA,18.06,7.01,14.04,21.02,NA,11.02,1.81,NA,NA,NA,NA,NA,NA,NA,NA,NA,NA,NA,NA,NA,NA,NA,NA
2021-08-27 01:00:00,NA,7.96,6.98,13.99,20.98,NA,10.94,1.51,NA,NA,NA,NA,NA,NA,NA,NA,NA,NA,NA,NA,NA,NA,NA,NA
2021-08-27 02:00:00,NA,11.33,7.00,13.98,21.02,NA,10.68,1.50,NA,NA,NA,NA,NA,NA,NA,NA,NA,NA,NA,NA,NA,NA,NA,NA
2021-08-27 03:00:00,NA,13.99,6.99,14.01,21.03,NA,11.38,1.69,NA,NA,NA,NA,NA,NA,NA,NA,NA,NA,NA,NA,NA,NA,NA,NA
2021-08-27 04:00:00,NA,15.17,7.00,14.01,20.98,NA,11.80,1.70,NA,NA,NA,NA,NA,NA,NA,NA,NA,NA,NA,NA,NA,NA,NA,NA
2021-08-27 05:00:00,NA,7.84,7.00,14.03,21.02,NA,11.87,2.16,NA,NA,NA,NA,NA,NA,NA,NA,NA,NA,NA,NA,NA,NA,NA,NA
2021-08-27 06:00:00,NA,14.73,7.00,13.99,21.02,NA,12.19,2.77,NA,NA,NA,NA,NA,NA,NA,NA,NA,NA,NA,NA,NA,NA,NA,NA
2021-08-27 07:00:00,NA,9.69,7.01,13.99,21.01,NA,12.22,3.03,NA,NA,NA,NA,NA,NA,NA,NA,NA,NA,NA,NA,NA,NA,NA,NA
2021-08-27 08:00:00,NA,8.90,7.00,14.00,20.99,NA,8.86,3.16,NA,NA,NA,NA,NA,NA,NA,NA,NA,NA,NA,NA,NA,NA,NA,NA
2021-08-27 09:00:00,NA,6.64,7.01,14.00,21.04,NA,8.45,2.69,NA,NA,NA,NA,NA,NA,NA,NA,NA,NA,NA,NA,NA,NA,NA,NA
2021-08-27 10:00:00,NA,12.31,7.00,13.97,20.99,NA,7.72,2.86,NA,NA,NA,NA,NA,NA,NA,NA,NA,NA,NA,NA,NA,NA,NA,NA
2021-08-27 11:00:00,NA,20.08,6.98,13.99,20.96,NA,7.59,3.59,NA,NA,NA,NA,NA,NA,NA,NA,NA,NA,NA,NA,NA,NA,NA,NA
2021-08-27 12:00:00,NA,59.17,6.99,13.99,21.00,NA,7.48,3.73,NA,NA,NA,NA,NA,NA,NA,NA,NA,NA,NA,NA,NA,NA,NA,NA
2021-08-27 13:00:00,NA,27.26,7.02,14.00,20.99,NA,6.81,3.59,NA,NA,NA,NA,NA,NA,NA,NA,NA,NA,NA,NA,NA,NA,NA,NA
2021-08-27 14:00:00,NA,27.40,7.01,14.00,20.97,NA,6.51,3.14,NA,NA,NA,NA,NA,NA,NA,NA,NA,NA,NA,NA,NA,NA,NA,NA
2021-08-27 15:00:00,NA,40.12,6.99,14.01,20.97,NA,6.56,2.51,NA,NA,NA,NA,NA,NA,NA,NA,NA,NA,NA,NA,NA,NA,NA,NA
2021-08-27 16:00:00,NA,33.56,7.01,13.97,21.00,NA,6.52,2.27,NA,NA,NA,NA,NA,NA,NA,NA,NA,NA,NA,NA,NA,NA,NA,NA
2021-08-27 17:00:00,NA,23.38,6.98,14.00,20.99,NA,6.89,3.20,NA,NA,NA,NA,NA,NA,NA,NA,NA,NA,NA,NA,NA,NA,NA,NA
2021-08-27 18:00:00,NA,26.37,7.00,14.01,21.00,NA,4.19,4.86,NA,NA,NA,NA,NA,NA,NA,NA,NA,NA,NA,NA,NA,NA,NA,NA
2021-08-27 19:00:00,NA,25.85,6.98,14.03,20.96,NA,4.00,5.26,NA,NA,NA,NA,NA,NA,NA,NA,NA,NA,NA,NA,NA,NA,NA,NA
2021-08-27 20:00:00,NA,29.01,6.99,14.00,21.00,NA,4.00,4.49,NA,NA,NA,NA,NA,NA,NA,NA,NA,NA,NA,NA,NA,NA,NA,NA
2021-08-27 21:00:00,NA,27.78,7.00,13.97,21.01,NA,4.00,3.92,NA,NA,NA,NA,NA,NA,NA,NA,NA,NA,NA,NA,NA,NA,NA,NA
2021-08-27 22:00:00,NA,24.28,7.00,13.99,21.01,NA,4.00,3.84,NA,NA,NA,NA,NA,NA,NA,NA,NA,NA,NA,NA,NA,NA,NA,NA
2021-08-27 23:00:00,NA,26.65,7.00,14.02,20.98,NA,9.41,2.92,NA,NA,NA,NA,NA,NA,NA,NA,NA,NA,NA,NA,NA,NA,NA,NA
2021-08-28 00:00:00,NA,22.13,7.00,14.01,21.00,NA,9.59,1.92,NA,NA,NA,NA,NA,NA,NA,NA,NA,NA,NA,NA,NA,NA,NA,NA
2021-08-28 01:00:00,NA,22.65,7.00,14.00,20.98,NA,9.67,1.49,NA,NA,NA,NA,NA,NA,NA,NA,NA,NA,NA,NA,NA,NA,NA,NA
2021-08-28 02:00:00,NA,25.66,7.00,14.01,21.01,NA,9.56,1.37,NA,NA,NA,NA,NA,NA,NA,NA,NA,NA,NA,NA,NA,NA,NA,NA
2021-08-28 03:00:00,NA,22.99,6.99,13.98,21.02,NA,9.29,1.27,NA,NA,NA,NA,NA,NA,NA,NA,NA,NA,NA,NA,NA,NA,NA,NA
2021-08-28 04:00:00,NA,21.99,7.01,13.98,20.99,NA,10.15,1.36,NA,NA,NA,NA,NA,NA,NA,NA,NA,NA,NA,NA,NA,NA,NA,NA
2021-08-28 05:00:00,NA,NA,NA,NA,NA,NA,NA,NA,NA,NA,NA,NA,NA,NA,NA,NA,NA,NA,NA,NA,NA,NA,NA,NA
2021-08-28 06:00:00,NA,NA,NA,NA,NA,NA,NA,NA,NA,NA,NA,NA,NA,NA,NA,NA,NA,NA,NA,NA,NA,NA,NA,NA
2021-08-28 07:00:00,NA,NA,NA,NA,NA,NA,NA,NA,NA,NA,NA,NA,NA,NA,NA,NA,NA,NA,NA,NA,NA,NA,NA,NA
2021-08-28 08:00:00,NA,NA,NA,NA,NA,NA,NA,NA,NA,NA,NA,NA,NA,NA,NA,NA,NA,NA,NA,NA,NA,NA,NA,NA
2021-08-28 09:00:00,NA,NA,NA,NA,NA,NA,NA,NA,NA,NA,NA,NA,NA,NA,NA,NA,NA,NA,NA,NA,NA,NA,NA,NA
2021-08-28 10:00:00,NA,NA,NA,NA,NA,NA,NA,NA,NA,NA,NA,NA,NA,NA,NA,NA,NA,NA,NA,NA,NA,NA,NA,NA
2021-08-28 11:00:00,NA,NA,NA,NA,NA,NA,NA,NA,NA,NA,NA,NA,NA,NA,NA,NA,NA,NA,NA,NA,NA,NA,NA,NA
2021-08-28 12:00:00,NA,NA,NA,NA,NA,NA,NA,NA,NA,NA,NA,NA,NA,NA,NA,NA,NA,NA,NA,NA,NA,NA,NA,NA
2021-08-28 13:00:00,NA,NA,NA,NA,NA,NA,NA,NA,NA,NA,NA,NA,NA,NA,NA,NA,NA,NA,NA,NA,NA,NA,NA,NA
2021-08-28 14:00:00,NA,NA,NA,NA,NA,NA,NA,NA,NA,NA,NA,NA,NA,NA,NA,NA,NA,NA,NA,NA,NA,NA,NA,NA
2021-08-28 15:00:00,NA,NA,NA,NA,NA,NA,NA,NA,NA,NA,NA,NA,NA,NA,NA,NA,NA,NA,NA,NA,NA,NA,NA,NA
2021-08-28 16:00:00,NA,NA,NA,NA,NA,NA,NA,NA,NA,NA,NA,NA,NA,NA,NA,NA,NA,NA,NA,NA,NA,NA,NA,NA
2021-08-28 17:00:00,NA,NA,NA,NA,NA,NA,NA,NA,NA,NA,NA,NA,NA,NA,NA,NA,NA,NA,NA,NA,NA,NA,NA,NA
2021-08-28 18:00:00,NA,NA,NA,NA,NA,NA,NA,NA,NA,NA,NA,NA,NA,NA,NA,NA,NA,NA,NA,NA,NA,NA,NA,NA
2021-08-28 19:00:00,NA,NA,NA,NA,NA,NA,NA,NA,NA,NA,NA,NA,NA,NA,NA,NA,NA,NA,NA,NA,NA,NA,NA,NA
2021-08-28 20:00:00,NA,NA,NA,NA,NA,NA,NA,NA,NA,NA,NA,NA,NA,NA,NA,NA,NA,NA,NA,NA,NA,NA,NA,NA
2021-08-28 21:00:00,NA,NA,NA,NA,NA,NA,NA,NA,NA,NA,NA,NA,NA,NA,NA,NA,NA,NA,NA,NA,NA,NA,NA,NA
2021-08-28 22:00:00,NA,NA,NA,NA,NA,NA,NA,NA,NA,NA,NA,NA,NA,NA,NA,NA,NA,NA,NA,NA,NA,NA,NA,NA
2021-08-28 23:00:00,NA,NA,NA,NA,NA,NA,NA,NA,NA,NA,NA,NA,NA,NA,NA,NA,NA,NA,NA,NA,NA,NA,NA,NA
2021-08-29 00:00:00,NA,NA,NA,NA,NA,NA,NA,NA,NA,NA,NA,NA,NA,NA,NA,NA,NA,NA,NA,NA,NA,NA,NA,NA
2021-08-29 01:00:00,NA,NA,NA,NA,NA,NA,NA,NA,NA,NA,NA,NA,NA,NA,NA,NA,NA,NA,NA,NA,NA,NA,NA,NA
2021-08-29 02:00:00,NA,NA,NA,NA,NA,NA,NA,NA,NA,NA,NA,NA,NA,NA,NA,NA,NA,NA,NA,NA,NA,NA,NA,NA
2021-08-29 03:00:00,NA,NA,NA,NA,NA,NA,NA,NA,NA,NA,NA,NA,NA,NA,NA,NA,NA,NA,NA,NA,NA,NA,NA,NA
2021-08-29 04:00:00,NA,NA,NA,NA,NA,NA,NA,NA,NA,NA,NA,NA,NA,NA,NA,NA,NA,NA,NA,NA,NA,NA,NA,NA
2021-08-29 05:00:00,NA,NA,NA,NA,NA,NA,NA,NA,NA,NA,NA,NA,NA,NA,NA,NA,NA,NA,NA,NA,NA,NA,NA,NA
2021-08-29 06:00:00,NA,NA,NA,NA,NA,NA,NA,NA,NA,NA,NA,NA,NA,NA,NA,NA,NA,NA,NA,NA,NA,NA,NA,NA
2021-08-29 07:00:00,NA,NA,NA,NA,NA,NA,NA,NA,NA,NA,NA,NA,NA,NA,NA,NA,NA,NA,NA,NA,NA,NA,NA,NA
2021-08-29 08:00:00,NA,NA,NA,NA,NA,NA,NA,NA,NA,NA,NA,NA,NA,NA,NA,NA,NA,NA,NA,NA,NA,NA,NA,NA
2021-08-29 09:00:00,NA,NA,NA,NA,NA,NA,NA,NA,NA,NA,NA,NA,NA,NA,NA,NA,NA,NA,NA,NA,NA,NA,NA,NA
2021-08-29 10:00:00,NA,NA,NA,NA,NA,NA,NA,NA,NA,NA,NA,NA,NA,NA,NA,NA,NA,NA,NA,NA,NA,NA,NA,NA
2021-08-29 11:00:00,NA,NA,NA,NA,NA,NA,NA,NA,NA,NA,NA,NA,NA,NA,NA,NA,NA,NA,NA,NA,NA,NA,NA,NA
2021-08-29 12:00:00,NA,NA,NA,NA,NA,NA,NA,NA,NA,NA,NA,NA,NA,NA,NA,NA,NA,NA,NA,NA,NA,NA,NA,NA
2021-08-29 13:00:00,NA,NA,NA,NA,NA,NA,NA,NA,NA,NA,NA,NA,NA,NA,NA,NA,NA,NA,NA,NA,NA,NA,NA,NA
2021-08-29 14:00:00,NA,45.46,6.99,14.01,21.01,NA,6.38,3.69,NA,NA,NA,NA,NA,NA,NA,NA,NA,NA,NA,NA,NA,NA,NA,NA
2021-08-29 15:00:00,NA,13.04,NA,NA,0.00,NA,6.56,3.75,NA,NA,NA,NA,NA,NA,NA,NA,NA,NA,NA,NA,NA,NA,NA,NA
2021-08-29 16:00:00,NA,10.98,NA,NA,0.00,NA,6.31,3.14,NA,NA,NA,NA,NA,NA,NA,NA,NA,NA,NA,NA,NA,NA,NA,NA
2021-08-29 17:00:00,NA,11.07,NA,NA,0.00,NA,6.31,2.00,NA,NA,NA,NA,NA,NA,NA,NA,NA,NA,NA,NA,NA,NA,NA,NA
2021-08-29 18:00:00,NA,11.07,NA,NA,0.00,NA,6.36,1.59,NA,NA,NA,NA,NA,NA,NA,NA,NA,NA,NA,NA,NA,NA,NA,NA
2021-08-29 19:00:00,NA,11.07,NA,NA,0.00,NA,6.86,2.83,NA,NA,NA,NA,NA,NA,NA,NA,NA,NA,NA,NA,NA,NA,NA,NA
2021-08-29 20:00:00,NA,11.07,NA,NA,0.00,NA,9.41,2.93,NA,NA,NA,NA,NA,NA,NA,NA,NA,NA,NA,NA,NA,NA,NA,NA
2021-08-29 21:00:00,NA,15.82,NA,NA,0.00,NA,9.56,2.74,NA,NA,NA,NA,NA,NA,NA,NA,NA,NA,NA,NA,NA,NA,NA,NA
2021-08-29 22:00:00,NA,41.07,NA,NA,0.00,NA,9.76,1.92,NA,NA,NA,NA,NA,NA,NA,NA,NA,NA,NA,NA,NA,NA,NA,NA
2021-08-29 23:00:00,NA,41.07,NA,NA,0.00,NA,9.60,2.31,NA,NA,NA,NA,NA,NA,NA,NA,NA,NA,NA,NA,NA,NA,NA,NA
2021-08-30 00:00:00,NA,41.07,NA,NA,0.00,NA,9.67,1.11,NA,NA,NA,NA,NA,NA,NA,NA,NA,NA,NA,NA,NA,NA,NA,NA
2021-08-30 01:00:00,NA,41.07,NA,NA,0.00,NA,10.55,0.90,NA,NA,NA,NA,NA,NA,NA,NA,NA,NA,NA,NA,NA,NA,NA,NA
2021-08-30 02:00:00,NA,41.07,NA,NA,0.00,NA,10.42,0.97,NA,NA,NA,NA,NA,NA,NA,NA,NA,NA,NA,NA,NA,NA,NA,NA
2021-08-30 03:00:00,NA,41.07,NA,NA,0.00,NA,10.44,1.06,NA,NA,NA,NA,NA,NA,NA,NA,NA,NA,NA,NA,NA,NA,NA,NA
2021-08-30 04:00:00,NA,41.07,NA,NA,0.00,NA,10.30,1.05,NA,NA,NA,NA,NA,NA,NA,NA,NA,NA,NA,NA,NA,NA,NA,NA
2021-08-30 05:00:00,NA,41.07,NA,NA,0.00,NA,10.34,1.14,NA,NA,NA,NA,NA,NA,NA,NA,NA,NA,NA,NA,NA,NA,NA,NA
2021-08-30 06:00:00,NA,41.07,NA,NA,0.00,NA,10.60,1.30,NA,NA,NA,NA,NA,NA,NA,NA,NA,NA,NA,NA,NA,NA,NA,NA
2021-08-30 07:00:00,NA,41.07,NA,NA,0.00,NA,10.46,1.19,NA,NA,NA,NA,NA,NA,NA,NA,NA,NA,NA,NA,NA,NA,NA,NA
2021-08-30 08:00:00,NA,57.59,NA,NA,0.00,NA,10.50,1.56,NA,NA,NA,NA,NA,NA,NA,NA,NA,NA,NA,NA,NA,NA,NA,NA
2021-08-30 09:00:00,NA,61.07,NA,NA,0.00,NA,10.40,1.55,NA,NA,NA,NA,NA,NA,NA,NA,NA,NA,NA,NA,NA,NA,NA,NA
2021-08-30 10:00:00,NA,61.07,NA,NA,0.00,NA,10.43,1.57,NA,NA,NA,NA,NA,NA,NA,NA,NA,NA,NA,NA,NA,NA,NA,NA
2021-08-30 11:00:00,NA,60.00,NA,NA,0.00,NA,7.15,1.13,NA,NA,NA,NA,NA,NA,NA,NA,NA,NA,NA,NA,NA,NA,NA,NA
2021-08-30 12:00:00,NA,52.68,15.53,25.83,40.87,NA,7.16,0.82,NA,NA,NA,NA,NA,NA,NA,NA,NA,NA,NA,NA,NA,NA,NA,NA
2021-08-30 13:00:00,NA,36.80,15.52,26.36,42.29,NA,6.87,0.62,NA,NA,NA,NA,NA,NA,NA,NA,NA,NA,NA,NA,NA,NA,NA,NA
2021-08-30 14:00:00,NA,38.64,16.28,27.10,43.09,NA,6.72,0.06,NA,NA,NA,NA,NA,NA,NA,NA,NA,NA,NA,NA,NA,NA,NA,NA
2021-08-30 15:00:00,NA,43.56,16.52,27.32,43.36,NA,6.35,0.95,NA,NA,NA,NA,NA,NA,NA,NA,NA,NA,NA,NA,NA,NA,NA,NA
2021-08-30 16:00:00,NA,39.18,17.20,28.04,44.08,NA,8.79,1.00,NA,NA,NA,NA,NA,NA,NA,NA,NA,NA,NA,NA,NA,NA,NA,NA
2021-08-30 17:00:00,NA,40.84,17.51,28.38,44.37,NA,8.72,1.75,NA,NA,NA,NA,NA,NA,NA,NA,NA,NA,NA,NA,NA,NA,NA,NA
2021-08-30 18:00:00,NA,39.16,17.50,28.34,44.32,NA,8.49,1.31,NA,NA,NA,NA,NA,NA,NA,NA,NA,NA,NA,NA,NA,NA,NA,NA
2021-08-30 19:00:00,NA,40.45,17.48,28.33,44.33,NA,8.58,0.70,NA,NA,NA,NA,NA,NA,NA,NA,NA,NA,NA,NA,NA,NA,NA,NA
2021-08-30 20:00:00,NA,45.94,17.52,28.30,44.42,NA,8.90,0.56,NA,NA,NA,NA,NA,NA,NA,NA,NA,NA,NA,NA,NA,NA,NA,NA
2021-08-30 21:00:00,NA,40.90,17.51,28.37,44.35,NA,9.52,0.44,NA,NA,NA,NA,NA,NA,NA,NA,NA,NA,NA,NA,NA,NA,NA,NA
2021-08-30 22:00:00,NA,40.21,17.54,28.42,44.32,NA,9.73,0.38,NA,NA,NA,NA,NA,NA,NA,NA,NA,NA,NA,NA,NA,NA,NA,NA
2021-08-30 23:00:00,NA,39.42,17.52,28.40,44.30,NA,9.75,0.44,NA,NA,NA,NA,NA,NA,NA,NA,NA,NA,NA,NA,NA,NA,NA,NA
2021-08-31 00:00:00,NA,40.94,17.52,28.37,44.42,NA,9.78,1.07,NA,NA,NA,NA,NA,NA,NA,NA,NA,NA,NA,NA,NA,NA,NA,NA
2021-08-31 01:00:00,NA,38.72,17.52,28.35,44.35,NA,9.64,0.96,NA,NA,NA,NA,NA,NA,NA,NA,NA,NA,NA,NA,NA,NA,NA,NA
2021-08-31 02:00:00,NA,44.45,17.53,28.32,44.38,NA,9.98,0.85,NA,NA,NA,NA,NA,NA,NA,NA,NA,NA,NA,NA,NA,NA,NA,NA
2021-08-31 03:00:00,NA,50.11,17.51,28.34,44.38,NA,9.92,0.90,NA,NA,NA,NA,NA,NA,NA,NA,NA,NA,NA,NA,NA,NA,NA,NA
2021-08-31 04:00:00,NA,44.47,17.52,28.42,44.35,NA,9.98,1.06,NA,NA,NA,NA,NA,NA,NA,NA,NA,NA,NA,NA,NA,NA,NA,NA
2021-08-31 05:00:00,NA,41.37,17.52,28.31,44.38,NA,9.88,2.02,NA,NA,NA,NA,NA,NA,NA,NA,NA,NA,NA,NA,NA,NA,NA,NA
2021-08-31 06:00:00,NA,42.49,17.51,28.38,44.34,NA,10.03,3.98,NA,NA,NA,NA,NA,NA,NA,NA,NA,NA,NA,NA,NA,NA,NA,NA
2021-08-31 07:00:00,NA,43.35,17.51,28.34,44.40,NA,7.06,4.46,NA,NA,NA,NA,NA,NA,NA,NA,NA,NA,NA,NA,NA,NA,NA,NA
2021-08-31 08:00:00,NA,46.92,17.53,28.43,44.33,NA,6.94,4.36,NA,NA,NA,NA,NA,NA,NA,NA,NA,NA,NA,NA,NA,NA,NA,NA
2021-08-31 09:00:00,NA,51.98,17.52,28.35,44.30,NA,6.71,4.15,NA,NA,NA,NA,NA,NA,NA,NA,NA,NA,NA,NA,NA,NA,NA,NA
2021-08-31 10:00:00,NA,39.67,17.52,28.37,44.36,NA,6.74,3.90,NA,NA,NA,NA,NA,NA,NA,NA,NA,NA,NA,NA,NA,NA,NA,NA
2021-08-31 11:00:00,NA,46.76,17.54,28.38,33.20,NA,6.66,2.86,NA,NA,NA,NA,NA,NA,NA,NA,NA,NA,NA,NA,NA,NA,NA,NA
2021-08-31 12:00:00,NA,NA,NA,NA,0.00,NA,NA,0.00,NA,NA,NA,NA,NA,NA,NA,NA,NA,NA,NA,NA,NA,NA,NA,NA
2021-08-31 13:00:00,NA,NA,NA,NA,0.00,NA,NA,0.00,NA,NA,NA,NA,NA,NA,NA,NA,NA,NA,NA,NA,NA,NA,NA,NA
2021-08-31 14:00:00,NA,38.96,17.51,28.33,33.28,NA,7.06,0.48,NA,NA,NA,NA,NA,NA,NA,NA,NA,NA,NA,NA,NA,NA,NA,NA
2021-08-31 15:00:00,NA,32.79,17.51,28.39,44.34,NA,6.64,0.12,NA,NA,NA,NA,NA,NA,NA,NA,NA,NA,NA,NA,NA,NA,NA,NA
2021-08-31 16:00:00,NA,55.87,17.52,28.32,44.37,NA,6.37,0.28,NA,NA,NA,NA,NA,NA,NA,NA,NA,NA,NA,NA,NA,NA,NA,NA
2021-08-31 17:00:00,NA,55.30,17.53,28.36,44.32,NA,6.08,0.86,NA,NA,NA,NA,NA,NA,NA,NA,NA,NA,NA,NA,NA,NA,NA,NA
2021-08-31 18:00:00,NA,88.94,17.54,28.33,44.41,NA,8.33,1.30,NA,NA,NA,NA,NA,NA,NA,NA,NA,NA,NA,NA,NA,NA,NA,NA
2021-08-31 19:00:00,NA,73.99,17.54,28.40,44.38,NA,8.68,2.59,NA,NA,NA,NA,NA,NA,NA,NA,NA,NA,NA,NA,NA,NA,NA,NA
2021-08-31 20:00:00,NA,56.12,17.54,28.36,44.30,NA,8.91,1.18,NA,NA,NA,NA,NA,NA,NA,NA,NA,NA,NA,NA,NA,NA,NA,NA
2021-08-31 21:00:00,NA,59.90,17.52,28.33,44.33,NA,8.89,0.38,NA,NA,NA,NA,NA,NA,NA,NA,NA,NA,NA,NA,NA,NA,NA,NA
2021-08-31 22:00:00,NA,71.70,17.54,28.37,44.32,NA,8.75,0.00,NA,NA,NA,NA,NA,NA,NA,NA,NA,NA,NA,NA,NA,NA,NA,NA
2021-08-31 23:00:00,NA,50.96,17.52,28.32,44.34,NA,10.41,0.00,NA,NA,NA,NA,NA,NA,NA,NA,NA,NA,NA,NA,NA,NA,NA,NA
2021-09-01 00:00:00,NA,40.29,17.52,28.32,44.36,NA,10.35,0.00,NA,NA,NA,NA,NA,NA,NA,NA,NA,NA,NA,NA,NA,NA,NA,NA
2021-09-01 01:00:00,NA,32.42,17.53,28.29,44.31,NA,10.55,0.58,NA,NA,NA,NA,NA,NA,NA,NA,NA,NA,NA,NA,NA,NA,NA,NA
2021-09-01 02:00:00,NA,27.52,17.54,28.35,44.33,NA,10.56,0.42,NA,NA,NA,NA,NA,NA,NA,NA,NA,NA,NA,NA,NA,NA,NA,NA
2021-09-01 03:00:00,NA,29.60,17.49,28.35,44.34,NA,10.74,0.39,NA,NA,NA,NA,NA,NA,NA,NA,NA,NA,NA,NA,NA,NA,NA,NA
2021-09-01 04:00:00,NA,41.30,17.54,28.33,44.36,NA,11.60,0.48,NA,NA,NA,NA,NA,NA,NA,NA,NA,NA,NA,NA,NA,NA,NA,NA
2021-09-01 05:00:00,NA,46.75,17.55,28.33,44.34,NA,11.84,1.06,NA,NA,NA,NA,NA,NA,NA,NA,NA,NA,NA,NA,NA,NA,NA,NA
2021-09-01 06:00:00,NA,49.97,17.54,28.34,44.31,NA,11.86,1.38,NA,NA,NA,NA,NA,NA,NA,NA,NA,NA,NA,NA,NA,NA,NA,NA
2021-09-01 07:00:00,NA,51.33,17.54,28.34,44.33,NA,11.92,1.36,NA,NA,NA,NA,NA,NA,NA,NA,NA,NA,NA,NA,NA,NA,NA,NA
2021-09-01 08:00:00,NA,37.04,17.51,28.34,44.44,NA,11.82,1.39,NA,NA,NA,NA,NA,NA,NA,NA,NA,NA,NA,NA,NA,NA,NA,NA
2021-09-01 09:00:00,NA,31.73,17.51,28.33,44.38,NA,10.92,1.31,NA,NA,NA,NA,NA,NA,NA,NA,NA,NA,NA,NA,NA,NA,NA,NA
2021-09-01 10:00:00,NA,34.02,17.52,28.35,44.35,NA,10.99,1.40,NA,NA,NA,NA,NA,NA,NA,NA,NA,NA,NA,NA,NA,NA,NA,NA
2021-09-01 11:00:00,NA,32.11,17.54,28.32,44.42,NA,11.25,1.76,NA,NA,NA,NA,NA,NA,NA,NA,NA,NA,NA,NA,NA,NA,NA,NA
2021-09-01 12:00:00,NA,NA,NA,NA,0.00,NA,NA,0.00,NA,NA,NA,NA,NA,NA,NA,NA,NA,NA,NA,NA,NA,NA,NA,NA
2021-09-01 13:00:00,NA,NA,NA,NA,0.00,NA,NA,0.00,NA,NA,NA,NA,NA,NA,NA,NA,NA,NA,NA,NA,NA,NA,NA,NA
2021-09-01 14:00:00,NA,29.20,17.54,28.30,11.08,NA,6.28,0.19,NA,NA,NA,NA,NA,NA,NA,NA,NA,NA,NA,NA,NA,NA,NA,NA
2021-09-01 15:00:00,NA,26.28,17.52,28.36,44.35,NA,5.91,0.36,NA,NA,NA,NA,NA,NA,NA,NA,NA,NA,NA,NA,NA,NA,NA,NA
2021-09-01 16:00:00,NA,29.12,17.54,28.33,44.36,NA,5.82,1.31,NA,NA,NA,NA,NA,NA,NA,NA,NA,NA,NA,NA,NA,NA,NA,NA
2021-09-01 17:00:00,NA,31.98,17.50,28.30,44.34,NA,5.62,1.63,NA,NA,NA,NA,NA,NA,NA,NA,NA,NA,NA,NA,NA,NA,NA,NA
2021-09-01 18:00:00,NA,66.58,17.54,28.36,44.36,NA,5.73,1.46,NA,NA,NA,NA,NA,NA,NA,NA,NA,NA,NA,NA,NA,NA,NA,NA
2021-09-01 19:00:00,NA,80.78,17.48,28.32,44.40,NA,8.60,1.73,NA,NA,NA,NA,NA,NA,NA,NA,NA,NA,NA,NA,NA,NA,NA,NA
2021-09-01 20:00:00,NA,72.79,17.53,28.36,44.30,NA,8.15,1.42,NA,NA,NA,NA,NA,NA,NA,NA,NA,NA,NA,NA,NA,NA,NA,NA
2021-09-01 21:00:00,NA,62.62,17.51,28.35,44.38,NA,8.48,1.28,NA,NA,NA,NA,NA,NA,NA,NA,NA,NA,NA,NA,NA,NA,NA,NA
2021-09-01 22:00:00,NA,35.76,17.52,28.32,44.37,NA,8.62,1.81,NA,NA,NA,NA,NA,NA,NA,NA,NA,NA,NA,NA,NA,NA,NA,NA
2021-09-01 23:00:00,NA,27.94,17.53,28.36,44.41,NA,8.83,1.74,NA,NA,NA,NA,NA,NA,NA,NA,NA,NA,NA,NA,NA,NA,NA,NA
2021-09-02 00:00:00,NA,31.97,17.52,28.33,44.42,NA,9.71,1.36,NA,NA,NA,NA,NA,NA,NA,NA,NA,NA,NA,NA,NA,NA,NA,NA
2021-09-02 01:00:00,NA,30.90,17.51,28.36,44.35,NA,9.72,0.69,NA,NA,NA,NA,NA,NA,NA,NA,NA,NA,NA,NA,NA,NA,NA,NA
2021-09-02 02:00:00,NA,33.44,17.52,28.34,44.40,NA,9.89,0.63,NA,NA,NA,NA,NA,NA,NA,NA,NA,NA,NA,NA,NA,NA,NA,NA
2021-09-02 03:00:00,NA,28.33,17.52,28.35,44.36,NA,9.98,0.68,NA,NA,NA,NA,NA,NA,NA,NA,NA,NA,NA,NA,NA,NA,NA,NA
2021-09-02 04:00:00,NA,26.08,17.51,28.38,44.40,NA,10.03,0.76,NA,NA,NA,NA,NA,NA,NA,NA,NA,NA,NA,NA,NA,NA,NA,NA
2021-09-02 05:00:00,NA,NA,NA,NA,NA,NA,NA,NA,NA,NA,NA,NA,NA,NA,NA,NA,NA,NA,NA,NA,NA,NA,NA,NA
2021-09-02 06:00:00,NA,NA,NA,NA,NA,NA,NA,NA,NA,NA,NA,NA,NA,NA,NA,NA,NA,NA,NA,NA,NA,NA,NA,NA
2021-09-02 07:00:00,NA,NA,NA,NA,NA,NA,NA,NA,NA,NA,NA,NA,NA,NA,NA,NA,NA,NA,NA,NA,NA,NA,NA,NA
2021-09-02 08:00:00,NA,NA,NA,NA,NA,NA,NA,NA,NA,NA,NA,NA,NA,NA,NA,NA,NA,NA,NA,NA,NA,NA,NA,NA
2021-09-02 09:00:00,NA,NA,NA,NA,NA,NA,NA,NA,NA,NA,NA,NA,NA,NA,NA,NA,NA,NA,NA,NA,NA,NA,NA,NA
2021-09-02 10:00:00,NA,NA,NA,NA,NA,NA,NA,NA,NA,NA,NA,NA,NA,NA,NA,NA,NA,NA,NA,NA,NA,NA,NA,NA
2021-09-02 11:00:00,NA,NA,NA,NA,NA,NA,NA,NA,NA,NA,NA,NA,NA,NA,NA,NA,NA,NA,NA,NA,NA,NA,NA,NA
2021-09-02 12:00:00,NA,NA,NA,NA,NA,NA,NA,NA,NA,NA,NA,NA,NA,NA,NA,NA,NA,NA,NA,NA,NA,NA,NA,NA
2021-09-02 13:00:00,NA,NA,NA,NA,NA,NA,NA,NA,NA,NA,NA,NA,NA,NA,NA,NA,NA,NA,NA,NA,NA,NA,NA,NA
2021-09-02 14:00:00,NA,NA,NA,NA,NA,NA,NA,NA,NA,NA,NA,NA,NA,NA,NA,NA,NA,NA,NA,NA,NA,NA,NA,NA
2021-09-02 15:00:00,NA,NA,NA,NA,NA,NA,NA,NA,NA,NA,NA,NA,NA,NA,NA,NA,NA,NA,NA,NA,NA,NA,NA,NA
2021-09-02 16:00:00,NA,NA,NA,NA,NA,NA,NA,NA,NA,NA,NA,NA,NA,NA,NA,NA,NA,NA,NA,NA,NA,NA,NA,NA
2021-09-02 17:00:00,NA,NA,NA,NA,NA,NA,NA,NA,NA,NA,NA,NA,NA,NA,NA,NA,NA,NA,NA,NA,NA,NA,NA,NA
2021-09-02 18:00:00,NA,NA,NA,NA,NA,NA,NA,NA,NA,NA,NA,NA,NA,NA,NA,NA,NA,NA,NA,NA,NA,NA,NA,NA
2021-09-02 19:00:00,NA,NA,NA,NA,NA,NA,NA,NA,NA,NA,NA,NA,NA,NA,NA,NA,NA,NA,NA,NA,NA,NA,NA,NA
2021-09-02 20:00:00,NA,NA,NA,NA,NA,NA,NA,NA,NA,NA,NA,NA,NA,NA,NA,NA,NA,NA,NA,NA,NA,NA,NA,NA
2021-09-02 21:00:00,NA,NA,NA,NA,NA,NA,NA,NA,NA,NA,NA,NA,NA,NA,NA,NA,NA,NA,NA,NA,NA,NA,NA,NA
2021-09-02 22:00:00,NA,NA,NA,NA,NA,NA,NA,NA,NA,NA,NA,NA,NA,NA,NA,NA,NA,NA,NA,NA,NA,NA,NA,NA
2021-09-02 23:00:00,NA,NA,NA,NA,NA,NA,NA,NA,NA,NA,NA,NA,NA,NA,NA,NA,NA,NA,NA,NA,NA,NA,NA,NA
2021-09-03 00:00:00,NA,NA,NA,NA,NA,NA,NA,NA,NA,NA,NA,NA,NA,NA,NA,NA,NA,NA,NA,NA,NA,NA,NA,NA
2021-09-03 01:00:00,NA,NA,NA,NA,NA,NA,NA,NA,NA,NA,NA,NA,NA,NA,NA,NA,NA,NA,NA,NA,NA,NA,NA,NA
2021-09-03 02:00:00,NA,NA,NA,NA,NA,NA,NA,NA,NA,NA,NA,NA,NA,NA,NA,NA,NA,NA,NA,NA,NA,NA,NA,NA
2021-09-03 03:00:00,NA,NA,NA,NA,NA,NA,NA,NA,NA,NA,NA,NA,NA,NA,NA,NA,NA,NA,NA,NA,NA,NA,NA,NA
2021-09-03 04:00:00,NA,NA,NA,NA,NA,NA,NA,NA,NA,NA,NA,NA,NA,NA,NA,NA,NA,NA,NA,NA,NA,NA,NA,NA
2021-09-03 05:00:00,NA,NA,NA,NA,NA,NA,NA,NA,NA,NA,NA,NA,NA,NA,NA,NA,NA,NA,NA,NA,NA,NA,NA,NA
2021-09-03 06:00:00,NA,NA,NA,NA,NA,NA,NA,NA,NA,NA,NA,NA,NA,NA,NA,NA,NA,NA,NA,NA,NA,NA,NA,NA
2021-09-03 07:00:00,NA,NA,NA,NA,NA,NA,NA,NA,NA,NA,NA,NA,NA,NA,NA,NA,NA,NA,NA,NA,NA,NA,NA,NA
2021-09-03 08:00:00,NA,NA,NA,NA,NA,NA,NA,NA,NA,NA,NA,NA,NA,NA,NA,NA,NA,NA,NA,NA,NA,NA,NA,NA
2021-09-03 09:00:00,NA,NA,NA,NA,NA,NA,NA,NA,NA,NA,NA,NA,NA,NA,NA,NA,NA,NA,NA,NA,NA,NA,NA,NA
2021-09-03 10:00:00,NA,NA,NA,NA,NA,NA,NA,NA,NA,NA,NA,NA,NA,NA,NA,NA,NA,NA,NA,NA,NA,NA,NA,NA
2021-09-03 11:00:00,NA,NA,NA,NA,NA,NA,NA,NA,NA,NA,NA,NA,NA,NA,NA,NA,NA,NA,NA,NA,NA,NA,NA,NA
2021-09-03 12:00:00,NA,NA,NA,NA,NA,NA,NA,NA,NA,NA,NA,NA,NA,NA,NA,NA,NA,NA,NA,NA,NA,NA,NA,NA
2021-09-03 13:00:00,NA,NA,NA,NA,NA,NA,NA,NA,NA,NA,NA,NA,NA,NA,NA,NA,NA,NA,NA,NA,NA,NA,NA,NA
2021-09-03 14:00:00,NA,NA,NA,NA,NA,NA,NA,NA,NA,NA,NA,NA,NA,NA,NA,NA,NA,NA,NA,NA,NA,NA,NA,NA
2021-09-03 15:00:00,NA,NA,NA,NA,NA,NA,NA,NA,NA,NA,NA,NA,NA,NA,NA,NA,NA,NA,NA,NA,NA,NA,NA,NA
2021-09-03 16:00:00,NA,NA,NA,NA,NA,NA,NA,NA,NA,NA,NA,NA,NA,NA,NA,NA,NA,NA,NA,NA,NA,NA,NA,NA
2021-09-03 17:00:00,NA,NA,NA,NA,NA,NA,NA,NA,NA,NA,NA,NA,NA,NA,NA,NA,NA,NA,NA,NA,NA,NA,NA,NA
2021-09-03 18:00:00,NA,NA,NA,NA,NA,NA,NA,NA,NA,NA,NA,NA,NA,NA,NA,NA,NA,NA,NA,NA,NA,NA,NA,NA
2021-09-03 19:00:00,NA,NA,NA,NA,NA,NA,NA,NA,NA,NA,NA,NA,NA,NA,NA,NA,NA,NA,NA,NA,NA,NA,NA,NA
2021-09-03 20:00:00,NA,NA,NA,NA,NA,NA,NA,NA,NA,NA,NA,NA,NA,NA,NA,NA,NA,NA,NA,NA,NA,NA,NA,NA
2021-09-03 21:00:00,NA,NA,NA,NA,NA,NA,NA,NA,NA,NA,NA,NA,NA,NA,NA,NA,NA,NA,NA,NA,NA,NA,NA,NA
2021-09-03 22:00:00,NA,NA,NA,NA,NA,NA,NA,NA,NA,NA,NA,NA,NA,NA,NA,NA,NA,NA,NA,NA,NA,NA,NA,NA
2021-09-03 23:00:00,NA,NA,NA,NA,NA,NA,NA,NA,NA,NA,NA,NA,NA,NA,NA,NA,NA,NA,NA,NA,NA,NA,NA,NA
2021-09-04 00:00:00,NA,NA,NA,NA,NA,NA,NA,NA,NA,NA,NA,NA,NA,NA,NA,NA,NA,NA,NA,NA,NA,NA,NA,NA
2021-09-04 01:00:00,NA,NA,NA,NA,NA,NA,NA,NA,NA,NA,NA,NA,NA,NA,NA,NA,NA,NA,NA,NA,NA,NA,NA,NA
2021-09-04 02:00:00,NA,NA,NA,NA,NA,NA,NA,NA,NA,NA,NA,NA,NA,NA,NA,NA,NA,NA,NA,NA,NA,NA,NA,NA
2021-09-04 03:00:00,NA,NA,NA,NA,NA,NA,NA,NA,NA,NA,NA,NA,NA,NA,NA,NA,NA,NA,NA,NA,NA,NA,NA,NA
2021-09-04 04:00:00,NA,NA,NA,NA,NA,NA,NA,NA,NA,NA,NA,NA,NA,NA,NA,NA,NA,NA,NA,NA,NA,NA,NA,NA
2021-09-04 05:00:00,NA,NA,NA,NA,NA,NA,NA,NA,NA,NA,NA,NA,NA,NA,NA,NA,NA,NA,NA,NA,NA,NA,NA,NA
2021-09-04 06:00:00,NA,NA,NA,NA,NA,NA,NA,NA,NA,NA,NA,NA,NA,NA,NA,NA,NA,NA,NA,NA,NA,NA,NA,NA
2021-09-04 07:00:00,NA,NA,NA,NA,NA,NA,NA,NA,NA,NA,NA,NA,NA,NA,NA,NA,NA,NA,NA,NA,NA,NA,NA,NA
2021-09-04 08:00:00,NA,NA,NA,NA,NA,NA,NA,NA,NA,NA,NA,NA,NA,NA,NA,NA,NA,NA,NA,NA,NA,NA,NA,NA
2021-09-04 09:00:00,NA,NA,NA,NA,NA,NA,NA,NA,NA,NA,NA,NA,NA,NA,NA,NA,NA,NA,NA,NA,NA,NA,NA,NA
2021-09-04 10:00:00,NA,NA,NA,NA,NA,NA,NA,NA,NA,NA,NA,NA,NA,NA,NA,NA,NA,NA,NA,NA,NA,NA,NA,NA
2021-09-04 11:00:00,NA,NA,NA,NA,NA,NA,NA,NA,NA,NA,NA,NA,NA,NA,NA,NA,NA,NA,NA,NA,NA,NA,NA,NA
2021-09-04 12:00:00,NA,NA,NA,NA,NA,NA,NA,NA,NA,NA,NA,NA,NA,NA,NA,NA,NA,NA,NA,NA,NA,NA,NA,NA
2021-09-04 13:00:00,NA,NA,NA,NA,NA,NA,NA,NA,NA,NA,NA,NA,NA,NA,NA,NA,NA,NA,NA,NA,NA,NA,NA,NA
2021-09-04 14:00:00,NA,NA,NA,NA,NA,NA,NA,NA,NA,NA,NA,NA,NA,NA,NA,NA,NA,NA,NA,NA,NA,NA,NA,NA
2021-09-04 15:00:00,NA,NA,NA,NA,NA,NA,NA,NA,NA,NA,NA,NA,NA,NA,NA,NA,NA,NA,NA,NA,NA,NA,NA,NA
2021-09-04 16:00:00,NA,NA,NA,NA,NA,NA,NA,NA,NA,NA,NA,NA,NA,NA,NA,NA,NA,NA,NA,NA,NA,NA,NA,NA
2021-09-04 17:00:00,NA,NA,NA,NA,NA,NA,NA,NA,NA,NA,NA,NA,NA,NA,NA,NA,NA,NA,NA,NA,NA,NA,NA,NA
2021-09-04 18:00:00,NA,NA,NA,NA,NA,NA,NA,NA,NA,NA,NA,NA,NA,NA,NA,NA,NA,NA,NA,NA,NA,NA,NA,NA
2021-09-04 19:00:00,NA,NA,NA,NA,NA,NA,NA,NA,NA,NA,NA,NA,NA,NA,NA,NA,NA,NA,NA,NA,NA,NA,NA,NA
2021-09-04 20:00:00,NA,NA,NA,NA,NA,NA,NA,NA,NA,NA,NA,NA,NA,NA,NA,NA,NA,NA,NA,NA,NA,NA,NA,NA
2021-09-04 21:00:00,NA,NA,NA,NA,NA,NA,NA,NA,NA,NA,NA,NA,NA,NA,NA,NA,NA,NA,NA,NA,NA,NA,NA,NA
2021-09-04 22:00:00,NA,NA,NA,NA,NA,NA,NA,NA,NA,NA,NA,NA,NA,NA,NA,NA,NA,NA,NA,NA,NA,NA,NA,NA
2021-09-04 23:00:00,NA,NA,NA,NA,NA,NA,NA,NA,NA,NA,NA,NA,NA,NA,NA,NA,NA,NA,NA,NA,NA,NA,NA,NA
2021-09-05 00:00:00,NA,NA,NA,NA,NA,NA,NA,NA,NA,NA,NA,NA,NA,NA,NA,NA,NA,NA,NA,NA,NA,NA,NA,NA
2021-09-05 01:00:00,NA,NA,NA,NA,NA,NA,NA,NA,NA,NA,NA,NA,NA,NA,NA,NA,NA,NA,NA,NA,NA,NA,NA,NA
2021-09-05 02:00:00,NA,NA,NA,NA,NA,NA,NA,NA,NA,NA,NA,NA,NA,NA,NA,NA,NA,NA,NA,NA,NA,NA,NA,NA
2021-09-05 03:00:00,NA,NA,NA,NA,NA,NA,NA,NA,NA,NA,NA,NA,NA,NA,NA,NA,NA,NA,NA,NA,NA,NA,NA,NA
2021-09-05 04:00:00,NA,NA,NA,NA,NA,NA,NA,NA,NA,NA,NA,NA,NA,NA,NA,NA,NA,NA,NA,NA,NA,NA,NA,NA
2021-09-05 05:00:00,NA,NA,NA,NA,NA,NA,NA,NA,NA,NA,NA,NA,NA,NA,NA,NA,NA,NA,NA,NA,NA,NA,NA,NA
2021-09-05 06:00:00,NA,NA,NA,NA,NA,NA,NA,NA,NA,NA,NA,NA,NA,NA,NA,NA,NA,NA,NA,NA,NA,NA,NA,NA
2021-09-05 07:00:00,NA,NA,NA,NA,NA,NA,NA,NA,NA,NA,NA,NA,NA,NA,NA,NA,NA,NA,NA,NA,NA,NA,NA,NA
2021-09-05 08:00:00,NA,NA,NA,NA,NA,NA,NA,NA,NA,NA,NA,NA,NA,NA,NA,NA,NA,NA,NA,NA,NA,NA,NA,NA
2021-09-05 09:00:00,NA,NA,NA,NA,NA,NA,NA,NA,NA,NA,NA,NA,NA,NA,NA,NA,NA,NA,NA,NA,NA,NA,NA,NA
2021-09-05 10:00:00,NA,NA,NA,NA,NA,NA,NA,NA,NA,NA,NA,NA,NA,NA,NA,NA,NA,NA,NA,NA,NA,NA,NA,NA
2021-09-05 11:00:00,NA,NA,NA,NA,NA,NA,NA,NA,NA,NA,NA,NA,NA,NA,NA,NA,NA,NA,NA,NA,NA,NA,NA,NA
2021-09-05 12:00:00,NA,NA,NA,NA,NA,NA,NA,NA,NA,NA,NA,NA,NA,NA,NA,NA,NA,NA,NA,NA,NA,NA,NA,NA
2021-09-05 13:00:00,NA,NA,NA,NA,NA,NA,NA,NA,NA,NA,NA,NA,NA,NA,NA,NA,NA,NA,NA,NA,NA,NA,NA,NA
2021-09-05 14:00:00,NA,NA,NA,NA,NA,NA,NA,NA,NA,NA,NA,NA,NA,NA,NA,NA,NA,NA,NA,NA,NA,NA,NA,NA
2021-09-05 15:00:00,NA,NA,NA,NA,NA,NA,NA,NA,NA,NA,NA,NA,NA,NA,NA,NA,NA,NA,NA,NA,NA,NA,NA,NA
2021-09-05 16:00:00,NA,NA,NA,NA,NA,NA,NA,NA,NA,NA,NA,NA,NA,NA,NA,NA,NA,NA,NA,NA,NA,NA,NA,NA
2021-09-05 17:00:00,NA,NA,NA,NA,NA,NA,NA,NA,NA,NA,NA,NA,NA,NA,NA,NA,NA,NA,NA,NA,NA,NA,NA,NA
2021-09-05 18:00:00,NA,NA,NA,NA,NA,NA,NA,NA,NA,NA,NA,NA,NA,NA,NA,NA,NA,NA,NA,NA,NA,NA,NA,NA
2021-09-05 19:00:00,NA,NA,NA,NA,NA,NA,NA,NA,NA,NA,NA,NA,NA,NA,NA,NA,NA,NA,NA,NA,NA,NA,NA,NA
2021-09-05 20:00:00,NA,NA,NA,NA,NA,NA,NA,NA,NA,NA,NA,NA,NA,NA,NA,NA,NA,NA,NA,NA,NA,NA,NA,NA
2021-09-05 21:00:00,NA,NA,NA,NA,NA,NA,NA,NA,NA,NA,NA,NA,NA,NA,NA,NA,NA,NA,NA,NA,NA,NA,NA,NA
2021-09-05 22:00:00,NA,NA,NA,NA,NA,NA,NA,NA,NA,NA,NA,NA,NA,NA,NA,NA,NA,NA,NA,NA,NA,NA,NA,NA
2021-09-05 23:00:00,NA,NA,NA,NA,NA,NA,NA,NA,NA,NA,NA,NA,NA,NA,NA,NA,NA,NA,NA,NA,NA,NA,NA,NA
2021-09-06 00:00:00,NA,NA,NA,NA,NA,NA,NA,NA,NA,NA,NA,NA,NA,NA,NA,NA,NA,NA,NA,NA,NA,NA,NA,NA
2021-09-06 01:00:00,NA,NA,NA,NA,NA,NA,NA,NA,NA,NA,NA,NA,NA,NA,NA,NA,NA,NA,NA,NA,NA,NA,NA,NA
2021-09-06 02:00:00,NA,NA,NA,NA,NA,NA,NA,NA,NA,NA,NA,NA,NA,NA,NA,NA,NA,NA,NA,NA,NA,NA,NA,NA
2021-09-06 03:00:00,NA,NA,NA,NA,NA,NA,NA,NA,NA,NA,NA,NA,NA,NA,NA,NA,NA,NA,NA,NA,NA,NA,NA,NA
2021-09-06 04:00:00,NA,NA,NA,NA,NA,NA,NA,NA,NA,NA,NA,NA,NA,NA,NA,NA,NA,NA,NA,NA,NA,NA,NA,NA
2021-09-06 05:00:00,NA,NA,NA,NA,NA,NA,NA,NA,NA,NA,NA,NA,NA,NA,NA,NA,NA,NA,NA,NA,NA,NA,NA,NA
2021-09-06 06:00:00,NA,NA,NA,NA,NA,NA,NA,NA,NA,NA,NA,NA,NA,NA,NA,NA,NA,NA,NA,NA,NA,NA,NA,NA
2021-09-06 07:00:00,NA,NA,NA,NA,NA,NA,NA,NA,NA,NA,NA,NA,NA,NA,NA,NA,NA,NA,NA,NA,NA,NA,NA,NA
2021-09-06 08:00:00,NA,NA,NA,NA,NA,NA,NA,NA,NA,NA,NA,NA,NA,NA,NA,NA,NA,NA,NA,NA,NA,NA,NA,NA
2021-09-06 09:00:00,NA,NA,NA,NA,NA,NA,NA,NA,NA,NA,NA,NA,NA,NA,NA,NA,NA,NA,NA,NA,NA,NA,NA,NA
2021-09-06 10:00:00,NA,NA,NA,NA,NA,NA,NA,NA,NA,NA,NA,NA,NA,NA,NA,NA,NA,NA,NA,NA,NA,NA,NA,NA
2021-09-06 11:00:00,NA,NA,NA,NA,NA,NA,NA,NA,NA,NA,NA,NA,NA,NA,NA,NA,NA,NA,NA,NA,NA,NA,NA,NA
2021-09-06 12:00:00,NA,NA,NA,NA,NA,NA,NA,NA,NA,NA,NA,NA,NA,NA,NA,NA,NA,NA,NA,NA,NA,NA,NA,NA
2021-09-06 13:00:00,NA,NA,NA,NA,NA,NA,NA,NA,NA,NA,NA,NA,NA,NA,NA,NA,NA,NA,NA,NA,NA,NA,NA,NA
2021-09-06 14:00:00,NA,NA,NA,NA,NA,NA,NA,NA,NA,NA,NA,NA,NA,NA,NA,NA,NA,NA,NA,NA,NA,NA,NA,NA
2021-09-06 15:00:00,NA,NA,NA,NA,NA,NA,NA,NA,NA,NA,NA,NA,NA,NA,NA,NA,NA,NA,NA,NA,NA,NA,NA,NA
2021-09-06 16:00:00,NA,NA,NA,NA,NA,NA,NA,NA,NA,NA,NA,NA,NA,NA,NA,NA,NA,NA,NA,NA,NA,NA,NA,NA
2021-09-06 17:00:00,NA,NA,NA,NA,NA,NA,NA,NA,NA,NA,NA,NA,NA,NA,NA,NA,NA,NA,NA,NA,NA,NA,NA,NA
2021-09-06 18:00:00,NA,NA,NA,NA,NA,NA,NA,NA,NA,NA,NA,NA,NA,NA,NA,NA,NA,NA,NA,NA,NA,NA,NA,NA
2021-09-06 19:00:00,NA,NA,NA,NA,NA,NA,NA,NA,NA,NA,NA,NA,NA,NA,NA,NA,NA,NA,NA,NA,NA,NA,NA,NA
2021-09-06 20:00:00,NA,NA,NA,NA,NA,NA,NA,NA,NA,NA,NA,NA,NA,NA,NA,NA,NA,NA,NA,NA,NA,NA,NA,NA
2021-09-06 21:00:00,NA,NA,NA,NA,NA,NA,NA,NA,NA,NA,NA,NA,NA,NA,NA,NA,NA,NA,NA,NA,NA,NA,NA,NA
2021-09-06 22:00:00,NA,NA,NA,NA,NA,NA,NA,NA,NA,NA,NA,NA,NA,NA,NA,NA,NA,NA,NA,NA,NA,NA,NA,NA
2021-09-06 23:00:00,NA,NA,NA,NA,NA,NA,NA,NA,NA,NA,NA,NA,NA,NA,NA,NA,NA,NA,NA,NA,NA,NA,NA,NA
2021-09-07 00:00:00,NA,NA,NA,NA,NA,NA,NA,NA,NA,NA,NA,NA,NA,NA,NA,NA,NA,NA,NA,NA,NA,NA,NA,NA
2021-09-07 01:00:00,NA,NA,NA,NA,NA,NA,NA,NA,NA,NA,NA,NA,NA,NA,NA,NA,NA,NA,NA,NA,NA,NA,NA,NA
2021-09-07 02:00:00,NA,NA,NA,NA,NA,NA,NA,NA,NA,NA,NA,NA,NA,NA,NA,NA,NA,NA,NA,NA,NA,NA,NA,NA
2021-09-07 03:00:00,NA,NA,NA,NA,NA,NA,NA,NA,NA,NA,NA,NA,NA,NA,NA,NA,NA,NA,NA,NA,NA,NA,NA,NA
2021-09-07 04:00:00,NA,NA,NA,NA,NA,NA,NA,NA,NA,NA,NA,NA,NA,NA,NA,NA,NA,NA,NA,NA,NA,NA,NA,NA
2021-09-07 05:00:00,NA,NA,NA,NA,NA,NA,NA,NA,NA,NA,NA,NA,NA,NA,NA,NA,NA,NA,NA,NA,NA,NA,NA,NA
2021-09-07 06:00:00,NA,NA,NA,NA,NA,NA,NA,NA,NA,NA,NA,NA,NA,NA,NA,NA,NA,NA,NA,NA,NA,NA,NA,NA
2021-09-07 07:00:00,NA,NA,NA,NA,NA,NA,NA,NA,NA,NA,NA,NA,NA,NA,NA,NA,NA,NA,NA,NA,NA,NA,NA,NA
2021-09-07 08:00:00,NA,NA,NA,NA,NA,NA,NA,NA,NA,NA,NA,NA,NA,NA,NA,NA,NA,NA,NA,NA,NA,NA,NA,NA
2021-09-07 09:00:00,NA,64.88,9.88,18.98,NA,NA,10.86,3.64,NA,NA,NA,NA,NA,NA,NA,NA,NA,NA,NA,NA,NA,NA,NA,NA
2021-09-07 10:00:00,NA,86.07,9.99,19.10,29.08,NA,11.29,3.78,NA,NA,NA,NA,NA,NA,NA,NA,NA,NA,NA,NA,NA,NA,NA,NA
2021-09-07 11:00:00,NA,96.34,10.05,19.14,28.88,NA,7.94,4.26,NA,NA,NA,NA,NA,NA,NA,NA,NA,NA,NA,NA,NA,NA,NA,NA
2021-09-07 12:00:00,NA,66.30,10.01,19.02,28.98,NA,7.60,4.26,NA,NA,NA,NA,NA,NA,NA,NA,NA,NA,NA,NA,NA,NA,NA,NA
2021-09-07 13:00:00,NA,45.02,10.00,19.08,28.99,NA,7.42,4.00,NA,NA,NA,NA,NA,NA,NA,NA,NA,NA,NA,NA,NA,NA,NA,NA
2021-09-07 14:00:00,NA,52.24,9.97,18.93,28.74,NA,7.32,3.20,NA,NA,NA,NA,NA,NA,NA,NA,NA,NA,NA,NA,NA,NA,NA,NA
2021-09-07 15:00:00,NA,45.92,10.05,18.92,29.04,NA,7.10,2.80,NA,NA,NA,NA,NA,NA,NA,NA,NA,NA,NA,NA,NA,NA,NA,NA
2021-09-07 16:00:00,NA,23.00,10.01,19.14,29.01,NA,10.72,3.14,NA,NA,NA,NA,NA,NA,NA,NA,NA,NA,NA,NA,NA,NA,NA,NA
2021-09-07 17:00:00,NA,11.48,10.02,19.10,28.94,NA,10.50,3.69,NA,NA,NA,NA,NA,NA,NA,NA,NA,NA,NA,NA,NA,NA,NA,NA
2021-09-07 18:00:00,NA,51.20,9.93,19.00,29.07,NA,10.36,4.19,NA,NA,NA,NA,NA,NA,NA,NA,NA,NA,NA,NA,NA,NA,NA,NA
2021-09-07 19:00:00,NA,82.85,9.93,19.20,29.02,NA,10.13,3.92,NA,NA,NA,NA,NA,NA,NA,NA,NA,NA,NA,NA,NA,NA,NA,NA
2021-09-07 20:00:00,NA,63.25,9.99,18.85,29.09,NA,10.12,3.42,NA,NA,NA,NA,NA,NA,NA,NA,NA,NA,NA,NA,NA,NA,NA,NA
2021-09-07 21:00:00,NA,74.04,10.07,19.03,29.15,NA,7.92,3.49,NA,NA,NA,NA,NA,NA,NA,NA,NA,NA,NA,NA,NA,NA,NA,NA
2021-09-07 22:00:00,NA,67.32,9.96,18.71,29.00,NA,7.95,3.24,NA,NA,NA,NA,NA,NA,NA,NA,NA,NA,NA,NA,NA,NA,NA,NA
2021-09-07 23:00:00,NA,46.59,10.00,19.00,29.08,NA,8.31,2.82,NA,NA,NA,NA,NA,NA,NA,NA,NA,NA,NA,NA,NA,NA,NA,NA
2021-09-08 00:00:00,NA,17.82,9.95,19.16,29.07,NA,7.82,2.27,NA,NA,NA,NA,NA,NA,NA,NA,NA,NA,NA,NA,NA,NA,NA,NA
2021-09-08 01:00:00,NA,8.91,9.99,18.92,29.24,NA,7.84,2.08,NA,NA,NA,NA,NA,NA,NA,NA,NA,NA,NA,NA,NA,NA,NA,NA
2021-09-08 02:00:00,NA,8.10,9.95,19.07,29.01,NA,9.08,1.67,NA,NA,NA,NA,NA,NA,NA,NA,NA,NA,NA,NA,NA,NA,NA,NA
2021-09-08 03:00:00,NA,15.70,10.02,18.74,29.29,NA,8.85,1.54,NA,NA,NA,NA,NA,NA,NA,NA,NA,NA,NA,NA,NA,NA,NA,NA
2021-09-08 04:00:00,NA,20.56,10.01,19.16,29.14,NA,9.09,1.56,NA,NA,NA,NA,NA,NA,NA,NA,NA,NA,NA,NA,NA,NA,NA,NA
2021-09-08 05:00:00,NA,22.55,10.09,19.08,29.11,NA,9.22,1.88,NA,NA,NA,NA,NA,NA,NA,NA,NA,NA,NA,NA,NA,NA,NA,NA
2021-09-08 06:00:00,NA,30.95,10.00,18.88,28.87,NA,9.20,2.52,NA,NA,NA,NA,NA,NA,NA,NA,NA,NA,NA,NA,NA,NA,NA,NA
2021-09-08 07:00:00,NA,45.18,10.05,18.91,29.11,NA,9.66,2.56,NA,NA,NA,NA,NA,NA,NA,NA,NA,NA,NA,NA,NA,NA,NA,NA
2021-09-08 08:00:00,NA,71.90,10.02,19.05,29.18,NA,9.76,2.71,NA,NA,NA,NA,NA,NA,NA,NA,NA,NA,NA,NA,NA,NA,NA,NA
2021-09-08 09:00:00,NA,74.48,9.97,18.92,28.84,NA,9.91,2.66,NA,NA,NA,NA,NA,NA,NA,NA,NA,NA,NA,NA,NA,NA,NA,NA
2021-09-08 10:00:00,NA,53.78,10.04,18.93,28.90,NA,9.97,3.22,NA,NA,NA,NA,NA,NA,NA,NA,NA,NA,NA,NA,NA,NA,NA,NA
2021-09-08 11:00:00,NA,43.44,10.00,19.00,28.68,NA,10.40,3.27,NA,NA,NA,NA,NA,NA,NA,NA,NA,NA,NA,NA,NA,NA,NA,NA
2021-09-08 12:00:00,NA,31.98,9.93,18.99,29.00,NA,7.86,3.39,NA,NA,NA,NA,NA,NA,NA,NA,NA,NA,NA,NA,NA,NA,NA,NA
2021-09-08 13:00:00,NA,23.37,10.03,19.11,29.08,NA,7.30,3.02,NA,NA,NA,NA,NA,NA,NA,NA,NA,NA,NA,NA,NA,NA,NA,NA
2021-09-08 14:00:00,NA,13.88,10.04,19.19,28.96,NA,6.88,2.43,NA,NA,NA,NA,NA,NA,NA,NA,NA,NA,NA,NA,NA,NA,NA,NA
2021-09-08 15:00:00,NA,9.58,9.94,18.94,28.72,NA,6.66,2.10,NA,NA,NA,NA,NA,NA,NA,NA,NA,NA,NA,NA,NA,NA,NA,NA
2021-09-08 16:00:00,NA,5.83,10.06,18.99,29.10,NA,6.84,2.12,NA,NA,NA,NA,NA,NA,NA,NA,NA,NA,NA,NA,NA,NA,NA,NA
2021-09-08 17:00:00,NA,51.64,9.99,19.05,28.96,NA,8.92,2.52,NA,NA,NA,NA,NA,NA,NA,NA,NA,NA,NA,NA,NA,NA,NA,NA
2021-09-08 18:00:00,NA,98.43,10.00,18.73,29.08,NA,8.64,2.78,NA,NA,NA,NA,NA,NA,NA,NA,NA,NA,NA,NA,NA,NA,NA,NA
2021-09-08 19:00:00,NA,87.31,9.93,19.00,29.08,NA,8.94,3.68,NA,NA,NA,NA,NA,NA,NA,NA,NA,NA,NA,NA,NA,NA,NA,NA
2021-09-08 20:00:00,NA,70.56,9.92,19.01,29.10,NA,8.58,3.63,NA,NA,NA,NA,NA,NA,NA,NA,NA,NA,NA,NA,NA,NA,NA,NA
2021-09-08 21:00:00,NA,72.82,10.00,18.94,28.56,NA,8.59,3.56,NA,NA,NA,NA,NA,NA,NA,NA,NA,NA,NA,NA,NA,NA,NA,NA
2021-09-08 22:00:00,NA,70.86,9.99,18.98,29.01,NA,9.84,2.79,NA,NA,NA,NA,NA,NA,NA,NA,NA,NA,NA,NA,NA,NA,NA,NA
2021-09-08 23:00:00,NA,46.29,10.02,18.58,29.08,NA,9.62,2.19,NA,NA,NA,NA,NA,NA,NA,NA,NA,NA,NA,NA,NA,NA,NA,NA
2021-09-09 00:00:00,NA,17.71,10.02,18.92,28.65,NA,9.51,1.45,NA,NA,NA,NA,NA,NA,NA,NA,NA,NA,NA,NA,NA,NA,NA,NA
2021-09-09 01:00:00,NA,8.87,9.88,19.08,28.72,NA,9.65,1.16,NA,NA,NA,NA,NA,NA,NA,NA,NA,NA,NA,NA,NA,NA,NA,NA
2021-09-09 02:00:00,NA,36.90,9.90,18.80,29.20,NA,9.68,1.90,NA,NA,NA,NA,NA,NA,NA,NA,NA,NA,NA,NA,NA,NA,NA,NA
2021-09-09 03:00:00,NA,55.14,9.93,19.10,28.68,NA,7.37,1.64,NA,NA,NA,NA,NA,NA,NA,NA,NA,NA,NA,NA,NA,NA,NA,NA
2021-09-09 04:00:00,NA,27.57,9.98,19.16,28.96,NA,7.31,1.80,NA,NA,NA,NA,NA,NA,NA,NA,NA,NA,NA,NA,NA,NA,NA,NA
2021-09-09 05:00:00,NA,37.22,10.04,18.94,28.85,NA,7.27,1.94,NA,NA,NA,NA,NA,NA,NA,NA,NA,NA,NA,NA,NA,NA,NA,NA
2021-09-09 06:00:00,NA,45.10,10.04,18.78,28.94,NA,7.61,2.50,NA,NA,NA,NA,NA,NA,NA,NA,NA,NA,NA,NA,NA,NA,NA,NA
2021-09-09 07:00:00,NA,46.88,9.88,19.15,28.88,NA,7.57,2.28,NA,NA,NA,NA,NA,NA,NA,NA,NA,NA,NA,NA,NA,NA,NA,NA
2021-09-09 08:00:00,NA,55.36,10.11,19.04,29.08,NA,7.02,2.31,NA,NA,NA,NA,NA,NA,NA,NA,NA,NA,NA,NA,NA,NA,NA,NA
2021-09-09 09:00:00,NA,33.14,9.96,18.96,29.18,NA,7.16,2.02,NA,NA,NA,NA,NA,NA,NA,NA,NA,NA,NA,NA,NA,NA,NA,NA
2021-09-09 10:00:00,NA,39.12,9.91,18.91,29.20,NA,7.34,2.38,NA,NA,NA,NA,NA,NA,NA,NA,NA,NA,NA,NA,NA,NA,NA,NA
2021-09-09 11:00:00,NA,NA,10.03,18.94,28.90,NA,7.60,3.07,NA,NA,NA,NA,NA,NA,NA,NA,NA,NA,NA,NA,NA,NA,NA,NA
2021-09-09 12:00:00,NA,NA,10.02,18.91,28.83,NA,7.67,3.51,NA,NA,NA,NA,NA,NA,NA,NA,NA,NA,NA,NA,NA,NA,NA,NA
2021-09-09 13:00:00,NA,NA,9.93,18.88,29.28,NA,10.54,3.22,NA,NA,NA,NA,NA,NA,NA,NA,NA,NA,NA,NA,NA,NA,NA,NA
2021-09-09 14:00:00,NA,NA,10.04,18.96,28.97,NA,10.34,2.62,NA,NA,NA,NA,NA,NA,NA,NA,NA,NA,NA,NA,NA,NA,NA,NA
2021-09-09 15:00:00,NA,NA,9.98,19.02,28.98,NA,10.11,2.35,NA,NA,NA,NA,NA,NA,NA,NA,NA,NA,NA,NA,NA,NA,NA,NA
2021-09-09 16:00:00,NA,NA,10.10,19.01,29.07,NA,10.02,1.85,NA,NA,NA,NA,NA,NA,NA,NA,NA,NA,NA,NA,NA,NA,NA,NA
2021-09-09 17:00:00,NA,NA,9.94,18.96,28.95,NA,9.45,1.33,NA,NA,NA,NA,NA,NA,NA,NA,NA,NA,NA,NA,NA,NA,NA,NA
2021-09-09 18:00:00,NA,30.92,10.06,19.22,28.82,NA,11.12,1.63,NA,NA,NA,NA,NA,NA,NA,NA,NA,NA,NA,NA,NA,NA,NA,NA
2021-09-09 19:00:00,NA,61.44,10.01,18.90,29.01,NA,10.86,1.91,NA,NA,NA,NA,NA,NA,NA,NA,NA,NA,NA,NA,NA,NA,NA,NA
2021-09-09 20:00:00,NA,81.32,10.09,18.84,28.77,NA,11.02,2.17,NA,NA,NA,NA,NA,NA,NA,NA,NA,NA,NA,NA,NA,NA,NA,NA
2021-09-09 21:00:00,NA,103.10,9.99,19.25,29.11,NA,11.10,2.15,NA,NA,NA,NA,NA,NA,NA,NA,NA,NA,NA,NA,NA,NA,NA,NA
2021-09-09 22:00:00,NA,86.79,9.99,19.03,28.97,NA,11.24,1.69,NA,NA,NA,NA,NA,NA,NA,NA,NA,NA,NA,NA,NA,NA,NA,NA
2021-09-09 23:00:00,NA,67.34,9.97,18.83,28.75,NA,9.54,1.42,NA,NA,NA,NA,NA,NA,NA,NA,NA,NA,NA,NA,NA,NA,NA,NA
2021-09-10 00:00:00,NA,55.85,9.90,18.96,29.12,NA,9.62,1.02,NA,NA,NA,NA,NA,NA,NA,NA,NA,NA,NA,NA,NA,NA,NA,NA
2021-09-10 01:00:00,NA,29.46,9.96,18.99,28.79,NA,9.67,1.00,NA,NA,NA,NA,NA,NA,NA,NA,NA,NA,NA,NA,NA,NA,NA,NA
2021-09-10 02:00:00,NA,27.60,9.96,18.93,28.83,NA,9.68,1.79,NA,NA,NA,NA,NA,NA,NA,NA,NA,NA,NA,NA,NA,NA,NA,NA
2021-09-10 03:00:00,NA,38.00,10.04,19.01,29.13,NA,9.87,1.80,NA,NA,NA,NA,NA,NA,NA,NA,NA,NA,NA,NA,NA,NA,NA,NA
2021-09-10 04:00:00,NA,31.99,9.99,19.04,29.26,NA,8.19,1.97,NA,NA,NA,NA,NA,NA,NA,NA,NA,NA,NA,NA,NA,NA,NA,NA
2021-09-10 05:00:00,NA,26.34,9.97,19.08,28.74,NA,8.24,2.26,NA,NA,NA,NA,NA,NA,NA,NA,NA,NA,NA,NA,NA,NA,NA,NA
2021-09-10 06:00:00,NA,42.51,9.96,19.12,29.38,NA,8.57,3.00,NA,NA,NA,NA,NA,NA,NA,NA,NA,NA,NA,NA,NA,NA,NA,NA
2021-09-10 07:00:00,NA,47.72,10.00,18.80,28.88,NA,8.36,3.17,NA,NA,NA,NA,NA,NA,NA,NA,NA,NA,NA,NA,NA,NA,NA,NA
2021-09-10 08:00:00,NA,41.96,9.92,19.10,28.75,NA,8.40,2.89,NA,NA,NA,NA,NA,NA,NA,NA,NA,NA,NA,NA,NA,NA,NA,NA
2021-09-10 09:00:00,NA,41.76,10.02,19.03,29.08,NA,10.72,2.64,NA,NA,NA,NA,NA,NA,NA,NA,NA,NA,NA,NA,NA,NA,NA,NA
2021-09-10 10:00:00,NA,33.30,10.02,19.10,29.21,NA,10.84,2.49,NA,NA,NA,NA,NA,NA,NA,NA,NA,NA,NA,NA,NA,NA,NA,NA
2021-09-10 11:00:00,NA,39.53,9.98,19.14,28.97,NA,10.66,1.99,NA,NA,NA,NA,NA,NA,NA,NA,NA,NA,NA,NA,NA,NA,NA,NA
2021-09-10 12:00:00,NA,41.26,10.03,18.98,28.89,NA,10.43,1.94,NA,NA,NA,NA,NA,NA,NA,NA,NA,NA,NA,NA,NA,NA,NA,NA
2021-09-10 13:00:00,NA,30.93,9.92,19.04,28.91,NA,10.27,1.52,NA,NA,NA,NA,NA,NA,NA,NA,NA,NA,NA,NA,NA,NA,NA,NA
2021-09-10 14:00:00,NA,28.07,10.02,19.12,29.06,NA,9.75,1.26,NA,NA,NA,NA,NA,NA,NA,NA,NA,NA,NA,NA,NA,NA,NA,NA
2021-09-10 15:00:00,NA,34.69,10.01,19.16,28.94,NA,9.74,1.02,NA,NA,NA,NA,NA,NA,NA,NA,NA,NA,NA,NA,NA,NA,NA,NA
2021-09-10 16:00:00,NA,34.25,10.01,18.96,28.68,NA,10.14,1.00,NA,NA,NA,NA,NA,NA,NA,NA,NA,NA,NA,NA,NA,NA,NA,NA
2021-09-10 17:00:00,NA,26.09,9.99,19.04,28.94,NA,10.11,1.00,NA,NA,NA,NA,NA,NA,NA,NA,NA,NA,NA,NA,NA,NA,NA,NA
2021-09-10 18:00:00,NA,42.29,9.94,19.00,28.80,NA,10.27,1.12,NA,NA,NA,NA,NA,NA,NA,NA,NA,NA,NA,NA,NA,NA,NA,NA
2021-09-10 19:00:00,NA,63.95,10.04,19.23,28.84,NA,8.72,1.62,NA,NA,NA,NA,NA,NA,NA,NA,NA,NA,NA,NA,NA,NA,NA,NA
2021-09-10 20:00:00,NA,75.06,10.09,19.02,29.30,NA,8.64,1.75,NA,NA,NA,NA,NA,NA,NA,NA,NA,NA,NA,NA,NA,NA,NA,NA
2021-09-10 21:00:00,NA,74.51,10.04,18.82,29.18,NA,8.42,1.77,NA,NA,NA,NA,NA,NA,NA,NA,NA,NA,NA,NA,NA,NA,NA,NA
2021-09-10 22:00:00,NA,70.26,9.98,18.91,28.91,NA,8.41,1.78,NA,NA,NA,NA,NA,NA,NA,NA,NA,NA,NA,NA,NA,NA,NA,NA
2021-09-10 23:00:00,NA,69.97,9.99,18.90,29.08,NA,8.38,1.70,NA,NA,NA,NA,NA,NA,NA,NA,NA,NA,NA,NA,NA,NA,NA,NA
2021-09-11 00:00:00,NA,54.00,10.06,18.84,28.86,NA,10.04,1.48,NA,NA,NA,NA,NA,NA,NA,NA,NA,NA,NA,NA,NA,NA,NA,NA
2021-09-11 01:00:00,NA,38.30,9.87,18.76,28.94,NA,9.78,1.30,NA,NA,NA,NA,NA,NA,NA,NA,NA,NA,NA,NA,NA,NA,NA,NA
2021-09-11 02:00:00,NA,23.85,9.95,19.11,28.97,NA,9.74,2.00,NA,NA,NA,NA,NA,NA,NA,NA,NA,NA,NA,NA,NA,NA,NA,NA
2021-09-11 03:00:00,NA,16.31,9.96,18.96,28.92,NA,9.67,1.93,NA,NA,NA,NA,NA,NA,NA,NA,NA,NA,NA,NA,NA,NA,NA,NA
2021-09-11 04:00:00,NA,17.16,10.03,19.01,29.23,NA,9.74,2.22,NA,NA,NA,NA,NA,NA,NA,NA,NA,NA,NA,NA,NA,NA,NA,NA
2021-09-11 05:00:00,NA,29.02,10.08,18.72,28.82,NA,10.84,2.43,NA,NA,NA,NA,NA,NA,NA,NA,NA,NA,NA,NA,NA,NA,NA,NA
2021-09-11 06:00:00,NA,43.88,9.96,19.23,28.71,NA,11.03,2.91,NA,NA,NA,NA,NA,NA,NA,NA,NA,NA,NA,NA,NA,NA,NA,NA
2021-09-11 07:00:00,NA,59.83,10.01,18.88,29.44,NA,10.96,3.17,NA,NA,NA,NA,NA,NA,NA,NA,NA,NA,NA,NA,NA,NA,NA,NA
2021-09-11 08:00:00,NA,78.00,9.96,18.86,28.93,NA,11.03,3.38,NA,NA,NA,NA,NA,NA,NA,NA,NA,NA,NA,NA,NA,NA,NA,NA
2021-09-11 09:00:00,NA,78.38,10.00,19.00,29.24,NA,11.18,3.60,NA,NA,NA,NA,NA,NA,NA,NA,NA,NA,NA,NA,NA,NA,NA,NA
2021-09-11 10:00:00,NA,63.98,9.96,19.23,29.20,NA,8.91,3.20,NA,NA,NA,NA,NA,NA,NA,NA,NA,NA,NA,NA,NA,NA,NA,NA
2021-09-11 11:00:00,NA,55.87,9.96,19.08,28.70,NA,8.59,2.82,NA,NA,NA,NA,NA,NA,NA,NA,NA,NA,NA,NA,NA,NA,NA,NA
2021-09-11 12:00:00,NA,58.20,10.05,18.84,29.10,NA,8.44,2.48,NA,NA,NA,NA,NA,NA,NA,NA,NA,NA,NA,NA,NA,NA,NA,NA
2021-09-11 13:00:00,NA,39.76,10.02,19.09,29.44,NA,8.91,2.29,NA,NA,NA,NA,NA,NA,NA,NA,NA,NA,NA,NA,NA,NA,NA,NA
2021-09-11 14:00:00,NA,30.37,10.04,19.06,29.08,NA,8.97,1.84,NA,NA,NA,NA,NA,NA,NA,NA,NA,NA,NA,NA,NA,NA,NA,NA
2021-09-11 15:00:00,NA,39.44,10.06,19.11,28.90,NA,12.41,1.81,NA,NA,NA,NA,NA,NA,NA,NA,NA,NA,NA,NA,NA,NA,NA,NA
2021-09-11 16:00:00,NA,47.75,10.04,18.94,29.10,NA,12.62,1.76,NA,NA,NA,NA,NA,NA,NA,NA,NA,NA,NA,NA,NA,NA,NA,NA
2021-09-11 17:00:00,NA,61.45,10.10,18.84,29.09,NA,12.64,1.86,NA,NA,NA,NA,NA,NA,NA,NA,NA,NA,NA,NA,NA,NA,NA,NA
2021-09-11 18:00:00,NA,60.65,9.92,19.11,28.96,NA,12.92,2.05,NA,NA,NA,NA,NA,NA,NA,NA,NA,NA,NA,NA,NA,NA,NA,NA
2021-09-11 19:00:00,NA,59.93,9.99,18.88,28.97,NA,12.88,2.40,NA,NA,NA,NA,NA,NA,NA,NA,NA,NA,NA,NA,NA,NA,NA,NA
2021-09-11 20:00:00,NA,66.26,9.94,19.06,28.45,NA,9.70,2.79,NA,NA,NA,NA,NA,NA,NA,NA,NA,NA,NA,NA,NA,NA,NA,NA
2021-09-11 21:00:00,NA,71.87,10.01,19.08,28.80,NA,9.59,2.75,NA,NA,NA,NA,NA,NA,NA,NA,NA,NA,NA,NA,NA,NA,NA,NA
2021-09-11 22:00:00,NA,61.28,9.98,18.94,28.89,NA,9.27,2.71,NA,NA,NA,NA,NA,NA,NA,NA,NA,NA,NA,NA,NA,NA,NA,NA
2021-09-11 23:00:00,NA,48.18,10.02,18.77,28.86,NA,9.17,2.57,NA,NA,NA,NA,NA,NA,NA,NA,NA,NA,NA,NA,NA,NA,NA,NA
2021-09-12 00:00:00,NA,37.25,9.98,18.91,29.24,NA,9.10,2.31,NA,NA,NA,NA,NA,NA,NA,NA,NA,NA,NA,NA,NA,NA,NA,NA
2021-09-12 01:00:00,NA,26.80,10.06,19.02,29.12,NA,9.08,2.07,NA,NA,NA,NA,NA,NA,NA,NA,NA,NA,NA,NA,NA,NA,NA,NA
2021-09-12 02:00:00,NA,18.60,10.05,19.06,28.99,NA,8.86,1.96,NA,NA,NA,NA,NA,NA,NA,NA,NA,NA,NA,NA,NA,NA,NA,NA
2021-09-12 03:00:00,NA,20.80,10.03,19.06,29.16,NA,8.98,2.10,NA,NA,NA,NA,NA,NA,NA,NA,NA,NA,NA,NA,NA,NA,NA,NA
2021-09-12 04:00:00,NA,22.73,9.98,18.98,28.82,NA,8.71,2.17,NA,NA,NA,NA,NA,NA,NA,NA,NA,NA,NA,NA,NA,NA,NA,NA
2021-09-12 05:00:00,NA,22.57,10.03,19.12,29.03,NA,8.83,2.31,NA,NA,NA,NA,NA,NA,NA,NA,NA,NA,NA,NA,NA,NA,NA,NA
2021-09-12 06:00:00,NA,33.50,10.09,19.10,29.06,NA,10.45,2.77,NA,NA,NA,NA,NA,NA,NA,NA,NA,NA,NA,NA,NA,NA,NA,NA
2021-09-12 07:00:00,NA,53.80,10.00,19.28,28.93,NA,10.82,2.93,NA,NA,NA,NA,NA,NA,NA,NA,NA,NA,NA,NA,NA,NA,NA,NA
2021-09-12 08:00:00,NA,53.20,9.97,18.99,28.93,NA,10.84,2.97,NA,NA,NA,NA,NA,NA,NA,NA,NA,NA,NA,NA,NA,NA,NA,NA
2021-09-12 09:00:00,NA,55.67,10.06,19.21,28.56,NA,10.76,2.87,NA,NA,NA,NA,NA,NA,NA,NA,NA,NA,NA,NA,NA,NA,NA,NA
2021-09-12 10:00:00,NA,76.70,10.00,19.10,29.12,NA,10.43,2.76,NA,NA,NA,NA,NA,NA,NA,NA,NA,NA,NA,NA,NA,NA,NA,NA
2021-09-12 11:00:00,NA,76.41,10.05,19.13,29.16,NA,8.93,2.43,NA,NA,NA,NA,NA,NA,NA,NA,NA,NA,NA,NA,NA,NA,NA,NA
2021-09-12 12:00:00,NA,54.44,10.02,19.07,29.00,NA,9.23,2.01,NA,NA,NA,NA,NA,NA,NA,NA,NA,NA,NA,NA,NA,NA,NA,NA
2021-09-12 13:00:00,NA,37.28,9.98,19.20,28.83,NA,9.30,1.60,NA,NA,NA,NA,NA,NA,NA,NA,NA,NA,NA,NA,NA,NA,NA,NA
2021-09-12 14:00:00,NA,31.10,10.02,19.02,28.90,NA,9.49,1.35,NA,NA,NA,NA,NA,NA,NA,NA,NA,NA,NA,NA,NA,NA,NA,NA
2021-09-12 15:00:00,NA,33.65,10.01,19.08,28.69,NA,9.14,1.64,NA,NA,NA,NA,NA,NA,NA,NA,NA,NA,NA,NA,NA,NA,NA,NA
2021-09-12 16:00:00,NA,37.21,10.04,18.74,29.00,NA,9.77,2.41,NA,NA,NA,NA,NA,NA,NA,NA,NA,NA,NA,NA,NA,NA,NA,NA
2021-09-12 17:00:00,NA,42.92,10.09,19.11,28.97,NA,9.84,2.25,NA,NA,NA,NA,NA,NA,NA,NA,NA,NA,NA,NA,NA,NA,NA,NA
2021-09-12 18:00:00,NA,52.41,10.03,18.91,28.96,NA,9.86,2.19,NA,NA,NA,NA,NA,NA,NA,NA,NA,NA,NA,NA,NA,NA,NA,NA
2021-09-12 19:00:00,NA,67.31,10.05,18.98,28.72,NA,9.96,2.08,NA,NA,NA,NA,NA,NA,NA,NA,NA,NA,NA,NA,NA,NA,NA,NA
2021-09-12 20:00:00,NA,73.99,10.07,18.97,29.20,NA,10.16,2.36,NA,NA,NA,NA,NA,NA,NA,NA,NA,NA,NA,NA,NA,NA,NA,NA
2021-09-12 21:00:00,NA,66.97,10.02,18.93,28.82,NA,9.67,2.52,NA,NA,NA,NA,NA,NA,NA,NA,NA,NA,NA,NA,NA,NA,NA,NA
2021-09-12 22:00:00,NA,67.11,9.98,18.84,29.05,NA,9.62,2.46,NA,NA,NA,NA,NA,NA,NA,NA,NA,NA,NA,NA,NA,NA,NA,NA
2021-09-12 23:00:00,NA,68.80,10.06,18.66,28.96,NA,9.32,2.42,NA,NA,NA,NA,NA,NA,NA,NA,NA,NA,NA,NA,NA,NA,NA,NA
2021-09-13 00:00:00,NA,47.72,10.07,18.92,29.14,NA,9.39,2.12,NA,NA,NA,NA,NA,NA,NA,NA,NA,NA,NA,NA,NA,NA,NA,NA
2021-09-13 01:00:00,NA,34.92,10.09,18.99,28.57,NA,9.23,1.99,NA,NA,NA,NA,NA,NA,NA,NA,NA,NA,NA,NA,NA,NA,NA,NA
2021-09-13 02:00:00,NA,26.04,9.97,19.03,29.28,NA,12.31,1.83,NA,NA,NA,NA,NA,NA,NA,NA,NA,NA,NA,NA,NA,NA,NA,NA
2021-09-13 03:00:00,NA,19.38,10.04,18.91,29.32,NA,12.12,1.68,NA,NA,NA,NA,NA,NA,NA,NA,NA,NA,NA,NA,NA,NA,NA,NA
2021-09-13 04:00:00,NA,19.72,10.03,19.14,29.22,NA,12.05,1.65,NA,NA,NA,NA,NA,NA,NA,NA,NA,NA,NA,NA,NA,NA,NA,NA
2021-09-13 05:00:00,NA,22.76,10.02,18.90,29.21,NA,12.12,1.92,NA,NA,NA,NA,NA,NA,NA,NA,NA,NA,NA,NA,NA,NA,NA,NA
2021-09-13 06:00:00,NA,28.61,9.98,18.95,29.25,NA,12.03,2.55,NA,NA,NA,NA,NA,NA,NA,NA,NA,NA,NA,NA,NA,NA,NA,NA
2021-09-13 07:00:00,NA,67.03,9.96,18.93,28.84,NA,9.44,3.03,NA,NA,NA,NA,NA,NA,NA,NA,NA,NA,NA,NA,NA,NA,NA,NA
2021-09-13 08:00:00,NA,97.01,9.98,18.84,29.16,NA,9.53,3.28,NA,NA,NA,NA,NA,NA,NA,NA,NA,NA,NA,NA,NA,NA,NA,NA
2021-09-13 09:00:00,NA,91.30,9.87,18.99,29.01,NA,9.44,3.53,NA,NA,NA,NA,NA,NA,NA,NA,NA,NA,NA,NA,NA,NA,NA,NA
2021-09-13 10:00:00,NA,76.07,10.07,19.07,29.15,NA,9.41,3.54,NA,NA,NA,NA,NA,NA,NA,NA,NA,NA,NA,NA,NA,NA,NA,NA
2021-09-13 11:00:00,NA,69.13,9.96,19.02,29.12,NA,9.29,3.36,NA,NA,NA,NA,NA,NA,NA,NA,NA,NA,NA,NA,NA,NA,NA,NA
2021-09-13 12:00:00,NA,68.48,10.02,19.01,28.79,NA,8.80,3.38,NA,NA,NA,NA,NA,NA,NA,NA,NA,NA,NA,NA,NA,NA,NA,NA
2021-09-13 13:00:00,NA,60.08,9.97,19.08,28.86,NA,8.65,3.31,NA,NA,NA,NA,NA,NA,NA,NA,NA,NA,NA,NA,NA,NA,NA,NA
2021-09-13 14:00:00,NA,56.52,10.02,18.90,28.83,NA,8.64,3.37,NA,NA,NA,NA,NA,NA,NA,NA,NA,NA,NA,NA,NA,NA,NA,NA
2021-09-13 15:00:00,NA,60.44,9.91,18.95,28.90,NA,8.58,3.28,NA,NA,NA,NA,NA,NA,NA,NA,NA,NA,NA,NA,NA,NA,NA,NA
2021-09-13 16:00:00,NA,54.29,10.04,18.84,29.02,NA,8.59,2.95,NA,NA,NA,NA,NA,NA,NA,NA,NA,NA,NA,NA,NA,NA,NA,NA
2021-09-13 17:00:00,NA,49.63,10.03,19.08,28.89,NA,6.47,2.59,NA,NA,NA,NA,NA,NA,NA,NA,NA,NA,NA,NA,NA,NA,NA,NA
2021-09-13 18:00:00,NA,65.35,9.96,18.99,28.92,NA,6.41,2.31,NA,NA,NA,NA,NA,NA,NA,NA,NA,NA,NA,NA,NA,NA,NA,NA
2021-09-13 19:00:00,NA,68.85,10.05,18.99,29.09,NA,6.58,2.40,NA,NA,NA,NA,NA,NA,NA,NA,NA,NA,NA,NA,NA,NA,NA,NA
2021-09-13 20:00:00,NA,69.59,9.96,19.00,28.83,NA,6.75,2.44,NA,NA,NA,NA,NA,NA,NA,NA,NA,NA,NA,NA,NA,NA,NA,NA
2021-09-13 21:00:00,NA,70.75,10.04,19.00,29.04,NA,6.27,2.40,NA,NA,NA,NA,NA,NA,NA,NA,NA,NA,NA,NA,NA,NA,NA,NA
2021-09-13 22:00:00,NA,50.51,10.10,19.08,29.02,NA,7.82,2.32,NA,NA,NA,NA,NA,NA,NA,NA,NA,NA,NA,NA,NA,NA,NA,NA
2021-09-13 23:00:00,NA,37.91,9.85,18.76,29.00,NA,7.84,1.88,NA,NA,NA,NA,NA,NA,NA,NA,NA,NA,NA,NA,NA,NA,NA,NA
2021-09-14 00:00:00,NA,32.58,9.96,19.18,28.88,NA,7.91,1.43,NA,NA,NA,NA,NA,NA,NA,NA,NA,NA,NA,NA,NA,NA,NA,NA
2021-09-14 01:00:00,NA,24.33,9.96,19.08,28.83,NA,7.88,1.22,NA,NA,NA,NA,NA,NA,NA,NA,NA,NA,NA,NA,NA,NA,NA,NA
2021-09-14 02:00:00,NA,24.17,9.91,19.06,28.70,NA,7.95,1.92,NA,NA,NA,NA,NA,NA,NA,NA,NA,NA,NA,NA,NA,NA,NA,NA
2021-09-14 03:00:00,NA,18.84,9.95,19.10,28.93,NA,8.95,1.86,NA,NA,NA,NA,NA,NA,NA,NA,NA,NA,NA,NA,NA,NA,NA,NA
2021-09-14 04:00:00,NA,11.10,10.02,19.23,28.68,NA,8.80,1.93,NA,NA,NA,NA,NA,NA,NA,NA,NA,NA,NA,NA,NA,NA,NA,NA
2021-09-14 05:00:00,NA,21.64,9.91,18.86,28.98,NA,8.78,2.10,NA,NA,NA,NA,NA,NA,NA,NA,NA,NA,NA,NA,NA,NA,NA,NA
2021-09-14 06:00:00,NA,48.27,9.99,18.96,29.06,NA,8.63,2.98,NA,NA,NA,NA,NA,NA,NA,NA,NA,NA,NA,NA,NA,NA,NA,NA
2021-09-14 07:00:00,NA,60.64,10.06,18.99,28.98,NA,8.50,3.40,NA,NA,NA,NA,NA,NA,NA,NA,NA,NA,NA,NA,NA,NA,NA,NA
2021-09-14 08:00:00,NA,45.17,10.00,19.02,29.09,NA,8.99,3.68,NA,NA,NA,NA,NA,NA,NA,NA,NA,NA,NA,NA,NA,NA,NA,NA
2021-09-14 09:00:00,NA,40.12,10.08,18.91,28.94,NA,8.80,3.87,NA,NA,NA,NA,NA,NA,NA,NA,NA,NA,NA,NA,NA,NA,NA,NA
2021-09-14 10:00:00,NA,61.50,10.09,19.08,29.04,NA,9.44,4.82,NA,NA,NA,NA,NA,NA,NA,NA,NA,NA,NA,NA,NA,NA,NA,NA
2021-09-14 11:00:00,NA,55.99,9.90,19.08,29.08,NA,9.55,5.61,NA,NA,NA,NA,NA,NA,NA,NA,NA,NA,NA,NA,NA,NA,NA,NA
2021-09-14 12:00:00,NA,64.37,9.98,18.96,28.99,NA,9.60,5.24,NA,NA,NA,NA,NA,NA,NA,NA,NA,NA,NA,NA,NA,NA,NA,NA
2021-09-14 13:00:00,NA,66.02,10.03,18.94,28.97,NA,9.20,4.77,NA,NA,NA,NA,NA,NA,NA,NA,NA,NA,NA,NA,NA,NA,NA,NA
2021-09-14 14:00:00,NA,44.26,9.95,19.43,28.77,NA,8.73,4.37,NA,NA,NA,NA,NA,NA,NA,NA,NA,NA,NA,NA,NA,NA,NA,NA
2021-09-14 15:00:00,NA,NA,NA,NA,0.00,NA,NA,0.00,NA,NA,NA,NA,NA,NA,NA,NA,NA,NA,NA,NA,NA,NA,NA,NA
2021-09-14 16:00:00,NA,153.36,9.98,18.93,29.32,NA,9.52,3.62,NA,NA,NA,NA,NA,NA,NA,NA,NA,NA,NA,NA,NA,NA,NA,NA
2021-09-14 17:00:00,NA,221.38,9.96,18.89,28.87,NA,9.66,4.38,NA,NA,NA,NA,NA,NA,NA,NA,NA,NA,NA,NA,NA,NA,NA,NA
2021-09-14 18:00:00,NA,166.14,10.11,18.91,29.28,NA,9.48,3.65,NA,NA,NA,NA,NA,NA,NA,NA,NA,NA,NA,NA,NA,NA,NA,NA
2021-09-14 19:00:00,NA,183.69,10.04,18.84,28.81,NA,9.67,3.40,NA,NA,NA,NA,NA,NA,NA,NA,NA,NA,NA,NA,NA,NA,NA,NA
2021-09-14 20:00:00,NA,137.29,9.98,19.06,29.01,NA,8.94,3.14,NA,NA,NA,NA,NA,NA,NA,NA,NA,NA,NA,NA,NA,NA,NA,NA
2021-09-14 21:00:00,NA,108.00,10.00,19.10,29.05,NA,8.77,3.17,NA,NA,NA,NA,NA,NA,NA,NA,NA,NA,NA,NA,NA,NA,NA,NA
2021-09-14 22:00:00,NA,108.33,9.97,18.82,29.42,NA,8.65,3.35,NA,NA,NA,NA,NA,NA,NA,NA,NA,NA,NA,NA,NA,NA,NA,NA
2021-09-14 23:00:00,NA,92.94,9.98,18.96,29.14,NA,8.65,3.06,NA,NA,NA,NA,NA,NA,NA,NA,NA,NA,NA,NA,NA,NA,NA,NA
2021-09-15 00:00:00,NA,34.95,9.97,18.92,28.84,NA,8.74,2.70,NA,NA,NA,NA,NA,NA,NA,NA,NA,NA,NA,NA,NA,NA,NA,NA
2021-09-15 01:00:00,NA,45.36,10.06,19.12,29.04,NA,6.95,2.44,NA,NA,NA,NA,NA,NA,NA,NA,NA,NA,NA,NA,NA,NA,NA,NA
2021-09-15 02:00:00,NA,50.20,9.97,19.07,28.83,NA,6.55,2.29,NA,NA,NA,NA,NA,NA,NA,NA,NA,NA,NA,NA,NA,NA,NA,NA
2021-09-15 03:00:00,NA,27.41,10.02,19.04,29.13,NA,6.59,2.41,NA,NA,NA,NA,NA,NA,NA,NA,NA,NA,NA,NA,NA,NA,NA,NA
2021-09-15 04:00:00,NA,15.38,10.01,19.14,29.01,NA,6.35,1.78,NA,NA,NA,NA,NA,NA,NA,NA,NA,NA,NA,NA,NA,NA,NA,NA
2021-09-15 05:00:00,NA,7.69,10.12,18.86,28.76,NA,6.44,1.82,NA,NA,NA,NA,NA,NA,NA,NA,NA,NA,NA,NA,NA,NA,NA,NA
2021-09-15 06:00:00,NA,20.36,9.94,19.14,29.00,NA,6.93,2.34,NA,NA,NA,NA,NA,NA,NA,NA,NA,NA,NA,NA,NA,NA,NA,NA
2021-09-15 07:00:00,NA,57.94,9.91,19.04,28.79,NA,6.66,2.36,NA,NA,NA,NA,NA,NA,NA,NA,NA,NA,NA,NA,NA,NA,NA,NA
2021-09-15 08:00:00,NA,93.85,9.91,19.00,28.62,NA,6.66,2.50,NA,NA,NA,NA,NA,NA,NA,NA,NA,NA,NA,NA,NA,NA,NA,NA
2021-09-15 09:00:00,NA,79.94,9.99,19.10,29.04,NA,6.62,2.60,NA,NA,NA,NA,NA,NA,NA,NA,NA,NA,NA,NA,NA,NA,NA,NA
2021-09-15 10:00:00,NA,78.00,9.98,19.05,28.86,NA,6.88,3.00,NA,NA,NA,NA,NA,NA,NA,NA,NA,NA,NA,NA,NA,NA,NA,NA
2021-09-15 11:00:00,NA,77.18,10.02,19.09,29.08,NA,8.81,3.44,NA,NA,NA,NA,NA,NA,NA,NA,NA,NA,NA,NA,NA,NA,NA,NA
2021-09-15 12:00:00,NA,53.24,10.05,19.05,28.82,NA,8.74,3.33,NA,NA,NA,NA,NA,NA,NA,NA,NA,NA,NA,NA,NA,NA,NA,NA
2021-09-15 13:00:00,NA,39.49,9.95,19.06,28.76,NA,8.48,3.16,NA,NA,NA,NA,NA,NA,NA,NA,NA,NA,NA,NA,NA,NA,NA,NA
2021-09-15 14:00:00,NA,NA,NA,NA,NA,NA,NA,NA,NA,NA,NA,NA,NA,NA,NA,NA,NA,NA,NA,NA,NA,NA,NA,NA
2021-09-15 15:00:00,NA,NA,NA,NA,NA,NA,NA,NA,NA,NA,NA,NA,NA,NA,NA,NA,NA,NA,NA,NA,NA,NA,NA,NA
2021-09-15 16:00:00,NA,NA,NA,NA,NA,NA,NA,NA,NA,NA,NA,NA,NA,NA,NA,NA,NA,NA,NA,NA,NA,NA,NA,NA
2021-09-15 17:00:00,NA,NA,NA,NA,NA,NA,NA,NA,NA,NA,NA,NA,NA,NA,NA,NA,NA,NA,NA,NA,NA,NA,NA,NA
2021-09-15 18:00:00,NA,NA,NA,NA,NA,NA,NA,NA,NA,NA,NA,NA,NA,NA,NA,NA,NA,NA,NA,NA,NA,NA,NA,NA
2021-09-15 19:00:00,NA,NA,NA,NA,NA,NA,NA,NA,NA,NA,NA,NA,NA,NA,NA,NA,NA,NA,NA,NA,NA,NA,NA,NA
2021-09-15 20:00:00,NA,NA,NA,NA,NA,NA,NA,NA,NA,NA,NA,NA,NA,NA,NA,NA,NA,NA,NA,NA,NA,NA,NA,NA
2021-09-15 21:00:00,NA,NA,NA,NA,NA,NA,NA,NA,NA,NA,NA,NA,NA,NA,NA,NA,NA,NA,NA,NA,NA,NA,NA,NA
2021-09-15 22:00:00,NA,NA,NA,NA,NA,NA,NA,NA,NA,NA,NA,NA,NA,NA,NA,NA,NA,NA,NA,NA,NA,NA,NA,NA
2021-09-15 23:00:00,NA,NA,NA,NA,NA,NA,NA,NA,NA,NA,NA,NA,NA,NA,NA,NA,NA,NA,NA,NA,NA,NA,NA,NA
2021-09-16 00:00:00,NA,NA,NA,NA,NA,NA,NA,NA,NA,NA,NA,NA,NA,NA,NA,NA,NA,NA,NA,NA,NA,NA,NA,NA
2021-09-16 01:00:00,NA,NA,NA,NA,NA,NA,NA,NA,NA,NA,NA,NA,NA,NA,NA,NA,NA,NA,NA,NA,NA,NA,NA,NA
2021-09-16 02:00:00,NA,NA,NA,NA,NA,NA,NA,NA,NA,NA,NA,NA,NA,NA,NA,NA,NA,NA,NA,NA,NA,NA,NA,NA
2021-09-16 03:00:00,NA,NA,NA,NA,NA,NA,NA,NA,NA,NA,NA,NA,NA,NA,NA,NA,NA,NA,NA,NA,NA,NA,NA,NA
2021-09-16 04:00:00,NA,NA,NA,NA,NA,NA,NA,NA,NA,NA,NA,NA,NA,NA,NA,NA,NA,NA,NA,NA,NA,NA,NA,NA
2021-09-16 05:00:00,NA,NA,NA,NA,NA,NA,NA,NA,NA,NA,NA,NA,NA,NA,NA,NA,NA,NA,NA,NA,NA,NA,NA,NA
2021-09-16 06:00:00,NA,NA,NA,NA,NA,NA,NA,NA,NA,NA,NA,NA,NA,NA,NA,NA,NA,NA,NA,NA,NA,NA,NA,NA
2021-09-16 07:00:00,NA,NA,NA,NA,NA,NA,NA,NA,NA,NA,NA,NA,NA,NA,NA,NA,NA,NA,NA,NA,NA,NA,NA,NA
2021-09-16 08:00:00,NA,NA,NA,NA,NA,NA,NA,NA,NA,NA,NA,NA,NA,NA,NA,NA,NA,NA,NA,NA,NA,NA,NA,NA
2021-09-16 09:00:00,NA,71.19,10.12,19.11,29.26,NA,10.36,2.11,NA,NA,NA,NA,NA,NA,NA,NA,NA,NA,NA,NA,NA,NA,NA,NA
2021-09-16 10:00:00,NA,64.23,9.98,19.00,29.31,NA,10.35,2.66,NA,NA,NA,NA,NA,NA,NA,NA,NA,NA,NA,NA,NA,NA,NA,NA
2021-09-16 11:00:00,NA,42.88,9.96,19.21,28.78,NA,10.18,2.64,NA,NA,NA,NA,NA,NA,NA,NA,NA,NA,NA,NA,NA,NA,NA,NA
2021-09-16 12:00:00,NA,21.44,9.94,19.08,29.30,NA,9.75,2.26,NA,NA,NA,NA,NA,NA,NA,NA,NA,NA,NA,NA,NA,NA,NA,NA
2021-09-16 13:00:00,NA,58.45,9.99,19.11,29.08,NA,6.21,1.52,NA,NA,NA,NA,NA,NA,NA,NA,NA,NA,NA,NA,NA,NA,NA,NA
2021-09-16 14:00:00,NA,78.52,9.99,18.94,29.05,NA,6.22,1.64,NA,NA,NA,NA,NA,NA,NA,NA,NA,NA,NA,NA,NA,NA,NA,NA
2021-09-16 15:00:00,NA,64.14,10.04,18.95,29.08,NA,6.47,2.13,NA,NA,NA,NA,NA,NA,NA,NA,NA,NA,NA,NA,NA,NA,NA,NA
2021-09-16 16:00:00,NA,54.20,9.99,19.09,28.74,NA,6.50,2.18,NA,NA,NA,NA,NA,NA,NA,NA,NA,NA,NA,NA,NA,NA,NA,NA
2021-09-16 17:00:00,NA,51.99,10.05,18.90,29.02,NA,6.83,2.16,NA,NA,NA,NA,NA,NA,NA,NA,NA,NA,NA,NA,NA,NA,NA,NA
2021-09-16 18:00:00,NA,55.39,10.07,19.06,29.16,NA,9.37,2.55,NA,NA,NA,NA,NA,NA,NA,NA,NA,NA,NA,NA,NA,NA,NA,NA
2021-09-16 19:00:00,NA,73.56,9.95,18.96,28.99,NA,9.11,2.85,NA,NA,NA,NA,NA,NA,NA,NA,NA,NA,NA,NA,NA,NA,NA,NA
2021-09-16 20:00:00,NA,93.05,10.14,19.02,29.12,NA,9.41,2.90,NA,NA,NA,NA,NA,NA,NA,NA,NA,NA,NA,NA,NA,NA,NA,NA
2021-09-16 21:00:00,NA,83.96,10.04,18.79,28.94,NA,9.34,2.92,NA,NA,NA,NA,NA,NA,NA,NA,NA,NA,NA,NA,NA,NA,NA,NA
2021-09-16 22:00:00,NA,93.13,9.90,18.88,29.12,NA,9.56,2.73,NA,NA,NA,NA,NA,NA,NA,NA,NA,NA,NA,NA,NA,NA,NA,NA
2021-09-16 23:00:00,NA,102.99,9.91,19.21,29.22,NA,8.34,2.68,NA,NA,NA,NA,NA,NA,NA,NA,NA,NA,NA,NA,NA,NA,NA,NA
2021-09-17 00:00:00,NA,67.85,9.91,19.06,28.89,NA,8.46,2.32,NA,NA,NA,NA,NA,NA,NA,NA,NA,NA,NA,NA,NA,NA,NA,NA
2021-09-17 01:00:00,NA,49.29,10.06,19.05,29.17,NA,8.41,2.17,NA,NA,NA,NA,NA,NA,NA,NA,NA,NA,NA,NA,NA,NA,NA,NA
2021-09-17 02:00:00,NA,43.79,9.95,19.12,28.76,NA,8.31,2.15,NA,NA,NA,NA,NA,NA,NA,NA,NA,NA,NA,NA,NA,NA,NA,NA
2021-09-17 03:00:00,NA,37.20,9.93,18.95,29.14,NA,8.24,2.29,NA,NA,NA,NA,NA,NA,NA,NA,NA,NA,NA,NA,NA,NA,NA,NA
2021-09-17 04:00:00,NA,38.83,10.06,18.85,28.95,NA,7.24,2.55,NA,NA,NA,NA,NA,NA,NA,NA,NA,NA,NA,NA,NA,NA,NA,NA
2021-09-17 05:00:00,NA,44.92,9.98,19.31,29.06,NA,7.04,2.64,NA,NA,NA,NA,NA,NA,NA,NA,NA,NA,NA,NA,NA,NA,NA,NA
2021-09-17 06:00:00,NA,44.21,10.04,19.13,29.15,NA,7.02,2.92,NA,NA,NA,NA,NA,NA,NA,NA,NA,NA,NA,NA,NA,NA,NA,NA
2021-09-17 07:00:00,NA,52.03,10.02,18.96,29.02,NA,7.02,3.07,NA,NA,NA,NA,NA,NA,NA,NA,NA,NA,NA,NA,NA,NA,NA,NA
2021-09-17 08:00:00,NA,55.41,10.14,19.03,28.81,NA,6.87,3.24,NA,NA,NA,NA,NA,NA,NA,NA,NA,NA,NA,NA,NA,NA,NA,NA
2021-09-17 09:00:00,NA,54.85,9.93,19.07,28.90,NA,12.50,3.21,NA,NA,NA,NA,NA,NA,NA,NA,NA,NA,NA,NA,NA,NA,NA,NA
2021-09-17 10:00:00,NA,51.86,10.04,18.95,29.13,NA,11.86,2.07,NA,NA,NA,NA,NA,NA,NA,NA,NA,NA,NA,NA,NA,NA,NA,NA
2021-09-17 11:00:00,NA,NA,NA,NA,NA,NA,NA,NA,NA,NA,NA,NA,NA,NA,NA,NA,NA,NA,NA,NA,NA,NA,NA,NA
2021-09-17 12:00:00,NA,NA,NA,NA,NA,NA,NA,NA,NA,NA,NA,NA,NA,NA,NA,NA,NA,NA,NA,NA,NA,NA,NA,NA
2021-09-17 13:00:00,NA,NA,NA,NA,NA,NA,NA,NA,NA,NA,NA,NA,NA,NA,NA,NA,NA,NA,NA,NA,NA,NA,NA,NA
2021-09-17 14:00:00,NA,NA,NA,NA,NA,NA,NA,NA,NA,NA,NA,NA,NA,NA,NA,NA,NA,NA,NA,NA,NA,NA,NA,NA
2021-09-17 15:00:00,NA,NA,NA,NA,NA,NA,NA,NA,NA,NA,NA,NA,NA,NA,NA,NA,NA,NA,NA,NA,NA,NA,NA,NA
2021-09-17 16:00:00,NA,NA,NA,NA,NA,NA,NA,NA,NA,NA,NA,NA,NA,NA,NA,NA,NA,NA,NA,NA,NA,NA,NA,NA
2021-09-17 17:00:00,NA,NA,NA,NA,NA,NA,NA,NA,NA,NA,NA,NA,NA,NA,NA,NA,NA,NA,NA,NA,NA,NA,NA,NA
2021-09-17 18:00:00,NA,NA,NA,NA,NA,NA,NA,NA,NA,NA,NA,NA,NA,NA,NA,NA,NA,NA,NA,NA,NA,NA,NA,NA
2021-09-17 19:00:00,NA,NA,NA,NA,NA,NA,NA,NA,NA,NA,NA,NA,NA,NA,NA,NA,NA,NA,NA,NA,NA,NA,NA,NA
2021-09-17 20:00:00,NA,NA,NA,NA,NA,NA,NA,NA,NA,NA,NA,NA,NA,NA,NA,NA,NA,NA,NA,NA,NA,NA,NA,NA
2021-09-17 21:00:00,NA,NA,NA,NA,NA,NA,NA,NA,NA,NA,NA,NA,NA,NA,NA,NA,NA,NA,NA,NA,NA,NA,NA,NA
2021-09-17 22:00:00,NA,NA,NA,NA,NA,NA,NA,NA,NA,NA,NA,NA,NA,NA,NA,NA,NA,NA,NA,NA,NA,NA,NA,NA
2021-09-17 23:00:00,NA,NA,NA,NA,NA,NA,NA,NA,NA,NA,NA,NA,NA,NA,NA,NA,NA,NA,NA,NA,NA,NA,NA,NA
2021-09-18 00:00:00,NA,NA,NA,NA,NA,NA,NA,NA,NA,NA,NA,NA,NA,NA,NA,NA,NA,NA,NA,NA,NA,NA,NA,NA
2021-09-18 01:00:00,NA,NA,NA,NA,NA,NA,NA,NA,NA,NA,NA,NA,NA,NA,NA,NA,NA,NA,NA,NA,NA,NA,NA,NA
2021-09-18 02:00:00,NA,NA,NA,NA,NA,NA,NA,NA,NA,NA,NA,NA,NA,NA,NA,NA,NA,NA,NA,NA,NA,NA,NA,NA
2021-09-18 03:00:00,NA,NA,NA,NA,NA,NA,NA,NA,NA,NA,NA,NA,NA,NA,NA,NA,NA,NA,NA,NA,NA,NA,NA,NA
2021-09-18 04:00:00,NA,NA,NA,NA,NA,NA,NA,NA,NA,NA,NA,NA,NA,NA,NA,NA,NA,NA,NA,NA,NA,NA,NA,NA
2021-09-18 05:00:00,NA,NA,NA,NA,NA,NA,NA,NA,NA,NA,NA,NA,NA,NA,NA,NA,NA,NA,NA,NA,NA,NA,NA,NA
2021-09-18 06:00:00,NA,NA,NA,NA,NA,NA,NA,NA,NA,NA,NA,NA,NA,NA,NA,NA,NA,NA,NA,NA,NA,NA,NA,NA
2021-09-18 07:00:00,NA,NA,NA,NA,NA,NA,NA,NA,NA,NA,NA,NA,NA,NA,NA,NA,NA,NA,NA,NA,NA,NA,NA,NA
2021-09-18 08:00:00,NA,NA,10.00,19.42,28.91,NA,9.24,1.44,NA,NA,NA,NA,NA,NA,NA,NA,NA,NA,NA,NA,NA,NA,NA,NA
2021-09-18 09:00:00,NA,52.62,10.04,19.14,28.97,NA,10.56,1.37,NA,NA,NA,NA,NA,NA,NA,NA,NA,NA,NA,NA,NA,NA,NA,NA
2021-09-18 10:00:00,NA,55.88,10.09,19.00,29.01,NA,11.10,1.98,NA,NA,NA,NA,NA,NA,NA,NA,NA,NA,NA,NA,NA,NA,NA,NA
2021-09-18 11:00:00,NA,NA,NA,NA,0.00,NA,NA,0.00,NA,NA,NA,NA,NA,NA,NA,NA,NA,NA,NA,NA,NA,NA,NA,NA
2021-09-18 12:00:00,NA,55.97,10.16,19.14,14.33,NA,NA,0.02,NA,NA,NA,NA,NA,NA,NA,NA,NA,NA,NA,NA,NA,NA,NA,NA
2021-09-18 13:00:00,NA,19.58,9.99,18.88,29.30,NA,11.01,0.25,NA,NA,NA,NA,NA,NA,NA,NA,NA,NA,NA,NA,NA,NA,NA,NA
2021-09-18 14:00:00,NA,25.87,10.00,19.01,29.11,NA,10.98,1.77,NA,NA,NA,NA,NA,NA,NA,NA,NA,NA,NA,NA,NA,NA,NA,NA
2021-09-18 15:00:00,NA,28.96,9.99,18.89,29.02,NA,6.49,1.73,NA,NA,NA,NA,NA,NA,NA,NA,NA,NA,NA,NA,NA,NA,NA,NA
2021-09-18 16:00:00,NA,42.50,9.95,19.01,28.83,NA,6.55,1.62,NA,NA,NA,NA,NA,NA,NA,NA,NA,NA,NA,NA,NA,NA,NA,NA
2021-09-18 17:00:00,NA,66.21,10.00,18.92,28.79,NA,6.46,1.64,NA,NA,NA,NA,NA,NA,NA,NA,NA,NA,NA,NA,NA,NA,NA,NA
2021-09-18 18:00:00,NA,75.10,9.94,18.96,28.80,NA,6.64,1.63,NA,NA,NA,NA,NA,NA,NA,NA,NA,NA,NA,NA,NA,NA,NA,NA
2021-09-18 19:00:00,NA,126.50,10.04,18.97,28.66,NA,6.88,1.97,NA,NA,NA,NA,NA,NA,NA,NA,NA,NA,NA,NA,NA,NA,NA,NA
2021-09-18 20:00:00,NA,131.72,10.05,19.06,28.82,NA,9.89,2.31,NA,NA,NA,NA,NA,NA,NA,NA,NA,NA,NA,NA,NA,NA,NA,NA
2021-09-18 21:00:00,NA,123.58,9.93,18.96,29.24,NA,9.38,2.57,NA,NA,NA,NA,NA,NA,NA,NA,NA,NA,NA,NA,NA,NA,NA,NA
2021-09-18 22:00:00,NA,115.90,10.01,18.95,28.91,NA,9.28,2.65,NA,NA,NA,NA,NA,NA,NA,NA,NA,NA,NA,NA,NA,NA,NA,NA
2021-09-18 23:00:00,NA,103.08,10.00,18.73,29.11,NA,9.04,2.50,NA,NA,NA,NA,NA,NA,NA,NA,NA,NA,NA,NA,NA,NA,NA,NA
2021-09-19 00:00:00,NA,77.74,10.00,19.08,28.73,NA,9.30,2.02,NA,NA,NA,NA,NA,NA,NA,NA,NA,NA,NA,NA,NA,NA,NA,NA
2021-09-19 01:00:00,NA,60.93,10.00,18.78,28.90,NA,11.50,1.80,NA,NA,NA,NA,NA,NA,NA,NA,NA,NA,NA,NA,NA,NA,NA,NA
2021-09-19 02:00:00,NA,54.88,10.03,19.12,28.60,NA,11.38,1.72,NA,NA,NA,NA,NA,NA,NA,NA,NA,NA,NA,NA,NA,NA,NA,NA
2021-09-19 03:00:00,NA,60.11,9.97,19.06,29.31,NA,11.36,1.70,NA,NA,NA,NA,NA,NA,NA,NA,NA,NA,NA,NA,NA,NA,NA,NA
2021-09-19 04:00:00,NA,42.08,9.95,18.84,28.96,NA,11.17,1.77,NA,NA,NA,NA,NA,NA,NA,NA,NA,NA,NA,NA,NA,NA,NA,NA
2021-09-19 05:00:00,NA,41.56,10.03,18.88,29.17,NA,11.20,2.13,NA,NA,NA,NA,NA,NA,NA,NA,NA,NA,NA,NA,NA,NA,NA,NA
2021-09-19 06:00:00,NA,62.50,9.96,19.10,28.65,NA,9.48,2.40,NA,NA,NA,NA,NA,NA,NA,NA,NA,NA,NA,NA,NA,NA,NA,NA
2021-09-19 07:00:00,NA,64.52,9.97,19.16,29.03,NA,9.25,2.54,NA,NA,NA,NA,NA,NA,NA,NA,NA,NA,NA,NA,NA,NA,NA,NA
2021-09-19 08:00:00,NA,56.90,9.98,18.78,29.12,NA,9.20,2.45,NA,NA,NA,NA,NA,NA,NA,NA,NA,NA,NA,NA,NA,NA,NA,NA
2021-09-19 09:00:00,NA,54.54,10.03,18.93,29.12,NA,9.21,2.36,NA,NA,NA,NA,NA,NA,NA,NA,NA,NA,NA,NA,NA,NA,NA,NA
2021-09-19 10:00:00,NA,64.42,10.03,19.10,28.96,NA,8.62,2.57,NA,NA,NA,NA,NA,NA,NA,NA,NA,NA,NA,NA,NA,NA,NA,NA
2021-09-19 11:00:00,NA,62.83,9.93,18.93,28.95,NA,9.44,2.67,NA,NA,NA,NA,NA,NA,NA,NA,NA,NA,NA,NA,NA,NA,NA,NA
2021-09-19 12:00:00,NA,60.83,9.98,19.11,29.14,NA,9.70,2.12,NA,NA,NA,NA,NA,NA,NA,NA,NA,NA,NA,NA,NA,NA,NA,NA
2021-09-19 13:00:00,NA,53.20,9.90,18.97,29.10,NA,9.91,1.77,NA,NA,NA,NA,NA,NA,NA,NA,NA,NA,NA,NA,NA,NA,NA,NA
2021-09-19 14:00:00,NA,46.23,9.94,19.04,29.30,NA,10.24,1.53,NA,NA,NA,NA,NA,NA,NA,NA,NA,NA,NA,NA,NA,NA,NA,NA
2021-09-19 15:00:00,NA,66.65,9.91,19.08,28.88,NA,10.47,1.49,NA,NA,NA,NA,NA,NA,NA,NA,NA,NA,NA,NA,NA,NA,NA,NA
2021-09-19 16:00:00,NA,55.66,10.02,18.99,28.98,NA,6.80,1.25,NA,NA,NA,NA,NA,NA,NA,NA,NA,NA,NA,NA,NA,NA,NA,NA
2021-09-19 17:00:00,NA,NA,NA,NA,NA,NA,NA,NA,NA,NA,NA,NA,NA,NA,NA,NA,NA,NA,NA,NA,NA,NA,NA,NA
2021-09-19 18:00:00,NA,NA,NA,NA,NA,NA,NA,NA,NA,NA,NA,NA,NA,NA,NA,NA,NA,NA,NA,NA,NA,NA,NA,NA
2021-09-19 19:00:00,NA,NA,NA,NA,NA,NA,NA,NA,NA,NA,NA,NA,NA,NA,NA,NA,NA,NA,NA,NA,NA,NA,NA,NA
2021-09-19 20:00:00,NA,NA,NA,NA,NA,NA,NA,NA,NA,NA,NA,NA,NA,NA,NA,NA,NA,NA,NA,NA,NA,NA,NA,NA
2021-09-19 21:00:00,NA,NA,NA,NA,NA,NA,NA,NA,NA,NA,NA,NA,NA,NA,NA,NA,NA,NA,NA,NA,NA,NA,NA,NA
2021-09-19 22:00:00,NA,NA,NA,NA,NA,NA,NA,NA,NA,NA,NA,NA,NA,NA,NA,NA,NA,NA,NA,NA,NA,NA,NA,NA
2021-09-19 23:00:00,NA,NA,NA,NA,NA,NA,NA,NA,NA,NA,NA,NA,NA,NA,NA,NA,NA,NA,NA,NA,NA,NA,NA,NA
2021-09-20 00:00:00,NA,NA,NA,NA,NA,NA,NA,NA,NA,NA,NA,NA,NA,NA,NA,NA,NA,NA,NA,NA,NA,NA,NA,NA
2021-09-20 01:00:00,NA,NA,NA,NA,NA,NA,NA,NA,NA,NA,NA,NA,NA,NA,NA,NA,NA,NA,NA,NA,NA,NA,NA,NA
2021-09-20 02:00:00,NA,NA,NA,NA,NA,NA,NA,NA,NA,NA,NA,NA,NA,NA,NA,NA,NA,NA,NA,NA,NA,NA,NA,NA
2021-09-20 03:00:00,NA,NA,NA,NA,NA,NA,NA,NA,NA,NA,NA,NA,NA,NA,NA,NA,NA,NA,NA,NA,NA,NA,NA,NA
2021-09-20 04:00:00,NA,NA,NA,NA,NA,NA,NA,NA,NA,NA,NA,NA,NA,NA,NA,NA,NA,NA,NA,NA,NA,NA,NA,NA
2021-09-20 05:00:00,NA,NA,NA,NA,NA,NA,NA,NA,NA,NA,NA,NA,NA,NA,NA,NA,NA,NA,NA,NA,NA,NA,NA,NA
2021-09-20 06:00:00,NA,NA,NA,NA,NA,NA,NA,NA,NA,NA,NA,NA,NA,NA,NA,NA,NA,NA,NA,NA,NA,NA,NA,NA
2021-09-20 07:00:00,NA,NA,10.00,19.02,29.01,NA,8.36,5.28,NA,NA,NA,NA,NA,NA,NA,NA,NA,NA,NA,NA,NA,NA,NA,NA
2021-09-20 08:00:00,NA,74.60,10.08,18.90,28.92,NA,9.65,5.37,NA,NA,NA,NA,NA,NA,NA,NA,NA,NA,NA,NA,NA,NA,NA,NA
2021-09-20 09:00:00,NA,64.74,9.93,18.97,29.01,NA,9.70,5.15,NA,NA,NA,NA,NA,NA,NA,NA,NA,NA,NA,NA,NA,NA,NA,NA
2021-09-20 10:00:00,NA,69.44,10.07,18.99,29.37,NA,9.59,4.81,NA,NA,NA,NA,NA,NA,NA,NA,NA,NA,NA,NA,NA,NA,NA,NA
2021-09-20 11:00:00,NA,61.30,10.04,18.94,29.21,NA,9.00,5.10,NA,NA,NA,NA,NA,NA,NA,NA,NA,NA,NA,NA,NA,NA,NA,NA
2021-09-20 12:00:00,NA,69.87,9.94,19.13,28.88,NA,9.02,5.14,NA,NA,NA,NA,NA,NA,NA,NA,NA,NA,NA,NA,NA,NA,NA,NA
2021-09-20 13:00:00,NA,58.62,10.10,19.07,28.73,NA,10.62,4.56,NA,NA,NA,NA,NA,NA,NA,NA,NA,NA,NA,NA,NA,NA,NA,NA
2021-09-20 14:00:00,NA,58.31,10.03,18.92,28.86,NA,10.79,4.45,NA,NA,NA,NA,NA,NA,NA,NA,NA,NA,NA,NA,NA,NA,NA,NA
2021-09-20 15:00:00,NA,45.97,10.09,18.98,28.85,NA,10.75,4.66,NA,NA,NA,NA,NA,NA,NA,NA,NA,NA,NA,NA,NA,NA,NA,NA
2021-09-20 16:00:00,NA,49.74,9.90,18.99,29.07,NA,10.63,5.02,NA,NA,NA,NA,NA,NA,NA,NA,NA,NA,NA,NA,NA,NA,NA,NA
2021-09-20 17:00:00,NA,61.45,9.97,19.18,28.88,NA,10.76,5.62,NA,NA,NA,NA,NA,NA,NA,NA,NA,NA,NA,NA,NA,NA,NA,NA
2021-09-20 18:00:00,NA,55.92,10.01,19.09,28.98,NA,7.03,6.52,NA,NA,NA,NA,NA,NA,NA,NA,NA,NA,NA,NA,NA,NA,NA,NA
2021-09-20 19:00:00,NA,80.81,10.07,18.89,29.42,NA,7.12,7.11,NA,NA,NA,NA,NA,NA,NA,NA,NA,NA,NA,NA,NA,NA,NA,NA
2021-09-20 20:00:00,NA,82.70,10.02,19.14,29.27,NA,6.93,7.35,NA,NA,NA,NA,NA,NA,NA,NA,NA,NA,NA,NA,NA,NA,NA,NA
2021-09-20 21:00:00,NA,72.71,9.90,18.78,29.00,NA,7.18,2.65,NA,NA,NA,NA,NA,NA,NA,NA,NA,NA,NA,NA,NA,NA,NA,NA
2021-09-20 22:00:00,NA,72.60,9.91,19.19,28.80,NA,7.14,2.41,NA,NA,NA,NA,NA,NA,NA,NA,NA,NA,NA,NA,NA,NA,NA,NA
2021-09-20 23:00:00,NA,51.14,9.98,19.26,29.17,NA,10.57,1.83,NA,NA,NA,NA,NA,NA,NA,NA,NA,NA,NA,NA,NA,NA,NA,NA
2021-09-21 00:00:00,NA,43.00,10.09,19.09,29.07,NA,10.62,1.08,NA,NA,NA,NA,NA,NA,NA,NA,NA,NA,NA,NA,NA,NA,NA,NA
2021-09-21 01:00:00,NA,39.42,9.99,18.98,29.22,NA,10.55,1.00,NA,NA,NA,NA,NA,NA,NA,NA,NA,NA,NA,NA,NA,NA,NA,NA
2021-09-21 02:00:00,NA,33.55,10.02,18.96,28.72,NA,10.70,1.00,NA,NA,NA,NA,NA,NA,NA,NA,NA,NA,NA,NA,NA,NA,NA,NA
2021-09-21 03:00:00,NA,41.74,9.91,19.13,29.10,NA,10.84,1.00,NA,NA,NA,NA,NA,NA,NA,NA,NA,NA,NA,NA,NA,NA,NA,NA
2021-09-21 04:00:00,NA,31.06,9.97,19.06,29.04,NA,11.30,1.00,NA,NA,NA,NA,NA,NA,NA,NA,NA,NA,NA,NA,NA,NA,NA,NA
2021-09-21 05:00:00,NA,29.66,9.96,18.95,28.90,NA,11.54,1.00,NA,NA,NA,NA,NA,NA,NA,NA,NA,NA,NA,NA,NA,NA,NA,NA
2021-09-21 06:00:00,NA,39.91,9.96,19.10,29.24,NA,11.67,1.00,NA,NA,NA,NA,NA,NA,NA,NA,NA,NA,NA,NA,NA,NA,NA,NA
2021-09-21 07:00:00,NA,31.03,10.00,18.97,28.87,NA,11.85,1.00,NA,NA,NA,NA,NA,NA,NA,NA,NA,NA,NA,NA,NA,NA,NA,NA
2021-09-21 08:00:00,NA,27.81,9.86,19.16,29.46,NA,11.94,1.09,NA,NA,NA,NA,NA,NA,NA,NA,NA,NA,NA,NA,NA,NA,NA,NA
2021-09-21 09:00:00,NA,34.36,10.00,18.96,29.06,NA,8.06,1.21,NA,NA,NA,NA,NA,NA,NA,NA,NA,NA,NA,NA,NA,NA,NA,NA
2021-09-21 10:00:00,NA,65.37,10.02,18.94,28.87,NA,7.16,1.21,NA,NA,NA,NA,NA,NA,NA,NA,NA,NA,NA,NA,NA,NA,NA,NA
2021-09-21 11:00:00,NA,49.50,10.04,18.90,28.79,NA,7.02,1.51,NA,NA,NA,NA,NA,NA,NA,NA,NA,NA,NA,NA,NA,NA,NA,NA
2021-09-21 12:00:00,NA,40.47,9.97,19.18,29.12,NA,6.72,1.68,NA,NA,NA,NA,NA,NA,NA,NA,NA,NA,NA,NA,NA,NA,NA,NA
2021-09-21 13:00:00,NA,42.62,9.93,19.14,29.09,NA,6.43,1.42,NA,NA,NA,NA,NA,NA,NA,NA,NA,NA,NA,NA,NA,NA,NA,NA
2021-09-21 14:00:00,NA,33.02,10.01,18.86,29.06,NA,6.90,1.00,NA,NA,NA,NA,NA,NA,NA,NA,NA,NA,NA,NA,NA,NA,NA,NA
2021-09-21 15:00:00,NA,36.80,9.90,19.26,29.18,NA,7.09,1.00,NA,NA,NA,NA,NA,NA,NA,NA,NA,NA,NA,NA,NA,NA,NA,NA
2021-09-21 16:00:00,NA,54.44,9.95,18.77,28.95,NA,7.36,1.00,NA,NA,NA,NA,NA,NA,NA,NA,NA,NA,NA,NA,NA,NA,NA,NA
2021-09-21 17:00:00,NA,54.03,10.05,19.10,28.59,NA,7.72,1.00,NA,NA,NA,NA,NA,NA,NA,NA,NA,NA,NA,NA,NA,NA,NA,NA
2021-09-21 18:00:00,NA,61.80,10.04,19.20,29.16,NA,7.74,1.00,NA,NA,NA,NA,NA,NA,NA,NA,NA,NA,NA,NA,NA,NA,NA,NA
2021-09-21 19:00:00,NA,61.38,10.02,19.14,28.88,NA,8.49,1.00,NA,NA,NA,NA,NA,NA,NA,NA,NA,NA,NA,NA,NA,NA,NA,NA
2021-09-21 20:00:00,NA,NA,NA,NA,NA,NA,NA,NA,NA,NA,NA,NA,NA,NA,NA,NA,NA,NA,NA,NA,NA,NA,NA,NA
2021-09-21 21:00:00,NA,NA,NA,NA,NA,NA,NA,NA,NA,NA,NA,NA,NA,NA,NA,NA,NA,NA,NA,NA,NA,NA,NA,NA
2021-09-21 22:00:00,NA,NA,NA,NA,NA,NA,NA,NA,NA,NA,NA,NA,NA,NA,NA,NA,NA,NA,NA,NA,NA,NA,NA,NA
2021-09-21 23:00:00,NA,NA,NA,NA,NA,NA,NA,NA,NA,NA,NA,NA,NA,NA,NA,NA,NA,NA,NA,NA,NA,NA,NA,NA
2021-09-22 00:00:00,NA,NA,NA,NA,NA,NA,NA,NA,NA,NA,NA,NA,NA,NA,NA,NA,NA,NA,NA,NA,NA,NA,NA,NA
2021-09-22 01:00:00,NA,NA,NA,NA,NA,NA,NA,NA,NA,NA,NA,NA,NA,NA,NA,NA,NA,NA,NA,NA,NA,NA,NA,NA
2021-09-22 02:00:00,NA,NA,NA,NA,NA,NA,NA,NA,NA,NA,NA,NA,NA,NA,NA,NA,NA,NA,NA,NA,NA,NA,NA,NA
2021-09-22 03:00:00,NA,NA,NA,NA,NA,NA,NA,NA,NA,NA,NA,NA,NA,NA,NA,NA,NA,NA,NA,NA,NA,NA,NA,NA
2021-09-22 04:00:00,NA,NA,NA,NA,NA,NA,NA,NA,NA,NA,NA,NA,NA,NA,NA,NA,NA,NA,NA,NA,NA,NA,NA,NA
2021-09-22 05:00:00,NA,NA,NA,NA,NA,NA,NA,NA,NA,NA,NA,NA,NA,NA,NA,NA,NA,NA,NA,NA,NA,NA,NA,NA
2021-09-22 06:00:00,NA,NA,NA,NA,NA,NA,NA,NA,NA,NA,NA,NA,NA,NA,NA,NA,NA,NA,NA,NA,NA,NA,NA,NA
2021-09-22 07:00:00,NA,NA,NA,NA,NA,NA,NA,NA,NA,NA,NA,NA,NA,NA,NA,NA,NA,NA,NA,NA,NA,NA,NA,NA
2021-09-22 08:00:00,NA,NA,NA,NA,NA,NA,NA,NA,NA,NA,NA,NA,NA,NA,NA,NA,NA,NA,NA,NA,NA,NA,NA,NA
2021-09-22 09:00:00,NA,NA,NA,NA,NA,NA,NA,NA,NA,NA,NA,NA,NA,NA,NA,NA,NA,NA,NA,NA,NA,NA,NA,NA
2021-09-22 10:00:00,NA,NA,NA,NA,NA,NA,NA,NA,NA,NA,NA,NA,NA,NA,NA,NA,NA,NA,NA,NA,NA,NA,NA,NA
2021-09-22 11:00:00,NA,NA,NA,NA,NA,NA,NA,NA,NA,NA,NA,NA,NA,NA,NA,NA,NA,NA,NA,NA,NA,NA,NA,NA
2021-09-22 12:00:00,NA,NA,NA,NA,NA,NA,NA,NA,NA,NA,NA,NA,NA,NA,NA,NA,NA,NA,NA,NA,NA,NA,NA,NA
2021-09-22 13:00:00,NA,NA,NA,NA,NA,NA,NA,NA,NA,NA,NA,NA,NA,NA,NA,NA,NA,NA,NA,NA,NA,NA,NA,NA
2021-09-22 14:00:00,NA,NA,NA,NA,NA,NA,NA,NA,NA,NA,NA,NA,NA,NA,NA,NA,NA,NA,NA,NA,NA,NA,NA,NA
2021-09-22 15:00:00,NA,NA,NA,NA,NA,NA,NA,NA,NA,NA,NA,NA,NA,NA,NA,NA,NA,NA,NA,NA,NA,NA,NA,NA
2021-09-22 16:00:00,NA,NA,NA,NA,NA,NA,NA,NA,NA,NA,NA,NA,NA,NA,NA,NA,NA,NA,NA,NA,NA,NA,NA,NA
2021-09-22 17:00:00,NA,NA,NA,NA,NA,NA,NA,NA,NA,NA,NA,NA,NA,NA,NA,NA,NA,NA,NA,NA,NA,NA,NA,NA
2021-09-22 18:00:00,NA,NA,NA,NA,NA,NA,NA,NA,NA,NA,NA,NA,NA,NA,NA,NA,NA,NA,NA,NA,NA,NA,NA,NA
2021-09-22 19:00:00,NA,NA,NA,NA,NA,NA,NA,NA,NA,NA,NA,NA,NA,NA,NA,NA,NA,NA,NA,NA,NA,NA,NA,NA
2021-09-22 20:00:00,NA,NA,NA,NA,NA,NA,NA,NA,NA,NA,NA,NA,NA,NA,NA,NA,NA,NA,NA,NA,NA,NA,NA,NA
2021-09-22 21:00:00,NA,NA,NA,NA,NA,NA,NA,NA,NA,NA,NA,NA,NA,NA,NA,NA,NA,NA,NA,NA,NA,NA,NA,NA
2021-09-22 22:00:00,NA,NA,NA,NA,NA,NA,NA,NA,NA,NA,NA,NA,NA,NA,NA,NA,NA,NA,NA,NA,NA,NA,NA,NA
2021-09-22 23:00:00,NA,NA,NA,NA,NA,NA,NA,NA,NA,NA,NA,NA,NA,NA,NA,NA,NA,NA,NA,NA,NA,NA,NA,NA
2021-09-23 00:00:00,NA,NA,NA,NA,NA,NA,NA,NA,NA,NA,NA,NA,NA,NA,NA,NA,NA,NA,NA,NA,NA,NA,NA,NA
2021-09-23 01:00:00,NA,NA,NA,NA,NA,NA,NA,NA,NA,NA,NA,NA,NA,NA,NA,NA,NA,NA,NA,NA,NA,NA,NA,NA
2021-09-23 02:00:00,NA,NA,NA,NA,NA,NA,NA,NA,NA,NA,NA,NA,NA,NA,NA,NA,NA,NA,NA,NA,NA,NA,NA,NA
2021-09-23 03:00:00,NA,NA,NA,NA,NA,NA,NA,NA,NA,NA,NA,NA,NA,NA,NA,NA,NA,NA,NA,NA,NA,NA,NA,NA
2021-09-23 04:00:00,NA,NA,NA,NA,NA,NA,NA,NA,NA,NA,NA,NA,NA,NA,NA,NA,NA,NA,NA,NA,NA,NA,NA,NA
2021-09-23 05:00:00,NA,NA,NA,NA,NA,NA,NA,NA,NA,NA,NA,NA,NA,NA,NA,NA,NA,NA,NA,NA,NA,NA,NA,NA
2021-09-23 06:00:00,NA,NA,NA,NA,NA,NA,NA,NA,NA,NA,NA,NA,NA,NA,NA,NA,NA,NA,NA,NA,NA,NA,NA,NA
2021-09-23 07:00:00,NA,NA,NA,NA,NA,NA,NA,NA,NA,NA,NA,NA,NA,NA,NA,NA,NA,NA,NA,NA,NA,NA,NA,NA
2021-09-23 08:00:00,NA,NA,NA,NA,NA,NA,NA,NA,NA,NA,NA,NA,NA,NA,NA,NA,NA,NA,NA,NA,NA,NA,NA,NA
2021-09-23 09:00:00,NA,74.54,10.10,19.16,NA,NA,8.09,3.27,NA,NA,NA,NA,NA,NA,NA,NA,NA,NA,NA,NA,NA,NA,NA,NA
2021-09-23 10:00:00,NA,70.47,10.08,18.99,29.36,NA,7.73,2.39,NA,NA,NA,NA,NA,NA,NA,NA,NA,NA,NA,NA,NA,NA,NA,NA
2021-09-23 11:00:00,NA,63.86,10.02,18.96,28.88,NA,NA,0.00,NA,NA,NA,NA,NA,NA,NA,NA,NA,NA,NA,NA,NA,NA,NA,NA
2021-09-23 12:00:00,NA,71.60,10.03,18.96,28.75,NA,9.99,0.50,NA,NA,NA,NA,NA,NA,NA,NA,NA,NA,NA,NA,NA,NA,NA,NA
2021-09-23 13:00:00,NA,52.54,10.03,19.11,28.74,NA,10.71,1.00,NA,NA,NA,NA,NA,NA,NA,NA,NA,NA,NA,NA,NA,NA,NA,NA
2021-09-23 14:00:00,NA,63.37,10.01,18.98,28.66,NA,10.35,1.00,NA,NA,NA,NA,NA,NA,NA,NA,NA,NA,NA,NA,NA,NA,NA,NA
2021-09-23 15:00:00,NA,54.02,9.95,19.12,28.95,NA,10.24,0.25,NA,NA,NA,NA,NA,NA,NA,NA,NA,NA,NA,NA,NA,NA,NA,NA
2021-09-23 16:00:00,NA,39.08,9.92,19.04,29.02,NA,10.24,0.00,NA,NA,NA,NA,NA,NA,NA,NA,NA,NA,NA,NA,NA,NA,NA,NA
2021-09-23 17:00:00,NA,30.95,10.02,19.01,28.90,NA,6.22,0.51,NA,NA,NA,NA,NA,NA,NA,NA,NA,NA,NA,NA,NA,NA,NA,NA
2021-09-23 18:00:00,NA,26.13,10.07,19.20,29.08,NA,6.52,1.00,NA,NA,NA,NA,NA,NA,NA,NA,NA,NA,NA,NA,NA,NA,NA,NA
2021-09-23 19:00:00,NA,24.57,10.04,18.98,29.16,NA,6.32,1.00,NA,NA,NA,NA,NA,NA,NA,NA,NA,NA,NA,NA,NA,NA,NA,NA
2021-09-23 20:00:00,NA,27.63,9.92,19.28,29.11,NA,6.56,1.00,NA,NA,NA,NA,NA,NA,NA,NA,NA,NA,NA,NA,NA,NA,NA,NA
2021-09-23 21:00:00,NA,26.72,10.03,19.10,28.90,NA,6.74,1.00,NA,NA,NA,NA,NA,NA,NA,NA,NA,NA,NA,NA,NA,NA,NA,NA
2021-09-23 22:00:00,NA,27.81,10.06,19.06,29.00,NA,11.33,1.00,NA,NA,NA,NA,NA,NA,NA,NA,NA,NA,NA,NA,NA,NA,NA,NA
2021-09-23 23:00:00,NA,34.93,9.96,19.10,29.09,NA,11.60,2.04,NA,NA,NA,NA,NA,NA,NA,NA,NA,NA,NA,NA,NA,NA,NA,NA
2021-09-24 00:00:00,NA,29.89,10.07,18.98,29.09,NA,11.54,1.70,NA,NA,NA,NA,NA,NA,NA,NA,NA,NA,NA,NA,NA,NA,NA,NA
2021-09-24 01:00:00,NA,28.25,10.02,19.18,28.92,NA,11.60,1.68,NA,NA,NA,NA,NA,NA,NA,NA,NA,NA,NA,NA,NA,NA,NA,NA
2021-09-24 02:00:00,NA,36.84,10.06,19.13,28.90,NA,11.76,1.92,NA,NA,NA,NA,NA,NA,NA,NA,NA,NA,NA,NA,NA,NA,NA,NA
2021-09-24 03:00:00,NA,31.46,10.04,18.99,29.03,NA,8.50,1.44,NA,NA,NA,NA,NA,NA,NA,NA,NA,NA,NA,NA,NA,NA,NA,NA
2021-09-24 04:00:00,NA,28.82,10.09,18.92,28.82,NA,8.45,1.10,NA,NA,NA,NA,NA,NA,NA,NA,NA,NA,NA,NA,NA,NA,NA,NA
2021-09-24 05:00:00,NA,27.80,10.01,19.01,28.89,NA,8.55,1.11,NA,NA,NA,NA,NA,NA,NA,NA,NA,NA,NA,NA,NA,NA,NA,NA
2021-09-24 06:00:00,NA,24.85,10.05,18.95,28.90,NA,8.63,1.19,NA,NA,NA,NA,NA,NA,NA,NA,NA,NA,NA,NA,NA,NA,NA,NA
2021-09-24 07:00:00,NA,22.42,10.07,18.92,29.10,NA,8.49,1.58,NA,NA,NA,NA,NA,NA,NA,NA,NA,NA,NA,NA,NA,NA,NA,NA
2021-09-24 08:00:00,NA,21.22,9.95,19.04,28.82,NA,11.53,1.80,NA,NA,NA,NA,NA,NA,NA,NA,NA,NA,NA,NA,NA,NA,NA,NA
2021-09-24 09:00:00,NA,20.85,10.08,18.63,28.88,NA,11.76,1.96,NA,NA,NA,NA,NA,NA,NA,NA,NA,NA,NA,NA,NA,NA,NA,NA
2021-09-24 10:00:00,NA,NA,NA,NA,NA,NA,NA,NA,NA,NA,NA,NA,NA,NA,NA,NA,NA,NA,NA,NA,NA,NA,NA,NA
2021-09-24 11:00:00,NA,NA,NA,NA,NA,NA,NA,NA,NA,NA,NA,NA,NA,NA,NA,NA,NA,NA,NA,NA,NA,NA,NA,NA
2021-09-24 12:00:00,NA,NA,NA,NA,NA,NA,NA,NA,NA,NA,NA,NA,NA,NA,NA,NA,NA,NA,NA,NA,NA,NA,NA,NA
2021-09-24 13:00:00,NA,NA,NA,NA,NA,NA,NA,NA,NA,NA,NA,NA,NA,NA,NA,NA,NA,NA,NA,NA,NA,NA,NA,NA
2021-09-24 14:00:00,NA,NA,NA,NA,NA,NA,NA,NA,NA,NA,NA,NA,NA,NA,NA,NA,NA,NA,NA,NA,NA,NA,NA,NA
2021-09-24 15:00:00,NA,NA,NA,NA,NA,NA,NA,NA,NA,NA,NA,NA,NA,NA,NA,NA,NA,NA,NA,NA,NA,NA,NA,NA
2021-09-24 16:00:00,NA,NA,NA,NA,NA,NA,NA,NA,NA,NA,NA,NA,NA,NA,NA,NA,NA,NA,NA,NA,NA,NA,NA,NA
2021-09-24 17:00:00,NA,NA,NA,NA,NA,NA,NA,NA,NA,NA,NA,NA,NA,NA,NA,NA,NA,NA,NA,NA,NA,NA,NA,NA
2021-09-24 18:00:00,NA,NA,NA,NA,NA,NA,NA,NA,NA,NA,NA,NA,NA,NA,NA,NA,NA,NA,NA,NA,NA,NA,NA,NA
2021-09-24 19:00:00,NA,NA,NA,NA,NA,NA,NA,NA,NA,NA,NA,NA,NA,NA,NA,NA,NA,NA,NA,NA,NA,NA,NA,NA
2021-09-24 20:00:00,NA,NA,NA,NA,NA,NA,NA,NA,NA,NA,NA,NA,NA,NA,NA,NA,NA,NA,NA,NA,NA,NA,NA,NA
2021-09-24 21:00:00,NA,NA,NA,NA,NA,NA,NA,NA,NA,NA,NA,NA,NA,NA,NA,NA,NA,NA,NA,NA,NA,NA,NA,NA
2021-09-24 22:00:00,NA,NA,NA,NA,NA,NA,NA,NA,NA,NA,NA,NA,NA,NA,NA,NA,NA,NA,NA,NA,NA,NA,NA,NA
2021-09-24 23:00:00,NA,NA,NA,NA,NA,NA,NA,NA,NA,NA,NA,NA,NA,NA,NA,NA,NA,NA,NA,NA,NA,NA,NA,NA
2021-09-25 00:00:00,NA,NA,NA,NA,NA,NA,NA,NA,NA,NA,NA,NA,NA,NA,NA,NA,NA,NA,NA,NA,NA,NA,NA,NA
2021-09-25 01:00:00,NA,NA,NA,NA,NA,NA,NA,NA,NA,NA,NA,NA,NA,NA,NA,NA,NA,NA,NA,NA,NA,NA,NA,NA
2021-09-25 02:00:00,NA,NA,NA,NA,NA,NA,NA,NA,NA,NA,NA,NA,NA,NA,NA,NA,NA,NA,NA,NA,NA,NA,NA,NA
2021-09-25 03:00:00,NA,NA,NA,NA,NA,NA,NA,NA,NA,NA,NA,NA,NA,NA,NA,NA,NA,NA,NA,NA,NA,NA,NA,NA
2021-09-25 04:00:00,NA,NA,NA,NA,NA,NA,NA,NA,NA,NA,NA,NA,NA,NA,NA,NA,NA,NA,NA,NA,NA,NA,NA,NA
2021-09-25 05:00:00,NA,NA,NA,NA,NA,NA,NA,NA,NA,NA,NA,NA,NA,NA,NA,NA,NA,NA,NA,NA,NA,NA,NA,NA
2021-09-25 06:00:00,NA,NA,NA,NA,NA,NA,NA,NA,NA,NA,NA,NA,NA,NA,NA,NA,NA,NA,NA,NA,NA,NA,NA,NA
2021-09-25 07:00:00,NA,NA,NA,NA,NA,NA,NA,NA,NA,NA,NA,NA,NA,NA,NA,NA,NA,NA,NA,NA,NA,NA,NA,NA
2021-09-25 08:00:00,NA,NA,NA,NA,NA,NA,NA,NA,NA,NA,NA,NA,NA,NA,NA,NA,NA,NA,NA,NA,NA,NA,NA,NA
2021-09-25 09:00:00,NA,NA,NA,NA,NA,NA,NA,NA,NA,NA,NA,NA,NA,NA,NA,NA,NA,NA,NA,NA,NA,NA,NA,NA
2021-09-25 10:00:00,NA,NA,NA,NA,NA,NA,NA,NA,NA,NA,NA,NA,NA,NA,NA,NA,NA,NA,NA,NA,NA,NA,NA,NA
2021-09-25 11:00:00,NA,NA,NA,NA,NA,NA,NA,NA,NA,NA,NA,NA,NA,NA,NA,NA,NA,NA,NA,NA,NA,NA,NA,NA
2021-09-25 12:00:00,NA,NA,NA,NA,NA,NA,NA,NA,NA,NA,NA,NA,NA,NA,NA,NA,NA,NA,NA,NA,NA,NA,NA,NA
2021-09-25 13:00:00,NA,NA,NA,NA,NA,NA,NA,NA,NA,NA,NA,NA,NA,NA,NA,NA,NA,NA,NA,NA,NA,NA,NA,NA
2021-09-25 14:00:00,NA,NA,NA,NA,NA,NA,NA,NA,NA,NA,NA,NA,NA,NA,NA,NA,NA,NA,NA,NA,NA,NA,NA,NA
2021-09-25 15:00:00,NA,NA,NA,NA,NA,NA,NA,NA,NA,NA,NA,NA,NA,NA,NA,NA,NA,NA,NA,NA,NA,NA,NA,NA
2021-09-25 16:00:00,NA,NA,NA,NA,NA,NA,NA,NA,NA,NA,NA,NA,NA,NA,NA,NA,NA,NA,NA,NA,NA,NA,NA,NA
2021-09-25 17:00:00,NA,NA,NA,NA,NA,NA,NA,NA,NA,NA,NA,NA,NA,NA,NA,NA,NA,NA,NA,NA,NA,NA,NA,NA
2021-09-25 18:00:00,NA,NA,NA,NA,NA,NA,NA,NA,NA,NA,NA,NA,NA,NA,NA,NA,NA,NA,NA,NA,NA,NA,NA,NA
2021-09-25 19:00:00,NA,NA,NA,NA,NA,NA,NA,NA,NA,NA,NA,NA,NA,NA,NA,NA,NA,NA,NA,NA,NA,NA,NA,NA
2021-09-25 20:00:00,NA,NA,NA,NA,NA,NA,NA,NA,NA,NA,NA,NA,NA,NA,NA,NA,NA,NA,NA,NA,NA,NA,NA,NA
2021-09-25 21:00:00,NA,NA,NA,NA,NA,NA,NA,NA,NA,NA,NA,NA,NA,NA,NA,NA,NA,NA,NA,NA,NA,NA,NA,NA
2021-09-25 22:00:00,NA,NA,NA,NA,NA,NA,NA,NA,NA,NA,NA,NA,NA,NA,NA,NA,NA,NA,NA,NA,NA,NA,NA,NA
2021-09-25 23:00:00,NA,NA,NA,NA,NA,NA,NA,NA,NA,NA,NA,NA,NA,NA,NA,NA,NA,NA,NA,NA,NA,NA,NA,NA
2021-09-26 00:00:00,NA,NA,NA,NA,NA,NA,NA,NA,NA,NA,NA,NA,NA,NA,NA,NA,NA,NA,NA,NA,NA,NA,NA,NA
2021-09-26 01:00:00,NA,NA,NA,NA,NA,NA,NA,NA,NA,NA,NA,NA,NA,NA,NA,NA,NA,NA,NA,NA,NA,NA,NA,NA
2021-09-26 02:00:00,NA,NA,NA,NA,NA,NA,NA,NA,NA,NA,NA,NA,NA,NA,NA,NA,NA,NA,NA,NA,NA,NA,NA,NA
2021-09-26 03:00:00,NA,NA,NA,NA,NA,NA,NA,NA,NA,NA,NA,NA,NA,NA,NA,NA,NA,NA,NA,NA,NA,NA,NA,NA
2021-09-26 04:00:00,NA,NA,NA,NA,NA,NA,NA,NA,NA,NA,NA,NA,NA,NA,NA,NA,NA,NA,NA,NA,NA,NA,NA,NA
2021-09-26 05:00:00,NA,NA,NA,NA,NA,NA,NA,NA,NA,NA,NA,NA,NA,NA,NA,NA,NA,NA,NA,NA,NA,NA,NA,NA
2021-09-26 06:00:00,NA,NA,NA,NA,NA,NA,NA,NA,NA,NA,NA,NA,NA,NA,NA,NA,NA,NA,NA,NA,NA,NA,NA,NA
2021-09-26 07:00:00,NA,NA,NA,NA,NA,NA,NA,NA,NA,NA,NA,NA,NA,NA,NA,NA,NA,NA,NA,NA,NA,NA,NA,NA
2021-09-26 08:00:00,NA,NA,NA,NA,NA,NA,NA,NA,NA,NA,NA,NA,NA,NA,NA,NA,NA,NA,NA,NA,NA,NA,NA,NA
2021-09-26 09:00:00,NA,NA,NA,NA,NA,NA,NA,NA,NA,NA,NA,NA,NA,NA,NA,NA,NA,NA,NA,NA,NA,NA,NA,NA
2021-09-26 10:00:00,NA,NA,NA,NA,NA,NA,NA,NA,NA,NA,NA,NA,NA,NA,NA,NA,NA,NA,NA,NA,NA,NA,NA,NA
2021-09-26 11:00:00,NA,NA,NA,NA,NA,NA,NA,NA,NA,NA,NA,NA,NA,NA,NA,NA,NA,NA,NA,NA,NA,NA,NA,NA
2021-09-26 12:00:00,NA,24.40,9.92,18.94,29.04,NA,NA,0.00,NA,NA,NA,NA,NA,NA,NA,NA,NA,NA,NA,NA,NA,NA,NA,NA
2021-09-26 13:00:00,NA,23.78,10.08,19.03,28.71,NA,NA,0.75,NA,NA,NA,NA,NA,NA,NA,NA,NA,NA,NA,NA,NA,NA,NA,NA
2021-09-26 14:00:00,NA,24.03,10.07,19.14,29.05,NA,6.40,1.00,NA,NA,NA,NA,NA,NA,NA,NA,NA,NA,NA,NA,NA,NA,NA,NA
2021-09-26 15:00:00,NA,23.36,9.96,18.84,29.01,NA,5.37,1.00,NA,NA,NA,NA,NA,NA,NA,NA,NA,NA,NA,NA,NA,NA,NA,NA
2021-09-26 16:00:00,NA,22.84,9.89,19.06,29.16,NA,4.65,1.00,NA,NA,NA,NA,NA,NA,NA,NA,NA,NA,NA,NA,NA,NA,NA,NA
2021-09-26 17:00:00,NA,22.66,10.14,19.12,28.71,NA,4.04,1.00,NA,NA,NA,NA,NA,NA,NA,NA,NA,NA,NA,NA,NA,NA,NA,NA
2021-09-26 18:00:00,NA,22.90,10.09,19.01,29.12,NA,4.05,1.00,NA,NA,NA,NA,NA,NA,NA,NA,NA,NA,NA,NA,NA,NA,NA,NA
2021-09-26 19:00:00,NA,23.28,10.02,18.71,29.21,NA,9.72,1.00,NA,NA,NA,NA,NA,NA,NA,NA,NA,NA,NA,NA,NA,NA,NA,NA
2021-09-26 20:00:00,NA,24.66,10.05,18.89,29.29,NA,9.97,1.00,NA,NA,NA,NA,NA,NA,NA,NA,NA,NA,NA,NA,NA,NA,NA,NA
2021-09-26 21:00:00,NA,24.70,10.03,19.02,28.72,NA,9.75,1.00,NA,NA,NA,NA,NA,NA,NA,NA,NA,NA,NA,NA,NA,NA,NA,NA
2021-09-26 22:00:00,NA,24.78,9.98,19.15,29.08,NA,10.04,1.00,NA,NA,NA,NA,NA,NA,NA,NA,NA,NA,NA,NA,NA,NA,NA,NA
2021-09-26 23:00:00,NA,23.85,9.96,19.10,28.62,NA,10.16,1.00,NA,NA,NA,NA,NA,NA,NA,NA,NA,NA,NA,NA,NA,NA,NA,NA
2021-09-27 00:00:00,NA,24.14,10.02,19.05,29.18,NA,10.38,1.00,NA,NA,NA,NA,NA,NA,NA,NA,NA,NA,NA,NA,NA,NA,NA,NA
2021-09-27 01:00:00,NA,25.47,10.06,18.87,28.98,NA,10.32,1.00,NA,NA,NA,NA,NA,NA,NA,NA,NA,NA,NA,NA,NA,NA,NA,NA
2021-09-27 02:00:00,NA,24.93,9.90,19.14,29.12,NA,10.27,1.00,NA,NA,NA,NA,NA,NA,NA,NA,NA,NA,NA,NA,NA,NA,NA,NA
2021-09-27 03:00:00,NA,23.48,10.00,19.22,29.06,NA,10.39,1.00,NA,NA,NA,NA,NA,NA,NA,NA,NA,NA,NA,NA,NA,NA,NA,NA
2021-09-27 04:00:00,NA,23.24,10.00,18.87,29.26,NA,10.34,1.00,NA,NA,NA,NA,NA,NA,NA,NA,NA,NA,NA,NA,NA,NA,NA,NA
2021-09-27 05:00:00,NA,24.77,9.98,19.02,28.72,NA,10.55,1.00,NA,NA,NA,NA,NA,NA,NA,NA,NA,NA,NA,NA,NA,NA,NA,NA
2021-09-27 06:00:00,NA,22.38,9.90,19.12,29.11,NA,10.78,1.00,NA,NA,NA,NA,NA,NA,NA,NA,NA,NA,NA,NA,NA,NA,NA,NA
2021-09-27 07:00:00,NA,21.19,10.02,19.03,29.12,NA,10.53,1.00,NA,NA,NA,NA,NA,NA,NA,NA,NA,NA,NA,NA,NA,NA,NA,NA
2021-09-27 08:00:00,NA,20.59,9.93,19.18,28.83,NA,10.50,1.00,NA,NA,NA,NA,NA,NA,NA,NA,NA,NA,NA,NA,NA,NA,NA,NA
2021-09-27 09:00:00,NA,20.29,10.02,19.06,28.70,NA,10.47,1.00,NA,NA,NA,NA,NA,NA,NA,NA,NA,NA,NA,NA,NA,NA,NA,NA
2021-09-27 10:00:00,NA,20.62,10.02,18.89,29.21,NA,10.51,1.00,NA,NA,NA,NA,NA,NA,NA,NA,NA,NA,NA,NA,NA,NA,NA,NA
2021-09-27 11:00:00,NA,22.92,9.96,18.93,29.04,NA,10.60,1.00,NA,NA,NA,NA,NA,NA,NA,NA,NA,NA,NA,NA,NA,NA,NA,NA
2021-09-27 12:00:00,NA,23.40,10.06,19.12,29.08,NA,10.68,1.00,NA,NA,NA,NA,NA,NA,NA,NA,NA,NA,NA,NA,NA,NA,NA,NA
2021-09-27 13:00:00,NA,23.70,10.00,18.94,29.12,NA,10.29,2.03,NA,NA,NA,NA,NA,NA,NA,NA,NA,NA,NA,NA,NA,NA,NA,NA
2021-09-27 14:00:00,NA,31.88,9.91,18.89,28.38,NA,10.30,1.66,NA,NA,NA,NA,NA,NA,NA,NA,NA,NA,NA,NA,NA,NA,NA,NA
2021-09-27 15:00:00,NA,30.60,10.10,18.91,28.93,NA,12.86,1.55,NA,NA,NA,NA,NA,NA,NA,NA,NA,NA,NA,NA,NA,NA,NA,NA
2021-09-27 16:00:00,NA,27.02,10.00,19.02,28.98,NA,12.66,1.34,NA,NA,NA,NA,NA,NA,NA,NA,NA,NA,NA,NA,NA,NA,NA,NA
2021-09-27 17:00:00,NA,25.76,9.96,18.90,29.17,NA,12.48,1.21,NA,NA,NA,NA,NA,NA,NA,NA,NA,NA,NA,NA,NA,NA,NA,NA
2021-09-27 18:00:00,NA,24.16,10.00,19.13,29.12,NA,12.87,1.73,NA,NA,NA,NA,NA,NA,NA,NA,NA,NA,NA,NA,NA,NA,NA,NA
2021-09-27 19:00:00,NA,25.76,9.99,19.03,28.86,NA,12.94,2.23,NA,NA,NA,NA,NA,NA,NA,NA,NA,NA,NA,NA,NA,NA,NA,NA
2021-09-27 20:00:00,NA,25.40,9.95,19.13,28.81,NA,8.86,2.85,NA,NA,NA,NA,NA,NA,NA,NA,NA,NA,NA,NA,NA,NA,NA,NA
2021-09-27 21:00:00,NA,22.71,9.96,18.80,29.09,NA,8.95,2.71,NA,NA,NA,NA,NA,NA,NA,NA,NA,NA,NA,NA,NA,NA,NA,NA
2021-09-27 22:00:00,NA,21.35,10.04,18.93,28.75,NA,8.96,2.47,NA,NA,NA,NA,NA,NA,NA,NA,NA,NA,NA,NA,NA,NA,NA,NA
2021-09-27 23:00:00,NA,20.74,9.82,19.00,28.81,NA,9.07,2.69,NA,NA,NA,NA,NA,NA,NA,NA,NA,NA,NA,NA,NA,NA,NA,NA
2021-09-28 00:00:00,NA,23.55,9.98,19.12,29.04,NA,9.24,2.58,NA,NA,NA,NA,NA,NA,NA,NA,NA,NA,NA,NA,NA,NA,NA,NA
2021-09-28 01:00:00,NA,24.03,10.02,19.10,28.93,NA,8.36,2.53,NA,NA,NA,NA,NA,NA,NA,NA,NA,NA,NA,NA,NA,NA,NA,NA
2021-09-28 02:00:00,NA,22.01,9.93,19.08,29.02,NA,8.93,2.58,NA,NA,NA,NA,NA,NA,NA,NA,NA,NA,NA,NA,NA,NA,NA,NA
2021-09-28 03:00:00,NA,21.00,9.89,19.06,28.93,NA,8.96,2.64,NA,NA,NA,NA,NA,NA,NA,NA,NA,NA,NA,NA,NA,NA,NA,NA
2021-09-28 04:00:00,NA,21.10,10.04,18.78,28.81,NA,8.90,2.56,NA,NA,NA,NA,NA,NA,NA,NA,NA,NA,NA,NA,NA,NA,NA,NA
2021-09-28 05:00:00,NA,23.79,10.08,19.07,29.00,NA,8.92,2.72,NA,NA,NA,NA,NA,NA,NA,NA,NA,NA,NA,NA,NA,NA,NA,NA
2021-09-28 06:00:00,NA,24.49,10.01,18.90,29.09,NA,11.64,3.00,NA,NA,NA,NA,NA,NA,NA,NA,NA,NA,NA,NA,NA,NA,NA,NA
2021-09-28 07:00:00,NA,24.80,9.96,19.24,29.15,NA,11.65,3.41,NA,NA,NA,NA,NA,NA,NA,NA,NA,NA,NA,NA,NA,NA,NA,NA
2021-09-28 08:00:00,NA,24.42,9.95,19.02,29.13,NA,11.83,3.52,NA,NA,NA,NA,NA,NA,NA,NA,NA,NA,NA,NA,NA,NA,NA,NA
2021-09-28 09:00:00,NA,23.91,10.05,19.13,28.91,NA,11.92,3.69,NA,NA,NA,NA,NA,NA,NA,NA,NA,NA,NA,NA,NA,NA,NA,NA
2021-09-28 10:00:00,NA,25.59,9.98,18.99,28.91,NA,11.67,3.56,NA,NA,NA,NA,NA,NA,NA,NA,NA,NA,NA,NA,NA,NA,NA,NA
2021-09-28 11:00:00,NA,26.19,9.93,19.17,28.83,NA,6.00,3.48,NA,NA,NA,NA,NA,NA,NA,NA,NA,NA,NA,NA,NA,NA,NA,NA
2021-09-28 12:00:00,NA,20.12,10.00,18.82,29.01,NA,5.97,3.21,NA,NA,NA,NA,NA,NA,NA,NA,NA,NA,NA,NA,NA,NA,NA,NA
2021-09-28 13:00:00,NA,60.85,9.99,19.15,29.07,NA,5.90,2.20,NA,NA,NA,NA,NA,NA,NA,NA,NA,NA,NA,NA,NA,NA,NA,NA
2021-09-28 14:00:00,NA,44.84,9.93,18.98,28.98,NA,5.61,1.92,NA,NA,NA,NA,NA,NA,NA,NA,NA,NA,NA,NA,NA,NA,NA,NA
2021-09-28 15:00:00,NA,32.50,10.12,19.14,29.18,NA,5.50,1.25,NA,NA,NA,NA,NA,NA,NA,NA,NA,NA,NA,NA,NA,NA,NA,NA
2021-09-28 16:00:00,NA,26.26,10.01,19.13,28.86,NA,9.93,1.48,NA,NA,NA,NA,NA,NA,NA,NA,NA,NA,NA,NA,NA,NA,NA,NA
2021-09-28 17:00:00,NA,23.13,10.02,18.94,29.03,NA,10.21,2.85,NA,NA,NA,NA,NA,NA,NA,NA,NA,NA,NA,NA,NA,NA,NA,NA
2021-09-28 18:00:00,NA,21.56,9.99,18.81,28.98,NA,10.12,3.20,NA,NA,NA,NA,NA,NA,NA,NA,NA,NA,NA,NA,NA,NA,NA,NA
2021-09-28 19:00:00,NA,20.78,9.91,19.00,29.04,NA,10.13,3.30,NA,NA,NA,NA,NA,NA,NA,NA,NA,NA,NA,NA,NA,NA,NA,NA
2021-09-28 20:00:00,NA,20.39,10.07,18.98,28.96,NA,10.25,2.62,NA,NA,NA,NA,NA,NA,NA,NA,NA,NA,NA,NA,NA,NA,NA,NA
2021-09-28 21:00:00,NA,20.20,9.94,19.01,29.01,NA,9.28,2.50,NA,NA,NA,NA,NA,NA,NA,NA,NA,NA,NA,NA,NA,NA,NA,NA
2021-09-28 22:00:00,NA,52.24,10.09,18.89,28.87,NA,9.48,2.27,NA,NA,NA,NA,NA,NA,NA,NA,NA,NA,NA,NA,NA,NA,NA,NA
2021-09-28 23:00:00,NA,55.61,9.93,19.14,29.18,NA,9.54,1.80,NA,NA,NA,NA,NA,NA,NA,NA,NA,NA,NA,NA,NA,NA,NA,NA
2021-09-29 00:00:00,NA,44.81,10.00,19.10,28.88,NA,9.71,1.06,NA,NA,NA,NA,NA,NA,NA,NA,NA,NA,NA,NA,NA,NA,NA,NA
2021-09-29 01:00:00,NA,35.52,10.04,19.01,28.98,NA,9.43,1.00,NA,NA,NA,NA,NA,NA,NA,NA,NA,NA,NA,NA,NA,NA,NA,NA
2021-09-29 02:00:00,NA,34.19,10.03,19.19,29.20,NA,8.18,1.00,NA,NA,NA,NA,NA,NA,NA,NA,NA,NA,NA,NA,NA,NA,NA,NA
2021-09-29 03:00:00,NA,39.97,9.86,19.06,29.34,NA,8.03,1.00,NA,NA,NA,NA,NA,NA,NA,NA,NA,NA,NA,NA,NA,NA,NA,NA
2021-09-29 04:00:00,NA,34.16,10.07,19.10,29.00,NA,8.00,1.00,NA,NA,NA,NA,NA,NA,NA,NA,NA,NA,NA,NA,NA,NA,NA,NA
2021-09-29 05:00:00,NA,36.80,9.98,18.92,28.84,NA,7.63,1.00,NA,NA,NA,NA,NA,NA,NA,NA,NA,NA,NA,NA,NA,NA,NA,NA
2021-09-29 06:00:00,NA,57.65,10.04,18.92,28.75,NA,7.84,1.00,NA,NA,NA,NA,NA,NA,NA,NA,NA,NA,NA,NA,NA,NA,NA,NA
2021-09-29 07:00:00,NA,59.08,10.09,18.91,29.24,NA,10.58,1.00,NA,NA,NA,NA,NA,NA,NA,NA,NA,NA,NA,NA,NA,NA,NA,NA
2021-09-29 08:00:00,NA,56.90,10.05,18.82,28.96,NA,10.62,1.00,NA,NA,NA,NA,NA,NA,NA,NA,NA,NA,NA,NA,NA,NA,NA,NA
2021-09-29 09:00:00,NA,79.24,10.07,18.89,29.02,NA,10.39,1.00,NA,NA,NA,NA,NA,NA,NA,NA,NA,NA,NA,NA,NA,NA,NA,NA
2021-09-29 10:00:00,NA,61.73,9.97,18.80,29.21,NA,9.90,1.00,NA,NA,NA,NA,NA,NA,NA,NA,NA,NA,NA,NA,NA,NA,NA,NA
2021-09-29 11:00:00,NA,55.56,9.94,18.90,29.08,NA,9.97,1.00,NA,NA,NA,NA,NA,NA,NA,NA,NA,NA,NA,NA,NA,NA,NA,NA
2021-09-29 12:00:00,NA,49.80,9.94,19.03,29.06,NA,6.25,1.00,NA,NA,NA,NA,NA,NA,NA,NA,NA,NA,NA,NA,NA,NA,NA,NA
2021-09-29 13:00:00,NA,37.94,9.97,19.22,29.46,NA,5.70,2.42,NA,NA,NA,NA,NA,NA,NA,NA,NA,NA,NA,NA,NA,NA,NA,NA
2021-09-29 14:00:00,NA,29.85,10.02,19.00,29.07,NA,5.23,2.99,NA,NA,NA,NA,NA,NA,NA,NA,NA,NA,NA,NA,NA,NA,NA,NA
2021-09-29 15:00:00,NA,29.29,9.95,19.00,29.06,NA,5.14,3.01,NA,NA,NA,NA,NA,NA,NA,NA,NA,NA,NA,NA,NA,NA,NA,NA
2021-09-29 16:00:00,NA,37.65,9.96,18.76,29.10,NA,4.94,2.82,NA,NA,NA,NA,NA,NA,NA,NA,NA,NA,NA,NA,NA,NA,NA,NA
2021-09-29 17:00:00,NA,48.86,10.02,19.04,28.88,NA,10.59,2.88,NA,NA,NA,NA,NA,NA,NA,NA,NA,NA,NA,NA,NA,NA,NA,NA
2021-09-29 18:00:00,NA,68.63,9.99,18.88,29.15,NA,10.89,2.96,NA,NA,NA,NA,NA,NA,NA,NA,NA,NA,NA,NA,NA,NA,NA,NA
2021-09-29 19:00:00,NA,79.64,9.96,18.96,28.76,NA,11.31,2.84,NA,NA,NA,NA,NA,NA,NA,NA,NA,NA,NA,NA,NA,NA,NA,NA
2021-09-29 20:00:00,NA,54.00,9.96,19.20,28.91,NA,11.32,2.87,NA,NA,NA,NA,NA,NA,NA,NA,NA,NA,NA,NA,NA,NA,NA,NA
2021-09-29 21:00:00,NA,68.52,9.95,18.97,29.01,NA,11.53,2.84,NA,NA,NA,NA,NA,NA,NA,NA,NA,NA,NA,NA,NA,NA,NA,NA
2021-09-29 22:00:00,NA,70.74,10.06,18.88,28.97,NA,11.31,2.94,NA,NA,NA,NA,NA,NA,NA,NA,NA,NA,NA,NA,NA,NA,NA,NA
2021-09-29 23:00:00,NA,75.42,10.11,19.31,28.78,NA,11.13,3.14,NA,NA,NA,NA,NA,NA,NA,NA,NA,NA,NA,NA,NA,NA,NA,NA
2021-09-30 00:00:00,NA,66.84,9.91,18.91,29.18,NA,11.50,2.98,NA,NA,NA,NA,NA,NA,NA,NA,NA,NA,NA,NA,NA,NA,NA,NA
2021-09-30 01:00:00,NA,47.51,10.05,18.84,29.15,NA,11.37,2.71,NA,NA,NA,NA,NA,NA,NA,NA,NA,NA,NA,NA,NA,NA,NA,NA
2021-09-30 02:00:00,NA,46.02,10.09,19.08,28.84,NA,11.70,2.61,NA,NA,NA,NA,NA,NA,NA,NA,NA,NA,NA,NA,NA,NA,NA,NA
2021-09-30 03:00:00,NA,44.15,10.00,18.99,28.88,NA,8.41,2.57,NA,NA,NA,NA,NA,NA,NA,NA,NA,NA,NA,NA,NA,NA,NA,NA
2021-09-30 04:00:00,NA,35.58,10.01,18.76,29.04,NA,8.28,2.66,NA,NA,NA,NA,NA,NA,NA,NA,NA,NA,NA,NA,NA,NA,NA,NA
2021-09-30 05:00:00,NA,36.58,10.05,18.94,29.11,NA,8.38,2.88,NA,NA,NA,NA,NA,NA,NA,NA,NA,NA,NA,NA,NA,NA,NA,NA
2021-09-30 06:00:00,NA,36.53,10.03,18.84,28.99,NA,8.38,3.13,NA,NA,NA,NA,NA,NA,NA,NA,NA,NA,NA,NA,NA,NA,NA,NA
2021-09-30 07:00:00,NA,53.55,10.13,19.09,29.02,NA,8.53,3.33,NA,NA,NA,NA,NA,NA,NA,NA,NA,NA,NA,NA,NA,NA,NA,NA
2021-09-30 08:00:00,NA,57.24,10.04,18.82,28.83,NA,8.90,3.32,NA,NA,NA,NA,NA,NA,NA,NA,NA,NA,NA,NA,NA,NA,NA,NA
2021-09-30 09:00:00,NA,73.41,10.00,19.01,28.96,NA,9.05,3.13,NA,NA,NA,NA,NA,NA,NA,NA,NA,NA,NA,NA,NA,NA,NA,NA
2021-09-30 10:00:00,NA,50.80,9.98,19.14,21.66,NA,8.24,2.50,NA,NA,NA,NA,NA,NA,NA,NA,NA,NA,NA,NA,NA,NA,NA,NA
2021-09-30 11:00:00,NA,49.82,9.96,19.10,29.08,NA,8.44,3.65,NA,NA,NA,NA,NA,NA,NA,NA,NA,NA,NA,NA,NA,NA,NA,NA
2021-09-30 12:00:00,NA,52.29,10.01,18.89,28.89,NA,8.49,1.98,NA,NA,NA,NA,NA,NA,NA,NA,NA,NA,NA,NA,NA,NA,NA,NA
2021-09-30 13:00:00,NA,25.78,10.24,19.13,29.58,NA,8.27,3.55,NA,NA,NA,NA,NA,NA,NA,NA,NA,NA,NA,NA,NA,NA,NA,NA
2021-09-30 14:00:00,NA,49.41,10.04,19.20,29.43,NA,11.08,1.64,NA,NA,NA,NA,NA,NA,NA,NA,NA,NA,NA,NA,NA,NA,NA,NA
2021-09-30 15:00:00,NA,41.70,10.06,18.89,29.11,NA,11.16,1.00,NA,NA,NA,NA,NA,NA,NA,NA,NA,NA,NA,NA,NA,NA,NA,NA
2021-09-30 16:00:00,NA,38.82,9.95,18.86,29.23,NA,11.12,1.00,NA,NA,NA,NA,NA,NA,NA,NA,NA,NA,NA,NA,NA,NA,NA,NA
2021-09-30 17:00:00,NA,42.06,9.93,19.03,28.80,NA,10.98,1.00,NA,NA,NA,NA,NA,NA,NA,NA,NA,NA,NA,NA,NA,NA,NA,NA
2021-09-30 18:00:00,NA,56.47,10.03,19.03,28.78,NA,11.07,1.00,NA,NA,NA,NA,NA,NA,NA,NA,NA,NA,NA,NA,NA,NA,NA,NA
2021-09-30 19:00:00,NA,66.95,9.96,18.78,29.11,NA,7.39,1.07,NA,NA,NA,NA,NA,NA,NA,NA,NA,NA,NA,NA,NA,NA,NA,NA
2021-09-30 20:00:00,NA,88.36,9.92,18.86,29.25,NA,7.48,1.74,NA,NA,NA,NA,NA,NA,NA,NA,NA,NA,NA,NA,NA,NA,NA,NA
2021-09-30 21:00:00,NA,96.71,10.06,19.05,28.63,NA,7.65,2.24,NA,NA,NA,NA,NA,NA,NA,NA,NA,NA,NA,NA,NA,NA,NA,NA
2021-09-30 22:00:00,NA,120.31,9.89,18.92,29.14,NA,7.82,2.64,NA,NA,NA,NA,NA,NA,NA,NA,NA,NA,NA,NA,NA,NA,NA,NA
2021-09-30 23:00:00,NA,105.12,10.05,19.15,29.12,NA,7.93,2.36,NA,NA,NA,NA,NA,NA,NA,NA,NA,NA,NA,NA,NA,NA,NA,NA
2021-10-01 00:00:00,NA,67.28,9.88,19.11,29.02,NA,9.40,1.42,NA,NA,NA,NA,NA,NA,NA,NA,NA,NA,NA,NA,NA,NA,NA,NA
2021-10-01 01:00:00,NA,44.80,10.03,18.93,29.05,NA,9.41,1.05,NA,NA,NA,NA,NA,NA,NA,NA,NA,NA,NA,NA,NA,NA,NA,NA
2021-10-01 02:00:00,NA,44.85,10.07,19.13,29.12,NA,9.66,1.00,NA,NA,NA,NA,NA,NA,NA,NA,NA,NA,NA,NA,NA,NA,NA,NA
2021-10-01 03:00:00,NA,40.70,9.91,18.98,28.76,NA,9.49,1.00,NA,NA,NA,NA,NA,NA,NA,NA,NA,NA,NA,NA,NA,NA,NA,NA
2021-10-01 04:00:00,NA,32.42,10.00,18.77,28.96,NA,9.58,1.00,NA,NA,NA,NA,NA,NA,NA,NA,NA,NA,NA,NA,NA,NA,NA,NA
2021-10-01 05:00:00,NA,38.78,9.96,18.88,29.12,NA,7.50,1.01,NA,NA,NA,NA,NA,NA,NA,NA,NA,NA,NA,NA,NA,NA,NA,NA
2021-10-01 06:00:00,NA,45.58,10.04,19.08,28.60,NA,7.44,1.15,NA,NA,NA,NA,NA,NA,NA,NA,NA,NA,NA,NA,NA,NA,NA,NA
2021-10-01 07:00:00,NA,59.43,9.81,18.85,28.94,NA,7.54,1.33,NA,NA,NA,NA,NA,NA,NA,NA,NA,NA,NA,NA,NA,NA,NA,NA
2021-10-01 08:00:00,NA,44.63,9.95,18.97,28.93,NA,7.36,1.36,NA,NA,NA,NA,NA,NA,NA,NA,NA,NA,NA,NA,NA,NA,NA,NA
2021-10-01 09:00:00,NA,43.98,9.96,19.00,28.93,NA,7.02,1.35,NA,NA,NA,NA,NA,NA,NA,NA,NA,NA,NA,NA,NA,NA,NA,NA
2021-10-01 10:00:00,NA,58.07,9.94,19.00,28.93,NA,9.08,1.64,NA,NA,NA,NA,NA,NA,NA,NA,NA,NA,NA,NA,NA,NA,NA,NA
2021-10-01 11:00:00,NA,69.54,9.97,18.99,28.95,NA,8.80,1.97,NA,NA,NA,NA,NA,NA,NA,NA,NA,NA,NA,NA,NA,NA,NA,NA
2021-10-01 12:00:00,NA,56.59,10.02,18.98,29.13,NA,8.64,1.65,NA,NA,NA,NA,NA,NA,NA,NA,NA,NA,NA,NA,NA,NA,NA,NA
2021-10-01 13:00:00,NA,54.67,9.93,18.90,28.93,NA,8.50,1.17,NA,NA,NA,NA,NA,NA,NA,NA,NA,NA,NA,NA,NA,NA,NA,NA
2021-10-01 14:00:00,NA,52.32,10.07,19.01,29.13,NA,8.86,2.16,NA,NA,NA,NA,NA,NA,NA,NA,NA,NA,NA,NA,NA,NA,NA,NA
2021-10-01 15:00:00,NA,65.54,10.06,19.01,28.99,NA,10.17,2.06,NA,NA,NA,NA,NA,NA,NA,NA,NA,NA,NA,NA,NA,NA,NA,NA
2021-10-01 16:00:00,NA,62.06,10.03,19.01,29.14,NA,9.80,2.29,NA,NA,NA,NA,NA,NA,NA,NA,NA,NA,NA,NA,NA,NA,NA,NA
2021-10-01 17:00:00,NA,70.88,10.04,19.28,29.28,NA,9.36,3.38,NA,NA,NA,NA,NA,NA,NA,NA,NA,NA,NA,NA,NA,NA,NA,NA
2021-10-01 18:00:00,NA,74.90,10.06,18.93,29.10,NA,9.73,3.76,NA,NA,NA,NA,NA,NA,NA,NA,NA,NA,NA,NA,NA,NA,NA,NA
2021-10-01 19:00:00,NA,78.51,10.14,19.25,29.40,NA,10.00,3.57,NA,NA,NA,NA,NA,NA,NA,NA,NA,NA,NA,NA,NA,NA,NA,NA
2021-10-01 20:00:00,NA,81.40,9.93,19.00,29.23,NA,8.32,3.86,NA,NA,NA,NA,NA,NA,NA,NA,NA,NA,NA,NA,NA,NA,NA,NA
2021-10-01 21:00:00,NA,80.26,10.00,18.98,28.78,NA,8.59,4.21,NA,NA,NA,NA,NA,NA,NA,NA,NA,NA,NA,NA,NA,NA,NA,NA
2021-10-01 22:00:00,NA,60.02,9.96,19.04,28.91,NA,8.63,4.10,NA,NA,NA,NA,NA,NA,NA,NA,NA,NA,NA,NA,NA,NA,NA,NA
2021-10-01 23:00:00,NA,64.87,9.82,19.07,29.20,NA,8.70,3.85,NA,NA,NA,NA,NA,NA,NA,NA,NA,NA,NA,NA,NA,NA,NA,NA
2021-10-02 00:00:00,NA,57.57,9.94,18.83,28.79,NA,8.58,3.27,NA,NA,NA,NA,NA,NA,NA,NA,NA,NA,NA,NA,NA,NA,NA,NA
2021-10-02 01:00:00,NA,55.66,10.06,18.81,28.96,NA,8.98,2.89,NA,NA,NA,NA,NA,NA,NA,NA,NA,NA,NA,NA,NA,NA,NA,NA
2021-10-02 02:00:00,NA,57.04,10.01,18.98,29.04,NA,8.93,2.62,NA,NA,NA,NA,NA,NA,NA,NA,NA,NA,NA,NA,NA,NA,NA,NA
2021-10-02 03:00:00,NA,53.38,10.03,18.90,29.08,NA,8.88,2.56,NA,NA,NA,NA,NA,NA,NA,NA,NA,NA,NA,NA,NA,NA,NA,NA
2021-10-02 04:00:00,NA,39.81,10.01,19.05,29.12,NA,8.95,2.44,NA,NA,NA,NA,NA,NA,NA,NA,NA,NA,NA,NA,NA,NA,NA,NA
2021-10-02 05:00:00,NA,64.55,9.98,18.76,29.16,NA,8.99,2.57,NA,NA,NA,NA,NA,NA,NA,NA,NA,NA,NA,NA,NA,NA,NA,NA
2021-10-02 06:00:00,NA,50.86,10.02,18.87,29.14,NA,9.47,2.82,NA,NA,NA,NA,NA,NA,NA,NA,NA,NA,NA,NA,NA,NA,NA,NA
2021-10-02 07:00:00,NA,89.94,9.96,19.00,28.91,NA,9.29,3.25,NA,NA,NA,NA,NA,NA,NA,NA,NA,NA,NA,NA,NA,NA,NA,NA
2021-10-02 08:00:00,NA,76.34,10.01,18.80,28.72,NA,9.41,3.15,NA,NA,NA,NA,NA,NA,NA,NA,NA,NA,NA,NA,NA,NA,NA,NA
2021-10-02 09:00:00,NA,83.35,10.04,18.89,29.20,NA,9.54,3.05,NA,NA,NA,NA,NA,NA,NA,NA,NA,NA,NA,NA,NA,NA,NA,NA
2021-10-02 10:00:00,NA,60.43,10.04,18.79,28.90,NA,9.58,2.98,NA,NA,NA,NA,NA,NA,NA,NA,NA,NA,NA,NA,NA,NA,NA,NA
2021-10-02 11:00:00,NA,71.03,9.89,18.76,29.10,NA,10.50,2.88,NA,NA,NA,NA,NA,NA,NA,NA,NA,NA,NA,NA,NA,NA,NA,NA
2021-10-02 12:00:00,NA,73.77,10.11,18.96,28.73,NA,10.52,2.89,NA,NA,NA,NA,NA,NA,NA,NA,NA,NA,NA,NA,NA,NA,NA,NA
2021-10-02 13:00:00,NA,52.47,10.00,18.79,28.92,NA,10.74,2.56,NA,NA,NA,NA,NA,NA,NA,NA,NA,NA,NA,NA,NA,NA,NA,NA
2021-10-02 14:00:00,NA,69.33,9.90,19.15,29.02,NA,11.06,2.28,NA,NA,NA,NA,NA,NA,NA,NA,NA,NA,NA,NA,NA,NA,NA,NA
2021-10-02 15:00:00,NA,59.33,9.95,18.90,29.04,NA,11.00,2.19,NA,NA,NA,NA,NA,NA,NA,NA,NA,NA,NA,NA,NA,NA,NA,NA
2021-10-02 16:00:00,NA,76.40,10.00,18.93,29.26,NA,8.90,2.36,NA,NA,NA,NA,NA,NA,NA,NA,NA,NA,NA,NA,NA,NA,NA,NA
2021-10-02 17:00:00,NA,64.72,10.05,19.02,29.24,NA,8.78,2.37,NA,NA,NA,NA,NA,NA,NA,NA,NA,NA,NA,NA,NA,NA,NA,NA
2021-10-02 18:00:00,NA,79.39,10.05,18.95,28.96,NA,9.26,2.62,NA,NA,NA,NA,NA,NA,NA,NA,NA,NA,NA,NA,NA,NA,NA,NA
2021-10-02 19:00:00,NA,81.32,10.01,18.96,28.66,NA,9.28,2.90,NA,NA,NA,NA,NA,NA,NA,NA,NA,NA,NA,NA,NA,NA,NA,NA
2021-10-02 20:00:00,NA,88.29,10.02,18.85,28.86,NA,9.24,3.20,NA,NA,NA,NA,NA,NA,NA,NA,NA,NA,NA,NA,NA,NA,NA,NA
2021-10-02 21:00:00,NA,78.36,9.94,19.32,28.80,NA,10.04,3.08,NA,NA,NA,NA,NA,NA,NA,NA,NA,NA,NA,NA,NA,NA,NA,NA
2021-10-02 22:00:00,NA,81.22,9.93,19.06,29.18,NA,9.89,2.96,NA,NA,NA,NA,NA,NA,NA,NA,NA,NA,NA,NA,NA,NA,NA,NA
2021-10-02 23:00:00,NA,54.12,9.99,18.96,28.91,NA,9.54,2.86,NA,NA,NA,NA,NA,NA,NA,NA,NA,NA,NA,NA,NA,NA,NA,NA
2021-10-03 00:00:00,NA,44.37,9.98,18.84,28.94,NA,9.62,2.63,NA,NA,NA,NA,NA,NA,NA,NA,NA,NA,NA,NA,NA,NA,NA,NA
2021-10-03 01:00:00,NA,48.26,10.06,18.94,28.92,NA,9.24,2.40,NA,NA,NA,NA,NA,NA,NA,NA,NA,NA,NA,NA,NA,NA,NA,NA
2021-10-03 02:00:00,NA,43.90,10.07,18.87,28.82,NA,9.63,2.25,NA,NA,NA,NA,NA,NA,NA,NA,NA,NA,NA,NA,NA,NA,NA,NA
2021-10-03 03:00:00,NA,37.20,9.95,18.92,29.12,NA,9.49,2.24,NA,NA,NA,NA,NA,NA,NA,NA,NA,NA,NA,NA,NA,NA,NA,NA
2021-10-03 04:00:00,NA,38.96,10.02,19.14,28.92,NA,9.56,2.42,NA,NA,NA,NA,NA,NA,NA,NA,NA,NA,NA,NA,NA,NA,NA,NA
2021-10-03 05:00:00,NA,53.58,10.01,18.93,28.94,NA,9.34,2.66,NA,NA,NA,NA,NA,NA,NA,NA,NA,NA,NA,NA,NA,NA,NA,NA
2021-10-03 06:00:00,NA,55.03,9.97,18.72,29.37,NA,9.22,2.95,NA,NA,NA,NA,NA,NA,NA,NA,NA,NA,NA,NA,NA,NA,NA,NA
2021-10-03 07:00:00,NA,89.35,10.00,19.13,29.02,NA,10.48,3.18,NA,NA,NA,NA,NA,NA,NA,NA,NA,NA,NA,NA,NA,NA,NA,NA
2021-10-03 08:00:00,NA,82.91,10.03,19.16,28.92,NA,10.35,3.60,NA,NA,NA,NA,NA,NA,NA,NA,NA,NA,NA,NA,NA,NA,NA,NA
2021-10-03 09:00:00,NA,95.41,10.02,18.96,28.99,NA,10.52,3.41,NA,NA,NA,NA,NA,NA,NA,NA,NA,NA,NA,NA,NA,NA,NA,NA
2021-10-03 10:00:00,NA,83.45,9.96,18.73,28.80,NA,10.43,2.99,NA,NA,NA,NA,NA,NA,NA,NA,NA,NA,NA,NA,NA,NA,NA,NA
2021-10-03 11:00:00,NA,86.60,9.99,19.05,29.22,NA,10.60,2.87,NA,NA,NA,NA,NA,NA,NA,NA,NA,NA,NA,NA,NA,NA,NA,NA
2021-10-03 12:00:00,NA,58.29,9.97,18.96,28.77,NA,10.23,2.63,NA,NA,NA,NA,NA,NA,NA,NA,NA,NA,NA,NA,NA,NA,NA,NA
2021-10-03 13:00:00,NA,44.57,10.00,19.00,28.63,NA,10.58,2.59,NA,NA,NA,NA,NA,NA,NA,NA,NA,NA,NA,NA,NA,NA,NA,NA
2021-10-03 14:00:00,NA,37.88,10.14,18.95,29.27,NA,10.94,2.20,NA,NA,NA,NA,NA,NA,NA,NA,NA,NA,NA,NA,NA,NA,NA,NA
2021-10-03 15:00:00,NA,NA,NA,NA,NA,NA,NA,NA,NA,NA,NA,NA,NA,NA,NA,NA,NA,NA,NA,NA,NA,NA,NA,NA
2021-10-03 16:00:00,NA,NA,NA,NA,NA,NA,NA,NA,NA,NA,NA,NA,NA,NA,NA,NA,NA,NA,NA,NA,NA,NA,NA,NA
2021-10-03 17:00:00,NA,NA,NA,NA,NA,NA,NA,NA,NA,NA,NA,NA,NA,NA,NA,NA,NA,NA,NA,NA,NA,NA,NA,NA
2021-10-03 18:00:00,NA,NA,NA,NA,NA,NA,NA,NA,NA,NA,NA,NA,NA,NA,NA,NA,NA,NA,NA,NA,NA,NA,NA,NA
2021-10-03 19:00:00,NA,NA,NA,NA,NA,NA,NA,NA,NA,NA,NA,NA,NA,NA,NA,NA,NA,NA,NA,NA,NA,NA,NA,NA
2021-10-03 20:00:00,NA,NA,NA,NA,NA,NA,NA,NA,NA,NA,NA,NA,NA,NA,NA,NA,NA,NA,NA,NA,NA,NA,NA,NA
2021-10-03 21:00:00,NA,NA,NA,NA,NA,NA,NA,NA,NA,NA,NA,NA,NA,NA,NA,NA,NA,NA,NA,NA,NA,NA,NA,NA
2021-10-03 22:00:00,NA,NA,NA,NA,NA,NA,NA,NA,NA,NA,NA,NA,NA,NA,NA,NA,NA,NA,NA,NA,NA,NA,NA,NA
2021-10-03 23:00:00,NA,NA,NA,NA,NA,NA,NA,NA,NA,NA,NA,NA,NA,NA,NA,NA,NA,NA,NA,NA,NA,NA,NA,NA
2021-10-04 00:00:00,NA,NA,NA,NA,NA,NA,NA,NA,NA,NA,NA,NA,NA,NA,NA,NA,NA,NA,NA,NA,NA,NA,NA,NA
2021-10-04 01:00:00,NA,NA,NA,NA,NA,NA,NA,NA,NA,NA,NA,NA,NA,NA,NA,NA,NA,NA,NA,NA,NA,NA,NA,NA
2021-10-04 02:00:00,NA,NA,NA,NA,NA,NA,NA,NA,NA,NA,NA,NA,NA,NA,NA,NA,NA,NA,NA,NA,NA,NA,NA,NA
2021-10-04 03:00:00,NA,NA,NA,NA,NA,NA,NA,NA,NA,NA,NA,NA,NA,NA,NA,NA,NA,NA,NA,NA,NA,NA,NA,NA
2021-10-04 04:00:00,NA,34.49,10.14,18.91,28.76,NA,6.00,3.28,NA,NA,NA,NA,NA,NA,NA,NA,NA,NA,NA,NA,NA,NA,NA,NA
2021-10-04 05:00:00,NA,34.70,10.05,19.02,29.16,NA,10.23,3.45,NA,NA,NA,NA,NA,NA,NA,NA,NA,NA,NA,NA,NA,NA,NA,NA
2021-10-04 06:00:00,NA,33.80,9.94,19.00,28.76,NA,10.80,3.89,NA,NA,NA,NA,NA,NA,NA,NA,NA,NA,NA,NA,NA,NA,NA,NA
2021-10-04 07:00:00,NA,53.36,10.00,19.30,29.03,NA,11.26,4.55,NA,NA,NA,NA,NA,NA,NA,NA,NA,NA,NA,NA,NA,NA,NA,NA
2021-10-04 08:00:00,NA,44.29,10.02,18.87,28.89,NA,11.22,4.73,NA,NA,NA,NA,NA,NA,NA,NA,NA,NA,NA,NA,NA,NA,NA,NA
2021-10-04 09:00:00,NA,49.21,10.06,19.19,28.85,NA,11.92,4.71,NA,NA,NA,NA,NA,NA,NA,NA,NA,NA,NA,NA,NA,NA,NA,NA
2021-10-04 10:00:00,NA,72.84,10.02,19.04,28.80,NA,12.45,5.00,NA,NA,NA,NA,NA,NA,NA,NA,NA,NA,NA,NA,NA,NA,NA,NA
2021-10-04 11:00:00,NA,66.17,9.97,18.97,29.14,NA,12.26,4.87,NA,NA,NA,NA,NA,NA,NA,NA,NA,NA,NA,NA,NA,NA,NA,NA
2021-10-04 12:00:00,NA,45.04,10.02,18.86,28.90,NA,11.66,4.67,NA,NA,NA,NA,NA,NA,NA,NA,NA,NA,NA,NA,NA,NA,NA,NA
2021-10-04 13:00:00,NA,35.55,9.91,19.22,28.86,NA,10.75,4.48,NA,NA,NA,NA,NA,NA,NA,NA,NA,NA,NA,NA,NA,NA,NA,NA
2021-10-04 14:00:00,NA,47.38,9.99,19.12,28.97,NA,10.01,4.20,NA,NA,NA,NA,NA,NA,NA,NA,NA,NA,NA,NA,NA,NA,NA,NA
2021-10-04 15:00:00,NA,38.24,9.93,18.93,28.74,NA,9.07,4.11,NA,NA,NA,NA,NA,NA,NA,NA,NA,NA,NA,NA,NA,NA,NA,NA
2021-10-04 16:00:00,NA,29.24,9.90,19.19,28.92,NA,9.04,1.80,NA,NA,NA,NA,NA,NA,NA,NA,NA,NA,NA,NA,NA,NA,NA,NA
2021-10-04 17:00:00,NA,80.73,9.98,19.04,29.01,NA,9.36,1.56,NA,NA,NA,NA,NA,NA,NA,NA,NA,NA,NA,NA,NA,NA,NA,NA
2021-10-04 18:00:00,NA,111.92,9.93,19.02,29.01,NA,9.43,1.69,NA,NA,NA,NA,NA,NA,NA,NA,NA,NA,NA,NA,NA,NA,NA,NA
2021-10-04 19:00:00,NA,120.57,10.00,19.16,28.98,NA,9.73,1.94,NA,NA,NA,NA,NA,NA,NA,NA,NA,NA,NA,NA,NA,NA,NA,NA
2021-10-04 20:00:00,NA,98.32,10.02,18.90,28.96,NA,10.43,2.21,NA,NA,NA,NA,NA,NA,NA,NA,NA,NA,NA,NA,NA,NA,NA,NA
2021-10-04 21:00:00,NA,93.84,9.89,19.16,28.71,NA,10.58,2.33,NA,NA,NA,NA,NA,NA,NA,NA,NA,NA,NA,NA,NA,NA,NA,NA
2021-10-04 22:00:00,NA,82.66,9.96,19.03,29.26,NA,10.73,2.25,NA,NA,NA,NA,NA,NA,NA,NA,NA,NA,NA,NA,NA,NA,NA,NA
2021-10-04 23:00:00,NA,63.28,9.98,19.03,29.10,NA,10.56,2.00,NA,NA,NA,NA,NA,NA,NA,NA,NA,NA,NA,NA,NA,NA,NA,NA
2021-10-05 00:00:00,NA,75.48,10.02,19.14,29.06,NA,11.06,1.44,NA,NA,NA,NA,NA,NA,NA,NA,NA,NA,NA,NA,NA,NA,NA,NA
2021-10-05 01:00:00,NA,52.69,10.05,18.94,29.05,NA,10.18,1.06,NA,NA,NA,NA,NA,NA,NA,NA,NA,NA,NA,NA,NA,NA,NA,NA
2021-10-05 02:00:00,NA,40.97,9.94,18.98,28.85,NA,10.05,1.00,NA,NA,NA,NA,NA,NA,NA,NA,NA,NA,NA,NA,NA,NA,NA,NA
2021-10-05 03:00:00,NA,37.24,9.91,19.20,29.17,NA,10.18,1.00,NA,NA,NA,NA,NA,NA,NA,NA,NA,NA,NA,NA,NA,NA,NA,NA
2021-10-05 04:00:00,NA,31.23,10.00,19.05,29.13,NA,10.36,1.00,NA,NA,NA,NA,NA,NA,NA,NA,NA,NA,NA,NA,NA,NA,NA,NA
2021-10-05 05:00:00,NA,26.78,10.04,19.03,29.18,NA,10.44,1.10,NA,NA,NA,NA,NA,NA,NA,NA,NA,NA,NA,NA,NA,NA,NA,NA
2021-10-05 06:00:00,NA,26.19,9.92,18.92,28.99,NA,7.48,1.23,NA,NA,NA,NA,NA,NA,NA,NA,NA,NA,NA,NA,NA,NA,NA,NA
2021-10-05 07:00:00,NA,97.32,9.95,18.96,29.16,NA,7.56,1.46,NA,NA,NA,NA,NA,NA,NA,NA,NA,NA,NA,NA,NA,NA,NA,NA
2021-10-05 08:00:00,NA,91.80,9.85,18.93,29.20,NA,7.61,1.55,NA,NA,NA,NA,NA,NA,NA,NA,NA,NA,NA,NA,NA,NA,NA,NA
2021-10-05 09:00:00,NA,57.81,9.99,19.04,29.25,NA,7.64,1.44,NA,NA,NA,NA,NA,NA,NA,NA,NA,NA,NA,NA,NA,NA,NA,NA
2021-10-05 10:00:00,NA,74.10,10.00,18.93,28.82,NA,7.78,1.12,NA,NA,NA,NA,NA,NA,NA,NA,NA,NA,NA,NA,NA,NA,NA,NA
2021-10-05 11:00:00,NA,54.17,9.95,19.01,29.08,NA,8.99,1.00,NA,NA,NA,NA,NA,NA,NA,NA,NA,NA,NA,NA,NA,NA,NA,NA
2021-10-05 12:00:00,NA,54.43,9.97,18.98,29.38,NA,9.10,1.00,NA,NA,NA,NA,NA,NA,NA,NA,NA,NA,NA,NA,NA,NA,NA,NA
2021-10-05 13:00:00,NA,143.81,9.99,18.96,29.22,NA,9.41,1.02,NA,NA,NA,NA,NA,NA,NA,NA,NA,NA,NA,NA,NA,NA,NA,NA
2021-10-05 14:00:00,NA,115.62,10.03,19.25,28.72,NA,9.13,1.28,NA,NA,NA,NA,NA,NA,NA,NA,NA,NA,NA,NA,NA,NA,NA,NA
2021-10-05 15:00:00,NA,89.85,10.01,18.99,29.05,NA,9.38,1.55,NA,NA,NA,NA,NA,NA,NA,NA,NA,NA,NA,NA,NA,NA,NA,NA
2021-10-05 16:00:00,NA,107.12,10.02,19.08,29.10,NA,5.50,2.52,NA,NA,NA,NA,NA,NA,NA,NA,NA,NA,NA,NA,NA,NA,NA,NA
2021-10-05 17:00:00,NA,94.71,9.91,18.95,28.85,NA,5.33,2.64,NA,NA,NA,NA,NA,NA,NA,NA,NA,NA,NA,NA,NA,NA,NA,NA
2021-10-05 18:00:00,NA,68.62,9.92,19.00,28.71,NA,5.31,2.60,NA,NA,NA,NA,NA,NA,NA,NA,NA,NA,NA,NA,NA,NA,NA,NA
2021-10-05 19:00:00,NA,68.63,9.92,19.00,28.96,NA,4.96,2.90,NA,NA,NA,NA,NA,NA,NA,NA,NA,NA,NA,NA,NA,NA,NA,NA
2021-10-05 20:00:00,NA,65.92,9.96,18.97,28.85,NA,4.70,2.96,NA,NA,NA,NA,NA,NA,NA,NA,NA,NA,NA,NA,NA,NA,NA,NA
2021-10-05 21:00:00,NA,49.39,9.84,18.95,28.68,NA,7.10,3.30,NA,NA,NA,NA,NA,NA,NA,NA,NA,NA,NA,NA,NA,NA,NA,NA
2021-10-05 22:00:00,NA,70.96,10.02,19.21,28.71,NA,7.05,3.29,NA,NA,NA,NA,NA,NA,NA,NA,NA,NA,NA,NA,NA,NA,NA,NA
2021-10-05 23:00:00,NA,63.62,9.91,19.12,28.99,NA,6.97,3.15,NA,NA,NA,NA,NA,NA,NA,NA,NA,NA,NA,NA,NA,NA,NA,NA
2021-10-06 00:00:00,NA,50.72,9.98,19.01,28.86,NA,7.16,3.08,NA,NA,NA,NA,NA,NA,NA,NA,NA,NA,NA,NA,NA,NA,NA,NA
2021-10-06 01:00:00,NA,36.76,10.06,19.12,29.28,NA,7.05,2.73,NA,NA,NA,NA,NA,NA,NA,NA,NA,NA,NA,NA,NA,NA,NA,NA
2021-10-06 02:00:00,NA,32.45,9.97,18.93,28.96,NA,7.38,2.41,NA,NA,NA,NA,NA,NA,NA,NA,NA,NA,NA,NA,NA,NA,NA,NA
2021-10-06 03:00:00,NA,27.00,9.99,19.06,29.06,NA,7.29,2.30,NA,NA,NA,NA,NA,NA,NA,NA,NA,NA,NA,NA,NA,NA,NA,NA
2021-10-06 04:00:00,NA,32.67,9.99,18.99,29.13,NA,7.22,2.42,NA,NA,NA,NA,NA,NA,NA,NA,NA,NA,NA,NA,NA,NA,NA,NA
2021-10-06 05:00:00,NA,34.53,10.04,18.96,29.13,NA,7.56,2.78,NA,NA,NA,NA,NA,NA,NA,NA,NA,NA,NA,NA,NA,NA,NA,NA
2021-10-06 06:00:00,NA,35.33,10.00,18.96,29.16,NA,7.41,3.19,NA,NA,NA,NA,NA,NA,NA,NA,NA,NA,NA,NA,NA,NA,NA,NA
2021-10-06 07:00:00,NA,30.35,10.07,19.01,29.43,NA,11.77,3.34,NA,NA,NA,NA,NA,NA,NA,NA,NA,NA,NA,NA,NA,NA,NA,NA
2021-10-06 08:00:00,NA,35.94,9.99,19.02,28.77,NA,11.80,3.78,NA,NA,NA,NA,NA,NA,NA,NA,NA,NA,NA,NA,NA,NA,NA,NA
2021-10-06 09:00:00,NA,45.92,9.98,19.02,28.70,NA,12.09,4.13,NA,NA,NA,NA,NA,NA,NA,NA,NA,NA,NA,NA,NA,NA,NA,NA
2021-10-06 10:00:00,NA,38.16,10.06,18.92,28.78,NA,12.01,3.85,NA,NA,NA,NA,NA,NA,NA,NA,NA,NA,NA,NA,NA,NA,NA,NA
2021-10-06 11:00:00,NA,31.42,9.98,19.11,29.06,NA,12.34,3.58,NA,NA,NA,NA,NA,NA,NA,NA,NA,NA,NA,NA,NA,NA,NA,NA
2021-10-06 12:00:00,NA,33.18,10.00,19.02,29.06,NA,12.56,3.51,NA,NA,NA,NA,NA,NA,NA,NA,NA,NA,NA,NA,NA,NA,NA,NA
2021-10-06 13:00:00,NA,27.65,9.95,19.07,29.36,NA,13.06,3.40,NA,NA,NA,NA,NA,NA,NA,NA,NA,NA,NA,NA,NA,NA,NA,NA
2021-10-06 14:00:00,NA,27.99,9.99,19.04,29.46,NA,12.98,3.20,NA,NA,NA,NA,NA,NA,NA,NA,NA,NA,NA,NA,NA,NA,NA,NA
2021-10-06 15:00:00,NA,37.01,9.99,18.95,29.10,NA,13.45,3.12,NA,NA,NA,NA,NA,NA,NA,NA,NA,NA,NA,NA,NA,NA,NA,NA
2021-10-06 16:00:00,NA,42.17,9.98,19.02,28.90,NA,13.54,2.34,NA,NA,NA,NA,NA,NA,NA,NA,NA,NA,NA,NA,NA,NA,NA,NA
2021-10-06 17:00:00,NA,40.68,9.96,19.00,29.14,NA,10.89,2.51,NA,NA,NA,NA,NA,NA,NA,NA,NA,NA,NA,NA,NA,NA,NA,NA
2021-10-06 18:00:00,NA,57.45,10.00,19.13,28.72,NA,11.34,2.46,NA,NA,NA,NA,NA,NA,NA,NA,NA,NA,NA,NA,NA,NA,NA,NA
2021-10-06 19:00:00,NA,59.72,10.03,19.16,28.96,NA,11.59,2.74,NA,NA,NA,NA,NA,NA,NA,NA,NA,NA,NA,NA,NA,NA,NA,NA
2021-10-06 20:00:00,NA,74.88,10.07,18.95,28.91,NA,11.51,3.22,NA,NA,NA,NA,NA,NA,NA,NA,NA,NA,NA,NA,NA,NA,NA,NA
2021-10-06 21:00:00,NA,57.01,9.93,18.81,29.17,NA,11.46,3.28,NA,NA,NA,NA,NA,NA,NA,NA,NA,NA,NA,NA,NA,NA,NA,NA
2021-10-06 22:00:00,NA,47.12,9.94,19.06,28.92,NA,6.68,3.10,NA,NA,NA,NA,NA,NA,NA,NA,NA,NA,NA,NA,NA,NA,NA,NA
2021-10-06 23:00:00,NA,36.12,9.90,19.23,28.87,NA,6.51,2.92,NA,NA,NA,NA,NA,NA,NA,NA,NA,NA,NA,NA,NA,NA,NA,NA
2021-10-07 00:00:00,NA,65.51,9.93,18.91,29.24,NA,5.87,2.60,NA,NA,NA,NA,NA,NA,NA,NA,NA,NA,NA,NA,NA,NA,NA,NA
2021-10-07 01:00:00,NA,47.45,10.04,19.00,28.98,NA,6.85,2.27,NA,NA,NA,NA,NA,NA,NA,NA,NA,NA,NA,NA,NA,NA,NA,NA
2021-10-07 02:00:00,NA,43.70,9.88,18.96,29.10,NA,7.32,2.04,NA,NA,NA,NA,NA,NA,NA,NA,NA,NA,NA,NA,NA,NA,NA,NA
2021-10-07 03:00:00,NA,43.27,9.98,19.19,29.60,NA,9.20,1.82,NA,NA,NA,NA,NA,NA,NA,NA,NA,NA,NA,NA,NA,NA,NA,NA
2021-10-07 04:00:00,NA,32.87,10.07,18.88,28.77,NA,10.73,1.69,NA,NA,NA,NA,NA,NA,NA,NA,NA,NA,NA,NA,NA,NA,NA,NA
2021-10-07 05:00:00,NA,29.84,9.97,19.03,28.65,NA,10.10,1.87,NA,NA,NA,NA,NA,NA,NA,NA,NA,NA,NA,NA,NA,NA,NA,NA
2021-10-07 06:00:00,NA,31.98,9.96,19.08,29.01,NA,7.56,3.02,NA,NA,NA,NA,NA,NA,NA,NA,NA,NA,NA,NA,NA,NA,NA,NA
2021-10-07 07:00:00,NA,50.10,10.04,19.00,29.09,NA,7.46,3.24,NA,NA,NA,NA,NA,NA,NA,NA,NA,NA,NA,NA,NA,NA,NA,NA
2021-10-07 08:00:00,NA,57.93,9.94,18.94,28.93,NA,11.46,3.20,NA,NA,NA,NA,NA,NA,NA,NA,NA,NA,NA,NA,NA,NA,NA,NA
2021-10-07 09:00:00,NA,48.04,9.99,18.81,28.80,NA,11.55,2.91,NA,NA,NA,NA,NA,NA,NA,NA,NA,NA,NA,NA,NA,NA,NA,NA
2021-10-07 10:00:00,NA,44.11,9.95,19.16,28.75,NA,11.44,2.91,NA,NA,NA,NA,NA,NA,NA,NA,NA,NA,NA,NA,NA,NA,NA,NA
2021-10-07 11:00:00,NA,54.48,9.83,19.17,29.24,NA,11.58,2.91,NA,NA,NA,NA,NA,NA,NA,NA,NA,NA,NA,NA,NA,NA,NA,NA
2021-10-07 12:00:00,NA,52.00,10.06,19.02,29.18,NA,11.66,2.42,NA,NA,NA,NA,NA,NA,NA,NA,NA,NA,NA,NA,NA,NA,NA,NA
2021-10-07 13:00:00,NA,43.76,9.95,18.92,28.77,NA,11.32,1.92,NA,NA,NA,NA,NA,NA,NA,NA,NA,NA,NA,NA,NA,NA,NA,NA
2021-10-07 14:00:00,NA,35.69,10.08,18.83,29.30,NA,11.68,1.33,NA,NA,NA,NA,NA,NA,NA,NA,NA,NA,NA,NA,NA,NA,NA,NA
2021-10-07 15:00:00,NA,43.59,10.04,18.74,28.74,NA,12.20,1.03,NA,NA,NA,NA,NA,NA,NA,NA,NA,NA,NA,NA,NA,NA,NA,NA
2021-10-07 16:00:00,NA,51.54,9.91,19.34,29.12,NA,12.67,2.24,NA,NA,NA,NA,NA,NA,NA,NA,NA,NA,NA,NA,NA,NA,NA,NA
2021-10-07 17:00:00,NA,72.62,9.93,18.92,28.85,NA,12.94,2.36,NA,NA,NA,NA,NA,NA,NA,NA,NA,NA,NA,NA,NA,NA,NA,NA
2021-10-07 18:00:00,NA,76.18,10.01,19.00,28.88,NA,11.42,2.39,NA,NA,NA,NA,NA,NA,NA,NA,NA,NA,NA,NA,NA,NA,NA,NA
2021-10-07 19:00:00,NA,77.75,9.99,18.97,29.14,NA,11.66,2.85,NA,NA,NA,NA,NA,NA,NA,NA,NA,NA,NA,NA,NA,NA,NA,NA
2021-10-07 20:00:00,NA,104.98,10.04,19.10,29.22,NA,11.62,3.60,NA,NA,NA,NA,NA,NA,NA,NA,NA,NA,NA,NA,NA,NA,NA,NA
2021-10-07 21:00:00,NA,117.84,9.99,19.00,29.05,NA,11.53,4.06,NA,NA,NA,NA,NA,NA,NA,NA,NA,NA,NA,NA,NA,NA,NA,NA
2021-10-07 22:00:00,NA,106.99,10.01,18.91,29.25,NA,11.78,3.85,NA,NA,NA,NA,NA,NA,NA,NA,NA,NA,NA,NA,NA,NA,NA,NA
2021-10-07 23:00:00,NA,77.94,10.16,18.80,29.14,NA,7.18,3.50,NA,NA,NA,NA,NA,NA,NA,NA,NA,NA,NA,NA,NA,NA,NA,NA
2021-10-08 00:00:00,NA,55.14,10.02,18.99,28.88,NA,7.57,2.96,NA,NA,NA,NA,NA,NA,NA,NA,NA,NA,NA,NA,NA,NA,NA,NA
2021-10-08 01:00:00,NA,38.75,10.00,19.12,29.01,NA,7.66,2.68,NA,NA,NA,NA,NA,NA,NA,NA,NA,NA,NA,NA,NA,NA,NA,NA
2021-10-08 02:00:00,NA,50.02,9.98,18.93,29.09,NA,7.73,2.53,NA,NA,NA,NA,NA,NA,NA,NA,NA,NA,NA,NA,NA,NA,NA,NA
2021-10-08 03:00:00,NA,40.18,10.00,19.05,29.11,NA,7.81,2.42,NA,NA,NA,NA,NA,NA,NA,NA,NA,NA,NA,NA,NA,NA,NA,NA
2021-10-08 04:00:00,NA,30.98,9.97,19.00,28.90,NA,7.79,2.70,NA,NA,NA,NA,NA,NA,NA,NA,NA,NA,NA,NA,NA,NA,NA,NA
2021-10-08 05:00:00,NA,37.94,10.02,19.02,28.68,NA,7.50,2.97,NA,NA,NA,NA,NA,NA,NA,NA,NA,NA,NA,NA,NA,NA,NA,NA
2021-10-08 06:00:00,NA,29.96,9.96,19.03,29.13,NA,7.46,3.04,NA,NA,NA,NA,NA,NA,NA,NA,NA,NA,NA,NA,NA,NA,NA,NA
2021-10-08 07:00:00,NA,37.61,10.03,18.93,28.73,NA,7.38,3.17,NA,NA,NA,NA,NA,NA,NA,NA,NA,NA,NA,NA,NA,NA,NA,NA
2021-10-08 08:00:00,NA,34.07,10.07,18.97,28.94,NA,7.42,3.51,NA,NA,NA,NA,NA,NA,NA,NA,NA,NA,NA,NA,NA,NA,NA,NA
2021-10-08 09:00:00,NA,46.17,10.06,19.19,28.95,NA,7.52,4.43,NA,NA,NA,NA,NA,NA,NA,NA,NA,NA,NA,NA,NA,NA,NA,NA
2021-10-08 10:00:00,NA,43.13,9.96,18.94,29.42,NA,7.46,5.00,NA,NA,NA,NA,NA,NA,NA,NA,NA,NA,NA,NA,NA,NA,NA,NA
2021-10-08 11:00:00,NA,51.39,10.12,19.02,28.98,NA,7.36,4.80,NA,NA,NA,NA,NA,NA,NA,NA,NA,NA,NA,NA,NA,NA,NA,NA
2021-10-08 12:00:00,NA,47.79,10.04,19.18,29.05,NA,5.66,4.71,NA,NA,NA,NA,NA,NA,NA,NA,NA,NA,NA,NA,NA,NA,NA,NA
2021-10-08 13:00:00,NA,35.04,10.02,19.03,28.52,NA,6.00,4.71,NA,NA,NA,NA,NA,NA,NA,NA,NA,NA,NA,NA,NA,NA,NA,NA
2021-10-08 14:00:00,NA,28.04,9.97,19.24,28.72,NA,9.18,4.58,NA,NA,NA,NA,NA,NA,NA,NA,NA,NA,NA,NA,NA,NA,NA,NA
2021-10-08 15:00:00,NA,24.83,9.94,19.09,29.20,NA,9.16,4.24,NA,NA,NA,NA,NA,NA,NA,NA,NA,NA,NA,NA,NA,NA,NA,NA
2021-10-08 16:00:00,NA,23.07,10.13,18.70,28.89,NA,8.91,2.44,NA,NA,NA,NA,NA,NA,NA,NA,NA,NA,NA,NA,NA,NA,NA,NA
2021-10-08 17:00:00,NA,22.44,10.06,19.02,28.74,NA,9.01,3.01,NA,NA,NA,NA,NA,NA,NA,NA,NA,NA,NA,NA,NA,NA,NA,NA
2021-10-08 18:00:00,NA,22.19,10.05,19.02,29.17,NA,8.96,3.24,NA,NA,NA,NA,NA,NA,NA,NA,NA,NA,NA,NA,NA,NA,NA,NA
2021-10-08 19:00:00,NA,22.20,9.91,19.16,29.00,NA,5.87,3.28,NA,NA,NA,NA,NA,NA,NA,NA,NA,NA,NA,NA,NA,NA,NA,NA
2021-10-08 20:00:00,NA,22.30,9.98,18.84,29.28,NA,5.89,3.82,NA,NA,NA,NA,NA,NA,NA,NA,NA,NA,NA,NA,NA,NA,NA,NA
2021-10-08 21:00:00,NA,22.44,10.13,19.02,28.97,NA,5.90,4.57,NA,NA,NA,NA,NA,NA,NA,NA,NA,NA,NA,NA,NA,NA,NA,NA
2021-10-08 22:00:00,NA,22.45,9.96,18.89,29.04,NA,6.00,3.60,NA,NA,NA,NA,NA,NA,NA,NA,NA,NA,NA,NA,NA,NA,NA,NA
2021-10-08 23:00:00,NA,22.03,9.93,19.14,29.07,NA,5.96,3.06,NA,NA,NA,NA,NA,NA,NA,NA,NA,NA,NA,NA,NA,NA,NA,NA
2021-10-09 00:00:00,NA,21.55,9.98,18.68,28.71,NA,8.54,2.28,NA,NA,NA,NA,NA,NA,NA,NA,NA,NA,NA,NA,NA,NA,NA,NA
2021-10-09 01:00:00,NA,21.59,10.07,18.96,28.97,NA,8.65,1.74,NA,NA,NA,NA,NA,NA,NA,NA,NA,NA,NA,NA,NA,NA,NA,NA
2021-10-09 02:00:00,NA,20.82,10.02,18.92,29.04,NA,9.14,1.45,NA,NA,NA,NA,NA,NA,NA,NA,NA,NA,NA,NA,NA,NA,NA,NA
2021-10-09 03:00:00,NA,20.40,10.09,18.71,28.81,NA,9.28,1.54,NA,NA,NA,NA,NA,NA,NA,NA,NA,NA,NA,NA,NA,NA,NA,NA
2021-10-09 04:00:00,NA,20.20,10.10,19.30,29.16,NA,9.50,1.49,NA,NA,NA,NA,NA,NA,NA,NA,NA,NA,NA,NA,NA,NA,NA,NA
2021-10-09 05:00:00,NA,20.10,10.04,19.06,29.20,NA,9.90,1.54,NA,NA,NA,NA,NA,NA,NA,NA,NA,NA,NA,NA,NA,NA,NA,NA
2021-10-09 06:00:00,NA,20.04,9.96,19.06,28.90,NA,9.78,1.86,NA,NA,NA,NA,NA,NA,NA,NA,NA,NA,NA,NA,NA,NA,NA,NA
2021-10-09 07:00:00,NA,20.95,9.95,18.95,28.90,NA,9.85,2.10,NA,NA,NA,NA,NA,NA,NA,NA,NA,NA,NA,NA,NA,NA,NA,NA
2021-10-09 08:00:00,NA,21.28,9.97,19.08,29.16,NA,9.87,2.23,NA,NA,NA,NA,NA,NA,NA,NA,NA,NA,NA,NA,NA,NA,NA,NA
2021-10-09 09:00:00,NA,21.60,10.06,19.16,29.34,NA,9.80,2.01,NA,NA,NA,NA,NA,NA,NA,NA,NA,NA,NA,NA,NA,NA,NA,NA
2021-10-09 10:00:00,NA,21.83,9.94,19.14,29.22,NA,6.02,2.28,NA,NA,NA,NA,NA,NA,NA,NA,NA,NA,NA,NA,NA,NA,NA,NA
2021-10-09 11:00:00,NA,20.95,10.06,18.83,29.10,NA,5.76,2.23,NA,NA,NA,NA,NA,NA,NA,NA,NA,NA,NA,NA,NA,NA,NA,NA
2021-10-09 12:00:00,NA,20.48,10.00,19.18,29.20,NA,5.52,2.34,NA,NA,NA,NA,NA,NA,NA,NA,NA,NA,NA,NA,NA,NA,NA,NA
2021-10-09 13:00:00,NA,21.62,9.91,18.71,29.03,NA,5.40,2.23,NA,NA,NA,NA,NA,NA,NA,NA,NA,NA,NA,NA,NA,NA,NA,NA
2021-10-09 14:00:00,NA,21.58,10.01,19.00,28.71,NA,5.16,1.90,NA,NA,NA,NA,NA,NA,NA,NA,NA,NA,NA,NA,NA,NA,NA,NA
2021-10-09 15:00:00,NA,21.78,9.94,19.10,29.21,NA,7.63,1.89,NA,NA,NA,NA,NA,NA,NA,NA,NA,NA,NA,NA,NA,NA,NA,NA
2021-10-09 16:00:00,NA,21.58,9.99,19.11,29.10,NA,8.06,1.82,NA,NA,NA,NA,NA,NA,NA,NA,NA,NA,NA,NA,NA,NA,NA,NA
2021-10-09 17:00:00,NA,21.94,9.93,19.04,28.93,NA,8.01,1.58,NA,NA,NA,NA,NA,NA,NA,NA,NA,NA,NA,NA,NA,NA,NA,NA
2021-10-09 18:00:00,NA,22.20,9.92,19.03,29.26,NA,7.63,1.63,NA,NA,NA,NA,NA,NA,NA,NA,NA,NA,NA,NA,NA,NA,NA,NA
2021-10-09 19:00:00,NA,21.89,9.98,18.92,29.07,NA,7.90,1.49,NA,NA,NA,NA,NA,NA,NA,NA,NA,NA,NA,NA,NA,NA,NA,NA
2021-10-09 20:00:00,NA,21.52,9.90,18.92,29.28,NA,12.19,1.56,NA,NA,NA,NA,NA,NA,NA,NA,NA,NA,NA,NA,NA,NA,NA,NA
2021-10-09 21:00:00,NA,21.90,10.01,19.02,29.00,NA,12.22,2.06,NA,NA,NA,NA,NA,NA,NA,NA,NA,NA,NA,NA,NA,NA,NA,NA
2021-10-09 22:00:00,NA,22.15,10.07,19.06,28.88,NA,12.10,2.77,NA,NA,NA,NA,NA,NA,NA,NA,NA,NA,NA,NA,NA,NA,NA,NA
2021-10-09 23:00:00,NA,21.16,10.03,19.20,29.43,NA,12.18,2.58,NA,NA,NA,NA,NA,NA,NA,NA,NA,NA,NA,NA,NA,NA,NA,NA
2021-10-10 00:00:00,NA,20.56,10.05,19.04,29.11,NA,12.16,2.26,NA,NA,NA,NA,NA,NA,NA,NA,NA,NA,NA,NA,NA,NA,NA,NA
2021-10-10 01:00:00,NA,20.28,9.90,18.85,29.16,NA,7.62,1.77,NA,NA,NA,NA,NA,NA,NA,NA,NA,NA,NA,NA,NA,NA,NA,NA
2021-10-10 02:00:00,NA,20.14,10.01,19.12,29.30,NA,7.75,1.48,NA,NA,NA,NA,NA,NA,NA,NA,NA,NA,NA,NA,NA,NA,NA,NA
2021-10-10 03:00:00,NA,20.07,9.87,18.90,29.33,NA,7.70,1.27,NA,NA,NA,NA,NA,NA,NA,NA,NA,NA,NA,NA,NA,NA,NA,NA
2021-10-10 04:00:00,NA,20.98,10.04,19.08,28.89,NA,7.67,1.34,NA,NA,NA,NA,NA,NA,NA,NA,NA,NA,NA,NA,NA,NA,NA,NA
2021-10-10 05:00:00,NA,21.22,10.04,18.80,29.17,NA,7.67,1.25,NA,NA,NA,NA,NA,NA,NA,NA,NA,NA,NA,NA,NA,NA,NA,NA
2021-10-10 06:00:00,NA,20.64,9.98,18.87,28.66,NA,5.77,1.52,NA,NA,NA,NA,NA,NA,NA,NA,NA,NA,NA,NA,NA,NA,NA,NA
2021-10-10 07:00:00,NA,20.32,10.07,18.83,28.97,NA,5.47,1.57,NA,NA,NA,NA,NA,NA,NA,NA,NA,NA,NA,NA,NA,NA,NA,NA
2021-10-10 08:00:00,NA,20.16,9.93,18.90,29.13,NA,5.74,1.56,NA,NA,NA,NA,NA,NA,NA,NA,NA,NA,NA,NA,NA,NA,NA,NA
2021-10-10 09:00:00,NA,20.08,9.99,19.12,28.80,NA,5.32,1.48,NA,NA,NA,NA,NA,NA,NA,NA,NA,NA,NA,NA,NA,NA,NA,NA
2021-10-10 10:00:00,NA,20.04,10.06,19.06,28.82,NA,5.35,1.39,NA,NA,NA,NA,NA,NA,NA,NA,NA,NA,NA,NA,NA,NA,NA,NA
2021-10-10 11:00:00,NA,20.02,9.96,19.04,29.19,NA,11.36,1.38,NA,NA,NA,NA,NA,NA,NA,NA,NA,NA,NA,NA,NA,NA,NA,NA
2021-10-10 12:00:00,NA,20.76,9.89,19.05,28.88,NA,11.25,1.36,NA,NA,NA,NA,NA,NA,NA,NA,NA,NA,NA,NA,NA,NA,NA,NA
2021-10-10 13:00:00,NA,21.21,10.00,19.01,29.14,NA,11.23,1.14,NA,NA,NA,NA,NA,NA,NA,NA,NA,NA,NA,NA,NA,NA,NA,NA
2021-10-10 14:00:00,NA,21.74,10.04,19.08,29.00,NA,11.20,1.34,NA,NA,NA,NA,NA,NA,NA,NA,NA,NA,NA,NA,NA,NA,NA,NA
2021-10-10 15:00:00,NA,21.88,10.05,19.02,29.26,NA,11.42,1.91,NA,NA,NA,NA,NA,NA,NA,NA,NA,NA,NA,NA,NA,NA,NA,NA
2021-10-10 16:00:00,NA,22.02,9.97,19.05,29.04,NA,9.20,2.57,NA,NA,NA,NA,NA,NA,NA,NA,NA,NA,NA,NA,NA,NA,NA,NA
2021-10-10 17:00:00,NA,22.16,9.98,18.87,28.94,NA,9.28,3.16,NA,NA,NA,NA,NA,NA,NA,NA,NA,NA,NA,NA,NA,NA,NA,NA
2021-10-10 18:00:00,NA,22.33,9.93,19.30,28.81,NA,8.84,2.55,NA,NA,NA,NA,NA,NA,NA,NA,NA,NA,NA,NA,NA,NA,NA,NA
2021-10-10 19:00:00,NA,22.08,9.89,19.10,28.96,NA,8.65,2.60,NA,NA,NA,NA,NA,NA,NA,NA,NA,NA,NA,NA,NA,NA,NA,NA
2021-10-10 20:00:00,NA,21.72,10.06,19.01,28.85,NA,8.66,2.78,NA,NA,NA,NA,NA,NA,NA,NA,NA,NA,NA,NA,NA,NA,NA,NA
2021-10-10 21:00:00,NA,21.41,9.95,18.94,28.92,NA,9.86,2.99,NA,NA,NA,NA,NA,NA,NA,NA,NA,NA,NA,NA,NA,NA,NA,NA
2021-10-10 22:00:00,NA,21.32,9.96,19.16,28.97,NA,9.65,3.01,NA,NA,NA,NA,NA,NA,NA,NA,NA,NA,NA,NA,NA,NA,NA,NA
2021-10-10 23:00:00,NA,21.50,9.93,19.08,29.02,NA,10.14,2.89,NA,NA,NA,NA,NA,NA,NA,NA,NA,NA,NA,NA,NA,NA,NA,NA
2021-10-11 00:00:00,NA,21.52,10.03,19.06,28.78,NA,10.05,2.58,NA,NA,NA,NA,NA,NA,NA,NA,NA,NA,NA,NA,NA,NA,NA,NA
2021-10-11 01:00:00,NA,21.99,10.09,18.98,29.30,NA,10.01,2.09,NA,NA,NA,NA,NA,NA,NA,NA,NA,NA,NA,NA,NA,NA,NA,NA
2021-10-11 02:00:00,NA,22.34,10.08,19.04,28.87,NA,7.48,1.88,NA,NA,NA,NA,NA,NA,NA,NA,NA,NA,NA,NA,NA,NA,NA,NA
2021-10-11 03:00:00,NA,21.22,10.00,18.95,28.92,NA,7.75,1.78,NA,NA,NA,NA,NA,NA,NA,NA,NA,NA,NA,NA,NA,NA,NA,NA
2021-10-11 04:00:00,NA,20.61,10.06,18.97,28.99,NA,8.24,1.76,NA,NA,NA,NA,NA,NA,NA,NA,NA,NA,NA,NA,NA,NA,NA,NA
2021-10-11 05:00:00,NA,20.30,10.11,18.97,29.20,NA,8.33,1.89,NA,NA,NA,NA,NA,NA,NA,NA,NA,NA,NA,NA,NA,NA,NA,NA
2021-10-11 06:00:00,NA,20.15,9.98,19.18,28.85,NA,8.39,2.02,NA,NA,NA,NA,NA,NA,NA,NA,NA,NA,NA,NA,NA,NA,NA,NA
2021-10-11 07:00:00,NA,20.07,10.00,19.09,29.06,NA,8.56,2.27,NA,NA,NA,NA,NA,NA,NA,NA,NA,NA,NA,NA,NA,NA,NA,NA
2021-10-11 08:00:00,NA,20.03,9.96,19.08,29.18,NA,8.21,2.37,NA,NA,NA,NA,NA,NA,NA,NA,NA,NA,NA,NA,NA,NA,NA,NA
2021-10-11 09:00:00,NA,21.01,10.01,19.01,29.36,NA,8.12,2.26,NA,NA,NA,NA,NA,NA,NA,NA,NA,NA,NA,NA,NA,NA,NA,NA
2021-10-11 10:00:00,NA,21.44,9.91,19.05,28.88,NA,6.74,2.53,NA,NA,NA,NA,NA,NA,NA,NA,NA,NA,NA,NA,NA,NA,NA,NA
2021-10-11 11:00:00,NA,20.76,10.10,19.15,29.12,NA,7.19,2.39,NA,NA,NA,NA,NA,NA,NA,NA,NA,NA,NA,NA,NA,NA,NA,NA
2021-10-11 12:00:00,NA,20.38,9.94,18.86,28.92,NA,7.95,2.16,NA,NA,NA,NA,NA,NA,NA,NA,NA,NA,NA,NA,NA,NA,NA,NA
2021-10-11 13:00:00,NA,21.40,9.90,19.05,29.09,NA,8.93,2.21,NA,NA,NA,NA,NA,NA,NA,NA,NA,NA,NA,NA,NA,NA,NA,NA
2021-10-11 14:00:00,NA,21.99,10.02,18.91,29.26,NA,8.93,2.19,NA,NA,NA,NA,NA,NA,NA,NA,NA,NA,NA,NA,NA,NA,NA,NA
2021-10-11 15:00:00,NA,22.12,10.17,18.96,28.88,NA,8.31,2.80,NA,NA,NA,NA,NA,NA,NA,NA,NA,NA,NA,NA,NA,NA,NA,NA
2021-10-11 16:00:00,NA,22.41,10.00,18.94,28.98,NA,8.53,2.30,NA,NA,NA,NA,NA,NA,NA,NA,NA,NA,NA,NA,NA,NA,NA,NA
2021-10-11 17:00:00,NA,22.58,10.02,18.98,29.22,NA,9.91,2.31,NA,NA,NA,NA,NA,NA,NA,NA,NA,NA,NA,NA,NA,NA,NA,NA
2021-10-11 18:00:00,NA,21.89,9.94,18.94,28.66,NA,10.02,2.70,NA,NA,NA,NA,NA,NA,NA,NA,NA,NA,NA,NA,NA,NA,NA,NA
2021-10-11 19:00:00,NA,21.47,10.13,19.07,29.11,NA,10.18,3.36,NA,NA,NA,NA,NA,NA,NA,NA,NA,NA,NA,NA,NA,NA,NA,NA
2021-10-11 20:00:00,NA,21.63,10.03,18.85,28.71,NA,10.60,3.19,NA,NA,NA,NA,NA,NA,NA,NA,NA,NA,NA,NA,NA,NA,NA,NA
2021-10-11 21:00:00,NA,NA,NA,NA,NA,NA,NA,NA,NA,NA,NA,NA,NA,NA,NA,NA,NA,NA,NA,NA,NA,NA,NA,NA
2021-10-11 22:00:00,NA,NA,NA,NA,NA,NA,NA,NA,NA,NA,NA,NA,NA,NA,NA,NA,NA,NA,NA,NA,NA,NA,NA,NA
2021-10-11 23:00:00,NA,NA,NA,NA,NA,NA,NA,NA,NA,NA,NA,NA,NA,NA,NA,NA,NA,NA,NA,NA,NA,NA,NA,NA
2021-10-12 00:00:00,NA,NA,NA,NA,NA,NA,NA,NA,NA,NA,NA,NA,NA,NA,NA,NA,NA,NA,NA,NA,NA,NA,NA,NA
2021-10-12 01:00:00,NA,NA,NA,NA,NA,NA,NA,NA,NA,NA,NA,NA,NA,NA,NA,NA,NA,NA,NA,NA,NA,NA,NA,NA
2021-10-12 02:00:00,NA,NA,NA,NA,NA,NA,NA,NA,NA,NA,NA,NA,NA,NA,NA,NA,NA,NA,NA,NA,NA,NA,NA,NA
2021-10-12 03:00:00,NA,NA,NA,NA,NA,NA,NA,NA,NA,NA,NA,NA,NA,NA,NA,NA,NA,NA,NA,NA,NA,NA,NA,NA
2021-10-12 04:00:00,NA,NA,NA,NA,NA,NA,NA,NA,NA,NA,NA,NA,NA,NA,NA,NA,NA,NA,NA,NA,NA,NA,NA,NA
2021-10-12 05:00:00,NA,NA,NA,NA,NA,NA,NA,NA,NA,NA,NA,NA,NA,NA,NA,NA,NA,NA,NA,NA,NA,NA,NA,NA
2021-10-12 06:00:00,NA,NA,NA,NA,NA,NA,NA,NA,NA,NA,NA,NA,NA,NA,NA,NA,NA,NA,NA,NA,NA,NA,NA,NA
2021-10-12 07:00:00,NA,NA,NA,NA,NA,NA,NA,NA,NA,NA,NA,NA,NA,NA,NA,NA,NA,NA,NA,NA,NA,NA,NA,NA
2021-10-12 08:00:00,NA,NA,NA,NA,NA,NA,NA,NA,NA,NA,NA,NA,NA,NA,NA,NA,NA,NA,NA,NA,NA,NA,NA,NA
2021-10-12 09:00:00,NA,20.00,9.93,NA,28.70,NA,11.66,1.49,NA,NA,NA,NA,NA,NA,NA,NA,NA,NA,NA,NA,NA,NA,NA,NA
2021-10-12 10:00:00,NA,20.00,9.96,19.16,29.16,NA,10.65,1.70,NA,NA,NA,NA,NA,NA,NA,NA,NA,NA,NA,NA,NA,NA,NA,NA
2021-10-12 11:00:00,NA,NA,NA,NA,NA,NA,NA,NA,NA,NA,NA,NA,NA,NA,NA,NA,NA,NA,NA,NA,NA,NA,NA,NA
2021-10-12 12:00:00,NA,NA,NA,NA,NA,NA,NA,NA,NA,NA,NA,NA,NA,NA,NA,NA,NA,NA,NA,NA,NA,NA,NA,NA
2021-10-12 13:00:00,NA,NA,NA,NA,NA,NA,NA,NA,NA,NA,NA,NA,NA,NA,NA,NA,NA,NA,NA,NA,NA,NA,NA,NA
2021-10-12 14:00:00,NA,NA,NA,NA,NA,NA,NA,NA,NA,NA,NA,NA,NA,NA,NA,NA,NA,NA,NA,NA,NA,NA,NA,NA
2021-10-12 15:00:00,NA,NA,NA,NA,NA,NA,NA,NA,NA,NA,NA,NA,NA,NA,NA,NA,NA,NA,NA,NA,NA,NA,NA,NA
2021-10-12 16:00:00,NA,NA,NA,NA,NA,NA,NA,NA,NA,NA,NA,NA,NA,NA,NA,NA,NA,NA,NA,NA,NA,NA,NA,NA
2021-10-12 17:00:00,NA,NA,NA,NA,NA,NA,NA,NA,NA,NA,NA,NA,NA,NA,NA,NA,NA,NA,NA,NA,NA,NA,NA,NA
2021-10-12 18:00:00,NA,NA,NA,NA,NA,NA,NA,NA,NA,NA,NA,NA,NA,NA,NA,NA,NA,NA,NA,NA,NA,NA,NA,NA
2021-10-12 19:00:00,NA,NA,NA,NA,NA,NA,NA,NA,NA,NA,NA,NA,NA,NA,NA,NA,NA,NA,NA,NA,NA,NA,NA,NA
2021-10-12 20:00:00,NA,20.10,10.08,18.96,29.45,NA,8.77,2.84,NA,NA,NA,NA,NA,NA,NA,NA,NA,NA,NA,NA,NA,NA,NA,NA
2021-10-12 21:00:00,NA,20.05,10.07,19.00,29.02,NA,8.98,2.97,NA,NA,NA,NA,NA,NA,NA,NA,NA,NA,NA,NA,NA,NA,NA,NA
2021-10-12 22:00:00,NA,20.61,9.96,19.01,28.86,NA,8.71,2.78,NA,NA,NA,NA,NA,NA,NA,NA,NA,NA,NA,NA,NA,NA,NA,NA
2021-10-12 23:00:00,NA,21.13,9.88,18.76,29.20,NA,9.16,2.38,NA,NA,NA,NA,NA,NA,NA,NA,NA,NA,NA,NA,NA,NA,NA,NA
2021-10-13 00:00:00,NA,21.68,10.08,18.84,29.02,NA,4.92,1.96,NA,NA,NA,NA,NA,NA,NA,NA,NA,NA,NA,NA,NA,NA,NA,NA
2021-10-13 01:00:00,NA,20.90,9.98,18.95,28.86,NA,5.07,1.50,NA,NA,NA,NA,NA,NA,NA,NA,NA,NA,NA,NA,NA,NA,NA,NA
2021-10-13 02:00:00,NA,20.45,10.04,19.02,29.02,NA,5.13,1.29,NA,NA,NA,NA,NA,NA,NA,NA,NA,NA,NA,NA,NA,NA,NA,NA
2021-10-13 03:00:00,NA,20.23,10.05,18.92,29.20,NA,5.04,1.18,NA,NA,NA,NA,NA,NA,NA,NA,NA,NA,NA,NA,NA,NA,NA,NA
2021-10-13 04:00:00,NA,20.11,10.07,18.95,29.11,NA,5.30,1.20,NA,NA,NA,NA,NA,NA,NA,NA,NA,NA,NA,NA,NA,NA,NA,NA
2021-10-13 05:00:00,NA,20.05,9.90,19.14,28.80,NA,11.15,1.20,NA,NA,NA,NA,NA,NA,NA,NA,NA,NA,NA,NA,NA,NA,NA,NA
2021-10-13 06:00:00,NA,20.03,10.03,19.29,29.26,NA,11.34,1.40,NA,NA,NA,NA,NA,NA,NA,NA,NA,NA,NA,NA,NA,NA,NA,NA
2021-10-13 07:00:00,NA,20.58,9.87,18.90,29.04,NA,11.34,1.59,NA,NA,NA,NA,NA,NA,NA,NA,NA,NA,NA,NA,NA,NA,NA,NA
2021-10-13 08:00:00,NA,20.31,9.91,18.90,28.77,NA,11.40,1.58,NA,NA,NA,NA,NA,NA,NA,NA,NA,NA,NA,NA,NA,NA,NA,NA
2021-10-13 09:00:00,NA,20.01,10.01,18.93,28.88,NA,11.40,1.43,NA,NA,NA,NA,NA,NA,NA,NA,NA,NA,NA,NA,NA,NA,NA,NA
2021-10-13 10:00:00,NA,20.00,9.98,18.98,28.92,NA,6.28,1.56,NA,NA,NA,NA,NA,NA,NA,NA,NA,NA,NA,NA,NA,NA,NA,NA
2021-10-13 11:00:00,NA,20.00,10.07,19.03,28.60,NA,6.51,2.30,NA,NA,NA,NA,NA,NA,NA,NA,NA,NA,NA,NA,NA,NA,NA,NA
2021-10-13 12:00:00,NA,20.00,10.01,18.98,29.06,NA,6.31,2.62,NA,NA,NA,NA,NA,NA,NA,NA,NA,NA,NA,NA,NA,NA,NA,NA
2021-10-13 13:00:00,NA,23.12,9.97,19.06,28.81,NA,5.94,2.32,NA,NA,NA,NA,NA,NA,NA,NA,NA,NA,NA,NA,NA,NA,NA,NA
2021-10-13 14:00:00,NA,22.40,10.02,19.14,28.96,NA,5.86,1.72,NA,NA,NA,NA,NA,NA,NA,NA,NA,NA,NA,NA,NA,NA,NA,NA
2021-10-13 15:00:00,NA,22.11,10.04,19.01,29.15,NA,6.88,1.28,NA,NA,NA,NA,NA,NA,NA,NA,NA,NA,NA,NA,NA,NA,NA,NA
2021-10-13 16:00:00,NA,21.59,9.94,19.14,29.42,NA,6.94,1.03,NA,NA,NA,NA,NA,NA,NA,NA,NA,NA,NA,NA,NA,NA,NA,NA
2021-10-13 17:00:00,NA,22.02,9.96,19.08,29.02,NA,6.65,2.35,NA,NA,NA,NA,NA,NA,NA,NA,NA,NA,NA,NA,NA,NA,NA,NA
2021-10-13 18:00:00,NA,22.06,10.07,19.12,29.00,NA,6.73,2.66,NA,NA,NA,NA,NA,NA,NA,NA,NA,NA,NA,NA,NA,NA,NA,NA
2021-10-13 19:00:00,NA,21.57,10.00,18.99,28.61,NA,7.40,3.01,NA,NA,NA,NA,NA,NA,NA,NA,NA,NA,NA,NA,NA,NA,NA,NA
2021-10-13 20:00:00,NA,22.07,10.07,18.91,28.93,NA,8.98,3.58,NA,NA,NA,NA,NA,NA,NA,NA,NA,NA,NA,NA,NA,NA,NA,NA
2021-10-13 21:00:00,NA,22.15,10.05,19.08,29.29,NA,9.31,4.70,NA,NA,NA,NA,NA,NA,NA,NA,NA,NA,NA,NA,NA,NA,NA,NA
2021-10-13 22:00:00,NA,22.24,9.89,19.03,28.79,NA,9.30,4.50,NA,NA,NA,NA,NA,NA,NA,NA,NA,NA,NA,NA,NA,NA,NA,NA
2021-10-13 23:00:00,NA,21.68,10.03,18.90,28.66,NA,9.24,3.49,NA,NA,NA,NA,NA,NA,NA,NA,NA,NA,NA,NA,NA,NA,NA,NA
2021-10-14 00:00:00,NA,21.92,9.96,18.94,28.98,NA,8.98,2.36,NA,NA,NA,NA,NA,NA,NA,NA,NA,NA,NA,NA,NA,NA,NA,NA
2021-10-14 01:00:00,NA,21.70,10.04,18.98,28.88,NA,10.49,2.17,NA,NA,NA,NA,NA,NA,NA,NA,NA,NA,NA,NA,NA,NA,NA,NA
2021-10-14 02:00:00,NA,20.87,9.94,19.06,28.95,NA,11.07,1.51,NA,NA,NA,NA,NA,NA,NA,NA,NA,NA,NA,NA,NA,NA,NA,NA
2021-10-14 03:00:00,NA,20.44,9.96,19.04,28.88,NA,11.28,1.22,NA,NA,NA,NA,NA,NA,NA,NA,NA,NA,NA,NA,NA,NA,NA,NA
2021-10-14 04:00:00,NA,20.22,9.88,18.96,29.02,NA,11.12,1.08,NA,NA,NA,NA,NA,NA,NA,NA,NA,NA,NA,NA,NA,NA,NA,NA
2021-10-14 05:00:00,NA,20.10,10.04,19.03,28.88,NA,11.02,1.53,NA,NA,NA,NA,NA,NA,NA,NA,NA,NA,NA,NA,NA,NA,NA,NA
2021-10-14 06:00:00,NA,20.05,9.93,19.05,29.37,NA,12.02,1.71,NA,NA,NA,NA,NA,NA,NA,NA,NA,NA,NA,NA,NA,NA,NA,NA
2021-10-14 07:00:00,NA,20.02,10.02,18.81,28.82,NA,12.54,2.05,NA,NA,NA,NA,NA,NA,NA,NA,NA,NA,NA,NA,NA,NA,NA,NA
2021-10-14 08:00:00,NA,20.76,10.10,18.94,29.30,NA,12.88,1.98,NA,NA,NA,NA,NA,NA,NA,NA,NA,NA,NA,NA,NA,NA,NA,NA
2021-10-14 09:00:00,NA,21.05,9.92,19.14,29.03,NA,12.79,1.80,NA,NA,NA,NA,NA,NA,NA,NA,NA,NA,NA,NA,NA,NA,NA,NA
2021-10-14 10:00:00,NA,21.15,10.15,18.98,29.07,NA,13.04,1.65,NA,NA,NA,NA,NA,NA,NA,NA,NA,NA,NA,NA,NA,NA,NA,NA
2021-10-14 11:00:00,NA,20.60,9.96,18.97,28.96,NA,8.32,1.33,NA,NA,NA,NA,NA,NA,NA,NA,NA,NA,NA,NA,NA,NA,NA,NA
2021-10-14 12:00:00,NA,20.30,10.07,19.24,29.18,NA,8.76,1.21,NA,NA,NA,NA,NA,NA,NA,NA,NA,NA,NA,NA,NA,NA,NA,NA
2021-10-14 13:00:00,NA,23.27,9.90,18.86,29.22,NA,9.27,2.07,NA,NA,NA,NA,NA,NA,NA,NA,NA,NA,NA,NA,NA,NA,NA,NA
2021-10-14 14:00:00,NA,22.37,10.05,19.18,28.84,NA,10.30,2.46,NA,NA,NA,NA,NA,NA,NA,NA,NA,NA,NA,NA,NA,NA,NA,NA
2021-10-14 15:00:00,NA,21.98,9.91,19.02,29.25,NA,11.52,2.24,NA,NA,NA,NA,NA,NA,NA,NA,NA,NA,NA,NA,NA,NA,NA,NA
2021-10-14 16:00:00,NA,22.23,9.91,18.98,29.22,NA,8.88,1.88,NA,NA,NA,NA,NA,NA,NA,NA,NA,NA,NA,NA,NA,NA,NA,NA
2021-10-14 17:00:00,NA,22.43,9.95,19.00,29.02,NA,9.52,1.92,NA,NA,NA,NA,NA,NA,NA,NA,NA,NA,NA,NA,NA,NA,NA,NA
2021-10-14 18:00:00,NA,22.49,9.96,18.88,29.09,NA,9.79,1.88,NA,NA,NA,NA,NA,NA,NA,NA,NA,NA,NA,NA,NA,NA,NA,NA
2021-10-14 19:00:00,NA,22.12,9.96,19.21,28.97,NA,9.25,2.06,NA,NA,NA,NA,NA,NA,NA,NA,NA,NA,NA,NA,NA,NA,NA,NA
2021-10-14 20:00:00,NA,22.37,10.00,18.99,29.05,NA,9.13,2.59,NA,NA,NA,NA,NA,NA,NA,NA,NA,NA,NA,NA,NA,NA,NA,NA
2021-10-14 21:00:00,NA,22.35,10.02,19.00,28.97,NA,5.39,3.00,NA,NA,NA,NA,NA,NA,NA,NA,NA,NA,NA,NA,NA,NA,NA,NA
2021-10-14 22:00:00,NA,21.76,9.96,18.92,29.09,NA,4.38,3.40,NA,NA,NA,NA,NA,NA,NA,NA,NA,NA,NA,NA,NA,NA,NA,NA
2021-10-14 23:00:00,NA,22.10,10.00,18.95,29.17,NA,4.19,3.75,NA,NA,NA,NA,NA,NA,NA,NA,NA,NA,NA,NA,NA,NA,NA,NA
2021-10-15 00:00:00,NA,21.83,10.04,19.04,29.08,NA,4.14,3.54,NA,NA,NA,NA,NA,NA,NA,NA,NA,NA,NA,NA,NA,NA,NA,NA
2021-10-15 01:00:00,NA,21.45,10.06,18.93,29.24,NA,4.07,3.42,NA,NA,NA,NA,NA,NA,NA,NA,NA,NA,NA,NA,NA,NA,NA,NA
2021-10-15 02:00:00,NA,21.67,10.02,19.14,29.14,NA,10.10,2.70,NA,NA,NA,NA,NA,NA,NA,NA,NA,NA,NA,NA,NA,NA,NA,NA
2021-10-15 03:00:00,NA,20.87,10.02,18.88,28.90,NA,9.26,2.20,NA,NA,NA,NA,NA,NA,NA,NA,NA,NA,NA,NA,NA,NA,NA,NA
2021-10-15 04:00:00,NA,20.44,9.99,18.89,28.92,NA,9.73,1.89,NA,NA,NA,NA,NA,NA,NA,NA,NA,NA,NA,NA,NA,NA,NA,NA
2021-10-15 05:00:00,NA,20.22,10.05,18.96,29.24,NA,10.17,1.98,NA,NA,NA,NA,NA,NA,NA,NA,NA,NA,NA,NA,NA,NA,NA,NA
2021-10-15 06:00:00,NA,20.11,10.03,19.01,29.25,NA,9.09,2.32,NA,NA,NA,NA,NA,NA,NA,NA,NA,NA,NA,NA,NA,NA,NA,NA
2021-10-15 07:00:00,NA,20.06,10.09,18.95,29.17,NA,7.81,2.66,NA,NA,NA,NA,NA,NA,NA,NA,NA,NA,NA,NA,NA,NA,NA,NA
2021-10-15 08:00:00,NA,20.42,9.97,18.84,28.80,NA,7.10,3.00,NA,NA,NA,NA,NA,NA,NA,NA,NA,NA,NA,NA,NA,NA,NA,NA
2021-10-15 09:00:00,NA,21.48,10.08,18.84,28.90,NA,7.54,2.88,NA,NA,NA,NA,NA,NA,NA,NA,NA,NA,NA,NA,NA,NA,NA,NA
2021-10-15 10:00:00,NA,21.85,9.94,19.05,28.98,NA,8.27,2.74,NA,NA,NA,NA,NA,NA,NA,NA,NA,NA,NA,NA,NA,NA,NA,NA
2021-10-15 11:00:00,NA,22.22,10.00,18.93,28.97,NA,9.72,2.64,NA,NA,NA,NA,NA,NA,NA,NA,NA,NA,NA,NA,NA,NA,NA,NA
2021-10-15 12:00:00,NA,21.15,10.03,18.94,28.98,NA,10.53,2.31,NA,NA,NA,NA,NA,NA,NA,NA,NA,NA,NA,NA,NA,NA,NA,NA
2021-10-15 13:00:00,NA,22.92,10.10,19.08,28.88,NA,11.91,2.23,NA,NA,NA,NA,NA,NA,NA,NA,NA,NA,NA,NA,NA,NA,NA,NA
2021-10-15 14:00:00,NA,22.65,10.04,19.13,29.18,NA,11.75,2.16,NA,NA,NA,NA,NA,NA,NA,NA,NA,NA,NA,NA,NA,NA,NA,NA
2021-10-15 15:00:00,NA,22.67,9.99,18.84,29.12,NA,10.53,1.95,NA,NA,NA,NA,NA,NA,NA,NA,NA,NA,NA,NA,NA,NA,NA,NA
2021-10-15 16:00:00,NA,22.69,10.06,18.93,28.99,NA,9.84,1.87,NA,NA,NA,NA,NA,NA,NA,NA,NA,NA,NA,NA,NA,NA,NA,NA
2021-10-15 17:00:00,NA,22.60,9.98,19.14,29.10,NA,4.16,2.15,NA,NA,NA,NA,NA,NA,NA,NA,NA,NA,NA,NA,NA,NA,NA,NA
2021-10-15 18:00:00,NA,22.60,9.91,18.94,28.94,NA,4.11,2.37,NA,NA,NA,NA,NA,NA,NA,NA,NA,NA,NA,NA,NA,NA,NA,NA
2021-10-15 19:00:00,NA,22.33,10.01,19.13,28.81,NA,4.00,2.77,NA,NA,NA,NA,NA,NA,NA,NA,NA,NA,NA,NA,NA,NA,NA,NA
2021-10-15 20:00:00,NA,22.31,10.06,19.13,28.84,NA,4.01,3.55,NA,NA,NA,NA,NA,NA,NA,NA,NA,NA,NA,NA,NA,NA,NA,NA
2021-10-15 21:00:00,NA,22.27,9.97,18.92,29.16,NA,4.00,3.84,NA,NA,NA,NA,NA,NA,NA,NA,NA,NA,NA,NA,NA,NA,NA,NA
2021-10-15 22:00:00,NA,21.88,9.96,18.89,29.11,NA,7.42,4.02,NA,NA,NA,NA,NA,NA,NA,NA,NA,NA,NA,NA,NA,NA,NA,NA
2021-10-15 23:00:00,NA,21.94,10.16,18.94,29.20,NA,8.34,3.96,NA,NA,NA,NA,NA,NA,NA,NA,NA,NA,NA,NA,NA,NA,NA,NA
2021-10-16 00:00:00,NA,21.00,9.94,18.98,29.32,NA,9.48,3.60,NA,NA,NA,NA,NA,NA,NA,NA,NA,NA,NA,NA,NA,NA,NA,NA
2021-10-16 01:00:00,NA,20.51,9.93,18.99,28.90,NA,10.92,3.20,NA,NA,NA,NA,NA,NA,NA,NA,NA,NA,NA,NA,NA,NA,NA,NA
2021-10-16 02:00:00,NA,20.26,10.04,18.89,28.92,NA,12.34,2.96,NA,NA,NA,NA,NA,NA,NA,NA,NA,NA,NA,NA,NA,NA,NA,NA
2021-10-16 03:00:00,NA,20.13,10.04,18.74,29.06,NA,4.07,2.81,NA,NA,NA,NA,NA,NA,NA,NA,NA,NA,NA,NA,NA,NA,NA,NA
2021-10-16 04:00:00,NA,20.07,10.02,19.23,28.87,NA,4.01,2.62,NA,NA,NA,NA,NA,NA,NA,NA,NA,NA,NA,NA,NA,NA,NA,NA
2021-10-16 05:00:00,NA,20.03,9.96,18.79,28.76,NA,4.00,2.58,NA,NA,NA,NA,NA,NA,NA,NA,NA,NA,NA,NA,NA,NA,NA,NA
2021-10-16 06:00:00,NA,20.01,10.08,19.00,29.14,NA,4.00,2.80,NA,NA,NA,NA,NA,NA,NA,NA,NA,NA,NA,NA,NA,NA,NA,NA
2021-10-16 07:00:00,NA,20.60,10.08,18.90,28.96,NA,4.00,3.30,NA,NA,NA,NA,NA,NA,NA,NA,NA,NA,NA,NA,NA,NA,NA,NA
2021-10-16 08:00:00,NA,21.56,9.94,18.99,28.77,NA,4.98,3.40,NA,NA,NA,NA,NA,NA,NA,NA,NA,NA,NA,NA,NA,NA,NA,NA
2021-10-16 09:00:00,NA,22.03,10.02,19.09,28.83,NA,5.44,3.19,NA,NA,NA,NA,NA,NA,NA,NA,NA,NA,NA,NA,NA,NA,NA,NA
2021-10-16 10:00:00,NA,22.38,9.92,18.98,29.11,NA,5.26,3.15,NA,NA,NA,NA,NA,NA,NA,NA,NA,NA,NA,NA,NA,NA,NA,NA
2021-10-16 11:00:00,NA,21.93,9.88,19.17,28.97,NA,5.14,3.09,NA,NA,NA,NA,NA,NA,NA,NA,NA,NA,NA,NA,NA,NA,NA,NA
2021-10-16 12:00:00,NA,21.54,10.01,18.95,29.53,NA,5.16,2.80,NA,NA,NA,NA,NA,NA,NA,NA,NA,NA,NA,NA,NA,NA,NA,NA
2021-10-16 13:00:00,NA,27.36,9.94,18.88,29.38,NA,12.53,2.76,NA,NA,NA,NA,NA,NA,NA,NA,NA,NA,NA,NA,NA,NA,NA,NA
2021-10-16 14:00:00,NA,25.18,9.98,19.06,28.86,NA,12.45,2.58,NA,NA,NA,NA,NA,NA,NA,NA,NA,NA,NA,NA,NA,NA,NA,NA
2021-10-16 15:00:00,NA,23.89,10.00,19.09,29.19,NA,12.64,2.51,NA,NA,NA,NA,NA,NA,NA,NA,NA,NA,NA,NA,NA,NA,NA,NA
2021-10-16 16:00:00,NA,23.09,10.00,19.05,28.94,NA,12.38,2.36,NA,NA,NA,NA,NA,NA,NA,NA,NA,NA,NA,NA,NA,NA,NA,NA
2021-10-16 17:00:00,NA,22.44,10.12,19.01,28.80,NA,12.98,2.35,NA,NA,NA,NA,NA,NA,NA,NA,NA,NA,NA,NA,NA,NA,NA,NA
2021-10-16 18:00:00,NA,22.07,10.01,19.00,28.84,NA,5.01,2.51,NA,NA,NA,NA,NA,NA,NA,NA,NA,NA,NA,NA,NA,NA,NA,NA
2021-10-16 19:00:00,NA,22.26,9.99,18.92,29.14,NA,4.71,2.76,NA,NA,NA,NA,NA,NA,NA,NA,NA,NA,NA,NA,NA,NA,NA,NA
2021-10-16 20:00:00,NA,22.04,9.91,19.25,28.90,NA,4.58,2.94,NA,NA,NA,NA,NA,NA,NA,NA,NA,NA,NA,NA,NA,NA,NA,NA
2021-10-16 21:00:00,NA,21.72,9.97,18.93,29.06,NA,4.60,2.94,NA,NA,NA,NA,NA,NA,NA,NA,NA,NA,NA,NA,NA,NA,NA,NA
2021-10-16 22:00:00,NA,21.88,10.13,18.89,29.14,NA,4.22,3.05,NA,NA,NA,NA,NA,NA,NA,NA,NA,NA,NA,NA,NA,NA,NA,NA
2021-10-16 23:00:00,NA,21.77,10.07,18.83,28.88,NA,9.87,2.82,NA,NA,NA,NA,NA,NA,NA,NA,NA,NA,NA,NA,NA,NA,NA,NA
2021-10-17 00:00:00,NA,21.42,9.92,19.04,28.88,NA,9.32,2.64,NA,NA,NA,NA,NA,NA,NA,NA,NA,NA,NA,NA,NA,NA,NA,NA
2021-10-17 01:00:00,NA,21.57,9.98,18.89,28.96,NA,9.96,2.59,NA,NA,NA,NA,NA,NA,NA,NA,NA,NA,NA,NA,NA,NA,NA,NA
2021-10-17 02:00:00,NA,21.42,10.11,19.04,28.94,NA,9.10,2.45,NA,NA,NA,NA,NA,NA,NA,NA,NA,NA,NA,NA,NA,NA,NA,NA
2021-10-17 03:00:00,NA,21.41,9.94,18.89,28.93,NA,9.00,2.24,NA,NA,NA,NA,NA,NA,NA,NA,NA,NA,NA,NA,NA,NA,NA,NA
2021-10-17 04:00:00,NA,21.50,10.06,19.11,29.18,NA,8.45,2.12,NA,NA,NA,NA,NA,NA,NA,NA,NA,NA,NA,NA,NA,NA,NA,NA
2021-10-17 05:00:00,NA,21.60,9.93,19.14,29.24,NA,5.11,2.45,NA,NA,NA,NA,NA,NA,NA,NA,NA,NA,NA,NA,NA,NA,NA,NA
2021-10-17 06:00:00,NA,20.83,9.88,19.14,29.34,NA,4.86,2.82,NA,NA,NA,NA,NA,NA,NA,NA,NA,NA,NA,NA,NA,NA,NA,NA
2021-10-17 07:00:00,NA,20.42,9.93,18.98,28.82,NA,5.14,3.00,NA,NA,NA,NA,NA,NA,NA,NA,NA,NA,NA,NA,NA,NA,NA,NA
2021-10-17 08:00:00,NA,20.21,10.02,18.89,28.84,NA,5.61,3.45,NA,NA,NA,NA,NA,NA,NA,NA,NA,NA,NA,NA,NA,NA,NA,NA
2021-10-17 09:00:00,NA,20.30,10.08,19.10,29.24,NA,7.49,3.64,NA,NA,NA,NA,NA,NA,NA,NA,NA,NA,NA,NA,NA,NA,NA,NA
2021-10-17 10:00:00,NA,20.68,9.91,19.12,28.77,NA,6.60,3.40,NA,NA,NA,NA,NA,NA,NA,NA,NA,NA,NA,NA,NA,NA,NA,NA
2021-10-17 11:00:00,NA,21.00,10.01,19.08,29.22,NA,6.35,3.12,NA,NA,NA,NA,NA,NA,NA,NA,NA,NA,NA,NA,NA,NA,NA,NA
2021-10-17 12:00:00,NA,21.62,9.91,19.14,28.89,NA,7.63,3.01,NA,NA,NA,NA,NA,NA,NA,NA,NA,NA,NA,NA,NA,NA,NA,NA
2021-10-17 13:00:00,NA,21.99,9.95,19.20,29.08,NA,8.78,2.75,NA,NA,NA,NA,NA,NA,NA,NA,NA,NA,NA,NA,NA,NA,NA,NA
2021-10-17 14:00:00,NA,21.64,9.96,19.10,28.81,NA,5.20,2.70,NA,NA,NA,NA,NA,NA,NA,NA,NA,NA,NA,NA,NA,NA,NA,NA
2021-10-17 15:00:00,NA,21.46,10.02,18.96,28.84,NA,5.45,2.75,NA,NA,NA,NA,NA,NA,NA,NA,NA,NA,NA,NA,NA,NA,NA,NA
2021-10-17 16:00:00,NA,22.06,9.96,18.95,29.29,NA,5.47,2.44,NA,NA,NA,NA,NA,NA,NA,NA,NA,NA,NA,NA,NA,NA,NA,NA
2021-10-17 17:00:00,NA,22.03,10.03,18.95,28.73,NA,5.12,2.25,NA,NA,NA,NA,NA,NA,NA,NA,NA,NA,NA,NA,NA,NA,NA,NA
2021-10-17 18:00:00,NA,22.29,9.96,18.85,29.00,NA,4.98,2.54,NA,NA,NA,NA,NA,NA,NA,NA,NA,NA,NA,NA,NA,NA,NA,NA
2021-10-17 19:00:00,NA,21.94,9.98,18.67,28.94,NA,9.62,2.89,NA,NA,NA,NA,NA,NA,NA,NA,NA,NA,NA,NA,NA,NA,NA,NA
2021-10-17 20:00:00,NA,22.32,9.90,18.81,28.99,NA,9.78,3.06,NA,NA,NA,NA,NA,NA,NA,NA,NA,NA,NA,NA,NA,NA,NA,NA
2021-10-17 21:00:00,NA,22.20,10.04,19.03,28.81,NA,9.90,2.99,NA,NA,NA,NA,NA,NA,NA,NA,NA,NA,NA,NA,NA,NA,NA,NA
2021-10-17 22:00:00,NA,22.38,9.97,19.12,29.13,NA,9.87,2.70,NA,NA,NA,NA,NA,NA,NA,NA,NA,NA,NA,NA,NA,NA,NA,NA
2021-10-17 23:00:00,NA,22.51,10.02,19.12,28.92,NA,9.63,2.64,NA,NA,NA,NA,NA,NA,NA,NA,NA,NA,NA,NA,NA,NA,NA,NA
2021-10-18 00:00:00,NA,22.44,10.10,19.04,29.03,NA,8.76,2.44,NA,NA,NA,NA,NA,NA,NA,NA,NA,NA,NA,NA,NA,NA,NA,NA
2021-10-18 01:00:00,NA,22.50,9.88,19.12,29.21,NA,8.24,2.38,NA,NA,NA,NA,NA,NA,NA,NA,NA,NA,NA,NA,NA,NA,NA,NA
2021-10-18 02:00:00,NA,22.18,10.01,19.03,29.08,NA,8.22,2.28,NA,NA,NA,NA,NA,NA,NA,NA,NA,NA,NA,NA,NA,NA,NA,NA
2021-10-18 03:00:00,NA,22.43,9.93,18.83,29.22,NA,7.92,2.16,NA,NA,NA,NA,NA,NA,NA,NA,NA,NA,NA,NA,NA,NA,NA,NA
2021-10-18 04:00:00,NA,21.97,10.04,18.86,29.22,NA,7.76,2.18,NA,NA,NA,NA,NA,NA,NA,NA,NA,NA,NA,NA,NA,NA,NA,NA
2021-10-18 05:00:00,NA,22.26,10.01,18.72,29.07,NA,10.18,2.21,NA,NA,NA,NA,NA,NA,NA,NA,NA,NA,NA,NA,NA,NA,NA,NA
2021-10-18 06:00:00,NA,21.17,10.08,18.87,28.72,NA,10.30,2.41,NA,NA,NA,NA,NA,NA,NA,NA,NA,NA,NA,NA,NA,NA,NA,NA
2021-10-18 07:00:00,NA,20.59,9.90,19.01,29.13,NA,10.13,2.64,NA,NA,NA,NA,NA,NA,NA,NA,NA,NA,NA,NA,NA,NA,NA,NA
2021-10-18 08:00:00,NA,21.25,10.06,18.92,28.84,NA,10.15,2.82,NA,NA,NA,NA,NA,NA,NA,NA,NA,NA,NA,NA,NA,NA,NA,NA
2021-10-18 09:00:00,NA,21.51,10.06,19.07,28.70,NA,10.06,2.71,NA,NA,NA,NA,NA,NA,NA,NA,NA,NA,NA,NA,NA,NA,NA,NA
2021-10-18 10:00:00,NA,21.42,9.99,19.10,28.89,NA,7.74,2.62,NA,NA,NA,NA,NA,NA,NA,NA,NA,NA,NA,NA,NA,NA,NA,NA
2021-10-18 11:00:00,NA,21.84,9.99,18.94,28.90,NA,5.60,3.40,NA,NA,NA,NA,NA,NA,NA,NA,NA,NA,NA,NA,NA,NA,NA,NA
2021-10-18 12:00:00,NA,21.52,10.11,18.80,28.96,NA,5.87,3.53,NA,NA,NA,NA,NA,NA,NA,NA,NA,NA,NA,NA,NA,NA,NA,NA
2021-10-18 13:00:00,NA,22.08,9.98,18.80,29.16,NA,5.38,3.13,NA,NA,NA,NA,NA,NA,NA,NA,NA,NA,NA,NA,NA,NA,NA,NA
2021-10-18 14:00:00,NA,21.59,9.98,19.06,29.28,NA,5.26,2.79,NA,NA,NA,NA,NA,NA,NA,NA,NA,NA,NA,NA,NA,NA,NA,NA
2021-10-18 15:00:00,NA,21.77,10.06,19.05,29.10,NA,10.28,2.53,NA,NA,NA,NA,NA,NA,NA,NA,NA,NA,NA,NA,NA,NA,NA,NA
2021-10-18 16:00:00,NA,21.75,10.02,19.10,28.86,NA,10.62,2.69,NA,NA,NA,NA,NA,NA,NA,NA,NA,NA,NA,NA,NA,NA,NA,NA
2021-10-18 17:00:00,NA,20.90,10.05,18.99,28.84,NA,10.58,2.40,NA,NA,NA,NA,NA,NA,NA,NA,NA,NA,NA,NA,NA,NA,NA,NA
2021-10-18 18:00:00,NA,20.44,9.76,19.06,29.08,NA,10.09,3.04,NA,NA,NA,NA,NA,NA,NA,NA,NA,NA,NA,NA,NA,NA,NA,NA
2021-10-18 19:00:00,NA,24.71,10.03,18.98,29.15,NA,10.58,3.18,NA,NA,NA,NA,NA,NA,NA,NA,NA,NA,NA,NA,NA,NA,NA,NA
2021-10-18 20:00:00,NA,23.30,9.85,19.12,28.81,NA,4.61,3.39,NA,NA,NA,NA,NA,NA,NA,NA,NA,NA,NA,NA,NA,NA,NA,NA
2021-10-18 21:00:00,NA,22.46,10.07,19.12,28.96,NA,4.58,3.42,NA,NA,NA,NA,NA,NA,NA,NA,NA,NA,NA,NA,NA,NA,NA,NA
2021-10-18 22:00:00,NA,22.34,9.92,19.10,29.00,NA,4.78,3.25,NA,NA,NA,NA,NA,NA,NA,NA,NA,NA,NA,NA,NA,NA,NA,NA
2021-10-18 23:00:00,NA,22.20,9.88,19.35,29.10,NA,4.46,3.13,NA,NA,NA,NA,NA,NA,NA,NA,NA,NA,NA,NA,NA,NA,NA,NA
2021-10-19 00:00:00,NA,22.19,10.00,18.99,28.98,NA,4.69,2.91,NA,NA,NA,NA,NA,NA,NA,NA,NA,NA,NA,NA,NA,NA,NA,NA
2021-10-19 01:00:00,NA,21.77,10.07,18.98,28.75,NA,4.71,2.75,NA,NA,NA,NA,NA,NA,NA,NA,NA,NA,NA,NA,NA,NA,NA,NA
2021-10-19 02:00:00,NA,20.91,10.09,19.10,28.97,NA,5.12,2.52,NA,NA,NA,NA,NA,NA,NA,NA,NA,NA,NA,NA,NA,NA,NA,NA
2021-10-19 03:00:00,NA,20.46,9.99,18.94,29.10,NA,5.50,2.38,NA,NA,NA,NA,NA,NA,NA,NA,NA,NA,NA,NA,NA,NA,NA,NA
2021-10-19 04:00:00,NA,20.23,10.09,19.04,28.88,NA,5.56,2.38,NA,NA,NA,NA,NA,NA,NA,NA,NA,NA,NA,NA,NA,NA,NA,NA
2021-10-19 05:00:00,NA,20.11,10.04,18.95,29.04,NA,5.72,2.48,NA,NA,NA,NA,NA,NA,NA,NA,NA,NA,NA,NA,NA,NA,NA,NA
2021-10-19 06:00:00,NA,20.06,10.01,19.04,28.92,NA,5.55,2.55,NA,NA,NA,NA,NA,NA,NA,NA,NA,NA,NA,NA,NA,NA,NA,NA
2021-10-19 07:00:00,NA,20.03,10.02,18.96,29.00,NA,5.17,2.61,NA,NA,NA,NA,NA,NA,NA,NA,NA,NA,NA,NA,NA,NA,NA,NA
2021-10-19 08:00:00,NA,20.55,9.99,18.98,28.98,NA,4.84,2.71,NA,NA,NA,NA,NA,NA,NA,NA,NA,NA,NA,NA,NA,NA,NA,NA
2021-10-19 09:00:00,NA,20.78,9.98,18.78,28.71,NA,4.87,3.05,NA,NA,NA,NA,NA,NA,NA,NA,NA,NA,NA,NA,NA,NA,NA,NA
2021-10-19 10:00:00,NA,21.60,10.03,18.94,29.04,NA,5.48,3.09,NA,NA,NA,NA,NA,NA,NA,NA,NA,NA,NA,NA,NA,NA,NA,NA
2021-10-19 11:00:00,NA,21.81,10.01,19.14,28.95,NA,8.97,2.66,NA,NA,NA,NA,NA,NA,NA,NA,NA,NA,NA,NA,NA,NA,NA,NA
2021-10-19 12:00:00,NA,22.05,10.00,18.94,29.34,NA,8.82,2.89,NA,NA,NA,NA,NA,NA,NA,NA,NA,NA,NA,NA,NA,NA,NA,NA
2021-10-19 13:00:00,NA,22.18,9.98,19.05,28.93,NA,8.24,2.80,NA,NA,NA,NA,NA,NA,NA,NA,NA,NA,NA,NA,NA,NA,NA,NA
2021-10-19 14:00:00,NA,21.13,10.00,18.81,29.02,NA,8.29,2.54,NA,NA,NA,NA,NA,NA,NA,NA,NA,NA,NA,NA,NA,NA,NA,NA
2021-10-19 15:00:00,NA,20.56,10.04,19.07,14.64,NA,8.05,1.67,NA,NA,NA,NA,NA,NA,NA,NA,NA,NA,NA,NA,NA,NA,NA,NA
2021-10-19 16:00:00,NA,NA,NA,NA,0.00,NA,NA,0.00,NA,NA,NA,NA,NA,NA,NA,NA,NA,NA,NA,NA,NA,NA,NA,NA
2021-10-19 17:00:00,NA,NA,NA,NA,0.00,NA,NA,0.00,NA,NA,NA,NA,NA,NA,NA,NA,NA,NA,NA,NA,NA,NA,NA,NA
2021-10-19 18:00:00,NA,NA,NA,NA,0.00,NA,NA,0.00,NA,NA,NA,NA,NA,NA,NA,NA,NA,NA,NA,NA,NA,NA,NA,NA
2021-10-19 19:00:00,NA,NA,NA,NA,0.00,NA,NA,0.00,NA,NA,NA,NA,NA,NA,NA,NA,NA,NA,NA,NA,NA,NA,NA,NA
2021-10-19 20:00:00,NA,NA,NA,NA,0.00,NA,NA,0.00,NA,NA,NA,NA,NA,NA,NA,NA,NA,NA,NA,NA,NA,NA,NA,NA
2021-10-19 21:00:00,NA,NA,NA,NA,0.00,NA,NA,0.00,NA,NA,NA,NA,NA,NA,NA,NA,NA,NA,NA,NA,NA,NA,NA,NA
2021-10-19 22:00:00,NA,NA,NA,NA,0.00,NA,NA,0.00,NA,NA,NA,NA,NA,NA,NA,NA,NA,NA,NA,NA,NA,NA,NA,NA
2021-10-19 23:00:00,NA,NA,NA,NA,0.00,NA,NA,0.00,NA,NA,NA,NA,NA,NA,NA,NA,NA,NA,NA,NA,NA,NA,NA,NA
2021-10-20 00:00:00,NA,NA,NA,NA,NA,NA,NA,NA,NA,NA,NA,NA,NA,NA,NA,NA,NA,NA,NA,NA,NA,NA,NA,NA
2021-10-20 01:00:00,NA,NA,NA,NA,NA,NA,NA,NA,NA,NA,NA,NA,NA,NA,NA,NA,NA,NA,NA,NA,NA,NA,NA,NA
2021-10-20 02:00:00,NA,NA,NA,NA,NA,NA,NA,NA,NA,NA,NA,NA,NA,NA,NA,NA,NA,NA,NA,NA,NA,NA,NA,NA
2021-10-20 03:00:00,NA,NA,NA,NA,NA,NA,NA,NA,NA,NA,NA,NA,NA,NA,NA,NA,NA,NA,NA,NA,NA,NA,NA,NA
2021-10-20 04:00:00,NA,NA,NA,NA,NA,NA,NA,NA,NA,NA,NA,NA,NA,NA,NA,NA,NA,NA,NA,NA,NA,NA,NA,NA
2021-10-20 05:00:00,NA,NA,NA,NA,NA,NA,NA,NA,NA,NA,NA,NA,NA,NA,NA,NA,NA,NA,NA,NA,NA,NA,NA,NA
2021-10-20 06:00:00,NA,NA,NA,NA,NA,NA,NA,NA,NA,NA,NA,NA,NA,NA,NA,NA,NA,NA,NA,NA,NA,NA,NA,NA
2021-10-20 07:00:00,NA,NA,NA,NA,NA,NA,NA,NA,NA,NA,NA,NA,NA,NA,NA,NA,NA,NA,NA,NA,NA,NA,NA,NA
2021-10-20 08:00:00,NA,NA,NA,NA,NA,NA,NA,NA,NA,NA,NA,NA,NA,NA,NA,NA,NA,NA,NA,NA,NA,NA,NA,NA
2021-10-20 09:00:00,NA,NA,NA,NA,NA,NA,NA,NA,NA,NA,NA,NA,NA,NA,NA,NA,NA,NA,NA,NA,NA,NA,NA,NA
2021-10-20 10:00:00,NA,NA,NA,NA,NA,NA,NA,NA,NA,NA,NA,NA,NA,NA,NA,NA,NA,NA,NA,NA,NA,NA,NA,NA
2021-10-20 11:00:00,NA,NA,NA,NA,NA,NA,NA,NA,NA,NA,NA,NA,NA,NA,NA,NA,NA,NA,NA,NA,NA,NA,NA,NA
2021-10-20 12:00:00,NA,20.00,10.09,18.96,NA,NA,12.20,1.92,NA,NA,NA,NA,NA,NA,NA,NA,NA,NA,NA,NA,NA,NA,NA,NA
2021-10-20 13:00:00,NA,98.44,10.01,19.13,29.00,NA,12.55,2.04,NA,NA,NA,NA,NA,NA,NA,NA,NA,NA,NA,NA,NA,NA,NA,NA
2021-10-20 14:00:00,NA,104.33,10.02,18.98,29.14,NA,11.68,1.88,NA,NA,NA,NA,NA,NA,NA,NA,NA,NA,NA,NA,NA,NA,NA,NA
2021-10-20 15:00:00,NA,84.05,9.96,19.17,29.46,NA,10.85,1.20,NA,NA,NA,NA,NA,NA,NA,NA,NA,NA,NA,NA,NA,NA,NA,NA
2021-10-20 16:00:00,NA,80.22,10.09,18.92,28.95,NA,10.03,1.02,NA,NA,NA,NA,NA,NA,NA,NA,NA,NA,NA,NA,NA,NA,NA,NA
2021-10-20 17:00:00,NA,95.14,10.02,18.81,28.76,NA,10.70,2.49,NA,NA,NA,NA,NA,NA,NA,NA,NA,NA,NA,NA,NA,NA,NA,NA
2021-10-20 18:00:00,NA,100.89,9.86,18.82,29.11,NA,10.46,3.04,NA,NA,NA,NA,NA,NA,NA,NA,NA,NA,NA,NA,NA,NA,NA,NA
2021-10-20 19:00:00,NA,94.54,10.13,19.02,29.32,NA,10.79,2.86,NA,NA,NA,NA,NA,NA,NA,NA,NA,NA,NA,NA,NA,NA,NA,NA
2021-10-20 20:00:00,NA,85.92,10.01,19.06,29.03,NA,10.92,3.08,NA,NA,NA,NA,NA,NA,NA,NA,NA,NA,NA,NA,NA,NA,NA,NA
2021-10-20 21:00:00,NA,91.68,10.04,19.16,28.82,NA,11.13,3.35,NA,NA,NA,NA,NA,NA,NA,NA,NA,NA,NA,NA,NA,NA,NA,NA
2021-10-20 22:00:00,NA,73.10,9.98,18.89,29.13,NA,8.21,3.37,NA,NA,NA,NA,NA,NA,NA,NA,NA,NA,NA,NA,NA,NA,NA,NA
2021-10-20 23:00:00,NA,67.28,10.03,19.04,28.79,NA,8.48,3.20,NA,NA,NA,NA,NA,NA,NA,NA,NA,NA,NA,NA,NA,NA,NA,NA
2021-10-21 00:00:00,NA,62.44,10.00,19.03,28.84,NA,8.50,2.98,NA,NA,NA,NA,NA,NA,NA,NA,NA,NA,NA,NA,NA,NA,NA,NA
2021-10-21 01:00:00,NA,45.96,10.05,18.89,29.01,NA,8.43,2.99,NA,NA,NA,NA,NA,NA,NA,NA,NA,NA,NA,NA,NA,NA,NA,NA
2021-10-21 02:00:00,NA,40.20,10.17,19.02,28.97,NA,8.67,2.87,NA,NA,NA,NA,NA,NA,NA,NA,NA,NA,NA,NA,NA,NA,NA,NA
2021-10-21 03:00:00,NA,42.61,9.99,19.19,29.05,NA,9.66,2.71,NA,NA,NA,NA,NA,NA,NA,NA,NA,NA,NA,NA,NA,NA,NA,NA
2021-10-21 04:00:00,NA,43.68,10.00,19.12,28.89,NA,10.04,2.67,NA,NA,NA,NA,NA,NA,NA,NA,NA,NA,NA,NA,NA,NA,NA,NA
2021-10-21 05:00:00,NA,60.50,10.00,18.86,29.30,NA,10.19,2.89,NA,NA,NA,NA,NA,NA,NA,NA,NA,NA,NA,NA,NA,NA,NA,NA
2021-10-21 06:00:00,NA,62.30,10.05,18.78,29.00,NA,10.01,2.94,NA,NA,NA,NA,NA,NA,NA,NA,NA,NA,NA,NA,NA,NA,NA,NA
2021-10-21 07:00:00,NA,70.35,9.92,19.08,28.95,NA,10.04,3.53,NA,NA,NA,NA,NA,NA,NA,NA,NA,NA,NA,NA,NA,NA,NA,NA
2021-10-21 08:00:00,NA,90.55,10.12,18.97,29.10,NA,9.09,3.74,NA,NA,NA,NA,NA,NA,NA,NA,NA,NA,NA,NA,NA,NA,NA,NA
2021-10-21 09:00:00,NA,92.68,9.95,18.90,29.54,NA,8.75,3.79,NA,NA,NA,NA,NA,NA,NA,NA,NA,NA,NA,NA,NA,NA,NA,NA
2021-10-21 10:00:00,NA,91.77,9.96,19.01,28.98,NA,8.36,3.71,NA,NA,NA,NA,NA,NA,NA,NA,NA,NA,NA,NA,NA,NA,NA,NA
2021-10-21 11:00:00,NA,94.50,9.99,18.97,28.92,NA,8.45,3.84,NA,NA,NA,NA,NA,NA,NA,NA,NA,NA,NA,NA,NA,NA,NA,NA
2021-10-21 12:00:00,NA,85.90,9.88,18.77,28.85,NA,8.29,3.84,NA,NA,NA,NA,NA,NA,NA,NA,NA,NA,NA,NA,NA,NA,NA,NA
2021-10-21 13:00:00,NA,70.12,10.06,18.99,28.78,NA,8.72,3.73,NA,NA,NA,NA,NA,NA,NA,NA,NA,NA,NA,NA,NA,NA,NA,NA
2021-10-21 14:00:00,NA,82.60,10.00,18.87,29.12,NA,8.58,2.89,NA,NA,NA,NA,NA,NA,NA,NA,NA,NA,NA,NA,NA,NA,NA,NA
2021-10-21 15:00:00,NA,102.04,10.01,19.10,29.13,NA,8.98,2.22,NA,NA,NA,NA,NA,NA,NA,NA,NA,NA,NA,NA,NA,NA,NA,NA
2021-10-21 16:00:00,NA,111.71,9.84,18.87,29.08,NA,9.14,1.71,NA,NA,NA,NA,NA,NA,NA,NA,NA,NA,NA,NA,NA,NA,NA,NA
2021-10-21 17:00:00,NA,118.51,9.96,18.96,28.66,NA,9.56,2.24,NA,NA,NA,NA,NA,NA,NA,NA,NA,NA,NA,NA,NA,NA,NA,NA
2021-10-21 18:00:00,NA,NA,NA,NA,NA,NA,NA,NA,NA,NA,NA,NA,NA,NA,NA,NA,NA,NA,NA,NA,NA,NA,NA,NA
2021-10-21 19:00:00,NA,NA,NA,NA,NA,NA,NA,NA,NA,NA,NA,NA,NA,NA,NA,NA,NA,NA,NA,NA,NA,NA,NA,NA
2021-10-21 20:00:00,NA,NA,NA,NA,NA,NA,NA,NA,NA,NA,NA,NA,NA,NA,NA,NA,NA,NA,NA,NA,NA,NA,NA,NA
2021-10-21 21:00:00,NA,NA,NA,NA,NA,NA,NA,NA,NA,NA,NA,NA,NA,NA,NA,NA,NA,NA,NA,NA,NA,NA,NA,NA
2021-10-21 22:00:00,NA,NA,NA,NA,NA,NA,NA,NA,NA,NA,NA,NA,NA,NA,NA,NA,NA,NA,NA,NA,NA,NA,NA,NA
2021-10-21 23:00:00,NA,NA,NA,NA,NA,NA,NA,NA,NA,NA,NA,NA,NA,NA,NA,NA,NA,NA,NA,NA,NA,NA,NA,NA
2021-10-22 00:00:00,NA,NA,NA,NA,NA,NA,NA,NA,NA,NA,NA,NA,NA,NA,NA,NA,NA,NA,NA,NA,NA,NA,NA,NA
2021-10-22 01:00:00,NA,NA,NA,NA,NA,NA,NA,NA,NA,NA,NA,NA,NA,NA,NA,NA,NA,NA,NA,NA,NA,NA,NA,NA
2021-10-22 02:00:00,NA,NA,NA,NA,NA,NA,NA,NA,NA,NA,NA,NA,NA,NA,NA,NA,NA,NA,NA,NA,NA,NA,NA,NA
2021-10-22 03:00:00,NA,NA,NA,NA,NA,NA,NA,NA,NA,NA,NA,NA,NA,NA,NA,NA,NA,NA,NA,NA,NA,NA,NA,NA
2021-10-22 04:00:00,NA,NA,NA,NA,NA,NA,NA,NA,NA,NA,NA,NA,NA,NA,NA,NA,NA,NA,NA,NA,NA,NA,NA,NA
2021-10-22 05:00:00,NA,NA,NA,NA,NA,NA,NA,NA,NA,NA,NA,NA,NA,NA,NA,NA,NA,NA,NA,NA,NA,NA,NA,NA
2021-10-22 06:00:00,NA,NA,NA,NA,NA,NA,NA,NA,NA,NA,NA,NA,NA,NA,NA,NA,NA,NA,NA,NA,NA,NA,NA,NA
2021-10-22 07:00:00,NA,NA,NA,NA,NA,NA,NA,NA,NA,NA,NA,NA,NA,NA,NA,NA,NA,NA,NA,NA,NA,NA,NA,NA
2021-10-22 08:00:00,NA,NA,NA,NA,NA,NA,NA,NA,NA,NA,NA,NA,NA,NA,NA,NA,NA,NA,NA,NA,NA,NA,NA,NA
2021-10-22 09:00:00,NA,110.12,9.95,19.12,29.14,NA,8.74,3.64,NA,NA,NA,NA,NA,NA,NA,NA,NA,NA,NA,NA,NA,NA,NA,NA
2021-10-22 10:00:00,NA,110.10,9.94,19.14,28.90,NA,8.80,4.25,NA,NA,NA,NA,NA,NA,NA,NA,NA,NA,NA,NA,NA,NA,NA,NA
2021-10-22 11:00:00,NA,108.64,10.15,19.07,28.87,NA,8.66,4.52,NA,NA,NA,NA,NA,NA,NA,NA,NA,NA,NA,NA,NA,NA,NA,NA
2021-10-22 12:00:00,NA,NA,NA,NA,NA,NA,NA,NA,NA,NA,NA,NA,NA,NA,NA,NA,NA,NA,NA,NA,NA,NA,NA,NA
2021-10-22 13:00:00,NA,NA,NA,NA,NA,NA,NA,NA,NA,NA,NA,NA,NA,NA,NA,NA,NA,NA,NA,NA,NA,NA,NA,NA
2021-10-22 14:00:00,NA,NA,NA,NA,NA,NA,NA,NA,NA,NA,NA,NA,NA,NA,NA,NA,NA,NA,NA,NA,NA,NA,NA,NA
2021-10-22 15:00:00,NA,NA,NA,NA,NA,NA,NA,NA,NA,NA,NA,NA,NA,NA,NA,NA,NA,NA,NA,NA,NA,NA,NA,NA
2021-10-22 16:00:00,NA,NA,NA,NA,NA,NA,NA,NA,NA,NA,NA,NA,NA,NA,NA,NA,NA,NA,NA,NA,NA,NA,NA,NA
2021-10-22 17:00:00,NA,NA,NA,NA,NA,NA,NA,NA,NA,NA,NA,NA,NA,NA,NA,NA,NA,NA,NA,NA,NA,NA,NA,NA
2021-10-22 18:00:00,NA,NA,NA,NA,NA,NA,NA,NA,NA,NA,NA,NA,NA,NA,NA,NA,NA,NA,NA,NA,NA,NA,NA,NA
2021-10-22 19:00:00,NA,NA,NA,NA,NA,NA,NA,NA,NA,NA,NA,NA,NA,NA,NA,NA,NA,NA,NA,NA,NA,NA,NA,NA
2021-10-22 20:00:00,NA,NA,NA,NA,NA,NA,NA,NA,NA,NA,NA,NA,NA,NA,NA,NA,NA,NA,NA,NA,NA,NA,NA,NA
2021-10-22 21:00:00,NA,NA,NA,NA,NA,NA,NA,NA,NA,NA,NA,NA,NA,NA,NA,NA,NA,NA,NA,NA,NA,NA,NA,NA
2021-10-22 22:00:00,NA,NA,NA,NA,NA,NA,NA,NA,NA,NA,NA,NA,NA,NA,NA,NA,NA,NA,NA,NA,NA,NA,NA,NA
2021-10-22 23:00:00,NA,NA,NA,NA,NA,NA,NA,NA,NA,NA,NA,NA,NA,NA,NA,NA,NA,NA,NA,NA,NA,NA,NA,NA
2021-10-23 00:00:00,NA,NA,NA,NA,NA,NA,NA,NA,NA,NA,NA,NA,NA,NA,NA,NA,NA,NA,NA,NA,NA,NA,NA,NA
2021-10-23 01:00:00,NA,NA,NA,NA,NA,NA,NA,NA,NA,NA,NA,NA,NA,NA,NA,NA,NA,NA,NA,NA,NA,NA,NA,NA
2021-10-23 02:00:00,NA,NA,NA,NA,NA,NA,NA,NA,NA,NA,NA,NA,NA,NA,NA,NA,NA,NA,NA,NA,NA,NA,NA,NA
2021-10-23 03:00:00,NA,NA,NA,NA,NA,NA,NA,NA,NA,NA,NA,NA,NA,NA,NA,NA,NA,NA,NA,NA,NA,NA,NA,NA
2021-10-23 04:00:00,NA,NA,NA,NA,NA,NA,NA,NA,NA,NA,NA,NA,NA,NA,NA,NA,NA,NA,NA,NA,NA,NA,NA,NA
2021-10-23 05:00:00,NA,NA,NA,NA,NA,NA,NA,NA,NA,NA,NA,NA,NA,NA,NA,NA,NA,NA,NA,NA,NA,NA,NA,NA
2021-10-23 06:00:00,NA,NA,NA,NA,NA,NA,NA,NA,NA,NA,NA,NA,NA,NA,NA,NA,NA,NA,NA,NA,NA,NA,NA,NA
2021-10-23 07:00:00,NA,NA,NA,NA,NA,NA,NA,NA,NA,NA,NA,NA,NA,NA,NA,NA,NA,NA,NA,NA,NA,NA,NA,NA
2021-10-23 08:00:00,NA,NA,NA,NA,NA,NA,NA,NA,NA,NA,NA,NA,NA,NA,NA,NA,NA,NA,NA,NA,NA,NA,NA,NA
2021-10-23 09:00:00,NA,NA,NA,NA,NA,NA,NA,NA,NA,NA,NA,NA,NA,NA,NA,NA,NA,NA,NA,NA,NA,NA,NA,NA
2021-10-23 10:00:00,NA,NA,NA,NA,NA,NA,NA,NA,NA,NA,NA,NA,NA,NA,NA,NA,NA,NA,NA,NA,NA,NA,NA,NA
2021-10-23 11:00:00,NA,NA,NA,NA,NA,NA,NA,NA,NA,NA,NA,NA,NA,NA,NA,NA,NA,NA,NA,NA,NA,NA,NA,NA
2021-10-23 12:00:00,NA,NA,NA,NA,NA,NA,NA,NA,NA,NA,NA,NA,NA,NA,NA,NA,NA,NA,NA,NA,NA,NA,NA,NA
2021-10-23 13:00:00,NA,NA,NA,NA,NA,NA,NA,NA,NA,NA,NA,NA,NA,NA,NA,NA,NA,NA,NA,NA,NA,NA,NA,NA
2021-10-23 14:00:00,NA,NA,NA,NA,NA,NA,NA,NA,NA,NA,NA,NA,NA,NA,NA,NA,NA,NA,NA,NA,NA,NA,NA,NA
2021-10-23 15:00:00,NA,NA,NA,NA,NA,NA,NA,NA,NA,NA,NA,NA,NA,NA,NA,NA,NA,NA,NA,NA,NA,NA,NA,NA
2021-10-23 16:00:00,NA,NA,NA,NA,NA,NA,NA,NA,NA,NA,NA,NA,NA,NA,NA,NA,NA,NA,NA,NA,NA,NA,NA,NA
2021-10-23 17:00:00,NA,NA,NA,NA,NA,NA,NA,NA,NA,NA,NA,NA,NA,NA,NA,NA,NA,NA,NA,NA,NA,NA,NA,NA
2021-10-23 18:00:00,NA,NA,NA,NA,NA,NA,NA,NA,NA,NA,NA,NA,NA,NA,NA,NA,NA,NA,NA,NA,NA,NA,NA,NA
2021-10-23 19:00:00,NA,NA,NA,NA,NA,NA,NA,NA,NA,NA,NA,NA,NA,NA,NA,NA,NA,NA,NA,NA,NA,NA,NA,NA
2021-10-23 20:00:00,NA,NA,NA,NA,NA,NA,NA,NA,NA,NA,NA,NA,NA,NA,NA,NA,NA,NA,NA,NA,NA,NA,NA,NA
2021-10-23 21:00:00,NA,NA,NA,NA,NA,NA,NA,NA,NA,NA,NA,NA,NA,NA,NA,NA,NA,NA,NA,NA,NA,NA,NA,NA
2021-10-23 22:00:00,NA,NA,NA,NA,NA,NA,NA,NA,NA,NA,NA,NA,NA,NA,NA,NA,NA,NA,NA,NA,NA,NA,NA,NA
2021-10-23 23:00:00,NA,NA,NA,NA,NA,NA,NA,NA,NA,NA,NA,NA,NA,NA,NA,NA,NA,NA,NA,NA,NA,NA,NA,NA
2021-10-24 00:00:00,NA,NA,NA,NA,NA,NA,NA,NA,NA,NA,NA,NA,NA,NA,NA,NA,NA,NA,NA,NA,NA,NA,NA,NA
2021-10-24 01:00:00,NA,NA,NA,NA,NA,NA,NA,NA,NA,NA,NA,NA,NA,NA,NA,NA,NA,NA,NA,NA,NA,NA,NA,NA
2021-10-24 02:00:00,NA,NA,NA,NA,NA,NA,NA,NA,NA,NA,NA,NA,NA,NA,NA,NA,NA,NA,NA,NA,NA,NA,NA,NA
2021-10-24 03:00:00,NA,NA,NA,NA,NA,NA,NA,NA,NA,NA,NA,NA,NA,NA,NA,NA,NA,NA,NA,NA,NA,NA,NA,NA
2021-10-24 04:00:00,NA,NA,NA,NA,NA,NA,NA,NA,NA,NA,NA,NA,NA,NA,NA,NA,NA,NA,NA,NA,NA,NA,NA,NA
2021-10-24 05:00:00,NA,NA,NA,NA,NA,NA,NA,NA,NA,NA,NA,NA,NA,NA,NA,NA,NA,NA,NA,NA,NA,NA,NA,NA
2021-10-24 06:00:00,NA,NA,NA,NA,NA,NA,NA,NA,NA,NA,NA,NA,NA,NA,NA,NA,NA,NA,NA,NA,NA,NA,NA,NA
2021-10-24 07:00:00,NA,NA,NA,NA,NA,NA,NA,NA,NA,NA,NA,NA,NA,NA,NA,NA,NA,NA,NA,NA,NA,NA,NA,NA
2021-10-24 08:00:00,NA,NA,NA,NA,NA,NA,NA,NA,NA,NA,NA,NA,NA,NA,NA,NA,NA,NA,NA,NA,NA,NA,NA,NA
2021-10-24 09:00:00,NA,NA,NA,NA,NA,NA,NA,NA,NA,NA,NA,NA,NA,NA,NA,NA,NA,NA,NA,NA,NA,NA,NA,NA
2021-10-24 10:00:00,NA,NA,NA,NA,NA,NA,NA,NA,NA,NA,NA,NA,NA,NA,NA,NA,NA,NA,NA,NA,NA,NA,NA,NA
2021-10-24 11:00:00,NA,NA,NA,NA,NA,NA,NA,NA,NA,NA,NA,NA,NA,NA,NA,NA,NA,NA,NA,NA,NA,NA,NA,NA
2021-10-24 12:00:00,NA,NA,NA,NA,NA,NA,NA,NA,NA,NA,NA,NA,NA,NA,NA,NA,NA,NA,NA,NA,NA,NA,NA,NA
2021-10-24 13:00:00,NA,NA,NA,NA,NA,NA,NA,NA,NA,NA,NA,NA,NA,NA,NA,NA,NA,NA,NA,NA,NA,NA,NA,NA
2021-10-24 14:00:00,NA,NA,NA,NA,NA,NA,NA,NA,NA,NA,NA,NA,NA,NA,NA,NA,NA,NA,NA,NA,NA,NA,NA,NA
2021-10-24 15:00:00,NA,NA,NA,NA,NA,NA,NA,NA,NA,NA,NA,NA,NA,NA,NA,NA,NA,NA,NA,NA,NA,NA,NA,NA
2021-10-24 16:00:00,NA,NA,NA,NA,NA,NA,NA,NA,NA,NA,NA,NA,NA,NA,NA,NA,NA,NA,NA,NA,NA,NA,NA,NA
2021-10-24 17:00:00,NA,NA,NA,NA,NA,NA,NA,NA,NA,NA,NA,NA,NA,NA,NA,NA,NA,NA,NA,NA,NA,NA,NA,NA
2021-10-24 18:00:00,NA,NA,NA,NA,NA,NA,NA,NA,NA,NA,NA,NA,NA,NA,NA,NA,NA,NA,NA,NA,NA,NA,NA,NA
2021-10-24 19:00:00,NA,NA,NA,NA,NA,NA,NA,NA,NA,NA,NA,NA,NA,NA,NA,NA,NA,NA,NA,NA,NA,NA,NA,NA
2021-10-24 20:00:00,NA,NA,NA,NA,NA,NA,NA,NA,NA,NA,NA,NA,NA,NA,NA,NA,NA,NA,NA,NA,NA,NA,NA,NA
2021-10-24 21:00:00,NA,NA,NA,NA,NA,NA,NA,NA,NA,NA,NA,NA,NA,NA,NA,NA,NA,NA,NA,NA,NA,NA,NA,NA
2021-10-24 22:00:00,NA,NA,NA,NA,NA,NA,NA,NA,NA,NA,NA,NA,NA,NA,NA,NA,NA,NA,NA,NA,NA,NA,NA,NA
2021-10-24 23:00:00,NA,NA,NA,NA,NA,NA,NA,NA,NA,NA,NA,NA,NA,NA,NA,NA,NA,NA,NA,NA,NA,NA,NA,NA
2021-10-25 00:00:00,NA,NA,NA,NA,NA,NA,NA,NA,NA,NA,NA,NA,NA,NA,NA,NA,NA,NA,NA,NA,NA,NA,NA,NA
2021-10-25 01:00:00,NA,NA,NA,NA,NA,NA,NA,NA,NA,NA,NA,NA,NA,NA,NA,NA,NA,NA,NA,NA,NA,NA,NA,NA
2021-10-25 02:00:00,NA,NA,NA,NA,NA,NA,NA,NA,NA,NA,NA,NA,NA,NA,NA,NA,NA,NA,NA,NA,NA,NA,NA,NA
2021-10-25 03:00:00,NA,NA,NA,NA,NA,NA,NA,NA,NA,NA,NA,NA,NA,NA,NA,NA,NA,NA,NA,NA,NA,NA,NA,NA
2021-10-25 04:00:00,NA,NA,NA,NA,NA,NA,NA,NA,NA,NA,NA,NA,NA,NA,NA,NA,NA,NA,NA,NA,NA,NA,NA,NA
2021-10-25 05:00:00,NA,53.56,9.97,18.92,29.30,NA,7.79,NA,NA,NA,NA,NA,NA,NA,NA,NA,NA,NA,NA,NA,NA,NA,NA,NA
2021-10-25 06:00:00,NA,83.52,9.97,18.53,29.38,NA,9.43,4.58,NA,NA,NA,NA,NA,NA,NA,NA,NA,NA,NA,NA,NA,NA,NA,NA
2021-10-25 07:00:00,NA,115.31,9.93,19.03,29.00,NA,9.04,4.64,NA,NA,NA,NA,NA,NA,NA,NA,NA,NA,NA,NA,NA,NA,NA,NA
2021-10-25 08:00:00,NA,125.12,10.03,18.84,28.94,NA,10.80,4.74,NA,NA,NA,NA,NA,NA,NA,NA,NA,NA,NA,NA,NA,NA,NA,NA
2021-10-25 09:00:00,NA,114.07,9.94,19.04,29.34,NA,11.25,4.73,NA,NA,NA,NA,NA,NA,NA,NA,NA,NA,NA,NA,NA,NA,NA,NA
2021-10-25 10:00:00,NA,100.14,9.96,18.96,29.01,NA,11.19,4.96,NA,NA,NA,NA,NA,NA,NA,NA,NA,NA,NA,NA,NA,NA,NA,NA
2021-10-25 11:00:00,NA,109.44,9.98,19.08,29.50,NA,10.90,4.74,NA,NA,NA,NA,NA,NA,NA,NA,NA,NA,NA,NA,NA,NA,NA,NA
2021-10-25 12:00:00,NA,106.79,9.90,19.01,29.02,NA,10.98,4.42,NA,NA,NA,NA,NA,NA,NA,NA,NA,NA,NA,NA,NA,NA,NA,NA
2021-10-25 13:00:00,NA,58.56,9.93,19.05,7.42,NA,NA,NA,NA,NA,NA,NA,NA,NA,NA,NA,NA,NA,NA,NA,NA,NA,NA,NA
2021-10-25 14:00:00,NA,158.96,10.00,19.16,28.95,NA,11.48,5.12,NA,NA,NA,NA,NA,NA,NA,NA,NA,NA,NA,NA,NA,NA,NA,NA
2021-10-25 15:00:00,NA,177.24,9.98,19.02,28.76,NA,11.63,3.93,NA,NA,NA,NA,NA,NA,NA,NA,NA,NA,NA,NA,NA,NA,NA,NA
2021-10-25 16:00:00,NA,145.10,9.93,19.04,29.18,NA,11.28,3.40,NA,NA,NA,NA,NA,NA,NA,NA,NA,NA,NA,NA,NA,NA,NA,NA
2021-10-25 17:00:00,NA,129.24,10.12,19.10,29.30,NA,10.92,2.92,NA,NA,NA,NA,NA,NA,NA,NA,NA,NA,NA,NA,NA,NA,NA,NA
2021-10-25 18:00:00,NA,NA,NA,NA,NA,NA,NA,NA,NA,NA,NA,NA,NA,NA,NA,NA,NA,NA,NA,NA,NA,NA,NA,NA
2021-10-25 19:00:00,NA,NA,NA,NA,NA,NA,NA,NA,NA,NA,NA,NA,NA,NA,NA,NA,NA,NA,NA,NA,NA,NA,NA,NA
2021-10-25 20:00:00,NA,NA,NA,NA,NA,NA,NA,NA,NA,NA,NA,NA,NA,NA,NA,NA,NA,NA,NA,NA,NA,NA,NA,NA
2021-10-25 21:00:00,NA,NA,NA,NA,NA,NA,NA,NA,NA,NA,NA,NA,NA,NA,NA,NA,NA,NA,NA,NA,NA,NA,NA,NA
2021-10-25 22:00:00,NA,NA,NA,NA,NA,NA,NA,NA,NA,NA,NA,NA,NA,NA,NA,NA,NA,NA,NA,NA,NA,NA,NA,NA
2021-10-25 23:00:00,NA,NA,NA,NA,NA,NA,NA,NA,NA,NA,NA,NA,NA,NA,NA,NA,NA,NA,NA,NA,NA,NA,NA,NA
2021-10-26 00:00:00,NA,NA,NA,NA,NA,NA,NA,NA,NA,NA,NA,NA,NA,NA,NA,NA,NA,NA,NA,NA,NA,NA,NA,NA
2021-10-26 01:00:00,NA,NA,NA,NA,NA,NA,NA,NA,NA,NA,NA,NA,NA,NA,NA,NA,NA,NA,NA,NA,NA,NA,NA,NA
2021-10-26 02:00:00,NA,NA,NA,NA,NA,NA,NA,NA,NA,NA,NA,NA,NA,NA,NA,NA,NA,NA,NA,NA,NA,NA,NA,NA
2021-10-26 03:00:00,NA,NA,NA,NA,NA,NA,NA,NA,NA,NA,NA,NA,NA,NA,NA,NA,NA,NA,NA,NA,NA,NA,NA,NA
2021-10-26 04:00:00,NA,NA,NA,NA,NA,NA,NA,NA,NA,NA,NA,NA,NA,NA,NA,NA,NA,NA,NA,NA,NA,NA,NA,NA
2021-10-26 05:00:00,NA,NA,NA,NA,NA,NA,NA,NA,NA,NA,NA,NA,NA,NA,NA,NA,NA,NA,NA,NA,NA,NA,NA,NA
2021-10-26 06:00:00,NA,NA,NA,NA,NA,NA,NA,NA,NA,NA,NA,NA,NA,NA,NA,NA,NA,NA,NA,NA,NA,NA,NA,NA
2021-10-26 07:00:00,NA,NA,NA,NA,NA,NA,NA,NA,NA,NA,NA,NA,NA,NA,NA,NA,NA,NA,NA,NA,NA,NA,NA,NA
2021-10-26 08:00:00,NA,NA,NA,NA,NA,NA,NA,NA,NA,NA,NA,NA,NA,NA,NA,NA,NA,NA,NA,NA,NA,NA,NA,NA
2021-10-26 09:00:00,NA,123.36,9.97,19.23,29.06,NA,10.84,1.76,NA,NA,NA,NA,NA,NA,NA,NA,NA,NA,NA,NA,NA,NA,NA,NA
2021-10-26 10:00:00,NA,114.46,10.05,18.92,29.10,NA,11.27,2.48,NA,NA,NA,NA,NA,NA,NA,NA,NA,NA,NA,NA,NA,NA,NA,NA
2021-10-26 11:00:00,NA,103.02,9.85,18.76,29.07,NA,11.26,2.23,NA,NA,NA,NA,NA,NA,NA,NA,NA,NA,NA,NA,NA,NA,NA,NA
2021-10-26 12:00:00,NA,91.24,9.93,19.00,28.85,NA,11.44,1.89,NA,NA,NA,NA,NA,NA,NA,NA,NA,NA,NA,NA,NA,NA,NA,NA
2021-10-26 13:00:00,NA,NA,NA,NA,NA,NA,NA,NA,NA,NA,NA,NA,NA,NA,NA,NA,NA,NA,NA,NA,NA,NA,NA,NA
2021-10-26 14:00:00,NA,NA,NA,NA,NA,NA,NA,NA,NA,NA,NA,NA,NA,NA,NA,NA,NA,NA,NA,NA,NA,NA,NA,NA
2021-10-26 15:00:00,NA,NA,NA,NA,NA,NA,NA,NA,NA,NA,NA,NA,NA,NA,NA,NA,NA,NA,NA,NA,NA,NA,NA,NA
2021-10-26 16:00:00,NA,NA,NA,NA,NA,NA,NA,NA,NA,NA,NA,NA,NA,NA,NA,NA,NA,NA,NA,NA,NA,NA,NA,NA
2021-10-26 17:00:00,NA,NA,NA,NA,NA,NA,NA,NA,NA,NA,NA,NA,NA,NA,NA,NA,NA,NA,NA,NA,NA,NA,NA,NA
2021-10-26 18:00:00,NA,NA,NA,NA,NA,NA,NA,NA,NA,NA,NA,NA,NA,NA,NA,NA,NA,NA,NA,NA,NA,NA,NA,NA
2021-10-26 19:00:00,NA,NA,NA,NA,NA,NA,NA,NA,NA,NA,NA,NA,NA,NA,NA,NA,NA,NA,NA,NA,NA,NA,NA,NA
2021-10-26 20:00:00,NA,NA,NA,NA,NA,NA,NA,NA,NA,NA,NA,NA,NA,NA,NA,NA,NA,NA,NA,NA,NA,NA,NA,NA
2021-10-26 21:00:00,NA,NA,NA,NA,NA,NA,NA,NA,NA,NA,NA,NA,NA,NA,NA,NA,NA,NA,NA,NA,NA,NA,NA,NA
2021-10-26 22:00:00,NA,NA,NA,NA,NA,NA,NA,NA,NA,NA,NA,NA,NA,NA,NA,NA,NA,NA,NA,NA,NA,NA,NA,NA
2021-10-26 23:00:00,NA,NA,NA,NA,NA,NA,NA,NA,NA,NA,NA,NA,NA,NA,NA,NA,NA,NA,NA,NA,NA,NA,NA,NA
2021-10-27 00:00:00,NA,NA,NA,NA,NA,NA,NA,NA,NA,NA,NA,NA,NA,NA,NA,NA,NA,NA,NA,NA,NA,NA,NA,NA
2021-10-27 01:00:00,NA,NA,NA,NA,NA,NA,NA,NA,NA,NA,NA,NA,NA,NA,NA,NA,NA,NA,NA,NA,NA,NA,NA,NA
2021-10-27 02:00:00,NA,NA,NA,NA,NA,NA,NA,NA,NA,NA,NA,NA,NA,NA,NA,NA,NA,NA,NA,NA,NA,NA,NA,NA
2021-10-27 03:00:00,NA,NA,NA,NA,NA,NA,NA,NA,NA,NA,NA,NA,NA,NA,NA,NA,NA,NA,NA,NA,NA,NA,NA,NA
2021-10-27 04:00:00,NA,NA,NA,NA,NA,NA,NA,NA,NA,NA,NA,NA,NA,NA,NA,NA,NA,NA,NA,NA,NA,NA,NA,NA
2021-10-27 05:00:00,NA,NA,NA,NA,NA,NA,NA,NA,NA,NA,NA,NA,NA,NA,NA,NA,NA,NA,NA,NA,NA,NA,NA,NA
2021-10-27 06:00:00,NA,NA,NA,NA,NA,NA,NA,NA,NA,NA,NA,NA,NA,NA,NA,NA,NA,NA,NA,NA,NA,NA,NA,NA
2021-10-27 07:00:00,NA,NA,NA,NA,NA,NA,NA,NA,NA,NA,NA,NA,NA,NA,NA,NA,NA,NA,NA,NA,NA,NA,NA,NA
2021-10-27 08:00:00,NA,NA,NA,NA,NA,NA,NA,NA,NA,NA,NA,NA,NA,NA,NA,NA,NA,NA,NA,NA,NA,NA,NA,NA
2021-10-27 09:00:00,NA,137.62,10.04,18.95,28.65,NA,10.69,2.32,NA,NA,NA,NA,NA,NA,NA,NA,NA,NA,NA,NA,NA,NA,NA,NA
2021-10-27 10:00:00,NA,120.47,10.00,19.02,29.18,NA,10.91,2.75,NA,NA,NA,NA,NA,NA,NA,NA,NA,NA,NA,NA,NA,NA,NA,NA
2021-10-27 11:00:00,NA,106.04,10.06,18.75,28.92,NA,11.37,3.48,NA,NA,NA,NA,NA,NA,NA,NA,NA,NA,NA,NA,NA,NA,NA,NA
2021-10-27 12:00:00,NA,92.61,10.05,19.07,29.07,NA,9.43,6.86,NA,NA,NA,NA,NA,NA,NA,NA,NA,NA,NA,NA,NA,NA,NA,NA
2021-10-27 13:00:00,NA,87.79,9.91,19.04,29.25,NA,7.55,5.49,NA,NA,NA,NA,NA,NA,NA,NA,NA,NA,NA,NA,NA,NA,NA,NA
2021-10-27 14:00:00,NA,NA,NA,NA,NA,NA,NA,NA,NA,NA,NA,NA,NA,NA,NA,NA,NA,NA,NA,NA,NA,NA,NA,NA
2021-10-27 15:00:00,NA,70.87,9.95,18.88,29.08,NA,13.32,7.66,NA,NA,NA,NA,NA,NA,NA,NA,NA,NA,NA,NA,NA,NA,NA,NA
2021-10-27 16:00:00,NA,90.98,10.01,19.07,29.00,NA,13.83,3.32,NA,NA,NA,NA,NA,NA,NA,NA,NA,NA,NA,NA,NA,NA,NA,NA
2021-10-27 17:00:00,NA,100.28,9.87,19.15,28.64,NA,14.96,1.54,NA,NA,NA,NA,NA,NA,NA,NA,NA,NA,NA,NA,NA,NA,NA,NA
2021-10-27 18:00:00,NA,99.34,10.02,19.02,29.00,NA,9.31,1.93,NA,NA,NA,NA,NA,NA,NA,NA,NA,NA,NA,NA,NA,NA,NA,NA
2021-10-27 19:00:00,NA,117.13,10.04,19.12,29.01,NA,9.74,2.34,NA,NA,NA,NA,NA,NA,NA,NA,NA,NA,NA,NA,NA,NA,NA,NA
2021-10-27 20:00:00,NA,147.44,9.99,19.10,28.84,NA,9.52,2.55,NA,NA,NA,NA,NA,NA,NA,NA,NA,NA,NA,NA,NA,NA,NA,NA
2021-10-27 21:00:00,NA,152.26,10.09,18.87,28.93,NA,9.35,2.10,NA,NA,NA,NA,NA,NA,NA,NA,NA,NA,NA,NA,NA,NA,NA,NA
2021-10-27 22:00:00,NA,133.50,10.06,19.11,28.80,NA,9.56,1.84,NA,NA,NA,NA,NA,NA,NA,NA,NA,NA,NA,NA,NA,NA,NA,NA
2021-10-27 23:00:00,NA,122.62,10.16,18.88,29.32,NA,13.12,1.64,NA,NA,NA,NA,NA,NA,NA,NA,NA,NA,NA,NA,NA,NA,NA,NA
2021-10-28 00:00:00,NA,127.29,9.98,18.92,29.10,NA,13.48,1.14,NA,NA,NA,NA,NA,NA,NA,NA,NA,NA,NA,NA,NA,NA,NA,NA
2021-10-28 01:00:00,NA,107.20,9.91,19.10,29.01,NA,13.62,1.10,NA,NA,NA,NA,NA,NA,NA,NA,NA,NA,NA,NA,NA,NA,NA,NA
2021-10-28 02:00:00,NA,92.32,9.98,18.88,28.80,NA,13.39,1.04,NA,NA,NA,NA,NA,NA,NA,NA,NA,NA,NA,NA,NA,NA,NA,NA
2021-10-28 03:00:00,NA,105.08,10.08,18.90,29.19,NA,13.39,1.00,NA,NA,NA,NA,NA,NA,NA,NA,NA,NA,NA,NA,NA,NA,NA,NA
2021-10-28 04:00:00,NA,98.76,9.97,19.10,28.66,NA,9.99,1.00,NA,NA,NA,NA,NA,NA,NA,NA,NA,NA,NA,NA,NA,NA,NA,NA
2021-10-28 05:00:00,NA,93.99,9.97,18.93,28.79,NA,10.02,1.02,NA,NA,NA,NA,NA,NA,NA,NA,NA,NA,NA,NA,NA,NA,NA,NA
2021-10-28 06:00:00,NA,107.37,10.11,18.89,29.04,NA,10.25,1.13,NA,NA,NA,NA,NA,NA,NA,NA,NA,NA,NA,NA,NA,NA,NA,NA
2021-10-28 07:00:00,NA,119.90,10.10,19.10,29.44,NA,10.21,1.27,NA,NA,NA,NA,NA,NA,NA,NA,NA,NA,NA,NA,NA,NA,NA,NA
2021-10-28 08:00:00,NA,109.57,9.96,18.88,29.08,NA,10.39,1.40,NA,NA,NA,NA,NA,NA,NA,NA,NA,NA,NA,NA,NA,NA,NA,NA
2021-10-28 09:00:00,NA,112.28,10.01,19.01,28.94,NA,11.74,1.33,NA,NA,NA,NA,NA,NA,NA,NA,NA,NA,NA,NA,NA,NA,NA,NA
2021-10-28 10:00:00,NA,115.97,10.00,19.21,29.01,NA,12.46,1.48,NA,NA,NA,NA,NA,NA,NA,NA,NA,NA,NA,NA,NA,NA,NA,NA
2021-10-28 11:00:00,NA,111.68,10.03,18.93,29.01,NA,12.28,1.72,NA,NA,NA,NA,NA,NA,NA,NA,NA,NA,NA,NA,NA,NA,NA,NA
2021-10-28 12:00:00,NA,97.13,10.14,18.85,29.17,NA,11.98,1.59,NA,NA,NA,NA,NA,NA,NA,NA,NA,NA,NA,NA,NA,NA,NA,NA
2021-10-28 13:00:00,NA,91.82,10.10,18.90,28.97,NA,11.78,1.49,NA,NA,NA,NA,NA,NA,NA,NA,NA,NA,NA,NA,NA,NA,NA,NA
2021-10-28 14:00:00,NA,NA,NA,NA,NA,NA,NA,NA,NA,NA,NA,NA,NA,NA,NA,NA,NA,NA,NA,NA,NA,NA,NA,NA
2021-10-28 15:00:00,NA,NA,NA,NA,NA,NA,NA,NA,NA,NA,NA,NA,NA,NA,NA,NA,NA,NA,NA,NA,NA,NA,NA,NA
2021-10-28 16:00:00,NA,NA,NA,NA,NA,NA,NA,NA,NA,NA,NA,NA,NA,NA,NA,NA,NA,NA,NA,NA,NA,NA,NA,NA
2021-10-28 17:00:00,NA,NA,NA,NA,NA,NA,NA,NA,NA,NA,NA,NA,NA,NA,NA,NA,NA,NA,NA,NA,NA,NA,NA,NA
2021-10-28 18:00:00,NA,NA,NA,NA,NA,NA,NA,NA,NA,NA,NA,NA,NA,NA,NA,NA,NA,NA,NA,NA,NA,NA,NA,NA
2021-10-28 19:00:00,NA,NA,NA,NA,NA,NA,NA,NA,NA,NA,NA,NA,NA,NA,NA,NA,NA,NA,NA,NA,NA,NA,NA,NA
2021-10-28 20:00:00,NA,NA,NA,NA,NA,NA,NA,NA,NA,NA,NA,NA,NA,NA,NA,NA,NA,NA,NA,NA,NA,NA,NA,NA
2021-10-28 21:00:00,NA,NA,NA,NA,NA,NA,NA,NA,NA,NA,NA,NA,NA,NA,NA,NA,NA,NA,NA,NA,NA,NA,NA,NA
2021-10-28 22:00:00,NA,NA,NA,NA,NA,NA,NA,NA,NA,NA,NA,NA,NA,NA,NA,NA,NA,NA,NA,NA,NA,NA,NA,NA
2021-10-28 23:00:00,NA,NA,NA,NA,NA,NA,NA,NA,NA,NA,NA,NA,NA,NA,NA,NA,NA,NA,NA,NA,NA,NA,NA,NA
2021-10-29 00:00:00,NA,NA,NA,NA,NA,NA,NA,NA,NA,NA,NA,NA,NA,NA,NA,NA,NA,NA,NA,NA,NA,NA,NA,NA
2021-10-29 01:00:00,NA,NA,NA,NA,NA,NA,NA,NA,NA,NA,NA,NA,NA,NA,NA,NA,NA,NA,NA,NA,NA,NA,NA,NA
2021-10-29 02:00:00,NA,NA,NA,NA,NA,NA,NA,NA,NA,NA,NA,NA,NA,NA,NA,NA,NA,NA,NA,NA,NA,NA,NA,NA
2021-10-29 03:00:00,NA,NA,NA,NA,NA,NA,NA,NA,NA,NA,NA,NA,NA,NA,NA,NA,NA,NA,NA,NA,NA,NA,NA,NA
2021-10-29 04:00:00,NA,NA,NA,NA,NA,NA,NA,NA,NA,NA,NA,NA,NA,NA,NA,NA,NA,NA,NA,NA,NA,NA,NA,NA
2021-10-29 05:00:00,NA,NA,NA,NA,NA,NA,NA,NA,NA,NA,NA,NA,NA,NA,NA,NA,NA,NA,NA,NA,NA,NA,NA,NA
2021-10-29 06:00:00,NA,NA,NA,NA,NA,NA,NA,NA,NA,NA,NA,NA,NA,NA,NA,NA,NA,NA,NA,NA,NA,NA,NA,NA
2021-10-29 07:00:00,NA,NA,NA,NA,NA,NA,NA,NA,NA,NA,NA,NA,NA,NA,NA,NA,NA,NA,NA,NA,NA,NA,NA,NA
2021-10-29 08:00:00,NA,NA,NA,NA,NA,NA,NA,NA,NA,NA,NA,NA,NA,NA,NA,NA,NA,NA,NA,NA,NA,NA,NA,NA
2021-10-29 09:00:00,NA,NA,NA,NA,NA,NA,NA,NA,NA,NA,NA,NA,NA,NA,NA,NA,NA,NA,NA,NA,NA,NA,NA,NA
2021-10-29 10:00:00,NA,NA,NA,NA,NA,NA,NA,NA,NA,NA,NA,NA,NA,NA,NA,NA,NA,NA,NA,NA,NA,NA,NA,NA
2021-10-29 11:00:00,NA,NA,NA,NA,NA,NA,NA,NA,NA,NA,NA,NA,NA,NA,NA,NA,NA,NA,NA,NA,NA,NA,NA,NA
2021-10-29 12:00:00,NA,NA,NA,NA,NA,NA,NA,NA,NA,NA,NA,NA,NA,NA,NA,NA,NA,NA,NA,NA,NA,NA,NA,NA
2021-10-29 13:00:00,NA,NA,NA,NA,NA,NA,NA,NA,NA,NA,NA,NA,NA,NA,NA,NA,NA,NA,NA,NA,NA,NA,NA,NA
2021-10-29 14:00:00,NA,NA,NA,NA,NA,NA,NA,NA,NA,NA,NA,NA,NA,NA,NA,NA,NA,NA,NA,NA,NA,NA,NA,NA
2021-10-29 15:00:00,NA,NA,NA,NA,NA,NA,NA,NA,NA,NA,NA,NA,NA,NA,NA,NA,NA,NA,NA,NA,NA,NA,NA,NA
2021-10-29 16:00:00,NA,NA,NA,NA,NA,NA,NA,NA,NA,NA,NA,NA,NA,NA,NA,NA,NA,NA,NA,NA,NA,NA,NA,NA
2021-10-29 17:00:00,NA,NA,NA,NA,NA,NA,NA,NA,NA,NA,NA,NA,NA,NA,NA,NA,NA,NA,NA,NA,NA,NA,NA,NA
2021-10-29 18:00:00,NA,NA,NA,NA,NA,NA,NA,NA,NA,NA,NA,NA,NA,NA,NA,NA,NA,NA,NA,NA,NA,NA,NA,NA
2021-10-29 19:00:00,NA,NA,NA,NA,NA,NA,NA,NA,NA,NA,NA,NA,NA,NA,NA,NA,NA,NA,NA,NA,NA,NA,NA,NA
2021-10-29 20:00:00,NA,NA,NA,NA,NA,NA,NA,NA,NA,NA,NA,NA,NA,NA,NA,NA,NA,NA,NA,NA,NA,NA,NA,NA
2021-10-29 21:00:00,NA,NA,NA,NA,NA,NA,NA,NA,NA,NA,NA,NA,NA,NA,NA,NA,NA,NA,NA,NA,NA,NA,NA,NA
2021-10-29 22:00:00,NA,NA,NA,NA,NA,NA,NA,NA,NA,NA,NA,NA,NA,NA,NA,NA,NA,NA,NA,NA,NA,NA,NA,NA
2021-10-29 23:00:00,NA,NA,NA,NA,NA,NA,NA,NA,NA,NA,NA,NA,NA,NA,NA,NA,NA,NA,NA,NA,NA,NA,NA,NA
2021-10-30 00:00:00,NA,NA,NA,NA,NA,NA,NA,NA,NA,NA,NA,NA,NA,NA,NA,NA,NA,NA,NA,NA,NA,NA,NA,NA
2021-10-30 01:00:00,NA,NA,NA,NA,NA,NA,NA,NA,NA,NA,NA,NA,NA,NA,NA,NA,NA,NA,NA,NA,NA,NA,NA,NA
2021-10-30 02:00:00,NA,NA,NA,NA,NA,NA,NA,NA,NA,NA,NA,NA,NA,NA,NA,NA,NA,NA,NA,NA,NA,NA,NA,NA
2021-10-30 03:00:00,NA,NA,NA,NA,NA,NA,NA,NA,NA,NA,NA,NA,NA,NA,NA,NA,NA,NA,NA,NA,NA,NA,NA,NA
2021-10-30 04:00:00,NA,NA,NA,NA,NA,NA,NA,NA,NA,NA,NA,NA,NA,NA,NA,NA,NA,NA,NA,NA,NA,NA,NA,NA
2021-10-30 05:00:00,NA,NA,NA,NA,NA,NA,NA,NA,NA,NA,NA,NA,NA,NA,NA,NA,NA,NA,NA,NA,NA,NA,NA,NA
2021-10-30 06:00:00,NA,NA,NA,NA,NA,NA,NA,NA,NA,NA,NA,NA,NA,NA,NA,NA,NA,NA,NA,NA,NA,NA,NA,NA
2021-10-30 07:00:00,NA,NA,NA,NA,NA,NA,NA,NA,NA,NA,NA,NA,NA,NA,NA,NA,NA,NA,NA,NA,NA,NA,NA,NA
2021-10-30 08:00:00,NA,82.05,10.04,18.76,29.33,NA,NA,2.23,NA,NA,NA,NA,NA,NA,NA,NA,NA,NA,NA,NA,NA,NA,NA,NA
2021-10-30 09:00:00,NA,88.41,10.02,18.98,29.31,NA,8.82,2.21,NA,NA,NA,NA,NA,NA,NA,NA,NA,NA,NA,NA,NA,NA,NA,NA
2021-10-30 10:00:00,NA,76.05,9.95,19.10,28.99,NA,8.80,2.33,NA,NA,NA,NA,NA,NA,NA,NA,NA,NA,NA,NA,NA,NA,NA,NA
2021-10-30 11:00:00,NA,80.42,10.03,18.85,29.04,NA,8.52,2.40,NA,NA,NA,NA,NA,NA,NA,NA,NA,NA,NA,NA,NA,NA,NA,NA
2021-10-30 12:00:00,NA,79.95,9.97,19.11,29.15,NA,8.68,2.43,NA,NA,NA,NA,NA,NA,NA,NA,NA,NA,NA,NA,NA,NA,NA,NA
2021-10-30 13:00:00,NA,71.34,9.96,18.97,29.08,NA,10.68,2.45,NA,NA,NA,NA,NA,NA,NA,NA,NA,NA,NA,NA,NA,NA,NA,NA
2021-10-30 14:00:00,NA,73.40,9.99,19.22,29.04,NA,11.15,2.51,NA,NA,NA,NA,NA,NA,NA,NA,NA,NA,NA,NA,NA,NA,NA,NA
2021-10-30 15:00:00,NA,74.46,9.94,19.11,29.08,NA,10.95,2.43,NA,NA,NA,NA,NA,NA,NA,NA,NA,NA,NA,NA,NA,NA,NA,NA
2021-10-30 16:00:00,NA,78.24,9.90,19.10,29.29,NA,10.90,2.56,NA,NA,NA,NA,NA,NA,NA,NA,NA,NA,NA,NA,NA,NA,NA,NA
2021-10-30 17:00:00,NA,93.52,9.91,19.05,29.02,NA,10.70,2.76,NA,NA,NA,NA,NA,NA,NA,NA,NA,NA,NA,NA,NA,NA,NA,NA
2021-10-30 18:00:00,NA,94.16,10.04,18.91,28.88,NA,8.22,3.09,NA,NA,NA,NA,NA,NA,NA,NA,NA,NA,NA,NA,NA,NA,NA,NA
2021-10-30 19:00:00,NA,103.94,9.95,19.03,29.12,NA,8.60,3.14,NA,NA,NA,NA,NA,NA,NA,NA,NA,NA,NA,NA,NA,NA,NA,NA
2021-10-30 20:00:00,NA,84.22,10.00,19.01,29.05,NA,8.57,2.91,NA,NA,NA,NA,NA,NA,NA,NA,NA,NA,NA,NA,NA,NA,NA,NA
2021-10-30 21:00:00,NA,74.50,9.98,18.96,28.96,NA,7.80,1.24,NA,NA,NA,NA,NA,NA,NA,NA,NA,NA,NA,NA,NA,NA,NA,NA
2021-10-30 22:00:00,NA,74.99,10.02,19.03,29.02,NA,8.04,1.00,NA,NA,NA,NA,NA,NA,NA,NA,NA,NA,NA,NA,NA,NA,NA,NA
2021-10-30 23:00:00,NA,68.11,10.07,19.10,29.12,NA,10.27,1.98,NA,NA,NA,NA,NA,NA,NA,NA,NA,NA,NA,NA,NA,NA,NA,NA
2021-10-31 00:00:00,NA,60.53,10.04,18.98,28.99,NA,10.48,1.04,NA,NA,NA,NA,NA,NA,NA,NA,NA,NA,NA,NA,NA,NA,NA,NA
2021-10-31 01:00:00,NA,69.18,9.94,19.11,29.28,NA,10.43,1.00,NA,NA,NA,NA,NA,NA,NA,NA,NA,NA,NA,NA,NA,NA,NA,NA
2021-10-31 02:00:00,NA,54.65,10.03,18.99,29.10,NA,10.60,1.00,NA,NA,NA,NA,NA,NA,NA,NA,NA,NA,NA,NA,NA,NA,NA,NA
2021-10-31 03:00:00,NA,40.62,9.93,19.13,29.28,NA,10.54,1.00,NA,NA,NA,NA,NA,NA,NA,NA,NA,NA,NA,NA,NA,NA,NA,NA
2021-10-31 04:00:00,NA,31.97,10.05,19.02,29.04,NA,10.43,1.00,NA,NA,NA,NA,NA,NA,NA,NA,NA,NA,NA,NA,NA,NA,NA,NA
2021-10-31 05:00:00,NA,46.68,10.05,18.84,29.36,NA,10.59,1.00,NA,NA,NA,NA,NA,NA,NA,NA,NA,NA,NA,NA,NA,NA,NA,NA
2021-10-31 06:00:00,NA,70.37,10.02,18.80,29.13,NA,12.58,5.54,NA,NA,NA,NA,NA,NA,NA,NA,NA,NA,NA,NA,NA,NA,NA,NA
2021-10-31 07:00:00,NA,89.52,10.02,19.00,28.90,NA,11.65,7.30,NA,NA,NA,NA,NA,NA,NA,NA,NA,NA,NA,NA,NA,NA,NA,NA
2021-10-31 08:00:00,NA,104.64,9.98,19.16,28.63,NA,11.43,7.36,NA,NA,NA,NA,NA,NA,NA,NA,NA,NA,NA,NA,NA,NA,NA,NA
2021-10-31 09:00:00,NA,98.84,10.00,18.98,29.08,NA,8.76,7.00,NA,NA,NA,NA,NA,NA,NA,NA,NA,NA,NA,NA,NA,NA,NA,NA
2021-10-31 10:00:00,NA,75.97,9.94,19.08,29.05,NA,8.96,6.82,NA,NA,NA,NA,NA,NA,NA,NA,NA,NA,NA,NA,NA,NA,NA,NA
2021-10-31 11:00:00,NA,91.78,10.02,18.99,29.40,NA,8.96,6.93,NA,NA,NA,NA,NA,NA,NA,NA,NA,NA,NA,NA,NA,NA,NA,NA
2021-10-31 12:00:00,NA,75.33,9.98,19.24,29.10,NA,9.12,6.86,NA,NA,NA,NA,NA,NA,NA,NA,NA,NA,NA,NA,NA,NA,NA,NA
2021-10-31 13:00:00,NA,52.31,9.96,18.76,29.19,NA,9.11,6.94,NA,NA,NA,NA,NA,NA,NA,NA,NA,NA,NA,NA,NA,NA,NA,NA
2021-10-31 14:00:00,NA,56.61,9.99,19.08,29.24,NA,11.64,7.10,NA,NA,NA,NA,NA,NA,NA,NA,NA,NA,NA,NA,NA,NA,NA,NA
2021-10-31 15:00:00,NA,70.50,9.93,19.02,29.16,NA,11.88,7.38,NA,NA,NA,NA,NA,NA,NA,NA,NA,NA,NA,NA,NA,NA,NA,NA
2021-10-31 16:00:00,NA,72.00,10.07,18.87,29.22,NA,12.02,7.30,NA,NA,NA,NA,NA,NA,NA,NA,NA,NA,NA,NA,NA,NA,NA,NA
2021-10-31 17:00:00,NA,70.18,10.07,19.11,29.25,NA,11.69,7.32,NA,NA,NA,NA,NA,NA,NA,NA,NA,NA,NA,NA,NA,NA,NA,NA
2021-10-31 18:00:00,NA,60.12,10.06,18.91,29.14,NA,11.80,7.24,NA,NA,NA,NA,NA,NA,NA,NA,NA,NA,NA,NA,NA,NA,NA,NA
2021-10-31 19:00:00,NA,62.78,9.96,18.92,29.20,NA,11.88,7.27,NA,NA,NA,NA,NA,NA,NA,NA,NA,NA,NA,NA,NA,NA,NA,NA
2021-10-31 20:00:00,NA,54.38,10.00,19.00,29.39,NA,11.99,7.36,NA,NA,NA,NA,NA,NA,NA,NA,NA,NA,NA,NA,NA,NA,NA,NA
2021-10-31 21:00:00,NA,72.02,9.90,19.07,28.95,NA,11.84,7.34,NA,NA,NA,NA,NA,NA,NA,NA,NA,NA,NA,NA,NA,NA,NA,NA
2021-10-31 22:00:00,NA,64.40,10.09,19.13,28.72,NA,11.89,7.24,NA,NA,NA,NA,NA,NA,NA,NA,NA,NA,NA,NA,NA,NA,NA,NA
2021-10-31 23:00:00,NA,55.97,9.89,19.01,28.82,NA,12.13,2.12,NA,NA,NA,NA,NA,NA,NA,NA,NA,NA,NA,NA,NA,NA,NA,NA
2021-11-01 00:00:00,NA,58.50,9.89,19.01,28.78,NA,10.98,1.99,NA,NA,NA,NA,NA,NA,NA,NA,NA,NA,NA,NA,NA,NA,NA,NA
2021-11-01 01:00:00,NA,49.07,9.96,19.03,28.63,NA,11.65,1.78,NA,NA,NA,NA,NA,NA,NA,NA,NA,NA,NA,NA,NA,NA,NA,NA
2021-11-01 02:00:00,NA,38.60,10.07,19.00,29.16,NA,11.21,1.58,NA,NA,NA,NA,NA,NA,NA,NA,NA,NA,NA,NA,NA,NA,NA,NA
2021-11-01 03:00:00,NA,42.64,9.96,18.99,29.23,NA,11.45,1.47,NA,NA,NA,NA,NA,NA,NA,NA,NA,NA,NA,NA,NA,NA,NA,NA
2021-11-01 04:00:00,NA,38.83,9.96,18.86,28.83,NA,11.37,1.41,NA,NA,NA,NA,NA,NA,NA,NA,NA,NA,NA,NA,NA,NA,NA,NA
2021-11-01 05:00:00,NA,33.31,10.02,18.83,28.87,NA,7.84,1.57,NA,NA,NA,NA,NA,NA,NA,NA,NA,NA,NA,NA,NA,NA,NA,NA
2021-11-01 06:00:00,NA,47.10,10.06,19.02,28.85,NA,7.95,1.96,NA,NA,NA,NA,NA,NA,NA,NA,NA,NA,NA,NA,NA,NA,NA,NA
2021-11-01 07:00:00,NA,61.36,10.10,18.89,28.94,NA,7.95,2.32,NA,NA,NA,NA,NA,NA,NA,NA,NA,NA,NA,NA,NA,NA,NA,NA
2021-11-01 08:00:00,NA,73.78,9.98,19.38,28.74,NA,8.08,2.35,NA,NA,NA,NA,NA,NA,NA,NA,NA,NA,NA,NA,NA,NA,NA,NA
2021-11-01 09:00:00,NA,78.56,10.02,19.16,29.01,NA,8.19,2.10,NA,NA,NA,NA,NA,NA,NA,NA,NA,NA,NA,NA,NA,NA,NA,NA
2021-11-01 10:00:00,NA,81.18,10.04,19.01,28.79,NA,12.29,1.86,NA,NA,NA,NA,NA,NA,NA,NA,NA,NA,NA,NA,NA,NA,NA,NA
2021-11-01 11:00:00,NA,82.16,10.03,19.01,29.09,NA,12.54,1.91,NA,NA,NA,NA,NA,NA,NA,NA,NA,NA,NA,NA,NA,NA,NA,NA
2021-11-01 12:00:00,NA,67.82,10.11,18.78,29.14,NA,12.40,1.86,NA,NA,NA,NA,NA,NA,NA,NA,NA,NA,NA,NA,NA,NA,NA,NA
2021-11-01 13:00:00,NA,60.49,10.00,18.78,29.11,NA,12.22,2.06,NA,NA,NA,NA,NA,NA,NA,NA,NA,NA,NA,NA,NA,NA,NA,NA
2021-11-01 14:00:00,NA,49.73,10.07,18.91,28.97,NA,12.34,2.04,NA,NA,NA,NA,NA,NA,NA,NA,NA,NA,NA,NA,NA,NA,NA,NA
2021-11-01 15:00:00,NA,69.25,9.93,19.10,29.05,NA,11.00,2.15,NA,NA,NA,NA,NA,NA,NA,NA,NA,NA,NA,NA,NA,NA,NA,NA
2021-11-01 16:00:00,NA,62.84,9.98,19.11,29.00,NA,11.32,2.12,NA,NA,NA,NA,NA,NA,NA,NA,NA,NA,NA,NA,NA,NA,NA,NA
2021-11-01 17:00:00,NA,52.95,9.99,18.85,28.95,NA,11.06,2.27,NA,NA,NA,NA,NA,NA,NA,NA,NA,NA,NA,NA,NA,NA,NA,NA
2021-11-01 18:00:00,NA,60.80,10.02,19.13,28.94,NA,11.02,2.20,NA,NA,NA,NA,NA,NA,NA,NA,NA,NA,NA,NA,NA,NA,NA,NA
2021-11-01 19:00:00,NA,59.75,9.98,18.92,28.97,NA,11.15,2.24,NA,NA,NA,NA,NA,NA,NA,NA,NA,NA,NA,NA,NA,NA,NA,NA
2021-11-01 20:00:00,NA,55.68,9.90,18.88,29.20,NA,8.41,2.10,NA,NA,NA,NA,NA,NA,NA,NA,NA,NA,NA,NA,NA,NA,NA,NA
2021-11-01 21:00:00,NA,53.48,10.12,19.10,28.94,NA,8.47,1.87,NA,NA,NA,NA,NA,NA,NA,NA,NA,NA,NA,NA,NA,NA,NA,NA
2021-11-01 22:00:00,NA,42.86,9.95,19.04,28.84,NA,8.52,2.07,NA,NA,NA,NA,NA,NA,NA,NA,NA,NA,NA,NA,NA,NA,NA,NA
2021-11-01 23:00:00,NA,36.15,10.09,18.86,29.41,NA,8.45,2.10,NA,NA,NA,NA,NA,NA,NA,NA,NA,NA,NA,NA,NA,NA,NA,NA
2021-11-02 00:00:00,NA,29.90,9.89,18.82,29.02,NA,8.30,1.75,NA,NA,NA,NA,NA,NA,NA,NA,NA,NA,NA,NA,NA,NA,NA,NA
2021-11-02 01:00:00,NA,34.29,10.09,19.19,28.98,NA,12.66,1.43,NA,NA,NA,NA,NA,NA,NA,NA,NA,NA,NA,NA,NA,NA,NA,NA
2021-11-02 02:00:00,NA,31.65,9.98,19.08,29.01,NA,12.73,1.25,NA,NA,NA,NA,NA,NA,NA,NA,NA,NA,NA,NA,NA,NA,NA,NA
2021-11-02 03:00:00,NA,26.79,10.03,19.02,29.17,NA,12.70,1.21,NA,NA,NA,NA,NA,NA,NA,NA,NA,NA,NA,NA,NA,NA,NA,NA
2021-11-02 04:00:00,NA,35.25,9.82,19.13,29.26,NA,12.93,1.32,NA,NA,NA,NA,NA,NA,NA,NA,NA,NA,NA,NA,NA,NA,NA,NA
2021-11-02 05:00:00,NA,40.41,10.09,19.09,28.94,NA,12.84,1.42,NA,NA,NA,NA,NA,NA,NA,NA,NA,NA,NA,NA,NA,NA,NA,NA
2021-11-02 06:00:00,NA,51.11,10.10,19.19,29.02,NA,8.59,1.72,NA,NA,NA,NA,NA,NA,NA,NA,NA,NA,NA,NA,NA,NA,NA,NA
2021-11-02 07:00:00,NA,59.38,9.97,19.02,28.92,NA,8.53,1.85,NA,NA,NA,NA,NA,NA,NA,NA,NA,NA,NA,NA,NA,NA,NA,NA
2021-11-02 08:00:00,NA,75.01,9.96,18.91,28.89,NA,8.48,1.95,NA,NA,NA,NA,NA,NA,NA,NA,NA,NA,NA,NA,NA,NA,NA,NA
2021-11-02 09:00:00,NA,78.78,9.98,18.89,29.03,NA,8.65,1.92,NA,NA,NA,NA,NA,NA,NA,NA,NA,NA,NA,NA,NA,NA,NA,NA
2021-11-02 10:00:00,NA,67.55,10.05,19.04,28.93,NA,8.63,2.00,NA,NA,NA,NA,NA,NA,NA,NA,NA,NA,NA,NA,NA,NA,NA,NA
2021-11-02 11:00:00,NA,72.90,9.99,19.04,29.11,NA,6.84,1.40,NA,NA,NA,NA,NA,NA,NA,NA,NA,NA,NA,NA,NA,NA,NA,NA
2021-11-02 12:00:00,NA,59.79,9.99,18.98,29.11,NA,7.03,1.05,NA,NA,NA,NA,NA,NA,NA,NA,NA,NA,NA,NA,NA,NA,NA,NA
2021-11-02 13:00:00,NA,50.34,9.97,18.94,29.06,NA,6.86,1.00,NA,NA,NA,NA,NA,NA,NA,NA,NA,NA,NA,NA,NA,NA,NA,NA
2021-11-02 14:00:00,NA,56.22,10.05,18.94,28.86,NA,7.31,1.00,NA,NA,NA,NA,NA,NA,NA,NA,NA,NA,NA,NA,NA,NA,NA,NA
2021-11-02 15:00:00,NA,56.91,10.00,18.81,29.20,NA,7.13,1.00,NA,NA,NA,NA,NA,NA,NA,NA,NA,NA,NA,NA,NA,NA,NA,NA
2021-11-02 16:00:00,NA,78.28,9.97,19.09,29.02,NA,10.06,1.00,NA,NA,NA,NA,NA,NA,NA,NA,NA,NA,NA,NA,NA,NA,NA,NA
2021-11-02 17:00:00,NA,69.57,9.98,18.82,29.00,NA,10.63,1.00,NA,NA,NA,NA,NA,NA,NA,NA,NA,NA,NA,NA,NA,NA,NA,NA
2021-11-02 18:00:00,NA,66.86,10.07,19.07,28.90,NA,10.72,1.00,NA,NA,NA,NA,NA,NA,NA,NA,NA,NA,NA,NA,NA,NA,NA,NA
2021-11-02 19:00:00,NA,80.84,10.06,19.16,28.91,NA,10.72,1.00,NA,NA,NA,NA,NA,NA,NA,NA,NA,NA,NA,NA,NA,NA,NA,NA
2021-11-02 20:00:00,NA,90.44,9.98,19.04,29.01,NA,10.61,1.00,NA,NA,NA,NA,NA,NA,NA,NA,NA,NA,NA,NA,NA,NA,NA,NA
2021-11-02 21:00:00,NA,85.28,10.00,18.87,29.05,NA,9.05,1.00,NA,NA,NA,NA,NA,NA,NA,NA,NA,NA,NA,NA,NA,NA,NA,NA
2021-11-02 22:00:00,NA,88.97,9.96,19.10,29.09,NA,9.33,1.00,NA,NA,NA,NA,NA,NA,NA,NA,NA,NA,NA,NA,NA,NA,NA,NA
2021-11-02 23:00:00,NA,94.42,10.09,18.92,28.85,NA,9.53,2.16,NA,NA,NA,NA,NA,NA,NA,NA,NA,NA,NA,NA,NA,NA,NA,NA
2021-11-03 00:00:00,NA,82.68,10.04,18.96,29.06,NA,9.35,1.96,NA,NA,NA,NA,NA,NA,NA,NA,NA,NA,NA,NA,NA,NA,NA,NA
2021-11-03 01:00:00,NA,69.31,9.98,19.09,28.74,NA,9.64,1.48,NA,NA,NA,NA,NA,NA,NA,NA,NA,NA,NA,NA,NA,NA,NA,NA
2021-11-03 02:00:00,NA,50.98,10.01,19.09,28.67,NA,5.05,1.16,NA,NA,NA,NA,NA,NA,NA,NA,NA,NA,NA,NA,NA,NA,NA,NA
2021-11-03 03:00:00,NA,42.17,9.95,18.84,28.78,NA,5.43,1.08,NA,NA,NA,NA,NA,NA,NA,NA,NA,NA,NA,NA,NA,NA,NA,NA
2021-11-03 04:00:00,NA,40.85,9.93,18.98,28.92,NA,5.38,1.54,NA,NA,NA,NA,NA,NA,NA,NA,NA,NA,NA,NA,NA,NA,NA,NA
2021-11-03 05:00:00,NA,47.92,9.98,18.89,28.94,NA,5.30,1.27,NA,NA,NA,NA,NA,NA,NA,NA,NA,NA,NA,NA,NA,NA,NA,NA
2021-11-03 06:00:00,NA,59.60,10.12,19.04,29.04,NA,5.46,1.92,NA,NA,NA,NA,NA,NA,NA,NA,NA,NA,NA,NA,NA,NA,NA,NA
2021-11-03 07:00:00,NA,69.75,9.89,19.16,29.02,NA,6.13,1.84,NA,NA,NA,NA,NA,NA,NA,NA,NA,NA,NA,NA,NA,NA,NA,NA
2021-11-03 08:00:00,NA,78.42,10.01,19.01,29.10,NA,6.75,1.94,NA,NA,NA,NA,NA,NA,NA,NA,NA,NA,NA,NA,NA,NA,NA,NA
2021-11-03 09:00:00,NA,79.46,10.01,18.84,29.28,NA,6.73,2.25,NA,NA,NA,NA,NA,NA,NA,NA,NA,NA,NA,NA,NA,NA,NA,NA
2021-11-03 10:00:00,NA,77.02,10.11,18.95,29.16,NA,6.70,2.31,NA,NA,NA,NA,NA,NA,NA,NA,NA,NA,NA,NA,NA,NA,NA,NA
2021-11-03 11:00:00,NA,67.12,10.07,19.10,29.02,NA,6.81,2.39,NA,NA,NA,NA,NA,NA,NA,NA,NA,NA,NA,NA,NA,NA,NA,NA
2021-11-03 12:00:00,NA,55.90,10.00,19.01,29.20,NA,7.76,2.50,NA,NA,NA,NA,NA,NA,NA,NA,NA,NA,NA,NA,NA,NA,NA,NA
2021-11-03 13:00:00,NA,73.16,9.98,18.83,29.04,NA,8.00,2.82,NA,NA,NA,NA,NA,NA,NA,NA,NA,NA,NA,NA,NA,NA,NA,NA
2021-11-03 14:00:00,NA,82.17,10.00,18.99,29.19,NA,7.77,2.50,NA,NA,NA,NA,NA,NA,NA,NA,NA,NA,NA,NA,NA,NA,NA,NA
2021-11-03 15:00:00,NA,76.72,10.06,19.01,28.83,NA,7.82,2.63,NA,NA,NA,NA,NA,NA,NA,NA,NA,NA,NA,NA,NA,NA,NA,NA
2021-11-03 16:00:00,NA,63.82,9.99,19.03,29.20,NA,7.62,2.34,NA,NA,NA,NA,NA,NA,NA,NA,NA,NA,NA,NA,NA,NA,NA,NA
2021-11-03 17:00:00,NA,71.62,10.05,19.23,29.08,NA,9.91,2.03,NA,NA,NA,NA,NA,NA,NA,NA,NA,NA,NA,NA,NA,NA,NA,NA
2021-11-03 18:00:00,NA,87.88,30.68,21.19,33.00,NA,13.26,2.18,NA,NA,NA,NA,NA,NA,NA,NA,NA,NA,NA,NA,NA,NA,NA,NA
2021-11-03 19:00:00,NA,108.08,49.83,23.00,37.31,NA,16.37,2.69,NA,NA,NA,NA,NA,NA,NA,NA,NA,NA,NA,NA,NA,NA,NA,NA
2021-11-03 20:00:00,NA,111.38,43.58,23.20,37.24,NA,16.07,3.62,NA,NA,NA,NA,NA,NA,NA,NA,NA,NA,NA,NA,NA,NA,NA,NA
2021-11-03 21:00:00,NA,100.03,14.07,23.14,36.90,NA,16.27,3.38,NA,NA,NA,NA,NA,NA,NA,NA,NA,NA,NA,NA,NA,NA,NA,NA
2021-11-03 22:00:00,NA,100.55,14.02,22.98,36.93,NA,18.34,3.17,NA,NA,NA,NA,NA,NA,NA,NA,NA,NA,NA,NA,NA,NA,NA,NA
2021-11-03 23:00:00,NA,97.43,13.93,23.32,36.74,NA,18.36,2.00,NA,NA,NA,NA,NA,NA,NA,NA,NA,NA,NA,NA,NA,NA,NA,NA
2021-11-04 00:00:00,NA,103.86,14.00,23.10,37.09,NA,18.56,1.65,NA,NA,NA,NA,NA,NA,NA,NA,NA,NA,NA,NA,NA,NA,NA,NA
2021-11-04 01:00:00,NA,75.33,13.93,23.02,37.25,NA,18.55,1.00,NA,NA,NA,NA,NA,NA,NA,NA,NA,NA,NA,NA,NA,NA,NA,NA
2021-11-04 02:00:00,NA,53.82,14.08,23.01,36.92,NA,18.19,1.00,NA,NA,NA,NA,NA,NA,NA,NA,NA,NA,NA,NA,NA,NA,NA,NA
2021-11-04 03:00:00,NA,43.46,13.99,23.06,37.06,NA,18.00,1.00,NA,NA,NA,NA,NA,NA,NA,NA,NA,NA,NA,NA,NA,NA,NA,NA
2021-11-04 04:00:00,NA,34.64,14.06,23.00,36.97,NA,18.32,1.00,NA,NA,NA,NA,NA,NA,NA,NA,NA,NA,NA,NA,NA,NA,NA,NA
2021-11-04 05:00:00,NA,27.95,13.95,22.88,37.14,NA,18.60,1.00,NA,NA,NA,NA,NA,NA,NA,NA,NA,NA,NA,NA,NA,NA,NA,NA
2021-11-04 06:00:00,NA,59.90,13.94,23.02,36.80,NA,18.32,1.00,NA,NA,NA,NA,NA,NA,NA,NA,NA,NA,NA,NA,NA,NA,NA,NA
2021-11-04 07:00:00,NA,60.46,14.00,22.78,37.03,NA,18.43,1.01,NA,NA,NA,NA,NA,NA,NA,NA,NA,NA,NA,NA,NA,NA,NA,NA
2021-11-04 08:00:00,NA,88.43,14.02,23.14,37.41,NA,14.72,1.05,NA,NA,NA,NA,NA,NA,NA,NA,NA,NA,NA,NA,NA,NA,NA,NA
2021-11-04 09:00:00,NA,92.11,14.01,23.14,36.96,NA,14.92,1.10,NA,NA,NA,NA,NA,NA,NA,NA,NA,NA,NA,NA,NA,NA,NA,NA
2021-11-04 10:00:00,NA,72.78,14.01,23.04,36.69,NA,14.93,1.08,NA,NA,NA,NA,NA,NA,NA,NA,NA,NA,NA,NA,NA,NA,NA,NA
2021-11-04 11:00:00,NA,74.28,13.94,22.96,37.03,NA,14.94,1.17,NA,NA,NA,NA,NA,NA,NA,NA,NA,NA,NA,NA,NA,NA,NA,NA
2021-11-04 12:00:00,NA,72.03,13.97,22.94,36.98,NA,14.82,1.32,NA,NA,NA,NA,NA,NA,NA,NA,NA,NA,NA,NA,NA,NA,NA,NA
2021-11-04 13:00:00,NA,52.80,13.96,22.89,36.93,NA,16.93,1.00,NA,NA,NA,NA,NA,NA,NA,NA,NA,NA,NA,NA,NA,NA,NA,NA
2021-11-04 14:00:00,NA,52.72,13.94,23.09,37.04,NA,17.06,1.16,NA,NA,NA,NA,NA,NA,NA,NA,NA,NA,NA,NA,NA,NA,NA,NA
2021-11-04 15:00:00,NA,62.24,13.91,22.78,36.72,NA,17.04,1.36,NA,NA,NA,NA,NA,NA,NA,NA,NA,NA,NA,NA,NA,NA,NA,NA
2021-11-04 16:00:00,NA,70.76,14.10,23.09,37.22,NA,16.89,1.20,NA,NA,NA,NA,NA,NA,NA,NA,NA,NA,NA,NA,NA,NA,NA,NA
2021-11-04 17:00:00,NA,76.52,14.08,23.04,37.30,NA,16.88,1.44,NA,NA,NA,NA,NA,NA,NA,NA,NA,NA,NA,NA,NA,NA,NA,NA
2021-11-04 18:00:00,NA,86.96,14.43,23.33,37.94,NA,15.62,4.28,NA,NA,NA,NA,NA,NA,NA,NA,NA,NA,NA,NA,NA,NA,NA,NA
2021-11-04 19:00:00,NA,131.03,14.56,23.52,38.15,NA,15.18,4.19,NA,NA,NA,NA,NA,NA,NA,NA,NA,NA,NA,NA,NA,NA,NA,NA
2021-11-04 20:00:00,NA,150.04,14.54,23.59,38.21,NA,15.41,4.06,NA,NA,NA,NA,NA,NA,NA,NA,NA,NA,NA,NA,NA,NA,NA,NA
2021-11-04 21:00:00,NA,NA,NA,NA,NA,NA,NA,NA,NA,NA,NA,NA,NA,NA,NA,NA,NA,NA,NA,NA,NA,NA,NA,NA
2021-11-04 22:00:00,NA,NA,NA,NA,NA,NA,NA,NA,NA,NA,NA,NA,NA,NA,NA,NA,NA,NA,NA,NA,NA,NA,NA,NA
2021-11-04 23:00:00,NA,NA,NA,NA,NA,NA,NA,NA,NA,NA,NA,NA,NA,NA,NA,NA,NA,NA,NA,NA,NA,NA,NA,NA
2021-11-05 00:00:00,NA,NA,14.48,23.54,38.36,NA,NA,1.10,NA,NA,NA,NA,NA,NA,NA,NA,NA,NA,NA,NA,NA,NA,NA,NA
2021-11-05 01:00:00,NA,NA,14.46,23.70,38.14,NA,13.17,1.10,NA,NA,NA,NA,NA,NA,NA,NA,NA,NA,NA,NA,NA,NA,NA,NA
2021-11-05 02:00:00,NA,NA,14.64,23.58,38.15,NA,13.14,1.10,NA,NA,NA,NA,NA,NA,NA,NA,NA,NA,NA,NA,NA,NA,NA,NA
2021-11-05 03:00:00,NA,NA,14.56,23.46,38.03,NA,13.22,1.10,NA,NA,NA,NA,NA,NA,NA,NA,NA,NA,NA,NA,NA,NA,NA,NA
2021-11-05 04:00:00,NA,NA,14.58,23.47,37.91,NA,14.84,1.10,NA,NA,NA,NA,NA,NA,NA,NA,NA,NA,NA,NA,NA,NA,NA,NA
2021-11-05 05:00:00,NA,NA,14.57,23.66,38.30,NA,14.92,1.10,NA,NA,NA,NA,NA,NA,NA,NA,NA,NA,NA,NA,NA,NA,NA,NA
2021-11-05 06:00:00,NA,NA,14.58,23.46,38.03,NA,15.04,1.10,NA,NA,NA,NA,NA,NA,NA,NA,NA,NA,NA,NA,NA,NA,NA,NA
2021-11-05 07:00:00,NA,NA,14.44,23.61,38.32,NA,15.14,1.10,NA,NA,NA,NA,NA,NA,NA,NA,NA,NA,NA,NA,NA,NA,NA,NA
2021-11-05 08:00:00,NA,NA,14.53,23.62,38.06,NA,15.34,1.03,NA,NA,NA,NA,NA,NA,NA,NA,NA,NA,NA,NA,NA,NA,NA,NA
2021-11-05 09:00:00,NA,NA,14.42,23.55,38.04,NA,13.40,1.00,NA,NA,NA,NA,NA,NA,NA,NA,NA,NA,NA,NA,NA,NA,NA,NA
2021-11-05 10:00:00,NA,49.73,14.40,23.52,28.31,NA,13.54,0.75,NA,NA,NA,NA,NA,NA,NA,NA,NA,NA,NA,NA,NA,NA,NA,NA
2021-11-05 11:00:00,NA,88.32,14.53,23.41,37.94,NA,13.26,1.00,NA,NA,NA,NA,NA,NA,NA,NA,NA,NA,NA,NA,NA,NA,NA,NA
2021-11-05 12:00:00,NA,67.08,14.54,23.41,38.06,NA,13.55,1.00,NA,NA,NA,NA,NA,NA,NA,NA,NA,NA,NA,NA,NA,NA,NA,NA
2021-11-05 13:00:00,NA,49.94,14.42,23.38,37.74,NA,11.86,1.00,NA,NA,NA,NA,NA,NA,NA,NA,NA,NA,NA,NA,NA,NA,NA,NA
2021-11-05 14:00:00,NA,45.91,14.49,23.62,38.16,NA,14.32,1.00,NA,NA,NA,NA,NA,NA,NA,NA,NA,NA,NA,NA,NA,NA,NA,NA
2021-11-05 15:00:00,NA,47.60,14.50,23.34,37.97,NA,14.43,1.00,NA,NA,NA,NA,NA,NA,NA,NA,NA,NA,NA,NA,NA,NA,NA,NA
2021-11-05 16:00:00,NA,67.16,14.50,23.48,37.94,NA,14.52,1.00,NA,NA,NA,NA,NA,NA,NA,NA,NA,NA,NA,NA,NA,NA,NA,NA
2021-11-05 17:00:00,NA,81.06,14.59,23.47,38.31,NA,14.54,1.00,NA,NA,NA,NA,NA,NA,NA,NA,NA,NA,NA,NA,NA,NA,NA,NA
2021-11-05 18:00:00,NA,70.16,14.44,23.38,38.31,NA,14.39,1.17,NA,NA,NA,NA,NA,NA,NA,NA,NA,NA,NA,NA,NA,NA,NA,NA
2021-11-05 19:00:00,NA,92.87,14.62,23.38,37.89,NA,14.13,1.79,NA,NA,NA,NA,NA,NA,NA,NA,NA,NA,NA,NA,NA,NA,NA,NA
2021-11-05 20:00:00,NA,122.73,14.48,23.54,38.16,NA,13.94,1.10,NA,NA,NA,NA,NA,NA,NA,NA,NA,NA,NA,NA,NA,NA,NA,NA
2021-11-05 21:00:00,NA,100.85,14.55,23.43,37.84,NA,14.34,1.01,NA,NA,NA,NA,NA,NA,NA,NA,NA,NA,NA,NA,NA,NA,NA,NA
2021-11-05 22:00:00,NA,102.07,14.54,23.29,37.84,NA,14.44,1.02,NA,NA,NA,NA,NA,NA,NA,NA,NA,NA,NA,NA,NA,NA,NA,NA
2021-11-05 23:00:00,NA,99.32,14.43,23.62,37.38,NA,14.06,1.00,NA,NA,NA,NA,NA,NA,NA,NA,NA,NA,NA,NA,NA,NA,NA,NA
2021-11-06 00:00:00,NA,72.30,14.47,23.57,37.67,NA,11.95,1.00,NA,NA,NA,NA,NA,NA,NA,NA,NA,NA,NA,NA,NA,NA,NA,NA
2021-11-06 01:00:00,NA,64.94,14.54,23.71,37.84,NA,12.04,1.00,NA,NA,NA,NA,NA,NA,NA,NA,NA,NA,NA,NA,NA,NA,NA,NA
2021-11-06 02:00:00,NA,59.97,14.50,23.56,38.25,NA,11.86,1.00,NA,NA,NA,NA,NA,NA,NA,NA,NA,NA,NA,NA,NA,NA,NA,NA
2021-11-06 03:00:00,NA,61.73,14.55,23.54,37.92,NA,11.97,1.00,NA,NA,NA,NA,NA,NA,NA,NA,NA,NA,NA,NA,NA,NA,NA,NA
2021-11-06 04:00:00,NA,61.46,14.40,23.58,37.81,NA,11.93,1.00,NA,NA,NA,NA,NA,NA,NA,NA,NA,NA,NA,NA,NA,NA,NA,NA
2021-11-06 05:00:00,NA,62.13,14.48,23.41,38.06,NA,16.13,1.00,NA,NA,NA,NA,NA,NA,NA,NA,NA,NA,NA,NA,NA,NA,NA,NA
2021-11-06 06:00:00,NA,60.90,14.47,23.29,38.01,NA,16.19,1.00,NA,NA,NA,NA,NA,NA,NA,NA,NA,NA,NA,NA,NA,NA,NA,NA
2021-11-06 07:00:00,NA,59.21,14.52,23.43,37.95,NA,16.31,1.00,NA,NA,NA,NA,NA,NA,NA,NA,NA,NA,NA,NA,NA,NA,NA,NA
2021-11-06 08:00:00,NA,63.04,14.52,23.54,38.07,NA,16.32,2.20,NA,NA,NA,NA,NA,NA,NA,NA,NA,NA,NA,NA,NA,NA,NA,NA
2021-11-06 09:00:00,NA,79.94,14.46,23.51,37.96,NA,16.44,2.66,NA,NA,NA,NA,NA,NA,NA,NA,NA,NA,NA,NA,NA,NA,NA,NA
2021-11-06 10:00:00,NA,92.91,14.48,23.36,38.18,NA,14.74,2.84,NA,NA,NA,NA,NA,NA,NA,NA,NA,NA,NA,NA,NA,NA,NA,NA
2021-11-06 11:00:00,NA,89.95,14.41,23.54,37.90,NA,15.01,2.97,NA,NA,NA,NA,NA,NA,NA,NA,NA,NA,NA,NA,NA,NA,NA,NA
2021-11-06 12:00:00,NA,84.50,14.46,23.56,38.07,NA,14.96,2.97,NA,NA,NA,NA,NA,NA,NA,NA,NA,NA,NA,NA,NA,NA,NA,NA
2021-11-06 13:00:00,NA,85.27,14.43,23.52,37.91,NA,14.95,2.97,NA,NA,NA,NA,NA,NA,NA,NA,NA,NA,NA,NA,NA,NA,NA,NA
2021-11-06 14:00:00,NA,80.95,14.44,23.56,37.57,NA,14.92,3.04,NA,NA,NA,NA,NA,NA,NA,NA,NA,NA,NA,NA,NA,NA,NA,NA
2021-11-06 15:00:00,NA,79.44,14.47,23.44,38.13,NA,15.03,3.00,NA,NA,NA,NA,NA,NA,NA,NA,NA,NA,NA,NA,NA,NA,NA,NA
2021-11-06 16:00:00,NA,87.77,14.62,23.19,38.15,NA,14.94,2.90,NA,NA,NA,NA,NA,NA,NA,NA,NA,NA,NA,NA,NA,NA,NA,NA
2021-11-06 17:00:00,NA,95.92,14.41,23.39,37.98,NA,15.14,3.05,NA,NA,NA,NA,NA,NA,NA,NA,NA,NA,NA,NA,NA,NA,NA,NA
2021-11-06 18:00:00,NA,109.20,14.69,23.61,38.64,NA,14.99,3.16,NA,NA,NA,NA,NA,NA,NA,NA,NA,NA,NA,NA,NA,NA,NA,NA
2021-11-06 19:00:00,NA,105.60,14.72,23.62,38.53,NA,14.92,2.34,NA,NA,NA,NA,NA,NA,NA,NA,NA,NA,NA,NA,NA,NA,NA,NA
2021-11-06 20:00:00,NA,118.57,14.09,23.02,36.97,NA,12.44,2.34,NA,NA,NA,NA,NA,NA,NA,NA,NA,NA,NA,NA,NA,NA,NA,NA
2021-11-06 21:00:00,NA,122.18,13.92,22.74,37.01,NA,12.83,2.44,NA,NA,NA,NA,NA,NA,NA,NA,NA,NA,NA,NA,NA,NA,NA,NA
2021-11-06 22:00:00,NA,106.35,14.09,23.12,37.08,NA,12.79,2.16,NA,NA,NA,NA,NA,NA,NA,NA,NA,NA,NA,NA,NA,NA,NA,NA
2021-11-06 23:00:00,NA,103.32,14.05,22.86,37.20,NA,12.52,1.96,NA,NA,NA,NA,NA,NA,NA,NA,NA,NA,NA,NA,NA,NA,NA,NA
2021-11-07 00:00:00,NA,97.62,13.97,23.05,36.99,NA,12.58,1.56,NA,NA,NA,NA,NA,NA,NA,NA,NA,NA,NA,NA,NA,NA,NA,NA
2021-11-07 01:00:00,NA,80.56,13.97,23.05,37.11,NA,12.92,1.25,NA,NA,NA,NA,NA,NA,NA,NA,NA,NA,NA,NA,NA,NA,NA,NA
2021-11-07 02:00:00,NA,73.60,13.99,23.02,36.92,NA,13.06,1.20,NA,NA,NA,NA,NA,NA,NA,NA,NA,NA,NA,NA,NA,NA,NA,NA
2021-11-07 03:00:00,NA,65.48,14.07,23.04,37.04,NA,12.78,1.02,NA,NA,NA,NA,NA,NA,NA,NA,NA,NA,NA,NA,NA,NA,NA,NA
2021-11-07 04:00:00,NA,58.18,13.91,23.11,36.91,NA,13.12,1.07,NA,NA,NA,NA,NA,NA,NA,NA,NA,NA,NA,NA,NA,NA,NA,NA
2021-11-07 05:00:00,NA,59.54,14.04,23.10,37.05,NA,13.18,1.17,NA,NA,NA,NA,NA,NA,NA,NA,NA,NA,NA,NA,NA,NA,NA,NA
2021-11-07 06:00:00,NA,75.99,13.93,23.02,36.80,NA,10.35,1.39,NA,NA,NA,NA,NA,NA,NA,NA,NA,NA,NA,NA,NA,NA,NA,NA
2021-11-07 07:00:00,NA,89.32,13.99,23.18,36.51,NA,10.40,1.62,NA,NA,NA,NA,NA,NA,NA,NA,NA,NA,NA,NA,NA,NA,NA,NA
2021-11-07 08:00:00,NA,104.67,14.09,22.97,37.23,NA,10.40,1.54,NA,NA,NA,NA,NA,NA,NA,NA,NA,NA,NA,NA,NA,NA,NA,NA
2021-11-07 09:00:00,NA,109.45,13.94,22.84,36.90,NA,10.34,1.85,NA,NA,NA,NA,NA,NA,NA,NA,NA,NA,NA,NA,NA,NA,NA,NA
2021-11-07 10:00:00,NA,118.26,13.97,23.16,36.89,NA,10.28,1.91,NA,NA,NA,NA,NA,NA,NA,NA,NA,NA,NA,NA,NA,NA,NA,NA
2021-11-07 11:00:00,NA,104.99,13.92,22.85,36.63,NA,15.45,2.01,NA,NA,NA,NA,NA,NA,NA,NA,NA,NA,NA,NA,NA,NA,NA,NA
2021-11-07 12:00:00,NA,100.54,13.98,23.05,37.08,NA,15.47,1.96,NA,NA,NA,NA,NA,NA,NA,NA,NA,NA,NA,NA,NA,NA,NA,NA
2021-11-07 13:00:00,NA,95.62,14.08,23.04,37.06,NA,15.51,2.00,NA,NA,NA,NA,NA,NA,NA,NA,NA,NA,NA,NA,NA,NA,NA,NA
2021-11-07 14:00:00,NA,88.58,14.04,23.02,37.30,NA,15.43,2.11,NA,NA,NA,NA,NA,NA,NA,NA,NA,NA,NA,NA,NA,NA,NA,NA
2021-11-07 15:00:00,NA,97.36,13.95,23.12,37.28,NA,15.45,2.25,NA,NA,NA,NA,NA,NA,NA,NA,NA,NA,NA,NA,NA,NA,NA,NA
2021-11-07 16:00:00,NA,102.62,14.00,23.18,36.98,NA,17.12,2.14,NA,NA,NA,NA,NA,NA,NA,NA,NA,NA,NA,NA,NA,NA,NA,NA
2021-11-07 17:00:00,NA,92.43,13.99,23.00,36.98,NA,17.35,2.16,NA,NA,NA,NA,NA,NA,NA,NA,NA,NA,NA,NA,NA,NA,NA,NA
2021-11-07 18:00:00,NA,96.31,14.01,22.85,37.22,NA,17.50,1.94,NA,NA,NA,NA,NA,NA,NA,NA,NA,NA,NA,NA,NA,NA,NA,NA
2021-11-07 19:00:00,NA,94.46,14.05,23.07,36.87,NA,17.26,1.94,NA,NA,NA,NA,NA,NA,NA,NA,NA,NA,NA,NA,NA,NA,NA,NA
2021-11-07 20:00:00,NA,101.88,13.94,23.04,36.90,NA,17.33,1.90,NA,NA,NA,NA,NA,NA,NA,NA,NA,NA,NA,NA,NA,NA,NA,NA
2021-11-07 21:00:00,NA,104.41,14.04,22.78,36.85,NA,14.56,2.00,NA,NA,NA,NA,NA,NA,NA,NA,NA,NA,NA,NA,NA,NA,NA,NA
2021-11-07 22:00:00,NA,92.29,13.92,23.08,36.88,NA,14.68,2.08,NA,NA,NA,NA,NA,NA,NA,NA,NA,NA,NA,NA,NA,NA,NA,NA
2021-11-07 23:00:00,NA,88.32,14.06,23.07,37.17,NA,14.80,2.04,NA,NA,NA,NA,NA,NA,NA,NA,NA,NA,NA,NA,NA,NA,NA,NA
2021-11-08 00:00:00,NA,96.25,14.02,22.96,36.97,NA,14.74,1.90,NA,NA,NA,NA,NA,NA,NA,NA,NA,NA,NA,NA,NA,NA,NA,NA
2021-11-08 01:00:00,NA,91.06,14.01,23.16,37.03,NA,14.64,1.68,NA,NA,NA,NA,NA,NA,NA,NA,NA,NA,NA,NA,NA,NA,NA,NA
2021-11-08 02:00:00,NA,77.43,14.04,23.07,37.36,NA,9.63,1.41,NA,NA,NA,NA,NA,NA,NA,NA,NA,NA,NA,NA,NA,NA,NA,NA
2021-11-08 03:00:00,NA,69.53,13.92,22.82,37.14,NA,9.50,1.31,NA,NA,NA,NA,NA,NA,NA,NA,NA,NA,NA,NA,NA,NA,NA,NA
2021-11-08 04:00:00,NA,80.17,14.03,23.10,36.95,NA,9.58,1.34,NA,NA,NA,NA,NA,NA,NA,NA,NA,NA,NA,NA,NA,NA,NA,NA
2021-11-08 05:00:00,NA,81.09,13.90,22.89,36.91,NA,9.33,1.52,NA,NA,NA,NA,NA,NA,NA,NA,NA,NA,NA,NA,NA,NA,NA,NA
2021-11-08 06:00:00,NA,96.51,13.99,23.10,37.06,NA,9.55,1.85,NA,NA,NA,NA,NA,NA,NA,NA,NA,NA,NA,NA,NA,NA,NA,NA
2021-11-08 07:00:00,NA,108.46,14.09,23.27,36.78,NA,10.58,2.10,NA,NA,NA,NA,NA,NA,NA,NA,NA,NA,NA,NA,NA,NA,NA,NA
2021-11-08 08:00:00,NA,111.42,14.01,23.03,36.88,NA,10.65,1.37,NA,NA,NA,NA,NA,NA,NA,NA,NA,NA,NA,NA,NA,NA,NA,NA
2021-11-08 09:00:00,NA,114.55,13.99,23.22,37.07,NA,10.78,2.09,NA,NA,NA,NA,NA,NA,NA,NA,NA,NA,NA,NA,NA,NA,NA,NA
2021-11-08 10:00:00,NA,105.65,13.90,22.85,36.84,NA,10.82,2.30,NA,NA,NA,NA,NA,NA,NA,NA,NA,NA,NA,NA,NA,NA,NA,NA
2021-11-08 11:00:00,NA,109.52,14.01,22.95,36.89,NA,10.63,2.40,NA,NA,NA,NA,NA,NA,NA,NA,NA,NA,NA,NA,NA,NA,NA,NA
2021-11-08 12:00:00,NA,102.24,13.97,23.07,37.07,NA,14.91,2.32,NA,NA,NA,NA,NA,NA,NA,NA,NA,NA,NA,NA,NA,NA,NA,NA
2021-11-08 13:00:00,NA,99.07,13.92,23.12,37.15,NA,15.23,2.04,NA,NA,NA,NA,NA,NA,NA,NA,NA,NA,NA,NA,NA,NA,NA,NA
2021-11-08 14:00:00,NA,96.90,13.94,22.87,37.26,NA,15.17,1.65,NA,NA,NA,NA,NA,NA,NA,NA,NA,NA,NA,NA,NA,NA,NA,NA
2021-11-08 15:00:00,NA,95.52,13.93,22.78,36.94,NA,15.16,1.51,NA,NA,NA,NA,NA,NA,NA,NA,NA,NA,NA,NA,NA,NA,NA,NA
2021-11-08 16:00:00,NA,98.24,14.08,22.94,37.06,NA,15.38,1.60,NA,NA,NA,NA,NA,NA,NA,NA,NA,NA,NA,NA,NA,NA,NA,NA
2021-11-08 17:00:00,NA,87.18,13.88,23.08,37.25,NA,16.11,1.85,NA,NA,NA,NA,NA,NA,NA,NA,NA,NA,NA,NA,NA,NA,NA,NA
2021-11-08 18:00:00,NA,80.10,13.97,22.99,37.18,NA,16.19,1.94,NA,NA,NA,NA,NA,NA,NA,NA,NA,NA,NA,NA,NA,NA,NA,NA
2021-11-08 19:00:00,NA,93.46,14.04,23.05,37.19,NA,16.16,2.10,NA,NA,NA,NA,NA,NA,NA,NA,NA,NA,NA,NA,NA,NA,NA,NA
2021-11-08 20:00:00,NA,88.89,14.03,22.93,36.99,NA,16.09,2.02,NA,NA,NA,NA,NA,NA,NA,NA,NA,NA,NA,NA,NA,NA,NA,NA
2021-11-08 21:00:00,NA,84.61,14.00,23.04,37.26,NA,16.04,2.00,NA,NA,NA,NA,NA,NA,NA,NA,NA,NA,NA,NA,NA,NA,NA,NA
2021-11-08 22:00:00,NA,85.87,14.07,22.82,36.92,NA,10.94,1.95,NA,NA,NA,NA,NA,NA,NA,NA,NA,NA,NA,NA,NA,NA,NA,NA
2021-11-08 23:00:00,NA,82.60,14.08,22.94,37.06,NA,11.51,1.82,NA,NA,NA,NA,NA,NA,NA,NA,NA,NA,NA,NA,NA,NA,NA,NA
2021-11-09 00:00:00,NA,71.22,13.97,23.04,37.26,NA,11.25,1.28,NA,NA,NA,NA,NA,NA,NA,NA,NA,NA,NA,NA,NA,NA,NA,NA
2021-11-09 01:00:00,NA,70.17,14.11,23.13,37.42,NA,11.04,0.92,NA,NA,NA,NA,NA,NA,NA,NA,NA,NA,NA,NA,NA,NA,NA,NA
2021-11-09 02:00:00,NA,62.60,13.94,22.84,37.03,NA,11.16,0.76,NA,NA,NA,NA,NA,NA,NA,NA,NA,NA,NA,NA,NA,NA,NA,NA
2021-11-09 03:00:00,NA,63.28,13.98,23.03,36.95,NA,14.77,0.59,NA,NA,NA,NA,NA,NA,NA,NA,NA,NA,NA,NA,NA,NA,NA,NA
2021-11-09 04:00:00,NA,65.85,13.97,23.12,36.93,NA,14.69,0.58,NA,NA,NA,NA,NA,NA,NA,NA,NA,NA,NA,NA,NA,NA,NA,NA
2021-11-09 05:00:00,NA,67.12,14.02,22.94,36.81,NA,14.69,0.64,NA,NA,NA,NA,NA,NA,NA,NA,NA,NA,NA,NA,NA,NA,NA,NA
2021-11-09 06:00:00,NA,71.39,14.08,22.90,36.75,NA,14.78,0.78,NA,NA,NA,NA,NA,NA,NA,NA,NA,NA,NA,NA,NA,NA,NA,NA
2021-11-09 07:00:00,NA,88.10,14.06,22.76,37.02,NA,14.71,0.90,NA,NA,NA,NA,NA,NA,NA,NA,NA,NA,NA,NA,NA,NA,NA,NA
2021-11-09 08:00:00,NA,89.68,14.04,23.18,37.15,NA,15.12,1.19,NA,NA,NA,NA,NA,NA,NA,NA,NA,NA,NA,NA,NA,NA,NA,NA
2021-11-09 09:00:00,NA,95.28,14.01,22.98,37.17,NA,15.47,1.63,NA,NA,NA,NA,NA,NA,NA,NA,NA,NA,NA,NA,NA,NA,NA,NA
2021-11-09 10:00:00,NA,109.34,13.96,22.90,36.78,NA,15.37,1.80,NA,NA,NA,NA,NA,NA,NA,NA,NA,NA,NA,NA,NA,NA,NA,NA
2021-11-09 11:00:00,NA,112.19,13.97,23.15,37.03,NA,15.40,1.88,NA,NA,NA,NA,NA,NA,NA,NA,NA,NA,NA,NA,NA,NA,NA,NA
2021-11-09 12:00:00,NA,97.46,14.03,23.14,36.86,NA,15.44,1.90,NA,NA,NA,NA,NA,NA,NA,NA,NA,NA,NA,NA,NA,NA,NA,NA
2021-11-09 13:00:00,NA,92.76,13.97,23.06,37.17,NA,11.16,1.85,NA,NA,NA,NA,NA,NA,NA,NA,NA,NA,NA,NA,NA,NA,NA,NA
2021-11-09 14:00:00,NA,90.89,14.08,23.18,36.86,NA,11.58,1.87,NA,NA,NA,NA,NA,NA,NA,NA,NA,NA,NA,NA,NA,NA,NA,NA
2021-11-09 15:00:00,NA,87.68,14.08,22.84,37.08,NA,11.26,1.82,NA,NA,NA,NA,NA,NA,NA,NA,NA,NA,NA,NA,NA,NA,NA,NA
2021-11-09 16:00:00,NA,88.78,13.96,23.02,36.72,NA,11.21,1.72,NA,NA,NA,NA,NA,NA,NA,NA,NA,NA,NA,NA,NA,NA,NA,NA
2021-11-09 17:00:00,NA,85.30,14.06,23.10,36.89,NA,11.39,1.51,NA,NA,NA,NA,NA,NA,NA,NA,NA,NA,NA,NA,NA,NA,NA,NA
2021-11-09 18:00:00,NA,84.37,13.98,23.09,36.69,NA,13.60,1.57,NA,NA,NA,NA,NA,NA,NA,NA,NA,NA,NA,NA,NA,NA,NA,NA
2021-11-09 19:00:00,NA,95.50,14.00,22.82,37.03,NA,13.70,1.96,NA,NA,NA,NA,NA,NA,NA,NA,NA,NA,NA,NA,NA,NA,NA,NA
2021-11-09 20:00:00,NA,105.52,13.95,23.12,37.22,NA,13.52,2.09,NA,NA,NA,NA,NA,NA,NA,NA,NA,NA,NA,NA,NA,NA,NA,NA
2021-11-09 21:00:00,NA,106.30,14.05,22.97,36.96,NA,13.68,2.03,NA,NA,NA,NA,NA,NA,NA,NA,NA,NA,NA,NA,NA,NA,NA,NA
2021-11-09 22:00:00,NA,97.71,13.90,22.93,36.69,NA,13.42,1.83,NA,NA,NA,NA,NA,NA,NA,NA,NA,NA,NA,NA,NA,NA,NA,NA
2021-11-09 23:00:00,NA,92.65,14.04,23.06,36.98,NA,11.16,1.72,NA,NA,NA,NA,NA,NA,NA,NA,NA,NA,NA,NA,NA,NA,NA,NA
2021-11-10 00:00:00,NA,73.04,14.05,23.11,36.90,NA,11.38,1.38,NA,NA,NA,NA,NA,NA,NA,NA,NA,NA,NA,NA,NA,NA,NA,NA
2021-11-10 01:00:00,NA,64.94,14.06,22.87,37.21,NA,11.38,1.14,NA,NA,NA,NA,NA,NA,NA,NA,NA,NA,NA,NA,NA,NA,NA,NA
2021-11-10 02:00:00,NA,69.96,14.06,23.28,36.85,NA,11.29,1.03,NA,NA,NA,NA,NA,NA,NA,NA,NA,NA,NA,NA,NA,NA,NA,NA
2021-11-10 03:00:00,NA,62.42,13.92,22.77,37.16,NA,11.28,0.96,NA,NA,NA,NA,NA,NA,NA,NA,NA,NA,NA,NA,NA,NA,NA,NA
2021-11-10 04:00:00,NA,65.68,14.00,22.97,37.20,NA,10.18,0.97,NA,NA,NA,NA,NA,NA,NA,NA,NA,NA,NA,NA,NA,NA,NA,NA
2021-11-10 05:00:00,NA,66.08,13.94,23.26,37.15,NA,10.44,0.94,NA,NA,NA,NA,NA,NA,NA,NA,NA,NA,NA,NA,NA,NA,NA,NA
2021-11-10 06:00:00,NA,76.12,14.03,22.85,36.66,NA,10.55,1.21,NA,NA,NA,NA,NA,NA,NA,NA,NA,NA,NA,NA,NA,NA,NA,NA
2021-11-10 07:00:00,NA,95.06,14.01,22.82,36.90,NA,10.32,1.55,NA,NA,NA,NA,NA,NA,NA,NA,NA,NA,NA,NA,NA,NA,NA,NA
2021-11-10 08:00:00,NA,90.93,13.96,23.06,37.23,NA,10.33,1.16,NA,NA,NA,NA,NA,NA,NA,NA,NA,NA,NA,NA,NA,NA,NA,NA
2021-11-10 09:00:00,NA,83.41,13.98,22.69,37.30,NA,11.50,1.71,NA,NA,NA,NA,NA,NA,NA,NA,NA,NA,NA,NA,NA,NA,NA,NA
2021-11-10 10:00:00,NA,105.10,14.11,22.83,36.88,NA,11.50,1.94,NA,NA,NA,NA,NA,NA,NA,NA,NA,NA,NA,NA,NA,NA,NA,NA
2021-11-10 11:00:00,NA,101.74,14.09,23.05,36.77,NA,11.48,2.26,NA,NA,NA,NA,NA,NA,NA,NA,NA,NA,NA,NA,NA,NA,NA,NA
2021-11-10 12:00:00,NA,59.80,13.96,22.97,18.34,NA,11.29,1.45,NA,NA,NA,NA,NA,NA,NA,NA,NA,NA,NA,NA,NA,NA,NA,NA
2021-11-10 13:00:00,NA,50.77,14.02,23.00,36.78,NA,11.48,1.82,NA,NA,NA,NA,NA,NA,NA,NA,NA,NA,NA,NA,NA,NA,NA,NA
2021-11-10 14:00:00,NA,30.75,13.91,23.18,37.26,NA,11.38,2.54,NA,NA,NA,NA,NA,NA,NA,NA,NA,NA,NA,NA,NA,NA,NA,NA
2021-11-10 15:00:00,NA,30.15,13.96,22.86,37.02,NA,11.93,2.88,NA,NA,NA,NA,NA,NA,NA,NA,NA,NA,NA,NA,NA,NA,NA,NA
2021-11-10 16:00:00,NA,46.84,14.01,23.10,36.76,NA,11.58,3.80,NA,NA,NA,NA,NA,NA,NA,NA,NA,NA,NA,NA,NA,NA,NA,NA
2021-11-10 17:00:00,NA,63.54,13.92,22.88,37.22,NA,11.58,3.79,NA,NA,NA,NA,NA,NA,NA,NA,NA,NA,NA,NA,NA,NA,NA,NA
2021-11-10 18:00:00,NA,68.13,14.06,22.81,37.01,NA,11.56,3.98,NA,NA,NA,NA,NA,NA,NA,NA,NA,NA,NA,NA,NA,NA,NA,NA
2021-11-10 19:00:00,NA,79.85,14.00,22.95,37.03,NA,12.36,4.17,NA,NA,NA,NA,NA,NA,NA,NA,NA,NA,NA,NA,NA,NA,NA,NA
2021-11-10 20:00:00,NA,74.46,13.88,22.91,36.85,NA,12.46,4.33,NA,NA,NA,NA,NA,NA,NA,NA,NA,NA,NA,NA,NA,NA,NA,NA
2021-11-10 21:00:00,NA,68.66,14.00,22.95,37.31,NA,12.27,4.41,NA,NA,NA,NA,NA,NA,NA,NA,NA,NA,NA,NA,NA,NA,NA,NA
2021-11-10 22:00:00,NA,79.17,14.06,23.06,37.28,NA,12.13,4.27,NA,NA,NA,NA,NA,NA,NA,NA,NA,NA,NA,NA,NA,NA,NA,NA
2021-11-10 23:00:00,NA,76.18,14.08,23.14,36.66,NA,12.24,4.03,NA,NA,NA,NA,NA,NA,NA,NA,NA,NA,NA,NA,NA,NA,NA,NA
2021-11-11 00:00:00,NA,50.16,14.03,22.90,37.10,NA,9.43,3.61,NA,NA,NA,NA,NA,NA,NA,NA,NA,NA,NA,NA,NA,NA,NA,NA
2021-11-11 01:00:00,NA,43.07,13.88,23.03,37.11,NA,9.48,3.38,NA,NA,NA,NA,NA,NA,NA,NA,NA,NA,NA,NA,NA,NA,NA,NA
2021-11-11 02:00:00,NA,34.91,13.96,22.97,37.17,NA,9.61,3.23,NA,NA,NA,NA,NA,NA,NA,NA,NA,NA,NA,NA,NA,NA,NA,NA
2021-11-11 03:00:00,NA,26.94,13.99,23.08,37.20,NA,9.45,3.16,NA,NA,NA,NA,NA,NA,NA,NA,NA,NA,NA,NA,NA,NA,NA,NA
2021-11-11 04:00:00,NA,32.75,14.04,22.99,37.17,NA,9.67,3.11,NA,NA,NA,NA,NA,NA,NA,NA,NA,NA,NA,NA,NA,NA,NA,NA
2021-11-11 05:00:00,NA,36.51,14.07,22.94,36.77,NA,15.04,3.08,NA,NA,NA,NA,NA,NA,NA,NA,NA,NA,NA,NA,NA,NA,NA,NA
2021-11-11 06:00:00,NA,30.74,13.84,22.95,37.01,NA,15.36,3.20,NA,NA,NA,NA,NA,NA,NA,NA,NA,NA,NA,NA,NA,NA,NA,NA
2021-11-11 07:00:00,NA,28.46,14.02,22.93,36.84,NA,15.22,3.22,NA,NA,NA,NA,NA,NA,NA,NA,NA,NA,NA,NA,NA,NA,NA,NA
2021-11-11 08:00:00,NA,42.70,13.98,23.06,36.75,NA,15.27,1.04,NA,NA,NA,NA,NA,NA,NA,NA,NA,NA,NA,NA,NA,NA,NA,NA
2021-11-11 09:00:00,NA,50.96,13.95,23.02,37.11,NA,15.22,1.14,NA,NA,NA,NA,NA,NA,NA,NA,NA,NA,NA,NA,NA,NA,NA,NA
2021-11-11 10:00:00,NA,53.62,13.96,23.06,37.40,NA,11.37,1.22,NA,NA,NA,NA,NA,NA,NA,NA,NA,NA,NA,NA,NA,NA,NA,NA
2021-11-11 11:00:00,NA,60.18,13.96,22.94,37.24,NA,11.51,1.19,NA,NA,NA,NA,NA,NA,NA,NA,NA,NA,NA,NA,NA,NA,NA,NA
2021-11-11 12:00:00,NA,45.84,14.03,22.95,37.00,NA,11.51,1.15,NA,NA,NA,NA,NA,NA,NA,NA,NA,NA,NA,NA,NA,NA,NA,NA
2021-11-11 13:00:00,NA,38.46,13.96,22.76,36.92,NA,11.72,1.04,NA,NA,NA,NA,NA,NA,NA,NA,NA,NA,NA,NA,NA,NA,NA,NA
2021-11-11 14:00:00,NA,50.56,14.02,23.02,36.83,NA,11.46,0.96,NA,NA,NA,NA,NA,NA,NA,NA,NA,NA,NA,NA,NA,NA,NA,NA
2021-11-11 15:00:00,NA,43.84,13.98,23.02,36.99,NA,12.56,0.79,NA,NA,NA,NA,NA,NA,NA,NA,NA,NA,NA,NA,NA,NA,NA,NA
2021-11-11 16:00:00,NA,23.62,13.96,22.92,37.16,NA,13.10,0.63,NA,NA,NA,NA,NA,NA,NA,NA,NA,NA,NA,NA,NA,NA,NA,NA
2021-11-11 17:00:00,NA,18.73,14.06,23.06,36.79,NA,13.01,0.68,NA,NA,NA,NA,NA,NA,NA,NA,NA,NA,NA,NA,NA,NA,NA,NA
2021-11-11 18:00:00,NA,24.72,13.93,22.99,37.11,NA,12.78,0.70,NA,NA,NA,NA,NA,NA,NA,NA,NA,NA,NA,NA,NA,NA,NA,NA
2021-11-11 19:00:00,NA,23.65,13.96,22.90,36.75,NA,12.66,0.52,NA,NA,NA,NA,NA,NA,NA,NA,NA,NA,NA,NA,NA,NA,NA,NA
2021-11-11 20:00:00,NA,21.37,13.98,23.08,36.90,NA,11.96,0.00,NA,NA,NA,NA,NA,NA,NA,NA,NA,NA,NA,NA,NA,NA,NA,NA
2021-11-11 21:00:00,NA,16.76,14.12,23.00,36.70,NA,12.77,0.00,NA,NA,NA,NA,NA,NA,NA,NA,NA,NA,NA,NA,NA,NA,NA,NA
2021-11-11 22:00:00,NA,10.17,13.97,22.80,36.88,NA,12.88,0.00,NA,NA,NA,NA,NA,NA,NA,NA,NA,NA,NA,NA,NA,NA,NA,NA
2021-11-11 23:00:00,NA,7.10,14.09,23.26,37.00,NA,12.92,0.00,NA,NA,NA,NA,NA,NA,NA,NA,NA,NA,NA,NA,NA,NA,NA,NA
2021-11-12 00:00:00,NA,4.42,13.92,23.08,37.20,NA,12.69,0.00,NA,NA,NA,NA,NA,NA,NA,NA,NA,NA,NA,NA,NA,NA,NA,NA
2021-11-12 01:00:00,NA,5.38,14.04,22.89,37.01,NA,15.30,0.00,NA,NA,NA,NA,NA,NA,NA,NA,NA,NA,NA,NA,NA,NA,NA,NA
2021-11-12 02:00:00,NA,6.34,13.94,23.01,36.76,NA,15.86,0.00,NA,NA,NA,NA,NA,NA,NA,NA,NA,NA,NA,NA,NA,NA,NA,NA
2021-11-12 03:00:00,NA,4.48,14.04,22.90,37.00,NA,15.64,0.00,NA,NA,NA,NA,NA,NA,NA,NA,NA,NA,NA,NA,NA,NA,NA,NA
2021-11-12 04:00:00,NA,2.24,13.99,22.99,36.87,NA,15.60,0.00,NA,NA,NA,NA,NA,NA,NA,NA,NA,NA,NA,NA,NA,NA,NA,NA
2021-11-12 05:00:00,NA,2.02,14.00,23.22,36.78,NA,15.90,0.00,NA,NA,NA,NA,NA,NA,NA,NA,NA,NA,NA,NA,NA,NA,NA,NA
2021-11-12 06:00:00,NA,5.96,13.94,23.06,36.98,NA,14.81,2.00,NA,NA,NA,NA,NA,NA,NA,NA,NA,NA,NA,NA,NA,NA,NA,NA
2021-11-12 07:00:00,NA,27.12,13.96,22.92,36.92,NA,13.81,2.68,NA,NA,NA,NA,NA,NA,NA,NA,NA,NA,NA,NA,NA,NA,NA,NA
2021-11-12 08:00:00,NA,27.80,14.08,22.86,36.85,NA,13.78,1.35,NA,NA,NA,NA,NA,NA,NA,NA,NA,NA,NA,NA,NA,NA,NA,NA
2021-11-12 09:00:00,NA,16.39,14.02,22.82,36.93,NA,13.60,1.54,NA,NA,NA,NA,NA,NA,NA,NA,NA,NA,NA,NA,NA,NA,NA,NA
2021-11-12 10:00:00,NA,16.64,14.10,22.78,36.88,NA,13.55,1.73,NA,NA,NA,NA,NA,NA,NA,NA,NA,NA,NA,NA,NA,NA,NA,NA
2021-11-12 11:00:00,NA,13.84,13.93,22.89,36.98,NA,11.12,1.72,NA,NA,NA,NA,NA,NA,NA,NA,NA,NA,NA,NA,NA,NA,NA,NA
2021-11-12 12:00:00,NA,9.25,14.17,23.01,37.07,NA,11.00,1.66,NA,NA,NA,NA,NA,NA,NA,NA,NA,NA,NA,NA,NA,NA,NA,NA
2021-11-12 13:00:00,NA,10.56,13.99,23.13,37.22,NA,9.92,2.26,NA,NA,NA,NA,NA,NA,NA,NA,NA,NA,NA,NA,NA,NA,NA,NA
2021-11-12 14:00:00,NA,14.94,14.02,22.97,37.09,NA,10.03,0.45,NA,NA,NA,NA,NA,NA,NA,NA,NA,NA,NA,NA,NA,NA,NA,NA
2021-11-12 15:00:00,NA,12.69,14.05,22.84,37.18,NA,10.89,1.54,NA,NA,NA,NA,NA,NA,NA,NA,NA,NA,NA,NA,NA,NA,NA,NA
2021-11-12 16:00:00,NA,12.73,14.08,23.08,37.11,NA,12.07,1.16,NA,NA,NA,NA,NA,NA,NA,NA,NA,NA,NA,NA,NA,NA,NA,NA
2021-11-12 17:00:00,NA,25.44,14.04,22.83,36.96,NA,11.28,1.08,NA,NA,NA,NA,NA,NA,NA,NA,NA,NA,NA,NA,NA,NA,NA,NA
2021-11-12 18:00:00,NA,24.89,14.10,22.92,36.71,NA,11.16,1.53,NA,NA,NA,NA,NA,NA,NA,NA,NA,NA,NA,NA,NA,NA,NA,NA
2021-11-12 19:00:00,NA,25.88,14.03,23.12,36.78,NA,11.51,2.54,NA,NA,NA,NA,NA,NA,NA,NA,NA,NA,NA,NA,NA,NA,NA,NA
2021-11-12 20:00:00,NA,21.52,13.94,23.04,36.89,NA,13.54,2.24,NA,NA,NA,NA,NA,NA,NA,NA,NA,NA,NA,NA,NA,NA,NA,NA
2021-11-12 21:00:00,NA,12.94,13.97,23.09,37.16,NA,10.94,0.52,NA,NA,NA,NA,NA,NA,NA,NA,NA,NA,NA,NA,NA,NA,NA,NA
2021-11-12 22:00:00,NA,8.96,14.01,23.22,36.96,NA,11.30,0.00,NA,NA,NA,NA,NA,NA,NA,NA,NA,NA,NA,NA,NA,NA,NA,NA
2021-11-12 23:00:00,NA,7.80,14.00,23.20,37.60,NA,11.26,0.00,NA,NA,NA,NA,NA,NA,NA,NA,NA,NA,NA,NA,NA,NA,NA,NA
2021-11-13 00:00:00,NA,7.14,14.02,22.88,36.90,NA,11.46,0.00,NA,NA,NA,NA,NA,NA,NA,NA,NA,NA,NA,NA,NA,NA,NA,NA
2021-11-13 01:00:00,NA,5.39,14.04,23.05,37.14,NA,11.10,0.00,NA,NA,NA,NA,NA,NA,NA,NA,NA,NA,NA,NA,NA,NA,NA,NA
2021-11-13 02:00:00,NA,5.10,13.96,23.12,36.76,NA,13.77,0.00,NA,NA,NA,NA,NA,NA,NA,NA,NA,NA,NA,NA,NA,NA,NA,NA
2021-11-13 03:00:00,NA,5.09,14.06,22.90,37.29,NA,14.30,0.00,NA,NA,NA,NA,NA,NA,NA,NA,NA,NA,NA,NA,NA,NA,NA,NA
2021-11-13 04:00:00,NA,5.83,13.92,22.91,36.98,NA,14.31,0.00,NA,NA,NA,NA,NA,NA,NA,NA,NA,NA,NA,NA,NA,NA,NA,NA
2021-11-13 05:00:00,NA,5.34,13.96,23.09,36.86,NA,14.70,0.75,NA,NA,NA,NA,NA,NA,NA,NA,NA,NA,NA,NA,NA,NA,NA,NA
2021-11-13 06:00:00,NA,30.92,14.00,23.04,36.58,NA,12.04,2.60,NA,NA,NA,NA,NA,NA,NA,NA,NA,NA,NA,NA,NA,NA,NA,NA
2021-11-13 07:00:00,NA,53.63,13.91,23.04,36.88,NA,10.91,1.39,NA,NA,NA,NA,NA,NA,NA,NA,NA,NA,NA,NA,NA,NA,NA,NA
2021-11-13 08:00:00,NA,58.64,14.14,22.94,36.98,NA,10.68,1.80,NA,NA,NA,NA,NA,NA,NA,NA,NA,NA,NA,NA,NA,NA,NA,NA
2021-11-13 09:00:00,NA,60.54,13.94,22.74,37.07,NA,10.43,2.06,NA,NA,NA,NA,NA,NA,NA,NA,NA,NA,NA,NA,NA,NA,NA,NA
2021-11-13 10:00:00,NA,54.57,13.94,22.91,36.88,NA,10.50,2.09,NA,NA,NA,NA,NA,NA,NA,NA,NA,NA,NA,NA,NA,NA,NA,NA
2021-11-13 11:00:00,NA,62.37,13.99,22.91,36.73,NA,10.32,2.34,NA,NA,NA,NA,NA,NA,NA,NA,NA,NA,NA,NA,NA,NA,NA,NA
2021-11-13 12:00:00,NA,72.21,14.04,22.98,37.21,NA,12.46,2.35,NA,NA,NA,NA,NA,NA,NA,NA,NA,NA,NA,NA,NA,NA,NA,NA
2021-11-13 13:00:00,NA,59.00,14.08,22.95,37.00,NA,12.25,2.11,NA,NA,NA,NA,NA,NA,NA,NA,NA,NA,NA,NA,NA,NA,NA,NA
2021-11-13 14:00:00,NA,56.78,13.86,23.24,36.68,NA,12.33,2.17,NA,NA,NA,NA,NA,NA,NA,NA,NA,NA,NA,NA,NA,NA,NA,NA
2021-11-13 15:00:00,NA,61.68,13.98,22.94,36.96,NA,12.17,2.12,NA,NA,NA,NA,NA,NA,NA,NA,NA,NA,NA,NA,NA,NA,NA,NA
2021-11-13 16:00:00,NA,57.21,13.92,23.17,36.91,NA,11.98,2.42,NA,NA,NA,NA,NA,NA,NA,NA,NA,NA,NA,NA,NA,NA,NA,NA
2021-11-13 17:00:00,NA,61.17,14.03,23.08,37.20,NA,15.30,2.99,NA,NA,NA,NA,NA,NA,NA,NA,NA,NA,NA,NA,NA,NA,NA,NA
2021-11-13 18:00:00,NA,64.23,14.10,23.01,36.78,NA,15.02,3.54,NA,NA,NA,NA,NA,NA,NA,NA,NA,NA,NA,NA,NA,NA,NA,NA
2021-11-13 19:00:00,NA,65.87,13.92,22.99,37.10,NA,14.90,4.18,NA,NA,NA,NA,NA,NA,NA,NA,NA,NA,NA,NA,NA,NA,NA,NA
2021-11-13 20:00:00,NA,68.60,14.02,23.04,37.02,NA,15.05,4.28,NA,NA,NA,NA,NA,NA,NA,NA,NA,NA,NA,NA,NA,NA,NA,NA
2021-11-13 21:00:00,NA,66.34,14.00,23.02,36.98,NA,14.82,4.40,NA,NA,NA,NA,NA,NA,NA,NA,NA,NA,NA,NA,NA,NA,NA,NA
2021-11-13 22:00:00,NA,58.93,14.03,23.20,37.12,NA,14.22,4.29,NA,NA,NA,NA,NA,NA,NA,NA,NA,NA,NA,NA,NA,NA,NA,NA
2021-11-13 23:00:00,NA,49.74,13.92,23.04,37.19,NA,14.14,4.19,NA,NA,NA,NA,NA,NA,NA,NA,NA,NA,NA,NA,NA,NA,NA,NA
2021-11-14 00:00:00,NA,30.10,13.99,23.03,37.07,NA,14.09,3.66,NA,NA,NA,NA,NA,NA,NA,NA,NA,NA,NA,NA,NA,NA,NA,NA
2021-11-14 01:00:00,NA,20.67,13.91,22.98,36.76,NA,14.03,3.04,NA,NA,NA,NA,NA,NA,NA,NA,NA,NA,NA,NA,NA,NA,NA,NA
2021-11-14 02:00:00,NA,12.57,13.98,22.97,37.31,NA,13.90,2.74,NA,NA,NA,NA,NA,NA,NA,NA,NA,NA,NA,NA,NA,NA,NA,NA
2021-11-14 03:00:00,NA,9.88,14.06,22.95,36.89,NA,11.13,2.48,NA,NA,NA,NA,NA,NA,NA,NA,NA,NA,NA,NA,NA,NA,NA,NA
2021-11-14 04:00:00,NA,7.81,13.99,23.00,36.90,NA,10.88,2.49,NA,NA,NA,NA,NA,NA,NA,NA,NA,NA,NA,NA,NA,NA,NA,NA
2021-11-14 05:00:00,NA,14.54,14.00,23.01,36.96,NA,10.72,2.59,NA,NA,NA,NA,NA,NA,NA,NA,NA,NA,NA,NA,NA,NA,NA,NA
2021-11-14 06:00:00,NA,13.81,13.99,22.96,36.75,NA,10.71,2.75,NA,NA,NA,NA,NA,NA,NA,NA,NA,NA,NA,NA,NA,NA,NA,NA
2021-11-14 07:00:00,NA,7.93,13.91,22.87,37.15,NA,10.54,2.80,NA,NA,NA,NA,NA,NA,NA,NA,NA,NA,NA,NA,NA,NA,NA,NA
2021-11-14 08:00:00,NA,8.83,13.94,22.98,36.66,NA,9.68,1.31,NA,NA,NA,NA,NA,NA,NA,NA,NA,NA,NA,NA,NA,NA,NA,NA
2021-11-14 09:00:00,NA,16.12,14.04,22.89,36.66,NA,9.64,1.30,NA,NA,NA,NA,NA,NA,NA,NA,NA,NA,NA,NA,NA,NA,NA,NA
2021-11-14 10:00:00,NA,17.72,13.96,23.06,37.22,NA,9.68,1.52,NA,NA,NA,NA,NA,NA,NA,NA,NA,NA,NA,NA,NA,NA,NA,NA
2021-11-14 11:00:00,NA,16.73,14.04,22.98,37.02,NA,9.44,1.75,NA,NA,NA,NA,NA,NA,NA,NA,NA,NA,NA,NA,NA,NA,NA,NA
2021-11-14 12:00:00,NA,14.02,13.94,23.02,37.01,NA,9.53,1.82,NA,NA,NA,NA,NA,NA,NA,NA,NA,NA,NA,NA,NA,NA,NA,NA
2021-11-14 13:00:00,NA,14.02,14.04,22.84,37.03,NA,12.31,1.74,NA,NA,NA,NA,NA,NA,NA,NA,NA,NA,NA,NA,NA,NA,NA,NA
2021-11-14 14:00:00,NA,12.87,13.94,23.12,37.03,NA,12.01,1.42,NA,NA,NA,NA,NA,NA,NA,NA,NA,NA,NA,NA,NA,NA,NA,NA
2021-11-14 15:00:00,NA,14.78,14.07,23.03,36.75,NA,11.96,1.08,NA,NA,NA,NA,NA,NA,NA,NA,NA,NA,NA,NA,NA,NA,NA,NA
2021-11-14 16:00:00,NA,18.16,14.07,23.15,37.02,NA,11.77,1.14,NA,NA,NA,NA,NA,NA,NA,NA,NA,NA,NA,NA,NA,NA,NA,NA
2021-11-14 17:00:00,NA,22.36,13.90,22.90,37.09,NA,11.72,1.21,NA,NA,NA,NA,NA,NA,NA,NA,NA,NA,NA,NA,NA,NA,NA,NA
2021-11-14 18:00:00,NA,29.99,14.08,23.24,37.04,NA,14.10,1.54,NA,NA,NA,NA,NA,NA,NA,NA,NA,NA,NA,NA,NA,NA,NA,NA
2021-11-14 19:00:00,NA,52.38,13.99,22.98,36.98,NA,14.08,2.05,NA,NA,NA,NA,NA,NA,NA,NA,NA,NA,NA,NA,NA,NA,NA,NA
2021-11-14 20:00:00,NA,56.08,14.09,22.94,37.26,NA,14.10,2.16,NA,NA,NA,NA,NA,NA,NA,NA,NA,NA,NA,NA,NA,NA,NA,NA
2021-11-14 21:00:00,NA,64.56,14.15,22.86,36.97,NA,14.10,2.71,NA,NA,NA,NA,NA,NA,NA,NA,NA,NA,NA,NA,NA,NA,NA,NA
2021-11-14 22:00:00,NA,91.87,13.94,23.01,36.83,NA,14.07,3.06,NA,NA,NA,NA,NA,NA,NA,NA,NA,NA,NA,NA,NA,NA,NA,NA
2021-11-14 23:00:00,NA,90.85,14.04,23.13,38.13,NA,14.44,3.58,NA,NA,NA,NA,NA,NA,NA,NA,NA,NA,NA,NA,NA,NA,NA,NA
2021-11-15 00:00:00,NA,40.52,14.06,22.94,37.00,NA,16.01,0.46,NA,NA,NA,NA,NA,NA,NA,NA,NA,NA,NA,NA,NA,NA,NA,NA
2021-11-15 01:00:00,NA,23.95,14.00,22.92,37.03,NA,16.84,0.00,NA,NA,NA,NA,NA,NA,NA,NA,NA,NA,NA,NA,NA,NA,NA,NA
2021-11-15 02:00:00,NA,14.77,14.08,22.79,36.64,NA,17.19,0.00,NA,NA,NA,NA,NA,NA,NA,NA,NA,NA,NA,NA,NA,NA,NA,NA
2021-11-15 03:00:00,NA,10.56,14.03,23.08,37.08,NA,17.22,0.00,NA,NA,NA,NA,NA,NA,NA,NA,NA,NA,NA,NA,NA,NA,NA,NA
2021-11-15 04:00:00,NA,6.99,13.99,23.15,37.29,NA,11.70,0.00,NA,NA,NA,NA,NA,NA,NA,NA,NA,NA,NA,NA,NA,NA,NA,NA
2021-11-15 05:00:00,NA,5.07,14.20,23.01,37.00,NA,11.86,0.00,NA,NA,NA,NA,NA,NA,NA,NA,NA,NA,NA,NA,NA,NA,NA,NA
2021-11-15 06:00:00,NA,5.86,14.10,22.94,37.36,NA,11.87,0.00,NA,NA,NA,NA,NA,NA,NA,NA,NA,NA,NA,NA,NA,NA,NA,NA
2021-11-15 07:00:00,NA,5.88,14.04,23.18,37.12,NA,12.09,0.00,NA,NA,NA,NA,NA,NA,NA,NA,NA,NA,NA,NA,NA,NA,NA,NA
2021-11-15 08:00:00,NA,5.94,14.00,22.98,36.82,NA,12.08,1.17,NA,NA,NA,NA,NA,NA,NA,NA,NA,NA,NA,NA,NA,NA,NA,NA
2021-11-15 09:00:00,NA,17.38,13.97,23.04,37.28,NA,14.71,1.20,NA,NA,NA,NA,NA,NA,NA,NA,NA,NA,NA,NA,NA,NA,NA,NA
2021-11-15 10:00:00,NA,25.32,14.01,22.87,37.25,NA,15.04,1.11,NA,NA,NA,NA,NA,NA,NA,NA,NA,NA,NA,NA,NA,NA,NA,NA
2021-11-15 11:00:00,NA,29.14,13.97,22.86,36.92,NA,15.11,0.74,NA,NA,NA,NA,NA,NA,NA,NA,NA,NA,NA,NA,NA,NA,NA,NA
2021-11-15 12:00:00,NA,27.53,13.95,22.83,36.94,NA,14.97,0.61,NA,NA,NA,NA,NA,NA,NA,NA,NA,NA,NA,NA,NA,NA,NA,NA
2021-11-15 13:00:00,NA,59.09,14.02,23.24,37.10,NA,15.15,0.38,NA,NA,NA,NA,NA,NA,NA,NA,NA,NA,NA,NA,NA,NA,NA,NA
2021-11-15 14:00:00,NA,82.60,13.98,23.13,36.74,NA,13.84,0.55,NA,NA,NA,NA,NA,NA,NA,NA,NA,NA,NA,NA,NA,NA,NA,NA
2021-11-15 15:00:00,NA,77.94,14.01,23.04,36.74,NA,13.73,0.50,NA,NA,NA,NA,NA,NA,NA,NA,NA,NA,NA,NA,NA,NA,NA,NA
2021-11-15 16:00:00,NA,69.28,13.98,22.92,37.08,NA,13.74,0.59,NA,NA,NA,NA,NA,NA,NA,NA,NA,NA,NA,NA,NA,NA,NA,NA
2021-11-15 17:00:00,NA,65.76,14.03,22.84,37.01,NA,13.98,0.76,NA,NA,NA,NA,NA,NA,NA,NA,NA,NA,NA,NA,NA,NA,NA,NA
2021-11-15 18:00:00,NA,65.63,14.04,23.16,37.15,NA,13.44,6.51,NA,NA,NA,NA,NA,NA,NA,NA,NA,NA,NA,NA,NA,NA,NA,NA
2021-11-15 19:00:00,NA,69.36,14.02,22.97,37.25,NA,12.71,5.45,NA,NA,NA,NA,NA,NA,NA,NA,NA,NA,NA,NA,NA,NA,NA,NA
2021-11-15 20:00:00,NA,58.60,14.00,23.09,37.31,NA,11.80,5.05,NA,NA,NA,NA,NA,NA,NA,NA,NA,NA,NA,NA,NA,NA,NA,NA
2021-11-15 21:00:00,NA,37.61,13.93,23.16,37.01,NA,11.75,5.74,NA,NA,NA,NA,NA,NA,NA,NA,NA,NA,NA,NA,NA,NA,NA,NA
2021-11-15 22:00:00,NA,22.58,13.94,22.95,36.73,NA,11.97,6.47,NA,NA,NA,NA,NA,NA,NA,NA,NA,NA,NA,NA,NA,NA,NA,NA
2021-11-15 23:00:00,NA,16.74,14.07,23.06,36.72,NA,11.89,7.00,NA,NA,NA,NA,NA,NA,NA,NA,NA,NA,NA,NA,NA,NA,NA,NA
2021-11-16 00:00:00,NA,8.82,14.02,23.06,36.96,NA,10.90,6.86,NA,NA,NA,NA,NA,NA,NA,NA,NA,NA,NA,NA,NA,NA,NA,NA
2021-11-16 01:00:00,NA,7.18,14.12,22.88,37.37,NA,10.74,6.55,NA,NA,NA,NA,NA,NA,NA,NA,NA,NA,NA,NA,NA,NA,NA,NA
2021-11-16 02:00:00,NA,14.43,13.95,23.17,37.06,NA,10.52,6.42,NA,NA,NA,NA,NA,NA,NA,NA,NA,NA,NA,NA,NA,NA,NA,NA
2021-11-16 03:00:00,NA,14.89,13.92,23.05,36.94,NA,10.55,6.54,NA,NA,NA,NA,NA,NA,NA,NA,NA,NA,NA,NA,NA,NA,NA,NA
2021-11-16 04:00:00,NA,25.08,14.03,22.85,37.03,NA,10.55,6.44,NA,NA,NA,NA,NA,NA,NA,NA,NA,NA,NA,NA,NA,NA,NA,NA
2021-11-16 05:00:00,NA,23.72,13.93,22.99,37.13,NA,12.26,6.58,NA,NA,NA,NA,NA,NA,NA,NA,NA,NA,NA,NA,NA,NA,NA,NA
2021-11-16 06:00:00,NA,15.26,14.06,22.68,37.24,NA,12.34,7.10,NA,NA,NA,NA,NA,NA,NA,NA,NA,NA,NA,NA,NA,NA,NA,NA
2021-11-16 07:00:00,NA,33.04,13.99,23.14,37.03,NA,12.33,7.44,NA,NA,NA,NA,NA,NA,NA,NA,NA,NA,NA,NA,NA,NA,NA,NA
2021-11-16 08:00:00,NA,40.27,14.01,23.16,37.03,NA,12.31,1.67,NA,NA,NA,NA,NA,NA,NA,NA,NA,NA,NA,NA,NA,NA,NA,NA
2021-11-16 09:00:00,NA,28.50,14.06,23.12,36.75,NA,12.20,2.10,NA,NA,NA,NA,NA,NA,NA,NA,NA,NA,NA,NA,NA,NA,NA,NA
2021-11-16 10:00:00,NA,28.39,14.05,22.96,37.06,NA,14.50,2.03,NA,NA,NA,NA,NA,NA,NA,NA,NA,NA,NA,NA,NA,NA,NA,NA
2021-11-16 11:00:00,NA,41.14,13.92,22.99,37.01,NA,14.31,1.99,NA,NA,NA,NA,NA,NA,NA,NA,NA,NA,NA,NA,NA,NA,NA,NA
2021-11-16 12:00:00,NA,44.28,13.96,23.16,36.94,NA,14.16,1.48,NA,NA,NA,NA,NA,NA,NA,NA,NA,NA,NA,NA,NA,NA,NA,NA
2021-11-16 13:00:00,NA,43.28,13.99,22.85,37.30,NA,13.04,0.04,NA,NA,NA,NA,NA,NA,NA,NA,NA,NA,NA,NA,NA,NA,NA,NA
2021-11-16 14:00:00,NA,39.77,14.05,22.96,37.21,NA,12.91,0.02,NA,NA,NA,NA,NA,NA,NA,NA,NA,NA,NA,NA,NA,NA,NA,NA
2021-11-16 15:00:00,NA,42.56,14.04,23.05,36.94,NA,13.38,0.16,NA,NA,NA,NA,NA,NA,NA,NA,NA,NA,NA,NA,NA,NA,NA,NA
2021-11-16 16:00:00,NA,51.84,14.00,23.14,36.73,NA,13.34,0.27,NA,NA,NA,NA,NA,NA,NA,NA,NA,NA,NA,NA,NA,NA,NA,NA
2021-11-16 17:00:00,NA,59.13,13.92,22.87,36.73,NA,13.47,0.68,NA,NA,NA,NA,NA,NA,NA,NA,NA,NA,NA,NA,NA,NA,NA,NA
2021-11-16 18:00:00,NA,69.98,14.10,23.02,36.88,NA,13.23,1.09,NA,NA,NA,NA,NA,NA,NA,NA,NA,NA,NA,NA,NA,NA,NA,NA
2021-11-16 19:00:00,NA,62.64,13.98,23.14,36.64,NA,13.40,1.56,NA,NA,NA,NA,NA,NA,NA,NA,NA,NA,NA,NA,NA,NA,NA,NA
2021-11-16 20:00:00,NA,73.78,14.10,23.10,37.06,NA,9.85,2.79,NA,NA,NA,NA,NA,NA,NA,NA,NA,NA,NA,NA,NA,NA,NA,NA
2021-11-16 21:00:00,NA,75.52,14.06,23.00,36.69,NA,10.05,2.80,NA,NA,NA,NA,NA,NA,NA,NA,NA,NA,NA,NA,NA,NA,NA,NA
2021-11-16 22:00:00,NA,61.60,13.96,22.95,37.02,NA,9.78,2.36,NA,NA,NA,NA,NA,NA,NA,NA,NA,NA,NA,NA,NA,NA,NA,NA
2021-11-16 23:00:00,NA,49.34,14.01,22.94,36.78,NA,9.67,1.62,NA,NA,NA,NA,NA,NA,NA,NA,NA,NA,NA,NA,NA,NA,NA,NA
2021-11-17 00:00:00,NA,22.46,14.07,23.10,37.06,NA,9.80,1.25,NA,NA,NA,NA,NA,NA,NA,NA,NA,NA,NA,NA,NA,NA,NA,NA
2021-11-17 01:00:00,NA,14.08,13.96,23.09,37.03,NA,13.97,1.05,NA,NA,NA,NA,NA,NA,NA,NA,NA,NA,NA,NA,NA,NA,NA,NA
2021-11-17 02:00:00,NA,9.36,14.05,22.75,37.08,NA,14.04,0.95,NA,NA,NA,NA,NA,NA,NA,NA,NA,NA,NA,NA,NA,NA,NA,NA
2021-11-17 03:00:00,NA,7.10,14.01,23.03,36.98,NA,13.81,0.76,NA,NA,NA,NA,NA,NA,NA,NA,NA,NA,NA,NA,NA,NA,NA,NA
2021-11-17 04:00:00,NA,5.21,14.06,23.03,36.99,NA,13.91,0.79,NA,NA,NA,NA,NA,NA,NA,NA,NA,NA,NA,NA,NA,NA,NA,NA
2021-11-17 05:00:00,NA,4.85,13.99,23.15,36.93,NA,13.83,0.95,NA,NA,NA,NA,NA,NA,NA,NA,NA,NA,NA,NA,NA,NA,NA,NA
2021-11-17 06:00:00,NA,4.90,14.06,22.91,37.04,NA,10.49,1.35,NA,NA,NA,NA,NA,NA,NA,NA,NA,NA,NA,NA,NA,NA,NA,NA
2021-11-17 07:00:00,NA,9.18,13.99,23.10,37.44,NA,10.35,2.04,NA,NA,NA,NA,NA,NA,NA,NA,NA,NA,NA,NA,NA,NA,NA,NA
2021-11-17 08:00:00,NA,9.56,14.05,23.18,36.74,NA,10.30,1.59,NA,NA,NA,NA,NA,NA,NA,NA,NA,NA,NA,NA,NA,NA,NA,NA
2021-11-17 09:00:00,NA,17.52,14.10,23.00,36.89,NA,10.20,1.90,NA,NA,NA,NA,NA,NA,NA,NA,NA,NA,NA,NA,NA,NA,NA,NA
2021-11-17 10:00:00,NA,33.77,14.08,23.01,36.76,NA,10.11,1.92,NA,NA,NA,NA,NA,NA,NA,NA,NA,NA,NA,NA,NA,NA,NA,NA
2021-11-17 11:00:00,NA,31.18,14.08,22.99,36.76,NA,13.15,1.80,NA,NA,NA,NA,NA,NA,NA,NA,NA,NA,NA,NA,NA,NA,NA,NA
2021-11-17 12:00:00,NA,29.27,13.96,23.02,37.12,NA,12.78,1.51,NA,NA,NA,NA,NA,NA,NA,NA,NA,NA,NA,NA,NA,NA,NA,NA
2021-11-17 13:00:00,NA,37.44,13.90,23.15,36.94,NA,12.41,0.90,NA,NA,NA,NA,NA,NA,NA,NA,NA,NA,NA,NA,NA,NA,NA,NA
2021-11-17 14:00:00,NA,50.26,14.01,23.07,36.98,NA,12.64,0.80,NA,NA,NA,NA,NA,NA,NA,NA,NA,NA,NA,NA,NA,NA,NA,NA
2021-11-17 15:00:00,NA,73.11,14.00,22.88,37.17,NA,12.51,0.92,NA,NA,NA,NA,NA,NA,NA,NA,NA,NA,NA,NA,NA,NA,NA,NA
2021-11-17 16:00:00,NA,64.41,13.95,22.88,36.96,NA,15.98,1.33,NA,NA,NA,NA,NA,NA,NA,NA,NA,NA,NA,NA,NA,NA,NA,NA
2021-11-17 17:00:00,NA,81.15,14.05,22.92,36.83,NA,15.67,1.57,NA,NA,NA,NA,NA,NA,NA,NA,NA,NA,NA,NA,NA,NA,NA,NA
2021-11-17 18:00:00,NA,78.31,13.99,23.10,36.57,NA,15.26,1.21,NA,NA,NA,NA,NA,NA,NA,NA,NA,NA,NA,NA,NA,NA,NA,NA
2021-11-17 19:00:00,NA,54.14,14.06,23.02,36.98,NA,15.74,1.80,NA,NA,NA,NA,NA,NA,NA,NA,NA,NA,NA,NA,NA,NA,NA,NA
2021-11-17 20:00:00,NA,55.00,13.98,23.08,37.18,NA,15.75,1.95,NA,NA,NA,NA,NA,NA,NA,NA,NA,NA,NA,NA,NA,NA,NA,NA
2021-11-17 21:00:00,NA,43.63,14.05,23.16,36.81,NA,11.12,2.14,NA,NA,NA,NA,NA,NA,NA,NA,NA,NA,NA,NA,NA,NA,NA,NA
2021-11-17 22:00:00,NA,41.10,14.00,22.84,36.82,NA,10.97,2.23,NA,NA,NA,NA,NA,NA,NA,NA,NA,NA,NA,NA,NA,NA,NA,NA
2021-11-17 23:00:00,NA,46.20,14.03,22.90,37.28,NA,10.93,1.94,NA,NA,NA,NA,NA,NA,NA,NA,NA,NA,NA,NA,NA,NA,NA,NA
2021-11-18 00:00:00,NA,43.08,13.94,23.10,37.05,NA,10.87,1.46,NA,NA,NA,NA,NA,NA,NA,NA,NA,NA,NA,NA,NA,NA,NA,NA
2021-11-18 01:00:00,NA,28.61,14.06,22.75,36.88,NA,10.94,1.12,NA,NA,NA,NA,NA,NA,NA,NA,NA,NA,NA,NA,NA,NA,NA,NA
2021-11-18 02:00:00,NA,15.63,14.06,22.83,36.74,NA,16.05,0.90,NA,NA,NA,NA,NA,NA,NA,NA,NA,NA,NA,NA,NA,NA,NA,NA
2021-11-18 03:00:00,NA,10.48,13.91,23.03,36.89,NA,15.92,0.75,NA,NA,NA,NA,NA,NA,NA,NA,NA,NA,NA,NA,NA,NA,NA,NA
2021-11-18 04:00:00,NA,12.02,13.92,23.15,37.06,NA,15.92,0.75,NA,NA,NA,NA,NA,NA,NA,NA,NA,NA,NA,NA,NA,NA,NA,NA
2021-11-18 05:00:00,NA,NA,NA,NA,NA,NA,NA,NA,NA,NA,NA,NA,NA,NA,NA,NA,NA,NA,NA,NA,NA,NA,NA,NA
2021-11-18 06:00:00,NA,NA,NA,NA,NA,NA,NA,NA,NA,NA,NA,NA,NA,NA,NA,NA,NA,NA,NA,NA,NA,NA,NA,NA
2021-11-18 07:00:00,NA,NA,NA,NA,NA,NA,NA,NA,NA,NA,NA,NA,NA,NA,NA,NA,NA,NA,NA,NA,NA,NA,NA,NA
2021-11-18 08:00:00,NA,NA,NA,NA,NA,NA,NA,NA,NA,NA,NA,NA,NA,NA,NA,NA,NA,NA,NA,NA,NA,NA,NA,NA
2021-11-18 09:00:00,NA,NA,NA,NA,NA,NA,NA,NA,NA,NA,NA,NA,NA,NA,NA,NA,NA,NA,NA,NA,NA,NA,NA,NA
2021-11-18 10:00:00,NA,7.79,14.06,22.99,37.08,NA,14.30,0.92,NA,NA,NA,NA,NA,NA,NA,NA,NA,NA,NA,NA,NA,NA,NA,NA
2021-11-18 11:00:00,NA,7.37,13.98,23.06,36.92,NA,15.16,0.13,NA,NA,NA,NA,NA,NA,NA,NA,NA,NA,NA,NA,NA,NA,NA,NA
2021-11-18 12:00:00,NA,7.43,14.05,23.11,36.95,NA,14.40,0.00,NA,NA,NA,NA,NA,NA,NA,NA,NA,NA,NA,NA,NA,NA,NA,NA
2021-11-18 13:00:00,NA,6.10,13.90,23.07,37.00,NA,14.78,1.02,NA,NA,NA,NA,NA,NA,NA,NA,NA,NA,NA,NA,NA,NA,NA,NA
2021-11-18 14:00:00,NA,4.69,14.06,23.06,36.57,NA,15.08,1.81,NA,NA,NA,NA,NA,NA,NA,NA,NA,NA,NA,NA,NA,NA,NA,NA
2021-11-18 15:00:00,NA,5.54,14.14,23.16,36.91,NA,15.33,1.81,NA,NA,NA,NA,NA,NA,NA,NA,NA,NA,NA,NA,NA,NA,NA,NA
2021-11-18 16:00:00,NA,6.48,14.01,23.04,36.99,NA,15.37,1.80,NA,NA,NA,NA,NA,NA,NA,NA,NA,NA,NA,NA,NA,NA,NA,NA
2021-11-18 17:00:00,NA,5.04,14.14,23.06,37.02,NA,11.26,1.81,NA,NA,NA,NA,NA,NA,NA,NA,NA,NA,NA,NA,NA,NA,NA,NA
2021-11-18 18:00:00,NA,3.55,14.05,23.00,37.39,NA,11.58,1.81,NA,NA,NA,NA,NA,NA,NA,NA,NA,NA,NA,NA,NA,NA,NA,NA
2021-11-18 19:00:00,NA,2.70,14.04,23.02,36.89,NA,11.33,1.80,NA,NA,NA,NA,NA,NA,NA,NA,NA,NA,NA,NA,NA,NA,NA,NA
2021-11-18 20:00:00,NA,3.69,14.04,22.93,36.85,NA,11.62,1.78,NA,NA,NA,NA,NA,NA,NA,NA,NA,NA,NA,NA,NA,NA,NA,NA
2021-11-18 21:00:00,NA,4.06,13.99,22.82,36.73,NA,11.69,1.81,NA,NA,NA,NA,NA,NA,NA,NA,NA,NA,NA,NA,NA,NA,NA,NA
2021-11-18 22:00:00,NA,2.61,14.00,22.96,36.95,NA,12.01,1.79,NA,NA,NA,NA,NA,NA,NA,NA,NA,NA,NA,NA,NA,NA,NA,NA
2021-11-18 23:00:00,NA,2.41,13.81,22.72,37.12,NA,12.00,1.81,NA,NA,NA,NA,NA,NA,NA,NA,NA,NA,NA,NA,NA,NA,NA,NA
2021-11-19 00:00:00,NA,4.29,14.09,23.13,37.23,NA,12.38,1.80,NA,NA,NA,NA,NA,NA,NA,NA,NA,NA,NA,NA,NA,NA,NA,NA
2021-11-19 01:00:00,NA,3.70,14.00,22.99,36.74,NA,12.24,1.79,NA,NA,NA,NA,NA,NA,NA,NA,NA,NA,NA,NA,NA,NA,NA,NA
2021-11-19 02:00:00,NA,4.69,13.98,22.90,37.18,NA,12.17,1.80,NA,NA,NA,NA,NA,NA,NA,NA,NA,NA,NA,NA,NA,NA,NA,NA
2021-11-19 03:00:00,NA,4.86,13.96,23.09,37.14,NA,15.14,1.79,NA,NA,NA,NA,NA,NA,NA,NA,NA,NA,NA,NA,NA,NA,NA,NA
2021-11-19 04:00:00,NA,4.64,14.00,22.88,36.89,NA,15.43,1.80,NA,NA,NA,NA,NA,NA,NA,NA,NA,NA,NA,NA,NA,NA,NA,NA
2021-11-19 05:00:00,NA,3.89,13.95,22.91,37.28,NA,15.64,1.81,NA,NA,NA,NA,NA,NA,NA,NA,NA,NA,NA,NA,NA,NA,NA,NA
2021-11-19 06:00:00,NA,3.51,13.90,22.84,37.09,NA,15.82,1.79,NA,NA,NA,NA,NA,NA,NA,NA,NA,NA,NA,NA,NA,NA,NA,NA
2021-11-19 07:00:00,NA,4.48,13.92,23.06,37.18,NA,15.85,1.81,NA,NA,NA,NA,NA,NA,NA,NA,NA,NA,NA,NA,NA,NA,NA,NA
2021-11-19 08:00:00,NA,4.75,13.98,22.94,36.95,NA,15.56,1.80,NA,NA,NA,NA,NA,NA,NA,NA,NA,NA,NA,NA,NA,NA,NA,NA
2021-11-19 09:00:00,NA,8.59,13.98,22.84,36.89,NA,16.05,1.80,NA,NA,NA,NA,NA,NA,NA,NA,NA,NA,NA,NA,NA,NA,NA,NA
2021-11-19 10:00:00,NA,22.44,14.02,23.03,36.94,NA,12.90,1.80,NA,NA,NA,NA,NA,NA,NA,NA,NA,NA,NA,NA,NA,NA,NA,NA
2021-11-19 11:00:00,NA,33.55,13.96,23.06,36.94,NA,12.03,1.80,NA,NA,NA,NA,NA,NA,NA,NA,NA,NA,NA,NA,NA,NA,NA,NA
2021-11-19 12:00:00,NA,27.66,14.08,22.93,36.76,NA,12.35,1.80,NA,NA,NA,NA,NA,NA,NA,NA,NA,NA,NA,NA,NA,NA,NA,NA
2021-11-19 13:00:00,NA,16.06,14.03,23.05,37.14,NA,17.22,1.80,NA,NA,NA,NA,NA,NA,NA,NA,NA,NA,NA,NA,NA,NA,NA,NA
2021-11-19 14:00:00,NA,9.36,14.08,23.05,37.12,NA,18.40,1.81,NA,NA,NA,NA,NA,NA,NA,NA,NA,NA,NA,NA,NA,NA,NA,NA
2021-11-19 15:00:00,NA,6.10,14.05,23.06,36.93,NA,18.60,1.80,NA,NA,NA,NA,NA,NA,NA,NA,NA,NA,NA,NA,NA,NA,NA,NA
2021-11-19 16:00:00,NA,5.18,14.18,23.01,37.10,NA,18.90,1.82,NA,NA,NA,NA,NA,NA,NA,NA,NA,NA,NA,NA,NA,NA,NA,NA
2021-11-19 17:00:00,NA,12.14,14.01,23.14,37.12,NA,18.94,1.25,NA,NA,NA,NA,NA,NA,NA,NA,NA,NA,NA,NA,NA,NA,NA,NA
2021-11-19 18:00:00,NA,20.27,13.97,23.11,36.80,NA,13.54,0.72,NA,NA,NA,NA,NA,NA,NA,NA,NA,NA,NA,NA,NA,NA,NA,NA
2021-11-19 19:00:00,NA,25.39,13.95,22.88,37.22,NA,13.89,0.72,NA,NA,NA,NA,NA,NA,NA,NA,NA,NA,NA,NA,NA,NA,NA,NA
2021-11-19 20:00:00,NA,26.54,13.99,22.92,37.27,NA,14.06,0.72,NA,NA,NA,NA,NA,NA,NA,NA,NA,NA,NA,NA,NA,NA,NA,NA
2021-11-19 21:00:00,NA,33.68,14.00,23.00,36.96,NA,13.92,0.72,NA,NA,NA,NA,NA,NA,NA,NA,NA,NA,NA,NA,NA,NA,NA,NA
2021-11-19 22:00:00,NA,44.27,13.95,22.92,37.02,NA,14.26,0.72,NA,NA,NA,NA,NA,NA,NA,NA,NA,NA,NA,NA,NA,NA,NA,NA
2021-11-19 23:00:00,NA,43.94,13.87,23.26,37.20,NA,11.22,0.72,NA,NA,NA,NA,NA,NA,NA,NA,NA,NA,NA,NA,NA,NA,NA,NA
2021-11-20 00:00:00,NA,30.06,14.02,22.85,36.86,NA,11.37,0.72,NA,NA,NA,NA,NA,NA,NA,NA,NA,NA,NA,NA,NA,NA,NA,NA
2021-11-20 01:00:00,NA,25.10,14.06,23.00,37.12,NA,11.72,0.72,NA,NA,NA,NA,NA,NA,NA,NA,NA,NA,NA,NA,NA,NA,NA,NA
2021-11-20 02:00:00,NA,22.37,13.94,22.91,37.18,NA,11.78,0.72,NA,NA,NA,NA,NA,NA,NA,NA,NA,NA,NA,NA,NA,NA,NA,NA
2021-11-20 03:00:00,NA,21.82,14.04,22.94,37.30,NA,11.79,0.72,NA,NA,NA,NA,NA,NA,NA,NA,NA,NA,NA,NA,NA,NA,NA,NA
2021-11-20 04:00:00,NA,22.14,13.98,22.92,37.19,NA,12.75,0.72,NA,NA,NA,NA,NA,NA,NA,NA,NA,NA,NA,NA,NA,NA,NA,NA
2021-11-20 05:00:00,NA,21.17,13.98,23.02,37.07,NA,12.70,0.72,NA,NA,NA,NA,NA,NA,NA,NA,NA,NA,NA,NA,NA,NA,NA,NA
2021-11-20 06:00:00,NA,26.16,13.94,22.78,36.86,NA,12.78,0.72,NA,NA,NA,NA,NA,NA,NA,NA,NA,NA,NA,NA,NA,NA,NA,NA
2021-11-20 07:00:00,NA,36.47,14.00,23.03,36.85,NA,13.35,0.73,NA,NA,NA,NA,NA,NA,NA,NA,NA,NA,NA,NA,NA,NA,NA,NA
2021-11-20 08:00:00,NA,42.61,14.07,22.90,36.95,NA,13.47,0.72,NA,NA,NA,NA,NA,NA,NA,NA,NA,NA,NA,NA,NA,NA,NA,NA
2021-11-20 09:00:00,NA,55.94,13.95,22.94,37.35,NA,13.30,0.72,NA,NA,NA,NA,NA,NA,NA,NA,NA,NA,NA,NA,NA,NA,NA,NA
2021-11-20 10:00:00,NA,76.47,14.02,22.96,37.01,NA,13.59,0.72,NA,NA,NA,NA,NA,NA,NA,NA,NA,NA,NA,NA,NA,NA,NA,NA
2021-11-20 11:00:00,NA,83.41,14.04,23.05,36.96,NA,12.70,0.72,NA,NA,NA,NA,NA,NA,NA,NA,NA,NA,NA,NA,NA,NA,NA,NA
2021-11-20 12:00:00,NA,NA,NA,NA,NA,NA,NA,NA,NA,NA,NA,NA,NA,NA,NA,NA,NA,NA,NA,NA,NA,NA,NA,NA
2021-11-20 13:00:00,NA,NA,NA,NA,NA,NA,NA,NA,NA,NA,NA,NA,NA,NA,NA,NA,NA,NA,NA,NA,NA,NA,NA,NA
2021-11-20 14:00:00,NA,NA,NA,NA,NA,NA,NA,NA,NA,NA,NA,NA,NA,NA,NA,NA,NA,NA,NA,NA,NA,NA,NA,NA
2021-11-20 15:00:00,NA,NA,NA,NA,NA,NA,NA,NA,NA,NA,NA,NA,NA,NA,NA,NA,NA,NA,NA,NA,NA,NA,NA,NA
2021-11-20 16:00:00,NA,NA,NA,NA,NA,NA,NA,NA,NA,NA,NA,NA,NA,NA,NA,NA,NA,NA,NA,NA,NA,NA,NA,NA
2021-11-20 17:00:00,NA,NA,NA,NA,NA,NA,NA,NA,NA,NA,NA,NA,NA,NA,NA,NA,NA,NA,NA,NA,NA,NA,NA,NA
2021-11-20 18:00:00,NA,NA,NA,NA,NA,NA,NA,NA,NA,NA,NA,NA,NA,NA,NA,NA,NA,NA,NA,NA,NA,NA,NA,NA
2021-11-20 19:00:00,NA,NA,NA,NA,NA,NA,NA,NA,NA,NA,NA,NA,NA,NA,NA,NA,NA,NA,NA,NA,NA,NA,NA,NA
2021-11-20 20:00:00,NA,NA,NA,NA,NA,NA,NA,NA,NA,NA,NA,NA,NA,NA,NA,NA,NA,NA,NA,NA,NA,NA,NA,NA
2021-11-20 21:00:00,NA,NA,NA,NA,NA,NA,NA,NA,NA,NA,NA,NA,NA,NA,NA,NA,NA,NA,NA,NA,NA,NA,NA,NA
2021-11-20 22:00:00,NA,NA,NA,NA,NA,NA,NA,NA,NA,NA,NA,NA,NA,NA,NA,NA,NA,NA,NA,NA,NA,NA,NA,NA
2021-11-20 23:00:00,NA,NA,NA,NA,NA,NA,NA,NA,NA,NA,NA,NA,NA,NA,NA,NA,NA,NA,NA,NA,NA,NA,NA,NA
2021-11-21 00:00:00,NA,NA,NA,NA,NA,NA,NA,NA,NA,NA,NA,NA,NA,NA,NA,NA,NA,NA,NA,NA,NA,NA,NA,NA
2021-11-21 01:00:00,NA,NA,NA,NA,NA,NA,NA,NA,NA,NA,NA,NA,NA,NA,NA,NA,NA,NA,NA,NA,NA,NA,NA,NA
2021-11-21 02:00:00,NA,NA,NA,NA,NA,NA,NA,NA,NA,NA,NA,NA,NA,NA,NA,NA,NA,NA,NA,NA,NA,NA,NA,NA
2021-11-21 03:00:00,NA,NA,NA,NA,NA,NA,NA,NA,NA,NA,NA,NA,NA,NA,NA,NA,NA,NA,NA,NA,NA,NA,NA,NA
2021-11-21 04:00:00,NA,NA,NA,NA,NA,NA,NA,NA,NA,NA,NA,NA,NA,NA,NA,NA,NA,NA,NA,NA,NA,NA,NA,NA
2021-11-21 05:00:00,NA,NA,NA,NA,NA,NA,NA,NA,NA,NA,NA,NA,NA,NA,NA,NA,NA,NA,NA,NA,NA,NA,NA,NA
2021-11-21 06:00:00,NA,NA,NA,NA,NA,NA,NA,NA,NA,NA,NA,NA,NA,NA,NA,NA,NA,NA,NA,NA,NA,NA,NA,NA
2021-11-21 07:00:00,NA,NA,NA,NA,NA,NA,NA,NA,NA,NA,NA,NA,NA,NA,NA,NA,NA,NA,NA,NA,NA,NA,NA,NA
2021-11-21 08:00:00,NA,NA,NA,NA,NA,NA,NA,NA,NA,NA,NA,NA,NA,NA,NA,NA,NA,NA,NA,NA,NA,NA,NA,NA
2021-11-21 09:00:00,NA,NA,NA,NA,NA,NA,NA,NA,NA,NA,NA,NA,NA,NA,NA,NA,NA,NA,NA,NA,NA,NA,NA,NA
2021-11-21 10:00:00,NA,NA,NA,NA,NA,NA,NA,NA,NA,NA,NA,NA,NA,NA,NA,NA,NA,NA,NA,NA,NA,NA,NA,NA
2021-11-21 11:00:00,NA,NA,NA,NA,NA,NA,NA,NA,NA,NA,NA,NA,NA,NA,NA,NA,NA,NA,NA,NA,NA,NA,NA,NA
2021-11-21 12:00:00,NA,NA,NA,NA,NA,NA,NA,NA,NA,NA,NA,NA,NA,NA,NA,NA,NA,NA,NA,NA,NA,NA,NA,NA
2021-11-21 13:00:00,NA,NA,NA,NA,NA,NA,NA,NA,NA,NA,NA,NA,NA,NA,NA,NA,NA,NA,NA,NA,NA,NA,NA,NA
2021-11-21 14:00:00,NA,NA,NA,NA,NA,NA,NA,NA,NA,NA,NA,NA,NA,NA,NA,NA,NA,NA,NA,NA,NA,NA,NA,NA
2021-11-21 15:00:00,NA,NA,NA,NA,NA,NA,NA,NA,NA,NA,NA,NA,NA,NA,NA,NA,NA,NA,NA,NA,NA,NA,NA,NA
2021-11-21 16:00:00,NA,NA,NA,NA,NA,NA,NA,NA,NA,NA,NA,NA,NA,NA,NA,NA,NA,NA,NA,NA,NA,NA,NA,NA
2021-11-21 17:00:00,NA,NA,NA,NA,NA,NA,NA,NA,NA,NA,NA,NA,NA,NA,NA,NA,NA,NA,NA,NA,NA,NA,NA,NA
2021-11-21 18:00:00,NA,NA,NA,NA,NA,NA,NA,NA,NA,NA,NA,NA,NA,NA,NA,NA,NA,NA,NA,NA,NA,NA,NA,NA
2021-11-21 19:00:00,NA,NA,NA,NA,NA,NA,NA,NA,NA,NA,NA,NA,NA,NA,NA,NA,NA,NA,NA,NA,NA,NA,NA,NA
2021-11-21 20:00:00,NA,NA,NA,NA,NA,NA,NA,NA,NA,NA,NA,NA,NA,NA,NA,NA,NA,NA,NA,NA,NA,NA,NA,NA
2021-11-21 21:00:00,NA,NA,NA,NA,NA,NA,NA,NA,NA,NA,NA,NA,NA,NA,NA,NA,NA,NA,NA,NA,NA,NA,NA,NA
2021-11-21 22:00:00,NA,NA,NA,NA,NA,NA,NA,NA,NA,NA,NA,NA,NA,NA,NA,NA,NA,NA,NA,NA,NA,NA,NA,NA
2021-11-21 23:00:00,NA,NA,NA,NA,NA,NA,NA,NA,NA,NA,NA,NA,NA,NA,NA,NA,NA,NA,NA,NA,NA,NA,NA,NA
2021-11-22 00:00:00,NA,NA,NA,NA,NA,NA,NA,NA,NA,NA,NA,NA,NA,NA,NA,NA,NA,NA,NA,NA,NA,NA,NA,NA
2021-11-22 01:00:00,NA,NA,NA,NA,NA,NA,NA,NA,NA,NA,NA,NA,NA,NA,NA,NA,NA,NA,NA,NA,NA,NA,NA,NA
2021-11-22 02:00:00,NA,NA,NA,NA,NA,NA,NA,NA,NA,NA,NA,NA,NA,NA,NA,NA,NA,NA,NA,NA,NA,NA,NA,NA
2021-11-22 03:00:00,NA,NA,NA,NA,NA,NA,NA,NA,NA,NA,NA,NA,NA,NA,NA,NA,NA,NA,NA,NA,NA,NA,NA,NA
2021-11-22 04:00:00,NA,NA,NA,NA,NA,NA,NA,NA,NA,NA,NA,NA,NA,NA,NA,NA,NA,NA,NA,NA,NA,NA,NA,NA
2021-11-22 05:00:00,NA,NA,NA,NA,NA,NA,NA,NA,NA,NA,NA,NA,NA,NA,NA,NA,NA,NA,NA,NA,NA,NA,NA,NA
2021-11-22 06:00:00,NA,NA,NA,NA,NA,NA,NA,NA,NA,NA,NA,NA,NA,NA,NA,NA,NA,NA,NA,NA,NA,NA,NA,NA
2021-11-22 07:00:00,NA,NA,NA,NA,NA,NA,NA,NA,NA,NA,NA,NA,NA,NA,NA,NA,NA,NA,NA,NA,NA,NA,NA,NA
2021-11-22 08:00:00,NA,NA,NA,NA,NA,NA,NA,NA,NA,NA,NA,NA,NA,NA,NA,NA,NA,NA,NA,NA,NA,NA,NA,NA
2021-11-22 09:00:00,NA,NA,NA,NA,NA,NA,NA,NA,NA,NA,NA,NA,NA,NA,NA,NA,NA,NA,NA,NA,NA,NA,NA,NA
2021-11-22 10:00:00,NA,NA,NA,NA,0.00,NA,NA,0.00,NA,NA,NA,NA,NA,NA,NA,NA,NA,NA,NA,NA,NA,NA,NA,NA
2021-11-22 11:00:00,NA,53.43,14.14,23.19,27.46,NA,10.89,0.54,NA,NA,NA,NA,NA,NA,NA,NA,NA,NA,NA,NA,NA,NA,NA,NA
2021-11-22 12:00:00,NA,49.30,13.90,23.08,36.75,NA,12.70,0.72,NA,NA,NA,NA,NA,NA,NA,NA,NA,NA,NA,NA,NA,NA,NA,NA
2021-11-22 13:00:00,NA,57.10,13.96,22.94,36.94,NA,14.79,0.72,NA,NA,NA,NA,NA,NA,NA,NA,NA,NA,NA,NA,NA,NA,NA,NA
2021-11-22 14:00:00,NA,67.67,13.95,23.28,36.55,NA,16.20,0.72,NA,NA,NA,NA,NA,NA,NA,NA,NA,NA,NA,NA,NA,NA,NA,NA
2021-11-22 15:00:00,NA,81.53,13.95,23.07,36.87,NA,16.76,0.72,NA,NA,NA,NA,NA,NA,NA,NA,NA,NA,NA,NA,NA,NA,NA,NA
2021-11-22 16:00:00,NA,97.65,14.09,22.70,36.84,NA,16.64,0.72,NA,NA,NA,NA,NA,NA,NA,NA,NA,NA,NA,NA,NA,NA,NA,NA
2021-11-22 17:00:00,NA,100.08,13.97,23.01,37.23,NA,17.62,0.72,NA,NA,NA,NA,NA,NA,NA,NA,NA,NA,NA,NA,NA,NA,NA,NA
2021-11-22 18:00:00,NA,119.32,14.06,23.05,37.06,NA,17.69,0.72,NA,NA,NA,NA,NA,NA,NA,NA,NA,NA,NA,NA,NA,NA,NA,NA
2021-11-22 19:00:00,NA,138.30,13.99,22.85,36.94,NA,18.30,0.72,NA,NA,NA,NA,NA,NA,NA,NA,NA,NA,NA,NA,NA,NA,NA,NA
2021-11-22 20:00:00,NA,146.13,14.09,23.06,37.11,NA,18.82,0.73,NA,NA,NA,NA,NA,NA,NA,NA,NA,NA,NA,NA,NA,NA,NA,NA
2021-11-22 21:00:00,NA,130.78,13.89,23.05,37.06,NA,10.56,0.72,NA,NA,NA,NA,NA,NA,NA,NA,NA,NA,NA,NA,NA,NA,NA,NA
2021-11-22 22:00:00,NA,115.02,14.09,23.03,37.17,NA,11.13,0.72,NA,NA,NA,NA,NA,NA,NA,NA,NA,NA,NA,NA,NA,NA,NA,NA
2021-11-22 23:00:00,NA,109.58,14.02,22.96,36.65,NA,11.19,0.72,NA,NA,NA,NA,NA,NA,NA,NA,NA,NA,NA,NA,NA,NA,NA,NA
2021-11-23 00:00:00,NA,90.60,13.96,22.91,36.95,NA,11.55,0.72,NA,NA,NA,NA,NA,NA,NA,NA,NA,NA,NA,NA,NA,NA,NA,NA
2021-11-23 01:00:00,NA,68.18,13.98,22.87,37.14,NA,12.14,0.72,NA,NA,NA,NA,NA,NA,NA,NA,NA,NA,NA,NA,NA,NA,NA,NA
2021-11-23 02:00:00,NA,57.18,13.98,23.08,37.08,NA,14.27,0.72,NA,NA,NA,NA,NA,NA,NA,NA,NA,NA,NA,NA,NA,NA,NA,NA
2021-11-23 03:00:00,NA,44.89,14.01,23.02,36.76,NA,14.78,0.72,NA,NA,NA,NA,NA,NA,NA,NA,NA,NA,NA,NA,NA,NA,NA,NA
2021-11-23 04:00:00,NA,33.39,13.99,22.98,37.02,NA,14.92,0.72,NA,NA,NA,NA,NA,NA,NA,NA,NA,NA,NA,NA,NA,NA,NA,NA
2021-11-23 05:00:00,NA,35.51,13.99,22.96,36.96,NA,14.61,0.72,NA,NA,NA,NA,NA,NA,NA,NA,NA,NA,NA,NA,NA,NA,NA,NA
2021-11-23 06:00:00,NA,60.93,14.15,22.78,36.83,NA,14.84,0.73,NA,NA,NA,NA,NA,NA,NA,NA,NA,NA,NA,NA,NA,NA,NA,NA
2021-11-23 07:00:00,NA,73.43,13.98,22.84,36.90,NA,12.03,0.72,NA,NA,NA,NA,NA,NA,NA,NA,NA,NA,NA,NA,NA,NA,NA,NA
2021-11-23 08:00:00,NA,107.34,13.98,23.01,36.94,NA,12.16,0.72,NA,NA,NA,NA,NA,NA,NA,NA,NA,NA,NA,NA,NA,NA,NA,NA
2021-11-23 09:00:00,NA,118.04,14.13,22.78,37.16,NA,12.80,0.73,NA,NA,NA,NA,NA,NA,NA,NA,NA,NA,NA,NA,NA,NA,NA,NA
2021-11-23 10:00:00,NA,119.08,13.96,23.24,36.76,NA,12.89,0.72,NA,NA,NA,NA,NA,NA,NA,NA,NA,NA,NA,NA,NA,NA,NA,NA
2021-11-23 11:00:00,NA,128.67,13.88,22.97,37.11,NA,12.96,0.71,NA,NA,NA,NA,NA,NA,NA,NA,NA,NA,NA,NA,NA,NA,NA,NA
2021-11-23 12:00:00,NA,129.55,14.02,22.93,36.92,NA,14.31,0.72,NA,NA,NA,NA,NA,NA,NA,NA,NA,NA,NA,NA,NA,NA,NA,NA
2021-11-23 13:00:00,NA,134.40,13.90,23.03,37.27,NA,14.80,0.72,NA,NA,NA,NA,NA,NA,NA,NA,NA,NA,NA,NA,NA,NA,NA,NA
2021-11-23 14:00:00,NA,135.20,13.95,22.97,36.86,NA,14.99,0.72,NA,NA,NA,NA,NA,NA,NA,NA,NA,NA,NA,NA,NA,NA,NA,NA
2021-11-23 15:00:00,NA,121.08,13.97,23.08,36.80,NA,15.36,0.72,NA,NA,NA,NA,NA,NA,NA,NA,NA,NA,NA,NA,NA,NA,NA,NA
2021-11-23 16:00:00,NA,121.74,14.01,22.98,36.94,NA,15.41,0.72,NA,NA,NA,NA,NA,NA,NA,NA,NA,NA,NA,NA,NA,NA,NA,NA
2021-11-23 17:00:00,NA,140.39,14.07,23.03,36.94,NA,17.07,0.72,NA,NA,NA,NA,NA,NA,NA,NA,NA,NA,NA,NA,NA,NA,NA,NA
2021-11-23 18:00:00,NA,153.89,13.98,23.22,37.31,NA,17.48,0.72,NA,NA,NA,NA,NA,NA,NA,NA,NA,NA,NA,NA,NA,NA,NA,NA
2021-11-23 19:00:00,NA,155.32,14.07,22.88,37.04,NA,17.62,0.73,NA,NA,NA,NA,NA,NA,NA,NA,NA,NA,NA,NA,NA,NA,NA,NA
2021-11-23 20:00:00,NA,153.79,13.95,23.05,37.24,NA,17.80,0.72,NA,NA,NA,NA,NA,NA,NA,NA,NA,NA,NA,NA,NA,NA,NA,NA
2021-11-23 21:00:00,NA,140.86,14.07,23.13,36.82,NA,18.33,0.72,NA,NA,NA,NA,NA,NA,NA,NA,NA,NA,NA,NA,NA,NA,NA,NA
2021-11-23 22:00:00,NA,119.98,13.96,22.99,36.99,NA,15.50,0.72,NA,NA,NA,NA,NA,NA,NA,NA,NA,NA,NA,NA,NA,NA,NA,NA
2021-11-23 23:00:00,NA,106.08,13.96,22.92,36.76,NA,15.72,0.72,NA,NA,NA,NA,NA,NA,NA,NA,NA,NA,NA,NA,NA,NA,NA,NA
2021-11-24 00:00:00,NA,85.90,14.01,22.97,37.16,NA,15.88,0.72,NA,NA,NA,NA,NA,NA,NA,NA,NA,NA,NA,NA,NA,NA,NA,NA
2021-11-24 01:00:00,NA,62.57,14.00,22.94,37.24,NA,15.60,0.72,NA,NA,NA,NA,NA,NA,NA,NA,NA,NA,NA,NA,NA,NA,NA,NA
2021-11-24 02:00:00,NA,44.50,13.86,23.10,37.15,NA,16.05,0.72,NA,NA,NA,NA,NA,NA,NA,NA,NA,NA,NA,NA,NA,NA,NA,NA
2021-11-24 03:00:00,NA,40.72,13.99,22.90,36.92,NA,13.01,0.72,NA,NA,NA,NA,NA,NA,NA,NA,NA,NA,NA,NA,NA,NA,NA,NA
2021-11-24 04:00:00,NA,45.06,13.88,22.96,36.72,NA,12.89,0.72,NA,NA,NA,NA,NA,NA,NA,NA,NA,NA,NA,NA,NA,NA,NA,NA
2021-11-24 05:00:00,NA,58.44,13.91,23.05,36.64,NA,12.64,0.72,NA,NA,NA,NA,NA,NA,NA,NA,NA,NA,NA,NA,NA,NA,NA,NA
2021-11-24 06:00:00,NA,77.70,14.04,22.92,36.93,NA,13.21,0.72,NA,NA,NA,NA,NA,NA,NA,NA,NA,NA,NA,NA,NA,NA,NA,NA
2021-11-24 07:00:00,NA,107.35,13.96,22.83,36.97,NA,13.34,0.72,NA,NA,NA,NA,NA,NA,NA,NA,NA,NA,NA,NA,NA,NA,NA,NA
2021-11-24 08:00:00,NA,130.92,14.00,23.00,36.98,NA,19.84,0.72,NA,NA,NA,NA,NA,NA,NA,NA,NA,NA,NA,NA,NA,NA,NA,NA
2021-11-24 09:00:00,NA,129.39,14.06,22.88,37.07,NA,19.71,0.72,NA,NA,NA,NA,NA,NA,NA,NA,NA,NA,NA,NA,NA,NA,NA,NA
2021-11-24 10:00:00,NA,134.81,14.02,22.87,36.86,NA,19.64,0.72,NA,NA,NA,NA,NA,NA,NA,NA,NA,NA,NA,NA,NA,NA,NA,NA
2021-11-24 11:00:00,NA,131.91,13.93,23.04,37.01,NA,19.63,0.72,NA,NA,NA,NA,NA,NA,NA,NA,NA,NA,NA,NA,NA,NA,NA,NA
2021-11-24 12:00:00,NA,125.12,14.09,23.08,37.25,NA,19.60,0.72,NA,NA,NA,NA,NA,NA,NA,NA,NA,NA,NA,NA,NA,NA,NA,NA
2021-11-24 13:00:00,NA,117.57,14.02,22.89,37.41,NA,11.24,0.72,NA,NA,NA,NA,NA,NA,NA,NA,NA,NA,NA,NA,NA,NA,NA,NA
2021-11-24 14:00:00,NA,122.64,13.90,22.90,36.88,NA,11.90,0.72,NA,NA,NA,NA,NA,NA,NA,NA,NA,NA,NA,NA,NA,NA,NA,NA
2021-11-24 15:00:00,NA,118.32,14.04,22.81,36.92,NA,11.80,0.72,NA,NA,NA,NA,NA,NA,NA,NA,NA,NA,NA,NA,NA,NA,NA,NA
2021-11-24 16:00:00,NA,117.92,14.08,23.08,36.90,NA,11.72,0.72,NA,NA,NA,NA,NA,NA,NA,NA,NA,NA,NA,NA,NA,NA,NA,NA
2021-11-24 17:00:00,NA,137.96,13.98,22.90,36.93,NA,11.96,0.72,NA,NA,NA,NA,NA,NA,NA,NA,NA,NA,NA,NA,NA,NA,NA,NA
2021-11-24 18:00:00,NA,109.65,14.01,23.01,36.98,NA,15.07,0.72,NA,NA,NA,NA,NA,NA,NA,NA,NA,NA,NA,NA,NA,NA,NA,NA
2021-11-24 19:00:00,NA,79.03,14.00,23.07,36.94,NA,16.02,0.72,NA,NA,NA,NA,NA,NA,NA,NA,NA,NA,NA,NA,NA,NA,NA,NA
2021-11-24 20:00:00,NA,73.35,13.85,23.32,37.02,NA,16.40,0.71,NA,NA,NA,NA,NA,NA,NA,NA,NA,NA,NA,NA,NA,NA,NA,NA
2021-11-24 21:00:00,NA,61.59,14.00,22.80,36.99,NA,16.56,0.72,NA,NA,NA,NA,NA,NA,NA,NA,NA,NA,NA,NA,NA,NA,NA,NA
2021-11-24 22:00:00,NA,55.40,14.00,23.08,37.32,NA,17.22,0.72,NA,NA,NA,NA,NA,NA,NA,NA,NA,NA,NA,NA,NA,NA,NA,NA
2021-11-24 23:00:00,NA,57.03,14.02,23.20,37.01,NA,11.04,0.72,NA,NA,NA,NA,NA,NA,NA,NA,NA,NA,NA,NA,NA,NA,NA,NA
2021-11-25 00:00:00,NA,55.45,14.08,23.16,37.12,NA,12.24,0.72,NA,NA,NA,NA,NA,NA,NA,NA,NA,NA,NA,NA,NA,NA,NA,NA
2021-11-25 01:00:00,NA,43.86,14.02,22.76,36.56,NA,12.27,0.72,NA,NA,NA,NA,NA,NA,NA,NA,NA,NA,NA,NA,NA,NA,NA,NA
2021-11-25 02:00:00,NA,33.08,14.03,22.93,36.90,NA,12.72,0.72,NA,NA,NA,NA,NA,NA,NA,NA,NA,NA,NA,NA,NA,NA,NA,NA
2021-11-25 03:00:00,NA,27.63,14.05,23.14,36.96,NA,12.58,0.72,NA,NA,NA,NA,NA,NA,NA,NA,NA,NA,NA,NA,NA,NA,NA,NA
2021-11-25 04:00:00,NA,33.13,14.04,23.15,37.18,NA,10.96,0.72,NA,NA,NA,NA,NA,NA,NA,NA,NA,NA,NA,NA,NA,NA,NA,NA
2021-11-25 05:00:00,NA,42.42,14.06,22.89,37.14,NA,11.08,0.72,NA,NA,NA,NA,NA,NA,NA,NA,NA,NA,NA,NA,NA,NA,NA,NA
2021-11-25 06:00:00,NA,42.33,14.05,22.76,37.22,NA,11.19,0.72,NA,NA,NA,NA,NA,NA,NA,NA,NA,NA,NA,NA,NA,NA,NA,NA
2021-11-25 07:00:00,NA,58.46,14.07,22.74,36.90,NA,10.96,0.72,NA,NA,NA,NA,NA,NA,NA,NA,NA,NA,NA,NA,NA,NA,NA,NA
2021-11-25 08:00:00,NA,70.84,13.99,23.02,36.87,NA,11.22,0.72,NA,NA,NA,NA,NA,NA,NA,NA,NA,NA,NA,NA,NA,NA,NA,NA
2021-11-25 09:00:00,NA,71.84,14.08,23.08,36.54,NA,15.70,0.73,NA,NA,NA,NA,NA,NA,NA,NA,NA,NA,NA,NA,NA,NA,NA,NA
2021-11-25 10:00:00,NA,80.48,14.02,22.76,37.14,NA,16.38,0.74,NA,NA,NA,NA,NA,NA,NA,NA,NA,NA,NA,NA,NA,NA,NA,NA
2021-11-25 11:00:00,NA,116.87,13.98,22.99,37.13,NA,16.26,0.91,NA,NA,NA,NA,NA,NA,NA,NA,NA,NA,NA,NA,NA,NA,NA,NA
2021-11-25 12:00:00,NA,117.22,14.00,22.98,37.05,NA,15.67,0.90,NA,NA,NA,NA,NA,NA,NA,NA,NA,NA,NA,NA,NA,NA,NA,NA
2021-11-25 13:00:00,NA,94.03,13.97,23.02,36.89,NA,15.82,0.90,NA,NA,NA,NA,NA,NA,NA,NA,NA,NA,NA,NA,NA,NA,NA,NA
2021-11-25 14:00:00,NA,100.38,13.97,23.07,36.83,NA,14.08,0.90,NA,NA,NA,NA,NA,NA,NA,NA,NA,NA,NA,NA,NA,NA,NA,NA
2021-11-25 15:00:00,NA,99.26,14.01,22.88,37.15,NA,13.80,0.90,NA,NA,NA,NA,NA,NA,NA,NA,NA,NA,NA,NA,NA,NA,NA,NA
2021-11-25 16:00:00,NA,110.49,13.98,22.81,37.24,NA,14.08,0.90,NA,NA,NA,NA,NA,NA,NA,NA,NA,NA,NA,NA,NA,NA,NA,NA
2021-11-25 17:00:00,NA,115.88,14.02,22.80,37.18,NA,13.85,0.90,NA,NA,NA,NA,NA,NA,NA,NA,NA,NA,NA,NA,NA,NA,NA,NA
2021-11-25 18:00:00,NA,118.88,14.03,22.94,36.98,NA,13.76,0.90,NA,NA,NA,NA,NA,NA,NA,NA,NA,NA,NA,NA,NA,NA,NA,NA
2021-11-25 19:00:00,NA,125.78,13.95,22.74,36.97,NA,12.38,0.90,NA,NA,NA,NA,NA,NA,NA,NA,NA,NA,NA,NA,NA,NA,NA,NA
2021-11-25 20:00:00,NA,125.09,14.12,23.07,36.70,NA,12.56,0.90,NA,NA,NA,NA,NA,NA,NA,NA,NA,NA,NA,NA,NA,NA,NA,NA
2021-11-25 21:00:00,NA,116.79,13.99,22.82,36.73,NA,12.91,0.90,NA,NA,NA,NA,NA,NA,NA,NA,NA,NA,NA,NA,NA,NA,NA,NA
2021-11-25 22:00:00,NA,121.80,14.01,23.05,37.11,NA,12.63,0.90,NA,NA,NA,NA,NA,NA,NA,NA,NA,NA,NA,NA,NA,NA,NA,NA
2021-11-25 23:00:00,NA,118.30,14.05,22.87,37.30,NA,12.70,0.90,NA,NA,NA,NA,NA,NA,NA,NA,NA,NA,NA,NA,NA,NA,NA,NA
2021-11-26 00:00:00,NA,85.87,14.09,22.87,37.22,NA,14.98,0.90,NA,NA,NA,NA,NA,NA,NA,NA,NA,NA,NA,NA,NA,NA,NA,NA
2021-11-26 01:00:00,NA,75.96,13.99,22.86,36.89,NA,15.48,0.90,NA,NA,NA,NA,NA,NA,NA,NA,NA,NA,NA,NA,NA,NA,NA,NA
2021-11-26 02:00:00,NA,55.13,14.03,22.92,37.16,NA,15.39,0.91,NA,NA,NA,NA,NA,NA,NA,NA,NA,NA,NA,NA,NA,NA,NA,NA
2021-11-26 03:00:00,NA,50.28,13.99,22.93,36.97,NA,15.30,0.90,NA,NA,NA,NA,NA,NA,NA,NA,NA,NA,NA,NA,NA,NA,NA,NA
2021-11-26 04:00:00,NA,44.30,14.02,23.21,36.83,NA,15.29,0.90,NA,NA,NA,NA,NA,NA,NA,NA,NA,NA,NA,NA,NA,NA,NA,NA
2021-11-26 05:00:00,NA,51.23,13.93,22.86,37.18,NA,16.07,0.90,NA,NA,NA,NA,NA,NA,NA,NA,NA,NA,NA,NA,NA,NA,NA,NA
2021-11-26 06:00:00,NA,60.83,13.91,23.16,37.11,NA,16.16,0.90,NA,NA,NA,NA,NA,NA,NA,NA,NA,NA,NA,NA,NA,NA,NA,NA
2021-11-26 07:00:00,NA,82.72,13.96,23.30,36.92,NA,16.23,0.90,NA,NA,NA,NA,NA,NA,NA,NA,NA,NA,NA,NA,NA,NA,NA,NA
2021-11-26 08:00:00,NA,107.38,14.05,23.23,36.98,NA,15.93,0.90,NA,NA,NA,NA,NA,NA,NA,NA,NA,NA,NA,NA,NA,NA,NA,NA
2021-11-26 09:00:00,NA,124.35,13.87,23.02,36.89,NA,15.96,0.90,NA,NA,NA,NA,NA,NA,NA,NA,NA,NA,NA,NA,NA,NA,NA,NA
2021-11-26 10:00:00,NA,135.21,14.08,22.84,37.24,NA,13.21,0.90,NA,NA,NA,NA,NA,NA,NA,NA,NA,NA,NA,NA,NA,NA,NA,NA
2021-11-26 11:00:00,NA,134.71,13.90,23.02,36.96,NA,13.12,0.90,NA,NA,NA,NA,NA,NA,NA,NA,NA,NA,NA,NA,NA,NA,NA,NA
2021-11-26 12:00:00,NA,127.49,13.93,22.83,37.06,NA,12.24,0.90,NA,NA,NA,NA,NA,NA,NA,NA,NA,NA,NA,NA,NA,NA,NA,NA
2021-11-26 13:00:00,NA,130.12,13.99,22.87,36.71,NA,12.19,0.91,NA,NA,NA,NA,NA,NA,NA,NA,NA,NA,NA,NA,NA,NA,NA,NA
2021-11-26 14:00:00,NA,122.95,14.08,23.01,36.86,NA,12.33,0.90,NA,NA,NA,NA,NA,NA,NA,NA,NA,NA,NA,NA,NA,NA,NA,NA
2021-11-26 15:00:00,NA,119.26,14.03,22.95,36.86,NA,11.51,0.90,NA,NA,NA,NA,NA,NA,NA,NA,NA,NA,NA,NA,NA,NA,NA,NA
2021-11-26 16:00:00,NA,129.67,14.02,23.14,36.95,NA,12.30,0.90,NA,NA,NA,NA,NA,NA,NA,NA,NA,NA,NA,NA,NA,NA,NA,NA
2021-11-26 17:00:00,NA,128.03,14.08,22.91,37.28,NA,12.30,0.90,NA,NA,NA,NA,NA,NA,NA,NA,NA,NA,NA,NA,NA,NA,NA,NA
2021-11-26 18:00:00,NA,134.11,13.94,23.13,37.01,NA,12.39,0.90,NA,NA,NA,NA,NA,NA,NA,NA,NA,NA,NA,NA,NA,NA,NA,NA
2021-11-26 19:00:00,NA,139.02,14.00,23.05,36.83,NA,12.93,0.90,NA,NA,NA,NA,NA,NA,NA,NA,NA,NA,NA,NA,NA,NA,NA,NA
2021-11-26 20:00:00,NA,139.30,13.92,22.73,37.15,NA,13.97,0.89,NA,NA,NA,NA,NA,NA,NA,NA,NA,NA,NA,NA,NA,NA,NA,NA
2021-11-26 21:00:00,NA,126.43,14.10,22.84,37.14,NA,14.50,0.90,NA,NA,NA,NA,NA,NA,NA,NA,NA,NA,NA,NA,NA,NA,NA,NA
2021-11-26 22:00:00,NA,117.90,14.00,23.07,37.10,NA,14.30,0.90,NA,NA,NA,NA,NA,NA,NA,NA,NA,NA,NA,NA,NA,NA,NA,NA
2021-11-26 23:00:00,NA,116.22,13.86,23.18,36.94,NA,14.15,0.89,NA,NA,NA,NA,NA,NA,NA,NA,NA,NA,NA,NA,NA,NA,NA,NA
2021-11-27 00:00:00,NA,93.62,13.88,23.10,36.96,NA,14.23,0.90,NA,NA,NA,NA,NA,NA,NA,NA,NA,NA,NA,NA,NA,NA,NA,NA
2021-11-27 01:00:00,NA,79.11,13.92,22.91,36.83,NA,14.27,0.90,NA,NA,NA,NA,NA,NA,NA,NA,NA,NA,NA,NA,NA,NA,NA,NA
2021-11-27 02:00:00,NA,71.71,13.92,22.92,36.81,NA,14.57,0.90,NA,NA,NA,NA,NA,NA,NA,NA,NA,NA,NA,NA,NA,NA,NA,NA
2021-11-27 03:00:00,NA,58.65,13.96,22.98,36.86,NA,14.54,0.90,NA,NA,NA,NA,NA,NA,NA,NA,NA,NA,NA,NA,NA,NA,NA,NA
2021-11-27 04:00:00,NA,50.31,13.93,23.03,36.92,NA,15.04,0.90,NA,NA,NA,NA,NA,NA,NA,NA,NA,NA,NA,NA,NA,NA,NA,NA
2021-11-27 05:00:00,NA,55.73,13.98,23.01,36.81,NA,14.94,0.91,NA,NA,NA,NA,NA,NA,NA,NA,NA,NA,NA,NA,NA,NA,NA,NA
2021-11-27 06:00:00,NA,70.10,14.05,23.10,36.94,NA,9.88,0.89,NA,NA,NA,NA,NA,NA,NA,NA,NA,NA,NA,NA,NA,NA,NA,NA
2021-11-27 07:00:00,NA,78.40,13.96,23.12,37.04,NA,9.87,0.90,NA,NA,NA,NA,NA,NA,NA,NA,NA,NA,NA,NA,NA,NA,NA,NA
2021-11-27 08:00:00,NA,74.48,14.07,23.16,36.65,NA,10.08,0.90,NA,NA,NA,NA,NA,NA,NA,NA,NA,NA,NA,NA,NA,NA,NA,NA
2021-11-27 09:00:00,NA,85.26,14.11,23.07,37.07,NA,10.32,0.90,NA,NA,NA,NA,NA,NA,NA,NA,NA,NA,NA,NA,NA,NA,NA,NA
2021-11-27 10:00:00,NA,108.60,13.96,23.10,37.18,NA,9.91,0.90,NA,NA,NA,NA,NA,NA,NA,NA,NA,NA,NA,NA,NA,NA,NA,NA
2021-11-27 11:00:00,NA,128.88,13.97,23.06,36.69,NA,16.27,0.90,NA,NA,NA,NA,NA,NA,NA,NA,NA,NA,NA,NA,NA,NA,NA,NA
2021-11-27 12:00:00,NA,126.76,13.97,22.81,37.12,NA,16.50,0.90,NA,NA,NA,NA,NA,NA,NA,NA,NA,NA,NA,NA,NA,NA,NA,NA
2021-11-27 13:00:00,NA,125.26,14.01,23.06,37.13,NA,16.55,0.90,NA,NA,NA,NA,NA,NA,NA,NA,NA,NA,NA,NA,NA,NA,NA,NA
2021-11-27 14:00:00,NA,123.47,13.98,22.89,37.10,NA,16.81,0.90,NA,NA,NA,NA,NA,NA,NA,NA,NA,NA,NA,NA,NA,NA,NA,NA
2021-11-27 15:00:00,NA,115.76,14.01,22.96,37.39,NA,16.68,0.90,NA,NA,NA,NA,NA,NA,NA,NA,NA,NA,NA,NA,NA,NA,NA,NA
2021-11-27 16:00:00,NA,115.91,14.04,22.88,36.92,NA,12.86,0.90,NA,NA,NA,NA,NA,NA,NA,NA,NA,NA,NA,NA,NA,NA,NA,NA
2021-11-27 17:00:00,NA,121.16,14.00,22.92,36.67,NA,13.33,0.90,NA,NA,NA,NA,NA,NA,NA,NA,NA,NA,NA,NA,NA,NA,NA,NA
2021-11-27 18:00:00,NA,128.48,13.94,23.04,36.90,NA,13.49,0.90,NA,NA,NA,NA,NA,NA,NA,NA,NA,NA,NA,NA,NA,NA,NA,NA
2021-11-27 19:00:00,NA,122.96,13.98,22.94,37.03,NA,13.65,0.90,NA,NA,NA,NA,NA,NA,NA,NA,NA,NA,NA,NA,NA,NA,NA,NA
2021-11-27 20:00:00,NA,114.95,13.99,23.02,37.04,NA,13.58,0.90,NA,NA,NA,NA,NA,NA,NA,NA,NA,NA,NA,NA,NA,NA,NA,NA
2021-11-27 21:00:00,NA,109.50,14.02,23.08,37.06,NA,14.33,0.90,NA,NA,NA,NA,NA,NA,NA,NA,NA,NA,NA,NA,NA,NA,NA,NA
2021-11-27 22:00:00,NA,100.55,13.92,22.89,36.97,NA,14.63,0.90,NA,NA,NA,NA,NA,NA,NA,NA,NA,NA,NA,NA,NA,NA,NA,NA
2021-11-27 23:00:00,NA,90.84,14.08,23.24,37.14,NA,14.79,0.90,NA,NA,NA,NA,NA,NA,NA,NA,NA,NA,NA,NA,NA,NA,NA,NA
2021-11-28 00:00:00,NA,64.47,13.97,23.24,37.09,NA,14.65,0.90,NA,NA,NA,NA,NA,NA,NA,NA,NA,NA,NA,NA,NA,NA,NA,NA
2021-11-28 01:00:00,NA,65.45,14.05,23.00,37.00,NA,15.01,0.90,NA,NA,NA,NA,NA,NA,NA,NA,NA,NA,NA,NA,NA,NA,NA,NA
2021-11-28 02:00:00,NA,59.03,14.05,22.95,37.06,NA,14.11,0.90,NA,NA,NA,NA,NA,NA,NA,NA,NA,NA,NA,NA,NA,NA,NA,NA
2021-11-28 03:00:00,NA,50.28,13.95,23.04,36.86,NA,14.58,0.91,NA,NA,NA,NA,NA,NA,NA,NA,NA,NA,NA,NA,NA,NA,NA,NA
2021-11-28 04:00:00,NA,48.29,14.00,22.95,36.86,NA,14.44,0.90,NA,NA,NA,NA,NA,NA,NA,NA,NA,NA,NA,NA,NA,NA,NA,NA
2021-11-28 05:00:00,NA,41.32,13.98,23.09,36.96,NA,14.60,0.90,NA,NA,NA,NA,NA,NA,NA,NA,NA,NA,NA,NA,NA,NA,NA,NA
2021-11-28 06:00:00,NA,45.74,13.99,22.89,36.90,NA,14.84,0.90,NA,NA,NA,NA,NA,NA,NA,NA,NA,NA,NA,NA,NA,NA,NA,NA
2021-11-28 07:00:00,NA,92.50,14.02,22.89,36.98,NA,15.51,0.90,NA,NA,NA,NA,NA,NA,NA,NA,NA,NA,NA,NA,NA,NA,NA,NA
2021-11-28 08:00:00,NA,111.95,14.00,22.85,36.76,NA,16.32,0.90,NA,NA,NA,NA,NA,NA,NA,NA,NA,NA,NA,NA,NA,NA,NA,NA
2021-11-28 09:00:00,NA,118.58,13.98,23.13,37.00,NA,16.20,0.90,NA,NA,NA,NA,NA,NA,NA,NA,NA,NA,NA,NA,NA,NA,NA,NA
2021-11-28 10:00:00,NA,125.20,14.05,22.94,36.86,NA,16.23,0.90,NA,NA,NA,NA,NA,NA,NA,NA,NA,NA,NA,NA,NA,NA,NA,NA
2021-11-28 11:00:00,NA,130.01,14.01,22.94,37.01,NA,16.57,0.90,NA,NA,NA,NA,NA,NA,NA,NA,NA,NA,NA,NA,NA,NA,NA,NA
2021-11-28 12:00:00,NA,131.06,13.94,22.97,36.86,NA,12.79,0.90,NA,NA,NA,NA,NA,NA,NA,NA,NA,NA,NA,NA,NA,NA,NA,NA
2021-11-28 13:00:00,NA,110.22,14.02,23.23,37.25,NA,13.33,0.90,NA,NA,NA,NA,NA,NA,NA,NA,NA,NA,NA,NA,NA,NA,NA,NA
2021-11-28 14:00:00,NA,87.80,13.98,22.88,37.07,NA,13.50,0.90,NA,NA,NA,NA,NA,NA,NA,NA,NA,NA,NA,NA,NA,NA,NA,NA
2021-11-28 15:00:00,NA,NA,NA,NA,NA,NA,NA,NA,NA,NA,NA,NA,NA,NA,NA,NA,NA,NA,NA,NA,NA,NA,NA,NA
2021-11-28 16:00:00,NA,NA,NA,NA,NA,NA,NA,NA,NA,NA,NA,NA,NA,NA,NA,NA,NA,NA,NA,NA,NA,NA,NA,NA
2021-11-28 17:00:00,NA,NA,NA,NA,NA,NA,NA,NA,NA,NA,NA,NA,NA,NA,NA,NA,NA,NA,NA,NA,NA,NA,NA,NA
2021-11-28 18:00:00,NA,NA,NA,NA,NA,NA,NA,NA,NA,NA,NA,NA,NA,NA,NA,NA,NA,NA,NA,NA,NA,NA,NA,NA
2021-11-28 19:00:00,NA,NA,NA,NA,NA,NA,NA,NA,NA,NA,NA,NA,NA,NA,NA,NA,NA,NA,NA,NA,NA,NA,NA,NA
2021-11-28 20:00:00,NA,NA,NA,NA,NA,NA,NA,NA,NA,NA,NA,NA,NA,NA,NA,NA,NA,NA,NA,NA,NA,NA,NA,NA
2021-11-28 21:00:00,NA,NA,NA,NA,NA,NA,NA,NA,NA,NA,NA,NA,NA,NA,NA,NA,NA,NA,NA,NA,NA,NA,NA,NA
2021-11-28 22:00:00,NA,NA,NA,NA,NA,NA,NA,NA,NA,NA,NA,NA,NA,NA,NA,NA,NA,NA,NA,NA,NA,NA,NA,NA
2021-11-28 23:00:00,NA,NA,NA,NA,NA,NA,NA,NA,NA,NA,NA,NA,NA,NA,NA,NA,NA,NA,NA,NA,NA,NA,NA,NA
2021-11-29 00:00:00,NA,NA,NA,NA,NA,NA,NA,NA,NA,NA,NA,NA,NA,NA,NA,NA,NA,NA,NA,NA,NA,NA,NA,NA
2021-11-29 01:00:00,NA,NA,NA,NA,NA,NA,NA,NA,NA,NA,NA,NA,NA,NA,NA,NA,NA,NA,NA,NA,NA,NA,NA,NA
2021-11-29 02:00:00,NA,33.56,13.96,23.02,36.97,NA,NA,0.90,NA,NA,NA,NA,NA,NA,NA,NA,NA,NA,NA,NA,NA,NA,NA,NA
2021-11-29 03:00:00,NA,35.88,14.05,23.16,36.75,NA,11.73,0.90,NA,NA,NA,NA,NA,NA,NA,NA,NA,NA,NA,NA,NA,NA,NA,NA
2021-11-29 04:00:00,NA,37.28,14.07,23.01,27.74,NA,11.94,0.68,NA,NA,NA,NA,NA,NA,NA,NA,NA,NA,NA,NA,NA,NA,NA,NA
2021-11-29 05:00:00,NA,32.44,14.07,23.14,37.03,NA,12.46,0.90,NA,NA,NA,NA,NA,NA,NA,NA,NA,NA,NA,NA,NA,NA,NA,NA
2021-11-29 06:00:00,NA,52.22,14.07,22.93,37.00,NA,12.04,0.90,NA,NA,NA,NA,NA,NA,NA,NA,NA,NA,NA,NA,NA,NA,NA,NA
2021-11-29 07:00:00,NA,67.22,14.06,23.26,37.08,NA,12.16,0.90,NA,NA,NA,NA,NA,NA,NA,NA,NA,NA,NA,NA,NA,NA,NA,NA
2021-11-29 08:00:00,NA,70.28,14.01,23.00,37.15,NA,12.61,0.90,NA,NA,NA,NA,NA,NA,NA,NA,NA,NA,NA,NA,NA,NA,NA,NA
2021-11-29 09:00:00,NA,77.15,13.95,23.00,37.09,NA,12.57,0.90,NA,NA,NA,NA,NA,NA,NA,NA,NA,NA,NA,NA,NA,NA,NA,NA
2021-11-29 10:00:00,NA,70.35,13.96,23.00,36.76,NA,12.29,0.90,NA,NA,NA,NA,NA,NA,NA,NA,NA,NA,NA,NA,NA,NA,NA,NA
2021-11-29 11:00:00,NA,79.73,14.04,22.85,36.89,NA,12.59,0.90,NA,NA,NA,NA,NA,NA,NA,NA,NA,NA,NA,NA,NA,NA,NA,NA
2021-11-29 12:00:00,NA,79.74,14.03,23.00,37.03,NA,12.44,0.89,NA,NA,NA,NA,NA,NA,NA,NA,NA,NA,NA,NA,NA,NA,NA,NA
2021-11-29 13:00:00,NA,NA,NA,NA,NA,NA,NA,NA,NA,NA,NA,NA,NA,NA,NA,NA,NA,NA,NA,NA,NA,NA,NA,NA
2021-11-29 14:00:00,NA,NA,NA,NA,NA,NA,NA,NA,NA,NA,NA,NA,NA,NA,NA,NA,NA,NA,NA,NA,NA,NA,NA,NA
2021-11-29 15:00:00,NA,NA,NA,NA,NA,NA,NA,NA,NA,NA,NA,NA,NA,NA,NA,NA,NA,NA,NA,NA,NA,NA,NA,NA
2021-11-29 16:00:00,NA,NA,NA,NA,NA,NA,NA,NA,NA,NA,NA,NA,NA,NA,NA,NA,NA,NA,NA,NA,NA,NA,NA,NA
2021-11-29 17:00:00,NA,NA,NA,NA,NA,NA,NA,NA,NA,NA,NA,NA,NA,NA,NA,NA,NA,NA,NA,NA,NA,NA,NA,NA
2021-11-29 18:00:00,NA,NA,NA,NA,NA,NA,NA,NA,NA,NA,NA,NA,NA,NA,NA,NA,NA,NA,NA,NA,NA,NA,NA,NA
2021-11-29 19:00:00,NA,NA,NA,NA,NA,NA,NA,NA,NA,NA,NA,NA,NA,NA,NA,NA,NA,NA,NA,NA,NA,NA,NA,NA
2021-11-29 20:00:00,NA,NA,NA,NA,NA,NA,NA,NA,NA,NA,NA,NA,NA,NA,NA,NA,NA,NA,NA,NA,NA,NA,NA,NA
2021-11-29 21:00:00,NA,NA,NA,NA,NA,NA,NA,NA,NA,NA,NA,NA,NA,NA,NA,NA,NA,NA,NA,NA,NA,NA,NA,NA
2021-11-29 22:00:00,NA,NA,NA,NA,NA,NA,NA,NA,NA,NA,NA,NA,NA,NA,NA,NA,NA,NA,NA,NA,NA,NA,NA,NA
2021-11-29 23:00:00,NA,NA,NA,NA,NA,NA,NA,NA,NA,NA,NA,NA,NA,NA,NA,NA,NA,NA,NA,NA,NA,NA,NA,NA
2021-11-30 00:00:00,NA,NA,NA,NA,NA,NA,NA,NA,NA,NA,NA,NA,NA,NA,NA,NA,NA,NA,NA,NA,NA,NA,NA,NA
2021-11-30 01:00:00,NA,NA,NA,NA,NA,NA,NA,NA,NA,NA,NA,NA,NA,NA,NA,NA,NA,NA,NA,NA,NA,NA,NA,NA
2021-11-30 02:00:00,NA,NA,NA,NA,NA,NA,NA,NA,NA,NA,NA,NA,NA,NA,NA,NA,NA,NA,NA,NA,NA,NA,NA,NA
2021-11-30 03:00:00,NA,NA,NA,NA,NA,NA,NA,NA,NA,NA,NA,NA,NA,NA,NA,NA,NA,NA,NA,NA,NA,NA,NA,NA
2021-11-30 04:00:00,NA,NA,NA,NA,NA,NA,NA,NA,NA,NA,NA,NA,NA,NA,NA,NA,NA,NA,NA,NA,NA,NA,NA,NA
2021-11-30 05:00:00,NA,NA,NA,NA,NA,NA,NA,NA,NA,NA,NA,NA,NA,NA,NA,NA,NA,NA,NA,NA,NA,NA,NA,NA
2021-11-30 06:00:00,NA,NA,NA,NA,NA,NA,NA,NA,NA,NA,NA,NA,NA,NA,NA,NA,NA,NA,NA,NA,NA,NA,NA,NA
2021-11-30 07:00:00,NA,NA,NA,NA,NA,NA,NA,NA,NA,NA,NA,NA,NA,NA,NA,NA,NA,NA,NA,NA,NA,NA,NA,NA
2021-11-30 08:00:00,NA,NA,NA,NA,NA,NA,NA,NA,NA,NA,NA,NA,NA,NA,NA,NA,NA,NA,NA,NA,NA,NA,NA,NA
2021-11-30 09:00:00,NA,117.99,13.96,23.41,37.10,NA,NA,0.89,NA,NA,NA,NA,NA,NA,NA,NA,NA,NA,NA,NA,NA,NA,NA,NA
2021-11-30 10:00:00,NA,117.91,14.04,22.66,37.55,NA,12.26,0.90,NA,NA,NA,NA,NA,NA,NA,NA,NA,NA,NA,NA,NA,NA,NA,NA
2021-11-30 11:00:00,NA,NA,NA,NA,NA,NA,NA,NA,NA,NA,NA,NA,NA,NA,NA,NA,NA,NA,NA,NA,NA,NA,NA,NA
2021-11-30 12:00:00,NA,NA,NA,NA,NA,NA,NA,NA,NA,NA,NA,NA,NA,NA,NA,NA,NA,NA,NA,NA,NA,NA,NA,NA
2021-11-30 13:00:00,NA,NA,NA,NA,NA,NA,NA,NA,NA,NA,NA,NA,NA,NA,NA,NA,NA,NA,NA,NA,NA,NA,NA,NA
2021-11-30 14:00:00,NA,NA,NA,NA,NA,NA,NA,NA,NA,NA,NA,NA,NA,NA,NA,NA,NA,NA,NA,NA,NA,NA,NA,NA
2021-11-30 15:00:00,NA,NA,NA,NA,NA,NA,NA,NA,NA,NA,NA,NA,NA,NA,NA,NA,NA,NA,NA,NA,NA,NA,NA,NA
2021-11-30 16:00:00,NA,NA,NA,NA,NA,NA,NA,NA,NA,NA,NA,NA,NA,NA,NA,NA,NA,NA,NA,NA,NA,NA,NA,NA
2021-11-30 17:00:00,NA,NA,NA,NA,NA,NA,NA,NA,NA,NA,NA,NA,NA,NA,NA,NA,NA,NA,NA,NA,NA,NA,NA,NA
2021-11-30 18:00:00,NA,NA,NA,NA,NA,NA,NA,NA,NA,NA,NA,NA,NA,NA,NA,NA,NA,NA,NA,NA,NA,NA,NA,NA
2021-11-30 19:00:00,NA,103.87,14.07,23.16,36.87,NA,NA,0.90,NA,NA,NA,NA,NA,NA,NA,NA,NA,NA,NA,NA,NA,NA,NA,NA
2021-11-30 20:00:00,NA,105.82,13.98,23.25,37.10,NA,9.80,0.90,NA,NA,NA,NA,NA,NA,NA,NA,NA,NA,NA,NA,NA,NA,NA,NA
2021-11-30 21:00:00,NA,92.34,13.96,23.04,36.78,NA,10.02,0.90,NA,NA,NA,NA,NA,NA,NA,NA,NA,NA,NA,NA,NA,NA,NA,NA
2021-11-30 22:00:00,NA,80.60,14.06,23.04,36.87,NA,10.07,0.90,NA,NA,NA,NA,NA,NA,NA,NA,NA,NA,NA,NA,NA,NA,NA,NA
2021-11-30 23:00:00,NA,80.74,13.90,22.98,37.30,NA,10.34,0.90,NA,NA,NA,NA,NA,NA,NA,NA,NA,NA,NA,NA,NA,NA,NA,NA
2021-12-01 00:00:00,NA,67.81,14.06,22.65,37.28,NA,10.31,0.90,NA,NA,NA,NA,NA,NA,NA,NA,NA,NA,NA,NA,NA,NA,NA,NA
2021-12-01 01:00:00,NA,45.32,14.01,23.12,36.89,NA,13.18,0.91,NA,NA,NA,NA,NA,NA,NA,NA,NA,NA,NA,NA,NA,NA,NA,NA
2021-12-01 02:00:00,NA,46.06,13.92,22.88,36.82,NA,13.26,0.90,NA,NA,NA,NA,NA,NA,NA,NA,NA,NA,NA,NA,NA,NA,NA,NA
2021-12-01 03:00:00,NA,41.52,14.00,23.06,36.91,NA,13.37,0.90,NA,NA,NA,NA,NA,NA,NA,NA,NA,NA,NA,NA,NA,NA,NA,NA
2021-12-01 04:00:00,NA,29.40,13.90,23.01,37.08,NA,13.26,0.90,NA,NA,NA,NA,NA,NA,NA,NA,NA,NA,NA,NA,NA,NA,NA,NA
2021-12-01 05:00:00,NA,22.19,13.97,23.09,36.98,NA,12.95,0.90,NA,NA,NA,NA,NA,NA,NA,NA,NA,NA,NA,NA,NA,NA,NA,NA
2021-12-01 06:00:00,NA,34.98,13.98,23.08,36.93,NA,11.54,0.90,NA,NA,NA,NA,NA,NA,NA,NA,NA,NA,NA,NA,NA,NA,NA,NA
2021-12-01 07:00:00,NA,74.79,14.04,23.07,36.99,NA,12.68,0.89,NA,NA,NA,NA,NA,NA,NA,NA,NA,NA,NA,NA,NA,NA,NA,NA
2021-12-01 08:00:00,NA,99.91,13.90,22.92,36.87,NA,12.20,0.90,NA,NA,NA,NA,NA,NA,NA,NA,NA,NA,NA,NA,NA,NA,NA,NA
2021-12-01 09:00:00,NA,114.97,14.06,23.02,37.34,NA,11.96,0.90,NA,NA,NA,NA,NA,NA,NA,NA,NA,NA,NA,NA,NA,NA,NA,NA
2021-12-01 10:00:00,NA,110.22,14.04,22.92,37.01,NA,11.92,0.90,NA,NA,NA,NA,NA,NA,NA,NA,NA,NA,NA,NA,NA,NA,NA,NA
2021-12-01 11:00:00,NA,108.72,14.03,22.96,37.07,NA,14.52,0.90,NA,NA,NA,NA,NA,NA,NA,NA,NA,NA,NA,NA,NA,NA,NA,NA
2021-12-01 12:00:00,NA,122.85,14.06,22.74,37.09,NA,15.03,0.90,NA,NA,NA,NA,NA,NA,NA,NA,NA,NA,NA,NA,NA,NA,NA,NA
2021-12-01 13:00:00,NA,113.62,14.05,23.20,36.85,NA,15.02,0.90,NA,NA,NA,NA,NA,NA,NA,NA,NA,NA,NA,NA,NA,NA,NA,NA
2021-12-01 14:00:00,NA,98.65,13.99,22.95,37.37,NA,15.24,0.90,NA,NA,NA,NA,NA,NA,NA,NA,NA,NA,NA,NA,NA,NA,NA,NA
2021-12-01 15:00:00,NA,107.61,14.08,22.77,36.91,NA,14.84,0.90,NA,NA,NA,NA,NA,NA,NA,NA,NA,NA,NA,NA,NA,NA,NA,NA
2021-12-01 16:00:00,NA,116.35,14.11,23.01,37.09,NA,13.90,0.90,NA,NA,NA,NA,NA,NA,NA,NA,NA,NA,NA,NA,NA,NA,NA,NA
2021-12-01 17:00:00,NA,107.67,13.95,22.88,37.11,NA,14.58,0.90,NA,NA,NA,NA,NA,NA,NA,NA,NA,NA,NA,NA,NA,NA,NA,NA
2021-12-01 18:00:00,NA,107.67,13.94,23.07,36.49,NA,14.57,0.90,NA,NA,NA,NA,NA,NA,NA,NA,NA,NA,NA,NA,NA,NA,NA,NA
2021-12-01 19:00:00,NA,114.96,14.11,23.17,37.18,NA,14.52,0.90,NA,NA,NA,NA,NA,NA,NA,NA,NA,NA,NA,NA,NA,NA,NA,NA
2021-12-01 20:00:00,NA,109.02,13.90,22.81,36.96,NA,14.75,0.90,NA,NA,NA,NA,NA,NA,NA,NA,NA,NA,NA,NA,NA,NA,NA,NA
2021-12-01 21:00:00,NA,111.67,14.01,22.90,36.85,NA,15.37,0.90,NA,NA,NA,NA,NA,NA,NA,NA,NA,NA,NA,NA,NA,NA,NA,NA
2021-12-01 22:00:00,NA,117.79,13.89,22.96,37.21,NA,15.30,0.90,NA,NA,NA,NA,NA,NA,NA,NA,NA,NA,NA,NA,NA,NA,NA,NA
2021-12-01 23:00:00,NA,108.74,14.08,22.70,36.89,NA,16.24,0.90,NA,NA,NA,NA,NA,NA,NA,NA,NA,NA,NA,NA,NA,NA,NA,NA
2021-12-02 00:00:00,NA,72.83,14.03,22.92,37.19,NA,15.87,0.90,NA,NA,NA,NA,NA,NA,NA,NA,NA,NA,NA,NA,NA,NA,NA,NA
2021-12-02 01:00:00,NA,63.22,13.90,22.69,37.24,NA,15.82,0.90,NA,NA,NA,NA,NA,NA,NA,NA,NA,NA,NA,NA,NA,NA,NA,NA
2021-12-02 02:00:00,NA,56.87,13.94,22.98,37.23,NA,10.79,0.91,NA,NA,NA,NA,NA,NA,NA,NA,NA,NA,NA,NA,NA,NA,NA,NA
2021-12-02 03:00:00,NA,47.94,13.96,22.88,36.99,NA,11.33,0.91,NA,NA,NA,NA,NA,NA,NA,NA,NA,NA,NA,NA,NA,NA,NA,NA
2021-12-02 04:00:00,NA,48.82,13.94,23.14,37.05,NA,11.09,0.90,NA,NA,NA,NA,NA,NA,NA,NA,NA,NA,NA,NA,NA,NA,NA,NA
2021-12-02 05:00:00,NA,58.46,14.02,23.04,37.14,NA,10.78,0.90,NA,NA,NA,NA,NA,NA,NA,NA,NA,NA,NA,NA,NA,NA,NA,NA
2021-12-02 06:00:00,NA,63.70,14.05,22.99,36.94,NA,11.30,0.90,NA,NA,NA,NA,NA,NA,NA,NA,NA,NA,NA,NA,NA,NA,NA,NA
2021-12-02 07:00:00,NA,78.39,13.92,23.02,37.17,NA,14.00,0.90,NA,NA,NA,NA,NA,NA,NA,NA,NA,NA,NA,NA,NA,NA,NA,NA
2021-12-02 08:00:00,NA,101.02,14.02,23.01,37.41,NA,14.20,0.90,NA,NA,NA,NA,NA,NA,NA,NA,NA,NA,NA,NA,NA,NA,NA,NA
2021-12-02 09:00:00,NA,116.94,14.02,22.93,37.04,NA,14.44,0.90,NA,NA,NA,NA,NA,NA,NA,NA,NA,NA,NA,NA,NA,NA,NA,NA
2021-12-02 10:00:00,NA,132.12,13.99,22.97,36.92,NA,14.00,0.90,NA,NA,NA,NA,NA,NA,NA,NA,NA,NA,NA,NA,NA,NA,NA,NA
2021-12-02 11:00:00,NA,140.74,14.06,22.85,36.95,NA,14.06,0.89,NA,NA,NA,NA,NA,NA,NA,NA,NA,NA,NA,NA,NA,NA,NA,NA
2021-12-02 12:00:00,NA,137.42,14.08,23.00,36.97,NA,16.35,0.90,NA,NA,NA,NA,NA,NA,NA,NA,NA,NA,NA,NA,NA,NA,NA,NA
2021-12-02 13:00:00,NA,139.40,14.03,23.16,36.84,NA,15.98,0.92,NA,NA,NA,NA,NA,NA,NA,NA,NA,NA,NA,NA,NA,NA,NA,NA
2021-12-02 14:00:00,NA,142.18,14.04,23.05,37.01,NA,16.29,0.90,NA,NA,NA,NA,NA,NA,NA,NA,NA,NA,NA,NA,NA,NA,NA,NA
2021-12-02 15:00:00,NA,131.80,14.08,22.80,36.92,NA,16.44,0.90,NA,NA,NA,NA,NA,NA,NA,NA,NA,NA,NA,NA,NA,NA,NA,NA
2021-12-02 16:00:00,NA,142.49,14.07,22.91,37.20,NA,16.55,0.91,NA,NA,NA,NA,NA,NA,NA,NA,NA,NA,NA,NA,NA,NA,NA,NA
2021-12-02 17:00:00,NA,138.09,13.92,22.69,37.17,NA,10.33,0.90,NA,NA,NA,NA,NA,NA,NA,NA,NA,NA,NA,NA,NA,NA,NA,NA
2021-12-02 18:00:00,NA,138.84,13.86,23.00,37.05,NA,10.78,0.88,NA,NA,NA,NA,NA,NA,NA,NA,NA,NA,NA,NA,NA,NA,NA,NA
2021-12-02 19:00:00,NA,143.15,14.07,23.06,37.41,NA,11.12,0.91,NA,NA,NA,NA,NA,NA,NA,NA,NA,NA,NA,NA,NA,NA,NA,NA
2021-12-02 20:00:00,NA,135.11,14.14,22.88,37.11,NA,11.29,0.88,NA,NA,NA,NA,NA,NA,NA,NA,NA,NA,NA,NA,NA,NA,NA,NA
2021-12-02 21:00:00,NA,123.77,14.07,22.96,37.18,NA,11.27,0.91,NA,NA,NA,NA,NA,NA,NA,NA,NA,NA,NA,NA,NA,NA,NA,NA
2021-12-02 22:00:00,NA,107.34,13.96,22.80,37.14,NA,14.99,0.90,NA,NA,NA,NA,NA,NA,NA,NA,NA,NA,NA,NA,NA,NA,NA,NA
2021-12-02 23:00:00,NA,100.32,14.12,23.14,37.11,NA,14.66,0.88,NA,NA,NA,NA,NA,NA,NA,NA,NA,NA,NA,NA,NA,NA,NA,NA
2021-12-03 00:00:00,NA,77.70,14.03,23.20,36.73,NA,14.84,0.91,NA,NA,NA,NA,NA,NA,NA,NA,NA,NA,NA,NA,NA,NA,NA,NA
2021-12-03 01:00:00,NA,68.31,13.93,23.04,36.80,NA,14.43,0.90,NA,NA,NA,NA,NA,NA,NA,NA,NA,NA,NA,NA,NA,NA,NA,NA
2021-12-03 02:00:00,NA,54.50,14.11,23.04,37.31,NA,14.49,0.90,NA,NA,NA,NA,NA,NA,NA,NA,NA,NA,NA,NA,NA,NA,NA,NA
2021-12-03 03:00:00,NA,46.51,13.97,22.97,37.11,NA,12.45,0.91,NA,NA,NA,NA,NA,NA,NA,NA,NA,NA,NA,NA,NA,NA,NA,NA
2021-12-03 04:00:00,NA,48.23,13.98,23.00,37.20,NA,12.66,0.90,NA,NA,NA,NA,NA,NA,NA,NA,NA,NA,NA,NA,NA,NA,NA,NA
2021-12-03 05:00:00,NA,58.94,14.02,22.88,36.79,NA,12.76,0.91,NA,NA,NA,NA,NA,NA,NA,NA,NA,NA,NA,NA,NA,NA,NA,NA
2021-12-03 06:00:00,NA,67.05,13.99,23.02,37.16,NA,13.25,0.92,NA,NA,NA,NA,NA,NA,NA,NA,NA,NA,NA,NA,NA,NA,NA,NA
2021-12-03 07:00:00,NA,83.62,14.01,23.11,36.91,NA,13.29,0.91,NA,NA,NA,NA,NA,NA,NA,NA,NA,NA,NA,NA,NA,NA,NA,NA
2021-12-03 08:00:00,NA,111.29,14.03,22.99,37.04,NA,11.77,0.91,NA,NA,NA,NA,NA,NA,NA,NA,NA,NA,NA,NA,NA,NA,NA,NA
2021-12-03 09:00:00,NA,138.98,13.94,23.05,36.87,NA,11.62,0.88,NA,NA,NA,NA,NA,NA,NA,NA,NA,NA,NA,NA,NA,NA,NA,NA
2021-12-03 10:00:00,NA,133.55,13.94,22.96,37.08,NA,11.74,0.90,NA,NA,NA,NA,NA,NA,NA,NA,NA,NA,NA,NA,NA,NA,NA,NA
2021-12-03 11:00:00,NA,118.92,13.93,23.02,37.05,NA,11.90,0.90,NA,NA,NA,NA,NA,NA,NA,NA,NA,NA,NA,NA,NA,NA,NA,NA
2021-12-03 12:00:00,NA,122.66,13.93,23.02,36.88,NA,11.98,0.90,NA,NA,NA,NA,NA,NA,NA,NA,NA,NA,NA,NA,NA,NA,NA,NA
2021-12-03 13:00:00,NA,105.58,14.02,23.16,37.20,NA,16.42,0.91,NA,NA,NA,NA,NA,NA,NA,NA,NA,NA,NA,NA,NA,NA,NA,NA
2021-12-03 14:00:00,NA,103.98,14.00,22.80,37.35,NA,17.18,0.90,NA,NA,NA,NA,NA,NA,NA,NA,NA,NA,NA,NA,NA,NA,NA,NA
2021-12-03 15:00:00,NA,110.89,14.03,22.94,36.59,NA,17.38,0.90,NA,NA,NA,NA,NA,NA,NA,NA,NA,NA,NA,NA,NA,NA,NA,NA
2021-12-03 16:00:00,NA,100.51,14.07,22.88,36.68,NA,17.87,0.91,NA,NA,NA,NA,NA,NA,NA,NA,NA,NA,NA,NA,NA,NA,NA,NA
2021-12-03 17:00:00,NA,83.98,13.97,23.01,36.80,NA,18.37,0.90,NA,NA,NA,NA,NA,NA,NA,NA,NA,NA,NA,NA,NA,NA,NA,NA
2021-12-03 18:00:00,NA,108.66,13.98,23.06,36.85,NA,12.73,0.90,NA,NA,NA,NA,NA,NA,NA,NA,NA,NA,NA,NA,NA,NA,NA,NA
2021-12-03 19:00:00,NA,143.47,14.04,23.04,37.10,NA,12.65,0.91,NA,NA,NA,NA,NA,NA,NA,NA,NA,NA,NA,NA,NA,NA,NA,NA
2021-12-03 20:00:00,NA,146.45,13.95,23.14,37.01,NA,13.08,0.91,NA,NA,NA,NA,NA,NA,NA,NA,NA,NA,NA,NA,NA,NA,NA,NA
2021-12-03 21:00:00,NA,143.88,14.05,22.96,36.97,NA,13.29,0.91,NA,NA,NA,NA,NA,NA,NA,NA,NA,NA,NA,NA,NA,NA,NA,NA
2021-12-03 22:00:00,NA,132.46,13.96,22.98,37.21,NA,13.29,0.90,NA,NA,NA,NA,NA,NA,NA,NA,NA,NA,NA,NA,NA,NA,NA,NA
2021-12-03 23:00:00,NA,122.33,13.92,23.14,37.12,NA,18.61,0.88,NA,NA,NA,NA,NA,NA,NA,NA,NA,NA,NA,NA,NA,NA,NA,NA
2021-12-04 00:00:00,NA,104.06,13.90,22.97,36.86,NA,20.66,0.88,NA,NA,NA,NA,NA,NA,NA,NA,NA,NA,NA,NA,NA,NA,NA,NA
2021-12-04 01:00:00,NA,90.17,14.01,22.91,37.11,NA,20.62,0.91,NA,NA,NA,NA,NA,NA,NA,NA,NA,NA,NA,NA,NA,NA,NA,NA
2021-12-04 02:00:00,NA,74.05,13.92,23.06,37.15,NA,20.96,0.91,NA,NA,NA,NA,NA,NA,NA,NA,NA,NA,NA,NA,NA,NA,NA,NA
2021-12-04 03:00:00,NA,71.11,14.01,23.02,37.03,NA,20.88,0.90,NA,NA,NA,NA,NA,NA,NA,NA,NA,NA,NA,NA,NA,NA,NA,NA
2021-12-04 04:00:00,NA,62.31,14.07,22.97,36.99,NA,10.03,0.89,NA,NA,NA,NA,NA,NA,NA,NA,NA,NA,NA,NA,NA,NA,NA,NA
2021-12-04 05:00:00,NA,51.97,13.99,22.98,37.28,NA,10.64,0.89,NA,NA,NA,NA,NA,NA,NA,NA,NA,NA,NA,NA,NA,NA,NA,NA
2021-12-04 06:00:00,NA,50.62,14.00,23.22,36.94,NA,10.88,0.91,NA,NA,NA,NA,NA,NA,NA,NA,NA,NA,NA,NA,NA,NA,NA,NA
2021-12-04 07:00:00,NA,67.46,14.09,23.12,36.78,NA,11.53,0.90,NA,NA,NA,NA,NA,NA,NA,NA,NA,NA,NA,NA,NA,NA,NA,NA
2021-12-04 08:00:00,NA,73.22,13.99,23.18,37.22,NA,11.62,0.90,NA,NA,NA,NA,NA,NA,NA,NA,NA,NA,NA,NA,NA,NA,NA,NA
2021-12-04 09:00:00,NA,77.29,13.92,23.02,37.00,NA,19.53,0.90,NA,NA,NA,NA,NA,NA,NA,NA,NA,NA,NA,NA,NA,NA,NA,NA
2021-12-04 10:00:00,NA,90.66,13.90,22.92,36.71,NA,22.02,0.91,NA,NA,NA,NA,NA,NA,NA,NA,NA,NA,NA,NA,NA,NA,NA,NA
2021-12-04 11:00:00,NA,30.82,13.96,22.76,18.60,NA,NA,0.44,NA,NA,NA,NA,NA,NA,NA,NA,NA,NA,NA,NA,NA,NA,NA,NA
2021-12-04 12:00:00,NA,80.93,13.94,23.15,36.85,NA,14.28,0.91,NA,NA,NA,NA,NA,NA,NA,NA,NA,NA,NA,NA,NA,NA,NA,NA
2021-12-04 13:00:00,NA,109.36,14.04,23.04,36.96,NA,16.35,0.89,NA,NA,NA,NA,NA,NA,NA,NA,NA,NA,NA,NA,NA,NA,NA,NA
2021-12-04 14:00:00,NA,92.16,13.99,22.95,37.12,NA,13.60,0.90,NA,NA,NA,NA,NA,NA,NA,NA,NA,NA,NA,NA,NA,NA,NA,NA
2021-12-04 15:00:00,NA,97.51,13.84,22.98,36.84,NA,13.93,0.91,NA,NA,NA,NA,NA,NA,NA,NA,NA,NA,NA,NA,NA,NA,NA,NA
2021-12-04 16:00:00,NA,96.92,13.94,22.94,37.13,NA,13.71,0.89,NA,NA,NA,NA,NA,NA,NA,NA,NA,NA,NA,NA,NA,NA,NA,NA
2021-12-04 17:00:00,NA,84.94,13.88,22.97,37.11,NA,13.51,0.92,NA,NA,NA,NA,NA,NA,NA,NA,NA,NA,NA,NA,NA,NA,NA,NA
2021-12-04 18:00:00,NA,112.30,13.94,22.96,37.08,NA,13.59,0.90,NA,NA,NA,NA,NA,NA,NA,NA,NA,NA,NA,NA,NA,NA,NA,NA
2021-12-04 19:00:00,NA,163.94,14.05,23.13,36.89,NA,10.08,0.89,NA,NA,NA,NA,NA,NA,NA,NA,NA,NA,NA,NA,NA,NA,NA,NA
2021-12-04 20:00:00,NA,183.42,13.96,22.94,36.83,NA,10.67,0.90,NA,NA,NA,NA,NA,NA,NA,NA,NA,NA,NA,NA,NA,NA,NA,NA
2021-12-04 21:00:00,NA,167.27,13.97,22.87,37.16,NA,10.31,0.90,NA,NA,NA,NA,NA,NA,NA,NA,NA,NA,NA,NA,NA,NA,NA,NA
2021-12-04 22:00:00,NA,146.82,14.13,23.14,36.83,NA,10.31,0.89,NA,NA,NA,NA,NA,NA,NA,NA,NA,NA,NA,NA,NA,NA,NA,NA
2021-12-04 23:00:00,NA,140.90,14.07,22.82,37.24,NA,10.78,0.90,NA,NA,NA,NA,NA,NA,NA,NA,NA,NA,NA,NA,NA,NA,NA,NA
2021-12-05 00:00:00,NA,126.68,14.02,23.17,37.22,NA,10.96,0.90,NA,NA,NA,NA,NA,NA,NA,NA,NA,NA,NA,NA,NA,NA,NA,NA
2021-12-05 01:00:00,NA,104.18,13.98,23.13,36.88,NA,11.74,0.90,NA,NA,NA,NA,NA,NA,NA,NA,NA,NA,NA,NA,NA,NA,NA,NA
2021-12-05 02:00:00,NA,76.04,13.90,23.09,37.08,NA,11.79,0.88,NA,NA,NA,NA,NA,NA,NA,NA,NA,NA,NA,NA,NA,NA,NA,NA
2021-12-05 03:00:00,NA,52.89,14.02,22.98,37.00,NA,11.89,0.90,NA,NA,NA,NA,NA,NA,NA,NA,NA,NA,NA,NA,NA,NA,NA,NA
2021-12-05 04:00:00,NA,39.90,13.93,23.04,37.00,NA,11.58,0.90,NA,NA,NA,NA,NA,NA,NA,NA,NA,NA,NA,NA,NA,NA,NA,NA
2021-12-05 05:00:00,NA,31.95,14.03,23.08,37.11,NA,14.09,0.90,NA,NA,NA,NA,NA,NA,NA,NA,NA,NA,NA,NA,NA,NA,NA,NA
2021-12-05 06:00:00,NA,29.80,14.03,22.93,36.99,NA,14.99,0.90,NA,NA,NA,NA,NA,NA,NA,NA,NA,NA,NA,NA,NA,NA,NA,NA
2021-12-05 07:00:00,NA,33.34,13.97,23.25,37.01,NA,14.88,0.90,NA,NA,NA,NA,NA,NA,NA,NA,NA,NA,NA,NA,NA,NA,NA,NA
2021-12-05 08:00:00,NA,44.88,14.09,23.08,37.08,NA,14.94,0.90,NA,NA,NA,NA,NA,NA,NA,NA,NA,NA,NA,NA,NA,NA,NA,NA
2021-12-05 09:00:00,NA,47.90,14.00,22.88,37.06,NA,14.68,0.89,NA,NA,NA,NA,NA,NA,NA,NA,NA,NA,NA,NA,NA,NA,NA,NA
2021-12-05 10:00:00,NA,56.58,14.00,23.06,37.09,NA,14.89,0.92,NA,NA,NA,NA,NA,NA,NA,NA,NA,NA,NA,NA,NA,NA,NA,NA
2021-12-05 11:00:00,NA,65.29,13.92,22.87,37.08,NA,15.29,0.90,NA,NA,NA,NA,NA,NA,NA,NA,NA,NA,NA,NA,NA,NA,NA,NA
2021-12-05 12:00:00,NA,59.07,13.99,22.83,36.95,NA,15.24,0.90,NA,NA,NA,NA,NA,NA,NA,NA,NA,NA,NA,NA,NA,NA,NA,NA
2021-12-05 13:00:00,NA,65.00,13.98,23.05,37.20,NA,15.43,0.91,NA,NA,NA,NA,NA,NA,NA,NA,NA,NA,NA,NA,NA,NA,NA,NA
2021-12-05 14:00:00,NA,72.54,14.02,22.88,37.02,NA,15.01,0.90,NA,NA,NA,NA,NA,NA,NA,NA,NA,NA,NA,NA,NA,NA,NA,NA
2021-12-05 15:00:00,NA,61.94,13.96,22.96,37.12,NA,13.65,0.91,NA,NA,NA,NA,NA,NA,NA,NA,NA,NA,NA,NA,NA,NA,NA,NA
2021-12-05 16:00:00,NA,55.78,14.06,23.16,37.00,NA,14.24,0.89,NA,NA,NA,NA,NA,NA,NA,NA,NA,NA,NA,NA,NA,NA,NA,NA
2021-12-05 17:00:00,NA,58.14,13.99,23.03,37.00,NA,14.10,0.91,NA,NA,NA,NA,NA,NA,NA,NA,NA,NA,NA,NA,NA,NA,NA,NA
2021-12-05 18:00:00,NA,69.02,13.89,23.21,36.99,NA,13.97,0.89,NA,NA,NA,NA,NA,NA,NA,NA,NA,NA,NA,NA,NA,NA,NA,NA
2021-12-05 19:00:00,NA,87.53,13.92,22.82,37.02,NA,14.19,0.90,NA,NA,NA,NA,NA,NA,NA,NA,NA,NA,NA,NA,NA,NA,NA,NA
2021-12-05 20:00:00,NA,85.19,14.04,22.97,37.19,NA,14.96,0.91,NA,NA,NA,NA,NA,NA,NA,NA,NA,NA,NA,NA,NA,NA,NA,NA
2021-12-05 21:00:00,NA,89.08,13.96,23.10,37.14,NA,15.02,0.90,NA,NA,NA,NA,NA,NA,NA,NA,NA,NA,NA,NA,NA,NA,NA,NA
2021-12-05 22:00:00,NA,95.65,13.91,23.20,36.93,NA,14.89,0.91,NA,NA,NA,NA,NA,NA,NA,NA,NA,NA,NA,NA,NA,NA,NA,NA
2021-12-05 23:00:00,NA,95.80,14.05,22.97,36.98,NA,15.34,0.92,NA,NA,NA,NA,NA,NA,NA,NA,NA,NA,NA,NA,NA,NA,NA,NA
2021-12-06 00:00:00,NA,71.73,13.98,22.83,36.94,NA,14.92,0.90,NA,NA,NA,NA,NA,NA,NA,NA,NA,NA,NA,NA,NA,NA,NA,NA
2021-12-06 01:00:00,NA,53.56,13.96,23.03,36.96,NA,10.59,0.89,NA,NA,NA,NA,NA,NA,NA,NA,NA,NA,NA,NA,NA,NA,NA,NA
2021-12-06 02:00:00,NA,62.70,14.03,22.89,36.88,NA,10.97,0.91,NA,NA,NA,NA,NA,NA,NA,NA,NA,NA,NA,NA,NA,NA,NA,NA
2021-12-06 03:00:00,NA,68.51,14.01,22.91,37.18,NA,11.14,0.90,NA,NA,NA,NA,NA,NA,NA,NA,NA,NA,NA,NA,NA,NA,NA,NA
2021-12-06 04:00:00,NA,67.41,13.97,22.93,36.74,NA,11.19,0.90,NA,NA,NA,NA,NA,NA,NA,NA,NA,NA,NA,NA,NA,NA,NA,NA
2021-12-06 05:00:00,NA,85.92,14.06,23.07,37.22,NA,11.11,0.91,NA,NA,NA,NA,NA,NA,NA,NA,NA,NA,NA,NA,NA,NA,NA,NA
2021-12-06 06:00:00,NA,83.30,13.98,22.98,36.75,NA,11.80,0.91,NA,NA,NA,NA,NA,NA,NA,NA,NA,NA,NA,NA,NA,NA,NA,NA
2021-12-06 07:00:00,NA,82.78,14.00,23.11,37.03,NA,12.11,0.92,NA,NA,NA,NA,NA,NA,NA,NA,NA,NA,NA,NA,NA,NA,NA,NA
2021-12-06 08:00:00,NA,89.27,13.99,23.12,37.15,NA,11.93,0.90,NA,NA,NA,NA,NA,NA,NA,NA,NA,NA,NA,NA,NA,NA,NA,NA
2021-12-06 09:00:00,NA,103.95,13.95,23.01,36.93,NA,11.82,0.90,NA,NA,NA,NA,NA,NA,NA,NA,NA,NA,NA,NA,NA,NA,NA,NA
2021-12-06 10:00:00,NA,117.64,14.09,23.02,37.23,NA,12.03,0.89,NA,NA,NA,NA,NA,NA,NA,NA,NA,NA,NA,NA,NA,NA,NA,NA
2021-12-06 11:00:00,NA,136.62,13.94,22.82,36.77,NA,8.00,0.91,NA,NA,NA,NA,NA,NA,NA,NA,NA,NA,NA,NA,NA,NA,NA,NA
2021-12-06 12:00:00,NA,140.87,14.06,23.09,37.36,NA,8.00,0.90,NA,NA,NA,NA,NA,NA,NA,NA,NA,NA,NA,NA,NA,NA,NA,NA
2021-12-06 13:00:00,NA,130.71,13.92,22.94,36.89,NA,8.00,0.90,NA,NA,NA,NA,NA,NA,NA,NA,NA,NA,NA,NA,NA,NA,NA,NA
2021-12-06 14:00:00,NA,109.64,13.99,23.03,36.98,NA,8.00,0.90,NA,NA,NA,NA,NA,NA,NA,NA,NA,NA,NA,NA,NA,NA,NA,NA
2021-12-06 15:00:00,NA,102.56,14.05,23.05,36.82,NA,8.00,0.90,NA,NA,NA,NA,NA,NA,NA,NA,NA,NA,NA,NA,NA,NA,NA,NA
2021-12-06 16:00:00,NA,101.48,14.11,23.00,37.09,NA,11.97,0.90,NA,NA,NA,NA,NA,NA,NA,NA,NA,NA,NA,NA,NA,NA,NA,NA
2021-12-06 17:00:00,NA,97.89,13.86,22.95,37.12,NA,12.29,0.90,NA,NA,NA,NA,NA,NA,NA,NA,NA,NA,NA,NA,NA,NA,NA,NA
2021-12-06 18:00:00,NA,73.33,14.09,23.16,36.76,NA,11.96,0.89,NA,NA,NA,NA,NA,NA,NA,NA,NA,NA,NA,NA,NA,NA,NA,NA
2021-12-06 19:00:00,NA,46.24,14.00,23.04,37.01,NA,12.26,0.90,NA,NA,NA,NA,NA,NA,NA,NA,NA,NA,NA,NA,NA,NA,NA,NA
2021-12-06 20:00:00,NA,99.67,14.03,22.78,37.15,NA,12.56,0.90,NA,NA,NA,NA,NA,NA,NA,NA,NA,NA,NA,NA,NA,NA,NA,NA
2021-12-06 21:00:00,NA,122.35,13.98,22.94,37.06,NA,13.84,0.91,NA,NA,NA,NA,NA,NA,NA,NA,NA,NA,NA,NA,NA,NA,NA,NA
2021-12-06 22:00:00,NA,196.56,14.00,22.89,37.05,NA,14.43,0.90,NA,NA,NA,NA,NA,NA,NA,NA,NA,NA,NA,NA,NA,NA,NA,NA
2021-12-06 23:00:00,NA,215.18,13.97,22.85,36.89,NA,14.65,0.88,NA,NA,NA,NA,NA,NA,NA,NA,NA,NA,NA,NA,NA,NA,NA,NA
2021-12-07 00:00:00,NA,139.71,14.07,23.00,37.00,NA,14.64,0.92,NA,NA,NA,NA,NA,NA,NA,NA,NA,NA,NA,NA,NA,NA,NA,NA
2021-12-07 01:00:00,NA,106.42,14.00,23.14,36.99,NA,14.86,0.90,NA,NA,NA,NA,NA,NA,NA,NA,NA,NA,NA,NA,NA,NA,NA,NA
2021-12-07 02:00:00,NA,71.88,13.98,23.24,37.33,NA,12.50,0.90,NA,NA,NA,NA,NA,NA,NA,NA,NA,NA,NA,NA,NA,NA,NA,NA
2021-12-07 03:00:00,NA,49.80,14.09,22.92,37.02,NA,13.23,0.91,NA,NA,NA,NA,NA,NA,NA,NA,NA,NA,NA,NA,NA,NA,NA,NA
2021-12-07 04:00:00,NA,94.17,14.07,22.99,37.01,NA,13.12,0.89,NA,NA,NA,NA,NA,NA,NA,NA,NA,NA,NA,NA,NA,NA,NA,NA
2021-12-07 05:00:00,NA,90.57,14.08,22.96,37.06,NA,13.40,0.90,NA,NA,NA,NA,NA,NA,NA,NA,NA,NA,NA,NA,NA,NA,NA,NA
2021-12-07 06:00:00,NA,118.28,13.93,22.90,37.02,NA,13.34,0.92,NA,NA,NA,NA,NA,NA,NA,NA,NA,NA,NA,NA,NA,NA,NA,NA
2021-12-07 07:00:00,NA,120.98,14.05,23.05,37.15,NA,13.63,0.90,NA,NA,NA,NA,NA,NA,NA,NA,NA,NA,NA,NA,NA,NA,NA,NA
2021-12-07 08:00:00,NA,138.57,14.05,22.83,36.82,NA,13.89,0.90,NA,NA,NA,NA,NA,NA,NA,NA,NA,NA,NA,NA,NA,NA,NA,NA
2021-12-07 09:00:00,NA,170.77,14.17,23.19,37.18,NA,13.82,0.90,NA,NA,NA,NA,NA,NA,NA,NA,NA,NA,NA,NA,NA,NA,NA,NA
2021-12-07 10:00:00,NA,163.84,13.98,22.86,36.75,NA,13.94,0.91,NA,NA,NA,NA,NA,NA,NA,NA,NA,NA,NA,NA,NA,NA,NA,NA
2021-12-07 11:00:00,NA,150.70,14.03,23.18,36.75,NA,13.97,0.89,NA,NA,NA,NA,NA,NA,NA,NA,NA,NA,NA,NA,NA,NA,NA,NA
2021-12-07 12:00:00,NA,130.75,13.94,23.13,36.99,NA,15.68,0.90,NA,NA,NA,NA,NA,NA,NA,NA,NA,NA,NA,NA,NA,NA,NA,NA
2021-12-07 13:00:00,NA,103.21,13.92,22.96,37.05,NA,15.44,0.91,NA,NA,NA,NA,NA,NA,NA,NA,NA,NA,NA,NA,NA,NA,NA,NA
2021-12-07 14:00:00,NA,99.90,14.00,23.08,36.89,NA,15.62,0.89,NA,NA,NA,NA,NA,NA,NA,NA,NA,NA,NA,NA,NA,NA,NA,NA
2021-12-07 15:00:00,NA,106.34,14.04,23.10,36.97,NA,15.68,0.89,NA,NA,NA,NA,NA,NA,NA,NA,NA,NA,NA,NA,NA,NA,NA,NA
2021-12-07 16:00:00,NA,109.74,14.09,22.86,36.93,NA,15.54,0.90,NA,NA,NA,NA,NA,NA,NA,NA,NA,NA,NA,NA,NA,NA,NA,NA
2021-12-07 17:00:00,NA,106.63,13.98,22.95,37.02,NA,14.90,0.88,NA,NA,NA,NA,NA,NA,NA,NA,NA,NA,NA,NA,NA,NA,NA,NA
2021-12-07 18:00:00,NA,78.61,13.88,23.08,36.73,NA,15.32,0.90,NA,NA,NA,NA,NA,NA,NA,NA,NA,NA,NA,NA,NA,NA,NA,NA
2021-12-07 19:00:00,NA,138.06,14.10,23.07,37.02,NA,15.29,0.92,NA,NA,NA,NA,NA,NA,NA,NA,NA,NA,NA,NA,NA,NA,NA,NA
2021-12-07 20:00:00,NA,129.18,14.05,22.85,37.27,NA,15.39,0.91,NA,NA,NA,NA,NA,NA,NA,NA,NA,NA,NA,NA,NA,NA,NA,NA
2021-12-07 21:00:00,NA,154.58,14.02,23.32,37.01,NA,15.76,0.90,NA,NA,NA,NA,NA,NA,NA,NA,NA,NA,NA,NA,NA,NA,NA,NA
2021-12-07 22:00:00,NA,133.13,14.10,23.14,37.19,NA,13.96,0.90,NA,NA,NA,NA,NA,NA,NA,NA,NA,NA,NA,NA,NA,NA,NA,NA
2021-12-07 23:00:00,NA,104.96,13.88,23.34,37.16,NA,14.19,0.90,NA,NA,NA,NA,NA,NA,NA,NA,NA,NA,NA,NA,NA,NA,NA,NA
2021-12-08 00:00:00,NA,94.52,13.97,23.12,37.14,NA,14.10,0.89,NA,NA,NA,NA,NA,NA,NA,NA,NA,NA,NA,NA,NA,NA,NA,NA
2021-12-08 01:00:00,NA,87.76,14.01,23.10,36.86,NA,14.47,0.91,NA,NA,NA,NA,NA,NA,NA,NA,NA,NA,NA,NA,NA,NA,NA,NA
2021-12-08 02:00:00,NA,69.88,14.02,23.00,37.46,NA,14.45,0.89,NA,NA,NA,NA,NA,NA,NA,NA,NA,NA,NA,NA,NA,NA,NA,NA
2021-12-08 03:00:00,NA,59.00,14.02,22.78,36.59,NA,14.42,0.91,NA,NA,NA,NA,NA,NA,NA,NA,NA,NA,NA,NA,NA,NA,NA,NA
2021-12-08 04:00:00,NA,47.66,13.96,23.09,36.73,NA,15.60,0.89,NA,NA,NA,NA,NA,NA,NA,NA,NA,NA,NA,NA,NA,NA,NA,NA
2021-12-08 05:00:00,NA,32.40,13.89,23.09,37.39,NA,15.24,0.90,NA,NA,NA,NA,NA,NA,NA,NA,NA,NA,NA,NA,NA,NA,NA,NA
2021-12-08 06:00:00,NA,54.14,14.00,22.78,37.00,NA,15.20,0.89,NA,NA,NA,NA,NA,NA,NA,NA,NA,NA,NA,NA,NA,NA,NA,NA
2021-12-08 07:00:00,NA,78.78,14.00,22.88,37.20,NA,15.25,0.90,NA,NA,NA,NA,NA,NA,NA,NA,NA,NA,NA,NA,NA,NA,NA,NA
2021-12-08 08:00:00,NA,78.46,13.94,22.83,37.17,NA,14.82,0.90,NA,NA,NA,NA,NA,NA,NA,NA,NA,NA,NA,NA,NA,NA,NA,NA
2021-12-08 09:00:00,NA,122.68,14.04,22.89,36.66,NA,14.66,0.91,NA,NA,NA,NA,NA,NA,NA,NA,NA,NA,NA,NA,NA,NA,NA,NA
2021-12-08 10:00:00,NA,161.61,14.12,23.01,37.10,NA,14.63,0.92,NA,NA,NA,NA,NA,NA,NA,NA,NA,NA,NA,NA,NA,NA,NA,NA
2021-12-08 11:00:00,NA,138.65,13.95,23.13,36.95,NA,14.56,0.91,NA,NA,NA,NA,NA,NA,NA,NA,NA,NA,NA,NA,NA,NA,NA,NA
2021-12-08 12:00:00,NA,119.64,13.98,22.86,37.10,NA,14.30,0.90,NA,NA,NA,NA,NA,NA,NA,NA,NA,NA,NA,NA,NA,NA,NA,NA
2021-12-08 13:00:00,NA,117.72,13.92,22.84,36.78,NA,16.66,0.90,NA,NA,NA,NA,NA,NA,NA,NA,NA,NA,NA,NA,NA,NA,NA,NA
2021-12-08 14:00:00,NA,93.74,14.07,23.08,36.75,NA,16.90,0.90,NA,NA,NA,NA,NA,NA,NA,NA,NA,NA,NA,NA,NA,NA,NA,NA
2021-12-08 15:00:00,NA,84.16,13.94,22.99,36.94,NA,16.43,0.90,NA,NA,NA,NA,NA,NA,NA,NA,NA,NA,NA,NA,NA,NA,NA,NA
2021-12-08 16:00:00,NA,119.40,14.00,23.14,37.20,NA,16.44,0.92,NA,NA,NA,NA,NA,NA,NA,NA,NA,NA,NA,NA,NA,NA,NA,NA
2021-12-08 17:00:00,NA,115.52,13.97,22.82,36.96,NA,16.14,0.90,NA,NA,NA,NA,NA,NA,NA,NA,NA,NA,NA,NA,NA,NA,NA,NA
2021-12-08 18:00:00,NA,118.53,13.90,23.02,37.01,NA,10.46,0.90,NA,NA,NA,NA,NA,NA,NA,NA,NA,NA,NA,NA,NA,NA,NA,NA
2021-12-08 19:00:00,NA,122.86,13.90,22.95,37.28,NA,10.99,0.90,NA,NA,NA,NA,NA,NA,NA,NA,NA,NA,NA,NA,NA,NA,NA,NA
2021-12-08 20:00:00,NA,123.53,13.97,22.88,37.25,NA,11.00,0.90,NA,NA,NA,NA,NA,NA,NA,NA,NA,NA,NA,NA,NA,NA,NA,NA
2021-12-08 21:00:00,NA,113.62,13.87,23.00,37.13,NA,11.07,0.91,NA,NA,NA,NA,NA,NA,NA,NA,NA,NA,NA,NA,NA,NA,NA,NA
2021-12-08 22:00:00,NA,107.65,13.98,23.14,36.93,NA,11.30,0.90,NA,NA,NA,NA,NA,NA,NA,NA,NA,NA,NA,NA,NA,NA,NA,NA
2021-12-08 23:00:00,NA,97.61,13.90,23.03,36.60,NA,14.73,0.90,NA,NA,NA,NA,NA,NA,NA,NA,NA,NA,NA,NA,NA,NA,NA,NA
2021-12-09 00:00:00,NA,50.54,13.92,22.79,37.04,NA,15.42,0.89,NA,NA,NA,NA,NA,NA,NA,NA,NA,NA,NA,NA,NA,NA,NA,NA
2021-12-09 01:00:00,NA,54.83,13.93,23.07,37.17,NA,15.72,0.90,NA,NA,NA,NA,NA,NA,NA,NA,NA,NA,NA,NA,NA,NA,NA,NA
2021-12-09 02:00:00,NA,49.18,14.03,22.97,37.03,NA,15.80,0.90,NA,NA,NA,NA,NA,NA,NA,NA,NA,NA,NA,NA,NA,NA,NA,NA
2021-12-09 03:00:00,NA,58.88,14.04,23.08,37.05,NA,16.18,0.89,NA,NA,NA,NA,NA,NA,NA,NA,NA,NA,NA,NA,NA,NA,NA,NA
2021-12-09 04:00:00,NA,56.42,14.06,23.08,37.25,NA,9.92,0.90,NA,NA,NA,NA,NA,NA,NA,NA,NA,NA,NA,NA,NA,NA,NA,NA
2021-12-09 05:00:00,NA,49.73,13.94,22.99,36.87,NA,10.30,0.91,NA,NA,NA,NA,NA,NA,NA,NA,NA,NA,NA,NA,NA,NA,NA,NA
2021-12-09 06:00:00,NA,83.11,13.99,23.05,37.30,NA,10.46,0.91,NA,NA,NA,NA,NA,NA,NA,NA,NA,NA,NA,NA,NA,NA,NA,NA
2021-12-09 07:00:00,NA,99.84,13.97,22.85,37.09,NA,10.30,0.90,NA,NA,NA,NA,NA,NA,NA,NA,NA,NA,NA,NA,NA,NA,NA,NA
2021-12-09 08:00:00,NA,103.57,14.08,22.92,36.97,NA,10.96,0.91,NA,NA,NA,NA,NA,NA,NA,NA,NA,NA,NA,NA,NA,NA,NA,NA
2021-12-09 09:00:00,NA,99.64,14.02,22.76,37.13,NA,14.31,0.90,NA,NA,NA,NA,NA,NA,NA,NA,NA,NA,NA,NA,NA,NA,NA,NA
2021-12-09 10:00:00,NA,70.16,14.01,22.76,37.11,NA,14.32,0.90,NA,NA,NA,NA,NA,NA,NA,NA,NA,NA,NA,NA,NA,NA,NA,NA
2021-12-09 11:00:00,NA,64.70,13.95,22.67,36.84,NA,14.82,0.90,NA,NA,NA,NA,NA,NA,NA,NA,NA,NA,NA,NA,NA,NA,NA,NA
2021-12-09 12:00:00,NA,NA,NA,NA,NA,NA,NA,NA,NA,NA,NA,NA,NA,NA,NA,NA,NA,NA,NA,NA,NA,NA,NA,NA
2021-12-09 13:00:00,NA,NA,NA,NA,NA,NA,NA,NA,NA,NA,NA,NA,NA,NA,NA,NA,NA,NA,NA,NA,NA,NA,NA,NA
2021-12-09 14:00:00,NA,NA,NA,NA,NA,NA,NA,NA,NA,NA,NA,NA,NA,NA,NA,NA,NA,NA,NA,NA,NA,NA,NA,NA
2021-12-09 15:00:00,NA,NA,NA,NA,NA,NA,NA,NA,NA,NA,NA,NA,NA,NA,NA,NA,NA,NA,NA,NA,NA,NA,NA,NA
2021-12-09 16:00:00,NA,NA,NA,NA,NA,NA,NA,NA,NA,NA,NA,NA,NA,NA,NA,NA,NA,NA,NA,NA,NA,NA,NA,NA
2021-12-09 17:00:00,NA,NA,NA,NA,NA,NA,NA,NA,NA,NA,NA,NA,NA,NA,NA,NA,NA,NA,NA,NA,NA,NA,NA,NA
2021-12-09 18:00:00,NA,NA,NA,NA,NA,NA,NA,NA,NA,NA,NA,NA,NA,NA,NA,NA,NA,NA,NA,NA,NA,NA,NA,NA
2021-12-09 19:00:00,NA,NA,NA,NA,NA,NA,NA,NA,NA,NA,NA,NA,NA,NA,NA,NA,NA,NA,NA,NA,NA,NA,NA,NA
2021-12-09 20:00:00,NA,NA,NA,NA,NA,NA,NA,NA,NA,NA,NA,NA,NA,NA,NA,NA,NA,NA,NA,NA,NA,NA,NA,NA
2021-12-09 21:00:00,NA,NA,NA,NA,NA,NA,NA,NA,NA,NA,NA,NA,NA,NA,NA,NA,NA,NA,NA,NA,NA,NA,NA,NA
2021-12-09 22:00:00,NA,NA,NA,NA,NA,NA,NA,NA,NA,NA,NA,NA,NA,NA,NA,NA,NA,NA,NA,NA,NA,NA,NA,NA
2021-12-09 23:00:00,NA,NA,NA,NA,NA,NA,NA,NA,NA,NA,NA,NA,NA,NA,NA,NA,NA,NA,NA,NA,NA,NA,NA,NA
2021-12-10 00:00:00,NA,NA,NA,NA,NA,NA,NA,NA,NA,NA,NA,NA,NA,NA,NA,NA,NA,NA,NA,NA,NA,NA,NA,NA
2021-12-10 01:00:00,NA,NA,NA,NA,NA,NA,NA,NA,NA,NA,NA,NA,NA,NA,NA,NA,NA,NA,NA,NA,NA,NA,NA,NA
2021-12-10 02:00:00,NA,NA,NA,NA,NA,NA,NA,NA,NA,NA,NA,NA,NA,NA,NA,NA,NA,NA,NA,NA,NA,NA,NA,NA
2021-12-10 03:00:00,NA,NA,NA,NA,NA,NA,NA,NA,NA,NA,NA,NA,NA,NA,NA,NA,NA,NA,NA,NA,NA,NA,NA,NA
2021-12-10 04:00:00,NA,NA,NA,NA,NA,NA,NA,NA,NA,NA,NA,NA,NA,NA,NA,NA,NA,NA,NA,NA,NA,NA,NA,NA
2021-12-10 05:00:00,NA,NA,NA,NA,NA,NA,NA,NA,NA,NA,NA,NA,NA,NA,NA,NA,NA,NA,NA,NA,NA,NA,NA,NA
2021-12-10 06:00:00,NA,NA,NA,NA,NA,NA,NA,NA,NA,NA,NA,NA,NA,NA,NA,NA,NA,NA,NA,NA,NA,NA,NA,NA
2021-12-10 07:00:00,NA,NA,NA,NA,NA,NA,NA,NA,NA,NA,NA,NA,NA,NA,NA,NA,NA,NA,NA,NA,NA,NA,NA,NA
2021-12-10 08:00:00,NA,NA,NA,NA,NA,NA,NA,NA,NA,NA,NA,NA,NA,NA,NA,NA,NA,NA,NA,NA,NA,NA,NA,NA
2021-12-10 09:00:00,NA,165.68,14.02,23.04,36.62,NA,14.01,0.93,NA,NA,NA,NA,NA,NA,NA,NA,NA,NA,NA,NA,NA,NA,NA,NA
2021-12-10 10:00:00,NA,164.17,14.01,22.94,36.80,NA,10.72,0.92,NA,NA,NA,NA,NA,NA,NA,NA,NA,NA,NA,NA,NA,NA,NA,NA
2021-12-10 11:00:00,NA,118.12,13.94,23.09,36.86,NA,11.04,0.90,NA,NA,NA,NA,NA,NA,NA,NA,NA,NA,NA,NA,NA,NA,NA,NA
2021-12-10 12:00:00,NA,173.34,14.09,22.76,36.98,NA,11.08,0.91,NA,NA,NA,NA,NA,NA,NA,NA,NA,NA,NA,NA,NA,NA,NA,NA
2021-12-10 13:00:00,NA,173.64,13.93,22.96,37.18,NA,11.12,0.90,NA,NA,NA,NA,NA,NA,NA,NA,NA,NA,NA,NA,NA,NA,NA,NA
2021-12-10 14:00:00,NA,131.90,14.05,22.94,36.91,NA,11.17,0.91,NA,NA,NA,NA,NA,NA,NA,NA,NA,NA,NA,NA,NA,NA,NA,NA
2021-12-10 15:00:00,NA,97.00,14.12,22.76,36.96,NA,11.75,0.90,NA,NA,NA,NA,NA,NA,NA,NA,NA,NA,NA,NA,NA,NA,NA,NA
2021-12-10 16:00:00,NA,96.50,13.98,22.86,36.79,NA,12.48,0.90,NA,NA,NA,NA,NA,NA,NA,NA,NA,NA,NA,NA,NA,NA,NA,NA
2021-12-10 17:00:00,NA,108.69,13.98,22.98,36.94,NA,12.26,0.88,NA,NA,NA,NA,NA,NA,NA,NA,NA,NA,NA,NA,NA,NA,NA,NA
2021-12-10 18:00:00,NA,123.50,13.98,23.13,37.15,NA,12.73,0.89,NA,NA,NA,NA,NA,NA,NA,NA,NA,NA,NA,NA,NA,NA,NA,NA
2021-12-10 19:00:00,NA,119.92,13.93,22.94,37.04,NA,12.22,0.90,NA,NA,NA,NA,NA,NA,NA,NA,NA,NA,NA,NA,NA,NA,NA,NA
2021-12-10 20:00:00,NA,112.92,14.00,22.78,37.02,NA,9.96,0.91,NA,NA,NA,NA,NA,NA,NA,NA,NA,NA,NA,NA,NA,NA,NA,NA
2021-12-10 21:00:00,NA,110.88,13.93,22.99,37.01,NA,10.56,0.90,NA,NA,NA,NA,NA,NA,NA,NA,NA,NA,NA,NA,NA,NA,NA,NA
2021-12-10 22:00:00,NA,103.96,13.93,23.09,36.57,NA,11.08,0.91,NA,NA,NA,NA,NA,NA,NA,NA,NA,NA,NA,NA,NA,NA,NA,NA
2021-12-10 23:00:00,NA,100.72,14.00,23.22,36.92,NA,11.32,0.90,NA,NA,NA,NA,NA,NA,NA,NA,NA,NA,NA,NA,NA,NA,NA,NA
2021-12-11 00:00:00,NA,90.51,14.04,23.11,36.97,NA,10.87,0.89,NA,NA,NA,NA,NA,NA,NA,NA,NA,NA,NA,NA,NA,NA,NA,NA
2021-12-11 01:00:00,NA,71.47,14.02,22.92,37.02,NA,11.90,0.90,NA,NA,NA,NA,NA,NA,NA,NA,NA,NA,NA,NA,NA,NA,NA,NA
2021-12-11 02:00:00,NA,53.42,14.02,22.83,37.29,NA,12.41,0.91,NA,NA,NA,NA,NA,NA,NA,NA,NA,NA,NA,NA,NA,NA,NA,NA
2021-12-11 03:00:00,NA,49.47,13.94,22.87,37.27,NA,12.72,0.90,NA,NA,NA,NA,NA,NA,NA,NA,NA,NA,NA,NA,NA,NA,NA,NA
2021-12-11 04:00:00,NA,46.07,14.00,23.14,37.16,NA,12.54,0.91,NA,NA,NA,NA,NA,NA,NA,NA,NA,NA,NA,NA,NA,NA,NA,NA
2021-12-11 05:00:00,NA,44.98,14.08,23.20,37.23,NA,12.78,0.90,NA,NA,NA,NA,NA,NA,NA,NA,NA,NA,NA,NA,NA,NA,NA,NA
2021-12-11 06:00:00,NA,61.76,14.06,22.86,37.27,NA,16.26,0.90,NA,NA,NA,NA,NA,NA,NA,NA,NA,NA,NA,NA,NA,NA,NA,NA
2021-12-11 07:00:00,NA,70.12,13.92,22.80,36.89,NA,16.43,0.90,NA,NA,NA,NA,NA,NA,NA,NA,NA,NA,NA,NA,NA,NA,NA,NA
2021-12-11 08:00:00,NA,74.70,13.91,23.12,37.29,NA,16.63,0.91,NA,NA,NA,NA,NA,NA,NA,NA,NA,NA,NA,NA,NA,NA,NA,NA
2021-12-11 09:00:00,NA,76.10,14.02,23.02,37.30,NA,16.52,0.91,NA,NA,NA,NA,NA,NA,NA,NA,NA,NA,NA,NA,NA,NA,NA,NA
2021-12-11 10:00:00,NA,65.73,13.96,23.06,36.69,NA,16.62,0.91,NA,NA,NA,NA,NA,NA,NA,NA,NA,NA,NA,NA,NA,NA,NA,NA
2021-12-11 11:00:00,NA,110.11,14.00,22.91,36.89,NA,11.62,0.90,NA,NA,NA,NA,NA,NA,NA,NA,NA,NA,NA,NA,NA,NA,NA,NA
2021-12-11 12:00:00,NA,125.67,14.11,23.16,36.94,NA,12.37,0.90,NA,NA,NA,NA,NA,NA,NA,NA,NA,NA,NA,NA,NA,NA,NA,NA
2021-12-11 13:00:00,NA,97.48,14.00,22.99,36.90,NA,12.73,0.89,NA,NA,NA,NA,NA,NA,NA,NA,NA,NA,NA,NA,NA,NA,NA,NA
2021-12-11 14:00:00,NA,92.46,13.96,22.92,37.07,NA,12.70,0.90,NA,NA,NA,NA,NA,NA,NA,NA,NA,NA,NA,NA,NA,NA,NA,NA
2021-12-11 15:00:00,NA,104.63,13.98,22.83,36.98,NA,12.64,0.91,NA,NA,NA,NA,NA,NA,NA,NA,NA,NA,NA,NA,NA,NA,NA,NA
2021-12-11 16:00:00,NA,98.52,13.90,22.96,37.04,NA,10.35,0.90,NA,NA,NA,NA,NA,NA,NA,NA,NA,NA,NA,NA,NA,NA,NA,NA
2021-12-11 17:00:00,NA,94.92,14.08,22.96,37.22,NA,10.59,0.90,NA,NA,NA,NA,NA,NA,NA,NA,NA,NA,NA,NA,NA,NA,NA,NA
2021-12-11 18:00:00,NA,107.24,13.96,23.30,36.96,NA,11.08,0.90,NA,NA,NA,NA,NA,NA,NA,NA,NA,NA,NA,NA,NA,NA,NA,NA
2021-12-11 19:00:00,NA,106.70,14.06,22.70,37.16,NA,10.98,0.90,NA,NA,NA,NA,NA,NA,NA,NA,NA,NA,NA,NA,NA,NA,NA,NA
2021-12-11 20:00:00,NA,95.56,14.04,23.16,36.69,NA,10.91,0.90,NA,NA,NA,NA,NA,NA,NA,NA,NA,NA,NA,NA,NA,NA,NA,NA
2021-12-11 21:00:00,NA,76.81,14.09,23.06,37.01,NA,12.12,0.91,NA,NA,NA,NA,NA,NA,NA,NA,NA,NA,NA,NA,NA,NA,NA,NA
2021-12-11 22:00:00,NA,52.12,13.94,22.98,37.10,NA,12.74,0.88,NA,NA,NA,NA,NA,NA,NA,NA,NA,NA,NA,NA,NA,NA,NA,NA
2021-12-11 23:00:00,NA,39.56,14.00,23.28,37.29,NA,12.96,0.90,NA,NA,NA,NA,NA,NA,NA,NA,NA,NA,NA,NA,NA,NA,NA,NA
2021-12-12 00:00:00,NA,27.00,14.07,23.24,37.11,NA,12.91,0.90,NA,NA,NA,NA,NA,NA,NA,NA,NA,NA,NA,NA,NA,NA,NA,NA
2021-12-12 01:00:00,NA,24.27,14.05,23.19,37.00,NA,12.99,0.89,NA,NA,NA,NA,NA,NA,NA,NA,NA,NA,NA,NA,NA,NA,NA,NA
2021-12-12 02:00:00,NA,26.12,13.95,22.99,37.06,NA,13.82,0.90,NA,NA,NA,NA,NA,NA,NA,NA,NA,NA,NA,NA,NA,NA,NA,NA
2021-12-12 03:00:00,NA,37.20,14.05,22.91,36.69,NA,14.24,0.89,NA,NA,NA,NA,NA,NA,NA,NA,NA,NA,NA,NA,NA,NA,NA,NA
2021-12-12 04:00:00,NA,35.26,13.93,23.05,37.10,NA,14.57,0.90,NA,NA,NA,NA,NA,NA,NA,NA,NA,NA,NA,NA,NA,NA,NA,NA
2021-12-12 05:00:00,NA,30.63,14.02,23.06,37.19,NA,15.09,0.90,NA,NA,NA,NA,NA,NA,NA,NA,NA,NA,NA,NA,NA,NA,NA,NA
2021-12-12 06:00:00,NA,37.32,13.95,23.01,37.11,NA,15.63,0.92,NA,NA,NA,NA,NA,NA,NA,NA,NA,NA,NA,NA,NA,NA,NA,NA
2021-12-12 07:00:00,NA,67.43,14.02,23.08,37.10,NA,12.41,0.89,NA,NA,NA,NA,NA,NA,NA,NA,NA,NA,NA,NA,NA,NA,NA,NA
2021-12-12 08:00:00,NA,86.63,14.02,22.96,37.03,NA,12.45,0.91,NA,NA,NA,NA,NA,NA,NA,NA,NA,NA,NA,NA,NA,NA,NA,NA
2021-12-12 09:00:00,NA,97.88,14.10,22.89,36.90,NA,11.93,0.92,NA,NA,NA,NA,NA,NA,NA,NA,NA,NA,NA,NA,NA,NA,NA,NA
2021-12-12 10:00:00,NA,NA,NA,NA,NA,NA,NA,NA,NA,NA,NA,NA,NA,NA,NA,NA,NA,NA,NA,NA,NA,NA,NA,NA
2021-12-12 11:00:00,NA,NA,NA,NA,NA,NA,NA,NA,NA,NA,NA,NA,NA,NA,NA,NA,NA,NA,NA,NA,NA,NA,NA,NA
2021-12-12 12:00:00,NA,NA,NA,NA,NA,NA,NA,NA,NA,NA,NA,NA,NA,NA,NA,NA,NA,NA,NA,NA,NA,NA,NA,NA
2021-12-12 13:00:00,NA,NA,NA,NA,NA,NA,NA,NA,NA,NA,NA,NA,NA,NA,NA,NA,NA,NA,NA,NA,NA,NA,NA,NA
2021-12-12 14:00:00,NA,NA,NA,NA,NA,NA,NA,NA,NA,NA,NA,NA,NA,NA,NA,NA,NA,NA,NA,NA,NA,NA,NA,NA
2021-12-12 15:00:00,NA,NA,NA,NA,NA,NA,NA,NA,NA,NA,NA,NA,NA,NA,NA,NA,NA,NA,NA,NA,NA,NA,NA,NA
2021-12-12 16:00:00,NA,NA,NA,NA,NA,NA,NA,NA,NA,NA,NA,NA,NA,NA,NA,NA,NA,NA,NA,NA,NA,NA,NA,NA
2021-12-12 17:00:00,NA,NA,NA,NA,NA,NA,NA,NA,NA,NA,NA,NA,NA,NA,NA,NA,NA,NA,NA,NA,NA,NA,NA,NA
2021-12-12 18:00:00,NA,NA,NA,NA,NA,NA,NA,NA,NA,NA,NA,NA,NA,NA,NA,NA,NA,NA,NA,NA,NA,NA,NA,NA
2021-12-12 19:00:00,NA,NA,NA,NA,NA,NA,NA,NA,NA,NA,NA,NA,NA,NA,NA,NA,NA,NA,NA,NA,NA,NA,NA,NA
2021-12-12 20:00:00,NA,NA,NA,NA,NA,NA,NA,NA,NA,NA,NA,NA,NA,NA,NA,NA,NA,NA,NA,NA,NA,NA,NA,NA
2021-12-12 21:00:00,NA,NA,NA,NA,NA,NA,NA,NA,NA,NA,NA,NA,NA,NA,NA,NA,NA,NA,NA,NA,NA,NA,NA,NA
2021-12-12 22:00:00,NA,NA,NA,NA,NA,NA,NA,NA,NA,NA,NA,NA,NA,NA,NA,NA,NA,NA,NA,NA,NA,NA,NA,NA
2021-12-12 23:00:00,NA,NA,NA,NA,NA,NA,NA,NA,NA,NA,NA,NA,NA,NA,NA,NA,NA,NA,NA,NA,NA,NA,NA,NA
2021-12-13 00:00:00,NA,NA,NA,NA,NA,NA,NA,NA,NA,NA,NA,NA,NA,NA,NA,NA,NA,NA,NA,NA,NA,NA,NA,NA
2021-12-13 01:00:00,NA,NA,NA,NA,NA,NA,NA,NA,NA,NA,NA,NA,NA,NA,NA,NA,NA,NA,NA,NA,NA,NA,NA,NA
2021-12-13 02:00:00,NA,NA,NA,NA,NA,NA,NA,NA,NA,NA,NA,NA,NA,NA,NA,NA,NA,NA,NA,NA,NA,NA,NA,NA
2021-12-13 03:00:00,NA,NA,NA,NA,NA,NA,NA,NA,NA,NA,NA,NA,NA,NA,NA,NA,NA,NA,NA,NA,NA,NA,NA,NA
2021-12-13 04:00:00,NA,NA,NA,NA,NA,NA,NA,NA,NA,NA,NA,NA,NA,NA,NA,NA,NA,NA,NA,NA,NA,NA,NA,NA
2021-12-13 05:00:00,NA,NA,NA,NA,NA,NA,NA,NA,NA,NA,NA,NA,NA,NA,NA,NA,NA,NA,NA,NA,NA,NA,NA,NA
2021-12-13 06:00:00,NA,NA,NA,NA,NA,NA,NA,NA,NA,NA,NA,NA,NA,NA,NA,NA,NA,NA,NA,NA,NA,NA,NA,NA
2021-12-13 07:00:00,NA,NA,NA,NA,NA,NA,NA,NA,NA,NA,NA,NA,NA,NA,NA,NA,NA,NA,NA,NA,NA,NA,NA,NA
2021-12-13 08:00:00,NA,NA,NA,NA,NA,NA,NA,NA,NA,NA,NA,NA,NA,NA,NA,NA,NA,NA,NA,NA,NA,NA,NA,NA
2021-12-13 09:00:00,NA,119.11,14.18,23.09,37.20,NA,NA,0.90,NA,NA,NA,NA,NA,NA,NA,NA,NA,NA,NA,NA,NA,NA,NA,NA
2021-12-13 10:00:00,NA,116.04,13.92,23.21,36.79,NA,11.54,0.90,NA,NA,NA,NA,NA,NA,NA,NA,NA,NA,NA,NA,NA,NA,NA,NA
2021-12-13 11:00:00,NA,97.91,14.03,22.95,36.77,NA,14.23,0.90,NA,NA,NA,NA,NA,NA,NA,NA,NA,NA,NA,NA,NA,NA,NA,NA
2021-12-13 12:00:00,NA,85.59,13.92,23.16,37.18,NA,19.77,0.91,NA,NA,NA,NA,NA,NA,NA,NA,NA,NA,NA,NA,NA,NA,NA,NA
2021-12-13 13:00:00,NA,79.62,14.13,23.01,37.27,NA,9.37,0.90,NA,NA,NA,NA,NA,NA,NA,NA,NA,NA,NA,NA,NA,NA,NA,NA
2021-12-13 14:00:00,NA,79.07,14.02,23.12,37.05,NA,8.48,0.90,NA,NA,NA,NA,NA,NA,NA,NA,NA,NA,NA,NA,NA,NA,NA,NA
2021-12-13 15:00:00,NA,74.43,14.01,22.95,37.13,NA,8.27,0.89,NA,NA,NA,NA,NA,NA,NA,NA,NA,NA,NA,NA,NA,NA,NA,NA
2021-12-13 16:00:00,NA,69.97,13.95,22.97,36.73,NA,8.23,0.90,NA,NA,NA,NA,NA,NA,NA,NA,NA,NA,NA,NA,NA,NA,NA,NA
2021-12-13 17:00:00,NA,66.36,13.97,23.20,36.70,NA,8.20,0.91,NA,NA,NA,NA,NA,NA,NA,NA,NA,NA,NA,NA,NA,NA,NA,NA
2021-12-13 18:00:00,NA,58.58,14.00,23.10,37.17,NA,14.14,0.90,NA,NA,NA,NA,NA,NA,NA,NA,NA,NA,NA,NA,NA,NA,NA,NA
2021-12-13 19:00:00,NA,43.23,13.96,23.16,37.33,NA,13.86,0.90,NA,NA,NA,NA,NA,NA,NA,NA,NA,NA,NA,NA,NA,NA,NA,NA
2021-12-13 20:00:00,NA,59.02,14.02,22.82,37.06,NA,13.78,0.87,NA,NA,NA,NA,NA,NA,NA,NA,NA,NA,NA,NA,NA,NA,NA,NA
2021-12-13 21:00:00,NA,68.34,14.06,23.12,36.93,NA,13.64,0.89,NA,NA,NA,NA,NA,NA,NA,NA,NA,NA,NA,NA,NA,NA,NA,NA
2021-12-13 22:00:00,NA,50.72,14.03,23.04,37.00,NA,14.08,0.89,NA,NA,NA,NA,NA,NA,NA,NA,NA,NA,NA,NA,NA,NA,NA,NA
2021-12-13 23:00:00,NA,41.94,13.92,23.03,37.11,NA,12.56,0.91,NA,NA,NA,NA,NA,NA,NA,NA,NA,NA,NA,NA,NA,NA,NA,NA
2021-12-14 00:00:00,NA,35.22,14.03,23.14,36.86,NA,13.58,0.90,NA,NA,NA,NA,NA,NA,NA,NA,NA,NA,NA,NA,NA,NA,NA,NA
2021-12-14 01:00:00,NA,29.12,13.92,23.25,37.05,NA,13.38,0.90,NA,NA,NA,NA,NA,NA,NA,NA,NA,NA,NA,NA,NA,NA,NA,NA
2021-12-14 02:00:00,NA,26.41,14.00,22.93,37.08,NA,13.87,0.89,NA,NA,NA,NA,NA,NA,NA,NA,NA,NA,NA,NA,NA,NA,NA,NA
2021-12-14 03:00:00,NA,24.94,14.06,22.91,36.97,NA,13.52,0.90,NA,NA,NA,NA,NA,NA,NA,NA,NA,NA,NA,NA,NA,NA,NA,NA
2021-12-14 04:00:00,NA,26.61,14.04,22.80,37.13,NA,8.09,0.90,NA,NA,NA,NA,NA,NA,NA,NA,NA,NA,NA,NA,NA,NA,NA,NA
2021-12-14 05:00:00,NA,25.13,13.99,23.01,37.26,NA,8.02,0.90,NA,NA,NA,NA,NA,NA,NA,NA,NA,NA,NA,NA,NA,NA,NA,NA
2021-12-14 06:00:00,NA,44.08,13.98,23.09,37.04,NA,8.03,0.92,NA,NA,NA,NA,NA,NA,NA,NA,NA,NA,NA,NA,NA,NA,NA,NA
2021-12-14 07:00:00,NA,74.79,14.05,23.08,37.04,NA,8.02,0.90,NA,NA,NA,NA,NA,NA,NA,NA,NA,NA,NA,NA,NA,NA,NA,NA
2021-12-14 08:00:00,NA,77.92,14.04,23.04,37.14,NA,8.04,0.89,NA,NA,NA,NA,NA,NA,NA,NA,NA,NA,NA,NA,NA,NA,NA,NA
2021-12-14 09:00:00,NA,74.54,14.04,23.05,36.95,NA,14.92,0.90,NA,NA,NA,NA,NA,NA,NA,NA,NA,NA,NA,NA,NA,NA,NA,NA
2021-12-14 10:00:00,NA,74.95,14.14,22.86,36.98,NA,14.84,0.87,NA,NA,NA,NA,NA,NA,NA,NA,NA,NA,NA,NA,NA,NA,NA,NA
2021-12-14 11:00:00,NA,NA,NA,NA,NA,NA,NA,NA,NA,NA,NA,NA,NA,NA,NA,NA,NA,NA,NA,NA,NA,NA,NA,NA
2021-12-14 12:00:00,NA,NA,NA,NA,NA,NA,NA,NA,NA,NA,NA,NA,NA,NA,NA,NA,NA,NA,NA,NA,NA,NA,NA,NA
2021-12-14 13:00:00,NA,NA,NA,NA,NA,NA,NA,NA,NA,NA,NA,NA,NA,NA,NA,NA,NA,NA,NA,NA,NA,NA,NA,NA
2021-12-14 14:00:00,NA,69.86,13.92,NA,37.05,NA,16.42,0.91,NA,NA,NA,NA,NA,NA,NA,NA,NA,NA,NA,NA,NA,NA,NA,NA
2021-12-14 15:00:00,NA,78.19,13.97,23.06,37.05,NA,16.28,0.91,NA,NA,NA,NA,NA,NA,NA,NA,NA,NA,NA,NA,NA,NA,NA,NA
2021-12-14 16:00:00,NA,90.97,14.06,22.88,36.71,NA,16.57,0.90,NA,NA,NA,NA,NA,NA,NA,NA,NA,NA,NA,NA,NA,NA,NA,NA
2021-12-14 17:00:00,NA,94.13,13.96,23.15,36.90,NA,15.94,0.90,NA,NA,NA,NA,NA,NA,NA,NA,NA,NA,NA,NA,NA,NA,NA,NA
2021-12-14 18:00:00,NA,99.58,14.02,23.14,36.77,NA,16.01,0.91,NA,NA,NA,NA,NA,NA,NA,NA,NA,NA,NA,NA,NA,NA,NA,NA
2021-12-14 19:00:00,NA,98.82,14.07,23.16,37.29,NA,10.59,0.90,NA,NA,NA,NA,NA,NA,NA,NA,NA,NA,NA,NA,NA,NA,NA,NA
2021-12-14 20:00:00,NA,103.05,13.98,22.98,37.09,NA,10.89,0.90,NA,NA,NA,NA,NA,NA,NA,NA,NA,NA,NA,NA,NA,NA,NA,NA
2021-12-14 21:00:00,NA,105.68,13.91,22.82,37.23,NA,11.36,0.90,NA,NA,NA,NA,NA,NA,NA,NA,NA,NA,NA,NA,NA,NA,NA,NA
2021-12-14 22:00:00,NA,83.66,13.95,23.08,37.07,NA,11.25,0.91,NA,NA,NA,NA,NA,NA,NA,NA,NA,NA,NA,NA,NA,NA,NA,NA
2021-12-14 23:00:00,NA,74.96,13.94,22.98,36.89,NA,11.26,0.88,NA,NA,NA,NA,NA,NA,NA,NA,NA,NA,NA,NA,NA,NA,NA,NA
2021-12-15 00:00:00,NA,66.20,14.14,22.87,37.19,NA,13.16,0.92,NA,NA,NA,NA,NA,NA,NA,NA,NA,NA,NA,NA,NA,NA,NA,NA
2021-12-15 01:00:00,NA,54.43,14.08,23.01,36.90,NA,13.89,0.91,NA,NA,NA,NA,NA,NA,NA,NA,NA,NA,NA,NA,NA,NA,NA,NA
2021-12-15 02:00:00,NA,58.95,14.01,22.99,37.17,NA,14.15,0.89,NA,NA,NA,NA,NA,NA,NA,NA,NA,NA,NA,NA,NA,NA,NA,NA
2021-12-15 03:00:00,NA,50.23,13.97,23.05,37.00,NA,14.00,0.90,NA,NA,NA,NA,NA,NA,NA,NA,NA,NA,NA,NA,NA,NA,NA,NA
2021-12-15 04:00:00,NA,46.46,14.05,22.98,37.00,NA,14.02,0.90,NA,NA,NA,NA,NA,NA,NA,NA,NA,NA,NA,NA,NA,NA,NA,NA
2021-12-15 05:00:00,NA,51.83,14.07,23.01,37.12,NA,9.28,0.90,NA,NA,NA,NA,NA,NA,NA,NA,NA,NA,NA,NA,NA,NA,NA,NA
2021-12-15 06:00:00,NA,64.57,14.01,23.10,37.12,NA,9.48,0.89,NA,NA,NA,NA,NA,NA,NA,NA,NA,NA,NA,NA,NA,NA,NA,NA
2021-12-15 07:00:00,NA,87.96,13.98,23.13,36.75,NA,9.36,0.90,NA,NA,NA,NA,NA,NA,NA,NA,NA,NA,NA,NA,NA,NA,NA,NA
2021-12-15 08:00:00,NA,101.85,14.07,22.88,37.12,NA,9.48,0.89,NA,NA,NA,NA,NA,NA,NA,NA,NA,NA,NA,NA,NA,NA,NA,NA
2021-12-15 09:00:00,NA,119.25,14.11,22.99,37.12,NA,9.46,0.90,NA,NA,NA,NA,NA,NA,NA,NA,NA,NA,NA,NA,NA,NA,NA,NA
2021-12-15 10:00:00,NA,129.06,14.08,22.94,36.88,NA,12.94,0.90,NA,NA,NA,NA,NA,NA,NA,NA,NA,NA,NA,NA,NA,NA,NA,NA
2021-12-15 11:00:00,NA,127.68,14.04,23.15,36.95,NA,12.72,0.90,NA,NA,NA,NA,NA,NA,NA,NA,NA,NA,NA,NA,NA,NA,NA,NA
2021-12-15 12:00:00,NA,114.62,14.03,22.84,37.02,NA,12.45,0.89,NA,NA,NA,NA,NA,NA,NA,NA,NA,NA,NA,NA,NA,NA,NA,NA
2021-12-15 13:00:00,NA,NA,NA,NA,NA,NA,NA,NA,NA,NA,NA,NA,NA,NA,NA,NA,NA,NA,NA,NA,NA,NA,NA,NA
2021-12-15 14:00:00,NA,NA,NA,NA,NA,NA,NA,NA,NA,NA,NA,NA,NA,NA,NA,NA,NA,NA,NA,NA,NA,NA,NA,NA
2021-12-15 15:00:00,NA,NA,NA,NA,NA,NA,NA,NA,NA,NA,NA,NA,NA,NA,NA,NA,NA,NA,NA,NA,NA,NA,NA,NA
2021-12-15 16:00:00,NA,NA,NA,NA,NA,NA,NA,NA,NA,NA,NA,NA,NA,NA,NA,NA,NA,NA,NA,NA,NA,NA,NA,NA
2021-12-15 17:00:00,NA,NA,NA,NA,NA,NA,NA,NA,NA,NA,NA,NA,NA,NA,NA,NA,NA,NA,NA,NA,NA,NA,NA,NA
2021-12-15 18:00:00,NA,NA,NA,NA,NA,NA,NA,NA,NA,NA,NA,NA,NA,NA,NA,NA,NA,NA,NA,NA,NA,NA,NA,NA
2021-12-15 19:00:00,NA,NA,NA,NA,NA,NA,NA,NA,NA,NA,NA,NA,NA,NA,NA,NA,NA,NA,NA,NA,NA,NA,NA,NA
2021-12-15 20:00:00,NA,NA,NA,NA,NA,NA,NA,NA,NA,NA,NA,NA,NA,NA,NA,NA,NA,NA,NA,NA,NA,NA,NA,NA
2021-12-15 21:00:00,NA,NA,NA,NA,NA,NA,NA,NA,NA,NA,NA,NA,NA,NA,NA,NA,NA,NA,NA,NA,NA,NA,NA,NA
2021-12-15 22:00:00,NA,NA,NA,NA,NA,NA,NA,NA,NA,NA,NA,NA,NA,NA,NA,NA,NA,NA,NA,NA,NA,NA,NA,NA
2021-12-15 23:00:00,NA,NA,NA,NA,NA,NA,NA,NA,NA,NA,NA,NA,NA,NA,NA,NA,NA,NA,NA,NA,NA,NA,NA,NA
2021-12-16 00:00:00,NA,NA,NA,NA,NA,NA,NA,NA,NA,NA,NA,NA,NA,NA,NA,NA,NA,NA,NA,NA,NA,NA,NA,NA
2021-12-16 01:00:00,NA,NA,NA,NA,NA,NA,NA,NA,NA,NA,NA,NA,NA,NA,NA,NA,NA,NA,NA,NA,NA,NA,NA,NA
2021-12-16 02:00:00,NA,NA,NA,NA,NA,NA,NA,NA,NA,NA,NA,NA,NA,NA,NA,NA,NA,NA,NA,NA,NA,NA,NA,NA
2021-12-16 03:00:00,NA,NA,NA,NA,NA,NA,NA,NA,NA,NA,NA,NA,NA,NA,NA,NA,NA,NA,NA,NA,NA,NA,NA,NA
2021-12-16 04:00:00,NA,NA,NA,NA,NA,NA,NA,NA,NA,NA,NA,NA,NA,NA,NA,NA,NA,NA,NA,NA,NA,NA,NA,NA
2021-12-16 05:00:00,NA,NA,NA,NA,NA,NA,NA,NA,NA,NA,NA,NA,NA,NA,NA,NA,NA,NA,NA,NA,NA,NA,NA,NA
2021-12-16 06:00:00,NA,NA,NA,NA,NA,NA,NA,NA,NA,NA,NA,NA,NA,NA,NA,NA,NA,NA,NA,NA,NA,NA,NA,NA
2021-12-16 07:00:00,NA,NA,NA,NA,NA,NA,NA,NA,NA,NA,NA,NA,NA,NA,NA,NA,NA,NA,NA,NA,NA,NA,NA,NA
2021-12-16 08:00:00,NA,NA,NA,NA,NA,NA,NA,NA,NA,NA,NA,NA,NA,NA,NA,NA,NA,NA,NA,NA,NA,NA,NA,NA
2021-12-16 09:00:00,NA,192.75,13.98,23.20,36.79,NA,17.62,0.91,NA,NA,NA,NA,NA,NA,NA,NA,NA,NA,NA,NA,NA,NA,NA,NA
2021-12-16 10:00:00,NA,170.37,14.03,22.94,37.02,NA,17.52,0.90,NA,NA,NA,NA,NA,NA,NA,NA,NA,NA,NA,NA,NA,NA,NA,NA
2021-12-16 11:00:00,NA,139.97,13.96,22.92,37.33,NA,10.89,0.92,NA,NA,NA,NA,NA,NA,NA,NA,NA,NA,NA,NA,NA,NA,NA,NA
2021-12-16 12:00:00,NA,118.68,14.07,23.13,37.12,NA,11.12,0.91,NA,NA,NA,NA,NA,NA,NA,NA,NA,NA,NA,NA,NA,NA,NA,NA
2021-12-16 13:00:00,NA,119.60,13.90,22.88,36.66,NA,9.68,0.92,NA,NA,NA,NA,NA,NA,NA,NA,NA,NA,NA,NA,NA,NA,NA,NA
2021-12-16 14:00:00,NA,114.03,14.01,23.18,36.96,NA,8.72,0.90,NA,NA,NA,NA,NA,NA,NA,NA,NA,NA,NA,NA,NA,NA,NA,NA
2021-12-16 15:00:00,NA,103.38,13.96,22.88,36.88,NA,8.52,0.90,NA,NA,NA,NA,NA,NA,NA,NA,NA,NA,NA,NA,NA,NA,NA,NA
2021-12-16 16:00:00,NA,96.06,14.05,22.92,37.01,NA,12.52,0.89,NA,NA,NA,NA,NA,NA,NA,NA,NA,NA,NA,NA,NA,NA,NA,NA
2021-12-16 17:00:00,NA,104.71,14.08,23.13,36.98,NA,11.64,0.89,NA,NA,NA,NA,NA,NA,NA,NA,NA,NA,NA,NA,NA,NA,NA,NA
2021-12-16 18:00:00,NA,126.04,13.96,22.95,37.07,NA,11.15,0.90,NA,NA,NA,NA,NA,NA,NA,NA,NA,NA,NA,NA,NA,NA,NA,NA
2021-12-16 19:00:00,NA,133.52,14.06,23.09,36.66,NA,10.53,0.92,NA,NA,NA,NA,NA,NA,NA,NA,NA,NA,NA,NA,NA,NA,NA,NA
2021-12-16 20:00:00,NA,121.72,14.00,22.82,37.05,NA,10.40,0.90,NA,NA,NA,NA,NA,NA,NA,NA,NA,NA,NA,NA,NA,NA,NA,NA
2021-12-16 21:00:00,NA,134.75,14.01,22.90,37.51,NA,12.22,0.90,NA,NA,NA,NA,NA,NA,NA,NA,NA,NA,NA,NA,NA,NA,NA,NA
2021-12-16 22:00:00,NA,118.26,14.03,22.96,37.25,NA,12.86,0.88,NA,NA,NA,NA,NA,NA,NA,NA,NA,NA,NA,NA,NA,NA,NA,NA
2021-12-16 23:00:00,NA,104.16,13.88,23.38,37.32,NA,12.49,0.90,NA,NA,NA,NA,NA,NA,NA,NA,NA,NA,NA,NA,NA,NA,NA,NA
2021-12-17 00:00:00,NA,100.62,13.98,23.04,36.83,NA,12.61,0.91,NA,NA,NA,NA,NA,NA,NA,NA,NA,NA,NA,NA,NA,NA,NA,NA
2021-12-17 01:00:00,NA,92.31,13.95,22.74,37.06,NA,12.70,0.90,NA,NA,NA,NA,NA,NA,NA,NA,NA,NA,NA,NA,NA,NA,NA,NA
2021-12-17 02:00:00,NA,77.80,13.92,23.07,37.22,NA,12.16,0.91,NA,NA,NA,NA,NA,NA,NA,NA,NA,NA,NA,NA,NA,NA,NA,NA
2021-12-17 03:00:00,NA,75.72,14.05,22.94,36.76,NA,12.55,0.91,NA,NA,NA,NA,NA,NA,NA,NA,NA,NA,NA,NA,NA,NA,NA,NA
2021-12-17 04:00:00,NA,77.52,13.92,22.80,37.21,NA,12.56,0.89,NA,NA,NA,NA,NA,NA,NA,NA,NA,NA,NA,NA,NA,NA,NA,NA
2021-12-17 05:00:00,NA,69.69,13.96,23.18,36.78,NA,12.92,0.90,NA,NA,NA,NA,NA,NA,NA,NA,NA,NA,NA,NA,NA,NA,NA,NA
2021-12-17 06:00:00,NA,67.19,14.04,22.92,36.94,NA,12.80,0.90,NA,NA,NA,NA,NA,NA,NA,NA,NA,NA,NA,NA,NA,NA,NA,NA
2021-12-17 07:00:00,NA,86.18,14.02,23.00,36.79,NA,13.48,0.90,NA,NA,NA,NA,NA,NA,NA,NA,NA,NA,NA,NA,NA,NA,NA,NA
2021-12-17 08:00:00,NA,102.86,14.02,23.08,37.26,NA,14.08,0.90,NA,NA,NA,NA,NA,NA,NA,NA,NA,NA,NA,NA,NA,NA,NA,NA
2021-12-17 09:00:00,NA,113.53,14.02,22.92,36.71,NA,13.82,0.90,NA,NA,NA,NA,NA,NA,NA,NA,NA,NA,NA,NA,NA,NA,NA,NA
2021-12-17 10:00:00,NA,126.31,13.90,22.99,36.83,NA,13.89,1.22,NA,NA,NA,NA,NA,NA,NA,NA,NA,NA,NA,NA,NA,NA,NA,NA
2021-12-17 11:00:00,NA,130.50,14.02,23.00,36.76,NA,13.60,1.33,NA,NA,NA,NA,NA,NA,NA,NA,NA,NA,NA,NA,NA,NA,NA,NA
2021-12-17 12:00:00,NA,118.85,13.98,23.02,36.94,NA,13.77,1.34,NA,NA,NA,NA,NA,NA,NA,NA,NA,NA,NA,NA,NA,NA,NA,NA
2021-12-17 13:00:00,NA,114.70,13.94,23.14,36.82,NA,13.68,1.33,NA,NA,NA,NA,NA,NA,NA,NA,NA,NA,NA,NA,NA,NA,NA,NA
2021-12-17 14:00:00,NA,104.46,14.00,22.96,36.88,NA,13.28,1.31,NA,NA,NA,NA,NA,NA,NA,NA,NA,NA,NA,NA,NA,NA,NA,NA
2021-12-17 15:00:00,NA,94.45,14.03,22.98,37.00,NA,12.79,1.30,NA,NA,NA,NA,NA,NA,NA,NA,NA,NA,NA,NA,NA,NA,NA,NA
2021-12-17 16:00:00,NA,84.57,14.06,23.22,37.03,NA,12.23,1.32,NA,NA,NA,NA,NA,NA,NA,NA,NA,NA,NA,NA,NA,NA,NA,NA
2021-12-17 17:00:00,NA,89.26,14.08,23.12,37.62,NA,10.39,1.31,NA,NA,NA,NA,NA,NA,NA,NA,NA,NA,NA,NA,NA,NA,NA,NA
2021-12-17 18:00:00,NA,113.63,14.02,23.12,36.93,NA,10.60,1.31,NA,NA,NA,NA,NA,NA,NA,NA,NA,NA,NA,NA,NA,NA,NA,NA
2021-12-17 19:00:00,NA,128.35,14.05,22.89,37.33,NA,11.10,1.29,NA,NA,NA,NA,NA,NA,NA,NA,NA,NA,NA,NA,NA,NA,NA,NA
2021-12-17 20:00:00,NA,141.03,13.94,22.84,36.89,NA,11.24,1.29,NA,NA,NA,NA,NA,NA,NA,NA,NA,NA,NA,NA,NA,NA,NA,NA
2021-12-17 21:00:00,NA,152.64,14.03,22.90,37.16,NA,12.06,1.30,NA,NA,NA,NA,NA,NA,NA,NA,NA,NA,NA,NA,NA,NA,NA,NA
2021-12-17 22:00:00,NA,137.34,13.99,23.06,36.71,NA,19.27,1.31,NA,NA,NA,NA,NA,NA,NA,NA,NA,NA,NA,NA,NA,NA,NA,NA
2021-12-17 23:00:00,NA,120.95,13.94,22.84,37.56,NA,19.94,1.30,NA,NA,NA,NA,NA,NA,NA,NA,NA,NA,NA,NA,NA,NA,NA,NA
2021-12-18 00:00:00,NA,99.18,14.09,23.00,37.24,NA,20.09,1.31,NA,NA,NA,NA,NA,NA,NA,NA,NA,NA,NA,NA,NA,NA,NA,NA
2021-12-18 01:00:00,NA,95.65,14.06,23.01,36.82,NA,20.51,1.31,NA,NA,NA,NA,NA,NA,NA,NA,NA,NA,NA,NA,NA,NA,NA,NA
2021-12-18 02:00:00,NA,87.67,13.96,23.00,36.82,NA,20.91,1.30,NA,NA,NA,NA,NA,NA,NA,NA,NA,NA,NA,NA,NA,NA,NA,NA
2021-12-18 03:00:00,NA,79.13,13.98,22.93,37.14,NA,16.77,1.30,NA,NA,NA,NA,NA,NA,NA,NA,NA,NA,NA,NA,NA,NA,NA,NA
2021-12-18 04:00:00,NA,78.73,13.97,22.77,36.68,NA,17.75,1.31,NA,NA,NA,NA,NA,NA,NA,NA,NA,NA,NA,NA,NA,NA,NA,NA
2021-12-18 05:00:00,NA,85.60,14.02,22.99,37.01,NA,17.70,1.30,NA,NA,NA,NA,NA,NA,NA,NA,NA,NA,NA,NA,NA,NA,NA,NA
2021-12-18 06:00:00,NA,93.15,14.09,22.90,37.28,NA,18.03,1.32,NA,NA,NA,NA,NA,NA,NA,NA,NA,NA,NA,NA,NA,NA,NA,NA
2021-12-18 07:00:00,NA,102.28,13.97,22.86,37.09,NA,18.00,1.30,NA,NA,NA,NA,NA,NA,NA,NA,NA,NA,NA,NA,NA,NA,NA,NA
2021-12-18 08:00:00,NA,118.53,13.93,23.24,36.66,NA,18.60,1.32,NA,NA,NA,NA,NA,NA,NA,NA,NA,NA,NA,NA,NA,NA,NA,NA
2021-12-18 09:00:00,NA,144.13,13.98,23.04,36.90,NA,19.52,1.31,NA,NA,NA,NA,NA,NA,NA,NA,NA,NA,NA,NA,NA,NA,NA,NA
2021-12-18 10:00:00,NA,147.20,13.98,22.80,37.14,NA,19.52,1.32,NA,NA,NA,NA,NA,NA,NA,NA,NA,NA,NA,NA,NA,NA,NA,NA
2021-12-18 11:00:00,NA,137.59,14.05,23.04,36.99,NA,19.54,1.31,NA,NA,NA,NA,NA,NA,NA,NA,NA,NA,NA,NA,NA,NA,NA,NA
2021-12-18 12:00:00,NA,123.55,14.10,22.96,36.54,NA,18.85,1.33,NA,NA,NA,NA,NA,NA,NA,NA,NA,NA,NA,NA,NA,NA,NA,NA
2021-12-18 13:00:00,NA,115.30,14.00,23.06,36.92,NA,14.32,1.32,NA,NA,NA,NA,NA,NA,NA,NA,NA,NA,NA,NA,NA,NA,NA,NA
2021-12-18 14:00:00,NA,110.40,14.02,22.91,36.87,NA,14.79,1.32,NA,NA,NA,NA,NA,NA,NA,NA,NA,NA,NA,NA,NA,NA,NA,NA
2021-12-18 15:00:00,NA,99.76,13.93,22.88,36.83,NA,14.83,1.30,NA,NA,NA,NA,NA,NA,NA,NA,NA,NA,NA,NA,NA,NA,NA,NA
2021-12-18 16:00:00,NA,112.68,14.05,22.98,37.13,NA,14.06,1.31,NA,NA,NA,NA,NA,NA,NA,NA,NA,NA,NA,NA,NA,NA,NA,NA
2021-12-18 17:00:00,NA,128.20,13.95,22.82,37.13,NA,14.74,1.30,NA,NA,NA,NA,NA,NA,NA,NA,NA,NA,NA,NA,NA,NA,NA,NA
2021-12-18 18:00:00,NA,144.76,14.00,22.97,36.99,NA,11.50,1.31,NA,NA,NA,NA,NA,NA,NA,NA,NA,NA,NA,NA,NA,NA,NA,NA
2021-12-18 19:00:00,NA,154.62,14.00,22.95,37.54,NA,10.05,1.30,NA,NA,NA,NA,NA,NA,NA,NA,NA,NA,NA,NA,NA,NA,NA,NA
2021-12-18 20:00:00,NA,145.82,13.97,22.98,37.09,NA,8.82,1.31,NA,NA,NA,NA,NA,NA,NA,NA,NA,NA,NA,NA,NA,NA,NA,NA
2021-12-18 21:00:00,NA,130.18,14.02,23.20,36.86,NA,8.74,1.32,NA,NA,NA,NA,NA,NA,NA,NA,NA,NA,NA,NA,NA,NA,NA,NA
2021-12-18 22:00:00,NA,117.39,13.91,23.07,37.30,NA,8.66,1.32,NA,NA,NA,NA,NA,NA,NA,NA,NA,NA,NA,NA,NA,NA,NA,NA
2021-12-18 23:00:00,NA,114.64,13.78,23.19,37.05,NA,11.08,1.31,NA,NA,NA,NA,NA,NA,NA,NA,NA,NA,NA,NA,NA,NA,NA,NA
2021-12-19 00:00:00,NA,99.04,13.96,22.95,36.94,NA,11.73,1.31,NA,NA,NA,NA,NA,NA,NA,NA,NA,NA,NA,NA,NA,NA,NA,NA
2021-12-19 01:00:00,NA,84.93,14.04,22.93,36.94,NA,11.76,1.32,NA,NA,NA,NA,NA,NA,NA,NA,NA,NA,NA,NA,NA,NA,NA,NA
2021-12-19 02:00:00,NA,77.27,13.92,22.97,36.99,NA,11.58,1.32,NA,NA,NA,NA,NA,NA,NA,NA,NA,NA,NA,NA,NA,NA,NA,NA
2021-12-19 03:00:00,NA,68.33,14.02,23.12,36.94,NA,11.65,1.30,NA,NA,NA,NA,NA,NA,NA,NA,NA,NA,NA,NA,NA,NA,NA,NA
2021-12-19 04:00:00,NA,64.55,13.98,22.97,36.96,NA,8.91,1.30,NA,NA,NA,NA,NA,NA,NA,NA,NA,NA,NA,NA,NA,NA,NA,NA
2021-12-19 05:00:00,NA,81.07,13.96,22.71,37.30,NA,9.15,1.30,NA,NA,NA,NA,NA,NA,NA,NA,NA,NA,NA,NA,NA,NA,NA,NA
2021-12-19 06:00:00,NA,88.61,14.08,22.98,36.99,NA,9.20,1.30,NA,NA,NA,NA,NA,NA,NA,NA,NA,NA,NA,NA,NA,NA,NA,NA
2021-12-19 07:00:00,NA,89.59,14.02,23.09,36.74,NA,9.30,1.32,NA,NA,NA,NA,NA,NA,NA,NA,NA,NA,NA,NA,NA,NA,NA,NA
2021-12-19 08:00:00,NA,94.84,14.04,23.20,37.10,NA,9.29,1.31,NA,NA,NA,NA,NA,NA,NA,NA,NA,NA,NA,NA,NA,NA,NA,NA
2021-12-19 09:00:00,NA,106.61,13.96,23.04,37.03,NA,14.96,1.31,NA,NA,NA,NA,NA,NA,NA,NA,NA,NA,NA,NA,NA,NA,NA,NA
2021-12-19 10:00:00,NA,111.90,13.97,23.15,36.86,NA,15.06,1.31,NA,NA,NA,NA,NA,NA,NA,NA,NA,NA,NA,NA,NA,NA,NA,NA
2021-12-19 11:00:00,NA,102.69,13.96,22.92,37.25,NA,15.24,1.32,NA,NA,NA,NA,NA,NA,NA,NA,NA,NA,NA,NA,NA,NA,NA,NA
2021-12-19 12:00:00,NA,99.02,13.97,22.94,37.17,NA,14.93,1.32,NA,NA,NA,NA,NA,NA,NA,NA,NA,NA,NA,NA,NA,NA,NA,NA
2021-12-19 13:00:00,NA,NA,NA,NA,NA,NA,NA,NA,NA,NA,NA,NA,NA,NA,NA,NA,NA,NA,NA,NA,NA,NA,NA,NA
2021-12-19 14:00:00,NA,NA,NA,NA,NA,NA,NA,NA,NA,NA,NA,NA,NA,NA,NA,NA,NA,NA,NA,NA,NA,NA,NA,NA
2021-12-19 15:00:00,NA,NA,NA,NA,NA,NA,NA,NA,NA,NA,NA,NA,NA,NA,NA,NA,NA,NA,NA,NA,NA,NA,NA,NA
2021-12-19 16:00:00,NA,NA,NA,NA,NA,NA,NA,NA,NA,NA,NA,NA,NA,NA,NA,NA,NA,NA,NA,NA,NA,NA,NA,NA
2021-12-19 17:00:00,NA,NA,NA,NA,NA,NA,NA,NA,NA,NA,NA,NA,NA,NA,NA,NA,NA,NA,NA,NA,NA,NA,NA,NA
2021-12-19 18:00:00,NA,NA,NA,NA,NA,NA,NA,NA,NA,NA,NA,NA,NA,NA,NA,NA,NA,NA,NA,NA,NA,NA,NA,NA
2021-12-19 19:00:00,NA,NA,NA,NA,NA,NA,NA,NA,NA,NA,NA,NA,NA,NA,NA,NA,NA,NA,NA,NA,NA,NA,NA,NA
2021-12-19 20:00:00,NA,NA,NA,NA,NA,NA,NA,NA,NA,NA,NA,NA,NA,NA,NA,NA,NA,NA,NA,NA,NA,NA,NA,NA
2021-12-19 21:00:00,NA,NA,NA,NA,NA,NA,NA,NA,NA,NA,NA,NA,NA,NA,NA,NA,NA,NA,NA,NA,NA,NA,NA,NA
2021-12-19 22:00:00,NA,NA,NA,NA,NA,NA,NA,NA,NA,NA,NA,NA,NA,NA,NA,NA,NA,NA,NA,NA,NA,NA,NA,NA
2021-12-19 23:00:00,NA,NA,NA,NA,NA,NA,NA,NA,NA,NA,NA,NA,NA,NA,NA,NA,NA,NA,NA,NA,NA,NA,NA,NA
2021-12-20 00:00:00,NA,NA,NA,NA,NA,NA,NA,NA,NA,NA,NA,NA,NA,NA,NA,NA,NA,NA,NA,NA,NA,NA,NA,NA
2021-12-20 01:00:00,NA,NA,NA,NA,NA,NA,NA,NA,NA,NA,NA,NA,NA,NA,NA,NA,NA,NA,NA,NA,NA,NA,NA,NA
2021-12-20 02:00:00,NA,NA,NA,NA,NA,NA,NA,NA,NA,NA,NA,NA,NA,NA,NA,NA,NA,NA,NA,NA,NA,NA,NA,NA
2021-12-20 03:00:00,NA,NA,NA,NA,NA,NA,NA,NA,NA,NA,NA,NA,NA,NA,NA,NA,NA,NA,NA,NA,NA,NA,NA,NA
2021-12-20 04:00:00,NA,NA,NA,NA,NA,NA,NA,NA,NA,NA,NA,NA,NA,NA,NA,NA,NA,NA,NA,NA,NA,NA,NA,NA
2021-12-20 05:00:00,NA,NA,NA,NA,NA,NA,NA,NA,NA,NA,NA,NA,NA,NA,NA,NA,NA,NA,NA,NA,NA,NA,NA,NA
2021-12-20 06:00:00,NA,NA,NA,NA,NA,NA,NA,NA,NA,NA,NA,NA,NA,NA,NA,NA,NA,NA,NA,NA,NA,NA,NA,NA
2021-12-20 07:00:00,NA,NA,NA,NA,NA,NA,NA,NA,NA,NA,NA,NA,NA,NA,NA,NA,NA,NA,NA,NA,NA,NA,NA,NA
2021-12-20 08:00:00,NA,NA,NA,NA,NA,NA,NA,NA,NA,NA,NA,NA,NA,NA,NA,NA,NA,NA,NA,NA,NA,NA,NA,NA
2021-12-20 09:00:00,NA,NA,NA,NA,NA,NA,NA,NA,NA,NA,NA,NA,NA,NA,NA,NA,NA,NA,NA,NA,NA,NA,NA,NA
2021-12-20 10:00:00,NA,119.74,14.16,23.13,NA,NA,16.74,1.32,NA,NA,NA,NA,NA,NA,NA,NA,NA,NA,NA,NA,NA,NA,NA,NA
2021-12-20 11:00:00,NA,94.48,13.99,22.97,37.34,NA,15.28,1.33,NA,NA,NA,NA,NA,NA,NA,NA,NA,NA,NA,NA,NA,NA,NA,NA
2021-12-20 12:00:00,NA,94.35,13.93,22.81,36.99,NA,15.06,1.31,NA,NA,NA,NA,NA,NA,NA,NA,NA,NA,NA,NA,NA,NA,NA,NA
2021-12-20 13:00:00,NA,97.71,13.87,23.06,37.00,NA,15.11,1.31,NA,NA,NA,NA,NA,NA,NA,NA,NA,NA,NA,NA,NA,NA,NA,NA
2021-12-20 14:00:00,NA,100.73,14.06,23.04,36.71,NA,14.99,1.30,NA,NA,NA,NA,NA,NA,NA,NA,NA,NA,NA,NA,NA,NA,NA,NA
2021-12-20 15:00:00,NA,93.52,14.03,22.88,36.97,NA,14.82,1.32,NA,NA,NA,NA,NA,NA,NA,NA,NA,NA,NA,NA,NA,NA,NA,NA
2021-12-20 16:00:00,NA,86.77,13.86,22.98,36.79,NA,12.51,1.30,NA,NA,NA,NA,NA,NA,NA,NA,NA,NA,NA,NA,NA,NA,NA,NA
2021-12-20 17:00:00,NA,92.74,13.90,22.87,36.88,NA,12.79,1.32,NA,NA,NA,NA,NA,NA,NA,NA,NA,NA,NA,NA,NA,NA,NA,NA
2021-12-20 18:00:00,NA,127.52,13.98,23.11,36.91,NA,12.96,1.31,NA,NA,NA,NA,NA,NA,NA,NA,NA,NA,NA,NA,NA,NA,NA,NA
2021-12-20 19:00:00,NA,152.06,14.08,23.04,37.10,NA,12.71,1.33,NA,NA,NA,NA,NA,NA,NA,NA,NA,NA,NA,NA,NA,NA,NA,NA
2021-12-20 20:00:00,NA,138.94,14.12,23.06,37.08,NA,12.63,1.32,NA,NA,NA,NA,NA,NA,NA,NA,NA,NA,NA,NA,NA,NA,NA,NA
2021-12-20 21:00:00,NA,127.60,13.84,23.14,36.67,NA,13.14,1.30,NA,NA,NA,NA,NA,NA,NA,NA,NA,NA,NA,NA,NA,NA,NA,NA
2021-12-20 22:00:00,NA,111.63,14.02,23.01,36.97,NA,13.50,1.28,NA,NA,NA,NA,NA,NA,NA,NA,NA,NA,NA,NA,NA,NA,NA,NA
2021-12-20 23:00:00,NA,100.74,13.90,22.72,36.66,NA,13.58,1.31,NA,NA,NA,NA,NA,NA,NA,NA,NA,NA,NA,NA,NA,NA,NA,NA
2021-12-21 00:00:00,NA,95.70,13.91,23.09,37.07,NA,13.99,1.32,NA,NA,NA,NA,NA,NA,NA,NA,NA,NA,NA,NA,NA,NA,NA,NA
2021-12-21 01:00:00,NA,83.06,13.98,23.08,36.97,NA,14.03,1.32,NA,NA,NA,NA,NA,NA,NA,NA,NA,NA,NA,NA,NA,NA,NA,NA
2021-12-21 02:00:00,NA,72.83,14.12,23.08,36.99,NA,13.33,1.32,NA,NA,NA,NA,NA,NA,NA,NA,NA,NA,NA,NA,NA,NA,NA,NA
2021-12-21 03:00:00,NA,61.73,14.07,23.15,36.93,NA,13.70,1.33,NA,NA,NA,NA,NA,NA,NA,NA,NA,NA,NA,NA,NA,NA,NA,NA
2021-12-21 04:00:00,NA,70.11,13.99,22.86,36.66,NA,13.68,1.32,NA,NA,NA,NA,NA,NA,NA,NA,NA,NA,NA,NA,NA,NA,NA,NA
2021-12-21 05:00:00,NA,70.11,14.04,22.89,36.81,NA,13.32,1.31,NA,NA,NA,NA,NA,NA,NA,NA,NA,NA,NA,NA,NA,NA,NA,NA
2021-12-21 06:00:00,NA,76.41,14.11,22.97,37.39,NA,13.85,1.32,NA,NA,NA,NA,NA,NA,NA,NA,NA,NA,NA,NA,NA,NA,NA,NA
2021-12-21 07:00:00,NA,97.72,13.98,22.91,37.13,NA,15.99,1.30,NA,NA,NA,NA,NA,NA,NA,NA,NA,NA,NA,NA,NA,NA,NA,NA
2021-12-21 08:00:00,NA,118.91,14.08,22.94,37.05,NA,16.25,1.30,NA,NA,NA,NA,NA,NA,NA,NA,NA,NA,NA,NA,NA,NA,NA,NA
2021-12-21 09:00:00,NA,134.92,13.98,23.05,36.98,NA,15.96,1.32,NA,NA,NA,NA,NA,NA,NA,NA,NA,NA,NA,NA,NA,NA,NA,NA
2021-12-21 10:00:00,NA,146.74,14.07,23.02,36.88,NA,16.24,1.33,NA,NA,NA,NA,NA,NA,NA,NA,NA,NA,NA,NA,NA,NA,NA,NA
2021-12-21 11:00:00,NA,140.16,13.92,23.14,37.09,NA,16.32,1.32,NA,NA,NA,NA,NA,NA,NA,NA,NA,NA,NA,NA,NA,NA,NA,NA
2021-12-21 12:00:00,NA,120.16,14.01,23.22,37.12,NA,14.57,1.32,NA,NA,NA,NA,NA,NA,NA,NA,NA,NA,NA,NA,NA,NA,NA,NA
2021-12-21 13:00:00,NA,113.15,14.20,23.03,36.84,NA,14.44,1.30,NA,NA,NA,NA,NA,NA,NA,NA,NA,NA,NA,NA,NA,NA,NA,NA
2021-12-21 14:00:00,NA,117.72,13.97,23.08,37.13,NA,14.18,1.31,NA,NA,NA,NA,NA,NA,NA,NA,NA,NA,NA,NA,NA,NA,NA,NA
2021-12-21 15:00:00,NA,117.00,14.00,23.06,36.88,NA,13.66,1.31,NA,NA,NA,NA,NA,NA,NA,NA,NA,NA,NA,NA,NA,NA,NA,NA
2021-12-21 16:00:00,NA,109.42,14.10,22.89,37.09,NA,13.40,1.30,NA,NA,NA,NA,NA,NA,NA,NA,NA,NA,NA,NA,NA,NA,NA,NA
2021-12-21 17:00:00,NA,122.50,14.07,22.90,37.28,NA,19.19,1.31,NA,NA,NA,NA,NA,NA,NA,NA,NA,NA,NA,NA,NA,NA,NA,NA
2021-12-21 18:00:00,NA,136.14,14.00,22.95,37.01,NA,19.43,1.31,NA,NA,NA,NA,NA,NA,NA,NA,NA,NA,NA,NA,NA,NA,NA,NA
2021-12-21 19:00:00,NA,153.89,14.00,22.95,37.00,NA,18.97,1.31,NA,NA,NA,NA,NA,NA,NA,NA,NA,NA,NA,NA,NA,NA,NA,NA
2021-12-21 20:00:00,NA,192.99,14.06,22.91,36.88,NA,19.44,1.32,NA,NA,NA,NA,NA,NA,NA,NA,NA,NA,NA,NA,NA,NA,NA,NA
2021-12-21 21:00:00,NA,195.76,13.95,22.75,37.01,NA,19.32,1.33,NA,NA,NA,NA,NA,NA,NA,NA,NA,NA,NA,NA,NA,NA,NA,NA
2021-12-21 22:00:00,NA,166.63,14.01,22.92,36.78,NA,14.75,1.31,NA,NA,NA,NA,NA,NA,NA,NA,NA,NA,NA,NA,NA,NA,NA,NA
2021-12-21 23:00:00,NA,154.55,13.92,22.81,37.39,NA,15.48,1.30,NA,NA,NA,NA,NA,NA,NA,NA,NA,NA,NA,NA,NA,NA,NA,NA
2021-12-22 00:00:00,NA,128.84,13.92,22.77,36.85,NA,15.80,1.30,NA,NA,NA,NA,NA,NA,NA,NA,NA,NA,NA,NA,NA,NA,NA,NA
2021-12-22 01:00:00,NA,108.18,14.15,23.03,37.08,NA,15.67,1.31,NA,NA,NA,NA,NA,NA,NA,NA,NA,NA,NA,NA,NA,NA,NA,NA
2021-12-22 02:00:00,NA,88.18,14.00,23.18,37.07,NA,16.02,1.32,NA,NA,NA,NA,NA,NA,NA,NA,NA,NA,NA,NA,NA,NA,NA,NA
2021-12-22 03:00:00,NA,80.03,14.04,23.08,37.20,NA,11.47,1.32,NA,NA,NA,NA,NA,NA,NA,NA,NA,NA,NA,NA,NA,NA,NA,NA
2021-12-22 04:00:00,NA,83.68,14.05,23.00,36.82,NA,11.89,1.28,NA,NA,NA,NA,NA,NA,NA,NA,NA,NA,NA,NA,NA,NA,NA,NA
2021-12-22 05:00:00,NA,85.23,14.00,23.03,37.06,NA,11.91,1.31,NA,NA,NA,NA,NA,NA,NA,NA,NA,NA,NA,NA,NA,NA,NA,NA
2021-12-22 06:00:00,NA,85.58,14.04,22.90,37.11,NA,11.86,1.31,NA,NA,NA,NA,NA,NA,NA,NA,NA,NA,NA,NA,NA,NA,NA,NA
2021-12-22 07:00:00,NA,106.97,13.95,23.10,36.84,NA,12.11,1.29,NA,NA,NA,NA,NA,NA,NA,NA,NA,NA,NA,NA,NA,NA,NA,NA
2021-12-22 08:00:00,NA,138.83,14.05,22.96,37.00,NA,11.66,1.30,NA,NA,NA,NA,NA,NA,NA,NA,NA,NA,NA,NA,NA,NA,NA,NA
2021-12-22 09:00:00,NA,164.70,14.03,23.02,36.97,NA,11.90,1.31,NA,NA,NA,NA,NA,NA,NA,NA,NA,NA,NA,NA,NA,NA,NA,NA
2021-12-22 10:00:00,NA,153.87,14.06,23.08,37.02,NA,11.60,1.31,NA,NA,NA,NA,NA,NA,NA,NA,NA,NA,NA,NA,NA,NA,NA,NA
2021-12-22 11:00:00,NA,136.75,13.99,23.22,37.17,NA,11.76,1.32,NA,NA,NA,NA,NA,NA,NA,NA,NA,NA,NA,NA,NA,NA,NA,NA
2021-12-22 12:00:00,NA,123.53,13.98,23.32,37.05,NA,11.46,1.32,NA,NA,NA,NA,NA,NA,NA,NA,NA,NA,NA,NA,NA,NA,NA,NA
2021-12-22 13:00:00,NA,119.60,13.97,23.03,36.93,NA,9.48,1.31,NA,NA,NA,NA,NA,NA,NA,NA,NA,NA,NA,NA,NA,NA,NA,NA
2021-12-22 14:00:00,NA,109.06,14.09,23.18,36.68,NA,9.46,1.31,NA,NA,NA,NA,NA,NA,NA,NA,NA,NA,NA,NA,NA,NA,NA,NA
2021-12-22 15:00:00,NA,105.68,14.05,23.04,36.92,NA,9.17,1.32,NA,NA,NA,NA,NA,NA,NA,NA,NA,NA,NA,NA,NA,NA,NA,NA
2021-12-22 16:00:00,NA,100.56,14.07,23.05,37.06,NA,9.22,1.31,NA,NA,NA,NA,NA,NA,NA,NA,NA,NA,NA,NA,NA,NA,NA,NA
2021-12-22 17:00:00,NA,90.72,14.07,23.02,36.91,NA,9.10,1.31,NA,NA,NA,NA,NA,NA,NA,NA,NA,NA,NA,NA,NA,NA,NA,NA
2021-12-22 18:00:00,NA,116.89,14.02,22.84,36.92,NA,12.79,1.31,NA,NA,NA,NA,NA,NA,NA,NA,NA,NA,NA,NA,NA,NA,NA,NA
2021-12-22 19:00:00,NA,150.18,13.97,23.09,36.85,NA,12.98,1.30,NA,NA,NA,NA,NA,NA,NA,NA,NA,NA,NA,NA,NA,NA,NA,NA
2021-12-22 20:00:00,NA,159.52,13.98,22.98,37.21,NA,12.93,1.29,NA,NA,NA,NA,NA,NA,NA,NA,NA,NA,NA,NA,NA,NA,NA,NA
2021-12-22 21:00:00,NA,153.47,13.97,23.17,37.06,NA,13.00,1.29,NA,NA,NA,NA,NA,NA,NA,NA,NA,NA,NA,NA,NA,NA,NA,NA
2021-12-22 22:00:00,NA,141.90,14.13,22.83,36.99,NA,13.53,1.32,NA,NA,NA,NA,NA,NA,NA,NA,NA,NA,NA,NA,NA,NA,NA,NA
2021-12-22 23:00:00,NA,134.80,14.14,22.88,37.17,NA,11.84,1.32,NA,NA,NA,NA,NA,NA,NA,NA,NA,NA,NA,NA,NA,NA,NA,NA
2021-12-23 00:00:00,NA,118.18,14.06,22.83,36.77,NA,12.16,1.31,NA,NA,NA,NA,NA,NA,NA,NA,NA,NA,NA,NA,NA,NA,NA,NA
2021-12-23 01:00:00,NA,91.28,14.07,23.26,37.11,NA,12.04,1.33,NA,NA,NA,NA,NA,NA,NA,NA,NA,NA,NA,NA,NA,NA,NA,NA
2021-12-23 02:00:00,NA,78.56,13.95,22.98,36.97,NA,12.34,1.31,NA,NA,NA,NA,NA,NA,NA,NA,NA,NA,NA,NA,NA,NA,NA,NA
2021-12-23 03:00:00,NA,75.42,13.97,22.99,37.47,NA,12.52,1.31,NA,NA,NA,NA,NA,NA,NA,NA,NA,NA,NA,NA,NA,NA,NA,NA
2021-12-23 04:00:00,NA,86.14,13.91,23.08,36.97,NA,15.84,1.32,NA,NA,NA,NA,NA,NA,NA,NA,NA,NA,NA,NA,NA,NA,NA,NA
2021-12-23 05:00:00,NA,89.97,13.93,22.98,37.06,NA,16.17,1.30,NA,NA,NA,NA,NA,NA,NA,NA,NA,NA,NA,NA,NA,NA,NA,NA
2021-12-23 06:00:00,NA,91.09,14.01,23.05,37.30,NA,16.28,1.32,NA,NA,NA,NA,NA,NA,NA,NA,NA,NA,NA,NA,NA,NA,NA,NA
2021-12-23 07:00:00,NA,91.82,14.08,23.10,37.13,NA,16.26,1.32,NA,NA,NA,NA,NA,NA,NA,NA,NA,NA,NA,NA,NA,NA,NA,NA
2021-12-23 08:00:00,NA,101.67,14.00,22.99,37.48,NA,16.20,1.30,NA,NA,NA,NA,NA,NA,NA,NA,NA,NA,NA,NA,NA,NA,NA,NA
2021-12-23 09:00:00,NA,127.38,14.00,23.18,37.02,NA,16.87,1.31,NA,NA,NA,NA,NA,NA,NA,NA,NA,NA,NA,NA,NA,NA,NA,NA
2021-12-23 10:00:00,NA,144.56,14.03,22.72,37.04,NA,17.17,1.31,NA,NA,NA,NA,NA,NA,NA,NA,NA,NA,NA,NA,NA,NA,NA,NA
2021-12-23 11:00:00,NA,142.43,14.06,23.13,36.62,NA,16.50,1.32,NA,NA,NA,NA,NA,NA,NA,NA,NA,NA,NA,NA,NA,NA,NA,NA
2021-12-23 12:00:00,NA,131.59,14.05,23.08,37.11,NA,16.61,1.31,NA,NA,NA,NA,NA,NA,NA,NA,NA,NA,NA,NA,NA,NA,NA,NA
2021-12-23 13:00:00,NA,122.98,13.96,23.00,37.06,NA,16.28,1.30,NA,NA,NA,NA,NA,NA,NA,NA,NA,NA,NA,NA,NA,NA,NA,NA
2021-12-23 14:00:00,NA,105.30,13.91,22.96,36.90,NA,9.06,1.31,NA,NA,NA,NA,NA,NA,NA,NA,NA,NA,NA,NA,NA,NA,NA,NA
2021-12-23 15:00:00,NA,102.44,13.98,23.14,36.76,NA,9.46,1.31,NA,NA,NA,NA,NA,NA,NA,NA,NA,NA,NA,NA,NA,NA,NA,NA
2021-12-23 16:00:00,NA,97.35,14.01,22.87,36.99,NA,9.31,1.30,NA,NA,NA,NA,NA,NA,NA,NA,NA,NA,NA,NA,NA,NA,NA,NA
2021-12-23 17:00:00,NA,97.68,13.99,22.87,36.94,NA,8.97,1.32,NA,NA,NA,NA,NA,NA,NA,NA,NA,NA,NA,NA,NA,NA,NA,NA
2021-12-23 18:00:00,NA,118.95,13.96,22.94,36.92,NA,9.26,1.31,NA,NA,NA,NA,NA,NA,NA,NA,NA,NA,NA,NA,NA,NA,NA,NA
2021-12-23 19:00:00,NA,166.69,13.99,22.98,36.81,NA,14.24,1.34,NA,NA,NA,NA,NA,NA,NA,NA,NA,NA,NA,NA,NA,NA,NA,NA
2021-12-23 20:00:00,NA,197.32,13.93,23.05,37.07,NA,14.68,1.30,NA,NA,NA,NA,NA,NA,NA,NA,NA,NA,NA,NA,NA,NA,NA,NA
2021-12-23 21:00:00,NA,169.22,14.00,23.03,36.94,NA,14.56,1.31,NA,NA,NA,NA,NA,NA,NA,NA,NA,NA,NA,NA,NA,NA,NA,NA
2021-12-23 22:00:00,NA,142.65,13.95,23.00,36.96,NA,15.02,1.32,NA,NA,NA,NA,NA,NA,NA,NA,NA,NA,NA,NA,NA,NA,NA,NA
2021-12-23 23:00:00,NA,125.46,14.10,22.94,36.76,NA,15.50,1.31,NA,NA,NA,NA,NA,NA,NA,NA,NA,NA,NA,NA,NA,NA,NA,NA
2021-12-24 00:00:00,NA,101.32,14.00,22.98,36.74,NA,13.43,1.32,NA,NA,NA,NA,NA,NA,NA,NA,NA,NA,NA,NA,NA,NA,NA,NA
2021-12-24 01:00:00,NA,94.38,14.14,23.01,36.88,NA,13.48,1.30,NA,NA,NA,NA,NA,NA,NA,NA,NA,NA,NA,NA,NA,NA,NA,NA
2021-12-24 02:00:00,NA,74.40,14.02,23.03,37.06,NA,13.87,1.33,NA,NA,NA,NA,NA,NA,NA,NA,NA,NA,NA,NA,NA,NA,NA,NA
2021-12-24 03:00:00,NA,74.28,13.97,23.09,36.85,NA,14.09,1.31,NA,NA,NA,NA,NA,NA,NA,NA,NA,NA,NA,NA,NA,NA,NA,NA
2021-12-24 04:00:00,NA,76.44,13.96,22.96,36.90,NA,14.19,1.31,NA,NA,NA,NA,NA,NA,NA,NA,NA,NA,NA,NA,NA,NA,NA,NA
2021-12-24 05:00:00,NA,83.62,14.05,22.88,37.29,NA,13.22,1.31,NA,NA,NA,NA,NA,NA,NA,NA,NA,NA,NA,NA,NA,NA,NA,NA
2021-12-24 06:00:00,NA,105.46,13.96,22.92,37.14,NA,13.64,1.32,NA,NA,NA,NA,NA,NA,NA,NA,NA,NA,NA,NA,NA,NA,NA,NA
2021-12-24 07:00:00,NA,119.33,13.94,22.92,36.93,NA,14.00,1.32,NA,NA,NA,NA,NA,NA,NA,NA,NA,NA,NA,NA,NA,NA,NA,NA
2021-12-24 08:00:00,NA,128.66,14.08,22.96,36.95,NA,13.74,1.32,NA,NA,NA,NA,NA,NA,NA,NA,NA,NA,NA,NA,NA,NA,NA,NA
2021-12-24 09:00:00,NA,144.36,14.07,23.04,36.83,NA,13.68,1.31,NA,NA,NA,NA,NA,NA,NA,NA,NA,NA,NA,NA,NA,NA,NA,NA
2021-12-24 10:00:00,NA,147.84,14.01,22.86,36.76,NA,14.35,1.32,NA,NA,NA,NA,NA,NA,NA,NA,NA,NA,NA,NA,NA,NA,NA,NA
2021-12-24 11:00:00,NA,139.05,14.00,23.04,37.04,NA,14.16,1.32,NA,NA,NA,NA,NA,NA,NA,NA,NA,NA,NA,NA,NA,NA,NA,NA
2021-12-24 12:00:00,NA,108.22,13.94,23.03,36.78,NA,13.79,1.32,NA,NA,NA,NA,NA,NA,NA,NA,NA,NA,NA,NA,NA,NA,NA,NA
2021-12-24 13:00:00,NA,84.00,14.03,23.08,36.79,NA,12.84,1.30,NA,NA,NA,NA,NA,NA,NA,NA,NA,NA,NA,NA,NA,NA,NA,NA
2021-12-24 14:00:00,NA,80.63,14.00,22.87,37.06,NA,13.56,1.32,NA,NA,NA,NA,NA,NA,NA,NA,NA,NA,NA,NA,NA,NA,NA,NA
2021-12-24 15:00:00,NA,80.69,13.96,23.06,36.94,NA,12.29,1.31,NA,NA,NA,NA,NA,NA,NA,NA,NA,NA,NA,NA,NA,NA,NA,NA
2021-12-24 16:00:00,NA,84.40,14.07,22.87,37.03,NA,11.21,1.32,NA,NA,NA,NA,NA,NA,NA,NA,NA,NA,NA,NA,NA,NA,NA,NA
2021-12-24 17:00:00,NA,82.74,14.09,22.96,37.26,NA,11.26,1.31,NA,NA,NA,NA,NA,NA,NA,NA,NA,NA,NA,NA,NA,NA,NA,NA
2021-12-24 18:00:00,NA,115.45,13.88,22.98,37.11,NA,11.06,1.30,NA,NA,NA,NA,NA,NA,NA,NA,NA,NA,NA,NA,NA,NA,NA,NA
2021-12-24 19:00:00,NA,141.68,13.98,23.00,36.78,NA,11.56,1.32,NA,NA,NA,NA,NA,NA,NA,NA,NA,NA,NA,NA,NA,NA,NA,NA
2021-12-24 20:00:00,NA,126.76,13.99,23.03,37.18,NA,13.13,1.31,NA,NA,NA,NA,NA,NA,NA,NA,NA,NA,NA,NA,NA,NA,NA,NA
2021-12-24 21:00:00,NA,158.14,13.94,22.94,37.05,NA,14.02,1.30,NA,NA,NA,NA,NA,NA,NA,NA,NA,NA,NA,NA,NA,NA,NA,NA
2021-12-24 22:00:00,NA,161.82,14.04,22.88,37.16,NA,13.77,1.28,NA,NA,NA,NA,NA,NA,NA,NA,NA,NA,NA,NA,NA,NA,NA,NA
2021-12-24 23:00:00,NA,NA,NA,NA,NA,NA,NA,NA,NA,NA,NA,NA,NA,NA,NA,NA,NA,NA,NA,NA,NA,NA,NA,NA
2021-12-25 00:00:00,NA,NA,NA,NA,NA,NA,NA,NA,NA,NA,NA,NA,NA,NA,NA,NA,NA,NA,NA,NA,NA,NA,NA,NA
2021-12-25 01:00:00,NA,NA,NA,NA,NA,NA,NA,NA,NA,NA,NA,NA,NA,NA,NA,NA,NA,NA,NA,NA,NA,NA,NA,NA
2021-12-25 02:00:00,NA,NA,NA,NA,NA,NA,NA,NA,NA,NA,NA,NA,NA,NA,NA,NA,NA,NA,NA,NA,NA,NA,NA,NA
2021-12-25 03:00:00,NA,NA,NA,NA,NA,NA,NA,NA,NA,NA,NA,NA,NA,NA,NA,NA,NA,NA,NA,NA,NA,NA,NA,NA
2021-12-25 04:00:00,NA,NA,NA,NA,NA,NA,NA,NA,NA,NA,NA,NA,NA,NA,NA,NA,NA,NA,NA,NA,NA,NA,NA,NA
2021-12-25 05:00:00,NA,NA,NA,NA,NA,NA,NA,NA,NA,NA,NA,NA,NA,NA,NA,NA,NA,NA,NA,NA,NA,NA,NA,NA
2021-12-25 06:00:00,NA,NA,NA,NA,NA,NA,NA,NA,NA,NA,NA,NA,NA,NA,NA,NA,NA,NA,NA,NA,NA,NA,NA,NA
2021-12-25 07:00:00,NA,NA,NA,NA,NA,NA,NA,NA,NA,NA,NA,NA,NA,NA,NA,NA,NA,NA,NA,NA,NA,NA,NA,NA
2021-12-25 08:00:00,NA,NA,NA,NA,NA,NA,NA,NA,NA,NA,NA,NA,NA,NA,NA,NA,NA,NA,NA,NA,NA,NA,NA,NA
2021-12-25 09:00:00,NA,NA,NA,NA,NA,NA,NA,NA,NA,NA,NA,NA,NA,NA,NA,NA,NA,NA,NA,NA,NA,NA,NA,NA
2021-12-25 10:00:00,NA,NA,NA,NA,NA,NA,NA,NA,NA,NA,NA,NA,NA,NA,NA,NA,NA,NA,NA,NA,NA,NA,NA,NA
2021-12-25 11:00:00,NA,NA,NA,NA,NA,NA,NA,NA,NA,NA,NA,NA,NA,NA,NA,NA,NA,NA,NA,NA,NA,NA,NA,NA
2021-12-25 12:00:00,NA,NA,NA,NA,NA,NA,NA,NA,NA,NA,NA,NA,NA,NA,NA,NA,NA,NA,NA,NA,NA,NA,NA,NA
2021-12-25 13:00:00,NA,NA,NA,NA,NA,NA,NA,NA,NA,NA,NA,NA,NA,NA,NA,NA,NA,NA,NA,NA,NA,NA,NA,NA
2021-12-25 14:00:00,NA,NA,NA,NA,NA,NA,NA,NA,NA,NA,NA,NA,NA,NA,NA,NA,NA,NA,NA,NA,NA,NA,NA,NA
2021-12-25 15:00:00,NA,NA,NA,NA,NA,NA,NA,NA,NA,NA,NA,NA,NA,NA,NA,NA,NA,NA,NA,NA,NA,NA,NA,NA
2021-12-25 16:00:00,NA,NA,NA,NA,NA,NA,NA,NA,NA,NA,NA,NA,NA,NA,NA,NA,NA,NA,NA,NA,NA,NA,NA,NA
2021-12-25 17:00:00,NA,NA,NA,NA,NA,NA,NA,NA,NA,NA,NA,NA,NA,NA,NA,NA,NA,NA,NA,NA,NA,NA,NA,NA
2021-12-25 18:00:00,NA,NA,NA,NA,NA,NA,NA,NA,NA,NA,NA,NA,NA,NA,NA,NA,NA,NA,NA,NA,NA,NA,NA,NA
2021-12-25 19:00:00,NA,NA,NA,NA,NA,NA,NA,NA,NA,NA,NA,NA,NA,NA,NA,NA,NA,NA,NA,NA,NA,NA,NA,NA
2021-12-25 20:00:00,NA,NA,NA,NA,NA,NA,NA,NA,NA,NA,NA,NA,NA,NA,NA,NA,NA,NA,NA,NA,NA,NA,NA,NA
2021-12-25 21:00:00,NA,NA,NA,NA,NA,NA,NA,NA,NA,NA,NA,NA,NA,NA,NA,NA,NA,NA,NA,NA,NA,NA,NA,NA
2021-12-25 22:00:00,NA,NA,NA,NA,NA,NA,NA,NA,NA,NA,NA,NA,NA,NA,NA,NA,NA,NA,NA,NA,NA,NA,NA,NA
2021-12-25 23:00:00,NA,NA,NA,NA,NA,NA,NA,NA,NA,NA,NA,NA,NA,NA,NA,NA,NA,NA,NA,NA,NA,NA,NA,NA
2021-12-26 00:00:00,NA,NA,NA,NA,NA,NA,NA,NA,NA,NA,NA,NA,NA,NA,NA,NA,NA,NA,NA,NA,NA,NA,NA,NA
2021-12-26 01:00:00,NA,NA,NA,NA,NA,NA,NA,NA,NA,NA,NA,NA,NA,NA,NA,NA,NA,NA,NA,NA,NA,NA,NA,NA
2021-12-26 02:00:00,NA,NA,NA,NA,NA,NA,NA,NA,NA,NA,NA,NA,NA,NA,NA,NA,NA,NA,NA,NA,NA,NA,NA,NA
2021-12-26 03:00:00,NA,NA,NA,NA,NA,NA,NA,NA,NA,NA,NA,NA,NA,NA,NA,NA,NA,NA,NA,NA,NA,NA,NA,NA
2021-12-26 04:00:00,NA,NA,NA,NA,NA,NA,NA,NA,NA,NA,NA,NA,NA,NA,NA,NA,NA,NA,NA,NA,NA,NA,NA,NA
2021-12-26 05:00:00,NA,NA,NA,NA,NA,NA,NA,NA,NA,NA,NA,NA,NA,NA,NA,NA,NA,NA,NA,NA,NA,NA,NA,NA
2021-12-26 06:00:00,NA,NA,NA,NA,NA,NA,NA,NA,NA,NA,NA,NA,NA,NA,NA,NA,NA,NA,NA,NA,NA,NA,NA,NA
2021-12-26 07:00:00,NA,NA,NA,NA,NA,NA,NA,NA,NA,NA,NA,NA,NA,NA,NA,NA,NA,NA,NA,NA,NA,NA,NA,NA
2021-12-26 08:00:00,NA,NA,NA,NA,NA,NA,NA,NA,NA,NA,NA,NA,NA,NA,NA,NA,NA,NA,NA,NA,NA,NA,NA,NA
2021-12-26 09:00:00,NA,NA,NA,NA,NA,NA,NA,NA,NA,NA,NA,NA,NA,NA,NA,NA,NA,NA,NA,NA,NA,NA,NA,NA
2021-12-26 10:00:00,NA,NA,NA,NA,NA,NA,NA,NA,NA,NA,NA,NA,NA,NA,NA,NA,NA,NA,NA,NA,NA,NA,NA,NA
2021-12-26 11:00:00,NA,NA,NA,NA,NA,NA,NA,NA,NA,NA,NA,NA,NA,NA,NA,NA,NA,NA,NA,NA,NA,NA,NA,NA
2021-12-26 12:00:00,NA,NA,NA,NA,NA,NA,NA,NA,NA,NA,NA,NA,NA,NA,NA,NA,NA,NA,NA,NA,NA,NA,NA,NA
2021-12-26 13:00:00,NA,NA,NA,NA,NA,NA,NA,NA,NA,NA,NA,NA,NA,NA,NA,NA,NA,NA,NA,NA,NA,NA,NA,NA
2021-12-26 14:00:00,NA,NA,NA,NA,NA,NA,NA,NA,NA,NA,NA,NA,NA,NA,NA,NA,NA,NA,NA,NA,NA,NA,NA,NA
2021-12-26 15:00:00,NA,NA,NA,NA,NA,NA,NA,NA,NA,NA,NA,NA,NA,NA,NA,NA,NA,NA,NA,NA,NA,NA,NA,NA
2021-12-26 16:00:00,NA,NA,NA,NA,NA,NA,NA,NA,NA,NA,NA,NA,NA,NA,NA,NA,NA,NA,NA,NA,NA,NA,NA,NA
2021-12-26 17:00:00,NA,NA,NA,NA,NA,NA,NA,NA,NA,NA,NA,NA,NA,NA,NA,NA,NA,NA,NA,NA,NA,NA,NA,NA
2021-12-26 18:00:00,NA,NA,NA,NA,NA,NA,NA,NA,NA,NA,NA,NA,NA,NA,NA,NA,NA,NA,NA,NA,NA,NA,NA,NA
2021-12-26 19:00:00,NA,NA,NA,NA,NA,NA,NA,NA,NA,NA,NA,NA,NA,NA,NA,NA,NA,NA,NA,NA,NA,NA,NA,NA
2021-12-26 20:00:00,NA,NA,NA,NA,NA,NA,NA,NA,NA,NA,NA,NA,NA,NA,NA,NA,NA,NA,NA,NA,NA,NA,NA,NA
2021-12-26 21:00:00,NA,NA,NA,NA,NA,NA,NA,NA,NA,NA,NA,NA,NA,NA,NA,NA,NA,NA,NA,NA,NA,NA,NA,NA
2021-12-26 22:00:00,NA,NA,NA,NA,NA,NA,NA,NA,NA,NA,NA,NA,NA,NA,NA,NA,NA,NA,NA,NA,NA,NA,NA,NA
2021-12-26 23:00:00,NA,NA,NA,NA,NA,NA,NA,NA,NA,NA,NA,NA,NA,NA,NA,NA,NA,NA,NA,NA,NA,NA,NA,NA
2021-12-27 00:00:00,NA,NA,NA,NA,NA,NA,NA,NA,NA,NA,NA,NA,NA,NA,NA,NA,NA,NA,NA,NA,NA,NA,NA,NA
2021-12-27 01:00:00,NA,NA,NA,NA,NA,NA,NA,NA,NA,NA,NA,NA,NA,NA,NA,NA,NA,NA,NA,NA,NA,NA,NA,NA
2021-12-27 02:00:00,NA,NA,NA,NA,NA,NA,NA,NA,NA,NA,NA,NA,NA,NA,NA,NA,NA,NA,NA,NA,NA,NA,NA,NA
2021-12-27 03:00:00,NA,NA,NA,NA,NA,NA,NA,NA,NA,NA,NA,NA,NA,NA,NA,NA,NA,NA,NA,NA,NA,NA,NA,NA
2021-12-27 04:00:00,NA,NA,NA,NA,NA,NA,NA,NA,NA,NA,NA,NA,NA,NA,NA,NA,NA,NA,NA,NA,NA,NA,NA,NA
2021-12-27 05:00:00,NA,NA,NA,NA,NA,NA,NA,NA,NA,NA,NA,NA,NA,NA,NA,NA,NA,NA,NA,NA,NA,NA,NA,NA
2021-12-27 06:00:00,NA,NA,NA,NA,NA,NA,NA,NA,NA,NA,NA,NA,NA,NA,NA,NA,NA,NA,NA,NA,NA,NA,NA,NA
2021-12-27 07:00:00,NA,NA,NA,NA,NA,NA,NA,NA,NA,NA,NA,NA,NA,NA,NA,NA,NA,NA,NA,NA,NA,NA,NA,NA
2021-12-27 08:00:00,NA,NA,NA,NA,NA,NA,NA,NA,NA,NA,NA,NA,NA,NA,NA,NA,NA,NA,NA,NA,NA,NA,NA,NA
2021-12-27 09:00:00,NA,NA,13.91,23.20,36.73,NA,16.84,1.31,NA,NA,NA,NA,NA,NA,NA,NA,NA,NA,NA,NA,NA,NA,NA,NA
2021-12-27 10:00:00,NA,104.36,13.99,23.00,36.97,NA,16.77,1.31,NA,NA,NA,NA,NA,NA,NA,NA,NA,NA,NA,NA,NA,NA,NA,NA
2021-12-27 11:00:00,NA,103.70,14.02,23.11,36.88,NA,NA,1.29,NA,NA,NA,NA,NA,NA,NA,NA,NA,NA,NA,NA,NA,NA,NA,NA
2021-12-27 12:00:00,NA,98.48,13.98,23.02,36.82,NA,NA,1.30,NA,NA,NA,NA,NA,NA,NA,NA,NA,NA,NA,NA,NA,NA,NA,NA
2021-12-27 13:00:00,NA,93.06,13.99,22.93,37.11,NA,14.65,1.32,NA,NA,NA,NA,NA,NA,NA,NA,NA,NA,NA,NA,NA,NA,NA,NA
2021-12-27 14:00:00,NA,90.14,14.06,23.29,36.97,NA,14.74,1.31,NA,NA,NA,NA,NA,NA,NA,NA,NA,NA,NA,NA,NA,NA,NA,NA
2021-12-27 15:00:00,NA,92.31,13.89,23.16,36.94,NA,14.40,1.32,NA,NA,NA,NA,NA,NA,NA,NA,NA,NA,NA,NA,NA,NA,NA,NA
2021-12-27 16:00:00,NA,90.08,13.89,23.04,36.81,NA,14.06,1.32,NA,NA,NA,NA,NA,NA,NA,NA,NA,NA,NA,NA,NA,NA,NA,NA
2021-12-27 17:00:00,NA,90.47,13.97,23.00,37.07,NA,14.24,1.31,NA,NA,NA,NA,NA,NA,NA,NA,NA,NA,NA,NA,NA,NA,NA,NA
2021-12-27 18:00:00,NA,107.49,14.00,23.11,36.80,NA,12.92,1.30,NA,NA,NA,NA,NA,NA,NA,NA,NA,NA,NA,NA,NA,NA,NA,NA
2021-12-27 19:00:00,NA,113.93,13.92,23.18,37.22,NA,13.58,1.30,NA,NA,NA,NA,NA,NA,NA,NA,NA,NA,NA,NA,NA,NA,NA,NA
2021-12-27 20:00:00,NA,110.01,14.12,22.85,36.94,NA,13.82,1.31,NA,NA,NA,NA,NA,NA,NA,NA,NA,NA,NA,NA,NA,NA,NA,NA
2021-12-27 21:00:00,NA,117.19,14.06,22.94,36.88,NA,13.65,1.30,NA,NA,NA,NA,NA,NA,NA,NA,NA,NA,NA,NA,NA,NA,NA,NA
2021-12-27 22:00:00,NA,104.20,14.07,23.15,37.29,NA,14.10,1.30,NA,NA,NA,NA,NA,NA,NA,NA,NA,NA,NA,NA,NA,NA,NA,NA
2021-12-27 23:00:00,NA,92.60,14.00,22.62,37.21,NA,16.52,1.31,NA,NA,NA,NA,NA,NA,NA,NA,NA,NA,NA,NA,NA,NA,NA,NA
2021-12-28 00:00:00,NA,74.25,13.96,23.02,36.95,NA,16.80,1.30,NA,NA,NA,NA,NA,NA,NA,NA,NA,NA,NA,NA,NA,NA,NA,NA
2021-12-28 01:00:00,NA,63.76,13.92,23.08,37.15,NA,16.97,1.32,NA,NA,NA,NA,NA,NA,NA,NA,NA,NA,NA,NA,NA,NA,NA,NA
2021-12-28 02:00:00,NA,59.01,14.00,23.15,36.93,NA,17.15,1.31,NA,NA,NA,NA,NA,NA,NA,NA,NA,NA,NA,NA,NA,NA,NA,NA
2021-12-28 03:00:00,NA,47.28,14.01,23.14,37.28,NA,17.23,1.32,NA,NA,NA,NA,NA,NA,NA,NA,NA,NA,NA,NA,NA,NA,NA,NA
2021-12-28 04:00:00,NA,53.67,13.96,22.85,36.80,NA,16.70,1.32,NA,NA,NA,NA,NA,NA,NA,NA,NA,NA,NA,NA,NA,NA,NA,NA
2021-12-28 05:00:00,NA,62.22,14.00,22.96,37.26,NA,16.77,1.32,NA,NA,NA,NA,NA,NA,NA,NA,NA,NA,NA,NA,NA,NA,NA,NA
2021-12-28 06:00:00,NA,69.12,14.02,23.06,37.02,NA,16.57,1.29,NA,NA,NA,NA,NA,NA,NA,NA,NA,NA,NA,NA,NA,NA,NA,NA
2021-12-28 07:00:00,NA,79.15,14.08,22.88,36.63,NA,16.66,1.32,NA,NA,NA,NA,NA,NA,NA,NA,NA,NA,NA,NA,NA,NA,NA,NA
2021-12-28 08:00:00,NA,101.50,14.06,22.95,37.13,NA,16.77,1.30,NA,NA,NA,NA,NA,NA,NA,NA,NA,NA,NA,NA,NA,NA,NA,NA
2021-12-28 09:00:00,NA,115.82,14.04,23.16,36.78,NA,12.45,1.30,NA,NA,NA,NA,NA,NA,NA,NA,NA,NA,NA,NA,NA,NA,NA,NA
2021-12-28 10:00:00,NA,109.01,14.07,23.08,37.32,NA,12.96,1.30,NA,NA,NA,NA,NA,NA,NA,NA,NA,NA,NA,NA,NA,NA,NA,NA
2021-12-28 11:00:00,NA,94.16,14.04,23.03,36.93,NA,12.37,1.34,NA,NA,NA,NA,NA,NA,NA,NA,NA,NA,NA,NA,NA,NA,NA,NA
2021-12-28 12:00:00,NA,87.94,14.07,23.02,36.55,NA,12.45,1.32,NA,NA,NA,NA,NA,NA,NA,NA,NA,NA,NA,NA,NA,NA,NA,NA
2021-12-28 13:00:00,NA,82.79,14.00,23.04,37.01,NA,11.99,1.33,NA,NA,NA,NA,NA,NA,NA,NA,NA,NA,NA,NA,NA,NA,NA,NA
2021-12-28 14:00:00,NA,86.06,13.83,22.84,37.04,NA,16.68,1.31,NA,NA,NA,NA,NA,NA,NA,NA,NA,NA,NA,NA,NA,NA,NA,NA
2021-12-28 15:00:00,NA,75.58,14.08,22.80,37.10,NA,17.18,1.31,NA,NA,NA,NA,NA,NA,NA,NA,NA,NA,NA,NA,NA,NA,NA,NA
2021-12-28 16:00:00,NA,79.80,13.97,23.00,36.90,NA,16.70,1.30,NA,NA,NA,NA,NA,NA,NA,NA,NA,NA,NA,NA,NA,NA,NA,NA
2021-12-28 17:00:00,NA,74.32,13.93,22.74,37.00,NA,16.73,1.31,NA,NA,NA,NA,NA,NA,NA,NA,NA,NA,NA,NA,NA,NA,NA,NA
2021-12-28 18:00:00,NA,83.68,13.93,23.33,36.91,NA,16.90,1.32,NA,NA,NA,NA,NA,NA,NA,NA,NA,NA,NA,NA,NA,NA,NA,NA
2021-12-28 19:00:00,NA,93.00,13.92,22.98,37.20,NA,15.94,1.32,NA,NA,NA,NA,NA,NA,NA,NA,NA,NA,NA,NA,NA,NA,NA,NA
2021-12-28 20:00:00,NA,95.64,14.11,22.95,36.98,NA,16.24,1.32,NA,NA,NA,NA,NA,NA,NA,NA,NA,NA,NA,NA,NA,NA,NA,NA
2021-12-28 21:00:00,NA,97.38,14.08,23.08,37.15,NA,16.48,1.31,NA,NA,NA,NA,NA,NA,NA,NA,NA,NA,NA,NA,NA,NA,NA,NA
2021-12-28 22:00:00,NA,85.76,13.98,22.90,36.88,NA,16.72,1.30,NA,NA,NA,NA,NA,NA,NA,NA,NA,NA,NA,NA,NA,NA,NA,NA
2021-12-28 23:00:00,NA,80.04,13.89,23.02,36.64,NA,17.16,1.31,NA,NA,NA,NA,NA,NA,NA,NA,NA,NA,NA,NA,NA,NA,NA,NA
2021-12-29 00:00:00,NA,64.07,14.05,22.97,36.68,NA,13.91,1.34,NA,NA,NA,NA,NA,NA,NA,NA,NA,NA,NA,NA,NA,NA,NA,NA
2021-12-29 01:00:00,NA,69.93,14.01,22.95,36.84,NA,14.14,1.31,NA,NA,NA,NA,NA,NA,NA,NA,NA,NA,NA,NA,NA,NA,NA,NA
2021-12-29 02:00:00,NA,60.15,13.90,23.28,36.81,NA,14.47,1.32,NA,NA,NA,NA,NA,NA,NA,NA,NA,NA,NA,NA,NA,NA,NA,NA
2021-12-29 03:00:00,NA,40.39,14.04,22.98,37.07,NA,14.45,1.31,NA,NA,NA,NA,NA,NA,NA,NA,NA,NA,NA,NA,NA,NA,NA,NA
2021-12-29 04:00:00,NA,44.98,14.06,23.08,37.08,NA,14.44,1.31,NA,NA,NA,NA,NA,NA,NA,NA,NA,NA,NA,NA,NA,NA,NA,NA
2021-12-29 05:00:00,NA,52.95,13.95,23.03,37.12,NA,15.64,1.31,NA,NA,NA,NA,NA,NA,NA,NA,NA,NA,NA,NA,NA,NA,NA,NA
2021-12-29 06:00:00,NA,52.19,14.04,22.86,36.70,NA,16.28,1.28,NA,NA,NA,NA,NA,NA,NA,NA,NA,NA,NA,NA,NA,NA,NA,NA
2021-12-29 07:00:00,NA,74.17,13.92,22.84,37.01,NA,16.23,1.32,NA,NA,NA,NA,NA,NA,NA,NA,NA,NA,NA,NA,NA,NA,NA,NA
2021-12-29 08:00:00,NA,NA,NA,NA,NA,NA,NA,NA,NA,NA,NA,NA,NA,NA,NA,NA,NA,NA,NA,NA,NA,NA,NA,NA
2021-12-29 09:00:00,NA,84.13,13.99,22.78,37.27,NA,16.14,1.31,NA,NA,NA,NA,NA,NA,NA,NA,NA,NA,NA,NA,NA,NA,NA,NA
2021-12-29 10:00:00,NA,90.90,13.93,23.11,37.14,NA,8.06,1.31,NA,NA,NA,NA,NA,NA,NA,NA,NA,NA,NA,NA,NA,NA,NA,NA
2021-12-29 11:00:00,NA,93.56,14.02,22.80,37.17,NA,8.09,1.31,NA,NA,NA,NA,NA,NA,NA,NA,NA,NA,NA,NA,NA,NA,NA,NA
2021-12-29 12:00:00,NA,86.15,13.97,23.14,37.03,NA,8.07,1.34,NA,NA,NA,NA,NA,NA,NA,NA,NA,NA,NA,NA,NA,NA,NA,NA
2021-12-29 13:00:00,NA,77.95,14.06,23.14,36.85,NA,8.02,1.29,NA,NA,NA,NA,NA,NA,NA,NA,NA,NA,NA,NA,NA,NA,NA,NA
2021-12-29 14:00:00,NA,69.28,14.07,22.74,37.12,NA,8.02,1.32,NA,NA,NA,NA,NA,NA,NA,NA,NA,NA,NA,NA,NA,NA,NA,NA
2021-12-29 15:00:00,NA,68.13,14.03,22.83,36.67,NA,18.47,1.28,NA,NA,NA,NA,NA,NA,NA,NA,NA,NA,NA,NA,NA,NA,NA,NA
2021-12-29 16:00:00,NA,73.77,14.08,23.09,37.10,NA,19.56,1.32,NA,NA,NA,NA,NA,NA,NA,NA,NA,NA,NA,NA,NA,NA,NA,NA
2021-12-29 17:00:00,NA,74.91,13.98,23.04,36.60,NA,18.20,1.30,NA,NA,NA,NA,NA,NA,NA,NA,NA,NA,NA,NA,NA,NA,NA,NA
2021-12-29 18:00:00,NA,55.46,14.11,22.98,37.10,NA,18.03,1.32,NA,NA,NA,NA,NA,NA,NA,NA,NA,NA,NA,NA,NA,NA,NA,NA
2021-12-29 19:00:00,NA,67.34,13.94,22.94,36.97,NA,18.15,1.31,NA,NA,NA,NA,NA,NA,NA,NA,NA,NA,NA,NA,NA,NA,NA,NA
2021-12-29 20:00:00,NA,61.54,14.01,22.90,36.82,NA,12.29,1.31,NA,NA,NA,NA,NA,NA,NA,NA,NA,NA,NA,NA,NA,NA,NA,NA
2021-12-29 21:00:00,NA,131.00,14.12,23.16,37.04,NA,12.25,1.32,NA,NA,NA,NA,NA,NA,NA,NA,NA,NA,NA,NA,NA,NA,NA,NA
2021-12-29 22:00:00,NA,157.63,14.05,23.01,37.20,NA,12.21,1.34,NA,NA,NA,NA,NA,NA,NA,NA,NA,NA,NA,NA,NA,NA,NA,NA
2021-12-29 23:00:00,NA,136.28,13.98,22.96,36.88,NA,12.32,1.30,NA,NA,NA,NA,NA,NA,NA,NA,NA,NA,NA,NA,NA,NA,NA,NA
2021-12-30 00:00:00,NA,80.21,13.96,22.92,37.10,NA,12.95,1.29,NA,NA,NA,NA,NA,NA,NA,NA,NA,NA,NA,NA,NA,NA,NA,NA
2021-12-30 01:00:00,NA,59.52,14.10,23.14,36.84,NA,16.04,1.30,NA,NA,NA,NA,NA,NA,NA,NA,NA,NA,NA,NA,NA,NA,NA,NA
2021-12-30 02:00:00,NA,44.24,13.91,23.08,37.26,NA,16.74,1.32,NA,NA,NA,NA,NA,NA,NA,NA,NA,NA,NA,NA,NA,NA,NA,NA
2021-12-30 03:00:00,NA,50.46,13.98,22.88,37.08,NA,16.64,1.30,NA,NA,NA,NA,NA,NA,NA,NA,NA,NA,NA,NA,NA,NA,NA,NA
2021-12-30 04:00:00,NA,45.72,14.06,22.94,37.10,NA,16.51,1.31,NA,NA,NA,NA,NA,NA,NA,NA,NA,NA,NA,NA,NA,NA,NA,NA
2021-12-30 05:00:00,NA,47.45,14.00,23.04,37.28,NA,16.23,1.30,NA,NA,NA,NA,NA,NA,NA,NA,NA,NA,NA,NA,NA,NA,NA,NA
2021-12-30 06:00:00,NA,56.24,13.93,22.88,36.96,NA,15.64,1.33,NA,NA,NA,NA,NA,NA,NA,NA,NA,NA,NA,NA,NA,NA,NA,NA
2021-12-30 07:00:00,NA,81.89,14.10,22.87,36.90,NA,15.94,1.31,NA,NA,NA,NA,NA,NA,NA,NA,NA,NA,NA,NA,NA,NA,NA,NA
2021-12-30 08:00:00,NA,99.09,13.97,22.98,37.12,NA,16.07,1.30,NA,NA,NA,NA,NA,NA,NA,NA,NA,NA,NA,NA,NA,NA,NA,NA
2021-12-30 09:00:00,NA,144.44,14.05,23.05,36.90,NA,16.09,1.30,NA,NA,NA,NA,NA,NA,NA,NA,NA,NA,NA,NA,NA,NA,NA,NA
2021-12-30 10:00:00,NA,229.00,14.04,22.95,36.81,NA,16.10,1.32,NA,NA,NA,NA,NA,NA,NA,NA,NA,NA,NA,NA,NA,NA,NA,NA
2021-12-30 11:00:00,NA,15.00,14.01,22.91,37.17,NA,15.37,1.30,NA,NA,NA,NA,NA,NA,NA,NA,NA,NA,NA,NA,NA,NA,NA,NA
2021-12-30 12:00:00,NA,15.00,13.94,22.91,36.97,NA,15.70,1.32,NA,NA,NA,NA,NA,NA,NA,NA,NA,NA,NA,NA,NA,NA,NA,NA
2021-12-30 13:00:00,NA,542.96,13.97,22.90,37.06,NA,15.34,1.32,NA,NA,NA,NA,NA,NA,NA,NA,NA,NA,NA,NA,NA,NA,NA,NA
2021-12-30 14:00:00,NA,283.80,13.95,23.00,37.02,NA,15.27,1.33,NA,NA,NA,NA,NA,NA,NA,NA,NA,NA,NA,NA,NA,NA,NA,NA
2021-12-30 15:00:00,NA,250.12,13.99,23.26,37.12,NA,14.87,1.31,NA,NA,NA,NA,NA,NA,NA,NA,NA,NA,NA,NA,NA,NA,NA,NA
2021-12-30 16:00:00,NA,161.82,14.00,22.75,37.13,NA,11.62,1.31,NA,NA,NA,NA,NA,NA,NA,NA,NA,NA,NA,NA,NA,NA,NA,NA
2021-12-30 17:00:00,NA,115.71,13.96,22.92,37.00,NA,11.50,1.31,NA,NA,NA,NA,NA,NA,NA,NA,NA,NA,NA,NA,NA,NA,NA,NA
2021-12-30 18:00:00,NA,97.02,14.03,22.97,36.79,NA,12.08,1.30,NA,NA,NA,NA,NA,NA,NA,NA,NA,NA,NA,NA,NA,NA,NA,NA
2021-12-30 19:00:00,NA,74.98,14.00,23.01,36.80,NA,12.10,1.32,NA,NA,NA,NA,NA,NA,NA,NA,NA,NA,NA,NA,NA,NA,NA,NA
2021-12-30 20:00:00,NA,48.66,13.99,22.71,37.51,NA,12.25,1.33,NA,NA,NA,NA,NA,NA,NA,NA,NA,NA,NA,NA,NA,NA,NA,NA
2021-12-30 21:00:00,NA,122.78,14.00,23.07,37.10,NA,12.08,1.32,NA,NA,NA,NA,NA,NA,NA,NA,NA,NA,NA,NA,NA,NA,NA,NA
2021-12-30 22:00:00,NA,114.58,14.04,23.09,37.09,NA,12.20,1.33,NA,NA,NA,NA,NA,NA,NA,NA,NA,NA,NA,NA,NA,NA,NA,NA
2021-12-30 23:00:00,NA,83.29,13.96,23.10,37.61,NA,12.22,1.30,NA,NA,NA,NA,NA,NA,NA,NA,NA,NA,NA,NA,NA,NA,NA,NA
2021-12-31 00:00:00,NA,50.89,13.99,23.17,37.06,NA,12.62,1.32,NA,NA,NA,NA,NA,NA,NA,NA,NA,NA,NA,NA,NA,NA,NA,NA
2021-12-31 01:00:00,NA,35.40,14.18,22.91,37.36,NA,12.46,1.30,NA,NA,NA,NA,NA,NA,NA,NA,NA,NA,NA,NA,NA,NA,NA,NA
2021-12-31 02:00:00,NA,45.71,14.02,22.90,37.02,NA,8.30,1.32,NA,NA,NA,NA,NA,NA,NA,NA,NA,NA,NA,NA,NA,NA,NA,NA
2021-12-31 03:00:00,NA,32.32,13.96,23.01,37.14,NA,8.20,1.31,NA,NA,NA,NA,NA,NA,NA,NA,NA,NA,NA,NA,NA,NA,NA,NA
2021-12-31 04:00:00,NA,30.97,13.96,22.99,37.29,NA,8.48,1.30,NA,NA,NA,NA,NA,NA,NA,NA,NA,NA,NA,NA,NA,NA,NA,NA
2021-12-31 05:00:00,NA,24.05,13.77,23.21,36.97,NA,8.21,1.31,NA,NA,NA,NA,NA,NA,NA,NA,NA,NA,NA,NA,NA,NA,NA,NA
2021-12-31 06:00:00,NA,33.74,14.03,22.96,37.36,NA,8.24,1.31,NA,NA,NA,NA,NA,NA,NA,NA,NA,NA,NA,NA,NA,NA,NA,NA
2021-12-31 07:00:00,NA,42.02,13.97,22.96,37.13,NA,10.83,1.31,NA,NA,NA,NA,NA,NA,NA,NA,NA,NA,NA,NA,NA,NA,NA,NA
2021-12-31 08:00:00,NA,65.62,14.06,22.96,36.88,NA,10.77,1.32,NA,NA,NA,NA,NA,NA,NA,NA,NA,NA,NA,NA,NA,NA,NA,NA
2021-12-31 09:00:00,NA,47.40,14.02,22.96,37.04,NA,10.45,1.30,NA,NA,NA,NA,NA,NA,NA,NA,NA,NA,NA,NA,NA,NA,NA,NA
2021-12-31 10:00:00,NA,63.34,14.05,23.16,37.33,NA,10.88,1.29,NA,NA,NA,NA,NA,NA,NA,NA,NA,NA,NA,NA,NA,NA,NA,NA
2021-12-31 11:00:00,NA,39.44,14.11,23.04,36.66,NA,10.65,1.31,NA,NA,NA,NA,NA,NA,NA,NA,NA,NA,NA,NA,NA,NA,NA,NA
2021-12-31 12:00:00,NA,27.19,14.06,23.08,37.12,NA,12.47,1.33,NA,NA,NA,NA,NA,NA,NA,NA,NA,NA,NA,NA,NA,NA,NA,NA
2021-12-31 13:00:00,NA,21.11,13.98,22.82,37.10,NA,12.66,1.31,NA,NA,NA,NA,NA,NA,NA,NA,NA,NA,NA,NA,NA,NA,NA,NA
2021-12-31 14:00:00,NA,18.06,14.02,23.06,37.18,NA,13.00,1.31,NA,NA,NA,NA,NA,NA,NA,NA,NA,NA,NA,NA,NA,NA,NA,NA
2021-12-31 15:00:00,NA,623.37,13.92,23.01,36.92,NA,12.77,1.29,NA,NA,NA,NA,NA,NA,NA,NA,NA,NA,NA,NA,NA,NA,NA,NA
2021-12-31 16:00:00,NA,367.44,13.97,22.91,36.91,NA,12.76,1.32,NA,NA,NA,NA,NA,NA,NA,NA,NA,NA,NA,NA,NA,NA,NA,NA
2021-12-31 17:00:00,NA,214.60,14.02,22.92,36.86,NA,9.16,1.30,NA,NA,NA,NA,NA,NA,NA,NA,NA,NA,NA,NA,NA,NA,NA,NA
2021-12-31 18:00:00,NA,115.00,14.04,22.98,37.29,NA,9.37,1.30,NA,NA,NA,NA,NA,NA,NA,NA,NA,NA,NA,NA,NA,NA,NA,NA
2021-12-31 19:00:00,NA,135.22,13.93,23.01,37.03,NA,9.23,1.29,NA,NA,NA,NA,NA,NA,NA,NA,NA,NA,NA,NA,NA,NA,NA,NA
2021-12-31 20:00:00,NA,75.70,14.08,23.06,36.88,NA,9.48,1.31,NA,NA,NA,NA,NA,NA,NA,NA,NA,NA,NA,NA,NA,NA,NA,NA
2021-12-31 21:00:00,NA,102.04,13.98,23.17,37.00,NA,9.56,1.31,NA,NA,NA,NA,NA,NA,NA,NA,NA,NA,NA,NA,NA,NA,NA,NA
2021-12-31 22:00:00,NA,59.96,13.95,23.02,37.02,NA,12.41,1.32,NA,NA,NA,NA,NA,NA,NA,NA,NA,NA,NA,NA,NA,NA,NA,NA
2021-12-31 23:00:00,NA,40.73,13.98,22.97,36.80,NA,12.66,1.30,NA,NA,NA,NA,NA,NA,NA,NA,NA,NA,NA,NA,NA,NA,NA,NA
