Timestamp,PM2.5 (µg/m³),PM10 (µg/m³),NO (µg/m³),NO2 (µg/m³),NOx (ppb),NH3 (µg/m³),SO2 (µg/m³),CO (mg/m³),Ozone (µg/m³),Benzene (µg/m³),Toluene (µg/m³),Xylene (µg/m³),O Xylene (µg/m³),Eth-Benzene (µg/m³),MP-Xylene (µg/m³),AT (°C),RH (%),WS (m/s),WD (deg),RF (mm),TOT-RF (mm),SR (W/mt2),BP (mmHg),VWS (m/s)
2025-01-01 00:00:00,140.89,281.44,24.21,11.11,25.62,NA,NA,1.21,5.32,NA,NA,NA,NA,NA,NA,NA,NA,NA,NA,NA,0.00,NA,NA,NA
2025-01-01 01:00:00,152.04,321.47,20.99,13.68,24.34,NA,NA,1.39,5.31,NA,NA,NA,NA,NA,NA,NA,NA,NA,NA,NA,0.00,NA,NA,NA
2025-01-01 02:00:00,154.86,304.26,20.39,12.54,23.24,NA,NA,1.55,6.95,NA,NA,NA,NA,NA,NA,NA,NA,NA,NA,NA,0.00,NA,NA,NA
2025-01-01 03:00:00,133.06,195.88,26.45,11.43,27.59,NA,NA,1.67,5.36,NA,NA,NA,NA,NA,NA,NA,NA,NA,NA,NA,0.00,NA,NA,NA
2025-01-01 04:00:00,141.21,187.16,30.06,14.56,32.19,NA,NA,1.60,5.06,NA,NA,NA,NA,NA,NA,NA,NA,NA,NA,NA,0.00,NA,NA,NA
2025-01-01 05:00:00,134.53,239.43,11.80,20.67,20.60,NA,NA,1.22,5.14,NA,NA,NA,NA,NA,NA,NA,NA,NA,NA,NA,0.00,NA,NA,NA
2025-01-01 06:00:00,96.22,234.72,3.73,19.77,13.56,NA,NA,0.83,14.53,NA,NA,NA,NA,NA,NA,NA,NA,NA,NA,NA,0.00,NA,NA,NA
2025-01-01 07:00:00,72.88,192.77,0.56,15.02,8.45,NA,NA,0.64,29.22,NA,NA,NA,NA,NA,NA,NA,NA,NA,NA,NA,0.00,NA,NA,NA
2025-01-01 08:00:00,86.76,166.99,1.03,12.64,7.56,NA,NA,0.64,29.46,NA,NA,NA,NA,NA,NA,NA,NA,NA,NA,NA,0.00,NA,NA,NA
2025-01-01 09:00:00,100.98,176.35,2.01,13.30,8.71,NA,NA,0.66,32.25,NA,NA,NA,NA,NA,NA,NA,NA,NA,NA,NA,0.00,NA,NA,NA
2025-01-01 10:00:00,111.37,198.12,3.00,12.64,9.16,NA,NA,0.66,40.74,NA,NA,NA,NA,NA,NA,NA,NA,NA,NA,NA,0.00,NA,NA,NA
2025-01-01 11:00:00,102.60,184.33,2.48,10.18,7.43,NA,NA,0.67,51.93,NA,NA,NA,NA,NA,NA,NA,NA,NA,NA,NA,0.00,NA,NA,NA
2025-01-01 12:00:00,109.63,178.86,2.42,11.82,8.25,NA,NA,0.70,54.16,NA,NA,NA,NA,NA,NA,NA,NA,NA,NA,NA,0.00,NA,NA,NA
2025-01-01 13:00:00,136.05,187.23,2.55,12.15,8.53,NA,NA,0.72,58.82,NA,NA,NA,NA,NA,NA,NA,NA,NA,NA,NA,0.00,NA,NA,NA
2025-01-01 14:00:00,135.10,179.28,2.02,11.40,7.70,NA,NA,0.71,72.39,NA,NA,NA,NA,NA,NA,NA,NA,NA,NA,NA,0.00,NA,NA,NA
2025-01-01 15:00:00,131.21,216.65,1.80,11.53,7.60,NA,NA,0.72,74.70,NA,NA,NA,NA,NA,NA,NA,NA,NA,NA,NA,0.00,NA,NA,NA
2025-01-01 16:00:00,125.82,214.74,1.31,11.20,7.02,NA,NA,0.70,68.95,NA,NA,NA,NA,NA,NA,NA,NA,NA,NA,NA,0.00,NA,NA,NA
2025-01-01 17:00:00,128.72,217.98,1.17,13.15,7.95,NA,NA,0.74,48.82,NA,NA,NA,NA,NA,NA,NA,NA,NA,NA,NA,0.00,NA,NA,NA
2025-01-01 18:00:00,128.85,230.96,1.16,12.80,7.75,NA,NA,0.80,24.42,NA,NA,NA,NA,NA,NA,NA,NA,NA,NA,NA,0.00,NA,NA,NA
2025-01-01 19:00:00,143.76,276.24,1.42,11.16,7.09,NA,NA,0.89,9.50,NA,NA,NA,NA,NA,NA,NA,NA,NA,NA,NA,0.00,NA,NA,NA
2025-01-01 20:00:00,162.68,279.68,2.37,10.58,7.55,NA,NA,1.11,6.15,NA,NA,NA,NA,NA,NA,NA,NA,NA,NA,NA,0.00,NA,NA,NA
2025-01-01 21:00:00,188.25,296.07,3.79,14.09,10.58,NA,NA,1.35,7.73,NA,NA,NA,NA,NA,NA,NA,NA,NA,NA,NA,0.00,NA,NA,NA
2025-01-01 22:00:00,156.59,306.90,2.79,15.66,10.60,NA,NA,1.28,7.98,NA,NA,NA,NA,NA,NA,NA,NA,NA,NA,NA,0.00,NA,NA,NA
2025-01-01 23:00:00,151.91,330.90,2.74,13.87,9.61,NA,NA,1.16,9.62,NA,NA,NA,NA,NA,NA,NA,NA,NA,NA,NA,0.00,NA,NA,NA
2025-01-02 00:00:00,142.13,302.66,2.09,13.75,9.01,NA,NA,1.16,5.78,NA,NA,NA,NA,NA,NA,NA,NA,NA,NA,NA,0.00,NA,NA,NA
2025-01-02 01:00:00,140.20,300.00,2.94,11.63,8.57,NA,NA,1.21,6.67,NA,NA,NA,NA,NA,NA,NA,NA,NA,NA,NA,0.00,NA,NA,NA
2025-01-02 02:00:00,134.72,260.63,2.50,12.42,8.64,NA,NA,1.11,8.37,NA,NA,NA,NA,NA,NA,NA,NA,NA,NA,NA,0.00,NA,NA,NA
2025-01-02 03:00:00,115.78,233.56,1.52,11.27,7.23,NA,NA,0.88,17.37,NA,NA,NA,NA,NA,NA,NA,NA,NA,NA,NA,0.00,NA,NA,NA
2025-01-02 04:00:00,92.56,226.70,1.34,8.67,5.70,NA,NA,0.79,29.44,NA,NA,NA,NA,NA,NA,NA,NA,NA,NA,NA,0.00,NA,NA,NA
2025-01-02 05:00:00,75.57,218.28,1.39,8.25,5.52,NA,NA,0.79,30.51,NA,NA,NA,NA,NA,NA,NA,NA,NA,NA,NA,0.00,NA,NA,NA
2025-01-02 06:00:00,75.60,225.18,1.42,9.99,6.46,NA,NA,0.83,22.72,NA,NA,NA,NA,NA,NA,NA,NA,NA,NA,NA,0.00,NA,NA,NA
2025-01-02 07:00:00,70.95,179.33,1.60,11.91,7.64,NA,NA,0.86,16.82,NA,NA,NA,NA,NA,NA,NA,NA,NA,NA,NA,0.00,NA,NA,NA
2025-01-02 08:00:00,76.87,171.30,2.64,14.08,9.63,NA,NA,0.84,16.62,NA,NA,NA,NA,NA,NA,NA,NA,NA,NA,NA,0.00,NA,NA,NA
2025-01-02 09:00:00,81.03,228.00,3.85,14.26,10.71,NA,NA,0.90,15.95,NA,NA,NA,NA,NA,NA,NA,NA,NA,NA,NA,0.00,NA,NA,NA
2025-01-02 10:00:00,111.03,241.28,3.74,13.58,10.26,NA,NA,0.96,22.77,NA,NA,NA,NA,NA,NA,NA,NA,NA,NA,NA,0.00,NA,NA,NA
2025-01-02 11:00:00,141.91,244.61,4.47,15.58,11.92,NA,NA,1.00,36.28,NA,NA,NA,NA,NA,NA,NA,NA,NA,NA,NA,0.00,NA,NA,NA
2025-01-02 12:00:00,145.41,242.58,3.85,14.30,10.73,NA,NA,1.03,47.14,NA,NA,NA,NA,NA,NA,NA,NA,NA,NA,NA,0.00,NA,NA,NA
2025-01-02 13:00:00,169.63,226.71,3.19,13.95,10.01,NA,NA,1.03,57.38,NA,NA,NA,NA,NA,NA,NA,NA,NA,NA,NA,0.00,NA,NA,NA
2025-01-02 14:00:00,155.08,249.03,2.75,13.98,9.67,NA,NA,1.02,68.58,NA,NA,NA,NA,NA,NA,NA,NA,NA,NA,NA,0.00,NA,NA,NA
2025-01-02 15:00:00,147.09,240.31,2.29,15.09,9.89,NA,NA,1.08,69.26,NA,NA,NA,NA,NA,NA,NA,NA,NA,NA,NA,0.00,NA,NA,NA
2025-01-02 16:00:00,147.48,236.20,2.51,21.05,13.24,NA,NA,1.15,57.80,NA,NA,NA,NA,NA,NA,NA,NA,NA,NA,NA,0.00,NA,NA,NA
2025-01-02 17:00:00,170.31,288.78,2.26,26.19,15.77,NA,NA,1.33,36.28,NA,NA,NA,NA,NA,NA,NA,NA,NA,NA,NA,0.00,NA,NA,NA
2025-01-02 18:00:00,195.97,370.57,3.18,25.93,16.37,NA,NA,1.47,9.95,NA,NA,NA,NA,NA,NA,NA,NA,NA,NA,NA,0.00,NA,NA,NA
2025-01-02 19:00:00,222.89,371.49,12.91,22.25,22.32,NA,NA,1.76,5.59,NA,NA,NA,NA,NA,NA,NA,NA,NA,NA,NA,0.00,NA,NA,NA
2025-01-02 20:00:00,205.97,394.21,12.93,19.82,21.07,NA,NA,1.74,5.07,NA,NA,NA,NA,NA,NA,NA,NA,NA,NA,NA,0.00,NA,NA,NA
2025-01-02 21:00:00,175.41,358.93,16.02,16.28,21.68,NA,NA,1.70,4.94,NA,NA,NA,NA,NA,NA,NA,NA,NA,NA,NA,0.00,NA,NA,NA
2025-01-02 22:00:00,161.56,318.13,20.72,15.83,25.26,NA,NA,1.74,5.89,NA,NA,NA,NA,NA,NA,NA,NA,NA,NA,NA,0.00,NA,NA,NA
2025-01-02 23:00:00,159.63,341.80,21.18,12.41,23.82,NA,NA,1.88,5.00,NA,NA,NA,NA,NA,NA,NA,NA,NA,NA,NA,0.00,NA,NA,NA
2025-01-03 00:00:00,212.09,370.29,25.78,10.55,26.57,NA,NA,2.08,6.01,NA,NA,NA,NA,NA,NA,NA,NA,NA,NA,NA,0.00,NA,NA,NA
2025-01-03 01:00:00,224.53,376.37,35.29,10.63,34.34,NA,NA,2.48,6.19,NA,NA,NA,NA,NA,NA,NA,NA,NA,NA,NA,0.00,NA,NA,NA
2025-01-03 02:00:00,175.83,285.21,34.30,12.29,34.43,NA,NA,2.43,5.67,NA,NA,NA,NA,NA,NA,NA,NA,NA,NA,NA,0.00,NA,NA,NA
2025-01-03 03:00:00,180.27,244.28,35.75,9.24,33.98,NA,NA,2.52,6.35,NA,NA,NA,NA,NA,NA,NA,NA,NA,NA,NA,0.00,NA,NA,NA
2025-01-03 04:00:00,171.03,295.63,35.07,8.97,33.27,NA,NA,2.29,4.63,NA,NA,NA,NA,NA,NA,NA,NA,NA,NA,NA,0.00,NA,NA,NA
2025-01-03 05:00:00,150.03,226.11,55.74,9.42,50.31,NA,NA,2.31,4.77,NA,NA,NA,NA,NA,NA,NA,NA,NA,NA,NA,0.00,NA,NA,NA
2025-01-03 06:00:00,133.72,175.04,47.72,12.61,45.52,NA,NA,2.28,5.50,NA,NA,NA,NA,NA,NA,NA,NA,NA,NA,NA,0.00,NA,NA,NA
2025-01-03 07:00:00,105.02,131.23,42.81,15.28,42.94,NA,NA,2.27,6.04,NA,NA,NA,NA,NA,NA,NA,NA,NA,NA,NA,0.00,NA,NA,NA
2025-01-03 08:00:00,122.07,142.69,44.84,14.31,44.07,NA,NA,2.67,6.45,NA,NA,NA,NA,NA,NA,NA,NA,NA,NA,NA,0.00,NA,NA,NA
2025-01-03 09:00:00,156.24,216.48,40.63,18.44,42.86,NA,NA,2.76,6.21,NA,NA,NA,NA,NA,NA,NA,NA,NA,NA,NA,0.00,NA,NA,NA
2025-01-03 10:00:00,119.90,229.36,27.90,22.95,34.90,NA,NA,2.49,6.47,NA,NA,NA,NA,NA,NA,NA,NA,NA,NA,NA,0.00,NA,NA,NA
2025-01-03 11:00:00,189.67,312.09,19.04,33.33,33.22,NA,NA,2.57,9.57,NA,NA,NA,NA,NA,NA,NA,NA,NA,NA,NA,0.00,NA,NA,NA
2025-01-03 12:00:00,302.71,366.33,10.68,53.81,37.31,NA,NA,2.68,41.54,NA,NA,NA,NA,NA,NA,NA,NA,NA,NA,NA,0.00,NA,NA,NA
2025-01-03 13:00:00,324.78,439.94,4.96,55.25,33.42,NA,NA,2.60,101.20,NA,NA,NA,NA,NA,NA,NA,NA,NA,NA,NA,0.00,NA,NA,NA
2025-01-03 14:00:00,257.21,398.16,4.35,68.40,39.92,NA,NA,2.27,124.42,NA,NA,NA,NA,NA,NA,NA,NA,NA,NA,NA,0.00,NA,NA,NA
2025-01-03 15:00:00,216.44,426.75,2.43,50.05,28.60,NA,NA,2.16,156.97,NA,NA,NA,NA,NA,NA,NA,NA,NA,NA,NA,0.00,NA,NA,NA
2025-01-03 16:00:00,273.07,448.53,2.49,43.26,25.04,NA,NA,2.25,154.66,NA,NA,NA,NA,NA,NA,NA,NA,NA,NA,NA,0.00,NA,NA,NA
2025-01-03 17:00:00,284.15,452.28,2.56,37.46,22.01,NA,NA,2.24,89.63,NA,NA,NA,NA,NA,NA,NA,NA,NA,NA,NA,0.00,NA,NA,NA
2025-01-03 18:00:00,255.69,459.75,2.64,34.39,20.44,NA,NA,2.28,36.70,NA,NA,NA,NA,NA,NA,NA,NA,NA,NA,NA,0.00,NA,NA,NA
2025-01-03 19:00:00,246.59,480.13,3.09,26.57,16.64,NA,NA,2.40,10.10,NA,NA,NA,NA,NA,NA,NA,NA,NA,NA,NA,0.00,NA,NA,NA
2025-01-03 20:00:00,247.63,453.36,3.77,21.06,14.27,NA,NA,2.45,5.31,NA,NA,NA,NA,NA,NA,NA,NA,NA,NA,NA,0.00,NA,NA,NA
2025-01-03 21:00:00,237.81,401.37,4.31,17.43,12.78,NA,NA,2.43,5.13,NA,NA,NA,NA,NA,NA,NA,NA,NA,NA,NA,0.00,NA,NA,NA
2025-01-03 22:00:00,216.16,421.14,11.13,18.04,18.63,NA,NA,2.74,6.84,NA,NA,NA,NA,NA,NA,NA,NA,NA,NA,NA,0.00,NA,NA,NA
2025-01-03 23:00:00,208.88,402.79,23.20,16.12,27.43,NA,NA,2.90,5.08,NA,NA,NA,NA,NA,NA,NA,NA,NA,NA,NA,0.00,NA,NA,NA
2025-01-04 00:00:00,174.19,275.78,29.61,15.63,32.37,NA,NA,3.23,5.83,NA,NA,NA,NA,NA,NA,NA,NA,NA,NA,NA,0.00,NA,NA,NA
2025-01-04 01:00:00,210.12,289.89,36.01,17.61,38.65,NA,NA,3.53,5.58,NA,NA,NA,NA,NA,NA,NA,NA,NA,NA,NA,0.00,NA,NA,NA
2025-01-04 02:00:00,182.52,218.06,37.56,18.92,40.60,NA,NA,3.68,6.10,NA,NA,NA,NA,NA,NA,NA,NA,NA,NA,NA,0.00,NA,NA,NA
2025-01-04 03:00:00,154.73,192.97,44.64,17.50,45.60,NA,NA,3.96,5.83,NA,NA,NA,NA,NA,NA,NA,NA,NA,NA,NA,0.00,NA,NA,NA
2025-01-04 04:00:00,156.17,195.21,54.04,16.76,52.84,NA,NA,4.64,6.72,NA,NA,NA,NA,NA,NA,NA,NA,NA,NA,NA,0.00,NA,NA,NA
2025-01-04 05:00:00,151.83,237.55,51.04,15.23,49.62,NA,NA,4.29,5.22,NA,NA,NA,NA,NA,NA,NA,NA,NA,NA,NA,0.00,NA,NA,NA
2025-01-04 06:00:00,141.77,164.93,39.58,17.04,41.25,NA,NA,3.68,4.71,NA,NA,NA,NA,NA,NA,NA,NA,NA,NA,NA,0.00,NA,NA,NA
2025-01-04 07:00:00,121.14,135.66,41.46,15.81,42.11,NA,NA,3.46,4.77,NA,NA,NA,NA,NA,NA,NA,NA,NA,NA,NA,0.00,NA,NA,NA
2025-01-04 08:00:00,105.29,135.73,59.09,14.87,55.92,NA,NA,3.70,5.25,NA,NA,NA,NA,NA,NA,NA,NA,NA,NA,NA,0.00,NA,NA,NA
2025-01-04 09:00:00,125.24,174.95,56.56,19.47,56.37,NA,NA,4.57,6.39,NA,NA,NA,NA,NA,NA,NA,NA,NA,NA,NA,0.00,NA,NA,NA
2025-01-04 10:00:00,155.81,270.37,39.53,28.42,47.26,NA,NA,4.68,6.84,NA,NA,NA,NA,NA,NA,NA,NA,NA,NA,NA,0.00,NA,NA,NA
2025-01-04 11:00:00,192.52,361.63,32.40,46.85,51.27,NA,NA,5.23,9.50,NA,NA,NA,NA,NA,NA,NA,NA,NA,NA,NA,0.00,NA,NA,NA
2025-01-04 12:00:00,424.86,591.53,20.95,71.89,55.28,NA,NA,5.95,24.98,NA,NA,NA,NA,NA,NA,NA,NA,NA,NA,NA,0.00,NA,NA,NA
2025-01-04 13:00:00,453.51,638.20,8.66,63.59,40.86,NA,NA,4.76,88.95,NA,NA,NA,NA,NA,NA,NA,NA,NA,NA,NA,0.00,NA,NA,NA
2025-01-04 14:00:00,334.13,493.37,50.99,35.66,45.73,NA,NA,3.64,109.21,NA,NA,NA,NA,NA,NA,NA,NA,NA,NA,NA,0.00,NA,NA,NA
2025-01-04 15:00:00,29.07,41.83,4.29,34.46,21.82,NA,NA,3.45,105.46,NA,NA,NA,NA,NA,NA,NA,NA,NA,NA,NA,0.00,NA,NA,NA
2025-01-04 16:00:00,87.74,147.20,3.89,35.83,22.22,NA,NA,3.53,79.88,NA,NA,NA,NA,NA,NA,NA,NA,NA,NA,NA,0.00,NA,NA,NA
2025-01-04 17:00:00,177.31,271.03,3.63,31.94,19.94,NA,NA,3.46,42.69,NA,NA,NA,NA,NA,NA,NA,NA,NA,NA,NA,0.00,NA,NA,NA
2025-01-04 18:00:00,158.76,231.79,3.35,24.34,15.67,NA,NA,3.16,21.96,NA,NA,NA,NA,NA,NA,NA,NA,NA,NA,NA,0.00,NA,NA,NA
2025-01-04 19:00:00,153.50,280.25,3.52,28.36,17.95,NA,NA,3.11,16.39,NA,NA,NA,NA,NA,NA,NA,NA,NA,NA,NA,0.00,NA,NA,NA
2025-01-04 20:00:00,159.86,288.75,3.28,22.21,14.48,NA,NA,2.56,21.93,NA,NA,NA,NA,NA,NA,NA,NA,NA,NA,NA,0.00,NA,NA,NA
2025-01-04 21:00:00,120.89,251.40,3.17,18.18,12.25,NA,NA,2.15,26.13,NA,NA,NA,NA,NA,NA,NA,NA,NA,NA,NA,0.00,NA,NA,NA
2025-01-04 22:00:00,123.34,243.22,3.03,16.68,11.34,NA,NA,2.02,25.19,NA,NA,NA,NA,NA,NA,NA,NA,NA,NA,NA,0.00,NA,NA,NA
2025-01-04 23:00:00,142.67,221.86,2.91,15.05,10.37,NA,NA,1.89,25.54,NA,NA,NA,NA,NA,NA,NA,NA,NA,NA,NA,0.00,NA,NA,NA
2025-01-05 00:00:00,NA,NA,NA,NA,NA,NA,NA,NA,NA,NA,NA,NA,NA,NA,NA,NA,NA,NA,NA,NA,0.00,NA,NA,NA
2025-01-05 01:00:00,85.91,130.54,78.86,8.99,57.94,NA,NA,2.43,25.08,NA,NA,NA,NA,NA,NA,NA,NA,NA,NA,NA,0.00,NA,NA,NA
2025-01-05 02:00:00,NA,NA,2.98,11.28,8.42,NA,NA,1.81,27.38,NA,NA,NA,NA,NA,NA,NA,NA,NA,NA,NA,0.00,NA,NA,NA
2025-01-05 03:00:00,NA,41.48,2.78,12.57,8.95,NA,NA,1.63,21.00,NA,NA,NA,NA,NA,NA,NA,NA,NA,NA,NA,0.00,NA,NA,NA
2025-01-05 04:00:00,0.85,55.09,2.67,13.10,9.14,NA,NA,1.49,17.05,NA,NA,NA,NA,NA,NA,NA,NA,NA,NA,NA,0.00,NA,NA,NA
2025-01-05 05:00:00,7.75,48.97,2.66,12.78,8.96,NA,NA,1.44,14.87,NA,NA,NA,NA,NA,NA,NA,NA,NA,NA,NA,0.00,NA,NA,NA
2025-01-05 06:00:00,7.87,48.41,2.62,11.44,8.21,NA,NA,1.31,13.68,NA,NA,NA,NA,NA,NA,NA,NA,NA,NA,NA,0.00,NA,NA,NA
2025-01-05 07:00:00,20.71,46.11,2.95,11.81,8.68,NA,NA,1.29,9.74,NA,NA,NA,NA,NA,NA,NA,NA,NA,NA,NA,0.00,NA,NA,NA
2025-01-05 08:00:00,32.75,72.88,4.92,11.30,10.01,NA,NA,1.35,8.55,NA,NA,NA,NA,NA,NA,NA,NA,NA,NA,NA,0.00,NA,NA,NA
2025-01-05 09:00:00,38.90,72.60,5.09,9.45,9.17,NA,NA,1.23,9.59,NA,NA,NA,NA,NA,NA,NA,NA,NA,NA,NA,0.00,NA,NA,NA
2025-01-05 10:00:00,50.81,90.33,4.60,8.76,8.41,NA,NA,1.18,13.22,NA,NA,NA,NA,NA,NA,NA,NA,NA,NA,NA,0.00,NA,NA,NA
2025-01-05 11:00:00,76.68,126.74,5.73,11.85,10.96,NA,NA,1.19,16.63,NA,NA,NA,NA,NA,NA,NA,NA,NA,NA,NA,0.00,NA,NA,NA
2025-01-05 12:00:00,120.41,182.92,6.62,15.61,13.68,NA,NA,1.17,27.58,NA,NA,NA,NA,NA,NA,NA,NA,NA,NA,NA,0.00,NA,NA,NA
2025-01-05 13:00:00,134.69,146.86,4.33,11.22,9.49,NA,NA,1.14,42.26,NA,NA,NA,NA,NA,NA,NA,NA,NA,NA,NA,0.00,NA,NA,NA
2025-01-05 14:00:00,146.68,166.72,4.46,15.01,11.61,NA,NA,1.18,52.90,NA,NA,NA,NA,NA,NA,NA,NA,NA,NA,NA,0.00,NA,NA,NA
2025-01-05 15:00:00,188.02,246.72,4.27,19.90,14.05,NA,NA,1.26,57.14,NA,NA,NA,NA,NA,NA,NA,NA,NA,NA,NA,0.00,NA,NA,NA
2025-01-05 16:00:00,202.50,339.83,3.07,19.24,12.73,NA,NA,1.32,58.88,NA,NA,NA,NA,NA,NA,NA,NA,NA,NA,NA,0.00,NA,NA,NA
2025-01-05 17:00:00,162.61,268.98,2.30,13.69,9.15,NA,NA,1.29,40.81,NA,NA,NA,NA,NA,NA,NA,NA,NA,NA,NA,0.00,NA,NA,NA
2025-01-05 18:00:00,123.01,183.32,2.10,10.79,7.45,NA,NA,1.25,20.57,NA,NA,NA,NA,NA,NA,NA,NA,NA,NA,NA,0.00,NA,NA,NA
2025-01-05 19:00:00,130.62,188.08,2.37,11.84,8.22,NA,NA,1.36,12.27,NA,NA,NA,NA,NA,NA,NA,NA,NA,NA,NA,0.00,NA,NA,NA
2025-01-05 20:00:00,147.16,242.23,2.64,8.43,6.63,NA,NA,1.44,9.96,NA,NA,NA,NA,NA,NA,NA,NA,NA,NA,NA,0.00,NA,NA,NA
2025-01-05 21:00:00,124.20,211.59,2.38,6.37,5.33,NA,NA,1.29,15.75,NA,NA,NA,NA,NA,NA,NA,NA,NA,NA,NA,0.00,NA,NA,NA
2025-01-05 22:00:00,85.62,173.10,2.25,6.82,5.45,NA,NA,1.22,20.67,NA,NA,NA,NA,NA,NA,NA,NA,NA,NA,NA,0.00,NA,NA,NA
2025-01-05 23:00:00,88.46,177.83,2.86,8.24,6.71,NA,NA,1.34,8.90,NA,NA,NA,NA,NA,NA,NA,NA,NA,NA,NA,0.00,NA,NA,NA
2025-01-06 00:00:00,95.94,204.14,2.75,5.94,5.39,NA,NA,1.25,10.35,NA,NA,NA,NA,NA,NA,NA,NA,NA,NA,NA,0.00,NA,NA,NA
2025-01-06 01:00:00,62.20,156.15,2.20,5.36,4.64,NA,NA,1.17,24.96,NA,NA,NA,NA,NA,NA,NA,NA,NA,NA,NA,0.00,NA,NA,NA
2025-01-06 02:00:00,55.53,114.14,2.15,4.68,4.24,NA,NA,1.15,31.15,NA,NA,NA,NA,NA,NA,NA,NA,NA,NA,NA,0.00,NA,NA,NA
2025-01-06 03:00:00,63.22,123.98,2.12,6.64,5.26,NA,NA,1.21,25.44,NA,NA,NA,NA,NA,NA,NA,NA,NA,NA,NA,0.00,NA,NA,NA
2025-01-06 04:00:00,84.46,158.21,2.19,9.73,6.95,NA,NA,1.37,14.14,NA,NA,NA,NA,NA,NA,NA,NA,NA,NA,NA,0.00,NA,NA,NA
2025-01-06 05:00:00,89.52,160.32,2.21,9.17,6.68,NA,NA,1.35,14.24,NA,NA,NA,NA,NA,NA,NA,NA,NA,NA,NA,0.00,NA,NA,NA
2025-01-06 06:00:00,100.93,146.73,2.16,8.50,6.28,NA,NA,1.30,17.24,NA,NA,NA,NA,NA,NA,NA,NA,NA,NA,NA,0.00,NA,NA,NA
2025-01-06 07:00:00,95.39,162.57,2.08,7.21,5.53,NA,NA,1.17,26.23,NA,NA,NA,NA,NA,NA,NA,NA,NA,NA,NA,0.00,NA,NA,NA
2025-01-06 08:00:00,86.57,185.88,2.97,9.38,7.40,NA,NA,1.25,15.12,NA,NA,NA,NA,NA,NA,NA,NA,NA,NA,NA,0.00,NA,NA,NA
2025-01-06 09:00:00,101.52,199.68,3.94,11.40,9.27,NA,NA,1.24,13.22,NA,NA,NA,NA,NA,NA,NA,NA,NA,NA,NA,0.00,NA,NA,NA
2025-01-06 10:00:00,114.14,204.28,4.53,14.63,11.47,NA,NA,1.18,21.12,NA,NA,NA,NA,NA,NA,NA,NA,NA,NA,NA,0.00,NA,NA,NA
2025-01-06 11:00:00,123.36,188.64,4.10,13.15,10.32,NA,NA,1.19,35.75,NA,NA,NA,NA,NA,NA,NA,NA,NA,NA,NA,0.00,NA,NA,NA
2025-01-06 12:00:00,129.99,224.50,4.86,18.87,14.00,NA,NA,1.35,44.83,NA,NA,NA,NA,NA,NA,NA,NA,NA,NA,NA,0.00,NA,NA,NA
2025-01-06 13:00:00,168.42,273.66,4.56,22.11,15.47,NA,NA,1.39,53.42,NA,NA,NA,NA,NA,NA,NA,NA,NA,NA,NA,0.00,NA,NA,NA
2025-01-06 14:00:00,132.69,196.51,3.93,18.98,13.28,NA,NA,1.28,54.70,NA,NA,NA,NA,NA,NA,NA,NA,NA,NA,NA,0.00,NA,NA,NA
2025-01-06 15:00:00,102.68,160.11,3.18,16.75,11.49,NA,NA,1.23,56.16,NA,NA,NA,NA,NA,NA,NA,NA,NA,NA,NA,0.00,NA,NA,NA
2025-01-06 16:00:00,119.35,182.64,2.78,17.29,11.46,NA,NA,1.25,47.41,NA,NA,NA,NA,NA,NA,NA,NA,NA,NA,NA,0.00,NA,NA,NA
2025-01-06 17:00:00,120.87,213.74,2.19,16.35,10.47,NA,NA,1.23,48.19,NA,NA,NA,NA,NA,NA,NA,NA,NA,NA,NA,0.00,NA,NA,NA
2025-01-06 18:00:00,113.86,222.27,3.71,14.71,9.55,NA,NA,1.28,41.39,NA,NA,NA,NA,NA,NA,NA,NA,NA,NA,NA,0.00,NA,NA,NA
2025-01-06 19:00:00,122.65,253.21,2.38,14.22,9.50,NA,NA,1.31,39.69,NA,NA,NA,NA,NA,NA,NA,NA,NA,NA,NA,0.00,NA,NA,NA
2025-01-06 20:00:00,144.95,285.80,2.42,15.10,10.00,NA,NA,1.30,33.37,NA,NA,NA,NA,NA,NA,NA,NA,NA,NA,NA,0.00,NA,NA,NA
2025-01-06 21:00:00,134.22,273.82,2.33,11.25,7.88,NA,NA,1.21,42.67,NA,NA,NA,NA,NA,NA,NA,NA,NA,NA,NA,0.00,NA,NA,NA
2025-01-06 22:00:00,111.55,229.68,2.39,10.15,7.34,NA,NA,1.19,39.09,NA,NA,NA,NA,NA,NA,NA,NA,NA,NA,NA,0.00,NA,NA,NA
2025-01-06 23:00:00,86.64,222.40,2.38,8.75,6.59,NA,NA,1.22,39.40,NA,NA,NA,NA,NA,NA,NA,NA,NA,NA,NA,0.00,NA,NA,NA
2025-01-07 00:00:00,77.81,180.25,2.36,7.76,6.05,NA,NA,1.16,40.20,NA,NA,NA,NA,NA,NA,NA,NA,NA,NA,NA,0.00,NA,NA,NA
2025-01-07 01:00:00,65.63,174.31,2.38,7.73,6.04,NA,NA,1.11,35.92,NA,NA,NA,NA,NA,NA,NA,NA,NA,NA,NA,0.00,NA,NA,NA
2025-01-07 02:00:00,64.94,187.72,2.31,5.95,5.05,NA,NA,1.09,37.53,NA,NA,NA,NA,NA,NA,NA,NA,NA,NA,NA,0.00,NA,NA,NA
2025-01-07 03:00:00,58.62,181.00,2.28,5.53,4.80,NA,NA,1.03,38.29,NA,NA,NA,NA,NA,NA,NA,NA,NA,NA,NA,0.00,NA,NA,NA
2025-01-07 04:00:00,43.74,155.57,2.26,5.39,4.71,NA,NA,1.01,38.89,NA,NA,NA,NA,NA,NA,NA,NA,NA,NA,NA,0.00,NA,NA,NA
2025-01-07 05:00:00,49.42,162.47,2.20,4.78,4.34,NA,NA,1.00,44.71,NA,NA,NA,NA,NA,NA,NA,NA,NA,NA,NA,0.00,NA,NA,NA
2025-01-07 06:00:00,57.94,157.33,2.20,5.34,4.63,NA,NA,0.93,42.34,NA,NA,NA,NA,NA,NA,NA,NA,NA,NA,NA,0.00,NA,NA,NA
2025-01-07 07:00:00,82.77,204.55,2.37,7.70,6.02,NA,NA,0.95,41.47,NA,NA,NA,NA,NA,NA,NA,NA,NA,NA,NA,0.00,NA,NA,NA
2025-01-07 08:00:00,110.24,249.96,2.23,5.23,4.60,NA,NA,1.03,58.17,NA,NA,NA,NA,NA,NA,NA,NA,NA,NA,NA,0.00,NA,NA,NA
2025-01-07 09:00:00,143.79,261.60,2.38,5.58,4.91,NA,NA,1.03,55.64,NA,NA,NA,NA,NA,NA,NA,NA,NA,NA,NA,0.00,NA,NA,NA
2025-01-07 10:00:00,142.73,277.52,2.64,8.21,6.51,NA,NA,1.04,50.47,NA,NA,NA,NA,NA,NA,NA,NA,NA,NA,NA,0.00,NA,NA,NA
2025-01-07 11:00:00,152.16,309.81,2.88,9.27,7.27,NA,NA,1.05,45.36,NA,NA,NA,NA,NA,NA,NA,NA,NA,NA,NA,0.00,NA,NA,NA
2025-01-07 12:00:00,172.81,307.41,2.53,8.92,6.80,NA,NA,1.03,49.63,NA,NA,NA,NA,NA,NA,NA,NA,NA,NA,NA,0.00,NA,NA,NA
2025-01-07 13:00:00,163.71,238.25,2.33,6.25,5.22,NA,NA,0.97,60.83,NA,NA,NA,NA,NA,NA,NA,NA,NA,NA,NA,0.00,NA,NA,NA
2025-01-07 14:00:00,158.30,247.45,2.62,6.97,5.84,NA,NA,0.97,68.03,NA,NA,NA,NA,NA,NA,NA,NA,NA,NA,NA,0.00,NA,NA,NA
2025-01-07 15:00:00,145.09,269.91,2.62,7.81,6.28,NA,NA,0.98,73.52,NA,NA,NA,NA,NA,NA,NA,NA,NA,NA,NA,0.00,NA,NA,NA
2025-01-07 16:00:00,120.81,234.57,2.18,8.28,6.17,NA,NA,0.96,75.71,NA,NA,NA,NA,NA,NA,NA,NA,NA,NA,NA,0.00,NA,NA,NA
2025-01-07 17:00:00,128.51,230.86,2.02,10.18,7.06,NA,NA,1.02,61.52,NA,NA,NA,NA,NA,NA,NA,NA,NA,NA,NA,0.00,NA,NA,NA
2025-01-07 18:00:00,132.92,266.92,2.34,12.85,8.74,NA,NA,1.17,27.20,NA,NA,NA,NA,NA,NA,NA,NA,NA,NA,NA,0.00,NA,NA,NA
2025-01-07 19:00:00,132.04,305.89,2.48,18.08,11.63,NA,NA,1.45,9.36,NA,NA,NA,NA,NA,NA,NA,NA,NA,NA,NA,0.00,NA,NA,NA
2025-01-07 20:00:00,187.79,319.96,9.00,15.08,15.33,NA,NA,1.63,4.94,NA,NA,NA,NA,NA,NA,NA,NA,NA,NA,NA,0.00,NA,NA,NA
2025-01-07 21:00:00,179.77,344.75,12.11,9.61,14.97,NA,NA,1.70,4.97,NA,NA,NA,NA,NA,NA,NA,NA,NA,NA,NA,0.00,NA,NA,NA
2025-01-07 22:00:00,187.61,361.40,18.17,9.05,19.58,NA,NA,1.93,5.14,NA,NA,NA,NA,NA,NA,NA,NA,NA,NA,NA,0.00,NA,NA,NA
2025-01-07 23:00:00,169.97,326.06,23.11,7.45,22.74,NA,NA,2.10,5.81,NA,NA,NA,NA,NA,NA,NA,NA,NA,NA,NA,0.00,NA,NA,NA
2025-01-08 00:00:00,138.76,246.99,16.72,12.29,20.15,NA,NA,2.00,5.09,NA,NA,NA,NA,NA,NA,NA,NA,NA,NA,NA,0.00,NA,NA,NA
2025-01-08 01:00:00,155.72,272.32,8.49,19.18,17.11,NA,NA,1.79,10.19,NA,NA,NA,NA,NA,NA,NA,NA,NA,NA,NA,0.00,NA,NA,NA
2025-01-08 02:00:00,124.32,210.94,2.64,18.26,11.86,NA,NA,1.20,28.81,NA,NA,NA,NA,NA,NA,NA,NA,NA,NA,NA,0.00,NA,NA,NA
2025-01-08 03:00:00,104.17,173.12,2.22,11.72,8.04,NA,NA,1.09,43.06,NA,NA,NA,NA,NA,NA,NA,NA,NA,NA,NA,0.00,NA,NA,NA
2025-01-08 04:00:00,81.68,151.00,2.12,9.81,6.95,NA,NA,1.03,49.43,NA,NA,NA,NA,NA,NA,NA,NA,NA,NA,NA,0.00,NA,NA,NA
2025-01-08 05:00:00,77.97,130.89,2.15,11.00,7.59,NA,NA,1.02,35.55,NA,NA,NA,NA,NA,NA,NA,NA,NA,NA,NA,0.00,NA,NA,NA
2025-01-08 06:00:00,77.68,152.71,2.10,12.79,8.51,NA,NA,0.99,36.81,NA,NA,NA,NA,NA,NA,NA,NA,NA,NA,NA,0.00,NA,NA,NA
2025-01-08 07:00:00,80.14,166.06,2.32,12.39,8.48,NA,NA,1.00,31.26,NA,NA,NA,NA,NA,NA,NA,NA,NA,NA,NA,0.00,NA,NA,NA
2025-01-08 08:00:00,76.79,158.01,3.29,14.22,10.23,NA,NA,1.06,31.14,NA,NA,NA,NA,NA,NA,NA,NA,NA,NA,NA,0.00,NA,NA,NA
2025-01-08 09:00:00,87.13,173.66,3.75,18.04,12.65,NA,NA,1.07,46.14,NA,NA,NA,NA,NA,NA,NA,NA,NA,NA,NA,0.00,NA,NA,NA
2025-01-08 10:00:00,76.35,180.88,3.50,19.93,13.45,NA,NA,0.97,64.19,NA,NA,NA,NA,NA,NA,NA,NA,NA,NA,NA,0.00,NA,NA,NA
2025-01-08 11:00:00,63.86,198.89,2.97,14.25,10.00,NA,NA,0.81,81.28,NA,NA,NA,NA,NA,NA,NA,NA,NA,NA,NA,0.00,NA,NA,NA
2025-01-08 12:00:00,64.76,184.98,2.56,9.86,7.33,NA,NA,0.68,88.81,NA,NA,NA,NA,NA,NA,NA,NA,NA,NA,NA,0.00,NA,NA,NA
2025-01-08 13:00:00,62.59,137.52,2.52,10.64,7.71,NA,NA,0.67,88.81,NA,NA,NA,NA,NA,NA,NA,NA,NA,NA,NA,0.00,NA,NA,NA
2025-01-08 14:00:00,58.62,129.66,2.05,8.24,6.04,NA,NA,0.67,88.81,NA,NA,NA,NA,NA,NA,NA,NA,NA,NA,NA,0.00,NA,NA,NA
2025-01-08 15:00:00,61.20,114.32,1.84,5.12,4.22,NA,NA,0.65,88.81,NA,NA,NA,NA,NA,NA,NA,NA,NA,NA,NA,0.00,NA,NA,NA
2025-01-08 16:00:00,53.75,115.43,1.83,5.45,4.39,NA,NA,0.64,88.81,NA,NA,NA,NA,NA,NA,NA,NA,NA,NA,NA,0.00,NA,NA,NA
2025-01-08 17:00:00,63.44,124.37,1.77,8.19,5.79,NA,NA,0.70,88.81,NA,NA,NA,NA,NA,NA,NA,NA,NA,NA,NA,0.00,NA,NA,NA
2025-01-08 18:00:00,76.92,140.09,2.02,11.76,7.89,NA,NA,0.74,88.81,NA,NA,NA,NA,NA,NA,NA,NA,NA,NA,NA,0.00,NA,NA,NA
2025-01-08 19:00:00,94.17,213.29,2.23,26.15,15.72,NA,NA,0.88,88.81,NA,NA,NA,NA,NA,NA,NA,NA,NA,NA,NA,0.00,NA,NA,NA
2025-01-08 20:00:00,121.21,269.66,5.87,30.87,21.19,NA,NA,1.21,88.81,NA,NA,NA,NA,NA,NA,NA,NA,NA,NA,NA,0.00,NA,NA,NA
2025-01-08 21:00:00,153.76,276.77,4.31,19.31,13.78,NA,NA,1.21,88.81,NA,NA,NA,NA,NA,NA,NA,NA,NA,NA,NA,0.00,NA,NA,NA
2025-01-08 22:00:00,157.65,279.64,11.33,21.19,20.47,NA,NA,1.56,88.81,NA,NA,NA,NA,NA,NA,NA,NA,NA,NA,NA,0.00,NA,NA,NA
2025-01-08 23:00:00,171.69,339.84,17.52,16.23,22.87,NA,NA,1.84,88.81,NA,NA,NA,NA,NA,NA,NA,NA,NA,NA,NA,0.00,NA,NA,NA
2025-01-09 00:00:00,254.89,418.18,29.91,22.03,36.05,NA,NA,2.14,88.81,NA,NA,NA,NA,NA,NA,NA,NA,NA,NA,NA,0.00,NA,NA,NA
2025-01-09 01:00:00,121.46,242.62,7.18,13.54,13.05,NA,NA,1.29,88.81,NA,NA,NA,NA,NA,NA,NA,NA,NA,NA,NA,0.00,NA,NA,NA
2025-01-09 02:00:00,92.83,164.60,4.07,11.37,9.36,NA,NA,1.19,88.81,NA,NA,NA,NA,NA,NA,NA,NA,NA,NA,NA,0.00,NA,NA,NA
2025-01-09 03:00:00,94.80,145.50,5.61,10.27,10.02,NA,NA,1.17,88.81,NA,NA,NA,NA,NA,NA,NA,NA,NA,NA,NA,0.00,NA,NA,NA
2025-01-09 04:00:00,98.74,160.12,8.84,9.20,12.08,NA,NA,1.22,88.81,NA,NA,NA,NA,NA,NA,NA,NA,NA,NA,NA,0.00,NA,NA,NA
2025-01-09 05:00:00,112.64,168.20,10.00,7.62,12.18,NA,NA,1.25,88.81,NA,NA,NA,NA,NA,NA,NA,NA,NA,NA,NA,0.00,NA,NA,NA
2025-01-09 06:00:00,102.38,167.99,10.95,7.90,13.10,NA,NA,1.24,88.81,NA,NA,NA,NA,NA,NA,NA,NA,NA,NA,NA,0.00,NA,NA,NA
2025-01-09 07:00:00,112.85,178.65,8.83,7.61,11.23,NA,NA,1.19,88.81,NA,NA,NA,NA,NA,NA,NA,NA,NA,NA,NA,0.00,NA,NA,NA
2025-01-09 08:00:00,108.19,143.73,9.47,6.02,10.90,NA,NA,1.21,88.81,NA,NA,NA,NA,NA,NA,NA,NA,NA,NA,NA,0.00,NA,NA,NA
2025-01-09 09:00:00,114.69,194.55,11.76,25.94,23.36,NA,NA,1.42,88.81,NA,NA,NA,NA,NA,NA,NA,NA,NA,NA,NA,0.00,NA,NA,NA
2025-01-09 10:00:00,112.76,207.20,3.80,29.28,18.67,NA,NA,1.06,88.81,NA,NA,NA,NA,NA,NA,NA,NA,NA,NA,NA,0.00,NA,NA,NA
2025-01-09 11:00:00,67.50,141.58,2.30,11.49,7.98,NA,NA,0.81,88.81,NA,NA,NA,NA,NA,NA,NA,NA,NA,NA,NA,0.00,NA,NA,NA
2025-01-09 12:00:00,60.22,165.18,2.10,13.67,8.98,NA,NA,0.93,88.81,NA,NA,NA,NA,NA,NA,NA,NA,NA,NA,NA,0.00,NA,NA,NA
2025-01-09 13:00:00,120.71,205.26,1.99,15.09,9.64,NA,NA,1.00,88.81,NA,NA,NA,NA,NA,NA,NA,NA,NA,NA,NA,0.00,NA,NA,NA
2025-01-09 14:00:00,168.63,301.91,2.03,21.77,13.23,NA,NA,1.40,88.81,NA,NA,NA,NA,NA,NA,NA,NA,NA,NA,NA,0.00,NA,NA,NA
2025-01-09 15:00:00,271.24,420.59,2.21,27.38,16.36,NA,NA,1.82,88.81,NA,NA,NA,NA,NA,NA,NA,NA,NA,NA,NA,0.00,NA,NA,NA
2025-01-09 16:00:00,257.84,472.19,2.21,24.17,14.65,NA,NA,1.69,88.81,NA,NA,NA,NA,NA,NA,NA,NA,NA,NA,NA,0.00,NA,NA,NA
2025-01-09 17:00:00,244.36,414.93,2.18,22.16,13.56,NA,NA,1.62,88.81,NA,NA,NA,NA,NA,NA,NA,NA,NA,NA,NA,0.00,NA,NA,NA
2025-01-09 18:00:00,277.51,409.32,2.34,17.78,11.36,NA,NA,1.56,88.81,NA,NA,NA,NA,NA,NA,NA,NA,NA,NA,NA,0.00,NA,NA,NA
2025-01-09 19:00:00,235.00,360.28,2.74,15.02,10.22,NA,NA,1.49,88.81,NA,NA,NA,NA,NA,NA,NA,NA,NA,NA,NA,0.00,NA,NA,NA
2025-01-09 20:00:00,206.38,343.13,2.51,13.88,9.42,NA,NA,1.54,88.81,NA,NA,NA,NA,NA,NA,NA,NA,NA,NA,NA,0.00,NA,NA,NA
2025-01-09 21:00:00,208.37,385.81,3.08,11.62,8.68,NA,NA,1.66,88.81,NA,NA,NA,NA,NA,NA,NA,NA,NA,NA,NA,0.00,NA,NA,NA
2025-01-09 22:00:00,311.24,437.27,11.23,10.49,14.70,NA,NA,2.36,88.81,NA,NA,NA,NA,NA,NA,NA,NA,NA,NA,NA,0.00,NA,NA,NA
2025-01-09 23:00:00,339.45,507.27,10.14,9.96,13.55,NA,NA,2.67,88.81,NA,NA,NA,NA,NA,NA,NA,NA,NA,NA,NA,0.00,NA,NA,NA
2025-01-10 00:00:00,281.06,457.04,7.31,11.31,11.96,NA,NA,2.34,88.81,NA,NA,NA,NA,NA,NA,NA,NA,NA,NA,NA,0.00,NA,NA,NA
2025-01-10 01:00:00,257.88,404.25,6.31,8.35,9.57,NA,NA,2.19,88.81,NA,NA,NA,NA,NA,NA,NA,NA,NA,NA,NA,0.00,NA,NA,NA
2025-01-10 02:00:00,233.66,341.85,5.81,8.62,9.31,NA,NA,2.20,88.81,NA,NA,NA,NA,NA,NA,NA,NA,NA,NA,NA,0.00,NA,NA,NA
2025-01-10 03:00:00,168.74,269.94,4.65,6.93,7.47,NA,NA,2.01,88.81,NA,NA,NA,NA,NA,NA,NA,NA,NA,NA,NA,0.00,NA,NA,NA
2025-01-10 04:00:00,130.47,246.24,3.53,7.32,6.77,NA,NA,1.98,88.81,NA,NA,NA,NA,NA,NA,NA,NA,NA,NA,NA,0.00,NA,NA,NA
2025-01-10 05:00:00,132.79,254.38,2.78,12.90,9.12,NA,NA,1.79,88.81,NA,NA,NA,NA,NA,NA,NA,NA,NA,NA,NA,0.00,NA,NA,NA
2025-01-10 06:00:00,110.14,169.63,2.47,9.17,6.88,NA,NA,1.55,88.81,NA,NA,NA,NA,NA,NA,NA,NA,NA,NA,NA,0.00,NA,NA,NA
2025-01-10 07:00:00,103.64,114.68,2.47,8.35,6.46,NA,NA,1.48,88.81,NA,NA,NA,NA,NA,NA,NA,NA,NA,NA,NA,0.00,NA,NA,NA
2025-01-10 08:00:00,92.07,116.25,2.66,7.36,6.08,NA,NA,1.39,88.81,NA,NA,NA,NA,NA,NA,NA,NA,NA,NA,NA,0.00,NA,NA,NA
2025-01-10 09:00:00,89.90,147.66,2.99,7.80,6.58,NA,NA,1.40,88.81,NA,NA,NA,NA,NA,NA,NA,NA,NA,NA,NA,0.00,NA,NA,NA
2025-01-10 10:00:00,100.31,201.91,3.60,10.74,8.64,NA,NA,1.47,88.81,NA,NA,NA,NA,NA,NA,NA,NA,NA,NA,NA,0.00,NA,NA,NA
2025-01-10 11:00:00,155.63,293.04,4.60,18.24,13.44,NA,NA,1.73,NA,NA,NA,NA,NA,NA,NA,NA,NA,NA,NA,NA,0.00,NA,NA,NA
2025-01-10 12:00:00,231.82,385.37,5.33,24.21,17.21,NA,NA,1.88,16.27,NA,NA,NA,NA,NA,NA,NA,NA,NA,NA,NA,0.00,NA,NA,NA
2025-01-10 13:00:00,262.36,416.31,4.32,23.59,16.06,NA,NA,1.80,39.57,NA,NA,NA,NA,NA,NA,NA,NA,NA,NA,NA,0.00,NA,NA,NA
2025-01-10 14:00:00,242.65,373.81,3.33,22.20,14.52,NA,NA,1.72,86.57,NA,NA,NA,NA,NA,NA,NA,NA,NA,NA,NA,0.00,NA,NA,NA
2025-01-10 15:00:00,206.48,386.42,2.86,20.11,13.02,NA,NA,1.66,100.71,NA,NA,NA,NA,NA,NA,NA,NA,NA,NA,NA,0.00,NA,NA,NA
2025-01-10 16:00:00,165.75,333.84,2.69,18.17,11.85,NA,NA,1.56,57.02,NA,NA,NA,NA,NA,NA,NA,NA,NA,NA,NA,0.00,NA,NA,NA
2025-01-10 17:00:00,207.57,318.81,2.52,16.19,10.66,NA,NA,1.49,40.42,NA,NA,NA,NA,NA,NA,NA,NA,NA,NA,NA,0.00,NA,NA,NA
2025-01-10 18:00:00,185.20,286.11,2.44,11.23,7.95,NA,NA,1.49,22.60,NA,NA,NA,NA,NA,NA,NA,NA,NA,NA,NA,0.00,NA,NA,NA
2025-01-10 19:00:00,165.32,275.21,3.13,8.05,6.83,NA,NA,1.46,7.62,NA,NA,NA,NA,NA,NA,NA,NA,NA,NA,NA,0.00,NA,NA,NA
2025-01-10 20:00:00,182.60,304.39,4.31,7.80,7.66,NA,NA,1.67,5.34,NA,NA,NA,NA,NA,NA,NA,NA,NA,NA,NA,0.00,NA,NA,NA
2025-01-10 21:00:00,260.15,462.53,6.21,7.70,9.15,NA,NA,1.99,3.79,NA,NA,NA,NA,NA,NA,NA,NA,NA,NA,NA,0.00,NA,NA,NA
2025-01-10 22:00:00,259.54,508.94,6.31,9.42,10.14,NA,NA,2.08,5.62,NA,NA,NA,NA,NA,NA,NA,NA,NA,NA,NA,0.00,NA,NA,NA
2025-01-10 23:00:00,146.32,214.24,2.58,13.14,9.08,NA,NA,1.66,14.78,NA,NA,NA,NA,NA,NA,NA,NA,NA,NA,NA,0.00,NA,NA,NA
2025-01-11 00:00:00,113.48,161.16,2.41,10.72,7.66,NA,NA,1.64,15.88,NA,NA,NA,NA,NA,NA,NA,NA,NA,NA,NA,0.00,NA,NA,NA
2025-01-11 01:00:00,101.55,194.61,2.25,9.32,6.79,NA,NA,1.54,26.43,NA,NA,NA,NA,NA,NA,NA,NA,NA,NA,NA,0.00,NA,NA,NA
2025-01-11 02:00:00,87.88,166.20,2.27,5.91,4.99,NA,NA,1.37,31.32,NA,NA,NA,NA,NA,NA,NA,NA,NA,NA,NA,0.00,NA,NA,NA
2025-01-11 03:00:00,79.64,144.92,2.21,4.03,3.94,NA,NA,1.32,36.84,NA,NA,NA,NA,NA,NA,NA,NA,NA,NA,NA,0.00,NA,NA,NA
2025-01-11 04:00:00,73.32,138.58,2.18,2.66,3.19,NA,NA,1.25,48.10,NA,NA,NA,NA,NA,NA,NA,NA,NA,NA,NA,0.00,NA,NA,NA
2025-01-11 05:00:00,79.91,146.03,2.17,3.26,3.50,NA,NA,1.28,34.84,NA,NA,NA,NA,NA,NA,NA,NA,NA,NA,NA,0.00,NA,NA,NA
2025-01-11 06:00:00,82.83,148.17,2.20,3.43,3.61,NA,NA,1.27,38.56,NA,NA,NA,NA,NA,NA,NA,NA,NA,NA,NA,0.00,NA,NA,NA
2025-01-11 07:00:00,103.00,159.30,2.14,3.76,3.74,NA,NA,1.29,37.79,NA,NA,NA,NA,NA,NA,NA,NA,NA,NA,NA,0.00,NA,NA,NA
2025-01-11 08:00:00,112.89,201.08,2.27,5.36,4.70,NA,NA,1.30,40.31,NA,NA,NA,NA,NA,NA,NA,NA,NA,NA,NA,0.00,NA,NA,NA
2025-01-11 09:00:00,115.39,217.42,2.54,7.14,5.86,NA,NA,1.36,33.55,NA,NA,NA,NA,NA,NA,NA,NA,NA,NA,NA,0.00,NA,NA,NA
2025-01-11 10:00:00,135.57,250.33,2.78,8.42,6.74,NA,NA,1.46,31.90,NA,NA,NA,NA,NA,NA,NA,NA,NA,NA,NA,0.00,NA,NA,NA
2025-01-11 11:00:00,157.54,233.67,3.15,11.73,8.80,NA,NA,1.48,33.32,NA,NA,NA,NA,NA,NA,NA,NA,NA,NA,NA,0.00,NA,NA,NA
2025-01-11 12:00:00,171.83,296.17,3.04,11.76,8.73,NA,NA,1.57,41.54,NA,NA,NA,NA,NA,NA,NA,NA,NA,NA,NA,0.00,NA,NA,NA
2025-01-11 13:00:00,190.10,268.17,2.38,7.18,5.76,NA,NA,1.40,47.22,NA,NA,NA,NA,NA,NA,NA,NA,NA,NA,NA,0.00,NA,NA,NA
2025-01-11 14:00:00,158.54,218.20,2.34,6.55,5.39,NA,NA,1.43,57.44,NA,NA,NA,NA,NA,NA,NA,NA,NA,NA,NA,0.00,NA,NA,NA
2025-01-11 15:00:00,146.42,215.53,2.27,6.80,5.46,NA,NA,1.42,67.14,NA,NA,NA,NA,NA,NA,NA,NA,NA,NA,NA,0.00,NA,NA,NA
2025-01-11 16:00:00,145.38,255.76,2.63,13.16,9.14,NA,NA,1.55,33.82,NA,NA,NA,NA,NA,NA,NA,NA,NA,NA,NA,0.00,NA,NA,NA
2025-01-11 17:00:00,139.99,267.83,3.16,24.97,15.85,NA,NA,1.78,9.82,NA,NA,NA,NA,NA,NA,NA,NA,NA,NA,NA,0.00,NA,NA,NA
2025-01-11 18:00:00,139.85,262.07,2.54,23.92,14.79,NA,NA,1.68,18.05,NA,NA,NA,NA,NA,NA,NA,NA,NA,NA,NA,0.00,NA,NA,NA
2025-01-11 19:00:00,145.19,217.91,2.45,19.18,12.19,NA,NA,1.52,26.46,NA,NA,NA,NA,NA,NA,NA,NA,NA,NA,NA,0.00,NA,NA,NA
2025-01-11 20:00:00,122.77,181.17,2.45,20.57,12.93,NA,NA,1.54,32.05,NA,NA,NA,NA,NA,NA,NA,NA,NA,NA,NA,0.00,NA,NA,NA
2025-01-11 21:00:00,124.46,181.69,2.45,14.33,9.61,NA,NA,1.48,24.16,NA,NA,NA,NA,NA,NA,NA,NA,NA,NA,NA,0.00,NA,NA,NA
2025-01-11 22:00:00,92.84,137.89,2.82,11.58,8.46,NA,NA,1.43,11.48,NA,NA,NA,NA,NA,NA,NA,NA,NA,NA,NA,0.00,NA,NA,NA
2025-01-11 23:00:00,101.60,129.00,9.17,14.90,15.39,NA,NA,1.46,2.83,NA,NA,NA,NA,NA,NA,NA,NA,NA,NA,NA,0.00,NA,NA,NA
2025-01-12 00:00:00,92.89,135.66,11.19,13.12,16.08,NA,NA,1.45,2.67,NA,NA,NA,NA,NA,NA,NA,NA,NA,NA,NA,0.00,NA,NA,NA
2025-01-12 01:00:00,100.93,163.42,8.95,11.96,13.63,NA,NA,1.54,4.28,NA,NA,NA,NA,NA,NA,NA,NA,NA,NA,NA,0.00,NA,NA,NA
2025-01-12 02:00:00,79.80,140.33,6.64,8.37,9.85,NA,NA,1.48,3.28,NA,NA,NA,NA,NA,NA,NA,NA,NA,NA,NA,0.00,NA,NA,NA
2025-01-12 03:00:00,86.04,134.23,6.98,8.51,10.20,NA,NA,1.63,4.80,NA,NA,NA,NA,NA,NA,NA,NA,NA,NA,NA,0.00,NA,NA,NA
2025-01-12 04:00:00,89.17,132.83,7.14,7.22,9.65,NA,NA,1.65,3.33,NA,NA,NA,NA,NA,NA,NA,NA,NA,NA,NA,0.00,NA,NA,NA
2025-01-12 05:00:00,111.80,117.19,8.71,8.13,11.41,NA,NA,1.62,3.35,NA,NA,NA,NA,NA,NA,NA,NA,NA,NA,NA,0.00,NA,NA,NA
2025-01-12 06:00:00,91.14,114.78,25.88,7.88,25.26,NA,NA,1.72,3.63,NA,NA,NA,NA,NA,NA,NA,NA,NA,NA,NA,0.00,NA,NA,NA
2025-01-12 07:00:00,89.02,126.43,21.09,10.98,22.97,NA,NA,1.63,3.73,NA,NA,NA,NA,NA,NA,NA,NA,NA,NA,NA,0.00,NA,NA,NA
2025-01-12 08:00:00,74.05,127.23,35.48,11.37,30.03,NA,NA,1.45,6.91,NA,NA,NA,NA,NA,NA,NA,NA,NA,NA,NA,0.00,NA,NA,NA
2025-01-12 09:00:00,27.04,49.93,14.40,14.14,19.08,NA,NA,1.56,3.92,NA,NA,NA,NA,NA,NA,NA,NA,NA,NA,NA,0.00,NA,NA,NA
2025-01-12 10:00:00,50.77,61.13,12.12,24.28,22.77,NA,NA,1.88,8.14,NA,NA,NA,NA,NA,NA,NA,NA,NA,NA,NA,0.00,NA,NA,NA
2025-01-12 11:00:00,85.85,99.30,3.42,14.30,10.39,NA,NA,1.25,47.60,NA,NA,NA,NA,NA,NA,NA,NA,NA,NA,NA,0.00,NA,NA,NA
2025-01-12 12:00:00,90.51,108.63,3.33,20.81,13.78,NA,NA,1.36,37.89,NA,NA,NA,NA,NA,NA,NA,NA,NA,NA,NA,0.00,NA,NA,NA
2025-01-12 13:00:00,144.36,168.59,4.43,27.23,18.09,NA,NA,1.41,41.76,NA,NA,NA,NA,NA,NA,NA,NA,NA,NA,NA,0.00,NA,NA,NA
2025-01-12 14:00:00,133.02,172.07,3.60,20.61,13.89,NA,NA,1.25,44.66,NA,NA,NA,NA,NA,NA,NA,NA,NA,NA,NA,0.00,NA,NA,NA
2025-01-12 15:00:00,108.60,151.59,2.39,12.58,8.64,NA,NA,1.06,79.50,NA,NA,NA,NA,NA,NA,NA,NA,NA,NA,NA,0.00,NA,NA,NA
2025-01-12 16:00:00,90.10,118.48,2.31,8.54,6.42,NA,NA,0.95,71.67,NA,NA,NA,NA,NA,NA,NA,NA,NA,NA,NA,0.00,NA,NA,NA
2025-01-12 17:00:00,84.25,120.24,2.28,9.46,6.88,NA,NA,0.98,50.64,NA,NA,NA,NA,NA,NA,NA,NA,NA,NA,NA,0.00,NA,NA,NA
2025-01-12 18:00:00,94.90,141.07,2.15,12.66,8.48,NA,NA,1.09,51.06,NA,NA,NA,NA,NA,NA,NA,NA,NA,NA,NA,0.00,NA,NA,NA
2025-01-12 19:00:00,121.92,174.08,2.45,18.85,12.02,NA,NA,1.41,18.49,NA,NA,NA,NA,NA,NA,NA,NA,NA,NA,NA,0.00,NA,NA,NA
2025-01-12 20:00:00,141.47,249.58,2.91,15.46,10.59,NA,NA,1.60,8.38,NA,NA,NA,NA,NA,NA,NA,NA,NA,NA,NA,0.00,NA,NA,NA
2025-01-12 21:00:00,164.43,243.75,3.66,19.31,13.25,NA,NA,1.62,4.22,NA,NA,NA,NA,NA,NA,NA,NA,NA,NA,NA,0.00,NA,NA,NA
2025-01-12 22:00:00,166.82,238.09,5.48,17.30,13.66,NA,NA,1.81,4.01,NA,NA,NA,NA,NA,NA,NA,NA,NA,NA,NA,0.00,NA,NA,NA
2025-01-12 23:00:00,162.14,258.02,5.40,16.21,13.01,NA,NA,1.79,4.29,NA,NA,NA,NA,NA,NA,NA,NA,NA,NA,NA,0.00,NA,NA,NA
2025-01-13 00:00:00,129.19,261.59,12.84,16.25,19.08,NA,NA,1.54,2.65,NA,NA,NA,NA,NA,NA,NA,NA,NA,NA,NA,0.00,NA,NA,NA
2025-01-13 01:00:00,87.29,239.86,2.95,18.55,12.26,NA,NA,1.26,4.21,NA,NA,NA,NA,NA,NA,NA,NA,NA,NA,NA,0.00,NA,NA,NA
2025-01-13 02:00:00,101.72,200.52,2.37,13.70,9.22,NA,NA,1.05,12.25,NA,NA,NA,NA,NA,NA,NA,NA,NA,NA,NA,0.00,NA,NA,NA
2025-01-13 03:00:00,65.24,145.97,2.29,12.88,8.71,NA,NA,0.96,14.36,NA,NA,NA,NA,NA,NA,NA,NA,NA,NA,NA,0.00,NA,NA,NA
2025-01-13 04:00:00,59.22,131.94,2.39,9.20,6.84,NA,NA,0.89,13.26,NA,NA,NA,NA,NA,NA,NA,NA,NA,NA,NA,0.00,NA,NA,NA
2025-01-13 05:00:00,55.05,106.63,2.36,6.97,5.63,NA,NA,0.85,19.16,NA,NA,NA,NA,NA,NA,NA,NA,NA,NA,NA,0.00,NA,NA,NA
2025-01-13 06:00:00,63.04,88.89,2.29,5.13,4.59,NA,NA,0.79,22.95,NA,NA,NA,NA,NA,NA,NA,NA,NA,NA,NA,0.00,NA,NA,NA
2025-01-13 07:00:00,68.51,103.53,2.21,5.76,4.86,NA,NA,0.81,17.62,NA,NA,NA,NA,NA,NA,NA,NA,NA,NA,NA,0.00,NA,NA,NA
2025-01-13 08:00:00,68.48,112.17,2.89,6.75,5.94,NA,NA,0.83,19.42,NA,NA,NA,NA,NA,NA,NA,NA,NA,NA,NA,0.00,NA,NA,NA
2025-01-13 09:00:00,69.17,125.58,4.20,9.18,8.29,NA,NA,0.88,15.16,NA,NA,NA,NA,NA,NA,NA,NA,NA,NA,NA,0.00,NA,NA,NA
2025-01-13 10:00:00,83.91,147.31,5.51,11.62,10.66,NA,NA,0.93,15.01,NA,NA,NA,NA,NA,NA,NA,NA,NA,NA,NA,0.00,NA,NA,NA
2025-01-13 11:00:00,87.54,131.69,5.83,10.98,10.58,NA,NA,0.94,27.77,NA,NA,NA,NA,NA,NA,NA,NA,NA,NA,NA,0.00,NA,NA,NA
2025-01-13 12:00:00,67.52,120.21,4.67,10.10,9.17,NA,NA,0.91,37.13,NA,NA,NA,NA,NA,NA,NA,NA,NA,NA,NA,0.00,NA,NA,NA
2025-01-13 13:00:00,76.51,119.92,138.00,10.00,102.90,NA,NA,0.82,40.13,NA,NA,NA,NA,NA,NA,NA,NA,NA,NA,NA,0.00,NA,NA,NA
2025-01-13 14:00:00,22.42,35.38,6.82,13.92,10.76,NA,NA,0.90,37.63,NA,NA,NA,NA,NA,NA,NA,NA,NA,NA,NA,0.00,NA,NA,NA
2025-01-13 15:00:00,NA,NA,5.03,18.84,14.12,NA,NA,0.91,39.02,NA,NA,NA,NA,NA,NA,NA,NA,NA,NA,NA,0.00,NA,NA,NA
2025-01-13 16:00:00,NA,9.36,2.75,12.60,8.94,NA,NA,0.96,56.68,NA,NA,NA,NA,NA,NA,NA,NA,NA,NA,NA,0.00,NA,NA,NA
2025-01-13 17:00:00,7.30,51.88,2.25,13.86,9.20,NA,NA,0.98,49.45,NA,NA,NA,NA,NA,NA,NA,NA,NA,NA,NA,0.00,NA,NA,NA
2025-01-13 18:00:00,27.11,88.20,2.15,17.64,11.13,NA,NA,1.06,23.11,NA,NA,NA,NA,NA,NA,NA,NA,NA,NA,NA,0.00,NA,NA,NA
2025-01-13 19:00:00,58.33,156.80,3.35,26.72,16.94,NA,NA,1.36,6.28,NA,NA,NA,NA,NA,NA,NA,NA,NA,NA,NA,0.00,NA,NA,NA
2025-01-13 20:00:00,73.74,159.84,2.54,21.32,13.41,NA,NA,1.20,21.44,NA,NA,NA,NA,NA,NA,NA,NA,NA,NA,NA,0.00,NA,NA,NA
2025-01-13 21:00:00,71.49,149.58,2.50,19.25,12.27,NA,NA,1.11,29.51,NA,NA,NA,NA,NA,NA,NA,NA,NA,NA,NA,0.00,NA,NA,NA
2025-01-13 22:00:00,77.74,139.71,2.45,17.32,11.21,NA,NA,1.16,21.85,NA,NA,NA,NA,NA,NA,NA,NA,NA,NA,NA,0.00,NA,NA,NA
2025-01-13 23:00:00,85.18,137.49,4.38,20.84,14.64,NA,NA,1.28,7.80,NA,NA,NA,NA,NA,NA,NA,NA,NA,NA,NA,0.00,NA,NA,NA
2025-01-14 00:00:00,96.47,145.83,4.09,23.18,15.66,NA,NA,1.31,6.45,NA,NA,NA,NA,NA,NA,NA,NA,NA,NA,NA,0.00,NA,NA,NA
2025-01-14 01:00:00,69.96,159.08,2.49,17.26,11.20,NA,NA,1.04,16.19,NA,NA,NA,NA,NA,NA,NA,NA,NA,NA,NA,0.00,NA,NA,NA
2025-01-14 02:00:00,65.03,143.36,2.11,12.94,8.60,NA,NA,1.01,22.36,NA,NA,NA,NA,NA,NA,NA,NA,NA,NA,NA,0.00,NA,NA,NA
2025-01-14 03:00:00,66.78,139.03,2.15,8.01,6.01,NA,NA,0.93,37.92,NA,NA,NA,NA,NA,NA,NA,NA,NA,NA,NA,0.00,NA,NA,NA
2025-01-14 04:00:00,66.77,128.15,2.01,7.13,5.43,NA,NA,0.92,25.50,NA,NA,NA,NA,NA,NA,NA,NA,NA,NA,NA,0.00,NA,NA,NA
2025-01-14 05:00:00,81.14,130.01,2.01,6.41,5.04,NA,NA,0.88,30.32,NA,NA,NA,NA,NA,NA,NA,NA,NA,NA,NA,0.00,NA,NA,NA
2025-01-14 06:00:00,88.39,121.78,2.00,7.22,5.46,NA,NA,0.87,22.86,NA,NA,NA,NA,NA,NA,NA,NA,NA,NA,NA,0.00,NA,NA,NA
2025-01-14 07:00:00,78.23,106.84,2.08,8.49,6.21,NA,NA,0.90,20.82,NA,NA,NA,NA,NA,NA,NA,NA,NA,NA,NA,0.00,NA,NA,NA
2025-01-14 08:00:00,77.91,132.60,2.59,9.34,7.07,NA,NA,0.95,24.48,NA,NA,NA,NA,NA,NA,NA,NA,NA,NA,NA,0.00,NA,NA,NA
2025-01-14 09:00:00,81.98,172.50,3.73,11.42,9.11,NA,NA,1.06,15.45,NA,NA,NA,NA,NA,NA,NA,NA,NA,NA,NA,0.00,NA,NA,NA
2025-01-14 10:00:00,101.73,198.00,4.80,15.84,12.33,NA,NA,1.13,22.90,NA,NA,NA,NA,NA,NA,NA,NA,NA,NA,NA,0.00,NA,NA,NA
2025-01-14 11:00:00,107.28,187.46,4.15,18.62,13.28,NA,NA,1.10,34.88,NA,NA,NA,NA,NA,NA,NA,NA,NA,NA,NA,0.00,NA,NA,NA
2025-01-14 12:00:00,97.91,173.07,4.58,22.65,15.77,NA,NA,1.00,43.93,NA,NA,NA,NA,NA,NA,NA,NA,NA,NA,NA,0.00,NA,NA,NA
2025-01-14 13:00:00,111.14,157.23,3.01,21.21,13.73,NA,NA,0.99,64.76,NA,NA,NA,NA,NA,NA,NA,NA,NA,NA,NA,0.00,NA,NA,NA
2025-01-14 14:00:00,101.15,180.08,1.85,11.84,7.80,NA,NA,0.94,81.16,NA,NA,NA,NA,NA,NA,NA,NA,NA,NA,NA,0.00,NA,NA,NA
2025-01-14 15:00:00,80.76,162.29,1.90,16.64,10.40,NA,NA,0.94,87.65,NA,NA,NA,NA,NA,NA,NA,NA,NA,NA,NA,0.00,NA,NA,NA
2025-01-14 16:00:00,98.91,191.53,2.05,19.95,12.28,NA,NA,0.96,75.46,NA,NA,NA,NA,NA,NA,NA,NA,NA,NA,NA,0.00,NA,NA,NA
2025-01-14 17:00:00,95.11,191.77,1.73,15.86,9.84,NA,NA,0.99,57.78,NA,NA,NA,NA,NA,NA,NA,NA,NA,NA,NA,0.00,NA,NA,NA
2025-01-14 18:00:00,111.48,182.87,1.81,16.95,10.48,NA,NA,1.06,33.84,NA,NA,NA,NA,NA,NA,NA,NA,NA,NA,NA,0.00,NA,NA,NA
2025-01-14 19:00:00,135.15,163.24,2.04,16.23,10.29,NA,NA,1.16,14.25,NA,NA,NA,NA,NA,NA,NA,NA,NA,NA,NA,0.00,NA,NA,NA
2025-01-14 20:00:00,134.95,181.62,2.79,12.37,8.85,NA,NA,1.32,6.66,NA,NA,NA,NA,NA,NA,NA,NA,NA,NA,NA,0.00,NA,NA,NA
2025-01-14 21:00:00,172.96,218.79,7.20,11.49,11.95,NA,NA,1.79,4.31,NA,NA,NA,NA,NA,NA,NA,NA,NA,NA,NA,0.00,NA,NA,NA
2025-01-14 22:00:00,293.12,431.88,16.07,12.37,19.64,NA,NA,2.51,6.46,NA,NA,NA,NA,NA,NA,NA,NA,NA,NA,NA,0.00,NA,NA,NA
2025-01-14 23:00:00,267.26,430.86,18.40,10.07,20.32,NA,NA,2.57,4.68,NA,NA,NA,NA,NA,NA,NA,NA,NA,NA,NA,0.00,NA,NA,NA
2025-01-15 00:00:00,244.18,375.87,18.24,8.29,19.23,NA,NA,2.48,3.12,NA,NA,NA,NA,NA,NA,NA,NA,NA,NA,NA,0.00,NA,NA,NA
2025-01-15 01:00:00,201.75,362.32,26.16,6.72,24.83,NA,NA,2.60,3.15,NA,NA,NA,NA,NA,NA,NA,NA,NA,NA,NA,0.00,NA,NA,NA
2025-01-15 02:00:00,270.50,391.33,34.22,4.69,30.34,NA,NA,3.02,4.09,NA,NA,NA,NA,NA,NA,NA,NA,NA,NA,NA,0.00,NA,NA,NA
2025-01-15 03:00:00,NA,NA,NA,NA,NA,NA,NA,NA,NA,NA,NA,NA,NA,NA,NA,NA,NA,NA,NA,NA,0.00,NA,NA,NA
2025-01-15 04:00:00,NA,NA,NA,NA,NA,NA,NA,NA,NA,NA,NA,NA,NA,NA,NA,NA,NA,NA,NA,NA,0.00,NA,NA,NA
2025-01-15 05:00:00,NA,NA,NA,NA,NA,NA,NA,NA,NA,NA,NA,NA,NA,NA,NA,NA,NA,NA,NA,NA,0.00,NA,NA,NA
2025-01-15 06:00:00,NA,NA,NA,NA,NA,NA,NA,NA,NA,NA,NA,NA,NA,NA,NA,NA,NA,NA,NA,NA,0.00,NA,NA,NA
2025-01-15 07:00:00,NA,NA,NA,NA,NA,NA,NA,NA,NA,NA,NA,NA,NA,NA,NA,NA,NA,NA,NA,NA,0.00,NA,NA,NA
2025-01-15 08:00:00,281.71,406.47,90.75,NA,61.88,NA,NA,9.44,NA,NA,NA,NA,NA,NA,NA,NA,NA,NA,NA,NA,0.00,NA,NA,NA
2025-01-15 09:00:00,140.59,254.43,22.36,9.90,25.06,NA,NA,4.49,3.67,NA,NA,NA,NA,NA,NA,NA,NA,NA,NA,NA,0.00,NA,NA,NA
2025-01-15 10:00:00,NA,29.38,22.92,16.92,27.62,NA,NA,2.68,5.45,NA,NA,NA,NA,NA,NA,NA,NA,NA,NA,NA,0.00,NA,NA,NA
2025-01-15 11:00:00,48.33,180.92,9.94,23.92,20.79,NA,NA,2.47,7.87,NA,NA,NA,NA,NA,NA,NA,NA,NA,NA,NA,0.00,NA,NA,NA
2025-01-15 12:00:00,114.10,266.53,4.75,19.51,4.73,NA,NA,2.33,9.35,NA,NA,NA,NA,NA,NA,NA,NA,NA,NA,NA,0.00,NA,NA,NA
2025-01-15 13:00:00,172.26,250.29,142.02,NA,59.06,NA,NA,1.99,20.28,NA,NA,NA,NA,NA,NA,NA,NA,NA,NA,NA,0.00,NA,NA,NA
2025-01-15 14:00:00,156.78,238.13,12.59,16.67,19.10,NA,NA,1.74,33.59,NA,NA,NA,NA,NA,NA,NA,NA,NA,NA,NA,0.00,NA,NA,NA
2025-01-15 15:00:00,127.84,191.81,13.32,10.36,16.34,NA,NA,1.48,63.60,NA,NA,NA,NA,NA,NA,NA,NA,NA,NA,NA,0.00,NA,NA,NA
2025-01-15 16:00:00,111.77,242.67,13.63,7.12,14.87,NA,NA,1.40,44.94,NA,NA,NA,NA,NA,NA,NA,NA,NA,NA,NA,0.00,NA,NA,NA
2025-01-15 17:00:00,121.51,254.86,15.95,7.60,17.02,NA,NA,1.46,43.14,NA,NA,NA,NA,NA,NA,NA,NA,NA,NA,NA,0.00,NA,NA,NA
2025-01-15 18:00:00,110.43,194.02,16.12,6.70,16.67,NA,NA,1.44,32.50,NA,NA,NA,NA,NA,NA,NA,NA,NA,NA,NA,0.00,NA,NA,NA
2025-01-15 19:00:00,122.37,197.89,15.71,8.19,17.13,NA,NA,1.50,33.13,NA,NA,NA,NA,NA,NA,NA,NA,NA,NA,NA,0.00,NA,NA,NA
2025-01-15 20:00:00,132.23,192.58,14.82,6.17,15.32,NA,NA,1.52,34.85,NA,NA,NA,NA,NA,NA,NA,NA,NA,NA,NA,0.00,NA,NA,NA
2025-01-15 21:00:00,147.27,195.13,14.22,5.84,14.66,NA,NA,1.56,33.51,NA,NA,NA,NA,NA,NA,NA,NA,NA,NA,NA,0.00,NA,NA,NA
2025-01-15 22:00:00,114.21,183.16,12.07,5.60,12.80,NA,NA,1.41,31.99,NA,NA,NA,NA,NA,NA,NA,NA,NA,NA,NA,0.00,NA,NA,NA
2025-01-15 23:00:00,89.27,150.88,13.76,3.89,11.62,NA,NA,1.37,21.63,NA,NA,NA,NA,NA,NA,NA,NA,NA,NA,NA,0.00,NA,NA,NA
2025-01-16 00:00:00,26.27,15.61,10.57,3.90,10.67,NA,NA,1.32,16.79,NA,NA,NA,NA,NA,NA,NA,NA,NA,NA,NA,0.00,NA,NA,NA
2025-01-16 01:00:00,78.76,107.63,9.37,5.05,10.30,NA,NA,1.38,17.76,NA,NA,NA,NA,NA,NA,NA,NA,NA,NA,NA,0.00,NA,NA,NA
2025-01-16 02:00:00,93.32,137.16,8.73,7.47,11.07,NA,NA,1.32,17.40,NA,NA,NA,NA,NA,NA,NA,NA,NA,NA,NA,0.00,NA,NA,NA
2025-01-16 03:00:00,89.29,136.06,7.86,7.33,10.29,NA,NA,1.25,17.36,NA,NA,NA,NA,NA,NA,NA,NA,NA,NA,NA,0.00,NA,NA,NA
2025-01-16 04:00:00,85.52,123.58,7.16,7.17,9.64,NA,NA,1.19,13.24,NA,NA,NA,NA,NA,NA,NA,NA,NA,NA,NA,0.00,NA,NA,NA
2025-01-16 05:00:00,85.95,135.27,6.45,9.42,10.25,NA,NA,1.21,8.60,NA,NA,NA,NA,NA,NA,NA,NA,NA,NA,NA,0.00,NA,NA,NA
2025-01-16 06:00:00,88.20,133.30,5.96,8.78,9.51,NA,NA,1.18,9.99,NA,NA,NA,NA,NA,NA,NA,NA,NA,NA,NA,0.00,NA,NA,NA
2025-01-16 07:00:00,70.51,114.86,5.93,7.66,8.90,NA,NA,1.13,7.57,NA,NA,NA,NA,NA,NA,NA,NA,NA,NA,NA,0.00,NA,NA,NA
2025-01-16 08:00:00,64.53,118.68,7.06,8.32,10.16,NA,NA,1.13,10.36,NA,NA,NA,NA,NA,NA,NA,NA,NA,NA,NA,0.00,NA,NA,NA
2025-01-16 09:00:00,102.58,174.41,10.57,12.74,15.37,NA,NA,1.43,8.04,NA,NA,NA,NA,NA,NA,NA,NA,NA,NA,NA,0.00,NA,NA,NA
2025-01-16 10:00:00,138.42,216.22,7.47,12.46,12.70,NA,NA,1.30,21.66,NA,NA,NA,NA,NA,NA,NA,NA,NA,NA,NA,0.00,NA,NA,NA
2025-01-16 11:00:00,101.17,140.11,5.54,9.15,9.37,NA,NA,1.15,32.71,NA,NA,NA,NA,NA,NA,NA,NA,NA,NA,NA,0.00,NA,NA,NA
2025-01-16 12:00:00,72.79,101.02,5.08,9.27,9.06,NA,NA,1.04,39.90,NA,NA,NA,NA,NA,NA,NA,NA,NA,NA,NA,0.00,NA,NA,NA
2025-01-16 13:00:00,100.37,105.97,4.65,9.01,8.57,NA,NA,1.00,61.80,NA,NA,NA,NA,NA,NA,NA,NA,NA,NA,NA,0.00,NA,NA,NA
2025-01-16 14:00:00,105.25,128.02,4.13,7.95,7.58,NA,NA,0.99,59.46,NA,NA,NA,NA,NA,NA,NA,NA,NA,NA,NA,0.00,NA,NA,NA
2025-01-16 15:00:00,104.56,148.17,3.77,6.48,6.51,NA,NA,1.00,63.16,NA,NA,NA,NA,NA,NA,NA,NA,NA,NA,NA,0.00,NA,NA,NA
2025-01-16 16:00:00,101.64,161.43,3.63,7.17,6.77,NA,NA,1.05,80.70,NA,NA,NA,NA,NA,NA,NA,NA,NA,NA,NA,0.00,NA,NA,NA
2025-01-16 17:00:00,105.84,149.28,4.06,7.62,7.35,NA,NA,1.03,59.22,NA,NA,NA,NA,NA,NA,NA,NA,NA,NA,NA,0.00,NA,NA,NA
2025-01-16 18:00:00,104.84,157.87,4.12,9.33,8.32,NA,NA,1.06,24.35,NA,NA,NA,NA,NA,NA,NA,NA,NA,NA,NA,0.00,NA,NA,NA
2025-01-16 19:00:00,102.13,155.50,4.14,5.61,6.34,NA,NA,1.09,14.25,NA,NA,NA,NA,NA,NA,NA,NA,NA,NA,NA,0.00,NA,NA,NA
2025-01-16 20:00:00,103.86,150.04,4.22,4.83,6.00,NA,NA,1.16,9.45,NA,NA,NA,NA,NA,NA,NA,NA,NA,NA,NA,0.00,NA,NA,NA
2025-01-16 21:00:00,110.65,176.68,4.67,6.53,7.28,NA,NA,1.31,9.90,NA,NA,NA,NA,NA,NA,NA,NA,NA,NA,NA,0.00,NA,NA,NA
2025-01-16 22:00:00,147.72,254.19,16.62,8.03,17.80,NA,NA,1.86,7.08,NA,NA,NA,NA,NA,NA,NA,NA,NA,NA,NA,0.00,NA,NA,NA
2025-01-16 23:00:00,182.91,317.39,31.09,13.16,32.27,NA,NA,2.39,7.12,NA,NA,NA,NA,NA,NA,NA,NA,NA,NA,NA,0.00,NA,NA,NA
2025-01-17 00:00:00,193.94,324.27,17.51,16.73,23.13,NA,NA,2.58,8.34,NA,NA,NA,NA,NA,NA,NA,NA,NA,NA,NA,0.00,NA,NA,NA
2025-01-17 01:00:00,162.29,310.00,17.37,15.67,22.49,NA,NA,2.44,5.76,NA,NA,NA,NA,NA,NA,NA,NA,NA,NA,NA,0.00,NA,NA,NA
2025-01-17 02:00:00,117.41,198.54,24.76,19.12,30.26,NA,NA,2.34,4.70,NA,NA,NA,NA,NA,NA,NA,NA,NA,NA,NA,0.00,NA,NA,NA
2025-01-17 03:00:00,80.72,135.49,11.06,20.35,19.81,NA,NA,1.92,4.76,NA,NA,NA,NA,NA,NA,NA,NA,NA,NA,NA,0.00,NA,NA,NA
2025-01-17 04:00:00,70.33,134.31,4.15,15.47,11.59,NA,NA,1.36,17.53,NA,NA,NA,NA,NA,NA,NA,NA,NA,NA,NA,0.00,NA,NA,NA
2025-01-17 05:00:00,62.16,110.47,3.84,11.88,9.44,NA,NA,1.25,27.32,NA,NA,NA,NA,NA,NA,NA,NA,NA,NA,NA,0.00,NA,NA,NA
2025-01-17 06:00:00,71.21,118.20,3.71,7.92,7.22,NA,NA,1.16,32.06,NA,NA,NA,NA,NA,NA,NA,NA,NA,NA,NA,0.00,NA,NA,NA
2025-01-17 07:00:00,62.18,119.61,3.80,7.96,7.32,NA,NA,1.15,28.00,NA,NA,NA,NA,NA,NA,NA,NA,NA,NA,NA,0.00,NA,NA,NA
2025-01-17 08:00:00,66.52,109.82,4.05,7.63,7.35,NA,NA,1.22,39.10,NA,NA,NA,NA,NA,NA,NA,NA,NA,NA,NA,0.00,NA,NA,NA
2025-01-17 09:00:00,63.74,122.81,4.85,11.63,10.13,NA,NA,1.34,27.49,NA,NA,NA,NA,NA,NA,NA,NA,NA,NA,NA,0.00,NA,NA,NA
2025-01-17 10:00:00,83.12,157.35,5.31,13.65,11.57,NA,NA,1.40,22.15,NA,NA,NA,NA,NA,NA,NA,NA,NA,NA,NA,0.00,NA,NA,NA
2025-01-17 11:00:00,103.12,184.45,6.14,14.56,12.74,NA,NA,1.33,30.56,NA,NA,NA,NA,NA,NA,NA,NA,NA,NA,NA,0.00,NA,NA,NA
2025-01-17 12:00:00,97.32,152.85,5.78,13.25,11.75,NA,NA,1.27,45.68,NA,NA,NA,NA,NA,NA,NA,NA,NA,NA,NA,0.00,NA,NA,NA
2025-01-17 13:00:00,110.75,144.76,5.26,13.63,11.54,NA,NA,1.27,48.86,NA,NA,NA,NA,NA,NA,NA,NA,NA,NA,NA,0.00,NA,NA,NA
2025-01-17 14:00:00,94.56,156.64,4.55,10.85,9.45,NA,NA,1.22,60.55,NA,NA,NA,NA,NA,NA,NA,NA,NA,NA,NA,0.00,NA,NA,NA
2025-01-17 15:00:00,86.58,140.89,3.76,8.94,7.81,NA,NA,1.16,52.82,NA,NA,NA,NA,NA,NA,NA,NA,NA,NA,NA,0.00,NA,NA,NA
2025-01-17 16:00:00,79.98,144.71,3.68,9.12,7.84,NA,NA,1.13,45.33,NA,NA,NA,NA,NA,NA,NA,NA,NA,NA,NA,0.00,NA,NA,NA
2025-01-17 17:00:00,89.44,155.25,3.50,8.15,7.18,NA,NA,1.15,49.28,NA,NA,NA,NA,NA,NA,NA,NA,NA,NA,NA,0.00,NA,NA,NA
2025-01-17 18:00:00,87.96,149.60,3.54,10.93,8.69,NA,NA,1.21,43.86,NA,NA,NA,NA,NA,NA,NA,NA,NA,NA,NA,0.00,NA,NA,NA
2025-01-17 19:00:00,103.51,179.42,3.53,13.68,10.16,NA,NA,1.39,20.18,NA,NA,NA,NA,NA,NA,NA,NA,NA,NA,NA,0.00,NA,NA,NA
2025-01-17 20:00:00,94.17,206.95,3.73,14.17,10.56,NA,NA,1.41,20.00,NA,NA,NA,NA,NA,NA,NA,NA,NA,NA,NA,0.00,NA,NA,NA
2025-01-17 21:00:00,83.18,183.44,3.78,17.27,12.28,NA,NA,1.51,18.77,NA,NA,NA,NA,NA,NA,NA,NA,NA,NA,NA,0.00,NA,NA,NA
2025-01-17 22:00:00,106.11,225.04,3.95,21.04,14.40,NA,NA,1.54,14.05,NA,NA,NA,NA,NA,NA,NA,NA,NA,NA,NA,0.00,NA,NA,NA
2025-01-17 23:00:00,122.93,205.43,3.62,20.39,13.79,NA,NA,1.43,17.56,NA,NA,NA,NA,NA,NA,NA,NA,NA,NA,NA,0.00,NA,NA,NA
2025-01-18 00:00:00,98.40,162.96,3.50,12.45,9.47,NA,NA,1.19,28.24,NA,NA,NA,NA,NA,NA,NA,NA,NA,NA,NA,0.00,NA,NA,NA
2025-01-18 01:00:00,89.21,182.39,3.44,9.45,7.82,NA,NA,1.14,27.22,NA,NA,NA,NA,NA,NA,NA,NA,NA,NA,NA,0.00,NA,NA,NA
2025-01-18 02:00:00,74.23,163.83,3.35,7.08,6.49,NA,NA,1.11,26.12,NA,NA,NA,NA,NA,NA,NA,NA,NA,NA,NA,0.00,NA,NA,NA
2025-01-18 03:00:00,66.33,154.48,3.29,6.18,5.96,NA,NA,1.06,22.31,NA,NA,NA,NA,NA,NA,NA,NA,NA,NA,NA,0.00,NA,NA,NA
2025-01-18 04:00:00,63.19,143.37,3.47,6.41,6.23,NA,NA,1.03,26.21,NA,NA,NA,NA,NA,NA,NA,NA,NA,NA,NA,0.00,NA,NA,NA
2025-01-18 05:00:00,62.84,128.49,3.40,4.32,5.07,NA,NA,0.98,27.14,NA,NA,NA,NA,NA,NA,NA,NA,NA,NA,NA,0.00,NA,NA,NA
2025-01-18 06:00:00,54.68,102.96,3.30,4.78,5.23,NA,NA,1.00,22.01,NA,NA,NA,NA,NA,NA,NA,NA,NA,NA,NA,0.00,NA,NA,NA
2025-01-18 07:00:00,55.10,92.44,3.28,5.46,5.57,NA,NA,0.99,30.96,NA,NA,NA,NA,NA,NA,NA,NA,NA,NA,NA,0.00,NA,NA,NA
2025-01-18 08:00:00,62.87,115.17,3.94,7.73,7.32,NA,NA,1.04,22.92,NA,NA,NA,NA,NA,NA,NA,NA,NA,NA,NA,0.00,NA,NA,NA
2025-01-18 09:00:00,57.97,116.13,5.26,8.53,8.82,NA,NA,1.08,21.83,NA,NA,NA,NA,NA,NA,NA,NA,NA,NA,NA,0.00,NA,NA,NA
2025-01-18 10:00:00,51.21,104.45,15.50,8.34,18.44,NA,NA,1.10,50.31,NA,NA,NA,NA,NA,NA,NA,NA,NA,NA,NA,0.00,NA,NA,NA
2025-01-18 11:00:00,64.29,117.48,25.44,11.76,26.89,NA,NA,1.07,68.61,NA,NA,NA,NA,NA,NA,NA,NA,NA,NA,NA,0.00,NA,NA,NA
2025-01-18 12:00:00,53.21,96.95,6.74,15.45,13.72,NA,NA,1.05,69.01,NA,NA,NA,NA,NA,NA,NA,NA,NA,NA,NA,0.00,NA,NA,NA
2025-01-18 13:00:00,103.39,187.17,6.83,22.38,17.44,NA,NA,1.20,80.12,NA,NA,NA,NA,NA,NA,NA,NA,NA,NA,NA,0.00,NA,NA,NA
2025-01-18 14:00:00,80.73,143.55,6.23,14.54,12.80,NA,NA,1.00,87.78,NA,NA,NA,NA,NA,NA,NA,NA,NA,NA,NA,0.00,NA,NA,NA
2025-01-18 15:00:00,60.22,120.89,6.39,19.09,15.35,NA,NA,1.04,111.64,NA,NA,NA,NA,NA,NA,NA,NA,NA,NA,NA,0.00,NA,NA,NA
2025-01-18 16:00:00,78.02,176.61,6.08,23.63,17.52,NA,NA,1.29,94.41,NA,NA,NA,NA,NA,NA,NA,NA,NA,NA,NA,0.00,NA,NA,NA
2025-01-18 17:00:00,151.62,320.33,6.45,39.87,26.46,NA,NA,1.68,84.53,NA,NA,NA,NA,NA,NA,NA,NA,NA,NA,NA,0.00,NA,NA,NA
2025-01-18 18:00:00,186.18,368.62,6.60,37.11,25.10,NA,NA,1.68,67.26,NA,NA,NA,NA,NA,NA,NA,NA,NA,NA,NA,0.00,NA,NA,NA
2025-01-18 19:00:00,165.01,359.92,7.05,23.48,18.22,NA,NA,1.51,24.67,NA,NA,NA,NA,NA,NA,NA,NA,NA,NA,NA,0.00,NA,NA,NA
2025-01-18 20:00:00,158.57,336.45,7.57,26.27,20.13,NA,NA,1.71,12.93,NA,NA,NA,NA,NA,NA,NA,NA,NA,NA,NA,0.00,NA,NA,NA
2025-01-18 21:00:00,179.23,315.84,7.86,21.38,17.76,NA,NA,1.53,10.78,NA,NA,NA,NA,NA,NA,NA,NA,NA,NA,NA,0.00,NA,NA,NA
2025-01-18 22:00:00,122.34,233.02,7.34,20.96,17.12,NA,NA,1.22,14.13,NA,NA,NA,NA,NA,NA,NA,NA,NA,NA,NA,0.00,NA,NA,NA
2025-01-18 23:00:00,95.93,176.99,7.59,13.39,13.30,NA,NA,1.19,5.87,NA,NA,NA,NA,NA,NA,NA,NA,NA,NA,NA,0.00,NA,NA,NA
2025-01-19 00:00:00,101.00,165.14,9.23,13.53,14.70,NA,NA,1.23,6.97,NA,NA,NA,NA,NA,NA,NA,NA,NA,NA,NA,0.00,NA,NA,NA
2025-01-19 01:00:00,98.79,198.34,9.28,9.36,12.53,NA,NA,1.24,7.27,NA,NA,NA,NA,NA,NA,NA,NA,NA,NA,NA,0.00,NA,NA,NA
2025-01-19 02:00:00,103.31,169.39,10.07,7.63,12.24,NA,NA,1.25,5.24,NA,NA,NA,NA,NA,NA,NA,NA,NA,NA,NA,0.00,NA,NA,NA
2025-01-19 03:00:00,96.09,151.72,9.26,6.66,11.07,NA,NA,1.20,5.75,NA,NA,NA,NA,NA,NA,NA,NA,NA,NA,NA,0.00,NA,NA,NA
2025-01-19 04:00:00,83.96,142.40,8.80,9.04,11.96,NA,NA,1.13,5.41,NA,NA,NA,NA,NA,NA,NA,NA,NA,NA,NA,0.00,NA,NA,NA
2025-01-19 05:00:00,75.46,124.97,9.85,6.69,11.56,NA,NA,1.08,6.52,NA,NA,NA,NA,NA,NA,NA,NA,NA,NA,NA,0.00,NA,NA,NA
2025-01-19 06:00:00,94.16,137.84,13.71,4.71,13.65,NA,NA,1.10,8.61,NA,NA,NA,NA,NA,NA,NA,NA,NA,NA,NA,0.00,NA,NA,NA
2025-01-19 07:00:00,106.81,157.61,12.65,5.44,13.18,NA,NA,1.16,8.54,NA,NA,NA,NA,NA,NA,NA,NA,NA,NA,NA,0.00,NA,NA,NA
2025-01-19 08:00:00,99.75,154.66,12.42,6.83,13.73,NA,NA,1.28,9.36,NA,NA,NA,NA,NA,NA,NA,NA,NA,NA,NA,0.00,NA,NA,NA
2025-01-19 09:00:00,108.64,192.48,9.77,20.32,18.76,NA,NA,1.48,26.81,NA,NA,NA,NA,NA,NA,NA,NA,NA,NA,NA,0.00,NA,NA,NA
2025-01-19 10:00:00,118.96,182.19,7.52,19.44,16.46,NA,NA,1.45,56.88,NA,NA,NA,NA,NA,NA,NA,NA,NA,NA,NA,0.00,NA,NA,NA
2025-01-19 11:00:00,69.12,121.40,6.29,10.76,10.84,NA,NA,1.10,80.06,NA,NA,NA,NA,NA,NA,NA,NA,NA,NA,NA,0.00,NA,NA,NA
2025-01-19 12:00:00,56.70,103.34,6.04,10.57,10.53,NA,NA,1.05,92.49,NA,NA,NA,NA,NA,NA,NA,NA,NA,NA,NA,0.00,NA,NA,NA
2025-01-19 13:00:00,86.52,115.35,6.09,13.06,11.90,NA,NA,1.13,110.36,NA,NA,NA,NA,NA,NA,NA,NA,NA,NA,NA,0.00,NA,NA,NA
2025-01-19 14:00:00,81.54,160.49,6.22,20.91,16.18,NA,NA,1.23,103.81,NA,NA,NA,NA,NA,NA,NA,NA,NA,NA,NA,0.00,NA,NA,NA
2025-01-19 15:00:00,88.03,183.03,6.03,18.31,14.64,NA,NA,1.17,136.20,NA,NA,NA,NA,NA,NA,NA,NA,NA,NA,NA,0.00,NA,NA,NA
2025-01-19 16:00:00,97.55,200.99,5.91,17.00,13.85,NA,NA,1.22,91.32,NA,NA,NA,NA,NA,NA,NA,NA,NA,NA,NA,0.00,NA,NA,NA
2025-01-19 17:00:00,92.43,183.95,6.37,22.40,17.10,NA,NA,1.18,68.73,NA,NA,NA,NA,NA,NA,NA,NA,NA,NA,NA,0.00,NA,NA,NA
2025-01-19 18:00:00,101.25,208.76,6.74,29.71,21.28,NA,NA,1.40,52.95,NA,NA,NA,NA,NA,NA,NA,NA,NA,NA,NA,0.00,NA,NA,NA
2025-01-19 19:00:00,133.84,264.34,6.92,26.63,19.78,NA,NA,1.38,25.90,NA,NA,NA,NA,NA,NA,NA,NA,NA,NA,NA,0.00,NA,NA,NA
2025-01-19 20:00:00,147.48,280.48,7.19,27.20,20.31,NA,NA,1.56,18.39,NA,NA,NA,NA,NA,NA,NA,NA,NA,NA,NA,0.00,NA,NA,NA
2025-01-19 21:00:00,137.98,293.55,9.84,32.84,25.46,NA,NA,1.84,8.70,NA,NA,NA,NA,NA,NA,NA,NA,NA,NA,NA,0.00,NA,NA,NA
2025-01-19 22:00:00,170.90,328.48,14.56,35.20,30.56,NA,NA,2.12,5.78,NA,NA,NA,NA,NA,NA,NA,NA,NA,NA,NA,0.00,NA,NA,NA
2025-01-19 23:00:00,171.31,342.74,14.09,25.57,25.04,NA,NA,2.11,6.66,NA,NA,NA,NA,NA,NA,NA,NA,NA,NA,NA,0.00,NA,NA,NA
2025-01-20 00:00:00,165.36,305.53,21.12,29.04,32.61,NA,NA,2.46,6.33,NA,NA,NA,NA,NA,NA,NA,NA,NA,NA,NA,0.00,NA,NA,NA
2025-01-20 01:00:00,162.62,346.17,17.52,40.87,35.99,NA,NA,2.43,7.66,NA,NA,NA,NA,NA,NA,NA,NA,NA,NA,NA,0.00,NA,NA,NA
2025-01-20 02:00:00,122.84,271.53,8.24,32.53,24.01,NA,NA,1.88,7.35,NA,NA,NA,NA,NA,NA,NA,NA,NA,NA,NA,0.00,NA,NA,NA
2025-01-20 03:00:00,99.73,207.42,7.06,22.25,17.58,NA,NA,1.61,12.45,NA,NA,NA,NA,NA,NA,NA,NA,NA,NA,NA,0.00,NA,NA,NA
2025-01-20 04:00:00,113.60,180.45,8.62,16.72,15.90,NA,NA,1.50,7.19,NA,NA,NA,NA,NA,NA,NA,NA,NA,NA,NA,0.00,NA,NA,NA
2025-01-20 05:00:00,129.62,214.09,24.04,26.33,33.55,NA,NA,1.58,6.91,NA,NA,NA,NA,NA,NA,NA,NA,NA,NA,NA,0.00,NA,NA,NA
2025-01-20 06:00:00,119.04,221.25,12.34,26.93,24.36,NA,NA,1.52,6.62,NA,NA,NA,NA,NA,NA,NA,NA,NA,NA,NA,0.00,NA,NA,NA
2025-01-20 07:00:00,107.23,196.28,8.70,24.82,20.27,NA,NA,1.43,9.31,NA,NA,NA,NA,NA,NA,NA,NA,NA,NA,NA,0.00,NA,NA,NA
2025-01-20 08:00:00,97.54,169.94,10.82,22.99,21.02,NA,NA,1.47,11.95,NA,NA,NA,NA,NA,NA,NA,NA,NA,NA,NA,0.00,NA,NA,NA
2025-01-20 09:00:00,94.25,180.90,9.66,24.16,20.71,NA,NA,1.38,25.99,NA,NA,NA,NA,NA,NA,NA,NA,NA,NA,NA,0.00,NA,NA,NA
2025-01-20 10:00:00,97.94,198.07,8.44,22.54,18.85,NA,NA,1.31,48.06,NA,NA,NA,NA,NA,NA,NA,NA,NA,NA,NA,0.00,NA,NA,NA
2025-01-20 11:00:00,81.51,193.30,8.63,27.06,21.41,NA,NA,1.15,56.74,NA,NA,NA,NA,NA,NA,NA,NA,NA,NA,NA,0.00,NA,NA,NA
2025-01-20 12:00:00,60.47,163.37,7.19,18.92,15.91,NA,NA,1.08,59.38,NA,NA,NA,NA,NA,NA,NA,NA,NA,NA,NA,0.00,NA,NA,NA
2025-01-20 13:00:00,99.58,155.78,6.81,15.44,13.75,NA,NA,1.09,62.78,NA,NA,NA,NA,NA,NA,NA,NA,NA,NA,NA,0.00,NA,NA,NA
2025-01-20 14:00:00,86.28,146.77,6.22,8.90,9.80,NA,NA,1.01,84.20,NA,NA,NA,NA,NA,NA,NA,NA,NA,NA,NA,0.00,NA,NA,NA
2025-01-20 15:00:00,83.48,145.05,6.01,6.44,8.31,NA,NA,1.01,114.12,NA,NA,NA,NA,NA,NA,NA,NA,NA,NA,NA,0.00,NA,NA,NA
2025-01-20 16:00:00,79.52,171.63,5.89,8.34,9.23,NA,NA,1.03,131.07,NA,NA,NA,NA,NA,NA,NA,NA,NA,NA,NA,0.00,NA,NA,NA
2025-01-20 17:00:00,97.36,181.62,6.19,11.60,11.20,NA,NA,1.09,115.42,NA,NA,NA,NA,NA,NA,NA,NA,NA,NA,NA,0.00,NA,NA,NA
2025-01-20 18:00:00,100.76,204.74,6.37,18.78,15.17,NA,NA,1.16,86.46,NA,NA,NA,NA,NA,NA,NA,NA,NA,NA,NA,0.00,NA,NA,NA
2025-01-20 19:00:00,120.30,242.29,6.76,31.45,22.23,NA,NA,1.33,38.43,NA,NA,NA,NA,NA,NA,NA,NA,NA,NA,NA,0.00,NA,NA,NA
2025-01-20 20:00:00,117.01,266.23,7.67,36.61,25.71,NA,NA,1.54,20.73,NA,NA,NA,NA,NA,NA,NA,NA,NA,NA,NA,0.00,NA,NA,NA
2025-01-20 21:00:00,117.63,289.32,7.34,39.72,27.10,NA,NA,1.63,18.28,NA,NA,NA,NA,NA,NA,NA,NA,NA,NA,NA,0.00,NA,NA,NA
2025-01-20 22:00:00,102.83,255.65,7.11,25.73,19.46,NA,NA,1.50,42.79,NA,NA,NA,NA,NA,NA,NA,NA,NA,NA,NA,0.00,NA,NA,NA
2025-01-20 23:00:00,134.24,214.55,7.07,16.37,14.45,NA,NA,1.29,51.84,NA,NA,NA,NA,NA,NA,NA,NA,NA,NA,NA,0.00,NA,NA,NA
2025-01-21 00:00:00,116.58,205.16,6.85,14.04,13.04,NA,NA,1.29,62.86,NA,NA,NA,NA,NA,NA,NA,NA,NA,NA,NA,0.00,NA,NA,NA
2025-01-21 01:00:00,119.55,218.28,6.83,12.45,12.17,NA,NA,1.25,63.27,NA,NA,NA,NA,NA,NA,NA,NA,NA,NA,NA,0.00,NA,NA,NA
2025-01-21 02:00:00,112.54,201.95,6.68,12.64,12.15,NA,NA,1.23,55.75,NA,NA,NA,NA,NA,NA,NA,NA,NA,NA,NA,0.00,NA,NA,NA
2025-01-21 03:00:00,110.34,185.74,6.58,17.27,14.54,NA,NA,1.22,31.39,NA,NA,NA,NA,NA,NA,NA,NA,NA,NA,NA,0.00,NA,NA,NA
2025-01-21 04:00:00,108.50,183.62,6.39,17.46,14.48,NA,NA,1.23,27.00,NA,NA,NA,NA,NA,NA,NA,NA,NA,NA,NA,0.00,NA,NA,NA
2025-01-21 05:00:00,93.73,173.75,6.41,19.22,15.43,NA,NA,1.18,19.74,NA,NA,NA,NA,NA,NA,NA,NA,NA,NA,NA,0.00,NA,NA,NA
2025-01-21 06:00:00,95.79,198.02,6.27,14.80,12.97,NA,NA,1.17,26.08,NA,NA,NA,NA,NA,NA,NA,NA,NA,NA,NA,0.00,NA,NA,NA
2025-01-21 07:00:00,128.00,222.96,6.95,14.57,13.40,NA,NA,1.20,26.65,NA,NA,NA,NA,NA,NA,NA,NA,NA,NA,NA,0.00,NA,NA,NA
2025-01-21 08:00:00,133.96,211.67,7.72,18.10,15.91,NA,NA,1.24,32.18,NA,NA,NA,NA,NA,NA,NA,NA,NA,NA,NA,0.00,NA,NA,NA
2025-01-21 09:00:00,98.05,192.54,7.28,19.09,16.08,NA,NA,1.25,46.30,NA,NA,NA,NA,NA,NA,NA,NA,NA,NA,NA,0.00,NA,NA,NA
2025-01-21 10:00:00,80.41,188.84,6.78,17.19,14.65,NA,NA,1.23,84.71,NA,NA,NA,NA,NA,NA,NA,NA,NA,NA,NA,0.00,NA,NA,NA
2025-01-21 11:00:00,75.19,203.56,5.97,13.40,11.98,NA,NA,1.15,83.60,NA,NA,NA,NA,NA,NA,NA,NA,NA,NA,NA,0.00,NA,NA,NA
2025-01-21 12:00:00,66.50,174.88,5.51,11.26,10.47,NA,NA,1.05,85.45,NA,NA,NA,NA,NA,NA,NA,NA,NA,NA,NA,0.00,NA,NA,NA
2025-01-21 13:00:00,77.55,135.04,5.40,11.21,10.35,NA,NA,1.02,75.01,NA,NA,NA,NA,NA,NA,NA,NA,NA,NA,NA,0.00,NA,NA,NA
2025-01-21 14:00:00,75.69,125.56,5.29,8.15,8.64,NA,NA,0.97,110.12,NA,NA,NA,NA,NA,NA,NA,NA,NA,NA,NA,0.00,NA,NA,NA
2025-01-21 15:00:00,69.29,107.26,5.39,9.87,9.64,NA,NA,1.01,100.77,NA,NA,NA,NA,NA,NA,NA,NA,NA,NA,NA,0.00,NA,NA,NA
2025-01-21 16:00:00,67.94,166.27,5.24,9.94,9.55,NA,NA,0.99,111.99,NA,NA,NA,NA,NA,NA,NA,NA,NA,NA,NA,0.00,NA,NA,NA
2025-01-21 17:00:00,84.18,188.31,5.40,17.40,13.64,NA,NA,1.07,122.58,NA,NA,NA,NA,NA,NA,NA,NA,NA,NA,NA,0.00,NA,NA,NA
2025-01-21 18:00:00,94.19,248.40,5.75,31.02,21.17,NA,NA,1.20,64.07,NA,NA,NA,NA,NA,NA,NA,NA,NA,NA,NA,0.00,NA,NA,NA
2025-01-21 19:00:00,122.70,286.83,6.16,45.58,29.25,NA,NA,1.45,39.01,NA,NA,NA,NA,NA,NA,NA,NA,NA,NA,NA,0.00,NA,NA,NA
2025-01-21 20:00:00,147.45,311.79,6.45,53.67,33.79,NA,NA,1.67,30.50,NA,NA,NA,NA,NA,NA,NA,NA,NA,NA,NA,0.00,NA,NA,NA
2025-01-21 21:00:00,125.79,302.15,6.55,37.16,25.09,NA,NA,1.47,37.72,NA,NA,NA,NA,NA,NA,NA,NA,NA,NA,NA,0.00,NA,NA,NA
2025-01-21 22:00:00,88.88,202.99,6.41,23.67,17.80,NA,NA,1.28,56.58,NA,NA,NA,NA,NA,NA,NA,NA,NA,NA,NA,0.00,NA,NA,NA
2025-01-21 23:00:00,121.30,201.43,6.64,24.82,18.60,NA,NA,1.37,47.65,NA,NA,NA,NA,NA,NA,NA,NA,NA,NA,NA,0.00,NA,NA,NA
2025-01-22 00:00:00,99.13,160.00,6.43,18.16,14.89,NA,NA,1.18,37.63,NA,NA,NA,NA,NA,NA,NA,NA,NA,NA,NA,0.00,NA,NA,NA
2025-01-22 01:00:00,92.30,181.76,6.50,17.49,14.58,NA,NA,1.21,37.13,NA,NA,NA,NA,NA,NA,NA,NA,NA,NA,NA,0.00,NA,NA,NA
2025-01-22 02:00:00,97.20,186.07,6.41,19.10,15.37,NA,NA,1.19,24.09,NA,NA,NA,NA,NA,NA,NA,NA,NA,NA,NA,0.00,NA,NA,NA
2025-01-22 03:00:00,93.63,172.62,6.84,25.93,19.35,NA,NA,1.18,14.49,NA,NA,NA,NA,NA,NA,NA,NA,NA,NA,NA,0.00,NA,NA,NA
2025-01-22 04:00:00,93.86,165.86,6.36,20.86,16.27,NA,NA,1.20,11.74,NA,NA,NA,NA,NA,NA,NA,NA,NA,NA,NA,0.00,NA,NA,NA
2025-01-22 05:00:00,83.29,149.00,6.78,20.07,16.19,NA,NA,1.09,10.83,NA,NA,NA,NA,NA,NA,NA,NA,NA,NA,NA,0.00,NA,NA,NA
2025-01-22 06:00:00,81.51,150.70,11.54,25.94,23.18,NA,NA,1.15,5.79,NA,NA,NA,NA,NA,NA,NA,NA,NA,NA,NA,0.00,NA,NA,NA
2025-01-22 07:00:00,76.76,191.25,11.94,23.75,22.34,NA,NA,1.25,6.89,NA,NA,NA,NA,NA,NA,NA,NA,NA,NA,NA,0.00,NA,NA,NA
2025-01-22 08:00:00,86.68,201.26,14.85,23.65,24.65,NA,NA,1.46,7.98,NA,NA,NA,NA,NA,NA,NA,NA,NA,NA,NA,0.00,NA,NA,NA
2025-01-22 09:00:00,110.97,219.37,12.61,31.47,27.00,NA,NA,1.48,28.12,NA,NA,NA,NA,NA,NA,NA,NA,NA,NA,NA,0.00,NA,NA,NA
2025-01-22 10:00:00,113.31,201.29,8.63,27.18,21.47,NA,NA,1.34,47.11,NA,NA,NA,NA,NA,NA,NA,NA,NA,NA,NA,0.00,NA,NA,NA
2025-01-22 11:00:00,77.88,182.37,9.48,30.55,23.96,NA,NA,1.22,80.41,NA,NA,NA,NA,NA,NA,NA,NA,NA,NA,NA,0.00,NA,NA,NA
2025-01-22 12:00:00,58.57,204.35,7.28,21.24,17.21,NA,NA,1.16,95.64,NA,NA,NA,NA,NA,NA,NA,NA,NA,NA,NA,0.00,NA,NA,NA
2025-01-22 13:00:00,64.33,146.14,6.58,16.53,14.14,NA,NA,1.03,86.79,NA,NA,NA,NA,NA,NA,NA,NA,NA,NA,NA,0.00,NA,NA,NA
2025-01-22 14:00:00,49.58,108.74,5.68,9.14,9.48,NA,NA,0.97,72.80,NA,NA,NA,NA,NA,NA,NA,NA,NA,NA,NA,0.00,NA,NA,NA
2025-01-22 15:00:00,53.54,121.09,5.55,13.60,11.75,NA,NA,1.00,118.72,NA,NA,NA,NA,NA,NA,NA,NA,NA,NA,NA,0.00,NA,NA,NA
2025-01-22 16:00:00,55.93,143.46,5.62,17.02,13.62,NA,NA,1.06,79.38,NA,NA,NA,NA,NA,NA,NA,NA,NA,NA,NA,0.00,NA,NA,NA
2025-01-22 17:00:00,82.87,191.24,5.91,22.68,16.87,NA,NA,1.15,71.18,NA,NA,NA,NA,NA,NA,NA,NA,NA,NA,NA,0.00,NA,NA,NA
2025-01-22 18:00:00,100.42,234.35,6.12,26.16,18.89,NA,NA,1.35,61.83,NA,NA,NA,NA,NA,NA,NA,NA,NA,NA,NA,0.00,NA,NA,NA
2025-01-22 19:00:00,129.25,286.31,6.35,26.83,19.43,NA,NA,1.45,33.83,NA,NA,NA,NA,NA,NA,NA,NA,NA,NA,NA,0.00,NA,NA,NA
2025-01-22 20:00:00,129.02,267.74,6.70,30.90,21.88,NA,NA,1.59,12.79,NA,NA,NA,NA,NA,NA,NA,NA,NA,NA,NA,0.00,NA,NA,NA
2025-01-22 21:00:00,117.76,239.55,6.92,25.85,19.38,NA,NA,1.64,8.36,NA,NA,NA,NA,NA,NA,NA,NA,NA,NA,NA,0.00,NA,NA,NA
2025-01-22 22:00:00,127.82,268.65,7.70,22.90,18.44,NA,NA,1.88,8.95,NA,NA,NA,NA,NA,NA,NA,NA,NA,NA,NA,0.00,NA,NA,NA
2025-01-22 23:00:00,136.68,273.13,19.81,24.69,29.21,NA,NA,2.14,5.87,NA,NA,NA,NA,NA,NA,NA,NA,NA,NA,NA,0.00,NA,NA,NA
2025-01-23 00:00:00,164.81,293.13,21.53,41.06,39.37,NA,NA,2.20,4.97,NA,NA,NA,NA,NA,NA,NA,NA,NA,NA,NA,0.00,NA,NA,NA
2025-01-23 01:00:00,125.55,243.80,18.08,38.13,34.99,NA,NA,2.09,6.22,NA,NA,NA,NA,NA,NA,NA,NA,NA,NA,NA,0.00,NA,NA,NA
2025-01-23 02:00:00,107.85,177.83,7.02,23.25,18.08,NA,NA,1.76,10.49,NA,NA,NA,NA,NA,NA,NA,NA,NA,NA,NA,0.00,NA,NA,NA
2025-01-23 03:00:00,82.41,113.51,7.03,17.36,14.95,NA,NA,1.69,8.62,NA,NA,NA,NA,NA,NA,NA,NA,NA,NA,NA,0.00,NA,NA,NA
2025-01-23 04:00:00,90.49,135.46,6.93,12.01,12.02,NA,NA,1.50,6.07,NA,NA,NA,NA,NA,NA,NA,NA,NA,NA,NA,0.00,NA,NA,NA
2025-01-23 05:00:00,53.04,68.21,7.26,8.29,10.31,NA,NA,1.38,5.08,NA,NA,NA,NA,NA,NA,NA,NA,NA,NA,NA,0.00,NA,NA,NA
2025-01-23 06:00:00,52.63,87.64,14.18,12.62,18.22,NA,NA,1.37,6.59,NA,NA,NA,NA,NA,NA,NA,NA,NA,NA,NA,0.00,NA,NA,NA
2025-01-23 07:00:00,66.64,113.86,22.01,16.07,26.43,NA,NA,1.57,8.12,NA,NA,NA,NA,NA,NA,NA,NA,NA,NA,NA,0.00,NA,NA,NA
2025-01-23 08:00:00,107.89,186.20,25.16,18.54,30.34,NA,NA,1.74,7.59,NA,NA,NA,NA,NA,NA,NA,NA,NA,NA,NA,0.00,NA,NA,NA
2025-01-23 09:00:00,140.59,219.07,18.28,33.44,32.66,NA,NA,1.83,7.86,NA,NA,NA,NA,NA,NA,NA,NA,NA,NA,NA,0.00,NA,NA,NA
2025-01-23 10:00:00,136.80,222.48,11.11,39.45,30.02,NA,NA,1.53,39.28,NA,NA,NA,NA,NA,NA,NA,NA,NA,NA,NA,0.00,NA,NA,NA
2025-01-23 11:00:00,99.50,175.80,8.35,30.45,22.99,NA,NA,1.34,55.28,NA,NA,NA,NA,NA,NA,NA,NA,NA,NA,NA,0.00,NA,NA,NA
2025-01-23 12:00:00,70.09,146.90,6.39,16.62,14.03,NA,NA,1.18,91.93,NA,NA,NA,NA,NA,NA,NA,NA,NA,NA,NA,0.00,NA,NA,NA
2025-01-23 13:00:00,68.16,138.10,5.54,9.14,9.36,NA,NA,1.05,74.46,NA,NA,NA,NA,NA,NA,NA,NA,NA,NA,NA,0.00,NA,NA,NA
2025-01-23 14:00:00,60.85,130.90,5.25,7.34,8.17,NA,NA,0.99,121.14,NA,NA,NA,NA,NA,NA,NA,NA,NA,NA,NA,0.00,NA,NA,NA
2025-01-23 15:00:00,42.71,115.28,5.59,10.55,10.16,NA,NA,0.89,123.07,NA,NA,NA,NA,NA,NA,NA,NA,NA,NA,NA,0.00,NA,NA,NA
2025-01-23 16:00:00,31.01,84.07,4.89,5.10,6.69,NA,NA,0.88,77.94,NA,NA,NA,NA,NA,NA,NA,NA,NA,NA,NA,0.00,NA,NA,NA
2025-01-23 17:00:00,36.77,102.24,5.10,7.92,8.36,NA,NA,0.90,99.67,NA,NA,NA,NA,NA,NA,NA,NA,NA,NA,NA,0.00,NA,NA,NA
2025-01-23 18:00:00,55.51,123.13,5.41,19.47,14.75,NA,NA,1.07,87.55,NA,NA,NA,NA,NA,NA,NA,NA,NA,NA,NA,0.00,NA,NA,NA
2025-01-23 19:00:00,74.58,171.65,5.56,29.17,20.04,NA,NA,1.27,57.46,NA,NA,NA,NA,NA,NA,NA,NA,NA,NA,NA,0.00,NA,NA,NA
2025-01-23 20:00:00,85.75,206.54,5.84,27.46,19.35,NA,NA,1.31,67.98,NA,NA,NA,NA,NA,NA,NA,NA,NA,NA,NA,0.00,NA,NA,NA
2025-01-23 21:00:00,74.03,188.06,5.86,21.74,16.33,NA,NA,1.23,65.41,NA,NA,NA,NA,NA,NA,NA,NA,NA,NA,NA,0.00,NA,NA,NA
2025-01-23 22:00:00,71.31,173.51,5.99,22.20,16.68,NA,NA,1.23,36.08,NA,NA,NA,NA,NA,NA,NA,NA,NA,NA,NA,0.00,NA,NA,NA
2025-01-23 23:00:00,62.29,151.55,6.09,15.02,12.94,NA,NA,1.06,41.33,NA,NA,NA,NA,NA,NA,NA,NA,NA,NA,NA,0.00,NA,NA,NA
2025-01-24 00:00:00,52.48,113.00,6.11,13.28,12.03,NA,NA,1.02,39.78,NA,NA,NA,NA,NA,NA,NA,NA,NA,NA,NA,0.00,NA,NA,NA
2025-01-24 01:00:00,61.50,140.30,6.14,15.92,13.46,NA,NA,1.08,31.92,NA,NA,NA,NA,NA,NA,NA,NA,NA,NA,NA,0.00,NA,NA,NA
2025-01-24 02:00:00,55.68,128.32,6.26,13.74,12.40,NA,NA,1.00,38.19,NA,NA,NA,NA,NA,NA,NA,NA,NA,NA,NA,0.00,NA,NA,NA
2025-01-24 03:00:00,53.34,117.16,6.23,9.19,9.95,NA,NA,1.00,37.61,NA,NA,NA,NA,NA,NA,NA,NA,NA,NA,NA,0.00,NA,NA,NA
2025-01-24 04:00:00,71.45,115.86,6.14,9.86,10.23,NA,NA,1.02,40.74,NA,NA,NA,NA,NA,NA,NA,NA,NA,NA,NA,0.00,NA,NA,NA
2025-01-24 05:00:00,79.86,120.17,6.33,15.57,13.43,NA,NA,1.03,30.68,NA,NA,NA,NA,NA,NA,NA,NA,NA,NA,NA,0.00,NA,NA,NA
2025-01-24 06:00:00,92.77,134.94,6.64,19.92,15.99,NA,NA,1.10,18.40,NA,NA,NA,NA,NA,NA,NA,NA,NA,NA,NA,0.00,NA,NA,NA
2025-01-24 07:00:00,101.72,166.78,6.86,19.00,15.68,NA,NA,1.21,24.36,NA,NA,NA,NA,NA,NA,NA,NA,NA,NA,NA,0.00,NA,NA,NA
2025-01-24 08:00:00,86.03,184.91,8.10,18.86,16.62,NA,NA,1.22,24.44,NA,NA,NA,NA,NA,NA,NA,NA,NA,NA,NA,0.00,NA,NA,NA
2025-01-24 09:00:00,77.29,190.34,8.22,18.34,16.43,NA,NA,1.23,34.02,NA,NA,NA,NA,NA,NA,NA,NA,NA,NA,NA,0.00,NA,NA,NA
2025-01-24 10:00:00,64.62,181.16,7.08,14.57,13.51,NA,NA,1.16,41.71,NA,NA,NA,NA,NA,NA,NA,NA,NA,NA,NA,0.00,NA,NA,NA
2025-01-24 11:00:00,48.39,161.52,6.05,11.92,11.26,NA,NA,1.11,68.20,NA,NA,NA,NA,NA,NA,NA,NA,NA,NA,NA,0.00,NA,NA,NA
2025-01-24 12:00:00,59.52,129.44,5.52,7.94,8.71,NA,NA,0.82,105.05,NA,NA,NA,NA,NA,NA,NA,NA,NA,NA,NA,0.00,NA,NA,NA
2025-01-24 13:00:00,19.66,NA,5.38,4.76,6.90,NA,NA,0.60,116.97,NA,NA,NA,NA,NA,NA,NA,NA,NA,NA,NA,0.00,NA,NA,NA
2025-01-24 14:00:00,28.58,NA,5.26,2.98,5.86,NA,NA,0.62,59.26,NA,NA,NA,NA,NA,NA,NA,NA,NA,NA,NA,0.00,NA,NA,NA
2025-01-24 15:00:00,30.29,22.73,5.51,7.83,8.65,NA,NA,0.61,78.34,NA,NA,NA,NA,NA,NA,NA,NA,NA,NA,NA,0.00,NA,NA,NA
2025-01-24 16:00:00,36.21,39.78,5.25,6.47,7.71,NA,NA,0.59,88.72,NA,NA,NA,NA,NA,NA,NA,NA,NA,NA,NA,0.00,NA,NA,NA
2025-01-24 17:00:00,54.96,93.03,5.16,14.16,11.73,NA,NA,0.67,94.49,NA,NA,NA,NA,NA,NA,NA,NA,NA,NA,NA,0.00,NA,NA,NA
2025-01-24 18:00:00,54.16,109.39,5.17,21.02,15.38,NA,NA,0.73,80.11,NA,NA,NA,NA,NA,NA,NA,NA,NA,NA,NA,0.00,NA,NA,NA
2025-01-24 19:00:00,66.77,127.76,5.32,22.50,16.30,NA,NA,0.79,65.24,NA,NA,NA,NA,NA,NA,NA,NA,NA,NA,NA,0.00,NA,NA,NA
2025-01-24 20:00:00,64.52,115.56,5.39,19.44,14.72,NA,NA,0.75,93.37,NA,NA,NA,NA,NA,NA,NA,NA,NA,NA,NA,0.00,NA,NA,NA
2025-01-24 21:00:00,65.83,122.29,5.62,31.67,21.41,NA,NA,0.92,53.96,NA,NA,NA,NA,NA,NA,NA,NA,NA,NA,NA,0.00,NA,NA,NA
2025-01-24 22:00:00,93.79,181.10,6.45,45.65,29.53,NA,NA,1.12,18.80,NA,NA,NA,NA,NA,NA,NA,NA,NA,NA,NA,0.00,NA,NA,NA
2025-01-24 23:00:00,87.85,195.52,5.89,37.60,24.79,NA,NA,1.01,25.72,NA,NA,NA,NA,NA,NA,NA,NA,NA,NA,NA,0.00,NA,NA,NA
2025-01-25 00:00:00,75.14,167.22,5.94,32.01,21.85,NA,NA,0.83,40.03,NA,NA,NA,NA,NA,NA,NA,NA,NA,NA,NA,0.00,NA,NA,NA
2025-01-25 01:00:00,62.64,130.32,5.81,30.60,21.00,NA,NA,0.77,31.08,NA,NA,NA,NA,NA,NA,NA,NA,NA,NA,NA,0.00,NA,NA,NA
2025-01-25 02:00:00,47.57,128.27,5.95,21.65,16.35,NA,NA,0.72,38.46,NA,NA,NA,NA,NA,NA,NA,NA,NA,NA,NA,0.00,NA,NA,NA
2025-01-25 03:00:00,52.42,111.99,5.99,24.88,18.11,NA,NA,0.68,39.56,NA,NA,NA,NA,NA,NA,NA,NA,NA,NA,NA,0.00,NA,NA,NA
2025-01-25 04:00:00,66.36,116.94,5.75,22.34,16.56,NA,NA,0.69,34.66,NA,NA,NA,NA,NA,NA,NA,NA,NA,NA,NA,0.00,NA,NA,NA
2025-01-25 05:00:00,61.79,107.07,5.65,18.68,14.53,NA,NA,0.69,42.53,NA,NA,NA,NA,NA,NA,NA,NA,NA,NA,NA,0.00,NA,NA,NA
2025-01-25 06:00:00,67.57,122.26,5.72,20.73,15.68,NA,NA,0.70,36.76,NA,NA,NA,NA,NA,NA,NA,NA,NA,NA,NA,0.00,NA,NA,NA
2025-01-25 07:00:00,65.63,119.98,5.87,22.98,16.99,NA,NA,0.70,42.34,NA,NA,NA,NA,NA,NA,NA,NA,NA,NA,NA,0.00,NA,NA,NA
2025-01-25 08:00:00,49.54,107.69,7.34,22.23,17.79,NA,NA,0.78,35.77,NA,NA,NA,NA,NA,NA,NA,NA,NA,NA,NA,0.00,NA,NA,NA
2025-01-25 09:00:00,53.37,154.71,6.92,18.17,15.28,NA,NA,0.73,43.16,NA,NA,NA,NA,NA,NA,NA,NA,NA,NA,NA,0.00,NA,NA,NA
2025-01-25 10:00:00,42.71,157.39,6.47,16.83,14.21,NA,NA,0.70,50.68,NA,NA,NA,NA,NA,NA,NA,NA,NA,NA,NA,0.00,NA,NA,NA
2025-01-25 11:00:00,33.26,139.00,6.11,13.47,12.13,NA,NA,0.67,54.73,NA,NA,NA,NA,NA,NA,NA,NA,NA,NA,NA,0.00,NA,NA,NA
2025-01-25 12:00:00,37.39,120.35,5.53,9.84,9.74,NA,NA,0.63,68.68,NA,NA,NA,NA,NA,NA,NA,NA,NA,NA,NA,0.00,NA,NA,NA
2025-01-25 13:00:00,34.78,106.93,5.31,7.33,8.21,NA,NA,0.60,93.85,NA,NA,NA,NA,NA,NA,NA,NA,NA,NA,NA,0.00,NA,NA,NA
2025-01-25 14:00:00,32.14,91.57,5.29,7.36,8.21,NA,NA,0.56,103.24,NA,NA,NA,NA,NA,NA,NA,NA,NA,NA,NA,0.00,NA,NA,NA
2025-01-25 15:00:00,32.69,81.00,5.29,6.39,7.70,NA,NA,0.55,96.57,NA,NA,NA,NA,NA,NA,NA,NA,NA,NA,NA,0.00,NA,NA,NA
2025-01-25 16:00:00,31.55,86.07,5.05,9.17,8.99,NA,NA,0.59,78.63,NA,NA,NA,NA,NA,NA,NA,NA,NA,NA,NA,0.00,NA,NA,NA
2025-01-25 17:00:00,35.50,91.85,5.12,10.67,195.21,NA,NA,0.50,67.25,NA,NA,NA,NA,NA,NA,NA,NA,NA,NA,NA,0.00,NA,NA,NA
2025-01-25 18:00:00,19.15,33.66,21.07,29.98,28.46,NA,NA,0.78,63.81,NA,NA,NA,NA,NA,NA,NA,NA,NA,NA,NA,0.00,NA,NA,NA
2025-01-25 19:00:00,NA,34.32,6.02,53.22,33.19,NA,NA,1.02,42.56,NA,NA,NA,NA,NA,NA,NA,NA,NA,NA,NA,0.00,NA,NA,NA
2025-01-25 20:00:00,7.29,189.42,12.27,67.98,46.15,NA,NA,1.34,7.06,NA,NA,NA,NA,NA,NA,NA,NA,NA,NA,NA,0.00,NA,NA,NA
2025-01-25 21:00:00,42.54,218.30,5.53,53.89,33.16,NA,NA,1.20,9.23,NA,NA,NA,NA,NA,NA,NA,NA,NA,NA,NA,0.00,NA,NA,NA
2025-01-25 22:00:00,38.56,195.39,8.41,57.18,37.24,NA,NA,1.28,11.29,NA,NA,NA,NA,NA,NA,NA,NA,NA,NA,NA,0.00,NA,NA,NA
2025-01-25 23:00:00,72.82,245.93,7.93,51.67,33.94,NA,NA,1.24,9.14,NA,NA,NA,NA,NA,NA,NA,NA,NA,NA,NA,0.00,NA,NA,NA
2025-01-26 00:00:00,73.71,216.04,12.25,58.49,41.06,NA,NA,1.30,4.93,NA,NA,NA,NA,NA,NA,NA,NA,NA,NA,NA,0.00,NA,NA,NA
2025-01-26 01:00:00,78.26,233.68,8.35,51.47,34.18,NA,NA,1.26,12.06,NA,NA,NA,NA,NA,NA,NA,NA,NA,NA,NA,0.00,NA,NA,NA
2025-01-26 02:00:00,66.94,163.77,5.06,45.30,28.21,NA,NA,1.11,24.14,NA,NA,NA,NA,NA,NA,NA,NA,NA,NA,NA,0.00,NA,NA,NA
2025-01-26 03:00:00,105.91,172.48,5.29,38.38,24.72,NA,NA,1.03,21.08,NA,NA,NA,NA,NA,NA,NA,NA,NA,NA,NA,0.00,NA,NA,NA
2025-01-26 04:00:00,103.05,169.65,5.32,33.90,22.36,NA,NA,0.99,29.50,NA,NA,NA,NA,NA,NA,NA,NA,NA,NA,NA,0.00,NA,NA,NA
2025-01-26 05:00:00,91.58,155.05,5.33,29.17,19.85,NA,NA,0.92,28.91,NA,NA,NA,NA,NA,NA,NA,NA,NA,NA,NA,0.00,NA,NA,NA
2025-01-26 06:00:00,71.38,134.48,5.17,27.24,18.69,NA,NA,0.88,28.69,NA,NA,NA,NA,NA,NA,NA,NA,NA,NA,NA,0.00,NA,NA,NA
2025-01-26 07:00:00,85.93,149.99,5.33,21.58,15.81,NA,NA,0.88,37.35,NA,NA,NA,NA,NA,NA,NA,NA,NA,NA,NA,0.00,NA,NA,NA
2025-01-26 08:00:00,83.44,159.11,6.72,25.06,18.79,NA,NA,0.97,33.67,NA,NA,NA,NA,NA,NA,NA,NA,NA,NA,NA,0.00,NA,NA,NA
2025-01-26 09:00:00,78.18,163.45,6.57,21.73,16.90,NA,NA,0.92,47.24,NA,NA,NA,NA,NA,NA,NA,NA,NA,NA,NA,0.00,NA,NA,NA
2025-01-26 10:00:00,50.06,145.79,5.45,13.21,11.46,NA,NA,0.80,66.15,NA,NA,NA,NA,NA,NA,NA,NA,NA,NA,NA,0.00,NA,NA,NA
2025-01-26 11:00:00,37.68,133.73,5.18,10.44,9.76,NA,NA,0.78,67.12,NA,NA,NA,NA,NA,NA,NA,NA,NA,NA,NA,0.00,NA,NA,NA
2025-01-26 12:00:00,32.52,139.40,4.94,9.97,9.32,NA,NA,0.74,78.98,NA,NA,NA,NA,NA,NA,NA,NA,NA,NA,NA,0.00,NA,NA,NA
2025-01-26 13:00:00,50.23,135.10,4.83,8.25,8.32,NA,NA,0.71,84.10,NA,NA,NA,NA,NA,NA,NA,NA,NA,NA,NA,0.00,NA,NA,NA
2025-01-26 14:00:00,42.40,113.43,4.83,6.41,7.34,NA,NA,0.68,81.27,NA,NA,NA,NA,NA,NA,NA,NA,NA,NA,NA,0.00,NA,NA,NA
2025-01-26 15:00:00,46.14,117.73,4.74,8.33,8.28,NA,NA,0.73,89.07,NA,NA,NA,NA,NA,NA,NA,NA,NA,NA,NA,0.00,NA,NA,NA
2025-01-26 16:00:00,58.86,129.53,4.80,12.61,10.61,NA,NA,0.76,91.76,NA,NA,NA,NA,NA,NA,NA,NA,NA,NA,NA,0.00,NA,NA,NA
2025-01-26 17:00:00,63.95,134.20,4.89,13.73,11.27,NA,NA,0.77,128.91,NA,NA,NA,NA,NA,NA,NA,NA,NA,NA,NA,0.00,NA,NA,NA
2025-01-26 18:00:00,67.96,131.82,2.34,23.28,14.28,NA,NA,0.83,91.32,NA,NA,NA,NA,NA,NA,NA,NA,NA,NA,NA,0.00,NA,NA,NA
2025-01-26 19:00:00,94.74,171.93,2.62,28.74,17.42,NA,NA,0.95,37.60,NA,NA,NA,NA,NA,NA,NA,NA,NA,NA,NA,0.00,NA,NA,NA
2025-01-26 20:00:00,119.25,195.86,2.48,27.71,16.75,NA,NA,0.99,30.34,NA,NA,NA,NA,NA,NA,NA,NA,NA,NA,NA,0.00,NA,NA,NA
2025-01-26 21:00:00,99.09,204.83,2.51,24.27,14.95,NA,NA,0.95,33.54,NA,NA,NA,NA,NA,NA,NA,NA,NA,NA,NA,0.00,NA,NA,NA
2025-01-26 22:00:00,84.22,179.47,2.55,20.78,13.12,NA,NA,0.93,18.97,NA,NA,NA,NA,NA,NA,NA,NA,NA,NA,NA,0.00,NA,NA,NA
2025-01-26 23:00:00,97.33,195.48,2.73,35.81,21.27,NA,NA,1.18,10.12,NA,NA,NA,NA,NA,NA,NA,NA,NA,NA,NA,0.00,NA,NA,NA
2025-01-27 00:00:00,131.24,200.14,3.14,26.81,16.81,NA,NA,1.17,4.71,NA,NA,NA,NA,NA,NA,NA,NA,NA,NA,NA,0.00,NA,NA,NA
2025-01-27 01:00:00,114.15,179.48,3.13,27.88,17.37,NA,NA,1.15,8.46,NA,NA,NA,NA,NA,NA,NA,NA,NA,NA,NA,0.00,NA,NA,NA
2025-01-27 02:00:00,95.05,163.88,2.81,21.38,13.66,NA,NA,1.15,20.64,NA,NA,NA,NA,NA,NA,NA,NA,NA,NA,NA,0.00,NA,NA,NA
2025-01-27 03:00:00,94.06,152.85,3.57,30.22,18.98,NA,NA,1.11,12.81,NA,NA,NA,NA,NA,NA,NA,NA,NA,NA,NA,0.00,NA,NA,NA
2025-01-27 04:00:00,96.24,158.82,4.49,34.69,22.10,NA,NA,1.16,5.69,NA,NA,NA,NA,NA,NA,NA,NA,NA,NA,NA,0.00,NA,NA,NA
2025-01-27 05:00:00,92.46,147.57,3.99,31.40,19.94,NA,NA,1.09,5.93,NA,NA,NA,NA,NA,NA,NA,NA,NA,NA,NA,0.00,NA,NA,NA
2025-01-27 06:00:00,87.45,140.13,5.93,34.04,22.93,NA,NA,1.07,5.17,NA,NA,NA,NA,NA,NA,NA,NA,NA,NA,NA,0.00,NA,NA,NA
2025-01-27 07:00:00,80.66,156.38,8.34,35.01,25.40,NA,NA,1.12,5.21,NA,NA,NA,NA,NA,NA,NA,NA,NA,NA,NA,0.00,NA,NA,NA
2025-01-27 08:00:00,104.04,187.99,10.85,40.28,30.25,NA,NA,1.29,11.42,NA,NA,NA,NA,NA,NA,NA,NA,NA,NA,NA,0.00,NA,NA,NA
2025-01-27 09:00:00,149.25,255.26,8.96,49.14,33.42,NA,NA,1.33,28.61,NA,NA,NA,NA,NA,NA,NA,NA,NA,NA,NA,0.00,NA,NA,NA
2025-01-27 10:00:00,95.84,219.54,5.16,27.56,18.85,NA,NA,0.99,79.88,NA,NA,NA,NA,NA,NA,NA,NA,NA,NA,NA,0.00,NA,NA,NA
2025-01-27 11:00:00,66.35,170.95,4.24,20.13,14.16,NA,NA,0.90,115.30,NA,NA,NA,NA,NA,NA,NA,NA,NA,NA,NA,0.00,NA,NA,NA
2025-01-27 12:00:00,51.52,168.71,3.71,15.37,11.19,NA,NA,0.84,113.81,NA,NA,NA,NA,NA,NA,NA,NA,NA,NA,NA,0.00,NA,NA,NA
2025-01-27 13:00:00,59.38,165.60,3.44,13.03,9.73,NA,NA,0.84,97.88,NA,NA,NA,NA,NA,NA,NA,NA,NA,NA,NA,0.00,NA,NA,NA
2025-01-27 14:00:00,71.49,152.53,3.30,10.57,8.31,NA,NA,0.82,93.31,NA,NA,NA,NA,NA,NA,NA,NA,NA,NA,NA,0.00,NA,NA,NA
2025-01-27 15:00:00,78.34,163.19,3.40,14.30,10.37,NA,NA,0.89,99.30,NA,NA,NA,NA,NA,NA,NA,NA,NA,NA,NA,0.00,NA,NA,NA
2025-01-27 16:00:00,72.35,166.14,3.44,12.65,9.53,NA,NA,0.82,101.26,NA,NA,NA,NA,NA,NA,NA,NA,NA,NA,NA,0.00,NA,NA,NA
2025-01-27 17:00:00,80.95,169.66,3.50,18.29,12.57,NA,NA,0.86,93.62,NA,NA,NA,NA,NA,NA,NA,NA,NA,NA,NA,0.00,NA,NA,NA
2025-01-27 18:00:00,77.22,192.57,3.68,31.81,19.91,NA,NA,0.94,65.34,NA,NA,NA,NA,NA,NA,NA,NA,NA,NA,NA,0.00,NA,NA,NA
2025-01-27 19:00:00,100.13,260.39,4.05,53.39,31.69,NA,NA,1.24,31.11,NA,NA,NA,NA,NA,NA,NA,NA,NA,NA,NA,0.00,NA,NA,NA
2025-01-27 20:00:00,156.68,356.04,5.85,66.65,40.21,NA,NA,1.61,14.76,NA,NA,NA,NA,NA,NA,NA,NA,NA,NA,NA,0.00,NA,NA,NA
2025-01-27 21:00:00,148.89,333.53,4.33,45.66,27.81,NA,NA,1.27,18.36,NA,NA,NA,NA,NA,NA,NA,NA,NA,NA,NA,0.00,NA,NA,NA
2025-01-27 22:00:00,156.03,316.02,10.45,54.03,37.25,NA,NA,1.44,7.34,NA,NA,NA,NA,NA,NA,NA,NA,NA,NA,NA,0.00,NA,NA,NA
2025-01-27 23:00:00,177.98,325.69,18.77,65.62,50.16,NA,NA,1.55,3.42,NA,NA,NA,NA,NA,NA,NA,NA,NA,NA,NA,0.00,NA,NA,NA
2025-01-28 00:00:00,155.23,286.25,17.84,70.05,51.75,NA,NA,1.59,3.87,NA,NA,NA,NA,NA,NA,NA,NA,NA,NA,NA,0.00,NA,NA,NA
2025-01-28 01:00:00,123.09,263.58,8.60,66.98,42.62,NA,NA,1.40,4.92,NA,NA,NA,NA,NA,NA,NA,NA,NA,NA,NA,0.00,NA,NA,NA
2025-01-28 02:00:00,106.18,216.85,6.99,58.14,36.60,NA,NA,1.21,7.09,NA,NA,NA,NA,NA,NA,NA,NA,NA,NA,NA,0.00,NA,NA,NA
2025-01-28 03:00:00,85.39,153.71,4.88,39.93,25.21,NA,NA,1.03,9.34,NA,NA,NA,NA,NA,NA,NA,NA,NA,NA,NA,0.00,NA,NA,NA
2025-01-28 04:00:00,72.01,126.11,5.03,33.59,21.96,NA,NA,0.99,7.44,NA,NA,NA,NA,NA,NA,NA,NA,NA,NA,NA,0.00,NA,NA,NA
2025-01-28 05:00:00,73.66,117.99,4.66,35.38,22.61,NA,NA,0.93,14.67,NA,NA,NA,NA,NA,NA,NA,NA,NA,NA,NA,0.00,NA,NA,NA
2025-01-28 06:00:00,59.14,115.86,4.54,25.38,17.19,NA,NA,0.89,16.09,NA,NA,NA,NA,NA,NA,NA,NA,NA,NA,NA,0.00,NA,NA,NA
2025-01-28 07:00:00,74.12,111.02,4.60,15.17,11.81,NA,NA,0.89,17.25,NA,NA,NA,NA,NA,NA,NA,NA,NA,NA,NA,0.00,NA,NA,NA
2025-01-28 08:00:00,67.29,99.91,6.00,16.35,13.58,NA,NA,0.94,15.42,NA,NA,NA,NA,NA,NA,NA,NA,NA,NA,NA,0.00,NA,NA,NA
2025-01-28 09:00:00,100.59,165.87,10.54,44.83,32.42,NA,NA,1.28,22.06,NA,NA,NA,NA,NA,NA,NA,NA,NA,NA,NA,0.00,NA,NA,NA
2025-01-28 10:00:00,116.00,244.26,8.09,39.24,27.45,NA,NA,1.19,49.30,NA,NA,NA,NA,NA,NA,NA,NA,NA,NA,NA,0.00,NA,NA,NA
2025-01-28 11:00:00,80.89,204.00,5.64,24.09,17.40,NA,NA,1.01,115.84,NA,NA,NA,NA,NA,NA,NA,NA,NA,NA,NA,0.00,NA,NA,NA
2025-01-28 12:00:00,70.09,187.31,4.71,14.18,11.38,NA,NA,0.93,104.10,NA,NA,NA,NA,NA,NA,NA,NA,NA,NA,NA,0.00,NA,NA,NA
2025-01-28 13:00:00,71.28,158.16,4.64,13.64,11.03,NA,NA,0.88,90.92,NA,NA,NA,NA,NA,NA,NA,NA,NA,NA,NA,0.00,NA,NA,NA
2025-01-28 14:00:00,67.75,143.83,4.61,16.10,12.31,NA,NA,0.89,93.51,NA,NA,NA,NA,NA,NA,NA,NA,NA,NA,NA,0.00,NA,NA,NA
2025-01-28 15:00:00,69.87,144.10,4.44,13.41,10.74,NA,NA,0.87,98.19,NA,NA,NA,NA,NA,NA,NA,NA,NA,NA,NA,0.00,NA,NA,NA
2025-01-28 16:00:00,63.35,141.22,4.47,12.99,10.55,NA,NA,0.86,109.69,NA,NA,NA,NA,NA,NA,NA,NA,NA,NA,NA,0.00,NA,NA,NA
2025-01-28 17:00:00,71.57,152.97,4.45,17.95,13.17,NA,NA,0.90,106.47,NA,NA,NA,NA,NA,NA,NA,NA,NA,NA,NA,0.00,NA,NA,NA
2025-01-28 18:00:00,80.06,168.56,4.66,24.27,16.72,NA,NA,0.95,58.66,NA,NA,NA,NA,NA,NA,NA,NA,NA,NA,NA,0.00,NA,NA,NA
2025-01-28 19:00:00,101.99,220.92,4.93,48.86,30.02,NA,NA,1.22,37.64,NA,NA,NA,NA,NA,NA,NA,NA,NA,NA,NA,0.00,NA,NA,NA
2025-01-28 20:00:00,129.27,249.26,5.18,44.07,27.67,NA,NA,1.22,13.73,NA,NA,NA,NA,NA,NA,NA,NA,NA,NA,NA,0.00,NA,NA,NA
2025-01-28 21:00:00,128.15,272.15,14.19,58.50,42.64,NA,NA,1.56,5.30,NA,NA,NA,NA,NA,NA,NA,NA,NA,NA,NA,0.00,NA,NA,NA
2025-01-28 22:00:00,122.59,221.84,5.68,36.35,23.93,NA,NA,1.24,7.01,NA,NA,NA,NA,NA,NA,NA,NA,NA,NA,NA,0.00,NA,NA,NA
2025-01-28 23:00:00,104.33,182.12,18.22,42.61,37.47,NA,NA,1.19,5.80,NA,NA,NA,NA,NA,NA,NA,NA,NA,NA,NA,0.00,NA,NA,NA
2025-01-29 00:00:00,99.62,143.00,5.63,25.37,18.05,NA,NA,1.02,10.08,NA,NA,NA,NA,NA,NA,NA,NA,NA,NA,NA,0.00,NA,NA,NA
2025-01-29 01:00:00,106.35,134.29,6.83,21.77,17.14,NA,NA,1.20,6.81,NA,NA,NA,NA,NA,NA,NA,NA,NA,NA,NA,0.00,NA,NA,NA
2025-01-29 02:00:00,112.78,164.61,10.05,27.79,22.98,NA,NA,1.43,4.30,NA,NA,NA,NA,NA,NA,NA,NA,NA,NA,NA,0.00,NA,NA,NA
2025-01-29 03:00:00,145.73,244.07,18.16,29.36,30.39,NA,NA,2.22,4.66,NA,NA,NA,NA,NA,NA,NA,NA,NA,NA,NA,0.00,NA,NA,NA
2025-01-29 04:00:00,206.51,304.06,19.01,25.72,29.12,NA,NA,2.52,3.89,NA,NA,NA,NA,NA,NA,NA,NA,NA,NA,NA,0.00,NA,NA,NA
2025-01-29 05:00:00,196.85,300.34,18.85,20.05,25.99,NA,NA,2.47,3.78,NA,NA,NA,NA,NA,NA,NA,NA,NA,NA,NA,0.00,NA,NA,NA
2025-01-29 06:00:00,189.78,281.49,22.03,28.63,33.15,NA,NA,2.42,4.19,NA,NA,NA,NA,NA,NA,NA,NA,NA,NA,NA,0.00,NA,NA,NA
2025-01-29 07:00:00,190.20,244.67,10.51,19.92,19.13,NA,NA,2.03,5.13,NA,NA,NA,NA,NA,NA,NA,NA,NA,NA,NA,0.00,NA,NA,NA
2025-01-29 08:00:00,169.76,218.77,14.35,23.92,24.42,NA,NA,2.16,7.70,NA,NA,NA,NA,NA,NA,NA,NA,NA,NA,NA,0.00,NA,NA,NA
2025-01-29 09:00:00,238.90,363.40,10.91,51.52,36.26,NA,NA,2.42,29.94,NA,NA,NA,NA,NA,NA,NA,NA,NA,NA,NA,0.00,NA,NA,NA
2025-01-29 10:00:00,208.13,367.86,6.23,27.81,19.84,NA,NA,1.62,51.75,NA,NA,NA,NA,NA,NA,NA,NA,NA,NA,NA,0.00,NA,NA,NA
2025-01-29 11:00:00,209.15,284.21,5.81,21.87,16.35,NA,NA,1.51,62.91,NA,NA,NA,NA,NA,NA,NA,NA,NA,NA,NA,0.00,NA,NA,NA
2025-01-29 12:00:00,200.59,272.85,5.52,17.71,13.90,NA,NA,1.29,93.70,NA,NA,NA,NA,NA,NA,NA,NA,NA,NA,NA,0.00,NA,NA,NA
2025-01-29 13:00:00,155.00,219.89,5.44,12.07,10.84,NA,NA,1.10,125.15,NA,NA,NA,NA,NA,NA,NA,NA,NA,NA,NA,0.00,NA,NA,NA
2025-01-29 14:00:00,118.24,187.96,5.37,10.91,10.17,NA,NA,1.06,142.30,NA,NA,NA,NA,NA,NA,NA,NA,NA,NA,NA,0.00,NA,NA,NA
2025-01-29 15:00:00,103.35,163.41,5.19,10.48,9.79,NA,NA,1.07,154.48,NA,NA,NA,NA,NA,NA,NA,NA,NA,NA,NA,0.00,NA,NA,NA
2025-01-29 16:00:00,101.36,160.19,7.64,10.45,10.04,NA,NA,1.04,152.62,NA,NA,NA,NA,NA,NA,NA,NA,NA,NA,NA,0.00,NA,NA,NA
2025-01-29 17:00:00,34.83,46.62,7.78,13.48,13.48,NA,NA,1.18,147.20,NA,NA,NA,NA,NA,NA,NA,NA,NA,NA,NA,0.00,NA,NA,NA
2025-01-29 18:00:00,89.51,155.16,4.11,21.80,14.96,NA,NA,1.39,112.30,NA,NA,NA,NA,NA,NA,NA,NA,NA,NA,NA,0.00,NA,NA,NA
2025-01-29 19:00:00,173.04,325.76,4.11,38.40,23.78,NA,NA,2.23,77.95,NA,NA,NA,NA,NA,NA,NA,NA,NA,NA,NA,0.00,NA,NA,NA
2025-01-29 20:00:00,210.76,360.29,4.49,36.97,23.30,NA,NA,1.80,45.26,NA,NA,NA,NA,NA,NA,NA,NA,NA,NA,NA,0.00,NA,NA,NA
2025-01-29 21:00:00,190.73,325.20,4.60,28.00,18.63,NA,NA,1.92,24.14,NA,NA,NA,NA,NA,NA,NA,NA,NA,NA,NA,0.00,NA,NA,NA
2025-01-29 22:00:00,193.74,314.67,4.82,26.02,17.75,NA,NA,1.81,29.35,NA,NA,NA,NA,NA,NA,NA,NA,NA,NA,NA,0.00,NA,NA,NA
2025-01-29 23:00:00,179.18,290.26,5.04,19.03,14.22,NA,NA,1.66,15.76,NA,NA,NA,NA,NA,NA,NA,NA,NA,NA,NA,0.00,NA,NA,NA
2025-01-30 00:00:00,213.18,284.67,5.69,20.35,15.45,NA,NA,1.50,17.86,NA,NA,NA,NA,NA,NA,NA,NA,NA,NA,NA,0.00,NA,NA,NA
2025-01-30 01:00:00,220.04,296.28,5.48,13.31,11.53,NA,NA,1.36,7.74,NA,NA,NA,NA,NA,NA,NA,NA,NA,NA,NA,0.00,NA,NA,NA
2025-01-30 02:00:00,202.57,271.50,7.55,13.81,13.51,NA,NA,1.63,11.63,NA,NA,NA,NA,NA,NA,NA,NA,NA,NA,NA,0.00,NA,NA,NA
2025-01-30 03:00:00,171.27,240.81,7.33,11.86,12.27,NA,NA,1.69,9.50,NA,NA,NA,NA,NA,NA,NA,NA,NA,NA,NA,0.00,NA,NA,NA
2025-01-30 04:00:00,174.67,256.33,5.69,8.92,9.37,NA,NA,1.19,7.43,NA,NA,NA,NA,NA,NA,NA,NA,NA,NA,NA,0.00,NA,NA,NA
2025-01-30 05:00:00,204.00,280.22,6.97,11.64,11.86,NA,NA,1.54,15.79,NA,NA,NA,NA,NA,NA,NA,NA,NA,NA,NA,0.00,NA,NA,NA
2025-01-30 06:00:00,215.73,288.11,5.53,8.60,9.08,NA,NA,1.29,8.56,NA,NA,NA,NA,NA,NA,NA,NA,NA,NA,NA,0.00,NA,NA,NA
2025-01-30 07:00:00,210.62,271.87,5.85,8.79,9.43,NA,NA,1.25,6.57,NA,NA,NA,NA,NA,NA,NA,NA,NA,NA,NA,0.00,NA,NA,NA
2025-01-30 08:00:00,176.75,259.35,6.84,11.15,11.49,NA,NA,1.29,12.59,NA,NA,NA,NA,NA,NA,NA,NA,NA,NA,NA,0.00,NA,NA,NA
2025-01-30 09:00:00,160.05,269.50,6.07,19.55,15.34,NA,NA,1.28,56.94,NA,NA,NA,NA,NA,NA,NA,NA,NA,NA,NA,0.00,NA,NA,NA
2025-01-30 10:00:00,178.71,223.60,5.60,13.34,11.65,NA,NA,1.09,75.96,NA,NA,NA,NA,NA,NA,NA,NA,NA,NA,NA,0.00,NA,NA,NA
2025-01-30 11:00:00,133.15,169.46,5.30,10.11,9.69,NA,NA,0.97,116.78,NA,NA,NA,NA,NA,NA,NA,NA,NA,NA,NA,0.00,NA,NA,NA
2025-01-30 12:00:00,117.91,145.61,5.23,9.34,9.22,NA,NA,0.96,126.73,NA,NA,NA,NA,NA,NA,NA,NA,NA,NA,NA,0.00,NA,NA,NA
2025-01-30 13:00:00,126.15,177.06,5.21,9.87,9.48,NA,NA,0.97,133.49,NA,NA,NA,NA,NA,NA,NA,NA,NA,NA,NA,0.00,NA,NA,NA
2025-01-30 14:00:00,124.53,159.50,5.16,9.63,9.32,NA,NA,0.99,136.24,NA,NA,NA,NA,NA,NA,NA,NA,NA,NA,NA,0.00,NA,NA,NA
2025-01-30 15:00:00,114.23,137.90,5.20,9.44,9.25,NA,NA,1.00,134.77,NA,NA,NA,NA,NA,NA,NA,NA,NA,NA,NA,0.00,NA,NA,NA
2025-01-30 16:00:00,107.44,107.36,5.19,9.21,9.12,NA,NA,0.98,132.51,NA,NA,NA,NA,NA,NA,NA,NA,NA,NA,NA,0.00,NA,NA,NA
2025-01-30 17:00:00,111.03,115.67,5.44,10.11,9.80,NA,NA,0.99,122.03,NA,NA,NA,NA,NA,NA,NA,NA,NA,NA,NA,0.00,NA,NA,NA
2025-01-30 18:00:00,109.41,166.32,5.56,13.90,11.92,NA,NA,1.00,85.82,NA,NA,NA,NA,NA,NA,NA,NA,NA,NA,NA,0.00,NA,NA,NA
2025-01-30 19:00:00,116.06,172.27,5.75,13.47,11.84,NA,NA,1.02,44.92,NA,NA,NA,NA,NA,NA,NA,NA,NA,NA,NA,0.00,NA,NA,NA
2025-01-30 20:00:00,116.25,171.89,5.74,13.42,11.80,NA,NA,1.06,26.94,NA,NA,NA,NA,NA,NA,NA,NA,NA,NA,NA,0.00,NA,NA,NA
2025-01-30 21:00:00,137.79,173.20,5.91,10.09,10.18,NA,NA,1.04,15.47,NA,NA,NA,NA,NA,NA,NA,NA,NA,NA,NA,0.00,NA,NA,NA
2025-01-30 22:00:00,149.83,180.30,5.88,14.91,12.71,NA,NA,1.11,19.72,NA,NA,NA,NA,NA,NA,NA,NA,NA,NA,NA,0.00,NA,NA,NA
2025-01-30 23:00:00,152.32,190.03,5.98,23.47,17.34,NA,NA,1.26,16.39,NA,NA,NA,NA,NA,NA,NA,NA,NA,NA,NA,0.00,NA,NA,NA
2025-01-31 00:00:00,150.04,237.72,14.30,36.82,31.18,NA,NA,1.30,8.62,NA,NA,NA,NA,NA,NA,NA,NA,NA,NA,NA,0.00,NA,NA,NA
2025-01-31 01:00:00,134.45,228.20,10.20,26.51,22.43,NA,NA,1.19,8.84,NA,NA,NA,NA,NA,NA,NA,NA,NA,NA,NA,0.00,NA,NA,NA
2025-01-31 02:00:00,113.19,180.12,6.16,11.24,10.98,NA,NA,1.13,10.01,NA,NA,NA,NA,NA,NA,NA,NA,NA,NA,NA,0.00,NA,NA,NA
2025-01-31 03:00:00,131.58,177.08,6.92,7.66,9.70,NA,NA,1.12,7.83,NA,NA,NA,NA,NA,NA,NA,NA,NA,NA,NA,0.00,NA,NA,NA
2025-01-31 04:00:00,177.23,195.35,8.16,10.73,12.34,NA,NA,1.41,9.38,NA,NA,NA,NA,NA,NA,NA,NA,NA,NA,NA,0.00,NA,NA,NA
2025-01-31 05:00:00,162.33,210.42,7.28,11.69,12.14,NA,NA,1.33,6.63,NA,NA,NA,NA,NA,NA,NA,NA,NA,NA,NA,0.00,NA,NA,NA
2025-01-31 06:00:00,100.35,184.20,17.60,12.06,20.72,NA,NA,1.42,5.28,NA,NA,NA,NA,NA,NA,NA,NA,NA,NA,NA,0.00,NA,NA,NA
2025-01-31 07:00:00,114.15,170.37,12.07,8.94,14.58,NA,NA,1.39,6.04,NA,NA,NA,NA,NA,NA,NA,NA,NA,NA,NA,0.00,NA,NA,NA
2025-01-31 08:00:00,88.44,130.68,12.91,11.56,16.64,NA,NA,1.45,7.74,NA,NA,NA,NA,NA,NA,NA,NA,NA,NA,NA,0.00,NA,NA,NA
2025-01-31 09:00:00,95.31,122.15,30.05,21.90,36.09,NA,NA,1.78,8.98,NA,NA,NA,NA,NA,NA,NA,NA,NA,NA,NA,0.00,NA,NA,NA
2025-01-31 10:00:00,115.87,192.68,7.27,19.85,16.47,NA,NA,1.29,36.14,NA,NA,NA,NA,NA,NA,NA,NA,NA,NA,NA,0.00,NA,NA,NA
2025-01-31 11:00:00,114.08,158.90,6.72,21.30,16.79,NA,NA,1.24,62.77,NA,NA,NA,NA,NA,NA,NA,NA,NA,NA,NA,0.00,NA,NA,NA
2025-01-31 12:00:00,97.44,179.00,5.91,14.05,12.27,NA,NA,1.04,117.86,NA,NA,NA,NA,NA,NA,NA,NA,NA,NA,NA,0.00,NA,NA,NA
2025-01-31 13:00:00,124.83,177.85,5.63,13.06,11.52,NA,NA,1.03,137.45,NA,NA,NA,NA,NA,NA,NA,NA,NA,NA,NA,0.00,NA,NA,NA
2025-01-31 14:00:00,104.43,164.72,5.13,9.73,9.35,NA,NA,0.86,133.54,NA,NA,NA,NA,NA,NA,NA,NA,NA,NA,NA,0.00,NA,NA,NA
2025-01-31 15:00:00,36.18,68.38,4.93,2.49,5.33,NA,NA,0.64,103.82,NA,NA,NA,NA,NA,NA,NA,NA,NA,NA,NA,0.00,NA,NA,NA
2025-01-31 16:00:00,38.84,70.67,5.14,3.92,6.27,NA,NA,0.74,123.60,NA,NA,NA,NA,NA,NA,NA,NA,NA,NA,NA,0.00,NA,NA,NA
2025-01-31 17:00:00,56.46,87.08,5.31,4.75,6.84,NA,NA,0.76,121.89,NA,NA,NA,NA,NA,NA,NA,NA,NA,NA,NA,0.00,NA,NA,NA
2025-01-31 18:00:00,60.50,87.07,5.57,8.40,8.99,NA,NA,0.77,90.02,NA,NA,NA,NA,NA,NA,NA,NA,NA,NA,NA,0.00,NA,NA,NA
2025-01-31 19:00:00,80.32,97.67,5.89,19.68,15.25,NA,NA,1.03,54.36,NA,NA,NA,NA,NA,NA,NA,NA,NA,NA,NA,0.00,NA,NA,NA
2025-01-31 20:00:00,182.86,254.08,6.41,50.58,32.11,NA,NA,1.90,17.71,NA,NA,NA,NA,NA,NA,NA,NA,NA,NA,NA,0.00,NA,NA,NA
2025-01-31 21:00:00,206.78,364.11,8.27,48.69,32.62,NA,NA,2.16,5.34,NA,NA,NA,NA,NA,NA,NA,NA,NA,NA,NA,0.00,NA,NA,NA
2025-01-31 22:00:00,197.85,343.08,15.13,49.12,38.42,NA,NA,2.74,5.08,NA,NA,NA,NA,NA,NA,NA,NA,NA,NA,NA,0.00,NA,NA,NA
2025-01-31 23:00:00,225.20,348.15,20.12,37.86,36.49,NA,NA,2.86,5.04,NA,NA,NA,NA,NA,NA,NA,NA,NA,NA,NA,0.00,NA,NA,NA
2025-02-01 00:00:00,215.35,355.32,21.34,26.60,31.50,NA,NA,2.89,4.69,NA,NA,NA,NA,NA,NA,NA,NA,NA,NA,NA,0.00,NA,NA,NA
2025-02-01 01:00:00,215.86,371.13,24.78,17.06,29.21,NA,NA,2.94,5.66,NA,NA,NA,NA,NA,NA,NA,NA,NA,NA,NA,0.00,NA,NA,NA
2025-02-01 02:00:00,217.29,350.04,35.81,13.63,36.36,NA,NA,3.24,6.21,NA,NA,NA,NA,NA,NA,NA,NA,NA,NA,NA,0.00,NA,NA,NA
2025-02-01 03:00:00,236.71,312.27,39.42,13.36,39.15,NA,NA,3.20,4.27,NA,NA,NA,NA,NA,NA,NA,NA,NA,NA,NA,0.00,NA,NA,NA
2025-02-01 04:00:00,211.01,314.41,39.79,14.45,40.05,NA,NA,3.35,5.38,NA,NA,NA,NA,NA,NA,NA,NA,NA,NA,NA,0.00,NA,NA,NA
2025-02-01 05:00:00,191.75,302.47,36.95,16.57,38.84,NA,NA,3.08,5.81,NA,NA,NA,NA,NA,NA,NA,NA,NA,NA,NA,0.00,NA,NA,NA
2025-02-01 06:00:00,164.50,294.51,49.68,17.96,49.92,NA,NA,3.12,5.31,NA,NA,NA,NA,NA,NA,NA,NA,NA,NA,NA,0.00,NA,NA,NA
2025-02-01 07:00:00,96.60,183.54,69.61,25.67,70.25,NA,NA,3.14,4.21,NA,NA,NA,NA,NA,NA,NA,NA,NA,NA,NA,0.00,NA,NA,NA
2025-02-01 08:00:00,107.28,129.79,71.58,22.71,70.25,NA,NA,3.17,6.06,NA,NA,NA,NA,NA,NA,NA,NA,NA,NA,NA,0.00,NA,NA,NA
2025-02-01 09:00:00,159.03,180.66,67.68,35.23,73.79,NA,NA,3.74,5.71,NA,NA,NA,NA,NA,NA,NA,NA,NA,NA,NA,0.00,NA,NA,NA
2025-02-01 10:00:00,262.44,302.81,30.93,66.83,60.74,NA,NA,3.50,10.28,NA,NA,NA,NA,NA,NA,NA,NA,NA,NA,NA,0.00,NA,NA,NA
2025-02-01 11:00:00,212.90,238.12,10.36,51.36,35.76,NA,NA,2.18,46.50,NA,NA,NA,NA,NA,NA,NA,NA,NA,NA,NA,0.00,NA,NA,NA
2025-02-01 12:00:00,112.68,157.84,6.39,15.86,13.63,NA,NA,1.37,122.40,NA,NA,NA,NA,NA,NA,NA,NA,NA,NA,NA,0.00,NA,NA,NA
2025-02-01 13:00:00,112.17,115.86,6.11,12.82,11.78,NA,NA,1.16,128.04,NA,NA,NA,NA,NA,NA,NA,NA,NA,NA,NA,0.00,NA,NA,NA
2025-02-01 14:00:00,104.48,125.16,5.78,9.32,9.66,NA,NA,1.10,138.34,NA,NA,NA,NA,NA,NA,NA,NA,NA,NA,NA,0.00,NA,NA,NA
2025-02-01 15:00:00,86.17,114.46,5.60,6.86,8.20,NA,NA,0.98,136.23,NA,NA,NA,NA,NA,NA,NA,NA,NA,NA,NA,0.00,NA,NA,NA
2025-02-01 16:00:00,65.38,105.22,5.54,6.62,8.02,NA,NA,0.95,136.58,NA,NA,NA,NA,NA,NA,NA,NA,NA,NA,NA,0.00,NA,NA,NA
2025-02-01 17:00:00,75.76,118.13,5.66,7.64,8.67,NA,NA,0.95,130.16,NA,NA,NA,NA,NA,NA,NA,NA,NA,NA,NA,0.00,NA,NA,NA
2025-02-01 18:00:00,79.68,124.43,5.95,11.33,10.86,NA,NA,1.04,84.04,NA,NA,NA,NA,NA,NA,NA,NA,NA,NA,NA,0.00,NA,NA,NA
2025-02-01 19:00:00,114.80,176.29,9.52,24.04,20.53,NA,NA,1.28,44.97,NA,NA,NA,NA,NA,NA,NA,NA,NA,NA,NA,0.00,NA,NA,NA
2025-02-01 20:00:00,186.58,314.43,10.16,49.95,34.82,NA,NA,2.16,13.75,NA,NA,NA,NA,NA,NA,NA,NA,NA,NA,NA,0.00,NA,NA,NA
2025-02-01 21:00:00,203.82,387.59,18.10,60.27,46.77,NA,NA,2.79,6.11,NA,NA,NA,NA,NA,NA,NA,NA,NA,NA,NA,0.00,NA,NA,NA
2025-02-01 22:00:00,230.66,376.58,15.73,52.48,40.71,NA,NA,2.79,4.98,NA,NA,NA,NA,NA,NA,NA,NA,NA,NA,NA,0.00,NA,NA,NA
2025-02-01 23:00:00,179.94,293.94,13.12,35.92,29.77,NA,NA,2.58,4.76,NA,NA,NA,NA,NA,NA,NA,NA,NA,NA,NA,0.00,NA,NA,NA
2025-02-02 00:00:00,163.01,242.92,16.39,30.47,29.53,NA,NA,2.48,5.02,NA,NA,NA,NA,NA,NA,NA,NA,NA,NA,NA,0.00,NA,NA,NA
2025-02-02 01:00:00,146.48,259.44,17.41,31.87,31.11,NA,NA,2.38,6.28,NA,NA,NA,NA,NA,NA,NA,NA,NA,NA,NA,0.00,NA,NA,NA
2025-02-02 02:00:00,126.04,227.47,21.67,28.14,32.58,NA,NA,2.25,4.57,NA,NA,NA,NA,NA,NA,NA,NA,NA,NA,NA,0.00,NA,NA,NA
2025-02-02 03:00:00,138.40,208.13,16.11,25.53,26.69,NA,NA,2.06,4.85,NA,NA,NA,NA,NA,NA,NA,NA,NA,NA,NA,0.00,NA,NA,NA
2025-02-02 04:00:00,135.61,174.28,9.84,21.75,19.58,NA,NA,1.84,5.04,NA,NA,NA,NA,NA,NA,NA,NA,NA,NA,NA,0.00,NA,NA,NA
2025-02-02 05:00:00,112.23,162.73,9.47,18.00,17.27,NA,NA,1.73,5.56,NA,NA,NA,NA,NA,NA,NA,NA,NA,NA,NA,0.00,NA,NA,NA
2025-02-02 06:00:00,79.35,151.49,7.64,19.01,16.32,NA,NA,1.51,5.60,NA,NA,NA,NA,NA,NA,NA,NA,NA,NA,NA,0.00,NA,NA,NA
2025-02-02 07:00:00,79.79,160.12,10.05,17.96,17.73,NA,NA,1.39,6.90,NA,NA,NA,NA,NA,NA,NA,NA,NA,NA,NA,0.00,NA,NA,NA
2025-02-02 08:00:00,85.54,159.53,8.40,15.74,15.20,NA,NA,1.39,10.32,NA,NA,NA,NA,NA,NA,NA,NA,NA,NA,NA,0.00,NA,NA,NA
2025-02-02 09:00:00,79.85,169.42,8.72,14.43,14.77,NA,NA,1.34,15.21,NA,NA,NA,NA,NA,NA,NA,NA,NA,NA,NA,0.00,NA,NA,NA
2025-02-02 10:00:00,119.35,196.19,9.58,16.53,16.58,NA,NA,1.36,17.82,NA,NA,NA,NA,NA,NA,NA,NA,NA,NA,NA,0.00,NA,NA,NA
2025-02-02 11:00:00,151.21,230.35,10.21,16.72,17.20,NA,NA,1.38,17.62,NA,NA,NA,NA,NA,NA,NA,NA,NA,NA,NA,0.00,NA,NA,NA
2025-02-02 12:00:00,191.11,259.91,8.41,15.34,15.00,NA,NA,1.32,41.72,NA,NA,NA,NA,NA,NA,NA,NA,NA,NA,NA,0.00,NA,NA,NA
2025-02-02 13:00:00,207.12,237.44,7.22,13.83,13.22,NA,NA,1.24,70.38,NA,NA,NA,NA,NA,NA,NA,NA,NA,NA,NA,0.00,NA,NA,NA
2025-02-02 14:00:00,179.95,231.03,6.81,14.86,13.44,NA,NA,1.21,88.69,NA,NA,NA,NA,NA,NA,NA,NA,NA,NA,NA,0.00,NA,NA,NA
2025-02-02 15:00:00,158.20,238.16,6.67,20.18,16.16,NA,NA,1.22,102.88,NA,NA,NA,NA,NA,NA,NA,NA,NA,NA,NA,0.00,NA,NA,NA
2025-02-02 16:00:00,166.06,273.47,6.82,16.37,14.25,NA,NA,1.24,108.63,NA,NA,NA,NA,NA,NA,NA,NA,NA,NA,NA,0.00,NA,NA,NA
2025-02-02 17:00:00,156.21,243.67,8.12,16.62,15.44,NA,NA,1.22,100.15,NA,NA,NA,NA,NA,NA,NA,NA,NA,NA,NA,0.00,NA,NA,NA
2025-02-02 18:00:00,151.60,233.63,8.02,18.29,16.25,NA,NA,1.28,80.17,NA,NA,NA,NA,NA,NA,NA,NA,NA,NA,NA,0.00,NA,NA,NA
2025-02-02 19:00:00,167.80,248.28,7.74,17.83,15.78,NA,NA,1.28,75.13,NA,NA,NA,NA,NA,NA,NA,NA,NA,NA,NA,0.00,NA,NA,NA
2025-02-02 20:00:00,154.90,221.31,7.70,18.49,16.10,NA,NA,1.35,62.55,NA,NA,NA,NA,NA,NA,NA,NA,NA,NA,NA,0.00,NA,NA,NA
2025-02-02 21:00:00,140.96,206.29,7.82,17.41,15.62,NA,NA,1.40,53.94,NA,NA,NA,NA,NA,NA,NA,NA,NA,NA,NA,0.00,NA,NA,NA
2025-02-02 22:00:00,128.00,205.15,7.71,18.00,15.84,NA,NA,1.46,48.91,NA,NA,NA,NA,NA,NA,NA,NA,NA,NA,NA,0.00,NA,NA,NA
2025-02-02 23:00:00,128.95,196.97,7.62,17.94,15.74,NA,NA,1.46,48.05,NA,NA,NA,NA,NA,NA,NA,NA,NA,NA,NA,0.00,NA,NA,NA
2025-02-03 00:00:00,124.70,221.02,7.60,17.43,15.45,NA,NA,1.42,45.66,NA,NA,NA,NA,NA,NA,NA,NA,NA,NA,NA,0.00,NA,NA,NA
2025-02-03 01:00:00,124.04,210.39,7.72,14.35,13.91,NA,NA,1.40,39.57,NA,NA,NA,NA,NA,NA,NA,NA,NA,NA,NA,0.00,NA,NA,NA
2025-02-03 02:00:00,136.74,182.88,7.77,13.24,13.36,NA,NA,1.45,23.52,NA,NA,NA,NA,NA,NA,NA,NA,NA,NA,NA,0.00,NA,NA,NA
2025-02-03 03:00:00,109.93,159.70,7.72,10.29,11.75,NA,NA,1.41,18.15,NA,NA,NA,NA,NA,NA,NA,NA,NA,NA,NA,0.00,NA,NA,NA
2025-02-03 04:00:00,103.68,136.16,7.86,7.70,10.48,NA,NA,1.31,13.64,NA,NA,NA,NA,NA,NA,NA,NA,NA,NA,NA,0.00,NA,NA,NA
2025-02-03 05:00:00,86.73,127.88,14.26,16.15,20.18,NA,NA,1.30,6.11,NA,NA,NA,NA,NA,NA,NA,NA,NA,NA,NA,0.00,NA,NA,NA
2025-02-03 06:00:00,NA,NA,NA,NA,NA,NA,NA,NA,NA,NA,NA,NA,NA,NA,NA,NA,NA,NA,NA,NA,0.00,NA,NA,NA
2025-02-03 07:00:00,53.03,77.23,63.20,NA,164.70,NA,NA,1.90,4.80,NA,NA,NA,NA,NA,NA,NA,NA,NA,NA,NA,0.00,NA,NA,NA
2025-02-03 08:00:00,NA,NA,17.26,15.86,22.02,NA,NA,1.56,9.44,NA,NA,NA,NA,NA,NA,NA,NA,NA,NA,NA,0.00,NA,NA,NA
2025-02-03 09:00:00,NA,16.62,16.85,22.95,25.91,NA,NA,1.49,15.35,NA,NA,NA,NA,NA,NA,NA,NA,NA,NA,NA,0.00,NA,NA,NA
2025-02-03 10:00:00,10.06,64.08,13.83,30.21,27.31,NA,NA,1.45,38.28,NA,NA,NA,NA,NA,NA,NA,NA,NA,NA,NA,0.00,NA,NA,NA
2025-02-03 11:00:00,30.16,132.28,9.68,27.59,22.54,NA,NA,1.31,84.07,NA,NA,NA,NA,NA,NA,NA,NA,NA,NA,NA,0.00,NA,NA,NA
2025-02-03 12:00:00,10.71,87.89,7.33,10.17,11.37,NA,NA,0.82,108.16,NA,NA,NA,NA,NA,NA,NA,NA,NA,NA,NA,0.00,NA,NA,NA
2025-02-03 13:00:00,10.08,57.72,6.71,7.81,9.61,NA,NA,0.78,114.78,NA,NA,NA,NA,NA,NA,NA,NA,NA,NA,NA,0.00,NA,NA,NA
2025-02-03 14:00:00,15.54,60.30,7.24,7.23,9.73,NA,NA,0.79,117.97,NA,NA,NA,NA,NA,NA,NA,NA,NA,NA,NA,0.00,NA,NA,NA
2025-02-03 15:00:00,24.34,78.24,5.13,7.00,7.89,NA,NA,0.80,124.23,NA,NA,NA,NA,NA,NA,NA,NA,NA,NA,NA,0.00,NA,NA,NA
2025-02-03 16:00:00,31.15,84.70,4.14,9.68,8.51,NA,NA,0.85,123.77,NA,NA,NA,NA,NA,NA,NA,NA,NA,NA,NA,0.00,NA,NA,NA
2025-02-03 17:00:00,49.58,103.23,4.14,11.24,9.35,NA,NA,0.91,115.46,NA,NA,NA,NA,NA,NA,NA,NA,NA,NA,NA,0.00,NA,NA,NA
2025-02-03 18:00:00,62.51,115.84,1.94,12.41,8.17,NA,NA,0.95,84.81,NA,NA,NA,NA,NA,NA,NA,NA,NA,NA,NA,0.00,NA,NA,NA
2025-02-03 19:00:00,55.44,102.47,2.41,11.71,8.18,NA,NA,0.95,56.39,NA,NA,NA,NA,NA,NA,NA,NA,NA,NA,NA,0.00,NA,NA,NA
2025-02-03 20:00:00,85.09,122.84,2.79,18.77,12.25,NA,NA,1.26,28.37,NA,NA,NA,NA,NA,NA,NA,NA,NA,NA,NA,0.00,NA,NA,NA
2025-02-03 21:00:00,182.36,264.16,3.99,28.80,18.56,NA,NA,1.87,10.02,NA,NA,NA,NA,NA,NA,NA,NA,NA,NA,NA,0.00,NA,NA,NA
2025-02-03 22:00:00,203.90,329.15,12.89,28.87,25.83,NA,NA,2.24,7.05,NA,NA,NA,NA,NA,NA,NA,NA,NA,NA,NA,0.00,NA,NA,NA
2025-02-03 23:00:00,196.20,306.91,14.37,26.88,25.98,NA,NA,2.33,5.67,NA,NA,NA,NA,NA,NA,NA,NA,NA,NA,NA,0.00,NA,NA,NA
2025-02-04 00:00:00,182.74,293.91,30.14,35.71,43.47,NA,NA,2.98,5.10,NA,NA,NA,NA,NA,NA,NA,NA,NA,NA,NA,0.00,NA,NA,NA
2025-02-04 01:00:00,171.07,309.84,37.17,30.63,46.53,NA,NA,3.15,4.86,NA,NA,NA,NA,NA,NA,NA,NA,NA,NA,NA,0.00,NA,NA,NA
2025-02-04 02:00:00,170.35,293.78,43.58,34.60,53.82,NA,NA,3.51,6.08,NA,NA,NA,NA,NA,NA,NA,NA,NA,NA,NA,0.00,NA,NA,NA
2025-02-04 03:00:00,167.56,284.82,42.32,31.56,51.20,NA,NA,3.64,5.55,NA,NA,NA,NA,NA,NA,NA,NA,NA,NA,NA,0.00,NA,NA,NA
2025-02-04 04:00:00,171.48,221.29,45.92,28.12,52.28,NA,NA,3.75,7.08,NA,NA,NA,NA,NA,NA,NA,NA,NA,NA,NA,0.00,NA,NA,NA
2025-02-04 05:00:00,184.24,233.35,47.15,29.27,53.92,NA,NA,3.49,5.11,NA,NA,NA,NA,NA,NA,NA,NA,NA,NA,NA,0.00,NA,NA,NA
2025-02-04 06:00:00,173.90,163.49,29.57,21.85,35.67,NA,NA,2.84,5.10,NA,NA,NA,NA,NA,NA,NA,NA,NA,NA,NA,0.00,NA,NA,NA
2025-02-04 07:00:00,137.85,160.94,18.91,20.39,26.24,NA,NA,2.30,6.80,NA,NA,NA,NA,NA,NA,NA,NA,NA,NA,NA,0.00,NA,NA,NA
2025-02-04 08:00:00,123.02,195.33,11.28,20.65,20.16,NA,NA,1.97,4.96,NA,NA,NA,NA,NA,NA,NA,NA,NA,NA,NA,0.00,NA,NA,NA
2025-02-04 09:00:00,94.65,185.56,8.98,17.57,16.65,NA,NA,1.72,25.80,NA,NA,NA,NA,NA,NA,NA,NA,NA,NA,NA,0.00,NA,NA,NA
2025-02-04 10:00:00,70.26,141.05,6.13,11.04,10.86,NA,NA,1.34,66.69,NA,NA,NA,NA,NA,NA,NA,NA,NA,NA,NA,0.00,NA,NA,NA
2025-02-04 11:00:00,97.84,177.70,6.23,15.55,13.33,NA,NA,1.34,77.96,NA,NA,NA,NA,NA,NA,NA,NA,NA,NA,NA,0.00,NA,NA,NA
2025-02-04 12:00:00,91.58,175.47,5.29,8.76,8.96,NA,NA,1.29,116.45,NA,NA,NA,NA,NA,NA,NA,NA,NA,NA,NA,0.00,NA,NA,NA
2025-02-04 13:00:00,95.10,131.42,4.93,4.59,6.45,NA,NA,1.15,127.72,NA,NA,NA,NA,NA,NA,NA,NA,NA,NA,NA,0.00,NA,NA,NA
2025-02-04 14:00:00,98.95,161.07,4.82,4.21,6.15,NA,NA,1.21,143.52,NA,NA,NA,NA,NA,NA,NA,NA,NA,NA,NA,0.00,NA,NA,NA
2025-02-04 15:00:00,102.58,155.58,4.92,3.94,6.10,NA,NA,1.21,145.72,NA,NA,NA,NA,NA,NA,NA,NA,NA,NA,NA,0.00,NA,NA,NA
2025-02-04 16:00:00,106.93,174.46,5.02,4.57,6.52,NA,NA,1.21,139.57,NA,NA,NA,NA,NA,NA,NA,NA,NA,NA,NA,0.00,NA,NA,NA
2025-02-04 17:00:00,102.22,168.01,5.34,6.73,7.92,NA,NA,1.25,114.36,NA,NA,NA,NA,NA,NA,NA,NA,NA,NA,NA,0.00,NA,NA,NA
2025-02-04 18:00:00,101.24,177.27,5.60,10.52,10.15,NA,NA,1.42,72.21,NA,NA,NA,NA,NA,NA,NA,NA,NA,NA,NA,0.00,NA,NA,NA
2025-02-04 19:00:00,191.28,318.67,6.32,26.64,19.30,NA,NA,2.41,27.03,NA,NA,NA,NA,NA,NA,NA,NA,NA,NA,NA,0.00,NA,NA,NA
2025-02-04 20:00:00,222.32,418.66,6.67,26.97,19.76,NA,NA,2.71,8.81,NA,NA,NA,NA,NA,NA,NA,NA,NA,NA,NA,0.00,NA,NA,NA
2025-02-04 21:00:00,243.85,420.81,7.14,20.96,16.95,NA,NA,2.70,6.44,NA,NA,NA,NA,NA,NA,NA,NA,NA,NA,NA,0.00,NA,NA,NA
2025-02-04 22:00:00,226.48,424.56,16.22,26.82,27.44,NA,NA,3.23,5.50,NA,NA,NA,NA,NA,NA,NA,NA,NA,NA,NA,0.00,NA,NA,NA
2025-02-04 23:00:00,199.33,382.29,10.59,25.27,22.06,NA,NA,2.55,4.94,NA,NA,NA,NA,NA,NA,NA,NA,NA,NA,NA,0.00,NA,NA,NA
2025-02-05 00:00:00,149.04,293.59,7.45,18.13,15.71,NA,NA,2.01,11.07,NA,NA,NA,NA,NA,NA,NA,NA,NA,NA,NA,0.00,NA,NA,NA
2025-02-05 01:00:00,146.19,261.86,7.20,10.79,11.59,NA,NA,1.62,26.37,NA,NA,NA,NA,NA,NA,NA,NA,NA,NA,NA,0.00,NA,NA,NA
2025-02-05 02:00:00,158.58,222.21,7.49,9.34,11.06,NA,NA,1.52,26.29,NA,NA,NA,NA,NA,NA,NA,NA,NA,NA,NA,0.00,NA,NA,NA
2025-02-05 03:00:00,131.90,175.12,7.81,7.00,10.07,NA,NA,1.44,23.01,NA,NA,NA,NA,NA,NA,NA,NA,NA,NA,NA,0.00,NA,NA,NA
2025-02-05 04:00:00,117.45,160.88,8.20,6.66,10.21,NA,NA,1.37,22.23,NA,NA,NA,NA,NA,NA,NA,NA,NA,NA,NA,0.00,NA,NA,NA
2025-02-05 05:00:00,93.77,128.12,8.59,5.36,9.84,NA,NA,1.32,25.59,NA,NA,NA,NA,NA,NA,NA,NA,NA,NA,NA,0.00,NA,NA,NA
2025-02-05 06:00:00,88.72,139.02,8.98,5.57,10.26,NA,NA,1.33,15.14,NA,NA,NA,NA,NA,NA,NA,NA,NA,NA,NA,0.00,NA,NA,NA
2025-02-05 07:00:00,93.77,150.66,11.05,7.76,13.11,NA,NA,1.36,7.23,NA,NA,NA,NA,NA,NA,NA,NA,NA,NA,NA,0.00,NA,NA,NA
2025-02-05 08:00:00,79.82,146.74,13.27,8.18,15.14,NA,NA,1.45,12.84,NA,NA,NA,NA,NA,NA,NA,NA,NA,NA,NA,0.00,NA,NA,NA
2025-02-05 09:00:00,90.55,153.66,11.48,7.51,13.33,NA,NA,1.35,42.77,NA,NA,NA,NA,NA,NA,NA,NA,NA,NA,NA,0.00,NA,NA,NA
2025-02-05 10:00:00,108.80,152.52,10.65,6.37,12.05,NA,NA,1.32,70.31,NA,NA,NA,NA,NA,NA,NA,NA,NA,NA,NA,0.00,NA,NA,NA
2025-02-05 11:00:00,105.26,151.82,9.88,5.60,11.01,NA,NA,1.21,91.50,NA,NA,NA,NA,NA,NA,NA,NA,NA,NA,NA,0.00,NA,NA,NA
2025-02-05 12:00:00,76.38,124.72,9.16,3.97,9.56,NA,NA,1.08,96.67,NA,NA,NA,NA,NA,NA,NA,NA,NA,NA,NA,0.00,NA,NA,NA
2025-02-05 13:00:00,61.33,121.09,8.00,1.97,7.22,NA,NA,0.90,92.87,NA,NA,NA,NA,NA,NA,NA,NA,NA,NA,NA,0.00,NA,NA,NA
2025-02-05 14:00:00,49.49,114.92,7.22,3.38,7.66,NA,NA,0.87,87.39,NA,NA,NA,NA,NA,NA,NA,NA,NA,NA,NA,0.00,NA,NA,NA
2025-02-05 15:00:00,46.70,114.53,6.64,3.32,7.17,NA,NA,0.85,91.99,NA,NA,NA,NA,NA,NA,NA,NA,NA,NA,NA,0.00,NA,NA,NA
2025-02-05 16:00:00,40.56,101.94,6.29,3.79,7.13,NA,NA,0.83,92.68,NA,NA,NA,NA,NA,NA,NA,NA,NA,NA,NA,0.00,NA,NA,NA
2025-02-05 17:00:00,37.42,90.22,6.25,4.22,7.33,NA,NA,0.86,97.01,NA,NA,NA,NA,NA,NA,NA,NA,NA,NA,NA,0.00,NA,NA,NA
2025-02-05 18:00:00,55.50,100.68,7.25,7.56,9.91,NA,NA,0.93,85.24,NA,NA,NA,NA,NA,NA,NA,NA,NA,NA,NA,0.00,NA,NA,NA
2025-02-05 19:00:00,72.66,130.71,8.08,13.92,13.97,NA,NA,1.09,50.54,NA,NA,NA,NA,NA,NA,NA,NA,NA,NA,NA,0.00,NA,NA,NA
2025-02-05 20:00:00,109.26,197.21,8.33,19.09,16.93,NA,NA,1.36,27.01,NA,NA,NA,NA,NA,NA,NA,NA,NA,NA,NA,0.00,NA,NA,NA
2025-02-05 21:00:00,104.08,187.95,7.73,16.35,14.98,NA,NA,1.59,35.41,NA,NA,NA,NA,NA,NA,NA,NA,NA,NA,NA,0.00,NA,NA,NA
2025-02-05 22:00:00,111.39,208.71,7.77,16.31,14.99,NA,NA,1.54,56.65,NA,NA,NA,NA,NA,NA,NA,NA,NA,NA,NA,0.00,NA,NA,NA
2025-02-05 23:00:00,104.42,185.22,8.39,16.08,15.37,NA,NA,1.52,49.99,NA,NA,NA,NA,NA,NA,NA,NA,NA,NA,NA,0.00,NA,NA,NA
2025-02-06 00:00:00,107.72,190.17,9.80,15.65,16.29,NA,NA,1.45,46.96,NA,NA,NA,NA,NA,NA,NA,NA,NA,NA,NA,0.00,NA,NA,NA
2025-02-06 01:00:00,99.96,179.28,9.61,10.13,13.20,NA,NA,1.31,52.37,NA,NA,NA,NA,NA,NA,NA,NA,NA,NA,NA,0.00,NA,NA,NA
2025-02-06 02:00:00,124.19,171.98,8.65,11.01,12.88,NA,NA,1.35,49.03,NA,NA,NA,NA,NA,NA,NA,NA,NA,NA,NA,0.00,NA,NA,NA
2025-02-06 03:00:00,128.07,179.96,8.58,12.00,13.36,NA,NA,1.38,39.25,NA,NA,NA,NA,NA,NA,NA,NA,NA,NA,NA,0.00,NA,NA,NA
2025-02-06 04:00:00,115.74,161.57,9.07,14.50,15.09,NA,NA,1.34,40.23,NA,NA,NA,NA,NA,NA,NA,NA,NA,NA,NA,0.00,NA,NA,NA
2025-02-06 05:00:00,128.09,168.72,10.13,11.58,14.39,NA,NA,1.27,46.43,NA,NA,NA,NA,NA,NA,NA,NA,NA,NA,NA,0.00,NA,NA,NA
2025-02-06 06:00:00,99.10,161.16,10.73,13.60,15.95,NA,NA,1.25,40.28,NA,NA,NA,NA,NA,NA,NA,NA,NA,NA,NA,0.00,NA,NA,NA
2025-02-06 07:00:00,106.87,185.69,9.33,16.22,16.21,NA,NA,1.42,29.44,NA,NA,NA,NA,NA,NA,NA,NA,NA,NA,NA,0.00,NA,NA,NA
2025-02-06 08:00:00,115.49,202.53,10.23,17.67,17.71,NA,NA,1.54,29.34,NA,NA,NA,NA,NA,NA,NA,NA,NA,NA,NA,0.00,NA,NA,NA
2025-02-06 09:00:00,119.34,218.11,10.42,18.15,18.12,NA,NA,1.58,45.39,NA,NA,NA,NA,NA,NA,NA,NA,NA,NA,NA,0.00,NA,NA,NA
2025-02-06 10:00:00,133.62,223.58,10.53,14.09,16.06,NA,NA,1.35,71.69,NA,NA,NA,NA,NA,NA,NA,NA,NA,NA,NA,0.00,NA,NA,NA
2025-02-06 11:00:00,86.45,172.32,9.11,7.27,11.27,NA,NA,1.06,87.29,NA,NA,NA,NA,NA,NA,NA,NA,NA,NA,NA,0.00,NA,NA,NA
2025-02-06 12:00:00,61.69,134.38,7.39,4.06,8.17,NA,NA,0.91,88.24,NA,NA,NA,NA,NA,NA,NA,NA,NA,NA,NA,0.00,NA,NA,NA
2025-02-06 13:00:00,36.05,116.71,6.54,2.80,6.81,NA,NA,0.85,90.44,NA,NA,NA,NA,NA,NA,NA,NA,NA,NA,NA,0.00,NA,NA,NA
2025-02-06 14:00:00,41.08,117.18,6.17,2.54,6.36,NA,NA,0.83,93.66,NA,NA,NA,NA,NA,NA,NA,NA,NA,NA,NA,0.00,NA,NA,NA
2025-02-06 15:00:00,44.67,128.03,6.57,2.96,6.91,NA,NA,0.86,101.99,NA,NA,NA,NA,NA,NA,NA,NA,NA,NA,NA,0.00,NA,NA,NA
2025-02-06 16:00:00,48.00,134.34,6.79,3.04,7.14,NA,NA,0.85,104.99,NA,NA,NA,NA,NA,NA,NA,NA,NA,NA,NA,0.00,NA,NA,NA
2025-02-06 17:00:00,49.27,131.52,6.56,4.44,7.70,NA,NA,0.84,100.21,NA,NA,NA,NA,NA,NA,NA,NA,NA,NA,NA,0.00,NA,NA,NA
2025-02-06 18:00:00,52.85,117.77,6.32,6.84,8.78,NA,NA,0.95,87.11,NA,NA,NA,NA,NA,NA,NA,NA,NA,NA,NA,0.00,NA,NA,NA
2025-02-06 19:00:00,61.36,124.18,6.68,8.58,9.99,NA,NA,1.04,79.13,NA,NA,NA,NA,NA,NA,NA,NA,NA,NA,NA,0.00,NA,NA,NA
2025-02-06 20:00:00,70.35,146.17,7.29,8.61,10.51,NA,NA,1.08,75.96,NA,NA,NA,NA,NA,NA,NA,NA,NA,NA,NA,0.00,NA,NA,NA
2025-02-06 21:00:00,75.41,141.24,8.03,8.08,10.82,NA,NA,1.02,73.25,NA,NA,NA,NA,NA,NA,NA,NA,NA,NA,NA,0.00,NA,NA,NA
2025-02-06 22:00:00,69.81,124.47,7.96,7.82,10.63,NA,NA,1.01,71.29,NA,NA,NA,NA,NA,NA,NA,NA,NA,NA,NA,0.00,NA,NA,NA
2025-02-06 23:00:00,69.12,114.34,7.13,6.00,8.99,NA,NA,1.02,79.15,NA,NA,NA,NA,NA,NA,NA,NA,NA,NA,NA,0.00,NA,NA,NA
2025-02-07 00:00:00,63.21,123.62,6.98,5.66,8.68,NA,NA,1.03,81.86,NA,NA,NA,NA,NA,NA,NA,NA,NA,NA,NA,0.00,NA,NA,NA
2025-02-07 01:00:00,74.19,141.44,7.26,4.72,8.42,NA,NA,1.01,83.53,NA,NA,NA,NA,NA,NA,NA,NA,NA,NA,NA,0.00,NA,NA,NA
2025-02-07 02:00:00,74.21,137.82,8.29,4.68,9.23,NA,NA,1.01,83.01,NA,NA,NA,NA,NA,NA,NA,NA,NA,NA,NA,0.00,NA,NA,NA
2025-02-07 03:00:00,84.42,141.92,8.70,4.54,9.49,NA,NA,1.01,78.88,NA,NA,NA,NA,NA,NA,NA,NA,NA,NA,NA,0.00,NA,NA,NA
2025-02-07 04:00:00,81.32,133.47,7.74,4.88,8.89,NA,NA,1.05,73.28,NA,NA,NA,NA,NA,NA,NA,NA,NA,NA,NA,0.00,NA,NA,NA
2025-02-07 05:00:00,80.43,114.34,7.29,4.55,8.35,NA,NA,1.00,69.95,NA,NA,NA,NA,NA,NA,NA,NA,NA,NA,NA,0.00,NA,NA,NA
2025-02-07 06:00:00,68.99,95.51,7.19,3.74,7.83,NA,NA,0.95,74.09,NA,NA,NA,NA,NA,NA,NA,NA,NA,NA,NA,0.00,NA,NA,NA
2025-02-07 07:00:00,66.01,95.53,7.85,6.21,9.69,NA,NA,0.98,62.62,NA,NA,NA,NA,NA,NA,NA,NA,NA,NA,NA,0.00,NA,NA,NA
2025-02-07 08:00:00,71.46,129.82,8.37,6.13,10.07,NA,NA,1.00,60.42,NA,NA,NA,NA,NA,NA,NA,NA,NA,NA,NA,0.00,NA,NA,NA
2025-02-07 09:00:00,74.07,160.50,8.11,6.50,10.05,NA,NA,1.05,61.08,NA,NA,NA,NA,NA,NA,NA,NA,NA,NA,NA,0.00,NA,NA,NA
2025-02-07 10:00:00,62.69,161.20,7.25,5.82,8.99,NA,NA,1.05,70.98,NA,NA,NA,NA,NA,NA,NA,NA,NA,NA,NA,0.00,NA,NA,NA
2025-02-07 11:00:00,58.67,147.03,6.79,4.75,8.05,NA,NA,0.99,82.01,NA,NA,NA,NA,NA,NA,NA,NA,NA,NA,NA,0.00,NA,NA,NA
2025-02-07 12:00:00,45.16,138.98,6.49,3.21,6.98,NA,NA,0.92,89.17,NA,NA,NA,NA,NA,NA,NA,NA,NA,NA,NA,0.00,NA,NA,NA
2025-02-07 13:00:00,43.22,131.92,6.79,2.51,6.85,NA,NA,0.85,94.58,NA,NA,NA,NA,NA,NA,NA,NA,NA,NA,NA,0.00,NA,NA,NA
2025-02-07 14:00:00,34.20,134.95,6.76,2.45,6.80,NA,NA,0.80,97.07,NA,NA,NA,NA,NA,NA,NA,NA,NA,NA,NA,0.00,NA,NA,NA
2025-02-07 15:00:00,48.20,130.63,6.98,6.25,9.00,NA,NA,0.83,97.69,NA,NA,NA,NA,NA,NA,NA,NA,NA,NA,NA,0.00,NA,NA,NA
2025-02-07 16:00:00,41.97,109.83,6.31,2.84,6.64,NA,NA,0.85,111.04,NA,NA,NA,NA,NA,NA,NA,NA,NA,NA,NA,0.00,NA,NA,NA
2025-02-07 17:00:00,37.79,102.18,6.25,3.02,6.69,NA,NA,0.86,113.11,NA,NA,NA,NA,NA,NA,NA,NA,NA,NA,NA,0.00,NA,NA,NA
2025-02-07 18:00:00,48.40,109.92,6.63,6.67,8.94,NA,NA,0.93,97.97,NA,NA,NA,NA,NA,NA,NA,NA,NA,NA,NA,0.00,NA,NA,NA
2025-02-07 19:00:00,50.67,121.59,7.19,8.94,10.60,NA,NA,0.97,87.19,NA,NA,NA,NA,NA,NA,NA,NA,NA,NA,NA,0.00,NA,NA,NA
2025-02-07 20:00:00,53.27,135.91,7.39,9.66,11.15,NA,NA,1.02,78.35,NA,NA,NA,NA,NA,NA,NA,NA,NA,NA,NA,0.00,NA,NA,NA
2025-02-07 21:00:00,54.55,134.07,6.91,7.99,9.87,NA,NA,1.01,80.30,NA,NA,NA,NA,NA,NA,NA,NA,NA,NA,NA,0.00,NA,NA,NA
2025-02-07 22:00:00,47.44,111.37,6.74,7.65,9.55,NA,NA,1.01,77.37,NA,NA,NA,NA,NA,NA,NA,NA,NA,NA,NA,0.00,NA,NA,NA
2025-02-07 23:00:00,47.01,107.74,6.80,7.15,9.33,NA,NA,0.99,78.77,NA,NA,NA,NA,NA,NA,NA,NA,NA,NA,NA,0.00,NA,NA,NA
2025-02-08 00:00:00,43.92,98.54,7.33,5.58,8.93,NA,NA,0.92,82.22,NA,NA,NA,NA,NA,NA,NA,NA,NA,NA,NA,0.00,NA,NA,NA
2025-02-08 01:00:00,51.24,102.70,7.88,6.54,9.88,NA,NA,0.91,77.59,NA,NA,NA,NA,NA,NA,NA,NA,NA,NA,NA,0.00,NA,NA,NA
2025-02-08 02:00:00,48.61,107.34,7.36,5.23,8.76,NA,NA,0.94,77.93,NA,NA,NA,NA,NA,NA,NA,NA,NA,NA,NA,0.00,NA,NA,NA
2025-02-08 03:00:00,46.70,106.29,6.99,6.30,9.03,NA,NA,0.95,73.38,NA,NA,NA,NA,NA,NA,NA,NA,NA,NA,NA,0.00,NA,NA,NA
2025-02-08 04:00:00,50.95,109.43,6.91,4.78,8.16,NA,NA,0.95,80.07,NA,NA,NA,NA,NA,NA,NA,NA,NA,NA,NA,0.00,NA,NA,NA
2025-02-08 05:00:00,48.35,110.98,7.27,4.64,8.38,NA,NA,0.96,75.56,NA,NA,NA,NA,NA,NA,NA,NA,NA,NA,NA,0.00,NA,NA,NA
2025-02-08 06:00:00,57.74,121.30,7.86,6.07,9.63,NA,NA,0.98,65.18,NA,NA,NA,NA,NA,NA,NA,NA,NA,NA,NA,0.00,NA,NA,NA
2025-02-08 07:00:00,64.87,131.02,8.07,9.83,11.79,NA,NA,1.05,45.10,NA,NA,NA,NA,NA,NA,NA,NA,NA,NA,NA,0.00,NA,NA,NA
2025-02-08 08:00:00,73.10,133.65,7.78,8.92,11.06,NA,NA,1.14,49.47,NA,NA,NA,NA,NA,NA,NA,NA,NA,NA,NA,0.00,NA,NA,NA
2025-02-08 09:00:00,71.71,161.33,7.25,7.03,9.63,NA,NA,1.11,65.72,NA,NA,NA,NA,NA,NA,NA,NA,NA,NA,NA,0.00,NA,NA,NA
2025-02-08 10:00:00,57.37,170.89,7.28,5.18,8.67,NA,NA,1.05,61.04,NA,NA,NA,NA,NA,NA,NA,NA,NA,NA,NA,0.00,NA,NA,NA
2025-02-08 11:00:00,58.78,160.41,7.60,4.68,8.66,NA,NA,1.03,NA,NA,NA,NA,NA,NA,NA,NA,NA,NA,NA,NA,0.00,NA,NA,NA
2025-02-08 12:00:00,48.49,161.43,7.23,3.78,7.89,NA,NA,0.97,34.75,NA,NA,NA,NA,NA,NA,NA,NA,NA,NA,NA,0.00,NA,NA,NA
2025-02-08 13:00:00,48.66,125.96,6.94,3.30,7.39,NA,NA,0.93,67.80,NA,NA,NA,NA,NA,NA,NA,NA,NA,NA,NA,0.00,NA,NA,NA
2025-02-08 14:00:00,43.78,105.09,7.06,3.36,7.53,NA,NA,0.94,86.93,NA,NA,NA,NA,NA,NA,NA,NA,NA,NA,NA,0.00,NA,NA,NA
2025-02-08 15:00:00,50.78,115.23,7.15,4.30,8.10,NA,NA,0.91,94.89,NA,NA,NA,NA,NA,NA,NA,NA,NA,NA,NA,0.00,NA,NA,NA
2025-02-08 16:00:00,36.60,109.31,6.85,4.68,8.06,NA,NA,0.88,97.45,NA,NA,NA,NA,NA,NA,NA,NA,NA,NA,NA,0.00,NA,NA,NA
2025-02-08 17:00:00,40.57,107.60,6.65,4.76,7.94,NA,NA,0.93,99.41,NA,NA,NA,NA,NA,NA,NA,NA,NA,NA,NA,0.00,NA,NA,NA
2025-02-08 18:00:00,51.24,121.35,6.66,9.15,10.29,NA,NA,1.01,83.03,NA,NA,NA,NA,NA,NA,NA,NA,NA,NA,NA,0.00,NA,NA,NA
2025-02-08 19:00:00,59.02,143.26,6.93,15.69,13.98,NA,NA,1.21,56.01,NA,NA,NA,NA,NA,NA,NA,NA,NA,NA,NA,0.00,NA,NA,NA
2025-02-08 20:00:00,96.49,233.67,12.03,31.93,26.76,NA,NA,1.66,18.46,NA,NA,NA,NA,NA,NA,NA,NA,NA,NA,NA,0.00,NA,NA,NA
2025-02-08 21:00:00,126.25,282.38,9.05,30.34,23.49,NA,NA,1.67,21.60,NA,NA,NA,NA,NA,NA,NA,NA,NA,NA,NA,0.00,NA,NA,NA
2025-02-08 22:00:00,123.68,293.04,9.88,27.76,22.80,NA,NA,1.75,17.84,NA,NA,NA,NA,NA,NA,NA,NA,NA,NA,NA,0.00,NA,NA,NA
2025-02-08 23:00:00,105.13,216.39,7.57,18.73,16.12,NA,NA,1.52,35.04,NA,NA,NA,NA,NA,NA,NA,NA,NA,NA,NA,0.00,NA,NA,NA
2025-02-09 00:00:00,81.43,153.85,7.52,19.06,16.25,NA,NA,1.57,27.19,NA,NA,NA,NA,NA,NA,NA,NA,NA,NA,NA,0.00,NA,NA,NA
2025-02-09 01:00:00,76.25,178.47,8.58,21.70,18.51,NA,NA,1.67,24.00,NA,NA,NA,NA,NA,NA,NA,NA,NA,NA,NA,0.00,NA,NA,NA
2025-02-09 02:00:00,112.11,217.96,23.77,26.86,33.60,NA,NA,1.84,17.18,NA,NA,NA,NA,NA,NA,NA,NA,NA,NA,NA,0.00,NA,NA,NA
2025-02-09 03:00:00,127.05,229.87,15.40,27.45,27.13,NA,NA,1.68,16.65,NA,NA,NA,NA,NA,NA,NA,NA,NA,NA,NA,0.00,NA,NA,NA
2025-02-09 04:00:00,132.65,203.22,13.32,23.09,23.11,NA,NA,1.59,15.54,NA,NA,NA,NA,NA,NA,NA,NA,NA,NA,NA,0.00,NA,NA,NA
2025-02-09 05:00:00,100.15,179.54,9.69,16.10,16.45,NA,NA,1.50,14.61,NA,NA,NA,NA,NA,NA,NA,NA,NA,NA,NA,0.00,NA,NA,NA
2025-02-09 06:00:00,88.50,153.12,8.03,14.91,14.45,NA,NA,1.42,17.77,NA,NA,NA,NA,NA,NA,NA,NA,NA,NA,NA,0.00,NA,NA,NA
2025-02-09 07:00:00,82.72,152.59,9.49,17.53,17.03,NA,NA,1.45,18.64,NA,NA,NA,NA,NA,NA,NA,NA,NA,NA,NA,0.00,NA,NA,NA
2025-02-09 08:00:00,90.17,174.96,12.56,19.69,20.69,NA,NA,1.59,28.21,NA,NA,NA,NA,NA,NA,NA,NA,NA,NA,NA,0.00,NA,NA,NA
2025-02-09 09:00:00,111.08,215.23,10.00,19.04,18.26,NA,NA,1.64,57.53,NA,NA,NA,NA,NA,NA,NA,NA,NA,NA,NA,0.00,NA,NA,NA
2025-02-09 10:00:00,101.86,206.41,8.24,13.04,13.64,NA,NA,1.46,95.19,NA,NA,NA,NA,NA,NA,NA,NA,NA,NA,NA,0.00,NA,NA,NA
2025-02-09 11:00:00,88.33,191.19,8.07,12.24,13.07,NA,NA,1.34,113.55,NA,NA,NA,NA,NA,NA,NA,NA,NA,NA,NA,0.00,NA,NA,NA
2025-02-09 12:00:00,NA,NA,NA,NA,NA,NA,NA,NA,NA,NA,NA,NA,NA,NA,NA,NA,NA,NA,NA,NA,0.00,NA,NA,NA
2025-02-09 13:00:00,91.53,194.43,327.57,NA,253.75,NA,NA,1.66,84.90,NA,NA,NA,NA,NA,NA,NA,NA,NA,NA,NA,0.00,NA,NA,NA
2025-02-09 14:00:00,30.64,73.60,10.33,5.42,10.15,NA,NA,1.02,115.86,NA,NA,NA,NA,NA,NA,NA,NA,NA,NA,NA,0.00,NA,NA,NA
2025-02-09 15:00:00,NA,NA,2.51,4.65,4.51,NA,NA,0.85,118.75,NA,NA,NA,NA,NA,NA,NA,NA,NA,NA,NA,0.00,NA,NA,NA
2025-02-09 16:00:00,NA,NA,2.37,4.66,4.40,NA,NA,0.81,119.00,NA,NA,NA,NA,NA,NA,NA,NA,NA,NA,NA,0.00,NA,NA,NA
2025-02-09 17:00:00,NA,28.75,2.88,5.87,5.46,NA,NA,0.85,118.17,NA,NA,NA,NA,NA,NA,NA,NA,NA,NA,NA,0.00,NA,NA,NA
2025-02-09 18:00:00,8.49,52.54,3.46,8.71,7.45,NA,NA,0.99,104.51,NA,NA,NA,NA,NA,NA,NA,NA,NA,NA,NA,0.00,NA,NA,NA
2025-02-09 19:00:00,16.43,137.46,4.06,17.80,12.77,NA,NA,1.20,61.15,NA,NA,NA,NA,NA,NA,NA,NA,NA,NA,NA,0.00,NA,NA,NA
2025-02-09 20:00:00,70.23,141.84,4.68,16.92,12.80,NA,NA,1.39,50.11,NA,NA,NA,NA,NA,NA,NA,NA,NA,NA,NA,0.00,NA,NA,NA
2025-02-09 21:00:00,81.91,177.23,5.15,15.73,12.56,NA,NA,1.60,42.23,NA,NA,NA,NA,NA,NA,NA,NA,NA,NA,NA,0.00,NA,NA,NA
2025-02-09 22:00:00,112.68,191.92,6.19,17.45,14.31,NA,NA,1.83,32.92,NA,NA,NA,NA,NA,NA,NA,NA,NA,NA,NA,0.00,NA,NA,NA
2025-02-09 23:00:00,113.66,228.28,6.74,17.71,14.90,NA,NA,1.88,26.91,NA,NA,NA,NA,NA,NA,NA,NA,NA,NA,NA,0.00,NA,NA,NA
2025-02-10 00:00:00,129.05,227.71,6.70,15.34,13.61,NA,NA,1.98,24.56,NA,NA,NA,NA,NA,NA,NA,NA,NA,NA,NA,0.00,NA,NA,NA
2025-02-10 01:00:00,112.99,217.94,6.35,16.48,13.92,NA,NA,2.31,22.57,NA,NA,NA,NA,NA,NA,NA,NA,NA,NA,NA,0.00,NA,NA,NA
2025-02-10 02:00:00,137.69,215.69,8.81,16.38,15.87,NA,NA,2.50,22.43,NA,NA,NA,NA,NA,NA,NA,NA,NA,NA,NA,0.00,NA,NA,NA
2025-02-10 03:00:00,135.00,204.23,11.85,18.63,19.54,NA,NA,2.48,22.27,NA,NA,NA,NA,NA,NA,NA,NA,NA,NA,NA,0.00,NA,NA,NA
2025-02-10 04:00:00,143.34,207.17,13.16,21.59,22.19,NA,NA,2.34,20.41,NA,NA,NA,NA,NA,NA,NA,NA,NA,NA,NA,0.00,NA,NA,NA
2025-02-10 05:00:00,125.33,200.81,16.29,22.53,25.23,NA,NA,2.30,20.20,NA,NA,NA,NA,NA,NA,NA,NA,NA,NA,NA,0.00,NA,NA,NA
2025-02-10 06:00:00,123.90,215.98,16.58,17.04,22.55,NA,NA,2.42,19.71,NA,NA,NA,NA,NA,NA,NA,NA,NA,NA,NA,0.00,NA,NA,NA
2025-02-10 07:00:00,133.24,308.12,17.11,16.92,22.92,NA,NA,2.57,22.96,NA,NA,NA,NA,NA,NA,NA,NA,NA,NA,NA,0.00,NA,NA,NA
2025-02-10 08:00:00,130.60,588.43,18.06,24.55,27.73,NA,NA,2.54,30.84,NA,NA,NA,NA,NA,NA,NA,NA,NA,NA,NA,0.00,NA,NA,NA
2025-02-10 09:00:00,186.11,344.57,14.58,34.99,30.47,NA,NA,2.27,48.35,NA,NA,NA,NA,NA,NA,NA,NA,NA,NA,NA,0.00,NA,NA,NA
2025-02-10 10:00:00,180.85,375.97,11.15,32.34,26.27,NA,NA,2.18,81.28,NA,NA,NA,NA,NA,NA,NA,NA,NA,NA,NA,0.00,NA,NA,NA
2025-02-10 11:00:00,121.93,532.71,7.90,18.92,16.49,NA,NA,1.61,109.24,NA,NA,NA,NA,NA,NA,NA,NA,NA,NA,NA,0.00,NA,NA,NA
2025-02-10 12:00:00,62.99,209.75,7.00,12.90,12.55,NA,NA,1.34,126.44,NA,NA,NA,NA,NA,NA,NA,NA,NA,NA,NA,0.00,NA,NA,NA
2025-02-10 13:00:00,69.44,170.07,6.27,9.71,10.27,NA,NA,1.25,160.30,NA,NA,NA,NA,NA,NA,NA,NA,NA,NA,NA,0.00,NA,NA,NA
2025-02-10 14:00:00,63.20,128.83,6.34,7.14,8.95,NA,NA,1.11,138.95,NA,NA,NA,NA,NA,NA,NA,NA,NA,NA,NA,0.00,NA,NA,NA
2025-02-10 15:00:00,58.41,133.41,6.48,7.14,9.07,NA,NA,1.12,140.56,NA,NA,NA,NA,NA,NA,NA,NA,NA,NA,NA,0.00,NA,NA,NA
2025-02-10 16:00:00,59.07,137.87,6.41,9.47,10.25,NA,NA,1.18,126.50,NA,NA,NA,NA,NA,NA,NA,NA,NA,NA,NA,0.00,NA,NA,NA
2025-02-10 17:00:00,54.36,157.75,6.27,8.92,9.84,NA,NA,1.19,126.40,NA,NA,NA,NA,NA,NA,NA,NA,NA,NA,NA,0.00,NA,NA,NA
2025-02-10 18:00:00,88.72,190.72,6.29,9.16,9.98,NA,NA,1.32,93.47,NA,NA,NA,NA,NA,NA,NA,NA,NA,NA,NA,0.00,NA,NA,NA
2025-02-10 19:00:00,103.27,196.73,6.96,12.36,12.23,NA,NA,1.45,64.56,NA,NA,NA,NA,NA,NA,NA,NA,NA,NA,NA,0.00,NA,NA,NA
2025-02-10 20:00:00,112.54,204.64,7.45,13.48,13.22,NA,NA,1.59,48.48,NA,NA,NA,NA,NA,NA,NA,NA,NA,NA,NA,0.00,NA,NA,NA
2025-02-10 21:00:00,142.04,229.83,7.59,20.57,17.11,NA,NA,2.13,35.16,NA,NA,NA,NA,NA,NA,NA,NA,NA,NA,NA,0.00,NA,NA,NA
2025-02-10 22:00:00,183.50,318.13,11.61,26.05,23.29,NA,NA,2.65,26.64,NA,NA,NA,NA,NA,NA,NA,NA,NA,NA,NA,0.00,NA,NA,NA
2025-02-10 23:00:00,154.16,276.64,14.31,31.11,28.19,NA,NA,2.74,21.70,NA,NA,NA,NA,NA,NA,NA,NA,NA,NA,NA,0.00,NA,NA,NA
2025-02-11 00:00:00,139.09,232.00,12.27,26.92,24.30,NA,NA,2.50,18.88,NA,NA,NA,NA,NA,NA,NA,NA,NA,NA,NA,0.00,NA,NA,NA
2025-02-11 01:00:00,135.39,226.09,10.85,25.83,22.56,NA,NA,2.49,19.86,NA,NA,NA,NA,NA,NA,NA,NA,NA,NA,NA,0.00,NA,NA,NA
2025-02-11 02:00:00,128.63,225.64,12.11,25.08,23.18,NA,NA,2.45,19.18,NA,NA,NA,NA,NA,NA,NA,NA,NA,NA,NA,0.00,NA,NA,NA
2025-02-11 03:00:00,133.40,223.17,12.74,21.70,21.91,NA,NA,2.42,20.74,NA,NA,NA,NA,NA,NA,NA,NA,NA,NA,NA,0.00,NA,NA,NA
2025-02-11 04:00:00,124.32,179.44,8.91,15.70,15.60,NA,NA,2.33,18.17,NA,NA,NA,NA,NA,NA,NA,NA,NA,NA,NA,0.00,NA,NA,NA
2025-02-11 05:00:00,109.85,164.19,7.63,13.77,13.53,NA,NA,2.17,19.02,NA,NA,NA,NA,NA,NA,NA,NA,NA,NA,NA,0.00,NA,NA,NA
2025-02-11 06:00:00,102.25,164.74,8.90,13.15,14.23,NA,NA,1.97,17.63,NA,NA,NA,NA,NA,NA,NA,NA,NA,NA,NA,0.00,NA,NA,NA
2025-02-11 07:00:00,120.40,162.11,11.02,9.58,14.05,NA,NA,1.91,17.71,NA,NA,NA,NA,NA,NA,NA,NA,NA,NA,NA,0.00,NA,NA,NA
2025-02-11 08:00:00,117.92,150.52,12.13,12.27,16.39,NA,NA,1.98,22.69,NA,NA,NA,NA,NA,NA,NA,NA,NA,NA,NA,0.00,NA,NA,NA
2025-02-11 09:00:00,130.37,189.31,10.30,21.07,19.59,NA,NA,1.95,63.53,NA,NA,NA,NA,NA,NA,NA,NA,NA,NA,NA,0.00,NA,NA,NA
2025-02-11 10:00:00,105.18,181.50,7.97,14.26,14.07,NA,NA,1.42,91.34,NA,NA,NA,NA,NA,NA,NA,NA,NA,NA,NA,0.00,NA,NA,NA
2025-02-11 11:00:00,48.99,824.28,7.95,8.38,10.92,NA,NA,1.26,110.53,NA,NA,NA,NA,NA,NA,NA,NA,NA,NA,NA,0.00,NA,NA,NA
2025-02-11 12:00:00,64.21,450.20,7.90,8.35,10.87,NA,NA,1.34,144.30,NA,NA,NA,NA,NA,NA,NA,NA,NA,NA,NA,0.00,NA,NA,NA
2025-02-11 13:00:00,70.17,205.77,7.29,8.41,10.40,NA,NA,1.23,156.85,NA,NA,NA,NA,NA,NA,NA,NA,NA,NA,NA,0.00,NA,NA,NA
2025-02-11 14:00:00,76.04,191.46,6.53,8.42,9.79,NA,NA,1.23,184.24,NA,NA,NA,NA,NA,NA,NA,NA,NA,NA,NA,0.00,NA,NA,NA
2025-02-11 15:00:00,57.32,134.68,6.50,5.80,8.37,NA,NA,1.14,151.14,NA,NA,NA,NA,NA,NA,NA,NA,NA,NA,NA,0.00,NA,NA,NA
2025-02-11 16:00:00,50.21,114.71,6.82,5.56,8.51,NA,NA,1.13,150.31,NA,NA,NA,NA,NA,NA,NA,NA,NA,NA,NA,0.00,NA,NA,NA
2025-02-11 17:00:00,79.48,157.81,7.18,6.88,9.50,NA,NA,1.20,151.07,NA,NA,NA,NA,NA,NA,NA,NA,NA,NA,NA,0.00,NA,NA,NA
2025-02-11 18:00:00,70.54,160.35,7.28,8.73,10.56,NA,NA,1.23,117.67,NA,NA,NA,NA,NA,NA,NA,NA,NA,NA,NA,0.00,NA,NA,NA
2025-02-11 19:00:00,89.89,177.88,6.94,12.30,12.18,NA,NA,1.45,77.80,NA,NA,NA,NA,NA,NA,NA,NA,NA,NA,NA,0.00,NA,NA,NA
2025-02-11 20:00:00,114.50,212.87,6.99,18.58,15.57,NA,NA,1.88,43.99,NA,NA,NA,NA,NA,NA,NA,NA,NA,NA,NA,0.00,NA,NA,NA
2025-02-11 21:00:00,130.31,222.47,7.49,21.46,17.50,NA,NA,2.04,32.51,NA,NA,NA,NA,NA,NA,NA,NA,NA,NA,NA,0.00,NA,NA,NA
2025-02-11 22:00:00,138.78,226.22,8.38,19.99,17.44,NA,NA,1.90,25.20,NA,NA,NA,NA,NA,NA,NA,NA,NA,NA,NA,0.00,NA,NA,NA
2025-02-11 23:00:00,85.66,202.00,9.18,23.47,19.95,NA,NA,2.20,18.47,NA,NA,NA,NA,NA,NA,NA,NA,NA,NA,NA,0.00,NA,NA,NA
2025-02-12 00:00:00,123.03,207.97,9.05,22.89,19.53,NA,NA,2.27,16.93,NA,NA,NA,NA,NA,NA,NA,NA,NA,NA,NA,0.00,NA,NA,NA
2025-02-12 01:00:00,128.99,213.64,12.34,20.39,20.88,NA,NA,2.56,18.90,NA,NA,NA,NA,NA,NA,NA,NA,NA,NA,NA,0.00,NA,NA,NA
2025-02-12 02:00:00,127.53,232.01,20.93,23.68,29.61,NA,NA,2.93,21.62,NA,NA,NA,NA,NA,NA,NA,NA,NA,NA,NA,0.00,NA,NA,NA
2025-02-12 03:00:00,132.01,252.77,15.59,25.42,26.21,NA,NA,2.57,18.11,NA,NA,NA,NA,NA,NA,NA,NA,NA,NA,NA,0.00,NA,NA,NA
2025-02-12 04:00:00,131.13,226.58,11.23,20.29,19.93,NA,NA,2.17,27.69,NA,NA,NA,NA,NA,NA,NA,NA,NA,NA,NA,0.00,NA,NA,NA
2025-02-12 05:00:00,134.87,241.20,8.32,16.80,15.70,NA,NA,1.80,37.95,NA,NA,NA,NA,NA,NA,NA,NA,NA,NA,NA,0.00,NA,NA,NA
2025-02-12 06:00:00,115.06,185.68,7.78,12.51,12.98,NA,NA,1.64,35.89,NA,NA,NA,NA,NA,NA,NA,NA,NA,NA,NA,0.00,NA,NA,NA
2025-02-12 07:00:00,91.17,148.58,8.14,13.20,13.63,NA,NA,1.61,30.27,NA,NA,NA,NA,NA,NA,NA,NA,NA,NA,NA,0.00,NA,NA,NA
2025-02-12 08:00:00,94.26,128.43,9.60,12.38,14.39,NA,NA,1.45,33.62,NA,NA,NA,NA,NA,NA,NA,NA,NA,NA,NA,0.00,NA,NA,NA
2025-02-12 09:00:00,80.29,139.10,9.44,9.27,12.61,NA,NA,1.36,50.51,NA,NA,NA,NA,NA,NA,NA,NA,NA,NA,NA,0.00,NA,NA,NA
2025-02-12 10:00:00,62.41,156.72,8.66,8.27,11.44,NA,NA,1.32,65.65,NA,NA,NA,NA,NA,NA,NA,NA,NA,NA,NA,0.00,NA,NA,NA
2025-02-12 11:00:00,52.61,150.80,7.75,8.37,10.76,NA,NA,1.27,78.45,NA,NA,NA,NA,NA,NA,NA,NA,NA,NA,NA,0.00,NA,NA,NA
2025-02-12 12:00:00,38.12,148.87,7.00,4.94,8.32,NA,NA,1.08,89.61,NA,NA,NA,NA,NA,NA,NA,NA,NA,NA,NA,0.00,NA,NA,NA
2025-02-12 13:00:00,29.36,152.52,6.94,2.89,7.18,NA,NA,0.97,95.15,NA,NA,NA,NA,NA,NA,NA,NA,NA,NA,NA,0.00,NA,NA,NA
2025-02-12 14:00:00,28.23,146.08,6.73,2.53,6.82,NA,NA,0.98,101.67,NA,NA,NA,NA,NA,NA,NA,NA,NA,NA,NA,0.00,NA,NA,NA
2025-02-12 15:00:00,32.74,113.92,6.50,2.82,6.79,NA,NA,0.97,106.96,NA,NA,NA,NA,NA,NA,NA,NA,NA,NA,NA,0.00,NA,NA,NA
2025-02-12 16:00:00,31.68,110.71,6.62,3.09,7.02,NA,NA,0.97,107.03,NA,NA,NA,NA,NA,NA,NA,NA,NA,NA,NA,0.00,NA,NA,NA
2025-02-12 17:00:00,37.95,108.90,6.92,3.37,7.42,NA,NA,0.99,111.78,NA,NA,NA,NA,NA,NA,NA,NA,NA,NA,NA,0.00,NA,NA,NA
2025-02-12 18:00:00,38.13,115.01,7.08,6.21,9.06,NA,NA,1.05,102.04,NA,NA,NA,NA,NA,NA,NA,NA,NA,NA,NA,0.00,NA,NA,NA
2025-02-12 19:00:00,52.37,108.71,6.82,7.32,9.44,NA,NA,1.13,94.03,NA,NA,NA,NA,NA,NA,NA,NA,NA,NA,NA,0.00,NA,NA,NA
2025-02-12 20:00:00,47.70,116.91,6.82,7.88,9.74,NA,NA,1.20,88.71,NA,NA,NA,NA,NA,NA,NA,NA,NA,NA,NA,0.00,NA,NA,NA
2025-02-12 21:00:00,50.78,119.15,7.16,7.99,10.08,NA,NA,1.18,80.54,NA,NA,NA,NA,NA,NA,NA,NA,NA,NA,NA,0.00,NA,NA,NA
2025-02-12 22:00:00,57.74,127.88,7.80,6.62,9.87,NA,NA,1.14,87.96,NA,NA,NA,NA,NA,NA,NA,NA,NA,NA,NA,0.00,NA,NA,NA
2025-02-12 23:00:00,55.52,131.34,8.06,6.96,10.26,NA,NA,1.13,80.91,NA,NA,NA,NA,NA,NA,NA,NA,NA,NA,NA,0.00,NA,NA,NA
2025-02-13 00:00:00,59.57,143.15,7.49,6.85,9.73,NA,NA,1.19,78.88,NA,NA,NA,NA,NA,NA,NA,NA,NA,NA,NA,0.00,NA,NA,NA
2025-02-13 01:00:00,54.90,117.20,7.21,5.33,8.70,NA,NA,1.18,85.95,NA,NA,NA,NA,NA,NA,NA,NA,NA,NA,NA,0.00,NA,NA,NA
2025-02-13 02:00:00,58.13,104.87,7.12,5.50,8.71,NA,NA,1.19,87.35,NA,NA,NA,NA,NA,NA,NA,NA,NA,NA,NA,0.00,NA,NA,NA
2025-02-13 03:00:00,57.15,115.45,7.90,5.61,9.41,NA,NA,1.16,88.51,NA,NA,NA,NA,NA,NA,NA,NA,NA,NA,NA,0.00,NA,NA,NA
2025-02-13 04:00:00,59.88,120.13,8.11,5.84,9.70,NA,NA,1.14,80.66,NA,NA,NA,NA,NA,NA,NA,NA,NA,NA,NA,0.00,NA,NA,NA
2025-02-13 05:00:00,58.40,120.83,7.71,5.23,9.05,NA,NA,1.17,71.05,NA,NA,NA,NA,NA,NA,NA,NA,NA,NA,NA,0.00,NA,NA,NA
2025-02-13 06:00:00,57.41,112.41,7.11,7.68,9.87,NA,NA,1.20,65.81,NA,NA,NA,NA,NA,NA,NA,NA,NA,NA,NA,0.00,NA,NA,NA
2025-02-13 07:00:00,59.99,123.23,7.33,11.51,12.08,NA,NA,1.29,43.94,NA,NA,NA,NA,NA,NA,NA,NA,NA,NA,NA,0.00,NA,NA,NA
2025-02-13 08:00:00,54.89,123.23,7.95,8.96,11.23,NA,NA,1.22,57.80,NA,NA,NA,NA,NA,NA,NA,NA,NA,NA,NA,0.00,NA,NA,NA
2025-02-13 09:00:00,56.96,132.47,8.25,6.02,9.91,NA,NA,1.15,73.17,NA,NA,NA,NA,NA,NA,NA,NA,NA,NA,NA,0.00,NA,NA,NA
2025-02-13 10:00:00,55.66,140.30,7.78,5.79,9.40,NA,NA,1.17,85.39,NA,NA,NA,NA,NA,NA,NA,NA,NA,NA,NA,0.00,NA,NA,NA
2025-02-13 11:00:00,54.59,145.27,7.15,4.32,8.11,NA,NA,1.12,21.40,NA,NA,NA,NA,NA,NA,NA,NA,NA,NA,NA,0.00,NA,NA,NA
2025-02-13 12:00:00,21.29,158.12,6.76,3.43,7.32,NA,NA,1.31,91.25,NA,NA,NA,NA,NA,NA,NA,NA,NA,NA,NA,0.00,NA,NA,NA
2025-02-13 13:00:00,46.00,148.09,6.65,3.26,7.14,NA,NA,0.42,100.98,NA,NA,NA,NA,NA,NA,NA,NA,NA,NA,NA,0.00,NA,NA,NA
2025-02-13 14:00:00,48.09,135.91,6.74,2.75,6.94,NA,NA,0.34,111.59,NA,NA,NA,NA,NA,NA,NA,NA,NA,NA,NA,0.00,NA,NA,NA
2025-02-13 15:00:00,37.18,148.63,6.69,2.64,6.84,NA,NA,0.30,112.84,NA,NA,NA,NA,NA,NA,NA,NA,NA,NA,NA,0.00,NA,NA,NA
2025-02-13 16:00:00,35.56,119.66,6.63,2.71,6.84,NA,NA,0.31,115.93,NA,NA,NA,NA,NA,NA,NA,NA,NA,NA,NA,0.00,NA,NA,NA
2025-02-13 17:00:00,33.65,109.74,6.28,3.55,7.00,NA,NA,0.30,113.26,NA,NA,NA,NA,NA,NA,NA,NA,NA,NA,NA,0.00,NA,NA,NA
2025-02-13 18:00:00,30.23,99.98,6.21,5.36,7.89,NA,NA,0.31,102.75,NA,NA,NA,NA,NA,NA,NA,NA,NA,NA,NA,0.00,NA,NA,NA
2025-02-13 19:00:00,30.81,102.62,6.96,7.84,9.82,NA,NA,0.33,89.08,NA,NA,NA,NA,NA,NA,NA,NA,NA,NA,NA,0.00,NA,NA,NA
2025-02-13 20:00:00,40.85,110.94,7.32,8.09,10.26,NA,NA,0.33,81.82,NA,NA,NA,NA,NA,NA,NA,NA,NA,NA,NA,0.00,NA,NA,NA
2025-02-13 21:00:00,45.52,111.65,6.87,7.09,9.35,NA,NA,0.33,84.60,NA,NA,NA,NA,NA,NA,NA,NA,NA,NA,NA,0.00,NA,NA,NA
2025-02-13 22:00:00,35.95,99.66,6.37,6.10,8.43,NA,NA,0.33,88.13,NA,NA,NA,NA,NA,NA,NA,NA,NA,NA,NA,0.00,NA,NA,NA
2025-02-13 23:00:00,30.03,97.48,6.29,5.97,8.29,NA,NA,0.33,84.81,NA,NA,NA,NA,NA,NA,NA,NA,NA,NA,NA,0.00,NA,NA,NA
2025-02-14 00:00:00,39.53,84.90,6.78,9.14,10.38,NA,NA,0.33,67.04,NA,NA,NA,NA,NA,NA,NA,NA,NA,NA,NA,0.00,NA,NA,NA
2025-02-14 01:00:00,45.97,99.58,7.57,9.15,11.02,NA,NA,0.34,56.39,NA,NA,NA,NA,NA,NA,NA,NA,NA,NA,NA,0.00,NA,NA,NA
2025-02-14 02:00:00,47.89,110.97,7.56,7.70,10.24,NA,NA,0.34,61.72,NA,NA,NA,NA,NA,NA,NA,NA,NA,NA,NA,0.00,NA,NA,NA
2025-02-14 03:00:00,51.67,113.90,6.67,10.80,11.17,NA,NA,0.39,48.45,NA,NA,NA,NA,NA,NA,NA,NA,NA,NA,NA,0.00,NA,NA,NA
2025-02-14 04:00:00,50.23,103.83,6.52,13.36,12.40,NA,NA,0.39,43.04,NA,NA,NA,NA,NA,NA,NA,NA,NA,NA,NA,0.00,NA,NA,NA
2025-02-14 05:00:00,47.60,107.85,6.73,11.74,11.71,NA,NA,0.38,48.01,NA,NA,NA,NA,NA,NA,NA,NA,NA,NA,NA,0.00,NA,NA,NA
2025-02-14 06:00:00,52.95,103.81,7.42,11.16,11.97,NA,NA,0.38,46.65,NA,NA,NA,NA,NA,NA,NA,NA,NA,NA,NA,0.00,NA,NA,NA
2025-02-14 07:00:00,60.32,129.67,8.12,12.37,13.18,NA,NA,0.45,37.48,NA,NA,NA,NA,NA,NA,NA,NA,NA,NA,NA,0.00,NA,NA,NA
2025-02-14 08:00:00,54.99,139.33,7.73,11.51,12.41,NA,NA,0.50,45.40,NA,NA,NA,NA,NA,NA,NA,NA,NA,NA,NA,0.00,NA,NA,NA
2025-02-14 09:00:00,55.32,152.02,7.03,8.15,10.05,NA,NA,0.49,74.86,NA,NA,NA,NA,NA,NA,NA,NA,NA,NA,NA,0.00,NA,NA,NA
2025-02-14 10:00:00,57.96,175.51,6.89,5.72,8.65,NA,NA,0.43,90.13,NA,NA,NA,NA,NA,NA,NA,NA,NA,NA,NA,0.00,NA,NA,NA
2025-02-14 11:00:00,56.76,158.81,7.33,4.87,8.55,NA,NA,0.39,96.65,NA,NA,NA,NA,NA,NA,NA,NA,NA,NA,NA,0.00,NA,NA,NA
2025-02-14 12:00:00,37.97,142.72,7.03,3.44,7.55,NA,NA,0.33,105.22,NA,NA,NA,NA,NA,NA,NA,NA,NA,NA,NA,0.00,NA,NA,NA
2025-02-14 13:00:00,41.43,126.41,6.61,2.52,6.71,NA,NA,0.31,106.25,NA,NA,NA,NA,NA,NA,NA,NA,NA,NA,NA,0.00,NA,NA,NA
2025-02-14 14:00:00,35.73,109.98,6.33,2.70,6.58,NA,NA,0.31,109.98,NA,NA,NA,NA,NA,NA,NA,NA,NA,NA,NA,0.00,NA,NA,NA
2025-02-14 15:00:00,32.42,100.23,6.27,3.17,6.79,NA,NA,0.30,112.76,NA,NA,NA,NA,NA,NA,NA,NA,NA,NA,NA,0.00,NA,NA,NA
2025-02-14 16:00:00,33.97,112.26,6.53,3.29,7.06,NA,NA,0.28,116.01,NA,NA,NA,NA,NA,NA,NA,NA,NA,NA,NA,0.00,NA,NA,NA
2025-02-14 17:00:00,41.14,117.96,6.60,4.08,7.53,NA,NA,0.29,123.44,NA,NA,NA,NA,NA,NA,NA,NA,NA,NA,NA,0.00,NA,NA,NA
2025-02-14 18:00:00,44.40,120.02,6.55,7.49,9.31,NA,NA,0.35,111.02,NA,NA,NA,NA,NA,NA,NA,NA,NA,NA,NA,0.00,NA,NA,NA
2025-02-14 19:00:00,52.96,148.86,6.30,14.93,13.07,NA,NA,0.51,76.12,NA,NA,NA,NA,NA,NA,NA,NA,NA,NA,NA,0.00,NA,NA,NA
2025-02-14 20:00:00,62.82,159.51,6.28,13.39,12.23,NA,NA,0.57,69.40,NA,NA,NA,NA,NA,NA,NA,NA,NA,NA,NA,0.00,NA,NA,NA
2025-02-14 21:00:00,66.94,151.19,6.80,13.87,12.90,NA,NA,0.56,60.13,NA,NA,NA,NA,NA,NA,NA,NA,NA,NA,NA,0.00,NA,NA,NA
2025-02-14 22:00:00,70.83,166.45,11.75,30.43,25.73,NA,NA,0.89,19.52,NA,NA,NA,NA,NA,NA,NA,NA,NA,NA,NA,0.00,NA,NA,NA
2025-02-14 23:00:00,108.52,280.39,14.01,37.29,31.23,NA,NA,1.08,2.54,NA,NA,NA,NA,NA,NA,NA,NA,NA,NA,NA,0.00,NA,NA,NA
2025-02-15 00:00:00,97.06,237.48,7.81,27.76,21.12,NA,NA,0.89,13.92,NA,NA,NA,NA,NA,NA,NA,NA,NA,NA,NA,0.00,NA,NA,NA
2025-02-15 01:00:00,79.59,178.38,10.54,20.78,19.60,NA,NA,0.74,21.65,NA,NA,NA,NA,NA,NA,NA,NA,NA,NA,NA,0.00,NA,NA,NA
2025-02-15 02:00:00,84.13,192.62,14.63,31.04,28.43,NA,NA,0.85,2.02,NA,NA,NA,NA,NA,NA,NA,NA,NA,NA,NA,0.00,NA,NA,NA
2025-02-15 03:00:00,77.52,173.62,7.79,27.84,21.14,NA,NA,0.73,4.47,NA,NA,NA,NA,NA,NA,NA,NA,NA,NA,NA,0.00,NA,NA,NA
2025-02-15 04:00:00,95.53,178.22,12.67,31.13,26.85,NA,NA,0.72,2.10,NA,NA,NA,NA,NA,NA,NA,NA,NA,NA,NA,0.00,NA,NA,NA
2025-02-15 05:00:00,103.06,186.16,7.38,25.99,19.83,NA,NA,0.68,11.61,NA,NA,NA,NA,NA,NA,NA,NA,NA,NA,NA,0.00,NA,NA,NA
2025-02-15 06:00:00,90.17,174.89,6.86,20.38,16.42,NA,NA,0.64,16.70,NA,NA,NA,NA,NA,NA,NA,NA,NA,NA,NA,0.00,NA,NA,NA
2025-02-15 07:00:00,81.13,142.61,7.30,15.82,14.35,NA,NA,0.61,19.38,NA,NA,NA,NA,NA,NA,NA,NA,NA,NA,NA,0.00,NA,NA,NA
2025-02-15 08:00:00,81.01,142.01,9.76,15.53,16.20,NA,NA,0.76,12.47,NA,NA,NA,NA,NA,NA,NA,NA,NA,NA,NA,0.00,NA,NA,NA
2025-02-15 09:00:00,98.74,189.20,12.18,23.79,22.55,NA,NA,0.79,43.27,NA,NA,NA,NA,NA,NA,NA,NA,NA,NA,NA,0.00,NA,NA,NA
2025-02-15 10:00:00,92.58,195.31,7.62,12.49,12.84,NA,NA,0.67,108.67,NA,NA,NA,NA,NA,NA,NA,NA,NA,NA,NA,0.00,NA,NA,NA
2025-02-15 11:00:00,57.64,153.62,7.34,14.92,13.91,NA,NA,0.64,98.30,NA,NA,NA,NA,NA,NA,NA,NA,NA,NA,NA,0.00,NA,NA,NA
2025-02-15 12:00:00,45.42,156.18,7.13,15.17,13.86,NA,NA,0.65,110.71,NA,NA,NA,NA,NA,NA,NA,NA,NA,NA,NA,0.00,NA,NA,NA
2025-02-15 13:00:00,63.07,169.08,7.09,13.61,13.00,NA,NA,0.63,140.05,NA,NA,NA,NA,NA,NA,NA,NA,NA,NA,NA,0.00,NA,NA,NA
2025-02-15 14:00:00,64.65,141.12,6.88,9.00,10.38,NA,NA,0.54,171.24,NA,NA,NA,NA,NA,NA,NA,NA,NA,NA,NA,0.00,NA,NA,NA
2025-02-15 15:00:00,70.83,164.50,6.69,8.91,10.18,NA,NA,0.58,190.38,NA,NA,NA,NA,NA,NA,NA,NA,NA,NA,NA,0.00,NA,NA,NA
2025-02-15 16:00:00,74.40,153.96,6.41,8.66,9.82,NA,NA,0.57,178.16,NA,NA,NA,NA,NA,NA,NA,NA,NA,NA,NA,0.00,NA,NA,NA
2025-02-15 17:00:00,67.30,155.96,6.38,9.53,10.25,NA,NA,0.58,154.36,NA,NA,NA,NA,NA,NA,NA,NA,NA,NA,NA,0.00,NA,NA,NA
2025-02-15 18:00:00,80.26,177.23,6.87,11.45,11.68,NA,NA,0.56,125.43,NA,NA,NA,NA,NA,NA,NA,NA,NA,NA,NA,0.00,NA,NA,NA
2025-02-15 19:00:00,89.73,220.33,7.07,10.83,11.51,NA,NA,0.64,85.65,NA,NA,NA,NA,NA,NA,NA,NA,NA,NA,NA,0.00,NA,NA,NA
2025-02-15 20:00:00,111.44,207.24,6.88,14.89,13.51,NA,NA,0.75,54.50,NA,NA,NA,NA,NA,NA,NA,NA,NA,NA,NA,0.00,NA,NA,NA
2025-02-15 21:00:00,119.04,217.16,7.22,27.90,20.71,NA,NA,1.01,19.51,NA,NA,NA,NA,NA,NA,NA,NA,NA,NA,NA,0.00,NA,NA,NA
2025-02-15 22:00:00,148.56,266.86,8.85,27.03,21.58,NA,NA,1.51,6.76,NA,NA,NA,NA,NA,NA,NA,NA,NA,NA,NA,0.00,NA,NA,NA
2025-02-15 23:00:00,203.75,376.70,13.14,27.88,25.51,NA,NA,1.48,5.82,NA,NA,NA,NA,NA,NA,NA,NA,NA,NA,NA,0.00,NA,NA,NA
2025-02-16 00:00:00,183.22,289.23,8.15,16.94,15.63,NA,NA,1.10,20.55,NA,NA,NA,NA,NA,NA,NA,NA,NA,NA,NA,0.00,NA,NA,NA
2025-02-16 01:00:00,144.47,255.26,8.62,25.43,20.53,NA,NA,1.02,8.66,NA,NA,NA,NA,NA,NA,NA,NA,NA,NA,NA,0.00,NA,NA,NA
2025-02-16 02:00:00,130.57,223.42,9.48,21.61,19.21,NA,NA,1.33,7.61,NA,NA,NA,NA,NA,NA,NA,NA,NA,NA,NA,0.00,NA,NA,NA
2025-02-16 03:00:00,171.32,287.72,18.08,24.78,27.89,NA,NA,1.92,1.61,NA,NA,NA,NA,NA,NA,NA,NA,NA,NA,NA,0.00,NA,NA,NA
2025-02-16 04:00:00,163.83,247.19,27.60,20.03,33.11,NA,NA,2.20,1.59,NA,NA,NA,NA,NA,NA,NA,NA,NA,NA,NA,0.00,NA,NA,NA
2025-02-16 05:00:00,211.91,260.02,48.25,18.33,48.99,NA,NA,3.00,1.93,NA,NA,NA,NA,NA,NA,NA,NA,NA,NA,NA,0.00,NA,NA,NA
2025-02-16 06:00:00,224.57,238.81,46.22,14.09,45.06,NA,NA,2.98,3.22,NA,NA,NA,NA,NA,NA,NA,NA,NA,NA,NA,0.00,NA,NA,NA
2025-02-16 07:00:00,194.97,272.54,30.90,12.45,31.73,NA,NA,2.47,3.32,NA,NA,NA,NA,NA,NA,NA,NA,NA,NA,NA,0.00,NA,NA,NA
2025-02-16 08:00:00,177.81,294.76,18.78,21.36,26.62,NA,NA,2.13,3.96,NA,NA,NA,NA,NA,NA,NA,NA,NA,NA,NA,0.00,NA,NA,NA
2025-02-16 09:00:00,181.81,326.86,13.12,25.34,24.14,NA,NA,1.56,29.06,NA,NA,NA,NA,NA,NA,NA,NA,NA,NA,NA,0.00,NA,NA,NA
2025-02-16 10:00:00,156.96,234.02,8.85,10.66,12.86,NA,NA,1.02,101.27,NA,NA,NA,NA,NA,NA,NA,NA,NA,NA,NA,0.00,NA,NA,NA
2025-02-16 11:00:00,139.86,216.43,7.51,6.72,9.68,NA,NA,0.79,119.64,NA,NA,NA,NA,NA,NA,NA,NA,NA,NA,NA,0.00,NA,NA,NA
2025-02-16 12:00:00,93.05,177.29,7.19,7.61,9.89,NA,NA,0.87,136.26,NA,NA,NA,NA,NA,NA,NA,NA,NA,NA,NA,0.00,NA,NA,NA
2025-02-16 13:00:00,117.91,192.76,6.99,5.88,8.81,NA,NA,0.76,143.77,NA,NA,NA,NA,NA,NA,NA,NA,NA,NA,NA,0.00,NA,NA,NA
2025-02-16 14:00:00,88.10,127.82,7.18,3.83,7.87,NA,NA,0.54,133.48,NA,NA,NA,NA,NA,NA,NA,NA,NA,NA,NA,0.00,NA,NA,NA
2025-02-16 15:00:00,38.99,82.40,7.06,2.69,7.17,NA,NA,0.41,125.06,NA,NA,NA,NA,NA,NA,NA,NA,NA,NA,NA,0.00,NA,NA,NA
2025-02-16 16:00:00,58.35,121.93,6.99,5.51,8.62,NA,NA,0.57,162.24,NA,NA,NA,NA,NA,NA,NA,NA,NA,NA,NA,0.00,NA,NA,NA
2025-02-16 17:00:00,78.24,168.47,6.66,6.57,8.90,NA,NA,0.55,141.40,NA,NA,NA,NA,NA,NA,NA,NA,NA,NA,NA,0.00,NA,NA,NA
2025-02-16 18:00:00,61.41,147.64,8.02,8.60,11.10,NA,NA,0.55,96.11,NA,NA,NA,NA,NA,NA,NA,NA,NA,NA,NA,0.00,NA,NA,NA
2025-02-16 19:00:00,66.53,139.78,7.26,12.08,12.34,NA,NA,0.67,60.23,NA,NA,NA,NA,NA,NA,NA,NA,NA,NA,NA,0.00,NA,NA,NA
2025-02-16 20:00:00,104.31,197.37,7.87,23.51,18.92,NA,NA,1.02,30.29,NA,NA,NA,NA,NA,NA,NA,NA,NA,NA,NA,0.00,NA,NA,NA
2025-02-16 21:00:00,117.40,232.78,8.01,23.34,18.93,NA,NA,1.11,24.71,NA,NA,NA,NA,NA,NA,NA,NA,NA,NA,NA,0.00,NA,NA,NA
2025-02-16 22:00:00,118.42,224.92,7.44,22.85,18.20,NA,NA,1.16,14.36,NA,NA,NA,NA,NA,NA,NA,NA,NA,NA,NA,0.00,NA,NA,NA
2025-02-16 23:00:00,108.69,194.67,7.21,21.12,17.09,NA,NA,1.16,7.56,NA,NA,NA,NA,NA,NA,NA,NA,NA,NA,NA,0.00,NA,NA,NA
2025-02-17 00:00:00,127.34,200.06,7.68,21.01,17.42,NA,NA,1.24,3.39,NA,NA,NA,NA,NA,NA,NA,NA,NA,NA,NA,0.00,NA,NA,NA
2025-02-17 01:00:00,142.13,219.63,9.14,20.76,18.48,NA,NA,1.29,1.97,NA,NA,NA,NA,NA,NA,NA,NA,NA,NA,NA,0.00,NA,NA,NA
2025-02-17 02:00:00,127.81,215.24,9.62,18.44,17.62,NA,NA,1.23,2.37,NA,NA,NA,NA,NA,NA,NA,NA,NA,NA,NA,0.00,NA,NA,NA
2025-02-17 03:00:00,107.13,166.57,7.82,14.46,14.04,NA,NA,1.08,3.99,NA,NA,NA,NA,NA,NA,NA,NA,NA,NA,NA,0.00,NA,NA,NA
2025-02-17 04:00:00,79.81,128.94,8.85,11.50,13.32,NA,NA,1.07,2.07,NA,NA,NA,NA,NA,NA,NA,NA,NA,NA,NA,0.00,NA,NA,NA
2025-02-17 05:00:00,94.75,278.47,11.73,11.89,15.86,NA,NA,1.18,1.97,NA,NA,NA,NA,NA,NA,NA,NA,NA,NA,NA,0.00,NA,NA,NA
2025-02-17 06:00:00,87.42,340.60,12.77,11.42,16.45,NA,NA,1.17,1.58,NA,NA,NA,NA,NA,NA,NA,NA,NA,NA,NA,0.00,NA,NA,NA
2025-02-17 07:00:00,92.96,161.60,14.41,11.94,18.07,NA,NA,1.13,2.38,NA,NA,NA,NA,NA,NA,NA,NA,NA,NA,NA,0.00,NA,NA,NA
2025-02-17 08:00:00,98.84,204.46,17.05,18.69,23.83,NA,NA,1.68,3.57,NA,NA,NA,NA,NA,NA,NA,NA,NA,NA,NA,0.00,NA,NA,NA
2025-02-17 09:00:00,167.40,268.69,10.82,24.11,21.61,NA,NA,1.23,30.71,NA,NA,NA,NA,NA,NA,NA,NA,NA,NA,NA,0.00,NA,NA,NA
2025-02-17 10:00:00,138.22,249.36,8.42,19.60,17.25,NA,NA,0.97,73.74,NA,NA,NA,NA,NA,NA,NA,NA,NA,NA,NA,0.00,NA,NA,NA
2025-02-17 11:00:00,70.44,158.93,7.62,9.87,11.44,NA,NA,0.64,106.75,NA,NA,NA,NA,NA,NA,NA,NA,NA,NA,NA,0.00,NA,NA,NA
2025-02-17 12:00:00,63.84,141.59,7.36,5.57,8.94,NA,NA,0.54,128.87,NA,NA,NA,NA,NA,NA,NA,NA,NA,NA,NA,0.00,NA,NA,NA
2025-02-17 13:00:00,45.81,101.72,6.87,4.61,8.04,NA,NA,0.48,136.82,NA,NA,NA,NA,NA,NA,NA,NA,NA,NA,NA,0.00,NA,NA,NA
2025-02-17 14:00:00,54.90,118.94,6.77,9.85,10.76,NA,NA,0.64,184.64,NA,NA,NA,NA,NA,NA,NA,NA,NA,NA,NA,0.00,NA,NA,NA
2025-02-17 15:00:00,45.42,110.55,176.32,5.09,136.20,NA,NA,0.30,139.65,NA,NA,NA,NA,NA,NA,NA,NA,NA,NA,NA,0.00,NA,NA,NA
2025-02-17 16:00:00,NA,NA,3.08,7.29,6.39,NA,NA,0.38,147.85,NA,NA,NA,NA,NA,NA,NA,NA,NA,NA,NA,0.00,NA,NA,NA
2025-02-17 17:00:00,NA,NA,1.85,7.88,5.70,NA,NA,0.44,158.60,NA,NA,NA,NA,NA,NA,NA,NA,NA,NA,NA,0.00,NA,NA,NA
2025-02-17 18:00:00,NA,25.13,2.44,8.51,6.51,NA,NA,0.43,126.99,NA,NA,NA,NA,NA,NA,NA,NA,NA,NA,NA,0.00,NA,NA,NA
2025-02-17 19:00:00,NA,56.37,3.46,10.75,8.53,NA,NA,0.41,87.71,NA,NA,NA,NA,NA,NA,NA,NA,NA,NA,NA,0.00,NA,NA,NA
2025-02-17 20:00:00,9.17,103.72,4.07,14.29,10.91,NA,NA,0.43,51.53,NA,NA,NA,NA,NA,NA,NA,NA,NA,NA,NA,0.00,NA,NA,NA
2025-02-17 21:00:00,41.12,138.92,3.81,17.68,12.50,NA,NA,0.57,28.50,NA,NA,NA,NA,NA,NA,NA,NA,NA,NA,NA,0.00,NA,NA,NA
2025-02-17 22:00:00,96.93,218.32,4.88,23.85,16.66,NA,NA,1.09,10.44,NA,NA,NA,NA,NA,NA,NA,NA,NA,NA,NA,0.00,NA,NA,NA
2025-02-17 23:00:00,141.39,262.87,6.76,25.42,19.01,NA,NA,1.34,3.36,NA,NA,NA,NA,NA,NA,NA,NA,NA,NA,NA,0.00,NA,NA,NA
2025-02-18 00:00:00,144.80,341.91,17.96,36.68,34.10,NA,NA,1.63,2.76,NA,NA,NA,NA,NA,NA,NA,NA,NA,NA,NA,0.00,NA,NA,NA
2025-02-18 01:00:00,114.92,311.56,17.80,33.30,32.20,NA,NA,1.38,3.27,NA,NA,NA,NA,NA,NA,NA,NA,NA,NA,NA,0.00,NA,NA,NA
2025-02-18 02:00:00,101.62,229.22,9.73,34.10,26.06,NA,NA,1.07,1.29,NA,NA,NA,NA,NA,NA,NA,NA,NA,NA,NA,0.00,NA,NA,NA
2025-02-18 03:00:00,109.90,183.48,6.28,27.36,19.66,NA,NA,0.90,2.72,NA,NA,NA,NA,NA,NA,NA,NA,NA,NA,NA,0.00,NA,NA,NA
2025-02-18 04:00:00,117.99,173.23,8.86,27.41,21.78,NA,NA,0.75,2.23,NA,NA,NA,NA,NA,NA,NA,NA,NA,NA,NA,0.00,NA,NA,NA
2025-02-18 05:00:00,87.79,163.01,6.41,21.19,16.48,NA,NA,0.63,2.37,NA,NA,NA,NA,NA,NA,NA,NA,NA,NA,NA,0.00,NA,NA,NA
2025-02-18 06:00:00,77.93,127.75,7.28,17.78,15.36,NA,NA,0.50,4.21,NA,NA,NA,NA,NA,NA,NA,NA,NA,NA,NA,0.00,NA,NA,NA
2025-02-18 07:00:00,65.44,132.46,8.08,17.37,15.82,NA,NA,0.47,4.47,NA,NA,NA,NA,NA,NA,NA,NA,NA,NA,NA,0.00,NA,NA,NA
2025-02-18 08:00:00,73.84,145.69,9.46,22.90,19.87,NA,NA,0.62,7.55,NA,NA,NA,NA,NA,NA,NA,NA,NA,NA,NA,0.00,NA,NA,NA
2025-02-18 09:00:00,105.16,216.07,12.82,30.92,26.86,NA,NA,0.92,14.02,NA,NA,NA,NA,NA,NA,NA,NA,NA,NA,NA,0.00,NA,NA,NA
2025-02-18 10:00:00,143.04,368.81,11.83,44.47,33.28,NA,NA,1.17,40.10,NA,NA,NA,NA,NA,NA,NA,NA,NA,NA,NA,0.00,NA,NA,NA
2025-02-18 11:00:00,138.15,410.15,7.16,30.21,21.89,NA,NA,0.79,130.70,NA,NA,NA,NA,NA,NA,NA,NA,NA,NA,NA,0.00,NA,NA,NA
2025-02-18 12:00:00,105.53,343.46,2.84,5.96,4.79,NA,NA,0.32,109.18,NA,NA,NA,NA,NA,NA,NA,NA,NA,NA,NA,0.00,NA,NA,NA
2025-02-18 13:00:00,NA,262.93,16.36,8.87,15.80,NA,NA,0.16,99.69,NA,NA,NA,NA,NA,NA,NA,NA,NA,NA,NA,0.00,NA,NA,NA
2025-02-18 14:00:00,NA,74.30,5.26,5.22,7.06,NA,NA,0.20,93.46,NA,NA,NA,NA,NA,NA,NA,NA,NA,NA,NA,0.00,NA,NA,NA
2025-02-18 15:00:00,NA,34.30,5.73,10.58,10.29,NA,NA,0.70,78.01,NA,NA,NA,NA,NA,NA,NA,NA,NA,NA,NA,0.00,NA,NA,NA
2025-02-18 16:00:00,NA,45.88,6.09,9.64,10.08,NA,NA,0.13,59.68,NA,NA,NA,NA,NA,NA,NA,NA,NA,NA,NA,0.00,NA,NA,NA
2025-02-18 17:00:00,NA,42.30,5.22,3.59,6.15,NA,NA,0.13,70.58,NA,NA,NA,NA,NA,NA,NA,NA,NA,NA,NA,0.00,NA,NA,NA
2025-02-18 18:00:00,0.86,63.25,5.06,6.66,7.66,NA,NA,0.21,58.53,NA,NA,NA,NA,NA,NA,NA,NA,NA,NA,NA,0.00,NA,NA,NA
2025-02-18 19:00:00,11.94,107.81,5.12,11.26,10.15,NA,NA,0.37,46.08,NA,NA,NA,NA,NA,NA,NA,NA,NA,NA,NA,0.00,NA,NA,NA
2025-02-18 20:00:00,38.22,152.92,5.22,16.61,13.08,NA,NA,0.55,26.08,NA,NA,NA,NA,NA,NA,NA,NA,NA,NA,NA,0.00,NA,NA,NA
2025-02-18 21:00:00,50.65,170.29,6.09,23.89,17.66,NA,NA,0.58,8.86,NA,NA,NA,NA,NA,NA,NA,NA,NA,NA,NA,0.00,NA,NA,NA
2025-02-18 22:00:00,60.06,179.75,8.65,24.58,20.10,NA,NA,0.65,3.75,NA,NA,NA,NA,NA,NA,NA,NA,NA,NA,NA,0.00,NA,NA,NA
2025-02-18 23:00:00,77.10,209.62,8.40,25.90,20.61,NA,NA,0.75,2.78,NA,NA,NA,NA,NA,NA,NA,NA,NA,NA,NA,0.00,NA,NA,NA
2025-02-19 00:00:00,71.03,175.53,6.28,21.45,16.51,NA,NA,0.74,3.55,NA,NA,NA,NA,NA,NA,NA,NA,NA,NA,NA,0.00,NA,NA,NA
2025-02-19 01:00:00,74.25,163.73,6.96,21.12,16.90,NA,NA,0.81,2.90,NA,NA,NA,NA,NA,NA,NA,NA,NA,NA,NA,0.00,NA,NA,NA
2025-02-19 02:00:00,69.69,166.85,8.31,20.79,17.80,NA,NA,0.74,2.67,NA,NA,NA,NA,NA,NA,NA,NA,NA,NA,NA,0.00,NA,NA,NA
2025-02-19 03:00:00,74.25,174.87,22.12,20.07,28.66,NA,NA,0.83,2.34,NA,NA,NA,NA,NA,NA,NA,NA,NA,NA,NA,0.00,NA,NA,NA
2025-02-19 04:00:00,75.42,163.84,13.62,17.23,20.25,NA,NA,0.69,2.03,NA,NA,NA,NA,NA,NA,NA,NA,NA,NA,NA,0.00,NA,NA,NA
2025-02-19 05:00:00,53.95,130.96,6.26,17.69,14.50,NA,NA,0.57,5.56,NA,NA,NA,NA,NA,NA,NA,NA,NA,NA,NA,0.00,NA,NA,NA
2025-02-19 06:00:00,65.66,111.45,5.94,16.37,13.53,NA,NA,0.55,4.04,NA,NA,NA,NA,NA,NA,NA,NA,NA,NA,NA,0.00,NA,NA,NA
2025-02-19 07:00:00,68.31,122.02,10.21,19.75,18.80,NA,NA,0.62,4.76,NA,NA,NA,NA,NA,NA,NA,NA,NA,NA,NA,0.00,NA,NA,NA
2025-02-19 08:00:00,78.54,182.92,13.23,24.09,23.57,NA,NA,0.67,7.02,NA,NA,NA,NA,NA,NA,NA,NA,NA,NA,NA,0.00,NA,NA,NA
2025-02-19 09:00:00,92.16,249.33,10.58,24.89,21.85,NA,NA,0.66,27.00,NA,NA,NA,NA,NA,NA,NA,NA,NA,NA,NA,0.00,NA,NA,NA
2025-02-19 10:00:00,72.88,239.96,7.22,16.95,14.89,NA,NA,0.53,59.22,NA,NA,NA,NA,NA,NA,NA,NA,NA,NA,NA,0.00,NA,NA,NA
2025-02-19 11:00:00,41.30,157.26,5.92,8.96,9.58,NA,NA,0.41,74.23,NA,NA,NA,NA,NA,NA,NA,NA,NA,NA,NA,0.00,NA,NA,NA
2025-02-19 12:00:00,27.22,125.07,5.64,6.02,7.79,NA,NA,0.35,84.47,NA,NA,NA,NA,NA,NA,NA,NA,NA,NA,NA,0.00,NA,NA,NA
2025-02-19 13:00:00,34.67,123.97,7.05,6.72,9.31,NA,NA,0.32,90.67,NA,NA,NA,NA,NA,NA,NA,NA,NA,NA,NA,0.00,NA,NA,NA
2025-02-19 14:00:00,40.39,132.03,5.85,5.32,7.58,NA,NA,0.32,97.31,NA,NA,NA,NA,NA,NA,NA,NA,NA,NA,NA,0.00,NA,NA,NA
2025-02-19 15:00:00,38.88,126.35,5.53,4.26,6.76,NA,NA,0.28,94.16,NA,NA,NA,NA,NA,NA,NA,NA,NA,NA,NA,0.00,NA,NA,NA
2025-02-19 16:00:00,33.06,110.24,5.38,4.98,7.02,NA,NA,0.27,91.07,NA,NA,NA,NA,NA,NA,NA,NA,NA,NA,NA,0.00,NA,NA,NA
2025-02-19 17:00:00,38.78,104.88,5.44,5.34,7.26,NA,NA,0.29,85.61,NA,NA,NA,NA,NA,NA,NA,NA,NA,NA,NA,0.00,NA,NA,NA
2025-02-19 18:00:00,42.69,122.58,5.96,6.46,8.29,NA,NA,0.34,76.03,NA,NA,NA,NA,NA,NA,NA,NA,NA,NA,NA,0.00,NA,NA,NA
2025-02-19 19:00:00,58.16,130.85,6.25,9.71,10.24,NA,NA,0.42,60.45,NA,NA,NA,NA,NA,NA,NA,NA,NA,NA,NA,0.00,NA,NA,NA
2025-02-19 20:00:00,77.51,165.10,6.21,18.76,15.03,NA,NA,0.64,29.00,NA,NA,NA,NA,NA,NA,NA,NA,NA,NA,NA,0.00,NA,NA,NA
2025-02-19 21:00:00,83.26,228.55,6.45,20.65,16.23,NA,NA,0.70,29.53,NA,NA,NA,NA,NA,NA,NA,NA,NA,NA,NA,0.00,NA,NA,NA
2025-02-19 22:00:00,52.72,278.75,5.74,7.60,8.71,NA,NA,0.34,54.69,NA,NA,NA,NA,NA,NA,NA,NA,NA,NA,NA,0.00,NA,NA,NA
2025-02-19 23:00:00,23.49,130.36,5.83,8.07,9.03,NA,NA,0.32,46.90,NA,NA,NA,NA,NA,NA,NA,NA,NA,NA,NA,0.00,NA,NA,NA
2025-02-20 00:00:00,29.77,129.90,6.41,8.40,9.67,NA,NA,0.32,36.15,NA,NA,NA,NA,NA,NA,NA,NA,NA,NA,NA,0.00,NA,NA,NA
2025-02-20 01:00:00,38.53,138.37,7.25,11.88,12.21,NA,NA,0.39,23.20,NA,NA,NA,NA,NA,NA,NA,NA,NA,NA,NA,0.00,NA,NA,NA
2025-02-20 02:00:00,43.06,157.57,7.89,14.27,14.01,NA,NA,0.43,11.69,NA,NA,NA,NA,NA,NA,NA,NA,NA,NA,NA,0.00,NA,NA,NA
2025-02-20 03:00:00,37.74,97.64,6.98,9.18,10.55,NA,NA,0.36,20.40,NA,NA,NA,NA,NA,NA,NA,NA,NA,NA,NA,0.00,NA,NA,NA
2025-02-20 04:00:00,16.98,41.40,6.75,3.95,7.59,NA,NA,0.33,27.07,NA,NA,NA,NA,NA,NA,NA,NA,NA,NA,NA,0.00,NA,NA,NA
2025-02-20 05:00:00,19.41,42.64,7.02,4.67,8.19,NA,NA,0.32,22.62,NA,NA,NA,NA,NA,NA,NA,NA,NA,NA,NA,0.00,NA,NA,NA
2025-02-20 06:00:00,16.78,38.86,7.76,5.65,9.31,NA,NA,0.32,14.11,NA,NA,NA,NA,NA,NA,NA,NA,NA,NA,NA,0.00,NA,NA,NA
2025-02-20 07:00:00,25.21,33.63,82.97,3.80,168.10,NA,NA,0.44,6.22,NA,NA,NA,NA,NA,NA,NA,NA,NA,NA,NA,0.00,NA,NA,NA
2025-02-20 08:00:00,NA,NA,4.78,6.43,7.32,NA,NA,0.60,2.34,NA,NA,NA,NA,NA,NA,NA,NA,NA,NA,NA,0.00,NA,NA,NA
2025-02-20 09:00:00,NA,NA,4.11,7.68,7.43,NA,NA,0.53,3.04,NA,NA,NA,NA,NA,NA,NA,NA,NA,NA,NA,0.00,NA,NA,NA
2025-02-20 10:00:00,NA,NA,4.25,6.72,7.03,NA,NA,0.45,3.53,NA,NA,NA,NA,NA,NA,NA,NA,NA,NA,NA,0.00,NA,NA,NA
2025-02-20 11:00:00,NA,15.67,4.39,5.01,6.24,NA,NA,0.42,17.70,NA,NA,NA,NA,NA,NA,NA,NA,NA,NA,NA,0.00,NA,NA,NA
2025-02-20 12:00:00,NA,49.31,4.47,4.13,5.83,NA,NA,0.40,43.01,NA,NA,NA,NA,NA,NA,NA,NA,NA,NA,NA,0.00,NA,NA,NA
2025-02-20 13:00:00,10.97,60.74,3.98,3.00,4.84,NA,NA,0.38,58.42,NA,NA,NA,NA,NA,NA,NA,NA,NA,NA,NA,0.00,NA,NA,NA
2025-02-20 14:00:00,5.84,58.46,3.96,3.19,4.92,NA,NA,0.39,60.89,NA,NA,NA,NA,NA,NA,NA,NA,NA,NA,NA,0.00,NA,NA,NA
2025-02-20 15:00:00,18.61,61.47,4.23,3.29,5.19,NA,NA,0.40,64.75,NA,NA,NA,NA,NA,NA,NA,NA,NA,NA,NA,0.00,NA,NA,NA
2025-02-20 16:00:00,28.01,69.10,4.99,3.40,5.86,NA,NA,0.41,69.37,NA,NA,NA,NA,NA,NA,NA,NA,NA,NA,NA,0.00,NA,NA,NA
2025-02-20 17:00:00,33.78,78.97,5.22,3.34,6.02,NA,NA,0.40,72.92,NA,NA,NA,NA,NA,NA,NA,NA,NA,NA,NA,0.00,NA,NA,NA
2025-02-20 18:00:00,41.78,79.73,4.88,4.74,6.49,NA,NA,0.44,62.23,NA,NA,NA,NA,NA,NA,NA,NA,NA,NA,NA,0.00,NA,NA,NA
2025-02-20 19:00:00,33.58,65.13,4.66,5.64,6.79,NA,NA,0.50,53.39,NA,NA,NA,NA,NA,NA,NA,NA,NA,NA,NA,0.00,NA,NA,NA
2025-02-20 20:00:00,43.60,74.27,4.67,6.03,7.00,NA,NA,0.52,54.17,NA,NA,NA,NA,NA,NA,NA,NA,NA,NA,NA,0.00,NA,NA,NA
2025-02-20 21:00:00,47.05,77.15,5.53,6.48,7.94,NA,NA,0.54,54.71,NA,NA,NA,NA,NA,NA,NA,NA,NA,NA,NA,0.00,NA,NA,NA
2025-02-20 22:00:00,60.63,97.49,5.99,6.54,8.35,NA,NA,0.54,52.19,NA,NA,NA,NA,NA,NA,NA,NA,NA,NA,NA,0.00,NA,NA,NA
2025-02-20 23:00:00,59.78,98.67,5.55,7.55,8.53,NA,NA,0.54,42.41,NA,NA,NA,NA,NA,NA,NA,NA,NA,NA,NA,0.00,NA,NA,NA
2025-02-21 00:00:00,59.20,79.19,4.85,8.44,8.43,NA,NA,0.54,27.01,NA,NA,NA,NA,NA,NA,NA,NA,NA,NA,NA,0.00,NA,NA,NA
2025-02-21 01:00:00,61.92,107.15,4.76,10.15,9.27,NA,NA,0.65,17.31,NA,NA,NA,NA,NA,NA,NA,NA,NA,NA,NA,0.00,NA,NA,NA
2025-02-21 02:00:00,69.80,122.36,5.90,10.72,10.50,NA,NA,0.62,6.45,NA,NA,NA,NA,NA,NA,NA,NA,NA,NA,NA,0.00,NA,NA,NA
2025-02-21 03:00:00,72.38,134.03,8.81,11.23,13.13,NA,NA,0.65,3.67,NA,NA,NA,NA,NA,NA,NA,NA,NA,NA,NA,0.00,NA,NA,NA
2025-02-21 04:00:00,67.86,154.39,11.75,11.45,15.65,NA,NA,0.70,3.75,NA,NA,NA,NA,NA,NA,NA,NA,NA,NA,NA,0.00,NA,NA,NA
2025-02-21 05:00:00,66.49,128.31,8.84,12.88,14.04,NA,NA,0.67,3.67,NA,NA,NA,NA,NA,NA,NA,NA,NA,NA,NA,0.00,NA,NA,NA
2025-02-21 06:00:00,56.45,112.05,9.36,7.62,11.66,NA,NA,0.65,4.17,NA,NA,NA,NA,NA,NA,NA,NA,NA,NA,NA,0.00,NA,NA,NA
2025-02-21 07:00:00,67.17,94.46,9.04,6.66,10.89,NA,NA,0.61,3.75,NA,NA,NA,NA,NA,NA,NA,NA,NA,NA,NA,0.00,NA,NA,NA
2025-02-21 08:00:00,69.42,93.08,9.41,9.37,12.64,NA,NA,0.63,5.04,NA,NA,NA,NA,NA,NA,NA,NA,NA,NA,NA,0.00,NA,NA,NA
2025-02-21 09:00:00,65.46,120.34,6.88,8.70,10.23,NA,NA,0.56,20.58,NA,NA,NA,NA,NA,NA,NA,NA,NA,NA,NA,0.00,NA,NA,NA
2025-02-21 10:00:00,62.18,137.91,11.67,5.90,10.20,NA,NA,0.55,46.46,NA,NA,NA,NA,NA,NA,NA,NA,NA,NA,NA,0.00,NA,NA,NA
2025-02-21 11:00:00,56.91,102.60,9.39,NA,6.66,NA,NA,0.53,63.85,NA,NA,NA,NA,NA,NA,NA,NA,NA,NA,NA,0.00,NA,NA,NA
2025-02-21 12:00:00,69.10,108.66,4.72,NA,3.08,NA,NA,0.55,74.71,NA,NA,NA,NA,NA,NA,NA,NA,NA,NA,NA,0.00,NA,NA,NA
2025-02-21 13:00:00,79.58,129.68,4.27,NA,2.86,NA,NA,0.62,100.35,NA,NA,NA,NA,NA,NA,NA,NA,NA,NA,NA,0.00,NA,NA,NA
2025-02-21 14:00:00,123.25,186.87,NA,NA,0.00,NA,NA,0.68,129.89,NA,NA,NA,NA,NA,NA,NA,NA,NA,NA,NA,0.00,NA,NA,NA
2025-02-21 15:00:00,96.40,146.73,NA,NA,0.00,NA,NA,0.60,120.59,NA,NA,NA,NA,NA,NA,NA,NA,NA,NA,NA,0.00,NA,NA,NA
2025-02-21 16:00:00,75.89,140.25,172.12,NA,64.20,NA,NA,0.58,95.05,NA,NA,NA,NA,NA,NA,NA,NA,NA,NA,NA,0.00,NA,NA,NA
2025-02-21 17:00:00,76.15,142.72,135.00,NA,98.33,NA,NA,0.66,106.50,NA,NA,NA,NA,NA,NA,NA,NA,NA,NA,NA,0.00,NA,NA,NA
2025-02-21 18:00:00,89.31,158.47,45.54,NA,16.77,NA,NA,0.68,96.94,NA,NA,NA,NA,NA,NA,NA,NA,NA,NA,NA,0.00,NA,NA,NA
2025-02-21 19:00:00,84.49,144.82,68.15,NA,8.47,NA,NA,0.72,85.00,NA,NA,NA,NA,NA,NA,NA,NA,NA,NA,NA,0.00,NA,NA,NA
2025-02-21 20:00:00,76.38,158.79,97.47,NA,73.28,NA,NA,0.79,61.47,NA,NA,NA,NA,NA,NA,NA,NA,NA,NA,NA,0.00,NA,NA,NA
2025-02-21 21:00:00,88.48,177.52,100.56,NA,75.44,NA,NA,0.81,51.26,NA,NA,NA,NA,NA,NA,NA,NA,NA,NA,NA,0.00,NA,NA,NA
2025-02-21 22:00:00,79.84,199.86,106.50,NA,80.05,NA,NA,0.80,41.98,NA,NA,NA,NA,NA,NA,NA,NA,NA,NA,NA,0.00,NA,NA,NA
2025-02-21 23:00:00,75.23,172.09,104.90,NA,78.83,NA,NA,0.71,45.23,NA,NA,NA,NA,NA,NA,NA,NA,NA,NA,NA,0.00,NA,NA,NA
2025-02-22 00:00:00,63.69,120.24,102.22,NA,76.81,NA,NA,0.65,44.05,NA,NA,NA,NA,NA,NA,NA,NA,NA,NA,NA,0.00,NA,NA,NA
2025-02-22 01:00:00,79.71,82.49,102.28,NA,76.80,NA,NA,0.61,40.66,NA,NA,NA,NA,NA,NA,NA,NA,NA,NA,NA,0.00,NA,NA,NA
2025-02-22 02:00:00,63.88,75.00,105.82,NA,79.52,NA,NA,0.58,39.06,NA,NA,NA,NA,NA,NA,NA,NA,NA,NA,NA,0.00,NA,NA,NA
2025-02-22 03:00:00,58.98,67.68,114.06,NA,85.86,NA,NA,0.58,38.04,NA,NA,NA,NA,NA,NA,NA,NA,NA,NA,NA,0.00,NA,NA,NA
2025-02-22 04:00:00,40.66,65.28,124.98,NA,94.15,NA,NA,0.57,38.31,NA,NA,NA,NA,NA,NA,NA,NA,NA,NA,NA,0.00,NA,NA,NA
2025-02-22 05:00:00,50.20,75.66,128.25,NA,96.53,NA,NA,0.56,37.50,NA,NA,NA,NA,NA,NA,NA,NA,NA,NA,NA,0.00,NA,NA,NA
2025-02-22 06:00:00,50.34,81.75,127.63,NA,96.12,NA,NA,0.55,36.57,NA,NA,NA,NA,NA,NA,NA,NA,NA,NA,NA,0.00,NA,NA,NA
2025-02-22 07:00:00,56.47,86.03,133.91,NA,100.86,NA,NA,0.57,32.24,NA,NA,NA,NA,NA,NA,NA,NA,NA,NA,NA,0.00,NA,NA,NA
2025-02-22 08:00:00,42.91,73.64,148.79,NA,112.36,NA,NA,0.63,27.75,NA,NA,NA,NA,NA,NA,NA,NA,NA,NA,NA,0.00,NA,NA,NA
2025-02-22 09:00:00,39.04,72.07,165.05,NA,124.72,NA,NA,0.63,30.74,NA,NA,NA,NA,NA,NA,NA,NA,NA,NA,NA,0.00,NA,NA,NA
2025-02-22 10:00:00,49.07,99.64,174.55,NA,65.97,NA,NA,0.63,49.71,NA,NA,NA,NA,NA,NA,NA,NA,NA,NA,NA,0.00,NA,NA,NA
2025-02-22 11:00:00,47.10,102.86,NA,NA,0.00,NA,NA,0.54,81.96,NA,NA,NA,NA,NA,NA,NA,NA,NA,NA,NA,0.00,NA,NA,NA
2025-02-22 12:00:00,46.74,119.99,44.14,0.52,28.02,NA,NA,0.55,91.21,NA,NA,NA,NA,NA,NA,NA,NA,NA,NA,NA,0.00,NA,NA,NA
2025-02-22 13:00:00,48.57,113.54,57.35,3.58,44.25,NA,NA,0.50,93.53,NA,NA,NA,NA,NA,NA,NA,NA,NA,NA,NA,0.00,NA,NA,NA
2025-02-22 14:00:00,38.58,88.72,72.33,NA,53.33,NA,NA,0.42,93.27,NA,NA,NA,NA,NA,NA,NA,NA,NA,NA,NA,0.00,NA,NA,NA
2025-02-22 15:00:00,42.72,79.09,47.97,12.76,42.51,NA,NA,0.40,110.79,NA,NA,NA,NA,NA,NA,NA,NA,NA,NA,NA,0.00,NA,NA,NA
2025-02-22 16:00:00,48.87,81.16,0.92,11.67,6.93,NA,NA,0.38,116.21,NA,NA,NA,NA,NA,NA,NA,NA,NA,NA,NA,0.00,NA,NA,NA
2025-02-22 17:00:00,34.69,79.65,13.00,8.77,14.78,NA,NA,0.41,115.87,NA,NA,NA,NA,NA,NA,NA,NA,NA,NA,NA,0.00,NA,NA,NA
2025-02-22 18:00:00,38.20,73.89,324.01,32.43,280.32,NA,NA,0.46,104.40,NA,NA,NA,NA,NA,NA,NA,NA,NA,NA,NA,0.00,NA,NA,NA
2025-02-22 19:00:00,58.28,108.88,433.28,48.50,434.34,NA,NA,0.58,78.69,NA,NA,NA,NA,NA,NA,NA,NA,NA,NA,NA,0.00,NA,NA,NA
2025-02-22 20:00:00,68.55,105.99,209.81,20.91,182.02,NA,NA,0.64,54.08,NA,NA,NA,NA,NA,NA,NA,NA,NA,NA,NA,0.00,NA,NA,NA
2025-02-22 21:00:00,68.21,121.00,65.76,6.66,57.05,NA,NA,0.64,55.16,NA,NA,NA,NA,NA,NA,NA,NA,NA,NA,NA,0.00,NA,NA,NA
2025-02-22 22:00:00,78.12,175.80,56.45,6.11,49.12,NA,NA,0.81,43.10,NA,NA,NA,NA,NA,NA,NA,NA,NA,NA,NA,0.00,NA,NA,NA
2025-02-22 23:00:00,78.29,190.19,98.25,9.73,84.90,NA,NA,0.82,31.76,NA,NA,NA,NA,NA,NA,NA,NA,NA,NA,NA,0.00,NA,NA,NA
2025-02-23 00:00:00,61.10,146.81,274.85,26.99,237.70,NA,NA,0.76,35.61,NA,NA,NA,NA,NA,NA,NA,NA,NA,NA,NA,0.00,NA,NA,NA
2025-02-23 01:00:00,51.55,125.70,294.53,28.73,254.81,NA,NA,0.68,36.02,NA,NA,NA,NA,NA,NA,NA,NA,NA,NA,NA,0.00,NA,NA,NA
2025-02-23 02:00:00,41.94,109.32,191.13,18.89,165.54,NA,NA,0.60,37.62,NA,NA,NA,NA,NA,NA,NA,NA,NA,NA,NA,0.00,NA,NA,NA
2025-02-23 03:00:00,61.12,104.90,177.90,17.47,153.85,NA,NA,0.57,38.75,NA,NA,NA,NA,NA,NA,NA,NA,NA,NA,NA,0.00,NA,NA,NA
2025-02-23 04:00:00,67.87,115.26,283.09,27.31,244.57,NA,NA,0.60,22.73,NA,NA,NA,NA,NA,NA,NA,NA,NA,NA,NA,0.00,NA,NA,NA
2025-02-23 05:00:00,47.83,91.96,337.21,32.58,291.44,NA,NA,0.58,13.98,NA,NA,NA,NA,NA,NA,NA,NA,NA,NA,NA,0.00,NA,NA,NA
2025-02-23 06:00:00,38.55,77.57,353.37,34.05,305.44,NA,NA,0.57,12.35,NA,NA,NA,NA,NA,NA,NA,NA,NA,NA,NA,0.00,NA,NA,NA
2025-02-23 07:00:00,64.05,65.44,286.87,28.15,248.28,NA,NA,0.54,11.78,NA,NA,NA,NA,NA,NA,NA,NA,NA,NA,NA,0.00,NA,NA,NA
2025-02-23 08:00:00,56.78,80.97,220.86,22.18,191.39,NA,NA,0.70,20.86,NA,NA,NA,NA,NA,NA,NA,NA,NA,NA,NA,0.00,NA,NA,NA
2025-02-23 09:00:00,83.74,144.57,268.94,26.30,232.61,NA,NA,0.66,47.72,NA,NA,NA,NA,NA,NA,NA,NA,NA,NA,NA,0.00,NA,NA,NA
2025-02-23 10:00:00,37.36,108.66,332.24,32.01,287.15,NA,NA,0.59,83.89,NA,NA,NA,NA,NA,NA,NA,NA,NA,NA,NA,0.00,NA,NA,NA
2025-02-23 11:00:00,38.54,103.08,342.09,33.34,295.84,NA,NA,0.55,100.14,NA,NA,NA,NA,NA,NA,NA,NA,NA,NA,NA,0.00,NA,NA,NA
2025-02-23 12:00:00,28.19,96.09,299.41,28.97,258.82,NA,NA,0.46,104.02,NA,NA,NA,NA,NA,NA,NA,NA,NA,NA,NA,0.00,NA,NA,NA
2025-02-23 13:00:00,29.08,83.23,318.30,31.27,275.45,NA,NA,0.45,110.46,NA,NA,NA,NA,NA,NA,NA,NA,NA,NA,NA,0.00,NA,NA,NA
2025-02-23 14:00:00,41.87,80.00,341.56,33.08,295.32,NA,NA,0.47,120.61,NA,NA,NA,NA,NA,NA,NA,NA,NA,NA,NA,0.00,NA,NA,NA
2025-02-23 15:00:00,38.04,90.48,365.06,35.89,315.90,NA,NA,0.47,124.47,NA,NA,NA,NA,NA,NA,NA,NA,NA,NA,NA,0.00,NA,NA,NA
2025-02-23 16:00:00,37.90,73.85,377.79,36.79,326.72,NA,NA,0.46,125.02,NA,NA,NA,NA,NA,NA,NA,NA,NA,NA,NA,0.00,NA,NA,NA
2025-02-23 17:00:00,36.82,78.66,373.02,36.52,322.68,NA,NA,0.46,123.05,NA,NA,NA,NA,NA,NA,NA,NA,NA,NA,NA,0.00,NA,NA,NA
2025-02-23 18:00:00,41.74,86.87,363.66,35.59,314.59,NA,NA,0.48,109.44,NA,NA,NA,NA,NA,NA,NA,NA,NA,NA,NA,0.00,NA,NA,NA
2025-02-23 19:00:00,61.63,119.89,369.49,36.10,319.62,NA,NA,0.56,79.32,NA,NA,NA,NA,NA,NA,NA,NA,NA,NA,NA,0.00,NA,NA,NA
2025-02-23 20:00:00,54.69,126.88,403.28,39.38,348.87,NA,NA,0.62,67.07,NA,NA,NA,NA,NA,NA,NA,NA,NA,NA,NA,0.00,NA,NA,NA
2025-02-23 21:00:00,NA,NA,NA,NA,NA,NA,NA,NA,NA,NA,NA,NA,NA,NA,NA,NA,NA,NA,NA,NA,0.00,NA,NA,NA
2025-02-23 22:00:00,31.08,78.09,86.04,26.39,76.30,NA,NA,0.99,22.65,NA,NA,NA,NA,NA,NA,NA,NA,NA,NA,NA,0.00,NA,NA,NA
2025-02-23 23:00:00,NA,NA,NA,0.03,NA,NA,NA,0.89,20.20,NA,NA,NA,NA,NA,NA,NA,NA,NA,NA,NA,0.00,NA,NA,NA
2025-02-24 00:00:00,NA,23.74,NA,0.05,NA,NA,NA,0.95,16.60,NA,NA,NA,NA,NA,NA,NA,NA,NA,NA,NA,0.00,NA,NA,NA
2025-02-24 01:00:00,NA,57.20,NA,0.10,NA,NA,NA,0.96,13.35,NA,NA,NA,NA,NA,NA,NA,NA,NA,NA,NA,0.00,NA,NA,NA
2025-02-24 02:00:00,5.29,81.28,NA,0.06,NA,NA,NA,1.01,14.63,NA,NA,NA,NA,NA,NA,NA,NA,NA,NA,NA,0.00,NA,NA,NA
2025-02-24 03:00:00,20.92,118.52,NA,0.12,NA,NA,NA,0.95,13.50,NA,NA,NA,NA,NA,NA,NA,NA,NA,NA,NA,0.00,NA,NA,NA
2025-02-24 04:00:00,27.04,95.64,NA,0.05,NA,NA,NA,0.90,12.83,NA,NA,NA,NA,NA,NA,NA,NA,NA,NA,NA,0.00,NA,NA,NA
2025-02-24 05:00:00,36.09,107.19,NA,0.11,NA,NA,NA,0.95,13.24,NA,NA,NA,NA,NA,NA,NA,NA,NA,NA,NA,0.00,NA,NA,NA
2025-02-24 06:00:00,64.70,138.91,NA,NA,NA,NA,NA,0.98,15.04,NA,NA,NA,NA,NA,NA,NA,NA,NA,NA,NA,0.00,NA,NA,NA
2025-02-24 07:00:00,73.25,153.96,NA,0.12,NA,NA,NA,0.92,16.89,NA,NA,NA,NA,NA,NA,NA,NA,NA,NA,NA,0.00,NA,NA,NA
2025-02-24 08:00:00,52.25,125.93,NA,0.09,NA,NA,NA,0.90,22.35,NA,NA,NA,NA,NA,NA,NA,NA,NA,NA,NA,0.00,NA,NA,NA
2025-02-24 09:00:00,63.70,176.36,NA,0.05,NA,NA,NA,0.95,43.19,NA,NA,NA,NA,NA,NA,NA,NA,NA,NA,NA,0.00,NA,NA,NA
2025-02-24 10:00:00,45.70,180.26,NA,0.33,80.66,NA,NA,0.71,106.78,NA,NA,NA,NA,NA,NA,NA,NA,NA,NA,NA,0.00,NA,NA,NA
2025-02-24 11:00:00,35.68,199.54,NA,108.44,88.73,NA,NA,0.59,121.03,NA,NA,NA,NA,NA,NA,NA,NA,NA,NA,NA,0.00,NA,NA,NA
2025-02-24 12:00:00,NA,236.89,52.42,54.19,32.23,NA,NA,0.55,126.96,NA,NA,NA,NA,NA,NA,NA,NA,NA,NA,NA,0.00,NA,NA,NA
2025-02-24 13:00:00,NA,NA,18.65,37.01,31.49,NA,NA,0.51,132.09,NA,NA,NA,NA,NA,NA,NA,NA,NA,NA,NA,0.00,NA,NA,NA
2025-02-24 14:00:00,198.19,78.47,2.71,49.27,28.41,NA,NA,0.50,143.35,NA,NA,NA,NA,NA,NA,NA,NA,NA,NA,NA,0.00,NA,NA,NA
2025-02-24 15:00:00,141.38,143.00,3.76,40.23,24.45,NA,NA,0.46,130.26,NA,NA,NA,NA,NA,NA,NA,NA,NA,NA,NA,0.00,NA,NA,NA
2025-02-24 16:00:00,NA,113.73,3.40,25.53,16.34,NA,NA,0.46,140.53,NA,NA,NA,NA,NA,NA,NA,NA,NA,NA,NA,0.00,NA,NA,NA
2025-02-24 17:00:00,NA,137.82,3.39,34.68,21.21,NA,NA,0.55,140.03,NA,NA,NA,NA,NA,NA,NA,NA,NA,NA,NA,0.00,NA,NA,NA
2025-02-24 18:00:00,1.71,143.97,3.01,22.04,14.17,NA,NA,0.57,129.76,NA,NA,NA,NA,NA,NA,NA,NA,NA,NA,NA,0.00,NA,NA,NA
2025-02-24 19:00:00,22.37,147.44,2.95,25.52,15.97,NA,NA,0.70,95.31,NA,NA,NA,NA,NA,NA,NA,NA,NA,NA,NA,0.00,NA,NA,NA
2025-02-24 20:00:00,56.15,204.05,2.94,31.19,18.98,NA,NA,0.91,67.91,NA,NA,NA,NA,NA,NA,NA,NA,NA,NA,NA,0.00,NA,NA,NA
2025-02-24 21:00:00,54.40,182.39,3.08,36.28,21.80,NA,NA,0.88,37.27,NA,NA,NA,NA,NA,NA,NA,NA,NA,NA,NA,0.00,NA,NA,NA
2025-02-24 22:00:00,70.02,192.06,3.72,44.09,26.48,NA,NA,1.00,23.31,NA,NA,NA,NA,NA,NA,NA,NA,NA,NA,NA,0.00,NA,NA,NA
2025-02-24 23:00:00,82.67,233.87,4.36,49.58,29.92,NA,NA,1.19,20.96,NA,NA,NA,NA,NA,NA,NA,NA,NA,NA,NA,0.00,NA,NA,NA
2025-02-25 00:00:00,92.25,221.28,6.85,35.96,24.70,NA,NA,1.22,17.16,NA,NA,NA,NA,NA,NA,NA,NA,NA,NA,NA,0.00,NA,NA,NA
2025-02-25 01:00:00,75.10,192.01,7.09,23.72,18.38,NA,NA,1.23,15.40,NA,NA,NA,NA,NA,NA,NA,NA,NA,NA,NA,0.00,NA,NA,NA
2025-02-25 02:00:00,74.30,160.13,6.00,14.84,12.76,NA,NA,1.14,13.91,NA,NA,NA,NA,NA,NA,NA,NA,NA,NA,NA,0.00,NA,NA,NA
2025-02-25 03:00:00,58.04,142.93,14.24,28.07,26.51,NA,NA,1.06,14.42,NA,NA,NA,NA,NA,NA,NA,NA,NA,NA,NA,0.00,NA,NA,NA
2025-02-25 04:00:00,59.54,129.43,10.41,3.19,9.84,NA,NA,1.02,14.72,NA,NA,NA,NA,NA,NA,NA,NA,NA,NA,NA,0.00,NA,NA,NA
2025-02-25 05:00:00,66.82,171.25,30.95,10.11,30.52,NA,NA,1.20,16.04,NA,NA,NA,NA,NA,NA,NA,NA,NA,NA,NA,0.00,NA,NA,NA
2025-02-25 06:00:00,102.20,192.57,33.30,9.68,32.23,NA,NA,1.22,16.88,NA,NA,NA,NA,NA,NA,NA,NA,NA,NA,NA,0.00,NA,NA,NA
2025-02-25 07:00:00,109.94,213.67,25.28,2.34,21.78,NA,NA,1.17,18.37,NA,NA,NA,NA,NA,NA,NA,NA,NA,NA,NA,0.00,NA,NA,NA
2025-02-25 08:00:00,90.47,199.17,30.27,41.02,46.43,NA,NA,1.30,27.04,NA,NA,NA,NA,NA,NA,NA,NA,NA,NA,NA,0.00,NA,NA,NA
2025-02-25 09:00:00,150.13,325.73,11.77,65.19,44.26,NA,NA,1.31,50.93,NA,NA,NA,NA,NA,NA,NA,NA,NA,NA,NA,0.00,NA,NA,NA
2025-02-25 10:00:00,94.88,222.91,3.57,12.18,6.46,NA,NA,0.87,117.62,NA,NA,NA,NA,NA,NA,NA,NA,NA,NA,NA,0.00,NA,NA,NA
2025-02-25 11:00:00,61.63,179.25,1.83,NA,NA,NA,NA,0.72,157.16,NA,NA,NA,NA,NA,NA,NA,NA,NA,NA,NA,0.00,NA,NA,NA
2025-02-25 12:00:00,34.38,132.53,1.58,NA,NA,NA,NA,0.62,152.28,NA,NA,NA,NA,NA,NA,NA,NA,NA,NA,NA,0.00,NA,NA,NA
2025-02-25 13:00:00,43.68,106.30,1.47,NA,NA,NA,NA,0.58,157.59,NA,NA,NA,NA,NA,NA,NA,NA,NA,NA,NA,0.00,NA,NA,NA
2025-02-25 14:00:00,56.68,97.09,1.83,NA,NA,NA,NA,0.54,169.88,NA,NA,NA,NA,NA,NA,NA,NA,NA,NA,NA,0.00,NA,NA,NA
2025-02-25 15:00:00,42.93,114.55,1.75,NA,NA,NA,NA,0.55,177.65,NA,NA,NA,NA,NA,NA,NA,NA,NA,NA,NA,0.00,NA,NA,NA
2025-02-25 16:00:00,57.23,130.79,1.97,NA,NA,NA,NA,0.55,167.90,NA,NA,NA,NA,NA,NA,NA,NA,NA,NA,NA,0.00,NA,NA,NA
2025-02-25 17:00:00,52.82,127.78,1.69,NA,NA,NA,NA,0.59,168.02,NA,NA,NA,NA,NA,NA,NA,NA,NA,NA,NA,0.00,NA,NA,NA
2025-02-25 18:00:00,69.37,157.78,0.99,NA,NA,NA,NA,0.68,131.62,NA,NA,NA,NA,NA,NA,NA,NA,NA,NA,NA,0.00,NA,NA,NA
2025-02-25 19:00:00,86.51,200.87,2.67,NA,NA,NA,NA,0.75,98.60,NA,NA,NA,NA,NA,NA,NA,NA,NA,NA,NA,0.00,NA,NA,NA
2025-02-25 20:00:00,78.00,183.06,2.80,NA,NA,NA,NA,0.78,64.58,NA,NA,NA,NA,NA,NA,NA,NA,NA,NA,NA,0.00,NA,NA,NA
2025-02-25 21:00:00,90.18,183.15,1.72,NA,0.51,NA,NA,0.93,42.78,NA,NA,NA,NA,NA,NA,NA,NA,NA,NA,NA,0.00,NA,NA,NA
2025-02-25 22:00:00,72.84,181.50,12.52,44.19,35.56,NA,NA,1.00,19.38,NA,NA,NA,NA,NA,NA,NA,NA,NA,NA,NA,0.00,NA,NA,NA
2025-02-25 23:00:00,77.87,202.21,14.58,46.47,36.43,NA,NA,0.93,23.31,NA,NA,NA,NA,NA,NA,NA,NA,NA,NA,NA,0.00,NA,NA,NA
2025-02-26 00:00:00,69.04,158.40,1.55,3.69,2.94,NA,NA,0.70,61.37,NA,NA,NA,NA,NA,NA,NA,NA,NA,NA,NA,0.00,NA,NA,NA
2025-02-26 01:00:00,49.35,127.69,1.91,18.54,8.63,NA,NA,0.65,64.26,NA,NA,NA,NA,NA,NA,NA,NA,NA,NA,NA,0.00,NA,NA,NA
2025-02-26 02:00:00,41.22,101.60,1.49,15.13,4.94,NA,NA,0.60,67.01,NA,NA,NA,NA,NA,NA,NA,NA,NA,NA,NA,0.00,NA,NA,NA
2025-02-26 03:00:00,50.69,114.61,1.58,NA,NA,NA,NA,0.58,61.95,NA,NA,NA,NA,NA,NA,NA,NA,NA,NA,NA,0.00,NA,NA,NA
2025-02-26 04:00:00,46.92,114.21,1.48,NA,NA,NA,NA,0.58,45.32,NA,NA,NA,NA,NA,NA,NA,NA,NA,NA,NA,0.00,NA,NA,NA
2025-02-26 05:00:00,60.63,93.96,1.14,NA,0.09,NA,NA,0.58,55.36,NA,NA,NA,NA,NA,NA,NA,NA,NA,NA,NA,0.00,NA,NA,NA
2025-02-26 06:00:00,57.96,81.39,1.04,NA,NA,NA,NA,0.56,54.53,NA,NA,NA,NA,NA,NA,NA,NA,NA,NA,NA,0.00,NA,NA,NA
2025-02-26 07:00:00,55.99,71.75,1.41,NA,NA,NA,NA,0.59,40.52,NA,NA,NA,NA,NA,NA,NA,NA,NA,NA,NA,0.00,NA,NA,NA
2025-02-26 08:00:00,92.53,157.80,2.85,NA,NA,NA,NA,0.86,44.05,NA,NA,NA,NA,NA,NA,NA,NA,NA,NA,NA,0.00,NA,NA,NA
2025-02-26 09:00:00,90.32,193.66,2.66,NA,NA,NA,NA,0.71,71.85,NA,NA,NA,NA,NA,NA,NA,NA,NA,NA,NA,0.00,NA,NA,NA
2025-02-26 10:00:00,84.26,220.13,1.91,NA,NA,NA,NA,0.76,105.34,NA,NA,NA,NA,NA,NA,NA,NA,NA,NA,NA,0.00,NA,NA,NA
2025-02-26 11:00:00,68.95,158.23,1.27,NA,NA,NA,NA,0.67,109.26,NA,NA,NA,NA,NA,NA,NA,NA,NA,NA,NA,0.00,NA,NA,NA
2025-02-26 12:00:00,52.97,120.70,12.23,NA,2.90,NA,NA,0.60,114.60,NA,NA,NA,NA,NA,NA,NA,NA,NA,NA,NA,0.00,NA,NA,NA
2025-02-26 13:00:00,60.19,109.98,0.56,NA,NA,NA,NA,0.64,122.38,NA,NA,NA,NA,NA,NA,NA,NA,NA,NA,NA,0.00,NA,NA,NA
2025-02-26 14:00:00,69.38,125.43,0.08,NA,NA,NA,NA,0.61,127.74,NA,NA,NA,NA,NA,NA,NA,NA,NA,NA,NA,0.00,NA,NA,NA
2025-02-26 15:00:00,52.66,126.53,NA,NA,NA,NA,NA,0.57,138.22,NA,NA,NA,NA,NA,NA,NA,NA,NA,NA,NA,0.00,NA,NA,NA
2025-02-26 16:00:00,41.23,104.02,NA,NA,NA,NA,NA,0.56,133.22,NA,NA,NA,NA,NA,NA,NA,NA,NA,NA,NA,0.00,NA,NA,NA
2025-02-26 17:00:00,40.01,96.60,3.41,12.28,9.31,NA,NA,0.54,107.59,NA,NA,NA,NA,NA,NA,NA,NA,NA,NA,NA,0.00,NA,NA,NA
2025-02-26 18:00:00,46.04,100.51,4.84,18.20,13.61,NA,NA,0.56,84.94,NA,NA,NA,NA,NA,NA,NA,NA,NA,NA,NA,0.00,NA,NA,NA
2025-02-26 19:00:00,56.92,108.02,5.59,22.78,16.66,NA,NA,0.58,67.74,NA,NA,NA,NA,NA,NA,NA,NA,NA,NA,NA,0.00,NA,NA,NA
2025-02-26 20:00:00,70.67,163.24,5.97,38.12,25.13,NA,NA,0.82,61.68,NA,NA,NA,NA,NA,NA,NA,NA,NA,NA,NA,0.00,NA,NA,NA
2025-02-26 21:00:00,115.91,316.48,5.80,43.27,27.73,NA,NA,0.88,59.69,NA,NA,NA,NA,NA,NA,NA,NA,NA,NA,NA,0.00,NA,NA,NA
2025-02-26 22:00:00,66.70,170.95,5.43,29.27,19.99,NA,NA,0.73,67.33,NA,NA,NA,NA,NA,NA,NA,NA,NA,NA,NA,0.00,NA,NA,NA
2025-02-26 23:00:00,66.74,141.30,5.65,34.96,23.19,NA,NA,0.71,48.94,NA,NA,NA,NA,NA,NA,NA,NA,NA,NA,NA,0.00,NA,NA,NA
2025-02-27 00:00:00,65.30,113.63,6.87,43.12,28.52,NA,NA,0.69,43.36,NA,NA,NA,NA,NA,NA,NA,NA,NA,NA,NA,0.00,NA,NA,NA
2025-02-27 01:00:00,62.13,132.33,7.10,37.10,25.51,NA,NA,0.69,52.64,NA,NA,NA,NA,NA,NA,NA,NA,NA,NA,NA,0.00,NA,NA,NA
2025-02-27 02:00:00,56.84,131.10,6.34,35.47,24.02,NA,NA,0.68,58.67,NA,NA,NA,NA,NA,NA,NA,NA,NA,NA,NA,0.00,NA,NA,NA
2025-02-27 03:00:00,42.24,116.10,5.49,30.67,20.78,NA,NA,0.67,62.60,NA,NA,NA,NA,NA,NA,NA,NA,NA,NA,NA,0.00,NA,NA,NA
2025-02-27 04:00:00,48.81,107.38,5.33,27.82,19.13,NA,NA,0.64,74.93,NA,NA,NA,NA,NA,NA,NA,NA,NA,NA,NA,0.00,NA,NA,NA
2025-02-27 05:00:00,31.75,83.43,5.92,28.21,19.82,NA,NA,0.61,81.17,NA,NA,NA,NA,NA,NA,NA,NA,NA,NA,NA,0.00,NA,NA,NA
2025-02-27 06:00:00,59.35,111.96,6.69,29.08,20.91,NA,NA,0.63,67.46,NA,NA,NA,NA,NA,NA,NA,NA,NA,NA,NA,0.00,NA,NA,NA
2025-02-27 07:00:00,66.71,133.22,6.37,32.92,22.69,NA,NA,0.70,41.87,NA,NA,NA,NA,NA,NA,NA,NA,NA,NA,NA,0.00,NA,NA,NA
2025-02-27 08:00:00,105.32,210.64,10.48,58.12,39.43,NA,NA,1.16,18.61,NA,NA,NA,NA,NA,NA,NA,NA,NA,NA,NA,0.00,NA,NA,NA
2025-02-27 09:00:00,107.71,226.89,5.67,36.84,24.20,NA,NA,0.93,45.74,NA,NA,NA,NA,NA,NA,NA,NA,NA,NA,NA,0.00,NA,NA,NA
2025-02-27 10:00:00,57.19,125.94,6.18,35.34,23.82,NA,NA,0.83,55.97,NA,NA,NA,NA,NA,NA,NA,NA,NA,NA,NA,0.00,NA,NA,NA
2025-02-27 11:00:00,39.66,96.35,6.71,31.32,22.12,NA,NA,0.73,62.41,NA,NA,NA,NA,NA,NA,NA,NA,NA,NA,NA,0.00,NA,NA,NA
2025-02-27 12:00:00,7.60,73.79,6.68,24.44,18.43,NA,NA,0.63,68.12,NA,NA,NA,NA,NA,NA,NA,NA,NA,NA,NA,0.00,NA,NA,NA
2025-02-27 13:00:00,17.98,104.03,6.11,23.82,17.64,NA,NA,0.63,70.69,NA,NA,NA,NA,NA,NA,NA,NA,NA,NA,NA,0.00,NA,NA,NA
2025-02-27 14:00:00,27.98,102.50,5.81,20.52,15.64,NA,NA,0.61,78.75,NA,NA,NA,NA,NA,NA,NA,NA,NA,NA,NA,0.00,NA,NA,NA
2025-02-27 15:00:00,30.37,88.32,5.69,20.98,15.79,NA,NA,0.60,81.08,NA,NA,NA,NA,NA,NA,NA,NA,NA,NA,NA,0.00,NA,NA,NA
2025-02-27 16:00:00,33.89,69.27,6.11,20.07,15.64,NA,NA,0.57,76.89,NA,NA,NA,NA,NA,NA,NA,NA,NA,NA,NA,0.00,NA,NA,NA
2025-02-27 17:00:00,26.15,65.91,6.10,21.13,16.20,NA,NA,0.55,70.08,NA,NA,NA,NA,NA,NA,NA,NA,NA,NA,NA,0.00,NA,NA,NA
2025-02-27 18:00:00,32.49,95.88,6.05,39.79,26.09,NA,NA,0.61,31.18,NA,NA,NA,NA,NA,NA,NA,NA,NA,NA,NA,0.00,NA,NA,NA
2025-02-27 19:00:00,34.11,109.01,5.32,27.33,18.87,NA,NA,0.65,46.72,NA,NA,NA,NA,NA,NA,NA,NA,NA,NA,NA,0.00,NA,NA,NA
2025-02-27 20:00:00,35.79,96.63,5.68,24.65,17.73,NA,NA,0.65,41.63,NA,NA,NA,NA,NA,NA,NA,NA,NA,NA,NA,0.00,NA,NA,NA
2025-02-27 21:00:00,32.23,84.20,6.22,31.63,21.88,NA,NA,0.65,31.73,NA,NA,NA,NA,NA,NA,NA,NA,NA,NA,NA,0.00,NA,NA,NA
2025-02-27 22:00:00,46.74,146.94,6.48,34.64,23.69,NA,NA,0.78,26.34,NA,NA,NA,NA,NA,NA,NA,NA,NA,NA,NA,0.00,NA,NA,NA
2025-02-27 23:00:00,85.73,208.10,6.40,32.79,22.65,NA,NA,0.73,32.35,NA,NA,NA,NA,NA,NA,NA,NA,NA,NA,NA,0.00,NA,NA,NA
2025-02-28 00:00:00,80.25,152.37,5.80,26.43,18.77,NA,NA,0.66,40.38,NA,NA,NA,NA,NA,NA,NA,NA,NA,NA,NA,0.00,NA,NA,NA
2025-02-28 01:00:00,67.25,137.50,5.26,26.81,18.53,NA,NA,0.66,38.08,NA,NA,NA,NA,NA,NA,NA,NA,NA,NA,NA,0.00,NA,NA,NA
2025-02-28 02:00:00,75.07,121.94,5.87,26.25,18.74,NA,NA,0.63,44.74,NA,NA,NA,NA,NA,NA,NA,NA,NA,NA,NA,0.00,NA,NA,NA
2025-02-28 03:00:00,75.12,117.19,6.34,23.79,17.81,NA,NA,0.61,40.89,NA,NA,NA,NA,NA,NA,NA,NA,NA,NA,NA,0.00,NA,NA,NA
2025-02-28 04:00:00,82.22,174.48,6.57,26.93,19.67,NA,NA,0.70,39.15,NA,NA,NA,NA,NA,NA,NA,NA,NA,NA,NA,0.00,NA,NA,NA
2025-02-28 05:00:00,105.83,174.09,5.79,25.44,18.24,NA,NA,0.70,36.82,NA,NA,NA,NA,NA,NA,NA,NA,NA,NA,NA,0.00,NA,NA,NA
2025-02-28 06:00:00,76.03,108.62,5.52,22.24,16.32,NA,NA,0.67,44.44,NA,NA,NA,NA,NA,NA,NA,NA,NA,NA,NA,0.00,NA,NA,NA
2025-02-28 07:00:00,65.95,105.30,5.67,22.04,16.33,NA,NA,0.65,49.22,NA,NA,NA,NA,NA,NA,NA,NA,NA,NA,NA,0.00,NA,NA,NA
2025-02-28 08:00:00,52.50,105.90,6.42,21.42,16.61,NA,NA,0.64,45.24,NA,NA,NA,NA,NA,NA,NA,NA,NA,NA,NA,0.00,NA,NA,NA
2025-02-28 09:00:00,42.47,99.53,6.41,17.99,14.78,NA,NA,0.59,61.58,NA,NA,NA,NA,NA,NA,NA,NA,NA,NA,NA,0.00,NA,NA,NA
2025-02-28 10:00:00,31.29,92.16,5.81,15.98,13.23,NA,NA,0.58,69.59,NA,NA,NA,NA,NA,NA,NA,NA,NA,NA,NA,0.00,NA,NA,NA
2025-02-28 11:00:00,28.35,70.39,5.65,16.55,13.39,NA,NA,0.62,71.37,NA,NA,NA,NA,NA,NA,NA,NA,NA,NA,NA,0.00,NA,NA,NA
2025-02-28 12:00:00,35.99,103.24,5.42,17.71,13.83,NA,NA,0.63,75.58,NA,NA,NA,NA,NA,NA,NA,NA,NA,NA,NA,0.00,NA,NA,NA
2025-02-28 13:00:00,47.41,111.59,5.97,16.73,13.76,NA,NA,0.59,75.86,NA,NA,NA,NA,NA,NA,NA,NA,NA,NA,NA,0.00,NA,NA,NA
2025-02-28 14:00:00,56.08,106.31,6.26,16.64,13.94,NA,NA,0.60,77.54,NA,NA,NA,NA,NA,NA,NA,NA,NA,NA,NA,0.00,NA,NA,NA
2025-02-28 15:00:00,62.91,128.88,5.86,15.21,12.85,NA,NA,0.62,90.94,NA,NA,NA,NA,NA,NA,NA,NA,NA,NA,NA,0.00,NA,NA,NA
2025-02-28 16:00:00,61.69,127.98,5.48,15.49,12.69,NA,NA,0.62,88.48,NA,NA,NA,NA,NA,NA,NA,NA,NA,NA,NA,0.00,NA,NA,NA
2025-02-28 17:00:00,58.14,127.27,5.34,16.51,13.13,NA,NA,0.63,84.11,NA,NA,NA,NA,NA,NA,NA,NA,NA,NA,NA,0.00,NA,NA,NA
2025-02-28 18:00:00,58.64,136.43,5.79,20.81,15.78,NA,NA,0.63,74.90,NA,NA,NA,NA,NA,NA,NA,NA,NA,NA,NA,0.00,NA,NA,NA
2025-02-28 19:00:00,52.80,113.95,6.34,20.50,16.06,NA,NA,0.61,68.07,NA,NA,NA,NA,NA,NA,NA,NA,NA,NA,NA,0.00,NA,NA,NA
2025-02-28 20:00:00,45.42,111.44,6.41,20.33,16.02,NA,NA,0.64,45.62,NA,NA,NA,NA,NA,NA,NA,NA,NA,NA,NA,0.00,NA,NA,NA
2025-02-28 21:00:00,50.54,99.35,5.93,19.53,15.21,NA,NA,0.67,38.88,NA,NA,NA,NA,NA,NA,NA,NA,NA,NA,NA,0.00,NA,NA,NA
2025-02-28 22:00:00,49.44,86.05,5.64,19.70,15.07,NA,NA,0.69,37.42,NA,NA,NA,NA,NA,NA,NA,NA,NA,NA,NA,0.00,NA,NA,NA
2025-02-28 23:00:00,50.82,87.50,5.37,19.85,14.92,NA,NA,0.70,31.01,NA,NA,NA,NA,NA,NA,NA,NA,NA,NA,NA,0.00,NA,NA,NA
2025-03-01 00:00:00,50.87,99.68,5.46,20.44,15.31,NA,NA,0.70,21.54,NA,NA,NA,NA,NA,NA,NA,NA,NA,NA,NA,0.00,NA,NA,NA
2025-03-01 01:00:00,50.16,80.71,6.05,20.52,15.84,NA,NA,0.69,14.44,NA,NA,NA,NA,NA,NA,NA,NA,NA,NA,NA,0.00,NA,NA,NA
2025-03-01 02:00:00,51.59,91.95,6.95,24.64,18.76,NA,NA,0.68,12.87,NA,NA,NA,NA,NA,NA,NA,NA,NA,NA,NA,0.00,NA,NA,NA
2025-03-01 03:00:00,50.99,90.65,7.30,25.17,19.32,NA,NA,0.70,15.11,NA,NA,NA,NA,NA,NA,NA,NA,NA,NA,NA,0.00,NA,NA,NA
2025-03-01 04:00:00,58.76,114.54,6.52,23.65,17.88,NA,NA,0.72,17.21,NA,NA,NA,NA,NA,NA,NA,NA,NA,NA,NA,0.00,NA,NA,NA
2025-03-01 05:00:00,53.45,97.30,6.01,24.30,17.81,NA,NA,0.73,16.21,NA,NA,NA,NA,NA,NA,NA,NA,NA,NA,NA,0.00,NA,NA,NA
2025-03-01 06:00:00,52.17,78.38,6.25,26.71,19.29,NA,NA,0.71,16.74,NA,NA,NA,NA,NA,NA,NA,NA,NA,NA,NA,0.00,NA,NA,NA
2025-03-01 07:00:00,70.76,72.43,8.93,32.36,24.48,NA,NA,0.71,11.80,NA,NA,NA,NA,NA,NA,NA,NA,NA,NA,NA,0.00,NA,NA,NA
2025-03-01 08:00:00,57.13,70.24,10.09,30.84,24.60,NA,NA,0.69,14.27,NA,NA,NA,NA,NA,NA,NA,NA,NA,NA,NA,0.00,NA,NA,NA
2025-03-01 09:00:00,42.26,69.56,7.38,21.36,17.36,NA,NA,0.64,38.52,NA,NA,NA,NA,NA,NA,NA,NA,NA,NA,NA,0.00,NA,NA,NA
2025-03-01 10:00:00,47.64,71.49,6.71,17.39,14.70,NA,NA,0.66,56.28,NA,NA,NA,NA,NA,NA,NA,NA,NA,NA,NA,0.00,NA,NA,NA
2025-03-01 11:00:00,45.92,78.11,6.40,18.11,14.83,NA,NA,0.66,68.94,NA,NA,NA,NA,NA,NA,NA,NA,NA,NA,NA,0.00,NA,NA,NA
2025-03-01 12:00:00,48.53,69.21,6.36,16.38,13.88,NA,NA,0.64,86.72,NA,NA,NA,NA,NA,NA,NA,NA,NA,NA,NA,0.00,NA,NA,NA
2025-03-01 13:00:00,54.50,96.02,6.40,16.37,13.91,NA,NA,0.64,102.66,NA,NA,NA,NA,NA,NA,NA,NA,NA,NA,NA,0.00,NA,NA,NA
2025-03-01 14:00:00,53.23,95.89,5.99,15.84,13.29,NA,NA,0.65,112.54,NA,NA,NA,NA,NA,NA,NA,NA,NA,NA,NA,0.00,NA,NA,NA
2025-03-01 15:00:00,NA,NA,NA,NA,NA,NA,NA,NA,NA,NA,NA,NA,NA,NA,NA,NA,NA,NA,NA,NA,0.00,NA,NA,NA
2025-03-01 16:00:00,45.92,79.79,26.40,48.01,22.55,NA,NA,0.65,96.84,NA,NA,NA,NA,NA,NA,NA,NA,NA,NA,NA,0.00,NA,NA,NA
2025-03-01 17:00:00,NA,NA,NA,11.11,4.61,NA,NA,0.54,105.97,NA,NA,NA,NA,NA,NA,NA,NA,NA,NA,NA,0.00,NA,NA,NA
2025-03-01 18:00:00,NA,NA,NA,15.21,6.43,NA,NA,0.54,82.77,NA,NA,NA,NA,NA,NA,NA,NA,NA,NA,NA,0.00,NA,NA,NA
2025-03-01 19:00:00,NA,17.04,NA,22.94,11.06,NA,NA,0.59,72.96,NA,NA,NA,NA,NA,NA,NA,NA,NA,NA,NA,0.00,NA,NA,NA
2025-03-01 20:00:00,NA,53.78,NA,27.55,13.39,NA,NA,0.63,50.66,NA,NA,NA,NA,NA,NA,NA,NA,NA,NA,NA,0.00,NA,NA,NA
2025-03-01 21:00:00,5.54,70.87,193.99,33.85,50.77,NA,NA,0.67,28.37,NA,NA,NA,NA,NA,NA,NA,NA,NA,NA,NA,0.00,NA,NA,NA
2025-03-01 22:00:00,17.62,88.15,NA,NA,NA,NA,NA,0.81,15.65,NA,NA,NA,NA,NA,NA,NA,NA,NA,NA,NA,0.00,NA,NA,NA
2025-03-01 23:00:00,30.54,112.53,409.19,222.38,409.74,NA,NA,0.98,8.16,NA,NA,NA,NA,NA,NA,NA,NA,NA,NA,NA,0.00,NA,NA,NA
2025-03-02 00:00:00,43.55,123.25,90.59,168.08,116.16,NA,NA,0.98,9.50,NA,NA,NA,NA,NA,NA,NA,NA,NA,NA,NA,0.00,NA,NA,NA
2025-03-02 01:00:00,50.29,131.15,67.03,52.60,81.21,NA,NA,0.98,10.32,NA,NA,NA,NA,NA,NA,NA,NA,NA,NA,NA,0.00,NA,NA,NA
2025-03-02 02:00:00,50.69,150.56,3.79,38.16,23.38,NA,NA,0.92,10.72,NA,NA,NA,NA,NA,NA,NA,NA,NA,NA,NA,0.00,NA,NA,NA
2025-03-02 03:00:00,52.53,126.43,2.42,35.48,20.84,NA,NA,0.81,20.33,NA,NA,NA,NA,NA,NA,NA,NA,NA,NA,NA,0.00,NA,NA,NA
2025-03-02 04:00:00,38.04,97.97,2.28,23.23,14.21,NA,NA,0.67,34.76,NA,NA,NA,NA,NA,NA,NA,NA,NA,NA,NA,0.00,NA,NA,NA
2025-03-02 05:00:00,42.51,78.62,2.50,21.42,13.43,NA,NA,0.65,26.90,NA,NA,NA,NA,NA,NA,NA,NA,NA,NA,NA,0.00,NA,NA,NA
2025-03-02 06:00:00,32.95,69.78,45.36,45.61,61.09,NA,NA,0.60,26.42,NA,NA,NA,NA,NA,NA,NA,NA,NA,NA,NA,0.00,NA,NA,NA
2025-03-02 07:00:00,37.72,72.24,3.77,25.65,16.71,NA,NA,0.61,18.16,NA,NA,NA,NA,NA,NA,NA,NA,NA,NA,NA,0.00,NA,NA,NA
2025-03-02 08:00:00,43.36,95.09,100.86,135.58,101.55,NA,NA,0.67,21.30,NA,NA,NA,NA,NA,NA,NA,NA,NA,NA,NA,0.00,NA,NA,NA
2025-03-02 09:00:00,39.83,104.10,267.68,96.40,288.86,NA,NA,0.66,36.91,NA,NA,NA,NA,NA,NA,NA,NA,NA,NA,NA,0.00,NA,NA,NA
2025-03-02 10:00:00,40.58,117.61,47.15,31.33,55.02,NA,NA,0.60,61.82,NA,NA,NA,NA,NA,NA,NA,NA,NA,NA,NA,0.00,NA,NA,NA
2025-03-02 11:00:00,28.23,103.20,4.19,18.20,13.09,NA,NA,0.50,83.14,NA,NA,NA,NA,NA,NA,NA,NA,NA,NA,NA,0.00,NA,NA,NA
2025-03-02 12:00:00,15.24,93.68,30.32,25.77,38.34,NA,NA,0.42,90.70,NA,NA,NA,NA,NA,NA,NA,NA,NA,NA,NA,0.00,NA,NA,NA
2025-03-02 13:00:00,21.78,106.87,81.84,23.97,79.14,NA,NA,0.40,98.25,NA,NA,NA,NA,NA,NA,NA,NA,NA,NA,NA,0.00,NA,NA,NA
2025-03-02 14:00:00,18.45,93.04,1.58,10.12,6.67,NA,NA,0.37,99.53,NA,NA,NA,NA,NA,NA,NA,NA,NA,NA,NA,0.00,NA,NA,NA
2025-03-02 15:00:00,19.17,77.68,1.55,9.84,6.50,NA,NA,0.36,102.89,NA,NA,NA,NA,NA,NA,NA,NA,NA,NA,NA,0.00,NA,NA,NA
2025-03-02 16:00:00,15.75,72.22,1.77,11.23,7.41,NA,NA,0.37,106.20,NA,NA,NA,NA,NA,NA,NA,NA,NA,NA,NA,0.00,NA,NA,NA
2025-03-02 17:00:00,25.41,71.06,2.04,11.46,7.75,NA,NA,0.36,109.41,NA,NA,NA,NA,NA,NA,NA,NA,NA,NA,NA,0.00,NA,NA,NA
2025-03-02 18:00:00,30.60,78.65,2.00,12.52,8.28,NA,NA,0.36,108.90,NA,NA,NA,NA,NA,NA,NA,NA,NA,NA,NA,0.00,NA,NA,NA
2025-03-02 19:00:00,32.22,84.07,1.52,15.38,9.42,NA,NA,0.41,90.77,NA,NA,NA,NA,NA,NA,NA,NA,NA,NA,NA,0.00,NA,NA,NA
2025-03-02 20:00:00,40.46,105.93,1.44,24.11,14.00,NA,NA,0.47,56.32,NA,NA,NA,NA,NA,NA,NA,NA,NA,NA,NA,0.00,NA,NA,NA
2025-03-02 21:00:00,44.78,129.91,2.01,32.07,18.69,NA,NA,0.51,33.32,NA,NA,NA,NA,NA,NA,NA,NA,NA,NA,NA,0.00,NA,NA,NA
2025-03-02 22:00:00,51.67,128.21,2.79,30.90,18.71,NA,NA,0.53,21.94,NA,NA,NA,NA,NA,NA,NA,NA,NA,NA,NA,0.00,NA,NA,NA
2025-03-02 23:00:00,66.67,148.49,2.63,28.53,17.32,NA,NA,0.59,19.98,NA,NA,NA,NA,NA,NA,NA,NA,NA,NA,NA,0.00,NA,NA,NA
2025-03-03 00:00:00,78.92,163.62,2.03,31.51,18.41,NA,NA,0.71,18.58,NA,NA,NA,NA,NA,NA,NA,NA,NA,NA,NA,0.00,NA,NA,NA
2025-03-03 01:00:00,97.17,196.29,2.15,40.66,23.38,NA,NA,0.77,22.04,NA,NA,NA,NA,NA,NA,NA,NA,NA,NA,NA,0.00,NA,NA,NA
2025-03-03 02:00:00,73.74,187.08,2.43,49.21,28.15,NA,NA,0.76,17.23,NA,NA,NA,NA,NA,NA,NA,NA,NA,NA,NA,0.00,NA,NA,NA
2025-03-03 03:00:00,71.20,152.78,2.35,39.17,22.75,NA,NA,0.67,28.86,NA,NA,NA,NA,NA,NA,NA,NA,NA,NA,NA,0.00,NA,NA,NA
2025-03-03 04:00:00,48.94,119.11,2.88,29.29,17.92,NA,NA,0.62,26.45,NA,NA,NA,NA,NA,NA,NA,NA,NA,NA,NA,0.00,NA,NA,NA
2025-03-03 05:00:00,52.89,108.74,14.39,33.10,29.31,NA,NA,0.62,15.69,NA,NA,NA,NA,NA,NA,NA,NA,NA,NA,NA,0.00,NA,NA,NA
2025-03-03 06:00:00,35.15,94.09,2.01,25.54,15.22,NA,NA,0.62,14.46,NA,NA,NA,NA,NA,NA,NA,NA,NA,NA,NA,0.00,NA,NA,NA
2025-03-03 07:00:00,47.19,85.20,3.65,20.01,13.61,NA,NA,0.62,14.13,NA,NA,NA,NA,NA,NA,NA,NA,NA,NA,NA,0.00,NA,NA,NA
2025-03-03 08:00:00,53.85,153.69,8.30,45.77,31.09,NA,NA,0.84,17.84,NA,NA,NA,NA,NA,NA,NA,NA,NA,NA,NA,0.00,NA,NA,NA
2025-03-03 09:00:00,104.38,289.63,5.08,47.32,29.30,NA,NA,0.80,45.27,NA,NA,NA,NA,NA,NA,NA,NA,NA,NA,NA,0.00,NA,NA,NA
2025-03-03 10:00:00,99.72,238.79,2.85,42.00,24.66,NA,NA,0.74,73.55,NA,NA,NA,NA,NA,NA,NA,NA,NA,NA,NA,0.00,NA,NA,NA
2025-03-03 11:00:00,68.50,204.34,1.78,37.27,21.27,NA,NA,0.71,107.20,NA,NA,NA,NA,NA,NA,NA,NA,NA,NA,NA,0.00,NA,NA,NA
2025-03-03 12:00:00,54.48,179.49,1.07,23.40,13.32,NA,NA,0.59,116.53,NA,NA,NA,NA,NA,NA,NA,NA,NA,NA,NA,0.00,NA,NA,NA
2025-03-03 13:00:00,33.96,105.65,1.14,14.28,8.52,NA,NA,0.52,117.71,NA,NA,NA,NA,NA,NA,NA,NA,NA,NA,NA,0.00,NA,NA,NA
2025-03-03 14:00:00,40.89,92.78,1.19,11.36,7.00,NA,NA,0.49,114.77,NA,NA,NA,NA,NA,NA,NA,NA,NA,NA,NA,0.00,NA,NA,NA
2025-03-03 15:00:00,34.08,98.52,1.30,10.14,6.45,NA,NA,0.49,122.84,NA,NA,NA,NA,NA,NA,NA,NA,NA,NA,NA,0.00,NA,NA,NA
2025-03-03 16:00:00,41.06,91.88,3.26,10.27,8.11,NA,NA,0.49,125.85,NA,NA,NA,NA,NA,NA,NA,NA,NA,NA,NA,0.00,NA,NA,NA
2025-03-03 17:00:00,38.42,102.91,1.71,10.80,7.14,NA,NA,0.52,129.39,NA,NA,NA,NA,NA,NA,NA,NA,NA,NA,NA,0.00,NA,NA,NA
2025-03-03 18:00:00,46.81,101.21,2.09,15.33,9.85,NA,NA,0.56,116.00,NA,NA,NA,NA,NA,NA,NA,NA,NA,NA,NA,0.00,NA,NA,NA
2025-03-03 19:00:00,72.65,163.66,2.65,21.86,13.78,NA,NA,0.67,93.21,NA,NA,NA,NA,NA,NA,NA,NA,NA,NA,NA,0.00,NA,NA,NA
2025-03-03 20:00:00,95.00,250.31,4.08,25.48,16.87,NA,NA,0.73,85.99,NA,NA,NA,NA,NA,NA,NA,NA,NA,NA,NA,0.00,NA,NA,NA
2025-03-03 21:00:00,84.50,216.13,3.89,22.72,15.25,NA,NA,0.74,80.09,NA,NA,NA,NA,NA,NA,NA,NA,NA,NA,NA,0.00,NA,NA,NA
2025-03-03 22:00:00,77.54,174.38,2.39,20.74,12.98,NA,NA,0.74,60.58,NA,NA,NA,NA,NA,NA,NA,NA,NA,NA,NA,0.00,NA,NA,NA
2025-03-03 23:00:00,76.36,154.90,1.18,18.58,10.84,NA,NA,0.76,88.36,NA,NA,NA,NA,NA,NA,NA,NA,NA,NA,NA,0.00,NA,NA,NA
2025-03-04 00:00:00,94.55,174.15,1.99,26.17,15.54,NA,NA,0.79,61.13,NA,NA,NA,NA,NA,NA,NA,NA,NA,NA,NA,0.00,NA,NA,NA
2025-03-04 01:00:00,96.57,199.68,2.33,30.98,18.38,NA,NA,0.81,38.94,NA,NA,NA,NA,NA,NA,NA,NA,NA,NA,NA,0.00,NA,NA,NA
2025-03-04 02:00:00,74.37,176.97,1.78,25.64,15.09,NA,NA,0.76,44.70,NA,NA,NA,NA,NA,NA,NA,NA,NA,NA,NA,0.00,NA,NA,NA
2025-03-04 03:00:00,70.00,150.04,1.48,29.63,16.96,NA,NA,0.72,33.00,NA,NA,NA,NA,NA,NA,NA,NA,NA,NA,NA,0.00,NA,NA,NA
2025-03-04 04:00:00,49.93,149.79,1.15,21.21,12.22,NA,NA,0.60,60.32,NA,NA,NA,NA,NA,NA,NA,NA,NA,NA,NA,0.00,NA,NA,NA
2025-03-04 05:00:00,46.95,146.36,2.00,19.13,11.80,NA,NA,0.54,58.75,NA,NA,NA,NA,NA,NA,NA,NA,NA,NA,NA,0.00,NA,NA,NA
2025-03-04 06:00:00,45.72,142.68,2.30,23.58,14.41,NA,NA,0.55,38.49,NA,NA,NA,NA,NA,NA,NA,NA,NA,NA,NA,0.00,NA,NA,NA
2025-03-04 07:00:00,44.86,154.38,4.22,32.85,20.90,NA,NA,0.60,19.88,NA,NA,NA,NA,NA,NA,NA,NA,NA,NA,NA,0.00,NA,NA,NA
2025-03-04 08:00:00,39.54,159.28,2.55,24.96,15.35,NA,NA,0.63,37.63,NA,NA,NA,NA,NA,NA,NA,NA,NA,NA,NA,0.00,NA,NA,NA
2025-03-04 09:00:00,45.23,198.55,1.52,15.51,9.48,NA,NA,0.59,59.27,NA,NA,NA,NA,NA,NA,NA,NA,NA,NA,NA,0.00,NA,NA,NA
2025-03-04 10:00:00,47.94,152.99,1.62,15.23,3.65,NA,NA,0.59,53.88,NA,NA,NA,NA,NA,NA,NA,NA,NA,NA,NA,0.00,NA,NA,NA
2025-03-04 11:00:00,47.15,166.03,1.54,NA,0.77,NA,NA,0.63,0.27,NA,NA,NA,NA,NA,NA,NA,NA,NA,NA,NA,0.00,NA,NA,NA
2025-03-04 12:00:00,30.31,132.97,8.04,8.82,6.82,NA,NA,0.50,3.53,NA,NA,NA,NA,NA,NA,NA,NA,NA,NA,NA,0.00,NA,NA,NA
2025-03-04 13:00:00,32.99,128.78,27.62,8.97,26.46,NA,NA,0.50,74.40,NA,NA,NA,NA,NA,NA,NA,NA,NA,NA,NA,0.00,NA,NA,NA
2025-03-04 14:00:00,37.71,125.55,3.86,4.77,5.67,NA,NA,0.45,95.20,NA,NA,NA,NA,NA,NA,NA,NA,NA,NA,NA,0.00,NA,NA,NA
2025-03-04 15:00:00,37.67,119.37,4.23,4.12,5.63,NA,NA,0.45,102.14,NA,NA,NA,NA,NA,NA,NA,NA,NA,NA,NA,0.00,NA,NA,NA
2025-03-04 16:00:00,35.56,142.59,4.50,6.18,6.95,NA,NA,0.47,103.41,NA,NA,NA,NA,NA,NA,NA,NA,NA,NA,NA,0.00,NA,NA,NA
2025-03-04 17:00:00,47.74,156.73,4.87,7.18,7.78,NA,NA,0.46,107.96,NA,NA,NA,NA,NA,NA,NA,NA,NA,NA,NA,0.00,NA,NA,NA
2025-03-04 18:00:00,39.88,146.58,4.40,8.83,8.27,NA,NA,0.48,107.44,NA,NA,NA,NA,NA,NA,NA,NA,NA,NA,NA,0.00,NA,NA,NA
2025-03-04 19:00:00,32.45,128.68,4.32,10.21,8.94,NA,NA,0.50,88.87,NA,NA,NA,NA,NA,NA,NA,NA,NA,NA,NA,0.00,NA,NA,NA
2025-03-04 20:00:00,33.20,108.87,4.57,11.30,9.73,NA,NA,0.51,83.87,NA,NA,NA,NA,NA,NA,NA,NA,NA,NA,NA,0.00,NA,NA,NA
2025-03-04 21:00:00,32.66,99.02,5.31,13.27,11.38,NA,NA,0.50,79.95,NA,NA,NA,NA,NA,NA,NA,NA,NA,NA,NA,0.00,NA,NA,NA
2025-03-04 22:00:00,37.19,114.42,5.66,12.22,11.10,NA,NA,0.50,80.13,NA,NA,NA,NA,NA,NA,NA,NA,NA,NA,NA,0.00,NA,NA,NA
2025-03-04 23:00:00,36.05,92.74,5.04,11.23,10.07,NA,NA,0.51,87.63,NA,NA,NA,NA,NA,NA,NA,NA,NA,NA,NA,0.00,NA,NA,NA
2025-03-05 00:00:00,33.17,100.87,4.52,10.31,9.16,NA,NA,0.51,87.87,NA,NA,NA,NA,NA,NA,NA,NA,NA,NA,NA,0.00,NA,NA,NA
2025-03-05 01:00:00,32.21,88.13,4.50,9.73,8.83,NA,NA,0.51,82.73,NA,NA,NA,NA,NA,NA,NA,NA,NA,NA,NA,0.00,NA,NA,NA
2025-03-05 02:00:00,34.38,70.37,5.18,9.83,9.44,NA,NA,0.48,77.82,NA,NA,NA,NA,NA,NA,NA,NA,NA,NA,NA,0.00,NA,NA,NA
2025-03-05 03:00:00,24.66,73.82,5.75,8.67,9.29,NA,NA,0.47,73.82,NA,NA,NA,NA,NA,NA,NA,NA,NA,NA,NA,0.00,NA,NA,NA
2025-03-05 04:00:00,35.39,62.99,5.31,8.93,9.07,NA,NA,0.48,70.46,NA,NA,NA,NA,NA,NA,NA,NA,NA,NA,NA,0.00,NA,NA,NA
2025-03-05 05:00:00,31.80,61.25,4.76,9.36,8.85,NA,NA,0.51,67.97,NA,NA,NA,NA,NA,NA,NA,NA,NA,NA,NA,0.00,NA,NA,NA
2025-03-05 06:00:00,30.74,54.90,4.48,9.70,8.80,NA,NA,0.50,69.94,NA,NA,NA,NA,NA,NA,NA,NA,NA,NA,NA,0.00,NA,NA,NA
2025-03-05 07:00:00,24.79,63.64,5.15,11.76,10.44,NA,NA,0.49,61.77,NA,NA,NA,NA,NA,NA,NA,NA,NA,NA,NA,0.00,NA,NA,NA
2025-03-05 08:00:00,32.36,84.35,5.84,11.75,11.00,NA,NA,0.49,61.37,NA,NA,NA,NA,NA,NA,NA,NA,NA,NA,NA,0.00,NA,NA,NA
2025-03-05 09:00:00,24.11,132.09,5.64,10.07,9.94,NA,NA,0.49,71.37,NA,NA,NA,NA,NA,NA,NA,NA,NA,NA,NA,0.00,NA,NA,NA
2025-03-05 10:00:00,23.82,170.17,4.79,7.62,7.95,NA,NA,0.48,80.55,NA,NA,NA,NA,NA,NA,NA,NA,NA,NA,NA,0.00,NA,NA,NA
2025-03-05 11:00:00,19.19,186.33,4.95,10.30,9.50,NA,NA,0.47,79.26,NA,NA,NA,NA,NA,NA,NA,NA,NA,NA,NA,0.00,NA,NA,NA
2025-03-05 12:00:00,13.82,217.89,4.64,7.37,7.69,NA,NA,0.45,86.52,NA,NA,NA,NA,NA,NA,NA,NA,NA,NA,NA,0.00,NA,NA,NA
2025-03-05 13:00:00,14.05,185.49,5.81,13.78,12.06,NA,NA,0.41,83.44,NA,NA,NA,NA,NA,NA,NA,NA,NA,NA,NA,0.00,NA,NA,NA
2025-03-05 14:00:00,29.96,210.88,5.51,14.56,12.22,NA,NA,0.41,85.32,NA,NA,NA,NA,NA,NA,NA,NA,NA,NA,NA,0.00,NA,NA,NA
2025-03-05 15:00:00,13.80,169.03,4.52,11.71,9.91,NA,NA,0.41,93.38,NA,NA,NA,NA,NA,NA,NA,NA,NA,NA,NA,0.00,NA,NA,NA
2025-03-05 16:00:00,22.22,149.62,4.02,9.70,8.43,NA,NA,0.41,102.57,NA,NA,NA,NA,NA,NA,NA,NA,NA,NA,NA,0.00,NA,NA,NA
2025-03-05 17:00:00,18.24,150.44,3.64,9.98,8.27,NA,NA,0.42,104.57,NA,NA,NA,NA,NA,NA,NA,NA,NA,NA,NA,0.00,NA,NA,NA
2025-03-05 18:00:00,16.40,138.84,3.94,15.16,11.27,NA,NA,0.43,98.08,NA,NA,NA,NA,NA,NA,NA,NA,NA,NA,NA,0.00,NA,NA,NA
2025-03-05 19:00:00,30.78,127.87,4.11,10.96,9.18,NA,NA,0.45,102.63,NA,NA,NA,NA,NA,NA,NA,NA,NA,NA,NA,0.00,NA,NA,NA
2025-03-05 20:00:00,26.33,117.20,4.03,10.52,8.87,NA,NA,0.50,97.95,NA,NA,NA,NA,NA,NA,NA,NA,NA,NA,NA,0.00,NA,NA,NA
2025-03-05 21:00:00,47.01,134.62,3.86,10.03,8.47,NA,NA,0.53,93.45,NA,NA,NA,NA,NA,NA,NA,NA,NA,NA,NA,0.00,NA,NA,NA
2025-03-05 22:00:00,30.63,119.57,3.74,8.30,7.46,NA,NA,0.51,101.68,NA,NA,NA,NA,NA,NA,NA,NA,NA,NA,NA,0.00,NA,NA,NA
2025-03-05 23:00:00,31.24,118.58,3.93,8.80,7.88,NA,NA,0.49,99.66,NA,NA,NA,NA,NA,NA,NA,NA,NA,NA,NA,0.00,NA,NA,NA
2025-03-06 00:00:00,30.35,110.56,4.49,9.49,8.70,NA,NA,0.49,96.20,NA,NA,NA,NA,NA,NA,NA,NA,NA,NA,NA,0.00,NA,NA,NA
2025-03-06 01:00:00,43.80,117.10,4.44,9.69,8.77,NA,NA,0.50,98.85,NA,NA,NA,NA,NA,NA,NA,NA,NA,NA,NA,0.00,NA,NA,NA
2025-03-06 02:00:00,40.41,116.89,4.04,8.89,8.02,NA,NA,0.51,99.64,NA,NA,NA,NA,NA,NA,NA,NA,NA,NA,NA,0.00,NA,NA,NA
2025-03-06 03:00:00,32.77,112.68,3.94,8.99,7.98,NA,NA,0.51,95.21,NA,NA,NA,NA,NA,NA,NA,NA,NA,NA,NA,0.00,NA,NA,NA
2025-03-06 04:00:00,23.26,106.35,4.07,9.10,8.15,NA,NA,0.49,93.39,NA,NA,NA,NA,NA,NA,NA,NA,NA,NA,NA,0.00,NA,NA,NA
2025-03-06 05:00:00,9.01,103.92,4.50,7.69,7.75,NA,NA,0.46,103.26,NA,NA,NA,NA,NA,NA,NA,NA,NA,NA,NA,0.00,NA,NA,NA
2025-03-06 06:00:00,20.79,126.96,4.72,7.65,7.90,NA,NA,0.46,106.28,NA,NA,NA,NA,NA,NA,NA,NA,NA,NA,NA,0.00,NA,NA,NA
2025-03-06 07:00:00,33.84,120.23,4.48,11.71,9.87,NA,NA,0.49,90.89,NA,NA,NA,NA,NA,NA,NA,NA,NA,NA,NA,0.00,NA,NA,NA
2025-03-06 08:00:00,28.42,116.55,4.35,10.40,9.07,NA,NA,0.53,88.24,NA,NA,NA,NA,NA,NA,NA,NA,NA,NA,NA,0.00,NA,NA,NA
2025-03-06 09:00:00,34.22,142.28,4.30,10.06,8.85,NA,NA,0.54,89.10,NA,NA,NA,NA,NA,NA,NA,NA,NA,NA,NA,0.00,NA,NA,NA
2025-03-06 10:00:00,32.53,149.28,4.69,9.95,9.10,NA,NA,0.50,91.16,NA,NA,NA,NA,NA,NA,NA,NA,NA,NA,NA,0.00,NA,NA,NA
2025-03-06 11:00:00,30.55,144.01,4.84,9.22,8.84,NA,NA,0.49,91.14,NA,NA,NA,NA,NA,NA,NA,NA,NA,NA,NA,0.00,NA,NA,NA
2025-03-06 12:00:00,28.35,142.01,4.46,6.20,6.92,NA,NA,0.48,93.11,NA,NA,NA,NA,NA,NA,NA,NA,NA,NA,NA,0.00,NA,NA,NA
2025-03-06 13:00:00,16.86,111.11,4.23,5.44,6.33,NA,NA,0.47,96.06,NA,NA,NA,NA,NA,NA,NA,NA,NA,NA,NA,0.00,NA,NA,NA
2025-03-06 14:00:00,23.11,95.43,4.22,5.55,6.39,NA,NA,0.48,103.92,NA,NA,NA,NA,NA,NA,NA,NA,NA,NA,NA,0.00,NA,NA,NA
2025-03-06 15:00:00,15.63,86.33,4.36,6.38,6.94,NA,NA,0.46,103.26,NA,NA,NA,NA,NA,NA,NA,NA,NA,NA,NA,0.00,NA,NA,NA
2025-03-06 16:00:00,22.18,77.30,4.53,5.89,6.81,NA,NA,0.44,103.73,NA,NA,NA,NA,NA,NA,NA,NA,NA,NA,NA,0.00,NA,NA,NA
2025-03-06 17:00:00,10.89,68.40,4.47,6.82,7.26,NA,NA,0.44,104.23,NA,NA,NA,NA,NA,NA,NA,NA,NA,NA,NA,0.00,NA,NA,NA
2025-03-06 18:00:00,21.22,79.67,4.26,13.34,10.56,NA,NA,0.49,96.28,NA,NA,NA,NA,NA,NA,NA,NA,NA,NA,NA,0.00,NA,NA,NA
2025-03-06 19:00:00,32.57,89.41,4.19,14.99,11.38,NA,NA,0.53,67.22,NA,NA,NA,NA,NA,NA,NA,NA,NA,NA,NA,0.00,NA,NA,NA
2025-03-06 20:00:00,27.35,86.72,4.41,20.62,14.55,NA,NA,0.59,43.79,NA,NA,NA,NA,NA,NA,NA,NA,NA,NA,NA,0.00,NA,NA,NA
2025-03-06 21:00:00,46.95,100.99,5.14,29.48,19.86,NA,NA,0.72,26.55,NA,NA,NA,NA,NA,NA,NA,NA,NA,NA,NA,0.00,NA,NA,NA
2025-03-06 22:00:00,65.66,151.97,5.27,28.73,19.57,NA,NA,0.74,27.49,NA,NA,NA,NA,NA,NA,NA,NA,NA,NA,NA,0.00,NA,NA,NA
2025-03-06 23:00:00,60.43,146.41,5.18,34.73,22.68,NA,NA,0.88,17.48,NA,NA,NA,NA,NA,NA,NA,NA,NA,NA,NA,0.00,NA,NA,NA
2025-03-07 00:00:00,79.36,158.77,10.56,38.32,29.00,NA,NA,1.10,14.76,NA,NA,NA,NA,NA,NA,NA,NA,NA,NA,NA,0.00,NA,NA,NA
2025-03-07 01:00:00,127.40,262.88,29.51,63.33,57.67,NA,NA,1.65,11.23,NA,NA,NA,NA,NA,NA,NA,NA,NA,NA,NA,0.00,NA,NA,NA
2025-03-07 02:00:00,107.58,234.65,26.67,62.01,54.66,NA,NA,1.66,10.42,NA,NA,NA,NA,NA,NA,NA,NA,NA,NA,NA,0.00,NA,NA,NA
2025-03-07 03:00:00,94.98,193.82,19.69,55.44,45.49,NA,NA,1.52,9.90,NA,NA,NA,NA,NA,NA,NA,NA,NA,NA,NA,0.00,NA,NA,NA
2025-03-07 04:00:00,89.88,154.92,12.26,47.09,35.00,NA,NA,1.35,9.76,NA,NA,NA,NA,NA,NA,NA,NA,NA,NA,NA,0.00,NA,NA,NA
2025-03-07 05:00:00,68.62,147.74,18.46,57.73,45.73,NA,NA,1.36,9.91,NA,NA,NA,NA,NA,NA,NA,NA,NA,NA,NA,0.00,NA,NA,NA
2025-03-07 06:00:00,88.13,229.60,25.29,65.38,55.35,NA,NA,1.56,10.13,NA,NA,NA,NA,NA,NA,NA,NA,NA,NA,NA,0.00,NA,NA,NA
2025-03-07 07:00:00,136.47,302.45,30.16,68.39,60.90,NA,NA,1.56,14.44,NA,NA,NA,NA,NA,NA,NA,NA,NA,NA,NA,0.00,NA,NA,NA
2025-03-07 08:00:00,158.51,335.21,24.74,78.59,61.89,NA,NA,1.55,17.84,NA,NA,NA,NA,NA,NA,NA,NA,NA,NA,NA,0.00,NA,NA,NA
2025-03-07 09:00:00,140.22,362.95,8.76,55.16,36.42,NA,NA,1.28,62.19,NA,NA,NA,NA,NA,NA,NA,NA,NA,NA,NA,0.00,NA,NA,NA
2025-03-07 10:00:00,70.41,210.22,5.39,25.78,18.08,NA,NA,0.97,96.95,NA,NA,NA,NA,NA,NA,NA,NA,NA,NA,NA,0.00,NA,NA,NA
2025-03-07 11:00:00,34.33,142.60,4.89,17.84,13.45,NA,NA,0.86,109.08,NA,NA,NA,NA,NA,NA,NA,NA,NA,NA,NA,0.00,NA,NA,NA
2025-03-07 12:00:00,23.16,103.23,5.05,14.31,11.72,NA,NA,0.76,114.85,NA,NA,NA,NA,NA,NA,NA,NA,NA,NA,NA,0.00,NA,NA,NA
2025-03-07 13:00:00,37.25,91.88,5.12,12.59,10.85,NA,NA,0.68,118.90,NA,NA,NA,NA,NA,NA,NA,NA,NA,NA,NA,0.00,NA,NA,NA
2025-03-07 14:00:00,28.89,87.06,5.09,9.57,9.22,NA,NA,0.64,110.63,NA,NA,NA,NA,NA,NA,NA,NA,NA,NA,NA,0.00,NA,NA,NA
2025-03-07 15:00:00,20.50,72.27,4.80,8.90,8.63,NA,NA,0.63,114.71,NA,NA,NA,NA,NA,NA,NA,NA,NA,NA,NA,0.00,NA,NA,NA
2025-03-07 16:00:00,31.13,75.96,4.47,8.51,8.16,NA,NA,0.61,122.45,NA,NA,NA,NA,NA,NA,NA,NA,NA,NA,NA,0.00,NA,NA,NA
2025-03-07 17:00:00,29.02,63.11,4.70,10.52,9.42,NA,NA,0.61,125.43,NA,NA,NA,NA,NA,NA,NA,NA,NA,NA,NA,0.00,NA,NA,NA
2025-03-07 18:00:00,33.84,65.96,5.05,12.56,10.80,NA,NA,0.61,118.45,NA,NA,NA,NA,NA,NA,NA,NA,NA,NA,NA,0.00,NA,NA,NA
2025-03-07 19:00:00,48.16,85.47,5.28,16.55,13.10,NA,NA,0.74,91.44,NA,NA,NA,NA,NA,NA,NA,NA,NA,NA,NA,0.00,NA,NA,NA
2025-03-07 20:00:00,76.81,132.05,5.02,22.23,15.91,NA,NA,0.85,70.16,NA,NA,NA,NA,NA,NA,NA,NA,NA,NA,NA,0.00,NA,NA,NA
2025-03-07 21:00:00,67.64,131.25,4.97,31.50,20.81,NA,NA,0.97,49.55,NA,NA,NA,NA,NA,NA,NA,NA,NA,NA,NA,0.00,NA,NA,NA
2025-03-07 22:00:00,78.43,161.96,5.05,41.76,26.33,NA,NA,1.05,26.79,NA,NA,NA,NA,NA,NA,NA,NA,NA,NA,NA,0.00,NA,NA,NA
2025-03-07 23:00:00,67.18,151.57,5.54,31.89,21.46,NA,NA,0.97,42.81,NA,NA,NA,NA,NA,NA,NA,NA,NA,NA,NA,0.00,NA,NA,NA
2025-03-08 00:00:00,72.79,175.49,7.63,51.57,33.66,NA,NA,1.07,18.68,NA,NA,NA,NA,NA,NA,NA,NA,NA,NA,NA,0.00,NA,NA,NA
2025-03-08 01:00:00,88.68,251.37,13.87,64.73,45.72,NA,NA,1.15,12.12,NA,NA,NA,NA,NA,NA,NA,NA,NA,NA,NA,0.00,NA,NA,NA
2025-03-08 02:00:00,81.27,239.94,10.31,65.32,43.12,NA,NA,1.15,12.95,NA,NA,NA,NA,NA,NA,NA,NA,NA,NA,NA,0.00,NA,NA,NA
2025-03-08 03:00:00,89.93,261.45,7.43,56.44,36.05,NA,NA,1.08,17.26,NA,NA,NA,NA,NA,NA,NA,NA,NA,NA,NA,0.00,NA,NA,NA
2025-03-08 04:00:00,75.84,196.42,6.34,49.41,31.43,NA,NA,1.00,19.55,NA,NA,NA,NA,NA,NA,NA,NA,NA,NA,NA,0.00,NA,NA,NA
2025-03-08 05:00:00,70.30,179.14,6.25,40.60,26.67,NA,NA,0.96,34.72,NA,NA,NA,NA,NA,NA,NA,NA,NA,NA,NA,0.00,NA,NA,NA
2025-03-08 06:00:00,89.12,159.70,5.89,33.63,22.67,NA,NA,0.93,47.50,NA,NA,NA,NA,NA,NA,NA,NA,NA,NA,NA,0.00,NA,NA,NA
2025-03-08 07:00:00,74.68,148.65,5.59,27.28,19.04,NA,NA,0.91,57.98,NA,NA,NA,NA,NA,NA,NA,NA,NA,NA,NA,0.00,NA,NA,NA
2025-03-08 08:00:00,39.37,95.25,5.42,19.58,14.82,NA,NA,0.87,75.15,NA,NA,NA,NA,NA,NA,NA,NA,NA,NA,NA,0.00,NA,NA,NA
2025-03-08 09:00:00,35.07,116.85,5.77,16.34,13.38,NA,NA,0.82,99.16,NA,NA,NA,NA,NA,NA,NA,NA,NA,NA,NA,0.00,NA,NA,NA
2025-03-08 10:00:00,44.80,136.63,5.84,15.07,12.77,NA,NA,0.81,106.31,NA,NA,NA,NA,NA,NA,NA,NA,NA,NA,NA,0.00,NA,NA,NA
2025-03-08 11:00:00,46.75,132.45,5.64,12.67,11.32,NA,NA,0.77,110.79,NA,NA,NA,NA,NA,NA,NA,NA,NA,NA,NA,0.00,NA,NA,NA
2025-03-08 12:00:00,26.38,117.58,4.98,9.70,9.21,NA,NA,0.73,108.29,NA,NA,NA,NA,NA,NA,NA,NA,NA,NA,NA,0.00,NA,NA,NA
2025-03-08 13:00:00,24.77,95.64,4.90,9.18,8.86,NA,NA,0.72,116.59,NA,NA,NA,NA,NA,NA,NA,NA,NA,NA,NA,0.00,NA,NA,NA
2025-03-08 14:00:00,31.75,92.37,4.90,9.11,8.83,NA,NA,0.69,116.18,NA,NA,NA,NA,NA,NA,NA,NA,NA,NA,NA,0.00,NA,NA,NA
2025-03-08 15:00:00,19.75,62.01,5.29,15.22,12.40,NA,NA,0.66,110.89,NA,NA,NA,NA,NA,NA,NA,NA,NA,NA,NA,0.00,NA,NA,NA
2025-03-08 16:00:00,18.42,47.30,161.15,53.13,158.22,NA,NA,0.56,92.17,NA,NA,NA,NA,NA,NA,NA,NA,NA,NA,NA,0.00,NA,NA,NA
2025-03-08 17:00:00,NA,NA,2.26,8.46,6.33,NA,NA,0.68,128.40,NA,NA,NA,NA,NA,NA,NA,NA,NA,NA,NA,0.00,NA,NA,NA
2025-03-08 18:00:00,NA,NA,30.95,72.63,63.79,NA,NA,0.71,129.39,NA,NA,NA,NA,NA,NA,NA,NA,NA,NA,NA,0.00,NA,NA,NA
2025-03-08 19:00:00,NA,24.08,49.45,16.39,10.04,NA,NA,0.79,91.09,NA,NA,NA,NA,NA,NA,NA,NA,NA,NA,NA,0.00,NA,NA,NA
2025-03-08 20:00:00,7.68,72.22,NA,NA,NA,NA,NA,0.84,62.50,NA,NA,NA,NA,NA,NA,NA,NA,NA,NA,NA,0.00,NA,NA,NA
2025-03-08 21:00:00,19.47,93.01,8.57,1.93,11.02,NA,NA,0.89,47.41,NA,NA,NA,NA,NA,NA,NA,NA,NA,NA,NA,0.00,NA,NA,NA
2025-03-08 22:00:00,81.48,192.23,27.52,2.37,20.27,NA,NA,1.56,17.48,NA,NA,NA,NA,NA,NA,NA,NA,NA,NA,NA,0.00,NA,NA,NA
2025-03-08 23:00:00,134.60,292.36,28.56,1.15,21.41,NA,NA,1.59,12.65,NA,NA,NA,NA,NA,NA,NA,NA,NA,NA,NA,0.00,NA,NA,NA
2025-03-09 00:00:00,90.14,234.82,30.22,1.47,21.85,NA,NA,2.02,10.97,NA,NA,NA,NA,NA,NA,NA,NA,NA,NA,NA,0.00,NA,NA,NA
2025-03-09 01:00:00,81.01,260.23,22.82,NA,15.86,NA,NA,2.01,9.50,NA,NA,NA,NA,NA,NA,NA,NA,NA,NA,NA,0.00,NA,NA,NA
2025-03-09 02:00:00,83.98,204.50,12.79,0.75,7.61,NA,NA,1.77,9.75,NA,NA,NA,NA,NA,NA,NA,NA,NA,NA,NA,0.00,NA,NA,NA
2025-03-09 03:00:00,63.81,184.26,46.61,3.88,35.39,NA,NA,1.41,11.30,NA,NA,NA,NA,NA,NA,NA,NA,NA,NA,NA,0.00,NA,NA,NA
2025-03-09 04:00:00,47.62,149.12,44.06,4.43,33.94,NA,NA,1.29,11.90,NA,NA,NA,NA,NA,NA,NA,NA,NA,NA,NA,0.00,NA,NA,NA
2025-03-09 05:00:00,94.98,155.87,29.67,1.70,21.15,NA,NA,1.31,10.57,NA,NA,NA,NA,NA,NA,NA,NA,NA,NA,NA,0.00,NA,NA,NA
2025-03-09 06:00:00,102.58,170.68,14.62,0.37,9.41,NA,NA,1.23,10.35,NA,NA,NA,NA,NA,NA,NA,NA,NA,NA,NA,0.00,NA,NA,NA
2025-03-09 07:00:00,86.61,171.92,13.95,1.71,8.81,NA,NA,1.09,12.07,NA,NA,NA,NA,NA,NA,NA,NA,NA,NA,NA,0.00,NA,NA,NA
2025-03-09 08:00:00,109.40,248.92,8.75,0.87,5.10,NA,NA,1.20,29.01,NA,NA,NA,NA,NA,NA,NA,NA,NA,NA,NA,0.00,NA,NA,NA
2025-03-09 09:00:00,96.79,172.69,17.96,1.02,12.46,NA,NA,0.90,88.20,NA,NA,NA,NA,NA,NA,NA,NA,NA,NA,NA,0.00,NA,NA,NA
2025-03-09 10:00:00,34.98,102.06,15.62,0.94,10.63,NA,NA,0.80,105.37,NA,NA,NA,NA,NA,NA,NA,NA,NA,NA,NA,0.00,NA,NA,NA
2025-03-09 11:00:00,64.90,122.91,25.41,0.68,18.87,NA,NA,0.80,120.44,NA,NA,NA,NA,NA,NA,NA,NA,NA,NA,NA,0.00,NA,NA,NA
2025-03-09 12:00:00,45.57,123.47,24.63,1.00,17.94,NA,NA,0.72,117.74,NA,NA,NA,NA,NA,NA,NA,NA,NA,NA,NA,0.00,NA,NA,NA
2025-03-09 13:00:00,40.77,109.89,30.32,1.47,23.92,NA,NA,0.66,123.07,NA,NA,NA,NA,NA,NA,NA,NA,NA,NA,NA,0.00,NA,NA,NA
2025-03-09 14:00:00,52.27,94.23,33.34,4.05,24.56,NA,NA,0.67,136.23,NA,NA,NA,NA,NA,NA,NA,NA,NA,NA,NA,0.00,NA,NA,NA
2025-03-09 15:00:00,49.98,101.61,42.58,12.22,35.43,NA,NA,0.68,145.76,NA,NA,NA,NA,NA,NA,NA,NA,NA,NA,NA,0.00,NA,NA,NA
2025-03-09 16:00:00,56.38,112.84,35.56,1.37,26.59,NA,NA,0.66,148.94,NA,NA,NA,NA,NA,NA,NA,NA,NA,NA,NA,0.00,NA,NA,NA
2025-03-09 17:00:00,62.04,119.70,29.28,0.61,22.01,NA,NA,0.67,147.88,NA,NA,NA,NA,NA,NA,NA,NA,NA,NA,NA,0.00,NA,NA,NA
2025-03-09 18:00:00,63.32,135.21,24.37,0.72,18.01,NA,NA,0.71,132.25,NA,NA,NA,NA,NA,NA,NA,NA,NA,NA,NA,0.00,NA,NA,NA
2025-03-09 19:00:00,69.10,156.70,26.89,0.36,20.04,NA,NA,0.76,113.82,NA,NA,NA,NA,NA,NA,NA,NA,NA,NA,NA,0.00,NA,NA,NA
2025-03-09 20:00:00,60.10,161.56,39.91,2.11,30.73,NA,NA,0.78,108.54,NA,NA,NA,NA,NA,NA,NA,NA,NA,NA,NA,0.00,NA,NA,NA
2025-03-09 21:00:00,62.86,142.78,39.82,1.32,31.09,NA,NA,0.77,115.99,NA,NA,NA,NA,NA,NA,NA,NA,NA,NA,NA,0.00,NA,NA,NA
2025-03-09 22:00:00,73.00,163.20,42.43,1.35,33.23,NA,NA,0.77,106.40,NA,NA,NA,NA,NA,NA,NA,NA,NA,NA,NA,0.00,NA,NA,NA
2025-03-09 23:00:00,86.47,193.35,54.28,7.46,39.07,NA,NA,0.77,96.04,NA,NA,NA,NA,NA,NA,NA,NA,NA,NA,NA,0.00,NA,NA,NA
2025-03-10 00:00:00,76.34,185.26,52.12,5.20,42.15,NA,NA,0.78,92.10,NA,NA,NA,NA,NA,NA,NA,NA,NA,NA,NA,0.00,NA,NA,NA
2025-03-10 01:00:00,67.13,180.53,55.49,2.27,44.22,NA,NA,0.79,81.82,NA,NA,NA,NA,NA,NA,NA,NA,NA,NA,NA,0.00,NA,NA,NA
2025-03-10 02:00:00,67.56,175.78,58.69,3.29,45.36,NA,NA,0.80,74.73,NA,NA,NA,NA,NA,NA,NA,NA,NA,NA,NA,0.00,NA,NA,NA
2025-03-10 03:00:00,100.89,157.95,49.07,7.93,39.94,NA,NA,0.86,70.81,NA,NA,NA,NA,NA,NA,NA,NA,NA,NA,NA,0.00,NA,NA,NA
2025-03-10 04:00:00,93.11,155.90,50.79,7.02,39.35,NA,NA,0.81,83.35,NA,NA,NA,NA,NA,NA,NA,NA,NA,NA,NA,0.00,NA,NA,NA
2025-03-10 05:00:00,83.34,135.10,50.75,16.60,39.01,NA,NA,0.80,90.50,NA,NA,NA,NA,NA,NA,NA,NA,NA,NA,NA,0.00,NA,NA,NA
2025-03-10 06:00:00,91.36,140.65,54.62,5.50,43.44,NA,NA,0.83,89.79,NA,NA,NA,NA,NA,NA,NA,NA,NA,NA,NA,0.00,NA,NA,NA
2025-03-10 07:00:00,94.25,172.35,89.40,3.48,68.82,NA,NA,0.89,80.02,NA,NA,NA,NA,NA,NA,NA,NA,NA,NA,NA,0.00,NA,NA,NA
2025-03-10 08:00:00,125.52,233.20,65.52,1.69,52.21,NA,NA,0.99,82.40,NA,NA,NA,NA,NA,NA,NA,NA,NA,NA,NA,0.00,NA,NA,NA
2025-03-10 09:00:00,106.44,200.81,65.47,2.75,52.30,NA,NA,0.90,93.84,NA,NA,NA,NA,NA,NA,NA,NA,NA,NA,NA,0.00,NA,NA,NA
2025-03-10 10:00:00,64.63,154.18,79.98,3.08,65.46,NA,NA,0.81,106.28,NA,NA,NA,NA,NA,NA,NA,NA,NA,NA,NA,0.00,NA,NA,NA
2025-03-10 11:00:00,43.60,149.05,NA,143.06,NA,NA,NA,0.78,119.93,NA,NA,NA,NA,NA,NA,NA,NA,NA,NA,NA,0.00,NA,NA,NA
2025-03-10 12:00:00,52.73,144.23,NA,135.03,NA,NA,NA,0.77,127.64,NA,NA,NA,NA,NA,NA,NA,NA,NA,NA,NA,0.00,NA,NA,NA
2025-03-10 13:00:00,89.75,162.86,NA,114.30,NA,NA,NA,0.77,138.72,NA,NA,NA,NA,NA,NA,NA,NA,NA,NA,NA,0.00,NA,NA,NA
2025-03-10 14:00:00,72.38,152.40,NA,102.82,NA,NA,NA,0.71,142.44,NA,NA,NA,NA,NA,NA,NA,NA,NA,NA,NA,0.00,NA,NA,NA
2025-03-10 15:00:00,51.64,126.55,247.33,57.77,217.81,NA,NA,0.70,144.12,NA,NA,NA,NA,NA,NA,NA,NA,NA,NA,NA,0.00,NA,NA,NA
2025-03-10 16:00:00,59.82,135.83,139.72,26.37,125.33,NA,NA,0.78,84.94,NA,NA,NA,NA,NA,NA,NA,NA,NA,NA,NA,0.00,NA,NA,NA
2025-03-10 17:00:00,56.55,134.76,211.98,18.55,174.81,NA,NA,0.74,147.24,NA,NA,NA,NA,NA,NA,NA,NA,NA,NA,NA,0.00,NA,NA,NA
2025-03-10 18:00:00,79.03,144.10,15.12,37.70,245.49,NA,NA,0.72,138.27,NA,NA,NA,NA,NA,NA,NA,NA,NA,NA,NA,0.00,NA,NA,NA
2025-03-10 19:00:00,74.76,202.92,22.20,41.94,36.15,NA,NA,0.76,123.07,NA,NA,NA,NA,NA,NA,NA,NA,NA,NA,NA,0.00,NA,NA,NA
2025-03-10 20:00:00,75.09,186.03,35.52,43.70,52.13,NA,NA,0.84,102.68,NA,NA,NA,NA,NA,NA,NA,NA,NA,NA,NA,0.00,NA,NA,NA
2025-03-10 21:00:00,80.78,199.84,32.94,43.26,49.77,NA,NA,0.97,84.84,NA,NA,NA,NA,NA,NA,NA,NA,NA,NA,NA,0.00,NA,NA,NA
2025-03-10 22:00:00,99.96,216.40,33.82,43.77,50.79,NA,NA,1.04,71.12,NA,NA,NA,NA,NA,NA,NA,NA,NA,NA,NA,0.00,NA,NA,NA
2025-03-10 23:00:00,100.79,205.30,33.06,44.53,50.56,NA,NA,1.06,63.83,NA,NA,NA,NA,NA,NA,NA,NA,NA,NA,NA,0.00,NA,NA,NA
2025-03-11 00:00:00,106.70,224.63,29.42,43.29,46.94,NA,NA,1.10,56.26,NA,NA,NA,NA,NA,NA,NA,NA,NA,NA,NA,0.00,NA,NA,NA
2025-03-11 01:00:00,151.40,303.73,30.40,42.45,47.31,NA,NA,1.26,44.14,NA,NA,NA,NA,NA,NA,NA,NA,NA,NA,NA,0.00,NA,NA,NA
2025-03-11 02:00:00,192.61,348.53,30.05,43.58,47.61,NA,NA,1.42,44.01,NA,NA,NA,NA,NA,NA,NA,NA,NA,NA,NA,0.00,NA,NA,NA
2025-03-11 03:00:00,188.79,304.56,29.29,42.39,46.33,NA,NA,1.43,47.31,NA,NA,NA,NA,NA,NA,NA,NA,NA,NA,NA,0.00,NA,NA,NA
2025-03-11 04:00:00,147.68,259.86,17.30,40.97,35.86,NA,NA,1.40,43.48,NA,NA,NA,NA,NA,NA,NA,NA,NA,NA,NA,0.00,NA,NA,NA
2025-03-11 05:00:00,156.45,282.38,3.38,41.48,22.60,NA,NA,1.38,36.24,NA,NA,NA,NA,NA,NA,NA,NA,NA,NA,NA,0.00,NA,NA,NA
2025-03-11 06:00:00,172.76,332.21,1.61,41.35,17.91,NA,NA,1.39,33.60,NA,NA,NA,NA,NA,NA,NA,NA,NA,NA,NA,0.00,NA,NA,NA
2025-03-11 07:00:00,224.37,384.98,6.15,43.25,27.63,NA,NA,1.54,29.09,NA,NA,NA,NA,NA,NA,NA,NA,NA,NA,NA,0.00,NA,NA,NA
2025-03-11 08:00:00,205.21,323.45,12.85,46.05,34.59,NA,NA,1.49,54.28,NA,NA,NA,NA,NA,NA,NA,NA,NA,NA,NA,0.00,NA,NA,NA
2025-03-11 09:00:00,101.32,192.14,13.27,45.26,34.74,NA,NA,1.15,101.51,NA,NA,NA,NA,NA,NA,NA,NA,NA,NA,NA,0.00,NA,NA,NA
2025-03-11 10:00:00,69.16,147.50,18.80,42.66,37.99,NA,NA,1.03,108.33,NA,NA,NA,NA,NA,NA,NA,NA,NA,NA,NA,0.00,NA,NA,NA
2025-03-11 11:00:00,53.16,162.75,23.90,42.67,42.11,NA,NA,0.99,119.54,NA,NA,NA,NA,NA,NA,NA,NA,NA,NA,NA,0.00,NA,NA,NA
2025-03-11 12:00:00,64.49,201.53,30.70,42.41,47.56,NA,NA,1.04,162.68,NA,NA,NA,NA,NA,NA,NA,NA,NA,NA,NA,0.00,NA,NA,NA
2025-03-11 13:00:00,68.25,197.41,34.57,42.88,50.91,NA,NA,0.95,190.39,NA,NA,NA,NA,NA,NA,NA,NA,NA,NA,NA,0.00,NA,NA,NA
2025-03-11 14:00:00,57.29,163.31,36.52,42.59,52.36,NA,NA,0.83,161.40,NA,NA,NA,NA,NA,NA,NA,NA,NA,NA,NA,0.00,NA,NA,NA
2025-03-11 15:00:00,32.97,113.10,42.28,42.75,57.12,NA,NA,0.77,151.01,NA,NA,NA,NA,NA,NA,NA,NA,NA,NA,NA,0.00,NA,NA,NA
2025-03-11 16:00:00,41.52,123.16,36.51,44.11,53.15,NA,NA,0.71,153.80,NA,NA,NA,NA,NA,NA,NA,NA,NA,NA,NA,0.00,NA,NA,NA
2025-03-11 17:00:00,45.17,146.45,37.22,44.11,53.76,NA,NA,0.76,170.64,NA,NA,NA,NA,NA,NA,NA,NA,NA,NA,NA,0.00,NA,NA,NA
2025-03-11 18:00:00,68.30,168.16,39.63,43.88,55.56,NA,NA,0.82,149.19,NA,NA,NA,NA,NA,NA,NA,NA,NA,NA,NA,0.00,NA,NA,NA
2025-03-11 19:00:00,72.03,208.42,41.08,46.26,58.01,NA,NA,0.95,130.88,NA,NA,NA,NA,NA,NA,NA,NA,NA,NA,NA,0.00,NA,NA,NA
2025-03-11 20:00:00,83.32,203.42,37.19,44.39,53.85,NA,NA,1.05,90.71,NA,NA,NA,NA,NA,NA,NA,NA,NA,NA,NA,0.00,NA,NA,NA
2025-03-11 21:00:00,194.14,327.42,37.28,43.87,53.65,NA,NA,1.83,42.08,NA,NA,NA,NA,NA,NA,NA,NA,NA,NA,NA,0.00,NA,NA,NA
2025-03-11 22:00:00,203.71,408.14,33.88,43.27,50.56,NA,NA,1.79,29.50,NA,NA,NA,NA,NA,NA,NA,NA,NA,NA,NA,0.00,NA,NA,NA
2025-03-11 23:00:00,106.89,296.64,27.51,43.63,45.57,NA,NA,1.69,26.44,NA,NA,NA,NA,NA,NA,NA,NA,NA,NA,NA,0.00,NA,NA,NA
2025-03-12 00:00:00,105.98,297.91,44.85,44.89,60.32,NA,NA,1.70,26.61,NA,NA,NA,NA,NA,NA,NA,NA,NA,NA,NA,0.00,NA,NA,NA
2025-03-12 01:00:00,126.28,358.04,50.90,43.81,64.67,NA,NA,1.80,24.82,NA,NA,NA,NA,NA,NA,NA,NA,NA,NA,NA,0.00,NA,NA,NA
2025-03-12 02:00:00,151.98,355.40,55.29,43.37,68.03,NA,NA,1.68,29.17,NA,NA,NA,NA,NA,NA,NA,NA,NA,NA,NA,0.00,NA,NA,NA
2025-03-12 03:00:00,158.15,320.72,47.76,43.51,61.98,NA,NA,1.58,40.78,NA,NA,NA,NA,NA,NA,NA,NA,NA,NA,NA,0.00,NA,NA,NA
2025-03-12 04:00:00,141.97,283.84,50.68,43.31,64.24,NA,NA,1.44,39.51,NA,NA,NA,NA,NA,NA,NA,NA,NA,NA,NA,0.00,NA,NA,NA
2025-03-12 05:00:00,110.45,220.33,47.73,41.96,61.13,NA,NA,1.34,35.20,NA,NA,NA,NA,NA,NA,NA,NA,NA,NA,NA,0.00,NA,NA,NA
2025-03-12 06:00:00,93.66,179.33,42.52,43.38,57.65,NA,NA,1.29,38.89,NA,NA,NA,NA,NA,NA,NA,NA,NA,NA,NA,0.00,NA,NA,NA
2025-03-12 07:00:00,100.47,187.23,41.60,44.67,57.57,NA,NA,1.35,32.24,NA,NA,NA,NA,NA,NA,NA,NA,NA,NA,NA,0.00,NA,NA,NA
2025-03-12 08:00:00,153.10,239.03,43.08,42.93,57.87,NA,NA,1.41,31.05,NA,NA,NA,NA,NA,NA,NA,NA,NA,NA,NA,0.00,NA,NA,NA
2025-03-12 09:00:00,108.96,213.93,58.11,43.50,70.37,NA,NA,1.19,56.49,NA,NA,NA,NA,NA,NA,NA,NA,NA,NA,NA,0.00,NA,NA,NA
2025-03-12 10:00:00,58.33,145.20,53.39,43.33,66.46,NA,NA,1.00,82.97,NA,NA,NA,NA,NA,NA,NA,NA,NA,NA,NA,0.00,NA,NA,NA
2025-03-12 11:00:00,47.67,136.54,71.32,55.17,34.33,NA,NA,0.78,84.60,NA,NA,NA,NA,NA,NA,NA,NA,NA,NA,NA,0.00,NA,NA,NA
2025-03-12 12:00:00,50.45,134.76,96.28,48.01,103.47,NA,NA,0.75,94.49,NA,NA,NA,NA,NA,NA,NA,NA,NA,NA,NA,0.00,NA,NA,NA
2025-03-12 13:00:00,53.99,145.98,3.29,43.02,25.04,NA,NA,0.75,NA,NA,NA,NA,NA,NA,NA,NA,NA,NA,NA,NA,0.00,NA,NA,NA
2025-03-12 14:00:00,37.65,116.41,NA,39.54,19.13,NA,NA,0.73,NA,NA,NA,NA,NA,NA,NA,NA,NA,NA,NA,NA,0.00,NA,NA,NA
2025-03-12 15:00:00,32.89,100.97,31.31,6.48,23.98,NA,NA,0.67,52.45,NA,NA,NA,NA,NA,NA,NA,NA,NA,NA,NA,0.00,NA,NA,NA
2025-03-12 16:00:00,53.42,134.90,5.24,13.93,11.65,NA,NA,0.54,59.67,NA,NA,NA,NA,NA,NA,NA,NA,NA,NA,NA,0.00,NA,NA,NA
2025-03-12 17:00:00,66.90,129.61,5.10,16.69,13.02,NA,NA,0.67,85.69,NA,NA,NA,NA,NA,NA,NA,NA,NA,NA,NA,0.00,NA,NA,NA
2025-03-12 18:00:00,64.52,139.72,3.50,20.79,13.90,NA,NA,0.73,80.61,NA,NA,NA,NA,NA,NA,NA,NA,NA,NA,NA,0.00,NA,NA,NA
2025-03-12 19:00:00,56.58,132.83,1.19,26.57,15.09,NA,NA,0.85,37.40,NA,NA,NA,NA,NA,NA,NA,NA,NA,NA,NA,0.00,NA,NA,NA
2025-03-12 20:00:00,42.55,104.45,0.18,33.65,17.33,NA,NA,0.93,48.84,NA,NA,NA,NA,NA,NA,NA,NA,NA,NA,NA,0.00,NA,NA,NA
2025-03-12 21:00:00,73.53,144.91,0.17,43.91,23.13,NA,NA,1.07,30.46,NA,NA,NA,NA,NA,NA,NA,NA,NA,NA,NA,0.00,NA,NA,NA
2025-03-12 22:00:00,444.10,185.75,0.12,49.69,25.94,NA,NA,1.18,17.38,NA,NA,NA,NA,NA,NA,NA,NA,NA,NA,NA,0.00,NA,NA,NA
2025-03-12 23:00:00,167.99,215.73,NA,57.97,29.60,NA,NA,1.30,11.74,NA,NA,NA,NA,NA,NA,NA,NA,NA,NA,NA,0.00,NA,NA,NA
2025-03-13 00:00:00,71.30,200.00,NA,54.67,26.99,NA,NA,1.27,32.64,NA,NA,NA,NA,NA,NA,NA,NA,NA,NA,NA,0.00,NA,NA,NA
2025-03-13 01:00:00,70.96,183.78,NA,54.33,26.22,NA,NA,1.20,38.96,NA,NA,NA,NA,NA,NA,NA,NA,NA,NA,NA,0.00,NA,NA,NA
2025-03-13 02:00:00,66.54,174.76,NA,50.65,24.52,NA,NA,1.13,38.64,NA,NA,NA,NA,NA,NA,NA,NA,NA,NA,NA,0.00,NA,NA,NA
2025-03-13 03:00:00,72.21,157.07,NA,44.04,21.49,NA,NA,1.07,40.05,NA,NA,NA,NA,NA,NA,NA,NA,NA,NA,NA,0.00,NA,NA,NA
2025-03-13 04:00:00,80.80,168.47,NA,34.16,15.60,NA,NA,1.03,49.75,NA,NA,NA,NA,NA,NA,NA,NA,NA,NA,NA,0.00,NA,NA,NA
2025-03-13 05:00:00,79.07,158.70,NA,35.08,15.40,NA,NA,1.02,44.50,NA,NA,NA,NA,NA,NA,NA,NA,NA,NA,NA,0.00,NA,NA,NA
2025-03-13 06:00:00,90.40,165.54,7.23,45.49,22.57,NA,NA,1.08,36.10,NA,NA,NA,NA,NA,NA,NA,NA,NA,NA,NA,0.00,NA,NA,NA
2025-03-13 07:00:00,102.64,231.48,0.62,52.62,27.23,NA,NA,1.18,28.68,NA,NA,NA,NA,NA,NA,NA,NA,NA,NA,NA,0.00,NA,NA,NA
2025-03-13 08:00:00,114.41,253.04,NA,42.52,20.68,NA,NA,1.21,36.05,NA,NA,NA,NA,NA,NA,NA,NA,NA,NA,NA,0.00,NA,NA,NA
2025-03-13 09:00:00,98.44,258.62,NA,39.08,17.97,NA,NA,1.15,52.38,NA,NA,NA,NA,NA,NA,NA,NA,NA,NA,NA,0.00,NA,NA,NA
2025-03-13 10:00:00,78.25,167.30,4.34,24.72,12.91,NA,NA,1.00,32.47,NA,NA,NA,NA,NA,NA,NA,NA,NA,NA,NA,0.00,NA,NA,NA
2025-03-13 11:00:00,54.67,129.51,4.41,17.36,12.82,NA,NA,0.92,42.65,NA,NA,NA,NA,NA,NA,NA,NA,NA,NA,NA,0.00,NA,NA,NA
2025-03-13 12:00:00,46.65,152.95,4.09,13.46,10.49,NA,NA,0.92,77.40,NA,NA,NA,NA,NA,NA,NA,NA,NA,NA,NA,0.00,NA,NA,NA
2025-03-13 13:00:00,65.59,170.43,4.38,9.41,8.57,NA,NA,0.86,75.83,NA,NA,NA,NA,NA,NA,NA,NA,NA,NA,NA,0.00,NA,NA,NA
2025-03-13 14:00:00,54.93,142.66,3.58,7.98,7.16,NA,NA,0.79,72.74,NA,NA,NA,NA,NA,NA,NA,NA,NA,NA,NA,0.00,NA,NA,NA
2025-03-13 15:00:00,43.97,127.67,3.37,7.52,6.74,NA,NA,0.74,74.60,NA,NA,NA,NA,NA,NA,NA,NA,NA,NA,NA,0.00,NA,NA,NA
2025-03-13 16:00:00,39.81,102.12,2.86,7.45,6.29,NA,NA,0.74,76.29,NA,NA,NA,NA,NA,NA,NA,NA,NA,NA,NA,0.00,NA,NA,NA
2025-03-13 17:00:00,55.99,94.37,2.78,9.25,7.18,NA,NA,0.76,68.48,NA,NA,NA,NA,NA,NA,NA,NA,NA,NA,NA,0.00,NA,NA,NA
2025-03-13 18:00:00,30.12,127.59,3.47,14.79,10.69,NA,NA,0.75,63.81,NA,NA,NA,NA,NA,NA,NA,NA,NA,NA,NA,0.00,NA,NA,NA
2025-03-13 19:00:00,52.33,153.52,3.64,13.00,9.88,NA,NA,0.79,68.41,NA,NA,NA,NA,NA,NA,NA,NA,NA,NA,NA,0.00,NA,NA,NA
2025-03-13 20:00:00,60.13,128.36,3.86,7.73,7.25,NA,NA,0.73,79.80,NA,NA,NA,NA,NA,NA,NA,NA,NA,NA,NA,0.00,NA,NA,NA
2025-03-13 21:00:00,27.43,49.27,3.43,8.38,7.25,NA,NA,0.74,172.99,NA,NA,NA,NA,NA,NA,NA,NA,NA,NA,NA,0.00,NA,NA,NA
2025-03-13 22:00:00,32.65,58.73,4.07,11.52,9.44,NA,NA,0.80,68.39,NA,NA,NA,NA,NA,NA,NA,NA,NA,NA,NA,0.00,NA,NA,NA
2025-03-13 23:00:00,32.81,47.06,59.89,12.24,50.40,NA,NA,1.04,64.36,NA,NA,NA,NA,NA,NA,NA,NA,NA,NA,NA,0.00,NA,NA,NA
2025-03-14 00:00:00,NA,NA,7.79,17.21,15.49,NA,NA,1.18,38.50,NA,NA,NA,NA,NA,NA,NA,NA,NA,NA,NA,0.00,NA,NA,NA
2025-03-14 01:00:00,NA,NA,5.56,15.17,12.59,NA,NA,0.99,36.28,NA,NA,NA,NA,NA,NA,NA,NA,NA,NA,NA,0.00,NA,NA,NA
2025-03-14 02:00:00,NA,NA,5.92,14.34,12.44,NA,NA,0.92,28.66,NA,NA,NA,NA,NA,NA,NA,NA,NA,NA,NA,0.00,NA,NA,NA
2025-03-14 03:00:00,0.39,9.98,6.90,17.50,14.92,NA,NA,0.88,26.30,NA,NA,NA,NA,NA,NA,NA,NA,NA,NA,NA,0.00,NA,NA,NA
2025-03-14 04:00:00,19.36,30.82,8.96,24.83,20.49,NA,NA,0.94,26.51,NA,NA,NA,NA,NA,NA,NA,NA,NA,NA,NA,0.00,NA,NA,NA
2025-03-14 05:00:00,28.60,63.13,9.60,20.68,18.80,NA,NA,0.98,28.29,NA,NA,NA,NA,NA,NA,NA,NA,NA,NA,NA,0.00,NA,NA,NA
2025-03-14 06:00:00,37.83,54.68,10.03,14.35,15.79,NA,NA,0.96,26.19,NA,NA,NA,NA,NA,NA,NA,NA,NA,NA,NA,0.00,NA,NA,NA
2025-03-14 07:00:00,46.84,64.56,12.54,16.37,18.90,NA,NA,1.05,27.76,NA,NA,NA,NA,NA,NA,NA,NA,NA,NA,NA,0.00,NA,NA,NA
2025-03-14 08:00:00,53.50,111.91,10.01,28.76,23.45,NA,NA,1.38,62.36,NA,NA,NA,NA,NA,NA,NA,NA,NA,NA,NA,0.00,NA,NA,NA
2025-03-14 09:00:00,85.03,165.33,30.40,18.84,31.07,NA,NA,1.31,112.59,NA,NA,NA,NA,NA,NA,NA,NA,NA,NA,NA,0.00,NA,NA,NA
2025-03-14 10:00:00,NA,NA,0.40,14.42,7.66,NA,NA,1.18,55.98,NA,NA,NA,NA,NA,NA,NA,NA,NA,NA,NA,0.00,NA,NA,NA
2025-03-14 11:00:00,NA,NA,0.30,10.58,5.68,NA,NA,0.99,52.75,NA,NA,NA,NA,NA,NA,NA,NA,NA,NA,NA,0.00,NA,NA,NA
2025-03-14 12:00:00,NA,7.12,0.10,9.95,4.70,NA,NA,0.88,57.19,NA,NA,NA,NA,NA,NA,NA,NA,NA,NA,NA,0.00,NA,NA,NA
2025-03-14 13:00:00,5.61,8.57,0.20,10.42,5.38,NA,NA,0.82,62.87,NA,NA,NA,NA,NA,NA,NA,NA,NA,NA,NA,0.00,NA,NA,NA
2025-03-14 14:00:00,4.58,28.23,0.90,5.26,3.52,NA,NA,0.76,67.54,NA,NA,NA,NA,NA,NA,NA,NA,NA,NA,NA,0.00,NA,NA,NA
2025-03-14 15:00:00,6.69,32.62,0.39,4.99,2.96,NA,NA,0.71,66.01,NA,NA,NA,NA,NA,NA,NA,NA,NA,NA,NA,0.00,NA,NA,NA
2025-03-14 16:00:00,13.29,18.73,0.40,4.16,2.48,NA,NA,0.69,71.87,NA,NA,NA,NA,NA,NA,NA,NA,NA,NA,NA,0.00,NA,NA,NA
2025-03-14 17:00:00,22.39,69.54,0.95,6.86,4.42,NA,NA,0.73,68.58,NA,NA,NA,NA,NA,NA,NA,NA,NA,NA,NA,0.00,NA,NA,NA
2025-03-14 18:00:00,33.25,77.89,1.98,6.11,4.86,NA,NA,0.68,65.24,NA,NA,NA,NA,NA,NA,NA,NA,NA,NA,NA,0.00,NA,NA,NA
2025-03-14 19:00:00,15.28,28.68,2.48,8.52,6.54,NA,NA,0.72,58.54,NA,NA,NA,NA,NA,NA,NA,NA,NA,NA,NA,0.00,NA,NA,NA
2025-03-14 20:00:00,26.38,56.87,2.29,9.12,6.71,NA,NA,0.74,59.48,NA,NA,NA,NA,NA,NA,NA,NA,NA,NA,NA,0.00,NA,NA,NA
2025-03-14 21:00:00,31.20,47.25,1.97,9.04,6.41,NA,NA,0.73,58.30,NA,NA,NA,NA,NA,NA,NA,NA,NA,NA,NA,0.00,NA,NA,NA
2025-03-14 22:00:00,38.08,56.73,2.07,10.49,7.26,NA,NA,0.75,52.41,NA,NA,NA,NA,NA,NA,NA,NA,NA,NA,NA,0.00,NA,NA,NA
2025-03-14 23:00:00,23.50,69.21,3.19,10.70,8.29,NA,NA,0.68,47.70,NA,NA,NA,NA,NA,NA,NA,NA,NA,NA,NA,0.00,NA,NA,NA
2025-03-15 00:00:00,37.16,60.03,3.65,12.42,9.58,NA,NA,0.68,44.84,NA,NA,NA,NA,NA,NA,NA,NA,NA,NA,NA,0.00,NA,NA,NA
2025-03-15 01:00:00,42.43,85.47,2.85,13.90,9.71,NA,NA,0.75,48.64,NA,NA,NA,NA,NA,NA,NA,NA,NA,NA,NA,0.00,NA,NA,NA
2025-03-15 02:00:00,42.78,94.52,2.22,6.75,5.39,NA,NA,0.64,54.04,NA,NA,NA,NA,NA,NA,NA,NA,NA,NA,NA,0.00,NA,NA,NA
2025-03-15 03:00:00,20.64,50.34,1.59,4.16,3.50,NA,NA,0.58,57.30,NA,NA,NA,NA,NA,NA,NA,NA,NA,NA,NA,0.00,NA,NA,NA
2025-03-15 04:00:00,9.47,35.06,2.76,4.84,4.82,NA,NA,0.56,56.70,NA,NA,NA,NA,NA,NA,NA,NA,NA,NA,NA,0.00,NA,NA,NA
2025-03-15 05:00:00,22.53,39.54,2.92,5.70,5.40,NA,NA,0.55,57.88,NA,NA,NA,NA,NA,NA,NA,NA,NA,NA,NA,0.00,NA,NA,NA
2025-03-15 06:00:00,16.25,35.00,2.74,6.42,5.65,NA,NA,0.55,59.28,NA,NA,NA,NA,NA,NA,NA,NA,NA,NA,NA,0.00,NA,NA,NA
2025-03-15 07:00:00,22.26,32.27,2.59,7.37,6.02,NA,NA,0.55,52.84,NA,NA,NA,NA,NA,NA,NA,NA,NA,NA,NA,0.00,NA,NA,NA
2025-03-15 08:00:00,5.54,33.17,2.36,7.48,5.90,NA,NA,0.57,49.61,NA,NA,NA,NA,NA,NA,NA,NA,NA,NA,NA,0.00,NA,NA,NA
2025-03-15 09:00:00,8.25,46.36,2.91,9.18,7.25,NA,NA,0.59,51.14,NA,NA,NA,NA,NA,NA,NA,NA,NA,NA,NA,0.00,NA,NA,NA
2025-03-15 10:00:00,18.46,61.74,2.99,10.22,7.86,NA,NA,0.58,56.62,NA,NA,NA,NA,NA,NA,NA,NA,NA,NA,NA,0.00,NA,NA,NA
2025-03-15 11:00:00,20.41,73.20,2.86,8.08,6.62,NA,NA,0.57,63.34,NA,NA,NA,NA,NA,NA,NA,NA,NA,NA,NA,0.00,NA,NA,NA
2025-03-15 12:00:00,10.08,69.75,2.17,8.58,6.33,NA,NA,0.57,71.24,NA,NA,NA,NA,NA,NA,NA,NA,NA,NA,NA,0.00,NA,NA,NA
2025-03-15 13:00:00,16.65,54.30,1.54,6.78,4.86,NA,NA,0.58,76.58,NA,NA,NA,NA,NA,NA,NA,NA,NA,NA,NA,0.00,NA,NA,NA
2025-03-15 14:00:00,28.48,64.89,1.61,5.23,4.09,NA,NA,0.58,77.76,NA,NA,NA,NA,NA,NA,NA,NA,NA,NA,NA,0.00,NA,NA,NA
2025-03-15 15:00:00,35.99,70.50,2.17,4.56,4.19,NA,NA,0.58,81.41,NA,NA,NA,NA,NA,NA,NA,NA,NA,NA,NA,0.00,NA,NA,NA
2025-03-15 16:00:00,26.15,65.62,2.33,4.31,4.18,NA,NA,0.58,85.98,NA,NA,NA,NA,NA,NA,NA,NA,NA,NA,NA,0.00,NA,NA,NA
2025-03-15 17:00:00,37.50,66.88,2.06,3.72,3.65,NA,NA,0.58,88.10,NA,NA,NA,NA,NA,NA,NA,NA,NA,NA,NA,0.00,NA,NA,NA
2025-03-15 18:00:00,33.06,69.51,1.69,8.11,5.69,NA,NA,0.59,78.91,NA,NA,NA,NA,NA,NA,NA,NA,NA,NA,NA,0.00,NA,NA,NA
2025-03-15 19:00:00,38.52,73.74,2.15,16.69,10.63,NA,NA,0.65,62.34,NA,NA,NA,NA,NA,NA,NA,NA,NA,NA,NA,0.00,NA,NA,NA
2025-03-15 20:00:00,67.06,94.04,3.80,20.01,13.73,NA,NA,0.75,52.14,NA,NA,NA,NA,NA,NA,NA,NA,NA,NA,NA,0.00,NA,NA,NA
2025-03-15 21:00:00,56.32,112.33,4.08,16.49,12.09,NA,NA,0.72,59.97,NA,NA,NA,NA,NA,NA,NA,NA,NA,NA,NA,0.00,NA,NA,NA
2025-03-15 22:00:00,30.55,68.93,3.50,12.64,9.57,NA,NA,0.68,59.37,NA,NA,NA,NA,NA,NA,NA,NA,NA,NA,NA,0.00,NA,NA,NA
2025-03-15 23:00:00,29.39,57.98,2.78,13.86,9.63,NA,NA,0.67,58.60,NA,NA,NA,NA,NA,NA,NA,NA,NA,NA,NA,0.00,NA,NA,NA
2025-03-16 00:00:00,25.52,51.95,2.59,14.57,9.86,NA,NA,0.64,55.76,NA,NA,NA,NA,NA,NA,NA,NA,NA,NA,NA,0.00,NA,NA,NA
2025-03-16 01:00:00,25.16,67.39,3.82,21.85,14.72,NA,NA,0.68,44.36,NA,NA,NA,NA,NA,NA,NA,NA,NA,NA,NA,0.00,NA,NA,NA
2025-03-16 02:00:00,45.66,84.31,4.66,24.99,17.08,NA,NA,0.69,40.58,NA,NA,NA,NA,NA,NA,NA,NA,NA,NA,NA,0.00,NA,NA,NA
2025-03-16 03:00:00,45.15,84.09,4.31,21.26,14.81,NA,NA,0.68,41.87,NA,NA,NA,NA,NA,NA,NA,NA,NA,NA,NA,0.00,NA,NA,NA
2025-03-16 04:00:00,45.12,89.92,3.57,16.48,11.67,NA,NA,0.68,43.72,NA,NA,NA,NA,NA,NA,NA,NA,NA,NA,NA,0.00,NA,NA,NA
2025-03-16 05:00:00,52.91,85.74,3.11,14.76,10.37,NA,NA,0.67,43.90,NA,NA,NA,NA,NA,NA,NA,NA,NA,NA,NA,0.00,NA,NA,NA
2025-03-16 06:00:00,43.57,79.40,4.10,17.58,12.68,NA,NA,0.66,40.75,NA,NA,NA,NA,NA,NA,NA,NA,NA,NA,NA,0.00,NA,NA,NA
2025-03-16 07:00:00,44.67,79.88,7.35,22.22,17.80,NA,NA,0.69,39.81,NA,NA,NA,NA,NA,NA,NA,NA,NA,NA,NA,0.00,NA,NA,NA
2025-03-16 08:00:00,61.33,114.93,6.24,16.70,13.96,NA,NA,0.73,45.11,NA,NA,NA,NA,NA,NA,NA,NA,NA,NA,NA,0.00,NA,NA,NA
2025-03-16 09:00:00,43.83,96.95,4.53,14.51,11.40,NA,NA,0.71,52.46,NA,NA,NA,NA,NA,NA,NA,NA,NA,NA,NA,0.00,NA,NA,NA
2025-03-16 10:00:00,19.92,72.48,4.15,18.81,13.38,NA,NA,0.69,61.21,NA,NA,NA,NA,NA,NA,NA,NA,NA,NA,NA,0.00,NA,NA,NA
2025-03-16 11:00:00,13.97,92.08,2.94,11.04,8.27,NA,NA,0.61,76.47,NA,NA,NA,NA,NA,NA,NA,NA,NA,NA,NA,0.00,NA,NA,NA
2025-03-16 12:00:00,14.60,64.61,2.79,7.84,6.43,NA,NA,0.59,93.95,NA,NA,NA,NA,NA,NA,NA,NA,NA,NA,NA,0.00,NA,NA,NA
2025-03-16 13:00:00,19.53,58.66,5.06,7.72,6.29,NA,NA,0.63,91.14,NA,NA,NA,NA,NA,NA,NA,NA,NA,NA,NA,0.00,NA,NA,NA
2025-03-16 14:00:00,NA,NA,NA,3.90,1.43,NA,NA,0.71,90.94,NA,NA,NA,NA,NA,NA,NA,NA,NA,NA,NA,0.00,NA,NA,NA
2025-03-16 15:00:00,NA,NA,159.15,NA,126.87,NA,NA,0.57,72.42,NA,NA,NA,NA,NA,NA,NA,NA,NA,NA,NA,0.00,NA,NA,NA
2025-03-16 16:00:00,NA,NA,3.44,2.23,3.97,NA,NA,0.67,81.13,NA,NA,NA,NA,NA,NA,NA,NA,NA,NA,NA,0.00,NA,NA,NA
2025-03-16 17:00:00,NA,NA,2.23,3.33,3.59,NA,NA,0.65,79.55,NA,NA,NA,NA,NA,NA,NA,NA,NA,NA,NA,0.00,NA,NA,NA
2025-03-16 18:00:00,NA,NA,2.40,4.82,4.51,NA,NA,0.63,79.28,NA,NA,NA,NA,NA,NA,NA,NA,NA,NA,NA,0.00,NA,NA,NA
2025-03-16 19:00:00,NA,23.52,3.03,9.21,7.36,NA,NA,0.66,78.67,NA,NA,NA,NA,NA,NA,NA,NA,NA,NA,NA,0.00,NA,NA,NA
2025-03-16 20:00:00,NA,59.14,3.42,19.31,13.05,NA,NA,0.76,69.47,NA,NA,NA,NA,NA,NA,NA,NA,NA,NA,NA,0.00,NA,NA,NA
2025-03-16 21:00:00,NA,65.99,3.08,23.73,15.13,NA,NA,0.82,59.66,NA,NA,NA,NA,NA,NA,NA,NA,NA,NA,NA,0.00,NA,NA,NA
2025-03-16 22:00:00,4.61,65.82,2.68,19.89,12.76,NA,NA,0.86,54.38,NA,NA,NA,NA,NA,NA,NA,NA,NA,NA,NA,0.00,NA,NA,NA
2025-03-16 23:00:00,14.33,62.27,2.85,20.97,13.47,NA,NA,0.87,50.80,NA,NA,NA,NA,NA,NA,NA,NA,NA,NA,NA,0.00,NA,NA,NA
2025-03-17 00:00:00,24.42,65.73,4.02,21.19,14.54,NA,NA,0.86,50.16,NA,NA,NA,NA,NA,NA,NA,NA,NA,NA,NA,0.00,NA,NA,NA
2025-03-17 01:00:00,21.56,72.08,4.46,20.23,14.39,NA,NA,0.82,50.92,NA,NA,NA,NA,NA,NA,NA,NA,NA,NA,NA,0.00,NA,NA,NA
2025-03-17 02:00:00,32.38,86.02,3.94,20.19,13.95,NA,NA,0.81,49.32,NA,NA,NA,NA,NA,NA,NA,NA,NA,NA,NA,0.00,NA,NA,NA
2025-03-17 03:00:00,36.23,85.13,3.12,20.73,13.56,NA,NA,0.82,50.36,NA,NA,NA,NA,NA,NA,NA,NA,NA,NA,NA,0.00,NA,NA,NA
2025-03-17 04:00:00,41.01,84.15,3.39,27.09,17.16,NA,NA,0.80,39.21,NA,NA,NA,NA,NA,NA,NA,NA,NA,NA,NA,0.00,NA,NA,NA
2025-03-17 05:00:00,34.65,87.73,4.03,22.63,15.31,NA,NA,0.79,38.86,NA,NA,NA,NA,NA,NA,NA,NA,NA,NA,NA,0.00,NA,NA,NA
2025-03-17 06:00:00,41.04,91.58,6.63,19.92,15.98,NA,NA,0.78,35.14,NA,NA,NA,NA,NA,NA,NA,NA,NA,NA,NA,0.00,NA,NA,NA
2025-03-17 07:00:00,51.94,115.51,6.88,18.01,15.18,NA,NA,0.84,36.98,NA,NA,NA,NA,NA,NA,NA,NA,NA,NA,NA,0.00,NA,NA,NA
2025-03-17 08:00:00,82.86,153.97,6.24,20.96,16.23,NA,NA,0.95,42.98,NA,NA,NA,NA,NA,NA,NA,NA,NA,NA,NA,0.00,NA,NA,NA
2025-03-17 09:00:00,42.34,105.14,3.37,13.10,9.71,NA,NA,0.82,60.07,NA,NA,NA,NA,NA,NA,NA,NA,NA,NA,NA,0.00,NA,NA,NA
2025-03-17 10:00:00,17.62,72.16,3.51,10.75,8.57,NA,NA,0.77,72.97,NA,NA,NA,NA,NA,NA,NA,NA,NA,NA,NA,0.00,NA,NA,NA
2025-03-17 11:00:00,28.12,86.80,3.48,6.57,6.32,NA,NA,0.70,81.34,NA,NA,NA,NA,NA,NA,NA,NA,NA,NA,NA,0.00,NA,NA,NA
2025-03-17 12:00:00,23.64,90.70,2.99,5.56,5.39,NA,NA,0.70,91.67,NA,NA,NA,NA,NA,NA,NA,NA,NA,NA,NA,0.00,NA,NA,NA
2025-03-17 13:00:00,37.89,85.14,2.21,3.93,3.89,NA,NA,0.66,93.27,NA,NA,NA,NA,NA,NA,NA,NA,NA,NA,NA,0.00,NA,NA,NA
2025-03-17 14:00:00,31.72,68.82,1.92,3.31,3.32,NA,NA,0.63,93.55,NA,NA,NA,NA,NA,NA,NA,NA,NA,NA,NA,0.00,NA,NA,NA
2025-03-17 15:00:00,31.31,66.93,2.17,4.75,4.29,NA,NA,0.61,101.05,NA,NA,NA,NA,NA,NA,NA,NA,NA,NA,NA,0.00,NA,NA,NA
2025-03-17 16:00:00,41.99,79.28,2.88,9.03,7.14,NA,NA,0.59,93.68,NA,NA,NA,NA,NA,NA,NA,NA,NA,NA,NA,0.00,NA,NA,NA
2025-03-17 17:00:00,32.23,68.74,3.06,8.13,6.82,NA,NA,0.58,98.33,NA,NA,NA,NA,NA,NA,NA,NA,NA,NA,NA,0.00,NA,NA,NA
2025-03-17 18:00:00,40.53,75.17,2.35,6.36,5.30,NA,NA,0.61,102.52,NA,NA,NA,NA,NA,NA,NA,NA,NA,NA,NA,0.00,NA,NA,NA
2025-03-17 19:00:00,39.54,75.44,2.23,9.18,6.69,NA,NA,0.67,90.73,NA,NA,NA,NA,NA,NA,NA,NA,NA,NA,NA,0.00,NA,NA,NA
2025-03-17 20:00:00,43.30,94.87,2.64,13.64,9.40,NA,NA,0.74,76.29,NA,NA,NA,NA,NA,NA,NA,NA,NA,NA,NA,0.00,NA,NA,NA
2025-03-17 21:00:00,50.35,116.08,4.26,19.19,13.67,NA,NA,0.81,63.68,NA,NA,NA,NA,NA,NA,NA,NA,NA,NA,NA,0.00,NA,NA,NA
2025-03-17 22:00:00,61.00,118.99,4.75,22.23,15.68,NA,NA,0.84,51.12,NA,NA,NA,NA,NA,NA,NA,NA,NA,NA,NA,0.00,NA,NA,NA
2025-03-17 23:00:00,61.79,133.66,3.98,23.12,15.53,NA,NA,0.89,48.62,NA,NA,NA,NA,NA,NA,NA,NA,NA,NA,NA,0.00,NA,NA,NA
2025-03-18 00:00:00,56.45,121.84,3.36,24.79,15.92,NA,NA,0.93,40.92,NA,NA,NA,NA,NA,NA,NA,NA,NA,NA,NA,0.00,NA,NA,NA
2025-03-18 01:00:00,58.14,130.00,3.48,26.59,16.97,NA,NA,0.95,35.70,NA,NA,NA,NA,NA,NA,NA,NA,NA,NA,NA,0.00,NA,NA,NA
2025-03-18 02:00:00,70.59,151.49,4.96,26.82,18.30,NA,NA,0.91,38.78,NA,NA,NA,NA,NA,NA,NA,NA,NA,NA,NA,0.00,NA,NA,NA
2025-03-18 03:00:00,66.01,128.26,5.32,26.18,18.26,NA,NA,0.86,43.76,NA,NA,NA,NA,NA,NA,NA,NA,NA,NA,NA,0.00,NA,NA,NA
2025-03-18 04:00:00,87.98,157.53,4.84,24.41,16.92,NA,NA,0.86,49.75,NA,NA,NA,NA,NA,NA,NA,NA,NA,NA,NA,0.00,NA,NA,NA
2025-03-18 05:00:00,71.59,129.73,3.33,16.48,11.48,NA,NA,0.81,60.32,NA,NA,NA,NA,NA,NA,NA,NA,NA,NA,NA,0.00,NA,NA,NA
2025-03-18 06:00:00,45.96,81.19,3.00,20.39,13.29,NA,NA,0.79,56.61,NA,NA,NA,NA,NA,NA,NA,NA,NA,NA,NA,0.00,NA,NA,NA
2025-03-18 07:00:00,44.65,105.14,4.86,25.33,17.42,NA,NA,0.84,45.81,NA,NA,NA,NA,NA,NA,NA,NA,NA,NA,NA,0.00,NA,NA,NA
2025-03-18 08:00:00,138.45,207.38,6.42,24.77,18.40,NA,NA,0.97,52.97,NA,NA,NA,NA,NA,NA,NA,NA,NA,NA,NA,0.00,NA,NA,NA
2025-03-18 09:00:00,73.27,173.95,4.81,15.63,12.23,NA,NA,0.84,74.71,NA,NA,NA,NA,NA,NA,NA,NA,NA,NA,NA,0.00,NA,NA,NA
2025-03-18 10:00:00,35.65,106.14,3.47,11.09,8.72,NA,NA,0.79,86.49,NA,NA,NA,NA,NA,NA,NA,NA,NA,NA,NA,0.00,NA,NA,NA
2025-03-18 11:00:00,40.60,101.89,2.72,9.21,7.11,NA,NA,0.77,94.08,NA,NA,NA,NA,NA,NA,NA,NA,NA,NA,NA,0.00,NA,NA,NA
2025-03-18 12:00:00,42.07,90.92,2.82,6.83,5.92,NA,NA,0.68,88.77,NA,NA,NA,NA,NA,NA,NA,NA,NA,NA,NA,0.00,NA,NA,NA
2025-03-18 13:00:00,32.29,83.63,3.26,5.23,5.43,NA,NA,0.62,82.57,NA,NA,NA,NA,NA,NA,NA,NA,NA,NA,NA,0.00,NA,NA,NA
2025-03-18 14:00:00,32.87,70.73,2.90,4.25,4.62,NA,NA,0.60,81.43,NA,NA,NA,NA,NA,NA,NA,NA,NA,NA,NA,0.00,NA,NA,NA
2025-03-18 15:00:00,18.00,64.01,2.58,3.70,4.07,NA,NA,0.58,79.77,NA,NA,NA,NA,NA,NA,NA,NA,NA,NA,NA,0.00,NA,NA,NA
2025-03-18 16:00:00,25.73,59.67,2.80,11.58,8.43,NA,NA,0.57,74.46,NA,NA,NA,NA,NA,NA,NA,NA,NA,NA,NA,0.00,NA,NA,NA
2025-03-18 17:00:00,25.76,65.53,3.02,11.49,8.57,NA,NA,0.57,76.67,NA,NA,NA,NA,NA,NA,NA,NA,NA,NA,NA,0.00,NA,NA,NA
2025-03-18 18:00:00,27.12,76.42,3.36,8.90,7.46,NA,NA,0.58,77.94,NA,NA,NA,NA,NA,NA,NA,NA,NA,NA,NA,0.00,NA,NA,NA
2025-03-18 19:00:00,43.69,125.99,3.91,15.50,11.42,NA,NA,0.66,70.34,NA,NA,NA,NA,NA,NA,NA,NA,NA,NA,NA,0.00,NA,NA,NA
2025-03-18 20:00:00,57.23,175.92,3.81,25.62,16.73,NA,NA,0.76,58.55,NA,NA,NA,NA,NA,NA,NA,NA,NA,NA,NA,0.00,NA,NA,NA
2025-03-18 21:00:00,53.97,170.41,5.59,47.29,29.70,NA,NA,0.87,42.37,NA,NA,NA,NA,NA,NA,NA,NA,NA,NA,NA,0.00,NA,NA,NA
2025-03-18 22:00:00,61.93,147.19,3.19,28.66,17.84,NA,NA,0.88,51.31,NA,NA,NA,NA,NA,NA,NA,NA,NA,NA,NA,0.00,NA,NA,NA
2025-03-18 23:00:00,52.49,138.09,4.13,26.51,17.45,NA,NA,0.82,45.52,NA,NA,NA,NA,NA,NA,NA,NA,NA,NA,NA,0.00,NA,NA,NA
2025-03-19 00:00:00,67.06,142.15,5.19,41.29,26.18,NA,NA,0.85,38.86,NA,NA,NA,NA,NA,NA,NA,NA,NA,NA,NA,0.00,NA,NA,NA
2025-03-19 01:00:00,65.40,170.85,4.45,30.49,19.84,NA,NA,0.89,39.92,NA,NA,NA,NA,NA,NA,NA,NA,NA,NA,NA,0.00,NA,NA,NA
2025-03-19 02:00:00,86.09,182.68,3.48,29.26,18.40,NA,NA,0.97,38.98,NA,NA,NA,NA,NA,NA,NA,NA,NA,NA,NA,0.00,NA,NA,NA
2025-03-19 03:00:00,97.35,200.44,3.33,26.31,16.70,NA,NA,1.02,37.09,NA,NA,NA,NA,NA,NA,NA,NA,NA,NA,NA,0.00,NA,NA,NA
2025-03-19 04:00:00,91.62,188.37,4.89,27.89,18.81,NA,NA,1.00,33.72,NA,NA,NA,NA,NA,NA,NA,NA,NA,NA,NA,0.00,NA,NA,NA
2025-03-19 05:00:00,76.25,164.97,6.05,25.14,18.29,NA,NA,0.92,32.95,NA,NA,NA,NA,NA,NA,NA,NA,NA,NA,NA,0.00,NA,NA,NA
2025-03-19 06:00:00,63.85,172.32,10.35,28.98,23.82,NA,NA,0.95,32.53,NA,NA,NA,NA,NA,NA,NA,NA,NA,NA,NA,0.00,NA,NA,NA
2025-03-19 07:00:00,90.15,174.80,9.51,29.95,23.67,NA,NA,0.98,38.96,NA,NA,NA,NA,NA,NA,NA,NA,NA,NA,NA,0.00,NA,NA,NA
2025-03-19 08:00:00,110.53,210.73,10.58,52.74,36.66,NA,NA,1.19,48.08,NA,NA,NA,NA,NA,NA,NA,NA,NA,NA,NA,0.00,NA,NA,NA
2025-03-19 09:00:00,109.24,246.59,5.07,36.57,23.58,NA,NA,0.98,72.07,NA,NA,NA,NA,NA,NA,NA,NA,NA,NA,NA,0.00,NA,NA,NA
2025-03-19 10:00:00,36.42,152.08,3.60,16.95,11.94,NA,NA,0.72,89.55,NA,NA,NA,NA,NA,NA,NA,NA,NA,NA,NA,0.00,NA,NA,NA
2025-03-19 11:00:00,27.73,111.11,2.80,9.73,6.06,NA,NA,0.65,32.05,NA,NA,NA,NA,NA,NA,NA,NA,NA,NA,NA,0.00,NA,NA,NA
2025-03-19 12:00:00,20.84,46.25,NA,NA,0.00,NA,NA,0.59,17.62,NA,NA,NA,NA,NA,NA,NA,NA,NA,NA,NA,0.00,NA,NA,NA
2025-03-19 13:00:00,26.33,97.23,48.59,0.92,40.40,NA,NA,0.61,102.60,NA,NA,NA,NA,NA,NA,NA,NA,NA,NA,NA,0.00,NA,NA,NA
2025-03-19 14:00:00,29.37,95.49,4.90,10.25,9.43,NA,NA,0.42,93.73,NA,NA,NA,NA,NA,NA,NA,NA,NA,NA,NA,0.00,NA,NA,NA
2025-03-19 15:00:00,13.38,75.07,4.97,10.38,9.56,NA,NA,0.38,83.88,NA,NA,NA,NA,NA,NA,NA,NA,NA,NA,NA,0.00,NA,NA,NA
2025-03-19 16:00:00,25.37,78.61,4.91,8.20,8.36,NA,NA,0.14,NA,NA,NA,NA,NA,NA,NA,NA,NA,NA,NA,NA,0.00,NA,NA,NA
2025-03-19 17:00:00,25.26,86.61,4.84,6.97,7.64,NA,NA,0.15,52.57,NA,NA,NA,NA,NA,NA,NA,NA,NA,NA,NA,0.00,NA,NA,NA
2025-03-19 18:00:00,12.56,92.71,4.60,10.52,9.33,NA,NA,0.25,46.11,NA,NA,NA,NA,NA,NA,NA,NA,NA,NA,NA,0.00,NA,NA,NA
2025-03-19 19:00:00,29.77,74.41,4.34,18.11,13.16,NA,NA,0.39,53.42,NA,NA,NA,NA,NA,NA,NA,NA,NA,NA,NA,0.00,NA,NA,NA
2025-03-19 20:00:00,46.57,105.68,5.38,25.68,18.04,NA,NA,0.43,42.15,NA,NA,NA,NA,NA,NA,NA,NA,NA,NA,NA,0.00,NA,NA,NA
2025-03-19 21:00:00,62.88,150.31,6.39,30.35,21.34,NA,NA,0.51,38.24,NA,NA,NA,NA,NA,NA,NA,NA,NA,NA,NA,0.00,NA,NA,NA
2025-03-19 22:00:00,71.86,144.93,6.59,31.76,22.25,NA,NA,0.59,33.23,NA,NA,NA,NA,NA,NA,NA,NA,NA,NA,NA,0.00,NA,NA,NA
2025-03-19 23:00:00,82.47,153.26,5.65,38.76,25.21,NA,NA,0.75,28.36,NA,NA,NA,NA,NA,NA,NA,NA,NA,NA,NA,0.00,NA,NA,NA
2025-03-20 00:00:00,79.31,161.76,5.31,37.06,24.03,NA,NA,0.78,27.20,NA,NA,NA,NA,NA,NA,NA,NA,NA,NA,NA,0.00,NA,NA,NA
2025-03-20 01:00:00,86.69,154.95,6.44,41.00,27.05,NA,NA,0.82,23.13,NA,NA,NA,NA,NA,NA,NA,NA,NA,NA,NA,0.00,NA,NA,NA
2025-03-20 02:00:00,83.22,153.92,8.96,43.63,30.50,NA,NA,0.81,23.22,NA,NA,NA,NA,NA,NA,NA,NA,NA,NA,NA,0.00,NA,NA,NA
2025-03-20 03:00:00,69.32,160.62,10.36,46.62,33.23,NA,NA,0.78,21.91,NA,NA,NA,NA,NA,NA,NA,NA,NA,NA,NA,0.00,NA,NA,NA
2025-03-20 04:00:00,68.28,155.81,17.83,53.11,42.75,NA,NA,0.78,17.88,NA,NA,NA,NA,NA,NA,NA,NA,NA,NA,NA,0.00,NA,NA,NA
2025-03-20 05:00:00,58.53,123.04,11.67,44.61,33.21,NA,NA,0.75,17.08,NA,NA,NA,NA,NA,NA,NA,NA,NA,NA,NA,0.00,NA,NA,NA
2025-03-20 06:00:00,51.12,98.13,7.68,35.39,25.07,NA,NA,0.71,17.16,NA,NA,NA,NA,NA,NA,NA,NA,NA,NA,NA,0.00,NA,NA,NA
2025-03-20 07:00:00,50.46,90.46,10.83,30.45,25.01,NA,NA,0.65,21.86,NA,NA,NA,NA,NA,NA,NA,NA,NA,NA,NA,0.00,NA,NA,NA
2025-03-20 08:00:00,56.11,130.41,12.42,52.99,38.28,NA,NA,0.77,31.36,NA,NA,NA,NA,NA,NA,NA,NA,NA,NA,NA,0.00,NA,NA,NA
2025-03-20 09:00:00,75.63,217.00,6.80,41.26,27.47,NA,NA,0.76,58.67,NA,NA,NA,NA,NA,NA,NA,NA,NA,NA,NA,0.00,NA,NA,NA
2025-03-20 10:00:00,50.48,166.55,4.78,28.53,19.06,NA,NA,0.59,73.49,NA,NA,NA,NA,NA,NA,NA,NA,NA,NA,NA,0.00,NA,NA,NA
2025-03-20 11:00:00,52.64,145.01,3.84,21.59,14.61,NA,NA,0.49,82.11,NA,NA,NA,NA,NA,NA,NA,NA,NA,NA,NA,0.00,NA,NA,NA
2025-03-20 12:00:00,20.38,104.22,4.08,15.21,11.40,NA,NA,0.38,80.27,NA,NA,NA,NA,NA,NA,NA,NA,NA,NA,NA,0.00,NA,NA,NA
2025-03-20 13:00:00,50.24,115.35,4.06,12.88,10.15,NA,NA,0.34,91.52,NA,NA,NA,NA,NA,NA,NA,NA,NA,NA,NA,0.00,NA,NA,NA
2025-03-20 14:00:00,39.64,97.80,3.71,9.53,8.09,NA,NA,0.29,73.96,NA,NA,NA,NA,NA,NA,NA,NA,NA,NA,NA,0.00,NA,NA,NA
2025-03-20 15:00:00,22.48,78.45,3.25,7.68,6.73,NA,NA,0.28,72.51,NA,NA,NA,NA,NA,NA,NA,NA,NA,NA,NA,0.00,NA,NA,NA
2025-03-20 16:00:00,18.01,79.60,3.23,7.37,6.55,NA,NA,0.25,69.24,NA,NA,NA,NA,NA,NA,NA,NA,NA,NA,NA,0.00,NA,NA,NA
2025-03-20 17:00:00,14.52,75.09,4.10,8.34,7.77,NA,NA,0.21,69.43,NA,NA,NA,NA,NA,NA,NA,NA,NA,NA,NA,0.00,NA,NA,NA
2025-03-20 18:00:00,27.90,86.03,4.43,10.93,9.41,NA,NA,0.22,71.45,NA,NA,NA,NA,NA,NA,NA,NA,NA,NA,NA,0.00,NA,NA,NA
2025-03-20 19:00:00,40.23,121.84,4.84,20.48,14.83,NA,NA,0.32,55.65,NA,NA,NA,NA,NA,NA,NA,NA,NA,NA,NA,0.00,NA,NA,NA
2025-03-20 20:00:00,54.81,150.90,4.29,28.72,18.77,NA,NA,0.47,36.35,NA,NA,NA,NA,NA,NA,NA,NA,NA,NA,NA,0.00,NA,NA,NA
2025-03-20 21:00:00,65.45,160.90,4.15,32.40,20.61,NA,NA,0.54,34.27,NA,NA,NA,NA,NA,NA,NA,NA,NA,NA,NA,0.00,NA,NA,NA
2025-03-20 22:00:00,55.19,160.29,4.06,29.25,18.86,NA,NA,0.52,32.02,NA,NA,NA,NA,NA,NA,NA,NA,NA,NA,NA,0.00,NA,NA,NA
2025-03-20 23:00:00,59.88,141.38,4.96,29.92,19.95,NA,NA,0.48,33.90,NA,NA,NA,NA,NA,NA,NA,NA,NA,NA,NA,0.00,NA,NA,NA
2025-03-21 00:00:00,54.36,142.38,5.36,23.69,16.96,NA,NA,0.42,38.89,NA,NA,NA,NA,NA,NA,NA,NA,NA,NA,NA,0.00,NA,NA,NA
2025-03-21 01:00:00,55.38,133.22,4.82,23.41,16.36,NA,NA,0.45,31.12,NA,NA,NA,NA,NA,NA,NA,NA,NA,NA,NA,0.00,NA,NA,NA
2025-03-21 02:00:00,62.95,136.69,4.26,25.11,16.82,NA,NA,0.48,29.40,NA,NA,NA,NA,NA,NA,NA,NA,NA,NA,NA,0.00,NA,NA,NA
2025-03-21 03:00:00,74.85,151.19,6.13,41.02,26.80,NA,NA,0.47,17.98,NA,NA,NA,NA,NA,NA,NA,NA,NA,NA,NA,0.00,NA,NA,NA
2025-03-21 04:00:00,82.48,176.10,5.11,42.89,26.97,NA,NA,0.45,16.40,NA,NA,NA,NA,NA,NA,NA,NA,NA,NA,NA,0.00,NA,NA,NA
2025-03-21 05:00:00,58.42,131.91,5.27,29.94,20.21,NA,NA,0.39,21.43,NA,NA,NA,NA,NA,NA,NA,NA,NA,NA,NA,0.00,NA,NA,NA
2025-03-21 06:00:00,42.04,87.95,4.88,19.04,14.09,NA,NA,0.39,17.37,NA,NA,NA,NA,NA,NA,NA,NA,NA,NA,NA,0.00,NA,NA,NA
2025-03-21 07:00:00,33.55,85.64,5.57,25.68,18.19,NA,NA,0.45,7.72,NA,NA,NA,NA,NA,NA,NA,NA,NA,NA,NA,0.00,NA,NA,NA
2025-03-21 08:00:00,47.05,119.77,4.91,23.67,16.57,NA,NA,0.46,19.67,NA,NA,NA,NA,NA,NA,NA,NA,NA,NA,NA,0.00,NA,NA,NA
2025-03-21 09:00:00,39.24,133.55,4.63,16.78,12.69,NA,NA,0.37,36.37,NA,NA,NA,NA,NA,NA,NA,NA,NA,NA,NA,0.00,NA,NA,NA
2025-03-21 10:00:00,54.84,132.81,4.95,15.28,12.15,NA,NA,0.39,44.61,NA,NA,NA,NA,NA,NA,NA,NA,NA,NA,NA,0.00,NA,NA,NA
2025-03-21 11:00:00,63.67,137.60,4.49,13.33,10.73,NA,NA,0.37,50.08,NA,NA,NA,NA,NA,NA,NA,NA,NA,NA,NA,0.00,NA,NA,NA
2025-03-21 12:00:00,45.34,111.80,3.66,11.31,8.99,NA,NA,0.35,53.29,NA,NA,NA,NA,NA,NA,NA,NA,NA,NA,NA,0.00,NA,NA,NA
2025-03-21 13:00:00,31.75,92.73,3.32,8.08,7.00,NA,NA,0.29,45.90,NA,NA,NA,NA,NA,NA,NA,NA,NA,NA,NA,0.00,NA,NA,NA
2025-03-21 14:00:00,18.84,74.52,3.55,6.83,6.52,NA,NA,0.24,44.76,NA,NA,NA,NA,NA,NA,NA,NA,NA,NA,NA,0.00,NA,NA,NA
2025-03-21 15:00:00,21.90,76.10,3.70,6.34,6.38,NA,NA,0.21,46.49,NA,NA,NA,NA,NA,NA,NA,NA,NA,NA,NA,0.00,NA,NA,NA
2025-03-21 16:00:00,25.35,74.62,3.81,6.32,6.46,NA,NA,0.21,50.52,NA,NA,NA,NA,NA,NA,NA,NA,NA,NA,NA,0.00,NA,NA,NA
2025-03-21 17:00:00,25.93,103.20,3.85,13.30,10.21,NA,NA,0.24,46.69,NA,NA,NA,NA,NA,NA,NA,NA,NA,NA,NA,0.00,NA,NA,NA
2025-03-21 18:00:00,32.96,95.35,3.36,10.49,8.32,NA,NA,0.26,48.90,NA,NA,NA,NA,NA,NA,NA,NA,NA,NA,NA,0.00,NA,NA,NA
2025-03-21 19:00:00,31.44,101.67,3.71,16.97,12.06,NA,NA,0.31,41.05,NA,NA,NA,NA,NA,NA,NA,NA,NA,NA,NA,0.00,NA,NA,NA
2025-03-21 20:00:00,47.91,144.14,4.45,22.91,15.82,NA,NA,0.35,32.99,NA,NA,NA,NA,NA,NA,NA,NA,NA,NA,NA,0.00,NA,NA,NA
2025-03-21 21:00:00,47.12,147.55,4.67,28.69,19.06,NA,NA,0.42,26.83,NA,NA,NA,NA,NA,NA,NA,NA,NA,NA,NA,0.00,NA,NA,NA
2025-03-21 22:00:00,65.45,161.31,4.27,28.19,18.45,NA,NA,0.50,15.69,NA,NA,NA,NA,NA,NA,NA,NA,NA,NA,NA,0.00,NA,NA,NA
2025-03-21 23:00:00,61.47,141.19,3.92,27.85,18.01,NA,NA,0.54,7.68,NA,NA,NA,NA,NA,NA,NA,NA,NA,NA,NA,0.00,NA,NA,NA
2025-03-22 00:00:00,61.07,150.17,3.94,36.78,22.77,NA,NA,0.57,2.27,NA,NA,NA,NA,NA,NA,NA,NA,NA,NA,NA,0.00,NA,NA,NA
2025-03-22 01:00:00,64.76,139.59,4.48,36.62,23.13,NA,NA,0.56,4.36,NA,NA,NA,NA,NA,NA,NA,NA,NA,NA,NA,0.00,NA,NA,NA
2025-03-22 02:00:00,62.92,149.61,5.41,45.36,28.55,NA,NA,0.56,1.77,NA,NA,NA,NA,NA,NA,NA,NA,NA,NA,NA,0.00,NA,NA,NA
2025-03-22 03:00:00,65.10,162.77,7.26,53.56,34.40,NA,NA,0.59,0.72,NA,NA,NA,NA,NA,NA,NA,NA,NA,NA,NA,0.00,NA,NA,NA
2025-03-22 04:00:00,84.43,216.69,4.73,49.46,30.14,NA,NA,0.54,1.13,NA,NA,NA,NA,NA,NA,NA,NA,NA,NA,NA,0.00,NA,NA,NA
2025-03-22 05:00:00,66.79,136.95,3.83,31.76,19.98,NA,NA,0.48,8.43,NA,NA,NA,NA,NA,NA,NA,NA,NA,NA,NA,0.00,NA,NA,NA
2025-03-22 06:00:00,57.44,106.50,4.35,26.95,17.88,NA,NA,0.47,2.81,NA,NA,NA,NA,NA,NA,NA,NA,NA,NA,NA,0.00,NA,NA,NA
2025-03-22 07:00:00,54.95,131.54,9.04,44.21,30.91,NA,NA,0.55,4.13,NA,NA,NA,NA,NA,NA,NA,NA,NA,NA,NA,0.00,NA,NA,NA
2025-03-22 08:00:00,86.91,221.54,8.17,48.05,32.18,NA,NA,0.65,16.18,NA,NA,NA,NA,NA,NA,NA,NA,NA,NA,NA,0.00,NA,NA,NA
2025-03-22 09:00:00,93.47,235.58,5.13,37.19,23.93,NA,NA,0.59,39.00,NA,NA,NA,NA,NA,NA,NA,NA,NA,NA,NA,0.00,NA,NA,NA
2025-03-22 10:00:00,73.46,192.77,3.93,23.74,15.80,NA,NA,0.51,63.74,NA,NA,NA,NA,NA,NA,NA,NA,NA,NA,NA,0.00,NA,NA,NA
2025-03-22 11:00:00,50.64,165.06,3.99,13.91,10.63,NA,NA,0.37,59.48,NA,NA,NA,NA,NA,NA,NA,NA,NA,NA,NA,0.00,NA,NA,NA
2025-03-22 12:00:00,30.68,116.38,4.14,10.18,8.78,NA,NA,0.32,60.05,NA,NA,NA,NA,NA,NA,NA,NA,NA,NA,NA,0.00,NA,NA,NA
2025-03-22 13:00:00,35.44,94.68,4.05,7.62,7.34,NA,NA,0.29,59.81,NA,NA,NA,NA,NA,NA,NA,NA,NA,NA,NA,0.00,NA,NA,NA
2025-03-22 14:00:00,33.95,88.18,3.60,5.33,5.76,NA,NA,0.28,57.12,NA,NA,NA,NA,NA,NA,NA,NA,NA,NA,NA,0.00,NA,NA,NA
2025-03-22 15:00:00,25.51,84.61,3.30,4.60,5.13,NA,NA,0.25,54.68,NA,NA,NA,NA,NA,NA,NA,NA,NA,NA,NA,0.00,NA,NA,NA
2025-03-22 16:00:00,25.91,77.38,3.41,5.21,5.54,NA,NA,0.23,55.69,NA,NA,NA,NA,NA,NA,NA,NA,NA,NA,NA,0.00,NA,NA,NA
2025-03-22 17:00:00,34.69,102.39,3.82,6.85,6.75,NA,NA,0.22,62.99,NA,NA,NA,NA,NA,NA,NA,NA,NA,NA,NA,0.00,NA,NA,NA
2025-03-22 18:00:00,43.45,119.90,3.99,8.92,7.99,NA,NA,0.24,63.64,NA,NA,NA,NA,NA,NA,NA,NA,NA,NA,NA,0.00,NA,NA,NA
2025-03-22 19:00:00,49.94,90.02,4.18,13.89,10.79,NA,NA,0.29,46.95,NA,NA,NA,NA,NA,NA,NA,NA,NA,NA,NA,0.00,NA,NA,NA
2025-03-22 20:00:00,48.44,110.15,3.71,17.89,12.53,NA,NA,0.36,32.82,NA,NA,NA,NA,NA,NA,NA,NA,NA,NA,NA,0.00,NA,NA,NA
2025-03-22 21:00:00,71.50,144.64,3.85,22.31,14.99,NA,NA,0.43,21.30,NA,NA,NA,NA,NA,NA,NA,NA,NA,NA,NA,0.00,NA,NA,NA
2025-03-22 22:00:00,74.09,143.19,4.51,25.12,17.03,NA,NA,0.46,16.20,NA,NA,NA,NA,NA,NA,NA,NA,NA,NA,NA,0.00,NA,NA,NA
2025-03-22 23:00:00,77.50,167.27,4.67,25.66,17.45,NA,NA,0.46,14.31,NA,NA,NA,NA,NA,NA,NA,NA,NA,NA,NA,0.00,NA,NA,NA
2025-03-23 00:00:00,79.70,156.28,4.40,34.22,21.78,NA,NA,0.46,6.53,NA,NA,NA,NA,NA,NA,NA,NA,NA,NA,NA,0.00,NA,NA,NA
2025-03-23 01:00:00,72.97,174.54,3.92,39.05,23.96,NA,NA,0.46,3.80,NA,NA,NA,NA,NA,NA,NA,NA,NA,NA,NA,0.00,NA,NA,NA
2025-03-23 02:00:00,69.99,147.07,3.75,29.61,18.79,NA,NA,0.50,8.31,NA,NA,NA,NA,NA,NA,NA,NA,NA,NA,NA,0.00,NA,NA,NA
2025-03-23 03:00:00,94.63,165.05,5.00,38.57,24.58,NA,NA,0.51,5.05,NA,NA,NA,NA,NA,NA,NA,NA,NA,NA,NA,0.00,NA,NA,NA
2025-03-23 04:00:00,80.14,151.73,4.73,28.48,19.00,NA,NA,0.49,9.00,NA,NA,NA,NA,NA,NA,NA,NA,NA,NA,NA,0.00,NA,NA,NA
2025-03-23 05:00:00,62.93,119.89,4.52,19.71,14.16,NA,NA,0.43,9.96,NA,NA,NA,NA,NA,NA,NA,NA,NA,NA,NA,0.00,NA,NA,NA
2025-03-23 06:00:00,52.63,78.56,3.91,26.61,17.34,NA,NA,0.39,3.17,NA,NA,NA,NA,NA,NA,NA,NA,NA,NA,NA,0.00,NA,NA,NA
2025-03-23 07:00:00,44.38,47.91,4.15,17.11,12.47,NA,NA,0.38,2.86,NA,NA,NA,NA,NA,NA,NA,NA,NA,NA,NA,0.00,NA,NA,NA
2025-03-23 08:00:00,32.33,80.80,4.65,18.84,13.80,NA,NA,0.38,17.29,NA,NA,NA,NA,NA,NA,NA,NA,NA,NA,NA,0.00,NA,NA,NA
2025-03-23 09:00:00,38.98,124.85,4.34,10.21,8.96,NA,NA,0.32,33.53,NA,NA,NA,NA,NA,NA,NA,NA,NA,NA,NA,0.00,NA,NA,NA
2025-03-23 10:00:00,35.06,119.55,4.21,8.64,8.02,NA,NA,0.33,36.62,NA,NA,NA,NA,NA,NA,NA,NA,NA,NA,NA,0.00,NA,NA,NA
2025-03-23 11:00:00,42.46,96.61,3.60,6.94,6.62,NA,NA,0.32,39.12,NA,NA,NA,NA,NA,NA,NA,NA,NA,NA,NA,0.00,NA,NA,NA
2025-03-23 12:00:00,24.61,77.91,3.23,6.58,6.13,NA,NA,0.31,44.12,NA,NA,NA,NA,NA,NA,NA,NA,NA,NA,NA,0.00,NA,NA,NA
2025-03-23 13:00:00,28.01,74.11,3.33,6.20,6.01,NA,NA,0.27,47.17,NA,NA,NA,NA,NA,NA,NA,NA,NA,NA,NA,0.00,NA,NA,NA
2025-03-23 14:00:00,33.28,79.57,3.71,5.87,6.14,NA,NA,0.25,52.84,NA,NA,NA,NA,NA,NA,NA,NA,NA,NA,NA,0.00,NA,NA,NA
2025-03-23 15:00:00,26.16,92.73,3.68,6.76,6.58,NA,NA,0.24,59.05,NA,NA,NA,NA,NA,NA,NA,NA,NA,NA,NA,0.00,NA,NA,NA
2025-03-23 16:00:00,23.54,110.65,3.56,7.11,6.68,NA,NA,0.26,64.97,NA,NA,NA,NA,NA,NA,NA,NA,NA,NA,NA,0.00,NA,NA,NA
2025-03-23 17:00:00,44.02,102.27,3.27,8.05,6.94,NA,NA,0.26,69.84,NA,NA,NA,NA,NA,NA,NA,NA,NA,NA,NA,0.00,NA,NA,NA
2025-03-23 18:00:00,38.97,106.73,3.45,12.14,9.26,NA,NA,0.27,55.47,NA,NA,NA,NA,NA,NA,NA,NA,NA,NA,NA,0.00,NA,NA,NA
2025-03-23 19:00:00,50.47,136.52,4.20,14.09,10.91,NA,NA,0.31,36.77,NA,NA,NA,NA,NA,NA,NA,NA,NA,NA,NA,0.00,NA,NA,NA
2025-03-23 20:00:00,85.31,182.62,4.27,26.27,17.44,NA,NA,0.50,21.82,NA,NA,NA,NA,NA,NA,NA,NA,NA,NA,NA,0.00,NA,NA,NA
2025-03-23 21:00:00,113.22,227.33,4.02,37.93,23.44,NA,NA,0.71,6.28,NA,NA,NA,NA,NA,NA,NA,NA,NA,NA,NA,0.00,NA,NA,NA
2025-03-23 22:00:00,102.03,230.97,3.75,44.94,26.95,NA,NA,0.84,0.45,NA,NA,NA,NA,NA,NA,NA,NA,NA,NA,NA,0.00,NA,NA,NA
2025-03-23 23:00:00,97.28,193.19,3.69,40.46,24.52,NA,NA,0.94,0.95,NA,NA,NA,NA,NA,NA,NA,NA,NA,NA,NA,0.00,NA,NA,NA
2025-03-24 00:00:00,104.86,214.29,4.78,38.98,24.62,NA,NA,0.95,1.54,NA,NA,NA,NA,NA,NA,NA,NA,NA,NA,NA,0.00,NA,NA,NA
2025-03-24 01:00:00,112.17,213.85,5.40,37.03,24.09,NA,NA,0.89,1.15,NA,NA,NA,NA,NA,NA,NA,NA,NA,NA,NA,0.00,NA,NA,NA
2025-03-24 02:00:00,93.68,192.46,5.33,30.94,20.79,NA,NA,0.83,0.74,NA,NA,NA,NA,NA,NA,NA,NA,NA,NA,NA,0.00,NA,NA,NA
2025-03-24 03:00:00,83.62,157.29,4.62,32.16,20.87,NA,NA,0.79,1.47,NA,NA,NA,NA,NA,NA,NA,NA,NA,NA,NA,0.00,NA,NA,NA
2025-03-24 04:00:00,99.61,144.80,4.32,25.76,17.22,NA,NA,0.73,2.05,NA,NA,NA,NA,NA,NA,NA,NA,NA,NA,NA,0.00,NA,NA,NA
2025-03-24 05:00:00,102.11,139.64,4.71,24.47,16.85,NA,NA,0.67,1.06,NA,NA,NA,NA,NA,NA,NA,NA,NA,NA,NA,0.00,NA,NA,NA
2025-03-24 06:00:00,102.95,146.39,5.57,25.70,18.20,NA,NA,0.63,1.61,NA,NA,NA,NA,NA,NA,NA,NA,NA,NA,NA,0.00,NA,NA,NA
2025-03-24 07:00:00,93.64,168.23,8.20,27.43,21.25,NA,NA,0.66,1.05,NA,NA,NA,NA,NA,NA,NA,NA,NA,NA,NA,0.00,NA,NA,NA
2025-03-24 08:00:00,117.93,208.07,5.64,24.28,17.51,NA,NA,0.79,28.01,NA,NA,NA,NA,NA,NA,NA,NA,NA,NA,NA,0.00,NA,NA,NA
2025-03-24 09:00:00,82.60,153.26,4.12,10.96,9.18,NA,NA,0.56,64.73,NA,NA,NA,NA,NA,NA,NA,NA,NA,NA,NA,0.00,NA,NA,NA
2025-03-24 10:00:00,37.55,118.20,3.93,9.14,8.06,NA,NA,0.47,74.32,NA,NA,NA,NA,NA,NA,NA,NA,NA,NA,NA,0.00,NA,NA,NA
2025-03-24 11:00:00,35.49,118.75,3.66,7.54,6.99,NA,NA,0.44,79.88,NA,NA,NA,NA,NA,NA,NA,NA,NA,NA,NA,0.00,NA,NA,NA
2025-03-24 12:00:00,22.71,88.10,3.47,6.28,6.16,NA,NA,0.38,77.89,NA,NA,NA,NA,NA,NA,NA,NA,NA,NA,NA,0.00,NA,NA,NA
2025-03-24 13:00:00,31.34,77.72,3.44,6.24,6.12,NA,NA,0.31,84.57,NA,NA,NA,NA,NA,NA,NA,NA,NA,NA,NA,0.00,NA,NA,NA
2025-03-24 14:00:00,31.70,97.95,3.60,5.18,5.68,NA,NA,0.23,81.68,NA,NA,NA,NA,NA,NA,NA,NA,NA,NA,NA,0.00,NA,NA,NA
2025-03-24 15:00:00,34.56,102.76,3.79,5.66,6.10,NA,NA,0.18,95.22,NA,NA,NA,NA,NA,NA,NA,NA,NA,NA,NA,0.00,NA,NA,NA
2025-03-24 16:00:00,NA,NA,NA,NA,NA,NA,NA,NA,NA,NA,NA,NA,NA,NA,NA,NA,NA,NA,NA,NA,0.00,NA,NA,NA
2025-03-24 17:00:00,28.24,63.11,153.02,11.49,131.40,NA,NA,0.27,88.52,NA,NA,NA,NA,NA,NA,NA,NA,NA,NA,NA,0.00,NA,NA,NA
2025-03-24 18:00:00,NA,NA,3.61,7.84,7.11,NA,NA,0.18,87.44,NA,NA,NA,NA,NA,NA,NA,NA,NA,NA,NA,0.00,NA,NA,NA
2025-03-24 19:00:00,NA,9.21,1.51,16.44,9.97,NA,NA,0.27,78.62,NA,NA,NA,NA,NA,NA,NA,NA,NA,NA,NA,0.00,NA,NA,NA
2025-03-24 20:00:00,0.45,92.32,2.87,34.88,20.89,NA,NA,0.52,58.30,NA,NA,NA,NA,NA,NA,NA,NA,NA,NA,NA,0.00,NA,NA,NA
2025-03-24 21:00:00,12.88,144.28,3.70,46.75,27.88,NA,NA,0.69,48.52,NA,NA,NA,NA,NA,NA,NA,NA,NA,NA,NA,0.00,NA,NA,NA
2025-03-24 22:00:00,65.66,205.95,4.88,56.02,33.76,NA,NA,0.90,36.80,NA,NA,NA,NA,NA,NA,NA,NA,NA,NA,NA,0.00,NA,NA,NA
2025-03-24 23:00:00,160.83,305.13,5.36,58.78,35.62,NA,NA,1.15,24.07,NA,NA,NA,NA,NA,NA,NA,NA,NA,NA,NA,0.00,NA,NA,NA
2025-03-25 00:00:00,139.65,270.78,3.60,46.38,27.59,NA,NA,1.13,27.65,NA,NA,NA,NA,NA,NA,NA,NA,NA,NA,NA,0.00,NA,NA,NA
2025-03-25 01:00:00,120.59,250.32,3.31,37.06,22.40,NA,NA,1.05,34.72,NA,NA,NA,NA,NA,NA,NA,NA,NA,NA,NA,0.00,NA,NA,NA
2025-03-25 02:00:00,95.27,202.97,3.72,36.41,22.39,NA,NA,0.93,31.03,NA,NA,NA,NA,NA,NA,NA,NA,NA,NA,NA,0.00,NA,NA,NA
2025-03-25 03:00:00,80.90,206.43,4.56,33.26,21.40,NA,NA,0.86,30.81,NA,NA,NA,NA,NA,NA,NA,NA,NA,NA,NA,0.00,NA,NA,NA
2025-03-25 04:00:00,136.93,238.25,4.70,31.54,20.60,NA,NA,0.86,21.74,NA,NA,NA,NA,NA,NA,NA,NA,NA,NA,NA,0.00,NA,NA,NA
2025-03-25 05:00:00,149.71,253.98,3.67,27.62,17.67,NA,NA,0.90,15.09,NA,NA,NA,NA,NA,NA,NA,NA,NA,NA,NA,0.00,NA,NA,NA
2025-03-25 06:00:00,109.30,180.36,3.25,19.77,13.15,NA,NA,0.79,29.85,NA,NA,NA,NA,NA,NA,NA,NA,NA,NA,NA,0.00,NA,NA,NA
2025-03-25 07:00:00,103.88,180.50,4.06,24.32,16.24,NA,NA,0.83,29.78,NA,NA,NA,NA,NA,NA,NA,NA,NA,NA,NA,0.00,NA,NA,NA
2025-03-25 08:00:00,138.66,260.08,4.81,20.82,14.98,NA,NA,0.75,48.74,NA,NA,NA,NA,NA,NA,NA,NA,NA,NA,NA,0.00,NA,NA,NA
2025-03-25 09:00:00,104.49,192.12,5.36,15.87,12.79,NA,NA,0.56,61.05,NA,NA,NA,NA,NA,NA,NA,NA,NA,NA,NA,0.00,NA,NA,NA
2025-03-25 10:00:00,56.60,184.91,4.38,11.98,9.94,NA,NA,0.56,54.66,NA,NA,NA,NA,NA,NA,NA,NA,NA,NA,NA,0.00,NA,NA,NA
2025-03-25 11:00:00,71.34,137.80,3.06,9.63,7.61,NA,NA,0.48,60.81,NA,NA,NA,NA,NA,NA,NA,NA,NA,NA,NA,0.00,NA,NA,NA
2025-03-25 12:00:00,39.01,99.31,2.97,10.48,7.99,NA,NA,0.43,81.26,NA,NA,NA,NA,NA,NA,NA,NA,NA,NA,NA,0.00,NA,NA,NA
2025-03-25 13:00:00,69.38,160.72,4.84,14.95,11.88,NA,NA,0.35,93.08,NA,NA,NA,NA,NA,NA,NA,NA,NA,NA,NA,0.00,NA,NA,NA
2025-03-25 14:00:00,73.95,194.16,7.71,16.54,15.06,NA,NA,0.20,84.88,NA,NA,NA,NA,NA,NA,NA,NA,NA,NA,NA,0.00,NA,NA,NA
2025-03-25 15:00:00,44.91,146.69,8.15,11.36,12.67,NA,NA,0.17,57.36,NA,NA,NA,NA,NA,NA,NA,NA,NA,NA,NA,0.00,NA,NA,NA
2025-03-25 16:00:00,19.06,119.29,5.53,9.66,9.63,NA,NA,0.20,48.76,NA,NA,NA,NA,NA,NA,NA,NA,NA,NA,NA,0.00,NA,NA,NA
2025-03-25 17:00:00,26.52,86.64,3.97,10.19,8.65,NA,NA,0.22,61.54,NA,NA,NA,NA,NA,NA,NA,NA,NA,NA,NA,0.00,NA,NA,NA
2025-03-25 18:00:00,28.34,89.39,3.94,14.10,10.70,NA,NA,0.23,51.41,NA,NA,NA,NA,NA,NA,NA,NA,NA,NA,NA,0.00,NA,NA,NA
2025-03-25 19:00:00,60.13,134.29,5.23,27.13,18.68,NA,NA,0.36,22.98,NA,NA,NA,NA,NA,NA,NA,NA,NA,NA,NA,0.00,NA,NA,NA
2025-03-25 20:00:00,99.11,233.96,6.10,40.04,26.26,NA,NA,0.56,12.07,NA,NA,NA,NA,NA,NA,NA,NA,NA,NA,NA,0.00,NA,NA,NA
2025-03-25 21:00:00,105.16,224.02,4.50,43.39,26.74,NA,NA,0.80,2.04,NA,NA,NA,NA,NA,NA,NA,NA,NA,NA,NA,0.00,NA,NA,NA
2025-03-25 22:00:00,113.16,204.89,3.57,58.72,34.14,NA,NA,1.13,NA,NA,NA,NA,NA,NA,NA,NA,NA,NA,NA,NA,0.00,NA,NA,NA
2025-03-25 23:00:00,132.23,245.86,3.65,61.50,35.68,NA,NA,1.38,NA,NA,NA,NA,NA,NA,NA,NA,NA,NA,NA,NA,0.00,NA,NA,NA
2025-03-26 00:00:00,142.11,296.59,4.66,53.36,32.17,NA,NA,1.35,NA,NA,NA,NA,NA,NA,NA,NA,NA,NA,NA,NA,0.00,NA,NA,NA
2025-03-26 01:00:00,159.20,272.80,5.42,41.71,26.59,NA,NA,1.06,3.96,NA,NA,NA,NA,NA,NA,NA,NA,NA,NA,NA,0.00,NA,NA,NA
2025-03-26 02:00:00,133.74,234.66,5.14,36.63,23.66,NA,NA,0.95,2.98,NA,NA,NA,NA,NA,NA,NA,NA,NA,NA,NA,0.00,NA,NA,NA
2025-03-26 03:00:00,132.50,213.48,4.59,44.44,27.37,NA,NA,1.01,NA,NA,NA,NA,NA,NA,NA,NA,NA,NA,NA,NA,0.00,NA,NA,NA
2025-03-26 04:00:00,128.25,203.10,6.38,45.36,29.31,NA,NA,1.00,NA,NA,NA,NA,NA,NA,NA,NA,NA,NA,NA,NA,0.00,NA,NA,NA
2025-03-26 05:00:00,119.06,221.33,4.51,44.18,27.17,NA,NA,1.02,NA,NA,NA,NA,NA,NA,NA,NA,NA,NA,NA,NA,0.00,NA,NA,NA
2025-03-26 06:00:00,117.54,255.35,9.23,52.28,35.30,NA,NA,1.02,NA,NA,NA,NA,NA,NA,NA,NA,NA,NA,NA,NA,0.00,NA,NA,NA
2025-03-26 07:00:00,134.11,336.94,22.62,63.16,51.98,NA,NA,1.11,NA,NA,NA,NA,NA,NA,NA,NA,NA,NA,NA,NA,0.00,NA,NA,NA
2025-03-26 08:00:00,144.12,382.82,6.74,37.43,25.40,NA,NA,0.91,14.76,NA,NA,NA,NA,NA,NA,NA,NA,NA,NA,NA,0.00,NA,NA,NA
2025-03-26 09:00:00,116.70,327.21,5.65,17.38,13.84,NA,NA,0.59,38.55,NA,NA,NA,NA,NA,NA,NA,NA,NA,NA,NA,0.00,NA,NA,NA
2025-03-26 10:00:00,46.83,193.84,4.01,8.54,7.81,NA,NA,0.35,25.86,NA,NA,NA,NA,NA,NA,NA,NA,NA,NA,NA,0.00,NA,NA,NA
2025-03-26 11:00:00,35.48,121.16,3.70,6.26,6.33,NA,NA,0.24,108.51,NA,NA,NA,NA,NA,NA,NA,NA,NA,NA,NA,0.00,NA,NA,NA
2025-03-26 12:00:00,30.96,150.34,4.54,7.51,7.68,NA,NA,0.17,83.72,NA,NA,NA,NA,NA,NA,NA,NA,NA,NA,NA,0.00,NA,NA,NA
2025-03-26 13:00:00,50.42,199.58,8.78,11.75,13.37,NA,NA,0.12,103.82,NA,NA,NA,NA,NA,NA,NA,NA,NA,NA,NA,0.00,NA,NA,NA
2025-03-26 14:00:00,57.36,217.31,14.57,11.52,17.98,NA,NA,0.02,89.51,NA,NA,NA,NA,NA,NA,NA,NA,NA,NA,NA,0.00,NA,NA,NA
2025-03-26 15:00:00,45.85,177.15,4.54,10.34,9.19,NA,NA,0.06,83.85,NA,NA,NA,NA,NA,NA,NA,NA,NA,NA,NA,0.00,NA,NA,NA
2025-03-26 16:00:00,17.24,117.57,2.27,9.74,7.02,NA,NA,0.11,91.91,NA,NA,NA,NA,NA,NA,NA,NA,NA,NA,NA,0.00,NA,NA,NA
2025-03-26 17:00:00,26.13,93.64,2.37,10.01,7.25,NA,NA,0.17,99.29,NA,NA,NA,NA,NA,NA,NA,NA,NA,NA,NA,0.00,NA,NA,NA
2025-03-26 18:00:00,34.32,92.53,1.69,12.40,7.96,NA,NA,0.21,77.68,NA,NA,NA,NA,NA,NA,NA,NA,NA,NA,NA,0.00,NA,NA,NA
2025-03-26 19:00:00,35.90,104.35,2.63,15.70,10.49,NA,NA,0.20,61.02,NA,NA,NA,NA,NA,NA,NA,NA,NA,NA,NA,0.00,NA,NA,NA
2025-03-26 20:00:00,73.22,162.72,4.68,21.32,15.14,NA,NA,0.27,51.82,NA,NA,NA,NA,NA,NA,NA,NA,NA,NA,NA,0.00,NA,NA,NA
2025-03-26 21:00:00,109.87,230.42,5.44,44.12,27.89,NA,NA,0.79,29.55,NA,NA,NA,NA,NA,NA,NA,NA,NA,NA,NA,0.00,NA,NA,NA
2025-03-26 22:00:00,162.78,310.98,3.08,47.13,27.57,NA,NA,1.24,17.47,NA,NA,NA,NA,NA,NA,NA,NA,NA,NA,NA,0.00,NA,NA,NA
2025-03-26 23:00:00,153.12,304.87,8.93,55.58,36.81,NA,NA,1.15,13.38,NA,NA,NA,NA,NA,NA,NA,NA,NA,NA,NA,0.00,NA,NA,NA
2025-03-27 00:00:00,131.50,317.64,8.04,57.64,37.21,NA,NA,0.89,10.95,NA,NA,NA,NA,NA,NA,NA,NA,NA,NA,NA,0.00,NA,NA,NA
2025-03-27 01:00:00,141.12,348.14,8.82,61.62,39.94,NA,NA,0.94,13.19,NA,NA,NA,NA,NA,NA,NA,NA,NA,NA,NA,0.00,NA,NA,NA
2025-03-27 02:00:00,191.37,440.99,10.16,59.93,40.15,NA,NA,1.04,15.49,NA,NA,NA,NA,NA,NA,NA,NA,NA,NA,NA,0.00,NA,NA,NA
2025-03-27 03:00:00,183.46,415.59,6.26,52.16,32.84,NA,NA,1.06,9.77,NA,NA,NA,NA,NA,NA,NA,NA,NA,NA,NA,0.00,NA,NA,NA
2025-03-27 04:00:00,142.70,339.29,11.32,60.53,41.40,NA,NA,1.10,8.48,NA,NA,NA,NA,NA,NA,NA,NA,NA,NA,NA,0.00,NA,NA,NA
2025-03-27 05:00:00,137.22,343.40,30.64,68.90,61.57,NA,NA,1.19,9.50,NA,NA,NA,NA,NA,NA,NA,NA,NA,NA,NA,0.00,NA,NA,NA
2025-03-27 06:00:00,143.44,368.06,28.24,71.74,61.10,NA,NA,1.20,13.40,NA,NA,NA,NA,NA,NA,NA,NA,NA,NA,NA,0.00,NA,NA,NA
2025-03-27 07:00:00,130.76,344.29,20.30,66.37,51.81,NA,NA,1.24,10.85,NA,NA,NA,NA,NA,NA,NA,NA,NA,NA,NA,0.00,NA,NA,NA
2025-03-27 08:00:00,156.79,380.04,12.44,71.31,48.03,NA,NA,1.03,25.83,NA,NA,NA,NA,NA,NA,NA,NA,NA,NA,NA,0.00,NA,NA,NA
2025-03-27 09:00:00,128.22,366.63,6.91,38.16,25.91,NA,NA,0.53,51.10,NA,NA,NA,NA,NA,NA,NA,NA,NA,NA,NA,0.00,NA,NA,NA
2025-03-27 10:00:00,69.06,349.51,5.66,17.52,13.92,NA,NA,0.21,55.36,NA,NA,NA,NA,NA,NA,NA,NA,NA,NA,NA,0.00,NA,NA,NA
2025-03-27 11:00:00,53.38,289.67,5.64,17.12,13.69,NA,NA,0.13,53.67,NA,NA,NA,NA,NA,NA,NA,NA,NA,NA,NA,0.00,NA,NA,NA
2025-03-27 12:00:00,32.65,285.23,5.02,13.22,11.11,NA,NA,0.13,55.60,NA,NA,NA,NA,NA,NA,NA,NA,NA,NA,NA,0.00,NA,NA,NA
2025-03-27 13:00:00,39.49,243.75,3.67,8.95,7.74,NA,NA,0.14,66.65,NA,NA,NA,NA,NA,NA,NA,NA,NA,NA,NA,0.00,NA,NA,NA
2025-03-27 14:00:00,44.78,202.96,3.33,6.46,6.14,NA,NA,0.14,68.01,NA,NA,NA,NA,NA,NA,NA,NA,NA,NA,NA,0.00,NA,NA,NA
2025-03-27 15:00:00,38.96,171.71,9.68,12.57,14.55,NA,NA,0.08,66.50,NA,NA,NA,NA,NA,NA,NA,NA,NA,NA,NA,0.00,NA,NA,NA
2025-03-27 16:00:00,32.01,159.87,7.25,12.71,12.66,NA,NA,0.06,76.01,NA,NA,NA,NA,NA,NA,NA,NA,NA,NA,NA,0.00,NA,NA,NA
2025-03-27 17:00:00,NA,94.36,50.79,51.53,68.59,NA,NA,0.06,66.99,NA,NA,NA,NA,NA,NA,NA,NA,NA,NA,NA,0.00,NA,NA,NA
2025-03-27 18:00:00,33.02,154.85,7.23,9.92,11.15,NA,NA,0.07,78.14,NA,NA,NA,NA,NA,NA,NA,NA,NA,NA,NA,0.00,NA,NA,NA
2025-03-27 19:00:00,38.26,136.40,4.84,13.41,11.07,NA,NA,0.19,62.72,NA,NA,NA,NA,NA,NA,NA,NA,NA,NA,NA,0.00,NA,NA,NA
2025-03-27 20:00:00,29.94,131.69,3.07,19.42,12.83,NA,NA,0.29,41.51,NA,NA,NA,NA,NA,NA,NA,NA,NA,NA,NA,0.00,NA,NA,NA
2025-03-27 21:00:00,58.87,174.73,4.99,33.39,21.80,NA,NA,0.41,23.69,NA,NA,NA,NA,NA,NA,NA,NA,NA,NA,NA,0.00,NA,NA,NA
2025-03-27 22:00:00,73.41,254.55,19.11,51.75,43.08,NA,NA,0.54,13.09,NA,NA,NA,NA,NA,NA,NA,NA,NA,NA,NA,0.00,NA,NA,NA
2025-03-27 23:00:00,92.23,274.58,20.82,50.20,43.61,NA,NA,0.52,14.79,NA,NA,NA,NA,NA,NA,NA,NA,NA,NA,NA,0.00,NA,NA,NA
2025-03-28 00:00:00,81.74,323.12,16.16,50.39,39.95,NA,NA,0.57,10.51,NA,NA,NA,NA,NA,NA,NA,NA,NA,NA,NA,0.00,NA,NA,NA
2025-03-28 01:00:00,59.60,275.97,4.31,39.87,24.72,NA,NA,0.44,18.89,NA,NA,NA,NA,NA,NA,NA,NA,NA,NA,NA,0.00,NA,NA,NA
2025-03-28 02:00:00,42.78,229.41,2.90,21.72,13.91,NA,NA,0.33,35.20,NA,NA,NA,NA,NA,NA,NA,NA,NA,NA,NA,0.00,NA,NA,NA
2025-03-28 03:00:00,33.59,238.15,3.57,11.43,8.98,NA,NA,0.20,56.89,NA,NA,NA,NA,NA,NA,NA,NA,NA,NA,NA,0.00,NA,NA,NA
2025-03-28 04:00:00,53.72,330.64,5.01,13.66,11.34,NA,NA,0.22,59.61,NA,NA,NA,NA,NA,NA,NA,NA,NA,NA,NA,0.00,NA,NA,NA
2025-03-28 05:00:00,62.72,261.04,5.14,11.98,10.56,NA,NA,0.24,61.80,NA,NA,NA,NA,NA,NA,NA,NA,NA,NA,NA,0.00,NA,NA,NA
2025-03-28 06:00:00,40.94,214.02,3.24,14.42,10.31,NA,NA,0.29,49.53,NA,NA,NA,NA,NA,NA,NA,NA,NA,NA,NA,0.00,NA,NA,NA
2025-03-28 07:00:00,39.09,214.65,3.48,18.81,12.83,NA,NA,0.33,40.12,NA,NA,NA,NA,NA,NA,NA,NA,NA,NA,NA,0.00,NA,NA,NA
2025-03-28 08:00:00,60.15,266.71,4.39,16.83,12.52,NA,NA,0.28,49.22,NA,NA,NA,NA,NA,NA,NA,NA,NA,NA,NA,0.00,NA,NA,NA
2025-03-28 09:00:00,60.05,297.83,5.64,15.39,12.77,NA,NA,0.23,60.74,NA,NA,NA,NA,NA,NA,NA,NA,NA,NA,NA,0.00,NA,NA,NA
2025-03-28 10:00:00,65.09,302.83,6.60,13.21,12.39,NA,NA,0.21,71.99,NA,NA,NA,NA,NA,NA,NA,NA,NA,NA,NA,0.00,NA,NA,NA
2025-03-28 11:00:00,39.42,227.91,4.04,8.58,7.85,NA,NA,0.20,59.64,NA,NA,NA,NA,NA,NA,NA,NA,NA,NA,NA,0.00,NA,NA,NA
2025-03-28 12:00:00,15.82,120.68,2.52,5.34,4.88,NA,NA,0.18,64.35,NA,NA,NA,NA,NA,NA,NA,NA,NA,NA,NA,0.00,NA,NA,NA
2025-03-28 13:00:00,19.91,132.75,2.51,5.19,4.80,NA,NA,0.19,73.53,NA,NA,NA,NA,NA,NA,NA,NA,NA,NA,NA,0.00,NA,NA,NA
2025-03-28 14:00:00,30.09,147.10,2.23,5.10,4.52,NA,NA,0.19,74.67,NA,NA,NA,NA,NA,NA,NA,NA,NA,NA,NA,0.00,NA,NA,NA
2025-03-28 15:00:00,24.32,141.13,2.08,3.65,3.63,NA,NA,0.18,82.83,NA,NA,NA,NA,NA,NA,NA,NA,NA,NA,NA,0.00,NA,NA,NA
2025-03-28 16:00:00,36.59,143.28,2.57,4.01,4.22,NA,NA,0.12,84.89,NA,NA,NA,NA,NA,NA,NA,NA,NA,NA,NA,0.00,NA,NA,NA
2025-03-28 17:00:00,41.92,158.17,3.34,4.47,5.09,NA,NA,0.16,97.07,NA,NA,NA,NA,NA,NA,NA,NA,NA,NA,NA,0.00,NA,NA,NA
2025-03-28 18:00:00,54.82,175.69,2.53,7.46,6.02,NA,NA,0.22,103.26,NA,NA,NA,NA,NA,NA,NA,NA,NA,NA,NA,0.00,NA,NA,NA
2025-03-28 19:00:00,36.58,175.97,2.33,10.69,7.58,NA,NA,0.22,87.63,NA,NA,NA,NA,NA,NA,NA,NA,NA,NA,NA,0.00,NA,NA,NA
2025-03-28 20:00:00,32.23,190.62,2.95,11.50,8.52,NA,NA,0.21,84.77,NA,NA,NA,NA,NA,NA,NA,NA,NA,NA,NA,0.00,NA,NA,NA
2025-03-28 21:00:00,34.42,177.31,2.68,10.96,8.01,NA,NA,0.21,77.00,NA,NA,NA,NA,NA,NA,NA,NA,NA,NA,NA,0.00,NA,NA,NA
2025-03-28 22:00:00,33.95,160.83,2.48,11.86,8.33,NA,NA,0.21,71.87,NA,NA,NA,NA,NA,NA,NA,NA,NA,NA,NA,0.00,NA,NA,NA
2025-03-28 23:00:00,39.39,144.15,2.40,9.63,7.08,NA,NA,0.20,78.05,NA,NA,NA,NA,NA,NA,NA,NA,NA,NA,NA,0.00,NA,NA,NA
2025-03-29 00:00:00,29.80,111.58,2.86,9.54,7.40,NA,NA,0.18,79.82,NA,NA,NA,NA,NA,NA,NA,NA,NA,NA,NA,0.00,NA,NA,NA
2025-03-29 01:00:00,33.23,102.45,3.35,8.24,7.11,NA,NA,0.12,82.82,NA,NA,NA,NA,NA,NA,NA,NA,NA,NA,NA,0.00,NA,NA,NA
2025-03-29 02:00:00,46.72,109.58,4.39,9.64,8.70,NA,NA,0.10,80.55,NA,NA,NA,NA,NA,NA,NA,NA,NA,NA,NA,0.00,NA,NA,NA
2025-03-29 03:00:00,39.48,107.12,4.67,16.57,12.60,NA,NA,0.14,73.38,NA,NA,NA,NA,NA,NA,NA,NA,NA,NA,NA,0.00,NA,NA,NA
2025-03-29 04:00:00,35.73,80.17,2.84,9.27,7.24,NA,NA,0.20,70.38,NA,NA,NA,NA,NA,NA,NA,NA,NA,NA,NA,0.00,NA,NA,NA
2025-03-29 05:00:00,43.18,78.07,2.44,9.26,6.90,NA,NA,0.24,66.60,NA,NA,NA,NA,NA,NA,NA,NA,NA,NA,NA,0.00,NA,NA,NA
2025-03-29 06:00:00,49.23,86.93,2.82,10.51,7.88,NA,NA,0.21,63.18,NA,NA,NA,NA,NA,NA,NA,NA,NA,NA,NA,0.00,NA,NA,NA
2025-03-29 07:00:00,44.62,96.12,4.02,13.57,10.49,NA,NA,0.20,59.47,NA,NA,NA,NA,NA,NA,NA,NA,NA,NA,NA,0.00,NA,NA,NA
2025-03-29 08:00:00,44.18,111.83,4.99,12.15,10.52,NA,NA,0.20,64.95,NA,NA,NA,NA,NA,NA,NA,NA,NA,NA,NA,0.00,NA,NA,NA
2025-03-29 09:00:00,32.93,120.00,4.07,12.51,9.97,NA,NA,0.27,67.51,NA,NA,NA,NA,NA,NA,NA,NA,NA,NA,NA,0.00,NA,NA,NA
2025-03-29 10:00:00,27.55,108.50,2.72,8.74,6.86,NA,NA,0.24,74.22,NA,NA,NA,NA,NA,NA,NA,NA,NA,NA,NA,0.00,NA,NA,NA
2025-03-29 11:00:00,19.94,143.71,2.54,5.87,5.19,NA,NA,0.17,77.61,NA,NA,NA,NA,NA,NA,NA,NA,NA,NA,NA,0.00,NA,NA,NA
2025-03-29 12:00:00,35.56,146.75,3.46,7.40,6.75,NA,NA,0.14,85.32,NA,NA,NA,NA,NA,NA,NA,NA,NA,NA,NA,0.00,NA,NA,NA
2025-03-29 13:00:00,35.42,148.23,4.30,6.46,6.93,NA,NA,0.12,80.20,NA,NA,NA,NA,NA,NA,NA,NA,NA,NA,NA,0.00,NA,NA,NA
2025-03-29 14:00:00,36.38,130.39,3.86,6.08,6.38,NA,NA,0.17,80.72,NA,NA,NA,NA,NA,NA,NA,NA,NA,NA,NA,0.00,NA,NA,NA
2025-03-29 15:00:00,25.64,85.06,2.78,7.04,6.01,NA,NA,0.20,83.50,NA,NA,NA,NA,NA,NA,NA,NA,NA,NA,NA,0.00,NA,NA,NA
2025-03-29 16:00:00,11.83,82.91,2.52,10.58,7.67,NA,NA,0.20,84.93,NA,NA,NA,NA,NA,NA,NA,NA,NA,NA,NA,0.00,NA,NA,NA
2025-03-29 17:00:00,16.40,76.02,2.04,6.96,5.36,NA,NA,0.20,95.75,NA,NA,NA,NA,NA,NA,NA,NA,NA,NA,NA,0.00,NA,NA,NA
2025-03-29 18:00:00,21.32,80.10,2.41,8.16,6.30,NA,NA,0.19,91.80,NA,NA,NA,NA,NA,NA,NA,NA,NA,NA,NA,0.00,NA,NA,NA
2025-03-29 19:00:00,23.43,85.71,3.50,9.96,8.14,NA,NA,0.18,92.18,NA,NA,NA,NA,NA,NA,NA,NA,NA,NA,NA,0.00,NA,NA,NA
2025-03-29 20:00:00,11.93,107.45,2.83,11.20,8.26,NA,NA,0.24,84.57,NA,NA,NA,NA,NA,NA,NA,NA,NA,NA,NA,0.00,NA,NA,NA
2025-03-29 21:00:00,29.28,81.09,2.45,10.66,7.67,NA,NA,0.25,86.82,NA,NA,NA,NA,NA,NA,NA,NA,NA,NA,NA,0.00,NA,NA,NA
2025-03-29 22:00:00,32.02,85.05,2.72,12.12,8.66,NA,NA,0.24,83.52,NA,NA,NA,NA,NA,NA,NA,NA,NA,NA,NA,0.00,NA,NA,NA
2025-03-29 23:00:00,42.12,110.29,3.80,15.82,11.51,NA,NA,0.23,82.12,NA,NA,NA,NA,NA,NA,NA,NA,NA,NA,NA,0.00,NA,NA,NA
2025-03-30 00:00:00,24.38,115.78,3.51,12.07,9.27,NA,NA,0.24,81.39,NA,NA,NA,NA,NA,NA,NA,NA,NA,NA,NA,0.00,NA,NA,NA
2025-03-30 01:00:00,70.75,113.39,3.89,14.67,10.98,NA,NA,0.22,76.79,NA,NA,NA,NA,NA,NA,NA,NA,NA,NA,NA,0.00,NA,NA,NA
2025-03-30 02:00:00,66.93,136.01,3.93,14.56,10.94,NA,NA,0.28,78.48,NA,NA,NA,NA,NA,NA,NA,NA,NA,NA,NA,0.00,NA,NA,NA
2025-03-30 03:00:00,59.83,100.92,2.82,12.65,9.02,NA,NA,0.29,77.68,NA,NA,NA,NA,NA,NA,NA,NA,NA,NA,NA,0.00,NA,NA,NA
2025-03-30 04:00:00,36.72,58.29,2.59,12.12,8.55,NA,NA,0.27,84.33,NA,NA,NA,NA,NA,NA,NA,NA,NA,NA,NA,0.00,NA,NA,NA
2025-03-30 05:00:00,54.06,88.89,2.77,13.26,9.30,NA,NA,0.30,77.91,NA,NA,NA,NA,NA,NA,NA,NA,NA,NA,NA,0.00,NA,NA,NA
2025-03-30 06:00:00,50.32,153.19,3.42,12.12,9.22,NA,NA,0.24,77.82,NA,NA,NA,NA,NA,NA,NA,NA,NA,NA,NA,0.00,NA,NA,NA
2025-03-30 07:00:00,46.88,398.59,4.52,13.69,10.96,NA,NA,0.23,73.03,NA,NA,NA,NA,NA,NA,NA,NA,NA,NA,NA,0.00,NA,NA,NA
2025-03-30 08:00:00,37.43,207.43,5.29,13.81,11.65,NA,NA,0.22,75.00,NA,NA,NA,NA,NA,NA,NA,NA,NA,NA,NA,0.00,NA,NA,NA
2025-03-30 09:00:00,NA,NA,NA,NA,NA,NA,NA,NA,NA,NA,NA,NA,NA,NA,NA,NA,NA,NA,NA,NA,0.00,NA,NA,NA
2025-03-30 10:00:00,30.71,7.02,NA,95.60,469.46,NA,NA,0.37,71.49,NA,NA,NA,NA,NA,NA,NA,NA,NA,NA,NA,0.00,NA,NA,NA
2025-03-30 11:00:00,NA,NA,23.38,6.07,21.88,NA,NA,0.31,76.27,NA,NA,NA,NA,NA,NA,NA,NA,NA,NA,NA,0.00,NA,NA,NA
2025-03-30 12:00:00,NA,NA,3.83,6.57,6.60,NA,NA,0.28,78.67,NA,NA,NA,NA,NA,NA,NA,NA,NA,NA,NA,0.00,NA,NA,NA
2025-03-30 13:00:00,NA,NA,3.03,6.53,5.93,NA,NA,0.21,82.31,NA,NA,NA,NA,NA,NA,NA,NA,NA,NA,NA,0.00,NA,NA,NA
2025-03-30 14:00:00,NA,NA,105.39,60.01,87.49,NA,NA,0.21,81.85,NA,NA,NA,NA,NA,NA,NA,NA,NA,NA,NA,0.00,NA,NA,NA
2025-03-30 15:00:00,NA,NA,7.54,5.63,9.10,NA,NA,0.27,91.59,NA,NA,NA,NA,NA,NA,NA,NA,NA,NA,NA,0.00,NA,NA,NA
2025-03-30 16:00:00,NA,NA,4.63,5.01,6.43,NA,NA,0.26,99.38,NA,NA,NA,NA,NA,NA,NA,NA,NA,NA,NA,0.00,NA,NA,NA
2025-03-30 17:00:00,NA,NA,3.19,5.15,5.33,NA,NA,0.25,102.81,NA,NA,NA,NA,NA,NA,NA,NA,NA,NA,NA,0.00,NA,NA,NA
2025-03-30 18:00:00,NA,15.80,3.97,6.72,6.80,NA,NA,0.21,103.51,NA,NA,NA,NA,NA,NA,NA,NA,NA,NA,NA,0.00,NA,NA,NA
2025-03-30 19:00:00,NA,91.19,5.18,12.95,11.10,NA,NA,0.21,89.59,NA,NA,NA,NA,NA,NA,NA,NA,NA,NA,NA,0.00,NA,NA,NA
2025-03-30 20:00:00,3.23,249.13,5.53,21.11,15.72,NA,NA,0.34,70.96,NA,NA,NA,NA,NA,NA,NA,NA,NA,NA,NA,0.00,NA,NA,NA
2025-03-30 21:00:00,20.40,150.10,4.13,24.73,16.51,NA,NA,0.49,52.14,NA,NA,NA,NA,NA,NA,NA,NA,NA,NA,NA,0.00,NA,NA,NA
2025-03-30 22:00:00,29.04,150.22,2.72,31.04,18.73,NA,NA,0.57,44.07,NA,NA,NA,NA,NA,NA,NA,NA,NA,NA,NA,0.00,NA,NA,NA
2025-03-30 23:00:00,32.96,61.87,2.68,31.25,18.80,NA,NA,0.56,38.98,NA,NA,NA,NA,NA,NA,NA,NA,NA,NA,NA,0.00,NA,NA,NA
2025-03-31 00:00:00,44.52,133.36,3.74,26.90,17.35,NA,NA,0.52,42.43,NA,NA,NA,NA,NA,NA,NA,NA,NA,NA,NA,0.00,NA,NA,NA
2025-03-31 01:00:00,69.23,476.70,4.73,22.19,15.65,NA,NA,0.49,50.37,NA,NA,NA,NA,NA,NA,NA,NA,NA,NA,NA,0.00,NA,NA,NA
2025-03-31 02:00:00,71.81,868.14,3.68,19.63,13.43,NA,NA,0.50,51.77,NA,NA,NA,NA,NA,NA,NA,NA,NA,NA,NA,0.00,NA,NA,NA
2025-03-31 03:00:00,53.14,368.13,3.12,19.29,12.80,NA,NA,0.46,50.56,NA,NA,NA,NA,NA,NA,NA,NA,NA,NA,NA,0.00,NA,NA,NA
2025-03-31 04:00:00,52.81,435.70,3.30,18.66,12.62,NA,NA,0.44,53.21,NA,NA,NA,NA,NA,NA,NA,NA,NA,NA,NA,0.00,NA,NA,NA
2025-03-31 05:00:00,66.28,229.48,4.15,31.88,20.35,NA,NA,0.45,39.71,NA,NA,NA,NA,NA,NA,NA,NA,NA,NA,NA,0.00,NA,NA,NA
2025-03-31 06:00:00,120.37,143.08,4.83,29.49,19.60,NA,NA,0.52,37.14,NA,NA,NA,NA,NA,NA,NA,NA,NA,NA,NA,0.00,NA,NA,NA
2025-03-31 07:00:00,103.45,168.08,4.91,25.62,17.61,NA,NA,0.54,45.29,NA,NA,NA,NA,NA,NA,NA,NA,NA,NA,NA,0.00,NA,NA,NA
2025-03-31 08:00:00,74.17,137.39,4.11,20.23,14.09,NA,NA,0.52,69.98,NA,NA,NA,NA,NA,NA,NA,NA,NA,NA,NA,0.00,NA,NA,NA
2025-03-31 09:00:00,52.67,119.64,3.53,16.95,11.88,NA,NA,0.51,89.79,NA,NA,NA,NA,NA,NA,NA,NA,NA,NA,NA,0.00,NA,NA,NA
2025-03-31 10:00:00,37.88,97.39,3.60,14.88,10.84,NA,NA,0.45,95.94,NA,NA,NA,NA,NA,NA,NA,NA,NA,NA,NA,0.00,NA,NA,NA
2025-03-31 11:00:00,47.21,91.44,5.05,12.19,10.59,NA,NA,0.33,97.20,NA,NA,NA,NA,NA,NA,NA,NA,NA,NA,NA,0.00,NA,NA,NA
2025-03-31 12:00:00,27.27,119.75,8.71,10.39,12.61,NA,NA,0.22,89.36,NA,NA,NA,NA,NA,NA,NA,NA,NA,NA,NA,0.00,NA,NA,NA
2025-03-31 13:00:00,39.77,109.04,10.86,12.25,15.36,NA,NA,0.19,88.28,NA,NA,NA,NA,NA,NA,NA,NA,NA,NA,NA,0.00,NA,NA,NA
2025-03-31 14:00:00,26.30,61.65,7.03,12.45,12.32,NA,NA,0.23,86.01,NA,NA,NA,NA,NA,NA,NA,NA,NA,NA,NA,0.00,NA,NA,NA
2025-03-31 15:00:00,8.61,10.78,4.92,6.57,7.49,NA,NA,0.23,84.26,NA,NA,NA,NA,NA,NA,NA,NA,NA,NA,NA,0.00,NA,NA,NA
2025-03-31 16:00:00,8.33,16.14,3.99,5.44,6.13,NA,NA,0.23,91.08,NA,NA,NA,NA,NA,NA,NA,NA,NA,NA,NA,0.00,NA,NA,NA
2025-03-31 17:00:00,10.81,18.94,3.11,4.99,5.18,NA,NA,0.24,99.98,NA,NA,NA,NA,NA,NA,NA,NA,NA,NA,NA,0.00,NA,NA,NA
2025-03-31 18:00:00,11.44,27.71,3.48,8.04,7.12,NA,NA,0.22,98.09,NA,NA,NA,NA,NA,NA,NA,NA,NA,NA,NA,0.00,NA,NA,NA
2025-03-31 19:00:00,29.45,81.14,5.35,16.17,12.96,NA,NA,0.24,81.59,NA,NA,NA,NA,NA,NA,NA,NA,NA,NA,NA,0.00,NA,NA,NA
2025-03-31 20:00:00,44.68,117.96,7.26,21.00,17.08,NA,NA,0.29,72.81,NA,NA,NA,NA,NA,NA,NA,NA,NA,NA,NA,0.00,NA,NA,NA
2025-03-31 21:00:00,59.32,119.53,5.50,27.08,18.88,NA,NA,0.47,58.82,NA,NA,NA,NA,NA,NA,NA,NA,NA,NA,NA,0.00,NA,NA,NA
2025-03-31 22:00:00,55.18,93.54,3.76,28.75,18.35,NA,NA,0.51,55.95,NA,NA,NA,NA,NA,NA,NA,NA,NA,NA,NA,0.00,NA,NA,NA
2025-03-31 23:00:00,54.66,83.74,3.64,28.27,18.00,NA,NA,0.51,54.58,NA,NA,NA,NA,NA,NA,NA,NA,NA,NA,NA,0.00,NA,NA,NA
2025-04-01 00:00:00,50.80,94.66,4.76,28.16,18.85,NA,NA,0.44,56.33,NA,NA,NA,NA,NA,NA,NA,NA,NA,NA,NA,0.00,NA,NA,NA
2025-04-01 01:00:00,39.53,99.64,5.89,27.23,19.27,NA,NA,0.37,54.54,NA,NA,NA,NA,NA,NA,NA,NA,NA,NA,NA,0.00,NA,NA,NA
2025-04-01 02:00:00,49.00,108.67,5.25,23.70,16.86,NA,NA,0.41,55.49,NA,NA,NA,NA,NA,NA,NA,NA,NA,NA,NA,0.00,NA,NA,NA
2025-04-01 03:00:00,60.55,81.77,4.12,20.78,14.40,NA,NA,0.41,55.31,NA,NA,NA,NA,NA,NA,NA,NA,NA,NA,NA,0.00,NA,NA,NA
2025-04-01 04:00:00,53.20,71.85,3.94,17.68,12.60,NA,NA,0.39,53.26,NA,NA,NA,NA,NA,NA,NA,NA,NA,NA,NA,0.00,NA,NA,NA
2025-04-01 05:00:00,58.47,89.01,4.59,22.88,15.91,NA,NA,0.38,46.38,NA,NA,NA,NA,NA,NA,NA,NA,NA,NA,NA,0.00,NA,NA,NA
2025-04-01 06:00:00,94.92,139.97,5.38,31.96,21.38,NA,NA,0.42,36.64,NA,NA,NA,NA,NA,NA,NA,NA,NA,NA,NA,0.00,NA,NA,NA
2025-04-01 07:00:00,100.25,174.44,7.44,34.92,24.63,NA,NA,0.52,37.57,NA,NA,NA,NA,NA,NA,NA,NA,NA,NA,NA,0.00,NA,NA,NA
2025-04-01 08:00:00,73.01,154.25,5.57,30.12,20.54,NA,NA,0.59,55.65,NA,NA,NA,NA,NA,NA,NA,NA,NA,NA,NA,0.00,NA,NA,NA
2025-04-01 09:00:00,42.09,143.17,4.08,17.65,12.71,NA,NA,0.44,73.48,NA,NA,NA,NA,NA,NA,NA,NA,NA,NA,NA,0.00,NA,NA,NA
2025-04-01 10:00:00,43.61,100.35,4.60,14.23,11.30,NA,NA,0.34,79.29,NA,NA,NA,NA,NA,NA,NA,NA,NA,NA,NA,0.00,NA,NA,NA
2025-04-01 11:00:00,90.71,119.94,5.69,9.62,9.75,NA,NA,0.28,81.32,NA,NA,NA,NA,NA,NA,NA,NA,NA,NA,NA,0.00,NA,NA,NA
2025-04-01 12:00:00,28.32,118.28,4.92,5.54,6.95,NA,NA,0.24,71.63,NA,NA,NA,NA,NA,NA,NA,NA,NA,NA,NA,0.00,NA,NA,NA
2025-04-01 13:00:00,22.28,71.60,4.00,4.21,5.49,NA,NA,0.24,74.28,NA,NA,NA,NA,NA,NA,NA,NA,NA,NA,NA,0.00,NA,NA,NA
2025-04-01 14:00:00,11.54,52.16,3.34,5.21,5.48,NA,NA,0.24,74.34,NA,NA,NA,NA,NA,NA,NA,NA,NA,NA,NA,0.00,NA,NA,NA
2025-04-01 15:00:00,22.77,52.97,3.39,4.00,4.89,NA,NA,0.19,73.56,NA,NA,NA,NA,NA,NA,NA,NA,NA,NA,NA,0.00,NA,NA,NA
2025-04-01 16:00:00,38.35,87.00,5.40,5.44,7.28,NA,NA,0.11,86.18,NA,NA,NA,NA,NA,NA,NA,NA,NA,NA,NA,0.00,NA,NA,NA
2025-04-01 17:00:00,41.56,118.43,7.82,7.02,10.09,NA,NA,0.09,96.95,NA,NA,NA,NA,NA,NA,NA,NA,NA,NA,NA,0.00,NA,NA,NA
2025-04-01 18:00:00,40.17,100.57,6.91,21.52,17.07,NA,NA,0.19,82.31,NA,NA,NA,NA,NA,NA,NA,NA,NA,NA,NA,0.00,NA,NA,NA
2025-04-01 19:00:00,36.00,91.96,3.94,21.40,14.59,NA,NA,0.35,74.38,NA,NA,NA,NA,NA,NA,NA,NA,NA,NA,NA,0.00,NA,NA,NA
2025-04-01 20:00:00,62.24,104.41,3.34,30.99,19.20,NA,NA,0.47,54.23,NA,NA,NA,NA,NA,NA,NA,NA,NA,NA,NA,0.00,NA,NA,NA
2025-04-01 21:00:00,52.61,104.36,3.24,32.05,19.68,NA,NA,0.53,46.39,NA,NA,NA,NA,NA,NA,NA,NA,NA,NA,NA,0.00,NA,NA,NA
2025-04-01 22:00:00,75.01,133.97,3.48,40.24,24.23,NA,NA,0.68,34.42,NA,NA,NA,NA,NA,NA,NA,NA,NA,NA,NA,0.00,NA,NA,NA
2025-04-01 23:00:00,81.93,152.38,4.37,46.16,28.11,NA,NA,0.67,27.35,NA,NA,NA,NA,NA,NA,NA,NA,NA,NA,NA,0.00,NA,NA,NA
2025-04-02 00:00:00,88.68,161.85,5.13,44.68,27.94,NA,NA,0.65,35.12,NA,NA,NA,NA,NA,NA,NA,NA,NA,NA,NA,0.00,NA,NA,NA
2025-04-02 01:00:00,88.63,172.89,5.05,39.73,25.24,NA,NA,0.69,32.74,NA,NA,NA,NA,NA,NA,NA,NA,NA,NA,NA,0.00,NA,NA,NA
2025-04-02 02:00:00,89.37,150.67,3.83,37.26,22.93,NA,NA,0.70,27.73,NA,NA,NA,NA,NA,NA,NA,NA,NA,NA,NA,0.00,NA,NA,NA
2025-04-02 03:00:00,85.85,138.82,3.55,35.94,22.00,NA,NA,0.67,25.40,NA,NA,NA,NA,NA,NA,NA,NA,NA,NA,NA,0.00,NA,NA,NA
2025-04-02 04:00:00,92.75,137.36,4.84,46.07,28.44,NA,NA,0.70,19.03,NA,NA,NA,NA,NA,NA,NA,NA,NA,NA,NA,0.00,NA,NA,NA
2025-04-02 05:00:00,74.12,140.12,7.33,48.68,31.85,NA,NA,0.71,16.09,NA,NA,NA,NA,NA,NA,NA,NA,NA,NA,NA,0.00,NA,NA,NA
2025-04-02 06:00:00,108.85,153.04,5.99,43.71,28.12,NA,NA,0.67,19.67,NA,NA,NA,NA,NA,NA,NA,NA,NA,NA,NA,0.00,NA,NA,NA
2025-04-02 07:00:00,98.09,155.13,9.43,37.71,27.72,NA,NA,0.67,24.54,NA,NA,NA,NA,NA,NA,NA,NA,NA,NA,NA,0.00,NA,NA,NA
2025-04-02 08:00:00,137.73,264.24,13.37,69.54,47.87,NA,NA,0.93,36.01,NA,NA,NA,NA,NA,NA,NA,NA,NA,NA,NA,0.00,NA,NA,NA
2025-04-02 09:00:00,198.20,343.93,5.35,43.85,27.68,NA,NA,0.78,87.47,NA,NA,NA,NA,NA,NA,NA,NA,NA,NA,NA,0.00,NA,NA,NA
2025-04-02 10:00:00,58.64,150.85,3.60,16.15,11.52,NA,NA,0.51,82.53,NA,NA,NA,NA,NA,NA,NA,NA,NA,NA,NA,0.00,NA,NA,NA
2025-04-02 11:00:00,24.89,87.46,3.69,14.64,10.78,NA,NA,0.42,77.11,NA,NA,NA,NA,NA,NA,NA,NA,NA,NA,NA,0.00,NA,NA,NA
2025-04-02 12:00:00,74.77,104.11,5.02,14.39,11.73,NA,NA,0.33,92.90,NA,NA,NA,NA,NA,NA,NA,NA,NA,NA,NA,0.00,NA,NA,NA
2025-04-02 13:00:00,55.48,139.44,7.51,13.03,13.03,NA,NA,0.22,98.86,NA,NA,NA,NA,NA,NA,NA,NA,NA,NA,NA,0.00,NA,NA,NA
2025-04-02 14:00:00,41.17,136.49,7.46,10.39,11.60,NA,NA,0.22,94.24,NA,NA,NA,NA,NA,NA,NA,NA,NA,NA,NA,0.00,NA,NA,NA
2025-04-02 15:00:00,25.36,74.34,5.25,8.20,8.63,NA,NA,0.25,87.13,NA,NA,NA,NA,NA,NA,NA,NA,NA,NA,NA,0.00,NA,NA,NA
2025-04-02 16:00:00,15.41,38.73,4.25,8.45,7.95,NA,NA,0.24,91.86,NA,NA,NA,NA,NA,NA,NA,NA,NA,NA,NA,0.00,NA,NA,NA
2025-04-02 17:00:00,29.92,67.22,5.22,10.03,9.58,NA,NA,0.18,92.60,NA,NA,NA,NA,NA,NA,NA,NA,NA,NA,NA,0.00,NA,NA,NA
2025-04-02 18:00:00,65.32,100.03,7.36,14.11,13.48,NA,NA,0.14,89.29,NA,NA,NA,NA,NA,NA,NA,NA,NA,NA,NA,0.00,NA,NA,NA
2025-04-02 19:00:00,68.68,121.79,7.59,17.99,15.75,NA,NA,0.27,81.64,NA,NA,NA,NA,NA,NA,NA,NA,NA,NA,NA,0.00,NA,NA,NA
2025-04-02 20:00:00,59.13,84.86,4.73,22.69,15.91,NA,NA,0.46,60.28,NA,NA,NA,NA,NA,NA,NA,NA,NA,NA,NA,0.00,NA,NA,NA
2025-04-02 21:00:00,85.03,100.99,3.57,33.37,20.65,NA,NA,0.62,36.76,NA,NA,NA,NA,NA,NA,NA,NA,NA,NA,NA,0.00,NA,NA,NA
2025-04-02 22:00:00,107.93,134.85,4.52,48.28,29.35,NA,NA,0.90,28.52,NA,NA,NA,NA,NA,NA,NA,NA,NA,NA,NA,0.00,NA,NA,NA
2025-04-02 23:00:00,76.49,181.52,5.44,55.64,34.02,NA,NA,0.97,25.10,NA,NA,NA,NA,NA,NA,NA,NA,NA,NA,NA,0.00,NA,NA,NA
2025-04-03 00:00:00,133.36,183.73,5.41,51.38,31.73,NA,NA,0.90,30.96,NA,NA,NA,NA,NA,NA,NA,NA,NA,NA,NA,0.00,NA,NA,NA
2025-04-03 01:00:00,69.31,150.59,4.57,53.81,32.34,NA,NA,0.99,23.55,NA,NA,NA,NA,NA,NA,NA,NA,NA,NA,NA,0.00,NA,NA,NA
2025-04-03 02:00:00,74.79,128.79,8.92,61.75,40.09,NA,NA,1.11,18.92,NA,NA,NA,NA,NA,NA,NA,NA,NA,NA,NA,0.00,NA,NA,NA
2025-04-03 03:00:00,55.62,126.39,12.57,62.05,43.23,NA,NA,1.12,15.75,NA,NA,NA,NA,NA,NA,NA,NA,NA,NA,NA,0.00,NA,NA,NA
2025-04-03 04:00:00,82.43,149.00,15.14,64.11,46.41,NA,NA,1.03,17.51,NA,NA,NA,NA,NA,NA,NA,NA,NA,NA,NA,0.00,NA,NA,NA
2025-04-03 05:00:00,113.30,176.01,13.19,65.26,45.45,NA,NA,0.87,17.87,NA,NA,NA,NA,NA,NA,NA,NA,NA,NA,NA,0.00,NA,NA,NA
2025-04-03 06:00:00,118.37,152.44,9.66,53.33,36.22,NA,NA,0.86,19.83,NA,NA,NA,NA,NA,NA,NA,NA,NA,NA,NA,0.00,NA,NA,NA
2025-04-03 07:00:00,98.53,149.83,12.73,56.73,40.53,NA,NA,0.96,21.25,NA,NA,NA,NA,NA,NA,NA,NA,NA,NA,NA,0.00,NA,NA,NA
2025-04-03 08:00:00,99.94,197.70,5.83,40.10,26.08,NA,NA,0.95,52.69,NA,NA,NA,NA,NA,NA,NA,NA,NA,NA,NA,0.00,NA,NA,NA
2025-04-03 09:00:00,64.77,174.98,4.91,19.62,14.43,NA,NA,0.59,82.98,NA,NA,NA,NA,NA,NA,NA,NA,NA,NA,NA,0.00,NA,NA,NA
2025-04-03 10:00:00,104.52,152.41,5.90,16.92,13.80,NA,NA,0.48,93.01,NA,NA,NA,NA,NA,NA,NA,NA,NA,NA,NA,0.00,NA,NA,NA
2025-04-03 11:00:00,68.82,144.38,6.60,11.55,11.51,NA,NA,0.40,87.21,NA,NA,NA,NA,NA,NA,NA,NA,NA,NA,NA,0.00,NA,NA,NA
2025-04-03 12:00:00,22.09,78.35,4.93,8.06,8.30,NA,NA,0.37,73.20,NA,NA,NA,NA,NA,NA,NA,NA,NA,NA,NA,0.00,NA,NA,NA
2025-04-03 13:00:00,6.46,31.28,4.08,6.56,6.81,NA,NA,0.33,67.55,NA,NA,NA,NA,NA,NA,NA,NA,NA,NA,NA,0.00,NA,NA,NA
2025-04-03 14:00:00,23.19,26.67,4.56,6.32,7.07,NA,NA,0.20,53.22,NA,NA,NA,NA,NA,NA,NA,NA,NA,NA,NA,0.00,NA,NA,NA
2025-04-03 15:00:00,24.55,76.98,8.30,7.87,10.92,NA,NA,0.11,67.62,NA,NA,NA,NA,NA,NA,NA,NA,NA,NA,NA,0.00,NA,NA,NA
2025-04-03 16:00:00,40.86,112.35,8.99,8.04,11.59,NA,NA,0.07,87.18,NA,NA,NA,NA,NA,NA,NA,NA,NA,NA,NA,0.00,NA,NA,NA
2025-04-03 17:00:00,31.71,91.77,2.78,7.86,6.44,NA,NA,0.18,97.67,NA,NA,NA,NA,NA,NA,NA,NA,NA,NA,NA,0.00,NA,NA,NA
2025-04-03 18:00:00,32.64,55.20,2.74,12.16,8.70,NA,NA,0.33,88.96,NA,NA,NA,NA,NA,NA,NA,NA,NA,NA,NA,0.00,NA,NA,NA
2025-04-03 19:00:00,41.45,55.71,1.96,14.17,9.13,NA,NA,0.34,65.78,NA,NA,NA,NA,NA,NA,NA,NA,NA,NA,NA,0.00,NA,NA,NA
2025-04-03 20:00:00,NA,82.50,NA,NA,NA,NA,NA,NA,NA,NA,NA,NA,NA,NA,NA,NA,NA,NA,NA,NA,0.00,NA,NA,NA
2025-04-03 21:00:00,NA,42.53,NA,NA,NA,NA,NA,NA,NA,NA,NA,NA,NA,NA,NA,NA,NA,NA,NA,NA,0.00,NA,NA,NA
2025-04-03 22:00:00,37.42,124.23,2.15,12.39,8.82,NA,NA,0.42,178.28,NA,NA,NA,NA,NA,NA,NA,NA,NA,NA,NA,0.00,NA,NA,NA
2025-04-03 23:00:00,52.33,114.92,2.11,17.91,11.24,NA,NA,0.48,74.46,NA,NA,NA,NA,NA,NA,NA,NA,NA,NA,NA,0.00,NA,NA,NA
2025-04-04 00:00:00,60.99,132.06,2.39,28.52,17.11,NA,NA,0.58,60.57,NA,NA,NA,NA,NA,NA,NA,NA,NA,NA,NA,0.00,NA,NA,NA
2025-04-04 01:00:00,78.31,172.41,3.34,38.67,23.28,NA,NA,0.65,44.67,NA,NA,NA,NA,NA,NA,NA,NA,NA,NA,NA,0.00,NA,NA,NA
2025-04-04 02:00:00,73.69,168.44,7.04,48.21,31.37,NA,NA,0.70,30.46,NA,NA,NA,NA,NA,NA,NA,NA,NA,NA,NA,0.00,NA,NA,NA
2025-04-04 03:00:00,66.28,174.93,7.23,54.33,34.78,NA,NA,0.75,25.31,NA,NA,NA,NA,NA,NA,NA,NA,NA,NA,NA,0.00,NA,NA,NA
2025-04-04 04:00:00,66.43,127.79,6.97,53.28,34.02,NA,NA,0.80,37.37,NA,NA,NA,NA,NA,NA,NA,NA,NA,NA,NA,0.00,NA,NA,NA
2025-04-04 05:00:00,66.05,135.09,14.76,60.17,44.00,NA,NA,0.80,48.46,NA,NA,NA,NA,NA,NA,NA,NA,NA,NA,NA,0.00,NA,NA,NA
2025-04-04 06:00:00,69.99,137.37,11.12,49.90,35.59,NA,NA,0.76,43.71,NA,NA,NA,NA,NA,NA,NA,NA,NA,NA,NA,0.00,NA,NA,NA
2025-04-04 07:00:00,66.62,121.51,10.76,43.43,31.85,NA,NA,0.75,32.21,NA,NA,NA,NA,NA,NA,NA,NA,NA,NA,NA,0.00,NA,NA,NA
2025-04-04 08:00:00,72.79,175.60,10.81,61.24,41.37,NA,NA,0.89,43.93,NA,NA,NA,NA,NA,NA,NA,NA,NA,NA,NA,0.00,NA,NA,NA
2025-04-04 09:00:00,107.17,215.81,7.02,71.53,43.75,NA,NA,0.95,79.89,NA,NA,NA,NA,NA,NA,NA,NA,NA,NA,NA,0.00,NA,NA,NA
2025-04-04 10:00:00,71.90,166.97,3.23,27.97,17.50,NA,NA,0.60,117.90,NA,NA,NA,NA,NA,NA,NA,NA,NA,NA,NA,0.00,NA,NA,NA
2025-04-04 11:00:00,30.73,80.84,3.00,13.39,9.56,NA,NA,0.41,108.51,NA,NA,NA,NA,NA,NA,NA,NA,NA,NA,NA,0.00,NA,NA,NA
2025-04-04 12:00:00,32.70,100.84,2.92,12.50,9.02,NA,NA,0.31,102.65,NA,NA,NA,NA,NA,NA,NA,NA,NA,NA,NA,0.00,NA,NA,NA
2025-04-04 13:00:00,50.48,161.13,5.30,11.25,10.29,NA,NA,0.26,111.05,NA,NA,NA,NA,NA,NA,NA,NA,NA,NA,NA,0.00,NA,NA,NA
2025-04-04 14:00:00,45.07,132.20,4.06,8.63,7.89,NA,NA,0.31,98.33,NA,NA,NA,NA,NA,NA,NA,NA,NA,NA,NA,0.00,NA,NA,NA
2025-04-04 15:00:00,30.37,93.15,3.32,6.69,6.26,NA,NA,0.31,89.68,NA,NA,NA,NA,NA,NA,NA,NA,NA,NA,NA,0.00,NA,NA,NA
2025-04-04 16:00:00,19.95,62.16,3.01,6.84,6.09,NA,NA,0.25,93.28,NA,NA,NA,NA,NA,NA,NA,NA,NA,NA,NA,0.00,NA,NA,NA
2025-04-04 17:00:00,27.75,102.01,4.39,8.95,8.34,NA,NA,0.17,103.90,NA,NA,NA,NA,NA,NA,NA,NA,NA,NA,NA,0.00,NA,NA,NA
2025-04-04 18:00:00,48.96,144.79,9.46,16.27,16.35,NA,NA,0.16,107.69,NA,NA,NA,NA,NA,NA,NA,NA,NA,NA,NA,0.00,NA,NA,NA
2025-04-04 19:00:00,49.05,135.11,5.88,23.81,17.44,NA,NA,0.28,80.58,NA,NA,NA,NA,NA,NA,NA,NA,NA,NA,NA,0.00,NA,NA,NA
2025-04-04 20:00:00,57.35,130.16,7.01,33.69,23.62,NA,NA,0.38,67.08,NA,NA,NA,NA,NA,NA,NA,NA,NA,NA,NA,0.00,NA,NA,NA
2025-04-04 21:00:00,63.71,133.40,4.68,49.29,30.03,NA,NA,0.63,43.04,NA,NA,NA,NA,NA,NA,NA,NA,NA,NA,NA,0.00,NA,NA,NA
2025-04-04 22:00:00,51.39,84.33,2.67,39.81,23.35,NA,NA,0.67,55.39,NA,NA,NA,NA,NA,NA,NA,NA,NA,NA,NA,0.00,NA,NA,NA
2025-04-04 23:00:00,61.42,80.47,2.39,31.21,18.54,NA,NA,0.59,71.40,NA,NA,NA,NA,NA,NA,NA,NA,NA,NA,NA,0.00,NA,NA,NA
2025-04-05 00:00:00,67.34,112.37,3.27,36.75,22.21,NA,NA,0.53,61.71,NA,NA,NA,NA,NA,NA,NA,NA,NA,NA,NA,0.00,NA,NA,NA
2025-04-05 01:00:00,67.60,145.14,4.15,36.71,22.90,NA,NA,0.49,56.41,NA,NA,NA,NA,NA,NA,NA,NA,NA,NA,NA,0.00,NA,NA,NA
2025-04-05 02:00:00,70.26,128.53,3.65,26.75,17.20,NA,NA,0.51,64.28,NA,NA,NA,NA,NA,NA,NA,NA,NA,NA,NA,0.00,NA,NA,NA
2025-04-05 03:00:00,50.10,78.48,2.57,25.77,15.80,NA,NA,0.51,70.88,NA,NA,NA,NA,NA,NA,NA,NA,NA,NA,NA,0.00,NA,NA,NA
2025-04-05 04:00:00,55.77,80.85,2.74,33.96,20.30,NA,NA,0.50,59.90,NA,NA,NA,NA,NA,NA,NA,NA,NA,NA,NA,0.00,NA,NA,NA
2025-04-05 05:00:00,73.46,120.33,3.60,48.82,28.89,NA,NA,0.47,41.36,NA,NA,NA,NA,NA,NA,NA,NA,NA,NA,NA,0.00,NA,NA,NA
2025-04-05 06:00:00,97.18,153.34,5.99,46.89,29.81,NA,NA,0.48,34.26,NA,NA,NA,NA,NA,NA,NA,NA,NA,NA,NA,0.00,NA,NA,NA
2025-04-05 07:00:00,131.86,188.97,6.74,40.33,26.93,NA,NA,0.61,39.83,NA,NA,NA,NA,NA,NA,NA,NA,NA,NA,NA,0.00,NA,NA,NA
2025-04-05 08:00:00,109.75,212.06,4.27,29.28,19.04,NA,NA,0.62,64.34,NA,NA,NA,NA,NA,NA,NA,NA,NA,NA,NA,0.00,NA,NA,NA
2025-04-05 09:00:00,53.72,129.14,3.24,18.18,12.30,NA,NA,0.53,93.84,NA,NA,NA,NA,NA,NA,NA,NA,NA,NA,NA,0.00,NA,NA,NA
2025-04-05 10:00:00,19.18,94.00,3.14,13.30,9.63,NA,NA,0.45,108.91,NA,NA,NA,NA,NA,NA,NA,NA,NA,NA,NA,0.00,NA,NA,NA
2025-04-05 11:00:00,45.52,137.16,3.06,10.61,8.13,NA,NA,0.41,108.96,NA,NA,NA,NA,NA,NA,NA,NA,NA,NA,NA,0.00,NA,NA,NA
2025-04-05 12:00:00,45.49,127.27,3.36,9.08,7.56,NA,NA,0.43,105.45,NA,NA,NA,NA,NA,NA,NA,NA,NA,NA,NA,0.00,NA,NA,NA
2025-04-05 13:00:00,36.62,82.32,2.50,8.00,6.28,NA,NA,0.43,118.46,NA,NA,NA,NA,NA,NA,NA,NA,NA,NA,NA,0.00,NA,NA,NA
2025-04-05 14:00:00,34.71,75.67,2.09,9.05,6.51,NA,NA,0.42,126.45,NA,NA,NA,NA,NA,NA,NA,NA,NA,NA,NA,0.00,NA,NA,NA
2025-04-05 15:00:00,33.92,87.83,2.04,5.32,4.49,NA,NA,0.39,157.43,NA,NA,NA,NA,NA,NA,NA,NA,NA,NA,NA,0.00,NA,NA,NA
2025-04-05 16:00:00,35.24,81.03,2.06,6.57,5.18,NA,NA,0.39,172.86,NA,NA,NA,NA,NA,NA,NA,NA,NA,NA,NA,0.00,NA,NA,NA
2025-04-05 17:00:00,32.31,73.70,2.08,6.91,5.37,NA,NA,0.37,177.56,NA,NA,NA,NA,NA,NA,NA,NA,NA,NA,NA,0.00,NA,NA,NA
2025-04-05 18:00:00,38.24,96.43,1.94,7.91,5.78,NA,NA,0.40,171.37,NA,NA,NA,NA,NA,NA,NA,NA,NA,NA,NA,0.00,NA,NA,NA
2025-04-05 19:00:00,44.38,110.14,1.90,14.20,9.10,NA,NA,0.47,149.65,NA,NA,NA,NA,NA,NA,NA,NA,NA,NA,NA,0.00,NA,NA,NA
2025-04-05 20:00:00,54.19,144.84,2.00,21.57,13.10,NA,NA,0.58,127.27,NA,NA,NA,NA,NA,NA,NA,NA,NA,NA,NA,0.00,NA,NA,NA
2025-04-05 21:00:00,66.12,136.61,2.17,34.70,20.22,NA,NA,0.69,98.15,NA,NA,NA,NA,NA,NA,NA,NA,NA,NA,NA,0.00,NA,NA,NA
2025-04-05 22:00:00,68.91,129.18,2.32,33.20,19.55,NA,NA,0.73,92.85,NA,NA,NA,NA,NA,NA,NA,NA,NA,NA,NA,0.00,NA,NA,NA
2025-04-05 23:00:00,77.01,142.43,3.56,46.68,27.73,NA,NA,0.76,69.23,NA,NA,NA,NA,NA,NA,NA,NA,NA,NA,NA,0.00,NA,NA,NA
2025-04-06 00:00:00,81.04,140.22,4.44,50.98,30.73,NA,NA,0.74,53.95,NA,NA,NA,NA,NA,NA,NA,NA,NA,NA,NA,0.00,NA,NA,NA
2025-04-06 01:00:00,81.05,142.18,4.37,56.50,33.60,NA,NA,0.81,43.00,NA,NA,NA,NA,NA,NA,NA,NA,NA,NA,NA,0.00,NA,NA,NA
2025-04-06 02:00:00,76.43,119.78,4.29,56.10,33.33,NA,NA,0.83,47.02,NA,NA,NA,NA,NA,NA,NA,NA,NA,NA,NA,0.00,NA,NA,NA
2025-04-06 03:00:00,88.36,141.48,3.40,50.99,29.88,NA,NA,0.79,51.57,NA,NA,NA,NA,NA,NA,NA,NA,NA,NA,NA,0.00,NA,NA,NA
2025-04-06 04:00:00,120.30,168.13,3.21,35.97,21.74,NA,NA,0.66,65.80,NA,NA,NA,NA,NA,NA,NA,NA,NA,NA,NA,0.00,NA,NA,NA
2025-04-06 05:00:00,111.07,152.01,3.90,30.88,19.60,NA,NA,0.61,67.55,NA,NA,NA,NA,NA,NA,NA,NA,NA,NA,NA,0.00,NA,NA,NA
2025-04-06 06:00:00,124.75,164.41,5.25,40.64,25.88,NA,NA,0.71,50.09,NA,NA,NA,NA,NA,NA,NA,NA,NA,NA,NA,0.00,NA,NA,NA
2025-04-06 07:00:00,123.27,193.10,6.37,45.23,29.24,NA,NA,0.81,50.83,NA,NA,NA,NA,NA,NA,NA,NA,NA,NA,NA,0.00,NA,NA,NA
2025-04-06 08:00:00,102.10,175.05,4.53,38.96,24.40,NA,NA,0.83,97.91,NA,NA,NA,NA,NA,NA,NA,NA,NA,NA,NA,0.00,NA,NA,NA
2025-04-06 09:00:00,73.74,149.68,3.61,26.64,17.10,NA,NA,0.67,134.21,NA,NA,NA,NA,NA,NA,NA,NA,NA,NA,NA,0.00,NA,NA,NA
2025-04-06 10:00:00,52.77,131.93,4.67,19.42,14.13,NA,NA,0.54,147.87,NA,NA,NA,NA,NA,NA,NA,NA,NA,NA,NA,0.00,NA,NA,NA
2025-04-06 11:00:00,47.11,140.81,6.17,15.35,13.18,NA,NA,0.45,145.85,NA,NA,NA,NA,NA,NA,NA,NA,NA,NA,NA,0.00,NA,NA,NA
2025-04-06 12:00:00,25.29,103.97,5.13,11.06,10.05,NA,NA,0.46,120.84,NA,NA,NA,NA,NA,NA,NA,NA,NA,NA,NA,0.00,NA,NA,NA
2025-04-06 13:00:00,29.69,48.93,3.79,8.93,7.83,NA,NA,0.46,116.62,NA,NA,NA,NA,NA,NA,NA,NA,NA,NA,NA,0.00,NA,NA,NA
2025-04-06 14:00:00,33.92,53.74,3.43,8.13,7.11,NA,NA,0.38,115.31,NA,NA,NA,NA,NA,NA,NA,NA,NA,NA,NA,0.00,NA,NA,NA
2025-04-06 15:00:00,34.29,86.47,6.59,9.76,10.56,NA,NA,0.29,126.01,NA,NA,NA,NA,NA,NA,NA,NA,NA,NA,NA,0.00,NA,NA,NA
2025-04-06 16:00:00,53.55,121.44,30.77,12.52,31.68,NA,NA,0.22,128.81,NA,NA,NA,NA,NA,NA,NA,NA,NA,NA,NA,0.00,NA,NA,NA
2025-04-06 17:00:00,51.67,117.57,13.03,11.09,16.48,NA,NA,0.28,115.53,NA,NA,NA,NA,NA,NA,NA,NA,NA,NA,NA,0.00,NA,NA,NA
2025-04-06 18:00:00,38.19,55.38,4.06,11.52,9.43,NA,NA,0.38,103.39,NA,NA,NA,NA,NA,NA,NA,NA,NA,NA,NA,0.00,NA,NA,NA
2025-04-06 19:00:00,27.31,32.95,2.05,15.30,9.80,NA,NA,0.43,78.69,NA,NA,NA,NA,NA,NA,NA,NA,NA,NA,NA,0.00,NA,NA,NA
2025-04-06 20:00:00,38.27,39.33,3.03,17.92,12.00,NA,NA,0.41,74.85,NA,NA,NA,NA,NA,NA,NA,NA,NA,NA,NA,0.00,NA,NA,NA
2025-04-06 21:00:00,64.18,91.06,4.20,22.81,15.55,NA,NA,0.50,59.34,NA,NA,NA,NA,NA,NA,NA,NA,NA,NA,NA,0.00,NA,NA,NA
2025-04-06 22:00:00,75.24,121.57,3.78,21.46,14.49,NA,NA,0.60,52.52,NA,NA,NA,NA,NA,NA,NA,NA,NA,NA,NA,0.00,NA,NA,NA
2025-04-06 23:00:00,86.35,87.48,1.37,28.88,16.48,NA,NA,0.81,42.48,NA,NA,NA,NA,NA,NA,NA,NA,NA,NA,NA,0.00,NA,NA,NA
2025-04-07 00:00:00,81.76,104.01,0.72,36.08,19.77,NA,NA,0.84,41.89,NA,NA,NA,NA,NA,NA,NA,NA,NA,NA,NA,0.00,NA,NA,NA
2025-04-07 01:00:00,81.03,93.99,1.15,34.71,19.40,NA,NA,0.81,48.69,NA,NA,NA,NA,NA,NA,NA,NA,NA,NA,NA,0.00,NA,NA,NA
2025-04-07 02:00:00,70.05,112.56,2.43,30.53,18.21,NA,NA,0.76,45.54,NA,NA,NA,NA,NA,NA,NA,NA,NA,NA,NA,0.00,NA,NA,NA
2025-04-07 03:00:00,76.33,125.03,3.95,35.62,22.17,NA,NA,0.74,51.46,NA,NA,NA,NA,NA,NA,NA,NA,NA,NA,NA,0.00,NA,NA,NA
2025-04-07 04:00:00,109.10,189.76,10.82,69.59,45.81,NA,NA,1.17,28.62,NA,NA,NA,NA,NA,NA,NA,NA,NA,NA,NA,0.00,NA,NA,NA
2025-04-07 05:00:00,215.72,259.85,5.02,63.14,37.67,NA,NA,1.33,47.45,NA,NA,NA,NA,NA,NA,NA,NA,NA,NA,NA,0.00,NA,NA,NA
2025-04-07 06:00:00,217.66,270.74,3.34,54.83,31.88,NA,NA,1.16,59.49,NA,NA,NA,NA,NA,NA,NA,NA,NA,NA,NA,0.00,NA,NA,NA
2025-04-07 07:00:00,131.14,174.45,5.82,34.12,22.88,NA,NA,1.02,69.25,NA,NA,NA,NA,NA,NA,NA,NA,NA,NA,NA,0.00,NA,NA,NA
2025-04-07 08:00:00,110.06,190.07,4.85,19.61,14.38,NA,NA,0.94,103.55,NA,NA,NA,NA,NA,NA,NA,NA,NA,NA,NA,0.00,NA,NA,NA
2025-04-07 09:00:00,57.52,143.39,2.30,13.28,8.94,NA,NA,0.80,143.68,NA,NA,NA,NA,NA,NA,NA,NA,NA,NA,NA,0.00,NA,NA,NA
2025-04-07 10:00:00,90.33,139.91,2.09,13.67,8.97,NA,NA,0.84,156.56,NA,NA,NA,NA,NA,NA,NA,NA,NA,NA,NA,0.00,NA,NA,NA
2025-04-07 11:00:00,81.53,117.48,3.17,11.68,8.79,NA,NA,0.65,142.96,NA,NA,NA,NA,NA,NA,NA,NA,NA,NA,NA,0.00,NA,NA,NA
2025-04-07 12:00:00,66.50,129.69,6.91,12.56,12.31,NA,NA,0.53,139.65,NA,NA,NA,NA,NA,NA,NA,NA,NA,NA,NA,0.00,NA,NA,NA
2025-04-07 13:00:00,74.97,152.93,10.59,13.81,15.96,NA,NA,0.51,146.18,NA,NA,NA,NA,NA,NA,NA,NA,NA,NA,NA,0.00,NA,NA,NA
2025-04-07 14:00:00,69.33,111.78,6.63,12.23,11.89,NA,NA,0.54,134.16,NA,NA,NA,NA,NA,NA,NA,NA,NA,NA,NA,0.00,NA,NA,NA
2025-04-07 15:00:00,43.31,86.25,5.11,11.45,10.24,NA,NA,0.55,140.25,NA,NA,NA,NA,NA,NA,NA,NA,NA,NA,NA,0.00,NA,NA,NA
2025-04-07 16:00:00,50.52,83.42,5.28,13.66,11.56,NA,NA,0.48,164.63,NA,NA,NA,NA,NA,NA,NA,NA,NA,NA,NA,0.00,NA,NA,NA
2025-04-07 17:00:00,61.31,112.94,14.19,18.84,21.56,NA,NA,0.41,198.98,NA,NA,NA,NA,NA,NA,NA,NA,NA,NA,NA,0.00,NA,NA,NA
2025-04-07 18:00:00,71.69,153.53,22.29,24.53,31.17,NA,NA,0.40,191.04,NA,NA,NA,NA,NA,NA,NA,NA,NA,NA,NA,0.00,NA,NA,NA
2025-04-07 19:00:00,74.70,138.24,6.53,30.77,21.68,NA,NA,0.70,122.26,NA,NA,NA,NA,NA,NA,NA,NA,NA,NA,NA,0.00,NA,NA,NA
2025-04-07 20:00:00,71.42,79.08,3.41,38.30,23.14,NA,NA,0.96,80.12,NA,NA,NA,NA,NA,NA,NA,NA,NA,NA,NA,0.00,NA,NA,NA
2025-04-07 21:00:00,113.57,122.22,3.03,45.82,26.83,NA,NA,1.25,47.84,NA,NA,NA,NA,NA,NA,NA,NA,NA,NA,NA,0.00,NA,NA,NA
2025-04-07 22:00:00,129.76,167.46,5.28,39.02,25.05,NA,NA,1.04,56.89,NA,NA,NA,NA,NA,NA,NA,NA,NA,NA,NA,0.00,NA,NA,NA
2025-04-07 23:00:00,111.44,195.27,7.07,32.97,23.28,NA,NA,0.89,70.97,NA,NA,NA,NA,NA,NA,NA,NA,NA,NA,NA,0.00,NA,NA,NA
2025-04-08 00:00:00,119.38,198.00,4.46,27.65,18.33,NA,NA,0.94,73.41,NA,NA,NA,NA,NA,NA,NA,NA,NA,NA,NA,0.00,NA,NA,NA
2025-04-08 01:00:00,111.53,144.62,2.75,24.05,15.02,NA,NA,0.91,88.83,NA,NA,NA,NA,NA,NA,NA,NA,NA,NA,NA,0.00,NA,NA,NA
2025-04-08 02:00:00,98.26,110.63,2.67,19.86,12.73,NA,NA,0.88,78.72,NA,NA,NA,NA,NA,NA,NA,NA,NA,NA,NA,0.00,NA,NA,NA
2025-04-08 03:00:00,100.07,130.92,3.65,21.46,14.38,NA,NA,0.93,62.31,NA,NA,NA,NA,NA,NA,NA,NA,NA,NA,NA,0.00,NA,NA,NA
2025-04-08 04:00:00,110.99,165.82,4.74,20.97,15.01,NA,NA,0.85,74.87,NA,NA,NA,NA,NA,NA,NA,NA,NA,NA,NA,0.00,NA,NA,NA
2025-04-08 05:00:00,110.21,181.76,4.57,13.08,10.67,NA,NA,0.81,111.59,NA,NA,NA,NA,NA,NA,NA,NA,NA,NA,NA,0.00,NA,NA,NA
2025-04-08 06:00:00,65.48,151.89,3.06,12.89,9.34,NA,NA,0.90,107.65,NA,NA,NA,NA,NA,NA,NA,NA,NA,NA,NA,0.00,NA,NA,NA
2025-04-08 07:00:00,94.28,142.78,2.77,13.46,9.41,NA,NA,0.98,112.72,NA,NA,NA,NA,NA,NA,NA,NA,NA,NA,NA,0.00,NA,NA,NA
2025-04-08 08:00:00,99.35,173.77,3.43,13.40,9.91,NA,NA,0.80,123.60,NA,NA,NA,NA,NA,NA,NA,NA,NA,NA,NA,0.00,NA,NA,NA
2025-04-08 09:00:00,93.50,186.96,5.40,13.77,11.72,NA,NA,0.71,125.56,NA,NA,NA,NA,NA,NA,NA,NA,NA,NA,NA,0.00,NA,NA,NA
2025-04-08 10:00:00,119.71,209.58,7.05,15.09,13.76,NA,NA,0.72,128.71,NA,NA,NA,NA,NA,NA,NA,NA,NA,NA,NA,0.00,NA,NA,NA
2025-04-08 11:00:00,92.96,262.39,5.58,12.84,11.36,NA,NA,0.73,127.23,NA,NA,NA,NA,NA,NA,NA,NA,NA,NA,NA,0.00,NA,NA,NA
2025-04-08 12:00:00,74.44,244.95,4.13,10.50,8.94,NA,NA,0.69,134.03,NA,NA,NA,NA,NA,NA,NA,NA,NA,NA,NA,0.00,NA,NA,NA
2025-04-08 13:00:00,59.15,109.30,4.12,10.08,8.71,NA,NA,0.57,139.43,NA,NA,NA,NA,NA,NA,NA,NA,NA,NA,NA,0.00,NA,NA,NA
2025-04-08 14:00:00,72.66,148.72,8.17,11.85,12.95,NA,NA,0.44,147.47,NA,NA,NA,NA,NA,NA,NA,NA,NA,NA,NA,0.00,NA,NA,NA
2025-04-08 15:00:00,82.73,179.55,17.83,13.86,21.87,NA,NA,0.36,159.56,NA,NA,NA,NA,NA,NA,NA,NA,NA,NA,NA,0.00,NA,NA,NA
2025-04-08 16:00:00,83.37,177.83,9.79,12.50,14.60,NA,NA,0.44,152.15,NA,NA,NA,NA,NA,NA,NA,NA,NA,NA,NA,0.00,NA,NA,NA
2025-04-08 17:00:00,66.55,125.41,4.77,12.49,10.52,NA,NA,0.51,145.68,NA,NA,NA,NA,NA,NA,NA,NA,NA,NA,NA,0.00,NA,NA,NA
2025-04-08 18:00:00,57.38,112.46,6.25,15.15,13.14,NA,NA,0.53,136.36,NA,NA,NA,NA,NA,NA,NA,NA,NA,NA,NA,0.00,NA,NA,NA
2025-04-08 19:00:00,81.84,134.65,5.89,20.04,15.45,NA,NA,0.62,127.39,NA,NA,NA,NA,NA,NA,NA,NA,NA,NA,NA,0.00,NA,NA,NA
2025-04-08 20:00:00,121.56,233.67,11.79,27.31,24.11,NA,NA,0.81,107.22,NA,NA,NA,NA,NA,NA,NA,NA,NA,NA,NA,0.00,NA,NA,NA
2025-04-08 21:00:00,146.79,256.22,7.28,26.02,19.75,NA,NA,0.99,88.97,NA,NA,NA,NA,NA,NA,NA,NA,NA,NA,NA,0.00,NA,NA,NA
2025-04-08 22:00:00,119.92,193.80,3.56,23.94,15.63,NA,NA,0.95,77.66,NA,NA,NA,NA,NA,NA,NA,NA,NA,NA,NA,0.00,NA,NA,NA
2025-04-08 23:00:00,94.38,123.54,2.66,19.96,12.78,NA,NA,0.88,89.48,NA,NA,NA,NA,NA,NA,NA,NA,NA,NA,NA,0.00,NA,NA,NA
2025-04-09 00:00:00,101.60,106.83,3.55,17.00,11.93,NA,NA,0.77,103.59,NA,NA,NA,NA,NA,NA,NA,NA,NA,NA,NA,0.00,NA,NA,NA
2025-04-09 01:00:00,95.95,149.56,5.13,15.91,12.64,NA,NA,0.70,104.40,NA,NA,NA,NA,NA,NA,NA,NA,NA,NA,NA,0.00,NA,NA,NA
2025-04-09 02:00:00,102.23,158.20,7.10,15.40,13.97,NA,NA,0.72,102.71,NA,NA,NA,NA,NA,NA,NA,NA,NA,NA,NA,0.00,NA,NA,NA
2025-04-09 03:00:00,97.07,137.63,4.57,13.38,10.83,NA,NA,0.81,94.76,NA,NA,NA,NA,NA,NA,NA,NA,NA,NA,NA,0.00,NA,NA,NA
2025-04-09 04:00:00,102.21,124.96,3.13,13.09,9.51,NA,NA,0.88,96.35,NA,NA,NA,NA,NA,NA,NA,NA,NA,NA,NA,0.00,NA,NA,NA
2025-04-09 05:00:00,117.45,141.25,3.12,13.40,9.66,NA,NA,0.89,93.31,NA,NA,NA,NA,NA,NA,NA,NA,NA,NA,NA,0.00,NA,NA,NA
2025-04-09 06:00:00,110.72,155.61,4.72,16.46,12.59,NA,NA,0.83,69.86,NA,NA,NA,NA,NA,NA,NA,NA,NA,NA,NA,0.00,NA,NA,NA
2025-04-09 07:00:00,107.85,192.61,6.45,23.65,17.82,NA,NA,0.86,59.37,NA,NA,NA,NA,NA,NA,NA,NA,NA,NA,NA,0.00,NA,NA,NA
2025-04-09 08:00:00,90.45,176.97,4.39,12.15,10.03,NA,NA,0.83,83.18,NA,NA,NA,NA,NA,NA,NA,NA,NA,NA,NA,0.00,NA,NA,NA
2025-04-09 09:00:00,101.79,136.04,3.15,11.47,8.66,NA,NA,0.90,100.87,NA,NA,NA,NA,NA,NA,NA,NA,NA,NA,NA,0.00,NA,NA,NA
2025-04-09 10:00:00,91.03,127.40,3.16,12.09,9.00,NA,NA,0.82,120.27,NA,NA,NA,NA,NA,NA,NA,NA,NA,NA,NA,0.00,NA,NA,NA
2025-04-09 11:00:00,79.46,139.27,4.24,9.80,8.66,NA,NA,0.75,122.66,NA,NA,NA,NA,NA,NA,NA,NA,NA,NA,NA,0.00,NA,NA,NA
2025-04-09 12:00:00,77.24,156.03,3.81,8.73,7.74,NA,NA,0.70,126.31,NA,NA,NA,NA,NA,NA,NA,NA,NA,NA,NA,0.00,NA,NA,NA
2025-04-09 13:00:00,76.10,152.05,3.49,8.43,7.32,NA,NA,0.66,133.44,NA,NA,NA,NA,NA,NA,NA,NA,NA,NA,NA,0.00,NA,NA,NA
2025-04-09 14:00:00,74.10,142.48,3.50,7.79,6.99,NA,NA,0.62,148.51,NA,NA,NA,NA,NA,NA,NA,NA,NA,NA,NA,0.00,NA,NA,NA
2025-04-09 15:00:00,70.82,121.91,5.09,9.15,9.00,NA,NA,0.51,147.31,NA,NA,NA,NA,NA,NA,NA,NA,NA,NA,NA,0.00,NA,NA,NA
2025-04-09 16:00:00,82.44,159.44,15.65,11.90,19.06,NA,NA,0.39,147.42,NA,NA,NA,NA,NA,NA,NA,NA,NA,NA,NA,0.00,NA,NA,NA
2025-04-09 17:00:00,73.10,177.58,61.25,15.75,58.17,NA,NA,0.34,140.57,NA,NA,NA,NA,NA,NA,NA,NA,NA,NA,NA,0.00,NA,NA,NA
2025-04-09 18:00:00,60.13,139.78,15.59,14.68,20.48,NA,NA,0.48,110.76,NA,NA,NA,NA,NA,NA,NA,NA,NA,NA,NA,0.00,NA,NA,NA
2025-04-09 19:00:00,87.67,159.13,7.91,22.21,18.24,NA,NA,0.80,102.14,NA,NA,NA,NA,NA,NA,NA,NA,NA,NA,NA,0.00,NA,NA,NA
2025-04-09 20:00:00,102.48,153.20,6.19,25.34,18.51,NA,NA,0.83,89.74,NA,NA,NA,NA,NA,NA,NA,NA,NA,NA,NA,0.00,NA,NA,NA
2025-04-09 21:00:00,122.86,200.94,9.41,24.33,20.59,NA,NA,0.83,95.62,NA,NA,NA,NA,NA,NA,NA,NA,NA,NA,NA,0.00,NA,NA,NA
2025-04-09 22:00:00,130.13,233.03,12.96,25.44,24.07,NA,NA,0.79,84.22,NA,NA,NA,NA,NA,NA,NA,NA,NA,NA,NA,0.00,NA,NA,NA
2025-04-09 23:00:00,118.99,204.38,7.85,24.45,19.39,NA,NA,0.85,71.64,NA,NA,NA,NA,NA,NA,NA,NA,NA,NA,NA,0.00,NA,NA,NA
2025-04-10 00:00:00,97.37,139.35,4.89,16.14,12.56,NA,NA,0.78,81.47,NA,NA,NA,NA,NA,NA,NA,NA,NA,NA,NA,0.00,NA,NA,NA
2025-04-10 01:00:00,66.86,132.43,4.39,17.60,12.93,NA,NA,0.70,73.75,NA,NA,NA,NA,NA,NA,NA,NA,NA,NA,NA,0.00,NA,NA,NA
2025-04-10 02:00:00,67.14,139.78,5.81,19.87,15.30,NA,NA,0.59,61.76,NA,NA,NA,NA,NA,NA,NA,NA,NA,NA,NA,0.00,NA,NA,NA
2025-04-10 03:00:00,73.48,175.55,7.77,34.23,24.53,NA,NA,0.53,47.42,NA,NA,NA,NA,NA,NA,NA,NA,NA,NA,NA,0.00,NA,NA,NA
2025-04-10 04:00:00,69.81,168.58,6.30,25.60,18.73,NA,NA,0.58,41.23,NA,NA,NA,NA,NA,NA,NA,NA,NA,NA,NA,0.00,NA,NA,NA
2025-04-10 05:00:00,56.27,122.52,3.79,28.13,18.04,NA,NA,0.62,44.73,NA,NA,NA,NA,NA,NA,NA,NA,NA,NA,NA,0.00,NA,NA,NA
2025-04-10 06:00:00,80.68,157.46,3.78,33.45,20.86,NA,NA,0.87,42.93,NA,NA,NA,NA,NA,NA,NA,NA,NA,NA,NA,0.00,NA,NA,NA
2025-04-10 07:00:00,142.48,235.16,5.57,30.33,20.66,NA,NA,0.89,42.26,NA,NA,NA,NA,NA,NA,NA,NA,NA,NA,NA,0.00,NA,NA,NA
2025-04-10 08:00:00,93.30,190.29,7.76,20.98,17.47,NA,NA,0.68,54.95,NA,NA,NA,NA,NA,NA,NA,NA,NA,NA,NA,0.00,NA,NA,NA
2025-04-10 09:00:00,62.51,185.32,8.31,16.60,15.58,NA,NA,0.63,79.87,NA,NA,NA,NA,NA,NA,NA,NA,NA,NA,NA,0.00,NA,NA,NA
2025-04-10 10:00:00,62.49,202.62,5.30,13.39,11.43,NA,NA,0.69,90.90,NA,NA,NA,NA,NA,NA,NA,NA,NA,NA,NA,0.00,NA,NA,NA
2025-04-10 11:00:00,84.91,167.18,4.32,13.12,10.49,NA,NA,0.73,105.16,NA,NA,NA,NA,NA,NA,NA,NA,NA,NA,NA,0.00,NA,NA,NA
2025-04-10 12:00:00,61.96,155.49,NA,NA,NA,NA,NA,NA,127.71,NA,NA,NA,NA,NA,NA,NA,NA,NA,NA,NA,0.00,NA,NA,NA
2025-04-10 13:00:00,87.51,187.59,8.66,14.56,14.79,NA,NA,0.44,147.69,NA,NA,NA,NA,NA,NA,NA,NA,NA,NA,NA,0.00,NA,NA,NA
2025-04-10 14:00:00,86.48,199.13,NA,NA,NA,NA,NA,NA,153.06,NA,NA,NA,NA,NA,NA,NA,NA,NA,NA,NA,0.00,NA,NA,NA
2025-04-10 15:00:00,67.31,149.50,NA,NA,NA,NA,NA,NA,121.80,NA,NA,NA,NA,NA,NA,NA,NA,NA,NA,NA,0.00,NA,NA,NA
2025-04-10 16:00:00,42.73,77.03,NA,NA,NA,NA,NA,NA,115.79,NA,NA,NA,NA,NA,NA,NA,NA,NA,NA,NA,0.00,NA,NA,NA
2025-04-10 17:00:00,30.73,30.99,NA,NA,NA,NA,NA,NA,96.77,NA,NA,NA,NA,NA,NA,NA,NA,NA,NA,NA,0.00,NA,NA,NA
2025-04-10 18:00:00,76.60,209.84,NA,NA,NA,NA,NA,NA,NA,NA,NA,NA,NA,NA,NA,NA,NA,NA,NA,NA,0.00,NA,NA,NA
2025-04-10 19:00:00,82.86,289.72,NA,NA,NA,NA,NA,NA,147.26,NA,NA,NA,NA,NA,NA,NA,NA,NA,NA,NA,0.00,NA,NA,NA
2025-04-10 20:00:00,14.16,40.24,7.34,29.06,21.42,NA,NA,0.56,134.30,NA,NA,NA,NA,NA,NA,NA,NA,NA,NA,NA,0.00,NA,NA,NA
2025-04-10 21:00:00,20.85,32.26,4.20,33.91,21.45,NA,NA,0.65,130.40,NA,NA,NA,NA,NA,NA,NA,NA,NA,NA,NA,0.00,NA,NA,NA
2025-04-10 22:00:00,35.99,74.97,4.32,22.47,15.46,NA,NA,0.58,176.75,NA,NA,NA,NA,NA,NA,NA,NA,NA,NA,NA,0.00,NA,NA,NA
2025-04-10 23:00:00,46.21,74.73,6.34,26.11,19.05,NA,NA,0.51,164.30,NA,NA,NA,NA,NA,NA,NA,NA,NA,NA,NA,0.00,NA,NA,NA
2025-04-11 00:00:00,57.36,109.20,8.02,32.44,23.78,NA,NA,0.60,138.45,NA,NA,NA,NA,NA,NA,NA,NA,NA,NA,NA,0.00,NA,NA,NA
2025-04-11 01:00:00,44.03,95.06,4.53,24.13,16.52,NA,NA,0.68,124.48,NA,NA,NA,NA,NA,NA,NA,NA,NA,NA,NA,0.00,NA,NA,NA
2025-04-11 02:00:00,34.01,46.70,3.44,25.21,16.21,NA,NA,0.71,126.35,NA,NA,NA,NA,NA,NA,NA,NA,NA,NA,NA,0.00,NA,NA,NA
2025-04-11 03:00:00,38.95,40.37,4.26,34.08,21.59,NA,NA,0.67,107.27,NA,NA,NA,NA,NA,NA,NA,NA,NA,NA,NA,0.00,NA,NA,NA
2025-04-11 04:00:00,37.18,52.94,6.04,35.89,24.00,NA,NA,0.61,114.35,NA,NA,NA,NA,NA,NA,NA,NA,NA,NA,NA,0.00,NA,NA,NA
2025-04-11 05:00:00,41.81,72.83,8.30,41.41,28.77,NA,NA,0.61,93.90,NA,NA,NA,NA,NA,NA,NA,NA,NA,NA,NA,0.00,NA,NA,NA
2025-04-11 06:00:00,51.95,75.50,5.63,31.34,21.25,NA,NA,0.73,85.94,NA,NA,NA,NA,NA,NA,NA,NA,NA,NA,NA,0.00,NA,NA,NA
2025-04-11 07:00:00,43.37,42.23,4.42,26.94,17.92,NA,NA,0.84,92.61,NA,NA,NA,NA,NA,NA,NA,NA,NA,NA,NA,0.00,NA,NA,NA
2025-04-11 08:00:00,21.78,29.64,4.50,25.89,17.43,NA,NA,0.76,113.97,NA,NA,NA,NA,NA,NA,NA,NA,NA,NA,NA,0.00,NA,NA,NA
2025-04-11 09:00:00,51.64,58.87,6.32,27.81,19.93,NA,NA,0.67,126.49,NA,NA,NA,NA,NA,NA,NA,NA,NA,NA,NA,0.00,NA,NA,NA
2025-04-11 10:00:00,56.06,92.20,10.43,28.38,23.58,NA,NA,0.62,147.34,NA,NA,NA,NA,NA,NA,NA,NA,NA,NA,NA,0.00,NA,NA,NA
2025-04-11 11:00:00,74.96,214.08,13.29,23.99,23.56,NA,NA,0.63,168.82,NA,NA,NA,NA,NA,NA,NA,NA,NA,NA,NA,0.00,NA,NA,NA
2025-04-11 12:00:00,58.64,249.58,12.94,22.68,22.59,NA,NA,0.57,189.57,NA,NA,NA,NA,NA,NA,NA,NA,NA,NA,NA,0.00,NA,NA,NA
2025-04-11 13:00:00,61.47,179.83,22.32,26.80,32.40,NA,NA,0.45,220.66,NA,NA,NA,NA,NA,NA,NA,NA,NA,NA,NA,0.00,NA,NA,NA
2025-04-11 14:00:00,66.03,151.01,27.66,22.46,34.43,NA,NA,0.29,243.88,NA,NA,NA,NA,NA,NA,NA,NA,NA,NA,NA,0.00,NA,NA,NA
2025-04-11 15:00:00,59.22,127.67,16.39,21.28,24.64,NA,NA,0.46,236.74,NA,NA,NA,NA,NA,NA,NA,NA,NA,NA,NA,0.00,NA,NA,NA
2025-04-11 16:00:00,54.00,102.63,12.89,22.33,22.35,NA,NA,0.49,239.80,NA,NA,NA,NA,NA,NA,NA,NA,NA,NA,NA,0.00,NA,NA,NA
2025-04-11 17:00:00,42.05,72.51,8.63,21.25,18.32,NA,NA,0.62,226.30,NA,NA,NA,NA,NA,NA,NA,NA,NA,NA,NA,0.00,NA,NA,NA
2025-04-11 18:00:00,46.19,55.75,5.16,26.29,18.18,NA,NA,0.70,202.22,NA,NA,NA,NA,NA,NA,NA,NA,NA,NA,NA,0.00,NA,NA,NA
2025-04-11 19:00:00,89.80,376.19,5.56,50.76,31.53,NA,NA,0.57,154.72,NA,NA,NA,NA,NA,NA,NA,NA,NA,NA,NA,0.00,NA,NA,NA
2025-04-11 20:00:00,10.25,53.63,2.78,50.91,29.34,NA,NA,0.62,216.63,NA,NA,NA,NA,NA,NA,NA,NA,NA,NA,NA,0.00,NA,NA,NA
2025-04-11 21:00:00,15.43,NA,1.67,26.19,15.29,NA,NA,0.65,288.65,NA,NA,NA,NA,NA,NA,NA,NA,NA,NA,NA,0.00,NA,NA,NA
2025-04-11 22:00:00,3.93,NA,3.49,41.44,24.88,NA,NA,0.70,198.18,NA,NA,NA,NA,NA,NA,NA,NA,NA,NA,NA,0.00,NA,NA,NA
2025-04-11 23:00:00,18.67,23.87,4.94,44.02,27.43,NA,NA,0.66,121.50,NA,NA,NA,NA,NA,NA,NA,NA,NA,NA,NA,0.00,NA,NA,NA
2025-04-12 00:00:00,22.45,35.08,14.35,61.82,44.56,NA,NA,0.63,84.01,NA,NA,NA,NA,NA,NA,NA,NA,NA,NA,NA,0.00,NA,NA,NA
2025-04-12 01:00:00,26.09,43.78,9.79,75.03,47.86,NA,NA,0.62,68.46,NA,NA,NA,NA,NA,NA,NA,NA,NA,NA,NA,0.00,NA,NA,NA
2025-04-12 02:00:00,29.39,69.64,7.21,74.66,45.57,NA,NA,0.67,66.03,NA,NA,NA,NA,NA,NA,NA,NA,NA,NA,NA,0.00,NA,NA,NA
2025-04-12 03:00:00,48.64,65.13,7.57,54.07,34.91,NA,NA,0.58,89.76,NA,NA,NA,NA,NA,NA,NA,NA,NA,NA,NA,0.00,NA,NA,NA
2025-04-12 04:00:00,NA,NA,NA,NA,NA,NA,NA,NA,NA,NA,NA,NA,NA,NA,NA,NA,NA,NA,NA,NA,0.00,NA,NA,NA
2025-04-12 05:00:00,NA,NA,NA,NA,NA,NA,NA,NA,NA,NA,NA,NA,NA,NA,NA,NA,NA,NA,NA,NA,0.00,NA,NA,NA
2025-04-12 06:00:00,NA,NA,NA,NA,NA,NA,NA,NA,NA,NA,NA,NA,NA,NA,NA,NA,NA,NA,NA,NA,0.00,NA,NA,NA
2025-04-12 07:00:00,46.83,60.76,76.44,75.90,68.48,NA,NA,1.04,66.37,NA,NA,NA,NA,NA,NA,NA,NA,NA,NA,NA,0.00,NA,NA,NA
2025-04-12 08:00:00,NA,NA,115.10,26.53,107.58,NA,NA,0.77,78.50,NA,NA,NA,NA,NA,NA,NA,NA,NA,NA,NA,0.00,NA,NA,NA
2025-04-12 09:00:00,NA,NA,6.37,34.99,23.79,NA,NA,0.88,103.50,NA,NA,NA,NA,NA,NA,NA,NA,NA,NA,NA,0.00,NA,NA,NA
2025-04-12 10:00:00,NA,NA,5.41,29.70,20.20,NA,NA,0.76,125.57,NA,NA,NA,NA,NA,NA,NA,NA,NA,NA,NA,0.00,NA,NA,NA
2025-04-12 11:00:00,NA,NA,2.95,25.07,15.73,NA,NA,0.78,158.00,NA,NA,NA,NA,NA,NA,NA,NA,NA,NA,NA,0.00,NA,NA,NA
2025-04-12 12:00:00,NA,NA,2.74,23.15,14.55,NA,NA,0.76,207.76,NA,NA,NA,NA,NA,NA,NA,NA,NA,NA,NA,0.00,NA,NA,NA
2025-04-12 13:00:00,NA,2.15,2.55,19.11,12.24,NA,NA,0.74,258.99,NA,NA,NA,NA,NA,NA,NA,NA,NA,NA,NA,0.00,NA,NA,NA
2025-04-12 14:00:00,NA,13.26,2.65,18.59,12.04,NA,NA,0.71,271.76,NA,NA,NA,NA,NA,NA,NA,NA,NA,NA,NA,0.00,NA,NA,NA
2025-04-12 15:00:00,NA,29.74,3.73,19.09,13.19,NA,NA,0.66,274.78,NA,NA,NA,NA,NA,NA,NA,NA,NA,NA,NA,0.00,NA,NA,NA
2025-04-12 16:00:00,7.91,46.69,4.74,17.52,13.18,NA,NA,0.63,270.07,NA,NA,NA,NA,NA,NA,NA,NA,NA,NA,NA,0.00,NA,NA,NA
2025-04-12 17:00:00,18.07,56.00,4.48,18.76,13.62,NA,NA,0.64,270.73,NA,NA,NA,NA,NA,NA,NA,NA,NA,NA,NA,0.00,NA,NA,NA
2025-04-12 18:00:00,24.40,54.35,3.33,32.00,19.73,NA,NA,0.73,244.37,NA,NA,NA,NA,NA,NA,NA,NA,NA,NA,NA,0.00,NA,NA,NA
2025-04-12 19:00:00,51.69,66.22,2.33,38.02,22.12,NA,NA,0.92,192.78,NA,NA,NA,NA,NA,NA,NA,NA,NA,NA,NA,0.00,NA,NA,NA
2025-04-12 20:00:00,84.73,102.90,3.16,59.55,34.25,NA,NA,1.09,178.48,NA,NA,NA,NA,NA,NA,NA,NA,NA,NA,NA,0.00,NA,NA,NA
2025-04-12 21:00:00,72.41,110.28,3.95,65.00,37.79,NA,NA,1.22,162.30,NA,NA,NA,NA,NA,NA,NA,NA,NA,NA,NA,0.00,NA,NA,NA
2025-04-12 22:00:00,83.86,122.79,3.92,66.28,38.44,NA,NA,1.17,129.01,NA,NA,NA,NA,NA,NA,NA,NA,NA,NA,NA,0.00,NA,NA,NA
2025-04-12 23:00:00,43.88,56.55,2.13,37.90,21.89,NA,NA,0.92,131.32,NA,NA,NA,NA,NA,NA,NA,NA,NA,NA,NA,0.00,NA,NA,NA
2025-04-13 00:00:00,28.91,29.95,1.37,39.17,21.95,NA,NA,0.95,168.58,NA,NA,NA,NA,NA,NA,NA,NA,NA,NA,NA,0.00,NA,NA,NA
2025-04-13 01:00:00,26.52,30.84,2.35,44.28,25.46,NA,NA,0.93,155.81,NA,NA,NA,NA,NA,NA,NA,NA,NA,NA,NA,0.00,NA,NA,NA
2025-04-13 02:00:00,46.45,68.02,3.73,47.53,28.31,NA,NA,0.89,129.29,NA,NA,NA,NA,NA,NA,NA,NA,NA,NA,NA,0.00,NA,NA,NA
2025-04-13 03:00:00,59.96,112.07,4.05,44.80,27.12,NA,NA,0.88,105.86,NA,NA,NA,NA,NA,NA,NA,NA,NA,NA,NA,0.00,NA,NA,NA
2025-04-13 04:00:00,52.35,86.41,2.27,41.30,23.81,NA,NA,0.93,114.00,NA,NA,NA,NA,NA,NA,NA,NA,NA,NA,NA,0.00,NA,NA,NA
2025-04-13 05:00:00,51.83,54.96,1.72,39.15,22.22,NA,NA,0.97,124.70,NA,NA,NA,NA,NA,NA,NA,NA,NA,NA,NA,0.00,NA,NA,NA
2025-04-13 06:00:00,45.09,48.25,2.51,37.63,22.06,NA,NA,0.95,143.37,NA,NA,NA,NA,NA,NA,NA,NA,NA,NA,NA,0.00,NA,NA,NA
2025-04-13 07:00:00,40.64,51.04,5.34,45.95,28.78,NA,NA,0.93,125.23,NA,NA,NA,NA,NA,NA,NA,NA,NA,NA,NA,0.00,NA,NA,NA
2025-04-13 08:00:00,35.63,85.31,4.97,37.51,23.99,NA,NA,0.86,165.51,NA,NA,NA,NA,NA,NA,NA,NA,NA,NA,NA,0.00,NA,NA,NA
2025-04-13 09:00:00,34.09,95.73,3.63,23.31,15.35,NA,NA,0.83,203.50,NA,NA,NA,NA,NA,NA,NA,NA,NA,NA,NA,0.00,NA,NA,NA
2025-04-13 10:00:00,42.55,74.96,2.41,15.57,10.24,NA,NA,0.83,271.76,NA,NA,NA,NA,NA,NA,NA,NA,NA,NA,NA,0.00,NA,NA,NA
2025-04-13 11:00:00,46.66,69.70,2.13,16.90,10.73,NA,NA,0.84,318.74,NA,NA,NA,NA,NA,NA,NA,NA,NA,NA,NA,0.00,NA,NA,NA
2025-04-13 12:00:00,58.95,87.78,3.24,21.39,14.01,NA,NA,0.83,355.18,NA,NA,NA,NA,NA,NA,NA,NA,NA,NA,NA,0.00,NA,NA,NA
2025-04-13 13:00:00,54.90,84.33,3.86,17.16,12.26,NA,NA,0.73,316.66,NA,NA,NA,NA,NA,NA,NA,NA,NA,NA,NA,0.00,NA,NA,NA
2025-04-13 14:00:00,50.60,75.25,4.14,16.29,12.03,NA,NA,0.71,299.47,NA,NA,NA,NA,NA,NA,NA,NA,NA,NA,NA,0.00,NA,NA,NA
2025-04-13 15:00:00,50.99,89.30,3.36,15.72,11.09,NA,NA,0.72,300.15,NA,NA,NA,NA,NA,NA,NA,NA,NA,NA,NA,0.00,NA,NA,NA
2025-04-13 16:00:00,48.61,72.24,2.65,16.14,10.74,NA,NA,0.71,323.81,NA,NA,NA,NA,NA,NA,NA,NA,NA,NA,NA,0.00,NA,NA,NA
2025-04-13 17:00:00,40.38,68.82,3.00,19.30,12.71,NA,NA,0.71,331.15,NA,NA,NA,NA,NA,NA,NA,NA,NA,NA,NA,0.00,NA,NA,NA
2025-04-13 18:00:00,56.80,78.37,3.64,21.12,14.20,NA,NA,0.70,277.58,NA,NA,NA,NA,NA,NA,NA,NA,NA,NA,NA,0.00,NA,NA,NA
2025-04-13 19:00:00,68.80,85.48,3.72,31.70,19.88,NA,NA,0.77,249.87,NA,NA,NA,NA,NA,NA,NA,NA,NA,NA,NA,0.00,NA,NA,NA
2025-04-13 20:00:00,92.92,115.51,2.61,50.73,29.11,NA,NA,1.15,185.24,NA,NA,NA,NA,NA,NA,NA,NA,NA,NA,NA,0.00,NA,NA,NA
2025-04-13 21:00:00,105.46,120.07,1.34,50.95,28.19,NA,NA,1.10,191.56,NA,NA,NA,NA,NA,NA,NA,NA,NA,NA,NA,0.00,NA,NA,NA
2025-04-13 22:00:00,72.04,81.05,1.75,50.32,28.19,NA,NA,1.06,214.03,NA,NA,NA,NA,NA,NA,NA,NA,NA,NA,NA,0.00,NA,NA,NA
2025-04-13 23:00:00,84.85,122.47,3.13,43.79,25.84,NA,NA,1.10,212.14,NA,NA,NA,NA,NA,NA,NA,NA,NA,NA,NA,0.00,NA,NA,NA
2025-04-14 00:00:00,130.91,186.82,3.82,42.97,25.96,NA,NA,1.12,156.99,NA,NA,NA,NA,NA,NA,NA,NA,NA,NA,NA,0.00,NA,NA,NA
2025-04-14 01:00:00,139.70,193.64,2.70,39.06,22.97,NA,NA,1.20,147.97,NA,NA,NA,NA,NA,NA,NA,NA,NA,NA,NA,0.00,NA,NA,NA
2025-04-14 02:00:00,128.96,150.19,1.72,33.70,19.33,NA,NA,1.22,166.43,NA,NA,NA,NA,NA,NA,NA,NA,NA,NA,NA,0.00,NA,NA,NA
2025-04-14 03:00:00,111.99,116.33,1.76,34.90,20.00,NA,NA,1.19,168.51,NA,NA,NA,NA,NA,NA,NA,NA,NA,NA,NA,0.00,NA,NA,NA
2025-04-14 04:00:00,128.28,139.10,3.20,40.03,23.89,NA,NA,1.22,152.34,NA,NA,NA,NA,NA,NA,NA,NA,NA,NA,NA,0.00,NA,NA,NA
2025-04-14 05:00:00,131.49,169.07,6.78,80.37,48.26,NA,NA,1.22,114.81,NA,NA,NA,NA,NA,NA,NA,NA,NA,NA,NA,0.00,NA,NA,NA
2025-04-14 06:00:00,135.53,180.09,3.54,48.37,28.60,NA,NA,1.32,116.07,NA,NA,NA,NA,NA,NA,NA,NA,NA,NA,NA,0.00,NA,NA,NA
2025-04-14 07:00:00,172.23,246.66,2.93,45.66,26.67,NA,NA,1.53,146.73,NA,NA,NA,NA,NA,NA,NA,NA,NA,NA,NA,0.00,NA,NA,NA
2025-04-14 08:00:00,63.00,128.18,2.03,31.65,18.48,NA,NA,1.22,228.35,NA,NA,NA,NA,NA,NA,NA,NA,NA,NA,NA,0.00,NA,NA,NA
2025-04-14 09:00:00,72.07,85.05,3.13,30.69,18.87,NA,NA,1.05,248.42,NA,NA,NA,NA,NA,NA,NA,NA,NA,NA,NA,0.00,NA,NA,NA
2025-04-14 10:00:00,75.75,89.61,3.91,27.58,17.85,NA,NA,0.95,252.65,NA,NA,NA,NA,NA,NA,NA,NA,NA,NA,NA,0.00,NA,NA,NA
2025-04-14 11:00:00,64.91,92.05,4.10,22.19,15.13,NA,NA,0.85,265.05,NA,NA,NA,NA,NA,NA,NA,NA,NA,NA,NA,0.00,NA,NA,NA
2025-04-14 12:00:00,38.74,81.49,3.23,16.91,11.62,NA,NA,0.80,276.07,NA,NA,NA,NA,NA,NA,NA,NA,NA,NA,NA,0.00,NA,NA,NA
2025-04-14 13:00:00,38.69,54.65,2.77,14.77,10.11,NA,NA,0.74,264.92,NA,NA,NA,NA,NA,NA,NA,NA,NA,NA,NA,0.00,NA,NA,NA
2025-04-14 14:00:00,29.82,57.60,4.10,13.86,10.70,NA,NA,0.68,258.97,NA,NA,NA,NA,NA,NA,NA,NA,NA,NA,NA,0.00,NA,NA,NA
2025-04-14 15:00:00,44.05,71.50,4.34,14.21,11.09,NA,NA,0.64,282.04,NA,NA,NA,NA,NA,NA,NA,NA,NA,NA,NA,0.00,NA,NA,NA
2025-04-14 16:00:00,48.85,83.81,5.23,14.08,11.74,NA,NA,0.59,290.98,NA,NA,NA,NA,NA,NA,NA,NA,NA,NA,NA,0.00,NA,NA,NA
2025-04-14 17:00:00,45.62,76.32,4.52,12.64,10.40,NA,NA,0.61,290.82,NA,NA,NA,NA,NA,NA,NA,NA,NA,NA,NA,0.00,NA,NA,NA
2025-04-14 18:00:00,37.84,56.44,3.51,12.40,9.45,NA,NA,0.64,286.46,NA,NA,NA,NA,NA,NA,NA,NA,NA,NA,NA,0.00,NA,NA,NA
2025-04-14 19:00:00,36.52,43.46,2.97,21.35,13.77,NA,NA,0.67,269.50,NA,NA,NA,NA,NA,NA,NA,NA,NA,NA,NA,0.00,NA,NA,NA
2025-04-14 20:00:00,36.73,42.41,3.58,28.30,17.96,NA,NA,0.71,258.04,NA,NA,NA,NA,NA,NA,NA,NA,NA,NA,NA,0.00,NA,NA,NA
2025-04-14 21:00:00,42.25,72.98,3.97,34.03,21.33,NA,NA,0.75,234.81,NA,NA,NA,NA,NA,NA,NA,NA,NA,NA,NA,0.00,NA,NA,NA
2025-04-14 22:00:00,61.08,93.72,3.39,35.09,21.42,NA,NA,0.85,231.15,NA,NA,NA,NA,NA,NA,NA,NA,NA,NA,NA,0.00,NA,NA,NA
2025-04-14 23:00:00,59.84,79.28,2.77,33.12,19.87,NA,NA,0.92,253.26,NA,NA,NA,NA,NA,NA,NA,NA,NA,NA,NA,0.00,NA,NA,NA
2025-04-15 00:00:00,56.24,79.66,1.98,31.62,18.43,NA,NA,0.96,256.03,NA,NA,NA,NA,NA,NA,NA,NA,NA,NA,NA,0.00,NA,NA,NA
2025-04-15 01:00:00,94.42,91.46,3.02,35.74,21.47,NA,NA,0.95,254.43,NA,NA,NA,NA,NA,NA,NA,NA,NA,NA,NA,0.00,NA,NA,NA
2025-04-15 02:00:00,114.75,166.62,3.81,32.76,20.52,NA,NA,0.99,238.50,NA,NA,NA,NA,NA,NA,NA,NA,NA,NA,NA,0.00,NA,NA,NA
2025-04-15 03:00:00,133.35,184.20,3.67,32.95,20.51,NA,NA,1.07,230.05,NA,NA,NA,NA,NA,NA,NA,NA,NA,NA,NA,0.00,NA,NA,NA
2025-04-15 04:00:00,162.15,199.57,3.65,32.63,20.32,NA,NA,1.16,227.09,NA,NA,NA,NA,NA,NA,NA,NA,NA,NA,NA,0.00,NA,NA,NA
2025-04-15 05:00:00,144.77,131.85,3.52,26.94,17.19,NA,NA,1.17,243.79,NA,NA,NA,NA,NA,NA,NA,NA,NA,NA,NA,0.00,NA,NA,NA
2025-04-15 06:00:00,114.38,92.32,4.55,32.20,20.83,NA,NA,1.14,240.15,NA,NA,NA,NA,NA,NA,NA,NA,NA,NA,NA,0.00,NA,NA,NA
2025-04-15 07:00:00,89.43,91.92,4.30,38.05,23.73,NA,NA,1.10,210.04,NA,NA,NA,NA,NA,NA,NA,NA,NA,NA,NA,0.00,NA,NA,NA
2025-04-15 08:00:00,56.83,119.53,3.93,22.53,15.18,NA,NA,0.96,232.68,NA,NA,NA,NA,NA,NA,NA,NA,NA,NA,NA,0.00,NA,NA,NA
2025-04-15 09:00:00,39.50,109.19,3.15,19.82,13.11,NA,NA,1.01,235.56,NA,NA,NA,NA,NA,NA,NA,NA,NA,NA,NA,0.00,NA,NA,NA
2025-04-15 10:00:00,42.13,181.81,2.56,15.79,10.48,NA,NA,0.94,138.03,NA,NA,NA,NA,NA,NA,NA,NA,NA,NA,NA,0.00,NA,NA,NA
2025-04-15 11:00:00,127.67,417.65,2.93,15.50,10.63,NA,NA,0.85,50.51,NA,NA,NA,NA,NA,NA,NA,NA,NA,NA,NA,0.00,NA,NA,NA
2025-04-15 12:00:00,NA,113.56,4.58,13.97,11.16,NA,NA,0.73,116.85,NA,NA,NA,NA,NA,NA,NA,NA,NA,NA,NA,0.00,NA,NA,NA
2025-04-15 13:00:00,29.50,178.51,6.05,12.42,11.52,NA,NA,0.62,5.06,NA,NA,NA,NA,NA,NA,NA,NA,NA,NA,NA,0.00,NA,NA,NA
2025-04-15 14:00:00,70.48,141.84,6.42,9.95,10.51,NA,NA,0.56,149.96,NA,NA,NA,NA,NA,NA,NA,NA,NA,NA,NA,0.00,NA,NA,NA
2025-04-15 15:00:00,64.54,132.03,6.73,10.49,11.05,NA,NA,0.55,182.48,NA,NA,NA,NA,NA,NA,NA,NA,NA,NA,NA,0.00,NA,NA,NA
2025-04-15 16:00:00,50.58,109.62,5.98,12.80,11.67,NA,NA,0.64,191.96,NA,NA,NA,NA,NA,NA,NA,NA,NA,NA,NA,0.00,NA,NA,NA
2025-04-15 17:00:00,53.35,91.21,6.15,10.40,10.54,NA,NA,0.63,225.22,NA,NA,NA,NA,NA,NA,NA,NA,NA,NA,NA,0.00,NA,NA,NA
2025-04-15 18:00:00,60.98,102.20,6.89,10.86,11.38,NA,NA,0.59,231.48,NA,NA,NA,NA,NA,NA,NA,NA,NA,NA,NA,0.00,NA,NA,NA
2025-04-15 19:00:00,58.70,106.97,6.65,25.01,18.71,NA,NA,0.67,190.27,NA,NA,NA,NA,NA,NA,NA,NA,NA,NA,NA,0.00,NA,NA,NA
2025-04-15 20:00:00,65.16,104.29,5.52,45.85,28.88,NA,NA,0.85,163.13,NA,NA,NA,NA,NA,NA,NA,NA,NA,NA,NA,0.00,NA,NA,NA
2025-04-15 21:00:00,61.99,101.83,3.88,53.51,31.62,NA,NA,1.05,145.59,NA,NA,NA,NA,NA,NA,NA,NA,NA,NA,NA,0.00,NA,NA,NA
2025-04-15 22:00:00,74.17,109.60,3.96,43.65,26.44,NA,NA,1.07,152.08,NA,NA,NA,NA,NA,NA,NA,NA,NA,NA,NA,0.00,NA,NA,NA
2025-04-15 23:00:00,101.05,148.91,4.53,41.89,25.96,NA,NA,1.16,165.55,NA,NA,NA,NA,NA,NA,NA,NA,NA,NA,NA,0.00,NA,NA,NA
2025-04-16 00:00:00,148.06,191.11,4.29,36.47,22.89,NA,NA,1.25,181.43,NA,NA,NA,NA,NA,NA,NA,NA,NA,NA,NA,0.00,NA,NA,NA
2025-04-16 01:00:00,174.69,214.12,2.92,26.74,16.59,NA,NA,1.27,201.37,NA,NA,NA,NA,NA,NA,NA,NA,NA,NA,NA,0.00,NA,NA,NA
2025-04-16 02:00:00,135.43,141.22,2.13,24.68,14.85,NA,NA,1.21,224.98,NA,NA,NA,NA,NA,NA,NA,NA,NA,NA,NA,0.00,NA,NA,NA
2025-04-16 03:00:00,123.45,139.10,2.64,28.13,17.11,NA,NA,1.16,222.37,NA,NA,NA,NA,NA,NA,NA,NA,NA,NA,NA,0.00,NA,NA,NA
2025-04-16 04:00:00,132.72,142.55,3.87,49.92,29.71,NA,NA,1.18,187.89,NA,NA,NA,NA,NA,NA,NA,NA,NA,NA,NA,0.00,NA,NA,NA
2025-04-16 05:00:00,148.72,178.79,4.40,66.61,39.01,NA,NA,1.29,170.49,NA,NA,NA,NA,NA,NA,NA,NA,NA,NA,NA,0.00,NA,NA,NA
2025-04-16 06:00:00,187.01,240.36,3.93,41.85,25.45,NA,NA,1.53,248.97,NA,NA,NA,NA,NA,NA,NA,NA,NA,NA,NA,0.00,NA,NA,NA
2025-04-16 07:00:00,131.55,185.90,3.14,37.87,22.69,NA,NA,1.34,322.03,NA,NA,NA,NA,NA,NA,NA,NA,NA,NA,NA,0.00,NA,NA,NA
2025-04-16 08:00:00,32.23,86.12,2.70,20.74,13.22,NA,NA,1.13,338.85,NA,NA,NA,NA,NA,NA,NA,NA,NA,NA,NA,0.00,NA,NA,NA
2025-04-16 09:00:00,23.21,70.90,5.26,19.15,14.47,NA,NA,0.98,333.57,NA,NA,NA,NA,NA,NA,NA,NA,NA,NA,NA,0.00,NA,NA,NA
2025-04-16 10:00:00,68.26,103.95,4.21,13.51,10.61,NA,NA,0.82,305.69,NA,NA,NA,NA,NA,NA,NA,NA,NA,NA,NA,0.00,NA,NA,NA
2025-04-16 11:00:00,66.51,132.01,4.59,10.42,9.27,NA,NA,0.77,47.71,NA,NA,NA,NA,NA,NA,NA,NA,NA,NA,NA,0.00,NA,NA,NA
2025-04-16 12:00:00,71.49,126.93,5.01,7.69,8.17,NA,NA,0.68,257.00,NA,NA,NA,NA,NA,NA,NA,NA,NA,NA,NA,0.00,NA,NA,NA
2025-04-16 13:00:00,64.05,134.15,5.87,8.40,9.24,NA,NA,0.65,208.95,NA,NA,NA,NA,NA,NA,NA,NA,NA,NA,NA,0.00,NA,NA,NA
2025-04-16 14:00:00,61.62,125.05,6.12,8.13,9.30,NA,NA,0.63,200.96,NA,NA,NA,NA,NA,NA,NA,NA,NA,NA,NA,0.00,NA,NA,NA
2025-04-16 15:00:00,65.90,123.59,5.21,4.67,6.72,NA,NA,0.56,105.83,NA,NA,NA,NA,NA,NA,NA,NA,NA,NA,NA,0.00,NA,NA,NA
2025-04-16 16:00:00,66.86,111.18,4.97,5.38,6.90,NA,NA,0.55,110.35,NA,NA,NA,NA,NA,NA,NA,NA,NA,NA,NA,0.00,NA,NA,NA
2025-04-16 17:00:00,67.25,117.56,4.24,6.47,6.89,NA,NA,0.62,119.27,NA,NA,NA,NA,NA,NA,NA,NA,NA,NA,NA,0.00,NA,NA,NA
2025-04-16 18:00:00,68.85,96.38,3.40,6.92,6.45,NA,NA,0.65,117.27,NA,NA,NA,NA,NA,NA,NA,NA,NA,NA,NA,0.00,NA,NA,NA
2025-04-16 19:00:00,59.55,87.99,3.09,12.28,9.05,NA,NA,0.73,111.02,NA,NA,NA,NA,NA,NA,NA,NA,NA,NA,NA,0.00,NA,NA,NA
2025-04-16 20:00:00,72.62,139.71,3.26,23.66,15.23,NA,NA,0.97,102.34,NA,NA,NA,NA,NA,NA,NA,NA,NA,NA,NA,0.00,NA,NA,NA
2025-04-16 21:00:00,130.44,230.36,3.38,22.85,14.91,NA,NA,1.04,100.44,NA,NA,NA,NA,NA,NA,NA,NA,NA,NA,NA,0.00,NA,NA,NA
2025-04-16 22:00:00,104.63,191.34,3.00,20.05,13.10,NA,NA,0.99,103.53,NA,NA,NA,NA,NA,NA,NA,NA,NA,NA,NA,0.00,NA,NA,NA
2025-04-16 23:00:00,111.64,179.91,2.03,19.33,11.93,NA,NA,1.08,139.33,NA,NA,NA,NA,NA,NA,NA,NA,NA,NA,NA,0.00,NA,NA,NA
2025-04-17 00:00:00,125.92,188.56,2.87,16.77,11.25,NA,NA,1.11,181.16,NA,NA,NA,NA,NA,NA,NA,NA,NA,NA,NA,0.00,NA,NA,NA
2025-04-17 01:00:00,126.82,181.24,2.65,14.89,10.07,NA,NA,1.02,167.85,NA,NA,NA,NA,NA,NA,NA,NA,NA,NA,NA,0.00,NA,NA,NA
2025-04-17 02:00:00,117.04,173.75,2.95,13.91,9.80,NA,NA,1.01,163.91,NA,NA,NA,NA,NA,NA,NA,NA,NA,NA,NA,0.00,NA,NA,NA
2025-04-17 03:00:00,106.21,180.66,2.94,13.75,9.71,NA,NA,1.06,158.62,NA,NA,NA,NA,NA,NA,NA,NA,NA,NA,NA,0.00,NA,NA,NA
2025-04-17 04:00:00,98.53,134.76,2.45,15.81,10.40,NA,NA,1.09,193.94,NA,NA,NA,NA,NA,NA,NA,NA,NA,NA,NA,0.00,NA,NA,NA
2025-04-17 05:00:00,90.34,143.49,1.43,21.94,12.83,NA,NA,1.21,254.20,NA,NA,NA,NA,NA,NA,NA,NA,NA,NA,NA,0.00,NA,NA,NA
2025-04-17 06:00:00,94.34,133.87,2.28,14.44,9.54,NA,NA,1.02,174.36,NA,NA,NA,NA,NA,NA,NA,NA,NA,NA,NA,0.00,NA,NA,NA
2025-04-17 07:00:00,56.47,112.16,4.30,16.40,12.22,NA,NA,0.85,136.95,NA,NA,NA,NA,NA,NA,NA,NA,NA,NA,NA,0.00,NA,NA,NA
2025-04-17 08:00:00,43.82,132.06,3.28,10.81,8.42,NA,NA,0.80,142.36,NA,NA,NA,NA,NA,NA,NA,NA,NA,NA,NA,0.00,NA,NA,NA
2025-04-17 09:00:00,43.12,138.47,2.82,8.11,6.61,NA,NA,0.85,171.01,NA,NA,NA,NA,NA,NA,NA,NA,NA,NA,NA,0.00,NA,NA,NA
2025-04-17 10:00:00,47.28,130.26,2.35,6.56,5.40,NA,NA,0.78,111.38,NA,NA,NA,NA,NA,NA,NA,NA,NA,NA,NA,0.00,NA,NA,NA
2025-04-17 11:00:00,47.55,114.43,2.47,6.92,5.69,NA,NA,0.69,27.56,NA,NA,NA,NA,NA,NA,NA,NA,NA,NA,NA,0.00,NA,NA,NA
2025-04-17 12:00:00,43.87,130.96,3.33,5.32,5.53,NA,NA,0.62,24.60,NA,NA,NA,NA,NA,NA,NA,NA,NA,NA,NA,0.00,NA,NA,NA
2025-04-17 13:00:00,52.45,139.75,3.87,5.74,6.20,NA,NA,0.63,NA,NA,NA,NA,NA,NA,NA,NA,NA,NA,NA,NA,0.00,NA,NA,NA
2025-04-17 14:00:00,65.38,136.14,4.38,5.93,6.71,NA,NA,0.61,77.43,NA,NA,NA,NA,NA,NA,NA,NA,NA,NA,NA,0.00,NA,NA,NA
2025-04-17 15:00:00,60.91,136.89,4.55,14.65,11.49,NA,NA,0.57,86.92,NA,NA,NA,NA,NA,NA,NA,NA,NA,NA,NA,0.00,NA,NA,NA
2025-04-17 16:00:00,69.24,156.11,5.13,22.38,16.07,NA,NA,0.55,76.47,NA,NA,NA,NA,NA,NA,NA,NA,NA,NA,NA,0.00,NA,NA,NA
2025-04-17 17:00:00,56.50,125.45,4.41,16.25,12.23,NA,NA,0.62,96.91,NA,NA,NA,NA,NA,NA,NA,NA,NA,NA,NA,0.00,NA,NA,NA
2025-04-17 18:00:00,57.74,109.12,3.95,20.35,14.03,NA,NA,0.72,108.13,NA,NA,NA,NA,NA,NA,NA,NA,NA,NA,NA,0.00,NA,NA,NA
2025-04-17 19:00:00,91.78,152.34,4.07,21.23,14.60,NA,NA,0.97,86.51,NA,NA,NA,NA,NA,NA,NA,NA,NA,NA,NA,0.00,NA,NA,NA
2025-04-17 20:00:00,116.77,152.52,3.27,21.46,14.07,NA,NA,1.05,56.52,NA,NA,NA,NA,NA,NA,NA,NA,NA,NA,NA,0.00,NA,NA,NA
2025-04-17 21:00:00,93.45,115.06,2.17,26.04,15.61,NA,NA,1.34,47.09,NA,NA,NA,NA,NA,NA,NA,NA,NA,NA,NA,0.00,NA,NA,NA
2025-04-17 22:00:00,126.33,174.47,1.97,27.68,16.32,NA,NA,1.29,50.27,NA,NA,NA,NA,NA,NA,NA,NA,NA,NA,NA,0.00,NA,NA,NA
2025-04-17 23:00:00,117.42,195.71,2.65,24.43,15.15,NA,NA,1.19,47.07,NA,NA,NA,NA,NA,NA,NA,NA,NA,NA,NA,0.00,NA,NA,NA
2025-04-18 00:00:00,99.67,169.53,2.98,17.52,11.75,NA,NA,1.08,49.60,NA,NA,NA,NA,NA,NA,NA,NA,NA,NA,NA,0.00,NA,NA,NA
2025-04-18 01:00:00,94.88,183.53,3.42,15.28,10.91,NA,NA,1.04,39.27,NA,NA,NA,NA,NA,NA,NA,NA,NA,NA,NA,0.00,NA,NA,NA
2025-04-18 02:00:00,94.30,150.04,1.66,11.87,7.66,NA,NA,1.02,33.97,NA,NA,NA,NA,NA,NA,NA,NA,NA,NA,NA,0.00,NA,NA,NA
2025-04-18 03:00:00,84.17,123.62,1.55,11.08,7.16,NA,NA,0.99,27.05,NA,NA,NA,NA,NA,NA,NA,NA,NA,NA,NA,0.00,NA,NA,NA
2025-04-18 04:00:00,69.67,101.71,2.42,12.10,8.40,NA,NA,0.91,21.64,NA,NA,NA,NA,NA,NA,NA,NA,NA,NA,NA,0.00,NA,NA,NA
2025-04-18 05:00:00,75.98,112.21,3.05,13.17,9.49,NA,NA,0.90,27.40,NA,NA,NA,NA,NA,NA,NA,NA,NA,NA,NA,0.00,NA,NA,NA
2025-04-18 06:00:00,82.68,128.47,2.81,14.25,9.86,NA,NA,0.98,19.67,NA,NA,NA,NA,NA,NA,NA,NA,NA,NA,NA,0.00,NA,NA,NA
2025-04-18 07:00:00,58.41,89.64,1.74,10.83,7.18,NA,NA,0.96,20.38,NA,NA,NA,NA,NA,NA,NA,NA,NA,NA,NA,0.00,NA,NA,NA
2025-04-18 08:00:00,49.20,94.67,1.34,8.15,5.42,NA,NA,0.99,29.64,NA,NA,NA,NA,NA,NA,NA,NA,NA,NA,NA,0.00,NA,NA,NA
2025-04-18 09:00:00,63.39,144.71,2.04,9.72,6.83,NA,NA,0.95,31.56,NA,NA,NA,NA,NA,NA,NA,NA,NA,NA,NA,0.00,NA,NA,NA
2025-04-18 10:00:00,77.60,164.04,2.65,9.64,7.28,NA,NA,0.91,44.70,NA,NA,NA,NA,NA,NA,NA,NA,NA,NA,NA,0.00,NA,NA,NA
2025-04-18 11:00:00,76.03,160.69,3.04,8.40,6.94,NA,NA,0.87,54.95,NA,NA,NA,NA,NA,NA,NA,NA,NA,NA,NA,0.00,NA,NA,NA
2025-04-18 12:00:00,73.15,166.45,2.79,8.50,6.79,NA,NA,0.88,74.42,NA,NA,NA,NA,NA,NA,NA,NA,NA,NA,NA,0.00,NA,NA,NA
2025-04-18 13:00:00,86.63,173.01,2.87,7.89,6.53,NA,NA,0.88,88.48,NA,NA,NA,NA,NA,NA,NA,NA,NA,NA,NA,0.00,NA,NA,NA
2025-04-18 14:00:00,76.43,156.69,3.56,8.45,7.39,NA,NA,0.83,91.83,NA,NA,NA,NA,NA,NA,NA,NA,NA,NA,NA,0.00,NA,NA,NA
2025-04-18 15:00:00,83.88,168.70,3.01,7.15,6.25,NA,NA,0.81,99.23,NA,NA,NA,NA,NA,NA,NA,NA,NA,NA,NA,0.00,NA,NA,NA
2025-04-18 16:00:00,77.41,163.27,2.83,7.09,6.07,NA,NA,0.80,109.25,NA,NA,NA,NA,NA,NA,NA,NA,NA,NA,NA,0.00,NA,NA,NA
2025-04-18 17:00:00,81.60,165.51,2.93,8.09,6.69,NA,NA,0.80,111.84,NA,NA,NA,NA,NA,NA,NA,NA,NA,NA,NA,0.00,NA,NA,NA
2025-04-18 18:00:00,72.39,148.77,2.93,7.49,6.37,NA,NA,0.80,109.60,NA,NA,NA,NA,NA,NA,NA,NA,NA,NA,NA,0.00,NA,NA,NA
2025-04-18 19:00:00,74.68,151.26,4.23,11.20,9.40,NA,NA,0.89,107.12,NA,NA,NA,NA,NA,NA,NA,NA,NA,NA,NA,0.00,NA,NA,NA
2025-04-18 20:00:00,81.41,156.68,3.35,16.15,11.32,NA,NA,0.95,88.91,NA,NA,NA,NA,NA,NA,NA,NA,NA,NA,NA,0.00,NA,NA,NA
2025-04-18 21:00:00,89.82,208.37,3.20,16.28,11.26,NA,NA,0.93,77.89,NA,NA,NA,NA,NA,NA,NA,NA,NA,NA,NA,0.00,NA,NA,NA
2025-04-18 22:00:00,94.76,315.49,2.86,10.70,8.02,NA,NA,0.84,66.47,NA,NA,NA,NA,NA,NA,NA,NA,NA,NA,NA,0.00,NA,NA,NA
2025-04-18 23:00:00,51.09,100.06,2.04,11.63,7.85,NA,NA,0.87,59.36,NA,NA,NA,NA,NA,NA,NA,NA,NA,NA,NA,0.00,NA,NA,NA
2025-04-19 00:00:00,23.77,34.20,1.64,12.24,7.84,NA,NA,0.80,51.37,NA,NA,NA,NA,NA,NA,NA,NA,NA,NA,NA,0.00,NA,NA,NA
2025-04-19 01:00:00,21.89,35.31,2.21,9.26,6.73,NA,NA,0.72,59.15,NA,NA,NA,NA,NA,NA,NA,NA,NA,NA,NA,0.00,NA,NA,NA
2025-04-19 02:00:00,35.71,59.11,2.85,8.69,6.95,NA,NA,0.73,61.37,NA,NA,NA,NA,NA,NA,NA,NA,NA,NA,NA,0.00,NA,NA,NA
2025-04-19 03:00:00,36.39,66.86,2.79,12.88,9.12,NA,NA,0.73,54.06,NA,NA,NA,NA,NA,NA,NA,NA,NA,NA,NA,0.00,NA,NA,NA
2025-04-19 04:00:00,41.81,57.52,1.89,13.01,8.46,NA,NA,0.79,48.43,NA,NA,NA,NA,NA,NA,NA,NA,NA,NA,NA,0.00,NA,NA,NA
2025-04-19 05:00:00,43.33,45.08,1.37,7.27,4.98,NA,NA,0.81,56.75,NA,NA,NA,NA,NA,NA,NA,NA,NA,NA,NA,0.00,NA,NA,NA
2025-04-19 06:00:00,40.45,58.44,2.25,5.36,4.68,NA,NA,0.83,52.92,NA,NA,NA,NA,NA,NA,NA,NA,NA,NA,NA,0.00,NA,NA,NA
2025-04-19 07:00:00,65.08,109.53,2.77,7.08,6.02,NA,NA,0.86,39.97,NA,NA,NA,NA,NA,NA,NA,NA,NA,NA,NA,0.00,NA,NA,NA
2025-04-19 08:00:00,64.47,114.87,3.31,8.60,7.26,NA,NA,0.81,36.54,NA,NA,NA,NA,NA,NA,NA,NA,NA,NA,NA,0.00,NA,NA,NA
2025-04-19 09:00:00,66.94,133.64,3.73,6.83,6.66,NA,NA,0.79,36.60,NA,NA,NA,NA,NA,NA,NA,NA,NA,NA,NA,0.00,NA,NA,NA
2025-04-19 10:00:00,69.83,140.02,3.30,6.73,6.26,NA,NA,0.85,39.66,NA,NA,NA,NA,NA,NA,NA,NA,NA,NA,NA,0.00,NA,NA,NA
2025-04-19 11:00:00,69.38,130.09,2.85,6.87,5.96,NA,NA,0.89,46.47,NA,NA,NA,NA,NA,NA,NA,NA,NA,NA,NA,0.00,NA,NA,NA
2025-04-19 12:00:00,68.97,155.91,2.50,6.20,5.33,NA,NA,0.89,52.87,NA,NA,NA,NA,NA,NA,NA,NA,NA,NA,NA,0.00,NA,NA,NA
2025-04-19 13:00:00,68.61,166.26,2.26,5.30,4.66,NA,NA,0.86,60.05,NA,NA,NA,NA,NA,NA,NA,NA,NA,NA,NA,0.00,NA,NA,NA
2025-04-19 14:00:00,73.97,181.92,2.32,4.93,4.51,NA,NA,0.83,67.87,NA,NA,NA,NA,NA,NA,NA,NA,NA,NA,NA,0.00,NA,NA,NA
2025-04-19 15:00:00,65.28,167.79,2.99,5.51,5.37,NA,NA,0.73,70.53,NA,NA,NA,NA,NA,NA,NA,NA,NA,NA,NA,0.00,NA,NA,NA
2025-04-19 16:00:00,66.57,186.50,3.80,6.33,6.46,NA,NA,0.72,80.76,NA,NA,NA,NA,NA,NA,NA,NA,NA,NA,NA,0.00,NA,NA,NA
2025-04-19 17:00:00,83.46,213.07,4.30,7.90,7.70,NA,NA,0.70,76.05,NA,NA,NA,NA,NA,NA,NA,NA,NA,NA,NA,0.00,NA,NA,NA
2025-04-19 18:00:00,72.33,193.58,4.83,6.91,7.60,NA,NA,0.72,90.12,NA,NA,NA,NA,NA,NA,NA,NA,NA,NA,NA,0.00,NA,NA,NA
2025-04-19 19:00:00,53.05,127.11,3.42,6.76,6.38,NA,NA,0.76,84.25,NA,NA,NA,NA,NA,NA,NA,NA,NA,NA,NA,0.00,NA,NA,NA
2025-04-19 20:00:00,36.95,85.12,3.21,6.90,6.28,NA,NA,0.76,85.40,NA,NA,NA,NA,NA,NA,NA,NA,NA,NA,NA,0.00,NA,NA,NA
2025-04-19 21:00:00,38.45,79.27,2.42,6.33,5.34,NA,NA,0.78,77.42,NA,NA,NA,NA,NA,NA,NA,NA,NA,NA,NA,0.00,NA,NA,NA
2025-04-19 22:00:00,31.93,47.30,1.65,7.33,5.24,NA,NA,0.80,70.58,NA,NA,NA,NA,NA,NA,NA,NA,NA,NA,NA,0.00,NA,NA,NA
2025-04-19 23:00:00,35.76,41.00,1.85,10.01,6.83,NA,NA,0.81,62.41,NA,NA,NA,NA,NA,NA,NA,NA,NA,NA,NA,0.00,NA,NA,NA
2025-04-20 00:00:00,39.81,73.50,2.57,10.30,7.57,NA,NA,0.79,61.22,NA,NA,NA,NA,NA,NA,NA,NA,NA,NA,NA,0.00,NA,NA,NA
2025-04-20 01:00:00,51.53,94.62,2.80,8.24,6.66,NA,NA,0.78,61.18,NA,NA,NA,NA,NA,NA,NA,NA,NA,NA,NA,0.00,NA,NA,NA
2025-04-20 02:00:00,61.90,100.54,2.09,7.32,5.59,NA,NA,0.86,51.97,NA,NA,NA,NA,NA,NA,NA,NA,NA,NA,NA,0.00,NA,NA,NA
2025-04-20 03:00:00,75.87,105.39,1.24,8.19,5.36,NA,NA,0.91,44.03,NA,NA,NA,NA,NA,NA,NA,NA,NA,NA,NA,0.00,NA,NA,NA
2025-04-20 04:00:00,60.56,88.27,0.98,7.33,4.70,NA,NA,0.89,44.60,NA,NA,NA,NA,NA,NA,NA,NA,NA,NA,NA,0.00,NA,NA,NA
2025-04-20 05:00:00,52.71,59.54,1.79,7.75,5.58,NA,NA,0.82,40.74,NA,NA,NA,NA,NA,NA,NA,NA,NA,NA,NA,0.00,NA,NA,NA
2025-04-20 06:00:00,52.57,87.16,2.62,6.80,5.75,NA,NA,0.81,37.83,NA,NA,NA,NA,NA,NA,NA,NA,NA,NA,NA,0.00,NA,NA,NA
2025-04-20 07:00:00,60.67,88.36,2.29,5.90,5.00,NA,NA,0.85,31.57,NA,NA,NA,NA,NA,NA,NA,NA,NA,NA,NA,0.00,NA,NA,NA
2025-04-20 08:00:00,50.50,72.06,1.51,6.27,4.57,NA,NA,0.93,31.02,NA,NA,NA,NA,NA,NA,NA,NA,NA,NA,NA,0.00,NA,NA,NA
2025-04-20 09:00:00,54.39,87.21,0.98,6.28,4.13,NA,NA,0.94,35.28,NA,NA,NA,NA,NA,NA,NA,NA,NA,NA,NA,0.00,NA,NA,NA
2025-04-20 10:00:00,60.65,109.70,1.07,7.42,4.81,NA,NA,0.97,42.21,NA,NA,NA,NA,NA,NA,NA,NA,NA,NA,NA,0.00,NA,NA,NA
2025-04-20 11:00:00,72.20,162.58,1.36,6.87,4.76,NA,NA,0.91,42.52,NA,NA,NA,NA,NA,NA,NA,NA,NA,NA,NA,0.00,NA,NA,NA
2025-04-20 12:00:00,75.68,210.10,1.73,4.40,3.74,NA,NA,0.80,38.14,NA,NA,NA,NA,NA,NA,NA,NA,NA,NA,NA,0.00,NA,NA,NA
2025-04-20 13:00:00,67.04,204.16,1.92,4.06,3.72,NA,NA,0.77,48.26,NA,NA,NA,NA,NA,NA,NA,NA,NA,NA,NA,0.00,NA,NA,NA
2025-04-20 14:00:00,63.59,179.14,2.22,3.97,3.92,NA,NA,0.71,57.91,NA,NA,NA,NA,NA,NA,NA,NA,NA,NA,NA,0.00,NA,NA,NA
2025-04-20 15:00:00,63.82,175.37,2.89,4.32,4.65,NA,NA,0.68,62.69,NA,NA,NA,NA,NA,NA,NA,NA,NA,NA,NA,0.00,NA,NA,NA
2025-04-20 16:00:00,64.79,180.18,3.49,4.30,5.13,NA,NA,0.64,71.18,NA,NA,NA,NA,NA,NA,NA,NA,NA,NA,NA,0.00,NA,NA,NA
2025-04-20 17:00:00,63.30,187.79,3.32,3.86,4.75,NA,NA,0.63,67.57,NA,NA,NA,NA,NA,NA,NA,NA,NA,NA,NA,0.00,NA,NA,NA
2025-04-20 18:00:00,75.25,149.23,2.73,5.82,5.31,NA,NA,0.78,94.44,NA,NA,NA,NA,NA,NA,NA,NA,NA,NA,NA,0.00,NA,NA,NA
2025-04-20 19:00:00,66.27,138.00,2.37,7.00,5.65,NA,NA,0.84,88.56,NA,NA,NA,NA,NA,NA,NA,NA,NA,NA,NA,0.00,NA,NA,NA
2025-04-20 20:00:00,70.86,144.11,2.77,6.92,5.93,NA,NA,0.84,85.54,NA,NA,NA,NA,NA,NA,NA,NA,NA,NA,NA,0.00,NA,NA,NA
2025-04-20 21:00:00,76.34,131.81,2.23,7.29,5.69,NA,NA,0.89,77.10,NA,NA,NA,NA,NA,NA,NA,NA,NA,NA,NA,0.00,NA,NA,NA
2025-04-20 22:00:00,68.70,129.52,1.47,7.25,5.05,NA,NA,0.95,69.99,NA,NA,NA,NA,NA,NA,NA,NA,NA,NA,NA,0.00,NA,NA,NA
2025-04-20 23:00:00,70.71,143.63,1.32,9.64,6.20,NA,NA,1.00,55.73,NA,NA,NA,NA,NA,NA,NA,NA,NA,NA,NA,0.00,NA,NA,NA
2025-04-21 00:00:00,77.62,126.64,2.17,9.27,6.69,NA,NA,0.94,62.88,NA,NA,NA,NA,NA,NA,NA,NA,NA,NA,NA,0.00,NA,NA,NA
2025-04-21 01:00:00,97.83,156.58,2.63,8.87,6.86,NA,NA,0.95,64.62,NA,NA,NA,NA,NA,NA,NA,NA,NA,NA,NA,0.00,NA,NA,NA
2025-04-21 02:00:00,146.79,171.24,2.31,13.11,8.85,NA,NA,1.05,42.90,NA,NA,NA,NA,NA,NA,NA,NA,NA,NA,NA,0.00,NA,NA,NA
2025-04-21 03:00:00,144.53,171.70,1.42,14.87,9.06,NA,NA,1.11,33.64,NA,NA,NA,NA,NA,NA,NA,NA,NA,NA,NA,0.00,NA,NA,NA
2025-04-21 04:00:00,123.94,136.25,1.27,9.91,6.30,NA,NA,1.13,34.77,NA,NA,NA,NA,NA,NA,NA,NA,NA,NA,NA,0.00,NA,NA,NA
2025-04-21 05:00:00,100.31,111.92,2.50,15.71,10.39,NA,NA,1.10,18.07,NA,NA,NA,NA,NA,NA,NA,NA,NA,NA,NA,0.00,NA,NA,NA
2025-04-21 06:00:00,111.37,148.93,4.65,21.28,15.10,NA,NA,1.16,10.57,NA,NA,NA,NA,NA,NA,NA,NA,NA,NA,NA,0.00,NA,NA,NA
2025-04-21 07:00:00,104.40,160.18,4.38,24.69,16.69,NA,NA,1.19,9.39,NA,NA,NA,NA,NA,NA,NA,NA,NA,NA,NA,0.00,NA,NA,NA
2025-04-21 08:00:00,61.57,155.08,1.33,11.64,7.27,NA,NA,0.99,21.75,NA,NA,NA,NA,NA,NA,NA,NA,NA,NA,NA,0.00,NA,NA,NA
2025-04-21 09:00:00,88.75,186.91,2.34,22.04,13.63,NA,NA,0.97,22.77,NA,NA,NA,NA,NA,NA,NA,NA,NA,NA,NA,0.00,NA,NA,NA
2025-04-21 10:00:00,84.60,230.24,2.38,18.77,11.92,NA,NA,0.89,40.60,NA,NA,NA,NA,NA,NA,NA,NA,NA,NA,NA,0.00,NA,NA,NA
2025-04-21 11:00:00,71.14,218.22,2.05,17.60,11.03,NA,NA,0.87,48.00,NA,NA,NA,NA,NA,NA,NA,NA,NA,NA,NA,0.00,NA,NA,NA
2025-04-21 12:00:00,70.15,223.30,1.70,12.07,7.80,NA,NA,0.80,52.26,NA,NA,NA,NA,NA,NA,NA,NA,NA,NA,NA,0.00,NA,NA,NA
2025-04-21 13:00:00,56.61,189.36,2.21,6.25,5.12,NA,NA,0.70,41.32,NA,NA,NA,NA,NA,NA,NA,NA,NA,NA,NA,0.00,NA,NA,NA
2025-04-21 14:00:00,73.07,194.70,3.01,5.70,5.48,NA,NA,0.65,47.36,NA,NA,NA,NA,NA,NA,NA,NA,NA,NA,NA,0.00,NA,NA,NA
2025-04-21 15:00:00,60.24,171.57,3.57,6.41,6.31,NA,NA,0.59,48.47,NA,NA,NA,NA,NA,NA,NA,NA,NA,NA,NA,0.00,NA,NA,NA
2025-04-21 16:00:00,51.97,158.81,4.27,8.85,8.18,NA,NA,0.55,108.40,NA,NA,NA,NA,NA,NA,NA,NA,NA,NA,NA,0.00,NA,NA,NA
2025-04-21 17:00:00,52.16,147.62,5.22,15.28,12.38,NA,NA,0.53,69.59,NA,NA,NA,NA,NA,NA,NA,NA,NA,NA,NA,0.00,NA,NA,NA
2025-04-21 18:00:00,50.04,133.59,4.50,22.44,15.59,NA,NA,0.62,64.70,NA,NA,NA,NA,NA,NA,NA,NA,NA,NA,NA,0.00,NA,NA,NA
2025-04-21 19:00:00,50.70,120.37,3.21,23.91,15.33,NA,NA,0.71,64.53,NA,NA,NA,NA,NA,NA,NA,NA,NA,NA,NA,0.00,NA,NA,NA
2025-04-21 20:00:00,54.55,125.73,2.20,45.16,25.82,NA,NA,0.98,35.48,NA,NA,NA,NA,NA,NA,NA,NA,NA,NA,NA,0.00,NA,NA,NA
2025-04-21 21:00:00,59.88,127.82,1.50,40.83,22.94,NA,NA,0.98,29.77,NA,NA,NA,NA,NA,NA,NA,NA,NA,NA,NA,0.00,NA,NA,NA
2025-04-21 22:00:00,97.23,160.76,2.12,37.19,21.50,NA,NA,0.95,35.85,NA,NA,NA,NA,NA,NA,NA,NA,NA,NA,NA,0.00,NA,NA,NA
2025-04-21 23:00:00,115.39,167.92,2.37,36.82,21.51,NA,NA,0.90,37.18,NA,NA,NA,NA,NA,NA,NA,NA,NA,NA,NA,0.00,NA,NA,NA
2025-04-22 00:00:00,88.91,151.82,1.91,37.63,21.57,NA,NA,0.93,37.46,NA,NA,NA,NA,NA,NA,NA,NA,NA,NA,NA,0.00,NA,NA,NA
2025-04-22 01:00:00,73.37,126.54,1.02,30.09,16.84,NA,NA,0.94,38.69,NA,NA,NA,NA,NA,NA,NA,NA,NA,NA,NA,0.00,NA,NA,NA
2025-04-22 02:00:00,73.54,110.44,1.19,38.78,21.60,NA,NA,0.95,21.69,NA,NA,NA,NA,NA,NA,NA,NA,NA,NA,NA,0.00,NA,NA,NA
2025-04-22 03:00:00,82.45,120.82,1.85,36.52,20.93,NA,NA,0.90,14.88,NA,NA,NA,NA,NA,NA,NA,NA,NA,NA,NA,0.00,NA,NA,NA
2025-04-22 04:00:00,96.01,142.13,2.77,40.79,23.95,NA,NA,0.89,15.85,NA,NA,NA,NA,NA,NA,NA,NA,NA,NA,NA,0.00,NA,NA,NA
2025-04-22 05:00:00,83.72,149.45,2.20,39.67,22.89,NA,NA,0.88,22.62,NA,NA,NA,NA,NA,NA,NA,NA,NA,NA,NA,0.00,NA,NA,NA
2025-04-22 06:00:00,63.07,115.36,7.84,46.15,30.92,NA,NA,0.93,16.04,NA,NA,NA,NA,NA,NA,NA,NA,NA,NA,NA,0.00,NA,NA,NA
2025-04-22 07:00:00,76.25,124.33,4.20,37.98,23.62,NA,NA,1.01,22.44,NA,NA,NA,NA,NA,NA,NA,NA,NA,NA,NA,0.00,NA,NA,NA
2025-04-22 08:00:00,226.47,179.78,3.77,36.85,22.67,NA,NA,0.98,28.74,NA,NA,NA,NA,NA,NA,NA,NA,NA,NA,NA,0.00,NA,NA,NA
2025-04-22 09:00:00,358.89,232.03,2.89,31.82,19.28,NA,NA,0.99,60.97,NA,NA,NA,NA,NA,NA,NA,NA,NA,NA,NA,0.00,NA,NA,NA
2025-04-22 10:00:00,155.88,268.84,2.51,25.38,15.54,NA,NA,0.96,70.29,NA,NA,NA,NA,NA,NA,NA,NA,NA,NA,NA,0.00,NA,NA,NA
2025-04-22 11:00:00,85.53,201.79,1.85,12.30,8.04,NA,NA,0.82,52.74,NA,NA,NA,NA,NA,NA,NA,NA,NA,NA,NA,0.00,NA,NA,NA
2025-04-22 12:00:00,59.50,145.01,1.74,6.65,4.95,NA,NA,0.74,44.98,NA,NA,NA,NA,NA,NA,NA,NA,NA,NA,NA,0.00,NA,NA,NA
2025-04-22 13:00:00,48.50,135.26,2.30,4.57,4.30,NA,NA,0.65,37.91,NA,NA,NA,NA,NA,NA,NA,NA,NA,NA,NA,0.00,NA,NA,NA
2025-04-22 14:00:00,48.50,139.48,2.12,3.35,3.50,NA,NA,0.63,45.19,NA,NA,NA,NA,NA,NA,NA,NA,NA,NA,NA,0.00,NA,NA,NA
2025-04-22 15:00:00,50.10,134.43,2.77,9.24,7.16,NA,NA,0.58,57.11,NA,NA,NA,NA,NA,NA,NA,NA,NA,NA,NA,0.00,NA,NA,NA
2025-04-22 16:00:00,45.11,129.27,2.59,3.89,4.18,NA,NA,0.57,66.56,NA,NA,NA,NA,NA,NA,NA,NA,NA,NA,NA,0.00,NA,NA,NA
2025-04-22 17:00:00,44.24,117.26,2.24,4.45,4.19,NA,NA,0.60,80.14,NA,NA,NA,NA,NA,NA,NA,NA,NA,NA,NA,0.00,NA,NA,NA
2025-04-22 18:00:00,50.39,108.12,1.83,8.88,6.21,NA,NA,0.64,82.65,NA,NA,NA,NA,NA,NA,NA,NA,NA,NA,NA,0.00,NA,NA,NA
2025-04-22 19:00:00,56.31,102.49,1.84,16.11,10.07,NA,NA,0.72,69.48,NA,NA,NA,NA,NA,NA,NA,NA,NA,NA,NA,0.00,NA,NA,NA
2025-04-22 20:00:00,66.62,138.33,2.13,28.32,16.80,NA,NA,0.82,49.63,NA,NA,NA,NA,NA,NA,NA,NA,NA,NA,NA,0.00,NA,NA,NA
2025-04-22 21:00:00,83.33,161.63,2.36,37.25,21.74,NA,NA,0.98,34.13,NA,NA,NA,NA,NA,NA,NA,NA,NA,NA,NA,0.00,NA,NA,NA
2025-04-22 22:00:00,93.43,177.79,1.55,45.79,25.62,NA,NA,1.14,26.12,NA,NA,NA,NA,NA,NA,NA,NA,NA,NA,NA,0.00,NA,NA,NA
2025-04-22 23:00:00,115.97,190.28,2.33,62.54,35.16,NA,NA,1.35,13.93,NA,NA,NA,NA,NA,NA,NA,NA,NA,NA,NA,0.00,NA,NA,NA
2025-04-23 00:00:00,110.20,236.49,0.99,43.02,23.69,NA,NA,1.18,21.48,NA,NA,NA,NA,NA,NA,NA,NA,NA,NA,NA,0.00,NA,NA,NA
2025-04-23 01:00:00,98.04,182.41,1.71,27.82,16.19,NA,NA,0.99,40.99,NA,NA,NA,NA,NA,NA,NA,NA,NA,NA,NA,0.00,NA,NA,NA
2025-04-23 02:00:00,116.86,294.00,2.13,28.94,17.13,NA,NA,1.00,35.42,NA,NA,NA,NA,NA,NA,NA,NA,NA,NA,NA,0.00,NA,NA,NA
2025-04-23 03:00:00,110.13,195.80,1.65,33.88,19.37,NA,NA,1.01,29.96,NA,NA,NA,NA,NA,NA,NA,NA,NA,NA,NA,0.00,NA,NA,NA
2025-04-23 04:00:00,90.43,133.78,1.02,40.82,22.54,NA,NA,1.03,21.22,NA,NA,NA,NA,NA,NA,NA,NA,NA,NA,NA,0.00,NA,NA,NA
2025-04-23 05:00:00,119.49,185.23,0.92,42.81,23.52,NA,NA,1.07,15.18,NA,NA,NA,NA,NA,NA,NA,NA,NA,NA,NA,0.00,NA,NA,NA
2025-04-23 06:00:00,132.81,228.00,2.97,42.05,24.78,NA,NA,1.02,16.37,NA,NA,NA,NA,NA,NA,NA,NA,NA,NA,NA,0.00,NA,NA,NA
2025-04-23 07:00:00,113.60,238.42,5.82,45.13,28.74,NA,NA,1.04,22.81,NA,NA,NA,NA,NA,NA,NA,NA,NA,NA,NA,0.00,NA,NA,NA
2025-04-23 08:00:00,100.88,251.70,4.05,39.79,24.46,NA,NA,1.07,41.18,NA,NA,NA,NA,NA,NA,NA,NA,NA,NA,NA,0.00,NA,NA,NA
2025-04-23 09:00:00,63.15,184.57,1.74,23.74,14.04,NA,NA,1.00,57.04,NA,NA,NA,NA,NA,NA,NA,NA,NA,NA,NA,0.00,NA,NA,NA
2025-04-23 10:00:00,42.71,142.63,1.07,17.50,10.17,NA,NA,0.96,62.44,NA,NA,NA,NA,NA,NA,NA,NA,NA,NA,NA,0.00,NA,NA,NA
2025-04-23 11:00:00,48.50,164.10,1.32,11.45,7.16,NA,NA,0.86,62.06,NA,NA,NA,NA,NA,NA,NA,NA,NA,NA,NA,0.00,NA,NA,NA
2025-04-23 12:00:00,37.23,153.77,1.22,6.67,4.54,NA,NA,0.78,53.95,NA,NA,NA,NA,NA,NA,NA,NA,NA,NA,NA,0.00,NA,NA,NA
2025-04-23 13:00:00,48.48,147.51,1.30,4.65,3.53,NA,NA,0.74,54.03,NA,NA,NA,NA,NA,NA,NA,NA,NA,NA,NA,0.00,NA,NA,NA
2025-04-23 14:00:00,50.91,135.79,1.73,4.98,4.05,NA,NA,0.69,65.28,NA,NA,NA,NA,NA,NA,NA,NA,NA,NA,NA,0.00,NA,NA,NA
2025-04-23 15:00:00,61.63,158.61,2.41,4.75,4.49,NA,NA,0.65,78.77,NA,NA,NA,NA,NA,NA,NA,NA,NA,NA,NA,0.00,NA,NA,NA
2025-04-23 16:00:00,63.86,147.12,2.82,6.29,5.63,NA,NA,0.63,89.24,NA,NA,NA,NA,NA,NA,NA,NA,NA,NA,NA,0.00,NA,NA,NA
2025-04-23 17:00:00,57.66,129.02,2.53,6.78,5.67,NA,NA,0.67,105.68,NA,NA,NA,NA,NA,NA,NA,NA,NA,NA,NA,0.00,NA,NA,NA
2025-04-23 18:00:00,54.23,125.38,1.96,11.05,7.47,NA,NA,0.71,101.89,NA,NA,NA,NA,NA,NA,NA,NA,NA,NA,NA,0.00,NA,NA,NA
2025-04-23 19:00:00,48.78,110.22,1.75,16.41,10.16,NA,NA,0.75,87.59,NA,NA,NA,NA,NA,NA,NA,NA,NA,NA,NA,0.00,NA,NA,NA
2025-04-23 20:00:00,67.26,130.02,2.09,37.89,21.86,NA,NA,0.95,58.75,NA,NA,NA,NA,NA,NA,NA,NA,NA,NA,NA,0.00,NA,NA,NA
2025-04-23 21:00:00,93.31,175.90,2.13,38.79,22.36,NA,NA,1.06,42.77,NA,NA,NA,NA,NA,NA,NA,NA,NA,NA,NA,0.00,NA,NA,NA
2025-04-23 22:00:00,87.39,154.99,1.39,33.78,19.10,NA,NA,1.09,44.46,NA,NA,NA,NA,NA,NA,NA,NA,NA,NA,NA,0.00,NA,NA,NA
2025-04-23 23:00:00,87.94,143.94,0.68,29.65,16.32,NA,NA,1.09,43.06,NA,NA,NA,NA,NA,NA,NA,NA,NA,NA,NA,0.00,NA,NA,NA
2025-04-24 00:00:00,82.76,146.29,0.78,25.42,14.16,NA,NA,1.03,45.06,NA,NA,NA,NA,NA,NA,NA,NA,NA,NA,NA,0.00,NA,NA,NA
2025-04-24 01:00:00,109.90,166.83,1.88,35.88,20.62,NA,NA,1.15,29.79,NA,NA,NA,NA,NA,NA,NA,NA,NA,NA,NA,0.00,NA,NA,NA
2025-04-24 02:00:00,136.19,236.06,5.94,62.99,38.33,NA,NA,1.36,13.26,NA,NA,NA,NA,NA,NA,NA,NA,NA,NA,NA,0.00,NA,NA,NA
2025-04-24 03:00:00,157.91,256.20,12.09,70.53,47.35,NA,NA,1.51,16.40,NA,NA,NA,NA,NA,NA,NA,NA,NA,NA,NA,0.00,NA,NA,NA
2025-04-24 04:00:00,145.81,186.51,10.76,71.45,46.75,NA,NA,1.51,10.45,NA,NA,NA,NA,NA,NA,NA,NA,NA,NA,NA,0.00,NA,NA,NA
2025-04-24 05:00:00,123.97,187.47,2.34,44.23,25.42,NA,NA,1.22,15.30,NA,NA,NA,NA,NA,NA,NA,NA,NA,NA,NA,0.00,NA,NA,NA
2025-04-24 06:00:00,72.23,108.81,13.80,52.79,39.30,NA,NA,1.05,24.10,NA,NA,NA,NA,NA,NA,NA,NA,NA,NA,NA,0.00,NA,NA,NA
2025-04-24 07:00:00,59.44,110.43,2.86,31.23,18.94,NA,NA,1.08,27.43,NA,NA,NA,NA,NA,NA,NA,NA,NA,NA,NA,0.00,NA,NA,NA
2025-04-24 08:00:00,67.34,158.31,2.30,31.88,18.82,NA,NA,1.09,36.91,NA,NA,NA,NA,NA,NA,NA,NA,NA,NA,NA,0.00,NA,NA,NA
2025-04-24 09:00:00,53.47,171.12,1.57,19.53,11.66,NA,NA,0.95,43.15,NA,NA,NA,NA,NA,NA,NA,NA,NA,NA,NA,0.00,NA,NA,NA
2025-04-24 10:00:00,56.11,276.08,1.91,14.89,9.48,NA,NA,0.90,48.45,NA,NA,NA,NA,NA,NA,NA,NA,NA,NA,NA,0.00,NA,NA,NA
2025-04-24 11:00:00,66.21,466.71,2.31,15.75,10.26,NA,NA,0.83,43.44,NA,NA,NA,NA,NA,NA,NA,NA,NA,NA,NA,0.00,NA,NA,NA
2025-04-24 12:00:00,71.28,843.97,2.31,8.80,6.56,NA,NA,0.65,106.92,NA,NA,NA,NA,NA,NA,NA,NA,NA,NA,NA,0.00,NA,NA,NA
2025-04-24 13:00:00,51.60,60.81,27.01,7.03,24.94,NA,NA,0.60,46.87,NA,NA,NA,NA,NA,NA,NA,NA,NA,NA,NA,0.00,NA,NA,NA
2025-04-24 14:00:00,55.40,150.61,4.37,8.83,8.25,NA,NA,0.52,111.23,NA,NA,NA,NA,NA,NA,NA,NA,NA,NA,NA,0.00,NA,NA,NA
2025-04-24 15:00:00,53.80,273.29,5.79,8.79,9.39,NA,NA,0.44,80.48,NA,NA,NA,NA,NA,NA,NA,NA,NA,NA,NA,0.00,NA,NA,NA
2025-04-24 16:00:00,57.56,173.68,6.24,7.99,9.32,NA,NA,0.61,77.78,NA,NA,NA,NA,NA,NA,NA,NA,NA,NA,NA,0.00,NA,NA,NA
2025-04-24 17:00:00,38.96,112.22,5.98,6.24,8.18,NA,NA,0.24,80.35,NA,NA,NA,NA,NA,NA,NA,NA,NA,NA,NA,0.00,NA,NA,NA
2025-04-24 18:00:00,50.21,88.79,5.59,9.72,9.71,NA,NA,0.34,86.68,NA,NA,NA,NA,NA,NA,NA,NA,NA,NA,NA,0.00,NA,NA,NA
2025-04-24 19:00:00,55.91,61.01,4.22,13.24,10.47,NA,NA,0.47,69.03,NA,NA,NA,NA,NA,NA,NA,NA,NA,NA,NA,0.00,NA,NA,NA
2025-04-24 20:00:00,48.53,36.39,3.76,16.50,11.83,NA,NA,0.55,62.38,NA,NA,NA,NA,NA,NA,NA,NA,NA,NA,NA,0.00,NA,NA,NA
2025-04-24 21:00:00,65.02,57.51,3.74,22.63,15.08,NA,NA,0.63,58.24,NA,NA,NA,NA,NA,NA,NA,NA,NA,NA,NA,0.00,NA,NA,NA
2025-04-24 22:00:00,61.48,58.54,3.36,27.52,17.37,NA,NA,0.71,63.36,NA,NA,NA,NA,NA,NA,NA,NA,NA,NA,NA,0.00,NA,NA,NA
2025-04-24 23:00:00,73.70,64.33,9.06,57.36,37.88,NA,NA,0.95,53.61,NA,NA,NA,NA,NA,NA,NA,NA,NA,NA,NA,0.00,NA,NA,NA
2025-04-25 00:00:00,60.36,48.41,1.97,34.23,19.80,NA,NA,0.78,62.48,NA,NA,NA,NA,NA,NA,NA,NA,NA,NA,NA,0.00,NA,NA,NA
2025-04-25 01:00:00,43.91,50.27,2.31,31.12,18.44,NA,NA,0.68,65.90,NA,NA,NA,NA,NA,NA,NA,NA,NA,NA,NA,0.00,NA,NA,NA
2025-04-25 02:00:00,54.67,82.88,3.11,34.25,20.75,NA,NA,0.69,62.13,NA,NA,NA,NA,NA,NA,NA,NA,NA,NA,NA,0.00,NA,NA,NA
2025-04-25 03:00:00,78.27,109.34,3.55,39.83,24.08,NA,NA,0.84,58.67,NA,NA,NA,NA,NA,NA,NA,NA,NA,NA,NA,0.00,NA,NA,NA
2025-04-25 04:00:00,91.12,116.44,17.55,55.56,43.83,NA,NA,0.94,54.40,NA,NA,NA,NA,NA,NA,NA,NA,NA,NA,NA,0.00,NA,NA,NA
2025-04-25 05:00:00,63.10,80.17,17.55,56.53,44.33,NA,NA,0.93,54.92,NA,NA,NA,NA,NA,NA,NA,NA,NA,NA,NA,0.00,NA,NA,NA
2025-04-25 06:00:00,88.65,92.05,24.87,58.61,51.41,NA,NA,0.93,53.64,NA,NA,NA,NA,NA,NA,NA,NA,NA,NA,NA,0.00,NA,NA,NA
2025-04-25 07:00:00,94.38,130.05,12.84,46.08,34.94,NA,NA,0.99,56.69,NA,NA,NA,NA,NA,NA,NA,NA,NA,NA,NA,0.00,NA,NA,NA
2025-04-25 08:00:00,119.93,186.99,6.05,45.18,28.95,NA,NA,1.02,68.03,NA,NA,NA,NA,NA,NA,NA,NA,NA,NA,NA,0.00,NA,NA,NA
2025-04-25 09:00:00,114.39,226.13,4.27,39.94,24.71,NA,NA,0.95,90.01,NA,NA,NA,NA,NA,NA,NA,NA,NA,NA,NA,0.00,NA,NA,NA
2025-04-25 10:00:00,88.75,173.40,2.85,21.82,13.92,NA,NA,0.84,102.30,NA,NA,NA,NA,NA,NA,NA,NA,NA,NA,NA,0.00,NA,NA,NA
2025-04-25 11:00:00,79.13,157.87,2.76,14.33,9.87,NA,NA,0.77,102.42,NA,NA,NA,NA,NA,NA,NA,NA,NA,NA,NA,0.00,NA,NA,NA
2025-04-25 12:00:00,45.34,111.93,3.45,8.79,7.48,NA,NA,0.57,86.27,NA,NA,NA,NA,NA,NA,NA,NA,NA,NA,NA,0.00,NA,NA,NA
2025-04-25 13:00:00,41.20,106.01,4.15,10.84,9.14,NA,NA,0.51,82.69,NA,NA,NA,NA,NA,NA,NA,NA,NA,NA,NA,0.00,NA,NA,NA
2025-04-25 14:00:00,40.75,81.04,3.61,6.32,6.29,NA,NA,0.47,81.02,NA,NA,NA,NA,NA,NA,NA,NA,NA,NA,NA,0.00,NA,NA,NA
2025-04-25 15:00:00,42.02,67.08,3.67,6.06,6.21,NA,NA,0.45,90.41,NA,NA,NA,NA,NA,NA,NA,NA,NA,NA,NA,0.00,NA,NA,NA
2025-04-25 16:00:00,33.21,67.22,4.42,6.01,6.79,NA,NA,0.41,90.30,NA,NA,NA,NA,NA,NA,NA,NA,NA,NA,NA,0.00,NA,NA,NA
2025-04-25 17:00:00,54.72,83.69,4.96,10.09,9.40,NA,NA,0.41,91.01,NA,NA,NA,NA,NA,NA,NA,NA,NA,NA,NA,0.00,NA,NA,NA
2025-04-25 18:00:00,57.52,88.33,5.03,14.05,11.56,NA,NA,0.49,96.24,NA,NA,NA,NA,NA,NA,NA,NA,NA,NA,NA,0.00,NA,NA,NA
2025-04-25 19:00:00,73.95,89.81,4.02,23.23,15.63,NA,NA,0.71,85.73,NA,NA,NA,NA,NA,NA,NA,NA,NA,NA,NA,0.00,NA,NA,NA
2025-04-25 20:00:00,85.64,81.91,3.27,29.24,18.21,NA,NA,0.96,73.50,NA,NA,NA,NA,NA,NA,NA,NA,NA,NA,NA,0.00,NA,NA,NA
2025-04-25 21:00:00,102.92,99.54,3.50,41.63,24.99,NA,NA,1.19,63.99,NA,NA,NA,NA,NA,NA,NA,NA,NA,NA,NA,0.00,NA,NA,NA
2025-04-25 22:00:00,151.97,167.64,4.56,58.54,34.85,NA,NA,1.55,57.22,NA,NA,NA,NA,NA,NA,NA,NA,NA,NA,NA,0.00,NA,NA,NA
2025-04-25 23:00:00,141.75,169.71,6.42,74.16,44.67,NA,NA,1.69,58.44,NA,NA,NA,NA,NA,NA,NA,NA,NA,NA,NA,0.00,NA,NA,NA
2025-04-26 00:00:00,102.89,162.35,14.40,88.68,58.88,NA,NA,2.57,61.20,NA,NA,NA,NA,NA,NA,NA,NA,NA,NA,NA,0.00,NA,NA,NA
2025-04-26 01:00:00,114.73,144.25,22.93,100.79,72.26,NA,NA,2.57,60.06,NA,NA,NA,NA,NA,NA,NA,NA,NA,NA,NA,0.00,NA,NA,NA
2025-04-26 02:00:00,113.23,136.70,15.19,87.15,58.71,NA,NA,2.08,57.42,NA,NA,NA,NA,NA,NA,NA,NA,NA,NA,NA,0.00,NA,NA,NA
2025-04-26 03:00:00,92.06,123.40,5.42,61.06,36.88,NA,NA,1.38,58.62,NA,NA,NA,NA,NA,NA,NA,NA,NA,NA,NA,0.00,NA,NA,NA
2025-04-26 04:00:00,91.61,124.84,4.60,47.10,28.79,NA,NA,1.34,62.21,NA,NA,NA,NA,NA,NA,NA,NA,NA,NA,NA,0.00,NA,NA,NA
2025-04-26 05:00:00,131.69,140.31,13.13,55.42,40.15,NA,NA,1.45,63.12,NA,NA,NA,NA,NA,NA,NA,NA,NA,NA,NA,0.00,NA,NA,NA
2025-04-26 06:00:00,156.49,156.27,5.66,46.86,29.52,NA,NA,1.44,67.37,NA,NA,NA,NA,NA,NA,NA,NA,NA,NA,NA,0.00,NA,NA,NA
2025-04-26 07:00:00,123.51,135.05,7.32,48.05,31.52,NA,NA,1.48,67.85,NA,NA,NA,NA,NA,NA,NA,NA,NA,NA,NA,0.00,NA,NA,NA
2025-04-26 08:00:00,168.60,246.47,9.96,101.96,62.32,NA,NA,1.87,80.30,NA,NA,NA,NA,NA,NA,NA,NA,NA,NA,NA,0.00,NA,NA,NA
2025-04-26 09:00:00,191.23,270.38,4.65,36.18,23.02,NA,NA,1.22,104.58,NA,NA,NA,NA,NA,NA,NA,NA,NA,NA,NA,0.00,NA,NA,NA
2025-04-26 10:00:00,293.42,270.63,3.98,13.01,10.15,NA,NA,0.63,35.89,NA,NA,NA,NA,NA,NA,NA,NA,NA,NA,NA,0.00,NA,NA,NA
2025-04-26 11:00:00,614.91,311.69,3.95,4.37,5.54,NA,NA,0.36,93.01,NA,NA,NA,NA,NA,NA,NA,NA,NA,NA,NA,0.00,NA,NA,NA
2025-04-26 12:00:00,14.55,151.63,4.29,5.06,6.18,NA,NA,0.35,152.98,NA,NA,NA,NA,NA,NA,NA,NA,NA,NA,NA,0.00,NA,NA,NA
2025-04-26 13:00:00,42.40,130.70,4.96,5.84,7.14,NA,NA,0.38,106.94,NA,NA,NA,NA,NA,NA,NA,NA,NA,NA,NA,0.00,NA,NA,NA
2025-04-26 14:00:00,37.68,124.88,5.31,6.41,7.73,NA,NA,0.40,70.68,NA,NA,NA,NA,NA,NA,NA,NA,NA,NA,NA,0.00,NA,NA,NA
2025-04-26 15:00:00,49.81,116.16,5.25,7.27,8.14,NA,NA,0.39,93.21,NA,NA,NA,NA,NA,NA,NA,NA,NA,NA,NA,0.00,NA,NA,NA
2025-04-26 16:00:00,61.46,146.88,4.69,7.31,7.71,NA,NA,0.41,92.03,NA,NA,NA,NA,NA,NA,NA,NA,NA,NA,NA,0.00,NA,NA,NA
2025-04-26 17:00:00,69.72,285.78,4.23,10.82,9.20,NA,NA,0.44,77.70,NA,NA,NA,NA,NA,NA,NA,NA,NA,NA,NA,0.00,NA,NA,NA
2025-04-26 18:00:00,38.73,118.20,4.35,24.83,16.74,NA,NA,0.50,52.79,NA,NA,NA,NA,NA,NA,NA,NA,NA,NA,NA,0.00,NA,NA,NA
2025-04-26 19:00:00,57.03,143.40,4.54,19.64,14.13,NA,NA,0.50,48.71,NA,NA,NA,NA,NA,NA,NA,NA,NA,NA,NA,0.00,NA,NA,NA
2025-04-26 20:00:00,67.19,157.45,4.97,27.81,18.83,NA,NA,0.53,29.32,NA,NA,NA,NA,NA,NA,NA,NA,NA,NA,NA,0.00,NA,NA,NA
2025-04-26 21:00:00,79.20,205.44,5.84,38.52,25.24,NA,NA,0.61,21.68,NA,NA,NA,NA,NA,NA,NA,NA,NA,NA,NA,0.00,NA,NA,NA
2025-04-26 22:00:00,70.87,184.77,4.57,35.64,22.68,NA,NA,0.69,22.34,NA,NA,NA,NA,NA,NA,NA,NA,NA,NA,NA,0.00,NA,NA,NA
2025-04-26 23:00:00,52.66,111.11,3.58,34.30,21.16,NA,NA,0.71,20.75,NA,NA,NA,NA,NA,NA,NA,NA,NA,NA,NA,0.00,NA,NA,NA
2025-04-27 00:00:00,48.53,101.63,3.68,36.55,22.43,NA,NA,0.66,19.37,NA,NA,NA,NA,NA,NA,NA,NA,NA,NA,NA,0.00,NA,NA,NA
2025-04-27 01:00:00,50.22,120.43,4.16,31.95,20.38,NA,NA,0.63,23.67,NA,NA,NA,NA,NA,NA,NA,NA,NA,NA,NA,0.00,NA,NA,NA
2025-04-27 02:00:00,43.69,119.18,4.09,24.32,16.27,NA,NA,0.61,30.08,NA,NA,NA,NA,NA,NA,NA,NA,NA,NA,NA,0.00,NA,NA,NA
2025-04-27 03:00:00,52.93,140.47,3.40,32.51,20.06,NA,NA,0.68,13.90,NA,NA,NA,NA,NA,NA,NA,NA,NA,NA,NA,0.00,NA,NA,NA
2025-04-27 04:00:00,54.73,130.78,7.06,34.02,23.84,NA,NA,0.69,8.37,NA,NA,NA,NA,NA,NA,NA,NA,NA,NA,NA,0.00,NA,NA,NA
2025-04-27 05:00:00,54.90,166.50,7.17,48.54,31.64,NA,NA,0.71,2.79,NA,NA,NA,NA,NA,NA,NA,NA,NA,NA,NA,0.00,NA,NA,NA
2025-04-27 06:00:00,66.37,201.78,6.12,43.36,28.04,NA,NA,0.74,8.13,NA,NA,NA,NA,NA,NA,NA,NA,NA,NA,NA,0.00,NA,NA,NA
2025-04-27 07:00:00,199.85,326.93,5.31,32.90,21.81,NA,NA,0.90,22.11,NA,NA,NA,NA,NA,NA,NA,NA,NA,NA,NA,0.00,NA,NA,NA
2025-04-27 08:00:00,98.16,216.41,4.79,24.26,16.80,NA,NA,0.80,20.37,NA,NA,NA,NA,NA,NA,NA,NA,NA,NA,NA,0.00,NA,NA,NA
2025-04-27 09:00:00,77.60,227.20,3.63,17.48,12.24,NA,NA,0.78,39.03,NA,NA,NA,NA,NA,NA,NA,NA,NA,NA,NA,0.00,NA,NA,NA
2025-04-27 10:00:00,75.53,239.85,3.46,15.43,11.02,NA,NA,0.77,56.30,NA,NA,NA,NA,NA,NA,NA,NA,NA,NA,NA,0.00,NA,NA,NA
2025-04-27 11:00:00,71.37,250.36,4.06,11.71,9.53,NA,NA,0.68,64.80,NA,NA,NA,NA,NA,NA,NA,NA,NA,NA,NA,0.00,NA,NA,NA
2025-04-27 12:00:00,63.32,225.63,4.60,10.70,9.43,NA,NA,0.63,76.38,NA,NA,NA,NA,NA,NA,NA,NA,NA,NA,NA,0.00,NA,NA,NA
2025-04-27 13:00:00,77.72,230.10,4.79,9.36,8.87,NA,NA,0.60,82.87,NA,NA,NA,NA,NA,NA,NA,NA,NA,NA,NA,0.00,NA,NA,NA
2025-04-27 14:00:00,66.41,176.32,4.44,6.49,7.06,NA,NA,0.56,82.45,NA,NA,NA,NA,NA,NA,NA,NA,NA,NA,NA,0.00,NA,NA,NA
2025-04-27 15:00:00,54.73,138.61,4.37,6.40,6.96,NA,NA,0.55,93.46,NA,NA,NA,NA,NA,NA,NA,NA,NA,NA,NA,0.00,NA,NA,NA
2025-04-27 16:00:00,56.52,126.73,4.69,7.08,7.58,NA,NA,0.52,105.43,NA,NA,NA,NA,NA,NA,NA,NA,NA,NA,NA,0.00,NA,NA,NA
2025-04-27 17:00:00,65.73,132.88,5.31,8.06,8.61,NA,NA,0.51,117.51,NA,NA,NA,NA,NA,NA,NA,NA,NA,NA,NA,0.00,NA,NA,NA
2025-04-27 18:00:00,75.38,142.42,5.50,10.74,10.19,NA,NA,0.58,97.89,NA,NA,NA,NA,NA,NA,NA,NA,NA,NA,NA,0.00,NA,NA,NA
2025-04-27 19:00:00,92.29,126.65,4.54,11.83,9.99,NA,NA,0.68,71.58,NA,NA,NA,NA,NA,NA,NA,NA,NA,NA,NA,0.00,NA,NA,NA
2025-04-27 20:00:00,75.86,99.17,3.74,14.34,10.67,NA,NA,0.80,55.95,NA,NA,NA,NA,NA,NA,NA,NA,NA,NA,NA,0.00,NA,NA,NA
2025-04-27 21:00:00,99.24,157.15,3.71,21.05,14.22,NA,NA,1.00,53.58,NA,NA,NA,NA,NA,NA,NA,NA,NA,NA,NA,0.00,NA,NA,NA
2025-04-27 22:00:00,159.57,231.52,4.43,27.37,18.16,NA,NA,1.34,44.33,NA,NA,NA,NA,NA,NA,NA,NA,NA,NA,NA,0.00,NA,NA,NA
2025-04-27 23:00:00,237.13,346.47,4.62,30.39,19.92,NA,NA,1.23,28.08,NA,NA,NA,NA,NA,NA,NA,NA,NA,NA,NA,0.00,NA,NA,NA
2025-04-28 00:00:00,150.70,186.97,3.94,28.30,18.25,NA,NA,1.10,29.75,NA,NA,NA,NA,NA,NA,NA,NA,NA,NA,NA,0.00,NA,NA,NA
2025-04-28 01:00:00,96.66,126.51,3.35,19.13,12.89,NA,NA,0.98,38.88,NA,NA,NA,NA,NA,NA,NA,NA,NA,NA,NA,0.00,NA,NA,NA
2025-04-28 02:00:00,104.21,150.86,3.42,22.34,14.66,NA,NA,1.07,30.82,NA,NA,NA,NA,NA,NA,NA,NA,NA,NA,NA,0.00,NA,NA,NA
2025-04-28 03:00:00,117.12,169.66,4.35,20.14,14.25,NA,NA,1.06,25.45,NA,NA,NA,NA,NA,NA,NA,NA,NA,NA,NA,0.00,NA,NA,NA
2025-04-28 04:00:00,128.29,183.07,4.55,19.21,13.92,NA,NA,1.12,24.32,NA,NA,NA,NA,NA,NA,NA,NA,NA,NA,NA,0.00,NA,NA,NA
2025-04-28 05:00:00,155.43,216.97,4.10,19.92,13.93,NA,NA,1.27,21.96,NA,NA,NA,NA,NA,NA,NA,NA,NA,NA,NA,0.00,NA,NA,NA
2025-04-28 06:00:00,195.70,268.09,3.70,21.19,14.28,NA,NA,1.37,21.61,NA,NA,NA,NA,NA,NA,NA,NA,NA,NA,NA,0.00,NA,NA,NA
2025-04-28 07:00:00,203.70,283.18,4.15,24.57,16.45,NA,NA,1.38,14.40,NA,NA,NA,NA,NA,NA,NA,NA,NA,NA,NA,0.00,NA,NA,NA
2025-04-28 08:00:00,131.41,219.41,4.64,23.71,16.38,NA,NA,1.27,33.82,NA,NA,NA,NA,NA,NA,NA,NA,NA,NA,NA,0.00,NA,NA,NA
2025-04-28 09:00:00,108.44,194.38,4.96,18.97,14.12,NA,NA,1.17,49.60,NA,NA,NA,NA,NA,NA,NA,NA,NA,NA,NA,0.00,NA,NA,NA
2025-04-28 10:00:00,89.53,196.34,4.72,15.92,12.31,NA,NA,1.15,65.83,NA,NA,NA,NA,NA,NA,NA,NA,NA,NA,NA,0.00,NA,NA,NA
2025-04-28 11:00:00,99.21,237.56,4.71,19.11,10.25,NA,NA,1.37,124.16,NA,NA,NA,NA,NA,NA,NA,NA,NA,NA,NA,0.00,NA,NA,NA
2025-04-28 12:00:00,87.41,195.98,4.92,18.17,8.40,NA,NA,1.44,167.67,NA,NA,NA,NA,NA,NA,NA,NA,NA,NA,NA,0.00,NA,NA,NA
2025-04-28 13:00:00,79.05,163.87,5.58,17.87,8.75,NA,NA,1.28,179.07,NA,NA,NA,NA,NA,NA,NA,NA,NA,NA,NA,0.00,NA,NA,NA
2025-04-28 14:00:00,80.49,177.32,6.64,17.00,9.20,NA,NA,1.14,195.83,NA,NA,NA,NA,NA,NA,NA,NA,NA,NA,NA,0.00,NA,NA,NA
2025-04-28 15:00:00,84.78,175.15,7.19,16.96,9.55,NA,NA,1.07,208.01,NA,NA,NA,NA,NA,NA,NA,NA,NA,NA,NA,0.00,NA,NA,NA
2025-04-28 16:00:00,81.28,176.74,6.83,20.08,10.20,NA,NA,1.21,229.02,NA,NA,NA,NA,NA,NA,NA,NA,NA,NA,NA,0.00,NA,NA,NA
2025-04-28 17:00:00,100.77,207.00,6.49,20.68,10.14,NA,NA,1.30,218.41,NA,NA,NA,NA,NA,NA,NA,NA,NA,NA,NA,0.00,NA,NA,NA
2025-04-28 18:00:00,91.94,250.99,6.25,22.71,10.56,NA,NA,1.31,199.36,NA,NA,NA,NA,NA,NA,NA,NA,NA,NA,NA,0.00,NA,NA,NA
2025-04-28 19:00:00,83.42,216.97,6.65,23.21,10.96,NA,NA,1.29,184.11,NA,NA,NA,NA,NA,NA,NA,NA,NA,NA,NA,0.00,NA,NA,NA
2025-04-28 20:00:00,88.07,182.48,6.65,24.67,11.38,NA,NA,1.37,170.92,NA,NA,NA,NA,NA,NA,NA,NA,NA,NA,NA,0.00,NA,NA,NA
2025-04-28 21:00:00,91.82,187.23,5.84,22.66,10.27,NA,NA,1.45,160.27,NA,NA,NA,NA,NA,NA,NA,NA,NA,NA,NA,0.00,NA,NA,NA
2025-04-28 22:00:00,85.14,211.16,4.91,29.70,11.65,NA,NA,1.55,121.58,NA,NA,NA,NA,NA,NA,NA,NA,NA,NA,NA,0.00,NA,NA,NA
2025-04-28 23:00:00,95.44,164.47,4.87,25.79,10.52,NA,NA,1.43,135.75,NA,NA,NA,NA,NA,NA,NA,NA,NA,NA,NA,0.00,NA,NA,NA
2025-04-29 00:00:00,76.78,143.16,5.97,25.30,11.10,NA,NA,1.37,127.83,NA,NA,NA,NA,NA,NA,NA,NA,NA,NA,NA,0.00,NA,NA,NA
2025-04-29 01:00:00,88.21,173.84,6.42,24.28,11.11,NA,NA,1.36,125.73,NA,NA,NA,NA,NA,NA,NA,NA,NA,NA,NA,0.00,NA,NA,NA
2025-04-29 02:00:00,81.63,177.01,6.01,23.47,10.61,NA,NA,1.35,121.25,NA,NA,NA,NA,NA,NA,NA,NA,NA,NA,NA,0.00,NA,NA,NA
2025-04-29 03:00:00,77.33,146.89,4.82,27.48,10.96,NA,NA,1.37,96.39,NA,NA,NA,NA,NA,NA,NA,NA,NA,NA,NA,0.00,NA,NA,NA
2025-04-29 04:00:00,68.45,164.42,4.67,25.06,10.18,NA,NA,1.39,79.39,NA,NA,NA,NA,NA,NA,NA,NA,NA,NA,NA,0.00,NA,NA,NA
2025-04-29 05:00:00,69.77,129.62,5.79,22.94,10.32,NA,NA,1.34,83.40,NA,NA,NA,NA,NA,NA,NA,NA,NA,NA,NA,0.00,NA,NA,NA
2025-04-29 06:00:00,60.06,121.80,6.51,20.41,10.07,NA,NA,1.27,69.59,NA,NA,NA,NA,NA,NA,NA,NA,NA,NA,NA,0.00,NA,NA,NA
2025-04-29 07:00:00,57.54,124.11,6.25,15.96,8.64,NA,NA,1.28,55.38,NA,NA,NA,NA,NA,NA,NA,NA,NA,NA,NA,0.00,NA,NA,NA
2025-04-29 08:00:00,55.59,145.53,5.03,15.18,7.62,NA,NA,1.29,53.07,NA,NA,NA,NA,NA,NA,NA,NA,NA,NA,NA,0.00,NA,NA,NA
2025-04-29 09:00:00,53.13,159.20,4.71,15.53,7.51,NA,NA,1.31,63.05,NA,NA,NA,NA,NA,NA,NA,NA,NA,NA,NA,0.00,NA,NA,NA
2025-04-29 10:00:00,57.67,166.66,4.64,16.28,7.67,NA,NA,1.29,77.47,NA,NA,NA,NA,NA,NA,NA,NA,NA,NA,NA,0.00,NA,NA,NA
2025-04-29 11:00:00,51.68,161.31,5.34,18.57,8.78,NA,NA,1.25,100.20,NA,NA,NA,NA,NA,NA,NA,NA,NA,NA,NA,0.00,NA,NA,NA
2025-04-29 12:00:00,57.66,176.22,7.04,20.71,10.51,NA,NA,1.12,126.46,NA,NA,NA,NA,NA,NA,NA,NA,NA,NA,NA,0.00,NA,NA,NA
2025-04-29 13:00:00,57.56,191.66,8.06,18.52,10.57,NA,NA,1.08,144.32,NA,NA,NA,NA,NA,NA,NA,NA,NA,NA,NA,0.00,NA,NA,NA
2025-04-29 14:00:00,80.86,184.70,7.56,19.00,10.37,NA,NA,1.08,165.69,NA,NA,NA,NA,NA,NA,NA,NA,NA,NA,NA,0.00,NA,NA,NA
2025-04-29 15:00:00,61.42,169.78,6.82,18.43,9.72,NA,NA,1.11,184.13,NA,NA,NA,NA,NA,NA,NA,NA,NA,NA,NA,0.00,NA,NA,NA
2025-04-29 16:00:00,69.42,159.20,6.54,18.27,9.49,NA,NA,1.12,196.27,NA,NA,NA,NA,NA,NA,NA,NA,NA,NA,NA,0.00,NA,NA,NA
2025-04-29 17:00:00,64.03,162.81,6.78,17.29,9.37,NA,NA,1.14,199.49,NA,NA,NA,NA,NA,NA,NA,NA,NA,NA,NA,0.00,NA,NA,NA
2025-04-29 18:00:00,63.16,142.24,6.05,18.17,9.14,NA,NA,1.18,194.09,NA,NA,NA,NA,NA,NA,NA,NA,NA,NA,NA,0.00,NA,NA,NA
2025-04-29 19:00:00,64.07,132.18,5.56,19.65,9.24,NA,NA,1.28,167.64,NA,NA,NA,NA,NA,NA,NA,NA,NA,NA,NA,0.00,NA,NA,NA
2025-04-29 20:00:00,80.96,152.35,6.49,32.58,13.51,NA,NA,1.58,134.21,NA,NA,NA,NA,NA,NA,NA,NA,NA,NA,NA,0.00,NA,NA,NA
2025-04-29 21:00:00,104.99,182.97,7.07,29.82,13.10,NA,NA,1.49,132.23,NA,NA,NA,NA,NA,NA,NA,NA,NA,NA,NA,0.00,NA,NA,NA
2025-04-29 22:00:00,91.30,173.57,6.53,25.38,11.50,NA,NA,1.49,117.98,NA,NA,NA,NA,NA,NA,NA,NA,NA,NA,NA,0.00,NA,NA,NA
2025-04-29 23:00:00,84.44,179.70,5.12,36.55,13.72,NA,NA,1.56,74.68,NA,NA,NA,NA,NA,NA,NA,NA,NA,NA,NA,0.00,NA,NA,NA
2025-04-30 00:00:00,90.52,222.32,4.88,28.79,11.37,NA,NA,1.64,84.71,NA,NA,NA,NA,NA,NA,NA,NA,NA,NA,NA,0.00,NA,NA,NA
2025-04-30 01:00:00,90.58,175.72,6.29,25.93,11.50,NA,NA,1.73,112.70,NA,NA,NA,NA,NA,NA,NA,NA,NA,NA,NA,0.00,NA,NA,NA
2025-04-30 02:00:00,134.09,202.77,7.24,25.70,12.06,NA,NA,1.70,119.62,NA,NA,NA,NA,NA,NA,NA,NA,NA,NA,NA,0.00,NA,NA,NA
2025-04-30 03:00:00,98.63,158.90,7.14,27.08,12.39,NA,NA,1.58,106.94,NA,NA,NA,NA,NA,NA,NA,NA,NA,NA,NA,0.00,NA,NA,NA
2025-04-30 04:00:00,77.40,126.87,5.69,40.00,15.07,NA,NA,1.53,71.74,NA,NA,NA,NA,NA,NA,NA,NA,NA,NA,NA,0.00,NA,NA,NA
2025-04-30 05:00:00,67.82,105.27,5.02,36.61,13.68,NA,NA,1.57,72.45,NA,NA,NA,NA,NA,NA,NA,NA,NA,NA,NA,0.00,NA,NA,NA
2025-04-30 06:00:00,64.99,96.42,5.70,31.38,12.65,NA,NA,1.51,70.72,NA,NA,NA,NA,NA,NA,NA,NA,NA,NA,NA,0.00,NA,NA,NA
2025-04-30 07:00:00,56.40,100.17,7.12,26.87,12.31,NA,NA,1.50,64.51,NA,NA,NA,NA,NA,NA,NA,NA,NA,NA,NA,0.00,NA,NA,NA
2025-04-30 08:00:00,74.09,142.38,7.65,30.02,13.56,NA,NA,1.48,66.38,NA,NA,NA,NA,NA,NA,NA,NA,NA,NA,NA,0.00,NA,NA,NA
2025-04-30 09:00:00,73.26,164.61,6.62,29.46,12.71,NA,NA,1.52,76.55,NA,NA,NA,NA,NA,NA,NA,NA,NA,NA,NA,0.00,NA,NA,NA
2025-04-30 10:00:00,78.84,156.22,5.42,20.94,9.50,NA,NA,1.52,96.13,NA,NA,NA,NA,NA,NA,NA,NA,NA,NA,NA,0.00,NA,NA,NA
2025-04-30 11:00:00,72.21,163.52,5.46,19.42,9.10,NA,NA,1.46,121.69,NA,NA,NA,NA,NA,NA,NA,NA,NA,NA,NA,0.00,NA,NA,NA
2025-04-30 12:00:00,51.09,145.49,6.87,21.13,10.52,NA,NA,1.36,150.85,NA,NA,NA,NA,NA,NA,NA,NA,NA,NA,NA,0.00,NA,NA,NA
2025-04-30 13:00:00,78.47,153.63,8.12,20.68,11.22,NA,NA,1.29,167.91,NA,NA,NA,NA,NA,NA,NA,NA,NA,NA,NA,0.00,NA,NA,NA
2025-04-30 14:00:00,89.28,171.72,8.18,16.13,9.97,NA,NA,1.25,185.35,NA,NA,NA,NA,NA,NA,NA,NA,NA,NA,NA,0.00,NA,NA,NA
2025-04-30 15:00:00,74.98,159.07,7.31,13.80,8.73,NA,NA,1.24,195.60,NA,NA,NA,NA,NA,NA,NA,NA,NA,NA,NA,0.00,NA,NA,NA
2025-04-30 16:00:00,66.08,128.77,6.92,12.99,8.25,NA,NA,1.24,203.85,NA,NA,NA,NA,NA,NA,NA,NA,NA,NA,NA,0.00,NA,NA,NA
2025-04-30 17:00:00,81.81,129.56,6.54,17.05,9.14,NA,NA,1.28,213.94,NA,NA,NA,NA,NA,NA,NA,NA,NA,NA,NA,0.00,NA,NA,NA
2025-04-30 18:00:00,69.18,118.87,6.06,16.96,8.80,NA,NA,1.30,207.06,NA,NA,NA,NA,NA,NA,NA,NA,NA,NA,NA,0.00,NA,NA,NA
2025-04-30 19:00:00,73.39,112.85,6.05,16.08,8.55,NA,NA,1.31,183.21,NA,NA,NA,NA,NA,NA,NA,NA,NA,NA,NA,0.00,NA,NA,NA
2025-04-30 20:00:00,66.81,115.98,6.90,19.92,10.20,NA,NA,1.41,164.60,NA,NA,NA,NA,NA,NA,NA,NA,NA,NA,NA,0.00,NA,NA,NA
2025-04-30 21:00:00,88.27,137.90,7.43,23.95,11.68,NA,NA,1.47,140.46,NA,NA,NA,NA,NA,NA,NA,NA,NA,NA,NA,0.00,NA,NA,NA
2025-04-30 22:00:00,73.82,132.58,6.37,17.46,9.15,NA,NA,1.39,157.58,NA,NA,NA,NA,NA,NA,NA,NA,NA,NA,NA,0.00,NA,NA,NA
2025-04-30 23:00:00,62.43,108.58,5.10,19.45,8.88,NA,NA,1.43,138.84,NA,NA,NA,NA,NA,NA,NA,NA,NA,NA,NA,0.00,NA,NA,NA
2025-05-01 00:00:00,75.36,118.63,4.70,23.67,9.80,NA,NA,1.49,120.71,NA,NA,NA,NA,NA,NA,NA,NA,NA,NA,NA,0.00,NA,NA,NA
2025-05-01 01:00:00,81.28,140.68,6.30,21.45,10.24,NA,NA,1.57,120.18,NA,NA,NA,NA,NA,NA,NA,NA,NA,NA,NA,0.00,NA,NA,NA
2025-05-01 02:00:00,104.18,158.45,7.40,19.07,10.28,NA,NA,1.50,122.74,NA,NA,NA,NA,NA,NA,NA,NA,NA,NA,NA,0.00,NA,NA,NA
2025-05-01 03:00:00,99.38,144.23,6.94,16.86,9.36,NA,NA,1.54,118.86,NA,NA,NA,NA,NA,NA,NA,NA,NA,NA,NA,0.00,NA,NA,NA
2025-05-01 04:00:00,98.84,151.18,5.49,17.75,8.65,NA,NA,1.62,100.12,NA,NA,NA,NA,NA,NA,NA,NA,NA,NA,NA,0.00,NA,NA,NA
2025-05-01 05:00:00,116.17,139.38,5.12,20.07,9.06,NA,NA,1.67,78.58,NA,NA,NA,NA,NA,NA,NA,NA,NA,NA,NA,0.00,NA,NA,NA
2025-05-01 06:00:00,110.63,138.61,5.07,21.97,9.57,NA,NA,1.63,71.34,NA,NA,NA,NA,NA,NA,NA,NA,NA,NA,NA,0.00,NA,NA,NA
2025-05-01 07:00:00,57.71,99.21,5.04,17.43,8.26,NA,NA,1.55,72.76,NA,NA,NA,NA,NA,NA,NA,NA,NA,NA,NA,0.00,NA,NA,NA
2025-05-01 08:00:00,77.45,135.76,5.35,15.84,8.02,NA,NA,1.54,69.81,NA,NA,NA,NA,NA,NA,NA,NA,NA,NA,NA,0.00,NA,NA,NA
2025-05-01 09:00:00,74.82,155.02,6.60,17.03,9.18,NA,NA,1.49,76.53,NA,NA,NA,NA,NA,NA,NA,NA,NA,NA,NA,0.00,NA,NA,NA
2025-05-01 10:00:00,76.48,178.36,7.47,16.61,9.64,NA,NA,1.43,108.85,NA,NA,NA,NA,NA,NA,NA,NA,NA,NA,NA,0.00,NA,NA,NA
2025-05-01 11:00:00,78.10,179.30,7.59,12.68,8.60,NA,NA,1.37,129.29,NA,NA,NA,NA,NA,NA,NA,NA,NA,NA,NA,0.00,NA,NA,NA
2025-05-01 12:00:00,61.58,152.24,6.92,11.16,7.73,NA,NA,1.34,143.65,NA,NA,NA,NA,NA,NA,NA,NA,NA,NA,NA,0.00,NA,NA,NA
2025-05-01 13:00:00,82.39,135.10,6.57,11.23,7.52,NA,NA,1.31,160.69,NA,NA,NA,NA,NA,NA,NA,NA,NA,NA,NA,0.00,NA,NA,NA
2025-05-01 14:00:00,84.41,140.78,7.76,12.85,8.76,NA,NA,1.24,176.15,NA,NA,NA,NA,NA,NA,NA,NA,NA,NA,NA,0.00,NA,NA,NA
2025-05-01 15:00:00,95.06,157.36,9.25,13.30,9.88,NA,NA,1.19,190.36,NA,NA,NA,NA,NA,NA,NA,NA,NA,NA,NA,0.00,NA,NA,NA
2025-05-01 16:00:00,81.85,234.08,8.62,11.65,8.99,NA,NA,1.21,200.41,NA,NA,NA,NA,NA,NA,NA,NA,NA,NA,NA,0.00,NA,NA,NA
2025-05-01 17:00:00,86.92,171.24,7.65,10.27,7.97,NA,NA,1.33,202.30,NA,NA,NA,NA,NA,NA,NA,NA,NA,NA,NA,0.00,NA,NA,NA
2025-05-01 18:00:00,78.76,114.73,7.47,12.01,8.34,NA,NA,1.25,200.88,NA,NA,NA,NA,NA,NA,NA,NA,NA,NA,NA,0.00,NA,NA,NA
2025-05-01 19:00:00,86.95,118.11,8.24,15.67,9.88,NA,NA,1.27,178.01,NA,NA,NA,NA,NA,NA,NA,NA,NA,NA,NA,0.00,NA,NA,NA
2025-05-01 20:00:00,108.57,136.10,8.67,19.73,11.31,NA,NA,1.34,153.74,NA,NA,NA,NA,NA,NA,NA,NA,NA,NA,NA,0.00,NA,NA,NA
2025-05-01 21:00:00,85.17,134.66,6.84,11.60,9.16,NA,NA,1.23,115.52,NA,NA,NA,NA,NA,NA,NA,NA,NA,NA,NA,0.00,NA,NA,NA
2025-05-01 22:00:00,65.31,104.68,4.74,7.63,7.92,NA,NA,1.19,67.24,NA,NA,NA,NA,NA,NA,NA,NA,NA,NA,NA,0.00,NA,NA,NA
2025-05-01 23:00:00,72.37,92.38,4.49,7.04,7.39,NA,NA,1.16,64.18,NA,NA,NA,NA,NA,NA,NA,NA,NA,NA,NA,0.00,NA,NA,NA
2025-05-02 00:00:00,72.75,111.07,5.62,8.31,8.99,NA,NA,1.18,61.60,NA,NA,NA,NA,NA,NA,NA,NA,NA,NA,NA,0.00,NA,NA,NA
2025-05-02 01:00:00,99.79,143.26,6.40,8.12,9.52,NA,NA,1.16,58.60,NA,NA,NA,NA,NA,NA,NA,NA,NA,NA,NA,0.00,NA,NA,NA
2025-05-02 02:00:00,100.78,199.68,5.90,13.28,11.86,NA,NA,1.21,37.40,NA,NA,NA,NA,NA,NA,NA,NA,NA,NA,NA,0.00,NA,NA,NA
2025-05-02 03:00:00,88.99,134.15,4.76,10.89,9.66,NA,NA,1.23,35.36,NA,NA,NA,NA,NA,NA,NA,NA,NA,NA,NA,0.00,NA,NA,NA
2025-05-02 04:00:00,84.20,116.86,4.28,10.38,9.00,NA,NA,1.24,35.48,NA,NA,NA,NA,NA,NA,NA,NA,NA,NA,NA,0.00,NA,NA,NA
2025-05-02 05:00:00,72.82,103.37,5.60,12.06,10.98,NA,NA,1.06,24.64,NA,NA,NA,NA,NA,NA,NA,NA,NA,NA,NA,0.00,NA,NA,NA
2025-05-02 06:00:00,NA,NA,7.57,18.45,15.97,NA,NA,0.88,23.67,NA,NA,NA,NA,NA,NA,NA,NA,NA,NA,NA,0.00,NA,NA,NA
2025-05-02 07:00:00,28.65,56.63,13.09,40.90,32.40,NA,NA,0.84,14.00,NA,NA,NA,NA,NA,NA,NA,NA,NA,NA,NA,0.00,NA,NA,NA
2025-05-02 08:00:00,22.58,60.43,11.24,18.47,18.96,NA,NA,0.82,19.30,NA,NA,NA,NA,NA,NA,NA,NA,NA,NA,NA,0.00,NA,NA,NA
2025-05-02 09:00:00,NA,31.47,26.70,59.29,28.83,NA,NA,0.84,3.22,NA,NA,NA,NA,NA,NA,NA,NA,NA,NA,NA,0.00,NA,NA,NA
2025-05-02 10:00:00,NA,NA,18.70,15.45,23.42,NA,NA,0.74,4.28,NA,NA,NA,NA,NA,NA,NA,NA,NA,NA,NA,0.00,NA,NA,NA
2025-05-02 11:00:00,NA,NA,4.68,19.65,14.26,NA,NA,0.83,5.25,NA,NA,NA,NA,NA,NA,NA,NA,NA,NA,NA,0.00,NA,NA,NA
2025-05-02 12:00:00,NA,NA,5.17,15.66,12.53,NA,NA,0.75,3.42,NA,NA,NA,NA,NA,NA,NA,NA,NA,NA,NA,0.00,NA,NA,NA
2025-05-02 13:00:00,NA,NA,3.88,11.25,9.14,NA,NA,0.63,5.07,NA,NA,NA,NA,NA,NA,NA,NA,NA,NA,NA,0.00,NA,NA,NA
2025-05-02 14:00:00,NA,6.84,4.62,11.35,9.79,NA,NA,0.57,9.83,NA,NA,NA,NA,NA,NA,NA,NA,NA,NA,NA,0.00,NA,NA,NA
2025-05-02 15:00:00,NA,19.63,5.44,13.00,11.34,NA,NA,0.49,15.71,NA,NA,NA,NA,NA,NA,NA,NA,NA,NA,NA,0.00,NA,NA,NA
2025-05-02 16:00:00,18.20,40.27,5.39,11.15,10.31,NA,NA,0.46,24.57,NA,NA,NA,NA,NA,NA,NA,NA,NA,NA,NA,0.00,NA,NA,NA
2025-05-02 17:00:00,6.45,29.60,50.62,8.32,45.66,NA,NA,0.44,32.61,NA,NA,NA,NA,NA,NA,NA,NA,NA,NA,NA,0.00,NA,NA,NA
2025-05-02 18:00:00,13.13,17.16,195.26,NA,157.76,NA,NA,0.49,33.88,NA,NA,NA,NA,NA,NA,NA,NA,NA,NA,NA,0.00,NA,NA,NA
2025-05-02 19:00:00,25.23,25.77,195.25,NA,157.82,NA,NA,0.50,12.30,NA,NA,NA,NA,NA,NA,NA,NA,NA,NA,NA,0.00,NA,NA,NA
2025-05-02 20:00:00,27.13,37.30,196.05,NA,158.29,NA,NA,0.48,1.55,NA,NA,NA,NA,NA,NA,NA,NA,NA,NA,NA,0.00,NA,NA,NA
2025-05-02 21:00:00,27.01,39.12,189.77,NA,153.10,NA,NA,0.56,NA,NA,NA,NA,NA,NA,NA,NA,NA,NA,NA,NA,0.00,NA,NA,NA
2025-05-02 22:00:00,33.39,46.84,197.08,NA,159.43,NA,NA,0.65,0.82,NA,NA,NA,NA,NA,NA,NA,NA,NA,NA,NA,0.00,NA,NA,NA
2025-05-02 23:00:00,43.86,48.26,206.10,NA,166.93,NA,NA,0.88,NA,NA,NA,NA,NA,NA,NA,NA,NA,NA,NA,NA,0.00,NA,NA,NA
2025-05-03 00:00:00,90.10,111.76,210.99,NA,170.68,NA,NA,1.08,0.62,NA,NA,NA,NA,NA,NA,NA,NA,NA,NA,NA,0.00,NA,NA,NA
2025-05-03 01:00:00,126.70,189.85,205.19,NA,165.83,NA,NA,1.28,1.58,NA,NA,NA,NA,NA,NA,NA,NA,NA,NA,NA,0.00,NA,NA,NA
2025-05-03 02:00:00,120.39,187.03,200.52,NA,162.13,NA,NA,1.28,1.42,NA,NA,NA,NA,NA,NA,NA,NA,NA,NA,NA,0.00,NA,NA,NA
2025-05-03 03:00:00,65.05,102.76,202.24,NA,163.42,NA,NA,1.18,2.59,NA,NA,NA,NA,NA,NA,NA,NA,NA,NA,NA,0.00,NA,NA,NA
2025-05-03 04:00:00,32.26,45.60,212.81,NA,171.80,NA,NA,1.15,1.91,NA,NA,NA,NA,NA,NA,NA,NA,NA,NA,NA,0.00,NA,NA,NA
2025-05-03 05:00:00,56.38,63.95,217.15,NA,175.64,NA,NA,1.24,1.42,NA,NA,NA,NA,NA,NA,NA,NA,NA,NA,NA,0.00,NA,NA,NA
2025-05-03 06:00:00,54.69,70.91,215.08,NA,173.98,NA,NA,1.36,1.71,NA,NA,NA,NA,NA,NA,NA,NA,NA,NA,NA,0.00,NA,NA,NA
2025-05-03 07:00:00,118.95,161.34,208.05,NA,168.19,NA,NA,1.24,2.16,NA,NA,NA,NA,NA,NA,NA,NA,NA,NA,NA,0.00,NA,NA,NA
2025-05-03 08:00:00,56.33,85.38,207.89,NA,168.00,NA,NA,0.98,3.77,NA,NA,NA,NA,NA,NA,NA,NA,NA,NA,NA,0.00,NA,NA,NA
2025-05-03 09:00:00,19.72,41.80,219.19,NA,177.28,NA,NA,0.97,3.72,NA,NA,NA,NA,NA,NA,NA,NA,NA,NA,NA,0.00,NA,NA,NA
2025-05-03 10:00:00,29.49,69.78,224.60,NA,182.19,NA,NA,0.86,9.18,NA,NA,NA,NA,NA,NA,NA,NA,NA,NA,NA,0.00,NA,NA,NA
2025-05-03 11:00:00,30.72,63.62,NA,NA,NA,NA,NA,0.79,5.56,NA,NA,NA,NA,NA,NA,NA,NA,NA,NA,NA,0.00,NA,NA,NA
2025-05-03 12:00:00,9.47,62.21,NA,NA,NA,NA,NA,0.67,NA,NA,NA,NA,NA,NA,NA,NA,NA,NA,NA,NA,0.00,NA,NA,NA
2025-05-03 13:00:00,40.78,84.27,11.48,9.25,14.25,NA,NA,0.57,44.86,NA,NA,NA,NA,NA,NA,NA,NA,NA,NA,NA,0.00,NA,NA,NA
2025-05-03 14:00:00,38.34,71.84,12.14,8.66,14.48,NA,NA,0.56,51.88,NA,NA,NA,NA,NA,NA,NA,NA,NA,NA,NA,0.00,NA,NA,NA
2025-05-03 15:00:00,32.73,69.15,10.85,9.60,13.93,NA,NA,0.58,72.31,NA,NA,NA,NA,NA,NA,NA,NA,NA,NA,NA,0.00,NA,NA,NA
2025-05-03 16:00:00,47.09,74.82,10.60,10.74,14.33,NA,NA,0.55,44.97,NA,NA,NA,NA,NA,NA,NA,NA,NA,NA,NA,0.00,NA,NA,NA
2025-05-03 17:00:00,64.12,98.50,12.35,9.44,15.06,NA,NA,0.57,70.62,NA,NA,NA,NA,NA,NA,NA,NA,NA,NA,NA,0.00,NA,NA,NA
2025-05-03 18:00:00,57.08,84.06,13.43,8.83,15.61,NA,NA,0.72,55.30,NA,NA,NA,NA,NA,NA,NA,NA,NA,NA,NA,0.00,NA,NA,NA
2025-05-03 19:00:00,86.56,125.84,17.63,8.27,18.73,NA,NA,1.04,40.25,NA,NA,NA,NA,NA,NA,NA,NA,NA,NA,NA,0.00,NA,NA,NA
2025-05-03 20:00:00,83.40,104.80,14.69,8.37,16.40,NA,NA,0.90,42.64,NA,NA,NA,NA,NA,NA,NA,NA,NA,NA,NA,0.00,NA,NA,NA
2025-05-03 21:00:00,77.09,114.32,14.80,8.53,16.57,NA,NA,0.98,44.01,NA,NA,NA,NA,NA,NA,NA,NA,NA,NA,NA,0.00,NA,NA,NA
2025-05-03 22:00:00,70.06,113.36,19.77,8.40,20.54,NA,NA,1.03,25.60,NA,NA,NA,NA,NA,NA,NA,NA,NA,NA,NA,0.00,NA,NA,NA
2025-05-03 23:00:00,75.56,110.55,24.11,7.95,23.83,NA,NA,1.15,14.42,NA,NA,NA,NA,NA,NA,NA,NA,NA,NA,NA,0.00,NA,NA,NA
2025-05-04 00:00:00,74.40,101.97,21.30,7.33,21.22,NA,NA,1.15,8.46,NA,NA,NA,NA,NA,NA,NA,NA,NA,NA,NA,0.00,NA,NA,NA
2025-05-04 01:00:00,72.25,104.52,17.88,7.79,18.68,NA,NA,1.14,6.61,NA,NA,NA,NA,NA,NA,NA,NA,NA,NA,NA,0.00,NA,NA,NA
2025-05-04 02:00:00,69.81,121.94,17.36,8.32,18.54,NA,NA,1.19,6.33,NA,NA,NA,NA,NA,NA,NA,NA,NA,NA,NA,0.00,NA,NA,NA
2025-05-04 03:00:00,64.06,128.01,16.83,8.32,18.12,NA,NA,1.25,6.82,NA,NA,NA,NA,NA,NA,NA,NA,NA,NA,NA,0.00,NA,NA,NA
2025-05-04 04:00:00,101.01,137.45,162.32,9.08,136.94,NA,NA,1.46,7.00,NA,NA,NA,NA,NA,NA,NA,NA,NA,NA,NA,0.00,NA,NA,NA
2025-05-04 05:00:00,97.66,112.27,398.43,10.98,329.79,NA,NA,1.44,6.62,NA,NA,NA,NA,NA,NA,NA,NA,NA,NA,NA,0.00,NA,NA,NA
2025-05-04 06:00:00,96.10,109.30,389.98,10.44,322.62,NA,NA,1.69,7.04,NA,NA,NA,NA,NA,NA,NA,NA,NA,NA,NA,0.00,NA,NA,NA
2025-05-04 07:00:00,125.54,177.34,467.88,12.02,386.79,NA,NA,2.01,8.67,NA,NA,NA,NA,NA,NA,NA,NA,NA,NA,NA,0.00,NA,NA,NA
2025-05-04 08:00:00,120.84,204.71,436.64,11.30,360.99,NA,NA,1.56,25.09,NA,NA,NA,NA,NA,NA,NA,NA,NA,NA,NA,0.00,NA,NA,NA
2025-05-04 09:00:00,128.96,222.98,422.57,11.04,349.42,NA,NA,1.70,36.81,NA,NA,NA,NA,NA,NA,NA,NA,NA,NA,NA,0.00,NA,NA,NA
2025-05-04 10:00:00,125.72,192.80,423.06,11.72,350.20,NA,NA,1.52,54.09,NA,NA,NA,NA,NA,NA,NA,NA,NA,NA,NA,0.00,NA,NA,NA
2025-05-04 11:00:00,58.53,110.26,432.02,10.09,356.61,NA,NA,1.07,68.53,NA,NA,NA,NA,NA,NA,NA,NA,NA,NA,NA,0.00,NA,NA,NA
2025-05-04 12:00:00,59.04,114.97,463.79,11.50,383.20,NA,NA,1.06,85.45,NA,NA,NA,NA,NA,NA,NA,NA,NA,NA,NA,0.00,NA,NA,NA
2025-05-04 13:00:00,106.11,146.58,490.89,11.72,417.79,NA,NA,1.11,99.17,NA,NA,NA,NA,NA,NA,NA,NA,NA,NA,NA,0.00,NA,NA,NA
2025-05-04 14:00:00,80.69,124.36,484.69,11.77,400.31,NA,NA,0.77,80.27,NA,NA,NA,NA,NA,NA,NA,NA,NA,NA,NA,0.00,NA,NA,NA
2025-05-04 15:00:00,35.47,71.10,460.17,11.85,380.42,NA,NA,0.73,75.92,NA,NA,NA,NA,NA,NA,NA,NA,NA,NA,NA,0.00,NA,NA,NA
2025-05-04 16:00:00,31.49,63.43,454.41,11.58,375.60,NA,NA,0.72,85.28,NA,NA,NA,NA,NA,NA,NA,NA,NA,NA,NA,0.00,NA,NA,NA
2025-05-04 17:00:00,40.67,69.08,477.15,11.62,394.10,NA,NA,0.68,82.18,NA,NA,NA,NA,NA,NA,NA,NA,NA,NA,NA,0.00,NA,NA,NA
2025-05-04 18:00:00,48.44,78.36,422.20,10.51,348.82,NA,NA,0.69,73.38,NA,NA,NA,NA,NA,NA,NA,NA,NA,NA,NA,0.00,NA,NA,NA
2025-05-04 19:00:00,48.69,69.87,421.77,11.28,348.91,NA,NA,0.78,44.21,NA,NA,NA,NA,NA,NA,NA,NA,NA,NA,NA,0.00,NA,NA,NA
2025-05-04 20:00:00,54.74,79.59,452.78,11.57,374.26,NA,NA,1.00,35.39,NA,NA,NA,NA,NA,NA,NA,NA,NA,NA,NA,0.00,NA,NA,NA
2025-05-04 21:00:00,73.32,101.26,468.08,12.04,386.97,NA,NA,0.94,53.35,NA,NA,NA,NA,NA,NA,NA,NA,NA,NA,NA,0.00,NA,NA,NA
2025-05-04 22:00:00,85.99,125.30,468.30,12.08,387.15,NA,NA,1.01,321.47,NA,NA,NA,NA,NA,NA,NA,NA,NA,NA,NA,0.00,NA,NA,NA
2025-05-04 23:00:00,79.93,102.21,454.47,11.73,375.72,NA,NA,0.93,73.08,NA,NA,NA,NA,NA,NA,NA,NA,NA,NA,NA,0.00,NA,NA,NA
2025-05-05 00:00:00,61.75,78.65,436.54,11.18,360.85,NA,NA,0.94,37.75,NA,NA,NA,NA,NA,NA,NA,NA,NA,NA,NA,0.00,NA,NA,NA
2025-05-05 01:00:00,44.86,78.47,431.72,11.21,356.96,NA,NA,0.84,92.77,NA,NA,NA,NA,NA,NA,NA,NA,NA,NA,NA,0.00,NA,NA,NA
2025-05-05 02:00:00,33.15,61.34,446.49,11.63,369.18,NA,NA,0.72,382.43,NA,NA,NA,NA,NA,NA,NA,NA,NA,NA,NA,0.00,NA,NA,NA
2025-05-05 03:00:00,30.87,53.94,435.24,10.99,359.69,NA,NA,0.65,NA,NA,NA,NA,NA,NA,NA,NA,NA,NA,NA,NA,0.00,NA,NA,NA
2025-05-05 04:00:00,31.35,51.91,431.33,11.34,356.70,NA,NA,0.65,NA,NA,NA,NA,NA,NA,NA,NA,NA,NA,NA,NA,0.00,NA,NA,NA
2025-05-05 05:00:00,19.56,33.56,433.00,11.32,358.05,NA,NA,0.70,488.26,NA,NA,NA,NA,NA,NA,NA,NA,NA,NA,NA,0.00,NA,NA,NA
2025-05-05 06:00:00,23.10,25.07,403.42,11.08,333.87,NA,NA,0.74,57.97,NA,NA,NA,NA,NA,NA,NA,NA,NA,NA,NA,0.00,NA,NA,NA
2025-05-05 07:00:00,14.74,84.63,405.00,10.77,335.01,NA,NA,0.74,112.51,NA,NA,NA,NA,NA,NA,NA,NA,NA,NA,NA,0.00,NA,NA,NA
2025-05-05 08:00:00,28.69,60.52,405.14,11.21,335.35,NA,NA,0.73,396.44,NA,NA,NA,NA,NA,NA,NA,NA,NA,NA,NA,0.00,NA,NA,NA
2025-05-05 09:00:00,44.30,60.60,405.33,11.17,335.48,NA,NA,0.75,284.88,NA,NA,NA,NA,NA,NA,NA,NA,NA,NA,NA,0.00,NA,NA,NA
2025-05-05 10:00:00,39.63,53.62,409.74,10.65,338.78,NA,NA,0.78,131.56,NA,NA,NA,NA,NA,NA,NA,NA,NA,NA,NA,0.00,NA,NA,NA
2025-05-05 11:00:00,43.18,58.08,405.91,11.17,335.94,NA,NA,0.78,324.58,NA,NA,NA,NA,NA,NA,NA,NA,NA,NA,NA,0.00,NA,NA,NA
2025-05-05 12:00:00,37.94,63.50,393.67,10.57,325.67,NA,NA,0.77,187.45,NA,NA,NA,NA,NA,NA,NA,NA,NA,NA,NA,0.00,NA,NA,NA
2025-05-05 13:00:00,45.59,69.28,379.12,11.15,314.15,NA,NA,0.73,NA,NA,NA,NA,NA,NA,NA,NA,NA,NA,NA,NA,0.00,NA,NA,NA
2025-05-05 14:00:00,50.45,67.25,35.42,37.06,48.48,NA,NA,0.76,NA,NA,NA,NA,NA,NA,NA,NA,NA,NA,NA,NA,0.00,NA,NA,NA
2025-05-05 15:00:00,64.14,74.39,16.80,31.53,30.42,NA,NA,0.82,NA,NA,NA,NA,NA,NA,NA,NA,NA,NA,NA,NA,0.00,NA,NA,NA
2025-05-05 16:00:00,38.74,47.26,1.34,29.20,16.62,NA,NA,0.73,104.95,NA,NA,NA,NA,NA,NA,NA,NA,NA,NA,NA,0.00,NA,NA,NA
2025-05-05 17:00:00,36.16,54.30,2.84,22.82,14.44,NA,NA,0.77,116.01,NA,NA,NA,NA,NA,NA,NA,NA,NA,NA,NA,0.00,NA,NA,NA
2025-05-05 18:00:00,50.53,63.90,1.08,27.44,15.48,NA,NA,0.86,120.24,NA,NA,NA,NA,NA,NA,NA,NA,NA,NA,NA,0.00,NA,NA,NA
2025-05-05 19:00:00,63.28,84.98,0.30,33.45,18.04,NA,NA,1.04,112.79,NA,NA,NA,NA,NA,NA,NA,NA,NA,NA,NA,0.00,NA,NA,NA
2025-05-05 20:00:00,72.08,100.07,0.44,26.59,14.05,NA,NA,1.10,103.02,NA,NA,NA,NA,NA,NA,NA,NA,NA,NA,NA,0.00,NA,NA,NA
2025-05-05 21:00:00,61.41,83.86,NA,20.74,9.56,NA,NA,1.04,125.61,NA,NA,NA,NA,NA,NA,NA,NA,NA,NA,NA,0.00,NA,NA,NA
2025-05-05 22:00:00,60.62,109.41,NA,21.73,9.44,NA,NA,1.10,142.67,NA,NA,NA,NA,NA,NA,NA,NA,NA,NA,NA,0.00,NA,NA,NA
2025-05-05 23:00:00,54.78,97.86,NA,22.58,10.56,NA,NA,1.05,99.30,NA,NA,NA,NA,NA,NA,NA,NA,NA,NA,NA,0.00,NA,NA,NA
2025-05-06 00:00:00,126.36,130.98,NA,23.67,11.46,NA,NA,1.34,78.88,NA,NA,NA,NA,NA,NA,NA,NA,NA,NA,NA,0.00,NA,NA,NA
2025-05-06 01:00:00,152.95,187.52,NA,23.07,10.14,NA,NA,1.28,93.99,NA,NA,NA,NA,NA,NA,NA,NA,NA,NA,NA,0.00,NA,NA,NA
2025-05-06 02:00:00,51.89,88.10,NA,16.99,5.70,NA,NA,1.14,100.36,NA,NA,NA,NA,NA,NA,NA,NA,NA,NA,NA,0.00,NA,NA,NA
2025-05-06 03:00:00,36.80,66.01,NA,17.86,6.03,NA,NA,1.09,107.70,NA,NA,NA,NA,NA,NA,NA,NA,NA,NA,NA,0.00,NA,NA,NA
2025-05-06 04:00:00,37.18,56.53,NA,18.94,7.09,NA,NA,1.01,101.38,NA,NA,NA,NA,NA,NA,NA,NA,NA,NA,NA,0.00,NA,NA,NA
2025-05-06 05:00:00,62.36,NA,NA,16.87,6.18,NA,NA,0.96,67.32,NA,NA,NA,NA,NA,NA,NA,NA,NA,NA,NA,0.00,NA,NA,NA
2025-05-06 06:00:00,NA,NA,NA,16.50,5.94,NA,NA,0.98,53.02,NA,NA,NA,NA,NA,NA,NA,NA,NA,NA,NA,0.00,NA,NA,NA
2025-05-06 07:00:00,85.93,108.98,NA,14.76,3.85,NA,NA,1.19,87.94,NA,NA,NA,NA,NA,NA,NA,NA,NA,NA,NA,0.00,NA,NA,NA
2025-05-06 08:00:00,63.42,90.99,5.93,16.96,13.84,NA,NA,1.20,127.06,NA,NA,NA,NA,NA,NA,NA,NA,NA,NA,NA,0.00,NA,NA,NA
2025-05-06 09:00:00,47.25,74.49,5.94,17.49,14.14,NA,NA,1.13,150.93,NA,NA,NA,NA,NA,NA,NA,NA,NA,NA,NA,0.00,NA,NA,NA
2025-05-06 10:00:00,40.07,69.67,6.31,17.00,14.16,NA,NA,1.00,119.39,NA,NA,NA,NA,NA,NA,NA,NA,NA,NA,NA,0.00,NA,NA,NA
2025-05-06 11:00:00,45.26,81.72,6.52,17.10,14.40,NA,NA,0.92,138.05,NA,NA,NA,NA,NA,NA,NA,NA,NA,NA,NA,0.00,NA,NA,NA
2025-05-06 12:00:00,49.10,87.34,6.61,14.17,12.91,NA,NA,0.78,144.50,NA,NA,NA,NA,NA,NA,NA,NA,NA,NA,NA,0.00,NA,NA,NA
2025-05-06 13:00:00,26.94,64.47,5.70,11.98,11.00,NA,NA,0.79,154.40,NA,NA,NA,NA,NA,NA,NA,NA,NA,NA,NA,0.00,NA,NA,NA
2025-05-06 14:00:00,30.20,51.58,5.01,11.22,10.04,NA,NA,0.78,171.42,NA,NA,NA,NA,NA,NA,NA,NA,NA,NA,NA,0.00,NA,NA,NA
2025-05-06 15:00:00,34.11,57.41,5.22,12.13,10.70,NA,NA,0.75,202.70,NA,NA,NA,NA,NA,NA,NA,NA,NA,NA,NA,0.00,NA,NA,NA
2025-05-06 16:00:00,54.00,70.06,4.76,10.86,9.65,NA,NA,0.76,222.78,NA,NA,NA,NA,NA,NA,NA,NA,NA,NA,NA,0.00,NA,NA,NA
2025-05-06 17:00:00,41.18,53.54,4.51,11.10,9.57,NA,NA,0.80,241.80,NA,NA,NA,NA,NA,NA,NA,NA,NA,NA,NA,0.00,NA,NA,NA
2025-05-06 18:00:00,42.62,63.92,4.40,13.10,10.54,NA,NA,0.77,235.04,NA,NA,NA,NA,NA,NA,NA,NA,NA,NA,NA,0.00,NA,NA,NA
2025-05-06 19:00:00,45.57,65.24,4.03,12.09,9.71,NA,NA,0.78,205.87,NA,NA,NA,NA,NA,NA,NA,NA,NA,NA,NA,0.00,NA,NA,NA
2025-05-06 20:00:00,53.71,55.28,3.89,17.52,12.48,NA,NA,0.87,169.25,NA,NA,NA,NA,NA,NA,NA,NA,NA,NA,NA,0.00,NA,NA,NA
2025-05-06 21:00:00,80.15,102.72,4.23,24.26,16.34,NA,NA,1.39,136.56,NA,NA,NA,NA,NA,NA,NA,NA,NA,NA,NA,0.00,NA,NA,NA
2025-05-06 22:00:00,189.44,233.84,4.21,27.46,18.03,NA,NA,1.78,122.96,NA,NA,NA,NA,NA,NA,NA,NA,NA,NA,NA,0.00,NA,NA,NA
2025-05-06 23:00:00,88.60,117.92,4.17,24.93,16.66,NA,NA,1.32,123.43,NA,NA,NA,NA,NA,NA,NA,NA,NA,NA,NA,0.00,NA,NA,NA
2025-05-07 00:00:00,63.81,97.21,4.40,15.60,11.88,NA,NA,1.08,173.76,NA,NA,NA,NA,NA,NA,NA,NA,NA,NA,NA,0.00,NA,NA,NA
2025-05-07 01:00:00,55.26,101.06,4.74,14.40,11.51,NA,NA,1.02,173.70,NA,NA,NA,NA,NA,NA,NA,NA,NA,NA,NA,0.00,NA,NA,NA
2025-05-07 02:00:00,50.28,86.74,4.48,14.63,11.42,NA,NA,0.99,171.18,NA,NA,NA,NA,NA,NA,NA,NA,NA,NA,NA,0.00,NA,NA,NA
2025-05-07 03:00:00,44.04,67.30,4.02,11.71,9.50,NA,NA,1.03,175.31,NA,NA,NA,NA,NA,NA,NA,NA,NA,NA,NA,0.00,NA,NA,NA
2025-05-07 04:00:00,49.24,67.32,3.81,12.21,9.59,NA,NA,1.08,178.82,NA,NA,NA,NA,NA,NA,NA,NA,NA,NA,NA,0.00,NA,NA,NA
2025-05-07 05:00:00,48.05,65.34,3.82,13.44,10.26,NA,NA,1.06,209.51,NA,NA,NA,NA,NA,NA,NA,NA,NA,NA,NA,0.00,NA,NA,NA
2025-05-07 06:00:00,65.81,74.64,4.41,13.83,10.94,NA,NA,1.04,160.13,NA,NA,NA,NA,NA,NA,NA,NA,NA,NA,NA,0.00,NA,NA,NA
2025-05-07 07:00:00,61.23,79.20,4.68,14.04,11.28,NA,NA,1.05,135.92,NA,NA,NA,NA,NA,NA,NA,NA,NA,NA,NA,0.00,NA,NA,NA
2025-05-07 08:00:00,70.29,80.50,4.09,11.32,9.35,NA,NA,1.09,163.16,NA,NA,NA,NA,NA,NA,NA,NA,NA,NA,NA,0.00,NA,NA,NA
2025-05-07 09:00:00,52.55,71.24,3.61,10.98,8.77,NA,NA,1.14,199.36,NA,NA,NA,NA,NA,NA,NA,NA,NA,NA,NA,0.00,NA,NA,NA
2025-05-07 10:00:00,59.94,103.75,3.84,13.67,10.39,NA,NA,1.16,NA,NA,NA,NA,NA,NA,NA,NA,NA,NA,NA,NA,0.00,NA,NA,NA
2025-05-07 11:00:00,71.57,106.88,4.36,14.59,11.31,NA,NA,1.01,NA,NA,NA,NA,NA,NA,NA,NA,NA,NA,NA,NA,0.00,NA,NA,NA
2025-05-07 12:00:00,68.33,136.07,5.29,14.30,11.91,NA,NA,0.88,NA,NA,NA,NA,NA,NA,NA,NA,NA,NA,NA,NA,0.00,NA,NA,NA
2025-05-07 13:00:00,60.70,116.78,5.72,13.56,11.86,NA,NA,0.80,NA,NA,NA,NA,NA,NA,NA,NA,NA,NA,NA,NA,0.00,NA,NA,NA
2025-05-07 14:00:00,67.94,109.04,5.38,16.32,13.08,NA,NA,0.77,48.22,NA,NA,NA,NA,NA,NA,NA,NA,NA,NA,NA,0.00,NA,NA,NA
2025-05-07 15:00:00,52.86,96.87,5.80,25.79,18.44,NA,NA,0.71,98.84,NA,NA,NA,NA,NA,NA,NA,NA,NA,NA,NA,0.00,NA,NA,NA
2025-05-07 16:00:00,49.92,91.66,7.00,26.80,19.94,NA,NA,0.71,55.81,NA,NA,NA,NA,NA,NA,NA,NA,NA,NA,NA,0.00,NA,NA,NA
2025-05-07 17:00:00,59.38,83.16,6.37,20.21,15.92,NA,NA,1.42,63.55,NA,NA,NA,NA,NA,NA,NA,NA,NA,NA,NA,0.00,NA,NA,NA
2025-05-07 18:00:00,41.79,59.80,4.98,19.58,14.46,NA,NA,1.62,62.38,NA,NA,NA,NA,NA,NA,NA,NA,NA,NA,NA,0.00,NA,NA,NA
2025-05-07 19:00:00,43.81,57.73,5.11,23.63,16.72,NA,NA,1.65,47.32,NA,NA,NA,NA,NA,NA,NA,NA,NA,NA,NA,0.00,NA,NA,NA
2025-05-07 20:00:00,67.27,82.59,5.60,26.87,18.84,NA,NA,1.64,30.89,NA,NA,NA,NA,NA,NA,NA,NA,NA,NA,NA,0.00,NA,NA,NA
2025-05-07 21:00:00,76.44,107.45,5.97,33.26,22.55,NA,NA,1.77,16.51,NA,NA,NA,NA,NA,NA,NA,NA,NA,NA,NA,0.00,NA,NA,NA
2025-05-07 22:00:00,77.46,122.44,7.12,41.76,28.00,NA,NA,1.92,3.64,NA,NA,NA,NA,NA,NA,NA,NA,NA,NA,NA,0.00,NA,NA,NA
2025-05-07 23:00:00,79.14,116.44,7.54,44.67,29.89,NA,NA,2.15,5.74,NA,NA,NA,NA,NA,NA,NA,NA,NA,NA,NA,0.00,NA,NA,NA
2025-05-08 00:00:00,71.62,100.19,7.99,51.34,33.81,NA,NA,2.29,7.20,NA,NA,NA,NA,NA,NA,NA,NA,NA,NA,NA,0.00,NA,NA,NA
2025-05-08 01:00:00,60.05,96.81,6.87,46.39,30.26,NA,NA,2.12,7.02,NA,NA,NA,NA,NA,NA,NA,NA,NA,NA,NA,0.00,NA,NA,NA
2025-05-08 02:00:00,65.36,100.61,8.00,44.57,30.20,NA,NA,2.12,5.40,NA,NA,NA,NA,NA,NA,NA,NA,NA,NA,NA,0.00,NA,NA,NA
2025-05-08 03:00:00,59.93,89.49,6.65,35.20,24.13,NA,NA,2.07,12.94,NA,NA,NA,NA,NA,NA,NA,NA,NA,NA,NA,0.00,NA,NA,NA
2025-05-08 04:00:00,64.68,76.59,5.28,36.04,23.46,NA,NA,2.28,7.25,NA,NA,NA,NA,NA,NA,NA,NA,NA,NA,NA,0.00,NA,NA,NA
2025-05-08 05:00:00,NA,NA,8.47,40.34,28.35,NA,NA,2.54,7.98,NA,NA,NA,NA,NA,NA,NA,NA,NA,NA,NA,0.00,NA,NA,NA
2025-05-08 06:00:00,92.76,99.32,8.40,45.46,31.01,NA,NA,2.57,8.50,NA,NA,NA,NA,NA,NA,NA,NA,NA,NA,NA,0.00,NA,NA,NA
2025-05-08 07:00:00,102.04,137.01,6.17,47.72,30.40,NA,NA,2.59,10.68,NA,NA,NA,NA,NA,NA,NA,NA,NA,NA,NA,0.00,NA,NA,NA
2025-05-08 08:00:00,112.39,152.95,5.02,35.29,22.85,NA,NA,2.44,12.28,NA,NA,NA,NA,NA,NA,NA,NA,NA,NA,NA,0.00,NA,NA,NA
2025-05-08 09:00:00,47.09,76.00,3.63,23.28,15.34,NA,NA,2.24,21.44,NA,NA,NA,NA,NA,NA,NA,NA,NA,NA,NA,0.00,NA,NA,NA
2025-05-08 10:00:00,57.32,81.66,3.19,21.72,14.14,NA,NA,2.11,34.14,NA,NA,NA,NA,NA,NA,NA,NA,NA,NA,NA,0.00,NA,NA,NA
2025-05-08 11:00:00,61.10,103.11,3.27,25.50,16.23,NA,NA,2.00,51.86,NA,NA,NA,NA,NA,NA,NA,NA,NA,NA,NA,0.00,NA,NA,NA
2025-05-08 12:00:00,76.66,131.37,5.53,27.10,18.92,NA,NA,1.81,55.05,NA,NA,NA,NA,NA,NA,NA,NA,NA,NA,NA,0.00,NA,NA,NA
2025-05-08 13:00:00,76.44,125.72,3.97,23.03,15.49,NA,NA,1.76,67.81,NA,NA,NA,NA,NA,NA,NA,NA,NA,NA,NA,0.00,NA,NA,NA
2025-05-08 14:00:00,55.50,79.40,3.30,21.45,14.09,NA,NA,1.71,57.79,NA,NA,NA,NA,NA,NA,NA,NA,NA,NA,NA,0.00,NA,NA,NA
2025-05-08 15:00:00,45.94,48.69,2.64,28.86,17.50,NA,NA,1.70,58.61,NA,NA,NA,NA,NA,NA,NA,NA,NA,NA,NA,0.00,NA,NA,NA
2025-05-08 16:00:00,56.66,91.29,4.57,48.79,29.67,NA,NA,1.62,73.88,NA,NA,NA,NA,NA,NA,NA,NA,NA,NA,NA,0.00,NA,NA,NA
2025-05-08 17:00:00,66.67,106.96,11.86,54.19,38.47,NA,NA,1.39,83.70,NA,NA,NA,NA,NA,NA,NA,NA,NA,NA,NA,0.00,NA,NA,NA
2025-05-08 18:00:00,48.22,75.66,6.01,22.64,16.92,NA,NA,1.54,82.55,NA,NA,NA,NA,NA,NA,NA,NA,NA,NA,NA,0.00,NA,NA,NA
2025-05-08 19:00:00,NA,NA,4.21,22.73,15.51,NA,NA,1.69,46.17,NA,NA,NA,NA,NA,NA,NA,NA,NA,NA,NA,0.00,NA,NA,NA
2025-05-08 20:00:00,66.27,74.06,2.42,28.45,17.10,NA,NA,1.85,38.48,NA,NA,NA,NA,NA,NA,NA,NA,NA,NA,NA,0.00,NA,NA,NA
2025-05-08 21:00:00,84.83,96.84,2.37,35.95,21.05,NA,NA,1.99,29.03,NA,NA,NA,NA,NA,NA,NA,NA,NA,NA,NA,0.00,NA,NA,NA
2025-05-08 22:00:00,86.11,134.59,2.85,32.87,19.80,NA,NA,1.98,35.04,NA,NA,NA,NA,NA,NA,NA,NA,NA,NA,NA,0.00,NA,NA,NA
2025-05-08 23:00:00,65.44,87.65,2.84,31.45,19.04,NA,NA,2.00,24.40,NA,NA,NA,NA,NA,NA,NA,NA,NA,NA,NA,0.00,NA,NA,NA
2025-05-09 00:00:00,53.96,72.96,2.22,32.24,18.95,NA,NA,2.11,17.99,NA,NA,NA,NA,NA,NA,NA,NA,NA,NA,NA,0.00,NA,NA,NA
2025-05-09 01:00:00,75.37,92.07,2.10,34.77,20.20,NA,NA,2.18,14.85,NA,NA,NA,NA,NA,NA,NA,NA,NA,NA,NA,0.00,NA,NA,NA
2025-05-09 02:00:00,96.78,142.99,2.39,35.55,20.86,NA,NA,2.14,21.00,NA,NA,NA,NA,NA,NA,NA,NA,NA,NA,NA,0.00,NA,NA,NA
2025-05-09 03:00:00,103.71,130.36,2.74,34.63,20.64,NA,NA,2.13,13.52,NA,NA,NA,NA,NA,NA,NA,NA,NA,NA,NA,0.00,NA,NA,NA
2025-05-09 04:00:00,72.68,102.85,2.69,30.08,18.19,NA,NA,2.21,7.09,NA,NA,NA,NA,NA,NA,NA,NA,NA,NA,NA,0.00,NA,NA,NA
2025-05-09 05:00:00,NA,NA,2.47,26.41,16.05,NA,NA,2.24,9.13,NA,NA,NA,NA,NA,NA,NA,NA,NA,NA,NA,0.00,NA,NA,NA
2025-05-09 06:00:00,81.05,95.76,3.00,28.33,17.51,NA,NA,2.20,5.43,NA,NA,NA,NA,NA,NA,NA,NA,NA,NA,NA,0.00,NA,NA,NA
2025-05-09 07:00:00,101.77,136.87,3.65,30.16,19.01,NA,NA,2.32,9.43,NA,NA,NA,NA,NA,NA,NA,NA,NA,NA,NA,0.00,NA,NA,NA
2025-05-09 08:00:00,129.71,186.62,3.20,25.42,16.12,NA,NA,2.36,10.94,NA,NA,NA,NA,NA,NA,NA,NA,NA,NA,NA,0.00,NA,NA,NA
2025-05-09 09:00:00,18.76,91.66,2.57,21.20,13.36,NA,NA,2.16,21.28,NA,NA,NA,NA,NA,NA,NA,NA,NA,NA,NA,0.00,NA,NA,NA
2025-05-09 10:00:00,17.09,59.72,2.08,18.96,11.78,NA,NA,1.96,27.23,NA,NA,NA,NA,NA,NA,NA,NA,NA,NA,NA,0.00,NA,NA,NA
2025-05-09 11:00:00,27.27,62.60,2.64,20.39,13.00,NA,NA,1.80,33.09,NA,NA,NA,NA,NA,NA,NA,NA,NA,NA,NA,0.00,NA,NA,NA
2025-05-09 12:00:00,47.32,103.68,6.44,21.98,16.93,NA,NA,1.67,52.56,NA,NA,NA,NA,NA,NA,NA,NA,NA,NA,NA,0.00,NA,NA,NA
2025-05-09 13:00:00,49.19,91.47,3.59,18.04,12.52,NA,NA,1.62,52.51,NA,NA,NA,NA,NA,NA,NA,NA,NA,NA,NA,0.00,NA,NA,NA
2025-05-09 14:00:00,30.84,46.64,2.66,16.27,10.82,NA,NA,1.67,49.19,NA,NA,NA,NA,NA,NA,NA,NA,NA,NA,NA,0.00,NA,NA,NA
2025-05-09 15:00:00,28.65,33.89,2.00,17.55,10.96,NA,NA,1.62,52.47,NA,NA,NA,NA,NA,NA,NA,NA,NA,NA,NA,0.00,NA,NA,NA
2025-05-09 16:00:00,42.99,73.07,7.61,20.19,16.92,NA,NA,1.47,66.22,NA,NA,NA,NA,NA,NA,NA,NA,NA,NA,NA,0.00,NA,NA,NA
2025-05-09 17:00:00,59.05,99.29,15.12,19.61,22.72,NA,NA,1.21,81.56,NA,NA,NA,NA,NA,NA,NA,NA,NA,NA,NA,0.00,NA,NA,NA
2025-05-09 18:00:00,47.29,65.89,4.36,17.94,10.75,NA,NA,1.45,79.08,NA,NA,NA,NA,NA,NA,NA,NA,NA,NA,NA,0.00,NA,NA,NA
2025-05-09 19:00:00,13.81,24.86,23.39,23.99,15.75,NA,NA,1.62,50.53,NA,NA,NA,NA,NA,NA,NA,NA,NA,NA,NA,0.00,NA,NA,NA
2025-05-09 20:00:00,38.70,38.72,15.64,26.99,16.89,NA,NA,1.62,34.68,NA,NA,NA,NA,NA,NA,NA,NA,NA,NA,NA,0.00,NA,NA,NA
2025-05-09 21:00:00,53.58,59.78,3.32,35.07,18.81,NA,NA,1.63,25.71,NA,NA,NA,NA,NA,NA,NA,NA,NA,NA,NA,0.00,NA,NA,NA
2025-05-09 22:00:00,71.09,106.64,6.38,52.51,33.12,NA,NA,1.68,12.43,NA,NA,NA,NA,NA,NA,NA,NA,NA,NA,NA,0.00,NA,NA,NA
2025-05-09 23:00:00,75.86,118.00,10.93,53.28,37.22,NA,NA,1.53,13.58,NA,NA,NA,NA,NA,NA,NA,NA,NA,NA,NA,0.00,NA,NA,NA
2025-05-10 00:00:00,69.53,125.34,11.32,48.24,34.86,NA,NA,1.52,12.07,NA,NA,NA,NA,NA,NA,NA,NA,NA,NA,NA,0.00,NA,NA,NA
2025-05-10 01:00:00,85.72,121.22,28.62,50.98,50.40,NA,NA,1.63,9.68,NA,NA,NA,NA,NA,NA,NA,NA,NA,NA,NA,0.00,NA,NA,NA
2025-05-10 02:00:00,116.79,126.91,42.09,57.92,65.02,NA,NA,1.69,12.51,NA,NA,NA,NA,NA,NA,NA,NA,NA,NA,NA,0.00,NA,NA,NA
2025-05-10 03:00:00,67.31,96.44,15.46,54.49,41.55,NA,NA,2.00,7.86,NA,NA,NA,NA,NA,NA,NA,NA,NA,NA,NA,0.00,NA,NA,NA
2025-05-10 04:00:00,42.05,62.21,13.06,53.22,38.92,NA,NA,2.14,3.16,NA,NA,NA,NA,NA,NA,NA,NA,NA,NA,NA,0.00,NA,NA,NA
2025-05-10 05:00:00,84.68,101.45,12.73,58.96,41.71,NA,NA,2.15,4.90,NA,NA,NA,NA,NA,NA,NA,NA,NA,NA,NA,0.00,NA,NA,NA
2025-05-10 06:00:00,77.29,110.51,7.54,55.57,35.68,NA,NA,2.08,12.96,NA,NA,NA,NA,NA,NA,NA,NA,NA,NA,NA,0.00,NA,NA,NA
2025-05-10 07:00:00,77.84,111.38,8.08,52.28,34.38,NA,NA,2.10,21.85,NA,NA,NA,NA,NA,NA,NA,NA,NA,NA,NA,0.00,NA,NA,NA
2025-05-10 08:00:00,111.82,176.63,9.76,46.85,32.85,NA,NA,2.18,46.28,NA,NA,NA,NA,NA,NA,NA,NA,NA,NA,NA,0.00,NA,NA,NA
2025-05-10 09:00:00,92.90,172.06,3.20,35.60,21.53,NA,NA,2.20,65.64,NA,NA,NA,NA,NA,NA,NA,NA,NA,NA,NA,0.00,NA,NA,NA
2025-05-10 10:00:00,46.72,79.23,0.91,27.90,15.58,NA,NA,2.10,74.56,NA,NA,NA,NA,NA,NA,NA,NA,NA,NA,NA,0.00,NA,NA,NA
2025-05-10 11:00:00,58.77,85.26,1.32,29.04,16.53,NA,NA,1.95,89.04,NA,NA,NA,NA,NA,NA,NA,NA,NA,NA,NA,0.00,NA,NA,NA
2025-05-10 12:00:00,62.84,90.36,10.36,35.74,27.44,NA,NA,1.67,53.51,NA,NA,NA,NA,NA,NA,NA,NA,NA,NA,NA,0.00,NA,NA,NA
2025-05-10 13:00:00,22.89,46.79,23.54,43.01,42.02,NA,NA,1.46,38.67,NA,NA,NA,NA,NA,NA,NA,NA,NA,NA,NA,0.00,NA,NA,NA
2025-05-10 14:00:00,56.04,98.48,33.27,45.42,51.22,NA,NA,1.16,61.58,NA,NA,NA,NA,NA,NA,NA,NA,NA,NA,NA,0.00,NA,NA,NA
2025-05-10 15:00:00,67.12,109.04,42.44,42.48,57.11,NA,NA,0.96,67.26,NA,NA,NA,NA,NA,NA,NA,NA,NA,NA,NA,0.00,NA,NA,NA
2025-05-10 16:00:00,NA,NA,NA,NA,NA,NA,NA,NA,NA,NA,NA,NA,NA,NA,NA,NA,NA,NA,NA,NA,0.00,NA,NA,NA
2025-05-10 17:00:00,59.77,117.24,NA,NA,396.00,NA,NA,1.88,54.85,NA,NA,NA,NA,NA,NA,NA,NA,NA,NA,NA,0.00,NA,NA,NA
2025-05-10 18:00:00,NA,NA,99.34,44.59,104.44,NA,NA,1.49,66.73,NA,NA,NA,NA,NA,NA,NA,NA,NA,NA,NA,0.00,NA,NA,NA
2025-05-10 19:00:00,NA,NA,82.87,49.97,93.95,NA,NA,1.09,38.51,NA,NA,NA,NA,NA,NA,NA,NA,NA,NA,NA,0.00,NA,NA,NA
2025-05-10 20:00:00,NA,NA,42.78,41.91,57.05,NA,NA,1.50,54.02,NA,NA,NA,NA,NA,NA,NA,NA,NA,NA,NA,0.00,NA,NA,NA
2025-05-10 21:00:00,NA,NA,24.74,34.58,38.51,NA,NA,1.91,48.75,NA,NA,NA,NA,NA,NA,NA,NA,NA,NA,NA,0.00,NA,NA,NA
2025-05-10 22:00:00,NA,NA,139.74,40.41,135.12,NA,NA,2.04,13.34,NA,NA,NA,NA,NA,NA,NA,NA,NA,NA,NA,0.00,NA,NA,NA
2025-05-10 23:00:00,18.85,14.22,73.39,45.76,84.01,NA,NA,2.05,11.78,NA,NA,NA,NA,NA,NA,NA,NA,NA,NA,NA,0.00,NA,NA,NA
2025-05-11 00:00:00,24.36,42.06,57.01,51.01,73.49,NA,NA,2.02,12.91,NA,NA,NA,NA,NA,NA,NA,NA,NA,NA,NA,0.00,NA,NA,NA
2025-05-11 01:00:00,41.26,54.05,48.27,46.86,64.17,NA,NA,1.73,8.71,NA,NA,NA,NA,NA,NA,NA,NA,NA,NA,NA,0.00,NA,NA,NA
2025-05-11 02:00:00,32.58,45.80,31.82,40.42,47.36,NA,NA,1.80,6.10,NA,NA,NA,NA,NA,NA,NA,NA,NA,NA,NA,0.00,NA,NA,NA
2025-05-11 03:00:00,40.07,56.92,24.08,40.02,40.86,NA,NA,1.88,7.49,NA,NA,NA,NA,NA,NA,NA,NA,NA,NA,NA,0.00,NA,NA,NA
2025-05-11 04:00:00,46.76,53.84,20.98,43.16,40.01,NA,NA,1.86,9.03,NA,NA,NA,NA,NA,NA,NA,NA,NA,NA,NA,0.00,NA,NA,NA
2025-05-11 05:00:00,49.64,78.13,21.88,41.88,40.06,NA,NA,1.86,12.24,NA,NA,NA,NA,NA,NA,NA,NA,NA,NA,NA,0.00,NA,NA,NA
2025-05-11 06:00:00,54.28,74.06,17.41,41.68,36.32,NA,NA,2.01,16.11,NA,NA,NA,NA,NA,NA,NA,NA,NA,NA,NA,0.00,NA,NA,NA
2025-05-11 07:00:00,76.43,91.59,5.83,39.60,25.80,NA,NA,2.19,21.59,NA,NA,NA,NA,NA,NA,NA,NA,NA,NA,NA,0.00,NA,NA,NA
2025-05-11 08:00:00,78.30,130.24,3.12,38.12,22.82,NA,NA,2.20,25.56,NA,NA,NA,NA,NA,NA,NA,NA,NA,NA,NA,0.00,NA,NA,NA
2025-05-11 09:00:00,67.36,127.67,3.76,35.77,22.08,NA,NA,2.08,50.24,NA,NA,NA,NA,NA,NA,NA,NA,NA,NA,NA,0.00,NA,NA,NA
2025-05-11 10:00:00,77.06,129.08,4.88,28.87,19.32,NA,NA,1.88,64.72,NA,NA,NA,NA,NA,NA,NA,NA,NA,NA,NA,0.00,NA,NA,NA
2025-05-11 11:00:00,43.94,92.82,3.82,25.27,16.55,NA,NA,1.81,63.22,NA,NA,NA,NA,NA,NA,NA,NA,NA,NA,NA,0.00,NA,NA,NA
2025-05-11 12:00:00,33.60,60.11,1.35,25.57,14.70,NA,NA,1.77,67.84,NA,NA,NA,NA,NA,NA,NA,NA,NA,NA,NA,0.00,NA,NA,NA
2025-05-11 13:00:00,38.14,63.86,1.29,27.90,15.89,NA,NA,1.67,74.08,NA,NA,NA,NA,NA,NA,NA,NA,NA,NA,NA,0.00,NA,NA,NA
2025-05-11 14:00:00,55.24,93.14,9.86,33.43,25.80,NA,NA,1.43,71.81,NA,NA,NA,NA,NA,NA,NA,NA,NA,NA,NA,0.00,NA,NA,NA
2025-05-11 15:00:00,51.13,104.73,12.46,25.97,23.93,NA,NA,1.33,83.58,NA,NA,NA,NA,NA,NA,NA,NA,NA,NA,NA,0.00,NA,NA,NA
2025-05-11 16:00:00,40.90,72.54,2.76,23.90,14.96,NA,NA,1.50,82.20,NA,NA,NA,NA,NA,NA,NA,NA,NA,NA,NA,0.00,NA,NA,NA
2025-05-11 17:00:00,36.70,54.16,4.06,26.85,17.58,NA,NA,1.48,97.72,NA,NA,NA,NA,NA,NA,NA,NA,NA,NA,NA,0.00,NA,NA,NA
2025-05-11 18:00:00,69.00,90.73,11.86,32.37,26.87,NA,NA,1.22,88.42,NA,NA,NA,NA,NA,NA,NA,NA,NA,NA,NA,0.00,NA,NA,NA
2025-05-11 19:00:00,71.37,103.52,13.78,33.21,28.86,NA,NA,1.19,51.33,NA,NA,NA,NA,NA,NA,NA,NA,NA,NA,NA,0.00,NA,NA,NA
2025-05-11 20:00:00,83.73,141.62,8.28,27.11,21.15,NA,NA,1.56,74.06,NA,NA,NA,NA,NA,NA,NA,NA,NA,NA,NA,0.00,NA,NA,NA
2025-05-11 21:00:00,67.30,159.95,6.60,26.37,19.39,NA,NA,1.37,84.34,NA,NA,NA,NA,NA,NA,NA,NA,NA,NA,NA,0.00,NA,NA,NA
2025-05-11 22:00:00,39.90,87.40,9.10,26.92,21.72,NA,NA,1.16,86.86,NA,NA,NA,NA,NA,NA,NA,NA,NA,NA,NA,0.00,NA,NA,NA
2025-05-11 23:00:00,25.53,69.81,12.24,25.72,23.63,NA,NA,0.86,93.95,NA,NA,NA,NA,NA,NA,NA,NA,NA,NA,NA,0.00,NA,NA,NA
2025-05-12 00:00:00,35.89,53.08,16.49,29.96,29.34,NA,NA,0.77,77.82,NA,NA,NA,NA,NA,NA,NA,NA,NA,NA,NA,0.00,NA,NA,NA
2025-05-12 01:00:00,35.51,59.15,21.28,33.88,35.32,NA,NA,0.66,69.67,NA,NA,NA,NA,NA,NA,NA,NA,NA,NA,NA,0.00,NA,NA,NA
2025-05-12 02:00:00,33.94,76.30,27.40,36.83,41.87,NA,NA,0.62,63.72,NA,NA,NA,NA,NA,NA,NA,NA,NA,NA,NA,0.00,NA,NA,NA
2025-05-12 03:00:00,49.10,78.67,19.11,30.48,31.74,NA,NA,0.80,56.69,NA,NA,NA,NA,NA,NA,NA,NA,NA,NA,NA,0.00,NA,NA,NA
2025-05-12 04:00:00,46.30,54.64,4.45,32.39,19.59,NA,NA,1.34,28.80,NA,NA,NA,NA,NA,NA,NA,NA,NA,NA,NA,0.00,NA,NA,NA
2025-05-12 05:00:00,NA,NA,0.34,41.35,20.59,NA,NA,1.46,3.29,NA,NA,NA,NA,NA,NA,NA,NA,NA,NA,NA,0.00,NA,NA,NA
2025-05-12 06:00:00,NA,NA,0.77,46.24,24.03,NA,NA,1.53,2.75,NA,NA,NA,NA,NA,NA,NA,NA,NA,NA,NA,0.00,NA,NA,NA
2025-05-12 07:00:00,37.17,62.38,NA,35.82,17.19,NA,NA,1.55,20.02,NA,NA,NA,NA,NA,NA,NA,NA,NA,NA,NA,0.00,NA,NA,NA
2025-05-12 08:00:00,51.47,99.16,NA,31.77,15.08,NA,NA,1.62,30.30,NA,NA,NA,NA,NA,NA,NA,NA,NA,NA,NA,0.00,NA,NA,NA
2025-05-12 09:00:00,67.11,111.29,NA,39.12,19.47,NA,NA,1.79,47.87,NA,NA,NA,NA,NA,NA,NA,NA,NA,NA,NA,0.00,NA,NA,NA
2025-05-12 10:00:00,67.23,93.08,3.63,27.57,16.05,NA,NA,1.80,49.36,NA,NA,NA,NA,NA,NA,NA,NA,NA,NA,NA,0.00,NA,NA,NA
2025-05-12 11:00:00,66.14,NA,22.69,25.98,32.28,NA,NA,1.69,65.77,NA,NA,NA,NA,NA,NA,NA,NA,NA,NA,NA,0.00,NA,NA,NA
2025-05-12 12:00:00,54.44,193.30,12.46,13.43,17.27,NA,NA,1.40,54.18,NA,NA,NA,NA,NA,NA,NA,NA,NA,NA,NA,0.00,NA,NA,NA
2025-05-12 13:00:00,39.83,167.28,8.73,10.37,12.61,NA,NA,1.43,46.78,NA,NA,NA,NA,NA,NA,NA,NA,NA,NA,NA,0.00,NA,NA,NA
2025-05-12 14:00:00,34.82,114.95,7.67,7.78,10.37,NA,NA,1.34,55.05,NA,NA,NA,NA,NA,NA,NA,NA,NA,NA,NA,0.00,NA,NA,NA
2025-05-12 15:00:00,43.08,110.99,7.74,10.71,11.99,NA,NA,1.40,78.40,NA,NA,NA,NA,NA,NA,NA,NA,NA,NA,NA,0.00,NA,NA,NA
2025-05-12 16:00:00,57.54,141.71,2.42,11.75,8.22,NA,NA,1.50,91.57,NA,NA,NA,NA,NA,NA,NA,NA,NA,NA,NA,0.00,NA,NA,NA
2025-05-12 17:00:00,54.47,120.08,2.14,11.40,7.80,NA,NA,1.53,93.14,NA,NA,NA,NA,NA,NA,NA,NA,NA,NA,NA,0.00,NA,NA,NA
2025-05-12 18:00:00,49.41,130.45,1.79,11.08,7.35,NA,NA,1.56,100.89,NA,NA,NA,NA,NA,NA,NA,NA,NA,NA,NA,0.00,NA,NA,NA
2025-05-12 19:00:00,66.82,128.27,1.92,14.07,9.04,NA,NA,1.67,75.43,NA,NA,NA,NA,NA,NA,NA,NA,NA,NA,NA,0.00,NA,NA,NA
2025-05-12 20:00:00,81.03,224.03,1.67,23.70,13.96,NA,NA,2.04,48.54,NA,NA,NA,NA,NA,NA,NA,NA,NA,NA,NA,0.00,NA,NA,NA
2025-05-12 21:00:00,97.82,218.67,1.84,23.05,13.76,NA,NA,1.96,62.92,NA,NA,NA,NA,NA,NA,NA,NA,NA,NA,NA,0.00,NA,NA,NA
2025-05-12 22:00:00,54.24,203.83,1.34,17.22,10.25,NA,NA,1.79,76.40,NA,NA,NA,NA,NA,NA,NA,NA,NA,NA,NA,0.00,NA,NA,NA
2025-05-12 23:00:00,35.30,164.62,1.15,14.24,8.50,NA,NA,1.76,84.32,NA,NA,NA,NA,NA,NA,NA,NA,NA,NA,NA,0.00,NA,NA,NA
2025-05-13 00:00:00,22.35,98.04,1.31,13.48,8.24,NA,NA,1.68,83.98,NA,NA,NA,NA,NA,NA,NA,NA,NA,NA,NA,0.00,NA,NA,NA
2025-05-13 01:00:00,27.80,119.68,1.43,15.81,9.57,NA,NA,1.63,62.42,NA,NA,NA,NA,NA,NA,NA,NA,NA,NA,NA,0.00,NA,NA,NA
2025-05-13 02:00:00,25.05,117.06,1.51,14.61,9.00,NA,NA,1.65,59.86,NA,NA,NA,NA,NA,NA,NA,NA,NA,NA,NA,0.00,NA,NA,NA
2025-05-13 03:00:00,26.47,92.84,1.68,13.15,8.36,NA,NA,1.64,76.32,NA,NA,NA,NA,NA,NA,NA,NA,NA,NA,NA,0.00,NA,NA,NA
2025-05-13 04:00:00,21.94,62.50,1.80,10.36,6.98,NA,NA,1.63,96.50,NA,NA,NA,NA,NA,NA,NA,NA,NA,NA,NA,0.00,NA,NA,NA
2025-05-13 05:00:00,24.88,70.27,1.72,12.46,8.03,NA,NA,1.63,81.30,NA,NA,NA,NA,NA,NA,NA,NA,NA,NA,NA,0.00,NA,NA,NA
2025-05-13 06:00:00,28.30,96.55,2.00,13.87,9.01,NA,NA,1.62,64.84,NA,NA,NA,NA,NA,NA,NA,NA,NA,NA,NA,0.00,NA,NA,NA
2025-05-13 07:00:00,14.95,101.43,1.92,14.58,9.32,NA,NA,1.66,57.85,NA,NA,NA,NA,NA,NA,NA,NA,NA,NA,NA,0.00,NA,NA,NA
2025-05-13 08:00:00,12.49,113.14,1.66,11.71,7.58,NA,NA,1.65,56.54,NA,NA,NA,NA,NA,NA,NA,NA,NA,NA,NA,0.00,NA,NA,NA
2025-05-13 09:00:00,28.52,153.89,1.87,12.28,8.05,NA,NA,1.68,60.72,NA,NA,NA,NA,NA,NA,NA,NA,NA,NA,NA,0.00,NA,NA,NA
2025-05-13 10:00:00,48.28,150.60,1.82,11.12,7.40,NA,NA,1.69,49.83,NA,NA,NA,NA,NA,NA,NA,NA,NA,NA,NA,0.00,NA,NA,NA
2025-05-13 11:00:00,43.25,177.21,1.90,9.65,6.68,NA,NA,1.65,51.37,NA,NA,NA,NA,NA,NA,NA,NA,NA,NA,NA,0.00,NA,NA,NA
2025-05-13 12:00:00,31.97,176.24,2.11,7.89,5.92,NA,NA,1.62,47.15,NA,NA,NA,NA,NA,NA,NA,NA,NA,NA,NA,0.00,NA,NA,NA
2025-05-13 13:00:00,38.80,215.75,2.30,8.74,6.51,NA,NA,1.60,48.58,NA,NA,NA,NA,NA,NA,NA,NA,NA,NA,NA,0.00,NA,NA,NA
2025-05-13 14:00:00,42.50,195.06,2.41,8.74,6.62,NA,NA,1.57,54.74,NA,NA,NA,NA,NA,NA,NA,NA,NA,NA,NA,0.00,NA,NA,NA
2025-05-13 15:00:00,42.70,205.14,2.30,9.10,6.70,NA,NA,1.58,71.39,NA,NA,NA,NA,NA,NA,NA,NA,NA,NA,NA,0.00,NA,NA,NA
2025-05-13 16:00:00,72.36,270.17,2.31,10.34,7.38,NA,NA,1.54,82.12,NA,NA,NA,NA,NA,NA,NA,NA,NA,NA,NA,0.00,NA,NA,NA
2025-05-13 17:00:00,51.58,130.65,2.55,8.74,6.72,NA,NA,1.56,76.72,NA,NA,NA,NA,NA,NA,NA,NA,NA,NA,NA,0.00,NA,NA,NA
2025-05-13 18:00:00,37.62,81.02,2.26,12.01,8.22,NA,NA,1.67,67.03,NA,NA,NA,NA,NA,NA,NA,NA,NA,NA,NA,0.00,NA,NA,NA
2025-05-13 19:00:00,33.44,99.20,1.94,14.75,9.42,NA,NA,1.72,69.69,NA,NA,NA,NA,NA,NA,NA,NA,NA,NA,NA,0.00,NA,NA,NA
2025-05-13 20:00:00,26.54,86.02,2.04,11.47,7.76,NA,NA,1.70,81.43,NA,NA,NA,NA,NA,NA,NA,NA,NA,NA,NA,0.00,NA,NA,NA
2025-05-13 21:00:00,28.82,48.81,1.74,7.76,5.54,NA,NA,1.66,86.29,NA,NA,NA,NA,NA,NA,NA,NA,NA,NA,NA,0.00,NA,NA,NA
2025-05-13 22:00:00,31.59,68.70,1.94,11.31,7.60,NA,NA,1.70,63.65,NA,NA,NA,NA,NA,NA,NA,NA,NA,NA,NA,0.00,NA,NA,NA
2025-05-13 23:00:00,41.55,89.86,1.90,16.38,10.26,NA,NA,1.70,49.92,NA,NA,NA,NA,NA,NA,NA,NA,NA,NA,NA,0.00,NA,NA,NA
2025-05-14 00:00:00,38.89,93.18,1.80,21.21,12.74,NA,NA,1.69,36.48,NA,NA,NA,NA,NA,NA,NA,NA,NA,NA,NA,0.00,NA,NA,NA
2025-05-14 01:00:00,45.53,104.34,2.02,22.66,13.70,NA,NA,1.74,20.04,NA,NA,NA,NA,NA,NA,NA,NA,NA,NA,NA,0.00,NA,NA,NA
2025-05-14 02:00:00,45.35,112.68,2.15,23.35,14.17,NA,NA,1.76,21.44,NA,NA,NA,NA,NA,NA,NA,NA,NA,NA,NA,0.00,NA,NA,NA
2025-05-14 03:00:00,37.75,106.68,2.60,24.93,15.37,NA,NA,1.73,20.94,NA,NA,NA,NA,NA,NA,NA,NA,NA,NA,NA,0.00,NA,NA,NA
2025-05-14 04:00:00,44.71,123.18,2.48,23.66,14.60,NA,NA,1.76,25.11,NA,NA,NA,NA,NA,NA,NA,NA,NA,NA,NA,0.00,NA,NA,NA
2025-05-14 05:00:00,38.18,111.24,2.51,18.37,11.82,NA,NA,1.78,20.61,NA,NA,NA,NA,NA,NA,NA,NA,NA,NA,NA,0.00,NA,NA,NA
2025-05-14 06:00:00,36.14,100.38,3.20,17.85,12.10,NA,NA,1.80,16.24,NA,NA,NA,NA,NA,NA,NA,NA,NA,NA,NA,0.00,NA,NA,NA
2025-05-14 07:00:00,32.04,112.54,3.64,19.54,13.35,NA,NA,1.89,18.54,NA,NA,NA,NA,NA,NA,NA,NA,NA,NA,NA,0.00,NA,NA,NA
2025-05-14 08:00:00,48.27,157.66,3.43,21.10,14.01,NA,NA,1.88,23.58,NA,NA,NA,NA,NA,NA,NA,NA,NA,NA,NA,0.00,NA,NA,NA
2025-05-14 09:00:00,42.77,205.30,2.97,19.69,12.89,NA,NA,1.86,31.13,NA,NA,NA,NA,NA,NA,NA,NA,NA,NA,NA,0.00,NA,NA,NA
2025-05-14 10:00:00,47.05,203.47,2.60,17.33,11.33,NA,NA,1.84,44.66,NA,NA,NA,NA,NA,NA,NA,NA,NA,NA,NA,0.00,NA,NA,NA
2025-05-14 11:00:00,31.65,200.44,2.62,13.92,9.54,NA,NA,1.80,58.78,NA,NA,NA,NA,NA,NA,NA,NA,NA,NA,NA,0.00,NA,NA,NA
2025-05-14 12:00:00,37.88,183.30,2.94,9.69,7.55,NA,NA,1.78,59.61,NA,NA,NA,NA,NA,NA,NA,NA,NA,NA,NA,0.00,NA,NA,NA
2025-05-14 13:00:00,40.65,190.21,2.93,8.56,6.93,NA,NA,1.75,57.54,NA,NA,NA,NA,NA,NA,NA,NA,NA,NA,NA,0.00,NA,NA,NA
2025-05-14 14:00:00,46.92,190.56,2.71,8.51,6.74,NA,NA,1.68,52.15,NA,NA,NA,NA,NA,NA,NA,NA,NA,NA,NA,0.00,NA,NA,NA
2025-05-14 15:00:00,38.12,136.92,2.64,6.76,5.74,NA,NA,1.61,53.48,NA,NA,NA,NA,NA,NA,NA,NA,NA,NA,NA,0.00,NA,NA,NA
2025-05-14 16:00:00,27.46,133.74,2.56,6.19,5.37,NA,NA,1.56,70.09,NA,NA,NA,NA,NA,NA,NA,NA,NA,NA,NA,0.00,NA,NA,NA
2025-05-14 17:00:00,29.73,116.96,2.56,7.22,5.92,NA,NA,1.53,76.78,NA,NA,NA,NA,NA,NA,NA,NA,NA,NA,NA,0.00,NA,NA,NA
2025-05-14 18:00:00,45.06,144.42,2.65,10.52,7.76,NA,NA,1.63,75.18,NA,NA,NA,NA,NA,NA,NA,NA,NA,NA,NA,0.00,NA,NA,NA
2025-05-14 19:00:00,50.58,177.27,2.75,15.74,10.61,NA,NA,1.70,65.65,NA,NA,NA,NA,NA,NA,NA,NA,NA,NA,NA,0.00,NA,NA,NA
2025-05-14 20:00:00,72.41,197.91,2.96,18.06,12.02,NA,NA,1.76,48.68,NA,NA,NA,NA,NA,NA,NA,NA,NA,NA,NA,0.00,NA,NA,NA
2025-05-14 21:00:00,70.60,218.08,3.40,23.73,15.39,NA,NA,2.04,23.30,NA,NA,NA,NA,NA,NA,NA,NA,NA,NA,NA,0.00,NA,NA,NA
2025-05-14 22:00:00,90.62,324.64,3.50,30.90,19.28,NA,NA,2.25,22.51,NA,NA,NA,NA,NA,NA,NA,NA,NA,NA,NA,0.00,NA,NA,NA
2025-05-14 23:00:00,231.96,752.90,3.11,16.36,11.23,NA,NA,1.98,45.88,NA,NA,NA,NA,NA,NA,NA,NA,NA,NA,NA,0.00,NA,NA,NA
2025-05-15 00:00:00,337.64,NA,3.25,14.21,10.20,NA,NA,2.00,40.55,NA,NA,NA,NA,NA,NA,NA,NA,NA,NA,NA,0.00,NA,NA,NA
2025-05-15 01:00:00,425.91,NA,3.28,12.55,9.35,NA,NA,1.95,41.92,NA,NA,NA,NA,NA,NA,NA,NA,NA,NA,NA,0.00,NA,NA,NA
2025-05-15 02:00:00,435.17,NA,3.46,16.12,11.39,NA,NA,1.90,30.28,NA,NA,NA,NA,NA,NA,NA,NA,NA,NA,NA,0.00,NA,NA,NA
2025-05-15 03:00:00,474.65,NA,3.60,14.92,10.86,NA,NA,1.87,28.43,NA,NA,NA,NA,NA,NA,NA,NA,NA,NA,NA,0.00,NA,NA,NA
2025-05-15 04:00:00,474.30,NA,3.69,15.07,11.02,NA,NA,1.88,21.24,NA,NA,NA,NA,NA,NA,NA,NA,NA,NA,NA,0.00,NA,NA,NA
2025-05-15 05:00:00,417.67,NA,4.15,17.55,12.71,NA,NA,1.91,20.07,NA,NA,NA,NA,NA,NA,NA,NA,NA,NA,NA,0.00,NA,NA,NA
2025-05-15 06:00:00,391.66,NA,6.37,30.65,21.48,NA,NA,2.00,12.66,NA,NA,NA,NA,NA,NA,NA,NA,NA,NA,NA,0.00,NA,NA,NA
2025-05-15 07:00:00,446.75,NA,5.00,26.07,17.94,NA,NA,2.09,23.07,NA,NA,NA,NA,NA,NA,NA,NA,NA,NA,NA,0.00,NA,NA,NA
2025-05-15 08:00:00,398.80,NA,4.50,21.94,15.33,NA,NA,2.05,31.64,NA,NA,NA,NA,NA,NA,NA,NA,NA,NA,NA,0.00,NA,NA,NA
2025-05-15 09:00:00,293.37,NA,4.24,16.97,12.47,NA,NA,1.96,41.42,NA,NA,NA,NA,NA,NA,NA,NA,NA,NA,NA,0.00,NA,NA,NA
2025-05-15 10:00:00,222.17,891.47,4.01,10.67,8.94,NA,NA,1.90,51.07,NA,NA,NA,NA,NA,NA,NA,NA,NA,NA,NA,0.00,NA,NA,NA
2025-05-15 11:00:00,159.16,648.26,3.86,8.32,7.57,NA,NA,1.85,61.31,NA,NA,NA,NA,NA,NA,NA,NA,NA,NA,NA,0.00,NA,NA,NA
2025-05-15 12:00:00,94.46,349.42,3.76,7.80,7.20,NA,NA,1.78,55.65,NA,NA,NA,NA,NA,NA,NA,NA,NA,NA,NA,0.00,NA,NA,NA
2025-05-15 13:00:00,88.99,303.10,3.88,8.03,7.42,NA,NA,1.77,63.97,NA,NA,NA,NA,NA,NA,NA,NA,NA,NA,NA,0.00,NA,NA,NA
2025-05-15 14:00:00,104.04,308.90,3.97,7.08,7.00,NA,NA,1.75,75.66,NA,NA,NA,NA,NA,NA,NA,NA,NA,NA,NA,0.00,NA,NA,NA
2025-05-15 15:00:00,103.12,297.95,4.25,6.68,7.01,NA,NA,1.78,92.78,NA,NA,NA,NA,NA,NA,NA,NA,NA,NA,NA,0.00,NA,NA,NA
2025-05-15 16:00:00,107.38,327.34,4.28,8.16,7.82,NA,NA,1.78,93.46,NA,NA,NA,NA,NA,NA,NA,NA,NA,NA,NA,0.00,NA,NA,NA
2025-05-15 17:00:00,77.78,217.16,4.07,12.70,10.06,NA,NA,1.62,66.14,NA,NA,NA,NA,NA,NA,NA,NA,NA,NA,NA,0.00,NA,NA,NA
2025-05-15 18:00:00,87.06,246.03,4.09,17.67,12.73,NA,NA,1.62,91.88,NA,NA,NA,NA,NA,NA,NA,NA,NA,NA,NA,0.00,NA,NA,NA
2025-05-15 19:00:00,101.90,292.82,5.16,24.84,17.42,NA,NA,1.85,62.12,NA,NA,NA,NA,NA,NA,NA,NA,NA,NA,NA,0.00,NA,NA,NA
2025-05-15 20:00:00,96.73,281.68,10.26,56.15,38.20,NA,NA,2.07,5.49,NA,NA,NA,NA,NA,NA,NA,NA,NA,NA,NA,0.00,NA,NA,NA
2025-05-15 21:00:00,96.54,303.13,4.23,45.02,27.38,NA,NA,2.20,11.23,NA,NA,NA,NA,NA,NA,NA,NA,NA,NA,NA,0.00,NA,NA,NA
2025-05-15 22:00:00,93.98,281.03,4.20,38.85,24.08,NA,NA,2.44,6.72,NA,NA,NA,NA,NA,NA,NA,NA,NA,NA,NA,0.00,NA,NA,NA
2025-05-15 23:00:00,100.24,301.86,4.12,35.84,22.41,NA,NA,2.48,2.37,NA,NA,NA,NA,NA,NA,NA,NA,NA,NA,NA,0.00,NA,NA,NA
2025-05-16 00:00:00,108.16,312.35,4.03,33.62,21.16,NA,NA,2.37,11.50,NA,NA,NA,NA,NA,NA,NA,NA,NA,NA,NA,0.00,NA,NA,NA
2025-05-16 01:00:00,97.84,286.37,4.52,29.29,19.25,NA,NA,2.24,21.80,NA,NA,NA,NA,NA,NA,NA,NA,NA,NA,NA,0.00,NA,NA,NA
2025-05-16 02:00:00,81.05,288.08,6.18,45.88,29.44,NA,NA,2.27,12.04,NA,NA,NA,NA,NA,NA,NA,NA,NA,NA,NA,0.00,NA,NA,NA
2025-05-16 03:00:00,125.18,349.42,4.64,42.31,26.28,NA,NA,2.72,5.85,NA,NA,NA,NA,NA,NA,NA,NA,NA,NA,NA,0.00,NA,NA,NA
2025-05-16 04:00:00,158.73,409.16,4.68,40.25,25.21,NA,NA,2.79,5.34,NA,NA,NA,NA,NA,NA,NA,NA,NA,NA,NA,0.00,NA,NA,NA
2025-05-16 05:00:00,157.04,405.96,5.18,38.24,24.55,NA,NA,2.88,5.16,NA,NA,NA,NA,NA,NA,NA,NA,NA,NA,NA,0.00,NA,NA,NA
2025-05-16 06:00:00,156.06,389.38,6.60,33.27,23.07,NA,NA,2.97,4.20,NA,NA,NA,NA,NA,NA,NA,NA,NA,NA,NA,0.00,NA,NA,NA
2025-05-16 07:00:00,179.66,427.38,7.05,36.77,25.29,NA,NA,3.22,13.15,NA,NA,NA,NA,NA,NA,NA,NA,NA,NA,NA,0.00,NA,NA,NA
2025-05-16 08:00:00,163.54,449.92,5.05,23.21,16.45,NA,NA,2.75,41.44,NA,NA,NA,NA,NA,NA,NA,NA,NA,NA,NA,0.00,NA,NA,NA
2025-05-16 09:00:00,80.74,337.36,5.22,19.03,14.37,NA,NA,2.38,34.30,NA,NA,NA,NA,NA,NA,NA,NA,NA,NA,NA,0.00,NA,NA,NA
2025-05-16 10:00:00,50.76,276.02,5.22,12.90,11.11,NA,NA,2.10,NA,NA,NA,NA,NA,NA,NA,NA,NA,NA,NA,NA,0.00,NA,NA,NA
2025-05-16 11:00:00,44.16,223.05,5.40,9.41,9.40,NA,NA,2.43,NA,NA,NA,NA,NA,NA,NA,NA,NA,NA,NA,NA,0.00,NA,NA,NA
2025-05-16 12:00:00,53.68,241.89,6.12,9.77,10.18,NA,NA,0.52,NA,NA,NA,NA,NA,NA,NA,NA,NA,NA,NA,NA,0.00,NA,NA,NA
2025-05-16 13:00:00,47.31,252.83,5.56,9.97,9.83,NA,NA,0.52,NA,NA,NA,NA,NA,NA,NA,NA,NA,NA,NA,NA,0.00,NA,NA,NA
2025-05-16 14:00:00,63.09,252.71,5.46,8.15,8.78,NA,NA,0.46,54.93,NA,NA,NA,NA,NA,NA,NA,NA,NA,NA,NA,0.00,NA,NA,NA
2025-05-16 15:00:00,58.82,255.70,5.62,8.53,9.11,NA,NA,0.51,79.72,NA,NA,NA,NA,NA,NA,NA,NA,NA,NA,NA,0.00,NA,NA,NA
2025-05-16 16:00:00,111.76,351.67,5.74,12.47,11.30,NA,NA,0.73,120.02,NA,NA,NA,NA,NA,NA,NA,NA,NA,NA,NA,0.00,NA,NA,NA
2025-05-16 17:00:00,119.25,342.54,6.35,10.56,10.78,NA,NA,0.60,76.28,NA,NA,NA,NA,NA,NA,NA,NA,NA,NA,NA,0.00,NA,NA,NA
2025-05-16 18:00:00,38.50,60.23,6.25,12.13,11.54,NA,NA,0.42,57.58,NA,NA,NA,NA,NA,NA,NA,NA,NA,NA,NA,0.00,NA,NA,NA
2025-05-16 19:00:00,29.07,52.56,6.27,20.38,15.94,NA,NA,0.41,50.66,NA,NA,NA,NA,NA,NA,NA,NA,NA,NA,NA,0.00,NA,NA,NA
2025-05-16 20:00:00,37.13,95.11,7.24,28.73,21.17,NA,NA,0.44,37.28,NA,NA,NA,NA,NA,NA,NA,NA,NA,NA,NA,0.00,NA,NA,NA
2025-05-16 21:00:00,49.11,135.93,7.43,32.39,23.26,NA,NA,0.52,78.76,NA,NA,NA,NA,NA,NA,NA,NA,NA,NA,NA,0.00,NA,NA,NA
2025-05-16 22:00:00,59.65,98.36,6.02,29.11,20.38,NA,NA,0.64,31.78,NA,NA,NA,NA,NA,NA,NA,NA,NA,NA,NA,0.00,NA,NA,NA
2025-05-16 23:00:00,43.11,75.56,5.58,26.02,18.37,NA,NA,0.66,19.33,NA,NA,NA,NA,NA,NA,NA,NA,NA,NA,NA,0.00,NA,NA,NA
2025-05-17 00:00:00,39.60,72.84,5.38,24.63,17.47,NA,NA,0.68,22.58,NA,NA,NA,NA,NA,NA,NA,NA,NA,NA,NA,0.00,NA,NA,NA
2025-05-17 01:00:00,28.94,58.39,5.25,18.44,14.08,NA,NA,0.66,22.54,NA,NA,NA,NA,NA,NA,NA,NA,NA,NA,NA,0.00,NA,NA,NA
2025-05-17 02:00:00,32.64,70.10,4.95,16.30,12.70,NA,NA,0.67,19.58,NA,NA,NA,NA,NA,NA,NA,NA,NA,NA,NA,0.00,NA,NA,NA
2025-05-17 03:00:00,34.19,90.92,9.09,27.54,22.04,NA,NA,0.69,5.46,NA,NA,NA,NA,NA,NA,NA,NA,NA,NA,NA,0.00,NA,NA,NA
2025-05-17 04:00:00,40.18,113.53,5.92,32.36,22.03,NA,NA,0.69,9.90,NA,NA,NA,NA,NA,NA,NA,NA,NA,NA,NA,0.00,NA,NA,NA
2025-05-17 05:00:00,35.80,91.73,4.97,24.47,17.06,NA,NA,0.67,20.40,NA,NA,NA,NA,NA,NA,NA,NA,NA,NA,NA,0.00,NA,NA,NA
2025-05-17 06:00:00,33.46,131.10,5.24,16.47,13.02,NA,NA,0.62,32.52,NA,NA,NA,NA,NA,NA,NA,NA,NA,NA,NA,0.00,NA,NA,NA
2025-05-17 07:00:00,34.88,185.22,5.35,17.60,13.71,NA,NA,0.66,15.85,NA,NA,NA,NA,NA,NA,NA,NA,NA,NA,NA,0.00,NA,NA,NA
2025-05-17 08:00:00,41.18,206.97,5.75,18.13,14.31,NA,NA,0.68,7.49,NA,NA,NA,NA,NA,NA,NA,NA,NA,NA,NA,0.00,NA,NA,NA
2025-05-17 09:00:00,46.20,198.34,5.56,16.90,13.51,NA,NA,0.71,21.17,NA,NA,NA,NA,NA,NA,NA,NA,NA,NA,NA,0.00,NA,NA,NA
2025-05-17 10:00:00,52.36,181.82,5.12,14.56,11.91,NA,NA,0.68,34.10,NA,NA,NA,NA,NA,NA,NA,NA,NA,NA,NA,0.00,NA,NA,NA
2025-05-17 11:00:00,81.55,185.41,5.06,13.01,11.04,NA,NA,0.66,57.81,NA,NA,NA,NA,NA,NA,NA,NA,NA,NA,NA,0.00,NA,NA,NA
2025-05-17 12:00:00,51.53,206.99,4.97,10.88,9.83,NA,NA,0.64,63.70,NA,NA,NA,NA,NA,NA,NA,NA,NA,NA,NA,0.00,NA,NA,NA
2025-05-17 13:00:00,55.93,193.10,5.00,11.45,10.16,NA,NA,0.65,78.30,NA,NA,NA,NA,NA,NA,NA,NA,NA,NA,NA,0.00,NA,NA,NA
2025-05-17 14:00:00,75.40,223.40,5.09,12.19,10.62,NA,NA,0.59,62.62,NA,NA,NA,NA,NA,NA,NA,NA,NA,NA,NA,0.00,NA,NA,NA
2025-05-17 15:00:00,74.02,166.86,6.20,14.02,12.50,NA,NA,0.46,33.23,NA,NA,NA,NA,NA,NA,NA,NA,NA,NA,NA,0.00,NA,NA,NA
2025-05-17 16:00:00,40.20,154.09,7.68,16.58,15.07,NA,NA,0.38,40.54,NA,NA,NA,NA,NA,NA,NA,NA,NA,NA,NA,0.00,NA,NA,NA
2025-05-17 17:00:00,63.04,166.52,8.94,21.75,18.84,NA,NA,0.34,7.74,NA,NA,NA,NA,NA,NA,NA,NA,NA,NA,NA,0.00,NA,NA,NA
2025-05-17 18:00:00,59.18,181.08,7.54,13.92,13.52,NA,NA,0.45,39.88,NA,NA,NA,NA,NA,NA,NA,NA,NA,NA,NA,0.00,NA,NA,NA
2025-05-17 19:00:00,26.21,76.19,5.80,14.28,12.31,NA,NA,0.52,45.52,NA,NA,NA,NA,NA,NA,NA,NA,NA,NA,NA,0.00,NA,NA,NA
2025-05-17 20:00:00,26.29,55.62,5.09,12.78,10.93,NA,NA,0.58,66.68,NA,NA,NA,NA,NA,NA,NA,NA,NA,NA,NA,0.00,NA,NA,NA
2025-05-17 21:00:00,34.17,60.67,4.98,12.96,10.95,NA,NA,0.61,43.76,NA,NA,NA,NA,NA,NA,NA,NA,NA,NA,NA,0.00,NA,NA,NA
2025-05-17 22:00:00,35.98,70.99,5.07,13.43,11.27,NA,NA,0.64,46.24,NA,NA,NA,NA,NA,NA,NA,NA,NA,NA,NA,0.00,NA,NA,NA
2025-05-17 23:00:00,39.17,101.40,4.86,11.06,9.83,NA,NA,0.61,47.04,NA,NA,NA,NA,NA,NA,NA,NA,NA,NA,NA,0.00,NA,NA,NA
2025-05-18 00:00:00,32.43,73.90,4.50,8.85,8.36,NA,NA,0.58,49.14,NA,NA,NA,NA,NA,NA,NA,NA,NA,NA,NA,0.00,NA,NA,NA
2025-05-18 01:00:00,32.10,69.63,4.41,11.71,9.81,NA,NA,0.62,40.44,NA,NA,NA,NA,NA,NA,NA,NA,NA,NA,NA,0.00,NA,NA,NA
2025-05-18 02:00:00,36.80,81.75,4.62,16.19,12.36,NA,NA,0.63,22.87,NA,NA,NA,NA,NA,NA,NA,NA,NA,NA,NA,0.00,NA,NA,NA
2025-05-18 03:00:00,41.37,83.81,4.94,27.33,18.56,NA,NA,0.64,9.95,NA,NA,NA,NA,NA,NA,NA,NA,NA,NA,NA,0.00,NA,NA,NA
2025-05-18 04:00:00,43.76,99.59,4.52,21.68,15.21,NA,NA,0.63,10.81,NA,NA,NA,NA,NA,NA,NA,NA,NA,NA,NA,0.00,NA,NA,NA
2025-05-18 05:00:00,38.48,104.50,4.28,16.63,12.32,NA,NA,0.63,11.64,NA,NA,NA,NA,NA,NA,NA,NA,NA,NA,NA,0.00,NA,NA,NA
2025-05-18 06:00:00,44.99,125.29,4.50,16.02,12.18,NA,NA,0.73,7.80,NA,NA,NA,NA,NA,NA,NA,NA,NA,NA,NA,0.00,NA,NA,NA
2025-05-18 07:00:00,64.86,158.56,4.91,14.57,11.74,NA,NA,0.84,6.64,NA,NA,NA,NA,NA,NA,NA,NA,NA,NA,NA,0.00,NA,NA,NA
2025-05-18 08:00:00,47.70,125.00,4.70,14.18,11.37,NA,NA,0.82,10.82,NA,NA,NA,NA,NA,NA,NA,NA,NA,NA,NA,0.00,NA,NA,NA
2025-05-18 09:00:00,38.74,140.28,4.61,11.94,10.10,NA,NA,0.75,25.03,NA,NA,NA,NA,NA,NA,NA,NA,NA,NA,NA,0.00,NA,NA,NA
2025-05-18 10:00:00,38.18,174.06,4.18,7.42,7.34,NA,NA,0.69,23.26,NA,NA,NA,NA,NA,NA,NA,NA,NA,NA,NA,0.00,NA,NA,NA
2025-05-18 11:00:00,48.66,173.38,3.95,5.86,6.32,NA,NA,0.66,23.40,NA,NA,NA,NA,NA,NA,NA,NA,NA,NA,NA,0.00,NA,NA,NA
2025-05-18 12:00:00,34.20,177.43,4.11,6.64,6.87,NA,NA,0.62,38.30,NA,NA,NA,NA,NA,NA,NA,NA,NA,NA,NA,0.00,NA,NA,NA
2025-05-18 13:00:00,51.14,174.90,4.28,6.98,7.18,NA,NA,0.60,46.00,NA,NA,NA,NA,NA,NA,NA,NA,NA,NA,NA,0.00,NA,NA,NA
2025-05-18 14:00:00,49.18,201.27,4.50,7.19,7.49,NA,NA,0.59,53.80,NA,NA,NA,NA,NA,NA,NA,NA,NA,NA,NA,0.00,NA,NA,NA
2025-05-18 15:00:00,54.55,237.56,4.48,9.27,8.57,NA,NA,0.56,58.68,NA,NA,NA,NA,NA,NA,NA,NA,NA,NA,NA,0.00,NA,NA,NA
2025-05-18 16:00:00,57.11,209.56,4.67,11.83,10.09,NA,NA,0.63,84.62,NA,NA,NA,NA,NA,NA,NA,NA,NA,NA,NA,0.00,NA,NA,NA
2025-05-18 17:00:00,84.77,254.32,4.68,12.57,10.49,NA,NA,0.71,115.90,NA,NA,NA,NA,NA,NA,NA,NA,NA,NA,NA,0.00,NA,NA,NA
2025-05-18 18:00:00,106.08,282.64,4.65,15.66,12.12,NA,NA,0.71,116.38,NA,NA,NA,NA,NA,NA,NA,NA,NA,NA,NA,0.00,NA,NA,NA
2025-05-18 19:00:00,103.91,270.90,5.26,14.28,11.87,NA,NA,0.76,105.37,NA,NA,NA,NA,NA,NA,NA,NA,NA,NA,NA,0.00,NA,NA,NA
2025-05-18 20:00:00,89.88,237.24,4.79,15.22,11.99,NA,NA,0.84,85.66,NA,NA,NA,NA,NA,NA,NA,NA,NA,NA,NA,0.00,NA,NA,NA
2025-05-18 21:00:00,84.46,263.17,5.40,20.30,15.18,NA,NA,0.84,73.07,NA,NA,NA,NA,NA,NA,NA,NA,NA,NA,NA,0.00,NA,NA,NA
2025-05-18 22:00:00,101.09,273.28,5.93,15.90,13.27,NA,NA,0.87,53.23,NA,NA,NA,NA,NA,NA,NA,NA,NA,NA,NA,0.00,NA,NA,NA
2025-05-18 23:00:00,89.09,241.19,5.26,13.32,11.36,NA,NA,0.96,62.11,NA,NA,NA,NA,NA,NA,NA,NA,NA,NA,NA,0.00,NA,NA,NA
2025-05-19 00:00:00,69.72,192.35,5.26,13.24,11.32,NA,NA,0.98,59.15,NA,NA,NA,NA,NA,NA,NA,NA,NA,NA,NA,0.00,NA,NA,NA
2025-05-19 01:00:00,68.24,NA,5.20,11.21,10.19,NA,NA,0.99,59.78,NA,NA,NA,NA,NA,NA,NA,NA,NA,NA,NA,0.00,NA,NA,NA
2025-05-19 02:00:00,95.40,NA,4.84,10.98,9.78,NA,NA,1.04,60.84,NA,NA,NA,NA,NA,NA,NA,NA,NA,NA,NA,0.00,NA,NA,NA
2025-05-19 03:00:00,95.70,NA,4.66,8.73,8.43,NA,NA,1.08,74.88,NA,NA,NA,NA,NA,NA,NA,NA,NA,NA,NA,0.00,NA,NA,NA
2025-05-19 04:00:00,98.00,NA,4.56,7.67,7.78,NA,NA,1.08,99.54,NA,NA,NA,NA,NA,NA,NA,NA,NA,NA,NA,0.00,NA,NA,NA
2025-05-19 05:00:00,86.68,NA,4.57,7.85,7.89,NA,NA,1.10,89.66,NA,NA,NA,NA,NA,NA,NA,NA,NA,NA,NA,0.00,NA,NA,NA
2025-05-19 06:00:00,78.33,NA,4.96,9.59,9.13,NA,NA,1.10,55.02,NA,NA,NA,NA,NA,NA,NA,NA,NA,NA,NA,0.00,NA,NA,NA
2025-05-19 07:00:00,72.26,NA,5.55,10.78,10.25,NA,NA,1.07,28.71,NA,NA,NA,NA,NA,NA,NA,NA,NA,NA,NA,0.00,NA,NA,NA
2025-05-19 08:00:00,75.74,NA,5.94,10.43,10.38,NA,NA,1.01,27.88,NA,NA,NA,NA,NA,NA,NA,NA,NA,NA,NA,0.00,NA,NA,NA
2025-05-19 09:00:00,84.74,NA,5.34,9.90,9.60,NA,NA,1.09,49.81,NA,NA,NA,NA,NA,NA,NA,NA,NA,NA,NA,0.00,NA,NA,NA
2025-05-19 10:00:00,78.98,216.72,4.97,9.69,9.20,NA,NA,1.08,62.52,NA,NA,NA,NA,NA,NA,NA,NA,NA,NA,NA,0.00,NA,NA,NA
2025-05-19 11:00:00,71.67,275.29,5.08,8.71,8.77,NA,NA,0.99,NA,NA,NA,NA,NA,NA,NA,NA,NA,NA,NA,NA,0.00,NA,NA,NA
2025-05-19 12:00:00,75.46,267.08,5.30,9.74,9.49,NA,NA,0.90,NA,NA,NA,NA,NA,NA,NA,NA,NA,NA,NA,NA,0.00,NA,NA,NA
2025-05-19 13:00:00,68.22,276.71,5.79,11.78,10.98,NA,NA,0.86,105.06,NA,NA,NA,NA,NA,NA,NA,NA,NA,NA,NA,0.00,NA,NA,NA
2025-05-19 14:00:00,53.26,347.76,5.90,10.27,10.26,NA,NA,0.87,131.06,NA,NA,NA,NA,NA,NA,NA,NA,NA,NA,NA,0.00,NA,NA,NA
2025-05-19 15:00:00,89.80,393.38,3.30,18.37,12.45,NA,NA,0.79,154.12,NA,NA,NA,NA,NA,NA,NA,NA,NA,NA,NA,0.00,NA,NA,NA
2025-05-19 16:00:00,91.72,373.96,3.00,17.96,11.99,NA,NA,0.86,188.52,NA,NA,NA,NA,NA,NA,NA,NA,NA,NA,NA,0.00,NA,NA,NA
2025-05-19 17:00:00,76.86,347.90,2.68,18.34,11.94,NA,NA,0.91,195.46,NA,NA,NA,NA,NA,NA,NA,NA,NA,NA,NA,0.00,NA,NA,NA
2025-05-19 18:00:00,91.01,377.70,2.36,18.27,11.63,NA,NA,1.01,165.40,NA,NA,NA,NA,NA,NA,NA,NA,NA,NA,NA,0.00,NA,NA,NA
2025-05-19 19:00:00,81.16,335.62,1.92,16.28,10.22,NA,NA,1.04,188.17,NA,NA,NA,NA,NA,NA,NA,NA,NA,NA,NA,0.00,NA,NA,NA
2025-05-19 20:00:00,73.94,328.26,1.66,16.08,9.90,NA,NA,1.04,208.68,NA,NA,NA,NA,NA,NA,NA,NA,NA,NA,NA,0.00,NA,NA,NA
2025-05-19 21:00:00,69.24,344.12,1.49,18.97,11.30,NA,NA,1.19,232.06,NA,NA,NA,NA,NA,NA,NA,NA,NA,NA,NA,0.00,NA,NA,NA
2025-05-19 22:00:00,90.75,444.88,1.37,16.95,10.14,NA,NA,1.36,236.96,NA,NA,NA,NA,NA,NA,NA,NA,NA,NA,NA,0.00,NA,NA,NA
2025-05-19 23:00:00,109.70,403.38,1.72,17.09,10.49,NA,NA,1.48,160.04,NA,NA,NA,NA,NA,NA,NA,NA,NA,NA,NA,0.00,NA,NA,NA
2025-05-20 00:00:00,99.76,408.16,1.78,17.87,10.95,NA,NA,1.42,166.08,NA,NA,NA,NA,NA,NA,NA,NA,NA,NA,NA,0.00,NA,NA,NA
2025-05-20 01:00:00,104.80,438.98,1.64,16.55,10.14,NA,NA,1.44,202.48,NA,NA,NA,NA,NA,NA,NA,NA,NA,NA,NA,0.00,NA,NA,NA
2025-05-20 02:00:00,138.04,409.00,1.64,15.29,9.46,NA,NA,1.45,222.56,NA,NA,NA,NA,NA,NA,NA,NA,NA,NA,NA,0.00,NA,NA,NA
2025-05-20 03:00:00,93.60,349.12,1.53,14.21,8.80,NA,NA,1.39,229.91,NA,NA,NA,NA,NA,NA,NA,NA,NA,NA,NA,0.00,NA,NA,NA
2025-05-20 04:00:00,96.08,288.42,1.50,13.21,8.25,NA,NA,1.32,196.07,NA,NA,NA,NA,NA,NA,NA,NA,NA,NA,NA,0.00,NA,NA,NA
2025-05-20 05:00:00,72.85,270.73,1.56,12.56,7.96,NA,NA,1.25,189.08,NA,NA,NA,NA,NA,NA,NA,NA,NA,NA,NA,0.00,NA,NA,NA
2025-05-20 06:00:00,51.34,262.68,1.56,11.99,7.65,NA,NA,1.21,210.19,NA,NA,NA,NA,NA,NA,NA,NA,NA,NA,NA,0.00,NA,NA,NA
2025-05-20 07:00:00,45.11,229.94,1.48,11.86,7.51,NA,NA,1.19,207.54,NA,NA,NA,NA,NA,NA,NA,NA,NA,NA,NA,0.00,NA,NA,NA
2025-05-20 08:00:00,48.63,208.84,1.34,13.06,8.04,NA,NA,1.18,220.99,NA,NA,NA,NA,NA,NA,NA,NA,NA,NA,NA,0.00,NA,NA,NA
2025-05-20 09:00:00,62.70,244.90,1.58,13.31,8.36,NA,NA,1.17,183.08,NA,NA,NA,NA,NA,NA,NA,NA,NA,NA,NA,0.00,NA,NA,NA
2025-05-20 10:00:00,56.74,234.90,1.69,12.94,8.25,NA,NA,1.06,NA,NA,NA,NA,NA,NA,NA,NA,NA,NA,NA,NA,0.00,NA,NA,NA
2025-05-20 11:00:00,56.34,251.63,1.86,12.37,8.09,NA,NA,1.01,NA,NA,NA,NA,NA,NA,NA,NA,NA,NA,NA,NA,0.00,NA,NA,NA
2025-05-20 12:00:00,45.60,277.80,2.19,14.22,9.35,NA,NA,1.06,103.73,NA,NA,NA,NA,NA,NA,NA,NA,NA,NA,NA,0.00,NA,NA,NA
2025-05-20 13:00:00,68.18,337.99,2.44,14.23,9.56,NA,NA,0.41,103.64,NA,NA,NA,NA,NA,NA,NA,NA,NA,NA,NA,0.00,NA,NA,NA
2025-05-20 14:00:00,74.74,398.33,2.15,13.76,9.07,NA,NA,0.37,112.93,NA,NA,NA,NA,NA,NA,NA,NA,NA,NA,NA,0.00,NA,NA,NA
2025-05-20 15:00:00,71.85,408.40,2.09,16.66,10.56,NA,NA,0.39,139.08,NA,NA,NA,NA,NA,NA,NA,NA,NA,NA,NA,0.00,NA,NA,NA
2025-05-20 16:00:00,63.00,413.64,2.56,13.78,9.41,NA,NA,0.26,80.80,NA,NA,NA,NA,NA,NA,NA,NA,NA,NA,NA,0.00,NA,NA,NA
2025-05-20 17:00:00,61.84,429.08,2.08,15.26,9.82,NA,NA,0.34,111.59,NA,NA,NA,NA,NA,NA,NA,NA,NA,NA,NA,0.00,NA,NA,NA
2025-05-20 18:00:00,90.63,441.07,1.84,19.10,11.66,NA,NA,0.51,152.67,NA,NA,NA,NA,NA,NA,NA,NA,NA,NA,NA,0.00,NA,NA,NA
2025-05-20 19:00:00,100.56,406.08,1.62,17.12,10.43,NA,NA,0.57,134.90,NA,NA,NA,NA,NA,NA,NA,NA,NA,NA,NA,0.00,NA,NA,NA
2025-05-20 20:00:00,95.32,392.63,1.65,18.53,11.20,NA,NA,0.65,108.23,NA,NA,NA,NA,NA,NA,NA,NA,NA,NA,NA,0.00,NA,NA,NA
2025-05-20 21:00:00,76.32,318.62,1.54,17.30,10.46,NA,NA,0.62,99.74,NA,NA,NA,NA,NA,NA,NA,NA,NA,NA,NA,0.00,NA,NA,NA
2025-05-20 22:00:00,31.20,304.84,1.42,15.38,9.34,NA,NA,0.64,93.82,NA,NA,NA,NA,NA,NA,NA,NA,NA,NA,NA,0.00,NA,NA,NA
2025-05-20 23:00:00,75.68,392.09,1.65,17.02,10.40,NA,NA,0.65,72.34,NA,NA,NA,NA,NA,NA,NA,NA,NA,NA,NA,0.00,NA,NA,NA
2025-05-21 00:00:00,75.14,405.22,2.00,14.98,9.59,NA,NA,0.60,72.57,NA,NA,NA,NA,NA,NA,NA,NA,NA,NA,NA,0.00,NA,NA,NA
2025-05-21 01:00:00,75.15,347.23,1.88,15.36,9.71,NA,NA,0.68,63.02,NA,NA,NA,NA,NA,NA,NA,NA,NA,NA,NA,0.00,NA,NA,NA
2025-05-21 02:00:00,95.11,323.53,1.70,16.51,10.16,NA,NA,0.67,49.72,NA,NA,NA,NA,NA,NA,NA,NA,NA,NA,NA,0.00,NA,NA,NA
2025-05-21 03:00:00,82.27,317.34,1.58,16.02,9.80,NA,NA,0.66,73.99,NA,NA,NA,NA,NA,NA,NA,NA,NA,NA,NA,0.00,NA,NA,NA
2025-05-21 04:00:00,94.82,375.01,1.54,15.70,9.60,NA,NA,0.73,78.81,NA,NA,NA,NA,NA,NA,NA,NA,NA,NA,NA,0.00,NA,NA,NA
2025-05-21 05:00:00,93.08,345.93,1.61,16.48,10.07,NA,NA,0.79,55.11,NA,NA,NA,NA,NA,NA,NA,NA,NA,NA,NA,0.00,NA,NA,NA
2025-05-21 06:00:00,77.31,313.20,1.84,14.71,9.32,NA,NA,0.74,60.49,NA,NA,NA,NA,NA,NA,NA,NA,NA,NA,NA,0.00,NA,NA,NA
2025-05-21 07:00:00,61.02,280.56,1.73,13.88,8.79,NA,NA,0.70,68.00,NA,NA,NA,NA,NA,NA,NA,NA,NA,NA,NA,0.00,NA,NA,NA
2025-05-21 08:00:00,65.24,279.88,1.60,14.19,8.85,NA,NA,0.70,102.52,NA,NA,NA,NA,NA,NA,NA,NA,NA,NA,NA,0.00,NA,NA,NA
2025-05-21 09:00:00,53.77,220.24,1.46,13.30,8.25,NA,NA,0.63,99.06,NA,NA,NA,NA,NA,NA,NA,NA,NA,NA,NA,0.00,NA,NA,NA
2025-05-21 10:00:00,52.33,250.61,1.56,13.82,8.62,NA,NA,0.62,79.10,NA,NA,NA,NA,NA,NA,NA,NA,NA,NA,NA,0.00,NA,NA,NA
2025-05-21 11:00:00,56.63,278.57,1.49,13.82,8.56,NA,NA,0.57,96.08,NA,NA,NA,NA,NA,NA,NA,NA,NA,NA,NA,0.00,NA,NA,NA
2025-05-21 12:00:00,64.27,295.90,1.56,13.40,8.40,NA,NA,0.51,123.79,NA,NA,NA,NA,NA,NA,NA,NA,NA,NA,NA,0.00,NA,NA,NA
2025-05-21 13:00:00,68.99,277.69,1.61,12.58,8.01,NA,NA,0.49,131.36,NA,NA,NA,NA,NA,NA,NA,NA,NA,NA,NA,0.00,NA,NA,NA
2025-05-21 14:00:00,65.78,297.03,1.59,12.66,8.03,NA,NA,0.44,128.97,NA,NA,NA,NA,NA,NA,NA,NA,NA,NA,NA,0.00,NA,NA,NA
2025-05-21 15:00:00,68.28,286.07,1.72,14.03,8.86,NA,NA,0.42,127.04,NA,NA,NA,NA,NA,NA,NA,NA,NA,NA,NA,0.00,NA,NA,NA
2025-05-21 16:00:00,79.24,320.98,2.08,13.90,9.09,NA,NA,0.39,132.14,NA,NA,NA,NA,NA,NA,NA,NA,NA,NA,NA,0.00,NA,NA,NA
2025-05-21 17:00:00,68.73,303.36,1.85,12.56,8.18,NA,NA,0.40,135.35,NA,NA,NA,NA,NA,NA,NA,NA,NA,NA,NA,0.00,NA,NA,NA
2025-05-21 18:00:00,61.02,282.48,1.67,13.42,8.50,NA,NA,0.40,126.88,NA,NA,NA,NA,NA,NA,NA,NA,NA,NA,NA,0.00,NA,NA,NA
2025-05-21 19:00:00,68.31,295.17,2.26,13.71,9.13,NA,NA,0.39,118.66,NA,NA,NA,NA,NA,NA,NA,NA,NA,NA,NA,0.00,NA,NA,NA
2025-05-21 20:00:00,82.60,405.28,2.08,12.93,8.57,NA,NA,0.30,80.82,NA,NA,NA,NA,NA,NA,NA,NA,NA,NA,NA,0.00,NA,NA,NA
2025-05-21 21:00:00,44.72,274.81,2.70,17.40,11.45,NA,NA,0.19,53.47,NA,NA,NA,NA,NA,NA,NA,NA,NA,NA,NA,0.00,NA,NA,NA
2025-05-21 22:00:00,24.93,46.51,3.76,20.24,13.82,NA,NA,0.12,49.41,NA,NA,NA,NA,NA,NA,NA,NA,NA,NA,NA,0.00,NA,NA,NA
2025-05-21 23:00:00,NA,NA,NA,NA,NA,NA,NA,NA,NA,NA,NA,NA,NA,NA,NA,NA,NA,NA,NA,NA,0.00,NA,NA,NA
2025-05-22 00:00:00,NA,NA,NA,NA,NA,NA,NA,NA,NA,NA,NA,NA,NA,NA,NA,NA,NA,NA,NA,NA,0.00,NA,NA,NA
2025-05-22 01:00:00,27.21,50.71,58.37,8.97,183.40,NA,NA,0.37,53.66,NA,NA,NA,NA,NA,NA,NA,NA,NA,NA,NA,0.00,NA,NA,NA
2025-05-22 02:00:00,NA,NA,22.38,13.88,25.58,NA,NA,0.24,49.45,NA,NA,NA,NA,NA,NA,NA,NA,NA,NA,NA,0.00,NA,NA,NA
2025-05-22 03:00:00,NA,NA,12.26,13.53,17.16,NA,NA,0.23,47.24,NA,NA,NA,NA,NA,NA,NA,NA,NA,NA,NA,0.00,NA,NA,NA
2025-05-22 04:00:00,NA,NA,9.27,12.61,14.24,NA,NA,0.26,42.33,NA,NA,NA,NA,NA,NA,NA,NA,NA,NA,NA,0.00,NA,NA,NA
2025-05-22 05:00:00,NA,3.83,7.99,14.24,14.07,NA,NA,0.31,29.09,NA,NA,NA,NA,NA,NA,NA,NA,NA,NA,NA,0.00,NA,NA,NA
2025-05-22 06:00:00,NA,14.61,7.12,16.10,14.35,NA,NA,0.29,18.58,NA,NA,NA,NA,NA,NA,NA,NA,NA,NA,NA,0.00,NA,NA,NA
2025-05-22 07:00:00,NA,24.00,5.05,15.33,12.26,NA,NA,0.32,21.92,NA,NA,NA,NA,NA,NA,NA,NA,NA,NA,NA,0.00,NA,NA,NA
2025-05-22 08:00:00,NA,47.25,3.15,13.90,9.96,NA,NA,0.30,31.30,NA,NA,NA,NA,NA,NA,NA,NA,NA,NA,NA,0.00,NA,NA,NA
2025-05-22 09:00:00,NA,42.33,1.41,12.15,7.61,NA,NA,0.24,37.74,NA,NA,NA,NA,NA,NA,NA,NA,NA,NA,NA,0.00,NA,NA,NA
2025-05-22 10:00:00,2.88,44.36,11.29,15.34,17.34,NA,NA,0.32,44.31,NA,NA,NA,NA,NA,NA,NA,NA,NA,NA,NA,0.00,NA,NA,NA
2025-05-22 11:00:00,6.75,98.22,6.40,14.37,12.84,NA,NA,0.29,55.04,NA,NA,NA,NA,NA,NA,NA,NA,NA,NA,NA,0.00,NA,NA,NA
2025-05-22 12:00:00,6.97,81.46,4.02,13.84,10.63,NA,NA,0.28,64.08,NA,NA,NA,NA,NA,NA,NA,NA,NA,NA,NA,0.00,NA,NA,NA
2025-05-22 13:00:00,18.75,82.22,4.28,13.77,10.80,NA,NA,0.08,79.50,NA,NA,NA,NA,NA,NA,NA,NA,NA,NA,NA,0.00,NA,NA,NA
2025-05-22 14:00:00,11.93,93.59,3.19,13.16,9.59,NA,NA,0.05,88.50,NA,NA,NA,NA,NA,NA,NA,NA,NA,NA,NA,0.00,NA,NA,NA
2025-05-22 15:00:00,19.76,98.86,3.66,13.36,10.08,NA,NA,0.04,95.04,NA,NA,NA,NA,NA,NA,NA,NA,NA,NA,NA,0.00,NA,NA,NA
2025-05-22 16:00:00,9.32,85.10,2.47,12.62,8.72,NA,NA,0.03,99.32,NA,NA,NA,NA,NA,NA,NA,NA,NA,NA,NA,0.00,NA,NA,NA
2025-05-22 17:00:00,20.36,64.18,1.12,13.47,8.08,NA,NA,0.05,101.36,NA,NA,NA,NA,NA,NA,NA,NA,NA,NA,NA,0.00,NA,NA,NA
2025-05-22 18:00:00,23.94,70.03,3.30,16.20,11.30,NA,NA,0.06,102.08,NA,NA,NA,NA,NA,NA,NA,NA,NA,NA,NA,0.00,NA,NA,NA
2025-05-22 19:00:00,26.85,97.82,2.91,15.64,10.69,NA,NA,0.07,90.69,NA,NA,NA,NA,NA,NA,NA,NA,NA,NA,NA,0.00,NA,NA,NA
2025-05-22 20:00:00,21.61,97.32,2.72,15.76,10.59,NA,NA,0.10,87.01,NA,NA,NA,NA,NA,NA,NA,NA,NA,NA,NA,0.00,NA,NA,NA
2025-05-22 21:00:00,30.03,94.52,1.66,14.28,8.95,NA,NA,0.14,90.02,NA,NA,NA,NA,NA,NA,NA,NA,NA,NA,NA,0.00,NA,NA,NA
2025-05-22 22:00:00,30.68,114.53,1.46,14.20,8.75,NA,NA,0.20,78.18,NA,NA,NA,NA,NA,NA,NA,NA,NA,NA,NA,0.00,NA,NA,NA
2025-05-22 23:00:00,58.67,144.57,1.72,16.30,10.07,NA,NA,0.23,72.56,NA,NA,NA,NA,NA,NA,NA,NA,NA,NA,NA,0.00,NA,NA,NA
2025-05-23 00:00:00,56.79,156.19,2.44,16.33,10.67,NA,NA,0.27,74.26,NA,NA,NA,NA,NA,NA,NA,NA,NA,NA,NA,0.00,NA,NA,NA
2025-05-23 01:00:00,51.16,179.48,2.25,14.46,9.52,NA,NA,0.27,77.46,NA,NA,NA,NA,NA,NA,NA,NA,NA,NA,NA,0.00,NA,NA,NA
2025-05-23 02:00:00,48.22,102.77,1.82,12.88,8.32,NA,NA,0.26,82.46,NA,NA,NA,NA,NA,NA,NA,NA,NA,NA,NA,0.00,NA,NA,NA
2025-05-23 03:00:00,53.98,107.47,1.38,12.52,7.78,NA,NA,0.28,80.39,NA,NA,NA,NA,NA,NA,NA,NA,NA,NA,NA,0.00,NA,NA,NA
2025-05-23 04:00:00,39.99,106.57,1.97,13.96,9.02,NA,NA,0.28,64.68,NA,NA,NA,NA,NA,NA,NA,NA,NA,NA,NA,0.00,NA,NA,NA
2025-05-23 05:00:00,43.41,108.88,2.28,14.02,9.31,NA,NA,0.29,60.64,NA,NA,NA,NA,NA,NA,NA,NA,NA,NA,NA,0.00,NA,NA,NA
2025-05-23 06:00:00,31.53,70.70,1.86,13.23,8.55,NA,NA,0.26,58.41,NA,NA,NA,NA,NA,NA,NA,NA,NA,NA,NA,0.00,NA,NA,NA
2025-05-23 07:00:00,27.68,75.26,1.53,13.31,8.32,NA,NA,0.26,55.14,NA,NA,NA,NA,NA,NA,NA,NA,NA,NA,NA,0.00,NA,NA,NA
2025-05-23 08:00:00,31.95,124.97,1.66,14.33,8.97,NA,NA,0.26,54.78,NA,NA,NA,NA,NA,NA,NA,NA,NA,NA,NA,0.00,NA,NA,NA
2025-05-23 09:00:00,35.78,135.13,1.67,13.90,8.75,NA,NA,0.25,67.05,NA,NA,NA,NA,NA,NA,NA,NA,NA,NA,NA,0.00,NA,NA,NA
2025-05-23 10:00:00,33.46,122.47,1.36,12.27,7.64,NA,NA,0.21,97.05,NA,NA,NA,NA,NA,NA,NA,NA,NA,NA,NA,0.00,NA,NA,NA
2025-05-23 11:00:00,27.73,103.00,1.09,11.78,7.15,NA,NA,0.23,107.72,NA,NA,NA,NA,NA,NA,NA,NA,NA,NA,NA,0.00,NA,NA,NA
2025-05-23 12:00:00,36.75,114.63,1.15,12.25,7.45,NA,NA,0.21,97.69,NA,NA,NA,NA,NA,NA,NA,NA,NA,NA,NA,0.00,NA,NA,NA
2025-05-23 13:00:00,35.51,158.93,1.43,12.57,7.85,NA,NA,0.19,101.22,NA,NA,NA,NA,NA,NA,NA,NA,NA,NA,NA,0.00,NA,NA,NA
2025-05-23 14:00:00,28.40,135.56,1.45,11.58,7.34,NA,NA,0.19,101.38,NA,NA,NA,NA,NA,NA,NA,NA,NA,NA,NA,0.00,NA,NA,NA
2025-05-23 15:00:00,33.86,116.80,1.43,11.18,7.11,NA,NA,0.16,112.96,NA,NA,NA,NA,NA,NA,NA,NA,NA,NA,NA,0.00,NA,NA,NA
2025-05-23 16:00:00,27.76,125.26,1.30,11.59,7.22,NA,NA,0.18,121.18,NA,NA,NA,NA,NA,NA,NA,NA,NA,NA,NA,0.00,NA,NA,NA
2025-05-23 17:00:00,43.87,134.20,1.52,12.25,7.74,NA,NA,0.18,120.03,NA,NA,NA,NA,NA,NA,NA,NA,NA,NA,NA,0.00,NA,NA,NA
2025-05-23 18:00:00,37.59,144.12,1.46,12.82,8.01,NA,NA,0.18,116.77,NA,NA,NA,NA,NA,NA,NA,NA,NA,NA,NA,0.00,NA,NA,NA
2025-05-23 19:00:00,29.15,126.32,1.41,12.32,7.70,NA,NA,0.19,113.17,NA,NA,NA,NA,NA,NA,NA,NA,NA,NA,NA,0.00,NA,NA,NA
2025-05-23 20:00:00,42.52,160.32,1.55,14.35,8.89,NA,NA,0.24,87.16,NA,NA,NA,NA,NA,NA,NA,NA,NA,NA,NA,0.00,NA,NA,NA
2025-05-23 21:00:00,60.42,191.83,1.54,15.40,9.44,NA,NA,0.32,64.70,NA,NA,NA,NA,NA,NA,NA,NA,NA,NA,NA,0.00,NA,NA,NA
2025-05-23 22:00:00,74.64,207.65,1.66,15.26,9.46,NA,NA,0.34,56.49,NA,NA,NA,NA,NA,NA,NA,NA,NA,NA,NA,0.00,NA,NA,NA
2025-05-23 23:00:00,38.43,151.87,1.46,13.46,8.35,NA,NA,0.34,76.22,NA,NA,NA,NA,NA,NA,NA,NA,NA,NA,NA,0.00,NA,NA,NA
2025-05-24 00:00:00,35.86,169.54,1.34,12.63,7.81,NA,NA,0.36,79.70,NA,NA,NA,NA,NA,NA,NA,NA,NA,NA,NA,0.00,NA,NA,NA
2025-05-24 01:00:00,62.36,171.38,1.42,12.37,7.72,NA,NA,0.34,76.89,NA,NA,NA,NA,NA,NA,NA,NA,NA,NA,NA,0.00,NA,NA,NA
2025-05-24 02:00:00,61.68,182.88,1.43,13.08,8.12,NA,NA,0.34,68.92,NA,NA,NA,NA,NA,NA,NA,NA,NA,NA,NA,0.00,NA,NA,NA
2025-05-24 03:00:00,51.66,143.26,1.33,12.25,7.60,NA,NA,0.35,71.02,NA,NA,NA,NA,NA,NA,NA,NA,NA,NA,NA,0.00,NA,NA,NA
2025-05-24 04:00:00,52.62,147.77,1.37,11.36,7.16,NA,NA,0.35,76.46,NA,NA,NA,NA,NA,NA,NA,NA,NA,NA,NA,0.00,NA,NA,NA
2025-05-24 05:00:00,50.47,117.52,1.30,10.77,6.78,NA,NA,0.36,74.49,NA,NA,NA,NA,NA,NA,NA,NA,NA,NA,NA,0.00,NA,NA,NA
2025-05-24 06:00:00,59.76,163.20,1.47,11.14,7.12,NA,NA,0.32,60.22,NA,NA,NA,NA,NA,NA,NA,NA,NA,NA,NA,0.00,NA,NA,NA
2025-05-24 07:00:00,45.50,146.76,1.45,12.38,7.76,NA,NA,0.32,54.66,NA,NA,NA,NA,NA,NA,NA,NA,NA,NA,NA,0.00,NA,NA,NA
2025-05-24 08:00:00,40.65,149.17,1.42,13.25,8.21,NA,NA,0.31,65.83,NA,NA,NA,NA,NA,NA,NA,NA,NA,NA,NA,0.00,NA,NA,NA
2025-05-24 09:00:00,44.84,172.18,1.48,11.50,7.32,NA,NA,0.26,81.91,NA,NA,NA,NA,NA,NA,NA,NA,NA,NA,NA,0.00,NA,NA,NA
2025-05-24 10:00:00,33.74,159.33,1.36,10.42,6.65,NA,NA,0.26,100.90,NA,NA,NA,NA,NA,NA,NA,NA,NA,NA,NA,0.00,NA,NA,NA
2025-05-24 11:00:00,44.13,159.36,1.18,10.46,6.52,NA,NA,0.26,105.88,NA,NA,NA,NA,NA,NA,NA,NA,NA,NA,NA,0.00,NA,NA,NA
2025-05-24 12:00:00,52.75,176.54,1.44,12.01,7.56,NA,NA,0.21,99.17,NA,NA,NA,NA,NA,NA,NA,NA,NA,NA,NA,0.00,NA,NA,NA
2025-05-24 13:00:00,61.08,207.39,2.28,11.70,8.07,NA,NA,0.19,95.57,NA,NA,NA,NA,NA,NA,NA,NA,NA,NA,NA,0.00,NA,NA,NA
2025-05-24 14:00:00,49.89,207.47,2.12,11.23,7.69,NA,NA,0.20,100.06,NA,NA,NA,NA,NA,NA,NA,NA,NA,NA,NA,0.00,NA,NA,NA
2025-05-24 15:00:00,56.80,215.94,1.89,10.87,7.32,NA,NA,0.19,103.73,NA,NA,NA,NA,NA,NA,NA,NA,NA,NA,NA,0.00,NA,NA,NA
2025-05-24 16:00:00,45.46,193.02,1.97,10.24,7.05,NA,NA,0.16,106.84,NA,NA,NA,NA,NA,NA,NA,NA,NA,NA,NA,0.00,NA,NA,NA
2025-05-24 17:00:00,48.79,187.84,1.77,9.40,6.44,NA,NA,0.14,101.65,NA,NA,NA,NA,NA,NA,NA,NA,NA,NA,NA,0.00,NA,NA,NA
2025-05-24 18:00:00,42.96,159.32,1.60,10.16,6.71,NA,NA,0.18,98.30,NA,NA,NA,NA,NA,NA,NA,NA,NA,NA,NA,0.00,NA,NA,NA
2025-05-24 19:00:00,44.69,199.29,1.52,12.11,7.68,NA,NA,0.20,95.37,NA,NA,NA,NA,NA,NA,NA,NA,NA,NA,NA,0.00,NA,NA,NA
2025-05-24 20:00:00,54.70,213.66,1.58,13.04,8.22,NA,NA,0.24,88.66,NA,NA,NA,NA,NA,NA,NA,NA,NA,NA,NA,0.00,NA,NA,NA
2025-05-24 21:00:00,67.75,212.71,1.45,12.29,7.72,NA,NA,0.26,92.02,NA,NA,NA,NA,NA,NA,NA,NA,NA,NA,NA,0.00,NA,NA,NA
2025-05-24 22:00:00,62.39,210.00,1.40,10.10,6.51,NA,NA,0.26,111.12,NA,NA,NA,NA,NA,NA,NA,NA,NA,NA,NA,0.00,NA,NA,NA
2025-05-24 23:00:00,53.09,191.92,1.37,9.38,6.10,NA,NA,0.25,116.28,NA,NA,NA,NA,NA,NA,NA,NA,NA,NA,NA,0.00,NA,NA,NA
2025-05-25 00:00:00,64.62,178.58,1.30,10.52,6.65,NA,NA,0.28,91.59,NA,NA,NA,NA,NA,NA,NA,NA,NA,NA,NA,0.00,NA,NA,NA
2025-05-25 01:00:00,69.51,254.74,1.48,11.02,7.07,NA,NA,0.23,75.30,NA,NA,NA,NA,NA,NA,NA,NA,NA,NA,NA,0.00,NA,NA,NA
2025-05-25 02:00:00,24.24,312.91,2.15,15.16,9.81,NA,NA,0.08,56.36,NA,NA,NA,NA,NA,NA,NA,NA,NA,NA,NA,0.00,NA,NA,NA
2025-05-25 03:00:00,14.52,33.66,2.92,15.73,10.74,NA,NA,0.02,61.42,NA,NA,NA,NA,NA,NA,NA,NA,NA,NA,NA,0.00,NA,NA,NA
2025-05-25 04:00:00,6.41,29.93,3.47,16.19,11.44,NA,NA,0.01,50.56,NA,NA,NA,NA,NA,NA,NA,NA,NA,NA,NA,0.00,NA,NA,NA
2025-05-25 05:00:00,NA,NA,NA,NA,NA,NA,NA,NA,NA,NA,NA,NA,NA,NA,NA,NA,NA,NA,NA,NA,0.00,NA,NA,NA
2025-05-25 06:00:00,NA,NA,NA,NA,NA,NA,NA,NA,NA,NA,NA,NA,NA,NA,NA,NA,NA,NA,NA,NA,0.00,NA,NA,NA
2025-05-25 07:00:00,NA,27.67,94.42,6.60,79.51,NA,NA,0.53,26.84,NA,NA,NA,NA,NA,NA,NA,NA,NA,NA,NA,0.00,NA,NA,NA
2025-05-25 08:00:00,NA,NA,6.10,16.33,13.64,NA,NA,0.39,25.52,NA,NA,NA,NA,NA,NA,NA,NA,NA,NA,NA,0.00,NA,NA,NA
2025-05-25 09:00:00,NA,NA,3.00,17.43,11.71,NA,NA,0.42,32.67,NA,NA,NA,NA,NA,NA,NA,NA,NA,NA,NA,0.00,NA,NA,NA
2025-05-25 10:00:00,NA,NA,1.26,16.67,9.89,NA,NA,0.46,41.30,NA,NA,NA,NA,NA,NA,NA,NA,NA,NA,NA,0.00,NA,NA,NA
2025-05-25 11:00:00,NA,NA,0.43,16.42,9.00,NA,NA,0.52,56.88,NA,NA,NA,NA,NA,NA,NA,NA,NA,NA,NA,0.00,NA,NA,NA
2025-05-25 12:00:00,NA,NA,NA,15.42,7.96,NA,NA,0.42,73.72,NA,NA,NA,NA,NA,NA,NA,NA,NA,NA,NA,0.00,NA,NA,NA
2025-05-25 13:00:00,NA,3.00,NA,15.12,7.65,NA,NA,0.18,84.81,NA,NA,NA,NA,NA,NA,NA,NA,NA,NA,NA,0.00,NA,NA,NA
2025-05-25 14:00:00,NA,10.48,NA,15.83,8.04,NA,NA,0.16,72.99,NA,NA,NA,NA,NA,NA,NA,NA,NA,NA,NA,0.00,NA,NA,NA
2025-05-25 15:00:00,17.04,25.06,NA,16.21,8.20,NA,NA,0.16,63.99,NA,NA,NA,NA,NA,NA,NA,NA,NA,NA,NA,0.00,NA,NA,NA
2025-05-25 16:00:00,14.04,58.93,NA,15.53,7.65,NA,NA,0.18,69.80,NA,NA,NA,NA,NA,NA,NA,NA,NA,NA,NA,0.00,NA,NA,NA
2025-05-25 17:00:00,9.80,47.12,NA,15.79,7.65,NA,NA,0.20,72.12,NA,NA,NA,NA,NA,NA,NA,NA,NA,NA,NA,0.00,NA,NA,NA
2025-05-25 18:00:00,4.98,58.86,NA,15.70,7.54,NA,NA,0.19,73.40,NA,NA,NA,NA,NA,NA,NA,NA,NA,NA,NA,0.00,NA,NA,NA
2025-05-25 19:00:00,21.60,60.59,1.82,14.92,9.42,NA,NA,0.26,60.16,NA,NA,NA,NA,NA,NA,NA,NA,NA,NA,NA,0.00,NA,NA,NA
2025-05-25 20:00:00,23.84,65.38,1.77,15.32,9.59,NA,NA,0.30,39.30,NA,NA,NA,NA,NA,NA,NA,NA,NA,NA,NA,0.00,NA,NA,NA
2025-05-25 21:00:00,36.07,75.36,2.01,14.24,9.21,NA,NA,0.34,29.49,NA,NA,NA,NA,NA,NA,NA,NA,NA,NA,NA,0.00,NA,NA,NA
2025-05-25 22:00:00,34.62,71.12,2.06,13.94,9.09,NA,NA,0.42,40.24,NA,NA,NA,NA,NA,NA,NA,NA,NA,NA,NA,0.00,NA,NA,NA
2025-05-25 23:00:00,57.86,141.58,1.76,14.65,9.23,NA,NA,0.48,48.49,NA,NA,NA,NA,NA,NA,NA,NA,NA,NA,NA,0.00,NA,NA,NA
2025-05-26 00:00:00,60.89,147.68,1.80,15.53,9.72,NA,NA,0.53,34.12,NA,NA,NA,NA,NA,NA,NA,NA,NA,NA,NA,0.00,NA,NA,NA
2025-05-26 01:00:00,55.09,136.76,2.12,16.58,10.54,NA,NA,0.56,31.74,NA,NA,NA,NA,NA,NA,NA,NA,NA,NA,NA,0.00,NA,NA,NA
2025-05-26 02:00:00,58.24,162.00,2.01,17.79,11.10,NA,NA,0.62,44.28,NA,NA,NA,NA,NA,NA,NA,NA,NA,NA,NA,0.00,NA,NA,NA
2025-05-26 03:00:00,67.88,191.85,2.02,17.16,10.77,NA,NA,0.67,51.37,NA,NA,NA,NA,NA,NA,NA,NA,NA,NA,NA,0.00,NA,NA,NA
2025-05-26 04:00:00,44.36,133.36,1.75,15.20,9.50,NA,NA,0.59,62.85,NA,NA,NA,NA,NA,NA,NA,NA,NA,NA,NA,0.00,NA,NA,NA
2025-05-26 05:00:00,34.46,70.10,1.64,13.25,8.38,NA,NA,0.52,62.52,NA,NA,NA,NA,NA,NA,NA,NA,NA,NA,NA,0.00,NA,NA,NA
2025-05-26 06:00:00,35.98,69.65,1.94,13.70,8.87,NA,NA,0.51,52.00,NA,NA,NA,NA,NA,NA,NA,NA,NA,NA,NA,0.00,NA,NA,NA
2025-05-26 07:00:00,35.27,97.27,2.08,15.69,10.04,NA,NA,0.46,44.58,NA,NA,NA,NA,NA,NA,NA,NA,NA,NA,NA,0.00,NA,NA,NA
2025-05-26 08:00:00,51.81,119.36,2.06,15.27,9.80,NA,NA,0.55,36.78,NA,NA,NA,NA,NA,NA,NA,NA,NA,NA,NA,0.00,NA,NA,NA
2025-05-26 09:00:00,53.26,123.48,1.72,13.54,8.60,NA,NA,0.52,55.69,NA,NA,NA,NA,NA,NA,NA,NA,NA,NA,NA,0.00,NA,NA,NA
2025-05-26 10:00:00,33.12,75.97,1.49,11.50,7.33,NA,NA,0.47,87.04,NA,NA,NA,NA,NA,NA,NA,NA,NA,NA,NA,0.00,NA,NA,NA
2025-05-26 11:00:00,6.28,39.32,1.39,11.42,7.20,NA,NA,0.47,77.92,NA,NA,NA,NA,NA,NA,NA,NA,NA,NA,NA,0.00,NA,NA,NA
2025-05-26 12:00:00,21.45,56.61,1.48,13.16,8.21,NA,NA,0.45,61.41,NA,NA,NA,NA,NA,NA,NA,NA,NA,NA,NA,0.00,NA,NA,NA
2025-05-26 13:00:00,25.43,99.92,1.56,13.76,8.59,NA,NA,0.45,75.08,NA,NA,NA,NA,NA,NA,NA,NA,NA,NA,NA,0.00,NA,NA,NA
2025-05-26 14:00:00,33.28,104.49,1.53,13.91,8.64,NA,NA,0.40,79.08,NA,NA,NA,NA,NA,NA,NA,NA,NA,NA,NA,0.00,NA,NA,NA
2025-05-26 15:00:00,32.69,98.31,1.43,14.00,8.61,NA,NA,0.40,91.83,NA,NA,NA,NA,NA,NA,NA,NA,NA,NA,NA,0.00,NA,NA,NA
2025-05-26 16:00:00,30.38,89.70,1.31,15.27,9.18,NA,NA,0.38,104.64,NA,NA,NA,NA,NA,NA,NA,NA,NA,NA,NA,0.00,NA,NA,NA
2025-05-26 17:00:00,39.94,112.80,1.35,14.63,8.88,NA,NA,0.36,122.39,NA,NA,NA,NA,NA,NA,NA,NA,NA,NA,NA,0.00,NA,NA,NA
2025-05-26 18:00:00,30.47,83.80,1.36,14.87,9.02,NA,NA,0.36,124.25,NA,NA,NA,NA,NA,NA,NA,NA,NA,NA,NA,0.00,NA,NA,NA
2025-05-26 19:00:00,39.78,91.81,1.49,16.82,10.16,NA,NA,0.40,75.66,NA,NA,NA,NA,NA,NA,NA,NA,NA,NA,NA,0.00,NA,NA,NA
2025-05-26 20:00:00,60.48,126.82,1.56,17.52,10.59,NA,NA,0.50,58.98,NA,NA,NA,NA,NA,NA,NA,NA,NA,NA,NA,0.00,NA,NA,NA
2025-05-26 21:00:00,43.78,119.88,1.29,16.28,9.71,NA,NA,0.46,75.86,NA,NA,NA,NA,NA,NA,NA,NA,NA,NA,NA,0.00,NA,NA,NA
2025-05-26 22:00:00,42.21,127.36,1.31,15.16,9.13,NA,NA,0.53,66.71,NA,NA,NA,NA,NA,NA,NA,NA,NA,NA,NA,0.00,NA,NA,NA
2025-05-26 23:00:00,35.47,138.02,1.35,15.62,9.40,NA,NA,0.58,58.47,NA,NA,NA,NA,NA,NA,NA,NA,NA,NA,NA,0.00,NA,NA,NA
2025-05-27 00:00:00,56.72,180.88,1.46,15.63,9.50,NA,NA,0.62,36.30,NA,NA,NA,NA,NA,NA,NA,NA,NA,NA,NA,0.00,NA,NA,NA
2025-05-27 01:00:00,106.84,211.94,1.73,15.30,9.54,NA,NA,0.67,32.32,NA,NA,NA,NA,NA,NA,NA,NA,NA,NA,NA,0.00,NA,NA,NA
2025-05-27 02:00:00,114.20,199.35,1.51,14.46,8.92,NA,NA,0.66,46.33,NA,NA,NA,NA,NA,NA,NA,NA,NA,NA,NA,0.00,NA,NA,NA
2025-05-27 03:00:00,55.11,133.39,1.35,13.91,8.50,NA,NA,0.64,118.30,NA,NA,NA,NA,NA,NA,NA,NA,NA,NA,NA,0.00,NA,NA,NA
2025-05-27 04:00:00,24.44,85.48,1.30,13.79,8.40,NA,NA,0.61,52.09,NA,NA,NA,NA,NA,NA,NA,NA,NA,NA,NA,0.00,NA,NA,NA
2025-05-27 05:00:00,26.24,82.04,1.58,13.42,8.42,NA,NA,0.55,34.90,NA,NA,NA,NA,NA,NA,NA,NA,NA,NA,NA,0.00,NA,NA,NA
2025-05-27 06:00:00,24.25,80.32,1.66,14.51,9.06,NA,NA,0.57,158.32,NA,NA,NA,NA,NA,NA,NA,NA,NA,NA,NA,0.00,NA,NA,NA
2025-05-27 07:00:00,22.44,80.80,1.48,13.82,8.56,NA,NA,0.52,115.20,NA,NA,NA,NA,NA,NA,NA,NA,NA,NA,NA,0.00,NA,NA,NA
2025-05-27 08:00:00,25.81,76.28,1.42,13.46,8.31,NA,NA,0.50,123.22,NA,NA,NA,NA,NA,NA,NA,NA,NA,NA,NA,0.00,NA,NA,NA
2025-05-27 09:00:00,19.88,77.74,1.39,13.64,8.39,NA,NA,0.46,92.38,NA,NA,NA,NA,NA,NA,NA,NA,NA,NA,NA,0.00,NA,NA,NA
2025-05-27 10:00:00,33.52,103.12,1.76,15.67,9.76,NA,NA,0.44,80.02,NA,NA,NA,NA,NA,NA,NA,NA,NA,NA,NA,0.00,NA,NA,NA
2025-05-27 11:00:00,38.22,130.07,1.94,16.22,10.20,NA,NA,0.40,86.67,NA,NA,NA,NA,NA,NA,NA,NA,NA,NA,NA,0.00,NA,NA,NA
2025-05-27 12:00:00,35.63,117.32,1.79,15.99,9.96,NA,NA,0.39,89.79,NA,NA,NA,NA,NA,NA,NA,NA,NA,NA,NA,0.00,NA,NA,NA
2025-05-27 13:00:00,31.44,117.75,2.19,17.69,11.19,NA,NA,0.36,79.47,NA,NA,NA,NA,NA,NA,NA,NA,NA,NA,NA,0.00,NA,NA,NA
2025-05-27 14:00:00,50.19,154.03,3.80,17.02,12.14,NA,NA,0.35,83.85,NA,NA,NA,NA,NA,NA,NA,NA,NA,NA,NA,0.00,NA,NA,NA
2025-05-27 15:00:00,38.68,158.00,3.40,12.08,9.19,NA,NA,0.28,87.46,NA,NA,NA,NA,NA,NA,NA,NA,NA,NA,NA,0.00,NA,NA,NA
2025-05-27 16:00:00,42.67,129.34,4.53,10.78,9.50,NA,NA,0.32,77.62,NA,NA,NA,NA,NA,NA,NA,NA,NA,NA,NA,0.00,NA,NA,NA
2025-05-27 17:00:00,32.94,130.44,4.61,9.26,8.67,NA,NA,0.31,92.88,NA,NA,NA,NA,NA,NA,NA,NA,NA,NA,NA,0.00,NA,NA,NA
2025-05-27 18:00:00,57.27,111.18,3.50,8.98,7.62,NA,NA,0.32,92.52,NA,NA,NA,NA,NA,NA,NA,NA,NA,NA,NA,0.00,NA,NA,NA
2025-05-27 19:00:00,52.89,102.10,3.16,11.84,8.86,NA,NA,0.35,90.26,NA,NA,NA,NA,NA,NA,NA,NA,NA,NA,NA,0.00,NA,NA,NA
2025-05-27 20:00:00,39.60,147.52,2.56,13.94,9.50,NA,NA,0.47,118.78,NA,NA,NA,NA,NA,NA,NA,NA,NA,NA,NA,0.00,NA,NA,NA
2025-05-27 21:00:00,63.09,182.76,2.79,13.03,9.20,NA,NA,0.61,98.79,NA,NA,NA,NA,NA,NA,NA,NA,NA,NA,NA,0.00,NA,NA,NA
2025-05-27 22:00:00,96.13,236.37,3.25,13.77,9.96,NA,NA,0.76,58.69,NA,NA,NA,NA,NA,NA,NA,NA,NA,NA,NA,0.00,NA,NA,NA
2025-05-27 23:00:00,97.51,229.49,3.78,13.99,10.51,NA,NA,0.76,54.80,NA,NA,NA,NA,NA,NA,NA,NA,NA,NA,NA,0.00,NA,NA,NA
2025-05-28 00:00:00,59.01,210.19,2.81,16.65,11.15,NA,NA,0.69,81.82,NA,NA,NA,NA,NA,NA,NA,NA,NA,NA,NA,0.00,NA,NA,NA
2025-05-28 01:00:00,66.31,159.01,2.92,12.74,9.15,NA,NA,0.69,78.38,NA,NA,NA,NA,NA,NA,NA,NA,NA,NA,NA,0.00,NA,NA,NA
2025-05-28 02:00:00,64.61,130.40,3.03,13.88,9.85,NA,NA,0.68,57.50,NA,NA,NA,NA,NA,NA,NA,NA,NA,NA,NA,0.00,NA,NA,NA
2025-05-28 03:00:00,59.75,128.37,3.39,13.00,9.67,NA,NA,0.62,50.28,NA,NA,NA,NA,NA,NA,NA,NA,NA,NA,NA,0.00,NA,NA,NA
2025-05-28 04:00:00,73.24,169.24,2.72,13.83,9.57,NA,NA,0.77,118.94,NA,NA,NA,NA,NA,NA,NA,NA,NA,NA,NA,0.00,NA,NA,NA
2025-05-28 05:00:00,84.72,235.86,2.46,11.72,8.23,NA,NA,0.76,118.04,NA,NA,NA,NA,NA,NA,NA,NA,NA,NA,NA,0.00,NA,NA,NA
2025-05-28 06:00:00,75.90,236.94,2.62,12.08,8.56,NA,NA,0.81,155.10,NA,NA,NA,NA,NA,NA,NA,NA,NA,NA,NA,0.00,NA,NA,NA
2025-05-28 07:00:00,34.59,150.51,2.43,12.15,8.44,NA,NA,0.67,105.23,NA,NA,NA,NA,NA,NA,NA,NA,NA,NA,NA,0.00,NA,NA,NA
2025-05-28 08:00:00,8.49,42.72,2.70,11.99,8.58,NA,NA,0.57,103.34,NA,NA,NA,NA,NA,NA,NA,NA,NA,NA,NA,0.00,NA,NA,NA
2025-05-28 09:00:00,24.34,92.20,3.12,11.97,8.90,NA,NA,0.54,94.60,NA,NA,NA,NA,NA,NA,NA,NA,NA,NA,NA,0.00,NA,NA,NA
2025-05-28 10:00:00,21.44,115.27,2.96,11.19,8.37,NA,NA,0.44,104.58,NA,NA,NA,NA,NA,NA,NA,NA,NA,NA,NA,0.00,NA,NA,NA
2025-05-28 11:00:00,16.08,81.04,2.74,11.23,8.20,NA,NA,0.37,101.52,NA,NA,NA,NA,NA,NA,NA,NA,NA,NA,NA,0.00,NA,NA,NA
2025-05-28 12:00:00,17.78,88.30,3.55,22.78,15.00,NA,NA,0.38,78.06,NA,NA,NA,NA,NA,NA,NA,NA,NA,NA,NA,0.00,NA,NA,NA
2025-05-28 13:00:00,34.18,123.94,3.75,11.72,9.28,NA,NA,0.33,88.82,NA,NA,NA,NA,NA,NA,NA,NA,NA,NA,NA,0.00,NA,NA,NA
2025-05-28 14:00:00,39.86,124.44,3.05,11.08,8.38,NA,NA,0.32,101.58,NA,NA,NA,NA,NA,NA,NA,NA,NA,NA,NA,0.00,NA,NA,NA
2025-05-28 15:00:00,35.89,116.64,2.80,10.89,8.07,NA,NA,0.32,110.44,NA,NA,NA,NA,NA,NA,NA,NA,NA,NA,NA,0.00,NA,NA,NA
2025-05-28 16:00:00,35.87,134.71,2.68,11.48,8.28,NA,NA,0.34,135.71,NA,NA,NA,NA,NA,NA,NA,NA,NA,NA,NA,0.00,NA,NA,NA
2025-05-28 17:00:00,54.28,146.61,2.56,12.27,8.61,NA,NA,0.38,164.45,NA,NA,NA,NA,NA,NA,NA,NA,NA,NA,NA,0.00,NA,NA,NA
2025-05-28 18:00:00,58.24,155.07,2.82,14.78,10.15,NA,NA,0.46,161.30,NA,NA,NA,NA,NA,NA,NA,NA,NA,NA,NA,0.00,NA,NA,NA
2025-05-28 19:00:00,66.77,178.71,2.93,16.77,11.30,NA,NA,0.50,115.11,NA,NA,NA,NA,NA,NA,NA,NA,NA,NA,NA,0.00,NA,NA,NA
2025-05-28 20:00:00,70.67,198.72,2.83,16.43,11.04,NA,NA,0.59,134.54,NA,NA,NA,NA,NA,NA,NA,NA,NA,NA,NA,0.00,NA,NA,NA
2025-05-28 21:00:00,58.51,202.97,2.76,16.84,11.20,NA,NA,0.60,151.19,NA,NA,NA,NA,NA,NA,NA,NA,NA,NA,NA,0.00,NA,NA,NA
2025-05-28 22:00:00,64.73,196.14,2.68,16.72,11.07,NA,NA,0.62,126.94,NA,NA,NA,NA,NA,NA,NA,NA,NA,NA,NA,0.00,NA,NA,NA
2025-05-28 23:00:00,72.18,246.32,3.13,21.29,13.87,NA,NA,0.72,76.36,NA,NA,NA,NA,NA,NA,NA,NA,NA,NA,NA,0.00,NA,NA,NA
2025-05-29 00:00:00,80.05,261.79,3.26,17.94,12.20,NA,NA,0.74,77.57,NA,NA,NA,NA,NA,NA,NA,NA,NA,NA,NA,0.00,NA,NA,NA
2025-05-29 01:00:00,75.39,255.83,3.24,15.60,10.93,NA,NA,0.64,73.10,NA,NA,NA,NA,NA,NA,NA,NA,NA,NA,NA,0.00,NA,NA,NA
2025-05-29 02:00:00,85.46,220.40,2.84,14.31,9.92,NA,NA,0.62,111.50,NA,NA,NA,NA,NA,NA,NA,NA,NA,NA,NA,0.00,NA,NA,NA
2025-05-29 03:00:00,53.78,142.81,2.63,14.89,10.06,NA,NA,0.60,149.39,NA,NA,NA,NA,NA,NA,NA,NA,NA,NA,NA,0.00,NA,NA,NA
2025-05-29 04:00:00,45.88,136.68,2.61,13.71,9.41,NA,NA,0.62,114.32,NA,NA,NA,NA,NA,NA,NA,NA,NA,NA,NA,0.00,NA,NA,NA
2025-05-29 05:00:00,50.48,138.58,2.96,12.30,8.95,NA,NA,0.58,71.87,NA,NA,NA,NA,NA,NA,NA,NA,NA,NA,NA,0.00,NA,NA,NA
2025-05-29 06:00:00,48.15,138.92,3.43,13.68,10.07,NA,NA,0.56,139.79,NA,NA,NA,NA,NA,NA,NA,NA,NA,NA,NA,0.00,NA,NA,NA
2025-05-29 07:00:00,37.79,133.13,2.84,12.31,8.86,NA,NA,0.54,253.66,NA,NA,NA,NA,NA,NA,NA,NA,NA,NA,NA,0.00,NA,NA,NA
2025-05-29 08:00:00,26.41,94.80,2.56,10.64,7.74,NA,NA,0.50,148.66,NA,NA,NA,NA,NA,NA,NA,NA,NA,NA,NA,0.00,NA,NA,NA
2025-05-29 09:00:00,27.58,105.46,2.44,10.26,7.44,NA,NA,0.47,129.53,NA,NA,NA,NA,NA,NA,NA,NA,NA,NA,NA,0.00,NA,NA,NA
2025-05-29 10:00:00,39.19,116.07,2.92,10.82,8.13,NA,NA,0.48,104.85,NA,NA,NA,NA,NA,NA,NA,NA,NA,NA,NA,0.00,NA,NA,NA
2025-05-29 11:00:00,35.02,130.44,3.00,10.55,8.04,NA,NA,0.45,120.22,NA,NA,NA,NA,NA,NA,NA,NA,NA,NA,NA,0.00,NA,NA,NA
2025-05-29 12:00:00,30.36,114.56,2.79,9.02,7.07,NA,NA,0.39,125.49,NA,NA,NA,NA,NA,NA,NA,NA,NA,NA,NA,0.00,NA,NA,NA
2025-05-29 13:00:00,34.67,137.09,2.67,9.24,7.09,NA,NA,0.38,125.22,NA,NA,NA,NA,NA,NA,NA,NA,NA,NA,NA,0.00,NA,NA,NA
2025-05-29 14:00:00,41.42,164.60,3.39,15.73,11.12,NA,NA,0.41,112.00,NA,NA,NA,NA,NA,NA,NA,NA,NA,NA,NA,0.00,NA,NA,NA
2025-05-29 15:00:00,49.32,208.52,3.68,16.04,11.52,NA,NA,0.40,125.63,NA,NA,NA,NA,NA,NA,NA,NA,NA,NA,NA,0.00,NA,NA,NA
2025-05-29 16:00:00,59.36,208.31,3.42,11.06,8.67,NA,NA,0.32,110.34,NA,NA,NA,NA,NA,NA,NA,NA,NA,NA,NA,0.00,NA,NA,NA
2025-05-29 17:00:00,65.25,274.10,3.28,10.59,8.30,NA,NA,0.22,73.94,NA,NA,NA,NA,NA,NA,NA,NA,NA,NA,NA,0.00,NA,NA,NA
2025-05-29 18:00:00,5.14,74.20,3.18,15.32,10.74,NA,NA,0.25,55.72,NA,NA,NA,NA,NA,NA,NA,NA,NA,NA,NA,0.00,NA,NA,NA
2025-05-29 19:00:00,35.64,148.79,3.34,16.52,11.51,NA,NA,0.29,52.36,NA,NA,NA,NA,NA,NA,NA,NA,NA,NA,NA,0.00,NA,NA,NA
2025-05-29 20:00:00,43.26,139.83,3.19,15.28,10.72,NA,NA,0.30,53.08,NA,NA,NA,NA,NA,NA,NA,NA,NA,NA,NA,0.00,NA,NA,NA
2025-05-29 21:00:00,36.58,127.34,2.98,13.98,9.85,NA,NA,0.34,48.38,NA,NA,NA,NA,NA,NA,NA,NA,NA,NA,NA,0.00,NA,NA,NA
2025-05-29 22:00:00,53.53,124.35,2.77,13.89,9.64,NA,NA,0.40,37.96,NA,NA,NA,NA,NA,NA,NA,NA,NA,NA,NA,0.00,NA,NA,NA
2025-05-29 23:00:00,43.95,115.04,2.90,16.70,11.23,NA,NA,0.40,26.36,NA,NA,NA,NA,NA,NA,NA,NA,NA,NA,NA,0.00,NA,NA,NA
2025-05-30 00:00:00,44.08,101.53,3.27,20.55,13.59,NA,NA,0.41,15.52,NA,NA,NA,NA,NA,NA,NA,NA,NA,NA,NA,0.00,NA,NA,NA
2025-05-30 01:00:00,48.64,123.96,3.33,21.16,13.96,NA,NA,0.35,23.91,NA,NA,NA,NA,NA,NA,NA,NA,NA,NA,NA,0.00,NA,NA,NA
2025-05-30 02:00:00,43.37,121.50,2.89,17.05,11.42,NA,NA,0.37,41.71,NA,NA,NA,NA,NA,NA,NA,NA,NA,NA,NA,0.00,NA,NA,NA
2025-05-30 03:00:00,46.64,145.89,2.62,13.85,9.50,NA,NA,0.38,41.41,NA,NA,NA,NA,NA,NA,NA,NA,NA,NA,NA,0.00,NA,NA,NA
2025-05-30 04:00:00,51.98,169.19,2.70,16.41,10.92,NA,NA,0.49,22.89,NA,NA,NA,NA,NA,NA,NA,NA,NA,NA,NA,0.00,NA,NA,NA
2025-05-30 05:00:00,68.37,176.69,2.88,15.22,10.44,NA,NA,0.46,16.31,NA,NA,NA,NA,NA,NA,NA,NA,NA,NA,NA,0.00,NA,NA,NA
2025-05-30 06:00:00,65.60,165.00,3.27,15.68,11.00,NA,NA,0.50,12.51,NA,NA,NA,NA,NA,NA,NA,NA,NA,NA,NA,0.00,NA,NA,NA
2025-05-30 07:00:00,46.08,173.08,3.65,16.19,11.58,NA,NA,0.55,14.81,NA,NA,NA,NA,NA,NA,NA,NA,NA,NA,NA,0.00,NA,NA,NA
2025-05-30 08:00:00,29.96,208.56,4.14,19.51,13.74,NA,NA,0.64,22.47,NA,NA,NA,NA,NA,NA,NA,NA,NA,NA,NA,0.00,NA,NA,NA
2025-05-30 09:00:00,96.87,257.66,3.12,17.73,11.97,NA,NA,0.64,56.53,NA,NA,NA,NA,NA,NA,NA,NA,NA,NA,NA,0.00,NA,NA,NA
2025-05-30 10:00:00,43.95,332.66,2.63,15.77,10.52,NA,NA,0.60,66.96,NA,NA,NA,NA,NA,NA,NA,NA,NA,NA,NA,0.00,NA,NA,NA
2025-05-30 11:00:00,16.16,302.02,2.48,13.02,8.94,NA,NA,0.50,66.57,NA,NA,NA,NA,NA,NA,NA,NA,NA,NA,NA,0.00,NA,NA,NA
2025-05-30 12:00:00,40.65,403.91,2.95,13.26,9.45,NA,NA,0.50,68.07,NA,NA,NA,NA,NA,NA,NA,NA,NA,NA,NA,0.00,NA,NA,NA
2025-05-30 13:00:00,26.70,319.82,2.83,12.26,8.82,NA,NA,0.40,70.55,NA,NA,NA,NA,NA,NA,NA,NA,NA,NA,NA,0.00,NA,NA,NA
2025-05-30 14:00:00,20.29,224.42,2.96,13.36,9.51,NA,NA,0.43,65.52,NA,NA,NA,NA,NA,NA,NA,NA,NA,NA,NA,0.00,NA,NA,NA
2025-05-30 15:00:00,18.44,186.54,3.00,13.77,9.76,NA,NA,0.43,76.37,NA,NA,NA,NA,NA,NA,NA,NA,NA,NA,NA,0.00,NA,NA,NA
2025-05-30 16:00:00,22.98,176.50,3.00,14.56,10.18,NA,NA,0.42,85.65,NA,NA,NA,NA,NA,NA,NA,NA,NA,NA,NA,0.00,NA,NA,NA
2025-05-30 17:00:00,20.46,167.98,3.02,14.71,10.28,NA,NA,0.40,94.01,NA,NA,NA,NA,NA,NA,NA,NA,NA,NA,NA,0.00,NA,NA,NA
2025-05-30 18:00:00,26.81,175.97,2.84,17.46,11.60,NA,NA,0.41,75.07,NA,NA,NA,NA,NA,NA,NA,NA,NA,NA,NA,0.00,NA,NA,NA
2025-05-30 19:00:00,27.53,170.40,2.72,17.34,11.44,NA,NA,0.50,49.03,NA,NA,NA,NA,NA,NA,NA,NA,NA,NA,NA,0.00,NA,NA,NA
2025-05-30 20:00:00,34.19,194.90,3.45,20.31,13.60,NA,NA,0.72,29.63,NA,NA,NA,NA,NA,NA,NA,NA,NA,NA,NA,0.00,NA,NA,NA
2025-05-30 21:00:00,52.73,250.72,4.55,20.21,14.44,NA,NA,0.71,21.30,NA,NA,NA,NA,NA,NA,NA,NA,NA,NA,NA,0.00,NA,NA,NA
2025-05-30 22:00:00,44.72,277.12,4.17,20.08,14.07,NA,NA,0.82,15.53,NA,NA,NA,NA,NA,NA,NA,NA,NA,NA,NA,0.00,NA,NA,NA
2025-05-30 23:00:00,47.78,269.85,4.96,23.17,16.35,NA,NA,0.91,14.63,NA,NA,NA,NA,NA,NA,NA,NA,NA,NA,NA,0.00,NA,NA,NA
2025-05-31 00:00:00,51.50,279.04,4.11,22.96,15.55,NA,NA,1.00,11.94,NA,NA,NA,NA,NA,NA,NA,NA,NA,NA,NA,0.00,NA,NA,NA
2025-05-31 01:00:00,56.18,268.44,4.12,26.80,17.61,NA,NA,1.03,5.95,NA,NA,NA,NA,NA,NA,NA,NA,NA,NA,NA,0.00,NA,NA,NA
2025-05-31 02:00:00,47.13,248.73,4.20,25.55,17.01,NA,NA,0.91,6.42,NA,NA,NA,NA,NA,NA,NA,NA,NA,NA,NA,0.00,NA,NA,NA
2025-05-31 03:00:00,62.71,214.27,4.06,18.86,13.34,NA,NA,0.76,10.38,NA,NA,NA,NA,NA,NA,NA,NA,NA,NA,NA,0.00,NA,NA,NA
2025-05-31 04:00:00,44.24,254.91,3.71,22.11,14.78,NA,NA,0.72,9.11,NA,NA,NA,NA,NA,NA,NA,NA,NA,NA,NA,0.00,NA,NA,NA
2025-05-31 05:00:00,47.68,288.36,3.46,17.36,12.05,NA,NA,0.72,9.63,NA,NA,NA,NA,NA,NA,NA,NA,NA,NA,NA,0.00,NA,NA,NA
2025-05-31 06:00:00,67.67,269.39,4.20,17.84,12.91,NA,NA,0.72,10.72,NA,NA,NA,NA,NA,NA,NA,NA,NA,NA,NA,0.00,NA,NA,NA
2025-05-31 07:00:00,107.08,279.73,4.63,20.79,14.82,NA,NA,0.69,20.01,NA,NA,NA,NA,NA,NA,NA,NA,NA,NA,NA,0.00,NA,NA,NA
2025-05-31 08:00:00,79.24,300.30,3.42,14.85,10.68,NA,NA,0.61,49.41,NA,NA,NA,NA,NA,NA,NA,NA,NA,NA,NA,0.00,NA,NA,NA
2025-05-31 09:00:00,43.45,283.68,2.98,12.92,9.30,NA,NA,0.54,57.17,NA,NA,NA,NA,NA,NA,NA,NA,NA,NA,NA,0.00,NA,NA,NA
2025-05-31 10:00:00,44.83,248.96,2.96,12.89,9.26,NA,NA,0.48,65.65,NA,NA,NA,NA,NA,NA,NA,NA,NA,NA,NA,0.00,NA,NA,NA
2025-05-31 11:00:00,37.32,294.59,3.31,14.94,10.64,NA,NA,0.48,95.80,NA,NA,NA,NA,NA,NA,NA,NA,NA,NA,NA,0.00,NA,NA,NA
2025-05-31 12:00:00,42.08,327.54,3.46,14.27,10.40,NA,NA,0.45,98.86,NA,NA,NA,NA,NA,NA,NA,NA,NA,NA,NA,0.00,NA,NA,NA
2025-05-31 13:00:00,49.85,306.31,3.55,13.08,9.84,NA,NA,0.38,100.21,NA,NA,NA,NA,NA,NA,NA,NA,NA,NA,NA,0.00,NA,NA,NA
2025-05-31 14:00:00,65.23,290.85,3.97,14.26,10.82,NA,NA,0.33,100.72,NA,NA,NA,NA,NA,NA,NA,NA,NA,NA,NA,0.00,NA,NA,NA
2025-05-31 15:00:00,92.04,393.85,4.29,16.12,12.06,NA,NA,0.53,139.00,NA,NA,NA,NA,NA,NA,NA,NA,NA,NA,NA,0.00,NA,NA,NA
2025-05-31 16:00:00,69.06,418.71,3.45,15.00,10.79,NA,NA,0.38,93.55,NA,NA,NA,NA,NA,NA,NA,NA,NA,NA,NA,0.00,NA,NA,NA
2025-05-31 17:00:00,34.67,347.33,3.36,12.51,9.38,NA,NA,0.28,62.82,NA,NA,NA,NA,NA,NA,NA,NA,NA,NA,NA,0.00,NA,NA,NA
2025-05-31 18:00:00,19.63,186.58,3.22,12.62,9.32,NA,NA,0.34,48.46,NA,NA,NA,NA,NA,NA,NA,NA,NA,NA,NA,0.00,NA,NA,NA
2025-05-31 19:00:00,18.94,128.30,3.26,13.64,9.90,NA,NA,0.38,34.77,NA,NA,NA,NA,NA,NA,NA,NA,NA,NA,NA,0.00,NA,NA,NA
2025-05-31 20:00:00,26.35,132.51,4.57,17.62,13.09,NA,NA,0.41,19.74,NA,NA,NA,NA,NA,NA,NA,NA,NA,NA,NA,0.00,NA,NA,NA
2025-05-31 21:00:00,18.36,151.01,5.54,19.69,14.98,NA,NA,0.49,20.77,NA,NA,NA,NA,NA,NA,NA,NA,NA,NA,NA,0.00,NA,NA,NA
2025-05-31 22:00:00,NA,174.34,5.74,18.58,14.55,NA,NA,0.54,34.61,NA,NA,NA,NA,NA,NA,NA,NA,NA,NA,NA,0.00,NA,NA,NA
2025-05-31 23:00:00,24.85,205.72,4.47,26.17,17.56,NA,NA,0.89,21.42,NA,NA,NA,NA,NA,NA,NA,NA,NA,NA,NA,0.00,NA,NA,NA
2025-06-01 00:00:00,12.81,239.92,4.24,30.04,19.43,NA,NA,0.76,8.20,NA,NA,NA,NA,NA,NA,NA,NA,NA,NA,NA,0.00,NA,NA,NA
2025-06-01 01:00:00,25.61,234.93,3.96,18.26,12.93,NA,NA,0.44,40.46,NA,NA,NA,NA,NA,NA,NA,NA,NA,NA,NA,0.00,NA,NA,NA
2025-06-01 02:00:00,19.80,127.71,3.72,14.41,10.69,NA,NA,0.31,56.07,NA,NA,NA,NA,NA,NA,NA,NA,NA,NA,NA,0.00,NA,NA,NA
2025-06-01 03:00:00,28.33,121.35,3.60,12.72,9.69,NA,NA,0.29,40.14,NA,NA,NA,NA,NA,NA,NA,NA,NA,NA,NA,0.00,NA,NA,NA
2025-06-01 04:00:00,38.14,112.72,3.58,13.13,9.89,NA,NA,0.29,43.92,NA,NA,NA,NA,NA,NA,NA,NA,NA,NA,NA,0.00,NA,NA,NA
2025-06-01 05:00:00,54.50,120.63,3.74,12.91,9.90,NA,NA,0.33,39.80,NA,NA,NA,NA,NA,NA,NA,NA,NA,NA,NA,0.00,NA,NA,NA
2025-06-01 06:00:00,40.30,140.58,3.89,12.13,9.61,NA,NA,0.32,37.90,NA,NA,NA,NA,NA,NA,NA,NA,NA,NA,NA,0.00,NA,NA,NA
2025-06-01 07:00:00,44.39,137.10,4.06,12.38,9.89,NA,NA,0.32,32.56,NA,NA,NA,NA,NA,NA,NA,NA,NA,NA,NA,0.00,NA,NA,NA
2025-06-01 08:00:00,32.93,143.78,4.06,11.58,9.46,NA,NA,0.34,31.42,NA,NA,NA,NA,NA,NA,NA,NA,NA,NA,NA,0.00,NA,NA,NA
2025-06-01 09:00:00,27.64,191.72,3.98,11.46,9.32,NA,NA,0.34,38.16,NA,NA,NA,NA,NA,NA,NA,NA,NA,NA,NA,0.00,NA,NA,NA
2025-06-01 10:00:00,33.16,264.43,4.08,11.23,9.29,NA,NA,0.31,38.05,NA,NA,NA,NA,NA,NA,NA,NA,NA,NA,NA,0.00,NA,NA,NA
2025-06-01 11:00:00,44.68,321.92,4.45,11.57,9.78,NA,NA,0.31,47.91,NA,NA,NA,NA,NA,NA,NA,NA,NA,NA,NA,0.00,NA,NA,NA
2025-06-01 12:00:00,26.46,303.80,4.59,11.29,9.74,NA,NA,0.27,43.32,NA,NA,NA,NA,NA,NA,NA,NA,NA,NA,NA,0.00,NA,NA,NA
2025-06-01 13:00:00,21.08,325.86,4.13,9.67,8.50,NA,NA,0.25,54.02,NA,NA,NA,NA,NA,NA,NA,NA,NA,NA,NA,0.00,NA,NA,NA
2025-06-01 14:00:00,30.57,389.52,4.03,8.72,7.91,NA,NA,0.26,63.70,NA,NA,NA,NA,NA,NA,NA,NA,NA,NA,NA,0.00,NA,NA,NA
2025-06-01 15:00:00,37.21,363.43,4.23,9.83,8.67,NA,NA,0.28,67.82,NA,NA,NA,NA,NA,NA,NA,NA,NA,NA,NA,0.00,NA,NA,NA
2025-06-01 16:00:00,55.26,465.96,4.78,11.18,9.83,NA,NA,0.22,64.76,NA,NA,NA,NA,NA,NA,NA,NA,NA,NA,NA,0.00,NA,NA,NA
2025-06-01 17:00:00,30.12,280.62,6.56,13.64,12.59,NA,NA,0.11,45.15,NA,NA,NA,NA,NA,NA,NA,NA,NA,NA,NA,0.00,NA,NA,NA
2025-06-01 18:00:00,16.35,79.12,8.28,17.24,15.90,NA,NA,0.12,43.68,NA,NA,NA,NA,NA,NA,NA,NA,NA,NA,NA,0.00,NA,NA,NA
2025-06-01 19:00:00,38.26,102.78,5.84,15.95,13.24,NA,NA,0.16,47.77,NA,NA,NA,NA,NA,NA,NA,NA,NA,NA,NA,0.00,NA,NA,NA
2025-06-01 20:00:00,14.26,101.90,6.12,13.69,12.26,NA,NA,0.12,53.84,NA,NA,NA,NA,NA,NA,NA,NA,NA,NA,NA,0.00,NA,NA,NA
2025-06-01 21:00:00,36.06,124.55,6.94,17.22,14.81,NA,NA,0.11,48.08,NA,NA,NA,NA,NA,NA,NA,NA,NA,NA,NA,0.00,NA,NA,NA
2025-06-01 22:00:00,30.46,114.32,61.46,12.86,56.63,NA,NA,0.26,17.68,NA,NA,NA,NA,NA,NA,NA,NA,NA,NA,NA,0.00,NA,NA,NA
2025-06-01 23:00:00,NA,NA,4.47,18.24,13.34,NA,NA,0.28,41.02,NA,NA,NA,NA,NA,NA,NA,NA,NA,NA,NA,0.00,NA,NA,NA
2025-06-02 00:00:00,NA,NA,3.10,14.26,10.11,NA,NA,0.29,53.56,NA,NA,NA,NA,NA,NA,NA,NA,NA,NA,NA,0.00,NA,NA,NA
2025-06-02 01:00:00,NA,NA,2.94,11.68,8.60,NA,NA,0.29,47.74,NA,NA,NA,NA,NA,NA,NA,NA,NA,NA,NA,0.00,NA,NA,NA
2025-06-02 02:00:00,NA,32.28,2.94,15.20,10.48,NA,NA,0.32,22.11,NA,NA,NA,NA,NA,NA,NA,NA,NA,NA,NA,0.00,NA,NA,NA
2025-06-02 03:00:00,NA,44.00,2.90,15.83,10.78,NA,NA,0.33,6.77,NA,NA,NA,NA,NA,NA,NA,NA,NA,NA,NA,0.00,NA,NA,NA
2025-06-02 04:00:00,NA,88.04,2.46,17.10,11.09,NA,NA,0.33,2.52,NA,NA,NA,NA,NA,NA,NA,NA,NA,NA,NA,0.00,NA,NA,NA
2025-06-02 05:00:00,2.42,72.28,2.30,15.74,10.24,NA,NA,0.32,8.07,NA,NA,NA,NA,NA,NA,NA,NA,NA,NA,NA,0.00,NA,NA,NA
2025-06-02 06:00:00,NA,66.42,2.53,15.90,10.52,NA,NA,0.36,7.04,NA,NA,NA,NA,NA,NA,NA,NA,NA,NA,NA,0.00,NA,NA,NA
2025-06-02 07:00:00,8.52,81.06,2.31,13.41,9.00,NA,NA,0.40,20.46,NA,NA,NA,NA,NA,NA,NA,NA,NA,NA,NA,0.00,NA,NA,NA
2025-06-02 08:00:00,6.24,108.24,2.03,14.05,9.13,NA,NA,0.43,26.92,NA,NA,NA,NA,NA,NA,NA,NA,NA,NA,NA,0.00,NA,NA,NA
2025-06-02 09:00:00,9.81,131.12,2.15,15.40,9.94,NA,NA,0.44,34.89,NA,NA,NA,NA,NA,NA,NA,NA,NA,NA,NA,0.00,NA,NA,NA
2025-06-02 10:00:00,10.80,154.24,1.92,16.40,10.28,NA,NA,0.42,52.72,NA,NA,NA,NA,NA,NA,NA,NA,NA,NA,NA,0.00,NA,NA,NA
2025-06-02 11:00:00,19.52,172.61,1.43,14.88,9.08,NA,NA,0.48,85.97,NA,NA,NA,NA,NA,NA,NA,NA,NA,NA,NA,0.00,NA,NA,NA
2025-06-02 12:00:00,32.39,235.08,1.46,14.46,8.88,NA,NA,0.49,93.77,NA,NA,NA,NA,NA,NA,NA,NA,NA,NA,NA,0.00,NA,NA,NA
2025-06-02 13:00:00,33.36,255.25,2.24,18.41,11.62,NA,NA,0.46,89.89,NA,NA,NA,NA,NA,NA,NA,NA,NA,NA,NA,0.00,NA,NA,NA
2025-06-02 14:00:00,26.74,244.10,2.54,13.31,9.14,NA,NA,0.42,80.82,NA,NA,NA,NA,NA,NA,NA,NA,NA,NA,NA,0.00,NA,NA,NA
2025-06-02 15:00:00,35.54,267.96,2.64,13.82,9.50,NA,NA,0.44,87.14,NA,NA,NA,NA,NA,NA,NA,NA,NA,NA,NA,0.00,NA,NA,NA
2025-06-02 16:00:00,38.70,276.06,2.90,14.02,9.82,NA,NA,0.46,76.18,NA,NA,NA,NA,NA,NA,NA,NA,NA,NA,NA,0.00,NA,NA,NA
2025-06-02 17:00:00,25.19,283.69,1.88,11.61,7.71,NA,NA,0.42,67.79,NA,NA,NA,NA,NA,NA,NA,NA,NA,NA,NA,0.00,NA,NA,NA
2025-06-02 18:00:00,21.84,241.26,1.18,14.22,8.52,NA,NA,0.49,54.70,NA,NA,NA,NA,NA,NA,NA,NA,NA,NA,NA,0.00,NA,NA,NA
2025-06-02 19:00:00,32.84,212.64,0.69,13.43,7.70,NA,NA,0.50,52.56,NA,NA,NA,NA,NA,NA,NA,NA,NA,NA,NA,0.00,NA,NA,NA
2025-06-02 20:00:00,26.35,140.38,0.54,13.15,7.43,NA,NA,0.52,50.14,NA,NA,NA,NA,NA,NA,NA,NA,NA,NA,NA,0.00,NA,NA,NA
2025-06-02 21:00:00,28.26,123.14,0.51,61.83,7.18,NA,NA,0.47,45.82,NA,NA,NA,NA,NA,NA,NA,NA,NA,NA,NA,0.00,NA,NA,NA
2025-06-02 22:00:00,20.86,113.12,40.78,3.13,32.54,NA,NA,0.49,21.48,NA,NA,NA,NA,NA,NA,NA,NA,NA,NA,NA,0.00,NA,NA,NA
2025-06-02 23:00:00,19.07,104.16,NA,NA,NA,NA,NA,0.49,20.37,NA,NA,NA,NA,NA,NA,NA,NA,NA,NA,NA,0.00,NA,NA,NA
2025-06-03 00:00:00,22.32,110.67,91.47,68.98,23.87,NA,NA,0.48,10.68,NA,NA,NA,NA,NA,NA,NA,NA,NA,NA,NA,0.00,NA,NA,NA
2025-06-03 01:00:00,31.13,120.46,409.14,314.58,299.03,NA,NA,0.48,5.82,NA,NA,NA,NA,NA,NA,NA,NA,NA,NA,NA,0.00,NA,NA,NA
2025-06-03 02:00:00,21.26,112.80,NA,38.97,424.34,NA,NA,0.49,7.12,NA,NA,NA,NA,NA,NA,NA,NA,NA,NA,NA,0.00,NA,NA,NA
2025-06-03 03:00:00,28.66,94.70,NA,NA,NA,NA,NA,0.47,3.73,NA,NA,NA,NA,NA,NA,NA,NA,NA,NA,NA,0.00,NA,NA,NA
2025-06-03 04:00:00,23.29,93.47,NA,228.82,NA,NA,NA,0.48,4.42,NA,NA,NA,NA,NA,NA,NA,NA,NA,NA,NA,0.00,NA,NA,NA
2025-06-03 05:00:00,27.52,109.85,NA,NA,NA,NA,NA,0.55,3.08,NA,NA,NA,NA,NA,NA,NA,NA,NA,NA,NA,0.00,NA,NA,NA
2025-06-03 06:00:00,39.40,197.18,84.21,NA,62.49,NA,NA,0.56,16.31,NA,NA,NA,NA,NA,NA,NA,NA,NA,NA,NA,0.00,NA,NA,NA
2025-06-03 07:00:00,23.48,195.83,107.57,2.15,86.23,NA,NA,0.44,46.83,NA,NA,NA,NA,NA,NA,NA,NA,NA,NA,NA,0.00,NA,NA,NA
2025-06-03 08:00:00,7.24,131.93,60.29,7.96,52.03,NA,NA,0.46,46.96,NA,NA,NA,NA,NA,NA,NA,NA,NA,NA,NA,0.00,NA,NA,NA
2025-06-03 09:00:00,13.01,160.22,NA,278.04,NA,NA,NA,0.48,57.28,NA,NA,NA,NA,NA,NA,NA,NA,NA,NA,NA,0.00,NA,NA,NA
2025-06-03 10:00:00,33.56,178.32,NA,NA,NA,NA,NA,0.50,68.46,NA,NA,NA,NA,NA,NA,NA,NA,NA,NA,NA,0.00,NA,NA,NA
2025-06-03 11:00:00,45.90,231.10,NA,NA,NA,NA,NA,0.50,76.86,NA,NA,NA,NA,NA,NA,NA,NA,NA,NA,NA,0.00,NA,NA,NA
2025-06-03 12:00:00,32.83,208.38,NA,498.81,NA,NA,NA,0.48,84.22,NA,NA,NA,NA,NA,NA,NA,NA,NA,NA,NA,0.00,NA,NA,NA
2025-06-03 13:00:00,28.80,172.08,NA,75.73,NA,NA,NA,0.46,85.59,NA,NA,NA,NA,NA,NA,NA,NA,NA,NA,NA,0.00,NA,NA,NA
2025-06-03 14:00:00,40.58,197.98,NA,38.93,NA,NA,NA,0.44,78.46,NA,NA,NA,NA,NA,NA,NA,NA,NA,NA,NA,0.00,NA,NA,NA
2025-06-03 15:00:00,16.96,117.17,NA,36.61,NA,NA,NA,0.38,53.52,NA,NA,NA,NA,NA,NA,NA,NA,NA,NA,NA,0.00,NA,NA,NA
2025-06-03 16:00:00,9.93,75.58,NA,23.40,NA,NA,NA,0.39,56.28,NA,NA,NA,NA,NA,NA,NA,NA,NA,NA,NA,0.00,NA,NA,NA
2025-06-03 17:00:00,21.02,134.16,NA,20.48,NA,NA,NA,0.46,69.52,NA,NA,NA,NA,NA,NA,NA,NA,NA,NA,NA,0.00,NA,NA,NA
2025-06-03 18:00:00,27.88,172.62,NA,22.99,NA,NA,NA,0.47,59.59,NA,NA,NA,NA,NA,NA,NA,NA,NA,NA,NA,0.00,NA,NA,NA
2025-06-03 19:00:00,19.44,167.98,NA,16.76,NA,NA,NA,0.51,42.43,NA,NA,NA,NA,NA,NA,NA,NA,NA,NA,NA,0.00,NA,NA,NA
2025-06-03 20:00:00,27.14,143.66,NA,44.06,NA,NA,NA,0.55,23.62,NA,NA,NA,NA,NA,NA,NA,NA,NA,NA,NA,0.00,NA,NA,NA
2025-06-03 21:00:00,33.76,153.48,NA,29.72,NA,NA,NA,0.63,21.46,NA,NA,NA,NA,NA,NA,NA,NA,NA,NA,NA,0.00,NA,NA,NA
2025-06-03 22:00:00,40.63,199.55,NA,33.30,NA,NA,NA,0.75,5.98,NA,NA,NA,NA,NA,NA,NA,NA,NA,NA,NA,0.00,NA,NA,NA
2025-06-03 23:00:00,48.15,266.11,NA,40.39,NA,NA,NA,0.62,23.13,NA,NA,NA,NA,NA,NA,NA,NA,NA,NA,NA,0.00,NA,NA,NA
2025-06-04 00:00:00,16.89,734.29,NA,35.35,NA,NA,NA,0.46,37.16,NA,NA,NA,NA,NA,NA,NA,NA,NA,NA,NA,0.00,NA,NA,NA
2025-06-04 01:00:00,30.12,856.77,280.50,24.85,236.58,NA,NA,0.47,20.89,NA,NA,NA,NA,NA,NA,NA,NA,NA,NA,NA,0.00,NA,NA,NA
2025-06-04 02:00:00,35.58,742.39,NA,3.92,NA,NA,NA,0.51,14.45,NA,NA,NA,NA,NA,NA,NA,NA,NA,NA,NA,0.00,NA,NA,NA
2025-06-04 03:00:00,45.04,613.50,NA,157.69,NA,NA,NA,0.55,7.34,NA,NA,NA,NA,NA,NA,NA,NA,NA,NA,NA,0.00,NA,NA,NA
2025-06-04 04:00:00,51.86,355.16,NA,82.05,NA,NA,NA,0.68,4.43,NA,NA,NA,NA,NA,NA,NA,NA,NA,NA,NA,0.00,NA,NA,NA
2025-06-04 05:00:00,54.37,228.20,193.86,23.23,265.94,NA,NA,0.68,2.72,NA,NA,NA,NA,NA,NA,NA,NA,NA,NA,NA,0.00,NA,NA,NA
2025-06-04 06:00:00,55.63,213.11,109.02,16.54,97.42,NA,NA,0.78,3.79,NA,NA,NA,NA,NA,NA,NA,NA,NA,NA,NA,0.00,NA,NA,NA
2025-06-04 07:00:00,48.34,188.04,55.86,18.38,55.15,NA,NA,0.76,7.28,NA,NA,NA,NA,NA,NA,NA,NA,NA,NA,NA,0.00,NA,NA,NA
2025-06-04 08:00:00,39.11,178.05,159.97,30.14,137.53,NA,NA,0.73,16.10,NA,NA,NA,NA,NA,NA,NA,NA,NA,NA,NA,0.00,NA,NA,NA
2025-06-04 09:00:00,46.66,187.17,307.05,NA,250.54,NA,NA,0.76,23.79,NA,NA,NA,NA,NA,NA,NA,NA,NA,NA,NA,0.00,NA,NA,NA
2025-06-04 10:00:00,44.57,256.99,NA,NA,NA,NA,NA,0.90,45.16,NA,NA,NA,NA,NA,NA,NA,NA,NA,NA,NA,0.00,NA,NA,NA
2025-06-04 11:00:00,41.37,342.07,NA,NA,NA,NA,NA,0.82,83.82,NA,NA,NA,NA,NA,NA,NA,NA,NA,NA,NA,0.00,NA,NA,NA
2025-06-04 12:00:00,32.81,313.33,NA,NA,NA,NA,NA,0.62,82.28,NA,NA,NA,NA,NA,NA,NA,NA,NA,NA,NA,0.00,NA,NA,NA
2025-06-04 13:00:00,27.54,218.04,NA,NA,NA,NA,NA,0.53,87.65,NA,NA,NA,NA,NA,NA,NA,NA,NA,NA,NA,0.00,NA,NA,NA
2025-06-04 14:00:00,29.70,218.43,NA,NA,NA,NA,NA,0.33,83.46,NA,NA,NA,NA,NA,NA,NA,NA,NA,NA,NA,0.00,NA,NA,NA
2025-06-04 15:00:00,28.17,176.21,24.31,48.16,45.40,NA,NA,0.26,76.20,NA,NA,NA,NA,NA,NA,NA,NA,NA,NA,NA,0.00,NA,NA,NA
2025-06-04 16:00:00,18.82,150.68,NA,NA,NA,NA,NA,0.27,74.93,NA,NA,NA,NA,NA,NA,NA,NA,NA,NA,NA,0.00,NA,NA,NA
2025-06-04 17:00:00,21.22,151.72,43.52,68.25,71.75,NA,NA,0.26,74.65,NA,NA,NA,NA,NA,NA,NA,NA,NA,NA,NA,0.00,NA,NA,NA
2025-06-04 18:00:00,22.28,168.94,36.11,99.46,82.26,NA,NA,0.16,64.89,NA,NA,NA,NA,NA,NA,NA,NA,NA,NA,NA,0.00,NA,NA,NA
2025-06-04 19:00:00,46.94,241.30,45.49,107.79,94.32,NA,NA,0.08,50.94,NA,NA,NA,NA,NA,NA,NA,NA,NA,NA,NA,0.00,NA,NA,NA
2025-06-04 20:00:00,36.29,265.40,55.47,112.64,105.01,NA,NA,0.03,45.05,NA,NA,NA,NA,NA,NA,NA,NA,NA,NA,NA,0.00,NA,NA,NA
2025-06-04 21:00:00,38.04,245.07,52.22,105.77,98.70,NA,NA,0.08,29.91,NA,NA,NA,NA,NA,NA,NA,NA,NA,NA,NA,0.00,NA,NA,NA
2025-06-04 22:00:00,32.98,195.75,27.38,77.78,63.62,NA,NA,0.29,25.10,NA,NA,NA,NA,NA,NA,NA,NA,NA,NA,NA,0.00,NA,NA,NA
2025-06-04 23:00:00,17.66,166.67,20.77,61.52,49.61,NA,NA,0.48,10.63,NA,NA,NA,NA,NA,NA,NA,NA,NA,NA,NA,0.00,NA,NA,NA
2025-06-05 00:00:00,16.65,209.54,18.80,72.87,54.04,NA,NA,0.50,10.66,NA,NA,NA,NA,NA,NA,NA,NA,NA,NA,NA,0.00,NA,NA,NA
2025-06-05 01:00:00,32.56,238.60,19.52,78.48,57.61,NA,NA,0.41,12.55,NA,NA,NA,NA,NA,NA,NA,NA,NA,NA,NA,0.00,NA,NA,NA
2025-06-05 02:00:00,34.20,164.78,19.14,69.40,52.48,NA,NA,0.30,34.83,NA,NA,NA,NA,NA,NA,NA,NA,NA,NA,NA,0.00,NA,NA,NA
2025-06-05 03:00:00,20.99,144.87,16.98,47.68,39.16,NA,NA,0.38,31.89,NA,NA,NA,NA,NA,NA,NA,NA,NA,NA,NA,0.00,NA,NA,NA
2025-06-05 04:00:00,19.05,131.22,16.11,40.74,34.78,NA,NA,0.45,23.01,NA,NA,NA,NA,NA,NA,NA,NA,NA,NA,NA,0.00,NA,NA,NA
2025-06-05 05:00:00,14.23,104.52,16.15,53.86,41.78,NA,NA,0.39,21.14,NA,NA,NA,NA,NA,NA,NA,NA,NA,NA,NA,0.00,NA,NA,NA
2025-06-05 06:00:00,21.48,140.24,17.62,65.40,49.11,NA,NA,0.34,8.24,NA,NA,NA,NA,NA,NA,NA,NA,NA,NA,NA,0.00,NA,NA,NA
2025-06-05 07:00:00,20.70,125.20,16.50,56.83,43.65,NA,NA,0.31,28.87,NA,NA,NA,NA,NA,NA,NA,NA,NA,NA,NA,0.00,NA,NA,NA
2025-06-05 08:00:00,31.38,186.63,15.02,45.31,36.31,NA,NA,0.41,42.58,NA,NA,NA,NA,NA,NA,NA,NA,NA,NA,NA,0.00,NA,NA,NA
2025-06-05 09:00:00,9.63,123.02,14.12,41.21,33.40,NA,NA,0.44,47.86,NA,NA,NA,NA,NA,NA,NA,NA,NA,NA,NA,0.00,NA,NA,NA
2025-06-05 10:00:00,22.78,117.95,13.90,60.67,43.58,NA,NA,0.37,67.90,NA,NA,NA,NA,NA,NA,NA,NA,NA,NA,NA,0.00,NA,NA,NA
2025-06-05 11:00:00,38.72,192.94,14.32,78.14,53.21,NA,NA,0.26,72.06,NA,NA,NA,NA,NA,NA,NA,NA,NA,NA,NA,0.00,NA,NA,NA
2025-06-05 12:00:00,28.80,198.00,13.06,64.34,44.84,NA,NA,0.24,80.83,NA,NA,NA,NA,NA,NA,NA,NA,NA,NA,NA,0.00,NA,NA,NA
2025-06-05 13:00:00,26.14,168.35,11.70,54.76,38.64,NA,NA,0.28,91.40,NA,NA,NA,NA,NA,NA,NA,NA,NA,NA,NA,0.00,NA,NA,NA
2025-06-05 14:00:00,19.05,151.99,11.24,59.68,40.88,NA,NA,0.32,105.88,NA,NA,NA,NA,NA,NA,NA,NA,NA,NA,NA,0.00,NA,NA,NA
2025-06-05 15:00:00,28.28,188.08,13.73,89.41,58.73,NA,NA,0.24,123.27,NA,NA,NA,NA,NA,NA,NA,NA,NA,NA,NA,0.00,NA,NA,NA
2025-06-05 16:00:00,46.84,254.58,18.78,98.20,67.50,NA,NA,0.06,101.38,NA,NA,NA,NA,NA,NA,NA,NA,NA,NA,NA,0.00,NA,NA,NA
2025-06-05 17:00:00,44.26,227.83,15.27,65.77,47.40,NA,NA,0.12,85.88,NA,NA,NA,NA,NA,NA,NA,NA,NA,NA,NA,0.00,NA,NA,NA
2025-06-05 18:00:00,28.26,186.16,13.22,54.55,39.76,NA,NA,0.20,63.98,NA,NA,NA,NA,NA,NA,NA,NA,NA,NA,NA,0.00,NA,NA,NA
2025-06-05 19:00:00,19.87,179.08,12.50,59.98,42.07,NA,NA,0.26,50.75,NA,NA,NA,NA,NA,NA,NA,NA,NA,NA,NA,0.00,NA,NA,NA
2025-06-05 20:00:00,22.40,204.74,13.54,76.30,51.59,NA,NA,0.24,39.44,NA,NA,NA,NA,NA,NA,NA,NA,NA,NA,NA,0.00,NA,NA,NA
2025-06-05 21:00:00,38.96,233.21,14.58,75.78,52.16,NA,NA,0.27,27.87,NA,NA,NA,NA,NA,NA,NA,NA,NA,NA,NA,0.00,NA,NA,NA
2025-06-05 22:00:00,40.09,208.07,12.50,58.89,41.48,NA,NA,0.34,15.19,NA,NA,NA,NA,NA,NA,NA,NA,NA,NA,NA,0.00,NA,NA,NA
2025-06-05 23:00:00,20.72,163.67,11.36,56.12,39.08,NA,NA,0.47,4.00,NA,NA,NA,NA,NA,NA,NA,NA,NA,NA,NA,0.00,NA,NA,NA
2025-06-06 00:00:00,16.26,154.58,12.64,63.90,44.27,NA,NA,0.55,1.87,NA,NA,NA,NA,NA,NA,NA,NA,NA,NA,NA,0.00,NA,NA,NA
2025-06-06 01:00:00,32.87,217.28,12.45,66.29,45.38,NA,NA,0.42,15.14,NA,NA,NA,NA,NA,NA,NA,NA,NA,NA,NA,0.00,NA,NA,NA
2025-06-06 02:00:00,40.08,202.36,11.60,54.71,38.53,NA,NA,0.40,25.16,NA,NA,NA,NA,NA,NA,NA,NA,NA,NA,NA,0.00,NA,NA,NA
2025-06-06 03:00:00,24.10,140.10,10.58,46.99,33.59,NA,NA,0.46,9.79,NA,NA,NA,NA,NA,NA,NA,NA,NA,NA,NA,0.00,NA,NA,NA
2025-06-06 04:00:00,28.48,121.89,10.26,41.70,30.52,NA,NA,0.54,3.39,NA,NA,NA,NA,NA,NA,NA,NA,NA,NA,NA,0.00,NA,NA,NA
2025-06-06 05:00:00,25.19,91.09,10.88,51.22,36.09,NA,NA,0.50,NA,NA,NA,NA,NA,NA,NA,NA,NA,NA,NA,NA,0.00,NA,NA,NA
2025-06-06 06:00:00,36.55,117.95,17.76,60.41,46.58,NA,NA,0.48,1.68,NA,NA,NA,NA,NA,NA,NA,NA,NA,NA,NA,0.00,NA,NA,NA
2025-06-06 07:00:00,37.02,185.24,14.28,55.29,41.02,NA,NA,0.53,12.75,NA,NA,NA,NA,NA,NA,NA,NA,NA,NA,NA,0.00,NA,NA,NA
2025-06-06 08:00:00,26.24,217.60,10.88,43.93,32.20,NA,NA,0.58,36.68,NA,NA,NA,NA,NA,NA,NA,NA,NA,NA,NA,0.00,NA,NA,NA
2025-06-06 09:00:00,24.92,199.18,9.24,34.98,26.12,NA,NA,0.54,56.30,NA,NA,NA,NA,NA,NA,NA,NA,NA,NA,NA,0.00,NA,NA,NA
2025-06-06 10:00:00,29.89,169.56,10.15,41.46,30.30,NA,NA,0.34,54.56,NA,NA,NA,NA,NA,NA,NA,NA,NA,NA,NA,0.00,NA,NA,NA
2025-06-06 11:00:00,37.30,188.93,12.74,43.16,33.32,NA,NA,0.21,57.44,NA,NA,NA,NA,NA,NA,NA,NA,NA,NA,NA,0.00,NA,NA,NA
2025-06-06 12:00:00,27.62,200.60,12.18,33.70,27.82,NA,NA,0.21,59.69,NA,NA,NA,NA,NA,NA,NA,NA,NA,NA,NA,0.00,NA,NA,NA
2025-06-06 13:00:00,17.99,182.99,11.39,30.19,25.32,NA,NA,0.25,63.08,NA,NA,NA,NA,NA,NA,NA,NA,NA,NA,NA,0.00,NA,NA,NA
2025-06-06 14:00:00,20.13,173.65,11.08,33.04,26.58,NA,NA,0.23,67.16,NA,NA,NA,NA,NA,NA,NA,NA,NA,NA,NA,0.00,NA,NA,NA
2025-06-06 15:00:00,34.93,220.58,14.44,42.70,34.46,NA,NA,0.12,83.45,NA,NA,NA,NA,NA,NA,NA,NA,NA,NA,NA,0.00,NA,NA,NA
2025-06-06 16:00:00,50.46,312.77,22.42,49.09,44.34,NA,NA,0.01,103.44,NA,NA,NA,NA,NA,NA,NA,NA,NA,NA,NA,0.00,NA,NA,NA
2025-06-06 17:00:00,52.71,309.15,23.80,41.00,41.16,NA,NA,NA,102.62,NA,NA,NA,NA,NA,NA,NA,NA,NA,NA,NA,0.00,NA,NA,NA
2025-06-06 18:00:00,36.10,221.16,13.92,31.66,28.16,NA,NA,0.12,80.35,NA,NA,NA,NA,NA,NA,NA,NA,NA,NA,NA,0.00,NA,NA,NA
2025-06-06 19:00:00,21.39,161.62,11.31,34.74,27.68,NA,NA,0.30,92.12,NA,NA,NA,NA,NA,NA,NA,NA,NA,NA,NA,0.00,NA,NA,NA
2025-06-06 20:00:00,42.78,232.17,11.79,41.28,31.55,NA,NA,0.43,68.81,NA,NA,NA,NA,NA,NA,NA,NA,NA,NA,NA,0.00,NA,NA,NA
2025-06-06 21:00:00,68.64,277.03,13.57,42.92,33.86,NA,NA,0.41,66.26,NA,NA,NA,NA,NA,NA,NA,NA,NA,NA,NA,0.00,NA,NA,NA
2025-06-06 22:00:00,61.38,291.21,11.91,38.24,30.02,NA,NA,0.43,55.07,NA,NA,NA,NA,NA,NA,NA,NA,NA,NA,NA,0.00,NA,NA,NA
2025-06-06 23:00:00,54.38,243.05,10.30,35.12,27.06,NA,NA,0.59,26.54,NA,NA,NA,NA,NA,NA,NA,NA,NA,NA,NA,0.00,NA,NA,NA
2025-06-07 00:00:00,55.83,217.18,9.10,36.72,26.93,NA,NA,0.72,12.57,NA,NA,NA,NA,NA,NA,NA,NA,NA,NA,NA,0.00,NA,NA,NA
2025-06-07 01:00:00,56.51,241.23,9.24,36.76,27.07,NA,NA,0.68,20.00,NA,NA,NA,NA,NA,NA,NA,NA,NA,NA,NA,0.00,NA,NA,NA
2025-06-07 02:00:00,79.08,284.51,10.23,39.09,29.11,NA,NA,0.68,13.25,NA,NA,NA,NA,NA,NA,NA,NA,NA,NA,NA,0.00,NA,NA,NA
2025-06-07 03:00:00,67.00,284.50,9.41,36.77,27.21,NA,NA,0.79,6.28,NA,NA,NA,NA,NA,NA,NA,NA,NA,NA,NA,0.00,NA,NA,NA
2025-06-07 04:00:00,52.12,232.03,8.26,31.61,23.53,NA,NA,0.87,7.04,NA,NA,NA,NA,NA,NA,NA,NA,NA,NA,NA,0.00,NA,NA,NA
2025-06-07 05:00:00,42.21,213.83,8.44,34.09,25.00,NA,NA,0.81,6.79,NA,NA,NA,NA,NA,NA,NA,NA,NA,NA,NA,0.00,NA,NA,NA
2025-06-07 06:00:00,22.25,143.58,9.69,38.14,28.16,NA,NA,0.64,9.84,NA,NA,NA,NA,NA,NA,NA,NA,NA,NA,NA,0.00,NA,NA,NA
2025-06-07 07:00:00,27.83,186.71,10.12,30.58,24.49,NA,NA,0.48,30.02,NA,NA,NA,NA,NA,NA,NA,NA,NA,NA,NA,0.00,NA,NA,NA
2025-06-07 08:00:00,14.34,177.91,9.06,20.71,18.38,NA,NA,0.48,44.19,NA,NA,NA,NA,NA,NA,NA,NA,NA,NA,NA,0.00,NA,NA,NA
2025-06-07 09:00:00,12.82,148.14,8.26,19.05,16.85,NA,NA,0.48,49.62,NA,NA,NA,NA,NA,NA,NA,NA,NA,NA,NA,0.00,NA,NA,NA
2025-06-07 10:00:00,22.30,163.70,8.43,22.36,18.75,NA,NA,0.40,65.08,NA,NA,NA,NA,NA,NA,NA,NA,NA,NA,NA,0.00,NA,NA,NA
2025-06-07 11:00:00,48.14,207.03,10.64,26.62,22.81,NA,NA,0.25,79.04,NA,NA,NA,NA,NA,NA,NA,NA,NA,NA,NA,0.00,NA,NA,NA
2025-06-07 12:00:00,59.72,224.54,16.49,30.42,29.59,NA,NA,0.12,93.95,NA,NA,NA,NA,NA,NA,NA,NA,NA,NA,NA,0.00,NA,NA,NA
2025-06-07 13:00:00,56.19,285.75,26.70,33.22,39.38,NA,NA,NA,111.61,NA,NA,NA,NA,NA,NA,NA,NA,NA,NA,NA,0.00,NA,NA,NA
2025-06-07 14:00:00,70.74,302.00,36.70,36.89,49.46,NA,NA,NA,137.52,NA,NA,NA,NA,NA,NA,NA,NA,NA,NA,NA,0.00,NA,NA,NA
2025-06-07 15:00:00,61.64,278.87,43.03,36.17,54.21,NA,NA,NA,152.88,NA,NA,NA,NA,NA,NA,NA,NA,NA,NA,NA,0.00,NA,NA,NA
2025-06-07 16:00:00,48.92,239.68,23.03,30.35,34.86,NA,NA,NA,153.54,NA,NA,NA,NA,NA,NA,NA,NA,NA,NA,NA,0.00,NA,NA,NA
2025-06-07 17:00:00,31.08,182.28,10.42,28.70,23.73,NA,NA,0.15,148.30,NA,NA,NA,NA,NA,NA,NA,NA,NA,NA,NA,0.00,NA,NA,NA
2025-06-07 18:00:00,35.63,195.72,10.06,31.68,25.02,NA,NA,0.18,127.27,NA,NA,NA,NA,NA,NA,NA,NA,NA,NA,NA,0.00,NA,NA,NA
2025-06-07 19:00:00,57.31,240.07,16.47,34.51,31.75,NA,NA,NA,97.51,NA,NA,NA,NA,NA,NA,NA,NA,NA,NA,NA,0.00,NA,NA,NA
2025-06-07 20:00:00,65.26,282.76,21.49,38.03,37.70,NA,NA,NA,85.43,NA,NA,NA,NA,NA,NA,NA,NA,NA,NA,NA,0.00,NA,NA,NA
2025-06-07 21:00:00,70.62,326.74,24.70,39.54,41.11,NA,NA,NA,74.51,NA,NA,NA,NA,NA,NA,NA,NA,NA,NA,NA,0.00,NA,NA,NA
2025-06-07 22:00:00,66.04,277.20,17.96,35.68,33.58,NA,NA,0.05,37.04,NA,NA,NA,NA,NA,NA,NA,NA,NA,NA,NA,0.00,NA,NA,NA
2025-06-07 23:00:00,51.10,249.99,8.20,39.37,27.60,NA,NA,0.49,20.42,NA,NA,NA,NA,NA,NA,NA,NA,NA,NA,NA,0.00,NA,NA,NA
2025-06-08 00:00:00,32.61,217.32,7.18,34.40,24.14,NA,NA,0.66,16.06,NA,NA,NA,NA,NA,NA,NA,NA,NA,NA,NA,0.00,NA,NA,NA
2025-06-08 01:00:00,48.01,203.34,9.02,32.95,24.86,NA,NA,0.56,19.36,NA,NA,NA,NA,NA,NA,NA,NA,NA,NA,NA,0.00,NA,NA,NA
2025-06-08 02:00:00,57.34,212.27,10.22,33.56,26.16,NA,NA,0.53,23.60,NA,NA,NA,NA,NA,NA,NA,NA,NA,NA,NA,0.00,NA,NA,NA
2025-06-08 03:00:00,56.48,220.96,8.96,32.08,24.35,NA,NA,0.62,25.63,NA,NA,NA,NA,NA,NA,NA,NA,NA,NA,NA,0.00,NA,NA,NA
2025-06-08 04:00:00,45.14,206.48,8.14,35.45,25.48,NA,NA,0.76,16.55,NA,NA,NA,NA,NA,NA,NA,NA,NA,NA,NA,0.00,NA,NA,NA
2025-06-08 05:00:00,33.54,173.09,7.54,30.31,22.25,NA,NA,0.79,18.81,NA,NA,NA,NA,NA,NA,NA,NA,NA,NA,NA,0.00,NA,NA,NA
2025-06-08 06:00:00,46.22,189.03,8.30,32.41,23.99,NA,NA,0.74,15.92,NA,NA,NA,NA,NA,NA,NA,NA,NA,NA,NA,0.00,NA,NA,NA
2025-06-08 07:00:00,50.96,217.24,8.80,25.81,20.88,NA,NA,0.61,38.81,NA,NA,NA,NA,NA,NA,NA,NA,NA,NA,NA,0.00,NA,NA,NA
2025-06-08 08:00:00,44.99,216.11,10.33,24.28,21.31,NA,NA,0.43,55.18,NA,NA,NA,NA,NA,NA,NA,NA,NA,NA,NA,0.00,NA,NA,NA
2025-06-08 09:00:00,52.48,227.41,12.05,23.11,22.09,NA,NA,0.21,63.93,NA,NA,NA,NA,NA,NA,NA,NA,NA,NA,NA,0.00,NA,NA,NA
2025-06-08 10:00:00,NA,NA,NA,NA,NA,NA,NA,NA,NA,NA,NA,NA,NA,NA,NA,NA,NA,NA,NA,NA,0.00,NA,NA,NA
2025-06-08 11:00:00,NA,NA,NA,NA,NA,NA,NA,NA,NA,NA,NA,NA,NA,NA,NA,NA,NA,NA,NA,NA,0.00,NA,NA,NA
2025-06-08 12:00:00,NA,NA,NA,NA,NA,NA,NA,NA,NA,NA,NA,NA,NA,NA,NA,NA,NA,NA,NA,NA,0.00,NA,NA,NA
2025-06-08 13:00:00,NA,NA,NA,NA,NA,NA,NA,NA,NA,NA,NA,NA,NA,NA,NA,NA,NA,NA,NA,NA,0.00,NA,NA,NA
2025-06-08 14:00:00,NA,NA,NA,NA,NA,NA,NA,NA,NA,NA,NA,NA,NA,NA,NA,NA,NA,NA,NA,NA,0.00,NA,NA,NA
2025-06-08 15:00:00,NA,NA,NA,NA,NA,NA,NA,NA,NA,NA,NA,NA,NA,NA,NA,NA,NA,NA,NA,NA,0.00,NA,NA,NA
2025-06-08 16:00:00,NA,NA,NA,NA,NA,NA,NA,NA,NA,NA,NA,NA,NA,NA,NA,NA,NA,NA,NA,NA,0.00,NA,NA,NA
2025-06-08 17:00:00,NA,NA,NA,NA,NA,NA,NA,NA,NA,NA,NA,NA,NA,NA,NA,NA,NA,NA,NA,NA,0.00,NA,NA,NA
2025-06-08 18:00:00,NA,NA,NA,NA,NA,NA,NA,NA,NA,NA,NA,NA,NA,NA,NA,NA,NA,NA,NA,NA,0.00,NA,NA,NA
2025-06-08 19:00:00,NA,NA,NA,NA,NA,NA,NA,NA,NA,NA,NA,NA,NA,NA,NA,NA,NA,NA,NA,NA,0.00,NA,NA,NA
2025-06-08 20:00:00,35.41,227.11,NA,0.91,NA,NA,NA,1.12,NA,NA,NA,NA,NA,NA,NA,NA,NA,NA,NA,NA,0.00,NA,NA,NA
2025-06-08 21:00:00,NA,114.51,102.05,34.33,101.08,NA,NA,0.57,29.82,NA,NA,NA,NA,NA,NA,NA,NA,NA,NA,NA,0.00,NA,NA,NA
2025-06-08 22:00:00,NA,152.71,40.25,42.62,55.40,NA,NA,NA,40.61,NA,NA,NA,NA,NA,NA,NA,NA,NA,NA,NA,0.00,NA,NA,NA
2025-06-08 23:00:00,NA,235.87,26.95,36.69,41.42,NA,NA,0.01,28.93,NA,NA,NA,NA,NA,NA,NA,NA,NA,NA,NA,0.00,NA,NA,NA
2025-06-09 00:00:00,NA,184.96,12.13,38.13,30.14,NA,NA,0.51,11.02,NA,NA,NA,NA,NA,NA,NA,NA,NA,NA,NA,0.00,NA,NA,NA
2025-06-09 01:00:00,NA,180.75,9.83,42.53,30.61,NA,NA,0.78,15.50,NA,NA,NA,NA,NA,NA,NA,NA,NA,NA,NA,0.00,NA,NA,NA
2025-06-09 02:00:00,7.52,250.62,9.40,48.28,33.32,NA,NA,0.78,7.15,NA,NA,NA,NA,NA,NA,NA,NA,NA,NA,NA,0.00,NA,NA,NA
2025-06-09 03:00:00,24.93,255.00,9.37,43.52,30.77,NA,NA,0.63,13.23,NA,NA,NA,NA,NA,NA,NA,NA,NA,NA,NA,0.00,NA,NA,NA
2025-06-09 04:00:00,25.52,234.91,7.69,37.10,25.98,NA,NA,0.58,18.36,NA,NA,NA,NA,NA,NA,NA,NA,NA,NA,NA,0.00,NA,NA,NA
2025-06-09 05:00:00,11.82,183.70,6.72,30.81,21.85,NA,NA,0.60,9.43,NA,NA,NA,NA,NA,NA,NA,NA,NA,NA,NA,0.00,NA,NA,NA
2025-06-09 06:00:00,11.60,156.82,9.21,43.10,30.41,NA,NA,0.66,2.02,NA,NA,NA,NA,NA,NA,NA,NA,NA,NA,NA,0.00,NA,NA,NA
2025-06-09 07:00:00,21.78,246.33,7.42,42.31,28.54,NA,NA,0.57,19.19,NA,NA,NA,NA,NA,NA,NA,NA,NA,NA,NA,0.00,NA,NA,NA
2025-06-09 08:00:00,37.48,325.88,7.04,37.82,25.85,NA,NA,0.45,42.92,NA,NA,NA,NA,NA,NA,NA,NA,NA,NA,NA,0.00,NA,NA,NA
2025-06-09 09:00:00,40.12,378.48,6.20,30.54,21.28,NA,NA,0.37,63.36,NA,NA,NA,NA,NA,NA,NA,NA,NA,NA,NA,0.00,NA,NA,NA
2025-06-09 10:00:00,31.53,298.20,5.37,25.72,18.05,NA,NA,0.36,73.68,NA,NA,NA,NA,NA,NA,NA,NA,NA,NA,NA,0.00,NA,NA,NA
2025-06-09 11:00:00,19.92,269.48,5.58,28.06,19.47,NA,NA,0.26,66.44,NA,NA,NA,NA,NA,NA,NA,NA,NA,NA,NA,0.00,NA,NA,NA
2025-06-09 12:00:00,31.96,265.12,6.70,30.72,21.79,NA,NA,0.21,70.34,NA,NA,NA,NA,NA,NA,NA,NA,NA,NA,NA,0.00,NA,NA,NA
2025-06-09 13:00:00,55.38,321.67,8.74,24.50,20.13,NA,NA,0.29,91.57,NA,NA,NA,NA,NA,NA,NA,NA,NA,NA,NA,0.00,NA,NA,NA
2025-06-09 14:00:00,37.16,308.25,7.50,20.87,17.20,NA,NA,0.48,90.47,NA,NA,NA,NA,NA,NA,NA,NA,NA,NA,NA,0.00,NA,NA,NA
2025-06-09 15:00:00,24.94,251.72,6.25,19.20,15.29,NA,NA,0.60,70.99,NA,NA,NA,NA,NA,NA,NA,NA,NA,NA,NA,0.00,NA,NA,NA
2025-06-09 16:00:00,17.09,240.43,6.13,21.25,16.29,NA,NA,0.46,77.42,NA,NA,NA,NA,NA,NA,NA,NA,NA,NA,NA,0.00,NA,NA,NA
2025-06-09 17:00:00,47.33,292.32,12.78,24.45,23.40,NA,NA,0.14,86.54,NA,NA,NA,NA,NA,NA,NA,NA,NA,NA,NA,0.00,NA,NA,NA
2025-06-09 18:00:00,42.15,333.90,16.49,25.23,26.83,NA,NA,NA,82.58,NA,NA,NA,NA,NA,NA,NA,NA,NA,NA,NA,0.00,NA,NA,NA
2025-06-09 19:00:00,20.81,287.88,6.90,22.60,17.63,NA,NA,0.23,65.26,NA,NA,NA,NA,NA,NA,NA,NA,NA,NA,NA,0.00,NA,NA,NA
2025-06-09 20:00:00,3.70,220.27,5.38,22.93,16.57,NA,NA,0.64,56.02,NA,NA,NA,NA,NA,NA,NA,NA,NA,NA,NA,0.00,NA,NA,NA
2025-06-09 21:00:00,21.17,260.40,5.12,25.62,17.79,NA,NA,0.67,48.40,NA,NA,NA,NA,NA,NA,NA,NA,NA,NA,NA,0.00,NA,NA,NA
2025-06-09 22:00:00,41.37,370.69,6.34,45.26,29.23,NA,NA,0.55,22.85,NA,NA,NA,NA,NA,NA,NA,NA,NA,NA,NA,0.00,NA,NA,NA
2025-06-09 23:00:00,51.95,474.75,6.51,52.42,33.18,NA,NA,0.78,10.64,NA,NA,NA,NA,NA,NA,NA,NA,NA,NA,NA,0.00,NA,NA,NA
2025-06-10 00:00:00,55.43,439.55,6.07,50.35,31.72,NA,NA,1.11,4.19,NA,NA,NA,NA,NA,NA,NA,NA,NA,NA,NA,0.00,NA,NA,NA
2025-06-10 01:00:00,25.47,362.20,4.08,40.78,25.00,NA,NA,1.09,5.62,NA,NA,NA,NA,NA,NA,NA,NA,NA,NA,NA,0.00,NA,NA,NA
2025-06-10 02:00:00,31.52,321.53,4.04,35.80,22.33,NA,NA,1.02,8.78,NA,NA,NA,NA,NA,NA,NA,NA,NA,NA,NA,0.00,NA,NA,NA
2025-06-10 03:00:00,42.55,342.64,4.60,36.91,23.37,NA,NA,0.96,8.28,NA,NA,NA,NA,NA,NA,NA,NA,NA,NA,NA,0.00,NA,NA,NA
2025-06-10 04:00:00,37.38,317.63,5.43,36.17,23.66,NA,NA,1.00,7.50,NA,NA,NA,NA,NA,NA,NA,NA,NA,NA,NA,0.00,NA,NA,NA
2025-06-10 05:00:00,11.22,259.16,3.76,33.52,20.88,NA,NA,1.12,7.39,NA,NA,NA,NA,NA,NA,NA,NA,NA,NA,NA,0.00,NA,NA,NA
2025-06-10 06:00:00,15.65,184.60,3.58,26.30,16.89,NA,NA,1.16,11.95,NA,NA,NA,NA,NA,NA,NA,NA,NA,NA,NA,0.00,NA,NA,NA
2025-06-10 07:00:00,17.83,212.32,3.73,22.93,15.23,NA,NA,1.07,23.08,NA,NA,NA,NA,NA,NA,NA,NA,NA,NA,NA,0.00,NA,NA,NA
2025-06-10 08:00:00,42.43,284.04,5.15,28.03,19.10,NA,NA,0.97,30.23,NA,NA,NA,NA,NA,NA,NA,NA,NA,NA,NA,0.00,NA,NA,NA
2025-06-10 09:00:00,27.35,305.05,6.04,38.21,25.23,NA,NA,0.99,30.91,NA,NA,NA,NA,NA,NA,NA,NA,NA,NA,NA,0.00,NA,NA,NA
2025-06-10 10:00:00,26.82,272.90,4.66,33.76,21.74,NA,NA,1.02,41.00,NA,NA,NA,NA,NA,NA,NA,NA,NA,NA,NA,0.00,NA,NA,NA
2025-06-10 11:00:00,26.72,258.56,3.59,23.12,15.22,NA,NA,0.98,52.26,NA,NA,NA,NA,NA,NA,NA,NA,NA,NA,NA,0.00,NA,NA,NA
2025-06-10 12:00:00,39.00,275.51,4.68,22.08,15.55,NA,NA,0.80,59.35,NA,NA,NA,NA,NA,NA,NA,NA,NA,NA,NA,0.00,NA,NA,NA
2025-06-10 13:00:00,52.61,301.11,6.96,31.12,22.21,NA,NA,0.55,53.96,NA,NA,NA,NA,NA,NA,NA,NA,NA,NA,NA,0.00,NA,NA,NA
2025-06-10 14:00:00,29.25,265.36,5.83,25.28,18.19,NA,NA,0.73,50.93,NA,NA,NA,NA,NA,NA,NA,NA,NA,NA,NA,0.00,NA,NA,NA
2025-06-10 15:00:00,16.07,216.25,5.61,25.59,18.17,NA,NA,0.62,54.88,NA,NA,NA,NA,NA,NA,NA,NA,NA,NA,NA,0.00,NA,NA,NA
2025-06-10 16:00:00,39.69,249.16,11.80,21.98,21.29,NA,NA,0.16,72.94,NA,NA,NA,NA,NA,NA,NA,NA,NA,NA,NA,0.00,NA,NA,NA
2025-06-10 17:00:00,46.06,301.20,27.59,24.62,35.53,NA,NA,0.09,85.43,NA,NA,NA,NA,NA,NA,NA,NA,NA,NA,NA,0.00,NA,NA,NA
2025-06-10 18:00:00,52.87,315.14,43.19,29.50,50.81,NA,NA,0.11,83.94,NA,NA,NA,NA,NA,NA,NA,NA,NA,NA,NA,0.00,NA,NA,NA
2025-06-10 19:00:00,54.55,318.28,54.41,38.45,64.69,NA,NA,0.21,57.10,NA,NA,NA,NA,NA,NA,NA,NA,NA,NA,NA,0.00,NA,NA,NA
2025-06-10 20:00:00,50.12,303.95,57.84,41.44,69.06,NA,NA,0.26,38.53,NA,NA,NA,NA,NA,NA,NA,NA,NA,NA,NA,0.00,NA,NA,NA
2025-06-10 21:00:00,46.12,293.77,39.82,43.71,55.60,NA,NA,0.21,27.56,NA,NA,NA,NA,NA,NA,NA,NA,NA,NA,NA,0.00,NA,NA,NA
2025-06-10 22:00:00,24.50,239.29,9.02,45.62,31.59,NA,NA,0.31,12.82,NA,NA,NA,NA,NA,NA,NA,NA,NA,NA,NA,0.00,NA,NA,NA
2025-06-10 23:00:00,5.03,192.76,6.63,39.97,26.65,NA,NA,0.97,13.35,NA,NA,NA,NA,NA,NA,NA,NA,NA,NA,NA,0.00,NA,NA,NA
2025-06-11 00:00:00,21.50,265.29,14.98,51.54,39.59,NA,NA,1.12,6.96,NA,NA,NA,NA,NA,NA,NA,NA,NA,NA,NA,0.00,NA,NA,NA
2025-06-11 01:00:00,38.69,281.85,4.91,35.97,23.13,NA,NA,0.90,15.48,NA,NA,NA,NA,NA,NA,NA,NA,NA,NA,NA,0.00,NA,NA,NA
2025-06-11 02:00:00,23.69,218.25,5.06,28.30,19.16,NA,NA,1.08,24.17,NA,NA,NA,NA,NA,NA,NA,NA,NA,NA,NA,0.00,NA,NA,NA
2025-06-11 03:00:00,23.88,200.61,4.59,30.65,20.03,NA,NA,1.58,12.88,NA,NA,NA,NA,NA,NA,NA,NA,NA,NA,NA,0.00,NA,NA,NA
2025-06-11 04:00:00,47.03,236.86,6.65,36.94,25.06,NA,NA,1.84,3.40,NA,NA,NA,NA,NA,NA,NA,NA,NA,NA,NA,0.00,NA,NA,NA
2025-06-11 05:00:00,75.85,341.34,19.37,55.60,45.32,NA,NA,1.90,5.38,NA,NA,NA,NA,NA,NA,NA,NA,NA,NA,NA,0.00,NA,NA,NA
2025-06-11 06:00:00,88.76,490.50,28.27,65.47,57.81,NA,NA,2.01,8.16,NA,NA,NA,NA,NA,NA,NA,NA,NA,NA,NA,0.00,NA,NA,NA
2025-06-11 07:00:00,52.03,480.09,5.46,38.14,24.72,NA,NA,1.69,20.41,NA,NA,NA,NA,NA,NA,NA,NA,NA,NA,NA,0.00,NA,NA,NA
2025-06-11 08:00:00,11.12,230.12,3.58,23.21,15.25,NA,NA,1.58,27.98,NA,NA,NA,NA,NA,NA,NA,NA,NA,NA,NA,0.00,NA,NA,NA
2025-06-11 09:00:00,9.96,240.03,3.59,21.60,14.41,NA,NA,1.56,31.04,NA,NA,NA,NA,NA,NA,NA,NA,NA,NA,NA,0.00,NA,NA,NA
2025-06-11 10:00:00,30.56,276.23,4.45,22.67,15.68,NA,NA,1.38,44.01,NA,NA,NA,NA,NA,NA,NA,NA,NA,NA,NA,0.00,NA,NA,NA
2025-06-11 11:00:00,52.20,395.94,5.67,21.40,15.99,NA,NA,1.21,58.69,NA,NA,NA,NA,NA,NA,NA,NA,NA,NA,NA,0.00,NA,NA,NA
2025-06-11 12:00:00,36.55,377.82,12.50,21.06,21.36,NA,NA,1.36,77.11,NA,NA,NA,NA,NA,NA,NA,NA,NA,NA,NA,0.00,NA,NA,NA
2025-06-11 13:00:00,30.76,292.32,11.94,22.72,21.78,NA,NA,1.49,93.75,NA,NA,NA,NA,NA,NA,NA,NA,NA,NA,NA,0.00,NA,NA,NA
2025-06-11 14:00:00,30.01,279.29,9.36,20.20,18.36,NA,NA,1.43,92.03,NA,NA,NA,NA,NA,NA,NA,NA,NA,NA,NA,0.00,NA,NA,NA
2025-06-11 15:00:00,57.81,320.48,14.09,20.73,22.48,NA,NA,0.97,95.95,NA,NA,NA,NA,NA,NA,NA,NA,NA,NA,NA,0.00,NA,NA,NA
2025-06-11 16:00:00,64.02,362.54,18.20,21.28,26.11,NA,NA,0.53,112.62,NA,NA,NA,NA,NA,NA,NA,NA,NA,NA,NA,0.00,NA,NA,NA
2025-06-11 17:00:00,42.02,317.64,9.01,20.89,18.43,NA,NA,0.94,99.14,NA,NA,NA,NA,NA,NA,NA,NA,NA,NA,NA,0.00,NA,NA,NA
2025-06-11 18:00:00,25.90,279.97,5.36,23.72,16.98,NA,NA,1.57,123.64,NA,NA,NA,NA,NA,NA,NA,NA,NA,NA,NA,0.00,NA,NA,NA
2025-06-11 19:00:00,56.08,327.22,5.39,28.12,19.34,NA,NA,1.61,112.19,NA,NA,NA,NA,NA,NA,NA,NA,NA,NA,NA,0.00,NA,NA,NA
2025-06-11 20:00:00,76.41,374.26,11.68,32.48,26.77,NA,NA,1.18,96.92,NA,NA,NA,NA,NA,NA,NA,NA,NA,NA,NA,0.00,NA,NA,NA
2025-06-11 21:00:00,70.87,376.96,14.79,28.06,26.94,NA,NA,1.34,89.90,NA,NA,NA,NA,NA,NA,NA,NA,NA,NA,NA,0.00,NA,NA,NA
2025-06-11 22:00:00,62.08,239.32,8.40,24.72,19.98,NA,NA,2.11,81.03,NA,NA,NA,NA,NA,NA,NA,NA,NA,NA,NA,0.00,NA,NA,NA
2025-06-11 23:00:00,45.04,200.28,5.65,23.32,17.00,NA,NA,2.32,68.84,NA,NA,NA,NA,NA,NA,NA,NA,NA,NA,NA,0.00,NA,NA,NA
2025-06-12 00:00:00,32.59,186.14,5.82,24.99,18.02,NA,NA,2.28,61.63,NA,NA,NA,NA,NA,NA,NA,NA,NA,NA,NA,0.00,NA,NA,NA
2025-06-12 01:00:00,59.60,209.64,24.16,25.35,33.12,NA,NA,2.17,55.26,NA,NA,NA,NA,NA,NA,NA,NA,NA,NA,NA,0.00,NA,NA,NA
2025-06-12 02:00:00,64.67,249.35,12.16,24.00,22.65,NA,NA,2.34,34.49,NA,NA,NA,NA,NA,NA,NA,NA,NA,NA,NA,0.00,NA,NA,NA
2025-06-12 03:00:00,45.95,196.07,8.48,21.82,18.51,NA,NA,2.54,26.34,NA,NA,NA,NA,NA,NA,NA,NA,NA,NA,NA,0.00,NA,NA,NA
2025-06-12 04:00:00,51.17,166.46,6.94,21.86,17.27,NA,NA,2.72,22.05,NA,NA,NA,NA,NA,NA,NA,NA,NA,NA,NA,0.00,NA,NA,NA
2025-06-12 05:00:00,57.06,200.72,7.55,27.70,20.86,NA,NA,2.74,12.12,NA,NA,NA,NA,NA,NA,NA,NA,NA,NA,NA,0.00,NA,NA,NA
2025-06-12 06:00:00,68.66,228.28,9.72,28.30,22.95,NA,NA,2.69,15.14,NA,NA,NA,NA,NA,NA,NA,NA,NA,NA,NA,0.00,NA,NA,NA
2025-06-12 07:00:00,70.49,268.70,13.07,26.04,24.48,NA,NA,2.60,27.81,NA,NA,NA,NA,NA,NA,NA,NA,NA,NA,NA,0.00,NA,NA,NA
2025-06-12 08:00:00,73.78,284.79,20.77,26.41,30.94,NA,NA,2.23,46.68,NA,NA,NA,NA,NA,NA,NA,NA,NA,NA,NA,0.00,NA,NA,NA
2025-06-12 09:00:00,80.08,306.60,19.02,24.79,28.64,NA,NA,2.13,66.46,NA,NA,NA,NA,NA,NA,NA,NA,NA,NA,NA,0.00,NA,NA,NA
2025-06-12 10:00:00,69.89,298.58,10.82,22.44,20.73,NA,NA,2.68,73.76,NA,NA,NA,NA,NA,NA,NA,NA,NA,NA,NA,0.00,NA,NA,NA
2025-06-12 11:00:00,52.99,252.78,19.71,24.38,29.00,NA,NA,2.75,83.93,NA,NA,NA,NA,NA,NA,NA,NA,NA,NA,NA,0.00,NA,NA,NA
2025-06-12 12:00:00,58.26,262.71,21.92,22.55,29.82,NA,NA,2.47,95.02,NA,NA,NA,NA,NA,NA,NA,NA,NA,NA,NA,0.00,NA,NA,NA
2025-06-12 13:00:00,72.19,322.37,35.88,23.04,41.43,NA,NA,1.64,102.31,NA,NA,NA,NA,NA,NA,NA,NA,NA,NA,NA,0.00,NA,NA,NA
2025-06-12 14:00:00,61.97,304.03,27.22,19.20,32.35,NA,NA,1.24,99.50,NA,NA,NA,NA,NA,NA,NA,NA,NA,NA,NA,0.00,NA,NA,NA
2025-06-12 15:00:00,46.20,268.52,23.69,14.60,27.03,NA,NA,0.96,101.12,NA,NA,NA,NA,NA,NA,NA,NA,NA,NA,NA,0.00,NA,NA,NA
2025-06-12 16:00:00,33.98,262.56,27.42,16.78,31.22,NA,NA,0.80,117.60,NA,NA,NA,NA,NA,NA,NA,NA,NA,NA,NA,0.00,NA,NA,NA
2025-06-12 17:00:00,59.67,274.02,32.23,18.18,35.88,NA,NA,0.72,129.43,NA,NA,NA,NA,NA,NA,NA,NA,NA,NA,NA,0.00,NA,NA,NA
2025-06-12 18:00:00,47.82,251.31,18.16,21.50,26.20,NA,NA,1.05,123.38,NA,NA,NA,NA,NA,NA,NA,NA,NA,NA,NA,0.00,NA,NA,NA
2025-06-12 19:00:00,44.99,221.13,19.66,20.56,26.92,NA,NA,1.88,107.54,NA,NA,NA,NA,NA,NA,NA,NA,NA,NA,NA,0.00,NA,NA,NA
2025-06-12 20:00:00,35.44,186.16,10.24,21.51,19.76,NA,NA,2.30,88.22,NA,NA,NA,NA,NA,NA,NA,NA,NA,NA,NA,0.00,NA,NA,NA
2025-06-12 21:00:00,51.38,203.08,8.49,22.39,18.80,NA,NA,2.55,68.57,NA,NA,NA,NA,NA,NA,NA,NA,NA,NA,NA,0.00,NA,NA,NA
2025-06-12 22:00:00,57.62,222.38,6.17,20.52,15.94,NA,NA,2.72,60.77,NA,NA,NA,NA,NA,NA,NA,NA,NA,NA,NA,0.00,NA,NA,NA
2025-06-12 23:00:00,53.55,230.91,4.68,18.88,13.84,NA,NA,2.78,78.59,NA,NA,NA,NA,NA,NA,NA,NA,NA,NA,NA,0.00,NA,NA,NA
2025-06-13 00:00:00,33.20,235.46,3.52,16.40,11.58,NA,NA,2.82,87.52,NA,NA,NA,NA,NA,NA,NA,NA,NA,NA,NA,0.00,NA,NA,NA
2025-06-13 01:00:00,54.44,209.25,2.90,13.85,9.73,NA,NA,2.85,83.68,NA,NA,NA,NA,NA,NA,NA,NA,NA,NA,NA,0.00,NA,NA,NA
2025-06-13 02:00:00,58.70,190.67,2.65,12.72,8.92,NA,NA,2.77,86.56,NA,NA,NA,NA,NA,NA,NA,NA,NA,NA,NA,0.00,NA,NA,NA
2025-06-13 03:00:00,66.66,219.38,2.36,12.40,8.51,NA,NA,2.75,84.14,NA,NA,NA,NA,NA,NA,NA,NA,NA,NA,NA,0.00,NA,NA,NA
2025-06-13 04:00:00,52.61,214.27,2.05,12.06,8.08,NA,NA,2.74,86.29,NA,NA,NA,NA,NA,NA,NA,NA,NA,NA,NA,0.00,NA,NA,NA
2025-06-13 05:00:00,60.84,218.28,1.76,12.75,8.22,NA,NA,2.76,85.25,NA,NA,NA,NA,NA,NA,NA,NA,NA,NA,NA,0.00,NA,NA,NA
2025-06-13 06:00:00,55.89,202.08,1.75,13.87,8.80,NA,NA,2.68,84.32,NA,NA,NA,NA,NA,NA,NA,NA,NA,NA,NA,0.00,NA,NA,NA
2025-06-13 07:00:00,43.07,202.07,1.58,13.98,8.72,NA,NA,2.70,94.58,NA,NA,NA,NA,NA,NA,NA,NA,NA,NA,NA,0.00,NA,NA,NA
2025-06-13 08:00:00,53.67,244.09,1.79,14.46,9.14,NA,NA,2.66,95.61,NA,NA,NA,NA,NA,NA,NA,NA,NA,NA,NA,0.00,NA,NA,NA
2025-06-13 09:00:00,62.73,242.82,1.44,12.50,7.82,NA,NA,2.62,110.62,NA,NA,NA,NA,NA,NA,NA,NA,NA,NA,NA,0.00,NA,NA,NA
2025-06-13 10:00:00,44.30,214.04,1.44,11.86,7.48,NA,NA,2.61,105.97,NA,NA,NA,NA,NA,NA,NA,NA,NA,NA,NA,0.00,NA,NA,NA
2025-06-13 11:00:00,45.49,215.68,2.14,12.41,8.34,NA,NA,2.58,109.15,NA,NA,NA,NA,NA,NA,NA,NA,NA,NA,NA,0.00,NA,NA,NA
2025-06-13 12:00:00,49.70,230.37,2.64,13.25,9.19,NA,NA,2.55,128.96,NA,NA,NA,NA,NA,NA,NA,NA,NA,NA,NA,0.00,NA,NA,NA
2025-06-13 13:00:00,53.56,411.25,3.06,13.70,9.78,NA,NA,2.53,147.58,NA,NA,NA,NA,NA,NA,NA,NA,NA,NA,NA,0.00,NA,NA,NA
2025-06-13 14:00:00,54.15,448.57,3.31,13.10,9.66,NA,NA,2.44,120.52,NA,NA,NA,NA,NA,NA,NA,NA,NA,NA,NA,0.00,NA,NA,NA
2025-06-13 15:00:00,31.14,276.77,3.04,12.38,9.06,NA,NA,2.32,112.78,NA,NA,NA,NA,NA,NA,NA,NA,NA,NA,NA,0.00,NA,NA,NA
2025-06-13 16:00:00,36.00,202.06,2.64,12.08,8.57,NA,NA,2.28,115.22,NA,NA,NA,NA,NA,NA,NA,NA,NA,NA,NA,0.00,NA,NA,NA
2025-06-13 17:00:00,32.26,164.82,2.34,11.26,7.89,NA,NA,2.26,116.16,NA,NA,NA,NA,NA,NA,NA,NA,NA,NA,NA,0.00,NA,NA,NA
2025-06-13 18:00:00,29.62,135.90,1.92,11.15,7.48,NA,NA,2.27,108.62,NA,NA,NA,NA,NA,NA,NA,NA,NA,NA,NA,0.00,NA,NA,NA
2025-06-13 19:00:00,25.61,123.77,1.54,10.68,6.94,NA,NA,2.28,105.32,NA,NA,NA,NA,NA,NA,NA,NA,NA,NA,NA,0.00,NA,NA,NA
2025-06-13 20:00:00,28.44,104.03,1.54,12.98,8.15,NA,NA,2.35,98.22,NA,NA,NA,NA,NA,NA,NA,NA,NA,NA,NA,0.00,NA,NA,NA
2025-06-13 21:00:00,35.00,135.94,1.58,14.15,8.81,NA,NA,2.42,93.43,NA,NA,NA,NA,NA,NA,NA,NA,NA,NA,NA,0.00,NA,NA,NA
2025-06-13 22:00:00,43.70,170.86,1.56,14.23,8.84,NA,NA,2.47,88.60,NA,NA,NA,NA,NA,NA,NA,NA,NA,NA,NA,0.00,NA,NA,NA
2025-06-13 23:00:00,50.16,197.71,1.54,14.70,9.07,NA,NA,2.48,80.49,NA,NA,NA,NA,NA,NA,NA,NA,NA,NA,NA,0.00,NA,NA,NA
2025-06-14 00:00:00,51.22,182.23,1.47,15.73,9.56,NA,NA,2.51,60.61,NA,NA,NA,NA,NA,NA,NA,NA,NA,NA,NA,0.00,NA,NA,NA
2025-06-14 01:00:00,46.34,183.06,1.49,15.98,9.71,NA,NA,2.52,51.85,NA,NA,NA,NA,NA,NA,NA,NA,NA,NA,NA,0.00,NA,NA,NA
2025-06-14 02:00:00,53.21,188.25,1.33,15.69,9.43,NA,NA,2.55,56.97,NA,NA,NA,NA,NA,NA,NA,NA,NA,NA,NA,0.00,NA,NA,NA
2025-06-14 03:00:00,50.50,188.63,1.32,14.99,9.05,NA,NA,2.57,51.09,NA,NA,NA,NA,NA,NA,NA,NA,NA,NA,NA,0.00,NA,NA,NA
2025-06-14 04:00:00,50.08,171.75,1.20,15.35,9.14,NA,NA,2.57,44.19,NA,NA,NA,NA,NA,NA,NA,NA,NA,NA,NA,0.00,NA,NA,NA
2025-06-14 05:00:00,65.50,227.29,1.15,16.82,9.89,NA,NA,2.64,44.13,NA,NA,NA,NA,NA,NA,NA,NA,NA,NA,NA,0.00,NA,NA,NA
2025-06-14 06:00:00,53.96,224.94,0.96,14.96,8.74,NA,NA,2.59,59.71,NA,NA,NA,NA,NA,NA,NA,NA,NA,NA,NA,0.00,NA,NA,NA
2025-06-14 07:00:00,38.51,154.70,0.80,13.68,7.94,NA,NA,2.51,93.43,NA,NA,NA,NA,NA,NA,NA,NA,NA,NA,NA,0.00,NA,NA,NA
2025-06-14 08:00:00,35.92,138.59,0.52,12.72,7.19,NA,NA,2.48,99.14,NA,NA,NA,NA,NA,NA,NA,NA,NA,NA,NA,0.00,NA,NA,NA
2025-06-14 09:00:00,32.03,157.99,0.58,12.30,7.01,NA,NA,2.46,133.04,NA,NA,NA,NA,NA,NA,NA,NA,NA,NA,NA,0.00,NA,NA,NA
2025-06-14 10:00:00,29.31,164.01,32.36,17.75,35.77,NA,NA,2.43,104.43,NA,NA,NA,NA,NA,NA,NA,NA,NA,NA,NA,0.00,NA,NA,NA
2025-06-14 11:00:00,NA,NA,30.34,19.91,35.25,NA,NA,2.39,104.68,NA,NA,NA,NA,NA,NA,NA,NA,NA,NA,NA,0.00,NA,NA,NA
2025-06-14 12:00:00,NA,NA,23.33,26.10,32.84,NA,NA,2.28,97.54,NA,NA,NA,NA,NA,NA,NA,NA,NA,NA,NA,0.00,NA,NA,NA
2025-06-14 13:00:00,NA,264.86,17.06,16.74,22.78,NA,NA,2.14,97.32,NA,NA,NA,NA,NA,NA,NA,NA,NA,NA,NA,0.00,NA,NA,NA
2025-06-14 14:00:00,NA,239.86,13.76,14.62,18.96,NA,NA,2.09,102.58,NA,NA,NA,NA,NA,NA,NA,NA,NA,NA,NA,0.00,NA,NA,NA
2025-06-14 15:00:00,NA,218.80,NA,NA,NA,NA,NA,2.07,105.75,NA,NA,NA,NA,NA,NA,NA,NA,NA,NA,NA,0.00,NA,NA,NA
2025-06-14 16:00:00,25.05,244.52,NA,NA,NA,NA,NA,1.97,120.81,NA,NA,NA,NA,NA,NA,NA,NA,NA,NA,NA,0.00,NA,NA,NA
2025-06-14 17:00:00,42.07,271.17,NA,NA,NA,NA,NA,2.03,128.33,NA,NA,NA,NA,NA,NA,NA,NA,NA,NA,NA,0.00,NA,NA,NA
2025-06-14 18:00:00,33.70,235.86,26.63,19.04,31.76,NA,NA,2.15,119.60,NA,NA,NA,NA,NA,NA,NA,NA,NA,NA,NA,0.00,NA,NA,NA
2025-06-14 19:00:00,27.83,198.08,45.72,12.18,43.66,NA,NA,2.17,112.29,NA,NA,NA,NA,NA,NA,NA,NA,NA,NA,NA,0.00,NA,NA,NA
2025-06-14 20:00:00,36.94,200.65,39.14,18.52,41.66,NA,NA,2.35,128.21,NA,NA,NA,NA,NA,NA,NA,NA,NA,NA,NA,0.00,NA,NA,NA
2025-06-14 21:00:00,49.42,188.77,11.26,11.19,15.10,NA,NA,2.49,173.74,NA,NA,NA,NA,NA,NA,NA,NA,NA,NA,NA,0.00,NA,NA,NA
2025-06-14 22:00:00,45.88,214.82,5.78,9.85,9.93,NA,NA,2.58,204.26,NA,NA,NA,NA,NA,NA,NA,NA,NA,NA,NA,0.00,NA,NA,NA
2025-06-14 23:00:00,65.97,216.48,3.95,9.59,8.31,NA,NA,2.54,198.10,NA,NA,NA,NA,NA,NA,NA,NA,NA,NA,NA,0.00,NA,NA,NA
2025-06-15 00:00:00,55.15,201.18,6.28,8.51,9.63,NA,NA,2.53,230.70,NA,NA,NA,NA,NA,NA,NA,NA,NA,NA,NA,0.00,NA,NA,NA
2025-06-15 01:00:00,73.31,206.19,5.74,7.36,8.57,NA,NA,2.55,268.84,NA,NA,NA,NA,NA,NA,NA,NA,NA,NA,NA,0.00,NA,NA,NA
2025-06-15 02:00:00,81.89,241.34,5.08,7.19,7.93,NA,NA,2.56,311.06,NA,NA,NA,NA,NA,NA,NA,NA,NA,NA,NA,0.00,NA,NA,NA
2025-06-15 03:00:00,64.74,209.71,5.80,6.22,8.03,NA,NA,2.54,256.95,NA,NA,NA,NA,NA,NA,NA,NA,NA,NA,NA,0.00,NA,NA,NA
2025-06-15 04:00:00,51.02,175.59,7.27,4.71,8.42,NA,NA,2.22,181.06,NA,NA,NA,NA,NA,NA,NA,NA,NA,NA,NA,0.00,NA,NA,NA
2025-06-15 05:00:00,7.31,60.78,24.99,9.40,25.33,NA,NA,2.04,82.56,NA,NA,NA,NA,NA,NA,NA,NA,NA,NA,NA,0.00,NA,NA,NA
2025-06-15 06:00:00,19.53,56.56,46.23,13.09,44.56,NA,NA,1.94,54.30,NA,NA,NA,NA,NA,NA,NA,NA,NA,NA,NA,0.00,NA,NA,NA
2025-06-15 07:00:00,57.28,121.32,44.13,12.76,42.66,NA,NA,1.96,61.67,NA,NA,NA,NA,NA,NA,NA,NA,NA,NA,NA,0.00,NA,NA,NA
2025-06-15 08:00:00,60.45,170.79,27.48,10.19,27.76,NA,NA,2.07,88.70,NA,NA,NA,NA,NA,NA,NA,NA,NA,NA,NA,0.00,NA,NA,NA
2025-06-15 09:00:00,49.57,157.73,14.88,8.61,16.68,NA,NA,2.12,118.91,NA,NA,NA,NA,NA,NA,NA,NA,NA,NA,NA,0.00,NA,NA,NA
2025-06-15 10:00:00,35.90,156.64,12.96,9.59,15.63,NA,NA,2.13,192.96,NA,NA,NA,NA,NA,NA,NA,NA,NA,NA,NA,0.00,NA,NA,NA
2025-06-15 11:00:00,31.31,141.75,13.26,10.22,16.22,NA,NA,2.18,227.63,NA,NA,NA,NA,NA,NA,NA,NA,NA,NA,NA,0.00,NA,NA,NA
2025-06-15 12:00:00,33.66,145.23,13.86,10.26,16.72,NA,NA,2.19,253.81,NA,NA,NA,NA,NA,NA,NA,NA,NA,NA,NA,0.00,NA,NA,NA
2025-06-15 13:00:00,44.30,205.89,15.22,10.70,18.07,NA,NA,2.25,347.53,NA,NA,NA,NA,NA,NA,NA,NA,NA,NA,NA,0.00,NA,NA,NA
2025-06-15 14:00:00,38.95,386.77,25.56,9.83,26.01,NA,NA,2.12,394.87,NA,NA,NA,NA,NA,NA,NA,NA,NA,NA,NA,0.00,NA,NA,NA
2025-06-15 15:00:00,20.37,271.74,23.85,9.06,24.20,NA,NA,2.04,227.14,NA,NA,NA,NA,NA,NA,NA,NA,NA,NA,NA,0.00,NA,NA,NA
2025-06-15 16:00:00,20.98,137.42,22.19,7.44,22.00,NA,NA,2.00,229.77,NA,NA,NA,NA,NA,NA,NA,NA,NA,NA,NA,0.00,NA,NA,NA
2025-06-15 17:00:00,14.98,118.72,31.30,8.53,29.99,NA,NA,2.02,223.50,NA,NA,NA,NA,NA,NA,NA,NA,NA,NA,NA,0.00,NA,NA,NA
2025-06-15 18:00:00,27.57,133.69,40.54,10.44,38.52,NA,NA,2.02,193.06,NA,NA,NA,NA,NA,NA,NA,NA,NA,NA,NA,0.00,NA,NA,NA
2025-06-15 19:00:00,20.48,145.77,50.58,13.04,48.06,NA,NA,2.02,196.39,NA,NA,NA,NA,NA,NA,NA,NA,NA,NA,NA,0.00,NA,NA,NA
2025-06-15 20:00:00,32.00,129.28,58.44,15.90,55.97,NA,NA,2.02,148.90,NA,NA,NA,NA,NA,NA,NA,NA,NA,NA,NA,0.00,NA,NA,NA
2025-06-15 21:00:00,40.47,173.69,65.31,16.41,61.83,NA,NA,2.22,267.73,NA,NA,NA,NA,NA,NA,NA,NA,NA,NA,NA,0.00,NA,NA,NA
2025-06-15 22:00:00,47.30,262.87,73.03,16.90,68.36,NA,NA,2.32,265.08,NA,NA,NA,NA,NA,NA,NA,NA,NA,NA,NA,0.00,NA,NA,NA
2025-06-15 23:00:00,44.54,231.92,80.38,17.19,74.50,NA,NA,2.38,158.47,NA,NA,NA,NA,NA,NA,NA,NA,NA,NA,NA,0.00,NA,NA,NA
2025-06-16 00:00:00,30.83,183.61,85.82,15.21,77.87,NA,NA,2.23,158.33,NA,NA,NA,NA,NA,NA,NA,NA,NA,NA,NA,0.00,NA,NA,NA
2025-06-16 01:00:00,41.10,124.86,90.02,14.02,80.64,NA,NA,2.22,208.64,NA,NA,NA,NA,NA,NA,NA,NA,NA,NA,NA,0.00,NA,NA,NA
2025-06-16 02:00:00,43.46,150.28,94.95,13.08,84.16,NA,NA,2.20,147.12,NA,NA,NA,NA,NA,NA,NA,NA,NA,NA,NA,0.00,NA,NA,NA
2025-06-16 03:00:00,45.92,144.52,99.24,11.93,87.04,NA,NA,2.23,208.58,NA,NA,NA,NA,NA,NA,NA,NA,NA,NA,NA,0.00,NA,NA,NA
2025-06-16 04:00:00,41.94,105.53,105.38,11.05,91.56,NA,NA,2.22,170.65,NA,NA,NA,NA,NA,NA,NA,NA,NA,NA,NA,0.00,NA,NA,NA
2025-06-16 05:00:00,42.44,84.34,112.37,10.64,97.02,NA,NA,2.22,115.50,NA,NA,NA,NA,NA,NA,NA,NA,NA,NA,NA,0.00,NA,NA,NA
2025-06-16 06:00:00,32.06,105.62,113.83,11.44,98.63,NA,NA,2.19,167.80,NA,NA,NA,NA,NA,NA,NA,NA,NA,NA,NA,0.00,NA,NA,NA
2025-06-16 07:00:00,40.68,133.88,117.50,10.02,100.86,NA,NA,2.30,155.38,NA,NA,NA,NA,NA,NA,NA,NA,NA,NA,NA,0.00,NA,NA,NA
2025-06-16 08:00:00,44.20,132.60,116.94,9.31,100.03,NA,NA,2.22,179.38,NA,NA,NA,NA,NA,NA,NA,NA,NA,NA,NA,0.00,NA,NA,NA
2025-06-16 09:00:00,35.76,107.84,118.14,9.18,100.93,NA,NA,2.14,236.00,NA,NA,NA,NA,NA,NA,NA,NA,NA,NA,NA,0.00,NA,NA,NA
2025-06-16 10:00:00,27.27,94.23,118.20,9.05,100.90,NA,NA,2.07,179.87,NA,NA,NA,NA,NA,NA,NA,NA,NA,NA,NA,0.00,NA,NA,NA
2025-06-16 11:00:00,37.74,182.85,NA,NA,NA,NA,NA,1.96,82.44,NA,NA,NA,NA,NA,NA,NA,NA,NA,NA,NA,0.00,NA,NA,NA
2025-06-16 12:00:00,17.95,245.98,NA,NA,NA,NA,NA,1.88,66.78,NA,NA,NA,NA,NA,NA,NA,NA,NA,NA,NA,0.00,NA,NA,NA
2025-06-16 13:00:00,30.75,117.48,NA,NA,NA,NA,NA,1.83,70.47,NA,NA,NA,NA,NA,NA,NA,NA,NA,NA,NA,0.00,NA,NA,NA
2025-06-16 14:00:00,28.93,100.26,12.54,14.14,17.71,NA,NA,1.83,79.47,NA,NA,NA,NA,NA,NA,NA,NA,NA,NA,NA,0.00,NA,NA,NA
2025-06-16 15:00:00,32.18,111.60,8.85,13.84,14.56,NA,NA,1.83,89.78,NA,NA,NA,NA,NA,NA,NA,NA,NA,NA,NA,0.00,NA,NA,NA
2025-06-16 16:00:00,42.16,126.50,18.85,16.87,24.30,NA,NA,1.86,84.48,NA,NA,NA,NA,NA,NA,NA,NA,NA,NA,NA,0.00,NA,NA,NA
2025-06-16 17:00:00,46.29,137.14,32.88,24.27,39.65,NA,NA,1.76,81.41,NA,NA,NA,NA,NA,NA,NA,NA,NA,NA,NA,0.00,NA,NA,NA
2025-06-16 18:00:00,40.37,147.05,40.57,35.94,52.10,NA,NA,1.65,73.80,NA,NA,NA,NA,NA,NA,NA,NA,NA,NA,NA,0.00,NA,NA,NA
2025-06-16 19:00:00,72.21,170.98,45.02,32.08,53.67,NA,NA,1.58,43.19,NA,NA,NA,NA,NA,NA,NA,NA,NA,NA,NA,0.00,NA,NA,NA
2025-06-16 20:00:00,87.26,185.06,48.21,33.56,57.05,NA,NA,1.39,33.42,NA,NA,NA,NA,NA,NA,NA,NA,NA,NA,NA,0.00,NA,NA,NA
2025-06-16 21:00:00,51.07,172.63,48.91,35.20,58.48,NA,NA,0.96,40.50,NA,NA,NA,NA,NA,NA,NA,NA,NA,NA,NA,0.00,NA,NA,NA
2025-06-16 22:00:00,41.38,161.12,46.04,34.43,55.74,NA,NA,0.95,37.70,NA,NA,NA,NA,NA,NA,NA,NA,NA,NA,NA,0.00,NA,NA,NA
2025-06-16 23:00:00,34.80,149.56,43.80,34.40,53.90,NA,NA,0.91,37.58,NA,NA,NA,NA,NA,NA,NA,NA,NA,NA,NA,0.00,NA,NA,NA
2025-06-17 00:00:00,20.74,127.69,41.76,33.29,51.66,NA,NA,0.78,36.50,NA,NA,NA,NA,NA,NA,NA,NA,NA,NA,NA,0.00,NA,NA,NA
2025-06-17 01:00:00,37.44,115.61,39.89,31.99,49.44,NA,NA,0.65,43.30,NA,NA,NA,NA,NA,NA,NA,NA,NA,NA,NA,0.00,NA,NA,NA
2025-06-17 02:00:00,34.89,84.56,38.39,30.16,47.26,NA,NA,0.53,49.10,NA,NA,NA,NA,NA,NA,NA,NA,NA,NA,NA,0.00,NA,NA,NA
2025-06-17 03:00:00,27.11,71.03,37.37,29.85,46.26,NA,NA,0.46,49.63,NA,NA,NA,NA,NA,NA,NA,NA,NA,NA,NA,0.00,NA,NA,NA
2025-06-17 04:00:00,20.15,70.06,36.55,29.67,45.50,NA,NA,0.41,45.13,NA,NA,NA,NA,NA,NA,NA,NA,NA,NA,NA,0.00,NA,NA,NA
2025-06-17 05:00:00,31.54,72.19,36.17,30.94,45.87,NA,NA,0.38,28.25,NA,NA,NA,NA,NA,NA,NA,NA,NA,NA,NA,0.00,NA,NA,NA
2025-06-17 06:00:00,29.21,84.04,38.47,34.55,49.65,NA,NA,0.35,16.06,NA,NA,NA,NA,NA,NA,NA,NA,NA,NA,NA,0.00,NA,NA,NA
2025-06-17 07:00:00,26.63,80.46,37.97,33.98,48.95,NA,NA,0.36,23.09,NA,NA,NA,NA,NA,NA,NA,NA,NA,NA,NA,0.00,NA,NA,NA
2025-06-17 08:00:00,34.10,110.10,42.46,33.56,52.38,NA,NA,0.34,27.40,NA,NA,NA,NA,NA,NA,NA,NA,NA,NA,NA,0.00,NA,NA,NA
2025-06-17 09:00:00,36.46,107.10,47.41,35.97,57.68,NA,NA,0.31,33.39,NA,NA,NA,NA,NA,NA,NA,NA,NA,NA,NA,0.00,NA,NA,NA
2025-06-17 10:00:00,40.32,129.77,53.28,36.84,62.92,NA,NA,0.31,48.44,NA,NA,NA,NA,NA,NA,NA,NA,NA,NA,NA,0.00,NA,NA,NA
2025-06-17 11:00:00,49.11,161.32,63.82,37.26,71.71,NA,NA,0.31,65.78,NA,NA,NA,NA,NA,NA,NA,NA,NA,NA,NA,0.00,NA,NA,NA
2025-06-17 12:00:00,46.88,164.63,79.62,37.16,84.50,NA,NA,0.31,83.51,NA,NA,NA,NA,NA,NA,NA,NA,NA,NA,NA,0.00,NA,NA,NA
2025-06-17 13:00:00,58.96,205.15,95.30,37.37,97.36,NA,NA,0.30,97.50,NA,NA,NA,NA,NA,NA,NA,NA,NA,NA,NA,0.00,NA,NA,NA
2025-06-17 14:00:00,58.41,221.19,106.22,36.22,105.63,NA,NA,0.20,82.89,NA,NA,NA,NA,NA,NA,NA,NA,NA,NA,NA,0.00,NA,NA,NA
2025-06-17 15:00:00,40.47,161.75,108.17,35.01,106.56,NA,NA,0.12,64.35,NA,NA,NA,NA,NA,NA,NA,NA,NA,NA,NA,0.00,NA,NA,NA
2025-06-17 16:00:00,16.58,29.56,90.64,33.34,91.42,NA,NA,0.01,49.53,NA,NA,NA,NA,NA,NA,NA,NA,NA,NA,NA,0.00,NA,NA,NA
2025-06-17 17:00:00,NA,0.29,76.12,33.94,79.94,NA,NA,0.00,35.51,NA,NA,NA,NA,NA,NA,NA,NA,NA,NA,NA,0.00,NA,NA,NA
2025-06-17 18:00:00,NA,NA,66.15,31.30,70.42,NA,NA,0.00,49.36,NA,NA,NA,NA,NA,NA,NA,NA,NA,NA,NA,0.00,NA,NA,NA
2025-06-17 19:00:00,NA,NA,56.41,31.16,62.43,NA,NA,0.00,30.40,NA,NA,NA,NA,NA,NA,NA,NA,NA,NA,NA,0.00,NA,NA,NA
2025-06-17 20:00:00,0.17,1.56,50.67,31.44,57.91,NA,NA,0.00,22.34,NA,NA,NA,NA,NA,NA,NA,NA,NA,NA,NA,0.00,NA,NA,NA
2025-06-17 21:00:00,1.51,14.78,49.96,31.43,57.33,NA,NA,0.00,17.53,NA,NA,NA,NA,NA,NA,NA,NA,NA,NA,NA,0.00,NA,NA,NA
2025-06-17 22:00:00,6.38,16.03,49.86,31.69,57.39,NA,NA,0.00,15.68,NA,NA,NA,NA,NA,NA,NA,NA,NA,NA,NA,0.00,NA,NA,NA
2025-06-17 23:00:00,7.54,37.05,49.16,34.50,58.31,NA,NA,0.00,10.29,NA,NA,NA,NA,NA,NA,NA,NA,NA,NA,NA,0.00,NA,NA,NA
2025-06-18 00:00:00,15.17,38.06,43.53,32.48,52.67,NA,NA,0.00,13.35,NA,NA,NA,NA,NA,NA,NA,NA,NA,NA,NA,0.00,NA,NA,NA
2025-06-18 01:00:00,4.43,44.07,37.85,34.02,48.87,NA,NA,0.02,7.09,NA,NA,NA,NA,NA,NA,NA,NA,NA,NA,NA,0.00,NA,NA,NA
2025-06-18 02:00:00,19.08,65.94,36.24,33.51,47.29,NA,NA,0.12,11.04,NA,NA,NA,NA,NA,NA,NA,NA,NA,NA,NA,0.00,NA,NA,NA
2025-06-18 03:00:00,9.87,51.84,36.12,33.56,47.22,NA,NA,0.16,10.61,NA,NA,NA,NA,NA,NA,NA,NA,NA,NA,NA,0.00,NA,NA,NA
2025-06-18 04:00:00,16.71,59.14,36.72,32.10,46.93,NA,NA,0.17,10.83,NA,NA,NA,NA,NA,NA,NA,NA,NA,NA,NA,0.00,NA,NA,NA
2025-06-18 05:00:00,6.91,28.60,38.72,31.41,48.19,NA,NA,0.18,12.01,NA,NA,NA,NA,NA,NA,NA,NA,NA,NA,NA,0.00,NA,NA,NA
2025-06-18 06:00:00,17.86,57.38,44.64,32.00,53.32,NA,NA,0.24,7.46,NA,NA,NA,NA,NA,NA,NA,NA,NA,NA,NA,0.00,NA,NA,NA
2025-06-18 07:00:00,27.60,87.18,44.70,31.89,53.30,NA,NA,0.32,5.70,NA,NA,NA,NA,NA,NA,NA,NA,NA,NA,NA,0.00,NA,NA,NA
2025-06-18 08:00:00,24.22,88.39,42.78,31.45,51.51,NA,NA,0.37,5.15,NA,NA,NA,NA,NA,NA,NA,NA,NA,NA,NA,0.00,NA,NA,NA
2025-06-18 09:00:00,25.58,80.86,47.20,30.79,54.76,NA,NA,0.44,5.48,NA,NA,NA,NA,NA,NA,NA,NA,NA,NA,NA,0.00,NA,NA,NA
2025-06-18 10:00:00,59.96,98.37,23.28,20.90,30.03,NA,NA,1.28,12.95,NA,NA,NA,NA,NA,NA,NA,NA,NA,NA,NA,0.00,NA,NA,NA
2025-06-18 11:00:00,4.43,6.42,12.19,19.74,20.40,NA,NA,2.03,27.13,NA,NA,NA,NA,NA,NA,NA,NA,NA,NA,NA,0.00,NA,NA,NA
2025-06-18 12:00:00,5.85,23.66,8.62,21.48,18.43,NA,NA,2.27,33.38,NA,NA,NA,NA,NA,NA,NA,NA,NA,NA,NA,0.00,NA,NA,NA
2025-06-18 13:00:00,22.46,60.99,9.23,28.98,22.92,NA,NA,2.19,44.04,NA,NA,NA,NA,NA,NA,NA,NA,NA,NA,NA,0.00,NA,NA,NA
2025-06-18 14:00:00,51.60,124.10,16.82,26.71,27.88,NA,NA,2.06,58.22,NA,NA,NA,NA,NA,NA,NA,NA,NA,NA,NA,0.00,NA,NA,NA
2025-06-18 15:00:00,57.04,144.04,15.22,3.50,14.24,NA,NA,2.22,64.04,NA,NA,NA,NA,NA,NA,NA,NA,NA,NA,NA,0.00,NA,NA,NA
2025-06-18 16:00:00,22.92,60.82,10.90,16.74,17.77,NA,NA,2.24,66.36,NA,NA,NA,NA,NA,NA,NA,NA,NA,NA,NA,0.00,NA,NA,NA
2025-06-18 17:00:00,13.58,39.67,4.35,15.75,11.91,NA,NA,0.55,70.34,NA,NA,NA,NA,NA,NA,NA,NA,NA,NA,NA,0.00,NA,NA,NA
2025-06-18 18:00:00,14.41,27.82,0.80,14.68,8.41,NA,NA,0.67,134.23,NA,NA,NA,NA,NA,NA,NA,NA,NA,NA,NA,0.00,NA,NA,NA
2025-06-18 19:00:00,10.02,18.36,NA,19.63,9.46,NA,NA,0.82,287.02,NA,NA,NA,NA,NA,NA,NA,NA,NA,NA,NA,0.00,NA,NA,NA
2025-06-18 20:00:00,14.98,54.02,2.95,15.56,10.67,NA,NA,0.90,382.81,NA,NA,NA,NA,NA,NA,NA,NA,NA,NA,NA,0.00,NA,NA,NA
2025-06-18 21:00:00,15.85,60.88,1.94,13.60,8.81,NA,NA,0.84,405.54,NA,NA,NA,NA,NA,NA,NA,NA,NA,NA,NA,0.00,NA,NA,NA
2025-06-18 22:00:00,1.71,NA,1.49,14.75,9.06,NA,NA,0.87,NA,NA,NA,NA,NA,NA,NA,NA,NA,NA,NA,NA,0.00,NA,NA,NA
2025-06-18 23:00:00,375.64,NA,1.42,13.17,8.16,NA,NA,0.85,NA,NA,NA,NA,NA,NA,NA,NA,NA,NA,NA,NA,0.00,NA,NA,NA
2025-06-19 00:00:00,NA,NA,1.12,13.51,8.10,NA,NA,0.84,NA,NA,NA,NA,NA,NA,NA,NA,NA,NA,NA,NA,0.00,NA,NA,NA
2025-06-19 01:00:00,10.93,66.24,0.98,14.68,8.60,NA,NA,0.93,NA,NA,NA,NA,NA,NA,NA,NA,NA,NA,NA,NA,0.00,NA,NA,NA
2025-06-19 02:00:00,62.82,114.74,0.84,14.05,8.15,NA,NA,1.10,NA,NA,NA,NA,NA,NA,NA,NA,NA,NA,NA,NA,0.00,NA,NA,NA
2025-06-19 03:00:00,13.34,156.09,1.71,13.43,8.54,NA,NA,1.15,264.40,NA,NA,NA,NA,NA,NA,NA,NA,NA,NA,NA,0.00,NA,NA,NA
2025-06-19 04:00:00,57.33,105.66,0.31,11.92,6.58,NA,NA,1.10,306.91,NA,NA,NA,NA,NA,NA,NA,NA,NA,NA,NA,0.00,NA,NA,NA
2025-06-19 05:00:00,27.92,97.92,0.19,11.40,6.16,NA,NA,1.10,NA,NA,NA,NA,NA,NA,NA,NA,NA,NA,NA,NA,0.00,NA,NA,NA
2025-06-19 06:00:00,20.44,65.48,0.24,10.45,5.75,NA,NA,1.08,NA,NA,NA,NA,NA,NA,NA,NA,NA,NA,NA,NA,0.00,NA,NA,NA
2025-06-19 07:00:00,20.53,65.55,0.26,10.88,6.00,NA,NA,1.10,328.82,NA,NA,NA,NA,NA,NA,NA,NA,NA,NA,NA,0.00,NA,NA,NA
2025-06-19 08:00:00,31.27,91.72,0.22,11.44,6.26,NA,NA,1.14,328.02,NA,NA,NA,NA,NA,NA,NA,NA,NA,NA,NA,0.00,NA,NA,NA
2025-06-19 09:00:00,31.51,79.51,0.20,10.61,5.80,NA,NA,1.06,179.27,NA,NA,NA,NA,NA,NA,NA,NA,NA,NA,NA,0.00,NA,NA,NA
2025-06-19 10:00:00,9.90,34.27,0.13,9.28,5.01,NA,NA,1.03,NA,NA,NA,NA,NA,NA,NA,NA,NA,NA,NA,NA,0.00,NA,NA,NA
2025-06-19 11:00:00,13.86,36.35,0.01,9.28,4.76,NA,NA,1.01,NA,NA,NA,NA,NA,NA,NA,NA,NA,NA,NA,NA,0.00,NA,NA,NA
2025-06-19 12:00:00,15.48,57.50,0.07,10.39,5.46,NA,NA,0.98,NA,NA,NA,NA,NA,NA,NA,NA,NA,NA,NA,NA,0.00,NA,NA,NA
2025-06-19 13:00:00,10.21,66.77,0.12,10.14,5.44,NA,NA,0.94,NA,NA,NA,NA,NA,NA,NA,NA,NA,NA,NA,NA,0.00,NA,NA,NA
2025-06-19 14:00:00,12.16,56.86,0.21,10.39,5.70,NA,NA,0.90,NA,NA,NA,NA,NA,NA,NA,NA,NA,NA,NA,NA,0.00,NA,NA,NA
2025-06-19 15:00:00,11.11,45.80,0.15,9.54,5.17,NA,NA,0.91,NA,NA,NA,NA,NA,NA,NA,NA,NA,NA,NA,NA,0.00,NA,NA,NA
2025-06-19 16:00:00,20.51,57.29,0.02,10.50,5.50,NA,NA,0.93,NA,NA,NA,NA,NA,NA,NA,NA,NA,NA,NA,NA,0.00,NA,NA,NA
2025-06-19 17:00:00,27.89,87.56,0.09,11.01,5.92,NA,NA,0.88,NA,NA,NA,NA,NA,NA,NA,NA,NA,NA,NA,NA,0.00,NA,NA,NA
2025-06-19 18:00:00,39.36,93.30,0.71,10.27,6.01,NA,NA,0.88,193.22,NA,NA,NA,NA,NA,NA,NA,NA,NA,NA,NA,0.00,NA,NA,NA
2025-06-19 19:00:00,36.80,112.34,3.04,10.19,7.90,NA,NA,0.90,NA,NA,NA,NA,NA,NA,NA,NA,NA,NA,NA,NA,0.00,NA,NA,NA
2025-06-19 20:00:00,31.58,101.73,3.13,10.71,8.24,NA,NA,0.96,NA,NA,NA,NA,NA,NA,NA,NA,NA,NA,NA,NA,0.00,NA,NA,NA
2025-06-19 21:00:00,34.31,108.86,3.02,10.00,7.77,NA,NA,0.96,NA,NA,NA,NA,NA,NA,NA,NA,NA,NA,NA,NA,0.00,NA,NA,NA
2025-06-19 22:00:00,41.13,108.45,2.87,8.12,6.64,NA,NA,0.97,NA,NA,NA,NA,NA,NA,NA,NA,NA,NA,NA,NA,0.00,NA,NA,NA
2025-06-19 23:00:00,39.20,100.59,2.78,10.03,7.60,NA,NA,1.01,NA,NA,NA,NA,NA,NA,NA,NA,NA,NA,NA,NA,0.00,NA,NA,NA
2025-06-20 00:00:00,32.84,90.45,2.74,9.23,7.13,NA,NA,1.01,NA,NA,NA,NA,NA,NA,NA,NA,NA,NA,NA,NA,0.00,NA,NA,NA
2025-06-20 01:00:00,59.13,102.75,2.78,7.72,6.37,NA,NA,1.01,NA,NA,NA,NA,NA,NA,NA,NA,NA,NA,NA,NA,0.00,NA,NA,NA
2025-06-20 02:00:00,29.74,31.29,2.66,7.43,6.11,NA,NA,1.03,NA,NA,NA,NA,NA,NA,NA,NA,NA,NA,NA,NA,0.00,NA,NA,NA
2025-06-20 03:00:00,24.20,46.61,2.73,7.21,6.05,NA,NA,1.02,NA,NA,NA,NA,NA,NA,NA,NA,NA,NA,NA,NA,0.00,NA,NA,NA
2025-06-20 04:00:00,10.86,52.60,2.68,8.33,6.61,NA,NA,1.01,NA,NA,NA,NA,NA,NA,NA,NA,NA,NA,NA,NA,0.00,NA,NA,NA
2025-06-20 05:00:00,5.78,45.30,2.68,7.41,6.12,NA,NA,1.00,NA,NA,NA,NA,NA,NA,NA,NA,NA,NA,NA,NA,0.00,NA,NA,NA
2025-06-20 06:00:00,18.65,78.08,2.99,8.16,6.78,NA,NA,1.05,NA,NA,NA,NA,NA,NA,NA,NA,NA,NA,NA,NA,0.00,NA,NA,NA
2025-06-20 07:00:00,14.98,49.40,2.82,7.72,6.40,NA,NA,0.99,NA,NA,NA,NA,NA,NA,NA,NA,NA,NA,NA,NA,0.00,NA,NA,NA
2025-06-20 08:00:00,7.07,34.94,2.80,7.37,6.20,NA,NA,0.96,NA,NA,NA,NA,NA,NA,NA,NA,NA,NA,NA,NA,0.00,NA,NA,NA
2025-06-20 09:00:00,23.78,67.03,3.12,7.78,6.67,NA,NA,1.04,NA,NA,NA,NA,NA,NA,NA,NA,NA,NA,NA,NA,0.00,NA,NA,NA
2025-06-20 10:00:00,19.04,84.32,5.59,8.21,8.91,NA,NA,1.00,NA,NA,NA,NA,NA,NA,NA,NA,NA,NA,NA,NA,0.00,NA,NA,NA
2025-06-20 11:00:00,36.10,88.79,7.87,5.41,9.28,NA,NA,0.84,53.47,NA,NA,NA,NA,NA,NA,NA,NA,NA,NA,NA,0.00,NA,NA,NA
2025-06-20 12:00:00,24.61,71.73,11.12,12.44,15.67,NA,NA,0.86,41.47,NA,NA,NA,NA,NA,NA,NA,NA,NA,NA,NA,0.00,NA,NA,NA
2025-06-20 13:00:00,17.68,70.19,9.64,17.87,17.34,NA,NA,0.80,36.26,NA,NA,NA,NA,NA,NA,NA,NA,NA,NA,NA,0.00,NA,NA,NA
2025-06-20 14:00:00,25.42,92.08,9.42,17.25,16.84,NA,NA,0.81,41.18,NA,NA,NA,NA,NA,NA,NA,NA,NA,NA,NA,0.00,NA,NA,NA
2025-06-20 15:00:00,22.14,66.06,8.64,16.02,15.55,NA,NA,0.80,45.92,NA,NA,NA,NA,NA,NA,NA,NA,NA,NA,NA,0.00,NA,NA,NA
2025-06-20 16:00:00,23.72,47.01,9.61,22.87,19.98,NA,NA,0.78,55.29,NA,NA,NA,NA,NA,NA,NA,NA,NA,NA,NA,0.00,NA,NA,NA
2025-06-20 17:00:00,24.09,67.05,9.42,22.36,19.54,NA,NA,0.48,56.16,NA,NA,NA,NA,NA,NA,NA,NA,NA,NA,NA,0.00,NA,NA,NA
2025-06-20 18:00:00,38.60,85.76,9.12,21.06,18.61,NA,NA,0.47,60.05,NA,NA,NA,NA,NA,NA,NA,NA,NA,NA,NA,0.00,NA,NA,NA
2025-06-20 19:00:00,23.05,82.05,7.75,20.49,17.20,NA,NA,0.47,53.14,NA,NA,NA,NA,NA,NA,NA,NA,NA,NA,NA,0.00,NA,NA,NA
2025-06-20 20:00:00,20.56,54.29,6.94,19.74,16.14,NA,NA,0.50,43.33,NA,NA,NA,NA,NA,NA,NA,NA,NA,NA,NA,0.00,NA,NA,NA
2025-06-20 21:00:00,26.91,55.64,5.92,19.22,15.03,NA,NA,0.52,36.59,NA,NA,NA,NA,NA,NA,NA,NA,NA,NA,NA,0.00,NA,NA,NA
2025-06-20 22:00:00,16.53,25.84,5.32,18.95,14.41,NA,NA,0.55,28.67,NA,NA,NA,NA,NA,NA,NA,NA,NA,NA,NA,0.00,NA,NA,NA
2025-06-20 23:00:00,19.35,27.40,4.72,18.09,13.46,NA,NA,0.55,20.31,NA,NA,NA,NA,NA,NA,NA,NA,NA,NA,NA,0.00,NA,NA,NA
2025-06-21 00:00:00,12.74,40.50,4.30,18.63,13.41,NA,NA,0.57,17.56,NA,NA,NA,NA,NA,NA,NA,NA,NA,NA,NA,0.00,NA,NA,NA
2025-06-21 01:00:00,23.97,48.63,4.46,19.20,13.84,NA,NA,0.57,20.81,NA,NA,NA,NA,NA,NA,NA,NA,NA,NA,NA,0.00,NA,NA,NA
2025-06-21 02:00:00,29.05,77.19,4.64,18.98,13.87,NA,NA,0.60,20.08,NA,NA,NA,NA,NA,NA,NA,NA,NA,NA,NA,0.00,NA,NA,NA
2025-06-21 03:00:00,23.39,47.91,4.55,19.74,14.20,NA,NA,0.58,22.16,NA,NA,NA,NA,NA,NA,NA,NA,NA,NA,NA,0.00,NA,NA,NA
2025-06-21 04:00:00,26.01,46.69,4.00,18.40,13.04,NA,NA,0.60,20.83,NA,NA,NA,NA,NA,NA,NA,NA,NA,NA,NA,0.00,NA,NA,NA
2025-06-21 05:00:00,18.28,59.84,4.04,17.79,12.74,NA,NA,0.59,18.26,NA,NA,NA,NA,NA,NA,NA,NA,NA,NA,NA,0.00,NA,NA,NA
2025-06-21 06:00:00,16.73,54.90,4.25,18.80,13.46,NA,NA,0.60,21.35,NA,NA,NA,NA,NA,NA,NA,NA,NA,NA,NA,0.00,NA,NA,NA
2025-06-21 07:00:00,19.92,76.57,4.50,18.70,13.60,NA,NA,0.59,25.12,NA,NA,NA,NA,NA,NA,NA,NA,NA,NA,NA,0.00,NA,NA,NA
2025-06-21 08:00:00,13.76,52.76,4.39,18.49,13.40,NA,NA,0.54,34.32,NA,NA,NA,NA,NA,NA,NA,NA,NA,NA,NA,0.00,NA,NA,NA
2025-06-21 09:00:00,25.38,83.16,4.24,18.68,13.38,NA,NA,0.54,49.30,NA,NA,NA,NA,NA,NA,NA,NA,NA,NA,NA,0.00,NA,NA,NA
2025-06-21 10:00:00,31.18,90.66,4.57,19.06,13.86,NA,NA,0.50,103.76,NA,NA,NA,NA,NA,NA,NA,NA,NA,NA,NA,0.00,NA,NA,NA
2025-06-21 11:00:00,18.92,89.23,5.04,19.89,14.68,NA,NA,0.47,64.37,NA,NA,NA,NA,NA,NA,NA,NA,NA,NA,NA,0.00,NA,NA,NA
2025-06-21 12:00:00,33.46,95.87,5.64,19.80,15.11,NA,NA,0.43,55.23,NA,NA,NA,NA,NA,NA,NA,NA,NA,NA,NA,0.00,NA,NA,NA
2025-06-21 13:00:00,25.14,90.54,5.54,19.57,14.91,NA,NA,0.40,57.95,NA,NA,NA,NA,NA,NA,NA,NA,NA,NA,NA,0.00,NA,NA,NA
2025-06-21 14:00:00,23.16,85.02,6.04,20.76,15.95,NA,NA,0.40,64.16,NA,NA,NA,NA,NA,NA,NA,NA,NA,NA,NA,0.00,NA,NA,NA
2025-06-21 15:00:00,20.09,68.92,5.97,20.68,15.85,NA,NA,0.38,59.49,NA,NA,NA,NA,NA,NA,NA,NA,NA,NA,NA,0.00,NA,NA,NA
2025-06-21 16:00:00,15.49,51.14,5.87,18.96,14.86,NA,NA,0.37,63.89,NA,NA,NA,NA,NA,NA,NA,NA,NA,NA,NA,0.00,NA,NA,NA
2025-06-21 17:00:00,15.18,102.65,5.90,18.58,14.68,NA,NA,0.38,62.58,NA,NA,NA,NA,NA,NA,NA,NA,NA,NA,NA,0.00,NA,NA,NA
2025-06-21 18:00:00,16.54,60.78,5.36,18.15,14.01,NA,NA,0.35,55.39,NA,NA,NA,NA,NA,NA,NA,NA,NA,NA,NA,0.00,NA,NA,NA
2025-06-21 19:00:00,8.14,30.09,4.99,18.22,13.75,NA,NA,0.35,56.43,NA,NA,NA,NA,NA,NA,NA,NA,NA,NA,NA,0.00,NA,NA,NA
2025-06-21 20:00:00,41.28,49.18,4.66,18.03,13.38,NA,NA,0.39,54.36,NA,NA,NA,NA,NA,NA,NA,NA,NA,NA,NA,0.00,NA,NA,NA
2025-06-21 21:00:00,25.79,58.00,4.42,21.19,14.87,NA,NA,0.44,40.84,NA,NA,NA,NA,NA,NA,NA,NA,NA,NA,NA,0.00,NA,NA,NA
2025-06-21 22:00:00,31.37,65.75,4.08,20.59,14.28,NA,NA,0.45,30.94,NA,NA,NA,NA,NA,NA,NA,NA,NA,NA,NA,0.00,NA,NA,NA
2025-06-21 23:00:00,28.00,64.88,3.86,18.43,12.94,NA,NA,0.47,32.98,NA,NA,NA,NA,NA,NA,NA,NA,NA,NA,NA,0.00,NA,NA,NA
2025-06-22 00:00:00,28.62,58.69,3.94,19.19,13.41,NA,NA,0.47,36.61,NA,NA,NA,NA,NA,NA,NA,NA,NA,NA,NA,0.00,NA,NA,NA
2025-06-22 01:00:00,28.03,90.18,4.04,19.38,13.60,NA,NA,0.50,41.43,NA,NA,NA,NA,NA,NA,NA,NA,NA,NA,NA,0.00,NA,NA,NA
2025-06-22 02:00:00,17.06,90.48,3.88,19.00,13.26,NA,NA,0.52,28.74,NA,NA,NA,NA,NA,NA,NA,NA,NA,NA,NA,0.00,NA,NA,NA
2025-06-22 03:00:00,36.73,81.76,3.58,18.46,12.73,NA,NA,0.50,29.97,NA,NA,NA,NA,NA,NA,NA,NA,NA,NA,NA,0.00,NA,NA,NA
2025-06-22 04:00:00,28.11,67.03,3.58,18.52,12.76,NA,NA,0.52,33.39,NA,NA,NA,NA,NA,NA,NA,NA,NA,NA,NA,0.00,NA,NA,NA
2025-06-22 05:00:00,25.74,82.80,4.36,21.00,14.72,NA,NA,0.49,27.05,NA,NA,NA,NA,NA,NA,NA,NA,NA,NA,NA,0.00,NA,NA,NA
2025-06-22 06:00:00,22.77,79.00,4.70,20.21,14.57,NA,NA,0.52,26.62,NA,NA,NA,NA,NA,NA,NA,NA,NA,NA,NA,0.00,NA,NA,NA
2025-06-22 07:00:00,21.92,48.24,4.40,19.57,13.98,NA,NA,0.49,65.59,NA,NA,NA,NA,NA,NA,NA,NA,NA,NA,NA,0.00,NA,NA,NA
2025-06-22 08:00:00,12.62,44.63,3.91,17.48,12.48,NA,NA,0.46,161.53,NA,NA,NA,NA,NA,NA,NA,NA,NA,NA,NA,0.00,NA,NA,NA
2025-06-22 09:00:00,11.68,58.94,3.75,17.20,12.20,NA,NA,0.41,221.51,NA,NA,NA,NA,NA,NA,NA,NA,NA,NA,NA,0.00,NA,NA,NA
2025-06-22 10:00:00,10.62,50.53,3.85,16.28,11.79,NA,NA,0.37,149.04,NA,NA,NA,NA,NA,NA,NA,NA,NA,NA,NA,0.00,NA,NA,NA
2025-06-22 11:00:00,15.95,45.53,3.97,16.25,11.87,NA,NA,0.37,124.58,NA,NA,NA,NA,NA,NA,NA,NA,NA,NA,NA,0.00,NA,NA,NA
2025-06-22 12:00:00,6.80,42.98,4.12,16.94,12.37,NA,NA,0.35,77.43,NA,NA,NA,NA,NA,NA,NA,NA,NA,NA,NA,0.00,NA,NA,NA
2025-06-22 13:00:00,28.58,71.20,4.28,17.11,12.59,NA,NA,0.32,62.64,NA,NA,NA,NA,NA,NA,NA,NA,NA,NA,NA,0.00,NA,NA,NA
2025-06-22 14:00:00,40.14,97.51,4.56,18.83,13.72,NA,NA,0.38,83.85,NA,NA,NA,NA,NA,NA,NA,NA,NA,NA,NA,0.00,NA,NA,NA
2025-06-22 15:00:00,28.96,123.52,4.70,19.73,14.31,NA,NA,0.40,101.74,NA,NA,NA,NA,NA,NA,NA,NA,NA,NA,NA,0.00,NA,NA,NA
2025-06-22 16:00:00,44.74,167.32,4.72,19.39,14.15,NA,NA,0.40,70.05,NA,NA,NA,NA,NA,NA,NA,NA,NA,NA,NA,0.00,NA,NA,NA
2025-06-22 17:00:00,39.04,125.00,4.70,19.96,14.44,NA,NA,0.40,71.01,NA,NA,NA,NA,NA,NA,NA,NA,NA,NA,NA,0.00,NA,NA,NA
2025-06-22 18:00:00,38.58,99.54,4.47,17.74,13.08,NA,NA,0.36,61.18,NA,NA,NA,NA,NA,NA,NA,NA,NA,NA,NA,0.00,NA,NA,NA
2025-06-22 19:00:00,34.19,101.88,4.42,17.10,12.68,NA,NA,0.37,66.00,NA,NA,NA,NA,NA,NA,NA,NA,NA,NA,NA,0.00,NA,NA,NA
2025-06-22 20:00:00,43.62,66.93,4.16,16.98,12.42,NA,NA,0.39,60.10,NA,NA,NA,NA,NA,NA,NA,NA,NA,NA,NA,0.00,NA,NA,NA
2025-06-22 21:00:00,38.83,105.72,4.02,17.60,12.63,NA,NA,0.46,49.80,NA,NA,NA,NA,NA,NA,NA,NA,NA,NA,NA,0.00,NA,NA,NA
2025-06-22 22:00:00,36.40,159.94,3.71,17.04,12.08,NA,NA,0.48,47.77,NA,NA,NA,NA,NA,NA,NA,NA,NA,NA,NA,0.00,NA,NA,NA
2025-06-22 23:00:00,51.41,111.65,3.54,16.37,11.59,NA,NA,0.48,39.90,NA,NA,NA,NA,NA,NA,NA,NA,NA,NA,NA,0.00,NA,NA,NA
2025-06-23 00:00:00,30.92,110.15,3.57,16.44,11.65,NA,NA,0.45,95.73,NA,NA,NA,NA,NA,NA,NA,NA,NA,NA,NA,0.00,NA,NA,NA
2025-06-23 01:00:00,36.44,101.31,3.95,16.05,11.74,NA,NA,0.45,47.72,NA,NA,NA,NA,NA,NA,NA,NA,NA,NA,NA,0.00,NA,NA,NA
2025-06-23 02:00:00,54.02,106.28,3.96,15.84,11.64,NA,NA,0.45,36.98,NA,NA,NA,NA,NA,NA,NA,NA,NA,NA,NA,0.00,NA,NA,NA
2025-06-23 03:00:00,45.63,107.88,3.70,15.34,11.16,NA,NA,0.49,61.55,NA,NA,NA,NA,NA,NA,NA,NA,NA,NA,NA,0.00,NA,NA,NA
2025-06-23 04:00:00,27.88,108.09,3.52,15.80,11.26,NA,NA,0.49,36.32,NA,NA,NA,NA,NA,NA,NA,NA,NA,NA,NA,0.00,NA,NA,NA
2025-06-23 05:00:00,41.57,126.15,3.89,16.73,12.06,NA,NA,0.49,188.16,NA,NA,NA,NA,NA,NA,NA,NA,NA,NA,NA,0.00,NA,NA,NA
2025-06-23 06:00:00,42.46,172.70,4.39,16.44,12.32,NA,NA,0.52,164.71,NA,NA,NA,NA,NA,NA,NA,NA,NA,NA,NA,0.00,NA,NA,NA
2025-06-23 07:00:00,37.85,161.90,4.48,16.60,12.48,NA,NA,0.52,107.30,NA,NA,NA,NA,NA,NA,NA,NA,NA,NA,NA,0.00,NA,NA,NA
2025-06-23 08:00:00,38.42,128.18,4.13,16.98,12.39,NA,NA,0.50,93.19,NA,NA,NA,NA,NA,NA,NA,NA,NA,NA,NA,0.00,NA,NA,NA
2025-06-23 09:00:00,33.10,104.62,4.04,16.87,12.26,NA,NA,0.47,69.04,NA,NA,NA,NA,NA,NA,NA,NA,NA,NA,NA,0.00,NA,NA,NA
2025-06-23 10:00:00,40.76,132.76,4.23,16.27,12.10,NA,NA,0.51,192.99,NA,NA,NA,NA,NA,NA,NA,NA,NA,NA,NA,0.00,NA,NA,NA
2025-06-23 11:00:00,45.07,134.75,4.72,15.58,12.13,NA,NA,0.49,NA,NA,NA,NA,NA,NA,NA,NA,NA,NA,NA,NA,0.00,NA,NA,NA
2025-06-23 12:00:00,49.08,139.45,5.28,15.24,12.41,NA,NA,0.47,30.04,NA,NA,NA,NA,NA,NA,NA,NA,NA,NA,NA,0.00,NA,NA,NA
2025-06-23 13:00:00,61.93,160.17,5.15,15.89,12.64,NA,NA,0.45,44.54,NA,NA,NA,NA,NA,NA,NA,NA,NA,NA,NA,0.00,NA,NA,NA
2025-06-23 14:00:00,35.76,114.26,5.17,16.45,12.95,NA,NA,0.43,57.50,NA,NA,NA,NA,NA,NA,NA,NA,NA,NA,NA,0.00,NA,NA,NA
2025-06-23 15:00:00,40.10,151.96,5.32,16.93,13.34,NA,NA,0.43,68.66,NA,NA,NA,NA,NA,NA,NA,NA,NA,NA,NA,0.00,NA,NA,NA
2025-06-23 16:00:00,38.74,114.96,5.22,17.09,13.34,NA,NA,0.39,55.94,NA,NA,NA,NA,NA,NA,NA,NA,NA,NA,NA,0.00,NA,NA,NA
2025-06-23 17:00:00,36.91,94.32,5.11,16.56,12.96,NA,NA,0.39,57.86,NA,NA,NA,NA,NA,NA,NA,NA,NA,NA,NA,0.00,NA,NA,NA
2025-06-23 18:00:00,35.89,76.50,4.80,15.82,12.32,NA,NA,0.36,57.32,NA,NA,NA,NA,NA,NA,NA,NA,NA,NA,NA,0.00,NA,NA,NA
2025-06-23 19:00:00,12.33,60.77,4.50,15.52,11.92,NA,NA,0.37,63.96,NA,NA,NA,NA,NA,NA,NA,NA,NA,NA,NA,0.00,NA,NA,NA
2025-06-23 20:00:00,30.56,76.22,4.22,15.97,11.92,NA,NA,0.42,62.41,NA,NA,NA,NA,NA,NA,NA,NA,NA,NA,NA,0.00,NA,NA,NA
2025-06-23 21:00:00,44.83,97.66,3.98,16.91,12.24,NA,NA,0.50,54.70,NA,NA,NA,NA,NA,NA,NA,NA,NA,NA,NA,0.00,NA,NA,NA
2025-06-23 22:00:00,30.05,112.87,3.82,16.20,11.72,NA,NA,0.56,41.53,NA,NA,NA,NA,NA,NA,NA,NA,NA,NA,NA,0.00,NA,NA,NA
2025-06-23 23:00:00,27.01,95.11,3.53,16.11,11.44,NA,NA,0.54,42.79,NA,NA,NA,NA,NA,NA,NA,NA,NA,NA,NA,0.00,NA,NA,NA
2025-06-24 00:00:00,25.40,136.57,3.47,17.24,11.99,NA,NA,0.60,39.84,NA,NA,NA,NA,NA,NA,NA,NA,NA,NA,NA,0.00,NA,NA,NA
2025-06-24 01:00:00,33.57,133.79,3.99,17.13,12.36,NA,NA,0.60,28.04,NA,NA,NA,NA,NA,NA,NA,NA,NA,NA,NA,0.00,NA,NA,NA
2025-06-24 02:00:00,46.14,134.20,4.16,16.71,12.27,NA,NA,0.62,26.97,NA,NA,NA,NA,NA,NA,NA,NA,NA,NA,NA,0.00,NA,NA,NA
2025-06-24 03:00:00,56.01,143.22,3.78,15.59,11.37,NA,NA,0.64,34.28,NA,NA,NA,NA,NA,NA,NA,NA,NA,NA,NA,0.00,NA,NA,NA
2025-06-24 04:00:00,40.01,123.82,3.38,15.50,11.00,NA,NA,0.66,39.67,NA,NA,NA,NA,NA,NA,NA,NA,NA,NA,NA,0.00,NA,NA,NA
2025-06-24 05:00:00,22.50,49.99,3.39,15.54,11.02,NA,NA,0.60,32.60,NA,NA,NA,NA,NA,NA,NA,NA,NA,NA,NA,0.00,NA,NA,NA
2025-06-24 06:00:00,10.83,27.14,3.71,15.86,11.45,NA,NA,0.57,36.26,NA,NA,NA,NA,NA,NA,NA,NA,NA,NA,NA,0.00,NA,NA,NA
2025-06-24 07:00:00,33.56,100.63,3.50,14.91,10.77,NA,NA,0.66,58.52,NA,NA,NA,NA,NA,NA,NA,NA,NA,NA,NA,0.00,NA,NA,NA
2025-06-24 08:00:00,23.80,103.25,3.67,15.27,11.11,NA,NA,0.62,63.04,NA,NA,NA,NA,NA,NA,NA,NA,NA,NA,NA,0.00,NA,NA,NA
2025-06-24 09:00:00,20.83,59.73,3.73,15.02,11.02,NA,NA,0.58,67.91,NA,NA,NA,NA,NA,NA,NA,NA,NA,NA,NA,0.00,NA,NA,NA
2025-06-24 10:00:00,21.04,51.06,3.82,14.36,10.74,NA,NA,0.51,74.76,NA,NA,NA,NA,NA,NA,NA,NA,NA,NA,NA,0.00,NA,NA,NA
2025-06-24 11:00:00,27.72,72.83,5.24,16.54,13.06,NA,NA,0.43,49.10,NA,NA,NA,NA,NA,NA,NA,NA,NA,NA,NA,0.00,NA,NA,NA
2025-06-24 12:00:00,68.65,97.60,6.45,15.54,13.52,NA,NA,0.36,54.74,NA,NA,NA,NA,NA,NA,NA,NA,NA,NA,NA,0.00,NA,NA,NA
2025-06-24 13:00:00,32.10,88.99,5.66,15.56,12.88,NA,NA,0.36,53.22,NA,NA,NA,NA,NA,NA,NA,NA,NA,NA,NA,0.00,NA,NA,NA
2025-06-24 14:00:00,24.86,95.60,5.62,15.22,12.66,NA,NA,0.32,54.33,NA,NA,NA,NA,NA,NA,NA,NA,NA,NA,NA,0.00,NA,NA,NA
2025-06-24 15:00:00,24.53,128.93,5.98,18.53,14.71,NA,NA,0.38,83.40,NA,NA,NA,NA,NA,NA,NA,NA,NA,NA,NA,0.00,NA,NA,NA
2025-06-24 16:00:00,49.58,167.06,5.89,22.78,16.91,NA,NA,0.55,80.96,NA,NA,NA,NA,NA,NA,NA,NA,NA,NA,NA,0.00,NA,NA,NA
2025-06-24 17:00:00,49.08,136.19,5.50,20.13,15.18,NA,NA,0.50,68.91,NA,NA,NA,NA,NA,NA,NA,NA,NA,NA,NA,0.00,NA,NA,NA
2025-06-24 18:00:00,39.11,92.59,5.15,18.23,13.88,NA,NA,0.44,61.96,NA,NA,NA,NA,NA,NA,NA,NA,NA,NA,NA,0.00,NA,NA,NA
2025-06-24 19:00:00,28.57,78.74,4.73,17.89,13.36,NA,NA,0.44,57.58,NA,NA,NA,NA,NA,NA,NA,NA,NA,NA,NA,0.00,NA,NA,NA
2025-06-24 20:00:00,25.32,85.71,4.42,17.01,12.64,NA,NA,0.49,51.78,NA,NA,NA,NA,NA,NA,NA,NA,NA,NA,NA,0.00,NA,NA,NA
2025-06-24 21:00:00,36.34,103.10,4.18,16.33,12.09,NA,NA,0.52,54.66,NA,NA,NA,NA,NA,NA,NA,NA,NA,NA,NA,0.00,NA,NA,NA
2025-06-24 22:00:00,57.56,142.44,3.86,16.76,12.05,NA,NA,0.67,46.01,NA,NA,NA,NA,NA,NA,NA,NA,NA,NA,NA,0.00,NA,NA,NA
2025-06-24 23:00:00,70.79,212.88,3.73,16.71,11.92,NA,NA,0.73,42.06,NA,NA,NA,NA,NA,NA,NA,NA,NA,NA,NA,0.00,NA,NA,NA
2025-06-25 00:00:00,64.44,205.82,3.77,17.18,12.20,NA,NA,0.68,39.12,NA,NA,NA,NA,NA,NA,NA,NA,NA,NA,NA,0.00,NA,NA,NA
2025-06-25 01:00:00,44.52,103.21,3.95,16.03,11.74,NA,NA,0.61,44.62,NA,NA,NA,NA,NA,NA,NA,NA,NA,NA,NA,0.00,NA,NA,NA
2025-06-25 02:00:00,60.22,138.01,4.01,15.54,11.52,NA,NA,0.64,47.01,NA,NA,NA,NA,NA,NA,NA,NA,NA,NA,NA,0.00,NA,NA,NA
2025-06-25 03:00:00,60.71,164.69,3.76,15.23,11.16,NA,NA,0.65,52.26,NA,NA,NA,NA,NA,NA,NA,NA,NA,NA,NA,0.00,NA,NA,NA
2025-06-25 04:00:00,60.36,190.61,3.55,15.55,11.16,NA,NA,0.67,64.48,NA,NA,NA,NA,NA,NA,NA,NA,NA,NA,NA,0.00,NA,NA,NA
2025-06-25 05:00:00,61.13,180.56,3.57,15.09,10.93,NA,NA,0.71,77.14,NA,NA,NA,NA,NA,NA,NA,NA,NA,NA,NA,0.00,NA,NA,NA
2025-06-25 06:00:00,70.12,191.20,3.46,14.92,10.74,NA,NA,0.72,93.72,NA,NA,NA,NA,NA,NA,NA,NA,NA,NA,NA,0.00,NA,NA,NA
2025-06-25 07:00:00,41.72,155.91,3.62,14.98,10.91,NA,NA,0.70,84.12,NA,NA,NA,NA,NA,NA,NA,NA,NA,NA,NA,0.00,NA,NA,NA
2025-06-25 08:00:00,32.51,98.95,4.04,15.06,11.29,NA,NA,0.68,75.59,NA,NA,NA,NA,NA,NA,NA,NA,NA,NA,NA,0.00,NA,NA,NA
2025-06-25 09:00:00,23.68,64.30,3.90,14.36,10.80,NA,NA,0.59,62.38,NA,NA,NA,NA,NA,NA,NA,NA,NA,NA,NA,0.00,NA,NA,NA
2025-06-25 10:00:00,29.64,56.17,3.85,14.22,10.69,NA,NA,0.58,67.42,NA,NA,NA,NA,NA,NA,NA,NA,NA,NA,NA,0.00,NA,NA,NA
2025-06-25 11:00:00,28.80,48.32,3.84,13.80,10.46,NA,NA,0.52,66.78,NA,NA,NA,NA,NA,NA,NA,NA,NA,NA,NA,0.00,NA,NA,NA
2025-06-25 12:00:00,21.95,87.33,3.92,13.28,10.25,NA,NA,0.48,79.22,NA,NA,NA,NA,NA,NA,NA,NA,NA,NA,NA,0.00,NA,NA,NA
2025-06-25 13:00:00,29.64,88.48,3.91,13.13,10.16,NA,NA,0.46,80.44,NA,NA,NA,NA,NA,NA,NA,NA,NA,NA,NA,0.00,NA,NA,NA
2025-06-25 14:00:00,31.99,107.34,4.12,13.63,10.60,NA,NA,0.46,71.91,NA,NA,NA,NA,NA,NA,NA,NA,NA,NA,NA,0.00,NA,NA,NA
2025-06-25 15:00:00,28.84,125.84,4.30,13.80,10.84,NA,NA,0.42,69.11,NA,NA,NA,NA,NA,NA,NA,NA,NA,NA,NA,0.00,NA,NA,NA
2025-06-25 16:00:00,18.68,116.68,4.48,13.91,11.04,NA,NA,0.40,71.50,NA,NA,NA,NA,NA,NA,NA,NA,NA,NA,NA,0.00,NA,NA,NA
2025-06-25 17:00:00,42.74,126.27,4.52,14.19,11.23,NA,NA,0.41,86.84,NA,NA,NA,NA,NA,NA,NA,NA,NA,NA,NA,0.00,NA,NA,NA
2025-06-25 18:00:00,48.88,140.79,4.43,15.26,11.72,NA,NA,0.46,97.99,NA,NA,NA,NA,NA,NA,NA,NA,NA,NA,NA,0.00,NA,NA,NA
2025-06-25 19:00:00,62.19,157.48,4.19,16.47,12.17,NA,NA,0.55,93.64,NA,NA,NA,NA,NA,NA,NA,NA,NA,NA,NA,0.00,NA,NA,NA
2025-06-25 20:00:00,60.28,150.61,4.00,15.63,11.57,NA,NA,0.56,70.52,NA,NA,NA,NA,NA,NA,NA,NA,NA,NA,NA,0.00,NA,NA,NA
2025-06-25 21:00:00,47.69,141.14,3.96,14.81,11.10,NA,NA,0.58,55.81,NA,NA,NA,NA,NA,NA,NA,NA,NA,NA,NA,0.00,NA,NA,NA
2025-06-25 22:00:00,50.34,131.97,4.01,14.52,10.98,NA,NA,0.56,57.77,NA,NA,NA,NA,NA,NA,NA,NA,NA,NA,NA,0.00,NA,NA,NA
2025-06-25 23:00:00,48.80,108.92,3.90,14.32,10.79,NA,NA,0.55,65.61,NA,NA,NA,NA,NA,NA,NA,NA,NA,NA,NA,0.00,NA,NA,NA
2025-06-26 00:00:00,36.07,104.19,3.52,13.81,10.20,NA,NA,0.52,80.97,NA,NA,NA,NA,NA,NA,NA,NA,NA,NA,NA,0.00,NA,NA,NA
2025-06-26 01:00:00,31.41,76.52,3.32,13.14,9.69,NA,NA,0.50,77.95,NA,NA,NA,NA,NA,NA,NA,NA,NA,NA,NA,0.00,NA,NA,NA
2025-06-26 02:00:00,27.83,62.36,3.51,13.43,10.00,NA,NA,0.48,61.13,NA,NA,NA,NA,NA,NA,NA,NA,NA,NA,NA,0.00,NA,NA,NA
2025-06-26 03:00:00,34.33,61.10,3.76,13.07,10.01,NA,NA,0.44,53.96,NA,NA,NA,NA,NA,NA,NA,NA,NA,NA,NA,0.00,NA,NA,NA
2025-06-26 04:00:00,28.61,70.66,3.78,13.16,10.08,NA,NA,0.42,48.42,NA,NA,NA,NA,NA,NA,NA,NA,NA,NA,NA,0.00,NA,NA,NA
2025-06-26 05:00:00,34.82,67.75,3.44,12.88,9.64,NA,NA,0.44,46.02,NA,NA,NA,NA,NA,NA,NA,NA,NA,NA,NA,0.00,NA,NA,NA
2025-06-26 06:00:00,21.28,50.66,3.58,13.51,10.10,NA,NA,0.41,32.65,NA,NA,NA,NA,NA,NA,NA,NA,NA,NA,NA,0.00,NA,NA,NA
2025-06-26 07:00:00,23.41,62.59,3.56,13.38,10.02,NA,NA,0.43,38.71,NA,NA,NA,NA,NA,NA,NA,NA,NA,NA,NA,0.00,NA,NA,NA
2025-06-26 08:00:00,21.42,63.28,3.54,13.68,10.16,NA,NA,0.42,35.46,NA,NA,NA,NA,NA,NA,NA,NA,NA,NA,NA,0.00,NA,NA,NA
2025-06-26 09:00:00,13.90,70.37,3.70,13.49,10.18,NA,NA,0.40,35.00,NA,NA,NA,NA,NA,NA,NA,NA,NA,NA,NA,0.00,NA,NA,NA
2025-06-26 10:00:00,19.79,63.14,4.09,11.08,9.22,NA,NA,0.34,36.06,NA,NA,NA,NA,NA,NA,NA,NA,NA,NA,NA,0.00,NA,NA,NA
2025-06-26 11:00:00,5.27,104.28,5.16,10.66,9.86,NA,NA,0.25,NA,NA,NA,NA,NA,NA,NA,NA,NA,NA,NA,NA,0.00,NA,NA,NA
2025-06-26 12:00:00,55.83,142.81,8.47,10.49,12.47,NA,NA,0.17,40.17,NA,NA,NA,NA,NA,NA,NA,NA,NA,NA,NA,0.00,NA,NA,NA
2025-06-26 13:00:00,39.61,144.96,11.84,9.30,14.57,NA,NA,0.54,41.66,NA,NA,NA,NA,NA,NA,NA,NA,NA,NA,NA,0.00,NA,NA,NA
2025-06-26 14:00:00,35.63,94.38,11.54,8.83,14.08,NA,NA,0.54,37.80,NA,NA,NA,NA,NA,NA,NA,NA,NA,NA,NA,0.00,NA,NA,NA
2025-06-26 15:00:00,32.14,87.08,10.52,9.97,13.86,NA,NA,0.55,43.37,NA,NA,NA,NA,NA,NA,NA,NA,NA,NA,NA,0.00,NA,NA,NA
2025-06-26 16:00:00,9.96,42.78,7.36,11.40,12.05,NA,NA,0.64,48.06,NA,NA,NA,NA,NA,NA,NA,NA,NA,NA,NA,0.00,NA,NA,NA
2025-06-26 17:00:00,13.06,49.32,6.53,12.99,12.22,NA,NA,0.72,51.51,NA,NA,NA,NA,NA,NA,NA,NA,NA,NA,NA,0.00,NA,NA,NA
2025-06-26 18:00:00,10.08,29.60,6.20,13.38,12.16,NA,NA,0.72,52.32,NA,NA,NA,NA,NA,NA,NA,NA,NA,NA,NA,0.00,NA,NA,NA
2025-06-26 19:00:00,4.71,49.25,7.38,13.60,13.24,NA,NA,0.69,57.92,NA,NA,NA,NA,NA,NA,NA,NA,NA,NA,NA,0.00,NA,NA,NA
2025-06-26 20:00:00,25.32,52.99,6.14,14.14,12.51,NA,NA,0.78,51.86,NA,NA,NA,NA,NA,NA,NA,NA,NA,NA,NA,0.00,NA,NA,NA
2025-06-26 21:00:00,24.99,57.36,5.50,14.81,12.35,NA,NA,0.84,47.21,NA,NA,NA,NA,NA,NA,NA,NA,NA,NA,NA,0.00,NA,NA,NA
2025-06-26 22:00:00,23.82,68.68,5.09,13.94,11.55,NA,NA,0.90,44.06,NA,NA,NA,NA,NA,NA,NA,NA,NA,NA,NA,0.00,NA,NA,NA
2025-06-26 23:00:00,39.45,84.09,4.76,13.87,11.24,NA,NA,0.94,38.98,NA,NA,NA,NA,NA,NA,NA,NA,NA,NA,NA,0.00,NA,NA,NA
2025-06-27 00:00:00,29.35,72.26,4.39,13.06,10.52,NA,NA,0.93,38.92,NA,NA,NA,NA,NA,NA,NA,NA,NA,NA,NA,0.00,NA,NA,NA
2025-06-27 01:00:00,34.11,69.14,4.07,12.18,9.79,NA,NA,1.00,36.85,NA,NA,NA,NA,NA,NA,NA,NA,NA,NA,NA,0.00,NA,NA,NA
2025-06-27 02:00:00,39.65,61.58,4.00,12.26,9.77,NA,NA,0.99,32.76,NA,NA,NA,NA,NA,NA,NA,NA,NA,NA,NA,0.00,NA,NA,NA
2025-06-27 03:00:00,32.25,78.78,4.01,12.56,9.94,NA,NA,0.98,33.73,NA,NA,NA,NA,NA,NA,NA,NA,NA,NA,NA,0.00,NA,NA,NA
2025-06-27 04:00:00,33.90,71.51,4.10,12.03,9.74,NA,NA,0.95,31.52,NA,NA,NA,NA,NA,NA,NA,NA,NA,NA,NA,0.00,NA,NA,NA
2025-06-27 05:00:00,15.68,34.52,3.92,11.76,9.44,NA,NA,0.92,33.14,NA,NA,NA,NA,NA,NA,NA,NA,NA,NA,NA,0.00,NA,NA,NA
2025-06-27 06:00:00,18.84,37.52,3.70,12.01,9.39,NA,NA,0.93,32.61,NA,NA,NA,NA,NA,NA,NA,NA,NA,NA,NA,0.00,NA,NA,NA
2025-06-27 07:00:00,4.78,31.90,3.86,12.42,9.74,NA,NA,0.92,26.09,NA,NA,NA,NA,NA,NA,NA,NA,NA,NA,NA,0.00,NA,NA,NA
2025-06-27 08:00:00,17.70,49.08,3.95,11.99,9.59,NA,NA,0.93,34.10,NA,NA,NA,NA,NA,NA,NA,NA,NA,NA,NA,0.00,NA,NA,NA
2025-06-27 09:00:00,13.05,72.70,4.00,11.42,9.33,NA,NA,0.89,43.62,NA,NA,NA,NA,NA,NA,NA,NA,NA,NA,NA,0.00,NA,NA,NA
2025-06-27 10:00:00,17.58,63.91,4.12,11.63,9.53,NA,NA,0.87,40.63,NA,NA,NA,NA,NA,NA,NA,NA,NA,NA,NA,0.00,NA,NA,NA
2025-06-27 11:00:00,14.58,60.01,4.27,12.17,9.94,NA,NA,0.82,32.90,NA,NA,NA,NA,NA,NA,NA,NA,NA,NA,NA,0.00,NA,NA,NA
2025-06-27 12:00:00,7.15,83.30,4.95,12.66,10.76,NA,NA,0.80,45.07,NA,NA,NA,NA,NA,NA,NA,NA,NA,NA,NA,0.00,NA,NA,NA
2025-06-27 13:00:00,25.47,71.30,5.28,12.82,11.11,NA,NA,0.73,49.07,NA,NA,NA,NA,NA,NA,NA,NA,NA,NA,NA,0.00,NA,NA,NA
2025-06-27 14:00:00,23.24,74.24,5.50,13.19,11.49,NA,NA,0.72,48.50,NA,NA,NA,NA,NA,NA,NA,NA,NA,NA,NA,0.00,NA,NA,NA
2025-06-27 15:00:00,9.88,56.69,5.61,12.82,11.38,NA,NA,0.70,45.94,NA,NA,NA,NA,NA,NA,NA,NA,NA,NA,NA,0.00,NA,NA,NA
2025-06-27 16:00:00,22.17,73.10,5.34,12.37,10.92,NA,NA,0.70,53.20,NA,NA,NA,NA,NA,NA,NA,NA,NA,NA,NA,0.00,NA,NA,NA
2025-06-27 17:00:00,11.09,57.48,5.44,12.46,11.06,NA,NA,0.72,57.48,NA,NA,NA,NA,NA,NA,NA,NA,NA,NA,NA,0.00,NA,NA,NA
2025-06-27 18:00:00,18.12,52.11,5.44,12.30,10.96,NA,NA,0.71,63.74,NA,NA,NA,NA,NA,NA,NA,NA,NA,NA,NA,0.00,NA,NA,NA
2025-06-27 19:00:00,35.57,61.06,5.28,12.60,11.00,NA,NA,0.76,66.05,NA,NA,NA,NA,NA,NA,NA,NA,NA,NA,NA,0.00,NA,NA,NA
2025-06-27 20:00:00,33.50,63.89,4.99,13.40,11.18,NA,NA,0.80,61.16,NA,NA,NA,NA,NA,NA,NA,NA,NA,NA,NA,0.00,NA,NA,NA
2025-06-27 21:00:00,39.42,85.38,4.76,13.02,10.80,NA,NA,0.82,52.34,NA,NA,NA,NA,NA,NA,NA,NA,NA,NA,NA,0.00,NA,NA,NA
2025-06-27 22:00:00,15.44,42.54,4.49,12.18,10.12,NA,NA,0.81,52.00,NA,NA,NA,NA,NA,NA,NA,NA,NA,NA,NA,0.00,NA,NA,NA
2025-06-27 23:00:00,11.48,20.16,4.37,12.27,10.08,NA,NA,0.86,44.14,NA,NA,NA,NA,NA,NA,NA,NA,NA,NA,NA,0.00,NA,NA,NA
2025-06-28 00:00:00,12.08,28.89,4.22,12.67,10.17,NA,NA,0.84,30.48,NA,NA,NA,NA,NA,NA,NA,NA,NA,NA,NA,0.00,NA,NA,NA
2025-06-28 01:00:00,11.80,31.68,3.90,13.08,10.13,NA,NA,0.88,29.20,NA,NA,NA,NA,NA,NA,NA,NA,NA,NA,NA,0.00,NA,NA,NA
2025-06-28 02:00:00,20.24,38.21,3.71,15.05,11.02,NA,NA,0.89,26.63,NA,NA,NA,NA,NA,NA,NA,NA,NA,NA,NA,0.00,NA,NA,NA
2025-06-28 03:00:00,14.43,48.92,3.99,15.26,11.36,NA,NA,0.87,24.76,NA,NA,NA,NA,NA,NA,NA,NA,NA,NA,NA,0.00,NA,NA,NA
2025-06-28 04:00:00,14.73,36.18,4.10,16.02,11.86,NA,NA,0.90,31.03,NA,NA,NA,NA,NA,NA,NA,NA,NA,NA,NA,0.00,NA,NA,NA
2025-06-28 05:00:00,32.18,58.90,4.14,13.76,10.68,NA,NA,0.92,20.68,NA,NA,NA,NA,NA,NA,NA,NA,NA,NA,NA,0.00,NA,NA,NA
2025-06-28 06:00:00,38.62,71.35,5.00,14.58,11.82,NA,NA,0.97,21.15,NA,NA,NA,NA,NA,NA,NA,NA,NA,NA,NA,0.00,NA,NA,NA
2025-06-28 07:00:00,38.41,120.08,4.31,15.98,12.01,NA,NA,1.01,23.12,NA,NA,NA,NA,NA,NA,NA,NA,NA,NA,NA,0.00,NA,NA,NA
2025-06-28 08:00:00,15.02,72.04,4.02,15.06,11.28,NA,NA,0.96,29.71,NA,NA,NA,NA,NA,NA,NA,NA,NA,NA,NA,0.00,NA,NA,NA
2025-06-28 09:00:00,28.25,77.11,4.09,13.74,10.64,NA,NA,0.98,49.80,NA,NA,NA,NA,NA,NA,NA,NA,NA,NA,NA,0.00,NA,NA,NA
2025-06-28 10:00:00,34.77,98.18,4.55,13.03,10.63,NA,NA,1.02,59.44,NA,NA,NA,NA,NA,NA,NA,NA,NA,NA,NA,0.00,NA,NA,NA
2025-06-28 11:00:00,24.15,125.70,4.94,12.91,10.89,NA,NA,1.00,66.71,NA,NA,NA,NA,NA,NA,NA,NA,NA,NA,NA,0.00,NA,NA,NA
2025-06-28 12:00:00,48.11,126.58,5.65,12.74,11.37,NA,NA,0.87,62.11,NA,NA,NA,NA,NA,NA,NA,NA,NA,NA,NA,0.00,NA,NA,NA
2025-06-28 13:00:00,48.44,116.80,6.02,11.76,11.16,NA,NA,0.83,79.16,NA,NA,NA,NA,NA,NA,NA,NA,NA,NA,NA,0.00,NA,NA,NA
2025-06-28 14:00:00,74.01,150.40,6.04,11.81,11.19,NA,NA,0.81,70.44,NA,NA,NA,NA,NA,NA,NA,NA,NA,NA,NA,0.00,NA,NA,NA
2025-06-28 15:00:00,49.70,67.20,7.71,13.41,13.40,NA,NA,0.72,56.60,NA,NA,NA,NA,NA,NA,NA,NA,NA,NA,NA,0.00,NA,NA,NA
2025-06-28 16:00:00,4.36,17.76,11.50,15.40,17.54,NA,NA,0.63,43.86,NA,NA,NA,NA,NA,NA,NA,NA,NA,NA,NA,0.00,NA,NA,NA
2025-06-28 17:00:00,5.65,34.56,15.51,16.96,21.63,NA,NA,0.60,36.47,NA,NA,NA,NA,NA,NA,NA,NA,NA,NA,NA,0.00,NA,NA,NA
2025-06-28 18:00:00,24.20,52.00,15.06,16.62,21.08,NA,NA,0.62,29.53,NA,NA,NA,NA,NA,NA,NA,NA,NA,NA,NA,0.00,NA,NA,NA
2025-06-28 19:00:00,20.66,45.75,9.43,15.70,16.01,NA,NA,0.73,22.51,NA,NA,NA,NA,NA,NA,NA,NA,NA,NA,NA,0.00,NA,NA,NA
2025-06-28 20:00:00,13.02,26.28,6.54,15.82,13.74,NA,NA,0.82,27.23,NA,NA,NA,NA,NA,NA,NA,NA,NA,NA,NA,0.00,NA,NA,NA
2025-06-28 21:00:00,1.52,4.81,5.43,15.12,12.46,NA,NA,0.86,32.19,NA,NA,NA,NA,NA,NA,NA,NA,NA,NA,NA,0.00,NA,NA,NA
2025-06-28 22:00:00,4.45,7.81,5.06,15.36,12.29,NA,NA,0.85,35.16,NA,NA,NA,NA,NA,NA,NA,NA,NA,NA,NA,0.00,NA,NA,NA
2025-06-28 23:00:00,8.78,19.35,4.81,15.80,12.32,NA,NA,0.91,35.04,NA,NA,NA,NA,NA,NA,NA,NA,NA,NA,NA,0.00,NA,NA,NA
2025-06-29 00:00:00,11.84,24.41,4.47,15.90,12.10,NA,NA,0.92,39.27,NA,NA,NA,NA,NA,NA,NA,NA,NA,NA,NA,0.00,NA,NA,NA
2025-06-29 01:00:00,11.14,25.96,3.90,16.08,11.72,NA,NA,0.94,44.36,NA,NA,NA,NA,NA,NA,NA,NA,NA,NA,NA,0.00,NA,NA,NA
2025-06-29 02:00:00,14.47,30.41,4.00,16.86,12.23,NA,NA,0.98,32.38,NA,NA,NA,NA,NA,NA,NA,NA,NA,NA,NA,0.00,NA,NA,NA
2025-06-29 03:00:00,24.02,50.58,4.78,16.73,12.78,NA,NA,1.01,25.57,NA,NA,NA,NA,NA,NA,NA,NA,NA,NA,NA,0.00,NA,NA,NA
2025-06-29 04:00:00,25.31,60.50,5.74,17.16,13.80,NA,NA,1.02,27.24,NA,NA,NA,NA,NA,NA,NA,NA,NA,NA,NA,0.00,NA,NA,NA
2025-06-29 05:00:00,21.08,76.80,5.18,17.72,13.64,NA,NA,1.06,40.60,NA,NA,NA,NA,NA,NA,NA,NA,NA,NA,NA,0.00,NA,NA,NA
2025-06-29 06:00:00,24.86,69.05,4.87,18.88,14.00,NA,NA,1.11,85.05,NA,NA,NA,NA,NA,NA,NA,NA,NA,NA,NA,0.00,NA,NA,NA
2025-06-29 07:00:00,28.22,66.55,5.03,19.06,14.23,NA,NA,1.11,96.69,NA,NA,NA,NA,NA,NA,NA,NA,NA,NA,NA,0.00,NA,NA,NA
2025-06-29 08:00:00,19.56,37.79,4.73,17.79,13.31,NA,NA,1.04,66.64,NA,NA,NA,NA,NA,NA,NA,NA,NA,NA,NA,0.00,NA,NA,NA
2025-06-29 09:00:00,25.32,52.57,4.50,18.08,13.27,NA,NA,1.00,53.37,NA,NA,NA,NA,NA,NA,NA,NA,NA,NA,NA,0.00,NA,NA,NA
2025-06-29 10:00:00,28.52,97.50,4.44,19.58,14.02,NA,NA,1.02,43.67,NA,NA,NA,NA,NA,NA,NA,NA,NA,NA,NA,0.00,NA,NA,NA
2025-06-29 11:00:00,10.37,109.71,4.32,18.30,13.25,NA,NA,0.98,50.35,NA,NA,NA,NA,NA,NA,NA,NA,NA,NA,NA,0.00,NA,NA,NA
2025-06-29 12:00:00,57.52,112.02,5.36,18.89,14.40,NA,NA,0.91,39.70,NA,NA,NA,NA,NA,NA,NA,NA,NA,NA,NA,0.00,NA,NA,NA
2025-06-29 13:00:00,71.55,111.20,7.44,19.95,16.66,NA,NA,1.00,35.12,NA,NA,NA,NA,NA,NA,NA,NA,NA,NA,NA,0.00,NA,NA,NA
2025-06-29 14:00:00,28.68,99.02,6.03,17.60,14.26,NA,NA,0.98,33.32,NA,NA,NA,NA,NA,NA,NA,NA,NA,NA,NA,0.00,NA,NA,NA
2025-06-29 15:00:00,30.05,53.98,4.94,17.82,13.50,NA,NA,1.01,38.66,NA,NA,NA,NA,NA,NA,NA,NA,NA,NA,NA,0.00,NA,NA,NA
2025-06-29 16:00:00,4.34,20.52,4.68,18.05,13.40,NA,NA,0.98,48.73,NA,NA,NA,NA,NA,NA,NA,NA,NA,NA,NA,0.00,NA,NA,NA
2025-06-29 17:00:00,NA,9.97,4.51,16.47,12.42,NA,NA,0.97,55.17,NA,NA,NA,NA,NA,NA,NA,NA,NA,NA,NA,0.00,NA,NA,NA
2025-06-29 18:00:00,3.96,18.58,4.38,16.68,12.43,NA,NA,0.96,45.93,NA,NA,NA,NA,NA,NA,NA,NA,NA,NA,NA,0.00,NA,NA,NA
2025-06-29 19:00:00,3.65,19.81,3.95,15.56,11.49,NA,NA,0.96,48.45,NA,NA,NA,NA,NA,NA,NA,NA,NA,NA,NA,0.00,NA,NA,NA
2025-06-29 20:00:00,7.89,16.01,3.66,15.89,11.42,NA,NA,0.98,52.37,NA,NA,NA,NA,NA,NA,NA,NA,NA,NA,NA,0.00,NA,NA,NA
2025-06-29 21:00:00,0.79,22.88,3.40,16.49,11.54,NA,NA,1.01,53.14,NA,NA,NA,NA,NA,NA,NA,NA,NA,NA,NA,0.00,NA,NA,NA
2025-06-29 22:00:00,12.22,19.02,3.83,16.85,12.08,NA,NA,1.00,38.52,NA,NA,NA,NA,NA,NA,NA,NA,NA,NA,NA,0.00,NA,NA,NA
2025-06-29 23:00:00,14.14,30.96,3.93,15.64,11.52,NA,NA,1.02,36.55,NA,NA,NA,NA,NA,NA,NA,NA,NA,NA,NA,0.00,NA,NA,NA
2025-06-30 00:00:00,7.36,40.94,3.91,16.61,12.01,NA,NA,1.02,37.06,NA,NA,NA,NA,NA,NA,NA,NA,NA,NA,NA,0.00,NA,NA,NA
2025-06-30 01:00:00,16.48,37.61,3.58,16.79,11.84,NA,NA,1.02,53.40,NA,NA,NA,NA,NA,NA,NA,NA,NA,NA,NA,0.00,NA,NA,NA
2025-06-30 02:00:00,11.50,18.69,3.40,16.59,11.59,NA,NA,1.02,48.16,NA,NA,NA,NA,NA,NA,NA,NA,NA,NA,NA,0.00,NA,NA,NA
2025-06-30 03:00:00,19.26,39.34,3.95,16.05,11.75,NA,NA,1.01,36.01,NA,NA,NA,NA,NA,NA,NA,NA,NA,NA,NA,0.00,NA,NA,NA
2025-06-30 04:00:00,20.48,43.29,4.09,15.60,11.62,NA,NA,1.00,35.77,NA,NA,NA,NA,NA,NA,NA,NA,NA,NA,NA,0.00,NA,NA,NA
2025-06-30 05:00:00,16.25,26.19,4.03,15.72,11.63,NA,NA,0.99,37.16,NA,NA,NA,NA,NA,NA,NA,NA,NA,NA,NA,0.00,NA,NA,NA
2025-06-30 06:00:00,10.66,23.26,3.83,15.95,11.60,NA,NA,1.00,39.51,NA,NA,NA,NA,NA,NA,NA,NA,NA,NA,NA,0.00,NA,NA,NA
2025-06-30 07:00:00,18.11,31.33,3.69,16.18,11.61,NA,NA,1.01,45.05,NA,NA,NA,NA,NA,NA,NA,NA,NA,NA,NA,0.00,NA,NA,NA
2025-06-30 08:00:00,12.10,19.16,176.50,14.79,151.38,NA,NA,1.03,40.26,NA,NA,NA,NA,NA,NA,NA,NA,NA,NA,NA,0.00,NA,NA,NA
2025-06-30 09:00:00,2.20,10.70,208.79,15.78,178.36,NA,NA,1.06,38.69,NA,NA,NA,NA,NA,NA,NA,NA,NA,NA,NA,0.00,NA,NA,NA
2025-06-30 10:00:00,8.94,22.75,6.88,17.38,14.82,NA,NA,1.00,37.32,NA,NA,NA,NA,NA,NA,NA,NA,NA,NA,NA,0.00,NA,NA,NA
2025-06-30 11:00:00,23.81,50.81,113.06,17.23,101.30,NA,NA,1.01,33.32,NA,NA,NA,NA,NA,NA,NA,NA,NA,NA,NA,0.00,NA,NA,NA
2025-06-30 12:00:00,29.26,48.38,128.25,17.54,113.31,NA,NA,1.02,44.19,NA,NA,NA,NA,NA,NA,NA,NA,NA,NA,NA,0.00,NA,NA,NA
2025-06-30 13:00:00,13.37,75.21,5.75,18.84,14.70,NA,NA,1.02,52.11,NA,NA,NA,NA,NA,NA,NA,NA,NA,NA,NA,0.00,NA,NA,NA
2025-06-30 14:00:00,16.59,60.42,5.07,18.54,13.98,NA,NA,1.02,52.52,NA,NA,NA,NA,NA,NA,NA,NA,NA,NA,NA,0.00,NA,NA,NA
2025-06-30 15:00:00,23.57,64.00,4.95,18.40,13.82,NA,NA,1.02,58.61,NA,NA,NA,NA,NA,NA,NA,NA,NA,NA,NA,0.00,NA,NA,NA
2025-06-30 16:00:00,40.30,81.38,4.74,17.90,13.38,NA,NA,0.99,61.13,NA,NA,NA,NA,NA,NA,NA,NA,NA,NA,NA,0.00,NA,NA,NA
2025-06-30 17:00:00,23.04,43.87,7.50,20.72,17.14,NA,NA,1.12,69.60,NA,NA,NA,NA,NA,NA,NA,NA,NA,NA,NA,0.00,NA,NA,NA
2025-06-30 18:00:00,38.92,80.34,254.37,17.94,217.76,NA,NA,1.16,41.69,NA,NA,NA,NA,NA,NA,NA,NA,NA,NA,NA,0.00,NA,NA,NA
2025-06-30 19:00:00,15.60,72.25,NA,15.80,NA,NA,NA,1.17,44.05,NA,NA,NA,NA,NA,NA,NA,NA,NA,NA,NA,0.00,NA,NA,NA
2025-06-30 20:00:00,27.50,56.70,NA,16.38,NA,NA,NA,1.25,34.47,NA,NA,NA,NA,NA,NA,NA,NA,NA,NA,NA,0.00,NA,NA,NA
2025-06-30 21:00:00,17.21,53.45,NA,16.46,NA,NA,NA,1.26,20.08,NA,NA,NA,NA,NA,NA,NA,NA,NA,NA,NA,0.00,NA,NA,NA
2025-06-30 22:00:00,50.54,79.05,NA,15.50,NA,NA,NA,1.30,28.66,NA,NA,NA,NA,NA,NA,NA,NA,NA,NA,NA,0.00,NA,NA,NA
2025-06-30 23:00:00,20.16,56.95,NA,14.53,NA,NA,NA,1.29,40.90,NA,NA,NA,NA,NA,NA,NA,NA,NA,NA,NA,0.00,NA,NA,NA
2025-07-01 00:00:00,11.19,65.57,NA,17.41,NA,NA,NA,1.33,35.31,NA,NA,NA,NA,NA,NA,NA,NA,NA,NA,NA,0.00,NA,NA,NA
2025-07-01 01:00:00,35.50,78.70,NA,16.29,NA,NA,NA,1.32,33.98,NA,NA,NA,NA,NA,NA,NA,NA,NA,NA,NA,0.00,NA,NA,NA
2025-07-01 02:00:00,22.44,41.60,NA,15.62,NA,NA,NA,1.26,34.70,NA,NA,NA,NA,NA,NA,NA,NA,NA,NA,NA,0.00,NA,NA,NA
2025-07-01 03:00:00,22.97,39.54,NA,14.64,NA,NA,NA,1.26,43.43,NA,NA,NA,NA,NA,NA,NA,NA,NA,NA,NA,0.00,NA,NA,NA
2025-07-01 04:00:00,22.57,71.26,NA,15.39,NA,NA,NA,1.29,50.19,NA,NA,NA,NA,NA,NA,NA,NA,NA,NA,NA,0.00,NA,NA,NA
2025-07-01 05:00:00,19.22,42.09,NA,13.28,NA,NA,NA,1.22,49.70,NA,NA,NA,NA,NA,NA,NA,NA,NA,NA,NA,0.00,NA,NA,NA
2025-07-01 06:00:00,8.20,28.32,NA,12.52,NA,NA,NA,1.13,32.26,NA,NA,NA,NA,NA,NA,NA,NA,NA,NA,NA,0.00,NA,NA,NA
2025-07-01 07:00:00,11.12,30.72,NA,11.84,NA,NA,NA,1.02,23.71,NA,NA,NA,NA,NA,NA,NA,NA,NA,NA,NA,0.00,NA,NA,NA
2025-07-01 08:00:00,30.40,54.02,NA,11.08,NA,NA,NA,1.01,23.26,NA,NA,NA,NA,NA,NA,NA,NA,NA,NA,NA,0.00,NA,NA,NA
2025-07-01 09:00:00,23.96,51.70,NA,11.63,NA,NA,NA,1.08,31.82,NA,NA,NA,NA,NA,NA,NA,NA,NA,NA,NA,0.00,NA,NA,NA
2025-07-01 10:00:00,4.70,33.90,NA,13.28,NA,NA,NA,1.10,42.06,NA,NA,NA,NA,NA,NA,NA,NA,NA,NA,NA,0.00,NA,NA,NA
2025-07-01 11:00:00,10.26,16.58,NA,13.15,NA,NA,NA,1.11,33.96,NA,NA,NA,NA,NA,NA,NA,NA,NA,NA,NA,0.00,NA,NA,NA
2025-07-01 12:00:00,10.29,33.97,NA,14.56,NA,NA,NA,1.06,40.36,NA,NA,NA,NA,NA,NA,NA,NA,NA,NA,NA,0.00,NA,NA,NA
2025-07-01 13:00:00,22.10,59.84,NA,14.17,NA,NA,NA,1.05,45.01,NA,NA,NA,NA,NA,NA,NA,NA,NA,NA,NA,0.00,NA,NA,NA
2025-07-01 14:00:00,19.18,51.01,NA,14.42,NA,NA,NA,1.00,36.73,NA,NA,NA,NA,NA,NA,NA,NA,NA,NA,NA,0.00,NA,NA,NA
2025-07-01 15:00:00,9.05,43.81,NA,12.12,NA,NA,NA,0.97,43.46,NA,NA,NA,NA,NA,NA,NA,NA,NA,NA,NA,0.00,NA,NA,NA
2025-07-01 16:00:00,19.86,46.16,NA,14.63,NA,NA,NA,0.96,44.43,NA,NA,NA,NA,NA,NA,NA,NA,NA,NA,NA,0.00,NA,NA,NA
2025-07-01 17:00:00,23.65,56.04,NA,15.36,NA,NA,NA,0.97,48.72,NA,NA,NA,NA,NA,NA,NA,NA,NA,NA,NA,0.00,NA,NA,NA
2025-07-01 18:00:00,14.34,47.11,NA,13.39,NA,NA,NA,0.98,43.59,NA,NA,NA,NA,NA,NA,NA,NA,NA,NA,NA,0.00,NA,NA,NA
2025-07-01 19:00:00,21.18,42.56,NA,14.77,NA,NA,NA,1.02,49.42,NA,NA,NA,NA,NA,NA,NA,NA,NA,NA,NA,0.00,NA,NA,NA
2025-07-01 20:00:00,23.59,45.89,NA,15.23,NA,NA,NA,1.06,48.66,NA,NA,NA,NA,NA,NA,NA,NA,NA,NA,NA,0.00,NA,NA,NA
2025-07-01 21:00:00,19.01,47.74,NA,15.57,NA,NA,NA,1.10,19.63,NA,NA,NA,NA,NA,NA,NA,NA,NA,NA,NA,0.00,NA,NA,NA
2025-07-01 22:00:00,24.79,60.62,NA,15.00,NA,NA,NA,1.08,18.90,NA,NA,NA,NA,NA,NA,NA,NA,NA,NA,NA,0.00,NA,NA,NA
2025-07-01 23:00:00,23.74,66.05,NA,NA,NA,NA,NA,1.14,29.84,NA,NA,NA,NA,NA,NA,NA,NA,NA,NA,NA,0.00,NA,NA,NA
2025-07-02 00:00:00,24.80,64.49,NA,NA,NA,NA,NA,1.20,40.09,NA,NA,NA,NA,NA,NA,NA,NA,NA,NA,NA,0.00,NA,NA,NA
2025-07-02 01:00:00,25.00,76.79,NA,NA,NA,NA,NA,1.25,32.29,NA,NA,NA,NA,NA,NA,NA,NA,NA,NA,NA,0.00,NA,NA,NA
2025-07-02 02:00:00,34.56,80.38,NA,NA,NA,NA,NA,1.21,43.24,NA,NA,NA,NA,NA,NA,NA,NA,NA,NA,NA,0.00,NA,NA,NA
2025-07-02 03:00:00,28.06,62.93,NA,NA,NA,NA,NA,1.25,51.67,NA,NA,NA,NA,NA,NA,NA,NA,NA,NA,NA,0.00,NA,NA,NA
2025-07-02 04:00:00,22.38,56.28,NA,NA,NA,NA,NA,1.25,36.01,NA,NA,NA,NA,NA,NA,NA,NA,NA,NA,NA,0.00,NA,NA,NA
2025-07-02 05:00:00,26.01,63.89,NA,NA,NA,NA,NA,1.25,30.33,NA,NA,NA,NA,NA,NA,NA,NA,NA,NA,NA,0.00,NA,NA,NA
2025-07-02 06:00:00,33.70,98.78,NA,NA,NA,NA,NA,1.22,35.16,NA,NA,NA,NA,NA,NA,NA,NA,NA,NA,NA,0.00,NA,NA,NA
2025-07-02 07:00:00,39.45,83.68,NA,NA,NA,NA,NA,1.26,39.90,NA,NA,NA,NA,NA,NA,NA,NA,NA,NA,NA,0.00,NA,NA,NA
2025-07-02 08:00:00,11.65,45.06,NA,NA,NA,NA,NA,1.16,27.38,NA,NA,NA,NA,NA,NA,NA,NA,NA,NA,NA,0.00,NA,NA,NA
2025-07-02 09:00:00,10.34,37.74,NA,NA,NA,NA,NA,1.14,42.65,NA,NA,NA,NA,NA,NA,NA,NA,NA,NA,NA,0.00,NA,NA,NA
2025-07-02 10:00:00,35.64,62.64,NA,NA,NA,NA,NA,1.04,41.18,NA,NA,NA,NA,NA,NA,NA,NA,NA,NA,NA,0.00,NA,NA,NA
2025-07-02 11:00:00,19.93,52.38,NA,NA,NA,NA,NA,0.82,32.36,NA,NA,NA,NA,NA,NA,NA,NA,NA,NA,NA,0.00,NA,NA,NA
2025-07-02 12:00:00,26.29,60.95,NA,NA,NA,NA,NA,0.75,36.45,NA,NA,NA,NA,NA,NA,NA,NA,NA,NA,NA,0.00,NA,NA,NA
2025-07-02 13:00:00,19.30,67.45,NA,NA,NA,NA,NA,0.69,37.45,NA,NA,NA,NA,NA,NA,NA,NA,NA,NA,NA,0.00,NA,NA,NA
2025-07-02 14:00:00,20.02,60.55,NA,NA,NA,NA,NA,0.74,42.49,NA,NA,NA,NA,NA,NA,NA,NA,NA,NA,NA,0.00,NA,NA,NA
2025-07-02 15:00:00,18.47,43.62,NA,NA,NA,NA,NA,0.83,47.26,NA,NA,NA,NA,NA,NA,NA,NA,NA,NA,NA,0.00,NA,NA,NA
2025-07-02 16:00:00,4.03,41.35,NA,NA,NA,NA,NA,0.88,43.72,NA,NA,NA,NA,NA,NA,NA,NA,NA,NA,NA,0.00,NA,NA,NA
2025-07-02 17:00:00,20.25,53.64,NA,NA,NA,NA,NA,0.80,43.73,NA,NA,NA,NA,NA,NA,NA,NA,NA,NA,NA,0.00,NA,NA,NA
2025-07-02 18:00:00,18.45,25.84,NA,NA,NA,NA,NA,0.92,44.79,NA,NA,NA,NA,NA,NA,NA,NA,NA,NA,NA,0.00,NA,NA,NA
2025-07-02 19:00:00,25.23,67.74,NA,NA,NA,NA,NA,1.04,37.47,NA,NA,NA,NA,NA,NA,NA,NA,NA,NA,NA,0.00,NA,NA,NA
2025-07-02 20:00:00,21.66,52.72,NA,NA,NA,NA,NA,1.03,35.58,NA,NA,NA,NA,NA,NA,NA,NA,NA,NA,NA,0.00,NA,NA,NA
2025-07-02 21:00:00,16.06,46.27,NA,NA,NA,NA,NA,1.01,24.82,NA,NA,NA,NA,NA,NA,NA,NA,NA,NA,NA,0.00,NA,NA,NA
2025-07-02 22:00:00,38.31,70.54,NA,NA,NA,NA,NA,1.02,27.39,NA,NA,NA,NA,NA,NA,NA,NA,NA,NA,NA,0.00,NA,NA,NA
2025-07-02 23:00:00,36.90,97.76,6.13,0.08,5.03,NA,NA,1.14,24.99,NA,NA,NA,NA,NA,NA,NA,NA,NA,NA,NA,0.00,NA,NA,NA
2025-07-03 00:00:00,18.66,76.43,NA,NA,NA,NA,NA,1.14,35.84,NA,NA,NA,NA,NA,NA,NA,NA,NA,NA,NA,0.00,NA,NA,NA
2025-07-03 01:00:00,26.70,47.21,NA,NA,NA,NA,NA,1.15,41.47,NA,NA,NA,NA,NA,NA,NA,NA,NA,NA,NA,0.00,NA,NA,NA
2025-07-03 02:00:00,16.56,24.75,NA,NA,NA,NA,NA,1.16,33.00,NA,NA,NA,NA,NA,NA,NA,NA,NA,NA,NA,0.00,NA,NA,NA
2025-07-03 03:00:00,32.12,61.21,NA,NA,NA,NA,NA,1.15,32.04,NA,NA,NA,NA,NA,NA,NA,NA,NA,NA,NA,0.00,NA,NA,NA
2025-07-03 04:00:00,26.51,50.34,NA,NA,NA,NA,NA,1.18,47.75,NA,NA,NA,NA,NA,NA,NA,NA,NA,NA,NA,0.00,NA,NA,NA
2025-07-03 05:00:00,14.40,43.28,NA,NA,NA,NA,NA,1.18,47.67,NA,NA,NA,NA,NA,NA,NA,NA,NA,NA,NA,0.00,NA,NA,NA
2025-07-03 06:00:00,17.20,37.84,NA,NA,NA,NA,NA,1.15,53.82,NA,NA,NA,NA,NA,NA,NA,NA,NA,NA,NA,0.00,NA,NA,NA
2025-07-03 07:00:00,11.60,31.06,2.66,0.08,2.20,NA,NA,1.13,60.68,NA,NA,NA,NA,NA,NA,NA,NA,NA,NA,NA,0.00,NA,NA,NA
2025-07-03 08:00:00,14.42,41.61,3.06,0.08,2.52,NA,NA,1.11,52.98,NA,NA,NA,NA,NA,NA,NA,NA,NA,NA,NA,0.00,NA,NA,NA
2025-07-03 09:00:00,18.26,52.15,3.38,0.05,2.77,NA,NA,1.12,65.80,NA,NA,NA,NA,NA,NA,NA,NA,NA,NA,NA,0.00,NA,NA,NA
2025-07-03 10:00:00,30.20,52.72,3.40,0.08,2.79,NA,NA,1.10,60.18,NA,NA,NA,NA,NA,NA,NA,NA,NA,NA,NA,0.00,NA,NA,NA
2025-07-03 11:00:00,27.34,67.54,NA,NA,NA,NA,NA,0.90,42.28,NA,NA,NA,NA,NA,NA,NA,NA,NA,NA,NA,0.00,NA,NA,NA
2025-07-03 12:00:00,33.76,68.84,NA,NA,NA,NA,NA,0.85,40.76,NA,NA,NA,NA,NA,NA,NA,NA,NA,NA,NA,0.00,NA,NA,NA
2025-07-03 13:00:00,16.86,68.52,NA,NA,NA,NA,NA,0.89,39.61,NA,NA,NA,NA,NA,NA,NA,NA,NA,NA,NA,0.00,NA,NA,NA
2025-07-03 14:00:00,20.23,56.12,NA,NA,NA,NA,NA,0.89,44.67,NA,NA,NA,NA,NA,NA,NA,NA,NA,NA,NA,0.00,NA,NA,NA
2025-07-03 15:00:00,28.08,61.02,NA,NA,NA,NA,NA,0.86,49.53,NA,NA,NA,NA,NA,NA,NA,NA,NA,NA,NA,0.00,NA,NA,NA
2025-07-03 16:00:00,37.66,76.72,NA,NA,NA,NA,NA,0.84,54.96,NA,NA,NA,NA,NA,NA,NA,NA,NA,NA,NA,0.00,NA,NA,NA
2025-07-03 17:00:00,27.83,55.32,NA,0.10,0.00,NA,NA,0.88,49.13,NA,NA,NA,NA,NA,NA,NA,NA,NA,NA,NA,0.00,NA,NA,NA
2025-07-03 18:00:00,11.34,27.76,0.95,11.38,6.16,NA,NA,0.92,55.71,NA,NA,NA,NA,NA,NA,NA,NA,NA,NA,NA,0.00,NA,NA,NA
2025-07-03 19:00:00,21.68,45.54,2.64,11.34,8.18,NA,NA,0.96,53.40,NA,NA,NA,NA,NA,NA,NA,NA,NA,NA,NA,0.00,NA,NA,NA
2025-07-03 20:00:00,44.42,55.80,2.62,11.30,8.15,NA,NA,1.02,48.94,NA,NA,NA,NA,NA,NA,NA,NA,NA,NA,NA,0.00,NA,NA,NA
2025-07-03 21:00:00,43.60,72.98,2.24,11.32,7.84,NA,NA,1.10,41.57,NA,NA,NA,NA,NA,NA,NA,NA,NA,NA,NA,0.00,NA,NA,NA
2025-07-03 22:00:00,36.11,72.82,1.91,11.31,7.57,NA,NA,1.14,41.56,NA,NA,NA,NA,NA,NA,NA,NA,NA,NA,NA,0.00,NA,NA,NA
2025-07-03 23:00:00,29.72,66.14,1.78,11.32,7.47,NA,NA,1.13,50.68,NA,NA,NA,NA,NA,NA,NA,NA,NA,NA,NA,0.00,NA,NA,NA
2025-07-04 00:00:00,30.70,62.59,1.72,11.34,7.44,NA,NA,1.15,45.05,NA,NA,NA,NA,NA,NA,NA,NA,NA,NA,NA,0.00,NA,NA,NA
2025-07-04 01:00:00,45.37,76.68,1.65,11.32,7.36,NA,NA,1.16,45.68,NA,NA,NA,NA,NA,NA,NA,NA,NA,NA,NA,0.00,NA,NA,NA
2025-07-04 02:00:00,22.32,69.49,1.28,11.34,7.07,NA,NA,1.16,62.82,NA,NA,NA,NA,NA,NA,NA,NA,NA,NA,NA,0.00,NA,NA,NA
2025-07-04 03:00:00,44.10,52.65,0.98,11.33,6.82,NA,NA,1.17,62.80,NA,NA,NA,NA,NA,NA,NA,NA,NA,NA,NA,0.00,NA,NA,NA
2025-07-04 04:00:00,21.49,40.22,1.18,11.32,6.98,NA,NA,1.14,50.59,NA,NA,NA,NA,NA,NA,NA,NA,NA,NA,NA,0.00,NA,NA,NA
2025-07-04 05:00:00,27.89,45.40,1.32,11.32,7.10,NA,NA,1.14,51.71,NA,NA,NA,NA,NA,NA,NA,NA,NA,NA,NA,0.00,NA,NA,NA
2025-07-04 06:00:00,25.57,59.98,1.13,11.21,6.88,NA,NA,1.12,61.03,NA,NA,NA,NA,NA,NA,NA,NA,NA,NA,NA,0.00,NA,NA,NA
2025-07-04 07:00:00,20.26,54.00,0.73,11.29,6.60,NA,NA,1.14,87.34,NA,NA,NA,NA,NA,NA,NA,NA,NA,NA,NA,0.00,NA,NA,NA
2025-07-04 08:00:00,17.69,39.08,0.72,11.31,6.60,NA,NA,1.17,58.86,NA,NA,NA,NA,NA,NA,NA,NA,NA,NA,NA,0.00,NA,NA,NA
2025-07-04 09:00:00,20.00,68.32,1.07,11.28,6.87,NA,NA,1.16,67.52,NA,NA,NA,NA,NA,NA,NA,NA,NA,NA,NA,0.00,NA,NA,NA
2025-07-04 10:00:00,36.22,87.38,1.04,11.33,6.88,NA,NA,1.15,74.66,NA,NA,NA,NA,NA,NA,NA,NA,NA,NA,NA,0.00,NA,NA,NA
2025-07-04 11:00:00,28.61,71.64,1.14,11.34,6.96,NA,NA,1.13,64.41,NA,NA,NA,NA,NA,NA,NA,NA,NA,NA,NA,0.00,NA,NA,NA
2025-07-04 12:00:00,34.61,96.61,1.43,11.35,7.20,NA,NA,1.10,69.04,NA,NA,NA,NA,NA,NA,NA,NA,NA,NA,NA,0.00,NA,NA,NA
2025-07-04 13:00:00,16.90,69.41,1.69,11.29,7.38,NA,NA,1.06,53.76,NA,NA,NA,NA,NA,NA,NA,NA,NA,NA,NA,0.00,NA,NA,NA
2025-07-04 14:00:00,47.86,104.07,NA,NA,NA,NA,NA,1.13,62.70,NA,NA,NA,NA,NA,NA,NA,NA,NA,NA,NA,0.00,NA,NA,NA
2025-07-04 15:00:00,34.04,62.74,NA,NA,NA,NA,NA,1.11,54.20,NA,NA,NA,NA,NA,NA,NA,NA,NA,NA,NA,0.00,NA,NA,NA
2025-07-04 16:00:00,NA,18.13,NA,NA,NA,NA,NA,1.20,NA,NA,NA,NA,NA,NA,NA,NA,NA,NA,NA,NA,0.00,NA,NA,NA
2025-07-04 17:00:00,1.51,39.38,NA,NA,NA,NA,NA,NA,NA,NA,NA,NA,NA,NA,NA,NA,NA,NA,NA,NA,0.00,NA,NA,NA
2025-07-04 18:00:00,NA,48.67,NA,NA,NA,NA,NA,NA,NA,NA,NA,NA,NA,NA,NA,NA,NA,NA,NA,NA,0.00,NA,NA,NA
2025-07-04 19:00:00,NA,79.53,NA,NA,NA,NA,NA,1.14,NA,NA,NA,NA,NA,NA,NA,NA,NA,NA,NA,NA,0.00,NA,NA,NA
2025-07-04 20:00:00,NA,97.38,1.91,9.64,6.68,NA,NA,1.27,NA,NA,NA,NA,NA,NA,NA,NA,NA,NA,NA,NA,0.00,NA,NA,NA
2025-07-04 21:00:00,79.96,85.67,0.19,9.58,5.11,NA,NA,1.24,NA,NA,NA,NA,NA,NA,NA,NA,NA,NA,NA,NA,0.00,NA,NA,NA
2025-07-04 22:00:00,NA,65.61,NA,9.64,4.56,NA,NA,1.30,NA,NA,NA,NA,NA,NA,NA,NA,NA,NA,NA,NA,0.00,NA,NA,NA
2025-07-04 23:00:00,16.98,54.83,NA,9.64,4.28,NA,NA,1.34,NA,NA,NA,NA,NA,NA,NA,NA,NA,NA,NA,NA,0.00,NA,NA,NA
2025-07-05 00:00:00,NA,39.46,NA,9.64,4.35,NA,NA,1.33,NA,NA,NA,NA,NA,NA,NA,NA,NA,NA,NA,NA,0.00,NA,NA,NA
2025-07-05 01:00:00,11.76,61.32,NA,9.64,4.41,NA,NA,1.32,NA,NA,NA,NA,NA,NA,NA,NA,NA,NA,NA,NA,0.00,NA,NA,NA
2025-07-05 02:00:00,NA,65.22,NA,9.62,4.21,NA,NA,1.24,NA,NA,NA,NA,NA,NA,NA,NA,NA,NA,NA,NA,0.00,NA,NA,NA
2025-07-05 03:00:00,14.59,70.36,NA,9.67,3.22,NA,NA,1.23,NA,NA,NA,NA,NA,NA,NA,NA,NA,NA,NA,NA,0.00,NA,NA,NA
2025-07-05 04:00:00,NA,76.55,NA,9.68,2.45,NA,NA,1.28,NA,NA,NA,NA,NA,NA,NA,NA,NA,NA,NA,NA,0.00,NA,NA,NA
2025-07-05 05:00:00,NA,55.09,NA,9.64,1.67,NA,NA,1.32,NA,NA,NA,NA,NA,NA,NA,NA,NA,NA,NA,NA,0.00,NA,NA,NA
2025-07-05 06:00:00,NA,52.87,NA,9.66,1.45,NA,NA,1.29,NA,NA,NA,NA,NA,NA,NA,NA,NA,NA,NA,NA,0.00,NA,NA,NA
2025-07-05 07:00:00,NA,69.83,NA,9.64,1.13,NA,NA,1.28,NA,NA,NA,NA,NA,NA,NA,NA,NA,NA,NA,NA,0.00,NA,NA,NA
2025-07-05 08:00:00,59.12,58.52,NA,9.64,0.76,NA,NA,1.25,NA,NA,NA,NA,NA,NA,NA,NA,NA,NA,NA,NA,0.00,NA,NA,NA
2025-07-05 09:00:00,NA,68.16,NA,9.62,0.52,NA,NA,1.25,NA,NA,NA,NA,NA,NA,NA,NA,NA,NA,NA,NA,0.00,NA,NA,NA
2025-07-05 10:00:00,NA,73.40,NA,9.64,0.40,NA,NA,1.22,NA,NA,NA,NA,NA,NA,NA,NA,NA,NA,NA,NA,0.00,NA,NA,NA
2025-07-05 11:00:00,NA,60.81,NA,NA,NA,NA,NA,1.06,NA,NA,NA,NA,NA,NA,NA,NA,NA,NA,NA,NA,0.00,NA,NA,NA
2025-07-05 12:00:00,NA,57.01,NA,NA,NA,NA,NA,1.09,NA,NA,NA,NA,NA,NA,NA,NA,NA,NA,NA,NA,0.00,NA,NA,NA
2025-07-05 13:00:00,NA,65.33,NA,NA,NA,NA,NA,1.11,NA,NA,NA,NA,NA,NA,NA,NA,NA,NA,NA,NA,0.00,NA,NA,NA
2025-07-05 14:00:00,NA,54.83,NA,NA,NA,NA,NA,1.14,NA,NA,NA,NA,NA,NA,NA,NA,NA,NA,NA,NA,0.00,NA,NA,NA
2025-07-05 15:00:00,NA,47.61,NA,NA,NA,NA,NA,1.06,NA,NA,NA,NA,NA,NA,NA,NA,NA,NA,NA,NA,0.00,NA,NA,NA
2025-07-05 16:00:00,NA,85.87,NA,NA,NA,NA,NA,0.98,NA,NA,NA,NA,NA,NA,NA,NA,NA,NA,NA,NA,0.00,NA,NA,NA
2025-07-05 17:00:00,NA,101.30,NA,NA,NA,NA,NA,0.91,53.74,NA,NA,NA,NA,NA,NA,NA,NA,NA,NA,NA,0.00,NA,NA,NA
2025-07-05 18:00:00,NA,114.07,NA,NA,NA,NA,NA,0.71,51.40,NA,NA,NA,NA,NA,NA,NA,NA,NA,NA,NA,0.00,NA,NA,NA
2025-07-05 19:00:00,NA,84.69,NA,NA,NA,NA,NA,0.82,31.56,NA,NA,NA,NA,NA,NA,NA,NA,NA,NA,NA,0.00,NA,NA,NA
2025-07-05 20:00:00,NA,40.00,55.04,66.97,181.87,NA,NA,0.72,15.84,NA,NA,NA,NA,NA,NA,NA,NA,NA,NA,NA,0.00,NA,NA,NA
2025-07-05 21:00:00,NA,NA,54.62,73.91,83.72,NA,NA,0.88,38.36,NA,NA,NA,NA,NA,NA,NA,NA,NA,NA,NA,0.00,NA,NA,NA
2025-07-05 22:00:00,NA,NA,63.41,73.32,90.55,NA,NA,0.98,44.50,NA,NA,NA,NA,NA,NA,NA,NA,NA,NA,NA,0.00,NA,NA,NA
2025-07-05 23:00:00,NA,NA,62.72,76.25,91.54,NA,NA,0.83,52.08,NA,NA,NA,NA,NA,NA,NA,NA,NA,NA,NA,0.00,NA,NA,NA
2025-07-06 00:00:00,NA,NA,60.01,79.03,90.82,NA,NA,0.68,34.58,NA,NA,NA,NA,NA,NA,NA,NA,NA,NA,NA,0.00,NA,NA,NA
2025-07-06 01:00:00,NA,NA,65.99,50.29,88.14,NA,NA,1.08,17.24,NA,NA,NA,NA,NA,NA,NA,NA,NA,NA,NA,0.00,NA,NA,NA
2025-07-06 02:00:00,NA,NA,73.16,69.46,96.42,NA,NA,0.79,45.42,NA,NA,NA,NA,NA,NA,NA,NA,NA,NA,NA,0.00,NA,NA,NA
2025-07-06 03:00:00,NA,NA,76.24,69.11,98.74,NA,NA,0.87,109.24,NA,NA,NA,NA,NA,NA,NA,NA,NA,NA,NA,0.00,NA,NA,NA
2025-07-06 04:00:00,NA,NA,77.90,70.96,101.07,NA,NA,0.90,80.23,NA,NA,NA,NA,NA,NA,NA,NA,NA,NA,NA,0.00,NA,NA,NA
2025-07-06 05:00:00,NA,NA,74.86,70.72,98.48,NA,NA,0.80,78.93,NA,NA,NA,NA,NA,NA,NA,NA,NA,NA,NA,0.00,NA,NA,NA
2025-07-06 06:00:00,NA,NA,67.49,68.98,91.56,NA,NA,0.78,86.59,NA,NA,NA,NA,NA,NA,NA,NA,NA,NA,NA,0.00,NA,NA,NA
2025-07-06 07:00:00,NA,0.66,56.81,67.59,82.14,NA,NA,0.78,106.43,NA,NA,NA,NA,NA,NA,NA,NA,NA,NA,NA,0.00,NA,NA,NA
2025-07-06 08:00:00,NA,0.02,48.70,70.27,76.96,NA,NA,0.82,79.55,NA,NA,NA,NA,NA,NA,NA,NA,NA,NA,NA,0.00,NA,NA,NA
2025-07-06 09:00:00,NA,18.02,36.45,76.42,70.28,NA,NA,0.74,148.82,NA,NA,NA,NA,NA,NA,NA,NA,NA,NA,NA,0.00,NA,NA,NA
2025-07-06 10:00:00,NA,13.94,20.62,79.14,58.86,NA,NA,0.65,92.86,NA,NA,NA,NA,NA,NA,NA,NA,NA,NA,NA,0.00,NA,NA,NA
2025-07-06 11:00:00,NA,19.08,11.54,81.02,52.48,NA,NA,0.64,63.59,NA,NA,NA,NA,NA,NA,NA,NA,NA,NA,NA,0.00,NA,NA,NA
2025-07-06 12:00:00,NA,52.30,9.09,81.83,50.91,NA,NA,0.62,92.68,NA,NA,NA,NA,NA,NA,NA,NA,NA,NA,NA,0.00,NA,NA,NA
2025-07-06 13:00:00,NA,61.63,4.10,85.70,48.90,NA,NA,0.67,98.72,NA,NA,NA,NA,NA,NA,NA,NA,NA,NA,NA,0.00,NA,NA,NA
2025-07-06 14:00:00,NA,52.63,1.23,85.09,45.56,NA,NA,0.62,68.43,NA,NA,NA,NA,NA,NA,NA,NA,NA,NA,NA,0.00,NA,NA,NA
2025-07-06 15:00:00,NA,33.69,3.72,79.78,45.46,NA,NA,0.61,76.23,NA,NA,NA,NA,NA,NA,NA,NA,NA,NA,NA,0.00,NA,NA,NA
2025-07-06 16:00:00,NA,39.99,10.14,77.74,49.60,NA,NA,0.66,86.37,NA,NA,NA,NA,NA,NA,NA,NA,NA,NA,NA,0.00,NA,NA,NA
2025-07-06 17:00:00,NA,72.65,8.49,80.79,49.80,NA,NA,0.77,137.94,NA,NA,NA,NA,NA,NA,NA,NA,NA,NA,NA,0.00,NA,NA,NA
2025-07-06 18:00:00,57.25,146.69,NA,107.14,37.98,NA,NA,1.02,135.52,NA,NA,NA,NA,NA,NA,NA,NA,NA,NA,NA,0.00,NA,NA,NA
2025-07-06 19:00:00,80.31,169.63,29.96,24.63,37.46,NA,NA,1.13,95.78,NA,NA,NA,NA,NA,NA,NA,NA,NA,NA,NA,0.00,NA,NA,NA
2025-07-06 20:00:00,75.19,157.51,28.94,17.02,32.58,NA,NA,1.16,101.04,NA,NA,NA,NA,NA,NA,NA,NA,NA,NA,NA,0.00,NA,NA,NA
2025-07-06 21:00:00,58.34,115.12,30.53,12.02,31.22,NA,NA,1.13,90.43,NA,NA,NA,NA,NA,NA,NA,NA,NA,NA,NA,0.00,NA,NA,NA
2025-07-06 22:00:00,57.31,101.14,36.58,6.66,33.29,NA,NA,1.14,118.91,NA,NA,NA,NA,NA,NA,NA,NA,NA,NA,NA,0.00,NA,NA,NA
2025-07-06 23:00:00,46.56,92.56,39.38,5.24,34.81,NA,NA,1.19,143.44,NA,NA,NA,NA,NA,NA,NA,NA,NA,NA,NA,0.00,NA,NA,NA
2025-07-07 00:00:00,32.78,81.32,39.29,7.00,35.67,NA,NA,1.14,165.18,NA,NA,NA,NA,NA,NA,NA,NA,NA,NA,NA,0.00,NA,NA,NA
2025-07-07 01:00:00,44.50,75.32,32.83,9.64,31.81,NA,NA,1.00,70.12,NA,NA,NA,NA,NA,NA,NA,NA,NA,NA,NA,0.00,NA,NA,NA
2025-07-07 02:00:00,5.19,18.95,18.93,12.22,21.88,NA,NA,0.90,73.80,NA,NA,NA,NA,NA,NA,NA,NA,NA,NA,NA,0.00,NA,NA,NA
2025-07-07 03:00:00,1.13,9.82,12.97,11.98,16.92,NA,NA,0.95,117.23,NA,NA,NA,NA,NA,NA,NA,NA,NA,NA,NA,0.00,NA,NA,NA
2025-07-07 04:00:00,NA,NA,9.46,13.48,14.86,NA,NA,0.94,108.62,NA,NA,NA,NA,NA,NA,NA,NA,NA,NA,NA,0.00,NA,NA,NA
2025-07-07 05:00:00,4.70,6.95,10.13,6.90,11.90,NA,NA,0.87,77.50,NA,NA,NA,NA,NA,NA,NA,NA,NA,NA,NA,0.00,NA,NA,NA
2025-07-07 06:00:00,1.48,5.31,5.12,9.11,9.01,NA,NA,0.86,81.22,NA,NA,NA,NA,NA,NA,NA,NA,NA,NA,NA,0.00,NA,NA,NA
2025-07-07 07:00:00,5.64,9.70,4.44,11.61,9.78,NA,NA,0.82,67.67,NA,NA,NA,NA,NA,NA,NA,NA,NA,NA,NA,0.00,NA,NA,NA
2025-07-07 08:00:00,16.79,36.49,40.21,15.15,36.32,NA,NA,0.81,48.76,NA,NA,NA,NA,NA,NA,NA,NA,NA,NA,NA,0.00,NA,NA,NA
2025-07-07 09:00:00,19.17,47.58,158.78,123.45,181.08,NA,NA,0.91,63.93,NA,NA,NA,NA,NA,NA,NA,NA,NA,NA,NA,0.00,NA,NA,NA
2025-07-07 10:00:00,12.52,22.35,24.89,36.19,31.82,NA,NA,1.03,104.41,NA,NA,NA,NA,NA,NA,NA,NA,NA,NA,NA,0.00,NA,NA,NA
2025-07-07 11:00:00,1.22,5.24,17.44,16.65,14.13,NA,NA,0.96,153.94,NA,NA,NA,NA,NA,NA,NA,NA,NA,NA,NA,0.00,NA,NA,NA
2025-07-07 12:00:00,0.03,NA,125.59,35.73,113.80,NA,NA,0.96,137.08,NA,NA,NA,NA,NA,NA,NA,NA,NA,NA,NA,0.00,NA,NA,NA
2025-07-07 13:00:00,1.99,11.00,312.54,36.39,319.30,NA,NA,0.96,113.27,NA,NA,NA,NA,NA,NA,NA,NA,NA,NA,NA,0.00,NA,NA,NA
2025-07-07 14:00:00,7.63,37.58,281.09,82.84,270.36,NA,NA,0.93,94.19,NA,NA,NA,NA,NA,NA,NA,NA,NA,NA,NA,0.00,NA,NA,NA
2025-07-07 15:00:00,10.20,36.39,159.09,24.44,124.30,NA,NA,0.90,102.58,NA,NA,NA,NA,NA,NA,NA,NA,NA,NA,NA,0.00,NA,NA,NA
2025-07-07 16:00:00,19.16,48.98,232.54,39.93,201.48,NA,NA,0.88,105.01,NA,NA,NA,NA,NA,NA,NA,NA,NA,NA,NA,0.00,NA,NA,NA
2025-07-07 17:00:00,22.61,57.41,213.34,5.77,165.84,NA,NA,0.90,130.74,NA,NA,NA,NA,NA,NA,NA,NA,NA,NA,NA,0.00,NA,NA,NA
2025-07-07 18:00:00,23.94,69.32,156.68,19.16,128.24,NA,NA,0.96,113.58,NA,NA,NA,NA,NA,NA,NA,NA,NA,NA,NA,0.00,NA,NA,NA
2025-07-07 19:00:00,19.73,73.40,184.74,15.99,153.90,NA,NA,1.01,103.38,NA,NA,NA,NA,NA,NA,NA,NA,NA,NA,NA,0.00,NA,NA,NA
2025-07-07 20:00:00,19.00,87.57,244.94,2.38,172.50,NA,NA,1.08,96.76,NA,NA,NA,NA,NA,NA,NA,NA,NA,NA,NA,0.00,NA,NA,NA
2025-07-07 21:00:00,17.68,59.86,213.54,NA,148.86,NA,NA,1.10,51.47,NA,NA,NA,NA,NA,NA,NA,NA,NA,NA,NA,0.00,NA,NA,NA
2025-07-07 22:00:00,28.85,71.04,143.56,1.52,101.61,NA,NA,1.13,45.34,NA,NA,NA,NA,NA,NA,NA,NA,NA,NA,NA,0.00,NA,NA,NA
2025-07-07 23:00:00,25.38,70.41,98.20,1.73,70.36,NA,NA,1.14,49.53,NA,NA,NA,NA,NA,NA,NA,NA,NA,NA,NA,0.00,NA,NA,NA
2025-07-08 00:00:00,30.52,81.52,70.37,0.84,57.31,NA,NA,1.15,82.59,NA,NA,NA,NA,NA,NA,NA,NA,NA,NA,NA,0.00,NA,NA,NA
2025-07-08 01:00:00,24.96,50.85,72.18,2.00,58.40,NA,NA,1.18,156.43,NA,NA,NA,NA,NA,NA,NA,NA,NA,NA,NA,0.00,NA,NA,NA
2025-07-08 02:00:00,29.53,41.75,73.08,0.87,59.02,NA,NA,1.12,41.84,NA,NA,NA,NA,NA,NA,NA,NA,NA,NA,NA,0.00,NA,NA,NA
2025-07-08 03:00:00,33.43,53.58,76.21,5.36,64.32,NA,NA,1.08,40.24,NA,NA,NA,NA,NA,NA,NA,NA,NA,NA,NA,0.00,NA,NA,NA
2025-07-08 04:00:00,22.28,57.02,80.09,0.15,63.99,NA,NA,1.07,50.73,NA,NA,NA,NA,NA,NA,NA,NA,NA,NA,NA,0.00,NA,NA,NA
2025-07-08 05:00:00,18.84,46.48,68.24,6.61,54.68,NA,NA,1.10,119.08,NA,NA,NA,NA,NA,NA,NA,NA,NA,NA,NA,0.00,NA,NA,NA
2025-07-08 06:00:00,14.45,46.72,74.90,3.09,48.89,NA,NA,1.03,62.40,NA,NA,NA,NA,NA,NA,NA,NA,NA,NA,NA,0.00,NA,NA,NA
2025-07-08 07:00:00,28.81,68.78,87.30,2.29,72.52,NA,NA,0.98,44.82,NA,NA,NA,NA,NA,NA,NA,NA,NA,NA,NA,0.00,NA,NA,NA
2025-07-08 08:00:00,34.52,87.72,NA,214.66,NA,NA,NA,0.97,49.52,NA,NA,NA,NA,NA,NA,NA,NA,NA,NA,NA,0.00,NA,NA,NA
2025-07-08 09:00:00,22.14,113.56,NA,0.46,NA,NA,NA,1.08,79.23,NA,NA,NA,NA,NA,NA,NA,NA,NA,NA,NA,0.00,NA,NA,NA
2025-07-08 10:00:00,17.48,92.38,NA,NA,NA,NA,NA,0.92,66.94,NA,NA,NA,NA,NA,NA,NA,NA,NA,NA,NA,0.00,NA,NA,NA
2025-07-08 11:00:00,4.89,53.76,NA,NA,NA,NA,NA,0.81,64.82,NA,NA,NA,NA,NA,NA,NA,NA,NA,NA,NA,0.00,NA,NA,NA
2025-07-08 12:00:00,23.15,68.85,NA,NA,NA,NA,NA,0.68,58.78,NA,NA,NA,NA,NA,NA,NA,NA,NA,NA,NA,0.00,NA,NA,NA
2025-07-08 13:00:00,20.12,79.91,NA,NA,NA,NA,NA,0.62,48.66,NA,NA,NA,NA,NA,NA,NA,NA,NA,NA,NA,0.00,NA,NA,NA
2025-07-08 14:00:00,21.20,88.57,NA,NA,NA,NA,NA,0.71,55.52,NA,NA,NA,NA,NA,NA,NA,NA,NA,NA,NA,0.00,NA,NA,NA
2025-07-08 15:00:00,17.14,37.12,NA,NA,NA,NA,NA,0.90,65.00,NA,NA,NA,NA,NA,NA,NA,NA,NA,NA,NA,0.00,NA,NA,NA
2025-07-08 16:00:00,22.05,79.34,NA,NA,NA,NA,NA,0.68,NA,NA,NA,NA,NA,NA,NA,NA,NA,NA,NA,NA,0.00,NA,NA,NA
2025-07-08 17:00:00,24.74,93.55,10.41,34.69,26.92,NA,NA,0.62,30.60,NA,NA,NA,NA,NA,NA,NA,NA,NA,NA,NA,0.00,NA,NA,NA
2025-07-08 18:00:00,22.78,78.49,2.12,35.64,18.88,NA,NA,0.60,40.45,NA,NA,NA,NA,NA,NA,NA,NA,NA,NA,NA,0.00,NA,NA,NA
2025-07-08 19:00:00,22.36,75.84,3.54,36.43,17.79,NA,NA,0.71,39.38,NA,NA,NA,NA,NA,NA,NA,NA,NA,NA,NA,0.00,NA,NA,NA
2025-07-08 20:00:00,26.97,62.12,18.39,34.84,19.76,NA,NA,0.87,35.50,NA,NA,NA,NA,NA,NA,NA,NA,NA,NA,NA,0.00,NA,NA,NA
2025-07-08 21:00:00,17.61,74.56,19.10,30.78,31.90,NA,NA,1.03,56.69,NA,NA,NA,NA,NA,NA,NA,NA,NA,NA,NA,0.00,NA,NA,NA
2025-07-08 22:00:00,22.61,103.22,23.94,37.49,39.41,NA,NA,1.15,52.21,NA,NA,NA,NA,NA,NA,NA,NA,NA,NA,NA,0.00,NA,NA,NA
2025-07-08 23:00:00,38.10,133.59,25.93,30.73,37.42,NA,NA,1.19,97.65,NA,NA,NA,NA,NA,NA,NA,NA,NA,NA,NA,0.00,NA,NA,NA
2025-07-09 00:00:00,16.27,55.34,16.63,31.76,30.41,NA,NA,0.88,50.00,NA,NA,NA,NA,NA,NA,NA,NA,NA,NA,NA,0.00,NA,NA,NA
2025-07-09 01:00:00,6.30,24.14,12.83,35.01,29.06,NA,NA,0.75,32.24,NA,NA,NA,NA,NA,NA,NA,NA,NA,NA,NA,0.00,NA,NA,NA
2025-07-09 02:00:00,17.35,39.30,13.28,39.03,31.56,NA,NA,0.70,23.36,NA,NA,NA,NA,NA,NA,NA,NA,NA,NA,NA,0.00,NA,NA,NA
2025-07-09 03:00:00,NA,NA,NA,NA,NA,NA,NA,NA,NA,NA,NA,NA,NA,NA,NA,NA,NA,NA,NA,NA,0.00,NA,NA,NA
2025-07-09 04:00:00,6.28,34.86,131.33,19.08,116.35,NA,NA,1.11,32.37,NA,NA,NA,NA,NA,NA,NA,NA,NA,NA,NA,0.00,NA,NA,NA
2025-07-09 05:00:00,NA,NA,74.49,24.85,73.78,NA,NA,0.94,40.83,NA,NA,NA,NA,NA,NA,NA,NA,NA,NA,NA,0.00,NA,NA,NA
2025-07-09 06:00:00,NA,NA,74.39,26.48,74.55,NA,NA,0.96,50.52,NA,NA,NA,NA,NA,NA,NA,NA,NA,NA,NA,0.00,NA,NA,NA
2025-07-09 07:00:00,NA,NA,38.63,30.82,47.78,NA,NA,0.94,40.29,NA,NA,NA,NA,NA,NA,NA,NA,NA,NA,NA,0.00,NA,NA,NA
2025-07-09 08:00:00,NA,NA,41.98,27.62,48.85,NA,NA,0.99,47.93,NA,NA,NA,NA,NA,NA,NA,NA,NA,NA,NA,0.00,NA,NA,NA
2025-07-09 09:00:00,NA,13.19,42.31,29.19,49.91,NA,NA,1.07,91.30,NA,NA,NA,NA,NA,NA,NA,NA,NA,NA,NA,0.00,NA,NA,NA
2025-07-09 10:00:00,NA,8.54,20.84,33.72,34.88,NA,NA,1.10,78.32,NA,NA,NA,NA,NA,NA,NA,NA,NA,NA,NA,0.00,NA,NA,NA
2025-07-09 11:00:00,NA,30.62,20.90,32.20,34.12,NA,NA,1.02,65.28,NA,NA,NA,NA,NA,NA,NA,NA,NA,NA,NA,0.00,NA,NA,NA
2025-07-09 12:00:00,0.17,30.07,32.47,28.42,41.54,NA,NA,0.97,51.54,NA,NA,NA,NA,NA,NA,NA,NA,NA,NA,NA,0.00,NA,NA,NA
2025-07-09 13:00:00,3.20,33.20,35.24,27.08,43.05,NA,NA,0.97,56.64,NA,NA,NA,NA,NA,NA,NA,NA,NA,NA,NA,0.00,NA,NA,NA
2025-07-09 14:00:00,1.86,52.07,21.24,27.66,31.99,NA,NA,0.95,63.67,NA,NA,NA,NA,NA,NA,NA,NA,NA,NA,NA,0.00,NA,NA,NA
2025-07-09 15:00:00,6.94,44.70,17.49,29.04,29.67,NA,NA,1.00,74.66,NA,NA,NA,NA,NA,NA,NA,NA,NA,NA,NA,0.00,NA,NA,NA
2025-07-09 16:00:00,15.16,54.15,49.96,26.48,54.72,NA,NA,0.91,73.90,NA,NA,NA,NA,NA,NA,NA,NA,NA,NA,NA,0.00,NA,NA,NA
2025-07-09 17:00:00,20.11,62.19,47.98,24.62,52.10,NA,NA,0.92,69.83,NA,NA,NA,NA,NA,NA,NA,NA,NA,NA,NA,0.00,NA,NA,NA
2025-07-09 18:00:00,16.99,53.80,48.02,24.85,52.26,NA,NA,0.92,66.30,NA,NA,NA,NA,NA,NA,NA,NA,NA,NA,NA,0.00,NA,NA,NA
2025-07-09 19:00:00,18.55,34.06,42.74,24.46,47.75,NA,NA,0.90,74.30,NA,NA,NA,NA,NA,NA,NA,NA,NA,NA,NA,0.00,NA,NA,NA
2025-07-09 20:00:00,NA,0.13,29.80,34.31,42.47,NA,NA,0.90,49.42,NA,NA,NA,NA,NA,NA,NA,NA,NA,NA,NA,0.00,NA,NA,NA
2025-07-09 21:00:00,7.32,12.90,25.48,39.66,41.81,NA,NA,0.86,38.36,NA,NA,NA,NA,NA,NA,NA,NA,NA,NA,NA,0.00,NA,NA,NA
2025-07-09 22:00:00,5.29,16.93,24.70,31.15,36.65,NA,NA,0.83,50.07,NA,NA,NA,NA,NA,NA,NA,NA,NA,NA,NA,0.00,NA,NA,NA
2025-07-09 23:00:00,1.02,9.18,29.82,24.99,37.55,NA,NA,0.83,54.12,NA,NA,NA,NA,NA,NA,NA,NA,NA,NA,NA,0.00,NA,NA,NA
2025-07-10 00:00:00,NA,6.90,55.53,23.44,57.62,NA,NA,0.90,70.38,NA,NA,NA,NA,NA,NA,NA,NA,NA,NA,NA,0.00,NA,NA,NA
2025-07-10 01:00:00,0.29,NA,57.51,22.59,58.77,NA,NA,0.97,84.05,NA,NA,NA,NA,NA,NA,NA,NA,NA,NA,NA,0.00,NA,NA,NA
2025-07-10 02:00:00,2.24,NA,60.53,26.76,63.44,NA,NA,1.00,37.03,NA,NA,NA,NA,NA,NA,NA,NA,NA,NA,NA,0.00,NA,NA,NA
2025-07-10 03:00:00,30.45,42.30,62.70,26.72,65.19,NA,NA,0.97,39.99,NA,NA,NA,NA,NA,NA,NA,NA,NA,NA,NA,0.00,NA,NA,NA
2025-07-10 04:00:00,13.52,38.32,61.37,23.74,62.52,NA,NA,0.96,69.00,NA,NA,NA,NA,NA,NA,NA,NA,NA,NA,NA,0.00,NA,NA,NA
2025-07-10 05:00:00,1.63,32.62,62.20,24.38,63.54,NA,NA,0.97,51.18,NA,NA,NA,NA,NA,NA,NA,NA,NA,NA,NA,0.00,NA,NA,NA
2025-07-10 06:00:00,NA,NA,NA,NA,NA,NA,NA,NA,NA,NA,NA,NA,NA,NA,NA,NA,NA,NA,NA,NA,0.00,NA,NA,NA
2025-07-10 07:00:00,NA,NA,NA,NA,NA,NA,NA,NA,NA,NA,NA,NA,NA,NA,NA,NA,NA,NA,NA,NA,0.00,NA,NA,NA
2025-07-10 08:00:00,NA,NA,NA,NA,NA,NA,NA,NA,NA,NA,NA,NA,NA,NA,NA,NA,NA,NA,NA,NA,0.00,NA,NA,NA
2025-07-10 09:00:00,NA,NA,128.18,16.88,112.72,NA,NA,2.09,204.74,NA,NA,NA,NA,NA,NA,NA,NA,NA,NA,NA,0.00,NA,NA,NA
2025-07-10 10:00:00,NA,NA,68.36,26.79,69.83,NA,NA,1.30,140.47,NA,NA,NA,NA,NA,NA,NA,NA,NA,NA,NA,0.00,NA,NA,NA
2025-07-10 11:00:00,NA,NA,66.10,25.60,67.36,NA,NA,1.18,157.50,NA,NA,NA,NA,NA,NA,NA,NA,NA,NA,NA,0.00,NA,NA,NA
2025-07-10 12:00:00,NA,NA,65.25,26.16,66.97,NA,NA,1.18,178.52,NA,NA,NA,NA,NA,NA,NA,NA,NA,NA,NA,0.00,NA,NA,NA
2025-07-10 13:00:00,NA,NA,65.74,24.38,66.42,NA,NA,1.08,113.40,NA,NA,NA,NA,NA,NA,NA,NA,NA,NA,NA,0.00,NA,NA,NA
2025-07-10 14:00:00,NA,NA,64.84,24.36,65.67,NA,NA,1.04,142.10,NA,NA,NA,NA,NA,NA,NA,NA,NA,NA,NA,0.00,NA,NA,NA
2025-07-10 15:00:00,NA,NA,62.72,22.91,63.18,NA,NA,1.01,132.15,NA,NA,NA,NA,NA,NA,NA,NA,NA,NA,NA,0.00,NA,NA,NA
2025-07-10 16:00:00,NA,NA,61.71,21.80,61.77,NA,NA,1.05,106.50,NA,NA,NA,NA,NA,NA,NA,NA,NA,NA,NA,0.00,NA,NA,NA
2025-07-10 17:00:00,NA,3.13,62.12,21.95,62.18,NA,NA,1.05,111.22,NA,NA,NA,NA,NA,NA,NA,NA,NA,NA,NA,0.00,NA,NA,NA
2025-07-10 18:00:00,NA,8.62,63.86,22.91,64.10,NA,NA,1.03,99.05,NA,NA,NA,NA,NA,NA,NA,NA,NA,NA,NA,0.00,NA,NA,NA
2025-07-10 19:00:00,6.60,18.93,66.85,23.62,66.91,NA,NA,0.97,40.14,NA,NA,NA,NA,NA,NA,NA,NA,NA,NA,NA,0.00,NA,NA,NA
2025-07-10 20:00:00,13.54,34.63,69.65,22.36,68.52,NA,NA,0.90,24.96,NA,NA,NA,NA,NA,NA,NA,NA,NA,NA,NA,0.00,NA,NA,NA
2025-07-10 21:00:00,8.28,44.80,70.05,19.43,67.28,NA,NA,1.01,37.97,NA,NA,NA,NA,NA,NA,NA,NA,NA,NA,NA,0.00,NA,NA,NA
2025-07-10 22:00:00,7.19,30.72,71.19,18.79,67.87,NA,NA,1.27,47.17,NA,NA,NA,NA,NA,NA,NA,NA,NA,NA,NA,0.00,NA,NA,NA
2025-07-10 23:00:00,7.30,14.98,73.65,20.29,70.67,NA,NA,1.22,39.89,NA,NA,NA,NA,NA,NA,NA,NA,NA,NA,NA,0.00,NA,NA,NA
2025-07-11 00:00:00,3.92,34.83,74.54,19.72,71.08,NA,NA,1.15,48.28,NA,NA,NA,NA,NA,NA,NA,NA,NA,NA,NA,0.00,NA,NA,NA
2025-07-11 01:00:00,10.64,27.88,74.43,20.79,71.57,NA,NA,1.15,50.31,NA,NA,NA,NA,NA,NA,NA,NA,NA,NA,NA,0.00,NA,NA,NA
2025-07-11 02:00:00,13.14,43.62,73.16,19.25,69.72,NA,NA,1.18,66.90,NA,NA,NA,NA,NA,NA,NA,NA,NA,NA,NA,0.00,NA,NA,NA
2025-07-11 03:00:00,1.90,17.81,72.93,18.45,69.11,NA,NA,1.25,145.29,NA,NA,NA,NA,NA,NA,NA,NA,NA,NA,NA,0.00,NA,NA,NA
2025-07-11 04:00:00,4.28,5.13,75.64,19.36,71.79,NA,NA,1.18,36.64,NA,NA,NA,NA,NA,NA,NA,NA,NA,NA,NA,0.00,NA,NA,NA
2025-07-11 05:00:00,13.16,38.29,78.13,19.87,74.10,NA,NA,1.16,41.02,NA,NA,NA,NA,NA,NA,NA,NA,NA,NA,NA,0.00,NA,NA,NA
2025-07-11 06:00:00,19.04,61.25,83.27,21.74,79.27,NA,NA,1.25,55.73,NA,NA,NA,NA,NA,NA,NA,NA,NA,NA,NA,0.00,NA,NA,NA
2025-07-11 07:00:00,18.21,78.53,78.38,22.01,75.43,NA,NA,1.41,90.81,NA,NA,NA,NA,NA,NA,NA,NA,NA,NA,NA,0.00,NA,NA,NA
2025-07-11 08:00:00,24.94,43.30,75.22,21.76,72.73,NA,NA,1.42,72.72,NA,NA,NA,NA,NA,NA,NA,NA,NA,NA,NA,0.00,NA,NA,NA
2025-07-11 09:00:00,23.24,46.84,73.22,23.97,72.28,NA,NA,1.27,100.74,NA,NA,NA,NA,NA,NA,NA,NA,NA,NA,NA,0.00,NA,NA,NA
2025-07-11 10:00:00,17.23,58.10,70.74,22.02,69.23,NA,NA,1.18,73.70,NA,NA,NA,NA,NA,NA,NA,NA,NA,NA,NA,0.00,NA,NA,NA
2025-07-11 11:00:00,8.09,29.22,NA,NA,NA,NA,NA,1.09,70.58,NA,NA,NA,NA,NA,NA,NA,NA,NA,NA,NA,0.00,NA,NA,NA
2025-07-11 12:00:00,11.10,33.18,1.68,11.64,7.57,NA,NA,1.07,83.48,NA,NA,NA,NA,NA,NA,NA,NA,NA,NA,NA,0.00,NA,NA,NA
2025-07-11 13:00:00,10.64,48.54,3.82,25.56,16.70,NA,NA,1.14,86.58,NA,NA,NA,NA,NA,NA,NA,NA,NA,NA,NA,0.00,NA,NA,NA
2025-07-11 14:00:00,18.95,57.80,3.38,15.32,10.90,NA,NA,1.14,102.34,NA,NA,NA,NA,NA,NA,NA,NA,NA,NA,NA,0.00,NA,NA,NA
2025-07-11 15:00:00,18.20,53.06,4.11,11.77,9.60,NA,NA,1.10,93.70,NA,NA,NA,NA,NA,NA,NA,NA,NA,NA,NA,0.00,NA,NA,NA
2025-07-11 16:00:00,20.80,59.43,5.24,11.08,10.16,NA,NA,1.11,103.84,NA,NA,NA,NA,NA,NA,NA,NA,NA,NA,NA,0.00,NA,NA,NA
2025-07-11 17:00:00,24.88,62.90,6.52,10.10,10.68,NA,NA,1.06,96.01,NA,NA,NA,NA,NA,NA,NA,NA,NA,NA,NA,0.00,NA,NA,NA
2025-07-11 18:00:00,20.24,72.75,8.54,11.21,12.91,NA,NA,1.10,87.24,NA,NA,NA,NA,NA,NA,NA,NA,NA,NA,NA,0.00,NA,NA,NA
2025-07-11 19:00:00,29.86,75.44,11.36,7.99,13.48,NA,NA,1.18,72.75,NA,NA,NA,NA,NA,NA,NA,NA,NA,NA,NA,0.00,NA,NA,NA
2025-07-11 20:00:00,25.98,62.10,12.92,7.99,14.76,NA,NA,1.32,72.67,NA,NA,NA,NA,NA,NA,NA,NA,NA,NA,NA,0.00,NA,NA,NA
2025-07-11 21:00:00,13.84,57.16,15.08,8.80,16.94,NA,NA,1.37,82.66,NA,NA,NA,NA,NA,NA,NA,NA,NA,NA,NA,0.00,NA,NA,NA
2025-07-11 22:00:00,17.82,58.16,17.55,8.39,18.73,NA,NA,1.45,67.46,NA,NA,NA,NA,NA,NA,NA,NA,NA,NA,NA,0.00,NA,NA,NA
2025-07-11 23:00:00,36.78,83.90,27.99,9.52,27.82,NA,NA,1.60,62.94,NA,NA,NA,NA,NA,NA,NA,NA,NA,NA,NA,0.00,NA,NA,NA
2025-07-12 00:00:00,26.37,79.69,27.39,7.01,26.00,NA,NA,1.51,61.64,NA,NA,NA,NA,NA,NA,NA,NA,NA,NA,NA,0.00,NA,NA,NA
2025-07-12 01:00:00,17.35,69.26,23.17,6.09,22.08,NA,NA,1.51,128.26,NA,NA,NA,NA,NA,NA,NA,NA,NA,NA,NA,0.00,NA,NA,NA
2025-07-12 02:00:00,12.40,47.94,24.08,7.83,23.74,NA,NA,1.44,144.90,NA,NA,NA,NA,NA,NA,NA,NA,NA,NA,NA,0.00,NA,NA,NA
2025-07-12 03:00:00,21.22,63.65,25.81,6.62,24.51,NA,NA,1.36,68.26,NA,NA,NA,NA,NA,NA,NA,NA,NA,NA,NA,0.00,NA,NA,NA
2025-07-12 04:00:00,19.14,64.52,25.58,5.18,23.55,NA,NA,1.31,74.48,NA,NA,NA,NA,NA,NA,NA,NA,NA,NA,NA,0.00,NA,NA,NA
2025-07-12 05:00:00,14.75,66.02,23.71,4.00,21.40,NA,NA,1.33,91.28,NA,NA,NA,NA,NA,NA,NA,NA,NA,NA,NA,0.00,NA,NA,NA
2025-07-12 06:00:00,13.13,53.64,21.85,4.32,20.06,NA,NA,1.34,149.23,NA,NA,NA,NA,NA,NA,NA,NA,NA,NA,NA,0.00,NA,NA,NA
2025-07-12 07:00:00,14.08,49.93,24.56,8.06,24.26,NA,NA,1.41,222.40,NA,NA,NA,NA,NA,NA,NA,NA,NA,NA,NA,0.00,NA,NA,NA
2025-07-12 08:00:00,21.58,67.55,22.33,8.35,22.60,NA,NA,1.32,117.44,NA,NA,NA,NA,NA,NA,NA,NA,NA,NA,NA,0.00,NA,NA,NA
2025-07-12 09:00:00,16.63,76.23,20.77,8.26,21.28,NA,NA,1.31,91.23,NA,NA,NA,NA,NA,NA,NA,NA,NA,NA,NA,0.00,NA,NA,NA
2025-07-12 10:00:00,37.69,90.21,16.08,8.95,17.83,NA,NA,1.33,120.67,NA,NA,NA,NA,NA,NA,NA,NA,NA,NA,NA,0.00,NA,NA,NA
2025-07-12 11:00:00,16.66,60.59,14.62,9.24,16.80,NA,NA,1.32,133.05,NA,NA,NA,NA,NA,NA,NA,NA,NA,NA,NA,0.00,NA,NA,NA
2025-07-12 12:00:00,19.55,57.76,16.08,9.84,18.31,NA,NA,1.29,131.94,NA,NA,NA,NA,NA,NA,NA,NA,NA,NA,NA,0.00,NA,NA,NA
2025-07-12 13:00:00,24.48,70.33,16.52,11.07,19.32,NA,NA,1.24,118.74,NA,NA,NA,NA,NA,NA,NA,NA,NA,NA,NA,0.00,NA,NA,NA
2025-07-12 14:00:00,31.38,108.00,11.82,12.72,16.38,NA,NA,1.29,137.62,NA,NA,NA,NA,NA,NA,NA,NA,NA,NA,NA,0.00,NA,NA,NA
2025-07-12 15:00:00,37.63,114.55,9.12,14.50,15.13,NA,NA,1.17,95.84,NA,NA,NA,NA,NA,NA,NA,NA,NA,NA,NA,0.00,NA,NA,NA
2025-07-12 16:00:00,24.61,76.45,5.80,13.51,11.90,NA,NA,1.03,60.50,NA,NA,NA,NA,NA,NA,NA,NA,NA,NA,NA,0.00,NA,NA,NA
2025-07-12 17:00:00,28.72,82.97,6.86,8.14,9.91,NA,NA,1.13,73.31,NA,NA,NA,NA,NA,NA,NA,NA,NA,NA,NA,0.00,NA,NA,NA
2025-07-12 18:00:00,9.92,43.25,5.88,7.36,8.70,NA,NA,1.22,69.20,NA,NA,NA,NA,NA,NA,NA,NA,NA,NA,NA,0.00,NA,NA,NA
2025-07-12 19:00:00,11.57,55.77,18.25,7.94,16.17,NA,NA,1.32,58.87,NA,NA,NA,NA,NA,NA,NA,NA,NA,NA,NA,0.00,NA,NA,NA
2025-07-12 20:00:00,19.56,58.31,9.76,11.95,14.29,NA,NA,1.71,69.38,NA,NA,NA,NA,NA,NA,NA,NA,NA,NA,NA,0.00,NA,NA,NA
2025-07-12 21:00:00,20.42,67.61,10.67,12.33,15.23,NA,NA,1.76,75.65,NA,NA,NA,NA,NA,NA,NA,NA,NA,NA,NA,0.00,NA,NA,NA
2025-07-12 22:00:00,23.70,32.26,13.00,10.82,16.32,NA,NA,1.72,49.58,NA,NA,NA,NA,NA,NA,NA,NA,NA,NA,NA,0.00,NA,NA,NA
2025-07-12 23:00:00,29.01,60.78,14.35,8.63,16.26,NA,NA,1.68,61.47,NA,NA,NA,NA,NA,NA,NA,NA,NA,NA,NA,0.00,NA,NA,NA
2025-07-13 00:00:00,26.01,64.48,14.58,7.31,15.74,NA,NA,1.70,56.12,NA,NA,NA,NA,NA,NA,NA,NA,NA,NA,NA,0.00,NA,NA,NA
2025-07-13 01:00:00,32.21,83.23,15.83,5.09,15.58,NA,NA,1.69,100.67,NA,NA,NA,NA,NA,NA,NA,NA,NA,NA,NA,0.00,NA,NA,NA
2025-07-13 02:00:00,19.79,45.29,19.13,5.78,18.63,NA,NA,1.72,163.03,NA,NA,NA,NA,NA,NA,NA,NA,NA,NA,NA,0.00,NA,NA,NA
2025-07-13 03:00:00,26.38,73.74,21.40,8.46,21.90,NA,NA,1.77,49.24,NA,NA,NA,NA,NA,NA,NA,NA,NA,NA,NA,0.00,NA,NA,NA
2025-07-13 04:00:00,30.02,97.56,21.56,9.71,22.70,NA,NA,1.62,66.61,NA,NA,NA,NA,NA,NA,NA,NA,NA,NA,NA,0.00,NA,NA,NA
2025-07-13 05:00:00,30.98,78.21,22.25,6.58,21.59,NA,NA,1.60,66.98,NA,NA,NA,NA,NA,NA,NA,NA,NA,NA,NA,0.00,NA,NA,NA
2025-07-13 06:00:00,27.59,91.99,23.30,9.55,24.03,NA,NA,1.75,122.06,NA,NA,NA,NA,NA,NA,NA,NA,NA,NA,NA,0.00,NA,NA,NA
2025-07-13 07:00:00,38.84,108.70,21.88,10.54,23.39,NA,NA,1.84,121.34,NA,NA,NA,NA,NA,NA,NA,NA,NA,NA,NA,0.00,NA,NA,NA
2025-07-13 08:00:00,12.00,50.82,18.98,9.07,20.26,NA,NA,1.68,166.08,NA,NA,NA,NA,NA,NA,NA,NA,NA,NA,NA,0.00,NA,NA,NA
2025-07-13 09:00:00,13.21,46.92,18.80,9.95,20.57,NA,NA,1.58,130.96,NA,NA,NA,NA,NA,NA,NA,NA,NA,NA,NA,0.00,NA,NA,NA
2025-07-13 10:00:00,35.38,83.43,17.61,9.82,19.54,NA,NA,1.54,102.16,NA,NA,NA,NA,NA,NA,NA,NA,NA,NA,NA,0.00,NA,NA,NA
2025-07-13 11:00:00,19.46,51.37,14.91,8.74,16.78,NA,NA,1.45,112.56,NA,NA,NA,NA,NA,NA,NA,NA,NA,NA,NA,0.00,NA,NA,NA
2025-07-13 12:00:00,24.45,63.02,11.28,9.18,14.06,NA,NA,1.46,139.50,NA,NA,NA,NA,NA,NA,NA,NA,NA,NA,NA,0.00,NA,NA,NA
2025-07-13 13:00:00,25.00,61.21,10.67,9.45,13.70,NA,NA,1.44,136.44,NA,NA,NA,NA,NA,NA,NA,NA,NA,NA,NA,0.00,NA,NA,NA
2025-07-13 14:00:00,24.94,60.20,10.11,9.80,13.44,NA,NA,1.44,138.01,NA,NA,NA,NA,NA,NA,NA,NA,NA,NA,NA,0.00,NA,NA,NA
2025-07-13 15:00:00,32.38,71.88,9.93,9.25,12.99,NA,NA,1.40,126.22,NA,NA,NA,NA,NA,NA,NA,NA,NA,NA,NA,0.00,NA,NA,NA
2025-07-13 16:00:00,23.00,34.57,8.15,8.40,11.09,NA,NA,1.38,129.41,NA,NA,NA,NA,NA,NA,NA,NA,NA,NA,NA,0.00,NA,NA,NA
2025-07-13 17:00:00,15.98,53.62,7.72,7.88,10.47,NA,NA,1.32,133.92,NA,NA,NA,NA,NA,NA,NA,NA,NA,NA,NA,0.00,NA,NA,NA
2025-07-13 18:00:00,22.53,77.03,7.88,8.12,10.74,NA,NA,1.30,124.16,NA,NA,NA,NA,NA,NA,NA,NA,NA,NA,NA,0.00,NA,NA,NA
2025-07-13 19:00:00,22.58,53.52,5.22,9.86,9.49,NA,NA,1.19,71.38,NA,NA,NA,NA,NA,NA,NA,NA,NA,NA,NA,0.00,NA,NA,NA
2025-07-13 20:00:00,7.21,29.08,7.23,13.18,12.89,NA,NA,1.12,49.39,NA,NA,NA,NA,NA,NA,NA,NA,NA,NA,NA,0.00,NA,NA,NA
2025-07-13 21:00:00,19.40,45.30,10.08,20.63,19.17,NA,NA,1.13,36.09,NA,NA,NA,NA,NA,NA,NA,NA,NA,NA,NA,0.00,NA,NA,NA
2025-07-13 22:00:00,21.01,42.40,294.35,0.75,237.10,NA,NA,1.22,NA,NA,NA,NA,NA,NA,NA,NA,NA,NA,NA,NA,0.00,NA,NA,NA
2025-07-13 23:00:00,10.43,24.71,339.75,113.06,265.56,NA,NA,1.35,32.97,NA,NA,NA,NA,NA,NA,NA,NA,NA,NA,NA,0.00,NA,NA,NA
2025-07-14 00:00:00,NA,NA,218.38,23.27,191.91,NA,NA,1.14,41.21,NA,NA,NA,NA,NA,NA,NA,NA,NA,NA,NA,0.00,NA,NA,NA
2025-07-14 01:00:00,NA,NA,111.34,6.71,79.10,NA,NA,1.31,75.40,NA,NA,NA,NA,NA,NA,NA,NA,NA,NA,NA,0.00,NA,NA,NA
2025-07-14 02:00:00,NA,NA,5.22,7.10,8.02,NA,NA,1.08,74.24,NA,NA,NA,NA,NA,NA,NA,NA,NA,NA,NA,0.00,NA,NA,NA
2025-07-14 03:00:00,NA,NA,6.55,5.52,8.26,NA,NA,0.95,64.31,NA,NA,NA,NA,NA,NA,NA,NA,NA,NA,NA,0.00,NA,NA,NA
2025-07-14 04:00:00,NA,5.86,6.82,4.42,7.89,NA,NA,0.90,69.14,NA,NA,NA,NA,NA,NA,NA,NA,NA,NA,NA,0.00,NA,NA,NA
2025-07-14 05:00:00,NA,9.19,9.87,3.88,7.80,NA,NA,0.97,122.78,NA,NA,NA,NA,NA,NA,NA,NA,NA,NA,NA,0.00,NA,NA,NA
2025-07-14 06:00:00,NA,NA,6.63,4.99,8.04,NA,NA,0.98,120.80,NA,NA,NA,NA,NA,NA,NA,NA,NA,NA,NA,0.00,NA,NA,NA
2025-07-14 07:00:00,11.25,20.30,6.04,5.97,8.08,NA,NA,1.01,80.37,NA,NA,NA,NA,NA,NA,NA,NA,NA,NA,NA,0.00,NA,NA,NA
2025-07-14 08:00:00,10.50,37.58,4.30,5.54,6.44,NA,NA,1.00,86.77,NA,NA,NA,NA,NA,NA,NA,NA,NA,NA,NA,0.00,NA,NA,NA
2025-07-14 09:00:00,10.87,32.53,1.71,4.35,3.29,NA,NA,0.99,131.80,NA,NA,NA,NA,NA,NA,NA,NA,NA,NA,NA,0.00,NA,NA,NA
2025-07-14 10:00:00,0.98,18.06,NA,4.93,0.27,NA,NA,1.06,188.29,NA,NA,NA,NA,NA,NA,NA,NA,NA,NA,NA,0.00,NA,NA,NA
2025-07-14 11:00:00,2.81,1.11,NA,5.76,0.03,NA,NA,1.08,187.91,NA,NA,NA,NA,NA,NA,NA,NA,NA,NA,NA,0.00,NA,NA,NA
2025-07-14 12:00:00,19.65,56.88,NA,NA,NA,NA,NA,0.87,NA,NA,NA,NA,NA,NA,NA,NA,NA,NA,NA,NA,0.00,NA,NA,NA
2025-07-14 13:00:00,NA,NA,NA,NA,NA,NA,NA,NA,NA,NA,NA,NA,NA,NA,NA,NA,NA,NA,NA,NA,0.00,NA,NA,NA
2025-07-14 14:00:00,NA,NA,NA,NA,NA,NA,NA,NA,NA,NA,NA,NA,NA,NA,NA,NA,NA,NA,NA,NA,0.00,NA,NA,NA
2025-07-14 15:00:00,NA,NA,NA,NA,NA,NA,NA,NA,NA,NA,NA,NA,NA,NA,NA,NA,NA,NA,NA,NA,0.00,NA,NA,NA
2025-07-14 16:00:00,NA,NA,NA,NA,NA,NA,NA,NA,NA,NA,NA,NA,NA,NA,NA,NA,NA,NA,NA,NA,0.00,NA,NA,NA
2025-07-14 17:00:00,NA,NA,NA,NA,NA,NA,NA,NA,NA,NA,NA,NA,NA,NA,NA,NA,NA,NA,NA,NA,0.00,NA,NA,NA
2025-07-14 18:00:00,NA,NA,NA,NA,NA,NA,NA,NA,NA,NA,NA,NA,NA,NA,NA,NA,NA,NA,NA,NA,0.00,NA,NA,NA
2025-07-14 19:00:00,NA,NA,NA,NA,NA,NA,NA,NA,NA,NA,NA,NA,NA,NA,NA,NA,NA,NA,NA,NA,0.00,NA,NA,NA
2025-07-14 20:00:00,NA,NA,NA,NA,NA,NA,NA,NA,NA,NA,NA,NA,NA,NA,NA,NA,NA,NA,NA,NA,0.00,NA,NA,NA
2025-07-14 21:00:00,NA,NA,NA,NA,NA,NA,NA,NA,NA,NA,NA,NA,NA,NA,NA,NA,NA,NA,NA,NA,0.00,NA,NA,NA
2025-07-14 22:00:00,NA,NA,NA,NA,NA,NA,NA,NA,NA,NA,NA,NA,NA,NA,NA,NA,NA,NA,NA,NA,0.00,NA,NA,NA
2025-07-14 23:00:00,NA,NA,NA,NA,NA,NA,NA,NA,NA,NA,NA,NA,NA,NA,NA,NA,NA,NA,NA,NA,0.00,NA,NA,NA
2025-07-15 00:00:00,NA,NA,NA,NA,NA,NA,NA,NA,NA,NA,NA,NA,NA,NA,NA,NA,NA,NA,NA,NA,0.00,NA,NA,NA
2025-07-15 01:00:00,NA,NA,NA,NA,NA,NA,NA,NA,NA,NA,NA,NA,NA,NA,NA,NA,NA,NA,NA,NA,0.00,NA,NA,NA
2025-07-15 02:00:00,NA,NA,NA,NA,NA,NA,NA,NA,NA,NA,NA,NA,NA,NA,NA,NA,NA,NA,NA,NA,0.00,NA,NA,NA
2025-07-15 03:00:00,NA,NA,NA,NA,NA,NA,NA,NA,NA,NA,NA,NA,NA,NA,NA,NA,NA,NA,NA,NA,0.00,NA,NA,NA
2025-07-15 04:00:00,NA,NA,NA,NA,NA,NA,NA,NA,NA,NA,NA,NA,NA,NA,NA,NA,NA,NA,NA,NA,0.00,NA,NA,NA
2025-07-15 05:00:00,NA,NA,NA,NA,NA,NA,NA,NA,NA,NA,NA,NA,NA,NA,NA,NA,NA,NA,NA,NA,0.00,NA,NA,NA
2025-07-15 06:00:00,NA,NA,NA,NA,NA,NA,NA,NA,NA,NA,NA,NA,NA,NA,NA,NA,NA,NA,NA,NA,0.00,NA,NA,NA
2025-07-15 07:00:00,NA,NA,NA,NA,NA,NA,NA,NA,NA,NA,NA,NA,NA,NA,NA,NA,NA,NA,NA,NA,0.00,NA,NA,NA
2025-07-15 08:00:00,NA,NA,NA,NA,NA,NA,NA,NA,NA,NA,NA,NA,NA,NA,NA,NA,NA,NA,NA,NA,0.00,NA,NA,NA
2025-07-15 09:00:00,NA,NA,NA,NA,NA,NA,NA,NA,NA,NA,NA,NA,NA,NA,NA,NA,NA,NA,NA,NA,0.00,NA,NA,NA
2025-07-15 10:00:00,NA,NA,NA,NA,NA,NA,NA,NA,NA,NA,NA,NA,NA,NA,NA,NA,NA,NA,NA,NA,0.00,NA,NA,NA
2025-07-15 11:00:00,NA,NA,NA,NA,NA,NA,NA,NA,NA,NA,NA,NA,NA,NA,NA,NA,NA,NA,NA,NA,0.00,NA,NA,NA
2025-07-15 12:00:00,NA,NA,NA,NA,NA,NA,NA,NA,NA,NA,NA,NA,NA,NA,NA,NA,NA,NA,NA,NA,0.00,NA,NA,NA
2025-07-15 13:00:00,NA,NA,NA,NA,NA,NA,NA,NA,NA,NA,NA,NA,NA,NA,NA,NA,NA,NA,NA,NA,0.00,NA,NA,NA
2025-07-15 14:00:00,NA,NA,NA,NA,NA,NA,NA,NA,NA,NA,NA,NA,NA,NA,NA,NA,NA,NA,NA,NA,0.00,NA,NA,NA
2025-07-15 15:00:00,NA,NA,NA,NA,NA,NA,NA,NA,NA,NA,NA,NA,NA,NA,NA,NA,NA,NA,NA,NA,0.00,NA,NA,NA
2025-07-15 16:00:00,NA,NA,NA,NA,NA,NA,NA,NA,NA,NA,NA,NA,NA,NA,NA,NA,NA,NA,NA,NA,0.00,NA,NA,NA
2025-07-15 17:00:00,NA,NA,NA,NA,NA,NA,NA,NA,NA,NA,NA,NA,NA,NA,NA,NA,NA,NA,NA,NA,0.00,NA,NA,NA
2025-07-15 18:00:00,NA,NA,NA,NA,NA,NA,NA,NA,NA,NA,NA,NA,NA,NA,NA,NA,NA,NA,NA,NA,0.00,NA,NA,NA
2025-07-15 19:00:00,NA,NA,NA,NA,NA,NA,NA,NA,NA,NA,NA,NA,NA,NA,NA,NA,NA,NA,NA,NA,0.00,NA,NA,NA
2025-07-15 20:00:00,NA,NA,NA,NA,NA,NA,NA,NA,NA,NA,NA,NA,NA,NA,NA,NA,NA,NA,NA,NA,0.00,NA,NA,NA
2025-07-15 21:00:00,NA,NA,NA,NA,NA,NA,NA,NA,NA,NA,NA,NA,NA,NA,NA,NA,NA,NA,NA,NA,0.00,NA,NA,NA
2025-07-15 22:00:00,NA,NA,NA,NA,NA,NA,NA,NA,NA,NA,NA,NA,NA,NA,NA,NA,NA,NA,NA,NA,0.00,NA,NA,NA
2025-07-15 23:00:00,NA,NA,NA,NA,NA,NA,NA,NA,NA,NA,NA,NA,NA,NA,NA,NA,NA,NA,NA,NA,0.00,NA,NA,NA
2025-07-16 00:00:00,NA,NA,NA,NA,NA,NA,NA,NA,NA,NA,NA,NA,NA,NA,NA,NA,NA,NA,NA,NA,0.00,NA,NA,NA
2025-07-16 01:00:00,NA,NA,NA,NA,NA,NA,NA,NA,NA,NA,NA,NA,NA,NA,NA,NA,NA,NA,NA,NA,0.00,NA,NA,NA
2025-07-16 02:00:00,NA,NA,NA,NA,NA,NA,NA,NA,NA,NA,NA,NA,NA,NA,NA,NA,NA,NA,NA,NA,0.00,NA,NA,NA
2025-07-16 03:00:00,NA,NA,NA,NA,NA,NA,NA,NA,NA,NA,NA,NA,NA,NA,NA,NA,NA,NA,NA,NA,0.00,NA,NA,NA
2025-07-16 04:00:00,NA,NA,NA,NA,NA,NA,NA,NA,NA,NA,NA,NA,NA,NA,NA,NA,NA,NA,NA,NA,0.00,NA,NA,NA
2025-07-16 05:00:00,NA,NA,NA,NA,NA,NA,NA,NA,NA,NA,NA,NA,NA,NA,NA,NA,NA,NA,NA,NA,0.00,NA,NA,NA
2025-07-16 06:00:00,NA,NA,NA,NA,NA,NA,NA,NA,NA,NA,NA,NA,NA,NA,NA,NA,NA,NA,NA,NA,0.00,NA,NA,NA
2025-07-16 07:00:00,NA,NA,NA,NA,NA,NA,NA,NA,NA,NA,NA,NA,NA,NA,NA,NA,NA,NA,NA,NA,0.00,NA,NA,NA
2025-07-16 08:00:00,NA,NA,NA,NA,NA,NA,NA,NA,NA,NA,NA,NA,NA,NA,NA,NA,NA,NA,NA,NA,0.00,NA,NA,NA
2025-07-16 09:00:00,NA,NA,NA,NA,NA,NA,NA,NA,NA,NA,NA,NA,NA,NA,NA,NA,NA,NA,NA,NA,0.00,NA,NA,NA
2025-07-16 10:00:00,NA,NA,NA,NA,NA,NA,NA,NA,NA,NA,NA,NA,NA,NA,NA,NA,NA,NA,NA,NA,0.00,NA,NA,NA
2025-07-16 11:00:00,NA,NA,NA,NA,NA,NA,NA,NA,NA,NA,NA,NA,NA,NA,NA,NA,NA,NA,NA,NA,0.00,NA,NA,NA
2025-07-16 12:00:00,NA,NA,NA,NA,NA,NA,NA,NA,NA,NA,NA,NA,NA,NA,NA,NA,NA,NA,NA,NA,0.00,NA,NA,NA
2025-07-16 13:00:00,NA,NA,NA,NA,NA,NA,NA,NA,NA,NA,NA,NA,NA,NA,NA,NA,NA,NA,NA,NA,0.00,NA,NA,NA
2025-07-16 14:00:00,NA,NA,NA,NA,NA,NA,NA,NA,NA,NA,NA,NA,NA,NA,NA,NA,NA,NA,NA,NA,0.00,NA,NA,NA
2025-07-16 15:00:00,NA,NA,NA,NA,NA,NA,NA,NA,NA,NA,NA,NA,NA,NA,NA,NA,NA,NA,NA,NA,0.00,NA,NA,NA
2025-07-16 16:00:00,NA,NA,NA,NA,NA,NA,NA,NA,NA,NA,NA,NA,NA,NA,NA,NA,NA,NA,NA,NA,0.00,NA,NA,NA
2025-07-16 17:00:00,NA,NA,NA,NA,NA,NA,NA,NA,NA,NA,NA,NA,NA,NA,NA,NA,NA,NA,NA,NA,0.00,NA,NA,NA
2025-07-16 18:00:00,NA,NA,NA,NA,NA,NA,NA,NA,NA,NA,NA,NA,NA,NA,NA,NA,NA,NA,NA,NA,0.00,NA,NA,NA
2025-07-16 19:00:00,NA,NA,NA,NA,NA,NA,NA,NA,NA,NA,NA,NA,NA,NA,NA,NA,NA,NA,NA,NA,0.00,NA,NA,NA
2025-07-16 20:00:00,NA,NA,NA,NA,NA,NA,NA,NA,NA,NA,NA,NA,NA,NA,NA,NA,NA,NA,NA,NA,0.00,NA,NA,NA
2025-07-16 21:00:00,NA,NA,NA,NA,NA,NA,NA,NA,NA,NA,NA,NA,NA,NA,NA,NA,NA,NA,NA,NA,0.00,NA,NA,NA
2025-07-16 22:00:00,NA,NA,NA,NA,NA,NA,NA,NA,NA,NA,NA,NA,NA,NA,NA,NA,NA,NA,NA,NA,0.00,NA,NA,NA
2025-07-16 23:00:00,NA,NA,NA,NA,NA,NA,NA,NA,NA,NA,NA,NA,NA,NA,NA,NA,NA,NA,NA,NA,0.00,NA,NA,NA
2025-07-17 00:00:00,NA,NA,NA,NA,NA,NA,NA,NA,NA,NA,NA,NA,NA,NA,NA,NA,NA,NA,NA,NA,0.00,NA,NA,NA
2025-07-17 01:00:00,NA,NA,NA,NA,NA,NA,NA,NA,NA,NA,NA,NA,NA,NA,NA,NA,NA,NA,NA,NA,0.00,NA,NA,NA
2025-07-17 02:00:00,NA,NA,NA,NA,NA,NA,NA,NA,NA,NA,NA,NA,NA,NA,NA,NA,NA,NA,NA,NA,0.00,NA,NA,NA
2025-07-17 03:00:00,NA,NA,NA,NA,NA,NA,NA,NA,NA,NA,NA,NA,NA,NA,NA,NA,NA,NA,NA,NA,0.00,NA,NA,NA
2025-07-17 04:00:00,NA,NA,NA,NA,NA,NA,NA,NA,NA,NA,NA,NA,NA,NA,NA,NA,NA,NA,NA,NA,0.00,NA,NA,NA
2025-07-17 05:00:00,NA,NA,NA,NA,NA,NA,NA,NA,NA,NA,NA,NA,NA,NA,NA,NA,NA,NA,NA,NA,0.00,NA,NA,NA
2025-07-17 06:00:00,NA,NA,NA,NA,NA,NA,NA,NA,NA,NA,NA,NA,NA,NA,NA,NA,NA,NA,NA,NA,0.00,NA,NA,NA
2025-07-17 07:00:00,NA,NA,NA,NA,NA,NA,NA,NA,NA,NA,NA,NA,NA,NA,NA,NA,NA,NA,NA,NA,0.00,NA,NA,NA
2025-07-17 08:00:00,NA,NA,NA,NA,NA,NA,NA,NA,NA,NA,NA,NA,NA,NA,NA,NA,NA,NA,NA,NA,0.00,NA,NA,NA
2025-07-17 09:00:00,NA,NA,NA,NA,NA,NA,NA,NA,NA,NA,NA,NA,NA,NA,NA,NA,NA,NA,NA,NA,0.00,NA,NA,NA
2025-07-17 10:00:00,NA,NA,NA,NA,NA,NA,NA,NA,NA,NA,NA,NA,NA,NA,NA,NA,NA,NA,NA,NA,0.00,NA,NA,NA
2025-07-17 11:00:00,NA,NA,NA,NA,NA,NA,NA,NA,NA,NA,NA,NA,NA,NA,NA,NA,NA,NA,NA,NA,0.00,NA,NA,NA
2025-07-17 12:00:00,NA,NA,NA,NA,NA,NA,NA,NA,NA,NA,NA,NA,NA,NA,NA,NA,NA,NA,NA,NA,0.00,NA,NA,NA
2025-07-17 13:00:00,NA,NA,NA,NA,NA,NA,NA,NA,NA,NA,NA,NA,NA,NA,NA,NA,NA,NA,NA,NA,0.00,NA,NA,NA
2025-07-17 14:00:00,NA,NA,NA,NA,NA,NA,NA,NA,NA,NA,NA,NA,NA,NA,NA,NA,NA,NA,NA,NA,0.00,NA,NA,NA
2025-07-17 15:00:00,NA,NA,NA,NA,NA,NA,NA,NA,NA,NA,NA,NA,NA,NA,NA,NA,NA,NA,NA,NA,0.00,NA,NA,NA
2025-07-17 16:00:00,NA,NA,NA,NA,NA,NA,NA,NA,NA,NA,NA,NA,NA,NA,NA,NA,NA,NA,NA,NA,0.00,NA,NA,NA
2025-07-17 17:00:00,NA,NA,NA,NA,NA,NA,NA,NA,NA,NA,NA,NA,NA,NA,NA,NA,NA,NA,NA,NA,0.00,NA,NA,NA
2025-07-17 18:00:00,NA,NA,NA,NA,NA,NA,NA,NA,NA,NA,NA,NA,NA,NA,NA,NA,NA,NA,NA,NA,0.00,NA,NA,NA
2025-07-17 19:00:00,NA,NA,NA,NA,NA,NA,NA,NA,NA,NA,NA,NA,NA,NA,NA,NA,NA,NA,NA,NA,0.00,NA,NA,NA
2025-07-17 20:00:00,NA,NA,NA,NA,NA,NA,NA,NA,NA,NA,NA,NA,NA,NA,NA,NA,NA,NA,NA,NA,0.00,NA,NA,NA
2025-07-17 21:00:00,NA,NA,NA,NA,NA,NA,NA,NA,NA,NA,NA,NA,NA,NA,NA,NA,NA,NA,NA,NA,0.00,NA,NA,NA
2025-07-17 22:00:00,NA,NA,NA,NA,NA,NA,NA,NA,NA,NA,NA,NA,NA,NA,NA,NA,NA,NA,NA,NA,0.00,NA,NA,NA
2025-07-17 23:00:00,NA,NA,NA,NA,NA,NA,NA,NA,NA,NA,NA,NA,NA,NA,NA,NA,NA,NA,NA,NA,0.00,NA,NA,NA
2025-07-18 00:00:00,NA,NA,NA,NA,NA,NA,NA,NA,NA,NA,NA,NA,NA,NA,NA,NA,NA,NA,NA,NA,0.00,NA,NA,NA
2025-07-18 01:00:00,NA,NA,NA,NA,NA,NA,NA,NA,NA,NA,NA,NA,NA,NA,NA,NA,NA,NA,NA,NA,0.00,NA,NA,NA
2025-07-18 02:00:00,NA,NA,NA,NA,NA,NA,NA,NA,NA,NA,NA,NA,NA,NA,NA,NA,NA,NA,NA,NA,0.00,NA,NA,NA
2025-07-18 03:00:00,NA,NA,NA,NA,NA,NA,NA,NA,NA,NA,NA,NA,NA,NA,NA,NA,NA,NA,NA,NA,0.00,NA,NA,NA
2025-07-18 04:00:00,NA,NA,NA,NA,NA,NA,NA,NA,NA,NA,NA,NA,NA,NA,NA,NA,NA,NA,NA,NA,0.00,NA,NA,NA
2025-07-18 05:00:00,NA,NA,NA,NA,NA,NA,NA,NA,NA,NA,NA,NA,NA,NA,NA,NA,NA,NA,NA,NA,0.00,NA,NA,NA
2025-07-18 06:00:00,NA,NA,NA,NA,NA,NA,NA,NA,NA,NA,NA,NA,NA,NA,NA,NA,NA,NA,NA,NA,0.00,NA,NA,NA
2025-07-18 07:00:00,NA,NA,NA,NA,NA,NA,NA,NA,NA,NA,NA,NA,NA,NA,NA,NA,NA,NA,NA,NA,0.00,NA,NA,NA
2025-07-18 08:00:00,NA,NA,NA,NA,NA,NA,NA,NA,NA,NA,NA,NA,NA,NA,NA,NA,NA,NA,NA,NA,0.00,NA,NA,NA
2025-07-18 09:00:00,NA,NA,NA,NA,NA,NA,NA,NA,NA,NA,NA,NA,NA,NA,NA,NA,NA,NA,NA,NA,0.00,NA,NA,NA
2025-07-18 10:00:00,NA,NA,NA,NA,NA,NA,NA,NA,NA,NA,NA,NA,NA,NA,NA,NA,NA,NA,NA,NA,0.00,NA,NA,NA
2025-07-18 11:00:00,NA,NA,NA,NA,NA,NA,NA,NA,NA,NA,NA,NA,NA,NA,NA,NA,NA,NA,NA,NA,0.00,NA,NA,NA
2025-07-18 12:00:00,NA,NA,NA,NA,NA,NA,NA,NA,NA,NA,NA,NA,NA,NA,NA,NA,NA,NA,NA,NA,0.00,NA,NA,NA
2025-07-18 13:00:00,NA,NA,NA,NA,NA,NA,NA,NA,NA,NA,NA,NA,NA,NA,NA,NA,NA,NA,NA,NA,0.00,NA,NA,NA
2025-07-18 14:00:00,NA,NA,NA,NA,NA,NA,NA,NA,NA,NA,NA,NA,NA,NA,NA,NA,NA,NA,NA,NA,0.00,NA,NA,NA
2025-07-18 15:00:00,NA,NA,NA,NA,NA,NA,NA,NA,NA,NA,NA,NA,NA,NA,NA,NA,NA,NA,NA,NA,0.00,NA,NA,NA
2025-07-18 16:00:00,NA,NA,NA,NA,NA,NA,NA,NA,NA,NA,NA,NA,NA,NA,NA,NA,NA,NA,NA,NA,0.00,NA,NA,NA
2025-07-18 17:00:00,NA,NA,NA,NA,NA,NA,NA,NA,NA,NA,NA,NA,NA,NA,NA,NA,NA,NA,NA,NA,0.00,NA,NA,NA
2025-07-18 18:00:00,NA,NA,NA,NA,NA,NA,NA,NA,NA,NA,NA,NA,NA,NA,NA,NA,NA,NA,NA,NA,0.00,NA,NA,NA
2025-07-18 19:00:00,NA,NA,NA,NA,NA,NA,NA,NA,NA,NA,NA,NA,NA,NA,NA,NA,NA,NA,NA,NA,0.00,NA,NA,NA
2025-07-18 20:00:00,NA,NA,NA,NA,NA,NA,NA,NA,NA,NA,NA,NA,NA,NA,NA,NA,NA,NA,NA,NA,0.00,NA,NA,NA
2025-07-18 21:00:00,NA,NA,NA,NA,NA,NA,NA,NA,NA,NA,NA,NA,NA,NA,NA,NA,NA,NA,NA,NA,0.00,NA,NA,NA
2025-07-18 22:00:00,NA,NA,NA,NA,NA,NA,NA,NA,NA,NA,NA,NA,NA,NA,NA,NA,NA,NA,NA,NA,0.00,NA,NA,NA
2025-07-18 23:00:00,NA,NA,NA,NA,NA,NA,NA,NA,NA,NA,NA,NA,NA,NA,NA,NA,NA,NA,NA,NA,0.00,NA,NA,NA
2025-07-19 00:00:00,NA,NA,NA,NA,NA,NA,NA,NA,NA,NA,NA,NA,NA,NA,NA,NA,NA,NA,NA,NA,0.00,NA,NA,NA
2025-07-19 01:00:00,NA,NA,NA,NA,NA,NA,NA,NA,NA,NA,NA,NA,NA,NA,NA,NA,NA,NA,NA,NA,0.00,NA,NA,NA
2025-07-19 02:00:00,NA,NA,NA,NA,NA,NA,NA,NA,NA,NA,NA,NA,NA,NA,NA,NA,NA,NA,NA,NA,0.00,NA,NA,NA
2025-07-19 03:00:00,NA,NA,NA,NA,NA,NA,NA,NA,NA,NA,NA,NA,NA,NA,NA,NA,NA,NA,NA,NA,0.00,NA,NA,NA
2025-07-19 04:00:00,NA,NA,NA,NA,NA,NA,NA,NA,NA,NA,NA,NA,NA,NA,NA,NA,NA,NA,NA,NA,0.00,NA,NA,NA
2025-07-19 05:00:00,NA,NA,NA,NA,NA,NA,NA,NA,NA,NA,NA,NA,NA,NA,NA,NA,NA,NA,NA,NA,0.00,NA,NA,NA
2025-07-19 06:00:00,NA,NA,NA,NA,NA,NA,NA,NA,NA,NA,NA,NA,NA,NA,NA,NA,NA,NA,NA,NA,0.00,NA,NA,NA
2025-07-19 07:00:00,NA,NA,NA,NA,NA,NA,NA,NA,NA,NA,NA,NA,NA,NA,NA,NA,NA,NA,NA,NA,0.00,NA,NA,NA
2025-07-19 08:00:00,NA,NA,NA,NA,NA,NA,NA,NA,NA,NA,NA,NA,NA,NA,NA,NA,NA,NA,NA,NA,0.00,NA,NA,NA
2025-07-19 09:00:00,NA,NA,NA,NA,NA,NA,NA,NA,NA,NA,NA,NA,NA,NA,NA,NA,NA,NA,NA,NA,0.00,NA,NA,NA
2025-07-19 10:00:00,NA,NA,NA,NA,NA,NA,NA,NA,NA,NA,NA,NA,NA,NA,NA,NA,NA,NA,NA,NA,0.00,NA,NA,NA
2025-07-19 11:00:00,NA,NA,NA,NA,NA,NA,NA,NA,NA,NA,NA,NA,NA,NA,NA,NA,NA,NA,NA,NA,0.00,NA,NA,NA
2025-07-19 12:00:00,NA,NA,NA,NA,NA,NA,NA,NA,NA,NA,NA,NA,NA,NA,NA,NA,NA,NA,NA,NA,0.00,NA,NA,NA
2025-07-19 13:00:00,NA,NA,NA,NA,NA,NA,NA,NA,NA,NA,NA,NA,NA,NA,NA,NA,NA,NA,NA,NA,0.00,NA,NA,NA
2025-07-19 14:00:00,NA,NA,NA,NA,NA,NA,NA,NA,NA,NA,NA,NA,NA,NA,NA,NA,NA,NA,NA,NA,0.00,NA,NA,NA
2025-07-19 15:00:00,NA,NA,NA,NA,NA,NA,NA,NA,NA,NA,NA,NA,NA,NA,NA,NA,NA,NA,NA,NA,0.00,NA,NA,NA
2025-07-19 16:00:00,NA,NA,NA,NA,NA,NA,NA,NA,NA,NA,NA,NA,NA,NA,NA,NA,NA,NA,NA,NA,0.00,NA,NA,NA
2025-07-19 17:00:00,NA,NA,NA,NA,NA,NA,NA,NA,NA,NA,NA,NA,NA,NA,NA,NA,NA,NA,NA,NA,0.00,NA,NA,NA
2025-07-19 18:00:00,NA,NA,NA,NA,NA,NA,NA,NA,NA,NA,NA,NA,NA,NA,NA,NA,NA,NA,NA,NA,0.00,NA,NA,NA
2025-07-19 19:00:00,NA,NA,NA,NA,NA,NA,NA,NA,NA,NA,NA,NA,NA,NA,NA,NA,NA,NA,NA,NA,0.00,NA,NA,NA
2025-07-19 20:00:00,NA,NA,NA,NA,NA,NA,NA,NA,NA,NA,NA,NA,NA,NA,NA,NA,NA,NA,NA,NA,0.00,NA,NA,NA
2025-07-19 21:00:00,NA,NA,NA,NA,NA,NA,NA,NA,NA,NA,NA,NA,NA,NA,NA,NA,NA,NA,NA,NA,0.00,NA,NA,NA
2025-07-19 22:00:00,NA,NA,NA,NA,NA,NA,NA,NA,NA,NA,NA,NA,NA,NA,NA,NA,NA,NA,NA,NA,0.00,NA,NA,NA
2025-07-19 23:00:00,NA,NA,NA,NA,NA,NA,NA,NA,NA,NA,NA,NA,NA,NA,NA,NA,NA,NA,NA,NA,0.00,NA,NA,NA
2025-07-20 00:00:00,NA,NA,NA,NA,NA,NA,NA,NA,NA,NA,NA,NA,NA,NA,NA,NA,NA,NA,NA,NA,0.00,NA,NA,NA
2025-07-20 01:00:00,NA,NA,NA,NA,NA,NA,NA,NA,NA,NA,NA,NA,NA,NA,NA,NA,NA,NA,NA,NA,0.00,NA,NA,NA
2025-07-20 02:00:00,NA,NA,NA,NA,NA,NA,NA,NA,NA,NA,NA,NA,NA,NA,NA,NA,NA,NA,NA,NA,0.00,NA,NA,NA
2025-07-20 03:00:00,NA,NA,NA,NA,NA,NA,NA,NA,NA,NA,NA,NA,NA,NA,NA,NA,NA,NA,NA,NA,0.00,NA,NA,NA
2025-07-20 04:00:00,NA,NA,NA,NA,NA,NA,NA,NA,NA,NA,NA,NA,NA,NA,NA,NA,NA,NA,NA,NA,0.00,NA,NA,NA
2025-07-20 05:00:00,NA,NA,NA,NA,NA,NA,NA,NA,NA,NA,NA,NA,NA,NA,NA,NA,NA,NA,NA,NA,0.00,NA,NA,NA
2025-07-20 06:00:00,NA,NA,NA,NA,NA,NA,NA,NA,NA,NA,NA,NA,NA,NA,NA,NA,NA,NA,NA,NA,0.00,NA,NA,NA
2025-07-20 07:00:00,NA,NA,NA,NA,NA,NA,NA,NA,NA,NA,NA,NA,NA,NA,NA,NA,NA,NA,NA,NA,0.00,NA,NA,NA
2025-07-20 08:00:00,NA,NA,NA,NA,NA,NA,NA,NA,NA,NA,NA,NA,NA,NA,NA,NA,NA,NA,NA,NA,0.00,NA,NA,NA
2025-07-20 09:00:00,NA,NA,NA,NA,NA,NA,NA,NA,NA,NA,NA,NA,NA,NA,NA,NA,NA,NA,NA,NA,0.00,NA,NA,NA
2025-07-20 10:00:00,NA,NA,NA,NA,NA,NA,NA,NA,NA,NA,NA,NA,NA,NA,NA,NA,NA,NA,NA,NA,0.00,NA,NA,NA
2025-07-20 11:00:00,NA,NA,NA,NA,NA,NA,NA,NA,NA,NA,NA,NA,NA,NA,NA,NA,NA,NA,NA,NA,0.00,NA,NA,NA
2025-07-20 12:00:00,NA,NA,NA,NA,NA,NA,NA,NA,NA,NA,NA,NA,NA,NA,NA,NA,NA,NA,NA,NA,0.00,NA,NA,NA
2025-07-20 13:00:00,NA,NA,NA,NA,NA,NA,NA,NA,NA,NA,NA,NA,NA,NA,NA,NA,NA,NA,NA,NA,0.00,NA,NA,NA
2025-07-20 14:00:00,NA,NA,NA,NA,NA,NA,NA,NA,NA,NA,NA,NA,NA,NA,NA,NA,NA,NA,NA,NA,0.00,NA,NA,NA
2025-07-20 15:00:00,NA,NA,NA,NA,NA,NA,NA,NA,NA,NA,NA,NA,NA,NA,NA,NA,NA,NA,NA,NA,0.00,NA,NA,NA
2025-07-20 16:00:00,NA,NA,NA,NA,NA,NA,NA,NA,NA,NA,NA,NA,NA,NA,NA,NA,NA,NA,NA,NA,0.00,NA,NA,NA
2025-07-20 17:00:00,NA,NA,NA,NA,NA,NA,NA,NA,NA,NA,NA,NA,NA,NA,NA,NA,NA,NA,NA,NA,0.00,NA,NA,NA
2025-07-20 18:00:00,NA,NA,NA,NA,NA,NA,NA,NA,NA,NA,NA,NA,NA,NA,NA,NA,NA,NA,NA,NA,0.00,NA,NA,NA
2025-07-20 19:00:00,NA,NA,NA,NA,NA,NA,NA,NA,NA,NA,NA,NA,NA,NA,NA,NA,NA,NA,NA,NA,0.00,NA,NA,NA
2025-07-20 20:00:00,NA,NA,NA,NA,NA,NA,NA,NA,NA,NA,NA,NA,NA,NA,NA,NA,NA,NA,NA,NA,0.00,NA,NA,NA
2025-07-20 21:00:00,NA,NA,NA,NA,NA,NA,NA,NA,NA,NA,NA,NA,NA,NA,NA,NA,NA,NA,NA,NA,0.00,NA,NA,NA
2025-07-20 22:00:00,NA,NA,NA,NA,NA,NA,NA,NA,NA,NA,NA,NA,NA,NA,NA,NA,NA,NA,NA,NA,0.00,NA,NA,NA
2025-07-20 23:00:00,NA,NA,NA,NA,NA,NA,NA,NA,NA,NA,NA,NA,NA,NA,NA,NA,NA,NA,NA,NA,0.00,NA,NA,NA
2025-07-21 00:00:00,NA,NA,NA,NA,NA,NA,NA,NA,NA,NA,NA,NA,NA,NA,NA,NA,NA,NA,NA,NA,0.00,NA,NA,NA
2025-07-21 01:00:00,NA,NA,NA,NA,NA,NA,NA,NA,NA,NA,NA,NA,NA,NA,NA,NA,NA,NA,NA,NA,0.00,NA,NA,NA
2025-07-21 02:00:00,NA,NA,NA,NA,NA,NA,NA,NA,NA,NA,NA,NA,NA,NA,NA,NA,NA,NA,NA,NA,0.00,NA,NA,NA
2025-07-21 03:00:00,NA,NA,NA,NA,NA,NA,NA,NA,NA,NA,NA,NA,NA,NA,NA,NA,NA,NA,NA,NA,0.00,NA,NA,NA
2025-07-21 04:00:00,NA,NA,NA,NA,NA,NA,NA,NA,NA,NA,NA,NA,NA,NA,NA,NA,NA,NA,NA,NA,0.00,NA,NA,NA
2025-07-21 05:00:00,NA,NA,NA,NA,NA,NA,NA,NA,NA,NA,NA,NA,NA,NA,NA,NA,NA,NA,NA,NA,0.00,NA,NA,NA
2025-07-21 06:00:00,NA,NA,NA,NA,NA,NA,NA,NA,NA,NA,NA,NA,NA,NA,NA,NA,NA,NA,NA,NA,0.00,NA,NA,NA
2025-07-21 07:00:00,NA,NA,NA,NA,NA,NA,NA,NA,NA,NA,NA,NA,NA,NA,NA,NA,NA,NA,NA,NA,0.00,NA,NA,NA
2025-07-21 08:00:00,NA,NA,NA,NA,NA,NA,NA,NA,NA,NA,NA,NA,NA,NA,NA,NA,NA,NA,NA,NA,0.00,NA,NA,NA
2025-07-21 09:00:00,NA,NA,NA,NA,NA,NA,NA,NA,NA,NA,NA,NA,NA,NA,NA,NA,NA,NA,NA,NA,0.00,NA,NA,NA
2025-07-21 10:00:00,NA,NA,NA,NA,NA,NA,NA,NA,NA,NA,NA,NA,NA,NA,NA,NA,NA,NA,NA,NA,0.00,NA,NA,NA
2025-07-21 11:00:00,NA,NA,NA,NA,NA,NA,NA,NA,NA,NA,NA,NA,NA,NA,NA,NA,NA,NA,NA,NA,0.00,NA,NA,NA
2025-07-21 12:00:00,NA,NA,NA,NA,NA,NA,NA,NA,NA,NA,NA,NA,NA,NA,NA,NA,NA,NA,NA,NA,0.00,NA,NA,NA
2025-07-21 13:00:00,NA,NA,NA,NA,NA,NA,NA,NA,NA,NA,NA,NA,NA,NA,NA,NA,NA,NA,NA,NA,0.00,NA,NA,NA
2025-07-21 14:00:00,NA,NA,NA,NA,NA,NA,NA,NA,NA,NA,NA,NA,NA,NA,NA,NA,NA,NA,NA,NA,0.00,NA,NA,NA
2025-07-21 15:00:00,NA,NA,NA,NA,NA,NA,NA,NA,NA,NA,NA,NA,NA,NA,NA,NA,NA,NA,NA,NA,0.00,NA,NA,NA
2025-07-21 16:00:00,NA,NA,NA,NA,NA,NA,NA,NA,NA,NA,NA,NA,NA,NA,NA,NA,NA,NA,NA,NA,0.00,NA,NA,NA
2025-07-21 17:00:00,NA,NA,NA,NA,NA,NA,NA,NA,NA,NA,NA,NA,NA,NA,NA,NA,NA,NA,NA,NA,0.00,NA,NA,NA
2025-07-21 18:00:00,NA,NA,NA,NA,NA,NA,NA,NA,NA,NA,NA,NA,NA,NA,NA,NA,NA,NA,NA,NA,0.00,NA,NA,NA
2025-07-21 19:00:00,NA,NA,NA,NA,NA,NA,NA,NA,NA,NA,NA,NA,NA,NA,NA,NA,NA,NA,NA,NA,0.00,NA,NA,NA
2025-07-21 20:00:00,NA,NA,NA,NA,NA,NA,NA,NA,NA,NA,NA,NA,NA,NA,NA,NA,NA,NA,NA,NA,0.00,NA,NA,NA
2025-07-21 21:00:00,NA,NA,NA,NA,NA,NA,NA,NA,NA,NA,NA,NA,NA,NA,NA,NA,NA,NA,NA,NA,0.00,NA,NA,NA
2025-07-21 22:00:00,NA,NA,NA,NA,NA,NA,NA,NA,NA,NA,NA,NA,NA,NA,NA,NA,NA,NA,NA,NA,0.00,NA,NA,NA
2025-07-21 23:00:00,NA,NA,NA,NA,NA,NA,NA,NA,NA,NA,NA,NA,NA,NA,NA,NA,NA,NA,NA,NA,0.00,NA,NA,NA
2025-07-22 00:00:00,NA,NA,NA,NA,NA,NA,NA,NA,NA,NA,NA,NA,NA,NA,NA,NA,NA,NA,NA,NA,0.00,NA,NA,NA
2025-07-22 01:00:00,NA,NA,NA,NA,NA,NA,NA,NA,NA,NA,NA,NA,NA,NA,NA,NA,NA,NA,NA,NA,0.00,NA,NA,NA
2025-07-22 02:00:00,NA,NA,NA,NA,NA,NA,NA,NA,NA,NA,NA,NA,NA,NA,NA,NA,NA,NA,NA,NA,0.00,NA,NA,NA
2025-07-22 03:00:00,NA,NA,NA,NA,NA,NA,NA,NA,NA,NA,NA,NA,NA,NA,NA,NA,NA,NA,NA,NA,0.00,NA,NA,NA
2025-07-22 04:00:00,NA,NA,NA,NA,NA,NA,NA,NA,NA,NA,NA,NA,NA,NA,NA,NA,NA,NA,NA,NA,0.00,NA,NA,NA
2025-07-22 05:00:00,NA,NA,NA,NA,NA,NA,NA,NA,NA,NA,NA,NA,NA,NA,NA,NA,NA,NA,NA,NA,0.00,NA,NA,NA
2025-07-22 06:00:00,NA,NA,NA,NA,NA,NA,NA,NA,NA,NA,NA,NA,NA,NA,NA,NA,NA,NA,NA,NA,0.00,NA,NA,NA
2025-07-22 07:00:00,NA,NA,NA,NA,NA,NA,NA,NA,NA,NA,NA,NA,NA,NA,NA,NA,NA,NA,NA,NA,0.00,NA,NA,NA
2025-07-22 08:00:00,NA,NA,NA,NA,NA,NA,NA,NA,NA,NA,NA,NA,NA,NA,NA,NA,NA,NA,NA,NA,0.00,NA,NA,NA
2025-07-22 09:00:00,NA,NA,NA,NA,NA,NA,NA,NA,NA,NA,NA,NA,NA,NA,NA,NA,NA,NA,NA,NA,0.00,NA,NA,NA
2025-07-22 10:00:00,NA,NA,NA,NA,NA,NA,NA,NA,NA,NA,NA,NA,NA,NA,NA,NA,NA,NA,NA,NA,0.00,NA,NA,NA
2025-07-22 11:00:00,NA,NA,NA,NA,NA,NA,NA,NA,NA,NA,NA,NA,NA,NA,NA,NA,NA,NA,NA,NA,0.00,NA,NA,NA
2025-07-22 12:00:00,NA,NA,NA,NA,NA,NA,NA,NA,NA,NA,NA,NA,NA,NA,NA,NA,NA,NA,NA,NA,0.00,NA,NA,NA
2025-07-22 13:00:00,NA,NA,NA,NA,NA,NA,NA,NA,NA,NA,NA,NA,NA,NA,NA,NA,NA,NA,NA,NA,0.00,NA,NA,NA
2025-07-22 14:00:00,NA,NA,NA,NA,NA,NA,NA,NA,NA,NA,NA,NA,NA,NA,NA,NA,NA,NA,NA,NA,0.00,NA,NA,NA
2025-07-22 15:00:00,NA,NA,NA,NA,NA,NA,NA,NA,NA,NA,NA,NA,NA,NA,NA,NA,NA,NA,NA,NA,0.00,NA,NA,NA
2025-07-22 16:00:00,NA,NA,NA,NA,NA,NA,NA,NA,NA,NA,NA,NA,NA,NA,NA,NA,NA,NA,NA,NA,0.00,NA,NA,NA
2025-07-22 17:00:00,NA,NA,NA,NA,NA,NA,NA,NA,NA,NA,NA,NA,NA,NA,NA,NA,NA,NA,NA,NA,0.00,NA,NA,NA
2025-07-22 18:00:00,NA,NA,NA,NA,NA,NA,NA,NA,NA,NA,NA,NA,NA,NA,NA,NA,NA,NA,NA,NA,0.00,NA,NA,NA
2025-07-22 19:00:00,NA,NA,NA,NA,NA,NA,NA,NA,NA,NA,NA,NA,NA,NA,NA,NA,NA,NA,NA,NA,0.00,NA,NA,NA
2025-07-22 20:00:00,NA,NA,NA,NA,NA,NA,NA,NA,NA,NA,NA,NA,NA,NA,NA,NA,NA,NA,NA,NA,0.00,NA,NA,NA
2025-07-22 21:00:00,NA,NA,NA,NA,NA,NA,NA,NA,NA,NA,NA,NA,NA,NA,NA,NA,NA,NA,NA,NA,0.00,NA,NA,NA
2025-07-22 22:00:00,NA,NA,NA,NA,NA,NA,NA,NA,NA,NA,NA,NA,NA,NA,NA,NA,NA,NA,NA,NA,0.00,NA,NA,NA
2025-07-22 23:00:00,NA,NA,NA,NA,NA,NA,NA,NA,NA,NA,NA,NA,NA,NA,NA,NA,NA,NA,NA,NA,0.00,NA,NA,NA
2025-07-23 00:00:00,NA,NA,NA,NA,NA,NA,NA,NA,NA,NA,NA,NA,NA,NA,NA,NA,NA,NA,NA,NA,0.00,NA,NA,NA
2025-07-23 01:00:00,NA,NA,NA,NA,NA,NA,NA,NA,NA,NA,NA,NA,NA,NA,NA,NA,NA,NA,NA,NA,0.00,NA,NA,NA
2025-07-23 02:00:00,NA,NA,NA,NA,NA,NA,NA,NA,NA,NA,NA,NA,NA,NA,NA,NA,NA,NA,NA,NA,0.00,NA,NA,NA
2025-07-23 03:00:00,NA,NA,NA,NA,NA,NA,NA,NA,NA,NA,NA,NA,NA,NA,NA,NA,NA,NA,NA,NA,0.00,NA,NA,NA
2025-07-23 04:00:00,NA,NA,NA,NA,NA,NA,NA,NA,NA,NA,NA,NA,NA,NA,NA,NA,NA,NA,NA,NA,0.00,NA,NA,NA
2025-07-23 05:00:00,NA,NA,NA,NA,NA,NA,NA,NA,NA,NA,NA,NA,NA,NA,NA,NA,NA,NA,NA,NA,0.00,NA,NA,NA
2025-07-23 06:00:00,NA,NA,NA,NA,NA,NA,NA,NA,NA,NA,NA,NA,NA,NA,NA,NA,NA,NA,NA,NA,0.00,NA,NA,NA
2025-07-23 07:00:00,NA,NA,NA,NA,NA,NA,NA,NA,NA,NA,NA,NA,NA,NA,NA,NA,NA,NA,NA,NA,0.00,NA,NA,NA
2025-07-23 08:00:00,NA,NA,NA,NA,NA,NA,NA,NA,NA,NA,NA,NA,NA,NA,NA,NA,NA,NA,NA,NA,0.00,NA,NA,NA
2025-07-23 09:00:00,NA,NA,NA,NA,NA,NA,NA,NA,NA,NA,NA,NA,NA,NA,NA,NA,NA,NA,NA,NA,0.00,NA,NA,NA
2025-07-23 10:00:00,NA,NA,NA,NA,NA,NA,NA,NA,NA,NA,NA,NA,NA,NA,NA,NA,NA,NA,NA,NA,0.00,NA,NA,NA
2025-07-23 11:00:00,18.64,52.01,NA,NA,0.00,NA,NA,3.23,61.35,NA,NA,NA,NA,NA,NA,NA,NA,NA,NA,NA,0.00,NA,NA,NA
2025-07-23 12:00:00,NA,NA,NA,NA,NA,NA,NA,NA,NA,NA,NA,NA,NA,NA,NA,NA,NA,NA,NA,NA,0.00,NA,NA,NA
2025-07-23 13:00:00,NA,NA,NA,NA,NA,NA,NA,1.07,NA,NA,NA,NA,NA,NA,NA,NA,NA,NA,NA,NA,0.00,NA,NA,NA
2025-07-23 14:00:00,NA,NA,NA,NA,NA,NA,NA,1.06,NA,NA,NA,NA,NA,NA,NA,NA,NA,NA,NA,NA,0.00,NA,NA,NA
2025-07-23 15:00:00,NA,NA,NA,NA,NA,NA,NA,1.09,NA,NA,NA,NA,NA,NA,NA,NA,NA,NA,NA,NA,0.00,NA,NA,NA
2025-07-23 16:00:00,NA,27.33,NA,NA,NA,NA,NA,0.94,NA,NA,NA,NA,NA,NA,NA,NA,NA,NA,NA,NA,0.00,NA,NA,NA
2025-07-23 17:00:00,1.64,26.52,65.12,53.55,81.42,NA,NA,0.85,42.73,NA,NA,NA,NA,NA,NA,NA,NA,NA,NA,NA,0.00,NA,NA,NA
2025-07-23 18:00:00,NA,NA,NA,NA,NA,NA,NA,NA,NA,NA,NA,NA,NA,NA,NA,NA,NA,NA,NA,NA,0.00,NA,NA,NA
2025-07-23 19:00:00,NA,NA,NA,NA,NA,NA,NA,NA,NA,NA,NA,NA,NA,NA,NA,NA,NA,NA,NA,NA,0.00,NA,NA,NA
2025-07-23 20:00:00,NA,33.42,80.84,52.73,89.68,NA,NA,1.30,11.97,NA,NA,NA,NA,NA,NA,NA,NA,NA,NA,NA,0.00,NA,NA,NA
2025-07-23 21:00:00,NA,NA,53.79,45.78,68.09,NA,NA,1.15,30.44,NA,NA,NA,NA,NA,NA,NA,NA,NA,NA,NA,0.00,NA,NA,NA
2025-07-23 22:00:00,NA,NA,52.82,46.76,67.82,NA,NA,1.12,29.41,NA,NA,NA,NA,NA,NA,NA,NA,NA,NA,NA,0.00,NA,NA,NA
2025-07-23 23:00:00,NA,NA,50.13,46.04,65.24,NA,NA,1.12,27.85,NA,NA,NA,NA,NA,NA,NA,NA,NA,NA,NA,0.00,NA,NA,NA
2025-07-24 00:00:00,NA,8.98,51.58,45.65,66.22,NA,NA,1.14,25.01,NA,NA,NA,NA,NA,NA,NA,NA,NA,NA,NA,0.00,NA,NA,NA
2025-07-24 01:00:00,0.21,33.75,62.98,45.91,75.62,NA,NA,1.19,21.70,NA,NA,NA,NA,NA,NA,NA,NA,NA,NA,NA,0.00,NA,NA,NA
2025-07-24 02:00:00,6.02,50.51,61.22,46.74,74.64,NA,NA,1.18,19.73,NA,NA,NA,NA,NA,NA,NA,NA,NA,NA,NA,0.00,NA,NA,NA
2025-07-24 03:00:00,6.26,42.77,63.49,45.53,75.83,NA,NA,1.04,19.26,NA,NA,NA,NA,NA,NA,NA,NA,NA,NA,NA,0.00,NA,NA,NA
2025-07-24 04:00:00,NA,0.22,63.74,44.91,75.71,NA,NA,0.99,21.03,NA,NA,NA,NA,NA,NA,NA,NA,NA,NA,NA,0.00,NA,NA,NA
2025-07-24 05:00:00,NA,1.59,60.99,45.46,73.77,NA,NA,0.98,23.12,NA,NA,NA,NA,NA,NA,NA,NA,NA,NA,NA,0.00,NA,NA,NA
2025-07-24 06:00:00,NA,10.66,114.93,45.22,117.34,NA,NA,1.11,11.36,NA,NA,NA,NA,NA,NA,NA,NA,NA,NA,NA,0.00,NA,NA,NA
2025-07-24 07:00:00,NA,NA,57.68,46.82,71.79,NA,NA,1.15,18.37,NA,NA,NA,NA,NA,NA,NA,NA,NA,NA,NA,0.00,NA,NA,NA
2025-07-24 08:00:00,NA,NA,65.13,45.43,77.08,NA,NA,1.16,17.55,NA,NA,NA,NA,NA,NA,NA,NA,NA,NA,NA,0.00,NA,NA,NA
2025-07-24 09:00:00,NA,NA,44.76,45.96,60.84,NA,NA,0.88,22.87,NA,NA,NA,NA,NA,NA,NA,NA,NA,NA,NA,0.00,NA,NA,NA
2025-07-24 10:00:00,NA,5.59,46.96,45.36,62.30,NA,NA,1.06,25.58,NA,NA,NA,NA,NA,NA,NA,NA,NA,NA,NA,0.00,NA,NA,NA
2025-07-24 11:00:00,NA,56.51,46.39,46.38,62.38,NA,NA,1.02,32.55,NA,NA,NA,NA,NA,NA,NA,NA,NA,NA,NA,0.00,NA,NA,NA
2025-07-24 12:00:00,NA,79.59,50.76,45.38,65.40,NA,NA,1.18,42.73,NA,NA,NA,NA,NA,NA,NA,NA,NA,NA,NA,0.00,NA,NA,NA
2025-07-24 13:00:00,12.85,101.02,49.03,46.00,64.33,NA,NA,1.06,65.28,NA,NA,NA,NA,NA,NA,NA,NA,NA,NA,NA,0.00,NA,NA,NA
2025-07-24 14:00:00,0.41,101.68,49.91,44.45,64.22,NA,NA,1.05,47.52,NA,NA,NA,NA,NA,NA,NA,NA,NA,NA,NA,0.00,NA,NA,NA
2025-07-24 15:00:00,NA,65.68,116.56,43.80,117.88,NA,NA,1.06,35.76,NA,NA,NA,NA,NA,NA,NA,NA,NA,NA,NA,0.00,NA,NA,NA
2025-07-24 16:00:00,NA,23.09,108.19,46.60,112.71,NA,NA,1.00,35.10,NA,NA,NA,NA,NA,NA,NA,NA,NA,NA,NA,0.00,NA,NA,NA
2025-07-24 17:00:00,NA,NA,77.17,47.46,87.99,NA,NA,1.02,45.86,NA,NA,NA,NA,NA,NA,NA,NA,NA,NA,NA,0.00,NA,NA,NA
2025-07-24 18:00:00,NA,35.53,70.89,46.99,82.62,NA,NA,1.07,46.18,NA,NA,NA,NA,NA,NA,NA,NA,NA,NA,NA,0.00,NA,NA,NA
2025-07-24 19:00:00,NA,83.66,59.43,47.69,73.68,NA,NA,1.08,37.36,NA,NA,NA,NA,NA,NA,NA,NA,NA,NA,NA,0.00,NA,NA,NA
2025-07-24 20:00:00,0.06,113.14,46.32,47.36,62.85,NA,NA,1.08,21.74,NA,NA,NA,NA,NA,NA,NA,NA,NA,NA,NA,0.00,NA,NA,NA
2025-07-24 21:00:00,1.08,118.28,246.46,41.50,221.58,NA,NA,1.06,0.44,NA,NA,NA,NA,NA,NA,NA,NA,NA,NA,NA,0.00,NA,NA,NA
2025-07-24 22:00:00,NA,6.51,75.80,48.92,87.64,NA,NA,0.95,5.57,NA,NA,NA,NA,NA,NA,NA,NA,NA,NA,NA,0.00,NA,NA,NA
2025-07-24 23:00:00,NA,3.22,72.97,47.63,84.66,NA,NA,1.04,10.25,NA,NA,NA,NA,NA,NA,NA,NA,NA,NA,NA,0.00,NA,NA,NA
2025-07-25 00:00:00,NA,50.20,78.10,49.42,89.78,NA,NA,1.06,9.99,NA,NA,NA,NA,NA,NA,NA,NA,NA,NA,NA,0.00,NA,NA,NA
2025-07-25 01:00:00,NA,55.00,67.30,45.36,78.84,NA,NA,1.06,7.71,NA,NA,NA,NA,NA,NA,NA,NA,NA,NA,NA,0.00,NA,NA,NA
2025-07-25 02:00:00,NA,38.86,295.66,41.32,261.80,NA,NA,1.17,0.11,NA,NA,NA,NA,NA,NA,NA,NA,NA,NA,NA,0.00,NA,NA,NA
2025-07-25 03:00:00,NA,NA,63.81,46.20,76.44,NA,NA,1.24,1.94,NA,NA,NA,NA,NA,NA,NA,NA,NA,NA,NA,0.00,NA,NA,NA
2025-07-25 04:00:00,NA,NA,55.27,46.54,69.69,NA,NA,1.02,1.25,NA,NA,NA,NA,NA,NA,NA,NA,NA,NA,NA,0.00,NA,NA,NA
2025-07-25 05:00:00,NA,0.12,49.91,47.01,65.58,NA,NA,0.84,3.15,NA,NA,NA,NA,NA,NA,NA,NA,NA,NA,NA,0.00,NA,NA,NA
2025-07-25 06:00:00,NA,NA,151.10,42.90,145.28,NA,NA,1.06,1.43,NA,NA,NA,NA,NA,NA,NA,NA,NA,NA,NA,0.00,NA,NA,NA
2025-07-25 07:00:00,NA,NA,39.27,45.78,56.28,NA,NA,1.18,9.51,NA,NA,NA,NA,NA,NA,NA,NA,NA,NA,NA,0.00,NA,NA,NA
2025-07-25 08:00:00,NA,NA,34.80,46.54,53.05,NA,NA,1.14,15.68,NA,NA,NA,NA,NA,NA,NA,NA,NA,NA,NA,0.00,NA,NA,NA
2025-07-25 09:00:00,NA,21.10,30.97,46.78,50.06,NA,NA,1.10,17.39,NA,NA,NA,NA,NA,NA,NA,NA,NA,NA,NA,0.00,NA,NA,NA
2025-07-25 10:00:00,NA,38.24,25.76,46.87,45.87,NA,NA,0.97,22.30,NA,NA,NA,NA,NA,NA,NA,NA,NA,NA,NA,0.00,NA,NA,NA
2025-07-25 11:00:00,0.11,39.71,25.61,46.58,45.60,NA,NA,0.82,27.86,NA,NA,NA,NA,NA,NA,NA,NA,NA,NA,NA,0.00,NA,NA,NA
2025-07-25 12:00:00,NA,54.93,30.49,46.53,49.54,NA,NA,0.75,35.56,NA,NA,NA,NA,NA,NA,NA,NA,NA,NA,NA,0.00,NA,NA,NA
2025-07-25 13:00:00,NA,75.04,30.73,46.36,49.64,NA,NA,0.70,43.00,NA,NA,NA,NA,NA,NA,NA,NA,NA,NA,NA,0.00,NA,NA,NA
2025-07-25 14:00:00,6.26,82.55,29.39,45.47,48.08,NA,NA,0.70,48.03,NA,NA,NA,NA,NA,NA,NA,NA,NA,NA,NA,0.00,NA,NA,NA
2025-07-25 15:00:00,10.00,88.52,27.68,48.58,48.35,NA,NA,0.73,46.31,NA,NA,NA,NA,NA,NA,NA,NA,NA,NA,NA,0.00,NA,NA,NA
2025-07-25 16:00:00,31.52,81.23,35.19,46.49,53.34,NA,NA,0.72,47.87,NA,NA,NA,NA,NA,NA,NA,NA,NA,NA,NA,0.00,NA,NA,NA
2025-07-25 17:00:00,12.23,45.41,55.51,45.05,69.05,NA,NA,0.85,44.90,NA,NA,NA,NA,NA,NA,NA,NA,NA,NA,NA,0.00,NA,NA,NA
2025-07-25 18:00:00,NA,NA,32.73,47.61,51.92,NA,NA,0.86,41.05,NA,NA,NA,NA,NA,NA,NA,NA,NA,NA,NA,0.00,NA,NA,NA
2025-07-25 19:00:00,2.44,47.83,23.97,48.96,45.53,NA,NA,0.90,31.34,NA,NA,NA,NA,NA,NA,NA,NA,NA,NA,NA,0.00,NA,NA,NA
2025-07-25 20:00:00,10.69,69.65,25.69,48.16,46.50,NA,NA,0.90,32.84,NA,NA,NA,NA,NA,NA,NA,NA,NA,NA,NA,0.00,NA,NA,NA
2025-07-25 21:00:00,NA,32.75,21.44,47.75,42.83,NA,NA,0.82,22.54,NA,NA,NA,NA,NA,NA,NA,NA,NA,NA,NA,0.00,NA,NA,NA
2025-07-25 22:00:00,NA,38.15,142.11,32.91,131.06,NA,NA,1.09,2.22,NA,NA,NA,NA,NA,NA,NA,NA,NA,NA,NA,0.00,NA,NA,NA
2025-07-25 23:00:00,NA,NA,29.12,47.74,49.07,NA,NA,0.94,12.22,NA,NA,NA,NA,NA,NA,NA,NA,NA,NA,NA,0.00,NA,NA,NA
2025-07-26 00:00:00,NA,NA,131.07,34.45,124.32,NA,NA,0.87,25.43,NA,NA,NA,NA,NA,NA,NA,NA,NA,NA,NA,0.00,NA,NA,NA
2025-07-26 01:00:00,NA,NA,NA,NA,NA,NA,NA,NA,NA,NA,NA,NA,NA,NA,NA,NA,NA,NA,NA,NA,0.00,NA,NA,NA
2025-07-26 02:00:00,NA,NA,NA,NA,NA,NA,NA,NA,NA,NA,NA,NA,NA,NA,NA,NA,NA,NA,NA,NA,0.00,NA,NA,NA
2025-07-26 03:00:00,NA,NA,247.41,71.08,238.20,NA,NA,1.71,21.28,NA,NA,NA,NA,NA,NA,NA,NA,NA,NA,NA,0.00,NA,NA,NA
2025-07-26 04:00:00,NA,NA,48.65,45.53,63.77,NA,NA,0.94,3.26,NA,NA,NA,NA,NA,NA,NA,NA,NA,NA,NA,0.00,NA,NA,NA
2025-07-26 05:00:00,NA,NA,51.60,45.47,66.14,NA,NA,0.86,8.58,NA,NA,NA,NA,NA,NA,NA,NA,NA,NA,NA,0.00,NA,NA,NA
2025-07-26 06:00:00,NA,NA,51.95,45.52,66.45,NA,NA,0.90,7.68,NA,NA,NA,NA,NA,NA,NA,NA,NA,NA,NA,0.00,NA,NA,NA
2025-07-26 07:00:00,NA,NA,107.98,45.62,111.94,NA,NA,1.05,2.87,NA,NA,NA,NA,NA,NA,NA,NA,NA,NA,NA,0.00,NA,NA,NA
2025-07-26 08:00:00,NA,NA,90.35,48.81,99.39,NA,NA,1.06,3.70,NA,NA,NA,NA,NA,NA,NA,NA,NA,NA,NA,0.00,NA,NA,NA
2025-07-26 09:00:00,NA,NA,56.21,44.33,69.25,NA,NA,1.06,19.10,NA,NA,NA,NA,NA,NA,NA,NA,NA,NA,NA,0.00,NA,NA,NA
2025-07-26 10:00:00,NA,NA,44.92,48.21,62.16,NA,NA,1.14,77.99,NA,NA,NA,NA,NA,NA,NA,NA,NA,NA,NA,0.00,NA,NA,NA
2025-07-26 11:00:00,NA,NA,44.91,48.77,62.45,NA,NA,1.16,7.86,NA,NA,NA,NA,NA,NA,NA,NA,NA,NA,NA,0.00,NA,NA,NA
2025-07-26 12:00:00,NA,NA,NA,NA,NA,NA,NA,NA,11.13,NA,NA,NA,NA,NA,NA,NA,NA,NA,NA,NA,0.00,NA,NA,NA
2025-07-26 13:00:00,NA,NA,NA,NA,NA,NA,NA,0.84,NA,NA,NA,NA,NA,NA,NA,NA,NA,NA,NA,NA,0.00,NA,NA,NA
2025-07-26 14:00:00,NA,NA,NA,NA,NA,NA,NA,0.88,NA,NA,NA,NA,NA,NA,NA,NA,NA,NA,NA,NA,0.00,NA,NA,NA
2025-07-26 15:00:00,NA,29.32,22.70,43.40,41.53,NA,NA,1.04,NA,NA,NA,NA,NA,NA,NA,NA,NA,NA,NA,NA,0.00,NA,NA,NA
2025-07-26 16:00:00,0.08,43.26,17.93,43.93,37.94,NA,NA,1.06,62.53,NA,NA,NA,NA,NA,NA,NA,NA,NA,NA,NA,0.00,NA,NA,NA
2025-07-26 17:00:00,14.72,65.14,23.73,42.61,41.96,NA,NA,1.10,61.30,NA,NA,NA,NA,NA,NA,NA,NA,NA,NA,NA,0.00,NA,NA,NA
2025-07-26 18:00:00,4.06,53.88,28.37,40.58,44.64,NA,NA,1.09,61.46,NA,NA,NA,NA,NA,NA,NA,NA,NA,NA,NA,0.00,NA,NA,NA
2025-07-26 19:00:00,18.63,46.57,25.87,40.48,42.57,NA,NA,1.22,41.30,NA,NA,NA,NA,NA,NA,NA,NA,NA,NA,NA,0.00,NA,NA,NA
2025-07-26 20:00:00,12.40,52.42,26.17,39.22,42.14,NA,NA,1.24,35.80,NA,NA,NA,NA,NA,NA,NA,NA,NA,NA,NA,0.00,NA,NA,NA
2025-07-26 21:00:00,22.28,44.52,25.24,38.35,40.93,NA,NA,1.28,29.26,NA,NA,NA,NA,NA,NA,NA,NA,NA,NA,NA,0.00,NA,NA,NA
2025-07-26 22:00:00,23.86,77.51,25.94,40.26,42.51,NA,NA,1.32,27.22,NA,NA,NA,NA,NA,NA,NA,NA,NA,NA,NA,0.00,NA,NA,NA
2025-07-26 23:00:00,21.24,76.99,24.98,38.77,40.93,NA,NA,1.31,26.52,NA,NA,NA,NA,NA,NA,NA,NA,NA,NA,NA,0.00,NA,NA,NA
2025-07-27 00:00:00,12.47,59.86,27.33,38.65,42.78,NA,NA,1.29,25.67,NA,NA,NA,NA,NA,NA,NA,NA,NA,NA,NA,0.00,NA,NA,NA
2025-07-27 01:00:00,26.02,70.14,30.78,37.58,45.02,NA,NA,1.30,24.85,NA,NA,NA,NA,NA,NA,NA,NA,NA,NA,NA,0.00,NA,NA,NA
2025-07-27 02:00:00,29.76,76.65,31.72,37.24,45.60,NA,NA,1.28,23.74,NA,NA,NA,NA,NA,NA,NA,NA,NA,NA,NA,0.00,NA,NA,NA
2025-07-27 03:00:00,27.28,68.48,30.85,36.51,44.50,NA,NA,1.30,39.26,NA,NA,NA,NA,NA,NA,NA,NA,NA,NA,NA,0.00,NA,NA,NA
2025-07-27 04:00:00,22.06,61.66,53.74,35.93,62.84,NA,NA,1.28,29.84,NA,NA,NA,NA,NA,NA,NA,NA,NA,NA,NA,0.00,NA,NA,NA
2025-07-27 05:00:00,22.44,69.30,28.10,37.61,42.85,NA,NA,1.24,101.03,NA,NA,NA,NA,NA,NA,NA,NA,NA,NA,NA,0.00,NA,NA,NA
2025-07-27 06:00:00,16.50,28.08,26.95,36.58,41.36,NA,NA,1.12,61.02,NA,NA,NA,NA,NA,NA,NA,NA,NA,NA,NA,0.00,NA,NA,NA
2025-07-27 07:00:00,7.40,22.49,22.90,36.59,38.08,NA,NA,1.12,43.99,NA,NA,NA,NA,NA,NA,NA,NA,NA,NA,NA,0.00,NA,NA,NA
2025-07-27 08:00:00,4.40,17.78,17.61,36.86,33.92,NA,NA,1.10,44.50,NA,NA,NA,NA,NA,NA,NA,NA,NA,NA,NA,0.00,NA,NA,NA
2025-07-27 09:00:00,8.87,31.90,15.07,37.47,32.18,NA,NA,1.09,52.70,NA,NA,NA,NA,NA,NA,NA,NA,NA,NA,NA,0.00,NA,NA,NA
2025-07-27 10:00:00,11.32,30.70,12.03,37.36,29.66,NA,NA,1.04,53.29,NA,NA,NA,NA,NA,NA,NA,NA,NA,NA,NA,0.00,NA,NA,NA
2025-07-27 11:00:00,8.01,25.64,11.42,37.90,29.44,NA,NA,1.05,73.07,NA,NA,NA,NA,NA,NA,NA,NA,NA,NA,NA,0.00,NA,NA,NA
2025-07-27 12:00:00,16.75,43.80,9.05,38.82,28.01,NA,NA,1.04,65.84,NA,NA,NA,NA,NA,NA,NA,NA,NA,NA,NA,0.00,NA,NA,NA
2025-07-27 13:00:00,19.00,55.22,7.47,39.01,26.82,NA,NA,1.04,74.08,NA,NA,NA,NA,NA,NA,NA,NA,NA,NA,NA,0.00,NA,NA,NA
2025-07-27 14:00:00,17.31,48.42,7.88,38.66,26.97,NA,NA,1.03,77.88,NA,NA,NA,NA,NA,NA,NA,NA,NA,NA,NA,0.00,NA,NA,NA
2025-07-27 15:00:00,20.06,47.20,7.04,38.48,26.19,NA,NA,1.00,75.68,NA,NA,NA,NA,NA,NA,NA,NA,NA,NA,NA,0.00,NA,NA,NA
2025-07-27 16:00:00,22.32,51.87,7.94,38.35,26.86,NA,NA,0.97,76.47,NA,NA,NA,NA,NA,NA,NA,NA,NA,NA,NA,0.00,NA,NA,NA
2025-07-27 17:00:00,9.68,50.37,7.48,38.73,26.68,NA,NA,0.97,78.06,NA,NA,NA,NA,NA,NA,NA,NA,NA,NA,NA,0.00,NA,NA,NA
2025-07-27 18:00:00,23.10,61.43,6.68,39.08,26.22,NA,NA,0.97,82.55,NA,NA,NA,NA,NA,NA,NA,NA,NA,NA,NA,0.00,NA,NA,NA
2025-07-27 19:00:00,32.49,69.40,7.23,39.96,27.13,NA,NA,0.87,74.90,NA,NA,NA,NA,NA,NA,NA,NA,NA,NA,NA,0.00,NA,NA,NA
2025-07-27 20:00:00,36.89,77.15,7.27,38.46,26.36,NA,NA,0.94,54.78,NA,NA,NA,NA,NA,NA,NA,NA,NA,NA,NA,0.00,NA,NA,NA
2025-07-27 21:00:00,20.68,53.96,7.56,38.26,26.49,NA,NA,1.02,46.19,NA,NA,NA,NA,NA,NA,NA,NA,NA,NA,NA,0.00,NA,NA,NA
2025-07-27 22:00:00,16.06,66.45,8.74,38.23,27.44,NA,NA,1.06,43.10,NA,NA,NA,NA,NA,NA,NA,NA,NA,NA,NA,0.00,NA,NA,NA
2025-07-27 23:00:00,19.66,56.11,8.05,37.65,26.57,NA,NA,1.08,42.92,NA,NA,NA,NA,NA,NA,NA,NA,NA,NA,NA,0.00,NA,NA,NA
2025-07-28 00:00:00,10.86,46.40,7.44,37.80,26.16,NA,NA,1.10,60.87,NA,NA,NA,NA,NA,NA,NA,NA,NA,NA,NA,0.00,NA,NA,NA
2025-07-28 01:00:00,20.83,44.86,8.07,36.55,26.00,NA,NA,1.12,37.89,NA,NA,NA,NA,NA,NA,NA,NA,NA,NA,NA,0.00,NA,NA,NA
2025-07-28 02:00:00,23.76,43.72,8.76,35.88,26.20,NA,NA,1.11,41.00,NA,NA,NA,NA,NA,NA,NA,NA,NA,NA,NA,0.00,NA,NA,NA
2025-07-28 03:00:00,24.45,48.03,8.79,36.62,26.63,NA,NA,1.11,39.19,NA,NA,NA,NA,NA,NA,NA,NA,NA,NA,NA,0.00,NA,NA,NA
2025-07-28 04:00:00,27.02,50.66,8.58,36.33,26.30,NA,NA,1.10,43.62,NA,NA,NA,NA,NA,NA,NA,NA,NA,NA,NA,0.00,NA,NA,NA
2025-07-28 05:00:00,20.77,39.13,8.96,36.43,26.66,NA,NA,1.06,37.32,NA,NA,NA,NA,NA,NA,NA,NA,NA,NA,NA,0.00,NA,NA,NA
2025-07-28 06:00:00,25.32,57.24,9.73,36.50,27.33,NA,NA,1.08,35.74,NA,NA,NA,NA,NA,NA,NA,NA,NA,NA,NA,0.00,NA,NA,NA
2025-07-28 07:00:00,34.71,110.16,9.10,37.46,27.32,NA,NA,1.11,43.50,NA,NA,NA,NA,NA,NA,NA,NA,NA,NA,NA,0.00,NA,NA,NA
2025-07-28 08:00:00,23.75,90.72,9.03,37.03,27.04,NA,NA,1.11,49.39,NA,NA,NA,NA,NA,NA,NA,NA,NA,NA,NA,0.00,NA,NA,NA
2025-07-28 09:00:00,40.89,103.16,7.70,37.76,26.34,NA,NA,1.14,55.80,NA,NA,NA,NA,NA,NA,NA,NA,NA,NA,NA,0.00,NA,NA,NA
2025-07-28 10:00:00,27.53,59.47,5.57,37.56,24.51,NA,NA,1.08,66.92,NA,NA,NA,NA,NA,NA,NA,NA,NA,NA,NA,0.00,NA,NA,NA
2025-07-28 11:00:00,22.66,50.44,5.84,36.28,24.05,NA,NA,1.04,71.14,NA,NA,NA,NA,NA,NA,NA,NA,NA,NA,NA,0.00,NA,NA,NA
2025-07-28 12:00:00,31.42,51.72,3.34,39.16,23.54,NA,NA,1.08,73.06,NA,NA,NA,NA,NA,NA,NA,NA,NA,NA,NA,0.00,NA,NA,NA
2025-07-28 13:00:00,31.88,72.02,2.45,39.28,22.88,NA,NA,1.02,86.31,NA,NA,NA,NA,NA,NA,NA,NA,NA,NA,NA,0.00,NA,NA,NA
2025-07-28 14:00:00,42.46,104.16,1.55,40.16,22.62,NA,NA,1.01,98.55,NA,NA,NA,NA,NA,NA,NA,NA,NA,NA,NA,0.00,NA,NA,NA
2025-07-28 15:00:00,44.20,108.30,1.83,40.30,22.92,NA,NA,1.00,94.02,NA,NA,NA,NA,NA,NA,NA,NA,NA,NA,NA,0.00,NA,NA,NA
2025-07-28 16:00:00,46.83,104.60,2.29,39.77,23.01,NA,NA,1.02,78.91,NA,NA,NA,NA,NA,NA,NA,NA,NA,NA,NA,0.00,NA,NA,NA
2025-07-28 17:00:00,32.26,57.19,1.46,39.01,21.94,NA,NA,1.02,73.59,NA,NA,NA,NA,NA,NA,NA,NA,NA,NA,NA,0.00,NA,NA,NA
2025-07-28 18:00:00,27.46,48.30,3.12,39.06,23.32,NA,NA,0.96,80.84,NA,NA,NA,NA,NA,NA,NA,NA,NA,NA,NA,0.00,NA,NA,NA
2025-07-28 19:00:00,31.96,69.02,6.20,40.34,26.49,NA,NA,0.88,70.53,NA,NA,NA,NA,NA,NA,NA,NA,NA,NA,NA,0.00,NA,NA,NA
2025-07-28 20:00:00,49.36,95.75,7.05,39.84,26.93,NA,NA,0.91,56.28,NA,NA,NA,NA,NA,NA,NA,NA,NA,NA,NA,0.00,NA,NA,NA
2025-07-28 21:00:00,30.27,78.94,5.33,38.46,24.79,NA,NA,1.07,45.26,NA,NA,NA,NA,NA,NA,NA,NA,NA,NA,NA,0.00,NA,NA,NA
2025-07-28 22:00:00,24.87,63.92,5.01,38.16,24.38,NA,NA,1.09,57.62,NA,NA,NA,NA,NA,NA,NA,NA,NA,NA,NA,0.00,NA,NA,NA
2025-07-28 23:00:00,14.26,28.85,4.76,37.60,23.86,NA,NA,1.10,55.76,NA,NA,NA,NA,NA,NA,NA,NA,NA,NA,NA,0.00,NA,NA,NA
2025-07-29 00:00:00,9.07,24.87,5.58,37.26,24.36,NA,NA,1.12,47.93,NA,NA,NA,NA,NA,NA,NA,NA,NA,NA,NA,0.00,NA,NA,NA
2025-07-29 01:00:00,38.30,58.98,6.88,35.32,24.38,NA,NA,1.14,68.95,NA,NA,NA,NA,NA,NA,NA,NA,NA,NA,NA,0.00,NA,NA,NA
2025-07-29 02:00:00,26.40,37.40,7.86,42.56,18.66,NA,NA,1.13,51.59,NA,NA,NA,NA,NA,NA,NA,NA,NA,NA,NA,0.00,NA,NA,NA
2025-07-29 03:00:00,8.79,13.15,0.06,37.21,1.80,NA,NA,1.13,68.02,NA,NA,NA,NA,NA,NA,NA,NA,NA,NA,NA,0.00,NA,NA,NA
2025-07-29 04:00:00,17.30,32.64,9.24,34.96,3.57,NA,NA,1.07,54.62,NA,NA,NA,NA,NA,NA,NA,NA,NA,NA,NA,0.00,NA,NA,NA
2025-07-29 05:00:00,9.29,29.44,NA,29.69,0.00,NA,NA,1.05,55.96,NA,NA,NA,NA,NA,NA,NA,NA,NA,NA,NA,0.00,NA,NA,NA
2025-07-29 06:00:00,22.96,43.01,4.01,40.08,7.27,NA,NA,1.01,53.38,NA,NA,NA,NA,NA,NA,NA,NA,NA,NA,NA,0.00,NA,NA,NA
2025-07-29 07:00:00,9.67,46.69,12.42,31.34,22.78,NA,NA,1.04,48.30,NA,NA,NA,NA,NA,NA,NA,NA,NA,NA,NA,0.00,NA,NA,NA
2025-07-29 08:00:00,27.98,53.95,6.60,37.46,25.29,NA,NA,1.04,62.05,NA,NA,NA,NA,NA,NA,NA,NA,NA,NA,NA,0.00,NA,NA,NA
2025-07-29 09:00:00,39.08,57.51,8.44,37.53,26.82,NA,NA,1.02,52.55,NA,NA,NA,NA,NA,NA,NA,NA,NA,NA,NA,0.00,NA,NA,NA
2025-07-29 10:00:00,26.22,47.50,5.61,37.07,24.28,NA,NA,1.04,62.25,NA,NA,NA,NA,NA,NA,NA,NA,NA,NA,NA,0.00,NA,NA,NA
2025-07-29 11:00:00,8.47,14.31,0.26,41.62,20.85,NA,NA,0.97,58.99,NA,NA,NA,NA,NA,NA,NA,NA,NA,NA,NA,0.00,NA,NA,NA
2025-07-29 12:00:00,12.52,23.96,7.36,26.80,20.24,NA,NA,0.89,52.74,NA,NA,NA,NA,NA,NA,NA,NA,NA,NA,NA,0.00,NA,NA,NA
2025-07-29 13:00:00,12.81,21.31,3.91,25.52,16.76,NA,NA,0.82,44.32,NA,NA,NA,NA,NA,NA,NA,NA,NA,NA,NA,0.00,NA,NA,NA
2025-07-29 14:00:00,3.96,13.26,3.05,25.56,16.08,NA,NA,0.84,45.32,NA,NA,NA,NA,NA,NA,NA,NA,NA,NA,NA,0.00,NA,NA,NA
2025-07-29 15:00:00,6.90,10.69,3.38,26.90,17.06,NA,NA,0.92,48.70,NA,NA,NA,NA,NA,NA,NA,NA,NA,NA,NA,0.00,NA,NA,NA
2025-07-29 16:00:00,15.61,30.83,4.02,26.15,17.18,NA,NA,0.94,50.97,NA,NA,NA,NA,NA,NA,NA,NA,NA,NA,NA,0.00,NA,NA,NA
2025-07-29 17:00:00,21.14,42.99,23.42,10.98,24.88,NA,NA,1.02,53.04,NA,NA,NA,NA,NA,NA,NA,NA,NA,NA,NA,0.00,NA,NA,NA
2025-07-29 18:00:00,26.48,48.69,21.60,16.57,26.33,NA,NA,0.92,68.95,NA,NA,NA,NA,NA,NA,NA,NA,NA,NA,NA,0.00,NA,NA,NA
2025-07-29 19:00:00,36.46,65.81,20.20,17.50,25.74,NA,NA,0.84,64.83,NA,NA,NA,NA,NA,NA,NA,NA,NA,NA,NA,0.00,NA,NA,NA
2025-07-29 20:00:00,25.56,53.80,158.61,38.89,54.74,NA,NA,0.97,31.35,NA,NA,NA,NA,NA,NA,NA,NA,NA,NA,NA,0.00,NA,NA,NA
2025-07-29 21:00:00,NA,NA,11.82,9.07,8.41,NA,NA,0.78,42.41,NA,NA,NA,NA,NA,NA,NA,NA,NA,NA,NA,0.00,NA,NA,NA
2025-07-29 22:00:00,NA,NA,NA,17.08,1.42,NA,NA,0.85,40.84,NA,NA,NA,NA,NA,NA,NA,NA,NA,NA,NA,0.00,NA,NA,NA
2025-07-29 23:00:00,NA,NA,NA,14.69,0.00,NA,NA,0.90,38.92,NA,NA,NA,NA,NA,NA,NA,NA,NA,NA,NA,0.00,NA,NA,NA
2025-07-30 00:00:00,NA,NA,8.02,12.57,11.71,NA,NA,0.96,41.66,NA,NA,NA,NA,NA,NA,NA,NA,NA,NA,NA,0.00,NA,NA,NA
2025-07-30 01:00:00,NA,NA,24.35,10.98,22.69,NA,NA,0.86,39.04,NA,NA,NA,NA,NA,NA,NA,NA,NA,NA,NA,0.00,NA,NA,NA
2025-07-30 02:00:00,NA,NA,34.95,8.93,30.13,NA,NA,0.82,36.88,NA,NA,NA,NA,NA,NA,NA,NA,NA,NA,NA,0.00,NA,NA,NA
2025-07-30 03:00:00,NA,0.48,74.79,5.60,60.96,NA,NA,0.82,41.30,NA,NA,NA,NA,NA,NA,NA,NA,NA,NA,NA,0.00,NA,NA,NA
2025-07-30 04:00:00,0.05,1.35,77.65,29.20,77.53,NA,NA,0.82,43.04,NA,NA,NA,NA,NA,NA,NA,NA,NA,NA,NA,0.00,NA,NA,NA
2025-07-30 05:00:00,0.90,15.81,101.76,7.52,82.26,NA,NA,0.90,41.14,NA,NA,NA,NA,NA,NA,NA,NA,NA,NA,NA,0.00,NA,NA,NA
2025-07-30 06:00:00,14.52,31.70,91.61,12.66,81.12,NA,NA,0.88,96.77,NA,NA,NA,NA,NA,NA,NA,NA,NA,NA,NA,0.00,NA,NA,NA
2025-07-30 07:00:00,10.17,26.33,93.61,6.32,79.46,NA,NA,0.90,72.32,NA,NA,NA,NA,NA,NA,NA,NA,NA,NA,NA,0.00,NA,NA,NA
2025-07-30 08:00:00,0.85,9.81,94.29,6.33,80.03,NA,NA,0.93,63.59,NA,NA,NA,NA,NA,NA,NA,NA,NA,NA,NA,0.00,NA,NA,NA
2025-07-30 09:00:00,11.71,17.14,91.96,6.20,78.06,NA,NA,0.91,53.86,NA,NA,NA,NA,NA,NA,NA,NA,NA,NA,NA,0.00,NA,NA,NA
2025-07-30 10:00:00,12.31,26.88,89.56,5.50,75.74,NA,NA,0.92,55.94,NA,NA,NA,NA,NA,NA,NA,NA,NA,NA,NA,0.00,NA,NA,NA
2025-07-30 11:00:00,19.91,30.67,13.08,9.28,15.56,NA,NA,0.92,59.61,NA,NA,NA,NA,NA,NA,NA,NA,NA,NA,NA,0.00,NA,NA,NA
2025-07-30 12:00:00,12.20,29.07,10.18,10.02,13.61,NA,NA,0.88,65.29,NA,NA,NA,NA,NA,NA,NA,NA,NA,NA,NA,0.00,NA,NA,NA
2025-07-30 13:00:00,11.09,37.96,10.86,10.36,14.34,NA,NA,0.87,94.74,NA,NA,NA,NA,NA,NA,NA,NA,NA,NA,NA,0.00,NA,NA,NA
2025-07-30 14:00:00,18.92,32.34,11.86,10.39,15.16,NA,NA,0.88,68.10,NA,NA,NA,NA,NA,NA,NA,NA,NA,NA,NA,0.00,NA,NA,NA
2025-07-30 15:00:00,22.28,55.92,11.56,10.16,14.80,NA,NA,0.90,70.84,NA,NA,NA,NA,NA,NA,NA,NA,NA,NA,NA,0.00,NA,NA,NA
2025-07-30 16:00:00,18.06,38.04,43.88,10.14,25.96,NA,NA,0.86,70.18,NA,NA,NA,NA,NA,NA,NA,NA,NA,NA,NA,0.00,NA,NA,NA
2025-07-30 17:00:00,22.26,39.57,37.10,9.98,32.92,NA,NA,0.86,64.38,NA,NA,NA,NA,NA,NA,NA,NA,NA,NA,NA,0.00,NA,NA,NA
2025-07-30 18:00:00,12.39,37.30,9.70,23.18,12.76,NA,NA,0.89,67.32,NA,NA,NA,NA,NA,NA,NA,NA,NA,NA,NA,0.00,NA,NA,NA
2025-07-30 19:00:00,10.64,19.71,NA,11.76,0.21,NA,NA,0.84,71.97,NA,NA,NA,NA,NA,NA,NA,NA,NA,NA,NA,0.00,NA,NA,NA
2025-07-30 20:00:00,13.33,38.33,8.17,8.38,1.14,NA,NA,0.76,67.83,NA,NA,NA,NA,NA,NA,NA,NA,NA,NA,NA,0.00,NA,NA,NA
2025-07-30 21:00:00,16.90,46.46,NA,16.52,0.00,NA,NA,0.81,57.31,NA,NA,NA,NA,NA,NA,NA,NA,NA,NA,NA,0.00,NA,NA,NA
2025-07-30 22:00:00,15.96,40.86,NA,8.45,0.00,NA,NA,0.88,45.69,NA,NA,NA,NA,NA,NA,NA,NA,NA,NA,NA,0.00,NA,NA,NA
2025-07-30 23:00:00,20.63,44.54,NA,8.54,0.00,NA,NA,1.01,39.86,NA,NA,NA,NA,NA,NA,NA,NA,NA,NA,NA,0.00,NA,NA,NA
2025-07-31 00:00:00,7.10,42.35,NA,16.85,0.55,NA,NA,1.02,42.37,NA,NA,NA,NA,NA,NA,NA,NA,NA,NA,NA,0.00,NA,NA,NA
2025-07-31 01:00:00,14.14,20.30,NA,7.15,0.00,NA,NA,0.99,40.78,NA,NA,NA,NA,NA,NA,NA,NA,NA,NA,NA,0.00,NA,NA,NA
2025-07-31 02:00:00,14.79,29.12,NA,8.27,0.00,NA,NA,1.01,41.46,NA,NA,NA,NA,NA,NA,NA,NA,NA,NA,NA,0.00,NA,NA,NA
2025-07-31 03:00:00,15.30,24.32,NA,9.47,0.00,NA,NA,0.96,98.23,NA,NA,NA,NA,NA,NA,NA,NA,NA,NA,NA,0.00,NA,NA,NA
2025-07-31 04:00:00,22.70,37.29,NA,14.04,0.01,NA,NA,0.88,57.93,NA,NA,NA,NA,NA,NA,NA,NA,NA,NA,NA,0.00,NA,NA,NA
2025-07-31 05:00:00,12.44,27.83,7.25,12.40,1.21,NA,NA,0.80,65.92,NA,NA,NA,NA,NA,NA,NA,NA,NA,NA,NA,0.00,NA,NA,NA
2025-07-31 06:00:00,NA,NA,NA,NA,NA,NA,NA,NA,NA,NA,NA,NA,NA,NA,NA,NA,NA,NA,NA,NA,0.00,NA,NA,NA
2025-07-31 07:00:00,NA,NA,NA,NA,NA,NA,NA,NA,NA,NA,NA,NA,NA,NA,NA,NA,NA,NA,NA,NA,0.00,NA,NA,NA
2025-07-31 08:00:00,6.84,115.82,206.88,106.85,219.94,NA,NA,2.14,114.26,NA,NA,NA,NA,NA,NA,NA,NA,NA,NA,NA,0.00,NA,NA,NA
2025-07-31 09:00:00,NA,NA,45.76,9.43,42.21,NA,NA,1.20,59.95,NA,NA,NA,NA,NA,NA,NA,NA,NA,NA,NA,0.00,NA,NA,NA
2025-07-31 10:00:00,NA,NA,42.88,10.89,40.66,NA,NA,1.02,63.61,NA,NA,NA,NA,NA,NA,NA,NA,NA,NA,NA,0.00,NA,NA,NA
2025-07-31 11:00:00,NA,NA,NA,NA,NA,NA,NA,1.07,53.31,NA,NA,NA,NA,NA,NA,NA,NA,NA,NA,NA,0.00,NA,NA,NA
2025-07-31 12:00:00,NA,NA,NA,NA,NA,NA,NA,0.77,59.52,NA,NA,NA,NA,NA,NA,NA,NA,NA,NA,NA,0.00,NA,NA,NA
2025-07-31 13:00:00,NA,NA,NA,NA,NA,NA,NA,0.87,45.04,NA,NA,NA,NA,NA,NA,NA,NA,NA,NA,NA,0.00,NA,NA,NA
2025-07-31 14:00:00,NA,NA,NA,NA,NA,NA,NA,1.00,43.82,NA,NA,NA,NA,NA,NA,NA,NA,NA,NA,NA,0.00,NA,NA,NA
2025-07-31 15:00:00,NA,NA,NA,NA,NA,NA,NA,1.02,43.25,NA,NA,NA,NA,NA,NA,NA,NA,NA,NA,NA,0.00,NA,NA,NA
2025-07-31 16:00:00,NA,NA,NA,NA,NA,NA,NA,0.92,42.50,NA,NA,NA,NA,NA,NA,NA,NA,NA,NA,NA,0.00,NA,NA,NA
2025-07-31 17:00:00,NA,NA,3.77,19.33,13.34,NA,NA,0.98,44.04,NA,NA,NA,NA,NA,NA,NA,NA,NA,NA,NA,0.00,NA,NA,NA
2025-07-31 18:00:00,2.42,NA,5.43,19.41,14.74,NA,NA,0.87,34.30,NA,NA,NA,NA,NA,NA,NA,NA,NA,NA,NA,0.00,NA,NA,NA
2025-07-31 19:00:00,2.90,12.52,6.25,20.74,16.11,NA,NA,0.82,28.10,NA,NA,NA,NA,NA,NA,NA,NA,NA,NA,NA,0.00,NA,NA,NA
2025-07-31 20:00:00,9.55,11.24,186.94,14.21,154.42,NA,NA,1.31,NA,NA,NA,NA,NA,NA,NA,NA,NA,NA,NA,NA,0.00,NA,NA,NA
2025-07-31 21:00:00,0.86,1.48,90.23,16.08,81.93,NA,NA,1.31,23.22,NA,NA,NA,NA,NA,NA,NA,NA,NA,NA,NA,0.00,NA,NA,NA
2025-07-31 22:00:00,NA,NA,31.69,20.84,36.84,NA,NA,1.36,34.01,NA,NA,NA,NA,NA,NA,NA,NA,NA,NA,NA,0.00,NA,NA,NA
2025-07-31 23:00:00,NA,NA,27.52,18.62,32.28,NA,NA,1.44,39.18,NA,NA,NA,NA,NA,NA,NA,NA,NA,NA,NA,0.00,NA,NA,NA
2025-08-01 00:00:00,NA,NA,24.74,16.40,28.84,NA,NA,1.34,39.76,NA,NA,NA,NA,NA,NA,NA,NA,NA,NA,NA,0.00,NA,NA,NA
2025-08-01 01:00:00,NA,NA,25.59,14.63,28.59,NA,NA,1.16,43.07,NA,NA,NA,NA,NA,NA,NA,NA,NA,NA,NA,0.00,NA,NA,NA
2025-08-01 02:00:00,NA,NA,35.20,13.04,35.56,NA,NA,1.04,49.82,NA,NA,NA,NA,NA,NA,NA,NA,NA,NA,NA,0.00,NA,NA,NA
2025-08-01 03:00:00,NA,NA,31.42,23.80,31.54,NA,NA,0.97,50.10,NA,NA,NA,NA,NA,NA,NA,NA,NA,NA,NA,0.00,NA,NA,NA
2025-08-01 04:00:00,NA,NA,4.22,21.94,0.59,NA,NA,0.91,47.39,NA,NA,NA,NA,NA,NA,NA,NA,NA,NA,NA,0.00,NA,NA,NA
2025-08-01 05:00:00,NA,NA,11.09,14.02,5.84,NA,NA,0.96,47.40,NA,NA,NA,NA,NA,NA,NA,NA,NA,NA,NA,0.00,NA,NA,NA
2025-08-01 06:00:00,NA,0.47,3.27,20.30,5.86,NA,NA,1.00,47.51,NA,NA,NA,NA,NA,NA,NA,NA,NA,NA,NA,0.00,NA,NA,NA
2025-08-01 07:00:00,4.80,23.49,11.49,12.53,6.34,NA,NA,0.98,49.50,NA,NA,NA,NA,NA,NA,NA,NA,NA,NA,NA,0.00,NA,NA,NA
2025-08-01 08:00:00,20.62,53.14,9.55,16.14,12.63,NA,NA,0.99,53.12,NA,NA,NA,NA,NA,NA,NA,NA,NA,NA,NA,0.00,NA,NA,NA
2025-08-01 09:00:00,12.83,52.67,2.72,14.90,0.82,NA,NA,0.96,61.26,NA,NA,NA,NA,NA,NA,NA,NA,NA,NA,NA,0.00,NA,NA,NA
2025-08-01 10:00:00,22.30,70.76,2.55,11.86,2.57,NA,NA,0.96,55.89,NA,NA,NA,NA,NA,NA,NA,NA,NA,NA,NA,0.00,NA,NA,NA
2025-08-01 11:00:00,18.94,59.73,7.82,17.66,10.98,NA,NA,0.94,63.89,NA,NA,NA,NA,NA,NA,NA,NA,NA,NA,NA,0.00,NA,NA,NA
2025-08-01 12:00:00,18.89,85.38,3.39,20.56,7.27,NA,NA,0.95,74.46,NA,NA,NA,NA,NA,NA,NA,NA,NA,NA,NA,0.00,NA,NA,NA
2025-08-01 13:00:00,11.78,63.51,3.00,11.12,4.18,NA,NA,0.91,87.44,NA,NA,NA,NA,NA,NA,NA,NA,NA,NA,NA,0.00,NA,NA,NA
2025-08-01 14:00:00,25.37,91.04,17.78,15.23,22.56,NA,NA,0.88,80.18,NA,NA,NA,NA,NA,NA,NA,NA,NA,NA,NA,0.00,NA,NA,NA
2025-08-01 15:00:00,36.72,103.40,19.44,18.09,25.43,NA,NA,0.84,96.22,NA,NA,NA,NA,NA,NA,NA,NA,NA,NA,NA,0.00,NA,NA,NA
2025-08-01 16:00:00,10.33,48.38,20.37,16.98,25.60,NA,NA,0.87,58.95,NA,NA,NA,NA,NA,NA,NA,NA,NA,NA,NA,0.00,NA,NA,NA
2025-08-01 17:00:00,9.79,54.02,21.49,17.66,26.87,NA,NA,0.92,63.34,NA,NA,NA,NA,NA,NA,NA,NA,NA,NA,NA,0.00,NA,NA,NA
2025-08-01 18:00:00,29.53,101.43,21.64,19.36,27.89,NA,NA,0.98,70.32,NA,NA,NA,NA,NA,NA,NA,NA,NA,NA,NA,0.00,NA,NA,NA
2025-08-01 19:00:00,21.29,63.86,22.75,15.40,26.69,NA,NA,0.96,72.28,NA,NA,NA,NA,NA,NA,NA,NA,NA,NA,NA,0.00,NA,NA,NA
2025-08-01 20:00:00,14.93,60.43,100.95,12.59,88.16,NA,NA,1.01,67.22,NA,NA,NA,NA,NA,NA,NA,NA,NA,NA,NA,0.00,NA,NA,NA
2025-08-01 21:00:00,14.24,62.72,40.33,16.21,41.40,NA,NA,0.96,68.68,NA,NA,NA,NA,NA,NA,NA,NA,NA,NA,NA,0.00,NA,NA,NA
2025-08-01 22:00:00,12.30,76.77,36.02,17.62,38.66,NA,NA,0.95,60.63,NA,NA,NA,NA,NA,NA,NA,NA,NA,NA,NA,0.00,NA,NA,NA
2025-08-01 23:00:00,13.18,89.33,33.76,15.96,35.94,NA,NA,0.93,61.02,NA,NA,NA,NA,NA,NA,NA,NA,NA,NA,NA,0.00,NA,NA,NA
2025-08-02 00:00:00,11.22,76.28,27.02,16.37,30.68,NA,NA,0.99,52.03,NA,NA,NA,NA,NA,NA,NA,NA,NA,NA,NA,0.00,NA,NA,NA
2025-08-02 01:00:00,14.08,69.09,30.56,15.54,33.11,NA,NA,1.03,49.17,NA,NA,NA,NA,NA,NA,NA,NA,NA,NA,NA,0.00,NA,NA,NA
2025-08-02 02:00:00,18.52,61.13,34.31,16.03,36.43,NA,NA,1.02,52.24,NA,NA,NA,NA,NA,NA,NA,NA,NA,NA,NA,0.00,NA,NA,NA
2025-08-02 03:00:00,20.94,65.60,42.32,17.67,43.81,NA,NA,0.98,49.88,NA,NA,NA,NA,NA,NA,NA,NA,NA,NA,NA,0.00,NA,NA,NA
2025-08-02 04:00:00,19.48,64.54,33.81,16.70,36.36,NA,NA,0.94,50.42,NA,NA,NA,NA,NA,NA,NA,NA,NA,NA,NA,0.00,NA,NA,NA
2025-08-02 05:00:00,19.08,57.65,25.34,14.85,28.50,NA,NA,0.96,51.52,NA,NA,NA,NA,NA,NA,NA,NA,NA,NA,NA,0.00,NA,NA,NA
2025-08-02 06:00:00,11.56,54.30,11.40,18.66,15.68,NA,NA,0.96,59.43,NA,NA,NA,NA,NA,NA,NA,NA,NA,NA,NA,0.00,NA,NA,NA
2025-08-02 07:00:00,19.56,59.77,2.84,14.79,2.74,NA,NA,0.98,115.92,NA,NA,NA,NA,NA,NA,NA,NA,NA,NA,NA,0.00,NA,NA,NA
2025-08-02 08:00:00,24.62,103.50,NA,12.86,0.00,NA,NA,0.93,52.98,NA,NA,NA,NA,NA,NA,NA,NA,NA,NA,NA,0.00,NA,NA,NA
2025-08-02 09:00:00,28.89,118.98,NA,24.42,0.93,NA,NA,0.98,61.52,NA,NA,NA,NA,NA,NA,NA,NA,NA,NA,NA,0.00,NA,NA,NA
2025-08-02 10:00:00,25.33,100.14,7.29,5.68,8.93,NA,NA,0.93,68.05,NA,NA,NA,NA,NA,NA,NA,NA,NA,NA,NA,0.00,NA,NA,NA
2025-08-02 11:00:00,24.83,105.90,6.69,15.84,11.59,NA,NA,0.90,69.79,NA,NA,NA,NA,NA,NA,NA,NA,NA,NA,NA,0.00,NA,NA,NA
2025-08-02 12:00:00,31.26,112.18,21.46,28.12,32.40,NA,NA,0.75,41.72,NA,NA,NA,NA,NA,NA,NA,NA,NA,NA,NA,0.00,NA,NA,NA
2025-08-02 13:00:00,26.26,115.22,16.99,23.41,26.26,NA,NA,0.69,42.60,NA,NA,NA,NA,NA,NA,NA,NA,NA,NA,NA,0.00,NA,NA,NA
2025-08-02 14:00:00,18.15,122.71,13.48,22.77,23.06,NA,NA,0.71,51.62,NA,NA,NA,NA,NA,NA,NA,NA,NA,NA,NA,0.00,NA,NA,NA
2025-08-02 15:00:00,29.68,130.92,12.00,22.21,21.57,NA,NA,0.75,54.59,NA,NA,NA,NA,NA,NA,NA,NA,NA,NA,NA,0.00,NA,NA,NA
2025-08-02 16:00:00,18.68,113.28,12.52,23.16,22.50,NA,NA,0.80,59.73,NA,NA,NA,NA,NA,NA,NA,NA,NA,NA,NA,0.00,NA,NA,NA
2025-08-02 17:00:00,32.30,119.92,12.44,23.95,22.85,NA,NA,0.81,60.46,NA,NA,NA,NA,NA,NA,NA,NA,NA,NA,NA,0.00,NA,NA,NA
2025-08-02 18:00:00,26.25,114.88,13.20,26.78,24.98,NA,NA,0.80,52.39,NA,NA,NA,NA,NA,NA,NA,NA,NA,NA,NA,0.00,NA,NA,NA
2025-08-02 19:00:00,39.98,109.74,16.58,23.96,26.23,NA,NA,0.66,43.43,NA,NA,NA,NA,NA,NA,NA,NA,NA,NA,NA,0.00,NA,NA,NA
2025-08-02 20:00:00,11.36,59.04,20.54,26.54,30.82,NA,NA,0.66,32.14,NA,NA,NA,NA,NA,NA,NA,NA,NA,NA,NA,0.00,NA,NA,NA
2025-08-02 21:00:00,18.22,52.00,21.80,18.26,30.38,NA,NA,0.64,25.94,NA,NA,NA,NA,NA,NA,NA,NA,NA,NA,NA,0.00,NA,NA,NA
2025-08-02 22:00:00,NA,1.05,25.70,26.04,34.71,NA,NA,1.00,20.61,NA,NA,NA,NA,NA,NA,NA,NA,NA,NA,NA,0.00,NA,NA,NA
2025-08-02 23:00:00,NA,NA,13.60,25.86,24.81,NA,NA,1.09,32.94,NA,NA,NA,NA,NA,NA,NA,NA,NA,NA,NA,0.00,NA,NA,NA
2025-08-03 00:00:00,NA,674.64,14.45,23.24,24.10,NA,NA,0.91,33.57,NA,NA,NA,NA,NA,NA,NA,NA,NA,NA,NA,0.00,NA,NA,NA
2025-08-03 01:00:00,NA,NA,16.21,23.52,25.69,NA,NA,0.77,40.12,NA,NA,NA,NA,NA,NA,NA,NA,NA,NA,NA,0.00,NA,NA,NA
2025-08-03 02:00:00,NA,NA,16.16,21.43,24.53,NA,NA,0.62,45.57,NA,NA,NA,NA,NA,NA,NA,NA,NA,NA,NA,0.00,NA,NA,NA
2025-08-03 03:00:00,NA,NA,14.42,22.48,23.68,NA,NA,0.64,39.60,NA,NA,NA,NA,NA,NA,NA,NA,NA,NA,NA,0.00,NA,NA,NA
2025-08-03 04:00:00,NA,NA,14.58,22.56,23.86,NA,NA,0.71,38.35,NA,NA,NA,NA,NA,NA,NA,NA,NA,NA,NA,0.00,NA,NA,NA
2025-08-03 05:00:00,NA,NA,16.81,25.28,27.11,NA,NA,0.84,35.80,NA,NA,NA,NA,NA,NA,NA,NA,NA,NA,NA,0.00,NA,NA,NA
2025-08-03 06:00:00,0.28,NA,20.72,22.71,28.92,NA,NA,0.78,41.84,NA,NA,NA,NA,NA,NA,NA,NA,NA,NA,NA,0.00,NA,NA,NA
2025-08-03 07:00:00,3.70,NA,22.86,23.25,30.95,NA,NA,0.80,42.29,NA,NA,NA,NA,NA,NA,NA,NA,NA,NA,NA,0.00,NA,NA,NA
2025-08-03 08:00:00,12.28,NA,23.06,23.85,31.43,NA,NA,0.88,34.69,NA,NA,NA,NA,NA,NA,NA,NA,NA,NA,NA,0.00,NA,NA,NA
2025-08-03 09:00:00,22.22,NA,22.56,24.84,31.56,NA,NA,0.90,39.07,NA,NA,NA,NA,NA,NA,NA,NA,NA,NA,NA,0.00,NA,NA,NA
2025-08-03 10:00:00,15.12,NA,22.50,24.42,31.29,NA,NA,0.82,49.24,NA,NA,NA,NA,NA,NA,NA,NA,NA,NA,NA,0.00,NA,NA,NA
2025-08-03 11:00:00,17.06,NA,44.95,23.60,49.00,NA,NA,0.82,42.62,NA,NA,NA,NA,NA,NA,NA,NA,NA,NA,NA,0.00,NA,NA,NA
2025-08-03 12:00:00,NA,NA,26.36,23.44,33.90,NA,NA,1.02,43.15,NA,NA,NA,NA,NA,NA,NA,NA,NA,NA,NA,0.00,NA,NA,NA
2025-08-03 13:00:00,NA,NA,17.79,22.77,26.58,NA,NA,0.98,46.56,NA,NA,NA,NA,NA,NA,NA,NA,NA,NA,NA,0.00,NA,NA,NA
2025-08-03 14:00:00,3.87,NA,18.63,22.36,27.04,NA,NA,0.72,44.93,NA,NA,NA,NA,NA,NA,NA,NA,NA,NA,NA,0.00,NA,NA,NA
2025-08-03 15:00:00,15.44,NA,48.78,21.35,51.03,NA,NA,0.55,41.43,NA,NA,NA,NA,NA,NA,NA,NA,NA,NA,NA,0.00,NA,NA,NA
2025-08-03 16:00:00,23.87,NA,53.67,20.50,54.55,NA,NA,0.49,42.76,NA,NA,NA,NA,NA,NA,NA,NA,NA,NA,NA,0.00,NA,NA,NA
2025-08-03 17:00:00,13.63,NA,44.86,26.10,50.35,NA,NA,0.57,42.47,NA,NA,NA,NA,NA,NA,NA,NA,NA,NA,NA,0.00,NA,NA,NA
2025-08-03 18:00:00,34.88,NA,37.75,28.68,45.96,NA,NA,0.63,40.70,NA,NA,NA,NA,NA,NA,NA,NA,NA,NA,NA,0.00,NA,NA,NA
2025-08-03 19:00:00,32.88,NA,44.37,32.12,53.16,NA,NA,0.74,29.58,NA,NA,NA,NA,NA,NA,NA,NA,NA,NA,NA,0.00,NA,NA,NA
2025-08-03 20:00:00,53.40,NA,132.20,29.67,123.34,NA,NA,0.92,26.26,NA,NA,NA,NA,NA,NA,NA,NA,NA,NA,NA,0.00,NA,NA,NA
2025-08-03 21:00:00,10.79,NA,86.96,26.00,84.42,NA,NA,1.03,23.29,NA,NA,NA,NA,NA,NA,NA,NA,NA,NA,NA,0.00,NA,NA,NA
2025-08-03 22:00:00,54.06,NA,41.14,24.30,46.37,NA,NA,1.05,30.02,NA,NA,NA,NA,NA,NA,NA,NA,NA,NA,NA,0.00,NA,NA,NA
2025-08-03 23:00:00,97.40,NA,135.36,21.01,121.45,NA,NA,1.05,34.84,NA,NA,NA,NA,NA,NA,NA,NA,NA,NA,NA,0.00,NA,NA,NA
2025-08-04 00:00:00,35.33,NA,320.13,9.95,273.88,NA,NA,1.08,34.12,NA,NA,NA,NA,NA,NA,NA,NA,NA,NA,NA,0.00,NA,NA,NA
2025-08-04 01:00:00,63.68,NA,NA,8.02,NA,NA,NA,1.09,32.60,NA,NA,NA,NA,NA,NA,NA,NA,NA,NA,NA,0.00,NA,NA,NA
2025-08-04 02:00:00,40.42,NA,205.26,20.92,177.93,NA,NA,1.06,28.28,NA,NA,NA,NA,NA,NA,NA,NA,NA,NA,NA,0.00,NA,NA,NA
2025-08-04 03:00:00,59.47,NA,139.58,21.57,124.97,NA,NA,1.04,33.30,NA,NA,NA,NA,NA,NA,NA,NA,NA,NA,NA,0.00,NA,NA,NA
2025-08-04 04:00:00,17.83,NA,203.63,17.39,250.41,NA,NA,0.97,42.45,NA,NA,NA,NA,NA,NA,NA,NA,NA,NA,NA,0.00,NA,NA,NA
2025-08-04 05:00:00,11.75,NA,318.07,8.75,268.07,NA,NA,0.93,131.29,NA,NA,NA,NA,NA,NA,NA,NA,NA,NA,NA,0.00,NA,NA,NA
2025-08-04 06:00:00,32.04,NA,146.88,41.47,131.84,NA,NA,0.91,60.14,NA,NA,NA,NA,NA,NA,NA,NA,NA,NA,NA,0.00,NA,NA,NA
2025-08-04 07:00:00,22.05,NA,NA,14.17,449.48,NA,NA,0.89,42.54,NA,NA,NA,NA,NA,NA,NA,NA,NA,NA,NA,0.00,NA,NA,NA
2025-08-04 08:00:00,18.55,NA,443.70,13.69,421.52,NA,NA,0.98,41.97,NA,NA,NA,NA,NA,NA,NA,NA,NA,NA,NA,0.00,NA,NA,NA
2025-08-04 09:00:00,26.78,NA,53.26,18.18,188.18,NA,NA,0.93,42.68,NA,NA,NA,NA,NA,NA,NA,NA,NA,NA,NA,0.00,NA,NA,NA
2025-08-04 10:00:00,22.10,NA,25.79,26.46,35.04,NA,NA,0.98,45.07,NA,NA,NA,NA,NA,NA,NA,NA,NA,NA,NA,0.00,NA,NA,NA
2025-08-04 11:00:00,126.52,NA,26.44,26.01,35.33,NA,NA,1.00,54.52,NA,NA,NA,NA,NA,NA,NA,NA,NA,NA,NA,0.00,NA,NA,NA
2025-08-04 12:00:00,NA,NA,24.75,28.75,35.42,NA,NA,0.98,53.64,NA,NA,NA,NA,NA,NA,NA,NA,NA,NA,NA,0.00,NA,NA,NA
2025-08-04 13:00:00,NA,NA,23.51,26.69,33.30,NA,NA,1.00,55.90,NA,NA,NA,NA,NA,NA,NA,NA,NA,NA,NA,0.00,NA,NA,NA
2025-08-04 14:00:00,NA,NA,20.85,23.68,29.55,NA,NA,1.03,55.20,NA,NA,NA,NA,NA,NA,NA,NA,NA,NA,NA,0.00,NA,NA,NA
2025-08-04 15:00:00,NA,NA,21.05,24.17,29.97,NA,NA,1.07,56.73,NA,NA,NA,NA,NA,NA,NA,NA,NA,NA,NA,0.00,NA,NA,NA
2025-08-04 16:00:00,NA,NA,21.77,23.89,30.41,NA,NA,1.18,52.59,NA,NA,NA,NA,NA,NA,NA,NA,NA,NA,NA,0.00,NA,NA,NA
2025-08-04 17:00:00,NA,NA,23.54,22.50,31.11,NA,NA,1.21,49.90,NA,NA,NA,NA,NA,NA,NA,NA,NA,NA,NA,0.00,NA,NA,NA
2025-08-04 18:00:00,NA,NA,99.10,21.71,92.14,NA,NA,1.18,64.46,NA,NA,NA,NA,NA,NA,NA,NA,NA,NA,NA,0.00,NA,NA,NA
2025-08-04 19:00:00,NA,NA,196.30,19.70,169.41,NA,NA,1.21,51.87,NA,NA,NA,NA,NA,NA,NA,NA,NA,NA,NA,0.00,NA,NA,NA
2025-08-04 20:00:00,NA,NA,141.05,23.24,124.26,NA,NA,1.33,70.99,NA,NA,NA,NA,NA,NA,NA,NA,NA,NA,NA,0.00,NA,NA,NA
2025-08-04 21:00:00,NA,NA,42.98,21.82,45.03,NA,NA,1.34,35.23,NA,NA,NA,NA,NA,NA,NA,NA,NA,NA,NA,0.00,NA,NA,NA
2025-08-04 22:00:00,NA,NA,50.74,18.07,41.94,NA,NA,1.44,34.30,NA,NA,NA,NA,NA,NA,NA,NA,NA,NA,NA,0.00,NA,NA,NA
2025-08-04 23:00:00,NA,NA,222.50,30.04,196.76,NA,NA,1.38,39.51,NA,NA,NA,NA,NA,NA,NA,NA,NA,NA,NA,0.00,NA,NA,NA
2025-08-05 00:00:00,NA,NA,132.21,25.24,120.88,NA,NA,1.38,36.51,NA,NA,NA,NA,NA,NA,NA,NA,NA,NA,NA,0.00,NA,NA,NA
2025-08-05 01:00:00,NA,NA,61.56,26.60,64.19,NA,NA,1.39,69.74,NA,NA,NA,NA,NA,NA,NA,NA,NA,NA,NA,0.00,NA,NA,NA
2025-08-05 02:00:00,NA,NA,33.33,26.77,41.34,NA,NA,1.39,32.67,NA,NA,NA,NA,NA,NA,NA,NA,NA,NA,NA,0.00,NA,NA,NA
2025-08-05 03:00:00,NA,NA,33.02,25.99,40.68,NA,NA,1.40,37.10,NA,NA,NA,NA,NA,NA,NA,NA,NA,NA,NA,0.00,NA,NA,NA
2025-08-05 04:00:00,NA,NA,39.62,26.91,46.53,NA,NA,1.34,41.31,NA,NA,NA,NA,NA,NA,NA,NA,NA,NA,NA,0.00,NA,NA,NA
2025-08-05 05:00:00,NA,NA,39.98,27.20,46.98,NA,NA,1.28,59.92,NA,NA,NA,NA,NA,NA,NA,NA,NA,NA,NA,0.00,NA,NA,NA
2025-08-05 06:00:00,NA,NA,45.79,27.70,51.96,NA,NA,1.14,47.78,NA,NA,NA,NA,NA,NA,NA,NA,NA,NA,NA,0.00,NA,NA,NA
2025-08-05 07:00:00,NA,NA,51.27,31.98,58.69,NA,NA,1.04,49.60,NA,NA,NA,NA,NA,NA,NA,NA,NA,NA,NA,0.00,NA,NA,NA
2025-08-05 08:00:00,NA,NA,53.94,28.39,58.96,NA,NA,0.86,45.17,NA,NA,NA,NA,NA,NA,NA,NA,NA,NA,NA,0.00,NA,NA,NA
2025-08-05 09:00:00,NA,NA,NA,NA,NA,NA,NA,NA,NA,NA,NA,NA,NA,NA,NA,NA,NA,NA,NA,NA,0.00,NA,NA,NA
2025-08-05 10:00:00,NA,NA,64.62,18.04,60.65,NA,NA,1.35,37.23,NA,NA,NA,NA,NA,NA,NA,NA,NA,NA,NA,0.00,NA,NA,NA
2025-08-05 11:00:00,NA,NA,NA,NA,NA,NA,NA,NA,NA,NA,NA,NA,NA,NA,NA,NA,NA,NA,NA,NA,0.00,NA,NA,NA
2025-08-05 12:00:00,NA,NA,NA,NA,NA,NA,NA,NA,NA,NA,NA,NA,NA,NA,NA,NA,NA,NA,NA,NA,0.00,NA,NA,NA
2025-08-05 13:00:00,NA,NA,26.88,27.59,36.53,NA,NA,0.70,34.28,NA,NA,NA,NA,NA,NA,NA,NA,NA,NA,NA,0.00,NA,NA,NA
2025-08-05 14:00:00,NA,NA,23.81,27.95,34.22,NA,NA,0.76,39.16,NA,NA,NA,NA,NA,NA,NA,NA,NA,NA,NA,0.00,NA,NA,NA
2025-08-05 15:00:00,NA,NA,23.27,28.61,34.13,NA,NA,0.77,40.12,NA,NA,NA,NA,NA,NA,NA,NA,NA,NA,NA,0.00,NA,NA,NA
2025-08-05 16:00:00,NA,NA,23.15,28.16,33.80,NA,NA,0.80,37.89,NA,NA,NA,NA,NA,NA,NA,NA,NA,NA,NA,0.00,NA,NA,NA
2025-08-05 17:00:00,NA,NA,22.82,27.70,33.29,NA,NA,0.96,35.33,NA,NA,NA,NA,NA,NA,NA,NA,NA,NA,NA,0.00,NA,NA,NA
2025-08-05 18:00:00,8.66,NA,23.33,26.52,33.07,NA,NA,0.94,32.24,NA,NA,NA,NA,NA,NA,NA,NA,NA,NA,NA,0.00,NA,NA,NA
2025-08-05 19:00:00,3.71,NA,19.55,22.67,27.95,NA,NA,0.92,27.24,NA,NA,NA,NA,NA,NA,NA,NA,NA,NA,NA,0.00,NA,NA,NA
2025-08-05 20:00:00,NA,NA,19.56,20.96,27.05,NA,NA,1.03,16.95,NA,NA,NA,NA,NA,NA,NA,NA,NA,NA,NA,0.00,NA,NA,NA
2025-08-05 21:00:00,1.47,NA,24.74,21.54,31.57,NA,NA,1.11,14.52,NA,NA,NA,NA,NA,NA,NA,NA,NA,NA,NA,0.00,NA,NA,NA
2025-08-05 22:00:00,7.07,NA,21.47,22.97,29.67,NA,NA,1.18,23.02,NA,NA,NA,NA,NA,NA,NA,NA,NA,NA,NA,0.00,NA,NA,NA
2025-08-05 23:00:00,7.33,27.21,21.46,24.23,30.33,NA,NA,1.23,21.42,NA,NA,NA,NA,NA,NA,NA,NA,NA,NA,NA,0.00,NA,NA,NA
2025-08-06 00:00:00,7.01,34.04,27.56,25.12,35.76,NA,NA,1.28,20.95,NA,NA,NA,NA,NA,NA,NA,NA,NA,NA,NA,0.00,NA,NA,NA
2025-08-06 01:00:00,18.59,33.50,30.67,24.72,38.08,NA,NA,1.18,18.88,NA,NA,NA,NA,NA,NA,NA,NA,NA,NA,NA,0.00,NA,NA,NA
2025-08-06 02:00:00,16.86,18.53,30.43,23.84,37.42,NA,NA,1.19,18.12,NA,NA,NA,NA,NA,NA,NA,NA,NA,NA,NA,0.00,NA,NA,NA
2025-08-06 03:00:00,13.67,37.40,28.14,23.85,35.56,NA,NA,1.13,21.36,NA,NA,NA,NA,NA,NA,NA,NA,NA,NA,NA,0.00,NA,NA,NA
2025-08-06 04:00:00,17.48,45.63,27.82,25.12,35.98,NA,NA,1.26,20.64,NA,NA,NA,NA,NA,NA,NA,NA,NA,NA,NA,0.00,NA,NA,NA
2025-08-06 05:00:00,21.39,60.92,31.78,25.03,39.15,NA,NA,1.32,20.53,NA,NA,NA,NA,NA,NA,NA,NA,NA,NA,NA,0.00,NA,NA,NA
2025-08-06 06:00:00,33.06,76.08,33.73,25.06,40.75,NA,NA,1.31,16.68,NA,NA,NA,NA,NA,NA,NA,NA,NA,NA,NA,0.00,NA,NA,NA
2025-08-06 07:00:00,26.92,82.64,33.76,25.51,41.02,NA,NA,1.21,19.59,NA,NA,NA,NA,NA,NA,NA,NA,NA,NA,NA,0.00,NA,NA,NA
2025-08-06 08:00:00,15.02,53.98,32.66,25.98,40.37,NA,NA,1.24,22.13,NA,NA,NA,NA,NA,NA,NA,NA,NA,NA,NA,0.00,NA,NA,NA
2025-08-06 09:00:00,19.41,68.46,27.34,25.38,35.73,NA,NA,1.19,27.69,NA,NA,NA,NA,NA,NA,NA,NA,NA,NA,NA,0.00,NA,NA,NA
2025-08-06 10:00:00,26.18,102.60,22.30,27.38,32.70,NA,NA,1.09,31.64,NA,NA,NA,NA,NA,NA,NA,NA,NA,NA,NA,0.00,NA,NA,NA
2025-08-06 11:00:00,21.47,136.40,26.10,28.73,36.50,NA,NA,1.11,NA,NA,NA,NA,NA,NA,NA,NA,NA,NA,NA,NA,0.00,NA,NA,NA
2025-08-06 12:00:00,90.36,145.26,22.64,28.01,33.30,NA,NA,0.88,NA,NA,NA,NA,NA,NA,NA,NA,NA,NA,NA,NA,0.00,NA,NA,NA
2025-08-06 13:00:00,33.70,149.16,23.12,27.35,33.34,NA,NA,0.85,24.44,NA,NA,NA,NA,NA,NA,NA,NA,NA,NA,NA,0.00,NA,NA,NA
2025-08-06 14:00:00,24.80,143.01,20.40,25.89,30.35,NA,NA,0.92,26.78,NA,NA,NA,NA,NA,NA,NA,NA,NA,NA,NA,0.00,NA,NA,NA
2025-08-06 15:00:00,28.93,119.32,20.08,25.77,30.04,NA,NA,0.97,29.34,NA,NA,NA,NA,NA,NA,NA,NA,NA,NA,NA,0.00,NA,NA,NA
2025-08-06 16:00:00,28.78,123.75,10.24,32.62,25.67,NA,NA,1.00,33.43,NA,NA,NA,NA,NA,NA,NA,NA,NA,NA,NA,0.00,NA,NA,NA
2025-08-06 17:00:00,31.60,139.26,8.58,34.86,25.52,NA,NA,0.99,34.74,NA,NA,NA,NA,NA,NA,NA,NA,NA,NA,NA,0.00,NA,NA,NA
2025-08-06 18:00:00,30.91,138.82,10.96,36.06,28.08,NA,NA,1.06,32.16,NA,NA,NA,NA,NA,NA,NA,NA,NA,NA,NA,0.00,NA,NA,NA
2025-08-06 19:00:00,30.56,133.44,12.78,35.31,29.18,NA,NA,1.13,23.28,NA,NA,NA,NA,NA,NA,NA,NA,NA,NA,NA,0.00,NA,NA,NA
2025-08-06 20:00:00,25.49,78.02,14.46,33.88,29.78,NA,NA,1.17,28.41,NA,NA,NA,NA,NA,NA,NA,NA,NA,NA,NA,0.00,NA,NA,NA
2025-08-06 21:00:00,17.73,37.22,16.48,34.27,31.63,NA,NA,1.20,16.46,NA,NA,NA,NA,NA,NA,NA,NA,NA,NA,NA,0.00,NA,NA,NA
2025-08-06 22:00:00,23.87,51.04,19.28,34.71,34.14,NA,NA,1.26,12.36,NA,NA,NA,NA,NA,NA,NA,NA,NA,NA,NA,0.00,NA,NA,NA
2025-08-06 23:00:00,28.76,77.22,22.26,35.16,36.80,NA,NA,1.31,12.56,NA,NA,NA,NA,NA,NA,NA,NA,NA,NA,NA,0.00,NA,NA,NA
2025-08-07 00:00:00,26.06,86.62,28.11,37.21,42.64,NA,NA,1.37,12.72,NA,NA,NA,NA,NA,NA,NA,NA,NA,NA,NA,0.00,NA,NA,NA
2025-08-07 01:00:00,32.39,101.58,34.58,37.11,47.85,NA,NA,1.37,9.82,NA,NA,NA,NA,NA,NA,NA,NA,NA,NA,NA,0.00,NA,NA,NA
2025-08-07 02:00:00,36.30,88.94,33.74,37.65,47.46,NA,NA,1.28,7.85,NA,NA,NA,NA,NA,NA,NA,NA,NA,NA,NA,0.00,NA,NA,NA
2025-08-07 03:00:00,34.43,79.08,36.84,36.33,49.28,NA,NA,1.28,7.59,NA,NA,NA,NA,NA,NA,NA,NA,NA,NA,NA,0.00,NA,NA,NA
2025-08-07 04:00:00,33.55,91.68,36.00,39.01,50.02,NA,NA,1.24,8.69,NA,NA,NA,NA,NA,NA,NA,NA,NA,NA,NA,0.00,NA,NA,NA
2025-08-07 05:00:00,29.33,87.00,36.51,37.78,49.78,NA,NA,1.21,9.51,NA,NA,NA,NA,NA,NA,NA,NA,NA,NA,NA,0.00,NA,NA,NA
2025-08-07 06:00:00,16.94,76.20,38.62,38.56,51.92,NA,NA,1.21,8.70,NA,NA,NA,NA,NA,NA,NA,NA,NA,NA,NA,0.00,NA,NA,NA
2025-08-07 07:00:00,19.06,85.39,38.67,37.00,51.12,NA,NA,1.21,10.72,NA,NA,NA,NA,NA,NA,NA,NA,NA,NA,NA,0.00,NA,NA,NA
2025-08-07 08:00:00,24.15,87.13,37.09,38.89,50.84,NA,NA,1.19,12.85,NA,NA,NA,NA,NA,NA,NA,NA,NA,NA,NA,0.00,NA,NA,NA
2025-08-07 09:00:00,17.91,115.29,31.15,36.23,44.60,NA,NA,1.16,18.35,NA,NA,NA,NA,NA,NA,NA,NA,NA,NA,NA,0.00,NA,NA,NA
2025-08-07 10:00:00,24.60,117.40,29.11,38.03,43.90,NA,NA,1.14,19.24,NA,NA,NA,NA,NA,NA,NA,NA,NA,NA,NA,0.00,NA,NA,NA
2025-08-07 11:00:00,20.76,105.58,26.10,33.88,39.24,NA,NA,1.00,22.41,NA,NA,NA,NA,NA,NA,NA,NA,NA,NA,NA,0.00,NA,NA,NA
2025-08-07 12:00:00,28.30,120.31,25.04,32.36,37.58,NA,NA,0.98,25.78,NA,NA,NA,NA,NA,NA,NA,NA,NA,NA,NA,0.00,NA,NA,NA
2025-08-07 13:00:00,29.40,115.16,25.49,31.40,37.43,NA,NA,0.96,24.91,NA,NA,NA,NA,NA,NA,NA,NA,NA,NA,NA,0.00,NA,NA,NA
2025-08-07 14:00:00,20.07,109.85,29.58,31.32,40.71,NA,NA,0.97,28.87,NA,NA,NA,NA,NA,NA,NA,NA,NA,NA,NA,0.00,NA,NA,NA
2025-08-07 15:00:00,29.64,121.82,30.95,31.19,41.75,NA,NA,0.95,31.38,NA,NA,NA,NA,NA,NA,NA,NA,NA,NA,NA,0.00,NA,NA,NA
2025-08-07 16:00:00,25.54,116.65,31.11,30.96,41.76,NA,NA,0.93,33.20,NA,NA,NA,NA,NA,NA,NA,NA,NA,NA,NA,0.00,NA,NA,NA
2025-08-07 17:00:00,26.12,119.72,30.88,30.84,41.52,NA,NA,0.91,34.25,NA,NA,NA,NA,NA,NA,NA,NA,NA,NA,NA,0.00,NA,NA,NA
2025-08-07 18:00:00,28.01,125.21,73.38,28.56,74.43,NA,NA,0.98,31.88,NA,NA,NA,NA,NA,NA,NA,NA,NA,NA,NA,0.00,NA,NA,NA
2025-08-07 19:00:00,24.98,126.22,85.09,32.37,86.39,NA,NA,1.06,25.92,NA,NA,NA,NA,NA,NA,NA,NA,NA,NA,NA,0.00,NA,NA,NA
2025-08-07 20:00:00,28.16,123.04,56.02,30.93,61.99,NA,NA,1.18,20.32,NA,NA,NA,NA,NA,NA,NA,NA,NA,NA,NA,0.00,NA,NA,NA
2025-08-07 21:00:00,20.13,144.44,37.08,35.86,49.21,NA,NA,1.37,13.42,NA,NA,NA,NA,NA,NA,NA,NA,NA,NA,NA,0.00,NA,NA,NA
2025-08-07 22:00:00,40.57,186.00,32.97,35.11,45.48,NA,NA,1.32,11.31,NA,NA,NA,NA,NA,NA,NA,NA,NA,NA,NA,0.00,NA,NA,NA
2025-08-07 23:00:00,34.25,151.16,32.85,32.52,44.01,NA,NA,1.34,9.26,NA,NA,NA,NA,NA,NA,NA,NA,NA,NA,NA,0.00,NA,NA,NA
2025-08-08 00:00:00,30.74,133.45,30.20,31.46,41.29,NA,NA,1.32,9.38,NA,NA,NA,NA,NA,NA,NA,NA,NA,NA,NA,0.00,NA,NA,NA
2025-08-08 01:00:00,36.05,140.64,28.17,32.29,40.07,NA,NA,1.27,9.70,NA,NA,NA,NA,NA,NA,NA,NA,NA,NA,NA,0.00,NA,NA,NA
2025-08-08 02:00:00,30.37,107.18,25.19,36.27,39.79,NA,NA,1.16,14.01,NA,NA,NA,NA,NA,NA,NA,NA,NA,NA,NA,0.00,NA,NA,NA
2025-08-08 03:00:00,30.48,85.21,23.16,29.42,34.48,NA,NA,1.14,14.43,NA,NA,NA,NA,NA,NA,NA,NA,NA,NA,NA,0.00,NA,NA,NA
2025-08-08 04:00:00,26.51,84.47,20.15,31.60,33.19,NA,NA,1.15,10.51,NA,NA,NA,NA,NA,NA,NA,NA,NA,NA,NA,0.00,NA,NA,NA
2025-08-08 05:00:00,20.18,88.24,20.08,31.30,32.97,NA,NA,1.08,13.17,NA,NA,NA,NA,NA,NA,NA,NA,NA,NA,NA,0.00,NA,NA,NA
2025-08-08 06:00:00,23.71,94.82,20.68,32.75,34.24,NA,NA,1.12,9.79,NA,NA,NA,NA,NA,NA,NA,NA,NA,NA,NA,0.00,NA,NA,NA
2025-08-08 07:00:00,23.80,101.48,20.86,31.57,33.76,NA,NA,1.17,10.20,NA,NA,NA,NA,NA,NA,NA,NA,NA,NA,NA,0.00,NA,NA,NA
2025-08-08 08:00:00,36.29,128.09,18.61,30.25,31.22,NA,NA,1.14,13.55,NA,NA,NA,NA,NA,NA,NA,NA,NA,NA,NA,0.00,NA,NA,NA
2025-08-08 09:00:00,30.43,152.80,14.94,30.62,28.44,NA,NA,1.14,16.78,NA,NA,NA,NA,NA,NA,NA,NA,NA,NA,NA,0.00,NA,NA,NA
2025-08-08 10:00:00,22.25,130.20,13.48,32.20,28.10,NA,NA,1.10,16.44,NA,NA,NA,NA,NA,NA,NA,NA,NA,NA,NA,0.00,NA,NA,NA
2025-08-08 11:00:00,30.28,132.35,NA,NA,NA,NA,NA,1.02,13.68,NA,NA,NA,NA,NA,NA,NA,NA,NA,NA,NA,0.00,NA,NA,NA
2025-08-08 12:00:00,37.17,140.70,NA,NA,NA,NA,NA,0.85,22.45,NA,NA,NA,NA,NA,NA,NA,NA,NA,NA,NA,0.00,NA,NA,NA
2025-08-08 13:00:00,33.77,175.04,6.76,7.36,9.44,NA,NA,0.76,30.05,NA,NA,NA,NA,NA,NA,NA,NA,NA,NA,NA,0.00,NA,NA,NA
2025-08-08 14:00:00,43.14,160.30,5.14,9.69,9.33,NA,NA,0.80,30.12,NA,NA,NA,NA,NA,NA,NA,NA,NA,NA,NA,0.00,NA,NA,NA
2025-08-08 15:00:00,26.60,172.06,2.85,8.56,6.87,NA,NA,0.83,28.72,NA,NA,NA,NA,NA,NA,NA,NA,NA,NA,NA,0.00,NA,NA,NA
2025-08-08 16:00:00,24.10,156.21,4.36,8.47,8.05,NA,NA,0.87,32.02,NA,NA,NA,NA,NA,NA,NA,NA,NA,NA,NA,0.00,NA,NA,NA
2025-08-08 17:00:00,26.15,132.92,7.06,9.15,10.61,NA,NA,0.91,26.54,NA,NA,NA,NA,NA,NA,NA,NA,NA,NA,NA,0.00,NA,NA,NA
2025-08-08 18:00:00,30.88,119.20,7.85,9.06,11.20,NA,NA,0.96,20.94,NA,NA,NA,NA,NA,NA,NA,NA,NA,NA,NA,0.00,NA,NA,NA
2025-08-08 19:00:00,32.30,119.21,9.28,8.63,12.14,NA,NA,1.12,16.06,NA,NA,NA,NA,NA,NA,NA,NA,NA,NA,NA,0.00,NA,NA,NA
2025-08-08 20:00:00,42.67,123.41,10.14,9.82,13.47,NA,NA,1.26,11.22,NA,NA,NA,NA,NA,NA,NA,NA,NA,NA,NA,0.00,NA,NA,NA
2025-08-08 21:00:00,29.02,111.01,6.49,9.98,10.58,NA,NA,1.23,26.64,NA,NA,NA,NA,NA,NA,NA,NA,NA,NA,NA,0.00,NA,NA,NA
2025-08-08 22:00:00,8.47,30.39,2.38,8.66,6.54,NA,NA,1.07,24.56,NA,NA,NA,NA,NA,NA,NA,NA,NA,NA,NA,0.00,NA,NA,NA
2025-08-08 23:00:00,20.50,45.20,3.68,8.03,7.26,NA,NA,1.08,14.41,NA,NA,NA,NA,NA,NA,NA,NA,NA,NA,NA,0.00,NA,NA,NA
2025-08-09 00:00:00,18.18,64.90,2.61,8.69,6.75,NA,NA,1.20,20.44,NA,NA,NA,NA,NA,NA,NA,NA,NA,NA,NA,0.00,NA,NA,NA
2025-08-09 01:00:00,14.94,34.76,1.64,6.92,5.02,NA,NA,1.16,24.82,NA,NA,NA,NA,NA,NA,NA,NA,NA,NA,NA,0.00,NA,NA,NA
2025-08-09 02:00:00,11.05,30.46,2.63,12.43,8.75,NA,NA,1.14,13.54,NA,NA,NA,NA,NA,NA,NA,NA,NA,NA,NA,0.00,NA,NA,NA
2025-08-09 03:00:00,17.94,53.04,4.07,8.74,7.96,NA,NA,1.14,16.61,NA,NA,NA,NA,NA,NA,NA,NA,NA,NA,NA,0.00,NA,NA,NA
2025-08-09 04:00:00,16.87,27.31,5.71,10.59,10.27,NA,NA,1.14,13.48,NA,NA,NA,NA,NA,NA,NA,NA,NA,NA,NA,0.00,NA,NA,NA
2025-08-09 05:00:00,19.60,50.60,6.69,9.88,10.69,NA,NA,1.18,11.90,NA,NA,NA,NA,NA,NA,NA,NA,NA,NA,NA,0.00,NA,NA,NA
2025-08-09 06:00:00,22.62,56.35,10.36,9.06,13.24,NA,NA,1.18,15.72,NA,NA,NA,NA,NA,NA,NA,NA,NA,NA,NA,0.00,NA,NA,NA
2025-08-09 07:00:00,15.58,30.46,12.70,9.93,15.61,NA,NA,1.05,30.46,NA,NA,NA,NA,NA,NA,NA,NA,NA,NA,NA,0.00,NA,NA,NA
2025-08-09 08:00:00,6.67,NA,15.47,10.20,18.00,NA,NA,0.96,18.01,NA,NA,NA,NA,NA,NA,NA,NA,NA,NA,NA,0.00,NA,NA,NA
2025-08-09 09:00:00,16.35,NA,16.00,7.94,8.11,NA,NA,0.97,18.28,NA,NA,NA,NA,NA,NA,NA,NA,NA,NA,NA,0.00,NA,NA,NA
2025-08-09 10:00:00,16.49,NA,23.84,8.07,19.78,NA,NA,1.01,21.04,NA,NA,NA,NA,NA,NA,NA,NA,NA,NA,NA,0.00,NA,NA,NA
2025-08-09 11:00:00,11.96,NA,NA,9.66,3.86,NA,NA,1.04,18.35,NA,NA,NA,NA,NA,NA,NA,NA,NA,NA,NA,0.00,NA,NA,NA
2025-08-09 12:00:00,16.02,NA,10.33,16.52,14.74,NA,NA,1.15,11.62,NA,NA,NA,NA,NA,NA,NA,NA,NA,NA,NA,0.00,NA,NA,NA
2025-08-09 13:00:00,17.03,NA,2.38,14.46,9.62,NA,NA,1.15,16.19,NA,NA,NA,NA,NA,NA,NA,NA,NA,NA,NA,0.00,NA,NA,NA
2025-08-09 14:00:00,25.06,NA,11.30,18.53,19.06,NA,NA,1.18,12.40,NA,NA,NA,NA,NA,NA,NA,NA,NA,NA,NA,0.00,NA,NA,NA
2025-08-09 15:00:00,22.09,NA,14.48,19.48,22.13,NA,NA,1.19,12.23,NA,NA,NA,NA,NA,NA,NA,NA,NA,NA,NA,0.00,NA,NA,NA
2025-08-09 16:00:00,21.02,NA,7.61,16.90,15.17,NA,NA,1.15,16.65,NA,NA,NA,NA,NA,NA,NA,NA,NA,NA,NA,0.00,NA,NA,NA
2025-08-09 17:00:00,20.84,NA,6.40,9.56,10.29,NA,NA,1.15,20.16,NA,NA,NA,NA,NA,NA,NA,NA,NA,NA,NA,0.00,NA,NA,NA
2025-08-09 18:00:00,27.05,NA,7.18,9.74,11.02,NA,NA,1.20,18.80,NA,NA,NA,NA,NA,NA,NA,NA,NA,NA,NA,0.00,NA,NA,NA
2025-08-09 19:00:00,26.54,NA,8.42,9.15,11.71,NA,NA,1.22,15.43,NA,NA,NA,NA,NA,NA,NA,NA,NA,NA,NA,0.00,NA,NA,NA
2025-08-09 20:00:00,19.32,NA,12.87,11.47,16.56,NA,NA,1.28,10.76,NA,NA,NA,NA,NA,NA,NA,NA,NA,NA,NA,0.00,NA,NA,NA
2025-08-09 21:00:00,29.56,NA,11.18,10.02,14.43,NA,NA,1.32,9.94,NA,NA,NA,NA,NA,NA,NA,NA,NA,NA,NA,0.00,NA,NA,NA
2025-08-09 22:00:00,22.41,NA,15.20,9.75,17.54,NA,NA,1.39,8.47,NA,NA,NA,NA,NA,NA,NA,NA,NA,NA,NA,0.00,NA,NA,NA
2025-08-09 23:00:00,25.78,NA,25.10,8.68,25.02,NA,NA,1.40,8.99,NA,NA,NA,NA,NA,NA,NA,NA,NA,NA,NA,0.00,NA,NA,NA
2025-08-10 00:00:00,19.66,NA,170.94,8.56,144.81,NA,NA,1.40,10.56,NA,NA,NA,NA,NA,NA,NA,NA,NA,NA,NA,0.00,NA,NA,NA
2025-08-10 01:00:00,18.60,NA,NA,NA,NA,NA,NA,1.42,11.63,NA,NA,NA,NA,NA,NA,NA,NA,NA,NA,NA,0.00,NA,NA,NA
2025-08-10 02:00:00,32.62,NA,NA,35.92,NA,NA,NA,1.50,12.18,NA,NA,NA,NA,NA,NA,NA,NA,NA,NA,NA,0.00,NA,NA,NA
2025-08-10 03:00:00,29.73,NA,NA,NA,NA,NA,NA,1.49,9.61,NA,NA,NA,NA,NA,NA,NA,NA,NA,NA,NA,0.00,NA,NA,NA
2025-08-10 04:00:00,21.72,NA,NA,NA,NA,NA,NA,1.50,9.45,NA,NA,NA,NA,NA,NA,NA,NA,NA,NA,NA,0.00,NA,NA,NA
2025-08-10 05:00:00,27.48,NA,NA,NA,NA,NA,NA,1.49,9.58,NA,NA,NA,NA,NA,NA,NA,NA,NA,NA,NA,0.00,NA,NA,NA
2025-08-10 06:00:00,22.47,NA,NA,NA,419.56,NA,NA,1.53,13.64,NA,NA,NA,NA,NA,NA,NA,NA,NA,NA,NA,0.00,NA,NA,NA
2025-08-10 07:00:00,29.79,NA,NA,25.76,NA,NA,NA,1.58,15.70,NA,NA,NA,NA,NA,NA,NA,NA,NA,NA,NA,0.00,NA,NA,NA
2025-08-10 08:00:00,39.68,NA,NA,NA,NA,NA,NA,1.41,17.77,NA,NA,NA,NA,NA,NA,NA,NA,NA,NA,NA,0.00,NA,NA,NA
2025-08-10 09:00:00,23.74,NA,NA,2.06,416.60,NA,NA,1.32,20.12,NA,NA,NA,NA,NA,NA,NA,NA,NA,NA,NA,0.00,NA,NA,NA
2025-08-10 10:00:00,22.58,NA,NA,NA,452.77,NA,NA,1.25,21.08,NA,NA,NA,NA,NA,NA,NA,NA,NA,NA,NA,0.00,NA,NA,NA
2025-08-10 11:00:00,21.83,NA,NA,NA,NA,NA,NA,1.16,28.75,NA,NA,NA,NA,NA,NA,NA,NA,NA,NA,NA,0.00,NA,NA,NA
2025-08-10 12:00:00,18.17,NA,NA,NA,NA,NA,NA,1.02,27.35,NA,NA,NA,NA,NA,NA,NA,NA,NA,NA,NA,0.00,NA,NA,NA
2025-08-10 13:00:00,30.98,NA,NA,NA,NA,NA,NA,0.91,27.02,NA,NA,NA,NA,NA,NA,NA,NA,NA,NA,NA,0.00,NA,NA,NA
2025-08-10 14:00:00,32.36,NA,NA,NA,NA,NA,NA,0.84,34.25,NA,NA,NA,NA,NA,NA,NA,NA,NA,NA,NA,0.00,NA,NA,NA
2025-08-10 15:00:00,39.74,NA,NA,NA,NA,NA,NA,0.84,37.71,NA,NA,NA,NA,NA,NA,NA,NA,NA,NA,NA,0.00,NA,NA,NA
2025-08-10 16:00:00,16.66,68.45,NA,NA,NA,NA,NA,0.92,36.94,NA,NA,NA,NA,NA,NA,NA,NA,NA,NA,NA,0.00,NA,NA,NA
2025-08-10 17:00:00,24.47,62.66,13.72,5.10,10.48,NA,NA,0.96,33.31,NA,NA,NA,NA,NA,NA,NA,NA,NA,NA,NA,0.00,NA,NA,NA
2025-08-10 18:00:00,31.17,79.38,NA,5.75,NA,NA,NA,0.99,33.45,NA,NA,NA,NA,NA,NA,NA,NA,NA,NA,NA,0.00,NA,NA,NA
2025-08-10 19:00:00,26.25,74.76,NA,5.74,NA,NA,NA,1.00,14.77,NA,NA,NA,NA,NA,NA,NA,NA,NA,NA,NA,0.00,NA,NA,NA
2025-08-10 20:00:00,35.14,93.40,NA,6.12,NA,NA,NA,0.97,15.82,NA,NA,NA,NA,NA,NA,NA,NA,NA,NA,NA,0.00,NA,NA,NA
2025-08-10 21:00:00,44.42,108.78,12.62,14.97,18.23,NA,NA,1.14,10.57,NA,NA,NA,NA,NA,NA,NA,NA,NA,NA,NA,0.00,NA,NA,NA
2025-08-10 22:00:00,28.36,94.08,17.65,16.80,23.28,NA,NA,1.26,12.58,NA,NA,NA,NA,NA,NA,NA,NA,NA,NA,NA,0.00,NA,NA,NA
2025-08-10 23:00:00,35.11,114.16,17.60,17.63,23.69,NA,NA,1.40,16.69,NA,NA,NA,NA,NA,NA,NA,NA,NA,NA,NA,0.00,NA,NA,NA
2025-08-11 00:00:00,20.12,96.82,18.87,16.77,24.26,NA,NA,1.30,11.96,NA,NA,NA,NA,NA,NA,NA,NA,NA,NA,NA,0.00,NA,NA,NA
2025-08-11 01:00:00,26.02,86.46,19.89,16.51,24.96,NA,NA,1.30,10.87,NA,NA,NA,NA,NA,NA,NA,NA,NA,NA,NA,0.00,NA,NA,NA
2025-08-11 02:00:00,36.42,82.39,20.71,17.13,25.96,NA,NA,1.27,11.44,NA,NA,NA,NA,NA,NA,NA,NA,NA,NA,NA,0.00,NA,NA,NA
2025-08-11 03:00:00,22.17,71.90,21.51,16.68,26.36,NA,NA,1.24,11.25,NA,NA,NA,NA,NA,NA,NA,NA,NA,NA,NA,0.00,NA,NA,NA
2025-08-11 04:00:00,35.76,78.00,23.88,16.78,28.34,NA,NA,1.26,11.11,NA,NA,NA,NA,NA,NA,NA,NA,NA,NA,NA,0.00,NA,NA,NA
2025-08-11 05:00:00,39.72,98.93,21.21,17.13,26.35,NA,NA,1.23,9.98,NA,NA,NA,NA,NA,NA,NA,NA,NA,NA,NA,0.00,NA,NA,NA
2025-08-11 06:00:00,32.88,87.07,21.56,17.33,26.75,NA,NA,1.26,9.02,NA,NA,NA,NA,NA,NA,NA,NA,NA,NA,NA,0.00,NA,NA,NA
2025-08-11 07:00:00,30.59,93.47,21.24,16.11,25.84,NA,NA,1.20,11.73,NA,NA,NA,NA,NA,NA,NA,NA,NA,NA,NA,0.00,NA,NA,NA
2025-08-11 08:00:00,32.85,109.77,19.68,19.17,26.19,NA,NA,1.21,13.06,NA,NA,NA,NA,NA,NA,NA,NA,NA,NA,NA,0.00,NA,NA,NA
2025-08-11 09:00:00,25.45,98.75,18.02,15.76,23.03,NA,NA,1.22,15.10,NA,NA,NA,NA,NA,NA,NA,NA,NA,NA,NA,0.00,NA,NA,NA
2025-08-11 10:00:00,9.67,99.07,15.85,15.67,21.22,NA,NA,1.16,18.52,NA,NA,NA,NA,NA,NA,NA,NA,NA,NA,NA,0.00,NA,NA,NA
2025-08-11 11:00:00,13.06,94.38,15.62,15.97,21.19,NA,NA,1.19,24.70,NA,NA,NA,NA,NA,NA,NA,NA,NA,NA,NA,0.00,NA,NA,NA
2025-08-11 12:00:00,21.44,108.52,16.65,17.12,22.65,NA,NA,1.20,29.24,NA,NA,NA,NA,NA,NA,NA,NA,NA,NA,NA,0.00,NA,NA,NA
2025-08-11 13:00:00,20.16,114.11,16.71,16.03,22.11,NA,NA,1.16,26.24,NA,NA,NA,NA,NA,NA,NA,NA,NA,NA,NA,0.00,NA,NA,NA
2025-08-11 14:00:00,15.66,115.44,16.35,15.46,21.52,NA,NA,1.12,29.96,NA,NA,NA,NA,NA,NA,NA,NA,NA,NA,NA,0.00,NA,NA,NA
2025-08-11 15:00:00,15.52,108.84,16.26,15.29,21.35,NA,NA,1.10,33.11,NA,NA,NA,NA,NA,NA,NA,NA,NA,NA,NA,0.00,NA,NA,NA
2025-08-11 16:00:00,19.40,123.66,22.66,20.45,29.30,NA,NA,1.08,22.33,NA,NA,NA,NA,NA,NA,NA,NA,NA,NA,NA,0.00,NA,NA,NA
2025-08-11 17:00:00,20.71,115.08,20.71,15.12,24.88,NA,NA,1.12,28.76,NA,NA,NA,NA,NA,NA,NA,NA,NA,NA,NA,0.00,NA,NA,NA
2025-08-11 18:00:00,20.56,77.93,21.74,14.11,25.18,NA,NA,1.13,23.78,NA,NA,NA,NA,NA,NA,NA,NA,NA,NA,NA,0.00,NA,NA,NA
2025-08-11 19:00:00,17.45,84.83,22.73,14.35,26.12,NA,NA,1.10,27.80,NA,NA,NA,NA,NA,NA,NA,NA,NA,NA,NA,0.00,NA,NA,NA
2025-08-11 20:00:00,19.90,114.63,24.58,15.48,28.21,NA,NA,1.12,17.85,NA,NA,NA,NA,NA,NA,NA,NA,NA,NA,NA,0.00,NA,NA,NA
2025-08-11 21:00:00,31.60,115.58,24.49,14.80,27.78,NA,NA,1.18,12.13,NA,NA,NA,NA,NA,NA,NA,NA,NA,NA,NA,0.00,NA,NA,NA
2025-08-11 22:00:00,10.04,60.34,24.26,13.96,27.15,NA,NA,1.23,10.32,NA,NA,NA,NA,NA,NA,NA,NA,NA,NA,NA,0.00,NA,NA,NA
2025-08-11 23:00:00,21.82,26.84,24.38,14.64,27.60,NA,NA,1.27,8.57,NA,NA,NA,NA,NA,NA,NA,NA,NA,NA,NA,0.00,NA,NA,NA
2025-08-12 00:00:00,8.78,34.58,25.28,13.61,27.79,NA,NA,1.27,6.82,NA,NA,NA,NA,NA,NA,NA,NA,NA,NA,NA,0.00,NA,NA,NA
2025-08-12 01:00:00,18.66,37.36,25.64,13.59,28.08,NA,NA,1.27,6.83,NA,NA,NA,NA,NA,NA,NA,NA,NA,NA,NA,0.00,NA,NA,NA
2025-08-12 02:00:00,19.95,42.63,25.90,14.36,28.68,NA,NA,1.27,6.34,NA,NA,NA,NA,NA,NA,NA,NA,NA,NA,NA,0.00,NA,NA,NA
2025-08-12 03:00:00,23.92,52.27,24.52,14.38,27.58,NA,NA,1.20,16.24,NA,NA,NA,NA,NA,NA,NA,NA,NA,NA,NA,0.00,NA,NA,NA
2025-08-12 04:00:00,26.79,34.07,23.56,14.67,26.96,NA,NA,1.23,17.11,NA,NA,NA,NA,NA,NA,NA,NA,NA,NA,NA,0.00,NA,NA,NA
2025-08-12 05:00:00,3.76,32.13,24.03,14.55,27.28,NA,NA,1.15,19.66,NA,NA,NA,NA,NA,NA,NA,NA,NA,NA,NA,0.00,NA,NA,NA
2025-08-12 06:00:00,15.54,32.35,24.46,14.25,27.47,NA,NA,1.17,12.77,NA,NA,NA,NA,NA,NA,NA,NA,NA,NA,NA,0.00,NA,NA,NA
2025-08-12 07:00:00,18.16,43.01,24.44,16.48,28.63,NA,NA,1.23,14.17,NA,NA,NA,NA,NA,NA,NA,NA,NA,NA,NA,0.00,NA,NA,NA
2025-08-12 08:00:00,22.66,41.76,23.87,15.54,27.67,NA,NA,1.21,15.70,NA,NA,NA,NA,NA,NA,NA,NA,NA,NA,NA,0.00,NA,NA,NA
2025-08-12 09:00:00,18.90,29.43,23.24,14.27,26.49,NA,NA,1.21,15.13,NA,NA,NA,NA,NA,NA,NA,NA,NA,NA,NA,0.00,NA,NA,NA
2025-08-12 10:00:00,11.26,40.55,22.59,15.37,26.54,NA,NA,1.24,14.61,NA,NA,NA,NA,NA,NA,NA,NA,NA,NA,NA,0.00,NA,NA,NA
2025-08-12 11:00:00,10.48,38.62,NA,NA,NA,NA,NA,1.27,NA,NA,NA,NA,NA,NA,NA,NA,NA,NA,NA,NA,0.00,NA,NA,NA
2025-08-12 12:00:00,33.72,108.45,NA,NA,NA,NA,NA,1.05,NA,NA,NA,NA,NA,NA,NA,NA,NA,NA,NA,NA,0.00,NA,NA,NA
2025-08-12 13:00:00,34.00,118.46,64.89,18.81,62.75,NA,NA,0.94,26.94,NA,NA,NA,NA,NA,NA,NA,NA,NA,NA,NA,0.00,NA,NA,NA
2025-08-12 14:00:00,32.40,113.51,54.52,16.90,53.31,NA,NA,0.94,32.60,NA,NA,NA,NA,NA,NA,NA,NA,NA,NA,NA,0.00,NA,NA,NA
2025-08-12 15:00:00,36.32,123.74,45.30,15.92,45.30,NA,NA,0.88,34.03,NA,NA,NA,NA,NA,NA,NA,NA,NA,NA,NA,0.00,NA,NA,NA
2025-08-12 16:00:00,17.96,103.36,44.24,19.56,46.38,NA,NA,0.92,31.90,NA,NA,NA,NA,NA,NA,NA,NA,NA,NA,NA,0.00,NA,NA,NA
2025-08-12 17:00:00,17.92,118.66,40.14,18.54,42.49,NA,NA,0.99,43.38,NA,NA,NA,NA,NA,NA,NA,NA,NA,NA,NA,0.00,NA,NA,NA
2025-08-12 18:00:00,24.76,100.42,40.81,15.63,41.50,NA,NA,1.08,48.14,NA,NA,NA,NA,NA,NA,NA,NA,NA,NA,NA,0.00,NA,NA,NA
2025-08-12 19:00:00,18.10,67.88,47.37,13.66,45.78,NA,NA,1.15,42.89,NA,NA,NA,NA,NA,NA,NA,NA,NA,NA,NA,0.00,NA,NA,NA
2025-08-12 20:00:00,24.54,69.17,268.68,36.16,226.72,NA,NA,1.28,33.51,NA,NA,NA,NA,NA,NA,NA,NA,NA,NA,NA,0.00,NA,NA,NA
2025-08-12 21:00:00,25.18,69.84,274.97,11.59,213.85,NA,NA,1.36,35.89,NA,NA,NA,NA,NA,NA,NA,NA,NA,NA,NA,0.00,NA,NA,NA
2025-08-12 22:00:00,27.81,65.85,70.55,15.55,65.66,NA,NA,1.43,37.18,NA,NA,NA,NA,NA,NA,NA,NA,NA,NA,NA,0.00,NA,NA,NA
2025-08-12 23:00:00,25.04,81.32,92.91,13.95,68.86,NA,NA,1.46,39.26,NA,NA,NA,NA,NA,NA,NA,NA,NA,NA,NA,0.00,NA,NA,NA
2025-08-13 00:00:00,16.34,91.34,67.02,13.89,61.88,NA,NA,1.48,40.58,NA,NA,NA,NA,NA,NA,NA,NA,NA,NA,NA,0.00,NA,NA,NA
2025-08-13 01:00:00,31.86,84.46,69.95,13.21,63.90,NA,NA,1.49,40.58,NA,NA,NA,NA,NA,NA,NA,NA,NA,NA,NA,0.00,NA,NA,NA
2025-08-13 02:00:00,23.35,92.46,69.86,13.14,63.79,NA,NA,1.47,40.80,NA,NA,NA,NA,NA,NA,NA,NA,NA,NA,NA,0.00,NA,NA,NA
2025-08-13 03:00:00,30.43,78.35,64.45,12.86,59.23,NA,NA,1.49,43.44,NA,NA,NA,NA,NA,NA,NA,NA,NA,NA,NA,0.00,NA,NA,NA
2025-08-13 04:00:00,19.11,70.79,60.94,12.63,56.27,NA,NA,1.51,46.24,NA,NA,NA,NA,NA,NA,NA,NA,NA,NA,NA,0.00,NA,NA,NA
2025-08-13 05:00:00,22.84,69.23,61.46,13.04,56.90,NA,NA,1.50,48.26,NA,NA,NA,NA,NA,NA,NA,NA,NA,NA,NA,0.00,NA,NA,NA
2025-08-13 06:00:00,24.36,82.27,57.08,13.36,53.51,NA,NA,1.51,50.39,NA,NA,NA,NA,NA,NA,NA,NA,NA,NA,NA,0.00,NA,NA,NA
2025-08-13 07:00:00,28.91,110.24,72.35,13.16,65.85,NA,NA,1.52,52.92,NA,NA,NA,NA,NA,NA,NA,NA,NA,NA,NA,0.00,NA,NA,NA
2025-08-13 08:00:00,16.90,121.16,387.36,21.77,382.67,NA,NA,1.48,50.42,NA,NA,NA,NA,NA,NA,NA,NA,NA,NA,NA,0.00,NA,NA,NA
2025-08-13 09:00:00,12.43,113.51,291.32,14.86,296.96,NA,NA,1.42,51.73,NA,NA,NA,NA,NA,NA,NA,NA,NA,NA,NA,0.00,NA,NA,NA
2025-08-13 10:00:00,17.20,120.78,346.10,14.63,288.96,NA,NA,1.36,58.34,NA,NA,NA,NA,NA,NA,NA,NA,NA,NA,NA,0.00,NA,NA,NA
2025-08-13 11:00:00,17.52,115.32,232.84,48.34,206.84,NA,NA,1.29,61.78,NA,NA,NA,NA,NA,NA,NA,NA,NA,NA,NA,0.00,NA,NA,NA
2025-08-13 12:00:00,10.56,99.62,266.50,13.60,224.74,NA,NA,1.27,67.63,NA,NA,NA,NA,NA,NA,NA,NA,NA,NA,NA,0.00,NA,NA,NA
2025-08-13 13:00:00,15.49,99.54,NA,NA,NA,NA,NA,1.23,72.59,NA,NA,NA,NA,NA,NA,NA,NA,NA,NA,NA,0.00,NA,NA,NA
2025-08-13 14:00:00,13.62,100.57,NA,NA,NA,NA,NA,1.25,77.23,NA,NA,NA,NA,NA,NA,NA,NA,NA,NA,NA,0.00,NA,NA,NA
2025-08-13 15:00:00,19.62,112.17,NA,NA,NA,NA,NA,1.22,74.66,NA,NA,NA,NA,NA,NA,NA,NA,NA,NA,NA,0.00,NA,NA,NA
2025-08-13 16:00:00,23.18,134.43,NA,NA,NA,NA,NA,1.21,83.33,NA,NA,NA,NA,NA,NA,NA,NA,NA,NA,NA,0.00,NA,NA,NA
2025-08-13 17:00:00,22.95,103.54,NA,NA,NA,NA,NA,1.19,87.32,NA,NA,NA,NA,NA,NA,NA,NA,NA,NA,NA,0.00,NA,NA,NA
2025-08-13 18:00:00,25.80,103.14,NA,NA,NA,NA,NA,1.23,86.06,NA,NA,NA,NA,NA,NA,NA,NA,NA,NA,NA,0.00,NA,NA,NA
2025-08-13 19:00:00,23.24,97.35,NA,NA,NA,NA,NA,1.25,73.00,NA,NA,NA,NA,NA,NA,NA,NA,NA,NA,NA,0.00,NA,NA,NA
2025-08-13 20:00:00,22.96,55.83,65.25,11.81,59.32,NA,NA,1.32,65.79,NA,NA,NA,NA,NA,NA,NA,NA,NA,NA,NA,0.00,NA,NA,NA
2025-08-13 21:00:00,11.25,31.48,109.82,9.45,94.32,NA,NA,1.34,73.62,NA,NA,NA,NA,NA,NA,NA,NA,NA,NA,NA,0.00,NA,NA,NA
2025-08-13 22:00:00,18.28,63.49,88.30,13.11,71.20,NA,NA,1.35,77.28,NA,NA,NA,NA,NA,NA,NA,NA,NA,NA,NA,0.00,NA,NA,NA
2025-08-13 23:00:00,29.49,95.12,98.76,19.41,86.81,NA,NA,1.35,80.36,NA,NA,NA,NA,NA,NA,NA,NA,NA,NA,NA,0.00,NA,NA,NA
2025-08-14 00:00:00,15.08,77.76,124.87,19.86,112.18,NA,NA,1.38,84.38,NA,NA,NA,NA,NA,NA,NA,NA,NA,NA,NA,0.00,NA,NA,NA
2025-08-14 01:00:00,7.62,36.45,42.48,13.49,41.70,NA,NA,1.37,112.73,NA,NA,NA,NA,NA,NA,NA,NA,NA,NA,NA,0.00,NA,NA,NA
2025-08-14 02:00:00,8.52,32.16,45.80,13.52,44.44,NA,NA,1.34,92.55,NA,NA,NA,NA,NA,NA,NA,NA,NA,NA,NA,0.00,NA,NA,NA
2025-08-14 03:00:00,15.77,42.81,41.55,14.08,41.27,NA,NA,1.35,110.28,NA,NA,NA,NA,NA,NA,NA,NA,NA,NA,NA,0.00,NA,NA,NA
2025-08-14 04:00:00,25.67,55.95,41.12,13.33,40.53,NA,NA,1.37,109.55,NA,NA,NA,NA,NA,NA,NA,NA,NA,NA,NA,0.00,NA,NA,NA
2025-08-14 05:00:00,13.52,34.26,43.25,13.89,42.55,NA,NA,1.33,114.56,NA,NA,NA,NA,NA,NA,NA,NA,NA,NA,NA,0.00,NA,NA,NA
2025-08-14 06:00:00,2.73,8.84,38.40,13.27,38.28,NA,NA,1.26,109.32,NA,NA,NA,NA,NA,NA,NA,NA,NA,NA,NA,0.00,NA,NA,NA
2025-08-14 07:00:00,3.96,23.86,67.90,13.54,62.40,NA,NA,1.24,111.64,NA,NA,NA,NA,NA,NA,NA,NA,NA,NA,NA,0.00,NA,NA,NA
2025-08-14 08:00:00,9.91,57.16,51.73,14.70,49.88,NA,NA,1.15,111.46,NA,NA,NA,NA,NA,NA,NA,NA,NA,NA,NA,0.00,NA,NA,NA
2025-08-14 09:00:00,28.84,44.65,95.35,12.00,83.92,NA,NA,1.14,95.90,NA,NA,NA,NA,NA,NA,NA,NA,NA,NA,NA,0.00,NA,NA,NA
2025-08-14 10:00:00,8.41,29.68,90.14,13.38,80.38,NA,NA,1.20,99.52,NA,NA,NA,NA,NA,NA,NA,NA,NA,NA,NA,0.00,NA,NA,NA
2025-08-14 11:00:00,3.24,NA,35.14,13.76,35.87,NA,NA,1.27,98.62,NA,NA,NA,NA,NA,NA,NA,NA,NA,NA,NA,0.00,NA,NA,NA
2025-08-14 12:00:00,1.73,NA,30.31,13.51,31.83,NA,NA,1.25,95.57,NA,NA,NA,NA,NA,NA,NA,NA,NA,NA,NA,0.00,NA,NA,NA
2025-08-14 13:00:00,3.79,12.08,30.72,13.96,32.40,NA,NA,1.26,95.37,NA,NA,NA,NA,NA,NA,NA,NA,NA,NA,NA,0.00,NA,NA,NA
2025-08-14 14:00:00,6.35,10.84,30.09,14.44,32.14,NA,NA,1.28,100.69,NA,NA,NA,NA,NA,NA,NA,NA,NA,NA,NA,0.00,NA,NA,NA
2025-08-14 15:00:00,0.24,5.98,32.07,14.28,33.67,NA,NA,1.27,108.83,NA,NA,NA,NA,NA,NA,NA,NA,NA,NA,NA,0.00,NA,NA,NA
2025-08-14 16:00:00,5.99,22.26,36.41,13.58,36.83,NA,NA,1.19,125.86,NA,NA,NA,NA,NA,NA,NA,NA,NA,NA,NA,0.00,NA,NA,NA
2025-08-14 17:00:00,21.19,54.80,36.06,14.59,37.08,NA,NA,1.06,92.63,NA,NA,NA,NA,NA,NA,NA,NA,NA,NA,NA,0.00,NA,NA,NA
2025-08-14 18:00:00,7.22,27.94,146.58,7.56,118.90,NA,NA,1.33,68.70,NA,NA,NA,NA,NA,NA,NA,NA,NA,NA,NA,0.00,NA,NA,NA
2025-08-14 19:00:00,NA,NA,38.84,13.32,38.66,NA,NA,1.28,86.75,NA,NA,NA,NA,NA,NA,NA,NA,NA,NA,NA,0.00,NA,NA,NA
2025-08-14 20:00:00,NA,NA,40.15,13.84,40.01,NA,NA,1.02,86.81,NA,NA,NA,NA,NA,NA,NA,NA,NA,NA,NA,0.00,NA,NA,NA
2025-08-14 21:00:00,NA,NA,29.73,15.58,29.42,NA,NA,1.03,85.31,NA,NA,NA,NA,NA,NA,NA,NA,NA,NA,NA,0.00,NA,NA,NA
2025-08-14 22:00:00,NA,NA,33.83,14.49,32.05,NA,NA,1.01,87.13,NA,NA,NA,NA,NA,NA,NA,NA,NA,NA,NA,0.00,NA,NA,NA
2025-08-14 23:00:00,NA,NA,229.15,NA,148.68,NA,NA,1.09,80.18,NA,NA,NA,NA,NA,NA,NA,NA,NA,NA,NA,0.00,NA,NA,NA
2025-08-15 00:00:00,NA,NA,35.92,29.09,38.64,NA,NA,1.10,77.69,NA,NA,NA,NA,NA,NA,NA,NA,NA,NA,NA,0.00,NA,NA,NA
2025-08-15 01:00:00,NA,1.48,47.01,17.47,47.54,NA,NA,1.12,78.63,NA,NA,NA,NA,NA,NA,NA,NA,NA,NA,NA,0.00,NA,NA,NA
2025-08-15 02:00:00,NA,4.77,70.37,14.51,64.90,NA,NA,1.16,82.42,NA,NA,NA,NA,NA,NA,NA,NA,NA,NA,NA,0.00,NA,NA,NA
2025-08-15 03:00:00,0.25,7.18,43.18,16.36,43.83,NA,NA,1.18,95.48,NA,NA,NA,NA,NA,NA,NA,NA,NA,NA,NA,0.00,NA,NA,NA
2025-08-15 04:00:00,1.51,12.79,39.08,13.41,38.90,NA,NA,1.19,99.56,NA,NA,NA,NA,NA,NA,NA,NA,NA,NA,NA,0.00,NA,NA,NA
2025-08-15 05:00:00,3.14,14.54,42.74,13.57,41.97,NA,NA,1.20,108.71,NA,NA,NA,NA,NA,NA,NA,NA,NA,NA,NA,0.00,NA,NA,NA
2025-08-15 06:00:00,0.85,21.12,58.40,14.52,55.20,NA,NA,1.21,112.53,NA,NA,NA,NA,NA,NA,NA,NA,NA,NA,NA,0.00,NA,NA,NA
2025-08-15 07:00:00,2.29,28.37,49.98,13.46,47.81,NA,NA,1.25,116.46,NA,NA,NA,NA,NA,NA,NA,NA,NA,NA,NA,0.00,NA,NA,NA
2025-08-15 08:00:00,9.23,55.16,76.79,15.85,70.83,NA,NA,1.23,119.46,NA,NA,NA,NA,NA,NA,NA,NA,NA,NA,NA,0.00,NA,NA,NA
2025-08-15 09:00:00,28.32,62.74,33.38,13.52,34.34,NA,NA,1.21,121.72,NA,NA,NA,NA,NA,NA,NA,NA,NA,NA,NA,0.00,NA,NA,NA
2025-08-15 10:00:00,13.76,NA,36.34,13.57,36.77,NA,NA,1.24,128.19,NA,NA,NA,NA,NA,NA,NA,NA,NA,NA,NA,0.00,NA,NA,NA
2025-08-15 11:00:00,1.64,NA,37.43,13.14,37.42,NA,NA,1.21,132.09,NA,NA,NA,NA,NA,NA,NA,NA,NA,NA,NA,0.00,NA,NA,NA
2025-08-15 12:00:00,8.67,41.54,41.37,12.68,40.39,NA,NA,1.23,134.10,NA,NA,NA,NA,NA,NA,NA,NA,NA,NA,NA,0.00,NA,NA,NA
2025-08-15 13:00:00,9.94,73.40,78.52,11.64,70.04,NA,NA,1.21,262.23,NA,NA,NA,NA,NA,NA,NA,NA,NA,NA,NA,0.00,NA,NA,NA
2025-08-15 14:00:00,11.68,38.81,174.02,10.04,146.98,NA,NA,1.18,188.16,NA,NA,NA,NA,NA,NA,NA,NA,NA,NA,NA,0.00,NA,NA,NA
2025-08-15 15:00:00,10.45,49.15,319.85,10.97,313.05,NA,NA,1.12,159.32,NA,NA,NA,NA,NA,NA,NA,NA,NA,NA,NA,0.00,NA,NA,NA
2025-08-15 16:00:00,15.78,50.43,259.68,12.16,217.47,NA,NA,1.14,169.36,NA,NA,NA,NA,NA,NA,NA,NA,NA,NA,NA,0.00,NA,NA,NA
2025-08-15 17:00:00,24.01,54.96,100.45,22.00,80.07,NA,NA,1.16,166.12,NA,NA,NA,NA,NA,NA,NA,NA,NA,NA,NA,0.00,NA,NA,NA
2025-08-15 18:00:00,22.34,40.38,65.07,12.99,59.89,NA,NA,1.17,163.91,NA,NA,NA,NA,NA,NA,NA,NA,NA,NA,NA,0.00,NA,NA,NA
2025-08-15 19:00:00,20.26,36.94,143.77,12.77,120.81,NA,NA,1.34,201.95,NA,NA,NA,NA,NA,NA,NA,NA,NA,NA,NA,0.00,NA,NA,NA
2025-08-15 20:00:00,22.69,44.02,39.20,14.10,39.39,NA,NA,1.41,166.66,NA,NA,NA,NA,NA,NA,NA,NA,NA,NA,NA,0.00,NA,NA,NA
2025-08-15 21:00:00,13.59,49.15,119.59,11.89,103.54,NA,NA,1.52,167.06,NA,NA,NA,NA,NA,NA,NA,NA,NA,NA,NA,0.00,NA,NA,NA
2025-08-15 22:00:00,27.21,47.84,40.53,13.69,40.23,NA,NA,1.61,157.60,NA,NA,NA,NA,NA,NA,NA,NA,NA,NA,NA,0.00,NA,NA,NA
2025-08-15 23:00:00,21.98,56.18,33.57,14.80,35.17,NA,NA,1.72,155.72,NA,NA,NA,NA,NA,NA,NA,NA,NA,NA,NA,0.00,NA,NA,NA
2025-08-16 00:00:00,18.34,55.82,32.45,14.22,33.94,NA,NA,1.77,169.39,NA,NA,NA,NA,NA,NA,NA,NA,NA,NA,NA,0.00,NA,NA,NA
2025-08-16 01:00:00,26.00,73.66,34.04,13.99,35.11,NA,NA,1.76,178.50,NA,NA,NA,NA,NA,NA,NA,NA,NA,NA,NA,0.00,NA,NA,NA
2025-08-16 02:00:00,26.17,71.84,33.98,13.74,34.93,NA,NA,1.76,171.57,NA,NA,NA,NA,NA,NA,NA,NA,NA,NA,NA,0.00,NA,NA,NA
2025-08-16 03:00:00,36.42,58.93,33.35,13.91,34.52,NA,NA,1.74,163.73,NA,NA,NA,NA,NA,NA,NA,NA,NA,NA,NA,0.00,NA,NA,NA
2025-08-16 04:00:00,23.60,45.96,32.90,13.24,33.79,NA,NA,1.71,157.93,NA,NA,NA,NA,NA,NA,NA,NA,NA,NA,NA,0.00,NA,NA,NA
2025-08-16 05:00:00,22.08,37.64,33.66,13.26,34.42,NA,NA,1.66,161.69,NA,NA,NA,NA,NA,NA,NA,NA,NA,NA,NA,0.00,NA,NA,NA
2025-08-16 06:00:00,12.51,24.81,40.67,13.49,40.25,NA,NA,1.53,169.95,NA,NA,NA,NA,NA,NA,NA,NA,NA,NA,NA,0.00,NA,NA,NA
2025-08-16 07:00:00,10.15,53.48,42.00,13.96,41.56,NA,NA,1.46,222.14,NA,NA,NA,NA,NA,NA,NA,NA,NA,NA,NA,0.00,NA,NA,NA
2025-08-16 08:00:00,14.55,58.84,35.14,13.93,35.98,NA,NA,1.40,187.02,NA,NA,NA,NA,NA,NA,NA,NA,NA,NA,NA,0.00,NA,NA,NA
2025-08-16 09:00:00,12.93,46.83,35.60,13.68,36.21,NA,NA,1.44,181.76,NA,NA,NA,NA,NA,NA,NA,NA,NA,NA,NA,0.00,NA,NA,NA
2025-08-16 10:00:00,20.28,59.49,34.77,13.85,35.64,NA,NA,1.35,203.93,NA,NA,NA,NA,NA,NA,NA,NA,NA,NA,NA,0.00,NA,NA,NA
2025-08-16 11:00:00,13.46,32.62,65.19,12.91,59.87,NA,NA,1.30,195.13,NA,NA,NA,NA,NA,NA,NA,NA,NA,NA,NA,0.00,NA,NA,NA
2025-08-16 12:00:00,20.92,44.80,68.21,12.99,62.37,NA,NA,1.25,211.22,NA,NA,NA,NA,NA,NA,NA,NA,NA,NA,NA,0.00,NA,NA,NA
2025-08-16 13:00:00,23.08,71.00,78.03,13.00,70.35,NA,NA,1.20,226.83,NA,NA,NA,NA,NA,NA,NA,NA,NA,NA,NA,0.00,NA,NA,NA
2025-08-16 14:00:00,18.54,51.00,79.63,13.68,72.02,NA,NA,1.17,230.52,NA,NA,NA,NA,NA,NA,NA,NA,NA,NA,NA,0.00,NA,NA,NA
2025-08-16 15:00:00,27.33,68.34,90.69,13.04,80.67,NA,NA,1.16,234.71,NA,NA,NA,NA,NA,NA,NA,NA,NA,NA,NA,0.00,NA,NA,NA
2025-08-16 16:00:00,30.66,53.61,158.28,12.21,135.25,NA,NA,1.14,232.29,NA,NA,NA,NA,NA,NA,NA,NA,NA,NA,NA,0.00,NA,NA,NA
2025-08-16 17:00:00,22.72,48.37,155.73,11.36,132.58,NA,NA,1.19,214.13,NA,NA,NA,NA,NA,NA,NA,NA,NA,NA,NA,0.00,NA,NA,NA
2025-08-16 18:00:00,17.43,74.72,50.93,13.32,48.50,NA,NA,1.26,199.96,NA,NA,NA,NA,NA,NA,NA,NA,NA,NA,NA,0.00,NA,NA,NA
2025-08-16 19:00:00,21.33,33.52,53.14,14.62,50.98,NA,NA,1.33,207.18,NA,NA,NA,NA,NA,NA,NA,NA,NA,NA,NA,0.00,NA,NA,NA
2025-08-16 20:00:00,16.18,26.98,49.58,12.87,47.16,NA,NA,1.35,204.82,NA,NA,NA,NA,NA,NA,NA,NA,NA,NA,NA,0.00,NA,NA,NA
2025-08-16 21:00:00,15.27,37.89,80.82,12.94,50.15,NA,NA,1.35,185.34,NA,NA,NA,NA,NA,NA,NA,NA,NA,NA,NA,0.00,NA,NA,NA
2025-08-16 22:00:00,16.66,38.06,84.50,14.54,45.67,NA,NA,1.46,187.11,NA,NA,NA,NA,NA,NA,NA,NA,NA,NA,NA,0.00,NA,NA,NA
2025-08-16 23:00:00,14.54,55.39,39.37,13.42,39.14,NA,NA,1.48,182.05,NA,NA,NA,NA,NA,NA,NA,NA,NA,NA,NA,0.00,NA,NA,NA
2025-08-17 00:00:00,8.17,51.88,46.33,8.91,42.41,NA,NA,1.52,188.82,NA,NA,NA,NA,NA,NA,NA,NA,NA,NA,NA,0.00,NA,NA,NA
2025-08-17 01:00:00,14.13,48.81,233.38,70.12,210.49,NA,NA,1.54,190.53,NA,NA,NA,NA,NA,NA,NA,NA,NA,NA,NA,0.00,NA,NA,NA
2025-08-17 02:00:00,18.99,48.17,237.94,27.16,196.47,NA,NA,1.49,186.35,NA,NA,NA,NA,NA,NA,NA,NA,NA,NA,NA,0.00,NA,NA,NA
2025-08-17 03:00:00,17.81,48.19,370.84,34.71,345.34,NA,NA,1.46,182.35,NA,NA,NA,NA,NA,NA,NA,NA,NA,NA,NA,0.00,NA,NA,NA
2025-08-17 04:00:00,17.83,45.64,158.39,13.60,132.90,NA,NA,1.39,186.46,NA,NA,NA,NA,NA,NA,NA,NA,NA,NA,NA,0.00,NA,NA,NA
2025-08-17 05:00:00,22.79,63.14,149.51,18.41,128.28,NA,NA,1.42,194.51,NA,NA,NA,NA,NA,NA,NA,NA,NA,NA,NA,0.00,NA,NA,NA
2025-08-17 06:00:00,19.82,49.81,51.71,13.68,43.52,NA,NA,1.36,197.11,NA,NA,NA,NA,NA,NA,NA,NA,NA,NA,NA,0.00,NA,NA,NA
2025-08-17 07:00:00,12.75,38.95,73.88,NA,49.28,NA,NA,1.37,193.90,NA,NA,NA,NA,NA,NA,NA,NA,NA,NA,NA,0.00,NA,NA,NA
2025-08-17 08:00:00,24.52,57.92,83.18,20.62,78.58,NA,NA,1.33,233.68,NA,NA,NA,NA,NA,NA,NA,NA,NA,NA,NA,0.00,NA,NA,NA
2025-08-17 09:00:00,25.19,92.13,101.08,14.15,74.78,NA,NA,1.20,228.28,NA,NA,NA,NA,NA,NA,NA,NA,NA,NA,NA,0.00,NA,NA,NA
2025-08-17 10:00:00,34.80,95.23,99.64,29.99,92.09,NA,NA,1.13,200.67,NA,NA,NA,NA,NA,NA,NA,NA,NA,NA,NA,0.00,NA,NA,NA
2025-08-17 11:00:00,20.37,75.58,113.02,18.16,90.82,NA,NA,1.20,218.11,NA,NA,NA,NA,NA,NA,NA,NA,NA,NA,NA,0.00,NA,NA,NA
2025-08-17 12:00:00,15.43,73.57,18.69,35.74,26.64,NA,NA,1.17,209.09,NA,NA,NA,NA,NA,NA,NA,NA,NA,NA,NA,0.00,NA,NA,NA
2025-08-17 13:00:00,34.17,66.84,NA,NA,NA,NA,NA,1.04,NA,NA,NA,NA,NA,NA,NA,NA,NA,NA,NA,NA,0.00,NA,NA,NA
2025-08-17 14:00:00,72.78,95.60,NA,NA,NA,NA,NA,1.03,NA,NA,NA,NA,NA,NA,NA,NA,NA,NA,NA,NA,0.00,NA,NA,NA
2025-08-17 15:00:00,12.37,49.01,NA,NA,NA,NA,NA,1.05,42.35,NA,NA,NA,NA,NA,NA,NA,NA,NA,NA,NA,0.00,NA,NA,NA
2025-08-17 16:00:00,22.02,69.60,NA,NA,NA,NA,NA,1.16,39.01,NA,NA,NA,NA,NA,NA,NA,NA,NA,NA,NA,0.00,NA,NA,NA
2025-08-17 17:00:00,20.02,65.90,NA,NA,NA,NA,NA,1.36,41.10,NA,NA,NA,NA,NA,NA,NA,NA,NA,NA,NA,0.00,NA,NA,NA
2025-08-17 18:00:00,19.23,62.10,6.65,18.10,15.09,NA,NA,1.54,45.26,NA,NA,NA,NA,NA,NA,NA,NA,NA,NA,NA,0.00,NA,NA,NA
2025-08-17 19:00:00,14.44,63.03,188.19,41.27,174.85,NA,NA,1.53,44.42,NA,NA,NA,NA,NA,NA,NA,NA,NA,NA,NA,0.00,NA,NA,NA
2025-08-17 20:00:00,22.62,55.32,106.73,64.43,110.00,NA,NA,1.55,50.16,NA,NA,NA,NA,NA,NA,NA,NA,NA,NA,NA,0.00,NA,NA,NA
2025-08-17 21:00:00,16.35,28.70,53.80,71.16,81.54,NA,NA,1.52,51.76,NA,NA,NA,NA,NA,NA,NA,NA,NA,NA,NA,0.00,NA,NA,NA
2025-08-17 22:00:00,14.16,53.31,61.96,40.59,56.53,NA,NA,1.52,55.53,NA,NA,NA,NA,NA,NA,NA,NA,NA,NA,NA,0.00,NA,NA,NA
2025-08-17 23:00:00,13.88,52.87,75.05,86.58,93.33,NA,NA,1.57,61.37,NA,NA,NA,NA,NA,NA,NA,NA,NA,NA,NA,0.00,NA,NA,NA
2025-08-18 00:00:00,19.60,35.24,87.25,69.66,98.74,NA,NA,1.60,68.46,NA,NA,NA,NA,NA,NA,NA,NA,NA,NA,NA,0.00,NA,NA,NA
2025-08-18 01:00:00,24.35,62.90,17.20,49.29,40.15,NA,NA,1.55,69.44,NA,NA,NA,NA,NA,NA,NA,NA,NA,NA,NA,0.00,NA,NA,NA
2025-08-18 02:00:00,24.02,47.32,31.19,37.62,45.47,NA,NA,1.45,68.57,NA,NA,NA,NA,NA,NA,NA,NA,NA,NA,NA,0.00,NA,NA,NA
2025-08-18 03:00:00,17.91,56.38,175.38,61.36,146.69,NA,NA,1.45,70.15,NA,NA,NA,NA,NA,NA,NA,NA,NA,NA,NA,0.00,NA,NA,NA
2025-08-18 04:00:00,18.45,37.70,51.90,59.28,52.16,NA,NA,1.34,79.27,NA,NA,NA,NA,NA,NA,NA,NA,NA,NA,NA,0.00,NA,NA,NA
2025-08-18 05:00:00,2.38,21.87,43.69,43.43,48.03,NA,NA,1.25,66.24,NA,NA,NA,NA,NA,NA,NA,NA,NA,NA,NA,0.00,NA,NA,NA
2025-08-18 06:00:00,6.84,59.13,69.32,19.86,61.49,NA,NA,1.21,57.71,NA,NA,NA,NA,NA,NA,NA,NA,NA,NA,NA,0.00,NA,NA,NA
2025-08-18 07:00:00,17.90,55.70,166.02,75.91,148.05,NA,NA,1.26,81.19,NA,NA,NA,NA,NA,NA,NA,NA,NA,NA,NA,0.00,NA,NA,NA
2025-08-18 08:00:00,14.90,40.22,116.85,108.25,103.36,NA,NA,1.29,76.78,NA,NA,NA,NA,NA,NA,NA,NA,NA,NA,NA,0.00,NA,NA,NA
2025-08-18 09:00:00,26.77,49.50,47.10,36.16,34.39,NA,NA,1.31,84.10,NA,NA,NA,NA,NA,NA,NA,NA,NA,NA,NA,0.00,NA,NA,NA
2025-08-18 10:00:00,27.41,47.95,12.24,30.37,21.96,NA,NA,1.27,97.20,NA,NA,NA,NA,NA,NA,NA,NA,NA,NA,NA,0.00,NA,NA,NA
2025-08-18 11:00:00,21.95,49.41,18.73,32.70,27.37,NA,NA,1.27,115.19,NA,NA,NA,NA,NA,NA,NA,NA,NA,NA,NA,0.00,NA,NA,NA
2025-08-18 12:00:00,29.68,50.41,12.54,22.74,15.91,NA,NA,1.28,128.11,NA,NA,NA,NA,NA,NA,NA,NA,NA,NA,NA,0.00,NA,NA,NA
2025-08-18 13:00:00,16.08,41.16,29.08,30.89,34.38,NA,NA,1.23,157.42,NA,NA,NA,NA,NA,NA,NA,NA,NA,NA,NA,0.00,NA,NA,NA
2025-08-18 14:00:00,17.80,43.30,NA,34.68,15.34,NA,NA,1.20,155.14,NA,NA,NA,NA,NA,NA,NA,NA,NA,NA,NA,0.00,NA,NA,NA
2025-08-18 15:00:00,14.39,42.15,28.92,26.57,24.35,NA,NA,1.17,148.99,NA,NA,NA,NA,NA,NA,NA,NA,NA,NA,NA,0.00,NA,NA,NA
2025-08-18 16:00:00,10.26,43.12,3.56,13.85,8.77,NA,NA,1.15,139.54,NA,NA,NA,NA,NA,NA,NA,NA,NA,NA,NA,0.00,NA,NA,NA
2025-08-18 17:00:00,13.41,34.18,27.63,30.96,24.24,NA,NA,1.18,141.98,NA,NA,NA,NA,NA,NA,NA,NA,NA,NA,NA,0.00,NA,NA,NA
2025-08-18 18:00:00,17.65,31.35,7.80,26.46,14.78,NA,NA,1.23,142.60,NA,NA,NA,NA,NA,NA,NA,NA,NA,NA,NA,0.00,NA,NA,NA
2025-08-18 19:00:00,27.17,40.46,70.94,40.13,64.06,NA,NA,1.25,135.17,NA,NA,NA,NA,NA,NA,NA,NA,NA,NA,NA,0.00,NA,NA,NA
2025-08-18 20:00:00,23.35,60.92,43.98,43.15,46.31,NA,NA,1.31,142.24,NA,NA,NA,NA,NA,NA,NA,NA,NA,NA,NA,0.00,NA,NA,NA
2025-08-18 21:00:00,17.40,49.18,17.60,43.61,29.00,NA,NA,1.33,133.64,NA,NA,NA,NA,NA,NA,NA,NA,NA,NA,NA,0.00,NA,NA,NA
2025-08-18 22:00:00,12.60,54.30,10.72,40.39,30.23,NA,NA,1.36,130.71,NA,NA,NA,NA,NA,NA,NA,NA,NA,NA,NA,0.00,NA,NA,NA
2025-08-18 23:00:00,12.82,45.02,28.55,24.46,25.89,NA,NA,1.35,130.90,NA,NA,NA,NA,NA,NA,NA,NA,NA,NA,NA,0.00,NA,NA,NA
2025-08-19 00:00:00,9.28,46.66,27.87,51.41,35.61,NA,NA,1.31,128.71,NA,NA,NA,NA,NA,NA,NA,NA,NA,NA,NA,0.00,NA,NA,NA
2025-08-19 01:00:00,14.23,35.19,11.43,20.98,18.07,NA,NA,1.34,131.28,NA,NA,NA,NA,NA,NA,NA,NA,NA,NA,NA,0.00,NA,NA,NA
2025-08-19 02:00:00,18.66,32.70,58.75,28.46,62.78,NA,NA,1.33,139.34,NA,NA,NA,NA,NA,NA,NA,NA,NA,NA,NA,0.00,NA,NA,NA
2025-08-19 03:00:00,11.75,26.76,24.31,38.71,33.67,NA,NA,1.32,139.92,NA,NA,NA,NA,NA,NA,NA,NA,NA,NA,NA,0.00,NA,NA,NA
2025-08-19 04:00:00,19.00,32.11,54.00,25.45,57.46,NA,NA,1.34,133.72,NA,NA,NA,NA,NA,NA,NA,NA,NA,NA,NA,0.00,NA,NA,NA
2025-08-19 05:00:00,24.04,53.78,56.36,29.30,39.12,NA,NA,1.37,143.38,NA,NA,NA,NA,NA,NA,NA,NA,NA,NA,NA,0.00,NA,NA,NA
2025-08-19 06:00:00,29.07,67.92,5.61,20.80,14.20,NA,NA,1.42,141.28,NA,NA,NA,NA,NA,NA,NA,NA,NA,NA,NA,0.00,NA,NA,NA
2025-08-19 07:00:00,23.99,53.44,27.10,19.94,32.66,NA,NA,1.41,152.69,NA,NA,NA,NA,NA,NA,NA,NA,NA,NA,NA,0.00,NA,NA,NA
2025-08-19 08:00:00,14.79,38.46,32.36,15.48,30.62,NA,NA,1.38,149.17,NA,NA,NA,NA,NA,NA,NA,NA,NA,NA,NA,0.00,NA,NA,NA
2025-08-19 09:00:00,14.70,43.06,38.87,23.50,26.04,NA,NA,1.36,142.98,NA,NA,NA,NA,NA,NA,NA,NA,NA,NA,NA,0.00,NA,NA,NA
2025-08-19 10:00:00,14.08,35.10,59.30,25.23,61.53,NA,NA,1.24,NA,NA,NA,NA,NA,NA,NA,NA,NA,NA,NA,NA,0.00,NA,NA,NA
2025-08-19 11:00:00,9.18,80.60,5.78,19.95,15.34,NA,NA,1.09,62.66,NA,NA,NA,NA,NA,NA,NA,NA,NA,NA,NA,0.00,NA,NA,NA
2025-08-19 12:00:00,15.80,61.23,2.43,20.14,12.69,NA,NA,1.06,NA,NA,NA,NA,NA,NA,NA,NA,NA,NA,NA,NA,0.00,NA,NA,NA
2025-08-19 13:00:00,25.77,65.58,NA,NA,NA,NA,NA,1.13,NA,NA,NA,NA,NA,NA,NA,NA,NA,NA,NA,NA,0.00,NA,NA,NA
2025-08-19 14:00:00,32.28,61.40,NA,NA,NA,NA,NA,1.11,NA,NA,NA,NA,NA,NA,NA,NA,NA,NA,NA,NA,0.00,NA,NA,NA
2025-08-19 15:00:00,5.39,33.97,146.88,29.37,135.04,NA,NA,1.12,NA,NA,NA,NA,NA,NA,NA,NA,NA,NA,NA,NA,0.00,NA,NA,NA
2025-08-19 16:00:00,18.18,51.18,140.01,32.64,131.19,NA,NA,1.24,NA,NA,NA,NA,NA,NA,NA,NA,NA,NA,NA,NA,0.00,NA,NA,NA
2025-08-19 17:00:00,30.10,77.01,53.58,37.46,63.46,NA,NA,1.32,NA,NA,NA,NA,NA,NA,NA,NA,NA,NA,NA,NA,0.00,NA,NA,NA
2025-08-19 18:00:00,31.92,98.53,35.05,51.37,55.82,NA,NA,1.84,50.75,NA,NA,NA,NA,NA,NA,NA,NA,NA,NA,NA,0.00,NA,NA,NA
2025-08-19 19:00:00,28.69,91.20,30.93,45.55,49.37,NA,NA,1.72,42.25,NA,NA,NA,NA,NA,NA,NA,NA,NA,NA,NA,0.00,NA,NA,NA
2025-08-19 20:00:00,20.77,50.93,22.85,37.79,38.68,NA,NA,1.76,40.74,NA,NA,NA,NA,NA,NA,NA,NA,NA,NA,NA,0.00,NA,NA,NA
2025-08-19 21:00:00,10.80,52.06,20.64,35.85,35.86,NA,NA,1.85,40.38,NA,NA,NA,NA,NA,NA,NA,NA,NA,NA,NA,0.00,NA,NA,NA
2025-08-19 22:00:00,10.55,31.20,23.77,33.45,37.12,NA,NA,1.82,34.79,NA,NA,NA,NA,NA,NA,NA,NA,NA,NA,NA,0.00,NA,NA,NA
2025-08-19 23:00:00,15.71,41.55,26.01,31.70,38.01,NA,NA,1.65,36.42,NA,NA,NA,NA,NA,NA,NA,NA,NA,NA,NA,0.00,NA,NA,NA
2025-08-20 00:00:00,19.60,62.33,21.15,31.08,33.72,NA,NA,1.62,41.62,NA,NA,NA,NA,NA,NA,NA,NA,NA,NA,NA,0.00,NA,NA,NA
2025-08-20 01:00:00,16.66,71.88,18.42,29.64,30.74,NA,NA,1.53,43.83,NA,NA,NA,NA,NA,NA,NA,NA,NA,NA,NA,0.00,NA,NA,NA
2025-08-20 02:00:00,19.04,37.13,12.05,29.04,25.24,NA,NA,1.54,45.60,NA,NA,NA,NA,NA,NA,NA,NA,NA,NA,NA,0.00,NA,NA,NA
2025-08-20 03:00:00,12.18,19.45,20.00,29.02,31.70,NA,NA,1.49,45.78,NA,NA,NA,NA,NA,NA,NA,NA,NA,NA,NA,0.00,NA,NA,NA
2025-08-20 04:00:00,17.49,27.17,16.64,28.96,28.94,NA,NA,1.42,46.95,NA,NA,NA,NA,NA,NA,NA,NA,NA,NA,NA,0.00,NA,NA,NA
2025-08-20 05:00:00,16.82,29.70,18.53,29.56,30.78,NA,NA,1.36,49.18,NA,NA,NA,NA,NA,NA,NA,NA,NA,NA,NA,0.00,NA,NA,NA
2025-08-20 06:00:00,13.93,29.31,14.73,29.87,27.86,NA,NA,1.38,49.74,NA,NA,NA,NA,NA,NA,NA,NA,NA,NA,NA,0.00,NA,NA,NA
2025-08-20 07:00:00,12.58,30.62,145.11,28.36,133.20,NA,NA,1.34,52.55,NA,NA,NA,NA,NA,NA,NA,NA,NA,NA,NA,0.00,NA,NA,NA
2025-08-20 08:00:00,10.91,40.59,340.31,24.95,289.94,NA,NA,1.23,54.48,NA,NA,NA,NA,NA,NA,NA,NA,NA,NA,NA,0.00,NA,NA,NA
2025-08-20 09:00:00,24.98,81.35,137.40,30.62,127.92,NA,NA,1.19,56.45,NA,NA,NA,NA,NA,NA,NA,NA,NA,NA,NA,0.00,NA,NA,NA
2025-08-20 10:00:00,23.39,43.75,36.11,28.72,44.63,NA,NA,1.15,63.36,NA,NA,NA,NA,NA,NA,NA,NA,NA,NA,NA,0.00,NA,NA,NA
2025-08-20 11:00:00,16.42,75.02,19.50,31.68,32.70,NA,NA,1.03,66.25,NA,NA,NA,NA,NA,NA,NA,NA,NA,NA,NA,0.00,NA,NA,NA
2025-08-20 12:00:00,19.18,57.11,22.24,30.37,34.24,NA,NA,1.00,62.17,NA,NA,NA,NA,NA,NA,NA,NA,NA,NA,NA,0.00,NA,NA,NA
2025-08-20 13:00:00,10.55,29.20,10.23,29.52,24.01,NA,NA,1.00,64.43,NA,NA,NA,NA,NA,NA,NA,NA,NA,NA,NA,0.00,NA,NA,NA
2025-08-20 14:00:00,3.48,17.99,15.61,29.98,28.64,NA,NA,1.02,67.98,NA,NA,NA,NA,NA,NA,NA,NA,NA,NA,NA,0.00,NA,NA,NA
2025-08-20 15:00:00,19.82,44.82,26.32,31.80,38.31,NA,NA,0.84,57.90,NA,NA,NA,NA,NA,NA,NA,NA,NA,NA,NA,0.00,NA,NA,NA
2025-08-20 16:00:00,21.33,73.38,23.69,30.38,35.42,NA,NA,0.87,66.67,NA,NA,NA,NA,NA,NA,NA,NA,NA,NA,NA,0.00,NA,NA,NA
2025-08-20 17:00:00,19.41,53.54,21.48,30.44,33.66,NA,NA,0.86,63.65,NA,NA,NA,NA,NA,NA,NA,NA,NA,NA,NA,0.00,NA,NA,NA
2025-08-20 18:00:00,20.10,33.22,11.91,30.49,25.90,NA,NA,0.92,68.02,NA,NA,NA,NA,NA,NA,NA,NA,NA,NA,NA,0.00,NA,NA,NA
2025-08-20 19:00:00,8.16,18.13,9.48,29.83,23.58,NA,NA,0.99,58.90,NA,NA,NA,NA,NA,NA,NA,NA,NA,NA,NA,0.00,NA,NA,NA
2025-08-20 20:00:00,5.55,19.41,16.69,30.63,29.86,NA,NA,0.93,52.12,NA,NA,NA,NA,NA,NA,NA,NA,NA,NA,NA,0.00,NA,NA,NA
2025-08-20 21:00:00,19.81,54.54,13.29,30.22,26.87,NA,NA,1.06,57.01,NA,NA,NA,NA,NA,NA,NA,NA,NA,NA,NA,0.00,NA,NA,NA
2025-08-20 22:00:00,4.27,37.16,3.70,29.32,18.61,NA,NA,1.15,54.42,NA,NA,NA,NA,NA,NA,NA,NA,NA,NA,NA,0.00,NA,NA,NA
2025-08-20 23:00:00,12.47,18.67,5.06,29.40,19.76,NA,NA,1.22,54.99,NA,NA,NA,NA,NA,NA,NA,NA,NA,NA,NA,0.00,NA,NA,NA
2025-08-21 00:00:00,4.21,12.92,NA,16.18,497.15,NA,NA,1.53,58.78,NA,NA,NA,NA,NA,NA,NA,NA,NA,NA,NA,0.00,NA,NA,NA
2025-08-21 01:00:00,NA,NA,24.92,27.76,34.99,NA,NA,1.50,60.62,NA,NA,NA,NA,NA,NA,NA,NA,NA,NA,NA,0.00,NA,NA,NA
2025-08-21 02:00:00,NA,NA,4.53,28.54,18.86,NA,NA,1.48,57.36,NA,NA,NA,NA,NA,NA,NA,NA,NA,NA,NA,0.00,NA,NA,NA
2025-08-21 03:00:00,NA,NA,7.39,28.20,21.01,NA,NA,1.17,59.44,NA,NA,NA,NA,NA,NA,NA,NA,NA,NA,NA,0.00,NA,NA,NA
2025-08-21 04:00:00,NA,NA,13.08,28.33,25.71,NA,NA,0.93,53.71,NA,NA,NA,NA,NA,NA,NA,NA,NA,NA,NA,0.00,NA,NA,NA
2025-08-21 05:00:00,NA,6.47,15.01,28.23,27.22,NA,NA,0.90,53.34,NA,NA,NA,NA,NA,NA,NA,NA,NA,NA,NA,0.00,NA,NA,NA
2025-08-21 06:00:00,NA,14.90,13.94,28.33,26.40,NA,NA,0.96,59.42,NA,NA,NA,NA,NA,NA,NA,NA,NA,NA,NA,0.00,NA,NA,NA
2025-08-21 07:00:00,NA,12.03,10.30,28.38,23.47,NA,NA,0.97,60.54,NA,NA,NA,NA,NA,NA,NA,NA,NA,NA,NA,0.00,NA,NA,NA
2025-08-21 08:00:00,NA,28.16,9.48,28.59,22.92,NA,NA,1.00,63.08,NA,NA,NA,NA,NA,NA,NA,NA,NA,NA,NA,0.00,NA,NA,NA
2025-08-21 09:00:00,NA,10.83,7.06,29.48,21.43,NA,NA,0.98,70.47,NA,NA,NA,NA,NA,NA,NA,NA,NA,NA,NA,0.00,NA,NA,NA
2025-08-21 10:00:00,0.44,11.34,10.48,30.05,24.54,NA,NA,0.96,79.54,NA,NA,NA,NA,NA,NA,NA,NA,NA,NA,NA,0.00,NA,NA,NA
2025-08-21 11:00:00,8.66,62.62,4.72,4.84,6.41,NA,NA,0.87,82.06,NA,NA,NA,NA,NA,NA,NA,NA,NA,NA,NA,0.00,NA,NA,NA
2025-08-21 12:00:00,17.02,69.67,13.95,4.20,13.58,NA,NA,0.79,NA,NA,NA,NA,NA,NA,NA,NA,NA,NA,NA,NA,0.00,NA,NA,NA
2025-08-21 13:00:00,16.26,39.71,11.84,4.58,12.07,NA,NA,0.82,NA,NA,NA,NA,NA,NA,NA,NA,NA,NA,NA,NA,0.00,NA,NA,NA
2025-08-21 14:00:00,10.15,70.66,5.58,2.12,5.67,NA,NA,0.90,NA,NA,NA,NA,NA,NA,NA,NA,NA,NA,NA,NA,0.00,NA,NA,NA
2025-08-21 15:00:00,20.60,47.53,8.76,3.00,8.73,NA,NA,0.97,NA,NA,NA,NA,NA,NA,NA,NA,NA,NA,NA,NA,0.00,NA,NA,NA
2025-08-21 16:00:00,31.19,64.69,15.36,7.58,16.52,NA,NA,0.90,NA,NA,NA,NA,NA,NA,NA,NA,NA,NA,NA,NA,0.00,NA,NA,NA
2025-08-21 17:00:00,24.82,48.20,9.16,8.48,11.96,NA,NA,0.86,NA,NA,NA,NA,NA,NA,NA,NA,NA,NA,NA,NA,0.00,NA,NA,NA
2025-08-21 18:00:00,26.03,45.67,9.88,7.26,11.89,NA,NA,0.82,NA,NA,NA,NA,NA,NA,NA,NA,NA,NA,NA,NA,0.00,NA,NA,NA
2025-08-21 19:00:00,1.25,12.26,3.35,10.17,7.00,NA,NA,0.94,96.08,NA,NA,NA,NA,NA,NA,NA,NA,NA,NA,NA,0.00,NA,NA,NA
2025-08-21 20:00:00,3.60,10.23,0.85,8.41,3.44,NA,NA,1.05,79.73,NA,NA,NA,NA,NA,NA,NA,NA,NA,NA,NA,0.00,NA,NA,NA
2025-08-21 21:00:00,14.78,16.83,0.33,6.67,3.58,NA,NA,1.13,71.74,NA,NA,NA,NA,NA,NA,NA,NA,NA,NA,NA,0.00,NA,NA,NA
2025-08-21 22:00:00,18.08,31.51,2.01,5.88,4.76,NA,NA,1.19,72.14,NA,NA,NA,NA,NA,NA,NA,NA,NA,NA,NA,0.00,NA,NA,NA
2025-08-21 23:00:00,20.82,46.06,4.44,5.34,6.46,NA,NA,1.23,79.55,NA,NA,NA,NA,NA,NA,NA,NA,NA,NA,NA,0.00,NA,NA,NA
2025-08-22 00:00:00,28.36,42.58,0.90,5.57,2.82,NA,NA,1.37,82.57,NA,NA,NA,NA,NA,NA,NA,NA,NA,NA,NA,0.00,NA,NA,NA
2025-08-22 01:00:00,22.30,57.10,5.97,4.97,7.50,NA,NA,1.56,78.10,NA,NA,NA,NA,NA,NA,NA,NA,NA,NA,NA,0.00,NA,NA,NA
2025-08-22 02:00:00,22.73,65.80,15.03,3.64,14.16,NA,NA,1.57,72.42,NA,NA,NA,NA,NA,NA,NA,NA,NA,NA,NA,0.00,NA,NA,NA
2025-08-22 03:00:00,31.24,55.61,13.58,3.86,13.10,NA,NA,1.53,69.54,NA,NA,NA,NA,NA,NA,NA,NA,NA,NA,NA,0.00,NA,NA,NA
2025-08-22 04:00:00,33.33,85.02,24.52,2.20,21.11,NA,NA,1.58,80.11,NA,NA,NA,NA,NA,NA,NA,NA,NA,NA,NA,0.00,NA,NA,NA
2025-08-22 05:00:00,25.45,74.52,26.53,1.88,22.27,NA,NA,1.62,84.74,NA,NA,NA,NA,NA,NA,NA,NA,NA,NA,NA,0.00,NA,NA,NA
2025-08-22 06:00:00,15.26,52.04,13.20,3.89,12.79,NA,NA,1.59,84.28,NA,NA,NA,NA,NA,NA,NA,NA,NA,NA,NA,0.00,NA,NA,NA
2025-08-22 07:00:00,16.17,56.27,15.68,4.44,15.11,NA,NA,1.56,84.24,NA,NA,NA,NA,NA,NA,NA,NA,NA,NA,NA,0.00,NA,NA,NA
2025-08-22 08:00:00,27.76,59.39,14.17,5.81,14.61,NA,NA,1.54,86.38,NA,NA,NA,NA,NA,NA,NA,NA,NA,NA,NA,0.00,NA,NA,NA
2025-08-22 09:00:00,43.80,123.79,12.02,7.51,13.76,NA,NA,1.62,101.90,NA,NA,NA,NA,NA,NA,NA,NA,NA,NA,NA,0.00,NA,NA,NA
2025-08-22 10:00:00,48.69,147.71,3.80,15.48,11.31,NA,NA,1.64,111.14,NA,NA,NA,NA,NA,NA,NA,NA,NA,NA,NA,0.00,NA,NA,NA
2025-08-22 11:00:00,39.85,98.59,4.17,14.04,10.86,NA,NA,1.40,86.70,NA,NA,NA,NA,NA,NA,NA,NA,NA,NA,NA,0.00,NA,NA,NA
2025-08-22 12:00:00,44.11,125.86,6.85,10.38,11.09,NA,NA,1.36,87.94,NA,NA,NA,NA,NA,NA,NA,NA,NA,NA,NA,0.00,NA,NA,NA
2025-08-22 13:00:00,42.41,79.70,18.38,13.37,7.14,NA,NA,1.26,88.67,NA,NA,NA,NA,NA,NA,NA,NA,NA,NA,NA,0.00,NA,NA,NA
2025-08-22 14:00:00,22.58,57.94,1.02,8.96,5.23,NA,NA,1.16,83.64,NA,NA,NA,NA,NA,NA,NA,NA,NA,NA,NA,0.00,NA,NA,NA
2025-08-22 15:00:00,2.20,11.21,2.33,8.43,4.48,NA,NA,1.17,86.49,NA,NA,NA,NA,NA,NA,NA,NA,NA,NA,NA,0.00,NA,NA,NA
2025-08-22 16:00:00,3.15,15.68,2.45,8.28,6.39,NA,NA,1.25,86.97,NA,NA,NA,NA,NA,NA,NA,NA,NA,NA,NA,0.00,NA,NA,NA
2025-08-22 17:00:00,10.34,25.64,5.07,6.91,7.80,NA,NA,1.21,89.14,NA,NA,NA,NA,NA,NA,NA,NA,NA,NA,NA,0.00,NA,NA,NA
2025-08-22 18:00:00,21.24,32.46,11.54,4.79,11.93,NA,NA,1.23,82.30,NA,NA,NA,NA,NA,NA,NA,NA,NA,NA,NA,0.00,NA,NA,NA
2025-08-22 19:00:00,15.93,33.98,13.01,4.19,12.80,NA,NA,1.23,80.61,NA,NA,NA,NA,NA,NA,NA,NA,NA,NA,NA,0.00,NA,NA,NA
2025-08-22 20:00:00,14.06,30.76,9.97,4.22,10.35,NA,NA,1.32,79.93,NA,NA,NA,NA,NA,NA,NA,NA,NA,NA,NA,0.00,NA,NA,NA
2025-08-22 21:00:00,10.62,36.75,7.05,5.36,8.58,NA,NA,1.39,71.43,NA,NA,NA,NA,NA,NA,NA,NA,NA,NA,NA,0.00,NA,NA,NA
2025-08-22 22:00:00,24.00,62.16,13.04,5.04,13.28,NA,NA,1.44,70.16,NA,NA,NA,NA,NA,NA,NA,NA,NA,NA,NA,0.00,NA,NA,NA
2025-08-22 23:00:00,31.58,86.18,11.71,5.58,12.49,NA,NA,1.50,72.21,NA,NA,NA,NA,NA,NA,NA,NA,NA,NA,NA,0.00,NA,NA,NA
2025-08-23 00:00:00,25.16,74.86,9.18,5.02,10.14,NA,NA,1.46,78.22,NA,NA,NA,NA,NA,NA,NA,NA,NA,NA,NA,0.00,NA,NA,NA
2025-08-23 01:00:00,18.96,52.30,5.06,5.48,7.02,NA,NA,1.46,79.68,NA,NA,NA,NA,NA,NA,NA,NA,NA,NA,NA,0.00,NA,NA,NA
2025-08-23 02:00:00,23.06,35.34,7.27,5.72,8.95,NA,NA,1.45,72.59,NA,NA,NA,NA,NA,NA,NA,NA,NA,NA,NA,0.00,NA,NA,NA
2025-08-23 03:00:00,17.95,38.97,8.59,5.45,9.88,NA,NA,1.38,70.26,NA,NA,NA,NA,NA,NA,NA,NA,NA,NA,NA,0.00,NA,NA,NA
2025-08-23 04:00:00,12.22,43.92,9.58,5.32,10.62,NA,NA,1.35,72.62,NA,NA,NA,NA,NA,NA,NA,NA,NA,NA,NA,0.00,NA,NA,NA
2025-08-23 05:00:00,13.08,63.92,10.20,4.68,10.78,NA,NA,1.32,82.56,NA,NA,NA,NA,NA,NA,NA,NA,NA,NA,NA,0.00,NA,NA,NA
2025-08-23 06:00:00,12.96,32.67,5.60,4.92,7.18,NA,NA,1.36,79.63,NA,NA,NA,NA,NA,NA,NA,NA,NA,NA,NA,0.00,NA,NA,NA
2025-08-23 07:00:00,18.73,30.22,8.37,4.56,9.23,NA,NA,1.40,78.66,NA,NA,NA,NA,NA,NA,NA,NA,NA,NA,NA,0.00,NA,NA,NA
2025-08-23 08:00:00,23.44,43.27,9.64,4.72,10.36,NA,NA,1.37,83.38,NA,NA,NA,NA,NA,NA,NA,NA,NA,NA,NA,0.00,NA,NA,NA
2025-08-23 09:00:00,22.88,46.71,11.13,5.75,12.10,NA,NA,1.27,80.06,NA,NA,NA,NA,NA,NA,NA,NA,NA,NA,NA,0.00,NA,NA,NA
2025-08-23 10:00:00,27.94,60.64,3.88,10.12,8.53,NA,NA,1.14,79.96,NA,NA,NA,NA,NA,NA,NA,NA,NA,NA,NA,0.00,NA,NA,NA
2025-08-23 11:00:00,15.64,103.68,8.37,8.53,11.34,NA,NA,1.39,86.20,NA,NA,NA,NA,NA,NA,NA,NA,NA,NA,NA,0.00,NA,NA,NA
2025-08-23 12:00:00,33.66,101.57,8.44,6.86,10.51,NA,NA,1.04,NA,NA,NA,NA,NA,NA,NA,NA,NA,NA,NA,NA,0.00,NA,NA,NA
2025-08-23 13:00:00,34.50,89.12,9.59,6.30,11.15,NA,NA,0.94,NA,NA,NA,NA,NA,NA,NA,NA,NA,NA,NA,NA,0.00,NA,NA,NA
2025-08-23 14:00:00,27.04,58.50,14.75,6.54,15.48,NA,NA,0.41,NA,NA,NA,NA,NA,NA,NA,NA,NA,NA,NA,NA,0.00,NA,NA,NA
2025-08-23 15:00:00,43.13,89.84,15.50,7.98,16.85,NA,NA,0.15,NA,NA,NA,NA,NA,NA,NA,NA,NA,NA,NA,NA,0.00,NA,NA,NA
2025-08-23 16:00:00,28.76,34.44,11.79,7.64,13.64,NA,NA,0.48,NA,NA,NA,NA,NA,NA,NA,NA,NA,NA,NA,NA,0.00,NA,NA,NA
2025-08-23 17:00:00,12.80,27.01,10.00,7.94,12.35,NA,NA,0.33,24.41,NA,NA,NA,NA,NA,NA,NA,NA,NA,NA,NA,0.00,NA,NA,NA
2025-08-23 18:00:00,18.30,22.51,5.42,7.35,8.32,NA,NA,0.31,38.76,NA,NA,NA,NA,NA,NA,NA,NA,NA,NA,NA,0.00,NA,NA,NA
2025-08-23 19:00:00,2.37,NA,7.09,6.82,7.80,NA,NA,0.41,35.20,NA,NA,NA,NA,NA,NA,NA,NA,NA,NA,NA,0.00,NA,NA,NA
2025-08-23 20:00:00,NA,2.56,1.21,9.44,5.44,NA,NA,0.50,34.68,NA,NA,NA,NA,NA,NA,NA,NA,NA,NA,NA,0.00,NA,NA,NA
2025-08-23 21:00:00,0.58,11.13,9.20,9.67,12.63,NA,NA,0.64,32.85,NA,NA,NA,NA,NA,NA,NA,NA,NA,NA,NA,0.00,NA,NA,NA
2025-08-23 22:00:00,11.13,19.58,5.62,10.01,9.89,NA,NA,0.73,32.46,NA,NA,NA,NA,NA,NA,NA,NA,NA,NA,NA,0.00,NA,NA,NA
2025-08-23 23:00:00,15.86,19.88,2.90,8.64,6.24,NA,NA,0.77,34.97,NA,NA,NA,NA,NA,NA,NA,NA,NA,NA,NA,0.00,NA,NA,NA
2025-08-24 00:00:00,NA,NA,NA,8.97,2.52,NA,NA,0.82,36.00,NA,NA,NA,NA,NA,NA,NA,NA,NA,NA,NA,0.00,NA,NA,NA
2025-08-24 01:00:00,2.04,22.96,NA,9.31,2.76,NA,NA,0.84,35.32,NA,NA,NA,NA,NA,NA,NA,NA,NA,NA,NA,0.00,NA,NA,NA
2025-08-24 02:00:00,28.77,42.46,4.42,8.68,8.21,NA,NA,0.79,33.70,NA,NA,NA,NA,NA,NA,NA,NA,NA,NA,NA,0.00,NA,NA,NA
2025-08-24 03:00:00,15.69,37.75,6.60,9.12,10.21,NA,NA,0.72,31.94,NA,NA,NA,NA,NA,NA,NA,NA,NA,NA,NA,0.00,NA,NA,NA
2025-08-24 04:00:00,19.04,48.94,1.88,8.56,5.16,NA,NA,0.67,36.14,NA,NA,NA,NA,NA,NA,NA,NA,NA,NA,NA,0.00,NA,NA,NA
2025-08-24 05:00:00,13.80,39.84,NA,7.87,2.80,NA,NA,0.70,34.63,NA,NA,NA,NA,NA,NA,NA,NA,NA,NA,NA,0.00,NA,NA,NA
2025-08-24 06:00:00,12.88,42.90,2.70,7.18,5.16,NA,NA,0.69,37.92,NA,NA,NA,NA,NA,NA,NA,NA,NA,NA,NA,0.00,NA,NA,NA
2025-08-24 07:00:00,16.97,29.34,5.27,6.54,7.76,NA,NA,0.66,35.12,NA,NA,NA,NA,NA,NA,NA,NA,NA,NA,NA,0.00,NA,NA,NA
2025-08-24 08:00:00,19.18,29.06,6.14,6.74,8.57,NA,NA,0.62,32.60,NA,NA,NA,NA,NA,NA,NA,NA,NA,NA,NA,0.00,NA,NA,NA
2025-08-24 09:00:00,18.36,43.10,13.64,7.46,15.06,NA,NA,0.50,31.10,NA,NA,NA,NA,NA,NA,NA,NA,NA,NA,NA,0.00,NA,NA,NA
2025-08-24 10:00:00,21.98,78.32,17.20,10.01,19.30,NA,NA,0.35,24.48,NA,NA,NA,NA,NA,NA,NA,NA,NA,NA,NA,0.00,NA,NA,NA
2025-08-24 11:00:00,NA,NA,NA,NA,NA,NA,NA,NA,NA,NA,NA,NA,NA,NA,NA,NA,NA,NA,NA,NA,0.00,NA,NA,NA
2025-08-24 12:00:00,NA,NA,NA,NA,NA,NA,NA,NA,NA,NA,NA,NA,NA,NA,NA,NA,NA,NA,NA,NA,0.00,NA,NA,NA
2025-08-24 13:00:00,NA,NA,NA,NA,NA,NA,NA,NA,NA,NA,NA,NA,NA,NA,NA,NA,NA,NA,NA,NA,0.00,NA,NA,NA
2025-08-24 14:00:00,15.46,86.94,86.26,NA,65.27,NA,NA,0.86,25.68,NA,NA,NA,NA,NA,NA,NA,NA,NA,NA,NA,0.00,NA,NA,NA
2025-08-24 15:00:00,NA,NA,13.55,7.45,11.43,NA,NA,0.40,36.74,NA,NA,NA,NA,NA,NA,NA,NA,NA,NA,NA,0.00,NA,NA,NA
2025-08-24 16:00:00,NA,NA,NA,NA,NA,NA,NA,NA,NA,NA,NA,NA,NA,NA,NA,NA,NA,NA,NA,NA,0.00,NA,NA,NA
2025-08-24 17:00:00,NA,NA,344.66,NA,259.15,NA,NA,0.66,55.40,NA,NA,NA,NA,NA,NA,NA,NA,NA,NA,NA,0.00,NA,NA,NA
2025-08-24 18:00:00,NA,NA,12.14,5.08,12.55,NA,NA,0.43,34.58,NA,NA,NA,NA,NA,NA,NA,NA,NA,NA,NA,0.00,NA,NA,NA
2025-08-24 19:00:00,NA,NA,1.45,7.01,3.58,NA,NA,0.44,32.63,NA,NA,NA,NA,NA,NA,NA,NA,NA,NA,NA,0.00,NA,NA,NA
2025-08-24 20:00:00,NA,NA,1.82,7.23,4.81,NA,NA,0.48,32.54,NA,NA,NA,NA,NA,NA,NA,NA,NA,NA,NA,0.00,NA,NA,NA
2025-08-24 21:00:00,NA,NA,NA,7.88,1.98,NA,NA,0.57,33.87,NA,NA,NA,NA,NA,NA,NA,NA,NA,NA,NA,0.00,NA,NA,NA
2025-08-24 22:00:00,NA,NA,NA,7.85,NA,NA,NA,0.58,35.06,NA,NA,NA,NA,NA,NA,NA,NA,NA,NA,NA,0.00,NA,NA,NA
2025-08-24 23:00:00,NA,NA,NA,7.36,1.43,NA,NA,0.60,36.57,NA,NA,NA,NA,NA,NA,NA,NA,NA,NA,NA,0.00,NA,NA,NA
2025-08-25 00:00:00,NA,7.02,NA,7.10,2.37,NA,NA,0.58,34.57,NA,NA,NA,NA,NA,NA,NA,NA,NA,NA,NA,0.00,NA,NA,NA
2025-08-25 01:00:00,0.35,13.64,NA,7.37,2.83,NA,NA,0.61,34.23,NA,NA,NA,NA,NA,NA,NA,NA,NA,NA,NA,0.00,NA,NA,NA
2025-08-25 02:00:00,2.30,27.90,NA,7.32,0.63,NA,NA,0.62,35.80,NA,NA,NA,NA,NA,NA,NA,NA,NA,NA,NA,0.00,NA,NA,NA
2025-08-25 03:00:00,1.75,22.54,NA,7.14,NA,NA,NA,0.63,36.07,NA,NA,NA,NA,NA,NA,NA,NA,NA,NA,NA,0.00,NA,NA,NA
2025-08-25 04:00:00,NA,5.73,NA,7.17,1.02,NA,NA,0.62,34.57,NA,NA,NA,NA,NA,NA,NA,NA,NA,NA,NA,0.00,NA,NA,NA
2025-08-25 05:00:00,0.33,2.67,NA,7.02,2.43,NA,NA,0.60,33.99,NA,NA,NA,NA,NA,NA,NA,NA,NA,NA,NA,0.00,NA,NA,NA
2025-08-25 06:00:00,13.85,39.38,2.30,8.01,4.67,NA,NA,0.55,30.66,NA,NA,NA,NA,NA,NA,NA,NA,NA,NA,NA,0.00,NA,NA,NA
2025-08-25 07:00:00,8.98,50.15,2.61,7.79,5.10,NA,NA,0.51,32.11,NA,NA,NA,NA,NA,NA,NA,NA,NA,NA,NA,0.00,NA,NA,NA
2025-08-25 08:00:00,2.75,5.30,0.07,7.60,3.16,NA,NA,0.53,33.26,NA,NA,NA,NA,NA,NA,NA,NA,NA,NA,NA,0.00,NA,NA,NA
2025-08-25 09:00:00,7.93,24.51,NA,7.62,1.56,NA,NA,0.52,35.49,NA,NA,NA,NA,NA,NA,NA,NA,NA,NA,NA,0.00,NA,NA,NA
2025-08-25 10:00:00,12.82,22.00,2.02,5.50,3.41,NA,NA,0.54,31.81,NA,NA,NA,NA,NA,NA,NA,NA,NA,NA,NA,0.00,NA,NA,NA
2025-08-25 11:00:00,9.96,32.13,2.80,3.17,3.97,NA,NA,0.53,NA,NA,NA,NA,NA,NA,NA,NA,NA,NA,NA,NA,0.00,NA,NA,NA
2025-08-25 12:00:00,17.92,32.80,3.56,4.26,5.16,NA,NA,0.52,NA,NA,NA,NA,NA,NA,NA,NA,NA,NA,NA,NA,0.00,NA,NA,NA
2025-08-25 13:00:00,23.44,39.51,8.16,2.39,7.91,NA,NA,0.48,NA,NA,NA,NA,NA,NA,NA,NA,NA,NA,NA,NA,0.00,NA,NA,NA
2025-08-25 14:00:00,26.34,60.27,9.68,1.54,8.68,NA,NA,0.50,NA,NA,NA,NA,NA,NA,NA,NA,NA,NA,NA,NA,0.00,NA,NA,NA
2025-08-25 15:00:00,27.14,38.06,8.90,8.11,11.55,NA,NA,0.54,16.49,NA,NA,NA,NA,NA,NA,NA,NA,NA,NA,NA,0.00,NA,NA,NA
2025-08-25 16:00:00,16.26,40.00,10.76,8.70,13.38,NA,NA,0.46,19.41,NA,NA,NA,NA,NA,NA,NA,NA,NA,NA,NA,0.00,NA,NA,NA
2025-08-25 17:00:00,NA,NA,8.88,8.74,11.86,NA,NA,0.49,21.01,NA,NA,NA,NA,NA,NA,NA,NA,NA,NA,NA,0.00,NA,NA,NA
2025-08-25 18:00:00,NA,NA,4.26,8.76,8.13,NA,NA,0.51,19.63,NA,NA,NA,NA,NA,NA,NA,NA,NA,NA,NA,0.00,NA,NA,NA
2025-08-25 19:00:00,NA,NA,4.68,8.06,8.10,NA,NA,0.52,19.00,NA,NA,NA,NA,NA,NA,NA,NA,NA,NA,NA,0.00,NA,NA,NA
2025-08-25 20:00:00,NA,NA,6.51,7.48,9.27,NA,NA,0.53,18.44,NA,NA,NA,NA,NA,NA,NA,NA,NA,NA,NA,0.00,NA,NA,NA
2025-08-25 21:00:00,NA,1.92,6.91,7.62,9.66,NA,NA,0.56,18.26,NA,NA,NA,NA,NA,NA,NA,NA,NA,NA,NA,0.00,NA,NA,NA
2025-08-25 22:00:00,0.26,22.86,3.30,8.12,6.99,NA,NA,0.57,19.03,NA,NA,NA,NA,NA,NA,NA,NA,NA,NA,NA,0.00,NA,NA,NA
2025-08-25 23:00:00,2.67,14.66,1.08,8.34,5.32,NA,NA,0.58,19.28,NA,NA,NA,NA,NA,NA,NA,NA,NA,NA,NA,0.00,NA,NA,NA
2025-08-26 00:00:00,1.19,11.86,1.78,8.33,5.88,NA,NA,0.59,19.00,NA,NA,NA,NA,NA,NA,NA,NA,NA,NA,NA,0.00,NA,NA,NA
2025-08-26 01:00:00,3.58,12.82,1.93,7.72,5.68,NA,NA,0.55,19.03,NA,NA,NA,NA,NA,NA,NA,NA,NA,NA,NA,0.00,NA,NA,NA
2025-08-26 02:00:00,9.12,23.36,1.83,7.46,5.46,NA,NA,0.52,19.24,NA,NA,NA,NA,NA,NA,NA,NA,NA,NA,NA,0.00,NA,NA,NA
2025-08-26 03:00:00,6.71,28.67,0.30,7.51,3.79,NA,NA,0.53,19.13,NA,NA,NA,NA,NA,NA,NA,NA,NA,NA,NA,0.00,NA,NA,NA
2025-08-26 04:00:00,4.61,29.64,1.88,7.68,4.07,NA,NA,0.55,18.99,NA,NA,NA,NA,NA,NA,NA,NA,NA,NA,NA,0.00,NA,NA,NA
2025-08-26 05:00:00,12.74,NA,1.59,7.79,5.43,NA,NA,0.52,18.74,NA,NA,NA,NA,NA,NA,NA,NA,NA,NA,NA,0.00,NA,NA,NA
2025-08-26 06:00:00,9.41,47.43,NA,7.61,3.66,NA,NA,0.54,18.71,NA,NA,NA,NA,NA,NA,NA,NA,NA,NA,NA,0.00,NA,NA,NA
2025-08-26 07:00:00,6.66,43.09,8.01,7.52,5.14,NA,NA,0.55,18.88,NA,NA,NA,NA,NA,NA,NA,NA,NA,NA,NA,0.00,NA,NA,NA
2025-08-26 08:00:00,16.14,32.13,11.09,6.39,12.41,NA,NA,0.55,18.87,NA,NA,NA,NA,NA,NA,NA,NA,NA,NA,NA,0.00,NA,NA,NA
2025-08-26 09:00:00,21.72,36.03,14.39,6.14,14.97,NA,NA,0.52,18.45,NA,NA,NA,NA,NA,NA,NA,NA,NA,NA,NA,0.00,NA,NA,NA
2025-08-26 10:00:00,NA,NA,15.50,6.26,15.93,NA,NA,0.50,18.46,NA,NA,NA,NA,NA,NA,NA,NA,NA,NA,NA,0.00,NA,NA,NA
2025-08-26 11:00:00,15.37,59.32,11.80,7.00,13.32,NA,NA,0.50,18.31,NA,NA,NA,NA,NA,NA,NA,NA,NA,NA,NA,0.00,NA,NA,NA
2025-08-26 12:00:00,19.03,45.66,10.49,6.75,12.12,NA,NA,0.50,19.87,NA,NA,NA,NA,NA,NA,NA,NA,NA,NA,NA,0.00,NA,NA,NA
2025-08-26 13:00:00,10.59,25.13,11.22,6.41,12.54,NA,NA,0.50,20.10,NA,NA,NA,NA,NA,NA,NA,NA,NA,NA,NA,0.00,NA,NA,NA
2025-08-26 14:00:00,16.21,30.38,11.66,6.42,12.89,NA,NA,0.50,20.28,NA,NA,NA,NA,NA,NA,NA,NA,NA,NA,NA,0.00,NA,NA,NA
2025-08-26 15:00:00,18.11,25.20,11.94,7.06,13.47,NA,NA,0.50,18.90,NA,NA,NA,NA,NA,NA,NA,NA,NA,NA,NA,0.00,NA,NA,NA
2025-08-26 16:00:00,1.36,15.35,9.93,6.39,11.47,NA,NA,0.48,19.23,NA,NA,NA,NA,NA,NA,NA,NA,NA,NA,NA,0.00,NA,NA,NA
2025-08-26 17:00:00,1.16,25.47,9.46,6.48,11.14,NA,NA,0.52,18.88,NA,NA,NA,NA,NA,NA,NA,NA,NA,NA,NA,0.00,NA,NA,NA
2025-08-26 18:00:00,2.60,25.36,8.93,6.30,10.62,NA,NA,0.51,18.43,NA,NA,NA,NA,NA,NA,NA,NA,NA,NA,NA,0.00,NA,NA,NA
2025-08-26 19:00:00,7.71,19.00,9.52,5.68,10.76,NA,NA,0.52,17.80,NA,NA,NA,NA,NA,NA,NA,NA,NA,NA,NA,0.00,NA,NA,NA
2025-08-26 20:00:00,5.44,31.19,8.74,5.97,10.28,NA,NA,0.59,18.42,NA,NA,NA,NA,NA,NA,NA,NA,NA,NA,NA,0.00,NA,NA,NA
2025-08-26 21:00:00,10.86,18.29,10.05,6.04,11.38,NA,NA,0.62,18.03,NA,NA,NA,NA,NA,NA,NA,NA,NA,NA,NA,0.00,NA,NA,NA
2025-08-26 22:00:00,17.32,33.52,15.70,6.26,16.10,NA,NA,0.66,17.96,NA,NA,NA,NA,NA,NA,NA,NA,NA,NA,NA,0.00,NA,NA,NA
2025-08-26 23:00:00,36.53,75.31,17.32,6.39,17.48,NA,NA,0.79,18.06,NA,NA,NA,NA,NA,NA,NA,NA,NA,NA,NA,0.00,NA,NA,NA
2025-08-27 00:00:00,29.28,73.93,15.30,6.98,16.15,NA,NA,0.75,17.98,NA,NA,NA,NA,NA,NA,NA,NA,NA,NA,NA,0.00,NA,NA,NA
2025-08-27 01:00:00,23.45,52.27,14.09,6.83,15.08,NA,NA,0.78,18.37,NA,NA,NA,NA,NA,NA,NA,NA,NA,NA,NA,0.00,NA,NA,NA
2025-08-27 02:00:00,19.52,34.72,13.40,5.96,14.07,NA,NA,0.74,17.90,NA,NA,NA,NA,NA,NA,NA,NA,NA,NA,NA,0.00,NA,NA,NA
2025-08-27 03:00:00,19.49,48.09,17.99,5.59,17.60,NA,NA,0.74,17.79,NA,NA,NA,NA,NA,NA,NA,NA,NA,NA,NA,0.00,NA,NA,NA
2025-08-27 04:00:00,21.11,43.32,19.09,5.80,18.60,NA,NA,0.71,18.41,NA,NA,NA,NA,NA,NA,NA,NA,NA,NA,NA,0.00,NA,NA,NA
2025-08-27 05:00:00,15.02,30.57,17.42,5.67,17.18,NA,NA,0.67,18.17,NA,NA,NA,NA,NA,NA,NA,NA,NA,NA,NA,0.00,NA,NA,NA
2025-08-27 06:00:00,10.52,39.08,13.38,6.04,14.09,NA,NA,0.67,18.48,NA,NA,NA,NA,NA,NA,NA,NA,NA,NA,NA,0.00,NA,NA,NA
2025-08-27 07:00:00,3.99,49.04,12.50,5.77,13.23,NA,NA,0.67,18.22,NA,NA,NA,NA,NA,NA,NA,NA,NA,NA,NA,0.00,NA,NA,NA
2025-08-27 08:00:00,9.60,32.66,15.34,5.59,15.45,NA,NA,0.70,18.08,NA,NA,NA,NA,NA,NA,NA,NA,NA,NA,NA,0.00,NA,NA,NA
2025-08-27 09:00:00,13.35,54.92,17.57,5.42,17.17,NA,NA,0.66,18.19,NA,NA,NA,NA,NA,NA,NA,NA,NA,NA,NA,0.00,NA,NA,NA
2025-08-27 10:00:00,18.30,36.97,17.05,5.92,17.01,NA,NA,0.60,18.92,NA,NA,NA,NA,NA,NA,NA,NA,NA,NA,NA,0.00,NA,NA,NA
2025-08-27 11:00:00,0.73,26.81,18.13,5.90,17.88,NA,NA,0.58,18.61,NA,NA,NA,NA,NA,NA,NA,NA,NA,NA,NA,0.00,NA,NA,NA
2025-08-27 12:00:00,NA,15.47,12.72,5.94,13.50,NA,NA,0.58,19.13,NA,NA,NA,NA,NA,NA,NA,NA,NA,NA,NA,0.00,NA,NA,NA
2025-08-27 13:00:00,5.02,NA,12.35,5.98,13.22,NA,NA,0.58,18.76,NA,NA,NA,NA,NA,NA,NA,NA,NA,NA,NA,0.00,NA,NA,NA
2025-08-27 14:00:00,NA,NA,10.89,5.87,11.98,NA,NA,0.57,18.54,NA,NA,NA,NA,NA,NA,NA,NA,NA,NA,NA,0.00,NA,NA,NA
2025-08-27 15:00:00,6.64,6.94,11.17,6.02,12.29,NA,NA,0.63,18.75,NA,NA,NA,NA,NA,NA,NA,NA,NA,NA,NA,0.00,NA,NA,NA
2025-08-27 16:00:00,4.56,12.88,11.92,6.24,13.01,NA,NA,0.62,18.56,NA,NA,NA,NA,NA,NA,NA,NA,NA,NA,NA,0.00,NA,NA,NA
2025-08-27 17:00:00,13.15,29.96,11.90,5.81,12.77,NA,NA,0.62,18.78,NA,NA,NA,NA,NA,NA,NA,NA,NA,NA,NA,0.00,NA,NA,NA
2025-08-27 18:00:00,20.23,38.43,15.63,5.29,15.52,NA,NA,0.61,18.18,NA,NA,NA,NA,NA,NA,NA,NA,NA,NA,NA,0.00,NA,NA,NA
2025-08-27 19:00:00,27.69,53.26,18.69,4.74,17.71,NA,NA,0.60,17.40,NA,NA,NA,NA,NA,NA,NA,NA,NA,NA,NA,0.00,NA,NA,NA
2025-08-27 20:00:00,25.67,46.30,17.34,4.68,16.59,NA,NA,0.66,17.99,NA,NA,NA,NA,NA,NA,NA,NA,NA,NA,NA,0.00,NA,NA,NA
2025-08-27 21:00:00,29.58,40.68,19.13,4.22,17.79,NA,NA,0.69,17.86,NA,NA,NA,NA,NA,NA,NA,NA,NA,NA,NA,0.00,NA,NA,NA
2025-08-27 22:00:00,26.47,58.30,17.01,4.75,16.36,NA,NA,0.76,18.16,NA,NA,NA,NA,NA,NA,NA,NA,NA,NA,NA,0.00,NA,NA,NA
2025-08-27 23:00:00,21.67,39.89,15.92,5.22,15.72,NA,NA,0.79,17.81,NA,NA,NA,NA,NA,NA,NA,NA,NA,NA,NA,0.00,NA,NA,NA
2025-08-28 00:00:00,8.68,36.51,20.96,4.56,19.48,NA,NA,0.80,18.14,NA,NA,NA,NA,NA,NA,NA,NA,NA,NA,NA,0.00,NA,NA,NA
2025-08-28 01:00:00,26.62,56.60,23.40,4.93,21.65,NA,NA,0.90,18.27,NA,NA,NA,NA,NA,NA,NA,NA,NA,NA,NA,0.00,NA,NA,NA
2025-08-28 02:00:00,35.47,51.04,24.48,4.70,22.40,NA,NA,1.00,18.14,NA,NA,NA,NA,NA,NA,NA,NA,NA,NA,NA,0.00,NA,NA,NA
2025-08-28 03:00:00,40.48,53.50,22.73,4.16,20.69,NA,NA,1.03,18.30,NA,NA,NA,NA,NA,NA,NA,NA,NA,NA,NA,0.00,NA,NA,NA
2025-08-28 04:00:00,27.08,39.81,21.13,5.08,19.88,NA,NA,1.01,18.06,NA,NA,NA,NA,NA,NA,NA,NA,NA,NA,NA,0.00,NA,NA,NA
2025-08-28 05:00:00,32.00,71.97,20.94,5.58,19.99,NA,NA,1.00,18.22,NA,NA,NA,NA,NA,NA,NA,NA,NA,NA,NA,0.00,NA,NA,NA
2025-08-28 06:00:00,30.33,81.79,21.71,5.41,20.53,NA,NA,1.00,18.06,NA,NA,NA,NA,NA,NA,NA,NA,NA,NA,NA,0.00,NA,NA,NA
2025-08-28 07:00:00,42.41,96.11,22.48,5.76,21.34,NA,NA,0.98,18.16,NA,NA,NA,NA,NA,NA,NA,NA,NA,NA,NA,0.00,NA,NA,NA
2025-08-28 08:00:00,48.29,69.80,19.15,6.17,18.85,NA,NA,0.93,18.47,NA,NA,NA,NA,NA,NA,NA,NA,NA,NA,NA,0.00,NA,NA,NA
2025-08-28 09:00:00,41.96,66.78,18.57,6.60,18.61,NA,NA,0.96,18.79,NA,NA,NA,NA,NA,NA,NA,NA,NA,NA,NA,0.00,NA,NA,NA
2025-08-28 10:00:00,61.54,108.24,19.73,7.90,20.24,NA,NA,0.91,20.37,NA,NA,NA,NA,NA,NA,NA,NA,NA,NA,NA,0.00,NA,NA,NA
2025-08-28 11:00:00,53.67,94.70,18.42,8.03,19.25,NA,NA,0.84,20.32,NA,NA,NA,NA,NA,NA,NA,NA,NA,NA,NA,0.00,NA,NA,NA
2025-08-28 12:00:00,58.82,101.46,17.70,7.06,18.14,NA,NA,0.80,18.97,NA,NA,NA,NA,NA,NA,NA,NA,NA,NA,NA,0.00,NA,NA,NA
2025-08-28 13:00:00,31.59,51.34,18.27,6.12,18.11,NA,NA,0.78,18.85,NA,NA,NA,NA,NA,NA,NA,NA,NA,NA,NA,0.00,NA,NA,NA
2025-08-28 14:00:00,28.94,59.63,18.37,6.30,18.29,NA,NA,0.77,20.00,NA,NA,NA,NA,NA,NA,NA,NA,NA,NA,NA,0.00,NA,NA,NA
2025-08-28 15:00:00,33.77,71.10,17.42,7.56,18.19,NA,NA,0.76,21.61,NA,NA,NA,NA,NA,NA,NA,NA,NA,NA,NA,0.00,NA,NA,NA
2025-08-28 16:00:00,38.27,75.95,18.25,7.32,18.73,NA,NA,0.75,20.53,NA,NA,NA,NA,NA,NA,NA,NA,NA,NA,NA,0.00,NA,NA,NA
2025-08-28 17:00:00,41.80,71.26,17.64,6.86,17.98,NA,NA,0.75,19.18,NA,NA,NA,NA,NA,NA,NA,NA,NA,NA,NA,0.00,NA,NA,NA
2025-08-28 18:00:00,50.10,69.12,19.20,6.33,18.98,NA,NA,0.72,18.63,NA,NA,NA,NA,NA,NA,NA,NA,NA,NA,NA,0.00,NA,NA,NA
2025-08-28 19:00:00,40.98,82.39,18.94,5.94,18.55,NA,NA,0.77,18.45,NA,NA,NA,NA,NA,NA,NA,NA,NA,NA,NA,0.00,NA,NA,NA
2025-08-28 20:00:00,29.11,73.96,17.30,6.26,17.40,NA,NA,0.83,18.51,NA,NA,NA,NA,NA,NA,NA,NA,NA,NA,NA,0.00,NA,NA,NA
2025-08-28 21:00:00,59.07,101.05,18.38,6.63,18.47,NA,NA,0.89,18.51,NA,NA,NA,NA,NA,NA,NA,NA,NA,NA,NA,0.00,NA,NA,NA
2025-08-28 22:00:00,62.83,85.71,21.74,5.63,20.67,NA,NA,0.85,18.30,NA,NA,NA,NA,NA,NA,NA,NA,NA,NA,NA,0.00,NA,NA,NA
2025-08-28 23:00:00,64.96,95.68,21.83,5.72,20.79,NA,NA,0.88,18.13,NA,NA,NA,NA,NA,NA,NA,NA,NA,NA,NA,0.00,NA,NA,NA
2025-08-29 00:00:00,57.17,104.65,18.82,5.48,18.21,NA,NA,0.86,18.02,NA,NA,NA,NA,NA,NA,NA,NA,NA,NA,NA,0.00,NA,NA,NA
2025-08-29 01:00:00,51.47,85.84,16.46,5.71,16.42,NA,NA,0.85,18.40,NA,NA,NA,NA,NA,NA,NA,NA,NA,NA,NA,0.00,NA,NA,NA
2025-08-29 02:00:00,43.79,65.51,15.74,6.00,15.99,NA,NA,0.85,18.44,NA,NA,NA,NA,NA,NA,NA,NA,NA,NA,NA,0.00,NA,NA,NA
2025-08-29 03:00:00,34.41,66.64,19.82,5.56,19.07,NA,NA,0.80,18.18,NA,NA,NA,NA,NA,NA,NA,NA,NA,NA,NA,0.00,NA,NA,NA
2025-08-29 04:00:00,30.50,69.11,20.10,5.52,19.28,NA,NA,0.78,17.98,NA,NA,NA,NA,NA,NA,NA,NA,NA,NA,NA,0.00,NA,NA,NA
2025-08-29 05:00:00,38.30,76.94,18.80,5.18,18.04,NA,NA,0.76,18.14,NA,NA,NA,NA,NA,NA,NA,NA,NA,NA,NA,0.00,NA,NA,NA
2025-08-29 06:00:00,42.91,82.68,15.81,5.33,15.69,NA,NA,0.76,18.26,NA,NA,NA,NA,NA,NA,NA,NA,NA,NA,NA,0.00,NA,NA,NA
2025-08-29 07:00:00,36.69,62.46,14.58,5.58,14.83,NA,NA,0.76,18.42,NA,NA,NA,NA,NA,NA,NA,NA,NA,NA,NA,0.00,NA,NA,NA
2025-08-29 08:00:00,21.38,39.32,18.26,5.12,17.58,NA,NA,0.74,18.28,NA,NA,NA,NA,NA,NA,NA,NA,NA,NA,NA,0.00,NA,NA,NA
2025-08-29 09:00:00,35.06,62.35,18.98,5.30,18.25,NA,NA,0.74,18.24,NA,NA,NA,NA,NA,NA,NA,NA,NA,NA,NA,0.00,NA,NA,NA
2025-08-29 10:00:00,30.24,44.58,16.46,6.98,17.10,NA,NA,0.72,21.74,NA,NA,NA,NA,NA,NA,NA,NA,NA,NA,NA,0.00,NA,NA,NA
2025-08-29 11:00:00,35.33,59.13,15.15,11.00,18.17,NA,NA,0.69,28.99,NA,NA,NA,NA,NA,NA,NA,NA,NA,NA,NA,0.00,NA,NA,NA
2025-08-29 12:00:00,36.91,87.38,20.04,9.67,21.44,NA,NA,0.66,22.66,NA,NA,NA,NA,NA,NA,NA,NA,NA,NA,NA,0.00,NA,NA,NA
2025-08-29 13:00:00,26.76,71.32,19.48,8.60,20.42,NA,NA,0.63,NA,NA,NA,NA,NA,NA,NA,NA,NA,NA,NA,NA,0.00,NA,NA,NA
2025-08-29 14:00:00,44.42,104.81,22.02,7.24,21.76,NA,NA,0.56,16.06,NA,NA,NA,NA,NA,NA,NA,NA,NA,NA,NA,0.00,NA,NA,NA
2025-08-29 15:00:00,36.24,177.01,30.28,7.00,28.35,NA,NA,0.44,17.73,NA,NA,NA,NA,NA,NA,NA,NA,NA,NA,NA,0.00,NA,NA,NA
2025-08-29 16:00:00,26.92,70.84,26.87,6.80,25.46,NA,NA,0.46,23.56,NA,NA,NA,NA,NA,NA,NA,NA,NA,NA,NA,0.00,NA,NA,NA
2025-08-29 17:00:00,17.41,53.19,16.76,7.80,17.77,NA,NA,0.53,28.20,NA,NA,NA,NA,NA,NA,NA,NA,NA,NA,NA,0.00,NA,NA,NA
2025-08-29 18:00:00,17.83,30.47,13.08,7.00,14.35,NA,NA,0.57,29.20,NA,NA,NA,NA,NA,NA,NA,NA,NA,NA,NA,0.00,NA,NA,NA
2025-08-29 19:00:00,14.58,26.48,14.50,6.88,15.45,NA,NA,0.62,28.74,NA,NA,NA,NA,NA,NA,NA,NA,NA,NA,NA,0.00,NA,NA,NA
2025-08-29 20:00:00,24.31,40.15,15.44,6.82,16.19,NA,NA,0.64,27.54,NA,NA,NA,NA,NA,NA,NA,NA,NA,NA,NA,0.00,NA,NA,NA
2025-08-29 21:00:00,30.06,56.27,14.06,7.06,15.18,NA,NA,0.64,25.56,NA,NA,NA,NA,NA,NA,NA,NA,NA,NA,NA,0.00,NA,NA,NA
2025-08-29 22:00:00,27.38,61.14,10.85,7.22,12.66,NA,NA,0.68,24.57,NA,NA,NA,NA,NA,NA,NA,NA,NA,NA,NA,0.00,NA,NA,NA
2025-08-29 23:00:00,19.60,43.33,10.25,6.54,11.82,NA,NA,0.69,24.65,NA,NA,NA,NA,NA,NA,NA,NA,NA,NA,NA,0.00,NA,NA,NA
2025-08-30 00:00:00,7.10,36.50,14.76,6.40,15.41,NA,NA,0.66,22.75,NA,NA,NA,NA,NA,NA,NA,NA,NA,NA,NA,0.00,NA,NA,NA
2025-08-30 01:00:00,19.70,42.60,16.26,6.30,16.57,NA,NA,0.64,22.29,NA,NA,NA,NA,NA,NA,NA,NA,NA,NA,NA,0.00,NA,NA,NA
2025-08-30 02:00:00,19.88,43.42,15.30,6.14,15.71,NA,NA,0.61,23.80,NA,NA,NA,NA,NA,NA,NA,NA,NA,NA,NA,0.00,NA,NA,NA
2025-08-30 03:00:00,9.44,26.38,10.98,6.25,12.25,NA,NA,0.62,24.78,NA,NA,NA,NA,NA,NA,NA,NA,NA,NA,NA,0.00,NA,NA,NA
2025-08-30 04:00:00,14.06,17.87,9.67,6.54,11.34,NA,NA,0.64,24.37,NA,NA,NA,NA,NA,NA,NA,NA,NA,NA,NA,0.00,NA,NA,NA
2025-08-30 05:00:00,2.75,12.60,13.07,6.29,13.97,NA,NA,0.65,22.94,NA,NA,NA,NA,NA,NA,NA,NA,NA,NA,NA,0.00,NA,NA,NA
2025-08-30 06:00:00,6.08,24.19,16.75,5.49,16.54,NA,NA,0.62,21.86,NA,NA,NA,NA,NA,NA,NA,NA,NA,NA,NA,0.00,NA,NA,NA
2025-08-30 07:00:00,15.05,26.57,17.12,5.53,16.86,NA,NA,0.63,20.90,NA,NA,NA,NA,NA,NA,NA,NA,NA,NA,NA,0.00,NA,NA,NA
2025-08-30 08:00:00,12.06,36.83,13.82,6.20,14.54,NA,NA,0.63,22.63,NA,NA,NA,NA,NA,NA,NA,NA,NA,NA,NA,0.00,NA,NA,NA
2025-08-30 09:00:00,32.45,49.54,11.52,7.20,13.19,NA,NA,0.68,25.32,NA,NA,NA,NA,NA,NA,NA,NA,NA,NA,NA,0.00,NA,NA,NA
2025-08-30 10:00:00,20.70,43.89,11.74,7.36,13.46,NA,NA,0.66,32.04,NA,NA,NA,NA,NA,NA,NA,NA,NA,NA,NA,0.00,NA,NA,NA
2025-08-30 11:00:00,30.41,66.31,13.65,7.43,15.05,NA,NA,0.66,37.19,NA,NA,NA,NA,NA,NA,NA,NA,NA,NA,NA,0.00,NA,NA,NA
2025-08-30 12:00:00,28.35,53.90,14.54,7.41,15.76,NA,NA,0.62,42.21,NA,NA,NA,NA,NA,NA,NA,NA,NA,NA,NA,0.00,NA,NA,NA
2025-08-30 13:00:00,34.62,79.69,14.55,7.56,15.85,NA,NA,0.61,42.98,NA,NA,NA,NA,NA,NA,NA,NA,NA,NA,NA,0.00,NA,NA,NA
2025-08-30 14:00:00,28.14,65.49,14.73,7.65,16.05,NA,NA,0.59,42.98,NA,NA,NA,NA,NA,NA,NA,NA,NA,NA,NA,0.00,NA,NA,NA
2025-08-30 15:00:00,27.18,57.72,15.66,7.88,16.92,NA,NA,0.61,41.66,NA,NA,NA,NA,NA,NA,NA,NA,NA,NA,NA,0.00,NA,NA,NA
2025-08-30 16:00:00,19.54,43.37,15.74,7.42,16.74,NA,NA,0.61,42.37,NA,NA,NA,NA,NA,NA,NA,NA,NA,NA,NA,0.00,NA,NA,NA
2025-08-30 17:00:00,9.06,30.05,15.73,6.94,16.48,NA,NA,0.62,42.26,NA,NA,NA,NA,NA,NA,NA,NA,NA,NA,NA,0.00,NA,NA,NA
2025-08-30 18:00:00,19.50,33.73,15.36,6.44,15.92,NA,NA,0.62,34.77,NA,NA,NA,NA,NA,NA,NA,NA,NA,NA,NA,0.00,NA,NA,NA
2025-08-30 19:00:00,16.48,34.02,14.48,6.61,15.28,NA,NA,0.65,52.29,NA,NA,NA,NA,NA,NA,NA,NA,NA,NA,NA,0.00,NA,NA,NA
2025-08-30 20:00:00,16.23,41.22,14.77,6.80,15.63,NA,NA,0.72,40.15,NA,NA,NA,NA,NA,NA,NA,NA,NA,NA,NA,0.00,NA,NA,NA
2025-08-30 21:00:00,20.56,50.17,18.86,6.85,18.98,NA,NA,0.74,27.61,NA,NA,NA,NA,NA,NA,NA,NA,NA,NA,NA,0.00,NA,NA,NA
2025-08-30 22:00:00,34.18,74.72,19.60,6.18,19.22,NA,NA,0.73,25.62,NA,NA,NA,NA,NA,NA,NA,NA,NA,NA,NA,0.00,NA,NA,NA
2025-08-30 23:00:00,25.96,76.40,17.60,5.67,17.32,NA,NA,0.72,27.74,NA,NA,NA,NA,NA,NA,NA,NA,NA,NA,NA,0.00,NA,NA,NA
2025-08-31 00:00:00,31.18,71.11,14.89,6.16,15.38,NA,NA,0.71,28.26,NA,NA,NA,NA,NA,NA,NA,NA,NA,NA,NA,0.00,NA,NA,NA
2025-08-31 01:00:00,28.64,81.78,13.56,6.79,14.64,NA,NA,0.71,29.79,NA,NA,NA,NA,NA,NA,NA,NA,NA,NA,NA,0.00,NA,NA,NA
2025-08-31 02:00:00,34.77,53.90,17.59,5.81,17.39,NA,NA,0.72,26.87,NA,NA,NA,NA,NA,NA,NA,NA,NA,NA,NA,0.00,NA,NA,NA
2025-08-31 03:00:00,33.86,49.99,19.37,5.78,18.82,NA,NA,0.66,26.92,NA,NA,NA,NA,NA,NA,NA,NA,NA,NA,NA,0.00,NA,NA,NA
2025-08-31 04:00:00,38.62,61.04,18.23,5.64,17.82,NA,NA,0.68,27.53,NA,NA,NA,NA,NA,NA,NA,NA,NA,NA,NA,0.00,NA,NA,NA
2025-08-31 05:00:00,2.89,48.51,13.07,6.80,14.24,NA,NA,0.68,33.98,NA,NA,NA,NA,NA,NA,NA,NA,NA,NA,NA,0.00,NA,NA,NA
2025-08-31 06:00:00,21.78,25.67,10.49,7.30,12.41,NA,NA,0.65,38.52,NA,NA,NA,NA,NA,NA,NA,NA,NA,NA,NA,0.00,NA,NA,NA
2025-08-31 07:00:00,0.29,3.53,12.52,7.46,14.15,NA,NA,0.66,37.18,NA,NA,NA,NA,NA,NA,NA,NA,NA,NA,NA,0.00,NA,NA,NA
2025-08-31 08:00:00,0.28,22.58,15.00,6.44,15.62,NA,NA,0.61,33.69,NA,NA,NA,NA,NA,NA,NA,NA,NA,NA,NA,0.00,NA,NA,NA
2025-08-31 09:00:00,10.28,24.10,14.67,6.42,15.34,NA,NA,0.60,35.61,NA,NA,NA,NA,NA,NA,NA,NA,NA,NA,NA,0.00,NA,NA,NA
2025-08-31 10:00:00,6.77,21.75,11.00,6.49,12.40,NA,NA,0.61,36.67,NA,NA,NA,NA,NA,NA,NA,NA,NA,NA,NA,0.00,NA,NA,NA
2025-08-31 11:00:00,3.74,9.96,9.72,6.87,11.56,NA,NA,0.63,36.86,NA,NA,NA,NA,NA,NA,NA,NA,NA,NA,NA,0.00,NA,NA,NA
2025-08-31 12:00:00,29.12,34.05,16.32,7.79,17.42,NA,NA,0.63,38.19,NA,NA,NA,NA,NA,NA,NA,NA,NA,NA,NA,0.00,NA,NA,NA
2025-08-31 13:00:00,27.31,64.93,18.40,7.08,18.73,NA,NA,0.58,38.64,NA,NA,NA,NA,NA,NA,NA,NA,NA,NA,NA,0.00,NA,NA,NA
2025-08-31 14:00:00,24.66,41.31,19.72,6.89,19.70,NA,NA,0.55,42.67,NA,NA,NA,NA,NA,NA,NA,NA,NA,NA,NA,0.00,NA,NA,NA
2025-08-31 15:00:00,32.76,69.11,20.20,6.66,19.96,NA,NA,0.57,46.29,NA,NA,NA,NA,NA,NA,NA,NA,NA,NA,NA,0.00,NA,NA,NA
2025-08-31 16:00:00,13.40,40.44,15.74,6.72,16.37,NA,NA,0.60,45.02,NA,NA,NA,NA,NA,NA,NA,NA,NA,NA,NA,0.00,NA,NA,NA
2025-08-31 17:00:00,7.43,22.90,12.56,7.30,14.10,NA,NA,0.61,43.56,NA,NA,NA,NA,NA,NA,NA,NA,NA,NA,NA,0.00,NA,NA,NA
2025-08-31 18:00:00,15.26,33.82,14.66,7.10,15.69,NA,NA,0.64,37.70,NA,NA,NA,NA,NA,NA,NA,NA,NA,NA,NA,0.00,NA,NA,NA
2025-08-31 19:00:00,34.44,42.10,15.42,7.15,16.34,NA,NA,0.67,37.74,NA,NA,NA,NA,NA,NA,NA,NA,NA,NA,NA,0.00,NA,NA,NA
2025-08-31 20:00:00,20.47,45.40,13.89,7.99,15.54,NA,NA,0.64,37.61,NA,NA,NA,NA,NA,NA,NA,NA,NA,NA,NA,0.00,NA,NA,NA
2025-08-31 21:00:00,16.70,37.23,10.80,7.42,12.73,NA,NA,0.64,33.09,NA,NA,NA,NA,NA,NA,NA,NA,NA,NA,NA,0.00,NA,NA,NA
2025-08-31 22:00:00,5.53,28.14,10.48,7.00,12.24,NA,NA,0.67,25.48,NA,NA,NA,NA,NA,NA,NA,NA,NA,NA,NA,0.00,NA,NA,NA
2025-08-31 23:00:00,21.34,36.77,14.76,6.32,15.36,NA,NA,0.69,28.76,NA,NA,NA,NA,NA,NA,NA,NA,NA,NA,NA,0.00,NA,NA,NA
2025-09-01 00:00:00,22.06,40.12,16.37,6.13,16.56,NA,NA,0.65,30.06,NA,NA,NA,NA,NA,NA,NA,NA,NA,NA,NA,0.00,NA,NA,NA
2025-09-01 01:00:00,17.63,45.05,15.57,6.25,15.98,NA,NA,0.64,32.35,NA,NA,NA,NA,NA,NA,NA,NA,NA,NA,NA,0.00,NA,NA,NA
2025-09-01 02:00:00,23.77,36.04,10.68,6.93,12.36,NA,NA,0.64,35.22,NA,NA,NA,NA,NA,NA,NA,NA,NA,NA,NA,0.00,NA,NA,NA
2025-09-01 03:00:00,8.86,32.65,8.85,7.13,10.99,NA,NA,0.66,35.90,NA,NA,NA,NA,NA,NA,NA,NA,NA,NA,NA,0.00,NA,NA,NA
2025-09-01 04:00:00,NA,NA,11.59,6.89,13.09,NA,NA,0.69,34.82,NA,NA,NA,NA,NA,NA,NA,NA,NA,NA,NA,0.00,NA,NA,NA
2025-09-01 05:00:00,7.65,29.86,15.71,6.26,16.10,NA,NA,0.66,32.43,NA,NA,NA,NA,NA,NA,NA,NA,NA,NA,NA,0.00,NA,NA,NA
2025-09-01 06:00:00,21.17,48.20,15.77,6.48,16.26,NA,NA,0.64,32.78,NA,NA,NA,NA,NA,NA,NA,NA,NA,NA,NA,0.00,NA,NA,NA
2025-09-01 07:00:00,23.05,42.69,10.99,6.97,12.63,NA,NA,0.64,29.56,NA,NA,NA,NA,NA,NA,NA,NA,NA,NA,NA,0.00,NA,NA,NA
2025-09-01 08:00:00,11.86,32.76,9.12,7.16,11.22,NA,NA,0.68,27.98,NA,NA,NA,NA,NA,NA,NA,NA,NA,NA,NA,0.00,NA,NA,NA
2025-09-01 09:00:00,5.88,22.84,10.42,7.05,12.23,NA,NA,0.71,27.33,NA,NA,NA,NA,NA,NA,NA,NA,NA,NA,NA,0.00,NA,NA,NA
2025-09-01 10:00:00,7.95,18.08,15.30,6.59,15.94,NA,NA,0.73,25.22,NA,NA,NA,NA,NA,NA,NA,NA,NA,NA,NA,0.00,NA,NA,NA
2025-09-01 11:00:00,NA,26.54,NA,NA,NA,NA,NA,0.71,25.12,NA,NA,NA,NA,NA,NA,NA,NA,NA,NA,NA,0.00,NA,NA,NA
2025-09-01 12:00:00,13.41,46.26,2.96,5.78,5.48,NA,NA,0.51,32.28,NA,NA,NA,NA,NA,NA,NA,NA,NA,NA,NA,0.00,NA,NA,NA
2025-09-01 13:00:00,55.99,92.41,4.77,5.15,6.62,NA,NA,0.50,34.26,NA,NA,NA,NA,NA,NA,NA,NA,NA,NA,NA,0.00,NA,NA,NA
2025-09-01 14:00:00,14.81,59.04,3.00,3.72,4.42,NA,NA,0.45,36.29,NA,NA,NA,NA,NA,NA,NA,NA,NA,NA,NA,0.00,NA,NA,NA
2025-09-01 15:00:00,19.11,67.14,NA,3.32,0.82,NA,NA,0.46,38.08,NA,NA,NA,NA,NA,NA,NA,NA,NA,NA,NA,0.00,NA,NA,NA
2025-09-01 16:00:00,10.02,NA,NA,3.10,NA,NA,NA,0.46,41.26,NA,NA,NA,NA,NA,NA,NA,NA,NA,NA,NA,0.00,NA,NA,NA
2025-09-01 17:00:00,8.50,NA,NA,3.54,NA,NA,NA,0.47,44.68,NA,NA,NA,NA,NA,NA,NA,NA,NA,NA,NA,0.00,NA,NA,NA
2025-09-01 18:00:00,2.31,NA,NA,3.70,1.18,NA,NA,0.47,46.30,NA,NA,NA,NA,NA,NA,NA,NA,NA,NA,NA,0.00,NA,NA,NA
2025-09-01 19:00:00,3.25,NA,3.33,4.00,3.41,NA,NA,0.45,47.63,NA,NA,NA,NA,NA,NA,NA,NA,NA,NA,NA,0.00,NA,NA,NA
2025-09-01 20:00:00,1.46,15.11,2.30,5.63,4.87,NA,NA,0.49,44.58,NA,NA,NA,NA,NA,NA,NA,NA,NA,NA,NA,0.00,NA,NA,NA
2025-09-01 21:00:00,14.06,NA,2.27,5.55,4.80,NA,NA,0.49,42.59,NA,NA,NA,NA,NA,NA,NA,NA,NA,NA,NA,0.00,NA,NA,NA
2025-09-01 22:00:00,14.55,24.89,0.96,5.37,3.64,NA,NA,0.54,41.14,NA,NA,NA,NA,NA,NA,NA,NA,NA,NA,NA,0.00,NA,NA,NA
2025-09-01 23:00:00,10.07,23.67,0.98,5.00,3.45,NA,NA,0.55,42.61,NA,NA,NA,NA,NA,NA,NA,NA,NA,NA,NA,0.00,NA,NA,NA
2025-09-02 00:00:00,0.47,6.54,0.80,4.90,3.26,NA,NA,0.54,45.22,NA,NA,NA,NA,NA,NA,NA,NA,NA,NA,NA,0.00,NA,NA,NA
2025-09-02 01:00:00,3.30,7.70,0.48,4.93,3.01,NA,NA,0.55,43.64,NA,NA,NA,NA,NA,NA,NA,NA,NA,NA,NA,0.00,NA,NA,NA
2025-09-02 02:00:00,13.72,13.90,1.22,4.97,3.64,NA,NA,0.55,40.70,NA,NA,NA,NA,NA,NA,NA,NA,NA,NA,NA,0.00,NA,NA,NA
2025-09-02 03:00:00,13.90,36.78,7.46,4.77,8.60,NA,NA,0.50,39.06,NA,NA,NA,NA,NA,NA,NA,NA,NA,NA,NA,0.00,NA,NA,NA
2025-09-02 04:00:00,27.98,54.24,13.16,5.89,13.82,NA,NA,0.44,39.58,NA,NA,NA,NA,NA,NA,NA,NA,NA,NA,NA,0.00,NA,NA,NA
2025-09-02 05:00:00,NA,NA,NA,NA,NA,NA,NA,NA,NA,NA,NA,NA,NA,NA,NA,NA,NA,NA,NA,NA,0.00,NA,NA,NA
2025-09-02 06:00:00,NA,NA,NA,NA,NA,NA,NA,NA,NA,NA,NA,NA,NA,NA,NA,NA,NA,NA,NA,NA,0.00,NA,NA,NA
2025-09-02 07:00:00,NA,NA,NA,NA,NA,NA,NA,NA,NA,NA,NA,NA,NA,NA,NA,NA,NA,NA,NA,NA,0.00,NA,NA,NA
2025-09-02 08:00:00,19.72,18.82,72.06,NA,251.67,NA,NA,1.27,26.23,NA,NA,NA,NA,NA,NA,NA,NA,NA,NA,NA,0.00,NA,NA,NA
2025-09-02 09:00:00,NA,NA,13.39,2.96,12.46,NA,NA,0.63,25.64,NA,NA,NA,NA,NA,NA,NA,NA,NA,NA,NA,0.00,NA,NA,NA
2025-09-02 10:00:00,NA,NA,5.42,4.14,6.60,NA,NA,0.57,29.84,NA,NA,NA,NA,NA,NA,NA,NA,NA,NA,NA,0.00,NA,NA,NA
2025-09-02 11:00:00,NA,NA,4.28,4.38,5.81,NA,NA,0.52,34.27,NA,NA,NA,NA,NA,NA,NA,NA,NA,NA,NA,0.00,NA,NA,NA
2025-09-02 12:00:00,NA,NA,12.44,5.56,13.08,NA,NA,0.50,32.08,NA,NA,NA,NA,NA,NA,NA,NA,NA,NA,NA,0.00,NA,NA,NA
2025-09-02 13:00:00,NA,NA,11.36,5.90,12.37,NA,NA,0.50,30.40,NA,NA,NA,NA,NA,NA,NA,NA,NA,NA,NA,0.00,NA,NA,NA
2025-09-02 14:00:00,NA,12.72,21.18,6.46,20.66,NA,NA,0.41,32.47,NA,NA,NA,NA,NA,NA,NA,NA,NA,NA,NA,0.00,NA,NA,NA
2025-09-02 15:00:00,NA,19.63,19.08,6.66,19.06,NA,NA,0.42,38.15,NA,NA,NA,NA,NA,NA,NA,NA,NA,NA,NA,0.00,NA,NA,NA
2025-09-02 16:00:00,0.08,2.10,25.30,6.04,23.78,NA,NA,0.37,33.71,NA,NA,NA,NA,NA,NA,NA,NA,NA,NA,NA,0.00,NA,NA,NA
2025-09-02 17:00:00,7.46,31.02,30.09,6.44,27.89,NA,NA,0.33,34.94,NA,NA,NA,NA,NA,NA,NA,NA,NA,NA,NA,0.00,NA,NA,NA
2025-09-02 18:00:00,16.73,62.18,29.98,6.27,27.70,NA,NA,0.39,34.33,NA,NA,NA,NA,NA,NA,NA,NA,NA,NA,NA,0.00,NA,NA,NA
2025-09-02 19:00:00,15.29,27.40,18.86,6.85,18.97,NA,NA,0.47,39.35,NA,NA,NA,NA,NA,NA,NA,NA,NA,NA,NA,0.00,NA,NA,NA
2025-09-02 20:00:00,NA,NA,14.95,6.86,15.80,NA,NA,0.51,42.32,NA,NA,NA,NA,NA,NA,NA,NA,NA,NA,NA,0.00,NA,NA,NA
2025-09-02 21:00:00,14.90,29.56,19.92,6.87,19.85,NA,NA,0.49,42.34,NA,NA,NA,NA,NA,NA,NA,NA,NA,NA,NA,0.00,NA,NA,NA
2025-09-02 22:00:00,31.43,38.62,25.40,7.48,24.63,NA,NA,0.42,40.58,NA,NA,NA,NA,NA,NA,NA,NA,NA,NA,NA,0.00,NA,NA,NA
2025-09-02 23:00:00,20.23,54.49,26.31,4.93,24.02,NA,NA,0.42,37.57,NA,NA,NA,NA,NA,NA,NA,NA,NA,NA,NA,0.00,NA,NA,NA
2025-09-03 00:00:00,33.44,52.02,18.82,6.68,18.85,NA,NA,0.51,35.79,NA,NA,NA,NA,NA,NA,NA,NA,NA,NA,NA,0.00,NA,NA,NA
2025-09-03 01:00:00,30.99,32.35,14.66,5.42,14.80,NA,NA,0.54,35.95,NA,NA,NA,NA,NA,NA,NA,NA,NA,NA,NA,0.00,NA,NA,NA
2025-09-03 02:00:00,NA,NA,21.47,3.82,19.49,NA,NA,0.52,34.11,NA,NA,NA,NA,NA,NA,NA,NA,NA,NA,NA,0.00,NA,NA,NA
2025-09-03 03:00:00,51.30,70.22,25.33,6.62,24.11,NA,NA,0.44,31.96,NA,NA,NA,NA,NA,NA,NA,NA,NA,NA,NA,0.00,NA,NA,NA
2025-09-03 04:00:00,51.18,74.43,27.80,5.40,25.47,NA,NA,0.42,30.34,NA,NA,NA,NA,NA,NA,NA,NA,NA,NA,NA,0.00,NA,NA,NA
2025-09-03 05:00:00,21.92,39.76,21.87,4.56,20.20,NA,NA,0.44,31.32,NA,NA,NA,NA,NA,NA,NA,NA,NA,NA,NA,0.00,NA,NA,NA
2025-09-03 06:00:00,0.67,8.90,16.57,5.74,16.53,NA,NA,0.51,26.34,NA,NA,NA,NA,NA,NA,NA,NA,NA,NA,NA,0.00,NA,NA,NA
2025-09-03 07:00:00,2.47,4.04,19.85,5.60,19.12,NA,NA,0.56,23.38,NA,NA,NA,NA,NA,NA,NA,NA,NA,NA,NA,0.00,NA,NA,NA
2025-09-03 08:00:00,46.51,57.99,26.24,6.52,24.80,NA,NA,0.51,24.59,NA,NA,NA,NA,NA,NA,NA,NA,NA,NA,NA,0.00,NA,NA,NA
2025-09-03 09:00:00,46.49,83.61,31.36,6.38,28.90,NA,NA,0.43,27.60,NA,NA,NA,NA,NA,NA,NA,NA,NA,NA,NA,0.00,NA,NA,NA
2025-09-03 10:00:00,31.92,68.86,44.62,4.06,38.43,NA,NA,0.28,31.32,NA,NA,NA,NA,NA,NA,NA,NA,NA,NA,NA,0.00,NA,NA,NA
2025-09-03 11:00:00,46.98,89.77,47.55,2.69,40.08,NA,NA,0.24,36.91,NA,NA,NA,NA,NA,NA,NA,NA,NA,NA,NA,0.00,NA,NA,NA
2025-09-03 12:00:00,19.24,47.07,26.37,5.68,24.45,NA,NA,0.44,42.21,NA,NA,NA,NA,NA,NA,NA,NA,NA,NA,NA,0.00,NA,NA,NA
2025-09-03 13:00:00,0.01,3.60,24.39,5.61,22.82,NA,NA,0.48,41.23,NA,NA,NA,NA,NA,NA,NA,NA,NA,NA,NA,0.00,NA,NA,NA
2025-09-03 14:00:00,35.25,42.86,29.67,6.86,27.78,NA,NA,0.38,36.78,NA,NA,NA,NA,NA,NA,NA,NA,NA,NA,NA,0.00,NA,NA,NA
2025-09-03 15:00:00,20.54,34.05,42.78,5.89,37.92,NA,NA,0.25,36.04,NA,NA,NA,NA,NA,NA,NA,NA,NA,NA,NA,0.00,NA,NA,NA
2025-09-03 16:00:00,9.99,44.03,48.94,4.43,42.14,NA,NA,0.13,33.08,NA,NA,NA,NA,NA,NA,NA,NA,NA,NA,NA,0.00,NA,NA,NA
2025-09-03 17:00:00,23.04,41.19,50.07,5.26,43.50,NA,NA,0.13,27.93,NA,NA,NA,NA,NA,NA,NA,NA,NA,NA,NA,0.00,NA,NA,NA
2025-09-03 18:00:00,5.57,28.34,33.14,6.56,30.43,NA,NA,0.46,22.68,NA,NA,NA,NA,NA,NA,NA,NA,NA,NA,NA,0.00,NA,NA,NA
2025-09-03 19:00:00,7.52,18.05,37.80,3.91,32.82,NA,NA,0.33,25.81,NA,NA,NA,NA,NA,NA,NA,NA,NA,NA,NA,0.00,NA,NA,NA
2025-09-03 20:00:00,18.40,29.35,44.83,2.40,37.72,NA,NA,0.21,28.70,NA,NA,NA,NA,NA,NA,NA,NA,NA,NA,NA,0.00,NA,NA,NA
2025-09-03 21:00:00,9.72,28.28,48.02,1.74,39.97,NA,NA,0.13,28.21,NA,NA,NA,NA,NA,NA,NA,NA,NA,NA,NA,0.00,NA,NA,NA
2025-09-03 22:00:00,13.52,34.41,52.23,3.86,44.52,NA,NA,0.07,27.40,NA,NA,NA,NA,NA,NA,NA,NA,NA,NA,NA,0.00,NA,NA,NA
2025-09-03 23:00:00,6.48,25.45,29.66,1.71,25.02,NA,NA,0.30,25.10,NA,NA,NA,NA,NA,NA,NA,NA,NA,NA,NA,0.00,NA,NA,NA
2025-09-04 00:00:00,1.64,NA,22.22,5.80,21.16,NA,NA,0.45,20.89,NA,NA,NA,NA,NA,NA,NA,NA,NA,NA,NA,0.00,NA,NA,NA
2025-09-04 01:00:00,13.56,30.63,25.54,4.65,23.24,NA,NA,0.45,20.38,NA,NA,NA,NA,NA,NA,NA,NA,NA,NA,NA,0.00,NA,NA,NA
2025-09-04 02:00:00,33.69,48.94,33.35,4.62,29.58,NA,NA,0.50,20.79,NA,NA,NA,NA,NA,NA,NA,NA,NA,NA,NA,0.00,NA,NA,NA
2025-09-04 03:00:00,45.91,74.60,37.92,3.85,32.88,NA,NA,0.49,21.38,NA,NA,NA,NA,NA,NA,NA,NA,NA,NA,NA,0.00,NA,NA,NA
2025-09-04 04:00:00,29.58,36.25,25.87,3.12,22.69,NA,NA,0.58,20.79,NA,NA,NA,NA,NA,NA,NA,NA,NA,NA,NA,0.00,NA,NA,NA
2025-09-04 05:00:00,9.06,NA,16.91,6.09,16.99,NA,NA,0.61,20.96,NA,NA,NA,NA,NA,NA,NA,NA,NA,NA,NA,0.00,NA,NA,NA
2025-09-04 06:00:00,10.31,NA,17.34,6.36,17.48,NA,NA,0.62,21.51,NA,NA,NA,NA,NA,NA,NA,NA,NA,NA,NA,0.00,NA,NA,NA
2025-09-04 07:00:00,51.15,61.19,23.28,6.87,22.58,NA,NA,0.54,21.81,NA,NA,NA,NA,NA,NA,NA,NA,NA,NA,NA,0.00,NA,NA,NA
2025-09-04 08:00:00,25.20,47.77,28.89,3.85,25.54,NA,NA,0.50,21.67,NA,NA,NA,NA,NA,NA,NA,NA,NA,NA,NA,0.00,NA,NA,NA
2025-09-04 09:00:00,29.31,65.39,33.58,4.79,29.85,NA,NA,0.38,28.04,NA,NA,NA,NA,NA,NA,NA,NA,NA,NA,NA,0.00,NA,NA,NA
2025-09-04 10:00:00,45.12,90.27,53.68,6.50,47.10,NA,NA,0.13,36.70,NA,NA,NA,NA,NA,NA,NA,NA,NA,NA,NA,0.00,NA,NA,NA
2025-09-04 11:00:00,37.30,87.88,56.59,7.03,49.74,NA,NA,0.01,36.50,NA,NA,NA,NA,NA,NA,NA,NA,NA,NA,NA,0.00,NA,NA,NA
2025-09-04 12:00:00,23.97,50.40,26.29,7.09,25.14,NA,NA,0.33,44.03,NA,NA,NA,NA,NA,NA,NA,NA,NA,NA,NA,0.00,NA,NA,NA
2025-09-04 13:00:00,0.66,4.06,19.31,8.68,20.31,NA,NA,0.44,42.08,NA,NA,NA,NA,NA,NA,NA,NA,NA,NA,NA,0.00,NA,NA,NA
2025-09-04 14:00:00,1.81,NA,24.01,7.50,23.51,NA,NA,0.40,39.23,NA,NA,NA,NA,NA,NA,NA,NA,NA,NA,NA,0.00,NA,NA,NA
2025-09-04 15:00:00,12.36,37.32,37.19,8.46,34.74,NA,NA,0.19,45.44,NA,NA,NA,NA,NA,NA,NA,NA,NA,NA,NA,0.00,NA,NA,NA
2025-09-04 16:00:00,27.50,72.67,55.15,6.56,48.33,NA,NA,0.00,54.75,NA,NA,NA,NA,NA,NA,NA,NA,NA,NA,NA,0.00,NA,NA,NA
2025-09-04 17:00:00,36.84,83.94,28.00,5.49,25.68,NA,NA,0.22,38.94,NA,NA,NA,NA,NA,NA,NA,NA,NA,NA,NA,0.00,NA,NA,NA
2025-09-04 18:00:00,3.16,3.86,27.00,6.36,25.34,NA,NA,0.30,29.86,NA,NA,NA,NA,NA,NA,NA,NA,NA,NA,NA,0.00,NA,NA,NA
2025-09-04 19:00:00,13.50,18.09,33.97,4.98,30.27,NA,NA,0.18,23.19,NA,NA,NA,NA,NA,NA,NA,NA,NA,NA,NA,0.00,NA,NA,NA
2025-09-04 20:00:00,16.86,41.08,40.46,4.81,35.46,NA,NA,0.17,24.99,NA,NA,NA,NA,NA,NA,NA,NA,NA,NA,NA,0.00,NA,NA,NA
2025-09-04 21:00:00,34.05,59.14,44.73,4.99,39.02,NA,NA,0.20,21.25,NA,NA,NA,NA,NA,NA,NA,NA,NA,NA,NA,0.00,NA,NA,NA
2025-09-04 22:00:00,26.72,52.48,28.72,4.65,25.81,NA,NA,0.54,21.32,NA,NA,NA,NA,NA,NA,NA,NA,NA,NA,NA,0.00,NA,NA,NA
2025-09-04 23:00:00,5.15,17.16,18.34,9.01,19.70,NA,NA,0.74,21.51,NA,NA,NA,NA,NA,NA,NA,NA,NA,NA,NA,0.00,NA,NA,NA
2025-09-05 00:00:00,3.24,NA,14.09,9.74,16.64,NA,NA,0.84,19.83,NA,NA,NA,NA,NA,NA,NA,NA,NA,NA,NA,0.00,NA,NA,NA
2025-09-05 01:00:00,53.39,59.74,20.15,9.92,21.66,NA,NA,0.74,20.33,NA,NA,NA,NA,NA,NA,NA,NA,NA,NA,NA,0.00,NA,NA,NA
2025-09-05 02:00:00,53.14,68.95,25.07,7.98,24.63,NA,NA,0.63,20.97,NA,NA,NA,NA,NA,NA,NA,NA,NA,NA,NA,0.00,NA,NA,NA
2025-09-05 03:00:00,36.74,66.61,22.08,6.59,21.45,NA,NA,0.57,24.07,NA,NA,NA,NA,NA,NA,NA,NA,NA,NA,NA,0.00,NA,NA,NA
2025-09-05 04:00:00,15.95,20.75,13.50,5.65,13.98,NA,NA,0.59,26.89,NA,NA,NA,NA,NA,NA,NA,NA,NA,NA,NA,0.00,NA,NA,NA
2025-09-05 05:00:00,0.58,NA,11.40,7.41,13.22,NA,NA,0.63,30.17,NA,NA,NA,NA,NA,NA,NA,NA,NA,NA,NA,0.00,NA,NA,NA
2025-09-05 06:00:00,11.03,22.24,15.15,6.47,15.76,NA,NA,0.57,27.62,NA,NA,NA,NA,NA,NA,NA,NA,NA,NA,NA,0.00,NA,NA,NA
2025-09-05 07:00:00,20.02,34.65,20.16,5.83,19.49,NA,NA,0.50,27.16,NA,NA,NA,NA,NA,NA,NA,NA,NA,NA,NA,0.00,NA,NA,NA
2025-09-05 08:00:00,42.18,54.38,25.14,6.09,23.68,NA,NA,0.42,27.48,NA,NA,NA,NA,NA,NA,NA,NA,NA,NA,NA,0.00,NA,NA,NA
2025-09-05 09:00:00,25.30,56.19,30.38,7.29,28.58,NA,NA,0.27,29.94,NA,NA,NA,NA,NA,NA,NA,NA,NA,NA,NA,0.00,NA,NA,NA
2025-09-05 10:00:00,29.72,69.27,43.62,6.31,38.82,NA,NA,0.06,34.74,NA,NA,NA,NA,NA,NA,NA,NA,NA,NA,NA,0.00,NA,NA,NA
2025-09-05 11:00:00,28.22,75.18,35.40,4.75,31.30,NA,NA,0.14,43.00,NA,NA,NA,NA,NA,NA,NA,NA,NA,NA,NA,0.00,NA,NA,NA
2025-09-05 12:00:00,2.43,28.60,17.22,7.06,17.75,NA,NA,0.37,46.42,NA,NA,NA,NA,NA,NA,NA,NA,NA,NA,NA,0.00,NA,NA,NA
2025-09-05 13:00:00,0.26,7.60,13.80,5.32,14.06,NA,NA,0.40,47.08,NA,NA,NA,NA,NA,NA,NA,NA,NA,NA,NA,0.00,NA,NA,NA
2025-09-05 14:00:00,NA,NA,23.93,6.52,22.93,NA,NA,0.27,50.81,NA,NA,NA,NA,NA,NA,NA,NA,NA,NA,NA,0.00,NA,NA,NA
2025-09-05 15:00:00,50.27,73.81,38.92,5.51,34.57,NA,NA,0.04,52.96,NA,NA,NA,NA,NA,NA,NA,NA,NA,NA,NA,0.00,NA,NA,NA
2025-09-05 16:00:00,37.36,96.07,59.05,1.22,48.46,NA,NA,0.00,47.18,NA,NA,NA,NA,NA,NA,NA,NA,NA,NA,NA,0.00,NA,NA,NA
2025-09-05 17:00:00,39.92,93.20,64.40,0.69,52.48,NA,NA,0.00,42.16,NA,NA,NA,NA,NA,NA,NA,NA,NA,NA,NA,0.00,NA,NA,NA
2025-09-05 18:00:00,36.82,59.97,44.84,5.86,39.55,NA,NA,0.07,42.64,NA,NA,NA,NA,NA,NA,NA,NA,NA,NA,NA,0.00,NA,NA,NA
2025-09-05 19:00:00,2.00,6.89,15.81,7.15,16.66,NA,NA,0.30,38.95,NA,NA,NA,NA,NA,NA,NA,NA,NA,NA,NA,0.00,NA,NA,NA
2025-09-05 20:00:00,NA,NA,10.61,4.76,11.17,NA,NA,0.38,26.12,NA,NA,NA,NA,NA,NA,NA,NA,NA,NA,NA,0.00,NA,NA,NA
2025-09-05 21:00:00,1.29,NA,16.67,6.42,16.97,NA,NA,0.36,22.68,NA,NA,NA,NA,NA,NA,NA,NA,NA,NA,NA,0.00,NA,NA,NA
2025-09-05 22:00:00,25.83,41.47,22.18,5.88,21.16,NA,NA,0.36,26.18,NA,NA,NA,NA,NA,NA,NA,NA,NA,NA,NA,0.00,NA,NA,NA
2025-09-05 23:00:00,38.41,55.71,21.60,5.74,20.62,NA,NA,0.39,25.86,NA,NA,NA,NA,NA,NA,NA,NA,NA,NA,NA,0.00,NA,NA,NA
2025-09-06 00:00:00,24.50,51.39,11.28,6.46,12.61,NA,NA,0.49,26.14,NA,NA,NA,NA,NA,NA,NA,NA,NA,NA,NA,0.00,NA,NA,NA
2025-09-06 01:00:00,NA,NA,8.29,6.22,10.05,NA,NA,0.52,26.88,NA,NA,NA,NA,NA,NA,NA,NA,NA,NA,NA,0.00,NA,NA,NA
2025-09-06 02:00:00,27.18,NA,13.02,4.83,13.15,NA,NA,0.49,32.15,NA,NA,NA,NA,NA,NA,NA,NA,NA,NA,NA,0.00,NA,NA,NA
2025-09-06 03:00:00,20.02,46.58,18.13,6.69,18.30,NA,NA,0.41,33.35,NA,NA,NA,NA,NA,NA,NA,NA,NA,NA,NA,0.00,NA,NA,NA
2025-09-06 04:00:00,37.41,53.89,20.91,5.38,19.86,NA,NA,0.38,34.81,NA,NA,NA,NA,NA,NA,NA,NA,NA,NA,NA,0.00,NA,NA,NA
2025-09-06 05:00:00,23.82,38.55,10.93,6.39,12.28,NA,NA,0.44,34.14,NA,NA,NA,NA,NA,NA,NA,NA,NA,NA,NA,0.00,NA,NA,NA
2025-09-06 06:00:00,8.93,NA,7.24,5.72,8.93,NA,NA,0.52,29.42,NA,NA,NA,NA,NA,NA,NA,NA,NA,NA,NA,0.00,NA,NA,NA
2025-09-06 07:00:00,17.49,NA,12.69,5.75,13.38,NA,NA,0.52,28.33,NA,NA,NA,NA,NA,NA,NA,NA,NA,NA,NA,0.00,NA,NA,NA
2025-09-06 08:00:00,37.48,58.83,17.97,7.69,18.70,NA,NA,0.44,30.62,NA,NA,NA,NA,NA,NA,NA,NA,NA,NA,NA,0.00,NA,NA,NA
2025-09-06 09:00:00,50.92,77.40,24.53,6.94,23.64,NA,NA,0.38,32.09,NA,NA,NA,NA,NA,NA,NA,NA,NA,NA,NA,0.00,NA,NA,NA
2025-09-06 10:00:00,47.11,89.40,27.67,5.56,25.45,NA,NA,0.34,35.39,NA,NA,NA,NA,NA,NA,NA,NA,NA,NA,NA,0.00,NA,NA,NA
2025-09-06 11:00:00,23.98,54.63,NA,NA,NA,NA,NA,0.36,36.25,NA,NA,NA,NA,NA,NA,NA,NA,NA,NA,NA,0.00,NA,NA,NA
2025-09-06 12:00:00,13.01,NA,NA,NA,NA,NA,NA,0.38,37.85,NA,NA,NA,NA,NA,NA,NA,NA,NA,NA,NA,0.00,NA,NA,NA
2025-09-06 13:00:00,16.97,44.24,NA,NA,NA,NA,NA,0.35,37.34,NA,NA,NA,NA,NA,NA,NA,NA,NA,NA,NA,0.00,NA,NA,NA
2025-09-06 14:00:00,25.68,45.32,NA,NA,NA,NA,NA,0.39,39.77,NA,NA,NA,NA,NA,NA,NA,NA,NA,NA,NA,0.00,NA,NA,NA
2025-09-06 15:00:00,27.74,46.42,NA,NA,NA,NA,NA,0.43,42.89,NA,NA,NA,NA,NA,NA,NA,NA,NA,NA,NA,0.00,NA,NA,NA
2025-09-06 16:00:00,24.81,39.20,5.62,6.96,8.27,NA,NA,0.58,37.80,NA,NA,NA,NA,NA,NA,NA,NA,NA,NA,NA,0.00,NA,NA,NA
2025-09-06 17:00:00,27.56,43.20,3.40,9.86,8.01,NA,NA,0.65,37.88,NA,NA,NA,NA,NA,NA,NA,NA,NA,NA,NA,0.00,NA,NA,NA
2025-09-06 18:00:00,20.81,39.84,2.65,9.90,7.42,NA,NA,0.70,32.08,NA,NA,NA,NA,NA,NA,NA,NA,NA,NA,NA,0.00,NA,NA,NA
2025-09-06 19:00:00,24.94,36.99,2.78,8.38,6.72,NA,NA,0.74,26.14,NA,NA,NA,NA,NA,NA,NA,NA,NA,NA,NA,0.00,NA,NA,NA
2025-09-06 20:00:00,32.40,59.11,1.30,6.33,4.44,NA,NA,0.83,26.27,NA,NA,NA,NA,NA,NA,NA,NA,NA,NA,NA,0.00,NA,NA,NA
2025-09-06 21:00:00,41.64,71.85,3.04,8.54,7.01,NA,NA,0.87,25.00,NA,NA,NA,NA,NA,NA,NA,NA,NA,NA,NA,0.00,NA,NA,NA
2025-09-06 22:00:00,42.21,55.77,1.89,8.21,5.90,NA,NA,0.90,25.77,NA,NA,NA,NA,NA,NA,NA,NA,NA,NA,NA,0.00,NA,NA,NA
2025-09-06 23:00:00,33.74,65.74,1.56,7.77,5.40,NA,NA,0.94,27.02,NA,NA,NA,NA,NA,NA,NA,NA,NA,NA,NA,0.00,NA,NA,NA
2025-09-07 00:00:00,35.06,48.80,0.63,6.13,3.77,NA,NA,0.92,28.41,NA,NA,NA,NA,NA,NA,NA,NA,NA,NA,NA,0.00,NA,NA,NA
2025-09-07 01:00:00,38.67,54.90,2.86,7.99,6.58,NA,NA,0.92,28.86,NA,NA,NA,NA,NA,NA,NA,NA,NA,NA,NA,0.00,NA,NA,NA
2025-09-07 02:00:00,40.33,46.88,1.19,7.62,5.03,NA,NA,0.90,27.82,NA,NA,NA,NA,NA,NA,NA,NA,NA,NA,NA,0.00,NA,NA,NA
2025-09-07 03:00:00,37.68,45.73,2.03,5.62,4.64,NA,NA,0.94,26.83,NA,NA,NA,NA,NA,NA,NA,NA,NA,NA,NA,0.00,NA,NA,NA
2025-09-07 04:00:00,31.48,39.36,2.11,6.18,5.01,NA,NA,0.91,25.88,NA,NA,NA,NA,NA,NA,NA,NA,NA,NA,NA,0.00,NA,NA,NA
2025-09-07 05:00:00,35.63,44.77,1.56,7.41,5.21,NA,NA,0.91,63.40,NA,NA,NA,NA,NA,NA,NA,NA,NA,NA,NA,0.00,NA,NA,NA
2025-09-07 06:00:00,41.57,53.19,1.88,6.50,4.99,NA,NA,0.90,45.56,NA,NA,NA,NA,NA,NA,NA,NA,NA,NA,NA,0.00,NA,NA,NA
2025-09-07 07:00:00,33.18,48.32,1.25,8.04,5.29,NA,NA,0.89,41.12,NA,NA,NA,NA,NA,NA,NA,NA,NA,NA,NA,0.00,NA,NA,NA
2025-09-07 08:00:00,41.35,52.53,1.60,7.63,4.59,NA,NA,0.89,23.79,NA,NA,NA,NA,NA,NA,NA,NA,NA,NA,NA,0.00,NA,NA,NA
2025-09-07 09:00:00,23.26,37.25,0.70,7.91,4.18,NA,NA,0.88,25.09,NA,NA,NA,NA,NA,NA,NA,NA,NA,NA,NA,0.00,NA,NA,NA
2025-09-07 10:00:00,27.44,45.13,NA,7.96,2.70,NA,NA,0.87,29.97,NA,NA,NA,NA,NA,NA,NA,NA,NA,NA,NA,0.00,NA,NA,NA
2025-09-07 11:00:00,21.98,34.89,1.46,7.82,3.51,NA,NA,0.84,33.56,NA,NA,NA,NA,NA,NA,NA,NA,NA,NA,NA,0.00,NA,NA,NA
2025-09-07 12:00:00,17.45,42.74,5.30,4.62,6.77,NA,NA,0.84,50.83,NA,NA,NA,NA,NA,NA,NA,NA,NA,NA,NA,0.00,NA,NA,NA
2025-09-07 13:00:00,10.46,47.77,6.83,4.61,8.00,NA,NA,0.82,30.69,NA,NA,NA,NA,NA,NA,NA,NA,NA,NA,NA,0.00,NA,NA,NA
2025-09-07 14:00:00,28.98,38.84,9.35,2.38,8.86,NA,NA,0.81,38.02,NA,NA,NA,NA,NA,NA,NA,NA,NA,NA,NA,0.00,NA,NA,NA
2025-09-07 15:00:00,28.31,49.30,9.40,5.04,10.32,NA,NA,0.82,35.15,NA,NA,NA,NA,NA,NA,NA,NA,NA,NA,NA,0.00,NA,NA,NA
2025-09-07 16:00:00,23.13,39.70,8.15,4.98,9.28,NA,NA,0.81,40.31,NA,NA,NA,NA,NA,NA,NA,NA,NA,NA,NA,0.00,NA,NA,NA
2025-09-07 17:00:00,30.04,41.42,6.74,4.70,7.98,NA,NA,0.84,35.14,NA,NA,NA,NA,NA,NA,NA,NA,NA,NA,NA,0.00,NA,NA,NA
2025-09-07 18:00:00,14.91,31.37,5.78,4.03,6.84,NA,NA,0.84,60.69,NA,NA,NA,NA,NA,NA,NA,NA,NA,NA,NA,0.00,NA,NA,NA
2025-09-07 19:00:00,24.93,40.05,5.20,3.69,6.19,NA,NA,0.88,21.27,NA,NA,NA,NA,NA,NA,NA,NA,NA,NA,NA,0.00,NA,NA,NA
2025-09-07 20:00:00,26.96,39.54,5.88,2.62,6.17,NA,NA,0.91,16.97,NA,NA,NA,NA,NA,NA,NA,NA,NA,NA,NA,0.00,NA,NA,NA
2025-09-07 21:00:00,38.17,64.30,5.92,3.85,6.86,NA,NA,0.97,22.53,NA,NA,NA,NA,NA,NA,NA,NA,NA,NA,NA,0.00,NA,NA,NA
2025-09-07 22:00:00,70.89,126.91,6.32,3.97,7.26,NA,NA,1.04,19.67,NA,NA,NA,NA,NA,NA,NA,NA,NA,NA,NA,0.00,NA,NA,NA
2025-09-07 23:00:00,41.30,93.46,6.36,3.04,6.79,NA,NA,1.06,19.80,NA,NA,NA,NA,NA,NA,NA,NA,NA,NA,NA,0.00,NA,NA,NA
2025-09-08 00:00:00,24.90,59.85,6.72,1.60,6.31,NA,NA,1.02,20.38,NA,NA,NA,NA,NA,NA,NA,NA,NA,NA,NA,0.00,NA,NA,NA
2025-09-08 01:00:00,24.74,47.85,6.34,1.11,5.75,NA,NA,1.02,20.18,NA,NA,NA,NA,NA,NA,NA,NA,NA,NA,NA,0.00,NA,NA,NA
2025-09-08 02:00:00,31.14,46.35,7.22,0.75,6.27,NA,NA,1.04,19.96,NA,NA,NA,NA,NA,NA,NA,NA,NA,NA,NA,0.00,NA,NA,NA
2025-09-08 03:00:00,33.38,51.33,8.30,0.43,6.98,NA,NA,1.01,19.48,NA,NA,NA,NA,NA,NA,NA,NA,NA,NA,NA,0.00,NA,NA,NA
2025-09-08 04:00:00,34.67,55.36,11.81,0.44,9.84,NA,NA,1.03,19.52,NA,NA,NA,NA,NA,NA,NA,NA,NA,NA,NA,0.00,NA,NA,NA
2025-09-08 05:00:00,36.93,57.91,8.32,2.70,8.20,NA,NA,1.00,19.22,NA,NA,NA,NA,NA,NA,NA,NA,NA,NA,NA,0.00,NA,NA,NA
2025-09-08 06:00:00,42.78,57.67,11.88,2.16,10.81,NA,NA,1.03,19.92,NA,NA,NA,NA,NA,NA,NA,NA,NA,NA,NA,0.00,NA,NA,NA
2025-09-08 07:00:00,40.66,79.74,10.23,3.47,10.16,NA,NA,1.04,8.72,NA,NA,NA,NA,NA,NA,NA,NA,NA,NA,NA,0.00,NA,NA,NA
2025-09-08 08:00:00,28.16,50.18,9.32,3.26,9.30,NA,NA,0.99,10.59,NA,NA,NA,NA,NA,NA,NA,NA,NA,NA,NA,0.00,NA,NA,NA
2025-09-08 09:00:00,15.00,35.47,8.59,3.81,9.01,NA,NA,0.97,18.83,NA,NA,NA,NA,NA,NA,NA,NA,NA,NA,NA,0.00,NA,NA,NA
2025-09-08 10:00:00,5.35,22.76,7.87,4.29,8.68,NA,NA,0.93,26.61,NA,NA,NA,NA,NA,NA,NA,NA,NA,NA,NA,0.00,NA,NA,NA
2025-09-08 11:00:00,4.45,23.86,10.25,2.86,9.86,NA,NA,0.90,31.02,NA,NA,NA,NA,NA,NA,NA,NA,NA,NA,NA,0.00,NA,NA,NA
2025-09-08 12:00:00,9.95,22.46,10.25,3.49,10.19,NA,NA,0.88,35.48,NA,NA,NA,NA,NA,NA,NA,NA,NA,NA,NA,0.00,NA,NA,NA
2025-09-08 13:00:00,6.09,39.39,14.12,4.15,13.69,NA,NA,0.88,38.71,NA,NA,NA,NA,NA,NA,NA,NA,NA,NA,NA,0.00,NA,NA,NA
2025-09-08 14:00:00,12.78,33.83,14.27,5.19,14.36,NA,NA,0.86,41.21,NA,NA,NA,NA,NA,NA,NA,NA,NA,NA,NA,0.00,NA,NA,NA
2025-09-08 15:00:00,9.50,33.61,14.30,4.77,14.17,NA,NA,0.83,42.84,NA,NA,NA,NA,NA,NA,NA,NA,NA,NA,NA,0.00,NA,NA,NA
2025-09-08 16:00:00,12.29,38.91,13.24,5.18,13.52,NA,NA,0.83,44.66,NA,NA,NA,NA,NA,NA,NA,NA,NA,NA,NA,0.00,NA,NA,NA
2025-09-08 17:00:00,12.36,29.50,12.44,4.92,12.73,NA,NA,0.82,45.14,NA,NA,NA,NA,NA,NA,NA,NA,NA,NA,NA,0.00,NA,NA,NA
2025-09-08 18:00:00,13.61,22.31,11.57,4.52,11.81,NA,NA,0.83,32.69,NA,NA,NA,NA,NA,NA,NA,NA,NA,NA,NA,0.00,NA,NA,NA
2025-09-08 19:00:00,13.48,NA,10.66,3.73,10.65,NA,NA,0.87,22.16,NA,NA,NA,NA,NA,NA,NA,NA,NA,NA,NA,0.00,NA,NA,NA
2025-09-08 20:00:00,9.21,25.38,10.11,4.00,10.35,NA,NA,0.90,21.45,NA,NA,NA,NA,NA,NA,NA,NA,NA,NA,NA,0.00,NA,NA,NA
2025-09-08 21:00:00,14.94,25.94,9.94,2.93,9.64,NA,NA,0.98,20.07,NA,NA,NA,NA,NA,NA,NA,NA,NA,NA,NA,0.00,NA,NA,NA
2025-09-08 22:00:00,24.07,32.98,10.20,1.08,8.87,NA,NA,0.98,36.83,NA,NA,NA,NA,NA,NA,NA,NA,NA,NA,NA,0.00,NA,NA,NA
2025-09-08 23:00:00,24.10,40.43,12.10,0.88,10.31,NA,NA,0.97,7.44,NA,NA,NA,NA,NA,NA,NA,NA,NA,NA,NA,0.00,NA,NA,NA
2025-09-09 00:00:00,21.74,45.98,12.82,0.48,10.67,NA,NA,0.96,49.07,NA,NA,NA,NA,NA,NA,NA,NA,NA,NA,NA,0.00,NA,NA,NA
2025-09-09 01:00:00,22.03,53.04,14.52,0.52,12.08,NA,NA,0.98,22.92,NA,NA,NA,NA,NA,NA,NA,NA,NA,NA,NA,0.00,NA,NA,NA
2025-09-09 02:00:00,36.22,73.65,15.21,0.94,12.87,NA,NA,0.98,15.95,NA,NA,NA,NA,NA,NA,NA,NA,NA,NA,NA,0.00,NA,NA,NA
2025-09-09 03:00:00,38.99,79.86,16.38,0.44,13.55,NA,NA,0.98,17.80,NA,NA,NA,NA,NA,NA,NA,NA,NA,NA,NA,0.00,NA,NA,NA
2025-09-09 04:00:00,30.87,71.10,15.74,1.00,13.32,NA,NA,0.98,18.73,NA,NA,NA,NA,NA,NA,NA,NA,NA,NA,NA,0.00,NA,NA,NA
2025-09-09 05:00:00,26.00,79.49,15.59,0.82,13.10,NA,NA,1.01,19.39,NA,NA,NA,NA,NA,NA,NA,NA,NA,NA,NA,0.00,NA,NA,NA
2025-09-09 06:00:00,33.53,81.72,13.44,1.34,11.64,NA,NA,0.99,21.19,NA,NA,NA,NA,NA,NA,NA,NA,NA,NA,NA,0.00,NA,NA,NA
2025-09-09 07:00:00,27.12,86.11,13.08,1.45,11.40,NA,NA,0.98,26.27,NA,NA,NA,NA,NA,NA,NA,NA,NA,NA,NA,0.00,NA,NA,NA
2025-09-09 08:00:00,27.22,86.74,10.93,2.53,10.23,NA,NA,0.97,32.98,NA,NA,NA,NA,NA,NA,NA,NA,NA,NA,NA,0.00,NA,NA,NA
2025-09-09 09:00:00,26.80,109.73,8.59,4.27,9.25,NA,NA,0.94,58.32,NA,NA,NA,NA,NA,NA,NA,NA,NA,NA,NA,0.00,NA,NA,NA
2025-09-09 10:00:00,33.24,111.73,5.06,5.65,7.12,NA,NA,0.79,54.75,NA,NA,NA,NA,NA,NA,NA,NA,NA,NA,NA,0.00,NA,NA,NA
2025-09-09 11:00:00,34.17,117.34,12.72,4.52,12.74,NA,NA,0.69,16.51,NA,NA,NA,NA,NA,NA,NA,NA,NA,NA,NA,0.00,NA,NA,NA
2025-09-09 12:00:00,39.94,128.27,16.15,4.67,15.61,NA,NA,0.62,NA,NA,NA,NA,NA,NA,NA,NA,NA,NA,NA,NA,0.00,NA,NA,NA
2025-09-09 13:00:00,26.67,94.57,16.21,3.60,15.09,NA,NA,0.64,NA,NA,NA,NA,NA,NA,NA,NA,NA,NA,NA,NA,0.00,NA,NA,NA
2025-09-09 14:00:00,19.70,109.30,17.60,3.91,16.39,NA,NA,0.61,15.81,NA,NA,NA,NA,NA,NA,NA,NA,NA,NA,NA,0.00,NA,NA,NA
2025-09-09 15:00:00,18.79,58.86,NA,NA,NA,NA,NA,0.62,17.90,NA,NA,NA,NA,NA,NA,NA,NA,NA,NA,NA,0.00,NA,NA,NA
2025-09-09 16:00:00,26.20,67.94,11.77,3.09,11.21,NA,NA,0.64,22.29,NA,NA,NA,NA,NA,NA,NA,NA,NA,NA,NA,0.00,NA,NA,NA
2025-09-09 17:00:00,26.26,62.10,5.95,6.09,8.07,NA,NA,0.67,30.13,NA,NA,NA,NA,NA,NA,NA,NA,NA,NA,NA,0.00,NA,NA,NA
2025-09-09 18:00:00,18.01,62.23,3.34,5.58,5.68,NA,NA,0.75,33.60,NA,NA,NA,NA,NA,NA,NA,NA,NA,NA,NA,0.00,NA,NA,NA
2025-09-09 19:00:00,53.33,86.01,3.81,5.06,5.78,NA,NA,0.83,30.88,NA,NA,NA,NA,NA,NA,NA,NA,NA,NA,NA,0.00,NA,NA,NA
2025-09-09 20:00:00,21.49,57.31,3.92,4.71,5.69,NA,NA,0.88,33.99,NA,NA,NA,NA,NA,NA,NA,NA,NA,NA,NA,0.00,NA,NA,NA
2025-09-09 21:00:00,8.99,71.38,1.54,4.41,3.60,NA,NA,0.89,34.72,NA,NA,NA,NA,NA,NA,NA,NA,NA,NA,NA,0.00,NA,NA,NA
2025-09-09 22:00:00,22.42,69.53,1.28,4.71,3.55,NA,NA,0.92,28.91,NA,NA,NA,NA,NA,NA,NA,NA,NA,NA,NA,0.00,NA,NA,NA
2025-09-09 23:00:00,24.93,70.15,2.30,4.94,4.50,NA,NA,0.96,22.54,NA,NA,NA,NA,NA,NA,NA,NA,NA,NA,NA,0.00,NA,NA,NA
2025-09-10 00:00:00,17.04,50.05,2.05,4.17,3.88,NA,NA,0.99,24.83,NA,NA,NA,NA,NA,NA,NA,NA,NA,NA,NA,0.00,NA,NA,NA
2025-09-10 01:00:00,28.57,51.82,0.97,4.38,3.12,NA,NA,1.02,25.16,NA,NA,NA,NA,NA,NA,NA,NA,NA,NA,NA,0.00,NA,NA,NA
2025-09-10 02:00:00,26.68,45.39,0.53,3.83,2.47,NA,NA,1.01,24.19,NA,NA,NA,NA,NA,NA,NA,NA,NA,NA,NA,0.00,NA,NA,NA
2025-09-10 03:00:00,30.81,47.16,1.15,3.79,2.96,NA,NA,1.03,20.94,NA,NA,NA,NA,NA,NA,NA,NA,NA,NA,NA,0.00,NA,NA,NA
2025-09-10 04:00:00,26.35,49.11,1.78,3.52,3.32,NA,NA,1.01,21.87,NA,NA,NA,NA,NA,NA,NA,NA,NA,NA,NA,0.00,NA,NA,NA
2025-09-10 05:00:00,28.20,52.22,1.58,3.50,3.15,NA,NA,1.04,19.44,NA,NA,NA,NA,NA,NA,NA,NA,NA,NA,NA,0.00,NA,NA,NA
2025-09-10 06:00:00,22.05,45.80,1.26,3.55,2.92,NA,NA,1.03,49.19,NA,NA,NA,NA,NA,NA,NA,NA,NA,NA,NA,0.00,NA,NA,NA
2025-09-10 07:00:00,31.93,61.32,0.44,4.14,2.56,NA,NA,1.03,16.81,NA,NA,NA,NA,NA,NA,NA,NA,NA,NA,NA,0.00,NA,NA,NA
2025-09-10 08:00:00,26.89,68.52,0.13,4.40,1.87,NA,NA,1.00,17.17,NA,NA,NA,NA,NA,NA,NA,NA,NA,NA,NA,0.00,NA,NA,NA
2025-09-10 09:00:00,23.77,84.33,NA,4.54,0.99,NA,NA,1.02,23.29,NA,NA,NA,NA,NA,NA,NA,NA,NA,NA,NA,0.00,NA,NA,NA
2025-09-10 10:00:00,21.96,81.58,NA,4.50,0.77,NA,NA,0.96,15.90,NA,NA,NA,NA,NA,NA,NA,NA,NA,NA,NA,0.00,NA,NA,NA
2025-09-10 11:00:00,22.52,75.09,2.34,5.07,4.60,NA,NA,0.89,20.48,NA,NA,NA,NA,NA,NA,NA,NA,NA,NA,NA,0.00,NA,NA,NA
2025-09-10 12:00:00,25.52,79.71,8.65,12.41,13.63,NA,NA,0.86,24.48,NA,NA,NA,NA,NA,NA,NA,NA,NA,NA,NA,0.00,NA,NA,NA
2025-09-10 13:00:00,20.81,97.91,12.11,10.04,15.18,NA,NA,0.82,29.74,NA,NA,NA,NA,NA,NA,NA,NA,NA,NA,NA,0.00,NA,NA,NA
2025-09-10 14:00:00,25.67,91.61,9.55,11.18,13.71,NA,NA,0.80,31.40,NA,NA,NA,NA,NA,NA,NA,NA,NA,NA,NA,0.00,NA,NA,NA
2025-09-10 15:00:00,19.66,82.65,10.09,11.01,14.06,NA,NA,0.77,32.04,NA,NA,NA,NA,NA,NA,NA,NA,NA,NA,NA,0.00,NA,NA,NA
2025-09-10 16:00:00,29.00,78.06,10.52,10.72,14.25,NA,NA,0.74,35.28,NA,NA,NA,NA,NA,NA,NA,NA,NA,NA,NA,0.00,NA,NA,NA
2025-09-10 17:00:00,29.26,78.89,9.10,10.88,13.19,NA,NA,0.77,38.28,NA,NA,NA,NA,NA,NA,NA,NA,NA,NA,NA,0.00,NA,NA,NA
2025-09-10 18:00:00,32.94,77.90,9.72,11.10,13.81,NA,NA,0.82,40.38,NA,NA,NA,NA,NA,NA,NA,NA,NA,NA,NA,0.00,NA,NA,NA
2025-09-10 19:00:00,23.49,65.55,10.27,10.95,14.18,NA,NA,0.88,38.54,NA,NA,NA,NA,NA,NA,NA,NA,NA,NA,NA,0.00,NA,NA,NA
2025-09-10 20:00:00,24.83,70.43,8.16,12.23,13.14,NA,NA,0.90,32.73,NA,NA,NA,NA,NA,NA,NA,NA,NA,NA,NA,0.00,NA,NA,NA
2025-09-10 21:00:00,32.00,74.48,6.72,11.61,11.64,NA,NA,0.92,31.99,NA,NA,NA,NA,NA,NA,NA,NA,NA,NA,NA,0.00,NA,NA,NA
2025-09-10 22:00:00,26.02,70.04,5.28,11.46,10.38,NA,NA,0.93,29.49,NA,NA,NA,NA,NA,NA,NA,NA,NA,NA,NA,0.00,NA,NA,NA
2025-09-10 23:00:00,29.90,76.48,4.47,11.98,10.01,NA,NA,0.95,25.16,NA,NA,NA,NA,NA,NA,NA,NA,NA,NA,NA,0.00,NA,NA,NA
2025-09-11 00:00:00,26.23,75.50,5.04,11.62,10.28,NA,NA,0.96,23.88,NA,NA,NA,NA,NA,NA,NA,NA,NA,NA,NA,0.00,NA,NA,NA
2025-09-11 01:00:00,44.88,78.84,5.23,11.11,10.16,NA,NA,0.96,25.81,NA,NA,NA,NA,NA,NA,NA,NA,NA,NA,NA,0.00,NA,NA,NA
2025-09-11 02:00:00,30.50,77.98,4.37,11.58,9.71,NA,NA,0.94,27.00,NA,NA,NA,NA,NA,NA,NA,NA,NA,NA,NA,0.00,NA,NA,NA
2025-09-11 03:00:00,35.46,75.26,4.24,12.01,9.83,NA,NA,0.96,22.53,NA,NA,NA,NA,NA,NA,NA,NA,NA,NA,NA,0.00,NA,NA,NA
2025-09-11 04:00:00,26.50,72.34,4.66,11.77,10.05,NA,NA,0.92,24.51,NA,NA,NA,NA,NA,NA,NA,NA,NA,NA,NA,0.00,NA,NA,NA
2025-09-11 05:00:00,31.04,62.85,5.10,11.37,10.19,NA,NA,0.94,24.46,NA,NA,NA,NA,NA,NA,NA,NA,NA,NA,NA,0.00,NA,NA,NA
2025-09-11 06:00:00,25.49,74.83,5.43,11.54,10.55,NA,NA,0.96,21.45,NA,NA,NA,NA,NA,NA,NA,NA,NA,NA,NA,0.00,NA,NA,NA
2025-09-11 07:00:00,38.84,74.07,4.62,11.48,9.86,NA,NA,0.95,23.43,NA,NA,NA,NA,NA,NA,NA,NA,NA,NA,NA,0.00,NA,NA,NA
2025-09-11 08:00:00,34.56,91.68,4.10,11.12,9.25,NA,NA,0.93,24.62,NA,NA,NA,NA,NA,NA,NA,NA,NA,NA,NA,0.00,NA,NA,NA
2025-09-11 09:00:00,27.84,101.38,4.46,10.80,9.37,NA,NA,0.91,22.69,NA,NA,NA,NA,NA,NA,NA,NA,NA,NA,NA,0.00,NA,NA,NA
2025-09-11 10:00:00,37.91,102.44,5.18,11.20,10.17,NA,NA,0.89,23.22,NA,NA,NA,NA,NA,NA,NA,NA,NA,NA,NA,0.00,NA,NA,NA
2025-09-11 11:00:00,28.89,109.57,9.54,11.34,13.79,NA,NA,0.75,28.10,NA,NA,NA,NA,NA,NA,NA,NA,NA,NA,NA,0.00,NA,NA,NA
2025-09-11 12:00:00,31.58,114.66,NA,NA,NA,NA,NA,0.72,28.89,NA,NA,NA,NA,NA,NA,NA,NA,NA,NA,NA,0.00,NA,NA,NA
2025-09-11 13:00:00,39.85,116.48,NA,NA,NA,NA,NA,0.70,31.77,NA,NA,NA,NA,NA,NA,NA,NA,NA,NA,NA,0.00,NA,NA,NA
2025-09-11 14:00:00,31.77,99.24,NA,NA,NA,NA,NA,0.68,36.22,NA,NA,NA,NA,NA,NA,NA,NA,NA,NA,NA,0.00,NA,NA,NA
2025-09-11 15:00:00,27.60,82.18,NA,NA,NA,NA,NA,0.81,40.28,NA,NA,NA,NA,NA,NA,NA,NA,NA,NA,NA,0.00,NA,NA,NA
2025-09-11 16:00:00,34.43,68.61,37.56,5.58,33.50,NA,NA,0.76,40.47,NA,NA,NA,NA,NA,NA,NA,NA,NA,NA,NA,0.00,NA,NA,NA
2025-09-11 17:00:00,32.25,101.03,33.45,6.33,30.56,NA,NA,0.73,36.15,NA,NA,NA,NA,NA,NA,NA,NA,NA,NA,NA,0.00,NA,NA,NA
2025-09-11 18:00:00,33.29,110.32,30.76,6.34,28.38,NA,NA,0.80,32.15,NA,NA,NA,NA,NA,NA,NA,NA,NA,NA,NA,0.00,NA,NA,NA
2025-09-11 19:00:00,49.38,69.67,29.69,6.26,27.47,NA,NA,0.86,19.53,NA,NA,NA,NA,NA,NA,NA,NA,NA,NA,NA,0.00,NA,NA,NA
2025-09-11 20:00:00,16.50,83.28,29.71,6.93,27.84,NA,NA,0.91,11.55,NA,NA,NA,NA,NA,NA,NA,NA,NA,NA,NA,0.00,NA,NA,NA
2025-09-11 21:00:00,48.30,122.13,33.67,6.96,31.08,NA,NA,0.96,12.67,NA,NA,NA,NA,NA,NA,NA,NA,NA,NA,NA,0.00,NA,NA,NA
2025-09-11 22:00:00,51.47,121.36,34.90,7.85,32.55,NA,NA,1.02,12.96,NA,NA,NA,NA,NA,NA,NA,NA,NA,NA,NA,0.00,NA,NA,NA
2025-09-11 23:00:00,29.22,102.06,31.24,9.28,30.34,NA,NA,1.04,13.75,NA,NA,NA,NA,NA,NA,NA,NA,NA,NA,NA,0.00,NA,NA,NA
2025-09-12 00:00:00,27.27,105.83,32.23,7.63,30.26,NA,NA,1.07,12.28,NA,NA,NA,NA,NA,NA,NA,NA,NA,NA,NA,0.00,NA,NA,NA
2025-09-12 01:00:00,39.32,133.07,34.70,8.13,32.53,NA,NA,1.07,11.92,NA,NA,NA,NA,NA,NA,NA,NA,NA,NA,NA,0.00,NA,NA,NA
2025-09-12 02:00:00,45.94,109.71,31.08,9.12,30.12,NA,NA,1.06,12.16,NA,NA,NA,NA,NA,NA,NA,NA,NA,NA,NA,0.00,NA,NA,NA
2025-09-12 03:00:00,32.92,87.83,30.12,9.47,29.53,NA,NA,1.07,14.69,NA,NA,NA,NA,NA,NA,NA,NA,NA,NA,NA,0.00,NA,NA,NA
2025-09-12 04:00:00,34.70,78.00,26.81,9.40,26.80,NA,NA,1.02,21.10,NA,NA,NA,NA,NA,NA,NA,NA,NA,NA,NA,0.00,NA,NA,NA
2025-09-12 05:00:00,31.43,59.24,25.10,10.45,25.96,NA,NA,1.01,20.28,NA,NA,NA,NA,NA,NA,NA,NA,NA,NA,NA,0.00,NA,NA,NA
2025-09-12 06:00:00,27.24,65.39,24.53,10.41,25.48,NA,NA,1.00,19.48,NA,NA,NA,NA,NA,NA,NA,NA,NA,NA,NA,0.00,NA,NA,NA
2025-09-12 07:00:00,30.34,69.28,23.29,9.44,23.96,NA,NA,1.00,20.85,NA,NA,NA,NA,NA,NA,NA,NA,NA,NA,NA,0.00,NA,NA,NA
2025-09-12 08:00:00,30.70,80.62,22.38,10.26,23.64,NA,NA,0.96,20.52,NA,NA,NA,NA,NA,NA,NA,NA,NA,NA,NA,0.00,NA,NA,NA
2025-09-12 09:00:00,31.50,93.99,20.94,9.75,22.21,NA,NA,0.98,21.90,NA,NA,NA,NA,NA,NA,NA,NA,NA,NA,NA,0.00,NA,NA,NA
2025-09-12 10:00:00,32.45,85.94,19.32,8.74,20.36,NA,NA,0.95,24.10,NA,NA,NA,NA,NA,NA,NA,NA,NA,NA,NA,0.00,NA,NA,NA
2025-09-12 11:00:00,27.82,56.74,17.71,7.91,18.61,NA,NA,0.92,27.76,NA,NA,NA,NA,NA,NA,NA,NA,NA,NA,NA,0.00,NA,NA,NA
2025-09-12 12:00:00,24.53,89.91,17.21,7.50,17.98,NA,NA,0.90,32.19,NA,NA,NA,NA,NA,NA,NA,NA,NA,NA,NA,0.00,NA,NA,NA
2025-09-12 13:00:00,22.12,101.90,17.56,7.53,18.28,NA,NA,0.89,34.70,NA,NA,NA,NA,NA,NA,NA,NA,NA,NA,NA,0.00,NA,NA,NA
2025-09-12 14:00:00,23.78,55.69,17.61,7.67,18.40,NA,NA,0.88,35.64,NA,NA,NA,NA,NA,NA,NA,NA,NA,NA,NA,0.00,NA,NA,NA
2025-09-12 15:00:00,24.52,79.34,17.07,7.57,17.90,NA,NA,0.86,37.46,NA,NA,NA,NA,NA,NA,NA,NA,NA,NA,NA,0.00,NA,NA,NA
2025-09-12 16:00:00,28.78,122.30,17.52,9.91,19.52,NA,NA,0.82,40.15,NA,NA,NA,NA,NA,NA,NA,NA,NA,NA,NA,0.00,NA,NA,NA
2025-09-12 17:00:00,37.65,84.90,18.02,11.06,20.53,NA,NA,0.83,35.17,NA,NA,NA,NA,NA,NA,NA,NA,NA,NA,NA,0.00,NA,NA,NA
2025-09-12 18:00:00,28.86,69.73,18.06,8.20,19.06,NA,NA,0.86,26.66,NA,NA,NA,NA,NA,NA,NA,NA,NA,NA,NA,0.00,NA,NA,NA
2025-09-12 19:00:00,30.35,81.12,18.73,7.84,19.40,NA,NA,0.90,16.21,NA,NA,NA,NA,NA,NA,NA,NA,NA,NA,NA,0.00,NA,NA,NA
2025-09-12 20:00:00,47.55,71.73,19.66,8.50,20.51,NA,NA,0.96,14.11,NA,NA,NA,NA,NA,NA,NA,NA,NA,NA,NA,0.00,NA,NA,NA
2025-09-12 21:00:00,45.48,86.70,22.54,7.95,22.56,NA,NA,1.08,12.27,NA,NA,NA,NA,NA,NA,NA,NA,NA,NA,NA,0.00,NA,NA,NA
2025-09-12 22:00:00,55.46,129.24,26.02,8.15,25.50,NA,NA,1.17,10.00,NA,NA,NA,NA,NA,NA,NA,NA,NA,NA,NA,0.00,NA,NA,NA
2025-09-12 23:00:00,68.44,183.43,28.38,7.54,27.08,NA,NA,1.08,11.03,NA,NA,NA,NA,NA,NA,NA,NA,NA,NA,NA,0.00,NA,NA,NA
2025-09-13 00:00:00,65.63,153.23,27.07,6.80,25.62,NA,NA,1.10,12.44,NA,NA,NA,NA,NA,NA,NA,NA,NA,NA,NA,0.00,NA,NA,NA
2025-09-13 01:00:00,37.59,99.65,28.34,6.46,26.48,NA,NA,1.11,11.79,NA,NA,NA,NA,NA,NA,NA,NA,NA,NA,NA,0.00,NA,NA,NA
2025-09-13 02:00:00,44.30,78.77,29.17,6.60,27.22,NA,NA,1.13,12.82,NA,NA,NA,NA,NA,NA,NA,NA,NA,NA,NA,0.00,NA,NA,NA
2025-09-13 03:00:00,37.56,73.82,26.92,7.04,25.64,NA,NA,1.15,11.79,NA,NA,NA,NA,NA,NA,NA,NA,NA,NA,NA,0.00,NA,NA,NA
2025-09-13 04:00:00,35.92,81.15,26.92,8.72,26.53,NA,NA,1.14,11.60,NA,NA,NA,NA,NA,NA,NA,NA,NA,NA,NA,0.00,NA,NA,NA
2025-09-13 05:00:00,27.12,62.26,23.26,9.87,24.16,NA,NA,1.12,16.64,NA,NA,NA,NA,NA,NA,NA,NA,NA,NA,NA,0.00,NA,NA,NA
2025-09-13 06:00:00,25.99,63.49,23.78,10.67,25.01,NA,NA,1.11,14.59,NA,NA,NA,NA,NA,NA,NA,NA,NA,NA,NA,0.00,NA,NA,NA
2025-09-13 07:00:00,21.63,57.20,23.86,10.29,24.87,NA,NA,1.10,16.06,NA,NA,NA,NA,NA,NA,NA,NA,NA,NA,NA,0.00,NA,NA,NA
2025-09-13 08:00:00,24.74,60.58,20.76,8.03,21.15,NA,NA,1.05,21.42,NA,NA,NA,NA,NA,NA,NA,NA,NA,NA,NA,0.00,NA,NA,NA
2025-09-13 09:00:00,20.14,62.27,18.46,8.40,19.48,NA,NA,1.03,25.64,NA,NA,NA,NA,NA,NA,NA,NA,NA,NA,NA,0.00,NA,NA,NA
2025-09-13 10:00:00,21.09,89.47,17.17,8.58,18.53,NA,NA,1.01,34.03,NA,NA,NA,NA,NA,NA,NA,NA,NA,NA,NA,0.00,NA,NA,NA
2025-09-13 11:00:00,19.62,77.33,16.54,8.84,18.15,NA,NA,1.02,42.32,NA,NA,NA,NA,NA,NA,NA,NA,NA,NA,NA,0.00,NA,NA,NA
2025-09-13 12:00:00,33.78,69.55,16.24,8.56,17.75,NA,NA,1.03,43.82,NA,NA,NA,NA,NA,NA,NA,NA,NA,NA,NA,0.00,NA,NA,NA
2025-09-13 13:00:00,27.65,65.01,15.98,8.23,17.37,NA,NA,0.98,40.86,NA,NA,NA,NA,NA,NA,NA,NA,NA,NA,NA,0.00,NA,NA,NA
2025-09-13 14:00:00,21.15,71.36,16.23,8.30,17.61,NA,NA,0.94,40.27,NA,NA,NA,NA,NA,NA,NA,NA,NA,NA,NA,0.00,NA,NA,NA
2025-09-13 15:00:00,14.59,66.20,16.83,9.41,18.69,NA,NA,0.91,39.50,NA,NA,NA,NA,NA,NA,NA,NA,NA,NA,NA,0.00,NA,NA,NA
2025-09-13 16:00:00,19.32,59.48,16.34,7.87,17.46,NA,NA,0.91,45.71,NA,NA,NA,NA,NA,NA,NA,NA,NA,NA,NA,0.00,NA,NA,NA
2025-09-13 17:00:00,27.42,71.06,16.44,8.68,17.98,NA,NA,0.92,40.84,NA,NA,NA,NA,NA,NA,NA,NA,NA,NA,NA,0.00,NA,NA,NA
2025-09-13 18:00:00,34.83,65.04,16.99,8.12,18.14,NA,NA,0.94,23.94,NA,NA,NA,NA,NA,NA,NA,NA,NA,NA,NA,0.00,NA,NA,NA
2025-09-13 19:00:00,30.64,59.16,18.28,7.67,18.94,NA,NA,0.98,14.93,NA,NA,NA,NA,NA,NA,NA,NA,NA,NA,NA,0.00,NA,NA,NA
2025-09-13 20:00:00,52.50,64.35,18.72,7.80,19.37,NA,NA,1.03,15.04,NA,NA,NA,NA,NA,NA,NA,NA,NA,NA,NA,0.00,NA,NA,NA
2025-09-13 21:00:00,53.51,79.80,20.26,8.41,20.94,NA,NA,1.10,12.68,NA,NA,NA,NA,NA,NA,NA,NA,NA,NA,NA,0.00,NA,NA,NA
2025-09-13 22:00:00,70.88,115.65,20.12,7.78,20.50,NA,NA,1.22,11.00,NA,NA,NA,NA,NA,NA,NA,NA,NA,NA,NA,0.00,NA,NA,NA
2025-09-13 23:00:00,64.89,96.52,23.68,7.30,23.14,NA,NA,1.24,11.46,NA,NA,NA,NA,NA,NA,NA,NA,NA,NA,NA,0.00,NA,NA,NA
2025-09-14 00:00:00,41.74,67.32,25.35,7.45,24.58,NA,NA,1.22,11.35,NA,NA,NA,NA,NA,NA,NA,NA,NA,NA,NA,0.00,NA,NA,NA
2025-09-14 01:00:00,37.18,80.10,31.08,6.16,28.54,NA,NA,1.21,12.06,NA,NA,NA,NA,NA,NA,NA,NA,NA,NA,NA,0.00,NA,NA,NA
2025-09-14 02:00:00,38.98,62.38,26.70,7.18,25.53,NA,NA,1.16,11.55,NA,NA,NA,NA,NA,NA,NA,NA,NA,NA,NA,0.00,NA,NA,NA
2025-09-14 03:00:00,36.32,47.28,26.49,6.59,25.05,NA,NA,1.18,11.66,NA,NA,NA,NA,NA,NA,NA,NA,NA,NA,NA,0.00,NA,NA,NA
2025-09-14 04:00:00,45.14,53.36,25.49,6.80,24.34,NA,NA,1.18,11.75,NA,NA,NA,NA,NA,NA,NA,NA,NA,NA,NA,0.00,NA,NA,NA
2025-09-14 05:00:00,39.58,55.54,25.06,6.81,24.00,NA,NA,1.20,11.45,NA,NA,NA,NA,NA,NA,NA,NA,NA,NA,NA,0.00,NA,NA,NA
2025-09-14 06:00:00,43.39,71.33,28.16,6.26,26.23,NA,NA,1.17,10.47,NA,NA,NA,NA,NA,NA,NA,NA,NA,NA,NA,0.00,NA,NA,NA
2025-09-14 07:00:00,51.69,137.12,31.22,12.14,31.84,NA,NA,1.13,12.64,NA,NA,NA,NA,NA,NA,NA,NA,NA,NA,NA,0.00,NA,NA,NA
2025-09-14 08:00:00,72.51,187.93,30.58,13.67,32.14,NA,NA,1.09,22.00,NA,NA,NA,NA,NA,NA,NA,NA,NA,NA,NA,0.00,NA,NA,NA
2025-09-14 09:00:00,73.93,178.56,34.16,10.82,33.53,NA,NA,1.03,36.32,NA,NA,NA,NA,NA,NA,NA,NA,NA,NA,NA,0.00,NA,NA,NA
2025-09-14 10:00:00,NA,NA,NA,NA,NA,NA,NA,NA,NA,NA,NA,NA,NA,NA,NA,NA,NA,NA,NA,NA,0.00,NA,NA,NA
2025-09-14 11:00:00,NA,NA,NA,NA,NA,NA,NA,NA,NA,NA,NA,NA,NA,NA,NA,NA,NA,NA,NA,NA,0.00,NA,NA,NA
2025-09-14 12:00:00,NA,NA,NA,NA,NA,NA,NA,NA,NA,NA,NA,NA,NA,NA,NA,NA,NA,NA,NA,NA,0.00,NA,NA,NA
2025-09-14 13:00:00,NA,NA,NA,NA,NA,NA,NA,NA,NA,NA,NA,NA,NA,NA,NA,NA,NA,NA,NA,NA,0.00,NA,NA,NA
2025-09-14 14:00:00,NA,NA,NA,NA,NA,NA,NA,NA,NA,NA,NA,NA,NA,NA,NA,NA,NA,NA,NA,NA,0.00,NA,NA,NA
2025-09-14 15:00:00,NA,NA,NA,NA,NA,NA,NA,NA,NA,NA,NA,NA,NA,NA,NA,NA,NA,NA,NA,NA,0.00,NA,NA,NA
2025-09-14 16:00:00,NA,NA,NA,NA,NA,NA,NA,NA,NA,NA,NA,NA,NA,NA,NA,NA,NA,NA,NA,NA,0.00,NA,NA,NA
2025-09-14 17:00:00,NA,NA,NA,NA,NA,NA,NA,NA,NA,NA,NA,NA,NA,NA,NA,NA,NA,NA,NA,NA,0.00,NA,NA,NA
2025-09-14 18:00:00,NA,NA,NA,NA,NA,NA,NA,NA,NA,NA,NA,NA,NA,NA,NA,NA,NA,NA,NA,NA,0.00,NA,NA,NA
2025-09-14 19:00:00,NA,NA,NA,NA,NA,NA,NA,NA,NA,NA,NA,NA,NA,NA,NA,NA,NA,NA,NA,NA,0.00,NA,NA,NA
2025-09-14 20:00:00,NA,NA,NA,NA,NA,NA,NA,NA,NA,NA,NA,NA,NA,NA,NA,NA,NA,NA,NA,NA,0.00,NA,NA,NA
2025-09-14 21:00:00,52.15,170.67,NA,NA,NA,NA,NA,2.10,11.65,NA,NA,NA,NA,NA,NA,NA,NA,NA,NA,NA,0.00,NA,NA,NA
2025-09-14 22:00:00,0.43,39.24,59.89,6.00,43.92,NA,NA,1.29,11.80,NA,NA,NA,NA,NA,NA,NA,NA,NA,NA,NA,0.00,NA,NA,NA
2025-09-14 23:00:00,NA,NA,27.30,7.45,26.16,NA,NA,1.11,12.02,NA,NA,NA,NA,NA,NA,NA,NA,NA,NA,NA,0.00,NA,NA,NA
2025-09-15 00:00:00,NA,NA,24.52,8.01,24.20,NA,NA,1.14,12.48,NA,NA,NA,NA,NA,NA,NA,NA,NA,NA,NA,0.00,NA,NA,NA
2025-09-15 01:00:00,NA,13.40,26.40,7.03,25.20,NA,NA,1.20,12.87,NA,NA,NA,NA,NA,NA,NA,NA,NA,NA,NA,0.00,NA,NA,NA
2025-09-15 02:00:00,NA,36.63,26.26,6.39,24.75,NA,NA,1.22,12.68,NA,NA,NA,NA,NA,NA,NA,NA,NA,NA,NA,0.00,NA,NA,NA
2025-09-15 03:00:00,NA,NA,24.62,6.87,23.67,NA,NA,1.25,11.50,NA,NA,NA,NA,NA,NA,NA,NA,NA,NA,NA,0.00,NA,NA,NA
2025-09-15 04:00:00,16.31,93.28,26.33,7.34,25.32,NA,NA,1.25,12.31,NA,NA,NA,NA,NA,NA,NA,NA,NA,NA,NA,0.00,NA,NA,NA
2025-09-15 05:00:00,4.26,109.62,30.28,7.50,28.61,NA,NA,1.32,11.68,NA,NA,NA,NA,NA,NA,NA,NA,NA,NA,NA,0.00,NA,NA,NA
2025-09-15 06:00:00,45.58,91.07,27.92,7.78,26.84,NA,NA,1.31,13.00,NA,NA,NA,NA,NA,NA,NA,NA,NA,NA,NA,0.00,NA,NA,NA
2025-09-15 07:00:00,23.90,73.14,24.44,10.03,25.21,NA,NA,1.27,14.28,NA,NA,NA,NA,NA,NA,NA,NA,NA,NA,NA,0.00,NA,NA,NA
2025-09-15 08:00:00,0.46,70.11,22.52,8.68,22.93,NA,NA,1.25,19.86,NA,NA,NA,NA,NA,NA,NA,NA,NA,NA,NA,0.00,NA,NA,NA
2025-09-15 09:00:00,0.93,82.69,20.74,8.95,21.62,NA,NA,1.22,23.30,NA,NA,NA,NA,NA,NA,NA,NA,NA,NA,NA,0.00,NA,NA,NA
2025-09-15 10:00:00,15.39,80.76,18.14,8.86,19.45,NA,NA,1.18,31.36,NA,NA,NA,NA,NA,NA,NA,NA,NA,NA,NA,0.00,NA,NA,NA
2025-09-15 11:00:00,7.49,71.18,16.43,8.56,17.92,NA,NA,1.12,31.53,NA,NA,NA,NA,NA,NA,NA,NA,NA,NA,NA,0.00,NA,NA,NA
2025-09-15 12:00:00,23.48,82.18,16.08,8.63,17.66,NA,NA,1.06,34.45,NA,NA,NA,NA,NA,NA,NA,NA,NA,NA,NA,0.00,NA,NA,NA
2025-09-15 13:00:00,NA,87.54,16.70,9.94,18.87,NA,NA,1.00,36.63,NA,NA,NA,NA,NA,NA,NA,NA,NA,NA,NA,0.00,NA,NA,NA
2025-09-15 14:00:00,19.99,89.02,16.61,8.43,17.99,NA,NA,1.03,44.56,NA,NA,NA,NA,NA,NA,NA,NA,NA,NA,NA,0.00,NA,NA,NA
2025-09-15 15:00:00,12.51,73.71,16.51,8.72,18.06,NA,NA,1.04,49.26,NA,NA,NA,NA,NA,NA,NA,NA,NA,NA,NA,0.00,NA,NA,NA
2025-09-15 16:00:00,NA,80.15,16.20,8.62,17.75,NA,NA,1.00,50.75,NA,NA,NA,NA,NA,NA,NA,NA,NA,NA,NA,0.00,NA,NA,NA
2025-09-15 17:00:00,28.84,86.12,16.44,8.81,18.05,NA,NA,1.00,43.82,NA,NA,NA,NA,NA,NA,NA,NA,NA,NA,NA,0.00,NA,NA,NA
2025-09-15 18:00:00,26.75,75.52,16.87,9.22,18.62,NA,NA,0.99,22.67,NA,NA,NA,NA,NA,NA,NA,NA,NA,NA,NA,0.00,NA,NA,NA
2025-09-15 19:00:00,63.30,85.06,17.70,9.36,19.37,NA,NA,1.03,17.02,NA,NA,NA,NA,NA,NA,NA,NA,NA,NA,NA,0.00,NA,NA,NA
2025-09-15 20:00:00,66.60,82.44,18.28,8.77,19.53,NA,NA,1.06,12.95,NA,NA,NA,NA,NA,NA,NA,NA,NA,NA,NA,0.00,NA,NA,NA
2025-09-15 21:00:00,62.04,65.50,19.17,8.63,20.18,NA,NA,1.14,13.91,NA,NA,NA,NA,NA,NA,NA,NA,NA,NA,NA,0.00,NA,NA,NA
2025-09-15 22:00:00,NA,NA,20.02,8.58,20.83,NA,NA,1.23,14.07,NA,NA,NA,NA,NA,NA,NA,NA,NA,NA,NA,0.00,NA,NA,NA
2025-09-15 23:00:00,NA,NA,20.70,7.74,20.95,NA,NA,1.26,11.76,NA,NA,NA,NA,NA,NA,NA,NA,NA,NA,NA,0.00,NA,NA,NA
2025-09-16 00:00:00,20.81,60.70,21.22,8.07,21.54,NA,NA,1.30,11.48,NA,NA,NA,NA,NA,NA,NA,NA,NA,NA,NA,0.00,NA,NA,NA
2025-09-16 01:00:00,17.45,69.17,22.68,15.00,26.42,NA,NA,1.36,11.30,NA,NA,NA,NA,NA,NA,NA,NA,NA,NA,NA,0.00,NA,NA,NA
2025-09-16 02:00:00,13.11,94.92,21.78,5.77,20.78,NA,NA,1.39,12.05,NA,NA,NA,NA,NA,NA,NA,NA,NA,NA,NA,0.00,NA,NA,NA
2025-09-16 03:00:00,50.17,131.41,24.66,5.43,22.94,NA,NA,1.41,12.27,NA,NA,NA,NA,NA,NA,NA,NA,NA,NA,NA,0.00,NA,NA,NA
2025-09-16 04:00:00,76.23,118.67,23.88,5.61,22.40,NA,NA,1.43,10.92,NA,NA,NA,NA,NA,NA,NA,NA,NA,NA,NA,0.00,NA,NA,NA
2025-09-16 05:00:00,30.65,103.17,33.83,10.18,32.92,NA,NA,1.30,14.12,NA,NA,NA,NA,NA,NA,NA,NA,NA,NA,NA,0.00,NA,NA,NA
2025-09-16 06:00:00,23.27,63.88,26.54,7.14,25.37,NA,NA,1.23,19.98,NA,NA,NA,NA,NA,NA,NA,NA,NA,NA,NA,0.00,NA,NA,NA
2025-09-16 07:00:00,4.24,41.45,25.42,7.66,24.74,NA,NA,1.23,14.36,NA,NA,NA,NA,NA,NA,NA,NA,NA,NA,NA,0.00,NA,NA,NA
2025-09-16 08:00:00,NA,90.96,23.65,8.79,23.90,NA,NA,1.20,19.63,NA,NA,NA,NA,NA,NA,NA,NA,NA,NA,NA,0.00,NA,NA,NA
2025-09-16 09:00:00,16.98,99.82,20.89,9.40,21.99,NA,NA,1.14,25.49,NA,NA,NA,NA,NA,NA,NA,NA,NA,NA,NA,0.00,NA,NA,NA
2025-09-16 10:00:00,NA,117.55,17.87,10.90,20.32,NA,NA,1.05,35.23,NA,NA,NA,NA,NA,NA,NA,NA,NA,NA,NA,0.00,NA,NA,NA
2025-09-16 11:00:00,NA,158.26,17.91,10.66,20.23,NA,NA,0.98,49.97,NA,NA,NA,NA,NA,NA,NA,NA,NA,NA,NA,0.00,NA,NA,NA
2025-09-16 12:00:00,72.44,133.74,5.28,7.50,8.29,NA,NA,0.89,56.84,NA,NA,NA,NA,NA,NA,NA,NA,NA,NA,NA,0.00,NA,NA,NA
2025-09-16 13:00:00,50.22,133.32,4.21,6.61,6.03,NA,NA,0.86,63.76,NA,NA,NA,NA,NA,NA,NA,NA,NA,NA,NA,0.00,NA,NA,NA
2025-09-16 14:00:00,39.65,108.32,NA,6.28,1.64,NA,NA,0.90,69.38,NA,NA,NA,NA,NA,NA,NA,NA,NA,NA,NA,0.00,NA,NA,NA
2025-09-16 15:00:00,37.39,75.03,NA,NA,NA,NA,NA,0.96,72.48,NA,NA,NA,NA,NA,NA,NA,NA,NA,NA,NA,0.00,NA,NA,NA
2025-09-16 16:00:00,35.42,104.02,NA,NA,NA,NA,NA,1.00,66.35,NA,NA,NA,NA,NA,NA,NA,NA,NA,NA,NA,0.00,NA,NA,NA
2025-09-16 17:00:00,44.30,84.03,NA,NA,NA,NA,NA,1.00,54.24,NA,NA,NA,NA,NA,NA,NA,NA,NA,NA,NA,0.00,NA,NA,NA
2025-09-16 18:00:00,45.06,78.13,NA,NA,NA,NA,NA,1.06,24.70,NA,NA,NA,NA,NA,NA,NA,NA,NA,NA,NA,0.00,NA,NA,NA
2025-09-16 19:00:00,57.58,59.34,2.71,8.06,6.50,NA,NA,1.06,13.38,NA,NA,NA,NA,NA,NA,NA,NA,NA,NA,NA,0.00,NA,NA,NA
2025-09-16 20:00:00,61.60,111.51,6.42,10.39,10.74,NA,NA,1.09,14.33,NA,NA,NA,NA,NA,NA,NA,NA,NA,NA,NA,0.00,NA,NA,NA
2025-09-16 21:00:00,66.63,135.42,7.64,9.59,11.31,NA,NA,1.20,18.70,NA,NA,NA,NA,NA,NA,NA,NA,NA,NA,NA,0.00,NA,NA,NA
2025-09-16 22:00:00,60.94,155.66,5.98,7.89,9.06,NA,NA,1.22,25.26,NA,NA,NA,NA,NA,NA,NA,NA,NA,NA,NA,0.00,NA,NA,NA
2025-09-16 23:00:00,62.30,217.69,4.40,7.17,7.39,NA,NA,1.26,26.81,NA,NA,NA,NA,NA,NA,NA,NA,NA,NA,NA,0.00,NA,NA,NA
2025-09-17 00:00:00,60.28,194.91,4.86,6.46,7.40,NA,NA,1.28,28.38,NA,NA,NA,NA,NA,NA,NA,NA,NA,NA,NA,0.00,NA,NA,NA
2025-09-17 01:00:00,67.46,80.98,4.98,6.21,7.35,NA,NA,1.24,21.21,NA,NA,NA,NA,NA,NA,NA,NA,NA,NA,NA,0.00,NA,NA,NA
2025-09-17 02:00:00,61.46,67.03,5.80,5.52,7.65,NA,NA,1.23,18.13,NA,NA,NA,NA,NA,NA,NA,NA,NA,NA,NA,0.00,NA,NA,NA
2025-09-17 03:00:00,42.64,NA,6.18,4.91,7.64,NA,NA,1.22,13.64,NA,NA,NA,NA,NA,NA,NA,NA,NA,NA,NA,0.00,NA,NA,NA
2025-09-17 04:00:00,37.77,38.64,6.98,5.45,8.57,NA,NA,1.22,12.22,NA,NA,NA,NA,NA,NA,NA,NA,NA,NA,NA,0.00,NA,NA,NA
2025-09-17 05:00:00,43.98,71.98,8.41,5.29,9.65,NA,NA,1.24,11.47,NA,NA,NA,NA,NA,NA,NA,NA,NA,NA,NA,0.00,NA,NA,NA
2025-09-17 06:00:00,41.08,47.51,9.01,4.65,9.80,NA,NA,1.22,12.92,NA,NA,NA,NA,NA,NA,NA,NA,NA,NA,NA,0.00,NA,NA,NA
2025-09-17 07:00:00,26.43,46.87,8.80,4.43,9.51,NA,NA,1.27,20.74,NA,NA,NA,NA,NA,NA,NA,NA,NA,NA,NA,0.00,NA,NA,NA
2025-09-17 08:00:00,36.63,68.66,8.59,4.53,9.39,NA,NA,1.32,16.02,NA,NA,NA,NA,NA,NA,NA,NA,NA,NA,NA,0.00,NA,NA,NA
2025-09-17 09:00:00,52.91,86.94,7.49,6.18,9.37,NA,NA,1.31,23.34,NA,NA,NA,NA,NA,NA,NA,NA,NA,NA,NA,0.00,NA,NA,NA
2025-09-17 10:00:00,41.19,218.20,0.63,10.99,6.09,NA,NA,1.16,50.71,NA,NA,NA,NA,NA,NA,NA,NA,NA,NA,NA,0.00,NA,NA,NA
2025-09-17 11:00:00,58.10,176.89,16.31,3.15,14.94,NA,NA,1.05,56.89,NA,NA,NA,NA,NA,NA,NA,NA,NA,NA,NA,0.00,NA,NA,NA
2025-09-17 12:00:00,50.52,147.18,31.43,13.15,32.54,NA,NA,0.96,49.00,NA,NA,NA,NA,NA,NA,NA,NA,NA,NA,NA,0.00,NA,NA,NA
2025-09-17 13:00:00,57.27,219.35,33.95,11.02,33.46,NA,NA,0.92,60.81,NA,NA,NA,NA,NA,NA,NA,NA,NA,NA,NA,0.00,NA,NA,NA
2025-09-17 14:00:00,64.14,116.11,23.47,9.78,24.28,NA,NA,1.00,51.22,NA,NA,NA,NA,NA,NA,NA,NA,NA,NA,NA,0.00,NA,NA,NA
2025-09-17 15:00:00,50.50,65.62,12.94,8.43,15.00,NA,NA,1.00,48.16,NA,NA,NA,NA,NA,NA,NA,NA,NA,NA,NA,0.00,NA,NA,NA
2025-09-17 16:00:00,NA,NA,11.11,8.39,13.50,NA,NA,1.02,40.03,NA,NA,NA,NA,NA,NA,NA,NA,NA,NA,NA,0.00,NA,NA,NA
2025-09-17 17:00:00,NA,NA,4.18,8.55,7.95,NA,NA,1.08,41.96,NA,NA,NA,NA,NA,NA,NA,NA,NA,NA,NA,0.00,NA,NA,NA
2025-09-17 18:00:00,30.36,NA,3.04,7.69,6.57,NA,NA,1.15,19.24,NA,NA,NA,NA,NA,NA,NA,NA,NA,NA,NA,0.00,NA,NA,NA
2025-09-17 19:00:00,32.33,NA,5.32,7.60,8.37,NA,NA,1.15,20.02,NA,NA,NA,NA,NA,NA,NA,NA,NA,NA,NA,0.00,NA,NA,NA
2025-09-17 20:00:00,58.57,70.16,5.67,9.49,9.66,NA,NA,1.25,22.69,NA,NA,NA,NA,NA,NA,NA,NA,NA,NA,NA,0.00,NA,NA,NA
2025-09-17 21:00:00,55.94,68.38,7.54,8.60,10.71,NA,NA,1.29,14.46,NA,NA,NA,NA,NA,NA,NA,NA,NA,NA,NA,0.00,NA,NA,NA
2025-09-17 22:00:00,69.80,80.73,9.70,9.29,12.83,NA,NA,1.49,13.46,NA,NA,NA,NA,NA,NA,NA,NA,NA,NA,NA,0.00,NA,NA,NA
2025-09-17 23:00:00,75.10,95.40,11.98,9.14,14.60,NA,NA,1.46,13.10,NA,NA,NA,NA,NA,NA,NA,NA,NA,NA,NA,0.00,NA,NA,NA
2025-09-18 00:00:00,69.40,74.24,14.28,6.81,15.23,NA,NA,1.47,13.47,NA,NA,NA,NA,NA,NA,NA,NA,NA,NA,NA,0.00,NA,NA,NA
2025-09-18 01:00:00,NA,NA,16.62,5.58,16.48,NA,NA,1.50,11.86,NA,NA,NA,NA,NA,NA,NA,NA,NA,NA,NA,0.00,NA,NA,NA
2025-09-18 02:00:00,NA,NA,17.19,5.21,16.74,NA,NA,1.48,11.82,NA,NA,NA,NA,NA,NA,NA,NA,NA,NA,NA,0.00,NA,NA,NA
2025-09-18 03:00:00,64.82,70.33,19.08,5.06,18.21,NA,NA,1.48,11.58,NA,NA,NA,NA,NA,NA,NA,NA,NA,NA,NA,0.00,NA,NA,NA
2025-09-18 04:00:00,59.30,77.21,20.43,5.35,19.46,NA,NA,1.50,13.00,NA,NA,NA,NA,NA,NA,NA,NA,NA,NA,NA,0.00,NA,NA,NA
2025-09-18 05:00:00,61.30,83.46,20.47,4.89,19.25,NA,NA,1.46,12.47,NA,NA,NA,NA,NA,NA,NA,NA,NA,NA,NA,0.00,NA,NA,NA
2025-09-18 06:00:00,37.50,48.84,20.11,4.99,19.00,NA,NA,1.42,13.38,NA,NA,NA,NA,NA,NA,NA,NA,NA,NA,NA,0.00,NA,NA,NA
2025-09-18 07:00:00,21.64,39.79,20.50,5.21,19.44,NA,NA,1.36,15.28,NA,NA,NA,NA,NA,NA,NA,NA,NA,NA,NA,0.00,NA,NA,NA
2025-09-18 08:00:00,14.64,44.06,21.20,6.33,20.60,NA,NA,1.36,15.84,NA,NA,NA,NA,NA,NA,NA,NA,NA,NA,NA,0.00,NA,NA,NA
2025-09-18 09:00:00,12.77,50.25,20.18,6.64,19.94,NA,NA,1.35,19.77,NA,NA,NA,NA,NA,NA,NA,NA,NA,NA,NA,0.00,NA,NA,NA
2025-09-18 10:00:00,21.28,51.63,19.46,7.82,19.98,NA,NA,1.34,32.01,NA,NA,NA,NA,NA,NA,NA,NA,NA,NA,NA,0.00,NA,NA,NA
2025-09-18 11:00:00,33.06,58.78,18.25,8.14,19.16,NA,NA,1.30,41.35,NA,NA,NA,NA,NA,NA,NA,NA,NA,NA,NA,0.00,NA,NA,NA
2025-09-18 12:00:00,38.35,83.82,20.38,9.37,21.56,NA,NA,1.22,47.57,NA,NA,NA,NA,NA,NA,NA,NA,NA,NA,NA,0.00,NA,NA,NA
2025-09-18 13:00:00,54.39,89.37,22.62,10.06,23.74,NA,NA,1.16,53.21,NA,NA,NA,NA,NA,NA,NA,NA,NA,NA,NA,0.00,NA,NA,NA
2025-09-18 14:00:00,18.13,42.68,22.88,9.88,23.86,NA,NA,1.15,53.58,NA,NA,NA,NA,NA,NA,NA,NA,NA,NA,NA,0.00,NA,NA,NA
2025-09-18 15:00:00,43.02,60.97,16.51,12.64,20.15,NA,NA,1.21,72.26,NA,NA,NA,NA,NA,NA,NA,NA,NA,NA,NA,0.00,NA,NA,NA
2025-09-18 16:00:00,48.55,74.24,15.60,12.10,19.12,NA,NA,1.19,81.96,NA,NA,NA,NA,NA,NA,NA,NA,NA,NA,NA,0.00,NA,NA,NA
2025-09-18 17:00:00,71.89,99.92,19.86,11.76,22.40,NA,NA,1.16,59.25,NA,NA,NA,NA,NA,NA,NA,NA,NA,NA,NA,0.00,NA,NA,NA
2025-09-18 18:00:00,70.72,85.96,23.41,8.24,23.42,NA,NA,1.17,19.82,NA,NA,NA,NA,NA,NA,NA,NA,NA,NA,NA,0.00,NA,NA,NA
2025-09-18 19:00:00,60.50,70.86,25.42,6.84,24.30,NA,NA,1.17,14.78,NA,NA,NA,NA,NA,NA,NA,NA,NA,NA,NA,0.00,NA,NA,NA
2025-09-18 20:00:00,55.46,58.48,23.17,5.85,21.94,NA,NA,1.18,13.12,NA,NA,NA,NA,NA,NA,NA,NA,NA,NA,NA,0.00,NA,NA,NA
2025-09-18 21:00:00,50.02,57.92,23.32,7.01,22.68,NA,NA,1.28,13.26,NA,NA,NA,NA,NA,NA,NA,NA,NA,NA,NA,0.00,NA,NA,NA
2025-09-18 22:00:00,69.07,87.52,20.48,8.56,21.20,NA,NA,1.39,14.30,NA,NA,NA,NA,NA,NA,NA,NA,NA,NA,NA,0.00,NA,NA,NA
2025-09-18 23:00:00,67.20,80.72,18.91,6.94,19.07,NA,NA,1.39,14.26,NA,NA,NA,NA,NA,NA,NA,NA,NA,NA,NA,0.00,NA,NA,NA
2025-09-19 00:00:00,58.70,61.98,20.42,5.56,19.56,NA,NA,1.40,11.06,NA,NA,NA,NA,NA,NA,NA,NA,NA,NA,NA,0.00,NA,NA,NA
2025-09-19 01:00:00,68.75,69.08,21.20,6.20,20.53,NA,NA,1.41,11.83,NA,NA,NA,NA,NA,NA,NA,NA,NA,NA,NA,0.00,NA,NA,NA
2025-09-19 02:00:00,87.60,98.00,22.16,5.93,21.17,NA,NA,1.46,12.14,NA,NA,NA,NA,NA,NA,NA,NA,NA,NA,NA,0.00,NA,NA,NA
2025-09-19 03:00:00,80.26,101.38,23.72,4.74,21.81,NA,NA,1.53,12.38,NA,NA,NA,NA,NA,NA,NA,NA,NA,NA,NA,0.00,NA,NA,NA
2025-09-19 04:00:00,71.92,94.45,27.02,3.84,24.01,NA,NA,1.55,11.93,NA,NA,NA,NA,NA,NA,NA,NA,NA,NA,NA,0.00,NA,NA,NA
2025-09-19 05:00:00,78.24,101.40,32.60,4.56,28.93,NA,NA,1.57,11.22,NA,NA,NA,NA,NA,NA,NA,NA,NA,NA,NA,0.00,NA,NA,NA
2025-09-19 06:00:00,78.06,102.81,34.84,4.96,30.96,NA,NA,1.56,12.58,NA,NA,NA,NA,NA,NA,NA,NA,NA,NA,NA,0.00,NA,NA,NA
2025-09-19 07:00:00,75.42,103.22,32.40,6.49,29.80,NA,NA,1.55,18.84,NA,NA,NA,NA,NA,NA,NA,NA,NA,NA,NA,0.00,NA,NA,NA
2025-09-19 08:00:00,82.09,137.63,29.51,10.34,29.49,NA,NA,1.62,33.15,NA,NA,NA,NA,NA,NA,NA,NA,NA,NA,NA,0.00,NA,NA,NA
2025-09-19 09:00:00,67.06,157.92,20.89,12.90,23.84,NA,NA,1.49,42.58,NA,NA,NA,NA,NA,NA,NA,NA,NA,NA,NA,0.00,NA,NA,NA
2025-09-19 10:00:00,47.93,125.97,4.79,15.42,12.10,NA,NA,1.20,45.78,NA,NA,NA,NA,NA,NA,NA,NA,NA,NA,NA,0.00,NA,NA,NA
2025-09-19 11:00:00,51.43,106.94,NA,NA,NA,NA,NA,1.16,46.44,NA,NA,NA,NA,NA,NA,NA,NA,NA,NA,NA,0.00,NA,NA,NA
2025-09-19 12:00:00,55.22,92.75,NA,NA,NA,NA,NA,1.16,42.34,NA,NA,NA,NA,NA,NA,NA,NA,NA,NA,NA,0.00,NA,NA,NA
2025-09-19 13:00:00,43.58,154.95,31.61,7.97,29.95,NA,NA,0.97,43.20,NA,NA,NA,NA,NA,NA,NA,NA,NA,NA,NA,0.00,NA,NA,NA
2025-09-19 14:00:00,46.59,NA,41.90,7.74,38.19,NA,NA,0.91,48.16,NA,NA,NA,NA,NA,NA,NA,NA,NA,NA,NA,0.00,NA,NA,NA
2025-09-19 15:00:00,56.40,255.37,50.46,7.54,45.04,NA,NA,1.03,46.87,NA,NA,NA,NA,NA,NA,NA,NA,NA,NA,NA,0.00,NA,NA,NA
2025-09-19 16:00:00,48.10,125.11,28.80,8.04,27.67,NA,NA,0.97,44.56,NA,NA,NA,NA,NA,NA,NA,NA,NA,NA,NA,0.00,NA,NA,NA
2025-09-19 17:00:00,43.08,520.63,2.64,9.15,7.03,NA,NA,1.12,41.16,NA,NA,NA,NA,NA,NA,NA,NA,NA,NA,NA,0.00,NA,NA,NA
2025-09-19 18:00:00,28.08,134.66,1.60,8.89,6.03,NA,NA,1.19,25.30,NA,NA,NA,NA,NA,NA,NA,NA,NA,NA,NA,0.00,NA,NA,NA
2025-09-19 19:00:00,51.56,138.25,3.58,7.74,7.02,NA,NA,1.25,18.70,NA,NA,NA,NA,NA,NA,NA,NA,NA,NA,NA,0.00,NA,NA,NA
2025-09-19 20:00:00,47.99,81.76,6.28,7.20,8.94,NA,NA,1.33,13.13,NA,NA,NA,NA,NA,NA,NA,NA,NA,NA,NA,0.00,NA,NA,NA
2025-09-19 21:00:00,39.42,82.76,8.49,6.12,10.16,NA,NA,1.41,12.17,NA,NA,NA,NA,NA,NA,NA,NA,NA,NA,NA,0.00,NA,NA,NA
2025-09-19 22:00:00,45.13,155.71,10.84,5.10,11.53,NA,NA,1.42,12.42,NA,NA,NA,NA,NA,NA,NA,NA,NA,NA,NA,0.00,NA,NA,NA
2025-09-19 23:00:00,44.14,63.16,13.24,4.61,13.21,NA,NA,1.43,15.42,NA,NA,NA,NA,NA,NA,NA,NA,NA,NA,NA,0.00,NA,NA,NA
2025-09-20 00:00:00,56.86,108.25,13.58,4.53,13.45,NA,NA,1.45,14.90,NA,NA,NA,NA,NA,NA,NA,NA,NA,NA,NA,0.00,NA,NA,NA
2025-09-20 01:00:00,61.74,88.70,13.53,4.39,13.34,NA,NA,1.44,12.38,NA,NA,NA,NA,NA,NA,NA,NA,NA,NA,NA,0.00,NA,NA,NA
2025-09-20 02:00:00,73.74,191.36,13.79,4.10,13.39,NA,NA,1.46,12.01,NA,NA,NA,NA,NA,NA,NA,NA,NA,NA,NA,0.00,NA,NA,NA
2025-09-20 03:00:00,72.03,176.86,15.15,4.92,14.94,NA,NA,1.44,12.16,NA,NA,NA,NA,NA,NA,NA,NA,NA,NA,NA,0.00,NA,NA,NA
2025-09-20 04:00:00,59.76,NA,15.90,4.46,15.30,NA,NA,1.46,12.18,NA,NA,NA,NA,NA,NA,NA,NA,NA,NA,NA,0.00,NA,NA,NA
2025-09-20 05:00:00,NA,NA,17.09,3.59,15.80,NA,NA,1.48,11.80,NA,NA,NA,NA,NA,NA,NA,NA,NA,NA,NA,0.00,NA,NA,NA
2025-09-20 06:00:00,55.11,75.57,21.12,3.44,19.00,NA,NA,1.49,11.99,NA,NA,NA,NA,NA,NA,NA,NA,NA,NA,NA,0.00,NA,NA,NA
2025-09-20 07:00:00,74.64,134.81,23.58,4.66,21.65,NA,NA,1.57,16.40,NA,NA,NA,NA,NA,NA,NA,NA,NA,NA,NA,0.00,NA,NA,NA
2025-09-20 08:00:00,71.04,152.46,20.11,6.96,20.06,NA,NA,1.50,20.07,NA,NA,NA,NA,NA,NA,NA,NA,NA,NA,NA,0.00,NA,NA,NA
2025-09-20 09:00:00,45.25,72.95,14.79,7.61,16.07,NA,NA,1.39,29.53,NA,NA,NA,NA,NA,NA,NA,NA,NA,NA,NA,0.00,NA,NA,NA
2025-09-20 10:00:00,24.65,129.60,0.82,9.99,5.59,NA,NA,1.30,31.97,NA,NA,NA,NA,NA,NA,NA,NA,NA,NA,NA,0.00,NA,NA,NA
2025-09-20 11:00:00,37.42,NA,1.79,7.83,5.20,NA,NA,1.06,34.20,NA,NA,NA,NA,NA,NA,NA,NA,NA,NA,NA,0.00,NA,NA,NA
2025-09-20 12:00:00,40.72,NA,10.69,10.34,14.19,NA,NA,0.98,38.23,NA,NA,NA,NA,NA,NA,NA,NA,NA,NA,NA,0.00,NA,NA,NA
2025-09-20 13:00:00,44.02,NA,18.65,11.46,21.26,NA,NA,0.90,43.88,NA,NA,NA,NA,NA,NA,NA,NA,NA,NA,NA,0.00,NA,NA,NA
2025-09-20 14:00:00,NA,NA,21.71,7.56,21.67,NA,NA,0.86,45.20,NA,NA,NA,NA,NA,NA,NA,NA,NA,NA,NA,0.00,NA,NA,NA
2025-09-20 15:00:00,NA,NA,14.58,7.24,15.70,NA,NA,0.86,44.70,NA,NA,NA,NA,NA,NA,NA,NA,NA,NA,NA,0.00,NA,NA,NA
2025-09-20 16:00:00,NA,NA,12.32,8.09,14.32,NA,NA,0.90,47.71,NA,NA,NA,NA,NA,NA,NA,NA,NA,NA,NA,0.00,NA,NA,NA
2025-09-20 17:00:00,NA,NA,8.82,10.87,12.96,NA,NA,0.91,46.29,NA,NA,NA,NA,NA,NA,NA,NA,NA,NA,NA,0.00,NA,NA,NA
2025-09-20 18:00:00,3.00,12.80,1.29,11.58,5.05,NA,NA,1.00,31.92,NA,NA,NA,NA,NA,NA,NA,NA,NA,NA,NA,0.00,NA,NA,NA
2025-09-20 19:00:00,NA,7.27,NA,10.45,3.43,NA,NA,1.10,22.64,NA,NA,NA,NA,NA,NA,NA,NA,NA,NA,NA,0.00,NA,NA,NA
2025-09-20 20:00:00,NA,NA,NA,10.89,4.71,NA,NA,1.17,17.51,NA,NA,NA,NA,NA,NA,NA,NA,NA,NA,NA,0.00,NA,NA,NA
2025-09-20 21:00:00,43.05,NA,0.59,10.33,5.53,NA,NA,1.22,13.56,NA,NA,NA,NA,NA,NA,NA,NA,NA,NA,NA,0.00,NA,NA,NA
2025-09-20 22:00:00,47.71,NA,3.33,8.45,7.20,NA,NA,1.28,14.10,NA,NA,NA,NA,NA,NA,NA,NA,NA,NA,NA,0.00,NA,NA,NA
2025-09-20 23:00:00,9.13,NA,8.30,8.32,11.17,NA,NA,1.34,12.80,NA,NA,NA,NA,NA,NA,NA,NA,NA,NA,NA,0.00,NA,NA,NA
2025-09-21 00:00:00,23.97,NA,10.00,7.20,11.96,NA,NA,1.40,11.24,NA,NA,NA,NA,NA,NA,NA,NA,NA,NA,NA,0.00,NA,NA,NA
2025-09-21 01:00:00,18.12,NA,12.60,7.17,14.06,NA,NA,1.41,11.46,NA,NA,NA,NA,NA,NA,NA,NA,NA,NA,NA,0.00,NA,NA,NA
2025-09-21 02:00:00,31.95,NA,13.97,6.01,14.56,NA,NA,1.39,11.98,NA,NA,NA,NA,NA,NA,NA,NA,NA,NA,NA,0.00,NA,NA,NA
2025-09-21 03:00:00,45.46,NA,17.42,6.25,17.49,NA,NA,1.42,12.18,NA,NA,NA,NA,NA,NA,NA,NA,NA,NA,NA,0.00,NA,NA,NA
2025-09-21 04:00:00,51.69,NA,20.31,4.61,18.97,NA,NA,1.44,11.47,NA,NA,NA,NA,NA,NA,NA,NA,NA,NA,NA,0.00,NA,NA,NA
2025-09-21 05:00:00,41.05,NA,22.99,4.35,21.01,NA,NA,1.45,11.11,NA,NA,NA,NA,NA,NA,NA,NA,NA,NA,NA,0.00,NA,NA,NA
2025-09-21 06:00:00,45.85,NA,25.08,4.12,22.58,NA,NA,1.43,12.18,NA,NA,NA,NA,NA,NA,NA,NA,NA,NA,NA,0.00,NA,NA,NA
2025-09-21 07:00:00,43.76,NA,26.40,5.30,24.28,NA,NA,1.53,16.20,NA,NA,NA,NA,NA,NA,NA,NA,NA,NA,NA,0.00,NA,NA,NA
2025-09-21 08:00:00,58.19,NA,22.20,6.26,21.38,NA,NA,1.52,19.27,NA,NA,NA,NA,NA,NA,NA,NA,NA,NA,NA,0.00,NA,NA,NA
2025-09-21 09:00:00,45.27,NA,16.74,7.85,17.79,NA,NA,1.45,31.67,NA,NA,NA,NA,NA,NA,NA,NA,NA,NA,NA,0.00,NA,NA,NA
2025-09-21 10:00:00,44.52,NA,7.62,15.69,14.54,NA,NA,1.36,34.21,NA,NA,NA,NA,NA,NA,NA,NA,NA,NA,NA,0.00,NA,NA,NA
2025-09-21 11:00:00,51.52,NA,0.99,17.08,8.36,NA,NA,1.28,41.40,NA,NA,NA,NA,NA,NA,NA,NA,NA,NA,NA,0.00,NA,NA,NA
2025-09-21 12:00:00,37.86,NA,NA,17.17,7.71,NA,NA,1.18,37.11,NA,NA,NA,NA,NA,NA,NA,NA,NA,NA,NA,0.00,NA,NA,NA
2025-09-21 13:00:00,46.59,NA,NA,10.85,2.90,NA,NA,1.15,42.46,NA,NA,NA,NA,NA,NA,NA,NA,NA,NA,NA,0.00,NA,NA,NA
2025-09-21 14:00:00,28.98,NA,NA,8.37,1.60,NA,NA,1.10,38.03,NA,NA,NA,NA,NA,NA,NA,NA,NA,NA,NA,0.00,NA,NA,NA
2025-09-21 15:00:00,37.79,87.23,10.73,3.92,10.81,NA,NA,0.95,43.06,NA,NA,NA,NA,NA,NA,NA,NA,NA,NA,NA,0.00,NA,NA,NA
2025-09-21 16:00:00,40.36,175.66,9.24,4.65,9.98,NA,NA,0.98,50.14,NA,NA,NA,NA,NA,NA,NA,NA,NA,NA,NA,0.00,NA,NA,NA
2025-09-21 17:00:00,51.78,171.79,13.72,4.96,13.79,NA,NA,0.93,48.52,NA,NA,NA,NA,NA,NA,NA,NA,NA,NA,NA,0.00,NA,NA,NA
2025-09-21 18:00:00,28.37,181.11,8.06,6.26,9.88,NA,NA,1.02,32.25,NA,NA,NA,NA,NA,NA,NA,NA,NA,NA,NA,0.00,NA,NA,NA
2025-09-21 19:00:00,46.04,166.56,6.06,7.20,8.76,NA,NA,1.09,21.07,NA,NA,NA,NA,NA,NA,NA,NA,NA,NA,NA,0.00,NA,NA,NA
2025-09-21 20:00:00,NA,165.77,8.27,6.56,10.21,NA,NA,1.17,15.74,NA,NA,NA,NA,NA,NA,NA,NA,NA,NA,NA,0.00,NA,NA,NA
2025-09-21 21:00:00,79.96,102.76,9.83,4.37,10.31,NA,NA,1.27,13.42,NA,NA,NA,NA,NA,NA,NA,NA,NA,NA,NA,0.00,NA,NA,NA
2025-09-21 22:00:00,13.32,74.14,11.32,3.22,10.92,NA,NA,1.32,11.43,NA,NA,NA,NA,NA,NA,NA,NA,NA,NA,NA,0.00,NA,NA,NA
2025-09-21 23:00:00,6.20,97.45,12.19,3.45,11.74,NA,NA,1.32,11.66,NA,NA,NA,NA,NA,NA,NA,NA,NA,NA,NA,0.00,NA,NA,NA
2025-09-22 00:00:00,NA,110.44,13.19,2.64,12.13,NA,NA,1.36,11.81,NA,NA,NA,NA,NA,NA,NA,NA,NA,NA,NA,0.00,NA,NA,NA
2025-09-22 01:00:00,30.48,115.46,14.95,1.72,13.07,NA,NA,1.37,11.66,NA,NA,NA,NA,NA,NA,NA,NA,NA,NA,NA,0.00,NA,NA,NA
2025-09-22 02:00:00,55.18,129.69,15.14,3.67,14.26,NA,NA,1.38,11.97,NA,NA,NA,NA,NA,NA,NA,NA,NA,NA,NA,0.00,NA,NA,NA
2025-09-22 03:00:00,35.06,126.18,16.98,3.81,15.83,NA,NA,1.35,11.84,NA,NA,NA,NA,NA,NA,NA,NA,NA,NA,NA,0.00,NA,NA,NA
2025-09-22 04:00:00,64.37,128.09,20.30,3.67,18.46,NA,NA,1.38,12.07,NA,NA,NA,NA,NA,NA,NA,NA,NA,NA,NA,0.00,NA,NA,NA
2025-09-22 05:00:00,42.84,92.56,21.96,2.43,19.14,NA,NA,1.39,11.64,NA,NA,NA,NA,NA,NA,NA,NA,NA,NA,NA,0.00,NA,NA,NA
2025-09-22 06:00:00,55.99,72.36,25.74,1.01,21.27,NA,NA,1.43,11.88,NA,NA,NA,NA,NA,NA,NA,NA,NA,NA,NA,0.00,NA,NA,NA
2025-09-22 07:00:00,0.55,159.58,28.94,4.75,26.06,NA,NA,1.47,14.78,NA,NA,NA,NA,NA,NA,NA,NA,NA,NA,NA,0.00,NA,NA,NA
2025-09-22 08:00:00,31.76,177.50,24.80,5.54,23.12,NA,NA,1.49,20.36,NA,NA,NA,NA,NA,NA,NA,NA,NA,NA,NA,0.00,NA,NA,NA
2025-09-22 09:00:00,115.26,272.86,18.63,10.24,20.59,NA,NA,1.43,35.22,NA,NA,NA,NA,NA,NA,NA,NA,NA,NA,NA,0.00,NA,NA,NA
2025-09-22 10:00:00,137.84,232.29,10.53,10.87,14.34,NA,NA,1.35,37.08,NA,NA,NA,NA,NA,NA,NA,NA,NA,NA,NA,0.00,NA,NA,NA
2025-09-22 11:00:00,45.42,151.90,5.48,8.11,8.76,NA,NA,1.25,32.82,NA,NA,NA,NA,NA,NA,NA,NA,NA,NA,NA,0.00,NA,NA,NA
2025-09-22 12:00:00,44.17,157.73,4.81,7.15,7.72,NA,NA,1.12,32.65,NA,NA,NA,NA,NA,NA,NA,NA,NA,NA,NA,0.00,NA,NA,NA
2025-09-22 13:00:00,74.74,146.38,5.44,5.33,7.26,NA,NA,1.02,36.24,NA,NA,NA,NA,NA,NA,NA,NA,NA,NA,NA,0.00,NA,NA,NA
2025-09-22 14:00:00,13.11,162.46,10.37,4.23,10.68,NA,NA,0.97,40.87,NA,NA,NA,NA,NA,NA,NA,NA,NA,NA,NA,0.00,NA,NA,NA
2025-09-22 15:00:00,NA,168.74,9.48,8.15,12.04,NA,NA,0.96,42.10,NA,NA,NA,NA,NA,NA,NA,NA,NA,NA,NA,0.00,NA,NA,NA
2025-09-22 16:00:00,52.03,151.28,7.28,5.30,8.73,NA,NA,0.96,49.24,NA,NA,NA,NA,NA,NA,NA,NA,NA,NA,NA,0.00,NA,NA,NA
2025-09-22 17:00:00,44.14,130.81,4.78,5.28,6.70,NA,NA,0.96,49.87,NA,NA,NA,NA,NA,NA,NA,NA,NA,NA,NA,0.00,NA,NA,NA
2025-09-22 18:00:00,40.09,129.72,5.14,6.94,7.87,NA,NA,1.04,42.97,NA,NA,NA,NA,NA,NA,NA,NA,NA,NA,NA,0.00,NA,NA,NA
2025-09-22 19:00:00,40.78,126.91,5.63,7.32,8.47,NA,NA,1.17,31.49,NA,NA,NA,NA,NA,NA,NA,NA,NA,NA,NA,0.00,NA,NA,NA
2025-09-22 20:00:00,56.01,145.12,6.24,7.98,9.32,NA,NA,1.29,23.13,NA,NA,NA,NA,NA,NA,NA,NA,NA,NA,NA,0.00,NA,NA,NA
2025-09-22 21:00:00,58.26,146.29,6.34,8.64,9.76,NA,NA,1.35,19.04,NA,NA,NA,NA,NA,NA,NA,NA,NA,NA,NA,0.00,NA,NA,NA
2025-09-22 22:00:00,48.55,147.29,7.19,7.97,10.09,NA,NA,1.28,22.04,NA,NA,NA,NA,NA,NA,NA,NA,NA,NA,NA,0.00,NA,NA,NA
2025-09-22 23:00:00,40.40,128.88,8.49,6.76,10.50,NA,NA,1.28,21.38,NA,NA,NA,NA,NA,NA,NA,NA,NA,NA,NA,0.00,NA,NA,NA
2025-09-23 00:00:00,35.16,107.97,7.52,7.26,9.98,NA,NA,1.28,20.70,NA,NA,NA,NA,NA,NA,NA,NA,NA,NA,NA,0.00,NA,NA,NA
2025-09-23 01:00:00,41.47,84.37,8.32,10.45,12.32,NA,NA,1.32,14.68,NA,NA,NA,NA,NA,NA,NA,NA,NA,NA,NA,0.00,NA,NA,NA
2025-09-23 02:00:00,57.77,158.70,9.88,8.84,12.73,NA,NA,1.30,12.02,NA,NA,NA,NA,NA,NA,NA,NA,NA,NA,NA,0.00,NA,NA,NA
2025-09-23 03:00:00,58.49,157.28,14.80,8.17,16.38,NA,NA,1.31,12.46,NA,NA,NA,NA,NA,NA,NA,NA,NA,NA,NA,0.00,NA,NA,NA
2025-09-23 04:00:00,52.32,142.02,16.79,8.03,17.92,NA,NA,1.34,12.86,NA,NA,NA,NA,NA,NA,NA,NA,NA,NA,NA,0.00,NA,NA,NA
2025-09-23 05:00:00,48.86,133.79,19.30,6.31,19.05,NA,NA,1.38,12.64,NA,NA,NA,NA,NA,NA,NA,NA,NA,NA,NA,0.00,NA,NA,NA
2025-09-23 06:00:00,56.50,142.47,18.28,6.82,18.49,NA,NA,1.41,12.22,NA,NA,NA,NA,NA,NA,NA,NA,NA,NA,NA,0.00,NA,NA,NA
2025-09-23 07:00:00,42.74,142.79,15.79,7.86,17.02,NA,NA,1.36,17.60,NA,NA,NA,NA,NA,NA,NA,NA,NA,NA,NA,0.00,NA,NA,NA
2025-09-23 08:00:00,10.99,157.26,11.18,8.12,13.40,NA,NA,1.31,24.78,NA,NA,NA,NA,NA,NA,NA,NA,NA,NA,NA,0.00,NA,NA,NA
2025-09-23 09:00:00,62.04,172.18,5.28,8.62,8.88,NA,NA,1.23,19.88,NA,NA,NA,NA,NA,NA,NA,NA,NA,NA,NA,0.00,NA,NA,NA
2025-09-23 10:00:00,48.38,164.73,10.32,8.10,12.71,NA,NA,1.07,23.03,NA,NA,NA,NA,NA,NA,NA,NA,NA,NA,NA,0.00,NA,NA,NA
2025-09-23 11:00:00,31.80,142.80,11.83,5.93,12.78,NA,NA,1.05,24.06,NA,NA,NA,NA,NA,NA,NA,NA,NA,NA,NA,0.00,NA,NA,NA
2025-09-23 12:00:00,31.38,125.67,12.62,4.99,12.92,NA,NA,1.04,29.38,NA,NA,NA,NA,NA,NA,NA,NA,NA,NA,NA,0.00,NA,NA,NA
2025-09-23 13:00:00,16.02,99.51,10.19,3.53,10.16,NA,NA,0.98,34.87,NA,NA,NA,NA,NA,NA,NA,NA,NA,NA,NA,0.00,NA,NA,NA
2025-09-23 14:00:00,32.90,82.55,8.44,3.83,8.91,NA,NA,0.94,37.20,NA,NA,NA,NA,NA,NA,NA,NA,NA,NA,NA,0.00,NA,NA,NA
2025-09-23 15:00:00,31.21,119.52,9.73,2.90,9.45,NA,NA,1.00,41.76,NA,NA,NA,NA,NA,NA,NA,NA,NA,NA,NA,0.00,NA,NA,NA
2025-09-23 16:00:00,21.78,106.94,11.71,3.18,11.21,NA,NA,1.05,47.60,NA,NA,NA,NA,NA,NA,NA,NA,NA,NA,NA,0.00,NA,NA,NA
2025-09-23 17:00:00,31.14,77.74,11.79,3.50,11.44,NA,NA,1.06,45.82,NA,NA,NA,NA,NA,NA,NA,NA,NA,NA,NA,0.00,NA,NA,NA
2025-09-23 18:00:00,39.64,86.22,11.50,4.63,11.81,NA,NA,1.08,34.26,NA,NA,NA,NA,NA,NA,NA,NA,NA,NA,NA,0.00,NA,NA,NA
2025-09-23 19:00:00,46.64,106.25,8.30,5.67,9.77,NA,NA,1.15,26.03,NA,NA,NA,NA,NA,NA,NA,NA,NA,NA,NA,0.00,NA,NA,NA
2025-09-23 20:00:00,40.90,108.58,12.92,5.03,13.19,NA,NA,1.23,16.00,NA,NA,NA,NA,NA,NA,NA,NA,NA,NA,NA,0.00,NA,NA,NA
2025-09-23 21:00:00,57.88,111.58,20.02,5.34,19.12,NA,NA,1.38,14.04,NA,NA,NA,NA,NA,NA,NA,NA,NA,NA,NA,0.00,NA,NA,NA
2025-09-23 22:00:00,58.61,126.82,24.74,6.80,23.74,NA,NA,1.45,12.16,NA,NA,NA,NA,NA,NA,NA,NA,NA,NA,NA,0.00,NA,NA,NA
2025-09-23 23:00:00,68.91,112.71,24.84,5.21,22.96,NA,NA,1.45,12.12,NA,NA,NA,NA,NA,NA,NA,NA,NA,NA,NA,0.00,NA,NA,NA
2025-09-24 00:00:00,50.64,119.72,22.80,4.08,20.70,NA,NA,1.50,12.19,NA,NA,NA,NA,NA,NA,NA,NA,NA,NA,NA,0.00,NA,NA,NA
2025-09-24 01:00:00,64.34,143.06,24.67,5.29,22.87,NA,NA,1.50,13.14,NA,NA,NA,NA,NA,NA,NA,NA,NA,NA,NA,0.00,NA,NA,NA
2025-09-24 02:00:00,65.34,141.85,25.16,6.37,23.84,NA,NA,1.51,12.92,NA,NA,NA,NA,NA,NA,NA,NA,NA,NA,NA,0.00,NA,NA,NA
2025-09-24 03:00:00,66.93,121.76,25.57,7.10,24.56,NA,NA,1.49,12.72,NA,NA,NA,NA,NA,NA,NA,NA,NA,NA,NA,0.00,NA,NA,NA
2025-09-24 04:00:00,37.04,133.00,26.84,6.87,25.48,NA,NA,1.44,12.37,NA,NA,NA,NA,NA,NA,NA,NA,NA,NA,NA,0.00,NA,NA,NA
2025-09-24 05:00:00,79.88,131.45,26.02,5.70,24.18,NA,NA,1.42,14.14,NA,NA,NA,NA,NA,NA,NA,NA,NA,NA,NA,0.00,NA,NA,NA
2025-09-24 06:00:00,57.05,97.33,22.37,4.97,20.83,NA,NA,1.36,19.13,NA,NA,NA,NA,NA,NA,NA,NA,NA,NA,NA,0.00,NA,NA,NA
2025-09-24 07:00:00,25.04,76.44,13.40,3.98,13.01,NA,NA,1.36,17.24,NA,NA,NA,NA,NA,NA,NA,NA,NA,NA,NA,0.00,NA,NA,NA
2025-09-24 08:00:00,22.54,84.45,10.32,3.83,10.44,NA,NA,1.32,13.58,NA,NA,NA,NA,NA,NA,NA,NA,NA,NA,NA,0.00,NA,NA,NA
2025-09-24 09:00:00,7.41,98.86,6.47,5.77,8.32,NA,NA,1.23,16.76,NA,NA,NA,NA,NA,NA,NA,NA,NA,NA,NA,0.00,NA,NA,NA
2025-09-24 10:00:00,NA,134.90,3.98,5.92,6.40,NA,NA,1.15,19.20,NA,NA,NA,NA,NA,NA,NA,NA,NA,NA,NA,0.00,NA,NA,NA
2025-09-24 11:00:00,124.53,145.41,6.34,5.08,7.85,NA,NA,1.06,26.78,NA,NA,NA,NA,NA,NA,NA,NA,NA,NA,NA,0.00,NA,NA,NA
2025-09-24 12:00:00,114.19,138.89,4.79,3.82,5.93,NA,NA,0.99,29.38,NA,NA,NA,NA,NA,NA,NA,NA,NA,NA,NA,0.00,NA,NA,NA
2025-09-24 13:00:00,40.31,121.81,5.99,3.52,6.74,NA,NA,0.96,32.76,NA,NA,NA,NA,NA,NA,NA,NA,NA,NA,NA,0.00,NA,NA,NA
2025-09-24 14:00:00,12.39,91.32,5.87,3.24,6.50,NA,NA,0.94,35.27,NA,NA,NA,NA,NA,NA,NA,NA,NA,NA,NA,0.00,NA,NA,NA
2025-09-24 15:00:00,54.90,90.33,11.16,3.04,10.68,NA,NA,0.95,39.31,NA,NA,NA,NA,NA,NA,NA,NA,NA,NA,NA,0.00,NA,NA,NA
2025-09-24 16:00:00,NA,NA,7.00,3.00,7.29,NA,NA,1.02,44.28,NA,NA,NA,NA,NA,NA,NA,NA,NA,NA,NA,0.00,NA,NA,NA
2025-09-24 17:00:00,39.15,72.94,9.52,3.65,9.68,NA,NA,1.06,44.22,NA,NA,NA,NA,NA,NA,NA,NA,NA,NA,NA,0.00,NA,NA,NA
2025-09-24 18:00:00,47.83,67.96,11.16,4.32,11.37,NA,NA,1.10,31.05,NA,NA,NA,NA,NA,NA,NA,NA,NA,NA,NA,0.00,NA,NA,NA
2025-09-24 19:00:00,78.11,139.56,8.92,4.14,9.45,NA,NA,1.16,17.38,NA,NA,NA,NA,NA,NA,NA,NA,NA,NA,NA,0.00,NA,NA,NA
2025-09-24 20:00:00,58.89,116.54,10.29,3.86,10.42,NA,NA,1.24,13.86,NA,NA,NA,NA,NA,NA,NA,NA,NA,NA,NA,0.00,NA,NA,NA
2025-09-24 21:00:00,NA,101.30,10.40,3.80,10.47,NA,NA,1.40,13.47,NA,NA,NA,NA,NA,NA,NA,NA,NA,NA,NA,0.00,NA,NA,NA
2025-09-24 22:00:00,69.95,75.55,8.94,3.17,8.95,NA,NA,1.44,12.27,NA,NA,NA,NA,NA,NA,NA,NA,NA,NA,NA,0.00,NA,NA,NA
2025-09-24 23:00:00,88.67,99.78,10.26,4.17,10.56,NA,NA,1.49,11.90,NA,NA,NA,NA,NA,NA,NA,NA,NA,NA,NA,0.00,NA,NA,NA
2025-09-25 00:00:00,9.15,105.25,12.72,4.42,12.70,NA,NA,1.49,12.07,NA,NA,NA,NA,NA,NA,NA,NA,NA,NA,NA,0.00,NA,NA,NA
2025-09-25 01:00:00,52.06,126.89,11.89,4.37,11.99,NA,NA,1.50,12.42,NA,NA,NA,NA,NA,NA,NA,NA,NA,NA,NA,0.00,NA,NA,NA
2025-09-25 02:00:00,68.56,138.80,13.31,4.15,13.03,NA,NA,1.53,12.41,NA,NA,NA,NA,NA,NA,NA,NA,NA,NA,NA,0.00,NA,NA,NA
2025-09-25 03:00:00,62.25,114.36,13.90,4.04,13.44,NA,NA,1.51,12.06,NA,NA,NA,NA,NA,NA,NA,NA,NA,NA,NA,0.00,NA,NA,NA
2025-09-25 04:00:00,51.21,102.96,15.35,3.92,14.58,NA,NA,1.48,11.88,NA,NA,NA,NA,NA,NA,NA,NA,NA,NA,NA,0.00,NA,NA,NA
2025-09-25 05:00:00,38.99,90.40,20.61,3.78,18.75,NA,NA,1.47,12.52,NA,NA,NA,NA,NA,NA,NA,NA,NA,NA,NA,0.00,NA,NA,NA
2025-09-25 06:00:00,30.22,126.18,17.39,3.41,15.95,NA,NA,1.39,14.23,NA,NA,NA,NA,NA,NA,NA,NA,NA,NA,NA,0.00,NA,NA,NA
2025-09-25 07:00:00,29.76,78.36,15.04,3.95,14.34,NA,NA,1.36,16.67,NA,NA,NA,NA,NA,NA,NA,NA,NA,NA,NA,0.00,NA,NA,NA
2025-09-25 08:00:00,NA,NA,11.64,4.40,11.80,NA,NA,1.34,16.68,NA,NA,NA,NA,NA,NA,NA,NA,NA,NA,NA,0.00,NA,NA,NA
2025-09-25 09:00:00,44.85,68.53,7.64,7.22,10.05,NA,NA,1.26,15.88,NA,NA,NA,NA,NA,NA,NA,NA,NA,NA,NA,0.00,NA,NA,NA
2025-09-25 10:00:00,35.20,102.70,13.59,19.46,21.42,NA,NA,1.08,18.10,NA,NA,NA,NA,NA,NA,NA,NA,NA,NA,NA,0.00,NA,NA,NA
2025-09-25 11:00:00,37.09,140.01,15.05,31.04,28.74,NA,NA,1.00,20.43,NA,NA,NA,NA,NA,NA,NA,NA,NA,NA,NA,0.00,NA,NA,NA
2025-09-25 12:00:00,24.71,122.97,13.53,27.12,25.43,NA,NA,1.03,22.64,NA,NA,NA,NA,NA,NA,NA,NA,NA,NA,NA,0.00,NA,NA,NA
2025-09-25 13:00:00,20.65,84.03,15.08,17.53,21.58,NA,NA,1.05,30.80,NA,NA,NA,NA,NA,NA,NA,NA,NA,NA,NA,0.00,NA,NA,NA
2025-09-25 14:00:00,26.04,84.22,12.67,14.38,17.96,NA,NA,1.04,35.39,NA,NA,NA,NA,NA,NA,NA,NA,NA,NA,NA,0.00,NA,NA,NA
2025-09-25 15:00:00,28.18,118.86,6.10,10.15,10.36,NA,NA,1.01,46.08,NA,NA,NA,NA,NA,NA,NA,NA,NA,NA,NA,0.00,NA,NA,NA
2025-09-25 16:00:00,35.69,117.88,5.06,7.44,8.08,NA,NA,1.04,44.35,NA,NA,NA,NA,NA,NA,NA,NA,NA,NA,NA,0.00,NA,NA,NA
2025-09-25 17:00:00,29.31,104.23,11.35,4.76,11.76,NA,NA,1.12,39.91,NA,NA,NA,NA,NA,NA,NA,NA,NA,NA,NA,0.00,NA,NA,NA
2025-09-25 18:00:00,45.48,104.09,8.96,5.72,10.33,NA,NA,1.14,23.26,NA,NA,NA,NA,NA,NA,NA,NA,NA,NA,NA,0.00,NA,NA,NA
2025-09-25 19:00:00,58.79,100.76,9.12,6.38,10.80,NA,NA,1.22,19.58,NA,NA,NA,NA,NA,NA,NA,NA,NA,NA,NA,0.00,NA,NA,NA
2025-09-25 20:00:00,66.74,132.56,5.51,7.19,8.31,NA,NA,1.24,17.86,NA,NA,NA,NA,NA,NA,NA,NA,NA,NA,NA,0.00,NA,NA,NA
2025-09-25 21:00:00,51.48,102.62,8.61,6.25,10.32,NA,NA,1.37,14.78,NA,NA,NA,NA,NA,NA,NA,NA,NA,NA,NA,0.00,NA,NA,NA
2025-09-25 22:00:00,51.09,104.74,8.14,7.66,10.70,NA,NA,1.52,13.57,NA,NA,NA,NA,NA,NA,NA,NA,NA,NA,NA,0.00,NA,NA,NA
2025-09-25 23:00:00,42.08,82.39,7.33,8.21,10.32,NA,NA,1.49,11.10,NA,NA,NA,NA,NA,NA,NA,NA,NA,NA,NA,0.00,NA,NA,NA
2025-09-26 00:00:00,43.56,99.44,7.98,5.36,9.34,NA,NA,1.47,12.40,NA,NA,NA,NA,NA,NA,NA,NA,NA,NA,NA,0.00,NA,NA,NA
2025-09-26 01:00:00,44.98,88.81,8.04,4.10,8.72,NA,NA,1.46,12.12,NA,NA,NA,NA,NA,NA,NA,NA,NA,NA,NA,0.00,NA,NA,NA
2025-09-26 02:00:00,42.10,70.31,9.83,2.82,9.50,NA,NA,1.48,13.06,NA,NA,NA,NA,NA,NA,NA,NA,NA,NA,NA,0.00,NA,NA,NA
2025-09-26 03:00:00,44.00,66.10,11.90,3.33,11.44,NA,NA,1.52,12.99,NA,NA,NA,NA,NA,NA,NA,NA,NA,NA,NA,0.00,NA,NA,NA
2025-09-26 04:00:00,47.16,59.54,14.14,2.24,12.69,NA,NA,1.52,11.49,NA,NA,NA,NA,NA,NA,NA,NA,NA,NA,NA,0.00,NA,NA,NA
2025-09-26 05:00:00,47.57,72.76,19.58,2.07,17.03,NA,NA,1.49,12.06,NA,NA,NA,NA,NA,NA,NA,NA,NA,NA,NA,0.00,NA,NA,NA
2025-09-26 06:00:00,49.44,93.72,21.32,2.00,18.39,NA,NA,1.50,14.11,NA,NA,NA,NA,NA,NA,NA,NA,NA,NA,NA,0.00,NA,NA,NA
2025-09-26 07:00:00,38.84,116.90,17.30,2.84,15.58,NA,NA,1.48,18.15,NA,NA,NA,NA,NA,NA,NA,NA,NA,NA,NA,0.00,NA,NA,NA
2025-09-26 08:00:00,28.14,100.40,16.44,3.51,15.24,NA,NA,1.50,12.20,NA,NA,NA,NA,NA,NA,NA,NA,NA,NA,NA,0.00,NA,NA,NA
2025-09-26 09:00:00,36.91,115.29,11.88,5.70,12.69,NA,NA,1.48,22.22,NA,NA,NA,NA,NA,NA,NA,NA,NA,NA,NA,0.00,NA,NA,NA
2025-09-26 10:00:00,39.83,140.86,5.27,8.96,9.05,NA,NA,1.38,33.50,NA,NA,NA,NA,NA,NA,NA,NA,NA,NA,NA,0.00,NA,NA,NA
2025-09-26 11:00:00,36.56,151.06,7.98,8.33,10.92,NA,NA,1.23,36.14,NA,NA,NA,NA,NA,NA,NA,NA,NA,NA,NA,0.00,NA,NA,NA
2025-09-26 12:00:00,28.79,152.39,8.32,5.15,9.50,NA,NA,1.18,40.13,NA,NA,NA,NA,NA,NA,NA,NA,NA,NA,NA,0.00,NA,NA,NA
2025-09-26 13:00:00,17.99,124.41,4.88,5.10,6.68,NA,NA,1.18,44.31,NA,NA,NA,NA,NA,NA,NA,NA,NA,NA,NA,0.00,NA,NA,NA
2025-09-26 14:00:00,20.50,96.06,4.28,4.81,6.04,NA,NA,1.15,45.53,NA,NA,NA,NA,NA,NA,NA,NA,NA,NA,NA,0.00,NA,NA,NA
2025-09-26 15:00:00,25.46,121.16,4.81,5.09,6.62,NA,NA,1.08,49.28,NA,NA,NA,NA,NA,NA,NA,NA,NA,NA,NA,0.00,NA,NA,NA
2025-09-26 16:00:00,39.04,142.88,5.77,5.11,7.40,NA,NA,1.07,51.80,NA,NA,NA,NA,NA,NA,NA,NA,NA,NA,NA,0.00,NA,NA,NA
2025-09-26 17:00:00,37.84,127.23,3.83,5.29,5.93,NA,NA,1.08,46.33,NA,NA,NA,NA,NA,NA,NA,NA,NA,NA,NA,0.00,NA,NA,NA
2025-09-26 18:00:00,32.28,100.23,5.80,5.18,7.47,NA,NA,1.16,33.55,NA,NA,NA,NA,NA,NA,NA,NA,NA,NA,NA,0.00,NA,NA,NA
2025-09-26 19:00:00,32.70,86.46,6.77,6.22,8.81,NA,NA,1.30,28.71,NA,NA,NA,NA,NA,NA,NA,NA,NA,NA,NA,0.00,NA,NA,NA
2025-09-26 20:00:00,35.97,95.22,6.52,6.48,8.75,NA,NA,1.39,15.23,NA,NA,NA,NA,NA,NA,NA,NA,NA,NA,NA,0.00,NA,NA,NA
2025-09-26 21:00:00,50.56,108.72,15.35,6.18,15.76,NA,NA,1.50,13.19,NA,NA,NA,NA,NA,NA,NA,NA,NA,NA,NA,0.00,NA,NA,NA
2025-09-26 22:00:00,44.93,176.60,6.10,8.09,9.26,NA,NA,1.52,14.54,NA,NA,NA,NA,NA,NA,NA,NA,NA,NA,NA,0.00,NA,NA,NA
2025-09-26 23:00:00,45.50,158.11,6.32,6.47,8.58,NA,NA,1.51,16.62,NA,NA,NA,NA,NA,NA,NA,NA,NA,NA,NA,0.00,NA,NA,NA
2025-09-27 00:00:00,31.14,134.37,7.10,5.58,8.74,NA,NA,1.57,13.10,NA,NA,NA,NA,NA,NA,NA,NA,NA,NA,NA,0.00,NA,NA,NA
2025-09-27 01:00:00,54.94,78.84,8.56,4.68,9.44,NA,NA,1.59,11.76,NA,NA,NA,NA,NA,NA,NA,NA,NA,NA,NA,0.00,NA,NA,NA
2025-09-27 02:00:00,53.15,74.72,10.31,3.59,10.29,NA,NA,1.58,11.68,NA,NA,NA,NA,NA,NA,NA,NA,NA,NA,NA,0.00,NA,NA,NA
2025-09-27 03:00:00,56.10,97.42,10.54,3.98,10.68,NA,NA,1.58,12.15,NA,NA,NA,NA,NA,NA,NA,NA,NA,NA,NA,0.00,NA,NA,NA
2025-09-27 04:00:00,52.76,81.48,11.59,2.70,10.86,NA,NA,1.59,13.06,NA,NA,NA,NA,NA,NA,NA,NA,NA,NA,NA,0.00,NA,NA,NA
2025-09-27 05:00:00,44.91,67.70,12.72,1.40,11.08,NA,NA,1.59,12.17,NA,NA,NA,NA,NA,NA,NA,NA,NA,NA,NA,0.00,NA,NA,NA
2025-09-27 06:00:00,58.11,65.64,13.74,1.62,12.04,NA,NA,1.59,12.70,NA,NA,NA,NA,NA,NA,NA,NA,NA,NA,NA,0.00,NA,NA,NA
2025-09-27 07:00:00,50.06,84.20,14.68,2.46,13.25,NA,NA,1.60,16.54,NA,NA,NA,NA,NA,NA,NA,NA,NA,NA,NA,0.00,NA,NA,NA
2025-09-27 08:00:00,56.98,137.84,14.56,5.06,14.53,NA,NA,1.60,14.04,NA,NA,NA,NA,NA,NA,NA,NA,NA,NA,NA,0.00,NA,NA,NA
2025-09-27 09:00:00,47.30,173.69,10.58,7.14,12.40,NA,NA,1.55,27.39,NA,NA,NA,NA,NA,NA,NA,NA,NA,NA,NA,0.00,NA,NA,NA
2025-09-27 10:00:00,56.68,192.06,6.14,11.40,11.06,NA,NA,1.48,49.16,NA,NA,NA,NA,NA,NA,NA,NA,NA,NA,NA,0.00,NA,NA,NA
2025-09-27 11:00:00,64.15,209.99,8.86,8.48,11.72,NA,NA,1.47,59.50,NA,NA,NA,NA,NA,NA,NA,NA,NA,NA,NA,0.00,NA,NA,NA
2025-09-27 12:00:00,52.64,164.24,8.26,6.91,10.40,NA,NA,1.47,64.76,NA,NA,NA,NA,NA,NA,NA,NA,NA,NA,NA,0.00,NA,NA,NA
2025-09-27 13:00:00,61.92,157.90,9.39,6.69,11.19,NA,NA,1.44,71.04,NA,NA,NA,NA,NA,NA,NA,NA,NA,NA,NA,0.00,NA,NA,NA
2025-09-27 14:00:00,62.84,161.90,7.08,7.69,9.86,NA,NA,1.36,74.10,NA,NA,NA,NA,NA,NA,NA,NA,NA,NA,NA,0.00,NA,NA,NA
2025-09-27 15:00:00,59.98,173.76,9.95,6.87,11.74,NA,NA,1.33,71.70,NA,NA,NA,NA,NA,NA,NA,NA,NA,NA,NA,0.00,NA,NA,NA
2025-09-27 16:00:00,54.51,157.29,7.61,5.07,8.88,NA,NA,1.42,65.67,NA,NA,NA,NA,NA,NA,NA,NA,NA,NA,NA,0.00,NA,NA,NA
2025-09-27 17:00:00,56.51,105.86,8.00,4.08,8.68,NA,NA,1.46,29.91,NA,NA,NA,NA,NA,NA,NA,NA,NA,NA,NA,0.00,NA,NA,NA
2025-09-27 18:00:00,46.16,89.89,8.85,2.96,8.76,NA,NA,1.46,15.72,NA,NA,NA,NA,NA,NA,NA,NA,NA,NA,NA,0.00,NA,NA,NA
2025-09-27 19:00:00,97.26,113.20,11.93,3.18,11.39,NA,NA,1.44,12.97,NA,NA,NA,NA,NA,NA,NA,NA,NA,NA,NA,0.00,NA,NA,NA
2025-09-27 20:00:00,110.76,193.05,10.30,4.15,10.57,NA,NA,1.59,15.28,NA,NA,NA,NA,NA,NA,NA,NA,NA,NA,NA,0.00,NA,NA,NA
2025-09-27 21:00:00,110.54,179.07,5.86,6.12,8.02,NA,NA,1.66,16.03,NA,NA,NA,NA,NA,NA,NA,NA,NA,NA,NA,0.00,NA,NA,NA
2025-09-27 22:00:00,97.75,200.66,19.89,5.10,18.88,NA,NA,1.74,14.24,NA,NA,NA,NA,NA,NA,NA,NA,NA,NA,NA,0.00,NA,NA,NA
2025-09-27 23:00:00,96.65,156.63,20.90,3.62,18.91,NA,NA,1.84,13.71,NA,NA,NA,NA,NA,NA,NA,NA,NA,NA,NA,0.00,NA,NA,NA
2025-09-28 00:00:00,70.49,85.44,12.24,2.44,11.26,NA,NA,1.71,13.43,NA,NA,NA,NA,NA,NA,NA,NA,NA,NA,NA,0.00,NA,NA,NA
2025-09-28 01:00:00,62.27,66.86,9.39,2.96,9.21,NA,NA,1.67,11.94,NA,NA,NA,NA,NA,NA,NA,NA,NA,NA,NA,0.00,NA,NA,NA
2025-09-28 02:00:00,70.69,101.88,8.97,3.84,9.34,NA,NA,1.60,12.78,NA,NA,NA,NA,NA,NA,NA,NA,NA,NA,NA,0.00,NA,NA,NA
2025-09-28 03:00:00,54.40,84.15,16.34,2.90,14.82,NA,NA,1.56,13.83,NA,NA,NA,NA,NA,NA,NA,NA,NA,NA,NA,0.00,NA,NA,NA
2025-09-28 04:00:00,43.86,105.04,20.97,1.64,17.92,NA,NA,1.51,17.20,NA,NA,NA,NA,NA,NA,NA,NA,NA,NA,NA,0.00,NA,NA,NA
2025-09-28 05:00:00,38.36,81.50,21.66,1.87,18.60,NA,NA,1.52,17.94,NA,NA,NA,NA,NA,NA,NA,NA,NA,NA,NA,0.00,NA,NA,NA
2025-09-28 06:00:00,NA,NA,19.07,1.23,16.16,NA,NA,1.56,15.77,NA,NA,NA,NA,NA,NA,NA,NA,NA,NA,NA,0.00,NA,NA,NA
2025-09-28 07:00:00,38.55,57.98,23.78,0.79,19.63,NA,NA,1.53,14.01,NA,NA,NA,NA,NA,NA,NA,NA,NA,NA,NA,0.00,NA,NA,NA
2025-09-28 08:00:00,17.39,65.38,20.71,2.00,17.90,NA,NA,1.49,17.20,NA,NA,NA,NA,NA,NA,NA,NA,NA,NA,NA,0.00,NA,NA,NA
2025-09-28 09:00:00,11.80,58.96,17.76,3.19,16.13,NA,NA,1.43,20.67,NA,NA,NA,NA,NA,NA,NA,NA,NA,NA,NA,0.00,NA,NA,NA
2025-09-28 10:00:00,25.19,74.60,16.50,3.81,15.44,NA,NA,1.34,23.02,NA,NA,NA,NA,NA,NA,NA,NA,NA,NA,NA,0.00,NA,NA,NA
2025-09-28 11:00:00,14.34,59.52,16.38,3.41,15.13,NA,NA,1.26,25.66,NA,NA,NA,NA,NA,NA,NA,NA,NA,NA,NA,0.00,NA,NA,NA
2025-09-28 12:00:00,22.34,76.60,22.82,2.88,20.08,NA,NA,1.18,28.12,NA,NA,NA,NA,NA,NA,NA,NA,NA,NA,NA,0.00,NA,NA,NA
2025-09-28 13:00:00,19.46,86.23,17.19,2.74,15.43,NA,NA,1.16,32.38,NA,NA,NA,NA,NA,NA,NA,NA,NA,NA,NA,0.00,NA,NA,NA
2025-09-28 14:00:00,17.34,63.45,8.55,2.76,8.42,NA,NA,1.21,36.70,NA,NA,NA,NA,NA,NA,NA,NA,NA,NA,NA,0.00,NA,NA,NA
2025-09-28 15:00:00,15.86,28.78,5.59,2.96,6.12,NA,NA,1.27,43.09,NA,NA,NA,NA,NA,NA,NA,NA,NA,NA,NA,0.00,NA,NA,NA
2025-09-28 16:00:00,20.12,38.58,5.25,3.50,6.13,NA,NA,1.27,44.45,NA,NA,NA,NA,NA,NA,NA,NA,NA,NA,NA,0.00,NA,NA,NA
2025-09-28 17:00:00,32.96,56.84,5.72,3.64,6.58,NA,NA,1.23,37.89,NA,NA,NA,NA,NA,NA,NA,NA,NA,NA,NA,0.00,NA,NA,NA
2025-09-28 18:00:00,34.72,70.51,6.44,3.55,7.12,NA,NA,1.24,24.02,NA,NA,NA,NA,NA,NA,NA,NA,NA,NA,NA,0.00,NA,NA,NA
2025-09-28 19:00:00,26.97,65.08,7.26,5.66,8.91,NA,NA,1.29,23.16,NA,NA,NA,NA,NA,NA,NA,NA,NA,NA,NA,0.00,NA,NA,NA
2025-09-28 20:00:00,23.77,51.63,8.71,4.96,9.72,NA,NA,1.38,25.55,NA,NA,NA,NA,NA,NA,NA,NA,NA,NA,NA,0.00,NA,NA,NA
2025-09-28 21:00:00,37.02,56.24,9.00,5.10,10.02,NA,NA,1.46,23.17,NA,NA,NA,NA,NA,NA,NA,NA,NA,NA,NA,0.00,NA,NA,NA
2025-09-28 22:00:00,42.82,75.92,8.27,5.99,9.90,NA,NA,1.44,20.82,NA,NA,NA,NA,NA,NA,NA,NA,NA,NA,NA,0.00,NA,NA,NA
2025-09-28 23:00:00,50.97,101.44,7.73,5.27,9.09,NA,NA,1.43,19.90,NA,NA,NA,NA,NA,NA,NA,NA,NA,NA,NA,0.00,NA,NA,NA
2025-09-29 00:00:00,32.18,91.56,8.70,3.34,8.85,NA,NA,1.47,15.86,NA,NA,NA,NA,NA,NA,NA,NA,NA,NA,NA,0.00,NA,NA,NA
2025-09-29 01:00:00,51.79,74.60,10.23,1.82,9.28,NA,NA,1.50,14.28,NA,NA,NA,NA,NA,NA,NA,NA,NA,NA,NA,0.00,NA,NA,NA
2025-09-29 02:00:00,53.33,56.16,10.72,1.22,9.37,NA,NA,1.54,11.16,NA,NA,NA,NA,NA,NA,NA,NA,NA,NA,NA,0.00,NA,NA,NA
2025-09-29 03:00:00,60.26,92.65,10.26,1.38,9.07,NA,NA,1.48,12.85,NA,NA,NA,NA,NA,NA,NA,NA,NA,NA,NA,0.00,NA,NA,NA
2025-09-29 04:00:00,61.26,119.31,9.73,2.45,9.21,NA,NA,1.48,13.77,NA,NA,NA,NA,NA,NA,NA,NA,NA,NA,NA,0.00,NA,NA,NA
2025-09-29 05:00:00,61.81,112.68,9.70,1.69,8.78,NA,NA,1.46,14.17,NA,NA,NA,NA,NA,NA,NA,NA,NA,NA,NA,0.00,NA,NA,NA
2025-09-29 06:00:00,56.37,82.43,11.08,0.43,9.24,NA,NA,1.52,14.54,NA,NA,NA,NA,NA,NA,NA,NA,NA,NA,NA,0.00,NA,NA,NA
2025-09-29 07:00:00,51.58,52.61,11.89,0.35,9.66,NA,NA,1.57,23.58,NA,NA,NA,NA,NA,NA,NA,NA,NA,NA,NA,0.00,NA,NA,NA
2025-09-29 08:00:00,35.28,65.84,10.37,1.59,9.28,NA,NA,1.51,10.15,NA,NA,NA,NA,NA,NA,NA,NA,NA,NA,NA,0.00,NA,NA,NA
2025-09-29 09:00:00,30.29,70.98,7.72,3.27,8.01,NA,NA,1.43,18.13,NA,NA,NA,NA,NA,NA,NA,NA,NA,NA,NA,0.00,NA,NA,NA
2025-09-29 10:00:00,26.29,83.53,5.00,4.26,6.33,NA,NA,1.34,24.00,NA,NA,NA,NA,NA,NA,NA,NA,NA,NA,NA,0.00,NA,NA,NA
2025-09-29 11:00:00,26.37,79.50,3.61,4.80,5.50,NA,NA,1.28,32.01,NA,NA,NA,NA,NA,NA,NA,NA,NA,NA,NA,0.00,NA,NA,NA
2025-09-29 12:00:00,29.61,94.50,25.42,3.78,22.63,NA,NA,1.14,13.95,NA,NA,NA,NA,NA,NA,NA,NA,NA,NA,NA,0.00,NA,NA,NA
2025-09-29 13:00:00,35.05,118.67,10.69,4.47,11.07,NA,NA,1.06,24.51,NA,NA,NA,NA,NA,NA,NA,NA,NA,NA,NA,0.00,NA,NA,NA
2025-09-29 14:00:00,34.72,115.03,13.35,3.42,12.68,NA,NA,1.05,31.26,NA,NA,NA,NA,NA,NA,NA,NA,NA,NA,NA,0.00,NA,NA,NA
2025-09-29 15:00:00,33.35,89.34,20.71,3.09,18.49,NA,NA,1.04,35.74,NA,NA,NA,NA,NA,NA,NA,NA,NA,NA,NA,0.00,NA,NA,NA
2025-09-29 16:00:00,34.34,109.14,29.16,1.79,24.66,NA,NA,1.03,39.28,NA,NA,NA,NA,NA,NA,NA,NA,NA,NA,NA,0.00,NA,NA,NA
2025-09-29 17:00:00,39.56,98.28,24.27,2.03,20.81,NA,NA,1.07,25.86,NA,NA,NA,NA,NA,NA,NA,NA,NA,NA,NA,0.00,NA,NA,NA
2025-09-29 18:00:00,36.55,44.84,18.08,1.74,15.62,NA,NA,1.11,17.48,NA,NA,NA,NA,NA,NA,NA,NA,NA,NA,NA,0.00,NA,NA,NA
2025-09-29 19:00:00,36.11,67.42,8.46,1.92,7.90,NA,NA,1.28,16.13,NA,NA,NA,NA,NA,NA,NA,NA,NA,NA,NA,0.00,NA,NA,NA
2025-09-29 20:00:00,31.04,58.10,9.39,1.51,8.44,NA,NA,1.38,14.18,NA,NA,NA,NA,NA,NA,NA,NA,NA,NA,NA,0.00,NA,NA,NA
2025-09-29 21:00:00,50.22,66.71,9.54,1.80,8.72,NA,NA,1.42,11.74,NA,NA,NA,NA,NA,NA,NA,NA,NA,NA,NA,0.00,NA,NA,NA
2025-09-29 22:00:00,49.70,63.30,9.10,1.55,8.22,NA,NA,1.38,11.95,NA,NA,NA,NA,NA,NA,NA,NA,NA,NA,NA,0.00,NA,NA,NA
2025-09-29 23:00:00,63.51,108.76,9.09,1.85,8.38,NA,NA,1.47,13.45,NA,NA,NA,NA,NA,NA,NA,NA,NA,NA,NA,0.00,NA,NA,NA
2025-09-30 00:00:00,99.57,151.84,10.55,1.55,9.40,NA,NA,1.56,14.48,NA,NA,NA,NA,NA,NA,NA,NA,NA,NA,NA,0.00,NA,NA,NA
2025-09-30 01:00:00,125.78,147.41,11.98,0.92,10.22,NA,NA,1.66,16.29,NA,NA,NA,NA,NA,NA,NA,NA,NA,NA,NA,0.00,NA,NA,NA
2025-09-30 02:00:00,96.52,129.97,12.26,1.00,10.50,NA,NA,1.66,9.31,NA,NA,NA,NA,NA,NA,NA,NA,NA,NA,NA,0.00,NA,NA,NA
2025-09-30 03:00:00,93.56,117.37,12.32,1.87,11.01,NA,NA,1.62,11.54,NA,NA,NA,NA,NA,NA,NA,NA,NA,NA,NA,0.00,NA,NA,NA
2025-09-30 04:00:00,81.21,118.51,12.55,1.74,11.12,NA,NA,1.58,12.92,NA,NA,NA,NA,NA,NA,NA,NA,NA,NA,NA,0.00,NA,NA,NA
2025-09-30 05:00:00,76.29,128.17,13.60,0.99,11.42,NA,NA,1.62,15.75,NA,NA,NA,NA,NA,NA,NA,NA,NA,NA,NA,0.00,NA,NA,NA
2025-09-30 06:00:00,75.28,108.21,14.07,0.10,11.37,NA,NA,1.68,19.20,NA,NA,NA,NA,NA,NA,NA,NA,NA,NA,NA,0.00,NA,NA,NA
2025-09-30 07:00:00,65.47,85.71,14.16,0.37,11.56,NA,NA,1.66,7.28,NA,NA,NA,NA,NA,NA,NA,NA,NA,NA,NA,0.00,NA,NA,NA
2025-09-30 08:00:00,44.78,93.50,13.56,1.39,11.55,NA,NA,1.61,9.21,NA,NA,NA,NA,NA,NA,NA,NA,NA,NA,NA,0.00,NA,NA,NA
2025-09-30 09:00:00,43.65,121.97,11.61,1.62,10.30,NA,NA,1.49,18.06,NA,NA,NA,NA,NA,NA,NA,NA,NA,NA,NA,0.00,NA,NA,NA
2025-09-30 10:00:00,26.86,96.25,10.93,2.01,9.96,NA,NA,1.53,18.53,NA,NA,NA,NA,NA,NA,NA,NA,NA,NA,NA,0.00,NA,NA,NA
2025-09-30 11:00:00,41.74,93.54,7.99,3.20,8.19,NA,NA,1.53,19.27,NA,NA,NA,NA,NA,NA,NA,NA,NA,NA,NA,0.00,NA,NA,NA
2025-09-30 12:00:00,46.21,139.00,4.03,4.68,5.76,NA,NA,1.42,23.67,NA,NA,NA,NA,NA,NA,NA,NA,NA,NA,NA,0.00,NA,NA,NA
2025-09-30 13:00:00,11.93,29.88,3.07,5.34,5.33,NA,NA,1.30,20.87,NA,NA,NA,NA,NA,NA,NA,NA,NA,NA,NA,0.00,NA,NA,NA
2025-09-30 14:00:00,5.87,20.81,3.18,3.46,4.43,NA,NA,1.24,16.32,NA,NA,NA,NA,NA,NA,NA,NA,NA,NA,NA,0.00,NA,NA,NA
2025-09-30 15:00:00,6.38,27.56,3.46,2.85,4.33,NA,NA,1.25,17.97,NA,NA,NA,NA,NA,NA,NA,NA,NA,NA,NA,0.00,NA,NA,NA
2025-09-30 16:00:00,18.88,48.68,4.10,2.82,4.83,NA,NA,1.23,12.29,NA,NA,NA,NA,NA,NA,NA,NA,NA,NA,NA,0.00,NA,NA,NA
2025-09-30 17:00:00,19.45,87.38,10.11,3.64,10.16,NA,NA,1.22,9.35,NA,NA,NA,NA,NA,NA,NA,NA,NA,NA,NA,0.00,NA,NA,NA
2025-09-30 18:00:00,46.27,73.18,4.53,5.22,6.46,NA,NA,1.39,12.35,NA,NA,NA,NA,NA,NA,NA,NA,NA,NA,NA,0.00,NA,NA,NA
2025-09-30 19:00:00,49.83,85.51,4.55,5.66,6.71,NA,NA,1.43,12.19,NA,NA,NA,NA,NA,NA,NA,NA,NA,NA,NA,0.00,NA,NA,NA
2025-09-30 20:00:00,55.12,72.02,6.24,2.91,6.62,NA,NA,1.40,15.16,NA,NA,NA,NA,NA,NA,NA,NA,NA,NA,NA,0.00,NA,NA,NA
2025-09-30 21:00:00,32.84,35.70,5.97,3.14,6.53,NA,NA,1.39,11.15,NA,NA,NA,NA,NA,NA,NA,NA,NA,NA,NA,0.00,NA,NA,NA
2025-09-30 22:00:00,7.78,13.03,5.42,2.75,5.87,NA,NA,1.32,12.76,NA,NA,NA,NA,NA,NA,NA,NA,NA,NA,NA,0.00,NA,NA,NA
2025-09-30 23:00:00,11.29,19.59,5.26,2.50,5.62,NA,NA,1.31,13.80,NA,NA,NA,NA,NA,NA,NA,NA,NA,NA,NA,0.00,NA,NA,NA
2025-10-01 00:00:00,5.26,14.54,7.94,1.26,7.13,NA,NA,1.34,15.74,NA,NA,NA,NA,NA,NA,NA,NA,NA,NA,NA,0.00,NA,NA,NA
2025-10-01 01:00:00,17.07,NA,10.57,0.68,8.96,NA,NA,1.39,14.08,NA,NA,NA,NA,NA,NA,NA,NA,NA,NA,NA,0.00,NA,NA,NA
2025-10-01 02:00:00,24.44,NA,11.24,0.76,9.54,NA,NA,1.42,9.56,NA,NA,NA,NA,NA,NA,NA,NA,NA,NA,NA,0.00,NA,NA,NA
2025-10-01 03:00:00,13.05,24.15,11.40,0.83,9.71,NA,NA,1.38,11.40,NA,NA,NA,NA,NA,NA,NA,NA,NA,NA,NA,0.00,NA,NA,NA
2025-10-01 04:00:00,19.62,28.09,12.30,0.68,10.36,NA,NA,1.38,13.33,NA,NA,NA,NA,NA,NA,NA,NA,NA,NA,NA,0.00,NA,NA,NA
2025-10-01 05:00:00,9.06,21.07,14.86,0.34,12.00,NA,NA,1.40,14.34,NA,NA,NA,NA,NA,NA,NA,NA,NA,NA,NA,0.00,NA,NA,NA
2025-10-01 06:00:00,11.92,NA,16.26,0.01,13.12,NA,NA,1.45,12.26,NA,NA,NA,NA,NA,NA,NA,NA,NA,NA,NA,0.00,NA,NA,NA
2025-10-01 07:00:00,19.96,34.80,17.58,0.30,14.21,NA,NA,1.47,12.82,NA,NA,NA,NA,NA,NA,NA,NA,NA,NA,NA,0.00,NA,NA,NA
2025-10-01 08:00:00,28.12,55.60,18.01,0.94,15.14,NA,NA,1.45,15.33,NA,NA,NA,NA,NA,NA,NA,NA,NA,NA,NA,0.00,NA,NA,NA
2025-10-01 09:00:00,26.80,71.22,16.79,3.02,15.26,NA,NA,1.43,9.10,NA,NA,NA,NA,NA,NA,NA,NA,NA,NA,NA,0.00,NA,NA,NA
2025-10-01 10:00:00,30.25,85.28,5.55,17.29,13.70,NA,NA,1.46,6.40,NA,NA,NA,NA,NA,NA,NA,NA,NA,NA,NA,0.00,NA,NA,NA
2025-10-01 11:00:00,100.97,223.25,3.46,17.07,11.85,NA,NA,1.52,NA,NA,NA,NA,NA,NA,NA,NA,NA,NA,NA,NA,0.00,NA,NA,NA
2025-10-01 12:00:00,55.39,116.77,NA,NA,NA,NA,NA,1.66,31.67,NA,NA,NA,NA,NA,NA,NA,NA,NA,NA,NA,0.00,NA,NA,NA
2025-10-01 13:00:00,48.94,96.94,4.42,20.16,14.32,NA,NA,1.71,55.02,NA,NA,NA,NA,NA,NA,NA,NA,NA,NA,NA,0.00,NA,NA,NA
2025-10-01 14:00:00,54.05,108.34,8.24,19.40,17.02,NA,NA,1.36,60.97,NA,NA,NA,NA,NA,NA,NA,NA,NA,NA,NA,0.00,NA,NA,NA
2025-10-01 15:00:00,48.59,131.56,15.72,16.62,21.62,NA,NA,1.23,59.20,NA,NA,NA,NA,NA,NA,NA,NA,NA,NA,NA,0.00,NA,NA,NA
2025-10-01 16:00:00,57.10,113.99,6.94,16.48,14.40,NA,NA,1.33,60.63,NA,NA,NA,NA,NA,NA,NA,NA,NA,NA,NA,0.00,NA,NA,NA
2025-10-01 17:00:00,78.07,NA,3.38,17.01,11.79,NA,NA,1.38,36.91,NA,NA,NA,NA,NA,NA,NA,NA,NA,NA,NA,0.00,NA,NA,NA
2025-10-01 18:00:00,NA,NA,3.64,15.19,11.04,NA,NA,1.39,13.64,NA,NA,NA,NA,NA,NA,NA,NA,NA,NA,NA,0.00,NA,NA,NA
2025-10-01 19:00:00,50.86,53.96,3.50,13.79,10.18,NA,NA,1.35,14.59,NA,NA,NA,NA,NA,NA,NA,NA,NA,NA,NA,0.00,NA,NA,NA
2025-10-01 20:00:00,45.28,70.44,4.01,12.65,9.99,NA,NA,1.33,15.34,NA,NA,NA,NA,NA,NA,NA,NA,NA,NA,NA,0.00,NA,NA,NA
2025-10-01 21:00:00,56.20,101.18,4.31,12.68,10.24,NA,NA,1.38,15.90,NA,NA,NA,NA,NA,NA,NA,NA,NA,NA,NA,0.00,NA,NA,NA
2025-10-01 22:00:00,54.98,106.43,5.79,12.25,11.22,NA,NA,1.38,16.79,NA,NA,NA,NA,NA,NA,NA,NA,NA,NA,NA,0.00,NA,NA,NA
2025-10-01 23:00:00,39.96,52.77,8.05,11.06,12.42,NA,NA,1.41,17.75,NA,NA,NA,NA,NA,NA,NA,NA,NA,NA,NA,0.00,NA,NA,NA
2025-10-02 00:00:00,25.41,29.12,9.62,10.40,13.36,NA,NA,1.45,15.52,NA,NA,NA,NA,NA,NA,NA,NA,NA,NA,NA,0.00,NA,NA,NA
2025-10-02 01:00:00,NA,NA,9.82,10.74,13.70,NA,NA,1.47,12.44,NA,NA,NA,NA,NA,NA,NA,NA,NA,NA,NA,0.00,NA,NA,NA
2025-10-02 02:00:00,35.15,49.72,10.16,10.81,14.01,NA,NA,1.44,12.70,NA,NA,NA,NA,NA,NA,NA,NA,NA,NA,NA,0.00,NA,NA,NA
2025-10-02 03:00:00,27.62,42.40,11.34,9.90,14.49,NA,NA,1.40,13.58,NA,NA,NA,NA,NA,NA,NA,NA,NA,NA,NA,0.00,NA,NA,NA
2025-10-02 04:00:00,19.45,33.43,13.69,8.73,15.77,NA,NA,1.42,13.46,NA,NA,NA,NA,NA,NA,NA,NA,NA,NA,NA,0.00,NA,NA,NA
2025-10-02 05:00:00,18.99,26.37,14.84,8.47,16.56,NA,NA,1.43,12.64,NA,NA,NA,NA,NA,NA,NA,NA,NA,NA,NA,0.00,NA,NA,NA
2025-10-02 06:00:00,17.80,22.79,14.64,8.87,16.62,NA,NA,1.43,12.43,NA,NA,NA,NA,NA,NA,NA,NA,NA,NA,NA,0.00,NA,NA,NA
2025-10-02 07:00:00,20.92,37.14,15.60,9.02,17.48,NA,NA,1.43,14.17,NA,NA,NA,NA,NA,NA,NA,NA,NA,NA,NA,0.00,NA,NA,NA
2025-10-02 08:00:00,19.48,66.18,16.59,9.24,18.40,NA,NA,1.46,15.19,NA,NA,NA,NA,NA,NA,NA,NA,NA,NA,NA,0.00,NA,NA,NA
2025-10-02 09:00:00,25.86,75.07,16.01,10.70,18.71,NA,NA,1.47,12.42,NA,NA,NA,NA,NA,NA,NA,NA,NA,NA,NA,0.00,NA,NA,NA
2025-10-02 10:00:00,18.32,63.30,13.31,12.57,17.50,NA,NA,1.40,16.55,NA,NA,NA,NA,NA,NA,NA,NA,NA,NA,NA,0.00,NA,NA,NA
2025-10-02 11:00:00,30.69,115.23,9.10,16.08,15.96,NA,NA,1.37,31.18,NA,NA,NA,NA,NA,NA,NA,NA,NA,NA,NA,0.00,NA,NA,NA
2025-10-02 12:00:00,56.18,154.02,4.65,18.52,13.64,NA,NA,1.33,37.40,NA,NA,NA,NA,NA,NA,NA,NA,NA,NA,NA,0.00,NA,NA,NA
2025-10-02 13:00:00,43.80,132.97,3.56,16.52,11.68,NA,NA,1.31,37.26,NA,NA,NA,NA,NA,NA,NA,NA,NA,NA,NA,0.00,NA,NA,NA
2025-10-02 14:00:00,38.58,100.25,4.97,15.12,12.08,NA,NA,1.34,36.35,NA,NA,NA,NA,NA,NA,NA,NA,NA,NA,NA,0.00,NA,NA,NA
2025-10-02 15:00:00,38.45,50.83,6.17,13.81,12.36,NA,NA,1.39,45.58,NA,NA,NA,NA,NA,NA,NA,NA,NA,NA,NA,0.00,NA,NA,NA
2025-10-02 16:00:00,51.63,61.17,5.63,14.08,12.06,NA,NA,1.42,43.53,NA,NA,NA,NA,NA,NA,NA,NA,NA,NA,NA,0.00,NA,NA,NA
2025-10-02 17:00:00,64.97,83.12,4.29,14.39,11.14,NA,NA,1.38,40.50,NA,NA,NA,NA,NA,NA,NA,NA,NA,NA,NA,0.00,NA,NA,NA
2025-10-02 18:00:00,62.91,102.96,3.86,13.24,10.17,NA,NA,1.36,30.49,NA,NA,NA,NA,NA,NA,NA,NA,NA,NA,NA,0.00,NA,NA,NA
2025-10-02 19:00:00,60.00,100.87,4.54,12.06,10.10,NA,NA,1.42,29.00,NA,NA,NA,NA,NA,NA,NA,NA,NA,NA,NA,0.00,NA,NA,NA
2025-10-02 20:00:00,45.67,56.14,5.96,11.18,10.80,NA,NA,1.47,29.16,NA,NA,NA,NA,NA,NA,NA,NA,NA,NA,NA,0.00,NA,NA,NA
2025-10-02 21:00:00,49.41,51.01,6.50,10.53,10.88,NA,NA,1.53,22.68,NA,NA,NA,NA,NA,NA,NA,NA,NA,NA,NA,0.00,NA,NA,NA
2025-10-02 22:00:00,43.51,66.12,6.19,11.16,10.97,NA,NA,1.52,21.50,NA,NA,NA,NA,NA,NA,NA,NA,NA,NA,NA,0.00,NA,NA,NA
2025-10-02 23:00:00,43.12,85.62,5.61,11.65,10.76,NA,NA,1.50,19.90,NA,NA,NA,NA,NA,NA,NA,NA,NA,NA,NA,0.00,NA,NA,NA
2025-10-03 00:00:00,30.88,72.84,6.68,10.43,10.98,NA,NA,1.47,19.48,NA,NA,NA,NA,NA,NA,NA,NA,NA,NA,NA,0.00,NA,NA,NA
2025-10-03 01:00:00,23.09,53.30,7.96,9.78,11.68,NA,NA,1.53,17.49,NA,NA,NA,NA,NA,NA,NA,NA,NA,NA,NA,0.00,NA,NA,NA
2025-10-03 02:00:00,25.99,37.41,8.14,9.64,11.74,NA,NA,1.52,14.62,NA,NA,NA,NA,NA,NA,NA,NA,NA,NA,NA,0.00,NA,NA,NA
2025-10-03 03:00:00,24.36,30.49,7.88,10.08,11.77,NA,NA,1.50,15.28,NA,NA,NA,NA,NA,NA,NA,NA,NA,NA,NA,0.00,NA,NA,NA
2025-10-03 04:00:00,28.62,44.18,7.43,10.52,11.63,NA,NA,1.47,14.37,NA,NA,NA,NA,NA,NA,NA,NA,NA,NA,NA,0.00,NA,NA,NA
2025-10-03 05:00:00,44.52,87.44,8.59,9.51,12.04,NA,NA,1.48,15.68,NA,NA,NA,NA,NA,NA,NA,NA,NA,NA,NA,0.00,NA,NA,NA
2025-10-03 06:00:00,41.36,68.96,9.32,9.15,12.44,NA,NA,1.53,14.45,NA,NA,NA,NA,NA,NA,NA,NA,NA,NA,NA,0.00,NA,NA,NA
2025-10-03 07:00:00,30.56,51.00,9.90,8.91,12.79,NA,NA,1.56,14.59,NA,NA,NA,NA,NA,NA,NA,NA,NA,NA,NA,0.00,NA,NA,NA
2025-10-03 08:00:00,26.68,51.67,8.83,10.32,12.67,NA,NA,1.50,12.39,NA,NA,NA,NA,NA,NA,NA,NA,NA,NA,NA,0.00,NA,NA,NA
2025-10-03 09:00:00,13.28,53.20,6.46,11.54,11.39,NA,NA,1.46,12.59,NA,NA,NA,NA,NA,NA,NA,NA,NA,NA,NA,0.00,NA,NA,NA
2025-10-03 10:00:00,6.32,60.34,5.75,11.49,10.79,NA,NA,1.42,14.25,NA,NA,NA,NA,NA,NA,NA,NA,NA,NA,NA,0.00,NA,NA,NA
2025-10-03 11:00:00,24.60,56.28,3.79,13.62,10.32,NA,NA,1.39,16.53,NA,NA,NA,NA,NA,NA,NA,NA,NA,NA,NA,0.00,NA,NA,NA
2025-10-03 12:00:00,16.76,82.89,3.40,13.37,9.88,NA,NA,1.30,23.67,NA,NA,NA,NA,NA,NA,NA,NA,NA,NA,NA,0.00,NA,NA,NA
2025-10-03 13:00:00,27.88,90.50,3.97,13.62,10.47,NA,NA,1.28,29.33,NA,NA,NA,NA,NA,NA,NA,NA,NA,NA,NA,0.00,NA,NA,NA
2025-10-03 14:00:00,40.63,88.48,6.56,13.70,12.62,NA,NA,1.24,36.89,NA,NA,NA,NA,NA,NA,NA,NA,NA,NA,NA,0.00,NA,NA,NA
2025-10-03 15:00:00,23.80,98.85,13.12,13.02,17.60,NA,NA,1.22,47.13,NA,NA,NA,NA,NA,NA,NA,NA,NA,NA,NA,0.00,NA,NA,NA
2025-10-03 16:00:00,18.45,127.04,21.54,12.82,24.33,NA,NA,1.21,64.03,NA,NA,NA,NA,NA,NA,NA,NA,NA,NA,NA,0.00,NA,NA,NA
2025-10-03 17:00:00,103.97,117.36,13.12,13.84,18.02,NA,NA,1.26,48.73,NA,NA,NA,NA,NA,NA,NA,NA,NA,NA,NA,0.00,NA,NA,NA
2025-10-03 18:00:00,29.14,75.82,6.78,12.64,12.23,NA,NA,1.31,19.07,NA,NA,NA,NA,NA,NA,NA,NA,NA,NA,NA,0.00,NA,NA,NA
2025-10-03 19:00:00,NA,NA,3.20,12.41,9.20,NA,NA,1.39,16.42,NA,NA,NA,NA,NA,NA,NA,NA,NA,NA,NA,0.00,NA,NA,NA
2025-10-03 20:00:00,53.75,70.78,2.99,12.42,9.04,NA,NA,1.46,16.04,NA,NA,NA,NA,NA,NA,NA,NA,NA,NA,NA,0.00,NA,NA,NA
2025-10-03 21:00:00,59.93,104.38,3.75,12.32,9.60,NA,NA,1.56,14.89,NA,NA,NA,NA,NA,NA,NA,NA,NA,NA,NA,0.00,NA,NA,NA
2025-10-03 22:00:00,52.99,88.12,6.66,11.16,11.35,NA,NA,1.73,15.83,NA,NA,NA,NA,NA,NA,NA,NA,NA,NA,NA,0.00,NA,NA,NA
2025-10-03 23:00:00,53.16,74.00,8.92,10.32,12.74,NA,NA,1.90,15.53,NA,NA,NA,NA,NA,NA,NA,NA,NA,NA,NA,0.00,NA,NA,NA
2025-10-04 00:00:00,37.91,56.75,10.36,10.22,13.85,NA,NA,2.01,12.71,NA,NA,NA,NA,NA,NA,NA,NA,NA,NA,NA,0.00,NA,NA,NA
2025-10-04 01:00:00,65.84,95.43,11.15,10.31,14.55,NA,NA,2.03,13.56,NA,NA,NA,NA,NA,NA,NA,NA,NA,NA,NA,0.00,NA,NA,NA
2025-10-04 02:00:00,67.26,111.34,12.21,10.02,15.26,NA,NA,2.01,14.62,NA,NA,NA,NA,NA,NA,NA,NA,NA,NA,NA,0.00,NA,NA,NA
2025-10-04 03:00:00,64.34,126.87,15.86,8.85,17.61,NA,NA,2.07,15.43,NA,NA,NA,NA,NA,NA,NA,NA,NA,NA,NA,0.00,NA,NA,NA
2025-10-04 04:00:00,65.31,112.36,19.81,8.04,20.39,NA,NA,2.10,14.57,NA,NA,NA,NA,NA,NA,NA,NA,NA,NA,NA,0.00,NA,NA,NA
2025-10-04 05:00:00,64.82,113.44,29.18,7.53,27.73,NA,NA,2.20,13.08,NA,NA,NA,NA,NA,NA,NA,NA,NA,NA,NA,0.00,NA,NA,NA
2025-10-04 06:00:00,60.16,90.32,34.00,7.08,31.42,NA,NA,2.22,13.44,NA,NA,NA,NA,NA,NA,NA,NA,NA,NA,NA,0.00,NA,NA,NA
2025-10-04 07:00:00,63.24,138.38,42.63,7.52,38.66,NA,NA,2.18,15.72,NA,NA,NA,NA,NA,NA,NA,NA,NA,NA,NA,0.00,NA,NA,NA
2025-10-04 08:00:00,18.76,243.34,48.42,11.50,45.48,NA,NA,2.10,17.17,NA,NA,NA,NA,NA,NA,NA,NA,NA,NA,NA,0.00,NA,NA,NA
2025-10-04 09:00:00,59.72,246.57,45.77,16.06,45.76,NA,NA,1.80,18.95,NA,NA,NA,NA,NA,NA,NA,NA,NA,NA,NA,0.00,NA,NA,NA
2025-10-04 10:00:00,43.16,215.17,47.76,17.64,48.21,NA,NA,1.68,21.57,NA,NA,NA,NA,NA,NA,NA,NA,NA,NA,NA,0.00,NA,NA,NA
2025-10-04 11:00:00,NA,NA,NA,NA,NA,NA,NA,NA,NA,NA,NA,NA,NA,NA,NA,NA,NA,NA,NA,NA,0.00,NA,NA,NA
2025-10-04 12:00:00,NA,NA,NA,NA,NA,NA,NA,NA,NA,NA,NA,NA,NA,NA,NA,NA,NA,NA,NA,NA,0.00,NA,NA,NA
2025-10-04 13:00:00,NA,NA,NA,NA,NA,NA,NA,NA,NA,NA,NA,NA,NA,NA,NA,NA,NA,NA,NA,NA,0.00,NA,NA,NA
2025-10-04 14:00:00,NA,NA,NA,NA,NA,NA,NA,NA,NA,NA,NA,NA,NA,NA,NA,NA,NA,NA,NA,NA,0.00,NA,NA,NA
2025-10-04 15:00:00,NA,NA,NA,NA,NA,NA,NA,NA,NA,NA,NA,NA,NA,NA,NA,NA,NA,NA,NA,NA,0.00,NA,NA,NA
2025-10-04 16:00:00,NA,NA,NA,NA,NA,NA,NA,NA,NA,NA,NA,NA,NA,NA,NA,NA,NA,NA,NA,NA,0.00,NA,NA,NA
2025-10-04 17:00:00,NA,NA,NA,NA,NA,NA,NA,NA,NA,NA,NA,NA,NA,NA,NA,NA,NA,NA,NA,NA,0.00,NA,NA,NA
2025-10-04 18:00:00,35.36,129.14,282.64,NA,218.56,NA,NA,2.09,13.30,NA,NA,NA,NA,NA,NA,NA,NA,NA,NA,NA,0.00,NA,NA,NA
2025-10-04 19:00:00,NA,NA,40.36,10.79,38.53,NA,NA,1.45,13.99,NA,NA,NA,NA,NA,NA,NA,NA,NA,NA,NA,0.00,NA,NA,NA
2025-10-04 20:00:00,NA,NA,27.93,11.74,28.94,NA,NA,1.44,14.24,NA,NA,NA,NA,NA,NA,NA,NA,NA,NA,NA,0.00,NA,NA,NA
2025-10-04 21:00:00,0.31,NA,25.36,11.62,26.80,NA,NA,1.63,15.60,NA,NA,NA,NA,NA,NA,NA,NA,NA,NA,NA,0.00,NA,NA,NA
2025-10-04 22:00:00,17.39,24.55,26.76,9.38,26.74,NA,NA,1.76,15.79,NA,NA,NA,NA,NA,NA,NA,NA,NA,NA,NA,0.00,NA,NA,NA
2025-10-04 23:00:00,25.09,49.96,21.16,9.85,22.44,NA,NA,1.83,14.58,NA,NA,NA,NA,NA,NA,NA,NA,NA,NA,NA,0.00,NA,NA,NA
2025-10-05 00:00:00,51.68,83.06,20.38,10.94,22.38,NA,NA,1.83,13.72,NA,NA,NA,NA,NA,NA,NA,NA,NA,NA,NA,0.00,NA,NA,NA
2025-10-05 01:00:00,55.10,110.33,22.57,12.20,24.84,NA,NA,1.78,14.44,NA,NA,NA,NA,NA,NA,NA,NA,NA,NA,NA,0.00,NA,NA,NA
2025-10-05 02:00:00,43.50,128.63,21.25,9.12,22.14,NA,NA,1.78,15.50,NA,NA,NA,NA,NA,NA,NA,NA,NA,NA,NA,0.00,NA,NA,NA
2025-10-05 03:00:00,63.18,115.07,21.99,9.05,22.69,NA,NA,1.84,14.20,NA,NA,NA,NA,NA,NA,NA,NA,NA,NA,NA,0.00,NA,NA,NA
2025-10-05 04:00:00,76.20,136.06,26.52,10.17,26.98,NA,NA,1.84,13.96,NA,NA,NA,NA,NA,NA,NA,NA,NA,NA,NA,0.00,NA,NA,NA
2025-10-05 05:00:00,68.63,108.21,39.46,9.76,37.28,NA,NA,1.81,15.63,NA,NA,NA,NA,NA,NA,NA,NA,NA,NA,NA,0.00,NA,NA,NA
2025-10-05 06:00:00,35.38,112.14,32.57,11.52,32.60,NA,NA,1.74,15.31,NA,NA,NA,NA,NA,NA,NA,NA,NA,NA,NA,0.00,NA,NA,NA
2025-10-05 07:00:00,33.10,119.66,23.14,13.98,26.25,NA,NA,1.63,17.28,NA,NA,NA,NA,NA,NA,NA,NA,NA,NA,NA,0.00,NA,NA,NA
2025-10-05 08:00:00,17.05,149.25,26.19,14.90,29.22,NA,NA,1.55,15.13,NA,NA,NA,NA,NA,NA,NA,NA,NA,NA,NA,0.00,NA,NA,NA
2025-10-05 09:00:00,NA,NA,NA,NA,NA,NA,NA,NA,NA,NA,NA,NA,NA,NA,NA,NA,NA,NA,NA,NA,0.00,NA,NA,NA
2025-10-05 10:00:00,NA,NA,NA,NA,NA,NA,NA,NA,NA,NA,NA,NA,NA,NA,NA,NA,NA,NA,NA,NA,0.00,NA,NA,NA
2025-10-05 11:00:00,NA,NA,NA,NA,NA,NA,NA,NA,NA,NA,NA,NA,NA,NA,NA,NA,NA,NA,NA,NA,0.00,NA,NA,NA
2025-10-05 12:00:00,NA,NA,NA,NA,NA,NA,NA,NA,NA,NA,NA,NA,NA,NA,NA,NA,NA,NA,NA,NA,0.00,NA,NA,NA
2025-10-05 13:00:00,NA,NA,NA,NA,NA,NA,NA,NA,NA,NA,NA,NA,NA,NA,NA,NA,NA,NA,NA,NA,0.00,NA,NA,NA
2025-10-05 14:00:00,NA,NA,NA,NA,NA,NA,NA,NA,NA,NA,NA,NA,NA,NA,NA,NA,NA,NA,NA,NA,0.00,NA,NA,NA
2025-10-05 15:00:00,NA,NA,NA,NA,NA,NA,NA,NA,NA,NA,NA,NA,NA,NA,NA,NA,NA,NA,NA,NA,0.00,NA,NA,NA
2025-10-05 16:00:00,NA,NA,NA,NA,NA,NA,NA,NA,NA,NA,NA,NA,NA,NA,NA,NA,NA,NA,NA,NA,0.00,NA,NA,NA
2025-10-05 17:00:00,NA,NA,NA,NA,NA,NA,NA,NA,NA,NA,NA,NA,NA,NA,NA,NA,NA,NA,NA,NA,0.00,NA,NA,NA
2025-10-05 18:00:00,35.24,124.63,88.50,9.51,73.22,NA,NA,1.98,18.29,NA,NA,NA,NA,NA,NA,NA,NA,NA,NA,NA,0.00,NA,NA,NA
2025-10-05 19:00:00,NA,NA,48.40,11.32,45.37,NA,NA,1.37,13.80,NA,NA,NA,NA,NA,NA,NA,NA,NA,NA,NA,0.00,NA,NA,NA
2025-10-05 20:00:00,NA,NA,32.33,11.41,32.34,NA,NA,1.37,14.39,NA,NA,NA,NA,NA,NA,NA,NA,NA,NA,NA,0.00,NA,NA,NA
2025-10-05 21:00:00,NA,NA,26.61,8.28,26.03,NA,NA,1.40,14.48,NA,NA,NA,NA,NA,NA,NA,NA,NA,NA,NA,0.00,NA,NA,NA
2025-10-05 22:00:00,3.70,19.40,28.76,13.24,30.41,NA,NA,1.49,14.01,NA,NA,NA,NA,NA,NA,NA,NA,NA,NA,NA,0.00,NA,NA,NA
2025-10-05 23:00:00,10.83,42.64,35.26,11.72,34.90,NA,NA,1.52,14.74,NA,NA,NA,NA,NA,NA,NA,NA,NA,NA,NA,0.00,NA,NA,NA
2025-10-06 00:00:00,7.76,70.58,18.97,10.02,20.75,NA,NA,1.54,25.69,NA,NA,NA,NA,NA,NA,NA,NA,NA,NA,NA,0.00,NA,NA,NA
2025-10-06 01:00:00,0.54,NA,19.15,11.03,21.44,NA,NA,1.51,34.66,NA,NA,NA,NA,NA,NA,NA,NA,NA,NA,NA,0.00,NA,NA,NA
2025-10-06 02:00:00,NA,NA,16.61,9.36,18.48,NA,NA,1.55,25.94,NA,NA,NA,NA,NA,NA,NA,NA,NA,NA,NA,0.00,NA,NA,NA
2025-10-06 03:00:00,1.52,22.38,16.90,12.04,20.14,NA,NA,1.50,30.76,NA,NA,NA,NA,NA,NA,NA,NA,NA,NA,NA,0.00,NA,NA,NA
2025-10-06 04:00:00,1.89,24.66,14.18,11.49,17.63,NA,NA,1.48,16.13,NA,NA,NA,NA,NA,NA,NA,NA,NA,NA,NA,0.00,NA,NA,NA
2025-10-06 05:00:00,7.99,25.84,12.03,10.41,15.32,NA,NA,1.43,13.87,NA,NA,NA,NA,NA,NA,NA,NA,NA,NA,NA,0.00,NA,NA,NA
2025-10-06 06:00:00,14.78,38.39,15.89,11.19,18.87,NA,NA,1.42,13.41,NA,NA,NA,NA,NA,NA,NA,NA,NA,NA,NA,0.00,NA,NA,NA
2025-10-06 07:00:00,26.73,67.19,20.24,10.22,21.89,NA,NA,1.47,15.33,NA,NA,NA,NA,NA,NA,NA,NA,NA,NA,NA,0.00,NA,NA,NA
2025-10-06 08:00:00,21.70,60.06,21.14,9.61,22.30,NA,NA,1.55,13.76,NA,NA,NA,NA,NA,NA,NA,NA,NA,NA,NA,0.00,NA,NA,NA
2025-10-06 09:00:00,14.27,54.56,18.30,11.57,21.03,NA,NA,1.60,13.18,NA,NA,NA,NA,NA,NA,NA,NA,NA,NA,NA,0.00,NA,NA,NA
2025-10-06 10:00:00,27.27,125.45,10.27,14.57,16.10,NA,NA,1.53,14.66,NA,NA,NA,NA,NA,NA,NA,NA,NA,NA,NA,0.00,NA,NA,NA
2025-10-06 11:00:00,38.75,176.88,11.35,15.64,17.55,NA,NA,1.39,24.26,NA,NA,NA,NA,NA,NA,NA,NA,NA,NA,NA,0.00,NA,NA,NA
2025-10-06 12:00:00,63.02,201.04,20.84,15.04,24.94,NA,NA,1.36,24.12,NA,NA,NA,NA,NA,NA,NA,NA,NA,NA,NA,0.00,NA,NA,NA
2025-10-06 13:00:00,70.24,167.25,9.03,16.76,16.25,NA,NA,1.42,22.66,NA,NA,NA,NA,NA,NA,NA,NA,NA,NA,NA,0.00,NA,NA,NA
2025-10-06 14:00:00,32.85,85.53,10.86,15.78,17.23,NA,NA,1.39,19.90,NA,NA,NA,NA,NA,NA,NA,NA,NA,NA,NA,0.00,NA,NA,NA
2025-10-06 15:00:00,27.37,57.21,12.09,15.02,17.83,NA,NA,1.39,21.42,NA,NA,NA,NA,NA,NA,NA,NA,NA,NA,NA,0.00,NA,NA,NA
2025-10-06 16:00:00,23.25,42.25,10.46,13.75,15.82,NA,NA,1.39,25.34,NA,NA,NA,NA,NA,NA,NA,NA,NA,NA,NA,0.00,NA,NA,NA
2025-10-06 17:00:00,29.04,39.24,23.52,11.50,25.24,NA,NA,1.40,20.13,NA,NA,NA,NA,NA,NA,NA,NA,NA,NA,NA,0.00,NA,NA,NA
2025-10-06 18:00:00,24.70,50.30,16.89,12.79,20.54,NA,NA,1.44,18.25,NA,NA,NA,NA,NA,NA,NA,NA,NA,NA,NA,0.00,NA,NA,NA
2025-10-06 19:00:00,15.33,48.48,17.31,11.40,20.13,NA,NA,1.46,17.04,NA,NA,NA,NA,NA,NA,NA,NA,NA,NA,NA,0.00,NA,NA,NA
2025-10-06 20:00:00,26.94,55.34,12.88,11.41,16.54,NA,NA,1.51,20.40,NA,NA,NA,NA,NA,NA,NA,NA,NA,NA,NA,0.00,NA,NA,NA
2025-10-06 21:00:00,16.27,22.04,8.99,11.79,13.58,NA,NA,1.54,18.04,NA,NA,NA,NA,NA,NA,NA,NA,NA,NA,NA,0.00,NA,NA,NA
2025-10-06 22:00:00,28.30,31.22,14.21,10.67,17.23,NA,NA,1.56,16.90,NA,NA,NA,NA,NA,NA,NA,NA,NA,NA,NA,0.00,NA,NA,NA
2025-10-06 23:00:00,21.75,40.42,10.82,12.45,15.42,NA,NA,1.54,20.60,NA,NA,NA,NA,NA,NA,NA,NA,NA,NA,NA,0.00,NA,NA,NA
2025-10-07 00:00:00,8.35,26.85,5.77,11.78,10.95,NA,NA,1.51,20.02,NA,NA,NA,NA,NA,NA,NA,NA,NA,NA,NA,0.00,NA,NA,NA
2025-10-07 01:00:00,25.24,42.70,7.35,11.39,12.04,NA,NA,1.50,17.36,NA,NA,NA,NA,NA,NA,NA,NA,NA,NA,NA,0.00,NA,NA,NA
2025-10-07 02:00:00,36.24,66.08,13.48,11.40,17.02,NA,NA,1.48,16.05,NA,NA,NA,NA,NA,NA,NA,NA,NA,NA,NA,0.00,NA,NA,NA
2025-10-07 03:00:00,40.72,61.54,7.29,11.78,12.19,NA,NA,1.45,18.56,NA,NA,NA,NA,NA,NA,NA,NA,NA,NA,NA,0.00,NA,NA,NA
2025-10-07 04:00:00,18.84,28.44,10.40,11.10,14.36,NA,NA,1.38,27.79,NA,NA,NA,NA,NA,NA,NA,NA,NA,NA,NA,0.00,NA,NA,NA
2025-10-07 05:00:00,0.04,3.57,5.01,11.48,10.18,NA,NA,1.37,23.74,NA,NA,NA,NA,NA,NA,NA,NA,NA,NA,NA,0.00,NA,NA,NA
2025-10-07 06:00:00,5.28,22.92,8.31,10.78,12.49,NA,NA,1.38,26.16,NA,NA,NA,NA,NA,NA,NA,NA,NA,NA,NA,0.00,NA,NA,NA
2025-10-07 07:00:00,NA,NA,5.93,10.74,10.53,NA,NA,1.45,22.48,NA,NA,NA,NA,NA,NA,NA,NA,NA,NA,NA,0.00,NA,NA,NA
2025-10-07 08:00:00,7.49,NA,6.16,11.15,10.94,NA,NA,1.47,16.34,NA,NA,NA,NA,NA,NA,NA,NA,NA,NA,NA,0.00,NA,NA,NA
2025-10-07 09:00:00,6.94,12.62,5.18,11.58,10.38,NA,NA,1.42,11.16,NA,NA,NA,NA,NA,NA,NA,NA,NA,NA,NA,0.00,NA,NA,NA
2025-10-07 10:00:00,0.99,23.07,4.92,12.76,10.78,NA,NA,1.39,12.62,NA,NA,NA,NA,NA,NA,NA,NA,NA,NA,NA,0.00,NA,NA,NA
2025-10-07 11:00:00,4.26,71.06,5.72,13.96,12.08,NA,NA,1.23,16.26,NA,NA,NA,NA,NA,NA,NA,NA,NA,NA,NA,0.00,NA,NA,NA
2025-10-07 12:00:00,14.44,64.26,5.48,13.77,11.78,NA,NA,1.15,22.48,NA,NA,NA,NA,NA,NA,NA,NA,NA,NA,NA,0.00,NA,NA,NA
2025-10-07 13:00:00,15.22,75.14,9.25,13.84,14.89,NA,NA,1.19,26.33,NA,NA,NA,NA,NA,NA,NA,NA,NA,NA,NA,0.00,NA,NA,NA
2025-10-07 14:00:00,12.12,66.37,11.14,13.86,16.42,NA,NA,1.25,27.87,NA,NA,NA,NA,NA,NA,NA,NA,NA,NA,NA,0.00,NA,NA,NA
2025-10-07 15:00:00,NA,NA,9.86,13.33,15.10,NA,NA,1.15,20.07,NA,NA,NA,NA,NA,NA,NA,NA,NA,NA,NA,0.00,NA,NA,NA
2025-10-07 16:00:00,31.99,75.92,9.09,14.39,15.04,NA,NA,1.13,25.58,NA,NA,NA,NA,NA,NA,NA,NA,NA,NA,NA,0.00,NA,NA,NA
2025-10-07 17:00:00,24.57,35.93,7.72,15.69,14.62,NA,NA,1.14,32.63,NA,NA,NA,NA,NA,NA,NA,NA,NA,NA,NA,0.00,NA,NA,NA
2025-10-07 18:00:00,4.92,NA,4.49,15.99,12.15,NA,NA,1.16,32.57,NA,NA,NA,NA,NA,NA,NA,NA,NA,NA,NA,0.00,NA,NA,NA
2025-10-07 19:00:00,9.33,NA,4.33,14.25,11.10,NA,NA,1.22,29.16,NA,NA,NA,NA,NA,NA,NA,NA,NA,NA,NA,0.00,NA,NA,NA
2025-10-07 20:00:00,NA,NA,4.34,14.84,11.43,NA,NA,1.30,20.08,NA,NA,NA,NA,NA,NA,NA,NA,NA,NA,NA,0.00,NA,NA,NA
2025-10-07 21:00:00,NA,NA,4.67,14.74,11.64,NA,NA,1.37,15.84,NA,NA,NA,NA,NA,NA,NA,NA,NA,NA,NA,0.00,NA,NA,NA
2025-10-07 22:00:00,NA,NA,5.08,15.32,12.28,NA,NA,1.48,14.10,NA,NA,NA,NA,NA,NA,NA,NA,NA,NA,NA,0.00,NA,NA,NA
2025-10-07 23:00:00,23.12,38.24,5.18,18.73,14.18,NA,NA,1.53,14.56,NA,NA,NA,NA,NA,NA,NA,NA,NA,NA,NA,0.00,NA,NA,NA
2025-10-08 00:00:00,16.29,34.40,5.44,15.28,12.54,NA,NA,1.42,16.28,NA,NA,NA,NA,NA,NA,NA,NA,NA,NA,NA,0.00,NA,NA,NA
2025-10-08 01:00:00,9.71,27.71,5.77,13.40,11.82,NA,NA,1.40,13.32,NA,NA,NA,NA,NA,NA,NA,NA,NA,NA,NA,0.00,NA,NA,NA
2025-10-08 02:00:00,NA,NA,6.93,14.48,13.34,NA,NA,1.43,14.95,NA,NA,NA,NA,NA,NA,NA,NA,NA,NA,NA,0.00,NA,NA,NA
2025-10-08 03:00:00,23.76,38.14,11.06,16.43,17.74,NA,NA,1.60,13.10,NA,NA,NA,NA,NA,NA,NA,NA,NA,NA,NA,0.00,NA,NA,NA
2025-10-08 04:00:00,34.16,42.24,10.94,18.90,18.95,NA,NA,1.68,11.87,NA,NA,NA,NA,NA,NA,NA,NA,NA,NA,NA,0.00,NA,NA,NA
2025-10-08 05:00:00,29.07,42.80,9.75,16.80,16.86,NA,NA,1.64,13.02,NA,NA,NA,NA,NA,NA,NA,NA,NA,NA,NA,0.00,NA,NA,NA
2025-10-08 06:00:00,29.40,47.57,9.18,17.15,16.58,NA,NA,1.68,13.48,NA,NA,NA,NA,NA,NA,NA,NA,NA,NA,NA,0.00,NA,NA,NA
2025-10-08 07:00:00,30.50,63.84,9.62,18.02,17.41,NA,NA,1.62,15.65,NA,NA,NA,NA,NA,NA,NA,NA,NA,NA,NA,0.00,NA,NA,NA
2025-10-08 08:00:00,19.26,49.68,8.16,15.54,14.90,NA,NA,1.56,18.73,NA,NA,NA,NA,NA,NA,NA,NA,NA,NA,NA,0.00,NA,NA,NA
2025-10-08 09:00:00,22.98,45.75,7.32,14.19,13.50,NA,NA,1.55,17.86,NA,NA,NA,NA,NA,NA,NA,NA,NA,NA,NA,0.00,NA,NA,NA
2025-10-08 10:00:00,12.87,46.10,5.96,16.09,13.41,NA,NA,1.56,16.38,NA,NA,NA,NA,NA,NA,NA,NA,NA,NA,NA,0.00,NA,NA,NA
2025-10-08 11:00:00,28.18,47.57,5.84,19.95,15.36,NA,NA,1.50,NA,NA,NA,NA,NA,NA,NA,NA,NA,NA,NA,NA,0.00,NA,NA,NA
2025-10-08 12:00:00,37.56,46.54,5.20,18.67,14.15,NA,NA,1.40,25.69,NA,NA,NA,NA,NA,NA,NA,NA,NA,NA,NA,0.00,NA,NA,NA
2025-10-08 13:00:00,34.74,65.92,4.70,17.16,12.95,NA,NA,1.36,28.04,NA,NA,NA,NA,NA,NA,NA,NA,NA,NA,NA,0.00,NA,NA,NA
2025-10-08 14:00:00,27.95,88.88,5.43,16.76,13.34,NA,NA,1.31,36.74,NA,NA,NA,NA,NA,NA,NA,NA,NA,NA,NA,0.00,NA,NA,NA
2025-10-08 15:00:00,42.19,93.70,6.50,17.81,14.75,NA,NA,1.33,45.10,NA,NA,NA,NA,NA,NA,NA,NA,NA,NA,NA,0.00,NA,NA,NA
2025-10-08 16:00:00,50.37,121.72,6.23,18.44,14.87,NA,NA,1.34,52.23,NA,NA,NA,NA,NA,NA,NA,NA,NA,NA,NA,0.00,NA,NA,NA
2025-10-08 17:00:00,35.94,98.82,5.03,17.93,13.62,NA,NA,1.34,41.71,NA,NA,NA,NA,NA,NA,NA,NA,NA,NA,NA,0.00,NA,NA,NA
2025-10-08 18:00:00,43.77,92.92,4.40,16.23,12.21,NA,NA,1.38,18.05,NA,NA,NA,NA,NA,NA,NA,NA,NA,NA,NA,0.00,NA,NA,NA
2025-10-08 19:00:00,34.18,90.18,5.60,15.14,12.60,NA,NA,1.50,14.71,NA,NA,NA,NA,NA,NA,NA,NA,NA,NA,NA,0.00,NA,NA,NA
2025-10-08 20:00:00,41.53,67.78,7.93,16.36,15.15,NA,NA,1.64,19.40,NA,NA,NA,NA,NA,NA,NA,NA,NA,NA,NA,0.00,NA,NA,NA
2025-10-08 21:00:00,31.82,58.30,7.90,15.61,14.73,NA,NA,1.64,21.12,NA,NA,NA,NA,NA,NA,NA,NA,NA,NA,NA,0.00,NA,NA,NA
2025-10-08 22:00:00,21.93,57.49,6.01,16.84,13.85,NA,NA,1.55,32.81,NA,NA,NA,NA,NA,NA,NA,NA,NA,NA,NA,0.00,NA,NA,NA
2025-10-08 23:00:00,25.76,61.68,5.14,15.10,12.21,NA,NA,1.52,29.57,NA,NA,NA,NA,NA,NA,NA,NA,NA,NA,NA,0.00,NA,NA,NA
2025-10-09 00:00:00,18.87,73.55,4.96,15.30,12.17,NA,NA,1.52,25.31,NA,NA,NA,NA,NA,NA,NA,NA,NA,NA,NA,0.00,NA,NA,NA
2025-10-09 01:00:00,27.98,85.07,5.86,15.05,12.76,NA,NA,1.52,25.94,NA,NA,NA,NA,NA,NA,NA,NA,NA,NA,NA,0.00,NA,NA,NA
2025-10-09 02:00:00,42.20,77.80,5.82,14.05,10.56,NA,NA,1.54,18.66,NA,NA,NA,NA,NA,NA,NA,NA,NA,NA,NA,0.00,NA,NA,NA
2025-10-09 03:00:00,40.22,79.90,0.72,14.68,7.34,NA,NA,1.55,14.99,NA,NA,NA,NA,NA,NA,NA,NA,NA,NA,NA,0.00,NA,NA,NA
2025-10-09 04:00:00,37.98,85.54,2.25,15.77,10.22,NA,NA,1.53,12.30,NA,NA,NA,NA,NA,NA,NA,NA,NA,NA,NA,0.00,NA,NA,NA
2025-10-09 05:00:00,34.78,64.89,9.26,14.63,15.31,NA,NA,1.54,11.70,NA,NA,NA,NA,NA,NA,NA,NA,NA,NA,NA,0.00,NA,NA,NA
2025-10-09 06:00:00,42.86,83.60,13.12,16.96,19.69,NA,NA,1.61,12.56,NA,NA,NA,NA,NA,NA,NA,NA,NA,NA,NA,0.00,NA,NA,NA
2025-10-09 07:00:00,28.18,82.20,24.65,14.46,27.74,NA,NA,1.61,13.88,NA,NA,NA,NA,NA,NA,NA,NA,NA,NA,NA,0.00,NA,NA,NA
2025-10-09 08:00:00,31.04,84.13,20.20,15.90,24.90,NA,NA,1.60,12.56,NA,NA,NA,NA,NA,NA,NA,NA,NA,NA,NA,0.00,NA,NA,NA
2025-10-09 09:00:00,28.01,94.90,15.11,18.16,21.94,NA,NA,1.57,17.17,NA,NA,NA,NA,NA,NA,NA,NA,NA,NA,NA,0.00,NA,NA,NA
2025-10-09 10:00:00,29.36,100.89,10.21,19.54,18.70,NA,NA,1.54,24.63,NA,NA,NA,NA,NA,NA,NA,NA,NA,NA,NA,0.00,NA,NA,NA
2025-10-09 11:00:00,34.13,96.96,8.39,17.83,16.32,NA,NA,1.56,37.58,NA,NA,NA,NA,NA,NA,NA,NA,NA,NA,NA,0.00,NA,NA,NA
2025-10-09 12:00:00,40.25,84.39,10.67,18.02,18.26,NA,NA,1.54,46.16,NA,NA,NA,NA,NA,NA,NA,NA,NA,NA,NA,0.00,NA,NA,NA
2025-10-09 13:00:00,40.76,85.28,4.39,18.77,13.55,NA,NA,1.45,52.58,NA,NA,NA,NA,NA,NA,NA,NA,NA,NA,NA,0.00,NA,NA,NA
2025-10-09 14:00:00,41.07,133.13,11.40,17.69,18.68,NA,NA,1.38,55.95,NA,NA,NA,NA,NA,NA,NA,NA,NA,NA,NA,0.00,NA,NA,NA
2025-10-09 15:00:00,39.56,132.25,23.74,16.75,28.21,NA,NA,1.38,57.87,NA,NA,NA,NA,NA,NA,NA,NA,NA,NA,NA,0.00,NA,NA,NA
2025-10-09 16:00:00,42.88,104.32,30.05,14.66,32.23,NA,NA,1.43,59.70,NA,NA,NA,NA,NA,NA,NA,NA,NA,NA,NA,0.00,NA,NA,NA
2025-10-09 17:00:00,40.82,95.60,12.99,19.22,20.78,NA,NA,1.48,50.12,NA,NA,NA,NA,NA,NA,NA,NA,NA,NA,NA,0.00,NA,NA,NA
2025-10-09 18:00:00,42.00,112.55,19.98,20.45,27.12,NA,NA,1.50,42.00,NA,NA,NA,NA,NA,NA,NA,NA,NA,NA,NA,0.00,NA,NA,NA
2025-10-09 19:00:00,48.16,164.41,18.22,20.89,25.92,NA,NA,1.52,48.70,NA,NA,NA,NA,NA,NA,NA,NA,NA,NA,NA,0.00,NA,NA,NA
2025-10-09 20:00:00,52.28,242.77,22.86,19.57,29.00,NA,NA,1.58,49.19,NA,NA,NA,NA,NA,NA,NA,NA,NA,NA,NA,0.00,NA,NA,NA
2025-10-09 21:00:00,58.65,247.44,40.76,16.50,41.92,NA,NA,1.58,47.40,NA,NA,NA,NA,NA,NA,NA,NA,NA,NA,NA,0.00,NA,NA,NA
2025-10-09 22:00:00,61.10,264.59,32.65,16.98,35.57,NA,NA,1.60,47.07,NA,NA,NA,NA,NA,NA,NA,NA,NA,NA,NA,0.00,NA,NA,NA
2025-10-09 23:00:00,70.05,267.22,20.63,16.41,25.50,NA,NA,1.55,40.38,NA,NA,NA,NA,NA,NA,NA,NA,NA,NA,NA,0.00,NA,NA,NA
2025-10-10 00:00:00,59.21,244.03,15.51,15.62,20.92,NA,NA,1.55,20.60,NA,NA,NA,NA,NA,NA,NA,NA,NA,NA,NA,0.00,NA,NA,NA
2025-10-10 01:00:00,63.86,203.74,21.19,15.64,25.55,NA,NA,1.59,24.58,NA,NA,NA,NA,NA,NA,NA,NA,NA,NA,NA,0.00,NA,NA,NA
2025-10-10 02:00:00,58.67,193.42,24.18,14.45,27.34,NA,NA,1.60,17.56,NA,NA,NA,NA,NA,NA,NA,NA,NA,NA,NA,0.00,NA,NA,NA
2025-10-10 03:00:00,57.05,127.48,22.34,11.52,24.28,NA,NA,1.56,12.03,NA,NA,NA,NA,NA,NA,NA,NA,NA,NA,NA,0.00,NA,NA,NA
2025-10-10 04:00:00,56.12,91.66,27.76,13.18,29.58,NA,NA,1.54,11.18,NA,NA,NA,NA,NA,NA,NA,NA,NA,NA,NA,0.00,NA,NA,NA
2025-10-10 05:00:00,45.17,102.06,32.56,11.75,32.73,NA,NA,1.56,11.29,NA,NA,NA,NA,NA,NA,NA,NA,NA,NA,NA,0.00,NA,NA,NA
2025-10-10 06:00:00,40.88,93.02,44.84,10.49,42.03,NA,NA,1.54,12.10,NA,NA,NA,NA,NA,NA,NA,NA,NA,NA,NA,0.00,NA,NA,NA
2025-10-10 07:00:00,42.18,115.25,44.24,13.97,43.40,NA,NA,1.65,13.92,NA,NA,NA,NA,NA,NA,NA,NA,NA,NA,NA,0.00,NA,NA,NA
2025-10-10 08:00:00,64.43,194.96,36.88,18.64,39.90,NA,NA,1.74,17.30,NA,NA,NA,NA,NA,NA,NA,NA,NA,NA,NA,0.00,NA,NA,NA
2025-10-10 09:00:00,69.08,246.51,31.63,21.91,37.36,NA,NA,1.69,21.15,NA,NA,NA,NA,NA,NA,NA,NA,NA,NA,NA,0.00,NA,NA,NA
2025-10-10 10:00:00,52.71,211.30,11.22,21.15,20.37,NA,NA,1.54,39.80,NA,NA,NA,NA,NA,NA,NA,NA,NA,NA,NA,0.00,NA,NA,NA
2025-10-10 11:00:00,53.01,207.06,13.84,19.57,21.67,NA,NA,1.50,51.67,NA,NA,NA,NA,NA,NA,NA,NA,NA,NA,NA,0.00,NA,NA,NA
2025-10-10 12:00:00,52.34,185.52,23.15,16.86,27.78,NA,NA,1.49,60.72,NA,NA,NA,NA,NA,NA,NA,NA,NA,NA,NA,0.00,NA,NA,NA
2025-10-10 13:00:00,50.20,168.15,30.28,16.17,33.22,NA,NA,1.51,67.28,NA,NA,NA,NA,NA,NA,NA,NA,NA,NA,NA,0.00,NA,NA,NA
2025-10-10 14:00:00,50.84,174.34,16.22,16.59,22.01,NA,NA,1.46,69.54,NA,NA,NA,NA,NA,NA,NA,NA,NA,NA,NA,0.00,NA,NA,NA
2025-10-10 15:00:00,51.40,207.56,15.11,16.59,21.11,NA,NA,1.40,74.29,NA,NA,NA,NA,NA,NA,NA,NA,NA,NA,NA,0.00,NA,NA,NA
2025-10-10 16:00:00,60.40,209.59,18.21,15.60,23.10,NA,NA,1.40,74.82,NA,NA,NA,NA,NA,NA,NA,NA,NA,NA,NA,0.00,NA,NA,NA
2025-10-10 17:00:00,52.02,155.30,30.60,13.66,32.15,NA,NA,1.48,38.78,NA,NA,NA,NA,NA,NA,NA,NA,NA,NA,NA,0.00,NA,NA,NA
2025-10-10 18:00:00,58.63,117.22,27.24,13.54,29.35,NA,NA,1.58,28.08,NA,NA,NA,NA,NA,NA,NA,NA,NA,NA,NA,0.00,NA,NA,NA
2025-10-10 19:00:00,83.90,142.30,31.37,12.40,32.10,NA,NA,1.66,14.48,NA,NA,NA,NA,NA,NA,NA,NA,NA,NA,NA,0.00,NA,NA,NA
2025-10-10 20:00:00,70.07,128.91,33.18,11.44,33.06,NA,NA,1.71,13.40,NA,NA,NA,NA,NA,NA,NA,NA,NA,NA,NA,0.00,NA,NA,NA
2025-10-10 21:00:00,63.22,138.70,32.72,11.23,32.57,NA,NA,1.79,12.62,NA,NA,NA,NA,NA,NA,NA,NA,NA,NA,NA,0.00,NA,NA,NA
2025-10-10 22:00:00,90.15,146.68,27.35,14.80,30.11,NA,NA,1.91,11.63,NA,NA,NA,NA,NA,NA,NA,NA,NA,NA,NA,0.00,NA,NA,NA
2025-10-10 23:00:00,79.58,135.38,21.00,12.93,23.95,NA,NA,1.95,11.17,NA,NA,NA,NA,NA,NA,NA,NA,NA,NA,NA,0.00,NA,NA,NA
2025-10-11 00:00:00,73.72,112.24,7.91,14.26,14.02,NA,NA,1.94,11.06,NA,NA,NA,NA,NA,NA,NA,NA,NA,NA,NA,0.00,NA,NA,NA
2025-10-11 01:00:00,74.24,152.82,8.54,15.59,15.24,NA,NA,2.02,11.28,NA,NA,NA,NA,NA,NA,NA,NA,NA,NA,NA,0.00,NA,NA,NA
2025-10-11 02:00:00,77.16,142.03,9.72,14.53,15.64,NA,NA,2.04,11.77,NA,NA,NA,NA,NA,NA,NA,NA,NA,NA,NA,0.00,NA,NA,NA
2025-10-11 03:00:00,69.12,138.84,9.37,12.79,14.42,NA,NA,1.99,11.38,NA,NA,NA,NA,NA,NA,NA,NA,NA,NA,NA,0.00,NA,NA,NA
2025-10-11 04:00:00,61.29,123.10,13.00,11.44,16.66,NA,NA,2.02,11.12,NA,NA,NA,NA,NA,NA,NA,NA,NA,NA,NA,0.00,NA,NA,NA
2025-10-11 05:00:00,80.41,125.58,18.18,11.53,20.92,NA,NA,2.06,11.10,NA,NA,NA,NA,NA,NA,NA,NA,NA,NA,NA,0.00,NA,NA,NA
2025-10-11 06:00:00,84.01,134.41,17.98,11.75,20.87,NA,NA,2.01,11.78,NA,NA,NA,NA,NA,NA,NA,NA,NA,NA,NA,0.00,NA,NA,NA
2025-10-11 07:00:00,62.81,114.53,22.85,12.69,25.34,NA,NA,2.04,13.60,NA,NA,NA,NA,NA,NA,NA,NA,NA,NA,NA,0.00,NA,NA,NA
2025-10-11 08:00:00,90.00,233.57,20.05,24.89,29.53,NA,NA,2.23,20.20,NA,NA,NA,NA,NA,NA,NA,NA,NA,NA,NA,0.00,NA,NA,NA
2025-10-11 09:00:00,108.55,293.49,12.32,25.15,23.39,NA,NA,2.01,37.42,NA,NA,NA,NA,NA,NA,NA,NA,NA,NA,NA,0.00,NA,NA,NA
2025-10-11 10:00:00,62.56,230.75,7.34,21.15,17.22,NA,NA,1.79,46.57,NA,NA,NA,NA,NA,NA,NA,NA,NA,NA,NA,0.00,NA,NA,NA
2025-10-11 11:00:00,55.44,173.69,4.93,19.74,14.51,NA,NA,1.64,48.48,NA,NA,NA,NA,NA,NA,NA,NA,NA,NA,NA,0.00,NA,NA,NA
2025-10-11 12:00:00,62.89,214.51,19.59,17.88,25.45,NA,NA,1.46,52.23,NA,NA,NA,NA,NA,NA,NA,NA,NA,NA,NA,0.00,NA,NA,NA
2025-10-11 13:00:00,60.64,277.25,26.91,16.88,30.86,NA,NA,1.34,56.64,NA,NA,NA,NA,NA,NA,NA,NA,NA,NA,NA,0.00,NA,NA,NA
2025-10-11 14:00:00,69.67,243.44,53.16,13.12,50.20,NA,NA,1.22,63.86,NA,NA,NA,NA,NA,NA,NA,NA,NA,NA,NA,0.00,NA,NA,NA
2025-10-11 15:00:00,59.26,207.62,47.95,12.88,45.82,NA,NA,1.17,70.96,NA,NA,NA,NA,NA,NA,NA,NA,NA,NA,NA,0.00,NA,NA,NA
2025-10-11 16:00:00,48.60,182.18,27.49,14.00,29.79,NA,NA,1.20,71.82,NA,NA,NA,NA,NA,NA,NA,NA,NA,NA,NA,0.00,NA,NA,NA
2025-10-11 17:00:00,59.07,143.84,17.52,16.38,22.96,NA,NA,1.28,55.62,NA,NA,NA,NA,NA,NA,NA,NA,NA,NA,NA,0.00,NA,NA,NA
2025-10-11 18:00:00,60.78,122.03,11.33,18.04,18.80,NA,NA,1.32,23.00,NA,NA,NA,NA,NA,NA,NA,NA,NA,NA,NA,0.00,NA,NA,NA
2025-10-11 19:00:00,69.14,162.20,13.88,22.26,23.12,NA,NA,1.44,14.03,NA,NA,NA,NA,NA,NA,NA,NA,NA,NA,NA,0.00,NA,NA,NA
2025-10-11 20:00:00,78.73,163.42,6.22,20.19,15.80,NA,NA,1.60,13.08,NA,NA,NA,NA,NA,NA,NA,NA,NA,NA,NA,0.00,NA,NA,NA
2025-10-11 21:00:00,86.92,206.83,6.34,24.51,18.19,NA,NA,1.72,12.79,NA,NA,NA,NA,NA,NA,NA,NA,NA,NA,NA,0.00,NA,NA,NA
2025-10-11 22:00:00,91.21,222.29,8.18,25.55,20.25,NA,NA,1.76,12.12,NA,NA,NA,NA,NA,NA,NA,NA,NA,NA,NA,0.00,NA,NA,NA
2025-10-11 23:00:00,79.67,241.74,8.09,24.56,19.64,NA,NA,1.76,20.53,NA,NA,NA,NA,NA,NA,NA,NA,NA,NA,NA,0.00,NA,NA,NA
2025-10-12 00:00:00,57.89,175.47,7.74,19.75,16.80,NA,NA,1.75,20.72,NA,NA,NA,NA,NA,NA,NA,NA,NA,NA,NA,0.00,NA,NA,NA
2025-10-12 01:00:00,79.54,162.71,7.40,18.98,16.11,NA,NA,1.79,16.77,NA,NA,NA,NA,NA,NA,NA,NA,NA,NA,NA,0.00,NA,NA,NA
2025-10-12 02:00:00,84.04,151.43,6.72,16.71,14.34,NA,NA,1.78,15.51,NA,NA,NA,NA,NA,NA,NA,NA,NA,NA,NA,0.00,NA,NA,NA
2025-10-12 03:00:00,72.99,150.50,6.20,15.59,13.34,NA,NA,1.74,17.39,NA,NA,NA,NA,NA,NA,NA,NA,NA,NA,NA,0.00,NA,NA,NA
2025-10-12 04:00:00,78.37,162.59,6.23,17.41,14.33,NA,NA,1.71,18.18,NA,NA,NA,NA,NA,NA,NA,NA,NA,NA,NA,0.00,NA,NA,NA
2025-10-12 05:00:00,70.79,154.97,6.52,20.40,16.16,NA,NA,1.74,16.23,NA,NA,NA,NA,NA,NA,NA,NA,NA,NA,NA,0.00,NA,NA,NA
2025-10-12 06:00:00,77.73,144.56,7.80,17.61,15.71,NA,NA,1.76,12.43,NA,NA,NA,NA,NA,NA,NA,NA,NA,NA,NA,0.00,NA,NA,NA
2025-10-12 07:00:00,76.79,121.16,11.04,16.39,17.69,NA,NA,1.76,13.37,NA,NA,NA,NA,NA,NA,NA,NA,NA,NA,NA,0.00,NA,NA,NA
2025-10-12 08:00:00,64.26,205.51,8.07,20.23,17.32,NA,NA,1.77,19.25,NA,NA,NA,NA,NA,NA,NA,NA,NA,NA,NA,0.00,NA,NA,NA
2025-10-12 09:00:00,70.81,216.18,6.22,19.25,15.30,NA,NA,1.74,34.04,NA,NA,NA,NA,NA,NA,NA,NA,NA,NA,NA,0.00,NA,NA,NA
2025-10-12 10:00:00,81.14,223.68,5.53,19.19,14.70,NA,NA,1.76,48.96,NA,NA,NA,NA,NA,NA,NA,NA,NA,NA,NA,0.00,NA,NA,NA
2025-10-12 11:00:00,86.13,207.39,5.15,20.27,14.97,NA,NA,1.77,64.02,NA,NA,NA,NA,NA,NA,NA,NA,NA,NA,NA,0.00,NA,NA,NA
2025-10-12 12:00:00,50.40,187.10,4.69,20.97,14.97,NA,NA,1.71,74.92,NA,NA,NA,NA,NA,NA,NA,NA,NA,NA,NA,0.00,NA,NA,NA
2025-10-12 13:00:00,NA,234.54,4.64,20.12,14.48,NA,NA,1.63,76.34,NA,NA,NA,NA,NA,NA,NA,NA,NA,NA,NA,0.00,NA,NA,NA
2025-10-12 14:00:00,NA,203.23,4.70,18.28,13.54,NA,NA,1.59,78.30,NA,NA,NA,NA,NA,NA,NA,NA,NA,NA,NA,0.00,NA,NA,NA
2025-10-12 15:00:00,NA,169.07,4.62,16.87,12.73,NA,NA,1.58,78.13,NA,NA,NA,NA,NA,NA,NA,NA,NA,NA,NA,0.00,NA,NA,NA
2025-10-12 16:00:00,NA,140.18,4.37,16.25,12.20,NA,NA,1.56,72.95,NA,NA,NA,NA,NA,NA,NA,NA,NA,NA,NA,0.00,NA,NA,NA
2025-10-12 17:00:00,NA,122.77,3.96,17.78,12.68,NA,NA,1.52,60.64,NA,NA,NA,NA,NA,NA,NA,NA,NA,NA,NA,0.00,NA,NA,NA
2025-10-12 18:00:00,NA,168.22,4.26,19.85,14.03,NA,NA,1.58,28.68,NA,NA,NA,NA,NA,NA,NA,NA,NA,NA,NA,0.00,NA,NA,NA
2025-10-12 19:00:00,NA,188.38,5.31,19.44,14.66,NA,NA,1.67,19.13,NA,NA,NA,NA,NA,NA,NA,NA,NA,NA,NA,0.00,NA,NA,NA
2025-10-12 20:00:00,NA,166.02,6.01,20.99,16.05,NA,NA,1.82,13.36,NA,NA,NA,NA,NA,NA,NA,NA,NA,NA,NA,0.00,NA,NA,NA
2025-10-12 21:00:00,NA,156.96,6.51,18.95,15.37,NA,NA,1.91,11.70,NA,NA,NA,NA,NA,NA,NA,NA,NA,NA,NA,0.00,NA,NA,NA
2025-10-12 22:00:00,NA,168.94,6.60,17.99,14.93,NA,NA,2.00,11.56,NA,NA,NA,NA,NA,NA,NA,NA,NA,NA,NA,0.00,NA,NA,NA
2025-10-12 23:00:00,NA,154.01,7.13,16.69,14.68,NA,NA,2.03,11.64,NA,NA,NA,NA,NA,NA,NA,NA,NA,NA,NA,0.00,NA,NA,NA
2025-10-13 00:00:00,NA,159.92,7.41,14.69,13.84,NA,NA,1.97,12.33,NA,NA,NA,NA,NA,NA,NA,NA,NA,NA,NA,0.00,NA,NA,NA
2025-10-13 01:00:00,NA,139.25,7.94,14.06,13.93,NA,NA,2.01,11.68,NA,NA,NA,NA,NA,NA,NA,NA,NA,NA,NA,0.00,NA,NA,NA
2025-10-13 02:00:00,NA,129.21,8.46,13.59,14.10,NA,NA,2.02,10.58,NA,NA,NA,NA,NA,NA,NA,NA,NA,NA,NA,0.00,NA,NA,NA
2025-10-13 03:00:00,NA,135.37,13.46,13.75,18.26,NA,NA,2.06,11.07,NA,NA,NA,NA,NA,NA,NA,NA,NA,NA,NA,0.00,NA,NA,NA
2025-10-13 04:00:00,NA,169.53,13.18,16.89,19.70,NA,NA,2.11,11.86,NA,NA,NA,NA,NA,NA,NA,NA,NA,NA,NA,0.00,NA,NA,NA
2025-10-13 05:00:00,NA,228.32,13.44,17.42,20.19,NA,NA,2.12,11.90,NA,NA,NA,NA,NA,NA,NA,NA,NA,NA,NA,0.00,NA,NA,NA
2025-10-13 06:00:00,NA,157.45,14.20,14.31,19.16,NA,NA,2.05,11.21,NA,NA,NA,NA,NA,NA,NA,NA,NA,NA,NA,0.00,NA,NA,NA
2025-10-13 07:00:00,NA,128.35,17.66,14.32,21.98,NA,NA,2.04,13.56,NA,NA,NA,NA,NA,NA,NA,NA,NA,NA,NA,0.00,NA,NA,NA
2025-10-13 08:00:00,NA,277.14,16.76,24.12,26.46,NA,NA,2.24,17.94,NA,NA,NA,NA,NA,NA,NA,NA,NA,NA,NA,0.00,NA,NA,NA
2025-10-13 09:00:00,NA,293.54,10.86,24.32,21.76,NA,NA,2.06,27.88,NA,NA,NA,NA,NA,NA,NA,NA,NA,NA,NA,0.00,NA,NA,NA
2025-10-13 10:00:00,101.25,205.62,6.60,22.82,17.51,NA,NA,1.80,43.87,NA,NA,NA,NA,NA,NA,NA,NA,NA,NA,NA,0.00,NA,NA,NA
2025-10-13 11:00:00,NA,198.21,5.80,30.05,20.70,NA,NA,1.82,60.49,NA,NA,NA,NA,NA,NA,NA,NA,NA,NA,NA,0.00,NA,NA,NA
2025-10-13 12:00:00,NA,206.86,4.88,23.55,16.49,NA,NA,1.54,69.96,NA,NA,NA,NA,NA,NA,NA,NA,NA,NA,NA,0.00,NA,NA,NA
2025-10-13 13:00:00,62.00,233.80,4.64,23.08,16.05,NA,NA,1.51,87.78,NA,NA,NA,NA,NA,NA,NA,NA,NA,NA,NA,0.00,NA,NA,NA
2025-10-13 14:00:00,81.30,202.84,5.93,21.19,16.09,NA,NA,1.45,89.41,NA,NA,NA,NA,NA,NA,NA,NA,NA,NA,NA,0.00,NA,NA,NA
2025-10-13 15:00:00,65.12,167.15,5.78,20.17,15.42,NA,NA,1.38,91.34,NA,NA,NA,NA,NA,NA,NA,NA,NA,NA,NA,0.00,NA,NA,NA
2025-10-13 16:00:00,57.50,169.31,4.59,21.13,14.97,NA,NA,1.39,75.46,NA,NA,NA,NA,NA,NA,NA,NA,NA,NA,NA,0.00,NA,NA,NA
2025-10-13 17:00:00,77.72,157.31,4.56,18.12,13.34,NA,NA,1.42,22.88,NA,NA,NA,NA,NA,NA,NA,NA,NA,NA,NA,0.00,NA,NA,NA
2025-10-13 18:00:00,64.94,138.44,4.51,22.46,15.61,NA,NA,1.50,20.51,NA,NA,NA,NA,NA,NA,NA,NA,NA,NA,NA,0.00,NA,NA,NA
2025-10-13 19:00:00,72.82,135.37,5.25,20.35,15.10,NA,NA,1.57,14.77,NA,NA,NA,NA,NA,NA,NA,NA,NA,NA,NA,0.00,NA,NA,NA
2025-10-13 20:00:00,64.46,131.17,6.28,20.04,15.77,NA,NA,1.75,13.60,NA,NA,NA,NA,NA,NA,NA,NA,NA,NA,NA,0.00,NA,NA,NA
2025-10-13 21:00:00,64.78,137.32,6.70,20.62,16.41,NA,NA,1.90,11.68,NA,NA,NA,NA,NA,NA,NA,NA,NA,NA,NA,0.00,NA,NA,NA
2025-10-13 22:00:00,71.09,156.46,6.82,22.65,17.58,NA,NA,2.04,11.54,NA,NA,NA,NA,NA,NA,NA,NA,NA,NA,NA,0.00,NA,NA,NA
2025-10-13 23:00:00,83.78,216.02,7.36,21.54,17.44,NA,NA,2.08,11.81,NA,NA,NA,NA,NA,NA,NA,NA,NA,NA,NA,0.00,NA,NA,NA
2025-10-14 00:00:00,91.40,197.56,7.59,19.40,16.49,NA,NA,2.13,12.12,NA,NA,NA,NA,NA,NA,NA,NA,NA,NA,NA,0.00,NA,NA,NA
2025-10-14 01:00:00,85.64,159.57,8.88,16.11,15.78,NA,NA,2.18,11.57,NA,NA,NA,NA,NA,NA,NA,NA,NA,NA,NA,0.00,NA,NA,NA
2025-10-14 02:00:00,77.80,137.90,9.41,15.89,16.10,NA,NA,2.24,11.18,NA,NA,NA,NA,NA,NA,NA,NA,NA,NA,NA,0.00,NA,NA,NA
2025-10-14 03:00:00,79.09,144.35,8.90,15.61,15.54,NA,NA,2.16,11.08,NA,NA,NA,NA,NA,NA,NA,NA,NA,NA,NA,0.00,NA,NA,NA
2025-10-14 04:00:00,75.64,124.04,9.38,15.78,16.02,NA,NA,2.08,11.24,NA,NA,NA,NA,NA,NA,NA,NA,NA,NA,NA,0.00,NA,NA,NA
2025-10-14 05:00:00,70.83,129.54,10.18,15.57,16.55,NA,NA,2.01,11.87,NA,NA,NA,NA,NA,NA,NA,NA,NA,NA,NA,0.00,NA,NA,NA
2025-10-14 06:00:00,59.58,105.22,10.59,14.20,16.16,NA,NA,1.98,11.75,NA,NA,NA,NA,NA,NA,NA,NA,NA,NA,NA,0.00,NA,NA,NA
2025-10-14 07:00:00,45.42,84.96,12.95,11.90,16.86,NA,NA,1.94,13.60,NA,NA,NA,NA,NA,NA,NA,NA,NA,NA,NA,0.00,NA,NA,NA
2025-10-14 08:00:00,100.97,196.39,20.37,26.72,30.77,NA,NA,2.30,16.53,NA,NA,NA,NA,NA,NA,NA,NA,NA,NA,NA,0.00,NA,NA,NA
2025-10-14 09:00:00,131.05,335.06,13.79,38.48,31.68,NA,NA,2.26,22.13,NA,NA,NA,NA,NA,NA,NA,NA,NA,NA,NA,0.00,NA,NA,NA
2025-10-14 10:00:00,102.30,291.15,6.91,29.96,21.55,NA,NA,1.93,57.84,NA,NA,NA,NA,NA,NA,NA,NA,NA,NA,NA,0.00,NA,NA,NA
2025-10-14 11:00:00,50.40,182.46,4.77,23.93,16.60,NA,NA,1.68,66.54,NA,NA,NA,NA,NA,NA,NA,NA,NA,NA,NA,0.00,NA,NA,NA
2025-10-14 12:00:00,50.56,171.04,4.76,22.14,15.64,NA,NA,1.58,71.68,NA,NA,NA,NA,NA,NA,NA,NA,NA,NA,NA,0.00,NA,NA,NA
2025-10-14 13:00:00,29.49,159.54,5.06,21.04,15.30,NA,NA,1.56,84.31,NA,NA,NA,NA,NA,NA,NA,NA,NA,NA,NA,0.00,NA,NA,NA
2025-10-14 14:00:00,32.79,136.32,5.22,20.94,15.39,NA,NA,1.63,97.94,NA,NA,NA,NA,NA,NA,NA,NA,NA,NA,NA,0.00,NA,NA,NA
2025-10-14 15:00:00,52.28,139.75,4.91,20.92,15.11,NA,NA,1.64,107.47,NA,NA,NA,NA,NA,NA,NA,NA,NA,NA,NA,0.00,NA,NA,NA
2025-10-14 16:00:00,67.12,163.67,4.59,20.22,14.49,NA,NA,1.59,82.26,NA,NA,NA,NA,NA,NA,NA,NA,NA,NA,NA,0.00,NA,NA,NA
2025-10-14 17:00:00,73.02,156.61,4.70,18.32,13.57,NA,NA,1.54,47.88,NA,NA,NA,NA,NA,NA,NA,NA,NA,NA,NA,0.00,NA,NA,NA
2025-10-14 18:00:00,61.24,143.29,4.68,18.54,13.67,NA,NA,1.51,30.73,NA,NA,NA,NA,NA,NA,NA,NA,NA,NA,NA,0.00,NA,NA,NA
2025-10-14 19:00:00,69.59,141.43,4.82,16.76,12.84,NA,NA,1.63,17.45,NA,NA,NA,NA,NA,NA,NA,NA,NA,NA,NA,0.00,NA,NA,NA
2025-10-14 20:00:00,103.62,186.62,5.19,18.38,14.00,NA,NA,1.82,15.65,NA,NA,NA,NA,NA,NA,NA,NA,NA,NA,NA,0.00,NA,NA,NA
2025-10-14 21:00:00,125.83,198.92,6.46,18.83,15.27,NA,NA,2.15,13.58,NA,NA,NA,NA,NA,NA,NA,NA,NA,NA,NA,0.00,NA,NA,NA
2025-10-14 22:00:00,119.61,197.48,7.74,19.36,16.59,NA,NA,2.39,11.70,NA,NA,NA,NA,NA,NA,NA,NA,NA,NA,NA,0.00,NA,NA,NA
2025-10-14 23:00:00,135.65,191.40,13.63,19.52,21.46,NA,NA,2.60,11.18,NA,NA,NA,NA,NA,NA,NA,NA,NA,NA,NA,0.00,NA,NA,NA
2025-10-15 00:00:00,116.45,200.27,16.52,18.98,23.53,NA,NA,2.72,11.67,NA,NA,NA,NA,NA,NA,NA,NA,NA,NA,NA,0.00,NA,NA,NA
2025-10-15 01:00:00,114.44,192.67,16.34,17.31,22.49,NA,NA,2.74,11.95,NA,NA,NA,NA,NA,NA,NA,NA,NA,NA,NA,0.00,NA,NA,NA
2025-10-15 02:00:00,103.22,149.57,13.19,16.50,19.50,NA,NA,2.56,11.36,NA,NA,NA,NA,NA,NA,NA,NA,NA,NA,NA,0.00,NA,NA,NA
2025-10-15 03:00:00,87.93,153.66,21.72,15.31,25.80,NA,NA,2.56,11.55,NA,NA,NA,NA,NA,NA,NA,NA,NA,NA,NA,0.00,NA,NA,NA
2025-10-15 04:00:00,90.44,131.21,23.11,12.80,25.60,NA,NA,2.52,10.98,NA,NA,NA,NA,NA,NA,NA,NA,NA,NA,NA,0.00,NA,NA,NA
2025-10-15 05:00:00,80.00,128.45,26.46,13.11,28.49,NA,NA,2.46,11.32,NA,NA,NA,NA,NA,NA,NA,NA,NA,NA,NA,0.00,NA,NA,NA
2025-10-15 06:00:00,18.30,110.75,25.50,13.66,27.99,NA,NA,2.40,11.96,NA,NA,NA,NA,NA,NA,NA,NA,NA,NA,NA,0.00,NA,NA,NA
2025-10-15 07:00:00,NA,80.65,24.89,12.12,26.68,NA,NA,2.38,13.46,NA,NA,NA,NA,NA,NA,NA,NA,NA,NA,NA,0.00,NA,NA,NA
2025-10-15 08:00:00,NA,98.15,22.38,20.37,29.03,NA,NA,2.50,14.61,NA,NA,NA,NA,NA,NA,NA,NA,NA,NA,NA,0.00,NA,NA,NA
2025-10-15 09:00:00,NA,208.91,15.62,28.96,28.10,NA,NA,2.37,24.80,NA,NA,NA,NA,NA,NA,NA,NA,NA,NA,NA,0.00,NA,NA,NA
2025-10-15 10:00:00,NA,233.87,9.44,27.61,22.36,NA,NA,2.11,57.66,NA,NA,NA,NA,NA,NA,NA,NA,NA,NA,NA,0.00,NA,NA,NA
2025-10-15 11:00:00,NA,218.44,5.12,24.27,17.07,NA,NA,1.81,69.61,NA,NA,NA,NA,NA,NA,NA,NA,NA,NA,NA,0.00,NA,NA,NA
2025-10-15 12:00:00,NA,170.51,4.85,26.26,17.91,NA,NA,1.80,102.43,NA,NA,NA,NA,NA,NA,NA,NA,NA,NA,NA,0.00,NA,NA,NA
2025-10-15 13:00:00,NA,192.57,4.92,23.65,16.58,NA,NA,1.70,105.27,NA,NA,NA,NA,NA,NA,NA,NA,NA,NA,NA,0.00,NA,NA,NA
2025-10-15 14:00:00,NA,164.26,5.35,21.45,15.76,NA,NA,1.70,106.92,NA,NA,NA,NA,NA,NA,NA,NA,NA,NA,NA,0.00,NA,NA,NA
2025-10-15 15:00:00,NA,129.54,4.39,21.41,14.96,NA,NA,1.66,109.00,NA,NA,NA,NA,NA,NA,NA,NA,NA,NA,NA,0.00,NA,NA,NA
2025-10-15 16:00:00,69.26,151.93,5.06,21.39,15.50,NA,NA,1.62,75.76,NA,NA,NA,NA,NA,NA,NA,NA,NA,NA,NA,0.00,NA,NA,NA
2025-10-15 17:00:00,86.06,156.72,4.66,19.24,14.02,NA,NA,1.49,36.83,NA,NA,NA,NA,NA,NA,NA,NA,NA,NA,NA,0.00,NA,NA,NA
2025-10-15 18:00:00,62.31,105.93,5.32,17.20,13.47,NA,NA,1.56,20.96,NA,NA,NA,NA,NA,NA,NA,NA,NA,NA,NA,0.00,NA,NA,NA
2025-10-15 19:00:00,64.56,121.56,5.62,19.13,14.74,NA,NA,1.73,17.78,NA,NA,NA,NA,NA,NA,NA,NA,NA,NA,NA,0.00,NA,NA,NA
2025-10-15 20:00:00,106.54,143.32,5.72,17.78,14.11,NA,NA,1.95,13.30,NA,NA,NA,NA,NA,NA,NA,NA,NA,NA,NA,0.00,NA,NA,NA
2025-10-15 21:00:00,100.70,200.14,6.43,19.86,15.80,NA,NA,2.06,12.16,NA,NA,NA,NA,NA,NA,NA,NA,NA,NA,NA,0.00,NA,NA,NA
2025-10-15 22:00:00,112.96,190.80,8.93,20.09,17.95,NA,NA,2.14,11.96,NA,NA,NA,NA,NA,NA,NA,NA,NA,NA,NA,0.00,NA,NA,NA
2025-10-15 23:00:00,91.88,196.34,10.80,17.18,17.93,NA,NA,2.24,12.17,NA,NA,NA,NA,NA,NA,NA,NA,NA,NA,NA,0.00,NA,NA,NA
2025-10-16 00:00:00,76.22,180.97,15.90,18.79,22.91,NA,NA,2.31,11.68,NA,NA,NA,NA,NA,NA,NA,NA,NA,NA,NA,0.00,NA,NA,NA
2025-10-16 01:00:00,85.36,168.48,10.92,17.88,18.39,NA,NA,2.24,11.30,NA,NA,NA,NA,NA,NA,NA,NA,NA,NA,NA,0.00,NA,NA,NA
2025-10-16 02:00:00,31.37,166.52,9.72,15.09,15.93,NA,NA,2.20,11.16,NA,NA,NA,NA,NA,NA,NA,NA,NA,NA,NA,0.00,NA,NA,NA
2025-10-16 03:00:00,86.36,148.68,11.64,15.28,17.59,NA,NA,2.16,12.01,NA,NA,NA,NA,NA,NA,NA,NA,NA,NA,NA,0.00,NA,NA,NA
2025-10-16 04:00:00,99.62,174.70,29.01,12.56,30.27,NA,NA,2.32,11.96,NA,NA,NA,NA,NA,NA,NA,NA,NA,NA,NA,0.00,NA,NA,NA
2025-10-16 05:00:00,83.24,198.04,44.26,10.03,41.32,NA,NA,2.53,12.04,NA,NA,NA,NA,NA,NA,NA,NA,NA,NA,NA,0.00,NA,NA,NA
2025-10-16 06:00:00,101.11,182.94,47.06,10.17,43.67,NA,NA,2.61,11.81,NA,NA,NA,NA,NA,NA,NA,NA,NA,NA,NA,0.00,NA,NA,NA
2025-10-16 07:00:00,NA,194.11,47.05,9.53,43.32,NA,NA,2.56,13.52,NA,NA,NA,NA,NA,NA,NA,NA,NA,NA,NA,0.00,NA,NA,NA
2025-10-16 08:00:00,NA,306.79,42.30,29.25,49.95,NA,NA,2.81,17.39,NA,NA,NA,NA,NA,NA,NA,NA,NA,NA,NA,0.00,NA,NA,NA
2025-10-16 09:00:00,NA,445.94,28.06,44.29,46.37,NA,NA,2.67,29.60,NA,NA,NA,NA,NA,NA,NA,NA,NA,NA,NA,0.00,NA,NA,NA
2025-10-16 10:00:00,NA,334.27,15.70,35.03,31.39,NA,NA,2.29,68.64,NA,NA,NA,NA,NA,NA,NA,NA,NA,NA,NA,0.00,NA,NA,NA
2025-10-16 11:00:00,NA,266.31,7.50,27.73,20.84,NA,NA,1.86,66.04,NA,NA,NA,NA,NA,NA,NA,NA,NA,NA,NA,0.00,NA,NA,NA
2025-10-16 12:00:00,NA,212.86,5.95,23.17,17.16,NA,NA,1.52,82.42,NA,NA,NA,NA,NA,NA,NA,NA,NA,NA,NA,0.00,NA,NA,NA
2025-10-16 13:00:00,NA,230.63,7.40,24.27,18.92,NA,NA,1.47,98.04,NA,NA,NA,NA,NA,NA,NA,NA,NA,NA,NA,0.00,NA,NA,NA
2025-10-16 14:00:00,NA,201.75,7.17,21.88,17.47,NA,NA,1.44,102.71,NA,NA,NA,NA,NA,NA,NA,NA,NA,NA,NA,0.00,NA,NA,NA
2025-10-16 15:00:00,NA,201.96,10.57,21.09,19.81,NA,NA,1.40,100.96,NA,NA,NA,NA,NA,NA,NA,NA,NA,NA,NA,0.00,NA,NA,NA
2025-10-16 16:00:00,NA,206.21,9.62,20.95,18.97,NA,NA,1.47,89.21,NA,NA,NA,NA,NA,NA,NA,NA,NA,NA,NA,0.00,NA,NA,NA
2025-10-16 17:00:00,NA,154.84,6.56,18.52,15.18,NA,NA,1.56,33.72,NA,NA,NA,NA,NA,NA,NA,NA,NA,NA,NA,0.00,NA,NA,NA
2025-10-16 18:00:00,82.30,79.59,5.98,17.23,14.02,NA,NA,1.72,19.80,NA,NA,NA,NA,NA,NA,NA,NA,NA,NA,NA,0.00,NA,NA,NA
2025-10-16 19:00:00,91.11,121.02,6.06,16.42,13.66,NA,NA,1.86,17.88,NA,NA,NA,NA,NA,NA,NA,NA,NA,NA,NA,0.00,NA,NA,NA
2025-10-16 20:00:00,109.94,144.97,5.68,16.27,13.28,NA,NA,1.92,14.09,NA,NA,NA,NA,NA,NA,NA,NA,NA,NA,NA,0.00,NA,NA,NA
2025-10-16 21:00:00,106.13,176.22,5.76,15.34,12.84,NA,NA,2.00,12.19,NA,NA,NA,NA,NA,NA,NA,NA,NA,NA,NA,0.00,NA,NA,NA
2025-10-16 22:00:00,103.91,177.95,6.24,16.86,14.04,NA,NA,2.19,12.22,NA,NA,NA,NA,NA,NA,NA,NA,NA,NA,NA,0.00,NA,NA,NA
2025-10-16 23:00:00,107.81,184.12,7.17,16.98,14.86,NA,NA,2.34,11.45,NA,NA,NA,NA,NA,NA,NA,NA,NA,NA,NA,0.00,NA,NA,NA
2025-10-17 00:00:00,122.30,185.86,11.77,20.50,20.48,NA,NA,2.55,11.47,NA,NA,NA,NA,NA,NA,NA,NA,NA,NA,NA,0.00,NA,NA,NA
2025-10-17 01:00:00,106.16,197.33,12.50,19.32,20.44,NA,NA,2.53,11.32,NA,NA,NA,NA,NA,NA,NA,NA,NA,NA,NA,0.00,NA,NA,NA
2025-10-17 02:00:00,101.82,180.90,12.99,17.64,19.94,NA,NA,2.64,11.48,NA,NA,NA,NA,NA,NA,NA,NA,NA,NA,NA,0.00,NA,NA,NA
2025-10-17 03:00:00,96.85,177.06,16.71,16.60,22.42,NA,NA,2.68,11.66,NA,NA,NA,NA,NA,NA,NA,NA,NA,NA,NA,0.00,NA,NA,NA
2025-10-17 04:00:00,104.40,179.05,27.01,13.36,29.07,NA,NA,2.71,11.50,NA,NA,NA,NA,NA,NA,NA,NA,NA,NA,NA,0.00,NA,NA,NA
2025-10-17 05:00:00,133.26,221.28,49.31,11.40,46.16,NA,NA,2.90,11.78,NA,NA,NA,NA,NA,NA,NA,NA,NA,NA,NA,0.00,NA,NA,NA
2025-10-17 06:00:00,120.20,207.14,47.98,10.94,44.82,NA,NA,2.80,12.00,NA,NA,NA,NA,NA,NA,NA,NA,NA,NA,NA,0.00,NA,NA,NA
2025-10-17 07:00:00,122.59,205.15,50.44,10.79,46.75,NA,NA,2.74,13.60,NA,NA,NA,NA,NA,NA,NA,NA,NA,NA,NA,0.00,NA,NA,NA
2025-10-17 08:00:00,155.34,333.57,39.49,29.91,48.01,NA,NA,2.88,19.14,NA,NA,NA,NA,NA,NA,NA,NA,NA,NA,NA,0.00,NA,NA,NA
2025-10-17 09:00:00,159.34,378.98,23.81,35.83,38.41,NA,NA,2.66,32.79,NA,NA,NA,NA,NA,NA,NA,NA,NA,NA,NA,0.00,NA,NA,NA
2025-10-17 10:00:00,115.02,320.17,14.04,31.87,28.36,NA,NA,2.36,64.38,NA,NA,NA,NA,NA,NA,NA,NA,NA,NA,NA,0.00,NA,NA,NA
2025-10-17 11:00:00,85.76,288.97,6.09,27.90,19.79,NA,NA,2.00,72.37,NA,NA,NA,NA,NA,NA,NA,NA,NA,NA,NA,0.00,NA,NA,NA
2025-10-17 12:00:00,NA,234.43,6.48,22.38,17.17,NA,NA,1.79,80.48,NA,NA,NA,NA,NA,NA,NA,NA,NA,NA,NA,0.00,NA,NA,NA
2025-10-17 13:00:00,79.74,201.35,6.14,22.70,17.07,NA,NA,1.75,93.64,NA,NA,NA,NA,NA,NA,NA,NA,NA,NA,NA,0.00,NA,NA,NA
2025-10-17 14:00:00,80.85,251.04,4.94,18.25,13.73,NA,NA,1.69,103.58,NA,NA,NA,NA,NA,NA,NA,NA,NA,NA,NA,0.00,NA,NA,NA
2025-10-17 15:00:00,85.29,270.17,8.41,17.13,15.96,NA,NA,1.65,108.61,NA,NA,NA,NA,NA,NA,NA,NA,NA,NA,NA,0.00,NA,NA,NA
2025-10-17 16:00:00,84.24,237.62,6.44,16.05,13.78,NA,NA,1.66,76.12,NA,NA,NA,NA,NA,NA,NA,NA,NA,NA,NA,0.00,NA,NA,NA
2025-10-17 17:00:00,69.33,189.86,5.94,14.84,12.72,NA,NA,1.68,19.77,NA,NA,NA,NA,NA,NA,NA,NA,NA,NA,NA,0.00,NA,NA,NA
2025-10-17 18:00:00,84.88,181.49,5.36,14.17,11.89,NA,NA,1.72,14.06,NA,NA,NA,NA,NA,NA,NA,NA,NA,NA,NA,0.00,NA,NA,NA
2025-10-17 19:00:00,82.70,224.68,5.54,14.39,12.16,NA,NA,1.80,12.94,NA,NA,NA,NA,NA,NA,NA,NA,NA,NA,NA,0.00,NA,NA,NA
2025-10-17 20:00:00,87.15,209.90,5.99,14.55,12.61,NA,NA,1.90,12.68,NA,NA,NA,NA,NA,NA,NA,NA,NA,NA,NA,0.00,NA,NA,NA
2025-10-17 21:00:00,80.27,219.73,6.50,13.69,12.57,NA,NA,1.98,12.72,NA,NA,NA,NA,NA,NA,NA,NA,NA,NA,NA,0.00,NA,NA,NA
2025-10-17 22:00:00,15.12,186.16,7.99,11.48,12.61,NA,NA,2.07,13.95,NA,NA,NA,NA,NA,NA,NA,NA,NA,NA,NA,0.00,NA,NA,NA
2025-10-17 23:00:00,80.03,124.90,8.41,11.66,13.04,NA,NA,2.15,11.91,NA,NA,NA,NA,NA,NA,NA,NA,NA,NA,NA,0.00,NA,NA,NA
2025-10-18 00:00:00,39.99,147.32,8.89,12.03,13.63,NA,NA,2.22,10.47,NA,NA,NA,NA,NA,NA,NA,NA,NA,NA,NA,0.00,NA,NA,NA
2025-10-18 01:00:00,78.80,180.42,8.84,12.03,13.59,NA,NA,2.28,11.23,NA,NA,NA,NA,NA,NA,NA,NA,NA,NA,NA,0.00,NA,NA,NA
2025-10-18 02:00:00,83.32,220.42,13.45,11.49,17.05,NA,NA,2.37,11.50,NA,NA,NA,NA,NA,NA,NA,NA,NA,NA,NA,0.00,NA,NA,NA
2025-10-18 03:00:00,76.81,261.21,20.74,9.94,22.15,NA,NA,2.53,12.03,NA,NA,NA,NA,NA,NA,NA,NA,NA,NA,NA,0.00,NA,NA,NA
2025-10-18 04:00:00,121.09,255.94,24.38,9.65,24.96,NA,NA,2.58,11.53,NA,NA,NA,NA,NA,NA,NA,NA,NA,NA,NA,0.00,NA,NA,NA
2025-10-18 05:00:00,93.20,203.44,25.71,10.08,26.26,NA,NA,2.60,10.85,NA,NA,NA,NA,NA,NA,NA,NA,NA,NA,NA,0.00,NA,NA,NA
2025-10-18 06:00:00,114.95,200.25,26.71,9.76,26.90,NA,NA,2.57,11.50,NA,NA,NA,NA,NA,NA,NA,NA,NA,NA,NA,0.00,NA,NA,NA
2025-10-18 07:00:00,93.87,249.88,28.00,9.58,27.86,NA,NA,2.55,13.76,NA,NA,NA,NA,NA,NA,NA,NA,NA,NA,NA,0.00,NA,NA,NA
2025-10-18 08:00:00,111.84,323.02,26.18,11.76,27.54,NA,NA,2.58,19.13,NA,NA,NA,NA,NA,NA,NA,NA,NA,NA,NA,0.00,NA,NA,NA
2025-10-18 09:00:00,119.92,317.48,21.65,13.79,24.93,NA,NA,2.59,32.26,NA,NA,NA,NA,NA,NA,NA,NA,NA,NA,NA,0.00,NA,NA,NA
2025-10-18 10:00:00,140.61,302.85,13.62,19.19,21.28,NA,NA,2.51,57.32,NA,NA,NA,NA,NA,NA,NA,NA,NA,NA,NA,0.00,NA,NA,NA
2025-10-18 11:00:00,123.14,269.89,6.21,21.75,16.62,NA,NA,2.36,80.50,NA,NA,NA,NA,NA,NA,NA,NA,NA,NA,NA,0.00,NA,NA,NA
2025-10-18 12:00:00,94.52,275.88,5.40,17.82,13.86,NA,NA,2.23,92.08,NA,NA,NA,NA,NA,NA,NA,NA,NA,NA,NA,0.00,NA,NA,NA
2025-10-18 13:00:00,76.85,216.86,5.98,14.89,12.78,NA,NA,2.22,99.71,NA,NA,NA,NA,NA,NA,NA,NA,NA,NA,NA,0.00,NA,NA,NA
2025-10-18 14:00:00,76.18,194.15,5.99,14.49,12.58,NA,NA,2.19,118.64,NA,NA,NA,NA,NA,NA,NA,NA,NA,NA,NA,0.00,NA,NA,NA
2025-10-18 15:00:00,82.69,225.87,5.03,15.42,12.28,NA,NA,2.08,120.43,NA,NA,NA,NA,NA,NA,NA,NA,NA,NA,NA,0.00,NA,NA,NA
2025-10-18 16:00:00,88.69,245.53,4.90,15.30,12.13,NA,NA,2.00,80.66,NA,NA,NA,NA,NA,NA,NA,NA,NA,NA,NA,0.00,NA,NA,NA
2025-10-18 17:00:00,90.24,206.50,5.51,14.01,11.93,NA,NA,2.02,25.10,NA,NA,NA,NA,NA,NA,NA,NA,NA,NA,NA,0.00,NA,NA,NA
2025-10-18 18:00:00,54.61,111.33,6.42,11.90,11.55,NA,NA,2.08,19.95,NA,NA,NA,NA,NA,NA,NA,NA,NA,NA,NA,0.00,NA,NA,NA
2025-10-18 19:00:00,39.03,162.06,5.78,12.90,11.56,NA,NA,2.11,15.11,NA,NA,NA,NA,NA,NA,NA,NA,NA,NA,NA,0.00,NA,NA,NA
2025-10-18 20:00:00,98.32,180.76,5.99,12.58,11.57,NA,NA,2.13,13.62,NA,NA,NA,NA,NA,NA,NA,NA,NA,NA,NA,0.00,NA,NA,NA
2025-10-18 21:00:00,98.63,183.24,6.66,11.34,11.44,NA,NA,2.17,14.08,NA,NA,NA,NA,NA,NA,NA,NA,NA,NA,NA,0.00,NA,NA,NA
2025-10-18 22:00:00,90.58,188.92,8.24,10.56,12.32,NA,NA,2.28,11.75,NA,NA,NA,NA,NA,NA,NA,NA,NA,NA,NA,0.00,NA,NA,NA
2025-10-18 23:00:00,132.76,173.60,8.46,10.95,12.70,NA,NA,2.35,11.01,NA,NA,NA,NA,NA,NA,NA,NA,NA,NA,NA,0.00,NA,NA,NA
2025-10-19 00:00:00,122.49,170.56,8.44,11.38,12.92,NA,NA,2.33,11.90,NA,NA,NA,NA,NA,NA,NA,NA,NA,NA,NA,0.00,NA,NA,NA
2025-10-19 01:00:00,102.76,194.46,8.69,11.66,13.26,NA,NA,2.36,10.94,NA,NA,NA,NA,NA,NA,NA,NA,NA,NA,NA,0.00,NA,NA,NA
2025-10-19 02:00:00,92.85,191.78,9.88,10.38,13.55,NA,NA,2.46,11.70,NA,NA,NA,NA,NA,NA,NA,NA,NA,NA,NA,0.00,NA,NA,NA
2025-10-19 03:00:00,60.35,162.64,11.16,10.78,14.81,NA,NA,2.48,11.31,NA,NA,NA,NA,NA,NA,NA,NA,NA,NA,NA,0.00,NA,NA,NA
2025-10-19 04:00:00,53.72,141.51,11.76,10.74,15.28,NA,NA,2.52,11.09,NA,NA,NA,NA,NA,NA,NA,NA,NA,NA,NA,0.00,NA,NA,NA
2025-10-19 05:00:00,83.63,155.82,12.41,10.57,15.72,NA,NA,2.51,11.04,NA,NA,NA,NA,NA,NA,NA,NA,NA,NA,NA,0.00,NA,NA,NA
2025-10-19 06:00:00,88.30,131.73,12.33,10.64,15.68,NA,NA,2.50,11.36,NA,NA,NA,NA,NA,NA,NA,NA,NA,NA,NA,0.00,NA,NA,NA
2025-10-19 07:00:00,85.95,118.58,13.20,10.16,16.14,NA,NA,2.52,13.11,NA,NA,NA,NA,NA,NA,NA,NA,NA,NA,NA,0.00,NA,NA,NA
2025-10-19 08:00:00,107.01,226.42,16.16,10.66,18.80,NA,NA,2.58,17.34,NA,NA,NA,NA,NA,NA,NA,NA,NA,NA,NA,0.00,NA,NA,NA
2025-10-19 09:00:00,272.56,349.60,16.00,13.91,20.41,NA,NA,2.64,19.66,NA,NA,NA,NA,NA,NA,NA,NA,NA,NA,NA,0.00,NA,NA,NA
2025-10-19 10:00:00,127.84,298.38,11.61,18.65,19.36,NA,NA,2.54,55.46,NA,NA,NA,NA,NA,NA,NA,NA,NA,NA,NA,0.00,NA,NA,NA
2025-10-19 11:00:00,96.51,277.93,6.58,19.50,15.73,NA,NA,2.40,81.33,NA,NA,NA,NA,NA,NA,NA,NA,NA,NA,NA,0.00,NA,NA,NA
2025-10-19 12:00:00,69.92,272.78,5.44,17.17,13.56,NA,NA,2.29,100.63,NA,NA,NA,NA,NA,NA,NA,NA,NA,NA,NA,0.00,NA,NA,NA
2025-10-19 13:00:00,82.36,228.76,6.00,14.77,12.74,NA,NA,2.35,112.64,NA,NA,NA,NA,NA,NA,NA,NA,NA,NA,NA,0.00,NA,NA,NA
2025-10-19 14:00:00,96.06,193.02,5.90,14.35,12.43,NA,NA,2.35,120.04,NA,NA,NA,NA,NA,NA,NA,NA,NA,NA,NA,0.00,NA,NA,NA
2025-10-19 15:00:00,90.30,201.01,5.41,14.64,12.18,NA,NA,2.30,115.22,NA,NA,NA,NA,NA,NA,NA,NA,NA,NA,NA,0.00,NA,NA,NA
2025-10-19 16:00:00,100.38,234.30,4.92,15.39,12.19,NA,NA,2.20,59.17,NA,NA,NA,NA,NA,NA,NA,NA,NA,NA,NA,0.00,NA,NA,NA
2025-10-19 17:00:00,95.00,223.76,5.14,14.12,11.69,NA,NA,2.16,34.34,NA,NA,NA,NA,NA,NA,NA,NA,NA,NA,NA,0.00,NA,NA,NA
2025-10-19 18:00:00,68.75,167.94,6.36,12.16,11.64,NA,NA,2.21,19.29,NA,NA,NA,NA,NA,NA,NA,NA,NA,NA,NA,0.00,NA,NA,NA
2025-10-19 19:00:00,57.76,200.60,6.71,11.35,11.49,NA,NA,2.32,16.56,NA,NA,NA,NA,NA,NA,NA,NA,NA,NA,NA,0.00,NA,NA,NA
2025-10-19 20:00:00,183.08,335.46,6.44,11.64,11.43,NA,NA,2.44,13.47,NA,NA,NA,NA,NA,NA,NA,NA,NA,NA,NA,0.00,NA,NA,NA
2025-10-19 21:00:00,183.74,341.50,6.09,12.46,11.58,NA,NA,2.48,12.02,NA,NA,NA,NA,NA,NA,NA,NA,NA,NA,NA,0.00,NA,NA,NA
2025-10-19 22:00:00,190.50,317.95,6.33,12.08,11.57,NA,NA,2.52,12.66,NA,NA,NA,NA,NA,NA,NA,NA,NA,NA,NA,0.00,NA,NA,NA
2025-10-19 23:00:00,185.96,336.70,7.14,11.06,11.68,NA,NA,2.61,11.86,NA,NA,NA,NA,NA,NA,NA,NA,NA,NA,NA,0.00,NA,NA,NA
2025-10-20 00:00:00,164.94,305.17,7.64,11.08,12.11,NA,NA,2.68,11.64,NA,NA,NA,NA,NA,NA,NA,NA,NA,NA,NA,0.00,NA,NA,NA
2025-10-20 01:00:00,148.21,269.06,7.98,11.43,12.57,NA,NA,2.73,10.94,NA,NA,NA,NA,NA,NA,NA,NA,NA,NA,NA,0.00,NA,NA,NA
2025-10-20 02:00:00,109.63,228.65,7.90,11.34,12.46,NA,NA,2.68,11.45,NA,NA,NA,NA,NA,NA,NA,NA,NA,NA,NA,0.00,NA,NA,NA
2025-10-20 03:00:00,136.61,238.30,8.40,11.72,13.06,NA,NA,2.72,11.82,NA,NA,NA,NA,NA,NA,NA,NA,NA,NA,NA,0.00,NA,NA,NA
2025-10-20 04:00:00,149.27,229.66,9.06,10.87,13.14,NA,NA,2.71,11.61,NA,NA,NA,NA,NA,NA,NA,NA,NA,NA,NA,0.00,NA,NA,NA
2025-10-20 05:00:00,133.24,219.32,9.17,10.92,13.26,NA,NA,2.72,11.42,NA,NA,NA,NA,NA,NA,NA,NA,NA,NA,NA,0.00,NA,NA,NA
2025-10-20 06:00:00,141.89,225.51,9.45,10.64,13.34,NA,NA,2.71,11.07,NA,NA,NA,NA,NA,NA,NA,NA,NA,NA,NA,0.00,NA,NA,NA
2025-10-20 07:00:00,146.09,252.22,9.99,10.88,13.91,NA,NA,2.74,13.39,NA,NA,NA,NA,NA,NA,NA,NA,NA,NA,NA,0.00,NA,NA,NA
2025-10-20 08:00:00,184.88,323.43,11.08,10.53,14.61,NA,NA,2.81,16.19,NA,NA,NA,NA,NA,NA,NA,NA,NA,NA,NA,0.00,NA,NA,NA
2025-10-20 09:00:00,122.23,342.88,10.09,12.00,14.59,NA,NA,2.80,20.60,NA,NA,NA,NA,NA,NA,NA,NA,NA,NA,NA,0.00,NA,NA,NA
2025-10-20 10:00:00,61.55,224.76,7.80,12.82,13.16,NA,NA,2.68,45.54,NA,NA,NA,NA,NA,NA,NA,NA,NA,NA,NA,0.00,NA,NA,NA
2025-10-20 11:00:00,125.82,199.24,6.30,14.81,12.99,NA,NA,2.64,63.18,NA,NA,NA,NA,NA,NA,NA,NA,NA,NA,NA,0.00,NA,NA,NA
2025-10-20 12:00:00,212.03,286.37,5.33,14.84,12.23,NA,NA,2.48,78.77,NA,NA,NA,NA,NA,NA,NA,NA,NA,NA,NA,0.00,NA,NA,NA
2025-10-20 13:00:00,125.16,280.94,5.42,13.96,11.84,NA,NA,2.38,85.32,NA,NA,NA,NA,NA,NA,NA,NA,NA,NA,NA,0.00,NA,NA,NA
2025-10-20 14:00:00,101.82,211.76,6.15,12.73,11.77,NA,NA,2.36,93.52,NA,NA,NA,NA,NA,NA,NA,NA,NA,NA,NA,0.00,NA,NA,NA
2025-10-20 15:00:00,77.63,182.40,5.90,12.87,11.64,NA,NA,2.32,84.43,NA,NA,NA,NA,NA,NA,NA,NA,NA,NA,NA,0.00,NA,NA,NA
2025-10-20 16:00:00,96.46,181.16,5.23,13.57,11.47,NA,NA,2.24,48.87,NA,NA,NA,NA,NA,NA,NA,NA,NA,NA,NA,0.00,NA,NA,NA
2025-10-20 17:00:00,95.80,219.35,5.18,13.37,11.32,NA,NA,2.14,41.35,NA,NA,NA,NA,NA,NA,NA,NA,NA,NA,NA,0.00,NA,NA,NA
2025-10-20 18:00:00,93.72,210.42,5.75,11.65,10.87,NA,NA,2.13,21.43,NA,NA,NA,NA,NA,NA,NA,NA,NA,NA,NA,0.00,NA,NA,NA
2025-10-20 19:00:00,48.50,238.81,6.92,10.53,11.23,NA,NA,2.25,15.02,NA,NA,NA,NA,NA,NA,NA,NA,NA,NA,NA,0.00,NA,NA,NA
2025-10-20 20:00:00,212.54,442.72,7.58,10.72,11.86,NA,NA,2.42,12.18,NA,NA,NA,NA,NA,NA,NA,NA,NA,NA,NA,0.00,NA,NA,NA
2025-10-20 21:00:00,400.87,652.58,7.96,11.49,12.58,NA,NA,2.48,11.19,NA,NA,NA,NA,NA,NA,NA,NA,NA,NA,NA,0.00,NA,NA,NA
2025-10-20 22:00:00,368.54,565.42,8.24,11.62,12.88,NA,NA,2.54,11.60,NA,NA,NA,NA,NA,NA,NA,NA,NA,NA,NA,0.00,NA,NA,NA
2025-10-20 23:00:00,420.10,721.96,11.24,10.56,14.75,NA,NA,2.64,12.53,NA,NA,NA,NA,NA,NA,NA,NA,NA,NA,NA,0.00,NA,NA,NA
2025-10-21 00:00:00,517.14,902.01,15.80,10.15,18.25,NA,NA,2.79,12.48,NA,NA,NA,NA,NA,NA,NA,NA,NA,NA,NA,0.00,NA,NA,NA
2025-10-21 01:00:00,821.47,NA,19.92,9.89,21.46,NA,NA,2.92,11.25,NA,NA,NA,NA,NA,NA,NA,NA,NA,NA,NA,0.00,NA,NA,NA
2025-10-21 02:00:00,857.47,NA,21.28,9.99,22.62,NA,NA,2.91,11.60,NA,NA,NA,NA,NA,NA,NA,NA,NA,NA,NA,0.00,NA,NA,NA
2025-10-21 03:00:00,742.24,NA,21.54,9.45,22.53,NA,NA,2.89,11.33,NA,NA,NA,NA,NA,NA,NA,NA,NA,NA,NA,0.00,NA,NA,NA
2025-10-21 04:00:00,535.54,815.65,20.09,8.92,21.07,NA,NA,2.82,12.03,NA,NA,NA,NA,NA,NA,NA,NA,NA,NA,NA,0.00,NA,NA,NA
2025-10-21 05:00:00,426.60,605.62,19.08,9.11,20.35,NA,NA,2.76,11.40,NA,NA,NA,NA,NA,NA,NA,NA,NA,NA,NA,0.00,NA,NA,NA
2025-10-21 06:00:00,371.75,554.23,17.69,9.30,19.33,NA,NA,2.74,10.79,NA,NA,NA,NA,NA,NA,NA,NA,NA,NA,NA,0.00,NA,NA,NA
2025-10-21 07:00:00,303.11,435.72,16.58,9.63,18.60,NA,NA,2.68,12.45,NA,NA,NA,NA,NA,NA,NA,NA,NA,NA,NA,0.00,NA,NA,NA
2025-10-21 08:00:00,227.61,389.78,15.12,10.08,17.66,NA,NA,2.61,12.30,NA,NA,NA,NA,NA,NA,NA,NA,NA,NA,NA,0.00,NA,NA,NA
2025-10-21 09:00:00,301.44,319.32,13.07,11.44,16.71,NA,NA,2.54,12.03,NA,NA,NA,NA,NA,NA,NA,NA,NA,NA,NA,0.00,NA,NA,NA
2025-10-21 10:00:00,168.46,290.12,9.83,13.32,15.08,NA,NA,2.46,12.24,NA,NA,NA,NA,NA,NA,NA,NA,NA,NA,NA,0.00,NA,NA,NA
2025-10-21 11:00:00,144.80,276.06,6.66,14.50,13.12,NA,NA,2.36,20.64,NA,NA,NA,NA,NA,NA,NA,NA,NA,NA,NA,0.00,NA,NA,NA
2025-10-21 12:00:00,101.23,226.74,5.74,13.09,11.62,NA,NA,2.26,43.29,NA,NA,NA,NA,NA,NA,NA,NA,NA,NA,NA,0.00,NA,NA,NA
2025-10-21 13:00:00,48.52,186.08,6.05,12.39,11.51,NA,NA,2.21,56.23,NA,NA,NA,NA,NA,NA,NA,NA,NA,NA,NA,0.00,NA,NA,NA
2025-10-21 14:00:00,7.76,172.26,NA,NA,NA,NA,NA,2.27,61.53,NA,NA,NA,NA,NA,NA,NA,NA,NA,NA,NA,0.00,NA,NA,NA
2025-10-21 15:00:00,104.83,157.70,3.52,13.33,9.96,NA,NA,2.19,56.05,NA,NA,NA,NA,NA,NA,NA,NA,NA,NA,NA,0.00,NA,NA,NA
2025-10-21 16:00:00,93.40,187.33,4.38,8.59,8.13,NA,NA,2.04,36.03,NA,NA,NA,NA,NA,NA,NA,NA,NA,NA,NA,0.00,NA,NA,NA
2025-10-21 17:00:00,84.43,152.34,4.77,5.13,6.61,NA,NA,1.90,17.59,NA,NA,NA,NA,NA,NA,NA,NA,NA,NA,NA,0.00,NA,NA,NA
2025-10-21 18:00:00,88.00,105.06,5.82,3.28,6.48,NA,NA,1.97,16.67,NA,NA,NA,NA,NA,NA,NA,NA,NA,NA,NA,0.00,NA,NA,NA
2025-10-21 19:00:00,80.44,108.03,5.98,2.73,6.31,NA,NA,2.02,14.92,NA,NA,NA,NA,NA,NA,NA,NA,NA,NA,NA,0.00,NA,NA,NA
2025-10-21 20:00:00,117.85,137.66,5.59,3.23,6.26,NA,NA,2.09,13.82,NA,NA,NA,NA,NA,NA,NA,NA,NA,NA,NA,0.00,NA,NA,NA
2025-10-21 21:00:00,153.43,224.37,5.38,3.84,6.42,NA,NA,2.08,13.18,NA,NA,NA,NA,NA,NA,NA,NA,NA,NA,NA,0.00,NA,NA,NA
2025-10-21 22:00:00,143.51,256.46,5.90,2.74,6.25,NA,NA,2.14,12.30,NA,NA,NA,NA,NA,NA,NA,NA,NA,NA,NA,0.00,NA,NA,NA
2025-10-21 23:00:00,159.60,226.98,5.58,3.36,6.32,NA,NA,2.14,10.82,NA,NA,NA,NA,NA,NA,NA,NA,NA,NA,NA,0.00,NA,NA,NA
2025-10-22 00:00:00,131.67,207.10,5.56,4.29,6.80,NA,NA,2.10,11.06,NA,NA,NA,NA,NA,NA,NA,NA,NA,NA,NA,0.00,NA,NA,NA
2025-10-22 01:00:00,141.48,253.10,6.44,4.44,7.60,NA,NA,2.08,11.01,NA,NA,NA,NA,NA,NA,NA,NA,NA,NA,NA,0.00,NA,NA,NA
2025-10-22 02:00:00,142.58,253.70,9.36,4.59,10.06,NA,NA,2.08,10.80,NA,NA,NA,NA,NA,NA,NA,NA,NA,NA,NA,0.00,NA,NA,NA
2025-10-22 03:00:00,NA,NA,NA,NA,NA,NA,NA,NA,NA,NA,NA,NA,NA,NA,NA,NA,NA,NA,NA,NA,0.00,NA,NA,NA
2025-10-22 04:00:00,NA,NA,NA,NA,NA,NA,NA,NA,NA,NA,NA,NA,NA,NA,NA,NA,NA,NA,NA,NA,0.00,NA,NA,NA
2025-10-22 05:00:00,NA,NA,NA,NA,NA,NA,NA,NA,NA,NA,NA,NA,NA,NA,NA,NA,NA,NA,NA,NA,0.00,NA,NA,NA
2025-10-22 06:00:00,149.06,265.79,NA,8.62,NA,NA,NA,4.03,16.39,NA,NA,NA,NA,NA,NA,NA,NA,NA,NA,NA,0.00,NA,NA,NA
2025-10-22 07:00:00,64.71,80.26,33.75,2.59,28.14,NA,NA,2.88,11.04,NA,NA,NA,NA,NA,NA,NA,NA,NA,NA,NA,0.00,NA,NA,NA
2025-10-22 08:00:00,29.47,88.64,14.23,4.02,13.71,NA,NA,2.56,13.46,NA,NA,NA,NA,NA,NA,NA,NA,NA,NA,NA,0.00,NA,NA,NA
2025-10-22 09:00:00,96.37,233.55,11.90,6.29,13.02,NA,NA,2.66,13.63,NA,NA,NA,NA,NA,NA,NA,NA,NA,NA,NA,0.00,NA,NA,NA
2025-10-22 10:00:00,108.64,270.31,7.88,8.48,10.92,NA,NA,2.70,16.56,NA,NA,NA,NA,NA,NA,NA,NA,NA,NA,NA,0.00,NA,NA,NA
2025-10-22 11:00:00,104.93,253.92,5.16,8.05,8.48,NA,NA,2.72,41.89,NA,NA,NA,NA,NA,NA,NA,NA,NA,NA,NA,0.00,NA,NA,NA
2025-10-22 12:00:00,102.99,246.29,4.12,7.81,7.51,NA,NA,2.67,60.12,NA,NA,NA,NA,NA,NA,NA,NA,NA,NA,NA,0.00,NA,NA,NA
2025-10-22 13:00:00,137.99,284.25,3.73,7.22,6.88,NA,NA,2.54,70.52,NA,NA,NA,NA,NA,NA,NA,NA,NA,NA,NA,0.00,NA,NA,NA
2025-10-22 14:00:00,112.47,266.24,4.71,6.50,7.28,NA,NA,2.40,76.82,NA,NA,NA,NA,NA,NA,NA,NA,NA,NA,NA,0.00,NA,NA,NA
2025-10-22 15:00:00,87.48,224.45,4.12,5.40,6.22,NA,NA,2.33,76.13,NA,NA,NA,NA,NA,NA,NA,NA,NA,NA,NA,0.00,NA,NA,NA
2025-10-22 16:00:00,91.32,197.42,4.63,5.13,6.50,NA,NA,2.30,59.49,NA,NA,NA,NA,NA,NA,NA,NA,NA,NA,NA,0.00,NA,NA,NA
2025-10-22 17:00:00,78.54,152.17,5.62,4.45,6.94,NA,NA,2.32,38.68,NA,NA,NA,NA,NA,NA,NA,NA,NA,NA,NA,0.00,NA,NA,NA
2025-10-22 18:00:00,58.02,128.97,5.76,3.64,6.61,NA,NA,2.35,40.35,NA,NA,NA,NA,NA,NA,NA,NA,NA,NA,NA,0.00,NA,NA,NA
2025-10-22 19:00:00,85.14,144.90,5.25,4.15,6.48,NA,NA,2.37,23.33,NA,NA,NA,NA,NA,NA,NA,NA,NA,NA,NA,0.00,NA,NA,NA
2025-10-22 20:00:00,90.46,148.74,5.00,4.16,6.27,NA,NA,2.28,14.16,NA,NA,NA,NA,NA,NA,NA,NA,NA,NA,NA,0.00,NA,NA,NA
2025-10-22 21:00:00,104.50,159.48,5.36,2.95,5.93,NA,NA,2.25,14.05,NA,NA,NA,NA,NA,NA,NA,NA,NA,NA,NA,0.00,NA,NA,NA
2025-10-22 22:00:00,87.57,185.24,6.27,2.94,6.66,NA,NA,2.34,12.27,NA,NA,NA,NA,NA,NA,NA,NA,NA,NA,NA,0.00,NA,NA,NA
2025-10-22 23:00:00,94.66,236.44,6.90,3.00,7.20,NA,NA,2.37,11.31,NA,NA,NA,NA,NA,NA,NA,NA,NA,NA,NA,0.00,NA,NA,NA
2025-10-23 00:00:00,199.65,260.20,7.08,3.60,7.67,NA,NA,2.46,11.02,NA,NA,NA,NA,NA,NA,NA,NA,NA,NA,NA,0.00,NA,NA,NA
2025-10-23 01:00:00,165.47,270.03,7.12,3.32,7.56,NA,NA,2.41,11.17,NA,NA,NA,NA,NA,NA,NA,NA,NA,NA,NA,0.00,NA,NA,NA
2025-10-23 02:00:00,152.11,262.68,7.98,2.84,8.00,NA,NA,2.43,11.71,NA,NA,NA,NA,NA,NA,NA,NA,NA,NA,NA,0.00,NA,NA,NA
2025-10-23 03:00:00,132.95,228.09,8.55,2.76,8.41,NA,NA,2.48,11.45,NA,NA,NA,NA,NA,NA,NA,NA,NA,NA,NA,0.00,NA,NA,NA
2025-10-23 04:00:00,53.26,188.58,9.04,2.78,8.83,NA,NA,2.50,11.67,NA,NA,NA,NA,NA,NA,NA,NA,NA,NA,NA,0.00,NA,NA,NA
2025-10-23 05:00:00,77.84,176.68,8.58,3.85,9.03,NA,NA,2.45,11.14,NA,NA,NA,NA,NA,NA,NA,NA,NA,NA,NA,0.00,NA,NA,NA
2025-10-23 06:00:00,117.76,182.68,8.30,3.95,8.85,NA,NA,2.39,12.46,NA,NA,NA,NA,NA,NA,NA,NA,NA,NA,NA,0.00,NA,NA,NA
2025-10-23 07:00:00,101.05,219.78,8.08,4.31,8.86,NA,NA,2.38,13.46,NA,NA,NA,NA,NA,NA,NA,NA,NA,NA,NA,0.00,NA,NA,NA
2025-10-23 08:00:00,113.54,197.37,7.90,5.06,9.12,NA,NA,2.41,16.24,NA,NA,NA,NA,NA,NA,NA,NA,NA,NA,NA,0.00,NA,NA,NA
2025-10-23 09:00:00,171.87,248.24,6.75,6.48,8.94,NA,NA,2.39,20.71,NA,NA,NA,NA,NA,NA,NA,NA,NA,NA,NA,0.00,NA,NA,NA
2025-10-23 10:00:00,97.39,244.06,6.08,6.28,8.28,NA,NA,2.41,45.12,NA,NA,NA,NA,NA,NA,NA,NA,NA,NA,NA,0.00,NA,NA,NA
2025-10-23 11:00:00,64.75,233.91,5.32,5.68,7.35,NA,NA,2.40,62.97,NA,NA,NA,NA,NA,NA,NA,NA,NA,NA,NA,0.00,NA,NA,NA
2025-10-23 12:00:00,80.38,227.05,4.36,7.46,7.51,NA,NA,2.39,82.63,NA,NA,NA,NA,NA,NA,NA,NA,NA,NA,NA,0.00,NA,NA,NA
2025-10-23 13:00:00,124.92,267.44,4.41,7.99,7.84,NA,NA,2.29,100.68,NA,NA,NA,NA,NA,NA,NA,NA,NA,NA,NA,0.00,NA,NA,NA
2025-10-23 14:00:00,126.64,285.41,13.46,8.46,15.45,NA,NA,2.15,93.89,NA,NA,NA,NA,NA,NA,NA,NA,NA,NA,NA,0.00,NA,NA,NA
2025-10-23 15:00:00,68.81,224.17,9.09,6.41,10.80,NA,NA,2.04,85.40,NA,NA,NA,NA,NA,NA,NA,NA,NA,NA,NA,0.00,NA,NA,NA
2025-10-23 16:00:00,65.26,204.59,8.31,5.72,9.79,NA,NA,1.96,66.84,NA,NA,NA,NA,NA,NA,NA,NA,NA,NA,NA,0.00,NA,NA,NA
2025-10-23 17:00:00,63.11,135.50,4.75,4.87,6.46,NA,NA,1.95,22.83,NA,NA,NA,NA,NA,NA,NA,NA,NA,NA,NA,0.00,NA,NA,NA
2025-10-23 18:00:00,57.78,126.92,4.98,4.39,6.38,NA,NA,1.97,25.93,NA,NA,NA,NA,NA,NA,NA,NA,NA,NA,NA,0.00,NA,NA,NA
2025-10-23 19:00:00,29.36,110.16,5.86,3.44,6.59,NA,NA,2.07,24.37,NA,NA,NA,NA,NA,NA,NA,NA,NA,NA,NA,0.00,NA,NA,NA
2025-10-23 20:00:00,NA,96.84,5.86,3.48,6.62,NA,NA,2.18,17.12,NA,NA,NA,NA,NA,NA,NA,NA,NA,NA,NA,0.00,NA,NA,NA
2025-10-23 21:00:00,74.88,127.23,5.54,4.06,6.67,NA,NA,2.19,12.86,NA,NA,NA,NA,NA,NA,NA,NA,NA,NA,NA,0.00,NA,NA,NA
2025-10-23 22:00:00,123.51,184.59,5.60,4.66,7.04,NA,NA,2.24,11.75,NA,NA,NA,NA,NA,NA,NA,NA,NA,NA,NA,0.00,NA,NA,NA
2025-10-23 23:00:00,98.74,192.83,6.16,4.05,7.16,NA,NA,2.31,11.88,NA,NA,NA,NA,NA,NA,NA,NA,NA,NA,NA,0.00,NA,NA,NA
2025-10-24 00:00:00,68.99,183.52,6.80,4.06,7.69,NA,NA,2.41,11.70,NA,NA,NA,NA,NA,NA,NA,NA,NA,NA,NA,0.00,NA,NA,NA
2025-10-24 01:00:00,55.53,154.88,7.41,3.79,8.04,NA,NA,2.50,11.17,NA,NA,NA,NA,NA,NA,NA,NA,NA,NA,NA,0.00,NA,NA,NA
2025-10-24 02:00:00,74.59,156.05,7.66,4.00,8.36,NA,NA,2.50,10.88,NA,NA,NA,NA,NA,NA,NA,NA,NA,NA,NA,0.00,NA,NA,NA
2025-10-24 03:00:00,55.37,175.39,8.05,4.10,8.72,NA,NA,2.49,11.58,NA,NA,NA,NA,NA,NA,NA,NA,NA,NA,NA,0.00,NA,NA,NA
2025-10-24 04:00:00,90.93,172.18,8.25,3.32,8.48,NA,NA,2.52,11.74,NA,NA,NA,NA,NA,NA,NA,NA,NA,NA,NA,0.00,NA,NA,NA
2025-10-24 05:00:00,111.91,171.95,10.46,3.47,10.35,NA,NA,2.54,12.10,NA,NA,NA,NA,NA,NA,NA,NA,NA,NA,NA,0.00,NA,NA,NA
2025-10-24 06:00:00,102.62,165.82,12.84,3.35,12.22,NA,NA,2.59,11.21,NA,NA,NA,NA,NA,NA,NA,NA,NA,NA,NA,0.00,NA,NA,NA
2025-10-24 07:00:00,77.82,150.96,13.80,2.86,12.74,NA,NA,2.52,13.22,NA,NA,NA,NA,NA,NA,NA,NA,NA,NA,NA,0.00,NA,NA,NA
2025-10-24 08:00:00,143.13,227.55,14.44,5.36,14.60,NA,NA,2.54,15.79,NA,NA,NA,NA,NA,NA,NA,NA,NA,NA,NA,0.00,NA,NA,NA
2025-10-24 09:00:00,234.63,322.82,12.21,8.75,14.58,NA,NA,2.62,28.32,NA,NA,NA,NA,NA,NA,NA,NA,NA,NA,NA,0.00,NA,NA,NA
2025-10-24 10:00:00,151.17,333.90,8.38,10.52,12.41,NA,NA,2.66,53.92,NA,NA,NA,NA,NA,NA,NA,NA,NA,NA,NA,0.00,NA,NA,NA
2025-10-24 11:00:00,85.99,270.96,5.87,10.07,10.12,NA,NA,2.63,75.82,NA,NA,NA,NA,NA,NA,NA,NA,NA,NA,NA,0.00,NA,NA,NA
2025-10-24 12:00:00,83.46,238.10,4.50,9.29,8.60,NA,NA,2.48,84.18,NA,NA,NA,NA,NA,NA,NA,NA,NA,NA,NA,0.00,NA,NA,NA
2025-10-24 13:00:00,82.33,227.39,4.19,8.66,8.01,NA,NA,2.30,93.31,NA,NA,NA,NA,NA,NA,NA,NA,NA,NA,NA,0.00,NA,NA,NA
2025-10-24 14:00:00,68.14,206.00,4.43,6.83,7.23,NA,NA,2.17,91.37,NA,NA,NA,NA,NA,NA,NA,NA,NA,NA,NA,0.00,NA,NA,NA
2025-10-24 15:00:00,60.67,189.99,4.96,6.29,7.38,NA,NA,2.19,100.82,NA,NA,NA,NA,NA,NA,NA,NA,NA,NA,NA,0.00,NA,NA,NA
2025-10-24 16:00:00,34.93,135.39,5.66,5.01,7.27,NA,NA,2.23,52.94,NA,NA,NA,NA,NA,NA,NA,NA,NA,NA,NA,0.00,NA,NA,NA
2025-10-24 17:00:00,49.68,98.93,4.78,5.07,6.59,NA,NA,2.14,20.42,NA,NA,NA,NA,NA,NA,NA,NA,NA,NA,NA,0.00,NA,NA,NA
2025-10-24 18:00:00,70.96,129.29,10.56,5.36,11.44,NA,NA,1.99,23.48,NA,NA,NA,NA,NA,NA,NA,NA,NA,NA,NA,0.00,NA,NA,NA
2025-10-24 19:00:00,64.58,124.01,10.62,4.66,11.12,NA,NA,1.93,27.64,NA,NA,NA,NA,NA,NA,NA,NA,NA,NA,NA,0.00,NA,NA,NA
2025-10-24 20:00:00,52.23,102.06,4.88,4.59,6.41,NA,NA,1.92,24.80,NA,NA,NA,NA,NA,NA,NA,NA,NA,NA,NA,0.00,NA,NA,NA
2025-10-24 21:00:00,60.02,102.86,4.86,4.26,6.22,NA,NA,1.96,20.67,NA,NA,NA,NA,NA,NA,NA,NA,NA,NA,NA,0.00,NA,NA,NA
2025-10-24 22:00:00,42.77,89.12,5.47,3.69,6.41,NA,NA,2.01,17.56,NA,NA,NA,NA,NA,NA,NA,NA,NA,NA,NA,0.00,NA,NA,NA
2025-10-24 23:00:00,18.47,115.98,5.98,4.39,7.20,NA,NA,2.14,12.45,NA,NA,NA,NA,NA,NA,NA,NA,NA,NA,NA,0.00,NA,NA,NA
2025-10-25 00:00:00,86.86,99.78,5.86,3.76,6.77,NA,NA,2.14,13.59,NA,NA,NA,NA,NA,NA,NA,NA,NA,NA,NA,0.00,NA,NA,NA
2025-10-25 01:00:00,61.27,98.11,5.65,3.72,6.58,NA,NA,2.13,11.70,NA,NA,NA,NA,NA,NA,NA,NA,NA,NA,NA,0.00,NA,NA,NA
2025-10-25 02:00:00,93.82,201.00,8.54,4.57,9.38,NA,NA,2.32,11.81,NA,NA,NA,NA,NA,NA,NA,NA,NA,NA,NA,0.00,NA,NA,NA
2025-10-25 03:00:00,109.14,222.11,9.60,4.82,10.37,NA,NA,2.52,12.30,NA,NA,NA,NA,NA,NA,NA,NA,NA,NA,NA,0.00,NA,NA,NA
2025-10-25 04:00:00,121.63,204.08,10.74,4.22,10.98,NA,NA,2.58,11.89,NA,NA,NA,NA,NA,NA,NA,NA,NA,NA,NA,0.00,NA,NA,NA
2025-10-25 05:00:00,108.78,184.02,13.16,3.34,12.48,NA,NA,2.60,11.02,NA,NA,NA,NA,NA,NA,NA,NA,NA,NA,NA,0.00,NA,NA,NA
2025-10-25 06:00:00,91.41,181.52,22.00,4.47,20.26,NA,NA,2.64,11.00,NA,NA,NA,NA,NA,NA,NA,NA,NA,NA,NA,0.00,NA,NA,NA
2025-10-25 07:00:00,53.32,180.02,28.02,3.89,24.85,NA,NA,2.62,13.76,NA,NA,NA,NA,NA,NA,NA,NA,NA,NA,NA,0.00,NA,NA,NA
2025-10-25 08:00:00,214.24,229.34,29.03,3.89,25.67,NA,NA,2.75,16.58,NA,NA,NA,NA,NA,NA,NA,NA,NA,NA,NA,0.00,NA,NA,NA
2025-10-25 09:00:00,144.70,289.53,26.33,6.74,24.99,NA,NA,2.86,20.80,NA,NA,NA,NA,NA,NA,NA,NA,NA,NA,NA,0.00,NA,NA,NA
2025-10-25 10:00:00,117.54,286.26,18.73,12.22,21.72,NA,NA,2.82,50.28,NA,NA,NA,NA,NA,NA,NA,NA,NA,NA,NA,0.00,NA,NA,NA
2025-10-25 11:00:00,110.78,233.32,5.45,20.46,15.31,NA,NA,2.36,76.80,NA,NA,NA,NA,NA,NA,NA,NA,NA,NA,NA,0.00,NA,NA,NA
2025-10-25 12:00:00,59.29,195.04,4.89,18.33,13.72,NA,NA,2.16,93.88,NA,NA,NA,NA,NA,NA,NA,NA,NA,NA,NA,0.00,NA,NA,NA
2025-10-25 13:00:00,NA,270.90,6.27,15.20,13.18,NA,NA,2.00,96.41,NA,NA,NA,NA,NA,NA,NA,NA,NA,NA,NA,0.00,NA,NA,NA
2025-10-25 14:00:00,NA,235.60,7.14,10.59,11.44,NA,NA,1.94,89.14,NA,NA,NA,NA,NA,NA,NA,NA,NA,NA,NA,0.00,NA,NA,NA
2025-10-25 15:00:00,NA,170.28,6.55,13.16,12.33,NA,NA,1.94,92.58,NA,NA,NA,NA,NA,NA,NA,NA,NA,NA,NA,0.00,NA,NA,NA
2025-10-25 16:00:00,20.08,156.77,5.20,13.24,11.27,NA,NA,1.98,59.23,NA,NA,NA,NA,NA,NA,NA,NA,NA,NA,NA,0.00,NA,NA,NA
2025-10-25 17:00:00,56.08,177.41,4.11,10.99,9.18,NA,NA,1.96,20.43,NA,NA,NA,NA,NA,NA,NA,NA,NA,NA,NA,0.00,NA,NA,NA
2025-10-25 18:00:00,64.74,148.00,4.40,9.17,8.46,NA,NA,2.00,13.71,NA,NA,NA,NA,NA,NA,NA,NA,NA,NA,NA,0.00,NA,NA,NA
2025-10-25 19:00:00,84.72,111.60,4.92,8.96,8.76,NA,NA,2.20,15.82,NA,NA,NA,NA,NA,NA,NA,NA,NA,NA,NA,0.00,NA,NA,NA
2025-10-25 20:00:00,76.24,157.18,70.51,23.48,69.72,NA,NA,2.38,18.42,NA,NA,NA,NA,NA,NA,NA,NA,NA,NA,NA,0.00,NA,NA,NA
2025-10-25 21:00:00,91.42,181.42,1.60,0.05,0.90,NA,NA,2.47,12.16,NA,NA,NA,NA,NA,NA,NA,NA,NA,NA,NA,0.00,NA,NA,NA
2025-10-25 22:00:00,94.19,180.47,0.99,0.13,0.40,NA,NA,2.47,11.44,NA,NA,NA,NA,NA,NA,NA,NA,NA,NA,NA,0.00,NA,NA,NA
2025-10-25 23:00:00,95.90,190.94,0.79,0.09,0.24,NA,NA,2.57,10.76,NA,NA,NA,NA,NA,NA,NA,NA,NA,NA,NA,0.00,NA,NA,NA
2025-10-26 00:00:00,77.78,178.97,0.72,0.05,0.32,NA,NA,2.58,7.86,NA,NA,NA,NA,NA,NA,NA,NA,NA,NA,NA,0.00,NA,NA,NA
2025-10-26 01:00:00,101.70,161.03,0.71,0.02,0.16,NA,NA,2.66,7.20,NA,NA,NA,NA,NA,NA,NA,NA,NA,NA,NA,0.00,NA,NA,NA
2025-10-26 02:00:00,104.70,185.20,0.34,0.21,0.17,NA,NA,2.76,5.54,NA,NA,NA,NA,NA,NA,NA,NA,NA,NA,NA,0.00,NA,NA,NA
2025-10-26 03:00:00,114.98,188.74,0.50,0.13,0.18,NA,NA,2.78,4.54,NA,NA,NA,NA,NA,NA,NA,NA,NA,NA,NA,0.00,NA,NA,NA
2025-10-26 04:00:00,103.99,191.63,0.59,0.09,0.15,NA,NA,2.69,4.94,NA,NA,NA,NA,NA,NA,NA,NA,NA,NA,NA,0.00,NA,NA,NA
2025-10-26 05:00:00,84.16,161.38,0.49,0.20,0.21,NA,NA,2.48,5.94,NA,NA,NA,NA,NA,NA,NA,NA,NA,NA,NA,0.00,NA,NA,NA
2025-10-26 06:00:00,70.61,115.92,0.30,0.20,0.10,NA,NA,2.34,5.83,NA,NA,NA,NA,NA,NA,NA,NA,NA,NA,NA,0.00,NA,NA,NA
2025-10-26 07:00:00,60.50,86.04,0.44,0.23,0.16,NA,NA,2.24,6.14,NA,NA,NA,NA,NA,NA,NA,NA,NA,NA,NA,0.00,NA,NA,NA
2025-10-26 08:00:00,112.52,153.49,0.53,0.31,0.09,NA,NA,2.46,9.54,NA,NA,NA,NA,NA,NA,NA,NA,NA,NA,NA,0.00,NA,NA,NA
2025-10-26 09:00:00,115.21,170.01,0.65,0.03,0.18,NA,NA,2.32,18.22,NA,NA,NA,NA,NA,NA,NA,NA,NA,NA,NA,0.00,NA,NA,NA
2025-10-26 10:00:00,47.94,173.19,0.86,0.09,0.39,NA,NA,2.23,52.72,NA,NA,NA,NA,NA,NA,NA,NA,NA,NA,NA,0.00,NA,NA,NA
2025-10-26 11:00:00,57.28,171.20,0.66,0.10,0.25,NA,NA,2.17,64.73,NA,NA,NA,NA,NA,NA,NA,NA,NA,NA,NA,0.00,NA,NA,NA
2025-10-26 12:00:00,49.25,99.27,0.38,0.02,0.06,NA,NA,2.00,68.24,NA,NA,NA,NA,NA,NA,NA,NA,NA,NA,NA,0.00,NA,NA,NA
2025-10-26 13:00:00,29.07,183.17,0.72,0.04,0.33,NA,NA,1.80,52.83,NA,NA,NA,NA,NA,NA,NA,NA,NA,NA,NA,0.00,NA,NA,NA
2025-10-26 14:00:00,44.49,202.89,2.92,0.21,2.01,NA,NA,1.73,67.32,NA,NA,NA,NA,NA,NA,NA,NA,NA,NA,NA,0.00,NA,NA,NA
2025-10-26 15:00:00,47.80,169.95,1.82,0.05,1.15,NA,NA,1.71,75.10,NA,NA,NA,NA,NA,NA,NA,NA,NA,NA,NA,0.00,NA,NA,NA
2025-10-26 16:00:00,52.77,139.47,1.21,0.10,0.64,NA,NA,1.79,59.40,NA,NA,NA,NA,NA,NA,NA,NA,NA,NA,NA,0.00,NA,NA,NA
2025-10-26 17:00:00,40.20,66.30,1.16,0.12,0.82,NA,NA,1.90,21.49,NA,NA,NA,NA,NA,NA,NA,NA,NA,NA,NA,0.00,NA,NA,NA
2025-10-26 18:00:00,36.33,NA,1.08,0.03,0.39,NA,NA,1.94,18.19,NA,NA,NA,NA,NA,NA,NA,NA,NA,NA,NA,0.00,NA,NA,NA
2025-10-26 19:00:00,58.64,85.42,0.60,0.12,0.17,NA,NA,2.00,15.88,NA,NA,NA,NA,NA,NA,NA,NA,NA,NA,NA,0.00,NA,NA,NA
2025-10-26 20:00:00,63.76,113.07,0.88,0.06,0.18,NA,NA,1.96,18.86,NA,NA,NA,NA,NA,NA,NA,NA,NA,NA,NA,0.00,NA,NA,NA
2025-10-26 21:00:00,51.14,108.40,0.71,0.26,0.57,NA,NA,2.16,18.93,NA,NA,NA,NA,NA,NA,NA,NA,NA,NA,NA,0.00,NA,NA,NA
2025-10-26 22:00:00,86.01,141.98,0.59,0.12,0.32,NA,NA,2.33,12.79,NA,NA,NA,NA,NA,NA,NA,NA,NA,NA,NA,0.00,NA,NA,NA
2025-10-26 23:00:00,57.88,147.44,0.42,0.03,0.03,NA,NA,2.36,7.98,NA,NA,NA,NA,NA,NA,NA,NA,NA,NA,NA,0.00,NA,NA,NA
2025-10-27 00:00:00,NA,138.21,0.37,0.04,0.16,NA,NA,2.44,4.71,NA,NA,NA,NA,NA,NA,NA,NA,NA,NA,NA,0.00,NA,NA,NA
2025-10-27 01:00:00,89.04,124.74,NA,0.02,0.00,NA,NA,2.15,6.06,NA,NA,NA,NA,NA,NA,NA,NA,NA,NA,NA,0.00,NA,NA,NA
2025-10-27 02:00:00,62.51,124.84,0.06,0.09,0.00,NA,NA,2.10,6.83,NA,NA,NA,NA,NA,NA,NA,NA,NA,NA,NA,0.00,NA,NA,NA
2025-10-27 03:00:00,0.27,111.78,0.05,0.51,0.02,NA,NA,2.12,5.87,NA,NA,NA,NA,NA,NA,NA,NA,NA,NA,NA,0.00,NA,NA,NA
2025-10-27 04:00:00,22.16,104.56,0.02,0.03,0.00,NA,NA,2.09,8.23,NA,NA,NA,NA,NA,NA,NA,NA,NA,NA,NA,0.00,NA,NA,NA
2025-10-27 05:00:00,34.95,70.18,0.04,0.04,0.00,NA,NA,2.04,6.24,NA,NA,NA,NA,NA,NA,NA,NA,NA,NA,NA,0.00,NA,NA,NA
2025-10-27 06:00:00,78.73,89.07,0.01,0.16,0.00,NA,NA,2.00,6.34,NA,NA,NA,NA,NA,NA,NA,NA,NA,NA,NA,0.00,NA,NA,NA
2025-10-27 07:00:00,57.48,96.97,0.11,0.13,0.02,NA,NA,2.00,5.77,NA,NA,NA,NA,NA,NA,NA,NA,NA,NA,NA,0.00,NA,NA,NA
2025-10-27 08:00:00,65.26,145.04,0.04,0.11,0.01,NA,NA,2.20,6.77,NA,NA,NA,NA,NA,NA,NA,NA,NA,NA,NA,0.00,NA,NA,NA
2025-10-27 09:00:00,124.32,240.76,0.09,0.02,0.00,NA,NA,3.16,7.41,NA,NA,NA,NA,NA,NA,NA,NA,NA,NA,NA,0.00,NA,NA,NA
2025-10-27 10:00:00,134.36,347.59,0.28,0.05,0.07,NA,NA,3.08,8.94,NA,NA,NA,NA,NA,NA,NA,NA,NA,NA,NA,0.00,NA,NA,NA
2025-10-27 11:00:00,110.04,284.29,NA,NA,NA,NA,NA,3.12,19.51,NA,NA,NA,NA,NA,NA,NA,NA,NA,NA,NA,0.00,NA,NA,NA
2025-10-27 12:00:00,84.49,250.24,9.05,25.34,20.83,NA,NA,2.42,34.98,NA,NA,NA,NA,NA,NA,NA,NA,NA,NA,NA,0.00,NA,NA,NA
2025-10-27 13:00:00,116.43,353.82,6.42,19.69,15.69,NA,NA,2.38,56.68,NA,NA,NA,NA,NA,NA,NA,NA,NA,NA,NA,0.00,NA,NA,NA
2025-10-27 14:00:00,137.00,335.35,5.89,14.02,12.24,NA,NA,2.34,60.48,NA,NA,NA,NA,NA,NA,NA,NA,NA,NA,NA,0.00,NA,NA,NA
2025-10-27 15:00:00,90.94,160.16,4.60,11.66,9.94,NA,NA,2.32,45.80,NA,NA,NA,NA,NA,NA,NA,NA,NA,NA,NA,0.00,NA,NA,NA
2025-10-27 16:00:00,88.00,170.21,4.51,11.37,9.71,NA,NA,2.41,31.21,NA,NA,NA,NA,NA,NA,NA,NA,NA,NA,NA,0.00,NA,NA,NA
2025-10-27 17:00:00,103.68,228.72,4.11,11.24,9.32,NA,NA,2.50,36.75,NA,NA,NA,NA,NA,NA,NA,NA,NA,NA,NA,0.00,NA,NA,NA
2025-10-27 18:00:00,144.18,249.20,6.97,20.03,16.32,NA,NA,2.45,44.78,NA,NA,NA,NA,NA,NA,NA,NA,NA,NA,NA,0.00,NA,NA,NA
2025-10-27 19:00:00,100.06,237.90,5.07,15.18,12.19,NA,NA,2.48,43.56,NA,NA,NA,NA,NA,NA,NA,NA,NA,NA,NA,0.00,NA,NA,NA
2025-10-27 20:00:00,69.74,228.18,5.62,13.71,11.86,NA,NA,2.52,34.58,NA,NA,NA,NA,NA,NA,NA,NA,NA,NA,NA,0.00,NA,NA,NA
2025-10-27 21:00:00,44.39,182.51,7.23,10.77,11.61,NA,NA,2.40,23.66,NA,NA,NA,NA,NA,NA,NA,NA,NA,NA,NA,0.00,NA,NA,NA
2025-10-27 22:00:00,111.09,155.31,6.30,9.18,10.00,NA,NA,2.34,10.99,NA,NA,NA,NA,NA,NA,NA,NA,NA,NA,NA,0.00,NA,NA,NA
2025-10-27 23:00:00,100.22,149.99,6.45,8.35,9.68,NA,NA,2.28,7.40,NA,NA,NA,NA,NA,NA,NA,NA,NA,NA,NA,0.00,NA,NA,NA
2025-10-28 00:00:00,93.42,146.99,5.62,6.62,8.09,NA,NA,2.28,7.35,NA,NA,NA,NA,NA,NA,NA,NA,NA,NA,NA,0.00,NA,NA,NA
2025-10-28 01:00:00,28.40,139.18,5.12,5.61,7.14,NA,NA,2.28,5.18,NA,NA,NA,NA,NA,NA,NA,NA,NA,NA,NA,0.00,NA,NA,NA
2025-10-28 02:00:00,64.35,130.86,5.60,5.53,7.49,NA,NA,2.28,3.55,NA,NA,NA,NA,NA,NA,NA,NA,NA,NA,NA,0.00,NA,NA,NA
2025-10-28 03:00:00,104.62,136.69,5.63,6.02,7.78,NA,NA,2.32,3.67,NA,NA,NA,NA,NA,NA,NA,NA,NA,NA,NA,0.00,NA,NA,NA
2025-10-28 04:00:00,99.14,189.28,6.20,6.13,8.31,NA,NA,2.34,4.08,NA,NA,NA,NA,NA,NA,NA,NA,NA,NA,NA,0.00,NA,NA,NA
2025-10-28 05:00:00,79.95,193.37,7.51,6.32,9.47,NA,NA,2.44,4.24,NA,NA,NA,NA,NA,NA,NA,NA,NA,NA,NA,0.00,NA,NA,NA
2025-10-28 06:00:00,76.26,168.76,7.60,5.74,9.23,NA,NA,2.38,3.53,NA,NA,NA,NA,NA,NA,NA,NA,NA,NA,NA,0.00,NA,NA,NA
2025-10-28 07:00:00,81.02,135.13,8.89,5.66,10.24,NA,NA,2.41,4.56,NA,NA,NA,NA,NA,NA,NA,NA,NA,NA,NA,0.00,NA,NA,NA
2025-10-28 08:00:00,96.00,181.62,14.20,11.61,17.72,NA,NA,2.75,5.78,NA,NA,NA,NA,NA,NA,NA,NA,NA,NA,NA,0.00,NA,NA,NA
2025-10-28 09:00:00,129.82,296.52,13.42,20.40,21.77,NA,NA,2.86,7.23,NA,NA,NA,NA,NA,NA,NA,NA,NA,NA,NA,0.00,NA,NA,NA
2025-10-28 10:00:00,153.10,320.15,8.83,19.84,17.73,NA,NA,2.71,6.06,NA,NA,NA,NA,NA,NA,NA,NA,NA,NA,NA,0.00,NA,NA,NA
2025-10-28 11:00:00,NA,178.96,5.72,16.74,13.55,NA,NA,2.34,23.26,NA,NA,NA,NA,NA,NA,NA,NA,NA,NA,NA,0.00,NA,NA,NA
2025-10-28 12:00:00,NA,168.50,6.20,18.12,14.67,NA,NA,2.36,32.17,NA,NA,NA,NA,NA,NA,NA,NA,NA,NA,NA,0.00,NA,NA,NA
2025-10-28 13:00:00,103.89,216.94,8.49,17.90,16.42,NA,NA,2.45,40.52,NA,NA,NA,NA,NA,NA,NA,NA,NA,NA,NA,0.00,NA,NA,NA
2025-10-28 14:00:00,89.72,172.76,8.23,10.23,12.14,NA,NA,NA,44.05,NA,NA,NA,NA,NA,NA,NA,NA,NA,NA,NA,0.00,NA,NA,NA
2025-10-28 15:00:00,86.32,193.16,8.80,8.73,11.79,NA,NA,NA,40.06,NA,NA,NA,NA,NA,NA,NA,NA,NA,NA,NA,0.00,NA,NA,NA
2025-10-28 16:00:00,97.29,215.46,10.58,10.04,13.94,NA,NA,0.30,15.93,NA,NA,NA,NA,NA,NA,NA,NA,NA,NA,NA,0.00,NA,NA,NA
2025-10-28 17:00:00,110.78,198.77,7.18,10.25,11.29,NA,NA,0.30,8.86,NA,NA,NA,NA,NA,NA,NA,NA,NA,NA,NA,0.00,NA,NA,NA
2025-10-28 18:00:00,115.10,184.77,10.03,13.24,15.19,NA,NA,0.32,8.88,NA,NA,NA,NA,NA,NA,NA,NA,NA,NA,NA,0.00,NA,NA,NA
2025-10-28 19:00:00,120.27,328.22,14.18,10.21,16.95,NA,NA,0.31,6.36,NA,NA,NA,NA,NA,NA,NA,NA,NA,NA,NA,0.00,NA,NA,NA
2025-10-28 20:00:00,119.10,284.84,17.71,10.25,19.85,NA,NA,0.33,4.78,NA,NA,NA,NA,NA,NA,NA,NA,NA,NA,NA,0.00,NA,NA,NA
2025-10-28 21:00:00,NA,NA,NA,NA,NA,NA,NA,NA,NA,NA,NA,NA,NA,NA,NA,NA,NA,NA,NA,NA,0.00,NA,NA,NA
2025-10-28 22:00:00,NA,NA,NA,NA,NA,NA,NA,NA,NA,NA,NA,NA,NA,NA,NA,NA,NA,NA,NA,NA,0.00,NA,NA,NA
2025-10-28 23:00:00,NA,NA,NA,NA,NA,NA,NA,NA,NA,NA,NA,NA,NA,NA,NA,NA,NA,NA,NA,NA,0.00,NA,NA,NA
2025-10-29 00:00:00,NA,NA,NA,NA,NA,NA,NA,NA,NA,NA,NA,NA,NA,NA,NA,NA,NA,NA,NA,NA,0.00,NA,NA,NA
2025-10-29 01:00:00,NA,NA,NA,NA,NA,NA,NA,NA,NA,NA,NA,NA,NA,NA,NA,NA,NA,NA,NA,NA,0.00,NA,NA,NA
2025-10-29 02:00:00,NA,NA,NA,NA,NA,NA,NA,NA,NA,NA,NA,NA,NA,NA,NA,NA,NA,NA,NA,NA,0.00,NA,NA,NA
2025-10-29 03:00:00,NA,NA,NA,NA,NA,NA,NA,NA,NA,NA,NA,NA,NA,NA,NA,NA,NA,NA,NA,NA,0.00,NA,NA,NA
2025-10-29 04:00:00,NA,NA,NA,NA,NA,NA,NA,NA,NA,NA,NA,NA,NA,NA,NA,NA,NA,NA,NA,NA,0.00,NA,NA,NA
2025-10-29 05:00:00,NA,NA,NA,NA,NA,NA,NA,NA,NA,NA,NA,NA,NA,NA,NA,NA,NA,NA,NA,NA,0.00,NA,NA,NA
2025-10-29 06:00:00,NA,NA,NA,NA,NA,NA,NA,NA,NA,NA,NA,NA,NA,NA,NA,NA,NA,NA,NA,NA,0.00,NA,NA,NA
2025-10-29 07:00:00,NA,NA,NA,NA,NA,NA,NA,NA,NA,NA,NA,NA,NA,NA,NA,NA,NA,NA,NA,NA,0.00,NA,NA,NA
2025-10-29 08:00:00,NA,NA,NA,NA,NA,NA,NA,NA,NA,NA,NA,NA,NA,NA,NA,NA,NA,NA,NA,NA,0.00,NA,NA,NA
2025-10-29 09:00:00,NA,NA,NA,NA,NA,NA,NA,NA,NA,NA,NA,NA,NA,NA,NA,NA,NA,NA,NA,NA,0.00,NA,NA,NA
2025-10-29 10:00:00,123.48,257.53,NA,3.41,NA,NA,NA,2.58,41.06,NA,NA,NA,NA,NA,NA,NA,NA,NA,NA,NA,0.00,NA,NA,NA
2025-10-29 11:00:00,29.91,154.62,NA,NA,NA,NA,NA,0.93,NA,NA,NA,NA,NA,NA,NA,NA,NA,NA,NA,NA,0.00,NA,NA,NA
2025-10-29 12:00:00,NA,NA,NA,NA,NA,NA,NA,0.58,56.12,NA,NA,NA,NA,NA,NA,NA,NA,NA,NA,NA,0.00,NA,NA,NA
2025-10-29 13:00:00,39.69,188.12,NA,81.06,NA,NA,NA,0.57,78.14,NA,NA,NA,NA,NA,NA,NA,NA,NA,NA,NA,0.00,NA,NA,NA
2025-10-29 14:00:00,54.23,185.82,NA,23.42,NA,NA,NA,0.61,83.68,NA,NA,NA,NA,NA,NA,NA,NA,NA,NA,NA,0.00,NA,NA,NA
2025-10-29 15:00:00,86.71,223.76,NA,NA,NA,NA,NA,0.68,86.25,NA,NA,NA,NA,NA,NA,NA,NA,NA,NA,NA,0.00,NA,NA,NA
2025-10-29 16:00:00,110.46,246.26,NA,NA,NA,NA,NA,0.66,55.69,NA,NA,NA,NA,NA,NA,NA,NA,NA,NA,NA,0.00,NA,NA,NA
2025-10-29 17:00:00,126.77,204.52,NA,NA,NA,NA,NA,0.66,15.92,NA,NA,NA,NA,NA,NA,NA,NA,NA,NA,NA,0.00,NA,NA,NA
2025-10-29 18:00:00,37.50,234.30,11.59,10.68,15.10,NA,NA,0.66,11.29,NA,NA,NA,NA,NA,NA,NA,NA,NA,NA,NA,0.00,NA,NA,NA
2025-10-29 19:00:00,148.08,245.88,6.51,8.42,9.78,NA,NA,0.76,9.19,NA,NA,NA,NA,NA,NA,NA,NA,NA,NA,NA,0.00,NA,NA,NA
2025-10-29 20:00:00,161.68,287.47,5.82,7.76,8.86,NA,NA,0.88,4.54,NA,NA,NA,NA,NA,NA,NA,NA,NA,NA,NA,0.00,NA,NA,NA
2025-10-29 21:00:00,174.98,269.34,5.89,8.57,9.35,NA,NA,1.01,3.13,NA,NA,NA,NA,NA,NA,NA,NA,NA,NA,NA,0.00,NA,NA,NA
2025-10-29 22:00:00,167.32,298.12,9.44,12.76,14.46,NA,NA,1.20,3.33,NA,NA,NA,NA,NA,NA,NA,NA,NA,NA,NA,0.00,NA,NA,NA
2025-10-29 23:00:00,161.42,329.90,11.33,13.29,16.28,NA,NA,1.38,3.58,NA,NA,NA,NA,NA,NA,NA,NA,NA,NA,NA,0.00,NA,NA,NA
2025-10-30 00:00:00,157.06,266.38,10.86,12.76,15.61,NA,NA,1.37,4.06,NA,NA,NA,NA,NA,NA,NA,NA,NA,NA,NA,0.00,NA,NA,NA
2025-10-30 01:00:00,194.32,287.02,13.87,12.36,17.85,NA,NA,1.62,5.46,NA,NA,NA,NA,NA,NA,NA,NA,NA,NA,NA,0.00,NA,NA,NA
2025-10-30 02:00:00,210.40,349.30,18.78,11.05,21.14,NA,NA,1.52,4.92,NA,NA,NA,NA,NA,NA,NA,NA,NA,NA,NA,0.00,NA,NA,NA
2025-10-30 03:00:00,180.88,307.84,24.76,8.43,24.61,NA,NA,1.61,5.38,NA,NA,NA,NA,NA,NA,NA,NA,NA,NA,NA,0.00,NA,NA,NA
2025-10-30 04:00:00,176.15,342.96,26.02,9.73,26.33,NA,NA,1.67,4.50,NA,NA,NA,NA,NA,NA,NA,NA,NA,NA,NA,0.00,NA,NA,NA
2025-10-30 05:00:00,167.94,299.56,26.34,7.43,25.36,NA,NA,1.62,2.64,NA,NA,NA,NA,NA,NA,NA,NA,NA,NA,NA,0.00,NA,NA,NA
2025-10-30 06:00:00,169.57,288.98,32.84,8.98,31.48,NA,NA,1.73,3.55,NA,NA,NA,NA,NA,NA,NA,NA,NA,NA,NA,0.00,NA,NA,NA
2025-10-30 07:00:00,190.46,277.64,31.58,7.67,29.74,NA,NA,1.69,4.76,NA,NA,NA,NA,NA,NA,NA,NA,NA,NA,NA,0.00,NA,NA,NA
2025-10-30 08:00:00,191.46,353.14,28.17,15.72,31.26,NA,NA,2.00,8.31,NA,NA,NA,NA,NA,NA,NA,NA,NA,NA,NA,0.00,NA,NA,NA
2025-10-30 09:00:00,247.21,488.82,21.18,24.11,30.04,NA,NA,2.07,5.90,NA,NA,NA,NA,NA,NA,NA,NA,NA,NA,NA,0.00,NA,NA,NA
2025-10-30 10:00:00,184.01,366.81,14.15,19.95,22.11,NA,NA,1.02,15.80,NA,NA,NA,NA,NA,NA,NA,NA,NA,NA,NA,0.00,NA,NA,NA
2025-10-30 11:00:00,119.46,217.21,10.21,19.24,18.54,NA,NA,1.06,26.72,NA,NA,NA,NA,NA,NA,NA,NA,NA,NA,NA,0.00,NA,NA,NA
2025-10-30 12:00:00,217.94,349.99,6.84,21.72,17.11,NA,NA,1.07,28.24,NA,NA,NA,NA,NA,NA,NA,NA,NA,NA,NA,0.00,NA,NA,NA
2025-10-30 13:00:00,133.13,298.46,5.94,15.36,13.00,NA,NA,0.64,31.80,NA,NA,NA,NA,NA,NA,NA,NA,NA,NA,NA,0.00,NA,NA,NA
2025-10-30 14:00:00,102.58,272.13,5.60,14.79,12.42,NA,NA,0.65,31.56,NA,NA,NA,NA,NA,NA,NA,NA,NA,NA,NA,0.00,NA,NA,NA
2025-10-30 15:00:00,118.81,224.30,5.66,16.21,13.22,NA,NA,0.59,23.32,NA,NA,NA,NA,NA,NA,NA,NA,NA,NA,NA,0.00,NA,NA,NA
2025-10-30 16:00:00,66.95,152.46,5.72,13.89,12.04,NA,NA,0.51,22.14,NA,NA,NA,NA,NA,NA,NA,NA,NA,NA,NA,0.00,NA,NA,NA
2025-10-30 17:00:00,57.28,78.95,6.17,9.93,10.30,NA,NA,0.54,12.43,NA,NA,NA,NA,NA,NA,NA,NA,NA,NA,NA,0.00,NA,NA,NA
2025-10-30 18:00:00,53.87,109.01,5.64,6.51,8.06,NA,NA,0.53,4.47,NA,NA,NA,NA,NA,NA,NA,NA,NA,NA,NA,0.00,NA,NA,NA
2025-10-30 19:00:00,60.34,101.11,7.72,8.72,10.92,NA,NA,0.59,1.95,NA,NA,NA,NA,NA,NA,NA,NA,NA,NA,NA,0.00,NA,NA,NA
2025-10-30 20:00:00,56.81,120.34,8.94,7.82,11.42,NA,NA,0.58,2.97,NA,NA,NA,NA,NA,NA,NA,NA,NA,NA,NA,0.00,NA,NA,NA
2025-10-30 21:00:00,84.23,135.25,7.60,7.28,10.05,NA,NA,0.59,4.62,NA,NA,NA,NA,NA,NA,NA,NA,NA,NA,NA,0.00,NA,NA,NA
2025-10-30 22:00:00,72.53,134.36,8.09,6.05,9.79,NA,NA,0.64,4.03,NA,NA,NA,NA,NA,NA,NA,NA,NA,NA,NA,0.00,NA,NA,NA
2025-10-30 23:00:00,79.80,113.31,8.42,6.25,10.17,NA,NA,0.60,3.06,NA,NA,NA,NA,NA,NA,NA,NA,NA,NA,NA,0.00,NA,NA,NA
2025-10-31 00:00:00,70.43,92.47,8.34,7.00,10.50,NA,NA,0.50,2.91,NA,NA,NA,NA,NA,NA,NA,NA,NA,NA,NA,0.00,NA,NA,NA
2025-10-31 01:00:00,74.52,88.20,8.24,6.77,10.30,NA,NA,0.47,3.22,NA,NA,NA,NA,NA,NA,NA,NA,NA,NA,NA,0.00,NA,NA,NA
2025-10-31 02:00:00,70.71,120.61,8.52,6.33,10.29,NA,NA,0.45,5.12,NA,NA,NA,NA,NA,NA,NA,NA,NA,NA,NA,0.00,NA,NA,NA
2025-10-31 03:00:00,60.80,120.64,8.87,6.47,10.65,NA,NA,0.48,4.23,NA,NA,NA,NA,NA,NA,NA,NA,NA,NA,NA,0.00,NA,NA,NA
2025-10-31 04:00:00,51.24,102.13,7.75,6.66,9.84,NA,NA,0.44,2.33,NA,NA,NA,NA,NA,NA,NA,NA,NA,NA,NA,0.00,NA,NA,NA
2025-10-31 05:00:00,46.83,72.37,7.84,5.84,9.48,NA,NA,0.40,1.80,NA,NA,NA,NA,NA,NA,NA,NA,NA,NA,NA,0.00,NA,NA,NA
2025-10-31 06:00:00,45.81,61.99,9.35,5.74,10.65,NA,NA,0.36,2.11,NA,NA,NA,NA,NA,NA,NA,NA,NA,NA,NA,0.00,NA,NA,NA
2025-10-31 07:00:00,52.08,77.74,13.10,6.38,14.05,NA,NA,0.32,3.28,NA,NA,NA,NA,NA,NA,NA,NA,NA,NA,NA,0.00,NA,NA,NA
2025-10-31 08:00:00,61.45,172.46,13.87,9.92,16.55,NA,NA,0.37,5.03,NA,NA,NA,NA,NA,NA,NA,NA,NA,NA,NA,0.00,NA,NA,NA
2025-10-31 09:00:00,NA,NA,NA,NA,NA,NA,NA,NA,NA,NA,NA,NA,NA,NA,NA,NA,NA,NA,NA,NA,0.00,NA,NA,NA
2025-10-31 10:00:00,71.52,222.47,NA,NA,NA,NA,NA,0.00,NA,NA,NA,NA,NA,NA,NA,NA,NA,NA,NA,NA,0.00,NA,NA,NA
2025-10-31 11:00:00,NA,NA,NA,NA,NA,NA,NA,NA,NA,NA,NA,NA,NA,NA,NA,NA,NA,NA,NA,NA,0.00,NA,NA,NA
2025-10-31 12:00:00,NA,NA,NA,NA,NA,NA,NA,0.15,40.03,NA,NA,NA,NA,NA,NA,NA,NA,NA,NA,NA,0.00,NA,NA,NA
2025-10-31 13:00:00,NA,60.77,NA,NA,NA,NA,NA,0.20,51.89,NA,NA,NA,NA,NA,NA,NA,NA,NA,NA,NA,0.00,NA,NA,NA
2025-10-31 14:00:00,3.86,27.79,7.00,18.52,15.55,NA,NA,0.25,68.15,NA,NA,NA,NA,NA,NA,NA,NA,NA,NA,NA,0.00,NA,NA,NA
2025-10-31 15:00:00,12.20,21.21,5.78,16.39,13.41,NA,NA,0.31,72.98,NA,NA,NA,NA,NA,NA,NA,NA,NA,NA,NA,0.00,NA,NA,NA
2025-10-31 16:00:00,33.60,122.00,8.51,15.29,15.06,NA,NA,0.28,53.97,NA,NA,NA,NA,NA,NA,NA,NA,NA,NA,NA,0.00,NA,NA,NA
2025-10-31 17:00:00,51.86,116.31,9.59,10.96,13.62,NA,NA,0.27,10.01,NA,NA,NA,NA,NA,NA,NA,NA,NA,NA,NA,0.00,NA,NA,NA
2025-10-31 18:00:00,44.29,92.94,16.39,13.77,20.65,NA,NA,0.31,8.32,NA,NA,NA,NA,NA,NA,NA,NA,NA,NA,NA,0.00,NA,NA,NA
2025-10-31 19:00:00,41.17,67.72,16.31,13.96,20.70,NA,NA,0.38,9.65,NA,NA,NA,NA,NA,NA,NA,NA,NA,NA,NA,0.00,NA,NA,NA
2025-10-31 20:00:00,51.65,90.95,24.34,21.40,31.17,NA,NA,0.57,7.06,NA,NA,NA,NA,NA,NA,NA,NA,NA,NA,NA,0.00,NA,NA,NA
2025-10-31 21:00:00,62.35,143.33,17.89,15.55,22.82,NA,NA,0.50,5.47,NA,NA,NA,NA,NA,NA,NA,NA,NA,NA,NA,0.00,NA,NA,NA
2025-10-31 22:00:00,65.34,114.24,16.42,15.08,21.37,NA,NA,0.55,2.92,NA,NA,NA,NA,NA,NA,NA,NA,NA,NA,NA,0.00,NA,NA,NA
2025-10-31 23:00:00,75.64,115.98,15.13,11.10,18.20,NA,NA,0.50,3.97,NA,NA,NA,NA,NA,NA,NA,NA,NA,NA,NA,0.00,NA,NA,NA
2025-11-01 00:00:00,66.67,105.92,8.53,11.57,13.09,NA,NA,0.46,5.09,NA,NA,NA,NA,NA,NA,NA,NA,NA,NA,NA,0.00,NA,NA,NA
2025-11-01 01:00:00,45.96,149.41,9.95,11.10,13.99,NA,NA,0.46,4.83,NA,NA,NA,NA,NA,NA,NA,NA,NA,NA,NA,0.00,NA,NA,NA
2025-11-01 02:00:00,59.32,122.92,9.65,10.95,13.67,NA,NA,0.47,4.01,NA,NA,NA,NA,NA,NA,NA,NA,NA,NA,NA,0.00,NA,NA,NA
2025-11-01 03:00:00,54.68,96.68,9.22,10.45,13.06,NA,NA,0.44,2.90,NA,NA,NA,NA,NA,NA,NA,NA,NA,NA,NA,0.00,NA,NA,NA
2025-11-01 04:00:00,56.84,65.54,9.53,12.58,14.44,NA,NA,0.38,2.83,NA,NA,NA,NA,NA,NA,NA,NA,NA,NA,NA,0.00,NA,NA,NA
2025-11-01 05:00:00,62.82,102.52,9.66,11.57,14.01,NA,NA,0.34,2.98,NA,NA,NA,NA,NA,NA,NA,NA,NA,NA,NA,0.00,NA,NA,NA
2025-11-01 06:00:00,31.34,122.91,16.76,10.34,19.13,NA,NA,0.36,3.66,NA,NA,NA,NA,NA,NA,NA,NA,NA,NA,NA,0.00,NA,NA,NA
2025-11-01 07:00:00,58.48,107.24,24.15,7.31,23.53,NA,NA,0.41,4.50,NA,NA,NA,NA,NA,NA,NA,NA,NA,NA,NA,0.00,NA,NA,NA
2025-11-01 08:00:00,91.26,116.50,26.94,11.57,28.06,NA,NA,0.58,7.37,NA,NA,NA,NA,NA,NA,NA,NA,NA,NA,NA,0.00,NA,NA,NA
2025-11-01 09:00:00,114.30,255.59,22.08,23.56,30.48,NA,NA,0.83,9.63,NA,NA,NA,NA,NA,NA,NA,NA,NA,NA,NA,0.00,NA,NA,NA
2025-11-01 10:00:00,213.27,415.13,14.65,27.70,26.64,NA,NA,1.07,16.68,NA,NA,NA,NA,NA,NA,NA,NA,NA,NA,NA,0.00,NA,NA,NA
2025-11-01 11:00:00,212.67,450.48,8.06,33.33,24.28,NA,NA,1.01,51.26,NA,NA,NA,NA,NA,NA,NA,NA,NA,NA,NA,0.00,NA,NA,NA
2025-11-01 12:00:00,203.28,466.62,8.30,31.07,23.28,NA,NA,0.78,62.64,NA,NA,NA,NA,NA,NA,NA,NA,NA,NA,NA,0.00,NA,NA,NA
2025-11-01 13:00:00,178.21,364.57,11.94,24.42,22.69,NA,NA,0.78,67.11,NA,NA,NA,NA,NA,NA,NA,NA,NA,NA,NA,0.00,NA,NA,NA
2025-11-01 14:00:00,165.93,287.64,10.85,19.37,19.12,NA,NA,0.80,64.48,NA,NA,NA,NA,NA,NA,NA,NA,NA,NA,NA,0.00,NA,NA,NA
2025-11-01 15:00:00,173.20,320.53,5.29,21.36,15.67,NA,NA,0.94,61.60,NA,NA,NA,NA,NA,NA,NA,NA,NA,NA,NA,0.00,NA,NA,NA
2025-11-01 16:00:00,157.44,396.58,11.92,20.79,20.75,NA,NA,0.89,39.74,NA,NA,NA,NA,NA,NA,NA,NA,NA,NA,NA,0.00,NA,NA,NA
2025-11-01 17:00:00,203.56,411.27,16.53,20.14,24.16,NA,NA,0.94,11.82,NA,NA,NA,NA,NA,NA,NA,NA,NA,NA,NA,0.00,NA,NA,NA
2025-11-01 18:00:00,243.85,415.42,10.95,16.24,17.54,NA,NA,1.02,7.12,NA,NA,NA,NA,NA,NA,NA,NA,NA,NA,NA,0.00,NA,NA,NA
2025-11-01 19:00:00,232.66,392.21,4.59,14.48,11.43,NA,NA,1.20,4.89,NA,NA,NA,NA,NA,NA,NA,NA,NA,NA,NA,0.00,NA,NA,NA
2025-11-01 20:00:00,259.42,402.48,4.86,12.82,10.77,NA,NA,1.31,3.36,NA,NA,NA,NA,NA,NA,NA,NA,NA,NA,NA,0.00,NA,NA,NA
2025-11-01 21:00:00,243.74,404.36,4.97,13.20,11.07,NA,NA,1.39,3.38,NA,NA,NA,NA,NA,NA,NA,NA,NA,NA,NA,0.00,NA,NA,NA
2025-11-01 22:00:00,283.17,383.93,4.53,13.40,10.80,NA,NA,1.39,4.14,NA,NA,NA,NA,NA,NA,NA,NA,NA,NA,NA,0.00,NA,NA,NA
2025-11-01 23:00:00,225.07,376.13,5.15,17.22,13.35,NA,NA,1.47,4.94,NA,NA,NA,NA,NA,NA,NA,NA,NA,NA,NA,0.00,NA,NA,NA
2025-11-02 00:00:00,145.00,373.50,12.28,19.02,20.10,NA,NA,1.41,4.19,NA,NA,NA,NA,NA,NA,NA,NA,NA,NA,NA,0.00,NA,NA,NA
2025-11-02 01:00:00,214.18,374.65,7.82,17.16,15.49,NA,NA,1.35,3.44,NA,NA,NA,NA,NA,NA,NA,NA,NA,NA,NA,0.00,NA,NA,NA
2025-11-02 02:00:00,217.03,349.35,12.53,16.14,18.77,NA,NA,1.32,3.72,NA,NA,NA,NA,NA,NA,NA,NA,NA,NA,NA,0.00,NA,NA,NA
2025-11-02 03:00:00,174.28,353.11,14.51,16.67,20.66,NA,NA,1.34,4.20,NA,NA,NA,NA,NA,NA,NA,NA,NA,NA,NA,0.00,NA,NA,NA
2025-11-02 04:00:00,203.38,357.04,14.36,13.87,19.06,NA,NA,1.30,4.22,NA,NA,NA,NA,NA,NA,NA,NA,NA,NA,NA,0.00,NA,NA,NA
2025-11-02 05:00:00,202.94,357.68,13.38,13.89,18.27,NA,NA,1.22,4.23,NA,NA,NA,NA,NA,NA,NA,NA,NA,NA,NA,0.00,NA,NA,NA
2025-11-02 06:00:00,171.85,310.74,12.68,17.95,19.86,NA,NA,1.14,3.41,NA,NA,NA,NA,NA,NA,NA,NA,NA,NA,NA,0.00,NA,NA,NA
2025-11-02 07:00:00,176.20,274.82,13.54,17.21,20.16,NA,NA,1.09,5.04,NA,NA,NA,NA,NA,NA,NA,NA,NA,NA,NA,0.00,NA,NA,NA
2025-11-02 08:00:00,243.82,351.22,15.37,27.54,27.14,NA,NA,1.18,8.76,NA,NA,NA,NA,NA,NA,NA,NA,NA,NA,NA,0.00,NA,NA,NA
2025-11-02 09:00:00,207.43,445.95,11.12,28.18,24.03,NA,NA,1.18,19.14,NA,NA,NA,NA,NA,NA,NA,NA,NA,NA,NA,0.00,NA,NA,NA
2025-11-02 10:00:00,240.99,469.92,7.97,24.91,19.73,NA,NA,1.12,41.24,NA,NA,NA,NA,NA,NA,NA,NA,NA,NA,NA,0.00,NA,NA,NA
2025-11-02 11:00:00,233.09,446.76,4.63,25.14,17.14,NA,NA,0.99,54.68,NA,NA,NA,NA,NA,NA,NA,NA,NA,NA,NA,0.00,NA,NA,NA
2025-11-02 12:00:00,236.17,358.62,6.06,20.68,15.93,NA,NA,0.85,60.53,NA,NA,NA,NA,NA,NA,NA,NA,NA,NA,NA,0.00,NA,NA,NA
2025-11-02 13:00:00,179.82,370.65,13.26,17.04,19.84,NA,NA,0.61,64.55,NA,NA,NA,NA,NA,NA,NA,NA,NA,NA,NA,0.00,NA,NA,NA
2025-11-02 14:00:00,105.30,278.57,14.71,13.13,18.94,NA,NA,0.40,62.28,NA,NA,NA,NA,NA,NA,NA,NA,NA,NA,NA,0.00,NA,NA,NA
2025-11-02 15:00:00,90.76,242.39,17.86,13.01,21.44,NA,NA,0.34,68.62,NA,NA,NA,NA,NA,NA,NA,NA,NA,NA,NA,0.00,NA,NA,NA
2025-11-02 16:00:00,96.68,231.29,19.07,14.32,23.11,NA,NA,0.35,70.21,NA,NA,NA,NA,NA,NA,NA,NA,NA,NA,NA,0.00,NA,NA,NA
2025-11-02 17:00:00,58.21,172.78,7.20,15.87,14.29,NA,NA,0.42,44.23,NA,NA,NA,NA,NA,NA,NA,NA,NA,NA,NA,0.00,NA,NA,NA
2025-11-02 18:00:00,80.52,188.52,3.54,19.70,13.36,NA,NA,0.52,34.50,NA,NA,NA,NA,NA,NA,NA,NA,NA,NA,NA,0.00,NA,NA,NA
2025-11-02 19:00:00,121.48,250.38,3.23,25.50,16.19,NA,NA,0.66,17.77,NA,NA,NA,NA,NA,NA,NA,NA,NA,NA,NA,0.00,NA,NA,NA
2025-11-02 20:00:00,153.77,275.91,3.20,28.03,17.52,NA,NA,0.78,10.21,NA,NA,NA,NA,NA,NA,NA,NA,NA,NA,NA,0.00,NA,NA,NA
2025-11-02 21:00:00,142.46,373.54,3.58,36.47,22.31,NA,NA,0.99,7.54,NA,NA,NA,NA,NA,NA,NA,NA,NA,NA,NA,0.00,NA,NA,NA
2025-11-02 22:00:00,158.51,420.08,4.36,39.88,24.75,NA,NA,1.08,7.90,NA,NA,NA,NA,NA,NA,NA,NA,NA,NA,NA,0.00,NA,NA,NA
2025-11-02 23:00:00,155.96,383.06,4.88,37.52,23.93,NA,NA,1.04,8.65,NA,NA,NA,NA,NA,NA,NA,NA,NA,NA,NA,0.00,NA,NA,NA
2025-11-03 00:00:00,153.66,363.48,5.01,42.61,26.74,NA,NA,1.01,6.74,NA,NA,NA,NA,NA,NA,NA,NA,NA,NA,NA,0.00,NA,NA,NA
2025-11-03 01:00:00,143.06,326.97,4.41,28.24,18.60,NA,NA,0.84,5.88,NA,NA,NA,NA,NA,NA,NA,NA,NA,NA,NA,0.00,NA,NA,NA
2025-11-03 02:00:00,140.80,269.59,4.15,26.20,17.31,NA,NA,0.72,8.02,NA,NA,NA,NA,NA,NA,NA,NA,NA,NA,NA,0.00,NA,NA,NA
2025-11-03 03:00:00,126.10,289.50,4.28,27.57,18.14,NA,NA,0.66,8.86,NA,NA,NA,NA,NA,NA,NA,NA,NA,NA,NA,0.00,NA,NA,NA
2025-11-03 04:00:00,131.31,276.30,4.43,29.20,19.13,NA,NA,0.68,7.86,NA,NA,NA,NA,NA,NA,NA,NA,NA,NA,NA,0.00,NA,NA,NA
2025-11-03 05:00:00,136.02,245.16,4.28,27.90,18.32,NA,NA,0.61,9.13,NA,NA,NA,NA,NA,NA,NA,NA,NA,NA,NA,0.00,NA,NA,NA
2025-11-03 06:00:00,125.07,231.25,3.89,22.92,15.36,NA,NA,0.58,6.23,NA,NA,NA,NA,NA,NA,NA,NA,NA,NA,NA,0.00,NA,NA,NA
2025-11-03 07:00:00,146.96,224.66,5.05,17.22,13.26,NA,NA,0.55,7.58,NA,NA,NA,NA,NA,NA,NA,NA,NA,NA,NA,0.00,NA,NA,NA
2025-11-03 08:00:00,93.14,244.92,8.59,23.59,19.53,NA,NA,0.64,7.14,NA,NA,NA,NA,NA,NA,NA,NA,NA,NA,NA,0.00,NA,NA,NA
2025-11-03 09:00:00,123.62,314.62,7.58,30.14,22.19,NA,NA,0.73,15.30,NA,NA,NA,NA,NA,NA,NA,NA,NA,NA,NA,0.00,NA,NA,NA
2025-11-03 10:00:00,108.90,325.47,6.39,33.34,22.93,NA,NA,0.55,18.87,NA,NA,NA,NA,NA,NA,NA,NA,NA,NA,NA,0.00,NA,NA,NA
2025-11-03 11:00:00,157.28,280.96,8.32,24.69,19.90,NA,NA,0.43,39.46,NA,NA,NA,NA,NA,NA,NA,NA,NA,NA,NA,0.00,NA,NA,NA
2025-11-03 12:00:00,125.86,268.28,15.39,26.30,26.50,NA,NA,0.32,42.13,NA,NA,NA,NA,NA,NA,NA,NA,NA,NA,NA,0.00,NA,NA,NA
2025-11-03 13:00:00,67.35,242.42,21.38,21.78,28.96,NA,NA,0.20,46.92,NA,NA,NA,NA,NA,NA,NA,NA,NA,NA,NA,0.00,NA,NA,NA
2025-11-03 14:00:00,60.00,217.71,26.39,18.45,31.27,NA,NA,0.16,52.65,NA,NA,NA,NA,NA,NA,NA,NA,NA,NA,NA,0.00,NA,NA,NA
2025-11-03 15:00:00,55.14,203.46,26.50,24.40,34.52,NA,NA,0.17,50.22,NA,NA,NA,NA,NA,NA,NA,NA,NA,NA,NA,0.00,NA,NA,NA
2025-11-03 16:00:00,18.64,112.41,13.06,26.89,24.91,NA,NA,0.21,45.78,NA,NA,NA,NA,NA,NA,NA,NA,NA,NA,NA,0.00,NA,NA,NA
2025-11-03 17:00:00,39.20,157.74,19.03,18.04,25.07,NA,NA,0.20,28.22,NA,NA,NA,NA,NA,NA,NA,NA,NA,NA,NA,0.00,NA,NA,NA
2025-11-03 18:00:00,83.92,134.73,22.53,22.48,30.28,NA,NA,0.22,13.12,NA,NA,NA,NA,NA,NA,NA,NA,NA,NA,NA,0.00,NA,NA,NA
2025-11-03 19:00:00,130.36,157.52,28.52,28.78,38.50,NA,NA,0.23,6.92,NA,NA,NA,NA,NA,NA,NA,NA,NA,NA,NA,0.00,NA,NA,NA
2025-11-03 20:00:00,86.89,149.84,31.45,26.34,39.58,NA,NA,0.25,6.11,NA,NA,NA,NA,NA,NA,NA,NA,NA,NA,NA,0.00,NA,NA,NA
2025-11-03 21:00:00,44.79,137.73,28.72,21.99,35.04,NA,NA,0.32,7.48,NA,NA,NA,NA,NA,NA,NA,NA,NA,NA,NA,0.00,NA,NA,NA
2025-11-03 22:00:00,28.94,87.70,12.81,22.58,22.44,NA,NA,0.46,6.04,NA,NA,NA,NA,NA,NA,NA,NA,NA,NA,NA,0.00,NA,NA,NA
2025-11-03 23:00:00,98.56,169.09,17.32,29.07,29.54,NA,NA,0.56,4.21,NA,NA,NA,NA,NA,NA,NA,NA,NA,NA,NA,0.00,NA,NA,NA
2025-11-04 00:00:00,73.44,144.24,7.54,21.71,17.68,NA,NA,0.43,3.20,NA,NA,NA,NA,NA,NA,NA,NA,NA,NA,NA,0.00,NA,NA,NA
2025-11-04 01:00:00,71.08,104.48,6.19,18.40,14.82,NA,NA,0.36,4.70,NA,NA,NA,NA,NA,NA,NA,NA,NA,NA,NA,0.00,NA,NA,NA
2025-11-04 02:00:00,85.63,144.81,6.57,12.16,11.81,NA,NA,0.31,6.91,NA,NA,NA,NA,NA,NA,NA,NA,NA,NA,NA,0.00,NA,NA,NA
2025-11-04 03:00:00,40.07,148.76,6.28,9.79,10.31,NA,NA,0.32,7.58,NA,NA,NA,NA,NA,NA,NA,NA,NA,NA,NA,0.00,NA,NA,NA
2025-11-04 04:00:00,65.42,138.58,6.07,8.01,9.20,NA,NA,0.37,5.81,NA,NA,NA,NA,NA,NA,NA,NA,NA,NA,NA,0.00,NA,NA,NA
2025-11-04 05:00:00,76.67,144.41,5.30,8.93,9.06,NA,NA,0.37,4.54,NA,NA,NA,NA,NA,NA,NA,NA,NA,NA,NA,0.00,NA,NA,NA
2025-11-04 06:00:00,74.95,131.66,7.46,12.34,12.63,NA,NA,0.34,3.32,NA,NA,NA,NA,NA,NA,NA,NA,NA,NA,NA,0.00,NA,NA,NA
2025-11-04 07:00:00,81.24,158.79,15.82,15.98,21.35,NA,NA,0.44,6.13,NA,NA,NA,NA,NA,NA,NA,NA,NA,NA,NA,0.00,NA,NA,NA
2025-11-04 08:00:00,143.84,223.97,11.78,13.86,16.95,NA,NA,0.64,5.59,NA,NA,NA,NA,NA,NA,NA,NA,NA,NA,NA,0.00,NA,NA,NA
2025-11-04 09:00:00,175.46,339.93,7.89,17.04,15.47,NA,NA,0.54,11.27,NA,NA,NA,NA,NA,NA,NA,NA,NA,NA,NA,0.00,NA,NA,NA
2025-11-04 10:00:00,98.14,183.08,5.44,14.74,12.26,NA,NA,0.44,24.91,NA,NA,NA,NA,NA,NA,NA,NA,NA,NA,NA,0.00,NA,NA,NA
2025-11-04 11:00:00,60.84,198.25,5.77,16.79,13.62,NA,NA,0.41,34.36,NA,NA,NA,NA,NA,NA,NA,NA,NA,NA,NA,0.00,NA,NA,NA
2025-11-04 12:00:00,125.15,182.41,16.76,13.59,20.86,NA,NA,0.28,42.30,NA,NA,NA,NA,NA,NA,NA,NA,NA,NA,NA,0.00,NA,NA,NA
2025-11-04 13:00:00,89.48,207.78,23.35,12.93,25.86,NA,NA,0.24,50.88,NA,NA,NA,NA,NA,NA,NA,NA,NA,NA,NA,0.00,NA,NA,NA
2025-11-04 14:00:00,69.51,203.44,30.47,12.30,31.32,NA,NA,0.17,56.08,NA,NA,NA,NA,NA,NA,NA,NA,NA,NA,NA,0.00,NA,NA,NA
2025-11-04 15:00:00,51.88,197.56,39.30,11.60,38.13,NA,NA,0.14,59.11,NA,NA,NA,NA,NA,NA,NA,NA,NA,NA,NA,0.00,NA,NA,NA
2025-11-04 16:00:00,39.79,121.35,39.76,10.58,37.95,NA,NA,0.09,47.73,NA,NA,NA,NA,NA,NA,NA,NA,NA,NA,NA,0.00,NA,NA,NA
2025-11-04 17:00:00,36.80,76.98,35.30,12.50,35.34,NA,NA,0.10,16.85,NA,NA,NA,NA,NA,NA,NA,NA,NA,NA,NA,0.00,NA,NA,NA
2025-11-04 18:00:00,NA,60.02,24.89,12.86,27.08,NA,NA,0.15,27.57,NA,NA,NA,NA,NA,NA,NA,NA,NA,NA,NA,0.00,NA,NA,NA
2025-11-04 19:00:00,41.02,83.59,16.39,16.20,21.94,NA,NA,0.26,20.54,NA,NA,NA,NA,NA,NA,NA,NA,NA,NA,NA,0.00,NA,NA,NA
2025-11-04 20:00:00,22.34,93.62,10.23,14.42,15.98,NA,NA,0.30,11.30,NA,NA,NA,NA,NA,NA,NA,NA,NA,NA,NA,0.00,NA,NA,NA
2025-11-04 21:00:00,70.86,112.68,6.32,12.49,11.78,NA,NA,0.40,6.42,NA,NA,NA,NA,NA,NA,NA,NA,NA,NA,NA,0.00,NA,NA,NA
2025-11-04 22:00:00,45.04,118.12,5.85,11.48,10.86,NA,NA,0.38,4.89,NA,NA,NA,NA,NA,NA,NA,NA,NA,NA,NA,0.00,NA,NA,NA
2025-11-04 23:00:00,44.15,83.73,5.90,13.19,11.81,NA,NA,0.35,4.65,NA,NA,NA,NA,NA,NA,NA,NA,NA,NA,NA,0.00,NA,NA,NA
2025-11-05 00:00:00,31.70,75.17,5.56,8.76,9.18,NA,NA,0.30,4.29,NA,NA,NA,NA,NA,NA,NA,NA,NA,NA,NA,0.00,NA,NA,NA
2025-11-05 01:00:00,38.34,69.07,7.38,7.48,9.98,NA,NA,0.31,3.76,NA,NA,NA,NA,NA,NA,NA,NA,NA,NA,NA,0.00,NA,NA,NA
2025-11-05 02:00:00,41.99,76.22,8.60,8.21,11.35,NA,NA,0.33,3.74,NA,NA,NA,NA,NA,NA,NA,NA,NA,NA,NA,0.00,NA,NA,NA
2025-11-05 03:00:00,68.18,83.65,6.59,9.04,10.16,NA,NA,0.38,5.48,NA,NA,NA,NA,NA,NA,NA,NA,NA,NA,NA,0.00,NA,NA,NA
2025-11-05 04:00:00,104.08,148.54,6.92,9.31,10.58,NA,NA,0.44,2.48,NA,NA,NA,NA,NA,NA,NA,NA,NA,NA,NA,0.00,NA,NA,NA
2025-11-05 05:00:00,85.16,149.68,7.71,7.99,10.52,NA,NA,0.46,2.86,NA,NA,NA,NA,NA,NA,NA,NA,NA,NA,NA,0.00,NA,NA,NA
2025-11-05 06:00:00,67.59,166.09,9.00,5.56,10.27,NA,NA,0.52,3.56,NA,NA,NA,NA,NA,NA,NA,NA,NA,NA,NA,0.00,NA,NA,NA
2025-11-05 07:00:00,81.46,190.39,12.24,4.74,12.47,NA,NA,0.60,6.26,NA,NA,NA,NA,NA,NA,NA,NA,NA,NA,NA,0.00,NA,NA,NA
2025-11-05 08:00:00,135.02,218.35,17.27,8.54,18.59,NA,NA,0.69,9.32,NA,NA,NA,NA,NA,NA,NA,NA,NA,NA,NA,0.00,NA,NA,NA
2025-11-05 09:00:00,93.21,146.19,8.67,10.57,12.68,NA,NA,0.47,3.79,NA,NA,NA,NA,NA,NA,NA,NA,NA,NA,NA,0.00,NA,NA,NA
2025-11-05 10:00:00,78.53,156.65,6.31,15.80,13.53,NA,NA,0.46,23.10,NA,NA,NA,NA,NA,NA,NA,NA,NA,NA,NA,0.00,NA,NA,NA
2025-11-05 11:00:00,60.75,167.58,5.41,15.77,12.78,NA,NA,0.37,38.75,NA,NA,NA,NA,NA,NA,NA,NA,NA,NA,NA,0.00,NA,NA,NA
2025-11-05 12:00:00,94.39,205.22,5.70,12.14,11.08,NA,NA,0.35,44.71,NA,NA,NA,NA,NA,NA,NA,NA,NA,NA,NA,0.00,NA,NA,NA
2025-11-05 13:00:00,40.53,158.26,4.89,10.62,9.62,NA,NA,0.36,50.80,NA,NA,NA,NA,NA,NA,NA,NA,NA,NA,NA,0.00,NA,NA,NA
2025-11-05 14:00:00,91.23,131.57,4.33,11.40,9.59,NA,NA,0.31,50.85,NA,NA,NA,NA,NA,NA,NA,NA,NA,NA,NA,0.00,NA,NA,NA
2025-11-05 15:00:00,54.83,138.59,12.77,14.28,17.97,NA,NA,0.23,56.85,NA,NA,NA,NA,NA,NA,NA,NA,NA,NA,NA,0.00,NA,NA,NA
2025-11-05 16:00:00,39.21,199.36,14.22,11.24,17.54,NA,NA,0.21,49.87,NA,NA,NA,NA,NA,NA,NA,NA,NA,NA,NA,0.00,NA,NA,NA
2025-11-05 17:00:00,46.16,157.06,14.72,11.26,17.96,NA,NA,0.25,27.96,NA,NA,NA,NA,NA,NA,NA,NA,NA,NA,NA,0.00,NA,NA,NA
2025-11-05 18:00:00,30.69,139.79,7.19,13.27,12.89,NA,NA,0.38,36.65,NA,NA,NA,NA,NA,NA,NA,NA,NA,NA,NA,0.00,NA,NA,NA
2025-11-05 19:00:00,32.67,151.22,5.45,15.56,12.70,NA,NA,0.57,32.36,NA,NA,NA,NA,NA,NA,NA,NA,NA,NA,NA,0.00,NA,NA,NA
2025-11-05 20:00:00,82.81,235.80,5.00,17.55,13.39,NA,NA,0.65,32.76,NA,NA,NA,NA,NA,NA,NA,NA,NA,NA,NA,0.00,NA,NA,NA
2025-11-05 21:00:00,133.07,266.71,4.79,18.44,13.70,NA,NA,0.73,29.28,NA,NA,NA,NA,NA,NA,NA,NA,NA,NA,NA,0.00,NA,NA,NA
2025-11-05 22:00:00,198.12,308.46,4.77,18.73,13.84,NA,NA,0.83,20.66,NA,NA,NA,NA,NA,NA,NA,NA,NA,NA,NA,0.00,NA,NA,NA
2025-11-05 23:00:00,189.74,349.34,4.94,16.86,12.98,NA,NA,0.97,22.95,NA,NA,NA,NA,NA,NA,NA,NA,NA,NA,NA,0.00,NA,NA,NA
2025-11-06 00:00:00,259.63,468.17,5.14,16.64,13.03,NA,NA,1.04,23.46,NA,NA,NA,NA,NA,NA,NA,NA,NA,NA,NA,0.00,NA,NA,NA
2025-11-06 01:00:00,268.30,396.72,4.91,13.40,11.12,NA,NA,0.88,15.41,NA,NA,NA,NA,NA,NA,NA,NA,NA,NA,NA,0.00,NA,NA,NA
2025-11-06 02:00:00,164.15,313.39,4.24,12.07,9.86,NA,NA,0.82,15.32,NA,NA,NA,NA,NA,NA,NA,NA,NA,NA,NA,0.00,NA,NA,NA
2025-11-06 03:00:00,231.30,329.40,4.02,11.80,9.55,NA,NA,0.84,12.20,NA,NA,NA,NA,NA,NA,NA,NA,NA,NA,NA,0.00,NA,NA,NA
2025-11-06 04:00:00,172.50,379.21,4.66,12.28,10.31,NA,NA,0.90,14.56,NA,NA,NA,NA,NA,NA,NA,NA,NA,NA,NA,0.00,NA,NA,NA
2025-11-06 05:00:00,233.98,416.73,4.58,12.03,10.12,NA,NA,0.98,19.61,NA,NA,NA,NA,NA,NA,NA,NA,NA,NA,NA,0.00,NA,NA,NA
2025-11-06 06:00:00,133.18,407.33,5.39,16.01,12.90,NA,NA,1.12,6.33,NA,NA,NA,NA,NA,NA,NA,NA,NA,NA,NA,0.00,NA,NA,NA
2025-11-06 07:00:00,178.50,504.69,7.14,16.36,14.51,NA,NA,1.31,9.41,NA,NA,NA,NA,NA,NA,NA,NA,NA,NA,NA,0.00,NA,NA,NA
2025-11-06 08:00:00,440.97,538.38,6.12,21.82,16.57,NA,NA,1.24,16.74,NA,NA,NA,NA,NA,NA,NA,NA,NA,NA,NA,0.00,NA,NA,NA
2025-11-06 09:00:00,271.82,479.79,4.94,17.53,13.34,NA,NA,0.86,31.70,NA,NA,NA,NA,NA,NA,NA,NA,NA,NA,NA,0.00,NA,NA,NA
2025-11-06 10:00:00,239.85,322.94,4.18,15.39,11.58,NA,NA,0.64,38.48,NA,NA,NA,NA,NA,NA,NA,NA,NA,NA,NA,0.00,NA,NA,NA
2025-11-06 11:00:00,38.97,197.06,4.14,13.61,10.60,NA,NA,0.39,48.84,NA,NA,NA,NA,NA,NA,NA,NA,NA,NA,NA,0.00,NA,NA,NA
2025-11-06 12:00:00,88.43,208.64,4.25,5.18,6.14,NA,NA,0.33,56.21,NA,NA,NA,NA,NA,NA,NA,NA,NA,NA,NA,0.00,NA,NA,NA
2025-11-06 13:00:00,89.94,203.95,8.49,15.22,15.00,NA,NA,0.33,61.32,NA,NA,NA,NA,NA,NA,NA,NA,NA,NA,NA,0.00,NA,NA,NA
2025-11-06 14:00:00,63.91,185.86,5.25,15.48,12.51,NA,NA,0.32,NA,NA,NA,NA,NA,NA,NA,NA,NA,NA,NA,NA,0.00,NA,NA,NA
2025-11-06 15:00:00,52.92,187.26,3.45,14.88,10.72,NA,NA,0.33,64.03,NA,NA,NA,NA,NA,NA,NA,NA,NA,NA,NA,0.00,NA,NA,NA
2025-11-06 16:00:00,64.09,133.89,3.14,15.29,10.68,NA,NA,0.32,73.19,NA,NA,NA,NA,NA,NA,NA,NA,NA,NA,NA,0.00,NA,NA,NA
2025-11-06 17:00:00,71.26,185.40,2.81,18.64,12.20,NA,NA,0.31,62.70,NA,NA,NA,NA,NA,NA,NA,NA,NA,NA,NA,0.00,NA,NA,NA
2025-11-06 18:00:00,66.80,197.77,3.03,16.96,11.49,NA,NA,0.34,31.42,NA,NA,NA,NA,NA,NA,NA,NA,NA,NA,NA,0.00,NA,NA,NA
2025-11-06 19:00:00,61.22,184.65,3.54,16.55,11.68,NA,NA,0.40,20.64,NA,NA,NA,NA,NA,NA,NA,NA,NA,NA,NA,0.00,NA,NA,NA
2025-11-06 20:00:00,71.88,202.69,3.72,21.96,14.70,NA,NA,0.55,10.65,NA,NA,NA,NA,NA,NA,NA,NA,NA,NA,NA,0.00,NA,NA,NA
2025-11-06 21:00:00,88.29,266.19,4.27,32.91,20.97,NA,NA,0.86,5.72,NA,NA,NA,NA,NA,NA,NA,NA,NA,NA,NA,0.00,NA,NA,NA
2025-11-06 22:00:00,113.50,268.22,4.20,30.23,19.48,NA,NA,0.88,5.84,NA,NA,NA,NA,NA,NA,NA,NA,NA,NA,NA,0.00,NA,NA,NA
2025-11-06 23:00:00,79.84,219.20,3.60,37.01,22.61,NA,NA,0.72,12.50,NA,NA,NA,NA,NA,NA,NA,NA,NA,NA,NA,0.00,NA,NA,NA
2025-11-07 00:00:00,116.84,298.98,3.58,23.21,15.25,NA,NA,0.75,32.44,NA,NA,NA,NA,NA,NA,NA,NA,NA,NA,NA,0.00,NA,NA,NA
2025-11-07 01:00:00,209.80,389.18,3.70,20.42,13.87,NA,NA,0.80,30.50,NA,NA,NA,NA,NA,NA,NA,NA,NA,NA,NA,0.00,NA,NA,NA
2025-11-07 02:00:00,214.84,366.86,3.73,23.18,15.36,NA,NA,0.92,18.66,NA,NA,NA,NA,NA,NA,NA,NA,NA,NA,NA,0.00,NA,NA,NA
2025-11-07 03:00:00,248.84,420.88,17.02,32.86,31.33,NA,NA,1.02,11.15,NA,NA,NA,NA,NA,NA,NA,NA,NA,NA,NA,0.00,NA,NA,NA
2025-11-07 04:00:00,229.81,408.02,14.37,28.76,26.97,NA,NA,1.03,9.99,NA,NA,NA,NA,NA,NA,NA,NA,NA,NA,NA,0.00,NA,NA,NA
2025-11-07 05:00:00,255.05,441.18,10.66,25.79,22.39,NA,NA,0.96,7.15,NA,NA,NA,NA,NA,NA,NA,NA,NA,NA,NA,0.00,NA,NA,NA
2025-11-07 06:00:00,227.08,398.09,12.50,24.26,23.06,NA,NA,0.97,4.80,NA,NA,NA,NA,NA,NA,NA,NA,NA,NA,NA,0.00,NA,NA,NA
2025-11-07 07:00:00,205.68,411.26,10.92,27.67,23.59,NA,NA,1.03,7.76,NA,NA,NA,NA,NA,NA,NA,NA,NA,NA,NA,0.00,NA,NA,NA
2025-11-07 08:00:00,175.29,386.78,5.96,24.68,17.96,NA,NA,0.90,16.59,NA,NA,NA,NA,NA,NA,NA,NA,NA,NA,NA,0.00,NA,NA,NA
2025-11-07 09:00:00,96.47,389.28,3.97,24.00,15.99,NA,NA,0.83,36.95,NA,NA,NA,NA,NA,NA,NA,NA,NA,NA,NA,0.00,NA,NA,NA
2025-11-07 10:00:00,23.12,435.85,3.37,23.23,15.09,NA,NA,0.78,49.06,NA,NA,NA,NA,NA,NA,NA,NA,NA,NA,NA,0.00,NA,NA,NA
2025-11-07 11:00:00,65.34,300.88,2.74,19.44,12.57,NA,NA,0.60,56.40,NA,NA,NA,NA,NA,NA,NA,NA,NA,NA,NA,0.00,NA,NA,NA
2025-11-07 12:00:00,NA,NA,2.75,17.87,11.74,NA,NA,0.52,66.79,NA,NA,NA,NA,NA,NA,NA,NA,NA,NA,NA,0.00,NA,NA,NA
2025-11-07 13:00:00,115.51,225.56,4.58,14.60,11.49,NA,NA,0.38,69.28,NA,NA,NA,NA,NA,NA,NA,NA,NA,NA,NA,0.00,NA,NA,NA
2025-11-07 14:00:00,61.99,210.79,3.98,14.28,10.83,NA,NA,0.40,76.90,NA,NA,NA,NA,NA,NA,NA,NA,NA,NA,NA,0.00,NA,NA,NA
2025-11-07 15:00:00,41.08,160.54,3.25,14.20,10.19,NA,NA,0.41,73.66,NA,NA,NA,NA,NA,NA,NA,NA,NA,NA,NA,0.00,NA,NA,NA
2025-11-07 16:00:00,14.73,135.74,2.50,14.14,9.56,NA,NA,0.38,77.52,NA,NA,NA,NA,NA,NA,NA,NA,NA,NA,NA,0.00,NA,NA,NA
2025-11-07 17:00:00,48.23,170.15,2.64,17.28,11.34,NA,NA,0.42,59.35,NA,NA,NA,NA,NA,NA,NA,NA,NA,NA,NA,0.00,NA,NA,NA
2025-11-07 18:00:00,NA,208.92,3.80,20.12,13.79,NA,NA,0.50,43.89,NA,NA,NA,NA,NA,NA,NA,NA,NA,NA,NA,0.00,NA,NA,NA
2025-11-07 19:00:00,97.64,228.34,3.80,20.32,13.90,NA,NA,0.57,35.18,NA,NA,NA,NA,NA,NA,NA,NA,NA,NA,NA,0.00,NA,NA,NA
2025-11-07 20:00:00,97.57,222.21,3.54,30.35,19.02,NA,NA,0.74,19.50,NA,NA,NA,NA,NA,NA,NA,NA,NA,NA,NA,0.00,NA,NA,NA
2025-11-07 21:00:00,63.93,269.28,4.16,42.44,25.96,NA,NA,0.98,5.72,NA,NA,NA,NA,NA,NA,NA,NA,NA,NA,NA,0.00,NA,NA,NA
2025-11-07 22:00:00,84.56,269.36,4.74,40.99,25.66,NA,NA,1.08,4.55,NA,NA,NA,NA,NA,NA,NA,NA,NA,NA,NA,0.00,NA,NA,NA
2025-11-07 23:00:00,257.26,321.54,8.22,47.02,31.70,NA,NA,1.13,6.33,NA,NA,NA,NA,NA,NA,NA,NA,NA,NA,NA,0.00,NA,NA,NA
2025-11-08 00:00:00,131.18,319.72,6.30,42.59,27.77,NA,NA,1.06,4.73,NA,NA,NA,NA,NA,NA,NA,NA,NA,NA,NA,0.00,NA,NA,NA
2025-11-08 01:00:00,116.10,244.87,5.02,36.97,23.75,NA,NA,0.86,8.72,NA,NA,NA,NA,NA,NA,NA,NA,NA,NA,NA,0.00,NA,NA,NA
2025-11-08 02:00:00,77.98,249.07,4.13,32.88,20.85,NA,NA,0.82,13.57,NA,NA,NA,NA,NA,NA,NA,NA,NA,NA,NA,0.00,NA,NA,NA
2025-11-08 03:00:00,145.86,357.80,3.53,22.08,14.61,NA,NA,0.95,30.12,NA,NA,NA,NA,NA,NA,NA,NA,NA,NA,NA,0.00,NA,NA,NA
2025-11-08 04:00:00,50.28,435.95,4.56,30.31,19.83,NA,NA,0.92,13.64,NA,NA,NA,NA,NA,NA,NA,NA,NA,NA,NA,0.00,NA,NA,NA
2025-11-08 05:00:00,190.00,379.56,4.42,24.08,16.40,NA,NA,0.97,6.29,NA,NA,NA,NA,NA,NA,NA,NA,NA,NA,NA,0.00,NA,NA,NA
2025-11-08 06:00:00,174.49,410.83,4.13,16.96,12.38,NA,NA,1.07,5.11,NA,NA,NA,NA,NA,NA,NA,NA,NA,NA,NA,0.00,NA,NA,NA
2025-11-08 07:00:00,18.45,375.47,5.58,17.40,13.80,NA,NA,1.03,5.70,NA,NA,NA,NA,NA,NA,NA,NA,NA,NA,NA,0.00,NA,NA,NA
2025-11-08 08:00:00,203.40,420.08,8.38,35.34,25.61,NA,NA,1.28,10.47,NA,NA,NA,NA,NA,NA,NA,NA,NA,NA,NA,0.00,NA,NA,NA
2025-11-08 09:00:00,2.01,540.15,5.54,32.83,21.96,NA,NA,1.28,28.87,NA,NA,NA,NA,NA,NA,NA,NA,NA,NA,NA,0.00,NA,NA,NA
2025-11-08 10:00:00,542.43,617.66,3.89,30.18,19.22,NA,NA,1.24,59.34,NA,NA,NA,NA,NA,NA,NA,NA,NA,NA,NA,0.00,NA,NA,NA
2025-11-08 11:00:00,42.38,447.47,3.22,20.76,13.66,NA,NA,0.82,60.96,NA,NA,NA,NA,NA,NA,NA,NA,NA,NA,NA,0.00,NA,NA,NA
2025-11-08 12:00:00,2.41,314.55,2.85,18.10,11.94,NA,NA,0.73,69.35,NA,NA,NA,NA,NA,NA,NA,NA,NA,NA,NA,0.00,NA,NA,NA
2025-11-08 13:00:00,NA,400.37,3.60,19.57,13.34,NA,NA,0.85,77.41,NA,NA,NA,NA,NA,NA,NA,NA,NA,NA,NA,0.00,NA,NA,NA
2025-11-08 14:00:00,286.44,427.65,9.22,18.83,17.52,NA,NA,0.79,80.28,NA,NA,NA,NA,NA,NA,NA,NA,NA,NA,NA,0.00,NA,NA,NA
2025-11-08 15:00:00,225.88,388.20,11.15,18.11,18.70,NA,NA,0.60,79.48,NA,NA,NA,NA,NA,NA,NA,NA,NA,NA,NA,0.00,NA,NA,NA
2025-11-08 16:00:00,89.19,321.34,11.20,16.30,17.77,NA,NA,0.51,79.46,NA,NA,NA,NA,NA,NA,NA,NA,NA,NA,NA,0.00,NA,NA,NA
2025-11-08 17:00:00,147.46,273.18,9.42,17.34,16.88,NA,NA,0.54,64.57,NA,NA,NA,NA,NA,NA,NA,NA,NA,NA,NA,0.00,NA,NA,NA
2025-11-08 18:00:00,64.03,232.38,4.51,17.99,13.23,NA,NA,0.64,34.00,NA,NA,NA,NA,NA,NA,NA,NA,NA,NA,NA,0.00,NA,NA,NA
2025-11-08 19:00:00,16.52,233.86,3.86,18.40,12.92,NA,NA,0.70,16.36,NA,NA,NA,NA,NA,NA,NA,NA,NA,NA,NA,0.00,NA,NA,NA
2025-11-08 20:00:00,6.86,234.84,3.66,25.74,16.68,NA,NA,0.92,11.18,NA,NA,NA,NA,NA,NA,NA,NA,NA,NA,NA,0.00,NA,NA,NA
2025-11-08 21:00:00,NA,307.93,3.32,30.92,19.14,NA,NA,1.06,10.42,NA,NA,NA,NA,NA,NA,NA,NA,NA,NA,NA,0.00,NA,NA,NA
2025-11-08 22:00:00,NA,345.73,3.97,25.12,16.59,NA,NA,1.04,9.99,NA,NA,NA,NA,NA,NA,NA,NA,NA,NA,NA,0.00,NA,NA,NA
2025-11-08 23:00:00,NA,346.93,4.33,25.93,17.32,NA,NA,1.02,5.58,NA,NA,NA,NA,NA,NA,NA,NA,NA,NA,NA,0.00,NA,NA,NA
2025-11-09 00:00:00,212.96,289.04,4.34,31.34,20.20,NA,NA,1.04,6.65,NA,NA,NA,NA,NA,NA,NA,NA,NA,NA,NA,0.00,NA,NA,NA
2025-11-09 01:00:00,118.29,297.70,4.00,30.35,19.40,NA,NA,0.97,7.75,NA,NA,NA,NA,NA,NA,NA,NA,NA,NA,NA,0.00,NA,NA,NA
2025-11-09 02:00:00,0.06,306.76,3.74,31.72,19.92,NA,NA,0.98,7.04,NA,NA,NA,NA,NA,NA,NA,NA,NA,NA,NA,0.00,NA,NA,NA
2025-11-09 03:00:00,213.41,356.22,4.12,43.39,26.43,NA,NA,1.14,7.54,NA,NA,NA,NA,NA,NA,NA,NA,NA,NA,NA,0.00,NA,NA,NA
2025-11-09 04:00:00,NA,398.41,4.31,36.12,22.72,NA,NA,1.07,8.29,NA,NA,NA,NA,NA,NA,NA,NA,NA,NA,NA,0.00,NA,NA,NA
2025-11-09 05:00:00,154.06,394.52,4.06,32.33,20.50,NA,NA,1.07,12.20,NA,NA,NA,NA,NA,NA,NA,NA,NA,NA,NA,0.00,NA,NA,NA
2025-11-09 06:00:00,255.60,378.96,4.18,31.19,19.99,NA,NA,1.06,6.18,NA,NA,NA,NA,NA,NA,NA,NA,NA,NA,NA,0.00,NA,NA,NA
2025-11-09 07:00:00,253.92,404.81,5.60,32.83,22.02,NA,NA,1.13,11.08,NA,NA,NA,NA,NA,NA,NA,NA,NA,NA,NA,0.00,NA,NA,NA
2025-11-09 08:00:00,266.84,461.46,6.58,32.24,22.50,NA,NA,1.23,14.57,NA,NA,NA,NA,NA,NA,NA,NA,NA,NA,NA,0.00,NA,NA,NA
2025-11-09 09:00:00,381.35,496.58,5.10,28.73,19.43,NA,NA,1.12,22.18,NA,NA,NA,NA,NA,NA,NA,NA,NA,NA,NA,0.00,NA,NA,NA
2025-11-09 10:00:00,149.98,427.69,3.92,24.53,16.24,NA,NA,0.93,39.04,NA,NA,NA,NA,NA,NA,NA,NA,NA,NA,NA,0.00,NA,NA,NA
2025-11-09 11:00:00,33.46,334.18,3.62,21.65,14.46,NA,NA,0.83,49.75,NA,NA,NA,NA,NA,NA,NA,NA,NA,NA,NA,0.00,NA,NA,NA
2025-11-09 12:00:00,NA,302.81,2.96,18.80,12.40,NA,NA,0.62,58.72,NA,NA,NA,NA,NA,NA,NA,NA,NA,NA,NA,0.00,NA,NA,NA
2025-11-09 13:00:00,NA,226.84,3.88,16.34,11.85,NA,NA,0.53,73.04,NA,NA,NA,NA,NA,NA,NA,NA,NA,NA,NA,0.00,NA,NA,NA
2025-11-09 14:00:00,66.88,241.12,3.56,16.31,11.58,NA,NA,0.58,78.31,NA,NA,NA,NA,NA,NA,NA,NA,NA,NA,NA,0.00,NA,NA,NA
2025-11-09 15:00:00,NA,165.98,13.05,17.48,19.91,NA,NA,0.52,81.04,NA,NA,NA,NA,NA,NA,NA,NA,NA,NA,NA,0.00,NA,NA,NA
2025-11-09 16:00:00,142.40,256.56,13.77,18.55,21.07,NA,NA,0.50,75.57,NA,NA,NA,NA,NA,NA,NA,NA,NA,NA,NA,0.00,NA,NA,NA
2025-11-09 17:00:00,91.06,245.69,10.29,22.24,20.20,NA,NA,0.53,44.32,NA,NA,NA,NA,NA,NA,NA,NA,NA,NA,NA,0.00,NA,NA,NA
2025-11-09 18:00:00,12.38,241.27,6.48,27.32,19.80,NA,NA,0.69,28.01,NA,NA,NA,NA,NA,NA,NA,NA,NA,NA,NA,0.00,NA,NA,NA
2025-11-09 19:00:00,95.26,319.15,4.46,29.93,19.55,NA,NA,0.88,13.40,NA,NA,NA,NA,NA,NA,NA,NA,NA,NA,NA,0.00,NA,NA,NA
2025-11-09 20:00:00,47.76,269.19,4.30,27.41,18.07,NA,NA,0.95,5.80,NA,NA,NA,NA,NA,NA,NA,NA,NA,NA,NA,0.00,NA,NA,NA
2025-11-09 21:00:00,63.28,262.96,3.80,27.79,17.88,NA,NA,1.06,5.16,NA,NA,NA,NA,NA,NA,NA,NA,NA,NA,NA,0.00,NA,NA,NA
2025-11-09 22:00:00,NA,289.44,3.82,29.32,18.70,NA,NA,1.25,4.34,NA,NA,NA,NA,NA,NA,NA,NA,NA,NA,NA,0.00,NA,NA,NA
2025-11-09 23:00:00,NA,322.35,4.21,26.39,17.46,NA,NA,1.32,5.95,NA,NA,NA,NA,NA,NA,NA,NA,NA,NA,NA,0.00,NA,NA,NA
2025-11-10 00:00:00,NA,321.60,4.59,25.83,17.47,NA,NA,1.26,4.99,NA,NA,NA,NA,NA,NA,NA,NA,NA,NA,NA,0.00,NA,NA,NA
2025-11-10 01:00:00,207.92,307.84,4.42,22.80,15.72,NA,NA,1.12,7.81,NA,NA,NA,NA,NA,NA,NA,NA,NA,NA,NA,0.00,NA,NA,NA
2025-11-10 02:00:00,103.23,320.30,3.86,26.75,17.38,NA,NA,1.08,5.26,NA,NA,NA,NA,NA,NA,NA,NA,NA,NA,NA,0.00,NA,NA,NA
2025-11-10 03:00:00,119.11,282.95,3.70,22.16,14.79,NA,NA,1.09,5.31,NA,NA,NA,NA,NA,NA,NA,NA,NA,NA,NA,0.00,NA,NA,NA
2025-11-10 04:00:00,NA,347.16,3.46,15.69,11.16,NA,NA,1.04,4.77,NA,NA,NA,NA,NA,NA,NA,NA,NA,NA,NA,0.00,NA,NA,NA
2025-11-10 05:00:00,NA,NA,NA,NA,NA,NA,NA,NA,NA,NA,NA,NA,NA,NA,NA,NA,NA,NA,NA,NA,0.00,NA,NA,NA
2025-11-10 06:00:00,NA,323.94,42.19,11.68,39.74,NA,NA,1.50,6.16,NA,NA,NA,NA,NA,NA,NA,NA,NA,NA,NA,0.00,NA,NA,NA
2025-11-10 07:00:00,NA,15.10,7.88,27.02,20.77,NA,NA,1.13,5.93,NA,NA,NA,NA,NA,NA,NA,NA,NA,NA,NA,0.00,NA,NA,NA
2025-11-10 08:00:00,NA,185.96,7.90,42.68,29.12,NA,NA,1.28,8.45,NA,NA,NA,NA,NA,NA,NA,NA,NA,NA,NA,0.00,NA,NA,NA
2025-11-10 09:00:00,171.49,379.93,6.90,46.04,30.11,NA,NA,1.40,16.28,NA,NA,NA,NA,NA,NA,NA,NA,NA,NA,NA,0.00,NA,NA,NA
2025-11-10 10:00:00,112.34,556.45,5.20,42.44,26.80,NA,NA,1.49,34.86,NA,NA,NA,NA,NA,NA,NA,NA,NA,NA,NA,0.00,NA,NA,NA
2025-11-10 11:00:00,NA,525.05,3.83,36.92,22.76,NA,NA,1.36,60.40,NA,NA,NA,NA,NA,NA,NA,NA,NA,NA,NA,0.00,NA,NA,NA
2025-11-10 12:00:00,63.45,400.12,2.85,31.28,18.95,NA,NA,1.11,81.87,NA,NA,NA,NA,NA,NA,NA,NA,NA,NA,NA,0.00,NA,NA,NA
2025-11-10 13:00:00,327.83,373.98,3.66,27.93,17.83,NA,NA,1.01,87.24,NA,NA,NA,NA,NA,NA,NA,NA,NA,NA,NA,0.00,NA,NA,NA
2025-11-10 14:00:00,NA,400.94,12.68,31.62,27.14,NA,NA,0.97,87.06,NA,NA,NA,NA,NA,NA,NA,NA,NA,NA,NA,0.00,NA,NA,NA
2025-11-10 15:00:00,NA,465.46,17.49,29.37,29.84,NA,NA,1.06,82.08,NA,NA,NA,NA,NA,NA,NA,NA,NA,NA,NA,0.00,NA,NA,NA
2025-11-10 16:00:00,NA,420.88,4.84,24.76,17.11,NA,NA,1.19,34.36,NA,NA,NA,NA,NA,NA,NA,NA,NA,NA,NA,0.00,NA,NA,NA
2025-11-10 17:00:00,NA,381.01,4.15,28.02,18.28,NA,NA,1.28,12.11,NA,NA,NA,NA,NA,NA,NA,NA,NA,NA,NA,0.00,NA,NA,NA
2025-11-10 18:00:00,NA,385.02,3.37,28.57,17.93,NA,NA,1.31,9.46,NA,NA,NA,NA,NA,NA,NA,NA,NA,NA,NA,0.00,NA,NA,NA
2025-11-10 19:00:00,83.22,369.04,2.88,24.63,15.44,NA,NA,1.37,6.60,NA,NA,NA,NA,NA,NA,NA,NA,NA,NA,NA,0.00,NA,NA,NA
2025-11-10 20:00:00,181.97,407.12,3.46,22.67,14.87,NA,NA,1.50,6.45,NA,NA,NA,NA,NA,NA,NA,NA,NA,NA,NA,0.00,NA,NA,NA
2025-11-10 21:00:00,228.38,470.25,3.57,23.20,15.24,NA,NA,1.82,6.03,NA,NA,NA,NA,NA,NA,NA,NA,NA,NA,NA,0.00,NA,NA,NA
2025-11-10 22:00:00,265.39,466.53,3.71,20.26,13.79,NA,NA,2.17,4.51,NA,NA,NA,NA,NA,NA,NA,NA,NA,NA,NA,0.00,NA,NA,NA
2025-11-10 23:00:00,264.37,459.54,3.53,18.51,12.72,NA,NA,2.10,4.12,NA,NA,NA,NA,NA,NA,NA,NA,NA,NA,NA,0.00,NA,NA,NA
2025-11-11 00:00:00,286.18,435.96,3.46,19.62,13.24,NA,NA,1.88,4.19,NA,NA,NA,NA,NA,NA,NA,NA,NA,NA,NA,0.00,NA,NA,NA
2025-11-11 01:00:00,278.33,450.23,3.80,19.73,13.59,NA,NA,2.00,4.51,NA,NA,NA,NA,NA,NA,NA,NA,NA,NA,NA,0.00,NA,NA,NA
2025-11-11 02:00:00,276.28,431.41,13.58,17.29,20.25,NA,NA,2.36,4.54,NA,NA,NA,NA,NA,NA,NA,NA,NA,NA,NA,0.00,NA,NA,NA
2025-11-11 03:00:00,319.77,486.19,42.92,18.30,44.64,NA,NA,3.21,5.78,NA,NA,NA,NA,NA,NA,NA,NA,NA,NA,NA,0.00,NA,NA,NA
2025-11-11 04:00:00,347.60,548.31,42.25,35.83,53.40,NA,NA,2.73,5.74,NA,NA,NA,NA,NA,NA,NA,NA,NA,NA,NA,0.00,NA,NA,NA
2025-11-11 05:00:00,343.14,575.27,30.77,38.16,45.31,NA,NA,2.34,4.16,NA,NA,NA,NA,NA,NA,NA,NA,NA,NA,NA,0.00,NA,NA,NA
2025-11-11 06:00:00,334.78,545.42,18.78,40.39,36.75,NA,NA,1.93,4.33,NA,NA,NA,NA,NA,NA,NA,NA,NA,NA,NA,0.00,NA,NA,NA
2025-11-11 07:00:00,337.79,555.63,17.36,42.16,36.54,NA,NA,1.92,7.22,NA,NA,NA,NA,NA,NA,NA,NA,NA,NA,NA,0.00,NA,NA,NA
2025-11-11 08:00:00,373.88,629.06,16.20,60.23,45.21,NA,NA,1.96,10.15,NA,NA,NA,NA,NA,NA,NA,NA,NA,NA,NA,0.00,NA,NA,NA
2025-11-11 09:00:00,399.35,686.05,11.39,57.61,39.90,NA,NA,1.83,17.08,NA,NA,NA,NA,NA,NA,NA,NA,NA,NA,NA,0.00,NA,NA,NA
2025-11-11 10:00:00,394.45,724.75,5.68,50.83,31.65,NA,NA,1.74,42.00,NA,NA,NA,NA,NA,NA,NA,NA,NA,NA,NA,0.00,NA,NA,NA
2025-11-11 11:00:00,301.79,596.15,3.72,39.19,23.87,NA,NA,1.31,60.90,NA,NA,NA,NA,NA,NA,NA,NA,NA,NA,NA,0.00,NA,NA,NA
2025-11-11 12:00:00,199.80,383.41,3.69,31.74,19.88,NA,NA,0.90,69.77,NA,NA,NA,NA,NA,NA,NA,NA,NA,NA,NA,0.00,NA,NA,NA
2025-11-11 13:00:00,148.08,309.85,11.34,25.02,22.54,NA,NA,0.75,82.75,NA,NA,NA,NA,NA,NA,NA,NA,NA,NA,NA,0.00,NA,NA,NA
2025-11-11 14:00:00,161.02,331.82,15.14,22.71,24.39,NA,NA,0.70,94.34,NA,NA,NA,NA,NA,NA,NA,NA,NA,NA,NA,0.00,NA,NA,NA
2025-11-11 15:00:00,154.00,265.42,4.25,23.52,15.97,NA,NA,0.80,101.10,NA,NA,NA,NA,NA,NA,NA,NA,NA,NA,NA,0.00,NA,NA,NA
2025-11-11 16:00:00,173.82,289.98,2.99,23.98,15.19,NA,NA,0.77,84.22,NA,NA,NA,NA,NA,NA,NA,NA,NA,NA,NA,0.00,NA,NA,NA
2025-11-11 17:00:00,165.26,270.02,3.89,24.70,16.30,NA,NA,0.70,39.85,NA,NA,NA,NA,NA,NA,NA,NA,NA,NA,NA,0.00,NA,NA,NA
2025-11-11 18:00:00,157.13,287.38,11.47,29.68,25.12,NA,NA,0.72,21.88,NA,NA,NA,NA,NA,NA,NA,NA,NA,NA,NA,0.00,NA,NA,NA
2025-11-11 19:00:00,167.74,350.27,15.80,37.81,32.95,NA,NA,0.92,12.67,NA,NA,NA,NA,NA,NA,NA,NA,NA,NA,NA,0.00,NA,NA,NA
2025-11-11 20:00:00,227.74,453.02,8.89,38.85,27.89,NA,NA,1.23,9.44,NA,NA,NA,NA,NA,NA,NA,NA,NA,NA,NA,0.00,NA,NA,NA
2025-11-11 21:00:00,232.96,402.14,4.45,36.14,22.85,NA,NA,1.37,5.46,NA,NA,NA,NA,NA,NA,NA,NA,NA,NA,NA,0.00,NA,NA,NA
2025-11-11 22:00:00,215.64,381.78,4.14,32.62,20.72,NA,NA,1.39,6.24,NA,NA,NA,NA,NA,NA,NA,NA,NA,NA,NA,0.00,NA,NA,NA
2025-11-11 23:00:00,245.87,397.70,3.57,31.60,19.72,NA,NA,1.35,19.08,NA,NA,NA,NA,NA,NA,NA,NA,NA,NA,NA,0.00,NA,NA,NA
2025-11-12 00:00:00,359.59,484.29,3.45,32.57,20.13,NA,NA,1.52,14.53,NA,NA,NA,NA,NA,NA,NA,NA,NA,NA,NA,0.00,NA,NA,NA
2025-11-12 01:00:00,412.69,608.33,4.04,28.42,18.40,NA,NA,1.66,8.58,NA,NA,NA,NA,NA,NA,NA,NA,NA,NA,NA,0.00,NA,NA,NA
2025-11-12 02:00:00,439.00,621.75,4.04,25.32,16.76,NA,NA,1.73,4.50,NA,NA,NA,NA,NA,NA,NA,NA,NA,NA,NA,0.00,NA,NA,NA
2025-11-12 03:00:00,450.02,602.34,4.07,29.97,19.24,NA,NA,1.79,6.27,NA,NA,NA,NA,NA,NA,NA,NA,NA,NA,NA,0.00,NA,NA,NA
2025-11-12 04:00:00,464.09,675.10,8.04,37.01,26.22,NA,NA,1.80,7.01,NA,NA,NA,NA,NA,NA,NA,NA,NA,NA,NA,0.00,NA,NA,NA
2025-11-12 05:00:00,461.82,653.87,17.65,36.95,34.00,NA,NA,1.74,4.82,NA,NA,NA,NA,NA,NA,NA,NA,NA,NA,NA,0.00,NA,NA,NA
2025-11-12 06:00:00,414.30,601.85,18.99,42.19,37.89,NA,NA,1.71,8.16,NA,NA,NA,NA,NA,NA,NA,NA,NA,NA,NA,0.00,NA,NA,NA
2025-11-12 07:00:00,423.76,665.89,25.08,46.31,45.02,NA,NA,1.71,9.65,NA,NA,NA,NA,NA,NA,NA,NA,NA,NA,NA,0.00,NA,NA,NA
2025-11-12 08:00:00,395.35,657.17,17.28,54.89,43.24,NA,NA,1.86,12.30,NA,NA,NA,NA,NA,NA,NA,NA,NA,NA,NA,0.00,NA,NA,NA
2025-11-12 09:00:00,456.12,719.45,9.28,42.31,30.05,NA,NA,1.71,26.72,NA,NA,NA,NA,NA,NA,NA,NA,NA,NA,NA,0.00,NA,NA,NA
2025-11-12 10:00:00,401.76,732.22,14.54,36.93,31.47,NA,NA,1.38,48.02,NA,NA,NA,NA,NA,NA,NA,NA,NA,NA,NA,0.00,NA,NA,NA
2025-11-12 11:00:00,300.67,608.60,29.67,31.05,40.64,NA,NA,0.98,61.67,NA,NA,NA,NA,NA,NA,NA,NA,NA,NA,NA,0.00,NA,NA,NA
2025-11-12 12:00:00,223.75,498.00,36.49,24.96,42.94,NA,NA,0.75,65.63,NA,NA,NA,NA,NA,NA,NA,NA,NA,NA,NA,0.00,NA,NA,NA
2025-11-12 13:00:00,181.86,395.48,40.85,22.17,45.00,NA,NA,0.64,76.94,NA,NA,NA,NA,NA,NA,NA,NA,NA,NA,NA,0.00,NA,NA,NA
2025-11-12 14:00:00,160.04,215.12,8.64,18.97,17.10,NA,NA,0.66,81.61,NA,NA,NA,NA,NA,NA,NA,NA,NA,NA,NA,0.00,NA,NA,NA
2025-11-12 15:00:00,140.52,236.45,4.15,19.97,14.00,NA,NA,0.66,81.01,NA,NA,NA,NA,NA,NA,NA,NA,NA,NA,NA,0.00,NA,NA,NA
2025-11-12 16:00:00,125.45,220.43,10.66,20.09,19.36,NA,NA,0.54,80.54,NA,NA,NA,NA,NA,NA,NA,NA,NA,NA,NA,0.00,NA,NA,NA
2025-11-12 17:00:00,127.56,291.87,13.78,22.02,22.92,NA,NA,0.58,50.92,NA,NA,NA,NA,NA,NA,NA,NA,NA,NA,NA,0.00,NA,NA,NA
2025-11-12 18:00:00,127.25,247.94,4.56,21.57,15.18,NA,NA,0.71,26.31,NA,NA,NA,NA,NA,NA,NA,NA,NA,NA,NA,0.00,NA,NA,NA
2025-11-12 19:00:00,153.70,254.38,4.21,23.28,15.80,NA,NA,0.84,13.86,NA,NA,NA,NA,NA,NA,NA,NA,NA,NA,NA,0.00,NA,NA,NA
2025-11-12 20:00:00,175.68,260.53,3.97,26.45,17.30,NA,NA,0.97,7.54,NA,NA,NA,NA,NA,NA,NA,NA,NA,NA,NA,0.00,NA,NA,NA
2025-11-12 21:00:00,187.47,286.64,3.42,25.76,16.48,NA,NA,1.03,5.32,NA,NA,NA,NA,NA,NA,NA,NA,NA,NA,NA,0.00,NA,NA,NA
2025-11-12 22:00:00,182.56,307.08,4.56,27.48,18.32,NA,NA,1.23,5.49,NA,NA,NA,NA,NA,NA,NA,NA,NA,NA,NA,0.00,NA,NA,NA
2025-11-12 23:00:00,197.02,313.64,4.57,24.92,16.97,NA,NA,1.23,4.98,NA,NA,NA,NA,NA,NA,NA,NA,NA,NA,NA,0.00,NA,NA,NA
2025-11-13 00:00:00,197.25,328.38,7.78,23.77,18.97,NA,NA,1.35,3.71,NA,NA,NA,NA,NA,NA,NA,NA,NA,NA,NA,0.00,NA,NA,NA
2025-11-13 01:00:00,226.63,383.40,17.42,36.88,33.78,NA,NA,1.80,4.93,NA,NA,NA,NA,NA,NA,NA,NA,NA,NA,NA,0.00,NA,NA,NA
2025-11-13 02:00:00,257.94,425.54,17.53,37.63,34.27,NA,NA,1.92,4.27,NA,NA,NA,NA,NA,NA,NA,NA,NA,NA,NA,0.00,NA,NA,NA
2025-11-13 03:00:00,320.36,489.66,13.86,39.96,32.52,NA,NA,1.84,4.88,NA,NA,NA,NA,NA,NA,NA,NA,NA,NA,NA,0.00,NA,NA,NA
2025-11-13 04:00:00,313.04,513.61,16.69,43.95,36.95,NA,NA,1.78,5.78,NA,NA,NA,NA,NA,NA,NA,NA,NA,NA,NA,0.00,NA,NA,NA
2025-11-13 05:00:00,313.79,482.12,11.17,34.61,27.49,NA,NA,1.61,3.88,NA,NA,NA,NA,NA,NA,NA,NA,NA,NA,NA,0.00,NA,NA,NA
2025-11-13 06:00:00,273.79,415.09,8.17,27.55,21.30,NA,NA,1.46,3.62,NA,NA,NA,NA,NA,NA,NA,NA,NA,NA,NA,0.00,NA,NA,NA
2025-11-13 07:00:00,271.52,437.68,8.60,28.01,21.89,NA,NA,1.48,6.22,NA,NA,NA,NA,NA,NA,NA,NA,NA,NA,NA,0.00,NA,NA,NA
2025-11-13 08:00:00,348.21,551.66,11.26,43.11,32.08,NA,NA,1.72,11.99,NA,NA,NA,NA,NA,NA,NA,NA,NA,NA,NA,0.00,NA,NA,NA
2025-11-13 09:00:00,372.42,681.66,7.99,45.90,30.91,NA,NA,1.78,15.13,NA,NA,NA,NA,NA,NA,NA,NA,NA,NA,NA,0.00,NA,NA,NA
2025-11-13 10:00:00,348.56,596.64,4.99,35.96,23.18,NA,NA,1.37,35.22,NA,NA,NA,NA,NA,NA,NA,NA,NA,NA,NA,0.00,NA,NA,NA
2025-11-13 11:00:00,267.50,489.56,3.90,32.23,20.31,NA,NA,1.18,53.44,NA,NA,NA,NA,NA,NA,NA,NA,NA,NA,NA,0.00,NA,NA,NA
2025-11-13 12:00:00,220.02,419.72,6.64,29.94,21.32,NA,NA,0.96,63.98,NA,NA,NA,NA,NA,NA,NA,NA,NA,NA,NA,0.00,NA,NA,NA
2025-11-13 13:00:00,225.11,424.46,14.19,23.23,23.90,NA,NA,0.84,70.91,NA,NA,NA,NA,NA,NA,NA,NA,NA,NA,NA,0.00,NA,NA,NA
2025-11-13 14:00:00,206.12,364.84,18.80,20.65,26.28,NA,NA,0.68,70.96,NA,NA,NA,NA,NA,NA,NA,NA,NA,NA,NA,0.00,NA,NA,NA
2025-11-13 15:00:00,165.18,375.39,36.99,19.19,40.28,NA,NA,0.57,85.70,NA,NA,NA,NA,NA,NA,NA,NA,NA,NA,NA,0.00,NA,NA,NA
2025-11-13 16:00:00,204.70,410.76,38.69,23.24,43.81,NA,NA,0.68,74.17,NA,NA,NA,NA,NA,NA,NA,NA,NA,NA,NA,0.00,NA,NA,NA
2025-11-13 17:00:00,243.00,302.04,11.45,23.77,21.95,NA,NA,0.86,30.91,NA,NA,NA,NA,NA,NA,NA,NA,NA,NA,NA,0.00,NA,NA,NA
2025-11-13 18:00:00,250.19,347.98,4.30,36.01,22.65,NA,NA,1.14,15.46,NA,NA,NA,NA,NA,NA,NA,NA,NA,NA,NA,0.00,NA,NA,NA
2025-11-13 19:00:00,264.54,421.69,4.02,32.79,20.71,NA,NA,1.27,5.70,NA,NA,NA,NA,NA,NA,NA,NA,NA,NA,NA,0.00,NA,NA,NA
2025-11-13 20:00:00,248.31,393.15,4.06,46.94,28.27,NA,NA,1.47,5.45,NA,NA,NA,NA,NA,NA,NA,NA,NA,NA,NA,0.00,NA,NA,NA
2025-11-13 21:00:00,276.02,444.44,5.63,44.39,28.18,NA,NA,1.51,5.36,NA,NA,NA,NA,NA,NA,NA,NA,NA,NA,NA,0.00,NA,NA,NA
2025-11-13 22:00:00,265.01,406.58,7.84,37.56,26.35,NA,NA,1.51,5.64,NA,NA,NA,NA,NA,NA,NA,NA,NA,NA,NA,0.00,NA,NA,NA
2025-11-13 23:00:00,234.51,404.56,4.94,31.48,20.76,NA,NA,1.50,5.96,NA,NA,NA,NA,NA,NA,NA,NA,NA,NA,NA,0.00,NA,NA,NA
2025-11-14 00:00:00,206.21,334.58,4.09,24.41,16.31,NA,NA,1.27,4.77,NA,NA,NA,NA,NA,NA,NA,NA,NA,NA,NA,0.00,NA,NA,NA
2025-11-14 01:00:00,184.79,268.06,4.00,20.31,14.06,NA,NA,1.10,4.92,NA,NA,NA,NA,NA,NA,NA,NA,NA,NA,NA,0.00,NA,NA,NA
2025-11-14 02:00:00,165.88,257.00,3.78,21.32,14.41,NA,NA,1.06,3.20,NA,NA,NA,NA,NA,NA,NA,NA,NA,NA,NA,0.00,NA,NA,NA
2025-11-14 03:00:00,158.41,265.03,4.05,24.56,16.36,NA,NA,1.07,4.15,NA,NA,NA,NA,NA,NA,NA,NA,NA,NA,NA,0.00,NA,NA,NA
2025-11-14 04:00:00,181.13,317.84,5.39,35.28,23.15,NA,NA,1.09,5.22,NA,NA,NA,NA,NA,NA,NA,NA,NA,NA,NA,0.00,NA,NA,NA
2025-11-14 05:00:00,203.41,339.28,4.85,32.89,21.44,NA,NA,0.98,6.81,NA,NA,NA,NA,NA,NA,NA,NA,NA,NA,NA,0.00,NA,NA,NA
2025-11-14 06:00:00,201.23,336.21,4.35,29.17,19.05,NA,NA,0.93,5.77,NA,NA,NA,NA,NA,NA,NA,NA,NA,NA,NA,0.00,NA,NA,NA
2025-11-14 07:00:00,190.84,304.86,4.44,27.85,18.43,NA,NA,0.93,7.28,NA,NA,NA,NA,NA,NA,NA,NA,NA,NA,NA,0.00,NA,NA,NA
2025-11-14 08:00:00,181.22,321.96,7.12,39.35,26.72,NA,NA,1.10,9.53,NA,NA,NA,NA,NA,NA,NA,NA,NA,NA,NA,0.00,NA,NA,NA
2025-11-14 09:00:00,240.76,481.03,6.91,45.72,29.94,NA,NA,1.26,14.92,NA,NA,NA,NA,NA,NA,NA,NA,NA,NA,NA,0.00,NA,NA,NA
2025-11-14 10:00:00,239.24,517.19,5.64,43.66,27.80,NA,NA,1.17,31.42,NA,NA,NA,NA,NA,NA,NA,NA,NA,NA,NA,0.00,NA,NA,NA
2025-11-14 11:00:00,192.44,436.12,NA,NA,NA,NA,NA,0.98,34.57,NA,NA,NA,NA,NA,NA,NA,NA,NA,NA,NA,0.00,NA,NA,NA
2025-11-14 12:00:00,181.25,347.86,NA,NA,NA,NA,NA,0.83,35.97,NA,NA,NA,NA,NA,NA,NA,NA,NA,NA,NA,0.00,NA,NA,NA
2025-11-14 13:00:00,208.02,391.71,NA,NA,NA,NA,NA,0.74,59.90,NA,NA,NA,NA,NA,NA,NA,NA,NA,NA,NA,0.00,NA,NA,NA
2025-11-14 14:00:00,198.58,475.30,NA,NA,NA,NA,NA,0.65,73.99,NA,NA,NA,NA,NA,NA,NA,NA,NA,NA,NA,0.00,NA,NA,NA
2025-11-14 15:00:00,168.22,379.65,NA,NA,NA,NA,NA,0.60,91.18,NA,NA,NA,NA,NA,NA,NA,NA,NA,NA,NA,0.00,NA,NA,NA
2025-11-14 16:00:00,154.31,218.30,NA,NA,NA,NA,NA,0.72,71.25,NA,NA,NA,NA,NA,NA,NA,NA,NA,NA,NA,0.00,NA,NA,NA
2025-11-14 17:00:00,165.83,224.19,NA,NA,NA,NA,NA,0.80,24.66,NA,NA,NA,NA,NA,NA,NA,NA,NA,NA,NA,0.00,NA,NA,NA
2025-11-14 18:00:00,180.78,283.35,4.13,24.56,16.43,NA,NA,0.95,15.68,NA,NA,NA,NA,NA,NA,NA,NA,NA,NA,NA,0.00,NA,NA,NA
2025-11-14 19:00:00,222.10,408.29,4.24,33.48,21.26,NA,NA,1.20,13.24,NA,NA,NA,NA,NA,NA,NA,NA,NA,NA,NA,0.00,NA,NA,NA
2025-11-14 20:00:00,244.68,455.30,4.56,32.19,20.83,NA,NA,1.40,7.77,NA,NA,NA,NA,NA,NA,NA,NA,NA,NA,NA,0.00,NA,NA,NA
2025-11-14 21:00:00,258.10,410.22,4.43,26.66,17.78,NA,NA,1.40,9.52,NA,NA,NA,NA,NA,NA,NA,NA,NA,NA,NA,0.00,NA,NA,NA
2025-11-14 22:00:00,235.21,367.64,4.46,23.68,16.22,NA,NA,1.35,9.13,NA,NA,NA,NA,NA,NA,NA,NA,NA,NA,NA,0.00,NA,NA,NA
2025-11-14 23:00:00,207.76,327.72,4.28,21.31,14.82,NA,NA,1.27,7.68,NA,NA,NA,NA,NA,NA,NA,NA,NA,NA,NA,0.00,NA,NA,NA
2025-11-15 00:00:00,214.45,332.22,4.55,23.10,15.99,NA,NA,1.26,10.16,NA,NA,NA,NA,NA,NA,NA,NA,NA,NA,NA,0.00,NA,NA,NA
2025-11-15 01:00:00,221.16,346.83,4.75,29.26,19.42,NA,NA,1.29,10.33,NA,NA,NA,NA,NA,NA,NA,NA,NA,NA,NA,0.00,NA,NA,NA
2025-11-15 02:00:00,245.02,343.84,4.58,20.34,14.54,NA,NA,1.23,9.61,NA,NA,NA,NA,NA,NA,NA,NA,NA,NA,NA,0.00,NA,NA,NA
2025-11-15 03:00:00,263.29,369.94,5.40,26.37,18.42,NA,NA,1.31,5.66,NA,NA,NA,NA,NA,NA,NA,NA,NA,NA,NA,0.00,NA,NA,NA
2025-11-15 04:00:00,271.03,400.58,4.90,25.52,17.56,NA,NA,1.28,3.65,NA,NA,NA,NA,NA,NA,NA,NA,NA,NA,NA,0.00,NA,NA,NA
2025-11-15 05:00:00,275.07,363.60,5.86,26.17,18.69,NA,NA,1.31,4.96,NA,NA,NA,NA,NA,NA,NA,NA,NA,NA,NA,0.00,NA,NA,NA
2025-11-15 06:00:00,273.92,431.78,6.53,28.21,20.31,NA,NA,1.32,5.58,NA,NA,NA,NA,NA,NA,NA,NA,NA,NA,NA,0.00,NA,NA,NA
2025-11-15 07:00:00,271.00,409.14,7.97,26.40,20.52,NA,NA,1.21,8.73,NA,NA,NA,NA,NA,NA,NA,NA,NA,NA,NA,0.00,NA,NA,NA
2025-11-15 08:00:00,269.45,400.03,9.39,34.64,26.06,NA,NA,1.28,9.44,NA,NA,NA,NA,NA,NA,NA,NA,NA,NA,NA,0.00,NA,NA,NA
2025-11-15 09:00:00,257.03,458.07,7.51,34.16,24.27,NA,NA,1.32,18.02,NA,NA,NA,NA,NA,NA,NA,NA,NA,NA,NA,0.00,NA,NA,NA
2025-11-15 10:00:00,274.34,482.98,5.98,35.88,23.95,NA,NA,1.27,36.52,NA,NA,NA,NA,NA,NA,NA,NA,NA,NA,NA,0.00,NA,NA,NA
2025-11-15 11:00:00,253.41,488.84,5.02,29.38,19.70,NA,NA,1.14,56.13,NA,NA,NA,NA,NA,NA,NA,NA,NA,NA,NA,0.00,NA,NA,NA
2025-11-15 12:00:00,184.92,369.64,4.52,22.44,15.61,NA,NA,0.92,76.22,NA,NA,NA,NA,NA,NA,NA,NA,NA,NA,NA,0.00,NA,NA,NA
2025-11-15 13:00:00,163.66,318.19,4.48,17.89,13.16,NA,NA,0.78,81.42,NA,NA,NA,NA,NA,NA,NA,NA,NA,NA,NA,0.00,NA,NA,NA
2025-11-15 14:00:00,139.55,283.17,4.37,17.12,12.66,NA,NA,0.78,88.30,NA,NA,NA,NA,NA,NA,NA,NA,NA,NA,NA,0.00,NA,NA,NA
2025-11-15 15:00:00,157.80,285.91,4.30,17.71,12.91,NA,NA,0.82,96.73,NA,NA,NA,NA,NA,NA,NA,NA,NA,NA,NA,0.00,NA,NA,NA
2025-11-15 16:00:00,177.52,291.68,4.20,19.48,13.78,NA,NA,0.89,75.65,NA,NA,NA,NA,NA,NA,NA,NA,NA,NA,NA,0.00,NA,NA,NA
2025-11-15 17:00:00,174.96,324.99,4.14,23.45,15.84,NA,NA,0.94,25.36,NA,NA,NA,NA,NA,NA,NA,NA,NA,NA,NA,0.00,NA,NA,NA
2025-11-15 18:00:00,179.14,313.84,4.04,21.73,14.84,NA,NA,1.03,14.70,NA,NA,NA,NA,NA,NA,NA,NA,NA,NA,NA,0.00,NA,NA,NA
2025-11-15 19:00:00,203.40,313.83,4.54,22.08,15.44,NA,NA,1.18,8.75,NA,NA,NA,NA,NA,NA,NA,NA,NA,NA,NA,0.00,NA,NA,NA
2025-11-15 20:00:00,215.87,380.78,4.47,23.86,16.32,NA,NA,1.40,6.43,NA,NA,NA,NA,NA,NA,NA,NA,NA,NA,NA,0.00,NA,NA,NA
2025-11-15 21:00:00,225.14,413.72,4.64,27.22,18.25,NA,NA,1.60,5.46,NA,NA,NA,NA,NA,NA,NA,NA,NA,NA,NA,0.00,NA,NA,NA
2025-11-15 22:00:00,252.24,455.69,5.19,31.27,20.85,NA,NA,1.78,4.72,NA,NA,NA,NA,NA,NA,NA,NA,NA,NA,NA,0.00,NA,NA,NA
2025-11-15 23:00:00,258.45,428.38,5.77,30.87,21.12,NA,NA,1.88,4.19,NA,NA,NA,NA,NA,NA,NA,NA,NA,NA,NA,0.00,NA,NA,NA
2025-11-16 00:00:00,236.53,422.52,5.91,31.14,21.37,NA,NA,1.81,4.87,NA,NA,NA,NA,NA,NA,NA,NA,NA,NA,NA,0.00,NA,NA,NA
2025-11-16 01:00:00,239.37,389.36,5.92,28.95,20.22,NA,NA,1.75,4.46,NA,NA,NA,NA,NA,NA,NA,NA,NA,NA,NA,0.00,NA,NA,NA
2025-11-16 02:00:00,237.98,368.98,6.41,29.09,20.69,NA,NA,1.58,4.32,NA,NA,NA,NA,NA,NA,NA,NA,NA,NA,NA,0.00,NA,NA,NA
2025-11-16 03:00:00,212.51,346.10,5.82,26.27,18.71,NA,NA,1.38,5.03,NA,NA,NA,NA,NA,NA,NA,NA,NA,NA,NA,0.00,NA,NA,NA
2025-11-16 04:00:00,236.62,391.82,6.02,23.52,17.40,NA,NA,1.32,3.78,NA,NA,NA,NA,NA,NA,NA,NA,NA,NA,NA,0.00,NA,NA,NA
2025-11-16 05:00:00,244.64,331.26,5.65,20.73,15.62,NA,NA,1.19,3.60,NA,NA,NA,NA,NA,NA,NA,NA,NA,NA,NA,0.00,NA,NA,NA
2025-11-16 06:00:00,221.02,332.04,5.70,18.01,14.21,NA,NA,1.15,4.31,NA,NA,NA,NA,NA,NA,NA,NA,NA,NA,NA,0.00,NA,NA,NA
2025-11-16 07:00:00,230.22,358.72,8.29,24.55,19.80,NA,NA,1.26,10.11,NA,NA,NA,NA,NA,NA,NA,NA,NA,NA,NA,0.00,NA,NA,NA
2025-11-16 08:00:00,295.04,433.95,9.12,34.64,25.84,NA,NA,1.45,12.05,NA,NA,NA,NA,NA,NA,NA,NA,NA,NA,NA,0.00,NA,NA,NA
2025-11-16 09:00:00,286.90,477.60,6.76,33.61,23.38,NA,NA,1.37,20.16,NA,NA,NA,NA,NA,NA,NA,NA,NA,NA,NA,0.00,NA,NA,NA
2025-11-16 10:00:00,237.98,429.90,4.90,24.23,16.87,NA,NA,1.01,45.26,NA,NA,NA,NA,NA,NA,NA,NA,NA,NA,NA,0.00,NA,NA,NA
2025-11-16 11:00:00,191.25,345.76,4.64,20.65,14.76,NA,NA,0.89,60.18,NA,NA,NA,NA,NA,NA,NA,NA,NA,NA,NA,0.00,NA,NA,NA
2025-11-16 12:00:00,151.05,272.87,4.48,17.72,13.07,NA,NA,0.77,65.63,NA,NA,NA,NA,NA,NA,NA,NA,NA,NA,NA,0.00,NA,NA,NA
2025-11-16 13:00:00,119.51,244.26,4.25,16.65,12.31,NA,NA,0.68,74.80,NA,NA,NA,NA,NA,NA,NA,NA,NA,NA,NA,0.00,NA,NA,NA
2025-11-16 14:00:00,84.02,219.12,4.42,14.20,11.14,NA,NA,0.60,73.40,NA,NA,NA,NA,NA,NA,NA,NA,NA,NA,NA,0.00,NA,NA,NA
2025-11-16 15:00:00,96.09,210.17,4.36,14.10,11.04,NA,NA,0.59,79.75,NA,NA,NA,NA,NA,NA,NA,NA,NA,NA,NA,0.00,NA,NA,NA
2025-11-16 16:00:00,121.97,212.72,4.49,15.22,11.74,NA,NA,0.63,77.39,NA,NA,NA,NA,NA,NA,NA,NA,NA,NA,NA,0.00,NA,NA,NA
2025-11-16 17:00:00,123.48,211.06,4.66,17.17,12.93,NA,NA,0.70,48.88,NA,NA,NA,NA,NA,NA,NA,NA,NA,NA,NA,0.00,NA,NA,NA
2025-11-16 18:00:00,136.83,255.52,4.62,17.66,13.15,NA,NA,0.74,39.71,NA,NA,NA,NA,NA,NA,NA,NA,NA,NA,NA,0.00,NA,NA,NA
2025-11-16 19:00:00,136.79,230.96,4.30,20.72,14.52,NA,NA,0.79,29.86,NA,NA,NA,NA,NA,NA,NA,NA,NA,NA,NA,0.00,NA,NA,NA
2025-11-16 20:00:00,153.00,289.24,4.56,28.86,19.05,NA,NA,1.07,10.92,NA,NA,NA,NA,NA,NA,NA,NA,NA,NA,NA,0.00,NA,NA,NA
2025-11-16 21:00:00,209.67,349.39,4.92,32.17,21.10,NA,NA,1.44,6.60,NA,NA,NA,NA,NA,NA,NA,NA,NA,NA,NA,0.00,NA,NA,NA
2025-11-16 22:00:00,202.94,352.91,4.99,27.75,18.82,NA,NA,1.45,5.98,NA,NA,NA,NA,NA,NA,NA,NA,NA,NA,NA,0.00,NA,NA,NA
2025-11-16 23:00:00,198.95,321.05,4.80,25.32,17.37,NA,NA,1.37,4.35,NA,NA,NA,NA,NA,NA,NA,NA,NA,NA,NA,0.00,NA,NA,NA
2025-11-17 00:00:00,200.51,297.56,5.26,24.63,17.39,NA,NA,1.38,5.07,NA,NA,NA,NA,NA,NA,NA,NA,NA,NA,NA,0.00,NA,NA,NA
2025-11-17 01:00:00,189.31,309.24,5.19,22.85,16.37,NA,NA,1.28,4.35,NA,NA,NA,NA,NA,NA,NA,NA,NA,NA,NA,0.00,NA,NA,NA
2025-11-17 02:00:00,162.22,262.44,5.09,19.23,14.37,NA,NA,1.10,4.39,NA,NA,NA,NA,NA,NA,NA,NA,NA,NA,NA,0.00,NA,NA,NA
2025-11-17 03:00:00,140.69,228.40,5.01,18.13,13.72,NA,NA,1.01,3.82,NA,NA,NA,NA,NA,NA,NA,NA,NA,NA,NA,0.00,NA,NA,NA
2025-11-17 04:00:00,155.87,257.29,5.66,19.09,14.75,NA,NA,1.03,4.80,NA,NA,NA,NA,NA,NA,NA,NA,NA,NA,NA,0.00,NA,NA,NA
2025-11-17 05:00:00,172.78,246.45,5.20,15.81,12.63,NA,NA,0.99,3.82,NA,NA,NA,NA,NA,NA,NA,NA,NA,NA,NA,0.00,NA,NA,NA
2025-11-17 06:00:00,167.14,270.48,5.23,14.18,11.80,NA,NA,0.94,3.70,NA,NA,NA,NA,NA,NA,NA,NA,NA,NA,NA,0.00,NA,NA,NA
2025-11-17 07:00:00,168.86,238.62,5.68,9.72,9.79,NA,NA,0.93,7.14,NA,NA,NA,NA,NA,NA,NA,NA,NA,NA,NA,0.00,NA,NA,NA
2025-11-17 08:00:00,148.99,251.66,8.20,18.74,16.64,NA,NA,1.05,10.39,NA,NA,NA,NA,NA,NA,NA,NA,NA,NA,NA,0.00,NA,NA,NA
2025-11-17 09:00:00,201.52,352.84,10.02,41.10,30.01,NA,NA,1.20,8.96,NA,NA,NA,NA,NA,NA,NA,NA,NA,NA,NA,0.00,NA,NA,NA
2025-11-17 10:00:00,206.58,395.81,6.23,32.70,22.46,NA,NA,1.00,34.56,NA,NA,NA,NA,NA,NA,NA,NA,NA,NA,NA,0.00,NA,NA,NA
2025-11-17 11:00:00,139.96,344.51,5.28,22.66,16.35,NA,NA,0.86,51.73,NA,NA,NA,NA,NA,NA,NA,NA,NA,NA,NA,0.00,NA,NA,NA
2025-11-17 12:00:00,153.92,330.81,4.86,20.92,15.08,NA,NA,0.84,66.35,NA,NA,NA,NA,NA,NA,NA,NA,NA,NA,NA,0.00,NA,NA,NA
2025-11-17 13:00:00,132.80,263.23,4.69,16.68,12.68,NA,NA,0.65,68.00,NA,NA,NA,NA,NA,NA,NA,NA,NA,NA,NA,0.00,NA,NA,NA
2025-11-17 14:00:00,94.69,195.89,4.36,15.16,11.62,NA,NA,0.60,77.53,NA,NA,NA,NA,NA,NA,NA,NA,NA,NA,NA,0.00,NA,NA,NA
2025-11-17 15:00:00,105.72,207.81,4.20,17.55,12.75,NA,NA,0.66,98.24,NA,NA,NA,NA,NA,NA,NA,NA,NA,NA,NA,0.00,NA,NA,NA
2025-11-17 16:00:00,122.88,266.74,4.39,17.60,12.94,NA,NA,0.69,79.50,NA,NA,NA,NA,NA,NA,NA,NA,NA,NA,NA,0.00,NA,NA,NA
2025-11-17 17:00:00,111.86,225.46,4.58,16.44,12.46,NA,NA,0.70,28.52,NA,NA,NA,NA,NA,NA,NA,NA,NA,NA,NA,0.00,NA,NA,NA
2025-11-17 18:00:00,101.72,193.60,4.29,15.82,11.90,NA,NA,0.68,24.85,NA,NA,NA,NA,NA,NA,NA,NA,NA,NA,NA,0.00,NA,NA,NA
2025-11-17 19:00:00,111.19,187.49,4.34,14.30,11.14,NA,NA,0.68,20.61,NA,NA,NA,NA,NA,NA,NA,NA,NA,NA,NA,0.00,NA,NA,NA
2025-11-17 20:00:00,134.96,222.63,4.51,18.74,13.63,NA,NA,0.84,15.33,NA,NA,NA,NA,NA,NA,NA,NA,NA,NA,NA,0.00,NA,NA,NA
2025-11-17 21:00:00,150.88,239.82,4.42,16.05,12.12,NA,NA,0.81,11.66,NA,NA,NA,NA,NA,NA,NA,NA,NA,NA,NA,0.00,NA,NA,NA
2025-11-17 22:00:00,109.93,192.69,4.69,14.99,11.78,NA,NA,0.74,10.61,NA,NA,NA,NA,NA,NA,NA,NA,NA,NA,NA,0.00,NA,NA,NA
2025-11-17 23:00:00,102.54,189.20,4.36,14.65,11.34,NA,NA,0.79,10.20,NA,NA,NA,NA,NA,NA,NA,NA,NA,NA,NA,0.00,NA,NA,NA
2025-11-18 00:00:00,134.63,229.89,4.14,16.32,12.05,NA,NA,0.95,6.23,NA,NA,NA,NA,NA,NA,NA,NA,NA,NA,NA,0.00,NA,NA,NA
2025-11-18 01:00:00,150.85,225.83,4.54,13.00,10.61,NA,NA,0.96,5.58,NA,NA,NA,NA,NA,NA,NA,NA,NA,NA,NA,0.00,NA,NA,NA
2025-11-18 02:00:00,149.23,212.42,4.58,13.63,10.97,NA,NA,0.93,5.54,NA,NA,NA,NA,NA,NA,NA,NA,NA,NA,NA,0.00,NA,NA,NA
2025-11-18 03:00:00,140.05,244.24,5.04,16.90,13.09,NA,NA,1.25,3.56,NA,NA,NA,NA,NA,NA,NA,NA,NA,NA,NA,0.00,NA,NA,NA
2025-11-18 04:00:00,159.62,256.74,7.32,16.60,14.78,NA,NA,1.48,4.08,NA,NA,NA,NA,NA,NA,NA,NA,NA,NA,NA,0.00,NA,NA,NA
2025-11-18 05:00:00,206.53,297.63,27.10,15.29,30.17,NA,NA,1.99,5.23,NA,NA,NA,NA,NA,NA,NA,NA,NA,NA,NA,0.00,NA,NA,NA
2025-11-18 06:00:00,220.02,332.04,39.04,15.42,39.95,NA,NA,2.12,5.04,NA,NA,NA,NA,NA,NA,NA,NA,NA,NA,NA,0.00,NA,NA,NA
2025-11-18 07:00:00,214.07,375.76,38.52,17.86,40.82,NA,NA,1.98,8.24,NA,NA,NA,NA,NA,NA,NA,NA,NA,NA,NA,0.00,NA,NA,NA
2025-11-18 08:00:00,232.28,390.56,27.67,39.67,43.59,NA,NA,1.92,9.18,NA,NA,NA,NA,NA,NA,NA,NA,NA,NA,NA,0.00,NA,NA,NA
2025-11-18 09:00:00,262.85,525.21,17.16,52.85,42.06,NA,NA,1.92,12.97,NA,NA,NA,NA,NA,NA,NA,NA,NA,NA,NA,0.00,NA,NA,NA
2025-11-18 10:00:00,264.93,577.60,9.26,38.34,27.92,NA,NA,1.44,36.92,NA,NA,NA,NA,NA,NA,NA,NA,NA,NA,NA,0.00,NA,NA,NA
2025-11-18 11:00:00,240.54,506.21,5.69,30.67,20.94,NA,NA,1.22,60.56,NA,NA,NA,NA,NA,NA,NA,NA,NA,NA,NA,0.00,NA,NA,NA
2025-11-18 12:00:00,196.64,376.98,5.16,24.65,17.31,NA,NA,0.97,79.10,NA,NA,NA,NA,NA,NA,NA,NA,NA,NA,NA,0.00,NA,NA,NA
2025-11-18 13:00:00,149.87,308.72,4.82,19.91,14.50,NA,NA,0.89,81.80,NA,NA,NA,NA,NA,NA,NA,NA,NA,NA,NA,0.00,NA,NA,NA
2025-11-18 14:00:00,120.79,259.83,4.67,18.03,13.38,NA,NA,0.86,84.22,NA,NA,NA,NA,NA,NA,NA,NA,NA,NA,NA,0.00,NA,NA,NA
2025-11-18 15:00:00,115.82,255.60,4.63,17.92,13.30,NA,NA,0.88,89.18,NA,NA,NA,NA,NA,NA,NA,NA,NA,NA,NA,0.00,NA,NA,NA
2025-11-18 16:00:00,148.59,250.22,4.94,18.48,13.84,NA,NA,0.96,60.74,NA,NA,NA,NA,NA,NA,NA,NA,NA,NA,NA,0.00,NA,NA,NA
2025-11-18 17:00:00,159.68,278.12,5.09,20.13,14.85,NA,NA,0.97,21.56,NA,NA,NA,NA,NA,NA,NA,NA,NA,NA,NA,0.00,NA,NA,NA
2025-11-18 18:00:00,158.19,286.94,4.87,21.20,15.24,NA,NA,1.05,12.91,NA,NA,NA,NA,NA,NA,NA,NA,NA,NA,NA,0.00,NA,NA,NA
2025-11-18 19:00:00,177.30,315.67,4.70,20.68,14.82,NA,NA,1.18,9.11,NA,NA,NA,NA,NA,NA,NA,NA,NA,NA,NA,0.00,NA,NA,NA
2025-11-18 20:00:00,172.59,325.66,4.60,20.96,14.89,NA,NA,1.26,6.35,NA,NA,NA,NA,NA,NA,NA,NA,NA,NA,NA,0.00,NA,NA,NA
2025-11-18 21:00:00,202.76,344.58,4.81,17.91,13.44,NA,NA,1.34,5.23,NA,NA,NA,NA,NA,NA,NA,NA,NA,NA,NA,0.00,NA,NA,NA
2025-11-18 22:00:00,208.78,308.62,4.74,16.19,12.46,NA,NA,1.39,5.03,NA,NA,NA,NA,NA,NA,NA,NA,NA,NA,NA,0.00,NA,NA,NA
2025-11-18 23:00:00,199.30,329.43,4.97,19.32,14.32,NA,NA,1.60,4.70,NA,NA,NA,NA,NA,NA,NA,NA,NA,NA,NA,0.00,NA,NA,NA
2025-11-19 00:00:00,218.25,374.95,5.43,23.39,16.86,NA,NA,1.96,4.59,NA,NA,NA,NA,NA,NA,NA,NA,NA,NA,NA,0.00,NA,NA,NA
2025-11-19 01:00:00,245.27,358.46,6.22,21.42,16.44,NA,NA,2.09,4.41,NA,NA,NA,NA,NA,NA,NA,NA,NA,NA,NA,0.00,NA,NA,NA
2025-11-19 02:00:00,239.20,366.12,6.24,17.94,14.61,NA,NA,2.06,3.68,NA,NA,NA,NA,NA,NA,NA,NA,NA,NA,NA,0.00,NA,NA,NA
2025-11-19 03:00:00,225.37,373.83,7.05,19.30,16.00,NA,NA,2.06,4.59,NA,NA,NA,NA,NA,NA,NA,NA,NA,NA,NA,0.00,NA,NA,NA
2025-11-19 04:00:00,237.38,374.22,6.94,15.31,13.79,NA,NA,1.94,4.47,NA,NA,NA,NA,NA,NA,NA,NA,NA,NA,NA,0.00,NA,NA,NA
2025-11-19 05:00:00,238.44,355.10,6.48,14.86,13.18,NA,NA,1.69,3.71,NA,NA,NA,NA,NA,NA,NA,NA,NA,NA,NA,0.00,NA,NA,NA
2025-11-19 06:00:00,225.08,351.44,6.86,14.19,13.12,NA,NA,1.59,4.73,NA,NA,NA,NA,NA,NA,NA,NA,NA,NA,NA,0.00,NA,NA,NA
2025-11-19 07:00:00,219.73,332.86,7.44,10.03,11.38,NA,NA,1.50,6.41,NA,NA,NA,NA,NA,NA,NA,NA,NA,NA,NA,0.00,NA,NA,NA
2025-11-19 08:00:00,216.20,332.77,9.07,15.08,15.40,NA,NA,1.67,8.30,NA,NA,NA,NA,NA,NA,NA,NA,NA,NA,NA,0.00,NA,NA,NA
2025-11-19 09:00:00,258.51,424.11,10.07,34.46,26.52,NA,NA,1.72,10.81,NA,NA,NA,NA,NA,NA,NA,NA,NA,NA,NA,0.00,NA,NA,NA
2025-11-19 10:00:00,283.69,475.92,6.65,30.54,21.65,NA,NA,1.52,33.43,NA,NA,NA,NA,NA,NA,NA,NA,NA,NA,NA,0.00,NA,NA,NA
2025-11-19 11:00:00,192.18,336.59,5.61,19.76,15.07,NA,NA,0.99,46.30,NA,NA,NA,NA,NA,NA,NA,NA,NA,NA,NA,0.00,NA,NA,NA
2025-11-19 12:00:00,137.31,203.32,5.43,19.56,14.82,NA,NA,1.03,73.61,NA,NA,NA,NA,NA,NA,NA,NA,NA,NA,NA,0.00,NA,NA,NA
2025-11-19 13:00:00,170.46,292.38,5.50,18.98,14.57,NA,NA,1.02,94.10,NA,NA,NA,NA,NA,NA,NA,NA,NA,NA,NA,0.00,NA,NA,NA
2025-11-19 14:00:00,143.10,259.88,5.33,17.60,13.69,NA,NA,0.92,98.90,NA,NA,NA,NA,NA,NA,NA,NA,NA,NA,NA,0.00,NA,NA,NA
2025-11-19 15:00:00,150.12,284.26,5.13,18.31,13.91,NA,NA,1.06,113.49,NA,NA,NA,NA,NA,NA,NA,NA,NA,NA,NA,0.00,NA,NA,NA
2025-11-19 16:00:00,158.38,274.79,5.37,18.09,13.99,NA,NA,1.07,56.96,NA,NA,NA,NA,NA,NA,NA,NA,NA,NA,NA,0.00,NA,NA,NA
2025-11-19 17:00:00,188.37,283.11,5.39,20.54,15.30,NA,NA,1.08,19.87,NA,NA,NA,NA,NA,NA,NA,NA,NA,NA,NA,0.00,NA,NA,NA
2025-11-19 18:00:00,192.32,303.59,5.50,20.80,15.53,NA,NA,1.15,19.34,NA,NA,NA,NA,NA,NA,NA,NA,NA,NA,NA,0.00,NA,NA,NA
2025-11-19 19:00:00,198.36,287.86,5.26,16.57,13.09,NA,NA,1.17,18.31,NA,NA,NA,NA,NA,NA,NA,NA,NA,NA,NA,0.00,NA,NA,NA
2025-11-19 20:00:00,175.62,278.65,5.16,15.74,12.57,NA,NA,1.14,17.98,NA,NA,NA,NA,NA,NA,NA,NA,NA,NA,NA,0.00,NA,NA,NA
2025-11-19 21:00:00,184.78,287.73,5.36,17.04,13.42,NA,NA,1.37,12.61,NA,NA,NA,NA,NA,NA,NA,NA,NA,NA,NA,0.00,NA,NA,NA
2025-11-19 22:00:00,227.63,315.68,5.19,13.94,11.64,NA,NA,1.37,10.30,NA,NA,NA,NA,NA,NA,NA,NA,NA,NA,NA,0.00,NA,NA,NA
2025-11-19 23:00:00,198.79,285.28,5.11,11.00,10.00,NA,NA,1.14,10.09,NA,NA,NA,NA,NA,NA,NA,NA,NA,NA,NA,0.00,NA,NA,NA
2025-11-20 00:00:00,184.74,295.57,5.14,11.04,10.05,NA,NA,1.22,10.18,NA,NA,NA,NA,NA,NA,NA,NA,NA,NA,NA,0.00,NA,NA,NA
2025-11-20 01:00:00,183.29,293.10,5.12,10.38,9.68,NA,NA,1.18,8.22,NA,NA,NA,NA,NA,NA,NA,NA,NA,NA,NA,0.00,NA,NA,NA
2025-11-20 02:00:00,169.28,275.97,5.60,9.98,9.86,NA,NA,1.24,6.36,NA,NA,NA,NA,NA,NA,NA,NA,NA,NA,NA,0.00,NA,NA,NA
2025-11-20 03:00:00,222.91,329.25,5.38,11.36,10.42,NA,NA,1.42,5.31,NA,NA,NA,NA,NA,NA,NA,NA,NA,NA,NA,0.00,NA,NA,NA
2025-11-20 04:00:00,248.29,349.56,5.52,12.26,11.00,NA,NA,1.55,4.59,NA,NA,NA,NA,NA,NA,NA,NA,NA,NA,NA,0.00,NA,NA,NA
2025-11-20 05:00:00,251.97,351.36,8.18,18.01,16.24,NA,NA,1.94,3.90,NA,NA,NA,NA,NA,NA,NA,NA,NA,NA,NA,0.00,NA,NA,NA
2025-11-20 06:00:00,234.42,378.43,17.56,20.42,25.15,NA,NA,2.58,5.48,NA,NA,NA,NA,NA,NA,NA,NA,NA,NA,NA,0.00,NA,NA,NA
2025-11-20 07:00:00,260.42,436.35,22.14,40.08,39.31,NA,NA,2.87,8.69,NA,NA,NA,NA,NA,NA,NA,NA,NA,NA,NA,0.00,NA,NA,NA
2025-11-20 08:00:00,275.96,486.84,17.50,30.74,30.58,NA,NA,2.44,8.34,NA,NA,NA,NA,NA,NA,NA,NA,NA,NA,NA,0.00,NA,NA,NA
2025-11-20 09:00:00,291.63,493.76,10.66,44.64,32.40,NA,NA,1.92,19.53,NA,NA,NA,NA,NA,NA,NA,NA,NA,NA,NA,0.00,NA,NA,NA
2025-11-20 10:00:00,239.53,489.62,7.38,38.67,26.57,NA,NA,1.70,52.74,NA,NA,NA,NA,NA,NA,NA,NA,NA,NA,NA,0.00,NA,NA,NA
2025-11-20 11:00:00,204.08,388.60,5.72,20.05,15.31,NA,NA,1.10,66.90,NA,NA,NA,NA,NA,NA,NA,NA,NA,NA,NA,0.00,NA,NA,NA
2025-11-20 12:00:00,142.97,201.84,5.78,14.09,12.19,NA,NA,0.90,72.46,NA,NA,NA,NA,NA,NA,NA,NA,NA,NA,NA,0.00,NA,NA,NA
2025-11-20 13:00:00,133.97,192.00,5.55,13.26,11.57,NA,NA,0.84,78.88,NA,NA,NA,NA,NA,NA,NA,NA,NA,NA,NA,0.00,NA,NA,NA
2025-11-20 14:00:00,127.15,213.00,5.76,12.20,11.17,NA,NA,0.83,86.96,NA,NA,NA,NA,NA,NA,NA,NA,NA,NA,NA,0.00,NA,NA,NA
2025-11-20 15:00:00,116.39,198.06,5.50,12.36,11.05,NA,NA,0.87,92.87,NA,NA,NA,NA,NA,NA,NA,NA,NA,NA,NA,0.00,NA,NA,NA
2025-11-20 16:00:00,128.69,203.89,5.61,12.94,11.44,NA,NA,0.86,74.86,NA,NA,NA,NA,NA,NA,NA,NA,NA,NA,NA,0.00,NA,NA,NA
2025-11-20 17:00:00,117.56,193.64,5.76,15.34,12.84,NA,NA,0.84,24.76,NA,NA,NA,NA,NA,NA,NA,NA,NA,NA,NA,0.00,NA,NA,NA
2025-11-20 18:00:00,110.64,216.26,6.04,16.00,13.43,NA,NA,0.84,19.45,NA,NA,NA,NA,NA,NA,NA,NA,NA,NA,NA,0.00,NA,NA,NA
2025-11-20 19:00:00,136.03,229.51,6.06,21.30,16.26,NA,NA,0.98,13.91,NA,NA,NA,NA,NA,NA,NA,NA,NA,NA,NA,0.00,NA,NA,NA
2025-11-20 20:00:00,151.09,214.43,5.90,15.82,13.22,NA,NA,0.96,11.98,NA,NA,NA,NA,NA,NA,NA,NA,NA,NA,NA,0.00,NA,NA,NA
2025-11-20 21:00:00,144.51,196.97,5.88,11.70,11.01,NA,NA,0.86,11.64,NA,NA,NA,NA,NA,NA,NA,NA,NA,NA,NA,0.00,NA,NA,NA
2025-11-20 22:00:00,121.63,171.44,6.04,11.18,10.86,NA,NA,0.92,9.98,NA,NA,NA,NA,NA,NA,NA,NA,NA,NA,NA,0.00,NA,NA,NA
2025-11-20 23:00:00,144.26,224.60,6.10,12.23,11.46,NA,NA,1.22,8.33,NA,NA,NA,NA,NA,NA,NA,NA,NA,NA,NA,0.00,NA,NA,NA
2025-11-21 00:00:00,138.20,215.10,6.05,8.88,9.64,NA,NA,1.03,6.33,NA,NA,NA,NA,NA,NA,NA,NA,NA,NA,NA,0.00,NA,NA,NA
2025-11-21 01:00:00,114.44,168.38,6.11,7.59,9.00,NA,NA,0.91,5.04,NA,NA,NA,NA,NA,NA,NA,NA,NA,NA,NA,0.00,NA,NA,NA
2025-11-21 02:00:00,113.43,167.17,6.32,6.53,8.61,NA,NA,0.87,5.36,NA,NA,NA,NA,NA,NA,NA,NA,NA,NA,NA,0.00,NA,NA,NA
2025-11-21 03:00:00,127.85,144.63,6.25,5.86,8.20,NA,NA,0.84,4.99,NA,NA,NA,NA,NA,NA,NA,NA,NA,NA,NA,0.00,NA,NA,NA
2025-11-21 04:00:00,109.49,169.88,6.23,7.22,8.90,NA,NA,0.81,4.98,NA,NA,NA,NA,NA,NA,NA,NA,NA,NA,NA,0.00,NA,NA,NA
2025-11-21 05:00:00,127.77,174.50,6.32,9.15,10.01,NA,NA,0.80,3.75,NA,NA,NA,NA,NA,NA,NA,NA,NA,NA,NA,0.00,NA,NA,NA
2025-11-21 06:00:00,123.46,173.26,6.28,7.78,9.25,NA,NA,0.85,4.69,NA,NA,NA,NA,NA,NA,NA,NA,NA,NA,NA,0.00,NA,NA,NA
2025-11-21 07:00:00,178.49,242.54,8.12,8.62,11.18,NA,NA,1.27,5.88,NA,NA,NA,NA,NA,NA,NA,NA,NA,NA,NA,0.00,NA,NA,NA
2025-11-21 08:00:00,202.76,296.59,10.18,10.23,13.72,NA,NA,1.48,7.86,NA,NA,NA,NA,NA,NA,NA,NA,NA,NA,NA,0.00,NA,NA,NA
2025-11-21 09:00:00,200.00,410.58,11.89,20.70,20.67,NA,NA,1.40,14.41,NA,NA,NA,NA,NA,NA,NA,NA,NA,NA,NA,0.00,NA,NA,NA
2025-11-21 10:00:00,96.96,200.95,6.74,14.91,13.41,NA,NA,0.93,34.94,NA,NA,NA,NA,NA,NA,NA,NA,NA,NA,NA,0.00,NA,NA,NA
2025-11-21 11:00:00,140.92,200.20,6.37,11.75,11.43,NA,NA,0.88,49.32,NA,NA,NA,NA,NA,NA,NA,NA,NA,NA,NA,0.00,NA,NA,NA
2025-11-21 12:00:00,141.08,181.70,6.27,12.16,11.57,NA,NA,0.85,60.17,NA,NA,NA,NA,NA,NA,NA,NA,NA,NA,NA,0.00,NA,NA,NA
2025-11-21 13:00:00,114.90,212.26,5.96,10.59,10.48,NA,NA,0.77,72.31,NA,NA,NA,NA,NA,NA,NA,NA,NA,NA,NA,0.00,NA,NA,NA
2025-11-21 14:00:00,103.25,190.99,5.97,10.70,10.54,NA,NA,0.90,79.19,NA,NA,NA,NA,NA,NA,NA,NA,NA,NA,NA,0.00,NA,NA,NA
2025-11-21 15:00:00,104.02,240.95,5.72,10.36,10.16,NA,NA,0.77,87.51,NA,NA,NA,NA,NA,NA,NA,NA,NA,NA,NA,0.00,NA,NA,NA
2025-11-21 16:00:00,116.70,205.49,6.12,11.06,10.86,NA,NA,0.86,60.36,NA,NA,NA,NA,NA,NA,NA,NA,NA,NA,NA,0.00,NA,NA,NA
2025-11-21 17:00:00,123.86,187.77,6.04,11.68,11.13,NA,NA,0.88,27.21,NA,NA,NA,NA,NA,NA,NA,NA,NA,NA,NA,0.00,NA,NA,NA
2025-11-21 18:00:00,149.70,215.05,6.19,13.68,12.31,NA,NA,0.94,13.49,NA,NA,NA,NA,NA,NA,NA,NA,NA,NA,NA,0.00,NA,NA,NA
2025-11-21 19:00:00,160.18,226.67,6.11,13.11,11.94,NA,NA,0.98,8.64,NA,NA,NA,NA,NA,NA,NA,NA,NA,NA,NA,0.00,NA,NA,NA
2025-11-21 20:00:00,150.04,215.58,6.07,10.11,10.32,NA,NA,0.99,8.35,NA,NA,NA,NA,NA,NA,NA,NA,NA,NA,NA,0.00,NA,NA,NA
2025-11-21 21:00:00,138.53,201.63,6.25,10.34,10.59,NA,NA,1.01,6.84,NA,NA,NA,NA,NA,NA,NA,NA,NA,NA,NA,0.00,NA,NA,NA
2025-11-21 22:00:00,135.72,182.19,6.48,12.84,12.10,NA,NA,1.00,5.32,NA,NA,NA,NA,NA,NA,NA,NA,NA,NA,NA,0.00,NA,NA,NA
2025-11-21 23:00:00,122.15,202.74,6.47,10.85,11.03,NA,NA,1.05,5.88,NA,NA,NA,NA,NA,NA,NA,NA,NA,NA,NA,0.00,NA,NA,NA
2025-11-22 00:00:00,127.71,208.46,6.54,9.74,10.49,NA,NA,0.93,4.03,NA,NA,NA,NA,NA,NA,NA,NA,NA,NA,NA,0.00,NA,NA,NA
2025-11-22 01:00:00,147.66,178.75,6.70,8.19,9.80,NA,NA,0.91,3.81,NA,NA,NA,NA,NA,NA,NA,NA,NA,NA,NA,0.00,NA,NA,NA
2025-11-22 02:00:00,144.06,174.10,6.63,7.33,9.29,NA,NA,0.92,4.09,NA,NA,NA,NA,NA,NA,NA,NA,NA,NA,NA,0.00,NA,NA,NA
2025-11-22 03:00:00,128.76,179.20,6.85,7.93,9.79,NA,NA,0.93,3.80,NA,NA,NA,NA,NA,NA,NA,NA,NA,NA,NA,0.00,NA,NA,NA
2025-11-22 04:00:00,150.90,209.77,6.78,6.66,9.05,NA,NA,1.00,3.08,NA,NA,NA,NA,NA,NA,NA,NA,NA,NA,NA,0.00,NA,NA,NA
2025-11-22 05:00:00,178.46,226.02,8.25,7.22,10.56,NA,NA,1.16,3.40,NA,NA,NA,NA,NA,NA,NA,NA,NA,NA,NA,0.00,NA,NA,NA
2025-11-22 06:00:00,174.25,268.27,30.86,7.10,28.88,NA,NA,1.99,4.82,NA,NA,NA,NA,NA,NA,NA,NA,NA,NA,NA,0.00,NA,NA,NA
2025-11-22 07:00:00,210.04,320.88,47.16,9.77,43.54,NA,NA,2.68,6.96,NA,NA,NA,NA,NA,NA,NA,NA,NA,NA,NA,0.00,NA,NA,NA
2025-11-22 08:00:00,191.13,354.54,40.07,17.57,41.93,NA,NA,2.52,8.46,NA,NA,NA,NA,NA,NA,NA,NA,NA,NA,NA,0.00,NA,NA,NA
2025-11-22 09:00:00,253.57,476.28,25.31,43.78,43.86,NA,NA,2.71,10.94,NA,NA,NA,NA,NA,NA,NA,NA,NA,NA,NA,0.00,NA,NA,NA
2025-11-22 10:00:00,339.47,561.36,14.55,47.92,37.32,NA,NA,2.32,32.08,NA,NA,NA,NA,NA,NA,NA,NA,NA,NA,NA,0.00,NA,NA,NA
2025-11-22 11:00:00,278.19,508.09,8.36,48.02,32.34,NA,NA,1.76,72.64,NA,NA,NA,NA,NA,NA,NA,NA,NA,NA,NA,0.00,NA,NA,NA
2025-11-22 12:00:00,174.72,374.82,6.50,24.37,18.25,NA,NA,1.22,84.55,NA,NA,NA,NA,NA,NA,NA,NA,NA,NA,NA,0.00,NA,NA,NA
2025-11-22 13:00:00,127.76,251.89,6.02,15.60,13.20,NA,NA,0.88,75.36,NA,NA,NA,NA,NA,NA,NA,NA,NA,NA,NA,0.00,NA,NA,NA
2025-11-22 14:00:00,110.89,196.58,6.11,13.41,12.10,NA,NA,0.80,80.23,NA,NA,NA,NA,NA,NA,NA,NA,NA,NA,NA,0.00,NA,NA,NA
2025-11-22 15:00:00,105.28,195.15,6.12,12.44,11.59,NA,NA,0.79,80.90,NA,NA,NA,NA,NA,NA,NA,NA,NA,NA,NA,0.00,NA,NA,NA
2025-11-22 16:00:00,104.61,182.59,5.96,12.10,11.29,NA,NA,0.78,53.02,NA,NA,NA,NA,NA,NA,NA,NA,NA,NA,NA,0.00,NA,NA,NA
2025-11-22 17:00:00,101.36,154.59,6.03,11.60,11.07,NA,NA,0.79,21.07,NA,NA,NA,NA,NA,NA,NA,NA,NA,NA,NA,0.00,NA,NA,NA
2025-11-22 18:00:00,116.49,171.15,5.90,12.61,11.51,NA,NA,0.83,22.84,NA,NA,NA,NA,NA,NA,NA,NA,NA,NA,NA,0.00,NA,NA,NA
2025-11-22 19:00:00,118.88,182.86,5.82,11.80,11.00,NA,NA,0.82,19.25,NA,NA,NA,NA,NA,NA,NA,NA,NA,NA,NA,0.00,NA,NA,NA
2025-11-22 20:00:00,120.14,195.45,5.67,10.71,10.31,NA,NA,0.86,18.00,NA,NA,NA,NA,NA,NA,NA,NA,NA,NA,NA,0.00,NA,NA,NA
2025-11-22 21:00:00,142.91,198.34,5.79,10.22,10.14,NA,NA,0.89,13.57,NA,NA,NA,NA,NA,NA,NA,NA,NA,NA,NA,0.00,NA,NA,NA
2025-11-22 22:00:00,160.97,213.07,6.03,11.46,11.00,NA,NA,1.02,13.46,NA,NA,NA,NA,NA,NA,NA,NA,NA,NA,NA,0.00,NA,NA,NA
2025-11-22 23:00:00,141.82,195.30,6.24,8.90,9.80,NA,NA,0.86,10.47,NA,NA,NA,NA,NA,NA,NA,NA,NA,NA,NA,0.00,NA,NA,NA
2025-11-23 00:00:00,129.65,192.22,6.23,11.39,11.12,NA,NA,0.82,8.99,NA,NA,NA,NA,NA,NA,NA,NA,NA,NA,NA,0.00,NA,NA,NA
2025-11-23 01:00:00,122.99,203.45,6.54,11.32,11.33,NA,NA,0.93,7.36,NA,NA,NA,NA,NA,NA,NA,NA,NA,NA,NA,0.00,NA,NA,NA
2025-11-23 02:00:00,121.71,198.18,6.29,10.67,10.78,NA,NA,0.94,7.39,NA,NA,NA,NA,NA,NA,NA,NA,NA,NA,NA,0.00,NA,NA,NA
2025-11-23 03:00:00,148.47,212.76,6.73,13.80,12.82,NA,NA,1.16,4.80,NA,NA,NA,NA,NA,NA,NA,NA,NA,NA,NA,0.00,NA,NA,NA
2025-11-23 04:00:00,189.08,NA,12.40,16.44,18.83,NA,NA,1.58,3.74,NA,NA,NA,NA,NA,NA,NA,NA,NA,NA,NA,0.00,NA,NA,NA
2025-11-23 05:00:00,217.36,NA,20.90,15.90,25.44,NA,NA,1.89,4.14,NA,NA,NA,NA,NA,NA,NA,NA,NA,NA,NA,0.00,NA,NA,NA
2025-11-23 06:00:00,214.34,NA,21.22,16.04,25.79,NA,NA,1.78,4.90,NA,NA,NA,NA,NA,NA,NA,NA,NA,NA,NA,0.00,NA,NA,NA
2025-11-23 07:00:00,194.07,NA,25.17,12.01,26.84,NA,NA,1.68,5.54,NA,NA,NA,NA,NA,NA,NA,NA,NA,NA,NA,0.00,NA,NA,NA
2025-11-23 08:00:00,190.27,NA,33.83,22.91,39.70,NA,NA,1.86,8.66,NA,NA,NA,NA,NA,NA,NA,NA,NA,NA,NA,0.00,NA,NA,NA
2025-11-23 09:00:00,257.73,NA,26.90,57.16,52.26,NA,NA,2.47,13.21,NA,NA,NA,NA,NA,NA,NA,NA,NA,NA,NA,0.00,NA,NA,NA
2025-11-23 10:00:00,310.57,NA,12.94,56.06,40.33,NA,NA,2.05,42.85,NA,NA,NA,NA,NA,NA,NA,NA,NA,NA,NA,0.00,NA,NA,NA
2025-11-23 11:00:00,263.39,NA,7.85,32.52,23.68,NA,NA,1.45,75.88,NA,NA,NA,NA,NA,NA,NA,NA,NA,NA,NA,0.00,NA,NA,NA
2025-11-23 12:00:00,203.71,249.16,6.59,19.98,15.98,NA,NA,1.07,79.76,NA,NA,NA,NA,NA,NA,NA,NA,NA,NA,NA,0.00,NA,NA,NA
2025-11-23 13:00:00,153.29,370.02,6.15,18.40,14.79,NA,NA,1.04,94.31,NA,NA,NA,NA,NA,NA,NA,NA,NA,NA,NA,0.00,NA,NA,NA
2025-11-23 14:00:00,155.52,355.45,6.32,17.89,14.65,NA,NA,0.98,99.86,NA,NA,NA,NA,NA,NA,NA,NA,NA,NA,NA,0.00,NA,NA,NA
2025-11-23 15:00:00,112.89,260.88,6.19,12.59,11.73,NA,NA,0.78,82.79,NA,NA,NA,NA,NA,NA,NA,NA,NA,NA,NA,0.00,NA,NA,NA
2025-11-23 16:00:00,81.17,202.64,6.31,12.08,11.56,NA,NA,0.79,70.08,NA,NA,NA,NA,NA,NA,NA,NA,NA,NA,NA,0.00,NA,NA,NA
2025-11-23 17:00:00,115.28,220.15,6.18,13.57,12.25,NA,NA,0.84,33.63,NA,NA,NA,NA,NA,NA,NA,NA,NA,NA,NA,0.00,NA,NA,NA
2025-11-23 18:00:00,179.73,265.18,6.01,16.25,13.53,NA,NA,1.03,20.78,NA,NA,NA,NA,NA,NA,NA,NA,NA,NA,NA,0.00,NA,NA,NA
2025-11-23 19:00:00,176.99,256.19,5.90,16.58,13.63,NA,NA,1.00,14.70,NA,NA,NA,NA,NA,NA,NA,NA,NA,NA,NA,0.00,NA,NA,NA
2025-11-23 20:00:00,145.27,240.51,6.08,15.90,13.40,NA,NA,0.95,10.92,NA,NA,NA,NA,NA,NA,NA,NA,NA,NA,NA,0.00,NA,NA,NA
2025-11-23 21:00:00,134.74,249.06,6.15,14.38,12.65,NA,NA,0.98,10.01,NA,NA,NA,NA,NA,NA,NA,NA,NA,NA,NA,0.00,NA,NA,NA
2025-11-23 22:00:00,152.32,272.30,6.42,13.42,12.36,NA,NA,1.12,8.16,NA,NA,NA,NA,NA,NA,NA,NA,NA,NA,NA,0.00,NA,NA,NA
2025-11-23 23:00:00,196.63,284.34,7.04,13.49,12.90,NA,NA,1.52,5.75,NA,NA,NA,NA,NA,NA,NA,NA,NA,NA,NA,0.00,NA,NA,NA
2025-11-24 00:00:00,259.72,363.41,6.99,14.37,13.33,NA,NA,1.76,4.23,NA,NA,NA,NA,NA,NA,NA,NA,NA,NA,NA,0.00,NA,NA,NA
2025-11-24 01:00:00,219.30,327.76,7.90,15.66,14.75,NA,NA,1.70,4.41,NA,NA,NA,NA,NA,NA,NA,NA,NA,NA,NA,0.00,NA,NA,NA
2025-11-24 02:00:00,196.75,331.69,11.92,17.63,19.08,NA,NA,2.14,3.68,NA,NA,NA,NA,NA,NA,NA,NA,NA,NA,NA,0.00,NA,NA,NA
2025-11-24 03:00:00,237.13,386.03,25.13,15.08,28.45,NA,NA,2.97,5.11,NA,NA,NA,NA,NA,NA,NA,NA,NA,NA,NA,0.00,NA,NA,NA
2025-11-24 04:00:00,260.58,383.19,27.17,14.19,29.64,NA,NA,2.81,4.67,NA,NA,NA,NA,NA,NA,NA,NA,NA,NA,NA,0.00,NA,NA,NA
2025-11-24 05:00:00,250.78,351.44,33.09,11.66,33.11,NA,NA,2.70,5.18,NA,NA,NA,NA,NA,NA,NA,NA,NA,NA,NA,0.00,NA,NA,NA
2025-11-24 06:00:00,235.37,382.44,32.40,11.03,32.20,NA,NA,2.36,4.02,NA,NA,NA,NA,NA,NA,NA,NA,NA,NA,NA,0.00,NA,NA,NA
2025-11-24 07:00:00,214.34,324.35,32.66,9.00,31.34,NA,NA,2.07,6.24,NA,NA,NA,NA,NA,NA,NA,NA,NA,NA,NA,0.00,NA,NA,NA
2025-11-24 08:00:00,227.60,334.71,29.44,15.59,32.23,NA,NA,2.32,9.64,NA,NA,NA,NA,NA,NA,NA,NA,NA,NA,NA,0.00,NA,NA,NA
2025-11-24 09:00:00,244.12,433.98,20.72,40.66,38.47,NA,NA,2.26,11.90,NA,NA,NA,NA,NA,NA,NA,NA,NA,NA,NA,0.00,NA,NA,NA
2025-11-24 10:00:00,275.52,503.52,13.52,50.56,37.89,NA,NA,2.12,26.14,NA,NA,NA,NA,NA,NA,NA,NA,NA,NA,NA,0.00,NA,NA,NA
2025-11-24 11:00:00,223.92,494.74,8.36,37.20,26.58,NA,NA,1.63,58.90,NA,NA,NA,NA,NA,NA,NA,NA,NA,NA,NA,0.00,NA,NA,NA
2025-11-24 12:00:00,177.91,380.30,6.64,22.74,17.50,NA,NA,1.28,75.02,NA,NA,NA,NA,NA,NA,NA,NA,NA,NA,NA,0.00,NA,NA,NA
2025-11-24 13:00:00,142.59,172.86,6.48,17.52,14.60,NA,NA,1.18,82.28,NA,NA,NA,NA,NA,NA,NA,NA,NA,NA,NA,0.00,NA,NA,NA
2025-11-24 14:00:00,126.42,NA,6.47,17.01,14.30,NA,NA,1.12,85.46,NA,NA,NA,NA,NA,NA,NA,NA,NA,NA,NA,0.00,NA,NA,NA
2025-11-24 15:00:00,107.52,NA,6.38,15.76,13.57,NA,NA,1.06,86.48,NA,NA,NA,NA,NA,NA,NA,NA,NA,NA,NA,0.00,NA,NA,NA
2025-11-24 16:00:00,108.77,NA,6.29,16.84,14.07,NA,NA,1.09,74.17,NA,NA,NA,NA,NA,NA,NA,NA,NA,NA,NA,0.00,NA,NA,NA
2025-11-24 17:00:00,119.19,NA,6.46,15.86,13.69,NA,NA,1.12,33.25,NA,NA,NA,NA,NA,NA,NA,NA,NA,NA,NA,0.00,NA,NA,NA
2025-11-24 18:00:00,124.86,NA,6.28,16.44,13.85,NA,NA,1.15,17.35,NA,NA,NA,NA,NA,NA,NA,NA,NA,NA,NA,0.00,NA,NA,NA
2025-11-24 19:00:00,158.23,NA,6.42,17.54,14.56,NA,NA,1.26,12.18,NA,NA,NA,NA,NA,NA,NA,NA,NA,NA,NA,0.00,NA,NA,NA
2025-11-24 20:00:00,168.88,NA,6.85,16.37,14.28,NA,NA,1.28,9.67,NA,NA,NA,NA,NA,NA,NA,NA,NA,NA,NA,0.00,NA,NA,NA
2025-11-24 21:00:00,170.45,NA,6.86,19.52,15.96,NA,NA,1.44,6.84,NA,NA,NA,NA,NA,NA,NA,NA,NA,NA,NA,0.00,NA,NA,NA
2025-11-24 22:00:00,208.00,NA,7.02,17.37,14.95,NA,NA,1.51,5.85,NA,NA,NA,NA,NA,NA,NA,NA,NA,NA,NA,0.00,NA,NA,NA
2025-11-24 23:00:00,171.99,NA,6.67,17.72,14.84,NA,NA,1.64,4.26,NA,NA,NA,NA,NA,NA,NA,NA,NA,NA,NA,0.00,NA,NA,NA
2025-11-25 00:00:00,196.65,NA,7.97,21.34,17.82,NA,NA,2.07,4.21,NA,NA,NA,NA,NA,NA,NA,NA,NA,NA,NA,0.00,NA,NA,NA
2025-11-25 01:00:00,197.17,NA,12.85,21.28,21.77,NA,NA,2.37,4.86,NA,NA,NA,NA,NA,NA,NA,NA,NA,NA,NA,0.00,NA,NA,NA
2025-11-25 02:00:00,216.34,NA,26.06,19.14,31.36,NA,NA,3.16,5.25,NA,NA,NA,NA,NA,NA,NA,NA,NA,NA,NA,0.00,NA,NA,NA
2025-11-25 03:00:00,216.87,NA,26.80,15.36,29.96,NA,NA,3.31,5.39,NA,NA,NA,NA,NA,NA,NA,NA,NA,NA,NA,0.00,NA,NA,NA
2025-11-25 04:00:00,261.31,NA,36.25,14.22,37.04,NA,NA,3.41,4.95,NA,NA,NA,NA,NA,NA,NA,NA,NA,NA,NA,0.00,NA,NA,NA
2025-11-25 05:00:00,269.12,NA,39.88,12.64,39.15,NA,NA,3.30,4.91,NA,NA,NA,NA,NA,NA,NA,NA,NA,NA,NA,0.00,NA,NA,NA
2025-11-25 06:00:00,247.75,NA,41.56,12.26,40.31,NA,NA,3.02,5.23,NA,NA,NA,NA,NA,NA,NA,NA,NA,NA,NA,0.00,NA,NA,NA
2025-11-25 07:00:00,251.13,NA,40.29,14.01,40.21,NA,NA,2.74,6.96,NA,NA,NA,NA,NA,NA,NA,NA,NA,NA,NA,0.00,NA,NA,NA
2025-11-25 08:00:00,237.99,NA,32.07,25.36,39.56,NA,NA,2.50,8.48,NA,NA,NA,NA,NA,NA,NA,NA,NA,NA,NA,0.00,NA,NA,NA
2025-11-25 09:00:00,236.26,NA,19.24,42.44,38.21,NA,NA,2.33,15.32,NA,NA,NA,NA,NA,NA,NA,NA,NA,NA,NA,0.00,NA,NA,NA
2025-11-25 10:00:00,234.62,414.85,11.51,42.91,32.18,NA,NA,1.88,28.62,NA,NA,NA,NA,NA,NA,NA,NA,NA,NA,NA,0.00,NA,NA,NA
2025-11-25 11:00:00,231.09,471.39,7.79,28.58,21.53,NA,NA,1.30,NA,NA,NA,NA,NA,NA,NA,NA,NA,NA,NA,NA,0.00,NA,NA,NA
2025-11-25 12:00:00,193.52,313.41,7.34,21.55,17.42,NA,NA,1.08,52.73,NA,NA,NA,NA,NA,NA,NA,NA,NA,NA,NA,0.00,NA,NA,NA
2025-11-25 13:00:00,123.78,254.60,5.74,18.01,14.31,NA,NA,0.88,63.51,NA,NA,NA,NA,NA,NA,NA,NA,NA,NA,NA,0.00,NA,NA,NA
2025-11-25 14:00:00,107.47,218.13,5.39,16.10,12.94,NA,NA,0.85,70.74,NA,NA,NA,NA,NA,NA,NA,NA,NA,NA,NA,0.00,NA,NA,NA
2025-11-25 15:00:00,100.73,216.34,5.17,15.34,12.36,NA,NA,0.28,80.83,NA,NA,NA,NA,NA,NA,NA,NA,NA,NA,NA,0.00,NA,NA,NA
2025-11-25 16:00:00,149.63,365.42,5.83,23.16,17.06,NA,NA,0.22,38.67,NA,NA,NA,NA,NA,NA,NA,NA,NA,NA,NA,0.00,NA,NA,NA
2025-11-25 17:00:00,146.26,283.17,5.12,23.72,16.78,NA,NA,0.24,26.22,NA,NA,NA,NA,NA,NA,NA,NA,NA,NA,NA,0.00,NA,NA,NA
2025-11-25 18:00:00,123.44,211.95,4.89,23.70,16.58,NA,NA,0.25,19.05,NA,NA,NA,NA,NA,NA,NA,NA,NA,NA,NA,0.00,NA,NA,NA
2025-11-25 19:00:00,125.92,231.94,4.97,32.86,21.52,NA,NA,0.39,13.98,NA,NA,NA,NA,NA,NA,NA,NA,NA,NA,NA,0.00,NA,NA,NA
2025-11-25 20:00:00,147.25,286.90,7.00,42.03,28.05,NA,NA,0.65,10.06,NA,NA,NA,NA,NA,NA,NA,NA,NA,NA,NA,0.00,NA,NA,NA
2025-11-25 21:00:00,167.48,334.67,8.34,47.43,32.01,NA,NA,1.06,7.43,NA,NA,NA,NA,NA,NA,NA,NA,NA,NA,NA,0.00,NA,NA,NA
2025-11-25 22:00:00,200.99,360.06,14.01,51.45,38.76,NA,NA,1.52,8.45,NA,NA,NA,NA,NA,NA,NA,NA,NA,NA,NA,0.00,NA,NA,NA
2025-11-25 23:00:00,197.40,338.84,10.46,42.63,31.18,NA,NA,1.34,7.04,NA,NA,NA,NA,NA,NA,NA,NA,NA,NA,NA,0.00,NA,NA,NA
2025-11-26 00:00:00,148.69,260.17,12.36,26.94,24.38,NA,NA,0.88,7.72,NA,NA,NA,NA,NA,NA,NA,NA,NA,NA,NA,0.00,NA,NA,NA
2025-11-26 01:00:00,121.96,234.72,14.26,20.84,22.68,NA,NA,0.71,7.62,NA,NA,NA,NA,NA,NA,NA,NA,NA,NA,NA,0.00,NA,NA,NA
2025-11-26 02:00:00,125.42,212.46,14.15,26.07,25.38,NA,NA,0.74,7.20,NA,NA,NA,NA,NA,NA,NA,NA,NA,NA,NA,0.00,NA,NA,NA
2025-11-26 03:00:00,147.67,229.46,14.75,29.82,27.85,NA,NA,0.85,7.44,NA,NA,NA,NA,NA,NA,NA,NA,NA,NA,NA,0.00,NA,NA,NA
2025-11-26 04:00:00,135.80,237.78,12.70,26.62,24.48,NA,NA,0.54,8.14,NA,NA,NA,NA,NA,NA,NA,NA,NA,NA,NA,0.00,NA,NA,NA
2025-11-26 05:00:00,129.54,225.34,10.38,20.48,19.33,NA,NA,0.35,7.65,NA,NA,NA,NA,NA,NA,NA,NA,NA,NA,NA,0.00,NA,NA,NA
2025-11-26 06:00:00,112.63,194.12,9.82,16.64,16.84,NA,NA,0.31,7.30,NA,NA,NA,NA,NA,NA,NA,NA,NA,NA,NA,0.00,NA,NA,NA
2025-11-26 07:00:00,112.56,181.51,9.82,13.72,15.28,NA,NA,0.37,10.40,NA,NA,NA,NA,NA,NA,NA,NA,NA,NA,NA,0.00,NA,NA,NA
2025-11-26 08:00:00,113.44,185.00,13.53,23.98,23.76,NA,NA,0.73,13.92,NA,NA,NA,NA,NA,NA,NA,NA,NA,NA,NA,0.00,NA,NA,NA
2025-11-26 09:00:00,162.01,356.26,17.14,66.78,49.45,NA,NA,0.94,15.64,NA,NA,NA,NA,NA,NA,NA,NA,NA,NA,NA,0.00,NA,NA,NA
2025-11-26 10:00:00,198.72,376.07,7.09,52.64,33.75,NA,NA,0.59,30.55,NA,NA,NA,NA,NA,NA,NA,NA,NA,NA,NA,0.00,NA,NA,NA
2025-11-26 11:00:00,118.37,232.79,3.76,29.86,18.94,NA,NA,0.30,60.81,NA,NA,NA,NA,NA,NA,NA,NA,NA,NA,NA,0.00,NA,NA,NA
2025-11-26 12:00:00,99.79,213.60,3.74,27.42,17.63,NA,NA,0.24,69.80,NA,NA,NA,NA,NA,NA,NA,NA,NA,NA,NA,0.00,NA,NA,NA
2025-11-26 13:00:00,85.15,193.27,4.06,27.49,17.93,NA,NA,0.18,77.50,NA,NA,NA,NA,NA,NA,NA,NA,NA,NA,NA,0.00,NA,NA,NA
2025-11-26 14:00:00,75.93,190.26,3.59,27.88,17.74,NA,NA,0.16,86.57,NA,NA,NA,NA,NA,NA,NA,NA,NA,NA,NA,0.00,NA,NA,NA
2025-11-26 15:00:00,74.99,211.11,3.53,31.35,19.55,NA,NA,0.22,102.34,NA,NA,NA,NA,NA,NA,NA,NA,NA,NA,NA,0.00,NA,NA,NA
2025-11-26 16:00:00,90.21,202.25,3.86,27.85,17.95,NA,NA,0.20,81.39,NA,NA,NA,NA,NA,NA,NA,NA,NA,NA,NA,0.00,NA,NA,NA
2025-11-26 17:00:00,101.65,184.70,3.32,26.73,16.92,NA,NA,0.28,42.28,NA,NA,NA,NA,NA,NA,NA,NA,NA,NA,NA,0.00,NA,NA,NA
2025-11-26 18:00:00,118.24,203.32,3.44,29.19,18.32,NA,NA,0.37,28.41,NA,NA,NA,NA,NA,NA,NA,NA,NA,NA,NA,0.00,NA,NA,NA
2025-11-26 19:00:00,131.05,233.40,3.82,32.88,20.60,NA,NA,0.48,18.31,NA,NA,NA,NA,NA,NA,NA,NA,NA,NA,NA,0.00,NA,NA,NA
2025-11-26 20:00:00,138.74,245.70,4.74,30.23,19.93,NA,NA,0.54,15.19,NA,NA,NA,NA,NA,NA,NA,NA,NA,NA,NA,0.00,NA,NA,NA
2025-11-26 21:00:00,163.54,267.26,7.81,31.32,23.01,NA,NA,0.65,12.46,NA,NA,NA,NA,NA,NA,NA,NA,NA,NA,NA,0.00,NA,NA,NA
2025-11-26 22:00:00,173.05,258.62,6.47,28.33,20.33,NA,NA,0.63,11.33,NA,NA,NA,NA,NA,NA,NA,NA,NA,NA,NA,0.00,NA,NA,NA
2025-11-26 23:00:00,163.62,257.35,5.56,23.91,17.24,NA,NA,0.64,9.70,NA,NA,NA,NA,NA,NA,NA,NA,NA,NA,NA,0.00,NA,NA,NA
2025-11-27 00:00:00,132.07,198.81,8.92,15.96,15.75,NA,NA,0.44,12.26,NA,NA,NA,NA,NA,NA,NA,NA,NA,NA,NA,0.00,NA,NA,NA
2025-11-27 01:00:00,112.23,164.57,12.03,12.67,16.52,NA,NA,0.34,12.86,NA,NA,NA,NA,NA,NA,NA,NA,NA,NA,NA,0.00,NA,NA,NA
2025-11-27 02:00:00,108.42,169.32,4.55,14.11,11.21,NA,NA,0.38,11.04,NA,NA,NA,NA,NA,NA,NA,NA,NA,NA,NA,0.00,NA,NA,NA
2025-11-27 03:00:00,151.78,230.46,6.04,18.77,14.90,NA,NA,0.74,8.93,NA,NA,NA,NA,NA,NA,NA,NA,NA,NA,NA,0.00,NA,NA,NA
2025-11-27 04:00:00,165.50,247.50,8.01,21.75,18.08,NA,NA,1.09,8.00,NA,NA,NA,NA,NA,NA,NA,NA,NA,NA,NA,0.00,NA,NA,NA
2025-11-27 05:00:00,187.87,262.79,23.38,30.52,35.25,NA,NA,1.90,8.26,NA,NA,NA,NA,NA,NA,NA,NA,NA,NA,NA,0.00,NA,NA,NA
2025-11-27 06:00:00,189.88,285.31,69.52,27.72,71.28,NA,NA,2.68,8.36,NA,NA,NA,NA,NA,NA,NA,NA,NA,NA,NA,0.00,NA,NA,NA
2025-11-27 07:00:00,189.25,314.23,104.49,19.57,95.38,NA,NA,3.00,10.21,NA,NA,NA,NA,NA,NA,NA,NA,NA,NA,NA,0.00,NA,NA,NA
2025-11-27 08:00:00,195.48,322.78,140.93,51.10,141.76,NA,NA,3.36,14.20,NA,NA,NA,NA,NA,NA,NA,NA,NA,NA,NA,0.00,NA,NA,NA
2025-11-27 09:00:00,244.69,421.79,68.26,135.90,127.76,NA,NA,3.89,11.96,NA,NA,NA,NA,NA,NA,NA,NA,NA,NA,NA,0.00,NA,NA,NA
2025-11-27 10:00:00,366.44,611.52,25.96,133.95,92.33,NA,NA,3.10,33.07,NA,NA,NA,NA,NA,NA,NA,NA,NA,NA,NA,0.00,NA,NA,NA
2025-11-27 11:00:00,266.92,441.89,12.58,59.30,41.76,NA,NA,1.10,66.81,NA,NA,NA,NA,NA,NA,NA,NA,NA,NA,NA,0.00,NA,NA,NA
2025-11-27 12:00:00,149.54,268.49,7.15,70.28,43.19,NA,NA,0.66,66.28,NA,NA,NA,NA,NA,NA,NA,NA,NA,NA,NA,0.00,NA,NA,NA
2025-11-27 13:00:00,158.03,301.27,4.80,58.59,35.06,NA,NA,0.74,94.85,NA,NA,NA,NA,NA,NA,NA,NA,NA,NA,NA,0.00,NA,NA,NA
2025-11-27 14:00:00,143.56,285.55,4.58,49.39,29.99,NA,NA,0.57,101.26,NA,NA,NA,NA,NA,NA,NA,NA,NA,NA,NA,0.00,NA,NA,NA
2025-11-27 15:00:00,134.64,262.65,4.52,44.43,27.30,NA,NA,0.58,113.44,NA,NA,NA,NA,NA,NA,NA,NA,NA,NA,NA,0.00,NA,NA,NA
2025-11-27 16:00:00,157.25,256.49,4.84,35.39,22.76,NA,NA,0.51,64.54,NA,NA,NA,NA,NA,NA,NA,NA,NA,NA,NA,0.00,NA,NA,NA
2025-11-27 17:00:00,144.06,232.06,4.14,32.30,20.55,NA,NA,0.50,34.25,NA,NA,NA,NA,NA,NA,NA,NA,NA,NA,NA,0.00,NA,NA,NA
2025-11-27 18:00:00,138.30,226.70,3.83,32.15,20.22,NA,NA,0.52,23.09,NA,NA,NA,NA,NA,NA,NA,NA,NA,NA,NA,0.00,NA,NA,NA
2025-11-27 19:00:00,147.25,247.74,4.02,33.02,20.84,NA,NA,0.57,23.88,NA,NA,NA,NA,NA,NA,NA,NA,NA,NA,NA,0.00,NA,NA,NA
2025-11-27 20:00:00,156.84,245.61,5.44,42.03,26.78,NA,NA,0.76,14.77,NA,NA,NA,NA,NA,NA,NA,NA,NA,NA,NA,0.00,NA,NA,NA
2025-11-27 21:00:00,184.34,301.52,6.33,31.31,21.79,NA,NA,0.70,11.92,NA,NA,NA,NA,NA,NA,NA,NA,NA,NA,NA,0.00,NA,NA,NA
2025-11-27 22:00:00,187.89,296.18,4.97,21.62,15.53,NA,NA,0.68,11.33,NA,NA,NA,NA,NA,NA,NA,NA,NA,NA,NA,0.00,NA,NA,NA
2025-11-27 23:00:00,165.20,252.16,8.84,18.20,16.88,NA,NA,0.69,9.97,NA,NA,NA,NA,NA,NA,NA,NA,NA,NA,NA,0.00,NA,NA,NA
2025-11-28 00:00:00,159.83,262.95,9.69,20.77,18.92,NA,NA,1.06,9.11,NA,NA,NA,NA,NA,NA,NA,NA,NA,NA,NA,0.00,NA,NA,NA
2025-11-28 01:00:00,227.10,332.02,8.80,31.30,23.80,NA,NA,1.93,8.64,NA,NA,NA,NA,NA,NA,NA,NA,NA,NA,NA,0.00,NA,NA,NA
2025-11-28 02:00:00,253.09,341.22,21.64,35.68,36.58,NA,NA,2.64,8.76,NA,NA,NA,NA,NA,NA,NA,NA,NA,NA,NA,0.00,NA,NA,NA
2025-11-28 03:00:00,243.85,366.81,30.39,34.42,43.02,NA,NA,2.70,8.55,NA,NA,NA,NA,NA,NA,NA,NA,NA,NA,NA,0.00,NA,NA,NA
2025-11-28 04:00:00,252.94,385.16,59.48,30.14,64.40,NA,NA,3.24,8.47,NA,NA,NA,NA,NA,NA,NA,NA,NA,NA,NA,0.00,NA,NA,NA
2025-11-28 05:00:00,253.91,386.36,108.14,33.58,105.79,NA,NA,3.84,9.04,NA,NA,NA,NA,NA,NA,NA,NA,NA,NA,NA,0.00,NA,NA,NA
2025-11-28 06:00:00,247.93,429.50,124.22,22.41,112.91,NA,NA,4.24,9.24,NA,NA,NA,NA,NA,NA,NA,NA,NA,NA,NA,0.00,NA,NA,NA
2025-11-28 07:00:00,243.78,419.14,154.14,32.72,142.74,NA,NA,4.17,11.22,NA,NA,NA,NA,NA,NA,NA,NA,NA,NA,NA,0.00,NA,NA,NA
2025-11-28 08:00:00,268.61,471.52,118.69,75.33,136.56,NA,NA,3.87,13.36,NA,NA,NA,NA,NA,NA,NA,NA,NA,NA,NA,0.00,NA,NA,NA
2025-11-28 09:00:00,309.23,551.38,62.62,150.29,130.84,NA,NA,3.44,12.80,NA,NA,NA,NA,NA,NA,NA,NA,NA,NA,NA,0.00,NA,NA,NA
2025-11-28 10:00:00,349.83,607.10,32.90,132.83,97.40,NA,NA,2.07,28.86,NA,NA,NA,NA,NA,NA,NA,NA,NA,NA,NA,0.00,NA,NA,NA
2025-11-28 11:00:00,208.82,377.05,18.47,66.00,50.11,NA,NA,0.81,40.93,NA,NA,NA,NA,NA,NA,NA,NA,NA,NA,NA,0.00,NA,NA,NA
2025-11-28 12:00:00,104.12,249.95,11.27,52.46,37.07,NA,NA,0.47,46.79,NA,NA,NA,NA,NA,NA,NA,NA,NA,NA,NA,0.00,NA,NA,NA
2025-11-28 13:00:00,90.54,207.54,6.83,50.70,32.52,NA,NA,0.48,66.51,NA,NA,NA,NA,NA,NA,NA,NA,NA,NA,NA,0.00,NA,NA,NA
2025-11-28 14:00:00,102.39,237.04,5.17,43.24,27.20,NA,NA,0.42,87.88,NA,NA,NA,NA,NA,NA,NA,NA,NA,NA,NA,0.00,NA,NA,NA
2025-11-28 15:00:00,135.89,266.79,5.20,45.10,28.21,NA,NA,0.42,100.92,NA,NA,NA,NA,NA,NA,NA,NA,NA,NA,NA,0.00,NA,NA,NA
2025-11-28 16:00:00,162.72,264.27,5.98,39.67,25.96,NA,NA,0.40,75.56,NA,NA,NA,NA,NA,NA,NA,NA,NA,NA,NA,0.00,NA,NA,NA
2025-11-28 17:00:00,133.32,225.01,5.23,34.72,22.72,NA,NA,0.42,28.78,NA,NA,NA,NA,NA,NA,NA,NA,NA,NA,NA,0.00,NA,NA,NA
2025-11-28 18:00:00,138.14,230.22,4.94,46.20,28.60,NA,NA,0.53,19.08,NA,NA,NA,NA,NA,NA,NA,NA,NA,NA,NA,0.00,NA,NA,NA
2025-11-28 19:00:00,150.31,309.17,6.75,68.54,41.94,NA,NA,0.84,10.63,NA,NA,NA,NA,NA,NA,NA,NA,NA,NA,NA,0.00,NA,NA,NA
2025-11-28 20:00:00,150.94,337.05,6.53,59.17,36.79,NA,NA,0.97,8.19,NA,NA,NA,NA,NA,NA,NA,NA,NA,NA,NA,0.00,NA,NA,NA
2025-11-28 21:00:00,186.76,343.78,13.14,67.39,46.54,NA,NA,1.45,7.68,NA,NA,NA,NA,NA,NA,NA,NA,NA,NA,NA,0.00,NA,NA,NA
2025-11-28 22:00:00,209.22,403.99,21.96,59.12,49.30,NA,NA,1.95,8.27,NA,NA,NA,NA,NA,NA,NA,NA,NA,NA,NA,0.00,NA,NA,NA
2025-11-28 23:00:00,201.96,375.35,16.94,59.76,45.56,NA,NA,1.66,7.55,NA,NA,NA,NA,NA,NA,NA,NA,NA,NA,NA,0.00,NA,NA,NA
2025-11-29 00:00:00,158.17,356.62,19.68,43.50,39.14,NA,NA,1.56,6.66,NA,NA,NA,NA,NA,NA,NA,NA,NA,NA,NA,0.00,NA,NA,NA
2025-11-29 01:00:00,177.42,317.92,19.36,52.00,43.40,NA,NA,1.39,7.66,NA,NA,NA,NA,NA,NA,NA,NA,NA,NA,NA,0.00,NA,NA,NA
2025-11-29 02:00:00,190.19,324.58,25.56,44.52,44.45,NA,NA,1.65,9.95,NA,NA,NA,NA,NA,NA,NA,NA,NA,NA,NA,0.00,NA,NA,NA
2025-11-29 03:00:00,167.60,312.59,22.64,39.71,39.54,NA,NA,1.06,6.70,NA,NA,NA,NA,NA,NA,NA,NA,NA,NA,NA,0.00,NA,NA,NA
2025-11-29 04:00:00,147.60,265.84,29.97,48.45,50.13,NA,NA,0.85,8.40,NA,NA,NA,NA,NA,NA,NA,NA,NA,NA,NA,0.00,NA,NA,NA
2025-11-29 05:00:00,154.94,237.59,16.37,46.09,37.82,NA,NA,0.62,7.81,NA,NA,NA,NA,NA,NA,NA,NA,NA,NA,NA,0.00,NA,NA,NA
2025-11-29 06:00:00,148.54,261.47,16.32,42.70,35.99,NA,NA,0.58,7.02,NA,NA,NA,NA,NA,NA,NA,NA,NA,NA,NA,0.00,NA,NA,NA
2025-11-29 07:00:00,148.88,258.57,19.71,43.27,39.06,NA,NA,0.63,9.36,NA,NA,NA,NA,NA,NA,NA,NA,NA,NA,NA,0.00,NA,NA,NA
2025-11-29 08:00:00,145.95,245.83,26.80,56.89,52.04,NA,NA,0.66,12.20,NA,NA,NA,NA,NA,NA,NA,NA,NA,NA,NA,0.00,NA,NA,NA
2025-11-29 09:00:00,135.02,223.60,12.06,47.56,35.10,NA,NA,0.45,11.29,NA,NA,NA,NA,NA,NA,NA,NA,NA,NA,NA,0.00,NA,NA,NA
2025-11-29 10:00:00,121.66,227.63,8.69,42.91,29.89,NA,NA,0.36,25.43,NA,NA,NA,NA,NA,NA,NA,NA,NA,NA,NA,0.00,NA,NA,NA
2025-11-29 11:00:00,98.80,206.98,7.81,43.17,29.31,NA,NA,0.32,35.88,NA,NA,NA,NA,NA,NA,NA,NA,NA,NA,NA,0.00,NA,NA,NA
2025-11-29 12:00:00,77.91,216.07,6.40,33.61,23.08,NA,NA,0.16,49.32,NA,NA,NA,NA,NA,NA,NA,NA,NA,NA,NA,0.00,NA,NA,NA
2025-11-29 13:00:00,63.35,173.22,5.75,29.10,20.15,NA,NA,0.10,63.46,NA,NA,NA,NA,NA,NA,NA,NA,NA,NA,NA,0.00,NA,NA,NA
2025-11-29 14:00:00,50.63,157.67,5.71,25.67,18.30,NA,NA,0.04,65.77,NA,NA,NA,NA,NA,NA,NA,NA,NA,NA,NA,0.00,NA,NA,NA
2025-11-29 15:00:00,46.35,141.82,5.48,23.44,16.92,NA,NA,0.03,68.96,NA,NA,NA,NA,NA,NA,NA,NA,NA,NA,NA,0.00,NA,NA,NA
2025-11-29 16:00:00,57.84,130.44,5.21,24.01,17.01,NA,NA,0.05,65.25,NA,NA,NA,NA,NA,NA,NA,NA,NA,NA,NA,0.00,NA,NA,NA
2025-11-29 17:00:00,66.50,149.57,5.71,27.82,19.44,NA,NA,0.08,29.95,NA,NA,NA,NA,NA,NA,NA,NA,NA,NA,NA,0.00,NA,NA,NA
2025-11-29 18:00:00,87.35,177.40,6.14,50.33,31.77,NA,NA,0.26,13.95,NA,NA,NA,NA,NA,NA,NA,NA,NA,NA,NA,0.00,NA,NA,NA
2025-11-29 19:00:00,101.24,189.60,6.45,51.12,32.44,NA,NA,0.33,11.95,NA,NA,NA,NA,NA,NA,NA,NA,NA,NA,NA,0.00,NA,NA,NA
2025-11-29 20:00:00,126.89,233.52,8.90,60.36,39.35,NA,NA,0.60,8.68,NA,NA,NA,NA,NA,NA,NA,NA,NA,NA,NA,0.00,NA,NA,NA
2025-11-29 21:00:00,129.09,254.16,17.30,64.91,48.60,NA,NA,0.78,8.04,NA,NA,NA,NA,NA,NA,NA,NA,NA,NA,NA,0.00,NA,NA,NA
2025-11-29 22:00:00,131.35,255.80,39.05,60.46,63.92,NA,NA,1.25,8.74,NA,NA,NA,NA,NA,NA,NA,NA,NA,NA,NA,0.00,NA,NA,NA
2025-11-29 23:00:00,147.57,248.06,22.99,53.31,47.04,NA,NA,1.00,7.50,NA,NA,NA,NA,NA,NA,NA,NA,NA,NA,NA,0.00,NA,NA,NA
2025-11-30 00:00:00,130.40,221.31,13.23,39.06,31.53,NA,NA,0.70,7.82,NA,NA,NA,NA,NA,NA,NA,NA,NA,NA,NA,0.00,NA,NA,NA
2025-11-30 01:00:00,121.93,213.26,20.39,52.41,44.46,NA,NA,0.77,7.34,NA,NA,NA,NA,NA,NA,NA,NA,NA,NA,NA,0.00,NA,NA,NA
2025-11-30 02:00:00,136.26,266.70,16.21,56.19,43.06,NA,NA,0.66,7.78,NA,NA,NA,NA,NA,NA,NA,NA,NA,NA,NA,0.00,NA,NA,NA
2025-11-30 03:00:00,135.02,243.27,17.58,45.23,38.35,NA,NA,0.61,6.19,NA,NA,NA,NA,NA,NA,NA,NA,NA,NA,NA,0.00,NA,NA,NA
2025-11-30 04:00:00,141.94,273.74,28.77,53.98,52.11,NA,NA,0.64,7.79,NA,NA,NA,NA,NA,NA,NA,NA,NA,NA,NA,0.00,NA,NA,NA
2025-11-30 05:00:00,148.67,274.52,22.19,51.32,45.33,NA,NA,0.55,8.47,NA,NA,NA,NA,NA,NA,NA,NA,NA,NA,NA,0.00,NA,NA,NA
2025-11-30 06:00:00,143.55,263.61,15.77,49.86,39.35,NA,NA,0.55,7.34,NA,NA,NA,NA,NA,NA,NA,NA,NA,NA,NA,0.00,NA,NA,NA
2025-11-30 07:00:00,145.83,249.81,21.76,35.80,36.74,NA,NA,0.52,9.12,NA,NA,NA,NA,NA,NA,NA,NA,NA,NA,NA,0.00,NA,NA,NA
2025-11-30 08:00:00,138.49,304.02,22.56,57.51,48.92,NA,NA,0.81,12.86,NA,NA,NA,NA,NA,NA,NA,NA,NA,NA,NA,0.00,NA,NA,NA
2025-11-30 09:00:00,186.71,339.88,12.72,55.75,40.00,NA,NA,0.63,20.86,NA,NA,NA,NA,NA,NA,NA,NA,NA,NA,NA,0.00,NA,NA,NA
2025-11-30 10:00:00,131.12,265.45,8.24,42.38,29.24,NA,NA,0.35,44.12,NA,NA,NA,NA,NA,NA,NA,NA,NA,NA,NA,0.00,NA,NA,NA
2025-11-30 11:00:00,97.88,242.06,7.84,38.79,27.00,NA,NA,0.30,53.17,NA,NA,NA,NA,NA,NA,NA,NA,NA,NA,NA,0.00,NA,NA,NA
2025-11-30 12:00:00,86.83,214.41,7.43,34.04,24.15,NA,NA,0.29,65.67,NA,NA,NA,NA,NA,NA,NA,NA,NA,NA,NA,0.00,NA,NA,NA
2025-11-30 13:00:00,87.99,238.62,7.26,28.43,21.02,NA,NA,0.24,71.63,NA,NA,NA,NA,NA,NA,NA,NA,NA,NA,NA,0.00,NA,NA,NA
2025-11-30 14:00:00,91.23,207.74,6.77,26.26,19.47,NA,NA,0.16,77.33,NA,NA,NA,NA,NA,NA,NA,NA,NA,NA,NA,0.00,NA,NA,NA
2025-11-30 15:00:00,91.53,158.64,6.96,21.56,17.12,NA,NA,0.08,76.12,NA,NA,NA,NA,NA,NA,NA,NA,NA,NA,NA,0.00,NA,NA,NA
2025-11-30 16:00:00,81.25,188.73,7.06,24.60,18.83,NA,NA,0.14,70.33,NA,NA,NA,NA,NA,NA,NA,NA,NA,NA,NA,0.00,NA,NA,NA
2025-11-30 17:00:00,79.19,179.53,7.19,30.63,22.14,NA,NA,0.16,36.49,NA,NA,NA,NA,NA,NA,NA,NA,NA,NA,NA,0.00,NA,NA,NA
2025-11-30 18:00:00,98.18,184.56,7.25,53.60,34.40,NA,NA,0.39,18.60,NA,NA,NA,NA,NA,NA,NA,NA,NA,NA,NA,0.00,NA,NA,NA
2025-11-30 19:00:00,133.76,317.92,8.94,75.43,47.39,NA,NA,0.64,14.23,NA,NA,NA,NA,NA,NA,NA,NA,NA,NA,NA,0.00,NA,NA,NA
2025-11-30 20:00:00,144.02,318.83,11.32,61.56,41.95,NA,NA,0.64,11.04,NA,NA,NA,NA,NA,NA,NA,NA,NA,NA,NA,0.00,NA,NA,NA
2025-11-30 21:00:00,151.10,254.78,9.79,44.86,31.82,NA,NA,0.58,11.37,NA,NA,NA,NA,NA,NA,NA,NA,NA,NA,NA,0.00,NA,NA,NA
2025-11-30 22:00:00,134.65,226.37,13.16,39.90,31.92,NA,NA,0.60,9.57,NA,NA,NA,NA,NA,NA,NA,NA,NA,NA,NA,0.00,NA,NA,NA
2025-11-30 23:00:00,129.45,224.22,14.92,36.23,31.40,NA,NA,0.67,8.58,NA,NA,NA,NA,NA,NA,NA,NA,NA,NA,NA,0.00,NA,NA,NA
2025-12-01 00:00:00,110.88,217.86,15.48,28.30,27.64,NA,NA,0.65,8.95,NA,NA,NA,NA,NA,NA,NA,NA,NA,NA,NA,0.00,NA,NA,NA
2025-12-01 01:00:00,131.29,207.20,12.77,24.10,23.20,NA,NA,0.60,9.00,NA,NA,NA,NA,NA,NA,NA,NA,NA,NA,NA,0.00,NA,NA,NA
2025-12-01 02:00:00,134.32,203.64,8.40,26.16,20.74,NA,NA,0.62,8.16,NA,NA,NA,NA,NA,NA,NA,NA,NA,NA,NA,0.00,NA,NA,NA
2025-12-01 03:00:00,120.90,214.39,8.32,28.75,22.06,NA,NA,0.70,7.63,NA,NA,NA,NA,NA,NA,NA,NA,NA,NA,NA,0.00,NA,NA,NA
2025-12-01 04:00:00,128.42,229.53,10.25,32.08,25.40,NA,NA,0.84,7.51,NA,NA,NA,NA,NA,NA,NA,NA,NA,NA,NA,0.00,NA,NA,NA
2025-12-01 05:00:00,151.26,224.86,14.71,30.17,28.00,NA,NA,0.85,7.21,NA,NA,NA,NA,NA,NA,NA,NA,NA,NA,NA,0.00,NA,NA,NA
2025-12-01 06:00:00,145.72,217.80,31.21,27.56,40.04,NA,NA,1.05,7.42,NA,NA,NA,NA,NA,NA,NA,NA,NA,NA,NA,0.00,NA,NA,NA
2025-12-01 07:00:00,160.00,267.16,36.39,19.20,39.81,NA,NA,1.29,10.24,NA,NA,NA,NA,NA,NA,NA,NA,NA,NA,NA,0.00,NA,NA,NA
2025-12-01 08:00:00,132.39,222.24,34.18,35.36,46.61,NA,NA,1.21,16.27,NA,NA,NA,NA,NA,NA,NA,NA,NA,NA,NA,0.00,NA,NA,NA
2025-12-01 09:00:00,179.41,270.94,31.44,91.79,74.39,NA,NA,1.06,8.94,NA,NA,NA,NA,NA,NA,NA,NA,NA,NA,NA,0.00,NA,NA,NA
2025-12-01 10:00:00,164.72,312.52,14.13,55.33,40.90,NA,NA,0.42,33.72,NA,NA,NA,NA,NA,NA,NA,NA,NA,NA,NA,0.00,NA,NA,NA
2025-12-01 11:00:00,81.04,214.14,9.16,36.48,26.85,NA,NA,0.28,57.40,NA,NA,NA,NA,NA,NA,NA,NA,NA,NA,NA,0.00,NA,NA,NA
2025-12-01 12:00:00,81.10,230.62,8.44,35.90,25.96,NA,NA,0.25,73.82,NA,NA,NA,NA,NA,NA,NA,NA,NA,NA,NA,0.00,NA,NA,NA
2025-12-01 13:00:00,81.59,233.56,7.93,39.02,27.20,NA,NA,0.32,90.38,NA,NA,NA,NA,NA,NA,NA,NA,NA,NA,NA,0.00,NA,NA,NA
2025-12-01 14:00:00,113.95,269.42,7.60,39.66,27.27,NA,NA,0.33,121.91,NA,NA,NA,NA,NA,NA,NA,NA,NA,NA,NA,0.00,NA,NA,NA
2025-12-01 15:00:00,121.84,285.64,7.62,35.39,25.01,NA,NA,0.28,112.05,NA,NA,NA,NA,NA,NA,NA,NA,NA,NA,NA,0.00,NA,NA,NA
2025-12-01 16:00:00,93.34,221.46,7.77,29.81,22.17,NA,NA,0.22,81.19,NA,NA,NA,NA,NA,NA,NA,NA,NA,NA,NA,0.00,NA,NA,NA
2025-12-01 17:00:00,87.22,207.88,7.96,29.98,22.42,NA,NA,0.22,43.01,NA,NA,NA,NA,NA,NA,NA,NA,NA,NA,NA,0.00,NA,NA,NA
2025-12-01 18:00:00,108.09,196.13,7.61,32.83,23.65,NA,NA,0.39,24.17,NA,NA,NA,NA,NA,NA,NA,NA,NA,NA,NA,0.00,NA,NA,NA
2025-12-01 19:00:00,131.59,221.02,9.94,41.94,30.40,NA,NA,0.64,18.84,NA,NA,NA,NA,NA,NA,NA,NA,NA,NA,NA,0.00,NA,NA,NA
2025-12-01 20:00:00,233.78,308.01,11.07,47.92,34.48,NA,NA,1.25,13.82,NA,NA,NA,NA,NA,NA,NA,NA,NA,NA,NA,0.00,NA,NA,NA
2025-12-01 21:00:00,213.63,308.13,11.63,51.88,37.05,NA,NA,1.16,9.39,NA,NA,NA,NA,NA,NA,NA,NA,NA,NA,NA,0.00,NA,NA,NA
2025-12-01 22:00:00,177.01,306.32,15.38,41.90,34.79,NA,NA,1.19,10.17,NA,NA,NA,NA,NA,NA,NA,NA,NA,NA,NA,0.00,NA,NA,NA
2025-12-01 23:00:00,184.86,301.74,12.21,41.32,31.92,NA,NA,1.07,11.42,NA,NA,NA,NA,NA,NA,NA,NA,NA,NA,NA,0.00,NA,NA,NA
2025-12-02 00:00:00,200.72,268.52,16.86,32.75,31.13,NA,NA,1.13,12.70,NA,NA,NA,NA,NA,NA,NA,NA,NA,NA,NA,0.00,NA,NA,NA
2025-12-02 01:00:00,179.23,263.33,11.92,20.24,20.46,NA,NA,0.92,10.46,NA,NA,NA,NA,NA,NA,NA,NA,NA,NA,NA,0.00,NA,NA,NA
2025-12-02 02:00:00,172.96,262.14,21.34,25.59,30.95,NA,NA,1.14,11.72,NA,NA,NA,NA,NA,NA,NA,NA,NA,NA,NA,0.00,NA,NA,NA
2025-12-02 03:00:00,244.79,327.34,17.38,30.68,30.45,NA,NA,1.30,10.40,NA,NA,NA,NA,NA,NA,NA,NA,NA,NA,NA,0.00,NA,NA,NA
2025-12-02 04:00:00,224.98,331.76,15.13,32.51,29.59,NA,NA,1.41,9.18,NA,NA,NA,NA,NA,NA,NA,NA,NA,NA,NA,0.00,NA,NA,NA
2025-12-02 05:00:00,244.40,354.90,12.56,34.46,28.54,NA,NA,1.27,8.15,NA,NA,NA,NA,NA,NA,NA,NA,NA,NA,NA,0.00,NA,NA,NA
2025-12-02 06:00:00,247.19,352.60,13.01,40.95,32.36,NA,NA,1.23,7.54,NA,NA,NA,NA,NA,NA,NA,NA,NA,NA,NA,0.00,NA,NA,NA
2025-12-02 07:00:00,262.24,380.06,12.73,33.20,28.00,NA,NA,1.11,8.68,NA,NA,NA,NA,NA,NA,NA,NA,NA,NA,NA,0.00,NA,NA,NA
2025-12-02 08:00:00,238.15,320.96,17.68,37.60,34.38,NA,NA,1.19,10.49,NA,NA,NA,NA,NA,NA,NA,NA,NA,NA,NA,0.00,NA,NA,NA
2025-12-02 09:00:00,212.60,335.67,11.94,42.14,32.12,NA,NA,0.72,16.13,NA,NA,NA,NA,NA,NA,NA,NA,NA,NA,NA,0.00,NA,NA,NA
2025-12-02 10:00:00,160.12,292.34,9.87,31.08,24.56,NA,NA,0.53,49.32,NA,NA,NA,NA,NA,NA,NA,NA,NA,NA,NA,0.00,NA,NA,NA
2025-12-02 11:00:00,147.20,253.98,9.33,26.30,21.56,NA,NA,0.42,62.58,NA,NA,NA,NA,NA,NA,NA,NA,NA,NA,NA,0.00,NA,NA,NA
2025-12-02 12:00:00,117.13,212.02,9.66,25.38,21.36,NA,NA,0.40,66.30,NA,NA,NA,NA,NA,NA,NA,NA,NA,NA,NA,0.00,NA,NA,NA
2025-12-02 13:00:00,128.28,236.22,10.23,26.33,22.33,NA,NA,0.42,73.24,NA,NA,NA,NA,NA,NA,NA,NA,NA,NA,NA,0.00,NA,NA,NA
2025-12-02 14:00:00,74.77,226.61,9.54,24.13,20.60,NA,NA,0.30,71.73,NA,NA,NA,NA,NA,NA,NA,NA,NA,NA,NA,0.00,NA,NA,NA
2025-12-02 15:00:00,90.28,199.15,9.99,22.59,20.14,NA,NA,0.31,80.56,NA,NA,NA,NA,NA,NA,NA,NA,NA,NA,NA,0.00,NA,NA,NA
2025-12-02 16:00:00,148.31,247.58,10.72,54.96,37.96,NA,NA,1.00,82.05,NA,NA,NA,NA,NA,NA,NA,NA,NA,NA,NA,0.00,NA,NA,NA
2025-12-02 17:00:00,298.28,518.81,10.22,73.17,47.22,NA,NA,1.69,44.79,NA,NA,NA,NA,NA,NA,NA,NA,NA,NA,NA,0.00,NA,NA,NA
2025-12-02 18:00:00,374.17,637.61,10.43,68.39,44.86,NA,NA,2.03,23.60,NA,NA,NA,NA,NA,NA,NA,NA,NA,NA,NA,0.00,NA,NA,NA
2025-12-02 19:00:00,310.31,549.83,11.58,54.43,38.36,NA,NA,1.66,12.78,NA,NA,NA,NA,NA,NA,NA,NA,NA,NA,NA,0.00,NA,NA,NA
2025-12-02 20:00:00,278.77,461.22,11.50,52.85,37.46,NA,NA,1.69,9.30,NA,NA,NA,NA,NA,NA,NA,NA,NA,NA,NA,0.00,NA,NA,NA
2025-12-02 21:00:00,262.84,479.38,13.09,60.78,42.97,NA,NA,2.26,8.66,NA,NA,NA,NA,NA,NA,NA,NA,NA,NA,NA,0.00,NA,NA,NA
2025-12-02 22:00:00,222.95,423.42,18.12,56.87,44.97,NA,NA,2.43,8.39,NA,NA,NA,NA,NA,NA,NA,NA,NA,NA,NA,0.00,NA,NA,NA
2025-12-02 23:00:00,228.62,396.68,19.08,53.76,44.11,NA,NA,2.35,7.39,NA,NA,NA,NA,NA,NA,NA,NA,NA,NA,NA,0.00,NA,NA,NA
2025-12-03 00:00:00,212.05,363.73,31.20,43.33,48.42,NA,NA,2.24,8.07,NA,NA,NA,NA,NA,NA,NA,NA,NA,NA,NA,0.00,NA,NA,NA
2025-12-03 01:00:00,178.84,319.02,25.76,37.77,41.03,NA,NA,2.08,7.05,NA,NA,NA,NA,NA,NA,NA,NA,NA,NA,NA,0.00,NA,NA,NA
2025-12-03 02:00:00,155.78,305.44,25.55,35.50,39.65,NA,NA,1.76,7.00,NA,NA,NA,NA,NA,NA,NA,NA,NA,NA,NA,0.00,NA,NA,NA
2025-12-03 03:00:00,181.15,284.94,23.39,33.97,37.09,NA,NA,1.37,6.98,NA,NA,NA,NA,NA,NA,NA,NA,NA,NA,NA,0.00,NA,NA,NA
2025-12-03 04:00:00,150.15,241.53,22.14,27.69,32.74,NA,NA,1.07,6.72,NA,NA,NA,NA,NA,NA,NA,NA,NA,NA,NA,0.00,NA,NA,NA
2025-12-03 05:00:00,149.95,216.62,17.95,24.12,27.42,NA,NA,0.92,6.77,NA,NA,NA,NA,NA,NA,NA,NA,NA,NA,NA,0.00,NA,NA,NA
2025-12-03 06:00:00,141.49,239.02,14.40,21.37,23.08,NA,NA,0.84,6.95,NA,NA,NA,NA,NA,NA,NA,NA,NA,NA,NA,0.00,NA,NA,NA
2025-12-03 07:00:00,130.82,241.36,14.73,16.98,21.01,NA,NA,0.81,9.42,NA,NA,NA,NA,NA,NA,NA,NA,NA,NA,NA,0.00,NA,NA,NA
2025-12-03 08:00:00,116.18,215.67,28.12,32.36,40.09,NA,NA,0.98,13.12,NA,NA,NA,NA,NA,NA,NA,NA,NA,NA,NA,0.00,NA,NA,NA
2025-12-03 09:00:00,163.08,329.25,28.54,77.80,64.58,NA,NA,1.17,13.44,NA,NA,NA,NA,NA,NA,NA,NA,NA,NA,NA,0.00,NA,NA,NA
2025-12-03 10:00:00,191.94,369.10,13.70,50.24,37.86,NA,NA,0.64,30.90,NA,NA,NA,NA,NA,NA,NA,NA,NA,NA,NA,0.00,NA,NA,NA
2025-12-03 11:00:00,123.28,264.00,11.13,35.31,27.84,NA,NA,0.51,57.82,NA,NA,NA,NA,NA,NA,NA,NA,NA,NA,NA,0.00,NA,NA,NA
2025-12-03 12:00:00,115.24,216.68,10.84,31.74,25.70,NA,NA,0.43,67.24,NA,NA,NA,NA,NA,NA,NA,NA,NA,NA,NA,0.00,NA,NA,NA
2025-12-03 13:00:00,97.26,229.02,10.66,29.91,24.57,NA,NA,0.36,76.80,NA,NA,NA,NA,NA,NA,NA,NA,NA,NA,NA,0.00,NA,NA,NA
2025-12-03 14:00:00,101.73,236.07,10.19,27.74,23.03,NA,NA,0.30,80.57,NA,NA,NA,NA,NA,NA,NA,NA,NA,NA,NA,0.00,NA,NA,NA
2025-12-03 15:00:00,91.12,187.81,9.91,21.37,19.43,NA,NA,0.19,76.09,NA,NA,NA,NA,NA,NA,NA,NA,NA,NA,NA,0.00,NA,NA,NA
2025-12-03 16:00:00,91.59,170.64,9.88,25.08,21.37,NA,NA,0.20,72.48,NA,NA,NA,NA,NA,NA,NA,NA,NA,NA,NA,0.00,NA,NA,NA
2025-12-03 17:00:00,97.44,191.04,10.24,31.00,24.82,NA,NA,0.26,36.20,NA,NA,NA,NA,NA,NA,NA,NA,NA,NA,NA,0.00,NA,NA,NA
2025-12-03 18:00:00,102.14,207.00,10.61,43.30,31.66,NA,NA,0.39,19.14,NA,NA,NA,NA,NA,NA,NA,NA,NA,NA,NA,0.00,NA,NA,NA
2025-12-03 19:00:00,129.24,253.19,14.61,54.51,40.88,NA,NA,0.62,11.81,NA,NA,NA,NA,NA,NA,NA,NA,NA,NA,NA,0.00,NA,NA,NA
2025-12-03 20:00:00,128.62,273.34,22.42,60.60,50.47,NA,NA,0.76,9.64,NA,NA,NA,NA,NA,NA,NA,NA,NA,NA,NA,0.00,NA,NA,NA
2025-12-03 21:00:00,158.94,305.64,38.73,66.58,66.91,NA,NA,1.40,8.90,NA,NA,NA,NA,NA,NA,NA,NA,NA,NA,NA,0.00,NA,NA,NA
2025-12-03 22:00:00,180.73,333.62,39.30,58.54,63.08,NA,NA,1.55,8.46,NA,NA,NA,NA,NA,NA,NA,NA,NA,NA,NA,0.00,NA,NA,NA
2025-12-03 23:00:00,157.65,289.47,30.25,48.71,50.50,NA,NA,1.25,7.60,NA,NA,NA,NA,NA,NA,NA,NA,NA,NA,NA,0.00,NA,NA,NA
2025-12-04 00:00:00,144.04,289.17,48.43,48.90,65.39,NA,NA,1.74,8.33,NA,NA,NA,NA,NA,NA,NA,NA,NA,NA,NA,0.00,NA,NA,NA
2025-12-04 01:00:00,167.44,322.14,36.93,41.42,52.05,NA,NA,1.55,8.01,NA,NA,NA,NA,NA,NA,NA,NA,NA,NA,NA,0.00,NA,NA,NA
2025-12-04 02:00:00,154.46,283.14,38.48,46.85,56.22,NA,NA,1.33,8.07,NA,NA,NA,NA,NA,NA,NA,NA,NA,NA,NA,0.00,NA,NA,NA
2025-12-04 03:00:00,145.20,293.93,45.78,35.67,56.18,NA,NA,1.33,7.31,NA,NA,NA,NA,NA,NA,NA,NA,NA,NA,NA,0.00,NA,NA,NA
2025-12-04 04:00:00,153.61,280.44,36.42,39.21,50.46,NA,NA,1.02,7.86,NA,NA,NA,NA,NA,NA,NA,NA,NA,NA,NA,0.00,NA,NA,NA
2025-12-04 05:00:00,151.42,278.05,33.74,32.79,44.87,NA,NA,0.90,7.50,NA,NA,NA,NA,NA,NA,NA,NA,NA,NA,NA,0.00,NA,NA,NA
2025-12-04 06:00:00,138.44,250.79,25.06,35.02,39.00,NA,NA,0.78,7.64,NA,NA,NA,NA,NA,NA,NA,NA,NA,NA,NA,0.00,NA,NA,NA
2025-12-04 07:00:00,137.71,255.22,24.12,43.68,42.85,NA,NA,0.86,10.91,NA,NA,NA,NA,NA,NA,NA,NA,NA,NA,NA,0.00,NA,NA,NA
2025-12-04 08:00:00,146.40,319.89,26.97,51.04,49.07,NA,NA,1.03,13.17,NA,NA,NA,NA,NA,NA,NA,NA,NA,NA,NA,0.00,NA,NA,NA
2025-12-04 09:00:00,187.00,332.37,19.78,64.09,50.17,NA,NA,0.80,16.07,NA,NA,NA,NA,NA,NA,NA,NA,NA,NA,NA,0.00,NA,NA,NA
2025-12-04 10:00:00,154.46,296.20,16.90,36.49,33.15,NA,NA,0.48,39.62,NA,NA,NA,NA,NA,NA,NA,NA,NA,NA,NA,0.00,NA,NA,NA
2025-12-04 11:00:00,115.12,243.89,11.70,24.73,22.66,NA,NA,0.42,53.07,NA,NA,NA,NA,NA,NA,NA,NA,NA,NA,NA,0.00,NA,NA,NA
2025-12-04 12:00:00,99.05,249.33,10.52,20.83,19.63,NA,NA,0.40,58.80,NA,NA,NA,NA,NA,NA,NA,NA,NA,NA,NA,0.00,NA,NA,NA
2025-12-04 13:00:00,99.86,224.25,11.47,22.85,21.48,NA,NA,0.35,36.17,NA,NA,NA,NA,NA,NA,NA,NA,NA,NA,NA,0.00,NA,NA,NA
2025-12-04 14:00:00,86.30,206.14,10.34,21.66,19.92,NA,NA,0.34,55.56,NA,NA,NA,NA,NA,NA,NA,NA,NA,NA,NA,0.00,NA,NA,NA
2025-12-04 15:00:00,102.16,201.00,14.74,14.81,19.85,NA,NA,0.26,72.04,NA,NA,NA,NA,NA,NA,NA,NA,NA,NA,NA,0.00,NA,NA,NA
2025-12-04 16:00:00,99.97,187.28,10.03,14.76,16.01,NA,NA,0.24,74.36,NA,NA,NA,NA,NA,NA,NA,NA,NA,NA,NA,0.00,NA,NA,NA
2025-12-04 17:00:00,110.95,195.72,9.90,14.57,15.80,NA,NA,0.26,49.56,NA,NA,NA,NA,NA,NA,NA,NA,NA,NA,NA,0.00,NA,NA,NA
2025-12-04 18:00:00,115.75,229.05,10.06,17.43,17.45,NA,NA,0.28,17.71,NA,NA,NA,NA,NA,NA,NA,NA,NA,NA,NA,0.00,NA,NA,NA
2025-12-04 19:00:00,129.21,251.90,15.40,19.98,23.16,NA,NA,0.32,12.14,NA,NA,NA,NA,NA,NA,NA,NA,NA,NA,NA,0.00,NA,NA,NA
2025-12-04 20:00:00,156.34,297.18,22.63,21.18,29.66,NA,NA,0.42,9.54,NA,NA,NA,NA,NA,NA,NA,NA,NA,NA,NA,0.00,NA,NA,NA
2025-12-04 21:00:00,168.41,288.56,22.83,21.98,30.25,NA,NA,0.53,9.82,NA,NA,NA,NA,NA,NA,NA,NA,NA,NA,NA,0.00,NA,NA,NA
2025-12-04 22:00:00,180.59,323.72,22.88,21.38,29.98,NA,NA,0.64,7.76,NA,NA,NA,NA,NA,NA,NA,NA,NA,NA,NA,0.00,NA,NA,NA
2025-12-04 23:00:00,165.14,311.58,23.40,21.78,30.60,NA,NA,0.74,8.02,NA,NA,NA,NA,NA,NA,NA,NA,NA,NA,NA,0.00,NA,NA,NA
2025-12-05 00:00:00,168.86,272.22,19.08,19.92,26.11,NA,NA,0.89,7.98,NA,NA,NA,NA,NA,NA,NA,NA,NA,NA,NA,0.00,NA,NA,NA
2025-12-05 01:00:00,165.38,288.40,14.29,18.91,21.67,NA,NA,0.98,7.84,NA,NA,NA,NA,NA,NA,NA,NA,NA,NA,NA,0.00,NA,NA,NA
2025-12-05 02:00:00,164.13,312.69,20.70,18.96,26.92,NA,NA,1.18,8.25,NA,NA,NA,NA,NA,NA,NA,NA,NA,NA,NA,0.00,NA,NA,NA
2025-12-05 03:00:00,185.88,357.52,34.73,17.66,37.63,NA,NA,1.42,7.96,NA,NA,NA,NA,NA,NA,NA,NA,NA,NA,NA,0.00,NA,NA,NA
2025-12-05 04:00:00,202.97,351.42,48.33,15.44,47.51,NA,NA,1.64,7.97,NA,NA,NA,NA,NA,NA,NA,NA,NA,NA,NA,0.00,NA,NA,NA
2025-12-05 05:00:00,201.61,321.63,59.24,15.36,56.34,NA,NA,1.72,8.81,NA,NA,NA,NA,NA,NA,NA,NA,NA,NA,NA,0.00,NA,NA,NA
2025-12-05 06:00:00,182.58,301.11,67.30,14.06,62.20,NA,NA,1.73,9.10,NA,NA,NA,NA,NA,NA,NA,NA,NA,NA,NA,0.00,NA,NA,NA
2025-12-05 07:00:00,165.11,296.33,67.61,12.67,61.71,NA,NA,1.62,9.13,NA,NA,NA,NA,NA,NA,NA,NA,NA,NA,NA,0.00,NA,NA,NA
2025-12-05 08:00:00,159.86,280.76,63.20,15.20,59.46,NA,NA,1.50,13.51,NA,NA,NA,NA,NA,NA,NA,NA,NA,NA,NA,0.00,NA,NA,NA
2025-12-05 09:00:00,204.22,360.66,55.26,31.54,61.70,NA,NA,1.48,14.57,NA,NA,NA,NA,NA,NA,NA,NA,NA,NA,NA,0.00,NA,NA,NA
2025-12-05 10:00:00,235.20,466.29,34.70,47.64,53.54,NA,NA,1.47,36.45,NA,NA,NA,NA,NA,NA,NA,NA,NA,NA,NA,0.00,NA,NA,NA
2025-12-05 11:00:00,156.84,357.43,16.13,50.98,40.22,NA,NA,1.25,53.55,NA,NA,NA,NA,NA,NA,NA,NA,NA,NA,NA,0.00,NA,NA,NA
2025-12-05 12:00:00,111.07,231.16,11.40,38.23,29.60,NA,NA,1.01,68.43,NA,NA,NA,NA,NA,NA,NA,NA,NA,NA,NA,0.00,NA,NA,NA
2025-12-05 13:00:00,97.70,204.30,11.05,28.76,24.28,NA,NA,0.84,77.13,NA,NA,NA,NA,NA,NA,NA,NA,NA,NA,NA,0.00,NA,NA,NA
2025-12-05 14:00:00,73.88,179.48,11.12,22.96,21.26,NA,NA,0.70,79.96,NA,NA,NA,NA,NA,NA,NA,NA,NA,NA,NA,0.00,NA,NA,NA
2025-12-05 15:00:00,83.87,174.75,10.78,21.58,20.24,NA,NA,0.62,88.49,NA,NA,NA,NA,NA,NA,NA,NA,NA,NA,NA,0.00,NA,NA,NA
2025-12-05 16:00:00,105.74,232.57,10.42,21.19,19.74,NA,NA,0.60,85.49,NA,NA,NA,NA,NA,NA,NA,NA,NA,NA,NA,0.00,NA,NA,NA
2025-12-05 17:00:00,136.64,262.64,10.51,21.78,20.13,NA,NA,0.60,42.60,NA,NA,NA,NA,NA,NA,NA,NA,NA,NA,NA,0.00,NA,NA,NA
2025-12-05 18:00:00,149.26,271.30,10.93,21.88,20.53,NA,NA,0.60,22.83,NA,NA,NA,NA,NA,NA,NA,NA,NA,NA,NA,0.00,NA,NA,NA
2025-12-05 19:00:00,161.83,309.87,19.31,23.84,28.38,NA,NA,0.62,14.37,NA,NA,NA,NA,NA,NA,NA,NA,NA,NA,NA,0.00,NA,NA,NA
2025-12-05 20:00:00,191.59,356.70,14.60,27.08,26.27,NA,NA,0.74,9.62,NA,NA,NA,NA,NA,NA,NA,NA,NA,NA,NA,0.00,NA,NA,NA
2025-12-05 21:00:00,188.36,371.17,23.23,28.72,34.16,NA,NA,0.96,8.16,NA,NA,NA,NA,NA,NA,NA,NA,NA,NA,NA,0.00,NA,NA,NA
2025-12-05 22:00:00,228.67,426.99,33.59,30.32,43.45,NA,NA,1.32,9.25,NA,NA,NA,NA,NA,NA,NA,NA,NA,NA,NA,0.00,NA,NA,NA
2025-12-05 23:00:00,230.53,436.01,43.94,31.40,52.43,NA,NA,1.70,8.75,NA,NA,NA,NA,NA,NA,NA,NA,NA,NA,NA,0.00,NA,NA,NA
2025-12-06 00:00:00,217.30,417.10,47.29,30.20,54.51,NA,NA,1.83,7.91,NA,NA,NA,NA,NA,NA,NA,NA,NA,NA,NA,0.00,NA,NA,NA
2025-12-06 01:00:00,179.88,314.40,44.94,27.38,51.10,NA,NA,1.74,6.84,NA,NA,NA,NA,NA,NA,NA,NA,NA,NA,NA,0.00,NA,NA,NA
2025-12-06 02:00:00,156.44,295.50,40.64,24.30,45.96,NA,NA,1.61,8.12,NA,NA,NA,NA,NA,NA,NA,NA,NA,NA,NA,0.00,NA,NA,NA
2025-12-06 03:00:00,148.41,309.97,36.38,24.71,42.72,NA,NA,1.47,7.52,NA,NA,NA,NA,NA,NA,NA,NA,NA,NA,NA,0.00,NA,NA,NA
2025-12-06 04:00:00,157.36,277.48,32.34,22.85,38.44,NA,NA,1.31,7.82,NA,NA,NA,NA,NA,NA,NA,NA,NA,NA,NA,0.00,NA,NA,NA
2025-12-06 05:00:00,137.08,244.18,26.39,21.81,33.05,NA,NA,1.13,11.19,NA,NA,NA,NA,NA,NA,NA,NA,NA,NA,NA,0.00,NA,NA,NA
2025-12-06 06:00:00,128.63,268.10,21.94,21.54,29.30,NA,NA,0.99,17.82,NA,NA,NA,NA,NA,NA,NA,NA,NA,NA,NA,0.00,NA,NA,NA
2025-12-06 07:00:00,156.03,297.75,23.92,23.83,32.12,NA,NA,0.93,13.79,NA,NA,NA,NA,NA,NA,NA,NA,NA,NA,NA,0.00,NA,NA,NA
2025-12-06 08:00:00,180.08,310.48,25.99,27.85,35.94,NA,NA,0.94,18.61,NA,NA,NA,NA,NA,NA,NA,NA,NA,NA,NA,0.00,NA,NA,NA
2025-12-06 09:00:00,179.56,341.67,14.82,27.50,26.67,NA,NA,0.90,24.98,NA,NA,NA,NA,NA,NA,NA,NA,NA,NA,NA,0.00,NA,NA,NA
2025-12-06 10:00:00,146.71,285.79,11.48,25.16,22.72,NA,NA,0.82,40.32,NA,NA,NA,NA,NA,NA,NA,NA,NA,NA,NA,0.00,NA,NA,NA
2025-12-06 11:00:00,123.21,263.64,10.76,23.97,21.50,NA,NA,0.76,45.97,NA,NA,NA,NA,NA,NA,NA,NA,NA,NA,NA,0.00,NA,NA,NA
2025-12-06 12:00:00,101.48,238.24,11.18,22.64,21.13,NA,NA,0.66,54.24,NA,NA,NA,NA,NA,NA,NA,NA,NA,NA,NA,0.00,NA,NA,NA
2025-12-06 13:00:00,81.22,223.20,10.64,20.84,19.74,NA,NA,0.55,61.25,NA,NA,NA,NA,NA,NA,NA,NA,NA,NA,NA,0.00,NA,NA,NA
2025-12-06 14:00:00,48.95,189.98,10.36,19.00,18.53,NA,NA,0.41,62.94,NA,NA,NA,NA,NA,NA,NA,NA,NA,NA,NA,0.00,NA,NA,NA
2025-12-06 15:00:00,62.25,144.76,25.41,18.23,30.35,NA,NA,0.28,72.37,NA,NA,NA,NA,NA,NA,NA,NA,NA,NA,NA,0.00,NA,NA,NA
2025-12-06 16:00:00,90.22,222.19,12.49,22.31,22.02,NA,NA,0.24,76.53,NA,NA,NA,NA,NA,NA,NA,NA,NA,NA,NA,0.00,NA,NA,NA
2025-12-06 17:00:00,85.08,203.42,10.54,32.88,26.06,NA,NA,0.29,57.92,NA,NA,NA,NA,NA,NA,NA,NA,NA,NA,NA,0.00,NA,NA,NA
2025-12-06 18:00:00,100.31,261.00,10.75,41.14,30.62,NA,NA,0.40,40.67,NA,NA,NA,NA,NA,NA,NA,NA,NA,NA,NA,0.00,NA,NA,NA
2025-12-06 19:00:00,130.95,313.04,10.67,37.30,28.51,NA,NA,0.50,28.56,NA,NA,NA,NA,NA,NA,NA,NA,NA,NA,NA,0.00,NA,NA,NA
2025-12-06 20:00:00,177.66,357.42,11.97,39.73,30.87,NA,NA,0.68,12.12,NA,NA,NA,NA,NA,NA,NA,NA,NA,NA,NA,0.00,NA,NA,NA
2025-12-06 21:00:00,209.37,421.05,17.22,42.18,36.44,NA,NA,0.79,10.41,NA,NA,NA,NA,NA,NA,NA,NA,NA,NA,NA,0.00,NA,NA,NA
2025-12-06 22:00:00,190.96,357.44,21.11,38.83,37.82,NA,NA,0.83,20.49,NA,NA,NA,NA,NA,NA,NA,NA,NA,NA,NA,0.00,NA,NA,NA
2025-12-06 23:00:00,180.06,352.74,17.73,37.93,34.59,NA,NA,0.93,12.96,NA,NA,NA,NA,NA,NA,NA,NA,NA,NA,NA,0.00,NA,NA,NA
2025-12-07 00:00:00,196.04,414.08,18.06,38.93,35.39,NA,NA,1.02,9.23,NA,NA,NA,NA,NA,NA,NA,NA,NA,NA,NA,0.00,NA,NA,NA
2025-12-07 01:00:00,186.54,333.74,16.86,38.53,34.20,NA,NA,1.06,7.20,NA,NA,NA,NA,NA,NA,NA,NA,NA,NA,NA,0.00,NA,NA,NA
2025-12-07 02:00:00,156.65,282.02,15.22,35.27,31.13,NA,NA,0.99,10.52,NA,NA,NA,NA,NA,NA,NA,NA,NA,NA,NA,0.00,NA,NA,NA
2025-12-07 03:00:00,134.05,266.86,15.71,32.85,30.25,NA,NA,0.90,12.91,NA,NA,NA,NA,NA,NA,NA,NA,NA,NA,NA,0.00,NA,NA,NA
2025-12-07 04:00:00,148.46,275.99,14.50,31.60,28.60,NA,NA,0.84,11.14,NA,NA,NA,NA,NA,NA,NA,NA,NA,NA,NA,0.00,NA,NA,NA
2025-12-07 05:00:00,145.24,251.93,13.66,29.98,27.05,NA,NA,0.76,10.89,NA,NA,NA,NA,NA,NA,NA,NA,NA,NA,NA,0.00,NA,NA,NA
2025-12-07 06:00:00,140.01,229.72,12.15,25.98,23.70,NA,NA,0.71,14.16,NA,NA,NA,NA,NA,NA,NA,NA,NA,NA,NA,0.00,NA,NA,NA
2025-12-07 07:00:00,128.18,251.20,11.23,23.48,21.62,NA,NA,0.65,18.71,NA,NA,NA,NA,NA,NA,NA,NA,NA,NA,NA,0.00,NA,NA,NA
2025-12-07 08:00:00,125.80,260.64,14.84,23.31,24.46,NA,NA,0.64,25.01,NA,NA,NA,NA,NA,NA,NA,NA,NA,NA,NA,0.00,NA,NA,NA
2025-12-07 09:00:00,134.00,319.27,13.30,22.80,22.94,NA,NA,0.68,34.11,NA,NA,NA,NA,NA,NA,NA,NA,NA,NA,NA,0.00,NA,NA,NA
2025-12-07 10:00:00,154.24,334.93,12.26,21.30,21.30,NA,NA,0.70,40.46,NA,NA,NA,NA,NA,NA,NA,NA,NA,NA,NA,0.00,NA,NA,NA
2025-12-07 11:00:00,128.24,281.54,10.77,21.62,20.26,NA,NA,0.68,46.74,NA,NA,NA,NA,NA,NA,NA,NA,NA,NA,NA,0.00,NA,NA,NA
2025-12-07 12:00:00,112.90,231.25,11.13,22.09,20.81,NA,NA,0.60,50.46,NA,NA,NA,NA,NA,NA,NA,NA,NA,NA,NA,0.00,NA,NA,NA
2025-12-07 13:00:00,89.59,226.61,11.01,21.77,20.53,NA,NA,0.56,59.45,NA,NA,NA,NA,NA,NA,NA,NA,NA,NA,NA,0.00,NA,NA,NA
2025-12-07 14:00:00,88.70,246.28,11.69,17.32,18.72,NA,NA,0.50,66.22,NA,NA,NA,NA,NA,NA,NA,NA,NA,NA,NA,0.00,NA,NA,NA
2025-12-07 15:00:00,93.52,218.63,10.56,19.46,18.94,NA,NA,0.48,69.72,NA,NA,NA,NA,NA,NA,NA,NA,NA,NA,NA,0.00,NA,NA,NA
2025-12-07 16:00:00,106.30,212.13,10.90,20.05,19.53,NA,NA,0.50,58.38,NA,NA,NA,NA,NA,NA,NA,NA,NA,NA,NA,0.00,NA,NA,NA
2025-12-07 17:00:00,111.56,241.31,10.25,20.82,19.41,NA,NA,0.49,40.12,NA,NA,NA,NA,NA,NA,NA,NA,NA,NA,NA,0.00,NA,NA,NA
2025-12-07 18:00:00,131.07,334.98,12.10,27.20,24.30,NA,NA,0.57,20.35,NA,NA,NA,NA,NA,NA,NA,NA,NA,NA,NA,0.00,NA,NA,NA
2025-12-07 19:00:00,153.12,389.74,13.88,31.83,28.22,NA,NA,0.68,14.73,NA,NA,NA,NA,NA,NA,NA,NA,NA,NA,NA,0.00,NA,NA,NA
2025-12-07 20:00:00,184.39,450.24,15.28,35.38,31.25,NA,NA,0.86,11.04,NA,NA,NA,NA,NA,NA,NA,NA,NA,NA,NA,0.00,NA,NA,NA
2025-12-07 21:00:00,220.66,438.36,15.10,35.51,31.16,NA,NA,0.99,9.62,NA,NA,NA,NA,NA,NA,NA,NA,NA,NA,NA,0.00,NA,NA,NA
2025-12-07 22:00:00,202.48,402.88,14.23,33.06,29.16,NA,NA,1.04,7.35,NA,NA,NA,NA,NA,NA,NA,NA,NA,NA,NA,0.00,NA,NA,NA
2025-12-07 23:00:00,167.65,356.54,19.21,31.34,32.30,NA,NA,1.11,6.22,NA,NA,NA,NA,NA,NA,NA,NA,NA,NA,NA,0.00,NA,NA,NA
2025-12-08 00:00:00,168.57,309.79,21.35,28.65,32.60,NA,NA,1.13,12.50,NA,NA,NA,NA,NA,NA,NA,NA,NA,NA,NA,0.00,NA,NA,NA
2025-12-08 01:00:00,151.28,270.30,14.85,26.28,26.06,NA,NA,1.09,16.45,NA,NA,NA,NA,NA,NA,NA,NA,NA,NA,NA,0.00,NA,NA,NA
2025-12-08 02:00:00,130.50,231.62,12.54,24.06,22.99,NA,NA,1.01,17.53,NA,NA,NA,NA,NA,NA,NA,NA,NA,NA,NA,0.00,NA,NA,NA
2025-12-08 03:00:00,112.05,201.89,11.47,22.86,21.48,NA,NA,0.89,9.78,NA,NA,NA,NA,NA,NA,NA,NA,NA,NA,NA,0.00,NA,NA,NA
2025-12-08 04:00:00,138.57,213.22,15.39,24.51,25.54,NA,NA,0.82,10.96,NA,NA,NA,NA,NA,NA,NA,NA,NA,NA,NA,0.00,NA,NA,NA
2025-12-08 05:00:00,144.33,242.00,16.47,21.06,24.60,NA,NA,0.75,12.53,NA,NA,NA,NA,NA,NA,NA,NA,NA,NA,NA,0.00,NA,NA,NA
2025-12-08 06:00:00,127.15,247.99,12.55,18.84,20.23,NA,NA,0.73,12.68,NA,NA,NA,NA,NA,NA,NA,NA,NA,NA,NA,0.00,NA,NA,NA
2025-12-08 07:00:00,128.99,236.94,11.96,18.54,19.59,NA,NA,0.72,11.56,NA,NA,NA,NA,NA,NA,NA,NA,NA,NA,NA,0.00,NA,NA,NA
2025-12-08 08:00:00,134.94,248.20,13.84,19.78,21.77,NA,NA,0.72,13.10,NA,NA,NA,NA,NA,NA,NA,NA,NA,NA,NA,0.00,NA,NA,NA
2025-12-08 09:00:00,138.12,288.34,17.74,22.45,26.37,NA,NA,0.74,24.64,NA,NA,NA,NA,NA,NA,NA,NA,NA,NA,NA,0.00,NA,NA,NA
2025-12-08 10:00:00,171.05,374.64,12.41,23.10,22.38,NA,NA,0.78,44.72,NA,NA,NA,NA,NA,NA,NA,NA,NA,NA,NA,0.00,NA,NA,NA
2025-12-08 11:00:00,173.73,355.04,11.44,24.40,22.28,NA,NA,0.84,53.77,NA,NA,NA,NA,NA,NA,NA,NA,NA,NA,NA,0.00,NA,NA,NA
2025-12-08 12:00:00,138.28,298.62,10.77,24.52,21.80,NA,NA,0.84,62.53,NA,NA,NA,NA,NA,NA,NA,NA,NA,NA,NA,0.00,NA,NA,NA
2025-12-08 13:00:00,116.15,257.15,10.12,23.19,20.56,NA,NA,0.77,66.73,NA,NA,NA,NA,NA,NA,NA,NA,NA,NA,NA,0.00,NA,NA,NA
2025-12-08 14:00:00,99.91,233.12,10.50,21.82,20.15,NA,NA,0.68,75.05,NA,NA,NA,NA,NA,NA,NA,NA,NA,NA,NA,0.00,NA,NA,NA
2025-12-08 15:00:00,110.89,226.58,11.26,18.10,18.78,NA,NA,0.60,78.60,NA,NA,NA,NA,NA,NA,NA,NA,NA,NA,NA,0.00,NA,NA,NA
2025-12-08 16:00:00,101.46,213.74,10.90,18.40,18.65,NA,NA,0.57,76.25,NA,NA,NA,NA,NA,NA,NA,NA,NA,NA,NA,0.00,NA,NA,NA
2025-12-08 17:00:00,99.72,232.49,9.96,21.96,19.79,NA,NA,0.57,62.91,NA,NA,NA,NA,NA,NA,NA,NA,NA,NA,NA,0.00,NA,NA,NA
2025-12-08 18:00:00,83.34,205.56,10.14,22.00,19.95,NA,NA,0.53,64.50,NA,NA,NA,NA,NA,NA,NA,NA,NA,NA,NA,0.00,NA,NA,NA
2025-12-08 19:00:00,108.85,235.14,11.58,21.44,20.82,NA,NA,0.54,54.64,NA,NA,NA,NA,NA,NA,NA,NA,NA,NA,NA,0.00,NA,NA,NA
2025-12-08 20:00:00,128.01,293.12,11.50,24.01,22.12,NA,NA,0.59,29.02,NA,NA,NA,NA,NA,NA,NA,NA,NA,NA,NA,0.00,NA,NA,NA
2025-12-08 21:00:00,146.98,308.43,11.16,26.64,23.24,NA,NA,0.70,18.93,NA,NA,NA,NA,NA,NA,NA,NA,NA,NA,NA,0.00,NA,NA,NA
2025-12-08 22:00:00,147.09,262.97,10.86,23.40,21.28,NA,NA,0.74,31.20,NA,NA,NA,NA,NA,NA,NA,NA,NA,NA,NA,0.00,NA,NA,NA
2025-12-08 23:00:00,127.70,230.94,10.57,22.23,20.41,NA,NA,0.72,45.04,NA,NA,NA,NA,NA,NA,NA,NA,NA,NA,NA,0.00,NA,NA,NA
2025-12-09 00:00:00,93.37,181.45,17.36,22.08,25.86,NA,NA,0.65,44.40,NA,NA,NA,NA,NA,NA,NA,NA,NA,NA,NA,0.00,NA,NA,NA
2025-12-09 01:00:00,110.66,229.59,15.07,22.98,24.47,NA,NA,0.62,26.49,NA,NA,NA,NA,NA,NA,NA,NA,NA,NA,NA,0.00,NA,NA,NA
2025-12-09 02:00:00,100.89,232.56,11.71,23.72,22.13,NA,NA,0.62,26.41,NA,NA,NA,NA,NA,NA,NA,NA,NA,NA,NA,0.00,NA,NA,NA
2025-12-09 03:00:00,121.42,220.82,10.75,26.01,22.58,NA,NA,0.64,17.44,NA,NA,NA,NA,NA,NA,NA,NA,NA,NA,NA,0.00,NA,NA,NA
2025-12-09 04:00:00,121.57,210.98,11.36,30.07,25.23,NA,NA,0.59,19.49,NA,NA,NA,NA,NA,NA,NA,NA,NA,NA,NA,0.00,NA,NA,NA
2025-12-09 05:00:00,149.18,213.74,19.84,28.08,31.08,NA,NA,0.59,26.24,NA,NA,NA,NA,NA,NA,NA,NA,NA,NA,NA,0.00,NA,NA,NA
2025-12-09 06:00:00,133.90,261.84,13.98,24.81,24.56,NA,NA,0.61,31.83,NA,NA,NA,NA,NA,NA,NA,NA,NA,NA,NA,0.00,NA,NA,NA
2025-12-09 07:00:00,144.89,287.40,11.56,27.41,23.98,NA,NA,0.68,23.99,NA,NA,NA,NA,NA,NA,NA,NA,NA,NA,NA,0.00,NA,NA,NA
2025-12-09 08:00:00,160.37,314.50,12.18,28.91,25.28,NA,NA,0.76,23.19,NA,NA,NA,NA,NA,NA,NA,NA,NA,NA,NA,0.00,NA,NA,NA
2025-12-09 09:00:00,148.64,343.12,11.58,27.64,24.12,NA,NA,0.76,31.45,NA,NA,NA,NA,NA,NA,NA,NA,NA,NA,NA,0.00,NA,NA,NA
2025-12-09 10:00:00,127.18,293.63,10.96,27.14,23.35,NA,NA,0.68,39.06,NA,NA,NA,NA,NA,NA,NA,NA,NA,NA,NA,0.00,NA,NA,NA
2025-12-09 11:00:00,109.22,272.11,15.43,24.80,25.74,NA,NA,0.71,46.24,NA,NA,NA,NA,NA,NA,NA,NA,NA,NA,NA,0.00,NA,NA,NA
2025-12-09 12:00:00,92.62,255.87,14.93,19.86,22.68,NA,NA,0.89,50.89,NA,NA,NA,NA,NA,NA,NA,NA,NA,NA,NA,0.00,NA,NA,NA
2025-12-09 13:00:00,64.26,202.18,NA,NA,NA,NA,NA,0.63,58.82,NA,NA,NA,NA,NA,NA,NA,NA,NA,NA,NA,0.00,NA,NA,NA
2025-12-09 14:00:00,50.76,169.59,6.88,18.33,15.35,NA,NA,0.38,70.22,NA,NA,NA,NA,NA,NA,NA,NA,NA,NA,NA,0.00,NA,NA,NA
2025-12-09 15:00:00,58.39,158.40,7.40,17.12,15.12,NA,NA,NA,73.58,NA,NA,NA,NA,NA,NA,NA,NA,NA,NA,NA,0.00,NA,NA,NA
2025-12-09 16:00:00,54.48,186.70,68.41,20.44,66.77,NA,NA,0.17,70.56,NA,NA,NA,NA,NA,NA,NA,NA,NA,NA,NA,0.00,NA,NA,NA
2025-12-09 17:00:00,69.55,183.68,6.92,28.43,20.76,NA,NA,0.31,54.87,NA,NA,NA,NA,NA,NA,NA,NA,NA,NA,NA,0.00,NA,NA,NA
2025-12-09 18:00:00,87.29,189.01,6.39,32.16,22.30,NA,NA,0.36,37.19,NA,NA,NA,NA,NA,NA,NA,NA,NA,NA,NA,0.00,NA,NA,NA
2025-12-09 19:00:00,109.43,251.65,7.70,33.70,24.19,NA,NA,0.42,21.24,NA,NA,NA,NA,NA,NA,NA,NA,NA,NA,NA,0.00,NA,NA,NA
2025-12-09 20:00:00,133.06,315.83,11.17,36.54,28.52,NA,NA,0.59,12.57,NA,NA,NA,NA,NA,NA,NA,NA,NA,NA,NA,0.00,NA,NA,NA
2025-12-09 21:00:00,157.01,390.97,16.80,40.08,34.99,NA,NA,0.82,10.09,NA,NA,NA,NA,NA,NA,NA,NA,NA,NA,NA,0.00,NA,NA,NA
2025-12-09 22:00:00,162.12,390.29,17.70,43.21,37.37,NA,NA,1.03,8.70,NA,NA,NA,NA,NA,NA,NA,NA,NA,NA,NA,0.00,NA,NA,NA
2025-12-09 23:00:00,162.44,317.86,16.05,40.20,34.43,NA,NA,1.04,9.77,NA,NA,NA,NA,NA,NA,NA,NA,NA,NA,NA,0.00,NA,NA,NA
2025-12-10 00:00:00,107.06,219.77,13.84,36.36,30.59,NA,NA,0.94,23.90,NA,NA,NA,NA,NA,NA,NA,NA,NA,NA,NA,0.00,NA,NA,NA
2025-12-10 01:00:00,74.84,168.87,10.76,30.26,24.84,NA,NA,0.80,43.54,NA,NA,NA,NA,NA,NA,NA,NA,NA,NA,NA,0.00,NA,NA,NA
2025-12-10 02:00:00,67.57,178.82,8.70,26.30,21.06,NA,NA,0.70,47.63,NA,NA,NA,NA,NA,NA,NA,NA,NA,NA,NA,0.00,NA,NA,NA
2025-12-10 03:00:00,78.43,167.06,7.16,25.05,19.14,NA,NA,0.61,44.53,NA,NA,NA,NA,NA,NA,NA,NA,NA,NA,NA,0.00,NA,NA,NA
2025-12-10 04:00:00,90.91,154.53,7.01,23.78,18.35,NA,NA,0.50,44.93,NA,NA,NA,NA,NA,NA,NA,NA,NA,NA,NA,0.00,NA,NA,NA
2025-12-10 05:00:00,104.12,159.22,7.65,26.01,20.07,NA,NA,0.43,25.09,NA,NA,NA,NA,NA,NA,NA,NA,NA,NA,NA,0.00,NA,NA,NA
2025-12-10 06:00:00,107.54,178.00,8.62,27.64,21.70,NA,NA,0.44,22.47,NA,NA,NA,NA,NA,NA,NA,NA,NA,NA,NA,0.00,NA,NA,NA
2025-12-10 07:00:00,110.33,232.83,8.57,27.96,21.84,NA,NA,0.49,25.98,NA,NA,NA,NA,NA,NA,NA,NA,NA,NA,NA,0.00,NA,NA,NA
2025-12-10 08:00:00,109.13,236.12,8.56,28.96,22.36,NA,NA,0.55,29.18,NA,NA,NA,NA,NA,NA,NA,NA,NA,NA,NA,0.00,NA,NA,NA
2025-12-10 09:00:00,83.37,217.98,8.28,29.34,22.34,NA,NA,0.53,39.02,NA,NA,NA,NA,NA,NA,NA,NA,NA,NA,NA,0.00,NA,NA,NA
2025-12-10 10:00:00,63.85,198.32,8.52,30.12,22.95,NA,NA,0.49,48.31,NA,NA,NA,NA,NA,NA,NA,NA,NA,NA,NA,0.00,NA,NA,NA
2025-12-10 11:00:00,72.52,176.43,8.28,26.60,20.88,NA,NA,0.45,60.20,NA,NA,NA,NA,NA,NA,NA,NA,NA,NA,NA,0.00,NA,NA,NA
2025-12-10 12:00:00,67.54,192.00,7.38,23.69,18.60,NA,NA,0.41,63.56,NA,NA,NA,NA,NA,NA,NA,NA,NA,NA,NA,0.00,NA,NA,NA
2025-12-10 13:00:00,51.14,152.24,6.99,21.99,17.37,NA,NA,0.36,62.40,NA,NA,NA,NA,NA,NA,NA,NA,NA,NA,NA,0.00,NA,NA,NA
2025-12-10 14:00:00,50.74,149.64,7.15,21.12,17.04,NA,NA,0.34,67.60,NA,NA,NA,NA,NA,NA,NA,NA,NA,NA,NA,0.00,NA,NA,NA
2025-12-10 15:00:00,50.68,145.90,7.18,22.01,17.54,NA,NA,0.30,69.12,NA,NA,NA,NA,NA,NA,NA,NA,NA,NA,NA,0.00,NA,NA,NA
2025-12-10 16:00:00,65.64,177.24,7.84,23.31,18.77,NA,NA,0.31,64.40,NA,NA,NA,NA,NA,NA,NA,NA,NA,NA,NA,0.00,NA,NA,NA
2025-12-10 17:00:00,75.03,196.76,7.98,24.04,19.27,NA,NA,0.31,39.34,NA,NA,NA,NA,NA,NA,NA,NA,NA,NA,NA,0.00,NA,NA,NA
2025-12-10 18:00:00,84.54,218.63,7.81,27.98,21.23,NA,NA,0.37,20.08,NA,NA,NA,NA,NA,NA,NA,NA,NA,NA,NA,0.00,NA,NA,NA
2025-12-10 19:00:00,93.92,231.43,7.97,31.18,23.06,NA,NA,0.44,12.68,NA,NA,NA,NA,NA,NA,NA,NA,NA,NA,NA,0.00,NA,NA,NA
2025-12-10 20:00:00,97.64,195.65,8.75,31.82,24.04,NA,NA,0.52,10.23,NA,NA,NA,NA,NA,NA,NA,NA,NA,NA,NA,0.00,NA,NA,NA
2025-12-10 21:00:00,131.73,259.58,11.49,31.87,26.30,NA,NA,0.68,8.84,NA,NA,NA,NA,NA,NA,NA,NA,NA,NA,NA,0.00,NA,NA,NA
2025-12-10 22:00:00,130.36,251.26,12.63,32.04,27.31,NA,NA,0.86,7.72,NA,NA,NA,NA,NA,NA,NA,NA,NA,NA,NA,0.00,NA,NA,NA
2025-12-10 23:00:00,130.66,262.77,19.32,29.29,31.29,NA,NA,0.96,7.93,NA,NA,NA,NA,NA,NA,NA,NA,NA,NA,NA,0.00,NA,NA,NA
2025-12-11 00:00:00,145.98,290.64,28.57,28.08,38.16,NA,NA,1.11,7.29,NA,NA,NA,NA,NA,NA,NA,NA,NA,NA,NA,0.00,NA,NA,NA
2025-12-11 01:00:00,159.72,279.72,36.15,29.10,44.87,NA,NA,1.27,7.72,NA,NA,NA,NA,NA,NA,NA,NA,NA,NA,NA,0.00,NA,NA,NA
2025-12-11 02:00:00,157.69,281.63,46.55,25.29,51.30,NA,NA,1.50,8.19,NA,NA,NA,NA,NA,NA,NA,NA,NA,NA,NA,0.00,NA,NA,NA
2025-12-11 03:00:00,158.68,327.58,58.40,22.70,59.55,NA,NA,1.72,8.14,NA,NA,NA,NA,NA,NA,NA,NA,NA,NA,NA,0.00,NA,NA,NA
2025-12-11 04:00:00,179.20,355.94,69.59,23.17,68.90,NA,NA,1.88,7.52,NA,NA,NA,NA,NA,NA,NA,NA,NA,NA,NA,0.00,NA,NA,NA
2025-12-11 05:00:00,186.64,321.56,76.29,21.97,73.71,NA,NA,1.89,7.67,NA,NA,NA,NA,NA,NA,NA,NA,NA,NA,NA,0.00,NA,NA,NA
2025-12-11 06:00:00,172.69,314.43,78.72,21.20,75.27,NA,NA,1.82,8.20,NA,NA,NA,NA,NA,NA,NA,NA,NA,NA,NA,0.00,NA,NA,NA
2025-12-11 07:00:00,145.45,304.97,79.73,20.26,75.60,NA,NA,1.77,8.14,NA,NA,NA,NA,NA,NA,NA,NA,NA,NA,NA,0.00,NA,NA,NA
2025-12-11 08:00:00,154.31,288.56,76.67,23.85,75.02,NA,NA,1.70,10.60,NA,NA,NA,NA,NA,NA,NA,NA,NA,NA,NA,0.00,NA,NA,NA
2025-12-11 09:00:00,200.22,371.26,66.34,36.24,73.21,NA,NA,1.68,15.86,NA,NA,NA,NA,NA,NA,NA,NA,NA,NA,NA,0.00,NA,NA,NA
2025-12-11 10:00:00,166.73,347.46,42.56,51.81,62.16,NA,NA,1.56,47.88,NA,NA,NA,NA,NA,NA,NA,NA,NA,NA,NA,0.00,NA,NA,NA
2025-12-11 11:00:00,112.42,291.80,20.18,55.48,45.90,NA,NA,1.33,63.42,NA,NA,NA,NA,NA,NA,NA,NA,NA,NA,NA,0.00,NA,NA,NA
2025-12-11 12:00:00,88.40,289.82,9.98,45.11,32.10,NA,NA,1.14,73.95,NA,NA,NA,NA,NA,NA,NA,NA,NA,NA,NA,0.00,NA,NA,NA
2025-12-11 13:00:00,90.03,229.23,8.95,34.62,25.69,NA,NA,0.94,73.08,NA,NA,NA,NA,NA,NA,NA,NA,NA,NA,NA,0.00,NA,NA,NA
2025-12-11 14:00:00,90.31,195.97,8.25,34.43,25.02,NA,NA,0.78,66.52,NA,NA,NA,NA,NA,NA,NA,NA,NA,NA,NA,0.00,NA,NA,NA
2025-12-11 15:00:00,69.98,171.40,8.78,30.38,23.30,NA,NA,0.64,69.99,NA,NA,NA,NA,NA,NA,NA,NA,NA,NA,NA,0.00,NA,NA,NA
2025-12-11 16:00:00,78.24,185.44,9.47,29.06,23.16,NA,NA,0.56,60.71,NA,NA,NA,NA,NA,NA,NA,NA,NA,NA,NA,0.00,NA,NA,NA
2025-12-11 17:00:00,82.26,218.34,8.90,29.13,22.73,NA,NA,0.54,26.81,NA,NA,NA,NA,NA,NA,NA,NA,NA,NA,NA,0.00,NA,NA,NA
2025-12-11 18:00:00,84.18,225.44,9.60,30.66,24.12,NA,NA,0.54,14.16,NA,NA,NA,NA,NA,NA,NA,NA,NA,NA,NA,0.00,NA,NA,NA
2025-12-11 19:00:00,85.12,209.19,10.20,34.24,26.50,NA,NA,0.54,9.54,NA,NA,NA,NA,NA,NA,NA,NA,NA,NA,NA,0.00,NA,NA,NA
2025-12-11 20:00:00,113.16,225.45,10.62,31.29,25.27,NA,NA,0.52,10.03,NA,NA,NA,NA,NA,NA,NA,NA,NA,NA,NA,0.00,NA,NA,NA
2025-12-11 21:00:00,125.28,214.36,11.27,28.48,24.31,NA,NA,0.51,9.10,NA,NA,NA,NA,NA,NA,NA,NA,NA,NA,NA,0.00,NA,NA,NA
2025-12-11 22:00:00,107.09,208.04,13.17,26.92,25.03,NA,NA,0.60,7.66,NA,NA,NA,NA,NA,NA,NA,NA,NA,NA,NA,0.00,NA,NA,NA
2025-12-11 23:00:00,101.35,206.61,13.97,26.05,25.22,NA,NA,0.68,7.27,NA,NA,NA,NA,NA,NA,NA,NA,NA,NA,NA,0.00,NA,NA,NA
2025-12-12 00:00:00,99.72,196.51,15.34,25.66,26.12,NA,NA,0.74,6.44,NA,NA,NA,NA,NA,NA,NA,NA,NA,NA,NA,0.00,NA,NA,NA
2025-12-12 01:00:00,115.28,219.82,20.01,24.05,29.06,NA,NA,0.82,7.61,NA,NA,NA,NA,NA,NA,NA,NA,NA,NA,NA,0.00,NA,NA,NA
2025-12-12 02:00:00,159.09,230.96,24.37,22.80,31.94,NA,NA,0.93,7.65,NA,NA,NA,NA,NA,NA,NA,NA,NA,NA,NA,0.00,NA,NA,NA
2025-12-12 03:00:00,186.69,290.09,36.32,20.85,40.62,NA,NA,1.16,8.71,NA,NA,NA,NA,NA,NA,NA,NA,NA,NA,NA,0.00,NA,NA,NA
2025-12-12 04:00:00,182.13,304.88,52.28,18.76,52.48,NA,NA,1.45,7.93,NA,NA,NA,NA,NA,NA,NA,NA,NA,NA,NA,0.00,NA,NA,NA
2025-12-12 05:00:00,199.63,296.94,62.09,17.74,59.92,NA,NA,1.59,7.35,NA,NA,NA,NA,NA,NA,NA,NA,NA,NA,NA,0.00,NA,NA,NA
2025-12-12 06:00:00,187.36,281.46,NA,NA,NA,NA,NA,2.49,NA,NA,NA,NA,NA,NA,NA,NA,NA,NA,NA,NA,0.00,NA,NA,NA
2025-12-12 07:00:00,49.96,163.33,128.19,9.92,108.90,NA,NA,1.98,7.54,NA,NA,NA,NA,NA,NA,NA,NA,NA,NA,NA,0.00,NA,NA,NA
2025-12-12 08:00:00,0.10,39.89,107.40,15.75,95.70,NA,NA,1.90,9.23,NA,NA,NA,NA,NA,NA,NA,NA,NA,NA,NA,0.00,NA,NA,NA
2025-12-12 09:00:00,54.01,194.19,101.60,27.51,97.24,NA,NA,1.93,11.58,NA,NA,NA,NA,NA,NA,NA,NA,NA,NA,NA,0.00,NA,NA,NA
2025-12-12 10:00:00,154.70,325.89,32.88,91.65,75.46,NA,NA,1.58,44.52,NA,NA,NA,NA,NA,NA,NA,NA,NA,NA,NA,0.00,NA,NA,NA
2025-12-12 11:00:00,146.60,276.51,9.59,76.91,48.70,NA,NA,1.24,64.86,NA,NA,NA,NA,NA,NA,NA,NA,NA,NA,NA,0.00,NA,NA,NA
2025-12-12 12:00:00,91.56,228.44,9.30,49.61,33.96,NA,NA,1.07,82.46,NA,NA,NA,NA,NA,NA,NA,NA,NA,NA,NA,0.00,NA,NA,NA
2025-12-12 13:00:00,82.82,245.63,8.15,39.48,27.63,NA,NA,0.98,100.23,NA,NA,NA,NA,NA,NA,NA,NA,NA,NA,NA,0.00,NA,NA,NA
2025-12-12 14:00:00,71.44,224.46,7.97,35.46,25.34,NA,NA,0.92,109.02,NA,NA,NA,NA,NA,NA,NA,NA,NA,NA,NA,0.00,NA,NA,NA
2025-12-12 15:00:00,62.68,183.36,8.03,30.07,22.52,NA,NA,0.83,97.05,NA,NA,NA,NA,NA,NA,NA,NA,NA,NA,NA,0.00,NA,NA,NA
2025-12-12 16:00:00,69.08,181.42,7.90,28.30,21.47,NA,NA,0.77,70.14,NA,NA,NA,NA,NA,NA,NA,NA,NA,NA,NA,0.00,NA,NA,NA
2025-12-12 17:00:00,109.19,162.53,8.88,32.11,24.30,NA,NA,0.76,41.22,NA,NA,NA,NA,NA,NA,NA,NA,NA,NA,NA,0.00,NA,NA,NA
2025-12-12 18:00:00,140.97,262.37,8.96,32.22,24.43,NA,NA,0.77,23.58,NA,NA,NA,NA,NA,NA,NA,NA,NA,NA,NA,0.00,NA,NA,NA
2025-12-12 19:00:00,146.48,285.09,8.50,33.37,24.66,NA,NA,0.79,15.61,NA,NA,NA,NA,NA,NA,NA,NA,NA,NA,NA,0.00,NA,NA,NA
2025-12-12 20:00:00,157.88,274.19,8.51,33.31,24.63,NA,NA,0.82,11.73,NA,NA,NA,NA,NA,NA,NA,NA,NA,NA,NA,0.00,NA,NA,NA
2025-12-12 21:00:00,146.90,272.32,9.87,31.29,24.67,NA,NA,0.90,9.89,NA,NA,NA,NA,NA,NA,NA,NA,NA,NA,NA,0.00,NA,NA,NA
2025-12-12 22:00:00,141.74,331.16,11.71,29.99,25.47,NA,NA,1.04,8.99,NA,NA,NA,NA,NA,NA,NA,NA,NA,NA,NA,0.00,NA,NA,NA
2025-12-12 23:00:00,178.37,305.06,11.80,30.15,25.63,NA,NA,1.30,6.96,NA,NA,NA,NA,NA,NA,NA,NA,NA,NA,NA,0.00,NA,NA,NA
2025-12-13 00:00:00,177.35,278.50,11.88,26.92,23.97,NA,NA,1.41,7.78,NA,NA,NA,NA,NA,NA,NA,NA,NA,NA,NA,0.00,NA,NA,NA
2025-12-13 01:00:00,152.27,261.72,11.91,25.35,23.17,NA,NA,1.45,6.76,NA,NA,NA,NA,NA,NA,NA,NA,NA,NA,NA,0.00,NA,NA,NA
2025-12-13 02:00:00,162.44,286.73,15.46,25.07,25.91,NA,NA,1.56,7.85,NA,NA,NA,NA,NA,NA,NA,NA,NA,NA,NA,0.00,NA,NA,NA
2025-12-13 03:00:00,226.90,359.96,17.82,23.89,27.19,NA,NA,1.83,8.42,NA,NA,NA,NA,NA,NA,NA,NA,NA,NA,NA,0.00,NA,NA,NA
2025-12-13 04:00:00,260.82,414.74,17.45,22.92,26.38,NA,NA,2.02,7.82,NA,NA,NA,NA,NA,NA,NA,NA,NA,NA,NA,0.00,NA,NA,NA
2025-12-13 05:00:00,253.32,413.27,16.20,21.17,24.43,NA,NA,2.09,7.22,NA,NA,NA,NA,NA,NA,NA,NA,NA,NA,NA,0.00,NA,NA,NA
2025-12-13 06:00:00,226.42,382.42,15.41,20.15,23.24,NA,NA,2.12,6.58,NA,NA,NA,NA,NA,NA,NA,NA,NA,NA,NA,0.00,NA,NA,NA
2025-12-13 07:00:00,229.52,405.48,15.76,17.78,22.27,NA,NA,2.09,9.53,NA,NA,NA,NA,NA,NA,NA,NA,NA,NA,NA,0.00,NA,NA,NA
2025-12-13 08:00:00,272.15,400.92,17.10,17.28,23.10,NA,NA,2.15,12.72,NA,NA,NA,NA,NA,NA,NA,NA,NA,NA,NA,0.00,NA,NA,NA
2025-12-13 09:00:00,285.76,492.80,16.83,23.18,26.01,NA,NA,2.20,9.34,NA,NA,NA,NA,NA,NA,NA,NA,NA,NA,NA,0.00,NA,NA,NA
2025-12-13 10:00:00,286.42,507.16,12.07,31.74,26.70,NA,NA,2.06,51.22,NA,NA,NA,NA,NA,NA,NA,NA,NA,NA,NA,0.00,NA,NA,NA
2025-12-13 11:00:00,250.78,417.45,8.62,29.64,22.77,NA,NA,1.81,78.08,NA,NA,NA,NA,NA,NA,NA,NA,NA,NA,NA,0.00,NA,NA,NA
2025-12-13 12:00:00,252.77,370.91,8.80,28.28,22.20,NA,NA,1.64,92.43,NA,NA,NA,NA,NA,NA,NA,NA,NA,NA,NA,0.00,NA,NA,NA
2025-12-13 13:00:00,213.07,378.99,8.87,26.68,21.40,NA,NA,1.45,105.49,NA,NA,NA,NA,NA,NA,NA,NA,NA,NA,NA,0.00,NA,NA,NA
2025-12-13 14:00:00,185.36,345.45,8.30,25.53,20.33,NA,NA,1.33,113.75,NA,NA,NA,NA,NA,NA,NA,NA,NA,NA,NA,0.00,NA,NA,NA
2025-12-13 15:00:00,195.41,272.56,7.39,25.92,19.79,NA,NA,1.23,113.59,NA,NA,NA,NA,NA,NA,NA,NA,NA,NA,NA,0.00,NA,NA,NA
2025-12-13 16:00:00,234.29,308.89,7.57,28.06,21.08,NA,NA,1.14,100.81,NA,NA,NA,NA,NA,NA,NA,NA,NA,NA,NA,0.00,NA,NA,NA
2025-12-13 17:00:00,272.92,506.03,9.12,27.34,21.96,NA,NA,1.16,54.61,NA,NA,NA,NA,NA,NA,NA,NA,NA,NA,NA,0.00,NA,NA,NA
2025-12-13 18:00:00,270.60,493.38,8.77,31.83,24.06,NA,NA,1.23,37.90,NA,NA,NA,NA,NA,NA,NA,NA,NA,NA,NA,0.00,NA,NA,NA
2025-12-13 19:00:00,290.78,488.05,8.33,26.91,21.08,NA,NA,1.23,15.52,NA,NA,NA,NA,NA,NA,NA,NA,NA,NA,NA,0.00,NA,NA,NA
2025-12-13 20:00:00,334.47,460.44,9.18,27.36,22.02,NA,NA,1.40,13.11,NA,NA,NA,NA,NA,NA,NA,NA,NA,NA,NA,0.00,NA,NA,NA
2025-12-13 21:00:00,344.46,527.12,9.48,27.29,22.22,NA,NA,1.48,8.32,NA,NA,NA,NA,NA,NA,NA,NA,NA,NA,NA,0.00,NA,NA,NA
2025-12-13 22:00:00,258.93,504.04,10.91,24.60,21.96,NA,NA,1.62,8.23,NA,NA,NA,NA,NA,NA,NA,NA,NA,NA,NA,0.00,NA,NA,NA
2025-12-13 23:00:00,296.75,519.46,10.57,23.43,21.06,NA,NA,1.81,6.49,NA,NA,NA,NA,NA,NA,NA,NA,NA,NA,NA,0.00,NA,NA,NA
2025-12-14 00:00:00,302.01,512.75,10.91,22.47,20.82,NA,NA,1.94,5.93,NA,NA,NA,NA,NA,NA,NA,NA,NA,NA,NA,0.00,NA,NA,NA
2025-12-14 01:00:00,300.80,517.67,11.76,20.20,20.31,NA,NA,1.91,6.46,NA,NA,NA,NA,NA,NA,NA,NA,NA,NA,NA,0.00,NA,NA,NA
2025-12-14 02:00:00,295.96,470.92,11.98,17.51,19.05,NA,NA,1.81,7.65,NA,NA,NA,NA,NA,NA,NA,NA,NA,NA,NA,0.00,NA,NA,NA
2025-12-14 03:00:00,278.78,490.38,12.94,16.21,19.14,NA,NA,1.80,6.86,NA,NA,NA,NA,NA,NA,NA,NA,NA,NA,NA,0.00,NA,NA,NA
2025-12-14 04:00:00,274.99,459.70,12.69,15.47,18.55,NA,NA,1.73,6.15,NA,NA,NA,NA,NA,NA,NA,NA,NA,NA,NA,0.00,NA,NA,NA
2025-12-14 05:00:00,257.17,437.20,12.76,14.73,18.21,NA,NA,1.62,5.68,NA,NA,NA,NA,NA,NA,NA,NA,NA,NA,NA,0.00,NA,NA,NA
2025-12-14 06:00:00,198.54,320.74,12.91,13.68,17.77,NA,NA,1.48,7.35,NA,NA,NA,NA,NA,NA,NA,NA,NA,NA,NA,0.00,NA,NA,NA
2025-12-14 07:00:00,174.48,347.77,14.16,13.22,18.54,NA,NA,1.40,6.76,NA,NA,NA,NA,NA,NA,NA,NA,NA,NA,NA,0.00,NA,NA,NA
2025-12-14 08:00:00,192.40,327.46,14.41,12.60,18.42,NA,NA,1.40,12.48,NA,NA,NA,NA,NA,NA,NA,NA,NA,NA,NA,0.00,NA,NA,NA
2025-12-14 09:00:00,192.46,336.52,14.07,16.28,20.10,NA,NA,1.40,7.27,NA,NA,NA,NA,NA,NA,NA,NA,NA,NA,NA,0.00,NA,NA,NA
2025-12-14 10:00:00,255.92,433.87,13.52,22.40,22.90,NA,NA,1.37,24.77,NA,NA,NA,NA,NA,NA,NA,NA,NA,NA,NA,0.00,NA,NA,NA
2025-12-14 11:00:00,224.29,373.28,10.07,22.67,20.24,NA,NA,1.25,67.61,NA,NA,NA,NA,NA,NA,NA,NA,NA,NA,NA,0.00,NA,NA,NA
2025-12-14 12:00:00,251.60,381.28,9.29,20.38,18.40,NA,NA,1.26,71.17,NA,NA,NA,NA,NA,NA,NA,NA,NA,NA,NA,0.00,NA,NA,NA
2025-12-14 13:00:00,272.98,383.09,8.58,21.30,18.30,NA,NA,1.27,73.26,NA,NA,NA,NA,NA,NA,NA,NA,NA,NA,NA,0.00,NA,NA,NA
2025-12-14 14:00:00,236.00,328.64,8.88,25.94,21.02,NA,NA,1.25,81.50,NA,NA,NA,NA,NA,NA,NA,NA,NA,NA,NA,0.00,NA,NA,NA
2025-12-14 15:00:00,217.11,324.24,8.79,24.69,20.28,NA,NA,1.18,82.07,NA,NA,NA,NA,NA,NA,NA,NA,NA,NA,NA,0.00,NA,NA,NA
2025-12-14 16:00:00,244.59,381.52,9.32,23.16,19.90,NA,NA,1.16,64.96,NA,NA,NA,NA,NA,NA,NA,NA,NA,NA,NA,0.00,NA,NA,NA
2025-12-14 17:00:00,289.56,417.43,9.59,24.54,20.85,NA,NA,1.20,25.26,NA,NA,NA,NA,NA,NA,NA,NA,NA,NA,NA,0.00,NA,NA,NA
2025-12-14 18:00:00,276.98,409.16,9.13,22.36,19.32,NA,NA,1.24,12.25,NA,NA,NA,NA,NA,NA,NA,NA,NA,NA,NA,0.00,NA,NA,NA
2025-12-14 19:00:00,241.96,406.11,8.97,23.74,19.92,NA,NA,1.25,6.21,NA,NA,NA,NA,NA,NA,NA,NA,NA,NA,NA,0.00,NA,NA,NA
2025-12-14 20:00:00,228.04,389.59,9.27,22.08,19.28,NA,NA,1.26,6.90,NA,NA,NA,NA,NA,NA,NA,NA,NA,NA,NA,0.00,NA,NA,NA
2025-12-14 21:00:00,264.88,436.11,10.62,19.04,18.77,NA,NA,1.33,8.18,NA,NA,NA,NA,NA,NA,NA,NA,NA,NA,NA,0.00,NA,NA,NA
2025-12-14 22:00:00,224.42,439.04,10.95,17.99,18.48,NA,NA,1.40,6.90,NA,NA,NA,NA,NA,NA,NA,NA,NA,NA,NA,0.00,NA,NA,NA
2025-12-14 23:00:00,173.03,394.56,10.77,16.74,17.66,NA,NA,1.40,6.44,NA,NA,NA,NA,NA,NA,NA,NA,NA,NA,NA,0.00,NA,NA,NA
2025-12-15 00:00:00,164.28,374.19,10.34,16.70,17.29,NA,NA,1.39,6.12,NA,NA,NA,NA,NA,NA,NA,NA,NA,NA,NA,0.00,NA,NA,NA
2025-12-15 01:00:00,184.03,327.14,10.76,16.76,17.66,NA,NA,1.46,8.34,NA,NA,NA,NA,NA,NA,NA,NA,NA,NA,NA,0.00,NA,NA,NA
2025-12-15 02:00:00,142.15,262.81,10.51,17.88,18.05,NA,NA,1.46,9.74,NA,NA,NA,NA,NA,NA,NA,NA,NA,NA,NA,0.00,NA,NA,NA
2025-12-15 03:00:00,92.25,172.91,11.20,21.24,20.41,NA,NA,1.43,6.86,NA,NA,NA,NA,NA,NA,NA,NA,NA,NA,NA,0.00,NA,NA,NA
2025-12-15 04:00:00,89.14,146.94,16.10,24.80,26.28,NA,NA,1.43,5.98,NA,NA,NA,NA,NA,NA,NA,NA,NA,NA,NA,0.00,NA,NA,NA
2025-12-15 05:00:00,NA,NA,NA,NA,NA,NA,NA,NA,NA,NA,NA,NA,NA,NA,NA,NA,NA,NA,NA,NA,0.00,NA,NA,NA
2025-12-15 06:00:00,NA,NA,NA,NA,NA,NA,NA,NA,NA,NA,NA,NA,NA,NA,NA,NA,NA,NA,NA,NA,0.00,NA,NA,NA
2025-12-15 07:00:00,NA,NA,NA,NA,NA,NA,NA,NA,NA,NA,NA,NA,NA,NA,NA,NA,NA,NA,NA,NA,0.00,NA,NA,NA
2025-12-15 08:00:00,90.14,151.24,128.06,0.15,102.97,NA,NA,3.04,8.15,NA,NA,NA,NA,NA,NA,NA,NA,NA,NA,NA,0.00,NA,NA,NA
2025-12-15 09:00:00,0.39,102.68,18.47,29.37,30.63,NA,NA,2.03,8.68,NA,NA,NA,NA,NA,NA,NA,NA,NA,NA,NA,0.00,NA,NA,NA
2025-12-15 10:00:00,96.22,257.33,13.64,33.55,28.94,NA,NA,2.01,12.81,NA,NA,NA,NA,NA,NA,NA,NA,NA,NA,NA,0.00,NA,NA,NA
2025-12-15 11:00:00,243.56,428.38,11.25,68.82,45.75,NA,NA,2.48,38.76,NA,NA,NA,NA,NA,NA,NA,NA,NA,NA,NA,0.00,NA,NA,NA
2025-12-15 12:00:00,271.81,416.07,8.67,61.99,40.02,NA,NA,2.05,69.52,NA,NA,NA,NA,NA,NA,NA,NA,NA,NA,NA,0.00,NA,NA,NA
2025-12-15 13:00:00,161.10,252.11,7.74,39.27,27.18,NA,NA,1.68,74.69,NA,NA,NA,NA,NA,NA,NA,NA,NA,NA,NA,0.00,NA,NA,NA
2025-12-15 14:00:00,98.67,162.20,7.72,29.70,22.08,NA,NA,1.36,73.10,NA,NA,NA,NA,NA,NA,NA,NA,NA,NA,NA,0.00,NA,NA,NA
2025-12-15 15:00:00,97.64,158.49,6.96,25.48,19.22,NA,NA,1.18,73.35,NA,NA,NA,NA,NA,NA,NA,NA,NA,NA,NA,0.00,NA,NA,NA
2025-12-15 16:00:00,107.55,166.65,7.13,26.70,20.00,NA,NA,1.09,64.03,NA,NA,NA,NA,NA,NA,NA,NA,NA,NA,NA,0.00,NA,NA,NA
2025-12-15 17:00:00,154.28,234.30,7.49,26.04,19.94,NA,NA,1.10,35.80,NA,NA,NA,NA,NA,NA,NA,NA,NA,NA,NA,0.00,NA,NA,NA
2025-12-15 18:00:00,172.40,269.34,9.26,25.17,20.92,NA,NA,1.13,17.40,NA,NA,NA,NA,NA,NA,NA,NA,NA,NA,NA,0.00,NA,NA,NA
2025-12-15 19:00:00,178.74,304.62,9.34,27.60,22.28,NA,NA,1.20,9.67,NA,NA,NA,NA,NA,NA,NA,NA,NA,NA,NA,0.00,NA,NA,NA
2025-12-15 20:00:00,226.71,370.85,9.08,30.27,23.48,NA,NA,1.30,8.95,NA,NA,NA,NA,NA,NA,NA,NA,NA,NA,NA,0.00,NA,NA,NA
2025-12-15 21:00:00,218.81,445.50,11.80,31.29,26.24,NA,NA,1.50,7.34,NA,NA,NA,NA,NA,NA,NA,NA,NA,NA,NA,0.00,NA,NA,NA
2025-12-15 22:00:00,212.13,472.16,18.68,30.01,31.15,NA,NA,1.82,7.14,NA,NA,NA,NA,NA,NA,NA,NA,NA,NA,NA,0.00,NA,NA,NA
2025-12-15 23:00:00,199.94,447.80,26.32,26.11,35.29,NA,NA,2.07,8.34,NA,NA,NA,NA,NA,NA,NA,NA,NA,NA,NA,0.00,NA,NA,NA
2025-12-16 00:00:00,194.77,362.83,27.20,24.93,35.37,NA,NA,2.16,6.77,NA,NA,NA,NA,NA,NA,NA,NA,NA,NA,NA,0.00,NA,NA,NA
2025-12-16 01:00:00,167.42,271.06,24.33,23.03,32.03,NA,NA,2.12,7.20,NA,NA,NA,NA,NA,NA,NA,NA,NA,NA,NA,0.00,NA,NA,NA
2025-12-16 02:00:00,140.38,264.62,20.65,23.93,29.52,NA,NA,1.96,5.83,NA,NA,NA,NA,NA,NA,NA,NA,NA,NA,NA,0.00,NA,NA,NA
2025-12-16 03:00:00,131.46,288.77,20.60,25.02,30.06,NA,NA,1.85,7.63,NA,NA,NA,NA,NA,NA,NA,NA,NA,NA,NA,0.00,NA,NA,NA
2025-12-16 04:00:00,156.63,302.22,21.95,25.20,31.24,NA,NA,1.76,8.55,NA,NA,NA,NA,NA,NA,NA,NA,NA,NA,NA,0.00,NA,NA,NA
2025-12-16 05:00:00,157.67,290.95,19.70,25.04,29.33,NA,NA,1.62,8.88,NA,NA,NA,NA,NA,NA,NA,NA,NA,NA,NA,0.00,NA,NA,NA
2025-12-16 06:00:00,149.14,284.38,16.61,26.38,27.54,NA,NA,1.54,5.18,NA,NA,NA,NA,NA,NA,NA,NA,NA,NA,NA,0.00,NA,NA,NA
2025-12-16 07:00:00,140.99,268.78,14.59,26.00,25.69,NA,NA,1.44,9.36,NA,NA,NA,NA,NA,NA,NA,NA,NA,NA,NA,0.00,NA,NA,NA
2025-12-16 08:00:00,132.83,272.93,13.92,26.65,25.50,NA,NA,1.36,12.29,NA,NA,NA,NA,NA,NA,NA,NA,NA,NA,NA,0.00,NA,NA,NA
2025-12-16 09:00:00,133.69,326.47,11.52,29.68,25.16,NA,NA,1.35,22.48,NA,NA,NA,NA,NA,NA,NA,NA,NA,NA,NA,0.00,NA,NA,NA
2025-12-16 10:00:00,179.32,348.99,8.83,30.05,23.16,NA,NA,1.30,36.91,NA,NA,NA,NA,NA,NA,NA,NA,NA,NA,NA,0.00,NA,NA,NA
2025-12-16 11:00:00,136.72,212.57,8.97,24.12,20.11,NA,NA,1.08,42.26,NA,NA,NA,NA,NA,NA,NA,NA,NA,NA,NA,0.00,NA,NA,NA
2025-12-16 12:00:00,109.36,173.66,NA,NA,NA,NA,NA,0.90,50.97,NA,NA,NA,NA,NA,NA,NA,NA,NA,NA,NA,0.00,NA,NA,NA
2025-12-16 13:00:00,83.70,197.65,NA,NA,NA,NA,NA,0.77,58.15,NA,NA,NA,NA,NA,NA,NA,NA,NA,NA,NA,0.00,NA,NA,NA
2025-12-16 14:00:00,52.37,199.50,NA,NA,NA,NA,NA,0.67,60.59,NA,NA,NA,NA,NA,NA,NA,NA,NA,NA,NA,0.00,NA,NA,NA
2025-12-16 15:00:00,53.92,175.67,NA,NA,NA,NA,NA,0.61,62.22,NA,NA,NA,NA,NA,NA,NA,NA,NA,NA,NA,0.00,NA,NA,NA
2025-12-16 16:00:00,86.60,169.53,10.32,27.90,23.23,NA,NA,0.55,64.56,NA,NA,NA,NA,NA,NA,NA,NA,NA,NA,NA,0.00,NA,NA,NA
2025-12-16 17:00:00,95.46,198.36,8.36,31.08,23.33,NA,NA,0.62,53.07,NA,NA,NA,NA,NA,NA,NA,NA,NA,NA,NA,0.00,NA,NA,NA
2025-12-16 18:00:00,104.16,233.73,8.64,28.86,22.38,NA,NA,0.64,45.33,NA,NA,NA,NA,NA,NA,NA,NA,NA,NA,NA,0.00,NA,NA,NA
2025-12-16 19:00:00,133.07,281.47,9.00,27.76,22.08,NA,NA,0.69,36.72,NA,NA,NA,NA,NA,NA,NA,NA,NA,NA,NA,0.00,NA,NA,NA
2025-12-16 20:00:00,163.48,284.51,9.10,26.29,21.39,NA,NA,0.76,31.64,NA,NA,NA,NA,NA,NA,NA,NA,NA,NA,NA,0.00,NA,NA,NA
2025-12-16 21:00:00,164.58,246.38,8.20,25.25,20.10,NA,NA,0.81,28.24,NA,NA,NA,NA,NA,NA,NA,NA,NA,NA,NA,0.00,NA,NA,NA
2025-12-16 22:00:00,165.88,257.00,8.57,25.02,20.28,NA,NA,0.81,24.72,NA,NA,NA,NA,NA,NA,NA,NA,NA,NA,NA,0.00,NA,NA,NA
2025-12-16 23:00:00,155.94,283.38,9.66,25.24,21.28,NA,NA,0.84,17.40,NA,NA,NA,NA,NA,NA,NA,NA,NA,NA,NA,0.00,NA,NA,NA
2025-12-17 00:00:00,133.05,265.46,9.96,23.90,20.81,NA,NA,0.91,18.70,NA,NA,NA,NA,NA,NA,NA,NA,NA,NA,NA,0.00,NA,NA,NA
2025-12-17 01:00:00,106.29,210.27,9.07,22.49,19.33,NA,NA,0.90,16.78,NA,NA,NA,NA,NA,NA,NA,NA,NA,NA,NA,0.00,NA,NA,NA
2025-12-17 02:00:00,150.05,231.78,9.23,21.96,19.19,NA,NA,0.87,14.84,NA,NA,NA,NA,NA,NA,NA,NA,NA,NA,NA,0.00,NA,NA,NA
2025-12-17 03:00:00,171.85,262.55,9.25,20.89,18.64,NA,NA,0.90,18.27,NA,NA,NA,NA,NA,NA,NA,NA,NA,NA,NA,0.00,NA,NA,NA
2025-12-17 04:00:00,167.56,265.47,9.87,19.90,18.61,NA,NA,0.91,20.71,NA,NA,NA,NA,NA,NA,NA,NA,NA,NA,NA,0.00,NA,NA,NA
2025-12-17 05:00:00,161.72,265.29,9.25,19.79,18.05,NA,NA,0.94,14.76,NA,NA,NA,NA,NA,NA,NA,NA,NA,NA,NA,0.00,NA,NA,NA
2025-12-17 06:00:00,137.87,248.35,9.18,19.90,18.06,NA,NA,0.97,12.54,NA,NA,NA,NA,NA,NA,NA,NA,NA,NA,NA,0.00,NA,NA,NA
2025-12-17 07:00:00,122.24,240.60,9.40,19.87,18.21,NA,NA,0.98,10.65,NA,NA,NA,NA,NA,NA,NA,NA,NA,NA,NA,0.00,NA,NA,NA
2025-12-17 08:00:00,121.03,240.20,9.80,23.08,20.24,NA,NA,1.02,15.68,NA,NA,NA,NA,NA,NA,NA,NA,NA,NA,NA,0.00,NA,NA,NA
2025-12-17 09:00:00,150.58,242.79,9.89,25.49,21.60,NA,NA,1.06,25.70,NA,NA,NA,NA,NA,NA,NA,NA,NA,NA,NA,0.00,NA,NA,NA
2025-12-17 10:00:00,145.20,297.40,10.12,25.54,21.81,NA,NA,1.11,34.26,NA,NA,NA,NA,NA,NA,NA,NA,NA,NA,NA,0.00,NA,NA,NA
2025-12-17 11:00:00,135.81,260.77,9.21,23.93,20.22,NA,NA,1.06,40.65,NA,NA,NA,NA,NA,NA,NA,NA,NA,NA,NA,0.00,NA,NA,NA
2025-12-17 12:00:00,134.82,193.83,9.14,24.07,20.23,NA,NA,0.99,47.55,NA,NA,NA,NA,NA,NA,NA,NA,NA,NA,NA,0.00,NA,NA,NA
2025-12-17 13:00:00,121.95,215.66,9.64,24.12,20.67,NA,NA,0.92,52.71,NA,NA,NA,NA,NA,NA,NA,NA,NA,NA,NA,0.00,NA,NA,NA
2025-12-17 14:00:00,50.78,219.52,9.09,24.89,20.63,NA,NA,0.90,56.03,NA,NA,NA,NA,NA,NA,NA,NA,NA,NA,NA,0.00,NA,NA,NA
2025-12-17 15:00:00,53.21,178.34,8.07,23.55,19.10,NA,NA,0.87,61.64,NA,NA,NA,NA,NA,NA,NA,NA,NA,NA,NA,0.00,NA,NA,NA
2025-12-17 16:00:00,54.28,167.64,8.48,24.60,19.98,NA,NA,0.83,63.72,NA,NA,NA,NA,NA,NA,NA,NA,NA,NA,NA,0.00,NA,NA,NA
2025-12-17 17:00:00,67.85,167.26,8.76,26.28,21.10,NA,NA,0.82,48.36,NA,NA,NA,NA,NA,NA,NA,NA,NA,NA,NA,0.00,NA,NA,NA
2025-12-17 18:00:00,110.56,257.89,9.30,29.72,23.37,NA,NA,0.85,25.35,NA,NA,NA,NA,NA,NA,NA,NA,NA,NA,NA,0.00,NA,NA,NA
2025-12-17 19:00:00,131.45,355.64,9.55,33.24,25.44,NA,NA,0.97,20.52,NA,NA,NA,NA,NA,NA,NA,NA,NA,NA,NA,0.00,NA,NA,NA
2025-12-17 20:00:00,180.83,353.06,9.73,35.78,26.95,NA,NA,1.13,9.44,NA,NA,NA,NA,NA,NA,NA,NA,NA,NA,NA,0.00,NA,NA,NA
2025-12-17 21:00:00,166.18,283.64,9.55,32.72,25.17,NA,NA,1.21,6.65,NA,NA,NA,NA,NA,NA,NA,NA,NA,NA,NA,0.00,NA,NA,NA
2025-12-17 22:00:00,181.75,299.12,10.85,29.98,24.76,NA,NA,1.36,13.34,NA,NA,NA,NA,NA,NA,NA,NA,NA,NA,NA,0.00,NA,NA,NA
2025-12-17 23:00:00,241.81,472.41,14.16,27.07,25.91,NA,NA,1.59,7.95,NA,NA,NA,NA,NA,NA,NA,NA,NA,NA,NA,0.00,NA,NA,NA
2025-12-18 00:00:00,196.90,468.87,15.28,24.32,25.36,NA,NA,1.83,9.65,NA,NA,NA,NA,NA,NA,NA,NA,NA,NA,NA,0.00,NA,NA,NA
2025-12-18 01:00:00,169.37,305.18,14.56,24.92,25.09,NA,NA,1.98,5.69,NA,NA,NA,NA,NA,NA,NA,NA,NA,NA,NA,0.00,NA,NA,NA
2025-12-18 02:00:00,129.76,192.30,12.45,24.99,23.42,NA,NA,2.01,4.80,NA,NA,NA,NA,NA,NA,NA,NA,NA,NA,NA,0.00,NA,NA,NA
2025-12-18 03:00:00,107.23,177.00,12.22,22.99,22.16,NA,NA,2.06,5.66,NA,NA,NA,NA,NA,NA,NA,NA,NA,NA,NA,0.00,NA,NA,NA
2025-12-18 04:00:00,122.20,191.24,14.26,20.44,22.46,NA,NA,2.08,7.02,NA,NA,NA,NA,NA,NA,NA,NA,NA,NA,NA,0.00,NA,NA,NA
2025-12-18 05:00:00,125.54,157.38,15.73,17.64,22.17,NA,NA,2.15,6.89,NA,NA,NA,NA,NA,NA,NA,NA,NA,NA,NA,0.00,NA,NA,NA
2025-12-18 06:00:00,123.04,148.62,16.56,18.00,23.03,NA,NA,2.20,7.68,NA,NA,NA,NA,NA,NA,NA,NA,NA,NA,NA,0.00,NA,NA,NA
2025-12-18 07:00:00,137.39,210.56,18.29,17.70,24.29,NA,NA,2.22,6.54,NA,NA,NA,NA,NA,NA,NA,NA,NA,NA,NA,0.00,NA,NA,NA
2025-12-18 08:00:00,140.59,303.67,25.72,18.36,30.68,NA,NA,2.27,8.42,NA,NA,NA,NA,NA,NA,NA,NA,NA,NA,NA,0.00,NA,NA,NA
2025-12-18 09:00:00,172.82,482.72,34.06,20.25,38.46,NA,NA,2.39,10.56,NA,NA,NA,NA,NA,NA,NA,NA,NA,NA,NA,0.00,NA,NA,NA
2025-12-18 10:00:00,196.33,568.21,33.97,28.50,42.78,NA,NA,2.50,7.31,NA,NA,NA,NA,NA,NA,NA,NA,NA,NA,NA,0.00,NA,NA,NA
2025-12-18 11:00:00,327.31,625.15,31.20,34.83,43.89,NA,NA,2.64,7.74,NA,NA,NA,NA,NA,NA,NA,NA,NA,NA,NA,0.00,NA,NA,NA
2025-12-18 12:00:00,397.56,593.34,22.53,47.46,43.56,NA,NA,2.72,10.58,NA,NA,NA,NA,NA,NA,NA,NA,NA,NA,NA,0.00,NA,NA,NA
2025-12-18 13:00:00,384.18,582.05,12.94,50.52,37.40,NA,NA,2.72,32.61,NA,NA,NA,NA,NA,NA,NA,NA,NA,NA,NA,0.00,NA,NA,NA
2025-12-18 14:00:00,360.16,535.48,10.57,43.84,31.91,NA,NA,2.68,45.88,NA,NA,NA,NA,NA,NA,NA,NA,NA,NA,NA,0.00,NA,NA,NA
2025-12-18 15:00:00,293.19,525.18,9.70,36.89,27.51,NA,NA,2.62,49.82,NA,NA,NA,NA,NA,NA,NA,NA,NA,NA,NA,0.00,NA,NA,NA
2025-12-18 16:00:00,270.83,471.24,8.90,37.00,26.92,NA,NA,2.61,37.31,NA,NA,NA,NA,NA,NA,NA,NA,NA,NA,NA,0.00,NA,NA,NA
2025-12-18 17:00:00,321.66,488.32,8.93,34.70,25.72,NA,NA,2.59,11.46,NA,NA,NA,NA,NA,NA,NA,NA,NA,NA,NA,0.00,NA,NA,NA
2025-12-18 18:00:00,341.27,542.04,10.24,33.62,26.21,NA,NA,2.66,7.76,NA,NA,NA,NA,NA,NA,NA,NA,NA,NA,NA,0.00,NA,NA,NA
2025-12-18 19:00:00,264.22,577.13,10.85,31.14,25.38,NA,NA,2.80,6.36,NA,NA,NA,NA,NA,NA,NA,NA,NA,NA,NA,0.00,NA,NA,NA
2025-12-18 20:00:00,264.93,523.78,11.53,27.54,24.02,NA,NA,2.92,5.82,NA,NA,NA,NA,NA,NA,NA,NA,NA,NA,NA,0.00,NA,NA,NA
2025-12-18 21:00:00,253.45,495.53,12.33,26.77,24.27,NA,NA,3.02,4.89,NA,NA,NA,NA,NA,NA,NA,NA,NA,NA,NA,0.00,NA,NA,NA
2025-12-18 22:00:00,245.69,501.80,14.66,24.22,24.81,NA,NA,3.10,5.57,NA,NA,NA,NA,NA,NA,NA,NA,NA,NA,NA,0.00,NA,NA,NA
2025-12-18 23:00:00,242.00,547.64,18.87,21.40,26.72,NA,NA,3.30,8.98,NA,NA,NA,NA,NA,NA,NA,NA,NA,NA,NA,0.00,NA,NA,NA
2025-12-19 00:00:00,257.19,515.54,29.25,19.50,34.16,NA,NA,3.58,9.61,NA,NA,NA,NA,NA,NA,NA,NA,NA,NA,NA,0.00,NA,NA,NA
2025-12-19 01:00:00,235.68,396.27,38.25,21.95,42.78,NA,NA,3.90,9.19,NA,NA,NA,NA,NA,NA,NA,NA,NA,NA,NA,0.00,NA,NA,NA
2025-12-19 02:00:00,189.95,309.24,50.73,23.84,53.93,NA,NA,4.08,6.54,NA,NA,NA,NA,NA,NA,NA,NA,NA,NA,NA,0.00,NA,NA,NA
2025-12-19 03:00:00,192.74,305.67,60.66,23.03,61.58,NA,NA,4.24,9.82,NA,NA,NA,NA,NA,NA,NA,NA,NA,NA,NA,0.00,NA,NA,NA
2025-12-19 04:00:00,201.53,336.30,58.75,22.14,59.54,NA,NA,4.02,8.42,NA,NA,NA,NA,NA,NA,NA,NA,NA,NA,NA,0.00,NA,NA,NA
2025-12-19 05:00:00,123.58,274.18,46.65,25.92,51.71,NA,NA,3.61,4.76,NA,NA,NA,NA,NA,NA,NA,NA,NA,NA,NA,0.00,NA,NA,NA
2025-12-19 06:00:00,90.70,203.70,34.50,28.74,43.33,NA,NA,3.23,4.69,NA,NA,NA,NA,NA,NA,NA,NA,NA,NA,NA,0.00,NA,NA,NA
2025-12-19 07:00:00,95.31,189.44,24.83,32.90,37.69,NA,NA,2.93,4.78,NA,NA,NA,NA,NA,NA,NA,NA,NA,NA,NA,0.00,NA,NA,NA
2025-12-19 08:00:00,120.16,216.66,20.58,32.67,34.10,NA,NA,2.69,6.98,NA,NA,NA,NA,NA,NA,NA,NA,NA,NA,NA,0.00,NA,NA,NA
2025-12-19 09:00:00,146.05,290.06,19.54,31.02,32.39,NA,NA,2.59,8.28,NA,NA,NA,NA,NA,NA,NA,NA,NA,NA,NA,0.00,NA,NA,NA
2025-12-19 10:00:00,150.28,311.76,18.75,33.78,33.21,NA,NA,2.58,7.35,NA,NA,NA,NA,NA,NA,NA,NA,NA,NA,NA,0.00,NA,NA,NA
2025-12-19 11:00:00,193.04,328.00,15.72,39.40,33.75,NA,NA,2.56,8.20,NA,NA,NA,NA,NA,NA,NA,NA,NA,NA,NA,0.00,NA,NA,NA
2025-12-19 12:00:00,212.52,310.40,11.57,39.77,30.56,NA,NA,2.42,22.07,NA,NA,NA,NA,NA,NA,NA,NA,NA,NA,NA,0.00,NA,NA,NA
2025-12-19 13:00:00,191.11,330.74,9.85,36.68,27.52,NA,NA,2.17,41.34,NA,NA,NA,NA,NA,NA,NA,NA,NA,NA,NA,0.00,NA,NA,NA
2025-12-19 14:00:00,169.94,329.66,9.44,28.41,22.79,NA,NA,1.91,44.74,NA,NA,NA,NA,NA,NA,NA,NA,NA,NA,NA,0.00,NA,NA,NA
2025-12-19 15:00:00,157.40,295.68,8.54,28.10,21.88,NA,NA,1.76,49.62,NA,NA,NA,NA,NA,NA,NA,NA,NA,NA,NA,0.00,NA,NA,NA
2025-12-19 16:00:00,139.48,287.86,8.05,29.37,22.17,NA,NA,1.61,49.70,NA,NA,NA,NA,NA,NA,NA,NA,NA,NA,NA,0.00,NA,NA,NA
2025-12-19 17:00:00,117.61,237.22,8.25,29.48,22.38,NA,NA,1.46,31.18,NA,NA,NA,NA,NA,NA,NA,NA,NA,NA,NA,0.00,NA,NA,NA
2025-12-19 18:00:00,167.12,308.03,9.04,32.61,24.70,NA,NA,1.46,7.72,NA,NA,NA,NA,NA,NA,NA,NA,NA,NA,NA,0.00,NA,NA,NA
2025-12-19 19:00:00,169.03,275.10,9.66,29.32,23.44,NA,NA,1.50,6.02,NA,NA,NA,NA,NA,NA,NA,NA,NA,NA,NA,0.00,NA,NA,NA
2025-12-19 20:00:00,158.13,318.13,10.22,26.20,22.25,NA,NA,1.55,6.62,NA,NA,NA,NA,NA,NA,NA,NA,NA,NA,NA,0.00,NA,NA,NA
2025-12-19 21:00:00,176.71,353.74,11.14,23.72,21.67,NA,NA,1.67,4.78,NA,NA,NA,NA,NA,NA,NA,NA,NA,NA,NA,0.00,NA,NA,NA
2025-12-19 22:00:00,193.34,345.89,13.02,22.91,22.77,NA,NA,1.84,6.08,NA,NA,NA,NA,NA,NA,NA,NA,NA,NA,NA,0.00,NA,NA,NA
2025-12-19 23:00:00,233.96,389.60,15.90,20.85,24.02,NA,NA,2.11,8.58,NA,NA,NA,NA,NA,NA,NA,NA,NA,NA,NA,0.00,NA,NA,NA
2025-12-20 00:00:00,236.88,348.54,19.26,18.43,25.46,NA,NA,2.30,9.15,NA,NA,NA,NA,NA,NA,NA,NA,NA,NA,NA,0.00,NA,NA,NA
2025-12-20 01:00:00,191.14,316.19,23.04,17.60,28.10,NA,NA,2.41,6.24,NA,NA,NA,NA,NA,NA,NA,NA,NA,NA,NA,0.00,NA,NA,NA
2025-12-20 02:00:00,132.88,242.40,22.08,17.37,27.19,NA,NA,2.26,5.07,NA,NA,NA,NA,NA,NA,NA,NA,NA,NA,NA,0.00,NA,NA,NA
2025-12-20 03:00:00,126.16,215.16,21.55,17.00,26.56,NA,NA,2.08,6.11,NA,NA,NA,NA,NA,NA,NA,NA,NA,NA,NA,0.00,NA,NA,NA
2025-12-20 04:00:00,164.20,248.18,21.64,16.56,26.40,NA,NA,1.98,6.31,NA,NA,NA,NA,NA,NA,NA,NA,NA,NA,NA,0.00,NA,NA,NA
2025-12-20 05:00:00,195.74,276.32,23.71,16.49,28.05,NA,NA,1.96,6.66,NA,NA,NA,NA,NA,NA,NA,NA,NA,NA,NA,0.00,NA,NA,NA
2025-12-20 06:00:00,169.53,276.02,22.76,14.51,26.22,NA,NA,1.84,8.10,NA,NA,NA,NA,NA,NA,NA,NA,NA,NA,NA,0.00,NA,NA,NA
2025-12-20 07:00:00,174.17,291.97,22.31,14.10,25.64,NA,NA,1.84,8.26,NA,NA,NA,NA,NA,NA,NA,NA,NA,NA,NA,0.00,NA,NA,NA
2025-12-20 08:00:00,195.30,327.49,23.43,16.48,27.82,NA,NA,1.96,9.17,NA,NA,NA,NA,NA,NA,NA,NA,NA,NA,NA,0.00,NA,NA,NA
2025-12-20 09:00:00,230.85,367.55,27.40,21.08,33.48,NA,NA,2.20,6.51,NA,NA,NA,NA,NA,NA,NA,NA,NA,NA,NA,0.00,NA,NA,NA
2025-12-20 10:00:00,223.88,363.96,29.93,23.75,36.97,NA,NA,2.46,9.77,NA,NA,NA,NA,NA,NA,NA,NA,NA,NA,NA,0.00,NA,NA,NA
2025-12-20 11:00:00,175.24,322.61,26.79,28.76,37.08,NA,NA,2.53,7.04,NA,NA,NA,NA,NA,NA,NA,NA,NA,NA,NA,0.00,NA,NA,NA
2025-12-20 12:00:00,166.52,317.55,21.67,31.36,34.30,NA,NA,2.44,5.82,NA,NA,NA,NA,NA,NA,NA,NA,NA,NA,NA,0.00,NA,NA,NA
2025-12-20 13:00:00,201.93,327.05,16.56,34.54,31.83,NA,NA,2.30,6.36,NA,NA,NA,NA,NA,NA,NA,NA,NA,NA,NA,0.00,NA,NA,NA
2025-12-20 14:00:00,255.03,366.45,14.00,32.94,28.90,NA,NA,2.16,5.34,NA,NA,NA,NA,NA,NA,NA,NA,NA,NA,NA,0.00,NA,NA,NA
2025-12-20 15:00:00,251.50,362.81,11.75,27.68,24.28,NA,NA,1.99,6.47,NA,NA,NA,NA,NA,NA,NA,NA,NA,NA,NA,0.00,NA,NA,NA
2025-12-20 16:00:00,240.71,397.44,10.12,28.05,23.15,NA,NA,1.90,3.76,NA,NA,NA,NA,NA,NA,NA,NA,NA,NA,NA,0.00,NA,NA,NA
2025-12-20 17:00:00,223.95,389.27,9.78,25.47,21.51,NA,NA,1.81,4.84,NA,NA,NA,NA,NA,NA,NA,NA,NA,NA,NA,0.00,NA,NA,NA
2025-12-20 18:00:00,191.96,349.70,9.74,26.20,21.85,NA,NA,1.75,5.90,NA,NA,NA,NA,NA,NA,NA,NA,NA,NA,NA,0.00,NA,NA,NA
2025-12-20 19:00:00,168.86,379.53,9.73,25.80,21.64,NA,NA,1.72,5.74,NA,NA,NA,NA,NA,NA,NA,NA,NA,NA,NA,0.00,NA,NA,NA
2025-12-20 20:00:00,155.37,348.17,10.02,25.70,21.81,NA,NA,1.69,5.51,NA,NA,NA,NA,NA,NA,NA,NA,NA,NA,NA,0.00,NA,NA,NA
2025-12-20 21:00:00,130.37,282.59,9.38,25.52,21.20,NA,NA,1.61,4.96,NA,NA,NA,NA,NA,NA,NA,NA,NA,NA,NA,0.00,NA,NA,NA
2025-12-20 22:00:00,123.22,263.75,9.67,22.96,20.07,NA,NA,1.52,6.13,NA,NA,NA,NA,NA,NA,NA,NA,NA,NA,NA,0.00,NA,NA,NA
2025-12-20 23:00:00,106.06,267.60,10.22,21.27,19.62,NA,NA,1.48,6.88,NA,NA,NA,NA,NA,NA,NA,NA,NA,NA,NA,0.00,NA,NA,NA
2025-12-21 00:00:00,124.78,255.98,9.71,21.57,19.37,NA,NA,1.48,5.84,NA,NA,NA,NA,NA,NA,NA,NA,NA,NA,NA,0.00,NA,NA,NA
2025-12-21 01:00:00,142.52,297.74,9.10,22.60,19.42,NA,NA,1.48,5.29,NA,NA,NA,NA,NA,NA,NA,NA,NA,NA,NA,0.00,NA,NA,NA
2025-12-21 02:00:00,133.88,280.34,8.97,22.51,19.26,NA,NA,1.44,5.03,NA,NA,NA,NA,NA,NA,NA,NA,NA,NA,NA,0.00,NA,NA,NA
2025-12-21 03:00:00,123.36,269.22,9.18,21.72,19.02,NA,NA,1.38,6.86,NA,NA,NA,NA,NA,NA,NA,NA,NA,NA,NA,0.00,NA,NA,NA
2025-12-21 04:00:00,110.45,265.74,9.98,19.82,18.65,NA,NA,1.36,6.93,NA,NA,NA,NA,NA,NA,NA,NA,NA,NA,NA,0.00,NA,NA,NA
2025-12-21 05:00:00,120.46,253.80,9.56,19.89,18.35,NA,NA,1.37,6.22,NA,NA,NA,NA,NA,NA,NA,NA,NA,NA,NA,0.00,NA,NA,NA
2025-12-21 06:00:00,120.38,242.41,9.20,17.45,16.76,NA,NA,1.35,5.64,NA,NA,NA,NA,NA,NA,NA,NA,NA,NA,NA,0.00,NA,NA,NA
2025-12-21 07:00:00,102.02,204.51,8.89,18.76,17.21,NA,NA,1.32,4.90,NA,NA,NA,NA,NA,NA,NA,NA,NA,NA,NA,0.00,NA,NA,NA
2025-12-21 08:00:00,100.04,205.60,10.15,19.06,18.39,NA,NA,1.31,7.95,NA,NA,NA,NA,NA,NA,NA,NA,NA,NA,NA,0.00,NA,NA,NA
2025-12-21 09:00:00,98.62,230.34,9.95,19.11,18.25,NA,NA,1.34,6.62,NA,NA,NA,NA,NA,NA,NA,NA,NA,NA,NA,0.00,NA,NA,NA
2025-12-21 10:00:00,110.82,214.67,9.69,18.68,17.82,NA,NA,1.34,7.46,NA,NA,NA,NA,NA,NA,NA,NA,NA,NA,NA,0.00,NA,NA,NA
2025-12-21 11:00:00,125.72,202.14,9.54,19.31,18.02,NA,NA,1.35,6.75,NA,NA,NA,NA,NA,NA,NA,NA,NA,NA,NA,0.00,NA,NA,NA
2025-12-21 12:00:00,151.51,248.25,10.22,19.50,18.68,NA,NA,1.39,7.16,NA,NA,NA,NA,NA,NA,NA,NA,NA,NA,NA,0.00,NA,NA,NA
2025-12-21 13:00:00,189.46,253.83,10.07,21.62,19.69,NA,NA,1.37,8.26,NA,NA,NA,NA,NA,NA,NA,NA,NA,NA,NA,0.00,NA,NA,NA
2025-12-21 14:00:00,196.21,276.34,10.81,21.72,20.34,NA,NA,1.42,9.79,NA,NA,NA,NA,NA,NA,NA,NA,NA,NA,NA,0.00,NA,NA,NA
2025-12-21 15:00:00,194.09,307.44,10.04,23.43,20.63,NA,NA,1.50,7.52,NA,NA,NA,NA,NA,NA,NA,NA,NA,NA,NA,0.00,NA,NA,NA
2025-12-21 16:00:00,191.62,297.50,9.42,23.95,20.40,NA,NA,1.55,6.51,NA,NA,NA,NA,NA,NA,NA,NA,NA,NA,NA,0.00,NA,NA,NA
2025-12-21 17:00:00,167.24,269.12,9.28,23.13,19.85,NA,NA,1.53,4.06,NA,NA,NA,NA,NA,NA,NA,NA,NA,NA,NA,0.00,NA,NA,NA
2025-12-21 18:00:00,162.17,202.76,9.38,21.69,19.16,NA,NA,1.47,3.16,NA,NA,NA,NA,NA,NA,NA,NA,NA,NA,NA,0.00,NA,NA,NA
2025-12-21 19:00:00,153.71,231.50,10.55,17.35,17.81,NA,NA,1.46,8.01,NA,NA,NA,NA,NA,NA,NA,NA,NA,NA,NA,0.00,NA,NA,NA
2025-12-21 20:00:00,156.03,272.17,10.86,17.27,18.02,NA,NA,1.55,6.79,NA,NA,NA,NA,NA,NA,NA,NA,NA,NA,NA,0.00,NA,NA,NA
2025-12-21 21:00:00,152.60,306.08,10.50,17.44,17.82,NA,NA,1.60,6.78,NA,NA,NA,NA,NA,NA,NA,NA,NA,NA,NA,0.00,NA,NA,NA
2025-12-21 22:00:00,134.55,309.86,10.33,18.02,17.98,NA,NA,1.54,6.54,NA,NA,NA,NA,NA,NA,NA,NA,NA,NA,NA,0.00,NA,NA,NA
2025-12-21 23:00:00,106.94,319.95,9.52,20.44,18.61,NA,NA,1.46,6.52,NA,NA,NA,NA,NA,NA,NA,NA,NA,NA,NA,0.00,NA,NA,NA
2025-12-22 00:00:00,120.92,386.67,10.16,18.98,18.35,NA,NA,1.45,8.04,NA,NA,NA,NA,NA,NA,NA,NA,NA,NA,NA,0.00,NA,NA,NA
2025-12-22 01:00:00,139.59,356.04,9.52,18.16,17.40,NA,NA,1.44,7.08,NA,NA,NA,NA,NA,NA,NA,NA,NA,NA,NA,0.00,NA,NA,NA
2025-12-22 02:00:00,144.92,367.03,8.67,20.17,17.78,NA,NA,1.47,5.75,NA,NA,NA,NA,NA,NA,NA,NA,NA,NA,NA,0.00,NA,NA,NA
2025-12-22 03:00:00,148.21,326.44,8.23,19.95,17.30,NA,NA,1.42,6.45,NA,NA,NA,NA,NA,NA,NA,NA,NA,NA,NA,0.00,NA,NA,NA
2025-12-22 04:00:00,136.16,310.42,9.43,19.49,18.02,NA,NA,1.39,7.06,NA,NA,NA,NA,NA,NA,NA,NA,NA,NA,NA,0.00,NA,NA,NA
2025-12-22 05:00:00,142.62,257.72,10.06,17.63,17.56,NA,NA,1.37,8.14,NA,NA,NA,NA,NA,NA,NA,NA,NA,NA,NA,0.00,NA,NA,NA
2025-12-22 06:00:00,118.61,255.94,9.49,18.11,17.35,NA,NA,1.37,6.84,NA,NA,NA,NA,NA,NA,NA,NA,NA,NA,NA,0.00,NA,NA,NA
2025-12-22 07:00:00,100.49,226.20,8.95,15.68,15.62,NA,NA,1.35,6.31,NA,NA,NA,NA,NA,NA,NA,NA,NA,NA,NA,0.00,NA,NA,NA
2025-12-22 08:00:00,100.52,214.05,8.75,17.98,16.68,NA,NA,1.31,5.60,NA,NA,NA,NA,NA,NA,NA,NA,NA,NA,NA,0.00,NA,NA,NA
2025-12-22 09:00:00,111.66,248.60,9.47,19.25,17.94,NA,NA,1.29,7.35,NA,NA,NA,NA,NA,NA,NA,NA,NA,NA,NA,0.00,NA,NA,NA
2025-12-22 10:00:00,146.98,329.98,10.99,19.44,19.28,NA,NA,1.33,7.76,NA,NA,NA,NA,NA,NA,NA,NA,NA,NA,NA,0.00,NA,NA,NA
2025-12-22 11:00:00,177.16,275.87,NA,NA,NA,NA,NA,1.40,7.85,NA,NA,NA,NA,NA,NA,NA,NA,NA,NA,NA,0.00,NA,NA,NA
2025-12-22 12:00:00,215.15,268.97,NA,NA,NA,NA,NA,1.32,7.20,NA,NA,NA,NA,NA,NA,NA,NA,NA,NA,NA,0.00,NA,NA,NA
2025-12-22 13:00:00,201.46,296.28,NA,NA,NA,NA,NA,1.24,8.15,NA,NA,NA,NA,NA,NA,NA,NA,NA,NA,NA,0.00,NA,NA,NA
2025-12-22 14:00:00,176.79,327.83,111.90,171.15,182.01,NA,NA,1.14,17.97,NA,NA,NA,NA,NA,NA,NA,NA,NA,NA,NA,0.00,NA,NA,NA
2025-12-22 15:00:00,165.58,334.45,99.42,181.19,177.20,NA,NA,1.35,35.66,NA,NA,NA,NA,NA,NA,NA,NA,NA,NA,NA,0.00,NA,NA,NA
2025-12-22 16:00:00,316.59,547.69,87.77,214.21,185.29,NA,NA,1.82,38.00,NA,NA,NA,NA,NA,NA,NA,NA,NA,NA,NA,0.00,NA,NA,NA
2025-12-22 17:00:00,337.78,584.60,79.86,177.10,159.12,NA,NA,1.86,25.47,NA,NA,NA,NA,NA,NA,NA,NA,NA,NA,NA,0.00,NA,NA,NA
2025-12-22 18:00:00,265.90,494.83,73.10,176.07,153.08,NA,NA,1.90,8.98,NA,NA,NA,NA,NA,NA,NA,NA,NA,NA,NA,0.00,NA,NA,NA
2025-12-22 19:00:00,223.16,445.99,70.00,183.21,154.37,NA,NA,2.02,7.99,NA,NA,NA,NA,NA,NA,NA,NA,NA,NA,NA,0.00,NA,NA,NA
2025-12-22 20:00:00,231.18,442.78,73.02,184.71,157.60,NA,NA,2.13,5.82,NA,NA,NA,NA,NA,NA,NA,NA,NA,NA,NA,0.00,NA,NA,NA
2025-12-22 21:00:00,196.80,400.50,66.58,126.99,121.67,NA,NA,1.95,6.62,NA,NA,NA,NA,NA,NA,NA,NA,NA,NA,NA,0.00,NA,NA,NA
2025-12-22 22:00:00,150.15,336.57,64.86,100.49,106.19,NA,NA,1.83,6.91,NA,NA,NA,NA,NA,NA,NA,NA,NA,NA,NA,0.00,NA,NA,NA
2025-12-22 23:00:00,127.69,307.18,65.02,93.28,102.48,NA,NA,1.81,5.29,NA,NA,NA,NA,NA,NA,NA,NA,NA,NA,NA,0.00,NA,NA,NA
2025-12-23 00:00:00,130.70,290.79,65.44,71.99,91.49,NA,NA,1.76,6.58,NA,NA,NA,NA,NA,NA,NA,NA,NA,NA,NA,0.00,NA,NA,NA
2025-12-23 01:00:00,125.69,294.82,63.90,70.09,89.24,NA,NA,1.73,5.63,NA,NA,NA,NA,NA,NA,NA,NA,NA,NA,NA,0.00,NA,NA,NA
2025-12-23 02:00:00,178.66,368.71,95.06,76.25,117.88,NA,NA,1.97,6.46,NA,NA,NA,NA,NA,NA,NA,NA,NA,NA,NA,0.00,NA,NA,NA
2025-12-23 03:00:00,236.48,471.56,286.50,78.75,274.85,NA,NA,2.78,7.76,NA,NA,NA,NA,NA,NA,NA,NA,NA,NA,NA,0.00,NA,NA,NA
2025-12-23 04:00:00,261.01,526.30,347.72,71.53,320.75,NA,NA,3.09,7.63,NA,NA,NA,NA,NA,NA,NA,NA,NA,NA,NA,0.00,NA,NA,NA
2025-12-23 05:00:00,252.15,456.91,321.47,80.38,304.10,NA,NA,3.03,6.59,NA,NA,NA,NA,NA,NA,NA,NA,NA,NA,NA,0.00,NA,NA,NA
2025-12-23 06:00:00,194.22,392.60,287.42,109.96,292.17,NA,NA,2.80,7.50,NA,NA,NA,NA,NA,NA,NA,NA,NA,NA,NA,0.00,NA,NA,NA
2025-12-23 07:00:00,170.44,367.60,281.00,104.06,283.80,NA,NA,2.89,9.38,NA,NA,NA,NA,NA,NA,NA,NA,NA,NA,NA,0.00,NA,NA,NA
2025-12-23 08:00:00,208.92,407.38,268.95,112.68,278.59,NA,NA,2.86,9.70,NA,NA,NA,NA,NA,NA,NA,NA,NA,NA,NA,0.00,NA,NA,NA
2025-12-23 09:00:00,214.23,409.23,220.93,184.69,277.84,NA,NA,2.78,8.40,NA,NA,NA,NA,NA,NA,NA,NA,NA,NA,NA,0.00,NA,NA,NA
2025-12-23 10:00:00,170.60,300.76,137.56,242.05,240.58,NA,NA,2.24,1.16,NA,NA,NA,NA,NA,NA,NA,NA,NA,NA,NA,0.00,NA,NA,NA
2025-12-23 11:00:00,109.67,197.06,68.24,240.27,183.26,NA,NA,1.84,8.04,NA,NA,NA,NA,NA,NA,NA,NA,NA,NA,NA,0.00,NA,NA,NA
2025-12-23 12:00:00,153.15,269.44,38.98,222.10,149.83,NA,NA,1.76,17.66,NA,NA,NA,NA,NA,NA,NA,NA,NA,NA,NA,0.00,NA,NA,NA
2025-12-23 13:00:00,183.98,334.31,35.95,205.89,138.74,NA,NA,1.69,25.49,NA,NA,NA,NA,NA,NA,NA,NA,NA,NA,NA,0.00,NA,NA,NA
2025-12-23 14:00:00,185.95,266.51,33.70,187.67,127.22,NA,NA,1.57,32.46,NA,NA,NA,NA,NA,NA,NA,NA,NA,NA,NA,0.00,NA,NA,NA
2025-12-23 15:00:00,163.91,234.12,32.59,181.16,122.86,NA,NA,1.46,40.83,NA,NA,NA,NA,NA,NA,NA,NA,NA,NA,NA,0.00,NA,NA,NA
2025-12-23 16:00:00,154.56,237.17,32.64,209.66,138.06,NA,NA,1.48,38.81,NA,NA,NA,NA,NA,NA,NA,NA,NA,NA,NA,0.00,NA,NA,NA
2025-12-23 17:00:00,157.06,300.71,32.10,205.90,135.62,NA,NA,1.48,34.60,NA,NA,NA,NA,NA,NA,NA,NA,NA,NA,NA,0.00,NA,NA,NA
2025-12-23 18:00:00,176.05,323.23,32.33,232.51,149.97,NA,NA,1.67,24.12,NA,NA,NA,NA,NA,NA,NA,NA,NA,NA,NA,0.00,NA,NA,NA
2025-12-23 19:00:00,237.19,396.72,33.62,250.30,160.46,NA,NA,1.93,13.55,NA,NA,NA,NA,NA,NA,NA,NA,NA,NA,NA,0.00,NA,NA,NA
2025-12-23 20:00:00,257.22,408.97,34.76,239.77,155.80,NA,NA,2.09,11.60,NA,NA,NA,NA,NA,NA,NA,NA,NA,NA,NA,0.00,NA,NA,NA
2025-12-23 21:00:00,204.04,345.81,34.62,216.89,143.50,NA,NA,2.02,12.30,NA,NA,NA,NA,NA,NA,NA,NA,NA,NA,NA,0.00,NA,NA,NA
2025-12-23 22:00:00,161.41,257.73,34.13,195.38,131.67,NA,NA,1.90,10.46,NA,NA,NA,NA,NA,NA,NA,NA,NA,NA,NA,0.00,NA,NA,NA
2025-12-23 23:00:00,125.46,291.23,35.13,168.08,117.95,NA,NA,1.83,10.48,NA,NA,NA,NA,NA,NA,NA,NA,NA,NA,NA,0.00,NA,NA,NA
2025-12-24 00:00:00,106.09,233.45,32.62,148.55,105.53,NA,NA,1.63,14.74,NA,NA,NA,NA,NA,NA,NA,NA,NA,NA,NA,0.00,NA,NA,NA
2025-12-24 01:00:00,108.29,183.30,29.52,144.48,100.85,NA,NA,1.48,14.89,NA,NA,NA,NA,NA,NA,NA,NA,NA,NA,NA,0.00,NA,NA,NA
2025-12-24 02:00:00,110.48,151.28,28.33,137.38,96.10,NA,NA,1.30,18.18,NA,NA,NA,NA,NA,NA,NA,NA,NA,NA,NA,0.00,NA,NA,NA
2025-12-24 03:00:00,113.40,171.60,27.87,127.90,90.69,NA,NA,1.14,20.43,NA,NA,NA,NA,NA,NA,NA,NA,NA,NA,NA,0.00,NA,NA,NA
2025-12-24 04:00:00,95.62,179.16,27.64,119.64,86.11,NA,NA,1.06,19.39,NA,NA,NA,NA,NA,NA,NA,NA,NA,NA,NA,0.00,NA,NA,NA
2025-12-24 05:00:00,101.76,153.00,26.74,122.12,86.70,NA,NA,1.03,18.78,NA,NA,NA,NA,NA,NA,NA,NA,NA,NA,NA,0.00,NA,NA,NA
2025-12-24 06:00:00,95.38,135.50,26.42,131.63,91.50,NA,NA,0.99,16.52,NA,NA,NA,NA,NA,NA,NA,NA,NA,NA,NA,0.00,NA,NA,NA
2025-12-24 07:00:00,87.41,108.52,27.99,143.38,99.03,NA,NA,0.96,13.16,NA,NA,NA,NA,NA,NA,NA,NA,NA,NA,NA,0.00,NA,NA,NA
2025-12-24 08:00:00,90.18,127.39,36.92,161.54,115.94,NA,NA,0.98,10.50,NA,NA,NA,NA,NA,NA,NA,NA,NA,NA,NA,0.00,NA,NA,NA
2025-12-24 09:00:00,87.00,143.82,37.52,167.50,119.59,NA,NA,0.91,6.53,NA,NA,NA,NA,NA,NA,NA,NA,NA,NA,NA,0.00,NA,NA,NA
2025-12-24 10:00:00,52.06,160.67,31.63,159.77,110.70,NA,NA,0.85,6.36,NA,NA,NA,NA,NA,NA,NA,NA,NA,NA,NA,0.00,NA,NA,NA
2025-12-24 11:00:00,35.53,115.73,27.21,136.68,94.84,NA,NA,0.70,5.91,NA,NA,NA,NA,NA,NA,NA,NA,NA,NA,NA,0.00,NA,NA,NA
2025-12-24 12:00:00,21.40,70.61,24.80,127.04,87.74,NA,NA,0.55,7.68,NA,NA,NA,NA,NA,NA,NA,NA,NA,NA,NA,0.00,NA,NA,NA
2025-12-24 13:00:00,14.63,66.56,23.69,114.66,80.25,NA,NA,0.47,13.75,NA,NA,NA,NA,NA,NA,NA,NA,NA,NA,NA,0.00,NA,NA,NA
2025-12-24 14:00:00,18.06,81.34,22.95,114.96,79.82,NA,NA,0.41,20.33,NA,NA,NA,NA,NA,NA,NA,NA,NA,NA,NA,0.00,NA,NA,NA
2025-12-24 15:00:00,23.90,83.76,22.42,120.43,82.28,NA,NA,0.40,27.48,NA,NA,NA,NA,NA,NA,NA,NA,NA,NA,NA,0.00,NA,NA,NA
2025-12-24 16:00:00,30.29,85.25,21.36,115.50,78.81,NA,NA,0.38,40.89,NA,NA,NA,NA,NA,NA,NA,NA,NA,NA,NA,0.00,NA,NA,NA
2025-12-24 17:00:00,37.24,98.88,21.40,136.83,90.18,NA,NA,0.43,39.70,NA,NA,NA,NA,NA,NA,NA,NA,NA,NA,NA,0.00,NA,NA,NA
2025-12-24 18:00:00,50.78,117.41,22.06,177.11,112.15,NA,NA,0.53,26.85,NA,NA,NA,NA,NA,NA,NA,NA,NA,NA,NA,0.00,NA,NA,NA
2025-12-24 19:00:00,66.16,190.33,22.82,201.67,125.82,NA,NA,0.67,12.29,NA,NA,NA,NA,NA,NA,NA,NA,NA,NA,NA,0.00,NA,NA,NA
2025-12-24 20:00:00,111.91,200.74,24.52,190.92,121.47,NA,NA,0.74,10.45,NA,NA,NA,NA,NA,NA,NA,NA,NA,NA,NA,0.00,NA,NA,NA
2025-12-24 21:00:00,97.94,165.20,26.98,183.31,119.45,NA,NA,0.80,7.96,NA,NA,NA,NA,NA,NA,NA,NA,NA,NA,NA,0.00,NA,NA,NA
2025-12-24 22:00:00,144.96,268.60,97.92,225.02,199.34,NA,NA,1.28,8.26,NA,NA,NA,NA,NA,NA,NA,NA,NA,NA,NA,0.00,NA,NA,NA
2025-12-24 23:00:00,190.47,415.27,176.09,211.61,255.71,NA,NA,1.72,9.36,NA,NA,NA,NA,NA,NA,NA,NA,NA,NA,NA,0.00,NA,NA,NA
2025-12-25 00:00:00,169.97,294.53,130.30,184.79,204.22,NA,NA,1.60,6.18,NA,NA,NA,NA,NA,NA,NA,NA,NA,NA,NA,0.00,NA,NA,NA
2025-12-25 01:00:00,142.74,239.18,158.47,169.81,219.16,NA,NA,1.72,6.72,NA,NA,NA,NA,NA,NA,NA,NA,NA,NA,NA,0.00,NA,NA,NA
2025-12-25 02:00:00,119.71,189.70,111.82,145.96,168.53,NA,NA,1.48,5.94,NA,NA,NA,NA,NA,NA,NA,NA,NA,NA,NA,0.00,NA,NA,NA
2025-12-25 03:00:00,86.40,144.76,88.18,130.43,141.07,NA,NA,1.36,6.26,NA,NA,NA,NA,NA,NA,NA,NA,NA,NA,NA,0.00,NA,NA,NA
2025-12-25 04:00:00,98.10,173.90,98.87,171.60,171.66,NA,NA,1.31,8.91,NA,NA,NA,NA,NA,NA,NA,NA,NA,NA,NA,0.00,NA,NA,NA
2025-12-25 05:00:00,120.33,202.36,74.58,183.66,158.30,NA,NA,1.17,6.60,NA,NA,NA,NA,NA,NA,NA,NA,NA,NA,NA,0.00,NA,NA,NA
2025-12-25 06:00:00,86.91,144.54,61.39,135.20,121.83,NA,NA,1.06,5.44,NA,NA,NA,NA,NA,NA,NA,NA,NA,NA,NA,0.00,NA,NA,NA
2025-12-25 07:00:00,61.10,135.98,59.56,119.80,112.14,NA,NA,0.99,6.80,NA,NA,NA,NA,NA,NA,NA,NA,NA,NA,NA,0.00,NA,NA,NA
2025-12-25 08:00:00,102.62,172.94,78.41,187.68,163.60,NA,NA,1.09,13.18,NA,NA,NA,NA,NA,NA,NA,NA,NA,NA,NA,0.00,NA,NA,NA
2025-12-25 09:00:00,127.50,250.06,52.61,254.86,178.32,NA,NA,1.08,9.88,NA,NA,NA,NA,NA,NA,NA,NA,NA,NA,NA,0.00,NA,NA,NA
2025-12-25 10:00:00,97.64,194.21,28.38,202.77,130.92,NA,NA,0.89,13.83,NA,NA,NA,NA,NA,NA,NA,NA,NA,NA,NA,0.00,NA,NA,NA
2025-12-25 11:00:00,59.23,148.61,21.90,172.87,109.75,NA,NA,0.76,12.81,NA,NA,NA,NA,NA,NA,NA,NA,NA,NA,NA,0.00,NA,NA,NA
2025-12-25 12:00:00,53.19,108.92,21.39,161.56,103.32,NA,NA,0.66,19.25,NA,NA,NA,NA,NA,NA,NA,NA,NA,NA,NA,0.00,NA,NA,NA
2025-12-25 13:00:00,63.57,142.86,19.05,149.25,94.88,NA,NA,0.62,26.23,NA,NA,NA,NA,NA,NA,NA,NA,NA,NA,NA,0.00,NA,NA,NA
2025-12-25 14:00:00,45.94,125.73,18.12,151.31,95.22,NA,NA,0.56,30.52,NA,NA,NA,NA,NA,NA,NA,NA,NA,NA,NA,0.00,NA,NA,NA
2025-12-25 15:00:00,52.02,127.62,17.82,146.59,92.47,NA,NA,0.55,41.57,NA,NA,NA,NA,NA,NA,NA,NA,NA,NA,NA,0.00,NA,NA,NA
2025-12-25 16:00:00,62.33,146.71,17.34,144.49,90.96,NA,NA,0.57,53.47,NA,NA,NA,NA,NA,NA,NA,NA,NA,NA,NA,0.00,NA,NA,NA
2025-12-25 17:00:00,71.41,149.03,17.31,149.20,93.44,NA,NA,0.60,35.85,NA,NA,NA,NA,NA,NA,NA,NA,NA,NA,NA,0.00,NA,NA,NA
2025-12-25 18:00:00,82.90,161.79,17.94,146.04,92.27,NA,NA,0.60,22.29,NA,NA,NA,NA,NA,NA,NA,NA,NA,NA,NA,0.00,NA,NA,NA
2025-12-25 19:00:00,92.14,141.88,18.84,154.74,97.62,NA,NA,0.67,17.63,NA,NA,NA,NA,NA,NA,NA,NA,NA,NA,NA,0.00,NA,NA,NA
2025-12-25 20:00:00,119.74,190.92,19.16,141.96,91.08,NA,NA,0.68,14.30,NA,NA,NA,NA,NA,NA,NA,NA,NA,NA,NA,0.00,NA,NA,NA
2025-12-25 21:00:00,126.30,210.86,20.52,123.64,82.44,NA,NA,0.73,12.37,NA,NA,NA,NA,NA,NA,NA,NA,NA,NA,NA,0.00,NA,NA,NA
2025-12-25 22:00:00,116.40,202.45,20.63,122.54,81.95,NA,NA,0.76,9.26,NA,NA,NA,NA,NA,NA,NA,NA,NA,NA,NA,0.00,NA,NA,NA
2025-12-25 23:00:00,117.28,190.34,21.71,131.40,87.55,NA,NA,0.90,7.10,NA,NA,NA,NA,NA,NA,NA,NA,NA,NA,NA,0.00,NA,NA,NA
2025-12-26 00:00:00,161.62,226.25,29.76,146.11,101.92,NA,NA,1.16,6.98,NA,NA,NA,NA,NA,NA,NA,NA,NA,NA,NA,0.00,NA,NA,NA
2025-12-26 01:00:00,186.24,282.10,74.32,145.13,137.62,NA,NA,1.32,7.29,NA,NA,NA,NA,NA,NA,NA,NA,NA,NA,NA,0.00,NA,NA,NA
2025-12-26 02:00:00,167.93,267.32,42.52,126.68,101.94,NA,NA,1.37,7.62,NA,NA,NA,NA,NA,NA,NA,NA,NA,NA,NA,0.00,NA,NA,NA
2025-12-26 03:00:00,166.19,247.38,55.22,132.50,115.37,NA,NA,1.61,7.60,NA,NA,NA,NA,NA,NA,NA,NA,NA,NA,NA,0.00,NA,NA,NA
2025-12-26 04:00:00,160.48,241.17,70.29,107.65,114.43,NA,NA,1.66,6.94,NA,NA,NA,NA,NA,NA,NA,NA,NA,NA,NA,0.00,NA,NA,NA
2025-12-26 05:00:00,192.77,272.93,207.59,116.88,231.00,NA,NA,1.96,7.50,NA,NA,NA,NA,NA,NA,NA,NA,NA,NA,NA,0.00,NA,NA,NA
2025-12-26 06:00:00,210.07,339.84,287.13,146.77,311.50,NA,NA,2.07,8.48,NA,NA,NA,NA,NA,NA,NA,NA,NA,NA,NA,0.00,NA,NA,NA
2025-12-26 07:00:00,187.24,326.49,305.82,100.03,301.84,NA,NA,2.08,9.25,NA,NA,NA,NA,NA,NA,NA,NA,NA,NA,NA,0.00,NA,NA,NA
2025-12-26 08:00:00,225.21,352.40,292.62,126.45,305.16,NA,NA,2.14,8.53,NA,NA,NA,NA,NA,NA,NA,NA,NA,NA,NA,0.00,NA,NA,NA
2025-12-26 09:00:00,197.77,316.09,227.64,265.52,326.29,NA,NA,2.05,11.88,NA,NA,NA,NA,NA,NA,NA,NA,NA,NA,NA,0.00,NA,NA,NA
2025-12-26 10:00:00,184.68,336.62,129.15,360.12,296.51,NA,NA,1.78,12.96,NA,NA,NA,NA,NA,NA,NA,NA,NA,NA,NA,0.00,NA,NA,NA
2025-12-26 11:00:00,116.44,295.79,48.65,341.80,221.34,NA,NA,1.44,32.29,NA,NA,NA,NA,NA,NA,NA,NA,NA,NA,NA,0.00,NA,NA,NA
2025-12-26 12:00:00,91.06,224.24,19.98,244.53,146.30,NA,NA,1.12,29.68,NA,NA,NA,NA,NA,NA,NA,NA,NA,NA,NA,0.00,NA,NA,NA
2025-12-26 13:00:00,85.28,173.85,17.27,186.41,113.20,NA,NA,0.96,34.48,NA,NA,NA,NA,NA,NA,NA,NA,NA,NA,NA,0.00,NA,NA,NA
2025-12-26 14:00:00,75.43,153.34,16.70,167.53,102.69,NA,NA,0.88,42.36,NA,NA,NA,NA,NA,NA,NA,NA,NA,NA,NA,0.00,NA,NA,NA
2025-12-26 15:00:00,74.74,139.91,15.58,152.76,93.93,NA,NA,0.78,50.38,NA,NA,NA,NA,NA,NA,NA,NA,NA,NA,NA,0.00,NA,NA,NA
2025-12-26 16:00:00,71.86,143.57,15.48,148.50,91.57,NA,NA,0.74,57.06,NA,NA,NA,NA,NA,NA,NA,NA,NA,NA,NA,0.00,NA,NA,NA
2025-12-26 17:00:00,83.46,148.65,16.20,154.70,95.46,NA,NA,0.72,45.14,NA,NA,NA,NA,NA,NA,NA,NA,NA,NA,NA,0.00,NA,NA,NA
2025-12-26 18:00:00,92.28,169.09,17.35,153.74,95.88,NA,NA,0.77,25.91,NA,NA,NA,NA,NA,NA,NA,NA,NA,NA,NA,0.00,NA,NA,NA
2025-12-26 19:00:00,130.18,221.14,17.87,170.50,105.22,NA,NA,0.90,14.04,NA,NA,NA,NA,NA,NA,NA,NA,NA,NA,NA,0.00,NA,NA,NA
2025-12-26 20:00:00,169.01,274.20,18.96,168.99,105.30,NA,NA,1.06,8.15,NA,NA,NA,NA,NA,NA,NA,NA,NA,NA,NA,0.00,NA,NA,NA
2025-12-26 21:00:00,252.56,331.95,22.99,179.86,114.37,NA,NA,1.32,7.26,NA,NA,NA,NA,NA,NA,NA,NA,NA,NA,NA,0.00,NA,NA,NA
2025-12-26 22:00:00,233.17,366.39,28.40,175.61,116.50,NA,NA,1.35,6.81,NA,NA,NA,NA,NA,NA,NA,NA,NA,NA,NA,0.00,NA,NA,NA
2025-12-26 23:00:00,185.22,NA,47.94,162.69,125.52,NA,NA,1.52,7.81,NA,NA,NA,NA,NA,NA,NA,NA,NA,NA,NA,0.00,NA,NA,NA
2025-12-27 00:00:00,228.32,NA,87.56,151.94,152.02,NA,NA,1.75,6.76,NA,NA,NA,NA,NA,NA,NA,NA,NA,NA,NA,0.00,NA,NA,NA
2025-12-27 01:00:00,235.33,NA,149.62,129.77,190.69,NA,NA,2.11,7.82,NA,NA,NA,NA,NA,NA,NA,NA,NA,NA,NA,0.00,NA,NA,NA
2025-12-27 02:00:00,232.44,NA,179.22,108.36,203.36,NA,NA,2.35,7.07,NA,NA,NA,NA,NA,NA,NA,NA,NA,NA,NA,0.00,NA,NA,NA
2025-12-27 03:00:00,236.00,NA,192.56,98.78,209.10,NA,NA,2.38,7.12,NA,NA,NA,NA,NA,NA,NA,NA,NA,NA,NA,0.00,NA,NA,NA
2025-12-27 04:00:00,242.56,NA,157.39,107.54,185.17,NA,NA,2.22,7.02,NA,NA,NA,NA,NA,NA,NA,NA,NA,NA,NA,0.00,NA,NA,NA
2025-12-27 05:00:00,242.21,NA,237.02,131.93,262.90,NA,NA,2.30,9.24,NA,NA,NA,NA,NA,NA,NA,NA,NA,NA,NA,0.00,NA,NA,NA
2025-12-27 06:00:00,215.87,NA,250.75,113.88,264.44,NA,NA,2.20,6.17,NA,NA,NA,NA,NA,NA,NA,NA,NA,NA,NA,0.00,NA,NA,NA
2025-12-27 07:00:00,207.08,NA,250.66,121.06,268.19,NA,NA,2.12,7.38,NA,NA,NA,NA,NA,NA,NA,NA,NA,NA,NA,0.00,NA,NA,NA
2025-12-27 08:00:00,246.48,NA,234.06,147.81,268.90,NA,NA,2.13,9.76,NA,NA,NA,NA,NA,NA,NA,NA,NA,NA,NA,0.00,NA,NA,NA
2025-12-27 09:00:00,230.40,NA,157.34,210.65,239.95,NA,NA,2.01,9.96,NA,NA,NA,NA,NA,NA,NA,NA,NA,NA,NA,0.00,NA,NA,NA
2025-12-27 10:00:00,221.62,NA,102.29,257.35,220.04,NA,NA,1.85,8.20,NA,NA,NA,NA,NA,NA,NA,NA,NA,NA,NA,0.00,NA,NA,NA
2025-12-27 11:00:00,222.79,367.62,32.56,308.55,190.57,NA,NA,1.42,16.48,NA,NA,NA,NA,NA,NA,NA,NA,NA,NA,NA,0.00,NA,NA,NA
2025-12-27 12:00:00,205.18,384.66,NA,NA,NA,NA,NA,1.12,29.83,NA,NA,NA,NA,NA,NA,NA,NA,NA,NA,NA,0.00,NA,NA,NA
2025-12-27 13:00:00,165.06,298.99,5.04,36.03,23.27,NA,NA,0.98,40.07,NA,NA,NA,NA,NA,NA,NA,NA,NA,NA,NA,0.00,NA,NA,NA
2025-12-27 14:00:00,138.30,278.56,4.63,29.72,19.58,NA,NA,0.76,47.41,NA,NA,NA,NA,NA,NA,NA,NA,NA,NA,NA,0.00,NA,NA,NA
2025-12-27 15:00:00,114.95,221.57,4.66,29.48,19.47,NA,NA,0.84,51.62,NA,NA,NA,NA,NA,NA,NA,NA,NA,NA,NA,0.00,NA,NA,NA
2025-12-27 16:00:00,130.20,200.11,4.52,28.80,18.99,NA,NA,0.81,56.94,NA,NA,NA,NA,NA,NA,NA,NA,NA,NA,NA,0.00,NA,NA,NA
2025-12-27 17:00:00,121.41,235.62,4.68,26.60,17.95,NA,NA,0.86,36.90,NA,NA,NA,NA,NA,NA,NA,NA,NA,NA,NA,0.00,NA,NA,NA
2025-12-27 18:00:00,144.41,243.20,4.80,27.66,18.61,NA,NA,0.96,21.28,NA,NA,NA,NA,NA,NA,NA,NA,NA,NA,NA,0.00,NA,NA,NA
2025-12-27 19:00:00,195.96,259.00,5.04,31.49,20.85,NA,NA,1.05,13.02,NA,NA,NA,NA,NA,NA,NA,NA,NA,NA,NA,0.00,NA,NA,NA
2025-12-27 20:00:00,238.53,320.76,5.41,33.47,22.20,NA,NA,1.32,9.84,NA,NA,NA,NA,NA,NA,NA,NA,NA,NA,NA,0.00,NA,NA,NA
2025-12-27 21:00:00,292.67,482.55,8.28,33.92,24.78,NA,NA,1.77,8.89,NA,NA,NA,NA,NA,NA,NA,NA,NA,NA,NA,0.00,NA,NA,NA
2025-12-27 22:00:00,295.99,467.11,7.55,32.62,23.49,NA,NA,2.02,7.98,NA,NA,NA,NA,NA,NA,NA,NA,NA,NA,NA,0.00,NA,NA,NA
2025-12-27 23:00:00,274.50,428.75,8.67,29.51,22.75,NA,NA,2.11,5.64,NA,NA,NA,NA,NA,NA,NA,NA,NA,NA,NA,0.00,NA,NA,NA
2025-12-28 00:00:00,224.45,347.18,10.69,26.82,22.96,NA,NA,2.11,6.42,NA,NA,NA,NA,NA,NA,NA,NA,NA,NA,NA,0.00,NA,NA,NA
2025-12-28 01:00:00,214.65,331.90,12.54,22.85,22.35,NA,NA,2.14,6.90,NA,NA,NA,NA,NA,NA,NA,NA,NA,NA,NA,0.00,NA,NA,NA
2025-12-28 02:00:00,260.12,402.28,27.30,19.72,32.69,NA,NA,2.51,8.52,NA,NA,NA,NA,NA,NA,NA,NA,NA,NA,NA,0.00,NA,NA,NA
2025-12-28 03:00:00,262.36,430.60,34.29,18.26,37.60,NA,NA,2.76,7.46,NA,NA,NA,NA,NA,NA,NA,NA,NA,NA,NA,0.00,NA,NA,NA
2025-12-28 04:00:00,268.88,411.58,43.04,17.08,44.08,NA,NA,2.75,7.09,NA,NA,NA,NA,NA,NA,NA,NA,NA,NA,NA,0.00,NA,NA,NA
2025-12-28 05:00:00,274.77,415.64,53.87,21.73,55.36,NA,NA,2.86,8.41,NA,NA,NA,NA,NA,NA,NA,NA,NA,NA,NA,0.00,NA,NA,NA
2025-12-28 06:00:00,262.91,404.44,58.41,16.10,56.06,NA,NA,2.85,7.44,NA,NA,NA,NA,NA,NA,NA,NA,NA,NA,NA,0.00,NA,NA,NA
2025-12-28 07:00:00,268.41,417.79,59.73,13.10,55.53,NA,NA,2.78,8.12,NA,NA,NA,NA,NA,NA,NA,NA,NA,NA,NA,0.00,NA,NA,NA
2025-12-28 08:00:00,258.64,364.89,58.21,13.47,54.49,NA,NA,2.85,12.20,NA,NA,NA,NA,NA,NA,NA,NA,NA,NA,NA,0.00,NA,NA,NA
2025-12-28 09:00:00,245.09,416.54,44.78,36.55,55.84,NA,NA,2.73,8.70,NA,NA,NA,NA,NA,NA,NA,NA,NA,NA,NA,0.00,NA,NA,NA
2025-12-28 10:00:00,261.66,429.22,25.80,52.84,49.07,NA,NA,2.30,10.16,NA,NA,NA,NA,NA,NA,NA,NA,NA,NA,NA,0.00,NA,NA,NA
2025-12-28 11:00:00,202.29,323.18,11.33,47.62,34.53,NA,NA,1.78,25.38,NA,NA,NA,NA,NA,NA,NA,NA,NA,NA,NA,0.00,NA,NA,NA
2025-12-28 12:00:00,168.94,316.79,5.70,41.74,26.83,NA,NA,1.58,36.76,NA,NA,NA,NA,NA,NA,NA,NA,NA,NA,NA,0.00,NA,NA,NA
2025-12-28 13:00:00,131.89,264.09,4.81,33.66,21.82,NA,NA,1.39,49.36,NA,NA,NA,NA,NA,NA,NA,NA,NA,NA,NA,0.00,NA,NA,NA
2025-12-28 14:00:00,99.19,206.10,4.55,27.48,18.32,NA,NA,1.19,47.97,NA,NA,NA,NA,NA,NA,NA,NA,NA,NA,NA,0.00,NA,NA,NA
2025-12-28 15:00:00,90.78,174.23,4.62,26.02,17.60,NA,NA,1.08,56.96,NA,NA,NA,NA,NA,NA,NA,NA,NA,NA,NA,0.00,NA,NA,NA
2025-12-28 16:00:00,103.92,220.77,4.62,25.83,17.49,NA,NA,1.01,58.92,NA,NA,NA,NA,NA,NA,NA,NA,NA,NA,NA,0.00,NA,NA,NA
2025-12-28 17:00:00,143.81,232.27,4.66,25.91,17.57,NA,NA,1.04,37.71,NA,NA,NA,NA,NA,NA,NA,NA,NA,NA,NA,0.00,NA,NA,NA
2025-12-28 18:00:00,155.29,240.71,4.70,26.27,17.80,NA,NA,1.01,19.68,NA,NA,NA,NA,NA,NA,NA,NA,NA,NA,NA,0.00,NA,NA,NA
2025-12-28 19:00:00,230.98,318.29,6.19,29.42,20.68,NA,NA,1.43,11.00,NA,NA,NA,NA,NA,NA,NA,NA,NA,NA,NA,0.00,NA,NA,NA
2025-12-28 20:00:00,368.93,548.88,8.44,29.70,22.66,NA,NA,2.13,10.15,NA,NA,NA,NA,NA,NA,NA,NA,NA,NA,NA,0.00,NA,NA,NA
2025-12-28 21:00:00,425.30,712.08,7.38,27.44,20.59,NA,NA,2.58,8.00,NA,NA,NA,NA,NA,NA,NA,NA,NA,NA,NA,0.00,NA,NA,NA
2025-12-28 22:00:00,434.98,728.62,7.75,23.24,18.66,NA,NA,2.88,7.66,NA,NA,NA,NA,NA,NA,NA,NA,NA,NA,NA,0.00,NA,NA,NA
2025-12-28 23:00:00,356.71,664.74,11.30,22.65,21.24,NA,NA,2.97,7.66,NA,NA,NA,NA,NA,NA,NA,NA,NA,NA,NA,0.00,NA,NA,NA
2025-12-29 00:00:00,259.68,474.21,7.95,25.44,19.99,NA,NA,2.77,8.64,NA,NA,NA,NA,NA,NA,NA,NA,NA,NA,NA,0.00,NA,NA,NA
2025-12-29 01:00:00,164.01,349.60,6.03,24.85,18.12,NA,NA,2.54,8.67,NA,NA,NA,NA,NA,NA,NA,NA,NA,NA,NA,0.00,NA,NA,NA
2025-12-29 02:00:00,133.62,295.79,5.37,24.18,17.23,NA,NA,2.49,7.36,NA,NA,NA,NA,NA,NA,NA,NA,NA,NA,NA,0.00,NA,NA,NA
2025-12-29 03:00:00,121.70,267.18,5.17,24.67,17.32,NA,NA,2.35,7.18,NA,NA,NA,NA,NA,NA,NA,NA,NA,NA,NA,0.00,NA,NA,NA
2025-12-29 04:00:00,114.74,196.25,5.11,22.40,16.07,NA,NA,2.20,8.81,NA,NA,NA,NA,NA,NA,NA,NA,NA,NA,NA,0.00,NA,NA,NA
2025-12-29 05:00:00,132.30,198.52,5.15,20.09,14.88,NA,NA,2.09,9.94,NA,NA,NA,NA,NA,NA,NA,NA,NA,NA,NA,0.00,NA,NA,NA
2025-12-29 06:00:00,95.66,199.67,4.96,18.86,14.07,NA,NA,2.00,9.72,NA,NA,NA,NA,NA,NA,NA,NA,NA,NA,NA,0.00,NA,NA,NA
2025-12-29 07:00:00,91.07,175.88,4.95,19.78,14.54,NA,NA,1.93,8.32,NA,NA,NA,NA,NA,NA,NA,NA,NA,NA,NA,0.00,NA,NA,NA
2025-12-29 08:00:00,81.99,159.30,5.15,19.63,14.63,NA,NA,1.80,8.50,NA,NA,NA,NA,NA,NA,NA,NA,NA,NA,NA,0.00,NA,NA,NA
2025-12-29 09:00:00,84.78,169.18,5.19,18.45,14.04,NA,NA,1.69,8.68,NA,NA,NA,NA,NA,NA,NA,NA,NA,NA,NA,0.00,NA,NA,NA
2025-12-29 10:00:00,92.34,173.08,5.34,17.90,13.86,NA,NA,1.62,8.45,NA,NA,NA,NA,NA,NA,NA,NA,NA,NA,NA,0.00,NA,NA,NA
2025-12-29 11:00:00,104.17,192.80,5.20,19.54,14.62,NA,NA,1.55,6.79,NA,NA,NA,NA,NA,NA,NA,NA,NA,NA,NA,0.00,NA,NA,NA
2025-12-29 12:00:00,131.62,189.15,5.52,20.79,15.54,NA,NA,1.47,9.55,NA,NA,NA,NA,NA,NA,NA,NA,NA,NA,NA,0.00,NA,NA,NA
2025-12-29 13:00:00,158.75,230.68,5.76,22.06,16.42,NA,NA,1.43,7.84,NA,NA,NA,NA,NA,NA,NA,NA,NA,NA,NA,0.00,NA,NA,NA
2025-12-29 14:00:00,186.25,246.90,5.12,19.50,14.54,NA,NA,1.35,7.69,NA,NA,NA,NA,NA,NA,NA,NA,NA,NA,NA,0.00,NA,NA,NA
2025-12-29 15:00:00,171.62,232.27,4.94,20.76,15.06,NA,NA,1.35,4.38,NA,NA,NA,NA,NA,NA,NA,NA,NA,NA,NA,0.00,NA,NA,NA
2025-12-29 16:00:00,202.28,260.62,4.90,20.09,14.67,NA,NA,1.39,11.84,NA,NA,NA,NA,NA,NA,NA,NA,NA,NA,NA,0.00,NA,NA,NA
2025-12-29 17:00:00,193.90,278.83,4.95,20.80,15.10,NA,NA,1.45,10.10,NA,NA,NA,NA,NA,NA,NA,NA,NA,NA,NA,0.00,NA,NA,NA
2025-12-29 18:00:00,221.91,333.90,5.13,20.94,15.31,NA,NA,1.55,6.10,NA,NA,NA,NA,NA,NA,NA,NA,NA,NA,NA,0.00,NA,NA,NA
2025-12-29 19:00:00,203.51,333.85,5.37,20.89,15.48,NA,NA,1.59,11.82,NA,NA,NA,NA,NA,NA,NA,NA,NA,NA,NA,0.00,NA,NA,NA
2025-12-29 20:00:00,125.42,257.57,5.10,20.95,15.29,NA,NA,1.62,10.49,NA,NA,NA,NA,NA,NA,NA,NA,NA,NA,NA,0.00,NA,NA,NA
2025-12-29 21:00:00,97.80,193.48,5.05,20.47,15.00,NA,NA,1.63,8.74,NA,NA,NA,NA,NA,NA,NA,NA,NA,NA,NA,0.00,NA,NA,NA
2025-12-29 22:00:00,85.62,152.13,5.24,21.11,15.48,NA,NA,1.62,7.99,NA,NA,NA,NA,NA,NA,NA,NA,NA,NA,NA,0.00,NA,NA,NA
2025-12-29 23:00:00,80.65,139.20,5.36,20.28,15.14,NA,NA,1.58,9.52,NA,NA,NA,NA,NA,NA,NA,NA,NA,NA,NA,0.00,NA,NA,NA
2025-12-30 00:00:00,68.59,135.11,5.26,20.56,15.21,NA,NA,1.53,10.32,NA,NA,NA,NA,NA,NA,NA,NA,NA,NA,NA,0.00,NA,NA,NA
2025-12-30 01:00:00,69.05,97.58,4.95,20.50,14.93,NA,NA,1.44,12.24,NA,NA,NA,NA,NA,NA,NA,NA,NA,NA,NA,0.00,NA,NA,NA
2025-12-30 02:00:00,70.97,102.84,5.01,22.24,15.90,NA,NA,1.46,10.44,NA,NA,NA,NA,NA,NA,NA,NA,NA,NA,NA,0.00,NA,NA,NA
2025-12-30 03:00:00,NA,NA,NA,NA,NA,NA,NA,NA,NA,NA,NA,NA,NA,NA,NA,NA,NA,NA,NA,NA,0.00,NA,NA,NA
2025-12-30 04:00:00,NA,NA,NA,NA,NA,NA,NA,NA,NA,NA,NA,NA,NA,NA,NA,NA,NA,NA,NA,NA,0.00,NA,NA,NA
2025-12-30 05:00:00,NA,NA,NA,NA,NA,NA,NA,NA,NA,NA,NA,NA,NA,NA,NA,NA,NA,NA,NA,NA,0.00,NA,NA,NA
2025-12-30 06:00:00,NA,NA,NA,NA,NA,NA,NA,NA,NA,NA,NA,NA,NA,NA,NA,NA,NA,NA,NA,NA,0.00,NA,NA,NA
2025-12-30 07:00:00,NA,NA,NA,NA,NA,NA,NA,NA,NA,NA,NA,NA,NA,NA,NA,NA,NA,NA,NA,NA,0.00,NA,NA,NA
2025-12-30 08:00:00,83.95,229.56,70.47,1.98,58.20,NA,NA,3.53,10.65,NA,NA,NA,NA,NA,NA,NA,NA,NA,NA,NA,0.00,NA,NA,NA
2025-12-30 09:00:00,47.70,633.94,7.93,23.73,19.08,NA,NA,1.90,6.07,NA,NA,NA,NA,NA,NA,NA,NA,NA,NA,NA,0.00,NA,NA,NA
2025-12-30 10:00:00,39.90,184.17,7.82,26.46,20.43,NA,NA,1.68,8.52,NA,NA,NA,NA,NA,NA,NA,NA,NA,NA,NA,0.00,NA,NA,NA
2025-12-30 11:00:00,106.41,208.40,7.27,27.35,20.45,NA,NA,1.58,7.94,NA,NA,NA,NA,NA,NA,NA,NA,NA,NA,NA,0.00,NA,NA,NA
2025-12-30 12:00:00,138.07,147.80,6.69,33.87,23.45,NA,NA,1.54,8.75,NA,NA,NA,NA,NA,NA,NA,NA,NA,NA,NA,0.00,NA,NA,NA
2025-12-30 13:00:00,124.30,241.30,5.67,31.00,21.11,NA,NA,1.44,8.77,NA,NA,NA,NA,NA,NA,NA,NA,NA,NA,NA,0.00,NA,NA,NA
2025-12-30 14:00:00,95.90,251.79,5.39,37.25,24.20,NA,NA,1.42,29.61,NA,NA,NA,NA,NA,NA,NA,NA,NA,NA,NA,0.00,NA,NA,NA
2025-12-30 15:00:00,86.84,218.32,5.04,35.52,22.99,NA,NA,1.21,32.74,NA,NA,NA,NA,NA,NA,NA,NA,NA,NA,NA,0.00,NA,NA,NA
2025-12-30 16:00:00,36.88,158.93,4.69,33.54,21.66,NA,NA,1.14,39.31,NA,NA,NA,NA,NA,NA,NA,NA,NA,NA,NA,0.00,NA,NA,NA
2025-12-30 17:00:00,67.50,145.88,4.64,31.35,20.44,NA,NA,1.20,26.45,NA,NA,NA,NA,NA,NA,NA,NA,NA,NA,NA,0.00,NA,NA,NA
2025-12-30 18:00:00,102.11,159.11,4.77,28.78,19.19,NA,NA,1.22,15.57,NA,NA,NA,NA,NA,NA,NA,NA,NA,NA,NA,0.00,NA,NA,NA
2025-12-30 19:00:00,198.33,281.20,5.12,29.39,19.79,NA,NA,1.40,11.60,NA,NA,NA,NA,NA,NA,NA,NA,NA,NA,NA,0.00,NA,NA,NA
2025-12-30 20:00:00,205.73,331.86,9.22,28.98,22.92,NA,NA,1.84,9.96,NA,NA,NA,NA,NA,NA,NA,NA,NA,NA,NA,0.00,NA,NA,NA
2025-12-30 21:00:00,269.38,389.28,15.40,28.89,27.89,NA,NA,2.28,8.00,NA,NA,NA,NA,NA,NA,NA,NA,NA,NA,NA,0.00,NA,NA,NA
2025-12-30 22:00:00,236.42,385.51,19.69,27.84,30.81,NA,NA,2.50,6.92,NA,NA,NA,NA,NA,NA,NA,NA,NA,NA,NA,0.00,NA,NA,NA
2025-12-30 23:00:00,246.72,361.67,24.24,23.02,31.95,NA,NA,2.69,7.32,NA,NA,NA,NA,NA,NA,NA,NA,NA,NA,NA,0.00,NA,NA,NA
2025-12-31 00:00:00,210.23,335.94,21.00,19.65,27.53,NA,NA,2.68,7.06,NA,NA,NA,NA,NA,NA,NA,NA,NA,NA,NA,0.00,NA,NA,NA
2025-12-31 01:00:00,183.05,320.18,22.40,15.97,26.70,NA,NA,2.75,8.89,NA,NA,NA,NA,NA,NA,NA,NA,NA,NA,NA,0.00,NA,NA,NA
2025-12-31 02:00:00,190.17,368.13,23.06,16.16,27.34,NA,NA,2.79,10.11,NA,NA,NA,NA,NA,NA,NA,NA,NA,NA,NA,0.00,NA,NA,NA
2025-12-31 03:00:00,173.00,250.22,20.34,21.28,27.86,NA,NA,2.86,9.20,NA,NA,NA,NA,NA,NA,NA,NA,NA,NA,NA,0.00,NA,NA,NA
2025-12-31 04:00:00,189.72,252.51,16.86,25.25,27.13,NA,NA,3.00,8.22,NA,NA,NA,NA,NA,NA,NA,NA,NA,NA,NA,0.00,NA,NA,NA
2025-12-31 05:00:00,179.52,234.61,12.94,25.93,24.31,NA,NA,2.77,8.43,NA,NA,NA,NA,NA,NA,NA,NA,NA,NA,NA,0.00,NA,NA,NA
2025-12-31 06:00:00,145.29,227.04,9.88,23.33,20.44,NA,NA,2.38,7.06,NA,NA,NA,NA,NA,NA,NA,NA,NA,NA,NA,0.00,NA,NA,NA
2025-12-31 07:00:00,107.19,207.20,7.28,22.19,17.73,NA,NA,2.07,5.92,NA,NA,NA,NA,NA,NA,NA,NA,NA,NA,NA,0.00,NA,NA,NA
2025-12-31 08:00:00,91.11,160.95,6.72,22.33,17.34,NA,NA,1.99,4.43,NA,NA,NA,NA,NA,NA,NA,NA,NA,NA,NA,0.00,NA,NA,NA
2025-12-31 09:00:00,106.54,118.86,6.48,21.12,16.51,NA,NA,1.94,6.23,NA,NA,NA,NA,NA,NA,NA,NA,NA,NA,NA,0.00,NA,NA,NA
2025-12-31 10:00:00,124.20,143.84,6.78,21.12,16.74,NA,NA,1.78,8.35,NA,NA,NA,NA,NA,NA,NA,NA,NA,NA,NA,0.00,NA,NA,NA
2025-12-31 11:00:00,156.66,243.64,7.46,22.93,18.27,NA,NA,1.88,8.16,NA,NA,NA,NA,NA,NA,NA,NA,NA,NA,NA,0.00,NA,NA,NA
2025-12-31 12:00:00,166.77,260.64,7.00,25.36,19.18,NA,NA,1.84,7.46,NA,NA,NA,NA,NA,NA,NA,NA,NA,NA,NA,0.00,NA,NA,NA
2025-12-31 13:00:00,161.12,237.85,6.16,27.25,19.49,NA,NA,1.77,6.02,NA,NA,NA,NA,NA,NA,NA,NA,NA,NA,NA,0.00,NA,NA,NA
2025-12-31 14:00:00,162.62,246.48,5.61,24.20,17.44,NA,NA,1.68,7.24,NA,NA,NA,NA,NA,NA,NA,NA,NA,NA,NA,0.00,NA,NA,NA
2025-12-31 15:00:00,162.64,273.40,5.37,29.46,20.04,NA,NA,1.63,7.65,NA,NA,NA,NA,NA,NA,NA,NA,NA,NA,NA,0.00,NA,NA,NA
2025-12-31 16:00:00,215.73,315.51,5.09,31.49,20.89,NA,NA,1.66,6.74,NA,NA,NA,NA,NA,NA,NA,NA,NA,NA,NA,0.00,NA,NA,NA
2025-12-31 17:00:00,222.10,318.40,4.88,28.04,18.88,NA,NA,1.69,9.58,NA,NA,NA,NA,NA,NA,NA,NA,NA,NA,NA,0.00,NA,NA,NA
2025-12-31 18:00:00,204.67,354.96,4.87,23.79,16.61,NA,NA,1.74,7.81,NA,NA,NA,NA,NA,NA,NA,NA,NA,NA,NA,0.00,NA,NA,NA
2025-12-31 19:00:00,196.99,381.42,4.94,22.92,16.21,NA,NA,1.83,8.18,NA,NA,NA,NA,NA,NA,NA,NA,NA,NA,NA,0.00,NA,NA,NA
2025-12-31 20:00:00,183.38,379.43,4.92,21.31,15.34,NA,NA,1.79,7.72,NA,NA,NA,NA,NA,NA,NA,NA,NA,NA,NA,0.00,NA,NA,NA
2025-12-31 21:00:00,209.22,358.29,4.95,20.99,15.19,NA,NA,1.76,8.58,NA,NA,NA,NA,NA,NA,NA,NA,NA,NA,NA,0.00,NA,NA,NA
2025-12-31 22:00:00,206.19,387.65,5.03,19.45,14.44,NA,NA,1.75,9.76,NA,NA,NA,NA,NA,NA,NA,NA,NA,NA,NA,0.00,NA,NA,NA
2025-12-31 23:00:00,202.35,401.60,5.00,19.97,14.69,NA,NA,1.88,9.12,NA,NA,NA,NA,NA,NA,NA,NA,NA,NA,NA,0.00,NA,NA,NA
